<?xml version="1.0" encoding="UTF-8" ?>
<ClinicalNarrativeTemporalAnnotation>
<TEXT><![CDATA[
Admission Date :
2013-11-11
Discharge Date :
2013-11-13
Service :
CMED
History of Present Illness :
Patient is a 75 year old right handed male with past medical history of coronary artery disease s/p NQWMI 02-25 , s/p LAD angioplasty and stent 05-26 , dementia , hyperlipidemia , aortic stenosis , atrial fibrillation on coumadin who presented from his CMED CSRU doctor 's office wtih acute onset left sided weakness and dysarthria .
Patient was in his usual state of health until around 12:15 on day of admission .
Was at this doctor 's office and complained of severe headache .
Thereafter , wife noted development of left sided weakness , facial droop , slurring of speech .
Sent to Hahnemann General Hospital for evaluation emergently .
Tom course :
Arrived at Hahnemann General Hospital at 12:30 .
Finger stick blood glucose 120 .
Rest of vitals BP 112/70 , HR 60 .
Blood pressure up to 230 s systolic .
Seen emergently by stroke team .
Initial NIH stroke scale of 33 .
Head CT showed large right intracerebral hemorrhage .
Intubated for airway protection at 13:35 after Fentanyl , Etomidate , Vecuronium and Succhinylcholine given .
Started on Labetalol and then Nipride drip for BP control ; discontinued as goal BP in 130-160 s.
Received 10 mg SC Vitamin K and 2 units FFP while in Gary .
Pupils noted to be fixed and dilated at 14:10 .
Loaded with Dilantin and 50 grams Mannitol .
Transferred to intensive care unit .
Brief Hospital Course :
Patient was a 75 year old right handed male with past medical history of atrial fibrillation on coumadin , coronary artery disease , hyperlipidemia , dementia with sudden onset left sided weakness , dysarthria .
Head CT demonstrated a large right intracerebral hemorrhage , centered around basal ganglia and putamen .
We felt this was likely secondary to hypertension .
While still in the emergency department , he had rapid decompensation necessitating intubation for airway protection .
Examination post intubation but off intubations showed clinical evidence of elevated intracranial pressure and brainstem compression .
The overall prognosis was guarded .
He was admitted to the Neurology / Neurosurgery ICU .
He was loaded with Mannitol and Dilantin in the emergency room .
He was evaluated by the Neurosurgery service and they did not feel a surgical intervention or ventriculary drain was warranted .
After arrival in the ICU , patient was followed with neuro checks every 1 hour .
Sedation was held to allow for frequent exams .
Head of bed was kept at 30 degrees .
Labetalol continuous infusion was titrated for systolic blood pressure of 130-160 .
Mannitol and Dilantin were continued .
After lengthy discussion , the patient 's wife opted to make him DNR on afternoon of 2013-11-11 .
Overnight , fresh frozen plasma was given for goal INR of < 1.4 .
On serial exams by neurology and ICU attendings in the morning on 2013-11-12 , patient had no clinical signs of brainstem activity .
Namely , he was unresponsive .
Pupils were fixed and dilated .
No corneal , gag , oculocephalic , and oculovestibular reflexes were elicited .
He was not overbreathing his ventilator .
At this point , patient was felt to have clinical signs consistent with brain death .
Plans were made to proceed with apnea testing .
However , after discussion with patient 's wife , this was postponed with test planned on 2013-11-13 .
Full medical care and managment continued overnight 11/9-11/20/2002 .
At approximately 06:00 on 2013-11-13 , the patient became bradycardic .
He lapsed first into a junctional rhythm and then had very infrequent ventricular escape beats on telemetry .
Finally , he went asystolic .
He was not resuscitated as per previous conversations with his wife .
Ronald was pronounced dead at 06:59 am .
The patient 's wife was notified .
The attending was notified as well .
]]></TEXT>
<TAGS>
<EVENT id="E1" start="1" end="10" text="Admission" modality="FACTUAL" polarity="POS" type="OCCURRENCE" />
<EVENT id="E2" start="29" end="38" text="Discharge" modality="FACTUAL" polarity="POS" type="OCCURRENCE" />
<EVENT id="E3" start="173" end="196" text="coronary artery disease" modality="FACTUAL" polarity="POS" type="PROBLEM" />
<EVENT id="E4" start="201" end="206" text="NQWMI" modality="FACTUAL" polarity="POS" type="PROBLEM" />
<EVENT id="E5" start="219" end="234" text="LAD angioplasty" modality="FACTUAL" polarity="POS" type="TREATMENT" />
<EVENT id="E6" start="239" end="244" text="stent" modality="FACTUAL" polarity="POS" type="TREATMENT" />
<EVENT id="E7" start="253" end="261" text="dementia" modality="FACTUAL" polarity="POS" type="PROBLEM" />
<EVENT id="E8" start="264" end="278" text="hyperlipidemia" modality="FACTUAL" polarity="POS" type="PROBLEM" />
<EVENT id="E9" start="281" end="296" text="aortic stenosis" modality="FACTUAL" polarity="POS" type="PROBLEM" />
<EVENT id="E10" start="299" end="318" text="atrial fibrillation" modality="FACTUAL" polarity="POS" type="PROBLEM" />
<EVENT id="E11" start="322" end="330" text="coumadin" modality="FACTUAL" polarity="POS" type="TREATMENT" />
<EVENT id="E12" start="335" end="344" text="presented" modality="FACTUAL" polarity="POS" type="OCCURRENCE" />
<EVENT id="E13" start="350" end="417" text="his CMED CSRU doctor 's office wtih acute onset left sided weakness" modality="FACTUAL" polarity="POS" type="PROBLEM" />
<EVENT id="E14" start="422" end="432" text="dysarthria" modality="FACTUAL" polarity="POS" type="PROBLEM" />
<EVENT id="E15" start="450" end="475" text="his usual state of health" modality="FACTUAL" polarity="POS" type="OCCURRENCE" />
<EVENT id="E16" start="505" end="514" text="admission" modality="FACTUAL" polarity="POS" type="OCCURRENCE" />
<EVENT id="E17" start="524" end="545" text="this doctor 's office" modality="FACTUAL" polarity="POS" type="CLINICAL_DEPT" />
<EVENT id="E18" start="550" end="560" text="complained" modality="FACTUAL" polarity="POS" type="EVIDENTIAL" />
<EVENT id="E19" start="564" end="579" text="severe headache" modality="FACTUAL" polarity="POS" type="PROBLEM" />
<EVENT id="E20" start="621" end="640" text="left sided weakness" modality="FACTUAL" polarity="POS" type="PROBLEM" />
<EVENT id="E21" start="643" end="655" text="facial droop" modality="FACTUAL" polarity="POS" type="PROBLEM" />
<EVENT id="E22" start="658" end="666" text="slurring" modality="FACTUAL" polarity="POS" type="EVIDENTIAL" />
<EVENT id="E23" start="687" end="713" text="Hahnemann General Hospital" modality="FACTUAL" polarity="POS" type="CLINICAL_DEPT" />
<EVENT id="E24" start="718" end="728" text="evaluation" modality="FACTUAL" polarity="POS" type="TEST" />
<EVENT id="E25" start="766" end="792" text="Hahnemann General Hospital" modality="FACTUAL" polarity="POS" type="CLINICAL_DEPT" />
<EVENT id="E26" start="804" end="830" text="Finger stick blood glucose" modality="FACTUAL" polarity="POS" type="TEST" />
<EVENT id="E27" start="845" end="854" text="vitals BP" modality="FACTUAL" polarity="POS" type="TEST" />
<EVENT id="E28" start="864" end="866" text="HR" modality="FACTUAL" polarity="POS" type="TEST" />
<EVENT id="E29" start="872" end="886" text="Blood pressure" modality="FACTUAL" polarity="POS" type="TEST" />
<EVENT id="E30" start="943" end="967" text="Initial NIH stroke scale" modality="FACTUAL" polarity="POS" type="TEST" />
<EVENT id="E31" start="976" end="983" text="Head CT" modality="FACTUAL" polarity="POS" type="TEST" />
<EVENT id="E32" start="984" end="990" text="showed" modality="FACTUAL" polarity="POS" type="EVIDENTIAL" />
<EVENT id="E33" start="991" end="1027" text="large right intracerebral hemorrhage" modality="FACTUAL" polarity="POS" type="PROBLEM" />
<EVENT id="E34" start="1030" end="1039" text="Intubated" modality="FACTUAL" polarity="POS" type="TREATMENT" />
<EVENT id="E35" start="1044" end="1061" text="airway protection" modality="FACTUAL" polarity="POS" type="TREATMENT" />
<EVENT id="E36" start="1077" end="1085" text="Fentanyl" modality="FACTUAL" polarity="POS" type="TREATMENT" />
<EVENT id="E37" start="1088" end="1097" text="Etomidate" modality="FACTUAL" polarity="POS" type="TREATMENT" />
<EVENT id="E38" start="1100" end="1110" text="Vecuronium" modality="FACTUAL" polarity="POS" type="TREATMENT" />
<EVENT id="E39" start="1151" end="1160" text="Labetalol" modality="FACTUAL" polarity="POS" type="TREATMENT" />
<EVENT id="E40" start="1170" end="1182" text="Nipride drip" modality="FACTUAL" polarity="POS" type="TREATMENT" />
<EVENT id="E41" start="1187" end="1197" text="BP control" modality="FACTUAL" polarity="POS" type="TREATMENT" />
<EVENT id="E42" start="1221" end="1223" text="BP" modality="FACTUAL" polarity="POS" type="TEST" />
<EVENT id="E43" start="1253" end="1265" text="SC Vitamin K" modality="FACTUAL" polarity="POS" type="TREATMENT" />
<EVENT id="E44" start="1270" end="1281" text="2 units FFP" modality="FACTUAL" polarity="POS" type="TREATMENT" />
<EVENT id="E45" start="1317" end="1322" text="fixed" modality="FACTUAL" polarity="POS" type="PROBLEM" />
<EVENT id="E46" start="1327" end="1334" text="dilated" modality="FACTUAL" polarity="POS" type="PROBLEM" />
<EVENT id="E47" start="1358" end="1366" text="Dilantin" modality="FACTUAL" polarity="POS" type="TREATMENT" />
<EVENT id="E48" start="1380" end="1388" text="Mannitol" modality="FACTUAL" polarity="POS" type="TREATMENT" />
<EVENT id="E49" start="1391" end="1402" text="Transferred" modality="FACTUAL" polarity="POS" type="OCCURRENCE" />
<EVENT id="E50" start="1406" end="1425" text="intensive care unit" modality="FACTUAL" polarity="POS" type="CLINICAL_DEPT" />
<EVENT id="E51" start="1525" end="1544" text="atrial fibrillation" modality="FACTUAL" polarity="POS" type="PROBLEM" />
<EVENT id="E52" start="1548" end="1556" text="coumadin" modality="FACTUAL" polarity="POS" type="TREATMENT" />
<EVENT id="E53" start="1559" end="1582" text="coronary artery disease" modality="FACTUAL" polarity="POS" type="PROBLEM" />
<EVENT id="E54" start="1585" end="1599" text="hyperlipidemia" modality="FACTUAL" polarity="POS" type="PROBLEM" />
<EVENT id="E55" start="1602" end="1610" text="dementia" modality="FACTUAL" polarity="POS" type="PROBLEM" />
<EVENT id="E56" start="1629" end="1648" text="left sided weakness" modality="FACTUAL" polarity="POS" type="PROBLEM" />
<EVENT id="E57" start="1651" end="1661" text="dysarthria" modality="FACTUAL" polarity="POS" type="PROBLEM" />
<EVENT id="E58" start="1664" end="1671" text="Head CT" modality="FACTUAL" polarity="POS" type="TEST" />
<EVENT id="E59" start="1672" end="1684" text="demonstrated" modality="FACTUAL" polarity="POS" type="EVIDENTIAL" />
<EVENT id="E60" start="1685" end="1723" text="a large right intracerebral hemorrhage" modality="FACTUAL" polarity="POS" type="PROBLEM" />
<EVENT id="E61" start="1726" end="1767" text="centered around basal ganglia and putamen" modality="FACTUAL" polarity="POS" type="PROBLEM" />
<EVENT id="E62" start="1807" end="1819" text="hypertension" modality="FACTUAL" polarity="POS" type="PROBLEM" />
<EVENT id="E63" start="1837" end="1861" text="the emergency department" modality="FACTUAL" polarity="POS" type="CLINICAL_DEPT" />
<EVENT id="E64" start="1871" end="1891" text="rapid decompensation" modality="FACTUAL" polarity="POS" type="PROBLEM" />
<EVENT id="E65" start="1906" end="1916" text="intubation" modality="FACTUAL" polarity="POS" type="TREATMENT" />
<EVENT id="E66" start="1921" end="1938" text="airway protection" modality="FACTUAL" polarity="POS" type="TREATMENT" />
<EVENT id="E67" start="1941" end="1952" text="Examination" modality="FACTUAL" polarity="POS" type="TEST" />
<EVENT id="E68" start="1958" end="1968" text="intubation" modality="FACTUAL" polarity="POS" type="TREATMENT" />
<EVENT id="E69" start="1977" end="1988" text="intubations" modality="FACTUAL" polarity="POS" type="TREATMENT" />
<EVENT id="E70" start="1989" end="1995" text="showed" modality="FACTUAL" polarity="POS" type="EVIDENTIAL" />
<EVENT id="E71" start="2017" end="2047" text="elevated intracranial pressure" modality="FACTUAL" polarity="POS" type="PROBLEM" />
<EVENT id="E72" start="2052" end="2073" text="brainstem compression" modality="FACTUAL" polarity="POS" type="PROBLEM" />
<EVENT id="E73" start="2119" end="2127" text="admitted" modality="FACTUAL" polarity="POS" type="OCCURRENCE" />
<EVENT id="E74" start="2131" end="2144" text="the Neurology" modality="FACTUAL" polarity="POS" type="CLINICAL_DEPT" />
<EVENT id="E75" start="2147" end="2163" text="Neurosurgery ICU" modality="FACTUAL" polarity="POS" type="CLINICAL_DEPT" />
<EVENT id="E76" start="2185" end="2193" text="Mannitol" modality="FACTUAL" polarity="POS" type="TREATMENT" />
<EVENT id="E77" start="2198" end="2206" text="Dilantin" modality="FACTUAL" polarity="POS" type="TREATMENT" />
<EVENT id="E78" start="2210" end="2228" text="the emergency room" modality="FACTUAL" polarity="POS" type="CLINICAL_DEPT" />
<EVENT id="E79" start="2238" end="2247" text="evaluated" modality="FACTUAL" polarity="POS" type="TEST" />
<EVENT id="E80" start="2298" end="2321" text="a surgical intervention" modality="FACTUAL" polarity="NEG" type="TREATMENT" />
<EVENT id="E81" start="2325" end="2343" text="ventriculary drain" modality="FACTUAL" polarity="NEG" type="TREATMENT" />
<EVENT id="E82" start="2366" end="2373" text="arrival" modality="FACTUAL" polarity="POS" type="OCCURRENCE" />
<EVENT id="E83" start="2377" end="2384" text="the ICU" modality="FACTUAL" polarity="POS" type="CLINICAL_DEPT" />
<EVENT id="E84" start="2413" end="2425" text="neuro checks" modality="FACTUAL" polarity="POS" type="TEST" />
<EVENT id="E85" start="2441" end="2449" text="Sedation" modality="FACTUAL" polarity="POS" type="TREATMENT" />
<EVENT id="E86" start="2472" end="2486" text="frequent exams" modality="FACTUAL" polarity="POS" type="TREATMENT" />
<EVENT id="E87" start="2489" end="2500" text="Head of bed" modality="FACTUAL" polarity="POS" type="OCCURRENCE" />
<EVENT id="E88" start="2526" end="2555" text="Labetalol continuous infusion" modality="FACTUAL" polarity="POS" type="TREATMENT" />
<EVENT id="E89" start="2573" end="2596" text="systolic blood pressure" modality="FACTUAL" polarity="POS" type="TEST" />
<EVENT id="E90" start="2610" end="2618" text="Mannitol" modality="FACTUAL" polarity="POS" type="TREATMENT" />
<EVENT id="E91" start="2623" end="2631" text="Dilantin" modality="FACTUAL" polarity="POS" type="TREATMENT" />
<EVENT id="E92" start="2714" end="2717" text="DNR" modality="FACTUAL" polarity="POS" type="TREATMENT" />
<EVENT id="E93" start="2759" end="2778" text="fresh frozen plasma" modality="FACTUAL" polarity="POS" type="TREATMENT" />
<EVENT id="E94" start="2793" end="2801" text="goal INR" modality="FACTUAL" polarity="POS" type="TEST" />
<EVENT id="E95" start="2816" end="2828" text="serial exams" modality="FACTUAL" polarity="POS" type="TEST" />
<EVENT id="E96" start="2832" end="2841" text="neurology" modality="FACTUAL" polarity="POS" type="CLINICAL_DEPT" />
<EVENT id="E97" start="2846" end="2860" text="ICU attendings" modality="FACTUAL" polarity="POS" type="CLINICAL_DEPT" />
<EVENT id="E98" start="2907" end="2943" text="clinical signs of brainstem activity" modality="FACTUAL" polarity="NEG" type="PROBLEM" />
<EVENT id="E99" start="2962" end="2974" text="unresponsive" modality="FACTUAL" polarity="POS" type="PROBLEM" />
<EVENT id="E100" start="2989" end="2994" text="fixed" modality="FACTUAL" polarity="POS" type="PROBLEM" />
<EVENT id="E101" start="2999" end="3006" text="dilated" modality="FACTUAL" polarity="POS" type="PROBLEM" />
<EVENT id="E102" start="3012" end="3019" text="corneal" modality="FACTUAL" polarity="NEG" type="TEST" />
<EVENT id="E103" start="3028" end="3041" text="oculocephalic" modality="FACTUAL" polarity="NEG" type="TEST" />
<EVENT id="E104" start="3048" end="3072" text="oculovestibular reflexes" modality="FACTUAL" polarity="NEG" type="TEST" />
<EVENT id="E105" start="3100" end="3113" text="overbreathing" modality="FACTUAL" polarity="NEG" type="PROBLEM" />
<EVENT id="E106" start="3114" end="3128" text="his ventilator" modality="FACTUAL" polarity="NEG" type="TREATMENT" />
<EVENT id="E107" start="3172" end="3186" text="clinical signs" modality="FACTUAL" polarity="POS" type="TEST" />
<EVENT id="E108" start="3203" end="3214" text="brain death" modality="FACTUAL" polarity="POS" type="PROBLEM" />
<EVENT id="E109" start="3249" end="3262" text="apnea testing" modality="FACTUAL" polarity="POS" type="TEST" />
<EVENT id="E110" start="3368" end="3385" text="Full medical care" modality="FACTUAL" polarity="POS" type="TREATMENT" />
<EVENT id="E111" start="3390" end="3399" text="managment" modality="FACTUAL" polarity="POS" type="TREATMENT" />
<EVENT id="E112" start="3496" end="3507" text="bradycardic" modality="FACTUAL" polarity="POS" type="PROBLEM" />
<EVENT id="E113" start="3531" end="3550" text="a junctional rhythm" modality="FACTUAL" polarity="POS" type="PROBLEM" />
<EVENT id="E114" start="3564" end="3598" text="very infrequent ventricular escape" modality="FACTUAL" polarity="POS" type="PROBLEM" />
<EVENT id="E115" start="3608" end="3617" text="telemetry" modality="FACTUAL" polarity="POS" type="TEST" />
<EVENT id="E116" start="3633" end="3647" text="went asystolic" modality="FACTUAL" polarity="POS" type="PROBLEM" />
<EVENT id="E117" start="3661" end="3673" text="resuscitated" modality="FACTUAL" polarity="NEG" type="TEST" />
<EVENT id="E118" start="3742" end="3746" text="dead" modality="FACTUAL" polarity="POS" type="OCCURRENCE" />
<TIMEX3 id="T1" start="18" end="28" text="2013-11-11" type="DATE" val="2013-11-11" mod="NA" />
<TIMEX3 id="T2" start="46" end="56" text="2013-11-13" type="DATE" val="2013-11-13" mod="NA" />
<TIMEX3 id="T3" start="207" end="212" text="02-25" type="DATE" val="2013-02-25" mod="NA" />
<TIMEX3 id="T4" start="245" end="250" text="05-26" type="DATE" val="2013-05-26" mod="NA" />
<TIMEX3 id="T5" start="489" end="501" text="12:15 on day" type="TIME" val="P1DT12:15" mod="NA" />
<TIMEX3 id="T6" start="796" end="801" text="12:30" type="TIME" val="T12:30" mod="NA" />
<TIMEX3 id="T7" start="1338" end="1343" text="14:10" type="TIME" val="T14:10" mod="NA" />
<TIMEX3 id="T8" start="2426" end="2438" text="every 1 hour" type="FREQUENCY" val="RPT1H" mod="NA" />
<TIMEX3 id="T9" start="2734" end="2744" text="2013-11-11" type="DATE" val="2013-11-11" mod="NA" />
<TIMEX3 id="T10" start="2747" end="2756" text="Overnight" type="DURATION" val="PT12H" mod="APPROX" />
<TIMEX3 id="T11" start="2879" end="2889" text="2013-11-12" type="DATE" val="2013-11-12" mod="NA" />
<TIMEX3 id="T12" start="3355" end="3365" text="2013-11-13" type="DATE" val="2013-11-13" mod="NA" />
<TIMEX3 id="T13" start="3420" end="3435" text="11/9-11/20/2002" type="DATE" val="2013-11-11" mod="NA" />
<TIMEX3 id="T14" start="3455" end="3460" text="06:00" type="TIME" val="T06:00" mod="NA" />
<TIMEX3 id="T15" start="3464" end="3474" text="2013-11-13" type="DATE" val="2013-11-13" mod="NA" />
<TIMEX3 id="T16" start="3750" end="3758" text="06:59 am" type="TIME" val="2013-11-13T06:59" mod="NA" />
<SECTIME id="S0" start="18" end="28" text="2013-11-11" type="ADMISSION" dvalue="2013-11-11" />
<SECTIME id="S1" start="46" end="56" text="2013-11-13" type="DISCHARGE" dvalue="2013-11-13" />
</TAGS>
</ClinicalNarrativeTemporalAnnotation>

