<?xml version="1.0" encoding="UTF-8" ?>
<ClinicalNarrativeTemporalAnnotation>
<TEXT><![CDATA[
Admission Date :
2015-06-04
Discharge Date :
2015-06-08
Service :
CCU
HISTORY OF THE PRESENT ILLNESS :
The patient is a 57 - year-old female with a history of hypertension and hypercholesterolemia but no prior coronary artery disease history who presented with chest pain .
The patient reports the pain began at 4:00 p.m. on the day of admission .
She reports that it had essentially started earlier in the day with some GERD-like symptoms .
She had taken Maalox but had no relief with this .
The pain was intermittent through the day and then at 4:00 p.m. increased and was also associated with nausea and diaphoresis .
She reports that the pain shot through her back .
The patient has never had these symptoms in the past .
She arrived in the Emergency Room at 8:00 p.m.
At that time , the pain was unremitting .
In the Emergency Room , the patient was given Lopressor , nitroglycerin , and aspirin .
A TP3A inhibitor was not given for concern for dissection .
The patient was found to have 5057 E. Sixth Blvd. elevations in I , aVL , and V1 through V2 and ST depressions in II , III , and aVF .
The patient was taken emergently to the Cardiac Catheterization Laboratory .
HOSPITAL COURSE :
1. CORONARY ARTERY DISEASE : The patient was taken to Cardiac Catheterization where she was found to have two vessel disease .
The proximal LAD was found to have a 90% lesion with a septal branch with a 95% stenosis and a diagonal branch with 99% stenosis .
The patient had twin LAD stents to the LAD diagonal and LAD septal branches with Taxus stents .
This restored flow appropriately .
The patient also had proximal RCA lesion of 80% and a mid RCA lesion of 80-90% which were not intervened upon .
The patient was given an aspirin and Plavix and in addition started on a beta Elmore , Maxine ACE inhibitor , and these were titrated up as her blood pressure tolerated .
Given the fact that the patient had issues with muscle cramping with Atorvastatin in the past , she was started on Pravastatin which should give less of these side effects .
The patient will follow-up with Cardiology in one months time for further management of her coronary artery disease and further evaluation of her remaining RCA lesions .
2. PUMP : The patient had an echocardiogram to assess her LV function .
She was found to have an ejection fraction of 30-35% as well as an akinetic apex and apical mid and septal akinesis .
Given the fact that the patient had significant apical akinesis , she was started on heparin with a transition to Coumadin for anticoagulation for stroke prevention in the setting of apical akinesis .
On discharge , the patient was given Lovenox injections which should be continued until the patient reaches a therapeutic dose of Coumadin .
3. RHYTHM : The patient was monitored on telemetry throughout her hospitalization with no significant events .
The patient had an EP evaluation and will be followed-up by Dr. Welch .
14-087 , the patient had a signal-averaged EKG .
She will follow-up with Dr. Welch with an echocardiogram on 2015-07-24 in a meeting to discuss risk stratification for sudden cardiac death and possible ICD placement .
4. NEUROLOGY : The patient complained of left lower extremity weakness with ambulation two days after her cardiac catheterization .
The patient had no evidence for weakness on examination with good proximal and distal strength in the lower extremities as well as intact sensation .
The patient worked with Physical Therapy and was able to ambulate without difficulty .
She was also able to ascend stairs without difficulty .
The patient was already on an aspirin and Plavix should this represent a small stroke .
However , there was no evidence for neurologic deficit on examination and this will be followed-up by her primary care physician .
5. HEMATOLOGY : The patient was discharged on Coumadin for apical akinesis and stroke risk .
This will be further monitored by her primary care physician , Dr. Banks , who will adjust her Coumadin dose .
]]></TEXT>
<TAGS>
<EVENT id="E1" start="1" end="10" text="Admission" modality="FACTUAL" polarity="POS" type="OCCURRENCE" />
<EVENT id="E2" start="29" end="38" text="Discharge" modality="FACTUAL" polarity="POS" type="OCCURRENCE" />
<EVENT id="E3" start="160" end="172" text="hypertension" modality="FACTUAL" polarity="POS" type="PROBLEM" />
<EVENT id="E4" start="177" end="197" text="hypercholesterolemia" modality="FACTUAL" polarity="POS" type="PROBLEM" />
<EVENT id="E5" start="205" end="242" text="prior coronary artery disease history" modality="FACTUAL" polarity="NEG" type="PROBLEM" />
<EVENT id="E6" start="247" end="256" text="presented" modality="FACTUAL" polarity="POS" type="OCCURRENCE" />
<EVENT id="E7" start="262" end="272" text="chest pain" modality="FACTUAL" polarity="POS" type="PROBLEM" />
<EVENT id="E8" start="287" end="294" text="reports" modality="FACTUAL" polarity="POS" type="EVIDENTIAL" />
<EVENT id="E9" start="295" end="303" text="the pain" modality="FACTUAL" polarity="POS" type="PROBLEM" />
<EVENT id="E10" start="337" end="346" text="admission" modality="FACTUAL" polarity="POS" type="OCCURRENCE" />
<EVENT id="E11" start="353" end="360" text="reports" modality="FACTUAL" polarity="POS" type="EVIDENTIAL" />
<EVENT id="E12" start="417" end="440" text="some GERD-like symptoms" modality="FACTUAL" polarity="POS" type="PROBLEM" />
<EVENT id="E13" start="457" end="463" text="Maalox" modality="FACTUAL" polarity="POS" type="TREATMENT" />
<EVENT id="E14" start="475" end="481" text="relief" modality="FACTUAL" polarity="NEG" type="OCCURRENCE" />
<EVENT id="E15" start="494" end="502" text="The pain" modality="FACTUAL" polarity="POS" type="PROBLEM" />
<EVENT id="E16" start="597" end="603" text="nausea" modality="FACTUAL" polarity="POS" type="PROBLEM" />
<EVENT id="E17" start="608" end="619" text="diaphoresis" modality="FACTUAL" polarity="POS" type="PROBLEM" />
<EVENT id="E18" start="626" end="633" text="reports" modality="FACTUAL" polarity="POS" type="EVIDENTIAL" />
<EVENT id="E19" start="639" end="652" text="the pain" modality="FACTUAL" polarity="POS" type="PROBLEM" />
<EVENT id="E20" start="698" end="712" text="these symptoms" modality="FACTUAL" polarity="NEG" type="PROBLEM" />
<EVENT id="E21" start="731" end="738" text="arrived" modality="FACTUAL" polarity="POS" type="OCCURRENCE" />
<EVENT id="E22" start="742" end="760" text="the Emergency Room" modality="FACTUAL" polarity="POS" type="CLINICAL_DEPT" />
<EVENT id="E23" start="789" end="797" text="the pain" modality="FACTUAL" polarity="POS" type="PROBLEM" />
<EVENT id="E24" start="819" end="837" text="the Emergency Room" modality="FACTUAL" polarity="POS" type="CLINICAL_DEPT" />
<EVENT id="E25" start="862" end="871" text="Lopressor" modality="FACTUAL" polarity="POS" type="TREATMENT" />
<EVENT id="E26" start="874" end="887" text="nitroglycerin" modality="FACTUAL" polarity="POS" type="TREATMENT" />
<EVENT id="E27" start="894" end="901" text="aspirin" modality="FACTUAL" polarity="POS" type="TREATMENT" />
<EVENT id="E28" start="904" end="920" text="A TP3A inhibitor" modality="FACTUAL" polarity="POS" type="TREATMENT" />
<EVENT id="E29" start="951" end="961" text="dissection" modality="FACTUAL" polarity="POS" type="PROBLEM" />
<EVENT id="E30" start="980" end="985" text="found" modality="FACTUAL" polarity="POS" type="EVIDENTIAL" />
<EVENT id="E31" start="1014" end="1059" text="elevations in I , aVL , and V1 through V2" modality="FACTUAL" polarity="POS" type="PROBLEM" />
<EVENT id="E32" start="1060" end="1096" text="ST depressions in II , III , and aVF" modality="FACTUAL" polarity="POS" type="PROBLEM" />
<EVENT id="E33" start="1115" end="1120" text="taken" modality="FACTUAL" polarity="POS" type="OCCURRENCE" />
<EVENT id="E34" start="1135" end="1173" text="the Cardiac Catheterization Laboratory" modality="FACTUAL" polarity="POS" type="CLINICAL_DEPT" />
<EVENT id="E35" start="1197" end="1220" text="CORONARY ARTERY DISEASE" modality="FACTUAL" polarity="POS" type="PROBLEM" />
<EVENT id="E36" start="1248" end="1271" text="Cardiac Catheterization" modality="FACTUAL" polarity="POS" type="TEST" />
<EVENT id="E37" start="1286" end="1291" text="found" modality="FACTUAL" polarity="POS" type="EVIDENTIAL" />
<EVENT id="E38" start="1300" end="1318" text="two vessel disease" modality="FACTUAL" polarity="POS" type="PROBLEM" />
<EVENT id="E39" start="1356" end="1368" text="a 90% lesion" modality="FACTUAL" polarity="POS" type="PROBLEM" />
<EVENT id="E40" start="1395" end="1409" text="a 95% stenosis" modality="FACTUAL" polarity="POS" type="PROBLEM" />
<EVENT id="E41" start="1437" end="1449" text="99% stenosis" modality="FACTUAL" polarity="POS" type="PROBLEM" />
<EVENT id="E42" start="1468" end="1483" text="twin LAD stents" modality="FACTUAL" polarity="POS" type="TREATMENT" />
<EVENT id="E43" start="1533" end="1545" text="Taxus stents" modality="FACTUAL" polarity="POS" type="TREATMENT" />
<EVENT id="E44" start="1604" end="1630" text="proximal RCA lesion of 80%" modality="FACTUAL" polarity="POS" type="PROBLEM" />
<EVENT id="E45" start="1635" end="1661" text="a mid RCA lesion of 80-90%" modality="FACTUAL" polarity="POS" type="PROBLEM" />
<EVENT id="E46" start="1717" end="1727" text="an aspirin" modality="FACTUAL" polarity="POS" type="TREATMENT" />
<EVENT id="E47" start="1732" end="1738" text="Plavix" modality="FACTUAL" polarity="POS" type="TREATMENT" />
<EVENT id="E48" start="1766" end="1779" text="a beta Elmore" modality="FACTUAL" polarity="POS" type="TREATMENT" />
<EVENT id="E49" start="1782" end="1802" text="Maxine ACE inhibitor" modality="FACTUAL" polarity="POS" type="TREATMENT" />
<EVENT id="E50" start="1835" end="1863" text="her blood pressure" modality="FACTUAL" polarity="POS" type="TEST" />
<EVENT id="E51" start="1914" end="1929" text="muscle cramping" modality="FACTUAL" polarity="POS" type="PROBLEM" />
<EVENT id="E52" start="1935" end="1947" text="Atorvastatin" modality="FACTUAL" polarity="POS" type="TREATMENT" />
<EVENT id="E53" start="1981" end="1992" text="Pravastatin" modality="FACTUAL" polarity="POS" type="TREATMENT" />
<EVENT id="E54" start="2019" end="2037" text="these side effects" modality="FACTUAL" polarity="POS" type="PROBLEM" />
<EVENT id="E55" start="2057" end="2066" text="follow-up" modality="FACTUAL" polarity="POS" type="OCCURRENCE" />
<EVENT id="E56" start="2106" end="2124" text="further management" modality="FACTUAL" polarity="POS" type="TREATMENT" />
<EVENT id="E57" start="2128" end="2155" text="her coronary artery disease" modality="FACTUAL" polarity="POS" type="PROBLEM" />
<EVENT id="E58" start="2160" end="2178" text="further evaluation" modality="FACTUAL" polarity="POS" type="TEST" />
<EVENT id="E59" start="2182" end="2207" text="her remaining RCA lesions" modality="FACTUAL" polarity="POS" type="PROBLEM" />
<EVENT id="E60" start="2236" end="2253" text="an echocardiogram" modality="FACTUAL" polarity="POS" type="TEST" />
<EVENT id="E61" start="2257" end="2279" text="assess her LV function" modality="FACTUAL" polarity="POS" type="OCCURRENCE" />
<EVENT id="E62" start="2304" end="2324" text="an ejection fraction" modality="FACTUAL" polarity="POS" type="TEST" />
<EVENT id="E63" start="2346" end="2362" text="an akinetic apex" modality="FACTUAL" polarity="POS" type="PROBLEM" />
<EVENT id="E64" start="2367" end="2397" text="apical mid and septal akinesis" modality="FACTUAL" polarity="POS" type="PROBLEM" />
<EVENT id="E65" start="2436" end="2463" text="significant apical akinesis" modality="FACTUAL" polarity="POS" type="PROBLEM" />
<EVENT id="E66" start="2485" end="2492" text="heparin" modality="FACTUAL" polarity="POS" type="TREATMENT" />
<EVENT id="E67" start="2514" end="2522" text="Coumadin" modality="FACTUAL" polarity="POS" type="TREATMENT" />
<EVENT id="E68" start="2527" end="2542" text="anticoagulation" modality="FACTUAL" polarity="POS" type="TREATMENT" />
<EVENT id="E69" start="2547" end="2564" text="stroke prevention" modality="FACTUAL" polarity="POS" type="TREATMENT" />
<EVENT id="E70" start="2583" end="2598" text="apical akinesis" modality="FACTUAL" polarity="POS" type="PROBLEM" />
<EVENT id="E71" start="2638" end="2656" text="Lovenox injections" modality="FACTUAL" polarity="POS" type="TREATMENT" />
<EVENT id="E72" start="2701" end="2708" text="reaches" modality="FACTUAL" polarity="POS" type="EVIDENTIAL" />
<EVENT id="E73" start="2731" end="2739" text="Coumadin" modality="FACTUAL" polarity="POS" type="TREATMENT" />
<EVENT id="E74" start="2783" end="2792" text="telemetry" modality="FACTUAL" polarity="POS" type="TEST" />
<EVENT id="E75" start="2804" end="2823" text="her hospitalization" modality="FACTUAL" polarity="POS" type="OCCURRENCE" />
<EVENT id="E76" start="2832" end="2850" text="significant events" modality="FACTUAL" polarity="NEG" type="PROBLEM" />
<EVENT id="E77" start="2869" end="2885" text="an EP evaluation" modality="FACTUAL" polarity="POS" type="TEST" />
<EVENT id="E78" start="2950" end="2971" text="a signal-averaged EKG" modality="FACTUAL" polarity="POS" type="TEST" />
<EVENT id="E79" start="2983" end="2992" text="follow-up" modality="FACTUAL" polarity="POS" type="OCCURRENCE" />
<EVENT id="E80" start="3013" end="3030" text="an echocardiogram" modality="FACTUAL" polarity="POS" type="TEST" />
<EVENT id="E81" start="3093" end="3113" text="sudden cardiac death" modality="FACTUAL" polarity="POS" type="PROBLEM" />
<EVENT id="E82" start="3127" end="3140" text="ICD placement" modality="FACTUAL" polarity="POS" type="TREATMENT" />
<EVENT id="E83" start="3170" end="3180" text="complained" modality="FACTUAL" polarity="POS" type="EVIDENTIAL" />
<EVENT id="E84" start="3184" end="3213" text="left lower extremity weakness" modality="FACTUAL" polarity="POS" type="PROBLEM" />
<EVENT id="E85" start="3219" end="3229" text="ambulation" modality="FACTUAL" polarity="POS" type="OCCURRENCE" />
<EVENT id="E86" start="3245" end="3272" text="her cardiac catheterization" modality="FACTUAL" polarity="POS" type="TEST" />
<EVENT id="E87" start="3307" end="3315" text="weakness" modality="FACTUAL" polarity="NEG" type="PROBLEM" />
<EVENT id="E88" start="3319" end="3330" text="examination" modality="FACTUAL" polarity="POS" type="TEST" />
<EVENT id="E89" start="3449" end="3465" text="Physical Therapy" modality="FACTUAL" polarity="POS" type="CLINICAL_DEPT" />
<EVENT id="E90" start="3482" end="3490" text="ambulate" modality="FACTUAL" polarity="POS" type="OCCURRENCE" />
<EVENT id="E91" start="3499" end="3509" text="difficulty" modality="FACTUAL" polarity="NEG" type="OCCURRENCE" />
<EVENT id="E92" start="3533" end="3546" text="ascend stairs" modality="FACTUAL" polarity="POS" type="OCCURRENCE" />
<EVENT id="E93" start="3555" end="3565" text="difficulty" modality="FACTUAL" polarity="NEG" type="PROBLEM" />
<EVENT id="E94" start="3595" end="3605" text="an aspirin" modality="FACTUAL" polarity="POS" type="TREATMENT" />
<EVENT id="E95" start="3610" end="3616" text="Plavix" modality="FACTUAL" polarity="POS" type="TREATMENT" />
<EVENT id="E96" start="3639" end="3653" text="a small stroke" modality="FACTUAL" polarity="POS" type="PROBLEM" />
<EVENT id="E97" start="3692" end="3710" text="neurologic deficit" modality="FACTUAL" polarity="NEG" type="PROBLEM" />
<EVENT id="E98" start="3714" end="3725" text="examination" modality="FACTUAL" polarity="POS" type="TEST" />
<EVENT id="E99" start="3819" end="3829" text="discharged" modality="FACTUAL" polarity="POS" type="OCCURRENCE" />
<EVENT id="E100" start="3833" end="3841" text="Coumadin" modality="FACTUAL" polarity="POS" type="TREATMENT" />
<EVENT id="E101" start="3846" end="3861" text="apical akinesis" modality="FACTUAL" polarity="POS" type="PROBLEM" />
<EVENT id="E102" start="3866" end="3877" text="stroke risk" modality="FACTUAL" polarity="POS" type="PROBLEM" />
<EVENT id="E103" start="3964" end="3970" text="adjust" modality="FACTUAL" polarity="POS" type="OCCURRENCE" />
<EVENT id="E104" start="3971" end="3988" text="her Coumadin dose" modality="FACTUAL" polarity="POS" type="TREATMENT" />
<TIMEX3 id="T1" start="18" end="28" text="2015-06-04" type="DATE" val="2015-06-04" mod="NA" />
<SECTIME id="S1" start="18" end="28" text="2015-06-04" type="ADMISSION" dvalue="2015-06-04" />
<TIMEX3 id="T2" start="46" end="56" text="2015-06-08" type="DATE" val="2015-06-08" mod="NA" />
<SECTIME id="S2" start="46" end="56" text="2015-06-08" type="DISCHARGE" dvalue="2015-06-08" />
<TIMEX3 id="T3" start="313" end="322" text="4:00 p.m." type="TIME" val="2015-06-04T16:00" mod="NA" />
<TIMEX3 id="T4" start="548" end="557" text="4:00 p.m." type="TIME" val="2015-06-04T16:00" mod="NA" />
<TIMEX3 id="T5" start="764" end="773" text="8:00 p.m." type="TIME" val="2015-06-04T20:00" mod="NA" />
<TIMEX3 id="T6" start="2086" end="2096" text="one months" type="DURATION" val="P1M" mod="NA" />
<TIMEX3 id="T7" start="3034" end="3044" text="2015-07-24" type="DATE" val="2015-07-24" mod="NA" />
<TIMEX3 id="T8" start="3230" end="3238" text="two days" type="DURATION" val="P2D" mod="NA" />
<TIMEX3 id="T9" start="326" end="333" text="the day" type="DATE" val="2015-06-08" mod="NA" />
<TIMEX3 id="T10" start="404" end="411" text="the day" type="DATE" val="2015-06-08" mod="NA" />
<TIMEX3 id="T11" start="528" end="535" text="the day" type="DATE" val="2015-06-08" mod="NA" />
<TIMEX3 id="T12" start="777" end="786" text="that time" type="DATE" val="2015-06-08" mod="NA" />
</TAGS>
</ClinicalNarrativeTemporalAnnotation>