<?xml version="1.0" encoding="UTF-8" ?>
<ClinicalNarrativeTemporalAnnotation>
<TEXT><![CDATA[
Admission Date :
2013-04-24
Discharge Date :
2013-05-11
Service :
NEONATOLOGY
HISTORY :
Richard Williams , Twin number II , was born at 31-6/7 weeks gestation by cesarean section for rupture of membranes of Twin number I and progressive preterm labor .
Mother is a 37 year old Gravida 1 , Para 0 now 2 woman whose blood type is A negative , antibody negative , rubella immune , RPR nonreactive , hepatitis B surface antigen negative and Group B Streptococcus unknown .
The mother had received a complete course of betamethasone prior to delivery .
This pregnancy was achieved with in Bartley fertilization .
A cerclage was placed at 18 weeks gestation .
Cesarean section was performed under spinal anesthesia .
This infant emerged with Apgars of 8 at one minute and 8 at five minutes .
HOSPITAL COURSE BY SYSTEMS :
1. Respiratory Status :
The infant was intubated soon after admission to the CMED CSRU and received two doses of surfactant .
She weaned to room air on day of life one where she has remained since that time .
Her respirations are comfortable .
Her lung sounds are clear and equal .
She has had no apnea , bradycardia or desaturation .
2. Cardiovascular Status :
She had remained normotensive throughout her CMED CSRU stay .
She has a normal S1 , S2 heart sound and no murmur .
She is pink and well perfused .
3. Fluids , Electrolytes and Nutrition Status :
She started on enteral feeds on day of life number two and progressed without difficulty to full volume feedings by day of life five and then was advanced to calorie enhanced breast milk of 24 calories per ounce .
She has been taking from 130 to 160 cc. per kilo per day on an ad lib feeding plan .
At the time of discharge , her weight is 2,200 grams ; her length is 49.5 centimeters ( 19.5 inches ) and her head circumference is 30.5 centimeters .
4. Gastrointestinal Status :
Her peak bilirubin occurred on day of life five and was total 12.1 , direct 0.3 ; the last bilirubin on day of life six was total 11.1 , direct 0.4 .
She never required phototherapy .
5. Hematological Status :
Her hematocrit at the time of admission was 45.4 , platelets were 360,000 .
She is receiving supplemental iron to provide 2 mg per kilo per day as elemental iron .
She has never received any blood products during this CMED CSRU stay .
6. Infectious Disease Status :
The infant was started on Ampicillin and Gentamycin at the time of admission for sepsis risk factor .
The antibiotics were discontinued after 48 hours when the infant was clinically well and the blood cultures remained negative .
7. Neurological Status :
She had a head ultrasound on 2013-05-02 , that was completely within normal limits .
8. Psychosocial :
The parents have been very involved in the infant 's care throughout her CMED CSRU stay .
She is the first twin to go home .
The infant 's first name is Ralph and after discharge the infant 's last name will be Neoma .
]]></TEXT>
<TAGS>
<EVENT id="E1" start="1" end="10" text="Admission" modality="FACTUAL" polarity="POS" type="OCCURRENCE" />
<EVENT id="E2" start="29" end="38" text="Discharge" modality="FACTUAL" polarity="POS" type="OCCURRENCE" />
<EVENT id="E3" start="150" end="159" text="gestation" modality="FACTUAL" polarity="POS" type="OCCURRENCE" />
<EVENT id="E4" start="163" end="179" text="cesarean section" modality="FACTUAL" polarity="POS" type="TREATMENT" />
<EVENT id="E5" start="184" end="204" text="rupture of membranes" modality="FACTUAL" polarity="POS" type="PROBLEM" />
<EVENT id="E6" start="226" end="251" text="progressive preterm labor" modality="FACTUAL" polarity="POS" type="PROBLEM" />
<EVENT id="E7" start="315" end="325" text="blood type" modality="FACTUAL" polarity="POS" type="TEST" />
<EVENT id="E8" start="342" end="350" text="antibody" modality="FACTUAL" polarity="POS" type="TEST" />
<EVENT id="E9" start="362" end="369" text="rubella" modality="FACTUAL" polarity="POS" type="TEST" />
<EVENT id="E10" start="379" end="382" text="RPR" modality="FACTUAL" polarity="POS" type="TEST" />
<EVENT id="E11" start="397" end="424" text="hepatitis B surface antigen" modality="FACTUAL" polarity="POS" type="TEST" />
<EVENT id="E12" start="438" end="459" text="Group B Streptococcus" modality="FACTUAL" polarity="POS" type="TEST" />
<EVENT id="E13" start="515" end="528" text="betamethasone" modality="FACTUAL" polarity="POS" type="TREATMENT" />
<EVENT id="E14" start="538" end="546" text="delivery" modality="FACTUAL" polarity="POS" type="OCCURRENCE" />
<EVENT id="E15" start="549" end="563" text="This pregnancy" modality="FACTUAL" polarity="POS" type="OCCURRENCE" />
<EVENT id="E16" start="585" end="606" text="Bartley fertilization" modality="FACTUAL" polarity="POS" type="TREATMENT" />
<EVENT id="E17" start="609" end="619" text="A cerclage" modality="FACTUAL" polarity="POS" type="TREATMENT" />
<EVENT id="E18" start="643" end="652" text="gestation" modality="FACTUAL" polarity="POS" type="OCCURRENCE" />
<EVENT id="E19" start="655" end="671" text="Cesarean section" modality="FACTUAL" polarity="POS" type="TREATMENT" />
<EVENT id="E20" start="692" end="709" text="spinal anesthesia" modality="FACTUAL" polarity="POS" type="TREATMENT" />
<EVENT id="E21" start="724" end="731" text="emerged" modality="FACTUAL" polarity="POS" type="OCCURRENCE" />
<EVENT id="E22" start="737" end="743" text="Apgars" modality="FACTUAL" polarity="POS" type="TEST" />
<EVENT id="E23" start="876" end="885" text="admission" modality="FACTUAL" polarity="POS" type="OCCURRENCE" />
<EVENT id="E24" start="889" end="902" text="the CMED CSRU" modality="FACTUAL" polarity="POS" type="CLINICAL_DEPT" />
<EVENT id="E25" start="929" end="939" text="surfactant" modality="FACTUAL" polarity="POS" type="TREATMENT" />
<EVENT id="E26" start="946" end="952" text="weaned" modality="FACTUAL" polarity="POS" type="OCCURRENCE" />
<EVENT id="E27" start="956" end="964" text="room air" modality="FACTUAL" polarity="POS" type="OCCURRENCE" />
<EVENT id="E28" start="1025" end="1041" text="Her respirations" modality="FACTUAL" polarity="POS" type="TEST" />
<EVENT id="E29" start="1060" end="1075" text="Her lung sounds" modality="FACTUAL" polarity="POS" type="TEST" />
<EVENT id="E30" start="1113" end="1118" text="apnea" modality="FACTUAL" polarity="NEG" type="PROBLEM" />
<EVENT id="E31" start="1121" end="1132" text="bradycardia" modality="FACTUAL" polarity="NEG" type="PROBLEM" />
<EVENT id="E32" start="1136" end="1148" text="desaturation" modality="FACTUAL" polarity="NEG" type="PROBLEM" />
<EVENT id="E33" start="1219" end="1237" text="her CMED CSRU stay" modality="FACTUAL" polarity="POS" type="OCCURRENCE" />
<EVENT id="E34" start="1262" end="1276" text="S2 heart sound" modality="FACTUAL" polarity="POS" type="OCCURRENCE" />
<EVENT id="E35" start="1284" end="1290" text="murmur" modality="FACTUAL" polarity="NEG" type="PROBLEM" />
<EVENT id="E36" start="1300" end="1304" text="pink" modality="FACTUAL" polarity="POS" type="OCCURRENCE" />
<EVENT id="E37" start="1309" end="1322" text="well perfused" modality="FACTUAL" polarity="POS" type="OCCURRENCE" />
<EVENT id="E38" start="1388" end="1401" text="enteral feeds" modality="FACTUAL" polarity="POS" type="TREATMENT" />
<EVENT id="E39" start="1432" end="1442" text="progressed" modality="FACTUAL" polarity="POS" type="OCCURRENCE" />
<EVENT id="E40" start="1451" end="1464" text="difficulty" modality="FACTUAL" polarity="NEG" type="PROBLEM" />
<EVENT id="E41" start="1465" end="1485" text="full volume feedings" modality="FACTUAL" polarity="POS" type="TREATMENT" />
<EVENT id="E42" start="1531" end="1559" text="calorie enhanced breast milk" modality="FACTUAL" polarity="POS" type="TREATMENT" />
<EVENT id="E43" start="1647" end="1669" text="an ad lib feeding plan" modality="FACTUAL" polarity="POS" type="TREATMENT" />
<EVENT id="E44" start="1699" end="1709" text="her weight" modality="FACTUAL" polarity="POS" type="TEST" />
<EVENT id="E45" start="1727" end="1737" text="her length" modality="FACTUAL" polarity="POS" type="TEST" />
<EVENT id="E46" start="1778" end="1800" text="her head circumference" modality="FACTUAL" polarity="POS" type="TEST" />
<EVENT id="E47" start="1852" end="1870" text="Her peak bilirubin" modality="FACTUAL" polarity="POS" type="TEST" />
<EVENT id="E48" start="1908" end="1913" text="total" modality="FACTUAL" polarity="POS" type="TEST" />
<EVENT id="E49" start="1921" end="1927" text="direct" modality="FACTUAL" polarity="POS" type="TEST" />
<EVENT id="E50" start="1934" end="1952" text="the last bilirubin" modality="FACTUAL" polarity="POS" type="TEST" />
<EVENT id="E51" start="1976" end="1981" text="total" modality="FACTUAL" polarity="POS" type="TEST" />
<EVENT id="E52" start="1989" end="1995" text="direct" modality="FACTUAL" polarity="POS" type="TEST" />
<EVENT id="E53" start="2021" end="2033" text="phototherapy" modality="FACTUAL" polarity="NEG" type="TREATMENT" />
<EVENT id="E54" start="2062" end="2076" text="Her hematocrit" modality="FACTUAL" polarity="POS" type="TEST" />
<EVENT id="E55" start="2092" end="2101" text="admission" modality="FACTUAL" polarity="POS" type="OCCURRENCE" />
<EVENT id="E56" start="2113" end="2122" text="platelets" modality="FACTUAL" polarity="POS" type="TEST" />
<EVENT id="E57" start="2155" end="2172" text="supplemental iron" modality="FACTUAL" polarity="POS" type="TREATMENT" />
<EVENT id="E58" start="2209" end="2223" text="elemental iron" modality="FACTUAL" polarity="POS" type="TREATMENT" />
<EVENT id="E59" start="2249" end="2252" text="any" modality="FACTUAL" polarity="NEG" type="OCCURRENCE" />
<EVENT id="E60" start="2253" end="2267" text="blood products" modality="FACTUAL" polarity="NEG" type="TREATMENT" />
<EVENT id="E61" start="2275" end="2294" text="this CMED CSRU stay" modality="FACTUAL" polarity="POS" type="OCCURRENCE" />
<EVENT id="E62" start="2354" end="2364" text="Ampicillin" modality="FACTUAL" polarity="POS" type="TREATMENT" />
<EVENT id="E63" start="2369" end="2379" text="Gentamycin" modality="FACTUAL" polarity="POS" type="TREATMENT" />
<EVENT id="E64" start="2395" end="2404" text="admission" modality="FACTUAL" polarity="POS" type="OCCURRENCE" />
<EVENT id="E65" start="2409" end="2427" text="sepsis risk factor" modality="FACTUAL" polarity="POS" type="PROBLEM" />
<EVENT id="E66" start="2430" end="2445" text="The antibiotics" modality="FACTUAL" polarity="POS" type="TREATMENT" />
<EVENT id="E67" start="2451" end="2463" text="discontinued" modality="FACTUAL" polarity="POS" type="OCCURRENCE" />
<EVENT id="E68" start="2519" end="2537" text="the blood cultures" modality="FACTUAL" polarity="POS" type="TEST" />
<EVENT id="E69" start="2591" end="2608" text="a head ultrasound" modality="FACTUAL" polarity="POS" type="TEST" />
<EVENT id="E70" start="2755" end="2773" text="her CMED CSRU stay" modality="FACTUAL" polarity="POS" type="OCCURRENCE" />
<EVENT id="E71" start="2855" end="2864" text="discharge" modality="FACTUAL" polarity="POS" type="OCCURRENCE" />
<TIMEX3 id="T1" start="18" end="28" text="2013-04-24" type="DATE" val="2013-04-24" mod="NA" />
<SECTIME id="S1" start="18" end="28" text="2013-04-24" type="ADMISSION" dvalue="2013-04-24" />
<TIMEX3 id="T2" start="46" end="56" text="2013-05-11" type="DATE" val="2013-05-11" mod="NA" />
<SECTIME id="S2" start="46" end="56" text="2013-05-11" type="DISCHARGE" dvalue="2013-05-11" />
<TIMEX3 id="T3" start="137" end="149" text="31-6/7 weeks" type="DURATION" val="P31.8571428571W" mod="NA" />
<TIMEX3 id="T4" start="634" end="642" text="18 weeks" type="DURATION" val="P18W" mod="NA" />
<TIMEX3 id="T5" start="752" end="762" text="one minute" type="DURATION" val="PT1M" mod="NA" />
<TIMEX3 id="T6" start="772" end="784" text="five minutes" type="DURATION" val="PT5M" mod="NA" />
<TIMEX3 id="T7" start="916" end="925" text="two doses" type="FREQUENCY" val="R2" mod="NA" />
<TIMEX3 id="T8" start="968" end="983" text="day of life one" type="DATE" val="2013-04-24" mod="NA" />
<TIMEX3 id="T9" start="1489" end="1505" text="day of life five" type="DATE" val="2013-04-28" mod="NA" />
<TIMEX3 id="T10" start="1636" end="1643" text="per day" type="FREQUENCY" val="RP1D" mod="NA" />
<TIMEX3 id="T11" start="1650" end="1656" text="ad lib" type="FREQUENCY" val="R" mod="NA" />
<TIMEX3 id="T12" start="1883" end="1899" text="day of life five" type="DATE" val="2013-04-28" mod="NA" />
<TIMEX3 id="T13" start="1956" end="1971" text="day of life six" type="DATE" val="2013-04-29" mod="NA" />
<TIMEX3 id="T14" start="2198" end="2205" text="per day" type="FREQUENCY" val="RP1D" mod="NA" />
<TIMEX3 id="T15" start="2470" end="2478" text="48 hours" type="DURATION" val="PT48H" mod="NA" />
<TIMEX3 id="T16" start="2612" end="2622" text="2013-05-02" type="DATE" val="2013-05-02" mod="NA" />
<TIMEX3 id="T17" start="297" end="300" text="now" type="DATE" val="2013-05-11" mod="NA" />
<TIMEX3 id="T18" start="1013" end="1022" text="that time" type="DATE" val="2013-04-24" mod="NA" />
<TIMEX3 id="T19" start="1675" end="1683" text="the time" type="DATE" val="2013-04-28" mod="NA" />
<TIMEX3 id="T20" start="2080" end="2088" text="the time" type="DATE" val="2013-04-29" mod="NA" />
<TIMEX3 id="T21" start="2383" end="2391" text="the time" type="DATE" val="2013-04-29" mod="NA" />
</TAGS>
</ClinicalNarrativeTemporalAnnotation>