<?xml version="1.0" encoding="UTF-8" ?>
<ClinicalNarrativeTemporalAnnotation>
<TEXT><![CDATA[
ADMISSION DATE :
03/25/2001
DISCHARGE DATE :
03/26/2001
HISTORY OF PRESENT ILLNESS :
This is a 30-year-old right hand dominant gentleman who pleasant Software Engineer .
In 1989 the patient was dunking a basketball and injured his right shoulder with abduction external rotation injury .
He has had persistent pain over the years which has worsened in the past several months including inability to sleep .
HOSPITAL COURSE AND TREATMENT :
The patient was admitted to the Hospital and was taken to the operating room for an open Bankart procedure with biceps tenodesis ( Please see the operative note for full details ) .
Postoperatively , the patient did very well and was neurovascularly intact .
His wound was intact , clean and dry and it was covered with perioperative antibiotics .
He was discharged to home on Percocet .
He was given strict instructions to limit his external rotation no more than 30 degrees .
He was seen by physical therapy prior to discharge .
FOLLOW UP :
He is to follow up with Dr. Rach Breutznedeaisscarvwierst in Clinic .
]]></TEXT>
<TAGS>
<EVENT id="E1" start="1" end="10" text="ADMISSION" modality="FACTUAL" polarity="POS" type="OCCURRENCE" />
<EVENT id="E2" start="29" end="38" text="DISCHARGE" modality="FACTUAL" polarity="POS" type="OCCURRENCE" />
<EVENT id="E3" start="252" end="286" text="abduction external rotation injury" modality="FACTUAL" polarity="POS" type="PROBLEM" />
<EVENT id="E4" start="300" end="315" text="persistent pain" modality="FACTUAL" polarity="POS" type="PROBLEM" />
<EVENT id="E5" start="341" end="349" text="worsened" modality="FACTUAL" polarity="POS" type="OCCURRENCE" />
<EVENT id="E6" start="387" end="405" text="inability to sleep" modality="FACTUAL" polarity="POS" type="PROBLEM" />
<EVENT id="E7" start="456" end="464" text="admitted" modality="FACTUAL" polarity="POS" type="OCCURRENCE" />
<EVENT id="E8" start="468" end="480" text="the Hospital" modality="FACTUAL" polarity="POS" type="CLINICAL_DEPT" />
<EVENT id="E9" start="498" end="516" text="the operating room" modality="FACTUAL" polarity="POS" type="CLINICAL_DEPT" />
<EVENT id="E10" start="521" end="546" text="an open Bankart procedure" modality="FACTUAL" polarity="POS" type="TREATMENT" />
<EVENT id="E11" start="552" end="568" text="biceps tenodesis" modality="FACTUAL" polarity="POS" type="TREATMENT" />
<EVENT id="E12" start="661" end="665" text="well" modality="FACTUAL" polarity="POS" type="EVIDENTIAL" />
<EVENT id="E13" start="674" end="696" text="neurovascularly intact" modality="FACTUAL" polarity="POS" type="OCCURRENCE" />
<EVENT id="E14" start="699" end="708" text="His wound" modality="FACTUAL" polarity="POS" type="PROBLEM" />
<EVENT id="E15" start="713" end="735" text="intact , clean and dry" modality="FACTUAL" polarity="POS" type="OCCURRENCE" />
<EVENT id="E16" start="760" end="785" text="perioperative antibiotics" modality="FACTUAL" polarity="POS" type="TREATMENT" />
<EVENT id="E17" start="795" end="805" text="discharged" modality="FACTUAL" polarity="POS" type="OCCURRENCE" />
<EVENT id="E18" start="817" end="825" text="Percocet" modality="FACTUAL" polarity="POS" type="TREATMENT" />
<EVENT id="E19" start="933" end="949" text="physical therapy" modality="FACTUAL" polarity="POS" type="CLINICAL_DEPT" />
<EVENT id="E20" start="992" end="1001" text="follow up" modality="FACTUAL" polarity="POS" type="OCCURRENCE" />
<TIMEX3 id="T1" start="18" end="28" text="03/25/2001" type="DATE" val="2001-03-25" mod="NA" />
<SECTIME id="S1" start="18" end="28" text="03/25/2001" type="ADMISSION" dvalue="2001-03-25" />
<TIMEX3 id="T2" start="46" end="56" text="03/26/2001" type="DATE" val="2001-03-26" mod="NA" />
<SECTIME id="S2" start="46" end="56" text="03/26/2001" type="DISCHARGE" dvalue="2001-03-26" />
<TIMEX3 id="T3" start="171" end="178" text="In 1989" type="DATE" val="1989" mod="NA" />
<TIMEX3 id="T4" start="353" end="376" text="the past several months" type="DURATION" val="P3M" mod="APPROX" />
<TIMEX3 id="T5" start="321" end="330" text="the years" type="DATE" val="1989" mod="NA" />
</TAGS>
</ClinicalNarrativeTemporalAnnotation>