<?xml version="1.0" encoding="UTF-8" ?>
<ClinicalNarrativeTemporalAnnotation>
<TEXT><![CDATA[
Admission Date :
2013-10-29
Discharge Date :
2013-11-04
Service :
CARDIOTHORACIC
History of Present Illness :
Mr. Andersen is a 71-year-old male with worsening anginal symptoms who underwent catheterization that showed severe three-vessel disease .
He is presenting for revascularization .
Brief Hospital Course :
The patient was taken to the operating room on 2013-10-29 for a CABG x5 .
Please see operative note for full details .
The patient tolerated this procedure well .
He was taken immediately post-operatively to the CSRU .
He was extubated that night .
The did well in the ICU .
His central line and chest tubes were removed on post-op day #2 and was transferred to the floor in stable condition .
On post-op day #3 , the patient 's pacing wires were removed , and his lopressor was started .
On post-op day #4 , the patient failed the first of his void trials .
He was seen and cleared by physical therapy .
He was discharged home on post-op day #6 in stable condition with a foley catheter and leg bag .
]]></TEXT>
<TAGS>
<EVENT id="E30" start="964" end="980" text="stable condition" modality="FACTUAL" polarity="POS" type="OCCURRENCE" />
<EVENT id="E5" start="220" end="247" text="severe three-vessel disease" modality="FACTUAL" polarity="POS" type="PROBLEM" />
<EVENT id="E20" start="677" end="686" text="the floor" modality="FACTUAL" polarity="POS" type="CLINICAL_DEPT" />
<EVENT id="E14" start="541" end="550" text="extubated" modality="FACTUAL" polarity="POS" type="OCCURRENCE" />
<EVENT id="E17" start="590" end="606" text="His central line" modality="FACTUAL" polarity="POS" type="TREATMENT" />
<EVENT id="E3" start="192" end="207" text="catheterization" modality="FACTUAL" polarity="POS" type="TEST" />
<EVENT id="E18" start="611" end="622" text="chest tubes" modality="FACTUAL" polarity="POS" type="TREATMENT" />
<EVENT id="E12" start="456" end="470" text="this procedure" modality="FACTUAL" polarity="POS" type="TREATMENT" />
<EVENT id="E13" start="523" end="531" text="the CSRU" modality="FACTUAL" polarity="POS" type="CLINICAL_DEPT" />
<EVENT id="E8" start="29" end="38" text="Discharge" modality="FACTUAL" polarity="POS" type="OCCURRENCE" />
<EVENT id="E15" start="572" end="576" text="well" modality="FACTUAL" polarity="POS" type="OCCURRENCE" />
<EVENT id="E11" start="446" end="455" text="tolerated" modality="FACTUAL" polarity="POS" type="OCCURRENCE" />
<EVENT id="E21" start="690" end="706" text="stable condition" modality="FACTUAL" polarity="POS" type="OCCURRENCE" />
<EVENT id="E28" start="901" end="917" text="physical therapy" modality="FACTUAL" polarity="POS" type="CLINICAL_DEPT" />
<EVENT id="E26" start="881" end="885" text="seen" modality="FACTUAL" polarity="POS" type="OCCURRENCE" />
<EVENT id="E27" start="890" end="897" text="cleared" modality="FACTUAL" polarity="POS" type="OCCURRENCE" />
<EVENT id="E16" start="580" end="587" text="the ICU" modality="FACTUAL" polarity="POS" type="CLINICAL_DEPT" />
<EVENT id="E0" start="1" end="10" text="Admission" modality="FACTUAL" polarity="POS" type="OCCURRENCE" />
<EVENT id="E31" start="986" end="1002" text="a foley catheter" modality="FACTUAL" polarity="POS" type="TREATMENT" />
<EVENT id="E1" start="1007" end="1014" text="leg bag" modality="FACTUAL" polarity="POS" type="TREATMENT" />
<EVENT id="E19" start="662" end="673" text="transferred" modality="FACTUAL" polarity="POS" type="OCCURRENCE" />
<EVENT id="E10" start="377" end="383" text="a CABG" modality="FACTUAL" polarity="POS" type="TREATMENT" />
<EVENT id="E22" start="729" end="756" text="the patient 's pacing wires" modality="FACTUAL" polarity="POS" type="TREATMENT" />
<EVENT id="E4" start="213" end="219" text="showed" modality="FACTUAL" polarity="POS" type="EVIDENTIAL" />
<EVENT id="E2" start="151" end="177" text="worsening anginal symptoms" modality="FACTUAL" polarity="POS" type="PROBLEM" />
<EVENT id="E6" start="256" end="266" text="presenting" modality="FACTUAL" polarity="POS" type="EVIDENTIAL" />
<EVENT id="E9" start="340" end="358" text="the operating room" modality="FACTUAL" polarity="POS" type="CLINICAL_DEPT" />
<EVENT id="E7" start="271" end="288" text="revascularization" modality="FACTUAL" polarity="POS" type="TREATMENT" />
<EVENT id="E24" start="836" end="842" text="failed" modality="FACTUAL" polarity="POS" type="OCCURRENCE" />
<EVENT id="E25" start="856" end="871" text="his void trials" modality="FACTUAL" polarity="POS" type="TEST" />
<EVENT id="E23" start="776" end="789" text="his lopressor" modality="FACTUAL" polarity="POS" type="TREATMENT" />
<EVENT id="E29" start="927" end="937" text="discharged" modality="FACTUAL" polarity="POS" type="OCCURRENCE" />
<TIMEX3 id="T6" start="807" end="821" text="post-op day #4" type="DATE" val="2013-11-02" mod="NA" />
<TIMEX3 id="T2" start="46" end="56" text="2013-11-04" type="DATE" val="2013-11-04" mod="NA" />
<TIMEX3 id="T1" start="362" end="372" text="2013-10-29" type="DATE" val="2013-10-29" mod="NA" />
<TIMEX3 id="T7" start="946" end="960" text="post-op day #6" type="DATE" val="2013-11-04" mod="NA" />
<TIMEX3 id="T5" start="712" end="726" text="post-op day #3" type="DATE" val="2013-11-01" mod="NA" />
<TIMEX3 id="T0" start="18" end="28" text="2013-10-29" type="DATE" val="2013-10-29" mod="NA" />
<TIMEX3 id="T4" start="639" end="653" text="post-op day #2" type="DATE" val="2013-10-31" mod="NA" />
<TIMEX3 id="T3" start="551" end="561" text="that night" type="DATE" val="2013-10-29" mod="END" />
<TLINK id="TL0" fromID="E0" fromText="Admission" toID="T0" toText="2013-10-29" type="OVERLAP" />
<TLINK id="TL1" fromID="E1" fromText="leg bag" toID="T2" toText="2013-11-04" type="OVERLAP" />
<TLINK id="TL2" fromID="E2" fromText="worsening anginal symptoms" toID="T0" toText="2013-10-29" type="BEFORE" />
<TLINK id="TL3" fromID="E3" fromText="catheterization" toID="T0" toText="2013-10-29" type="BEFORE" />
<TLINK id="TL4" fromID="E4" fromText="showed" toID="T0" toText="2013-10-29" type="BEFORE" />
<TLINK id="TL5" fromID="E5" fromText="severe three-vessel disease" toID="T0" toText="2013-10-29" type="BEFORE" />
<TLINK id="TL6" fromID="E6" fromText="presenting" toID="T0" toText="2013-10-29" type="OVERLAP" />
<TLINK id="TL7" fromID="E7" fromText="revascularization" toID="T0" toText="2013-10-29" type="BEFORE" />
<TLINK id="TL8" fromID="E8" fromText="Discharge" toID="T2" toText="2013-11-04" type="OVERLAP" />
<TLINK id="TL9" fromID="E9" fromText="the operating room" toID="T2" toText="2013-11-04" type="BEFORE" />
<TLINK id="TL10" fromID="E10" fromText="a CABG" toID="T2" toText="2013-11-04" type="BEFORE" />
<TLINK id="TL11" fromID="E11" fromText="tolerated" toID="T2" toText="2013-11-04" type="BEFORE" />
<TLINK id="TL12" fromID="E12" fromText="this procedure" toID="T2" toText="2013-11-04" type="BEFORE" />
<TLINK id="TL13" fromID="E13" fromText="the CSRU" toID="T2" toText="2013-11-04" type="BEFORE" />
<TLINK id="TL14" fromID="E14" fromText="extubated" toID="T2" toText="2013-11-04" type="BEFORE" />
<TLINK id="TL15" fromID="E15" fromText="well" toID="T2" toText="2013-11-04" type="BEFORE" />
<TLINK id="TL16" fromID="E16" fromText="the ICU" toID="T2" toText="2013-11-04" type="BEFORE" />
<TLINK id="TL17" fromID="E17" fromText="His central line" toID="T2" toText="2013-11-04" type="BEFORE" />
<TLINK id="TL18" fromID="E18" fromText="chest tubes" toID="T2" toText="2013-11-04" type="BEFORE" />
<TLINK id="TL19" fromID="E19" fromText="transferred" toID="T2" toText="2013-11-04" type="BEFORE" />
<TLINK id="TL20" fromID="E20" fromText="the floor" toID="T2" toText="2013-11-04" type="BEFORE" />
<TLINK id="TL21" fromID="E21" fromText="stable condition" toID="T2" toText="2013-11-04" type="BEFORE" />
<TLINK id="TL22" fromID="E22" fromText="the patient 's pacing wires" toID="T2" toText="2013-11-04" type="BEFORE" />
<TLINK id="TL23" fromID="E23" fromText="his lopressor" toID="T2" toText="2013-11-04" type="BEFORE" />
<TLINK id="TL24" fromID="E24" fromText="failed" toID="T2" toText="2013-11-04" type="BEFORE" />
<TLINK id="TL25" fromID="E25" fromText="his void trials" toID="T2" toText="2013-11-04" type="BEFORE" />
<TLINK id="TL26" fromID="E26" fromText="seen" toID="T2" toText="2013-11-04" type="BEFORE" />
<TLINK id="TL27" fromID="E27" fromText="cleared" toID="T2" toText="2013-11-04" type="BEFORE" />
<TLINK id="TL28" fromID="E28" fromText="physical therapy" toID="T2" toText="2013-11-04" type="BEFORE" />
<TLINK id="TL29" fromID="E29" fromText="discharged" toID="T2" toText="2013-11-04" type="OVERLAP" />
<TLINK id="TL30" fromID="E30" fromText="stable condition" toID="T2" toText="2013-11-04" type="OVERLAP" />
<TLINK id="TL31" fromID="E31" fromText="a foley catheter" toID="T2" toText="2013-11-04" type="BEFORE" />
<TLINK id="TL32" fromID="E2" fromText="worsening anginal symptoms" toID="E3" toText="catheterization" type="BEFORE" />
<TLINK id="TL33" fromID="E3" fromText="catheterization" toID="E4" toText="showed" type="OVERLAP" />
<TLINK id="TL34" fromID="E4" fromText="showed" toID="E5" toText="severe three-vessel disease" type="AFTER" />
<TLINK id="TL35" fromID="E6" fromText="presenting" toID="E7" toText="revascularization" type="AFTER" />
<TLINK id="TL36" fromID="E9" fromText="the operating room" toID="T1" toText="2013-10-29" type="OVERLAP" />
<TLINK id="TL37" fromID="T1" fromText="2013-10-29" toID="E10" toText="a CABG" type="AFTER" />
<TLINK id="TL38" fromID="E11" fromText="tolerated" toID="E12" toText="this procedure" type="OVERLAP" />
<TLINK id="TL39" fromID="E14" fromText="extubated" toID="T3" toText="that night" type="OVERLAP" />
<TLINK id="TL40" fromID="E15" fromText="well" toID="E16" toText="the ICU" type="OVERLAP" />
<TLINK id="TL41" fromID="E17" fromText="His central line" toID="E18" toText="chest tubes" type="OVERLAP" />
<TLINK id="TL42" fromID="E17" fromText="His central line" toID="E19" toText="transferred" type="BEFORE" />
<TLINK id="TL43" fromID="E18" fromText="chest tubes" toID="T4" toText="post-op day #2" type="BEFORE" />
<TLINK id="TL44" fromID="T4" fromText="post-op day #2" toID="E19" toText="transferred" type="BEFORE" />
<TLINK id="TL45" fromID="E19" fromText="transferred" toID="E20" toText="the floor" type="BEFORE" />
<TLINK id="TL46" fromID="E20" fromText="the floor" toID="E21" toText="stable condition" type="AFTER" />
<TLINK id="TL47" fromID="T5" fromText="post-op day #3" toID="E22" toText="the patient 's pacing wires" type="OVERLAP" />
<TLINK id="TL48" fromID="E22" fromText="the patient 's pacing wires" toID="E23" toText="his lopressor" type="OVERLAP" />
<TLINK id="TL49" fromID="T6" fromText="post-op day #4" toID="E24" toText="failed" type="OVERLAP" />
<TLINK id="TL50" fromID="E24" fromText="failed" toID="E25" toText="his void trials" type="OVERLAP" />
<TLINK id="TL51" fromID="E26" fromText="seen" toID="E27" toText="cleared" type="OVERLAP" />
<TLINK id="TL52" fromID="E27" fromText="cleared" toID="E28" toText="physical therapy" type="OVERLAP" />
<TLINK id="TL53" fromID="E29" fromText="discharged" toID="T7" toText="post-op day #6" type="OVERLAP" />
<TLINK id="TL54" fromID="E29" fromText="discharged" toID="E31" toText="a foley catheter" type="AFTER" />
<TLINK id="TL55" fromID="T7" fromText="post-op day #6" toID="E30" toText="stable condition" type="AFTER" />
<TLINK id="TL56" fromID="E30" fromText="stable condition" toID="E31" toText="a foley catheter" type="OVERLAP" />
<TLINK id="TL57" fromID="E31" fromText="a foley catheter" toID="E1" toText="leg bag" type="OVERLAP" />
<TLINK id="TL58" fromID="E16" fromText="the ICU" toID="E19" toText="transferred" type="BEFORE" />
<TLINK id="TL59" fromID="E2" fromText="worsening anginal symptoms" toID="E6" toText="presenting" type="BEFORE" />
<TLINK id="TL60" fromID="E12" fromText="this procedure" toID="E13" toText="the CSRU" type="BEFORE" />
<TLINK id="TL61" fromID="E5" fromText="severe three-vessel disease" toID="E6" toText="presenting" type="BEFORE" />
<TLINK id="TL62" fromID="E13" fromText="the CSRU" toID="E19" toText="transferred" type="BEFORE" />
<TLINK id="TL63" fromID="E26" fromText="seen" toID="E29" toText="discharged" type="BEFORE" />
<SECTIME id="S1" start="46" end="56" text="2013-11-04" type="DISCHARGE" dvalue="2013-11-04" />
<SECTIME id="S0" start="18" end="28" text="2013-10-29" type="ADMISSION" dvalue="2013-10-29" />
</TAGS>
</ClinicalNarrativeTemporalAnnotation>
