<?xml version="1.0" encoding="UTF-8" ?>
<ClinicalNarrativeTemporalAnnotation>
<TEXT><![CDATA[
Admission Date :
2015-10-10
Discharge Date :
2015-10-21
Service :
CMED CSRU
History of Present Illness :
_62 year-old status-post gastric bypass and laprascopic cholecystectomy 7 weeks prior to admission who presented with fever , chills , and left lower extemity redness .
The patient has a history of multiple hospitalizations for lower extremity cellulitis and noted that his symptoms and the appearance of his left leg mirrored previous episodes .
He denied recent trauma to the area or travel .
Review of systems was significant only for painful urination over the past few days and a reduction in urine output .
He denied chest pain , shortness of breath , palpitations , abdominal pain , N/V , penile discharge .
Brief Hospital Course :
This 62 year-old obese male was admitted with cellulitis and presumed bacteremia .
In the John , he was found to be in hypotensive atrial fibrillation .
The patient was admitted to the Medical ICU where his hypotension was managed with IVF hydration and he was maintained on a diltiazam drip for atrial fibrillation .
After his heart rate was controlled , he was transitioned to oral medications and transferred to the medicine service .
1. Cellulitis / Bacteremia
Review of the medical record revealed several previous admissions for cellulitis and bacteremia .
Blood cultures on this admission and were positive for Beta streptococcus Group B .
The patient had previous episodes of the same infection , with lower extremity cellulitis the likely source .
A left lower extremity ultrasound was negative for deep venous thrombosis .
The patient was too large to have a CTA .
He was initially treated with vancomycin and zosyn while awaiting culture results .
Once the organism was identified , he was transitioned to a regimen of intravenous penicillin and oral levofloxacin , which had successfully treated the infection during his most recent admission 1 year prior .
He completed 7 days of levofloxacin and had a PICC line placed to facilitate a 2 week course of IV Penicillin .
2. Atrial fibrillation
The patient 's development of atrial fibrillation was believed to be secondary to infection and structural heart disease .
It was initially managed with intravenous diltiazam , and it was later managed with metoprolol and anticoagulation .
A transthoracic echocardiogram showed a mildly dilated and elongated left atrium , with a markedly dilated right atrium .
He had occasional episodes of rapid atrial fibrillation that were controlled with responded to IV metoprolol .
However , his rate proved difficult to control despite metoprolol and diltiazam .
The EP service was consulted and recommended transesophageal echocardiogram and cardioversion .
The TEE was negative for thrombus and the patient was successfully cardioverted to normal sinus rhythm with ibutilide .
He was subsequently started on amiodarone and is scheduled to complete a 10 week course .
EKG before discharge showed mild QT prolongation and no effect from amiodarone .
EKG and LFTs should be monitored by his PCP , William given the high dose of amiodarone he will receive .
3. FEN
He was followed by the nutrition team throughout his admission and their recommendations were followed .
He demonstrated several asymptomatic electrolyte deficiecies ; these were likely due to inadequate absorption following his surgery and he responded well to repletion .
Vitamin D and parathyroid tests were pending at the time of discharge .
The patient was discharged to Kindred Park View Specialty Hospital of Springfield Rehabilitation Hospital in good condition .
He was sent with a King of Hearts monitor and scheduled for follow-up with cardiology and his primary care physician .
]]></TEXT>
<TAGS>
<EVENT id="E37" start="2080" end="2099" text="atrial fibrillation" modality="FACTUAL" polarity="POS" type="PROBLEM" />
<EVENT id="E9" start="1199" end="1209" text="Bacteremia" modality="FACTUAL" polarity="POS" type="PROBLEM" />
<EVENT id="E59" start="2701" end="2708" text="The TEE" modality="FACTUAL" polarity="POS" type="TEST" />
<EVENT id="E101" start="622" end="628" text="denied" modality="FACTUAL" polarity="POS" type="EVIDENTIAL" />
<EVENT id="E34" start="1959" end="1970" text="a PICC line" modality="FACTUAL" polarity="POS" type="TREATMENT" />
<EVENT id="E110" start="791" end="801" text="cellulitis" modality="FACTUAL" polarity="POS" type="PROBLEM" />
<EVENT id="E14" start="1308" end="1322" text="Blood cultures" modality="FACTUAL" polarity="POS" type="TEST" />
<EVENT id="E92" start="3667" end="3693" text="his primary care physician" modality="FACTUAL" polarity="POS" type="CLINICAL_DEPT" />
<EVENT id="E23" start="1612" end="1617" text="a CTA" modality="FACTUAL" polarity="NEG" type="TEST" />
<EVENT id="E27" start="1709" end="1721" text="the organism" modality="FACTUAL" polarity="POS" type="PROBLEM" />
<EVENT id="E86" start="3467" end="3477" text="discharged" modality="FACTUAL" polarity="POS" type="OCCURRENCE" />
<EVENT id="E22" start="1553" end="1575" text="deep venous thrombosis" modality="FACTUAL" polarity="NEG" type="PROBLEM" />
<EVENT id="E60" start="2726" end="2734" text="thrombus" modality="FACTUAL" polarity="NEG" type="PROBLEM" />
<EVENT id="E24" start="1650" end="1660" text="vancomycin" modality="FACTUAL" polarity="POS" type="TREATMENT" />
<EVENT id="E84" start="3379" end="3388" text="Vitamin D" modality="FACTUAL" polarity="POS" type="TEST" />
<EVENT id="E21" start="150" end="177" text="laprascopic cholecystectomy" modality="FACTUAL" polarity="POS" type="TREATMENT" />
<EVENT id="E72" start="3000" end="3004" text="LFTs" modality="FACTUAL" polarity="POS" type="TEST" />
<EVENT id="E41" start="2203" end="2224" text="intravenous diltiazam" modality="FACTUAL" polarity="POS" type="TREATMENT" />
<EVENT id="E71" start="29" end="38" text="Discharge" modality="FACTUAL" polarity="POS" type="OCCURRENCE" />
<EVENT id="E99" start="544" end="561" text="painful urination" modality="FACTUAL" polarity="POS" type="PROBLEM" />
<EVENT id="E7" start="1160" end="1180" text="the medicine service" modality="FACTUAL" polarity="POS" type="CLINICAL_DEPT" />
<EVENT id="E25" start="1665" end="1670" text="zosyn" modality="FACTUAL" polarity="POS" type="TREATMENT" />
<EVENT id="E98" start="501" end="518" text="Review of systems" modality="FACTUAL" polarity="POS" type="TEST" />
<EVENT id="E50" start="2442" end="2467" text="rapid atrial fibrillation" modality="FACTUAL" polarity="POS" type="PROBLEM" />
<EVENT id="E113" start="914" end="922" text="admitted" modality="FACTUAL" polarity="POS" type="OCCURRENCE" />
<EVENT id="E108" start="762" end="767" text="obese" modality="FACTUAL" polarity="POS" type="PROBLEM" />
<EVENT id="E62" start="2809" end="2818" text="ibutilide" modality="FACTUAL" polarity="POS" type="TREATMENT" />
<EVENT id="E55" start="2593" end="2602" text="diltiazam" modality="FACTUAL" polarity="POS" type="TREATMENT" />
<EVENT id="E16" start="1326" end="1340" text="this admission" modality="FACTUAL" polarity="POS" type="OCCURRENCE" />
<EVENT id="E42" start="224" end="229" text="fever" modality="FACTUAL" polarity="POS" type="PROBLEM" />
<EVENT id="E39" start="2132" end="2141" text="infection" modality="POSSIBLE" polarity="POS" type="PROBLEM" />
<EVENT id="E36" start="2030" end="2049" text="Atrial fibrillation" modality="FACTUAL" polarity="POS" type="PROBLEM" />
<EVENT id="E2" start="1041" end="1060" text="atrial fibrillation" modality="FACTUAL" polarity="POS" type="PROBLEM" />
<EVENT id="E61" start="2768" end="2780" text="cardioverted" modality="FACTUAL" polarity="POS" type="TREATMENT" />
<EVENT id="E79" start="3226" end="3270" text="several asymptomatic electrolyte deficiecies" modality="FACTUAL" polarity="POS" type="PROBLEM" />
<EVENT id="E48" start="232" end="238" text="chills" modality="FACTUAL" polarity="POS" type="PROBLEM" />
<EVENT id="E20" start="1502" end="1535" text="A left lower extremity ultrasound" modality="FACTUAL" polarity="POS" type="TEST" />
<EVENT id="E44" start="2272" end="2287" text="anticoagulation" modality="FACTUAL" polarity="POS" type="TREATMENT" />
<EVENT id="E65" start="2922" end="2931" text="discharge" modality="FACTUAL" polarity="POS" type="OCCURRENCE" />
<EVENT id="E0" start="1" end="10" text="Admission" modality="FACTUAL" polarity="POS" type="OCCURRENCE" />
<EVENT id="E17" start="1363" end="1389" text="Beta streptococcus Group B" modality="FACTUAL" polarity="POS" type="PROBLEM" />
<EVENT id="E43" start="2257" end="2267" text="metoprolol" modality="FACTUAL" polarity="POS" type="TREATMENT" />
<EVENT id="E95" start="433" end="450" text="previous episodes" modality="FACTUAL" polarity="POS" type="PROBLEM" />
<EVENT id="E30" start="1802" end="1819" text="oral levofloxacin" modality="FACTUAL" polarity="POS" type="TREATMENT" />
<EVENT id="E69" start="2979" end="2989" text="amiodarone" modality="FACTUAL" polarity="POS" type="TREATMENT" />
<EVENT id="E40" start="2146" end="2170" text="structural heart disease" modality="POSSIBLE" polarity="POS" type="PROBLEM" />
<EVENT id="E57" start="2650" end="2680" text="transesophageal echocardiogram" modality="PROPOSED" polarity="POS" type="TEST" />
<EVENT id="E10" start="1210" end="1216" text="Review" modality="FACTUAL" polarity="POS" type="OCCURRENCE" />
<EVENT id="E15" start="131" end="145" text="gastric bypass" modality="FACTUAL" polarity="POS" type="TREATMENT" />
<EVENT id="E104" start="664" end="676" text="palpitations" modality="FACTUAL" polarity="NEG" type="PROBLEM" />
<EVENT id="E38" start="209" end="218" text="presented" modality="FACTUAL" polarity="POS" type="OCCURRENCE" />
<EVENT id="E29" start="1775" end="1797" text="intravenous penicillin" modality="FACTUAL" polarity="POS" type="TREATMENT" />
<EVENT id="E97" start="463" end="488" text="recent trauma to the area" modality="FACTUAL" polarity="NEG" type="PROBLEM" />
<EVENT id="E46" start="2321" end="2327" text="showed" modality="FACTUAL" polarity="POS" type="EVIDENTIAL" />
<EVENT id="E107" start="702" end="718" text="penile discharge" modality="FACTUAL" polarity="NEG" type="PROBLEM" />
<EVENT id="E100" start="589" end="616" text="a reduction in urine output" modality="FACTUAL" polarity="POS" type="PROBLEM" />
<EVENT id="E12" start="1280" end="1290" text="cellulitis" modality="FACTUAL" polarity="POS" type="PROBLEM" />
<EVENT id="E53" start="2533" end="2541" text="his rate" modality="FACTUAL" polarity="POS" type="PROBLEM" />
<EVENT id="E78" start="3213" end="3225" text="demonstrated" modality="FACTUAL" polarity="POS" type="EVIDENTIAL" />
<EVENT id="E111" start="815" end="825" text="bacteremia" modality="POSSIBLE" polarity="POS" type="PROBLEM" />
<EVENT id="E3" start="1069" end="1083" text="his heart rate" modality="FACTUAL" polarity="POS" type="TEST" />
<EVENT id="E26" start="1686" end="1693" text="culture" modality="FACTUAL" polarity="POS" type="TEST" />
<EVENT id="E32" start="1890" end="1899" text="admission" modality="FACTUAL" polarity="POS" type="OCCURRENCE" />
<EVENT id="E19" start="1455" end="1481" text="lower extremity cellulitis" modality="POSSIBLE" polarity="POS" type="PROBLEM" />
<EVENT id="E35" start="2011" end="2024" text="IV Penicillin" modality="FACTUAL" polarity="POS" type="TREATMENT" />
<EVENT id="E8" start="1186" end="1196" text="Cellulitis" modality="FACTUAL" polarity="POS" type="PROBLEM" />
<EVENT id="E28" start="1746" end="1758" text="transitioned" modality="FACTUAL" polarity="POS" type="OCCURRENCE" />
<EVENT id="E11" start="1265" end="1275" text="admissions" modality="FACTUAL" polarity="POS" type="OCCURRENCE" />
<EVENT id="E58" start="2685" end="2698" text="cardioversion" modality="PROPOSED" polarity="POS" type="TREATMENT" />
<EVENT id="E82" start="334" end="360" text="lower extremity cellulitis" modality="FACTUAL" polarity="POS" type="PROBLEM" />
<EVENT id="E52" start="2507" end="2520" text="IV metoprolol" modality="FACTUAL" polarity="POS" type="TREATMENT" />
<EVENT id="E49" start="2378" end="2409" text="a markedly dilated right atrium" modality="FACTUAL" polarity="POS" type="PROBLEM" />
<EVENT id="E112" start="864" end="895" text="hypotensive atrial fibrillation" modality="FACTUAL" polarity="POS" type="PROBLEM" />
<EVENT id="E5" start="1124" end="1140" text="oral medications" modality="FACTUAL" polarity="POS" type="TREATMENT" />
<EVENT id="E13" start="1295" end="1305" text="bacteremia" modality="FACTUAL" polarity="POS" type="PROBLEM" />
<EVENT id="E45" start="2290" end="2320" text="A transthoracic echocardiogram" modality="FACTUAL" polarity="POS" type="TEST" />
<EVENT id="E91" start="365" end="370" text="noted" modality="FACTUAL" polarity="POS" type="EVIDENTIAL" />
<EVENT id="E6" start="1145" end="1156" text="transferred" modality="FACTUAL" polarity="POS" type="OCCURRENCE" />
<EVENT id="E31" start="1853" end="1866" text="the infection" modality="FACTUAL" polarity="POS" type="PROBLEM" />
<EVENT id="E64" start="2911" end="2914" text="EKG" modality="FACTUAL" polarity="POS" type="TEST" />
<EVENT id="E77" start="3154" end="3167" text="his admission" modality="FACTUAL" polarity="POS" type="OCCURRENCE" />
<EVENT id="E90" start="3652" end="3662" text="cardiology" modality="FACTUAL" polarity="POS" type="CLINICAL_DEPT" />
<EVENT id="E33" start="1938" end="1950" text="levofloxacin" modality="FACTUAL" polarity="POS" type="TREATMENT" />
<EVENT id="E76" start="3124" end="3142" text="the nutrition team" modality="FACTUAL" polarity="POS" type="CLINICAL_DEPT" />
<EVENT id="E74" start="3069" end="3079" text="amiodarone" modality="FACTUAL" polarity="POS" type="TREATMENT" />
<EVENT id="E51" start="245" end="272" text="left lower extemity redness" modality="FACTUAL" polarity="POS" type="PROBLEM" />
<EVENT id="E106" start="696" end="699" text="N/V" modality="FACTUAL" polarity="NEG" type="PROBLEM" />
<EVENT id="E54" start="2578" end="2588" text="metoprolol" modality="FACTUAL" polarity="POS" type="TREATMENT" />
<EVENT id="E4" start="1108" end="1120" text="transitioned" modality="FACTUAL" polarity="POS" type="OCCURRENCE" />
<EVENT id="E115" start="948" end="963" text="his hypotension" modality="FACTUAL" polarity="POS" type="PROBLEM" />
<EVENT id="E83" start="3367" end="3376" text="repletion" modality="FACTUAL" polarity="POS" type="TREATMENT" />
<EVENT id="E18" start="1429" end="1447" text="the same infection" modality="FACTUAL" polarity="POS" type="PROBLEM" />
<EVENT id="E47" start="2328" end="2370" text="a mildly dilated and elongated left atrium" modality="FACTUAL" polarity="POS" type="PROBLEM" />
<EVENT id="E96" start="456" end="462" text="denied" modality="FACTUAL" polarity="POS" type="EVIDENTIAL" />
<EVENT id="E109" start="777" end="785" text="admitted" modality="FACTUAL" polarity="POS" type="OCCURRENCE" />
<EVENT id="E63" start="2852" end="2862" text="amiodarone" modality="FACTUAL" polarity="POS" type="TREATMENT" />
<EVENT id="E114" start="926" end="941" text="the Medical ICU" modality="FACTUAL" polarity="POS" type="CLINICAL_DEPT" />
<EVENT id="E75" start="3112" end="3120" text="followed" modality="FACTUAL" polarity="POS" type="OCCURRENCE" />
<EVENT id="E81" start="3330" end="3341" text="his surgery" modality="FACTUAL" polarity="POS" type="TREATMENT" />
<EVENT id="E94" start="393" end="407" text="the appearance" modality="FACTUAL" polarity="POS" type="PROBLEM" />
<EVENT id="E85" start="3393" end="3410" text="parathyroid tests" modality="FACTUAL" polarity="POS" type="TEST" />
<EVENT id="E73" start="3028" end="3035" text="his PCP" modality="FACTUAL" polarity="POS" type="CLINICAL_DEPT" />
<EVENT id="E67" start="2939" end="2959" text="mild QT prolongation" modality="FACTUAL" polarity="POS" type="PROBLEM" />
<EVENT id="E103" start="642" end="661" text="shortness of breath" modality="FACTUAL" polarity="NEG" type="PROBLEM" />
<EVENT id="E93" start="376" end="388" text="his symptoms" modality="FACTUAL" polarity="POS" type="PROBLEM" />
<EVENT id="E89" start="3637" end="3646" text="follow-up" modality="FACTUAL" polarity="POS" type="TEST" />
<EVENT id="E105" start="679" end="693" text="abdominal pain" modality="FACTUAL" polarity="NEG" type="PROBLEM" />
<EVENT id="E80" start="3298" end="3319" text="inadequate absorption" modality="POSSIBLE" polarity="POS" type="PROBLEM" />
<EVENT id="E102" start="629" end="639" text="chest pain" modality="FACTUAL" polarity="NEG" type="PROBLEM" />
<EVENT id="E68" start="2967" end="2973" text="effect" modality="FACTUAL" polarity="NEG" type="OCCURRENCE" />
<EVENT id="E66" start="2932" end="2938" text="showed" modality="FACTUAL" polarity="POS" type="EVIDENTIAL" />
<EVENT id="E56" start="2605" end="2619" text="The EP service" modality="FACTUAL" polarity="POS" type="CLINICAL_DEPT" />
<EVENT id="E88" start="3594" end="3618" text="a King of Hearts monitor" modality="FACTUAL" polarity="POS" type="TEST" />
<EVENT id="E70" start="2992" end="2995" text="EKG" modality="FACTUAL" polarity="POS" type="TEST" />
<EVENT id="E1" start="1020" end="1036" text="a diltiazam drip" modality="FACTUAL" polarity="POS" type="TREATMENT" />
<EVENT id="E116" start="981" end="994" text="IVF hydration" modality="FACTUAL" polarity="POS" type="TREATMENT" />
<EVENT id="E87" start="3481" end="3556" text="Kindred Park View Specialty Hospital of Springfield Rehabilitation Hospital" modality="FACTUAL" polarity="POS" type="CLINICAL_DEPT" />
<TIMEX3 id="T0" start="178" end="204" text="7 weeks prior to admission" type="DATE" val="2015-08-17" mod="APPROX" />
<TIMEX3 id="T1" start="18" end="28" text="2015-10-10" type="DATE" val="2015-10-10" mod="NA" />
<TIMEX3 id="T3" start="1928" end="1934" text="7 days" type="DURATION" val="P7D" mod="NA" />
<TIMEX3 id="T6" start="3427" end="3435" text="the time" type="DATE" val="2015-10-21" mod="NA" />
<TIMEX3 id="T2" start="1900" end="1912" text="1 year prior" type="DATE" val="2014-10-10" mod="APPROX" />
<TIMEX3 id="T8" start="567" end="584" text="the past few days" type="DURATION" val="P2D" mod="APPROX" />
<TIMEX3 id="T4" start="1994" end="2007" text="2 week course" type="DURATION" val="P2W" mod="NA" />
<TIMEX3 id="T7" start="46" end="56" text="2015-10-21" type="DATE" val="2015-10-21" mod="NA" />
<TIMEX3 id="T5" start="2894" end="2901" text="10 week" type="DURATION" val="P10W" mod="NA" />
<TLINK id="TL0" fromID="E0" fromText="Admission" toID="T1" toText="2015-10-10" type="OVERLAP" />
<TLINK id="TL1" fromID="E1" fromText="a diltiazam drip" toID="T7" toText="2015-10-21" type="BEFORE" />
<TLINK id="TL2" fromID="E2" fromText="atrial fibrillation" toID="T7" toText="2015-10-21" type="BEFORE" />
<TLINK id="TL3" fromID="E3" fromText="his heart rate" toID="T7" toText="2015-10-21" type="BEFORE" />
<TLINK id="TL4" fromID="E4" fromText="transitioned" toID="T7" toText="2015-10-21" type="BEFORE" />
<TLINK id="TL5" fromID="E5" fromText="oral medications" toID="T7" toText="2015-10-21" type="BEFORE" />
<TLINK id="TL6" fromID="E6" fromText="transferred" toID="T7" toText="2015-10-21" type="BEFORE" />
<TLINK id="TL7" fromID="E7" fromText="the medicine service" toID="T7" toText="2015-10-21" type="BEFORE" />
<TLINK id="TL8" fromID="E8" fromText="Cellulitis" toID="T7" toText="2015-10-21" type="BEFORE" />
<TLINK id="TL9" fromID="E9" fromText="Bacteremia" toID="T7" toText="2015-10-21" type="BEFORE" />
<TLINK id="TL10" fromID="E10" fromText="Review" toID="T7" toText="2015-10-21" type="BEFORE" />
<TLINK id="TL11" fromID="E11" fromText="admissions" toID="T7" toText="2015-10-21" type="BEFORE" />
<TLINK id="TL12" fromID="E12" fromText="cellulitis" toID="T7" toText="2015-10-21" type="BEFORE" />
<TLINK id="TL13" fromID="E13" fromText="bacteremia" toID="T7" toText="2015-10-21" type="BEFORE" />
<TLINK id="TL14" fromID="E14" fromText="Blood cultures" toID="T7" toText="2015-10-21" type="BEFORE" />
<TLINK id="TL15" fromID="E15" fromText="gastric bypass" toID="T1" toText="2015-10-10" type="BEFORE" />
<TLINK id="TL16" fromID="E16" fromText="this admission" toID="T7" toText="2015-10-21" type="BEFORE" />
<TLINK id="TL17" fromID="E17" fromText="Beta streptococcus Group B" toID="T7" toText="2015-10-21" type="BEFORE" />
<TLINK id="TL18" fromID="E18" fromText="the same infection" toID="T7" toText="2015-10-21" type="BEFORE" />
<TLINK id="TL19" fromID="E19" fromText="lower extremity cellulitis" toID="T7" toText="2015-10-21" type="BEFORE" />
<TLINK id="TL20" fromID="E20" fromText="A left lower extremity ultrasound" toID="T7" toText="2015-10-21" type="BEFORE" />
<TLINK id="TL21" fromID="E21" fromText="laprascopic cholecystectomy" toID="T1" toText="2015-10-10" type="BEFORE" />
<TLINK id="TL22" fromID="E22" fromText="deep venous thrombosis" toID="T7" toText="2015-10-21" type="BEFORE" />
<TLINK id="TL23" fromID="E23" fromText="a CTA" toID="T7" toText="2015-10-21" type="BEFORE" />
<TLINK id="TL24" fromID="E24" fromText="vancomycin" toID="T7" toText="2015-10-21" type="BEFORE" />
<TLINK id="TL25" fromID="E25" fromText="zosyn" toID="T7" toText="2015-10-21" type="BEFORE" />
<TLINK id="TL26" fromID="E26" fromText="culture" toID="T7" toText="2015-10-21" type="BEFORE" />
<TLINK id="TL27" fromID="E27" fromText="the organism" toID="T7" toText="2015-10-21" type="BEFORE" />
<TLINK id="TL28" fromID="E28" fromText="transitioned" toID="T7" toText="2015-10-21" type="BEFORE" />
<TLINK id="TL29" fromID="E29" fromText="intravenous penicillin" toID="T7" toText="2015-10-21" type="BEFORE" />
<TLINK id="TL30" fromID="E30" fromText="oral levofloxacin" toID="T7" toText="2015-10-21" type="BEFORE" />
<TLINK id="TL31" fromID="E31" fromText="the infection" toID="T7" toText="2015-10-21" type="BEFORE" />
<TLINK id="TL32" fromID="E32" fromText="admission" toID="T7" toText="2015-10-21" type="BEFORE" />
<TLINK id="TL33" fromID="E33" fromText="levofloxacin" toID="T7" toText="2015-10-21" type="BEFORE" />
<TLINK id="TL34" fromID="E34" fromText="a PICC line" toID="T7" toText="2015-10-21" type="BEFORE" />
<TLINK id="TL35" fromID="E35" fromText="IV Penicillin" toID="T7" toText="2015-10-21" type="BEFORE" />
<TLINK id="TL36" fromID="E36" fromText="Atrial fibrillation" toID="T7" toText="2015-10-21" type="BEFORE" />
<TLINK id="TL37" fromID="E37" fromText="atrial fibrillation" toID="T7" toText="2015-10-21" type="BEFORE" />
<TLINK id="TL38" fromID="E38" fromText="presented" toID="T1" toText="2015-10-10" type="BEFORE" />
<TLINK id="TL39" fromID="E39" fromText="infection" toID="T7" toText="2015-10-21" type="BEFORE" />
<TLINK id="TL40" fromID="E40" fromText="structural heart disease" toID="T7" toText="2015-10-21" type="BEFORE" />
<TLINK id="TL41" fromID="E41" fromText="intravenous diltiazam" toID="T7" toText="2015-10-21" type="BEFORE" />
<TLINK id="TL42" fromID="E42" fromText="fever" toID="T1" toText="2015-10-10" type="BEFORE" />
<TLINK id="TL43" fromID="E43" fromText="metoprolol" toID="T7" toText="2015-10-21" type="BEFORE" />
<TLINK id="TL44" fromID="E44" fromText="anticoagulation" toID="T7" toText="2015-10-21" type="BEFORE" />
<TLINK id="TL45" fromID="E45" fromText="A transthoracic echocardiogram" toID="T7" toText="2015-10-21" type="BEFORE" />
<TLINK id="TL46" fromID="E46" fromText="showed" toID="T7" toText="2015-10-21" type="BEFORE" />
<TLINK id="TL47" fromID="E47" fromText="a mildly dilated and elongated left atrium" toID="T7" toText="2015-10-21" type="BEFORE" />
<TLINK id="TL48" fromID="E48" fromText="chills" toID="T1" toText="2015-10-10" type="BEFORE" />
<TLINK id="TL49" fromID="E49" fromText="a markedly dilated right atrium" toID="T7" toText="2015-10-21" type="BEFORE" />
<TLINK id="TL50" fromID="E50" fromText="rapid atrial fibrillation" toID="T7" toText="2015-10-21" type="BEFORE" />
<TLINK id="TL51" fromID="E51" fromText="left lower extemity redness" toID="T1" toText="2015-10-10" type="BEFORE" />
<TLINK id="TL52" fromID="E52" fromText="IV metoprolol" toID="T7" toText="2015-10-21" type="BEFORE" />
<TLINK id="TL53" fromID="E53" fromText="his rate" toID="T7" toText="2015-10-21" type="BEFORE" />
<TLINK id="TL54" fromID="E54" fromText="metoprolol" toID="T7" toText="2015-10-21" type="BEFORE" />
<TLINK id="TL55" fromID="E55" fromText="diltiazam" toID="T7" toText="2015-10-21" type="BEFORE" />
<TLINK id="TL56" fromID="E56" fromText="The EP service" toID="T7" toText="2015-10-21" type="BEFORE" />
<TLINK id="TL57" fromID="E57" fromText="transesophageal echocardiogram" toID="T7" toText="2015-10-21" type="BEFORE" />
<TLINK id="TL58" fromID="E58" fromText="cardioversion" toID="T7" toText="2015-10-21" type="BEFORE" />
<TLINK id="TL59" fromID="E59" fromText="The TEE" toID="T7" toText="2015-10-21" type="BEFORE" />
<TLINK id="TL60" fromID="E60" fromText="thrombus" toID="T7" toText="2015-10-21" type="BEFORE" />
<TLINK id="TL61" fromID="E61" fromText="cardioverted" toID="T7" toText="2015-10-21" type="BEFORE" />
<TLINK id="TL62" fromID="E62" fromText="ibutilide" toID="T7" toText="2015-10-21" type="BEFORE" />
<TLINK id="TL63" fromID="E63" fromText="amiodarone" toID="T7" toText="2015-10-21" type="BEFORE" />
<TLINK id="TL64" fromID="E64" fromText="EKG" toID="T7" toText="2015-10-21" type="BEFORE" />
<TLINK id="TL65" fromID="E65" fromText="discharge" toID="T7" toText="2015-10-21" type="BEFORE" />
<TLINK id="TL66" fromID="E66" fromText="showed" toID="T7" toText="2015-10-21" type="BEFORE" />
<TLINK id="TL67" fromID="E67" fromText="mild QT prolongation" toID="T7" toText="2015-10-21" type="BEFORE" />
<TLINK id="TL68" fromID="E68" fromText="effect" toID="T7" toText="2015-10-21" type="BEFORE" />
<TLINK id="TL69" fromID="E69" fromText="amiodarone" toID="T7" toText="2015-10-21" type="BEFORE" />
<TLINK id="TL70" fromID="E70" fromText="EKG" toID="T7" toText="2015-10-21" type="BEFORE" />
<TLINK id="TL71" fromID="E71" fromText="Discharge" toID="T7" toText="2015-10-21" type="OVERLAP" />
<TLINK id="TL72" fromID="E72" fromText="LFTs" toID="T7" toText="2015-10-21" type="BEFORE" />
<TLINK id="TL73" fromID="E73" fromText="his PCP" toID="T7" toText="2015-10-21" type="BEFORE" />
<TLINK id="TL74" fromID="E74" fromText="amiodarone" toID="T7" toText="2015-10-21" type="BEFORE" />
<TLINK id="TL75" fromID="E75" fromText="followed" toID="T7" toText="2015-10-21" type="BEFORE" />
<TLINK id="TL76" fromID="E76" fromText="the nutrition team" toID="T7" toText="2015-10-21" type="BEFORE" />
<TLINK id="TL77" fromID="E77" fromText="his admission" toID="T7" toText="2015-10-21" type="BEFORE" />
<TLINK id="TL78" fromID="E78" fromText="demonstrated" toID="T7" toText="2015-10-21" type="BEFORE" />
<TLINK id="TL79" fromID="E79" fromText="several asymptomatic electrolyte deficiecies" toID="T7" toText="2015-10-21" type="BEFORE" />
<TLINK id="TL80" fromID="E80" fromText="inadequate absorption" toID="T7" toText="2015-10-21" type="BEFORE" />
<TLINK id="TL81" fromID="E81" fromText="his surgery" toID="T7" toText="2015-10-21" type="BEFORE" />
<TLINK id="TL82" fromID="E82" fromText="lower extremity cellulitis" toID="T1" toText="2015-10-10" type="BEFORE" />
<TLINK id="TL83" fromID="E83" fromText="repletion" toID="T7" toText="2015-10-21" type="BEFORE" />
<TLINK id="TL84" fromID="E84" fromText="Vitamin D" toID="T7" toText="2015-10-21" type="BEFORE" />
<TLINK id="TL85" fromID="E85" fromText="parathyroid tests" toID="T7" toText="2015-10-21" type="BEFORE" />
<TLINK id="TL86" fromID="E86" fromText="discharged" toID="T7" toText="2015-10-21" type="BEFORE" />
<TLINK id="TL87" fromID="E87" fromText="Kindred Park View Specialty Hospital of Springfield Rehabilitation Hospital" toID="T7" toText="2015-10-21" type="BEFORE" />
<TLINK id="TL88" fromID="E88" fromText="a King of Hearts monitor" toID="T7" toText="2015-10-21" type="BEFORE" />
<TLINK id="TL89" fromID="E89" fromText="follow-up" toID="T7" toText="2015-10-21" type="BEFORE" />
<TLINK id="TL90" fromID="E90" fromText="cardiology" toID="T7" toText="2015-10-21" type="BEFORE" />
<TLINK id="TL91" fromID="E91" fromText="noted" toID="T1" toText="2015-10-10" type="BEFORE" />
<TLINK id="TL92" fromID="E92" fromText="his primary care physician" toID="T7" toText="2015-10-21" type="BEFORE" />
<TLINK id="TL93" fromID="E93" fromText="his symptoms" toID="T1" toText="2015-10-10" type="BEFORE" />
<TLINK id="TL94" fromID="E94" fromText="the appearance" toID="T1" toText="2015-10-10" type="BEFORE" />
<TLINK id="TL95" fromID="E95" fromText="previous episodes" toID="T1" toText="2015-10-10" type="BEFORE" />
<TLINK id="TL96" fromID="E96" fromText="denied" toID="T1" toText="2015-10-10" type="OVERLAP" />
<TLINK id="TL97" fromID="E97" fromText="recent trauma to the area" toID="T1" toText="2015-10-10" type="BEFORE" />
<TLINK id="TL98" fromID="E98" fromText="Review of systems" toID="T1" toText="2015-10-10" type="BEFORE" />
<TLINK id="TL99" fromID="E99" fromText="painful urination" toID="T1" toText="2015-10-10" type="BEFORE" />
<TLINK id="TL100" fromID="E100" fromText="a reduction in urine output" toID="T1" toText="2015-10-10" type="BEFORE" />
<TLINK id="TL101" fromID="E101" fromText="denied" toID="T1" toText="2015-10-10" type="OVERLAP" />
<TLINK id="TL102" fromID="E102" fromText="chest pain" toID="T1" toText="2015-10-10" type="BEFORE" />
<TLINK id="TL103" fromID="E103" fromText="shortness of breath" toID="T1" toText="2015-10-10" type="BEFORE" />
<TLINK id="TL104" fromID="E104" fromText="palpitations" toID="T1" toText="2015-10-10" type="BEFORE" />
<TLINK id="TL105" fromID="E105" fromText="abdominal pain" toID="T1" toText="2015-10-10" type="BEFORE" />
<TLINK id="TL106" fromID="E106" fromText="N/V" toID="T1" toText="2015-10-10" type="BEFORE" />
<TLINK id="TL107" fromID="E107" fromText="penile discharge" toID="T1" toText="2015-10-10" type="BEFORE" />
<TLINK id="TL108" fromID="E108" fromText="obese" toID="T7" toText="2015-10-21" type="BEFORE" />
<TLINK id="TL109" fromID="E109" fromText="admitted" toID="T7" toText="2015-10-21" type="BEFORE" />
<TLINK id="TL110" fromID="E110" fromText="cellulitis" toID="T7" toText="2015-10-21" type="BEFORE" />
<TLINK id="TL111" fromID="E111" fromText="bacteremia" toID="T7" toText="2015-10-21" type="BEFORE" />
<TLINK id="TL112" fromID="E112" fromText="hypotensive atrial fibrillation" toID="T7" toText="2015-10-21" type="BEFORE" />
<TLINK id="TL113" fromID="E113" fromText="admitted" toID="T7" toText="2015-10-21" type="BEFORE" />
<TLINK id="TL114" fromID="E114" fromText="the Medical ICU" toID="T7" toText="2015-10-21" type="BEFORE" />
<TLINK id="TL115" fromID="E115" fromText="his hypotension" toID="T7" toText="2015-10-21" type="BEFORE" />
<TLINK id="TL116" fromID="E116" fromText="IVF hydration" toID="T7" toText="2015-10-21" type="BEFORE" />
<TLINK id="TL117" fromID="E15" fromText="gastric bypass" toID="E21" toText="laprascopic cholecystectomy" type="OVERLAP" />
<TLINK id="TL118" fromID="E15" fromText="gastric bypass" toID="E51" toText="left lower extemity redness" type="AFTER" />
<TLINK id="TL119" fromID="E21" fromText="laprascopic cholecystectomy" toID="T0" toText="7 weeks prior to admission" type="AFTER" />
<TLINK id="TL120" fromID="T0" fromText="7 weeks prior to admission" toID="E38" toText="presented" type="BEFORE" />
<TLINK id="TL121" fromID="T0" fromText="7 weeks prior to admission" toID="E51" toText="left lower extemity redness" type="AFTER" />
<TLINK id="TL122" fromID="E38" fromText="presented" toID="E42" toText="fever" type="AFTER" />
<TLINK id="TL123" fromID="E42" fromText="fever" toID="E48" toText="chills" type="OVERLAP" />
<TLINK id="TL124" fromID="E48" fromText="chills" toID="E51" toText="left lower extemity redness" type="OVERLAP" />
<TLINK id="TL125" fromID="E91" fromText="noted" toID="E93" toText="his symptoms" type="AFTER" />
<TLINK id="TL126" fromID="E93" fromText="his symptoms" toID="E94" toText="the appearance" type="OVERLAP" />
<TLINK id="TL127" fromID="E94" fromText="the appearance" toID="E95" toText="previous episodes" type="OVERLAP" />
<TLINK id="TL128" fromID="E96" fromText="denied" toID="E97" toText="recent trauma to the area" type="AFTER" />
<TLINK id="TL129" fromID="E98" fromText="Review of systems" toID="E99" toText="painful urination" type="AFTER" />
<TLINK id="TL130" fromID="E99" fromText="painful urination" toID="T8" toText="the past few days" type="OVERLAP" />
<TLINK id="TL131" fromID="T8" fromText="the past few days" toID="E100" toText="a reduction in urine output" type="OVERLAP" />
<TLINK id="TL132" fromID="E101" fromText="denied" toID="E102" toText="chest pain" type="AFTER" />
<TLINK id="TL133" fromID="E106" fromText="N/V" toID="E107" toText="penile discharge" type="OVERLAP" />
<TLINK id="TL134" fromID="E108" fromText="obese" toID="E109" toText="admitted" type="BEFORE" />
<TLINK id="TL135" fromID="E109" fromText="admitted" toID="E110" toText="cellulitis" type="AFTER" />
<TLINK id="TL136" fromID="E110" fromText="cellulitis" toID="E111" toText="bacteremia" type="OVERLAP" />
<TLINK id="TL137" fromID="E113" fromText="admitted" toID="E114" toText="the Medical ICU" type="BEFORE" />
<TLINK id="TL138" fromID="E114" fromText="the Medical ICU" toID="E115" toText="his hypotension" type="AFTER" />
<TLINK id="TL139" fromID="E115" fromText="his hypotension" toID="E116" toText="IVF hydration" type="BEFORE" />
<TLINK id="TL140" fromID="E116" fromText="IVF hydration" toID="E1" toText="a diltiazam drip" type="OVERLAP" />
<TLINK id="TL141" fromID="E1" fromText="a diltiazam drip" toID="E2" toText="atrial fibrillation" type="AFTER" />
<TLINK id="TL142" fromID="E3" fromText="his heart rate" toID="E4" toText="transitioned" type="OVERLAP" />
<TLINK id="TL143" fromID="E4" fromText="transitioned" toID="E5" toText="oral medications" type="BEFORE" />
<TLINK id="TL144" fromID="E4" fromText="transitioned" toID="E6" toText="transferred" type="BEFORE" />
<TLINK id="TL145" fromID="E6" fromText="transferred" toID="E7" toText="the medicine service" type="BEFORE" />
<TLINK id="TL146" fromID="E8" fromText="Cellulitis" toID="E9" toText="Bacteremia" type="OVERLAP" />
<TLINK id="TL147" fromID="E10" fromText="Review" toID="E11" toText="admissions" type="OVERLAP" />
<TLINK id="TL148" fromID="E11" fromText="admissions" toID="E12" toText="cellulitis" type="OVERLAP" />
<TLINK id="TL149" fromID="E12" fromText="cellulitis" toID="E13" toText="bacteremia" type="OVERLAP" />
<TLINK id="TL150" fromID="E14" fromText="Blood cultures" toID="E16" toText="this admission" type="OVERLAP" />
<TLINK id="TL151" fromID="E16" fromText="this admission" toID="E17" toText="Beta streptococcus Group B" type="AFTER" />
<TLINK id="TL152" fromID="E18" fromText="the same infection" toID="E19" toText="lower extremity cellulitis" type="OVERLAP" />
<TLINK id="TL153" fromID="E20" fromText="A left lower extremity ultrasound" toID="E22" toText="deep venous thrombosis" type="AFTER" />
<TLINK id="TL154" fromID="E24" fromText="vancomycin" toID="E25" toText="zosyn" type="OVERLAP" />
<TLINK id="TL155" fromID="E25" fromText="zosyn" toID="E26" toText="culture" type="OVERLAP" />
<TLINK id="TL156" fromID="E27" fromText="the organism" toID="E28" toText="transitioned" type="OVERLAP" />
<TLINK id="TL157" fromID="E28" fromText="transitioned" toID="E29" toText="intravenous penicillin" type="OVERLAP" />
<TLINK id="TL158" fromID="E29" fromText="intravenous penicillin" toID="E30" toText="oral levofloxacin" type="OVERLAP" />
<TLINK id="TL159" fromID="E31" fromText="the infection" toID="E32" toText="admission" type="BEFORE" />
<TLINK id="TL160" fromID="E32" fromText="admission" toID="T2" toText="1 year prior" type="OVERLAP" />
<TLINK id="TL161" fromID="T3" fromText="7 days" toID="E33" toText="levofloxacin" type="OVERLAP" />
<TLINK id="TL162" fromID="E33" fromText="levofloxacin" toID="E34" toText="a PICC line" type="OVERLAP" />
<TLINK id="TL163" fromID="E34" fromText="a PICC line" toID="T4" toText="2 week course" type="OVERLAP" />
<TLINK id="TL164" fromID="T4" fromText="2 week course" toID="E35" toText="IV Penicillin" type="OVERLAP" />
<TLINK id="TL165" fromID="E37" fromText="atrial fibrillation" toID="E39" toText="infection" type="OVERLAP" />
<TLINK id="TL166" fromID="E39" fromText="infection" toID="E40" toText="structural heart disease" type="OVERLAP" />
<TLINK id="TL167" fromID="E41" fromText="intravenous diltiazam" toID="E43" toText="metoprolol" type="OVERLAP" />
<TLINK id="TL168" fromID="E43" fromText="metoprolol" toID="E44" toText="anticoagulation" type="OVERLAP" />
<TLINK id="TL169" fromID="E45" fromText="A transthoracic echocardiogram" toID="E46" toText="showed" type="OVERLAP" />
<TLINK id="TL170" fromID="E46" fromText="showed" toID="E47" toText="a mildly dilated and elongated left atrium" type="AFTER" />
<TLINK id="TL171" fromID="E46" fromText="showed" toID="E49" toText="a markedly dilated right atrium" type="AFTER" />
<TLINK id="TL172" fromID="E47" fromText="a mildly dilated and elongated left atrium" toID="E49" toText="a markedly dilated right atrium" type="OVERLAP" />
<TLINK id="TL173" fromID="E50" fromText="rapid atrial fibrillation" toID="E52" toText="IV metoprolol" type="OVERLAP" />
<TLINK id="TL174" fromID="E53" fromText="his rate" toID="E54" toText="metoprolol" type="OVERLAP" />
<TLINK id="TL175" fromID="E54" fromText="metoprolol" toID="E55" toText="diltiazam" type="OVERLAP" />
<TLINK id="TL176" fromID="E56" fromText="The EP service" toID="E57" toText="transesophageal echocardiogram" type="OVERLAP" />
<TLINK id="TL177" fromID="E57" fromText="transesophageal echocardiogram" toID="E58" toText="cardioversion" type="OVERLAP" />
<TLINK id="TL178" fromID="E59" fromText="The TEE" toID="E60" toText="thrombus" type="OVERLAP" />
<TLINK id="TL179" fromID="E60" fromText="thrombus" toID="E61" toText="cardioverted" type="BEFORE" />
<TLINK id="TL180" fromID="E61" fromText="cardioverted" toID="E62" toText="ibutilide" type="OVERLAP" />
<TLINK id="TL181" fromID="E63" fromText="amiodarone" toID="T5" toText="10 week" type="OVERLAP" />
<TLINK id="TL182" fromID="E64" fromText="EKG" toID="E65" toText="discharge" type="OVERLAP" />
<TLINK id="TL183" fromID="E64" fromText="EKG" toID="E66" toText="showed" type="OVERLAP" />
<TLINK id="TL184" fromID="E65" fromText="discharge" toID="E66" toText="showed" type="OVERLAP" />
<TLINK id="TL185" fromID="E66" fromText="showed" toID="E67" toText="mild QT prolongation" type="AFTER" />
<TLINK id="TL186" fromID="E66" fromText="showed" toID="E69" toText="amiodarone" type="AFTER" />
<TLINK id="TL187" fromID="E67" fromText="mild QT prolongation" toID="E68" toText="effect" type="OVERLAP" />
<TLINK id="TL188" fromID="E68" fromText="effect" toID="E69" toText="amiodarone" type="AFTER" />
<TLINK id="TL189" fromID="E70" fromText="EKG" toID="E72" toText="LFTs" type="OVERLAP" />
<TLINK id="TL190" fromID="E72" fromText="LFTs" toID="E73" toText="his PCP" type="OVERLAP" />
<TLINK id="TL191" fromID="E73" fromText="his PCP" toID="E74" toText="amiodarone" type="OVERLAP" />
<TLINK id="TL192" fromID="E75" fromText="followed" toID="E76" toText="the nutrition team" type="OVERLAP" />
<TLINK id="TL193" fromID="E75" fromText="followed" toID="E77" toText="his admission" type="OVERLAP" />
<TLINK id="TL194" fromID="E76" fromText="the nutrition team" toID="E77" toText="his admission" type="AFTER" />
<TLINK id="TL195" fromID="E78" fromText="demonstrated" toID="E79" toText="several asymptomatic electrolyte deficiecies" type="AFTER" />
<TLINK id="TL196" fromID="E79" fromText="several asymptomatic electrolyte deficiecies" toID="E80" toText="inadequate absorption" type="OVERLAP" />
<TLINK id="TL197" fromID="E80" fromText="inadequate absorption" toID="E81" toText="his surgery" type="AFTER" />
<TLINK id="TL198" fromID="E81" fromText="his surgery" toID="E83" toText="repletion" type="BEFORE" />
<TLINK id="TL199" fromID="E84" fromText="Vitamin D" toID="E85" toText="parathyroid tests" type="OVERLAP" />
<TLINK id="TL200" fromID="E85" fromText="parathyroid tests" toID="T6" toText="the time" type="OVERLAP" />
<TLINK id="TL201" fromID="E86" fromText="discharged" toID="E87" toText="Kindred Park View Specialty Hospital of Springfield Rehabilitation Hospital" type="BEFORE" />
<TLINK id="TL202" fromID="E88" fromText="a King of Hearts monitor" toID="E89" toText="follow-up" type="OVERLAP" />
<TLINK id="TL203" fromID="E88" fromText="a King of Hearts monitor" toID="E92" toText="his primary care physician" type="OVERLAP" />
<TLINK id="TL204" fromID="E89" fromText="follow-up" toID="E90" toText="cardiology" type="OVERLAP" />
<TLINK id="TL205" fromID="E90" fromText="cardiology" toID="E92" toText="his primary care physician" type="OVERLAP" />
<TLINK id="TL206" fromID="E108" fromText="obese" toID="E112" toText="hypotensive atrial fibrillation" type="OVERLAP" />
<TLINK id="TL207" fromID="E43" fromText="metoprolol" toID="E54" toText="metoprolol" type="OVERLAP" />
<TLINK id="TL208" fromID="E37" fromText="atrial fibrillation" toID="E50" toText="rapid atrial fibrillation" type="OVERLAP" />
<TLINK id="TL209" fromID="E50" fromText="rapid atrial fibrillation" toID="E53" toText="his rate" type="OVERLAP" />
<TLINK id="TL210" fromID="E8" fromText="Cellulitis" toID="E10" toText="Review" type="BEFORE" />
<TLINK id="TL211" fromID="E56" fromText="The EP service" toID="E59" toText="The TEE" type="OVERLAP" />
<TLINK id="TL212" fromID="E111" fromText="bacteremia" toID="E9" toText="Bacteremia" type="OVERLAP" />
<TLINK id="TL213" fromID="E2" fromText="atrial fibrillation" toID="E36" toText="Atrial fibrillation" type="OVERLAP" />
<TLINK id="TL214" fromID="E82" fromText="lower extremity cellulitis" toID="E8" toText="Cellulitis" type="OVERLAP" />
<TLINK id="TL215" fromID="E98" fromText="Review of systems" toID="E101" toText="denied" type="OVERLAP" />
<TLINK id="TL216" fromID="E2" fromText="atrial fibrillation" toID="E50" toText="rapid atrial fibrillation" type="OVERLAP" />
<TLINK id="TL217" fromID="E2" fromText="atrial fibrillation" toID="E3" toText="his heart rate" type="OVERLAP" />
<TLINK id="TL218" fromID="E112" fromText="hypotensive atrial fibrillation" toID="E2" toText="atrial fibrillation" type="OVERLAP" />
<TLINK id="TL219" fromID="E77" fromText="his admission" toID="E78" toText="demonstrated" type="OVERLAP" />
<TLINK id="TL220" fromID="E112" fromText="hypotensive atrial fibrillation" toID="E36" toText="Atrial fibrillation" type="OVERLAP" />
<TLINK id="TL221" fromID="E19" fromText="lower extremity cellulitis" toID="E20" toText="A left lower extremity ultrasound" type="OVERLAP" />
<TLINK id="TL222" fromID="E63" fromText="amiodarone" toID="E64" toText="EKG" type="OVERLAP" />
<TLINK id="TL223" fromID="E3" fromText="his heart rate" toID="E8" toText="Cellulitis" type="OVERLAP" />
<TLINK id="TL224" fromID="E13" fromText="bacteremia" toID="E14" toText="Blood cultures" type="BEFORE" />
<TLINK id="TL225" fromID="E112" fromText="hypotensive atrial fibrillation" toID="E50" toText="rapid atrial fibrillation" type="OVERLAP" />
<TLINK id="TL226" fromID="E111" fromText="bacteremia" toID="E13" toText="bacteremia" type="OVERLAP" />
<TLINK id="TL227" fromID="E85" fromText="parathyroid tests" toID="E86" toText="discharged" type="BEFORE" />
<TLINK id="TL228" fromID="E110" fromText="cellulitis" toID="E8" toText="Cellulitis" type="OVERLAP" />
<TLINK id="TL229" fromID="E82" fromText="lower extremity cellulitis" toID="E96" toText="denied" type="BEFORE" />
<TLINK id="TL230" fromID="E8" fromText="Cellulitis" toID="E19" toText="lower extremity cellulitis" type="OVERLAP" />
<TLINK id="TL231" fromID="E84" fromText="Vitamin D" toID="E86" toText="discharged" type="BEFORE" />
<TLINK id="TL232" fromID="E63" fromText="amiodarone" toID="E74" toText="amiodarone" type="OVERLAP" />
<TLINK id="TL233" fromID="E95" fromText="previous episodes" toID="E96" toText="denied" type="BEFORE" />
<TLINK id="TL234" fromID="E30" fromText="oral levofloxacin" toID="E33" toText="levofloxacin" type="OVERLAP" />
<TLINK id="TL235" fromID="E62" fromText="ibutilide" toID="E63" toText="amiodarone" type="OVERLAP" />
<TLINK id="TL236" fromID="E112" fromText="hypotensive atrial fibrillation" toID="E113" toText="admitted" type="BEFORE" />
<TLINK id="TL237" fromID="E69" fromText="amiodarone" toID="E74" toText="amiodarone" type="OVERLAP" />
<TLINK id="TL238" fromID="E17" fromText="Beta streptococcus Group B" toID="E18" toText="the same infection" type="BEFORE" />
<TLINK id="TL239" fromID="E37" fromText="atrial fibrillation" toID="E41" toText="intravenous diltiazam" type="OVERLAP" />
<TLINK id="TL240" fromID="E27" fromText="the organism" toID="E33" toText="levofloxacin" type="OVERLAP" />
<TLINK id="TL241" fromID="E82" fromText="lower extremity cellulitis" toID="E110" toText="cellulitis" type="OVERLAP" />
<TLINK id="TL242" fromID="E36" fromText="Atrial fibrillation" toID="E50" toText="rapid atrial fibrillation" type="OVERLAP" />
<TLINK id="TL243" fromID="E110" fromText="cellulitis" toID="E19" toText="lower extremity cellulitis" type="OVERLAP" />
<TLINK id="TL244" fromID="E52" fromText="IV metoprolol" toID="E54" toText="metoprolol" type="OVERLAP" />
<TLINK id="TL245" fromID="E9" fromText="Bacteremia" toID="E13" toText="bacteremia" type="OVERLAP" />
<TLINK id="TL246" fromID="E86" fromText="discharged" toID="E89" toText="follow-up" type="BEFORE" />
<TLINK id="TL247" fromID="E114" fromText="the Medical ICU" toID="E6" toText="transferred" type="BEFORE" />
<TLINK id="TL248" fromID="E29" fromText="intravenous penicillin" toID="E35" toText="IV Penicillin" type="OVERLAP" />
<TLINK id="TL249" fromID="E12" fromText="cellulitis" toID="E19" toText="lower extremity cellulitis" type="OVERLAP" />
<TLINK id="TL250" fromID="E31" fromText="the infection" toID="E39" toText="infection" type="OVERLAP" />
<TLINK id="TL251" fromID="E82" fromText="lower extremity cellulitis" toID="E12" toText="cellulitis" type="OVERLAP" />
<TLINK id="TL252" fromID="E18" fromText="the same infection" toID="E31" toText="the infection" type="OVERLAP" />
<TLINK id="TL253" fromID="E8" fromText="Cellulitis" toID="E12" toText="cellulitis" type="OVERLAP" />
<TLINK id="TL254" fromID="E41" fromText="intravenous diltiazam" toID="E55" toText="diltiazam" type="OVERLAP" />
<TLINK id="TL255" fromID="E59" fromText="The TEE" toID="E63" toText="amiodarone" type="OVERLAP" />
<TLINK id="TL256" fromID="E2" fromText="atrial fibrillation" toID="E37" toText="atrial fibrillation" type="OVERLAP" />
<TLINK id="TL257" fromID="E78" fromText="demonstrated" toID="E84" toText="Vitamin D" type="OVERLAP" />
<TLINK id="TL258" fromID="E100" fromText="a reduction in urine output" toID="E101" toText="denied" type="BEFORE" />
<TLINK id="TL259" fromID="E9" fromText="Bacteremia" toID="E10" toText="Review" type="BEFORE" />
<TLINK id="TL260" fromID="E14" fromText="Blood cultures" toID="E26" toText="culture" type="OVERLAP" />
<TLINK id="TL261" fromID="E112" fromText="hypotensive atrial fibrillation" toID="E37" toText="atrial fibrillation" type="OVERLAP" />
<TLINK id="TL262" fromID="E18" fromText="the same infection" toID="E20" toText="A left lower extremity ultrasound" type="OVERLAP" />
<TLINK id="TL263" fromID="E36" fromText="Atrial fibrillation" toID="E37" toText="atrial fibrillation" type="OVERLAP" />
<TLINK id="TL264" fromID="E64" fromText="EKG" toID="E70" toText="EKG" type="OVERLAP" />
<TLINK id="TL265" fromID="E40" fromText="structural heart disease" toID="E41" toText="intravenous diltiazam" type="BEFORE" />
<TLINK id="TL266" fromID="E113" fromText="admitted" toID="E3" toText="his heart rate" type="OVERLAP" />
<TLINK id="TL267" fromID="E18" fromText="the same infection" toID="E39" toText="infection" type="OVERLAP" />
<TLINK id="TL268" fromID="E63" fromText="amiodarone" toID="E69" toText="amiodarone" type="OVERLAP" />
<TLINK id="TL269" fromID="E51" fromText="left lower extemity redness" toID="E82" toText="lower extremity cellulitis" type="OVERLAP" />
<TLINK id="TL270" fromID="E82" fromText="lower extremity cellulitis" toID="E19" toText="lower extremity cellulitis" type="OVERLAP" />
<TLINK id="TL271" fromID="E110" fromText="cellulitis" toID="E12" toText="cellulitis" type="OVERLAP" />
<TLINK id="TL272" fromID="E43" fromText="metoprolol" toID="E52" toText="IV metoprolol" type="OVERLAP" />
<SECTIME id="S1" start="46" end="56" text="2015-10-21" type="DISCHARGE" dvalue="2015-10-21" />
<SECTIME id="S0" start="18" end="28" text="2015-10-10" type="ADMISSION" dvalue="2015-10-10" />
</TAGS>
</ClinicalNarrativeTemporalAnnotation>
