<?xml version="1.0" encoding="UTF-8" ?>
<ClinicalNarrativeTemporalAnnotation>
<TEXT><![CDATA[
Admission Date :
2016-05-05
Discharge Date :
2016-06-15
Service :
NEONATOLOGY
HISTORY OF PRESENT ILLNESS :
The patient is a 30 and 08-01 week gestation female , triplet number two , delivered by cesarean section due to progressive preterm labor and triplet gestation .
PERINATAL HISTORY :
Mother is a 29 year-old gravida 4 , para 1 mother , Marian Jane conception , EDC 2016-07-08 .
Prenatal screen , O positive , antibody negative , RPR nonreactive , hepatitis B surface antigen negative , reportedly GBS negative , Rubella immune .
Pregnancy complicated by gestational diabetes mellitus , then possible preterm labor .
Mother presented with abdominal discomfort and vaginal pressure at 23 and 1/7 weeks .
At that time she was admitted and received a full course of betamethasone at 24 weeks and remained in house until delivery .
Mother presented on day of delivery with preterm labor , cervical dilation , therefore delivered by repeat cesarean section .
This triplet required only blow by oxygen and routine care in delivery room .
Apgars were 8 at one minute and 9 at five minutes .
Infant demonstrated mild increased work of breathing in the delivery room .
Infant transported to Neonatal Intensive Care Unit on facial CPAP .
HOSPITAL COURSE :
1. Pulmonary :
On admission the infant required CPAP 6 cm of water , 30% oxygen .
Initial capillary blood gas was pH 7.29 , CO2 47 .
Infant was intubated on day of life two for increased respiratory distress and received one dose of surfactant .
Infant was extubated on day of life four to CPAP and transitioned to room air on day of life six .
The infant has remained in room air throughout the hospitalization .
Caffeine citrate was started on day of life six and was discontinued on 05-23 ( day of life 18 ).
The last apnea and bradycardia was on 06-10 .
2. Cardiovascular :
The infant has remained hemodynamically stable throughout this hospitalization , no murmur .
Heart rate 150 to 160 , mean blood pressure 40 to 54 .
3. Fluid , electrolytes and nutrition :
Infant was initially nothing by mouth receiving 80 cc per kilogram per day of D10W intravenously .
Infant was started on enteral feedings on day of life four and advanced to full volume feedings of 150 cc per kilogram per day by day of life seven .
During feeding advancement infant was given parenteral nutrition and intralipids .
The infant tolerated feeding advancement without difficulty .
Infant was advanced to maximum caloric density of breast milk or premature Enfamil 26 calories per ounce with ProMod by day of life 11 .
Infant is currently on breast milk or Enfamil 24 calories per ounce po minimum 140 cc per kilogram per day .
The most recent weight is 2525 g.
Head circumference 24.5 cm , length 45.5 cm .
The most recent electrolytes on day of life five were sodium 145 , chloride 115 , potassium 4 , TCO2 of 21 .
On day of life 25 , calcium 10.1 , phosphorus 6.9 , alkaline phosphatase 341 .
4. Gastrointestinal :
Infant was started on double phototherapy on day of life two for a maximum bilirubin level of 8.1 with a direct of 0.3 .
Infant decreased to single phototherapy and phototherapy was discontinued on day of life six .
Rebound bilirubin level on day of life seven was 5.3 with a direct of 0.3 .
5. Hematology :
The infant did not receive any blood transfusions this hospitalization .
The most recent hematocrit on day of life two was 47% .
CBC on admission white blood cell count 8.9 , hematocrit 47% , platelets 243,000 , 6% neutrophils , 0 bands .
Repeat CBC on day of life two showed a white blood cell count of 8.4 , platelets 95 , 41% neutrophils , 0 bands .
Repeat platelet count on day of life three was 229 .
6. Infectious disease :
The infant received 48 hours of ampicillin and gentamicin for rule out sepsis .
Blood cultures remained negative to date .
Infant has not had any issues with sepsis this hospitalization .
7. Neurology :
Head ultrasound on day of life seven showed no intraventricular hemorrhage .
A repeat head ultrasound on day of life 33 06-07 showed a slight increase of echogenicity in the caudothalamic groove , which may represent tiny bilateral germinal matrix hemorrhages , no periventricular leukomalacia .
A repeat head ultrasound is recommended in one month .
Normal neurological examination .
Sensory , hearing screening was performed with automated auditory brain stem responses .
Infant passed both ears .
Ophthalmology , eyes examined most recently on 05-30 revealing immaturity of the retinal vessels , but no ROP as of yet .
A follow up examination should be scheduled for the week of 06-20 .
Ophthalmologist is Dr. Cruea Franklin .
8. Psycho / social :
Parents involved .
Triplet number one is still in the Neonatal Intensive Care Unit and triplet number three is home with family and there is also a 2 year-old sibling .
]]></TEXT>
<TAGS>
<EVENT id="E57" start="2737" end="2765" text="The most recent electrolytes" modality="FACTUAL" polarity="POS" type="TEST" />
<EVENT id="E34" start="196" end="212" text="cesarean section" modality="FACTUAL" polarity="POS" type="TREATMENT" />
<EVENT id="E35" start="2038" end="2054" text="nothing by mouth" modality="FACTUAL" polarity="POS" type="TREATMENT" />
<EVENT id="E17" start="1484" end="1494" text="surfactant" modality="FACTUAL" polarity="POS" type="TREATMENT" />
<EVENT id="E62" start="2866" end="2873" text="calcium" modality="FACTUAL" polarity="POS" type="TEST" />
<EVENT id="E112" start="4320" end="4359" text="automated auditory brain stem responses" modality="FACTUAL" polarity="POS" type="OCCURRENCE" />
<EVENT id="E129" start="729" end="737" text="admitted" modality="FACTUAL" polarity="POS" type="OCCURRENCE" />
<EVENT id="E128" start="669" end="685" text="vaginal pressure" modality="FACTUAL" polarity="POS" type="PROBLEM" />
<EVENT id="E1" start="1005" end="1017" text="routine care" modality="FACTUAL" polarity="POS" type="TREATMENT" />
<EVENT id="E29" start="1853" end="1875" text="hemodynamically stable" modality="FACTUAL" polarity="POS" type="OCCURRENCE" />
<EVENT id="E77" start="3384" end="3387" text="CBC" modality="FACTUAL" polarity="POS" type="TEST" />
<EVENT id="E37" start="2138" end="2154" text="enteral feedings" modality="FACTUAL" polarity="POS" type="TREATMENT" />
<EVENT id="E19" start="1541" end="1545" text="CPAP" modality="FACTUAL" polarity="POS" type="TREATMENT" />
<EVENT id="E5" start="1145" end="1162" text="the delivery room" modality="FACTUAL" polarity="POS" type="CLINICAL_DEPT" />
<EVENT id="E111" start="4273" end="4300" text="Sensory , hearing screening" modality="FACTUAL" polarity="POS" type="TEST" />
<EVENT id="E13" start="1375" end="1378" text="CO2" modality="FACTUAL" polarity="POS" type="TEST" />
<EVENT id="E120" start="4689" end="4721" text="the Neonatal Intensive Care Unit" modality="FACTUAL" polarity="POS" type="CLINICAL_DEPT" />
<EVENT id="E10" start="1320" end="1330" text="30% oxygen" modality="FACTUAL" polarity="POS" type="TREATMENT" />
<EVENT id="E93" start="3717" end="3727" text="ampicillin" modality="FACTUAL" polarity="POS" type="TREATMENT" />
<EVENT id="E105" start="4021" end="4082" text="a slight increase of echogenicity in the caudothalamic groove" modality="FACTUAL" polarity="POS" type="PROBLEM" />
<EVENT id="E82" start="3470" end="3481" text="neutrophils" modality="FACTUAL" polarity="POS" type="TEST" />
<EVENT id="E91" start="3608" end="3629" text="Repeat platelet count" modality="FACTUAL" polarity="POS" type="TEST" />
<EVENT id="E136" start="920" end="929" text="delivered" modality="FACTUAL" polarity="POS" type="TREATMENT" />
<EVENT id="E81" start="3447" end="3456" text="platelets" modality="FACTUAL" polarity="POS" type="TEST" />
<EVENT id="E107" start="415" end="423" text="antibody" modality="FACTUAL" polarity="POS" type="TEST" />
<EVENT id="E16" start="143" end="152" text="gestation" modality="FACTUAL" polarity="POS" type="OCCURRENCE" />
<EVENT id="E2" start="1021" end="1034" text="delivery room" modality="FACTUAL" polarity="POS" type="CLINICAL_DEPT" />
<EVENT id="E132" start="840" end="849" text="presented" modality="FACTUAL" polarity="POS" type="EVIDENTIAL" />
<EVENT id="E71" start="314" end="332" text="gravida 4 , para 1" modality="FACTUAL" polarity="POS" type="OCCURRENCE" />
<EVENT id="E72" start="3163" end="3186" text="Rebound bilirubin level" modality="FACTUAL" polarity="POS" type="TEST" />
<EVENT id="E89" start="3584" end="3595" text="neutrophils" modality="FACTUAL" polarity="POS" type="TEST" />
<EVENT id="E3" start="1037" end="1043" text="Apgars" modality="FACTUAL" polarity="POS" type="TEST" />
<EVENT id="E25" start="1665" end="1681" text="Caffeine citrate" modality="FACTUAL" polarity="POS" type="TREATMENT" />
<EVENT id="E123" start="535" end="544" text="Pregnancy" modality="FACTUAL" polarity="POS" type="OCCURRENCE" />
<EVENT id="E6" start="1187" end="1215" text="Neonatal Intensive Care Unit" modality="FACTUAL" polarity="POS" type="CLINICAL_DEPT" />
<EVENT id="E51" start="2521" end="2527" text="ProMod" modality="FACTUAL" polarity="POS" type="TREATMENT" />
<EVENT id="E127" start="644" end="664" text="abdominal discomfort" modality="FACTUAL" polarity="POS" type="PROBLEM" />
<EVENT id="E125" start="606" end="619" text="preterm labor" modality="FACTUAL" polarity="POS" type="PROBLEM" />
<EVENT id="E101" start="3925" end="3931" text="showed" modality="FACTUAL" polarity="POS" type="EVIDENTIAL" />
<EVENT id="E108" start="4153" end="4181" text="periventricular leukomalacia" modality="FACTUAL" polarity="NEG" type="PROBLEM" />
<EVENT id="E44" start="2360" end="2369" text="tolerated" modality="FACTUAL" polarity="POS" type="OCCURRENCE" />
<EVENT id="E65" start="29" end="38" text="Discharge" modality="FACTUAL" polarity="POS" type="OCCURRENCE" />
<EVENT id="E124" start="560" end="589" text="gestational diabetes mellitus" modality="FACTUAL" polarity="POS" type="PROBLEM" />
<EVENT id="E64" start="2898" end="2918" text="alkaline phosphatase" modality="FACTUAL" polarity="POS" type="TEST" />
<EVENT id="E58" start="2791" end="2797" text="sodium" modality="FACTUAL" polarity="POS" type="TEST" />
<EVENT id="E94" start="3732" end="3742" text="gentamicin" modality="FACTUAL" polarity="POS" type="TREATMENT" />
<EVENT id="E48" start="2461" end="2472" text="breast milk" modality="FACTUAL" polarity="POS" type="TREATMENT" />
<EVENT id="E14" start="1395" end="1404" text="intubated" modality="FACTUAL" polarity="POS" type="TREATMENT" />
<EVENT id="E12" start="1365" end="1367" text="pH" modality="FACTUAL" polarity="POS" type="TEST" />
<EVENT id="E137" start="933" end="956" text="repeat cesarean section" modality="FACTUAL" polarity="POS" type="TREATMENT" />
<EVENT id="E42" start="2310" end="2330" text="parenteral nutrition" modality="FACTUAL" polarity="POS" type="TREATMENT" />
<EVENT id="E133" start="860" end="868" text="delivery" modality="FACTUAL" polarity="POS" type="TREATMENT" />
<EVENT id="E4" start="1109" end="1141" text="mild increased work of breathing" modality="FACTUAL" polarity="POS" type="PROBLEM" />
<EVENT id="E11" start="1333" end="1360" text="Initial capillary blood gas" modality="FACTUAL" polarity="POS" type="TEST" />
<EVENT id="E135" start="890" end="907" text="cervical dilation" modality="FACTUAL" polarity="POS" type="PROBLEM" />
<EVENT id="E18" start="1508" end="1517" text="extubated" modality="FACTUAL" polarity="POS" type="TREATMENT" />
<EVENT id="E21" start="1566" end="1574" text="room air" modality="FACTUAL" polarity="POS" type="OCCURRENCE" />
<EVENT id="E33" start="1946" end="1965" text="mean blood pressure" modality="FACTUAL" polarity="POS" type="TEST" />
<EVENT id="E84" start="3494" end="3504" text="Repeat CBC" modality="FACTUAL" polarity="POS" type="TEST" />
<EVENT id="E104" start="4014" end="4020" text="showed" modality="FACTUAL" polarity="POS" type="EVIDENTIAL" />
<EVENT id="E52" start="2571" end="2582" text="breast milk" modality="FACTUAL" polarity="POS" type="TREATMENT" />
<EVENT id="E47" start="2422" end="2430" text="advanced" modality="FACTUAL" polarity="POS" type="TREATMENT" />
<EVENT id="E61" start="2833" end="2837" text="TCO2" modality="FACTUAL" polarity="POS" type="TEST" />
<EVENT id="E24" start="1643" end="1662" text="the hospitalization" modality="FACTUAL" polarity="POS" type="OCCURRENCE" />
<EVENT id="E68" start="3050" end="3058" text="a direct" modality="FACTUAL" polarity="POS" type="TEST" />
<EVENT id="E43" start="2335" end="2346" text="intralipids" modality="FACTUAL" polarity="POS" type="TREATMENT" />
<EVENT id="E8" start="1269" end="1278" text="admission" modality="FACTUAL" polarity="POS" type="OCCURRENCE" />
<EVENT id="E119" start="453" end="480" text="hepatitis B surface antigen" modality="FACTUAL" polarity="POS" type="TEST" />
<EVENT id="E30" start="1887" end="1907" text="this hospitalization" modality="FACTUAL" polarity="POS" type="OCCURRENCE" />
<EVENT id="E76" start="3328" end="3354" text="The most recent hematocrit" modality="FACTUAL" polarity="POS" type="TEST" />
<EVENT id="E15" start="1428" end="1458" text="increased respiratory distress" modality="FACTUAL" polarity="POS" type="PROBLEM" />
<EVENT id="E110" start="4246" end="4270" text="neurological examination" modality="FACTUAL" polarity="POS" type="TEST" />
<EVENT id="E100" start="3888" end="3903" text="Head ultrasound" modality="FACTUAL" polarity="POS" type="TEST" />
<EVENT id="E116" start="4451" end="4484" text="immaturity of the retinal vessels" modality="FACTUAL" polarity="POS" type="PROBLEM" />
<EVENT id="E59" start="2804" end="2812" text="chloride" modality="FACTUAL" polarity="POS" type="TEST" />
<EVENT id="E115" start="4441" end="4450" text="revealing" modality="FACTUAL" polarity="POS" type="EVIDENTIAL" />
<EVENT id="E102" start="3935" end="3962" text="intraventricular hemorrhage" modality="FACTUAL" polarity="NEG" type="PROBLEM" />
<EVENT id="E97" start="3827" end="3849" text="any issues with sepsis" modality="FACTUAL" polarity="POS" type="PROBLEM" />
<EVENT id="E70" start="3112" end="3124" text="phototherapy" modality="FACTUAL" polarity="POS" type="TREATMENT" />
<EVENT id="E118" start="4510" end="4533" text="A follow up examination" modality="PROPOSED" polarity="POS" type="TEST" />
<EVENT id="E138" start="986" end="1000" text="blow by oxygen" modality="FACTUAL" polarity="POS" type="TREATMENT" />
<EVENT id="E99" start="3850" end="3870" text="this hospitalization" modality="FACTUAL" polarity="NEG" type="OCCURRENCE" />
<EVENT id="E60" start="2819" end="2828" text="potassium" modality="FACTUAL" polarity="POS" type="TEST" />
<EVENT id="E7" start="1219" end="1230" text="facial CPAP" modality="FACTUAL" polarity="POS" type="TREATMENT" />
<EVENT id="E78" start="3391" end="3400" text="admission" modality="FACTUAL" polarity="POS" type="OCCURRENCE" />
<EVENT id="E98" start="384" end="399" text="Prenatal screen" modality="FACTUAL" polarity="POS" type="TEST" />
<EVENT id="E90" start="3600" end="3605" text="bands" modality="FACTUAL" polarity="POS" type="TEST" />
<EVENT id="E54" start="2657" end="2679" text="The most recent weight" modality="FACTUAL" polarity="POS" type="TEST" />
<EVENT id="E20" start="1550" end="1562" text="transitioned" modality="FACTUAL" polarity="POS" type="OCCURRENCE" />
<EVENT id="E134" start="874" end="887" text="preterm labor" modality="FACTUAL" polarity="POS" type="PROBLEM" />
<EVENT id="E31" start="1913" end="1919" text="murmur" modality="FACTUAL" polarity="NEG" type="PROBLEM" />
<EVENT id="E75" start="3305" end="3325" text="this hospitalization" modality="FACTUAL" polarity="POS" type="TREATMENT" />
<EVENT id="E131" start="822" end="830" text="delivery" modality="FACTUAL" polarity="POS" type="TREATMENT" />
<EVENT id="E50" start="250" end="267" text="triplet gestation" modality="FACTUAL" polarity="POS" type="OCCURRENCE" />
<EVENT id="E80" start="3430" end="3440" text="hematocrit" modality="FACTUAL" polarity="POS" type="TEST" />
<EVENT id="E28" start="183" end="192" text="delivered" modality="FACTUAL" polarity="POS" type="TREATMENT" />
<EVENT id="E26" start="1763" end="1777" text="The last apnea" modality="FACTUAL" polarity="POS" type="PROBLEM" />
<EVENT id="E69" start="3088" end="3107" text="single phototherapy" modality="FACTUAL" polarity="POS" type="TREATMENT" />
<EVENT id="E96" start="3765" end="3779" text="Blood cultures" modality="FACTUAL" polarity="POS" type="TEST" />
<EVENT id="E0" start="1" end="10" text="Admission" modality="FACTUAL" polarity="POS" type="OCCURRENCE" />
<EVENT id="E66" start="2969" end="2988" text="double phototherapy" modality="FACTUAL" polarity="POS" type="TREATMENT" />
<EVENT id="E63" start="2881" end="2891" text="phosphorus" modality="FACTUAL" polarity="POS" type="TEST" />
<EVENT id="E121" start="503" end="506" text="GBS" modality="FACTUAL" polarity="POS" type="TEST" />
<EVENT id="E27" start="1782" end="1793" text="bradycardia" modality="FACTUAL" polarity="POS" type="PROBLEM" />
<EVENT id="E87" start="354" end="364" text="conception" modality="FACTUAL" polarity="POS" type="OCCURRENCE" />
<EVENT id="E41" start="2273" end="2292" text="feeding advancement" modality="FACTUAL" polarity="POS" type="TREATMENT" />
<EVENT id="E39" start="220" end="245" text="progressive preterm labor" modality="FACTUAL" polarity="POS" type="PROBLEM" />
<EVENT id="E83" start="3486" end="3491" text="bands" modality="FACTUAL" polarity="POS" type="TEST" />
<EVENT id="E88" start="3565" end="3574" text="platelets" modality="FACTUAL" polarity="POS" type="TEST" />
<EVENT id="E23" start="1623" end="1631" text="room air" modality="FACTUAL" polarity="POS" type="OCCURRENCE" />
<EVENT id="E114" start="4404" end="4417" text="eyes examined" modality="FACTUAL" polarity="POS" type="TEST" />
<EVENT id="E113" start="435" end="438" text="RPR" modality="FACTUAL" polarity="POS" type="TEST" />
<EVENT id="E85" start="3524" end="3530" text="showed" modality="FACTUAL" polarity="POS" type="EVIDENTIAL" />
<EVENT id="E74" start="3282" end="3304" text="any blood transfusions" modality="FACTUAL" polarity="NEG" type="TREATMENT" />
<EVENT id="E46" start="2398" end="2408" text="difficulty" modality="FACTUAL" polarity="NEG" type="PROBLEM" />
<EVENT id="E49" start="2476" end="2493" text="premature Enfamil" modality="FACTUAL" polarity="POS" type="TREATMENT" />
<EVENT id="E86" start="3531" end="3555" text="a white blood cell count" modality="FACTUAL" polarity="POS" type="TEST" />
<EVENT id="E95" start="3756" end="3762" text="sepsis" modality="POSSIBLE" polarity="POS" type="PROBLEM" />
<EVENT id="E122" start="518" end="525" text="Rubella" modality="FACTUAL" polarity="POS" type="TEST" />
<EVENT id="E53" start="2586" end="2593" text="Enfamil" modality="FACTUAL" polarity="POS" type="TREATMENT" />
<EVENT id="E22" start="1611" end="1619" text="remained" modality="FACTUAL" polarity="POS" type="OCCURRENCE" />
<EVENT id="E73" start="3221" end="3229" text="a direct" modality="FACTUAL" polarity="POS" type="TEST" />
<EVENT id="E56" start="2720" end="2726" text="length" modality="FACTUAL" polarity="POS" type="TEST" />
<EVENT id="E36" start="2095" end="2113" text="D10W intravenously" modality="FACTUAL" polarity="POS" type="TREATMENT" />
<EVENT id="E117" start="4494" end="4497" text="ROP" modality="FACTUAL" polarity="NEG" type="PROBLEM" />
<EVENT id="E103" start="3965" end="3989" text="A repeat head ultrasound" modality="FACTUAL" polarity="POS" type="TEST" />
<EVENT id="E40" start="2191" end="2211" text="full volume feedings" modality="FACTUAL" polarity="POS" type="TREATMENT" />
<EVENT id="E109" start="4184" end="4208" text="A repeat head ultrasound" modality="PROPOSED" polarity="POS" type="TEST" />
<EVENT id="E106" start="4105" end="4147" text="tiny bilateral germinal matrix hemorrhages" modality="POSSIBLE" polarity="POS" type="PROBLEM" />
<EVENT id="E67" start="3012" end="3037" text="a maximum bilirubin level" modality="FACTUAL" polarity="POS" type="TEST" />
<EVENT id="E130" start="751" end="781" text="a full course of betamethasone" modality="FACTUAL" polarity="POS" type="TREATMENT" />
<EVENT id="E79" start="3401" end="3423" text="white blood cell count" modality="FACTUAL" polarity="POS" type="TEST" />
<EVENT id="E45" start="2370" end="2389" text="feeding advancement" modality="FACTUAL" polarity="POS" type="TREATMENT" />
<EVENT id="E92" start="367" end="370" text="EDC" modality="FACTUAL" polarity="POS" type="OCCURRENCE" />
<EVENT id="E9" start="1299" end="1303" text="CPAP" modality="FACTUAL" polarity="POS" type="TREATMENT" />
<EVENT id="E55" start="2691" end="2709" text="Head circumference" modality="FACTUAL" polarity="POS" type="TEST" />
<EVENT id="E32" start="1922" end="1932" text="Heart rate" modality="FACTUAL" polarity="POS" type="TEST" />
<EVENT id="E38" start="2179" end="2187" text="advanced" modality="FACTUAL" polarity="POS" type="TREATMENT" />
<EVENT id="E126" start="629" end="638" text="presented" modality="FACTUAL" polarity="POS" type="EVIDENTIAL" />
<TIMEX3 id="T2" start="125" end="142" text="30 and 08-01 week" type="DURATION" val="P30W" mod="APPROX" />
<TIMEX3 id="T15" start="2849" end="2863" text="day of life 25" type="DATE" val="2016-05-30" mod="NA" />
<TIMEX3 id="T25" start="4008" end="4013" text="06-07" type="DATE" val="2016-06-07" mod="NA" />
<TIMEX3 id="T16" start="2992" end="3007" text="day of life two" type="DATE" val="2016-05-07" mod="NA" />
<TIMEX3 id="T27" start="4227" end="4236" text="one month" type="DATE" val="2016-07-15" mod="APPROX" />
<TIMEX3 id="T9" start="18" end="28" text="2016-05-05" type="DATE" val="2016-05-05" mod="NA" />
<TIMEX3 id="T31" start="689" end="705" text="23 and 1/7 weeks" type="DURATION" val="P23.14W" mod="NA" />
<TIMEX3 id="T21" start="3633" end="3650" text="day of life three" type="DATE" val="2016-05-08" mod="NA" />
<TIMEX3 id="T14" start="2769" end="2785" text="day of life five" type="DATE" val="2016-05-10" mod="NA" />
<TIMEX3 id="T26" start="3993" end="4007" text="day of life 33" type="DATE" val="2016-06-07" mod="NA" />
<TIMEX3 id="T20" start="3508" end="3523" text="day of life two" type="DATE" val="2016-05-07" mod="NA" />
<TIMEX3 id="T28" start="4435" end="4440" text="05-30" type="DATE" val="2016-05-30" mod="NA" />
<TIMEX3 id="T17" start="3145" end="3160" text="day of life six" type="DATE" val="2016-05-11" mod="NA" />
<TIMEX3 id="T5" start="1578" end="1593" text="day of life six" type="DATE" val="2016-05-11" mod="NA" />
<TIMEX3 id="T4" start="1521" end="1537" text="day of life four" type="DATE" val="2016-05-09" mod="NA" />
<TIMEX3 id="T29" start="4558" end="4575" text="the week of 06-20" type="DATE" val="2016-06-20" mod="APPROX" />
<TIMEX3 id="T8" start="1745" end="1759" text="day of life 18" type="DATE" val="2016-05-23" mod="NA" />
<TIMEX3 id="T19" start="3358" end="3373" text="day of life two" type="DATE" val="2016-05-07" mod="NA" />
<TIMEX3 id="T18" start="3190" end="3207" text="day of life seven" type="DATE" val="2016-05-12" mod="NA" />
<TIMEX3 id="T13" start="2531" end="2545" text="day of life 11" type="DATE" val="2016-05-16" mod="NA" />
<TIMEX3 id="T1" start="1074" end="1086" text="five minutes" type="DURATION" val="PT5M" mod="NA" />
<TIMEX3 id="T7" start="1737" end="1742" text="05-23" type="DATE" val="2016-05-23" mod="NA" />
<TIMEX3 id="T10" start="1801" end="1806" text="06-10" type="DATE" val="2016-06-10" mod="NA" />
<TIMEX3 id="T33" start="853" end="856" text="day" type="DATE" val="2016-05-05" mod="NA" />
<TIMEX3 id="T6" start="1697" end="1712" text="day of life six" type="DATE" val="2016-05-11" mod="NA" />
<TIMEX3 id="T3" start="1408" end="1423" text="day of life two" type="DATE" val="2016-05-07" mod="NA" />
<TIMEX3 id="T22" start="3705" end="3713" text="48 hours" type="DURATION" val="PT48H" mod="NA" />
<TIMEX3 id="T0" start="1054" end="1064" text="one minute" type="DURATION" val="PT1M" mod="NA" />
<TIMEX3 id="T23" start="371" end="381" text="2016-07-08" type="DATE" val="2016-07-08" mod="NA" />
<TIMEX3 id="T24" start="3907" end="3924" text="day of life seven" type="DATE" val="2016-05-12" mod="NA" />
<TIMEX3 id="T12" start="2246" end="2263" text="day of life seven" type="DATE" val="2016-05-12" mod="NA" />
<TIMEX3 id="T11" start="2158" end="2174" text="day of life four" type="DATE" val="2016-05-09" mod="NA" />
<TIMEX3 id="T30" start="46" end="56" text="2016-06-15" type="DATE" val="2016-06-15" mod="NA" />
<TIMEX3 id="T32" start="785" end="793" text="24 weeks" type="DURATION" val="P24W" mod="NA" />
<TLINK id="TL0" fromID="E0" fromText="Admission" toID="T9" toText="2016-05-05" type="OVERLAP" />
<TLINK id="TL1" fromID="E1" fromText="routine care" toID="T9" toText="2016-05-05" type="BEFORE" />
<TLINK id="TL2" fromID="E2" fromText="delivery room" toID="T9" toText="2016-05-05" type="BEFORE" />
<TLINK id="TL3" fromID="E3" fromText="Apgars" toID="T9" toText="2016-05-05" type="BEFORE" />
<TLINK id="TL4" fromID="E4" fromText="mild increased work of breathing" toID="T9" toText="2016-05-05" type="BEFORE" />
<TLINK id="TL5" fromID="E5" fromText="the delivery room" toID="T9" toText="2016-05-05" type="BEFORE" />
<TLINK id="TL6" fromID="E6" fromText="Neonatal Intensive Care Unit" toID="T9" toText="2016-05-05" type="BEFORE" />
<TLINK id="TL7" fromID="E7" fromText="facial CPAP" toID="T9" toText="2016-05-05" type="BEFORE" />
<TLINK id="TL8" fromID="E8" fromText="admission" toID="T30" toText="2016-06-15" type="BEFORE" />
<TLINK id="TL9" fromID="E9" fromText="CPAP" toID="T30" toText="2016-06-15" type="BEFORE" />
<TLINK id="TL10" fromID="E10" fromText="30% oxygen" toID="T30" toText="2016-06-15" type="BEFORE" />
<TLINK id="TL11" fromID="E11" fromText="Initial capillary blood gas" toID="T30" toText="2016-06-15" type="BEFORE" />
<TLINK id="TL12" fromID="E12" fromText="pH" toID="T30" toText="2016-06-15" type="BEFORE" />
<TLINK id="TL13" fromID="E13" fromText="CO2" toID="T30" toText="2016-06-15" type="BEFORE" />
<TLINK id="TL14" fromID="E14" fromText="intubated" toID="T30" toText="2016-06-15" type="BEFORE" />
<TLINK id="TL15" fromID="E15" fromText="increased respiratory distress" toID="T30" toText="2016-06-15" type="BEFORE" />
<TLINK id="TL16" fromID="E16" fromText="gestation" toID="T9" toText="2016-05-05" type="BEFORE" />
<TLINK id="TL17" fromID="E17" fromText="surfactant" toID="T30" toText="2016-06-15" type="BEFORE" />
<TLINK id="TL18" fromID="E18" fromText="extubated" toID="T30" toText="2016-06-15" type="BEFORE" />
<TLINK id="TL19" fromID="E19" fromText="CPAP" toID="T30" toText="2016-06-15" type="BEFORE" />
<TLINK id="TL20" fromID="E20" fromText="transitioned" toID="T30" toText="2016-06-15" type="BEFORE" />
<TLINK id="TL21" fromID="E21" fromText="room air" toID="T30" toText="2016-06-15" type="BEFORE" />
<TLINK id="TL22" fromID="E22" fromText="remained" toID="T30" toText="2016-06-15" type="BEFORE" />
<TLINK id="TL23" fromID="E23" fromText="room air" toID="T30" toText="2016-06-15" type="BEFORE" />
<TLINK id="TL24" fromID="E24" fromText="the hospitalization" toID="T30" toText="2016-06-15" type="BEFORE" />
<TLINK id="TL25" fromID="E25" fromText="Caffeine citrate" toID="T30" toText="2016-06-15" type="BEFORE" />
<TLINK id="TL26" fromID="E26" fromText="The last apnea" toID="T30" toText="2016-06-15" type="BEFORE" />
<TLINK id="TL27" fromID="E27" fromText="bradycardia" toID="T30" toText="2016-06-15" type="BEFORE" />
<TLINK id="TL28" fromID="E28" fromText="delivered" toID="T9" toText="2016-05-05" type="BEFORE" />
<TLINK id="TL29" fromID="E29" fromText="hemodynamically stable" toID="T30" toText="2016-06-15" type="BEFORE" />
<TLINK id="TL30" fromID="E30" fromText="this hospitalization" toID="T30" toText="2016-06-15" type="BEFORE" />
<TLINK id="TL31" fromID="E31" fromText="murmur" toID="T30" toText="2016-06-15" type="BEFORE" />
<TLINK id="TL32" fromID="E32" fromText="Heart rate" toID="T30" toText="2016-06-15" type="BEFORE" />
<TLINK id="TL33" fromID="E33" fromText="mean blood pressure" toID="T30" toText="2016-06-15" type="BEFORE" />
<TLINK id="TL34" fromID="E34" fromText="cesarean section" toID="T9" toText="2016-05-05" type="BEFORE" />
<TLINK id="TL35" fromID="E35" fromText="nothing by mouth" toID="T30" toText="2016-06-15" type="BEFORE" />
<TLINK id="TL36" fromID="E36" fromText="D10W intravenously" toID="T30" toText="2016-06-15" type="BEFORE" />
<TLINK id="TL37" fromID="E37" fromText="enteral feedings" toID="T30" toText="2016-06-15" type="BEFORE" />
<TLINK id="TL38" fromID="E38" fromText="advanced" toID="T30" toText="2016-06-15" type="BEFORE" />
<TLINK id="TL39" fromID="E39" fromText="progressive preterm labor" toID="T9" toText="2016-05-05" type="BEFORE" />
<TLINK id="TL40" fromID="E40" fromText="full volume feedings" toID="T30" toText="2016-06-15" type="BEFORE" />
<TLINK id="TL41" fromID="E41" fromText="feeding advancement" toID="T30" toText="2016-06-15" type="BEFORE" />
<TLINK id="TL42" fromID="E42" fromText="parenteral nutrition" toID="T30" toText="2016-06-15" type="BEFORE" />
<TLINK id="TL43" fromID="E43" fromText="intralipids" toID="T30" toText="2016-06-15" type="BEFORE" />
<TLINK id="TL44" fromID="E44" fromText="tolerated" toID="T30" toText="2016-06-15" type="BEFORE" />
<TLINK id="TL45" fromID="E45" fromText="feeding advancement" toID="T30" toText="2016-06-15" type="BEFORE" />
<TLINK id="TL46" fromID="E46" fromText="difficulty" toID="T30" toText="2016-06-15" type="BEFORE" />
<TLINK id="TL47" fromID="E47" fromText="advanced" toID="T30" toText="2016-06-15" type="BEFORE" />
<TLINK id="TL48" fromID="E48" fromText="breast milk" toID="T30" toText="2016-06-15" type="BEFORE" />
<TLINK id="TL49" fromID="E49" fromText="premature Enfamil" toID="T30" toText="2016-06-15" type="BEFORE" />
<TLINK id="TL50" fromID="E50" fromText="triplet gestation" toID="T9" toText="2016-05-05" type="BEFORE" />
<TLINK id="TL51" fromID="E51" fromText="ProMod" toID="T30" toText="2016-06-15" type="BEFORE" />
<TLINK id="TL52" fromID="E52" fromText="breast milk" toID="T30" toText="2016-06-15" type="BEFORE" />
<TLINK id="TL53" fromID="E53" fromText="Enfamil" toID="T30" toText="2016-06-15" type="BEFORE" />
<TLINK id="TL54" fromID="E54" fromText="The most recent weight" toID="T30" toText="2016-06-15" type="BEFORE" />
<TLINK id="TL55" fromID="E55" fromText="Head circumference" toID="T30" toText="2016-06-15" type="BEFORE" />
<TLINK id="TL56" fromID="E56" fromText="length" toID="T30" toText="2016-06-15" type="BEFORE" />
<TLINK id="TL57" fromID="E57" fromText="The most recent electrolytes" toID="T30" toText="2016-06-15" type="BEFORE" />
<TLINK id="TL58" fromID="E58" fromText="sodium" toID="T30" toText="2016-06-15" type="BEFORE" />
<TLINK id="TL59" fromID="E59" fromText="chloride" toID="T30" toText="2016-06-15" type="BEFORE" />
<TLINK id="TL60" fromID="E60" fromText="potassium" toID="T30" toText="2016-06-15" type="BEFORE" />
<TLINK id="TL61" fromID="E61" fromText="TCO2" toID="T30" toText="2016-06-15" type="BEFORE" />
<TLINK id="TL62" fromID="E62" fromText="calcium" toID="T30" toText="2016-06-15" type="BEFORE" />
<TLINK id="TL63" fromID="E63" fromText="phosphorus" toID="T30" toText="2016-06-15" type="BEFORE" />
<TLINK id="TL64" fromID="E64" fromText="alkaline phosphatase" toID="T30" toText="2016-06-15" type="BEFORE" />
<TLINK id="TL65" fromID="E65" fromText="Discharge" toID="T30" toText="2016-06-15" type="OVERLAP" />
<TLINK id="TL66" fromID="E66" fromText="double phototherapy" toID="T30" toText="2016-06-15" type="BEFORE" />
<TLINK id="TL67" fromID="E67" fromText="a maximum bilirubin level" toID="T30" toText="2016-06-15" type="BEFORE" />
<TLINK id="TL68" fromID="E68" fromText="a direct" toID="T30" toText="2016-06-15" type="BEFORE" />
<TLINK id="TL69" fromID="E69" fromText="single phototherapy" toID="T30" toText="2016-06-15" type="BEFORE" />
<TLINK id="TL70" fromID="E70" fromText="phototherapy" toID="T30" toText="2016-06-15" type="BEFORE" />
<TLINK id="TL71" fromID="E71" fromText="gravida 4 , para 1" toID="T9" toText="2016-05-05" type="BEFORE" />
<TLINK id="TL72" fromID="E72" fromText="Rebound bilirubin level" toID="T30" toText="2016-06-15" type="BEFORE" />
<TLINK id="TL73" fromID="E73" fromText="a direct" toID="T30" toText="2016-06-15" type="BEFORE" />
<TLINK id="TL74" fromID="E74" fromText="any blood transfusions" toID="T30" toText="2016-06-15" type="BEFORE" />
<TLINK id="TL75" fromID="E75" fromText="this hospitalization" toID="T30" toText="2016-06-15" type="BEFORE" />
<TLINK id="TL76" fromID="E76" fromText="The most recent hematocrit" toID="T30" toText="2016-06-15" type="BEFORE" />
<TLINK id="TL77" fromID="E77" fromText="CBC" toID="T30" toText="2016-06-15" type="BEFORE" />
<TLINK id="TL78" fromID="E78" fromText="admission" toID="T30" toText="2016-06-15" type="BEFORE" />
<TLINK id="TL79" fromID="E79" fromText="white blood cell count" toID="T30" toText="2016-06-15" type="BEFORE" />
<TLINK id="TL80" fromID="E80" fromText="hematocrit" toID="T30" toText="2016-06-15" type="BEFORE" />
<TLINK id="TL81" fromID="E81" fromText="platelets" toID="T30" toText="2016-06-15" type="BEFORE" />
<TLINK id="TL82" fromID="E82" fromText="neutrophils" toID="T30" toText="2016-06-15" type="BEFORE" />
<TLINK id="TL83" fromID="E83" fromText="bands" toID="T30" toText="2016-06-15" type="BEFORE" />
<TLINK id="TL84" fromID="E84" fromText="Repeat CBC" toID="T30" toText="2016-06-15" type="BEFORE" />
<TLINK id="TL85" fromID="E85" fromText="showed" toID="T30" toText="2016-06-15" type="BEFORE" />
<TLINK id="TL86" fromID="E86" fromText="a white blood cell count" toID="T30" toText="2016-06-15" type="BEFORE" />
<TLINK id="TL87" fromID="E87" fromText="conception" toID="T9" toText="2016-05-05" type="BEFORE" />
<TLINK id="TL88" fromID="E88" fromText="platelets" toID="T30" toText="2016-06-15" type="BEFORE" />
<TLINK id="TL89" fromID="E89" fromText="neutrophils" toID="T30" toText="2016-06-15" type="BEFORE" />
<TLINK id="TL90" fromID="E90" fromText="bands" toID="T30" toText="2016-06-15" type="BEFORE" />
<TLINK id="TL91" fromID="E91" fromText="Repeat platelet count" toID="T30" toText="2016-06-15" type="BEFORE" />
<TLINK id="TL92" fromID="E92" fromText="EDC" toID="T9" toText="2016-05-05" type="BEFORE" />
<TLINK id="TL93" fromID="E93" fromText="ampicillin" toID="T30" toText="2016-06-15" type="BEFORE" />
<TLINK id="TL94" fromID="E94" fromText="gentamicin" toID="T30" toText="2016-06-15" type="BEFORE" />
<TLINK id="TL95" fromID="E95" fromText="sepsis" toID="T30" toText="2016-06-15" type="BEFORE" />
<TLINK id="TL96" fromID="E96" fromText="Blood cultures" toID="T30" toText="2016-06-15" type="BEFORE" />
<TLINK id="TL97" fromID="E97" fromText="any issues with sepsis" toID="T30" toText="2016-06-15" type="BEFORE" />
<TLINK id="TL98" fromID="E98" fromText="Prenatal screen" toID="T9" toText="2016-05-05" type="BEFORE" />
<TLINK id="TL99" fromID="E99" fromText="this hospitalization" toID="T30" toText="2016-06-15" type="BEFORE" />
<TLINK id="TL100" fromID="E100" fromText="Head ultrasound" toID="T30" toText="2016-06-15" type="BEFORE" />
<TLINK id="TL101" fromID="E101" fromText="showed" toID="T30" toText="2016-06-15" type="BEFORE" />
<TLINK id="TL102" fromID="E102" fromText="intraventricular hemorrhage" toID="T30" toText="2016-06-15" type="BEFORE" />
<TLINK id="TL103" fromID="E103" fromText="A repeat head ultrasound" toID="T30" toText="2016-06-15" type="BEFORE" />
<TLINK id="TL104" fromID="E104" fromText="showed" toID="T30" toText="2016-06-15" type="BEFORE" />
<TLINK id="TL105" fromID="E105" fromText="a slight increase of echogenicity in the caudothalamic groove" toID="T30" toText="2016-06-15" type="BEFORE" />
<TLINK id="TL106" fromID="E106" fromText="tiny bilateral germinal matrix hemorrhages" toID="T30" toText="2016-06-15" type="BEFORE" />
<TLINK id="TL107" fromID="E107" fromText="antibody" toID="T9" toText="2016-05-05" type="BEFORE" />
<TLINK id="TL108" fromID="E108" fromText="periventricular leukomalacia" toID="T30" toText="2016-06-15" type="BEFORE" />
<TLINK id="TL109" fromID="E109" fromText="A repeat head ultrasound" toID="T30" toText="2016-06-15" type="AFTER" />
<TLINK id="TL110" fromID="E110" fromText="neurological examination" toID="T30" toText="2016-06-15" type="BEFORE" />
<TLINK id="TL111" fromID="E111" fromText="Sensory , hearing screening" toID="T30" toText="2016-06-15" type="BEFORE" />
<TLINK id="TL112" fromID="E112" fromText="automated auditory brain stem responses" toID="T30" toText="2016-06-15" type="BEFORE" />
<TLINK id="TL113" fromID="E113" fromText="RPR" toID="T9" toText="2016-05-05" type="BEFORE" />
<TLINK id="TL114" fromID="E114" fromText="eyes examined" toID="T30" toText="2016-06-15" type="BEFORE" />
<TLINK id="TL115" fromID="E115" fromText="revealing" toID="T30" toText="2016-06-15" type="BEFORE" />
<TLINK id="TL116" fromID="E116" fromText="immaturity of the retinal vessels" toID="T30" toText="2016-06-15" type="BEFORE" />
<TLINK id="TL117" fromID="E117" fromText="ROP" toID="T30" toText="2016-06-15" type="BEFORE" />
<TLINK id="TL118" fromID="E118" fromText="A follow up examination" toID="T30" toText="2016-06-15" type="AFTER" />
<TLINK id="TL119" fromID="E119" fromText="hepatitis B surface antigen" toID="T9" toText="2016-05-05" type="BEFORE" />
<TLINK id="TL120" fromID="E120" fromText="the Neonatal Intensive Care Unit" toID="T30" toText="2016-06-15" type="BEFORE" />
<TLINK id="TL121" fromID="E121" fromText="GBS" toID="T9" toText="2016-05-05" type="BEFORE" />
<TLINK id="TL122" fromID="E122" fromText="Rubella" toID="T9" toText="2016-05-05" type="BEFORE" />
<TLINK id="TL123" fromID="E123" fromText="Pregnancy" toID="T9" toText="2016-05-05" type="BEFORE" />
<TLINK id="TL124" fromID="E124" fromText="gestational diabetes mellitus" toID="T9" toText="2016-05-05" type="BEFORE" />
<TLINK id="TL125" fromID="E125" fromText="preterm labor" toID="T9" toText="2016-05-05" type="BEFORE" />
<TLINK id="TL126" fromID="E126" fromText="presented" toID="T9" toText="2016-05-05" type="OVERLAP" />
<TLINK id="TL127" fromID="E127" fromText="abdominal discomfort" toID="T9" toText="2016-05-05" type="BEFORE" />
<TLINK id="TL128" fromID="E128" fromText="vaginal pressure" toID="T9" toText="2016-05-05" type="BEFORE" />
<TLINK id="TL129" fromID="E129" fromText="admitted" toID="T9" toText="2016-05-05" type="BEFORE" />
<TLINK id="TL130" fromID="E130" fromText="a full course of betamethasone" toID="T9" toText="2016-05-05" type="BEFORE" />
<TLINK id="TL131" fromID="E131" fromText="delivery" toID="T9" toText="2016-05-05" type="BEFORE" />
<TLINK id="TL132" fromID="E132" fromText="presented" toID="T9" toText="2016-05-05" type="OVERLAP" />
<TLINK id="TL133" fromID="E133" fromText="delivery" toID="T9" toText="2016-05-05" type="OVERLAP" />
<TLINK id="TL134" fromID="E134" fromText="preterm labor" toID="T9" toText="2016-05-05" type="BEFORE" />
<TLINK id="TL135" fromID="E135" fromText="cervical dilation" toID="T9" toText="2016-05-05" type="BEFORE" />
<TLINK id="TL136" fromID="E136" fromText="delivered" toID="T9" toText="2016-05-05" type="OVERLAP" />
<TLINK id="TL137" fromID="E137" fromText="repeat cesarean section" toID="T9" toText="2016-05-05" type="OVERLAP" />
<TLINK id="TL138" fromID="E138" fromText="blow by oxygen" toID="T9" toText="2016-05-05" type="BEFORE" />
<TLINK id="TL139" fromID="T2" fromText="30 and 08-01 week" toID="E16" toText="gestation" type="OVERLAP" />
<TLINK id="TL140" fromID="E16" fromText="gestation" toID="E28" toText="delivered" type="BEFORE" />
<TLINK id="TL141" fromID="E28" fromText="delivered" toID="E34" toText="cesarean section" type="OVERLAP" />
<TLINK id="TL142" fromID="E34" fromText="cesarean section" toID="E39" toText="progressive preterm labor" type="AFTER" />
<TLINK id="TL143" fromID="E39" fromText="progressive preterm labor" toID="E50" toText="triplet gestation" type="OVERLAP" />
<TLINK id="TL144" fromID="E71" fromText="gravida 4 , para 1" toID="E87" toText="conception" type="OVERLAP" />
<TLINK id="TL145" fromID="E87" fromText="conception" toID="E92" toText="EDC" type="OVERLAP" />
<TLINK id="TL146" fromID="E92" fromText="EDC" toID="T23" toText="2016-07-08" type="OVERLAP" />
<TLINK id="TL147" fromID="E98" fromText="Prenatal screen" toID="E107" toText="antibody" type="OVERLAP" />
<TLINK id="TL148" fromID="E98" fromText="Prenatal screen" toID="E119" toText="hepatitis B surface antigen" type="OVERLAP" />
<TLINK id="TL149" fromID="E107" fromText="antibody" toID="E113" toText="RPR" type="OVERLAP" />
<TLINK id="TL150" fromID="E113" fromText="RPR" toID="E119" toText="hepatitis B surface antigen" type="OVERLAP" />
<TLINK id="TL151" fromID="E119" fromText="hepatitis B surface antigen" toID="E121" toText="GBS" type="OVERLAP" />
<TLINK id="TL152" fromID="E121" fromText="GBS" toID="E122" toText="Rubella" type="OVERLAP" />
<TLINK id="TL153" fromID="E123" fromText="Pregnancy" toID="E124" toText="gestational diabetes mellitus" type="OVERLAP" />
<TLINK id="TL154" fromID="E124" fromText="gestational diabetes mellitus" toID="E125" toText="preterm labor" type="OVERLAP" />
<TLINK id="TL155" fromID="E126" fromText="presented" toID="E127" toText="abdominal discomfort" type="AFTER" />
<TLINK id="TL156" fromID="E126" fromText="presented" toID="T31" toText="23 and 1/7 weeks" type="OVERLAP" />
<TLINK id="TL157" fromID="E127" fromText="abdominal discomfort" toID="E128" toText="vaginal pressure" type="OVERLAP" />
<TLINK id="TL158" fromID="E128" fromText="vaginal pressure" toID="T31" toText="23 and 1/7 weeks" type="OVERLAP" />
<TLINK id="TL159" fromID="E129" fromText="admitted" toID="E130" toText="a full course of betamethasone" type="OVERLAP" />
<TLINK id="TL160" fromID="E130" fromText="a full course of betamethasone" toID="T32" toText="24 weeks" type="OVERLAP" />
<TLINK id="TL161" fromID="T32" fromText="24 weeks" toID="E131" toText="delivery" type="OVERLAP" />
<TLINK id="TL162" fromID="E132" fromText="presented" toID="T33" toText="day" type="OVERLAP" />
<TLINK id="TL163" fromID="E132" fromText="presented" toID="E134" toText="preterm labor" type="AFTER" />
<TLINK id="TL164" fromID="T33" fromText="day" toID="E133" toText="delivery" type="OVERLAP" />
<TLINK id="TL165" fromID="E133" fromText="delivery" toID="E134" toText="preterm labor" type="AFTER" />
<TLINK id="TL166" fromID="E134" fromText="preterm labor" toID="E135" toText="cervical dilation" type="OVERLAP" />
<TLINK id="TL167" fromID="E134" fromText="preterm labor" toID="E136" toText="delivered" type="BEFORE" />
<TLINK id="TL168" fromID="E135" fromText="cervical dilation" toID="E136" toText="delivered" type="BEFORE" />
<TLINK id="TL169" fromID="E136" fromText="delivered" toID="E137" toText="repeat cesarean section" type="OVERLAP" />
<TLINK id="TL170" fromID="E138" fromText="blow by oxygen" toID="E1" toText="routine care" type="OVERLAP" />
<TLINK id="TL171" fromID="E1" fromText="routine care" toID="E2" toText="delivery room" type="OVERLAP" />
<TLINK id="TL172" fromID="E3" fromText="Apgars" toID="T0" toText="one minute" type="OVERLAP" />
<TLINK id="TL173" fromID="E4" fromText="mild increased work of breathing" toID="E5" toText="the delivery room" type="OVERLAP" />
<TLINK id="TL174" fromID="E6" fromText="Neonatal Intensive Care Unit" toID="E7" toText="facial CPAP" type="OVERLAP" />
<TLINK id="TL175" fromID="E8" fromText="admission" toID="E9" toText="CPAP" type="OVERLAP" />
<TLINK id="TL176" fromID="E9" fromText="CPAP" toID="E10" toText="30% oxygen" type="OVERLAP" />
<TLINK id="TL177" fromID="E11" fromText="Initial capillary blood gas" toID="E12" toText="pH" type="OVERLAP" />
<TLINK id="TL178" fromID="E12" fromText="pH" toID="E13" toText="CO2" type="OVERLAP" />
<TLINK id="TL179" fromID="E14" fromText="intubated" toID="T3" toText="day of life two" type="OVERLAP" />
<TLINK id="TL180" fromID="E14" fromText="intubated" toID="E15" toText="increased respiratory distress" type="AFTER" />
<TLINK id="TL181" fromID="T3" fromText="day of life two" toID="E15" toText="increased respiratory distress" type="OVERLAP" />
<TLINK id="TL182" fromID="E15" fromText="increased respiratory distress" toID="E17" toText="surfactant" type="OVERLAP" />
<TLINK id="TL183" fromID="E18" fromText="extubated" toID="T4" toText="day of life four" type="OVERLAP" />
<TLINK id="TL184" fromID="E18" fromText="extubated" toID="E19" toText="CPAP" type="BEFORE" />
<TLINK id="TL185" fromID="E18" fromText="extubated" toID="E20" toText="transitioned" type="BEFORE" />
<TLINK id="TL186" fromID="T4" fromText="day of life four" toID="E19" toText="CPAP" type="BEFORE" />
<TLINK id="TL187" fromID="E19" fromText="CPAP" toID="E20" toText="transitioned" type="BEFORE" />
<TLINK id="TL188" fromID="E20" fromText="transitioned" toID="E21" toText="room air" type="BEFORE" />
<TLINK id="TL189" fromID="E20" fromText="transitioned" toID="T5" toText="day of life six" type="OVERLAP" />
<TLINK id="TL190" fromID="E21" fromText="room air" toID="T5" toText="day of life six" type="OVERLAP" />
<TLINK id="TL191" fromID="E22" fromText="remained" toID="E23" toText="room air" type="OVERLAP" />
<TLINK id="TL192" fromID="E22" fromText="remained" toID="E24" toText="the hospitalization" type="OVERLAP" />
<TLINK id="TL193" fromID="E23" fromText="room air" toID="E24" toText="the hospitalization" type="OVERLAP" />
<TLINK id="TL194" fromID="E25" fromText="Caffeine citrate" toID="T6" toText="day of life six" type="AFTER" />
<TLINK id="TL195" fromID="E26" fromText="The last apnea" toID="E27" toText="bradycardia" type="OVERLAP" />
<TLINK id="TL196" fromID="E27" fromText="bradycardia" toID="T10" toText="06-10" type="OVERLAP" />
<TLINK id="TL197" fromID="E29" fromText="hemodynamically stable" toID="E30" toText="this hospitalization" type="OVERLAP" />
<TLINK id="TL198" fromID="E30" fromText="this hospitalization" toID="E31" toText="murmur" type="OVERLAP" />
<TLINK id="TL199" fromID="E32" fromText="Heart rate" toID="E33" toText="mean blood pressure" type="OVERLAP" />
<TLINK id="TL200" fromID="E35" fromText="nothing by mouth" toID="E36" toText="D10W intravenously" type="OVERLAP" />
<TLINK id="TL201" fromID="E37" fromText="enteral feedings" toID="T11" toText="day of life four" type="AFTER" />
<TLINK id="TL202" fromID="E38" fromText="advanced" toID="E40" toText="full volume feedings" type="BEFORE" />
<TLINK id="TL203" fromID="E38" fromText="advanced" toID="T12" toText="day of life seven" type="OVERLAP" />
<TLINK id="TL204" fromID="E40" fromText="full volume feedings" toID="T12" toText="day of life seven" type="AFTER" />
<TLINK id="TL205" fromID="E41" fromText="feeding advancement" toID="E42" toText="parenteral nutrition" type="OVERLAP" />
<TLINK id="TL206" fromID="E42" fromText="parenteral nutrition" toID="E43" toText="intralipids" type="OVERLAP" />
<TLINK id="TL207" fromID="E44" fromText="tolerated" toID="E45" toText="feeding advancement" type="OVERLAP" />
<TLINK id="TL208" fromID="E45" fromText="feeding advancement" toID="E46" toText="difficulty" type="OVERLAP" />
<TLINK id="TL209" fromID="E47" fromText="advanced" toID="E48" toText="breast milk" type="OVERLAP" />
<TLINK id="TL210" fromID="E47" fromText="advanced" toID="E51" toText="ProMod" type="OVERLAP" />
<TLINK id="TL211" fromID="E47" fromText="advanced" toID="T13" toText="day of life 11" type="BEFORE" />
<TLINK id="TL212" fromID="E49" fromText="premature Enfamil" toID="E51" toText="ProMod" type="OVERLAP" />
<TLINK id="TL213" fromID="E51" fromText="ProMod" toID="T13" toText="day of life 11" type="OVERLAP" />
<TLINK id="TL214" fromID="E55" fromText="Head circumference" toID="E56" toText="length" type="OVERLAP" />
<TLINK id="TL215" fromID="E57" fromText="The most recent electrolytes" toID="T14" toText="day of life five" type="OVERLAP" />
<TLINK id="TL216" fromID="E57" fromText="The most recent electrolytes" toID="E58" toText="sodium" type="OVERLAP" />
<TLINK id="TL217" fromID="T14" fromText="day of life five" toID="E58" toText="sodium" type="OVERLAP" />
<TLINK id="TL218" fromID="E58" fromText="sodium" toID="E59" toText="chloride" type="OVERLAP" />
<TLINK id="TL219" fromID="E58" fromText="sodium" toID="E61" toText="TCO2" type="OVERLAP" />
<TLINK id="TL220" fromID="E59" fromText="chloride" toID="E60" toText="potassium" type="OVERLAP" />
<TLINK id="TL221" fromID="E59" fromText="chloride" toID="E61" toText="TCO2" type="OVERLAP" />
<TLINK id="TL222" fromID="E60" fromText="potassium" toID="E61" toText="TCO2" type="OVERLAP" />
<TLINK id="TL223" fromID="T15" fromText="day of life 25" toID="E62" toText="calcium" type="OVERLAP" />
<TLINK id="TL224" fromID="T15" fromText="day of life 25" toID="E64" toText="alkaline phosphatase" type="OVERLAP" />
<TLINK id="TL225" fromID="E62" fromText="calcium" toID="E63" toText="phosphorus" type="OVERLAP" />
<TLINK id="TL226" fromID="E62" fromText="calcium" toID="E64" toText="alkaline phosphatase" type="OVERLAP" />
<TLINK id="TL227" fromID="E63" fromText="phosphorus" toID="E64" toText="alkaline phosphatase" type="OVERLAP" />
<TLINK id="TL228" fromID="E66" fromText="double phototherapy" toID="T16" toText="day of life two" type="AFTER" />
<TLINK id="TL229" fromID="T16" fromText="day of life two" toID="E67" toText="a maximum bilirubin level" type="OVERLAP" />
<TLINK id="TL230" fromID="E67" fromText="a maximum bilirubin level" toID="E68" toText="a direct" type="OVERLAP" />
<TLINK id="TL231" fromID="E69" fromText="single phototherapy" toID="E70" toText="phototherapy" type="OVERLAP" />
<TLINK id="TL232" fromID="E70" fromText="phototherapy" toID="T17" toText="day of life six" type="BEFORE" />
<TLINK id="TL233" fromID="E72" fromText="Rebound bilirubin level" toID="T18" toText="day of life seven" type="OVERLAP" />
<TLINK id="TL234" fromID="T18" fromText="day of life seven" toID="E73" toText="a direct" type="OVERLAP" />
<TLINK id="TL235" fromID="E74" fromText="any blood transfusions" toID="E75" toText="this hospitalization" type="OVERLAP" />
<TLINK id="TL236" fromID="E76" fromText="The most recent hematocrit" toID="T19" toText="day of life two" type="OVERLAP" />
<TLINK id="TL237" fromID="E77" fromText="CBC" toID="E78" toText="admission" type="OVERLAP" />
<TLINK id="TL238" fromID="E77" fromText="CBC" toID="E79" toText="white blood cell count" type="OVERLAP" />
<TLINK id="TL239" fromID="E78" fromText="admission" toID="E79" toText="white blood cell count" type="OVERLAP" />
<TLINK id="TL240" fromID="E79" fromText="white blood cell count" toID="E80" toText="hematocrit" type="OVERLAP" />
<TLINK id="TL241" fromID="E80" fromText="hematocrit" toID="E81" toText="platelets" type="OVERLAP" />
<TLINK id="TL242" fromID="E81" fromText="platelets" toID="E82" toText="neutrophils" type="OVERLAP" />
<TLINK id="TL243" fromID="E82" fromText="neutrophils" toID="E83" toText="bands" type="OVERLAP" />
<TLINK id="TL244" fromID="E84" fromText="Repeat CBC" toID="T20" toText="day of life two" type="OVERLAP" />
<TLINK id="TL245" fromID="E84" fromText="Repeat CBC" toID="E85" toText="showed" type="OVERLAP" />
<TLINK id="TL246" fromID="T20" fromText="day of life two" toID="E85" toText="showed" type="OVERLAP" />
<TLINK id="TL247" fromID="E85" fromText="showed" toID="E86" toText="a white blood cell count" type="OVERLAP" />
<TLINK id="TL248" fromID="E86" fromText="a white blood cell count" toID="E88" toText="platelets" type="OVERLAP" />
<TLINK id="TL249" fromID="E88" fromText="platelets" toID="E89" toText="neutrophils" type="OVERLAP" />
<TLINK id="TL250" fromID="E88" fromText="platelets" toID="E90" toText="bands" type="OVERLAP" />
<TLINK id="TL251" fromID="E89" fromText="neutrophils" toID="E90" toText="bands" type="OVERLAP" />
<TLINK id="TL252" fromID="E91" fromText="Repeat platelet count" toID="T21" toText="day of life three" type="OVERLAP" />
<TLINK id="TL253" fromID="T22" fromText="48 hours" toID="E93" toText="ampicillin" type="OVERLAP" />
<TLINK id="TL254" fromID="E93" fromText="ampicillin" toID="E94" toText="gentamicin" type="OVERLAP" />
<TLINK id="TL255" fromID="E94" fromText="gentamicin" toID="E95" toText="sepsis" type="AFTER" />
<TLINK id="TL256" fromID="E97" fromText="any issues with sepsis" toID="E99" toText="this hospitalization" type="OVERLAP" />
<TLINK id="TL257" fromID="E100" fromText="Head ultrasound" toID="T24" toText="day of life seven" type="OVERLAP" />
<TLINK id="TL258" fromID="E100" fromText="Head ultrasound" toID="E101" toText="showed" type="OVERLAP" />
<TLINK id="TL259" fromID="T24" fromText="day of life seven" toID="E101" toText="showed" type="OVERLAP" />
<TLINK id="TL260" fromID="E101" fromText="showed" toID="E102" toText="intraventricular hemorrhage" type="OVERLAP" />
<TLINK id="TL261" fromID="E103" fromText="A repeat head ultrasound" toID="T26" toText="day of life 33" type="OVERLAP" />
<TLINK id="TL262" fromID="E103" fromText="A repeat head ultrasound" toID="E104" toText="showed" type="OVERLAP" />
<TLINK id="TL263" fromID="T25" fromText="06-07" toID="E104" toText="showed" type="OVERLAP" />
<TLINK id="TL264" fromID="E104" fromText="showed" toID="E105" toText="a slight increase of echogenicity in the caudothalamic groove" type="AFTER" />
<TLINK id="TL265" fromID="E105" fromText="a slight increase of echogenicity in the caudothalamic groove" toID="E106" toText="tiny bilateral germinal matrix hemorrhages" type="OVERLAP" />
<TLINK id="TL266" fromID="E106" fromText="tiny bilateral germinal matrix hemorrhages" toID="E108" toText="periventricular leukomalacia" type="OVERLAP" />
<TLINK id="TL267" fromID="E109" fromText="A repeat head ultrasound" toID="T27" toText="one month" type="OVERLAP" />
<TLINK id="TL268" fromID="E111" fromText="Sensory , hearing screening" toID="E112" toText="automated auditory brain stem responses" type="OVERLAP" />
<TLINK id="TL269" fromID="E114" fromText="eyes examined" toID="T28" toText="05-30" type="OVERLAP" />
<TLINK id="TL270" fromID="E114" fromText="eyes examined" toID="E116" toText="immaturity of the retinal vessels" type="AFTER" />
<TLINK id="TL271" fromID="E114" fromText="eyes examined" toID="E117" toText="ROP" type="AFTER" />
<TLINK id="TL272" fromID="T28" fromText="05-30" toID="E115" toText="revealing" type="OVERLAP" />
<TLINK id="TL273" fromID="T28" fromText="05-30" toID="E116" toText="immaturity of the retinal vessels" type="OVERLAP" />
<TLINK id="TL274" fromID="E115" fromText="revealing" toID="E116" toText="immaturity of the retinal vessels" type="AFTER" />
<TLINK id="TL275" fromID="E116" fromText="immaturity of the retinal vessels" toID="E117" toText="ROP" type="OVERLAP" />
<TLINK id="TL276" fromID="E118" fromText="A follow up examination" toID="T29" toText="the week of 06-20" type="OVERLAP" />
<TLINK id="TL277" fromID="E81" fromText="platelets" toID="E88" toText="platelets" type="OVERLAP" />
<TLINK id="TL278" fromID="E123" fromText="Pregnancy" toID="E126" toText="presented" type="BEFORE" />
<TLINK id="TL279" fromID="E98" fromText="Prenatal screen" toID="E123" toText="Pregnancy" type="OVERLAP" />
<TLINK id="TL280" fromID="E37" fromText="enteral feedings" toID="E41" toText="feeding advancement" type="OVERLAP" />
<TLINK id="TL281" fromID="E76" fromText="The most recent hematocrit" toID="E80" toText="hematocrit" type="OVERLAP" />
<TLINK id="TL282" fromID="E7" fromText="facial CPAP" toID="E19" toText="CPAP" type="OVERLAP" />
<TLINK id="TL283" fromID="E9" fromText="CPAP" toID="E19" toText="CPAP" type="OVERLAP" />
<TLINK id="TL284" fromID="E49" fromText="premature Enfamil" toID="E53" toText="Enfamil" type="OVERLAP" />
<TLINK id="TL285" fromID="E83" fromText="bands" toID="E90" toText="bands" type="OVERLAP" />
<TLINK id="TL286" fromID="E5" fromText="the delivery room" toID="E6" toText="Neonatal Intensive Care Unit" type="OVERLAP" />
<TLINK id="TL287" fromID="E131" fromText="delivery" toID="E133" toText="delivery" type="OVERLAP" />
<TLINK id="TL288" fromID="E34" fromText="cesarean section" toID="E137" toText="repeat cesarean section" type="OVERLAP" />
<TLINK id="TL289" fromID="E39" fromText="progressive preterm labor" toID="E134" toText="preterm labor" type="OVERLAP" />
<TLINK id="TL290" fromID="E68" fromText="a direct" toID="E73" toText="a direct" type="OVERLAP" />
<TLINK id="TL291" fromID="E110" fromText="neurological examination" toID="E111" toText="Sensory , hearing screening" type="OVERLAP" />
<TLINK id="TL292" fromID="E79" fromText="white blood cell count" toID="E86" toText="a white blood cell count" type="OVERLAP" />
<TLINK id="TL293" fromID="E125" fromText="preterm labor" toID="E126" toText="presented" type="BEFORE" />
<TLINK id="TL294" fromID="E129" fromText="admitted" toID="E132" toText="presented" type="BEFORE" />
<TLINK id="TL295" fromID="E117" fromText="ROP" toID="E118" toText="A follow up examination" type="BEFORE" />
<TLINK id="TL296" fromID="E77" fromText="CBC" toID="E84" toText="Repeat CBC" type="OVERLAP" />
<TLINK id="TL297" fromID="E8" fromText="admission" toID="E11" toText="Initial capillary blood gas" type="OVERLAP" />
<TLINK id="TL298" fromID="E128" fromText="vaginal pressure" toID="E129" toText="admitted" type="BEFORE" />
<TLINK id="TL299" fromID="E7" fromText="facial CPAP" toID="E9" toText="CPAP" type="OVERLAP" />
<TLINK id="TL300" fromID="E6" fromText="Neonatal Intensive Care Unit" toID="E120" toText="the Neonatal Intensive Care Unit" type="OVERLAP" />
<TLINK id="TL301" fromID="E55" fromText="Head circumference" toID="E57" toText="The most recent electrolytes" type="OVERLAP" />
<TLINK id="TL302" fromID="E125" fromText="preterm labor" toID="E134" toText="preterm labor" type="OVERLAP" />
<TLINK id="TL303" fromID="E41" fromText="feeding advancement" toID="E45" toText="feeding advancement" type="OVERLAP" />
<TLINK id="TL304" fromID="E102" fromText="intraventricular hemorrhage" toID="E106" toText="tiny bilateral germinal matrix hemorrhages" type="OVERLAP" />
<TLINK id="TL305" fromID="E109" fromText="A repeat head ultrasound" toID="E110" toText="neurological examination" type="OVERLAP" />
<TLINK id="TL306" fromID="E66" fromText="double phototherapy" toID="E69" toText="single phototherapy" type="OVERLAP" />
<TLINK id="TL307" fromID="E39" fromText="progressive preterm labor" toID="E125" toText="preterm labor" type="OVERLAP" />
<TLINK id="TL308" fromID="E54" fromText="The most recent weight" toID="E55" toText="Head circumference" type="OVERLAP" />
<TLINK id="TL309" fromID="E114" fromText="eyes examined" toID="E118" toText="A follow up examination" type="OVERLAP" />
<TLINK id="TL310" fromID="E28" fromText="delivered" toID="E136" toText="delivered" type="OVERLAP" />
<TLINK id="TL311" fromID="E103" fromText="A repeat head ultrasound" toID="E109" toText="A repeat head ultrasound" type="OVERLAP" />
<TLINK id="TL312" fromID="E38" fromText="advanced" toID="E47" toText="advanced" type="OVERLAP" />
<TLINK id="TL313" fromID="E66" fromText="double phototherapy" toID="E70" toText="phototherapy" type="OVERLAP" />
<TLINK id="TL314" fromID="E110" fromText="neurological examination" toID="E118" toText="A follow up examination" type="OVERLAP" />
<TLINK id="TL315" fromID="E84" fromText="Repeat CBC" toID="E91" toText="Repeat platelet count" type="OVERLAP" />
<TLINK id="TL316" fromID="E100" fromText="Head ultrasound" toID="E109" toText="A repeat head ultrasound" type="OVERLAP" />
<TLINK id="TL317" fromID="E132" fromText="presented" toID="E138" toText="blow by oxygen" type="OVERLAP" />
<TLINK id="TL318" fromID="E98" fromText="Prenatal screen" toID="E111" toText="Sensory , hearing screening" type="OVERLAP" />
<TLINK id="TL319" fromID="E95" fromText="sepsis" toID="E97" toText="any issues with sepsis" type="OVERLAP" />
<TLINK id="TL320" fromID="E100" fromText="Head ultrasound" toID="E103" toText="A repeat head ultrasound" type="OVERLAP" />
<TLINK id="TL321" fromID="E48" fromText="breast milk" toID="E52" toText="breast milk" type="OVERLAP" />
<TLINK id="TL322" fromID="E2" fromText="delivery room" toID="E5" toText="the delivery room" type="OVERLAP" />
<TLINK id="TL323" fromID="E67" fromText="a maximum bilirubin level" toID="E72" toText="Rebound bilirubin level" type="OVERLAP" />
<TLINK id="TL324" fromID="E131" fromText="delivery" toID="E132" toText="presented" type="BEFORE" />
<TLINK id="TL325" fromID="E82" fromText="neutrophils" toID="E89" toText="neutrophils" type="OVERLAP" />
<TLINK id="TL326" fromID="E138" fromText="blow by oxygen" toID="E10" toText="30% oxygen" type="OVERLAP" />
<SECTIME id="S1" start="46" end="56" text="2016-06-15" type="DISCHARGE" dvalue="2016-06-15" />
<SECTIME id="S0" start="18" end="28" text="2016-05-05" type="ADMISSION" dvalue="2016-05-05" />
</TAGS>
</ClinicalNarrativeTemporalAnnotation>
