<?xml version="1.0" encoding="UTF-8" ?>
<ClinicalNarrativeTemporalAnnotation>
<TEXT><![CDATA[
Admission Date :
2012-03-23
Discharge Date :
2012-03-26
Service :
MEDICINE
History of Present Illness :
39 year old male w/ h/o low back pain on chronic narcotics presents after being found unresponsive at home .
His daughter awoke him at 7 a.m. , reports he said he felt " cold and shivery ," vomited several times , then drove her to school .
According to his wife , he came home and went to sleep .
When she tried to awaken him at 11 a.m. , she was unable to do so and called EMS .
She did not notice any blood / urine / emesis / stool in the bed .
EMS found him with agonal respirations and pinpoint pupils .
FS 420 .
He received 1 mg IV Narcan ( numerous bottles of oxycontin , percocet were found in room ); his pupils dilated to ~ 8 mm and he became combative / agitated .
He was then intubated for airway protection ( etomidate / succinate ); it was a traumatic intubation 
and one of his teeth was chipped .
He was transported to Hallmark Health System Monica , where ABG 7.14/82/44 while bagging on 100% FiO2 .
Wife reports that he drank a large amt of alcohol ( 12 bottles of beer ) night PTA .
For 2 days PTA , he has expressed a wish to kill himself ( no clear plan , but fixing things around the house " so things will be ready when I 'm gone ").
In Monica , pt received charcoal , 500 mg IV levofloxacin , 500 mg IV metronidazole for presumed aspiration pna .
Brief Hospital Course :
A : 39 year old male w/ HTN , chronic LBP on narcotics presents after being found unresponsive at home .
P :
1) Unresponsiveness : This is likely due todrug overdose ( known oxycontin use , (+) BNZ on tox screen ).
Ddx : cardiac ischemia ( no ischemic EKG changes noted ), seizure w/ post-ictal state , CVA ( head CT neg ).
His cardiac enzymes include only elevated CK , but not Shaffer , Juan he ruled out for MI .
His mental status gradually improved from 03-23 to 03-24 .
He was able to communicate appropriately as his level of narcotic medications waned in his blood .
He was able to maintain a stable mental level for extubation on 03-24 .
As of 3/21 , he was alert , appropriate and answers questions and follows command on exam .
2) Pulmonary infiltrates : THere was initially concern that he was developing ARDS from aspiration pneumonia in the setting of being found unconscious .
He was intubated and was on mechanical ventilation from 9/13 10/11 , but he was started on levofloxacin 
and flagyl for total of 4 days .
ON 03-26 , his antibiotics were started as this most likely represent a transiet aspiration episode and not ARDS .
3) Airway protection : He was intubated in the field for airway protection
He was extubated on 03-24 and was weaned off oxygen slowly from 03-24 to 03-26 without significant event .
4) Hypertension : He was restarted on his atenolol and verapamil once his blood pressure stabilized on 03-25 .
5) Depression : He was restarted on his paxil on 03-25 and was given 1:1 sitter for suicidal ideation leading up to his suicide leading up to this admission .
He has not had further episodes while he was in the hospital .
- plan to restart Paxil when taking PO
6) Hyperglycemia : Although he has no known history of_ diabetes , his elevated FS noted in field with glycosuria prompted fingerstick check but he has not required insulin coverage .
7) High amylase : He was admitted on 03-23 with elevated amylase but non-elevated lipase .
This likely is not concerning of pancreatic process .
His amylase trended down .
He was restarted on regular diet on 4/14 4/17 after his extubation
8) Anemia - He was admitted with borderline anemia with Fe studies suggestive of anemia of chronic disease and his hct decreased in the setting fluid resucitation .
His hct has stabilized and improved to close to 30 at the time of 3/21 .
He reports that his primary physician is aware of his anemia and was in the process of followup .
]]></TEXT>
<TAGS>
<EVENT id="E9" start="1304" end="1319" text="IV levofloxacin" modality="FACTUAL" polarity="POS" type="" />
<EVENT id="E108" start="3640" end="3649" text="decreased" modality="FACTUAL" polarity="POS" type="OCCURRENCE" />
<EVENT id="E70" start="2781" end="2790" text="verapamil" modality="FACTUAL" polarity="POS" type="TREATMENT" />
<EVENT id="E53" start="2319" end="2341" text="mechanical ventilation" modality="FACTUAL" polarity="POS" type="TREATMENT" />
<EVENT id="E130" start="770" end="778" text="agitated" modality="FACTUAL" polarity="POS" type="PROBLEM" />
<EVENT id="E18" start="1512" end="1528" text="Unresponsiveness" modality="FACTUAL" polarity="POS" type="PROBLEM" />
<EVENT id="E46" start="2131" end="2135" text="exam" modality="FACTUAL" polarity="POS" type="TEST" />
<EVENT id="E127" start="684" end="692" text="percocet" modality="FACTUAL" polarity="POS" type="TREATMENT" />
<EVENT id="E86" start="3101" end="3114" text="Hyperglycemia" modality="FACTUAL" polarity="POS" type="PROBLEM" />
<EVENT id="E7" start="129" end="142" text="low back pain" modality="FACTUAL" polarity="POS" type="PROBLEM" />
<EVENT id="E47" start="2141" end="2162" text="Pulmonary infiltrates" modality="FACTUAL" polarity="POS" type="PROBLEM" />
<EVENT id="E54" start="2382" end="2394" text="levofloxacin" modality="FACTUAL" polarity="POS" type="TREATMENT" />
<EVENT id="E76" start="2900" end="2916" text="given 1:1 sitter" modality="FACTUAL" polarity="POS" type="TREATMENT" />
<EVENT id="E128" start="715" end="733" text="his pupils dilated" modality="FACTUAL" polarity="POS" type="OCCURRENCE" />
<EVENT id="E13" start="1430" end="1441" text="chronic LBP" modality="FACTUAL" polarity="POS" type="PROBLEM" />
<EVENT id="E21" start="1590" end="1597" text="(+) BNZ" modality="FACTUAL" polarity="POS" type="PROBLEM" />
<EVENT id="E82" start="3011" end="3027" text="further episodes" modality="FACTUAL" polarity="NEG" type="PROBLEM" />
<EVENT id="E131" start="793" end="802" text="intubated" modality="FACTUAL" polarity="POS" type="TREATMENT" />
<EVENT id="E28" start="1703" end="1706" text="CVA" modality="POSSIBLE" polarity="POS" type="PROBLEM" />
<EVENT id="E36" start="191" end="203" text="unresponsive" modality="FACTUAL" polarity="POS" type="PROBLEM" />
<EVENT id="E122" start="572" end="591" text="agonal respirations" modality="FACTUAL" polarity="POS" type="PROBLEM" />
<EVENT id="E50" start="227" end="232" text="awoke" modality="FACTUAL" polarity="POS" type="OCCURRENCE" />
<EVENT id="E23" start="1621" end="1637" text="cardiac ischemia" modality="POSSIBLE" polarity="POS" type="PROBLEM" />
<EVENT id="E112" start="3713" end="3721" text="improved" modality="FACTUAL" polarity="POS" type="OCCURRENCE" />
<EVENT id="E99" start="3439" end="3451" text="trended down" modality="FACTUAL" polarity="POS" type="OCCURRENCE" />
<EVENT id="E80" start="2953" end="2964" text="his suicide" modality="FACTUAL" polarity="POS" type="PROBLEM" />
<EVENT id="E48" start="2216" end="2220" text="ARDS" modality="POSSIBLE" polarity="POS" type="PROBLEM" />
<EVENT id="E136" start="894" end="915" text="his teeth was chipped" modality="FACTUAL" polarity="POS" type="PROBLEM" />
<EVENT id="E26" start="1673" end="1680" text="seizure" modality="POSSIBLE" polarity="POS" type="PROBLEM" />
<EVENT id="E132" start="807" end="824" text="airway protection" modality="FACTUAL" polarity="POS" type="TREATMENT" />
<EVENT id="E57" start="249" end="256" text="reports" modality="FACTUAL" polarity="POS" type="EVIDENTIAL" />
<EVENT id="E22" start="1601" end="1611" text="tox screen" modality="FACTUAL" polarity="POS" type="TEST" />
<EVENT id="E2" start="1027" end="1034" text="reports" modality="FACTUAL" polarity="POS" type="EVIDENTIAL" />
<EVENT id="E30" start="1724" end="1743" text="His cardiac enzymes" modality="FACTUAL" polarity="POS" type="TEST" />
<EVENT id="E19" start="1550" end="1565" text="todrug overdose" modality="POSSIBLE" polarity="POS" type="PROBLEM" />
<EVENT id="E94" start="3307" end="3315" text="admitted" modality="FACTUAL" polarity="POS" type="OCCURRENCE" />
<EVENT id="E25" start="1643" end="1663" text="ischemic EKG changes" modality="FACTUAL" polarity="NEG" type="PROBLEM" />
<EVENT id="E133" start="827" end="836" text="etomidate" modality="FACTUAL" polarity="POS" type="TREATMENT" />
<EVENT id="E102" start="3524" end="3530" text="Anemia" modality="FACTUAL" polarity="POS" type="PROBLEM" />
<EVENT id="E105" start="3577" end="3587" text="Fe studies" modality="FACTUAL" polarity="POS" type="TEST" />
<EVENT id="E116" start="3846" end="3854" text="followup" modality="FACTUAL" polarity="POS" type="TREATMENT" />
<EVENT id="E11" start="1359" end="1373" text="aspiration pna" modality="POSSIBLE" polarity="POS" type="PROBLEM" />
<EVENT id="E77" start="29" end="38" text="Discharge" modality="FACTUAL" polarity="POS" type="OCCURRENCE" />
<EVENT id="E39" start="1962" end="1971" text="his blood" modality="FACTUAL" polarity="POS" type="TEST" />
<EVENT id="E98" start="3427" end="3438" text="His amylase" modality="FACTUAL" polarity="POS" type="TEST" />
<EVENT id="E62" start="2601" end="2618" text="airway protection" modality="FACTUAL" polarity="POS" type="TREATMENT" />
<EVENT id="E38" start="1932" end="1952" text="narcotic medications" modality="FACTUAL" polarity="POS" type="TREATMENT" />
<EVENT id="E117" start="387" end="400" text="went to sleep" modality="FACTUAL" polarity="POS" type="OCCURRENCE" />
<EVENT id="E88" start="3165" end="3180" text="his elevated FS" modality="FACTUAL" polarity="POS" type="PROBLEM" />
<EVENT id="E43" start="2074" end="2085" text="appropriate" modality="FACTUAL" polarity="POS" type="OCCURRENCE" />
<EVENT id="E16" start="1455" end="1463" text="presents" modality="FACTUAL" polarity="POS" type="EVIDENTIAL" />
<EVENT id="E12" start="1424" end="1427" text="HTN" modality="FACTUAL" polarity="POS" type="PROBLEM" />
<EVENT id="E41" start="2024" end="2034" text="extubation" modality="FACTUAL" polarity="POS" type="TREATMENT" />
<EVENT id="E126" start="672" end="681" text="oxycontin" modality="FACTUAL" polarity="POS" type="TREATMENT" />
<EVENT id="E123" start="596" end="611" text="pinpoint pupils" modality="FACTUAL" polarity="POS" type="PROBLEM" />
<EVENT id="E42" start="2066" end="2071" text="alert" modality="FACTUAL" polarity="POS" type="OCCURRENCE" />
<EVENT id="E10" start="1329" end="1345" text="IV metronidazole" modality="FACTUAL" polarity="POS" type="TREATMENT" />
<EVENT id="E129" start="758" end="767" text="combative" modality="FACTUAL" polarity="POS" type="PROBLEM" />
<EVENT id="E91" start="324" end="343" text="drove her to school" modality="FACTUAL" polarity="POS" type="OCCURRENCE" />
<EVENT id="E63" start="2626" end="2635" text="extubated" modality="FACTUAL" polarity="POS" type="TREATMENT" />
<EVENT id="E100" start="3474" end="3486" text="regular diet" modality="FACTUAL" polarity="POS" type="TREATMENT" />
<EVENT id="E113" start="373" end="382" text="came home" modality="FACTUAL" polarity="POS" type="OCCURRENCE" />
<EVENT id="E118" start="412" end="431" text="tried to awaken him" modality="FACTUAL" polarity="POS" type="OCCURRENCE" />
<EVENT id="E15" start="146" end="163" text="chronic narcotics" modality="FACTUAL" polarity="POS" type="TREATMENT" />
<EVENT id="E120" start="473" end="483" text="called EMS" modality="FACTUAL" polarity="POS" type="OCCURRENCE" />
<EVENT id="E72" start="2815" end="2825" text="stabilized" modality="FACTUAL" polarity="POS" type="OCCURRENCE" />
<EVENT id="E119" start="453" end="468" text="unable to do so" modality="FACTUAL" polarity="POS" type="PROBLEM" />
<EVENT id="E24" start="164" end="172" text="presents" modality="FACTUAL" polarity="POS" type="EVIDENTIAL" />
<EVENT id="E67" start="2729" end="2741" text="Hypertension" modality="FACTUAL" polarity="POS" type="PROBLEM" />
<EVENT id="E56" start="2440" end="2455" text="his antibiotics" modality="FACTUAL" polarity="POS" type="TREATMENT" />
<EVENT id="E17" start="1482" end="1494" text="unresponsive" modality="FACTUAL" polarity="POS" type="PROBLEM" />
<EVENT id="E52" start="2298" end="2307" text="intubated" modality="FACTUAL" polarity="POS" type="TREATMENT" />
<EVENT id="E124" start="614" end="616" text="FS" modality="FACTUAL" polarity="POS" type="TEST" />
<EVENT id="E137" start="940" end="969" text="Hallmark Health System Monica" modality="FACTUAL" polarity="POS" type="CLINICAL_DEPT" />
<EVENT id="E96" start="3351" end="3370" text="non-elevated lipase" modality="FACTUAL" polarity="POS" type="PROBLEM" />
<EVENT id="E49" start="2226" end="2246" text="aspiration pneumonia" modality="FACTUAL" polarity="POS" type="PROBLEM" />
<EVENT id="E65" start="2664" end="2670" text="oxygen" modality="FACTUAL" polarity="POS" type="TREATMENT" />
<EVENT id="E37" start="1919" end="1928" text="his level" modality="FACTUAL" polarity="POS" type="TEST" />
<EVENT id="E114" start="3762" end="3769" text="reports" modality="FACTUAL" polarity="POS" type="OCCURRENCE" />
<EVENT id="E89" start="3201" end="3211" text="glycosuria" modality="FACTUAL" polarity="POS" type="PROBLEM" />
<EVENT id="E4" start="1141" end="1163" text="a wish to kill himself" modality="FACTUAL" polarity="POS" type="PROBLEM" />
<EVENT id="E115" start="3809" end="3819" text="his anemia" modality="FACTUAL" polarity="POS" type="PROBLEM" />
<EVENT id="E20" start="1574" end="1583" text="oxycontin" modality="FACTUAL" polarity="POS" type="TREATMENT" />
<EVENT id="E103" start="3540" end="3548" text="admitted" modality="FACTUAL" polarity="POS" type="OCCURRENCE" />
<EVENT id="E90" start="3221" end="3238" text="fingerstick check" modality="FACTUAL" polarity="POS" type="TEST" />
<EVENT id="E134" start="839" end="848" text="succinate" modality="FACTUAL" polarity="POS" type="TREATMENT" />
<EVENT id="E78" start="2921" end="2938" text="suicidal ideation" modality="FACTUAL" polarity="POS" type="PROBLEM" />
<EVENT id="E5" start="1186" end="1199" text="fixing things" modality="FACTUAL" polarity="POS" type="OCCURRENCE" />
<EVENT id="E71" start="2796" end="2814" text="his blood pressure" modality="FACTUAL" polarity="POS" type="TEST" />
<EVENT id="E31" start="1757" end="1768" text="elevated CK" modality="FACTUAL" polarity="POS" type="PROBLEM" />
<EVENT id="E87" start="3154" end="3162" text="diabetes" modality="FACTUAL" polarity="NEG" type="PROBLEM" />
<EVENT id="E97" start="3406" end="3424" text="pancreatic process" modality="POSSIBLE" polarity="NEG" type="PROBLEM" />
<EVENT id="E95" start="3330" end="3346" text="elevated amylase" modality="FACTUAL" polarity="POS" type="PROBLEM" />
<EVENT id="E33" start="1816" end="1833" text="His mental status" modality="FACTUAL" polarity="POS" type="OCCURRENCE" />
<EVENT id="E101" start="3506" end="3520" text="his extubation" modality="FACTUAL" polarity="POS" type="TREATMENT" />
<EVENT id="E0" start="1" end="10" text="Admission" modality="FACTUAL" polarity="POS" type="OCCURRENCE" />
<EVENT id="E84" start="3077" end="3082" text="Paxil" modality="PROPOSED" polarity="POS" type="TREATMENT" />
<EVENT id="E106" start="3602" end="3627" text="anemia of chronic disease" modality="POSSIBLE" polarity="POS" type="PROBLEM" />
<EVENT id="E66" start="2706" end="2723" text="significant event" modality="FACTUAL" polarity="NEG" type="OCCURRENCE" />
<EVENT id="E34" start="1844" end="1852" text="improved" modality="FACTUAL" polarity="POS" type="OCCURRENCE" />
<EVENT id="E3" start="1043" end="1071" text="drank a large amt of alcohol" modality="FACTUAL" polarity="POS" type="OCCURRENCE" />
<EVENT id="E107" start="3632" end="3639" text="his hct" modality="FACTUAL" polarity="POS" type="TEST" />
<EVENT id="E44" start="2090" end="2107" text="answers questions" modality="FACTUAL" polarity="POS" type="OCCURRENCE" />
<EVENT id="E138" start="978" end="981" text="ABG" modality="FACTUAL" polarity="POS" type="TEST" />
<EVENT id="E29" start="1709" end="1716" text="head CT" modality="FACTUAL" polarity="POS" type="TEST" />
<EVENT id="E6" start="1265" end="1271" text="Monica" modality="FACTUAL" polarity="POS" type="CLINICAL_DEPT" />
<EVENT id="E51" start="2277" end="2288" text="unconscious" modality="FACTUAL" polarity="POS" type="PROBLEM" />
<EVENT id="E58" start="2499" end="2528" text="a transiet aspiration episode" modality="POSSIBLE" polarity="POS" type="PROBLEM" />
<EVENT id="E32" start="1811" end="1813" text="MI" modality="FACTUAL" polarity="NEG" type="PROBLEM" />
<EVENT id="E27" start="1684" end="1700" text="post-ictal state" modality="POSSIBLE" polarity="POS" type="PROBLEM" />
<EVENT id="E60" start="2547" end="2564" text="Airway protection" modality="FACTUAL" polarity="POS" type="TREATMENT" />
<EVENT id="E85" start="3088" end="3097" text="taking PO" modality="FACTUAL" polarity="POS" type="OCCURRENCE" />
<EVENT id="E59" start="2537" end="2541" text="ARDS" modality="FACTUAL" polarity="NEG" type="PROBLEM" />
<EVENT id="E35" start="1882" end="1915" text="able to communicate appropriately" modality="FACTUAL" polarity="POS" type="OCCURRENCE" />
<EVENT id="E93" start="3285" end="3297" text="High amylase" modality="FACTUAL" polarity="POS" type="PROBLEM" />
<EVENT id="E75" start="2873" end="2882" text="his paxil" modality="FACTUAL" polarity="POS" type="TREATMENT" />
<EVENT id="E79" start="295" end="302" text="vomited" modality="FACTUAL" polarity="POS" type="PROBLEM" />
<EVENT id="E64" start="2653" end="2663" text="weaned off" modality="FACTUAL" polarity="POS" type="TREATMENT" />
<EVENT id="E55" start="2400" end="2406" text="flagyl" modality="FACTUAL" polarity="POS" type="TREATMENT" />
<EVENT id="E92" start="3263" end="3279" text="insulin coverage" modality="FACTUAL" polarity="NEG" type="TREATMENT" />
<EVENT id="E61" start="2574" end="2583" text="intubated" modality="FACTUAL" polarity="POS" type="TREATMENT" />
<EVENT id="E69" start="2764" end="2776" text="his atenolol" modality="FACTUAL" polarity="POS" type="TREATMENT" />
<EVENT id="E110" start="3686" end="3693" text="His hct" modality="FACTUAL" polarity="POS" type="TEST" />
<EVENT id="E1" start="1010" end="1019" text="100% FiO2" modality="FACTUAL" polarity="POS" type="TREATMENT" />
<EVENT id="E109" start="3665" end="3683" text="fluid resucitation" modality="FACTUAL" polarity="POS" type="TREATMENT" />
<EVENT id="E40" start="1998" end="2019" text="a stable mental level" modality="FACTUAL" polarity="POS" type="OCCURRENCE" />
<EVENT id="E81" start="2979" end="2993" text="this admission" modality="FACTUAL" polarity="POS" type="OCCURRENCE" />
<EVENT id="E8" start="1286" end="1294" text="charcoal" modality="FACTUAL" polarity="POS" type="TREATMENT" />
<EVENT id="E83" start="3044" end="3056" text="the hospital" modality="FACTUAL" polarity="POS" type="OCCURRENCE" />
<EVENT id="E121" start="505" end="550" text="any blood / urine / emesis / stool in the bed" modality="FACTUAL" polarity="NEG" type="PROBLEM" />
<EVENT id="E125" start="640" end="649" text="IV Narcan" modality="FACTUAL" polarity="POS" type="TREATMENT" />
<EVENT id="E73" start="284" end="291" text="shivery" modality="FACTUAL" polarity="POS" type="PROBLEM" />
<EVENT id="E104" start="3554" end="3571" text="borderline anemia" modality="FACTUAL" polarity="POS" type="PROBLEM" />
<EVENT id="E14" start="1445" end="1454" text="narcotics" modality="FACTUAL" polarity="POS" type="TREATMENT" />
<EVENT id="E68" start="275" end="279" text="cold" modality="FACTUAL" polarity="POS" type="PROBLEM" />
<EVENT id="E111" start="3698" end="3708" text="stabilized" modality="FACTUAL" polarity="POS" type="OCCURRENCE" />
<EVENT id="E74" start="2840" end="2850" text="Depression" modality="FACTUAL" polarity="POS" type="PROBLEM" />
<EVENT id="E45" start="2112" end="2127" text="follows command" modality="FACTUAL" polarity="POS" type="OCCURRENCE" />
<EVENT id="E135" start="859" end="881" text="a traumatic intubation" modality="FACTUAL" polarity="POS" type="TREATMENT" />
<TIMEX3 id="T3" start="1858" end="1863" text="03-23" type="DATE" val="2012-03-23" mod="NA" />
<TIMEX3 id="T10" start="2420" end="2426" text="4 days" type="DURATION" val="P4D" mod="NA" />
<TIMEX3 id="T22" start="435" end="442" text="11 a.m." type="TIME" val="2012-03-23T11:00" mod="NA" />
<TIMEX3 id="T2" start="18" end="28" text="2012-03-23" type="DATE" val="2012-03-23" mod="NA" />
<TIMEX3 id="T7" start="2347" end="2351" text="9/13" type="DATE" val="2012-03-23" mod="NA" />
<TIMEX3 id="T23" start="46" end="56" text="2012-03-26" type="DATE" val="2012-03-26" mod="NA" />
<TIMEX3 id="T9" start="240" end="246" text="7 a.m." type="TIME" val="2012-03-23T07:00" mod="NA" />
<TIMEX3 id="T17" start="303" end="316" text="several times" type="FREQUENCY" val="R3" mod="APPROX" />
<TIMEX3 id="T0" start="1095" end="1104" text="night PTA" type="DATE" val="2012-03-22" mod="END" />
<TIMEX3 id="T12" start="2639" end="2644" text="03-24" type="DATE" val="2012-03-24" mod="NA" />
<TIMEX3 id="T15" start="2829" end="2834" text="03-25" type="DATE" val="2012-03-25" mod="NA" />
<TIMEX3 id="T14" start="2692" end="2697" text="03-26" type="DATE" val="2012-03-23" mod="NA" />
<TIMEX3 id="T18" start="3319" end="3324" text="03-23" type="DATE" val="2012-03-23" mod="NA" />
<TIMEX3 id="T1" start="1111" end="1121" text="2 days PTA" type="DURATION" val="P2D" mod="NA" />
<TIMEX3 id="T11" start="2432" end="2437" text="03-26" type="DATE" val="2012-03-26" mod="NA" />
<TIMEX3 id="T8" start="2352" end="2357" text="10/11" type="DATE" val="2012-03-25" mod="NA" />
<TIMEX3 id="T20" start="3495" end="3499" text="4/17" type="DATE" val="2012-03-27" mod="NA" />
<TIMEX3 id="T4" start="1867" end="1872" text="03-24" type="DATE" val="2012-03-24" mod="NA" />
<TIMEX3 id="T5" start="2038" end="2043" text="03-24" type="DATE" val="2012-03-24" mod="NA" />
<TIMEX3 id="T6" start="2052" end="2056" text="3/21" type="DATE" val="2012-03-21" mod="NA" />
<TIMEX3 id="T13" start="2683" end="2688" text="03-24" type="DATE" val="2012-03-24" mod="NA" />
<TIMEX3 id="T19" start="3490" end="3494" text="4/14" type="DATE" val="2012-03-24" mod="NA" />
<TIMEX3 id="T21" start="3752" end="3756" text="3/21" type="DATE" val="2012-03-21" mod="NA" />
<TIMEX3 id="T16" start="2886" end="2891" text="03-25" type="DATE" val="2012-03-25" mod="NA" />
<TLINK id="TL0" fromID="E0" fromText="Admission" toID="T2" toText="2012-03-23" type="OVERLAP" />
<TLINK id="TL1" fromID="E1" fromText="100% FiO2" toID="T2" toText="2012-03-23" type="BEFORE" />
<TLINK id="TL2" fromID="E2" fromText="reports" toID="T2" toText="2012-03-23" type="OVERLAP" />
<TLINK id="TL3" fromID="E3" fromText="drank a large amt of alcohol" toID="T2" toText="2012-03-23" type="BEFORE" />
<TLINK id="TL4" fromID="E4" fromText="a wish to kill himself" toID="T2" toText="2012-03-23" type="BEFORE" />
<TLINK id="TL5" fromID="E5" fromText="fixing things" toID="T2" toText="2012-03-23" type="BEFORE" />
<TLINK id="TL6" fromID="E6" fromText="Monica" toID="T2" toText="2012-03-23" type="BEFORE" />
<TLINK id="TL7" fromID="E7" fromText="low back pain" toID="T2" toText="2012-03-23" type="BEFORE" />
<TLINK id="TL8" fromID="E8" fromText="charcoal" toID="T2" toText="2012-03-23" type="BEFORE" />
<TLINK id="TL9" fromID="E9" fromText="IV levofloxacin" toID="T2" toText="2012-03-23" type="OVERLAP" />
<TLINK id="TL10" fromID="E10" fromText="IV metronidazole" toID="T2" toText="2012-03-23" type="BEFORE" />
<TLINK id="TL11" fromID="E11" fromText="aspiration pna" toID="T2" toText="2012-03-23" type="BEFORE" />
<TLINK id="TL12" fromID="E12" fromText="HTN" toID="T23" toText="2012-03-26" type="BEFORE" />
<TLINK id="TL13" fromID="E13" fromText="chronic LBP" toID="T23" toText="2012-03-26" type="BEFORE" />
<TLINK id="TL14" fromID="E14" fromText="narcotics" toID="T23" toText="2012-03-26" type="BEFORE" />
<TLINK id="TL15" fromID="E15" fromText="chronic narcotics" toID="T2" toText="2012-03-23" type="BEFORE" />
<TLINK id="TL16" fromID="E16" fromText="presents" toID="T23" toText="2012-03-26" type="BEFORE" />
<TLINK id="TL17" fromID="E17" fromText="unresponsive" toID="T23" toText="2012-03-26" type="BEFORE" />
<TLINK id="TL18" fromID="E18" fromText="Unresponsiveness" toID="T23" toText="2012-03-26" type="BEFORE" />
<TLINK id="TL19" fromID="E19" fromText="todrug overdose" toID="T23" toText="2012-03-26" type="BEFORE" />
<TLINK id="TL20" fromID="E20" fromText="oxycontin" toID="T23" toText="2012-03-26" type="BEFORE" />
<TLINK id="TL21" fromID="E21" fromText="(+) BNZ" toID="T23" toText="2012-03-26" type="BEFORE" />
<TLINK id="TL22" fromID="E22" fromText="tox screen" toID="T23" toText="2012-03-26" type="BEFORE" />
<TLINK id="TL23" fromID="E23" fromText="cardiac ischemia" toID="T23" toText="2012-03-26" type="BEFORE" />
<TLINK id="TL24" fromID="E24" fromText="presents" toID="T2" toText="2012-03-23" type="BEFORE" />
<TLINK id="TL25" fromID="E25" fromText="ischemic EKG changes" toID="T23" toText="2012-03-26" type="BEFORE" />
<TLINK id="TL26" fromID="E26" fromText="seizure" toID="T23" toText="2012-03-26" type="BEFORE" />
<TLINK id="TL27" fromID="E27" fromText="post-ictal state" toID="T23" toText="2012-03-26" type="BEFORE" />
<TLINK id="TL28" fromID="E28" fromText="CVA" toID="T23" toText="2012-03-26" type="BEFORE" />
<TLINK id="TL29" fromID="E29" fromText="head CT" toID="T23" toText="2012-03-26" type="BEFORE" />
<TLINK id="TL30" fromID="E30" fromText="His cardiac enzymes" toID="T23" toText="2012-03-26" type="BEFORE" />
<TLINK id="TL31" fromID="E31" fromText="elevated CK" toID="T23" toText="2012-03-26" type="BEFORE" />
<TLINK id="TL32" fromID="E32" fromText="MI" toID="T23" toText="2012-03-26" type="BEFORE" />
<TLINK id="TL33" fromID="E33" fromText="His mental status" toID="T23" toText="2012-03-26" type="BEFORE" />
<TLINK id="TL34" fromID="E34" fromText="improved" toID="T23" toText="2012-03-26" type="BEFORE" />
<TLINK id="TL35" fromID="E35" fromText="able to communicate appropriately" toID="T23" toText="2012-03-26" type="BEFORE" />
<TLINK id="TL36" fromID="E36" fromText="unresponsive" toID="T2" toText="2012-03-23" type="BEFORE" />
<TLINK id="TL37" fromID="E37" fromText="his level" toID="T23" toText="2012-03-26" type="BEFORE" />
<TLINK id="TL38" fromID="E38" fromText="narcotic medications" toID="T23" toText="2012-03-26" type="BEFORE" />
<TLINK id="TL39" fromID="E39" fromText="his blood" toID="T23" toText="2012-03-26" type="BEFORE" />
<TLINK id="TL40" fromID="E40" fromText="a stable mental level" toID="T23" toText="2012-03-26" type="BEFORE" />
<TLINK id="TL41" fromID="E41" fromText="extubation" toID="T23" toText="2012-03-26" type="BEFORE" />
<TLINK id="TL42" fromID="E42" fromText="alert" toID="T23" toText="2012-03-26" type="BEFORE" />
<TLINK id="TL43" fromID="E43" fromText="appropriate" toID="T23" toText="2012-03-26" type="BEFORE" />
<TLINK id="TL44" fromID="E44" fromText="answers questions" toID="T23" toText="2012-03-26" type="BEFORE" />
<TLINK id="TL45" fromID="E45" fromText="follows command" toID="T23" toText="2012-03-26" type="BEFORE" />
<TLINK id="TL46" fromID="E46" fromText="exam" toID="T23" toText="2012-03-26" type="BEFORE" />
<TLINK id="TL47" fromID="E47" fromText="Pulmonary infiltrates" toID="T23" toText="2012-03-26" type="BEFORE" />
<TLINK id="TL48" fromID="E48" fromText="ARDS" toID="T23" toText="2012-03-26" type="BEFORE" />
<TLINK id="TL49" fromID="E49" fromText="aspiration pneumonia" toID="T23" toText="2012-03-26" type="BEFORE" />
<TLINK id="TL50" fromID="E50" fromText="awoke" toID="T2" toText="2012-03-23" type="BEFORE" />
<TLINK id="TL51" fromID="E51" fromText="unconscious" toID="T23" toText="2012-03-26" type="BEFORE" />
<TLINK id="TL52" fromID="E52" fromText="intubated" toID="T23" toText="2012-03-26" type="BEFORE" />
<TLINK id="TL53" fromID="E53" fromText="mechanical ventilation" toID="T23" toText="2012-03-26" type="BEFORE" />
<TLINK id="TL54" fromID="E54" fromText="levofloxacin" toID="T23" toText="2012-03-26" type="BEFORE" />
<TLINK id="TL55" fromID="E55" fromText="flagyl" toID="T23" toText="2012-03-26" type="BEFORE" />
<TLINK id="TL56" fromID="E56" fromText="his antibiotics" toID="T23" toText="2012-03-26" type="BEFORE" />
<TLINK id="TL57" fromID="E57" fromText="reports" toID="T2" toText="2012-03-23" type="OVERLAP" />
<TLINK id="TL58" fromID="E58" fromText="a transiet aspiration episode" toID="T23" toText="2012-03-26" type="BEFORE" />
<TLINK id="TL59" fromID="E59" fromText="ARDS" toID="T23" toText="2012-03-26" type="BEFORE" />
<TLINK id="TL60" fromID="E60" fromText="Airway protection" toID="T23" toText="2012-03-26" type="BEFORE" />
<TLINK id="TL61" fromID="E61" fromText="intubated" toID="T23" toText="2012-03-26" type="BEFORE" />
<TLINK id="TL62" fromID="E62" fromText="airway protection" toID="T23" toText="2012-03-26" type="BEFORE" />
<TLINK id="TL63" fromID="E63" fromText="extubated" toID="T23" toText="2012-03-26" type="BEFORE" />
<TLINK id="TL64" fromID="E64" fromText="weaned off" toID="T23" toText="2012-03-26" type="BEFORE" />
<TLINK id="TL65" fromID="E65" fromText="oxygen" toID="T23" toText="2012-03-26" type="BEFORE" />
<TLINK id="TL66" fromID="E66" fromText="significant event" toID="T23" toText="2012-03-26" type="BEFORE" />
<TLINK id="TL67" fromID="E67" fromText="Hypertension" toID="T23" toText="2012-03-26" type="BEFORE" />
<TLINK id="TL68" fromID="E68" fromText="cold" toID="T2" toText="2012-03-23" type="BEFORE" />
<TLINK id="TL69" fromID="E69" fromText="his atenolol" toID="T23" toText="2012-03-26" type="BEFORE" />
<TLINK id="TL70" fromID="E70" fromText="verapamil" toID="T23" toText="2012-03-26" type="BEFORE" />
<TLINK id="TL71" fromID="E71" fromText="his blood pressure" toID="T23" toText="2012-03-26" type="BEFORE" />
<TLINK id="TL72" fromID="E72" fromText="stabilized" toID="T23" toText="2012-03-26" type="BEFORE" />
<TLINK id="TL73" fromID="E73" fromText="shivery" toID="T2" toText="2012-03-23" type="BEFORE" />
<TLINK id="TL74" fromID="E74" fromText="Depression" toID="T23" toText="2012-03-26" type="BEFORE" />
<TLINK id="TL75" fromID="E75" fromText="his paxil" toID="T23" toText="2012-03-26" type="BEFORE" />
<TLINK id="TL76" fromID="E76" fromText="given 1:1 sitter" toID="T23" toText="2012-03-26" type="BEFORE" />
<TLINK id="TL77" fromID="E77" fromText="Discharge" toID="T23" toText="2012-03-26" type="OVERLAP" />
<TLINK id="TL78" fromID="E78" fromText="suicidal ideation" toID="T23" toText="2012-03-26" type="BEFORE" />
<TLINK id="TL79" fromID="E79" fromText="vomited" toID="T2" toText="2012-03-23" type="BEFORE" />
<TLINK id="TL80" fromID="E80" fromText="his suicide" toID="T23" toText="2012-03-26" type="BEFORE" />
<TLINK id="TL81" fromID="E81" fromText="this admission" toID="T23" toText="2012-03-26" type="BEFORE" />
<TLINK id="TL82" fromID="E82" fromText="further episodes" toID="T23" toText="2012-03-26" type="BEFORE" />
<TLINK id="TL83" fromID="E83" fromText="the hospital" toID="T23" toText="2012-03-26" type="BEFORE" />
<TLINK id="TL84" fromID="E84" fromText="Paxil" toID="T23" toText="2012-03-26" type="AFTER" />
<TLINK id="TL85" fromID="E85" fromText="taking PO" toID="T23" toText="2012-03-26" type="BEFORE" />
<TLINK id="TL86" fromID="E86" fromText="Hyperglycemia" toID="T23" toText="2012-03-26" type="BEFORE" />
<TLINK id="TL87" fromID="E87" fromText="diabetes" toID="T23" toText="2012-03-26" type="BEFORE" />
<TLINK id="TL88" fromID="E88" fromText="his elevated FS" toID="T23" toText="2012-03-26" type="BEFORE" />
<TLINK id="TL89" fromID="E89" fromText="glycosuria" toID="T23" toText="2012-03-26" type="BEFORE" />
<TLINK id="TL90" fromID="E90" fromText="fingerstick check" toID="T23" toText="2012-03-26" type="BEFORE" />
<TLINK id="TL91" fromID="E91" fromText="drove her to school" toID="T2" toText="2012-03-23" type="BEFORE" />
<TLINK id="TL92" fromID="E92" fromText="insulin coverage" toID="T23" toText="2012-03-26" type="BEFORE" />
<TLINK id="TL93" fromID="E93" fromText="High amylase" toID="T23" toText="2012-03-26" type="BEFORE" />
<TLINK id="TL94" fromID="E94" fromText="admitted" toID="T23" toText="2012-03-26" type="BEFORE" />
<TLINK id="TL95" fromID="E95" fromText="elevated amylase" toID="T23" toText="2012-03-26" type="BEFORE" />
<TLINK id="TL96" fromID="E96" fromText="non-elevated lipase" toID="T23" toText="2012-03-26" type="BEFORE" />
<TLINK id="TL97" fromID="E97" fromText="pancreatic process" toID="T23" toText="2012-03-26" type="BEFORE" />
<TLINK id="TL98" fromID="E98" fromText="His amylase" toID="T23" toText="2012-03-26" type="BEFORE" />
<TLINK id="TL99" fromID="E99" fromText="trended down" toID="T23" toText="2012-03-26" type="BEFORE" />
<TLINK id="TL100" fromID="E100" fromText="regular diet" toID="T23" toText="2012-03-26" type="BEFORE" />
<TLINK id="TL101" fromID="E101" fromText="his extubation" toID="T23" toText="2012-03-26" type="BEFORE" />
<TLINK id="TL102" fromID="E102" fromText="Anemia" toID="T23" toText="2012-03-26" type="BEFORE" />
<TLINK id="TL103" fromID="E103" fromText="admitted" toID="T23" toText="2012-03-26" type="BEFORE" />
<TLINK id="TL104" fromID="E104" fromText="borderline anemia" toID="T23" toText="2012-03-26" type="BEFORE" />
<TLINK id="TL105" fromID="E105" fromText="Fe studies" toID="T23" toText="2012-03-26" type="BEFORE" />
<TLINK id="TL106" fromID="E106" fromText="anemia of chronic disease" toID="T23" toText="2012-03-26" type="BEFORE" />
<TLINK id="TL107" fromID="E107" fromText="his hct" toID="T23" toText="2012-03-26" type="BEFORE" />
<TLINK id="TL108" fromID="E108" fromText="decreased" toID="T23" toText="2012-03-26" type="BEFORE" />
<TLINK id="TL109" fromID="E109" fromText="fluid resucitation" toID="T23" toText="2012-03-26" type="BEFORE" />
<TLINK id="TL110" fromID="E110" fromText="His hct" toID="T23" toText="2012-03-26" type="BEFORE" />
<TLINK id="TL111" fromID="E111" fromText="stabilized" toID="T23" toText="2012-03-26" type="BEFORE" />
<TLINK id="TL112" fromID="E112" fromText="improved" toID="T23" toText="2012-03-26" type="BEFORE" />
<TLINK id="TL113" fromID="E113" fromText="came home" toID="T2" toText="2012-03-23" type="BEFORE" />
<TLINK id="TL114" fromID="E114" fromText="reports" toID="T23" toText="2012-03-26" type="OVERLAP" />
<TLINK id="TL115" fromID="E115" fromText="his anemia" toID="T23" toText="2012-03-26" type="BEFORE" />
<TLINK id="TL116" fromID="E116" fromText="followup" toID="T23" toText="2012-03-26" type="BEFORE" />
<TLINK id="TL117" fromID="E117" fromText="went to sleep" toID="T2" toText="2012-03-23" type="BEFORE" />
<TLINK id="TL118" fromID="E118" fromText="tried to awaken him" toID="T2" toText="2012-03-23" type="OVERLAP" />
<TLINK id="TL119" fromID="E119" fromText="unable to do so" toID="T2" toText="2012-03-23" type="BEFORE" />
<TLINK id="TL120" fromID="E120" fromText="called EMS" toID="T2" toText="2012-03-23" type="BEFORE" />
<TLINK id="TL121" fromID="E121" fromText="any blood / urine / emesis / stool in the bed" toID="T2" toText="2012-03-23" type="BEFORE" />
<TLINK id="TL122" fromID="E122" fromText="agonal respirations" toID="T2" toText="2012-03-23" type="BEFORE" />
<TLINK id="TL123" fromID="E123" fromText="pinpoint pupils" toID="T2" toText="2012-03-23" type="BEFORE" />
<TLINK id="TL124" fromID="E124" fromText="FS" toID="T2" toText="2012-03-23" type="BEFORE" />
<TLINK id="TL125" fromID="E125" fromText="IV Narcan" toID="T2" toText="2012-03-23" type="BEFORE" />
<TLINK id="TL126" fromID="E126" fromText="oxycontin" toID="T2" toText="2012-03-23" type="BEFORE" />
<TLINK id="TL127" fromID="E127" fromText="percocet" toID="T2" toText="2012-03-23" type="BEFORE" />
<TLINK id="TL128" fromID="E128" fromText="his pupils dilated" toID="T2" toText="2012-03-23" type="BEFORE" />
<TLINK id="TL129" fromID="E129" fromText="combative" toID="T2" toText="2012-03-23" type="BEFORE" />
<TLINK id="TL130" fromID="E130" fromText="agitated" toID="T2" toText="2012-03-23" type="BEFORE" />
<TLINK id="TL131" fromID="E131" fromText="intubated" toID="T2" toText="2012-03-23" type="BEFORE" />
<TLINK id="TL132" fromID="E132" fromText="airway protection" toID="T2" toText="2012-03-23" type="BEFORE" />
<TLINK id="TL133" fromID="E133" fromText="etomidate" toID="T2" toText="2012-03-23" type="BEFORE" />
<TLINK id="TL134" fromID="E134" fromText="succinate" toID="T2" toText="2012-03-23" type="BEFORE" />
<TLINK id="TL135" fromID="E135" fromText="a traumatic intubation" toID="T2" toText="2012-03-23" type="BEFORE" />
<TLINK id="TL136" fromID="E136" fromText="his teeth was chipped" toID="T2" toText="2012-03-23" type="BEFORE" />
<TLINK id="TL137" fromID="E137" fromText="Hallmark Health System Monica" toID="T2" toText="2012-03-23" type="BEFORE" />
<TLINK id="TL138" fromID="E138" fromText="ABG" toID="T2" toText="2012-03-23" type="BEFORE" />
<TLINK id="TL139" fromID="E7" fromText="low back pain" toID="E15" toText="chronic narcotics" type="OVERLAP" />
<TLINK id="TL140" fromID="E7" fromText="low back pain" toID="E24" toText="presents" type="BEFORE" />
<TLINK id="TL141" fromID="E24" fromText="presents" toID="E36" toText="unresponsive" type="AFTER" />
<TLINK id="TL142" fromID="E50" fromText="awoke" toID="T9" toText="7 a.m." type="OVERLAP" />
<TLINK id="TL143" fromID="T9" fromText="7 a.m." toID="E57" toText="reports" type="OVERLAP" />
<TLINK id="TL144" fromID="E57" fromText="reports" toID="E68" toText="cold" type="AFTER" />
<TLINK id="TL145" fromID="E68" fromText="cold" toID="E73" toText="shivery" type="OVERLAP" />
<TLINK id="TL146" fromID="E68" fromText="cold" toID="E91" toText="drove her to school" type="BEFORE" />
<TLINK id="TL147" fromID="E68" fromText="cold" toID="E79" toText="vomited" type="OVERLAP" />
<TLINK id="TL148" fromID="E73" fromText="shivery" toID="E79" toText="vomited" type="OVERLAP" />
<TLINK id="TL149" fromID="E79" fromText="vomited" toID="T17" toText="several times" type="OVERLAP" />
<TLINK id="TL150" fromID="T17" fromText="several times" toID="E91" toText="drove her to school" type="BEFORE" />
<TLINK id="TL151" fromID="E113" fromText="came home" toID="E117" toText="went to sleep" type="OVERLAP" />
<TLINK id="TL152" fromID="E118" fromText="tried to awaken him" toID="T22" toText="11 a.m." type="OVERLAP" />
<TLINK id="TL153" fromID="E118" fromText="tried to awaken him" toID="E119" toText="unable to do so" type="AFTER" />
<TLINK id="TL154" fromID="T22" fromText="11 a.m." toID="E119" toText="unable to do so" type="OVERLAP" />
<TLINK id="TL155" fromID="E119" fromText="unable to do so" toID="E120" toText="called EMS" type="OVERLAP" />
<TLINK id="TL156" fromID="E122" fromText="agonal respirations" toID="E123" toText="pinpoint pupils" type="OVERLAP" />
<TLINK id="TL157" fromID="E125" fromText="IV Narcan" toID="E126" toText="oxycontin" type="OVERLAP" />
<TLINK id="TL158" fromID="E126" fromText="oxycontin" toID="E127" toText="percocet" type="OVERLAP" />
<TLINK id="TL159" fromID="E127" fromText="percocet" toID="E128" toText="his pupils dilated" type="OVERLAP" />
<TLINK id="TL160" fromID="E128" fromText="his pupils dilated" toID="E129" toText="combative" type="BEFORE" />
<TLINK id="TL161" fromID="E129" fromText="combative" toID="E130" toText="agitated" type="OVERLAP" />
<TLINK id="TL162" fromID="E131" fromText="intubated" toID="E132" toText="airway protection" type="BEFORE" />
<TLINK id="TL163" fromID="E132" fromText="airway protection" toID="E133" toText="etomidate" type="BEFORE" />
<TLINK id="TL164" fromID="E133" fromText="etomidate" toID="E134" toText="succinate" type="OVERLAP" />
<TLINK id="TL165" fromID="E134" fromText="succinate" toID="E135" toText="a traumatic intubation" type="OVERLAP" />
<TLINK id="TL166" fromID="E137" fromText="Hallmark Health System Monica" toID="E138" toText="ABG" type="OVERLAP" />
<TLINK id="TL167" fromID="E138" fromText="ABG" toID="E1" toText="100% FiO2" type="OVERLAP" />
<TLINK id="TL168" fromID="E2" fromText="reports" toID="E3" toText="drank a large amt of alcohol" type="AFTER" />
<TLINK id="TL169" fromID="E3" fromText="drank a large amt of alcohol" toID="T0" toText="night PTA" type="OVERLAP" />
<TLINK id="TL170" fromID="T1" fromText="2 days PTA" toID="E4" toText="a wish to kill himself" type="OVERLAP" />
<TLINK id="TL171" fromID="E4" fromText="a wish to kill himself" toID="E5" toText="fixing things" type="OVERLAP" />
<TLINK id="TL172" fromID="E6" fromText="Monica" toID="E8" toText="charcoal" type="OVERLAP" />
<TLINK id="TL173" fromID="E8" fromText="charcoal" toID="E9" toText="IV levofloxacin" type="BEFORE" />
<TLINK id="TL174" fromID="E9" fromText="IV levofloxacin" toID="E10" toText="IV metronidazole" type="AFTER" />
<TLINK id="TL175" fromID="E10" fromText="IV metronidazole" toID="E11" toText="aspiration pna" type="AFTER" />
<TLINK id="TL176" fromID="E13" fromText="chronic LBP" toID="E14" toText="narcotics" type="OVERLAP" />
<TLINK id="TL177" fromID="E13" fromText="chronic LBP" toID="E16" toText="presents" type="BEFORE" />
<TLINK id="TL178" fromID="E14" fromText="narcotics" toID="E16" toText="presents" type="BEFORE" />
<TLINK id="TL179" fromID="E16" fromText="presents" toID="E17" toText="unresponsive" type="AFTER" />
<TLINK id="TL180" fromID="E18" fromText="Unresponsiveness" toID="E19" toText="todrug overdose" type="OVERLAP" />
<TLINK id="TL181" fromID="E19" fromText="todrug overdose" toID="E20" toText="oxycontin" type="OVERLAP" />
<TLINK id="TL182" fromID="E21" fromText="(+) BNZ" toID="E22" toText="tox screen" type="OVERLAP" />
<TLINK id="TL183" fromID="E23" fromText="cardiac ischemia" toID="E25" toText="ischemic EKG changes" type="OVERLAP" />
<TLINK id="TL184" fromID="E25" fromText="ischemic EKG changes" toID="E26" toText="seizure" type="OVERLAP" />
<TLINK id="TL185" fromID="E26" fromText="seizure" toID="E27" toText="post-ictal state" type="OVERLAP" />
<TLINK id="TL186" fromID="E27" fromText="post-ictal state" toID="E28" toText="CVA" type="OVERLAP" />
<TLINK id="TL187" fromID="E28" fromText="CVA" toID="E29" toText="head CT" type="BEFORE" />
<TLINK id="TL188" fromID="E31" fromText="elevated CK" toID="E32" toText="MI" type="BEFORE" />
<TLINK id="TL189" fromID="E33" fromText="His mental status" toID="E34" toText="improved" type="OVERLAP" />
<TLINK id="TL190" fromID="E34" fromText="improved" toID="T3" toText="03-23" type="OVERLAP" />
<TLINK id="TL191" fromID="E34" fromText="improved" toID="T4" toText="03-24" type="BEFORE" />
<TLINK id="TL192" fromID="E35" fromText="able to communicate appropriately" toID="E37" toText="his level" type="OVERLAP" />
<TLINK id="TL193" fromID="E37" fromText="his level" toID="E38" toText="narcotic medications" type="OVERLAP" />
<TLINK id="TL194" fromID="E38" fromText="narcotic medications" toID="E39" toText="his blood" type="OVERLAP" />
<TLINK id="TL195" fromID="E40" fromText="a stable mental level" toID="E41" toText="extubation" type="OVERLAP" />
<TLINK id="TL196" fromID="E41" fromText="extubation" toID="T5" toText="03-24" type="OVERLAP" />
<TLINK id="TL197" fromID="T6" fromText="3/21" toID="E42" toText="alert" type="OVERLAP" />
<TLINK id="TL198" fromID="E42" fromText="alert" toID="E43" toText="appropriate" type="OVERLAP" />
<TLINK id="TL199" fromID="E42" fromText="alert" toID="E44" toText="answers questions" type="OVERLAP" />
<TLINK id="TL200" fromID="E43" fromText="appropriate" toID="E44" toText="answers questions" type="OVERLAP" />
<TLINK id="TL201" fromID="E45" fromText="follows command" toID="E46" toText="exam" type="OVERLAP" />
<TLINK id="TL202" fromID="E47" fromText="Pulmonary infiltrates" toID="E48" toText="ARDS" type="OVERLAP" />
<TLINK id="TL203" fromID="E48" fromText="ARDS" toID="E49" toText="aspiration pneumonia" type="AFTER" />
<TLINK id="TL204" fromID="E49" fromText="aspiration pneumonia" toID="E51" toText="unconscious" type="BEFORE" />
<TLINK id="TL205" fromID="E52" fromText="intubated" toID="E53" toText="mechanical ventilation" type="AFTER" />
<TLINK id="TL206" fromID="E53" fromText="mechanical ventilation" toID="T7" toText="9/13" type="AFTER" />
<TLINK id="TL207" fromID="T8" fromText="10/11" toID="E54" toText="levofloxacin" type="BEFORE" />
<TLINK id="TL208" fromID="E55" fromText="flagyl" toID="T10" toText="4 days" type="OVERLAP" />
<TLINK id="TL209" fromID="T11" fromText="03-26" toID="E56" toText="his antibiotics" type="OVERLAP" />
<TLINK id="TL210" fromID="E56" fromText="his antibiotics" toID="E58" toText="a transiet aspiration episode" type="BEFORE" />
<TLINK id="TL211" fromID="E58" fromText="a transiet aspiration episode" toID="E59" toText="ARDS" type="OVERLAP" />
<TLINK id="TL212" fromID="E60" fromText="Airway protection" toID="E61" toText="intubated" type="OVERLAP" />
<TLINK id="TL213" fromID="E61" fromText="intubated" toID="E62" toText="airway protection" type="BEFORE" />
<TLINK id="TL214" fromID="E63" fromText="extubated" toID="T12" toText="03-24" type="OVERLAP" />
<TLINK id="TL215" fromID="E63" fromText="extubated" toID="E64" toText="weaned off" type="OVERLAP" />
<TLINK id="TL216" fromID="T12" fromText="03-24" toID="E64" toText="weaned off" type="OVERLAP" />
<TLINK id="TL217" fromID="E64" fromText="weaned off" toID="E65" toText="oxygen" type="AFTER" />
<TLINK id="TL218" fromID="E64" fromText="weaned off" toID="T13" toText="03-24" type="OVERLAP" />
<TLINK id="TL219" fromID="E64" fromText="weaned off" toID="T14" toText="03-26" type="BEFORE" />
<TLINK id="TL220" fromID="E64" fromText="weaned off" toID="E66" toText="significant event" type="OVERLAP" />
<TLINK id="TL221" fromID="E65" fromText="oxygen" toID="T13" toText="03-24" type="OVERLAP" />
<TLINK id="TL222" fromID="T14" fromText="03-26" toID="E66" toText="significant event" type="AFTER" />
<TLINK id="TL223" fromID="E69" fromText="his atenolol" toID="E70" toText="verapamil" type="OVERLAP" />
<TLINK id="TL224" fromID="E71" fromText="his blood pressure" toID="E72" toText="stabilized" type="OVERLAP" />
<TLINK id="TL225" fromID="E72" fromText="stabilized" toID="T15" toText="03-25" type="OVERLAP" />
<TLINK id="TL226" fromID="E74" fromText="Depression" toID="E75" toText="his paxil" type="BEFORE" />
<TLINK id="TL227" fromID="E75" fromText="his paxil" toID="T16" toText="03-25" type="OVERLAP" />
<TLINK id="TL228" fromID="T16" fromText="03-25" toID="E76" toText="given 1:1 sitter" type="BEFORE" />
<TLINK id="TL229" fromID="E76" fromText="given 1:1 sitter" toID="E78" toText="suicidal ideation" type="OVERLAP" />
<TLINK id="TL230" fromID="E78" fromText="suicidal ideation" toID="E80" toText="his suicide" type="BEFORE" />
<TLINK id="TL231" fromID="E80" fromText="his suicide" toID="E81" toText="this admission" type="BEFORE" />
<TLINK id="TL232" fromID="E82" fromText="further episodes" toID="E83" toText="the hospital" type="OVERLAP" />
<TLINK id="TL233" fromID="E84" fromText="Paxil" toID="E85" toText="taking PO" type="AFTER" />
<TLINK id="TL234" fromID="E88" fromText="his elevated FS" toID="E89" toText="glycosuria" type="OVERLAP" />
<TLINK id="TL235" fromID="E89" fromText="glycosuria" toID="E90" toText="fingerstick check" type="BEFORE" />
<TLINK id="TL236" fromID="E90" fromText="fingerstick check" toID="E92" toText="insulin coverage" type="OVERLAP" />
<TLINK id="TL237" fromID="E93" fromText="High amylase" toID="E94" toText="admitted" type="BEFORE" />
<TLINK id="TL238" fromID="E94" fromText="admitted" toID="T18" toText="03-23" type="OVERLAP" />
<TLINK id="TL239" fromID="E94" fromText="admitted" toID="E96" toText="non-elevated lipase" type="AFTER" />
<TLINK id="TL240" fromID="T18" fromText="03-23" toID="E95" toText="elevated amylase" type="AFTER" />
<TLINK id="TL241" fromID="E95" fromText="elevated amylase" toID="E96" toText="non-elevated lipase" type="OVERLAP" />
<TLINK id="TL242" fromID="E98" fromText="His amylase" toID="E99" toText="trended down" type="OVERLAP" />
<TLINK id="TL243" fromID="E100" fromText="regular diet" toID="T19" toText="4/14" type="AFTER" />
<TLINK id="TL244" fromID="T20" fromText="4/17" toID="E101" toText="his extubation" type="AFTER" />
<TLINK id="TL245" fromID="E102" fromText="Anemia" toID="E103" toText="admitted" type="BEFORE" />
<TLINK id="TL246" fromID="E103" fromText="admitted" toID="E104" toText="borderline anemia" type="AFTER" />
<TLINK id="TL247" fromID="E104" fromText="borderline anemia" toID="E105" toText="Fe studies" type="OVERLAP" />
<TLINK id="TL248" fromID="E105" fromText="Fe studies" toID="E106" toText="anemia of chronic disease" type="AFTER" />
<TLINK id="TL249" fromID="E106" fromText="anemia of chronic disease" toID="E107" toText="his hct" type="BEFORE" />
<TLINK id="TL250" fromID="E107" fromText="his hct" toID="E108" toText="decreased" type="BEFORE" />
<TLINK id="TL251" fromID="E108" fromText="decreased" toID="E109" toText="fluid resucitation" type="AFTER" />
<TLINK id="TL252" fromID="E110" fromText="His hct" toID="E111" toText="stabilized" type="OVERLAP" />
<TLINK id="TL253" fromID="E111" fromText="stabilized" toID="E112" toText="improved" type="BEFORE" />
<TLINK id="TL254" fromID="E112" fromText="improved" toID="T21" toText="3/21" type="OVERLAP" />
<TLINK id="TL255" fromID="E114" fromText="reports" toID="E115" toText="his anemia" type="AFTER" />
<TLINK id="TL256" fromID="E115" fromText="his anemia" toID="E116" toText="followup" type="BEFORE" />
<TLINK id="TL257" fromID="E126" fromText="oxycontin" toID="E20" toText="oxycontin" type="OVERLAP" />
<TLINK id="TL258" fromID="E23" fromText="cardiac ischemia" toID="E30" toText="His cardiac enzymes" type="OVERLAP" />
<TLINK id="TL259" fromID="E131" fromText="intubated" toID="E52" toText="intubated" type="OVERLAP" />
<TLINK id="TL260" fromID="E125" fromText="IV Narcan" toID="E131" toText="intubated" type="OVERLAP" />
<TLINK id="TL261" fromID="E132" fromText="airway protection" toID="E60" toText="Airway protection" type="OVERLAP" />
<TLINK id="TL262" fromID="E15" fromText="chronic narcotics" toID="E14" toText="narcotics" type="OVERLAP" />
<TLINK id="TL263" fromID="E74" fromText="Depression" toID="E82" toText="further episodes" type="OVERLAP" />
<TLINK id="TL264" fromID="E106" fromText="anemia of chronic disease" toID="E115" toText="his anemia" type="OVERLAP" />
<TLINK id="TL265" fromID="E112" fromText="improved" toID="E114" toText="reports" type="OVERLAP" />
<TLINK id="TL266" fromID="E132" fromText="airway protection" toID="E62" toText="airway protection" type="OVERLAP" />
<TLINK id="TL267" fromID="E107" fromText="his hct" toID="E110" toText="His hct" type="OVERLAP" />
<TLINK id="TL268" fromID="E102" fromText="Anemia" toID="E115" toText="his anemia" type="OVERLAP" />
<TLINK id="TL269" fromID="E131" fromText="intubated" toID="E61" toText="intubated" type="OVERLAP" />
<TLINK id="TL270" fromID="E86" fromText="Hyperglycemia" toID="E93" toText="High amylase" type="OVERLAP" />
<TLINK id="TL271" fromID="E117" fromText="went to sleep" toID="E118" toText="tried to awaken him" type="OVERLAP" />
<TLINK id="TL272" fromID="E122" fromText="agonal respirations" toID="E124" toText="FS" type="BEFORE" />
<TLINK id="TL273" fromID="E52" fromText="intubated" toID="E61" toText="intubated" type="OVERLAP" />
<TLINK id="TL274" fromID="E93" fromText="High amylase" toID="E97" toText="pancreatic process" type="OVERLAP" />
<TLINK id="TL275" fromID="E58" fromText="a transiet aspiration episode" toID="E82" toText="further episodes" type="OVERLAP" />
<TLINK id="TL276" fromID="E110" fromText="His hct" toID="E114" toText="reports" type="OVERLAP" />
<TLINK id="TL277" fromID="E104" fromText="borderline anemia" toID="E115" toText="his anemia" type="OVERLAP" />
<TLINK id="TL278" fromID="E48" fromText="ARDS" toID="E59" toText="ARDS" type="OVERLAP" />
<TLINK id="TL279" fromID="E56" fromText="his antibiotics" toID="E60" toText="Airway protection" type="OVERLAP" />
<TLINK id="TL280" fromID="E50" fromText="awoke" toID="E113" toText="came home" type="OVERLAP" />
<TLINK id="TL281" fromID="E34" fromText="improved" toID="E35" toText="able to communicate appropriately" type="OVERLAP" />
<TLINK id="TL282" fromID="E75" fromText="his paxil" toID="E84" toText="Paxil" type="OVERLAP" />
<TLINK id="TL283" fromID="E36" fromText="unresponsive" toID="E17" toText="unresponsive" type="OVERLAP" />
<TLINK id="TL284" fromID="E41" fromText="extubation" toID="E101" toText="his extubation" type="OVERLAP" />
<TLINK id="TL285" fromID="E136" fromText="his teeth was chipped" toID="E137" toText="Hallmark Health System Monica" type="BEFORE" />
<SECTIME id="S1" start="46" end="56" text="2012-03-26" type="DISCHARGE" dvalue="2012-03-26" />
<SECTIME id="S0" start="18" end="28" text="2012-03-23" type="ADMISSION" dvalue="2012-03-23" />
</TAGS>
</ClinicalNarrativeTemporalAnnotation>
