<?xml version="1.0" encoding="UTF-8" ?>
<ClinicalNarrativeTemporalAnnotation>
<TEXT><![CDATA[
ADMISSION DATE :
1-3-94
DISCHARGE DATE :
1-9-94
HISTORY OF PRESENT ILLNESS :
The patient is a 66 year old white female with metastatic colon carcinoma with a mass in the left superhilar region , who presents for bronchoscopy , mediastinal exploration and resection .
The patient was in her usual state of health until she experienced the onset of abdominal pain in early 1992 .
In December of 1992 , she underwent a transverse colectomy for colon carcinoma which was Duke &apos;s grade B-II , lymph nodes were negative .
She received postoperative chemotherapy .
In September of 1992 , she underwent an exploratory laparotomy because of an increased level of CEA in her blood with the presence of a liver abnormality on computerized tomography scan .
The exploratory laparotomy was negative .
She continued to have a rise in her CEA level which prompted a further work up .
In September of 1993 , an abdominal and pelvic computerized tomography scan was negative and in June of 1993 , she had a negative bone scan .
In December of 1994 , a thoracic computerized tomography scan showed a four centimeter soft tissue mass on the left suprahilar region , adjacent to the aortopulmonary window .
She also experienced increased hoarseness over the preceding months , which was due to left vocal cord paralysis .
She also complains of increased shortness of breath for the preceding month and now presents for mediastinal exploration and resection of her probable metastatic mass .
HOSPITAL COURSE :
The patient was admitted to the Fairm of Ijordcompmac Hospital .
The patient was brought to the Operating Room on January 3 , 1994 where she underwent a median sternotomy with removal of her mediastinal mass .
This mass was situated in the aortopulmonary window and was sent to pathology .
The frozen section analysis revealed this to be adenocarcinoma , metastatic disease from the colon most likely .
She had a chest tube placed intraoperatively and another placed postoperatively in the recovery room , for what was presumed to be a left pleural effusion .
This tube drained only a small amount of fluid and it was likely that the effusion was made to look more severe in the presence of left hemidiaphragm elevation .
This additional chest tube was removed the following day .
Her postoperative hematocrit was 31 , compared to a preoperative level of 43 .
Her postoperative recovery was really quite remarkable .
Mediastinal chest tube was removed on postoperative day three .
The patient was discharged home in stable condition on postoperative day six .
]]></TEXT>
<TAGS>
<EVENT id="E13" start="1511" end="1519" text="admitted" modality="FACTUAL" polarity="POS" type="OCCURRENCE" />
<EVENT id="E54" start="698" end="717" text="a liver abnormality" modality="FACTUAL" polarity="POS" type="PROBLEM" />
<EVENT id="E11" start="1433" end="1442" text="resection" modality="FACTUAL" polarity="POS" type="TREATMENT" />
<EVENT id="E49" start="494" end="505" text="lymph nodes" modality="FACTUAL" polarity="POS" type="TEST" />
<EVENT id="E39" start="2412" end="2434" text="Mediastinal chest tube" modality="FACTUAL" polarity="POS" type="TREATMENT" />
<EVENT id="E47" start="442" end="457" text="colon carcinoma" modality="FACTUAL" polarity="POS" type="PROBLEM" />
<EVENT id="E51" start="601" end="626" text="an exploratory laparotomy" modality="FACTUAL" polarity="POS" type="TEST" />
<EVENT id="E42" start="2511" end="2527" text="stable condition" modality="FACTUAL" polarity="POS" type="OCCURRENCE" />
<EVENT id="E5" start="125" end="151" text="metastatic colon carcinoma" modality="FACTUAL" polarity="POS" type="PROBLEM" />
<EVENT id="E33" start="2186" end="2214" text="left hemidiaphragm elevation" modality="FACTUAL" polarity="POS" type="PROBLEM" />
<EVENT id="E31" start="213" end="225" text="bronchoscopy" modality="FACTUAL" polarity="POS" type="TEST" />
<EVENT id="E19" start="1682" end="1702" text="her mediastinal mass" modality="FACTUAL" polarity="POS" type="PROBLEM" />
<EVENT id="E61" start="994" end="1014" text="a negative bone scan" modality="FACTUAL" polarity="POS" type="TEST" />
<EVENT id="E23" start="1833" end="1847" text="adenocarcinoma" modality="FACTUAL" polarity="POS" type="PROBLEM" />
<EVENT id="E7" start="1317" end="1326" text="complains" modality="FACTUAL" polarity="POS" type="EVIDENTIAL" />
<EVENT id="E45" start="348" end="362" text="abdominal pain" modality="FACTUAL" polarity="POS" type="PROBLEM" />
<EVENT id="E17" start="1646" end="1665" text="a median sternotomy" modality="FACTUAL" polarity="POS" type="TREATMENT" />
<EVENT id="E14" start="1523" end="1557" text="the Fairm of Ijordcompmac Hospital" modality="FACTUAL" polarity="POS" type="CLINICAL_DEPT" />
<EVENT id="E8" start="1330" end="1359" text="increased shortness of breath" modality="FACTUAL" polarity="POS" type="PROBLEM" />
<EVENT id="E26" start="1981" end="1998" text="the recovery room" modality="FACTUAL" polarity="POS" type="CLINICAL_DEPT" />
<EVENT id="E41" start="25" end="34" text="DISCHARGE" modality="FACTUAL" polarity="POS" type="OCCURRENCE" />
<EVENT id="E24" start="1850" end="1883" text="metastatic disease from the colon" modality="POSSIBLE" polarity="POS" type="PROBLEM" />
<EVENT id="E6" start="1280" end="1305" text="left vocal cord paralysis" modality="FACTUAL" polarity="POS" type="PROBLEM" />
<EVENT id="E22" start="1813" end="1821" text="revealed" modality="FACTUAL" polarity="POS" type="EVIDENTIAL" />
<EVENT id="E35" start="228" end="251" text="mediastinal exploration" modality="FACTUAL" polarity="POS" type="TEST" />
<EVENT id="E52" start="638" end="663" text="an increased level of CEA" modality="FACTUAL" polarity="POS" type="PROBLEM" />
<EVENT id="E59" start="855" end="872" text="a further work up" modality="FACTUAL" polarity="POS" type="TEST" />
<EVENT id="E58" start="826" end="839" text="her CEA level" modality="FACTUAL" polarity="POS" type="TEST" />
<EVENT id="E56" start="752" end="778" text="The exploratory laparotomy" modality="FACTUAL" polarity="POS" type="TEST" />
<EVENT id="E30" start="2096" end="2101" text="fluid" modality="FACTUAL" polarity="POS" type="PROBLEM" />
<EVENT id="E44" start="287" end="312" text="her usual state of health" modality="FACTUAL" polarity="POS" type="OCCURRENCE" />
<EVENT id="E21" start="1785" end="1812" text="The frozen section analysis" modality="FACTUAL" polarity="POS" type="TEST" />
<EVENT id="E27" start="200" end="208" text="presents" modality="FACTUAL" polarity="POS" type="EVIDENTIAL" />
<EVENT id="E55" start="721" end="749" text="computerized tomography scan" modality="FACTUAL" polarity="POS" type="TEST" />
<EVENT id="E29" start="2055" end="2064" text="This tube" modality="FACTUAL" polarity="POS" type="TREATMENT" />
<EVENT id="E3" start="1086" end="1150" text="a four centimeter soft tissue mass on the left suprahilar region" modality="FACTUAL" polarity="POS" type="PROBLEM" />
<EVENT id="E38" start="2355" end="2381" text="Her postoperative recovery" modality="FACTUAL" polarity="POS" type="OCCURRENCE" />
<EVENT id="E57" start="816" end="822" text="a rise" modality="FACTUAL" polarity="POS" type="PROBLEM" />
<EVENT id="E40" start="2492" end="2502" text="discharged" modality="FACTUAL" polarity="POS" type="OCCURRENCE" />
<EVENT id="E1" start="1039" end="1078" text="a thoracic computerized tomography scan" modality="FACTUAL" polarity="POS" type="TEST" />
<EVENT id="E18" start="1671" end="1678" text="removal" modality="FACTUAL" polarity="POS" type="TREATMENT" />
<EVENT id="E20" start="1705" end="1714" text="This mass" modality="FACTUAL" polarity="POS" type="PROBLEM" />
<EVENT id="E48" start="468" end="491" text="Duke &apos;s grade B-II" modality="FACTUAL" polarity="POS" type="PROBLEM" />
<EVENT id="E2" start="1079" end="1085" text="showed" modality="FACTUAL" polarity="POS" type="EVIDENTIAL" />
<EVENT id="E12" start="1459" end="1474" text="metastatic mass" modality="POSSIBLE" polarity="POS" type="PROBLEM" />
<EVENT id="E16" start="1587" end="1605" text="the Operating Room" modality="FACTUAL" polarity="POS" type="CLINICAL_DEPT" />
<EVENT id="E60" start="898" end="950" text="an abdominal and pelvic computerized tomography scan" modality="FACTUAL" polarity="POS" type="TEST" />
<EVENT id="E10" start="1405" end="1428" text="mediastinal exploration" modality="FACTUAL" polarity="POS" type="TEST" />
<EVENT id="E37" start="2326" end="2346" text="a preoperative level" modality="FACTUAL" polarity="POS" type="TEST" />
<EVENT id="E4" start="1214" end="1234" text="increased hoarseness" modality="FACTUAL" polarity="POS" type="PROBLEM" />
<EVENT id="E46" start="415" end="437" text="a transverse colectomy" modality="FACTUAL" polarity="POS" type="TREATMENT" />
<EVENT id="E36" start="2276" end="2304" text="Her postoperative hematocrit" modality="FACTUAL" polarity="POS" type="TEST" />
<EVENT id="E34" start="2217" end="2243" text="This additional chest tube" modality="FACTUAL" polarity="POS" type="TREATMENT" />
<EVENT id="E32" start="2125" end="2137" text="the effusion" modality="POSSIBLE" polarity="POS" type="PROBLEM" />
<EVENT id="E43" start="256" end="265" text="resection" modality="FACTUAL" polarity="POS" type="TREATMENT" />
<EVENT id="E25" start="1906" end="1918" text="a chest tube" modality="FACTUAL" polarity="POS" type="TREATMENT" />
<EVENT id="E53" start="667" end="676" text="her blood" modality="FACTUAL" polarity="POS" type="TEST" />
<EVENT id="E15" start="157" end="193" text="a mass in the left superhilar region" modality="FACTUAL" polarity="POS" type="PROBLEM" />
<EVENT id="E0" start="1" end="10" text="ADMISSION" modality="FACTUAL" polarity="POS" type="OCCURRENCE" />
<EVENT id="E28" start="2029" end="2052" text="a left pleural effusion" modality="POSSIBLE" polarity="POS" type="PROBLEM" />
<EVENT id="E50" start="535" end="561" text="postoperative chemotherapy" modality="FACTUAL" polarity="POS" type="TREATMENT" />
<EVENT id="E9" start="1392" end="1400" text="presents" modality="FACTUAL" polarity="POS" type="EVIDENTIAL" />
<TIMEX3 id="T2" start="1364" end="1383" text="the preceding month" type="DURATION" val="P1M" mod="NA" />
<TIMEX3 id="T6" start="2450" end="2473" text="postoperative day three" type="DATE" val="1994-01-06" mod="NA" />
<TIMEX3 id="T9" start="382" end="398" text="December of 1992" type="DATE" val="1992-12" mod="NA" />
<TIMEX3 id="T7" start="2531" end="2552" text="postoperative day six" type="DATE" val="1994-01-09" mod="NA" />
<TIMEX3 id="T4" start="18" end="24" text="1-3-94" type="DATE" val="1994-01-03" mod="NA" />
<TIMEX3 id="T10" start="42" end="48" text="1-9-94" type="DATE" val="1994-01-09" mod="NA" />
<TIMEX3 id="T5" start="2256" end="2273" text="the following day" type="DATE" val="1994-01-04" mod="NA" />
<TIMEX3 id="T11" start="567" end="584" text="September of 1992" type="DATE" val="1992-09" mod="NA" />
<TIMEX3 id="T0" start="1020" end="1036" text="December of 1994" type="DATE" val="1994-12" mod="NA" />
<TIMEX3 id="T8" start="366" end="376" text="early 1992" type="DATE" val="1992" mod="START" />
<TIMEX3 id="T12" start="878" end="895" text="September of 1993" type="DATE" val="1993-09" mod="NA" />
<TIMEX3 id="T3" start="1609" end="1625" text="January 3 , 1994" type="DATE" val="1994-01-03" mod="NA" />
<TIMEX3 id="T1" start="1240" end="1260" text="the preceding months" type="DURATION" val="P3M" mod="APPROX" />
<TIMEX3 id="T13" start="971" end="983" text="June of 1993" type="DATE" val="1993-06" mod="NA" />
<TLINK id="TL0" fromID="E0" fromText="ADMISSION" toID="T4" toText="1-3-94" type="OVERLAP" />
<TLINK id="TL1" fromID="E1" fromText="a thoracic computerized tomography scan" toID="T4" toText="1-3-94" type="BEFORE" />
<TLINK id="TL2" fromID="E2" fromText="showed" toID="T4" toText="1-3-94" type="BEFORE" />
<TLINK id="TL3" fromID="E3" fromText="a four centimeter soft tissue mass on the left suprahilar region" toID="T4" toText="1-3-94" type="BEFORE" />
<TLINK id="TL4" fromID="E4" fromText="increased hoarseness" toID="T4" toText="1-3-94" type="BEFORE" />
<TLINK id="TL5" fromID="E5" fromText="metastatic colon carcinoma" toID="T4" toText="1-3-94" type="BEFORE" />
<TLINK id="TL6" fromID="E6" fromText="left vocal cord paralysis" toID="T4" toText="1-3-94" type="BEFORE" />
<TLINK id="TL7" fromID="E7" fromText="complains" toID="T4" toText="1-3-94" type="OVERLAP" />
<TLINK id="TL8" fromID="E8" fromText="increased shortness of breath" toID="T4" toText="1-3-94" type="BEFORE" />
<TLINK id="TL9" fromID="E9" fromText="presents" toID="T4" toText="1-3-94" type="OVERLAP" />
<TLINK id="TL10" fromID="E10" fromText="mediastinal exploration" toID="T4" toText="1-3-94" type="AFTER" />
<TLINK id="TL11" fromID="E11" fromText="resection" toID="T4" toText="1-3-94" type="BEFORE" />
<TLINK id="TL12" fromID="E12" fromText="metastatic mass" toID="T4" toText="1-3-94" type="BEFORE" />
<TLINK id="TL13" fromID="E13" fromText="admitted" toID="T10" toText="1-9-94" type="BEFORE" />
<TLINK id="TL14" fromID="E14" fromText="the Fairm of Ijordcompmac Hospital" toID="T10" toText="1-9-94" type="BEFORE" />
<TLINK id="TL15" fromID="E15" fromText="a mass in the left superhilar region" toID="T4" toText="1-3-94" type="BEFORE" />
<TLINK id="TL16" fromID="E16" fromText="the Operating Room" toID="T10" toText="1-9-94" type="BEFORE" />
<TLINK id="TL17" fromID="E17" fromText="a median sternotomy" toID="T10" toText="1-9-94" type="BEFORE" />
<TLINK id="TL18" fromID="E18" fromText="removal" toID="T10" toText="1-9-94" type="BEFORE" />
<TLINK id="TL19" fromID="E19" fromText="her mediastinal mass" toID="T10" toText="1-9-94" type="BEFORE" />
<TLINK id="TL20" fromID="E20" fromText="This mass" toID="T10" toText="1-9-94" type="BEFORE" />
<TLINK id="TL21" fromID="E21" fromText="The frozen section analysis" toID="T10" toText="1-9-94" type="BEFORE" />
<TLINK id="TL22" fromID="E22" fromText="revealed" toID="T10" toText="1-9-94" type="BEFORE" />
<TLINK id="TL23" fromID="E23" fromText="adenocarcinoma" toID="T10" toText="1-9-94" type="BEFORE" />
<TLINK id="TL24" fromID="E24" fromText="metastatic disease from the colon" toID="T10" toText="1-9-94" type="BEFORE" />
<TLINK id="TL25" fromID="E25" fromText="a chest tube" toID="T10" toText="1-9-94" type="BEFORE" />
<TLINK id="TL26" fromID="E26" fromText="the recovery room" toID="T10" toText="1-9-94" type="BEFORE" />
<TLINK id="TL27" fromID="E27" fromText="presents" toID="T4" toText="1-3-94" type="OVERLAP" />
<TLINK id="TL28" fromID="E28" fromText="a left pleural effusion" toID="T10" toText="1-9-94" type="BEFORE" />
<TLINK id="TL29" fromID="E29" fromText="This tube" toID="T10" toText="1-9-94" type="BEFORE" />
<TLINK id="TL30" fromID="E30" fromText="fluid" toID="T10" toText="1-9-94" type="BEFORE" />
<TLINK id="TL31" fromID="E31" fromText="bronchoscopy" toID="T4" toText="1-3-94" type="BEFORE" />
<TLINK id="TL32" fromID="E32" fromText="the effusion" toID="T10" toText="1-9-94" type="BEFORE" />
<TLINK id="TL33" fromID="E33" fromText="left hemidiaphragm elevation" toID="T10" toText="1-9-94" type="BEFORE" />
<TLINK id="TL34" fromID="E34" fromText="This additional chest tube" toID="T10" toText="1-9-94" type="BEFORE" />
<TLINK id="TL35" fromID="E35" fromText="mediastinal exploration" toID="T4" toText="1-3-94" type="BEFORE" />
<TLINK id="TL36" fromID="E36" fromText="Her postoperative hematocrit" toID="T10" toText="1-9-94" type="BEFORE" />
<TLINK id="TL37" fromID="E37" fromText="a preoperative level" toID="T10" toText="1-9-94" type="BEFORE" />
<TLINK id="TL38" fromID="E38" fromText="Her postoperative recovery" toID="T10" toText="1-9-94" type="BEFORE" />
<TLINK id="TL39" fromID="E39" fromText="Mediastinal chest tube" toID="T10" toText="1-9-94" type="BEFORE" />
<TLINK id="TL40" fromID="E40" fromText="discharged" toID="T10" toText="1-9-94" type="OVERLAP" />
<TLINK id="TL41" fromID="E41" fromText="DISCHARGE" toID="T10" toText="1-9-94" type="OVERLAP" />
<TLINK id="TL42" fromID="E42" fromText="stable condition" toID="T10" toText="1-9-94" type="BEFORE" />
<TLINK id="TL43" fromID="E43" fromText="resection" toID="T4" toText="1-3-94" type="BEFORE" />
<TLINK id="TL44" fromID="E44" fromText="her usual state of health" toID="T4" toText="1-3-94" type="BEFORE" />
<TLINK id="TL45" fromID="E45" fromText="abdominal pain" toID="T4" toText="1-3-94" type="BEFORE" />
<TLINK id="TL46" fromID="E46" fromText="a transverse colectomy" toID="T4" toText="1-3-94" type="BEFORE" />
<TLINK id="TL47" fromID="E47" fromText="colon carcinoma" toID="T4" toText="1-3-94" type="BEFORE" />
<TLINK id="TL48" fromID="E48" fromText="Duke &apos;s grade B-II" toID="T4" toText="1-3-94" type="BEFORE" />
<TLINK id="TL49" fromID="E49" fromText="lymph nodes" toID="T4" toText="1-3-94" type="BEFORE" />
<TLINK id="TL50" fromID="E50" fromText="postoperative chemotherapy" toID="T4" toText="1-3-94" type="BEFORE" />
<TLINK id="TL51" fromID="E51" fromText="an exploratory laparotomy" toID="T4" toText="1-3-94" type="BEFORE" />
<TLINK id="TL52" fromID="E52" fromText="an increased level of CEA" toID="T4" toText="1-3-94" type="BEFORE" />
<TLINK id="TL53" fromID="E53" fromText="her blood" toID="T4" toText="1-3-94" type="BEFORE" />
<TLINK id="TL54" fromID="E54" fromText="a liver abnormality" toID="T4" toText="1-3-94" type="BEFORE" />
<TLINK id="TL55" fromID="E55" fromText="computerized tomography scan" toID="T4" toText="1-3-94" type="BEFORE" />
<TLINK id="TL56" fromID="E56" fromText="The exploratory laparotomy" toID="T4" toText="1-3-94" type="BEFORE" />
<TLINK id="TL57" fromID="E57" fromText="a rise" toID="T4" toText="1-3-94" type="BEFORE" />
<TLINK id="TL58" fromID="E58" fromText="her CEA level" toID="T4" toText="1-3-94" type="BEFORE" />
<TLINK id="TL59" fromID="E59" fromText="a further work up" toID="T4" toText="1-3-94" type="BEFORE" />
<TLINK id="TL60" fromID="E60" fromText="an abdominal and pelvic computerized tomography scan" toID="T4" toText="1-3-94" type="BEFORE" />
<TLINK id="TL61" fromID="E61" fromText="a negative bone scan" toID="T4" toText="1-3-94" type="BEFORE" />
<TLINK id="TL62" fromID="E5" fromText="metastatic colon carcinoma" toID="E15" toText="a mass in the left superhilar region" type="OVERLAP" />
<TLINK id="TL63" fromID="E15" fromText="a mass in the left superhilar region" toID="E27" toText="presents" type="BEFORE" />
<TLINK id="TL64" fromID="E27" fromText="presents" toID="E31" toText="bronchoscopy" type="AFTER" />
<TLINK id="TL65" fromID="E27" fromText="presents" toID="E35" toText="mediastinal exploration" type="AFTER" />
<TLINK id="TL66" fromID="E31" fromText="bronchoscopy" toID="E35" toText="mediastinal exploration" type="OVERLAP" />
<TLINK id="TL67" fromID="E35" fromText="mediastinal exploration" toID="E43" toText="resection" type="OVERLAP" />
<TLINK id="TL68" fromID="E45" fromText="abdominal pain" toID="T8" toText="early 1992" type="OVERLAP" />
<TLINK id="TL69" fromID="T9" fromText="December of 1992" toID="E46" toText="a transverse colectomy" type="OVERLAP" />
<TLINK id="TL70" fromID="E46" fromText="a transverse colectomy" toID="E47" toText="colon carcinoma" type="AFTER" />
<TLINK id="TL71" fromID="E47" fromText="colon carcinoma" toID="E48" toText="Duke &apos;s grade B-II" type="OVERLAP" />
<TLINK id="TL72" fromID="E48" fromText="Duke &apos;s grade B-II" toID="E49" toText="lymph nodes" type="OVERLAP" />
<TLINK id="TL73" fromID="T11" fromText="September of 1992" toID="E51" toText="an exploratory laparotomy" type="OVERLAP" />
<TLINK id="TL74" fromID="E51" fromText="an exploratory laparotomy" toID="E52" toText="an increased level of CEA" type="AFTER" />
<TLINK id="TL75" fromID="E53" fromText="her blood" toID="E54" toText="a liver abnormality" type="OVERLAP" />
<TLINK id="TL76" fromID="E54" fromText="a liver abnormality" toID="E55" toText="computerized tomography scan" type="OVERLAP" />
<TLINK id="TL77" fromID="E57" fromText="a rise" toID="E58" toText="her CEA level" type="OVERLAP" />
<TLINK id="TL78" fromID="E58" fromText="her CEA level" toID="E59" toText="a further work up" type="OVERLAP" />
<TLINK id="TL79" fromID="T12" fromText="September of 1993" toID="E60" toText="an abdominal and pelvic computerized tomography scan" type="OVERLAP" />
<TLINK id="TL80" fromID="E60" fromText="an abdominal and pelvic computerized tomography scan" toID="T13" toText="June of 1993" type="OVERLAP" />
<TLINK id="TL81" fromID="T13" fromText="June of 1993" toID="E61" toText="a negative bone scan" type="OVERLAP" />
<TLINK id="TL82" fromID="T0" fromText="December of 1994" toID="E1" toText="a thoracic computerized tomography scan" type="OVERLAP" />
<TLINK id="TL83" fromID="T0" fromText="December of 1994" toID="E2" toText="showed" type="OVERLAP" />
<TLINK id="TL84" fromID="E1" fromText="a thoracic computerized tomography scan" toID="E2" toText="showed" type="OVERLAP" />
<TLINK id="TL85" fromID="E2" fromText="showed" toID="E3" toText="a four centimeter soft tissue mass on the left suprahilar region" type="AFTER" />
<TLINK id="TL86" fromID="E4" fromText="increased hoarseness" toID="T1" toText="the preceding months" type="OVERLAP" />
<TLINK id="TL87" fromID="T1" fromText="the preceding months" toID="E6" toText="left vocal cord paralysis" type="OVERLAP" />
<TLINK id="TL88" fromID="E7" fromText="complains" toID="E8" toText="increased shortness of breath" type="AFTER" />
<TLINK id="TL89" fromID="E7" fromText="complains" toID="E9" toText="presents" type="OVERLAP" />
<TLINK id="TL90" fromID="E8" fromText="increased shortness of breath" toID="T2" toText="the preceding month" type="OVERLAP" />
<TLINK id="TL91" fromID="T2" fromText="the preceding month" toID="E9" toText="presents" type="OVERLAP" />
<TLINK id="TL92" fromID="E9" fromText="presents" toID="E10" toText="mediastinal exploration" type="BEFORE" />
<TLINK id="TL93" fromID="E10" fromText="mediastinal exploration" toID="E11" toText="resection" type="AFTER" />
<TLINK id="TL94" fromID="E10" fromText="mediastinal exploration" toID="E12" toText="metastatic mass" type="AFTER" />
<TLINK id="TL95" fromID="E11" fromText="resection" toID="E12" toText="metastatic mass" type="AFTER" />
<TLINK id="TL96" fromID="E13" fromText="admitted" toID="E14" toText="the Fairm of Ijordcompmac Hospital" type="BEFORE" />
<TLINK id="TL97" fromID="E16" fromText="the Operating Room" toID="T3" toText="January 3 , 1994" type="OVERLAP" />
<TLINK id="TL98" fromID="T3" fromText="January 3 , 1994" toID="E17" toText="a median sternotomy" type="OVERLAP" />
<TLINK id="TL99" fromID="E17" fromText="a median sternotomy" toID="E18" toText="removal" type="OVERLAP" />
<TLINK id="TL100" fromID="E18" fromText="removal" toID="E19" toText="her mediastinal mass" type="AFTER" />
<TLINK id="TL101" fromID="E21" fromText="The frozen section analysis" toID="E22" toText="revealed" type="OVERLAP" />
<TLINK id="TL102" fromID="E22" fromText="revealed" toID="E23" toText="adenocarcinoma" type="AFTER" />
<TLINK id="TL103" fromID="E22" fromText="revealed" toID="E24" toText="metastatic disease from the colon" type="AFTER" />
<TLINK id="TL104" fromID="E23" fromText="adenocarcinoma" toID="E24" toText="metastatic disease from the colon" type="OVERLAP" />
<TLINK id="TL105" fromID="E25" fromText="a chest tube" toID="E26" toText="the recovery room" type="OVERLAP" />
<TLINK id="TL106" fromID="E26" fromText="the recovery room" toID="E28" toText="a left pleural effusion" type="OVERLAP" />
<TLINK id="TL107" fromID="E29" fromText="This tube" toID="E30" toText="fluid" type="AFTER" />
<TLINK id="TL108" fromID="E30" fromText="fluid" toID="E32" toText="the effusion" type="OVERLAP" />
<TLINK id="TL109" fromID="E32" fromText="the effusion" toID="E33" toText="left hemidiaphragm elevation" type="OVERLAP" />
<TLINK id="TL110" fromID="E34" fromText="This additional chest tube" toID="T5" toText="the following day" type="BEFORE" />
<TLINK id="TL111" fromID="E36" fromText="Her postoperative hematocrit" toID="E37" toText="a preoperative level" type="OVERLAP" />
<TLINK id="TL112" fromID="E39" fromText="Mediastinal chest tube" toID="T6" toText="postoperative day three" type="BEFORE" />
<TLINK id="TL113" fromID="E40" fromText="discharged" toID="E42" toText="stable condition" type="AFTER" />
<TLINK id="TL114" fromID="E40" fromText="discharged" toID="T7" toText="postoperative day six" type="OVERLAP" />
<TLINK id="TL115" fromID="E42" fromText="stable condition" toID="T7" toText="postoperative day six" type="BEFORE" />
<TLINK id="TL116" fromID="E14" fromText="the Fairm of Ijordcompmac Hospital" toID="E16" toText="the Operating Room" type="OVERLAP" />
<TLINK id="TL117" fromID="E15" fromText="a mass in the left superhilar region" toID="E12" toText="metastatic mass" type="OVERLAP" />
<TLINK id="TL118" fromID="E55" fromText="computerized tomography scan" toID="E1" toText="a thoracic computerized tomography scan" type="OVERLAP" />
<TLINK id="TL119" fromID="E49" fromText="lymph nodes" toID="E50" toText="postoperative chemotherapy" type="BEFORE" />
<TLINK id="TL120" fromID="E34" fromText="This additional chest tube" toID="E39" toText="Mediastinal chest tube" type="OVERLAP" />
<TLINK id="TL121" fromID="E13" fromText="admitted" toID="E16" toText="the Operating Room" type="BEFORE" />
<TLINK id="TL122" fromID="E6" fromText="left vocal cord paralysis" toID="E7" toText="complains" type="BEFORE" />
<TLINK id="TL123" fromID="E25" fromText="a chest tube" toID="E29" toText="This tube" type="OVERLAP" />
<TLINK id="TL124" fromID="E3" fromText="a four centimeter soft tissue mass on the left suprahilar region" toID="E20" toText="This mass" type="OVERLAP" />
<TLINK id="TL125" fromID="E15" fromText="a mass in the left superhilar region" toID="E19" toText="her mediastinal mass" type="OVERLAP" />
<TLINK id="TL126" fromID="E35" fromText="mediastinal exploration" toID="E10" toText="mediastinal exploration" type="OVERLAP" />
<TLINK id="TL127" fromID="E15" fromText="a mass in the left superhilar region" toID="E3" toText="a four centimeter soft tissue mass on the left suprahilar region" type="OVERLAP" />
<TLINK id="TL128" fromID="E37" fromText="a preoperative level" toID="E38" toText="Her postoperative recovery" type="BEFORE" />
<TLINK id="TL129" fromID="E55" fromText="computerized tomography scan" toID="E60" toText="an abdominal and pelvic computerized tomography scan" type="OVERLAP" />
<TLINK id="TL130" fromID="E29" fromText="This tube" toID="E34" toText="This additional chest tube" type="OVERLAP" />
<TLINK id="TL131" fromID="E29" fromText="This tube" toID="E39" toText="Mediastinal chest tube" type="OVERLAP" />
<TLINK id="TL132" fromID="E16" fromText="the Operating Room" toID="E20" toText="This mass" type="OVERLAP" />
<TLINK id="TL133" fromID="E5" fromText="metastatic colon carcinoma" toID="E47" toText="colon carcinoma" type="OVERLAP" />
<TLINK id="TL134" fromID="E15" fromText="a mass in the left superhilar region" toID="E20" toText="This mass" type="OVERLAP" />
<TLINK id="TL135" fromID="E43" fromText="resection" toID="E11" toText="resection" type="OVERLAP" />
<TLINK id="TL136" fromID="E46" fromText="a transverse colectomy" toID="E50" toText="postoperative chemotherapy" type="OVERLAP" />
<TLINK id="TL137" fromID="E3" fromText="a four centimeter soft tissue mass on the left suprahilar region" toID="E12" toText="metastatic mass" type="OVERLAP" />
<TLINK id="TL138" fromID="E25" fromText="a chest tube" toID="E39" toText="Mediastinal chest tube" type="OVERLAP" />
<TLINK id="TL139" fromID="E3" fromText="a four centimeter soft tissue mass on the left suprahilar region" toID="E6" toText="left vocal cord paralysis" type="OVERLAP" />
<TLINK id="TL140" fromID="E28" fromText="a left pleural effusion" toID="E32" toText="the effusion" type="OVERLAP" />
<TLINK id="TL141" fromID="E3" fromText="a four centimeter soft tissue mass on the left suprahilar region" toID="E19" toText="her mediastinal mass" type="OVERLAP" />
<TLINK id="TL142" fromID="E19" fromText="her mediastinal mass" toID="E20" toText="This mass" type="OVERLAP" />
<TLINK id="TL143" fromID="E51" fromText="an exploratory laparotomy" toID="E56" toText="The exploratory laparotomy" type="OVERLAP" />
<TLINK id="TL144" fromID="E12" fromText="metastatic mass" toID="E20" toText="This mass" type="OVERLAP" />
<TLINK id="TL145" fromID="E39" fromText="Mediastinal chest tube" toID="E40" toText="discharged" type="BEFORE" />
<TLINK id="TL146" fromID="E36" fromText="Her postoperative hematocrit" toID="E38" toText="Her postoperative recovery" type="OVERLAP" />
<TLINK id="TL147" fromID="E4" fromText="increased hoarseness" toID="E7" toText="complains" type="OVERLAP" />
<TLINK id="TL148" fromID="E4" fromText="increased hoarseness" toID="E8" toText="increased shortness of breath" type="OVERLAP" />
<TLINK id="TL149" fromID="E55" fromText="computerized tomography scan" toID="E56" toText="The exploratory laparotomy" type="OVERLAP" />
<TLINK id="TL150" fromID="E25" fromText="a chest tube" toID="E34" toText="This additional chest tube" type="OVERLAP" />
<TLINK id="TL151" fromID="E60" fromText="an abdominal and pelvic computerized tomography scan" toID="E1" toText="a thoracic computerized tomography scan" type="OVERLAP" />
<SECTIME id="S1" start="42" end="48" text="1-9-94" type="DISCHARGE" dvalue="1994-01-09" />
<SECTIME id="S0" start="18" end="24" text="1-3-94" type="ADMISSION" dvalue="1994-01-03" />
</TAGS>
</ClinicalNarrativeTemporalAnnotation>
