<?xml version="1.0" encoding="UTF-8" ?>
<ClinicalNarrativeTemporalAnnotation>
<TEXT><![CDATA[
ADMISSION DATE :
12/16/97
DISCHARGE DATE :
01/16/98
HISTORY OF PRESENT ILLNESS :
The patient was a 53-year-old male with a longstanding history of renal disease with multiple complications and problems related to vascular access and hypercoagulable state .
These culminated in an attempted cadaveric kidney transplant undertaken on 12/16/97 , which was complicated by thrombosis and necrosis of the cadaveric renal vein within 24 hours .
This required a transplant nephrectomy .
HOSPITAL COURSE AND TREATMENT :
The patient &apos;s course was subsequently characterized by recurrent pneumonias , possibly due to aspiration , and by hemodynamic instability .
He was transferred to the Medical Intensive Care Unit from the Transplant Service for ventilatory management in the setting of hypotension .
On transfer , the patient was not sedated , but was unresponsive and extremely dyssynchronous with the ventilator .
The patient was found to have substantial auto PEEP with an elevated dead space .
A pulmonary arteriogram on 01/03/98 demonstrated multiple pulmonary emboli , likely less than one week old , possibly introduced at the time of the renal vein thrombosis of 12/19/97 .
An inferior vena cava filter was placed ; lower extremity noninvasive studies were negative .
The patient required high pressures to ventilate adequately , possibly related to an abdominal compartment syndrome .
The patient had undergone two abdominal procedures following explantation .
The physiology at the time of transfer to the Medical Intensive Care Unit was consistent with a septic process .
CT scan demonstrated retroperitoneal collection containing both free air and extravasated contrast material .
For the concern of a perforated viscus , the patient was taken to exploratory laparotomy on 01/06/98 , during which the bowel was run without evidence of perforation .
The patient remained unstable .
He was taken to fluoroscopy , where oral contrast was demonstrated to be extravasating through a posterior duodenum .
For this reason , he was taken again to the operating room on 01/08/98 , at which time a gastrojejunostomy was performed with stapling across the gastroduodenal junction , introduction of five Jackson-Pratt drains into the retroperitoneal mass , cholecystotomy tube , gastrostomy tube , and jejunostomy tube .
The patient had an extensive estimated blood loss requiring multiple blood products and fluid resuscitation therapy .
Accompanying this during this period were elevations in liver function studies and amylase and lipase consistent with pancreatic inflammation .
The patient was aggressively treated with fluid resuscitation and pressors for his septic physiology .
There was no evidence of cardiac tamponade or specific underlying coronary dysfunction .
He was treated with appropriate antibiotics for his Serratia pneumonia , as well as for his abdominal process .
The patient was felt to have an underlying hypercoagulable state , thought to be the source for the repeated clots .
Because of the bleeding problems , however , it was felt that full heparinization would not be prudent , and the patient was treated with pneumo-boots and subcutaneous heparin .
Attention was paid to a variety of metabolic and electrolyte abnormalities , which were corrected appropriately .
Nonetheless , Mr. Less continued to remain critically ill with only very transient mild improvement with drainage of additional retroperitoneal fluid .
He remained pressor dependent , as well as dependent upon mechanical ventilatory assistance .
His course was complicated by atrial fibrillation requiring cardioversion .
He had an ongoing requirement for high volume resuscitation and was persistently acidotic despite CV-VVH in the face of bicarbonate replenishment .
The patient also appeared to have stool from his Jackson-Pratt site and right oblique incision .
Bloody drainage from his increasingly distended abdomen was noted .
Extensive discussions were carried out with Mrs. Less condition was irretrievable .
It was felt that the patient had continued massive retroperitoneal contamination and probable multiple enteric fistulae from an ischemic bowel .
Dr. Cantsleddjesc felt that no surgical approach to this problem or further intervention or radiologic procedures would be helpful .
All physicians and the family were in agreement that the most appropriate approach was to institute comfort measures .
This was done , and the patient appeared to be comfortable at the time of death with his family at his side on 1/16/98 .
]]></TEXT>
<TAGS>
<EVENT id="E119" start="802" end="810" text="transfer" modality="FACTUAL" polarity="POS" type="OCCURRENCE" />
<EVENT id="E76" start="3541" end="3551" text="His course" modality="FACTUAL" polarity="POS" type="OCCURRENCE" />
<EVENT id="E96" start="3998" end="4011" text="irretrievable" modality="FACTUAL" polarity="POS" type="OCCURRENCE" />
<EVENT id="E124" start="945" end="966" text="substantial auto PEEP" modality="FACTUAL" polarity="POS" type="PROBLEM" />
<EVENT id="E104" start="4251" end="4272" text="radiologic procedures" modality="POSSIBLE" polarity="NEG" type="TREATMENT" />
<EVENT id="E35" start="2198" end="2223" text="five Jackson-Pratt drains" modality="FACTUAL" polarity="POS" type="TREATMENT" />
<EVENT id="E78" start="3571" end="3590" text="atrial fibrillation" modality="FACTUAL" polarity="POS" type="PROBLEM" />
<EVENT id="E27" start="1908" end="1919" text="fluoroscopy" modality="FACTUAL" polarity="POS" type="TEST" />
<EVENT id="E21" start="1711" end="1730" text="a perforated viscus" modality="POSSIBLE" polarity="POS" type="PROBLEM" />
<EVENT id="E31" start="2050" end="2068" text="the operating room" modality="FACTUAL" polarity="POS" type="CLINICAL_DEPT" />
<EVENT id="E98" start="4057" end="4094" text="massive retroperitoneal contamination" modality="POSSIBLE" polarity="POS" type="PROBLEM" />
<EVENT id="E47" start="2533" end="2539" text="lipase" modality="FACTUAL" polarity="POS" type="TEST" />
<EVENT id="E61" start="2982" end="3000" text="the repeated clots" modality="FACTUAL" polarity="POS" type="PROBLEM" />
<EVENT id="E116" start="717" end="739" text="the Transplant Service" modality="FACTUAL" polarity="POS" type="CLINICAL_DEPT" />
<EVENT id="E118" start="785" end="796" text="hypotension" modality="FACTUAL" polarity="POS" type="PROBLEM" />
<EVENT id="E93" start="3930" end="3951" text="Extensive discussions" modality="FACTUAL" polarity="POS" type="TREATMENT" />
<EVENT id="E95" start="3984" end="3993" text="condition" modality="FACTUAL" polarity="POS" type="PROBLEM" />
<EVENT id="E8" start="1296" end="1310" text="high pressures" modality="FACTUAL" polarity="POS" type="TREATMENT" />
<EVENT id="E4" start="1141" end="1166" text="the renal vein thrombosis" modality="FACTUAL" polarity="POS" type="PROBLEM" />
<EVENT id="E45" start="2494" end="2516" text="liver function studies" modality="FACTUAL" polarity="POS" type="TEST" />
<EVENT id="E30" start="1965" end="2007" text="extravasating through a posterior duodenum" modality="FACTUAL" polarity="POS" type="PROBLEM" />
<EVENT id="E43" start="2408" end="2435" text="fluid resuscitation therapy" modality="FACTUAL" polarity="POS" type="TREATMENT" />
<EVENT id="E89" start="384" end="420" text="necrosis of the cadaveric renal vein" modality="FACTUAL" polarity="POS" type="PROBLEM" />
<EVENT id="E52" start="2661" end="2682" text="his septic physiology" modality="FACTUAL" polarity="POS" type="PROBLEM" />
<EVENT id="E122" start="868" end="892" text="extremely dyssynchronous" modality="FACTUAL" polarity="POS" type="PROBLEM" />
<EVENT id="E113" start="632" end="655" text="hemodynamic instability" modality="FACTUAL" polarity="POS" type="PROBLEM" />
<EVENT id="E48" start="2556" end="2579" text="pancreatic inflammation" modality="FACTUAL" polarity="POS" type="PROBLEM" />
<EVENT id="E58" start="2822" end="2844" text="his Serratia pneumonia" modality="FACTUAL" polarity="POS" type="PROBLEM" />
<EVENT id="E111" start="573" end="593" text="recurrent pneumonias" modality="FACTUAL" polarity="POS" type="PROBLEM" />
<EVENT id="E94" start="3957" end="3968" text="carried out" modality="FACTUAL" polarity="POS" type="OCCURRENCE" />
<EVENT id="E10" start="1346" end="1353" text="related" modality="POSSIBLE" polarity="POS" type="OCCURRENCE" />
<EVENT id="E60" start="2915" end="2950" text="an underlying hypercoagulable state" modality="POSSIBLE" polarity="POS" type="PROBLEM" />
<EVENT id="E79" start="3601" end="3614" text="cardioversion" modality="FACTUAL" polarity="POS" type="TREATMENT" />
<EVENT id="E50" start="2624" end="2643" text="fluid resuscitation" modality="FACTUAL" polarity="POS" type="TREATMENT" />
<EVENT id="E109" start="453" end="477" text="a transplant nephrectomy" modality="PROPOSED" polarity="POS" type="TREATMENT" />
<EVENT id="E12" start="1419" end="1443" text="two abdominal procedures" modality="FACTUAL" polarity="POS" type="TREATMENT" />
<EVENT id="E39" start="2301" end="2317" text="jejunostomy tube" modality="FACTUAL" polarity="POS" type="TREATMENT" />
<EVENT id="E19" start="1646" end="1654" text="free air" modality="FACTUAL" polarity="POS" type="PROBLEM" />
<EVENT id="E121" start="851" end="863" text="unresponsive" modality="FACTUAL" polarity="POS" type="PROBLEM" />
<EVENT id="E105" start="4330" end="4339" text="agreement" modality="FACTUAL" polarity="POS" type="OCCURRENCE" />
<EVENT id="E29" start="1946" end="1958" text="demonstrated" modality="FACTUAL" polarity="POS" type="EVIDENTIAL" />
<EVENT id="E120" start="833" end="840" text="sedated" modality="FACTUAL" polarity="NEG" type="TREATMENT" />
<EVENT id="E53" start="27" end="36" text="DISCHARGE" modality="FACTUAL" polarity="POS" type="OCCURRENCE" />
<EVENT id="E41" start="2336" end="2369" text="an extensive estimated blood loss" modality="FACTUAL" polarity="POS" type="PROBLEM" />
<EVENT id="E70" start="3363" end="3394" text="very transient mild improvement" modality="FACTUAL" polarity="POS" type="OCCURRENCE" />
<EVENT id="E24" start="1846" end="1857" text="perforation" modality="FACTUAL" polarity="NEG" type="PROBLEM" />
<EVENT id="E28" start="1928" end="1941" text="oral contrast" modality="FACTUAL" polarity="POS" type="TEST" />
<EVENT id="E59" start="2862" end="2883" text="his abdominal process" modality="FACTUAL" polarity="POS" type="PROBLEM" />
<EVENT id="E77" start="3556" end="3567" text="complicated" modality="FACTUAL" polarity="POS" type="OCCURRENCE" />
<EVENT id="E88" start="3810" end="3832" text="his Jackson-Pratt site" modality="FACTUAL" polarity="POS" type="PROBLEM" />
<EVENT id="E40" start="234" end="255" text="hypercoagulable state" modality="FACTUAL" polarity="POS" type="PROBLEM" />
<EVENT id="E15" start="1563" end="1579" text="a septic process" modality="FACTUAL" polarity="POS" type="PROBLEM" />
<EVENT id="E44" start="2480" end="2490" text="elevations" modality="FACTUAL" polarity="POS" type="PROBLEM" />
<EVENT id="E81" start="3651" end="3676" text="high volume resuscitation" modality="FACTUAL" polarity="POS" type="TREATMENT" />
<EVENT id="E16" start="1582" end="1589" text="CT scan" modality="FACTUAL" polarity="POS" type="TEST" />
<EVENT id="E5" start="1181" end="1209" text="An inferior vena cava filter" modality="FACTUAL" polarity="POS" type="TREATMENT" />
<EVENT id="E73" start="3450" end="3458" text="remained" modality="FACTUAL" polarity="POS" type="OCCURRENCE" />
<EVENT id="E65" start="3158" end="3178" text="subcutaneous heparin" modality="FACTUAL" polarity="POS" type="TREATMENT" />
<EVENT id="E115" start="680" end="711" text="the Medical Intensive Care Unit" modality="FACTUAL" polarity="POS" type="CLINICAL_DEPT" />
<EVENT id="E103" start="4227" end="4247" text="further intervention" modality="POSSIBLE" polarity="NEG" type="TREATMENT" />
<EVENT id="E32" start="2097" end="2116" text="a gastrojejunostomy" modality="FACTUAL" polarity="POS" type="TREATMENT" />
<EVENT id="E11" start="1357" end="1390" text="an abdominal compartment syndrome" modality="POSSIBLE" polarity="POS" type="PROBLEM" />
<EVENT id="E20" start="1659" end="1689" text="extravasated contrast material" modality="FACTUAL" polarity="POS" type="PROBLEM" />
<EVENT id="E125" start="972" end="994" text="an elevated dead space" modality="FACTUAL" polarity="POS" type="PROBLEM" />
<EVENT id="E23" start="1808" end="1825" text="the bowel was run" modality="FACTUAL" polarity="POS" type="OCCURRENCE" />
<EVENT id="E114" start="665" end="676" text="transferred" modality="FACTUAL" polarity="POS" type="OCCURRENCE" />
<EVENT id="E26" start="1881" end="1889" text="unstable" modality="FACTUAL" polarity="POS" type="PROBLEM" />
<EVENT id="E14" start="1511" end="1542" text="the Medical Intensive Care Unit" modality="FACTUAL" polarity="POS" type="CLINICAL_DEPT" />
<EVENT id="E84" start="3715" end="3721" text="CV-VVH" modality="FACTUAL" polarity="POS" type="TREATMENT" />
<EVENT id="E42" start="2380" end="2403" text="multiple blood products" modality="FACTUAL" polarity="POS" type="TREATMENT" />
<EVENT id="E74" start="3459" end="3476" text="pressor dependent" modality="FACTUAL" polarity="POS" type="PROBLEM" />
<EVENT id="E17" start="1590" end="1602" text="demonstrated" modality="FACTUAL" polarity="POS" type="EVIDENTIAL" />
<EVENT id="E126" start="997" end="1020" text="A pulmonary arteriogram" modality="FACTUAL" polarity="POS" type="TEST" />
<EVENT id="E38" start="2278" end="2294" text="gastrostomy tube" modality="FACTUAL" polarity="POS" type="TREATMENT" />
<EVENT id="E102" start="4211" end="4223" text="this problem" modality="FACTUAL" polarity="POS" type="PROBLEM" />
<EVENT id="E66" start="3216" end="3255" text="metabolic and electrolyte abnormalities" modality="FACTUAL" polarity="POS" type="PROBLEM" />
<EVENT id="E55" start="2731" end="2771" text="specific underlying coronary dysfunction" modality="FACTUAL" polarity="NEG" type="PROBLEM" />
<EVENT id="E106" start="4392" end="4408" text="comfort measures" modality="FACTUAL" polarity="POS" type="TREATMENT" />
<EVENT id="E34" start="2136" end="2179" text="stapling across the gastroduodenal junction" modality="FACTUAL" polarity="POS" type="TREATMENT" />
<EVENT id="E92" start="3883" end="3917" text="his increasingly distended abdomen" modality="FACTUAL" polarity="POS" type="PROBLEM" />
<EVENT id="E75" start="3505" end="3538" text="mechanical ventilatory assistance" modality="FACTUAL" polarity="POS" type="TREATMENT" />
<EVENT id="E67" start="3269" end="3292" text="corrected appropriately" modality="FACTUAL" polarity="POS" type="TREATMENT" />
<EVENT id="E110" start="512" end="538" text="The patient &apos;s course" modality="FACTUAL" polarity="POS" type="OCCURRENCE" />
<EVENT id="E68" start="3331" end="3337" text="remain" modality="FACTUAL" polarity="POS" type="OCCURRENCE" />
<EVENT id="E62" start="3014" end="3035" text="the bleeding problems" modality="FACTUAL" polarity="POS" type="PROBLEM" />
<EVENT id="E37" start="2256" end="2275" text="cholecystotomy tube" modality="FACTUAL" polarity="POS" type="TREATMENT" />
<EVENT id="E56" start="278" end="318" text="an attempted cadaveric kidney transplant" modality="FACTUAL" polarity="POS" type="TREATMENT" />
<EVENT id="E1" start="1033" end="1045" text="demonstrated" modality="FACTUAL" polarity="POS" type="EVIDENTIAL" />
<EVENT id="E100" start="4139" end="4156" text="an ischemic bowel" modality="FACTUAL" polarity="POS" type="PROBLEM" />
<EVENT id="E90" start="3837" end="3859" text="right oblique incision" modality="FACTUAL" polarity="POS" type="PROBLEM" />
<EVENT id="E63" start="3065" end="3084" text="full heparinization" modality="POSSIBLE" polarity="NEG" type="TREATMENT" />
<EVENT id="E54" start="2710" end="2727" text="cardiac tamponade" modality="FACTUAL" polarity="NEG" type="PROBLEM" />
<EVENT id="E107" start="4458" end="4469" text="comfortable" modality="POSSIBLE" polarity="POS" type="EVIDENTIAL" />
<EVENT id="E6" start="1214" end="1220" text="placed" modality="FACTUAL" polarity="POS" type="OCCURRENCE" />
<EVENT id="E13" start="148" end="161" text="renal disease" modality="FACTUAL" polarity="POS" type="PROBLEM" />
<EVENT id="E18" start="1603" end="1629" text="retroperitoneal collection" modality="FACTUAL" polarity="POS" type="PROBLEM" />
<EVENT id="E91" start="3862" end="3877" text="Bloody drainage" modality="FACTUAL" polarity="POS" type="PROBLEM" />
<EVENT id="E0" start="1" end="10" text="ADMISSION" modality="FACTUAL" polarity="POS" type="OCCURRENCE" />
<EVENT id="E9" start="1314" end="1334" text="ventilate adequately" modality="FACTUAL" polarity="POS" type="OCCURRENCE" />
<EVENT id="E123" start="898" end="912" text="the ventilator" modality="FACTUAL" polarity="POS" type="TREATMENT" />
<EVENT id="E57" start="2794" end="2817" text="appropriate antibiotics" modality="FACTUAL" polarity="POS" type="TREATMENT" />
<EVENT id="E112" start="612" end="622" text="aspiration" modality="POSSIBLE" polarity="POS" type="PROBLEM" />
<EVENT id="E46" start="2521" end="2528" text="amylase" modality="FACTUAL" polarity="POS" type="TEST" />
<EVENT id="E99" start="4108" end="4133" text="multiple enteric fistulae" modality="POSSIBLE" polarity="POS" type="PROBLEM" />
<EVENT id="E33" start="214" end="229" text="vascular access" modality="FACTUAL" polarity="POS" type="PROBLEM" />
<EVENT id="E2" start="1046" end="1071" text="multiple pulmonary emboli" modality="FACTUAL" polarity="POS" type="PROBLEM" />
<EVENT id="E117" start="744" end="766" text="ventilatory management" modality="FACTUAL" polarity="POS" type="TREATMENT" />
<EVENT id="E85" start="3737" end="3762" text="bicarbonate replenishment" modality="FACTUAL" polarity="POS" type="TREATMENT" />
<EVENT id="E101" start="4190" end="4207" text="surgical approach" modality="POSSIBLE" polarity="NEG" type="TREATMENT" />
<EVENT id="E87" start="3799" end="3804" text="stool" modality="FACTUAL" polarity="POS" type="OCCURRENCE" />
<EVENT id="E71" start="3400" end="3408" text="drainage" modality="FACTUAL" polarity="POS" type="TREATMENT" />
<EVENT id="E49" start="2598" end="2618" text="aggressively treated" modality="FACTUAL" polarity="POS" type="TREATMENT" />
<EVENT id="E69" start="3338" end="3352" text="critically ill" modality="FACTUAL" polarity="POS" type="PROBLEM" />
<EVENT id="E36" start="2229" end="2253" text="the retroperitoneal mass" modality="FACTUAL" polarity="POS" type="PROBLEM" />
<EVENT id="E97" start="4047" end="4056" text="continued" modality="POSSIBLE" polarity="POS" type="OCCURRENCE" />
<EVENT id="E7" start="1223" end="1258" text="lower extremity noninvasive studies" modality="FACTUAL" polarity="POS" type="TEST" />
<EVENT id="E64" start="3141" end="3153" text="pneumo-boots" modality="FACTUAL" polarity="POS" type="TREATMENT" />
<EVENT id="E82" start="369" end="379" text="thrombosis" modality="FACTUAL" polarity="POS" type="PROBLEM" />
<EVENT id="E108" start="4485" end="4490" text="death" modality="FACTUAL" polarity="POS" type="OCCURRENCE" />
<EVENT id="E86" start="3782" end="3790" text="appeared" modality="FACTUAL" polarity="POS" type="EVIDENTIAL" />
<EVENT id="E51" start="2648" end="2656" text="pressors" modality="FACTUAL" polarity="POS" type="TREATMENT" />
<EVENT id="E83" start="3685" end="3706" text="persistently acidotic" modality="FACTUAL" polarity="POS" type="PROBLEM" />
<EVENT id="E72" start="3412" end="3444" text="additional retroperitoneal fluid" modality="FACTUAL" polarity="POS" type="PROBLEM" />
<EVENT id="E3" start="1115" end="1125" text="introduced" modality="POSSIBLE" polarity="POS" type="OCCURRENCE" />
<EVENT id="E22" start="1758" end="1780" text="exploratory laparotomy" modality="FACTUAL" polarity="POS" type="TEST" />
<EVENT id="E25" start="1872" end="1880" text="remained" modality="FACTUAL" polarity="POS" type="OCCURRENCE" />
<EVENT id="E80" start="3624" end="3646" text="an ongoing requirement" modality="FACTUAL" polarity="POS" type="PROBLEM" />
<TIMEX3 id="T3" start="1487" end="1507" text="the time of transfer" type="DATE" val="1997-12-16" mod="NA" />
<TIMEX3 id="T10" start="4522" end="4529" text="1/16/98" type="DATE" val="1998-01-16" mod="END" />
<TIMEX3 id="T5" start="18" end="26" text="12/16/97" type="DATE" val="1997-12-16" mod="NA" />
<TIMEX3 id="T4" start="1784" end="1792" text="01/06/98" type="DATE" val="1998-01-06" mod="NA" />
<TIMEX3 id="T7" start="333" end="341" text="12/16/97" type="DATE" val="1997-12-16" mod="NA" />
<TIMEX3 id="T1" start="1091" end="1099" text="one week" type="DURATION" val="P1W" mod="LESS" />
<TIMEX3 id="T6" start="2072" end="2080" text="01/08/98" type="DATE" val="1998-01-08" mod="NA" />
<TIMEX3 id="T2" start="1170" end="1178" text="12/19/97" type="DATE" val="1997-12-19" mod="NA" />
<TIMEX3 id="T0" start="1024" end="1032" text="01/03/98" type="DATE" val="1998-01-03" mod="NA" />
<TIMEX3 id="T9" start="44" end="52" text="01/16/98" type="DATE" val="1998-01-16" mod="NA" />
<TIMEX3 id="T8" start="428" end="436" text="24 hours" type="DURATION" val="PT24H" mod="NA" />
<TLINK id="TL0" fromID="E0" fromText="ADMISSION" toID="T5" toText="12/16/97" type="OVERLAP" />
<TLINK id="TL1" fromID="E1" fromText="demonstrated" toID="T9" toText="01/16/98" type="BEFORE" />
<TLINK id="TL2" fromID="E2" fromText="multiple pulmonary emboli" toID="T9" toText="01/16/98" type="BEFORE" />
<TLINK id="TL3" fromID="E3" fromText="introduced" toID="T9" toText="01/16/98" type="BEFORE" />
<TLINK id="TL4" fromID="E4" fromText="the renal vein thrombosis" toID="T9" toText="01/16/98" type="BEFORE" />
<TLINK id="TL5" fromID="E5" fromText="An inferior vena cava filter" toID="T9" toText="01/16/98" type="BEFORE" />
<TLINK id="TL6" fromID="E6" fromText="placed" toID="T9" toText="01/16/98" type="BEFORE" />
<TLINK id="TL7" fromID="E7" fromText="lower extremity noninvasive studies" toID="T9" toText="01/16/98" type="BEFORE" />
<TLINK id="TL8" fromID="E8" fromText="high pressures" toID="T9" toText="01/16/98" type="BEFORE" />
<TLINK id="TL9" fromID="E9" fromText="ventilate adequately" toID="T9" toText="01/16/98" type="BEFORE" />
<TLINK id="TL10" fromID="E10" fromText="related" toID="T9" toText="01/16/98" type="BEFORE" />
<TLINK id="TL11" fromID="E11" fromText="an abdominal compartment syndrome" toID="T9" toText="01/16/98" type="BEFORE" />
<TLINK id="TL12" fromID="E12" fromText="two abdominal procedures" toID="T9" toText="01/16/98" type="BEFORE" />
<TLINK id="TL13" fromID="E13" fromText="renal disease" toID="T5" toText="12/16/97" type="BEFORE" />
<TLINK id="TL14" fromID="E14" fromText="the Medical Intensive Care Unit" toID="T9" toText="01/16/98" type="BEFORE" />
<TLINK id="TL15" fromID="E15" fromText="a septic process" toID="T9" toText="01/16/98" type="BEFORE" />
<TLINK id="TL16" fromID="E16" fromText="CT scan" toID="T9" toText="01/16/98" type="BEFORE" />
<TLINK id="TL17" fromID="E17" fromText="demonstrated" toID="T9" toText="01/16/98" type="BEFORE" />
<TLINK id="TL18" fromID="E18" fromText="retroperitoneal collection" toID="T9" toText="01/16/98" type="BEFORE" />
<TLINK id="TL19" fromID="E19" fromText="free air" toID="T9" toText="01/16/98" type="BEFORE" />
<TLINK id="TL20" fromID="E20" fromText="extravasated contrast material" toID="T9" toText="01/16/98" type="BEFORE" />
<TLINK id="TL21" fromID="E21" fromText="a perforated viscus" toID="T9" toText="01/16/98" type="BEFORE" />
<TLINK id="TL22" fromID="E22" fromText="exploratory laparotomy" toID="T9" toText="01/16/98" type="BEFORE" />
<TLINK id="TL23" fromID="E23" fromText="the bowel was run" toID="T9" toText="01/16/98" type="BEFORE" />
<TLINK id="TL24" fromID="E24" fromText="perforation" toID="T9" toText="01/16/98" type="BEFORE" />
<TLINK id="TL25" fromID="E25" fromText="remained" toID="T9" toText="01/16/98" type="BEFORE" />
<TLINK id="TL26" fromID="E26" fromText="unstable" toID="T9" toText="01/16/98" type="BEFORE" />
<TLINK id="TL27" fromID="E27" fromText="fluoroscopy" toID="T9" toText="01/16/98" type="BEFORE" />
<TLINK id="TL28" fromID="E28" fromText="oral contrast" toID="T9" toText="01/16/98" type="BEFORE" />
<TLINK id="TL29" fromID="E29" fromText="demonstrated" toID="T9" toText="01/16/98" type="BEFORE" />
<TLINK id="TL30" fromID="E30" fromText="extravasating through a posterior duodenum" toID="T9" toText="01/16/98" type="BEFORE" />
<TLINK id="TL31" fromID="E31" fromText="the operating room" toID="T9" toText="01/16/98" type="BEFORE" />
<TLINK id="TL32" fromID="E32" fromText="a gastrojejunostomy" toID="T9" toText="01/16/98" type="BEFORE" />
<TLINK id="TL33" fromID="E33" fromText="vascular access" toID="T5" toText="12/16/97" type="BEFORE" />
<TLINK id="TL34" fromID="E34" fromText="stapling across the gastroduodenal junction" toID="T9" toText="01/16/98" type="BEFORE" />
<TLINK id="TL35" fromID="E35" fromText="five Jackson-Pratt drains" toID="T9" toText="01/16/98" type="BEFORE" />
<TLINK id="TL36" fromID="E36" fromText="the retroperitoneal mass" toID="T9" toText="01/16/98" type="BEFORE" />
<TLINK id="TL37" fromID="E37" fromText="cholecystotomy tube" toID="T9" toText="01/16/98" type="BEFORE" />
<TLINK id="TL38" fromID="E38" fromText="gastrostomy tube" toID="T9" toText="01/16/98" type="BEFORE" />
<TLINK id="TL39" fromID="E39" fromText="jejunostomy tube" toID="T9" toText="01/16/98" type="BEFORE" />
<TLINK id="TL40" fromID="E40" fromText="hypercoagulable state" toID="T5" toText="12/16/97" type="BEFORE" />
<TLINK id="TL41" fromID="E41" fromText="an extensive estimated blood loss" toID="T9" toText="01/16/98" type="BEFORE" />
<TLINK id="TL42" fromID="E42" fromText="multiple blood products" toID="T9" toText="01/16/98" type="BEFORE" />
<TLINK id="TL43" fromID="E43" fromText="fluid resuscitation therapy" toID="T9" toText="01/16/98" type="BEFORE" />
<TLINK id="TL44" fromID="E44" fromText="elevations" toID="T9" toText="01/16/98" type="BEFORE" />
<TLINK id="TL45" fromID="E45" fromText="liver function studies" toID="T9" toText="01/16/98" type="BEFORE" />
<TLINK id="TL46" fromID="E46" fromText="amylase" toID="T9" toText="01/16/98" type="BEFORE" />
<TLINK id="TL47" fromID="E47" fromText="lipase" toID="T9" toText="01/16/98" type="BEFORE" />
<TLINK id="TL48" fromID="E48" fromText="pancreatic inflammation" toID="T9" toText="01/16/98" type="BEFORE" />
<TLINK id="TL49" fromID="E49" fromText="aggressively treated" toID="T9" toText="01/16/98" type="BEFORE" />
<TLINK id="TL50" fromID="E50" fromText="fluid resuscitation" toID="T9" toText="01/16/98" type="BEFORE" />
<TLINK id="TL51" fromID="E51" fromText="pressors" toID="T9" toText="01/16/98" type="BEFORE" />
<TLINK id="TL52" fromID="E52" fromText="his septic physiology" toID="T9" toText="01/16/98" type="BEFORE" />
<TLINK id="TL53" fromID="E53" fromText="DISCHARGE" toID="T9" toText="01/16/98" type="OVERLAP" />
<TLINK id="TL54" fromID="E54" fromText="cardiac tamponade" toID="T9" toText="01/16/98" type="BEFORE" />
<TLINK id="TL55" fromID="E55" fromText="specific underlying coronary dysfunction" toID="T9" toText="01/16/98" type="BEFORE" />
<TLINK id="TL56" fromID="E56" fromText="an attempted cadaveric kidney transplant" toID="T5" toText="12/16/97" type="BEFORE" />
<TLINK id="TL57" fromID="E57" fromText="appropriate antibiotics" toID="T9" toText="01/16/98" type="BEFORE" />
<TLINK id="TL58" fromID="E58" fromText="his Serratia pneumonia" toID="T9" toText="01/16/98" type="BEFORE" />
<TLINK id="TL59" fromID="E59" fromText="his abdominal process" toID="T9" toText="01/16/98" type="BEFORE" />
<TLINK id="TL60" fromID="E60" fromText="an underlying hypercoagulable state" toID="T9" toText="01/16/98" type="BEFORE" />
<TLINK id="TL61" fromID="E61" fromText="the repeated clots" toID="T9" toText="01/16/98" type="BEFORE" />
<TLINK id="TL62" fromID="E62" fromText="the bleeding problems" toID="T9" toText="01/16/98" type="BEFORE" />
<TLINK id="TL63" fromID="E63" fromText="full heparinization" toID="T9" toText="01/16/98" type="BEFORE" />
<TLINK id="TL64" fromID="E64" fromText="pneumo-boots" toID="T9" toText="01/16/98" type="BEFORE" />
<TLINK id="TL65" fromID="E65" fromText="subcutaneous heparin" toID="T9" toText="01/16/98" type="BEFORE" />
<TLINK id="TL66" fromID="E66" fromText="metabolic and electrolyte abnormalities" toID="T9" toText="01/16/98" type="BEFORE" />
<TLINK id="TL67" fromID="E67" fromText="corrected appropriately" toID="T9" toText="01/16/98" type="BEFORE" />
<TLINK id="TL68" fromID="E68" fromText="remain" toID="T9" toText="01/16/98" type="BEFORE" />
<TLINK id="TL69" fromID="E69" fromText="critically ill" toID="T9" toText="01/16/98" type="BEFORE" />
<TLINK id="TL70" fromID="E70" fromText="very transient mild improvement" toID="T9" toText="01/16/98" type="BEFORE" />
<TLINK id="TL71" fromID="E71" fromText="drainage" toID="T9" toText="01/16/98" type="BEFORE" />
<TLINK id="TL72" fromID="E72" fromText="additional retroperitoneal fluid" toID="T9" toText="01/16/98" type="BEFORE" />
<TLINK id="TL73" fromID="E73" fromText="remained" toID="T9" toText="01/16/98" type="BEFORE" />
<TLINK id="TL74" fromID="E74" fromText="pressor dependent" toID="T9" toText="01/16/98" type="BEFORE" />
<TLINK id="TL75" fromID="E75" fromText="mechanical ventilatory assistance" toID="T9" toText="01/16/98" type="BEFORE" />
<TLINK id="TL76" fromID="E76" fromText="His course" toID="T9" toText="01/16/98" type="BEFORE" />
<TLINK id="TL77" fromID="E77" fromText="complicated" toID="T9" toText="01/16/98" type="BEFORE" />
<TLINK id="TL78" fromID="E78" fromText="atrial fibrillation" toID="T9" toText="01/16/98" type="BEFORE" />
<TLINK id="TL79" fromID="E79" fromText="cardioversion" toID="T9" toText="01/16/98" type="BEFORE" />
<TLINK id="TL80" fromID="E80" fromText="an ongoing requirement" toID="T9" toText="01/16/98" type="BEFORE" />
<TLINK id="TL81" fromID="E81" fromText="high volume resuscitation" toID="T9" toText="01/16/98" type="BEFORE" />
<TLINK id="TL82" fromID="E82" fromText="thrombosis" toID="T5" toText="12/16/97" type="BEFORE" />
<TLINK id="TL83" fromID="E83" fromText="persistently acidotic" toID="T9" toText="01/16/98" type="BEFORE" />
<TLINK id="TL84" fromID="E84" fromText="CV-VVH" toID="T9" toText="01/16/98" type="BEFORE" />
<TLINK id="TL85" fromID="E85" fromText="bicarbonate replenishment" toID="T9" toText="01/16/98" type="BEFORE" />
<TLINK id="TL86" fromID="E86" fromText="appeared" toID="T9" toText="01/16/98" type="BEFORE" />
<TLINK id="TL87" fromID="E87" fromText="stool" toID="T9" toText="01/16/98" type="BEFORE" />
<TLINK id="TL88" fromID="E88" fromText="his Jackson-Pratt site" toID="T9" toText="01/16/98" type="BEFORE" />
<TLINK id="TL89" fromID="E89" fromText="necrosis of the cadaveric renal vein" toID="T5" toText="12/16/97" type="BEFORE" />
<TLINK id="TL90" fromID="E90" fromText="right oblique incision" toID="T9" toText="01/16/98" type="BEFORE" />
<TLINK id="TL91" fromID="E91" fromText="Bloody drainage" toID="T9" toText="01/16/98" type="BEFORE" />
<TLINK id="TL92" fromID="E92" fromText="his increasingly distended abdomen" toID="T9" toText="01/16/98" type="BEFORE" />
<TLINK id="TL93" fromID="E93" fromText="Extensive discussions" toID="T9" toText="01/16/98" type="BEFORE" />
<TLINK id="TL94" fromID="E94" fromText="carried out" toID="T9" toText="01/16/98" type="BEFORE" />
<TLINK id="TL95" fromID="E95" fromText="condition" toID="T9" toText="01/16/98" type="BEFORE" />
<TLINK id="TL96" fromID="E96" fromText="irretrievable" toID="T9" toText="01/16/98" type="BEFORE" />
<TLINK id="TL97" fromID="E97" fromText="continued" toID="T9" toText="01/16/98" type="BEFORE" />
<TLINK id="TL98" fromID="E98" fromText="massive retroperitoneal contamination" toID="T9" toText="01/16/98" type="BEFORE" />
<TLINK id="TL99" fromID="E99" fromText="multiple enteric fistulae" toID="T9" toText="01/16/98" type="BEFORE" />
<TLINK id="TL100" fromID="E100" fromText="an ischemic bowel" toID="T9" toText="01/16/98" type="BEFORE" />
<TLINK id="TL101" fromID="E101" fromText="surgical approach" toID="T9" toText="01/16/98" type="BEFORE" />
<TLINK id="TL102" fromID="E102" fromText="this problem" toID="T9" toText="01/16/98" type="BEFORE" />
<TLINK id="TL103" fromID="E103" fromText="further intervention" toID="T9" toText="01/16/98" type="BEFORE" />
<TLINK id="TL104" fromID="E104" fromText="radiologic procedures" toID="T9" toText="01/16/98" type="BEFORE" />
<TLINK id="TL105" fromID="E105" fromText="agreement" toID="T9" toText="01/16/98" type="BEFORE" />
<TLINK id="TL106" fromID="E106" fromText="comfort measures" toID="T9" toText="01/16/98" type="BEFORE" />
<TLINK id="TL107" fromID="E107" fromText="comfortable" toID="T9" toText="01/16/98" type="AFTER" />
<TLINK id="TL108" fromID="E108" fromText="death" toID="T9" toText="01/16/98" type="OVERLAP" />
<TLINK id="TL109" fromID="E109" fromText="a transplant nephrectomy" toID="T5" toText="12/16/97" type="AFTER" />
<TLINK id="TL110" fromID="E110" fromText="The patient &apos;s course" toID="T9" toText="01/16/98" type="BEFORE" />
<TLINK id="TL111" fromID="E111" fromText="recurrent pneumonias" toID="T9" toText="01/16/98" type="BEFORE" />
<TLINK id="TL112" fromID="E112" fromText="aspiration" toID="T9" toText="01/16/98" type="BEFORE" />
<TLINK id="TL113" fromID="E113" fromText="hemodynamic instability" toID="T9" toText="01/16/98" type="BEFORE" />
<TLINK id="TL114" fromID="E114" fromText="transferred" toID="T9" toText="01/16/98" type="BEFORE" />
<TLINK id="TL115" fromID="E115" fromText="the Medical Intensive Care Unit" toID="T9" toText="01/16/98" type="BEFORE" />
<TLINK id="TL116" fromID="E116" fromText="the Transplant Service" toID="T9" toText="01/16/98" type="BEFORE" />
<TLINK id="TL117" fromID="E117" fromText="ventilatory management" toID="T9" toText="01/16/98" type="BEFORE" />
<TLINK id="TL118" fromID="E118" fromText="hypotension" toID="T9" toText="01/16/98" type="BEFORE" />
<TLINK id="TL119" fromID="E119" fromText="transfer" toID="T9" toText="01/16/98" type="BEFORE" />
<TLINK id="TL120" fromID="E120" fromText="sedated" toID="T9" toText="01/16/98" type="BEFORE" />
<TLINK id="TL121" fromID="E121" fromText="unresponsive" toID="T9" toText="01/16/98" type="BEFORE" />
<TLINK id="TL122" fromID="E122" fromText="extremely dyssynchronous" toID="T9" toText="01/16/98" type="BEFORE" />
<TLINK id="TL123" fromID="E123" fromText="the ventilator" toID="T9" toText="01/16/98" type="BEFORE" />
<TLINK id="TL124" fromID="E124" fromText="substantial auto PEEP" toID="T9" toText="01/16/98" type="BEFORE" />
<TLINK id="TL125" fromID="E125" fromText="an elevated dead space" toID="T9" toText="01/16/98" type="BEFORE" />
<TLINK id="TL126" fromID="E126" fromText="A pulmonary arteriogram" toID="T9" toText="01/16/98" type="BEFORE" />
<TLINK id="TL127" fromID="E13" fromText="renal disease" toID="E33" toText="vascular access" type="OVERLAP" />
<TLINK id="TL128" fromID="E33" fromText="vascular access" toID="E40" toText="hypercoagulable state" type="OVERLAP" />
<TLINK id="TL129" fromID="E56" fromText="an attempted cadaveric kidney transplant" toID="T7" toText="12/16/97" type="OVERLAP" />
<TLINK id="TL130" fromID="T7" fromText="12/16/97" toID="E82" toText="thrombosis" type="OVERLAP" />
<TLINK id="TL131" fromID="E82" fromText="thrombosis" toID="E89" toText="necrosis of the cadaveric renal vein" type="OVERLAP" />
<TLINK id="TL132" fromID="E89" fromText="necrosis of the cadaveric renal vein" toID="T8" toText="24 hours" type="OVERLAP" />
<TLINK id="TL133" fromID="E110" fromText="The patient &apos;s course" toID="E111" toText="recurrent pneumonias" type="OVERLAP" />
<TLINK id="TL134" fromID="E111" fromText="recurrent pneumonias" toID="E112" toText="aspiration" type="AFTER" />
<TLINK id="TL135" fromID="E111" fromText="recurrent pneumonias" toID="E113" toText="hemodynamic instability" type="OVERLAP" />
<TLINK id="TL136" fromID="E112" fromText="aspiration" toID="E113" toText="hemodynamic instability" type="OVERLAP" />
<TLINK id="TL137" fromID="E114" fromText="transferred" toID="E115" toText="the Medical Intensive Care Unit" type="BEFORE" />
<TLINK id="TL138" fromID="E114" fromText="transferred" toID="E116" toText="the Transplant Service" type="BEFORE" />
<TLINK id="TL139" fromID="E115" fromText="the Medical Intensive Care Unit" toID="E116" toText="the Transplant Service" type="AFTER" />
<TLINK id="TL140" fromID="E116" fromText="the Transplant Service" toID="E117" toText="ventilatory management" type="OVERLAP" />
<TLINK id="TL141" fromID="E117" fromText="ventilatory management" toID="E118" toText="hypotension" type="AFTER" />
<TLINK id="TL142" fromID="E119" fromText="transfer" toID="E120" toText="sedated" type="OVERLAP" />
<TLINK id="TL143" fromID="E120" fromText="sedated" toID="E121" toText="unresponsive" type="AFTER" />
<TLINK id="TL144" fromID="E121" fromText="unresponsive" toID="E122" toText="extremely dyssynchronous" type="OVERLAP" />
<TLINK id="TL145" fromID="E121" fromText="unresponsive" toID="E123" toText="the ventilator" type="OVERLAP" />
<TLINK id="TL146" fromID="E122" fromText="extremely dyssynchronous" toID="E123" toText="the ventilator" type="OVERLAP" />
<TLINK id="TL147" fromID="E124" fromText="substantial auto PEEP" toID="E125" toText="an elevated dead space" type="OVERLAP" />
<TLINK id="TL148" fromID="E126" fromText="A pulmonary arteriogram" toID="T0" toText="01/03/98" type="OVERLAP" />
<TLINK id="TL149" fromID="E126" fromText="A pulmonary arteriogram" toID="E1" toText="demonstrated" type="OVERLAP" />
<TLINK id="TL150" fromID="T0" fromText="01/03/98" toID="E1" toText="demonstrated" type="OVERLAP" />
<TLINK id="TL151" fromID="E1" fromText="demonstrated" toID="E2" toText="multiple pulmonary emboli" type="AFTER" />
<TLINK id="TL152" fromID="E2" fromText="multiple pulmonary emboli" toID="T1" toText="one week" type="OVERLAP" />
<TLINK id="TL153" fromID="E2" fromText="multiple pulmonary emboli" toID="E3" toText="introduced" type="BEFORE" />
<TLINK id="TL154" fromID="T1" fromText="one week" toID="E3" toText="introduced" type="BEFORE" />
<TLINK id="TL155" fromID="E3" fromText="introduced" toID="E4" toText="the renal vein thrombosis" type="AFTER" />
<TLINK id="TL156" fromID="E4" fromText="the renal vein thrombosis" toID="T2" toText="12/19/97" type="OVERLAP" />
<TLINK id="TL157" fromID="E5" fromText="An inferior vena cava filter" toID="E6" toText="placed" type="BEFORE" />
<TLINK id="TL158" fromID="E6" fromText="placed" toID="E7" toText="lower extremity noninvasive studies" type="BEFORE" />
<TLINK id="TL159" fromID="E8" fromText="high pressures" toID="E9" toText="ventilate adequately" type="OVERLAP" />
<TLINK id="TL160" fromID="E8" fromText="high pressures" toID="E10" toText="related" type="OVERLAP" />
<TLINK id="TL161" fromID="E10" fromText="related" toID="E11" toText="an abdominal compartment syndrome" type="AFTER" />
<TLINK id="TL162" fromID="T3" fromText="the time of transfer" toID="E14" toText="the Medical Intensive Care Unit" type="OVERLAP" />
<TLINK id="TL163" fromID="E14" fromText="the Medical Intensive Care Unit" toID="E15" toText="a septic process" type="AFTER" />
<TLINK id="TL164" fromID="E16" fromText="CT scan" toID="E17" toText="demonstrated" type="OVERLAP" />
<TLINK id="TL165" fromID="E17" fromText="demonstrated" toID="E18" toText="retroperitoneal collection" type="AFTER" />
<TLINK id="TL166" fromID="E17" fromText="demonstrated" toID="E19" toText="free air" type="AFTER" />
<TLINK id="TL167" fromID="E19" fromText="free air" toID="E20" toText="extravasated contrast material" type="OVERLAP" />
<TLINK id="TL168" fromID="E21" fromText="a perforated viscus" toID="E22" toText="exploratory laparotomy" type="BEFORE" />
<TLINK id="TL169" fromID="E22" fromText="exploratory laparotomy" toID="T4" toText="01/06/98" type="OVERLAP" />
<TLINK id="TL170" fromID="T4" fromText="01/06/98" toID="E23" toText="the bowel was run" type="OVERLAP" />
<TLINK id="TL171" fromID="E23" fromText="the bowel was run" toID="E24" toText="perforation" type="OVERLAP" />
<TLINK id="TL172" fromID="E25" fromText="remained" toID="E26" toText="unstable" type="OVERLAP" />
<TLINK id="TL173" fromID="E27" fromText="fluoroscopy" toID="E28" toText="oral contrast" type="OVERLAP" />
<TLINK id="TL174" fromID="E27" fromText="fluoroscopy" toID="E29" toText="demonstrated" type="OVERLAP" />
<TLINK id="TL175" fromID="E28" fromText="oral contrast" toID="E29" toText="demonstrated" type="OVERLAP" />
<TLINK id="TL176" fromID="E28" fromText="oral contrast" toID="E30" toText="extravasating through a posterior duodenum" type="OVERLAP" />
<TLINK id="TL177" fromID="E29" fromText="demonstrated" toID="E30" toText="extravasating through a posterior duodenum" type="AFTER" />
<TLINK id="TL178" fromID="E31" fromText="the operating room" toID="T6" toText="01/08/98" type="OVERLAP" />
<TLINK id="TL179" fromID="T6" fromText="01/08/98" toID="E32" toText="a gastrojejunostomy" type="OVERLAP" />
<TLINK id="TL180" fromID="E32" fromText="a gastrojejunostomy" toID="E34" toText="stapling across the gastroduodenal junction" type="OVERLAP" />
<TLINK id="TL181" fromID="E34" fromText="stapling across the gastroduodenal junction" toID="E35" toText="five Jackson-Pratt drains" type="OVERLAP" />
<TLINK id="TL182" fromID="E35" fromText="five Jackson-Pratt drains" toID="E36" toText="the retroperitoneal mass" type="OVERLAP" />
<TLINK id="TL183" fromID="E36" fromText="the retroperitoneal mass" toID="E37" toText="cholecystotomy tube" type="OVERLAP" />
<TLINK id="TL184" fromID="E36" fromText="the retroperitoneal mass" toID="E38" toText="gastrostomy tube" type="OVERLAP" />
<TLINK id="TL185" fromID="E36" fromText="the retroperitoneal mass" toID="E39" toText="jejunostomy tube" type="OVERLAP" />
<TLINK id="TL186" fromID="E37" fromText="cholecystotomy tube" toID="E38" toText="gastrostomy tube" type="OVERLAP" />
<TLINK id="TL187" fromID="E38" fromText="gastrostomy tube" toID="E39" toText="jejunostomy tube" type="OVERLAP" />
<TLINK id="TL188" fromID="E41" fromText="an extensive estimated blood loss" toID="E42" toText="multiple blood products" type="BEFORE" />
<TLINK id="TL189" fromID="E42" fromText="multiple blood products" toID="E43" toText="fluid resuscitation therapy" type="OVERLAP" />
<TLINK id="TL190" fromID="E44" fromText="elevations" toID="E45" toText="liver function studies" type="OVERLAP" />
<TLINK id="TL191" fromID="E44" fromText="elevations" toID="E48" toText="pancreatic inflammation" type="OVERLAP" />
<TLINK id="TL192" fromID="E45" fromText="liver function studies" toID="E46" toText="amylase" type="OVERLAP" />
<TLINK id="TL193" fromID="E46" fromText="amylase" toID="E47" toText="lipase" type="OVERLAP" />
<TLINK id="TL194" fromID="E47" fromText="lipase" toID="E48" toText="pancreatic inflammation" type="OVERLAP" />
<TLINK id="TL195" fromID="E49" fromText="aggressively treated" toID="E50" toText="fluid resuscitation" type="OVERLAP" />
<TLINK id="TL196" fromID="E49" fromText="aggressively treated" toID="E52" toText="his septic physiology" type="AFTER" />
<TLINK id="TL197" fromID="E50" fromText="fluid resuscitation" toID="E51" toText="pressors" type="OVERLAP" />
<TLINK id="TL198" fromID="E51" fromText="pressors" toID="E52" toText="his septic physiology" type="AFTER" />
<TLINK id="TL199" fromID="E54" fromText="cardiac tamponade" toID="E55" toText="specific underlying coronary dysfunction" type="OVERLAP" />
<TLINK id="TL200" fromID="E57" fromText="appropriate antibiotics" toID="E58" toText="his Serratia pneumonia" type="AFTER" />
<TLINK id="TL201" fromID="E58" fromText="his Serratia pneumonia" toID="E59" toText="his abdominal process" type="OVERLAP" />
<TLINK id="TL202" fromID="E60" fromText="an underlying hypercoagulable state" toID="E61" toText="the repeated clots" type="OVERLAP" />
<TLINK id="TL203" fromID="E62" fromText="the bleeding problems" toID="E63" toText="full heparinization" type="BEFORE" />
<TLINK id="TL204" fromID="E64" fromText="pneumo-boots" toID="E65" toText="subcutaneous heparin" type="OVERLAP" />
<TLINK id="TL205" fromID="E66" fromText="metabolic and electrolyte abnormalities" toID="E67" toText="corrected appropriately" type="BEFORE" />
<TLINK id="TL206" fromID="E68" fromText="remain" toID="E69" toText="critically ill" type="AFTER" />
<TLINK id="TL207" fromID="E68" fromText="remain" toID="E70" toText="very transient mild improvement" type="OVERLAP" />
<TLINK id="TL208" fromID="E68" fromText="remain" toID="E71" toText="drainage" type="AFTER" />
<TLINK id="TL209" fromID="E69" fromText="critically ill" toID="E70" toText="very transient mild improvement" type="OVERLAP" />
<TLINK id="TL210" fromID="E70" fromText="very transient mild improvement" toID="E71" toText="drainage" type="OVERLAP" />
<TLINK id="TL211" fromID="E71" fromText="drainage" toID="E72" toText="additional retroperitoneal fluid" type="AFTER" />
<TLINK id="TL212" fromID="E73" fromText="remained" toID="E74" toText="pressor dependent" type="AFTER" />
<TLINK id="TL213" fromID="E73" fromText="remained" toID="E75" toText="mechanical ventilatory assistance" type="AFTER" />
<TLINK id="TL214" fromID="E74" fromText="pressor dependent" toID="E75" toText="mechanical ventilatory assistance" type="OVERLAP" />
<TLINK id="TL215" fromID="E76" fromText="His course" toID="E77" toText="complicated" type="OVERLAP" />
<TLINK id="TL216" fromID="E77" fromText="complicated" toID="E78" toText="atrial fibrillation" type="OVERLAP" />
<TLINK id="TL217" fromID="E78" fromText="atrial fibrillation" toID="E79" toText="cardioversion" type="BEFORE" />
<TLINK id="TL218" fromID="E80" fromText="an ongoing requirement" toID="E81" toText="high volume resuscitation" type="OVERLAP" />
<TLINK id="TL219" fromID="E81" fromText="high volume resuscitation" toID="E83" toText="persistently acidotic" type="BEFORE" />
<TLINK id="TL220" fromID="E83" fromText="persistently acidotic" toID="E84" toText="CV-VVH" type="OVERLAP" />
<TLINK id="TL221" fromID="E84" fromText="CV-VVH" toID="E85" toText="bicarbonate replenishment" type="OVERLAP" />
<TLINK id="TL222" fromID="E86" fromText="appeared" toID="E87" toText="stool" type="BEFORE" />
<TLINK id="TL223" fromID="E87" fromText="stool" toID="E88" toText="his Jackson-Pratt site" type="AFTER" />
<TLINK id="TL224" fromID="E88" fromText="his Jackson-Pratt site" toID="E90" toText="right oblique incision" type="OVERLAP" />
<TLINK id="TL225" fromID="E91" fromText="Bloody drainage" toID="E92" toText="his increasingly distended abdomen" type="AFTER" />
<TLINK id="TL226" fromID="E93" fromText="Extensive discussions" toID="E94" toText="carried out" type="BEFORE" />
<TLINK id="TL227" fromID="E94" fromText="carried out" toID="E95" toText="condition" type="AFTER" />
<TLINK id="TL228" fromID="E94" fromText="carried out" toID="E96" toText="irretrievable" type="OVERLAP" />
<TLINK id="TL229" fromID="E95" fromText="condition" toID="E96" toText="irretrievable" type="OVERLAP" />
<TLINK id="TL230" fromID="E97" fromText="continued" toID="E98" toText="massive retroperitoneal contamination" type="AFTER" />
<TLINK id="TL231" fromID="E97" fromText="continued" toID="E100" toText="an ischemic bowel" type="AFTER" />
<TLINK id="TL232" fromID="E99" fromText="multiple enteric fistulae" toID="E100" toText="an ischemic bowel" type="AFTER" />
<TLINK id="TL233" fromID="E101" fromText="surgical approach" toID="E102" toText="this problem" type="BEFORE" />
<TLINK id="TL234" fromID="E102" fromText="this problem" toID="E103" toText="further intervention" type="BEFORE" />
<TLINK id="TL235" fromID="E103" fromText="further intervention" toID="E104" toText="radiologic procedures" type="OVERLAP" />
<TLINK id="TL236" fromID="E105" fromText="agreement" toID="E106" toText="comfort measures" type="BEFORE" />
<TLINK id="TL237" fromID="E107" fromText="comfortable" toID="E108" toText="death" type="OVERLAP" />
<TLINK id="TL238" fromID="E108" fromText="death" toID="T10" toText="1/16/98" type="OVERLAP" />
<TLINK id="TL239" fromID="E41" fromText="an extensive estimated blood loss" toID="E44" toText="elevations" type="OVERLAP" />
<TLINK id="TL240" fromID="E11" fromText="an abdominal compartment syndrome" toID="E12" toText="two abdominal procedures" type="OVERLAP" />
<TLINK id="TL241" fromID="E60" fromText="an underlying hypercoagulable state" toID="E62" toText="the bleeding problems" type="OVERLAP" />
<TLINK id="TL242" fromID="E100" fromText="an ischemic bowel" toID="E101" toText="surgical approach" type="BEFORE" />
<TLINK id="TL243" fromID="E8" fromText="high pressures" toID="E12" toText="two abdominal procedures" type="OVERLAP" />
<TLINK id="TL244" fromID="E31" fromText="the operating room" toID="E41" toText="an extensive estimated blood loss" type="OVERLAP" />
<TLINK id="TL245" fromID="E104" fromText="radiologic procedures" toID="E105" toText="agreement" type="BEFORE" />
<TLINK id="TL246" fromID="E62" fromText="the bleeding problems" toID="E102" toText="this problem" type="OVERLAP" />
<TLINK id="TL247" fromID="E30" fromText="extravasating through a posterior duodenum" toID="E31" toText="the operating room" type="BEFORE" />
<TLINK id="TL248" fromID="E61" fromText="the repeated clots" toID="E62" toText="the bleeding problems" type="OVERLAP" />
<TLINK id="TL249" fromID="E12" fromText="two abdominal procedures" toID="E104" toText="radiologic procedures" type="OVERLAP" />
<TLINK id="TL250" fromID="E113" fromText="hemodynamic instability" toID="E114" toText="transferred" type="BEFORE" />
<TLINK id="TL251" fromID="E62" fromText="the bleeding problems" toID="E66" toText="metabolic and electrolyte abnormalities" type="OVERLAP" />
<TLINK id="TL252" fromID="E40" fromText="hypercoagulable state" toID="E60" toText="an underlying hypercoagulable state" type="OVERLAP" />
<TLINK id="TL253" fromID="E59" fromText="his abdominal process" toID="E60" toText="an underlying hypercoagulable state" type="BEFORE" />
<TLINK id="TL254" fromID="E56" fromText="an attempted cadaveric kidney transplant" toID="E109" toText="a transplant nephrectomy" type="OVERLAP" />
<TLINK id="TL255" fromID="E119" fromText="transfer" toID="E124" toText="substantial auto PEEP" type="OVERLAP" />
<TLINK id="TL256" fromID="E57" fromText="appropriate antibiotics" toID="E60" toText="an underlying hypercoagulable state" type="OVERLAP" />
<TLINK id="TL257" fromID="E50" fromText="fluid resuscitation" toID="E81" toText="high volume resuscitation" type="OVERLAP" />
<TLINK id="TL258" fromID="E115" fromText="the Medical Intensive Care Unit" toID="E14" toText="the Medical Intensive Care Unit" type="OVERLAP" />
<TLINK id="TL259" fromID="E72" fromText="additional retroperitoneal fluid" toID="E73" toText="remained" type="BEFORE" />
<TLINK id="TL260" fromID="E118" fromText="hypotension" toID="E119" toText="transfer" type="BEFORE" />
<TLINK id="TL261" fromID="E68" fromText="remain" toID="E73" toText="remained" type="OVERLAP" />
<TLINK id="TL262" fromID="E82" fromText="thrombosis" toID="E4" toText="the renal vein thrombosis" type="OVERLAP" />
<TLINK id="TL263" fromID="E5" fromText="An inferior vena cava filter" toID="E8" toText="high pressures" type="OVERLAP" />
<TLINK id="TL264" fromID="E54" fromText="cardiac tamponade" toID="E57" toText="appropriate antibiotics" type="OVERLAP" />
<TLINK id="TL265" fromID="E21" fromText="a perforated viscus" toID="E25" toText="remained" type="OVERLAP" />
<TLINK id="TL266" fromID="E73" fromText="remained" toID="E76" toText="His course" type="OVERLAP" />
<TLINK id="TL267" fromID="E97" fromText="continued" toID="E101" toText="surgical approach" type="OVERLAP" />
<TLINK id="TL268" fromID="E80" fromText="an ongoing requirement" toID="E86" toText="appeared" type="OVERLAP" />
<TLINK id="TL269" fromID="E110" fromText="The patient &apos;s course" toID="E114" toText="transferred" type="OVERLAP" />
<TLINK id="TL270" fromID="E114" fromText="transferred" toID="E119" toText="transfer" type="OVERLAP" />
<TLINK id="TL271" fromID="E43" fromText="fluid resuscitation therapy" toID="E50" toText="fluid resuscitation" type="OVERLAP" />
<TLINK id="TL272" fromID="E55" fromText="specific underlying coronary dysfunction" toID="E57" toText="appropriate antibiotics" type="BEFORE" />
<SECTIME id="S1" start="44" end="52" text="01/16/98" type="DISCHARGE" dvalue="1998-01-16" />
<SECTIME id="S0" start="18" end="26" text="12/16/97" type="ADMISSION" dvalue="1997-12-16" />
</TAGS>
</ClinicalNarrativeTemporalAnnotation>
