<?xml version="1.0" encoding="UTF-8" ?>
<ClinicalNarrativeTemporalAnnotation>
<TEXT><![CDATA[
Admission Date :
09/07/1992
Discharge Date :
09/12/1992
HISTORY OF PRESENT ILLNESS :
The patient is a 31 year old gravida 0 with stage IV endometrial cancer and stage III-C ovarian cancer vs metastatic endometrial cancer for line 2 , cycle 1 chemotherapy .
The patient presented in 10-90 , with heavy bleeding per vagina .
D and C showed grade II-III adenocarcinoma with squamous differentiation at Wellla Uxinny : mount Medical Center in Com St. , Tton , Arkansas 32167 .
The patient underwent TAH / BSO , partial omentectomy at CTMC in 10-90 .
At that time , tumor was found to be studding on the right diaphragm , gross tumor in the omentum and large bowel , tumor through the uterine serosa .
Pathology showed grade II-III papillary adenocarcinoma of the endometrium with squamous differentiation which was focally invasive and superficial myometrium .
The ovary showed papillary serous adeno with omental involvement consistent with an endometroid adenocarcinoma .
The question was whether or not whether she had two primaries vs metastatic endometrial cancer .
The patient underwent 6 cycles of CAP in Pemrancetul Tonsst ._
However _, during the fourth cycle _, Cytoxan was dropped .
Her CA-125 on 6-27-91 , was 249 and on 8-29-91 , was 734 .
In 05-92 , the patient was admitted to Wellla Uxinny : mount Medical Center with left leg DVT and started on Heparin therapy .
She was discharged from there on Coumadin therapy .
On admission , the patient has no complaints except anxiety .
HOSPITAL COURSE :
The patient underwent chemotherapy on the following doses :
IFEX 1.2 grams per meter squared x 3 days , MESNA 1.2 grams per meter squared x 3 days continuous IV infusion .
She had VP-16 mixed with 250 cc IV fluid given over 1 hour each day for 3 days .
She also had MESNA dose of .6 grams per meter squared after her IFEX / MESNA were completed .
The patient 's urinalysis on admission was significant for red blood cells which were TNTC as well as uric acid .
Because it was felt the patient was bleeding and the patient was contaminated , she received her IFEX / MESNA .
A repeat straight cath was negative for RBC 's .
After 1 day of chemotherapy , the patient had 8-10 RBC 's in her urine but by the second day of her IFEX infusion , she had 50-80 RBC 's in her urine as well as a few transitional epithelial cells .
Because of this finding , her IFEX was stopped before completion of her second day of infusion .
Her MESNA alone was continued at that time for IV infusion .
She did receive her VP-16 without complication .
Other significant issues were the patient 's hematocrit on admission at 31.1 which dwindled down to 26.2 by 9-10 ._
The patient was counselled and received 2 units of packed RBC 's at that time  .
However , the patient 's hematocrit bumped only to 28.1 and a repeat later on 9-11 , showed hematocrit of 27.6 .
At this time , an additional 2 units of packed RBC 's were transfused .
The third issue was that her anticoagulation was grossly out of control on admission with PT of 25.6 and PTT of 42.2 .
Her repeat on 9-8 , was 36.0 / 68.2 and her Coumadin was held .
She received no Coumadin during her admission and by the time of discharge , her PT was down to 16.2 .
She was restarted on Coumadin 2.5 mg per day .
The patient 's hematocrit on the day of discharge was 35.6 showing significant bump in her count after her second two units of packed RBC 's .
Her PT on the day of discharge was 13.2 and she was started on Coumadin 2.5 mg po q d as mentioned .
The patient was discharged on 9-12-92 , with the approval of her attending physiciana , Dr. Porriede Friednantflirt .
FOLLOW UP CARE :
On 9-28-92 , the patient will return for chemotherapy and she will follow up with her primary doctor , Dr. Jescspald , for repeat PT and Coumadin dosing on Monday , 9-14-02 .
]]></TEXT>
<TAGS>
<EVENT id="E18" start="1463" end="1473" text="complaints" modality="FACTUAL" polarity="NEG" type="PROBLEM" />
<EVENT id="E86" start="3395" end="3401" text="Her PT" modality="FACTUAL" polarity="POS" type="TEST" />
<EVENT id="E107" start="708" end="714" text="showed" modality="FACTUAL" polarity="POS" type="EVIDENTIAL" />
<EVENT id="E52" start="2474" end="2485" text="IV infusion" modality="FACTUAL" polarity="POS" type="TREATMENT" />
<EVENT id="E29" start="1844" end="1853" text="completed" modality="FACTUAL" polarity="POS" type="OCCURRENCE" />
<EVENT id="E4" start="1109" end="1127" text="Pemrancetul Tonsst" modality="FACTUAL" polarity="POS" type="CLINICAL_DEPT" />
<EVENT id="E58" start="2669" end="2679" text="counselled" modality="FACTUAL" polarity="POS" type="OCCURRENCE" />
<EVENT id="E30" start="1856" end="1881" text="The patient 's urinalysis" modality="FACTUAL" polarity="POS" type="TEST" />
<EVENT id="E26" start="1713" end="1721" text="IV fluid" modality="FACTUAL" polarity="POS" type="TREATMENT" />
<EVENT id="E55" start="2567" end="2592" text="the patient 's hematocrit" modality="FACTUAL" polarity="POS" type="TEST" />
<EVENT id="E70" start="2994" end="3003" text="admission" modality="FACTUAL" polarity="POS" type="OCCURRENCE" />
<EVENT id="E85" start="339" end="366" text="grade II-III adenocarcinoma" modality="FACTUAL" polarity="POS" type="PROBLEM" />
<EVENT id="E51" start="2447" end="2456" text="continued" modality="FACTUAL" polarity="POS" type="OCCURRENCE" />
<EVENT id="E80" start="324" end="331" text="D and C" modality="FACTUAL" polarity="POS" type="TEST" />
<EVENT id="E84" start="3379" end="3389" text="packed RBC" modality="FACTUAL" polarity="POS" type="TREATMENT" />
<EVENT id="E47" start="2356" end="2364" text="her IFEX" modality="FACTUAL" polarity="POS" type="TREATMENT" />
<EVENT id="E27" start="1775" end="1780" text="MESNA" modality="FACTUAL" polarity="POS" type="TREATMENT" />
<EVENT id="E87" start="3458" end="3466" text="Coumadin" modality="FACTUAL" polarity="POS" type="TREATMENT" />
<EVENT id="E33" start="1915" end="1930" text="red blood cells" modality="FACTUAL" polarity="POS" type="PROBLEM" />
<EVENT id="E106" start="698" end="707" text="Pathology" modality="FACTUAL" polarity="POS" type="TEST" />
<EVENT id="E71" start="3009" end="3011" text="PT" modality="FACTUAL" polarity="POS" type="TEST" />
<EVENT id="E96" start="400" end="436" text="Wellla Uxinny : mount Medical Center" modality="FACTUAL" polarity="POS" type="CLINICAL_DEPT" />
<EVENT id="E37" start="2063" end="2071" text="her IFEX" modality="FACTUAL" polarity="POS" type="TREATMENT" />
<EVENT id="E5" start="1149" end="1165" text="the fourth cycle" modality="FACTUAL" polarity="POS" type="TREATMENT" />
<EVENT id="E92" start="372" end="396" text="squamous differentiation" modality="FACTUAL" polarity="POS" type="PROBLEM" />
<EVENT id="E34" start="1958" end="1967" text="uric acid" modality="FACTUAL" polarity="POS" type="TEST" />
<EVENT id="E13" start="1348" end="1355" text="started" modality="FACTUAL" polarity="POS" type="OCCURRENCE" />
<EVENT id="E14" start="1359" end="1374" text="Heparin therapy" modality="FACTUAL" polarity="POS" type="TREATMENT" />
<EVENT id="E94" start="3754" end="3763" text="repeat PT" modality="PROPOSED" polarity="POS" type="TEST" />
<EVENT id="E40" start="2122" end="2128" text="RBC 's" modality="FACTUAL" polarity="POS" type="PROBLEM" />
<EVENT id="E62" start="2794" end="2802" text="a repeat" modality="FACTUAL" polarity="POS" type="TEST" />
<EVENT id="E16" start="1410" end="1426" text="Coumadin therapy" modality="FACTUAL" polarity="POS" type="TREATMENT" />
<EVENT id="E53" start="2504" end="2513" text="her VP-16" modality="FACTUAL" polarity="POS" type="TREATMENT" />
<EVENT id="E68" start="296" end="321" text="heavy bleeding per vagina" modality="FACTUAL" polarity="POS" type="PROBLEM" />
<EVENT id="E12" start="1331" end="1343" text="left leg DVT" modality="FACTUAL" polarity="POS" type="PROBLEM" />
<EVENT id="E10" start="1289" end="1325" text="Wellla Uxinny : mount Medical Center" modality="FACTUAL" polarity="POS" type="CLINICAL_DEPT" />
<EVENT id="E25" start="1689" end="1694" text="VP-16" modality="FACTUAL" polarity="POS" type="TREATMENT" />
<EVENT id="E17" start="1432" end="1441" text="admission" modality="FACTUAL" polarity="POS" type="OCCURRENCE" />
<EVENT id="E39" start="2082" end="2104" text="A repeat straight cath" modality="FACTUAL" polarity="POS" type="TEST" />
<EVENT id="E76" start="3118" end="3126" text="Coumadin" modality="FACTUAL" polarity="NEG" type="TREATMENT" />
<EVENT id="E8" start="1191" end="1201" text="Her CA-125" modality="FACTUAL" polarity="POS" type="TEST" />
<EVENT id="E21" start="1569" end="1573" text="IFEX" modality="FACTUAL" polarity="POS" type="TREATMENT" />
<EVENT id="E49" start="2416" end="2424" text="infusion" modality="FACTUAL" polarity="POS" type="TREATMENT" />
<EVENT id="E98" start="502" end="505" text="BSO" modality="FACTUAL" polarity="POS" type="TREATMENT" />
<EVENT id="E97" start="496" end="499" text="TAH" modality="FACTUAL" polarity="POS" type="TREATMENT" />
<EVENT id="E64" start="2887" end="2897" text="packed RBC" modality="FACTUAL" polarity="POS" type="TREATMENT" />
<EVENT id="E24" start="1656" end="1678" text="continuous IV infusion" modality="FACTUAL" polarity="POS" type="TREATMENT" />
<EVENT id="E23" start="1613" end="1618" text="MESNA" modality="FACTUAL" polarity="POS" type="TREATMENT" />
<EVENT id="E88" start="3512" end="3522" text="discharged" modality="FACTUAL" polarity="POS" type="OCCURRENCE" />
<EVENT id="E65" start="29" end="38" text="Discharge" modality="FACTUAL" polarity="POS" type="OCCURRENCE" />
<EVENT id="E101" start="562" end="567" text="tumor" modality="FACTUAL" polarity="POS" type="PROBLEM" />
<EVENT id="E31" start="1885" end="1894" text="admission" modality="FACTUAL" polarity="POS" type="OCCURRENCE" />
<EVENT id="E113" start="875" end="897" text="papillary serous adeno" modality="FACTUAL" polarity="POS" type="PROBLEM" />
<EVENT id="E114" start="903" end="922" text="omental involvement" modality="FACTUAL" polarity="POS" type="PROBLEM" />
<EVENT id="E45" start="2292" end="2327" text="a few transitional epithelial cells" modality="FACTUAL" polarity="POS" type="PROBLEM" />
<EVENT id="E103" start="584" end="615" text="studding on the right diaphragm" modality="FACTUAL" polarity="POS" type="PROBLEM" />
<EVENT id="E83" start="332" end="338" text="showed" modality="FACTUAL" polarity="POS" type="EVIDENTIAL" />
<EVENT id="E15" start="1385" end="1395" text="discharged" modality="FACTUAL" polarity="POS" type="OCCURRENCE" />
<EVENT id="E54" start="2522" end="2534" text="complication" modality="FACTUAL" polarity="NEG" type="PROBLEM" />
<EVENT id="E95" start="3768" end="3783" text="Coumadin dosing" modality="PROPOSED" polarity="POS" type="TREATMENT" />
<EVENT id="E105" start="663" end="695" text="tumor through the uterine serosa" modality="FACTUAL" polarity="POS" type="PROBLEM" />
<EVENT id="E102" start="572" end="577" text="found" modality="FACTUAL" polarity="POS" type="EVIDENTIAL" />
<EVENT id="E111" start="833" end="855" text="superficial myometrium" modality="FACTUAL" polarity="POS" type="PROBLEM" />
<EVENT id="E20" start="1531" end="1543" text="chemotherapy" modality="FACTUAL" polarity="POS" type="TREATMENT" />
<EVENT id="E1" start="1019" end="1032" text="two primaries" modality="POSSIBLE" polarity="POS" type="PROBLEM" />
<EVENT id="E99" start="508" end="527" text="partial omentectomy" modality="FACTUAL" polarity="POS" type="TREATMENT" />
<EVENT id="E44" start="2255" end="2280" text="50-80 RBC 's in her urine" modality="FACTUAL" polarity="POS" type="PROBLEM" />
<EVENT id="E2" start="1036" end="1065" text="metastatic endometrial cancer" modality="POSSIBLE" polarity="POS" type="PROBLEM" />
<EVENT id="E56" start="2596" end="2605" text="admission" modality="FACTUAL" polarity="POS" type="OCCURRENCE" />
<EVENT id="E46" start="235" end="255" text="cycle 1 chemotherapy" modality="FACTUAL" polarity="POS" type="TREATMENT" />
<EVENT id="E7" start="1169" end="1176" text="Cytoxan" modality="FACTUAL" polarity="POS" type="TREATMENT" />
<EVENT id="E50" start="2427" end="2436" text="Her MESNA" modality="FACTUAL" polarity="POS" type="TREATMENT" />
<EVENT id="E36" start="2035" end="2047" text="contaminated" modality="POSSIBLE" polarity="POS" type="PROBLEM" />
<EVENT id="E78" start="3179" end="3185" text="her PT" modality="FACTUAL" polarity="POS" type="TEST" />
<EVENT id="E48" start="2369" end="2376" text="stopped" modality="FACTUAL" polarity="POS" type="OCCURRENCE" />
<EVENT id="E109" start="777" end="801" text="squamous differentiation" modality="FACTUAL" polarity="POS" type="PROBLEM" />
<EVENT id="E93" start="3713" end="3731" text="her primary doctor" modality="FACTUAL" polarity="POS" type="CLINICAL_DEPT" />
<EVENT id="E75" start="3095" end="3099" text="held" modality="FACTUAL" polarity="POS" type="OCCURRENCE" />
<EVENT id="E90" start="3672" end="3684" text="chemotherapy" modality="PROPOSED" polarity="POS" type="TREATMENT" />
<EVENT id="E69" start="2968" end="2990" text="grossly out of control" modality="FACTUAL" polarity="POS" type="PROBLEM" />
<EVENT id="E0" start="1" end="10" text="Admission" modality="FACTUAL" polarity="POS" type="OCCURRENCE" />
<EVENT id="E19" start="1481" end="1488" text="anxiety" modality="FACTUAL" polarity="POS" type="PROBLEM" />
<EVENT id="E79" start="3226" end="3234" text="Coumadin" modality="FACTUAL" polarity="POS" type="TREATMENT" />
<EVENT id="E43" start="2227" end="2244" text="her IFEX infusion" modality="FACTUAL" polarity="POS" type="TREATMENT" />
<EVENT id="E41" start="2146" end="2158" text="chemotherapy" modality="FACTUAL" polarity="POS" type="TREATMENT" />
<EVENT id="E22" start="162" end="188" text="stage III-C ovarian cancer" modality="POSSIBLE" polarity="POS" type="PROBLEM" />
<EVENT id="E9" start="1277" end="1285" text="admitted" modality="FACTUAL" polarity="POS" type="OCCURRENCE" />
<EVENT id="E11" start="130" end="157" text="stage IV endometrial cancer" modality="FACTUAL" polarity="POS" type="PROBLEM" />
<EVENT id="E66" start="2906" end="2916" text="transfused" modality="FACTUAL" polarity="POS" type="TREATMENT" />
<EVENT id="E32" start="192" end="221" text="metastatic endometrial cancer" modality="POSSIBLE" polarity="POS" type="PROBLEM" />
<EVENT id="E110" start="812" end="828" text="focally invasive" modality="FACTUAL" polarity="POS" type="PROBLEM" />
<EVENT id="E3" start="1102" end="1105" text="CAP" modality="FACTUAL" polarity="POS" type="TREATMENT" />
<EVENT id="E60" start="2704" end="2714" text="packed RBC" modality="FACTUAL" polarity="POS" type="TREATMENT" />
<EVENT id="E28" start="1822" end="1830" text="her IFEX" modality="FACTUAL" polarity="POS" type="TREATMENT" />
<EVENT id="E63" start="2826" end="2836" text="hematocrit" modality="FACTUAL" polarity="POS" type="TEST" />
<EVENT id="E104" start="618" end="660" text="gross tumor in the omentum and large bowel" modality="FACTUAL" polarity="POS" type="PROBLEM" />
<EVENT id="E108" start="715" end="771" text="grade II-III papillary adenocarcinoma of the endometrium" modality="FACTUAL" polarity="POS" type="PROBLEM" />
<EVENT id="E6" start="115" end="124" text="gravida 0" modality="FACTUAL" polarity="POS" type="OCCURRENCE" />
<EVENT id="E89" start="3557" end="3581" text="her attending physiciana" modality="FACTUAL" polarity="POS" type="CLINICAL_DEPT" />
<EVENT id="E74" start="3078" end="3090" text="her Coumadin" modality="FACTUAL" polarity="POS" type="TREATMENT" />
<EVENT id="E77" start="3134" end="3147" text="her admission" modality="FACTUAL" polarity="POS" type="OCCURRENCE" />
<EVENT id="E35" start="2006" end="2014" text="bleeding" modality="POSSIBLE" polarity="POS" type="PROBLEM" />
<EVENT id="E42" start="2177" end="2201" text="8-10 RBC 's in her urine" modality="FACTUAL" polarity="POS" type="PROBLEM" />
<EVENT id="E115" start="939" end="968" text="an endometroid adenocarcinoma" modality="FACTUAL" polarity="POS" type="PROBLEM" />
<EVENT id="E82" start="3319" end="3335" text="significant bump" modality="FACTUAL" polarity="POS" type="OCCURRENCE" />
<EVENT id="E61" start="2744" end="2769" text="the patient 's hematocrit" modality="FACTUAL" polarity="POS" type="TEST" />
<EVENT id="E112" start="868" end="874" text="showed" modality="FACTUAL" polarity="POS" type="EVIDENTIAL" />
<EVENT id="E91" start="3698" end="3707" text="follow up" modality="PROPOSED" polarity="POS" type="OCCURRENCE" />
<EVENT id="E100" start="531" end="535" text="CTMC" modality="FACTUAL" polarity="POS" type="CLINICAL_DEPT" />
<EVENT id="E57" start="2620" end="2633" text="dwindled down" modality="FACTUAL" polarity="POS" type="OCCURRENCE" />
<EVENT id="E38" start="2074" end="2079" text="MESNA" modality="FACTUAL" polarity="POS" type="TREATMENT" />
<EVENT id="E59" start="270" end="279" text="presented" modality="FACTUAL" polarity="POS" type="OCCURRENCE" />
<EVENT id="E81" start="3252" end="3277" text="The patient 's hematocrit" modality="FACTUAL" polarity="POS" type="TEST" />
<EVENT id="E73" start="3038" end="3048" text="Her repeat" modality="FACTUAL" polarity="POS" type="TEST" />
<EVENT id="E72" start="3024" end="3027" text="PTT" modality="FACTUAL" polarity="POS" type="TEST" />
<EVENT id="E67" start="2944" end="2963" text="her anticoagulation" modality="FACTUAL" polarity="POS" type="TREATMENT" />
<TIMEX3 id="T16" start="3242" end="3249" text="per day" type="FREQUENCY" val="RPT24H" mod="NA" />
<TIMEX3 id="T7" start="18" end="28" text="09/07/1992" type="DATE" val="1992-09-07" mod="NA" />
<TIMEX3 id="T0" start="1205" end="1212" text="6-27-91" type="DATE" val="1991-06-27" mod="NA" />
<TIMEX3 id="T15" start="3155" end="3176" text="the time of discharge" type="DATE" val="1992-09-12" mod="NA" />
<TIMEX3 id="T6" start="1740" end="1761" text="each day for 3 days ." type="FREQUENCY" val="R3P1D" mod="NA" />
<TIMEX3 id="T3" start="1604" end="1610" text="3 days" type="DURATION" val="P3D" mod="NA" />
<TIMEX3 id="T22" start="3787" end="3803" text="Monday , 9-14-02" type="DATE" val="1992-09-14" mod="NA" />
<TIMEX3 id="T8" start="2137" end="2142" text="1 day" type="DURATION" val="P1D" mod="NA" />
<TIMEX3 id="T10" start="2398" end="2412" text="her second day" type="DATE" val="1992-09-08" mod="NA" />
<TIMEX3 id="T24" start="539" end="544" text="10-90" type="DATE" val="1990-10" mod="NA" />
<TIMEX3 id="T2" start="1253" end="1258" text="05-92" type="DATE" val="1992-05" mod="NA" />
<TIMEX3 id="T19" start="3477" end="3480" text="q d" type="FREQUENCY" val="RPT24H" mod="NA" />
<TIMEX3 id="T12" start="2812" end="2816" text="9-11" type="DATE" val="1992-09-11" mod="NA" />
<TIMEX3 id="T21" start="3634" end="3641" text="9-28-92" type="DATE" val="1992-09-28" mod="NA" />
<TIMEX3 id="T1" start="1230" end="1237" text="8-29-91" type="DATE" val="1991-08-29" mod="NA" />
<TIMEX3 id="T13" start="283" end="288" text="10-90" type="DATE" val="1990-10" mod="NA" />
<TIMEX3 id="T11" start="2645" end="2649" text="9-10" type="DATE" val="1992-09-10" mod="NA" />
<TIMEX3 id="T14" start="3052" end="3055" text="9-8" type="DATE" val="1992-09-08" mod="NA" />
<TIMEX3 id="T20" start="3526" end="3533" text="9-12-92" type="DATE" val="1992-09-12" mod="NA" />
<TIMEX3 id="T9" start="2209" end="2223" text="the second day" type="DATE" val="1992-09-08" mod="NA" />
<TIMEX3 id="T4" start="1649" end="1655" text="3 days" type="DURATION" val="P3D" mod="NA" />
<TIMEX3 id="T18" start="3405" end="3425" text="the day of discharge" type="DATE" val="1992-09-12" mod="NA" />
<TIMEX3 id="T23" start="46" end="56" text="09/12/1992" type="DATE" val="1992-09-12" mod="NA" />
<TIMEX3 id="T17" start="3281" end="3301" text="the day of discharge" type="DATE" val="1992-09-12" mod="NA" />
<TIMEX3 id="T5" start="1733" end="1739" text="1 hour" type="DURATION" val="PT1H" mod="MORE" />
<TLINK id="TL0" fromID="E0" fromText="Admission" toID="T7" toText="09/07/1992" type="OVERLAP" />
<TLINK id="TL1" fromID="E1" fromText="two primaries" toID="T7" toText="09/07/1992" type="BEFORE" />
<TLINK id="TL2" fromID="E2" fromText="metastatic endometrial cancer" toID="T7" toText="09/07/1992" type="BEFORE" />
<TLINK id="TL3" fromID="E3" fromText="CAP" toID="T7" toText="09/07/1992" type="BEFORE" />
<TLINK id="TL4" fromID="E4" fromText="Pemrancetul Tonsst" toID="T7" toText="09/07/1992" type="BEFORE" />
<TLINK id="TL5" fromID="E5" fromText="the fourth cycle" toID="T7" toText="09/07/1992" type="BEFORE" />
<TLINK id="TL6" fromID="E6" fromText="gravida 0" toID="T7" toText="09/07/1992" type="BEFORE" />
<TLINK id="TL7" fromID="E7" fromText="Cytoxan" toID="T7" toText="09/07/1992" type="BEFORE" />
<TLINK id="TL8" fromID="E8" fromText="Her CA-125" toID="T7" toText="09/07/1992" type="BEFORE" />
<TLINK id="TL9" fromID="E9" fromText="admitted" toID="T7" toText="09/07/1992" type="BEFORE" />
<TLINK id="TL10" fromID="E10" fromText="Wellla Uxinny : mount Medical Center" toID="T7" toText="09/07/1992" type="BEFORE" />
<TLINK id="TL11" fromID="E11" fromText="stage IV endometrial cancer" toID="T7" toText="09/07/1992" type="BEFORE" />
<TLINK id="TL12" fromID="E12" fromText="left leg DVT" toID="T7" toText="09/07/1992" type="BEFORE" />
<TLINK id="TL13" fromID="E13" fromText="started" toID="T7" toText="09/07/1992" type="BEFORE" />
<TLINK id="TL14" fromID="E14" fromText="Heparin therapy" toID="T7" toText="09/07/1992" type="BEFORE" />
<TLINK id="TL15" fromID="E15" fromText="discharged" toID="T7" toText="09/07/1992" type="OVERLAP" />
<TLINK id="TL16" fromID="E16" fromText="Coumadin therapy" toID="T7" toText="09/07/1992" type="BEFORE" />
<TLINK id="TL17" fromID="E17" fromText="admission" toID="T7" toText="09/07/1992" type="OVERLAP" />
<TLINK id="TL18" fromID="E18" fromText="complaints" toID="T7" toText="09/07/1992" type="BEFORE" />
<TLINK id="TL19" fromID="E19" fromText="anxiety" toID="T7" toText="09/07/1992" type="BEFORE" />
<TLINK id="TL20" fromID="E20" fromText="chemotherapy" toID="T23" toText="09/12/1992" type="BEFORE" />
<TLINK id="TL21" fromID="E21" fromText="IFEX" toID="T23" toText="09/12/1992" type="BEFORE" />
<TLINK id="TL22" fromID="E22" fromText="stage III-C ovarian cancer" toID="T7" toText="09/07/1992" type="BEFORE" />
<TLINK id="TL23" fromID="E23" fromText="MESNA" toID="T23" toText="09/12/1992" type="BEFORE" />
<TLINK id="TL24" fromID="E24" fromText="continuous IV infusion" toID="T23" toText="09/12/1992" type="BEFORE" />
<TLINK id="TL25" fromID="E25" fromText="VP-16" toID="T23" toText="09/12/1992" type="BEFORE" />
<TLINK id="TL26" fromID="E26" fromText="IV fluid" toID="T23" toText="09/12/1992" type="BEFORE" />
<TLINK id="TL27" fromID="E27" fromText="MESNA" toID="T23" toText="09/12/1992" type="BEFORE" />
<TLINK id="TL28" fromID="E28" fromText="her IFEX" toID="T23" toText="09/12/1992" type="BEFORE" />
<TLINK id="TL29" fromID="E29" fromText="completed" toID="T23" toText="09/12/1992" type="BEFORE" />
<TLINK id="TL30" fromID="E30" fromText="The patient 's urinalysis" toID="T23" toText="09/12/1992" type="BEFORE" />
<TLINK id="TL31" fromID="E31" fromText="admission" toID="T23" toText="09/12/1992" type="BEFORE" />
<TLINK id="TL32" fromID="E32" fromText="metastatic endometrial cancer" toID="T7" toText="09/07/1992" type="BEFORE" />
<TLINK id="TL33" fromID="E33" fromText="red blood cells" toID="T23" toText="09/12/1992" type="BEFORE" />
<TLINK id="TL34" fromID="E34" fromText="uric acid" toID="T23" toText="09/12/1992" type="BEFORE" />
<TLINK id="TL35" fromID="E35" fromText="bleeding" toID="T23" toText="09/12/1992" type="BEFORE" />
<TLINK id="TL36" fromID="E36" fromText="contaminated" toID="T23" toText="09/12/1992" type="BEFORE" />
<TLINK id="TL37" fromID="E37" fromText="her IFEX" toID="T23" toText="09/12/1992" type="BEFORE" />
<TLINK id="TL38" fromID="E38" fromText="MESNA" toID="T23" toText="09/12/1992" type="BEFORE" />
<TLINK id="TL39" fromID="E39" fromText="A repeat straight cath" toID="T23" toText="09/12/1992" type="BEFORE" />
<TLINK id="TL40" fromID="E40" fromText="RBC 's" toID="T23" toText="09/12/1992" type="BEFORE" />
<TLINK id="TL41" fromID="E41" fromText="chemotherapy" toID="T23" toText="09/12/1992" type="BEFORE" />
<TLINK id="TL42" fromID="E42" fromText="8-10 RBC 's in her urine" toID="T23" toText="09/12/1992" type="BEFORE" />
<TLINK id="TL43" fromID="E43" fromText="her IFEX infusion" toID="T23" toText="09/12/1992" type="BEFORE" />
<TLINK id="TL44" fromID="E44" fromText="50-80 RBC 's in her urine" toID="T23" toText="09/12/1992" type="BEFORE" />
<TLINK id="TL45" fromID="E45" fromText="a few transitional epithelial cells" toID="T23" toText="09/12/1992" type="BEFORE" />
<TLINK id="TL46" fromID="E46" fromText="cycle 1 chemotherapy" toID="T7" toText="09/07/1992" type="BEFORE" />
<TLINK id="TL47" fromID="E47" fromText="her IFEX" toID="T23" toText="09/12/1992" type="BEFORE" />
<TLINK id="TL48" fromID="E48" fromText="stopped" toID="T23" toText="09/12/1992" type="BEFORE" />
<TLINK id="TL49" fromID="E49" fromText="infusion" toID="T23" toText="09/12/1992" type="BEFORE" />
<TLINK id="TL50" fromID="E50" fromText="Her MESNA" toID="T23" toText="09/12/1992" type="BEFORE" />
<TLINK id="TL51" fromID="E51" fromText="continued" toID="T23" toText="09/12/1992" type="BEFORE" />
<TLINK id="TL52" fromID="E52" fromText="IV infusion" toID="T23" toText="09/12/1992" type="BEFORE" />
<TLINK id="TL53" fromID="E53" fromText="her VP-16" toID="T23" toText="09/12/1992" type="BEFORE" />
<TLINK id="TL54" fromID="E54" fromText="complication" toID="T23" toText="09/12/1992" type="BEFORE" />
<TLINK id="TL55" fromID="E55" fromText="the patient 's hematocrit" toID="T23" toText="09/12/1992" type="BEFORE" />
<TLINK id="TL56" fromID="E56" fromText="admission" toID="T23" toText="09/12/1992" type="BEFORE" />
<TLINK id="TL57" fromID="E57" fromText="dwindled down" toID="T23" toText="09/12/1992" type="BEFORE" />
<TLINK id="TL58" fromID="E58" fromText="counselled" toID="T23" toText="09/12/1992" type="BEFORE" />
<TLINK id="TL59" fromID="E59" fromText="presented" toID="T7" toText="09/07/1992" type="BEFORE" />
<TLINK id="TL60" fromID="E60" fromText="packed RBC" toID="T23" toText="09/12/1992" type="BEFORE" />
<TLINK id="TL61" fromID="E61" fromText="the patient 's hematocrit" toID="T23" toText="09/12/1992" type="BEFORE" />
<TLINK id="TL62" fromID="E62" fromText="a repeat" toID="T23" toText="09/12/1992" type="BEFORE" />
<TLINK id="TL63" fromID="E63" fromText="hematocrit" toID="T23" toText="09/12/1992" type="BEFORE" />
<TLINK id="TL64" fromID="E64" fromText="packed RBC" toID="T23" toText="09/12/1992" type="BEFORE" />
<TLINK id="TL65" fromID="E65" fromText="Discharge" toID="T23" toText="09/12/1992" type="OVERLAP" />
<TLINK id="TL66" fromID="E66" fromText="transfused" toID="T23" toText="09/12/1992" type="BEFORE" />
<TLINK id="TL67" fromID="E67" fromText="her anticoagulation" toID="T23" toText="09/12/1992" type="BEFORE" />
<TLINK id="TL68" fromID="E68" fromText="heavy bleeding per vagina" toID="T7" toText="09/07/1992" type="BEFORE" />
<TLINK id="TL69" fromID="E69" fromText="grossly out of control" toID="T23" toText="09/12/1992" type="BEFORE" />
<TLINK id="TL70" fromID="E70" fromText="admission" toID="T23" toText="09/12/1992" type="BEFORE" />
<TLINK id="TL71" fromID="E71" fromText="PT" toID="T23" toText="09/12/1992" type="BEFORE" />
<TLINK id="TL72" fromID="E72" fromText="PTT" toID="T23" toText="09/12/1992" type="BEFORE" />
<TLINK id="TL73" fromID="E73" fromText="Her repeat" toID="T23" toText="09/12/1992" type="BEFORE" />
<TLINK id="TL74" fromID="E74" fromText="her Coumadin" toID="T23" toText="09/12/1992" type="BEFORE" />
<TLINK id="TL75" fromID="E75" fromText="held" toID="T23" toText="09/12/1992" type="BEFORE" />
<TLINK id="TL76" fromID="E76" fromText="Coumadin" toID="T23" toText="09/12/1992" type="BEFORE" />
<TLINK id="TL77" fromID="E77" fromText="her admission" toID="T23" toText="09/12/1992" type="BEFORE" />
<TLINK id="TL78" fromID="E78" fromText="her PT" toID="T23" toText="09/12/1992" type="BEFORE" />
<TLINK id="TL79" fromID="E79" fromText="Coumadin" toID="T23" toText="09/12/1992" type="BEFORE" />
<TLINK id="TL80" fromID="E80" fromText="D and C" toID="T7" toText="09/07/1992" type="BEFORE" />
<TLINK id="TL81" fromID="E81" fromText="The patient 's hematocrit" toID="T23" toText="09/12/1992" type="BEFORE" />
<TLINK id="TL82" fromID="E82" fromText="significant bump" toID="T23" toText="09/12/1992" type="BEFORE" />
<TLINK id="TL83" fromID="E83" fromText="showed" toID="T7" toText="09/07/1992" type="BEFORE" />
<TLINK id="TL84" fromID="E84" fromText="packed RBC" toID="T23" toText="09/12/1992" type="BEFORE" />
<TLINK id="TL85" fromID="E85" fromText="grade II-III adenocarcinoma" toID="T7" toText="09/07/1992" type="BEFORE" />
<TLINK id="TL86" fromID="E86" fromText="Her PT" toID="T23" toText="09/12/1992" type="BEFORE" />
<TLINK id="TL87" fromID="E87" fromText="Coumadin" toID="T23" toText="09/12/1992" type="BEFORE" />
<TLINK id="TL88" fromID="E88" fromText="discharged" toID="T23" toText="09/12/1992" type="OVERLAP" />
<TLINK id="TL89" fromID="E89" fromText="her attending physiciana" toID="T23" toText="09/12/1992" type="BEFORE" />
<TLINK id="TL90" fromID="E90" fromText="chemotherapy" toID="T23" toText="09/12/1992" type="AFTER" />
<TLINK id="TL91" fromID="E91" fromText="follow up" toID="T23" toText="09/12/1992" type="AFTER" />
<TLINK id="TL92" fromID="E92" fromText="squamous differentiation" toID="T7" toText="09/07/1992" type="BEFORE" />
<TLINK id="TL93" fromID="E93" fromText="her primary doctor" toID="T23" toText="09/12/1992" type="AFTER" />
<TLINK id="TL94" fromID="E94" fromText="repeat PT" toID="T23" toText="09/12/1992" type="AFTER" />
<TLINK id="TL95" fromID="E95" fromText="Coumadin dosing" toID="T23" toText="09/12/1992" type="AFTER" />
<TLINK id="TL96" fromID="E96" fromText="Wellla Uxinny : mount Medical Center" toID="T7" toText="09/07/1992" type="BEFORE" />
<TLINK id="TL97" fromID="E97" fromText="TAH" toID="T7" toText="09/07/1992" type="BEFORE" />
<TLINK id="TL98" fromID="E98" fromText="BSO" toID="T7" toText="09/07/1992" type="BEFORE" />
<TLINK id="TL99" fromID="E99" fromText="partial omentectomy" toID="T7" toText="09/07/1992" type="BEFORE" />
<TLINK id="TL100" fromID="E100" fromText="CTMC" toID="T7" toText="09/07/1992" type="BEFORE" />
<TLINK id="TL101" fromID="E101" fromText="tumor" toID="T7" toText="09/07/1992" type="BEFORE" />
<TLINK id="TL102" fromID="E102" fromText="found" toID="T7" toText="09/07/1992" type="BEFORE" />
<TLINK id="TL103" fromID="E103" fromText="studding on the right diaphragm" toID="T7" toText="09/07/1992" type="BEFORE" />
<TLINK id="TL104" fromID="E104" fromText="gross tumor in the omentum and large bowel" toID="T7" toText="09/07/1992" type="BEFORE" />
<TLINK id="TL105" fromID="E105" fromText="tumor through the uterine serosa" toID="T7" toText="09/07/1992" type="BEFORE" />
<TLINK id="TL106" fromID="E106" fromText="Pathology" toID="T7" toText="09/07/1992" type="BEFORE" />
<TLINK id="TL107" fromID="E107" fromText="showed" toID="T7" toText="09/07/1992" type="BEFORE" />
<TLINK id="TL108" fromID="E108" fromText="grade II-III papillary adenocarcinoma of the endometrium" toID="T7" toText="09/07/1992" type="BEFORE" />
<TLINK id="TL109" fromID="E109" fromText="squamous differentiation" toID="T7" toText="09/07/1992" type="BEFORE" />
<TLINK id="TL110" fromID="E110" fromText="focally invasive" toID="T7" toText="09/07/1992" type="BEFORE" />
<TLINK id="TL111" fromID="E111" fromText="superficial myometrium" toID="T7" toText="09/07/1992" type="BEFORE" />
<TLINK id="TL112" fromID="E112" fromText="showed" toID="T7" toText="09/07/1992" type="BEFORE" />
<TLINK id="TL113" fromID="E113" fromText="papillary serous adeno" toID="T7" toText="09/07/1992" type="BEFORE" />
<TLINK id="TL114" fromID="E114" fromText="omental involvement" toID="T7" toText="09/07/1992" type="BEFORE" />
<TLINK id="TL115" fromID="E115" fromText="an endometroid adenocarcinoma" toID="T7" toText="09/07/1992" type="BEFORE" />
<TLINK id="TL116" fromID="E6" fromText="gravida 0" toID="E11" toText="stage IV endometrial cancer" type="OVERLAP" />
<TLINK id="TL117" fromID="E11" fromText="stage IV endometrial cancer" toID="E22" toText="stage III-C ovarian cancer" type="OVERLAP" />
<TLINK id="TL118" fromID="E22" fromText="stage III-C ovarian cancer" toID="E32" toText="metastatic endometrial cancer" type="OVERLAP" />
<TLINK id="TL119" fromID="E32" fromText="metastatic endometrial cancer" toID="E46" toText="cycle 1 chemotherapy" type="OVERLAP" />
<TLINK id="TL120" fromID="E59" fromText="presented" toID="T13" toText="10-90" type="OVERLAP" />
<TLINK id="TL121" fromID="E59" fromText="presented" toID="E68" toText="heavy bleeding per vagina" type="AFTER" />
<TLINK id="TL122" fromID="T13" fromText="10-90" toID="E68" toText="heavy bleeding per vagina" type="OVERLAP" />
<TLINK id="TL123" fromID="E80" fromText="D and C" toID="E83" toText="showed" type="OVERLAP" />
<TLINK id="TL124" fromID="E83" fromText="showed" toID="E85" toText="grade II-III adenocarcinoma" type="AFTER" />
<TLINK id="TL125" fromID="E83" fromText="showed" toID="E96" toText="Wellla Uxinny : mount Medical Center" type="OVERLAP" />
<TLINK id="TL126" fromID="E85" fromText="grade II-III adenocarcinoma" toID="E92" toText="squamous differentiation" type="OVERLAP" />
<TLINK id="TL127" fromID="E92" fromText="squamous differentiation" toID="E96" toText="Wellla Uxinny : mount Medical Center" type="BEFORE" />
<TLINK id="TL128" fromID="E97" fromText="TAH" toID="E98" toText="BSO" type="OVERLAP" />
<TLINK id="TL129" fromID="E98" fromText="BSO" toID="E99" toText="partial omentectomy" type="OVERLAP" />
<TLINK id="TL130" fromID="E99" fromText="partial omentectomy" toID="E100" toText="CTMC" type="OVERLAP" />
<TLINK id="TL131" fromID="E100" fromText="CTMC" toID="T24" toText="10-90" type="OVERLAP" />
<TLINK id="TL132" fromID="E101" fromText="tumor" toID="E102" toText="found" type="BEFORE" />
<TLINK id="TL133" fromID="E102" fromText="found" toID="E103" toText="studding on the right diaphragm" type="AFTER" />
<TLINK id="TL134" fromID="E103" fromText="studding on the right diaphragm" toID="E104" toText="gross tumor in the omentum and large bowel" type="OVERLAP" />
<TLINK id="TL135" fromID="E103" fromText="studding on the right diaphragm" toID="E105" toText="tumor through the uterine serosa" type="OVERLAP" />
<TLINK id="TL136" fromID="E104" fromText="gross tumor in the omentum and large bowel" toID="E105" toText="tumor through the uterine serosa" type="OVERLAP" />
<TLINK id="TL137" fromID="E106" fromText="Pathology" toID="E107" toText="showed" type="OVERLAP" />
<TLINK id="TL138" fromID="E107" fromText="showed" toID="E108" toText="grade II-III papillary adenocarcinoma of the endometrium" type="AFTER" />
<TLINK id="TL139" fromID="E108" fromText="grade II-III papillary adenocarcinoma of the endometrium" toID="E109" toText="squamous differentiation" type="OVERLAP" />
<TLINK id="TL140" fromID="E108" fromText="grade II-III papillary adenocarcinoma of the endometrium" toID="E111" toText="superficial myometrium" type="OVERLAP" />
<TLINK id="TL141" fromID="E109" fromText="squamous differentiation" toID="E110" toText="focally invasive" type="OVERLAP" />
<TLINK id="TL142" fromID="E110" fromText="focally invasive" toID="E111" toText="superficial myometrium" type="OVERLAP" />
<TLINK id="TL143" fromID="E112" fromText="showed" toID="E113" toText="papillary serous adeno" type="AFTER" />
<TLINK id="TL144" fromID="E112" fromText="showed" toID="E114" toText="omental involvement" type="AFTER" />
<TLINK id="TL145" fromID="E113" fromText="papillary serous adeno" toID="E114" toText="omental involvement" type="OVERLAP" />
<TLINK id="TL146" fromID="E114" fromText="omental involvement" toID="E115" toText="an endometroid adenocarcinoma" type="OVERLAP" />
<TLINK id="TL147" fromID="E1" fromText="two primaries" toID="E2" toText="metastatic endometrial cancer" type="OVERLAP" />
<TLINK id="TL148" fromID="E3" fromText="CAP" toID="E4" toText="Pemrancetul Tonsst" type="OVERLAP" />
<TLINK id="TL149" fromID="E5" fromText="the fourth cycle" toID="E7" toText="Cytoxan" type="OVERLAP" />
<TLINK id="TL150" fromID="E8" fromText="Her CA-125" toID="T0" toText="6-27-91" type="OVERLAP" />
<TLINK id="TL151" fromID="T2" fromText="05-92" toID="E9" toText="admitted" type="OVERLAP" />
<TLINK id="TL152" fromID="E9" fromText="admitted" toID="E10" toText="Wellla Uxinny : mount Medical Center" type="BEFORE" />
<TLINK id="TL153" fromID="E10" fromText="Wellla Uxinny : mount Medical Center" toID="E12" toText="left leg DVT" type="AFTER" />
<TLINK id="TL154" fromID="E12" fromText="left leg DVT" toID="E13" toText="started" type="BEFORE" />
<TLINK id="TL155" fromID="E13" fromText="started" toID="E14" toText="Heparin therapy" type="BEFORE" />
<TLINK id="TL156" fromID="E15" fromText="discharged" toID="E16" toText="Coumadin therapy" type="AFTER" />
<TLINK id="TL157" fromID="E17" fromText="admission" toID="E18" toText="complaints" type="AFTER" />
<TLINK id="TL158" fromID="E18" fromText="complaints" toID="E19" toText="anxiety" type="OVERLAP" />
<TLINK id="TL159" fromID="E21" fromText="IFEX" toID="T3" toText="3 days" type="OVERLAP" />
<TLINK id="TL160" fromID="T3" fromText="3 days" toID="E23" toText="MESNA" type="OVERLAP" />
<TLINK id="TL161" fromID="E23" fromText="MESNA" toID="T4" toText="3 days" type="OVERLAP" />
<TLINK id="TL162" fromID="T4" fromText="3 days" toID="E24" toText="continuous IV infusion" type="OVERLAP" />
<TLINK id="TL163" fromID="E25" fromText="VP-16" toID="E26" toText="IV fluid" type="OVERLAP" />
<TLINK id="TL164" fromID="E26" fromText="IV fluid" toID="T5" toText="1 hour" type="OVERLAP" />
<TLINK id="TL165" fromID="E27" fromText="MESNA" toID="E28" toText="her IFEX" type="AFTER" />
<TLINK id="TL166" fromID="E28" fromText="her IFEX" toID="E29" toText="completed" type="BEFORE" />
<TLINK id="TL167" fromID="E30" fromText="The patient 's urinalysis" toID="E31" toText="admission" type="OVERLAP" />
<TLINK id="TL168" fromID="E31" fromText="admission" toID="E33" toText="red blood cells" type="AFTER" />
<TLINK id="TL169" fromID="E33" fromText="red blood cells" toID="E34" toText="uric acid" type="BEFORE" />
<TLINK id="TL170" fromID="E35" fromText="bleeding" toID="E36" toText="contaminated" type="OVERLAP" />
<TLINK id="TL171" fromID="E36" fromText="contaminated" toID="E37" toText="her IFEX" type="BEFORE" />
<TLINK id="TL172" fromID="E37" fromText="her IFEX" toID="E38" toText="MESNA" type="OVERLAP" />
<TLINK id="TL173" fromID="E39" fromText="A repeat straight cath" toID="E40" toText="RBC 's" type="OVERLAP" />
<TLINK id="TL174" fromID="T8" fromText="1 day" toID="E41" toText="chemotherapy" type="OVERLAP" />
<TLINK id="TL175" fromID="E42" fromText="8-10 RBC 's in her urine" toID="T9" toText="the second day" type="OVERLAP" />
<TLINK id="TL176" fromID="E43" fromText="her IFEX infusion" toID="E44" toText="50-80 RBC 's in her urine" type="AFTER" />
<TLINK id="TL177" fromID="E44" fromText="50-80 RBC 's in her urine" toID="E45" toText="a few transitional epithelial cells" type="OVERLAP" />
<TLINK id="TL178" fromID="E47" fromText="her IFEX" toID="E48" toText="stopped" type="BEFORE" />
<TLINK id="TL179" fromID="E48" fromText="stopped" toID="T10" toText="her second day" type="OVERLAP" />
<TLINK id="TL180" fromID="T10" fromText="her second day" toID="E49" toText="infusion" type="OVERLAP" />
<TLINK id="TL181" fromID="E50" fromText="Her MESNA" toID="E51" toText="continued" type="BEFORE" />
<TLINK id="TL182" fromID="E51" fromText="continued" toID="E52" toText="IV infusion" type="OVERLAP" />
<TLINK id="TL183" fromID="E53" fromText="her VP-16" toID="E54" toText="complication" type="OVERLAP" />
<TLINK id="TL184" fromID="E55" fromText="the patient 's hematocrit" toID="E56" toText="admission" type="OVERLAP" />
<TLINK id="TL185" fromID="E56" fromText="admission" toID="E57" toText="dwindled down" type="BEFORE" />
<TLINK id="TL186" fromID="E57" fromText="dwindled down" toID="T11" toText="9-10" type="OVERLAP" />
<TLINK id="TL187" fromID="E58" fromText="counselled" toID="E60" toText="packed RBC" type="OVERLAP" />
<TLINK id="TL188" fromID="E61" fromText="the patient 's hematocrit" toID="E62" toText="a repeat" type="OVERLAP" />
<TLINK id="TL189" fromID="E62" fromText="a repeat" toID="T12" toText="9-11" type="OVERLAP" />
<TLINK id="TL190" fromID="T12" fromText="9-11" toID="E63" toText="hematocrit" type="OVERLAP" />
<TLINK id="TL191" fromID="E64" fromText="packed RBC" toID="E66" toText="transfused" type="OVERLAP" />
<TLINK id="TL192" fromID="E67" fromText="her anticoagulation" toID="E69" toText="grossly out of control" type="OVERLAP" />
<TLINK id="TL193" fromID="E69" fromText="grossly out of control" toID="E70" toText="admission" type="BEFORE" />
<TLINK id="TL194" fromID="E70" fromText="admission" toID="E71" toText="PT" type="OVERLAP" />
<TLINK id="TL195" fromID="E71" fromText="PT" toID="E72" toText="PTT" type="OVERLAP" />
<TLINK id="TL196" fromID="E73" fromText="Her repeat" toID="T14" toText="9-8" type="OVERLAP" />
<TLINK id="TL197" fromID="T14" fromText="9-8" toID="E74" toText="her Coumadin" type="AFTER" />
<TLINK id="TL198" fromID="E74" fromText="her Coumadin" toID="E75" toText="held" type="BEFORE" />
<TLINK id="TL199" fromID="E76" fromText="Coumadin" toID="E77" toText="her admission" type="AFTER" />
<TLINK id="TL200" fromID="E79" fromText="Coumadin" toID="T16" toText="per day" type="OVERLAP" />
<TLINK id="TL201" fromID="E81" fromText="The patient 's hematocrit" toID="T17" toText="the day of discharge" type="OVERLAP" />
<TLINK id="TL202" fromID="T17" fromText="the day of discharge" toID="E82" toText="significant bump" type="BEFORE" />
<TLINK id="TL203" fromID="E82" fromText="significant bump" toID="E84" toText="packed RBC" type="AFTER" />
<TLINK id="TL204" fromID="E86" fromText="Her PT" toID="T18" toText="the day of discharge" type="OVERLAP" />
<TLINK id="TL205" fromID="T18" fromText="the day of discharge" toID="E87" toText="Coumadin" type="BEFORE" />
<TLINK id="TL206" fromID="E87" fromText="Coumadin" toID="T19" toText="q d" type="OVERLAP" />
<TLINK id="TL207" fromID="E88" fromText="discharged" toID="T20" toText="9-12-92" type="OVERLAP" />
<TLINK id="TL208" fromID="T20" fromText="9-12-92" toID="E89" toText="her attending physiciana" type="OVERLAP" />
<TLINK id="TL209" fromID="T21" fromText="9-28-92" toID="E90" toText="chemotherapy" type="OVERLAP" />
<TLINK id="TL210" fromID="E91" fromText="follow up" toID="E93" toText="her primary doctor" type="AFTER" />
<TLINK id="TL211" fromID="E93" fromText="her primary doctor" toID="E94" toText="repeat PT" type="OVERLAP" />
<TLINK id="TL212" fromID="E93" fromText="her primary doctor" toID="E95" toText="Coumadin dosing" type="OVERLAP" />
<TLINK id="TL213" fromID="E94" fromText="repeat PT" toID="E95" toText="Coumadin dosing" type="OVERLAP" />
<TLINK id="TL214" fromID="E95" fromText="Coumadin dosing" toID="T22" toText="Monday , 9-14-02" type="OVERLAP" />
<TLINK id="TL215" fromID="E115" fromText="an endometroid adenocarcinoma" toID="E1" toText="two primaries" type="OVERLAP" />
<TLINK id="TL216" fromID="E43" fromText="her IFEX infusion" toID="E49" toText="infusion" type="OVERLAP" />
<TLINK id="TL217" fromID="E86" fromText="Her PT" toID="E88" toText="discharged" type="BEFORE" />
<TLINK id="TL218" fromID="E101" fromText="tumor" toID="E106" toText="Pathology" type="OVERLAP" />
<TLINK id="TL219" fromID="E64" fromText="packed RBC" toID="E67" toText="her anticoagulation" type="OVERLAP" />
<TLINK id="TL220" fromID="E23" fromText="MESNA" toID="E38" toText="MESNA" type="OVERLAP" />
<TLINK id="TL221" fromID="E11" fromText="stage IV endometrial cancer" toID="E2" toText="metastatic endometrial cancer" type="OVERLAP" />
<TLINK id="TL222" fromID="E41" fromText="chemotherapy" toID="E90" toText="chemotherapy" type="OVERLAP" />
<TLINK id="TL223" fromID="E6" fromText="gravida 0" toID="E59" toText="presented" type="OVERLAP" />
<TLINK id="TL224" fromID="E24" fromText="continuous IV infusion" toID="E43" toText="her IFEX infusion" type="OVERLAP" />
<TLINK id="TL225" fromID="E14" fromText="Heparin therapy" toID="E16" toText="Coumadin therapy" type="OVERLAP" />
<TLINK id="TL226" fromID="E85" fromText="grade II-III adenocarcinoma" toID="E115" toText="an endometroid adenocarcinoma" type="OVERLAP" />
<TLINK id="TL227" fromID="E32" fromText="metastatic endometrial cancer" toID="E2" toText="metastatic endometrial cancer" type="OVERLAP" />
<TLINK id="TL228" fromID="E21" fromText="IFEX" toID="E28" toText="her IFEX" type="OVERLAP" />
<TLINK id="TL229" fromID="E49" fromText="infusion" toID="E52" toText="IV infusion" type="OVERLAP" />
<TLINK id="TL230" fromID="E37" fromText="her IFEX" toID="E47" toText="her IFEX" type="OVERLAP" />
<TLINK id="TL231" fromID="E105" fromText="tumor through the uterine serosa" toID="E106" toText="Pathology" type="BEFORE" />
<TLINK id="TL232" fromID="E40" fromText="RBC 's" toID="E42" toText="8-10 RBC 's in her urine" type="OVERLAP" />
<TLINK id="TL233" fromID="E63" fromText="hematocrit" toID="E81" toText="The patient 's hematocrit" type="OVERLAP" />
<TLINK id="TL234" fromID="E55" fromText="the patient 's hematocrit" toID="E81" toText="The patient 's hematocrit" type="OVERLAP" />
<TLINK id="TL235" fromID="E79" fromText="Coumadin" toID="E87" toText="Coumadin" type="OVERLAP" />
<TLINK id="TL236" fromID="E20" fromText="chemotherapy" toID="E90" toText="chemotherapy" type="OVERLAP" />
<TLINK id="TL237" fromID="E46" fromText="cycle 1 chemotherapy" toID="E20" toText="chemotherapy" type="OVERLAP" />
<TLINK id="TL238" fromID="E85" fromText="grade II-III adenocarcinoma" toID="E108" toText="grade II-III papillary adenocarcinoma of the endometrium" type="OVERLAP" />
<TLINK id="TL239" fromID="E20" fromText="chemotherapy" toID="E41" toText="chemotherapy" type="OVERLAP" />
<TLINK id="TL240" fromID="E71" fromText="PT" toID="E94" toText="repeat PT" type="OVERLAP" />
<TLINK id="TL241" fromID="E38" fromText="MESNA" toID="E50" toText="Her MESNA" type="OVERLAP" />
<TLINK id="TL242" fromID="E71" fromText="PT" toID="E86" toText="Her PT" type="OVERLAP" />
<TLINK id="TL243" fromID="E96" fromText="Wellla Uxinny : mount Medical Center" toID="E10" toText="Wellla Uxinny : mount Medical Center" type="OVERLAP" />
<TLINK id="TL244" fromID="E78" fromText="her PT" toID="E94" toText="repeat PT" type="OVERLAP" />
<TLINK id="TL245" fromID="E64" fromText="packed RBC" toID="E84" toText="packed RBC" type="OVERLAP" />
<TLINK id="TL246" fromID="E55" fromText="the patient 's hematocrit" toID="E63" toText="hematocrit" type="OVERLAP" />
<TLINK id="TL247" fromID="E111" fromText="superficial myometrium" toID="E112" toText="showed" type="OVERLAP" />
<TLINK id="TL248" fromID="E108" fromText="grade II-III papillary adenocarcinoma of the endometrium" toID="E115" toText="an endometroid adenocarcinoma" type="OVERLAP" />
<TLINK id="TL249" fromID="E21" fromText="IFEX" toID="E37" toText="her IFEX" type="OVERLAP" />
<TLINK id="TL250" fromID="E24" fromText="continuous IV infusion" toID="E49" toText="infusion" type="OVERLAP" />
<TLINK id="TL251" fromID="E88" fromText="discharged" toID="E91" toText="follow up" type="BEFORE" />
<TLINK id="TL252" fromID="E76" fromText="Coumadin" toID="E79" toText="Coumadin" type="OVERLAP" />
<TLINK id="TL253" fromID="E37" fromText="her IFEX" toID="E43" toText="her IFEX infusion" type="OVERLAP" />
<TLINK id="TL254" fromID="E25" fromText="VP-16" toID="E53" toText="her VP-16" type="OVERLAP" />
<TLINK id="TL255" fromID="E28" fromText="her IFEX" toID="E47" toText="her IFEX" type="OVERLAP" />
<TLINK id="TL256" fromID="E62" fromText="a repeat" toID="E73" toText="Her repeat" type="OVERLAP" />
<TLINK id="TL257" fromID="E74" fromText="her Coumadin" toID="E87" toText="Coumadin" type="OVERLAP" />
<TLINK id="TL258" fromID="E71" fromText="PT" toID="E78" toText="her PT" type="OVERLAP" />
<TLINK id="TL259" fromID="E25" fromText="VP-16" toID="E27" toText="MESNA" type="OVERLAP" />
<TLINK id="TL260" fromID="E106" fromText="Pathology" toID="E112" toText="showed" type="OVERLAP" />
<TLINK id="TL261" fromID="E55" fromText="the patient 's hematocrit" toID="E61" toText="the patient 's hematocrit" type="OVERLAP" />
<TLINK id="TL262" fromID="E9" fromText="admitted" toID="E15" toText="discharged" type="BEFORE" />
<TLINK id="TL263" fromID="E74" fromText="her Coumadin" toID="E76" toText="Coumadin" type="OVERLAP" />
<TLINK id="TL264" fromID="E92" fromText="squamous differentiation" toID="E109" toText="squamous differentiation" type="OVERLAP" />
<TLINK id="TL265" fromID="E87" fromText="Coumadin" toID="E88" toText="discharged" type="BEFORE" />
<TLINK id="TL266" fromID="E76" fromText="Coumadin" toID="E87" toText="Coumadin" type="OVERLAP" />
<TLINK id="TL267" fromID="E28" fromText="her IFEX" toID="E43" toText="her IFEX infusion" type="OVERLAP" />
<TLINK id="TL268" fromID="E3" fromText="CAP" toID="E5" toText="the fourth cycle" type="OVERLAP" />
<TLINK id="TL269" fromID="E15" fromText="discharged" toID="E17" toText="admission" type="OVERLAP" />
<TLINK id="TL270" fromID="E61" fromText="the patient 's hematocrit" toID="E81" toText="The patient 's hematocrit" type="OVERLAP" />
<TLINK id="TL271" fromID="E60" fromText="packed RBC" toID="E84" toText="packed RBC" type="OVERLAP" />
<TLINK id="TL272" fromID="E40" fromText="RBC 's" toID="E44" toText="50-80 RBC 's in her urine" type="OVERLAP" />
<TLINK id="TL273" fromID="E27" fromText="MESNA" toID="E38" toText="MESNA" type="OVERLAP" />
<TLINK id="TL274" fromID="E86" fromText="Her PT" toID="E94" toText="repeat PT" type="OVERLAP" />
<TLINK id="TL275" fromID="E16" fromText="Coumadin therapy" toID="E17" toText="admission" type="BEFORE" />
<TLINK id="TL276" fromID="E21" fromText="IFEX" toID="E47" toText="her IFEX" type="OVERLAP" />
<TLINK id="TL277" fromID="E27" fromText="MESNA" toID="E50" toText="Her MESNA" type="OVERLAP" />
<TLINK id="TL278" fromID="E43" fromText="her IFEX infusion" toID="E47" toText="her IFEX" type="OVERLAP" />
<TLINK id="TL279" fromID="E23" fromText="MESNA" toID="E27" toText="MESNA" type="OVERLAP" />
<TLINK id="TL280" fromID="E74" fromText="her Coumadin" toID="E79" toText="Coumadin" type="OVERLAP" />
<TLINK id="TL281" fromID="E23" fromText="MESNA" toID="E50" toText="Her MESNA" type="OVERLAP" />
<TLINK id="TL282" fromID="E46" fromText="cycle 1 chemotherapy" toID="E41" toText="chemotherapy" type="OVERLAP" />
<TLINK id="TL283" fromID="E14" fromText="Heparin therapy" toID="E15" toText="discharged" type="BEFORE" />
<TLINK id="TL284" fromID="E46" fromText="cycle 1 chemotherapy" toID="E90" toText="chemotherapy" type="OVERLAP" />
<TLINK id="TL285" fromID="E21" fromText="IFEX" toID="E43" toText="her IFEX infusion" type="OVERLAP" />
<TLINK id="TL286" fromID="E78" fromText="her PT" toID="E86" toText="Her PT" type="OVERLAP" />
<TLINK id="TL287" fromID="E60" fromText="packed RBC" toID="E64" toText="packed RBC" type="OVERLAP" />
<TLINK id="TL288" fromID="E28" fromText="her IFEX" toID="E37" toText="her IFEX" type="OVERLAP" />
<TLINK id="TL289" fromID="E30" fromText="The patient 's urinalysis" toID="E35" toText="bleeding" type="OVERLAP" />
<TLINK id="TL290" fromID="E24" fromText="continuous IV infusion" toID="E52" toText="IV infusion" type="OVERLAP" />
<TLINK id="TL291" fromID="E24" fromText="continuous IV infusion" toID="E26" toText="IV fluid" type="OVERLAP" />
<SECTIME id="S1" start="46" end="56" text="09/12/1992" type="DISCHARGE" dvalue="1992-09-12" />
<SECTIME id="S0" start="18" end="28" text="09/07/1992" type="ADMISSION" dvalue="1992-09-07" />
</TAGS>
</ClinicalNarrativeTemporalAnnotation>
