<?xml version="1.0" encoding="UTF-8" ?>
<ClinicalNarrativeTemporalAnnotation>
<TEXT><![CDATA[
ADMISSION DATE :
6-15-94
DISCHARGE DATE :
6-26-94
HISTORY OF PRESENT ILLNESS :
Ms. Tlandkotesmitskote is a patient who came complaining of feeling dizzy and bumping into objects on her left side .
She is a seventy-one year old female with a history of hypertension who is in otherwise good health .
This morning while on a cruise ship , she was eating breakfast when she suddenly noticed she could not see a roll on her plate although she knew that it was there .
She also felt dizzy and the room was spinning .
While walking , she kept bumping into object on her left side .
She also complained of a dull , right sided headache over the right eyebrow .
Symptoms lasted about five hours and then gradually resolved except for the change in vision .
She denied having any weakness , numbness , or pain .
She also denies having hoarseness , difficulties in finding words , speaking , hiccups , or diplopia .
HOSPITAL COURSE :
The patient was admitted to the hospital for further evaluation and work up .
The patient was admitted to the Intermediate Care Unit in the Neurology Intensive Care Unit .
However , she was soon moved out of there as her examination appeared to be stable .
A Neurosurgery Service consultation was obtained and they felt that no surgical intervention was required .
The patient underwent a number of tests .
She had a magnetic resonance imaging study and magnetic resonance imaging angiogram performed which showed a large hemorrhagic lesion on the occipital lobe .
There was no clear enhancing mass , but follow up was suggested .
So an magnetic resonance imaging angiogram was obtained and showed the right parietal occipital hemorrhage .
The MRA showed mild narrowing of the left ICA just distal to the bifurcation .
There was also scattered T2 hyperintense foci within the periventricular and left frontal white matter consistent with small vessel disease , gliosis or demyelination .
A Holter monitor was obtained and showed that the patient was in normal sinus rhythm .
The heart rate was 53 to 106 .
There were some very rare atrial premature contractions .
There were no ventricular premature contractions .
An echocardiogram was obtained and showed that the ejection fraction was 60% and there was no thrombus .
It was felt to be within normal limits .
Over the ensuing days , the patient had several episodes of confusion at night .
However , these gradually resolved .
She also developed what appeared to be urinary tract infection and was placed on PO Bactrim .
By 6-26-94 , the patient was felt to be ready for discharge .
At that time , she was afebrile and her vital signs were stable .
She was tolerating a regular diet .
She was awake , alert and oriented to person , place , and time .
She continued to have a dense left hemianopsia , but otherwise was neurologically intact .
The patient was discharged home with Santea Gehawhi General Hospital care and instructed to follow up .
]]></TEXT>
<TAGS>
<EVENT id="E59" start="393" end="406" text="could not see" modality="FACTUAL" polarity="POS" type="PROBLEM" />
<EVENT id="E40" start="2383" end="2401" text="gradually resolved" modality="FACTUAL" polarity="POS" type="OCCURRENCE" />
<EVENT id="E70" start="783" end="791" text="numbness" modality="FACTUAL" polarity="NEG" type="PROBLEM" />
<EVENT id="E79" start="970" end="988" text="further evaluation" modality="FACTUAL" polarity="POS" type="TEST" />
<EVENT id="E57" start="2911" end="2920" text="follow up" modality="PROPOSED" polarity="POS" type="OCCURRENCE" />
<EVENT id="E41" start="2443" end="2466" text="urinary tract infection" modality="POSSIBLE" polarity="POS" type="PROBLEM" />
<EVENT id="E49" start="2634" end="2659" text="tolerating a regular diet" modality="FACTUAL" polarity="POS" type="OCCURRENCE" />
<EVENT id="E43" start="253" end="265" text="hypertension" modality="FACTUAL" polarity="POS" type="PROBLEM" />
<EVENT id="E50" start="2670" end="2675" text="awake" modality="FACTUAL" polarity="POS" type="OCCURRENCE" />
<EVENT id="E17" start="1530" end="1539" text="follow up" modality="PROPOSED" polarity="POS" type="OCCURRENCE" />
<EVENT id="E77" start="941" end="949" text="admitted" modality="FACTUAL" polarity="POS" type="OCCURRENCE" />
<EVENT id="E68" start="754" end="760" text="denied" modality="FACTUAL" polarity="POS" type="EVIDENTIAL" />
<EVENT id="E53" start="276" end="297" text="otherwise good health" modality="FACTUAL" polarity="POS" type="OCCURRENCE" />
<EVENT id="E69" start="772" end="780" text="weakness" modality="FACTUAL" polarity="NEG" type="PROBLEM" />
<EVENT id="E80" start="993" end="1000" text="work up" modality="FACTUAL" polarity="POS" type="TEST" />
<EVENT id="E9" start="1253" end="1274" text="surgical intervention" modality="FACTUAL" polarity="NEG" type="TREATMENT" />
<EVENT id="E1" start="1019" end="1027" text="admitted" modality="FACTUAL" polarity="POS" type="OCCURRENCE" />
<EVENT id="E78" start="953" end="965" text="the hospital" modality="FACTUAL" polarity="POS" type="CLINICAL_DEPT" />
<EVENT id="E26" start="1863" end="1883" text="small vessel disease" modality="POSSIBLE" polarity="POS" type="PROBLEM" />
<EVENT id="E32" start="2000" end="2014" text="The heart rate" modality="FACTUAL" polarity="POS" type="TEST" />
<EVENT id="E65" start="655" end="663" text="Symptoms" modality="FACTUAL" polarity="POS" type="PROBLEM" />
<EVENT id="E30" start="1947" end="1953" text="showed" modality="FACTUAL" polarity="POS" type="EVIDENTIAL" />
<EVENT id="E61" start="489" end="510" text="the room was spinning" modality="FACTUAL" polarity="POS" type="PROBLEM" />
<EVENT id="E3" start="1061" end="1094" text="the Neurology Intensive Care Unit" modality="FACTUAL" polarity="POS" type="CLINICAL_DEPT" />
<EVENT id="E18" start="1559" end="1598" text="an magnetic resonance imaging angiogram" modality="FACTUAL" polarity="POS" type="TEST" />
<EVENT id="E60" start="479" end="484" text="dizzy" modality="FACTUAL" polarity="POS" type="PROBLEM" />
<EVENT id="E44" start="2538" end="2557" text="ready for discharge" modality="FACTUAL" polarity="POS" type="OCCURRENCE" />
<EVENT id="E47" start="26" end="35" text="DISCHARGE" modality="FACTUAL" polarity="POS" type="OCCURRENCE" />
<EVENT id="E24" start="1680" end="1710" text="mild narrowing of the left ICA" modality="FACTUAL" polarity="POS" type="PROBLEM" />
<EVENT id="E39" start="2346" end="2355" text="confusion" modality="FACTUAL" polarity="POS" type="PROBLEM" />
<EVENT id="E66" start="697" end="715" text="gradually resolved" modality="FACTUAL" polarity="POS" type="OCCURRENCE" />
<EVENT id="E75" start="883" end="890" text="hiccups" modality="FACTUAL" polarity="NEG" type="PROBLEM" />
<EVENT id="E46" start="2596" end="2611" text="her vital signs" modality="FACTUAL" polarity="POS" type="TEST" />
<EVENT id="E23" start="1673" end="1679" text="showed" modality="FACTUAL" polarity="POS" type="EVIDENTIAL" />
<EVENT id="E56" start="2856" end="2892" text="Santea Gehawhi General Hospital care" modality="FACTUAL" polarity="POS" type="TREATMENT" />
<EVENT id="E7" start="1182" end="1217" text="A Neurosurgery Service consultation" modality="FACTUAL" polarity="POS" type="OCCURRENCE" />
<EVENT id="E33" start="2042" end="2086" text="some very rare atrial premature contractions" modality="FACTUAL" polarity="POS" type="PROBLEM" />
<EVENT id="E27" start="1886" end="1893" text="gliosis" modality="POSSIBLE" polarity="POS" type="PROBLEM" />
<EVENT id="E14" start="1439" end="1487" text="a large hemorrhagic lesion on the occipital lobe" modality="FACTUAL" polarity="POS" type="PROBLEM" />
<EVENT id="E22" start="1665" end="1672" text="The MRA" modality="FACTUAL" polarity="POS" type="TEST" />
<EVENT id="E63" start="586" end="596" text="complained" modality="FACTUAL" polarity="POS" type="EVIDENTIAL" />
<EVENT id="E58" start="346" end="362" text="eating breakfast" modality="FACTUAL" polarity="POS" type="OCCURRENCE" />
<EVENT id="E20" start="1616" end="1622" text="showed" modality="FACTUAL" polarity="POS" type="EVIDENTIAL" />
<EVENT id="E37" start="2187" end="2208" text="the ejection fraction" modality="FACTUAL" polarity="POS" type="TEST" />
<EVENT id="E16" start="1503" end="1523" text="clear enhancing mass" modality="FACTUAL" polarity="NEG" type="PROBLEM" />
<EVENT id="E72" start="813" end="819" text="denies" modality="FACTUAL" polarity="POS" type="EVIDENTIAL" />
<EVENT id="E54" start="2795" end="2816" text="neurologically intact" modality="FACTUAL" polarity="POS" type="OCCURRENCE" />
<EVENT id="E31" start="1978" end="1997" text="normal sinus rhythm" modality="FACTUAL" polarity="POS" type="OCCURRENCE" />
<EVENT id="E35" start="2140" end="2157" text="An echocardiogram" modality="FACTUAL" polarity="POS" type="TEST" />
<EVENT id="E29" start="1913" end="1929" text="A Holter monitor" modality="FACTUAL" polarity="POS" type="TEST" />
<EVENT id="E51" start="2678" end="2725" text="alert and oriented to person , place , and time" modality="FACTUAL" polarity="POS" type="OCCURRENCE" />
<EVENT id="E28" start="1897" end="1910" text="demyelination" modality="POSSIBLE" polarity="POS" type="PROBLEM" />
<EVENT id="E48" start="2617" end="2623" text="stable" modality="FACTUAL" polarity="POS" type="OCCURRENCE" />
<EVENT id="E12" start="1379" end="1415" text="magnetic resonance imaging angiogram" modality="FACTUAL" polarity="POS" type="TEST" />
<EVENT id="E38" start="2234" end="2242" text="thrombus" modality="FACTUAL" polarity="NEG" type="PROBLEM" />
<EVENT id="E15" start="148" end="153" text="dizzy" modality="FACTUAL" polarity="POS" type="PROBLEM" />
<EVENT id="E52" start="2750" end="2774" text="a dense left hemianopsia" modality="FACTUAL" polarity="POS" type="PROBLEM" />
<EVENT id="E73" start="827" end="837" text="hoarseness" modality="FACTUAL" polarity="NEG" type="PROBLEM" />
<EVENT id="E13" start="1432" end="1438" text="showed" modality="FACTUAL" polarity="POS" type="EVIDENTIAL" />
<EVENT id="E71" start="797" end="801" text="pain" modality="FACTUAL" polarity="NEG" type="PROBLEM" />
<EVENT id="E21" start="1623" end="1662" text="the right parietal occipital hemorrhage" modality="FACTUAL" polarity="POS" type="PROBLEM" />
<EVENT id="E45" start="2583" end="2591" text="afebrile" modality="FACTUAL" polarity="POS" type="PROBLEM" />
<EVENT id="E34" start="2103" end="2137" text="ventricular premature contractions" modality="FACTUAL" polarity="NEG" type="PROBLEM" />
<EVENT id="E2" start="1031" end="1057" text="the Intermediate Care Unit" modality="FACTUAL" polarity="POS" type="CLINICAL_DEPT" />
<EVENT id="E5" start="1142" end="1157" text="her examination" modality="FACTUAL" polarity="POS" type="TEST" />
<EVENT id="E10" start="1324" end="1329" text="tests" modality="FACTUAL" polarity="POS" type="TEST" />
<EVENT id="E19" start="158" end="178" text="bumping into objects" modality="FACTUAL" polarity="POS" type="PROBLEM" />
<EVENT id="E8" start="125" end="136" text="complaining" modality="FACTUAL" polarity="POS" type="EVIDENTIAL" />
<EVENT id="E67" start="727" end="747" text="the change in vision" modality="FACTUAL" polarity="POS" type="PROBLEM" />
<EVENT id="E74" start="840" end="880" text="difficulties in finding words , speaking" modality="FACTUAL" polarity="POS" type="PROBLEM" />
<EVENT id="E62" start="538" end="574" text="bumping into object on her left side" modality="FACTUAL" polarity="POS" type="PROBLEM" />
<EVENT id="E42" start="2485" end="2495" text="PO Bactrim" modality="FACTUAL" polarity="POS" type="TREATMENT" />
<EVENT id="E6" start="1173" end="1179" text="stable" modality="FACTUAL" polarity="POS" type="OCCURRENCE" />
<EVENT id="E4" start="1120" end="1129" text="moved out" modality="FACTUAL" polarity="POS" type="OCCURRENCE" />
<EVENT id="E64" start="600" end="652" text="a dull , right sided headache over the right eyebrow" modality="FACTUAL" polarity="POS" type="PROBLEM" />
<EVENT id="E36" start="2175" end="2181" text="showed" modality="FACTUAL" polarity="POS" type="EVIDENTIAL" />
<EVENT id="E0" start="1" end="10" text="ADMISSION" modality="FACTUAL" polarity="POS" type="OCCURRENCE" />
<EVENT id="E76" start="896" end="904" text="diplopia" modality="FACTUAL" polarity="NEG" type="PROBLEM" />
<EVENT id="E25" start="1759" end="1846" text="scattered T2 hyperintense foci within the periventricular and left frontal white matter" modality="FACTUAL" polarity="POS" type="PROBLEM" />
<EVENT id="E55" start="2835" end="2845" text="discharged" modality="FACTUAL" polarity="POS" type="OCCURRENCE" />
<EVENT id="E11" start="1340" end="1374" text="a magnetic resonance imaging study" modality="FACTUAL" polarity="POS" type="TEST" />
<TIMEX3 id="T3" start="300" end="312" text="This morning" type="DATE" val="1994-06-15" mod="NA" />
<TIMEX3 id="T1" start="2291" end="2307" text="the ensuing days" type="DURATION" val="P5D" mod="APPROX" />
<TIMEX3 id="T4" start="43" end="50" text="6-26-94" type="DATE" val="1994-06-26" mod="NA" />
<TIMEX3 id="T5" start="677" end="687" text="five hours" type="DURATION" val="PT5H" mod="APPROX" />
<TIMEX3 id="T2" start="2501" end="2508" text="6-26-94" type="DATE" val="1994-06-26" mod="NA" />
<TIMEX3 id="T0" start="18" end="25" text="6-15-94" type="DATE" val="1994-06-15" mod="NA" />
<TLINK id="TL0" fromID="E0" fromText="ADMISSION" toID="T0" toText="6-15-94" type="OVERLAP" />
<TLINK id="TL1" fromID="E1" fromText="admitted" toID="T4" toText="6-26-94" type="BEFORE" />
<TLINK id="TL2" fromID="E2" fromText="the Intermediate Care Unit" toID="T4" toText="6-26-94" type="BEFORE" />
<TLINK id="TL3" fromID="E3" fromText="the Neurology Intensive Care Unit" toID="T4" toText="6-26-94" type="BEFORE" />
<TLINK id="TL4" fromID="E4" fromText="moved out" toID="T4" toText="6-26-94" type="BEFORE" />
<TLINK id="TL5" fromID="E5" fromText="her examination" toID="T4" toText="6-26-94" type="BEFORE" />
<TLINK id="TL6" fromID="E6" fromText="stable" toID="T4" toText="6-26-94" type="BEFORE" />
<TLINK id="TL7" fromID="E7" fromText="A Neurosurgery Service consultation" toID="T4" toText="6-26-94" type="BEFORE" />
<TLINK id="TL8" fromID="E8" fromText="complaining" toID="T0" toText="6-15-94" type="BEFORE" />
<TLINK id="TL9" fromID="E9" fromText="surgical intervention" toID="T4" toText="6-26-94" type="BEFORE" />
<TLINK id="TL10" fromID="E10" fromText="tests" toID="T4" toText="6-26-94" type="BEFORE" />
<TLINK id="TL11" fromID="E11" fromText="a magnetic resonance imaging study" toID="T4" toText="6-26-94" type="BEFORE" />
<TLINK id="TL12" fromID="E12" fromText="magnetic resonance imaging angiogram" toID="T4" toText="6-26-94" type="BEFORE" />
<TLINK id="TL13" fromID="E13" fromText="showed" toID="T4" toText="6-26-94" type="BEFORE" />
<TLINK id="TL14" fromID="E14" fromText="a large hemorrhagic lesion on the occipital lobe" toID="T4" toText="6-26-94" type="BEFORE" />
<TLINK id="TL15" fromID="E15" fromText="dizzy" toID="T0" toText="6-15-94" type="BEFORE" />
<TLINK id="TL16" fromID="E16" fromText="clear enhancing mass" toID="T4" toText="6-26-94" type="BEFORE" />
<TLINK id="TL17" fromID="E17" fromText="follow up" toID="T4" toText="6-26-94" type="AFTER" />
<TLINK id="TL18" fromID="E18" fromText="an magnetic resonance imaging angiogram" toID="T4" toText="6-26-94" type="BEFORE" />
<TLINK id="TL19" fromID="E19" fromText="bumping into objects" toID="T0" toText="6-15-94" type="BEFORE" />
<TLINK id="TL20" fromID="E20" fromText="showed" toID="T4" toText="6-26-94" type="BEFORE" />
<TLINK id="TL21" fromID="E21" fromText="the right parietal occipital hemorrhage" toID="T4" toText="6-26-94" type="BEFORE" />
<TLINK id="TL22" fromID="E22" fromText="The MRA" toID="T4" toText="6-26-94" type="BEFORE" />
<TLINK id="TL23" fromID="E23" fromText="showed" toID="T4" toText="6-26-94" type="BEFORE" />
<TLINK id="TL24" fromID="E24" fromText="mild narrowing of the left ICA" toID="T4" toText="6-26-94" type="BEFORE" />
<TLINK id="TL25" fromID="E25" fromText="scattered T2 hyperintense foci within the periventricular and left frontal white matter" toID="T4" toText="6-26-94" type="BEFORE" />
<TLINK id="TL26" fromID="E26" fromText="small vessel disease" toID="T4" toText="6-26-94" type="BEFORE" />
<TLINK id="TL27" fromID="E27" fromText="gliosis" toID="T4" toText="6-26-94" type="BEFORE" />
<TLINK id="TL28" fromID="E28" fromText="demyelination" toID="T4" toText="6-26-94" type="BEFORE" />
<TLINK id="TL29" fromID="E29" fromText="A Holter monitor" toID="T4" toText="6-26-94" type="BEFORE" />
<TLINK id="TL30" fromID="E30" fromText="showed" toID="T4" toText="6-26-94" type="BEFORE" />
<TLINK id="TL31" fromID="E31" fromText="normal sinus rhythm" toID="T4" toText="6-26-94" type="BEFORE" />
<TLINK id="TL32" fromID="E32" fromText="The heart rate" toID="T4" toText="6-26-94" type="BEFORE" />
<TLINK id="TL33" fromID="E33" fromText="some very rare atrial premature contractions" toID="T4" toText="6-26-94" type="BEFORE" />
<TLINK id="TL34" fromID="E34" fromText="ventricular premature contractions" toID="T4" toText="6-26-94" type="BEFORE" />
<TLINK id="TL35" fromID="E35" fromText="An echocardiogram" toID="T4" toText="6-26-94" type="BEFORE" />
<TLINK id="TL36" fromID="E36" fromText="showed" toID="T4" toText="6-26-94" type="BEFORE" />
<TLINK id="TL37" fromID="E37" fromText="the ejection fraction" toID="T4" toText="6-26-94" type="BEFORE" />
<TLINK id="TL38" fromID="E38" fromText="thrombus" toID="T4" toText="6-26-94" type="BEFORE" />
<TLINK id="TL39" fromID="E39" fromText="confusion" toID="T4" toText="6-26-94" type="BEFORE" />
<TLINK id="TL40" fromID="E40" fromText="gradually resolved" toID="T4" toText="6-26-94" type="BEFORE" />
<TLINK id="TL41" fromID="E41" fromText="urinary tract infection" toID="T4" toText="6-26-94" type="BEFORE" />
<TLINK id="TL42" fromID="E42" fromText="PO Bactrim" toID="T4" toText="6-26-94" type="BEFORE" />
<TLINK id="TL43" fromID="E43" fromText="hypertension" toID="T0" toText="6-15-94" type="BEFORE" />
<TLINK id="TL44" fromID="E44" fromText="ready for discharge" toID="T4" toText="6-26-94" type="BEFORE" />
<TLINK id="TL45" fromID="E45" fromText="afebrile" toID="T4" toText="6-26-94" type="BEFORE" />
<TLINK id="TL46" fromID="E46" fromText="her vital signs" toID="T4" toText="6-26-94" type="BEFORE" />
<TLINK id="TL47" fromID="E47" fromText="DISCHARGE" toID="T4" toText="6-26-94" type="OVERLAP" />
<TLINK id="TL48" fromID="E48" fromText="stable" toID="T4" toText="6-26-94" type="BEFORE" />
<TLINK id="TL49" fromID="E49" fromText="tolerating a regular diet" toID="T4" toText="6-26-94" type="BEFORE" />
<TLINK id="TL50" fromID="E50" fromText="awake" toID="T4" toText="6-26-94" type="BEFORE" />
<TLINK id="TL51" fromID="E51" fromText="alert and oriented to person , place , and time" toID="T4" toText="6-26-94" type="BEFORE" />
<TLINK id="TL52" fromID="E52" fromText="a dense left hemianopsia" toID="T4" toText="6-26-94" type="BEFORE" />
<TLINK id="TL53" fromID="E53" fromText="otherwise good health" toID="T0" toText="6-15-94" type="BEFORE" />
<TLINK id="TL54" fromID="E54" fromText="neurologically intact" toID="T4" toText="6-26-94" type="BEFORE" />
<TLINK id="TL55" fromID="E55" fromText="discharged" toID="T4" toText="6-26-94" type="OVERLAP" />
<TLINK id="TL56" fromID="E56" fromText="Santea Gehawhi General Hospital care" toID="T4" toText="6-26-94" type="BEFORE" />
<TLINK id="TL57" fromID="E57" fromText="follow up" toID="T4" toText="6-26-94" type="AFTER" />
<TLINK id="TL58" fromID="E58" fromText="eating breakfast" toID="T0" toText="6-15-94" type="BEFORE" />
<TLINK id="TL59" fromID="E59" fromText="could not see" toID="T0" toText="6-15-94" type="BEFORE" />
<TLINK id="TL60" fromID="E60" fromText="dizzy" toID="T0" toText="6-15-94" type="BEFORE" />
<TLINK id="TL61" fromID="E61" fromText="the room was spinning" toID="T0" toText="6-15-94" type="BEFORE" />
<TLINK id="TL62" fromID="E62" fromText="bumping into object on her left side" toID="T0" toText="6-15-94" type="BEFORE" />
<TLINK id="TL63" fromID="E63" fromText="complained" toID="T0" toText="6-15-94" type="BEFORE" />
<TLINK id="TL64" fromID="E64" fromText="a dull , right sided headache over the right eyebrow" toID="T0" toText="6-15-94" type="BEFORE" />
<TLINK id="TL65" fromID="E65" fromText="Symptoms" toID="T0" toText="6-15-94" type="BEFORE" />
<TLINK id="TL66" fromID="E66" fromText="gradually resolved" toID="T0" toText="6-15-94" type="BEFORE" />
<TLINK id="TL67" fromID="E67" fromText="the change in vision" toID="T0" toText="6-15-94" type="BEFORE" />
<TLINK id="TL68" fromID="E68" fromText="denied" toID="T0" toText="6-15-94" type="OVERLAP" />
<TLINK id="TL69" fromID="E69" fromText="weakness" toID="T0" toText="6-15-94" type="BEFORE" />
<TLINK id="TL70" fromID="E70" fromText="numbness" toID="T0" toText="6-15-94" type="BEFORE" />
<TLINK id="TL71" fromID="E71" fromText="pain" toID="T0" toText="6-15-94" type="BEFORE" />
<TLINK id="TL72" fromID="E72" fromText="denies" toID="T0" toText="6-15-94" type="OVERLAP" />
<TLINK id="TL73" fromID="E73" fromText="hoarseness" toID="T0" toText="6-15-94" type="BEFORE" />
<TLINK id="TL74" fromID="E74" fromText="difficulties in finding words , speaking" toID="T0" toText="6-15-94" type="BEFORE" />
<TLINK id="TL75" fromID="E75" fromText="hiccups" toID="T0" toText="6-15-94" type="BEFORE" />
<TLINK id="TL76" fromID="E76" fromText="diplopia" toID="T0" toText="6-15-94" type="BEFORE" />
<TLINK id="TL77" fromID="E77" fromText="admitted" toID="T4" toText="6-26-94" type="BEFORE" />
<TLINK id="TL78" fromID="E78" fromText="the hospital" toID="T4" toText="6-26-94" type="BEFORE" />
<TLINK id="TL79" fromID="E79" fromText="further evaluation" toID="T4" toText="6-26-94" type="BEFORE" />
<TLINK id="TL80" fromID="E80" fromText="work up" toID="T4" toText="6-26-94" type="BEFORE" />
<TLINK id="TL81" fromID="E8" fromText="complaining" toID="E15" toText="dizzy" type="AFTER" />
<TLINK id="TL82" fromID="E15" fromText="dizzy" toID="E19" toText="bumping into objects" type="OVERLAP" />
<TLINK id="TL83" fromID="T3" fromText="This morning" toID="E58" toText="eating breakfast" type="OVERLAP" />
<TLINK id="TL84" fromID="E58" fromText="eating breakfast" toID="E59" toText="could not see" type="OVERLAP" />
<TLINK id="TL85" fromID="E60" fromText="dizzy" toID="E61" toText="the room was spinning" type="OVERLAP" />
<TLINK id="TL86" fromID="E63" fromText="complained" toID="E64" toText="a dull , right sided headache over the right eyebrow" type="AFTER" />
<TLINK id="TL87" fromID="E65" fromText="Symptoms" toID="T5" toText="five hours" type="OVERLAP" />
<TLINK id="TL88" fromID="E65" fromText="Symptoms" toID="E66" toText="gradually resolved" type="BEFORE" />
<TLINK id="TL89" fromID="T5" fromText="five hours" toID="E66" toText="gradually resolved" type="OVERLAP" />
<TLINK id="TL90" fromID="E66" fromText="gradually resolved" toID="E67" toText="the change in vision" type="OVERLAP" />
<TLINK id="TL91" fromID="E68" fromText="denied" toID="E69" toText="weakness" type="AFTER" />
<TLINK id="TL92" fromID="E69" fromText="weakness" toID="E70" toText="numbness" type="OVERLAP" />
<TLINK id="TL93" fromID="E69" fromText="weakness" toID="E71" toText="pain" type="OVERLAP" />
<TLINK id="TL94" fromID="E70" fromText="numbness" toID="E71" toText="pain" type="OVERLAP" />
<TLINK id="TL95" fromID="E72" fromText="denies" toID="E73" toText="hoarseness" type="AFTER" />
<TLINK id="TL96" fromID="E73" fromText="hoarseness" toID="E74" toText="difficulties in finding words , speaking" type="OVERLAP" />
<TLINK id="TL97" fromID="E74" fromText="difficulties in finding words , speaking" toID="E75" toText="hiccups" type="OVERLAP" />
<TLINK id="TL98" fromID="E74" fromText="difficulties in finding words , speaking" toID="E76" toText="diplopia" type="OVERLAP" />
<TLINK id="TL99" fromID="E75" fromText="hiccups" toID="E76" toText="diplopia" type="OVERLAP" />
<TLINK id="TL100" fromID="E77" fromText="admitted" toID="E78" toText="the hospital" type="BEFORE" />
<TLINK id="TL101" fromID="E77" fromText="admitted" toID="E80" toText="work up" type="BEFORE" />
<TLINK id="TL102" fromID="E78" fromText="the hospital" toID="E79" toText="further evaluation" type="OVERLAP" />
<TLINK id="TL103" fromID="E79" fromText="further evaluation" toID="E80" toText="work up" type="OVERLAP" />
<TLINK id="TL104" fromID="E1" fromText="admitted" toID="E2" toText="the Intermediate Care Unit" type="BEFORE" />
<TLINK id="TL105" fromID="E1" fromText="admitted" toID="E3" toText="the Neurology Intensive Care Unit" type="BEFORE" />
<TLINK id="TL106" fromID="E2" fromText="the Intermediate Care Unit" toID="E3" toText="the Neurology Intensive Care Unit" type="OVERLAP" />
<TLINK id="TL107" fromID="E4" fromText="moved out" toID="E5" toText="her examination" type="OVERLAP" />
<TLINK id="TL108" fromID="E5" fromText="her examination" toID="E6" toText="stable" type="OVERLAP" />
<TLINK id="TL109" fromID="E7" fromText="A Neurosurgery Service consultation" toID="E9" toText="surgical intervention" type="BEFORE" />
<TLINK id="TL110" fromID="E11" fromText="a magnetic resonance imaging study" toID="E12" toText="magnetic resonance imaging angiogram" type="OVERLAP" />
<TLINK id="TL111" fromID="E12" fromText="magnetic resonance imaging angiogram" toID="E13" toText="showed" type="OVERLAP" />
<TLINK id="TL112" fromID="E13" fromText="showed" toID="E14" toText="a large hemorrhagic lesion on the occipital lobe" type="AFTER" />
<TLINK id="TL113" fromID="E16" fromText="clear enhancing mass" toID="E17" toText="follow up" type="BEFORE" />
<TLINK id="TL114" fromID="E18" fromText="an magnetic resonance imaging angiogram" toID="E20" toText="showed" type="OVERLAP" />
<TLINK id="TL115" fromID="E20" fromText="showed" toID="E21" toText="the right parietal occipital hemorrhage" type="AFTER" />
<TLINK id="TL116" fromID="E22" fromText="The MRA" toID="E23" toText="showed" type="OVERLAP" />
<TLINK id="TL117" fromID="E23" fromText="showed" toID="E24" toText="mild narrowing of the left ICA" type="AFTER" />
<TLINK id="TL118" fromID="E25" fromText="scattered T2 hyperintense foci within the periventricular and left frontal white matter" toID="E26" toText="small vessel disease" type="OVERLAP" />
<TLINK id="TL119" fromID="E26" fromText="small vessel disease" toID="E27" toText="gliosis" type="OVERLAP" />
<TLINK id="TL120" fromID="E26" fromText="small vessel disease" toID="E28" toText="demyelination" type="OVERLAP" />
<TLINK id="TL121" fromID="E27" fromText="gliosis" toID="E28" toText="demyelination" type="OVERLAP" />
<TLINK id="TL122" fromID="E29" fromText="A Holter monitor" toID="E30" toText="showed" type="OVERLAP" />
<TLINK id="TL123" fromID="E30" fromText="showed" toID="E31" toText="normal sinus rhythm" type="OVERLAP" />
<TLINK id="TL124" fromID="E35" fromText="An echocardiogram" toID="E36" toText="showed" type="OVERLAP" />
<TLINK id="TL125" fromID="E36" fromText="showed" toID="E37" toText="the ejection fraction" type="OVERLAP" />
<TLINK id="TL126" fromID="E37" fromText="the ejection fraction" toID="E38" toText="thrombus" type="AFTER" />
<TLINK id="TL127" fromID="T1" fromText="the ensuing days" toID="E39" toText="confusion" type="OVERLAP" />
<TLINK id="TL128" fromID="E41" fromText="urinary tract infection" toID="E42" toText="PO Bactrim" type="BEFORE" />
<TLINK id="TL129" fromID="T2" fromText="6-26-94" toID="E44" toText="ready for discharge" type="OVERLAP" />
<TLINK id="TL130" fromID="E45" fromText="afebrile" toID="E46" toText="her vital signs" type="OVERLAP" />
<TLINK id="TL131" fromID="E45" fromText="afebrile" toID="E48" toText="stable" type="OVERLAP" />
<TLINK id="TL132" fromID="E46" fromText="her vital signs" toID="E48" toText="stable" type="OVERLAP" />
<TLINK id="TL133" fromID="E50" fromText="awake" toID="E51" toText="alert and oriented to person , place , and time" type="OVERLAP" />
<TLINK id="TL134" fromID="E52" fromText="a dense left hemianopsia" toID="E54" toText="neurologically intact" type="OVERLAP" />
<TLINK id="TL135" fromID="E55" fromText="discharged" toID="E56" toText="Santea Gehawhi General Hospital care" type="AFTER" />
<TLINK id="TL136" fromID="E56" fromText="Santea Gehawhi General Hospital care" toID="E57" toText="follow up" type="BEFORE" />
<TLINK id="TL137" fromID="E10" fromText="tests" toID="E11" toText="a magnetic resonance imaging study" type="OVERLAP" />
<TLINK id="TL138" fromID="E62" fromText="bumping into object on her left side" toID="E63" toText="complained" type="BEFORE" />
<TLINK id="TL139" fromID="E25" fromText="scattered T2 hyperintense foci within the periventricular and left frontal white matter" toID="E29" toText="A Holter monitor" type="OVERLAP" />
<TLINK id="TL140" fromID="E11" fromText="a magnetic resonance imaging study" toID="E18" toText="an magnetic resonance imaging angiogram" type="OVERLAP" />
<TLINK id="TL141" fromID="E31" fromText="normal sinus rhythm" toID="E32" toText="The heart rate" type="OVERLAP" />
<TLINK id="TL142" fromID="E54" fromText="neurologically intact" toID="E55" toText="discharged" type="BEFORE" />
<TLINK id="TL143" fromID="E42" fromText="PO Bactrim" toID="E44" toText="ready for discharge" type="BEFORE" />
<TLINK id="TL144" fromID="E28" fromText="demyelination" toID="E29" toText="A Holter monitor" type="BEFORE" />
<TLINK id="TL145" fromID="E19" fromText="bumping into objects" toID="E62" toText="bumping into object on her left side" type="OVERLAP" />
<TLINK id="TL146" fromID="E21" fromText="the right parietal occipital hemorrhage" toID="E22" toText="The MRA" type="BEFORE" />
<TLINK id="TL147" fromID="E3" fromText="the Neurology Intensive Care Unit" toID="E4" toText="moved out" type="OVERLAP" />
<TLINK id="TL148" fromID="E39" fromText="confusion" toID="E40" toText="gradually resolved" type="OVERLAP" />
<TLINK id="TL149" fromID="E52" fromText="a dense left hemianopsia" toID="E55" toText="discharged" type="BEFORE" />
<TLINK id="TL150" fromID="E40" fromText="gradually resolved" toID="E41" toText="urinary tract infection" type="BEFORE" />
<TLINK id="TL151" fromID="E29" fromText="A Holter monitor" toID="E32" toText="The heart rate" type="OVERLAP" />
<TLINK id="TL152" fromID="E14" fromText="a large hemorrhagic lesion on the occipital lobe" toID="E16" toText="clear enhancing mass" type="OVERLAP" />
<TLINK id="TL153" fromID="E67" fromText="the change in vision" toID="E68" toText="denied" type="BEFORE" />
<TLINK id="TL154" fromID="E65" fromText="Symptoms" toID="E68" toText="denied" type="BEFORE" />
<TLINK id="TL155" fromID="E7" fromText="A Neurosurgery Service consultation" toID="E10" toText="tests" type="OVERLAP" />
<TLINK id="TL156" fromID="E77" fromText="admitted" toID="E1" toText="admitted" type="OVERLAP" />
<TLINK id="TL157" fromID="E68" fromText="denied" toID="E72" toText="denies" type="OVERLAP" />
<TLINK id="TL158" fromID="E18" fromText="an magnetic resonance imaging angiogram" toID="E22" toText="The MRA" type="OVERLAP" />
<TLINK id="TL159" fromID="E41" fromText="urinary tract infection" toID="E44" toText="ready for discharge" type="BEFORE" />
<TLINK id="TL160" fromID="E64" fromText="a dull , right sided headache over the right eyebrow" toID="E65" toText="Symptoms" type="OVERLAP" />
<TLINK id="TL161" fromID="E1" fromText="admitted" toID="E4" toText="moved out" type="OVERLAP" />
<TLINK id="TL162" fromID="E8" fromText="complaining" toID="E43" toText="hypertension" type="OVERLAP" />
<TLINK id="TL163" fromID="E71" fromText="pain" toID="E72" toText="denies" type="BEFORE" />
<TLINK id="TL164" fromID="E63" fromText="complained" toID="E65" toText="Symptoms" type="OVERLAP" />
<TLINK id="TL165" fromID="E11" fromText="a magnetic resonance imaging study" toID="E16" toText="clear enhancing mass" type="OVERLAP" />
<TLINK id="TL166" fromID="E33" fromText="some very rare atrial premature contractions" toID="E34" toText="ventricular premature contractions" type="OVERLAP" />
<TLINK id="TL167" fromID="E49" fromText="tolerating a regular diet" toID="E50" toText="awake" type="OVERLAP" />
<TLINK id="TL168" fromID="E12" fromText="magnetic resonance imaging angiogram" toID="E18" toText="an magnetic resonance imaging angiogram" type="OVERLAP" />
<TLINK id="TL169" fromID="E55" fromText="discharged" toID="E57" toText="follow up" type="BEFORE" />
<TLINK id="TL170" fromID="E59" fromText="could not see" toID="E60" toText="dizzy" type="OVERLAP" />
<TLINK id="TL171" fromID="E15" fromText="dizzy" toID="E60" toText="dizzy" type="OVERLAP" />
<SECTIME id="S1" start="43" end="50" text="6-26-94" type="DISCHARGE" dvalue="1994-6-26" />
<SECTIME id="S0" start="18" end="25" text="6-15-94" type="ADMISSION" dvalue="1994-6-15" />
</TAGS>
</ClinicalNarrativeTemporalAnnotation>
