<?xml version="1.0" encoding="UTF-8" ?>
<ClinicalNarrativeTemporalAnnotation>
<TEXT><![CDATA[
ADMISSION DATE :
11-03-93
DISCHARGE DATE :
11-06-93
HISTORY OF PRESENT ILLNESS :
This 68-year-old patient of Dr. Naka Jesc had two episodes of rheumatic fever as a teenager .
She has had chronic atrial fibrillation .
Coumadin has caused bleeding from the mouth and nose on two occasions , on one occasion with prothrombin time 13 , and has been replaced by anti-platelet agents .
She has had recurrent syncope since age 6 .
She has now had progressive heart failure .
A Holter showed atrial fibrillation with period of ventricular bigemini .
She cut down dramatically on smoking two years ago , but has continued to smoke , although , very recently , she admits to only &quot; two puffs &quot; per day .
She has not had hypertension or diabetes , and says he has lowered her cholesterol from 333 to 197 by changing her diet .
There is no family history of heart disease .
She has been treated with Vanceril for chronic obstructive pulmonary disease .
She has had one gram per day proteinuria with normal creatinine .
She had a partial gastrectomy in 1972 for a &quot; tumor &quot; .
She has had an appendectomy and cholecystectomy .
MEDICATIONS ON ADMISSION :
Digoxin 0.125 mg po q.d. , Lasix 40 mg b.i.d. , aspirin held , and Vanceril three puffs b.i.d.
ALLERGIES :
Transdermal nitroglycerin caused headache .
SOCIAL HISTORY :
She does not drink .
HOSPITAL COURSE :
Cardiac catheterization was performed without complication from the right neck and right groin on the day of admission .
Right atrial pressure was 12 with a wave form consistent with tricuspid regurgitation .
There was no tricuspid valve gradient .
Pulmonary artery pressure was markedly elevated at 120/60 .
Pulmonary capillary wedge pressure was markedly elevated at 38 , with a very large mitral valve gradient .
There was little or no aortic valve gradient .
Fich cardiac output was 3.0 and indexed 2.0 .
Arterial oxygen saturation was 85 percent .
There was minimal mitral valve calcification , normal left ventricular contraction , and 2+ mitral regurgitation into a large left atrium .
There was minimal aortic valve calcification , mild ______________ thickening , normal open , and mild aortic regurgitation .
There was mild atherosclerosis of the mid left anterior descending .
FVC was 1.6 or 58 percent of predicted and FEV1 0.95 or 45 percent of predicted .
Room air arterial blood gas was 56/40/7.45 .
Because it would be ideal to place a mechanical valve if valve replacement rather that commissurotomy is needed , she was seen by Dr. Ca Shuff of ENT for her history of epistaxis .
He identified no bleeding source , but felt that the risk of nasal hemorrhage on Coumadin could be minimized interventional neuroradiology occlusion of the arteries to the nose bilaterally .
The patient was therefore referred to the Dr. A Eu Wave .
The procedure could not be scheduled during this admission .
The patient is , therefore , discharged after a three day hospitalization , with plans for re-admission for the neuroradiology procedure .
This will be followed by a trial of Coumadin , and then by mitral commissurotomy or replacement and probable tricuspid annuloplasty by Dr. Riemund C. Wave .
In the meantime , Lasix dosage is increased .
Potassium replacement has caused , according to the patient , marked hyperkalemia in the past .
]]></TEXT>
<TAGS>
<EVENT id="E74" start="547" end="555" text="cut down" modality="FACTUAL" polarity="POS" type="OCCURRENCE" />
<EVENT id="E3" start="1096" end="1111" text="an appendectomy" modality="FACTUAL" polarity="POS" type="TREATMENT" />
<EVENT id="E79" start="737" end="745" text="diabetes" modality="FACTUAL" polarity="NEG" type="PROBLEM" />
<EVENT id="E56" start="2965" end="2977" text="re-admission" modality="PROPOSED" polarity="POS" type="OCCURRENCE" />
<EVENT id="E63" start="3188" end="3193" text="Lasix" modality="FACTUAL" polarity="POS" type="TREATMENT" />
<EVENT id="E61" start="311" end="327" text="prothrombin time" modality="FACTUAL" polarity="POS" type="TEST" />
<EVENT id="E35" start="218" end="226" text="Coumadin" modality="FACTUAL" polarity="POS" type="TREATMENT" />
<EVENT id="E20" start="1647" end="1664" text="markedly elevated" modality="FACTUAL" polarity="POS" type="PROBLEM" />
<EVENT id="E8" start="1228" end="1236" text="Vanceril" modality="FACTUAL" polarity="POS" type="TREATMENT" />
<EVENT id="E11" start="1342" end="1347" text="drink" modality="FACTUAL" polarity="NEG" type="OCCURRENCE" />
<EVENT id="E44" start="2505" end="2509" text="seen" modality="FACTUAL" polarity="POS" type="OCCURRENCE" />
<EVENT id="E70" start="469" end="477" text="A Holter" modality="FACTUAL" polarity="POS" type="TEST" />
<EVENT id="E60" start="3097" end="3108" text="replacement" modality="PROPOSED" polarity="POS" type="TREATMENT" />
<EVENT id="E24" start="1807" end="1828" text="aortic valve gradient" modality="FACTUAL" polarity="NEG" type="PROBLEM" />
<EVENT id="E15" start="1477" end="1486" text="admission" modality="FACTUAL" polarity="POS" type="OCCURRENCE" />
<EVENT id="E52" start="2813" end="2826" text="The procedure" modality="PROPOSED" polarity="POS" type="TREATMENT" />
<EVENT id="E78" start="721" end="733" text="hypertension" modality="FACTUAL" polarity="NEG" type="PROBLEM" />
<EVENT id="E17" start="1551" end="1574" text="tricuspid regurgitation" modality="FACTUAL" polarity="POS" type="PROBLEM" />
<EVENT id="E59" start="3072" end="3093" text="mitral commissurotomy" modality="PROPOSED" polarity="POS" type="TREATMENT" />
<EVENT id="E73" start="520" end="540" text="ventricular bigemini" modality="FACTUAL" polarity="POS" type="PROBLEM" />
<EVENT id="E77" start="678" end="687" text="two puffs" modality="FACTUAL" polarity="POS" type="OCCURRENCE" />
<EVENT id="E4" start="1116" end="1131" text="cholecystectomy" modality="FACTUAL" polarity="POS" type="TREATMENT" />
<EVENT id="E2" start="1060" end="1081" text="a &quot; tumor &quot;" modality="FACTUAL" polarity="POS" type="PROBLEM" />
<EVENT id="E16" start="1489" end="1510" text="Right atrial pressure" modality="FACTUAL" polarity="POS" type="TEST" />
<EVENT id="E9" start="1268" end="1293" text="Transdermal nitroglycerin" modality="FACTUAL" polarity="POS" type="TREATMENT" />
<EVENT id="E54" start="2903" end="2913" text="discharged" modality="FACTUAL" polarity="POS" type="OCCURRENCE" />
<EVENT id="E64" start="3204" end="3213" text="increased" modality="FACTUAL" polarity="POS" type="OCCURRENCE" />
<EVENT id="E49" start="2673" end="2712" text="interventional neuroradiology occlusion" modality="PROPOSED" polarity="POS" type="TREATMENT" />
<EVENT id="E43" start="2470" end="2484" text="commissurotomy" modality="CONDITIONAL" polarity="POS" type="TREATMENT" />
<EVENT id="E68" start="393" end="410" text="recurrent syncope" modality="FACTUAL" polarity="POS" type="PROBLEM" />
<EVENT id="E36" start="2197" end="2253" text="mild atherosclerosis of the mid left anterior descending" modality="FACTUAL" polarity="POS" type="PROBLEM" />
<EVENT id="E30" start="2010" end="2058" text="2+ mitral regurgitation into a large left atrium" modality="FACTUAL" polarity="POS" type="PROBLEM" />
<EVENT id="E50" start="27" end="36" text="DISCHARGE" modality="FACTUAL" polarity="POS" type="OCCURRENCE" />
<EVENT id="E69" start="441" end="466" text="progressive heart failure" modality="FACTUAL" polarity="POS" type="PROBLEM" />
<EVENT id="E66" start="3278" end="3297" text="marked hyperkalemia" modality="FACTUAL" polarity="POS" type="PROBLEM" />
<EVENT id="E81" start="807" end="824" text="changing her diet" modality="FACTUAL" polarity="POS" type="OCCURRENCE" />
<EVENT id="E19" start="1617" end="1642" text="Pulmonary artery pressure" modality="FACTUAL" polarity="POS" type="TEST" />
<EVENT id="E55" start="2932" end="2947" text="hospitalization" modality="FACTUAL" polarity="POS" type="OCCURRENCE" />
<EVENT id="E83" start="899" end="907" text="Vanceril" modality="FACTUAL" polarity="POS" type="TREATMENT" />
<EVENT id="E40" start="238" end="270" text="bleeding from the mouth and nose" modality="FACTUAL" polarity="POS" type="PROBLEM" />
<EVENT id="E84" start="912" end="949" text="chronic obstructive pulmonary disease" modality="FACTUAL" polarity="POS" type="PROBLEM" />
<EVENT id="E71" start="478" end="484" text="showed" modality="FACTUAL" polarity="POS" type="EVIDENTIAL" />
<EVENT id="E62" start="3122" end="3144" text="tricuspid annuloplasty" modality="PROPOSED" polarity="POS" type="TREATMENT" />
<EVENT id="E10" start="1301" end="1309" text="headache" modality="FACTUAL" polarity="POS" type="PROBLEM" />
<EVENT id="E80" start="764" end="787" text="lowered her cholesterol" modality="FACTUAL" polarity="POS" type="OCCURRENCE" />
<EVENT id="E38" start="2299" end="2303" text="FEV1" modality="FACTUAL" polarity="POS" type="TEST" />
<EVENT id="E86" start="998" end="1015" text="normal creatinine" modality="FACTUAL" polarity="POS" type="TEST" />
<EVENT id="E21" start="1677" end="1711" text="Pulmonary capillary wedge pressure" modality="FACTUAL" polarity="POS" type="TEST" />
<EVENT id="E25" start="1831" end="1850" text="Fich cardiac output" modality="FACTUAL" polarity="POS" type="TEST" />
<EVENT id="E23" start="1747" end="1781" text="a very large mitral valve gradient" modality="FACTUAL" polarity="POS" type="PROBLEM" />
<EVENT id="E5" start="1161" end="1168" text="Digoxin" modality="FACTUAL" polarity="POS" type="TREATMENT" />
<EVENT id="E18" start="1590" end="1614" text="tricuspid valve gradient" modality="FACTUAL" polarity="NEG" type="PROBLEM" />
<EVENT id="E67" start="358" end="378" text="anti-platelet agents" modality="FACTUAL" polarity="POS" type="TREATMENT" />
<EVENT id="E65" start="3216" end="3237" text="Potassium replacement" modality="FACTUAL" polarity="POS" type="TREATMENT" />
<EVENT id="E14" start="144" end="159" text="rheumatic fever" modality="FACTUAL" polarity="POS" type="PROBLEM" />
<EVENT id="E58" start="3049" end="3057" text="Coumadin" modality="PROPOSED" polarity="POS" type="TREATMENT" />
<EVENT id="E1" start="1026" end="1047" text="a partial gastrectomy" modality="FACTUAL" polarity="POS" type="TREATMENT" />
<EVENT id="E33" start="2141" end="2152" text="normal open" modality="FACTUAL" polarity="POS" type="OCCURRENCE" />
<EVENT id="E0" start="1" end="10" text="ADMISSION" modality="FACTUAL" polarity="POS" type="OCCURRENCE" />
<EVENT id="E51" start="2781" end="2789" text="referred" modality="FACTUAL" polarity="POS" type="OCCURRENCE" />
<EVENT id="E42" start="2440" end="2457" text="valve replacement" modality="CONDITIONAL" polarity="POS" type="TREATMENT" />
<EVENT id="E76" start="617" end="622" text="smoke" modality="FACTUAL" polarity="POS" type="OCCURRENCE" />
<EVENT id="E13" start="1414" end="1426" text="complication" modality="FACTUAL" polarity="NEG" type="PROBLEM" />
<EVENT id="E85" start="981" end="992" text="proteinuria" modality="FACTUAL" polarity="POS" type="PROBLEM" />
<EVENT id="E82" start="857" end="870" text="heart disease" modality="FACTUAL" polarity="NEG" type="PROBLEM" />
<EVENT id="E57" start="2982" end="3010" text="the neuroradiology procedure" modality="PROPOSED" polarity="POS" type="TREATMENT" />
<EVENT id="E6" start="1188" end="1193" text="Lasix" modality="FACTUAL" polarity="POS" type="TREATMENT" />
<EVENT id="E48" start="2645" end="2653" text="Coumadin" modality="CONDITIONAL" polarity="POS" type="TREATMENT" />
<EVENT id="E41" start="2418" end="2436" text="a mechanical valve" modality="CONDITIONAL" polarity="POS" type="TREATMENT" />
<EVENT id="E53" start="2857" end="2871" text="this admission" modality="FACTUAL" polarity="POS" type="OCCURRENCE" />
<EVENT id="E75" start="572" end="579" text="smoking" modality="FACTUAL" polarity="POS" type="OCCURRENCE" />
<EVENT id="E32" start="2108" end="2138" text="mild ______________ thickening" modality="FACTUAL" polarity="POS" type="PROBLEM" />
<EVENT id="E39" start="2338" end="2365" text="Room air arterial blood gas" modality="FACTUAL" polarity="POS" type="TEST" />
<EVENT id="E45" start="2552" end="2561" text="epistaxis" modality="FACTUAL" polarity="POS" type="PROBLEM" />
<EVENT id="E29" start="1968" end="2003" text="normal left ventricular contraction" modality="FACTUAL" polarity="POS" type="OCCURRENCE" />
<EVENT id="E12" start="1368" end="1391" text="Cardiac catheterization" modality="FACTUAL" polarity="POS" type="TREATMENT" />
<EVENT id="E47" start="2625" end="2641" text="nasal hemorrhage" modality="CONDITIONAL" polarity="POS" type="PROBLEM" />
<EVENT id="E28" start="1931" end="1965" text="minimal mitral valve calcification" modality="FACTUAL" polarity="POS" type="PROBLEM" />
<EVENT id="E22" start="1716" end="1733" text="markedly elevated" modality="FACTUAL" polarity="POS" type="PROBLEM" />
<EVENT id="E27" start="1877" end="1903" text="Arterial oxygen saturation" modality="FACTUAL" polarity="POS" type="TEST" />
<EVENT id="E7" start="1209" end="1216" text="aspirin" modality="FACTUAL" polarity="POS" type="TREATMENT" />
<EVENT id="E34" start="2159" end="2184" text="mild aortic regurgitation" modality="FACTUAL" polarity="POS" type="PROBLEM" />
<EVENT id="E26" start="188" end="215" text="chronic atrial fibrillation" modality="FACTUAL" polarity="POS" type="PROBLEM" />
<EVENT id="E46" start="2581" end="2596" text="bleeding source" modality="FACTUAL" polarity="NEG" type="PROBLEM" />
<EVENT id="E37" start="2256" end="2259" text="FVC" modality="FACTUAL" polarity="POS" type="TEST" />
<EVENT id="E72" start="485" end="504" text="atrial fibrillation" modality="FACTUAL" polarity="POS" type="PROBLEM" />
<EVENT id="E31" start="2071" end="2105" text="minimal aortic valve calcification" modality="FACTUAL" polarity="POS" type="PROBLEM" />
<TIMEX3 id="T7" start="274" end="277" text="two" type="FREQUENCY" val="R2" mod="NA" />
<TIMEX3 id="T1" start="1181" end="1185" text="q.d." type="FREQUENCY" val="RPT24H" mod="NA" />
<TIMEX3 id="T10" start="417" end="422" text="age 6" type="DATE" val="1931" mod="APPROX" />
<TIMEX3 id="T6" start="18" end="26" text="11-03-93" type="DATE" val="1993-11-03" mod="NA" />
<TIMEX3 id="T9" start="293" end="296" text="one" type="FREQUENCY" val="R1" mod="NA" />
<TIMEX3 id="T3" start="1249" end="1255" text="b.i.d." type="FREQUENCY" val="RPT12H" mod="NA" />
<TIMEX3 id="T8" start="2922" end="2931" text="three day" type="DURATION" val="P3D" mod="NA" />
<TIMEX3 id="T13" start="695" end="702" text="per day" type="FREQUENCY" val="RPT24H" mod="NA" />
<TIMEX3 id="T2" start="1200" end="1206" text="b.i.d." type="FREQUENCY" val="RPT12H" mod="NA" />
<TIMEX3 id="T0" start="1051" end="1055" text="1972" type="DATE" val="1972" mod="NA" />
<TIMEX3 id="T11" start="44" end="52" text="11-06-93" type="DATE" val="1993-11-06" mod="NA" />
<TIMEX3 id="T12" start="580" end="589" text="two years" type="DURATION" val="P2Y" mod="NA" />
<TIMEX3 id="T5" start="1466" end="1473" text="the day" type="DATE" val="1993-11-03" mod="NA" />
<TIMEX3 id="T4" start="128" end="131" text="two" type="FREQUENCY" val="R2" mod="NA" />
<TLINK id="TL0" fromID="E0" fromText="ADMISSION" toID="T6" toText="11-03-93" type="OVERLAP" />
<TLINK id="TL1" fromID="E1" fromText="a partial gastrectomy" toID="T6" toText="11-03-93" type="BEFORE" />
<TLINK id="TL2" fromID="E2" fromText="a &quot; tumor &quot;" toID="T6" toText="11-03-93" type="BEFORE" />
<TLINK id="TL3" fromID="E3" fromText="an appendectomy" toID="T6" toText="11-03-93" type="BEFORE" />
<TLINK id="TL4" fromID="E4" fromText="cholecystectomy" toID="T6" toText="11-03-93" type="BEFORE" />
<TLINK id="TL5" fromID="E5" fromText="Digoxin" toID="T6" toText="11-03-93" type="BEFORE" />
<TLINK id="TL6" fromID="E6" fromText="Lasix" toID="T6" toText="11-03-93" type="BEFORE" />
<TLINK id="TL7" fromID="E7" fromText="aspirin" toID="T6" toText="11-03-93" type="BEFORE" />
<TLINK id="TL8" fromID="E8" fromText="Vanceril" toID="T6" toText="11-03-93" type="BEFORE" />
<TLINK id="TL9" fromID="E9" fromText="Transdermal nitroglycerin" toID="T6" toText="11-03-93" type="BEFORE" />
<TLINK id="TL10" fromID="E10" fromText="headache" toID="T6" toText="11-03-93" type="BEFORE" />
<TLINK id="TL11" fromID="E11" fromText="drink" toID="T6" toText="11-03-93" type="OVERLAP" />
<TLINK id="TL12" fromID="E12" fromText="Cardiac catheterization" toID="T11" toText="11-06-93" type="BEFORE" />
<TLINK id="TL13" fromID="E13" fromText="complication" toID="T11" toText="11-06-93" type="BEFORE" />
<TLINK id="TL14" fromID="E14" fromText="rheumatic fever" toID="T6" toText="11-03-93" type="BEFORE" />
<TLINK id="TL15" fromID="E15" fromText="admission" toID="T11" toText="11-06-93" type="BEFORE" />
<TLINK id="TL16" fromID="E16" fromText="Right atrial pressure" toID="T11" toText="11-06-93" type="BEFORE" />
<TLINK id="TL17" fromID="E17" fromText="tricuspid regurgitation" toID="T11" toText="11-06-93" type="BEFORE" />
<TLINK id="TL18" fromID="E18" fromText="tricuspid valve gradient" toID="T11" toText="11-06-93" type="BEFORE" />
<TLINK id="TL19" fromID="E19" fromText="Pulmonary artery pressure" toID="T11" toText="11-06-93" type="BEFORE" />
<TLINK id="TL20" fromID="E20" fromText="markedly elevated" toID="T11" toText="11-06-93" type="BEFORE" />
<TLINK id="TL21" fromID="E21" fromText="Pulmonary capillary wedge pressure" toID="T11" toText="11-06-93" type="BEFORE" />
<TLINK id="TL22" fromID="E22" fromText="markedly elevated" toID="T11" toText="11-06-93" type="BEFORE" />
<TLINK id="TL23" fromID="E23" fromText="a very large mitral valve gradient" toID="T11" toText="11-06-93" type="BEFORE" />
<TLINK id="TL24" fromID="E24" fromText="aortic valve gradient" toID="T11" toText="11-06-93" type="BEFORE" />
<TLINK id="TL25" fromID="E25" fromText="Fich cardiac output" toID="T11" toText="11-06-93" type="BEFORE" />
<TLINK id="TL26" fromID="E26" fromText="chronic atrial fibrillation" toID="T6" toText="11-03-93" type="BEFORE" />
<TLINK id="TL27" fromID="E27" fromText="Arterial oxygen saturation" toID="T11" toText="11-06-93" type="BEFORE" />
<TLINK id="TL28" fromID="E28" fromText="minimal mitral valve calcification" toID="T11" toText="11-06-93" type="BEFORE" />
<TLINK id="TL29" fromID="E29" fromText="normal left ventricular contraction" toID="T11" toText="11-06-93" type="BEFORE" />
<TLINK id="TL30" fromID="E30" fromText="2+ mitral regurgitation into a large left atrium" toID="T11" toText="11-06-93" type="BEFORE" />
<TLINK id="TL31" fromID="E31" fromText="minimal aortic valve calcification" toID="T11" toText="11-06-93" type="BEFORE" />
<TLINK id="TL32" fromID="E32" fromText="mild ______________ thickening" toID="T11" toText="11-06-93" type="BEFORE" />
<TLINK id="TL33" fromID="E33" fromText="normal open" toID="T11" toText="11-06-93" type="BEFORE" />
<TLINK id="TL34" fromID="E34" fromText="mild aortic regurgitation" toID="T11" toText="11-06-93" type="BEFORE" />
<TLINK id="TL35" fromID="E35" fromText="Coumadin" toID="T6" toText="11-03-93" type="BEFORE" />
<TLINK id="TL36" fromID="E36" fromText="mild atherosclerosis of the mid left anterior descending" toID="T11" toText="11-06-93" type="BEFORE" />
<TLINK id="TL37" fromID="E37" fromText="FVC" toID="T11" toText="11-06-93" type="BEFORE" />
<TLINK id="TL38" fromID="E38" fromText="FEV1" toID="T11" toText="11-06-93" type="BEFORE" />
<TLINK id="TL39" fromID="E39" fromText="Room air arterial blood gas" toID="T11" toText="11-06-93" type="BEFORE" />
<TLINK id="TL40" fromID="E40" fromText="bleeding from the mouth and nose" toID="T6" toText="11-03-93" type="BEFORE" />
<TLINK id="TL41" fromID="E41" fromText="a mechanical valve" toID="T11" toText="11-06-93" type="BEFORE" />
<TLINK id="TL42" fromID="E42" fromText="valve replacement" toID="T11" toText="11-06-93" type="BEFORE" />
<TLINK id="TL43" fromID="E43" fromText="commissurotomy" toID="T11" toText="11-06-93" type="BEFORE" />
<TLINK id="TL44" fromID="E44" fromText="seen" toID="T11" toText="11-06-93" type="BEFORE" />
<TLINK id="TL45" fromID="E45" fromText="epistaxis" toID="T11" toText="11-06-93" type="BEFORE" />
<TLINK id="TL46" fromID="E46" fromText="bleeding source" toID="T11" toText="11-06-93" type="BEFORE" />
<TLINK id="TL47" fromID="E47" fromText="nasal hemorrhage" toID="T11" toText="11-06-93" type="BEFORE" />
<TLINK id="TL48" fromID="E48" fromText="Coumadin" toID="T11" toText="11-06-93" type="BEFORE" />
<TLINK id="TL49" fromID="E49" fromText="interventional neuroradiology occlusion" toID="T11" toText="11-06-93" type="BEFORE" />
<TLINK id="TL50" fromID="E50" fromText="DISCHARGE" toID="T11" toText="11-06-93" type="OVERLAP" />
<TLINK id="TL51" fromID="E51" fromText="referred" toID="T11" toText="11-06-93" type="BEFORE" />
<TLINK id="TL52" fromID="E52" fromText="The procedure" toID="T11" toText="11-06-93" type="BEFORE" />
<TLINK id="TL53" fromID="E53" fromText="this admission" toID="T11" toText="11-06-93" type="BEFORE" />
<TLINK id="TL54" fromID="E54" fromText="discharged" toID="T11" toText="11-06-93" type="BEFORE" />
<TLINK id="TL55" fromID="E55" fromText="hospitalization" toID="T11" toText="11-06-93" type="BEFORE" />
<TLINK id="TL56" fromID="E56" fromText="re-admission" toID="T11" toText="11-06-93" type="AFTER" />
<TLINK id="TL57" fromID="E57" fromText="the neuroradiology procedure" toID="T11" toText="11-06-93" type="AFTER" />
<TLINK id="TL58" fromID="E58" fromText="Coumadin" toID="T11" toText="11-06-93" type="AFTER" />
<TLINK id="TL59" fromID="E59" fromText="mitral commissurotomy" toID="T11" toText="11-06-93" type="AFTER" />
<TLINK id="TL60" fromID="E60" fromText="replacement" toID="T11" toText="11-06-93" type="AFTER" />
<TLINK id="TL61" fromID="E61" fromText="prothrombin time" toID="T6" toText="11-03-93" type="BEFORE" />
<TLINK id="TL62" fromID="E62" fromText="tricuspid annuloplasty" toID="T11" toText="11-06-93" type="AFTER" />
<TLINK id="TL63" fromID="E63" fromText="Lasix" toID="T11" toText="11-06-93" type="BEFORE" />
<TLINK id="TL64" fromID="E64" fromText="increased" toID="T11" toText="11-06-93" type="BEFORE" />
<TLINK id="TL65" fromID="E65" fromText="Potassium replacement" toID="T11" toText="11-06-93" type="BEFORE" />
<TLINK id="TL66" fromID="E66" fromText="marked hyperkalemia" toID="T11" toText="11-06-93" type="BEFORE" />
<TLINK id="TL67" fromID="E67" fromText="anti-platelet agents" toID="T6" toText="11-03-93" type="BEFORE" />
<TLINK id="TL68" fromID="E68" fromText="recurrent syncope" toID="T6" toText="11-03-93" type="BEFORE" />
<TLINK id="TL69" fromID="E69" fromText="progressive heart failure" toID="T6" toText="11-03-93" type="BEFORE" />
<TLINK id="TL70" fromID="E70" fromText="A Holter" toID="T6" toText="11-03-93" type="BEFORE" />
<TLINK id="TL71" fromID="E71" fromText="showed" toID="T6" toText="11-03-93" type="BEFORE" />
<TLINK id="TL72" fromID="E72" fromText="atrial fibrillation" toID="T6" toText="11-03-93" type="BEFORE" />
<TLINK id="TL73" fromID="E73" fromText="ventricular bigemini" toID="T6" toText="11-03-93" type="BEFORE" />
<TLINK id="TL74" fromID="E74" fromText="cut down" toID="T6" toText="11-03-93" type="BEFORE" />
<TLINK id="TL75" fromID="E75" fromText="smoking" toID="T6" toText="11-03-93" type="BEFORE" />
<TLINK id="TL76" fromID="E76" fromText="smoke" toID="T6" toText="11-03-93" type="BEFORE" />
<TLINK id="TL77" fromID="E77" fromText="two puffs" toID="T6" toText="11-03-93" type="BEFORE" />
<TLINK id="TL78" fromID="E78" fromText="hypertension" toID="T6" toText="11-03-93" type="BEFORE" />
<TLINK id="TL79" fromID="E79" fromText="diabetes" toID="T6" toText="11-03-93" type="BEFORE" />
<TLINK id="TL80" fromID="E80" fromText="lowered her cholesterol" toID="T6" toText="11-03-93" type="BEFORE" />
<TLINK id="TL81" fromID="E81" fromText="changing her diet" toID="T6" toText="11-03-93" type="BEFORE" />
<TLINK id="TL82" fromID="E82" fromText="heart disease" toID="T6" toText="11-03-93" type="BEFORE" />
<TLINK id="TL83" fromID="E83" fromText="Vanceril" toID="T6" toText="11-03-93" type="BEFORE" />
<TLINK id="TL84" fromID="E84" fromText="chronic obstructive pulmonary disease" toID="T6" toText="11-03-93" type="BEFORE" />
<TLINK id="TL85" fromID="E85" fromText="proteinuria" toID="T6" toText="11-03-93" type="BEFORE" />
<TLINK id="TL86" fromID="E86" fromText="normal creatinine" toID="T6" toText="11-03-93" type="BEFORE" />
<TLINK id="TL87" fromID="T4" fromText="two" toID="E14" toText="rheumatic fever" type="OVERLAP" />
<TLINK id="TL88" fromID="E35" fromText="Coumadin" toID="E40" toText="bleeding from the mouth and nose" type="AFTER" />
<TLINK id="TL89" fromID="E40" fromText="bleeding from the mouth and nose" toID="T7" toText="two" type="OVERLAP" />
<TLINK id="TL90" fromID="E40" fromText="bleeding from the mouth and nose" toID="E61" toText="prothrombin time" type="OVERLAP" />
<TLINK id="TL91" fromID="T9" fromText="one" toID="E61" toText="prothrombin time" type="OVERLAP" />
<TLINK id="TL92" fromID="E61" fromText="prothrombin time" toID="E67" toText="anti-platelet agents" type="OVERLAP" />
<TLINK id="TL93" fromID="E68" fromText="recurrent syncope" toID="T10" toText="age 6" type="AFTER" />
<TLINK id="TL94" fromID="E70" fromText="A Holter" toID="E71" toText="showed" type="OVERLAP" />
<TLINK id="TL95" fromID="E71" fromText="showed" toID="E72" toText="atrial fibrillation" type="AFTER" />
<TLINK id="TL96" fromID="E72" fromText="atrial fibrillation" toID="E73" toText="ventricular bigemini" type="OVERLAP" />
<TLINK id="TL97" fromID="E74" fromText="cut down" toID="E75" toText="smoking" type="OVERLAP" />
<TLINK id="TL98" fromID="E75" fromText="smoking" toID="T12" toText="two years" type="AFTER" />
<TLINK id="TL99" fromID="T12" fromText="two years" toID="E76" toText="smoke" type="BEFORE" />
<TLINK id="TL100" fromID="E77" fromText="two puffs" toID="T13" toText="per day" type="OVERLAP" />
<TLINK id="TL101" fromID="E78" fromText="hypertension" toID="E79" toText="diabetes" type="OVERLAP" />
<TLINK id="TL102" fromID="E80" fromText="lowered her cholesterol" toID="E81" toText="changing her diet" type="OVERLAP" />
<TLINK id="TL103" fromID="E83" fromText="Vanceril" toID="E84" toText="chronic obstructive pulmonary disease" type="AFTER" />
<TLINK id="TL104" fromID="E85" fromText="proteinuria" toID="E86" toText="normal creatinine" type="OVERLAP" />
<TLINK id="TL105" fromID="E1" fromText="a partial gastrectomy" toID="T0" toText="1972" type="OVERLAP" />
<TLINK id="TL106" fromID="T0" fromText="1972" toID="E2" toText="a &quot; tumor &quot;" type="AFTER" />
<TLINK id="TL107" fromID="E3" fromText="an appendectomy" toID="E4" toText="cholecystectomy" type="OVERLAP" />
<TLINK id="TL108" fromID="E5" fromText="Digoxin" toID="T1" toText="q.d." type="OVERLAP" />
<TLINK id="TL109" fromID="T1" fromText="q.d." toID="E6" toText="Lasix" type="OVERLAP" />
<TLINK id="TL110" fromID="E6" fromText="Lasix" toID="T2" toText="b.i.d." type="OVERLAP" />
<TLINK id="TL111" fromID="T2" fromText="b.i.d." toID="E7" toText="aspirin" type="OVERLAP" />
<TLINK id="TL112" fromID="E7" fromText="aspirin" toID="E8" toText="Vanceril" type="OVERLAP" />
<TLINK id="TL113" fromID="E8" fromText="Vanceril" toID="T3" toText="b.i.d." type="OVERLAP" />
<TLINK id="TL114" fromID="E9" fromText="Transdermal nitroglycerin" toID="E10" toText="headache" type="AFTER" />
<TLINK id="TL115" fromID="E12" fromText="Cardiac catheterization" toID="E13" toText="complication" type="OVERLAP" />
<TLINK id="TL116" fromID="E13" fromText="complication" toID="T5" toText="the day" type="OVERLAP" />
<TLINK id="TL117" fromID="T5" fromText="the day" toID="E15" toText="admission" type="OVERLAP" />
<TLINK id="TL118" fromID="E16" fromText="Right atrial pressure" toID="E17" toText="tricuspid regurgitation" type="OVERLAP" />
<TLINK id="TL119" fromID="E19" fromText="Pulmonary artery pressure" toID="E20" toText="markedly elevated" type="OVERLAP" />
<TLINK id="TL120" fromID="E21" fromText="Pulmonary capillary wedge pressure" toID="E22" toText="markedly elevated" type="OVERLAP" />
<TLINK id="TL121" fromID="E22" fromText="markedly elevated" toID="E23" toText="a very large mitral valve gradient" type="OVERLAP" />
<TLINK id="TL122" fromID="E28" fromText="minimal mitral valve calcification" toID="E29" toText="normal left ventricular contraction" type="OVERLAP" />
<TLINK id="TL123" fromID="E28" fromText="minimal mitral valve calcification" toID="E30" toText="2+ mitral regurgitation into a large left atrium" type="OVERLAP" />
<TLINK id="TL124" fromID="E29" fromText="normal left ventricular contraction" toID="E30" toText="2+ mitral regurgitation into a large left atrium" type="OVERLAP" />
<TLINK id="TL125" fromID="E31" fromText="minimal aortic valve calcification" toID="E32" toText="mild ______________ thickening" type="OVERLAP" />
<TLINK id="TL126" fromID="E31" fromText="minimal aortic valve calcification" toID="E33" toText="normal open" type="OVERLAP" />
<TLINK id="TL127" fromID="E31" fromText="minimal aortic valve calcification" toID="E34" toText="mild aortic regurgitation" type="OVERLAP" />
<TLINK id="TL128" fromID="E32" fromText="mild ______________ thickening" toID="E33" toText="normal open" type="OVERLAP" />
<TLINK id="TL129" fromID="E33" fromText="normal open" toID="E34" toText="mild aortic regurgitation" type="AFTER" />
<TLINK id="TL130" fromID="E37" fromText="FVC" toID="E38" toText="FEV1" type="OVERLAP" />
<TLINK id="TL131" fromID="E41" fromText="a mechanical valve" toID="E42" toText="valve replacement" type="OVERLAP" />
<TLINK id="TL132" fromID="E43" fromText="commissurotomy" toID="E44" toText="seen" type="BEFORE" />
<TLINK id="TL133" fromID="E44" fromText="seen" toID="E45" toText="epistaxis" type="AFTER" />
<TLINK id="TL134" fromID="E46" fromText="bleeding source" toID="E47" toText="nasal hemorrhage" type="OVERLAP" />
<TLINK id="TL135" fromID="E52" fromText="The procedure" toID="E53" toText="this admission" type="OVERLAP" />
<TLINK id="TL136" fromID="E54" fromText="discharged" toID="T8" toText="three day" type="AFTER" />
<TLINK id="TL137" fromID="E54" fromText="discharged" toID="E55" toText="hospitalization" type="AFTER" />
<TLINK id="TL138" fromID="T8" fromText="three day" toID="E55" toText="hospitalization" type="OVERLAP" />
<TLINK id="TL139" fromID="E55" fromText="hospitalization" toID="E56" toText="re-admission" type="BEFORE" />
<TLINK id="TL140" fromID="E56" fromText="re-admission" toID="E57" toText="the neuroradiology procedure" type="BEFORE" />
<TLINK id="TL141" fromID="E58" fromText="Coumadin" toID="E59" toText="mitral commissurotomy" type="OVERLAP" />
<TLINK id="TL142" fromID="E59" fromText="mitral commissurotomy" toID="E60" toText="replacement" type="OVERLAP" />
<TLINK id="TL143" fromID="E59" fromText="mitral commissurotomy" toID="E62" toText="tricuspid annuloplasty" type="OVERLAP" />
<TLINK id="TL144" fromID="E60" fromText="replacement" toID="E62" toText="tricuspid annuloplasty" type="OVERLAP" />
<TLINK id="TL145" fromID="E63" fromText="Lasix" toID="E64" toText="increased" type="BEFORE" />
<TLINK id="TL146" fromID="E65" fromText="Potassium replacement" toID="E66" toText="marked hyperkalemia" type="AFTER" />
<TLINK id="TL147" fromID="E16" fromText="Right atrial pressure" toID="E18" toText="tricuspid valve gradient" type="OVERLAP" />
<TLINK id="TL148" fromID="E17" fromText="tricuspid regurgitation" toID="E18" toText="tricuspid valve gradient" type="OVERLAP" />
<TLINK id="TL149" fromID="E35" fromText="Coumadin" toID="E58" toText="Coumadin" type="OVERLAP" />
<TLINK id="TL150" fromID="E19" fromText="Pulmonary artery pressure" toID="E21" toText="Pulmonary capillary wedge pressure" type="OVERLAP" />
<TLINK id="TL151" fromID="E28" fromText="minimal mitral valve calcification" toID="E31" toText="minimal aortic valve calcification" type="OVERLAP" />
<TLINK id="TL152" fromID="E78" fromText="hypertension" toID="E82" toText="heart disease" type="OVERLAP" />
<TLINK id="TL153" fromID="E82" fromText="heart disease" toID="E83" toText="Vanceril" type="BEFORE" />
<TLINK id="TL154" fromID="E57" fromText="the neuroradiology procedure" toID="E58" toText="Coumadin" type="BEFORE" />
<TLINK id="TL155" fromID="E42" fromText="valve replacement" toID="E60" toText="replacement" type="OVERLAP" />
<TLINK id="TL156" fromID="E52" fromText="The procedure" toID="E54" toText="discharged" type="BEFORE" />
<TLINK id="TL157" fromID="E58" fromText="Coumadin" toID="E63" toText="Lasix" type="OVERLAP" />
<TLINK id="TL158" fromID="E46" fromText="bleeding source" toID="E51" toText="referred" type="OVERLAP" />
<TLINK id="TL159" fromID="E25" fromText="Fich cardiac output" toID="E27" toText="Arterial oxygen saturation" type="OVERLAP" />
<TLINK id="TL160" fromID="E83" fromText="Vanceril" toID="E8" toText="Vanceril" type="OVERLAP" />
<TLINK id="TL161" fromID="E26" fromText="chronic atrial fibrillation" toID="E72" toText="atrial fibrillation" type="OVERLAP" />
<TLINK id="TL162" fromID="E20" fromText="markedly elevated" toID="E22" toText="markedly elevated" type="OVERLAP" />
<TLINK id="TL163" fromID="E52" fromText="The procedure" toID="E57" toText="the neuroradiology procedure" type="OVERLAP" />
<TLINK id="TL164" fromID="E82" fromText="heart disease" toID="E84" toText="chronic obstructive pulmonary disease" type="OVERLAP" />
<TLINK id="TL165" fromID="E48" fromText="Coumadin" toID="E58" toText="Coumadin" type="OVERLAP" />
<TLINK id="TL166" fromID="E24" fromText="aortic valve gradient" toID="E25" toText="Fich cardiac output" type="BEFORE" />
<TLINK id="TL167" fromID="E17" fromText="tricuspid regurgitation" toID="E34" toText="mild aortic regurgitation" type="OVERLAP" />
<TLINK id="TL168" fromID="E39" fromText="Room air arterial blood gas" toID="E41" toText="a mechanical valve" type="BEFORE" />
<TLINK id="TL169" fromID="E36" fromText="mild atherosclerosis of the mid left anterior descending" toID="E37" toText="FVC" type="BEFORE" />
<TLINK id="TL170" fromID="E6" fromText="Lasix" toID="E63" toText="Lasix" type="OVERLAP" />
<TLINK id="TL171" fromID="E18" fromText="tricuspid valve gradient" toID="E23" toText="a very large mitral valve gradient" type="OVERLAP" />
<TLINK id="TL172" fromID="E15" fromText="admission" toID="E16" toText="Right atrial pressure" type="OVERLAP" />
<TLINK id="TL173" fromID="E35" fromText="Coumadin" toID="E48" toText="Coumadin" type="OVERLAP" />
<TLINK id="TL174" fromID="E41" fromText="a mechanical valve" toID="E46" toText="bleeding source" type="OVERLAP" />
<TLINK id="TL175" fromID="E18" fromText="tricuspid valve gradient" toID="E24" toText="aortic valve gradient" type="OVERLAP" />
<TLINK id="TL176" fromID="E53" fromText="this admission" toID="E54" toText="discharged" type="BEFORE" />
<TLINK id="TL177" fromID="E23" fromText="a very large mitral valve gradient" toID="E24" toText="aortic valve gradient" type="OVERLAP" />
<TLINK id="TL178" fromID="E51" fromText="referred" toID="E52" toText="The procedure" type="OVERLAP" />
<TLINK id="TL179" fromID="E62" fromText="tricuspid annuloplasty" toID="E63" toText="Lasix" type="OVERLAP" />
<TLINK id="TL180" fromID="E60" fromText="replacement" toID="E65" toText="Potassium replacement" type="OVERLAP" />
<TLINK id="TL181" fromID="E45" fromText="epistaxis" toID="E46" toText="bleeding source" type="OVERLAP" />
<TLINK id="TL182" fromID="E49" fromText="interventional neuroradiology occlusion" toID="E51" toText="referred" type="BEFORE" />
<TLINK id="TL183" fromID="E43" fromText="commissurotomy" toID="E59" toText="mitral commissurotomy" type="OVERLAP" />
<TLINK id="TL184" fromID="E12" fromText="Cardiac catheterization" toID="E16" toText="Right atrial pressure" type="OVERLAP" />
<TLINK id="TL185" fromID="E37" fromText="FVC" toID="E39" toText="Room air arterial blood gas" type="OVERLAP" />
<TLINK id="TL186" fromID="E21" fromText="Pulmonary capillary wedge pressure" toID="E24" toText="aortic valve gradient" type="OVERLAP" />
<SECTIME id="S1" start="44" end="52" text="11-06-93" type="DISCHARGE" dvalue="1993-11-06" />
<SECTIME id="S0" start="18" end="26" text="11-03-93" type="ADMISSION" dvalue="1993-11-03" />
</TAGS>
</ClinicalNarrativeTemporalAnnotation>
