<?xml version="1.0" encoding="UTF-8" ?>
<ClinicalNarrativeTemporalAnnotation>
<TEXT><![CDATA[
Admission Date :
06/09/1998
Discharge Date :
06/12/1998
HISTORY OF PRESENT ILLNESS :
The patient is an 82 year-old right handed gentleman who has a past medical history of hypertension and tobacco use presented to the emergency room with acute change in mental status .
He was well until the evening prior to presentation to the emergency room when he complained of headache across the forehead .
On the day of presentation , he was then found by his daughter lying on his bed groaning , being relatively unresponsive and unable to speak .
The family reported one episode of vomiting at home .
HOSPITAL COURSE :
The patient was admitted to a telemetry bed and started on heparin .
Around 4:00 AM the next day , an acute decompensation in respiratory status was noted .
Lung examination at that point showed good air entry , no wheezing , coarse breath sounds throughout .
Neurologically , the patient was not following commands .
Eyes were closed .
He was moving the right arm and leg spontaneously , though less than before .
Withdrawal to pain was still present .
Both plantars were upgoing .
A blood gas at this point showed a pH of 7.49 , pO2 61 , pCO2 of 33 on 100% non-rebreather mask .
EKG showed sinus tachycardia .
The patient &apos;s temperature was 102 degrees .
A repeat CAT scan of the head was performed .
This showed continued evolution of the right posterior cerebral artery infarction now extending into the right cerebellar hemisphere .
There was also a high density adjacent to the right cerebellar infarction suggesting the presence of hemorrhage .
At this point , the patient was transferred to the intensive care unit .
An MRI and MRA of the head was arranged to evaluate the extent of his stroke and the posterior circulation .
The MRI showed infarct of the cerebellar hemispheres bilaterally , the right occipital lobe , the right thalamus and bilateral pons .
The MRA of the intracranial circulation demonstrated gross patency of the internal carotid arteries bilaterally and the basilar arteries .
The left vertebral artery was not visualized .
There was a dominant right vertebral artery .
There was mildly reduced flow in the branches of the right middle cerebral artery compared to the left .
There was visualization of flow within both posterior cerebral arteries .
Clinically , the patient continued to deteriorate .
Neurosurgery was consulted , however the neurosurgeons felt that there was no surgical option , since even in the case of cerebellar swelling , there would be no improvement from decompensation .
The patient was therefore treated conservatively with fluid restriction and blood pressure management .
Heparin was discontinued because of the risk of intercerebral hemorrhage .
The aspiration pneumonia was treated with Cefotaxime and Metronidazole .
The patient &apos;s family was involved and they decided to opt for DNR / DNI in view of the poor prognosis .
The patient passed away at 6:45 AM on June 12 , 1998 .
]]></TEXT>
<TAGS>
<EVENT id="E3" start="1086" end="1093" text="upgoing" modality="FACTUAL" polarity="POS" type="OCCURRENCE" />
<EVENT id="E40" start="2349" end="2361" text="Neurosurgery" modality="FACTUAL" polarity="POS" type="OCCURRENCE" />
<EVENT id="E53" start="278" end="282" text="well" modality="FACTUAL" polarity="POS" type="OCCURRENCE" />
<EVENT id="E32" start="1926" end="1938" text="demonstrated" modality="FACTUAL" polarity="POS" type="EVIDENTIAL" />
<EVENT id="E46" start="2528" end="2542" text="decompensation" modality="FACTUAL" polarity="POS" type="PROBLEM" />
<EVENT id="E21" start="1617" end="1640" text="the intensive care unit" modality="FACTUAL" polarity="POS" type="CLINICAL_DEPT" />
<EVENT id="E68" start="576" end="584" text="vomiting" modality="FACTUAL" polarity="POS" type="PROBLEM" />
<EVENT id="E52" start="2766" end="2776" text="Cefotaxime" modality="FACTUAL" polarity="POS" type="TREATMENT" />
<EVENT id="E28" start="1760" end="1766" text="showed" modality="FACTUAL" polarity="POS" type="EVIDENTIAL" />
<EVENT id="E26" start="1724" end="1749" text="the posterior circulation" modality="FACTUAL" polarity="POS" type="OCCURRENCE" />
<EVENT id="E71" start="672" end="679" text="heparin" modality="FACTUAL" polarity="POS" type="TREATMENT" />
<EVENT id="E61" start="353" end="363" text="complained" modality="FACTUAL" polarity="POS" type="EVIDENTIAL" />
<EVENT id="E67" start="552" end="560" text="reported" modality="FACTUAL" polarity="POS" type="EVIDENTIAL" />
<EVENT id="E44" start="2471" end="2490" text="cerebellar swelling" modality="POSSIBLE" polarity="POS" type="PROBLEM" />
<EVENT id="E16" start="1356" end="1402" text="the right posterior cerebral artery infarction" modality="FACTUAL" polarity="POS" type="PROBLEM" />
<EVENT id="E39" start="2322" end="2346" text="continued to deteriorate" modality="FACTUAL" polarity="POS" type="PROBLEM" />
<EVENT id="E60" start="326" end="344" text="the emergency room" modality="FACTUAL" polarity="POS" type="CLINICAL_DEPT" />
<EVENT id="E14" start="1275" end="1304" text="A repeat CAT scan of the head" modality="FACTUAL" polarity="POS" type="TEST" />
<EVENT id="E20" start="1602" end="1613" text="transferred" modality="FACTUAL" polarity="POS" type="OCCURRENCE" />
<EVENT id="E65" start="495" end="518" text="relatively unresponsive" modality="FACTUAL" polarity="POS" type="PROBLEM" />
<EVENT id="E27" start="1752" end="1759" text="The MRI" modality="FACTUAL" polarity="POS" type="TEST" />
<EVENT id="E1" start="1028" end="1046" text="Withdrawal to pain" modality="FACTUAL" polarity="POS" type="TEST" />
<EVENT id="E49" start="2649" end="2656" text="Heparin" modality="FACTUAL" polarity="POS" type="TREATMENT" />
<EVENT id="E18" start="1498" end="1529" text="the right cerebellar infarction" modality="FACTUAL" polarity="POS" type="PROBLEM" />
<EVENT id="E35" start="2059" end="2069" text="visualized" modality="FACTUAL" polarity="NEG" type="OCCURRENCE" />
<EVENT id="E6" start="1129" end="1133" text="a pH" modality="FACTUAL" polarity="POS" type="TEST" />
<EVENT id="E15" start="1326" end="1332" text="showed" modality="FACTUAL" polarity="POS" type="EVIDENTIAL" />
<EVENT id="E11" start="1198" end="1204" text="showed" modality="FACTUAL" polarity="POS" type="EVIDENTIAL" />
<EVENT id="E80" start="957" end="999" text="moving the right arm and leg spontaneously" modality="FACTUAL" polarity="POS" type="OCCURRENCE" />
<EVENT id="E57" start="29" end="38" text="Discharge" modality="FACTUAL" polarity="POS" type="OCCURRENCE" />
<EVENT id="E17" start="1471" end="1485" text="a high density" modality="FACTUAL" polarity="POS" type="PROBLEM" />
<EVENT id="E48" start="2621" end="2646" text="blood pressure management" modality="FACTUAL" polarity="POS" type="TREATMENT" />
<EVENT id="E33" start="1939" end="2022" text="gross patency of the internal carotid arteries bilaterally and the basilar arteries" modality="FACTUAL" polarity="POS" type="PROBLEM" />
<EVENT id="E54" start="2781" end="2794" text="Metronidazole" modality="FACTUAL" polarity="POS" type="TREATMENT" />
<EVENT id="E4" start="1096" end="1107" text="A blood gas" modality="FACTUAL" polarity="POS" type="TEST" />
<EVENT id="E12" start="1205" end="1222" text="sinus tachycardia" modality="FACTUAL" polarity="POS" type="PROBLEM" />
<EVENT id="E64" start="461" end="486" text="lying on his bed groaning" modality="FACTUAL" polarity="POS" type="PROBLEM" />
<EVENT id="E66" start="523" end="538" text="unable to speak" modality="FACTUAL" polarity="POS" type="PROBLEM" />
<EVENT id="E72" start="712" end="757" text="an acute decompensation in respiratory status" modality="FACTUAL" polarity="POS" type="PROBLEM" />
<EVENT id="E62" start="367" end="395" text="headache across the forehead" modality="FACTUAL" polarity="POS" type="PROBLEM" />
<EVENT id="E79" start="931" end="947" text="Eyes were closed" modality="FACTUAL" polarity="POS" type="OCCURRENCE" />
<EVENT id="E77" start="839" end="870" text="coarse breath sounds throughout" modality="FACTUAL" polarity="POS" type="PROBLEM" />
<EVENT id="E19" start="1557" end="1567" text="hemorrhage" modality="POSSIBLE" polarity="POS" type="PROBLEM" />
<EVENT id="E31" start="190" end="201" text="tobacco use" modality="FACTUAL" polarity="POS" type="PROBLEM" />
<EVENT id="E63" start="439" end="444" text="found" modality="FACTUAL" polarity="POS" type="OCCURRENCE" />
<EVENT id="E74" start="770" end="786" text="Lung examination" modality="FACTUAL" polarity="POS" type="TEST" />
<EVENT id="E7" start="1144" end="1147" text="pO2" modality="FACTUAL" polarity="POS" type="TEST" />
<EVENT id="E22" start="1643" end="1649" text="An MRI" modality="FACTUAL" polarity="POS" type="TEST" />
<EVENT id="E8" start="1153" end="1157" text="pCO2" modality="FACTUAL" polarity="POS" type="TEST" />
<EVENT id="E25" start="173" end="185" text="hypertension" modality="FACTUAL" polarity="POS" type="PROBLEM" />
<EVENT id="E10" start="1194" end="1197" text="EKG" modality="FACTUAL" polarity="POS" type="TEST" />
<EVENT id="E59" start="310" end="322" text="presentation" modality="FACTUAL" polarity="POS" type="OCCURRENCE" />
<EVENT id="E55" start="2865" end="2874" text="DNR / DNI" modality="FACTUAL" polarity="POS" type="TREATMENT" />
<EVENT id="E45" start="2511" end="2522" text="improvement" modality="CONDITIONAL" polarity="NEG" type="OCCURRENCE" />
<EVENT id="E30" start="1886" end="1925" text="The MRA of the intracranial circulation" modality="FACTUAL" polarity="POS" type="TEST" />
<EVENT id="E0" start="1" end="10" text="Admission" modality="FACTUAL" polarity="POS" type="OCCURRENCE" />
<EVENT id="E5" start="1122" end="1128" text="showed" modality="FACTUAL" polarity="POS" type="EVIDENTIAL" />
<EVENT id="E36" start="2128" end="2147" text="mildly reduced flow" modality="FACTUAL" polarity="POS" type="PROBLEM" />
<EVENT id="E50" start="2697" end="2721" text="intercerebral hemorrhage" modality="CONDITIONAL" polarity="POS" type="PROBLEM" />
<EVENT id="E76" start="828" end="836" text="wheezing" modality="FACTUAL" polarity="NEG" type="PROBLEM" />
<EVENT id="E73" start="762" end="767" text="noted" modality="FACTUAL" polarity="POS" type="EVIDENTIAL" />
<EVENT id="E75" start="801" end="807" text="showed" modality="FACTUAL" polarity="POS" type="EVIDENTIAL" />
<EVENT id="E34" start="202" end="211" text="presented" modality="FACTUAL" polarity="POS" type="OCCURRENCE" />
<EVENT id="E78" start="910" end="928" text="following commands" modality="FACTUAL" polarity="NEG" type="PROBLEM" />
<EVENT id="E58" start="2919" end="2930" text="passed away" modality="FACTUAL" polarity="POS" type="OCCURRENCE" />
<EVENT id="E2" start="1057" end="1064" text="present" modality="FACTUAL" polarity="POS" type="OCCURRENCE" />
<EVENT id="E42" start="239" end="268" text="acute change in mental status" modality="FACTUAL" polarity="POS" type="PROBLEM" />
<EVENT id="E23" start="1654" end="1669" text="MRA of the head" modality="FACTUAL" polarity="POS" type="TEST" />
<EVENT id="E47" start="2599" end="2616" text="fluid restriction" modality="FACTUAL" polarity="POS" type="TREATMENT" />
<EVENT id="E56" start="2886" end="2904" text="the poor prognosis" modality="FACTUAL" polarity="POS" type="OCCURRENCE" />
<EVENT id="E37" start="215" end="233" text="the emergency room" modality="FACTUAL" polarity="POS" type="CLINICAL_DEPT" />
<EVENT id="E13" start="1225" end="1256" text="The patient &apos;s temperature" modality="FACTUAL" polarity="POS" type="TEST" />
<EVENT id="E29" start="1767" end="1883" text="infarct of the cerebellar hemispheres bilaterally , the right occipital lobe , the right thalamus and bilateral pons" modality="FACTUAL" polarity="POS" type="PROBLEM" />
<EVENT id="E41" start="2366" end="2375" text="consulted" modality="FACTUAL" polarity="POS" type="OCCURRENCE" />
<EVENT id="E24" start="1709" end="1719" text="his stroke" modality="FACTUAL" polarity="POS" type="PROBLEM" />
<EVENT id="E38" start="2297" end="2307" text="Clinically" modality="FACTUAL" polarity="POS" type="OCCURRENCE" />
<EVENT id="E43" start="2427" end="2442" text="surgical option" modality="FACTUAL" polarity="NEG" type="TREATMENT" />
<EVENT id="E51" start="2724" end="2748" text="The aspiration pneumonia" modality="FACTUAL" polarity="POS" type="PROBLEM" />
<EVENT id="E70" start="641" end="656" text="a telemetry bed" modality="FACTUAL" polarity="POS" type="OCCURRENCE" />
<EVENT id="E9" start="1167" end="1191" text="100% non-rebreather mask" modality="FACTUAL" polarity="POS" type="TREATMENT" />
<EVENT id="E69" start="629" end="637" text="admitted" modality="FACTUAL" polarity="POS" type="OCCURRENCE" />
<TIMEX3 id="T5" start="689" end="709" text="4:00 AM the next day" type="TIME" val="1998-06-10T04:00" mod="APPROX" />
<TIMEX3 id="T0" start="18" end="28" text="06/09/1998" type="DATE" val="1998-06-09" mod="NA" />
<TIMEX3 id="T2" start="2934" end="2959" text="6:45 AM on June 12 , 1998" type="TIME" val="1998-06-12T06:45" mod="NA" />
<TIMEX3 id="T3" start="401" end="424" text="the day of presentation" type="DATE" val="1998-06-09" mod="NA" />
<TIMEX3 id="T1" start="289" end="300" text="the evening" type="DATE" val="1998-06-08" mod="END" />
<TIMEX3 id="T6" start="790" end="800" text="that point" type="TIME" val="1998-06-10T04:00" mod="APPROX" />
<TIMEX3 id="T4" start="46" end="56" text="06/12/1998" type="DATE" val="1998-06-12" mod="NA" />
<TLINK id="TL0" fromID="E0" fromText="Admission" toID="T0" toText="06/09/1998" type="OVERLAP" />
<TLINK id="TL1" fromID="E1" fromText="Withdrawal to pain" toID="T4" toText="06/12/1998" type="BEFORE" />
<TLINK id="TL2" fromID="E2" fromText="present" toID="T4" toText="06/12/1998" type="BEFORE" />
<TLINK id="TL3" fromID="E3" fromText="upgoing" toID="T4" toText="06/12/1998" type="BEFORE" />
<TLINK id="TL4" fromID="E4" fromText="A blood gas" toID="T4" toText="06/12/1998" type="BEFORE" />
<TLINK id="TL5" fromID="E5" fromText="showed" toID="T4" toText="06/12/1998" type="BEFORE" />
<TLINK id="TL6" fromID="E6" fromText="a pH" toID="T4" toText="06/12/1998" type="BEFORE" />
<TLINK id="TL7" fromID="E7" fromText="pO2" toID="T4" toText="06/12/1998" type="BEFORE" />
<TLINK id="TL8" fromID="E8" fromText="pCO2" toID="T4" toText="06/12/1998" type="BEFORE" />
<TLINK id="TL9" fromID="E9" fromText="100% non-rebreather mask" toID="T4" toText="06/12/1998" type="BEFORE" />
<TLINK id="TL10" fromID="E10" fromText="EKG" toID="T4" toText="06/12/1998" type="BEFORE" />
<TLINK id="TL11" fromID="E11" fromText="showed" toID="T4" toText="06/12/1998" type="BEFORE" />
<TLINK id="TL12" fromID="E12" fromText="sinus tachycardia" toID="T4" toText="06/12/1998" type="BEFORE" />
<TLINK id="TL13" fromID="E13" fromText="The patient &apos;s temperature" toID="T4" toText="06/12/1998" type="BEFORE" />
<TLINK id="TL14" fromID="E14" fromText="A repeat CAT scan of the head" toID="T4" toText="06/12/1998" type="BEFORE" />
<TLINK id="TL15" fromID="E15" fromText="showed" toID="T4" toText="06/12/1998" type="BEFORE" />
<TLINK id="TL16" fromID="E16" fromText="the right posterior cerebral artery infarction" toID="T4" toText="06/12/1998" type="BEFORE" />
<TLINK id="TL17" fromID="E17" fromText="a high density" toID="T4" toText="06/12/1998" type="BEFORE" />
<TLINK id="TL18" fromID="E18" fromText="the right cerebellar infarction" toID="T4" toText="06/12/1998" type="BEFORE" />
<TLINK id="TL19" fromID="E19" fromText="hemorrhage" toID="T4" toText="06/12/1998" type="BEFORE" />
<TLINK id="TL20" fromID="E20" fromText="transferred" toID="T4" toText="06/12/1998" type="BEFORE" />
<TLINK id="TL21" fromID="E21" fromText="the intensive care unit" toID="T4" toText="06/12/1998" type="BEFORE" />
<TLINK id="TL22" fromID="E22" fromText="An MRI" toID="T4" toText="06/12/1998" type="BEFORE" />
<TLINK id="TL23" fromID="E23" fromText="MRA of the head" toID="T4" toText="06/12/1998" type="BEFORE" />
<TLINK id="TL24" fromID="E24" fromText="his stroke" toID="T4" toText="06/12/1998" type="BEFORE" />
<TLINK id="TL25" fromID="E25" fromText="hypertension" toID="T0" toText="06/09/1998" type="BEFORE" />
<TLINK id="TL26" fromID="E26" fromText="the posterior circulation" toID="T4" toText="06/12/1998" type="BEFORE" />
<TLINK id="TL27" fromID="E27" fromText="The MRI" toID="T4" toText="06/12/1998" type="BEFORE" />
<TLINK id="TL28" fromID="E28" fromText="showed" toID="T4" toText="06/12/1998" type="BEFORE" />
<TLINK id="TL29" fromID="E29" fromText="infarct of the cerebellar hemispheres bilaterally , the right occipital lobe , the right thalamus and bilateral pons" toID="T4" toText="06/12/1998" type="BEFORE" />
<TLINK id="TL30" fromID="E30" fromText="The MRA of the intracranial circulation" toID="T4" toText="06/12/1998" type="BEFORE" />
<TLINK id="TL31" fromID="E31" fromText="tobacco use" toID="T0" toText="06/09/1998" type="BEFORE" />
<TLINK id="TL32" fromID="E32" fromText="demonstrated" toID="T4" toText="06/12/1998" type="BEFORE" />
<TLINK id="TL33" fromID="E33" fromText="gross patency of the internal carotid arteries bilaterally and the basilar arteries" toID="T4" toText="06/12/1998" type="BEFORE" />
<TLINK id="TL34" fromID="E34" fromText="presented" toID="T0" toText="06/09/1998" type="BEFORE" />
<TLINK id="TL35" fromID="E35" fromText="visualized" toID="T4" toText="06/12/1998" type="BEFORE" />
<TLINK id="TL36" fromID="E36" fromText="mildly reduced flow" toID="T4" toText="06/12/1998" type="BEFORE" />
<TLINK id="TL37" fromID="E37" fromText="the emergency room" toID="T0" toText="06/09/1998" type="BEFORE" />
<TLINK id="TL38" fromID="E38" fromText="Clinically" toID="T4" toText="06/12/1998" type="BEFORE" />
<TLINK id="TL39" fromID="E39" fromText="continued to deteriorate" toID="T4" toText="06/12/1998" type="BEFORE" />
<TLINK id="TL40" fromID="E40" fromText="Neurosurgery" toID="T4" toText="06/12/1998" type="BEFORE" />
<TLINK id="TL41" fromID="E41" fromText="consulted" toID="T4" toText="06/12/1998" type="BEFORE" />
<TLINK id="TL42" fromID="E42" fromText="acute change in mental status" toID="T0" toText="06/09/1998" type="BEFORE" />
<TLINK id="TL43" fromID="E43" fromText="surgical option" toID="T4" toText="06/12/1998" type="BEFORE" />
<TLINK id="TL44" fromID="E44" fromText="cerebellar swelling" toID="T4" toText="06/12/1998" type="BEFORE" />
<TLINK id="TL45" fromID="E45" fromText="improvement" toID="T4" toText="06/12/1998" type="BEFORE" />
<TLINK id="TL46" fromID="E46" fromText="decompensation" toID="T4" toText="06/12/1998" type="BEFORE" />
<TLINK id="TL47" fromID="E47" fromText="fluid restriction" toID="T4" toText="06/12/1998" type="BEFORE" />
<TLINK id="TL48" fromID="E48" fromText="blood pressure management" toID="T4" toText="06/12/1998" type="BEFORE" />
<TLINK id="TL49" fromID="E49" fromText="Heparin" toID="T4" toText="06/12/1998" type="BEFORE" />
<TLINK id="TL50" fromID="E50" fromText="intercerebral hemorrhage" toID="T4" toText="06/12/1998" type="BEFORE" />
<TLINK id="TL51" fromID="E51" fromText="The aspiration pneumonia" toID="T4" toText="06/12/1998" type="BEFORE" />
<TLINK id="TL52" fromID="E52" fromText="Cefotaxime" toID="T4" toText="06/12/1998" type="BEFORE" />
<TLINK id="TL53" fromID="E53" fromText="well" toID="T0" toText="06/09/1998" type="BEFORE" />
<TLINK id="TL54" fromID="E54" fromText="Metronidazole" toID="T4" toText="06/12/1998" type="BEFORE" />
<TLINK id="TL55" fromID="E55" fromText="DNR / DNI" toID="T4" toText="06/12/1998" type="BEFORE" />
<TLINK id="TL56" fromID="E56" fromText="the poor prognosis" toID="T4" toText="06/12/1998" type="BEFORE" />
<TLINK id="TL57" fromID="E57" fromText="Discharge" toID="T4" toText="06/12/1998" type="OVERLAP" />
<TLINK id="TL58" fromID="E58" fromText="passed away" toID="T4" toText="06/12/1998" type="OVERLAP" />
<TLINK id="TL59" fromID="E59" fromText="presentation" toID="T0" toText="06/09/1998" type="BEFORE" />
<TLINK id="TL60" fromID="E60" fromText="the emergency room" toID="T0" toText="06/09/1998" type="BEFORE" />
<TLINK id="TL61" fromID="E61" fromText="complained" toID="T0" toText="06/09/1998" type="BEFORE" />
<TLINK id="TL62" fromID="E62" fromText="headache across the forehead" toID="T0" toText="06/09/1998" type="BEFORE" />
<TLINK id="TL63" fromID="E63" fromText="found" toID="T0" toText="06/09/1998" type="BEFORE" />
<TLINK id="TL64" fromID="E64" fromText="lying on his bed groaning" toID="T0" toText="06/09/1998" type="BEFORE" />
<TLINK id="TL65" fromID="E65" fromText="relatively unresponsive" toID="T0" toText="06/09/1998" type="BEFORE" />
<TLINK id="TL66" fromID="E66" fromText="unable to speak" toID="T0" toText="06/09/1998" type="BEFORE" />
<TLINK id="TL67" fromID="E67" fromText="reported" toID="T0" toText="06/09/1998" type="BEFORE" />
<TLINK id="TL68" fromID="E68" fromText="vomiting" toID="T0" toText="06/09/1998" type="BEFORE" />
<TLINK id="TL69" fromID="E69" fromText="admitted" toID="T4" toText="06/12/1998" type="BEFORE" />
<TLINK id="TL70" fromID="E70" fromText="a telemetry bed" toID="T4" toText="06/12/1998" type="BEFORE" />
<TLINK id="TL71" fromID="E71" fromText="heparin" toID="T4" toText="06/12/1998" type="BEFORE" />
<TLINK id="TL72" fromID="E72" fromText="an acute decompensation in respiratory status" toID="T4" toText="06/12/1998" type="BEFORE" />
<TLINK id="TL73" fromID="E73" fromText="noted" toID="T4" toText="06/12/1998" type="BEFORE" />
<TLINK id="TL74" fromID="E74" fromText="Lung examination" toID="T4" toText="06/12/1998" type="BEFORE" />
<TLINK id="TL75" fromID="E75" fromText="showed" toID="T4" toText="06/12/1998" type="BEFORE" />
<TLINK id="TL76" fromID="E76" fromText="wheezing" toID="T4" toText="06/12/1998" type="BEFORE" />
<TLINK id="TL77" fromID="E77" fromText="coarse breath sounds throughout" toID="T4" toText="06/12/1998" type="BEFORE" />
<TLINK id="TL78" fromID="E78" fromText="following commands" toID="T4" toText="06/12/1998" type="BEFORE" />
<TLINK id="TL79" fromID="E79" fromText="Eyes were closed" toID="T4" toText="06/12/1998" type="BEFORE" />
<TLINK id="TL80" fromID="E80" fromText="moving the right arm and leg spontaneously" toID="T4" toText="06/12/1998" type="BEFORE" />
<TLINK id="TL81" fromID="E25" fromText="hypertension" toID="E31" toText="tobacco use" type="OVERLAP" />
<TLINK id="TL82" fromID="E31" fromText="tobacco use" toID="E34" toText="presented" type="BEFORE" />
<TLINK id="TL83" fromID="E34" fromText="presented" toID="E37" toText="the emergency room" type="BEFORE" />
<TLINK id="TL84" fromID="E34" fromText="presented" toID="E42" toText="acute change in mental status" type="AFTER" />
<TLINK id="TL85" fromID="E37" fromText="the emergency room" toID="E42" toText="acute change in mental status" type="AFTER" />
<TLINK id="TL86" fromID="E53" fromText="well" toID="T1" toText="the evening" type="BEFORE" />
<TLINK id="TL87" fromID="T1" fromText="the evening" toID="E59" toText="presentation" type="BEFORE" />
<TLINK id="TL88" fromID="E59" fromText="presentation" toID="E60" toText="the emergency room" type="BEFORE" />
<TLINK id="TL89" fromID="E60" fromText="the emergency room" toID="E61" toText="complained" type="OVERLAP" />
<TLINK id="TL90" fromID="E61" fromText="complained" toID="E62" toText="headache across the forehead" type="AFTER" />
<TLINK id="TL91" fromID="T3" fromText="the day of presentation" toID="E63" toText="found" type="OVERLAP" />
<TLINK id="TL92" fromID="E63" fromText="found" toID="E64" toText="lying on his bed groaning" type="AFTER" />
<TLINK id="TL93" fromID="E64" fromText="lying on his bed groaning" toID="E65" toText="relatively unresponsive" type="OVERLAP" />
<TLINK id="TL94" fromID="E65" fromText="relatively unresponsive" toID="E66" toText="unable to speak" type="OVERLAP" />
<TLINK id="TL95" fromID="E67" fromText="reported" toID="E68" toText="vomiting" type="AFTER" />
<TLINK id="TL96" fromID="E69" fromText="admitted" toID="E70" toText="a telemetry bed" type="BEFORE" />
<TLINK id="TL97" fromID="E70" fromText="a telemetry bed" toID="E71" toText="heparin" type="BEFORE" />
<TLINK id="TL98" fromID="T5" fromText="4:00 AM the next day" toID="E72" toText="an acute decompensation in respiratory status" type="OVERLAP" />
<TLINK id="TL99" fromID="T5" fromText="4:00 AM the next day" toID="E73" toText="noted" type="OVERLAP" />
<TLINK id="TL100" fromID="E72" fromText="an acute decompensation in respiratory status" toID="E73" toText="noted" type="OVERLAP" />
<TLINK id="TL101" fromID="E74" fromText="Lung examination" toID="T6" toText="that point" type="OVERLAP" />
<TLINK id="TL102" fromID="E74" fromText="Lung examination" toID="E75" toText="showed" type="OVERLAP" />
<TLINK id="TL103" fromID="T6" fromText="that point" toID="E75" toText="showed" type="OVERLAP" />
<TLINK id="TL104" fromID="E75" fromText="showed" toID="E76" toText="wheezing" type="AFTER" />
<TLINK id="TL105" fromID="E75" fromText="showed" toID="E77" toText="coarse breath sounds throughout" type="AFTER" />
<TLINK id="TL106" fromID="E76" fromText="wheezing" toID="E77" toText="coarse breath sounds throughout" type="OVERLAP" />
<TLINK id="TL107" fromID="E1" fromText="Withdrawal to pain" toID="E2" toText="present" type="OVERLAP" />
<TLINK id="TL108" fromID="E4" fromText="A blood gas" toID="E5" toText="showed" type="OVERLAP" />
<TLINK id="TL109" fromID="E5" fromText="showed" toID="E6" toText="a pH" type="OVERLAP" />
<TLINK id="TL110" fromID="E5" fromText="showed" toID="E9" toText="100% non-rebreather mask" type="AFTER" />
<TLINK id="TL111" fromID="E6" fromText="a pH" toID="E7" toText="pO2" type="OVERLAP" />
<TLINK id="TL112" fromID="E7" fromText="pO2" toID="E8" toText="pCO2" type="OVERLAP" />
<TLINK id="TL113" fromID="E8" fromText="pCO2" toID="E9" toText="100% non-rebreather mask" type="OVERLAP" />
<TLINK id="TL114" fromID="E10" fromText="EKG" toID="E11" toText="showed" type="OVERLAP" />
<TLINK id="TL115" fromID="E11" fromText="showed" toID="E12" toText="sinus tachycardia" type="AFTER" />
<TLINK id="TL116" fromID="E15" fromText="showed" toID="E16" toText="the right posterior cerebral artery infarction" type="AFTER" />
<TLINK id="TL117" fromID="E17" fromText="a high density" toID="E18" toText="the right cerebellar infarction" type="OVERLAP" />
<TLINK id="TL118" fromID="E18" fromText="the right cerebellar infarction" toID="E19" toText="hemorrhage" type="OVERLAP" />
<TLINK id="TL119" fromID="E20" fromText="transferred" toID="E21" toText="the intensive care unit" type="BEFORE" />
<TLINK id="TL120" fromID="E22" fromText="An MRI" toID="E23" toText="MRA of the head" type="OVERLAP" />
<TLINK id="TL121" fromID="E23" fromText="MRA of the head" toID="E24" toText="his stroke" type="AFTER" />
<TLINK id="TL122" fromID="E24" fromText="his stroke" toID="E26" toText="the posterior circulation" type="BEFORE" />
<TLINK id="TL123" fromID="E27" fromText="The MRI" toID="E28" toText="showed" type="OVERLAP" />
<TLINK id="TL124" fromID="E28" fromText="showed" toID="E29" toText="infarct of the cerebellar hemispheres bilaterally , the right occipital lobe , the right thalamus and bilateral pons" type="AFTER" />
<TLINK id="TL125" fromID="E30" fromText="The MRA of the intracranial circulation" toID="E32" toText="demonstrated" type="OVERLAP" />
<TLINK id="TL126" fromID="E32" fromText="demonstrated" toID="E33" toText="gross patency of the internal carotid arteries bilaterally and the basilar arteries" type="AFTER" />
<TLINK id="TL127" fromID="E38" fromText="Clinically" toID="E39" toText="continued to deteriorate" type="OVERLAP" />
<TLINK id="TL128" fromID="E40" fromText="Neurosurgery" toID="E41" toText="consulted" type="OVERLAP" />
<TLINK id="TL129" fromID="E41" fromText="consulted" toID="E43" toText="surgical option" type="OVERLAP" />
<TLINK id="TL130" fromID="E43" fromText="surgical option" toID="E44" toText="cerebellar swelling" type="AFTER" />
<TLINK id="TL131" fromID="E44" fromText="cerebellar swelling" toID="E45" toText="improvement" type="BEFORE" />
<TLINK id="TL132" fromID="E45" fromText="improvement" toID="E46" toText="decompensation" type="AFTER" />
<TLINK id="TL133" fromID="E47" fromText="fluid restriction" toID="E48" toText="blood pressure management" type="OVERLAP" />
<TLINK id="TL134" fromID="E49" fromText="Heparin" toID="E50" toText="intercerebral hemorrhage" type="AFTER" />
<TLINK id="TL135" fromID="E51" fromText="The aspiration pneumonia" toID="E52" toText="Cefotaxime" type="BEFORE" />
<TLINK id="TL136" fromID="E52" fromText="Cefotaxime" toID="E54" toText="Metronidazole" type="OVERLAP" />
<TLINK id="TL137" fromID="E55" fromText="DNR / DNI" toID="E56" toText="the poor prognosis" type="AFTER" />
<TLINK id="TL138" fromID="E58" fromText="passed away" toID="T2" toText="6:45 AM on June 12 , 1998" type="OVERLAP" />
<TLINK id="TL139" fromID="E71" fromText="heparin" toID="E49" toText="Heparin" type="OVERLAP" />
<TLINK id="TL140" fromID="E19" fromText="hemorrhage" toID="E20" toText="transferred" type="BEFORE" />
<TLINK id="TL141" fromID="E80" fromText="moving the right arm and leg spontaneously" toID="E1" toText="Withdrawal to pain" type="OVERLAP" />
<TLINK id="TL142" fromID="E56" fromText="the poor prognosis" toID="E58" toText="passed away" type="BEFORE" />
<TLINK id="TL143" fromID="E72" fromText="an acute decompensation in respiratory status" toID="E46" toText="decompensation" type="OVERLAP" />
<TLINK id="TL144" fromID="E74" fromText="Lung examination" toID="E78" toText="following commands" type="OVERLAP" />
<TLINK id="TL145" fromID="E16" fromText="the right posterior cerebral artery infarction" toID="E18" toText="the right cerebellar infarction" type="OVERLAP" />
<TLINK id="TL146" fromID="E33" fromText="gross patency of the internal carotid arteries bilaterally and the basilar arteries" toID="E35" toText="visualized" type="BEFORE" />
<TLINK id="TL147" fromID="E12" fromText="sinus tachycardia" toID="E13" toText="The patient &apos;s temperature" type="OVERLAP" />
<TLINK id="TL148" fromID="E79" fromText="Eyes were closed" toID="E80" toText="moving the right arm and leg spontaneously" type="OVERLAP" />
<TLINK id="TL149" fromID="E22" fromText="An MRI" toID="E27" toText="The MRI" type="OVERLAP" />
<TLINK id="TL150" fromID="E2" fromText="present" toID="E3" toText="upgoing" type="OVERLAP" />
<TLINK id="TL151" fromID="E19" fromText="hemorrhage" toID="E50" toText="intercerebral hemorrhage" type="OVERLAP" />
<TLINK id="TL152" fromID="E77" fromText="coarse breath sounds throughout" toID="E78" toText="following commands" type="OVERLAP" />
<TLINK id="TL153" fromID="E53" fromText="well" toID="E63" toText="found" type="OVERLAP" />
<TLINK id="TL154" fromID="E38" fromText="Clinically" toID="E40" toText="Neurosurgery" type="OVERLAP" />
<TLINK id="TL155" fromID="E10" fromText="EKG" toID="E13" toText="The patient &apos;s temperature" type="OVERLAP" />
<TLINK id="TL156" fromID="E30" fromText="The MRA of the intracranial circulation" toID="E35" toText="visualized" type="OVERLAP" />
<TLINK id="TL157" fromID="E17" fromText="a high density" toID="E20" toText="transferred" type="BEFORE" />
<TLINK id="TL158" fromID="E29" fromText="infarct of the cerebellar hemispheres bilaterally , the right occipital lobe , the right thalamus and bilateral pons" toID="E33" toText="gross patency of the internal carotid arteries bilaterally and the basilar arteries" type="OVERLAP" />
<TLINK id="TL159" fromID="E16" fromText="the right posterior cerebral artery infarction" toID="E17" toText="a high density" type="OVERLAP" />
<TLINK id="TL160" fromID="E37" fromText="the emergency room" toID="E60" toText="the emergency room" type="OVERLAP" />
<TLINK id="TL161" fromID="E4" fromText="A blood gas" toID="E10" toText="EKG" type="OVERLAP" />
<TLINK id="TL162" fromID="E23" fromText="MRA of the head" toID="E30" toText="The MRA of the intracranial circulation" type="OVERLAP" />
<TLINK id="TL163" fromID="E27" fromText="The MRI" toID="E30" toText="The MRA of the intracranial circulation" type="OVERLAP" />
<TLINK id="TL164" fromID="E9" fromText="100% non-rebreather mask" toID="E10" toText="EKG" type="BEFORE" />
<TLINK id="TL165" fromID="E63" fromText="found" toID="E67" toText="reported" type="BEFORE" />
<SECTIME id="S1" start="46" end="56" text="06/12/1998" type="DISCHARGE" dvalue="1998-06-12" />
<SECTIME id="S0" start="18" end="28" text="06/09/1998" type="ADMISSION" dvalue="1998-06-09" />
</TAGS>
</ClinicalNarrativeTemporalAnnotation>
