<?xml version="1.0" encoding="UTF-8" ?>
<ClinicalNarrativeTemporalAnnotation>
<TEXT><![CDATA[
Admission Date :
2014-07-30
Discharge Date :
2014-08-04
Service :
MEDICINE
History of Present Illness :
This is an 83 y/o female with moderate AS , s/p MVR 27 years ago , s/p PPM , DM , CHF , p/w dsypnea and increased work of breathing x 4-5 days .
Per family , the patient has had worsening CHF/volume overload over the last several weeks , requiring supplemental O2 at rehab .
Over the last few days , she has been noted to be more short of breath and having sats to 60% on RA .
Her lasix was increased to 60 mg bid .
Beginning today , she was noted to be in hypoxic respiratory distress , 87-91% on 2L/NC .
She was increased to 5L , with her sats going up to 97% .
She was also noted to be more confused over the last few days and especially today .
She was given lasix and 2 mg IV morphine at New England Sinai Hospital & Rehab Center Rehab , and sent to Nantucket Cottage Hospital for further evaluation .
En route , she was given additional lasix of 60 mg IV and nitro spray x 2 .
In the Deanna , her VS were Tc 97.2 , BP 146/25 , HR 70 , RR 27 , SaO2 95%/NRB .
Foley was placed in Deanna .
She was given 40 mg IV lasix and 325 mg ASA .
She was placed on BiPAP for comfort at 30% FiO2 , 5 PEEP , 12 PS .
Admitted to the CMED CSRU for further management .
Per family , besides the dyspnea and SOB , the patient has had no other symptoms , including f/c/s , CP , palpitations , abd pain , n/v/diarrhea .
She has had decreased appetite over the last few days in the context of increasing confusion .
Brief Hospital Course :
A/P - 83yo F with valvular disorder , AF , and h/o CAD a/w hypercarbic respiratory failure .
# Respiratory failure - She was admitted to the CMED CSRU for her repiratory failure which was thought to be secondary to CHF .
Pt was diuresed with iv lasix / acetazolamide and given iv morphine / prn for respiratory distress and BIPAP was tried .
However , hypercarbia ( 04-11 metabolic alkalosis ) remained in the 90s .
Pt was mentating okay , having conversations with intermittent somnolence despite hypercarbia .
TTE showed preserved EF with moderate AS and moderate MS and mod pulm HTN .
Cardiology was consulted and thought MS Harold Holcomb to her pulm edema and pulm HTN .
Cardiology recommended d/cing digoxin and starting amiodarone .
Family declined valvuloplasty .
For possible COPD , pt was started on steroids and nebs on 08-03 .
Pt is currently satting 90s on 1 L NC while sitting in a chair but needs more O2 when supine .
Pt is a mouth breather and occasionally needs a face mask .
Pt will need I/Os monitored to goal even to slightly negative as she was diursed 4.8 L during her CMED stay .
Depending on her I/O , lasix and acetazolamide can be decreased or discontinued .
If she were to decompensate at the rehab , goals of care will need to be readdressed .
# h/o CAD - There were new changes on EKG but pt was ruled out with 3 sets of negative cardiac enzymes .
Pt was continued on BB , ASA , and nitrates .
# Acid / base status - Respiratory acidosis with metabolic compensation .
Appears to be chronic in nature given degree of metabolic compensation with acute component earlier today .
Pt failed BIPAP and pCO2 remained in the 90s but maintaining mentation .
# Renal insufficiency - baseline Cr unknown , may have CRI from DM .
Creatinine stayed stable from 1.3-1.5 .
Will need to renally dose all medications .
# A fib - continued BB .
Per cardiology consult recs , discontinued digoxin and started amiodarone .
Due to elevated INR , coumadin was held .
Pt is also paced .
Pt needs to be on amiodarone 400mg BID x 7 days ( loading dose ) and then 400mg daily for maintenance .
# DM - insulin standing + HISS , FS qid
# Depression - continued home regimen
# F/E/N - NPO initially while on BIPAP and now low sodium cardiac diet .
# PPx - supratherpeutic INR
# Access - PIV
# Code - DNR/DNI .
No pressors or central line per HCP .
If she were to decompensate at the rehab , goals of care will need to be readressed .
# Communication - Evelyn Matos ( niece ) 492 - 9977 , cell ( 921 ) 815 - 7040
]]></TEXT>
<TAGS>
<EVENT id="E49" start="1900" end="1919" text="metabolic alkalosis" modality="FACTUAL" polarity="POS" type="PROBLEM" />
<EVENT id="E67" start="2234" end="2241" text="digoxin" modality="FACTUAL" polarity="POS" type="TREATMENT" />
<EVENT id="E85" start="2686" end="2695" text="decreased" modality="CONDITIONAL" polarity="POS" type="OCCURRENCE" />
<EVENT id="E30" start="153" end="156" text="MVR" modality="FACTUAL" polarity="POS" type="TREATMENT" />
<EVENT id="E98" start="2975" end="2995" text="Respiratory acidosis" modality="FACTUAL" polarity="POS" type="PROBLEM" />
<EVENT id="E36" start="1665" end="1678" text="the CMED CSRU" modality="FACTUAL" polarity="POS" type="CLINICAL_DEPT" />
<EVENT id="E46" start="1852" end="1857" text="BIPAP" modality="FACTUAL" polarity="POS" type="TREATMENT" />
<EVENT id="E108" start="3231" end="3242" text="baseline Cr" modality="FACTUAL" polarity="POS" type="TEST" />
<EVENT id="E134" start="3816" end="3819" text="PIV" modality="FACTUAL" polarity="POS" type="TREATMENT" />
<EVENT id="E66" start="2215" end="2226" text="recommended" modality="FACTUAL" polarity="POS" type="OCCURRENCE" />
<EVENT id="E51" start="1968" end="1988" text="having conversations" modality="FACTUAL" polarity="POS" type="OCCURRENCE" />
<EVENT id="E18" start="1283" end="1294" text="the dyspnea" modality="FACTUAL" polarity="POS" type="PROBLEM" />
<EVENT id="E154" start="860" end="886" text="Nantucket Cottage Hospital" modality="FACTUAL" polarity="POS" type="CLINICAL_DEPT" />
<EVENT id="E11" start="1162" end="1167" text="BiPAP" modality="FACTUAL" polarity="POS" type="TREATMENT" />
<EVENT id="E102" start="29" end="38" text="Discharge" modality="FACTUAL" polarity="POS" type="OCCURRENCE" />
<EVENT id="E41" start="176" end="179" text="PPM" modality="FACTUAL" polarity="POS" type="TREATMENT" />
<EVENT id="E74" start="2402" end="2404" text="NC" modality="FACTUAL" polarity="POS" type="TREATMENT" />
<EVENT id="E33" start="1587" end="1618" text="hypercarbic respiratory failure" modality="FACTUAL" polarity="POS" type="PROBLEM" />
<EVENT id="E114" start="3362" end="3367" text="A fib" modality="FACTUAL" polarity="POS" type="PROBLEM" />
<EVENT id="E143" start="482" end="491" text="Her lasix" modality="FACTUAL" polarity="POS" type="TREATMENT" />
<EVENT id="E82" start="2645" end="2652" text="her I/O" modality="FACTUAL" polarity="POS" type="TEST" />
<EVENT id="E39" start="1756" end="1764" text="diuresed" modality="FACTUAL" polarity="POS" type="TREATMENT" />
<EVENT id="E63" start="2153" end="2155" text="MS" modality="FACTUAL" polarity="POS" type="PROBLEM" />
<EVENT id="E77" start="2453" end="2459" text="supine" modality="FACTUAL" polarity="POS" type="OCCURRENCE" />
<EVENT id="E129" start="3714" end="3717" text="NPO" modality="FACTUAL" polarity="POS" type="TREATMENT" />
<EVENT id="E56" start="2044" end="2050" text="showed" modality="FACTUAL" polarity="POS" type="EVIDENTIAL" />
<EVENT id="E43" start="1805" end="1816" text="iv morphine" modality="FACTUAL" polarity="POS" type="TREATMENT" />
<EVENT id="E151" start="768" end="773" text="lasix" modality="FACTUAL" polarity="POS" type="TREATMENT" />
<EVENT id="E5" start="1054" end="1058" text="SaO2" modality="FACTUAL" polarity="POS" type="TEST" />
<EVENT id="E70" start="2313" end="2317" text="COPD" modality="POSSIBLE" polarity="POS" type="PROBLEM" />
<EVENT id="E91" start="2839" end="2842" text="EKG" modality="FACTUAL" polarity="POS" type="TEST" />
<EVENT id="E42" start="1781" end="1794" text="acetazolamide" modality="FACTUAL" polarity="POS" type="TREATMENT" />
<EVENT id="E155" start="891" end="909" text="further evaluation" modality="FACTUAL" polarity="POS" type="TEST" />
<EVENT id="E141" start="462" end="466" text="sats" modality="FACTUAL" polarity="POS" type="TEST" />
<EVENT id="E130" start="3737" end="3742" text="BIPAP" modality="FACTUAL" polarity="POS" type="TREATMENT" />
<EVENT id="E7" start="1069" end="1074" text="Foley" modality="FACTUAL" polarity="POS" type="TREATMENT" />
<EVENT id="E87" start="2745" end="2754" text="the rehab" modality="FACTUAL" polarity="POS" type="CLINICAL_DEPT" />
<EVENT id="E104" start="3144" end="3149" text="BIPAP" modality="FACTUAL" polarity="POS" type="TREATMENT" />
<EVENT id="E94" start="2888" end="2903" text="cardiac enzymes" modality="FACTUAL" polarity="POS" type="TEST" />
<EVENT id="E21" start="1355" end="1360" text="f/c/s" modality="FACTUAL" polarity="NEG" type="PROBLEM" />
<EVENT id="E142" start="477" end="479" text="RA" modality="FACTUAL" polarity="POS" type="OCCURRENCE" />
<EVENT id="E71" start="2338" end="2346" text="steroids" modality="FACTUAL" polarity="POS" type="TREATMENT" />
<EVENT id="E0" start="1004" end="1010" text="her VS" modality="FACTUAL" polarity="POS" type="TEST" />
<EVENT id="E35" start="1653" end="1661" text="admitted" modality="FACTUAL" polarity="POS" type="OCCURRENCE" />
<EVENT id="E101" start="3074" end="3096" text="metabolic compensation" modality="FACTUAL" polarity="POS" type="PROBLEM" />
<EVENT id="E121" start="3514" end="3519" text="paced" modality="FACTUAL" polarity="POS" type="TREATMENT" />
<EVENT id="E27" start="1421" end="1439" text="decreased appetite" modality="FACTUAL" polarity="POS" type="PROBLEM" />
<EVENT id="E2" start="1026" end="1028" text="BP" modality="FACTUAL" polarity="POS" type="TEST" />
<EVENT id="E95" start="2926" end="2928" text="BB" modality="FACTUAL" polarity="POS" type="TREATMENT" />
<EVENT id="E90" start="2828" end="2835" text="changes" modality="FACTUAL" polarity="POS" type="PROBLEM" />
<EVENT id="E92" start="283" end="312" text="worsening CHF/volume overload" modality="FACTUAL" polarity="POS" type="PROBLEM" />
<EVENT id="E38" start="1743" end="1746" text="CHF" modality="FACTUAL" polarity="POS" type="PROBLEM" />
<EVENT id="E97" start="2941" end="2949" text="nitrates" modality="FACTUAL" polarity="POS" type="TREATMENT" />
<EVENT id="E75" start="2411" end="2429" text="sitting in a chair" modality="FACTUAL" polarity="POS" type="OCCURRENCE" />
<EVENT id="E29" start="1546" end="1563" text="valvular disorder" modality="FACTUAL" polarity="POS" type="PROBLEM" />
<EVENT id="E147" start="619" end="628" text="increased" modality="FACTUAL" polarity="POS" type="OCCURRENCE" />
<EVENT id="E13" start="1196" end="1200" text="PEEP" modality="FACTUAL" polarity="POS" type="TREATMENT" />
<EVENT id="E93" start="2854" end="2863" text="ruled out" modality="FACTUAL" polarity="POS" type="TEST" />
<EVENT id="E152" start="778" end="794" text="2 mg IV morphine" modality="FACTUAL" polarity="POS" type="TREATMENT" />
<EVENT id="E26" start="1394" end="1406" text="n/v/diarrhea" modality="FACTUAL" polarity="NEG" type="PROBLEM" />
<EVENT id="E19" start="1299" end="1302" text="SOB" modality="FACTUAL" polarity="POS" type="PROBLEM" />
<EVENT id="E123" start="353" end="368" text="supplemental O2" modality="FACTUAL" polarity="POS" type="TREATMENT" />
<EVENT id="E76" start="2440" end="2447" text="more O2" modality="FACTUAL" polarity="POS" type="TREATMENT" />
<EVENT id="E3" start="1038" end="1040" text="HR" modality="FACTUAL" polarity="POS" type="TEST" />
<EVENT id="E44" start="1827" end="1847" text="respiratory distress" modality="FACTUAL" polarity="POS" type="PROBLEM" />
<EVENT id="E96" start="2931" end="2934" text="ASA" modality="FACTUAL" polarity="POS" type="TREATMENT" />
<EVENT id="E86" start="2729" end="2741" text="decompensate" modality="CONDITIONAL" polarity="POS" type="PROBLEM" />
<EVENT id="E64" start="2174" end="2188" text="her pulm edema" modality="FACTUAL" polarity="POS" type="PROBLEM" />
<EVENT id="E25" start="1383" end="1391" text="abd pain" modality="FACTUAL" polarity="NEG" type="PROBLEM" />
<EVENT id="E125" start="3628" end="3630" text="DM" modality="FACTUAL" polarity="POS" type="PROBLEM" />
<EVENT id="E23" start="135" end="146" text="moderate AS" modality="FACTUAL" polarity="POS" type="PROBLEM" />
<EVENT id="E109" start="3262" end="3265" text="CRI" modality="POSSIBLE" polarity="POS" type="PROBLEM" />
<EVENT id="E80" start="2595" end="2602" text="diursed" modality="FACTUAL" polarity="POS" type="TREATMENT" />
<EVENT id="E148" start="642" end="650" text="her sats" modality="FACTUAL" polarity="POS" type="TEST" />
<EVENT id="E20" start="1328" end="1342" text="other symptoms" modality="FACTUAL" polarity="NEG" type="PROBLEM" />
<EVENT id="E6" start="1059" end="1066" text="95%/NRB" modality="FACTUAL" polarity="POS" type="TREATMENT" />
<EVENT id="E47" start="1880" end="1891" text="hypercarbia" modality="FACTUAL" polarity="POS" type="PROBLEM" />
<EVENT id="E10" start="1138" end="1141" text="ASA" modality="FACTUAL" polarity="POS" type="TREATMENT" />
<EVENT id="E1" start="1016" end="1018" text="Tc" modality="FACTUAL" polarity="POS" type="TEST" />
<EVENT id="E24" start="1368" end="1380" text="palpitations" modality="FACTUAL" polarity="NEG" type="PROBLEM" />
<EVENT id="E40" start="1770" end="1778" text="iv lasix" modality="FACTUAL" polarity="POS" type="TREATMENT" />
<EVENT id="E157" start="970" end="981" text="nitro spray" modality="FACTUAL" polarity="POS" type="TREATMENT" />
<EVENT id="E118" start="3448" end="3458" text="amiodarone" modality="FACTUAL" polarity="POS" type="TREATMENT" />
<EVENT id="E4" start="1046" end="1048" text="RR" modality="FACTUAL" polarity="POS" type="TEST" />
<EVENT id="E158" start="991" end="1001" text="the Deanna" modality="FACTUAL" polarity="POS" type="CLINICAL_DEPT" />
<EVENT id="E149" start="651" end="659" text="going up" modality="FACTUAL" polarity="POS" type="OCCURRENCE" />
<EVENT id="E122" start="3540" end="3550" text="amiodarone" modality="FACTUAL" polarity="POS" type="TREATMENT" />
<EVENT id="E73" start="2383" end="2390" text="satting" modality="FACTUAL" polarity="POS" type="TEST" />
<EVENT id="E45" start="182" end="184" text="DM" modality="FACTUAL" polarity="POS" type="PROBLEM" />
<EVENT id="E135" start="3842" end="3850" text="pressors" modality="FACTUAL" polarity="NEG" type="TREATMENT" />
<EVENT id="E106" start="3183" end="3204" text="maintaining mentation" modality="FACTUAL" polarity="POS" type="OCCURRENCE" />
<EVENT id="E8" start="1089" end="1095" text="Deanna" modality="FACTUAL" polarity="POS" type="CLINICAL_DEPT" />
<EVENT id="E34" start="1623" end="1642" text="Respiratory failure" modality="FACTUAL" polarity="POS" type="PROBLEM" />
<EVENT id="E127" start="3668" end="3678" text="Depression" modality="FACTUAL" polarity="POS" type="PROBLEM" />
<EVENT id="E31" start="1566" end="1568" text="AF" modality="FACTUAL" polarity="POS" type="PROBLEM" />
<EVENT id="E116" start="3389" end="3407" text="cardiology consult" modality="FACTUAL" polarity="POS" type="OCCURRENCE" />
<EVENT id="E119" start="3468" end="3480" text="elevated INR" modality="FACTUAL" polarity="POS" type="PROBLEM" />
<EVENT id="E54" start="2026" end="2037" text="hypercarbia" modality="FACTUAL" polarity="POS" type="PROBLEM" />
<EVENT id="E79" start="2535" end="2539" text="I/Os" modality="FACTUAL" polarity="POS" type="TEST" />
<EVENT id="E37" start="1683" end="1705" text="her repiratory failure" modality="FACTUAL" polarity="POS" type="PROBLEM" />
<EVENT id="E57" start="2051" end="2063" text="preserved EF" modality="FACTUAL" polarity="POS" type="OCCURRENCE" />
<EVENT id="E68" start="2255" end="2265" text="amiodarone" modality="FACTUAL" polarity="POS" type="TREATMENT" />
<EVENT id="E55" start="2040" end="2043" text="TTE" modality="FACTUAL" polarity="POS" type="TEST" />
<EVENT id="E60" start="2101" end="2113" text="mod pulm HTN" modality="FACTUAL" polarity="POS" type="PROBLEM" />
<EVENT id="E113" start="3342" end="3357" text="all medications" modality="FACTUAL" polarity="POS" type="TREATMENT" />
<EVENT id="E81" start="2616" end="2629" text="her CMED stay" modality="FACTUAL" polarity="POS" type="OCCURRENCE" />
<EVENT id="E146" start="603" end="608" text="2L/NC" modality="FACTUAL" polarity="POS" type="TREATMENT" />
<EVENT id="E153" start="798" end="845" text="New England Sinai Hospital & Rehab Center Rehab" modality="FACTUAL" polarity="POS" type="CLINICAL_DEPT" />
<EVENT id="E53" start="1994" end="2017" text="intermittent somnolence" modality="FACTUAL" polarity="POS" type="PROBLEM" />
<EVENT id="E12" start="1187" end="1191" text="FiO2" modality="FACTUAL" polarity="POS" type="TREATMENT" />
<EVENT id="E107" start="3209" end="3228" text="Renal insufficiency" modality="FACTUAL" polarity="POS" type="PROBLEM" />
<EVENT id="E111" start="3276" end="3286" text="Creatinine" modality="FACTUAL" polarity="POS" type="TEST" />
<EVENT id="E28" start="1481" end="1501" text="increasing confusion" modality="FACTUAL" polarity="POS" type="PROBLEM" />
<EVENT id="E88" start="2787" end="2798" text="readdressed" modality="CONDITIONAL" polarity="POS" type="OCCURRENCE" />
<EVENT id="E112" start="3294" end="3300" text="stable" modality="FACTUAL" polarity="POS" type="OCCURRENCE" />
<EVENT id="E78" start="2508" end="2519" text="a face mask" modality="FACTUAL" polarity="POS" type="TREATMENT" />
<EVENT id="E105" start="3154" end="3158" text="pCO2" modality="FACTUAL" polarity="POS" type="TEST" />
<EVENT id="E156" start="937" end="953" text="additional lasix" modality="FACTUAL" polarity="POS" type="TREATMENT" />
<EVENT id="E14" start="1206" end="1208" text="PS" modality="FACTUAL" polarity="POS" type="TREATMENT" />
<EVENT id="E62" start="2131" end="2140" text="consulted" modality="FACTUAL" polarity="POS" type="OCCURRENCE" />
<EVENT id="E48" start="187" end="190" text="CHF" modality="FACTUAL" polarity="POS" type="PROBLEM" />
<EVENT id="E52" start="197" end="204" text="dsypnea" modality="FACTUAL" polarity="POS" type="PROBLEM" />
<EVENT id="E32" start="1579" end="1582" text="CAD" modality="FACTUAL" polarity="POS" type="PROBLEM" />
<EVENT id="E132" start="3751" end="3774" text="low sodium cardiac diet" modality="FACTUAL" polarity="POS" type="TREATMENT" />
<EVENT id="E138" start="3908" end="3917" text="the rehab" modality="FACTUAL" polarity="POS" type="CLINICAL_DEPT" />
<EVENT id="E17" start="1241" end="1259" text="further management" modality="FACTUAL" polarity="POS" type="TREATMENT" />
<EVENT id="E136" start="3854" end="3866" text="central line" modality="FACTUAL" polarity="NEG" type="TREATMENT" />
<EVENT id="E150" start="694" end="707" text="more confused" modality="FACTUAL" polarity="POS" type="PROBLEM" />
<EVENT id="E115" start="3380" end="3382" text="BB" modality="FACTUAL" polarity="POS" type="TREATMENT" />
<EVENT id="E140" start="430" end="450" text="more short of breath" modality="FACTUAL" polarity="POS" type="PROBLEM" />
<EVENT id="E145" start="562" end="590" text="hypoxic respiratory distress" modality="FACTUAL" polarity="POS" type="PROBLEM" />
<EVENT id="E89" start="2807" end="2810" text="CAD" modality="FACTUAL" polarity="POS" type="PROBLEM" />
<EVENT id="E120" start="3483" end="3491" text="coumadin" modality="FACTUAL" polarity="POS" type="TREATMENT" />
<EVENT id="E50" start="1951" end="1965" text="mentating okay" modality="FACTUAL" polarity="POS" type="OCCURRENCE" />
<EVENT id="E69" start="2284" end="2297" text="valvuloplasty" modality="FACTUAL" polarity="NEG" type="TREATMENT" />
<EVENT id="E84" start="2665" end="2678" text="acetazolamide" modality="FACTUAL" polarity="POS" type="TREATMENT" />
<EVENT id="E83" start="2655" end="2660" text="lasix" modality="FACTUAL" polarity="POS" type="TREATMENT" />
<EVENT id="E131" start="372" end="377" text="rehab" modality="FACTUAL" polarity="POS" type="CLINICAL_DEPT" />
<EVENT id="E103" start="3102" end="3117" text="acute component" modality="FACTUAL" polarity="POS" type="PROBLEM" />
<EVENT id="E110" start="3271" end="3273" text="DM" modality="FACTUAL" polarity="POS" type="PROBLEM" />
<EVENT id="E15" start="1211" end="1219" text="Admitted" modality="FACTUAL" polarity="POS" type="OCCURRENCE" />
<EVENT id="E59" start="2085" end="2096" text="moderate MS" modality="FACTUAL" polarity="POS" type="PROBLEM" />
<EVENT id="E117" start="3428" end="3435" text="digoxin" modality="FACTUAL" polarity="POS" type="TREATMENT" />
<EVENT id="E139" start="3950" end="3960" text="readressed" modality="FACTUAL" polarity="POS" type="OCCURRENCE" />
<EVENT id="E100" start="3001" end="3023" text="metabolic compensation" modality="FACTUAL" polarity="POS" type="PROBLEM" />
<EVENT id="E58" start="2069" end="2080" text="moderate AS" modality="FACTUAL" polarity="POS" type="PROBLEM" />
<EVENT id="E9" start="1118" end="1126" text="IV lasix" modality="FACTUAL" polarity="POS" type="TREATMENT" />
<EVENT id="E99" start="1" end="10" text="Admission" modality="FACTUAL" polarity="POS" type="OCCURRENCE" />
<EVENT id="E72" start="2351" end="2355" text="nebs" modality="FACTUAL" polarity="POS" type="TREATMENT" />
<EVENT id="E128" start="3681" end="3703" text="continued home regimen" modality="FACTUAL" polarity="POS" type="TREATMENT" />
<EVENT id="E124" start="3572" end="3584" text="loading dose" modality="FACTUAL" polarity="POS" type="TREATMENT" />
<EVENT id="E22" start="1363" end="1365" text="CP" modality="FACTUAL" polarity="NEG" type="PROBLEM" />
<EVENT id="E133" start="3785" end="3804" text="supratherpeutic INR" modality="FACTUAL" polarity="POS" type="PROBLEM" />
<EVENT id="E126" start="3633" end="3640" text="insulin" modality="FACTUAL" polarity="POS" type="TREATMENT" />
<EVENT id="E61" start="209" end="236" text="increased work of breathing" modality="FACTUAL" polarity="POS" type="PROBLEM" />
<EVENT id="E137" start="3892" end="3904" text="decompensate" modality="CONDITIONAL" polarity="POS" type="PROBLEM" />
<EVENT id="E144" start="496" end="505" text="increased" modality="FACTUAL" polarity="POS" type="OCCURRENCE" />
<EVENT id="E65" start="2193" end="2201" text="pulm HTN" modality="FACTUAL" polarity="POS" type="PROBLEM" />
<EVENT id="E16" start="1223" end="1236" text="the CMED CSRU" modality="FACTUAL" polarity="POS" type="CLINICAL_DEPT" />
<TIMEX3 id="T4" start="239" end="247" text="4-5 days" type="DURATION" val="P4.5D" mod="APPROX" />
<TIMEX3 id="T13" start="515" end="518" text="bid" type="FREQUENCY" val="RPT12H" mod="NA" />
<TIMEX3 id="T0" start="1445" end="1462" text="the last few days" type="DURATION" val="P3D" mod="APPROX" />
<TIMEX3 id="T5" start="2869" end="2870" text="3" type="FREQUENCY" val="R3" mod="NA" />
<TIMEX3 id="T17" start="982" end="985" text="x 2" type="FREQUENCY" val="R2" mod="NA" />
<TIMEX3 id="T8" start="3557" end="3569" text="BID x 7 days" type="FREQUENCY" val="R14PT12H" mod="NA" />
<TIMEX3 id="T9" start="3602" end="3607" text="daily" type="FREQUENCY" val="RPT24H" mod="NA" />
<TIMEX3 id="T15" start="713" end="730" text="the last few days" type="DURATION" val="P3D" mod="APPROX" />
<TIMEX3 id="T10" start="3662" end="3665" text="qid" type="FREQUENCY" val="RPT6H" mod="NA" />
<TIMEX3 id="T1" start="157" end="165" text="27 years" type="DURATION" val="P27Y" mod="NA" />
<TIMEX3 id="T7" start="318" end="340" text="the last several weeks" type="DURATION" val="P3W" mod="APPROX" />
<TIMEX3 id="T16" start="746" end="751" text="today" type="DATE" val="2014-07-30" mod="NA" />
<TIMEX3 id="T6" start="3126" end="3131" text="today" type="DATE" val="2014-07-30" mod="START" />
<TIMEX3 id="T11" start="385" end="402" text="the last few days" type="DURATION" val="P3D" mod="APPROX" />
<TIMEX3 id="T3" start="2359" end="2364" text="08-03" type="DATE" val="2014-08-03" mod="NA" />
<TIMEX3 id="T12" start="46" end="56" text="2014-08-04" type="DATE" val="2014-08-04" mod="NA" />
<TIMEX3 id="T14" start="531" end="536" text="today" type="DATE" val="2014-07-30" mod="NA" />
<TIMEX3 id="T2" start="18" end="28" text="2014-07-30" type="DATE" val="2014-07-30" mod="NA" />
<TLINK id="TL0" fromID="E0" fromText="her VS" toID="T2" toText="2014-07-30" type="BEFORE" />
<TLINK id="TL1" fromID="E1" fromText="Tc" toID="T2" toText="2014-07-30" type="BEFORE" />
<TLINK id="TL2" fromID="E2" fromText="BP" toID="T2" toText="2014-07-30" type="OVERLAP" />
<TLINK id="TL3" fromID="E3" fromText="HR" toID="T2" toText="2014-07-30" type="OVERLAP" />
<TLINK id="TL4" fromID="E4" fromText="RR" toID="T2" toText="2014-07-30" type="OVERLAP" />
<TLINK id="TL5" fromID="E5" fromText="SaO2" toID="T2" toText="2014-07-30" type="OVERLAP" />
<TLINK id="TL6" fromID="E6" fromText="95%/NRB" toID="T2" toText="2014-07-30" type="BEFORE" />
<TLINK id="TL7" fromID="E7" fromText="Foley" toID="T2" toText="2014-07-30" type="BEFORE" />
<TLINK id="TL8" fromID="E8" fromText="Deanna" toID="T2" toText="2014-07-30" type="BEFORE" />
<TLINK id="TL9" fromID="E9" fromText="IV lasix" toID="T2" toText="2014-07-30" type="BEFORE" />
<TLINK id="TL10" fromID="E10" fromText="ASA" toID="T2" toText="2014-07-30" type="BEFORE" />
<TLINK id="TL11" fromID="E11" fromText="BiPAP" toID="T2" toText="2014-07-30" type="BEFORE" />
<TLINK id="TL12" fromID="E12" fromText="FiO2" toID="T2" toText="2014-07-30" type="BEFORE" />
<TLINK id="TL13" fromID="E13" fromText="PEEP" toID="T2" toText="2014-07-30" type="BEFORE" />
<TLINK id="TL14" fromID="E14" fromText="PS" toID="T2" toText="2014-07-30" type="BEFORE" />
<TLINK id="TL15" fromID="E15" fromText="Admitted" toID="T2" toText="2014-07-30" type="BEFORE" />
<TLINK id="TL16" fromID="E16" fromText="the CMED CSRU" toID="T2" toText="2014-07-30" type="BEFORE" />
<TLINK id="TL17" fromID="E17" fromText="further management" toID="T2" toText="2014-07-30" type="BEFORE" />
<TLINK id="TL18" fromID="E18" fromText="the dyspnea" toID="T2" toText="2014-07-30" type="BEFORE" />
<TLINK id="TL19" fromID="E19" fromText="SOB" toID="T2" toText="2014-07-30" type="BEFORE" />
<TLINK id="TL20" fromID="E20" fromText="other symptoms" toID="T2" toText="2014-07-30" type="BEFORE" />
<TLINK id="TL21" fromID="E21" fromText="f/c/s" toID="T2" toText="2014-07-30" type="BEFORE" />
<TLINK id="TL22" fromID="E22" fromText="CP" toID="T2" toText="2014-07-30" type="BEFORE" />
<TLINK id="TL23" fromID="E23" fromText="moderate AS" toID="T2" toText="2014-07-30" type="BEFORE" />
<TLINK id="TL24" fromID="E24" fromText="palpitations" toID="T2" toText="2014-07-30" type="BEFORE" />
<TLINK id="TL25" fromID="E25" fromText="abd pain" toID="T2" toText="2014-07-30" type="BEFORE" />
<TLINK id="TL26" fromID="E26" fromText="n/v/diarrhea" toID="T2" toText="2014-07-30" type="BEFORE" />
<TLINK id="TL27" fromID="E27" fromText="decreased appetite" toID="T2" toText="2014-07-30" type="BEFORE" />
<TLINK id="TL28" fromID="E28" fromText="increasing confusion" toID="T2" toText="2014-07-30" type="BEFORE" />
<TLINK id="TL29" fromID="E29" fromText="valvular disorder" toID="T12" toText="2014-08-04" type="BEFORE" />
<TLINK id="TL30" fromID="E30" fromText="MVR" toID="T2" toText="2014-07-30" type="BEFORE" />
<TLINK id="TL31" fromID="E31" fromText="AF" toID="T12" toText="2014-08-04" type="BEFORE" />
<TLINK id="TL32" fromID="E32" fromText="CAD" toID="T12" toText="2014-08-04" type="BEFORE" />
<TLINK id="TL33" fromID="E33" fromText="hypercarbic respiratory failure" toID="T12" toText="2014-08-04" type="BEFORE" />
<TLINK id="TL34" fromID="E34" fromText="Respiratory failure" toID="T12" toText="2014-08-04" type="BEFORE" />
<TLINK id="TL35" fromID="E35" fromText="admitted" toID="T12" toText="2014-08-04" type="BEFORE" />
<TLINK id="TL36" fromID="E36" fromText="the CMED CSRU" toID="T12" toText="2014-08-04" type="BEFORE" />
<TLINK id="TL37" fromID="E37" fromText="her repiratory failure" toID="T12" toText="2014-08-04" type="BEFORE" />
<TLINK id="TL38" fromID="E38" fromText="CHF" toID="T12" toText="2014-08-04" type="BEFORE" />
<TLINK id="TL39" fromID="E39" fromText="diuresed" toID="T12" toText="2014-08-04" type="BEFORE" />
<TLINK id="TL40" fromID="E40" fromText="iv lasix" toID="T12" toText="2014-08-04" type="BEFORE" />
<TLINK id="TL41" fromID="E41" fromText="PPM" toID="T2" toText="2014-07-30" type="BEFORE" />
<TLINK id="TL42" fromID="E42" fromText="acetazolamide" toID="T12" toText="2014-08-04" type="BEFORE" />
<TLINK id="TL43" fromID="E43" fromText="iv morphine" toID="T12" toText="2014-08-04" type="BEFORE" />
<TLINK id="TL44" fromID="E44" fromText="respiratory distress" toID="T12" toText="2014-08-04" type="BEFORE" />
<TLINK id="TL45" fromID="E45" fromText="DM" toID="T2" toText="2014-07-30" type="BEFORE" />
<TLINK id="TL46" fromID="E46" fromText="BIPAP" toID="T12" toText="2014-08-04" type="BEFORE" />
<TLINK id="TL47" fromID="E47" fromText="hypercarbia" toID="T12" toText="2014-08-04" type="BEFORE" />
<TLINK id="TL48" fromID="E48" fromText="CHF" toID="T2" toText="2014-07-30" type="BEFORE" />
<TLINK id="TL49" fromID="E49" fromText="metabolic alkalosis" toID="T12" toText="2014-08-04" type="BEFORE" />
<TLINK id="TL50" fromID="E50" fromText="mentating okay" toID="T12" toText="2014-08-04" type="BEFORE" />
<TLINK id="TL51" fromID="E51" fromText="having conversations" toID="T12" toText="2014-08-04" type="BEFORE" />
<TLINK id="TL52" fromID="E52" fromText="dsypnea" toID="T2" toText="2014-07-30" type="BEFORE" />
<TLINK id="TL53" fromID="E53" fromText="intermittent somnolence" toID="T12" toText="2014-08-04" type="BEFORE" />
<TLINK id="TL54" fromID="E54" fromText="hypercarbia" toID="T12" toText="2014-08-04" type="BEFORE" />
<TLINK id="TL55" fromID="E55" fromText="TTE" toID="T12" toText="2014-08-04" type="BEFORE" />
<TLINK id="TL56" fromID="E56" fromText="showed" toID="T12" toText="2014-08-04" type="BEFORE" />
<TLINK id="TL57" fromID="E57" fromText="preserved EF" toID="T12" toText="2014-08-04" type="BEFORE" />
<TLINK id="TL58" fromID="E58" fromText="moderate AS" toID="T12" toText="2014-08-04" type="BEFORE" />
<TLINK id="TL59" fromID="E59" fromText="moderate MS" toID="T12" toText="2014-08-04" type="BEFORE" />
<TLINK id="TL60" fromID="E60" fromText="mod pulm HTN" toID="T12" toText="2014-08-04" type="BEFORE" />
<TLINK id="TL61" fromID="E61" fromText="increased work of breathing" toID="T2" toText="2014-07-30" type="BEFORE" />
<TLINK id="TL62" fromID="E62" fromText="consulted" toID="T12" toText="2014-08-04" type="BEFORE" />
<TLINK id="TL63" fromID="E63" fromText="MS" toID="T12" toText="2014-08-04" type="BEFORE" />
<TLINK id="TL64" fromID="E64" fromText="her pulm edema" toID="T12" toText="2014-08-04" type="BEFORE" />
<TLINK id="TL65" fromID="E65" fromText="pulm HTN" toID="T12" toText="2014-08-04" type="BEFORE" />
<TLINK id="TL66" fromID="E66" fromText="recommended" toID="T12" toText="2014-08-04" type="BEFORE" />
<TLINK id="TL67" fromID="E67" fromText="digoxin" toID="T12" toText="2014-08-04" type="BEFORE" />
<TLINK id="TL68" fromID="E68" fromText="amiodarone" toID="T12" toText="2014-08-04" type="BEFORE" />
<TLINK id="TL69" fromID="E69" fromText="valvuloplasty" toID="T12" toText="2014-08-04" type="BEFORE" />
<TLINK id="TL70" fromID="E70" fromText="COPD" toID="T12" toText="2014-08-04" type="BEFORE" />
<TLINK id="TL71" fromID="E71" fromText="steroids" toID="T12" toText="2014-08-04" type="BEFORE" />
<TLINK id="TL72" fromID="E72" fromText="nebs" toID="T12" toText="2014-08-04" type="BEFORE" />
<TLINK id="TL73" fromID="E73" fromText="satting" toID="T12" toText="2014-08-04" type="BEFORE" />
<TLINK id="TL74" fromID="E74" fromText="NC" toID="T12" toText="2014-08-04" type="BEFORE" />
<TLINK id="TL75" fromID="E75" fromText="sitting in a chair" toID="T12" toText="2014-08-04" type="BEFORE" />
<TLINK id="TL76" fromID="E76" fromText="more O2" toID="T12" toText="2014-08-04" type="BEFORE" />
<TLINK id="TL77" fromID="E77" fromText="supine" toID="T12" toText="2014-08-04" type="BEFORE" />
<TLINK id="TL78" fromID="E78" fromText="a face mask" toID="T12" toText="2014-08-04" type="BEFORE" />
<TLINK id="TL79" fromID="E79" fromText="I/Os" toID="T12" toText="2014-08-04" type="BEFORE" />
<TLINK id="TL80" fromID="E80" fromText="diursed" toID="T12" toText="2014-08-04" type="BEFORE" />
<TLINK id="TL81" fromID="E81" fromText="her CMED stay" toID="T12" toText="2014-08-04" type="BEFORE" />
<TLINK id="TL82" fromID="E82" fromText="her I/O" toID="T12" toText="2014-08-04" type="BEFORE" />
<TLINK id="TL83" fromID="E83" fromText="lasix" toID="T12" toText="2014-08-04" type="BEFORE" />
<TLINK id="TL84" fromID="E84" fromText="acetazolamide" toID="T12" toText="2014-08-04" type="BEFORE" />
<TLINK id="TL85" fromID="E85" fromText="decreased" toID="T12" toText="2014-08-04" type="AFTER" />
<TLINK id="TL86" fromID="E86" fromText="decompensate" toID="T12" toText="2014-08-04" type="BEFORE" />
<TLINK id="TL87" fromID="E87" fromText="the rehab" toID="T12" toText="2014-08-04" type="BEFORE" />
<TLINK id="TL88" fromID="E88" fromText="readdressed" toID="T12" toText="2014-08-04" type="AFTER" />
<TLINK id="TL89" fromID="E89" fromText="CAD" toID="T12" toText="2014-08-04" type="BEFORE" />
<TLINK id="TL90" fromID="E90" fromText="changes" toID="T12" toText="2014-08-04" type="BEFORE" />
<TLINK id="TL91" fromID="E91" fromText="EKG" toID="T12" toText="2014-08-04" type="BEFORE" />
<TLINK id="TL92" fromID="E92" fromText="worsening CHF/volume overload" toID="T2" toText="2014-07-30" type="BEFORE" />
<TLINK id="TL93" fromID="E93" fromText="ruled out" toID="T12" toText="2014-08-04" type="BEFORE" />
<TLINK id="TL94" fromID="E94" fromText="cardiac enzymes" toID="T12" toText="2014-08-04" type="BEFORE" />
<TLINK id="TL95" fromID="E95" fromText="BB" toID="T12" toText="2014-08-04" type="BEFORE" />
<TLINK id="TL96" fromID="E96" fromText="ASA" toID="T12" toText="2014-08-04" type="BEFORE" />
<TLINK id="TL97" fromID="E97" fromText="nitrates" toID="T12" toText="2014-08-04" type="BEFORE" />
<TLINK id="TL98" fromID="E98" fromText="Respiratory acidosis" toID="T12" toText="2014-08-04" type="BEFORE" />
<TLINK id="TL99" fromID="E99" fromText="Admission" toID="T2" toText="2014-07-30" type="OVERLAP" />
<TLINK id="TL100" fromID="E100" fromText="metabolic compensation" toID="T12" toText="2014-08-04" type="BEFORE" />
<TLINK id="TL101" fromID="E101" fromText="metabolic compensation" toID="T12" toText="2014-08-04" type="BEFORE" />
<TLINK id="TL102" fromID="E102" fromText="Discharge" toID="T12" toText="2014-08-04" type="OVERLAP" />
<TLINK id="TL103" fromID="E103" fromText="acute component" toID="T12" toText="2014-08-04" type="BEFORE" />
<TLINK id="TL104" fromID="E104" fromText="BIPAP" toID="T12" toText="2014-08-04" type="BEFORE" />
<TLINK id="TL105" fromID="E105" fromText="pCO2" toID="T12" toText="2014-08-04" type="BEFORE" />
<TLINK id="TL106" fromID="E106" fromText="maintaining mentation" toID="T12" toText="2014-08-04" type="BEFORE" />
<TLINK id="TL107" fromID="E107" fromText="Renal insufficiency" toID="T12" toText="2014-08-04" type="BEFORE" />
<TLINK id="TL108" fromID="E108" fromText="baseline Cr" toID="T12" toText="2014-08-04" type="BEFORE" />
<TLINK id="TL109" fromID="E109" fromText="CRI" toID="T12" toText="2014-08-04" type="BEFORE" />
<TLINK id="TL110" fromID="E110" fromText="DM" toID="T12" toText="2014-08-04" type="BEFORE" />
<TLINK id="TL111" fromID="E111" fromText="Creatinine" toID="T12" toText="2014-08-04" type="BEFORE" />
<TLINK id="TL112" fromID="E112" fromText="stable" toID="T12" toText="2014-08-04" type="BEFORE" />
<TLINK id="TL113" fromID="E113" fromText="all medications" toID="T12" toText="2014-08-04" type="BEFORE" />
<TLINK id="TL114" fromID="E114" fromText="A fib" toID="T12" toText="2014-08-04" type="BEFORE" />
<TLINK id="TL115" fromID="E115" fromText="BB" toID="T12" toText="2014-08-04" type="BEFORE" />
<TLINK id="TL116" fromID="E116" fromText="cardiology consult" toID="T12" toText="2014-08-04" type="BEFORE" />
<TLINK id="TL117" fromID="E117" fromText="digoxin" toID="T12" toText="2014-08-04" type="BEFORE" />
<TLINK id="TL118" fromID="E118" fromText="amiodarone" toID="T12" toText="2014-08-04" type="BEFORE" />
<TLINK id="TL119" fromID="E119" fromText="elevated INR" toID="T12" toText="2014-08-04" type="BEFORE" />
<TLINK id="TL120" fromID="E120" fromText="coumadin" toID="T12" toText="2014-08-04" type="BEFORE" />
<TLINK id="TL121" fromID="E121" fromText="paced" toID="T12" toText="2014-08-04" type="BEFORE" />
<TLINK id="TL122" fromID="E122" fromText="amiodarone" toID="T12" toText="2014-08-04" type="BEFORE" />
<TLINK id="TL123" fromID="E123" fromText="supplemental O2" toID="T2" toText="2014-07-30" type="BEFORE" />
<TLINK id="TL124" fromID="E124" fromText="loading dose" toID="T12" toText="2014-08-04" type="BEFORE" />
<TLINK id="TL125" fromID="E125" fromText="DM" toID="T12" toText="2014-08-04" type="BEFORE" />
<TLINK id="TL126" fromID="E126" fromText="insulin" toID="T12" toText="2014-08-04" type="BEFORE" />
<TLINK id="TL127" fromID="E127" fromText="Depression" toID="T12" toText="2014-08-04" type="BEFORE" />
<TLINK id="TL128" fromID="E128" fromText="continued home regimen" toID="T12" toText="2014-08-04" type="BEFORE" />
<TLINK id="TL129" fromID="E129" fromText="NPO" toID="T12" toText="2014-08-04" type="BEFORE" />
<TLINK id="TL130" fromID="E130" fromText="BIPAP" toID="T12" toText="2014-08-04" type="BEFORE" />
<TLINK id="TL131" fromID="E131" fromText="rehab" toID="T2" toText="2014-07-30" type="BEFORE" />
<TLINK id="TL132" fromID="E132" fromText="low sodium cardiac diet" toID="T12" toText="2014-08-04" type="BEFORE" />
<TLINK id="TL133" fromID="E133" fromText="supratherpeutic INR" toID="T12" toText="2014-08-04" type="BEFORE" />
<TLINK id="TL134" fromID="E134" fromText="PIV" toID="T12" toText="2014-08-04" type="BEFORE" />
<TLINK id="TL135" fromID="E135" fromText="pressors" toID="T12" toText="2014-08-04" type="BEFORE" />
<TLINK id="TL136" fromID="E136" fromText="central line" toID="T12" toText="2014-08-04" type="BEFORE" />
<TLINK id="TL137" fromID="E137" fromText="decompensate" toID="T12" toText="2014-08-04" type="AFTER" />
<TLINK id="TL138" fromID="E138" fromText="the rehab" toID="T12" toText="2014-08-04" type="BEFORE" />
<TLINK id="TL139" fromID="E139" fromText="readressed" toID="T12" toText="2014-08-04" type="BEFORE" />
<TLINK id="TL140" fromID="E140" fromText="more short of breath" toID="T2" toText="2014-07-30" type="BEFORE" />
<TLINK id="TL141" fromID="E141" fromText="sats" toID="T2" toText="2014-07-30" type="BEFORE" />
<TLINK id="TL142" fromID="E142" fromText="RA" toID="T2" toText="2014-07-30" type="BEFORE" />
<TLINK id="TL143" fromID="E143" fromText="Her lasix" toID="T2" toText="2014-07-30" type="BEFORE" />
<TLINK id="TL144" fromID="E144" fromText="increased" toID="T2" toText="2014-07-30" type="BEFORE" />
<TLINK id="TL145" fromID="E145" fromText="hypoxic respiratory distress" toID="T2" toText="2014-07-30" type="BEFORE" />
<TLINK id="TL146" fromID="E146" fromText="2L/NC" toID="T2" toText="2014-07-30" type="OVERLAP" />
<TLINK id="TL147" fromID="E147" fromText="increased" toID="T2" toText="2014-07-30" type="BEFORE" />
<TLINK id="TL148" fromID="E148" fromText="her sats" toID="T2" toText="2014-07-30" type="BEFORE" />
<TLINK id="TL149" fromID="E149" fromText="going up" toID="T2" toText="2014-07-30" type="BEFORE" />
<TLINK id="TL150" fromID="E150" fromText="more confused" toID="T2" toText="2014-07-30" type="BEFORE" />
<TLINK id="TL151" fromID="E151" fromText="lasix" toID="T2" toText="2014-07-30" type="BEFORE" />
<TLINK id="TL152" fromID="E152" fromText="2 mg IV morphine" toID="T2" toText="2014-07-30" type="BEFORE" />
<TLINK id="TL153" fromID="E153" fromText="New England Sinai Hospital & Rehab Center Rehab" toID="T2" toText="2014-07-30" type="BEFORE" />
<TLINK id="TL154" fromID="E154" fromText="Nantucket Cottage Hospital" toID="T2" toText="2014-07-30" type="BEFORE" />
<TLINK id="TL155" fromID="E155" fromText="further evaluation" toID="T2" toText="2014-07-30" type="BEFORE" />
<TLINK id="TL156" fromID="E156" fromText="additional lasix" toID="T2" toText="2014-07-30" type="BEFORE" />
<TLINK id="TL157" fromID="E157" fromText="nitro spray" toID="T2" toText="2014-07-30" type="BEFORE" />
<TLINK id="TL158" fromID="E158" fromText="the Deanna" toID="T2" toText="2014-07-30" type="BEFORE" />
<TLINK id="TL159" fromID="E23" fromText="moderate AS" toID="E30" toText="MVR" type="OVERLAP" />
<TLINK id="TL160" fromID="E30" fromText="MVR" toID="T1" toText="27 years" type="OVERLAP" />
<TLINK id="TL161" fromID="T1" fromText="27 years" toID="E41" toText="PPM" type="BEFORE" />
<TLINK id="TL162" fromID="E45" fromText="DM" toID="E48" toText="CHF" type="OVERLAP" />
<TLINK id="TL163" fromID="E52" fromText="dsypnea" toID="E61" toText="increased work of breathing" type="OVERLAP" />
<TLINK id="TL164" fromID="E61" fromText="increased work of breathing" toID="T4" toText="4-5 days" type="OVERLAP" />
<TLINK id="TL165" fromID="E92" fromText="worsening CHF/volume overload" toID="T7" toText="the last several weeks" type="OVERLAP" />
<TLINK id="TL166" fromID="T7" fromText="the last several weeks" toID="E123" toText="supplemental O2" type="OVERLAP" />
<TLINK id="TL167" fromID="E123" fromText="supplemental O2" toID="E131" toText="rehab" type="OVERLAP" />
<TLINK id="TL168" fromID="T11" fromText="the last few days" toID="E140" toText="more short of breath" type="OVERLAP" />
<TLINK id="TL169" fromID="E140" fromText="more short of breath" toID="E141" toText="sats" type="OVERLAP" />
<TLINK id="TL170" fromID="E141" fromText="sats" toID="E142" toText="RA" type="OVERLAP" />
<TLINK id="TL171" fromID="E144" fromText="increased" toID="T13" toText="bid" type="OVERLAP" />
<TLINK id="TL172" fromID="T14" fromText="today" toID="E145" toText="hypoxic respiratory distress" type="OVERLAP" />
<TLINK id="TL173" fromID="E145" fromText="hypoxic respiratory distress" toID="E146" toText="2L/NC" type="BEFORE" />
<TLINK id="TL174" fromID="E147" fromText="increased" toID="E148" toText="her sats" type="OVERLAP" />
<TLINK id="TL175" fromID="E148" fromText="her sats" toID="E149" toText="going up" type="OVERLAP" />
<TLINK id="TL176" fromID="E150" fromText="more confused" toID="T15" toText="the last few days" type="OVERLAP" />
<TLINK id="TL177" fromID="E150" fromText="more confused" toID="T16" toText="today" type="OVERLAP" />
<TLINK id="TL178" fromID="E151" fromText="lasix" toID="E152" toText="2 mg IV morphine" type="OVERLAP" />
<TLINK id="TL179" fromID="E152" fromText="2 mg IV morphine" toID="E153" toText="New England Sinai Hospital & Rehab Center Rehab" type="OVERLAP" />
<TLINK id="TL180" fromID="E154" fromText="Nantucket Cottage Hospital" toID="E155" toText="further evaluation" type="OVERLAP" />
<TLINK id="TL181" fromID="E156" fromText="additional lasix" toID="E157" toText="nitro spray" type="OVERLAP" />
<TLINK id="TL182" fromID="E157" fromText="nitro spray" toID="T17" toText="x 2" type="OVERLAP" />
<TLINK id="TL183" fromID="E158" fromText="the Deanna" toID="E0" toText="her VS" type="OVERLAP" />
<TLINK id="TL184" fromID="E158" fromText="the Deanna" toID="E1" toText="Tc" type="OVERLAP" />
<TLINK id="TL185" fromID="E0" fromText="her VS" toID="E1" toText="Tc" type="OVERLAP" />
<TLINK id="TL186" fromID="E1" fromText="Tc" toID="E2" toText="BP" type="OVERLAP" />
<TLINK id="TL187" fromID="E1" fromText="Tc" toID="E3" toText="HR" type="OVERLAP" />
<TLINK id="TL188" fromID="E1" fromText="Tc" toID="E4" toText="RR" type="OVERLAP" />
<TLINK id="TL189" fromID="E1" fromText="Tc" toID="E6" toText="95%/NRB" type="OVERLAP" />
<TLINK id="TL190" fromID="E2" fromText="BP" toID="E3" toText="HR" type="OVERLAP" />
<TLINK id="TL191" fromID="E3" fromText="HR" toID="E4" toText="RR" type="OVERLAP" />
<TLINK id="TL192" fromID="E4" fromText="RR" toID="E5" toText="SaO2" type="OVERLAP" />
<TLINK id="TL193" fromID="E5" fromText="SaO2" toID="E6" toText="95%/NRB" type="OVERLAP" />
<TLINK id="TL194" fromID="E7" fromText="Foley" toID="E8" toText="Deanna" type="OVERLAP" />
<TLINK id="TL195" fromID="E9" fromText="IV lasix" toID="E10" toText="ASA" type="OVERLAP" />
<TLINK id="TL196" fromID="E11" fromText="BiPAP" toID="E12" toText="FiO2" type="OVERLAP" />
<TLINK id="TL197" fromID="E12" fromText="FiO2" toID="E13" toText="PEEP" type="OVERLAP" />
<TLINK id="TL198" fromID="E13" fromText="PEEP" toID="E14" toText="PS" type="OVERLAP" />
<TLINK id="TL199" fromID="E15" fromText="Admitted" toID="E16" toText="the CMED CSRU" type="BEFORE" />
<TLINK id="TL200" fromID="E15" fromText="Admitted" toID="E17" toText="further management" type="BEFORE" />
<TLINK id="TL201" fromID="E16" fromText="the CMED CSRU" toID="E17" toText="further management" type="BEFORE" />
<TLINK id="TL202" fromID="E18" fromText="the dyspnea" toID="E19" toText="SOB" type="OVERLAP" />
<TLINK id="TL203" fromID="E19" fromText="SOB" toID="E20" toText="other symptoms" type="OVERLAP" />
<TLINK id="TL204" fromID="E20" fromText="other symptoms" toID="E21" toText="f/c/s" type="OVERLAP" />
<TLINK id="TL205" fromID="E21" fromText="f/c/s" toID="E22" toText="CP" type="OVERLAP" />
<TLINK id="TL206" fromID="E22" fromText="CP" toID="E24" toText="palpitations" type="OVERLAP" />
<TLINK id="TL207" fromID="E22" fromText="CP" toID="E25" toText="abd pain" type="OVERLAP" />
<TLINK id="TL208" fromID="E22" fromText="CP" toID="E26" toText="n/v/diarrhea" type="OVERLAP" />
<TLINK id="TL209" fromID="E27" fromText="decreased appetite" toID="T0" toText="the last few days" type="OVERLAP" />
<TLINK id="TL210" fromID="T0" fromText="the last few days" toID="E28" toText="increasing confusion" type="OVERLAP" />
<TLINK id="TL211" fromID="E29" fromText="valvular disorder" toID="E31" toText="AF" type="OVERLAP" />
<TLINK id="TL212" fromID="E31" fromText="AF" toID="E32" toText="CAD" type="OVERLAP" />
<TLINK id="TL213" fromID="E32" fromText="CAD" toID="E33" toText="hypercarbic respiratory failure" type="OVERLAP" />
<TLINK id="TL214" fromID="E34" fromText="Respiratory failure" toID="E35" toText="admitted" type="BEFORE" />
<TLINK id="TL215" fromID="E35" fromText="admitted" toID="E36" toText="the CMED CSRU" type="BEFORE" />
<TLINK id="TL216" fromID="E36" fromText="the CMED CSRU" toID="E37" toText="her repiratory failure" type="AFTER" />
<TLINK id="TL217" fromID="E37" fromText="her repiratory failure" toID="E38" toText="CHF" type="AFTER" />
<TLINK id="TL218" fromID="E39" fromText="diuresed" toID="E40" toText="iv lasix" type="OVERLAP" />
<TLINK id="TL219" fromID="E40" fromText="iv lasix" toID="E42" toText="acetazolamide" type="OVERLAP" />
<TLINK id="TL220" fromID="E40" fromText="iv lasix" toID="E43" toText="iv morphine" type="OVERLAP" />
<TLINK id="TL221" fromID="E42" fromText="acetazolamide" toID="E43" toText="iv morphine" type="BEFORE" />
<TLINK id="TL222" fromID="E43" fromText="iv morphine" toID="E44" toText="respiratory distress" type="AFTER" />
<TLINK id="TL223" fromID="E47" fromText="hypercarbia" toID="E49" toText="metabolic alkalosis" type="OVERLAP" />
<TLINK id="TL224" fromID="E50" fromText="mentating okay" toID="E51" toText="having conversations" type="OVERLAP" />
<TLINK id="TL225" fromID="E51" fromText="having conversations" toID="E53" toText="intermittent somnolence" type="OVERLAP" />
<TLINK id="TL226" fromID="E51" fromText="having conversations" toID="E54" toText="hypercarbia" type="OVERLAP" />
<TLINK id="TL227" fromID="E53" fromText="intermittent somnolence" toID="E54" toText="hypercarbia" type="OVERLAP" />
<TLINK id="TL228" fromID="E55" fromText="TTE" toID="E56" toText="showed" type="OVERLAP" />
<TLINK id="TL229" fromID="E56" fromText="showed" toID="E57" toText="preserved EF" type="AFTER" />
<TLINK id="TL230" fromID="E57" fromText="preserved EF" toID="E58" toText="moderate AS" type="OVERLAP" />
<TLINK id="TL231" fromID="E58" fromText="moderate AS" toID="E59" toText="moderate MS" type="OVERLAP" />
<TLINK id="TL232" fromID="E59" fromText="moderate MS" toID="E60" toText="mod pulm HTN" type="OVERLAP" />
<TLINK id="TL233" fromID="E62" fromText="consulted" toID="E63" toText="MS" type="AFTER" />
<TLINK id="TL234" fromID="E66" fromText="recommended" toID="E67" toText="digoxin" type="BEFORE" />
<TLINK id="TL235" fromID="E67" fromText="digoxin" toID="E68" toText="amiodarone" type="BEFORE" />
<TLINK id="TL236" fromID="E70" fromText="COPD" toID="E71" toText="steroids" type="BEFORE" />
<TLINK id="TL237" fromID="E71" fromText="steroids" toID="E72" toText="nebs" type="OVERLAP" />
<TLINK id="TL238" fromID="E72" fromText="nebs" toID="T3" toText="08-03" type="OVERLAP" />
<TLINK id="TL239" fromID="E73" fromText="satting" toID="E74" toText="NC" type="OVERLAP" />
<TLINK id="TL240" fromID="E73" fromText="satting" toID="E75" toText="sitting in a chair" type="OVERLAP" />
<TLINK id="TL241" fromID="E74" fromText="NC" toID="E75" toText="sitting in a chair" type="OVERLAP" />
<TLINK id="TL242" fromID="E75" fromText="sitting in a chair" toID="E76" toText="more O2" type="BEFORE" />
<TLINK id="TL243" fromID="E76" fromText="more O2" toID="E77" toText="supine" type="AFTER" />
<TLINK id="TL244" fromID="E79" fromText="I/Os" toID="E80" toText="diursed" type="OVERLAP" />
<TLINK id="TL245" fromID="E80" fromText="diursed" toID="E81" toText="her CMED stay" type="OVERLAP" />
<TLINK id="TL246" fromID="E82" fromText="her I/O" toID="E83" toText="lasix" type="OVERLAP" />
<TLINK id="TL247" fromID="E82" fromText="her I/O" toID="E85" toText="decreased" type="BEFORE" />
<TLINK id="TL248" fromID="E83" fromText="lasix" toID="E84" toText="acetazolamide" type="OVERLAP" />
<TLINK id="TL249" fromID="E84" fromText="acetazolamide" toID="E85" toText="decreased" type="BEFORE" />
<TLINK id="TL250" fromID="E86" fromText="decompensate" toID="E87" toText="the rehab" type="OVERLAP" />
<TLINK id="TL251" fromID="E87" fromText="the rehab" toID="E88" toText="readdressed" type="BEFORE" />
<TLINK id="TL252" fromID="E89" fromText="CAD" toID="E90" toText="changes" type="OVERLAP" />
<TLINK id="TL253" fromID="E90" fromText="changes" toID="E91" toText="EKG" type="OVERLAP" />
<TLINK id="TL254" fromID="E91" fromText="EKG" toID="E93" toText="ruled out" type="OVERLAP" />
<TLINK id="TL255" fromID="E93" fromText="ruled out" toID="T5" toText="3" type="OVERLAP" />
<TLINK id="TL256" fromID="T5" fromText="3" toID="E94" toText="cardiac enzymes" type="OVERLAP" />
<TLINK id="TL257" fromID="E95" fromText="BB" toID="E96" toText="ASA" type="OVERLAP" />
<TLINK id="TL258" fromID="E95" fromText="BB" toID="E97" toText="nitrates" type="OVERLAP" />
<TLINK id="TL259" fromID="E96" fromText="ASA" toID="E97" toText="nitrates" type="OVERLAP" />
<TLINK id="TL260" fromID="E98" fromText="Respiratory acidosis" toID="E100" toText="metabolic compensation" type="OVERLAP" />
<TLINK id="TL261" fromID="E101" fromText="metabolic compensation" toID="E103" toText="acute component" type="OVERLAP" />
<TLINK id="TL262" fromID="E103" fromText="acute component" toID="T6" toText="today" type="OVERLAP" />
<TLINK id="TL263" fromID="E104" fromText="BIPAP" toID="E105" toText="pCO2" type="BEFORE" />
<TLINK id="TL264" fromID="E105" fromText="pCO2" toID="E106" toText="maintaining mentation" type="OVERLAP" />
<TLINK id="TL265" fromID="E107" fromText="Renal insufficiency" toID="E108" toText="baseline Cr" type="BEFORE" />
<TLINK id="TL266" fromID="E108" fromText="baseline Cr" toID="E109" toText="CRI" type="AFTER" />
<TLINK id="TL267" fromID="E109" fromText="CRI" toID="E110" toText="DM" type="AFTER" />
<TLINK id="TL268" fromID="E111" fromText="Creatinine" toID="E112" toText="stable" type="OVERLAP" />
<TLINK id="TL269" fromID="E114" fromText="A fib" toID="E115" toText="BB" type="BEFORE" />
<TLINK id="TL270" fromID="E116" fromText="cardiology consult" toID="E117" toText="digoxin" type="BEFORE" />
<TLINK id="TL271" fromID="E117" fromText="digoxin" toID="E118" toText="amiodarone" type="BEFORE" />
<TLINK id="TL272" fromID="E119" fromText="elevated INR" toID="E120" toText="coumadin" type="BEFORE" />
<TLINK id="TL273" fromID="E122" fromText="amiodarone" toID="T8" toText="BID x 7 days" type="OVERLAP" />
<TLINK id="TL274" fromID="T8" fromText="BID x 7 days" toID="E124" toText="loading dose" type="OVERLAP" />
<TLINK id="TL275" fromID="E124" fromText="loading dose" toID="T9" toText="daily" type="OVERLAP" />
<TLINK id="TL276" fromID="E125" fromText="DM" toID="E126" toText="insulin" type="BEFORE" />
<TLINK id="TL277" fromID="E126" fromText="insulin" toID="T10" toText="qid" type="OVERLAP" />
<TLINK id="TL278" fromID="E127" fromText="Depression" toID="E128" toText="continued home regimen" type="BEFORE" />
<TLINK id="TL279" fromID="E129" fromText="NPO" toID="E130" toText="BIPAP" type="OVERLAP" />
<TLINK id="TL280" fromID="E130" fromText="BIPAP" toID="E132" toText="low sodium cardiac diet" type="OVERLAP" />
<TLINK id="TL281" fromID="E135" fromText="pressors" toID="E136" toText="central line" type="OVERLAP" />
<TLINK id="TL282" fromID="E137" fromText="decompensate" toID="E138" toText="the rehab" type="AFTER" />
<TLINK id="TL283" fromID="E138" fromText="the rehab" toID="E139" toText="readressed" type="BEFORE" />
<TLINK id="TL284" fromID="E156" fromText="additional lasix" toID="E158" toText="the Deanna" type="OVERLAP" />
<TLINK id="TL285" fromID="E131" fromText="rehab" toID="E138" toText="the rehab" type="OVERLAP" />
<TLINK id="TL286" fromID="E45" fromText="DM" toID="E125" toText="DM" type="OVERLAP" />
<TLINK id="TL287" fromID="E42" fromText="acetazolamide" toID="E84" toText="acetazolamide" type="OVERLAP" />
<TLINK id="TL288" fromID="E151" fromText="lasix" toID="E83" toText="lasix" type="OVERLAP" />
<TLINK id="TL289" fromID="E46" fromText="BIPAP" toID="E104" toText="BIPAP" type="OVERLAP" />
<TLINK id="TL290" fromID="E65" fromText="pulm HTN" toID="E66" toText="recommended" type="BEFORE" />
<TLINK id="TL291" fromID="E121" fromText="paced" toID="E122" toText="amiodarone" type="OVERLAP" />
<TLINK id="TL292" fromID="E9" fromText="IV lasix" toID="E11" toText="BiPAP" type="OVERLAP" />
<TLINK id="TL293" fromID="E100" fromText="metabolic compensation" toID="E101" toText="metabolic compensation" type="OVERLAP" />
<TLINK id="TL294" fromID="E141" fromText="sats" toID="E148" toText="her sats" type="OVERLAP" />
<TLINK id="TL295" fromID="E11" fromText="BiPAP" toID="E46" toText="BIPAP" type="OVERLAP" />
<TLINK id="TL296" fromID="E32" fromText="CAD" toID="E89" toText="CAD" type="OVERLAP" />
<TLINK id="TL297" fromID="E86" fromText="decompensate" toID="E137" toText="decompensate" type="OVERLAP" />
<TLINK id="TL298" fromID="E151" fromText="lasix" toID="E40" toText="iv lasix" type="OVERLAP" />
<TLINK id="TL299" fromID="E152" fromText="2 mg IV morphine" toID="E9" toText="IV lasix" type="OVERLAP" />
<TLINK id="TL300" fromID="E143" fromText="Her lasix" toID="E156" toText="additional lasix" type="OVERLAP" />
<TLINK id="TL301" fromID="E67" fromText="digoxin" toID="E117" toText="digoxin" type="OVERLAP" />
<TLINK id="TL302" fromID="E145" fromText="hypoxic respiratory distress" toID="E147" toText="increased" type="BEFORE" />
<TLINK id="TL303" fromID="E156" fromText="additional lasix" toID="E9" toText="IV lasix" type="OVERLAP" />
<TLINK id="TL304" fromID="E104" fromText="BIPAP" toID="E130" toText="BIPAP" type="OVERLAP" />
<TLINK id="TL305" fromID="E152" fromText="2 mg IV morphine" toID="E43" toText="iv morphine" type="OVERLAP" />
<TLINK id="TL306" fromID="E110" fromText="DM" toID="E125" toText="DM" type="OVERLAP" />
<TLINK id="TL307" fromID="E33" fromText="hypercarbic respiratory failure" toID="E44" toText="respiratory distress" type="OVERLAP" />
<TLINK id="TL308" fromID="E45" fromText="DM" toID="E110" toText="DM" type="OVERLAP" />
<TLINK id="TL309" fromID="E11" fromText="BiPAP" toID="E15" toText="Admitted" type="OVERLAP" />
<TLINK id="TL310" fromID="E11" fromText="BiPAP" toID="E130" toText="BIPAP" type="OVERLAP" />
<TLINK id="TL311" fromID="E60" fromText="mod pulm HTN" toID="E65" toText="pulm HTN" type="OVERLAP" />
<TLINK id="TL312" fromID="E9" fromText="IV lasix" toID="E83" toText="lasix" type="OVERLAP" />
<TLINK id="TL313" fromID="E143" fromText="Her lasix" toID="E9" toText="IV lasix" type="OVERLAP" />
<TLINK id="TL314" fromID="E158" fromText="the Deanna" toID="E8" toText="Deanna" type="OVERLAP" />
<TLINK id="TL315" fromID="E33" fromText="hypercarbic respiratory failure" toID="E37" toText="her repiratory failure" type="OVERLAP" />
<TLINK id="TL316" fromID="E34" fromText="Respiratory failure" toID="E44" toText="respiratory distress" type="OVERLAP" />
<TLINK id="TL317" fromID="E9" fromText="IV lasix" toID="E40" toText="iv lasix" type="OVERLAP" />
<TLINK id="TL318" fromID="E68" fromText="amiodarone" toID="E69" toText="valvuloplasty" type="OVERLAP" />
<TLINK id="TL319" fromID="E34" fromText="Respiratory failure" toID="E39" toText="diuresed" type="OVERLAP" />
<TLINK id="TL320" fromID="E8" fromText="Deanna" toID="E9" toText="IV lasix" type="OVERLAP" />
<TLINK id="TL321" fromID="E40" fromText="iv lasix" toID="E83" toText="lasix" type="OVERLAP" />
<TLINK id="TL322" fromID="E47" fromText="hypercarbia" toID="E54" toText="hypercarbia" type="OVERLAP" />
<TLINK id="TL323" fromID="E46" fromText="BIPAP" toID="E130" toText="BIPAP" type="OVERLAP" />
<TLINK id="TL324" fromID="E143" fromText="Her lasix" toID="E151" toText="lasix" type="OVERLAP" />
<TLINK id="TL325" fromID="E10" fromText="ASA" toID="E11" toText="BiPAP" type="OVERLAP" />
<TLINK id="TL326" fromID="E143" fromText="Her lasix" toID="E40" toText="iv lasix" type="OVERLAP" />
<TLINK id="TL327" fromID="E113" fromText="all medications" toID="E128" toText="continued home regimen" type="OVERLAP" />
<TLINK id="TL328" fromID="E68" fromText="amiodarone" toID="E118" toText="amiodarone" type="OVERLAP" />
<TLINK id="TL329" fromID="E151" fromText="lasix" toID="E9" toText="IV lasix" type="OVERLAP" />
<TLINK id="TL330" fromID="E153" fromText="New England Sinai Hospital & Rehab Center Rehab" toID="E87" toText="the rehab" type="OVERLAP" />
<TLINK id="TL331" fromID="E73" fromText="satting" toID="E78" toText="a face mask" type="OVERLAP" />
<TLINK id="TL332" fromID="E68" fromText="amiodarone" toID="E122" toText="amiodarone" type="OVERLAP" />
<TLINK id="TL333" fromID="E48" fromText="CHF" toID="E38" toText="CHF" type="OVERLAP" />
<TLINK id="TL334" fromID="E33" fromText="hypercarbic respiratory failure" toID="E34" toText="Respiratory failure" type="OVERLAP" />
<TLINK id="TL335" fromID="E118" fromText="amiodarone" toID="E122" toText="amiodarone" type="OVERLAP" />
<TLINK id="TL336" fromID="E79" fromText="I/Os" toID="E82" toText="her I/O" type="OVERLAP" />
<TLINK id="TL337" fromID="E60" fromText="mod pulm HTN" toID="E62" toText="consulted" type="BEFORE" />
<TLINK id="TL338" fromID="E34" fromText="Respiratory failure" toID="E98" toText="Respiratory acidosis" type="OVERLAP" />
<TLINK id="TL339" fromID="E95" fromText="BB" toID="E115" toText="BB" type="OVERLAP" />
<TLINK id="TL340" fromID="E59" fromText="moderate MS" toID="E63" toText="MS" type="OVERLAP" />
<TLINK id="TL341" fromID="E11" fromText="BiPAP" toID="E104" toText="BIPAP" type="OVERLAP" />
<TLINK id="TL342" fromID="E156" fromText="additional lasix" toID="E40" toText="iv lasix" type="OVERLAP" />
<TLINK id="TL343" fromID="E49" fromText="metabolic alkalosis" toID="E50" toText="mentating okay" type="BEFORE" />
<TLINK id="TL344" fromID="E156" fromText="additional lasix" toID="E83" toText="lasix" type="OVERLAP" />
<TLINK id="TL345" fromID="E7" fromText="Foley" toID="E9" toText="IV lasix" type="OVERLAP" />
<TLINK id="TL346" fromID="E151" fromText="lasix" toID="E156" toText="additional lasix" type="OVERLAP" />
<TLINK id="TL347" fromID="E10" fromText="ASA" toID="E96" toText="ASA" type="OVERLAP" />
<TLINK id="TL348" fromID="E55" fromText="TTE" toID="E62" toText="consulted" type="OVERLAP" />
<TLINK id="TL349" fromID="E23" fromText="moderate AS" toID="E58" toText="moderate AS" type="OVERLAP" />
<TLINK id="TL350" fromID="E143" fromText="Her lasix" toID="E83" toText="lasix" type="OVERLAP" />
<TLINK id="TL351" fromID="E145" fromText="hypoxic respiratory distress" toID="E44" toText="respiratory distress" type="OVERLAP" />
<SECTIME id="S1" start="46" end="56" text="2014-08-04" type="DISCHARGE" dvalue="2014-08-04" />
<SECTIME id="S0" start="18" end="28" text="2014-07-30" type="ADMISSION" dvalue="2014-07-30" />
</TAGS>
</ClinicalNarrativeTemporalAnnotation>
