<?xml version="1.0" encoding="UTF-8" ?>
<ClinicalNarrativeTemporalAnnotation>
<TEXT><![CDATA[
Admission Date:
2014-03-31
Discharge Date :
2014-04-01
Service :
CMED
HISTORY :
Baby Alfonso Carroll is a full term infant born at 3.325 kg to a 35-year-old G2 , P1 , now 2 mother .
Prenatal screens - blood type O positive , antibody screen negative , hepatitis B surface antigen negative , RPR nonreactive , rubella immune .
GBS negative .
Maternal history notable for hypothyroidism on Levoxyl .
Primary cesarean section with previous pregnancy for arrest of descent .
Other meds : Paxil .
This pregnancy is complicated by a cyst noted on the umbilical cord on fetal ultrasound study at 18 weeks gestation .
Mother presented in spontaneous labor .
No perineal sepsis risk factors .
No maternal fever .
No prolonged rupture of membranes .
Clear amniotic fluid .
Anesthesia by epidural .
Vaginal delivery .
Apgars were 8 and 9 .
SUMMARY OF HOSPITAL COURSE BY SYSTEMS :
RESPIRATORY : He has been stable in room air throughout hospital course .
CARDIOVASCULAR : No cardiovascular issues .
FLUIDS , ELECTROLYTES AND NUTRITION : Infant initiated on 60 cc per kg per day of D10W .
D-sticks have been stable . Infant is allowed to ad lib breast feed which he is doing vigorously .
GASTROINTESTINAL : Infant is ad lib feeding .
An abdominal ultrasound was performed .
Initial impression included omphalocele with further imaging of the bowel to be done .
Surgery was consulted and Dr. Boston took patient to OR for exploration of cord on 04-01 .
Urachal duct remnanr found , removed and bladder repaired .
Post op course unremrakable .
PAtient began feeding first post op day and has done well .
HEMATOLOGY : Hematocrit on admission was 52.8 .
The infant does not require a new blood transfusion .
INFECTIOUS DISEASE : CBC and blood culture obtained on admission .
Initial CBC had a white count of 20 , platelet count of 386 , 63 polys , 2 bands , 23 lymphs .
Blood cultures remained negative at this time .
Infant has not received any antibiotics .
NEUROLOGIC : Infant has been appropriate for gestational age .
SENSORY : Hearing screen has not yet been performed but should be done prior to discharge .
]]></TEXT>
<TAGS>
<EVENT id="E38" start="226" end="241" text="antibody screen" modality="FACTUAL" polarity="POS" type="TEST" />
<EVENT id="E13" start="1469" end="1476" text="removed" modality="FACTUAL" polarity="POS" type="TREATMENT" />
<EVENT id="E34" start="1973" end="2004" text="appropriate for gestational age" modality="FACTUAL" polarity="POS" type="OCCURRENCE" />
<EVENT id="E46" start="399" end="423" text="Primary cesarean section" modality="FACTUAL" polarity="POS" type="TREATMENT" />
<EVENT id="E44" start="371" end="385" text="hypothyroidism" modality="FACTUAL" polarity="POS" type="PROBLEM" />
<EVENT id="E2" start="1077" end="1085" text="D-sticks" modality="FACTUAL" polarity="POS" type="TEST" />
<EVENT id="E26" start="1775" end="1788" text="a white count" modality="FACTUAL" polarity="POS" type="TEST" />
<EVENT id="E5" start="1212" end="1219" text="feeding" modality="FACTUAL" polarity="POS" type="OCCURRENCE" />
<EVENT id="E31" start="1845" end="1851" text="lymphs" modality="FACTUAL" polarity="POS" type="TEST" />
<EVENT id="E16" start="1515" end="1527" text="unremrakable" modality="FACTUAL" polarity="POS" type="OCCURRENCE" />
<EVENT id="E30" start="1834" end="1839" text="bands" modality="FACTUAL" polarity="POS" type="TEST" />
<EVENT id="E36" start="2017" end="2031" text="Hearing screen" modality="PROPOSED" polarity="POS" type="TEST" />
<EVENT id="E3" start="1096" end="1102" text="stable" modality="FACTUAL" polarity="POS" type="OCCURRENCE" />
<EVENT id="E27" start="1797" end="1811" text="platelet count" modality="FACTUAL" polarity="POS" type="TEST" />
<EVENT id="E51" start="493" end="507" text="This pregnancy" modality="FACTUAL" polarity="POS" type="OCCURRENCE" />
<EVENT id="E50" start="485" end="490" text="Paxil" modality="FACTUAL" polarity="POS" type="TREATMENT" />
<EVENT id="E35" start="202" end="212" text="blood type" modality="FACTUAL" polarity="POS" type="TEST" />
<EVENT id="E59" start="741" end="761" text="Clear amniotic fluid" modality="FACTUAL" polarity="POS" type="OCCURRENCE" />
<EVENT id="E21" start="1666" end="1689" text="a new blood transfusion" modality="FACTUAL" polarity="NEG" type="TREATMENT" />
<EVENT id="E24" start="1747" end="1756" text="admission" modality="FACTUAL" polarity="POS" type="OCCURRENCE" />
<EVENT id="E58" start="708" end="738" text="prolonged rupture of membranes" modality="FACTUAL" polarity="NEG" type="PROBLEM" />
<EVENT id="E45" start="389" end="396" text="Levoxyl" modality="FACTUAL" polarity="POS" type="TREATMENT" />
<EVENT id="E32" start="1854" end="1868" text="Blood cultures" modality="FACTUAL" polarity="POS" type="TEST" />
<EVENT id="E18" start="1578" end="1587" text="done well" modality="FACTUAL" polarity="POS" type="OCCURRENCE" />
<EVENT id="E40" start="28" end="37" text="Discharge" modality="FACTUAL" polarity="POS" type="OCCURRENCE" />
<EVENT id="E41" start="292" end="295" text="RPR" modality="FACTUAL" polarity="POS" type="TEST" />
<EVENT id="E14" start="1481" end="1497" text="bladder repaired" modality="FACTUAL" polarity="POS" type="TREATMENT" />
<EVENT id="E66" start="964" end="985" text="cardiovascular issues" modality="FACTUAL" polarity="NEG" type="PROBLEM" />
<EVENT id="E20" start="1617" end="1626" text="admission" modality="FACTUAL" polarity="POS" type="OCCURRENCE" />
<EVENT id="E54" start="618" end="627" text="presented" modality="FACTUAL" polarity="POS" type="OCCURRENCE" />
<EVENT id="E65" start="926" end="941" text="hospital course" modality="FACTUAL" polarity="POS" type="OCCURRENCE" />
<EVENT id="E57" start="688" end="702" text="maternal fever" modality="FACTUAL" polarity="NEG" type="PROBLEM" />
<EVENT id="E22" start="1713" end="1716" text="CBC" modality="FACTUAL" polarity="POS" type="TEST" />
<EVENT id="E11" start="1409" end="1428" text="exploration of cord" modality="FACTUAL" polarity="POS" type="TEST" />
<EVENT id="E28" start="183" end="199" text="Prenatal screens" modality="FACTUAL" polarity="POS" type="TEST" />
<EVENT id="E29" start="1824" end="1829" text="polys" modality="FACTUAL" polarity="POS" type="TEST" />
<EVENT id="E37" start="2087" end="2096" text="discharge" modality="FACTUAL" polarity="POS" type="OCCURRENCE" />
<EVENT id="E23" start="1721" end="1734" text="blood culture" modality="FACTUAL" polarity="POS" type="TEST" />
<EVENT id="E6" start="1222" end="1245" text="An abdominal ultrasound" modality="FACTUAL" polarity="POS" type="TEST" />
<EVENT id="E62" start="789" end="805" text="Vaginal delivery" modality="FACTUAL" polarity="POS" type="OCCURRENCE" />
<EVENT id="E17" start="1544" end="1551" text="feeding" modality="FACTUAL" polarity="POS" type="OCCURRENCE" />
<EVENT id="E33" start="1926" end="1941" text="any antibiotics" modality="FACTUAL" polarity="NEG" type="TREATMENT" />
<EVENT id="E53" start="564" end="586" text="fetal ultrasound study" modality="FACTUAL" polarity="POS" type="TEST" />
<EVENT id="E25" start="1759" end="1770" text="Initial CBC" modality="FACTUAL" polarity="POS" type="TEST" />
<EVENT id="E63" start="808" end="814" text="Apgars" modality="FACTUAL" polarity="POS" type="TEST" />
<EVENT id="E12" start="1440" end="1460" text="Urachal duct remnanr" modality="FACTUAL" polarity="POS" type="PROBLEM" />
<EVENT id="E47" start="429" end="447" text="previous pregnancy" modality="FACTUAL" polarity="POS" type="OCCURRENCE" />
<EVENT id="E64" start="896" end="902" text="stable" modality="FACTUAL" polarity="POS" type="OCCURRENCE" />
<EVENT id="E9" start="1307" end="1335" text="further imaging of the bowel" modality="FACTUAL" polarity="POS" type="TEST" />
<EVENT id="E1" start="1070" end="1074" text="D10W" modality="FACTUAL" polarity="POS" type="TREATMENT" />
<EVENT id="E60" start="764" end="774" text="Anesthesia" modality="FACTUAL" polarity="POS" type="TREATMENT" />
<EVENT id="E52" start="526" end="532" text="a cyst" modality="FACTUAL" polarity="POS" type="PROBLEM" />
<EVENT id="E15" start="1500" end="1514" text="Post op course" modality="FACTUAL" polarity="POS" type="OCCURRENCE" />
<EVENT id="E56" start="654" end="682" text="perineal sepsis risk factors" modality="FACTUAL" polarity="NEG" type="PROBLEM" />
<EVENT id="E61" start="778" end="786" text="epidural" modality="FACTUAL" polarity="POS" type="TREATMENT" />
<EVENT id="E42" start="310" end="317" text="rubella" modality="FACTUAL" polarity="POS" type="TEST" />
<EVENT id="E43" start="327" end="330" text="GBS" modality="FACTUAL" polarity="NEG" type="PROBLEM" />
<EVENT id="E55" start="631" end="650" text="spontaneous labor ." modality="FACTUAL" polarity="POS" type="OCCURRENCE" />
<EVENT id="E7" start="124" end="128" text="born" modality="FACTUAL" polarity="POS" type="OCCURRENCE" />
<EVENT id="E8" start="1290" end="1301" text="omphalocele" modality="FACTUAL" polarity="POS" type="PROBLEM" />
<EVENT id="E4" start="1133" end="1144" text="breast feed" modality="FACTUAL" polarity="POS" type="OCCURRENCE" />
<EVENT id="E49" start="472" end="482" text="Other meds" modality="FACTUAL" polarity="POS" type="TREATMENT" />
<EVENT id="E39" start="253" end="280" text="hepatitis B surface antigen" modality="FACTUAL" polarity="POS" type="TEST" />
<EVENT id="E0" start="1" end="10" text="Admission" modality="FACTUAL" polarity="POS" type="OCCURRENCE" />
<EVENT id="E10" start="1402" end="1404" text="OR" modality="FACTUAL" polarity="POS" type="CLINICAL_DEPT" />
<EVENT id="E19" start="1603" end="1613" text="Hematocrit" modality="FACTUAL" polarity="POS" type="TEST" />
<EVENT id="E48" start="452" end="469" text="arrest of descent" modality="FACTUAL" polarity="POS" type="PROBLEM" />
<TIMEX3 id="T1" start="1205" end="1211" text="ad lib" type="FREQUENCY" val="R" mod="NA" />
<TIMEX3 id="T6" start="590" end="598" text="18 weeks" type="DATE" val="2013-10-29" mod="APPROX" />
<TIMEX3 id="T4" start="17" end="27" text="2014-03-31" type="DATE" val="2014-03-31" mod="NA" />
<TIMEX3 id="T0" start="1126" end="1132" text="ad lib" type="FREQUENCY" val="R" mod="NA" />
<TIMEX3 id="T3" start="1552" end="1569" text="first post op day" type="DATE" val="2014-04-01" mod="NA" />
<TIMEX3 id="T2" start="1432" end="1437" text="04-01" type="DATE" val="2014-04-01" mod="NA" />
<TIMEX3 id="T5" start="45" end="55" text="2014-04-01" type="DATE" val="2014-04-01" mod="NA" />
<TLINK id="TL0" fromID="E0" fromText="Admission" toID="T4" toText="2014-03-31" type="OVERLAP" />
<TLINK id="TL1" fromID="E1" fromText="D10W" toID="T5" toText="2014-04-01" type="BEFORE" />
<TLINK id="TL2" fromID="E2" fromText="D-sticks" toID="T5" toText="2014-04-01" type="BEFORE" />
<TLINK id="TL3" fromID="E3" fromText="stable" toID="T5" toText="2014-04-01" type="BEFORE" />
<TLINK id="TL4" fromID="E4" fromText="breast feed" toID="T5" toText="2014-04-01" type="BEFORE" />
<TLINK id="TL5" fromID="E5" fromText="feeding" toID="T5" toText="2014-04-01" type="BEFORE" />
<TLINK id="TL6" fromID="E6" fromText="An abdominal ultrasound" toID="T5" toText="2014-04-01" type="BEFORE" />
<TLINK id="TL7" fromID="E7" fromText="born" toID="T4" toText="2014-03-31" type="BEFORE" />
<TLINK id="TL8" fromID="E8" fromText="omphalocele" toID="T5" toText="2014-04-01" type="BEFORE" />
<TLINK id="TL9" fromID="E9" fromText="further imaging of the bowel" toID="T5" toText="2014-04-01" type="BEFORE" />
<TLINK id="TL10" fromID="E10" fromText="OR" toID="T5" toText="2014-04-01" type="BEFORE" />
<TLINK id="TL11" fromID="E11" fromText="exploration of cord" toID="T5" toText="2014-04-01" type="BEFORE" />
<TLINK id="TL12" fromID="E12" fromText="Urachal duct remnanr" toID="T5" toText="2014-04-01" type="BEFORE" />
<TLINK id="TL13" fromID="E13" fromText="removed" toID="T5" toText="2014-04-01" type="BEFORE" />
<TLINK id="TL14" fromID="E14" fromText="bladder repaired" toID="T5" toText="2014-04-01" type="BEFORE" />
<TLINK id="TL15" fromID="E15" fromText="Post op course" toID="T5" toText="2014-04-01" type="BEFORE" />
<TLINK id="TL16" fromID="E16" fromText="unremrakable" toID="T5" toText="2014-04-01" type="BEFORE" />
<TLINK id="TL17" fromID="E17" fromText="feeding" toID="T5" toText="2014-04-01" type="BEFORE" />
<TLINK id="TL18" fromID="E18" fromText="done well" toID="T5" toText="2014-04-01" type="BEFORE" />
<TLINK id="TL19" fromID="E19" fromText="Hematocrit" toID="T5" toText="2014-04-01" type="BEFORE" />
<TLINK id="TL20" fromID="E20" fromText="admission" toID="T5" toText="2014-04-01" type="BEFORE" />
<TLINK id="TL21" fromID="E21" fromText="a new blood transfusion" toID="T5" toText="2014-04-01" type="BEFORE" />
<TLINK id="TL22" fromID="E22" fromText="CBC" toID="T5" toText="2014-04-01" type="BEFORE" />
<TLINK id="TL23" fromID="E23" fromText="blood culture" toID="T5" toText="2014-04-01" type="BEFORE" />
<TLINK id="TL24" fromID="E24" fromText="admission" toID="T5" toText="2014-04-01" type="BEFORE" />
<TLINK id="TL25" fromID="E25" fromText="Initial CBC" toID="T5" toText="2014-04-01" type="BEFORE" />
<TLINK id="TL26" fromID="E26" fromText="a white count" toID="T5" toText="2014-04-01" type="BEFORE" />
<TLINK id="TL27" fromID="E27" fromText="platelet count" toID="T5" toText="2014-04-01" type="BEFORE" />
<TLINK id="TL28" fromID="E28" fromText="Prenatal screens" toID="T4" toText="2014-03-31" type="BEFORE" />
<TLINK id="TL29" fromID="E29" fromText="polys" toID="T5" toText="2014-04-01" type="BEFORE" />
<TLINK id="TL30" fromID="E30" fromText="bands" toID="T5" toText="2014-04-01" type="BEFORE" />
<TLINK id="TL31" fromID="E31" fromText="lymphs" toID="T5" toText="2014-04-01" type="BEFORE" />
<TLINK id="TL32" fromID="E32" fromText="Blood cultures" toID="T5" toText="2014-04-01" type="BEFORE" />
<TLINK id="TL33" fromID="E33" fromText="any antibiotics" toID="T5" toText="2014-04-01" type="BEFORE" />
<TLINK id="TL34" fromID="E34" fromText="appropriate for gestational age" toID="T5" toText="2014-04-01" type="BEFORE" />
<TLINK id="TL35" fromID="E35" fromText="blood type" toID="T4" toText="2014-03-31" type="BEFORE" />
<TLINK id="TL36" fromID="E36" fromText="Hearing screen" toID="T5" toText="2014-04-01" type="AFTER" />
<TLINK id="TL37" fromID="E37" fromText="discharge" toID="T5" toText="2014-04-01" type="OVERLAP" />
<TLINK id="TL38" fromID="E38" fromText="antibody screen" toID="T4" toText="2014-03-31" type="BEFORE" />
<TLINK id="TL39" fromID="E39" fromText="hepatitis B surface antigen" toID="T4" toText="2014-03-31" type="BEFORE" />
<TLINK id="TL40" fromID="E40" fromText="Discharge" toID="T5" toText="2014-04-01" type="OVERLAP" />
<TLINK id="TL41" fromID="E41" fromText="RPR" toID="T4" toText="2014-03-31" type="BEFORE" />
<TLINK id="TL42" fromID="E42" fromText="rubella" toID="T4" toText="2014-03-31" type="BEFORE" />
<TLINK id="TL43" fromID="E43" fromText="GBS" toID="T4" toText="2014-03-31" type="BEFORE" />
<TLINK id="TL44" fromID="E44" fromText="hypothyroidism" toID="T4" toText="2014-03-31" type="BEFORE" />
<TLINK id="TL45" fromID="E45" fromText="Levoxyl" toID="T4" toText="2014-03-31" type="BEFORE" />
<TLINK id="TL46" fromID="E46" fromText="Primary cesarean section" toID="T4" toText="2014-03-31" type="BEFORE" />
<TLINK id="TL47" fromID="E47" fromText="previous pregnancy" toID="T4" toText="2014-03-31" type="BEFORE" />
<TLINK id="TL48" fromID="E48" fromText="arrest of descent" toID="T4" toText="2014-03-31" type="BEFORE" />
<TLINK id="TL49" fromID="E49" fromText="Other meds" toID="T4" toText="2014-03-31" type="BEFORE" />
<TLINK id="TL50" fromID="E50" fromText="Paxil" toID="T4" toText="2014-03-31" type="BEFORE" />
<TLINK id="TL51" fromID="E51" fromText="This pregnancy" toID="T4" toText="2014-03-31" type="BEFORE" />
<TLINK id="TL52" fromID="E52" fromText="a cyst" toID="T4" toText="2014-03-31" type="BEFORE" />
<TLINK id="TL53" fromID="E53" fromText="fetal ultrasound study" toID="T4" toText="2014-03-31" type="BEFORE" />
<TLINK id="TL54" fromID="E54" fromText="presented" toID="T4" toText="2014-03-31" type="BEFORE" />
<TLINK id="TL55" fromID="E55" fromText="spontaneous labor ." toID="T4" toText="2014-03-31" type="BEFORE" />
<TLINK id="TL56" fromID="E56" fromText="perineal sepsis risk factors" toID="T4" toText="2014-03-31" type="BEFORE" />
<TLINK id="TL57" fromID="E57" fromText="maternal fever" toID="T4" toText="2014-03-31" type="BEFORE" />
<TLINK id="TL58" fromID="E58" fromText="prolonged rupture of membranes" toID="T4" toText="2014-03-31" type="BEFORE" />
<TLINK id="TL59" fromID="E59" fromText="Clear amniotic fluid" toID="T4" toText="2014-03-31" type="BEFORE" />
<TLINK id="TL60" fromID="E60" fromText="Anesthesia" toID="T4" toText="2014-03-31" type="BEFORE" />
<TLINK id="TL61" fromID="E61" fromText="epidural" toID="T4" toText="2014-03-31" type="BEFORE" />
<TLINK id="TL62" fromID="E62" fromText="Vaginal delivery" toID="T4" toText="2014-03-31" type="OVERLAP" />
<TLINK id="TL63" fromID="E63" fromText="Apgars" toID="T4" toText="2014-03-31" type="BEFORE" />
<TLINK id="TL64" fromID="E64" fromText="stable" toID="T5" toText="2014-04-01" type="BEFORE" />
<TLINK id="TL65" fromID="E65" fromText="hospital course" toID="T5" toText="2014-04-01" type="BEFORE" />
<TLINK id="TL66" fromID="E66" fromText="cardiovascular issues" toID="T5" toText="2014-04-01" type="BEFORE" />
<TLINK id="TL67" fromID="E28" fromText="Prenatal screens" toID="E35" toText="blood type" type="OVERLAP" />
<TLINK id="TL68" fromID="E28" fromText="Prenatal screens" toID="E39" toText="hepatitis B surface antigen" type="OVERLAP" />
<TLINK id="TL69" fromID="E28" fromText="Prenatal screens" toID="E42" toText="rubella" type="OVERLAP" />
<TLINK id="TL70" fromID="E35" fromText="blood type" toID="E38" toText="antibody screen" type="OVERLAP" />
<TLINK id="TL71" fromID="E38" fromText="antibody screen" toID="E39" toText="hepatitis B surface antigen" type="OVERLAP" />
<TLINK id="TL72" fromID="E39" fromText="hepatitis B surface antigen" toID="E41" toText="RPR" type="OVERLAP" />
<TLINK id="TL73" fromID="E41" fromText="RPR" toID="E42" toText="rubella" type="OVERLAP" />
<TLINK id="TL74" fromID="E44" fromText="hypothyroidism" toID="E45" toText="Levoxyl" type="OVERLAP" />
<TLINK id="TL75" fromID="E46" fromText="Primary cesarean section" toID="E47" toText="previous pregnancy" type="OVERLAP" />
<TLINK id="TL76" fromID="E46" fromText="Primary cesarean section" toID="E48" toText="arrest of descent" type="AFTER" />
<TLINK id="TL77" fromID="E47" fromText="previous pregnancy" toID="E48" toText="arrest of descent" type="AFTER" />
<TLINK id="TL78" fromID="E49" fromText="Other meds" toID="E50" toText="Paxil" type="OVERLAP" />
<TLINK id="TL79" fromID="E51" fromText="This pregnancy" toID="E52" toText="a cyst" type="OVERLAP" />
<TLINK id="TL80" fromID="E52" fromText="a cyst" toID="E53" toText="fetal ultrasound study" type="OVERLAP" />
<TLINK id="TL81" fromID="E53" fromText="fetal ultrasound study" toID="T6" toText="18 weeks" type="OVERLAP" />
<TLINK id="TL82" fromID="E54" fromText="presented" toID="E55" toText="spontaneous labor ." type="OVERLAP" />
<TLINK id="TL83" fromID="E60" fromText="Anesthesia" toID="E61" toText="epidural" type="OVERLAP" />
<TLINK id="TL84" fromID="E64" fromText="stable" toID="E65" toText="hospital course" type="OVERLAP" />
<TLINK id="TL85" fromID="E2" fromText="D-sticks" toID="E3" toText="stable" type="OVERLAP" />
<TLINK id="TL86" fromID="E3" fromText="stable" toID="T0" toText="ad lib" type="OVERLAP" />
<TLINK id="TL87" fromID="T0" fromText="ad lib" toID="E4" toText="breast feed" type="OVERLAP" />
<TLINK id="TL88" fromID="T1" fromText="ad lib" toID="E5" toText="feeding" type="OVERLAP" />
<TLINK id="TL89" fromID="E8" fromText="omphalocele" toID="E9" toText="further imaging of the bowel" type="OVERLAP" />
<TLINK id="TL90" fromID="E10" fromText="OR" toID="E11" toText="exploration of cord" type="OVERLAP" />
<TLINK id="TL91" fromID="E11" fromText="exploration of cord" toID="T2" toText="04-01" type="OVERLAP" />
<TLINK id="TL92" fromID="E12" fromText="Urachal duct remnanr" toID="E13" toText="removed" type="BEFORE" />
<TLINK id="TL93" fromID="E13" fromText="removed" toID="E14" toText="bladder repaired" type="OVERLAP" />
<TLINK id="TL94" fromID="E15" fromText="Post op course" toID="E16" toText="unremrakable" type="OVERLAP" />
<TLINK id="TL95" fromID="E17" fromText="feeding" toID="T3" toText="first post op day" type="OVERLAP" />
<TLINK id="TL96" fromID="T3" fromText="first post op day" toID="E18" toText="done well" type="OVERLAP" />
<TLINK id="TL97" fromID="E19" fromText="Hematocrit" toID="E20" toText="admission" type="OVERLAP" />
<TLINK id="TL98" fromID="E22" fromText="CBC" toID="E23" toText="blood culture" type="OVERLAP" />
<TLINK id="TL99" fromID="E23" fromText="blood culture" toID="E24" toText="admission" type="OVERLAP" />
<TLINK id="TL100" fromID="E25" fromText="Initial CBC" toID="E26" toText="a white count" type="OVERLAP" />
<TLINK id="TL101" fromID="E26" fromText="a white count" toID="E27" toText="platelet count" type="OVERLAP" />
<TLINK id="TL102" fromID="E26" fromText="a white count" toID="E29" toText="polys" type="OVERLAP" />
<TLINK id="TL103" fromID="E27" fromText="platelet count" toID="E29" toText="polys" type="OVERLAP" />
<TLINK id="TL104" fromID="E29" fromText="polys" toID="E30" toText="bands" type="OVERLAP" />
<TLINK id="TL105" fromID="E29" fromText="polys" toID="E31" toText="lymphs" type="OVERLAP" />
<TLINK id="TL106" fromID="E30" fromText="bands" toID="E31" toText="lymphs" type="OVERLAP" />
<TLINK id="TL107" fromID="E36" fromText="Hearing screen" toID="E37" toText="discharge" type="AFTER" />
<TLINK id="TL108" fromID="E20" fromText="admission" toID="E21" toText="a new blood transfusion" type="OVERLAP" />
<TLINK id="TL109" fromID="E23" fromText="blood culture" toID="E32" toText="Blood cultures" type="OVERLAP" />
<TLINK id="TL110" fromID="E43" fromText="GBS" toID="E44" toText="hypothyroidism" type="OVERLAP" />
<TLINK id="TL111" fromID="E28" fromText="Prenatal screens" toID="E43" toText="GBS" type="OVERLAP" />
<TLINK id="TL112" fromID="E51" fromText="This pregnancy" toID="E54" toText="presented" type="OVERLAP" />
<TLINK id="TL113" fromID="E25" fromText="Initial CBC" toID="E32" toText="Blood cultures" type="OVERLAP" />
<TLINK id="TL114" fromID="E4" fromText="breast feed" toID="E5" toText="feeding" type="OVERLAP" />
<TLINK id="TL115" fromID="E65" fromText="hospital course" toID="E66" toText="cardiovascular issues" type="OVERLAP" />
<TLINK id="TL116" fromID="E22" fromText="CBC" toID="E25" toText="Initial CBC" type="OVERLAP" />
<TLINK id="TL117" fromID="E64" fromText="stable" toID="E66" toText="cardiovascular issues" type="OVERLAP" />
<TLINK id="TL118" fromID="E44" fromText="hypothyroidism" toID="E46" toText="Primary cesarean section" type="BEFORE" />
<SECTIME id="S1" start="45" end="55" text="2014-04-01" type="DISCHARGE" dvalue="2014-04-01" />
<SECTIME id="S0" start="17" end="27" text="2014-03-31" type="ADMISSION" dvalue="2014-03-31" />
</TAGS>
</ClinicalNarrativeTemporalAnnotation>
