<?xml version="1.0" encoding="UTF-8" ?>
<ClinicalNarrativeTemporalAnnotation>
<TEXT><![CDATA[
Admission Date :
2015-06-10
Discharge Date :
2015-06-11
Service :
HISTORY OF PRESENT ILLNESS :
HISTORY OF PRESENT ILLNESS :
This is a 44 - year-old male with a history of coronary artery disease , status post myocardial infarction in 9/02 , status post stent proximal and mid-RCA lesion and OM lesion .
He had a Myoview on 05-04 which showed fixed inferior wall defect but no evidence of ischemia .
He has been getting short of breath with exertion times one month and also has occasional chest tightness .
He denies orthopnea , edema , paroxysmal nocturnal dyspnea , diaphoresis , claudication .
He also has history of hypertension , high cholesterol and noninsulin dependent diabetes mellitus .
He underwent cardiac catheterization today which revealed OM , no obstructive disease , left anterior descending minimal disease , left circumflex 40% mid-stenosis .
Right coronary artery 100% mid-stenosis .
Echo in 9/02 showed LVF of 75% with moderate dilatation of the descending aorta .
He is now preop for a coronary artery bypass graft .
]]></TEXT>
<TAGS>
<EVENT id="E23" start="657" end="695" text="noninsulin dependent diabetes mellitus" modality="FACTUAL" polarity="POS" type="PROBLEM" />
<EVENT id="E3" start="210" end="231" text="myocardial infarction" modality="FACTUAL" polarity="POS" type="PROBLEM" />
<EVENT id="E13" start="441" end="449" text="exertion" modality="FACTUAL" polarity="POS" type="OCCURRENCE" />
<EVENT id="E4" start="254" end="259" text="stent" modality="FACTUAL" polarity="POS" type="TREATMENT" />
<EVENT id="E2" start="172" end="195" text="coronary artery disease" modality="FACTUAL" polarity="POS" type="PROBLEM" />
<EVENT id="E1" start="1008" end="1038" text="a coronary artery bypass graft" modality="FACTUAL" polarity="POS" type="TREATMENT" />
<EVENT id="E9" start="336" end="342" text="showed" modality="FACTUAL" polarity="POS" type="EVIDENTIAL" />
<EVENT id="E25" start="747" end="755" text="revealed" modality="FACTUAL" polarity="POS" type="EVIDENTIAL" />
<EVENT id="E30" start="864" end="903" text="Right coronary artery 100% mid-stenosis" modality="FACTUAL" polarity="POS" type="PROBLEM" />
<EVENT id="E24" start="711" end="734" text="cardiac catheterization" modality="FACTUAL" polarity="POS" type="TEST" />
<EVENT id="E15" start="511" end="517" text="denies" modality="FACTUAL" polarity="POS" type="EVIDENTIAL" />
<EVENT id="E28" start="786" end="826" text="left anterior descending minimal disease" modality="FACTUAL" polarity="POS" type="PROBLEM" />
<EVENT id="E6" start="29" end="38" text="Discharge" modality="FACTUAL" polarity="POS" type="OCCURRENCE" />
<EVENT id="E12" start="420" end="435" text="short of breath" modality="FACTUAL" polarity="POS" type="PROBLEM" />
<EVENT id="E21" start="621" end="633" text="hypertension" modality="FACTUAL" polarity="POS" type="PROBLEM" />
<EVENT id="E22" start="636" end="652" text="high cholesterol" modality="FACTUAL" polarity="POS" type="PROBLEM" />
<EVENT id="E34" start="942" end="985" text="moderate dilatation of the descending aorta" modality="FACTUAL" polarity="POS" type="PROBLEM" />
<EVENT id="E20" start="583" end="595" text="claudication" modality="FACTUAL" polarity="NEG" type="PROBLEM" />
<EVENT id="E33" start="926" end="929" text="LVF" modality="FACTUAL" polarity="POS" type="TEST" />
<EVENT id="E35" start="998" end="1003" text="preop" modality="FACTUAL" polarity="POS" type="TREATMENT" />
<EVENT id="E5" start="260" end="287" text="proximal and mid-RCA lesion" modality="FACTUAL" polarity="POS" type="PROBLEM" />
<EVENT id="E32" start="919" end="925" text="showed" modality="FACTUAL" polarity="POS" type="EVIDENTIAL" />
<EVENT id="E31" start="906" end="910" text="Echo" modality="FACTUAL" polarity="POS" type="TEST" />
<EVENT id="E10" start="343" end="369" text="fixed inferior wall defect" modality="FACTUAL" polarity="POS" type="PROBLEM" />
<EVENT id="E29" start="829" end="861" text="left circumflex 40% mid-stenosis" modality="FACTUAL" polarity="POS" type="PROBLEM" />
<EVENT id="E19" start="569" end="580" text="diaphoresis" modality="FACTUAL" polarity="NEG" type="PROBLEM" />
<EVENT id="E18" start="538" end="566" text="paroxysmal nocturnal dyspnea" modality="FACTUAL" polarity="NEG" type="PROBLEM" />
<EVENT id="E17" start="530" end="535" text="edema" modality="FACTUAL" polarity="NEG" type="PROBLEM" />
<EVENT id="E8" start="311" end="320" text="a Myoview" modality="FACTUAL" polarity="POS" type="TEST" />
<EVENT id="E26" start="756" end="758" text="OM" modality="FACTUAL" polarity="POS" type="PROBLEM" />
<EVENT id="E14" start="479" end="505" text="occasional chest tightness" modality="FACTUAL" polarity="POS" type="PROBLEM" />
<EVENT id="E0" start="1" end="10" text="Admission" modality="FACTUAL" polarity="POS" type="OCCURRENCE" />
<EVENT id="E27" start="764" end="783" text="obstructive disease" modality="FACTUAL" polarity="NEG" type="PROBLEM" />
<EVENT id="E11" start="389" end="397" text="ischemia" modality="FACTUAL" polarity="NEG" type="PROBLEM" />
<EVENT id="E16" start="518" end="527" text="orthopnea" modality="FACTUAL" polarity="NEG" type="PROBLEM" />
<EVENT id="E7" start="292" end="301" text="OM lesion" modality="FACTUAL" polarity="POS" type="PROBLEM" />
<TIMEX3 id="T2" start="324" end="329" text="05-04" type="DATE" val="2015-05-04" mod="NA" />
<TIMEX3 id="T7" start="994" end="997" text="now" type="DATE" val="2015-06-10" mod="NA" />
<TIMEX3 id="T3" start="456" end="465" text="one month" type="DURATION" val="P1M" mod="NA" />
<TIMEX3 id="T6" start="914" end="918" text="9/02" type="DATE" val="2002-09" mod="NA" />
<TIMEX3 id="T1" start="235" end="239" text="9/02" type="DATE" val="2002-09" mod="NA" />
<TIMEX3 id="T5" start="735" end="740" text="today" type="DATE" val="2015-06-10" mod="NA" />
<TIMEX3 id="T0" start="18" end="28" text="2015-06-10" type="DATE" val="2015-06-10" mod="NA" />
<TIMEX3 id="T4" start="46" end="56" text="2015-06-11" type="DATE" val="2015-06-11" mod="NA" />
<TLINK id="TL0" fromID="E0" fromText="Admission" toID="T0" toText="2015-06-10" type="OVERLAP" />
<TLINK id="TL1" fromID="E1" fromText="a coronary artery bypass graft" toID="T0" toText="2015-06-10" type="AFTER" />
<TLINK id="TL2" fromID="E2" fromText="coronary artery disease" toID="T0" toText="2015-06-10" type="BEFORE" />
<TLINK id="TL3" fromID="E3" fromText="myocardial infarction" toID="T0" toText="2015-06-10" type="BEFORE" />
<TLINK id="TL4" fromID="E4" fromText="stent" toID="T0" toText="2015-06-10" type="BEFORE" />
<TLINK id="TL5" fromID="E5" fromText="proximal and mid-RCA lesion" toID="T0" toText="2015-06-10" type="BEFORE" />
<TLINK id="TL6" fromID="E6" fromText="Discharge" toID="T4" toText="2015-06-11" type="OVERLAP" />
<TLINK id="TL7" fromID="E7" fromText="OM lesion" toID="T0" toText="2015-06-10" type="BEFORE" />
<TLINK id="TL8" fromID="E8" fromText="a Myoview" toID="T0" toText="2015-06-10" type="BEFORE" />
<TLINK id="TL9" fromID="E9" fromText="showed" toID="T0" toText="2015-06-10" type="BEFORE" />
<TLINK id="TL10" fromID="E10" fromText="fixed inferior wall defect" toID="T0" toText="2015-06-10" type="BEFORE" />
<TLINK id="TL11" fromID="E11" fromText="ischemia" toID="T0" toText="2015-06-10" type="BEFORE" />
<TLINK id="TL12" fromID="E12" fromText="short of breath" toID="T0" toText="2015-06-10" type="BEFORE" />
<TLINK id="TL13" fromID="E13" fromText="exertion" toID="T0" toText="2015-06-10" type="BEFORE" />
<TLINK id="TL14" fromID="E14" fromText="occasional chest tightness" toID="T0" toText="2015-06-10" type="BEFORE" />
<TLINK id="TL15" fromID="E15" fromText="denies" toID="T0" toText="2015-06-10" type="OVERLAP" />
<TLINK id="TL16" fromID="E16" fromText="orthopnea" toID="T0" toText="2015-06-10" type="BEFORE" />
<TLINK id="TL17" fromID="E17" fromText="edema" toID="T0" toText="2015-06-10" type="BEFORE" />
<TLINK id="TL18" fromID="E18" fromText="paroxysmal nocturnal dyspnea" toID="T0" toText="2015-06-10" type="BEFORE" />
<TLINK id="TL19" fromID="E19" fromText="diaphoresis" toID="T0" toText="2015-06-10" type="BEFORE" />
<TLINK id="TL20" fromID="E20" fromText="claudication" toID="T0" toText="2015-06-10" type="BEFORE" />
<TLINK id="TL21" fromID="E21" fromText="hypertension" toID="T0" toText="2015-06-10" type="BEFORE" />
<TLINK id="TL22" fromID="E22" fromText="high cholesterol" toID="T0" toText="2015-06-10" type="BEFORE" />
<TLINK id="TL23" fromID="E23" fromText="noninsulin dependent diabetes mellitus" toID="T0" toText="2015-06-10" type="BEFORE" />
<TLINK id="TL24" fromID="E24" fromText="cardiac catheterization" toID="T0" toText="2015-06-10" type="BEFORE" />
<TLINK id="TL25" fromID="E25" fromText="revealed" toID="T0" toText="2015-06-10" type="BEFORE" />
<TLINK id="TL26" fromID="E26" fromText="OM" toID="T0" toText="2015-06-10" type="BEFORE" />
<TLINK id="TL27" fromID="E27" fromText="obstructive disease" toID="T0" toText="2015-06-10" type="BEFORE" />
<TLINK id="TL28" fromID="E28" fromText="left anterior descending minimal disease" toID="T0" toText="2015-06-10" type="BEFORE" />
<TLINK id="TL29" fromID="E29" fromText="left circumflex 40% mid-stenosis" toID="T0" toText="2015-06-10" type="BEFORE" />
<TLINK id="TL30" fromID="E30" fromText="Right coronary artery 100% mid-stenosis" toID="T0" toText="2015-06-10" type="BEFORE" />
<TLINK id="TL31" fromID="E31" fromText="Echo" toID="T0" toText="2015-06-10" type="BEFORE" />
<TLINK id="TL32" fromID="E32" fromText="showed" toID="T0" toText="2015-06-10" type="BEFORE" />
<TLINK id="TL33" fromID="E33" fromText="LVF" toID="T0" toText="2015-06-10" type="BEFORE" />
<TLINK id="TL34" fromID="E34" fromText="moderate dilatation of the descending aorta" toID="T0" toText="2015-06-10" type="BEFORE" />
<TLINK id="TL35" fromID="E35" fromText="preop" toID="T0" toText="2015-06-10" type="OVERLAP" />
<TLINK id="TL36" fromID="E3" fromText="myocardial infarction" toID="T1" toText="9/02" type="OVERLAP" />
<TLINK id="TL37" fromID="E5" fromText="proximal and mid-RCA lesion" toID="E7" toText="OM lesion" type="OVERLAP" />
<TLINK id="TL38" fromID="E8" fromText="a Myoview" toID="T2" toText="05-04" type="OVERLAP" />
<TLINK id="TL39" fromID="E8" fromText="a Myoview" toID="E10" toText="fixed inferior wall defect" type="AFTER" />
<TLINK id="TL40" fromID="E8" fromText="a Myoview" toID="E9" toText="showed" type="OVERLAP" />
<TLINK id="TL41" fromID="T2" fromText="05-04" toID="E9" toText="showed" type="OVERLAP" />
<TLINK id="TL42" fromID="E9" fromText="showed" toID="E10" toText="fixed inferior wall defect" type="AFTER" />
<TLINK id="TL43" fromID="E10" fromText="fixed inferior wall defect" toID="E11" toText="ischemia" type="OVERLAP" />
<TLINK id="TL44" fromID="E12" fromText="short of breath" toID="E13" toText="exertion" type="OVERLAP" />
<TLINK id="TL45" fromID="E12" fromText="short of breath" toID="T3" toText="one month" type="OVERLAP" />
<TLINK id="TL46" fromID="E13" fromText="exertion" toID="T3" toText="one month" type="AFTER" />
<TLINK id="TL47" fromID="T3" fromText="one month" toID="E14" toText="occasional chest tightness" type="OVERLAP" />
<TLINK id="TL48" fromID="E15" fromText="denies" toID="E16" toText="orthopnea" type="AFTER" />
<TLINK id="TL49" fromID="E16" fromText="orthopnea" toID="E17" toText="edema" type="OVERLAP" />
<TLINK id="TL50" fromID="E16" fromText="orthopnea" toID="E18" toText="paroxysmal nocturnal dyspnea" type="OVERLAP" />
<TLINK id="TL51" fromID="E16" fromText="orthopnea" toID="E19" toText="diaphoresis" type="OVERLAP" />
<TLINK id="TL52" fromID="E16" fromText="orthopnea" toID="E20" toText="claudication" type="OVERLAP" />
<TLINK id="TL53" fromID="E17" fromText="edema" toID="E18" toText="paroxysmal nocturnal dyspnea" type="OVERLAP" />
<TLINK id="TL54" fromID="E18" fromText="paroxysmal nocturnal dyspnea" toID="E19" toText="diaphoresis" type="OVERLAP" />
<TLINK id="TL55" fromID="E19" fromText="diaphoresis" toID="E20" toText="claudication" type="OVERLAP" />
<TLINK id="TL56" fromID="E21" fromText="hypertension" toID="E22" toText="high cholesterol" type="OVERLAP" />
<TLINK id="TL57" fromID="E21" fromText="hypertension" toID="E23" toText="noninsulin dependent diabetes mellitus" type="OVERLAP" />
<TLINK id="TL58" fromID="E22" fromText="high cholesterol" toID="E23" toText="noninsulin dependent diabetes mellitus" type="OVERLAP" />
<TLINK id="TL59" fromID="E24" fromText="cardiac catheterization" toID="T5" toText="today" type="OVERLAP" />
<TLINK id="TL60" fromID="E24" fromText="cardiac catheterization" toID="E25" toText="revealed" type="OVERLAP" />
<TLINK id="TL61" fromID="T5" fromText="today" toID="E25" toText="revealed" type="OVERLAP" />
<TLINK id="TL62" fromID="E25" fromText="revealed" toID="E26" toText="OM" type="AFTER" />
<TLINK id="TL63" fromID="E25" fromText="revealed" toID="E29" toText="left circumflex 40% mid-stenosis" type="AFTER" />
<TLINK id="TL64" fromID="E26" fromText="OM" toID="E27" toText="obstructive disease" type="OVERLAP" />
<TLINK id="TL65" fromID="E26" fromText="OM" toID="E29" toText="left circumflex 40% mid-stenosis" type="OVERLAP" />
<TLINK id="TL66" fromID="E26" fromText="OM" toID="E28" toText="left anterior descending minimal disease" type="OVERLAP" />
<TLINK id="TL67" fromID="E28" fromText="left anterior descending minimal disease" toID="E29" toText="left circumflex 40% mid-stenosis" type="OVERLAP" />
<TLINK id="TL68" fromID="E31" fromText="Echo" toID="T6" toText="9/02" type="OVERLAP" />
<TLINK id="TL69" fromID="E31" fromText="Echo" toID="E32" toText="showed" type="OVERLAP" />
<TLINK id="TL70" fromID="T6" fromText="9/02" toID="E32" toText="showed" type="OVERLAP" />
<TLINK id="TL71" fromID="E32" fromText="showed" toID="E33" toText="LVF" type="OVERLAP" />
<TLINK id="TL72" fromID="E32" fromText="showed" toID="E34" toText="moderate dilatation of the descending aorta" type="AFTER" />
<TLINK id="TL73" fromID="E33" fromText="LVF" toID="E34" toText="moderate dilatation of the descending aorta" type="OVERLAP" />
<TLINK id="TL74" fromID="T7" fromText="now" toID="E35" toText="preop" type="OVERLAP" />
<TLINK id="TL75" fromID="E35" fromText="preop" toID="E1" toText="a coronary artery bypass graft" type="BEFORE" />
<TLINK id="TL76" fromID="E21" fromText="hypertension" toID="E24" toText="cardiac catheterization" type="BEFORE" />
<TLINK id="TL77" fromID="E12" fromText="short of breath" toID="E15" toText="denies" type="BEFORE" />
<TLINK id="TL78" fromID="E14" fromText="occasional chest tightness" toID="E15" toText="denies" type="BEFORE" />
<TLINK id="TL79" fromID="E2" fromText="coronary artery disease" toID="E27" toText="obstructive disease" type="OVERLAP" />
<TLINK id="TL80" fromID="E23" fromText="noninsulin dependent diabetes mellitus" toID="E24" toText="cardiac catheterization" type="BEFORE" />
<SECTIME id="S1" start="46" end="56" text="2015-06-11" type="DISCHARGE" dvalue="2015-06-11" />
<SECTIME id="S0" start="18" end="28" text="2015-06-10" type="ADMISSION" dvalue="2015-06-10" />
</TAGS>
</ClinicalNarrativeTemporalAnnotation>
