<?xml version="1.0" encoding="UTF-8" ?>
<ClinicalNarrativeTemporalAnnotation>
<TEXT><![CDATA[
Admission Date :
2015-03-26
Discharge Date :
2015-03-30
Service :
MEDICINE
History of Present Illness :
47 female with h/o HCV cirrhosis compocated by encephalopathy , ascites , and h/o portal vein thrombosis ( right anterior portal vein ) and portalcaval shunt ( reversed flow in main portal vein ) presents from liver clinic with increasing abdominal girth .
She also described sob , nausea , worsening lower ext edema .
She denied abd pain , fevers , chills .
She was admitted for a large volume paracentesis but her INR on admission was 3.8 .
She received 4units of FFP which decreased her INR to 2.2 and then 2 more units during the tap .
She then had 6L of non-bloody ascitic fluid removed without complication .
She received 36gm of albumin following the tap .
Her BP on admission was 120/70 and remained stable following the tap .
Over the next several hours , pt complained of abd pain but this resolved on its own without medication .
In the am , she was found to have a hct of 24 , down from 32 and plts 35 , down from 72 .
She received 2 units of plts and 1 unit of PRBC s.
Her BP was then noted to be decreased at 80/40 which improved mildly to 90/30 with 1.5L of NS .
Temp noted to be low at 94 and she was placed on bear hugger which improved temp to 96.7 .
Her mental status also had decreased from admission and her urine output was minimal , 225cc over the past 12 hours .
Creatinine this am was 1.9 from 0.9 yesterday .
Previous hospital course ( per H&P ):
She was recently hospitalised from 02-23 / 03-04 for abdominal discomfort at which time she underwent paracentesis that ruled out SBP and relieved her abdominal pain .
She also underwent US that revealed patent portal and hepatic vessels .
While her discharge summary maintains that she was continued on Furosemide / Spirinolactone / Propranolol , the patient did not receive any scripts on discharge and as a result did not take these medications .
Also , due to worsening renal function , she was started on octreotide / midodrine / albumin for hepatorenal ssyndrome ( Cr 3.3 at its worst ) which resolved prior to her discharge .
The hospitalisation was also significant for mild DIC for which she received cryoglobulins and UTI (+ Enterococcus and + Klebsiella ).
She received a 7 day course of amoxicillin for which Enterococcus was sensitive but Klebsiella unknown .
Brief Hospital Course :
A/P : 48 yo morbidly obese woman with HCV cirrhosis c/b encephalopathy , esophageal varices and partial vein thrombosis ( but no hx of SBP ) presents with increasing abdominal girth likely secondary to ascites .
Admitted for diagnostic / therapeutic paracentesis and then transferred to the ICU for hypotension , confusion and anemia .
# Liver cirrhosis : MELD score of 34 on admission .
Pt became more encephalopathic during her hospital course .
She was not a transplant candidate due to her obesity .
A family meeting was held on hospital day #4 which included the pt 's closest family members , her hepatologist , Dr. Steidl , her PCP , Dr. Popoff and the ICU team .
After it was explained that the pt 's prognosis was very poor given that she was not a transplant candidate , the 
decision was made by the family and the medical team to withdraw care .
The pt was made comfortable and she expired several hours later .
# Recurrent ascites : On the medical floor , pt had a large volume paracentesis ( 6 liters ) followed by replacement with albumin .
She had no evidence of SBP .
# Hypotension : Pt became hypotensive following the large volume paracentesis despite replacement with albumin .
This was thought to be 04-09 the large volume tap verses sepsis though she had no other evidence of sepsis .
She was placed on pressors to maintain a MAP > 55 .
Once the decision was made to withdraw care , the pressors were discontinued .
# Anemia : Hct dropped following the tap and there was concern for bleed into her abdomen .
She received one unit of PRBC s.
CT of the abdomen and pelvis showed no evidence of bleed .
Her hematocrit remained stable at 24-26 following the acute drop.
# ARF : Creatinine has increased from 0.9 on admission to 1.9 on admission to ICU .
Urine lytes with Na of 10 indicating either pre-renal or hepatorenal .
Fluid challenge with 36gm of albumin , one unit of PRBCs and 2L of NS .
Will check creatinine this afternoon .
Pt previously diagnosed with hepatorenal and was started on midodrine , octreotide and albumin ; these were 
continued .
Her creatinine continued to increase , likely due to her worsening liver failure .
Pt expired during this admission after family discussion to make her comfort care only .
]]></TEXT>
<TAGS>
<EVENT id="E0" start="1" end="10" text="admission" modality="FACTUAL" polarity="POS" type="OCCURRENCE" />
<EVENT id="E1" start="1011" end="1015" text="plts" modality="FACTUAL" polarity="POS" type="TEST" />
<EVENT id="E2" start="1011" end="1018" text="plts 35" modality="FACTUAL" polarity="POS" type="TREATMENT" />
<EVENT id="E3" start="1021" end="1025" text="down" modality="FACTUAL" polarity="POS" type="OCCURRENCE" />
<EVENT id="E4" start="1049" end="1056" text="2 units" modality="FACTUAL" polarity="POS" type="TREATMENT" />
<EVENT id="E5" start="1060" end="1064" text="plts" modality="FACTUAL" polarity="POS" type="TREATMENT" />
<EVENT id="E6" start="1071" end="1075" text="unit" modality="FACTUAL" polarity="POS" type="CLINICAL_DEPT" />
<EVENT id="E7" start="1079" end="1083" text="PRBC" modality="FACTUAL" polarity="POS" type="TREATMENT" />
<EVENT id="E8" start="1079" end="1086" text="prbc s." modality="FACTUAL" polarity="POS" type="TREATMENT" />
<EVENT id="E9" start="1087" end="1093" text="her bp" modality="FACTUAL" polarity="POS" type="TEST" />
<EVENT id="E10" start="1091" end="1093" text="BP" modality="FACTUAL" polarity="POS" type="TREATMENT" />
<EVENT id="E11" start="1103" end="1108" text="noted" modality="FACTUAL" polarity="POS" type="EVIDENTIAL" />
<EVENT id="E12" start="1115" end="1124" text="decreased" modality="FACTUAL" polarity="POS" type="PROBLEM" />
<EVENT id="E13" start="1128" end="1133" text="80/40" modality="FACTUAL" polarity="POS" type="CLINICAL_DEPT" />
<EVENT id="E14" start="1140" end="1148" text="improved" modality="FACTUAL" polarity="POS" type="OCCURRENCE" />
<EVENT id="E15" start="1159" end="1164" text="90/30" modality="FACTUAL" polarity="POS" type="CLINICAL_DEPT" />
<EVENT id="E16" start="1178" end="1180" text="NS" modality="FACTUAL" polarity="POS" type="TREATMENT" />
<EVENT id="E17" start="1183" end="1187" text="Temp" modality="FACTUAL" polarity="POS" type="TEST" />
<EVENT id="E18" start="1183" end="1193" text="temp noted" modality="FACTUAL" polarity="POS" type="EVIDENTIAL" />
<EVENT id="E19" start="1188" end="1193" text="noted" modality="FACTUAL" polarity="POS" type="EVIDENTIAL" />
<EVENT id="E20" start="1200" end="1203" text="low" modality="FACTUAL" polarity="POS" type="PROBLEM" />
<EVENT id="E21" start="1222" end="1228" text="placed" modality="FACTUAL" polarity="POS" type="OCCURRENCE" />
<EVENT id="E22" start="1232" end="1243" text="bear hugger" modality="FACTUAL" polarity="POS" type="TREATMENT" />
<EVENT id="E23" start="124" end="137" text="hcv cirrhosis" modality="FACTUAL" polarity="POS" type="PROBLEM" />
<EVENT id="E24" start="1250" end="1258" text="improved" modality="FACTUAL" polarity="POS" type="OCCURRENCE" />
<EVENT id="E25" start="1250" end="1263" text="improved temp" modality="FACTUAL" polarity="POS" type="TEST" />
<EVENT id="E26" start="1259" end="1263" text="temp" modality="FACTUAL" polarity="POS" type="TEST" />
<EVENT id="E27" start="1267" end="1271" text="96.7" modality="FACTUAL" polarity="POS" type="CLINICAL_DEPT" />
<EVENT id="E28" start="1274" end="1291" text="Her mental status" modality="FACTUAL" polarity="POS" type="OCCURRENCE" />
<EVENT id="E29" start="1301" end="1310" text="decreased" modality="FACTUAL" polarity="POS" type="OCCURRENCE" />
<EVENT id="E30" start="1316" end="1325" text="admission" modality="FACTUAL" polarity="POS" type="OCCURRENCE" />
<EVENT id="E31" start="1330" end="1346" text="her urine output" modality="FACTUAL" polarity="POS" type="TEST" />
<EVENT id="E32" start="1334" end="1346" text="urine output" modality="FACTUAL" polarity="POS" type="TEST" />
<EVENT id="E33" start="1351" end="1358" text="minimal" modality="FACTUAL" polarity="POS" type="OCCURRENCE" />
<EVENT id="E34" start="1361" end="1366" text="225cc" modality="FACTUAL" polarity="POS" type="TREATMENT" />
<EVENT id="E35" start="1392" end="1402" text="creatinine" modality="FACTUAL" polarity="POS" type="TEST" />
<EVENT id="E36" start="1449" end="1477" text="hospital course ( per H&P ):" modality="FACTUAL" polarity="POS" type="TREATMENT" />
<EVENT id="E37" start="1495" end="1507" text="hospitalised" modality="FACTUAL" polarity="POS" type="OCCURRENCE" />
<EVENT id="E38" start="1513" end="1518" text="02-23" modality="FACTUAL" polarity="POS" type="CLINICAL_DEPT" />
<EVENT id="E39" start="152" end="166" text="encephalopathy" modality="FACTUAL" polarity="POS" type="PROBLEM" />
<EVENT id="E40" start="1521" end="1526" text="03-04" modality="FACTUAL" polarity="POS" type="TREATMENT" />
<EVENT id="E41" start="1531" end="1551" text="abdominal discomfort" modality="FACTUAL" polarity="POS" type="PROBLEM" />
<EVENT id="E42" start="1580" end="1592" text="paracentesis" modality="FACTUAL" polarity="POS" type="TREATMENT" />
<EVENT id="E43" start="1598" end="1607" text="ruled out" modality="FACTUAL" polarity="POS" type="OCCURRENCE" />
<EVENT id="E44" start="1608" end="1611" text="sbp" modality="FACTUAL" polarity="POS" type="PROBLEM" />
<EVENT id="E45" start="1625" end="1643" text="her abdominal pain" modality="FACTUAL" polarity="POS" type="PROBLEM" />
<EVENT id="E46" start="1629" end="1643" text="abdominal pain" modality="FACTUAL" polarity="POS" type="PROBLEM" />
<EVENT id="E47" start="1665" end="1667" text="US" modality="FACTUAL" polarity="POS" type="TEST" />
<EVENT id="E48" start="1673" end="1681" text="revealed" modality="FACTUAL" polarity="POS" type="EVIDENTIAL" />
<EVENT id="E49" start="1673" end="1715" text="revealed patent portal and hepatic vessels" modality="FACTUAL" polarity="POS" type="PROBLEM" />
<EVENT id="E50" start="169" end="176" text="ascites" modality="FACTUAL" polarity="POS" type="PROBLEM" />
<EVENT id="E51" start="1724" end="1737" text="her discharge" modality="FACTUAL" polarity="POS" type="OCCURRENCE" />
<EVENT id="E52" start="1728" end="1737" text="discharge summary" modality="FACTUAL" polarity="POS" type="OCCURRENCE" />
<EVENT id="E53" start="1782" end="1792" text="furosemide" modality="FACTUAL" polarity="POS" type="TREATMENT" />
<EVENT id="E54" start="1782" end="1823" text="Furosemide / Spirinolactone / Propranolol" modality="FACTUAL" polarity="POS" type="TREATMENT" />
<EVENT id="E55" start="1795" end="1809" text="spirinolactone" modality="FACTUAL" polarity="POS" type="TREATMENT" />
<EVENT id="E56" start="1812" end="1823" text="propranolol" modality="FACTUAL" polarity="POS" type="TREATMENT" />
<EVENT id="E57" start="183" end="209" text="h/o portal vein thrombosis" modality="FACTUAL" polarity="POS" type="PROBLEM" />
<EVENT id="E58" start="1869" end="1878" text="discharge" modality="FACTUAL" polarity="POS" type="OCCURRENCE" />
<EVENT id="E59" start="187" end="240" text="portal vein thrombosis ( right anterior portal vein )" modality="FACTUAL" polarity="POS" type="PROBLEM" />
<EVENT id="E60" start="1908" end="1925" text="these medications" modality="FACTUAL" polarity="POS" type="TREATMENT" />
<EVENT id="E61" start="1942" end="1966" text="worsening renal function" modality="FACTUAL" polarity="POS" type="PROBLEM" />
<EVENT id="E62" start="1952" end="1966" text="renal function" modality="FACTUAL" polarity="POS" type="PROBLEM" />
<EVENT id="E63" start="1988" end="1998" text="octreotide" modality="FACTUAL" polarity="POS" type="TREATMENT" />
<EVENT id="E64" start="1988" end="2010" text="octreotide / midodrine" modality="FACTUAL" polarity="POS" type="TREATMENT" />
<EVENT id="E65" start="2001" end="2010" text="midodrine" modality="FACTUAL" polarity="POS" type="TREATMENT" />
<EVENT id="E66" start="2013" end="2020" text="albumin" modality="FACTUAL" polarity="POS" type="TREATMENT" />
<EVENT id="E67" start="2025" end="2046" text="hepatorenal ssyndrome" modality="FACTUAL" polarity="POS" type="PROBLEM" />
<EVENT id="E68" start="2077" end="2085" text="resolved" modality="FACTUAL" polarity="POS" type="OCCURRENCE" />
<EVENT id="E69" start="2095" end="2108" text="her discharge" modality="FACTUAL" polarity="POS" type="OCCURRENCE" />
<EVENT id="E70" start="2111" end="2130" text="the hospitalisation" modality="FACTUAL" polarity="POS" type="TEST" />
<EVENT id="E71" start="212" end="238" text="right anterior portal vein" modality="FACTUAL" polarity="POS" type="PROBLEM" />
<EVENT id="E72" start="2156" end="2164" text="mild dic" modality="FACTUAL" polarity="POS" type="PROBLEM" />
<EVENT id="E73" start="2188" end="2201" text="cryoglobulins" modality="FACTUAL" polarity="POS" type="TREATMENT" />
<EVENT id="E74" start="2206" end="2209" text="uti" modality="FACTUAL" polarity="POS" type="PROBLEM" />
<EVENT id="E75" start="2206" end="2245" text="UTI (+ Enterococcus and + Klebsiella )." modality="FACTUAL" polarity="POS" type="PROBLEM" />
<EVENT id="E76" start="2213" end="2225" text="enterococcus" modality="FACTUAL" polarity="POS" type="PROBLEM" />
<EVENT id="E77" start="2232" end="2242" text="klebsiella" modality="FACTUAL" polarity="POS" type="PROBLEM" />
<EVENT id="E78" start="2277" end="2288" text="amoxicillin" modality="FACTUAL" polarity="POS" type="TREATMENT" />
<EVENT id="E79" start="2299" end="2311" text="enterococcus" modality="FACTUAL" polarity="POS" type="TEST" />
<EVENT id="E80" start="2316" end="2325" text="sensitive" modality="FACTUAL" polarity="POS" type="TEST" />
<EVENT id="E81" start="2330" end="2340" text="klebsiella" modality="FACTUAL" polarity="POS" type="PROBLEM" />
<EVENT id="E82" start="2357" end="2372" text="Hospital Course" modality="FACTUAL" polarity="POS" type="TREATMENT" />
<EVENT id="E83" start="2396" end="2401" text="obese" modality="FACTUAL" polarity="POS" type="PROBLEM" />
<EVENT id="E84" start="2413" end="2426" text="HCV cirrhosis" modality="FACTUAL" polarity="POS" type="PROBLEM" />
<EVENT id="E85" start="2413" end="2445" text="hcv cirrhosis c/b encephalopathy" modality="FACTUAL" polarity="POS" type="PROBLEM" />
<EVENT id="E86" start="2427" end="2445" text="c/b encephalopathy" modality="FACTUAL" polarity="POS" type="PROBLEM" />
<EVENT id="E87" start="2448" end="2466" text="esophageal varices" modality="FACTUAL" polarity="POS" type="PROBLEM" />
<EVENT id="E88" start="245" end="262" text="portalcaval shunt" modality="FACTUAL" polarity="POS" type="PROBLEM" />
<EVENT id="E89" start="245" end="300" text="portalcaval shunt ( reversed flow in main portal vein )" modality="FACTUAL" polarity="POS" type="TREATMENT" />
<EVENT id="E90" start="2471" end="2494" text="partial vein thrombosis" modality="FACTUAL" polarity="POS" type="TREATMENT" />
<EVENT id="E91" start="2471" end="2515" text="partial vein thrombosis ( but no hx of SBP )" modality="FACTUAL" polarity="POS" type="PROBLEM" />
<EVENT id="E92" start="2504" end="2513" text="hx of SBP" modality="FACTUAL" polarity="POS" type="PROBLEM" />
<EVENT id="E93" start="2516" end="2524" text="presents" modality="FACTUAL" polarity="POS" type="EVIDENTIAL" />
<EVENT id="E94" start="2530" end="2556" text="increasing abdominal girth" modality="FACTUAL" polarity="POS" type="PROBLEM" />
<EVENT id="E95" start="2541" end="2556" text="abdominal girth" modality="FACTUAL" polarity="POS" type="PROBLEM" />
<EVENT id="E96" start="2577" end="2584" text="ascites" modality="FACTUAL" polarity="POS" type="PROBLEM" />
<EVENT id="E97" start="2587" end="2595" text="admitted" modality="FACTUAL" polarity="POS" type="OCCURRENCE" />
<EVENT id="E98" start="2600" end="2637" text="diagnostic / therapeutic paracentesis" modality="FACTUAL" polarity="POS" type="TREATMENT" />
<EVENT id="E99" start="2647" end="2658" text="transferred" modality="FACTUAL" polarity="POS" type="OCCURRENCE" />
<EVENT id="E100" start="265" end="278" text="reversed flow" modality="FACTUAL" polarity="POS" type="OCCURRENCE" />
<EVENT id="E101" start="2662" end="2669" text="the icu" modality="FACTUAL" polarity="POS" type="CLINICAL_DEPT" />
<EVENT id="E102" start="2674" end="2685" text="hypotension" modality="FACTUAL" polarity="POS" type="PROBLEM" />
<EVENT id="E103" start="2688" end="2697" text="confusion" modality="FACTUAL" polarity="POS" type="PROBLEM" />
<EVENT id="E104" start="2702" end="2708" text="anemia" modality="FACTUAL" polarity="POS" type="PROBLEM" />
<EVENT id="E105" start="2713" end="2728" text="liver cirrhosis" modality="FACTUAL" polarity="POS" type="PROBLEM" />
<EVENT id="E106" start="2731" end="2741" text="MELD score" modality="FACTUAL" polarity="POS" type="TEST" />
<EVENT id="E107" start="2751" end="2760" text="admission" modality="FACTUAL" polarity="POS" type="OCCURRENCE" />
<EVENT id="E108" start="2773" end="2793" text="more encephalopathic" modality="FACTUAL" polarity="POS" type="PROBLEM" />
<EVENT id="E109" start="2778" end="2793" text="encephalopathic" modality="FACTUAL" polarity="POS" type="PROBLEM" />
<EVENT id="E110" start="2801" end="2820" text="her hospital course" modality="FACTUAL" polarity="POS" type="OCCURRENCE" />
<EVENT id="E111" start="2837" end="2847" text="transplant candidate" modality="FACTUAL" polarity="NEG" type="TREATMENT" />
<EVENT id="E112" start="2865" end="2876" text="her obesity" modality="FACTUAL" polarity="POS" type="PROBLEM" />
<EVENT id="E113" start="2879" end="2895" text="a family meeting" modality="FACTUAL" polarity="POS" type="OCCURRENCE" />
<EVENT id="E114" start="2881" end="2895" text="family meeting" modality="FACTUAL" polarity="POS" type="OCCURRENCE" />
<EVENT id="E115" start="29" end="38" text="discharge" modality="FACTUAL" polarity="POS" type="OCCURRENCE" />
<EVENT id="E116" start="2908" end="2920" text="hospital day" modality="FACTUAL" polarity="POS" type="CLINICAL_DEPT" />
<EVENT id="E117" start="3006" end="3013" text="her pcp" modality="FACTUAL" polarity="POS" type="CLINICAL_DEPT" />
<EVENT id="E118" start="301" end="309" text="presents" modality="FACTUAL" polarity="POS" type="OCCURRENCE" />
<EVENT id="E119" start="3035" end="3038" text="ICU team" modality="FACTUAL" polarity="POS" type="CLINICAL_DEPT" />
<EVENT id="E120" start="3074" end="3093" text="the pt 's prognosis" modality="FACTUAL" polarity="POS" type="PROBLEM" />
<EVENT id="E121" start="3133" end="3143" text="transplant candidate" modality="FACTUAL" polarity="NEG" type="TREATMENT" />
<EVENT id="E122" start="315" end="327" text="liver clinic" modality="FACTUAL" polarity="POS" type="CLINICAL_DEPT" />
<EVENT id="E123" start="3197" end="3213" text="the medical team" modality="FACTUAL" polarity="POS" type="CLINICAL_DEPT" />
<EVENT id="E124" start="3217" end="3230" text="withdraw care" modality="FACTUAL" polarity="POS" type="OCCURRENCE" />
<EVENT id="E125" start="3249" end="3260" text="comfortable" modality="FACTUAL" polarity="POS" type="TREATMENT" />
<EVENT id="E126" start="3265" end="3276" text="she expired" modality="FACTUAL" polarity="POS" type="PROBLEM" />
<EVENT id="E127" start="3269" end="3276" text="expired" modality="FACTUAL" polarity="POS" type="OCCURRENCE" />
<EVENT id="E128" start="3301" end="3318" text="recurrent ascites" modality="FACTUAL" polarity="POS" type="PROBLEM" />
<EVENT id="E129" start="3324" end="3341" text="the medical floor" modality="FACTUAL" polarity="POS" type="CLINICAL_DEPT" />
<EVENT id="E130" start="3328" end="3341" text="medical floor" modality="FACTUAL" polarity="POS" type="CLINICAL_DEPT" />
<EVENT id="E131" start="333" end="359" text="increasing abdominal girth" modality="FACTUAL" polarity="POS" type="PROBLEM" />
<EVENT id="E132" start="3351" end="3365" text="a large volume" modality="FACTUAL" polarity="POS" type="PROBLEM" />
<EVENT id="E133" start="3353" end="3378" text="large volume paracentesis" modality="FACTUAL" polarity="POS" type="TREATMENT" />
<EVENT id="E134" start="3404" end="3415" text="replacement" modality="FACTUAL" polarity="POS" type="TREATMENT" />
<EVENT id="E135" start="3404" end="3428" text="replacement with albumin" modality="FACTUAL" polarity="POS" type="TREATMENT" />
<EVENT id="E136" start="3421" end="3428" text="albumin" modality="FACTUAL" polarity="POS" type="TREATMENT" />
<EVENT id="E137" start="344" end="359" text="abdominal girth" modality="FACTUAL" polarity="POS" type="PROBLEM" />
<EVENT id="E138" start="3442" end="3450" text="evidence" modality="FACTUAL" polarity="POS" type="EVIDENTIAL" />
<EVENT id="E139" start="3454" end="3457" text="sbp" modality="FACTUAL" polarity="NEG" type="PROBLEM" />
<EVENT id="E140" start="3462" end="3473" text="hypotension" modality="FACTUAL" polarity="POS" type="PROBLEM" />
<EVENT id="E141" start="3486" end="3497" text="hypotensive" modality="FACTUAL" polarity="POS" type="PROBLEM" />
<EVENT id="E142" start="3508" end="3524" text="the large volume" modality="FACTUAL" polarity="POS" type="PROBLEM" />
<EVENT id="E143" start="3512" end="3537" text="large volume paracentesis" modality="FACTUAL" polarity="POS" type="TREATMENT" />
<EVENT id="E144" start="3546" end="3557" text="replacement" modality="FACTUAL" polarity="POS" type="TREATMENT" />
<EVENT id="E145" start="3546" end="3570" text="replacement with albumin" modality="FACTUAL" polarity="POS" type="TREATMENT" />
<EVENT id="E146" start="3563" end="3570" text="albumin" modality="FACTUAL" polarity="POS" type="TREATMENT" />
<EVENT id="E147" start="3602" end="3622" text="the large volume tap" modality="FACTUAL" polarity="POS" type="TREATMENT" />
<EVENT id="E148" start="3606" end="3622" text="large volume tap" modality="FACTUAL" polarity="POS" type="TREATMENT" />
<EVENT id="E149" start="3630" end="3636" text="sepsis" modality="FACTUAL" polarity="POS" type="PROBLEM" />
<EVENT id="E150" start="3661" end="3669" text="evidence" modality="FACTUAL" polarity="POS" type="EVIDENTIAL" />
<EVENT id="E151" start="3673" end="3679" text="sepsis" modality="FACTUAL" polarity="POS" type="PROBLEM" />
<EVENT id="E152" start="3690" end="3696" text="placed" modality="FACTUAL" polarity="POS" type="OCCURRENCE" />
<EVENT id="E153" start="3700" end="3708" text="pressors" modality="FACTUAL" polarity="POS" type="TREATMENT" />
<EVENT id="E154" start="371" end="380" text="described" modality="FACTUAL" polarity="POS" type="EVIDENTIAL" />
<EVENT id="E155" start="371" end="384" text="described sob" modality="FACTUAL" polarity="POS" type="PROBLEM" />
<EVENT id="E156" start="3739" end="3760" text="the decision was made" modality="FACTUAL" polarity="POS" type="OCCURRENCE" />
<EVENT id="E157" start="3764" end="3777" text="withdraw care" modality="FACTUAL" polarity="POS" type="OCCURRENCE" />
<EVENT id="E158" start="3780" end="3792" text="the pressors" modality="FACTUAL" polarity="POS" type="TREATMENT" />
<EVENT id="E159" start="3798" end="3810" text="discontinued" modality="FACTUAL" polarity="POS" type="OCCURRENCE" />
<EVENT id="E160" start="381" end="384" text="sob" modality="FACTUAL" polarity="POS" type="PROBLEM" />
<EVENT id="E161" start="3815" end="3821" text="anemia" modality="FACTUAL" polarity="POS" type="PROBLEM" />
<EVENT id="E162" start="3815" end="3835" text="Anemia : Hct dropped" modality="FACTUAL" polarity="POS" type="PROBLEM" />
<EVENT id="E163" start="3824" end="3827" text="hct" modality="FACTUAL" polarity="POS" type="TEST" />
<EVENT id="E164" start="3846" end="3853" text="the tap" modality="FACTUAL" polarity="POS" type="TREATMENT" />
<EVENT id="E165" start="387" end="393" text="nausea" modality="FACTUAL" polarity="POS" type="PROBLEM" />
<EVENT id="E166" start="3880" end="3885" text="bleed" modality="FACTUAL" polarity="POS" type="PROBLEM" />
<EVENT id="E167" start="3880" end="3902" text="bleed into her abdomen" modality="FACTUAL" polarity="POS" type="PROBLEM" />
<EVENT id="E168" start="3922" end="3926" text="unit" modality="FACTUAL" polarity="POS" type="CLINICAL_DEPT" />
<EVENT id="E169" start="3930" end="3934" text="PRBC" modality="FACTUAL" polarity="POS" type="TREATMENT" />
<EVENT id="E170" start="3930" end="3937" text="prbc s." modality="FACTUAL" polarity="POS" type="TREATMENT" />
<EVENT id="E171" start="3938" end="3955" text="CT of the abdomen" modality="FACTUAL" polarity="POS" type="TEST" />
<EVENT id="E172" start="3938" end="3973" text="ct of the abdomen and pelvis showed" modality="FACTUAL" polarity="POS" type="EVIDENTIAL" />
<EVENT id="E173" start="396" end="421" text="worsening lower ext edema" modality="FACTUAL" polarity="POS" type="PROBLEM" />
<EVENT id="E174" start="3967" end="3973" text="showed" modality="FACTUAL" polarity="POS" type="EVIDENTIAL" />
<EVENT id="E175" start="3977" end="3985" text="evidence" modality="FACTUAL" polarity="POS" type="EVIDENTIAL" />
<EVENT id="E176" start="3989" end="3994" text="bleed" modality="FACTUAL" polarity="POS" type="PROBLEM" />
<EVENT id="E177" start="3997" end="4011" text="her hematocrit" modality="FACTUAL" polarity="POS" type="TEST" />
<EVENT id="E178" start="4001" end="4011" text="hematocrit" modality="FACTUAL" polarity="POS" type="TEST" />
<EVENT id="E179" start="4012" end="4027" text="remained stable" modality="FACTUAL" polarity="POS" type="OCCURRENCE" />
<EVENT id="E180" start="4021" end="4027" text="stable" modality="FACTUAL" polarity="POS" type="OCCURRENCE" />
<EVENT id="E181" start="4031" end="4036" text="24-26" modality="FACTUAL" polarity="POS" type="CLINICAL_DEPT" />
<EVENT id="E182" start="4047" end="4062" text="the acute drop." modality="FACTUAL" polarity="POS" type="PROBLEM" />
<EVENT id="E183" start="406" end="421" text="lower ext edema" modality="FACTUAL" polarity="POS" type="PROBLEM" />
<EVENT id="E184" start="4065" end="4068" text="arf" modality="FACTUAL" polarity="POS" type="PROBLEM" />
<EVENT id="E185" start="4071" end="4081" text="creatinine" modality="FACTUAL" polarity="POS" type="TEST" />
<EVENT id="E186" start="4086" end="4095" text="increased" modality="FACTUAL" polarity="POS" type="OCCURRENCE" />
<EVENT id="E187" start="4108" end="4117" text="admission" modality="FACTUAL" polarity="POS" type="OCCURRENCE" />
<EVENT id="E188" start="4128" end="4137" text="admission" modality="FACTUAL" polarity="POS" type="OCCURRENCE" />
<EVENT id="E189" start="4128" end="4144" text="admission to ICU" modality="FACTUAL" polarity="POS" type="OCCURRENCE" />
<EVENT id="E190" start="4141" end="4144" text="ICU" modality="FACTUAL" polarity="POS" type="CLINICAL_DEPT" />
<EVENT id="E191" start="4147" end="4158" text="urine lytes" modality="FACTUAL" polarity="POS" type="TEST" />
<EVENT id="E192" start="4164" end="4166" text="Na" modality="FACTUAL" polarity="POS" type="TEST" />
<EVENT id="E193" start="4170" end="4200" text="10 indicating either pre-renal" modality="FACTUAL" polarity="POS" type="PROBLEM" />
<EVENT id="E194" start="4191" end="4200" text="pre-renal" modality="POSSIBLE" polarity="POS" type="PROBLEM" />
<EVENT id="E195" start="4204" end="4215" text="hepatorenal" modality="FACTUAL" polarity="POS" type="PROBLEM" />
<EVENT id="E196" start="4218" end="4233" text="fluid challenge" modality="FACTUAL" polarity="POS" type="TEST" />
<EVENT id="E197" start="4247" end="4254" text="albumin" modality="FACTUAL" polarity="POS" type="TREATMENT" />
<EVENT id="E198" start="4261" end="4265" text="unit" modality="FACTUAL" polarity="POS" type="CLINICAL_DEPT" />
<EVENT id="E199" start="4269" end="4274" text="prbcs" modality="FACTUAL" polarity="POS" type="TREATMENT" />
<EVENT id="E200" start="428" end="434" text="denied" modality="FACTUAL" polarity="POS" type="EVIDENTIAL" />
<EVENT id="E201" start="4285" end="4287" text="NS" modality="FACTUAL" polarity="POS" type="TREATMENT" />
<EVENT id="E202" start="4295" end="4311" text="check creatinine" modality="FACTUAL" polarity="POS" type="TEST" />
<EVENT id="E203" start="4301" end="4311" text="creatinine" modality="FACTUAL" polarity="POS" type="TEST" />
<EVENT id="E204" start="4343" end="4352" text="diagnosed" modality="FACTUAL" polarity="POS" type="EVIDENTIAL" />
<EVENT id="E205" start="435" end="443" text="abd pain" modality="FACTUAL" polarity="POS" type="PROBLEM" />
<EVENT id="E206" start="4358" end="4369" text="hepatorenal" modality="FACTUAL" polarity="POS" type="PROBLEM" />
<EVENT id="E207" start="4389" end="4398" text="midodrine" modality="FACTUAL" polarity="POS" type="TREATMENT" />
<EVENT id="E208" start="4401" end="4411" text="octreotide" modality="FACTUAL" polarity="POS" type="TREATMENT" />
<EVENT id="E209" start="4416" end="4423" text="albumin" modality="FACTUAL" polarity="POS" type="TREATMENT" />
<EVENT id="E210" start="4450" end="4464" text="her creatinine" modality="FACTUAL" polarity="POS" type="TEST" />
<EVENT id="E211" start="4454" end="4464" text="creatinine" modality="FACTUAL" polarity="POS" type="TEST" />
<EVENT id="E212" start="446" end="452" text="fevers" modality="FACTUAL" polarity="POS" type="PROBLEM" />
<EVENT id="E213" start="4478" end="4486" text="increase" modality="FACTUAL" polarity="POS" type="OCCURRENCE" />
<EVENT id="E214" start="4503" end="4530" text="her worsening liver failure" modality="FACTUAL" polarity="POS" type="PROBLEM" />
<EVENT id="E215" start="4517" end="4530" text="liver failure" modality="FACTUAL" polarity="POS" type="PROBLEM" />
<EVENT id="E216" start="4536" end="4543" text="expired" modality="FACTUAL" polarity="POS" type="OCCURRENCE" />
<EVENT id="E217" start="455" end="461" text="chills" modality="FACTUAL" polarity="POS" type="PROBLEM" />
<EVENT id="E218" start="4551" end="4565" text="this admission" modality="FACTUAL" polarity="POS" type="OCCURRENCE" />
<EVENT id="E219" start="4579" end="4589" text="discussion" modality="FACTUAL" polarity="POS" type="OCCURRENCE" />
<EVENT id="E220" start="4598" end="4614" text="her comfort care" modality="FACTUAL" polarity="POS" type="TREATMENT" />
<EVENT id="E221" start="4602" end="4614" text="comfort care" modality="FACTUAL" polarity="POS" type="TREATMENT" />
<EVENT id="E222" start="472" end="480" text="admitted" modality="FACTUAL" polarity="POS" type="OCCURRENCE" />
<EVENT id="E223" start="485" end="512" text="a large volume paracentesis" modality="FACTUAL" polarity="POS" type="TREATMENT" />
<EVENT id="E224" start="487" end="512" text="large volume paracentesis" modality="FACTUAL" polarity="POS" type="TREATMENT" />
<EVENT id="E225" start="517" end="524" text="her inr" modality="FACTUAL" polarity="POS" type="TEST" />
<EVENT id="E226" start="528" end="537" text="admission" modality="FACTUAL" polarity="POS" type="OCCURRENCE" />
<EVENT id="E227" start="571" end="574" text="ffp" modality="FACTUAL" polarity="POS" type="TREATMENT" />
<EVENT id="E228" start="581" end="590" text="decreased" modality="FACTUAL" polarity="POS" type="OCCURRENCE" />
<EVENT id="E229" start="581" end="598" text="decreased her inr" modality="FACTUAL" polarity="POS" type="TEST" />
<EVENT id="E230" start="591" end="598" text="her INR" modality="FACTUAL" polarity="POS" type="TEST" />
<EVENT id="E231" start="635" end="642" text="the tap" modality="FACTUAL" polarity="POS" type="TREATMENT" />
<EVENT id="E232" start="664" end="688" text="non-bloody ascitic fluid" modality="FACTUAL" polarity="POS" type="PROBLEM" />
<EVENT id="E233" start="705" end="717" text="complication" modality="FACTUAL" polarity="NEG" type="PROBLEM" />
<EVENT id="E234" start="733" end="737" text="36gm" modality="FACTUAL" polarity="POS" type="TREATMENT" />
<EVENT id="E235" start="741" end="748" text="albumin" modality="FACTUAL" polarity="POS" type="TREATMENT" />
<EVENT id="E236" start="759" end="766" text="the tap" modality="FACTUAL" polarity="POS" type="TREATMENT" />
<EVENT id="E237" start="769" end="775" text="her bp" modality="FACTUAL" polarity="POS" type="TEST" />
<EVENT id="E238" start="773" end="775" text="BP" modality="FACTUAL" polarity="POS" type="TEST" />
<EVENT id="E239" start="779" end="788" text="admission" modality="FACTUAL" polarity="POS" type="OCCURRENCE" />
<EVENT id="E240" start="804" end="819" text="remained stable" modality="FACTUAL" polarity="POS" type="OCCURRENCE" />
<EVENT id="E241" start="830" end="837" text="the tap" modality="FACTUAL" polarity="POS" type="TREATMENT" />
<EVENT id="E242" start="87" end="102" text="Present Illness" modality="FACTUAL" polarity="POS" type="PROBLEM" />
<EVENT id="E243" start="873" end="883" text="complained" modality="FACTUAL" polarity="POS" type="EVIDENTIAL" />
<EVENT id="E244" start="887" end="895" text="abd pain" modality="FACTUAL" polarity="POS" type="PROBLEM" />
<EVENT id="E245" start="900" end="904" text="this" modality="FACTUAL" polarity="POS" type="PROBLEM" />
<EVENT id="E246" start="900" end="924" text="this resolved on its own" modality="FACTUAL" polarity="POS" type="OCCURRENCE" />
<EVENT id="E247" start="917" end="924" text="its own" modality="FACTUAL" polarity="POS" type="OCCURRENCE" />
<EVENT id="E248" start="933" end="943" text="medication" modality="FACTUAL" polarity="NEG" type="TREATMENT" />
<EVENT id="E249" start="980" end="985" text="a hct" modality="FACTUAL" polarity="POS" type="TEST" />
<EVENT id="E250" start="994" end="998" text="down" modality="FACTUAL" polarity="POS" type="OCCURRENCE" />
<TIMEX3 id="T0" start="1367" end="1389" text="over the past 12 hours" type="DURATION" val="PT12H" mod="MORE" />
<TIMEX3 id="T1" start="1513" end="1526" text="02-23 / 03-04" type="DATE" val="" mod="NA" />
<TIMEX3 id="T2" start="1555" end="1565" text="which time" type="TIME" val="2015-03-04" mod="APPROX" />
<TIMEX3 id="T3" start="18" end="28" text="2015-03-26" type="DATE" val="2015-03-26" mod="NA" />
<TIMEX3 id="T4" start="2261" end="2266" text="7 day" type="DURATION" val="P7D" mod="NA" />
<TIMEX3 id="T5" start="3277" end="3290" text="several hours" type="DURATION" val="PT3H" mod="NA" />
<TIMEX3 id="T6" start="3596" end="3601" text="04-09" type="DATE" val="2014-04-09" mod="NA" />
<TIMEX3 id="T7" start="46" end="56" text="2015-03-30" type="DATE" val="2015-03-30" mod="NA" />
<TIMEX3 id="T8" start="854" end="867" text="several hours" type="DURATION" val="PT3H" mod="MORE" />
</TAGS>
</ClinicalNarrativeTemporalAnnotation>
