<?xml version="1.0" encoding="UTF-8" ?>
<ClinicalNarrativeTemporalAnnotation>
<TEXT><![CDATA[
Admission Date :
2015-10-10
Discharge Date :
2015-10-21
Service :
CMED CSRU
History of Present Illness :
_62 year-old status-post gastric bypass and laprascopic cholecystectomy 7 weeks prior to admission who presented with fever , chills , and left lower extemity redness .
The patient has a history of multiple hospitalizations for lower extremity cellulitis and noted that his symptoms and the appearance of his left leg mirrored previous episodes .
He denied recent trauma to the area or travel .
Review of systems was significant only for painful urination over the past few days and a reduction in urine output .
He denied chest pain , shortness of breath , palpitations , abdominal pain , N/V , penile discharge .
Brief Hospital Course :
This 62 year-old obese male was admitted with cellulitis and presumed bacteremia .
In the John , he was found to be in hypotensive atrial fibrillation .
The patient was admitted to the Medical ICU where his hypotension was managed with IVF hydration and he was maintained on a diltiazam drip for atrial fibrillation .
After his heart rate was controlled , he was transitioned to oral medications and transferred to the medicine service .
1. Cellulitis / Bacteremia
Review of the medical record revealed several previous admissions for cellulitis and bacteremia .
Blood cultures on this admission and were positive for Beta streptococcus Group B .
The patient had previous episodes of the same infection , with lower extremity cellulitis the likely source .
A left lower extremity ultrasound was negative for deep venous thrombosis .
The patient was too large to have a CTA .
He was initially treated with vancomycin and zosyn while awaiting culture results .
Once the organism was identified , he was transitioned to a regimen of intravenous penicillin and oral levofloxacin , which had successfully treated the infection during his most recent admission 1 year prior .
He completed 7 days of levofloxacin and had a PICC line placed to facilitate a 2 week course of IV Penicillin .
2. Atrial fibrillation
The patient 's development of atrial fibrillation was believed to be secondary to infection and structural heart disease .
It was initially managed with intravenous diltiazam , and it was later managed with metoprolol and anticoagulation .
A transthoracic echocardiogram showed a mildly dilated and elongated left atrium , with a markedly dilated right atrium .
He had occasional episodes of rapid atrial fibrillation that were controlled with responded to IV metoprolol .
However , his rate proved difficult to control despite metoprolol and diltiazam .
The EP service was consulted and recommended transesophageal echocardiogram and cardioversion .
The TEE was negative for thrombus and the patient was successfully cardioverted to normal sinus rhythm with ibutilide .
He was subsequently started on amiodarone and is scheduled to complete a 10 week course .
EKG before discharge showed mild QT prolongation and no effect from amiodarone .
EKG and LFTs should be monitored by his PCP , William given the high dose of amiodarone he will receive .
3. FEN
He was followed by the nutrition team throughout his admission and their recommendations were followed .
He demonstrated several asymptomatic electrolyte deficiecies ; these were likely due to inadequate absorption following his surgery and he responded well to repletion .
Vitamin D and parathyroid tests were pending at the time of discharge .
The patient was discharged to Kindred Park View Specialty Hospital of Springfield Rehabilitation Hospital in good condition .
He was sent with a King of Hearts monitor and scheduled for follow-up with cardiology and his primary care physician .

]]></TEXT>
<TAGS>
<EVENT id="E0" start="1" end="10" text="admission" modality="FACTUAL" polarity="POS" type="OCCURRENCE" />
<EVENT id="E1" start="1020" end="1036" text="a diltiazam drip" modality="FACTUAL" polarity="POS" type="TREATMENT" />
<EVENT id="E2" start="1041" end="1060" text="atrial fibrillation" modality="FACTUAL" polarity="POS" type="PROBLEM" />
<EVENT id="E3" start="1069" end="1083" text="his heart rate" modality="FACTUAL" polarity="POS" type="TEST" />
<EVENT id="E4" start="1073" end="1083" text="heart rate" modality="FACTUAL" polarity="POS" type="TEST" />
<EVENT id="E5" start="1088" end="1098" text="controlled" modality="FACTUAL" polarity="POS" type="TREATMENT" />
<EVENT id="E6" start="110" end="145" text="year-old status-post gastric bypass" modality="FACTUAL" polarity="POS" type="TREATMENT" />
<EVENT id="E7" start="1108" end="1120" text="transitioned" modality="FACTUAL" polarity="POS" type="OCCURRENCE" />
<EVENT id="E8" start="1124" end="1140" text="oral medications" modality="FACTUAL" polarity="POS" type="TREATMENT" />
<EVENT id="E9" start="1145" end="1156" text="transferred" modality="FACTUAL" polarity="POS" type="OCCURRENCE" />
<EVENT id="E10" start="1160" end="1180" text="the medicine service" modality="FACTUAL" polarity="POS" type="CLINICAL_DEPT" />
<EVENT id="E11" start="1164" end="1180" text="medicine service" modality="FACTUAL" polarity="POS" type="OCCURRENCE" />
<EVENT id="E12" start="1186" end="1196" text="cellulitis" modality="FACTUAL" polarity="POS" type="PROBLEM" />
<EVENT id="E13" start="1186" end="1209" text="Cellulitis / Bacteremia" modality="FACTUAL" polarity="POS" type="PROBLEM" />
<EVENT id="E14" start="1199" end="1209" text="bacteremia" modality="FACTUAL" polarity="POS" type="PROBLEM" />
<EVENT id="E15" start="1210" end="1216" text="Review" modality="FACTUAL" polarity="POS" type="EVIDENTIAL" />
<EVENT id="E16" start="1239" end="1247" text="revealed" modality="FACTUAL" polarity="POS" type="EVIDENTIAL" />
<EVENT id="E17" start="1265" end="1275" text="admissions" modality="FACTUAL" polarity="POS" type="OCCURRENCE" />
<EVENT id="E18" start="1280" end="1290" text="cellulitis" modality="FACTUAL" polarity="POS" type="PROBLEM" />
<EVENT id="E19" start="1295" end="1305" text="bacteremia" modality="FACTUAL" polarity="POS" type="PROBLEM" />
<EVENT id="E20" start="1308" end="1322" text="blood cultures" modality="FACTUAL" polarity="POS" type="TEST" />
<EVENT id="E21" start="1326" end="1340" text="this admission" modality="FACTUAL" polarity="POS" type="OCCURRENCE" />
<EVENT id="E22" start="1350" end="1358" text="positive" modality="FACTUAL" polarity="POS" type="PROBLEM" />
<EVENT id="E23" start="1363" end="1381" text="Beta streptococcus" modality="FACTUAL" polarity="POS" type="PROBLEM" />
<EVENT id="E24" start="1363" end="1389" text="beta streptococcus group b" modality="FACTUAL" polarity="POS" type="TREATMENT" />
<EVENT id="E25" start="1382" end="1387" text="Group" modality="FACTUAL" polarity="POS" type="CLINICAL_DEPT" />
<EVENT id="E26" start="1429" end="1447" text="the same infection" modality="FACTUAL" polarity="POS" type="PROBLEM" />
<EVENT id="E27" start="1455" end="1470" text="lower extremity" modality="FACTUAL" polarity="POS" type="TEST" />
<EVENT id="E28" start="1455" end="1481" text="lower extremity cellulitis" modality="FACTUAL" polarity="POS" type="PROBLEM" />
<EVENT id="E29" start="1493" end="1499" text="source" modality="POSSIBLE" polarity="POS" type="PROBLEM" />
<EVENT id="E30" start="150" end="177" text="laprascopic cholecystectomy" modality="FACTUAL" polarity="POS" type="TREATMENT" />
<EVENT id="E31" start="1509" end="1535" text="lower extremity ultrasound" modality="FACTUAL" polarity="POS" type="TEST" />
<EVENT id="E32" start="1515" end="1535" text="extremity ultrasound" modality="FACTUAL" polarity="POS" type="TEST" />
<EVENT id="E33" start="1540" end="1548" text="negative" modality="FACTUAL" polarity="POS" type="OCCURRENCE" />
<EVENT id="E34" start="1553" end="1575" text="deep venous thrombosis" modality="FACTUAL" polarity="POS" type="PROBLEM" />
<EVENT id="E35" start="1612" end="1617" text="a cta" modality="FACTUAL" polarity="POS" type="PROBLEM" />
<EVENT id="E36" start="1650" end="1660" text="vancomycin" modality="FACTUAL" polarity="POS" type="TREATMENT" />
<EVENT id="E37" start="1665" end="1670" text="zosyn" modality="FACTUAL" polarity="POS" type="TREATMENT" />
<EVENT id="E38" start="1686" end="1701" text="culture results" modality="FACTUAL" polarity="POS" type="TEST" />
<EVENT id="E39" start="1709" end="1721" text="the organism" modality="FACTUAL" polarity="POS" type="PROBLEM" />
<EVENT id="E40" start="1746" end="1758" text="transitioned" modality="FACTUAL" polarity="POS" type="OCCURRENCE" />
<EVENT id="E41" start="1762" end="1771" text="a regimen" modality="FACTUAL" polarity="POS" type="TREATMENT" />
<EVENT id="E42" start="1775" end="1797" text="intravenous penicillin" modality="FACTUAL" polarity="POS" type="TREATMENT" />
<EVENT id="E43" start="1802" end="1819" text="oral levofloxacin" modality="FACTUAL" polarity="POS" type="TREATMENT" />
<EVENT id="E44" start="1853" end="1866" text="the infection" modality="FACTUAL" polarity="POS" type="PROBLEM" />
<EVENT id="E45" start="1874" end="1899" text="his most recent admission" modality="FACTUAL" polarity="POS" type="OCCURRENCE" />
<EVENT id="E46" start="1883" end="1899" text="recent admission" modality="FACTUAL" polarity="POS" type="OCCURRENCE" />
<EVENT id="E47" start="1938" end="1950" text="levofloxacin" modality="FACTUAL" polarity="POS" type="TREATMENT" />
<EVENT id="E48" start="195" end="204" text="admission" modality="FACTUAL" polarity="POS" type="OCCURRENCE" />
<EVENT id="E49" start="1959" end="1970" text="a picc line" modality="FACTUAL" polarity="POS" type="TREATMENT" />
<EVENT id="E50" start="1971" end="1977" text="placed" modality="FACTUAL" polarity="POS" type="OCCURRENCE" />
<EVENT id="E51" start="2011" end="2024" text="iv penicillin" modality="FACTUAL" polarity="POS" type="TREATMENT" />
<EVENT id="E52" start="2030" end="2049" text="atrial fibrillation" modality="FACTUAL" polarity="POS" type="PROBLEM" />
<EVENT id="E53" start="2050" end="2076" text="the patient 's development" modality="FACTUAL" polarity="POS" type="TEST" />
<EVENT id="E54" start="2080" end="2099" text="atrial fibrillation" modality="FACTUAL" polarity="POS" type="PROBLEM" />
<EVENT id="E55" start="209" end="218" text="presented" modality="FACTUAL" polarity="POS" type="OCCURRENCE" />
<EVENT id="E56" start="2132" end="2141" text="infection" modality="FACTUAL" polarity="POS" type="PROBLEM" />
<EVENT id="E57" start="2146" end="2170" text="structural heart disease" modality="FACTUAL" polarity="POS" type="PROBLEM" />
<EVENT id="E58" start="2190" end="2197" text="managed" modality="FACTUAL" polarity="POS" type="OCCURRENCE" />
<EVENT id="E59" start="2203" end="2214" text="intravenous" modality="FACTUAL" polarity="POS" type="TREATMENT" />
<EVENT id="E60" start="2203" end="2224" text="intravenous diltiazam" modality="FACTUAL" polarity="POS" type="TREATMENT" />
<EVENT id="E61" start="224" end="229" text="fever" modality="FACTUAL" polarity="POS" type="PROBLEM" />
<EVENT id="E62" start="2244" end="2251" text="managed" modality="FACTUAL" polarity="POS" type="OCCURRENCE" />
<EVENT id="E63" start="2257" end="2267" text="metoprolol" modality="FACTUAL" polarity="POS" type="TREATMENT" />
<EVENT id="E64" start="2272" end="2287" text="anticoagulation" modality="FACTUAL" polarity="POS" type="TREATMENT" />
<EVENT id="E65" start="2290" end="2370" text="a transthoracic echocardiogram showed a mildly dilated and elongated left atrium" modality="FACTUAL" polarity="POS" type="PROBLEM" />
<EVENT id="E66" start="2292" end="2320" text="transthoracic echocardiogram" modality="FACTUAL" polarity="POS" type="TEST" />
<EVENT id="E67" start="232" end="238" text="chills" modality="FACTUAL" polarity="POS" type="PROBLEM" />
<EVENT id="E68" start="2321" end="2327" text="showed" modality="FACTUAL" polarity="POS" type="EVIDENTIAL" />
<EVENT id="E69" start="2328" end="2344" text="a mildly dilated" modality="FACTUAL" polarity="POS" type="PROBLEM" />
<EVENT id="E70" start="2349" end="2358" text="elongated" modality="FACTUAL" polarity="POS" type="PROBLEM" />
<EVENT id="E71" start="2378" end="2409" text="a markedly dilated right atrium" modality="FACTUAL" polarity="POS" type="PROBLEM" />
<EVENT id="E72" start="2389" end="2396" text="dilated" modality="FACTUAL" polarity="POS" type="PROBLEM" />
<EVENT id="E73" start="2419" end="2438" text="occasional episodes" modality="FACTUAL" polarity="POS" type="PROBLEM" />
<EVENT id="E74" start="2442" end="2467" text="rapid atrial fibrillation" modality="FACTUAL" polarity="POS" type="PROBLEM" />
<EVENT id="E75" start="2478" end="2488" text="controlled" modality="FACTUAL" polarity="POS" type="TREATMENT" />
<EVENT id="E76" start="2494" end="2503" text="responded" modality="FACTUAL" polarity="POS" type="OCCURRENCE" />
<EVENT id="E77" start="250" end="272" text="lower extemity redness" modality="FACTUAL" polarity="POS" type="TREATMENT" />
<EVENT id="E78" start="2507" end="2520" text="iv metoprolol" modality="FACTUAL" polarity="POS" type="TREATMENT" />
<EVENT id="E79" start="2533" end="2541" text="his rate" modality="FACTUAL" polarity="POS" type="TEST" />
<EVENT id="E80" start="2549" end="2569" text="difficult to control" modality="FACTUAL" polarity="POS" type="PROBLEM" />
<EVENT id="E81" start="256" end="272" text="extemity redness" modality="FACTUAL" polarity="POS" type="PROBLEM" />
<EVENT id="E82" start="2578" end="2588" text="metoprolol" modality="FACTUAL" polarity="POS" type="TREATMENT" />
<EVENT id="E83" start="2593" end="2602" text="diltiazam" modality="FACTUAL" polarity="POS" type="TREATMENT" />
<EVENT id="E84" start="2609" end="2619" text="EP service" modality="FACTUAL" polarity="POS" type="CLINICAL_DEPT" />
<EVENT id="E85" start="2624" end="2633" text="consulted" modality="FACTUAL" polarity="POS" type="OCCURRENCE" />
<EVENT id="E86" start="2650" end="2680" text="transesophageal echocardiogram" modality="PROPOSED" polarity="POS" type="TEST" />
<EVENT id="E87" start="2685" end="2698" text="cardioversion" modality="FACTUAL" polarity="POS" type="TREATMENT" />
<EVENT id="E88" start="2701" end="2708" text="the tee" modality="FACTUAL" polarity="POS" type="TEST" />
<EVENT id="E89" start="2705" end="2708" text="TEE" modality="FACTUAL" polarity="POS" type="TEST" />
<EVENT id="E90" start="2726" end="2734" text="thrombus" modality="FACTUAL" polarity="POS" type="PROBLEM" />
<EVENT id="E91" start="2768" end="2780" text="cardioverted" modality="FACTUAL" polarity="POS" type="TREATMENT" />
<EVENT id="E92" start="2784" end="2803" text="normal sinus rhythm" modality="FACTUAL" polarity="POS" type="OCCURRENCE" />
<EVENT id="E93" start="2809" end="2818" text="ibutilide" modality="FACTUAL" polarity="POS" type="TREATMENT" />
<EVENT id="E94" start="2852" end="2862" text="amiodarone" modality="FACTUAL" polarity="POS" type="TREATMENT" />
<EVENT id="E95" start="2870" end="2879" text="scheduled" modality="FACTUAL" polarity="POS" type="OCCURRENCE" />
<EVENT id="E96" start="29" end="38" text="discharge" modality="FACTUAL" polarity="POS" type="OCCURRENCE" />
<EVENT id="E97" start="2911" end="2914" text="ekg" modality="FACTUAL" polarity="POS" type="TEST" />
<EVENT id="E98" start="2922" end="2931" text="discharge" modality="FACTUAL" polarity="POS" type="OCCURRENCE" />
<EVENT id="E99" start="2932" end="2938" text="showed" modality="FACTUAL" polarity="POS" type="EVIDENTIAL" />
<EVENT id="E100" start="2939" end="2959" text="mild QT prolongation" modality="FACTUAL" polarity="POS" type="PROBLEM" />
<EVENT id="E101" start="2979" end="2989" text="amiodarone" modality="FACTUAL" polarity="POS" type="TREATMENT" />
<EVENT id="E102" start="2992" end="2995" text="ekg" modality="FACTUAL" polarity="POS" type="TEST" />
<EVENT id="E103" start="3000" end="3004" text="lfts" modality="FACTUAL" polarity="POS" type="TREATMENT" />
<EVENT id="E104" start="3015" end="3024" text="monitored" modality="FACTUAL" polarity="POS" type="TREATMENT" />
<EVENT id="E105" start="3028" end="3035" text="his PCP" modality="FACTUAL" polarity="POS" type="CLINICAL_DEPT" />
<EVENT id="E106" start="3038" end="3045" text="william" modality="FACTUAL" polarity="POS" type="CLINICAL_DEPT" />
<EVENT id="E107" start="304" end="329" text="multiple hospitalizations" modality="FACTUAL" polarity="POS" type="PROBLEM" />
<EVENT id="E108" start="3052" end="3060" text="the high" modality="FACTUAL" polarity="POS" type="PROBLEM" />
<EVENT id="E109" start="3061" end="3065" text="dose" modality="FACTUAL" polarity="POS" type="TREATMENT" />
<EVENT id="E110" start="3069" end="3079" text="amiodarone" modality="FACTUAL" polarity="POS" type="TREATMENT" />
<EVENT id="E111" start="3112" end="3120" text="followed" modality="FACTUAL" polarity="POS" type="OCCURRENCE" />
<EVENT id="E112" start="3124" end="3137" text="the nutrition" modality="FACTUAL" polarity="POS" type="TREATMENT" />
<EVENT id="E113" start="3154" end="3167" text="his admission" modality="FACTUAL" polarity="POS" type="OCCURRENCE" />
<EVENT id="E114" start="3199" end="3207" text="followed" modality="FACTUAL" polarity="POS" type="OCCURRENCE" />
<EVENT id="E115" start="3213" end="3225" text="demonstrated" modality="FACTUAL" polarity="POS" type="EVIDENTIAL" />
<EVENT id="E116" start="3226" end="3246" text="several asymptomatic" modality="FACTUAL" polarity="NEG" type="PROBLEM" />
<EVENT id="E117" start="3234" end="3270" text="asymptomatic electrolyte deficiecies" modality="FACTUAL" polarity="POS" type="PROBLEM" />
<EVENT id="E118" start="3247" end="3258" text="electrolyte" modality="FACTUAL" polarity="POS" type="TREATMENT" />
<EVENT id="E119" start="3298" end="3308" text="inadequate" modality="POSSIBLE" polarity="POS" type="PROBLEM" />
<EVENT id="E120" start="3298" end="3319" text="inadequate absorption" modality="FACTUAL" polarity="POS" type="PROBLEM" />
<EVENT id="E121" start="3330" end="3341" text="his surgery" modality="FACTUAL" polarity="POS" type="TREATMENT" />
<EVENT id="E122" start="334" end="360" text="lower extremity cellulitis" modality="FACTUAL" polarity="POS" type="PROBLEM" />
<EVENT id="E123" start="3349" end="3363" text="responded well" modality="FACTUAL" polarity="POS" type="OCCURRENCE" />
<EVENT id="E124" start="3367" end="3376" text="repletion" modality="FACTUAL" polarity="POS" type="TREATMENT" />
<EVENT id="E125" start="3379" end="3386" text="Vitamin" modality="FACTUAL" polarity="POS" type="TREATMENT" />
<EVENT id="E126" start="3379" end="3388" text="vitamin d" modality="FACTUAL" polarity="POS" type="TREATMENT" />
<EVENT id="E127" start="3393" end="3410" text="parathyroid tests" modality="FACTUAL" polarity="POS" type="TEST" />
<EVENT id="E128" start="3416" end="3423" text="pending" modality="FACTUAL" polarity="POS" type="OCCURRENCE" />
<EVENT id="E129" start="3439" end="3448" text="discharge" modality="FACTUAL" polarity="POS" type="OCCURRENCE" />
<EVENT id="E130" start="3467" end="3477" text="discharged" modality="FACTUAL" polarity="POS" type="OCCURRENCE" />
<EVENT id="E131" start="3481" end="3556" text="kindred park view specialty hospital of springfield rehabilitation hospital" modality="FACTUAL" polarity="POS" type="CLINICAL_DEPT" />
<EVENT id="E132" start="3560" end="3574" text="good condition" modality="FACTUAL" polarity="POS" type="OCCURRENCE" />
<EVENT id="E133" start="3594" end="3600" text="a king" modality="FACTUAL" polarity="POS" type="TEST" />
<EVENT id="E134" start="3604" end="3618" text="hearts monitor" modality="FACTUAL" polarity="POS" type="TREATMENT" />
<EVENT id="E135" start="3623" end="3632" text="scheduled" modality="FACTUAL" polarity="POS" type="OCCURRENCE" />
<EVENT id="E136" start="3637" end="3646" text="follow-up" modality="FACTUAL" polarity="POS" type="OCCURRENCE" />
<EVENT id="E137" start="365" end="370" text="noted" modality="FACTUAL" polarity="POS" type="EVIDENTIAL" />
<EVENT id="E138" start="3671" end="3693" text="primary care physician" modality="FACTUAL" polarity="POS" type="OCCURRENCE" />
<EVENT id="E139" start="376" end="388" text="his symptoms" modality="FACTUAL" polarity="POS" type="PROBLEM" />
<EVENT id="E140" start="415" end="423" text="left leg" modality="FACTUAL" polarity="POS" type="PROBLEM" />
<EVENT id="E141" start="456" end="462" text="denied" modality="FACTUAL" polarity="POS" type="EVIDENTIAL" />
<EVENT id="E142" start="456" end="476" text="denied recent trauma" modality="FACTUAL" polarity="POS" type="PROBLEM" />
<EVENT id="E143" start="463" end="476" text="recent trauma" modality="FACTUAL" polarity="POS" type="PROBLEM" />
<EVENT id="E144" start="492" end="498" text="travel" modality="FACTUAL" polarity="POS" type="PROBLEM" />
<EVENT id="E145" start="501" end="518" text="review of systems" modality="FACTUAL" polarity="POS" type="TEST" />
<EVENT id="E146" start="544" end="561" text="painful urination" modality="FACTUAL" polarity="POS" type="PROBLEM" />
<EVENT id="E147" start="589" end="600" text="a reduction" modality="FACTUAL" polarity="POS" type="TREATMENT" />
<EVENT id="E148" start="604" end="616" text="urine output" modality="FACTUAL" polarity="POS" type="TEST" />
<EVENT id="E149" start="622" end="628" text="denied" modality="FACTUAL" polarity="POS" type="EVIDENTIAL" />
<EVENT id="E150" start="629" end="639" text="chest pain" modality="FACTUAL" polarity="POS" type="PROBLEM" />
<EVENT id="E151" start="642" end="661" text="shortness of breath" modality="FACTUAL" polarity="POS" type="PROBLEM" />
<EVENT id="E152" start="664" end="676" text="palpitations" modality="FACTUAL" polarity="POS" type="PROBLEM" />
<EVENT id="E153" start="67" end="76" text="CMED CSRU" modality="FACTUAL" polarity="POS" type="CLINICAL_DEPT" />
<EVENT id="E154" start="679" end="693" text="abdominal pain" modality="FACTUAL" polarity="POS" type="PROBLEM" />
<EVENT id="E155" start="696" end="699" text="n/v" modality="FACTUAL" polarity="POS" type="PROBLEM" />
<EVENT id="E156" start="702" end="718" text="penile discharge" modality="FACTUAL" polarity="POS" type="PROBLEM" />
<EVENT id="E157" start="727" end="742" text="Hospital Course" modality="FACTUAL" polarity="POS" type="TREATMENT" />
<EVENT id="E158" start="753" end="767" text="year-old obese" modality="FACTUAL" polarity="POS" type="PROBLEM" />
<EVENT id="E159" start="777" end="785" text="admitted" modality="FACTUAL" polarity="POS" type="OCCURRENCE" />
<EVENT id="E160" start="791" end="801" text="cellulitis" modality="FACTUAL" polarity="POS" type="PROBLEM" />
<EVENT id="E161" start="815" end="825" text="bacteremia" modality="FACTUAL" polarity="POS" type="PROBLEM" />
<EVENT id="E162" start="831" end="839" text="the john" modality="FACTUAL" polarity="POS" type="CLINICAL_DEPT" />
<EVENT id="E163" start="864" end="895" text="hypotensive atrial fibrillation" modality="FACTUAL" polarity="POS" type="PROBLEM" />
<EVENT id="E164" start="88" end="103" text="Present Illness" modality="FACTUAL" polarity="POS" type="PROBLEM" />
<EVENT id="E165" start="914" end="922" text="admitted" modality="FACTUAL" polarity="POS" type="OCCURRENCE" />
<EVENT id="E166" start="926" end="941" text="the medical icu" modality="FACTUAL" polarity="POS" type="CLINICAL_DEPT" />
<EVENT id="E167" start="948" end="963" text="his hypotension" modality="FACTUAL" polarity="POS" type="PROBLEM" />
<EVENT id="E168" start="968" end="975" text="managed" modality="FACTUAL" polarity="POS" type="OCCURRENCE" />
<EVENT id="E169" start="981" end="994" text="ivf hydration" modality="FACTUAL" polarity="POS" type="TREATMENT" />
<TIMEX3 id="T0" start="178" end="185" text="7 weeks" type="DURATION" val="P7W" mod="NA" />
<TIMEX3 id="T1" start="18" end="28" text="2015-10-10" type="DATE" val="2015-10-10" mod="NA" />
<TIMEX3 id="T2" start="1900" end="1906" text="1 year" type="DURATION" val="P1Y" mod="NA" />
<TIMEX3 id="T3" start="1928" end="1934" text="7 days" type="DURATION" val="P7D" mod="NA" />
<TIMEX3 id="T4" start="1994" end="2000" text="2 week" type="DURATION" val="P2W" mod="NA" />
<TIMEX3 id="T5" start="2894" end="2901" text="10 week" type="DURATION" val="P10W" mod="NA" />
<TIMEX3 id="T6" start="3427" end="3448" text="the time of discharge" type="DATE" val="2015-10-09" mod="NA" />
<TIMEX3 id="T7" start="46" end="56" text="2015-10-21" type="DATE" val="2015-10-21" mod="NA" />
<TIMEX3 id="T8" start="576" end="584" text="few days" type="DURATION" val="P3D" mod="MORE" />
</TAGS>
</ClinicalNarrativeTemporalAnnotation>
