<?xml version="1.0" encoding="UTF-8" ?>
<ClinicalNarrativeTemporalAnnotation>
<TEXT><![CDATA[
Admission Date :
2015-12-03
Discharge Date :
2015-12-08
Service :
MEDICINE
History of Present Illness :
55 yo M w/ h/o recurrent bladder ca s/p cystectomy w/ ileal conduit p/w BRBPR to OSH .
Hct dropped 34 -> 22 .
EGD normal .
Cscope unable to complete due to blood but tics seen .
Tagged RBC + activity in RLQ .
Transferred to Mediplex Rehab Hospital ICU where Hct has remained stable .
Seen by GI and plan is to continue holding anticoagulation and repeat scope on Monday .
Pt feeling well , denies abd pain , N/V , LH , SOB , CP .
Brief Hospital Course :
55 year old man with history of metastatic bladder cancer and recurrent DVT s on Lovenox admitted with lower GI bleeding .
Right lower quadrant source of bleed on red blood cell scan .
Attempts to visualize colon by conventional and CT virtual colonoscopy failed because of sigmoid angulation and inadequate preparation , respectively .
On Ct scan , a right psoas mass , most consistent with a hematoma , was seen .
Since the hematocrit of the patient was stable and outside records from 2015-03-28 mentioned a mass in the right pelvis , the patient was discharged .
Lovenox was held until follow-up with primary care doctor .
Also , a repeat outpatient CT colonoscopy with better preparation should be considered .
]]></TEXT>
<TAGS>
<EVENT id="E0" start="1" end="10" text="admission" modality="FACTUAL" polarity="POS" type="OCCURRENCE" />
<EVENT id="E1" start="1015" end="1021" text="stable" modality="FACTUAL" polarity="POS" type="OCCURRENCE" />
<EVENT id="E2" start="1068" end="1074" text="a mass" modality="FACTUAL" polarity="POS" type="PROBLEM" />
<EVENT id="E3" start="1068" end="1094" text="a mass in the right pelvis" modality="FACTUAL" polarity="POS" type="PROBLEM" />
<EVENT id="E4" start="1113" end="1123" text="discharged" modality="FACTUAL" polarity="POS" type="OCCURRENCE" />
<EVENT id="E5" start="1126" end="1133" text="lovenox" modality="FACTUAL" polarity="POS" type="TREATMENT" />
<EVENT id="E6" start="1149" end="1158" text="follow-up" modality="FACTUAL" polarity="POS" type="OCCURRENCE" />
<EVENT id="E7" start="1164" end="1176" text="primary care" modality="FACTUAL" polarity="POS" type="CLINICAL_DEPT" />
<EVENT id="E8" start="1164" end="1183" text="primary care doctor" modality="FACTUAL" polarity="POS" type="OCCURRENCE" />
<EVENT id="E9" start="1193" end="1201" text="a repeat" modality="FACTUAL" polarity="POS" type="TREATMENT" />
<EVENT id="E10" start="1195" end="1227" text="repeat outpatient CT colonoscopy" modality="FACTUAL" polarity="POS" type="TEST" />
<EVENT id="E11" start="120" end="140" text="recurrent bladder ca" modality="FACTUAL" polarity="POS" type="PROBLEM" />
<EVENT id="E12" start="141" end="155" text="s/p cystectomy" modality="FACTUAL" polarity="POS" type="TREATMENT" />
<EVENT id="E13" start="145" end="155" text="cystectomy" modality="FACTUAL" polarity="POS" type="TREATMENT" />
<EVENT id="E14" start="159" end="182" text="ileal conduit p/w brbpr" modality="FACTUAL" polarity="POS" type="PROBLEM" />
<EVENT id="E15" start="173" end="176" text="p/w" modality="FACTUAL" polarity="POS" type="EVIDENTIAL" />
<EVENT id="E16" start="177" end="182" text="BRBPR" modality="FACTUAL" polarity="POS" type="PROBLEM" />
<EVENT id="E17" start="186" end="189" text="osh" modality="FACTUAL" polarity="POS" type="CLINICAL_DEPT" />
<EVENT id="E18" start="192" end="195" text="Hct" modality="FACTUAL" polarity="POS" type="TEST" />
<EVENT id="E19" start="192" end="203" text="hct dropped" modality="FACTUAL" polarity="POS" type="OCCURRENCE" />
<EVENT id="E20" start="196" end="203" text="dropped" modality="FACTUAL" polarity="POS" type="PROBLEM" />
<EVENT id="E21" start="207" end="209" text="-~~cf~~" modality="FACTUAL" polarity="POS" type="TEST" />
<EVENT id="E22" start="215" end="218" text="egd" modality="FACTUAL" polarity="POS" type="TEST" />
<EVENT id="E23" start="219" end="225" text="normal" modality="FACTUAL" polarity="POS" type="OCCURRENCE" />
<EVENT id="E24" start="228" end="234" text="Cscope" modality="FACTUAL" polarity="POS" type="TEST" />
<EVENT id="E25" start="235" end="241" text="unable" modality="FACTUAL" polarity="POS" type="PROBLEM" />
<EVENT id="E26" start="245" end="253" text="complete" modality="FACTUAL" polarity="POS" type="OCCURRENCE" />
<EVENT id="E27" start="261" end="266" text="blood" modality="FACTUAL" polarity="POS" type="PROBLEM" />
<EVENT id="E28" start="271" end="275" text="tics" modality="FACTUAL" polarity="POS" type="PROBLEM" />
<EVENT id="E29" start="276" end="280" text="seen" modality="FACTUAL" polarity="POS" type="OCCURRENCE" />
<EVENT id="E30" start="29" end="38" text="discharge" modality="FACTUAL" polarity="POS" type="OCCURRENCE" />
<EVENT id="E31" start="290" end="293" text="rbc" modality="FACTUAL" polarity="POS" type="TEST" />
<EVENT id="E32" start="296" end="304" text="activity" modality="FACTUAL" polarity="POS" type="OCCURRENCE" />
<EVENT id="E33" start="308" end="311" text="rlq" modality="FACTUAL" polarity="POS" type="CLINICAL_DEPT" />
<EVENT id="E34" start="314" end="325" text="transferred" modality="FACTUAL" polarity="POS" type="OCCURRENCE" />
<EVENT id="E35" start="329" end="356" text="mediplex rehab hospital icu" modality="FACTUAL" polarity="POS" type="CLINICAL_DEPT" />
<EVENT id="E36" start="363" end="366" text="hct" modality="FACTUAL" polarity="POS" type="TEST" />
<EVENT id="E37" start="371" end="386" text="remained stable" modality="FACTUAL" polarity="POS" type="OCCURRENCE" />
<EVENT id="E38" start="389" end="393" text="Seen" modality="FACTUAL" polarity="POS" type="EVIDENTIAL" />
<EVENT id="E39" start="397" end="399" text="GI" modality="FACTUAL" polarity="POS" type="CLINICAL_DEPT" />
<EVENT id="E40" start="424" end="447" text="holding anticoagulation" modality="FACTUAL" polarity="POS" type="TREATMENT" />
<EVENT id="E41" start="432" end="447" text="anticoagulation" modality="FACTUAL" polarity="POS" type="TREATMENT" />
<EVENT id="E42" start="452" end="464" text="repeat scope" modality="FACTUAL" polarity="POS" type="TREATMENT" />
<EVENT id="E43" start="488" end="492" text="well" modality="FACTUAL" polarity="POS" type="OCCURRENCE" />
<EVENT id="E44" start="495" end="501" text="denies" modality="FACTUAL" polarity="POS" type="EVIDENTIAL" />
<EVENT id="E45" start="502" end="510" text="abd pain" modality="FACTUAL" polarity="POS" type="PROBLEM" />
<EVENT id="E46" start="513" end="516" text="n/v" modality="FACTUAL" polarity="POS" type="PROBLEM" />
<EVENT id="E47" start="524" end="527" text="sob" modality="FACTUAL" polarity="POS" type="PROBLEM" />
<EVENT id="E48" start="530" end="532" text="CP" modality="FACTUAL" polarity="POS" type="PROBLEM" />
<EVENT id="E49" start="541" end="556" text="Hospital Course" modality="FACTUAL" polarity="POS" type="OCCURRENCE" />
<EVENT id="E50" start="591" end="616" text="metastatic bladder cancer" modality="FACTUAL" polarity="POS" type="PROBLEM" />
<EVENT id="E51" start="621" end="634" text="recurrent DVT" modality="FACTUAL" polarity="POS" type="PROBLEM" />
<EVENT id="E52" start="621" end="636" text="recurrent DVT s" modality="FACTUAL" polarity="POS" type="PROBLEM" />
<EVENT id="E53" start="640" end="647" text="Lovenox" modality="FACTUAL" polarity="POS" type="TREATMENT" />
<EVENT id="E54" start="640" end="656" text="lovenox admitted" modality="FACTUAL" polarity="POS" type="OCCURRENCE" />
<EVENT id="E55" start="648" end="656" text="admitted" modality="FACTUAL" polarity="POS" type="OCCURRENCE" />
<EVENT id="E56" start="662" end="679" text="lower gi bleeding" modality="FACTUAL" polarity="POS" type="PROBLEM" />
<EVENT id="E57" start="694" end="709" text="quadrant source" modality="FACTUAL" polarity="POS" type="PROBLEM" />
<EVENT id="E58" start="713" end="718" text="bleed" modality="FACTUAL" polarity="POS" type="PROBLEM" />
<EVENT id="E59" start="722" end="741" text="red blood cell scan" modality="FACTUAL" polarity="POS" type="TEST" />
<EVENT id="E60" start="744" end="752" text="Attempts" modality="FACTUAL" polarity="POS" type="OCCURRENCE" />
<EVENT id="E61" start="775" end="814" text="conventional and CT virtual colonoscopy" modality="FACTUAL" polarity="POS" type="TEST" />
<EVENT id="E62" start="792" end="814" text="ct virtual colonoscopy" modality="FACTUAL" polarity="POS" type="TEST" />
<EVENT id="E63" start="815" end="821" text="failed" modality="FACTUAL" polarity="POS" type="OCCURRENCE" />
<EVENT id="E64" start="833" end="851" text="sigmoid angulation" modality="FACTUAL" polarity="POS" type="PROBLEM" />
<EVENT id="E65" start="856" end="866" text="inadequate" modality="FACTUAL" polarity="POS" type="PROBLEM" />
<EVENT id="E66" start="856" end="878" text="inadequate preparation" modality="FACTUAL" polarity="POS" type="PROBLEM" />
<EVENT id="E67" start="87" end="102" text="Present Illness" modality="FACTUAL" polarity="POS" type="PROBLEM" />
<EVENT id="E68" start="899" end="906" text="ct scan" modality="FACTUAL" polarity="POS" type="TEST" />
<EVENT id="E69" start="909" end="927" text="a right psoas mass" modality="FACTUAL" polarity="POS" type="PROBLEM" />
<EVENT id="E70" start="911" end="927" text="right psoas mass" modality="FACTUAL" polarity="POS" type="PROBLEM" />
<EVENT id="E71" start="951" end="961" text="a hematoma" modality="FACTUAL" polarity="POS" type="PROBLEM" />
<EVENT id="E72" start="968" end="972" text="seen" modality="FACTUAL" polarity="POS" type="OCCURRENCE" />
<EVENT id="E73" start="981" end="995" text="the hematocrit" modality="FACTUAL" polarity="POS" type="TEST" />
<TIMEX3 id="T0" start="1047" end="1057" text="2015-03-28" type="DATE" val="2015-03-28" mod="NA" />
<TIMEX3 id="T1" start="18" end="28" text="2015-12-03" type="DATE" val="2015-12-03" mod="NA"  />
<TIMEX3 id="T2" start="46" end="56" text="2015-12-08" type="DATE" val="2015-12-08" mod="NA" />
<TIMEX3 id="T3" start="468" end="474" text="Monday" type="DATE" val="2015-12-07" mod="NA" />
</TAGS>
</ClinicalNarrativeTemporalAnnotation>
