<?xml version="1.0" encoding="UTF-8" ?>
<ClinicalNarrativeTemporalAnnotation>
<TEXT><![CDATA[
ADMISSION DATE :
10-27-93
DISCHARGE DATE :
11-1-93
HISTORY OF PRESENT ILLNESS :
This 68 year old white male who had a seven to eight year history of knee pain .
In 1984 , he had the right knee aspirated and was noted to have some uric acid crystals , although serum uric acid was normal and erythrocyte sedimentation rate .
He continued to have intermittent symptoms and was noted to have some fullness in the suprapatellar pouch .
Plain films taken by his orthopedist in Mongcana Ster Staarv revealed some soft tissue calcification within the medial and lateral compartments of the joint .
an magnetic resonance imaging study demonstrated calcification densities in the suprapatellar bursa region , also with hypertrophia of the synovium .
It was felt that the patient had synovial chondromatosis and would benefit from an open synovectomy and debridement .
He was admitted for that procedure .
HOSPITAL COURSE :
He underwent right knee open synovectomy and debridement of synovial chondromatosis on 10-28-93 .
Postoperatively , he has done well .
He is mobilized with the help of physical therapy , on a continuous passive motion machine .
His discharge range of motion is from zero to 40 degrees .
He was on pain medication and he was also on Percocet , but now he can manage without the Percocet .
He is on Coumadin which is to be continued for six weeks .
]]></TEXT>
<TAGS>
<EVENT id="E0" start="1" end="10" text="admission" modality="FACTUAL" polarity="POS" type="OCCURRENCE" />
<EVENT id="E1" start="1043" end="1047" text="well" modality="FACTUAL" polarity="POS" type="OCCURRENCE" />
<EVENT id="E2" start="1056" end="1065" text="mobilized" modality="FACTUAL" polarity="POS" type="OCCURRENCE" />
<EVENT id="E3" start="1075" end="1079" text="help" modality="FACTUAL" polarity="POS" type="OCCURRENCE" />
<EVENT id="E4" start="1083" end="1099" text="physical therapy" modality="FACTUAL" polarity="POS" type="CLINICAL_DEPT" />
<EVENT id="E5" start="1105" end="1132" text="a continuous passive motion" modality="FACTUAL" polarity="POS" type="TEST" />
<EVENT id="E6" start="1143" end="1156" text="His discharge" modality="FACTUAL" polarity="POS" type="OCCURRENCE" />
<EVENT id="E7" start="1212" end="1227" text="pain medication" modality="FACTUAL" polarity="POS" type="TREATMENT" />
<EVENT id="E8" start="1247" end="1255" text="percocet" modality="FACTUAL" polarity="POS" type="TREATMENT" />
<EVENT id="E9" start="1273" end="1279" text="manage" modality="FACTUAL" polarity="POS" type="OCCURRENCE" />
<EVENT id="E10" start="1288" end="1300" text="the percocet" modality="FACTUAL" polarity="POS" type="TREATMENT" />
<EVENT id="E11" start="1312" end="1320" text="coumadin" modality="FACTUAL" polarity="POS" type="TREATMENT" />
<EVENT id="E12" start="150" end="159" text="knee pain" modality="FACTUAL" polarity="POS" type="PROBLEM" />
<EVENT id="E13" start="165" end="169" text="1984" modality="FACTUAL" polarity="POS" type="CLINICAL_DEPT" />
<EVENT id="E14" start="179" end="203" text="the right knee aspirated" modality="FACTUAL" polarity="POS" type="TREATMENT" />
<EVENT id="E15" start="183" end="203" text="right knee" modality="FACTUAL" polarity="POS" type="PROBLEM" />
<EVENT id="E16" start="212" end="217" text="noted" modality="FACTUAL" polarity="POS" type="EVIDENTIAL" />
<EVENT id="E17" start="226" end="240" text="some uric acid" modality="FACTUAL" polarity="POS" type="TEST" />
<EVENT id="E18" start="231" end="249" text="uric acid crystals" modality="FACTUAL" polarity="POS" type="TREATMENT" />
<EVENT id="E19" start="261" end="276" text="serum uric acid" modality="FACTUAL" polarity="POS" type="TEST" />
<EVENT id="E20" start="27" end="36" text="discharge" modality="FACTUAL" polarity="POS" type="OCCURRENCE" />
<EVENT id="E21" start="281" end="287" text="normal" modality="FACTUAL" polarity="POS" type="OCCURRENCE" />
<EVENT id="E22" start="292" end="322" text="erythrocyte sedimentation rate" modality="FACTUAL" polarity="POS" type="TEST" />
<EVENT id="E23" start="346" end="367" text="intermittent symptoms" modality="FACTUAL" polarity="POS" type="PROBLEM" />
<EVENT id="E24" start="376" end="381" text="noted" modality="FACTUAL" polarity="POS" type="EVIDENTIAL" />
<EVENT id="E25" start="390" end="430" text="some fullness in the suprapatellar pouch" modality="FACTUAL" polarity="POS" type="PROBLEM" />
<EVENT id="E26" start="433" end="444" text="plain films" modality="FACTUAL" polarity="POS" type="TEST" />
<EVENT id="E27" start="494" end="502" text="revealed" modality="FACTUAL" polarity="POS" type="EVIDENTIAL" />
<EVENT id="E28" start="494" end="589" text="revealed some soft tissue calcification within the medial and lateral compartments of the joint" modality="FACTUAL" polarity="POS" type="PROBLEM" />
<EVENT id="E29" start="508" end="512" text="soft" modality="FACTUAL" polarity="POS" type="OCCURRENCE" />
<EVENT id="E30" start="513" end="533" text="tissue calcification" modality="FACTUAL" polarity="POS" type="PROBLEM" />
<EVENT id="E31" start="592" end="698" text="an magnetic resonance imaging study demonstrated calcification densities in the suprapatellar bursa region" modality="FACTUAL" polarity="POS" type="PROBLEM" />
<EVENT id="E32" start="595" end="627" text="magnetic resonance imaging study" modality="FACTUAL" polarity="POS" type="TEST" />
<EVENT id="E33" start="628" end="640" text="demonstrated" modality="FACTUAL" polarity="POS" type="EVIDENTIAL" />
<EVENT id="E34" start="641" end="654" text="calcification" modality="FACTUAL" polarity="POS" type="PROBLEM" />
<EVENT id="E35" start="711" end="739" text="hypertrophia of the synovium" modality="FACTUAL" polarity="POS" type="PROBLEM" />
<EVENT id="E36" start="749" end="753" text="felt" modality="FACTUAL" polarity="POS" type="EVIDENTIAL" />
<EVENT id="E37" start="775" end="798" text="synovial chondromatosis" modality="FACTUAL" polarity="POS" type="PROBLEM" />
<EVENT id="E38" start="822" end="841" text="an open synovectomy" modality="FACTUAL" polarity="POS" type="TREATMENT" />
<EVENT id="E39" start="825" end="841" text="open synovectomy" modality="FACTUAL" polarity="POS" type="TREATMENT" />
<EVENT id="E40" start="846" end="857" text="debridement" modality="FACTUAL" polarity="POS" type="TREATMENT" />
<EVENT id="E41" start="867" end="875" text="admitted" modality="FACTUAL" polarity="POS" type="OCCURRENCE" />
<EVENT id="E42" start="880" end="894" text="that procedure" modality="FACTUAL" polarity="POS" type="TREATMENT" />
<EVENT id="E43" start="897" end="912" text="HOSPITAL COURSE" modality="FACTUAL" polarity="POS" type="OCCURRENCE" />
<EVENT id="E44" start="928" end="955" text="right knee open synovectomy" modality="FACTUAL" polarity="POS" type="TREATMENT" />
<EVENT id="E45" start="960" end="971" text="debridement" modality="FACTUAL" polarity="POS" type="TREATMENT" />
<EVENT id="E46" start="960" end="998" text="debridement of synovial chondromatosis" modality="FACTUAL" polarity="POS" type="PROBLEM" />
<EVENT id="E47" start="975" end="998" text="synovial chondromatosis" modality="FACTUAL" polarity="POS" type="PROBLEM" />
<TIMEX3 id="T0" start="1002" end="1010" text="10-28-93" type="DATE" val="1893-10-28" mod="NA" />
<TIMEX3 id="T1" start="128" end="138" text="eight year" type="DURATION" val="P8Y" mod="NA" />
<TIMEX3 id="T2" start="1350" end="1359" text="six weeks" type="DURATION" val="P6W" mod="NA" />
<TIMEX3 id="T3" start="165" end="169" text="1984" type="DATE" val="1984" mod="NA" />
<TIMEX3 id="T4" start="18" end="26" text="10-27-93" type="DATE" val="1893-10-27" mod="NA" />
<TIMEX3 id="T5" start="44" end="51" text="11-1-93" type="DATE" val="1893-11-1" mod="NA" />
</TAGS>
</ClinicalNarrativeTemporalAnnotation>
