<?xml version="1.0" encoding="UTF-8" ?>
<ClinicalNarrativeTemporalAnnotation>
<TEXT><![CDATA[
ADMISSION DATE :
11/17/2004
DISCHARGE DATE :
11/26/2004
OPERATIONS / PROCEDURES :
Dobutamine stress test , cardiac ultrasound , EGD , chest x-ray , PICC placement .
The patient is a 62-year-old female with a history of diabetes mellitus , hypertension , COPD , hypercholesterolemia , depression and CHF who was lying in bed on the night prior to admission when she developed left-sided chest pain located in the mid-breast region with some fluttering her chest .
The patient radiated down her left arm associated with some nausea , no shortness of breath , cough , vomiting , diarrhea .
She slept through the night , woke with persistent pain .
She went with her sister &apos;s husband to La Community Hospital where she was given sublingual nitroglycerin with complete relief of pain .
She refused ambulance to the Emergency Room and was driven to Well General Hospital Emergency Room by her sister .
She arrived pain free .
She was given Aspirin , Lopressor and Insulin for hyperglycemia .
EKG was unchanged compared to the prior EKG several months ago .
HOSPITAL COURSE :
The patient was admitted to Team Four for cardiac monitoring and ruling out for MI .
Hospital course by system :
1. Cardiovascular :
The patient ruled out for MI by cardiac markers .
The patient was set to go for a dobutamine stress test on 11/16/04 given her history of COPD , but the stress portion was canceled when she was down there due to fever and hypotension .
The next day , she underwent a cardiac echo ( transthoracic echocardiogram ) .
This echo showed LV ejection fraction of 50% with no wall motion abnormality .
However , the right ventricular was diffusely hypokinetic .
It was suboptimally imaged , so there was no RVSP given .
The patient also suffered a hypotensive episode while in the endoscopy suite for her EGD on 11/17/04 .
This responded to fluid bolus .
The patient was then transferred to Medicine Team D given her tenuous hemodynamic status .
The patient , several days later 11/23 , underwent another dobutamine stress test .
This stress test , although complicated by hypotension again , to the 60 &apos;s or 70 &apos;s was completed and there was some mild anterior septal thinning , but no evidence of ischemia and an EF from this test was 76% .
Clearly , the patient &apos;s hemodynamic vascular status was very sensitive to dobutamine .
2. Infectious Disease :
On hospital day #2 , the patient was noted to have increased dyspnea on exertion .
The next day she developed a fever and she was started on levofloxacin for a potential UTI .
She continued to have low-grade fevers and on the next day , 11/17/04 , her chest x-ray showed possible new right upper lobe infiltrates .
She was then started on ceftriaxone and azithromycin .
Her urine legionella antigen was negative .
On 11/22/04 , she was noted to have gram-positive cocci in her sputum .
She was started on vancomycin for this .
These bacteria turned out to be MRSA and she was continued on her vancomycin .
She had PICC line placed on the day prior to discharge for home vancomycin administration .
3. GI :
The patient had an episode of nausea on the morning of 11/16/04 associated with some cough , apparent emesis .
GI was consulted for an EGD , however , while she was in the Endoscopy Suite , as mentioned above , she had a hypotensive episode , which responded to some fluid boluses .
Finally , on the day prior to discharge , she was stabilized to the point that she could have her EGD .
The EGD did show three esophageal ulcers that were localized and apparent suggestion of pill esophagitis .
Her stomach and duodenum were normal and it was suggested that she change her Nexium doses to daily and that she also drink plenty of fluids and water with meals , sit upright when she would eat her meals to decrease the chance of pills eroding her esophagus .
4. Shortness of breath :
As mentioned above , the patient did develop MRSA pneumonia that was started to be treated with vancomycin and she did also develop an oxygen requirement the day prior to discharge .
At most , her oxygen requirement was 4-5 liters and on the day prior to discharge , she was satting well on two liters of nasal cannula .
This was thought to be due to her pneumonia ; however , with her right ventricular hypokinesis , it is also possible that she may have an element of pulmonary hypertension and may warrant further investigation as an outpatient , for example , with chest CT .
5. Derm :
Several days prior to discharge , the patient developed some erythematous rash under her left breast and left side that was thought to be due to yeast .
She was started on some Miconazole Cream .
The rash was always localized to her left side , sometimes extending down to her leg , but never on the right side .
The rash appeared to be resolving by the time of discharge .
]]></TEXT>
<TAGS>
<EVENT id="E0" start="1" end="10" text="admission" modality="FACTUAL" polarity="POS" type="OCCURRENCE" />
<EVENT id="E1" start="1001" end="1010" text="unchanged" modality="FACTUAL" polarity="POS" type="OCCURRENCE" />
<EVENT id="E2" start="1023" end="1036" text="the prior EKG" modality="FACTUAL" polarity="POS" type="TEST" />
<EVENT id="E3" start="1058" end="1073" text="HOSPITAL COURSE" modality="FACTUAL" polarity="POS" type="OCCURRENCE" />
<EVENT id="E4" start="108" end="126" text="cardiac ultrasound" modality="FACTUAL" polarity="POS" type="TEST" />
<EVENT id="E5" start="1092" end="1100" text="admitted" modality="FACTUAL" polarity="POS" type="OCCURRENCE" />
<EVENT id="E6" start="1104" end="1113" text="team four" modality="FACTUAL" polarity="POS" type="CLINICAL_DEPT" />
<EVENT id="E7" start="1118" end="1136" text="cardiac monitoring" modality="FACTUAL" polarity="POS" type="TEST" />
<EVENT id="E8" start="1141" end="1151" text="ruling out" modality="FACTUAL" polarity="POS" type="TEST" />
<EVENT id="E9" start="1156" end="1158" text="MI" modality="FACTUAL" polarity="POS" type="PROBLEM" />
<EVENT id="E10" start="1161" end="1176" text="Hospital course" modality="FACTUAL" polarity="POS" type="TREATMENT" />
<EVENT id="E11" start="1221" end="1230" text="ruled out" modality="FACTUAL" polarity="POS" type="OCCURRENCE" />
<EVENT id="E12" start="1235" end="1237" text="MI" modality="FACTUAL" polarity="POS" type="PROBLEM" />
<EVENT id="E13" start="1241" end="1256" text="cardiac markers" modality="FACTUAL" polarity="POS" type="TEST" />
<EVENT id="E14" start="1275" end="1278" text="set" modality="FACTUAL" polarity="POS" type="TEST" />
<EVENT id="E15" start="1282" end="1284" text="go" modality="FACTUAL" polarity="POS" type="OCCURRENCE" />
<EVENT id="E16" start="129" end="132" text="egd" modality="FACTUAL" polarity="NEG" type="TEST" />
<EVENT id="E17" start="1291" end="1313" text="dobutamine stress test" modality="FACTUAL" polarity="POS" type="TEST" />
<EVENT id="E18" start="1302" end="1313" text="stress test" modality="FACTUAL" polarity="POS" type="TEST" />
<EVENT id="E19" start="1347" end="1351" text="copd" modality="FACTUAL" polarity="POS" type="PROBLEM" />
<EVENT id="E20" start="135" end="146" text="chest x-ray" modality="FACTUAL" polarity="POS" type="TEST" />
<EVENT id="E21" start="1358" end="1368" text="the stress" modality="FACTUAL" polarity="POS" type="PROBLEM" />
<EVENT id="E22" start="1362" end="1376" text="stress portion" modality="FACTUAL" polarity="POS" type="PROBLEM" />
<EVENT id="E23" start="1381" end="1389" text="canceled" modality="FACTUAL" polarity="POS" type="OCCURRENCE" />
<EVENT id="E24" start="1403" end="1407" text="down" modality="FACTUAL" polarity="POS" type="OCCURRENCE" />
<EVENT id="E25" start="1421" end="1426" text="fever" modality="FACTUAL" polarity="POS" type="PROBLEM" />
<EVENT id="E26" start="1431" end="1442" text="hypotension" modality="FACTUAL" polarity="POS" type="PROBLEM" />
<EVENT id="E27" start="1474" end="1521" text="a cardiac echo ( transthoracic echocardiogram )" modality="FACTUAL" polarity="POS" type="TEST" />
<EVENT id="E28" start="1476" end="1488" text="cardiac echo" modality="FACTUAL" polarity="POS" type="TEST" />
<EVENT id="E29" start="149" end="163" text="picc placement" modality="FACTUAL" polarity="POS" type="TREATMENT" />
<EVENT id="E30" start="1491" end="1519" text="transthoracic echocardiogram" modality="FACTUAL" polarity="POS" type="TEST" />
<EVENT id="E31" start="1524" end="1561" text="this echo showed lv ejection fraction" modality="FACTUAL" polarity="POS" type="TEST" />
<EVENT id="E32" start="1529" end="1533" text="echo" modality="FACTUAL" polarity="POS" type="TEST" />
<EVENT id="E33" start="1534" end="1540" text="showed" modality="FACTUAL" polarity="POS" type="EVIDENTIAL" />
<EVENT id="E34" start="1541" end="1561" text="LV ejection fraction" modality="FACTUAL" polarity="POS" type="TEST" />
<EVENT id="E35" start="1565" end="1568" text="50%" modality="FACTUAL" polarity="POS" type="TREATMENT" />
<EVENT id="E36" start="1577" end="1600" text="wall motion abnormality" modality="FACTUAL" polarity="POS" type="PROBLEM" />
<EVENT id="E37" start="1649" end="1660" text="hypokinetic" modality="FACTUAL" polarity="POS" type="PROBLEM" />
<EVENT id="E38" start="1708" end="1712" text="rvsp" modality="FACTUAL" polarity="POS" type="PROBLEM" />
<EVENT id="E39" start="1747" end="1768" text="a hypotensive episode" modality="FACTUAL" polarity="POS" type="PROBLEM" />
<EVENT id="E40" start="1749" end="1768" text="hypotensive episode" modality="FACTUAL" polarity="POS" type="PROBLEM" />
<EVENT id="E41" start="1778" end="1791" text="the endoscopy" modality="FACTUAL" polarity="POS" type="TEST" />
<EVENT id="E42" start="1782" end="1797" text="endoscopy suite" modality="FACTUAL" polarity="POS" type="CLINICAL_DEPT" />
<EVENT id="E43" start="1802" end="1809" text="her egd" modality="FACTUAL" polarity="POS" type="TEST" />
<EVENT id="E44" start="1829" end="1838" text="responded" modality="FACTUAL" polarity="POS" type="OCCURRENCE" />
<EVENT id="E45" start="1842" end="1853" text="fluid bolus" modality="FACTUAL" polarity="POS" type="TREATMENT" />
<EVENT id="E46" start="1877" end="1888" text="transferred" modality="FACTUAL" polarity="POS" type="OCCURRENCE" />
<EVENT id="E47" start="1892" end="1900" text="Medicine" modality="FACTUAL" polarity="POS" type="TREATMENT" />
<EVENT id="E48" start="1892" end="1907" text="medicine team d" modality="FACTUAL" polarity="POS" type="CLINICAL_DEPT" />
<EVENT id="E49" start="1918" end="1944" text="tenuous hemodynamic status" modality="FACTUAL" polarity="POS" type="PROBLEM" />
<EVENT id="E50" start="2006" end="2028" text="dobutamine stress test" modality="FACTUAL" polarity="POS" type="TEST" />
<EVENT id="E51" start="2017" end="2028" text="stress test" modality="FACTUAL" polarity="POS" type="TEST" />
<EVENT id="E52" start="2036" end="2047" text="stress test" modality="FACTUAL" polarity="POS" type="TEST" />
<EVENT id="E53" start="2059" end="2070" text="complicated" modality="FACTUAL" polarity="POS" type="PROBLEM" />
<EVENT id="E54" start="2074" end="2085" text="hypotension" modality="FACTUAL" polarity="POS" type="PROBLEM" />
<EVENT id="E55" start="2154" end="2188" text="some mild anterior septal thinning" modality="FACTUAL" polarity="POS" type="PROBLEM" />
<EVENT id="E56" start="2159" end="2188" text="mild anterior septal thinning" modality="FACTUAL" polarity="POS" type="PROBLEM" />
<EVENT id="E57" start="2198" end="2206" text="evidence" modality="FACTUAL" polarity="POS" type="EVIDENTIAL" />
<EVENT id="E58" start="220" end="237" text="diabetes mellitus" modality="FACTUAL" polarity="POS" type="PROBLEM" />
<EVENT id="E59" start="2210" end="2218" text="ischemia" modality="FACTUAL" polarity="POS" type="PROBLEM" />
<EVENT id="E60" start="2223" end="2228" text="an ef" modality="FACTUAL" polarity="POS" type="TEST" />
<EVENT id="E61" start="2234" end="2243" text="this test" modality="FACTUAL" polarity="POS" type="TEST" />
<EVENT id="E62" start="2264" end="2311" text="the patient &apos;s hemodynamic vascular status" modality="FACTUAL" polarity="POS" type="TEST" />
<EVENT id="E63" start="2321" end="2330" text="sensitive" modality="FACTUAL" polarity="POS" type="TEST" />
<EVENT id="E64" start="2334" end="2344" text="dobutamine" modality="FACTUAL" polarity="POS" type="TREATMENT" />
<EVENT id="E65" start="2350" end="2368" text="Infectious Disease" modality="FACTUAL" polarity="POS" type="PROBLEM" />
<EVENT id="E66" start="2374" end="2386" text="hospital day" modality="FACTUAL" polarity="POS" type="CLINICAL_DEPT" />
<EVENT id="E67" start="240" end="252" text="hypertension" modality="FACTUAL" polarity="POS" type="PROBLEM" />
<EVENT id="E68" start="2408" end="2413" text="noted" modality="FACTUAL" polarity="POS" type="EVIDENTIAL" />
<EVENT id="E69" start="2422" end="2439" text="increased dyspnea" modality="FACTUAL" polarity="POS" type="PROBLEM" />
<EVENT id="E70" start="2422" end="2451" text="increased dyspnea on exertion" modality="CONDITIONAL" polarity="POS" type="PROBLEM" />
<EVENT id="E71" start="2481" end="2488" text="a fever" modality="FACTUAL" polarity="POS" type="PROBLEM" />
<EVENT id="E72" start="2512" end="2524" text="levofloxacin" modality="FACTUAL" polarity="POS" type="TREATMENT" />
<EVENT id="E73" start="2529" end="2544" text="a potential UTI" modality="FACTUAL" polarity="POS" type="PROBLEM" />
<EVENT id="E74" start="2531" end="2544" text="potential UTI" modality="FACTUAL" polarity="POS" type="PROBLEM" />
<EVENT id="E75" start="255" end="259" text="copd" modality="FACTUAL" polarity="POS" type="PROBLEM" />
<EVENT id="E76" start="2569" end="2578" text="low-grade" modality="FACTUAL" polarity="POS" type="OCCURRENCE" />
<EVENT id="E77" start="2569" end="2585" text="low-grade fevers" modality="FACTUAL" polarity="POS" type="PROBLEM" />
<EVENT id="E78" start="2619" end="2634" text="her chest x-ray" modality="FACTUAL" polarity="POS" type="TEST" />
<EVENT id="E79" start="262" end="282" text="hypercholesterolemia" modality="FACTUAL" polarity="POS" type="PROBLEM" />
<EVENT id="E80" start="2623" end="2641" text="chest x-ray" modality="FACTUAL" polarity="POS" type="EVIDENTIAL" />
<EVENT id="E81" start="2635" end="2641" text="showed" modality="FACTUAL" polarity="POS" type="EVIDENTIAL" />
<EVENT id="E82" start="2642" end="2683" text="possible new right upper lobe infiltrates" modality="FACTUAL" polarity="POS" type="PROBLEM" />
<EVENT id="E83" start="2651" end="2683" text="new right upper lobe infiltrates" modality="FACTUAL" polarity="POS" type="PROBLEM" />
<EVENT id="E84" start="2710" end="2721" text="ceftriaxone" modality="FACTUAL" polarity="POS" type="TREATMENT" />
<EVENT id="E85" start="2726" end="2738" text="azithromycin" modality="FACTUAL" polarity="POS" type="TREATMENT" />
<EVENT id="E86" start="2745" end="2750" text="urine" modality="FACTUAL" polarity="POS" type="TEST" />
<EVENT id="E87" start="2745" end="2769" text="urine legionella antigen" modality="FACTUAL" polarity="POS" type="TEST" />
<EVENT id="E88" start="2751" end="2761" text="legionella" modality="FACTUAL" polarity="POS" type="PROBLEM" />
<EVENT id="E89" start="2774" end="2782" text="negative" modality="FACTUAL" polarity="POS" type="OCCURRENCE" />
<EVENT id="E90" start="2807" end="2812" text="noted" modality="FACTUAL" polarity="POS" type="EVIDENTIAL" />
<EVENT id="E91" start="2821" end="2854" text="gram-positive cocci in her sputum" modality="FACTUAL" polarity="POS" type="PROBLEM" />
<EVENT id="E92" start="285" end="295" text="depression" modality="FACTUAL" polarity="POS" type="PROBLEM" />
<EVENT id="E93" start="2876" end="2886" text="vancomycin" modality="FACTUAL" polarity="POS" type="TREATMENT" />
<EVENT id="E94" start="2891" end="2895" text="this" modality="FACTUAL" polarity="POS" type="PROBLEM" />
<EVENT id="E95" start="2898" end="2912" text="these bacteria" modality="FACTUAL" polarity="POS" type="TEST" />
<EVENT id="E96" start="29" end="38" text="discharge" modality="FACTUAL" polarity="POS" type="OCCURRENCE" />
<EVENT id="E97" start="2904" end="2912" text="bacteria" modality="FACTUAL" polarity="POS" type="PROBLEM" />
<EVENT id="E98" start="2930" end="2934" text="mrsa" modality="FACTUAL" polarity="POS" type="PROBLEM" />
<EVENT id="E99" start="2960" end="2974" text="her vancomycin" modality="FACTUAL" polarity="POS" type="TREATMENT" />
<EVENT id="E100" start="2985" end="2994" text="picc line" modality="FACTUAL" polarity="POS" type="TREATMENT" />
<EVENT id="E101" start="2995" end="3001" text="placed" modality="FACTUAL" polarity="POS" type="OCCURRENCE" />
<EVENT id="E102" start="300" end="303" text="chf" modality="FACTUAL" polarity="POS" type="PROBLEM" />
<EVENT id="E103" start="3022" end="3031" text="discharge" modality="FACTUAL" polarity="POS" type="OCCURRENCE" />
<EVENT id="E104" start="3036" end="3040" text="home" modality="FACTUAL" polarity="POS" type="OCCURRENCE" />
<EVENT id="E105" start="3036" end="3066" text="home vancomycin administration" modality="FACTUAL" polarity="POS" type="TREATMENT" />
<EVENT id="E106" start="3041" end="3051" text="vancomycin" modality="FACTUAL" polarity="POS" type="TREATMENT" />
<EVENT id="E107" start="3072" end="3074" text="GI" modality="FACTUAL" polarity="POS" type="CLINICAL_DEPT" />
<EVENT id="E108" start="3107" end="3113" text="nausea" modality="FACTUAL" polarity="POS" type="PROBLEM" />
<EVENT id="E109" start="312" end="324" text="lying in bed" modality="FACTUAL" polarity="POS" type="OCCURRENCE" />
<EVENT id="E110" start="3157" end="3167" text="some cough" modality="FACTUAL" polarity="POS" type="PROBLEM" />
<EVENT id="E111" start="3170" end="3185" text="apparent emesis" modality="FACTUAL" polarity="POS" type="PROBLEM" />
<EVENT id="E112" start="3188" end="3190" text="GI" modality="FACTUAL" polarity="POS" type="CLINICAL_DEPT" />
<EVENT id="E113" start="3195" end="3204" text="consulted" modality="FACTUAL" polarity="POS" type="OCCURRENCE" />
<EVENT id="E114" start="3209" end="3215" text="an egd" modality="FACTUAL" polarity="POS" type="TEST" />
<EVENT id="E115" start="3245" end="3258" text="the Endoscopy" modality="FACTUAL" polarity="POS" type="TEST" />
<EVENT id="E116" start="3245" end="3264" text="the endoscopy suite" modality="FACTUAL" polarity="POS" type="CLINICAL_DEPT" />
<EVENT id="E117" start="3296" end="3317" text="a hypotensive episode" modality="FACTUAL" polarity="POS" type="PROBLEM" />
<EVENT id="E118" start="3298" end="3317" text="hypotensive episode" modality="FACTUAL" polarity="POS" type="PROBLEM" />
<EVENT id="E119" start="3326" end="3335" text="responded" modality="FACTUAL" polarity="POS" type="OCCURRENCE" />
<EVENT id="E120" start="3339" end="3349" text="some fluid" modality="FACTUAL" polarity="POS" type="PROBLEM" />
<EVENT id="E121" start="3344" end="3357" text="fluid boluses" modality="FACTUAL" polarity="POS" type="TREATMENT" />
<EVENT id="E122" start="3390" end="3399" text="discharge" modality="FACTUAL" polarity="POS" type="OCCURRENCE" />
<EVENT id="E123" start="3410" end="3420" text="stabilized" modality="FACTUAL" polarity="POS" type="OCCURRENCE" />
<EVENT id="E124" start="3454" end="3461" text="her egd" modality="FACTUAL" polarity="POS" type="TEST" />
<EVENT id="E125" start="3464" end="3471" text="the egd" modality="FACTUAL" polarity="POS" type="TEST" />
<EVENT id="E126" start="3468" end="3471" text="EGD" modality="FACTUAL" polarity="POS" type="TEST" />
<EVENT id="E127" start="347" end="356" text="admission" modality="FACTUAL" polarity="POS" type="OCCURRENCE" />
<EVENT id="E128" start="3476" end="3480" text="show" modality="FACTUAL" polarity="POS" type="EVIDENTIAL" />
<EVENT id="E129" start="3487" end="3504" text="esophageal ulcers" modality="FACTUAL" polarity="POS" type="PROBLEM" />
<EVENT id="E130" start="3515" end="3524" text="localized" modality="FACTUAL" polarity="POS" type="EVIDENTIAL" />
<EVENT id="E131" start="3529" end="3548" text="apparent suggestion" modality="FACTUAL" polarity="POS" type="TREATMENT" />
<EVENT id="E132" start="3552" end="3568" text="pill esophagitis" modality="FACTUAL" polarity="POS" type="PROBLEM" />
<EVENT id="E133" start="3601" end="3607" text="normal" modality="FACTUAL" polarity="POS" type="OCCURRENCE" />
<EVENT id="E134" start="3619" end="3628" text="suggested" modality="FACTUAL" polarity="POS" type="EVIDENTIAL" />
<EVENT id="E135" start="3638" end="3644" text="change" modality="FACTUAL" polarity="POS" type="OCCURRENCE" />
<EVENT id="E136" start="3645" end="3655" text="her Nexium" modality="FACTUAL" polarity="POS" type="TREATMENT" />
<EVENT id="E137" start="3649" end="3661" text="Nexium doses" modality="FACTUAL" polarity="POS" type="TREATMENT" />
<EVENT id="E138" start="3689" end="3701" text="drink plenty" modality="FACTUAL" polarity="POS" type="OCCURRENCE" />
<EVENT id="E139" start="3695" end="3711" text="plenty of fluids" modality="FACTUAL" polarity="POS" type="TREATMENT" />
<EVENT id="E140" start="3705" end="3711" text="fluids" modality="FACTUAL" polarity="POS" type="TREATMENT" />
<EVENT id="E141" start="3727" end="3732" text="meals" modality="FACTUAL" polarity="POS" type="OCCURRENCE" />
<EVENT id="E142" start="3739" end="3746" text="upright" modality="FACTUAL" polarity="POS" type="OCCURRENCE" />
<EVENT id="E143" start="376" end="397" text="left-sided chest pain" modality="FACTUAL" polarity="POS" type="PROBLEM" />
<EVENT id="E144" start="3770" end="3775" text="meals" modality="FACTUAL" polarity="POS" type="OCCURRENCE" />
<EVENT id="E145" start="3779" end="3787" text="decrease" modality="FACTUAL" polarity="POS" type="OCCURRENCE" />
<EVENT id="E146" start="3802" end="3815" text="pills eroding" modality="FACTUAL" polarity="POS" type="PROBLEM" />
<EVENT id="E147" start="3802" end="3829" text="pills eroding her esophagus" modality="FACTUAL" polarity="POS" type="PROBLEM" />
<EVENT id="E148" start="3835" end="3854" text="shortness of breath" modality="FACTUAL" polarity="POS" type="PROBLEM" />
<EVENT id="E149" start="3902" end="3916" text="mrsa pneumonia" modality="FACTUAL" polarity="POS" type="PROBLEM" />
<EVENT id="E150" start="3953" end="3963" text="vancomycin" modality="FACTUAL" polarity="POS" type="TREATMENT" />
<EVENT id="E151" start="3989" end="4010" text="an oxygen requirement" modality="FACTUAL" polarity="POS" type="PROBLEM" />
<EVENT id="E152" start="3992" end="4010" text="oxygen requirement" modality="FACTUAL" polarity="POS" type="PROBLEM" />
<EVENT id="E153" start="4028" end="4037" text="discharge" modality="FACTUAL" polarity="POS" type="OCCURRENCE" />
<EVENT id="E154" start="4050" end="4060" text="her oxygen" modality="FACTUAL" polarity="POS" type="TREATMENT" />
<EVENT id="E155" start="4054" end="4072" text="oxygen requirement" modality="FACTUAL" polarity="POS" type="PROBLEM" />
<EVENT id="E156" start="4112" end="4121" text="discharge" modality="FACTUAL" polarity="POS" type="OCCURRENCE" />
<EVENT id="E157" start="4132" end="4139" text="satting" modality="FACTUAL" polarity="POS" type="TEST" />
<EVENT id="E158" start="4132" end="4144" text="satting well" modality="FACTUAL" polarity="POS" type="OCCURRENCE" />
<EVENT id="E159" start="4140" end="4144" text="well" modality="FACTUAL" polarity="POS" type="OCCURRENCE" />
<EVENT id="E160" start="4162" end="4175" text="nasal cannula" modality="FACTUAL" polarity="POS" type="TREATMENT" />
<EVENT id="E161" start="4208" end="4221" text="her pneumonia" modality="FACTUAL" polarity="POS" type="PROBLEM" />
<EVENT id="E162" start="4239" end="4272" text="her right ventricular hypokinesis" modality="FACTUAL" polarity="POS" type="PROBLEM" />
<EVENT id="E163" start="4243" end="4272" text="right ventricular hypokinesis" modality="FACTUAL" polarity="POS" type="PROBLEM" />
<EVENT id="E164" start="4313" end="4323" text="an element" modality="FACTUAL" polarity="POS" type="TEST" />
<EVENT id="E165" start="4316" end="4349" text="element of pulmonary hypertension" modality="FACTUAL" polarity="POS" type="PROBLEM" />
<EVENT id="E166" start="4327" end="4349" text="pulmonary hypertension" modality="POSSIBLE" polarity="POS" type="PROBLEM" />
<EVENT id="E167" start="436" end="451" text="some fluttering" modality="FACTUAL" polarity="POS" type="PROBLEM" />
<EVENT id="E168" start="4366" end="4387" text="further investigation" modality="FACTUAL" polarity="POS" type="OCCURRENCE" />
<EVENT id="E169" start="4391" end="4404" text="an outpatient" modality="FACTUAL" polarity="POS" type="OCCURRENCE" />
<EVENT id="E170" start="4426" end="4434" text="chest ct" modality="FACTUAL" polarity="POS" type="TEST" />
<EVENT id="E171" start="4469" end="4478" text="discharge" modality="FACTUAL" polarity="POS" type="OCCURRENCE" />
<EVENT id="E172" start="4503" end="4525" text="some erythematous rash" modality="FACTUAL" polarity="POS" type="PROBLEM" />
<EVENT id="E173" start="4508" end="4525" text="erythematous rash" modality="FACTUAL" polarity="POS" type="PROBLEM" />
<EVENT id="E174" start="452" end="461" text="her chest" modality="FACTUAL" polarity="POS" type="PROBLEM" />
<EVENT id="E175" start="4552" end="4561" text="left side" modality="FACTUAL" polarity="POS" type="PROBLEM" />
<EVENT id="E176" start="4592" end="4597" text="yeast" modality="FACTUAL" polarity="POS" type="PROBLEM" />
<EVENT id="E177" start="4619" end="4634" text="some Miconazole" modality="FACTUAL" polarity="POS" type="TREATMENT" />
<EVENT id="E178" start="4619" end="4640" text="some miconazole cream" modality="FACTUAL" polarity="POS" type="TREATMENT" />
<EVENT id="E179" start="4643" end="4651" text="the rash" modality="FACTUAL" polarity="POS" type="PROBLEM" />
<EVENT id="E180" start="4647" end="4651" text="rash" modality="FACTUAL" polarity="POS" type="PROBLEM" />
<EVENT id="E181" start="4663" end="4672" text="localized" modality="FACTUAL" polarity="POS" type="EVIDENTIAL" />
<EVENT id="E182" start="4712" end="4716" text="down" modality="FACTUAL" polarity="POS" type="OCCURRENCE" />
<EVENT id="E183" start="476" end="484" text="radiated" modality="FACTUAL" polarity="POS" type="PROBLEM" />
<EVENT id="E184" start="476" end="489" text="radiated down" modality="FACTUAL" polarity="POS" type="OCCURRENCE" />
<EVENT id="E185" start="4760" end="4768" text="the rash" modality="FACTUAL" polarity="POS" type="PROBLEM" />
<EVENT id="E186" start="4764" end="4768" text="rash" modality="FACTUAL" polarity="POS" type="PROBLEM" />
<EVENT id="E187" start="4784" end="4793" text="resolving" modality="FACTUAL" polarity="POS" type="OCCURRENCE" />
<EVENT id="E188" start="4809" end="4818" text="discharge" modality="FACTUAL" polarity="POS" type="OCCURRENCE" />
<EVENT id="E189" start="519" end="530" text="some nausea" modality="FACTUAL" polarity="POS" type="PROBLEM" />
<EVENT id="E190" start="536" end="555" text="shortness of breath" modality="FACTUAL" polarity="NEG" type="PROBLEM" />
<EVENT id="E191" start="558" end="563" text="cough" modality="FACTUAL" polarity="POS" type="PROBLEM" />
<EVENT id="E192" start="566" end="574" text="vomiting" modality="FACTUAL" polarity="POS" type="PROBLEM" />
<EVENT id="E193" start="57" end="80" text="OPERATIONS / PROCEDURES" modality="FACTUAL" polarity="POS" type="TREATMENT" />
<EVENT id="E194" start="577" end="585" text="diarrhea" modality="FACTUAL" polarity="POS" type="PROBLEM" />
<EVENT id="E195" start="618" end="622" text="woke" modality="FACTUAL" polarity="POS" type="OCCURRENCE" />
<EVENT id="E196" start="628" end="643" text="persistent pain" modality="FACTUAL" polarity="POS" type="PROBLEM" />
<EVENT id="E197" start="690" end="711" text="la community hospital" modality="FACTUAL" polarity="POS" type="CLINICAL_DEPT" />
<EVENT id="E198" start="732" end="756" text="sublingual nitroglycerin" modality="FACTUAL" polarity="POS" type="TREATMENT" />
<EVENT id="E199" start="771" end="777" text="relief" modality="FACTUAL" polarity="POS" type="OCCURRENCE" />
<EVENT id="E200" start="781" end="785" text="pain" modality="FACTUAL" polarity="POS" type="PROBLEM" />
<EVENT id="E201" start="792" end="809" text="refused ambulance" modality="FACTUAL" polarity="POS" type="OCCURRENCE" />
<EVENT id="E202" start="813" end="831" text="the emergency room" modality="FACTUAL" polarity="POS" type="CLINICAL_DEPT" />
<EVENT id="E203" start="83" end="105" text="dobutamine stress test" modality="FACTUAL" polarity="POS" type="TEST" />
<EVENT id="E204" start="850" end="886" text="Well General Hospital Emergency Room" modality="FACTUAL" polarity="POS" type="CLINICAL_DEPT" />
<EVENT id="E205" start="907" end="914" text="arrived" modality="FACTUAL" polarity="POS" type="OCCURRENCE" />
<EVENT id="E206" start="907" end="919" text="arrived pain" modality="FACTUAL" polarity="POS" type="OCCURRENCE" />
<EVENT id="E207" start="915" end="919" text="pain" modality="FACTUAL" polarity="POS" type="PROBLEM" />
<EVENT id="E208" start="94" end="105" text="stress test" modality="FACTUAL" polarity="POS" type="TEST" />
<EVENT id="E209" start="941" end="948" text="aspirin" modality="FACTUAL" polarity="POS" type="TREATMENT" />
<EVENT id="E210" start="951" end="960" text="lopressor" modality="FACTUAL" polarity="POS" type="TREATMENT" />
<EVENT id="E211" start="965" end="972" text="insulin" modality="FACTUAL" polarity="POS" type="TREATMENT" />
<EVENT id="E212" start="977" end="990" text="hyperglycemia" modality="FACTUAL" polarity="POS" type="PROBLEM" />
<EVENT id="E213" start="993" end="996" text="ekg" modality="FACTUAL" polarity="POS" type="TEST" />
<TIMEX3 id="T0" start="1037" end="1055" text="several months ago" type="DATE" val="PAST_REF" mod="NA" />
<TIMEX3 id="T1" start="1317" end="1325" text="11/16/04" type="DATE" val="2004-11-16" mod="NA" />
<TIMEX3 id="T2" start="1445" end="1457" text="The next day" type="DATE" val="2004-11-18" mod="NA" />
<TIMEX3 id="T3" start="18" end="28" text="11/17/2004" type="DATE" val="2004-11-17" mod="NA" />
<TIMEX3 id="T4" start="1813" end="1821" text="11/17/04" type="DATE" val="1904-11-17" mod="NA" />
<TIMEX3 id="T5" start="1961" end="1973" text="several days" type="DURATION" val="P3D" mod="APPROX" />
<TIMEX3 id="T6" start="2454" end="2466" text="The next day" type="DATE" val="2004-11-18" mod="NA" />
<TIMEX3 id="T7" start="2593" end="2605" text="the next day" type="DATE" val="2004-11-18" mod="NA" />
<TIMEX3 id="T8" start="2608" end="2616" text="11/17/04" type="DATE" val="1904-11-17" mod="NA" />
<TIMEX3 id="T9" start="2788" end="2796" text="11/22/04" type="DATE" val="1904-11-22" mod="NA" />
<TIMEX3 id="T10" start="3005" end="3031" text="the day prior to discharge" type="DATE" val="2004-11-16" mod="NA" />
<TIMEX3 id="T11" start="3114" end="3128" text="on the morning" type="FREQUENCY" val="RPT24H" mod="NA" />
<TIMEX3 id="T12" start="3132" end="3140" text="11/16/04" type="DATE" val="1904-11-16" mod="NA" />
<TIMEX3 id="T13" start="325" end="337" text="on the night" type="FREQUENCY" val="RPT24H" mod="NA" />
<TIMEX3 id="T14" start="3373" end="3399" text="the day prior to discharge" type="DATE" val="2004-11-16" mod="NA" />
<TIMEX3 id="T15" start="3665" end="3670" text="daily" type="FREQUENCY" val="RP1D" mod="APPROX" />
<TIMEX3 id="T16" start="4011" end="4037" text="the day prior to discharge" type="DATE" val="2004-11-16" mod="NA" />
<TIMEX3 id="T17" start="4077" end="4080" text="4-5" type="DATE" val="2004-04-05" mod="NA" />
<TIMEX3 id="T18" start="4095" end="4121" text="the day prior to discharge" type="DATE" val="2004-11-16" mod="NA" />
<TIMEX3 id="T19" start="46" end="56" text="11/26/2004" type="DATE" val="2004-11-26" mod="NA" />
<TIMEX3 id="T20" start="4797" end="4818" text="the time of discharge" type="DATE" val="2004-11-16" mod="NA" />
<TIMEX3 id="T21" start="606" end="615" text="the night" type="TIME" val="2004-11-17T21:00" mod="NA" />
</TAGS>
</ClinicalNarrativeTemporalAnnotation>
