<?xml version="1.0" encoding="UTF-8" ?>
<ClinicalNarrativeTemporalAnnotation>
<TEXT><![CDATA[
Admission Date :
02/17/2000
Report Status :
Signed
HISTORY OF PRESENT ILLNESS :
Ri Strength is a 40 year old man with a history of GERD , who presents with abdominal pain of seven days duration .
The patient was in general good health until seven days ago ( 2/11/00 ) , when he had a sudden onset of sharp left flank pain with radiation to the lower abdomen and then to the epigastrium .
The patient described the pain as &quot; knife-like &quot; with a severity of 1/25 at its worse .
The patient was exacerbated when eating and when lying flat .
The patient also reports blood-streaked diarrhea for two days .
He denies nausea and vomiting .
He has had no fevers or chills .
He has had no recent weight loss , no light-headedness or dizziness .
He denies increased urinary frequent or urgency .
The patient presented to the Sloan- Center Emergency Department , where he was resuscitated with normal saline and received morphine for pain .
He was then transferred to the general medicine service for further management .
HOSPITAL COURSE :
On admission , the patient was diagnosed with acute pancreatitis .
He was made NPO and was resuscitated with IV fluids .
Pain control was initiated with morphine but was then changed to Demerol , which gave the patient better relief of his epigastric pain .
From 2/17/00 to 2/21/00 , the patient complained of persistent and occasionally severe epigastric pain .
His pain medication was then changed to Dilaudid IV in an attempt to better alleviate his symptoms .
Dilaudid IV was continued for the remainder of the patient &apos;s hospitalization .
The does was titrated to the patient &apos;s need for comfort and was eventually tapered .
The severity and persistent of the patient &apos;s epigastric pain was concerning for a pancreatic complication such as necrosis or abscess .
The patient had a CT scan , which revealed a mass in the gallbladder neck , but no biliary dilatation .
There was stranding along the pancreas , but no necrosis , abscess , or pseudocyst .
On 2/22/00 , the patient had fevers to 103.5 .
Blood and urine cultures were sent .
A chest x-ray was done , which revealed no infiltrate or effusion .
The patient was started on cefotaxime 1 gm IV for empiric antibiotic treatment .
All cultures were negative .
On 2/23/00 , the high grade fever persisted .
An ultrasound was done to R / O cholestasis or cholangitis .
The ultrasound showed biliary sludge and swelling of the body and tail of the pancreas .
No other abnormalities were noted .
On 2/24/00 , the patient had an episode of exacerbation of epigastric pain with radiation to the left upper quadrant .
The pain was subsequently relieved with high dose Dilaudid .
The patient had a follow-up chest x-ray , which was essentially unchanged from previously , showing a normal heart and lungs without infiltrate .
From 2/25 - 2/27/00 , the patient &apos;s fever defervesced and his abdominal pain gradually subsided .
The cefotaxime was discontinued since no infection was identified .
On 2/28/00 , the patient &apos;s diet was advanced to a low fat solids ( per pancreatitis study ) , which the patient tolerated well .
The patient was discharged home on 2/29/00 , with much improvement of his symptoms .
]]></TEXT>
<TAGS>
<EVENT id="E0" start="1" end="10" text="admission" modality="FACTUAL" polarity="POS" type="OCCURRENCE" />
<EVENT id="E1" start="1002" end="1020" text="further management" modality="FACTUAL" polarity="POS" type="TREATMENT" />
<EVENT id="E2" start="1023" end="1038" text="HOSPITAL COURSE" modality="FACTUAL" polarity="POS" type="TREATMENT" />
<EVENT id="E3" start="1044" end="1053" text="admission" modality="FACTUAL" polarity="POS" type="OCCURRENCE" />
<EVENT id="E4" start="1072" end="1081" text="diagnosed" modality="FACTUAL" polarity="POS" type="EVIDENTIAL" />
<EVENT id="E5" start="1087" end="1105" text="acute pancreatitis" modality="FACTUAL" polarity="POS" type="PROBLEM" />
<EVENT id="E6" start="1120" end="1123" text="npo" modality="FACTUAL" polarity="POS" type="TREATMENT" />
<EVENT id="E7" start="1132" end="1144" text="resuscitated" modality="FACTUAL" polarity="POS" type="TEST" />
<EVENT id="E8" start="1150" end="1159" text="iv fluids" modality="FACTUAL" polarity="POS" type="TREATMENT" />
<EVENT id="E9" start="1162" end="1174" text="pain control" modality="FACTUAL" polarity="POS" type="TREATMENT" />
<EVENT id="E10" start="1194" end="1202" text="morphine" modality="FACTUAL" polarity="POS" type="TREATMENT" />
<EVENT id="E11" start="1216" end="1223" text="changed" modality="FACTUAL" polarity="POS" type="OCCURRENCE" />
<EVENT id="E12" start="1227" end="1234" text="demerol" modality="FACTUAL" polarity="POS" type="TREATMENT" />
<EVENT id="E13" start="1267" end="1273" text="relief" modality="FACTUAL" polarity="POS" type="OCCURRENCE" />
<EVENT id="E14" start="1277" end="1296" text="his epigastric pain" modality="FACTUAL" polarity="POS" type="PROBLEM" />
<EVENT id="E15" start="132" end="136" text="gerd" modality="FACTUAL" polarity="POS" type="PROBLEM" />
<EVENT id="E16" start="1337" end="1347" text="complained" modality="FACTUAL" polarity="POS" type="EVIDENTIAL" />
<EVENT id="E17" start="1351" end="1361" text="persistent" modality="FACTUAL" polarity="POS" type="PROBLEM" />
<EVENT id="E18" start="1379" end="1401" text="severe epigastric pain" modality="FACTUAL" polarity="POS" type="PROBLEM" />
<EVENT id="E19" start="1408" end="1423" text="pain medication" modality="FACTUAL" polarity="POS" type="TREATMENT" />
<EVENT id="E20" start="143" end="151" text="presents" modality="FACTUAL" polarity="POS" type="OCCURRENCE" />
<EVENT id="E21" start="1433" end="1440" text="changed" modality="FACTUAL" polarity="POS" type="OCCURRENCE" />
<EVENT id="E22" start="1444" end="1455" text="dilaudid iv" modality="FACTUAL" polarity="POS" type="TREATMENT" />
<EVENT id="E23" start="1459" end="1469" text="an attempt" modality="FACTUAL" polarity="POS" type="OCCURRENCE" />
<EVENT id="E24" start="1490" end="1502" text="his symptoms" modality="FACTUAL" polarity="POS" type="PROBLEM" />
<EVENT id="E25" start="1505" end="1516" text="dilaudid iv" modality="FACTUAL" polarity="POS" type="TREATMENT" />
<EVENT id="E26" start="1564" end="1587" text="&apos;s hospitalization" modality="FACTUAL" polarity="POS" type="OCCURRENCE" />
<EVENT id="E27" start="157" end="171" text="abdominal pain" modality="FACTUAL" polarity="POS" type="PROBLEM" />
<EVENT id="E28" start="1572" end="1587" text="hospitalization" modality="FACTUAL" polarity="POS" type="OCCURRENCE" />
<EVENT id="E29" start="1603" end="1611" text="titrated" modality="FACTUAL" polarity="POS" type="OCCURRENCE" />
<EVENT id="E30" start="1644" end="1651" text="comfort" modality="FACTUAL" polarity="POS" type="TREATMENT" />
<EVENT id="E31" start="1671" end="1678" text="tapered" modality="FACTUAL" polarity="POS" type="OCCURRENCE" />
<EVENT id="E32" start="1732" end="1747" text="epigastric pain" modality="FACTUAL" polarity="POS" type="PROBLEM" />
<EVENT id="E33" start="1767" end="1792" text="a pancreatic complication" modality="FACTUAL" polarity="POS" type="PROBLEM" />
<EVENT id="E34" start="1769" end="1792" text="pancreatic complication" modality="FACTUAL" polarity="POS" type="PROBLEM" />
<EVENT id="E35" start="1801" end="1809" text="necrosis" modality="FACTUAL" polarity="POS" type="PROBLEM" />
<EVENT id="E36" start="1813" end="1820" text="abscess" modality="FACTUAL" polarity="POS" type="PROBLEM" />
<EVENT id="E37" start="1839" end="1848" text="a CT scan" modality="FACTUAL" polarity="POS" type="TEST" />
<EVENT id="E38" start="1841" end="1848" text="CT scan" modality="FACTUAL" polarity="POS" type="TEST" />
<EVENT id="E39" start="1851" end="1896" text="which revealed a mass in the gallbladder neck" modality="FACTUAL" polarity="POS" type="PROBLEM" />
<EVENT id="E40" start="1857" end="1865" text="revealed" modality="FACTUAL" polarity="POS" type="EVIDENTIAL" />
<EVENT id="E41" start="1866" end="1872" text="a mass" modality="FACTUAL" polarity="POS" type="PROBLEM" />
<EVENT id="E42" start="1876" end="1891" text="the gallbladder" modality="FACTUAL" polarity="POS" type="TREATMENT" />
<EVENT id="E43" start="1906" end="1924" text="biliary dilatation" modality="FACTUAL" polarity="POS" type="PROBLEM" />
<EVENT id="E44" start="1937" end="1965" text="stranding along the pancreas" modality="FACTUAL" polarity="POS" type="PROBLEM" />
<EVENT id="E45" start="1975" end="1983" text="necrosis" modality="FACTUAL" polarity="POS" type="PROBLEM" />
<EVENT id="E46" start="1986" end="1993" text="abscess" modality="FACTUAL" polarity="POS" type="PROBLEM" />
<EVENT id="E47" start="1999" end="2009" text="pseudocyst" modality="FACTUAL" polarity="NEG" type="PROBLEM" />
<EVENT id="E48" start="2041" end="2047" text="fevers" modality="FACTUAL" polarity="POS" type="PROBLEM" />
<EVENT id="E49" start="2051" end="2056" text="103.5" modality="FACTUAL" polarity="POS" type="CLINICAL_DEPT" />
<EVENT id="E50" start="2059" end="2064" text="Blood" modality="FACTUAL" polarity="POS" type="OCCURRENCE" />
<EVENT id="E51" start="2069" end="2083" text="urine cultures" modality="FACTUAL" polarity="POS" type="TEST" />
<EVENT id="E52" start="2096" end="2109" text="a chest x-ray" modality="FACTUAL" polarity="POS" type="TEST" />
<EVENT id="E53" start="2098" end="2109" text="chest x-ray" modality="FACTUAL" polarity="POS" type="TEST" />
<EVENT id="E54" start="2127" end="2135" text="revealed" modality="FACTUAL" polarity="POS" type="EVIDENTIAL" />
<EVENT id="E55" start="2139" end="2149" text="infiltrate" modality="FACTUAL" polarity="NEG" type="PROBLEM" />
<EVENT id="E56" start="2153" end="2161" text="effusion" modality="FACTUAL" polarity="POS" type="PROBLEM" />
<EVENT id="E57" start="216" end="235" text="general good health" modality="FACTUAL" polarity="POS" type="EVIDENTIAL" />
<EVENT id="E58" start="2191" end="2201" text="cefotaxime" modality="FACTUAL" polarity="POS" type="TREATMENT" />
<EVENT id="E59" start="2204" end="2209" text="gm IV" modality="FACTUAL" polarity="POS" type="TREATMENT" />
<EVENT id="E60" start="2214" end="2242" text="empiric antibiotic treatment" modality="FACTUAL" polarity="POS" type="TREATMENT" />
<EVENT id="E61" start="224" end="235" text="good health" modality="FACTUAL" polarity="POS" type="OCCURRENCE" />
<EVENT id="E62" start="2245" end="2257" text="all cultures" modality="FACTUAL" polarity="POS" type="TEST" />
<EVENT id="E63" start="2249" end="2257" text="cultures" modality="FACTUAL" polarity="POS" type="TEST" />
<EVENT id="E64" start="2263" end="2271" text="negative" modality="FACTUAL" polarity="POS" type="OCCURRENCE" />
<EVENT id="E65" start="2287" end="2307" text="the high grade fever" modality="FACTUAL" polarity="POS" type="PROBLEM" />
<EVENT id="E66" start="2291" end="2307" text="high grade fever" modality="FACTUAL" polarity="POS" type="PROBLEM" />
<EVENT id="E67" start="2320" end="2333" text="an ultrasound" modality="FACTUAL" polarity="POS" type="TEST" />
<EVENT id="E68" start="2323" end="2333" text="ultrasound" modality="FACTUAL" polarity="POS" type="TEST" />
<EVENT id="E69" start="2350" end="2363" text="o cholestasis" modality="FACTUAL" polarity="POS" type="PROBLEM" />
<EVENT id="E70" start="2367" end="2378" text="cholangitis" modality="FACTUAL" polarity="POS" type="PROBLEM" />
<EVENT id="E71" start="2381" end="2417" text="the ultrasound showed biliary sludge" modality="FACTUAL" polarity="POS" type="PROBLEM" />
<EVENT id="E72" start="2385" end="2395" text="ultrasound" modality="FACTUAL" polarity="POS" type="TEST" />
<EVENT id="E73" start="2396" end="2402" text="showed" modality="FACTUAL" polarity="POS" type="EVIDENTIAL" />
<EVENT id="E74" start="2403" end="2417" text="biliary sludge" modality="FACTUAL" polarity="POS" type="PROBLEM" />
<EVENT id="E75" start="2422" end="2430" text="swelling" modality="FACTUAL" polarity="POS" type="PROBLEM" />
<EVENT id="E76" start="2422" end="2442" text="swelling of the body" modality="FACTUAL" polarity="POS" type="PROBLEM" />
<EVENT id="E77" start="2473" end="2492" text="other abnormalities" modality="FACTUAL" polarity="NEG" type="PROBLEM" />
<EVENT id="E78" start="2498" end="2503" text="noted" modality="FACTUAL" polarity="POS" type="EVIDENTIAL" />
<EVENT id="E79" start="2549" end="2561" text="exacerbation" modality="FACTUAL" polarity="POS" type="PROBLEM" />
<EVENT id="E80" start="2549" end="2580" text="exacerbation of epigastric pain" modality="FACTUAL" polarity="POS" type="PROBLEM" />
<EVENT id="E81" start="2565" end="2580" text="epigastric pain" modality="FACTUAL" polarity="POS" type="PROBLEM" />
<EVENT id="E82" start="2586" end="2595" text="radiation" modality="FACTUAL" polarity="POS" type="PROBLEM" />
<EVENT id="E83" start="2625" end="2633" text="the pain" modality="FACTUAL" polarity="POS" type="PROBLEM" />
<EVENT id="E84" start="2629" end="2633" text="pain" modality="FACTUAL" polarity="POS" type="PROBLEM" />
<EVENT id="E85" start="2665" end="2669" text="high" modality="FACTUAL" polarity="POS" type="PROBLEM" />
<EVENT id="E86" start="2665" end="2683" text="high dose dilaudid" modality="FACTUAL" polarity="POS" type="TREATMENT" />
<EVENT id="E87" start="2670" end="2683" text="dose Dilaudid" modality="FACTUAL" polarity="POS" type="TREATMENT" />
<EVENT id="E88" start="2702" end="2725" text="a follow-up chest x-ray" modality="FACTUAL" polarity="POS" type="TEST" />
<EVENT id="E89" start="2704" end="2725" text="follow-up chest x-ray" modality="FACTUAL" polarity="POS" type="TEST" />
<EVENT id="E90" start="2750" end="2759" text="unchanged" modality="FACTUAL" polarity="POS" type="OCCURRENCE" />
<EVENT id="E91" start="2778" end="2785" text="showing" modality="FACTUAL" polarity="POS" type="EVIDENTIAL" />
<EVENT id="E92" start="2788" end="2794" text="normal" modality="FACTUAL" polarity="POS" type="OCCURRENCE" />
<EVENT id="E93" start="2819" end="2829" text="infiltrate" modality="FACTUAL" polarity="NEG" type="PROBLEM" />
<EVENT id="E94" start="2837" end="2841" text="2/25" modality="FACTUAL" polarity="POS" type="CLINICAL_DEPT" />
<EVENT id="E95" start="2854" end="2879" text="the patient &apos;s fever" modality="FACTUAL" polarity="POS" type="PROBLEM" />
<EVENT id="E96" start="2874" end="2879" text="fever" modality="FACTUAL" polarity="POS" type="PROBLEM" />
<EVENT id="E97" start="2896" end="2914" text="his abdominal pain" modality="FACTUAL" polarity="POS" type="PROBLEM" />
<EVENT id="E98" start="2900" end="2914" text="abdominal pain" modality="FACTUAL" polarity="POS" type="PROBLEM" />
<EVENT id="E99" start="2925" end="2933" text="subsided" modality="FACTUAL" polarity="POS" type="OCCURRENCE" />
<EVENT id="E100" start="2936" end="2950" text="the cefotaxime" modality="FACTUAL" polarity="POS" type="TREATMENT" />
<EVENT id="E101" start="2940" end="2950" text="cefotaxime" modality="FACTUAL" polarity="POS" type="TREATMENT" />
<EVENT id="E102" start="2955" end="2967" text="discontinued" modality="FACTUAL" polarity="POS" type="OCCURRENCE" />
<EVENT id="E103" start="2977" end="2986" text="infection" modality="FACTUAL" polarity="POS" type="PROBLEM" />
<EVENT id="E104" start="301" end="322" text="sharp left flank pain" modality="FACTUAL" polarity="POS" type="PROBLEM" />
<EVENT id="E105" start="3017" end="3041" text="the patient &apos;s diet" modality="FACTUAL" polarity="POS" type="TREATMENT" />
<EVENT id="E106" start="3037" end="3041" text="diet" modality="FACTUAL" polarity="POS" type="TREATMENT" />
<EVENT id="E107" start="3046" end="3054" text="advanced" modality="FACTUAL" polarity="POS" type="OCCURRENCE" />
<EVENT id="E108" start="3058" end="3063" text="a low" modality="FACTUAL" polarity="POS" type="OCCURRENCE" />
<EVENT id="E109" start="3060" end="3074" text="low fat solids" modality="FACTUAL" polarity="POS" type="TREATMENT" />
<EVENT id="E110" start="3081" end="3093" text="pancreatitis" modality="FACTUAL" polarity="POS" type="PROBLEM" />
<EVENT id="E111" start="3081" end="3099" text="pancreatitis study" modality="FACTUAL" polarity="POS" type="PROBLEM" />
<EVENT id="E112" start="3094" end="3099" text="study" modality="FACTUAL" polarity="POS" type="TEST" />
<EVENT id="E113" start="3122" end="3136" text="tolerated well" modality="FACTUAL" polarity="POS" type="OCCURRENCE" />
<EVENT id="E114" start="3155" end="3165" text="discharged" modality="FACTUAL" polarity="POS" type="OCCURRENCE" />
<EVENT id="E115" start="3155" end="3170" text="discharged home" modality="FACTUAL" polarity="POS" type="OCCURRENCE" />
<EVENT id="E116" start="3189" end="3205" text="much improvement" modality="FACTUAL" polarity="POS" type="OCCURRENCE" />
<EVENT id="E117" start="3194" end="3205" text="improvement" modality="FACTUAL" polarity="POS" type="OCCURRENCE" />
<EVENT id="E118" start="3209" end="3221" text="his symptoms" modality="FACTUAL" polarity="POS" type="PROBLEM" />
<EVENT id="E119" start="328" end="337" text="radiation" modality="FACTUAL" polarity="POS" type="TREATMENT" />
<EVENT id="E120" start="401" end="410" text="described" modality="FACTUAL" polarity="POS" type="EVIDENTIAL" />
<EVENT id="E121" start="401" end="419" text="described the pain" modality="FACTUAL" polarity="POS" type="PROBLEM" />
<EVENT id="E122" start="411" end="419" text="the pain" modality="FACTUAL" polarity="POS" type="PROBLEM" />
<EVENT id="E123" start="423" end="447" text="&quot; knife-like &quot;" modality="FACTUAL" polarity="POS" type="PROBLEM" />
<EVENT id="E124" start="467" end="471" text="1/25" modality="FACTUAL" polarity="POS" type="PROBLEM" />
<EVENT id="E125" start="475" end="484" text="its worse" modality="FACTUAL" polarity="POS" type="CLINICAL_DEPT" />
<EVENT id="E126" start="479" end="484" text="worse" modality="FACTUAL" polarity="POS" type="OCCURRENCE" />
<EVENT id="E127" start="503" end="514" text="exacerbated" modality="FACTUAL" polarity="POS" type="PROBLEM" />
<EVENT id="E128" start="520" end="526" text="eating" modality="FACTUAL" polarity="POS" type="OCCURRENCE" />
<EVENT id="E129" start="536" end="546" text="lying flat" modality="FACTUAL" polarity="POS" type="OCCURRENCE" />
<EVENT id="E130" start="566" end="573" text="reports" modality="FACTUAL" polarity="POS" type="EVIDENTIAL" />
<EVENT id="E131" start="574" end="588" text="blood-streaked" modality="FACTUAL" polarity="POS" type="PROBLEM" />
<EVENT id="E132" start="574" end="597" text="blood-streaked diarrhea" modality="FACTUAL" polarity="POS" type="PROBLEM" />
<EVENT id="E133" start="616" end="622" text="denies" modality="FACTUAL" polarity="POS" type="EVIDENTIAL" />
<EVENT id="E134" start="616" end="629" text="denies nausea" modality="FACTUAL" polarity="POS" type="PROBLEM" />
<EVENT id="E135" start="623" end="642" text="nausea and vomiting" modality="FACTUAL" polarity="POS" type="PROBLEM" />
<EVENT id="E136" start="634" end="642" text="vomiting" modality="FACTUAL" polarity="POS" type="PROBLEM" />
<EVENT id="E137" start="659" end="665" text="fevers" modality="FACTUAL" polarity="NEG" type="PROBLEM" />
<EVENT id="E138" start="669" end="675" text="chills" modality="FACTUAL" polarity="NEG" type="PROBLEM" />
<EVENT id="E139" start="692" end="710" text="recent weight loss" modality="FACTUAL" polarity="NEG" type="PROBLEM" />
<EVENT id="E140" start="716" end="732" text="light-headedness" modality="FACTUAL" polarity="NEG" type="PROBLEM" />
<EVENT id="E141" start="736" end="745" text="dizziness" modality="FACTUAL" polarity="NEG" type="PROBLEM" />
<EVENT id="E142" start="751" end="757" text="denies" modality="FACTUAL" polarity="POS" type="EVIDENTIAL" />
<EVENT id="E143" start="751" end="795" text="denies increased urinary frequent or urgency" modality="FACTUAL" polarity="POS" type="PROBLEM" />
<EVENT id="E144" start="758" end="767" text="increased" modality="FACTUAL" polarity="POS" type="PROBLEM" />
<EVENT id="E145" start="788" end="795" text="urgency" modality="FACTUAL" polarity="POS" type="PROBLEM" />
<EVENT id="E146" start="810" end="819" text="presented" modality="FACTUAL" polarity="POS" type="OCCURRENCE" />
<EVENT id="E147" start="823" end="861" text="the sloan- center emergency department" modality="FACTUAL" polarity="POS" type="CLINICAL_DEPT" />
<EVENT id="E148" start="877" end="889" text="resuscitated" modality="FACTUAL" polarity="POS" type="OCCURRENCE" />
<EVENT id="E149" start="895" end="908" text="normal saline" modality="FACTUAL" polarity="POS" type="TREATMENT" />
<EVENT id="E150" start="922" end="930" text="morphine" modality="FACTUAL" polarity="POS" type="TREATMENT" />
<EVENT id="E151" start="935" end="939" text="pain" modality="FACTUAL" polarity="POS" type="PROBLEM" />
<EVENT id="E152" start="954" end="965" text="transferred" modality="FACTUAL" polarity="POS" type="OCCURRENCE" />
<EVENT id="E153" start="969" end="997" text="the general medicine service" modality="FACTUAL" polarity="POS" type="CLINICAL_DEPT" />
<EVENT id="E154" start="973" end="997" text="general medicine service" modality="FACTUAL" polarity="POS" type="OCCURRENCE" />
<TIMEX3 id="T0" start="1304" end="1311" text="2/17/00" type="DATE" val="1900-02-17" mod="NA" />
<TIMEX3 id="T1" start="1315" end="1322" text="2/21/00" type="DATE" val="1900-02-21" mod="NA" />
<TIMEX3 id="T2" start="175" end="185" text="seven days" type="DURATION" val="P7D" mod="NA" />
<TIMEX3 id="T3" start="18" end="28" text="02/17/2000" type="DATE" val="2000-02-17" mod="NA" />
<TIMEX3 id="T4" start="2015" end="2022" text="2/22/00" type="DATE" val="1900-02-22" mod="NA" />
<TIMEX3 id="T5" start="2277" end="2284" text="2/23/00" type="DATE" val="1900-02-23" mod="NA" />
<TIMEX3 id="T6" start="242" end="268" text="seven days ago ( 2/11/00 )" type="DATE" val="1900-02-11" mod="NA" />
<TIMEX3 id="T7" start="2509" end="2516" text="2/24/00" type="DATE" val="1900-02-24" mod="NA" />
<TIMEX3 id="T8" start="2844" end="2851" text="2/27/00" type="DATE" val="2000-02-27" mod="NA" />
<TIMEX3 id="T9" start="3007" end="3014" text="2/28/00" type="DATE" val="1900-02-28" mod="NA" />
<TIMEX3 id="T10" start="3174" end="3181" text="2/29/00" type="DATE" val="1900-02-29" mod="NA"  />
<TIMEX3 id="T11" start="602" end="610" text="two days" type="DURATION" val="P2D" mod="NA" />
</TAGS>
</ClinicalNarrativeTemporalAnnotation>
