<?xml version="1.0" encoding="UTF-8" ?>
<ClinicalNarrativeTemporalAnnotation>
<TEXT><![CDATA[
Admission Date :
2014-07-30
Discharge Date :
2014-08-04
Service :
MEDICINE
History of Present Illness :
This is an 83 y/o female with moderate AS , s/p MVR 27 years ago , s/p PPM , DM , CHF , p/w dsypnea and increased work of breathing x 4-5 days .
Per family , the patient has had worsening CHF/volume overload over the last several weeks , requiring supplemental O2 at rehab .
Over the last few days , she has been noted to be more short of breath and having sats to 60% on RA .
Her lasix was increased to 60 mg bid .
Beginning today , she was noted to be in hypoxic respiratory distress , 87-91% on 2L/NC .
She was increased to 5L , with her sats going up to 97% .
She was also noted to be more confused over the last few days and especially today .
She was given lasix and 2 mg IV morphine at New England Sinai Hospital & Rehab Center Rehab , and sent to Nantucket Cottage Hospital for further evaluation .
En route , she was given additional lasix of 60 mg IV and nitro spray x 2 .
In the Deanna , her VS were Tc 97.2 , BP 146/25 , HR 70 , RR 27 , SaO2 95%/NRB .
Foley was placed in Deanna .
She was given 40 mg IV lasix and 325 mg ASA .
She was placed on BiPAP for comfort at 30% FiO2 , 5 PEEP , 12 PS .
Admitted to the CMED CSRU for further management .
Per family , besides the dyspnea and SOB , the patient has had no other symptoms , including f/c/s , CP , palpitations , abd pain , n/v/diarrhea .
She has had decreased appetite over the last few days in the context of increasing confusion .
Brief Hospital Course :
A/P - 83yo F with valvular disorder , AF , and h/o CAD a/w hypercarbic respiratory failure .
# Respiratory failure - She was admitted to the CMED CSRU for her repiratory failure which was thought to be secondary to CHF .
Pt was diuresed with iv lasix / acetazolamide and given iv morphine / prn for respiratory distress and BIPAP was tried .
However , hypercarbia ( 04-11 metabolic alkalosis ) remained in the 90s .
Pt was mentating okay , having conversations with intermittent somnolence despite hypercarbia .
TTE showed preserved EF with moderate AS and moderate MS and mod pulm HTN .
Cardiology was consulted and thought MS Harold Holcomb to her pulm edema and pulm HTN .
Cardiology recommended d/cing digoxin and starting amiodarone .
Family declined valvuloplasty .
For possible COPD , pt was started on steroids and nebs on 08-03 .
Pt is currently satting 90s on 1 L NC while sitting in a chair but needs more O2 when supine .
Pt is a mouth breather and occasionally needs a face mask .
Pt will need I/Os monitored to goal even to slightly negative as she was diursed 4.8 L during her CMED stay .
Depending on her I/O , lasix and acetazolamide can be decreased or discontinued .
If she were to decompensate at the rehab , goals of care will need to be readdressed .
# h/o CAD - There were new changes on EKG but pt was ruled out with 3 sets of negative cardiac enzymes .
Pt was continued on BB , ASA , and nitrates .
# Acid / base status - Respiratory acidosis with metabolic compensation .
Appears to be chronic in nature given degree of metabolic compensation with acute component earlier today .
Pt failed BIPAP and pCO2 remained in the 90s but maintaining mentation .
# Renal insufficiency - baseline Cr unknown , may have CRI from DM .
Creatinine stayed stable from 1.3-1.5 .
Will need to renally dose all medications .
# A fib - continued BB .
Per cardiology consult recs , discontinued digoxin and started amiodarone .
Due to elevated INR , coumadin was held .
Pt is also paced .
Pt needs to be on amiodarone 400mg BID x 7 days ( loading dose ) and then 400mg daily for maintenance .
# DM - insulin standing + HISS , FS qid
# Depression - continued home regimen
# F/E/N - NPO initially while on BIPAP and now low sodium cardiac diet .
# PPx - supratherpeutic INR
# Access - PIV
# Code - DNR/DNI .
No pressors or central line per HCP .
If she were to decompensate at the rehab , goals of care will need to be readressed .
# Communication - Evelyn Matos ( niece ) 492 - 9977 , cell ( 921 ) 815 - 7040
]]></TEXT>
<TAGS>
<EVENT id="E0" start="1" end="10" text="admission" modality="FACTUAL" polarity="POS" type="OCCURRENCE" />
<EVENT id="E1" start="1004" end="1010" text="her vs" modality="FACTUAL" polarity="POS" type="PROBLEM" />
<EVENT id="E2" start="1026" end="1028" text="BP" modality="FACTUAL" polarity="POS" type="TEST" />
<EVENT id="E3" start="1038" end="1040" text="HR" modality="FACTUAL" polarity="POS" type="TEST" />
<EVENT id="E4" start="1046" end="1048" text="RR" modality="FACTUAL" polarity="POS" type="TREATMENT" />
<EVENT id="E5" start="1054" end="1058" text="sao2" modality="FACTUAL" polarity="POS" type="TEST" />
<EVENT id="E6" start="1059" end="1066" text="95%/NRB" modality="FACTUAL" polarity="POS" type="TREATMENT" />
<EVENT id="E7" start="1069" end="1074" text="foley" modality="FACTUAL" polarity="POS" type="TREATMENT" />
<EVENT id="E8" start="1079" end="1085" text="placed" modality="FACTUAL" polarity="POS" type="OCCURRENCE" />
<EVENT id="E9" start="1089" end="1095" text="deanna" modality="FACTUAL" polarity="POS" type="CLINICAL_DEPT" />
<EVENT id="E10" start="1115" end="1126" text="mg IV lasix" modality="FACTUAL" polarity="POS" type="TREATMENT" />
<EVENT id="E11" start="1118" end="1126" text="iv lasix" modality="FACTUAL" polarity="POS" type="TREATMENT" />
<EVENT id="E12" start="1135" end="1141" text="mg ASA" modality="FACTUAL" polarity="POS" type="TREATMENT" />
<EVENT id="E13" start="1138" end="1141" text="asa" modality="FACTUAL" polarity="POS" type="TREATMENT" />
<EVENT id="E14" start="1152" end="1158" text="placed" modality="FACTUAL" polarity="POS" type="OCCURRENCE" />
<EVENT id="E15" start="1162" end="1167" text="bipap" modality="FACTUAL" polarity="POS" type="TREATMENT" />
<EVENT id="E16" start="1172" end="1179" text="comfort" modality="FACTUAL" polarity="POS" type="TREATMENT" />
<EVENT id="E17" start="1187" end="1191" text="fio2" modality="FACTUAL" polarity="POS" type="TREATMENT" />
<EVENT id="E18" start="1196" end="1200" text="peep" modality="FACTUAL" polarity="POS" type="TREATMENT" />
<EVENT id="E19" start="1206" end="1208" text="PS" modality="FACTUAL" polarity="POS" type="TREATMENT" />
<EVENT id="E20" start="1211" end="1219" text="admitted" modality="FACTUAL" polarity="POS" type="OCCURRENCE" />
<EVENT id="E21" start="1223" end="1236" text="the cmed csru" modality="FACTUAL" polarity="POS" type="CLINICAL_DEPT" />
<EVENT id="E22" start="1241" end="1259" text="further management" modality="FACTUAL" polarity="POS" type="TREATMENT" />
<EVENT id="E23" start="1283" end="1294" text="the dyspnea" modality="FACTUAL" polarity="POS" type="PROBLEM" />
<EVENT id="E24" start="1299" end="1302" text="sob" modality="FACTUAL" polarity="POS" type="PROBLEM" />
<EVENT id="E25" start="1328" end="1342" text="other symptoms" modality="FACTUAL" polarity="NEG" type="PROBLEM" />
<EVENT id="E26" start="135" end="146" text="moderate as" modality="FACTUAL" polarity="POS" type="PROBLEM" />
<EVENT id="E27" start="1355" end="1360" text="f/c/s" modality="FACTUAL" polarity="POS" type="PROBLEM" />
<EVENT id="E28" start="1363" end="1365" text="CP" modality="POSSIBLE" polarity="POS" type="PROBLEM" />
<EVENT id="E29" start="1368" end="1380" text="palpitations" modality="FACTUAL" polarity="POS" type="PROBLEM" />
<EVENT id="E30" start="1383" end="1391" text="abd pain" modality="FACTUAL" polarity="POS" type="PROBLEM" />
<EVENT id="E31" start="1394" end="1406" text="n/v/diarrhea" modality="FACTUAL" polarity="NEG" type="PROBLEM" />
<EVENT id="E32" start="1421" end="1439" text="decreased appetite" modality="FACTUAL" polarity="POS" type="PROBLEM" />
<EVENT id="E33" start="1481" end="1491" text="increasing" modality="FACTUAL" polarity="POS" type="OCCURRENCE" />
<EVENT id="E34" start="1481" end="1501" text="increasing confusion" modality="FACTUAL" polarity="POS" type="PROBLEM" />
<EVENT id="E35" start="149" end="156" text="s/p MVR" modality="FACTUAL" polarity="POS" type="TREATMENT" />
<EVENT id="E36" start="1492" end="1501" text="confusion" modality="FACTUAL" polarity="POS" type="PROBLEM" />
<EVENT id="E37" start="1510" end="1525" text="Hospital Course" modality="FACTUAL" polarity="POS" type="OCCURRENCE" />
<EVENT id="E38" start="153" end="156" text="mvr" modality="FACTUAL" polarity="POS" type="TREATMENT" />
<EVENT id="E39" start="1534" end="1540" text="83yo f" modality="FACTUAL" polarity="POS" type="TREATMENT" />
<EVENT id="E40" start="1546" end="1563" text="valvular disorder" modality="FACTUAL" polarity="POS" type="PROBLEM" />
<EVENT id="E41" start="1579" end="1582" text="cad" modality="FACTUAL" polarity="POS" type="PROBLEM" />
<EVENT id="E42" start="1583" end="1618" text="a/w hypercarbic respiratory failure" modality="FACTUAL" polarity="POS" type="PROBLEM" />
<EVENT id="E43" start="1623" end="1642" text="respiratory failure" modality="FACTUAL" polarity="POS" type="PROBLEM" />
<EVENT id="E44" start="1653" end="1661" text="admitted" modality="FACTUAL" polarity="POS" type="OCCURRENCE" />
<EVENT id="E45" start="1665" end="1678" text="the cmed csru" modality="FACTUAL" polarity="POS" type="CLINICAL_DEPT" />
<EVENT id="E46" start="1683" end="1705" text="her repiratory failure" modality="FACTUAL" polarity="POS" type="PROBLEM" />
<EVENT id="E47" start="1687" end="1705" text="repiratory failure" modality="FACTUAL" polarity="POS" type="PROBLEM" />
<EVENT id="E48" start="1743" end="1746" text="chf" modality="FACTUAL" polarity="POS" type="PROBLEM" />
<EVENT id="E49" start="1756" end="1764" text="diuresed" modality="FACTUAL" polarity="POS" type="TREATMENT" />
<EVENT id="E50" start="176" end="179" text="ppm" modality="FACTUAL" polarity="POS" type="TREATMENT" />
<EVENT id="E51" start="1770" end="1778" text="iv lasix" modality="FACTUAL" polarity="POS" type="TREATMENT" />
<EVENT id="E52" start="1770" end="1794" text="iv lasix / acetazolamide" modality="FACTUAL" polarity="POS" type="TREATMENT" />
<EVENT id="E53" start="1781" end="1794" text="acetazolamide" modality="FACTUAL" polarity="POS" type="TREATMENT" />
<EVENT id="E54" start="1805" end="1816" text="iv morphine" modality="FACTUAL" polarity="POS" type="TREATMENT" />
<EVENT id="E55" start="182" end="184" text="DM" modality="FACTUAL" polarity="POS" type="PROBLEM" />
<EVENT id="E56" start="1827" end="1847" text="respiratory distress" modality="FACTUAL" polarity="POS" type="PROBLEM" />
<EVENT id="E57" start="1852" end="1857" text="bipap" modality="FACTUAL" polarity="POS" type="TREATMENT" />
<EVENT id="E58" start="187" end="190" text="chf" modality="FACTUAL" polarity="POS" type="PROBLEM" />
<EVENT id="E59" start="1880" end="1891" text="hypercarbia" modality="FACTUAL" polarity="POS" type="PROBLEM" />
<EVENT id="E60" start="1880" end="1921" text="hypercarbia ( 04-11 metabolic alkalosis )" modality="FACTUAL" polarity="POS" type="PROBLEM" />
<EVENT id="E61" start="1900" end="1919" text="metabolic alkalosis" modality="FACTUAL" polarity="POS" type="PROBLEM" />
<EVENT id="E62" start="193" end="196" text="p/w" modality="FACTUAL" polarity="POS" type="EVIDENTIAL" />
<EVENT id="E63" start="193" end="204" text="p/w dsypnea" modality="FACTUAL" polarity="POS" type="PROBLEM" />
<EVENT id="E64" start="1951" end="1965" text="mentating okay" modality="FACTUAL" polarity="POS" type="OCCURRENCE" />
<EVENT id="E65" start="1975" end="1988" text="conversations" modality="FACTUAL" polarity="POS" type="OCCURRENCE" />
<EVENT id="E66" start="1994" end="2017" text="intermittent somnolence" modality="FACTUAL" polarity="POS" type="OCCURRENCE" />
<EVENT id="E67" start="2026" end="2037" text="hypercarbia" modality="FACTUAL" polarity="POS" type="PROBLEM" />
<EVENT id="E68" start="2040" end="2043" text="TTE" modality="FACTUAL" polarity="POS" type="TEST" />
<EVENT id="E69" start="2040" end="2063" text="tte showed preserved ef" modality="FACTUAL" polarity="POS" type="OCCURRENCE" />
<EVENT id="E70" start="2044" end="2050" text="showed" modality="FACTUAL" polarity="POS" type="EVIDENTIAL" />
<EVENT id="E71" start="2061" end="2063" text="EF" modality="FACTUAL" polarity="POS" type="TEST" />
<EVENT id="E72" start="2069" end="2080" text="moderate as" modality="FACTUAL" polarity="POS" type="PROBLEM" />
<EVENT id="E73" start="2085" end="2096" text="moderate ms" modality="FACTUAL" polarity="POS" type="PROBLEM" />
<EVENT id="E74" start="209" end="218" text="increased" modality="FACTUAL" polarity="POS" type="PROBLEM" />
<EVENT id="E75" start="2101" end="2113" text="mod pulm htn" modality="FACTUAL" polarity="POS" type="PROBLEM" />
<EVENT id="E76" start="2116" end="2126" text="Cardiology" modality="FACTUAL" polarity="POS" type="CLINICAL_DEPT" />
<EVENT id="E77" start="2131" end="2140" text="consulted" modality="FACTUAL" polarity="POS" type="OCCURRENCE" />
<EVENT id="E78" start="2174" end="2188" text="her pulm edema" modality="FACTUAL" polarity="POS" type="PROBLEM" />
<EVENT id="E79" start="2178" end="2188" text="pulm edema" modality="FACTUAL" polarity="POS" type="PROBLEM" />
<EVENT id="E80" start="219" end="236" text="work of breathing" modality="FACTUAL" polarity="POS" type="PROBLEM" />
<EVENT id="E81" start="2193" end="2201" text="pulm htn" modality="FACTUAL" polarity="POS" type="PROBLEM" />
<EVENT id="E82" start="2204" end="2214" text="Cardiology" modality="FACTUAL" polarity="POS" type="CLINICAL_DEPT" />
<EVENT id="E83" start="2227" end="2241" text="d/cing digoxin" modality="FACTUAL" polarity="POS" type="TREATMENT" />
<EVENT id="E84" start="2234" end="2241" text="digoxin" modality="FACTUAL" polarity="POS" type="TREATMENT" />
<EVENT id="E85" start="2255" end="2265" text="amiodarone" modality="FACTUAL" polarity="POS" type="TREATMENT" />
<EVENT id="E86" start="227" end="236" text="breathing" modality="FACTUAL" polarity="POS" type="PROBLEM" />
<EVENT id="E87" start="2275" end="2283" text="declined" modality="FACTUAL" polarity="POS" type="EVIDENTIAL" />
<EVENT id="E88" start="2284" end="2297" text="valvuloplasty" modality="FACTUAL" polarity="POS" type="TREATMENT" />
<EVENT id="E89" start="2304" end="2317" text="possible COPD" modality="FACTUAL" polarity="POS" type="PROBLEM" />
<EVENT id="E90" start="2313" end="2317" text="COPD" modality="FACTUAL" polarity="POS" type="PROBLEM" />
<EVENT id="E91" start="2338" end="2346" text="steroids" modality="FACTUAL" polarity="POS" type="TREATMENT" />
<EVENT id="E92" start="2351" end="2355" text="nebs" modality="FACTUAL" polarity="POS" type="TREATMENT" />
<EVENT id="E93" start="2383" end="2390" text="satting" modality="FACTUAL" polarity="POS" type="TEST" />
<EVENT id="E94" start="2391" end="2394" text="90s" modality="FACTUAL" polarity="POS" type="TREATMENT" />
<EVENT id="E95" start="2398" end="2404" text="1 l nc" modality="FACTUAL" polarity="POS" type="TREATMENT" />
<EVENT id="E96" start="2422" end="2429" text="a chair" modality="FACTUAL" polarity="POS" type="TREATMENT" />
<EVENT id="E97" start="2440" end="2447" text="more o2" modality="FACTUAL" polarity="POS" type="TEST" />
<EVENT id="E98" start="2453" end="2459" text="supine" modality="FACTUAL" polarity="POS" type="TEST" />
<EVENT id="E99" start="2468" end="2484" text="a mouth breather" modality="FACTUAL" polarity="POS" type="TEST" />
<EVENT id="E100" start="2508" end="2519" text="a face mask" modality="FACTUAL" polarity="POS" type="TREATMENT" />
<EVENT id="E101" start="2510" end="2519" text="face mask" modality="FACTUAL" polarity="POS" type="TREATMENT" />
<EVENT id="E102" start="2535" end="2549" text="i/os monitored" modality="FACTUAL" polarity="POS" type="TEST" />
<EVENT id="E103" start="2575" end="2583" text="negative" modality="FACTUAL" polarity="POS" type="OCCURRENCE" />
<EVENT id="E104" start="2616" end="2624" text="her CMED" modality="FACTUAL" polarity="POS" type="CLINICAL_DEPT" />
<EVENT id="E105" start="2620" end="2629" text="CMED stay" modality="FACTUAL" polarity="POS" type="OCCURRENCE" />
<EVENT id="E106" start="2625" end="2629" text="stay" modality="FACTUAL" polarity="POS" type="OCCURRENCE" />
<EVENT id="E107" start="2655" end="2660" text="lasix" modality="FACTUAL" polarity="POS" type="TREATMENT" />
<EVENT id="E108" start="2665" end="2678" text="acetazolamide" modality="FACTUAL" polarity="POS" type="TREATMENT" />
<EVENT id="E109" start="2686" end="2695" text="decreased" modality="FACTUAL" polarity="POS" type="OCCURRENCE" />
<EVENT id="E110" start="2699" end="2711" text="discontinued" modality="FACTUAL" polarity="POS" type="OCCURRENCE" />
<EVENT id="E111" start="2745" end="2754" text="the rehab" modality="FACTUAL" polarity="POS" type="TREATMENT" />
<EVENT id="E112" start="2766" end="2770" text="care" modality="FACTUAL" polarity="POS" type="TREATMENT" />
<EVENT id="E113" start="2787" end="2798" text="readdressed" modality="FACTUAL" polarity="POS" type="OCCURRENCE" />
<EVENT id="E114" start="2807" end="2810" text="cad" modality="FACTUAL" polarity="POS" type="PROBLEM" />
<EVENT id="E115" start="2824" end="2835" text="new changes" modality="FACTUAL" polarity="POS" type="PROBLEM" />
<EVENT id="E116" start="2824" end="2842" text="new changes on EKG" modality="FACTUAL" polarity="POS" type="PROBLEM" />
<EVENT id="E117" start="283" end="312" text="worsening chf/volume overload" modality="FACTUAL" polarity="POS" type="PROBLEM" />
<EVENT id="E118" start="2839" end="2842" text="ekg" modality="FACTUAL" polarity="POS" type="TEST" />
<EVENT id="E119" start="2854" end="2863" text="ruled out" modality="FACTUAL" polarity="POS" type="OCCURRENCE" />
<EVENT id="E120" start="2879" end="2887" text="negative" modality="FACTUAL" polarity="POS" type="OCCURRENCE" />
<EVENT id="E121" start="2888" end="2903" text="cardiac enzymes" modality="FACTUAL" polarity="POS" type="TEST" />
<EVENT id="E122" start="29" end="38" text="discharge" modality="FACTUAL" polarity="POS" type="OCCURRENCE" />
<EVENT id="E123" start="2926" end="2928" text="BB" modality="FACTUAL" polarity="POS" type="TREATMENT" />
<EVENT id="E124" start="2931" end="2934" text="asa" modality="FACTUAL" polarity="POS" type="TREATMENT" />
<EVENT id="E125" start="2941" end="2949" text="nitrates" modality="FACTUAL" polarity="POS" type="TREATMENT" />
<EVENT id="E126" start="2954" end="2972" text="acid / base status" modality="FACTUAL" polarity="POS" type="PROBLEM" />
<EVENT id="E127" start="2975" end="2995" text="respiratory acidosis" modality="FACTUAL" polarity="POS" type="PROBLEM" />
<EVENT id="E128" start="3102" end="3131" text="acute component earlier today" modality="FACTUAL" polarity="POS" type="PROBLEM" />
<EVENT id="E129" start="3137" end="3143" text="failed" modality="FACTUAL" polarity="POS" type="PROBLEM" />
<EVENT id="E130" start="3144" end="3149" text="bipap" modality="FACTUAL" polarity="POS" type="TREATMENT" />
<EVENT id="E131" start="3154" end="3158" text="pco2" modality="FACTUAL" polarity="POS" type="TEST" />
<EVENT id="E132" start="3195" end="3204" text="mentation" modality="FACTUAL" polarity="POS" type="PROBLEM" />
<EVENT id="E133" start="3209" end="3228" text="renal insufficiency" modality="FACTUAL" polarity="POS" type="PROBLEM" />
<EVENT id="E134" start="3231" end="3239" text="baseline" modality="FACTUAL" polarity="POS" type="TEST" />
<EVENT id="E135" start="3231" end="3242" text="baseline cr" modality="FACTUAL" polarity="POS" type="TEST" />
<EVENT id="E136" start="3262" end="3265" text="cri" modality="FACTUAL" polarity="POS" type="PROBLEM" />
<EVENT id="E137" start="3271" end="3273" text="DM" modality="FACTUAL" polarity="POS" type="PROBLEM" />
<EVENT id="E138" start="3276" end="3286" text="creatinine" modality="FACTUAL" polarity="POS" type="TEST" />
<EVENT id="E139" start="3294" end="3300" text="stable" modality="FACTUAL" polarity="POS" type="OCCURRENCE" />
<EVENT id="E140" start="3306" end="3313" text="1.3-1.5" modality="FACTUAL" polarity="POS" type="CLINICAL_DEPT" />
<EVENT id="E141" start="3337" end="3357" text="dose all medications" modality="FACTUAL" polarity="POS" type="TREATMENT" />
<EVENT id="E142" start="3362" end="3367" text="a fib" modality="FACTUAL" polarity="POS" type="PROBLEM" />
<EVENT id="E143" start="3370" end="3382" text="continued bb" modality="FACTUAL" polarity="POS" type="TREATMENT" />
<EVENT id="E144" start="3380" end="3382" text="BB" modality="FACTUAL" polarity="POS" type="TREATMENT" />
<EVENT id="E145" start="3389" end="3407" text="cardiology consult" modality="FACTUAL" polarity="POS" type="TEST" />
<EVENT id="E146" start="3389" end="3412" text="cardiology consult recs" modality="FACTUAL" polarity="POS" type="OCCURRENCE" />
<EVENT id="E147" start="3415" end="3427" text="discontinued" modality="FACTUAL" polarity="POS" type="OCCURRENCE" />
<EVENT id="E148" start="3428" end="3435" text="digoxin" modality="FACTUAL" polarity="POS" type="TREATMENT" />
<EVENT id="E149" start="3448" end="3458" text="amiodarone" modality="FACTUAL" polarity="POS" type="TREATMENT" />
<EVENT id="E150" start="3468" end="3480" text="elevated inr" modality="FACTUAL" polarity="POS" type="PROBLEM" />
<EVENT id="E151" start="3483" end="3491" text="coumadin" modality="FACTUAL" polarity="POS" type="TREATMENT" />
<EVENT id="E152" start="353" end="368" text="supplemental o2" modality="FACTUAL" polarity="POS" type="TREATMENT" />
<EVENT id="E153" start="3540" end="3550" text="amiodarone" modality="FACTUAL" polarity="POS" type="TREATMENT" />
<EVENT id="E154" start="3580" end="3584" text="dose" modality="FACTUAL" polarity="POS" type="TREATMENT" />
<EVENT id="E155" start="3612" end="3623" text="maintenance" modality="FACTUAL" polarity="POS" type="PROBLEM" />
<EVENT id="E156" start="3628" end="3630" text="DM" modality="FACTUAL" polarity="POS" type="PROBLEM" />
<EVENT id="E157" start="3633" end="3640" text="insulin" modality="FACTUAL" polarity="POS" type="TREATMENT" />
<EVENT id="E158" start="3641" end="3649" text="standing" modality="FACTUAL" polarity="POS" type="OCCURRENCE" />
<EVENT id="E159" start="3659" end="3661" text="FS" modality="FACTUAL" polarity="POS" type="TEST" />
<EVENT id="E160" start="3668" end="3678" text="depression" modality="FACTUAL" polarity="POS" type="PROBLEM" />
<EVENT id="E161" start="3681" end="3703" text="continued home regimen" modality="FACTUAL" polarity="POS" type="TREATMENT" />
<EVENT id="E162" start="3691" end="3703" text="home regimen" modality="FACTUAL" polarity="POS" type="TREATMENT" />
<EVENT id="E163" start="3706" end="3711" text="f/e/n" modality="FACTUAL" polarity="POS" type="PROBLEM" />
<EVENT id="E164" start="3714" end="3717" text="npo" modality="FACTUAL" polarity="POS" type="TREATMENT" />
<EVENT id="E165" start="372" end="377" text="rehab" modality="FACTUAL" polarity="POS" type="CLINICAL_DEPT" />
<EVENT id="E166" start="3737" end="3742" text="bipap" modality="FACTUAL" polarity="POS" type="TREATMENT" />
<EVENT id="E167" start="3751" end="3761" text="low sodium" modality="FACTUAL" polarity="POS" type="PROBLEM" />
<EVENT id="E168" start="3751" end="3774" text="low sodium cardiac diet" modality="FACTUAL" polarity="POS" type="TREATMENT" />
<EVENT id="E169" start="3762" end="3774" text="cardiac diet" modality="FACTUAL" polarity="POS" type="TREATMENT" />
<EVENT id="E170" start="3779" end="3782" text="ppx" modality="FACTUAL" polarity="POS" type="TREATMENT" />
<EVENT id="E171" start="3785" end="3804" text="supratherpeutic inr" modality="FACTUAL" polarity="POS" type="TEST" />
<EVENT id="E172" start="3822" end="3826" text="Code" modality="FACTUAL" polarity="POS" type="PROBLEM" />
<EVENT id="E173" start="3829" end="3836" text="dnr/dni" modality="FACTUAL" polarity="POS" type="TREATMENT" />
<EVENT id="E174" start="3842" end="3850" text="pressors" modality="FACTUAL" polarity="POS" type="TREATMENT" />
<EVENT id="E175" start="3854" end="3866" text="central line" modality="FACTUAL" polarity="POS" type="TREATMENT" />
<EVENT id="E176" start="3871" end="3874" text="hcp" modality="FACTUAL" polarity="POS" type="TREATMENT" />
<EVENT id="E177" start="3908" end="3917" text="the rehab" modality="FACTUAL" polarity="POS" type="TREATMENT" />
<EVENT id="E178" start="3929" end="3933" text="care" modality="FACTUAL" polarity="POS" type="TREATMENT" />
<EVENT id="E179" start="3950" end="3960" text="readressed" modality="FACTUAL" polarity="POS" type="OCCURRENCE" />
<EVENT id="E180" start="3965" end="3978" text="communication" modality="FACTUAL" polarity="POS" type="PROBLEM" />
<EVENT id="E181" start="4017" end="4021" text="cell" modality="FACTUAL" polarity="POS" type="TREATMENT" />
<EVENT id="E182" start="418" end="423" text="noted" modality="FACTUAL" polarity="POS" type="EVIDENTIAL" />
<EVENT id="E183" start="430" end="450" text="more short of breath" modality="FACTUAL" polarity="POS" type="PROBLEM" />
<EVENT id="E184" start="435" end="450" text="short of breath" modality="FACTUAL" polarity="POS" type="PROBLEM" />
<EVENT id="E185" start="462" end="466" text="sats" modality="FACTUAL" polarity="POS" type="TEST" />
<EVENT id="E186" start="470" end="473" text="60%" modality="FACTUAL" polarity="POS" type="TREATMENT" />
<EVENT id="E187" start="477" end="479" text="RA" modality="FACTUAL" polarity="POS" type="TREATMENT" />
<EVENT id="E188" start="482" end="491" text="her lasix" modality="FACTUAL" polarity="POS" type="TREATMENT" />
<EVENT id="E189" start="486" end="491" text="lasix" modality="FACTUAL" polarity="POS" type="TREATMENT" />
<EVENT id="E190" start="496" end="505" text="increased" modality="FACTUAL" polarity="POS" type="OCCURRENCE" />
<EVENT id="E191" start="547" end="552" text="noted" modality="FACTUAL" polarity="POS" type="EVIDENTIAL" />
<EVENT id="E192" start="562" end="590" text="hypoxic respiratory distress" modality="FACTUAL" polarity="POS" type="PROBLEM" />
<EVENT id="E193" start="593" end="599" text="87-91%" modality="FACTUAL" polarity="POS" type="PROBLEM" />
<EVENT id="E194" start="619" end="628" text="increased" modality="FACTUAL" polarity="POS" type="OCCURRENCE" />
<EVENT id="E195" start="642" end="650" text="her sats" modality="FACTUAL" polarity="POS" type="TEST" />
<EVENT id="E196" start="682" end="687" text="noted" modality="FACTUAL" polarity="POS" type="EVIDENTIAL" />
<EVENT id="E197" start="694" end="707" text="more confused" modality="FACTUAL" polarity="POS" type="PROBLEM" />
<EVENT id="E198" start="735" end="745" text="especially" modality="FACTUAL" polarity="POS" type="OCCURRENCE" />
<EVENT id="E199" start="768" end="773" text="lasix" modality="FACTUAL" polarity="POS" type="TREATMENT" />
<EVENT id="E200" start="778" end="794" text="2 mg iv morphine" modality="FACTUAL" polarity="POS" type="TREATMENT" />
<EVENT id="E201" start="780" end="794" text="mg IV morphine" modality="FACTUAL" polarity="POS" type="TREATMENT" />
<EVENT id="E202" start="798" end="832" text="New England Sinai Hospital & Rehab" modality="FACTUAL" polarity="POS" type="CLINICAL_DEPT" />
<EVENT id="E203" start="827" end="845" text="rehab center rehab" modality="FACTUAL" polarity="POS" type="CLINICAL_DEPT" />
<EVENT id="E204" start="833" end="845" text="Center Rehab" modality="FACTUAL" polarity="POS" type="TREATMENT" />
<EVENT id="E205" start="852" end="856" text="sent" modality="FACTUAL" polarity="POS" type="OCCURRENCE" />
<EVENT id="E206" start="860" end="886" text="nantucket cottage hospital" modality="FACTUAL" polarity="POS" type="CLINICAL_DEPT" />
<EVENT id="E207" start="87" end="102" text="Present Illness" modality="FACTUAL" polarity="POS" type="PROBLEM" />
<EVENT id="E208" start="891" end="909" text="further evaluation" modality="FACTUAL" polarity="POS" type="TEST" />
<EVENT id="E209" start="937" end="953" text="additional lasix" modality="FACTUAL" polarity="POS" type="TREATMENT" />
<EVENT id="E210" start="960" end="965" text="mg IV" modality="FACTUAL" polarity="POS" type="TREATMENT" />
<EVENT id="E211" start="970" end="975" text="nitro" modality="FACTUAL" polarity="POS" type="TREATMENT" />
<EVENT id="E212" start="970" end="981" text="nitro spray" modality="FACTUAL" polarity="POS" type="TREATMENT" />
<EVENT id="E213" start="991" end="1001" text="the deanna" modality="FACTUAL" polarity="POS" type="CLINICAL_DEPT" />
<TIMEX3 id="T0" start="1454" end="1462" text="few days" type="DURATION" val="P3D" mod="MORE" />
<TIMEX3 id="T1" start="157" end="169" text="27 years ago" type="DATE" val="1987" mod="NA" />
<TIMEX3 id="T2" start="18" end="28" text="2014-07-30" type="DATE" val="2014-07-30" mod="NA" />
<TIMEX3 id="T3" start="1894" end="1899" text="04-11" type="DATE" val="2014-04-11" mod="NA" />
<TIMEX3 id="T4" start="1934" end="1941" text="the 90s" type="DATE" val="199X" mod="NA" />
<TIMEX3 id="T5" start="2359" end="2364" text="08-03" type="DATE" val="2013-08-03" mod="NA" />
<TIMEX3 id="T6" start="239" end="247" text="4-5 days" type="DURATION" val="P4D" mod="NA" />
<TIMEX3 id="T7" start="2391" end="2394" text="90s" type="DATE" val="199X" mod="NA" />
<TIMEX3 id="T8" start="3118" end="3131" text="earlier today" type="DATE" val="2014-07-30" mod="START" />
<TIMEX3 id="T9" start="3171" end="3178" text="the 90s" type="DATE" val="199X" mod="NA" />
<TIMEX3 id="T10" start="327" end="340" text="several weeks" type="DURATION" val="P3W" mod="MORE" />
<TIMEX3 id="T11" start="3557" end="3560" text="BID" type="FREQUENCY" val="RPT12H" mod="NA" />
<TIMEX3 id="T12" start="3563" end="3586" text="7 days ( loading dose )" type="DURATION" val="" mod="NA" />
<TIMEX3 id="T13" start="3602" end="3607" text="daily" type="FREQUENCY" val="RP1D" mod="APPROX" />
<TIMEX3 id="T14" start="3662" end="3665" text="qid" type="FREQUENCY" val="RPT6H" mod="NA" />
<TIMEX3 id="T15" start="394" end="402" text="few days" type="DURATION" val="P3D" mod="MORE" />
<TIMEX3 id="T16" start="46" end="56" text="2014-08-04" type="DATE" val="2014-08-04" mod="NA" />
<TIMEX3 id="T17" start="515" end="518" text="bid" type="FREQUENCY" val="RPT12H" mod="NA" />
<TIMEX3 id="T18" start="531" end="536" text="today" type="DATE" val="2014-07-30" mod="NA" />
<TIMEX3 id="T19" start="722" end="730" text="few days" type="DURATION" val="P3D" mod="MORE" />
<TIMEX3 id="T20" start="746" end="751" text="today" type="DATE" val="2014-07-30" mod="NA" />
</TAGS>
</ClinicalNarrativeTemporalAnnotation>
