<?xml version="1.0" encoding="UTF-8" ?>
<ClinicalNarrativeTemporalAnnotation>
<TEXT><![CDATA[
Admission Date :
2013-01-03
Discharge Date :
2013-01-09
Service :
HISTORY OF PRESENT ILLNESS :
HISTORY OF PRESENT ILLNESS :
This is a 58 - year-old woman who was transferred from Shaugnessy-Kaplan Rehab Hospital Hospital for cardiac catheterization .
The patient had a long history of hypertension , hypercholesterolemia , tobacco abuse , and family history of coronary artery disease , who was in the usual state of health until Saturday previous to admission when she experienced bilateral arm and chest discomfort while carrying groceries .
Her symptoms resolved with rest .
The same symptoms occurred again the same evening with exertion and then were again relieved with rest .
The patient presented to the outside hospital Emergency Room where she was started on Aspirin , Lovenox and beta blocker .
She ruled out for myocardial infarction by CPK and troponin and had non diagnostic EKG changes .
She is being transferred to Arbour-Fuller Hospital for cardiac catheterization .
Results of the catheterization indicated the patient had three vessel disease and was a candidate for coronary artery bypass graft .
The patient went to the operating room , was admitted to go to the operating room on 2013-01-04 .
Her risk factors : Hypertension , tobacco abuse ( one pack per day times 45 years ), family history ( father diagnosed with coronary artery disease in his 50 's, patient 's mother had coronary artery disease , patient 's brother has coronary artery disease ).
Hypercholesterolemia ( total cholesterol on admission 300 's several years ago ).
The patient denies any history of diabetes .
]]></TEXT>
<TAGS>
<EVENT id="E0" start="1" end="10" text="admission" modality="FACTUAL" polarity="POS" type="OCCURRENCE" />
<EVENT id="E1" start="1016" end="1025" text="indicated" modality="FACTUAL" polarity="POS" type="EVIDENTIAL" />
<EVENT id="E2" start="1042" end="1062" text="three vessel disease" modality="FACTUAL" polarity="POS" type="PROBLEM" />
<EVENT id="E3" start="1048" end="1062" text="vessel disease" modality="FACTUAL" polarity="POS" type="PROBLEM" />
<EVENT id="E4" start="1087" end="1102" text="coronary artery" modality="FACTUAL" polarity="POS" type="TREATMENT" />
<EVENT id="E5" start="1087" end="1115" text="coronary artery bypass graft" modality="FACTUAL" polarity="POS" type="PROBLEM" />
<EVENT id="E6" start="1138" end="1156" text="the operating room" modality="FACTUAL" polarity="POS" type="CLINICAL_DEPT" />
<EVENT id="E7" start="1142" end="1156" text="operating room" modality="FACTUAL" polarity="POS" type="CLINICAL_DEPT" />
<EVENT id="E8" start="1163" end="1171" text="admitted" modality="FACTUAL" polarity="POS" type="OCCURRENCE" />
<EVENT id="E9" start="1175" end="1177" text="go" modality="FACTUAL" polarity="POS" type="OCCURRENCE" />
<EVENT id="E10" start="1181" end="1199" text="the operating room" modality="FACTUAL" polarity="POS" type="CLINICAL_DEPT" />
<EVENT id="E11" start="1185" end="1199" text="operating room" modality="FACTUAL" polarity="POS" type="CLINICAL_DEPT" />
<EVENT id="E12" start="1220" end="1247" text="risk factors : Hypertension" modality="FACTUAL" polarity="POS" type="PROBLEM" />
<EVENT id="E13" start="1235" end="1247" text="hypertension" modality="FACTUAL" polarity="POS" type="PROBLEM" />
<EVENT id="E14" start="1250" end="1263" text="tobacco abuse" modality="FACTUAL" polarity="POS" type="PROBLEM" />
<EVENT id="E15" start="1250" end="1300" text="tobacco abuse ( one pack per day times 45 years )," modality="FACTUAL" polarity="POS" type="PROBLEM" />
<EVENT id="E16" start="1325" end="1334" text="diagnosed" modality="FACTUAL" polarity="POS" type="EVIDENTIAL" />
<EVENT id="E17" start="1340" end="1363" text="coronary artery disease" modality="FACTUAL" polarity="POS" type="PROBLEM" />
<EVENT id="E18" start="1400" end="1423" text="coronary artery disease" modality="FACTUAL" polarity="POS" type="PROBLEM" />
<EVENT id="E19" start="1449" end="1472" text="coronary artery disease" modality="FACTUAL" polarity="POS" type="PROBLEM" />
<EVENT id="E20" start="1476" end="1496" text="hypercholesterolemia" modality="FACTUAL" polarity="POS" type="PROBLEM" />
<EVENT id="E21" start="1476" end="1557" text="Hypercholesterolemia ( total cholesterol on admission 300 's several years ago )." modality="FACTUAL" polarity="POS" type="PROBLEM" />
<EVENT id="E22" start="1499" end="1516" text="total cholesterol" modality="FACTUAL" polarity="POS" type="TEST" />
<EVENT id="E23" start="1520" end="1529" text="admission" modality="FACTUAL" polarity="POS" type="OCCURRENCE" />
<EVENT id="E24" start="1570" end="1576" text="denies" modality="FACTUAL" polarity="POS" type="EVIDENTIAL" />
<EVENT id="E25" start="1592" end="1600" text="diabetes" modality="FACTUAL" polarity="POS" type="PROBLEM" />
<EVENT id="E26" start="163" end="174" text="transferred" modality="FACTUAL" polarity="POS" type="OCCURRENCE" />
<EVENT id="E27" start="180" end="203" text="Shaugnessy-Kaplan Rehab" modality="FACTUAL" polarity="POS" type="TREATMENT" />
<EVENT id="E28" start="180" end="221" text="shaugnessy-kaplan rehab hospital hospital" modality="FACTUAL" polarity="POS" type="CLINICAL_DEPT" />
<EVENT id="E29" start="204" end="221" text="Hospital Hospital" modality="FACTUAL" polarity="POS" type="CLINICAL_DEPT" />
<EVENT id="E30" start="226" end="249" text="cardiac catheterization" modality="FACTUAL" polarity="POS" type="TEST" />
<EVENT id="E31" start="286" end="298" text="hypertension" modality="FACTUAL" polarity="POS" type="PROBLEM" />
<EVENT id="E32" start="29" end="38" text="discharge" modality="FACTUAL" polarity="POS" type="OCCURRENCE" />
<EVENT id="E33" start="301" end="321" text="hypercholesterolemia" modality="FACTUAL" polarity="POS" type="PROBLEM" />
<EVENT id="E34" start="324" end="337" text="tobacco abuse" modality="FACTUAL" polarity="POS" type="PROBLEM" />
<EVENT id="E35" start="362" end="385" text="coronary artery disease" modality="FACTUAL" polarity="POS" type="PROBLEM" />
<EVENT id="E36" start="399" end="424" text="the usual state of health" modality="FACTUAL" polarity="POS" type="EVIDENTIAL" />
<EVENT id="E37" start="409" end="414" text="state" modality="FACTUAL" polarity="POS" type="EVIDENTIAL" />
<EVENT id="E38" start="418" end="424" text="health" modality="FACTUAL" polarity="POS" type="CLINICAL_DEPT" />
<EVENT id="E39" start="452" end="461" text="admission" modality="FACTUAL" polarity="POS" type="OCCURRENCE" />
<EVENT id="E40" start="483" end="496" text="bilateral arm" modality="FACTUAL" polarity="POS" type="PROBLEM" />
<EVENT id="E41" start="501" end="517" text="chest discomfort" modality="FACTUAL" polarity="POS" type="PROBLEM" />
<EVENT id="E42" start="545" end="557" text="her symptoms" modality="FACTUAL" polarity="POS" type="PROBLEM" />
<EVENT id="E43" start="549" end="557" text="symptoms" modality="FACTUAL" polarity="POS" type="PROBLEM" />
<EVENT id="E44" start="558" end="566" text="resolved" modality="FACTUAL" polarity="POS" type="OCCURRENCE" />
<EVENT id="E45" start="572" end="576" text="rest" modality="FACTUAL" polarity="POS" type="OCCURRENCE" />
<EVENT id="E46" start="583" end="596" text="same symptoms" modality="FACTUAL" polarity="POS" type="PROBLEM" />
<EVENT id="E47" start="588" end="596" text="symptoms" modality="FACTUAL" polarity="POS" type="PROBLEM" />
<EVENT id="E48" start="612" end="628" text="the same evening" modality="FACTUAL" polarity="POS" type="OCCURRENCE" />
<EVENT id="E49" start="634" end="642" text="exertion" modality="FACTUAL" polarity="POS" type="OCCURRENCE" />
<EVENT id="E50" start="663" end="671" text="relieved" modality="FACTUAL" polarity="POS" type="OCCURRENCE" />
<EVENT id="E51" start="677" end="681" text="rest" modality="FACTUAL" polarity="POS" type="OCCURRENCE" />
<EVENT id="E52" start="696" end="705" text="presented" modality="FACTUAL" polarity="POS" type="OCCURRENCE" />
<EVENT id="E53" start="709" end="744" text="the outside hospital emergency room" modality="FACTUAL" polarity="POS" type="CLINICAL_DEPT" />
<EVENT id="E54" start="770" end="777" text="aspirin" modality="FACTUAL" polarity="POS" type="TREATMENT" />
<EVENT id="E55" start="780" end="787" text="lovenox" modality="FACTUAL" polarity="POS" type="TREATMENT" />
<EVENT id="E56" start="792" end="804" text="beta blocker" modality="FACTUAL" polarity="POS" type="TREATMENT" />
<EVENT id="E57" start="811" end="820" text="ruled out" modality="FACTUAL" polarity="POS" type="OCCURRENCE" />
<EVENT id="E58" start="825" end="846" text="myocardial infarction" modality="FACTUAL" polarity="POS" type="PROBLEM" />
<EVENT id="E59" start="850" end="853" text="CPK" modality="FACTUAL" polarity="POS" type="TEST" />
<EVENT id="E60" start="850" end="866" text="cpk and troponin" modality="FACTUAL" polarity="POS" type="TEST" />
<EVENT id="E61" start="858" end="866" text="troponin" modality="FACTUAL" polarity="POS" type="TEST" />
<EVENT id="E62" start="875" end="893" text="non diagnostic EKG" modality="FACTUAL" polarity="POS" type="TEST" />
<EVENT id="E63" start="875" end="901" text="non diagnostic ekg changes" modality="FACTUAL" polarity="POS" type="PROBLEM" />
<EVENT id="E64" start="917" end="928" text="transferred" modality="FACTUAL" polarity="POS" type="OCCURRENCE" />
<EVENT id="E65" start="932" end="954" text="arbour-fuller hospital" modality="FACTUAL" polarity="POS" type="CLINICAL_DEPT" />
<EVENT id="E66" start="959" end="982" text="cardiac catheterization" modality="FACTUAL" polarity="POS" type="TEST" />
<EVENT id="E67" start="985" end="992" text="Results" modality="FACTUAL" polarity="POS" type="TEST" />
<EVENT id="E68" start="996" end="1015" text="the catheterization" modality="FACTUAL" polarity="POS" type="TEST" />
<TIMEX3 id="T0" start="1203" end="1213" text="2013-01-04" type="DATE" val="2013-01-04" mod="NA" />
<TIMEX3 id="T1" start="1537" end="1554" text="several years ago" type="DATE" val="PAST_REF" mod="NA" />
<TIMEX3 id="T2" start="18" end="28" text="2013-01-03" type="DATE" val="2013-01-03" mod="NA" />
<TIMEX3 id="T3" start="431" end="439" text="Saturday" type="DATE" val="2012-12-29" mod="NA" />
<TIMEX3 id="T4" start="46" end="56" text="2013-01-09" type="DATE" val="2013-01-09" mod="NA" />
</TAGS>
</ClinicalNarrativeTemporalAnnotation>
