<?xml version="1.0" encoding="UTF-8" ?>
<ClinicalNarrativeTemporalAnnotation>
<TEXT><![CDATA[
Admission Date :
2016-12-24
Discharge Date :
2016-12-27
HISTORY OF PRESENT ILLNESS :
The patient is an 80 year old female with breast cancer , status post lumpectomy / radiation therapy / Tamoxifen ( 2000 ) , hypertension , hyperlipidemia , multiple urinary tract infections who presents with a four day prodrome of dry cough , rhinorrhea , coryza , malaise , chills , headache , decreased p.o. intake , loose bowel movements with diarrhea and no blood , decreased urine output , no sick contacts , had flu shot this year .
In the Emergency Department , she had labile blood pressure with systolic blood pressure in the 80 s .  
Her usual is systolic blood pressure in the 120 s , this was despite two liters of intravenous fluids and she was transferred to the Medical Intensive Care Unit for closer monitoring for possible early sepsis .
The Intensive Care Unit course was notable for initially receiving broad spectrum antibiotics as well as a white blood cell count of 11.0 with 15 bands .
She was ultimately changed to Levaquin for a possible early pneumonia pending cultures .
The Intensive Care Unit course was also notable for negative chest x-ray , two units of packed red blood cells for a hematocrit of 24.0 with appropriate bump in her hematocrit and no evidence of bleeding , stable blood pressure despite a net fluid balance of negative 2.5 liters .
No central access was needed .
The sepsis protocol was aborted .
Also of note , her liver function tests had been normal .
Random cortisol was 17 and her DFA was positive for influenzae A with a viral culture pending at the time of discharge .
Blood and urine cultures were no growth at the time of discharge as well .
She also had a right lower extremity noninvasive ultrasound that was negative for deep venous thrombosis .
HOSPITAL COURSE :
This is an 80 year old female with a history of Stage I breast cancer , hypertension , hyperlipidemia , who presents with a leukocytosis/bandemia , hypotension in the setting of dehydration and influenza .
After a short Medical Intensive Care Unit course where she remained hemodynamically stable , she was transferred to the floor .

]]></TEXT>
<TAGS>
<EVENT id="E0" start="528" end="552" text="the Emergency Department" modality="FACTUAL" polarity="POS" type="CLINICAL_DEPT" />
<EVENT id="E1" start="1677" end="1681" text="well" modality="FACTUAL" polarity="POS" type="OCCURRENCE" />
<EVENT id="E2" start="280" end="288" text="presents" modality="FACTUAL" polarity="POS" type="EVIDENTIAL" />
<EVENT id="E3" start="1199" end="1211" text="a hematocrit" modality="FACTUAL" polarity="POS" type="TEST" />
<EVENT id="E4" start="351" end="358" text="malaise" modality="FACTUAL" polarity="NEG" type="PROBLEM" />
<EVENT id="E5" start="876" end="883" text="notable" modality="FACTUAL" polarity="POS" type="EVIDENTIAL" />
<EVENT id="E6" start="381" end="402" text="decreased p.o. intake" modality="FACTUAL" polarity="POS" type="PROBLEM" />
<EVENT id="E7" start="1245" end="1259" text="her hematocrit" modality="FACTUAL" polarity="POS" type="TEST" />
<EVENT id="E8" start="456" end="478" text="decreased urine output" modality="FACTUAL" polarity="POS" type="PROBLEM" />
<EVENT id="E9" start="1857" end="1878" text="Stage I breast cancer" modality="FACTUAL" polarity="POS" type="PROBLEM" />
<EVENT id="E10" start="1025" end="1033" text="Levaquin" modality="FACTUAL" polarity="POS" type="TREATMENT" />
<EVENT id="E11" start="1088" end="1107" text="Intensive Care Unit" modality="FACTUAL" polarity="POS" type="CLINICAL_DEPT" />
<EVENT id="E12" start="29" end="38" text="Discharge" modality="FACTUAL" polarity="POS" type="OCCURRENCE" />
<EVENT id="E13" start="1558" end="1573" text="a viral culture" modality="FACTUAL" polarity="POS" type="TEST" />
<EVENT id="E14" start="938" end="942" text="well" modality="FACTUAL" polarity="POS" type="OCCURRENCE" />
<EVENT id="E15" start="1766" end="1788" text="deep venous thrombosis" modality="FACTUAL" polarity="POS" type="PROBLEM" />
<EVENT id="E16" start="1320" end="1331" text="a net fluid" modality="FACTUAL" polarity="POS" type="TREATMENT" />
<EVENT id="E17" start="504" end="512" text="flu shot" modality="FACTUAL" polarity="POS" type="PROBLEM" />
<EVENT id="E18" start="1145" end="1156" text="chest x-ray" modality="FACTUAL" polarity="POS" type="TEST" />
<EVENT id="E19" start="1172" end="1194" text="packed red blood cells" modality="FACTUAL" polarity="POS" type="TREATMENT" />
<EVENT id="E20" start="563" end="584" text="labile blood pressure" modality="FACTUAL" polarity="POS" type="TEST" />
<EVENT id="E21" start="1896" end="1910" text="hyperlipidemia" modality="FACTUAL" polarity="POS" type="PROBLEM" />
<EVENT id="E22" start="317" end="326" text="dry cough" modality="FACTUAL" polarity="POS" type="PROBLEM" />
<EVENT id="E23" start="1917" end="1925" text="presents" modality="FACTUAL" polarity="POS" type="OCCURRENCE" />
<EVENT id="E24" start="342" end="348" text="coryza" modality="FACTUAL" polarity="NEG" type="PROBLEM" />
<EVENT id="E25" start="795" end="812" text="closer monitoring" modality="FACTUAL" polarity="POS" type="OCCURRENCE" />
<EVENT id="E26" start="156" end="209" text="lumpectomy / radiation therapy / Tamoxifen ( 2000 ) ," modality="FACTUAL" polarity="POS" type="TREATMENT" />
<EVENT id="E27" start="1343" end="1351" text="negative" modality="FACTUAL" polarity="POS" type="OCCURRENCE" />
<EVENT id="E28" start="908" end="934" text="broad spectrum antibiotics" modality="FACTUAL" polarity="POS" type="TREATMENT" />
<EVENT id="E29" start="1014" end="1021" text="changed" modality="FACTUAL" polarity="POS" type="OCCURRENCE" />
<EVENT id="E30" start="329" end="339" text="rhinorrhea" modality="FACTUAL" polarity="NEG" type="PROBLEM" />
<EVENT id="E31" start="432" end="440" text="diarrhea" modality="FACTUAL" polarity="POS" type="PROBLEM" />
<EVENT id="E32" start="1279" end="1287" text="bleeding" modality="FACTUAL" polarity="POS" type="PROBLEM" />
<EVENT id="E33" start="305" end="313" text="prodrome" modality="FACTUAL" polarity="POS" type="PROBLEM" />
<EVENT id="E34" start="826" end="838" text="early sepsis" modality="POSSIBLE" polarity="POS" type="PROBLEM" />
<EVENT id="E35" start="1065" end="1072" text="pending" modality="FACTUAL" polarity="POS" type="OCCURRENCE" />
<EVENT id="E36" start="1574" end="1581" text="pending" modality="FACTUAL" polarity="POS" type="OCCURRENCE" />
<EVENT id="E37" start="1642" end="1648" text="growth" modality="FACTUAL" polarity="NEG" type="PROBLEM" />
<EVENT id="E38" start="946" end="970" text="a white blood cell count" modality="FACTUAL" polarity="POS" type="TEST" />
<EVENT id="E39" start="1488" end="1494" text="Random" modality="FACTUAL" polarity="POS" type="TREATMENT" />
<EVENT id="E40" start="2116" end="2127" text="transferred" modality="FACTUAL" polarity="POS" type="OCCURRENCE" />
<EVENT id="E41" start="1479" end="1485" text="normal" modality="FACTUAL" polarity="POS" type="OCCURRENCE" />
<EVENT id="E42" start="1445" end="1469" text="her liver function tests" modality="FACTUAL" polarity="POS" type="TEST" />
<EVENT id="E43" start="590" end="613" text="systolic blood pressure" modality="FACTUAL" polarity="POS" type="TEST" />
<EVENT id="E44" start="1124" end="1131" text="notable" modality="FACTUAL" polarity="POS" type="EVIDENTIAL" />
<EVENT id="E45" start="2074" end="2105" text="remained hemodynamically stable" modality="FACTUAL" polarity="POS" type="OCCURRENCE" />
<EVENT id="E46" start="1438" end="1442" text="note" modality="FACTUAL" polarity="POS" type="EVIDENTIAL" />
<EVENT id="E47" start="225" end="239" text="hyperlipidemia" modality="FACTUAL" polarity="POS" type="PROBLEM" />
<EVENT id="E48" start="405" end="416" text="loose bowel" modality="FACTUAL" polarity="POS" type="PROBLEM" />
<EVENT id="E49" start="1290" end="1302" text="stable blood" modality="FACTUAL" polarity="POS" type="OCCURRENCE" />
<EVENT id="E50" start="1049" end="1064" text="early pneumonia" modality="FACTUAL" polarity="POS" type="PROBLEM" />
<EVENT id="E51" start="2131" end="2140" text="the floor" modality="FACTUAL" polarity="POS" type="CLINICAL_DEPT" />
<EVENT id="E52" start="1791" end="1806" text="HOSPITAL COURSE" modality="FACTUAL" polarity="POS" type="TREATMENT" />
<EVENT id="E53" start="1400" end="1415" text="sepsis protocol" modality="FACTUAL" polarity="POS" type="TREATMENT" />
<EVENT id="E54" start="987" end="992" text="bands" modality="FACTUAL" polarity="POS" type="TEST" />
<EVENT id="E55" start="744" end="755" text="transferred" modality="FACTUAL" polarity="POS" type="OCCURRENCE" />
<EVENT id="E56" start="242" end="275" text="multiple urinary tract infections" modality="FACTUAL" polarity="POS" type="PROBLEM" />
<EVENT id="E57" start="1711" end="1743" text="extremity noninvasive ultrasound" modality="FACTUAL" polarity="POS" type="TEST" />
<EVENT id="E58" start="845" end="864" text="Intensive Care Unit" modality="FACTUAL" polarity="POS" type="CLINICAL_DEPT" />
<EVENT id="E59" start="643" end="666" text="systolic blood pressure" modality="FACTUAL" polarity="POS" type="TEST" />
<EVENT id="E60" start="128" end="141" text="breast cancer" modality="FACTUAL" polarity="POS" type="PROBLEM" />
<EVENT id="E61" start="1957" end="1968" text="hypotension" modality="FACTUAL" polarity="POS" type="PROBLEM" />
<EVENT id="E62" start="1073" end="1081" text="cultures" modality="FACTUAL" polarity="POS" type="TEST" />
<EVENT id="E63" start="1540" end="1550" text="influenzae" modality="FACTUAL" polarity="POS" type="PROBLEM" />
<EVENT id="E64" start="1931" end="1954" text="a leukocytosis/bandemia" modality="FACTUAL" polarity="POS" type="PROBLEM" />
<EVENT id="E65" start="1753" end="1761" text="negative" modality="FACTUAL" polarity="POS" type="OCCURRENCE" />
<EVENT id="E66" start="1597" end="1606" text="discharge" modality="FACTUAL" polarity="POS" type="OCCURRENCE" />
<EVENT id="E67" start="484" end="488" text="sick" modality="FACTUAL" polarity="POS" type="PROBLEM" />
<EVENT id="E68" start="1881" end="1893" text="hypertension" modality="FACTUAL" polarity="POS" type="PROBLEM" />
<EVENT id="E69" start="759" end="790" text="the Medical Intensive Care Unit" modality="FACTUAL" polarity="POS" type="CLINICAL_DEPT" />
<EVENT id="E70" start="448" end="453" text="blood" modality="FACTUAL" polarity="NEG" type="PROBLEM" />
<EVENT id="E71" start="1619" end="1633" text="urine cultures" modality="FACTUAL" polarity="POS" type="TEST" />
<EVENT id="E72" start="1225" end="1241" text="appropriate bump" modality="FACTUAL" polarity="POS" type="PROBLEM" />
<EVENT id="E73" start="713" end="731" text="intravenous fluids" modality="FACTUAL" polarity="POS" type="TREATMENT" />
<EVENT id="E74" start="361" end="367" text="chills" modality="FACTUAL" polarity="NEG" type="PROBLEM" />
<EVENT id="E75" start="1987" end="1998" text="dehydration" modality="FACTUAL" polarity="POS" type="PROBLEM" />
<EVENT id="E76" start="1495" end="1503" text="cortisol" modality="FACTUAL" polarity="POS" type="TEST" />
<EVENT id="E77" start="1664" end="1673" text="discharge" modality="FACTUAL" polarity="POS" type="OCCURRENCE" />
<EVENT id="E78" start="1136" end="1144" text="negative" modality="FACTUAL" polarity="POS" type="OCCURRENCE" />
<EVENT id="E79" start="1" end="10" text="Admission" modality="FACTUAL" polarity="POS" type="OCCURRENCE" />
<EVENT id="E80" start="2003" end="2012" text="influenza" modality="FACTUAL" polarity="POS" type="PROBLEM" />
<EVENT id="E81" start="1609" end="1614" text="Blood" modality="FACTUAL" polarity="POS" type="TREATMENT" />
<EVENT id="E82" start="1267" end="1275" text="evidence" modality="FACTUAL" polarity="POS" type="EVIDENTIAL" />
<EVENT id="E83" start="370" end="378" text="headache" modality="FACTUAL" polarity="NEG" type="PROBLEM" />
<EVENT id="E84" start="2021" end="2056" text="a short Medical Intensive Care Unit" modality="FACTUAL" polarity="POS" type="CLINICAL_DEPT" />
<EVENT id="E85" start="210" end="222" text="hypertension" modality="FACTUAL" polarity="POS" type="PROBLEM" />
<EVENT id="E86" start="1527" end="1535" text="positive" modality="FACTUAL" polarity="POS" type="PROBLEM" />
<TIMEX3 id="T0" start="296" end="304" text="four day" type="DURATION" val="P4D" mod="NA" />
<TIMEX3 id="T1" start="1585" end="1606" text="the time of discharge" type="DATE" val="2016-12-23" mod="NA" />
<TIMEX3 id="T2" start="1652" end="1673" text="the time of discharge" type="DATE" val="2016-12-23" mod="NA" />
<TIMEX3 id="T3" start="201" end="205" text="2000" type="DATE" val="2000" mod="NA" />
<TIMEX3 id="T4" start="46" end="56" text="2016-12-27" type="DATE" val="2016-12-27" mod="NA" />
<TIMEX3 id="T5" start="18" end="28" text="2016-12-24" type="DATE" val="2016-12-24" mod="NA" />
</TAGS>
</ClinicalNarrativeTemporalAnnotation>
