<?xml version="1.0" encoding="UTF-8" ?>
<ClinicalNarrativeTemporalAnnotation>
<TEXT><![CDATA[
Admission Date :
2014-04-14
Discharge Date :
2014-04-19
Service :
CMED
HISTORY OF PRESENT ILLNESS :
Baby boy Liles is the 2.985 kg product of a 34 week gestation born to a 30-year-old G3 , P0 , now 1 mother .
Prenatal screens - A positive , antibody negative , hepatitis surface antigen negative , RPR nonreactive , rubella immune , GBS unknown .
PAST OBSTETRICAL HISTORY :
Remarkable for an intrauterine fetal demise at 30 weeks gestation . 
This pregnancy complicated by hydramnios also .
The baby 's autopsy was reported to be normal .
Dates are by first trimester ultrasound .
Pregnancy was complicated by severe polyhydramnios with an AFI of 45 just prior to delivery .
Mother has had multiple ultrasounds and fetal surveys at 17 and 21 weeks that had been unremarkable .
Mother was transferred to the Debbie-Monaco from Western Mass. Hospital Hospital in the middle of January with increasing polyhydramnios and preterm labor .
She received a full course of betamethasone on 03-28 and was treated with magnesium sulfate until 04-12 .
She was given 1 dose of nifedipine 2 days ago as a tocolytic without effect .
Delivery by cesarean section was prompted by ongoing labor .
Preterm labor with new onset of late decelerations and breech presentation .
Nuchal cord was noted at delivery .
The infant cried after bulb suctioning and stimulation .
Apgars were 8 and 8 .
SUMMARY OF HOSPITAL COURSE BY SYSTEMS :
RESPIRATORY :
Jacqueline has been admitted to the newborn intensive care unit and has been stable in room air since admission .
CARDIOVASCULAR :
Infant has an audible murmur .
Cardiology consult of the infant on 04-18 .
Echocardiogram results were within normal limits revealing a PPS murmur .
FLUIDS , ELECTROLYTES AND NUTRITION :
Birth weight was 2.985 kg .
Discharge weight ..
The infant was initially started on 60 cc per kg per day of D10W .
Enteral feedings were initiated on day of life No.1 .
The infant is currently on a 120 cc per kg per day of premature Enfamil 20 calorie or breast milk , tolerating feeds well .
Electrolytes on day of life 1 showed a sodium of 142 , potassium of 5.1 , chloride of 108 , and total CO2 of 23 .
GASTROINTESTINAL :
Bilirubin on 04-17 was 8.2/0.3 .
Surgery was consulted to rule out a TE fistula as the infant had an incidental pass of a gavage tube into his right bronchus .
TEF was primarily ruled out as Baker was passed easily to stomach and x-ray revealed good position .
HEMATOLOGY :
Hematocrit on admission was 38.2 .
The infant has not required any blood transfusions .
INFECTIOUS DISEASE :
CBC and blood cultures were obtained on admission .
CBC was benign and blood cultures remained negative at 48 hours at which time ampicillin and gentamicin were discontinued .
Initial CBC had a white count of 16 , platelet count of 204 , 53 polys and 0 bands .
NEUROLOGY :
Appropriate for gestational age .
MUSCULOSKELETAL :
Of note incidental finding on x-ray , the infant has a hemivertebra at T11 .
AUDIOLOGY :
Hearing screen has not been done but should be done prior to discharge .
]]></TEXT>
<TAGS>
<EVENT id="E0" start="1350" end="1356" text="Apgars" modality="FACTUAL" polarity="POS" type="TEST" />
<EVENT id="E1" start="1273" end="1278" text="noted" modality="FACTUAL" polarity="POS" type="EVIDENTIAL" />
<EVENT id="E2" start="1744" end="1756" text="Birth weight" modality="FACTUAL" polarity="POS" type="TEST" />
<EVENT id="E3" start="444" end="458" text="This pregnancy" modality="FACTUAL" polarity="POS" type="OCCURRENCE" />
<EVENT id="E4" start="317" end="324" text="rubella" modality="FACTUAL" polarity="POS" type="PROBLEM" />
<EVENT id="E5" start="2683" end="2693" text="ampicillin" modality="FACTUAL" polarity="POS" type="TREATMENT" />
<EVENT id="E6" start="2170" end="2179" text="Bilirubin" modality="FACTUAL" polarity="POS" type="TEST" />
<EVENT id="E7" start="2714" end="2726" text="discontinued" modality="FACTUAL" polarity="POS" type="OCCURRENCE" />
<EVENT id="E8" start="2826" end="2857" text="Appropriate for gestational age" modality="FACTUAL" polarity="POS" type="OCCURRENCE" />
<EVENT id="E9" start="2507" end="2529" text="any blood transfusions" modality="FACTUAL" polarity="NEG" type="TREATMENT" />
<EVENT id="E10" start="334" end="337" text="GBS" modality="FACTUAL" polarity="POS" type="TEST" />
<EVENT id="E11" start="1065" end="1075" text="nifedipine" modality="FACTUAL" polarity="POS" type="TREATMENT" />
<EVENT id="E12" start="2806" end="2811" text="bands" modality="FACTUAL" polarity="POS" type="TEST" />
<EVENT id="E13" start="1999" end="2010" text="breast milk" modality="FACTUAL" polarity="POS" type="TREATMENT" />
<EVENT id="E14" start="900" end="914" text="polyhydramnios" modality="FACTUAL" polarity="POS" type="PROBLEM" />
<EVENT id="E15" start="1667" end="1680" text="normal limits" modality="FACTUAL" polarity="POS" type="OCCURRENCE" />
<EVENT id="E16" start="553" end="579" text="first trimester ultrasound" modality="FACTUAL" polarity="POS" type="TEST" />
<EVENT id="E17" start="2745" end="2758" text="a white count" modality="FACTUAL" polarity="POS" type="TEST" />
<EVENT id="E18" start="2613" end="2619" text="benign" modality="FACTUAL" polarity="POS" type="OCCURRENCE" />
<EVENT id="E19" start="1180" end="1193" text="Preterm labor" modality="FACTUAL" polarity="POS" type="PROBLEM" />
<EVENT id="E20" start="2561" end="2575" text="blood cultures" modality="FACTUAL" polarity="POS" type="TEST" />
<EVENT id="E21" start="1715" end="1727" text="ELECTROLYTES" modality="FACTUAL" polarity="POS" type="TEST" />
<EVENT id="E22" start="231" end="239" text="positive" modality="FACTUAL" polarity="POS" type="OCCURRENCE" />
<EVENT id="E23" start="1772" end="1788" text="Discharge weight" modality="FACTUAL" polarity="POS" type="TEST" />
<EVENT id="E24" start="2881" end="2885" text="note" modality="FACTUAL" polarity="POS" type="EVIDENTIAL" />
<EVENT id="E25" start="889" end="899" text="increasing" modality="FACTUAL" polarity="POS" type="OCCURRENCE" />
<EVENT id="E26" start="2931" end="2945" text="a hemivertebra" modality="FACTUAL" polarity="POS" type="PROBLEM" />
<EVENT id="E27" start="2967" end="2981" text="Hearing screen" modality="FACTUAL" polarity="POS" type="TEST" />
<EVENT id="E28" start="2111" end="2119" text="chloride" modality="FACTUAL" polarity="POS" type="TEST" />
<EVENT id="E29" start="1164" end="1177" text="ongoing labor" modality="FACTUAL" polarity="POS" type="PROBLEM" />
<EVENT id="E30" start="2415" end="2428" text="good position" modality="FACTUAL" polarity="POS" type="OCCURRENCE" />
<EVENT id="E31" start="153" end="167" text="gestation born" modality="FACTUAL" polarity="POS" type="OCCURRENCE" />
<EVENT id="E32" start="1528" end="1537" text="admission" modality="FACTUAL" polarity="POS" type="OCCURRENCE" />
<EVENT id="E33" start="2203" end="2210" text="Surgery" modality="FACTUAL" polarity="POS" type="TREATMENT" />
<EVENT id="E34" start="2133" end="2142" text="total CO2" modality="FACTUAL" polarity="POS" type="TEST" />
<EVENT id="E35" start="2444" end="2454" text="Hematocrit" modality="FACTUAL" polarity="POS" type="TEST" />
<EVENT id="E36" start="1009" end="1026" text="magnesium sulfate" modality="FACTUAL" polarity="POS" type="TREATMENT" />
<EVENT id="E37" start="2605" end="2608" text="CBC" modality="FACTUAL" polarity="POS" type="TEST" />
<EVENT id="E38" start="2908" end="2913" text="x-ray" modality="FACTUAL" polarity="POS" type="TEST" />
<EVENT id="E39" start="2794" end="2799" text="polys" modality="FACTUAL" polarity="POS" type="PROBLEM" />
<EVENT id="E40" start="2860" end="2875" text="MUSCULOSKELETAL" modality="FACTUAL" polarity="POS" type="OCCURRENCE" />
<EVENT id="E41" start="582" end="591" text="Pregnancy" modality="FACTUAL" polarity="POS" type="PROBLEM" />
<EVENT id="E42" start="1706" end="1712" text="FLUIDS" modality="FACTUAL" polarity="POS" type="TREATMENT" />
<EVENT id="E43" start="1691" end="1703" text="a PPS murmur" modality="FACTUAL" polarity="POS" type="PROBLEM" />
<EVENT id="E44" start="516" end="524" text="reported" modality="FACTUAL" polarity="POS" type="EVIDENTIAL" />
<EVENT id="E45" start="2767" end="2781" text="platelet count" modality="FACTUAL" polarity="POS" type="TEST" />
<EVENT id="E46" start="2624" end="2638" text="blood cultures" modality="FACTUAL" polarity="POS" type="TEST" />
<EVENT id="E47" start="1316" end="1331" text="bulb suctioning" modality="FACTUAL" polarity="POS" type="TREATMENT" />
<EVENT id="E48" start="251" end="259" text="negative" modality="FACTUAL" polarity="POS" type="OCCURRENCE" />
<EVENT id="E49" start="1119" end="1147" text="Delivery by cesarean section" modality="FACTUAL" polarity="POS" type="TREATMENT" />
<EVENT id="E50" start="763" end="775" text="unremarkable" modality="FACTUAL" polarity="POS" type="PROBLEM" />
<EVENT id="E51" start="2886" end="2904" text="incidental finding" modality="FACTUAL" polarity="POS" type="PROBLEM" />
<EVENT id="E52" start="531" end="537" text="normal" modality="FACTUAL" polarity="POS" type="OCCURRENCE" />
<EVENT id="E53" start="1057" end="1061" text="dose" modality="FACTUAL" polarity="POS" type="TREATMENT" />
<EVENT id="E54" start="431" end="440" text="gestation" modality="FACTUAL" polarity="POS" type="OCCURRENCE" />
<EVENT id="E55" start="1568" end="1585" text="an audible murmur" modality="FACTUAL" polarity="POS" type="PROBLEM" />
<EVENT id="E56" start="1632" end="1654" text="Echocardiogram results" modality="FACTUAL" polarity="POS" type="TEST" />
<EVENT id="E57" start="3028" end="3037" text="discharge" modality="FACTUAL" polarity="POS" type="OCCURRENCE" />
<EVENT id="E58" start="299" end="302" text="RPR" modality="FACTUAL" polarity="POS" type="TEST" />
<EVENT id="E59" start="1446" end="1454" text="admitted" modality="FACTUAL" polarity="POS" type="OCCURRENCE" />
<EVENT id="E60" start="1282" end="1290" text="delivery" modality="FACTUAL" polarity="POS" type="TREATMENT" />
<EVENT id="E61" start="965" end="978" text="betamethasone" modality="FACTUAL" polarity="POS" type="TREATMENT" />
<EVENT id="E62" start="2074" end="2082" text="a sodium" modality="FACTUAL" polarity="POS" type="TEST" />
<EVENT id="E63" start="827" end="840" text="Western Mass." modality="FACTUAL" polarity="POS" type="PROBLEM" />
<EVENT id="E64" start="2348" end="2357" text="ruled out" modality="FACTUAL" polarity="POS" type="OCCURRENCE" />
<EVENT id="E65" start="2215" end="2224" text="consulted" modality="FACTUAL" polarity="POS" type="OCCURRENCE" />
<EVENT id="E66" start="1681" end="1690" text="revealing" modality="FACTUAL" polarity="POS" type="EVIDENTIAL" />
<EVENT id="E67" start="1859" end="1875" text="Enteral feedings" modality="FACTUAL" polarity="POS" type="TREATMENT" />
<EVENT id="E68" start="2729" end="2740" text="Initial CBC" modality="FACTUAL" polarity="POS" type="TEST" />
<EVENT id="E69" start="1977" end="1987" text="Enfamil 20" modality="FACTUAL" polarity="POS" type="TREATMENT" />
<EVENT id="E70" start="2024" end="2029" text="feeds" modality="FACTUAL" polarity="POS" type="TREATMENT" />
<EVENT id="E71" start="2406" end="2414" text="revealed" modality="FACTUAL" polarity="POS" type="EVIDENTIAL" />
<EVENT id="E72" start="1967" end="1976" text="premature" modality="FACTUAL" polarity="POS" type="PROBLEM" />
<EVENT id="E73" start="262" end="287" text="hepatitis surface antigen" modality="FACTUAL" polarity="POS" type="TEST" />
<EVENT id="E74" start="1588" end="1606" text="Cardiology consult" modality="FACTUAL" polarity="POS" type="TEST" />
<EVENT id="E75" start="665" end="673" text="delivery" modality="FACTUAL" polarity="POS" type="TREATMENT" />
<EVENT id="E76" start="611" end="632" text="severe polyhydramnios" modality="FACTUAL" polarity="POS" type="PROBLEM" />
<EVENT id="E77" start="919" end="932" text="preterm labor" modality="FACTUAL" polarity="POS" type="PROBLEM" />
<EVENT id="E78" start="2593" end="2602" text="admission" modality="FACTUAL" polarity="POS" type="OCCURRENCE" />
<EVENT id="E79" start="1732" end="1741" text="NUTRITION" modality="FACTUAL" polarity="POS" type="TREATMENT" />
<EVENT id="E80" start="1852" end="1856" text="D10W" modality="FACTUAL" polarity="POS" type="TREATMENT" />
<EVENT id="E81" start="1513" end="1521" text="room air" modality="FACTUAL" polarity="POS" type="TREATMENT" />
<EVENT id="E82" start="2092" end="2101" text="potassium" modality="FACTUAL" polarity="POS" type="TEST" />
<EVENT id="E83" start="596" end="607" text="complicated" modality="FACTUAL" polarity="POS" type="PROBLEM" />
<EVENT id="E84" start="1" end="10" text="Admission" modality="FACTUAL" polarity="POS" type="OCCURRENCE" />
<EVENT id="E85" start="789" end="800" text="transferred" modality="FACTUAL" polarity="POS" type="OCCURRENCE" />
<EVENT id="E86" start="2030" end="2034" text="well" modality="FACTUAL" polarity="POS" type="OCCURRENCE" />
<EVENT id="E87" start="2037" end="2049" text="Electrolytes" modality="FACTUAL" polarity="POS" type="TREATMENT" />
<EVENT id="E88" start="2067" end="2073" text="showed" modality="FACTUAL" polarity="POS" type="EVIDENTIAL" />
<EVENT id="E89" start="2013" end="2023" text="tolerating" modality="FACTUAL" polarity="POS" type="OCCURRENCE" />
<EVENT id="E90" start="2553" end="2556" text="CBC" modality="FACTUAL" polarity="POS" type="TEST" />
<EVENT id="E91" start="29" end="38" text="Discharge" modality="FACTUAL" polarity="POS" type="OCCURRENCE" />
<EVENT id="E92" start="2290" end="2298" text="a gavage" modality="FACTUAL" polarity="POS" type="TREATMENT" />
<EVENT id="E93" start="2458" end="2467" text="admission" modality="FACTUAL" polarity="POS" type="OCCURRENCE" />
<EVENT id="E94" start="504" end="511" text="autopsy" modality="FACTUAL" polarity="POS" type="TEST" />
<EVENT id="E95" start="2371" end="2377" text="passed" modality="FACTUAL" polarity="POS" type="OCCURRENCE" />
<EVENT id="E96" start="1336" end="1347" text="stimulation" modality="FACTUAL" polarity="POS" type="TREATMENT" />
<EVENT id="E97" start="2237" end="2249" text="a TE fistula" modality="FACTUAL" polarity="POS" type="PROBLEM" />
<EVENT id="E98" start="1503" end="1509" text="stable" modality="FACTUAL" polarity="POS" type="OCCURRENCE" />
<EVENT id="E99" start="2648" end="2656" text="negative" modality="FACTUAL" polarity="POS" type="OCCURRENCE" />
<EVENT id="E100" start="303" end="314" text="nonreactive" modality="FACTUAL" polarity="POS" type="OCCURRENCE" />
<EVENT id="E101" start="2698" end="2708" text="gentamicin" modality="FACTUAL" polarity="POS" type="TREATMENT" />
<EVENT id="E102" start="1458" end="1489" text="the newborn intensive care unit" modality="FACTUAL" polarity="POS" type="CLINICAL_DEPT" />
<EVENT id="E103" start="288" end="296" text="negative" modality="FACTUAL" polarity="POS" type="OCCURRENCE" />
<EVENT id="E104" start="1235" end="1254" text="breech presentation" modality="FACTUAL" polarity="POS" type="PROBLEM" />
<EVENT id="E105" start="841" end="858" text="Hospital Hospital" modality="FACTUAL" polarity="POS" type="CLINICAL_DEPT" />
<EVENT id="E106" start="210" end="226" text="Prenatal screens" modality="FACTUAL" polarity="POS" type="TEST" />
<EVENT id="E107" start="2400" end="2405" text="x-ray" modality="FACTUAL" polarity="POS" type="TEST" />
<EVENT id="E108" start="242" end="250" text="antibody" modality="FACTUAL" polarity="POS" type="TEST" />
<TIMEX3 id="T0" start="2183" end="2188" text="04-17" type="DATE" val="2014-04-17" mod="NA" />
<TIMEX3 id="T1" start="145" end="152" text="34 week" type="DURATION" val="P34W" mod="NA" />
<TIMEX3 id="T2" start="2660" end="2668" text="48 hours" type="DURATION" val="P2D" mod="NA" />
<TIMEX3 id="T3" start="1033" end="1038" text="04-12" type="DATE" val="2014-04-12" mod="NA" />
<TIMEX3 id="T4" start="862" end="883" text="the middle of January" type="DATE" val="2014-01" mod="MID" />
<TIMEX3 id="T5" start="2672" end="2682" text="which time" type="TIME" val="2014-04-17" mod="APPROX" />
<TIMEX3 id="T6" start="2053" end="2066" text="day of life 1" type="DATE" val="2014-04-15" mod="NA" />
<TIMEX3 id="T7" start="46" end="56" text="2014-04-19" type="DATE" val="2014-04-19" mod="NA" />
<TIMEX3 id="T8" start="18" end="28" text="2014-04-14" type="DATE" val="2014-04-14" mod="NA" />
<TIMEX3 id="T9" start="982" end="987" text="03-28" type="DATE" val="2014-03-28" mod="NA" />
<TIMEX3 id="T10" start="422" end="430" text="30 weeks" type="DURATION" val="P30W" mod="NA" />
<TIMEX3 id="T11" start="740" end="748" text="21 weeks" type="DURATION" val="P21W" mod="NA" />
<TIMEX3 id="T12" start="1624" end="1629" text="04-18" type="DATE" val="2014-04-18" mod="NA" />
<TIMEX3 id="T13" start="1076" end="1086" text="2 days ago" type="DATE" val="2014-04-12" mod="NA" />
</TAGS>
</ClinicalNarrativeTemporalAnnotation>
