<?xml version="1.0" encoding="UTF-8" ?>
<ClinicalNarrativeTemporalAnnotation>
<TEXT><![CDATA[
ADMISSION DATE :
10/17/95
DISCHARGE DATE :
10/20/95
HISTORY OF PRESENT ILLNESS :
This is a 73-year-old man with squamous cell carcinoma of the lung , status post lobectomy and resection of left cervical recurrence , admitted here with fever and neutropenia .
Recently he had been receiving a combination of outpatient chemotherapy with the CAMP Program .
Other medical problems include hypothyroidism , hypercholesterolemia , hypertension and neuropathy from Taxol .
HOSPITAL COURSE :
He was started on Neupogen , 400 mcg. subq. q.d.
He was initially treated with antibiotic therapy .
Chest x-ray showed questionable nodule in the right lower lobe , reasonably stable .
Calcium 8.7 , bilirubin 0.3/1.3 , creatinine 1.1 , glucose 128 .
Hematocrit 24.6 .
WBC rose to 1.7 on 10/19 .
The patient had some diarrhea .
There was no diarrhea on 10/20 .
He was feeling well and afebrile .
The neutropenia resolved and he was felt to be in satisfactory condition on discharge on 10/20/95 .
He was discharged home on Neupogen .
]]></TEXT>
<TAGS>
<EVENT id="E0" start="1" end="10" text="ADMISSION" modality="FACTUAL" polarity="POS" type="OCCURRENCE" />
<EVENT id="E1" start="826" end="834" text="diarrhea" modality="FACTUAL" polarity="NEG" type="PROBLEM" />
<EVENT id="E2" start="705" end="715" text="creatinine" modality="FACTUAL" polarity="POS" type="TEST" />
<EVENT id="E3" start="337" end="345" text="the CAMP" modality="FACTUAL" polarity="POS" type="TREATMENT" />
<EVENT id="E4" start="565" end="583" text="antibiotic therapy" modality="FACTUAL" polarity="POS" type="TREATMENT" />
<EVENT id="E5" start="236" end="241" text="fever" modality="FACTUAL" polarity="POS" type="PROBLEM" />
<EVENT id="E6" start="387" end="401" text="hypothyroidism" modality="FACTUAL" polarity="POS" type="PROBLEM" />
<EVENT id="E7" start="758" end="762" text="rose" modality="FACTUAL" polarity="POS" type="OCCURRENCE" />
<EVENT id="E8" start="113" end="136" text="squamous cell carcinoma" modality="FACTUAL" polarity="POS" type="PROBLEM" />
<EVENT id="E9" start="468" end="483" text="HOSPITAL COURSE" modality="FACTUAL" polarity="POS" type="TREATMENT" />
<EVENT id="E10" start="444" end="454" text="neuropathy" modality="FACTUAL" polarity="POS" type="PROBLEM" />
<EVENT id="E11" start="598" end="604" text="showed" modality="FACTUAL" polarity="POS" type="EVIDENTIAL" />
<EVENT id="E12" start="460" end="465" text="Taxol" modality="FACTUAL" polarity="POS" type="TREATMENT" />
<EVENT id="E13" start="362" end="378" text="medical problems" modality="FACTUAL" polarity="POS" type="PROBLEM" />
<EVENT id="E14" start="618" end="624" text="nodule" modality="POSSIBLE" polarity="POS" type="PROBLEM" />
<EVENT id="E15" start="870" end="878" text="afebrile" modality="FACTUAL" polarity="POS" type="PROBLEM" />
<EVENT id="E16" start="722" end="729" text="glucose" modality="FACTUAL" polarity="POS" type="TEST" />
<EVENT id="E17" start="957" end="966" text="discharge" modality="FACTUAL" polarity="POS" type="OCCURRENCE" />
<EVENT id="E18" start="226" end="230" text="here" modality="FACTUAL" polarity="POS" type="CLINICAL_DEPT" />
<EVENT id="E19" start="861" end="865" text="well" modality="FACTUAL" polarity="POS" type="OCCURRENCE" />
<EVENT id="E20" start="671" end="678" text="Calcium" modality="FACTUAL" polarity="POS" type="TEST" />
<EVENT id="E21" start="1007" end="1015" text="Neupogen" modality="FACTUAL" polarity="POS" type="TREATMENT" />
<EVENT id="E22" start="797" end="810" text="some diarrhea" modality="FACTUAL" polarity="POS" type="PROBLEM" />
<EVENT id="E23" start="685" end="694" text="bilirubin" modality="FACTUAL" polarity="POS" type="TEST" />
<EVENT id="E24" start="736" end="746" text="Hematocrit" modality="FACTUAL" polarity="POS" type="TEST" />
<EVENT id="E25" start="27" end="36" text="DISCHARGE" modality="FACTUAL" polarity="POS" type="OCCURRENCE" />
<EVENT id="E26" start="586" end="597" text="Chest x-ray" modality="FACTUAL" polarity="POS" type="TEST" />
<EVENT id="E27" start="917" end="921" text="felt" modality="FACTUAL" polarity="POS" type="EVIDENTIAL" />
<EVENT id="E28" start="246" end="257" text="neutropenia" modality="FACTUAL" polarity="POS" type="PROBLEM" />
<EVENT id="E29" start="217" end="225" text="admitted" modality="FACTUAL" polarity="POS" type="OCCURRENCE" />
<EVENT id="E30" start="988" end="1003" text="discharged home" modality="FACTUAL" polarity="POS" type="OCCURRENCE" />
<EVENT id="E31" start="427" end="439" text="hypertension" modality="FACTUAL" polarity="POS" type="PROBLEM" />
<EVENT id="E32" start="662" end="668" text="stable" modality="FACTUAL" polarity="POS" type="OCCURRENCE" />
<EVENT id="E33" start="754" end="757" text="WBC" modality="FACTUAL" polarity="POS" type="PROBLEM" />
<EVENT id="E34" start="404" end="424" text="hypercholesterolemia" modality="FACTUAL" polarity="POS" type="PROBLEM" />
<EVENT id="E35" start="177" end="186" text="resection" modality="FACTUAL" polarity="POS" type="TREATMENT" />
<EVENT id="E36" start="897" end="905" text="resolved" modality="FACTUAL" polarity="POS" type="OCCURRENCE" />
<EVENT id="E37" start="504" end="512" text="Neupogen" modality="FACTUAL" polarity="POS" type="TREATMENT" />
<EVENT id="E38" start="308" end="331" text="outpatient chemotherapy" modality="FACTUAL" polarity="POS" type="TREATMENT" />
<EVENT id="E39" start="885" end="896" text="neutropenia" modality="FACTUAL" polarity="POS" type="PROBLEM" />
<EVENT id="E40" start="931" end="953" text="satisfactory condition" modality="FACTUAL" polarity="POS" type="OCCURRENCE" />
<EVENT id="E41" start="190" end="214" text="left cervical recurrence" modality="FACTUAL" polarity="POS" type="PROBLEM" />
<EVENT id="E42" start="163" end="172" text="lobectomy" modality="FACTUAL" polarity="POS" type="TREATMENT" />
<TIMEX3 id="T0" start="44" end="52" text="10/20/95" type="DATE" val="1995-10-20" mod="NA" />
<TIMEX3 id="T1" start="530" end="534" text="q.d." type="FREQUENCY" val="RP1D" mod="NA" />
<TIMEX3 id="T2" start="18" end="26" text="10/17/95" type="DATE" val="1995-10-17" mod="NA" />
<TIMEX3 id="T3" start="970" end="978" text="10/20/95" type="DATE" val="1895-10-20" mod="NA"  />
</TAGS>
</ClinicalNarrativeTemporalAnnotation>
