<?xml version="1.0" encoding="UTF-8" ?>
<ClinicalNarrativeTemporalAnnotation>
<TEXT><![CDATA[
Admission Date :
2018-08-04
Discharge Date :
2018-08-16
Service :
SURGERY
History of Present Illness :
This is a 32 year old male who was recently discharged from Mediplex Rehab Hospital and presents again to us with chief complaint of abdominal pain ( sudden onset left-sided abdominal pain ).
Of note , he had a recent kidney biopsy on 2018-07-30 and his Cr bumped from 4.7 to 5.7 .
Also , HCT on admission 21 from 25 .
Brief Hospital Course :
This patient was admitted on 08-04 after a recent discharge from the hospital for sudden onset of left sided abdominal pain .
In the emergency room , his ultrasound showed mild hydronephrosis with new perinephric fluid surrounding the transplant kidney and hence , underwent a CT scan of his abdomen / pelvis which showed a large left-sided of retroperitoneal hemorrhage extending down to the level of the renal transplant possibly related to recent transplant biopsy .
Renal transplant medicine and transplant surgery were made aware and the pt was admitted to transplant
CMED and to the ICU .
Serial hematocrits and abdominal exams were performed .
He was not taken to the OR .
On 08-06 , he received 2 units of pRBC and underwent plasmaphersis , followed by 10mg of IVIG .
He received another unit pRBC on 08-07 .
By 08-07 , it was thought there was improvement of his labs .
In the am of 8-08 , he was given 1 unit pRBC for a Hct of 21.8 .
His Hct was stable on 08-09 at 24.4 ; he had plasmapheresis on 08-09 ( followed by 10 mg IVIG ).
He was transfered to the floor on 08-09 .
On 08-10 , his am Hct was 21.9 , hence , he received 1 unit pRBC .
On 08-10 class I and II antibody levels were sent .
He had plasmapheresis on 08-11 , followed by 10 mg IVIG .
This was repeated on 08-13 .
Hct remained stable .
On 08-15 , he went for pheresis / IVIG .
No new issues .
LLQ pain has improved over the course of this hospitalization .
He is eating and ambulating w/o difficulties .
Pheresis to continue as an outpatient with supervision of transplant nephrology on 08-17 , 08-20 and 08-22 .
Prograf was increased to 12 mg bid on 08-16 for a trough level of 7.1 .
He was instructed to have labs drawn on 08-17 to check trough level of prograf as well as cbc , chem 10 , coags .
]]></TEXT>
<TAGS>
<EVENT id="E0" start="237" end="295" text="abdominal pain ( sudden onset left-sided abdominal pain )." modality="FACTUAL" polarity="POS" type="PROBLEM" />
<EVENT id="E1" start="1621" end="1636" text="antibody levels" modality="FACTUAL" polarity="POS" type="TEST" />
<EVENT id="E2" start="29" end="38" text="Discharge" modality="FACTUAL" polarity="POS" type="OCCURRENCE" />
<EVENT id="E3" start="644" end="665" text="new perinephric fluid" modality="FACTUAL" polarity="POS" type="PROBLEM" />
<EVENT id="E4" start="512" end="524" text="the hospital" modality="FACTUAL" polarity="POS" type="CLINICAL_DEPT" />
<EVENT id="E5" start="1896" end="1906" text="ambulating" modality="FACTUAL" polarity="POS" type="OCCURRENCE" />
<EVENT id="E6" start="1740" end="1755" text="remained stable" modality="FACTUAL" polarity="POS" type="OCCURRENCE" />
<EVENT id="E7" start="1856" end="1876" text="this hospitalization" modality="FACTUAL" polarity="POS" type="OCCURRENCE" />
<EVENT id="E8" start="1781" end="1789" text="pheresis" modality="FACTUAL" polarity="NEG" type="TREATMENT" />
<EVENT id="E9" start="619" end="638" text="mild hydronephrosis" modality="FACTUAL" polarity="POS" type="PROBLEM" />
<EVENT id="E10" start="1009" end="1019" text="transplant" modality="FACTUAL" polarity="POS" type="TREATMENT" />
<EVENT id="E11" start="1032" end="1039" text="the ICU" modality="FACTUAL" polarity="POS" type="CLINICAL_DEPT" />
<EVENT id="E12" start="86" end="101" text="Present Illness" modality="FACTUAL" polarity="POS" type="PROBLEM" />
<EVENT id="E13" start="354" end="367" text="his Cr bumped" modality="FACTUAL" polarity="POS" type="PROBLEM" />
<EVENT id="E14" start="1300" end="1311" text="improvement" modality="FACTUAL" polarity="POS" type="OCCURRENCE" />
<EVENT id="E15" start="1248" end="1252" text="pRBC" modality="FACTUAL" polarity="POS" type="TREATMENT" />
<EVENT id="E16" start="1436" end="1450" text="plasmapheresis" modality="FACTUAL" polarity="POS" type="TREATMENT" />
<EVENT id="E17" start="678" end="699" text="the transplant kidney" modality="FACTUAL" polarity="POS" type="TREATMENT" />
<EVENT id="E18" start="1585" end="1589" text="unit" modality="FACTUAL" polarity="POS" type="CLINICAL_DEPT" />
<EVENT id="E19" start="207" end="212" text="to us" modality="FACTUAL" polarity="POS" type="TEST" />
<EVENT id="E20" start="429" end="444" text="Hospital Course" modality="FACTUAL" polarity="POS" type="TREATMENT" />
<EVENT id="E21" start="612" end="618" text="showed" modality="FACTUAL" polarity="POS" type="EVIDENTIAL" />
<EVENT id="E22" start="1984" end="1994" text="transplant" modality="FACTUAL" polarity="POS" type="TREATMENT" />
<EVENT id="E23" start="545" end="570" text="left sided abdominal pain" modality="FACTUAL" polarity="POS" type="PROBLEM" />
<EVENT id="E24" start="1235" end="1247" text="another unit" modality="FACTUAL" polarity="POS" type="CLINICAL_DEPT" />
<EVENT id="E25" start="1042" end="1060" text="Serial hematocrits" modality="FACTUAL" polarity="POS" type="TEST" />
<EVENT id="E26" start="313" end="335" text="a recent kidney biopsy" modality="FACTUAL" polarity="POS" type="TEST" />
<EVENT id="E27" start="934" end="942" text="medicine" modality="FACTUAL" polarity="POS" type="CLINICAL_DEPT" />
<EVENT id="E28" start="1885" end="1891" text="eating" modality="FACTUAL" polarity="POS" type="OCCURRENCE" />
<EVENT id="E29" start="1315" end="1323" text="his labs" modality="FACTUAL" polarity="POS" type="TEST" />
<EVENT id="E30" start="1403" end="1409" text="stable" modality="FACTUAL" polarity="POS" type="OCCURRENCE" />
<EVENT id="E31" start="1118" end="1124" text="the OR" modality="FACTUAL" polarity="POS" type="CLINICAL_DEPT" />
<EVENT id="E32" start="1969" end="1980" text="supervision" modality="FACTUAL" polarity="POS" type="TREATMENT" />
<EVENT id="E33" start="597" end="611" text="his ultrasound" modality="FACTUAL" polarity="POS" type="TEST" />
<EVENT id="E34" start="2047" end="2056" text="increased" modality="FACTUAL" polarity="POS" type="OCCURRENCE" />
<EVENT id="E35" start="497" end="506" text="discharge" modality="FACTUAL" polarity="POS" type="OCCURRENCE" />
<EVENT id="E36" start="192" end="200" text="presents" modality="FACTUAL" polarity="POS" type="EVIDENTIAL" />
<EVENT id="E37" start="393" end="396" text="HCT" modality="FACTUAL" polarity="POS" type="TEST" />
<EVENT id="E38" start="1361" end="1365" text="unit" modality="FACTUAL" polarity="POS" type="CLINICAL_DEPT" />
<EVENT id="E39" start="2189" end="2193" text="well" modality="FACTUAL" polarity="POS" type="OCCURRENCE" />
<EVENT id="E40" start="1541" end="1551" text="his am Hct" modality="FACTUAL" polarity="POS" type="TEST" />
<EVENT id="E41" start="1509" end="1518" text="the floor" modality="FACTUAL" polarity="POS" type="CLINICAL_DEPT" />
<EVENT id="E42" start="917" end="933" text="Renal transplant" modality="FACTUAL" polarity="POS" type="TREATMENT" />
<EVENT id="E43" start="1802" end="1812" text="new issues" modality="FACTUAL" polarity="POS" type="PROBLEM" />
<EVENT id="E44" start="947" end="965" text="transplant surgery" modality="FACTUAL" polarity="POS" type="TREATMENT" />
<EVENT id="E45" start="791" end="817" text="retroperitoneal hemorrhage" modality="FACTUAL" polarity="POS" type="PROBLEM" />
<EVENT id="E46" start="1395" end="1398" text="Hct" modality="FACTUAL" polarity="POS" type="TEST" />
<EVENT id="E47" start="908" end="914" text="biopsy" modality="FACTUAL" polarity="POS" type="TEST" />
<EVENT id="E48" start="1926" end="1934" text="Pheresis" modality="FACTUAL" polarity="POS" type="TREATMENT" />
<EVENT id="E49" start="2178" end="2185" text="prograf" modality="FACTUAL" polarity="POS" type="TREATMENT" />
<EVENT id="E50" start="890" end="907" text="recent transplant" modality="FACTUAL" polarity="POS" type="TREATMENT" />
<EVENT id="E51" start="1828" end="1836" text="improved" modality="FACTUAL" polarity="POS" type="OCCURRENCE" />
<EVENT id="E52" start="1375" end="1380" text="a Hct" modality="FACTUAL" polarity="POS" type="TEST" />
<EVENT id="E53" start="1819" end="1823" text="pain" modality="FACTUAL" polarity="POS" type="PROBLEM" />
<EVENT id="E54" start="400" end="409" text="admission" modality="FACTUAL" polarity="POS" type="OCCURRENCE" />
<EVENT id="E55" start="1020" end="1024" text="CMED" modality="FACTUAL" polarity="POS" type="CLINICAL_DEPT" />
<EVENT id="E56" start="2035" end="2042" text="Prograf" modality="FACTUAL" polarity="POS" type="TREATMENT" />
<EVENT id="E57" start="299" end="303" text="note" modality="FACTUAL" polarity="POS" type="EVIDENTIAL" />
<EVENT id="E58" start="1" end="10" text="Admission" modality="FACTUAL" polarity="POS" type="OCCURRENCE" />
<EVENT id="E59" start="1736" end="1739" text="Hct" modality="FACTUAL" polarity="POS" type="TEST" />
<EVENT id="E60" start="2213" end="2218" text="coags" modality="FACTUAL" polarity="POS" type="TEST" />
<EVENT id="E61" start="1161" end="1165" text="pRBC" modality="FACTUAL" polarity="POS" type="TREATMENT" />
<EVENT id="E62" start="849" end="858" text="the renal" modality="FACTUAL" polarity="POS" type="CLINICAL_DEPT" />
<EVENT id="E63" start="1950" end="1963" text="an outpatient" modality="FACTUAL" polarity="POS" type="OCCURRENCE" />
<EVENT id="E64" start="2133" end="2137" text="labs" modality="FACTUAL" polarity="POS" type="TEST" />
<EVENT id="E65" start="1366" end="1370" text="pRBC" modality="FACTUAL" polarity="POS" type="TREATMENT" />
<EVENT id="E66" start="1656" end="1670" text="plasmapheresis" modality="FACTUAL" polarity="POS" type="TREATMENT" />
<EVENT id="E67" start="1495" end="1505" text="transfered" modality="FACTUAL" polarity="POS" type="OCCURRENCE" />
<EVENT id="E68" start="828" end="832" text="down" modality="FACTUAL" polarity="POS" type="OCCURRENCE" />
<EVENT id="E69" start="148" end="158" text="discharged" modality="FACTUAL" polarity="POS" type="OCCURRENCE" />
<EVENT id="E70" start="1590" end="1594" text="pRBC" modality="FACTUAL" polarity="POS" type="TREATMENT" />
<EVENT id="E71" start="2083" end="2097" text="a trough level" modality="FACTUAL" polarity="POS" type="TEST" />
<EVENT id="E72" start="2197" end="2200" text="cbc" modality="FACTUAL" polarity="POS" type="TEST" />
<EVENT id="E73" start="762" end="768" text="showed" modality="FACTUAL" polarity="POS" type="EVIDENTIAL" />
<EVENT id="E74" start="464" end="472" text="admitted" modality="FACTUAL" polarity="POS" type="OCCURRENCE" />
<EVENT id="E75" start="722" end="731" text="a CT scan" modality="FACTUAL" polarity="POS" type="TEST" />
<EVENT id="E76" start="576" end="594" text="the emergency room" modality="FACTUAL" polarity="POS" type="CLINICAL_DEPT" />
<EVENT id="E77" start="164" end="187" text="Mediplex Rehab Hospital" modality="FACTUAL" polarity="POS" type="CLINICAL_DEPT" />
<EVENT id="E78" start="224" end="233" text="complaint" modality="FACTUAL" polarity="POS" type="EVIDENTIAL" />
<EVENT id="E79" start="997" end="1005" text="admitted" modality="FACTUAL" polarity="POS" type="OCCURRENCE" />
<EVENT id="E80" start="1911" end="1923" text="difficulties" modality="FACTUAL" polarity="POS" type="PROBLEM" />
<EVENT id="E81" start="2162" end="2174" text="trough level" modality="FACTUAL" polarity="POS" type="TEST" />
<TIMEX3 id="T0" start="1339" end="1343" text="8-08" type="DATE" val="2018-08-08" mod="NA" />
<TIMEX3 id="T1" start="2017" end="2022" text="08-20" type="DATE" val="2018-08-20" mod="NA" />
<TIMEX3 id="T2" start="1761" end="1766" text="08-15" type="DATE" val="2018-08-15" mod="NA" />
<TIMEX3 id="T3" start="2066" end="2069" text="bid" type="FREQUENCY" val="RPT12H" mod="NA" />
<TIMEX3 id="T4" start="1522" end="1527" text="08-09" type="DATE" val="2018-08-09" mod="NA" />
<TIMEX3 id="T5" start="1256" end="1261" text="08-07" type="DATE" val="2018-08-07" mod="NA" />
<TIMEX3 id="T6" start="1728" end="1733" text="08-13" type="DATE" val="2018-08-13" mod="NA" />
<TIMEX3 id="T7" start="2009" end="2014" text="08-17" type="DATE" val="2018-08-17" mod="NA" />
<TIMEX3 id="T8" start="1600" end="1605" text="08-10" type="DATE" val="2018-08-10" mod="NA" />
<TIMEX3 id="T9" start="1130" end="1135" text="08-06" type="DATE" val="2018-08-06" mod="NA" />
<TIMEX3 id="T10" start="1413" end="1418" text="08-09" type="DATE" val="2018-08-09" mod="NA" />
<TIMEX3 id="T11" start="46" end="56" text="2018-08-16" type="DATE" val="2018-08-16" mod="NA" />
<TIMEX3 id="T12" start="1533" end="1538" text="08-10" type="DATE" val="2018-08-10" mod="NA" />
<TIMEX3 id="T13" start="1454" end="1487" text="08-09 ( followed by 10 mg IVIG )." type="DATE" val="" mod="NA" />
<TIMEX3 id="T14" start="1674" end="1679" text="08-11" type="DATE" val="2018-08-11" mod="NA" />
<TIMEX3 id="T15" start="476" end="481" text="08-04" type="DATE" val="2018-08-04" mod="NA" />
<TIMEX3 id="T16" start="2147" end="2152" text="08-17" type="DATE" val="2018-08-17" mod="NA" />
<TIMEX3 id="T17" start="18" end="28" text="2018-08-04" type="DATE" val="2018-08-04" mod="NA" />
<TIMEX3 id="T18" start="339" end="349" text="2018-07-30" type="DATE" val="2018-07-30" mod="NA" />
<TIMEX3 id="T19" start="1267" end="1272" text="08-07" type="DATE" val="2018-08-07" mod="NA" />
<TIMEX3 id="T20" start="2027" end="2032" text="08-22" type="DATE" val="2018-08-22" mod="NA" />
<TIMEX3 id="T21" start="2073" end="2078" text="08-16" type="DATE" val="2018-08-16" mod="NA"  />
</TAGS>
</ClinicalNarrativeTemporalAnnotation>
