<?xml version="1.0" encoding="UTF-8" ?>
<ClinicalNarrativeTemporalAnnotation>
<TEXT><![CDATA[
ADMISSION DATE :
1-3-94
DISCHARGE DATE :
1-9-94
HISTORY OF PRESENT ILLNESS :
The patient is a 66 year old white female with metastatic colon carcinoma with a mass in the left superhilar region , who presents for bronchoscopy , mediastinal exploration and resection .
The patient was in her usual state of health until she experienced the onset of abdominal pain in early 1992 .
In December of 1992 , she underwent a transverse colectomy for colon carcinoma which was Duke &apos;s grade B-II , lymph nodes were negative .
She received postoperative chemotherapy .
In September of 1992 , she underwent an exploratory laparotomy because of an increased level of CEA in her blood with the presence of a liver abnormality on computerized tomography scan .
The exploratory laparotomy was negative .
She continued to have a rise in her CEA level which prompted a further work up .
In September of 1993 , an abdominal and pelvic computerized tomography scan was negative and in June of 1993 , she had a negative bone scan .
In December of 1994 , a thoracic computerized tomography scan showed a four centimeter soft tissue mass on the left suprahilar region , adjacent to the aortopulmonary window .
She also experienced increased hoarseness over the preceding months , which was due to left vocal cord paralysis .
She also complains of increased shortness of breath for the preceding month and now presents for mediastinal exploration and resection of her probable metastatic mass .
HOSPITAL COURSE :
The patient was admitted to the Fairm of Ijordcompmac Hospital .
The patient was brought to the Operating Room on January 3 , 1994 where she underwent a median sternotomy with removal of her mediastinal mass .
This mass was situated in the aortopulmonary window and was sent to pathology .
The frozen section analysis revealed this to be adenocarcinoma , metastatic disease from the colon most likely .
She had a chest tube placed intraoperatively and another placed postoperatively in the recovery room , for what was presumed to be a left pleural effusion .
This tube drained only a small amount of fluid and it was likely that the effusion was made to look more severe in the presence of left hemidiaphragm elevation .
This additional chest tube was removed the following day .
Her postoperative hematocrit was 31 , compared to a preoperative level of 43 .
Her postoperative recovery was really quite remarkable .
Mediastinal chest tube was removed on postoperative day three .
The patient was discharged home in stable condition on postoperative day six .
]]></TEXT>
<TAGS>
<EVENT id="E0" start="1646" end="1665" text="a median sternotomy" modality="FACTUAL" polarity="POS" type="TREATMENT" />
<EVENT id="E1" start="756" end="778" text="exploratory laparotomy" modality="FACTUAL" polarity="POS" type="TEST" />
<EVENT id="E2" start="1587" end="1605" text="the Operating Room" modality="FACTUAL" polarity="POS" type="CLINICAL_DEPT" />
<EVENT id="E3" start="1523" end="1557" text="the Fairm of Ijordcompmac Hospital" modality="FACTUAL" polarity="POS" type="CLINICAL_DEPT" />
<EVENT id="E4" start="442" end="457" text="colon carcinoma" modality="FACTUAL" polarity="POS" type="PROBLEM" />
<EVENT id="E5" start="1392" end="1400" text="presents" modality="FACTUAL" polarity="POS" type="OCCURRENCE" />
<EVENT id="E6" start="1039" end="1078" text="a thoracic computerized tomography scan" modality="FACTUAL" polarity="POS" type="TEST" />
<EVENT id="E7" start="601" end="626" text="an exploratory laparotomy" modality="FACTUAL" polarity="POS" type="TEST" />
<EVENT id="E8" start="125" end="151" text="metastatic colon carcinoma" modality="FACTUAL" polarity="POS" type="PROBLEM" />
<EVENT id="E9" start="1165" end="1190" text="the aortopulmonary window" modality="FACTUAL" polarity="POS" type="PROBLEM" />
<EVENT id="E10" start="1981" end="1998" text="the recovery room" modality="FACTUAL" polarity="POS" type="CLINICAL_DEPT" />
<EVENT id="E11" start="200" end="208" text="presents" modality="FACTUAL" polarity="POS" type="EVIDENTIAL" />
<EVENT id="E12" start="287" end="312" text="her usual state of health" modality="FACTUAL" polarity="POS" type="OCCURRENCE" />
<EVENT id="E13" start="1576" end="1583" text="brought" modality="FACTUAL" polarity="POS" type="OCCURRENCE" />
<EVENT id="E14" start="996" end="1004" text="negative" modality="FACTUAL" polarity="POS" type="OCCURRENCE" />
<EVENT id="E15" start="228" end="251" text="mediastinal exploration" modality="FACTUAL" polarity="POS" type="TEST" />
<EVENT id="E16" start="783" end="791" text="negative" modality="FACTUAL" polarity="POS" type="OCCURRENCE" />
<EVENT id="E17" start="2492" end="2507" text="discharged home" modality="FACTUAL" polarity="POS" type="OCCURRENCE" />
<EVENT id="E18" start="1470" end="1474" text="mass" modality="POSSIBLE" polarity="POS" type="PROBLEM" />
<EVENT id="E19" start="2280" end="2304" text="postoperative hematocrit" modality="FACTUAL" polarity="POS" type="TEST" />
<EVENT id="E20" start="1906" end="1918" text="a chest tube" modality="FACTUAL" polarity="POS" type="TREATMENT" />
<EVENT id="E21" start="415" end="437" text="a transverse colectomy" modality="FACTUAL" polarity="POS" type="TREATMENT" />
<EVENT id="E22" start="1405" end="1428" text="mediastinal exploration" modality="FACTUAL" polarity="POS" type="TEST" />
<EVENT id="E23" start="2222" end="2243" text="additional chest tube" modality="FACTUAL" polarity="POS" type="TREATMENT" />
<EVENT id="E24" start="2248" end="2255" text="removed" modality="FACTUAL" polarity="POS" type="TREATMENT" />
<EVENT id="E25" start="1285" end="1305" text="vocal cord paralysis" modality="FACTUAL" polarity="POS" type="PROBLEM" />
<EVENT id="E26" start="511" end="519" text="negative" modality="FACTUAL" polarity="POS" type="OCCURRENCE" />
<EVENT id="E27" start="2439" end="2446" text="removed" modality="FACTUAL" polarity="POS" type="TREATMENT" />
<EVENT id="E28" start="1005" end="1014" text="bone scan" modality="FACTUAL" polarity="POS" type="TEST" />
<EVENT id="E29" start="2373" end="2381" text="recovery" modality="FACTUAL" polarity="POS" type="OCCURRENCE" />
<EVENT id="E30" start="1850" end="1868" text="metastatic disease" modality="FACTUAL" polarity="POS" type="PROBLEM" />
<EVENT id="E31" start="2412" end="2423" text="Mediastinal" modality="FACTUAL" polarity="POS" type="TEST" />
<EVENT id="E32" start="2186" end="2214" text="left hemidiaphragm elevation" modality="FACTUAL" polarity="POS" type="PROBLEM" />
<EVENT id="E33" start="1511" end="1519" text="admitted" modality="FACTUAL" polarity="POS" type="OCCURRENCE" />
<EVENT id="E34" start="1682" end="1697" text="her mediastinal" modality="FACTUAL" polarity="POS" type="TEST" />
<EVENT id="E35" start="698" end="717" text="a liver abnormality" modality="FACTUAL" polarity="POS" type="PROBLEM" />
<EVENT id="E36" start="157" end="163" text="a mass" modality="FACTUAL" polarity="POS" type="PROBLEM" />
<EVENT id="E37" start="638" end="650" text="an increased" modality="FACTUAL" polarity="POS" type="PROBLEM" />
<EVENT id="E38" start="1330" end="1359" text="increased shortness of breath" modality="FACTUAL" polarity="POS" type="PROBLEM" />
<EVENT id="E39" start="468" end="472" text="Duke" modality="FACTUAL" polarity="POS" type="TEST" />
<EVENT id="E40" start="1" end="10" text="ADMISSION" modality="FACTUAL" polarity="POS" type="OCCURRENCE" />
<EVENT id="E41" start="2029" end="2052" text="a left pleural effusion" modality="FACTUAL" polarity="POS" type="PROBLEM" />
<EVENT id="E42" start="1773" end="1782" text="pathology" modality="FACTUAL" polarity="POS" type="PROBLEM" />
<EVENT id="E43" start="535" end="561" text="postoperative chemotherapy" modality="FACTUAL" polarity="POS" type="TREATMENT" />
<EVENT id="E44" start="955" end="963" text="negative" modality="FACTUAL" polarity="POS" type="OCCURRENCE" />
<EVENT id="E45" start="2065" end="2072" text="drained" modality="FACTUAL" polarity="POS" type="OCCURRENCE" />
<EVENT id="E46" start="1214" end="1234" text="increased hoarseness" modality="FACTUAL" polarity="POS" type="PROBLEM" />
<EVENT id="E47" start="1477" end="1492" text="HOSPITAL COURSE" modality="FACTUAL" polarity="POS" type="OCCURRENCE" />
<EVENT id="E48" start="915" end="950" text="pelvic computerized tomography scan" modality="FACTUAL" polarity="POS" type="TEST" />
<EVENT id="E49" start="1789" end="1812" text="frozen section analysis" modality="FACTUAL" polarity="POS" type="TEST" />
<EVENT id="E50" start="348" end="362" text="abdominal pain" modality="FACTUAL" polarity="POS" type="PROBLEM" />
<EVENT id="E51" start="855" end="872" text="a further work up" modality="FACTUAL" polarity="POS" type="TEST" />
<EVENT id="E52" start="2424" end="2434" text="chest tube" modality="FACTUAL" polarity="POS" type="TREATMENT" />
<EVENT id="E53" start="2125" end="2137" text="the effusion" modality="FACTUAL" polarity="POS" type="PROBLEM" />
<EVENT id="E54" start="1459" end="1469" text="metastatic" modality="FACTUAL" polarity="POS" type="TEST" />
<EVENT id="E55" start="1710" end="1714" text="mass" modality="FACTUAL" polarity="POS" type="PROBLEM" />
<EVENT id="E56" start="256" end="265" text="resection" modality="FACTUAL" polarity="POS" type="TREATMENT" />
<EVENT id="E57" start="1955" end="1961" text="placed" modality="FACTUAL" polarity="POS" type="OCCURRENCE" />
<EVENT id="E58" start="25" end="34" text="DISCHARGE" modality="FACTUAL" polarity="POS" type="OCCURRENCE" />
<EVENT id="E59" start="1093" end="1120" text="centimeter soft tissue mass" modality="FACTUAL" polarity="POS" type="PROBLEM" />
<EVENT id="E60" start="667" end="676" text="her blood" modality="FACTUAL" polarity="POS" type="TREATMENT" />
<EVENT id="E61" start="2511" end="2527" text="stable condition" modality="FACTUAL" polarity="POS" type="TEST" />
<EVENT id="E62" start="1833" end="1847" text="adenocarcinoma" modality="FACTUAL" polarity="POS" type="PROBLEM" />
<EVENT id="E63" start="1433" end="1442" text="resection" modality="FACTUAL" polarity="POS" type="TREATMENT" />
<EVENT id="E64" start="1079" end="1085" text="showed" modality="FACTUAL" polarity="POS" type="EVIDENTIAL" />
<EVENT id="E65" start="2096" end="2101" text="fluid" modality="FACTUAL" polarity="POS" type="TREATMENT" />
<EVENT id="E66" start="1813" end="1821" text="revealed" modality="FACTUAL" polarity="POS" type="EVIDENTIAL" />
<EVENT id="E67" start="1671" end="1678" text="removal" modality="FACTUAL" polarity="POS" type="TREATMENT" />
<EVENT id="E68" start="1919" end="1942" text="placed intraoperatively" modality="FACTUAL" polarity="POS" type="OCCURRENCE" />
<EVENT id="E69" start="1731" end="1756" text="the aortopulmonary window" modality="FACTUAL" polarity="POS" type="PROBLEM" />
<EVENT id="E70" start="826" end="833" text="her CEA" modality="FACTUAL" polarity="POS" type="TEST" />
<EVENT id="E71" start="721" end="749" text="computerized tomography scan" modality="FACTUAL" polarity="POS" type="TEST" />
<EVENT id="E72" start="660" end="663" text="CEA" modality="FACTUAL" polarity="POS" type="TEST" />
<EVENT id="E73" start="213" end="225" text="bronchoscopy" modality="FACTUAL" polarity="POS" type="TEST" />
<TIMEX3 id="T0" start="878" end="895" text="September of 1993" type="DATE" val="1993-09" mod="NA" />
<TIMEX3 id="T1" start="366" end="376" text="early 1992" type="DATE" val="1992" mod="START" />
<TIMEX3 id="T2" start="2256" end="2273" text="the following day" type="DATE" val="1994-01-04" mod="NA" />
<TIMEX3 id="T3" start="567" end="584" text="September of 1992" type="DATE" val="1992-09" mod="NA" />
<TIMEX3 id="T4" start="42" end="48" text="1-9-94" type="DATE" val="1994-1-9" mod="NA" />
<TIMEX3 id="T5" start="1020" end="1036" text="December of 1994" type="DATE" val="1994-12" mod="NA" />
<TIMEX3 id="T6" start="2450" end="2467" text="postoperative day" type="DATE" val="1994-01-03" mod="NA" />
<TIMEX3 id="T7" start="18" end="24" text="1-3-94" type="DATE" val="1994-1-3" mod="NA" />
<TIMEX3 id="T8" start="971" end="983" text="June of 1993" type="DATE" val="1993-06" mod="NA" />
<TIMEX3 id="T9" start="382" end="398" text="December of 1992" type="DATE" val="1992-12" mod="NA" />
<TIMEX3 id="T10" start="2531" end="2548" text="postoperative day" type="DATE" val="1994-01-03" mod="NA" />
<TIMEX3 id="T11" start="1609" end="1625" text="January 3 , 1994" type="DATE" val="1994-01-03" mod="NA" />
</TAGS>
</ClinicalNarrativeTemporalAnnotation>
