<?xml version="1.0" encoding="UTF-8" ?>
<ClinicalNarrativeTemporalAnnotation>
<TEXT><![CDATA[
Admission Date :
09/07/1992
Discharge Date :
09/12/1992
HISTORY OF PRESENT ILLNESS :
The patient is a 31 year old gravida 0 with stage IV endometrial cancer and stage III-C ovarian cancer vs metastatic endometrial cancer for line 2 , cycle 1 chemotherapy .
The patient presented in 10-90 , with heavy bleeding per vagina .
D and C showed grade II-III adenocarcinoma with squamous differentiation at Wellla Uxinny : mount Medical Center in Com St. , Tton , Arkansas 32167 .
The patient underwent TAH / BSO , partial omentectomy at CTMC in 10-90 .
At that time , tumor was found to be studding on the right diaphragm , gross tumor in the omentum and large bowel , tumor through the uterine serosa .
Pathology showed grade II-III papillary adenocarcinoma of the endometrium with squamous differentiation which was focally invasive and superficial myometrium .
The ovary showed papillary serous adeno with omental involvement consistent with an endometroid adenocarcinoma .
The question was whether or not whether she had two primaries vs metastatic endometrial cancer .
The patient underwent 6 cycles of CAP in Pemrancetul Tonsst ._
However _, during the fourth cycle _, Cytoxan was dropped .
Her CA-125 on 6-27-91 , was 249 and on 8-29-91 , was 734 .
In 05-92 , the patient was admitted to Wellla Uxinny : mount Medical Center with left leg DVT and started on Heparin therapy .
She was discharged from there on Coumadin therapy .
On admission , the patient has no complaints except anxiety .
HOSPITAL COURSE :
The patient underwent chemotherapy on the following doses :
IFEX 1.2 grams per meter squared x 3 days , MESNA 1.2 grams per meter squared x 3 days continuous IV infusion .
She had VP-16 mixed with 250 cc IV fluid given over 1 hour each day for 3 days .
She also had MESNA dose of .6 grams per meter squared after her IFEX / MESNA were completed .
The patient 's urinalysis on admission was significant for red blood cells which were TNTC as well as uric acid .
Because it was felt the patient was bleeding and the patient was contaminated , she received her IFEX / MESNA .
A repeat straight cath was negative for RBC 's .
After 1 day of chemotherapy , the patient had 8-10 RBC 's in her urine but by the second day of her IFEX infusion , she had 50-80 RBC 's in her urine as well as a few transitional epithelial cells .
Because of this finding , her IFEX was stopped before completion of her second day of infusion .
Her MESNA alone was continued at that time for IV infusion .
She did receive her VP-16 without complication .
Other significant issues were the patient 's hematocrit on admission at 31.1 which dwindled down to 26.2 by 9-10 ._
The patient was counselled and received 2 units of packed RBC 's at that time  .
However , the patient 's hematocrit bumped only to 28.1 and a repeat later on 9-11 , showed hematocrit of 27.6 .
At this time , an additional 2 units of packed RBC 's were transfused .
The third issue was that her anticoagulation was grossly out of control on admission with PT of 25.6 and PTT of 42.2 .
Her repeat on 9-8 , was 36.0 / 68.2 and her Coumadin was held .
She received no Coumadin during her admission and by the time of discharge , her PT was down to 16.2 .
She was restarted on Coumadin 2.5 mg per day .
The patient 's hematocrit on the day of discharge was 35.6 showing significant bump in her count after her second two units of packed RBC 's .
Her PT on the day of discharge was 13.2 and she was started on Coumadin 2.5 mg po q d as mentioned .
The patient was discharged on 9-12-92 , with the approval of her attending physiciana , Dr. Porriede Friednantflirt .
FOLLOW UP CARE :
On 9-28-92 , the patient will return for chemotherapy and she will follow up with her primary doctor , Dr. Jescspald , for repeat PT and Coumadin dosing on Monday , 9-14-02 .
]]></TEXT>
<TAGS>
<EVENT id="E0" start="1481" end="1488" text="anxiety" modality="FACTUAL" polarity="POS" type="PROBLEM" />
<EVENT id="E1" start="845" end="855" text="myometrium" modality="FACTUAL" polarity="POS" type="PROBLEM" />
<EVENT id="E2" start="162" end="188" text="stage III-C ovarian cancer" modality="FACTUAL" polarity="POS" type="PROBLEM" />
<EVENT id="E3" start="339" end="366" text="grade II-III adenocarcinoma" modality="FACTUAL" polarity="POS" type="PROBLEM" />
<EVENT id="E4" start="130" end="138" text="stage IV" modality="FACTUAL" polarity="POS" type="TREATMENT" />
<EVENT id="E5" start="3512" end="3522" text="discharged" modality="FACTUAL" polarity="POS" type="OCCURRENCE" />
<EVENT id="E6" start="29" end="38" text="Discharge" modality="FACTUAL" polarity="POS" type="OCCURRENCE" />
<EVENT id="E7" start="3078" end="3090" text="her Coumadin" modality="FACTUAL" polarity="POS" type="TREATMENT" />
<EVENT id="E8" start="192" end="221" text="metastatic endometrial cancer" modality="POSSIBLE" polarity="POS" type="PROBLEM" />
<EVENT id="E9" start="270" end="279" text="presented" modality="FACTUAL" polarity="POS" type="EVIDENTIAL" />
<EVENT id="E10" start="1985" end="1989" text="felt" modality="FACTUAL" polarity="POS" type="EVIDENTIAL" />
<EVENT id="E11" start="3689" end="3707" text="she will follow up" modality="FACTUAL" polarity="POS" type="TREATMENT" />
<EVENT id="E12" start="868" end="874" text="showed" modality="FACTUAL" polarity="POS" type="EVIDENTIAL" />
<EVENT id="E13" start="2826" end="2836" text="hematocrit" modality="FACTUAL" polarity="POS" type="TEST" />
<EVENT id="E14" start="3179" end="3185" text="her PT" modality="FACTUAL" polarity="POS" type="TEST" />
<EVENT id="E15" start="2109" end="2117" text="negative" modality="FACTUAL" polarity="POS" type="OCCURRENCE" />
<EVENT id="E16" start="2284" end="2288" text="well" modality="FACTUAL" polarity="POS" type="OCCURRENCE" />
<EVENT id="E17" start="332" end="338" text="showed" modality="FACTUAL" polarity="POS" type="EVIDENTIAL" />
<EVENT id="E18" start="1491" end="1506" text="HOSPITAL COURSE" modality="FACTUAL" polarity="POS" type="TREATMENT" />
<EVENT id="E19" start="1860" end="1881" text="patient 's urinalysis" modality="FACTUAL" polarity="POS" type="TEST" />
<EVENT id="E20" start="416" end="436" text="mount Medical Center" modality="FACTUAL" polarity="POS" type="CLINICAL_DEPT" />
<EVENT id="E21" start="2887" end="2897" text="packed RBC" modality="FACTUAL" polarity="POS" type="TREATMENT" />
<EVENT id="E22" start="1531" end="1543" text="chemotherapy" modality="FACTUAL" polarity="POS" type="TREATMENT" />
<EVENT id="E23" start="1775" end="1785" text="MESNA dose" modality="FACTUAL" polarity="POS" type="TREATMENT" />
<EVENT id="E24" start="1463" end="1473" text="complaints" modality="FACTUAL" polarity="POS" type="EVIDENTIAL" />
<EVENT id="E25" start="2122" end="2125" text="RBC" modality="FACTUAL" polarity="POS" type="TREATMENT" />
<EVENT id="E26" start="1410" end="1426" text="Coumadin therapy" modality="FACTUAL" polarity="POS" type="TREATMENT" />
<EVENT id="E27" start="3292" end="3301" text="discharge" modality="FACTUAL" polarity="POS" type="OCCURRENCE" />
<EVENT id="E28" start="3118" end="3126" text="Coumadin" modality="FACTUAL" polarity="NEG" type="TREATMENT" />
<EVENT id="E29" start="2474" end="2485" text="IV infusion" modality="FACTUAL" polarity="POS" type="TREATMENT" />
<EVENT id="E30" start="1169" end="1176" text="Cytoxan" modality="FACTUAL" polarity="POS" type="TREATMENT" />
<EVENT id="E31" start="1432" end="1441" text="admission" modality="FACTUAL" polarity="POS" type="OCCURRENCE" />
<EVENT id="E32" start="3379" end="3389" text="packed RBC" modality="FACTUAL" polarity="POS" type="TREATMENT" />
<EVENT id="E33" start="3768" end="3783" text="Coumadin dosing" modality="FACTUAL" polarity="POS" type="TREATMENT" />
<EVENT id="E34" start="2596" end="2605" text="admission" modality="FACTUAL" polarity="POS" type="OCCURRENCE" />
<EVENT id="E35" start="562" end="567" text="tumor" modality="FACTUAL" polarity="POS" type="PROBLEM" />
<EVENT id="E36" start="1305" end="1325" text="mount Medical Center" modality="FACTUAL" polarity="POS" type="CLINICAL_DEPT" />
<EVENT id="E37" start="1710" end="1721" text="cc IV fluid" modality="FACTUAL" polarity="POS" type="TREATMENT" />
<EVENT id="E38" start="1822" end="1838" text="her IFEX / MESNA" modality="FACTUAL" polarity="POS" type="TREATMENT" />
<EVENT id="E39" start="1277" end="1285" text="admitted" modality="FACTUAL" polarity="POS" type="OCCURRENCE" />
<EVENT id="E40" start="3399" end="3401" text="PT" modality="FACTUAL" polarity="POS" type="CLINICAL_DEPT" />
<EVENT id="E41" start="1036" end="1065" text="metastatic endometrial cancer" modality="FACTUAL" polarity="POS" type="PROBLEM" />
<EVENT id="E42" start="3190" end="3194" text="down" modality="FACTUAL" polarity="POS" type="OCCURRENCE" />
<EVENT id="E43" start="596" end="615" text="the right diaphragm" modality="FACTUAL" polarity="POS" type="TREATMENT" />
<EVENT id="E44" start="833" end="844" text="superficial" modality="FACTUAL" polarity="POS" type="TREATMENT" />
<EVENT id="E45" start="139" end="157" text="endometrial cancer" modality="FACTUAL" polarity="POS" type="PROBLEM" />
<EVENT id="E46" start="2819" end="2825" text="showed" modality="FACTUAL" polarity="POS" type="EVIDENTIAL" />
<EVENT id="E47" start="1385" end="1395" text="discharged" modality="FACTUAL" polarity="POS" type="OCCURRENCE" />
<EVENT id="E48" start="2416" end="2424" text="infusion" modality="FACTUAL" polarity="POS" type="TREATMENT" />
<EVENT id="E49" start="2006" end="2014" text="bleeding" modality="FACTUAL" polarity="POS" type="PROBLEM" />
<EVENT id="E50" start="708" end="714" text="showed" modality="FACTUAL" polarity="POS" type="EVIDENTIAL" />
<EVENT id="E51" start="3661" end="3667" text="return" modality="FACTUAL" polarity="POS" type="OCCURRENCE" />
<EVENT id="E52" start="115" end="122" text="gravida" modality="FACTUAL" polarity="POS" type="OCCURRENCE" />
<EVENT id="E53" start="715" end="752" text="grade II-III papillary adenocarcinoma" modality="FACTUAL" polarity="POS" type="PROBLEM" />
<EVENT id="E54" start="1915" end="1930" text="red blood cells" modality="FACTUAL" polarity="POS" type="TEST" />
<EVENT id="E55" start="939" end="968" text="an endometroid adenocarcinoma" modality="FACTUAL" polarity="POS" type="PROBLEM" />
<EVENT id="E56" start="1885" end="1894" text="admission" modality="FACTUAL" polarity="POS" type="OCCURRENCE" />
<EVENT id="E57" start="875" end="891" text="papillary serous" modality="FACTUAL" polarity="POS" type="PROBLEM" />
<EVENT id="E58" start="655" end="660" text="bowel" modality="FACTUAL" polarity="POS" type="OCCURRENCE" />
<EVENT id="E59" start="2629" end="2633" text="down" modality="FACTUAL" polarity="POS" type="OCCURRENCE" />
<EVENT id="E60" start="3226" end="3234" text="Coumadin" modality="FACTUAL" polarity="POS" type="TREATMENT" />
<EVENT id="E61" start="3167" end="3176" text="discharge" modality="FACTUAL" polarity="POS" type="OCCURRENCE" />
<EVENT id="E62" start="3672" end="3684" text="chemotherapy" modality="FACTUAL" polarity="POS" type="TREATMENT" />
<EVENT id="E63" start="1613" end="1618" text="MESNA" modality="FACTUAL" polarity="POS" type="TREATMENT" />
<EVENT id="E64" start="2431" end="2436" text="MESNA" modality="FACTUAL" polarity="POS" type="TREATMENT" />
<EVENT id="E65" start="1656" end="1678" text="continuous IV infusion" modality="FACTUAL" polarity="POS" type="TREATMENT" />
<EVENT id="E66" start="2182" end="2185" text="RBC" modality="FACTUAL" polarity="POS" type="TREATMENT" />
<EVENT id="E67" start="2341" end="2353" text="this finding" modality="FACTUAL" polarity="POS" type="PROBLEM" />
<EVENT id="E68" start="1950" end="1954" text="well" modality="FACTUAL" polarity="POS" type="OCCURRENCE" />
<EVENT id="E69" start="1" end="10" text="Admission" modality="FACTUAL" polarity="POS" type="OCCURRENCE" />
<EVENT id="E70" start="1359" end="1374" text="Heparin therapy" modality="FACTUAL" polarity="POS" type="TREATMENT" />
<EVENT id="E71" start="2994" end="3003" text="admission" modality="FACTUAL" polarity="POS" type="OCCURRENCE" />
<EVENT id="E72" start="3042" end="3048" text="repeat" modality="FACTUAL" polarity="POS" type="TREATMENT" />
<EVENT id="E73" start="2794" end="2802" text="a repeat" modality="FACTUAL" polarity="POS" type="TREATMENT" />
<EVENT id="E74" start="2084" end="2090" text="repeat" modality="FACTUAL" polarity="POS" type="TREATMENT" />
<EVENT id="E75" start="2939" end="2963" text="that her anticoagulation" modality="FACTUAL" polarity="POS" type="TREATMENT" />
<EVENT id="E76" start="3134" end="3147" text="her admission" modality="FACTUAL" polarity="POS" type="OCCURRENCE" />
<EVENT id="E77" start="2522" end="2534" text="complication" modality="FACTUAL" polarity="NEG" type="PROBLEM" />
<EVENT id="E78" start="1181" end="1188" text="dropped" modality="FACTUAL" polarity="POS" type="PROBLEM" />
<EVENT id="E79" start="296" end="310" text="heavy bleeding" modality="FACTUAL" polarity="POS" type="PROBLEM" />
<EVENT id="E80" start="2292" end="2327" text="a few transitional epithelial cells" modality="FACTUAL" polarity="POS" type="TEST" />
<EVENT id="E81" start="3458" end="3466" text="Coumadin" modality="FACTUAL" polarity="POS" type="TREATMENT" />
<EVENT id="E82" start="2063" end="2079" text="her IFEX / MESNA" modality="FACTUAL" polarity="POS" type="TREATMENT" />
<EVENT id="E83" start="2356" end="2364" text="her IFEX" modality="FACTUAL" polarity="POS" type="TREATMENT" />
<EVENT id="E84" start="3256" end="3277" text="patient 's hematocrit" modality="FACTUAL" polarity="POS" type="TEST" />
<EVENT id="E85" start="2567" end="2592" text="the patient 's hematocrit" modality="FACTUAL" polarity="POS" type="TEST" />
<EVENT id="E86" start="226" end="230" text="line" modality="FACTUAL" polarity="POS" type="TREATMENT" />
<EVENT id="E87" start="2146" end="2158" text="chemotherapy" modality="FACTUAL" polarity="POS" type="TREATMENT" />
<EVENT id="E88" start="3416" end="3425" text="discharge" modality="FACTUAL" polarity="POS" type="OCCURRENCE" />
<EVENT id="E89" start="618" end="629" text="gross tumor" modality="FACTUAL" polarity="POS" type="PROBLEM" />
<EVENT id="E90" start="862" end="867" text="ovary" modality="FACTUAL" polarity="POS" type="PROBLEM" />
<EVENT id="E91" start="2271" end="2280" text="her urine" modality="FACTUAL" polarity="POS" type="TEST" />
<EVENT id="E92" start="1958" end="1967" text="uric acid" modality="FACTUAL" polarity="POS" type="TEST" />
<EVENT id="E93" start="2983" end="2990" text="control" modality="FACTUAL" polarity="POS" type="TREATMENT" />
<EVENT id="E94" start="2543" end="2561" text="significant issues" modality="FACTUAL" polarity="POS" type="PROBLEM" />
<EVENT id="E95" start="1569" end="1573" text="IFEX" modality="FACTUAL" polarity="POS" type="TREATMENT" />
<EVENT id="E96" start="3009" end="3011" text="PT" modality="FACTUAL" polarity="POS" type="TREATMENT" />
<EVENT id="E97" start="663" end="668" text="tumor" modality="FACTUAL" polarity="POS" type="PROBLEM" />
<EVENT id="E98" start="3024" end="3027" text="PTT" modality="FACTUAL" polarity="POS" type="TEST" />
<EVENT id="E99" start="2192" end="2201" text="her urine" modality="FACTUAL" polarity="POS" type="TEST" />
<EVENT id="E100" start="2770" end="2776" text="bumped" modality="FACTUAL" polarity="POS" type="OCCURRENCE" />
<EVENT id="E101" start="2704" end="2714" text="packed RBC" modality="FACTUAL" polarity="POS" type="TREATMENT" />
<EVENT id="E102" start="2035" end="2047" text="contaminated" modality="FACTUAL" polarity="POS" type="PROBLEM" />
<EVENT id="E103" start="2091" end="2104" text="straight cath" modality="FACTUAL" polarity="POS" type="TREATMENT" />
<EVENT id="E104" start="3311" end="3318" text="showing" modality="FACTUAL" polarity="POS" type="EVIDENTIAL" />
<EVENT id="E105" start="2227" end="2244" text="her IFEX infusion" modality="FACTUAL" polarity="POS" type="TREATMENT" />
<EVENT id="E106" start="1331" end="1343" text="left leg DVT" modality="FACTUAL" polarity="POS" type="PROBLEM" />
<EVENT id="E107" start="2744" end="2769" text="the patient 's hematocrit" modality="FACTUAL" polarity="POS" type="TEST" />
<EVENT id="E108" start="3319" end="3335" text="significant bump" modality="FACTUAL" polarity="POS" type="PROBLEM" />
<EVENT id="E109" start="2906" end="2916" text="transfused" modality="FACTUAL" polarity="POS" type="OCCURRENCE" />
<EVENT id="E110" start="243" end="255" text="chemotherapy" modality="FACTUAL" polarity="POS" type="TREATMENT" />
<EVENT id="E111" start="2862" end="2883" text="an additional 2 units" modality="FACTUAL" polarity="POS" type="TREATMENT" />
<EVENT id="E112" start="698" end="707" text="Pathology" modality="FACTUAL" polarity="POS" type="TEST" />
<EVENT id="E113" start="2261" end="2264" text="RBC" modality="FACTUAL" polarity="POS" type="TREATMENT" />
<EVENT id="E114" start="508" end="527" text="partial omentectomy" modality="FACTUAL" polarity="POS" type="TREATMENT" />
<TIMEX3 id="T0" start="2460" end="2469" text="that time" type="TIME" val="1992-08-10" mod="APPROX" />
<TIMEX3 id="T1" start="1205" end="1212" text="6-27-91" type="DATE" val="1891-6-27" mod="NA" />
<TIMEX3 id="T2" start="3477" end="3480" text="q d" type="FREQUENCY" val="RP1D" mod="NA" />
<TIMEX3 id="T3" start="550" end="559" text="that time" type="TIME" val="1992-09-12" mod="APPROX" />
<TIMEX3 id="T4" start="1753" end="1759" text="3 days" type="DURATION" val="P3D" mod="NA" />
<TIMEX3 id="T5" start="46" end="56" text="09/12/1992" type="DATE" val="1992-09-12" mod="NA" />
<TIMEX3 id="T6" start="1230" end="1237" text="8-29-91" type="DATE" val="1891-8-29" mod="NA" />
<TIMEX3 id="T7" start="3052" end="3055" text="9-8" type="DATE" val="1992-09-08" mod="NA" />
<TIMEX3 id="T8" start="3155" end="3176" text="the time of discharge" type="DATE" val="1992-09-06" mod="NA" />
<TIMEX3 id="T9" start="3796" end="3803" text="9-14-02" type="DATE" val="2002-9-14" mod="NA" />
<TIMEX3 id="T10" start="3281" end="3301" text="the day of discharge" type="DATE" val="1992-09-06" mod="NA" />
<TIMEX3 id="T11" start="2850" end="2859" text="this time" type="TIME" val="1992-09-11" mod="APPROX" />
<TIMEX3 id="T12" start="2812" end="2816" text="9-11" type="DATE" val="1992-09-11" mod="NA" />
<TIMEX3 id="T13" start="1728" end="1739" text="over 1 hour" type="DURATION" val="PT1H" mod="MORE" />
<TIMEX3 id="T14" start="3526" end="3533" text="9-12-92" type="DATE" val="1892-9-12" mod="NA" />
<TIMEX3 id="T15" start="3787" end="3793" text="Monday" type="DATE" val="1992-09-14" mod="NA" />
<TIMEX3 id="T16" start="2177" end="2181" text="8-10" type="DATE" val="1992-08-10" mod="NA" />
<TIMEX3 id="T17" start="2645" end="2649" text="9-10" type="DATE" val="1992-09-10" mod="NA" />
<TIMEX3 id="T18" start="18" end="28" text="09/07/1992" type="DATE" val="1992-09-07" mod="NA" />
<TIMEX3 id="T19" start="2137" end="2142" text="1 day" type="DURATION" val="P1D" mod="NA" />
<TIMEX3 id="T20" start="2721" end="2730" text="that time" type="TIME" val="1992-09-10" mod="APPROX" />
<TIMEX3 id="T21" start="1604" end="1610" text="3 days" type="DURATION" val="P3D" mod="NA" />
<TIMEX3 id="T22" start="3634" end="3641" text="9-28-92" type="DATE" val="1992-9-28" mod="NA" />
<TIMEX3 id="T23" start="1649" end="1655" text="3 days" type="DURATION" val="P3D" mod="NA" />
<TIMEX3 id="T24" start="3405" end="3425" text="the day of discharge" type="DATE" val="1992-09-06" mod="NA"  />
</TAGS>
</ClinicalNarrativeTemporalAnnotation>
