<?xml version="1.0" encoding="UTF-8" ?>
<ClinicalNarrativeTemporalAnnotation>
<TEXT><![CDATA[
ADMISSION DATE :
6-15-94
DISCHARGE DATE :
6-26-94
HISTORY OF PRESENT ILLNESS :
Ms. Tlandkotesmitskote is a patient who came complaining of feeling dizzy and bumping into objects on her left side .
She is a seventy-one year old female with a history of hypertension who is in otherwise good health .
This morning while on a cruise ship , she was eating breakfast when she suddenly noticed she could not see a roll on her plate although she knew that it was there .
She also felt dizzy and the room was spinning .
While walking , she kept bumping into object on her left side .
She also complained of a dull , right sided headache over the right eyebrow .
Symptoms lasted about five hours and then gradually resolved except for the change in vision .
She denied having any weakness , numbness , or pain .
She also denies having hoarseness , difficulties in finding words , speaking , hiccups , or diplopia .
HOSPITAL COURSE :
The patient was admitted to the hospital for further evaluation and work up .
The patient was admitted to the Intermediate Care Unit in the Neurology Intensive Care Unit .
However , she was soon moved out of there as her examination appeared to be stable .
A Neurosurgery Service consultation was obtained and they felt that no surgical intervention was required .
The patient underwent a number of tests .
She had a magnetic resonance imaging study and magnetic resonance imaging angiogram performed which showed a large hemorrhagic lesion on the occipital lobe .
There was no clear enhancing mass , but follow up was suggested .
So an magnetic resonance imaging angiogram was obtained and showed the right parietal occipital hemorrhage .
The MRA showed mild narrowing of the left ICA just distal to the bifurcation .
There was also scattered T2 hyperintense foci within the periventricular and left frontal white matter consistent with small vessel disease , gliosis or demyelination .
A Holter monitor was obtained and showed that the patient was in normal sinus rhythm .
The heart rate was 53 to 106 .
There were some very rare atrial premature contractions .
There were no ventricular premature contractions .
An echocardiogram was obtained and showed that the ejection fraction was 60% and there was no thrombus .
It was felt to be within normal limits .
Over the ensuing days , the patient had several episodes of confusion at night .
However , these gradually resolved .
She also developed what appeared to be urinary tract infection and was placed on PO Bactrim .
By 6-26-94 , the patient was felt to be ready for discharge .
At that time , she was afebrile and her vital signs were stable .
She was tolerating a regular diet .
She was awake , alert and oriented to person , place , and time .
She continued to have a dense left hemianopsia , but otherwise was neurologically intact .
The patient was discharged home with Santea Gehawhi General Hospital care and instructed to follow up .
]]></TEXT>
<TAGS>
<EVENT id="E0" start="2103" end="2137" text="ventricular premature contractions" modality="FACTUAL" polarity="NEG" type="PROBLEM" />
<EVENT id="E1" start="783" end="791" text="numbness" modality="FACTUAL" polarity="NEG" type="PROBLEM" />
<EVENT id="E2" start="840" end="869" text="difficulties in finding words" modality="FACTUAL" polarity="POS" type="PROBLEM" />
<EVENT id="E3" start="1142" end="1157" text="her examination" modality="FACTUAL" polarity="POS" type="TEST" />
<EVENT id="E4" start="970" end="988" text="further evaluation" modality="FACTUAL" polarity="POS" type="TEST" />
<EVENT id="E5" start="2527" end="2531" text="felt" modality="FACTUAL" polarity="POS" type="EVIDENTIAL" />
<EVENT id="E6" start="2004" end="2014" text="heart rate" modality="FACTUAL" polarity="POS" type="TEST" />
<EVENT id="E7" start="2252" end="2256" text="felt" modality="FACTUAL" polarity="POS" type="EVIDENTIAL" />
<EVENT id="E8" start="1886" end="1893" text="gliosis" modality="FACTUAL" polarity="POS" type="PROBLEM" />
<EVENT id="E9" start="754" end="760" text="denied" modality="FACTUAL" polarity="POS" type="EVIDENTIAL" />
<EVENT id="E10" start="1031" end="1047" text="the Intermediate" modality="FACTUAL" polarity="POS" type="PROBLEM" />
<EVENT id="E11" start="2234" end="2242" text="thrombus" modality="FACTUAL" polarity="NEG" type="PROBLEM" />
<EVENT id="E12" start="2750" end="2774" text="a dense left hemianopsia" modality="FACTUAL" polarity="POS" type="PROBLEM" />
<EVENT id="E13" start="1205" end="1217" text="consultation" modality="FACTUAL" polarity="POS" type="TREATMENT" />
<EVENT id="E14" start="1061" end="1094" text="the Neurology Intensive Care Unit" modality="FACTUAL" polarity="POS" type="CLINICAL_DEPT" />
<EVENT id="E15" start="953" end="965" text="the hospital" modality="FACTUAL" polarity="POS" type="CLINICAL_DEPT" />
<EVENT id="E16" start="140" end="153" text="feeling dizzy" modality="FACTUAL" polarity="POS" type="PROBLEM" />
<EVENT id="E17" start="727" end="747" text="the change in vision" modality="FACTUAL" polarity="POS" type="PROBLEM" />
<EVENT id="E18" start="1173" end="1179" text="stable" modality="FACTUAL" polarity="POS" type="OCCURRENCE" />
<EVENT id="E19" start="1863" end="1883" text="small vessel disease" modality="FACTUAL" polarity="POS" type="PROBLEM" />
<EVENT id="E20" start="1915" end="1929" text="Holter monitor" modality="FACTUAL" polarity="POS" type="TEST" />
<EVENT id="E21" start="1559" end="1598" text="an magnetic resonance imaging angiogram" modality="FACTUAL" polarity="POS" type="TEST" />
<EVENT id="E22" start="2042" end="2086" text="some very rare atrial premature contractions" modality="FACTUAL" polarity="POS" type="PROBLEM" />
<EVENT id="E23" start="1253" end="1274" text="surgical intervention" modality="FACTUAL" polarity="POS" type="TREATMENT" />
<EVENT id="E24" start="2888" end="2892" text="care" modality="FACTUAL" polarity="POS" type="TREATMENT" />
<EVENT id="E25" start="2688" end="2696" text="oriented" modality="FACTUAL" polarity="POS" type="OCCURRENCE" />
<EVENT id="E26" start="381" end="388" text="noticed" modality="FACTUAL" polarity="POS" type="EVIDENTIAL" />
<EVENT id="E27" start="2596" end="2611" text="her vital signs" modality="FACTUAL" polarity="POS" type="TEST" />
<EVENT id="E28" start="1048" end="1052" text="Care" modality="FACTUAL" polarity="POS" type="TREATMENT" />
<EVENT id="E29" start="1184" end="1204" text="Neurosurgery Service" modality="FACTUAL" polarity="POS" type="CLINICAL_DEPT" />
<EVENT id="E30" start="2143" end="2157" text="echocardiogram" modality="FACTUAL" polarity="POS" type="TEST" />
<EVENT id="E31" start="502" end="510" text="spinning" modality="FACTUAL" polarity="POS" type="PROBLEM" />
<EVENT id="E32" start="2670" end="2675" text="awake" modality="FACTUAL" polarity="POS" type="OCCURRENCE" />
<EVENT id="E33" start="2475" end="2481" text="placed" modality="FACTUAL" polarity="POS" type="OCCURRENCE" />
<EVENT id="E34" start="941" end="949" text="admitted" modality="FACTUAL" polarity="POS" type="OCCURRENCE" />
<EVENT id="E35" start="2634" end="2659" text="tolerating a regular diet" modality="FACTUAL" polarity="POS" type="OCCURRENCE" />
<EVENT id="E36" start="1623" end="1662" text="the right parietal occipital hemorrhage" modality="FACTUAL" polarity="POS" type="PROBLEM" />
<EVENT id="E37" start="2795" end="2816" text="neurologically intact" modality="FACTUAL" polarity="POS" type="OCCURRENCE" />
<EVENT id="E38" start="896" end="904" text="diplopia" modality="FACTUAL" polarity="NEG" type="PROBLEM" />
<EVENT id="E39" start="883" end="890" text="hiccups" modality="FACTUAL" polarity="NEG" type="PROBLEM" />
<EVENT id="E40" start="1053" end="1057" text="Unit" modality="FACTUAL" polarity="POS" type="CLINICAL_DEPT" />
<EVENT id="E41" start="2678" end="2683" text="alert" modality="FACTUAL" polarity="POS" type="OCCURRENCE" />
<EVENT id="E42" start="2393" end="2401" text="resolved" modality="FACTUAL" polarity="POS" type="OCCURRENCE" />
<EVENT id="E43" start="2835" end="2850" text="discharged home" modality="FACTUAL" polarity="POS" type="OCCURRENCE" />
<EVENT id="E44" start="1240" end="1244" text="felt" modality="FACTUAL" polarity="POS" type="EVIDENTIAL" />
<EVENT id="E45" start="125" end="136" text="complaining" modality="FACTUAL" polarity="POS" type="EVIDENTIAL" />
<EVENT id="E46" start="993" end="1000" text="work up" modality="FACTUAL" polarity="POS" type="TEST" />
<EVENT id="E47" start="797" end="801" text="pain" modality="FACTUAL" polarity="NEG" type="PROBLEM" />
<EVENT id="E48" start="1947" end="1953" text="showed" modality="FACTUAL" polarity="POS" type="EVIDENTIAL" />
<EVENT id="E49" start="2485" end="2495" text="PO Bactrim" modality="FACTUAL" polarity="POS" type="TREATMENT" />
<EVENT id="E50" start="1897" end="1910" text="demyelination" modality="FACTUAL" polarity="POS" type="PROBLEM" />
<EVENT id="E51" start="1" end="10" text="ADMISSION" modality="FACTUAL" polarity="POS" type="OCCURRENCE" />
<EVENT id="E52" start="655" end="663" text="Symptoms" modality="FACTUAL" polarity="POS" type="PROBLEM" />
<EVENT id="E53" start="2443" end="2466" text="urinary tract infection" modality="FACTUAL" polarity="POS" type="PROBLEM" />
<EVENT id="E54" start="827" end="837" text="hoarseness" modality="FACTUAL" polarity="POS" type="PROBLEM" />
<EVENT id="E55" start="2911" end="2920" text="follow up" modality="FACTUAL" polarity="POS" type="OCCURRENCE" />
<EVENT id="E56" start="768" end="780" text="any weakness" modality="FACTUAL" polarity="POS" type="PROBLEM" />
<EVENT id="E57" start="2270" end="2283" text="normal limits" modality="FACTUAL" polarity="POS" type="OCCURRENCE" />
<EVENT id="E58" start="1439" end="1487" text="a large hemorrhagic lesion on the occipital lobe" modality="FACTUAL" polarity="POS" type="PROBLEM" />
<EVENT id="E59" start="2617" end="2623" text="stable" modality="FACTUAL" polarity="POS" type="OCCURRENCE" />
<EVENT id="E60" start="1019" end="1027" text="admitted" modality="FACTUAL" polarity="POS" type="OCCURRENCE" />
<EVENT id="E61" start="1544" end="1553" text="suggested" modality="FACTUAL" polarity="POS" type="EVIDENTIAL" />
<EVENT id="E62" start="600" end="652" text="a dull , right sided headache over the right eyebrow" modality="FACTUAL" polarity="POS" type="PROBLEM" />
<EVENT id="E63" start="2187" end="2208" text="the ejection fraction" modality="FACTUAL" polarity="POS" type="PROBLEM" />
<EVENT id="E64" start="26" end="35" text="DISCHARGE" modality="FACTUAL" polarity="POS" type="OCCURRENCE" />
<EVENT id="E65" start="474" end="478" text="felt" modality="FACTUAL" polarity="POS" type="EVIDENTIAL" />
<EVENT id="E66" start="907" end="922" text="HOSPITAL COURSE" modality="FACTUAL" polarity="POS" type="TREATMENT" />
<EVENT id="E67" start="707" end="715" text="resolved" modality="FACTUAL" polarity="POS" type="OCCURRENCE" />
<EVENT id="E68" start="2346" end="2355" text="confusion" modality="FACTUAL" polarity="POS" type="PROBLEM" />
<EVENT id="E69" start="479" end="484" text="dizzy" modality="FACTUAL" polarity="POS" type="PROBLEM" />
<EVENT id="E70" start="346" end="352" text="eating" modality="FACTUAL" polarity="POS" type="OCCURRENCE" />
<EVENT id="E71" start="1340" end="1374" text="a magnetic resonance imaging study" modality="FACTUAL" polarity="POS" type="TEST" />
<EVENT id="E72" start="1379" end="1415" text="magnetic resonance imaging angiogram" modality="FACTUAL" polarity="POS" type="TEST" />
<EVENT id="E73" start="2856" end="2887" text="Santea Gehawhi General Hospital" modality="FACTUAL" polarity="POS" type="CLINICAL_DEPT" />
<EVENT id="E74" start="813" end="819" text="denies" modality="FACTUAL" polarity="POS" type="EVIDENTIAL" />
<EVENT id="E75" start="2175" end="2181" text="showed" modality="FACTUAL" polarity="POS" type="EVIDENTIAL" />
<EVENT id="E76" start="1432" end="1438" text="showed" modality="FACTUAL" polarity="POS" type="EVIDENTIAL" />
<EVENT id="E77" start="286" end="297" text="good health" modality="FACTUAL" polarity="POS" type="OCCURRENCE" />
<EVENT id="E78" start="1503" end="1523" text="clear enhancing mass" modality="FACTUAL" polarity="NEG" type="PROBLEM" />
<EVENT id="E79" start="1616" end="1622" text="showed" modality="FACTUAL" polarity="POS" type="EVIDENTIAL" />
<EVENT id="E80" start="586" end="596" text="complained" modality="FACTUAL" polarity="POS" type="EVIDENTIAL" />
<EVENT id="E81" start="2548" end="2557" text="discharge" modality="FACTUAL" polarity="POS" type="OCCURRENCE" />
<EVENT id="E82" start="1978" end="1997" text="normal sinus rhythm" modality="FACTUAL" polarity="POS" type="OCCURRENCE" />
<EVENT id="E83" start="2583" end="2591" text="afebrile" modality="FACTUAL" polarity="POS" type="PROBLEM" />
<EVENT id="E84" start="1673" end="1679" text="showed" modality="FACTUAL" polarity="POS" type="EVIDENTIAL" />
<EVENT id="E85" start="1324" end="1329" text="tests" modality="FACTUAL" polarity="POS" type="TEST" />
<EVENT id="E86" start="1530" end="1539" text="follow up" modality="FACTUAL" polarity="POS" type="OCCURRENCE" />
<EVENT id="E87" start="519" end="526" text="walking" modality="FACTUAL" polarity="POS" type="OCCURRENCE" />
<EVENT id="E88" start="253" end="265" text="hypertension" modality="FACTUAL" polarity="POS" type="PROBLEM" />
<TIMEX3 id="T0" start="671" end="687" text="about five hours" type="DURATION" val="PT5H" mod="APPROX" />
<TIMEX3 id="T1" start="2501" end="2508" text="6-26-94" type="DATE" val="1894-6-26" mod="NA" />
<TIMEX3 id="T2" start="2563" end="2572" text="that time" type="TIME" val="XXXX-XX-XX" mod="APPROX" />
<TIMEX3 id="T3" start="43" end="50" text="6-26-94" type="DATE" val="1994-6-26" mod="NA" />
<TIMEX3 id="T4" start="18" end="25" text="6-15-94" type="DATE" val="1994-6-15" mod="NA" />
</TAGS>
</ClinicalNarrativeTemporalAnnotation>
