<?xml version="1.0" encoding="UTF-8" ?>
<ClinicalNarrativeTemporalAnnotation>
<TEXT><![CDATA[
Admission Date :
2016-03-18
Discharge Date :
2016-04-01
Service : 
SURGERY
History of Present Illness :
_Mr. Morton is a 86 yo male transferred from Kindred Park View Specialty Hospital of Springfield-Sample .
He developed right foot pain the Sunday prior to admission and was seen by his Podiatrist , who diagnosed him with gout .
He was given colchicine and prednisone .
Mr. Morton then developed more pain and warmth to his right foot later in the week and presented to the Youville Hospital - Woody Monica .
At this hospital he underwent an I&D ( 03-17 ) of a right foot infection and subsequently underwent 
re-exploration ( 03-18 ) for developing necrotizing fascitis .
He was transferred to Hallmark Health System for further care .
Brief Hospital Course :
Mr. Morton was admitted to the TSICU .
He was placed on Penicillin G , Clindamycin , for empiric coverage of his wound , with Group A strep growth from the New England Baptist Hospital-Bryce cultures .
He was transferred to the floor on HD#2 .
He continued to undergo BID dressing changes .
Plastic surgery was asked to evaluate the patient .
Per their recommendations , silvadine was applied to the tendons to prevent dessication .
Vascular surgery was also asked to evaluate the patient 's right lower extremity blood flow .
An angiogram on HD#4 showed severe tibial disease and moderate SFA disease , no DP artery was seen .
The vascular team recommended a femoral-peroneal bypass for revascularization and performed this operation on HD#5 .
He tolerated the procedure well , please see Dr. Allgood Operative Note for detail .
On POD#1 , Mr. Morton received 2 units of pRBCs for post-op anemia ( Hct 25 ).
Mr. Morton continued to be followed by Infectious Disease , whose recommendations were to complete a 01-28 week course of Penicillin G and Clindamycin after the foot was completely debrided and the skin flaps completed .
His wound continued to heal well and by POD #6 a VAC dressing was placed .
He received a PICC on POD#7 for his long-term antibiotic therapy .
At the time of discharge , Mr. Morton had good pain control , was tolerating a regular diet , had a well-healing wound treated with a VAC dressing , and was to continue his IV PCN G and Clindamycin .
He was discharged to a rehab facility in fair condition .
]]></TEXT>
<TAGS>
<EVENT id="E0" start="1" end="10" text="Admission" modality="FACTUAL" polarity="POS" type="OCCURRENCE" />
<EVENT id="E1" start="1918" end="1922" text="heal" modality="FACTUAL" polarity="POS" type="TREATMENT" />
<EVENT id="E2" start="516" end="529" text="this hospital" modality="FACTUAL" polarity="POS" type="CLINICAL_DEPT" />
<EVENT id="E3" start="1485" end="1499" text="this operation" modality="FACTUAL" polarity="POS" type="TREATMENT" />
<EVENT id="E4" start="1982" end="1988" text="a PICC" modality="FACTUAL" polarity="POS" type="TREATMENT" />
<EVENT id="E5" start="1313" end="1319" text="showed" modality="FACTUAL" polarity="POS" type="EVIDENTIAL" />
<EVENT id="E6" start="178" end="186" text="Hospital" modality="FACTUAL" polarity="POS" type="CLINICAL_DEPT" />
<EVENT id="E7" start="1056" end="1071" text="Plastic surgery" modality="FACTUAL" polarity="POS" type="OCCURRENCE" />
<EVENT id="E8" start="1269" end="1284" text="extremity blood" modality="FACTUAL" polarity="POS" type="PROBLEM" />
<EVENT id="E9" start="1037" end="1053" text="dressing changes" modality="FACTUAL" polarity="POS" type="TREATMENT" />
<EVENT id="E10" start="326" end="330" text="gout" modality="FACTUAL" polarity="POS" type="PROBLEM" />
<EVENT id="E11" start="1320" end="1333" text="severe tibial" modality="FACTUAL" polarity="POS" type="TEST" />
<EVENT id="E12" start="1002" end="1006" text="HD#2" modality="FACTUAL" polarity="POS" type="TREATMENT" />
<EVENT id="E13" start="2002" end="2034" text="his long-term antibiotic therapy" modality="FACTUAL" polarity="POS" type="TREATMENT" />
<EVENT id="E14" start="346" end="356" text="colchicine" modality="FACTUAL" polarity="POS" type="TREATMENT" />
<EVENT id="E15" start="1198" end="1214" text="Vascular surgery" modality="FACTUAL" polarity="POS" type="OCCURRENCE" />
<EVENT id="E16" start="654" end="674" text="necrotizing fascitis" modality="FACTUAL" polarity="POS" type="PROBLEM" />
<EVENT id="E17" start="1503" end="1507" text="HD#5" modality="FACTUAL" polarity="POS" type="TREATMENT" />
<EVENT id="E18" start="563" end="585" text="a right foot infection" modality="FACTUAL" polarity="POS" type="PROBLEM" />
<EVENT id="E19" start="836" end="847" text="Clindamycin" modality="FACTUAL" polarity="POS" type="TREATMENT" />
<EVENT id="E20" start="224" end="239" text="right foot pain" modality="FACTUAL" polarity="POS" type="PROBLEM" />
<EVENT id="E21" start="278" end="282" text="seen" modality="FACTUAL" polarity="POS" type="EVIDENTIAL" />
<EVENT id="E22" start="1233" end="1241" text="evaluate" modality="FACTUAL" polarity="POS" type="OCCURRENCE" />
<EVENT id="E23" start="190" end="208" text="Springfield-Sample" modality="FACTUAL" polarity="POS" type="CLINICAL_DEPT" />
<EVENT id="E24" start="974" end="985" text="transferred" modality="FACTUAL" polarity="POS" type="OCCURRENCE" />
<EVENT id="E25" start="29" end="38" text="Discharge" modality="FACTUAL" polarity="POS" type="OCCURRENCE" />
<EVENT id="E26" start="1423" end="1448" text="a femoral-peroneal bypass" modality="FACTUAL" polarity="POS" type="TREATMENT" />
<EVENT id="E27" start="87" end="102" text="Present Illness" modality="FACTUAL" polarity="POS" type="PROBLEM" />
<EVENT id="E28" start="260" end="269" text="admission" modality="FACTUAL" polarity="POS" type="OCCURRENCE" />
<EVENT id="E29" start="874" end="883" text="his wound" modality="FACTUAL" polarity="POS" type="PROBLEM" />
<EVENT id="E30" start="1961" end="1967" text="placed" modality="FACTUAL" polarity="POS" type="OCCURRENCE" />
<EVENT id="E31" start="2137" end="2149" text="well-healing" modality="FACTUAL" polarity="POS" type="OCCURRENCE" />
<EVENT id="E32" start="821" end="831" text="Penicillin" modality="FACTUAL" polarity="POS" type="TREATMENT" />
<EVENT id="E33" start="1523" end="1541" text="the procedure well" modality="FACTUAL" polarity="POS" type="OCCURRENCE" />
<EVENT id="E34" start="989" end="998" text="the floor" modality="FACTUAL" polarity="POS" type="CLINICAL_DEPT" />
<EVENT id="E35" start="917" end="955" text="the New England Baptist Hospital-Bryce" modality="FACTUAL" polarity="POS" type="CLINICAL_DEPT" />
<EVENT id="E36" start="2150" end="2155" text="wound" modality="FACTUAL" polarity="POS" type="PROBLEM" />
<EVENT id="E37" start="747" end="762" text="Hospital Course" modality="FACTUAL" polarity="POS" type="TREATMENT" />
<EVENT id="E38" start="941" end="964" text="Hospital-Bryce cultures" modality="FACTUAL" polarity="POS" type="TEST" />
<EVENT id="E39" start="1346" end="1366" text="moderate SFA disease" modality="FACTUAL" polarity="POS" type="PROBLEM" />
<EVENT id="E40" start="1813" end="1824" text="Clindamycin" modality="FACTUAL" polarity="POS" type="TREATMENT" />
<EVENT id="E41" start="461" end="470" text="presented" modality="FACTUAL" polarity="POS" type="OCCURRENCE" />
<EVENT id="E42" start="891" end="911" text="Group A strep growth" modality="FACTUAL" polarity="POS" type="PROBLEM" />
<EVENT id="E43" start="1942" end="1956" text="a VAC dressing" modality="FACTUAL" polarity="POS" type="TREATMENT" />
<EVENT id="E44" start="2244" end="2254" text="discharged" modality="FACTUAL" polarity="POS" type="OCCURRENCE" />
<EVENT id="E45" start="1308" end="1312" text="HD#4" modality="FACTUAL" polarity="POS" type="TREATMENT" />
<EVENT id="E46" start="1899" end="1904" text="wound" modality="FACTUAL" polarity="POS" type="PROBLEM" />
<EVENT id="E47" start="2052" end="2061" text="discharge" modality="FACTUAL" polarity="POS" type="OCCURRENCE" />
<EVENT id="E48" start="1647" end="1673" text="post-op anemia ( Hct 25 )." modality="FACTUAL" polarity="POS" type="PROBLEM" />
<EVENT id="E49" start="1334" end="1341" text="disease" modality="FACTUAL" polarity="POS" type="PROBLEM" />
<EVENT id="E50" start="2278" end="2292" text="fair condition" modality="FACTUAL" polarity="POS" type="PROBLEM" />
<EVENT id="E51" start="1386" end="1390" text="seen" modality="FACTUAL" polarity="POS" type="OCCURRENCE" />
<EVENT id="E52" start="699" end="721" text="Hallmark Health System" modality="FACTUAL" polarity="POS" type="CLINICAL_DEPT" />
<EVENT id="E53" start="361" end="371" text="prednisone" modality="FACTUAL" polarity="POS" type="TREATMENT" />
<EVENT id="E54" start="1513" end="1522" text="tolerated" modality="FACTUAL" polarity="POS" type="OCCURRENCE" />
<EVENT id="E55" start="2103" end="2128" text="tolerating a regular diet" modality="FACTUAL" polarity="POS" type="OCCURRENCE" />
<EVENT id="E56" start="405" end="409" text="pain" modality="FACTUAL" polarity="POS" type="PROBLEM" />
<EVENT id="E57" start="2258" end="2274" text="a rehab facility" modality="FACTUAL" polarity="POS" type="OCCURRENCE" />
<EVENT id="E58" start="614" end="638" text="re-exploration ( 03-18 )" modality="FACTUAL" polarity="POS" type="TEST" />
<EVENT id="E59" start="2223" end="2234" text="Clindamycin" modality="FACTUAL" polarity="POS" type="TREATMENT" />
<EVENT id="E60" start="2169" end="2183" text="a VAC dressing" modality="FACTUAL" polarity="POS" type="TREATMENT" />
<EVENT id="E61" start="190" end="208" text="Springfield-Sample" modality="FACTUAL" polarity="POS" type="TEST" />
<EVENT id="E62" start="726" end="738" text="further care" modality="FACTUAL" polarity="POS" type="TREATMENT" />
<EVENT id="E63" start="684" end="695" text="transferred" modality="FACTUAL" polarity="POS" type="OCCURRENCE" />
<EVENT id="E64" start="498" end="510" text="Woody Monica" modality="FACTUAL" polarity="POS" type="CLINICAL_DEPT" />
<EVENT id="E65" start="1295" end="1304" text="angiogram" modality="FACTUAL" polarity="POS" type="TEST" />
<EVENT id="E66" start="811" end="817" text="placed" modality="FACTUAL" polarity="POS" type="OCCURRENCE" />
<EVENT id="E67" start="2206" end="2212" text="his IV" modality="FACTUAL" polarity="POS" type="TREATMENT" />
<EVENT id="E68" start="1796" end="1806" text="Penicillin" modality="FACTUAL" polarity="POS" type="TREATMENT" />
<EVENT id="E69" start="414" end="420" text="warmth" modality="FACTUAL" polarity="POS" type="PROBLEM" />
<EVENT id="E70" start="1285" end="1289" text="flow" modality="FACTUAL" polarity="POS" type="PROBLEM" />
<EVENT id="E71" start="1085" end="1093" text="evaluate" modality="FACTUAL" polarity="POS" type="TEST" />
<EVENT id="E72" start="474" end="495" text="the Youville Hospital" modality="FACTUAL" polarity="POS" type="CLINICAL_DEPT" />
<EVENT id="E73" start="1453" end="1470" text="revascularization" modality="FACTUAL" polarity="POS" type="TREATMENT" />
<EVENT id="E74" start="1923" end="1927" text="well" modality="FACTUAL" polarity="POS" type="OCCURRENCE" />
<EVENT id="E75" start="1713" end="1731" text="Infectious Disease" modality="FACTUAL" polarity="POS" type="PROBLEM" />
<EVENT id="E76" start="307" end="316" text="diagnosed" modality="FACTUAL" polarity="POS" type="OCCURRENCE" />
<EVENT id="E77" start="1637" end="1642" text="pRBCs" modality="FACTUAL" polarity="POS" type="TREATMENT" />
<TIMEX3 id="T0" start="46" end="56" text="2016-04-01" type="DATE" val="2016-04-01" mod="NA" />
<TIMEX3 id="T1" start="1033" end="1036" text="BID" type="FREQUENCY" val="RPT12H" mod="NA" />
<TIMEX3 id="T2" start="18" end="28" text="2016-03-18" type="DATE" val="2016-03-18" mod="NA" />
<TIMEX3 id="T3" start="552" end="557" text="03-17" type="DATE" val="2016-03-17" mod="NA" />
<TIMEX3 id="T4" start="1775" end="1785" text="01-28 week" type="DURATION" val="P01W" mod="NA" />
<TIMEX3 id="T5" start="244" end="250" text="Sunday" type="DATE" val="2016-03-13" mod="NA" />
<TIMEX3 id="T6" start="2040" end="2061" text="the time of discharge" type="DATE" val="2016-03-17" mod="NA" />
<TIMEX3 id="T7" start="631" end="636" text="03-18" type="DATE" val="2016-03-18" mod="NA"  />
</TAGS>
</ClinicalNarrativeTemporalAnnotation>
