<?xml version="1.0" encoding="UTF-8" ?>
<ClinicalNarrativeTemporalAnnotation>
<TEXT><![CDATA[
Admission Date :
2013-05-18
Discharge Date :
2013-05-24
Service :
MEDICINE
History of Present Illness :
90 yo F with MMP ( see below ) who sustained a mechanical fall down stairs resulting in a hip and arm fracture .
Fall was witnessed by daughter .
Nicholas seizures , no LOC , no head or neck trauma .
Patient denies CP , SOB , light headedness , or dizziness prior to of after the fall .
She fell on her R side and had a great deal of pain in her R arm and hip .
Presented to Taunton and found to have R humerus and R hip fx .
Ct of head and neck neg for fx , bleed , and dislocation .
Brief Hospital Course :
95 yo F with MMP who sustained a mechanical fall down stairs resulting in a hip and arm fracture .
1) s/p Fall - unlikely to be mechanical in nature .
Patient has injuries to her shoulder and hip .
2) CV - Patient has CAD and CHF with a low hct and major trauma .
She also has new changes on EKG .
On pressor to hold mean 60 .
3) Anemia - patient transfusion dependant with a baseline of 28 .
- transfuse 2 units today , with lasix
4) GERD - PPI
5) DM - glipizide , ISS
6) PMR - cont prednisone
7) GI : Ms. Pimental is an unfortunate 95 year old woman , status post a recent fall necessitating right ORIF of the hip and right wrist fracture ORIF , who was in the hospital for this event , when it was noted that she had abdominal pain , distention and coffee ground emesis with worsening mental status and renal failure .
CT scan was obtained and this revealed free air and massive ascites .
Pt underwent surgery on 05-23
1. Exploratory laparotomy with drainage of intra-abdominal abscess and peritonitis with gross soilage with bile and gastric contents .
2. Exposure and wide drainage of perforated posterior duodenal ulcer with internal and external drainage .
3. Feeding jejunostomy .
4. Tube gastrostomy .
Continue to deteriorate spiking fevers with ventilatory support on pressors to hold the bp. with no improvement in mental staus was made CMO 5/20/5 .
Expired at 5 pm
]]></TEXT>
<TAGS>
<EVENT id="E53" start="1" end="10" text="Admission" modality="FACTUAL" polarity="POS" type="OCCURRENCE" />
<EVENT id="E77" start="1009" end="1018" text="transfuse" modality="FACTUAL" polarity="POS" type="TREATMENT" />
<EVENT id="E21" start="1040" end="1045" text="lasix" modality="FACTUAL" polarity="POS" type="TREATMENT" />
<EVENT id="E22" start="1049" end="1053" text="GERD" modality="FACTUAL" polarity="POS" type="PROBLEM" />
<EVENT id="E23" start="1056" end="1059" text="PPI" modality="FACTUAL" polarity="POS" type="TREATMENT" />
<EVENT id="E24" start="1063" end="1065" text="DM" modality="FACTUAL" polarity="POS" type="PROBLEM" />
<EVENT id="E25" start="1068" end="1077" text="glipizide" modality="FACTUAL" polarity="POS" type="TREATMENT" />
<EVENT id="E26" start="1080" end="1083" text="ISS" modality="FACTUAL" polarity="POS" type="TREATMENT" />
<EVENT id="E27" start="1087" end="1090" text="PMR" modality="FACTUAL" polarity="POS" type="PROBLEM" />
<EVENT id="E28" start="1098" end="1108" text="prednisone" modality="FACTUAL" polarity="POS" type="TREATMENT" />
<EVENT id="E59" start="118" end="121" text="MMP" modality="FACTUAL" polarity="POS" type="PROBLEM" />
<EVENT id="E29" start="1180" end="1193" text="a recent fall" modality="FACTUAL" polarity="POS" type="PROBLEM" />
<EVENT id="E78" start="1208" end="1229" text="right ORIF of the hip" modality="FACTUAL" polarity="POS" type="TREATMENT" />
<EVENT id="E55" start="1234" end="1259" text="right wrist fracture ORIF" modality="FACTUAL" polarity="POS" type="TREATMENT" />
<EVENT id="E79" start="1273" end="1285" text="the hospital" modality="FACTUAL" polarity="POS" type="CLINICAL_DEPT" />
<EVENT id="E80" start="1290" end="1300" text="this event" modality="FACTUAL" polarity="POS" type="PROBLEM" />
<EVENT id="E56" start="1315" end="1320" text="noted" modality="FACTUAL" polarity="POS" type="EVIDENTIAL" />
<EVENT id="E30" start="1334" end="1348" text="abdominal pain" modality="FACTUAL" polarity="POS" type="PROBLEM" />
<EVENT id="E31" start="1351" end="1361" text="distention" modality="FACTUAL" polarity="POS" type="PROBLEM" />
<EVENT id="E32" start="1366" end="1386" text="coffee ground emesis" modality="FACTUAL" polarity="POS" type="PROBLEM" />
<EVENT id="E33" start="1392" end="1415" text="worsening mental status" modality="FACTUAL" polarity="POS" type="PROBLEM" />
<EVENT id="E34" start="1420" end="1433" text="renal failure" modality="FACTUAL" polarity="POS" type="PROBLEM" />
<EVENT id="E35" start="1436" end="1443" text="CT scan" modality="FACTUAL" polarity="POS" type="TEST" />
<EVENT id="E57" start="1466" end="1474" text="revealed" modality="FACTUAL" polarity="POS" type="EVIDENTIAL" />
<EVENT id="E36" start="1475" end="1483" text="free air" modality="FACTUAL" polarity="POS" type="PROBLEM" />
<EVENT id="E37" start="1488" end="1503" text="massive ascites" modality="FACTUAL" polarity="POS" type="PROBLEM" />
<EVENT id="E1" start="150" end="167" text="a mechanical fall" modality="FACTUAL" polarity="POS" type="PROBLEM" />
<EVENT id="E38" start="1519" end="1526" text="surgery" modality="FACTUAL" polarity="POS" type="TREATMENT" />
<EVENT id="E39" start="1539" end="1561" text="Exploratory laparotomy" modality="FACTUAL" polarity="POS" type="TEST" />
<EVENT id="E40" start="1567" end="1575" text="drainage" modality="FACTUAL" polarity="POS" type="TREATMENT" />
<EVENT id="E41" start="1579" end="1602" text="intra-abdominal abscess" modality="FACTUAL" polarity="POS" type="PROBLEM" />
<EVENT id="E42" start="1607" end="1618" text="peritonitis" modality="FACTUAL" polarity="POS" type="PROBLEM" />
<EVENT id="E43" start="1624" end="1668" text="gross soilage with bile and gastric contents" modality="FACTUAL" polarity="POS" type="PROBLEM" />
<EVENT id="E44" start="1674" end="1682" text="Exposure" modality="FACTUAL" polarity="POS" type="TREATMENT" />
<EVENT id="E45" start="1687" end="1700" text="wide drainage" modality="FACTUAL" polarity="POS" type="TREATMENT" />
<EVENT id="E46" start="1704" end="1739" text="perforated posterior duodenal ulcer" modality="FACTUAL" polarity="POS" type="PROBLEM" />
<EVENT id="E47" start="1745" end="1775" text="internal and external drainage" modality="FACTUAL" polarity="POS" type="TREATMENT" />
<EVENT id="E48" start="1781" end="1800" text="Feeding jejunostomy" modality="FACTUAL" polarity="POS" type="TREATMENT" />
<EVENT id="E49" start="1806" end="1822" text="Tube gastrostomy" modality="FACTUAL" polarity="POS" type="TREATMENT" />
<EVENT id="E81" start="1849" end="1863" text="spiking fevers" modality="FACTUAL" polarity="POS" type="PROBLEM" />
<EVENT id="E50" start="1869" end="1888" text="ventilatory support" modality="FACTUAL" polarity="POS" type="TREATMENT" />
<EVENT id="E51" start="1892" end="1900" text="pressors" modality="FACTUAL" polarity="POS" type="TREATMENT" />
<EVENT id="E52" start="1909" end="1916" text="the bp." modality="FACTUAL" polarity="POS" type="TEST" />
<EVENT id="E2" start="193" end="215" text="a hip and arm fracture" modality="FACTUAL" polarity="POS" type="PROBLEM" />
<EVENT id="E82" start="1925" end="1936" text="improvement" modality="FACTUAL" polarity="NEG" type="OCCURRENCE" />
<EVENT id="E83" start="1940" end="1952" text="mental staus" modality="FACTUAL" polarity="POS" type="TEST" />
<EVENT id="E84" start="1962" end="1965" text="CMO" modality="FACTUAL" polarity="POS" type="TREATMENT" />
<EVENT id="E58" start="1975" end="1982" text="Expired" modality="FACTUAL" polarity="POS" type="OCCURRENCE" />
<EVENT id="E3" start="218" end="222" text="Fall" modality="FACTUAL" polarity="POS" type="PROBLEM" />
<EVENT id="E60" start="227" end="236" text="witnessed" modality="FACTUAL" polarity="POS" type="EVIDENTIAL" />
<EVENT id="E4" start="251" end="268" text="Nicholas seizures" modality="FACTUAL" polarity="POS" type="PROBLEM" />
<EVENT id="E5" start="274" end="277" text="LOC" modality="FACTUAL" polarity="NEG" type="PROBLEM" />
<EVENT id="E6" start="283" end="302" text="head or neck trauma" modality="FACTUAL" polarity="NEG" type="PROBLEM" />
<EVENT id="E0" start="29" end="38" text="Discharge" modality="FACTUAL" polarity="POS" type="OCCURRENCE" />
<EVENT id="E61" start="313" end="319" text="denies" modality="FACTUAL" polarity="POS" type="EVIDENTIAL" />
<EVENT id="E62" start="320" end="322" text="CP" modality="FACTUAL" polarity="NEG" type="PROBLEM" />
<EVENT id="E63" start="325" end="328" text="SOB" modality="FACTUAL" polarity="NEG" type="PROBLEM" />
<EVENT id="E64" start="331" end="347" text="light headedness" modality="FACTUAL" polarity="NEG" type="PROBLEM" />
<EVENT id="E65" start="353" end="362" text="dizziness" modality="FACTUAL" polarity="NEG" type="PROBLEM" />
<EVENT id="E7" start="381" end="389" text="the fall" modality="FACTUAL" polarity="POS" type="PROBLEM" />
<EVENT id="E66" start="396" end="400" text="fell" modality="FACTUAL" polarity="POS" type="OCCURRENCE" />
<EVENT id="E8" start="439" end="464" text="pain in her R arm and hip" modality="FACTUAL" polarity="POS" type="PROBLEM" />
<EVENT id="E54" start="467" end="476" text="Presented" modality="FACTUAL" polarity="POS" type="EVIDENTIAL" />
<EVENT id="E67" start="480" end="487" text="Taunton" modality="FACTUAL" polarity="POS" type="CLINICAL_DEPT" />
<EVENT id="E68" start="492" end="497" text="found" modality="FACTUAL" polarity="POS" type="EVIDENTIAL" />
<EVENT id="E9" start="506" end="528" text="R humerus and R hip fx" modality="FACTUAL" polarity="POS" type="PROBLEM" />
<EVENT id="E69" start="531" end="533" text="Ct" modality="FACTUAL" polarity="POS" type="TEST" />
<EVENT id="E70" start="559" end="561" text="fx" modality="FACTUAL" polarity="NEG" type="PROBLEM" />
<EVENT id="E71" start="564" end="569" text="bleed" modality="FACTUAL" polarity="NEG" type="PROBLEM" />
<EVENT id="E72" start="576" end="587" text="dislocation" modality="FACTUAL" polarity="NEG" type="PROBLEM" />
<EVENT id="E73" start="627" end="630" text="MMP" modality="FACTUAL" polarity="POS" type="PROBLEM" />
<EVENT id="E10" start="645" end="662" text="a mechanical fall" modality="FACTUAL" polarity="POS" type="PROBLEM" />
<EVENT id="E11" start="688" end="710" text="a hip and arm fracture" modality="FACTUAL" polarity="POS" type="PROBLEM" />
<EVENT id="E12" start="720" end="724" text="Fall" modality="FACTUAL" polarity="POS" type="PROBLEM" />
<EVENT id="E74" start="742" end="762" text="mechanical in nature" modality="POSSIBLE" polarity="POS" type="PROBLEM" />
<EVENT id="E13" start="777" end="809" text="injuries to her shoulder and hip" modality="FACTUAL" polarity="POS" type="PROBLEM" />
<EVENT id="E14" start="832" end="835" text="CAD" modality="FACTUAL" polarity="POS" type="PROBLEM" />
<EVENT id="E15" start="840" end="843" text="CHF" modality="FACTUAL" polarity="POS" type="PROBLEM" />
<EVENT id="E16" start="849" end="858" text="a low hct" modality="FACTUAL" polarity="POS" type="PROBLEM" />
<EVENT id="E17" start="863" end="875" text="major trauma" modality="FACTUAL" polarity="POS" type="PROBLEM" />
<EVENT id="E75" start="895" end="902" text="changes" modality="FACTUAL" polarity="POS" type="OCCURRENCE" />
<EVENT id="E76" start="906" end="909" text="EKG" modality="FACTUAL" polarity="POS" type="PROBLEM" />
<EVENT id="E18" start="915" end="922" text="pressor" modality="FACTUAL" polarity="POS" type="TREATMENT" />
<EVENT id="E19" start="944" end="950" text="Anemia" modality="FACTUAL" polarity="POS" type="PROBLEM" />
<EVENT id="E20" start="961" end="982" text="transfusion dependant" modality="FACTUAL" polarity="POS" type="PROBLEM" />
<TIMEX3 id="T0" start="1027" end="1032" text="today" type="DATE" val="2013-05-24" mod="APPROX" />
<TIMEX3 id="T3" start="1530" end="1535" text="05-23" type="DATE" val="2013-05-23" mod="NA" />
<TIMEX3 id="T1" start="18" end="28" text="2013-05-18" type="DATE" val="2013-05-18" mod="NA" />
<TIMEX3 id="T5" start="1966" end="1972" text="5/20/5" type="DATE" val="2013-05-20" mod="NA" />
<TIMEX3 id="T4" start="1986" end="1990" text="5 pm" type="TIME" val="" mod="NA" />
<TIMEX3 id="T2" start="46" end="56" text="2013-05-24" type="DATE" val="2013-05-24" mod="NA" />
<SECTIME id="S0" start="18" end="28" text="2013-05-18" type="ADMISSION" dvalue="2013-05-18" />
<SECTIME id="S1" start="46" end="56" text="2013-05-24" type="DISCHARGE" dvalue="2013-05-24" />
<TLINK id="SECTIME0" fromID="T1" fromText="2013-05-18" toID="E59" toText="MMP" type="AFTER" />
<TLINK id="SECTIME1" fromID="T1" fromText="2013-05-18" toID="E1" toText="a mechanical fall" type="AFTER" />
<TLINK id="SECTIME2" fromID="T1" fromText="2013-05-18" toID="E2" toText="a hip and arm fracture" type="AFTER" />
<TLINK id="SECTIME3" fromID="T1" fromText="2013-05-18" toID="E3" toText="Fall" type="AFTER" />
<TLINK id="SECTIME4" fromID="T1" fromText="2013-05-18" toID="E60" toText="witnessed" type="OVERLAP" />
<TLINK id="SECTIME5" fromID="T1" fromText="2013-05-18" toID="E4" toText="Nicholas seizures" type="AFTER" />
<TLINK id="SECTIME6" fromID="T1" fromText="2013-05-18" toID="E5" toText="LOC" type="AFTER" />
<TLINK id="SECTIME7" fromID="T1" fromText="2013-05-18" toID="E6" toText="head or neck trauma" type="AFTER" />
<TLINK id="SECTIME8" fromID="T1" fromText="2013-05-18" toID="E61" toText="denies" type="OVERLAP" />
<TLINK id="SECTIME9" fromID="T1" fromText="2013-05-18" toID="E62" toText="CP" type="AFTER" />
<TLINK id="SECTIME10" fromID="T1" fromText="2013-05-18" toID="E63" toText="SOB" type="AFTER" />
<TLINK id="SECTIME11" fromID="T1" fromText="2013-05-18" toID="E64" toText="light headedness" type="AFTER" />
<TLINK id="SECTIME12" fromID="T1" fromText="2013-05-18" toID="E65" toText="dizziness" type="AFTER" />
<TLINK id="SECTIME13" fromID="T1" fromText="2013-05-18" toID="E7" toText="the fall" type="AFTER" />
<TLINK id="SECTIME14" fromID="T1" fromText="2013-05-18" toID="E66" toText="fell" type="AFTER" />
<TLINK id="SECTIME15" fromID="T1" fromText="2013-05-18" toID="E8" toText="pain in her R arm and hip" type="AFTER" />
<TLINK id="SECTIME16" fromID="T1" fromText="2013-05-18" toID="E54" toText="Presented" type="AFTER" />
<TLINK id="SECTIME17" fromID="T1" fromText="2013-05-18" toID="E67" toText="Taunton" type="AFTER" />
<TLINK id="SECTIME18" fromID="T1" fromText="2013-05-18" toID="E68" toText="found" type="AFTER" />
<TLINK id="SECTIME19" fromID="T1" fromText="2013-05-18" toID="E9" toText="R humerus and R hip fx" type="AFTER" />
<TLINK id="SECTIME20" fromID="T1" fromText="2013-05-18" toID="E69" toText="Ct" type="AFTER" />
<TLINK id="SECTIME21" fromID="T1" fromText="2013-05-18" toID="E70" toText="fx" type="AFTER" />
<TLINK id="SECTIME22" fromID="T1" fromText="2013-05-18" toID="E71" toText="bleed" type="AFTER" />
<TLINK id="SECTIME23" fromID="T1" fromText="2013-05-18" toID="E72" toText="dislocation" type="AFTER" />
<TLINK id="SECTIME24" fromID="T2" fromText="2013-05-24" toID="E73" toText="MMP" type="AFTER" />
<TLINK id="SECTIME25" fromID="T2" fromText="2013-05-24" toID="E10" toText="a mechanical fall" type="AFTER" />
<TLINK id="SECTIME26" fromID="T2" fromText="2013-05-24" toID="E11" toText="a hip and arm fracture" type="AFTER" />
<TLINK id="SECTIME27" fromID="T2" fromText="2013-05-24" toID="E12" toText="Fall" type="AFTER" />
<TLINK id="SECTIME28" fromID="T2" fromText="2013-05-24" toID="E74" toText="mechanical in nature" type="AFTER" />
<TLINK id="SECTIME29" fromID="T2" fromText="2013-05-24" toID="E13" toText="injuries to her shoulder and hip" type="AFTER" />
<TLINK id="SECTIME30" fromID="T2" fromText="2013-05-24" toID="E14" toText="CAD" type="AFTER" />
<TLINK id="SECTIME31" fromID="T2" fromText="2013-05-24" toID="E15" toText="CHF" type="AFTER" />
<TLINK id="SECTIME32" fromID="T2" fromText="2013-05-24" toID="E16" toText="a low hct" type="AFTER" />
<TLINK id="SECTIME33" fromID="T2" fromText="2013-05-24" toID="E17" toText="major trauma" type="AFTER" />
<TLINK id="SECTIME34" fromID="T2" fromText="2013-05-24" toID="E75" toText="changes" type="AFTER" />
<TLINK id="SECTIME35" fromID="T2" fromText="2013-05-24" toID="E76" toText="EKG" type="AFTER" />
<TLINK id="SECTIME36" fromID="T2" fromText="2013-05-24" toID="E18" toText="pressor" type="AFTER" />
<TLINK id="SECTIME37" fromID="T2" fromText="2013-05-24" toID="E19" toText="Anemia" type="AFTER" />
<TLINK id="SECTIME38" fromID="T2" fromText="2013-05-24" toID="E20" toText="transfusion dependant" type="AFTER" />
<TLINK id="SECTIME39" fromID="T2" fromText="2013-05-24" toID="E77" toText="transfuse" type="AFTER" />
<TLINK id="SECTIME40" fromID="T2" fromText="2013-05-24" toID="E21" toText="lasix" type="AFTER" />
<TLINK id="SECTIME41" fromID="T2" fromText="2013-05-24" toID="E22" toText="GERD" type="AFTER" />
<TLINK id="SECTIME42" fromID="T2" fromText="2013-05-24" toID="E23" toText="PPI" type="AFTER" />
<TLINK id="SECTIME43" fromID="T2" fromText="2013-05-24" toID="E24" toText="DM" type="AFTER" />
<TLINK id="SECTIME44" fromID="T2" fromText="2013-05-24" toID="E25" toText="glipizide" type="AFTER" />
<TLINK id="SECTIME45" fromID="T2" fromText="2013-05-24" toID="E26" toText="ISS" type="AFTER" />
<TLINK id="SECTIME46" fromID="T2" fromText="2013-05-24" toID="E27" toText="PMR" type="AFTER" />
<TLINK id="SECTIME47" fromID="T2" fromText="2013-05-24" toID="E28" toText="prednisone" type="AFTER" />
<TLINK id="SECTIME48" fromID="T2" fromText="2013-05-24" toID="E29" toText="a recent fall" type="AFTER" />
<TLINK id="SECTIME49" fromID="T2" fromText="2013-05-24" toID="E78" toText="right ORIF of the hip" type="AFTER" />
<TLINK id="SECTIME50" fromID="T2" fromText="2013-05-24" toID="E55" toText="right wrist fracture ORIF" type="AFTER" />
<TLINK id="SECTIME51" fromID="T2" fromText="2013-05-24" toID="E79" toText="the hospital" type="AFTER" />
<TLINK id="SECTIME52" fromID="T2" fromText="2013-05-24" toID="E80" toText="this event" type="AFTER" />
<TLINK id="SECTIME53" fromID="T2" fromText="2013-05-24" toID="E56" toText="noted" type="AFTER" />
<TLINK id="SECTIME54" fromID="T2" fromText="2013-05-24" toID="E30" toText="abdominal pain" type="AFTER" />
<TLINK id="SECTIME55" fromID="T2" fromText="2013-05-24" toID="E31" toText="distention" type="AFTER" />
<TLINK id="SECTIME56" fromID="T2" fromText="2013-05-24" toID="E32" toText="coffee ground emesis" type="AFTER" />
<TLINK id="SECTIME57" fromID="T2" fromText="2013-05-24" toID="E33" toText="worsening mental status" type="AFTER" />
<TLINK id="SECTIME58" fromID="T2" fromText="2013-05-24" toID="E34" toText="renal failure" type="AFTER" />
<TLINK id="SECTIME59" fromID="T2" fromText="2013-05-24" toID="E35" toText="CT scan" type="AFTER" />
<TLINK id="SECTIME60" fromID="T2" fromText="2013-05-24" toID="E57" toText="revealed" type="AFTER" />
<TLINK id="SECTIME61" fromID="T2" fromText="2013-05-24" toID="E36" toText="free air" type="AFTER" />
<TLINK id="SECTIME62" fromID="T2" fromText="2013-05-24" toID="E37" toText="massive ascites" type="AFTER" />
<TLINK id="SECTIME63" fromID="T2" fromText="2013-05-24" toID="E38" toText="surgery" type="AFTER" />
<TLINK id="SECTIME64" fromID="T2" fromText="2013-05-24" toID="E39" toText="Exploratory laparotomy" type="AFTER" />
<TLINK id="SECTIME65" fromID="T2" fromText="2013-05-24" toID="E40" toText="drainage" type="AFTER" />
<TLINK id="SECTIME66" fromID="T2" fromText="2013-05-24" toID="E41" toText="intra-abdominal abscess" type="AFTER" />
<TLINK id="SECTIME67" fromID="T2" fromText="2013-05-24" toID="E42" toText="peritonitis" type="AFTER" />
<TLINK id="SECTIME68" fromID="T2" fromText="2013-05-24" toID="E43" toText="gross soilage with bile and gastric contents" type="AFTER" />
<TLINK id="SECTIME69" fromID="T2" fromText="2013-05-24" toID="E44" toText="Exposure" type="AFTER" />
<TLINK id="SECTIME70" fromID="T2" fromText="2013-05-24" toID="E45" toText="wide drainage" type="AFTER" />
<TLINK id="SECTIME71" fromID="T2" fromText="2013-05-24" toID="E46" toText="perforated posterior duodenal ulcer" type="AFTER" />
<TLINK id="SECTIME72" fromID="T2" fromText="2013-05-24" toID="E47" toText="internal and external drainage" type="AFTER" />
<TLINK id="SECTIME73" fromID="T2" fromText="2013-05-24" toID="E48" toText="Feeding jejunostomy" type="AFTER" />
<TLINK id="SECTIME74" fromID="T2" fromText="2013-05-24" toID="E49" toText="Tube gastrostomy" type="AFTER" />
<TLINK id="SECTIME75" fromID="T2" fromText="2013-05-24" toID="E81" toText="spiking fevers" type="AFTER" />
<TLINK id="SECTIME76" fromID="T2" fromText="2013-05-24" toID="E50" toText="ventilatory support" type="AFTER" />
<TLINK id="SECTIME77" fromID="T2" fromText="2013-05-24" toID="E51" toText="pressors" type="AFTER" />
<TLINK id="SECTIME78" fromID="T2" fromText="2013-05-24" toID="E52" toText="the bp." type="AFTER" />
<TLINK id="SECTIME79" fromID="T2" fromText="2013-05-24" toID="E82" toText="improvement" type="AFTER" />
<TLINK id="SECTIME80" fromID="T2" fromText="2013-05-24" toID="E83" toText="mental staus" type="AFTER" />
<TLINK id="SECTIME81" fromID="T2" fromText="2013-05-24" toID="E84" toText="CMO" type="AFTER" />
<TLINK id="SECTIME82" fromID="T2" fromText="2013-05-24" toID="E58" toText="Expired" type="AFTER" />
<TLINK id="TL0" fromID="T2" fromText="2013-05-24" toID="T0" toText="today" type="OVERLAP" />
<TLINK id="TL1" fromID="T2" fromText="2013-05-24" toID="T3" toText="05-23" type="AFTER" />
<TLINK id="TL2" fromID="T2" fromText="2013-05-24" toID="T5" toText="5/20/5" type="AFTER" />
<TLINK id="TL3" fromID="E1" fromText="a mechanical fall" toID="E3" toText="Fall" type="OVERLAP" />
<TLINK id="TL4" fromID="E3" fromText="Fall" toID="E1" toText="a mechanical fall" type="OVERLAP" />
<TLINK id="TL5" fromID="E3" fromText="Fall" toID="E4" toText="Nicholas seizures" type="OVERLAP" />
<TLINK id="TL6" fromID="E3" fromText="Fall" toID="E5" toText="LOC" type="OVERLAP" />
<TLINK id="TL7" fromID="E3" fromText="Fall" toID="E6" toText="head or neck trauma" type="OVERLAP" />
<TLINK id="TL8" fromID="E7" fromText="the fall" toID="E8" toText="pain in her R arm and hip" type="OVERLAP" />
<TLINK id="TL9" fromID="E10" fromText="a mechanical fall" toID="E12" toText="Fall" type="OVERLAP" />
<TLINK id="TL10" fromID="E12" fromText="Fall" toID="E10" toText="a mechanical fall" type="OVERLAP" />
<TLINK id="TL11" fromID="E77" fromText="transfuse" toID="E23" toText="PPI" type="OVERLAP" />
<TLINK id="TL12" fromID="E21" fromText="lasix" toID="E23" toText="PPI" type="OVERLAP" />
<TLINK id="TL13" fromID="E23" fromText="PPI" toID="E25" toText="glipizide" type="OVERLAP" />
<TLINK id="TL14" fromID="E23" fromText="PPI" toID="E26" toText="ISS" type="OVERLAP" />
<TLINK id="TL15" fromID="E24" fromText="DM" toID="E22" toText="GERD" type="OVERLAP" />
<TLINK id="TL16" fromID="E24" fromText="DM" toID="E27" toText="PMR" type="OVERLAP" />
<TLINK id="TL17" fromID="E25" fromText="glipizide" toID="E23" toText="PPI" type="OVERLAP" />
<TLINK id="TL18" fromID="E25" fromText="glipizide" toID="E28" toText="prednisone" type="OVERLAP" />
<TLINK id="TL19" fromID="E26" fromText="ISS" toID="E23" toText="PPI" type="OVERLAP" />
<TLINK id="TL20" fromID="E26" fromText="ISS" toID="E28" toText="prednisone" type="OVERLAP" />
<TLINK id="TL21" fromID="E27" fromText="PMR" toID="E24" toText="DM" type="OVERLAP" />
<TLINK id="TL22" fromID="E28" fromText="prednisone" toID="E25" toText="glipizide" type="OVERLAP" />
<TLINK id="TL23" fromID="E28" fromText="prednisone" toID="E26" toText="ISS" type="OVERLAP" />
<TLINK id="TL24" fromID="E79" fromText="the hospital" toID="E35" toText="CT scan" type="BEFORE" />
<TLINK id="TL25" fromID="E35" fromText="CT scan" toID="E79" toText="the hospital" type="AFTER" />
<TLINK id="TL26" fromID="E40" fromText="drainage" toID="E45" toText="wide drainage" type="OVERLAP" />
<TLINK id="TL27" fromID="E45" fromText="wide drainage" toID="E40" toText="drainage" type="OVERLAP" />
<TLINK id="TL28" fromID="E48" fromText="Feeding jejunostomy" toID="E49" toText="Tube gastrostomy" type="OVERLAP" />
<TLINK id="SECTIME83" fromID="E53" fromText="Admission" toID="T1" toText="2013-05-18" type="OVERLAP" />
<TLINK id="SECTIME84" fromID="T1" fromText="2013-05-18" toID="E53" toText="Admission" type="OVERLAP" />
<TLINK id="SECTIME85" fromID="T1" fromText="2013-05-18" toID="E0" toText="Discharge" type="BEFORE" />
<TLINK id="SECTIME86" fromID="E0" fromText="Discharge" toID="T1" toText="2013-05-18" type="AFTER" />
<TLINK id="SECTIME87" fromID="E0" fromText="Discharge" toID="T2" toText="2013-05-24" type="OVERLAP" />
<TLINK id="SECTIME88" fromID="T2" fromText="2013-05-24" toID="E0" toText="Discharge" type="OVERLAP" />
<TLINK id="TL29" fromID="E59" fromText="MMP" toID="E73" toText="MMP" type="OVERLAP" />
<TLINK id="TL30" fromID="E1" fromText="a mechanical fall" toID="E3" toText="Fall" type="OVERLAP" />
<TLINK id="TL31" fromID="E1" fromText="a mechanical fall" toID="E7" toText="the fall" type="OVERLAP" />
<TLINK id="TL32" fromID="E1" fromText="a mechanical fall" toID="E10" toText="a mechanical fall" type="OVERLAP" />
<TLINK id="TL33" fromID="E1" fromText="a mechanical fall" toID="E12" toText="Fall" type="OVERLAP" />
<TLINK id="TL34" fromID="E1" fromText="a mechanical fall" toID="E29" toText="a recent fall" type="OVERLAP" />
<TLINK id="TL35" fromID="E2" fromText="a hip and arm fracture" toID="E9" toText="R humerus and R hip fx" type="OVERLAP" />
<TLINK id="TL36" fromID="E2" fromText="a hip and arm fracture" toID="E11" toText="a hip and arm fracture" type="OVERLAP" />
<TLINK id="TL37" fromID="E3" fromText="Fall" toID="E1" toText="a mechanical fall" type="OVERLAP" />
<TLINK id="TL38" fromID="E3" fromText="Fall" toID="E7" toText="the fall" type="OVERLAP" />
<TLINK id="TL39" fromID="E3" fromText="Fall" toID="E10" toText="a mechanical fall" type="OVERLAP" />
<TLINK id="TL40" fromID="E3" fromText="Fall" toID="E12" toText="Fall" type="OVERLAP" />
<TLINK id="TL41" fromID="E3" fromText="Fall" toID="E29" toText="a recent fall" type="OVERLAP" />
<TLINK id="TL42" fromID="E7" fromText="the fall" toID="E1" toText="a mechanical fall" type="OVERLAP" />
<TLINK id="TL43" fromID="E7" fromText="the fall" toID="E3" toText="Fall" type="OVERLAP" />
<TLINK id="TL44" fromID="E7" fromText="the fall" toID="E10" toText="a mechanical fall" type="OVERLAP" />
<TLINK id="TL45" fromID="E7" fromText="the fall" toID="E12" toText="Fall" type="OVERLAP" />
<TLINK id="TL46" fromID="E7" fromText="the fall" toID="E29" toText="a recent fall" type="OVERLAP" />
<TLINK id="TL47" fromID="E9" fromText="R humerus and R hip fx" toID="E2" toText="a hip and arm fracture" type="OVERLAP" />
<TLINK id="TL48" fromID="E9" fromText="R humerus and R hip fx" toID="E11" toText="a hip and arm fracture" type="OVERLAP" />
<TLINK id="TL49" fromID="E73" fromText="MMP" toID="E59" toText="MMP" type="OVERLAP" />
<TLINK id="TL50" fromID="E10" fromText="a mechanical fall" toID="E1" toText="a mechanical fall" type="OVERLAP" />
<TLINK id="TL51" fromID="E10" fromText="a mechanical fall" toID="E3" toText="Fall" type="OVERLAP" />
<TLINK id="TL52" fromID="E10" fromText="a mechanical fall" toID="E7" toText="the fall" type="OVERLAP" />
<TLINK id="TL53" fromID="E10" fromText="a mechanical fall" toID="E12" toText="Fall" type="OVERLAP" />
<TLINK id="TL54" fromID="E10" fromText="a mechanical fall" toID="E29" toText="a recent fall" type="OVERLAP" />
<TLINK id="TL55" fromID="E11" fromText="a hip and arm fracture" toID="E2" toText="a hip and arm fracture" type="OVERLAP" />
<TLINK id="TL56" fromID="E11" fromText="a hip and arm fracture" toID="E9" toText="R humerus and R hip fx" type="OVERLAP" />
<TLINK id="TL57" fromID="E12" fromText="Fall" toID="E1" toText="a mechanical fall" type="OVERLAP" />
<TLINK id="TL58" fromID="E12" fromText="Fall" toID="E3" toText="Fall" type="OVERLAP" />
<TLINK id="TL59" fromID="E12" fromText="Fall" toID="E7" toText="the fall" type="OVERLAP" />
<TLINK id="TL60" fromID="E12" fromText="Fall" toID="E10" toText="a mechanical fall" type="OVERLAP" />
<TLINK id="TL61" fromID="E12" fromText="Fall" toID="E29" toText="a recent fall" type="OVERLAP" />
<TLINK id="TL62" fromID="E29" fromText="a recent fall" toID="E1" toText="a mechanical fall" type="OVERLAP" />
<TLINK id="TL63" fromID="E29" fromText="a recent fall" toID="E3" toText="Fall" type="OVERLAP" />
<TLINK id="TL64" fromID="E29" fromText="a recent fall" toID="E7" toText="the fall" type="OVERLAP" />
<TLINK id="TL65" fromID="E29" fromText="a recent fall" toID="E10" toText="a mechanical fall" type="OVERLAP" />
<TLINK id="TL66" fromID="E29" fromText="a recent fall" toID="E12" toText="Fall" type="OVERLAP" />
<TLINK id="TL67" fromID="E78" fromText="right ORIF of the hip" toID="E38" toText="surgery" type="OVERLAP" />
<TLINK id="TL68" fromID="E38" fromText="surgery" toID="E78" toText="right ORIF of the hip" type="OVERLAP" />
<TLINK id="TL69" fromID="E53" fromText="Admission" toID="E79" toText="the hospital" type="BEFORE" />
<TLINK id="TL70" fromID="E0" fromText="Discharge" toID="E79" toText="the hospital" type="AFTER" />
<TLINK id="TL71" fromID="E59" fromText="MMP" toID="E1" toText="a mechanical fall" type="OVERLAP" />
<TLINK id="TL72" fromID="E1" fromText="a mechanical fall" toID="E59" toText="MMP" type="OVERLAP" />
<TLINK id="TL73" fromID="E1" fromText="a mechanical fall" toID="E2" toText="a hip and arm fracture" type="BEFORE" />
<TLINK id="TL74" fromID="E2" fromText="a hip and arm fracture" toID="E1" toText="a mechanical fall" type="AFTER" />
<TLINK id="TL75" fromID="E3" fromText="Fall" toID="E60" toText="witnessed" type="BEFORE" />
<TLINK id="TL76" fromID="E60" fromText="witnessed" toID="E3" toText="Fall" type="AFTER" />
<TLINK id="TL77" fromID="E61" fromText="denies" toID="E62" toText="CP" type="AFTER" />
<TLINK id="TL78" fromID="E61" fromText="denies" toID="E63" toText="SOB" type="AFTER" />
<TLINK id="TL79" fromID="E61" fromText="denies" toID="E7" toText="the fall" type="AFTER" />
<TLINK id="TL80" fromID="E62" fromText="CP" toID="E61" toText="denies" type="BEFORE" />
<TLINK id="TL81" fromID="E62" fromText="CP" toID="E63" toText="SOB" type="OVERLAP" />
<TLINK id="TL82" fromID="E62" fromText="CP" toID="E7" toText="the fall" type="AFTER" />
<TLINK id="TL83" fromID="E63" fromText="SOB" toID="E61" toText="denies" type="BEFORE" />
<TLINK id="TL84" fromID="E63" fromText="SOB" toID="E62" toText="CP" type="OVERLAP" />
<TLINK id="TL85" fromID="E63" fromText="SOB" toID="E7" toText="the fall" type="AFTER" />
<TLINK id="TL86" fromID="E64" fromText="light headedness" toID="E65" toText="dizziness" type="OVERLAP" />
<TLINK id="TL87" fromID="E64" fromText="light headedness" toID="E7" toText="the fall" type="AFTER" />
<TLINK id="TL88" fromID="E65" fromText="dizziness" toID="E64" toText="light headedness" type="OVERLAP" />
<TLINK id="TL89" fromID="E65" fromText="dizziness" toID="E7" toText="the fall" type="AFTER" />
<TLINK id="TL90" fromID="E7" fromText="the fall" toID="E61" toText="denies" type="BEFORE" />
<TLINK id="TL91" fromID="E7" fromText="the fall" toID="E62" toText="CP" type="BEFORE" />
<TLINK id="TL92" fromID="E7" fromText="the fall" toID="E63" toText="SOB" type="BEFORE" />
<TLINK id="TL93" fromID="E7" fromText="the fall" toID="E64" toText="light headedness" type="BEFORE" />
<TLINK id="TL94" fromID="E7" fromText="the fall" toID="E65" toText="dizziness" type="BEFORE" />
<TLINK id="TL95" fromID="E66" fromText="fell" toID="E8" toText="pain in her R arm and hip" type="BEFORE" />
<TLINK id="TL96" fromID="E8" fromText="pain in her R arm and hip" toID="E66" toText="fell" type="AFTER" />
<TLINK id="TL97" fromID="E54" fromText="Presented" toID="E67" toText="Taunton" type="BEFORE" />
<TLINK id="TL98" fromID="E54" fromText="Presented" toID="E68" toText="found" type="BEFORE" />
<TLINK id="TL99" fromID="E54" fromText="Presented" toID="E9" toText="R humerus and R hip fx" type="AFTER" />
<TLINK id="TL100" fromID="E67" fromText="Taunton" toID="E54" toText="Presented" type="AFTER" />
<TLINK id="TL101" fromID="E67" fromText="Taunton" toID="E68" toText="found" type="OVERLAP" />
<TLINK id="TL102" fromID="E67" fromText="Taunton" toID="E9" toText="R humerus and R hip fx" type="AFTER" />
<TLINK id="TL103" fromID="E68" fromText="found" toID="E54" toText="Presented" type="AFTER" />
<TLINK id="TL104" fromID="E68" fromText="found" toID="E67" toText="Taunton" type="OVERLAP" />
<TLINK id="TL105" fromID="E68" fromText="found" toID="E9" toText="R humerus and R hip fx" type="AFTER" />
<TLINK id="TL106" fromID="E9" fromText="R humerus and R hip fx" toID="E54" toText="Presented" type="BEFORE" />
<TLINK id="TL107" fromID="E9" fromText="R humerus and R hip fx" toID="E67" toText="Taunton" type="BEFORE" />
<TLINK id="TL108" fromID="E9" fromText="R humerus and R hip fx" toID="E68" toText="found" type="BEFORE" />
<TLINK id="TL109" fromID="E69" fromText="Ct" toID="E70" toText="fx" type="AFTER" />
<TLINK id="TL110" fromID="E69" fromText="Ct" toID="E71" toText="bleed" type="AFTER" />
<TLINK id="TL111" fromID="E69" fromText="Ct" toID="E72" toText="dislocation" type="AFTER" />
<TLINK id="TL112" fromID="E70" fromText="fx" toID="E69" toText="Ct" type="BEFORE" />
<TLINK id="TL113" fromID="E71" fromText="bleed" toID="E69" toText="Ct" type="BEFORE" />
<TLINK id="TL114" fromID="E71" fromText="bleed" toID="E72" toText="dislocation" type="OVERLAP" />
<TLINK id="TL115" fromID="E72" fromText="dislocation" toID="E69" toText="Ct" type="BEFORE" />
<TLINK id="TL116" fromID="E72" fromText="dislocation" toID="E71" toText="bleed" type="OVERLAP" />
<TLINK id="TL117" fromID="E10" fromText="a mechanical fall" toID="E11" toText="a hip and arm fracture" type="BEFORE" />
<TLINK id="TL118" fromID="E11" fromText="a hip and arm fracture" toID="E10" toText="a mechanical fall" type="AFTER" />
<TLINK id="TL119" fromID="E12" fromText="Fall" toID="E74" toText="mechanical in nature" type="OVERLAP" />
<TLINK id="TL120" fromID="E74" fromText="mechanical in nature" toID="E12" toText="Fall" type="OVERLAP" />
<TLINK id="TL121" fromID="E14" fromText="CAD" toID="E15" toText="CHF" type="OVERLAP" />
<TLINK id="TL122" fromID="E15" fromText="CHF" toID="E14" toText="CAD" type="OVERLAP" />
<TLINK id="TL123" fromID="E15" fromText="CHF" toID="E16" toText="a low hct" type="OVERLAP" />
<TLINK id="TL124" fromID="E15" fromText="CHF" toID="E17" toText="major trauma" type="OVERLAP" />
<TLINK id="TL125" fromID="E16" fromText="a low hct" toID="E15" toText="CHF" type="OVERLAP" />
<TLINK id="TL126" fromID="E16" fromText="a low hct" toID="E17" toText="major trauma" type="OVERLAP" />
<TLINK id="TL127" fromID="E17" fromText="major trauma" toID="E15" toText="CHF" type="OVERLAP" />
<TLINK id="TL128" fromID="E17" fromText="major trauma" toID="E16" toText="a low hct" type="OVERLAP" />
<TLINK id="TL129" fromID="E75" fromText="changes" toID="E76" toText="EKG" type="OVERLAP" />
<TLINK id="TL130" fromID="E76" fromText="EKG" toID="E75" toText="changes" type="OVERLAP" />
<TLINK id="TL131" fromID="E77" fromText="transfuse" toID="T0" toText="today" type="OVERLAP" />
<TLINK id="TL132" fromID="E77" fromText="transfuse" toID="E21" toText="lasix" type="OVERLAP" />
<TLINK id="TL133" fromID="T0" fromText="today" toID="E77" toText="transfuse" type="OVERLAP" />
<TLINK id="TL134" fromID="T0" fromText="today" toID="E21" toText="lasix" type="AFTER" />
<TLINK id="TL135" fromID="E21" fromText="lasix" toID="E77" toText="transfuse" type="OVERLAP" />
<TLINK id="TL136" fromID="E21" fromText="lasix" toID="T0" toText="today" type="AFTER" />
<TLINK id="TL137" fromID="E22" fromText="GERD" toID="E23" toText="PPI" type="BEFORE" />
<TLINK id="TL138" fromID="E23" fromText="PPI" toID="E22" toText="GERD" type="AFTER" />
<TLINK id="TL139" fromID="E24" fromText="DM" toID="E25" toText="glipizide" type="BEFORE" />
<TLINK id="TL140" fromID="E24" fromText="DM" toID="E26" toText="ISS" type="BEFORE" />
<TLINK id="TL141" fromID="E25" fromText="glipizide" toID="E24" toText="DM" type="AFTER" />
<TLINK id="TL142" fromID="E25" fromText="glipizide" toID="E26" toText="ISS" type="OVERLAP" />
<TLINK id="TL143" fromID="E26" fromText="ISS" toID="E24" toText="DM" type="AFTER" />
<TLINK id="TL144" fromID="E26" fromText="ISS" toID="E25" toText="glipizide" type="OVERLAP" />
<TLINK id="TL145" fromID="E27" fromText="PMR" toID="E28" toText="prednisone" type="BEFORE" />
<TLINK id="TL146" fromID="E28" fromText="prednisone" toID="E27" toText="PMR" type="AFTER" />
<TLINK id="TL147" fromID="E29" fromText="a recent fall" toID="E79" toText="the hospital" type="BEFORE" />
<TLINK id="TL148" fromID="E29" fromText="a recent fall" toID="E56" toText="noted" type="BEFORE" />
<TLINK id="TL149" fromID="E29" fromText="a recent fall" toID="E30" toText="abdominal pain" type="AFTER" />
<TLINK id="TL150" fromID="E29" fromText="a recent fall" toID="E32" toText="coffee ground emesis" type="AFTER" />
<TLINK id="TL151" fromID="E29" fromText="a recent fall" toID="E33" toText="worsening mental status" type="AFTER" />
<TLINK id="TL152" fromID="E78" fromText="right ORIF of the hip" toID="E55" toText="right wrist fracture ORIF" type="OVERLAP" />
<TLINK id="TL153" fromID="E78" fromText="right ORIF of the hip" toID="E79" toText="the hospital" type="OVERLAP" />
<TLINK id="TL154" fromID="E78" fromText="right ORIF of the hip" toID="E80" toText="this event" type="OVERLAP" />
<TLINK id="TL155" fromID="E78" fromText="right ORIF of the hip" toID="E56" toText="noted" type="BEFORE" />
<TLINK id="TL156" fromID="E55" fromText="right wrist fracture ORIF" toID="E78" toText="right ORIF of the hip" type="OVERLAP" />
<TLINK id="TL157" fromID="E55" fromText="right wrist fracture ORIF" toID="E79" toText="the hospital" type="OVERLAP" />
<TLINK id="TL158" fromID="E55" fromText="right wrist fracture ORIF" toID="E80" toText="this event" type="OVERLAP" />
<TLINK id="TL159" fromID="E55" fromText="right wrist fracture ORIF" toID="E56" toText="noted" type="BEFORE" />
<TLINK id="TL160" fromID="E79" fromText="the hospital" toID="E29" toText="a recent fall" type="AFTER" />
<TLINK id="TL161" fromID="E79" fromText="the hospital" toID="E78" toText="right ORIF of the hip" type="OVERLAP" />
<TLINK id="TL162" fromID="E79" fromText="the hospital" toID="E55" toText="right wrist fracture ORIF" type="OVERLAP" />
<TLINK id="TL163" fromID="E79" fromText="the hospital" toID="E80" toText="this event" type="AFTER" />
<TLINK id="TL164" fromID="E79" fromText="the hospital" toID="E56" toText="noted" type="BEFORE" />
<TLINK id="TL165" fromID="E79" fromText="the hospital" toID="E30" toText="abdominal pain" type="AFTER" />
<TLINK id="TL166" fromID="E79" fromText="the hospital" toID="E31" toText="distention" type="AFTER" />
<TLINK id="TL167" fromID="E79" fromText="the hospital" toID="E32" toText="coffee ground emesis" type="AFTER" />
<TLINK id="TL168" fromID="E79" fromText="the hospital" toID="E33" toText="worsening mental status" type="AFTER" />
<TLINK id="TL169" fromID="E79" fromText="the hospital" toID="E34" toText="renal failure" type="AFTER" />
<TLINK id="TL170" fromID="E80" fromText="this event" toID="E78" toText="right ORIF of the hip" type="OVERLAP" />
<TLINK id="TL171" fromID="E80" fromText="this event" toID="E55" toText="right wrist fracture ORIF" type="OVERLAP" />
<TLINK id="TL172" fromID="E80" fromText="this event" toID="E79" toText="the hospital" type="BEFORE" />
<TLINK id="TL173" fromID="E80" fromText="this event" toID="E56" toText="noted" type="BEFORE" />
<TLINK id="TL174" fromID="E80" fromText="this event" toID="E30" toText="abdominal pain" type="AFTER" />
<TLINK id="TL175" fromID="E80" fromText="this event" toID="E31" toText="distention" type="OVERLAP" />
<TLINK id="TL176" fromID="E80" fromText="this event" toID="E33" toText="worsening mental status" type="OVERLAP" />
<TLINK id="TL177" fromID="E80" fromText="this event" toID="E34" toText="renal failure" type="OVERLAP" />
<TLINK id="TL178" fromID="E56" fromText="noted" toID="E29" toText="a recent fall" type="AFTER" />
<TLINK id="TL179" fromID="E56" fromText="noted" toID="E78" toText="right ORIF of the hip" type="AFTER" />
<TLINK id="TL180" fromID="E56" fromText="noted" toID="E55" toText="right wrist fracture ORIF" type="AFTER" />
<TLINK id="TL181" fromID="E56" fromText="noted" toID="E79" toText="the hospital" type="AFTER" />
<TLINK id="TL182" fromID="E56" fromText="noted" toID="E80" toText="this event" type="AFTER" />
<TLINK id="TL183" fromID="E56" fromText="noted" toID="E30" toText="abdominal pain" type="AFTER" />
<TLINK id="TL184" fromID="E56" fromText="noted" toID="E31" toText="distention" type="AFTER" />
<TLINK id="TL185" fromID="E56" fromText="noted" toID="E32" toText="coffee ground emesis" type="AFTER" />
<TLINK id="TL186" fromID="E56" fromText="noted" toID="E33" toText="worsening mental status" type="AFTER" />
<TLINK id="TL187" fromID="E56" fromText="noted" toID="E34" toText="renal failure" type="AFTER" />
<TLINK id="TL188" fromID="E30" fromText="abdominal pain" toID="E29" toText="a recent fall" type="BEFORE" />
<TLINK id="TL189" fromID="E30" fromText="abdominal pain" toID="E79" toText="the hospital" type="BEFORE" />
<TLINK id="TL190" fromID="E30" fromText="abdominal pain" toID="E80" toText="this event" type="BEFORE" />
<TLINK id="TL191" fromID="E30" fromText="abdominal pain" toID="E56" toText="noted" type="BEFORE" />
<TLINK id="TL192" fromID="E30" fromText="abdominal pain" toID="E31" toText="distention" type="OVERLAP" />
<TLINK id="TL193" fromID="E30" fromText="abdominal pain" toID="E32" toText="coffee ground emesis" type="OVERLAP" />
<TLINK id="TL194" fromID="E31" fromText="distention" toID="E79" toText="the hospital" type="BEFORE" />
<TLINK id="TL195" fromID="E31" fromText="distention" toID="E80" toText="this event" type="OVERLAP" />
<TLINK id="TL196" fromID="E31" fromText="distention" toID="E56" toText="noted" type="BEFORE" />
<TLINK id="TL197" fromID="E31" fromText="distention" toID="E30" toText="abdominal pain" type="OVERLAP" />
<TLINK id="TL198" fromID="E31" fromText="distention" toID="E32" toText="coffee ground emesis" type="OVERLAP" />
<TLINK id="TL199" fromID="E32" fromText="coffee ground emesis" toID="E29" toText="a recent fall" type="BEFORE" />
<TLINK id="TL200" fromID="E32" fromText="coffee ground emesis" toID="E79" toText="the hospital" type="BEFORE" />
<TLINK id="TL201" fromID="E32" fromText="coffee ground emesis" toID="E56" toText="noted" type="BEFORE" />
<TLINK id="TL202" fromID="E32" fromText="coffee ground emesis" toID="E30" toText="abdominal pain" type="OVERLAP" />
<TLINK id="TL203" fromID="E32" fromText="coffee ground emesis" toID="E31" toText="distention" type="OVERLAP" />
<TLINK id="TL204" fromID="E32" fromText="coffee ground emesis" toID="E33" toText="worsening mental status" type="OVERLAP" />
<TLINK id="TL205" fromID="E32" fromText="coffee ground emesis" toID="E34" toText="renal failure" type="OVERLAP" />
<TLINK id="TL206" fromID="E33" fromText="worsening mental status" toID="E29" toText="a recent fall" type="BEFORE" />
<TLINK id="TL207" fromID="E33" fromText="worsening mental status" toID="E79" toText="the hospital" type="BEFORE" />
<TLINK id="TL208" fromID="E33" fromText="worsening mental status" toID="E80" toText="this event" type="OVERLAP" />
<TLINK id="TL209" fromID="E33" fromText="worsening mental status" toID="E56" toText="noted" type="BEFORE" />
<TLINK id="TL210" fromID="E33" fromText="worsening mental status" toID="E32" toText="coffee ground emesis" type="OVERLAP" />
<TLINK id="TL211" fromID="E33" fromText="worsening mental status" toID="E34" toText="renal failure" type="OVERLAP" />
<TLINK id="TL212" fromID="E34" fromText="renal failure" toID="E79" toText="the hospital" type="BEFORE" />
<TLINK id="TL213" fromID="E34" fromText="renal failure" toID="E80" toText="this event" type="OVERLAP" />
<TLINK id="TL214" fromID="E34" fromText="renal failure" toID="E56" toText="noted" type="BEFORE" />
<TLINK id="TL215" fromID="E34" fromText="renal failure" toID="E32" toText="coffee ground emesis" type="OVERLAP" />
<TLINK id="TL216" fromID="E34" fromText="renal failure" toID="E33" toText="worsening mental status" type="OVERLAP" />
<TLINK id="TL217" fromID="E35" fromText="CT scan" toID="E57" toText="revealed" type="OVERLAP" />
<TLINK id="TL218" fromID="E35" fromText="CT scan" toID="E36" toText="free air" type="AFTER" />
<TLINK id="TL219" fromID="E35" fromText="CT scan" toID="E37" toText="massive ascites" type="AFTER" />
<TLINK id="TL220" fromID="E57" fromText="revealed" toID="E35" toText="CT scan" type="OVERLAP" />
<TLINK id="TL221" fromID="E57" fromText="revealed" toID="E36" toText="free air" type="AFTER" />
<TLINK id="TL222" fromID="E57" fromText="revealed" toID="E37" toText="massive ascites" type="AFTER" />
<TLINK id="TL223" fromID="E36" fromText="free air" toID="E35" toText="CT scan" type="BEFORE" />
<TLINK id="TL224" fromID="E36" fromText="free air" toID="E57" toText="revealed" type="BEFORE" />
<TLINK id="TL225" fromID="E36" fromText="free air" toID="E37" toText="massive ascites" type="OVERLAP" />
<TLINK id="TL226" fromID="E37" fromText="massive ascites" toID="E35" toText="CT scan" type="BEFORE" />
<TLINK id="TL227" fromID="E37" fromText="massive ascites" toID="E57" toText="revealed" type="BEFORE" />
<TLINK id="TL228" fromID="E37" fromText="massive ascites" toID="E36" toText="free air" type="OVERLAP" />
<TLINK id="TL229" fromID="E38" fromText="surgery" toID="T3" toText="05-23" type="OVERLAP" />
<TLINK id="TL230" fromID="T3" fromText="05-23" toID="E38" toText="surgery" type="OVERLAP" />
<TLINK id="TL231" fromID="E39" fromText="Exploratory laparotomy" toID="E40" toText="drainage" type="OVERLAP" />
<TLINK id="TL232" fromID="E39" fromText="Exploratory laparotomy" toID="E41" toText="intra-abdominal abscess" type="AFTER" />
<TLINK id="TL233" fromID="E39" fromText="Exploratory laparotomy" toID="E42" toText="peritonitis" type="AFTER" />
<TLINK id="TL234" fromID="E39" fromText="Exploratory laparotomy" toID="E43" toText="gross soilage with bile and gastric contents" type="OVERLAP" />
<TLINK id="TL235" fromID="E40" fromText="drainage" toID="E39" toText="Exploratory laparotomy" type="OVERLAP" />
<TLINK id="TL236" fromID="E40" fromText="drainage" toID="E41" toText="intra-abdominal abscess" type="AFTER" />
<TLINK id="TL237" fromID="E40" fromText="drainage" toID="E42" toText="peritonitis" type="OVERLAP" />
<TLINK id="TL238" fromID="E40" fromText="drainage" toID="E43" toText="gross soilage with bile and gastric contents" type="OVERLAP" />
<TLINK id="TL239" fromID="E41" fromText="intra-abdominal abscess" toID="E39" toText="Exploratory laparotomy" type="BEFORE" />
<TLINK id="TL240" fromID="E41" fromText="intra-abdominal abscess" toID="E40" toText="drainage" type="BEFORE" />
<TLINK id="TL241" fromID="E42" fromText="peritonitis" toID="E39" toText="Exploratory laparotomy" type="BEFORE" />
<TLINK id="TL242" fromID="E42" fromText="peritonitis" toID="E40" toText="drainage" type="OVERLAP" />
<TLINK id="TL243" fromID="E42" fromText="peritonitis" toID="E43" toText="gross soilage with bile and gastric contents" type="OVERLAP" />
<TLINK id="TL244" fromID="E43" fromText="gross soilage with bile and gastric contents" toID="E39" toText="Exploratory laparotomy" type="OVERLAP" />
<TLINK id="TL245" fromID="E43" fromText="gross soilage with bile and gastric contents" toID="E40" toText="drainage" type="OVERLAP" />
<TLINK id="TL246" fromID="E43" fromText="gross soilage with bile and gastric contents" toID="E42" toText="peritonitis" type="OVERLAP" />
<TLINK id="TL247" fromID="E44" fromText="Exposure" toID="E45" toText="wide drainage" type="OVERLAP" />
<TLINK id="TL248" fromID="E44" fromText="Exposure" toID="E46" toText="perforated posterior duodenal ulcer" type="AFTER" />
<TLINK id="TL249" fromID="E45" fromText="wide drainage" toID="E44" toText="Exposure" type="OVERLAP" />
<TLINK id="TL250" fromID="E45" fromText="wide drainage" toID="E46" toText="perforated posterior duodenal ulcer" type="AFTER" />
<TLINK id="TL251" fromID="E46" fromText="perforated posterior duodenal ulcer" toID="E44" toText="Exposure" type="BEFORE" />
<TLINK id="TL252" fromID="E46" fromText="perforated posterior duodenal ulcer" toID="E45" toText="wide drainage" type="BEFORE" />
<TLINK id="TL253" fromID="E46" fromText="perforated posterior duodenal ulcer" toID="E47" toText="internal and external drainage" type="BEFORE" />
<TLINK id="TL254" fromID="E47" fromText="internal and external drainage" toID="E46" toText="perforated posterior duodenal ulcer" type="AFTER" />
<TLINK id="TL255" fromID="E81" fromText="spiking fevers" toID="E50" toText="ventilatory support" type="BEFORE" />
<TLINK id="TL256" fromID="E81" fromText="spiking fevers" toID="E82" toText="improvement" type="OVERLAP" />
<TLINK id="TL257" fromID="E81" fromText="spiking fevers" toID="E83" toText="mental staus" type="BEFORE" />
<TLINK id="TL258" fromID="E81" fromText="spiking fevers" toID="E84" toText="CMO" type="BEFORE" />
<TLINK id="TL259" fromID="E81" fromText="spiking fevers" toID="T5" toText="5/20/5" type="BEFORE" />
<TLINK id="TL260" fromID="E50" fromText="ventilatory support" toID="E81" toText="spiking fevers" type="AFTER" />
<TLINK id="TL261" fromID="E50" fromText="ventilatory support" toID="E51" toText="pressors" type="OVERLAP" />
<TLINK id="TL262" fromID="E50" fromText="ventilatory support" toID="E52" toText="the bp." type="AFTER" />
<TLINK id="TL263" fromID="E50" fromText="ventilatory support" toID="E82" toText="improvement" type="OVERLAP" />
<TLINK id="TL264" fromID="E50" fromText="ventilatory support" toID="E83" toText="mental staus" type="BEFORE" />
<TLINK id="TL265" fromID="E50" fromText="ventilatory support" toID="E84" toText="CMO" type="BEFORE" />
<TLINK id="TL266" fromID="E50" fromText="ventilatory support" toID="T5" toText="5/20/5" type="BEFORE" />
<TLINK id="TL267" fromID="E51" fromText="pressors" toID="E50" toText="ventilatory support" type="OVERLAP" />
<TLINK id="TL268" fromID="E51" fromText="pressors" toID="E52" toText="the bp." type="AFTER" />
<TLINK id="TL269" fromID="E51" fromText="pressors" toID="E82" toText="improvement" type="OVERLAP" />
<TLINK id="TL270" fromID="E51" fromText="pressors" toID="E83" toText="mental staus" type="BEFORE" />
<TLINK id="TL271" fromID="E51" fromText="pressors" toID="E84" toText="CMO" type="BEFORE" />
<TLINK id="TL272" fromID="E51" fromText="pressors" toID="T5" toText="5/20/5" type="BEFORE" />
<TLINK id="TL273" fromID="E52" fromText="the bp." toID="E50" toText="ventilatory support" type="BEFORE" />
<TLINK id="TL274" fromID="E52" fromText="the bp." toID="E51" toText="pressors" type="BEFORE" />
<TLINK id="TL275" fromID="E52" fromText="the bp." toID="E82" toText="improvement" type="OVERLAP" />
<TLINK id="TL276" fromID="E52" fromText="the bp." toID="E83" toText="mental staus" type="OVERLAP" />
<TLINK id="TL277" fromID="E52" fromText="the bp." toID="E84" toText="CMO" type="OVERLAP" />
<TLINK id="TL278" fromID="E52" fromText="the bp." toID="T5" toText="5/20/5" type="AFTER" />
<TLINK id="TL279" fromID="E82" fromText="improvement" toID="E81" toText="spiking fevers" type="OVERLAP" />
<TLINK id="TL280" fromID="E82" fromText="improvement" toID="E50" toText="ventilatory support" type="OVERLAP" />
<TLINK id="TL281" fromID="E82" fromText="improvement" toID="E51" toText="pressors" type="OVERLAP" />
<TLINK id="TL282" fromID="E82" fromText="improvement" toID="E52" toText="the bp." type="OVERLAP" />
<TLINK id="TL283" fromID="E82" fromText="improvement" toID="E83" toText="mental staus" type="OVERLAP" />
<TLINK id="TL284" fromID="E82" fromText="improvement" toID="E84" toText="CMO" type="BEFORE" />
<TLINK id="TL285" fromID="E82" fromText="improvement" toID="T5" toText="5/20/5" type="OVERLAP" />
<TLINK id="TL286" fromID="E83" fromText="mental staus" toID="E81" toText="spiking fevers" type="AFTER" />
<TLINK id="TL287" fromID="E83" fromText="mental staus" toID="E50" toText="ventilatory support" type="AFTER" />
<TLINK id="TL288" fromID="E83" fromText="mental staus" toID="E51" toText="pressors" type="AFTER" />
<TLINK id="TL289" fromID="E83" fromText="mental staus" toID="E52" toText="the bp." type="OVERLAP" />
<TLINK id="TL290" fromID="E83" fromText="mental staus" toID="E82" toText="improvement" type="OVERLAP" />
<TLINK id="TL291" fromID="E83" fromText="mental staus" toID="E84" toText="CMO" type="OVERLAP" />
<TLINK id="TL292" fromID="E83" fromText="mental staus" toID="T5" toText="5/20/5" type="OVERLAP" />
<TLINK id="TL293" fromID="E84" fromText="CMO" toID="E81" toText="spiking fevers" type="AFTER" />
<TLINK id="TL294" fromID="E84" fromText="CMO" toID="E50" toText="ventilatory support" type="AFTER" />
<TLINK id="TL295" fromID="E84" fromText="CMO" toID="E51" toText="pressors" type="AFTER" />
<TLINK id="TL296" fromID="E84" fromText="CMO" toID="E52" toText="the bp." type="OVERLAP" />
<TLINK id="TL297" fromID="E84" fromText="CMO" toID="E82" toText="improvement" type="OVERLAP" />
<TLINK id="TL298" fromID="E84" fromText="CMO" toID="E83" toText="mental staus" type="OVERLAP" />
<TLINK id="TL299" fromID="E84" fromText="CMO" toID="T5" toText="5/20/5" type="OVERLAP" />
<TLINK id="TL300" fromID="T5" fromText="5/20/5" toID="E81" toText="spiking fevers" type="AFTER" />
<TLINK id="TL301" fromID="T5" fromText="5/20/5" toID="E50" toText="ventilatory support" type="AFTER" />
<TLINK id="TL302" fromID="T5" fromText="5/20/5" toID="E51" toText="pressors" type="OVERLAP" />
<TLINK id="TL303" fromID="T5" fromText="5/20/5" toID="E52" toText="the bp." type="BEFORE" />
<TLINK id="TL304" fromID="T5" fromText="5/20/5" toID="E82" toText="improvement" type="OVERLAP" />
<TLINK id="TL305" fromID="T5" fromText="5/20/5" toID="E83" toText="mental staus" type="OVERLAP" />
<TLINK id="TL306" fromID="T5" fromText="5/20/5" toID="E84" toText="CMO" type="OVERLAP" />
</TAGS>
</ClinicalNarrativeTemporalAnnotation>
