<?xml version="1.0" encoding="UTF-8" ?>
<ClinicalNarrativeTemporalAnnotation>
<TEXT><![CDATA[
ADMISSION DATE :
10/17/95
DISCHARGE DATE :
10/20/95
HISTORY OF PRESENT ILLNESS :
This is a 73-year-old man with squamous cell carcinoma of the lung , status post lobectomy and resection of left cervical recurrence , admitted here with fever and neutropenia .
Recently he had been receiving a combination of outpatient chemotherapy with the CAMP Program .
Other medical problems include hypothyroidism , hypercholesterolemia , hypertension and neuropathy from Taxol .
HOSPITAL COURSE :
He was started on Neupogen , 400 mcg. subq. q.d.
He was initially treated with antibiotic therapy .
Chest x-ray showed questionable nodule in the right lower lobe , reasonably stable .
Calcium 8.7 , bilirubin 0.3/1.3 , creatinine 1.1 , glucose 128 .
Hematocrit 24.6 .
WBC rose to 1.7 on 10/19 .
The patient had some diarrhea .
There was no diarrhea on 10/20 .
He was feeling well and afebrile .
The neutropenia resolved and he was felt to be in satisfactory condition on discharge on 10/20/95 .
He was discharged home on Neupogen .
]]></TEXT>
<TAGS>
<EVENT id="E0" start="1" end="10" text="ADMISSION" modality="FACTUAL" polarity="POS" type="OCCURRENCE" />
<EVENT id="E37" start="1007" end="1015" text="Neupogen" modality="FACTUAL" polarity="POS" type="TREATMENT" />
<EVENT id="E2" start="113" end="148" text="squamous cell carcinoma of the lung" modality="FACTUAL" polarity="POS" type="PROBLEM" />
<EVENT id="E3" start="163" end="172" text="lobectomy" modality="FACTUAL" polarity="POS" type="TREATMENT" />
<EVENT id="E4" start="177" end="186" text="resection" modality="FACTUAL" polarity="POS" type="TREATMENT" />
<EVENT id="E5" start="190" end="214" text="left cervical recurrence" modality="FACTUAL" polarity="POS" type="PROBLEM" />
<EVENT id="E6" start="217" end="225" text="admitted" modality="FACTUAL" polarity="POS" type="OCCURRENCE" />
<EVENT id="E7" start="236" end="241" text="fever" modality="FACTUAL" polarity="POS" type="PROBLEM" />
<EVENT id="E8" start="246" end="257" text="neutropenia" modality="FACTUAL" polarity="POS" type="PROBLEM" />
<EVENT id="E1" start="27" end="36" text="DISCHARGE" modality="FACTUAL" polarity="POS" type="OCCURRENCE" />
<EVENT id="E9" start="308" end="331" text="outpatient chemotherapy" modality="FACTUAL" polarity="POS" type="TREATMENT" />
<EVENT id="E10" start="337" end="353" text="the CAMP Program" modality="FACTUAL" polarity="POS" type="OCCURRENCE" />
<EVENT id="E11" start="356" end="378" text="Other medical problems" modality="FACTUAL" polarity="POS" type="PROBLEM" />
<EVENT id="E12" start="387" end="401" text="hypothyroidism" modality="FACTUAL" polarity="POS" type="PROBLEM" />
<EVENT id="E13" start="404" end="424" text="hypercholesterolemia" modality="FACTUAL" polarity="POS" type="PROBLEM" />
<EVENT id="E14" start="427" end="439" text="hypertension" modality="FACTUAL" polarity="POS" type="PROBLEM" />
<EVENT id="E15" start="444" end="454" text="neuropathy" modality="FACTUAL" polarity="POS" type="PROBLEM" />
<EVENT id="E16" start="460" end="465" text="Taxol" modality="FACTUAL" polarity="POS" type="TREATMENT" />
<EVENT id="E17" start="504" end="512" text="Neupogen" modality="FACTUAL" polarity="POS" type="TREATMENT" />
<EVENT id="E18" start="565" end="583" text="antibiotic therapy" modality="FACTUAL" polarity="POS" type="TREATMENT" />
<EVENT id="E19" start="586" end="597" text="Chest x-ray" modality="FACTUAL" polarity="POS" type="TEST" />
<EVENT id="E20" start="598" end="604" text="showed" modality="FACTUAL" polarity="POS" type="EVIDENTIAL" />
<EVENT id="E21" start="618" end="648" text="nodule in the right lower lobe" modality="POSSIBLE" polarity="POS" type="PROBLEM" />
<EVENT id="E22" start="662" end="668" text="stable" modality="FACTUAL" polarity="POS" type="OCCURRENCE" />
<EVENT id="E23" start="671" end="678" text="Calcium" modality="FACTUAL" polarity="POS" type="TEST" />
<EVENT id="E24" start="685" end="694" text="bilirubin" modality="FACTUAL" polarity="POS" type="TEST" />
<EVENT id="E25" start="705" end="715" text="creatinine" modality="FACTUAL" polarity="POS" type="TEST" />
<EVENT id="E26" start="722" end="729" text="glucose" modality="FACTUAL" polarity="POS" type="TEST" />
<EVENT id="E27" start="736" end="746" text="Hematocrit" modality="FACTUAL" polarity="POS" type="TEST" />
<EVENT id="E28" start="754" end="757" text="WBC" modality="FACTUAL" polarity="POS" type="TEST" />
<EVENT id="E29" start="797" end="810" text="some diarrhea" modality="FACTUAL" polarity="POS" type="PROBLEM" />
<EVENT id="E30" start="826" end="834" text="diarrhea" modality="FACTUAL" polarity="NEG" type="PROBLEM" />
<EVENT id="E31" start="861" end="865" text="well" modality="FACTUAL" polarity="POS" type="OCCURRENCE" />
<EVENT id="E32" start="870" end="878" text="afebrile" modality="FACTUAL" polarity="POS" type="PROBLEM" />
<EVENT id="E33" start="881" end="896" text="The neutropenia" modality="FACTUAL" polarity="POS" type="PROBLEM" />
<EVENT id="E38" start="897" end="905" text="resolved" modality="FACTUAL" polarity="POS" type="OCCURRENCE" />
<EVENT id="E34" start="931" end="953" text="satisfactory condition" modality="FACTUAL" polarity="POS" type="OCCURRENCE" />
<EVENT id="E35" start="957" end="966" text="discharge" modality="FACTUAL" polarity="POS" type="OCCURRENCE" />
<EVENT id="E36" start="988" end="998" text="discharged" modality="FACTUAL" polarity="POS" type="OCCURRENCE" />
<TIMEX3 id="T0" start="18" end="26" text="10/17/95" type="DATE" val="1995-10-17" mod="NA" />
<TIMEX3 id="T1" start="44" end="52" text="10/20/95" type="DATE" val="1995-10-20" mod="NA" />
<TIMEX3 id="T2" start="530" end="534" text="q.d." type="FREQUENCY" val="RPT24H" mod="NA" />
<TIMEX3 id="T3" start="773" end="778" text="10/19" type="DATE" val="1995-10-19" mod="NA" />
<TIMEX3 id="T4" start="838" end="843" text="10/20" type="DATE" val="1995-10-20" mod="NA" />
<TIMEX3 id="T5" start="970" end="978" text="10/20/95" type="DATE" val="1995-10-20" mod="NA" />
<SECTIME id="S0" start="18" end="26" text="10/17/95" type="ADMISSION" dvalue="1995-10-17" />
<SECTIME id="S1" start="44" end="52" text="10/20/95" type="DISCHARGE" dvalue="1995-10-20" />
<TLINK id="SECTIME0" fromID="T0" fromText="10/17/95" toID="E2" toText="squamous cell carcinoma of the lung" type="AFTER" />
<TLINK id="SECTIME1" fromID="T0" fromText="10/17/95" toID="E3" toText="lobectomy" type="AFTER" />
<TLINK id="SECTIME2" fromID="T0" fromText="10/17/95" toID="E4" toText="resection" type="AFTER" />
<TLINK id="SECTIME3" fromID="T0" fromText="10/17/95" toID="E5" toText="left cervical recurrence" type="AFTER" />
<TLINK id="SECTIME4" fromID="T0" fromText="10/17/95" toID="E6" toText="admitted" type="OVERLAP" />
<TLINK id="SECTIME5" fromID="T0" fromText="10/17/95" toID="E7" toText="fever" type="AFTER" />
<TLINK id="SECTIME6" fromID="T0" fromText="10/17/95" toID="E8" toText="neutropenia" type="AFTER" />
<TLINK id="SECTIME7" fromID="T0" fromText="10/17/95" toID="E9" toText="outpatient chemotherapy" type="AFTER" />
<TLINK id="SECTIME8" fromID="T0" fromText="10/17/95" toID="E10" toText="the CAMP Program" type="AFTER" />
<TLINK id="SECTIME9" fromID="T0" fromText="10/17/95" toID="E11" toText="Other medical problems" type="AFTER" />
<TLINK id="SECTIME10" fromID="T0" fromText="10/17/95" toID="E12" toText="hypothyroidism" type="AFTER" />
<TLINK id="SECTIME11" fromID="T0" fromText="10/17/95" toID="E13" toText="hypercholesterolemia" type="AFTER" />
<TLINK id="SECTIME12" fromID="T0" fromText="10/17/95" toID="E14" toText="hypertension" type="AFTER" />
<TLINK id="SECTIME13" fromID="T0" fromText="10/17/95" toID="E15" toText="neuropathy" type="AFTER" />
<TLINK id="SECTIME14" fromID="T0" fromText="10/17/95" toID="E16" toText="Taxol" type="AFTER" />
<TLINK id="SECTIME15" fromID="T1" fromText="10/20/95" toID="E17" toText="Neupogen" type="AFTER" />
<TLINK id="SECTIME16" fromID="T1" fromText="10/20/95" toID="E18" toText="antibiotic therapy" type="AFTER" />
<TLINK id="SECTIME17" fromID="T1" fromText="10/20/95" toID="E19" toText="Chest x-ray" type="AFTER" />
<TLINK id="SECTIME18" fromID="T1" fromText="10/20/95" toID="E20" toText="showed" type="AFTER" />
<TLINK id="SECTIME19" fromID="T1" fromText="10/20/95" toID="E21" toText="nodule in the right lower lobe" type="AFTER" />
<TLINK id="SECTIME20" fromID="T1" fromText="10/20/95" toID="E22" toText="stable" type="AFTER" />
<TLINK id="SECTIME21" fromID="T1" fromText="10/20/95" toID="E23" toText="Calcium" type="AFTER" />
<TLINK id="SECTIME22" fromID="T1" fromText="10/20/95" toID="E24" toText="bilirubin" type="AFTER" />
<TLINK id="SECTIME23" fromID="T1" fromText="10/20/95" toID="E25" toText="creatinine" type="AFTER" />
<TLINK id="SECTIME24" fromID="T1" fromText="10/20/95" toID="E26" toText="glucose" type="AFTER" />
<TLINK id="SECTIME25" fromID="T1" fromText="10/20/95" toID="E27" toText="Hematocrit" type="AFTER" />
<TLINK id="SECTIME26" fromID="T1" fromText="10/20/95" toID="E28" toText="WBC" type="AFTER" />
<TLINK id="SECTIME27" fromID="T1" fromText="10/20/95" toID="E29" toText="some diarrhea" type="AFTER" />
<TLINK id="SECTIME28" fromID="T1" fromText="10/20/95" toID="E30" toText="diarrhea" type="AFTER" />
<TLINK id="SECTIME29" fromID="T1" fromText="10/20/95" toID="E31" toText="well" type="AFTER" />
<TLINK id="SECTIME30" fromID="T1" fromText="10/20/95" toID="E32" toText="afebrile" type="AFTER" />
<TLINK id="SECTIME31" fromID="T1" fromText="10/20/95" toID="E33" toText="The neutropenia" type="AFTER" />
<TLINK id="SECTIME32" fromID="T1" fromText="10/20/95" toID="E38" toText="resolved" type="AFTER" />
<TLINK id="SECTIME33" fromID="T1" fromText="10/20/95" toID="E34" toText="satisfactory condition" type="AFTER" />
<TLINK id="SECTIME34" fromID="T1" fromText="10/20/95" toID="E35" toText="discharge" type="OVERLAP" />
<TLINK id="SECTIME35" fromID="T1" fromText="10/20/95" toID="E36" toText="discharged" type="OVERLAP" />
<TLINK id="SECTIME36" fromID="T1" fromText="10/20/95" toID="E37" toText="Neupogen" type="AFTER" />
<TLINK id="TL0" fromID="T1" fromText="10/20/95" toID="T3" toText="10/19" type="AFTER" />
<TLINK id="TL1" fromID="T1" fromText="10/20/95" toID="T4" toText="10/20" type="OVERLAP" />
<TLINK id="TL2" fromID="T1" fromText="10/20/95" toID="T5" toText="10/20/95" type="OVERLAP" />
<TLINK id="TL3" fromID="E17" fromText="Neupogen" toID="E18" toText="antibiotic therapy" type="OVERLAP" />
<TLINK id="TL4" fromID="E18" fromText="antibiotic therapy" toID="E17" toText="Neupogen" type="OVERLAP" />
<TLINK id="TL5" fromID="E19" fromText="Chest x-ray" toID="E23" toText="Calcium" type="OVERLAP" />
<TLINK id="TL6" fromID="E19" fromText="Chest x-ray" toID="E24" toText="bilirubin" type="OVERLAP" />
<TLINK id="TL7" fromID="E19" fromText="Chest x-ray" toID="E25" toText="creatinine" type="OVERLAP" />
<TLINK id="TL8" fromID="E19" fromText="Chest x-ray" toID="E26" toText="glucose" type="OVERLAP" />
<TLINK id="TL9" fromID="E23" fromText="Calcium" toID="E27" toText="Hematocrit" type="OVERLAP" />
<TLINK id="TL10" fromID="E24" fromText="bilirubin" toID="E27" toText="Hematocrit" type="OVERLAP" />
<TLINK id="TL11" fromID="E25" fromText="creatinine" toID="E27" toText="Hematocrit" type="OVERLAP" />
<TLINK id="TL12" fromID="E26" fromText="glucose" toID="E27" toText="Hematocrit" type="OVERLAP" />
<TLINK id="TL13" fromID="E27" fromText="Hematocrit" toID="E23" toText="Calcium" type="OVERLAP" />
<TLINK id="TL14" fromID="E27" fromText="Hematocrit" toID="E24" toText="bilirubin" type="OVERLAP" />
<TLINK id="TL15" fromID="E27" fromText="Hematocrit" toID="E25" toText="creatinine" type="OVERLAP" />
<TLINK id="TL16" fromID="E27" fromText="Hematocrit" toID="E26" toText="glucose" type="OVERLAP" />
<TLINK id="TL17" fromID="E27" fromText="Hematocrit" toID="E28" toText="WBC" type="OVERLAP" />
<TLINK id="TL18" fromID="E28" fromText="WBC" toID="E27" toText="Hematocrit" type="OVERLAP" />
<TLINK id="TL19" fromID="E29" fromText="some diarrhea" toID="E30" toText="diarrhea" type="OVERLAP" />
<TLINK id="TL20" fromID="E30" fromText="diarrhea" toID="E29" toText="some diarrhea" type="OVERLAP" />
<TLINK id="TL21" fromID="E35" fromText="discharge" toID="E36" toText="discharged" type="OVERLAP" />
<TLINK id="TL22" fromID="E36" fromText="discharged" toID="E35" toText="discharge" type="OVERLAP" />
<TLINK id="SECTIME37" fromID="E0" fromText="ADMISSION" toID="T0" toText="10/17/95" type="OVERLAP" />
<TLINK id="SECTIME38" fromID="T0" fromText="10/17/95" toID="E0" toText="ADMISSION" type="OVERLAP" />
<TLINK id="SECTIME39" fromID="T0" fromText="10/17/95" toID="E1" toText="DISCHARGE" type="BEFORE" />
<TLINK id="SECTIME40" fromID="E1" fromText="DISCHARGE" toID="T0" toText="10/17/95" type="AFTER" />
<TLINK id="SECTIME41" fromID="E1" fromText="DISCHARGE" toID="T1" toText="10/20/95" type="OVERLAP" />
<TLINK id="SECTIME42" fromID="T1" fromText="10/20/95" toID="E1" toText="DISCHARGE" type="OVERLAP" />
<TLINK id="TL23" fromID="E8" fromText="neutropenia" toID="E33" toText="The neutropenia" type="OVERLAP" />
<TLINK id="TL24" fromID="E17" fromText="Neupogen" toID="E37" toText="Neupogen" type="OVERLAP" />
<TLINK id="TL25" fromID="E33" fromText="The neutropenia" toID="E8" toText="neutropenia" type="OVERLAP" />
<TLINK id="TL26" fromID="E37" fromText="Neupogen" toID="E17" toText="Neupogen" type="OVERLAP" />
<TLINK id="TL27" fromID="E1" fromText="DISCHARGE" toID="E35" toText="discharge" type="OVERLAP" />
<TLINK id="TL28" fromID="E1" fromText="DISCHARGE" toID="E36" toText="discharged" type="OVERLAP" />
<TLINK id="TL29" fromID="E35" fromText="discharge" toID="E1" toText="DISCHARGE" type="OVERLAP" />
<TLINK id="TL30" fromID="E35" fromText="discharge" toID="E36" toText="discharged" type="OVERLAP" />
<TLINK id="TL31" fromID="E36" fromText="discharged" toID="E1" toText="DISCHARGE" type="OVERLAP" />
<TLINK id="TL32" fromID="E36" fromText="discharged" toID="E35" toText="discharge" type="OVERLAP" />
<TLINK id="TL33" fromID="E2" fromText="squamous cell carcinoma of the lung" toID="E3" toText="lobectomy" type="OVERLAP" />
<TLINK id="TL34" fromID="E2" fromText="squamous cell carcinoma of the lung" toID="E4" toText="resection" type="OVERLAP" />
<TLINK id="TL35" fromID="E2" fromText="squamous cell carcinoma of the lung" toID="E6" toText="admitted" type="AFTER" />
<TLINK id="TL36" fromID="E2" fromText="squamous cell carcinoma of the lung" toID="E7" toText="fever" type="OVERLAP" />
<TLINK id="TL37" fromID="E3" fromText="lobectomy" toID="E2" toText="squamous cell carcinoma of the lung" type="OVERLAP" />
<TLINK id="TL38" fromID="E3" fromText="lobectomy" toID="E4" toText="resection" type="OVERLAP" />
<TLINK id="TL39" fromID="E3" fromText="lobectomy" toID="E5" toText="left cervical recurrence" type="AFTER" />
<TLINK id="TL40" fromID="E3" fromText="lobectomy" toID="E6" toText="admitted" type="AFTER" />
<TLINK id="TL41" fromID="E3" fromText="lobectomy" toID="E7" toText="fever" type="BEFORE" />
<TLINK id="TL42" fromID="E3" fromText="lobectomy" toID="E8" toText="neutropenia" type="BEFORE" />
<TLINK id="TL43" fromID="E4" fromText="resection" toID="E2" toText="squamous cell carcinoma of the lung" type="OVERLAP" />
<TLINK id="TL44" fromID="E4" fromText="resection" toID="E3" toText="lobectomy" type="OVERLAP" />
<TLINK id="TL45" fromID="E4" fromText="resection" toID="E5" toText="left cervical recurrence" type="AFTER" />
<TLINK id="TL46" fromID="E4" fromText="resection" toID="E6" toText="admitted" type="AFTER" />
<TLINK id="TL47" fromID="E4" fromText="resection" toID="E7" toText="fever" type="BEFORE" />
<TLINK id="TL48" fromID="E4" fromText="resection" toID="E8" toText="neutropenia" type="BEFORE" />
<TLINK id="TL49" fromID="E5" fromText="left cervical recurrence" toID="E3" toText="lobectomy" type="BEFORE" />
<TLINK id="TL50" fromID="E5" fromText="left cervical recurrence" toID="E4" toText="resection" type="BEFORE" />
<TLINK id="TL51" fromID="E5" fromText="left cervical recurrence" toID="E6" toText="admitted" type="BEFORE" />
<TLINK id="TL52" fromID="E5" fromText="left cervical recurrence" toID="E7" toText="fever" type="BEFORE" />
<TLINK id="TL53" fromID="E5" fromText="left cervical recurrence" toID="E8" toText="neutropenia" type="BEFORE" />
<TLINK id="TL54" fromID="E6" fromText="admitted" toID="E2" toText="squamous cell carcinoma of the lung" type="BEFORE" />
<TLINK id="TL55" fromID="E6" fromText="admitted" toID="E3" toText="lobectomy" type="BEFORE" />
<TLINK id="TL56" fromID="E6" fromText="admitted" toID="E4" toText="resection" type="BEFORE" />
<TLINK id="TL57" fromID="E6" fromText="admitted" toID="E5" toText="left cervical recurrence" type="AFTER" />
<TLINK id="TL58" fromID="E6" fromText="admitted" toID="E7" toText="fever" type="AFTER" />
<TLINK id="TL59" fromID="E6" fromText="admitted" toID="E8" toText="neutropenia" type="AFTER" />
<TLINK id="TL60" fromID="E7" fromText="fever" toID="E2" toText="squamous cell carcinoma of the lung" type="OVERLAP" />
<TLINK id="TL61" fromID="E7" fromText="fever" toID="E3" toText="lobectomy" type="AFTER" />
<TLINK id="TL62" fromID="E7" fromText="fever" toID="E4" toText="resection" type="AFTER" />
<TLINK id="TL63" fromID="E7" fromText="fever" toID="E5" toText="left cervical recurrence" type="AFTER" />
<TLINK id="TL64" fromID="E7" fromText="fever" toID="E6" toText="admitted" type="BEFORE" />
<TLINK id="TL65" fromID="E7" fromText="fever" toID="E8" toText="neutropenia" type="OVERLAP" />
<TLINK id="TL66" fromID="E8" fromText="neutropenia" toID="E3" toText="lobectomy" type="AFTER" />
<TLINK id="TL67" fromID="E8" fromText="neutropenia" toID="E4" toText="resection" type="AFTER" />
<TLINK id="TL68" fromID="E8" fromText="neutropenia" toID="E5" toText="left cervical recurrence" type="AFTER" />
<TLINK id="TL69" fromID="E8" fromText="neutropenia" toID="E6" toText="admitted" type="BEFORE" />
<TLINK id="TL70" fromID="E8" fromText="neutropenia" toID="E7" toText="fever" type="OVERLAP" />
<TLINK id="TL71" fromID="E9" fromText="outpatient chemotherapy" toID="E10" toText="the CAMP Program" type="OVERLAP" />
<TLINK id="TL72" fromID="E10" fromText="the CAMP Program" toID="E9" toText="outpatient chemotherapy" type="OVERLAP" />
<TLINK id="TL73" fromID="E11" fromText="Other medical problems" toID="E12" toText="hypothyroidism" type="OVERLAP" />
<TLINK id="TL74" fromID="E11" fromText="Other medical problems" toID="E13" toText="hypercholesterolemia" type="OVERLAP" />
<TLINK id="TL75" fromID="E11" fromText="Other medical problems" toID="E14" toText="hypertension" type="OVERLAP" />
<TLINK id="TL76" fromID="E11" fromText="Other medical problems" toID="E15" toText="neuropathy" type="OVERLAP" />
<TLINK id="TL77" fromID="E11" fromText="Other medical problems" toID="E16" toText="Taxol" type="AFTER" />
<TLINK id="TL78" fromID="E12" fromText="hypothyroidism" toID="E11" toText="Other medical problems" type="OVERLAP" />
<TLINK id="TL79" fromID="E12" fromText="hypothyroidism" toID="E13" toText="hypercholesterolemia" type="OVERLAP" />
<TLINK id="TL80" fromID="E12" fromText="hypothyroidism" toID="E14" toText="hypertension" type="OVERLAP" />
<TLINK id="TL81" fromID="E12" fromText="hypothyroidism" toID="E15" toText="neuropathy" type="OVERLAP" />
<TLINK id="TL82" fromID="E13" fromText="hypercholesterolemia" toID="E11" toText="Other medical problems" type="OVERLAP" />
<TLINK id="TL83" fromID="E13" fromText="hypercholesterolemia" toID="E12" toText="hypothyroidism" type="OVERLAP" />
<TLINK id="TL84" fromID="E13" fromText="hypercholesterolemia" toID="E14" toText="hypertension" type="OVERLAP" />
<TLINK id="TL85" fromID="E13" fromText="hypercholesterolemia" toID="E15" toText="neuropathy" type="OVERLAP" />
<TLINK id="TL86" fromID="E14" fromText="hypertension" toID="E11" toText="Other medical problems" type="OVERLAP" />
<TLINK id="TL87" fromID="E14" fromText="hypertension" toID="E12" toText="hypothyroidism" type="OVERLAP" />
<TLINK id="TL88" fromID="E14" fromText="hypertension" toID="E13" toText="hypercholesterolemia" type="OVERLAP" />
<TLINK id="TL89" fromID="E14" fromText="hypertension" toID="E15" toText="neuropathy" type="OVERLAP" />
<TLINK id="TL90" fromID="E15" fromText="neuropathy" toID="E11" toText="Other medical problems" type="OVERLAP" />
<TLINK id="TL91" fromID="E15" fromText="neuropathy" toID="E12" toText="hypothyroidism" type="OVERLAP" />
<TLINK id="TL92" fromID="E15" fromText="neuropathy" toID="E13" toText="hypercholesterolemia" type="OVERLAP" />
<TLINK id="TL93" fromID="E15" fromText="neuropathy" toID="E14" toText="hypertension" type="OVERLAP" />
<TLINK id="TL94" fromID="E15" fromText="neuropathy" toID="E16" toText="Taxol" type="AFTER" />
<TLINK id="TL95" fromID="E16" fromText="Taxol" toID="E11" toText="Other medical problems" type="BEFORE" />
<TLINK id="TL96" fromID="E16" fromText="Taxol" toID="E15" toText="neuropathy" type="BEFORE" />
<TLINK id="TL97" fromID="E17" fromText="Neupogen" toID="T2" toText="q.d." type="OVERLAP" />
<TLINK id="TL98" fromID="T2" fromText="q.d." toID="E17" toText="Neupogen" type="OVERLAP" />
<TLINK id="TL99" fromID="E19" fromText="Chest x-ray" toID="E20" toText="showed" type="OVERLAP" />
<TLINK id="TL100" fromID="E19" fromText="Chest x-ray" toID="E21" toText="nodule in the right lower lobe" type="AFTER" />
<TLINK id="TL101" fromID="E20" fromText="showed" toID="E19" toText="Chest x-ray" type="OVERLAP" />
<TLINK id="TL102" fromID="E20" fromText="showed" toID="E21" toText="nodule in the right lower lobe" type="AFTER" />
<TLINK id="TL103" fromID="E21" fromText="nodule in the right lower lobe" toID="E19" toText="Chest x-ray" type="BEFORE" />
<TLINK id="TL104" fromID="E21" fromText="nodule in the right lower lobe" toID="E20" toText="showed" type="BEFORE" />
<TLINK id="TL105" fromID="E21" fromText="nodule in the right lower lobe" toID="E22" toText="stable" type="OVERLAP" />
<TLINK id="TL106" fromID="E22" fromText="stable" toID="E21" toText="nodule in the right lower lobe" type="OVERLAP" />
<TLINK id="TL107" fromID="E28" fromText="WBC" toID="T3" toText="10/19" type="OVERLAP" />
<TLINK id="TL108" fromID="T3" fromText="10/19" toID="E28" toText="WBC" type="OVERLAP" />
<TLINK id="TL109" fromID="E30" fromText="diarrhea" toID="T4" toText="10/20" type="OVERLAP" />
<TLINK id="TL110" fromID="T4" fromText="10/20" toID="E30" toText="diarrhea" type="OVERLAP" />
<TLINK id="TL111" fromID="E31" fromText="well" toID="E32" toText="afebrile" type="OVERLAP" />
<TLINK id="TL112" fromID="E32" fromText="afebrile" toID="E31" toText="well" type="OVERLAP" />
<TLINK id="TL113" fromID="E33" fromText="The neutropenia" toID="E38" toText="resolved" type="BEFORE" />
<TLINK id="TL114" fromID="E33" fromText="The neutropenia" toID="E34" toText="satisfactory condition" type="BEFORE" />
<TLINK id="TL115" fromID="E33" fromText="The neutropenia" toID="E35" toText="discharge" type="BEFORE" />
<TLINK id="TL116" fromID="E33" fromText="The neutropenia" toID="T5" toText="10/20/95" type="BEFORE" />
<TLINK id="TL117" fromID="E38" fromText="resolved" toID="E33" toText="The neutropenia" type="AFTER" />
<TLINK id="TL118" fromID="E38" fromText="resolved" toID="E34" toText="satisfactory condition" type="BEFORE" />
<TLINK id="TL119" fromID="E38" fromText="resolved" toID="E35" toText="discharge" type="BEFORE" />
<TLINK id="TL120" fromID="E38" fromText="resolved" toID="T5" toText="10/20/95" type="BEFORE" />
<TLINK id="TL121" fromID="E34" fromText="satisfactory condition" toID="E33" toText="The neutropenia" type="AFTER" />
<TLINK id="TL122" fromID="E34" fromText="satisfactory condition" toID="E38" toText="resolved" type="AFTER" />
<TLINK id="TL123" fromID="E34" fromText="satisfactory condition" toID="E35" toText="discharge" type="OVERLAP" />
<TLINK id="TL124" fromID="E34" fromText="satisfactory condition" toID="T5" toText="10/20/95" type="OVERLAP" />
<TLINK id="TL125" fromID="E35" fromText="discharge" toID="E33" toText="The neutropenia" type="AFTER" />
<TLINK id="TL126" fromID="E35" fromText="discharge" toID="E38" toText="resolved" type="AFTER" />
<TLINK id="TL127" fromID="E35" fromText="discharge" toID="E34" toText="satisfactory condition" type="OVERLAP" />
<TLINK id="TL128" fromID="E35" fromText="discharge" toID="T5" toText="10/20/95" type="OVERLAP" />
<TLINK id="TL129" fromID="T5" fromText="10/20/95" toID="E33" toText="The neutropenia" type="AFTER" />
<TLINK id="TL130" fromID="T5" fromText="10/20/95" toID="E38" toText="resolved" type="AFTER" />
<TLINK id="TL131" fromID="T5" fromText="10/20/95" toID="E34" toText="satisfactory condition" type="OVERLAP" />
<TLINK id="TL132" fromID="T5" fromText="10/20/95" toID="E35" toText="discharge" type="OVERLAP" />
<TLINK id="TL133" fromID="E36" fromText="discharged" toID="E37" toText="Neupogen" type="AFTER" />
<TLINK id="TL134" fromID="E37" fromText="Neupogen" toID="E36" toText="discharged" type="BEFORE" />
</TAGS>
</ClinicalNarrativeTemporalAnnotation>
