<?xml version="1.0" encoding="UTF-8" ?>
<ClinicalNarrativeTemporalAnnotation>
<TEXT><![CDATA[
ADMISSION DATE :
09/21/92
DISCHARGE DATE :
09/24/92
DISCHARGE DATE :
09/24/92
HISTORY OF PRESENT ILLNESS :
The patient is a seventy-one year old white female with stenotic area on her mid sigmoid , noticed on barium enema .
The ultrasound showed ascites and question of pelvic mass .
The patient was explored by General surgery , who saw the 3C ovarian carcinoma .
The patient also had an omentectomy and ileostomy .
The patient was admitted for one cycle of Cytoxan and Cisplatin , and subsequently underwent debulking in June 1992 , as well as a total abdominal hysterectomy/ bilateral salpingo-oophorectomy , omentectomy , splenectomy , rectosigmoid resection with a take down of the ileostomy .
Also ileal cecal resection , MDR showed that Cisplatin and VP 16 were more effective .
The patient now presents for line 1 , cycle 4 to 15 of VP 16 and Cisplatin chemotherapy .
HOSPITAL COURSE :
The patient was admitted to the hospital and received two units of packed red blood cells for her hematocrit of 26 , and had a magnesium repleted .
The patient received three days of chemotherapy , consisting of 45 mg. of Cisplatin 160 mg. of VP 16 , and tolerated chemotherapy resonably well .
Serial PTs were obtained , and the patient was noted to have an initial PT of 10.9 on admission , despite Coumadin at home .
She was given 10 mg. on hospital day # 1 , and 5 mg. on hospital day 2 , and back to 2.5 qhs .
The patient &apos;s pro time bumped to 19.5 on hospital day # 3 , and the patient was instructed to continue with 2 1/2 mg. qhs and is to followup with Anticoagulation Clinic in one week for further pro time checks and adjustments .
The patient did develop some hypertension during infusion of her VP 16 to the 170/100 range , which apparently happened during her prior chemotherapy .
The patient was instructed to followup with her internist regarding further evaluation of her hypertension , and should be assessed regarding further management , as an inpatient , or while receiving chemotherapy .
]]></TEXT>
<TAGS>
<EVENT id="E0" start="1" end="10" text="ADMISSION" modality="FACTUAL" polarity="POS" type="OCCURRENCE" />
<EVENT id="E35" start="1020" end="1031" text="a magnesium" modality="FACTUAL" polarity="POS" type="TREATMENT" />
<EVENT id="E36" start="1078" end="1090" text="chemotherapy" modality="FACTUAL" polarity="POS" type="TREATMENT" />
<EVENT id="E37" start="1117" end="1126" text="Cisplatin" modality="FACTUAL" polarity="POS" type="TREATMENT" />
<EVENT id="E38" start="1138" end="1143" text="VP 16" modality="FACTUAL" polarity="POS" type="TREATMENT" />
<EVENT id="E40" start="1150" end="1159" text="tolerated" modality="FACTUAL" polarity="POS" type="OCCURRENCE" />
<EVENT id="E39" start="1160" end="1172" text="chemotherapy" modality="FACTUAL" polarity="POS" type="TREATMENT" />
<EVENT id="E41" start="1190" end="1200" text="Serial PTs" modality="FACTUAL" polarity="POS" type="TEST" />
<EVENT id="E42" start="1251" end="1264" text="an initial PT" modality="FACTUAL" polarity="POS" type="TEST" />
<EVENT id="E43" start="1276" end="1285" text="admission" modality="FACTUAL" polarity="POS" type="OCCURRENCE" />
<EVENT id="E44" start="1296" end="1304" text="Coumadin" modality="FACTUAL" polarity="POS" type="TREATMENT" />
<EVENT id="E45" start="1410" end="1438" text="The patient &apos;s pro time" modality="FACTUAL" polarity="POS" type="TEST" />
<EVENT id="E46" start="1562" end="1584" text="Anticoagulation Clinic" modality="PROPOSED" polarity="POS" type="CLINICAL_DEPT" />
<EVENT id="E47" start="1601" end="1624" text="further pro time checks" modality="PROPOSED" polarity="POS" type="TEST" />
<EVENT id="E48" start="1629" end="1640" text="adjustments" modality="CONDITIONAL" polarity="POS" type="TREATMENT" />
<EVENT id="E3" start="164" end="196" text="stenotic area on her mid sigmoid" modality="FACTUAL" polarity="POS" type="PROBLEM" />
<EVENT id="E49" start="1667" end="1684" text="some hypertension" modality="FACTUAL" polarity="POS" type="PROBLEM" />
<EVENT id="E50" start="1692" end="1713" text="infusion of her VP 16" modality="FACTUAL" polarity="POS" type="TREATMENT" />
<EVENT id="E51" start="1770" end="1792" text="her prior chemotherapy" modality="FACTUAL" polarity="POS" type="TREATMENT" />
<EVENT id="E52" start="1825" end="1833" text="followup" modality="PROPOSED" polarity="POS" type="OCCURRENCE" />
<EVENT id="E53" start="1863" end="1881" text="further evaluation" modality="PROPOSED" polarity="POS" type="TEST" />
<EVENT id="E54" start="1885" end="1901" text="her hypertension" modality="FACTUAL" polarity="POS" type="PROBLEM" />
<EVENT id="E55" start="1937" end="1955" text="further management" modality="PROPOSED" polarity="POS" type="TREATMENT" />
<EVENT id="E56" start="1995" end="2007" text="chemotherapy" modality="FACTUAL" polarity="POS" type="TREATMENT" />
<EVENT id="E4" start="210" end="222" text="barium enema" modality="FACTUAL" polarity="POS" type="TEST" />
<EVENT id="E5" start="225" end="239" text="The ultrasound" modality="FACTUAL" polarity="POS" type="TEST" />
<EVENT id="E6" start="240" end="246" text="showed" modality="FACTUAL" polarity="POS" type="EVIDENTIAL" />
<EVENT id="E7" start="247" end="254" text="ascites" modality="FACTUAL" polarity="POS" type="PROBLEM" />
<EVENT id="E1" start="27" end="36" text="DISCHARGE" modality="FACTUAL" polarity="POS" type="OCCURRENCE" />
<EVENT id="E8" start="271" end="282" text="pelvic mass" modality="POSSIBLE" polarity="POS" type="PROBLEM" />
<EVENT id="E9" start="301" end="309" text="explored" modality="FACTUAL" polarity="POS" type="TEST" />
<EVENT id="E10" start="339" end="363" text="the 3C ovarian carcinoma" modality="FACTUAL" polarity="POS" type="PROBLEM" />
<EVENT id="E11" start="387" end="401" text="an omentectomy" modality="FACTUAL" polarity="POS" type="TREATMENT" />
<EVENT id="E12" start="406" end="415" text="ileostomy" modality="FACTUAL" polarity="POS" type="TREATMENT" />
<EVENT id="E13" start="434" end="442" text="admitted" modality="FACTUAL" polarity="POS" type="OCCURRENCE" />
<EVENT id="E14" start="460" end="467" text="Cytoxan" modality="FACTUAL" polarity="POS" type="TREATMENT" />
<EVENT id="E15" start="472" end="481" text="Cisplatin" modality="FACTUAL" polarity="POS" type="TREATMENT" />
<EVENT id="E16" start="511" end="520" text="debulking" modality="FACTUAL" polarity="POS" type="TREATMENT" />
<EVENT id="E2" start="53" end="62" text="DISCHARGE" modality="FACTUAL" polarity="POS" type="OCCURRENCE" />
<EVENT id="E17" start="547" end="578" text="a total abdominal hysterectomy/" modality="FACTUAL" polarity="POS" type="TREATMENT" />
<EVENT id="E18" start="579" end="610" text="bilateral salpingo-oophorectomy" modality="FACTUAL" polarity="POS" type="TREATMENT" />
<EVENT id="E19" start="613" end="624" text="omentectomy" modality="FACTUAL" polarity="POS" type="TREATMENT" />
<EVENT id="E20" start="627" end="638" text="splenectomy" modality="FACTUAL" polarity="POS" type="TREATMENT" />
<EVENT id="E21" start="641" end="663" text="rectosigmoid resection" modality="FACTUAL" polarity="POS" type="TREATMENT" />
<EVENT id="E22" start="669" end="697" text="a take down of the ileostomy" modality="FACTUAL" polarity="POS" type="TREATMENT" />
<EVENT id="E23" start="705" end="726" text="ileal cecal resection" modality="FACTUAL" polarity="POS" type="TREATMENT" />
<EVENT id="E24" start="729" end="732" text="MDR" modality="FACTUAL" polarity="POS" type="TEST" />
<EVENT id="E25" start="733" end="739" text="showed" modality="FACTUAL" polarity="POS" type="EVIDENTIAL" />
<EVENT id="E26" start="745" end="754" text="Cisplatin" modality="FACTUAL" polarity="POS" type="TREATMENT" />
<EVENT id="E27" start="759" end="764" text="VP 16" modality="FACTUAL" polarity="POS" type="TREATMENT" />
<EVENT id="E28" start="803" end="811" text="presents" modality="FACTUAL" polarity="POS" type="EVIDENTIAL" />
<EVENT id="E29" start="842" end="847" text="VP 16" modality="FACTUAL" polarity="POS" type="TREATMENT" />
<EVENT id="E30" start="852" end="874" text="Cisplatin chemotherapy" modality="FACTUAL" polarity="POS" type="TREATMENT" />
<EVENT id="E31" start="911" end="919" text="admitted" modality="FACTUAL" polarity="POS" type="OCCURRENCE" />
<EVENT id="E32" start="923" end="935" text="the hospital" modality="FACTUAL" polarity="POS" type="CLINICAL_DEPT" />
<EVENT id="E33" start="962" end="984" text="packed red blood cells" modality="FACTUAL" polarity="POS" type="TREATMENT" />
<EVENT id="E34" start="989" end="1003" text="her hematocrit" modality="FACTUAL" polarity="POS" type="TEST" />
<TIMEX3 id="T4" start="1064" end="1074" text="three days" type="DURATION" val="P3D" mod="NA" />
<TIMEX3 id="T5" start="1339" end="1355" text="hospital day # 1" type="DATE" val="1992-09-21" mod="NA" />
<TIMEX3 id="T6" start="1371" end="1385" text="hospital day 2" type="DATE" val="1992-09-22" mod="NA" />
<TIMEX3 id="T7" start="1404" end="1407" text="qhs" type="FREQUENCY" val="RPT24H" mod="END" />
<TIMEX3 id="T8" start="1457" end="1473" text="hospital day # 3" type="DATE" val="1992-09-23" mod="NA" />
<TIMEX3 id="T9" start="1534" end="1537" text="qhs" type="FREQUENCY" val="RPT24H" mod="END" />
<TIMEX3 id="T10" start="1588" end="1596" text="one week" type="DURATION" val="P1W" mod="NA" />
<TIMEX3 id="T0" start="18" end="26" text="09/21/92" type="DATE" val="1992-09-21" mod="NA" />
<TIMEX3 id="T1" start="44" end="52" text="09/24/92" type="DATE" val="1992-09-24" mod="NA" />
<TIMEX3 id="T3" start="524" end="533" text="June 1992" type="DATE" val="1992-06" mod="NA" />
<TIMEX3 id="T2" start="70" end="78" text="09/24/92" type="DATE" val="1992-09-24" mod="NA" />
<SECTIME id="S0" start="18" end="26" text="09/21/92" type="ADMISSION" dvalue="1992-09-21" />
<SECTIME id="S1" start="44" end="52" text="09/24/92" type="DISCHARGE" dvalue="1992-09-24" />
<TLINK id="SECTIME0" fromID="T0" fromText="09/21/92" toID="E3" toText="stenotic area on her mid sigmoid" type="AFTER" />
<TLINK id="SECTIME1" fromID="T0" fromText="09/21/92" toID="E4" toText="barium enema" type="AFTER" />
<TLINK id="SECTIME2" fromID="T0" fromText="09/21/92" toID="E5" toText="The ultrasound" type="AFTER" />
<TLINK id="SECTIME3" fromID="T0" fromText="09/21/92" toID="E6" toText="showed" type="AFTER" />
<TLINK id="SECTIME4" fromID="T0" fromText="09/21/92" toID="E7" toText="ascites" type="AFTER" />
<TLINK id="SECTIME5" fromID="T0" fromText="09/21/92" toID="E8" toText="pelvic mass" type="AFTER" />
<TLINK id="SECTIME6" fromID="T0" fromText="09/21/92" toID="E9" toText="explored" type="AFTER" />
<TLINK id="SECTIME7" fromID="T0" fromText="09/21/92" toID="E10" toText="the 3C ovarian carcinoma" type="AFTER" />
<TLINK id="SECTIME8" fromID="T0" fromText="09/21/92" toID="E11" toText="an omentectomy" type="AFTER" />
<TLINK id="SECTIME9" fromID="T0" fromText="09/21/92" toID="E12" toText="ileostomy" type="AFTER" />
<TLINK id="SECTIME10" fromID="T0" fromText="09/21/92" toID="E13" toText="admitted" type="OVERLAP" />
<TLINK id="SECTIME11" fromID="T0" fromText="09/21/92" toID="E14" toText="Cytoxan" type="AFTER" />
<TLINK id="SECTIME12" fromID="T0" fromText="09/21/92" toID="E15" toText="Cisplatin" type="AFTER" />
<TLINK id="SECTIME13" fromID="T0" fromText="09/21/92" toID="E16" toText="debulking" type="AFTER" />
<TLINK id="SECTIME14" fromID="T0" fromText="09/21/92" toID="E17" toText="a total abdominal hysterectomy/" type="AFTER" />
<TLINK id="SECTIME15" fromID="T0" fromText="09/21/92" toID="E18" toText="bilateral salpingo-oophorectomy" type="AFTER" />
<TLINK id="SECTIME16" fromID="T0" fromText="09/21/92" toID="E19" toText="omentectomy" type="AFTER" />
<TLINK id="SECTIME17" fromID="T0" fromText="09/21/92" toID="E20" toText="splenectomy" type="AFTER" />
<TLINK id="SECTIME18" fromID="T0" fromText="09/21/92" toID="E21" toText="rectosigmoid resection" type="AFTER" />
<TLINK id="SECTIME19" fromID="T0" fromText="09/21/92" toID="E22" toText="a take down of the ileostomy" type="AFTER" />
<TLINK id="SECTIME20" fromID="T0" fromText="09/21/92" toID="E23" toText="ileal cecal resection" type="AFTER" />
<TLINK id="SECTIME21" fromID="T0" fromText="09/21/92" toID="E24" toText="MDR" type="AFTER" />
<TLINK id="SECTIME22" fromID="T0" fromText="09/21/92" toID="E25" toText="showed" type="AFTER" />
<TLINK id="SECTIME23" fromID="T0" fromText="09/21/92" toID="E26" toText="Cisplatin" type="AFTER" />
<TLINK id="SECTIME24" fromID="T0" fromText="09/21/92" toID="E27" toText="VP 16" type="AFTER" />
<TLINK id="SECTIME25" fromID="T0" fromText="09/21/92" toID="E28" toText="presents" type="OVERLAP" />
<TLINK id="SECTIME26" fromID="T0" fromText="09/21/92" toID="E29" toText="VP 16" type="BEFORE" />
<TLINK id="SECTIME27" fromID="T0" fromText="09/21/92" toID="E30" toText="Cisplatin chemotherapy" type="BEFORE" />
<TLINK id="TL0" fromID="T0" fromText="09/21/92" toID="T3" toText="June 1992" type="AFTER" />
<TLINK id="SECTIME28" fromID="T1" fromText="09/24/92" toID="E31" toText="admitted" type="AFTER" />
<TLINK id="SECTIME29" fromID="T1" fromText="09/24/92" toID="E32" toText="the hospital" type="AFTER" />
<TLINK id="SECTIME30" fromID="T1" fromText="09/24/92" toID="E33" toText="packed red blood cells" type="AFTER" />
<TLINK id="SECTIME31" fromID="T1" fromText="09/24/92" toID="E34" toText="her hematocrit" type="AFTER" />
<TLINK id="SECTIME32" fromID="T1" fromText="09/24/92" toID="E35" toText="a magnesium" type="AFTER" />
<TLINK id="SECTIME33" fromID="T1" fromText="09/24/92" toID="E36" toText="chemotherapy" type="AFTER" />
<TLINK id="SECTIME34" fromID="T1" fromText="09/24/92" toID="E37" toText="Cisplatin" type="AFTER" />
<TLINK id="SECTIME35" fromID="T1" fromText="09/24/92" toID="E38" toText="VP 16" type="AFTER" />
<TLINK id="SECTIME36" fromID="T1" fromText="09/24/92" toID="E40" toText="tolerated" type="AFTER" />
<TLINK id="SECTIME37" fromID="T1" fromText="09/24/92" toID="E39" toText="chemotherapy" type="AFTER" />
<TLINK id="SECTIME38" fromID="T1" fromText="09/24/92" toID="E41" toText="Serial PTs" type="AFTER" />
<TLINK id="SECTIME39" fromID="T1" fromText="09/24/92" toID="E42" toText="an initial PT" type="AFTER" />
<TLINK id="SECTIME40" fromID="T1" fromText="09/24/92" toID="E43" toText="admission" type="AFTER" />
<TLINK id="SECTIME41" fromID="T1" fromText="09/24/92" toID="E44" toText="Coumadin" type="AFTER" />
<TLINK id="SECTIME42" fromID="T1" fromText="09/24/92" toID="E45" toText="The patient &apos;s pro time" type="AFTER" />
<TLINK id="SECTIME43" fromID="T1" fromText="09/24/92" toID="E46" toText="Anticoagulation Clinic" type="BEFORE" />
<TLINK id="SECTIME44" fromID="T1" fromText="09/24/92" toID="E47" toText="further pro time checks" type="BEFORE" />
<TLINK id="SECTIME45" fromID="T1" fromText="09/24/92" toID="E48" toText="adjustments" type="AFTER" />
<TLINK id="SECTIME46" fromID="T1" fromText="09/24/92" toID="E49" toText="some hypertension" type="AFTER" />
<TLINK id="SECTIME47" fromID="T1" fromText="09/24/92" toID="E50" toText="infusion of her VP 16" type="AFTER" />
<TLINK id="SECTIME48" fromID="T1" fromText="09/24/92" toID="E51" toText="her prior chemotherapy" type="AFTER" />
<TLINK id="SECTIME49" fromID="T1" fromText="09/24/92" toID="E52" toText="followup" type="BEFORE" />
<TLINK id="SECTIME50" fromID="T1" fromText="09/24/92" toID="E53" toText="further evaluation" type="BEFORE" />
<TLINK id="SECTIME51" fromID="T1" fromText="09/24/92" toID="E54" toText="her hypertension" type="AFTER" />
<TLINK id="SECTIME52" fromID="T1" fromText="09/24/92" toID="E55" toText="further management" type="BEFORE" />
<TLINK id="SECTIME53" fromID="T1" fromText="09/24/92" toID="E56" toText="chemotherapy" type="BEFORE" />
<TLINK id="TL1" fromID="T1" fromText="09/24/92" toID="T5" toText="hospital day # 1" type="AFTER" />
<TLINK id="TL2" fromID="T1" fromText="09/24/92" toID="T6" toText="hospital day 2" type="AFTER" />
<TLINK id="TL3" fromID="T1" fromText="09/24/92" toID="T8" toText="hospital day # 3" type="AFTER" />
<TLINK id="TL4" fromID="E5" fromText="The ultrasound" toID="E9" toText="explored" type="OVERLAP" />
<TLINK id="TL5" fromID="E9" fromText="explored" toID="E5" toText="The ultrasound" type="OVERLAP" />
<TLINK id="TL6" fromID="E11" fromText="an omentectomy" toID="E19" toText="omentectomy" type="OVERLAP" />
<TLINK id="TL7" fromID="E12" fromText="ileostomy" toID="E22" toText="a take down of the ileostomy" type="OVERLAP" />
<TLINK id="TL8" fromID="E15" fromText="Cisplatin" toID="E26" toText="Cisplatin" type="OVERLAP" />
<TLINK id="TL9" fromID="E19" fromText="omentectomy" toID="E11" toText="an omentectomy" type="OVERLAP" />
<TLINK id="TL10" fromID="E22" fromText="a take down of the ileostomy" toID="E12" toText="ileostomy" type="OVERLAP" />
<TLINK id="TL11" fromID="E26" fromText="Cisplatin" toID="E15" toText="Cisplatin" type="OVERLAP" />
<TLINK id="TL12" fromID="E49" fromText="some hypertension" toID="E54" toText="her hypertension" type="OVERLAP" />
<TLINK id="TL13" fromID="E51" fromText="her prior chemotherapy" toID="E56" toText="chemotherapy" type="OVERLAP" />
<TLINK id="TL14" fromID="E54" fromText="her hypertension" toID="E49" toText="some hypertension" type="OVERLAP" />
<TLINK id="TL15" fromID="E56" fromText="chemotherapy" toID="E51" toText="her prior chemotherapy" type="OVERLAP" />
<TLINK id="SECTIME54" fromID="E0" fromText="ADMISSION" toID="T0" toText="09/21/92" type="OVERLAP" />
<TLINK id="SECTIME55" fromID="T0" fromText="09/21/92" toID="E0" toText="ADMISSION" type="OVERLAP" />
<TLINK id="SECTIME56" fromID="T0" fromText="09/21/92" toID="E1" toText="DISCHARGE" type="BEFORE" />
<TLINK id="SECTIME57" fromID="E1" fromText="DISCHARGE" toID="T0" toText="09/21/92" type="AFTER" />
<TLINK id="SECTIME58" fromID="E1" fromText="DISCHARGE" toID="T1" toText="09/24/92" type="OVERLAP" />
<TLINK id="SECTIME59" fromID="T1" fromText="09/24/92" toID="E1" toText="DISCHARGE" type="OVERLAP" />
<TLINK id="SECTIME60" fromID="T1" fromText="09/24/92" toID="E2" toText="DISCHARGE" type="BEFORE" />
<TLINK id="SECTIME61" fromID="E2" fromText="DISCHARGE" toID="T1" toText="09/24/92" type="AFTER" />
<TLINK id="SECTIME62" fromID="E2" fromText="DISCHARGE" toID="T2" toText="09/24/92" type="OVERLAP" />
<TLINK id="SECTIME63" fromID="T2" fromText="09/24/92" toID="E2" toText="DISCHARGE" type="OVERLAP" />
<TLINK id="TL16" fromID="E11" fromText="an omentectomy" toID="E19" toText="omentectomy" type="OVERLAP" />
<TLINK id="TL17" fromID="E12" fromText="ileostomy" toID="E22" toText="a take down of the ileostomy" type="OVERLAP" />
<TLINK id="TL18" fromID="E15" fromText="Cisplatin" toID="E26" toText="Cisplatin" type="OVERLAP" />
<TLINK id="TL19" fromID="E15" fromText="Cisplatin" toID="E37" toText="Cisplatin" type="OVERLAP" />
<TLINK id="TL20" fromID="E19" fromText="omentectomy" toID="E11" toText="an omentectomy" type="OVERLAP" />
<TLINK id="TL21" fromID="E22" fromText="a take down of the ileostomy" toID="E12" toText="ileostomy" type="OVERLAP" />
<TLINK id="TL22" fromID="E26" fromText="Cisplatin" toID="E15" toText="Cisplatin" type="OVERLAP" />
<TLINK id="TL23" fromID="E26" fromText="Cisplatin" toID="E37" toText="Cisplatin" type="OVERLAP" />
<TLINK id="TL24" fromID="E27" fromText="VP 16" toID="E38" toText="VP 16" type="OVERLAP" />
<TLINK id="TL25" fromID="E27" fromText="VP 16" toID="E50" toText="infusion of her VP 16" type="OVERLAP" />
<TLINK id="TL26" fromID="E37" fromText="Cisplatin" toID="E15" toText="Cisplatin" type="OVERLAP" />
<TLINK id="TL27" fromID="E37" fromText="Cisplatin" toID="E26" toText="Cisplatin" type="OVERLAP" />
<TLINK id="TL28" fromID="E38" fromText="VP 16" toID="E27" toText="VP 16" type="OVERLAP" />
<TLINK id="TL29" fromID="E38" fromText="VP 16" toID="E50" toText="infusion of her VP 16" type="OVERLAP" />
<TLINK id="TL30" fromID="E49" fromText="some hypertension" toID="E54" toText="her hypertension" type="OVERLAP" />
<TLINK id="TL31" fromID="E50" fromText="infusion of her VP 16" toID="E27" toText="VP 16" type="OVERLAP" />
<TLINK id="TL32" fromID="E50" fromText="infusion of her VP 16" toID="E38" toText="VP 16" type="OVERLAP" />
<TLINK id="TL33" fromID="E54" fromText="her hypertension" toID="E49" toText="some hypertension" type="OVERLAP" />
<TLINK id="TL34" fromID="E15" fromText="Cisplatin" toID="E26" toText="Cisplatin" type="OVERLAP" />
<TLINK id="TL35" fromID="E26" fromText="Cisplatin" toID="E15" toText="Cisplatin" type="OVERLAP" />
<TLINK id="TL36" fromID="E26" fromText="Cisplatin" toID="E37" toText="Cisplatin" type="OVERLAP" />
<TLINK id="TL37" fromID="E27" fromText="VP 16" toID="E38" toText="VP 16" type="OVERLAP" />
<TLINK id="TL38" fromID="E37" fromText="Cisplatin" toID="E26" toText="Cisplatin" type="OVERLAP" />
<TLINK id="TL39" fromID="E38" fromText="VP 16" toID="E27" toText="VP 16" type="OVERLAP" />
<TLINK id="TL40" fromID="E0" fromText="ADMISSION" toID="E32" toText="the hospital" type="BEFORE" />
<TLINK id="TL41" fromID="E1" fromText="DISCHARGE" toID="E32" toText="the hospital" type="AFTER" />
<TLINK id="TL42" fromID="E0" fromText="ADMISSION" toID="E43" toText="admission" type="OVERLAP" />
<TLINK id="TL43" fromID="E1" fromText="DISCHARGE" toID="E2" toText="DISCHARGE" type="OVERLAP" />
<TLINK id="TL44" fromID="E2" fromText="DISCHARGE" toID="E1" toText="DISCHARGE" type="OVERLAP" />
<TLINK id="TL45" fromID="E43" fromText="admission" toID="E0" toText="ADMISSION" type="OVERLAP" />
<TLINK id="TL46" fromID="E3" fromText="stenotic area on her mid sigmoid" toID="E4" toText="barium enema" type="BEFORE" />
<TLINK id="TL47" fromID="E4" fromText="barium enema" toID="E3" toText="stenotic area on her mid sigmoid" type="AFTER" />
<TLINK id="TL48" fromID="E5" fromText="The ultrasound" toID="E6" toText="showed" type="OVERLAP" />
<TLINK id="TL49" fromID="E5" fromText="The ultrasound" toID="E7" toText="ascites" type="AFTER" />
<TLINK id="TL50" fromID="E5" fromText="The ultrasound" toID="E8" toText="pelvic mass" type="AFTER" />
<TLINK id="TL51" fromID="E6" fromText="showed" toID="E5" toText="The ultrasound" type="OVERLAP" />
<TLINK id="TL52" fromID="E6" fromText="showed" toID="E7" toText="ascites" type="AFTER" />
<TLINK id="TL53" fromID="E6" fromText="showed" toID="E8" toText="pelvic mass" type="AFTER" />
<TLINK id="TL54" fromID="E7" fromText="ascites" toID="E5" toText="The ultrasound" type="BEFORE" />
<TLINK id="TL55" fromID="E7" fromText="ascites" toID="E6" toText="showed" type="BEFORE" />
<TLINK id="TL56" fromID="E7" fromText="ascites" toID="E8" toText="pelvic mass" type="OVERLAP" />
<TLINK id="TL57" fromID="E8" fromText="pelvic mass" toID="E5" toText="The ultrasound" type="BEFORE" />
<TLINK id="TL58" fromID="E8" fromText="pelvic mass" toID="E6" toText="showed" type="BEFORE" />
<TLINK id="TL59" fromID="E8" fromText="pelvic mass" toID="E7" toText="ascites" type="OVERLAP" />
<TLINK id="TL60" fromID="E9" fromText="explored" toID="E10" toText="the 3C ovarian carcinoma" type="AFTER" />
<TLINK id="TL61" fromID="E10" fromText="the 3C ovarian carcinoma" toID="E9" toText="explored" type="BEFORE" />
<TLINK id="TL62" fromID="E11" fromText="an omentectomy" toID="E12" toText="ileostomy" type="OVERLAP" />
<TLINK id="TL63" fromID="E12" fromText="ileostomy" toID="E11" toText="an omentectomy" type="OVERLAP" />
<TLINK id="TL64" fromID="E13" fromText="admitted" toID="E14" toText="Cytoxan" type="BEFORE" />
<TLINK id="TL65" fromID="E13" fromText="admitted" toID="E15" toText="Cisplatin" type="BEFORE" />
<TLINK id="TL66" fromID="E13" fromText="admitted" toID="E16" toText="debulking" type="BEFORE" />
<TLINK id="TL67" fromID="E13" fromText="admitted" toID="T3" toText="June 1992" type="BEFORE" />
<TLINK id="TL68" fromID="E13" fromText="admitted" toID="E17" toText="a total abdominal hysterectomy/" type="BEFORE" />
<TLINK id="TL69" fromID="E13" fromText="admitted" toID="E18" toText="bilateral salpingo-oophorectomy" type="BEFORE" />
<TLINK id="TL70" fromID="E13" fromText="admitted" toID="E19" toText="omentectomy" type="BEFORE" />
<TLINK id="TL71" fromID="E13" fromText="admitted" toID="E20" toText="splenectomy" type="BEFORE" />
<TLINK id="TL72" fromID="E13" fromText="admitted" toID="E21" toText="rectosigmoid resection" type="AFTER" />
<TLINK id="TL73" fromID="E13" fromText="admitted" toID="E22" toText="a take down of the ileostomy" type="BEFORE" />
<TLINK id="TL74" fromID="E14" fromText="Cytoxan" toID="E13" toText="admitted" type="AFTER" />
<TLINK id="TL75" fromID="E14" fromText="Cytoxan" toID="E15" toText="Cisplatin" type="OVERLAP" />
<TLINK id="TL76" fromID="E14" fromText="Cytoxan" toID="E16" toText="debulking" type="BEFORE" />
<TLINK id="TL77" fromID="E14" fromText="Cytoxan" toID="T3" toText="June 1992" type="BEFORE" />
<TLINK id="TL78" fromID="E14" fromText="Cytoxan" toID="E17" toText="a total abdominal hysterectomy/" type="BEFORE" />
<TLINK id="TL79" fromID="E14" fromText="Cytoxan" toID="E18" toText="bilateral salpingo-oophorectomy" type="BEFORE" />
<TLINK id="TL80" fromID="E14" fromText="Cytoxan" toID="E19" toText="omentectomy" type="BEFORE" />
<TLINK id="TL81" fromID="E14" fromText="Cytoxan" toID="E20" toText="splenectomy" type="BEFORE" />
<TLINK id="TL82" fromID="E14" fromText="Cytoxan" toID="E21" toText="rectosigmoid resection" type="BEFORE" />
<TLINK id="TL83" fromID="E14" fromText="Cytoxan" toID="E22" toText="a take down of the ileostomy" type="BEFORE" />
<TLINK id="TL84" fromID="E15" fromText="Cisplatin" toID="E13" toText="admitted" type="AFTER" />
<TLINK id="TL85" fromID="E15" fromText="Cisplatin" toID="E14" toText="Cytoxan" type="OVERLAP" />
<TLINK id="TL86" fromID="E15" fromText="Cisplatin" toID="E16" toText="debulking" type="BEFORE" />
<TLINK id="TL87" fromID="E15" fromText="Cisplatin" toID="T3" toText="June 1992" type="BEFORE" />
<TLINK id="TL88" fromID="E15" fromText="Cisplatin" toID="E17" toText="a total abdominal hysterectomy/" type="BEFORE" />
<TLINK id="TL89" fromID="E15" fromText="Cisplatin" toID="E18" toText="bilateral salpingo-oophorectomy" type="BEFORE" />
<TLINK id="TL90" fromID="E15" fromText="Cisplatin" toID="E19" toText="omentectomy" type="BEFORE" />
<TLINK id="TL91" fromID="E15" fromText="Cisplatin" toID="E20" toText="splenectomy" type="BEFORE" />
<TLINK id="TL92" fromID="E15" fromText="Cisplatin" toID="E21" toText="rectosigmoid resection" type="BEFORE" />
<TLINK id="TL93" fromID="E15" fromText="Cisplatin" toID="E22" toText="a take down of the ileostomy" type="BEFORE" />
<TLINK id="TL94" fromID="E16" fromText="debulking" toID="E13" toText="admitted" type="AFTER" />
<TLINK id="TL95" fromID="E16" fromText="debulking" toID="E14" toText="Cytoxan" type="AFTER" />
<TLINK id="TL96" fromID="E16" fromText="debulking" toID="E15" toText="Cisplatin" type="AFTER" />
<TLINK id="TL97" fromID="E16" fromText="debulking" toID="T3" toText="June 1992" type="OVERLAP" />
<TLINK id="TL98" fromID="E16" fromText="debulking" toID="E17" toText="a total abdominal hysterectomy/" type="BEFORE" />
<TLINK id="TL99" fromID="E16" fromText="debulking" toID="E18" toText="bilateral salpingo-oophorectomy" type="AFTER" />
<TLINK id="TL100" fromID="E16" fromText="debulking" toID="E19" toText="omentectomy" type="OVERLAP" />
<TLINK id="TL101" fromID="E16" fromText="debulking" toID="E20" toText="splenectomy" type="OVERLAP" />
<TLINK id="TL102" fromID="E16" fromText="debulking" toID="E21" toText="rectosigmoid resection" type="BEFORE" />
<TLINK id="TL103" fromID="T3" fromText="June 1992" toID="E13" toText="admitted" type="AFTER" />
<TLINK id="TL104" fromID="T3" fromText="June 1992" toID="E14" toText="Cytoxan" type="AFTER" />
<TLINK id="TL105" fromID="T3" fromText="June 1992" toID="E15" toText="Cisplatin" type="AFTER" />
<TLINK id="TL106" fromID="T3" fromText="June 1992" toID="E16" toText="debulking" type="OVERLAP" />
<TLINK id="TL107" fromID="T3" fromText="June 1992" toID="E17" toText="a total abdominal hysterectomy/" type="BEFORE" />
<TLINK id="TL108" fromID="T3" fromText="June 1992" toID="E18" toText="bilateral salpingo-oophorectomy" type="OVERLAP" />
<TLINK id="TL109" fromID="T3" fromText="June 1992" toID="E19" toText="omentectomy" type="OVERLAP" />
<TLINK id="TL110" fromID="T3" fromText="June 1992" toID="E20" toText="splenectomy" type="OVERLAP" />
<TLINK id="TL111" fromID="T3" fromText="June 1992" toID="E21" toText="rectosigmoid resection" type="OVERLAP" />
<TLINK id="TL112" fromID="E17" fromText="a total abdominal hysterectomy/" toID="E13" toText="admitted" type="AFTER" />
<TLINK id="TL113" fromID="E17" fromText="a total abdominal hysterectomy/" toID="E14" toText="Cytoxan" type="AFTER" />
<TLINK id="TL114" fromID="E17" fromText="a total abdominal hysterectomy/" toID="E15" toText="Cisplatin" type="AFTER" />
<TLINK id="TL115" fromID="E17" fromText="a total abdominal hysterectomy/" toID="E16" toText="debulking" type="AFTER" />
<TLINK id="TL116" fromID="E17" fromText="a total abdominal hysterectomy/" toID="T3" toText="June 1992" type="AFTER" />
<TLINK id="TL117" fromID="E17" fromText="a total abdominal hysterectomy/" toID="E18" toText="bilateral salpingo-oophorectomy" type="OVERLAP" />
<TLINK id="TL118" fromID="E17" fromText="a total abdominal hysterectomy/" toID="E19" toText="omentectomy" type="OVERLAP" />
<TLINK id="TL119" fromID="E17" fromText="a total abdominal hysterectomy/" toID="E20" toText="splenectomy" type="OVERLAP" />
<TLINK id="TL120" fromID="E17" fromText="a total abdominal hysterectomy/" toID="E21" toText="rectosigmoid resection" type="OVERLAP" />
<TLINK id="TL121" fromID="E18" fromText="bilateral salpingo-oophorectomy" toID="E13" toText="admitted" type="AFTER" />
<TLINK id="TL122" fromID="E18" fromText="bilateral salpingo-oophorectomy" toID="E14" toText="Cytoxan" type="AFTER" />
<TLINK id="TL123" fromID="E18" fromText="bilateral salpingo-oophorectomy" toID="E15" toText="Cisplatin" type="AFTER" />
<TLINK id="TL124" fromID="E18" fromText="bilateral salpingo-oophorectomy" toID="E16" toText="debulking" type="AFTER" />
<TLINK id="TL125" fromID="E18" fromText="bilateral salpingo-oophorectomy" toID="T3" toText="June 1992" type="OVERLAP" />
<TLINK id="TL126" fromID="E18" fromText="bilateral salpingo-oophorectomy" toID="E17" toText="a total abdominal hysterectomy/" type="OVERLAP" />
<TLINK id="TL127" fromID="E18" fromText="bilateral salpingo-oophorectomy" toID="E19" toText="omentectomy" type="OVERLAP" />
<TLINK id="TL128" fromID="E18" fromText="bilateral salpingo-oophorectomy" toID="E20" toText="splenectomy" type="OVERLAP" />
<TLINK id="TL129" fromID="E18" fromText="bilateral salpingo-oophorectomy" toID="E21" toText="rectosigmoid resection" type="OVERLAP" />
<TLINK id="TL130" fromID="E19" fromText="omentectomy" toID="E13" toText="admitted" type="AFTER" />
<TLINK id="TL131" fromID="E19" fromText="omentectomy" toID="E14" toText="Cytoxan" type="AFTER" />
<TLINK id="TL132" fromID="E19" fromText="omentectomy" toID="E15" toText="Cisplatin" type="AFTER" />
<TLINK id="TL133" fromID="E19" fromText="omentectomy" toID="E16" toText="debulking" type="AFTER" />
<TLINK id="TL134" fromID="E19" fromText="omentectomy" toID="T3" toText="June 1992" type="OVERLAP" />
<TLINK id="TL135" fromID="E19" fromText="omentectomy" toID="E17" toText="a total abdominal hysterectomy/" type="OVERLAP" />
<TLINK id="TL136" fromID="E19" fromText="omentectomy" toID="E18" toText="bilateral salpingo-oophorectomy" type="OVERLAP" />
<TLINK id="TL137" fromID="E19" fromText="omentectomy" toID="E20" toText="splenectomy" type="OVERLAP" />
<TLINK id="TL138" fromID="E19" fromText="omentectomy" toID="E21" toText="rectosigmoid resection" type="OVERLAP" />
<TLINK id="TL139" fromID="E20" fromText="splenectomy" toID="E13" toText="admitted" type="AFTER" />
<TLINK id="TL140" fromID="E20" fromText="splenectomy" toID="E14" toText="Cytoxan" type="AFTER" />
<TLINK id="TL141" fromID="E20" fromText="splenectomy" toID="E15" toText="Cisplatin" type="AFTER" />
<TLINK id="TL142" fromID="E20" fromText="splenectomy" toID="E16" toText="debulking" type="OVERLAP" />
<TLINK id="TL143" fromID="E20" fromText="splenectomy" toID="T3" toText="June 1992" type="OVERLAP" />
<TLINK id="TL144" fromID="E20" fromText="splenectomy" toID="E17" toText="a total abdominal hysterectomy/" type="OVERLAP" />
<TLINK id="TL145" fromID="E20" fromText="splenectomy" toID="E18" toText="bilateral salpingo-oophorectomy" type="OVERLAP" />
<TLINK id="TL146" fromID="E20" fromText="splenectomy" toID="E19" toText="omentectomy" type="OVERLAP" />
<TLINK id="TL147" fromID="E20" fromText="splenectomy" toID="E21" toText="rectosigmoid resection" type="OVERLAP" />
<TLINK id="TL148" fromID="E21" fromText="rectosigmoid resection" toID="E13" toText="admitted" type="AFTER" />
<TLINK id="TL149" fromID="E21" fromText="rectosigmoid resection" toID="E14" toText="Cytoxan" type="AFTER" />
<TLINK id="TL150" fromID="E21" fromText="rectosigmoid resection" toID="E15" toText="Cisplatin" type="AFTER" />
<TLINK id="TL151" fromID="E21" fromText="rectosigmoid resection" toID="E16" toText="debulking" type="AFTER" />
<TLINK id="TL152" fromID="E21" fromText="rectosigmoid resection" toID="T3" toText="June 1992" type="OVERLAP" />
<TLINK id="TL153" fromID="E21" fromText="rectosigmoid resection" toID="E17" toText="a total abdominal hysterectomy/" type="AFTER" />
<TLINK id="TL154" fromID="E21" fromText="rectosigmoid resection" toID="E18" toText="bilateral salpingo-oophorectomy" type="OVERLAP" />
<TLINK id="TL155" fromID="E21" fromText="rectosigmoid resection" toID="E19" toText="omentectomy" type="OVERLAP" />
<TLINK id="TL156" fromID="E21" fromText="rectosigmoid resection" toID="E20" toText="splenectomy" type="OVERLAP" />
<TLINK id="TL157" fromID="E21" fromText="rectosigmoid resection" toID="E22" toText="a take down of the ileostomy" type="OVERLAP" />
<TLINK id="TL158" fromID="E22" fromText="a take down of the ileostomy" toID="E13" toText="admitted" type="AFTER" />
<TLINK id="TL159" fromID="E22" fromText="a take down of the ileostomy" toID="E14" toText="Cytoxan" type="AFTER" />
<TLINK id="TL160" fromID="E22" fromText="a take down of the ileostomy" toID="E15" toText="Cisplatin" type="AFTER" />
<TLINK id="TL161" fromID="E22" fromText="a take down of the ileostomy" toID="E21" toText="rectosigmoid resection" type="OVERLAP" />
<TLINK id="TL162" fromID="E24" fromText="MDR" toID="E25" toText="showed" type="OVERLAP" />
<TLINK id="TL163" fromID="E24" fromText="MDR" toID="E26" toText="Cisplatin" type="AFTER" />
<TLINK id="TL164" fromID="E24" fromText="MDR" toID="E27" toText="VP 16" type="AFTER" />
<TLINK id="TL165" fromID="E25" fromText="showed" toID="E24" toText="MDR" type="OVERLAP" />
<TLINK id="TL166" fromID="E25" fromText="showed" toID="E26" toText="Cisplatin" type="AFTER" />
<TLINK id="TL167" fromID="E25" fromText="showed" toID="E27" toText="VP 16" type="AFTER" />
<TLINK id="TL168" fromID="E26" fromText="Cisplatin" toID="E24" toText="MDR" type="BEFORE" />
<TLINK id="TL169" fromID="E26" fromText="Cisplatin" toID="E25" toText="showed" type="BEFORE" />
<TLINK id="TL170" fromID="E26" fromText="Cisplatin" toID="E27" toText="VP 16" type="OVERLAP" />
<TLINK id="TL171" fromID="E27" fromText="VP 16" toID="E24" toText="MDR" type="BEFORE" />
<TLINK id="TL172" fromID="E27" fromText="VP 16" toID="E25" toText="showed" type="BEFORE" />
<TLINK id="TL173" fromID="E27" fromText="VP 16" toID="E26" toText="Cisplatin" type="OVERLAP" />
<TLINK id="TL174" fromID="E28" fromText="presents" toID="E29" toText="VP 16" type="AFTER" />
<TLINK id="TL175" fromID="E28" fromText="presents" toID="E30" toText="Cisplatin chemotherapy" type="AFTER" />
<TLINK id="TL176" fromID="E29" fromText="VP 16" toID="E28" toText="presents" type="BEFORE" />
<TLINK id="TL177" fromID="E29" fromText="VP 16" toID="E30" toText="Cisplatin chemotherapy" type="OVERLAP" />
<TLINK id="TL178" fromID="E30" fromText="Cisplatin chemotherapy" toID="E28" toText="presents" type="BEFORE" />
<TLINK id="TL179" fromID="E30" fromText="Cisplatin chemotherapy" toID="E29" toText="VP 16" type="OVERLAP" />
<TLINK id="TL180" fromID="E31" fromText="admitted" toID="E32" toText="the hospital" type="BEFORE" />
<TLINK id="TL181" fromID="E31" fromText="admitted" toID="E33" toText="packed red blood cells" type="BEFORE" />
<TLINK id="TL182" fromID="E31" fromText="admitted" toID="E34" toText="her hematocrit" type="BEFORE" />
<TLINK id="TL183" fromID="E31" fromText="admitted" toID="E35" toText="a magnesium" type="BEFORE" />
<TLINK id="TL184" fromID="E32" fromText="the hospital" toID="E31" toText="admitted" type="AFTER" />
<TLINK id="TL185" fromID="E32" fromText="the hospital" toID="E33" toText="packed red blood cells" type="OVERLAP" />
<TLINK id="TL186" fromID="E32" fromText="the hospital" toID="E34" toText="her hematocrit" type="OVERLAP" />
<TLINK id="TL187" fromID="E32" fromText="the hospital" toID="E35" toText="a magnesium" type="OVERLAP" />
<TLINK id="TL188" fromID="E33" fromText="packed red blood cells" toID="E31" toText="admitted" type="AFTER" />
<TLINK id="TL189" fromID="E33" fromText="packed red blood cells" toID="E32" toText="the hospital" type="OVERLAP" />
<TLINK id="TL190" fromID="E33" fromText="packed red blood cells" toID="E34" toText="her hematocrit" type="OVERLAP" />
<TLINK id="TL191" fromID="E33" fromText="packed red blood cells" toID="E35" toText="a magnesium" type="OVERLAP" />
<TLINK id="TL192" fromID="E34" fromText="her hematocrit" toID="E31" toText="admitted" type="AFTER" />
<TLINK id="TL193" fromID="E34" fromText="her hematocrit" toID="E32" toText="the hospital" type="OVERLAP" />
<TLINK id="TL194" fromID="E34" fromText="her hematocrit" toID="E33" toText="packed red blood cells" type="OVERLAP" />
<TLINK id="TL195" fromID="E35" fromText="a magnesium" toID="E31" toText="admitted" type="AFTER" />
<TLINK id="TL196" fromID="E35" fromText="a magnesium" toID="E32" toText="the hospital" type="OVERLAP" />
<TLINK id="TL197" fromID="E35" fromText="a magnesium" toID="E33" toText="packed red blood cells" type="OVERLAP" />
<TLINK id="TL198" fromID="T4" fromText="three days" toID="E36" toText="chemotherapy" type="OVERLAP" />
<TLINK id="TL199" fromID="T4" fromText="three days" toID="E37" toText="Cisplatin" type="OVERLAP" />
<TLINK id="TL200" fromID="T4" fromText="three days" toID="E38" toText="VP 16" type="OVERLAP" />
<TLINK id="TL201" fromID="E36" fromText="chemotherapy" toID="T4" toText="three days" type="OVERLAP" />
<TLINK id="TL202" fromID="E37" fromText="Cisplatin" toID="T4" toText="three days" type="OVERLAP" />
<TLINK id="TL203" fromID="E37" fromText="Cisplatin" toID="E38" toText="VP 16" type="OVERLAP" />
<TLINK id="TL204" fromID="E38" fromText="VP 16" toID="T4" toText="three days" type="OVERLAP" />
<TLINK id="TL205" fromID="E38" fromText="VP 16" toID="E37" toText="Cisplatin" type="OVERLAP" />
<TLINK id="TL206" fromID="E40" fromText="tolerated" toID="E39" toText="chemotherapy" type="OVERLAP" />
<TLINK id="TL207" fromID="E39" fromText="chemotherapy" toID="E40" toText="tolerated" type="OVERLAP" />
<TLINK id="TL208" fromID="E42" fromText="an initial PT" toID="E43" toText="admission" type="OVERLAP" />
<TLINK id="TL209" fromID="E42" fromText="an initial PT" toID="E44" toText="Coumadin" type="BEFORE" />
<TLINK id="TL210" fromID="E43" fromText="admission" toID="E42" toText="an initial PT" type="OVERLAP" />
<TLINK id="TL211" fromID="E44" fromText="Coumadin" toID="E42" toText="an initial PT" type="AFTER" />
<TLINK id="TL212" fromID="E45" fromText="The patient &apos;s pro time" toID="T8" toText="hospital day # 3" type="OVERLAP" />
<TLINK id="TL213" fromID="E45" fromText="The patient &apos;s pro time" toID="E46" toText="Anticoagulation Clinic" type="BEFORE" />
<TLINK id="TL214" fromID="E45" fromText="The patient &apos;s pro time" toID="T10" toText="one week" type="BEFORE" />
<TLINK id="TL215" fromID="E45" fromText="The patient &apos;s pro time" toID="E47" toText="further pro time checks" type="BEFORE" />
<TLINK id="TL216" fromID="E45" fromText="The patient &apos;s pro time" toID="E48" toText="adjustments" type="BEFORE" />
<TLINK id="TL217" fromID="T8" fromText="hospital day # 3" toID="E45" toText="The patient &apos;s pro time" type="OVERLAP" />
<TLINK id="TL218" fromID="T8" fromText="hospital day # 3" toID="E46" toText="Anticoagulation Clinic" type="BEFORE" />
<TLINK id="TL219" fromID="T8" fromText="hospital day # 3" toID="E47" toText="further pro time checks" type="BEFORE" />
<TLINK id="TL220" fromID="T8" fromText="hospital day # 3" toID="E48" toText="adjustments" type="BEFORE" />
<TLINK id="TL221" fromID="T9" fromText="qhs" toID="E46" toText="Anticoagulation Clinic" type="BEFORE" />
<TLINK id="TL222" fromID="T9" fromText="qhs" toID="E47" toText="further pro time checks" type="BEFORE" />
<TLINK id="TL223" fromID="T9" fromText="qhs" toID="E48" toText="adjustments" type="BEFORE" />
<TLINK id="TL224" fromID="E46" fromText="Anticoagulation Clinic" toID="E45" toText="The patient &apos;s pro time" type="AFTER" />
<TLINK id="TL225" fromID="E46" fromText="Anticoagulation Clinic" toID="T8" toText="hospital day # 3" type="AFTER" />
<TLINK id="TL226" fromID="E46" fromText="Anticoagulation Clinic" toID="T9" toText="qhs" type="AFTER" />
<TLINK id="TL227" fromID="E46" fromText="Anticoagulation Clinic" toID="T10" toText="one week" type="OVERLAP" />
<TLINK id="TL228" fromID="E46" fromText="Anticoagulation Clinic" toID="E47" toText="further pro time checks" type="OVERLAP" />
<TLINK id="TL229" fromID="E46" fromText="Anticoagulation Clinic" toID="E48" toText="adjustments" type="OVERLAP" />
<TLINK id="TL230" fromID="T10" fromText="one week" toID="E45" toText="The patient &apos;s pro time" type="AFTER" />
<TLINK id="TL231" fromID="T10" fromText="one week" toID="E46" toText="Anticoagulation Clinic" type="OVERLAP" />
<TLINK id="TL232" fromID="T10" fromText="one week" toID="E47" toText="further pro time checks" type="OVERLAP" />
<TLINK id="TL233" fromID="T10" fromText="one week" toID="E48" toText="adjustments" type="BEFORE" />
<TLINK id="TL234" fromID="E47" fromText="further pro time checks" toID="E45" toText="The patient &apos;s pro time" type="AFTER" />
<TLINK id="TL235" fromID="E47" fromText="further pro time checks" toID="T8" toText="hospital day # 3" type="AFTER" />
<TLINK id="TL236" fromID="E47" fromText="further pro time checks" toID="T9" toText="qhs" type="AFTER" />
<TLINK id="TL237" fromID="E47" fromText="further pro time checks" toID="E46" toText="Anticoagulation Clinic" type="OVERLAP" />
<TLINK id="TL238" fromID="E47" fromText="further pro time checks" toID="T10" toText="one week" type="OVERLAP" />
<TLINK id="TL239" fromID="E47" fromText="further pro time checks" toID="E48" toText="adjustments" type="OVERLAP" />
<TLINK id="TL240" fromID="E48" fromText="adjustments" toID="E45" toText="The patient &apos;s pro time" type="AFTER" />
<TLINK id="TL241" fromID="E48" fromText="adjustments" toID="T8" toText="hospital day # 3" type="AFTER" />
<TLINK id="TL242" fromID="E48" fromText="adjustments" toID="T9" toText="qhs" type="AFTER" />
<TLINK id="TL243" fromID="E48" fromText="adjustments" toID="E46" toText="Anticoagulation Clinic" type="OVERLAP" />
<TLINK id="TL244" fromID="E48" fromText="adjustments" toID="T10" toText="one week" type="AFTER" />
<TLINK id="TL245" fromID="E48" fromText="adjustments" toID="E47" toText="further pro time checks" type="OVERLAP" />
<TLINK id="TL246" fromID="E49" fromText="some hypertension" toID="E50" toText="infusion of her VP 16" type="OVERLAP" />
<TLINK id="TL247" fromID="E50" fromText="infusion of her VP 16" toID="E49" toText="some hypertension" type="OVERLAP" />
<TLINK id="TL248" fromID="E52" fromText="followup" toID="E53" toText="further evaluation" type="OVERLAP" />
<TLINK id="TL249" fromID="E52" fromText="followup" toID="E54" toText="her hypertension" type="AFTER" />
<TLINK id="TL250" fromID="E52" fromText="followup" toID="E55" toText="further management" type="AFTER" />
<TLINK id="TL251" fromID="E52" fromText="followup" toID="E56" toText="chemotherapy" type="AFTER" />
<TLINK id="TL252" fromID="E53" fromText="further evaluation" toID="E52" toText="followup" type="OVERLAP" />
<TLINK id="TL253" fromID="E53" fromText="further evaluation" toID="E54" toText="her hypertension" type="AFTER" />
<TLINK id="TL254" fromID="E54" fromText="her hypertension" toID="E52" toText="followup" type="BEFORE" />
<TLINK id="TL255" fromID="E54" fromText="her hypertension" toID="E53" toText="further evaluation" type="BEFORE" />
<TLINK id="TL256" fromID="E54" fromText="her hypertension" toID="E55" toText="further management" type="BEFORE" />
<TLINK id="TL257" fromID="E54" fromText="her hypertension" toID="E56" toText="chemotherapy" type="BEFORE" />
<TLINK id="TL258" fromID="E55" fromText="further management" toID="E52" toText="followup" type="BEFORE" />
<TLINK id="TL259" fromID="E55" fromText="further management" toID="E54" toText="her hypertension" type="AFTER" />
<TLINK id="TL260" fromID="E56" fromText="chemotherapy" toID="E52" toText="followup" type="BEFORE" />
<TLINK id="TL261" fromID="E56" fromText="chemotherapy" toID="E54" toText="her hypertension" type="AFTER" />
</TAGS>
</ClinicalNarrativeTemporalAnnotation>
