<?xml version="1.0" encoding="UTF-8" ?>
<ClinicalNarrativeTemporalAnnotation>
<TEXT><![CDATA[
Admission Date :
2011-02-06
Discharge Date :
2011-02-08
Service :
HISTORY OF PRESENT ILLNESS :
HISTORY OF PRESENT ILLNESS :
Mr. Pohl is a 53 - year-old male with history of alcohol use and hypertension .
He was found in his apartment lobby " shouting " and very agitated .
The patient states that he recalls going out alone to a cafe the evening prior to admission .
There he recalls having pizza and two glasses of red wine .
The patient told other staff that he had a few cocktails and drinking a few more glasses of wine when he ran into some friends at a bar .
He denies any other drug or toxin ingestion .
He does not recall walking home , but he states that the way is well known to him .
He has no further recollection , until he presented to the emergency room .
He by emergency room report , was found in his apartment lobby agitated .
EMS was called and the patient was taken to the emergency room .
Blood alcohol level was 383 .
Agitated in emergency room requiring 4 leather restraints , received 5 mg of Haldol , 2 mg of Ativan .
He became hypotensive in the emergency room with a systolic blood pressure in the 80 's and had decreased respiratory rate .
He received a normal saline bolus of 2 liters of good blood pressure response .
The patient was then admitted to the medical Intensive Care Unit for observation of his blood pressure and then transferred to our service on medicine when the blood pressures remained stable overnight .
The patient denies any chest pain , shortness of breath , dysuria , diarrhea , bright red blood per rectum .
He does complain of cold symptoms times one week .
The patient states in the past that he has participated in several alcohol treatment programs , most recently Star which is similar Alcoholics Anonymous .
The patient admits that he has had many stressors in his life lately .
His job as a computer programmer is unstable .
His brother is mentally handicapped and might be sent away from his instate institution .
He is also concerned about the threat of war and is ready to " move to Madagascar ".
He states that he primarily relies on friends .
In the past , he has been very depressed and has seen a counselor at Greenfield Community College Community Health .
HOSPITAL COURSE :
The patient was transferred to medicine service on hospital day #2 after remaining hemodynamically stable in the CMED CCU overnight .
1. Blood pressure :
The patient 's blood pressure remained stable on hospital day #2 through hospital day #3 status post IV hydration with systolic blood pressures in the 120 's to 130 's.
We continued to hold the patient 's home blood pressure medications .
The patient was asymptomatic without chest pain , shortness of breath and no mental status changes .
2. Substance abuse :
On Hospital day #2 through hospital day #3 , the patient had mild tremor on hands , but improved over hospital course .
The patient became notably less anxious throughout hospital stay .
CIWA scale over night was 1 for tremor and the patient did not require any Valium for alcohol withdrawal .
We believe that the patient is able to be discharged and to follow up with Dr. Sandra Rose , addiction services as an outpatient .
Call for further referral .
3. FEN :
Calcium carbonate 500 mg p.o. t.i.d. , Mag oxide 400 mg p.o. times one dose , potassium chloride repleted 40 mEq times one dose .
]]></TEXT>
<TAGS>
<EVENT id="E0" start="1" end="10" text="Admission" modality="FACTUAL" polarity="POS" type="OCCURRENCE" />
<EVENT id="E31" start="1018" end="1024" text="Haldol" modality="FACTUAL" polarity="POS" type="TREATMENT" />
<EVENT id="E32" start="1035" end="1041" text="Ativan" modality="FACTUAL" polarity="POS" type="TREATMENT" />
<EVENT id="E33" start="1054" end="1065" text="hypotensive" modality="FACTUAL" polarity="POS" type="PROBLEM" />
<EVENT id="E34" start="1069" end="1087" text="the emergency room" modality="FACTUAL" polarity="POS" type="CLINICAL_DEPT" />
<EVENT id="E35" start="1093" end="1118" text="a systolic blood pressure" modality="FACTUAL" polarity="POS" type="TEST" />
<EVENT id="E36" start="1140" end="1166" text="decreased respiratory rate" modality="FACTUAL" polarity="POS" type="PROBLEM" />
<EVENT id="E37" start="1181" end="1202" text="a normal saline bolus" modality="FACTUAL" polarity="POS" type="TREATMENT" />
<EVENT id="E38" start="1218" end="1246" text="good blood pressure response" modality="FACTUAL" polarity="POS" type="OCCURRENCE" />
<EVENT id="E39" start="1270" end="1278" text="admitted" modality="FACTUAL" polarity="POS" type="OCCURRENCE" />
<EVENT id="E40" start="1282" end="1313" text="the medical Intensive Care Unit" modality="FACTUAL" polarity="POS" type="CLINICAL_DEPT" />
<EVENT id="E41" start="1318" end="1329" text="observation" modality="FACTUAL" polarity="POS" type="TEST" />
<EVENT id="E42" start="1333" end="1351" text="his blood pressure" modality="FACTUAL" polarity="POS" type="TEST" />
<EVENT id="E43" start="1361" end="1372" text="transferred" modality="FACTUAL" polarity="POS" type="OCCURRENCE" />
<EVENT id="E44" start="1380" end="1399" text="service on medicine" modality="FACTUAL" polarity="POS" type="CLINICAL_DEPT" />
<EVENT id="E45" start="1405" end="1424" text="the blood pressures" modality="FACTUAL" polarity="POS" type="TEST" />
<EVENT id="E46" start="1434" end="1440" text="stable" modality="FACTUAL" polarity="POS" type="OCCURRENCE" />
<EVENT id="E47" start="1465" end="1471" text="denies" modality="FACTUAL" polarity="POS" type="EVIDENTIAL" />
<EVENT id="E48" start="1472" end="1486" text="any chest pain" modality="FACTUAL" polarity="NEG" type="PROBLEM" />
<EVENT id="E49" start="1489" end="1508" text="shortness of breath" modality="FACTUAL" polarity="NEG" type="PROBLEM" />
<EVENT id="E50" start="1511" end="1518" text="dysuria" modality="FACTUAL" polarity="NEG" type="PROBLEM" />
<EVENT id="E51" start="1521" end="1529" text="diarrhea" modality="FACTUAL" polarity="NEG" type="PROBLEM" />
<EVENT id="E52" start="1532" end="1559" text="bright red blood per rectum" modality="FACTUAL" polarity="NEG" type="PROBLEM" />
<EVENT id="E53" start="1570" end="1578" text="complain" modality="FACTUAL" polarity="POS" type="EVIDENTIAL" />
<EVENT id="E54" start="1582" end="1595" text="cold symptoms" modality="FACTUAL" polarity="POS" type="PROBLEM" />
<EVENT id="E55" start="1625" end="1631" text="states" modality="FACTUAL" polarity="POS" type="EVIDENTIAL" />
<EVENT id="E56" start="1680" end="1706" text="alcohol treatment programs" modality="FACTUAL" polarity="POS" type="TREATMENT" />
<EVENT id="E57" start="1723" end="1727" text="Star" modality="FACTUAL" polarity="POS" type="TREATMENT" />
<EVENT id="E2" start="174" end="185" text="alcohol use" modality="FACTUAL" polarity="POS" type="PROBLEM" />
<EVENT id="E58" start="1780" end="1786" text="admits" modality="FACTUAL" polarity="POS" type="EVIDENTIAL" />
<EVENT id="E59" start="1808" end="1817" text="stressors" modality="FACTUAL" polarity="POS" type="PROBLEM" />
<EVENT id="E60" start="1875" end="1883" text="unstable" modality="FACTUAL" polarity="POS" type="PROBLEM" />
<EVENT id="E3" start="190" end="202" text="hypertension" modality="FACTUAL" polarity="POS" type="PROBLEM" />
<EVENT id="E61" start="1901" end="1921" text="mentally handicapped" modality="FACTUAL" polarity="POS" type="PROBLEM" />
<EVENT id="E62" start="1935" end="1944" text="sent away" modality="POSSIBLE" polarity="POS" type="OCCURRENCE" />
<EVENT id="E63" start="2003" end="2020" text="the threat of war" modality="FACTUAL" polarity="POS" type="OCCURRENCE" />
<EVENT id="E64" start="2064" end="2070" text="states" modality="FACTUAL" polarity="POS" type="EVIDENTIAL" />
<EVENT id="E65" start="2089" end="2106" text="relies on friends" modality="FACTUAL" polarity="POS" type="OCCURRENCE" />
<EVENT id="E66" start="2135" end="2149" text="very depressed" modality="FACTUAL" polarity="POS" type="PROBLEM" />
<EVENT id="E67" start="2163" end="2174" text="a counselor" modality="FACTUAL" polarity="POS" type="TREATMENT" />
<EVENT id="E68" start="2178" end="2223" text="Greenfield Community College Community Health" modality="FACTUAL" polarity="POS" type="CLINICAL_DEPT" />
<EVENT id="E69" start="2260" end="2271" text="transferred" modality="FACTUAL" polarity="POS" type="OCCURRENCE" />
<EVENT id="E70" start="2275" end="2291" text="medicine service" modality="FACTUAL" polarity="POS" type="CLINICAL_DEPT" />
<EVENT id="E71" start="2327" end="2349" text="hemodynamically stable" modality="FACTUAL" polarity="POS" type="OCCURRENCE" />
<EVENT id="E72" start="2353" end="2365" text="the CMED CCU" modality="FACTUAL" polarity="POS" type="CLINICAL_DEPT" />
<EVENT id="E73" start="2381" end="2395" text="Blood pressure" modality="FACTUAL" polarity="POS" type="TEST" />
<EVENT id="E74" start="2398" end="2427" text="The patient 's blood pressure" modality="FACTUAL" polarity="POS" type="TEST" />
<EVENT id="E4" start="243" end="251" text="shouting" modality="FACTUAL" polarity="POS" type="OCCURRENCE" />
<EVENT id="E75" start="2437" end="2443" text="stable" modality="FACTUAL" polarity="POS" type="OCCURRENCE" />
<EVENT id="E76" start="2499" end="2511" text="IV hydration" modality="FACTUAL" polarity="POS" type="TREATMENT" />
<EVENT id="E77" start="2517" end="2541" text="systolic blood pressures" modality="FACTUAL" polarity="POS" type="TEST" />
<EVENT id="E5" start="258" end="271" text="very agitated" modality="FACTUAL" polarity="POS" type="PROBLEM" />
<EVENT id="E78" start="2603" end="2634" text="home blood pressure medications" modality="FACTUAL" polarity="POS" type="TREATMENT" />
<EVENT id="E79" start="2653" end="2665" text="asymptomatic" modality="FACTUAL" polarity="POS" type="PROBLEM" />
<EVENT id="E80" start="2674" end="2684" text="chest pain" modality="FACTUAL" polarity="NEG" type="PROBLEM" />
<EVENT id="E81" start="2687" end="2706" text="shortness of breath" modality="FACTUAL" polarity="NEG" type="PROBLEM" />
<EVENT id="E82" start="2714" end="2735" text="mental status changes" modality="FACTUAL" polarity="NEG" type="PROBLEM" />
<EVENT id="E83" start="2741" end="2756" text="Substance abuse" modality="FACTUAL" polarity="POS" type="PROBLEM" />
<EVENT id="E84" start="2820" end="2840" text="mild tremor on hands" modality="FACTUAL" polarity="POS" type="PROBLEM" />
<EVENT id="E6" start="286" end="292" text="states" modality="FACTUAL" polarity="POS" type="EVIDENTIAL" />
<EVENT id="E99" start="2861" end="2876" text="hospital course" modality="FACTUAL" polarity="POS" type="OCCURRENCE" />
<EVENT id="E85" start="2898" end="2918" text="notably less anxious" modality="FACTUAL" polarity="POS" type="PROBLEM" />
<EVENT id="E1" start="29" end="38" text="Discharge" modality="FACTUAL" polarity="POS" type="OCCURRENCE" />
<EVENT id="E86" start="2930" end="2943" text="hospital stay" modality="FACTUAL" polarity="POS" type="OCCURRENCE" />
<EVENT id="E87" start="2946" end="2956" text="CIWA scale" modality="FACTUAL" polarity="POS" type="TEST" />
<EVENT id="E88" start="2978" end="2984" text="tremor" modality="FACTUAL" polarity="POS" type="PROBLEM" />
<EVENT id="E89" start="3021" end="3027" text="Valium" modality="FACTUAL" polarity="NEG" type="TREATMENT" />
<EVENT id="E90" start="3032" end="3050" text="alcohol withdrawal" modality="FACTUAL" polarity="POS" type="PROBLEM" />
<EVENT id="E7" start="309" end="324" text="going out alone" modality="FACTUAL" polarity="POS" type="OCCURRENCE" />
<EVENT id="E91" start="3095" end="3105" text="discharged" modality="FACTUAL" polarity="POS" type="OCCURRENCE" />
<EVENT id="E92" start="3113" end="3122" text="follow up" modality="PROPOSED" polarity="POS" type="OCCURRENCE" />
<EVENT id="E93" start="3184" end="3188" text="Call" modality="PROPOSED" polarity="POS" type="OCCURRENCE" />
<EVENT id="E94" start="3221" end="3238" text="Calcium carbonate" modality="FACTUAL" polarity="POS" type="TREATMENT" />
<EVENT id="E95" start="3260" end="3269" text="Mag oxide" modality="FACTUAL" polarity="POS" type="TREATMENT" />
<EVENT id="E96" start="3299" end="3317" text="potassium chloride" modality="FACTUAL" polarity="POS" type="TREATMENT" />
<EVENT id="E8" start="335" end="346" text="the evening" modality="FACTUAL" polarity="POS" type="OCCURRENCE" />
<EVENT id="E9" start="356" end="365" text="admission" modality="FACTUAL" polarity="POS" type="OCCURRENCE" />
<EVENT id="E10" start="402" end="425" text="two glasses of red wine" modality="FACTUAL" polarity="POS" type="OCCURRENCE" />
<EVENT id="E11" start="440" end="444" text="told" modality="FACTUAL" polarity="POS" type="EVIDENTIAL" />
<EVENT id="E12" start="469" end="484" text="a few cocktails" modality="FACTUAL" polarity="POS" type="OCCURRENCE" />
<EVENT id="E13" start="498" end="524" text="a few more glasses of wine" modality="FACTUAL" polarity="POS" type="OCCURRENCE" />
<EVENT id="E14" start="533" end="554" text="ran into some friends" modality="FACTUAL" polarity="POS" type="OCCURRENCE" />
<EVENT id="E97" start="569" end="575" text="denies" modality="FACTUAL" polarity="POS" type="EVIDENTIAL" />
<EVENT id="E15" start="580" end="590" text="other drug" modality="FACTUAL" polarity="NEG" type="PROBLEM" />
<EVENT id="E16" start="594" end="609" text="toxin ingestion" modality="FACTUAL" polarity="NEG" type="PROBLEM" />
<EVENT id="E17" start="615" end="643" text="does not recall walking home" modality="FACTUAL" polarity="POS" type="PROBLEM" />
<EVENT id="E18" start="653" end="659" text="states" modality="FACTUAL" polarity="POS" type="EVIDENTIAL" />
<EVENT id="E98" start="706" end="726" text="further recollection" modality="FACTUAL" polarity="POS" type="PROBLEM" />
<EVENT id="E20" start="738" end="747" text="presented" modality="FACTUAL" polarity="POS" type="OCCURRENCE" />
<EVENT id="E21" start="751" end="769" text="the emergency room" modality="FACTUAL" polarity="POS" type="CLINICAL_DEPT" />
<EVENT id="E22" start="778" end="792" text="emergency room" modality="FACTUAL" polarity="POS" type="CLINICAL_DEPT" />
<EVENT id="E23" start="806" end="811" text="found" modality="FACTUAL" polarity="POS" type="OCCURRENCE" />
<EVENT id="E24" start="835" end="843" text="agitated" modality="FACTUAL" polarity="POS" type="PROBLEM" />
<EVENT id="E25" start="846" end="860" text="EMS was called" modality="FACTUAL" polarity="POS" type="OCCURRENCE" />
<EVENT id="E26" start="890" end="908" text="the emergency room" modality="FACTUAL" polarity="POS" type="CLINICAL_DEPT" />
<EVENT id="E27" start="911" end="930" text="Blood alcohol level" modality="FACTUAL" polarity="POS" type="TEST" />
<EVENT id="E28" start="941" end="949" text="Agitated" modality="FACTUAL" polarity="POS" type="PROBLEM" />
<EVENT id="E29" start="953" end="967" text="emergency room" modality="FACTUAL" polarity="POS" type="CLINICAL_DEPT" />
<EVENT id="E30" start="978" end="998" text="4 leather restraints" modality="FACTUAL" polarity="POS" type="TREATMENT" />
<TIMEX3 id="T3" start="1441" end="1450" text="overnight" type="DURATION" val="PT12H" mod="APPROX" />
<TIMEX3 id="T4" start="1602" end="1610" text="one week" type="DURATION" val="P1W" mod="NA" />
<TIMEX3 id="T0" start="18" end="28" text="2011-02-06" type="DATE" val="2011-02-06" mod="NA" />
<TIMEX3 id="T5" start="2295" end="2310" text="hospital day #2" type="DATE" val="2011-02-07" mod="NA" />
<TIMEX3 id="T6" start="2366" end="2375" text="overnight" type="DURATION" val="PT12H" mod="APPROX" />
<TIMEX3 id="T7" start="2447" end="2462" text="hospital day #2" type="DATE" val="2011-02-07" mod="NA" />
<TIMEX3 id="T8" start="2471" end="2486" text="hospital day #3" type="DATE" val="2011-02-08" mod="NA" />
<TIMEX3 id="T9" start="2762" end="2777" text="Hospital day #2" type="DATE" val="2011-02-07" mod="NA" />
<TIMEX3 id="T10" start="2786" end="2801" text="hospital day #3" type="DATE" val="2001-02-08" mod="NA" />
<TIMEX3 id="T11" start="2957" end="2967" text="over night" type="DURATION" val="PT12H" mod="APPROX" />
<TIMEX3 id="T12" start="3251" end="3257" text="t.i.d." type="FREQUENCY" val="RPT8H" mod="NA" />
<TIMEX3 id="T13" start="3282" end="3296" text="times one dose" type="FREQUENCY" val="R1" mod="NA" />
<TIMEX3 id="T14" start="3334" end="3348" text="times one dose" type="FREQUENCY" val="R1" mod="NA" />
<TIMEX3 id="T2" start="335" end="346" text="the evening" type="DATE" val="2011-02-06" mod="END" />
<TIMEX3 id="T1" start="46" end="56" text="2011-02-08" type="DATE" val="2011-02-08" mod="NA" />
<SECTIME id="S0" start="18" end="28" text="2011-02-06" type="ADMISSION" dvalue="2011-02-06" />
<SECTIME id="S1" start="46" end="56" text="2011-02-08" type="DISCHARGE" dvalue="2011-02-08" />
<TLINK id="SECTIME0" fromID="T0" fromText="2011-02-06" toID="E2" toText="alcohol use" type="AFTER" />
<TLINK id="SECTIME1" fromID="T0" fromText="2011-02-06" toID="E3" toText="hypertension" type="AFTER" />
<TLINK id="SECTIME2" fromID="T0" fromText="2011-02-06" toID="E4" toText="shouting" type="AFTER" />
<TLINK id="SECTIME3" fromID="T0" fromText="2011-02-06" toID="E5" toText="very agitated" type="AFTER" />
<TLINK id="SECTIME4" fromID="T0" fromText="2011-02-06" toID="E6" toText="states" type="OVERLAP" />
<TLINK id="SECTIME5" fromID="T0" fromText="2011-02-06" toID="E7" toText="going out alone" type="AFTER" />
<TLINK id="TL0" fromID="T0" fromText="2011-02-06" toID="E8" toText="the evening" type="AFTER" />
<TLINK id="SECTIME6" fromID="T0" fromText="2011-02-06" toID="E9" toText="admission" type="OVERLAP" />
<TLINK id="SECTIME7" fromID="T0" fromText="2011-02-06" toID="E10" toText="two glasses of red wine" type="AFTER" />
<TLINK id="SECTIME8" fromID="T0" fromText="2011-02-06" toID="E11" toText="told" type="AFTER" />
<TLINK id="SECTIME9" fromID="T0" fromText="2011-02-06" toID="E12" toText="a few cocktails" type="AFTER" />
<TLINK id="SECTIME10" fromID="T0" fromText="2011-02-06" toID="E13" toText="a few more glasses of wine" type="AFTER" />
<TLINK id="SECTIME11" fromID="T0" fromText="2011-02-06" toID="E14" toText="ran into some friends" type="AFTER" />
<TLINK id="SECTIME12" fromID="T0" fromText="2011-02-06" toID="E97" toText="denies" type="OVERLAP" />
<TLINK id="SECTIME13" fromID="T0" fromText="2011-02-06" toID="E15" toText="other drug" type="AFTER" />
<TLINK id="SECTIME14" fromID="T0" fromText="2011-02-06" toID="E16" toText="toxin ingestion" type="AFTER" />
<TLINK id="SECTIME15" fromID="T0" fromText="2011-02-06" toID="E17" toText="does not recall walking home" type="AFTER" />
<TLINK id="SECTIME16" fromID="T0" fromText="2011-02-06" toID="E18" toText="states" type="OVERLAP" />
<TLINK id="SECTIME17" fromID="T0" fromText="2011-02-06" toID="E98" toText="further recollection" type="AFTER" />
<TLINK id="SECTIME18" fromID="T0" fromText="2011-02-06" toID="E20" toText="presented" type="OVERLAP" />
<TLINK id="SECTIME19" fromID="T0" fromText="2011-02-06" toID="E21" toText="the emergency room" type="OVERLAP" />
<TLINK id="SECTIME20" fromID="T0" fromText="2011-02-06" toID="E22" toText="emergency room" type="AFTER" />
<TLINK id="SECTIME21" fromID="T0" fromText="2011-02-06" toID="E23" toText="found" type="AFTER" />
<TLINK id="SECTIME22" fromID="T0" fromText="2011-02-06" toID="E24" toText="agitated" type="AFTER" />
<TLINK id="SECTIME23" fromID="T0" fromText="2011-02-06" toID="E25" toText="EMS was called" type="AFTER" />
<TLINK id="SECTIME24" fromID="T0" fromText="2011-02-06" toID="E26" toText="the emergency room" type="AFTER" />
<TLINK id="SECTIME25" fromID="T0" fromText="2011-02-06" toID="E27" toText="Blood alcohol level" type="AFTER" />
<TLINK id="SECTIME26" fromID="T0" fromText="2011-02-06" toID="E28" toText="Agitated" type="AFTER" />
<TLINK id="SECTIME27" fromID="T0" fromText="2011-02-06" toID="E29" toText="emergency room" type="AFTER" />
<TLINK id="SECTIME28" fromID="T0" fromText="2011-02-06" toID="E30" toText="4 leather restraints" type="AFTER" />
<TLINK id="SECTIME29" fromID="T0" fromText="2011-02-06" toID="E31" toText="Haldol" type="AFTER" />
<TLINK id="SECTIME30" fromID="T0" fromText="2011-02-06" toID="E32" toText="Ativan" type="AFTER" />
<TLINK id="SECTIME31" fromID="T0" fromText="2011-02-06" toID="E33" toText="hypotensive" type="AFTER" />
<TLINK id="SECTIME32" fromID="T0" fromText="2011-02-06" toID="E34" toText="the emergency room" type="AFTER" />
<TLINK id="SECTIME33" fromID="T0" fromText="2011-02-06" toID="E35" toText="a systolic blood pressure" type="AFTER" />
<TLINK id="SECTIME34" fromID="T0" fromText="2011-02-06" toID="E36" toText="decreased respiratory rate" type="AFTER" />
<TLINK id="SECTIME35" fromID="T0" fromText="2011-02-06" toID="E37" toText="a normal saline bolus" type="OVERLAP" />
<TLINK id="SECTIME36" fromID="T0" fromText="2011-02-06" toID="E38" toText="good blood pressure response" type="OVERLAP" />
<TLINK id="SECTIME37" fromID="T0" fromText="2011-02-06" toID="E39" toText="admitted" type="OVERLAP" />
<TLINK id="SECTIME38" fromID="T0" fromText="2011-02-06" toID="E40" toText="the medical Intensive Care Unit" type="OVERLAP" />
<TLINK id="SECTIME39" fromID="T0" fromText="2011-02-06" toID="E41" toText="observation" type="BEFORE" />
<TLINK id="SECTIME40" fromID="T0" fromText="2011-02-06" toID="E42" toText="his blood pressure" type="OVERLAP" />
<TLINK id="SECTIME41" fromID="T0" fromText="2011-02-06" toID="E43" toText="transferred" type="OVERLAP" />
<TLINK id="SECTIME42" fromID="T0" fromText="2011-02-06" toID="E44" toText="service on medicine" type="OVERLAP" />
<TLINK id="SECTIME43" fromID="T0" fromText="2011-02-06" toID="E45" toText="the blood pressures" type="OVERLAP" />
<TLINK id="SECTIME44" fromID="T0" fromText="2011-02-06" toID="E46" toText="stable" type="OVERLAP" />
<TLINK id="SECTIME45" fromID="T0" fromText="2011-02-06" toID="E47" toText="denies" type="OVERLAP" />
<TLINK id="SECTIME46" fromID="T0" fromText="2011-02-06" toID="E48" toText="any chest pain" type="AFTER" />
<TLINK id="SECTIME47" fromID="T0" fromText="2011-02-06" toID="E49" toText="shortness of breath" type="AFTER" />
<TLINK id="SECTIME48" fromID="T0" fromText="2011-02-06" toID="E50" toText="dysuria" type="AFTER" />
<TLINK id="SECTIME49" fromID="T0" fromText="2011-02-06" toID="E51" toText="diarrhea" type="AFTER" />
<TLINK id="SECTIME50" fromID="T0" fromText="2011-02-06" toID="E52" toText="bright red blood per rectum" type="AFTER" />
<TLINK id="SECTIME51" fromID="T0" fromText="2011-02-06" toID="E53" toText="complain" type="OVERLAP" />
<TLINK id="SECTIME52" fromID="T0" fromText="2011-02-06" toID="E54" toText="cold symptoms" type="AFTER" />
<TLINK id="SECTIME53" fromID="T0" fromText="2011-02-06" toID="E55" toText="states" type="AFTER" />
<TLINK id="SECTIME54" fromID="T0" fromText="2011-02-06" toID="E56" toText="alcohol treatment programs" type="AFTER" />
<TLINK id="SECTIME55" fromID="T0" fromText="2011-02-06" toID="E57" toText="Star" type="AFTER" />
<TLINK id="SECTIME56" fromID="T0" fromText="2011-02-06" toID="E58" toText="admits" type="OVERLAP" />
<TLINK id="SECTIME57" fromID="T0" fromText="2011-02-06" toID="E59" toText="stressors" type="AFTER" />
<TLINK id="SECTIME58" fromID="T0" fromText="2011-02-06" toID="E60" toText="unstable" type="AFTER" />
<TLINK id="SECTIME59" fromID="T0" fromText="2011-02-06" toID="E61" toText="mentally handicapped" type="AFTER" />
<TLINK id="SECTIME60" fromID="T0" fromText="2011-02-06" toID="E62" toText="sent away" type="AFTER" />
<TLINK id="SECTIME61" fromID="T0" fromText="2011-02-06" toID="E63" toText="the threat of war" type="AFTER" />
<TLINK id="SECTIME62" fromID="T0" fromText="2011-02-06" toID="E64" toText="states" type="OVERLAP" />
<TLINK id="SECTIME63" fromID="T0" fromText="2011-02-06" toID="E65" toText="relies on friends" type="AFTER" />
<TLINK id="SECTIME64" fromID="T0" fromText="2011-02-06" toID="E66" toText="very depressed" type="AFTER" />
<TLINK id="SECTIME65" fromID="T0" fromText="2011-02-06" toID="E67" toText="a counselor" type="AFTER" />
<TLINK id="SECTIME66" fromID="T0" fromText="2011-02-06" toID="E68" toText="Greenfield Community College Community Health" type="AFTER" />
<TLINK id="SECTIME67" fromID="T1" fromText="2011-02-08" toID="E69" toText="transferred" type="AFTER" />
<TLINK id="SECTIME68" fromID="T1" fromText="2011-02-08" toID="E70" toText="medicine service" type="AFTER" />
<TLINK id="SECTIME69" fromID="T1" fromText="2011-02-08" toID="E71" toText="hemodynamically stable" type="AFTER" />
<TLINK id="SECTIME70" fromID="T1" fromText="2011-02-08" toID="E72" toText="the CMED CCU" type="AFTER" />
<TLINK id="SECTIME71" fromID="T1" fromText="2011-02-08" toID="E73" toText="Blood pressure" type="AFTER" />
<TLINK id="SECTIME72" fromID="T1" fromText="2011-02-08" toID="E74" toText="The patient 's blood pressure" type="AFTER" />
<TLINK id="SECTIME73" fromID="T1" fromText="2011-02-08" toID="E75" toText="stable" type="AFTER" />
<TLINK id="SECTIME74" fromID="T1" fromText="2011-02-08" toID="E76" toText="IV hydration" type="AFTER" />
<TLINK id="SECTIME75" fromID="T1" fromText="2011-02-08" toID="E77" toText="systolic blood pressures" type="AFTER" />
<TLINK id="SECTIME76" fromID="T1" fromText="2011-02-08" toID="E78" toText="home blood pressure medications" type="AFTER" />
<TLINK id="SECTIME77" fromID="T1" fromText="2011-02-08" toID="E79" toText="asymptomatic" type="AFTER" />
<TLINK id="SECTIME78" fromID="T1" fromText="2011-02-08" toID="E80" toText="chest pain" type="AFTER" />
<TLINK id="SECTIME79" fromID="T1" fromText="2011-02-08" toID="E81" toText="shortness of breath" type="AFTER" />
<TLINK id="SECTIME80" fromID="T1" fromText="2011-02-08" toID="E82" toText="mental status changes" type="AFTER" />
<TLINK id="SECTIME81" fromID="T1" fromText="2011-02-08" toID="E83" toText="Substance abuse" type="AFTER" />
<TLINK id="SECTIME82" fromID="T1" fromText="2011-02-08" toID="E84" toText="mild tremor on hands" type="AFTER" />
<TLINK id="SECTIME83" fromID="T1" fromText="2011-02-08" toID="E99" toText="hospital course" type="AFTER" />
<TLINK id="SECTIME84" fromID="T1" fromText="2011-02-08" toID="E85" toText="notably less anxious" type="AFTER" />
<TLINK id="SECTIME85" fromID="T1" fromText="2011-02-08" toID="E86" toText="hospital stay" type="AFTER" />
<TLINK id="SECTIME86" fromID="T1" fromText="2011-02-08" toID="E87" toText="CIWA scale" type="AFTER" />
<TLINK id="SECTIME87" fromID="T1" fromText="2011-02-08" toID="E88" toText="tremor" type="AFTER" />
<TLINK id="SECTIME88" fromID="T1" fromText="2011-02-08" toID="E89" toText="Valium" type="AFTER" />
<TLINK id="SECTIME89" fromID="T1" fromText="2011-02-08" toID="E90" toText="alcohol withdrawal" type="AFTER" />
<TLINK id="SECTIME90" fromID="T1" fromText="2011-02-08" toID="E91" toText="discharged" type="OVERLAP" />
<TLINK id="SECTIME91" fromID="T1" fromText="2011-02-08" toID="E92" toText="follow up" type="BEFORE" />
<TLINK id="SECTIME92" fromID="T1" fromText="2011-02-08" toID="E93" toText="Call" type="AFTER" />
<TLINK id="SECTIME93" fromID="T1" fromText="2011-02-08" toID="E94" toText="Calcium carbonate" type="AFTER" />
<TLINK id="SECTIME94" fromID="T1" fromText="2011-02-08" toID="E95" toText="Mag oxide" type="AFTER" />
<TLINK id="SECTIME95" fromID="T1" fromText="2011-02-08" toID="E96" toText="potassium chloride" type="AFTER" />
<TLINK id="TL1" fromID="T1" fromText="2011-02-08" toID="T5" toText="hospital day #2" type="AFTER" />
<TLINK id="TL2" fromID="T1" fromText="2011-02-08" toID="T7" toText="hospital day #2" type="AFTER" />
<TLINK id="TL3" fromID="T1" fromText="2011-02-08" toID="T8" toText="hospital day #3" type="OVERLAP" />
<TLINK id="TL4" fromID="T1" fromText="2011-02-08" toID="T9" toText="Hospital day #2" type="AFTER" />
<TLINK id="TL5" fromID="T1" fromText="2011-02-08" toID="T10" toText="hospital day #3" type="AFTER" />
<TLINK id="TL6" fromID="E2" fromText="alcohol use" toID="E5" toText="very agitated" type="OVERLAP" />
<TLINK id="TL7" fromID="E6" fromText="states" toID="E10" toText="two glasses of red wine" type="OVERLAP" />
<TLINK id="TL8" fromID="E7" fromText="going out alone" toID="E10" toText="two glasses of red wine" type="OVERLAP" />
<TLINK id="TL9" fromID="E8" fromText="the evening" toID="E10" toText="two glasses of red wine" type="OVERLAP" />
<TLINK id="TL10" fromID="E9" fromText="admission" toID="E10" toText="two glasses of red wine" type="OVERLAP" />
<TLINK id="TL11" fromID="E10" fromText="two glasses of red wine" toID="E7" toText="going out alone" type="OVERLAP" />
<TLINK id="TL12" fromID="E10" fromText="two glasses of red wine" toID="E8" toText="the evening" type="OVERLAP" />
<TLINK id="TL13" fromID="E10" fromText="two glasses of red wine" toID="E9" toText="admission" type="OVERLAP" />
<TLINK id="TL14" fromID="E10" fromText="two glasses of red wine" toID="E11" toText="told" type="OVERLAP" />
<TLINK id="TL15" fromID="E10" fromText="two glasses of red wine" toID="E12" toText="a few cocktails" type="OVERLAP" />
<TLINK id="TL16" fromID="E10" fromText="two glasses of red wine" toID="E13" toText="a few more glasses of wine" type="OVERLAP" />
<TLINK id="TL17" fromID="E10" fromText="two glasses of red wine" toID="E14" toText="ran into some friends" type="OVERLAP" />
<TLINK id="TL18" fromID="E11" fromText="told" toID="E97" toText="denies" type="OVERLAP" />
<TLINK id="TL19" fromID="E13" fromText="a few more glasses of wine" toID="E10" toText="two glasses of red wine" type="OVERLAP" />
<TLINK id="TL20" fromID="E14" fromText="ran into some friends" toID="E10" toText="two glasses of red wine" type="OVERLAP" />
<TLINK id="TL21" fromID="E97" fromText="denies" toID="E18" toText="states" type="OVERLAP" />
<TLINK id="TL22" fromID="E18" fromText="states" toID="E97" toText="denies" type="OVERLAP" />
<TLINK id="TL23" fromID="E21" fromText="the emergency room" toID="E22" toText="emergency room" type="OVERLAP" />
<TLINK id="TL24" fromID="E22" fromText="emergency room" toID="E21" toText="the emergency room" type="OVERLAP" />
<TLINK id="TL25" fromID="E22" fromText="emergency room" toID="E25" toText="EMS was called" type="BEFORE" />
<TLINK id="TL26" fromID="E22" fromText="emergency room" toID="E26" toText="the emergency room" type="OVERLAP" />
<TLINK id="TL27" fromID="E23" fromText="found" toID="E25" toText="EMS was called" type="BEFORE" />
<TLINK id="TL28" fromID="E25" fromText="EMS was called" toID="E22" toText="emergency room" type="AFTER" />
<TLINK id="TL29" fromID="E25" fromText="EMS was called" toID="E27" toText="Blood alcohol level" type="OVERLAP" />
<TLINK id="TL30" fromID="E26" fromText="the emergency room" toID="E22" toText="emergency room" type="OVERLAP" />
<TLINK id="TL31" fromID="E26" fromText="the emergency room" toID="E27" toText="Blood alcohol level" type="OVERLAP" />
<TLINK id="TL32" fromID="E27" fromText="Blood alcohol level" toID="E25" toText="EMS was called" type="OVERLAP" />
<TLINK id="TL33" fromID="E27" fromText="Blood alcohol level" toID="E26" toText="the emergency room" type="OVERLAP" />
<TLINK id="TL34" fromID="E29" fromText="emergency room" toID="E34" toText="the emergency room" type="OVERLAP" />
<TLINK id="TL35" fromID="E34" fromText="the emergency room" toID="E29" toText="emergency room" type="OVERLAP" />
<TLINK id="TL36" fromID="E47" fromText="denies" toID="E53" toText="complain" type="OVERLAP" />
<TLINK id="TL37" fromID="E55" fromText="states" toID="E58" toText="admits" type="OVERLAP" />
<TLINK id="TL38" fromID="E58" fromText="admits" toID="E60" toText="unstable" type="OVERLAP" />
<TLINK id="TL39" fromID="E59" fromText="stressors" toID="E60" toText="unstable" type="OVERLAP" />
<TLINK id="TL40" fromID="E60" fromText="unstable" toID="E61" toText="mentally handicapped" type="OVERLAP" />
<TLINK id="TL41" fromID="E63" fromText="the threat of war" toID="E64" toText="states" type="OVERLAP" />
<TLINK id="TL42" fromID="E63" fromText="the threat of war" toID="E65" toText="relies on friends" type="OVERLAP" />
<TLINK id="TL43" fromID="E64" fromText="states" toID="E63" toText="the threat of war" type="OVERLAP" />
<TLINK id="TL44" fromID="E65" fromText="relies on friends" toID="E63" toText="the threat of war" type="OVERLAP" />
<TLINK id="TL45" fromID="E70" fromText="medicine service" toID="E73" toText="Blood pressure" type="OVERLAP" />
<TLINK id="TL46" fromID="E72" fromText="the CMED CCU" toID="E73" toText="Blood pressure" type="OVERLAP" />
<TLINK id="TL47" fromID="E73" fromText="Blood pressure" toID="E74" toText="The patient 's blood pressure" type="OVERLAP" />
<TLINK id="TL48" fromID="E73" fromText="Blood pressure" toID="E77" toText="systolic blood pressures" type="OVERLAP" />
<TLINK id="TL49" fromID="E74" fromText="The patient 's blood pressure" toID="E73" toText="Blood pressure" type="OVERLAP" />
<TLINK id="TL50" fromID="E86" fromText="hospital stay" toID="E87" toText="CIWA scale" type="OVERLAP" />
<TLINK id="SECTIME96" fromID="E0" fromText="Admission" toID="T0" toText="2011-02-06" type="OVERLAP" />
<TLINK id="SECTIME97" fromID="T0" fromText="2011-02-06" toID="E0" toText="Admission" type="OVERLAP" />
<TLINK id="SECTIME98" fromID="T0" fromText="2011-02-06" toID="E1" toText="Discharge" type="BEFORE" />
<TLINK id="SECTIME99" fromID="E1" fromText="Discharge" toID="T0" toText="2011-02-06" type="AFTER" />
<TLINK id="SECTIME100" fromID="E1" fromText="Discharge" toID="T1" toText="2011-02-08" type="OVERLAP" />
<TLINK id="SECTIME101" fromID="T1" fromText="2011-02-08" toID="E1" toText="Discharge" type="OVERLAP" />
<TLINK id="TL51" fromID="E5" fromText="very agitated" toID="E24" toText="agitated" type="OVERLAP" />
<TLINK id="TL52" fromID="E5" fromText="very agitated" toID="E28" toText="Agitated" type="OVERLAP" />
<TLINK id="TL53" fromID="E24" fromText="agitated" toID="E5" toText="very agitated" type="OVERLAP" />
<TLINK id="TL54" fromID="E24" fromText="agitated" toID="E28" toText="Agitated" type="OVERLAP" />
<TLINK id="TL55" fromID="E28" fromText="Agitated" toID="E5" toText="very agitated" type="OVERLAP" />
<TLINK id="TL56" fromID="E28" fromText="Agitated" toID="E24" toText="agitated" type="OVERLAP" />
<TLINK id="TL57" fromID="E48" fromText="any chest pain" toID="E80" toText="chest pain" type="OVERLAP" />
<TLINK id="TL58" fromID="E49" fromText="shortness of breath" toID="E81" toText="shortness of breath" type="OVERLAP" />
<TLINK id="TL59" fromID="E80" fromText="chest pain" toID="E48" toText="any chest pain" type="OVERLAP" />
<TLINK id="TL60" fromID="E81" fromText="shortness of breath" toID="E49" toText="shortness of breath" type="OVERLAP" />
<TLINK id="TL61" fromID="E24" fromText="agitated" toID="E28" toText="Agitated" type="OVERLAP" />
<TLINK id="TL62" fromID="E28" fromText="Agitated" toID="E24" toText="agitated" type="OVERLAP" />
<TLINK id="TL63" fromID="E0" fromText="Admission" toID="E99" toText="hospital course" type="BEFORE" />
<TLINK id="TL64" fromID="E0" fromText="Admission" toID="E86" toText="hospital stay" type="BEFORE" />
<TLINK id="TL65" fromID="E1" fromText="Discharge" toID="E99" toText="hospital course" type="AFTER" />
<TLINK id="TL66" fromID="E1" fromText="Discharge" toID="E86" toText="hospital stay" type="AFTER" />
<TLINK id="TL67" fromID="E0" fromText="Admission" toID="E9" toText="admission" type="OVERLAP" />
<TLINK id="TL68" fromID="E1" fromText="Discharge" toID="E91" toText="discharged" type="OVERLAP" />
<TLINK id="TL69" fromID="E9" fromText="admission" toID="E0" toText="Admission" type="OVERLAP" />
<TLINK id="TL70" fromID="E91" fromText="discharged" toID="E1" toText="Discharge" type="OVERLAP" />
<TLINK id="TL71" fromID="E2" fromText="alcohol use" toID="E3" toText="hypertension" type="OVERLAP" />
<TLINK id="TL72" fromID="E3" fromText="hypertension" toID="E2" toText="alcohol use" type="OVERLAP" />
<TLINK id="TL73" fromID="E4" fromText="shouting" toID="E5" toText="very agitated" type="OVERLAP" />
<TLINK id="TL74" fromID="E5" fromText="very agitated" toID="E4" toText="shouting" type="OVERLAP" />
<TLINK id="TL75" fromID="E6" fromText="states" toID="E7" toText="going out alone" type="OVERLAP" />
<TLINK id="TL76" fromID="E6" fromText="states" toID="E8" toText="the evening" type="AFTER" />
<TLINK id="TL77" fromID="E6" fromText="states" toID="E9" toText="admission" type="BEFORE" />
<TLINK id="TL78" fromID="E7" fromText="going out alone" toID="E6" toText="states" type="OVERLAP" />
<TLINK id="TL79" fromID="E7" fromText="going out alone" toID="E8" toText="the evening" type="AFTER" />
<TLINK id="TL80" fromID="E7" fromText="going out alone" toID="E9" toText="admission" type="BEFORE" />
<TLINK id="TL81" fromID="E8" fromText="the evening" toID="E6" toText="states" type="BEFORE" />
<TLINK id="TL82" fromID="E8" fromText="the evening" toID="E7" toText="going out alone" type="BEFORE" />
<TLINK id="TL83" fromID="E8" fromText="the evening" toID="E9" toText="admission" type="BEFORE" />
<TLINK id="TL84" fromID="E9" fromText="admission" toID="E6" toText="states" type="AFTER" />
<TLINK id="TL85" fromID="E9" fromText="admission" toID="E7" toText="going out alone" type="AFTER" />
<TLINK id="TL86" fromID="E9" fromText="admission" toID="E8" toText="the evening" type="AFTER" />
<TLINK id="TL87" fromID="E11" fromText="told" toID="E12" toText="a few cocktails" type="OVERLAP" />
<TLINK id="TL88" fromID="E11" fromText="told" toID="E13" toText="a few more glasses of wine" type="BEFORE" />
<TLINK id="TL89" fromID="E11" fromText="told" toID="E14" toText="ran into some friends" type="BEFORE" />
<TLINK id="TL90" fromID="E12" fromText="a few cocktails" toID="E11" toText="told" type="OVERLAP" />
<TLINK id="TL91" fromID="E12" fromText="a few cocktails" toID="E13" toText="a few more glasses of wine" type="OVERLAP" />
<TLINK id="TL92" fromID="E12" fromText="a few cocktails" toID="E14" toText="ran into some friends" type="OVERLAP" />
<TLINK id="TL93" fromID="E13" fromText="a few more glasses of wine" toID="E11" toText="told" type="AFTER" />
<TLINK id="TL94" fromID="E13" fromText="a few more glasses of wine" toID="E12" toText="a few cocktails" type="OVERLAP" />
<TLINK id="TL95" fromID="E13" fromText="a few more glasses of wine" toID="E14" toText="ran into some friends" type="OVERLAP" />
<TLINK id="TL96" fromID="E14" fromText="ran into some friends" toID="E11" toText="told" type="OVERLAP" />
<TLINK id="TL97" fromID="E14" fromText="ran into some friends" toID="E12" toText="a few cocktails" type="OVERLAP" />
<TLINK id="TL98" fromID="E14" fromText="ran into some friends" toID="E13" toText="a few more glasses of wine" type="OVERLAP" />
<TLINK id="TL99" fromID="E97" fromText="denies" toID="E15" toText="other drug" type="AFTER" />
<TLINK id="TL100" fromID="E97" fromText="denies" toID="E16" toText="toxin ingestion" type="AFTER" />
<TLINK id="TL101" fromID="E15" fromText="other drug" toID="E97" toText="denies" type="BEFORE" />
<TLINK id="TL102" fromID="E16" fromText="toxin ingestion" toID="E97" toText="denies" type="BEFORE" />
<TLINK id="TL103" fromID="E17" fromText="does not recall walking home" toID="E18" toText="states" type="BEFORE" />
<TLINK id="TL104" fromID="E18" fromText="states" toID="E17" toText="does not recall walking home" type="AFTER" />
<TLINK id="TL105" fromID="E98" fromText="further recollection" toID="E20" toText="presented" type="BEFORE" />
<TLINK id="TL106" fromID="E98" fromText="further recollection" toID="E21" toText="the emergency room" type="BEFORE" />
<TLINK id="TL107" fromID="E20" fromText="presented" toID="E98" toText="further recollection" type="AFTER" />
<TLINK id="TL108" fromID="E20" fromText="presented" toID="E21" toText="the emergency room" type="BEFORE" />
<TLINK id="TL109" fromID="E21" fromText="the emergency room" toID="E98" toText="further recollection" type="AFTER" />
<TLINK id="TL110" fromID="E21" fromText="the emergency room" toID="E20" toText="presented" type="AFTER" />
<TLINK id="TL111" fromID="E22" fromText="emergency room" toID="E23" toText="found" type="OVERLAP" />
<TLINK id="TL112" fromID="E22" fromText="emergency room" toID="E24" toText="agitated" type="AFTER" />
<TLINK id="TL113" fromID="E23" fromText="found" toID="E22" toText="emergency room" type="OVERLAP" />
<TLINK id="TL114" fromID="E23" fromText="found" toID="E24" toText="agitated" type="AFTER" />
<TLINK id="TL115" fromID="E24" fromText="agitated" toID="E22" toText="emergency room" type="BEFORE" />
<TLINK id="TL116" fromID="E24" fromText="agitated" toID="E23" toText="found" type="BEFORE" />
<TLINK id="TL117" fromID="E25" fromText="EMS was called" toID="E26" toText="the emergency room" type="BEFORE" />
<TLINK id="TL118" fromID="E26" fromText="the emergency room" toID="E25" toText="EMS was called" type="AFTER" />
<TLINK id="TL119" fromID="E28" fromText="Agitated" toID="E29" toText="emergency room" type="OVERLAP" />
<TLINK id="TL120" fromID="E28" fromText="Agitated" toID="E30" toText="4 leather restraints" type="BEFORE" />
<TLINK id="TL121" fromID="E28" fromText="Agitated" toID="E32" toText="Ativan" type="OVERLAP" />
<TLINK id="TL122" fromID="E29" fromText="emergency room" toID="E28" toText="Agitated" type="OVERLAP" />
<TLINK id="TL123" fromID="E29" fromText="emergency room" toID="E30" toText="4 leather restraints" type="OVERLAP" />
<TLINK id="TL124" fromID="E29" fromText="emergency room" toID="E31" toText="Haldol" type="OVERLAP" />
<TLINK id="TL125" fromID="E29" fromText="emergency room" toID="E32" toText="Ativan" type="OVERLAP" />
<TLINK id="TL126" fromID="E30" fromText="4 leather restraints" toID="E28" toText="Agitated" type="AFTER" />
<TLINK id="TL127" fromID="E30" fromText="4 leather restraints" toID="E29" toText="emergency room" type="OVERLAP" />
<TLINK id="TL128" fromID="E31" fromText="Haldol" toID="E29" toText="emergency room" type="OVERLAP" />
<TLINK id="TL129" fromID="E31" fromText="Haldol" toID="E32" toText="Ativan" type="OVERLAP" />
<TLINK id="TL130" fromID="E32" fromText="Ativan" toID="E28" toText="Agitated" type="OVERLAP" />
<TLINK id="TL131" fromID="E32" fromText="Ativan" toID="E29" toText="emergency room" type="OVERLAP" />
<TLINK id="TL132" fromID="E32" fromText="Ativan" toID="E31" toText="Haldol" type="OVERLAP" />
<TLINK id="TL133" fromID="E33" fromText="hypotensive" toID="E34" toText="the emergency room" type="OVERLAP" />
<TLINK id="TL134" fromID="E33" fromText="hypotensive" toID="E35" toText="a systolic blood pressure" type="OVERLAP" />
<TLINK id="TL135" fromID="E33" fromText="hypotensive" toID="E36" toText="decreased respiratory rate" type="OVERLAP" />
<TLINK id="TL136" fromID="E34" fromText="the emergency room" toID="E33" toText="hypotensive" type="OVERLAP" />
<TLINK id="TL137" fromID="E34" fromText="the emergency room" toID="E35" toText="a systolic blood pressure" type="OVERLAP" />
<TLINK id="TL138" fromID="E34" fromText="the emergency room" toID="E36" toText="decreased respiratory rate" type="OVERLAP" />
<TLINK id="TL139" fromID="E35" fromText="a systolic blood pressure" toID="E33" toText="hypotensive" type="OVERLAP" />
<TLINK id="TL140" fromID="E35" fromText="a systolic blood pressure" toID="E34" toText="the emergency room" type="OVERLAP" />
<TLINK id="TL141" fromID="E35" fromText="a systolic blood pressure" toID="E36" toText="decreased respiratory rate" type="OVERLAP" />
<TLINK id="TL142" fromID="E36" fromText="decreased respiratory rate" toID="E33" toText="hypotensive" type="OVERLAP" />
<TLINK id="TL143" fromID="E36" fromText="decreased respiratory rate" toID="E34" toText="the emergency room" type="OVERLAP" />
<TLINK id="TL144" fromID="E36" fromText="decreased respiratory rate" toID="E35" toText="a systolic blood pressure" type="OVERLAP" />
<TLINK id="TL145" fromID="E37" fromText="a normal saline bolus" toID="E38" toText="good blood pressure response" type="OVERLAP" />
<TLINK id="TL146" fromID="E38" fromText="good blood pressure response" toID="E37" toText="a normal saline bolus" type="OVERLAP" />
<TLINK id="TL147" fromID="E39" fromText="admitted" toID="E40" toText="the medical Intensive Care Unit" type="BEFORE" />
<TLINK id="TL148" fromID="E39" fromText="admitted" toID="E41" toText="observation" type="BEFORE" />
<TLINK id="TL149" fromID="E39" fromText="admitted" toID="E42" toText="his blood pressure" type="AFTER" />
<TLINK id="TL150" fromID="E39" fromText="admitted" toID="E43" toText="transferred" type="BEFORE" />
<TLINK id="TL151" fromID="E39" fromText="admitted" toID="E44" toText="service on medicine" type="BEFORE" />
<TLINK id="TL152" fromID="E39" fromText="admitted" toID="E45" toText="the blood pressures" type="BEFORE" />
<TLINK id="TL153" fromID="E39" fromText="admitted" toID="E46" toText="stable" type="BEFORE" />
<TLINK id="TL154" fromID="E39" fromText="admitted" toID="T3" toText="overnight" type="BEFORE" />
<TLINK id="TL155" fromID="E40" fromText="the medical Intensive Care Unit" toID="E39" toText="admitted" type="AFTER" />
<TLINK id="TL156" fromID="E40" fromText="the medical Intensive Care Unit" toID="E41" toText="observation" type="OVERLAP" />
<TLINK id="TL157" fromID="E40" fromText="the medical Intensive Care Unit" toID="E42" toText="his blood pressure" type="OVERLAP" />
<TLINK id="TL158" fromID="E40" fromText="the medical Intensive Care Unit" toID="E43" toText="transferred" type="BEFORE" />
<TLINK id="TL159" fromID="E40" fromText="the medical Intensive Care Unit" toID="E44" toText="service on medicine" type="BEFORE" />
<TLINK id="TL160" fromID="E40" fromText="the medical Intensive Care Unit" toID="E45" toText="the blood pressures" type="OVERLAP" />
<TLINK id="TL161" fromID="E40" fromText="the medical Intensive Care Unit" toID="E46" toText="stable" type="BEFORE" />
<TLINK id="TL162" fromID="E40" fromText="the medical Intensive Care Unit" toID="T3" toText="overnight" type="BEFORE" />
<TLINK id="TL163" fromID="E41" fromText="observation" toID="E39" toText="admitted" type="AFTER" />
<TLINK id="TL164" fromID="E41" fromText="observation" toID="E40" toText="the medical Intensive Care Unit" type="OVERLAP" />
<TLINK id="TL165" fromID="E41" fromText="observation" toID="E42" toText="his blood pressure" type="OVERLAP" />
<TLINK id="TL166" fromID="E41" fromText="observation" toID="E43" toText="transferred" type="BEFORE" />
<TLINK id="TL167" fromID="E41" fromText="observation" toID="E44" toText="service on medicine" type="BEFORE" />
<TLINK id="TL168" fromID="E41" fromText="observation" toID="E46" toText="stable" type="BEFORE" />
<TLINK id="TL169" fromID="E41" fromText="observation" toID="T3" toText="overnight" type="BEFORE" />
<TLINK id="TL170" fromID="E42" fromText="his blood pressure" toID="E39" toText="admitted" type="BEFORE" />
<TLINK id="TL171" fromID="E42" fromText="his blood pressure" toID="E40" toText="the medical Intensive Care Unit" type="OVERLAP" />
<TLINK id="TL172" fromID="E42" fromText="his blood pressure" toID="E41" toText="observation" type="OVERLAP" />
<TLINK id="TL173" fromID="E42" fromText="his blood pressure" toID="E43" toText="transferred" type="BEFORE" />
<TLINK id="TL174" fromID="E42" fromText="his blood pressure" toID="E44" toText="service on medicine" type="BEFORE" />
<TLINK id="TL175" fromID="E42" fromText="his blood pressure" toID="E46" toText="stable" type="OVERLAP" />
<TLINK id="TL176" fromID="E42" fromText="his blood pressure" toID="T3" toText="overnight" type="OVERLAP" />
<TLINK id="TL177" fromID="E43" fromText="transferred" toID="E39" toText="admitted" type="AFTER" />
<TLINK id="TL178" fromID="E43" fromText="transferred" toID="E40" toText="the medical Intensive Care Unit" type="AFTER" />
<TLINK id="TL179" fromID="E43" fromText="transferred" toID="E41" toText="observation" type="AFTER" />
<TLINK id="TL180" fromID="E43" fromText="transferred" toID="E42" toText="his blood pressure" type="AFTER" />
<TLINK id="TL181" fromID="E43" fromText="transferred" toID="E44" toText="service on medicine" type="BEFORE" />
<TLINK id="TL182" fromID="E43" fromText="transferred" toID="E45" toText="the blood pressures" type="BEFORE" />
<TLINK id="TL183" fromID="E43" fromText="transferred" toID="E46" toText="stable" type="BEFORE" />
<TLINK id="TL184" fromID="E43" fromText="transferred" toID="T3" toText="overnight" type="BEFORE" />
<TLINK id="TL185" fromID="E44" fromText="service on medicine" toID="E39" toText="admitted" type="AFTER" />
<TLINK id="TL186" fromID="E44" fromText="service on medicine" toID="E40" toText="the medical Intensive Care Unit" type="AFTER" />
<TLINK id="TL187" fromID="E44" fromText="service on medicine" toID="E41" toText="observation" type="AFTER" />
<TLINK id="TL188" fromID="E44" fromText="service on medicine" toID="E42" toText="his blood pressure" type="AFTER" />
<TLINK id="TL189" fromID="E44" fromText="service on medicine" toID="E43" toText="transferred" type="AFTER" />
<TLINK id="TL190" fromID="E44" fromText="service on medicine" toID="E45" toText="the blood pressures" type="OVERLAP" />
<TLINK id="TL191" fromID="E44" fromText="service on medicine" toID="E46" toText="stable" type="OVERLAP" />
<TLINK id="TL192" fromID="E44" fromText="service on medicine" toID="T3" toText="overnight" type="OVERLAP" />
<TLINK id="TL193" fromID="E45" fromText="the blood pressures" toID="E39" toText="admitted" type="AFTER" />
<TLINK id="TL194" fromID="E45" fromText="the blood pressures" toID="E40" toText="the medical Intensive Care Unit" type="OVERLAP" />
<TLINK id="TL195" fromID="E45" fromText="the blood pressures" toID="E43" toText="transferred" type="AFTER" />
<TLINK id="TL196" fromID="E45" fromText="the blood pressures" toID="E44" toText="service on medicine" type="OVERLAP" />
<TLINK id="TL197" fromID="E45" fromText="the blood pressures" toID="E46" toText="stable" type="OVERLAP" />
<TLINK id="TL198" fromID="E45" fromText="the blood pressures" toID="T3" toText="overnight" type="OVERLAP" />
<TLINK id="TL199" fromID="E46" fromText="stable" toID="E39" toText="admitted" type="AFTER" />
<TLINK id="TL200" fromID="E46" fromText="stable" toID="E40" toText="the medical Intensive Care Unit" type="AFTER" />
<TLINK id="TL201" fromID="E46" fromText="stable" toID="E41" toText="observation" type="AFTER" />
<TLINK id="TL202" fromID="E46" fromText="stable" toID="E42" toText="his blood pressure" type="OVERLAP" />
<TLINK id="TL203" fromID="E46" fromText="stable" toID="E43" toText="transferred" type="AFTER" />
<TLINK id="TL204" fromID="E46" fromText="stable" toID="E44" toText="service on medicine" type="OVERLAP" />
<TLINK id="TL205" fromID="E46" fromText="stable" toID="E45" toText="the blood pressures" type="OVERLAP" />
<TLINK id="TL206" fromID="E46" fromText="stable" toID="T3" toText="overnight" type="OVERLAP" />
<TLINK id="TL207" fromID="T3" fromText="overnight" toID="E39" toText="admitted" type="AFTER" />
<TLINK id="TL208" fromID="T3" fromText="overnight" toID="E40" toText="the medical Intensive Care Unit" type="AFTER" />
<TLINK id="TL209" fromID="T3" fromText="overnight" toID="E41" toText="observation" type="AFTER" />
<TLINK id="TL210" fromID="T3" fromText="overnight" toID="E42" toText="his blood pressure" type="OVERLAP" />
<TLINK id="TL211" fromID="T3" fromText="overnight" toID="E43" toText="transferred" type="AFTER" />
<TLINK id="TL212" fromID="T3" fromText="overnight" toID="E44" toText="service on medicine" type="OVERLAP" />
<TLINK id="TL213" fromID="T3" fromText="overnight" toID="E45" toText="the blood pressures" type="OVERLAP" />
<TLINK id="TL214" fromID="T3" fromText="overnight" toID="E46" toText="stable" type="OVERLAP" />
<TLINK id="TL215" fromID="E47" fromText="denies" toID="E48" toText="any chest pain" type="AFTER" />
<TLINK id="TL216" fromID="E47" fromText="denies" toID="E49" toText="shortness of breath" type="AFTER" />
<TLINK id="TL217" fromID="E48" fromText="any chest pain" toID="E47" toText="denies" type="BEFORE" />
<TLINK id="TL218" fromID="E48" fromText="any chest pain" toID="E49" toText="shortness of breath" type="OVERLAP" />
<TLINK id="TL219" fromID="E49" fromText="shortness of breath" toID="E47" toText="denies" type="BEFORE" />
<TLINK id="TL220" fromID="E49" fromText="shortness of breath" toID="E48" toText="any chest pain" type="OVERLAP" />
<TLINK id="TL221" fromID="E53" fromText="complain" toID="E54" toText="cold symptoms" type="AFTER" />
<TLINK id="TL222" fromID="E53" fromText="complain" toID="T4" toText="one week" type="OVERLAP" />
<TLINK id="TL223" fromID="E54" fromText="cold symptoms" toID="E53" toText="complain" type="BEFORE" />
<TLINK id="TL224" fromID="E54" fromText="cold symptoms" toID="T4" toText="one week" type="OVERLAP" />
<TLINK id="TL225" fromID="T4" fromText="one week" toID="E53" toText="complain" type="OVERLAP" />
<TLINK id="TL226" fromID="T4" fromText="one week" toID="E54" toText="cold symptoms" type="OVERLAP" />
<TLINK id="TL227" fromID="E55" fromText="states" toID="E56" toText="alcohol treatment programs" type="OVERLAP" />
<TLINK id="TL228" fromID="E55" fromText="states" toID="E57" toText="Star" type="OVERLAP" />
<TLINK id="TL229" fromID="E56" fromText="alcohol treatment programs" toID="E55" toText="states" type="OVERLAP" />
<TLINK id="TL230" fromID="E56" fromText="alcohol treatment programs" toID="E57" toText="Star" type="OVERLAP" />
<TLINK id="TL231" fromID="E57" fromText="Star" toID="E55" toText="states" type="OVERLAP" />
<TLINK id="TL232" fromID="E57" fromText="Star" toID="E56" toText="alcohol treatment programs" type="OVERLAP" />
<TLINK id="TL233" fromID="E58" fromText="admits" toID="E59" toText="stressors" type="AFTER" />
<TLINK id="TL234" fromID="E59" fromText="stressors" toID="E58" toText="admits" type="BEFORE" />
<TLINK id="TL235" fromID="E61" fromText="mentally handicapped" toID="E62" toText="sent away" type="BEFORE" />
<TLINK id="TL236" fromID="E62" fromText="sent away" toID="E61" toText="mentally handicapped" type="AFTER" />
<TLINK id="TL237" fromID="E64" fromText="states" toID="E65" toText="relies on friends" type="AFTER" />
<TLINK id="TL238" fromID="E65" fromText="relies on friends" toID="E64" toText="states" type="BEFORE" />
<TLINK id="TL239" fromID="E66" fromText="very depressed" toID="E67" toText="a counselor" type="OVERLAP" />
<TLINK id="TL240" fromID="E66" fromText="very depressed" toID="E68" toText="Greenfield Community College Community Health" type="OVERLAP" />
<TLINK id="TL241" fromID="E67" fromText="a counselor" toID="E66" toText="very depressed" type="OVERLAP" />
<TLINK id="TL242" fromID="E67" fromText="a counselor" toID="E68" toText="Greenfield Community College Community Health" type="OVERLAP" />
<TLINK id="TL243" fromID="E68" fromText="Greenfield Community College Community Health" toID="E66" toText="very depressed" type="OVERLAP" />
<TLINK id="TL244" fromID="E68" fromText="Greenfield Community College Community Health" toID="E67" toText="a counselor" type="OVERLAP" />
<TLINK id="TL245" fromID="E69" fromText="transferred" toID="E70" toText="medicine service" type="BEFORE" />
<TLINK id="TL246" fromID="E69" fromText="transferred" toID="T5" toText="hospital day #2" type="OVERLAP" />
<TLINK id="TL247" fromID="E69" fromText="transferred" toID="E71" toText="hemodynamically stable" type="AFTER" />
<TLINK id="TL248" fromID="E69" fromText="transferred" toID="E72" toText="the CMED CCU" type="AFTER" />
<TLINK id="TL249" fromID="E69" fromText="transferred" toID="T6" toText="overnight" type="AFTER" />
<TLINK id="TL250" fromID="E70" fromText="medicine service" toID="E69" toText="transferred" type="AFTER" />
<TLINK id="TL251" fromID="E70" fromText="medicine service" toID="T5" toText="hospital day #2" type="AFTER" />
<TLINK id="TL252" fromID="E70" fromText="medicine service" toID="E71" toText="hemodynamically stable" type="AFTER" />
<TLINK id="TL253" fromID="E70" fromText="medicine service" toID="E72" toText="the CMED CCU" type="AFTER" />
<TLINK id="TL254" fromID="E70" fromText="medicine service" toID="T6" toText="overnight" type="AFTER" />
<TLINK id="TL255" fromID="T5" fromText="hospital day #2" toID="E69" toText="transferred" type="OVERLAP" />
<TLINK id="TL256" fromID="T5" fromText="hospital day #2" toID="E70" toText="medicine service" type="BEFORE" />
<TLINK id="TL257" fromID="T5" fromText="hospital day #2" toID="E71" toText="hemodynamically stable" type="AFTER" />
<TLINK id="TL258" fromID="T5" fromText="hospital day #2" toID="E72" toText="the CMED CCU" type="AFTER" />
<TLINK id="TL259" fromID="T5" fromText="hospital day #2" toID="T6" toText="overnight" type="AFTER" />
<TLINK id="TL260" fromID="E71" fromText="hemodynamically stable" toID="E69" toText="transferred" type="BEFORE" />
<TLINK id="TL261" fromID="E71" fromText="hemodynamically stable" toID="E70" toText="medicine service" type="BEFORE" />
<TLINK id="TL262" fromID="E71" fromText="hemodynamically stable" toID="T5" toText="hospital day #2" type="BEFORE" />
<TLINK id="TL263" fromID="E71" fromText="hemodynamically stable" toID="E72" toText="the CMED CCU" type="OVERLAP" />
<TLINK id="TL264" fromID="E71" fromText="hemodynamically stable" toID="T6" toText="overnight" type="OVERLAP" />
<TLINK id="TL265" fromID="E72" fromText="the CMED CCU" toID="E69" toText="transferred" type="BEFORE" />
<TLINK id="TL266" fromID="E72" fromText="the CMED CCU" toID="E70" toText="medicine service" type="BEFORE" />
<TLINK id="TL267" fromID="E72" fromText="the CMED CCU" toID="T5" toText="hospital day #2" type="BEFORE" />
<TLINK id="TL268" fromID="E72" fromText="the CMED CCU" toID="E71" toText="hemodynamically stable" type="OVERLAP" />
<TLINK id="TL269" fromID="E72" fromText="the CMED CCU" toID="T6" toText="overnight" type="OVERLAP" />
<TLINK id="TL270" fromID="T6" fromText="overnight" toID="E69" toText="transferred" type="BEFORE" />
<TLINK id="TL271" fromID="T6" fromText="overnight" toID="E70" toText="medicine service" type="BEFORE" />
<TLINK id="TL272" fromID="T6" fromText="overnight" toID="T5" toText="hospital day #2" type="BEFORE" />
<TLINK id="TL273" fromID="T6" fromText="overnight" toID="E71" toText="hemodynamically stable" type="OVERLAP" />
<TLINK id="TL274" fromID="T6" fromText="overnight" toID="E72" toText="the CMED CCU" type="OVERLAP" />
<TLINK id="TL275" fromID="E74" fromText="The patient 's blood pressure" toID="E75" toText="stable" type="OVERLAP" />
<TLINK id="TL276" fromID="E74" fromText="The patient 's blood pressure" toID="T7" toText="hospital day #2" type="OVERLAP" />
<TLINK id="TL277" fromID="E74" fromText="The patient 's blood pressure" toID="E76" toText="IV hydration" type="AFTER" />
<TLINK id="TL278" fromID="E75" fromText="stable" toID="E74" toText="The patient 's blood pressure" type="OVERLAP" />
<TLINK id="TL279" fromID="E75" fromText="stable" toID="T7" toText="hospital day #2" type="OVERLAP" />
<TLINK id="TL280" fromID="E75" fromText="stable" toID="E76" toText="IV hydration" type="AFTER" />
<TLINK id="TL281" fromID="T7" fromText="hospital day #2" toID="E74" toText="The patient 's blood pressure" type="OVERLAP" />
<TLINK id="TL282" fromID="T7" fromText="hospital day #2" toID="E75" toText="stable" type="OVERLAP" />
<TLINK id="TL283" fromID="T7" fromText="hospital day #2" toID="E76" toText="IV hydration" type="BEFORE" />
<TLINK id="TL284" fromID="T7" fromText="hospital day #2" toID="E77" toText="systolic blood pressures" type="BEFORE" />
<TLINK id="TL285" fromID="T8" fromText="hospital day #3" toID="E76" toText="IV hydration" type="BEFORE" />
<TLINK id="TL286" fromID="T8" fromText="hospital day #3" toID="E77" toText="systolic blood pressures" type="BEFORE" />
<TLINK id="TL287" fromID="E76" fromText="IV hydration" toID="E74" toText="The patient 's blood pressure" type="BEFORE" />
<TLINK id="TL288" fromID="E76" fromText="IV hydration" toID="E75" toText="stable" type="BEFORE" />
<TLINK id="TL289" fromID="E76" fromText="IV hydration" toID="T7" toText="hospital day #2" type="AFTER" />
<TLINK id="TL290" fromID="E76" fromText="IV hydration" toID="T8" toText="hospital day #3" type="AFTER" />
<TLINK id="TL291" fromID="E76" fromText="IV hydration" toID="E77" toText="systolic blood pressures" type="OVERLAP" />
<TLINK id="TL292" fromID="E77" fromText="systolic blood pressures" toID="T7" toText="hospital day #2" type="AFTER" />
<TLINK id="TL293" fromID="E77" fromText="systolic blood pressures" toID="T8" toText="hospital day #3" type="AFTER" />
<TLINK id="TL294" fromID="E77" fromText="systolic blood pressures" toID="E76" toText="IV hydration" type="OVERLAP" />
<TLINK id="TL295" fromID="E79" fromText="asymptomatic" toID="E80" toText="chest pain" type="OVERLAP" />
<TLINK id="TL296" fromID="E79" fromText="asymptomatic" toID="E81" toText="shortness of breath" type="OVERLAP" />
<TLINK id="TL297" fromID="E79" fromText="asymptomatic" toID="E82" toText="mental status changes" type="OVERLAP" />
<TLINK id="TL298" fromID="E80" fromText="chest pain" toID="E79" toText="asymptomatic" type="OVERLAP" />
<TLINK id="TL299" fromID="E80" fromText="chest pain" toID="E81" toText="shortness of breath" type="OVERLAP" />
<TLINK id="TL300" fromID="E80" fromText="chest pain" toID="E82" toText="mental status changes" type="OVERLAP" />
<TLINK id="TL301" fromID="E81" fromText="shortness of breath" toID="E79" toText="asymptomatic" type="OVERLAP" />
<TLINK id="TL302" fromID="E81" fromText="shortness of breath" toID="E80" toText="chest pain" type="OVERLAP" />
<TLINK id="TL303" fromID="E81" fromText="shortness of breath" toID="E82" toText="mental status changes" type="OVERLAP" />
<TLINK id="TL304" fromID="E82" fromText="mental status changes" toID="E79" toText="asymptomatic" type="OVERLAP" />
<TLINK id="TL305" fromID="E82" fromText="mental status changes" toID="E80" toText="chest pain" type="OVERLAP" />
<TLINK id="TL306" fromID="E82" fromText="mental status changes" toID="E81" toText="shortness of breath" type="OVERLAP" />
<TLINK id="TL307" fromID="T9" fromText="Hospital day #2" toID="E84" toText="mild tremor on hands" type="BEFORE" />
<TLINK id="TL308" fromID="T9" fromText="Hospital day #2" toID="E99" toText="hospital course" type="BEFORE" />
<TLINK id="TL309" fromID="T10" fromText="hospital day #3" toID="E84" toText="mild tremor on hands" type="AFTER" />
<TLINK id="TL310" fromID="T10" fromText="hospital day #3" toID="E99" toText="hospital course" type="BEFORE" />
<TLINK id="TL311" fromID="E84" fromText="mild tremor on hands" toID="T9" toText="Hospital day #2" type="AFTER" />
<TLINK id="TL312" fromID="E84" fromText="mild tremor on hands" toID="T10" toText="hospital day #3" type="BEFORE" />
<TLINK id="TL313" fromID="E84" fromText="mild tremor on hands" toID="E99" toText="hospital course" type="OVERLAP" />
<TLINK id="TL314" fromID="E99" fromText="hospital course" toID="T9" toText="Hospital day #2" type="AFTER" />
<TLINK id="TL315" fromID="E99" fromText="hospital course" toID="T10" toText="hospital day #3" type="AFTER" />
<TLINK id="TL316" fromID="E99" fromText="hospital course" toID="E84" toText="mild tremor on hands" type="OVERLAP" />
<TLINK id="TL317" fromID="E85" fromText="notably less anxious" toID="E86" toText="hospital stay" type="OVERLAP" />
<TLINK id="TL318" fromID="E86" fromText="hospital stay" toID="E85" toText="notably less anxious" type="OVERLAP" />
<TLINK id="TL319" fromID="E87" fromText="CIWA scale" toID="T11" toText="over night" type="OVERLAP" />
<TLINK id="TL320" fromID="E87" fromText="CIWA scale" toID="E88" toText="tremor" type="AFTER" />
<TLINK id="TL321" fromID="T11" fromText="over night" toID="E87" toText="CIWA scale" type="OVERLAP" />
<TLINK id="TL322" fromID="T11" fromText="over night" toID="E88" toText="tremor" type="OVERLAP" />
<TLINK id="TL323" fromID="E88" fromText="tremor" toID="E87" toText="CIWA scale" type="BEFORE" />
<TLINK id="TL324" fromID="E88" fromText="tremor" toID="T11" toText="over night" type="OVERLAP" />
<TLINK id="TL325" fromID="E88" fromText="tremor" toID="E89" toText="Valium" type="BEFORE" />
<TLINK id="TL326" fromID="E89" fromText="Valium" toID="E88" toText="tremor" type="AFTER" />
<TLINK id="TL327" fromID="E89" fromText="Valium" toID="E90" toText="alcohol withdrawal" type="AFTER" />
<TLINK id="TL328" fromID="E90" fromText="alcohol withdrawal" toID="E89" toText="Valium" type="BEFORE" />
<TLINK id="TL329" fromID="E91" fromText="discharged" toID="E92" toText="follow up" type="BEFORE" />
<TLINK id="TL330" fromID="E92" fromText="follow up" toID="E91" toText="discharged" type="AFTER" />
<TLINK id="TL331" fromID="E94" fromText="Calcium carbonate" toID="T12" toText="t.i.d." type="OVERLAP" />
<TLINK id="TL332" fromID="E94" fromText="Calcium carbonate" toID="T14" toText="times one dose" type="OVERLAP" />
<TLINK id="TL333" fromID="T12" fromText="t.i.d." toID="E94" toText="Calcium carbonate" type="OVERLAP" />
<TLINK id="TL334" fromID="E95" fromText="Mag oxide" toID="T13" toText="times one dose" type="OVERLAP" />
<TLINK id="TL335" fromID="E95" fromText="Mag oxide" toID="T14" toText="times one dose" type="OVERLAP" />
<TLINK id="TL336" fromID="T13" fromText="times one dose" toID="E95" toText="Mag oxide" type="OVERLAP" />
<TLINK id="TL337" fromID="E96" fromText="potassium chloride" toID="T14" toText="times one dose" type="OVERLAP" />
<TLINK id="TL338" fromID="T14" fromText="times one dose" toID="E94" toText="Calcium carbonate" type="OVERLAP" />
<TLINK id="TL339" fromID="T14" fromText="times one dose" toID="E95" toText="Mag oxide" type="OVERLAP" />
<TLINK id="TL340" fromID="T14" fromText="times one dose" toID="E96" toText="potassium chloride" type="OVERLAP" />
</TAGS>
</ClinicalNarrativeTemporalAnnotation>
