<?xml version="1.0" encoding="UTF-8" ?>
<ClinicalNarrativeTemporalAnnotation>
<TEXT><![CDATA[
ADMISSION DATE :
1-3-94
DISCHARGE DATE :
1-9-94
HISTORY OF PRESENT ILLNESS :
The patient is a 66 year old white female with metastatic colon carcinoma with a mass in the left superhilar region , who presents for bronchoscopy , mediastinal exploration and resection .
The patient was in her usual state of health until she experienced the onset of abdominal pain in early 1992 .
In December of 1992 , she underwent a transverse colectomy for colon carcinoma which was Duke &apos;s grade B-II , lymph nodes were negative .
She received postoperative chemotherapy .
In September of 1992 , she underwent an exploratory laparotomy because of an increased level of CEA in her blood with the presence of a liver abnormality on computerized tomography scan .
The exploratory laparotomy was negative .
She continued to have a rise in her CEA level which prompted a further work up .
In September of 1993 , an abdominal and pelvic computerized tomography scan was negative and in June of 1993 , she had a negative bone scan .
In December of 1994 , a thoracic computerized tomography scan showed a four centimeter soft tissue mass on the left suprahilar region , adjacent to the aortopulmonary window .
She also experienced increased hoarseness over the preceding months , which was due to left vocal cord paralysis .
She also complains of increased shortness of breath for the preceding month and now presents for mediastinal exploration and resection of her probable metastatic mass .
HOSPITAL COURSE :
The patient was admitted to the Fairm of Ijordcompmac Hospital .
The patient was brought to the Operating Room on January 3 , 1994 where she underwent a median sternotomy with removal of her mediastinal mass .
This mass was situated in the aortopulmonary window and was sent to pathology .
The frozen section analysis revealed this to be adenocarcinoma , metastatic disease from the colon most likely .
She had a chest tube placed intraoperatively and another placed postoperatively in the recovery room , for what was presumed to be a left pleural effusion .
This tube drained only a small amount of fluid and it was likely that the effusion was made to look more severe in the presence of left hemidiaphragm elevation .
This additional chest tube was removed the following day .
Her postoperative hematocrit was 31 , compared to a preoperative level of 43 .
Her postoperative recovery was really quite remarkable .
Mediastinal chest tube was removed on postoperative day three .
The patient was discharged home in stable condition on postoperative day six .
]]></TEXT>
<TAGS>
<EVENT id="E0" start="1" end="10" text="ADMISSION" modality="FACTUAL" polarity="POS" type="OCCURRENCE" />
<EVENT id="E17" start="1039" end="1078" text="a thoracic computerized tomography scan" modality="FACTUAL" polarity="POS" type="TEST" />
<EVENT id="E44" start="1079" end="1085" text="showed" modality="FACTUAL" polarity="POS" type="EVIDENTIAL" />
<EVENT id="E45" start="1086" end="1150" text="a four centimeter soft tissue mass on the left suprahilar region" modality="FACTUAL" polarity="POS" type="PROBLEM" />
<EVENT id="E18" start="1214" end="1234" text="increased hoarseness" modality="FACTUAL" polarity="POS" type="PROBLEM" />
<EVENT id="E36" start="125" end="151" text="metastatic colon carcinoma" modality="FACTUAL" polarity="POS" type="PROBLEM" />
<EVENT id="E19" start="1280" end="1305" text="left vocal cord paralysis" modality="FACTUAL" polarity="POS" type="PROBLEM" />
<EVENT id="E46" start="1317" end="1326" text="complains" modality="FACTUAL" polarity="POS" type="EVIDENTIAL" />
<EVENT id="E20" start="1330" end="1359" text="increased shortness of breath" modality="FACTUAL" polarity="POS" type="PROBLEM" />
<EVENT id="E47" start="1392" end="1400" text="presents" modality="FACTUAL" polarity="POS" type="EVIDENTIAL" />
<EVENT id="E48" start="1405" end="1428" text="mediastinal exploration" modality="FACTUAL" polarity="POS" type="TEST" />
<EVENT id="E49" start="1433" end="1442" text="resection" modality="FACTUAL" polarity="POS" type="TREATMENT" />
<EVENT id="E50" start="1459" end="1474" text="metastatic mass" modality="POSSIBLE" polarity="POS" type="PROBLEM" />
<EVENT id="E51" start="1511" end="1519" text="admitted" modality="FACTUAL" polarity="POS" type="OCCURRENCE" />
<EVENT id="E52" start="1523" end="1557" text="the Fairm of Ijordcompmac Hospital" modality="FACTUAL" polarity="POS" type="CLINICAL_DEPT" />
<EVENT id="E37" start="157" end="193" text="a mass in the left superhilar region" modality="FACTUAL" polarity="POS" type="PROBLEM" />
<EVENT id="E53" start="1587" end="1605" text="the Operating Room" modality="FACTUAL" polarity="POS" type="CLINICAL_DEPT" />
<EVENT id="E21" start="1646" end="1665" text="a median sternotomy" modality="FACTUAL" polarity="POS" type="TREATMENT" />
<EVENT id="E22" start="1671" end="1678" text="removal" modality="FACTUAL" polarity="POS" type="TREATMENT" />
<EVENT id="E23" start="1682" end="1702" text="her mediastinal mass" modality="FACTUAL" polarity="POS" type="PROBLEM" />
<EVENT id="E24" start="1705" end="1714" text="This mass" modality="FACTUAL" polarity="POS" type="PROBLEM" />
<EVENT id="E25" start="1785" end="1812" text="The frozen section analysis" modality="FACTUAL" polarity="POS" type="TEST" />
<EVENT id="E54" start="1813" end="1821" text="revealed" modality="FACTUAL" polarity="POS" type="EVIDENTIAL" />
<EVENT id="E26" start="1833" end="1847" text="adenocarcinoma" modality="FACTUAL" polarity="POS" type="PROBLEM" />
<EVENT id="E27" start="1850" end="1883" text="metastatic disease from the colon" modality="POSSIBLE" polarity="POS" type="PROBLEM" />
<EVENT id="E28" start="1906" end="1918" text="a chest tube" modality="FACTUAL" polarity="POS" type="TREATMENT" />
<EVENT id="E55" start="1981" end="1998" text="the recovery room" modality="FACTUAL" polarity="POS" type="CLINICAL_DEPT" />
<EVENT id="E38" start="200" end="208" text="presents" modality="FACTUAL" polarity="POS" type="EVIDENTIAL" />
<EVENT id="E29" start="2029" end="2052" text="a left pleural effusion" modality="POSSIBLE" polarity="POS" type="PROBLEM" />
<EVENT id="E30" start="2055" end="2064" text="This tube" modality="FACTUAL" polarity="POS" type="TREATMENT" />
<EVENT id="E56" start="2096" end="2101" text="fluid" modality="FACTUAL" polarity="POS" type="PROBLEM" />
<EVENT id="E39" start="213" end="225" text="bronchoscopy" modality="FACTUAL" polarity="POS" type="TEST" />
<EVENT id="E57" start="2125" end="2137" text="the effusion" modality="POSSIBLE" polarity="POS" type="PROBLEM" />
<EVENT id="E58" start="2186" end="2214" text="left hemidiaphragm elevation" modality="FACTUAL" polarity="POS" type="PROBLEM" />
<EVENT id="E31" start="2217" end="2243" text="This additional chest tube" modality="FACTUAL" polarity="POS" type="TREATMENT" />
<EVENT id="E40" start="228" end="251" text="mediastinal exploration" modality="FACTUAL" polarity="POS" type="TEST" />
<EVENT id="E32" start="2276" end="2304" text="Her postoperative hematocrit" modality="FACTUAL" polarity="POS" type="TEST" />
<EVENT id="E33" start="2326" end="2346" text="a preoperative level" modality="FACTUAL" polarity="POS" type="TEST" />
<EVENT id="E59" start="2355" end="2381" text="Her postoperative recovery" modality="FACTUAL" polarity="POS" type="OCCURRENCE" />
<EVENT id="E34" start="2412" end="2434" text="Mediastinal chest tube" modality="FACTUAL" polarity="POS" type="TREATMENT" />
<EVENT id="E60" start="2492" end="2502" text="discharged" modality="FACTUAL" polarity="POS" type="OCCURRENCE" />
<EVENT id="E35" start="25" end="34" text="DISCHARGE" modality="FACTUAL" polarity="POS" type="OCCURRENCE" />
<EVENT id="E61" start="2511" end="2527" text="stable condition" modality="FACTUAL" polarity="POS" type="OCCURRENCE" />
<EVENT id="E41" start="256" end="265" text="resection" modality="FACTUAL" polarity="POS" type="TREATMENT" />
<EVENT id="E42" start="287" end="312" text="her usual state of health" modality="FACTUAL" polarity="POS" type="OCCURRENCE" />
<EVENT id="E1" start="348" end="362" text="abdominal pain" modality="FACTUAL" polarity="POS" type="PROBLEM" />
<EVENT id="E2" start="415" end="437" text="a transverse colectomy" modality="FACTUAL" polarity="POS" type="TREATMENT" />
<EVENT id="E3" start="442" end="457" text="colon carcinoma" modality="FACTUAL" polarity="POS" type="PROBLEM" />
<EVENT id="E4" start="468" end="491" text="Duke &apos;s grade B-II" modality="FACTUAL" polarity="POS" type="PROBLEM" />
<EVENT id="E43" start="494" end="505" text="lymph nodes" modality="FACTUAL" polarity="POS" type="TEST" />
<EVENT id="E5" start="535" end="561" text="postoperative chemotherapy" modality="FACTUAL" polarity="POS" type="TREATMENT" />
<EVENT id="E6" start="601" end="626" text="an exploratory laparotomy" modality="FACTUAL" polarity="POS" type="TEST" />
<EVENT id="E7" start="638" end="663" text="an increased level of CEA" modality="FACTUAL" polarity="POS" type="PROBLEM" />
<EVENT id="E8" start="667" end="676" text="her blood" modality="FACTUAL" polarity="POS" type="TEST" />
<EVENT id="E9" start="698" end="717" text="a liver abnormality" modality="FACTUAL" polarity="POS" type="PROBLEM" />
<EVENT id="E10" start="721" end="749" text="computerized tomography scan" modality="FACTUAL" polarity="POS" type="TEST" />
<EVENT id="E11" start="752" end="778" text="The exploratory laparotomy" modality="FACTUAL" polarity="POS" type="TEST" />
<EVENT id="E12" start="816" end="822" text="a rise" modality="FACTUAL" polarity="POS" type="PROBLEM" />
<EVENT id="E13" start="826" end="839" text="her CEA level" modality="FACTUAL" polarity="POS" type="TEST" />
<EVENT id="E14" start="855" end="872" text="a further work up" modality="FACTUAL" polarity="POS" type="TEST" />
<EVENT id="E15" start="898" end="950" text="an abdominal and pelvic computerized tomography scan" modality="FACTUAL" polarity="POS" type="TEST" />
<EVENT id="E16" start="994" end="1014" text="a negative bone scan" modality="FACTUAL" polarity="POS" type="TEST" />
<TIMEX3 id="T9" start="1020" end="1036" text="December of 1994" type="DATE" val="1994-12" mod="NA" />
<TIMEX3 id="T10" start="1240" end="1260" text="the preceding months" type="DURATION" val="P3M" mod="APPROX" />
<TIMEX3 id="T11" start="1364" end="1383" text="the preceding month" type="DURATION" val="P1M" mod="NA" />
<TIMEX3 id="T7" start="1609" end="1625" text="January 3 , 1994" type="DATE" val="1994-01-03" mod="NA" />
<TIMEX3 id="T1" start="18" end="24" text="1-3-94" type="DATE" val="1994-01-03" mod="NA" />
<TIMEX3 id="T15" start="2256" end="2273" text="the following day" type="DATE" val="1994-01-04" mod="NA" />
<TIMEX3 id="T16" start="2450" end="2473" text="postoperative day three" type="DATE" val="1994-01-06" mod="NA" />
<TIMEX3 id="T8" start="2531" end="2552" text="postoperative day six" type="DATE" val="1994-01-09" mod="NA" />
<TIMEX3 id="T3" start="366" end="376" text="early 1992" type="DATE" val="1992" mod="START" />
<TIMEX3 id="T0" start="382" end="398" text="December of 1992" type="DATE" val="1992-12" mod="NA" />
<TIMEX3 id="T2" start="42" end="48" text="1-9-94" type="DATE" val="1994-01-09" mod="NA" />
<TIMEX3 id="T4" start="567" end="584" text="September of 1992" type="DATE" val="1992-09" mod="NA" />
<TIMEX3 id="T5" start="878" end="895" text="September of 1993" type="DATE" val="1993-09" mod="NA" />
<TIMEX3 id="T6" start="971" end="983" text="June of 1993" type="DATE" val="1993-06" mod="NA" />
<SECTIME id="S0" start="18" end="24" text="1-3-94" type="ADMISSION" dvalue="1994-01-03" />
<SECTIME id="S1" start="42" end="48" text="1-9-94" type="DISCHARGE" dvalue="1994-01-09" />
<TLINK id="SECTIME0" fromID="T1" fromText="1-3-94" toID="E36" toText="metastatic colon carcinoma" type="AFTER" />
<TLINK id="SECTIME1" fromID="T1" fromText="1-3-94" toID="E37" toText="a mass in the left superhilar region" type="AFTER" />
<TLINK id="SECTIME2" fromID="T1" fromText="1-3-94" toID="E38" toText="presents" type="OVERLAP" />
<TLINK id="SECTIME3" fromID="T1" fromText="1-3-94" toID="E39" toText="bronchoscopy" type="BEFORE" />
<TLINK id="SECTIME4" fromID="T1" fromText="1-3-94" toID="E40" toText="mediastinal exploration" type="BEFORE" />
<TLINK id="SECTIME5" fromID="T1" fromText="1-3-94" toID="E41" toText="resection" type="BEFORE" />
<TLINK id="SECTIME6" fromID="T1" fromText="1-3-94" toID="E42" toText="her usual state of health" type="AFTER" />
<TLINK id="SECTIME7" fromID="T1" fromText="1-3-94" toID="E1" toText="abdominal pain" type="AFTER" />
<TLINK id="SECTIME8" fromID="T1" fromText="1-3-94" toID="E2" toText="a transverse colectomy" type="AFTER" />
<TLINK id="SECTIME9" fromID="T1" fromText="1-3-94" toID="E3" toText="colon carcinoma" type="AFTER" />
<TLINK id="SECTIME10" fromID="T1" fromText="1-3-94" toID="E4" toText="Duke &apos;s grade B-II" type="AFTER" />
<TLINK id="SECTIME11" fromID="T1" fromText="1-3-94" toID="E43" toText="lymph nodes" type="AFTER" />
<TLINK id="SECTIME12" fromID="T1" fromText="1-3-94" toID="E5" toText="postoperative chemotherapy" type="BEFORE" />
<TLINK id="SECTIME13" fromID="T1" fromText="1-3-94" toID="E6" toText="an exploratory laparotomy" type="AFTER" />
<TLINK id="SECTIME14" fromID="T1" fromText="1-3-94" toID="E7" toText="an increased level of CEA" type="AFTER" />
<TLINK id="SECTIME15" fromID="T1" fromText="1-3-94" toID="E8" toText="her blood" type="AFTER" />
<TLINK id="SECTIME16" fromID="T1" fromText="1-3-94" toID="E9" toText="a liver abnormality" type="AFTER" />
<TLINK id="SECTIME17" fromID="T1" fromText="1-3-94" toID="E10" toText="computerized tomography scan" type="AFTER" />
<TLINK id="SECTIME18" fromID="T1" fromText="1-3-94" toID="E11" toText="The exploratory laparotomy" type="AFTER" />
<TLINK id="SECTIME19" fromID="T1" fromText="1-3-94" toID="E12" toText="a rise" type="AFTER" />
<TLINK id="SECTIME20" fromID="T1" fromText="1-3-94" toID="E13" toText="her CEA level" type="AFTER" />
<TLINK id="SECTIME21" fromID="T1" fromText="1-3-94" toID="E14" toText="a further work up" type="AFTER" />
<TLINK id="SECTIME22" fromID="T1" fromText="1-3-94" toID="E15" toText="an abdominal and pelvic computerized tomography scan" type="AFTER" />
<TLINK id="SECTIME23" fromID="T1" fromText="1-3-94" toID="E16" toText="a negative bone scan" type="AFTER" />
<TLINK id="SECTIME24" fromID="T1" fromText="1-3-94" toID="E17" toText="a thoracic computerized tomography scan" type="AFTER" />
<TLINK id="SECTIME25" fromID="T1" fromText="1-3-94" toID="E44" toText="showed" type="AFTER" />
<TLINK id="SECTIME26" fromID="T1" fromText="1-3-94" toID="E45" toText="a four centimeter soft tissue mass on the left suprahilar region" type="AFTER" />
<TLINK id="SECTIME27" fromID="T1" fromText="1-3-94" toID="E18" toText="increased hoarseness" type="AFTER" />
<TLINK id="SECTIME28" fromID="T1" fromText="1-3-94" toID="E19" toText="left vocal cord paralysis" type="AFTER" />
<TLINK id="SECTIME29" fromID="T1" fromText="1-3-94" toID="E46" toText="complains" type="OVERLAP" />
<TLINK id="SECTIME30" fromID="T1" fromText="1-3-94" toID="E20" toText="increased shortness of breath" type="AFTER" />
<TLINK id="SECTIME31" fromID="T1" fromText="1-3-94" toID="E47" toText="presents" type="OVERLAP" />
<TLINK id="SECTIME32" fromID="T1" fromText="1-3-94" toID="E48" toText="mediastinal exploration" type="BEFORE" />
<TLINK id="SECTIME33" fromID="T1" fromText="1-3-94" toID="E49" toText="resection" type="BEFORE" />
<TLINK id="SECTIME34" fromID="T1" fromText="1-3-94" toID="E50" toText="metastatic mass" type="AFTER" />
<TLINK id="TL0" fromID="T1" fromText="1-3-94" toID="T3" toText="early 1992" type="AFTER" />
<TLINK id="TL1" fromID="T1" fromText="1-3-94" toID="T0" toText="December of 1992" type="AFTER" />
<TLINK id="TL2" fromID="T1" fromText="1-3-94" toID="T4" toText="September of 1992" type="AFTER" />
<TLINK id="TL3" fromID="T1" fromText="1-3-94" toID="T5" toText="September of 1993" type="AFTER" />
<TLINK id="TL4" fromID="T1" fromText="1-3-94" toID="T6" toText="June of 1993" type="AFTER" />
<TLINK id="TL5" fromID="T1" fromText="1-3-94" toID="T9" toText="December of 1994" type="BEFORE" />
<TLINK id="SECTIME35" fromID="T2" fromText="1-9-94" toID="E51" toText="admitted" type="AFTER" />
<TLINK id="SECTIME36" fromID="T2" fromText="1-9-94" toID="E52" toText="the Fairm of Ijordcompmac Hospital" type="AFTER" />
<TLINK id="SECTIME37" fromID="T2" fromText="1-9-94" toID="E53" toText="the Operating Room" type="AFTER" />
<TLINK id="SECTIME38" fromID="T2" fromText="1-9-94" toID="E21" toText="a median sternotomy" type="AFTER" />
<TLINK id="SECTIME39" fromID="T2" fromText="1-9-94" toID="E22" toText="removal" type="AFTER" />
<TLINK id="SECTIME40" fromID="T2" fromText="1-9-94" toID="E23" toText="her mediastinal mass" type="AFTER" />
<TLINK id="SECTIME41" fromID="T2" fromText="1-9-94" toID="E24" toText="This mass" type="AFTER" />
<TLINK id="SECTIME42" fromID="T2" fromText="1-9-94" toID="E25" toText="The frozen section analysis" type="AFTER" />
<TLINK id="SECTIME43" fromID="T2" fromText="1-9-94" toID="E54" toText="revealed" type="AFTER" />
<TLINK id="SECTIME44" fromID="T2" fromText="1-9-94" toID="E26" toText="adenocarcinoma" type="AFTER" />
<TLINK id="SECTIME45" fromID="T2" fromText="1-9-94" toID="E27" toText="metastatic disease from the colon" type="AFTER" />
<TLINK id="SECTIME46" fromID="T2" fromText="1-9-94" toID="E28" toText="a chest tube" type="AFTER" />
<TLINK id="SECTIME47" fromID="T2" fromText="1-9-94" toID="E55" toText="the recovery room" type="AFTER" />
<TLINK id="SECTIME48" fromID="T2" fromText="1-9-94" toID="E29" toText="a left pleural effusion" type="AFTER" />
<TLINK id="SECTIME49" fromID="T2" fromText="1-9-94" toID="E30" toText="This tube" type="AFTER" />
<TLINK id="SECTIME50" fromID="T2" fromText="1-9-94" toID="E56" toText="fluid" type="AFTER" />
<TLINK id="SECTIME51" fromID="T2" fromText="1-9-94" toID="E57" toText="the effusion" type="AFTER" />
<TLINK id="SECTIME52" fromID="T2" fromText="1-9-94" toID="E58" toText="left hemidiaphragm elevation" type="AFTER" />
<TLINK id="SECTIME53" fromID="T2" fromText="1-9-94" toID="E31" toText="This additional chest tube" type="AFTER" />
<TLINK id="SECTIME54" fromID="T2" fromText="1-9-94" toID="E32" toText="Her postoperative hematocrit" type="AFTER" />
<TLINK id="SECTIME55" fromID="T2" fromText="1-9-94" toID="E33" toText="a preoperative level" type="AFTER" />
<TLINK id="SECTIME56" fromID="T2" fromText="1-9-94" toID="E59" toText="Her postoperative recovery" type="AFTER" />
<TLINK id="SECTIME57" fromID="T2" fromText="1-9-94" toID="E34" toText="Mediastinal chest tube" type="AFTER" />
<TLINK id="SECTIME58" fromID="T2" fromText="1-9-94" toID="E60" toText="discharged" type="OVERLAP" />
<TLINK id="SECTIME59" fromID="T2" fromText="1-9-94" toID="E61" toText="stable condition" type="AFTER" />
<TLINK id="TL6" fromID="T2" fromText="1-9-94" toID="T7" toText="January 3 , 1994" type="AFTER" />
<TLINK id="TL7" fromID="T2" fromText="1-9-94" toID="T15" toText="the following day" type="AFTER" />
<TLINK id="TL8" fromID="T2" fromText="1-9-94" toID="T16" toText="postoperative day three" type="AFTER" />
<TLINK id="TL9" fromID="T2" fromText="1-9-94" toID="T8" toText="postoperative day six" type="OVERLAP" />
<TLINK id="TL10" fromID="E6" fromText="an exploratory laparotomy" toID="E11" toText="The exploratory laparotomy" type="OVERLAP" />
<TLINK id="TL11" fromID="E8" fromText="her blood" toID="E11" toText="The exploratory laparotomy" type="OVERLAP" />
<TLINK id="TL12" fromID="E10" fromText="computerized tomography scan" toID="E11" toText="The exploratory laparotomy" type="OVERLAP" />
<TLINK id="TL13" fromID="E11" fromText="The exploratory laparotomy" toID="E6" toText="an exploratory laparotomy" type="OVERLAP" />
<TLINK id="TL14" fromID="E11" fromText="The exploratory laparotomy" toID="E8" toText="her blood" type="OVERLAP" />
<TLINK id="TL15" fromID="E11" fromText="The exploratory laparotomy" toID="E10" toText="computerized tomography scan" type="OVERLAP" />
<TLINK id="TL16" fromID="E11" fromText="The exploratory laparotomy" toID="E13" toText="her CEA level" type="OVERLAP" />
<TLINK id="TL17" fromID="E11" fromText="The exploratory laparotomy" toID="E14" toText="a further work up" type="OVERLAP" />
<TLINK id="TL18" fromID="E13" fromText="her CEA level" toID="E11" toText="The exploratory laparotomy" type="OVERLAP" />
<TLINK id="TL19" fromID="E14" fromText="a further work up" toID="E11" toText="The exploratory laparotomy" type="OVERLAP" />
<TLINK id="TL20" fromID="E15" fromText="an abdominal and pelvic computerized tomography scan" toID="E13" toText="her CEA level" type="OVERLAP" />
<TLINK id="TL21" fromID="E52" fromText="the Fairm of Ijordcompmac Hospital" toID="E53" toText="the Operating Room" type="OVERLAP" />
<TLINK id="TL22" fromID="E23" fromText="her mediastinal mass" toID="E24" toText="This mass" type="OVERLAP" />
<TLINK id="TL23" fromID="E24" fromText="This mass" toID="E23" toText="her mediastinal mass" type="OVERLAP" />
<TLINK id="TL24" fromID="E24" fromText="This mass" toID="E26" toText="adenocarcinoma" type="OVERLAP" />
<TLINK id="TL25" fromID="E24" fromText="This mass" toID="E27" toText="metastatic disease from the colon" type="OVERLAP" />
<TLINK id="TL26" fromID="E26" fromText="adenocarcinoma" toID="E24" toText="This mass" type="OVERLAP" />
<TLINK id="TL27" fromID="E27" fromText="metastatic disease from the colon" toID="E24" toText="This mass" type="OVERLAP" />
<TLINK id="TL28" fromID="E28" fromText="a chest tube" toID="E30" toText="This tube" type="OVERLAP" />
<TLINK id="TL29" fromID="E29" fromText="a left pleural effusion" toID="E57" toText="the effusion" type="OVERLAP" />
<TLINK id="TL30" fromID="E30" fromText="This tube" toID="E28" toText="a chest tube" type="OVERLAP" />
<TLINK id="TL31" fromID="E30" fromText="This tube" toID="E31" toText="This additional chest tube" type="OVERLAP" />
<TLINK id="TL32" fromID="E57" fromText="the effusion" toID="E29" toText="a left pleural effusion" type="OVERLAP" />
<TLINK id="TL33" fromID="E31" fromText="This additional chest tube" toID="E30" toText="This tube" type="OVERLAP" />
<TLINK id="TL34" fromID="E32" fromText="Her postoperative hematocrit" toID="E59" toText="Her postoperative recovery" type="OVERLAP" />
<TLINK id="TL35" fromID="E33" fromText="a preoperative level" toID="E59" toText="Her postoperative recovery" type="OVERLAP" />
<TLINK id="SECTIME60" fromID="E0" fromText="ADMISSION" toID="T1" toText="1-3-94" type="OVERLAP" />
<TLINK id="SECTIME61" fromID="T1" fromText="1-3-94" toID="E0" toText="ADMISSION" type="OVERLAP" />
<TLINK id="SECTIME62" fromID="T1" fromText="1-3-94" toID="E35" toText="DISCHARGE" type="BEFORE" />
<TLINK id="SECTIME63" fromID="E35" fromText="DISCHARGE" toID="T1" toText="1-3-94" type="AFTER" />
<TLINK id="SECTIME64" fromID="E35" fromText="DISCHARGE" toID="T2" toText="1-9-94" type="OVERLAP" />
<TLINK id="SECTIME65" fromID="T2" fromText="1-9-94" toID="E35" toText="DISCHARGE" type="OVERLAP" />
<TLINK id="TL36" fromID="E36" fromText="metastatic colon carcinoma" toID="E3" toText="colon carcinoma" type="OVERLAP" />
<TLINK id="TL37" fromID="E36" fromText="metastatic colon carcinoma" toID="E4" toText="Duke &apos;s grade B-II" type="OVERLAP" />
<TLINK id="TL38" fromID="E37" fromText="a mass in the left superhilar region" toID="E45" toText="a four centimeter soft tissue mass on the left suprahilar region" type="OVERLAP" />
<TLINK id="TL39" fromID="E37" fromText="a mass in the left superhilar region" toID="E50" toText="metastatic mass" type="OVERLAP" />
<TLINK id="TL40" fromID="E37" fromText="a mass in the left superhilar region" toID="E23" toText="her mediastinal mass" type="OVERLAP" />
<TLINK id="TL41" fromID="E37" fromText="a mass in the left superhilar region" toID="E24" toText="This mass" type="OVERLAP" />
<TLINK id="TL42" fromID="E37" fromText="a mass in the left superhilar region" toID="E26" toText="adenocarcinoma" type="OVERLAP" />
<TLINK id="TL43" fromID="E37" fromText="a mass in the left superhilar region" toID="E27" toText="metastatic disease from the colon" type="OVERLAP" />
<TLINK id="TL44" fromID="E40" fromText="mediastinal exploration" toID="E48" toText="mediastinal exploration" type="OVERLAP" />
<TLINK id="TL45" fromID="E41" fromText="resection" toID="E49" toText="resection" type="OVERLAP" />
<TLINK id="TL46" fromID="E3" fromText="colon carcinoma" toID="E36" toText="metastatic colon carcinoma" type="OVERLAP" />
<TLINK id="TL47" fromID="E4" fromText="Duke &apos;s grade B-II" toID="E36" toText="metastatic colon carcinoma" type="OVERLAP" />
<TLINK id="TL48" fromID="E6" fromText="an exploratory laparotomy" toID="E11" toText="The exploratory laparotomy" type="OVERLAP" />
<TLINK id="TL49" fromID="E7" fromText="an increased level of CEA" toID="E12" toText="a rise" type="OVERLAP" />
<TLINK id="TL50" fromID="E11" fromText="The exploratory laparotomy" toID="E6" toText="an exploratory laparotomy" type="OVERLAP" />
<TLINK id="TL51" fromID="E12" fromText="a rise" toID="E7" toText="an increased level of CEA" type="OVERLAP" />
<TLINK id="TL52" fromID="E45" fromText="a four centimeter soft tissue mass on the left suprahilar region" toID="E37" toText="a mass in the left superhilar region" type="OVERLAP" />
<TLINK id="TL53" fromID="E45" fromText="a four centimeter soft tissue mass on the left suprahilar region" toID="E50" toText="metastatic mass" type="OVERLAP" />
<TLINK id="TL54" fromID="E45" fromText="a four centimeter soft tissue mass on the left suprahilar region" toID="E23" toText="her mediastinal mass" type="OVERLAP" />
<TLINK id="TL55" fromID="E45" fromText="a four centimeter soft tissue mass on the left suprahilar region" toID="E24" toText="This mass" type="OVERLAP" />
<TLINK id="TL56" fromID="E45" fromText="a four centimeter soft tissue mass on the left suprahilar region" toID="E26" toText="adenocarcinoma" type="OVERLAP" />
<TLINK id="TL57" fromID="E45" fromText="a four centimeter soft tissue mass on the left suprahilar region" toID="E27" toText="metastatic disease from the colon" type="OVERLAP" />
<TLINK id="TL58" fromID="E48" fromText="mediastinal exploration" toID="E40" toText="mediastinal exploration" type="OVERLAP" />
<TLINK id="TL59" fromID="E49" fromText="resection" toID="E41" toText="resection" type="OVERLAP" />
<TLINK id="TL60" fromID="E50" fromText="metastatic mass" toID="E37" toText="a mass in the left superhilar region" type="OVERLAP" />
<TLINK id="TL61" fromID="E50" fromText="metastatic mass" toID="E45" toText="a four centimeter soft tissue mass on the left suprahilar region" type="OVERLAP" />
<TLINK id="TL62" fromID="E50" fromText="metastatic mass" toID="E23" toText="her mediastinal mass" type="OVERLAP" />
<TLINK id="TL63" fromID="E50" fromText="metastatic mass" toID="E24" toText="This mass" type="OVERLAP" />
<TLINK id="TL64" fromID="E50" fromText="metastatic mass" toID="E26" toText="adenocarcinoma" type="OVERLAP" />
<TLINK id="TL65" fromID="E50" fromText="metastatic mass" toID="E27" toText="metastatic disease from the colon" type="OVERLAP" />
<TLINK id="TL66" fromID="E23" fromText="her mediastinal mass" toID="E37" toText="a mass in the left superhilar region" type="OVERLAP" />
<TLINK id="TL67" fromID="E23" fromText="her mediastinal mass" toID="E45" toText="a four centimeter soft tissue mass on the left suprahilar region" type="OVERLAP" />
<TLINK id="TL68" fromID="E23" fromText="her mediastinal mass" toID="E50" toText="metastatic mass" type="OVERLAP" />
<TLINK id="TL69" fromID="E23" fromText="her mediastinal mass" toID="E24" toText="This mass" type="OVERLAP" />
<TLINK id="TL70" fromID="E23" fromText="her mediastinal mass" toID="E26" toText="adenocarcinoma" type="OVERLAP" />
<TLINK id="TL71" fromID="E23" fromText="her mediastinal mass" toID="E27" toText="metastatic disease from the colon" type="OVERLAP" />
<TLINK id="TL72" fromID="E24" fromText="This mass" toID="E37" toText="a mass in the left superhilar region" type="OVERLAP" />
<TLINK id="TL73" fromID="E24" fromText="This mass" toID="E45" toText="a four centimeter soft tissue mass on the left suprahilar region" type="OVERLAP" />
<TLINK id="TL74" fromID="E24" fromText="This mass" toID="E50" toText="metastatic mass" type="OVERLAP" />
<TLINK id="TL75" fromID="E24" fromText="This mass" toID="E23" toText="her mediastinal mass" type="OVERLAP" />
<TLINK id="TL76" fromID="E24" fromText="This mass" toID="E26" toText="adenocarcinoma" type="OVERLAP" />
<TLINK id="TL77" fromID="E24" fromText="This mass" toID="E27" toText="metastatic disease from the colon" type="OVERLAP" />
<TLINK id="TL78" fromID="E26" fromText="adenocarcinoma" toID="E37" toText="a mass in the left superhilar region" type="OVERLAP" />
<TLINK id="TL79" fromID="E26" fromText="adenocarcinoma" toID="E45" toText="a four centimeter soft tissue mass on the left suprahilar region" type="OVERLAP" />
<TLINK id="TL80" fromID="E26" fromText="adenocarcinoma" toID="E50" toText="metastatic mass" type="OVERLAP" />
<TLINK id="TL81" fromID="E26" fromText="adenocarcinoma" toID="E23" toText="her mediastinal mass" type="OVERLAP" />
<TLINK id="TL82" fromID="E26" fromText="adenocarcinoma" toID="E24" toText="This mass" type="OVERLAP" />
<TLINK id="TL83" fromID="E27" fromText="metastatic disease from the colon" toID="E37" toText="a mass in the left superhilar region" type="OVERLAP" />
<TLINK id="TL84" fromID="E27" fromText="metastatic disease from the colon" toID="E45" toText="a four centimeter soft tissue mass on the left suprahilar region" type="OVERLAP" />
<TLINK id="TL85" fromID="E27" fromText="metastatic disease from the colon" toID="E50" toText="metastatic mass" type="OVERLAP" />
<TLINK id="TL86" fromID="E27" fromText="metastatic disease from the colon" toID="E23" toText="her mediastinal mass" type="OVERLAP" />
<TLINK id="TL87" fromID="E27" fromText="metastatic disease from the colon" toID="E24" toText="This mass" type="OVERLAP" />
<TLINK id="TL88" fromID="E28" fromText="a chest tube" toID="E30" toText="This tube" type="OVERLAP" />
<TLINK id="TL89" fromID="E28" fromText="a chest tube" toID="E31" toText="This additional chest tube" type="OVERLAP" />
<TLINK id="TL90" fromID="E28" fromText="a chest tube" toID="E34" toText="Mediastinal chest tube" type="OVERLAP" />
<TLINK id="TL91" fromID="E29" fromText="a left pleural effusion" toID="E57" toText="the effusion" type="OVERLAP" />
<TLINK id="TL92" fromID="E30" fromText="This tube" toID="E28" toText="a chest tube" type="OVERLAP" />
<TLINK id="TL93" fromID="E30" fromText="This tube" toID="E31" toText="This additional chest tube" type="OVERLAP" />
<TLINK id="TL94" fromID="E30" fromText="This tube" toID="E34" toText="Mediastinal chest tube" type="OVERLAP" />
<TLINK id="TL95" fromID="E57" fromText="the effusion" toID="E29" toText="a left pleural effusion" type="OVERLAP" />
<TLINK id="TL96" fromID="E31" fromText="This additional chest tube" toID="E28" toText="a chest tube" type="OVERLAP" />
<TLINK id="TL97" fromID="E31" fromText="This additional chest tube" toID="E30" toText="This tube" type="OVERLAP" />
<TLINK id="TL98" fromID="E31" fromText="This additional chest tube" toID="E34" toText="Mediastinal chest tube" type="OVERLAP" />
<TLINK id="TL99" fromID="E34" fromText="Mediastinal chest tube" toID="E28" toText="a chest tube" type="OVERLAP" />
<TLINK id="TL100" fromID="E34" fromText="Mediastinal chest tube" toID="E30" toText="This tube" type="OVERLAP" />
<TLINK id="TL101" fromID="E34" fromText="Mediastinal chest tube" toID="E31" toText="This additional chest tube" type="OVERLAP" />
<TLINK id="TL102" fromID="E36" fromText="metastatic colon carcinoma" toID="E3" toText="colon carcinoma" type="OVERLAP" />
<TLINK id="TL103" fromID="E3" fromText="colon carcinoma" toID="E36" toText="metastatic colon carcinoma" type="OVERLAP" />
<TLINK id="TL104" fromID="E35" fromText="DISCHARGE" toID="E60" toText="discharged" type="OVERLAP" />
<TLINK id="TL105" fromID="E60" fromText="discharged" toID="E35" toText="DISCHARGE" type="OVERLAP" />
<TLINK id="TL106" fromID="E36" fromText="metastatic colon carcinoma" toID="E37" toText="a mass in the left superhilar region" type="OVERLAP" />
<TLINK id="TL107" fromID="E36" fromText="metastatic colon carcinoma" toID="E38" toText="presents" type="BEFORE" />
<TLINK id="TL108" fromID="E36" fromText="metastatic colon carcinoma" toID="E39" toText="bronchoscopy" type="BEFORE" />
<TLINK id="TL109" fromID="E36" fromText="metastatic colon carcinoma" toID="E40" toText="mediastinal exploration" type="BEFORE" />
<TLINK id="TL110" fromID="E37" fromText="a mass in the left superhilar region" toID="E36" toText="metastatic colon carcinoma" type="OVERLAP" />
<TLINK id="TL111" fromID="E37" fromText="a mass in the left superhilar region" toID="E38" toText="presents" type="BEFORE" />
<TLINK id="TL112" fromID="E38" fromText="presents" toID="E36" toText="metastatic colon carcinoma" type="AFTER" />
<TLINK id="TL113" fromID="E38" fromText="presents" toID="E37" toText="a mass in the left superhilar region" type="AFTER" />
<TLINK id="TL114" fromID="E38" fromText="presents" toID="E39" toText="bronchoscopy" type="AFTER" />
<TLINK id="TL115" fromID="E38" fromText="presents" toID="E40" toText="mediastinal exploration" type="AFTER" />
<TLINK id="TL116" fromID="E38" fromText="presents" toID="E41" toText="resection" type="AFTER" />
<TLINK id="TL117" fromID="E39" fromText="bronchoscopy" toID="E36" toText="metastatic colon carcinoma" type="AFTER" />
<TLINK id="TL118" fromID="E39" fromText="bronchoscopy" toID="E38" toText="presents" type="BEFORE" />
<TLINK id="TL119" fromID="E39" fromText="bronchoscopy" toID="E40" toText="mediastinal exploration" type="OVERLAP" />
<TLINK id="TL120" fromID="E39" fromText="bronchoscopy" toID="E41" toText="resection" type="AFTER" />
<TLINK id="TL121" fromID="E40" fromText="mediastinal exploration" toID="E36" toText="metastatic colon carcinoma" type="AFTER" />
<TLINK id="TL122" fromID="E40" fromText="mediastinal exploration" toID="E38" toText="presents" type="BEFORE" />
<TLINK id="TL123" fromID="E40" fromText="mediastinal exploration" toID="E39" toText="bronchoscopy" type="OVERLAP" />
<TLINK id="TL124" fromID="E40" fromText="mediastinal exploration" toID="E41" toText="resection" type="OVERLAP" />
<TLINK id="TL125" fromID="E41" fromText="resection" toID="E38" toText="presents" type="BEFORE" />
<TLINK id="TL126" fromID="E41" fromText="resection" toID="E39" toText="bronchoscopy" type="BEFORE" />
<TLINK id="TL127" fromID="E41" fromText="resection" toID="E40" toText="mediastinal exploration" type="OVERLAP" />
<TLINK id="TL128" fromID="E42" fromText="her usual state of health" toID="E1" toText="abdominal pain" type="BEFORE" />
<TLINK id="TL129" fromID="E42" fromText="her usual state of health" toID="T3" toText="early 1992" type="BEFORE" />
<TLINK id="TL130" fromID="E1" fromText="abdominal pain" toID="E42" toText="her usual state of health" type="AFTER" />
<TLINK id="TL131" fromID="E1" fromText="abdominal pain" toID="T3" toText="early 1992" type="OVERLAP" />
<TLINK id="TL132" fromID="T3" fromText="early 1992" toID="E42" toText="her usual state of health" type="AFTER" />
<TLINK id="TL133" fromID="T3" fromText="early 1992" toID="E1" toText="abdominal pain" type="OVERLAP" />
<TLINK id="TL134" fromID="T0" fromText="December of 1992" toID="E2" toText="a transverse colectomy" type="OVERLAP" />
<TLINK id="TL135" fromID="T0" fromText="December of 1992" toID="E3" toText="colon carcinoma" type="AFTER" />
<TLINK id="TL136" fromID="T0" fromText="December of 1992" toID="E4" toText="Duke &apos;s grade B-II" type="OVERLAP" />
<TLINK id="TL137" fromID="T0" fromText="December of 1992" toID="E43" toText="lymph nodes" type="OVERLAP" />
<TLINK id="TL138" fromID="E2" fromText="a transverse colectomy" toID="T0" toText="December of 1992" type="OVERLAP" />
<TLINK id="TL139" fromID="E2" fromText="a transverse colectomy" toID="E3" toText="colon carcinoma" type="AFTER" />
<TLINK id="TL140" fromID="E3" fromText="colon carcinoma" toID="T0" toText="December of 1992" type="BEFORE" />
<TLINK id="TL141" fromID="E3" fromText="colon carcinoma" toID="E2" toText="a transverse colectomy" type="BEFORE" />
<TLINK id="TL142" fromID="E3" fromText="colon carcinoma" toID="E4" toText="Duke &apos;s grade B-II" type="OVERLAP" />
<TLINK id="TL143" fromID="E4" fromText="Duke &apos;s grade B-II" toID="T0" toText="December of 1992" type="OVERLAP" />
<TLINK id="TL144" fromID="E4" fromText="Duke &apos;s grade B-II" toID="E3" toText="colon carcinoma" type="OVERLAP" />
<TLINK id="TL145" fromID="E43" fromText="lymph nodes" toID="T0" toText="December of 1992" type="OVERLAP" />
<TLINK id="TL146" fromID="T4" fromText="September of 1992" toID="E6" toText="an exploratory laparotomy" type="OVERLAP" />
<TLINK id="TL147" fromID="T4" fromText="September of 1992" toID="E7" toText="an increased level of CEA" type="AFTER" />
<TLINK id="TL148" fromID="T4" fromText="September of 1992" toID="E8" toText="her blood" type="OVERLAP" />
<TLINK id="TL149" fromID="T4" fromText="September of 1992" toID="E9" toText="a liver abnormality" type="AFTER" />
<TLINK id="TL150" fromID="T4" fromText="September of 1992" toID="E10" toText="computerized tomography scan" type="OVERLAP" />
<TLINK id="TL151" fromID="E6" fromText="an exploratory laparotomy" toID="T4" toText="September of 1992" type="OVERLAP" />
<TLINK id="TL152" fromID="E6" fromText="an exploratory laparotomy" toID="E7" toText="an increased level of CEA" type="AFTER" />
<TLINK id="TL153" fromID="E6" fromText="an exploratory laparotomy" toID="E9" toText="a liver abnormality" type="AFTER" />
<TLINK id="TL154" fromID="E7" fromText="an increased level of CEA" toID="T4" toText="September of 1992" type="BEFORE" />
<TLINK id="TL155" fromID="E7" fromText="an increased level of CEA" toID="E6" toText="an exploratory laparotomy" type="BEFORE" />
<TLINK id="TL156" fromID="E7" fromText="an increased level of CEA" toID="E8" toText="her blood" type="OVERLAP" />
<TLINK id="TL157" fromID="E7" fromText="an increased level of CEA" toID="E9" toText="a liver abnormality" type="AFTER" />
<TLINK id="TL158" fromID="E8" fromText="her blood" toID="T4" toText="September of 1992" type="OVERLAP" />
<TLINK id="TL159" fromID="E8" fromText="her blood" toID="E7" toText="an increased level of CEA" type="OVERLAP" />
<TLINK id="TL160" fromID="E9" fromText="a liver abnormality" toID="T4" toText="September of 1992" type="BEFORE" />
<TLINK id="TL161" fromID="E9" fromText="a liver abnormality" toID="E6" toText="an exploratory laparotomy" type="BEFORE" />
<TLINK id="TL162" fromID="E9" fromText="a liver abnormality" toID="E7" toText="an increased level of CEA" type="BEFORE" />
<TLINK id="TL163" fromID="E9" fromText="a liver abnormality" toID="E10" toText="computerized tomography scan" type="OVERLAP" />
<TLINK id="TL164" fromID="E10" fromText="computerized tomography scan" toID="T4" toText="September of 1992" type="OVERLAP" />
<TLINK id="TL165" fromID="E10" fromText="computerized tomography scan" toID="E9" toText="a liver abnormality" type="OVERLAP" />
<TLINK id="TL166" fromID="E12" fromText="a rise" toID="E13" toText="her CEA level" type="OVERLAP" />
<TLINK id="TL167" fromID="E12" fromText="a rise" toID="E14" toText="a further work up" type="BEFORE" />
<TLINK id="TL168" fromID="E13" fromText="her CEA level" toID="E12" toText="a rise" type="OVERLAP" />
<TLINK id="TL169" fromID="E13" fromText="her CEA level" toID="E14" toText="a further work up" type="OVERLAP" />
<TLINK id="TL170" fromID="E14" fromText="a further work up" toID="E12" toText="a rise" type="AFTER" />
<TLINK id="TL171" fromID="E14" fromText="a further work up" toID="E13" toText="her CEA level" type="OVERLAP" />
<TLINK id="TL172" fromID="T5" fromText="September of 1993" toID="E15" toText="an abdominal and pelvic computerized tomography scan" type="OVERLAP" />
<TLINK id="TL173" fromID="T5" fromText="September of 1993" toID="E16" toText="a negative bone scan" type="AFTER" />
<TLINK id="TL174" fromID="E15" fromText="an abdominal and pelvic computerized tomography scan" toID="T5" toText="September of 1993" type="OVERLAP" />
<TLINK id="TL175" fromID="E15" fromText="an abdominal and pelvic computerized tomography scan" toID="T6" toText="June of 1993" type="BEFORE" />
<TLINK id="TL176" fromID="E15" fromText="an abdominal and pelvic computerized tomography scan" toID="E16" toText="a negative bone scan" type="AFTER" />
<TLINK id="TL177" fromID="T6" fromText="June of 1993" toID="E15" toText="an abdominal and pelvic computerized tomography scan" type="AFTER" />
<TLINK id="TL178" fromID="T6" fromText="June of 1993" toID="E16" toText="a negative bone scan" type="OVERLAP" />
<TLINK id="TL179" fromID="E16" fromText="a negative bone scan" toID="T5" toText="September of 1993" type="BEFORE" />
<TLINK id="TL180" fromID="E16" fromText="a negative bone scan" toID="E15" toText="an abdominal and pelvic computerized tomography scan" type="BEFORE" />
<TLINK id="TL181" fromID="E16" fromText="a negative bone scan" toID="T6" toText="June of 1993" type="OVERLAP" />
<TLINK id="TL182" fromID="T9" fromText="December of 1994" toID="E17" toText="a thoracic computerized tomography scan" type="OVERLAP" />
<TLINK id="TL183" fromID="T9" fromText="December of 1994" toID="E44" toText="showed" type="AFTER" />
<TLINK id="TL184" fromID="T9" fromText="December of 1994" toID="E45" toText="a four centimeter soft tissue mass on the left suprahilar region" type="AFTER" />
<TLINK id="TL185" fromID="E17" fromText="a thoracic computerized tomography scan" toID="T9" toText="December of 1994" type="OVERLAP" />
<TLINK id="TL186" fromID="E17" fromText="a thoracic computerized tomography scan" toID="E44" toText="showed" type="OVERLAP" />
<TLINK id="TL187" fromID="E17" fromText="a thoracic computerized tomography scan" toID="E45" toText="a four centimeter soft tissue mass on the left suprahilar region" type="AFTER" />
<TLINK id="TL188" fromID="E44" fromText="showed" toID="T9" toText="December of 1994" type="BEFORE" />
<TLINK id="TL189" fromID="E44" fromText="showed" toID="E17" toText="a thoracic computerized tomography scan" type="OVERLAP" />
<TLINK id="TL190" fromID="E44" fromText="showed" toID="E45" toText="a four centimeter soft tissue mass on the left suprahilar region" type="AFTER" />
<TLINK id="TL191" fromID="E45" fromText="a four centimeter soft tissue mass on the left suprahilar region" toID="T9" toText="December of 1994" type="BEFORE" />
<TLINK id="TL192" fromID="E45" fromText="a four centimeter soft tissue mass on the left suprahilar region" toID="E17" toText="a thoracic computerized tomography scan" type="BEFORE" />
<TLINK id="TL193" fromID="E45" fromText="a four centimeter soft tissue mass on the left suprahilar region" toID="E44" toText="showed" type="BEFORE" />
<TLINK id="TL194" fromID="E18" fromText="increased hoarseness" toID="T10" toText="the preceding months" type="OVERLAP" />
<TLINK id="TL195" fromID="E18" fromText="increased hoarseness" toID="E19" toText="left vocal cord paralysis" type="AFTER" />
<TLINK id="TL196" fromID="T10" fromText="the preceding months" toID="E18" toText="increased hoarseness" type="OVERLAP" />
<TLINK id="TL197" fromID="T10" fromText="the preceding months" toID="E19" toText="left vocal cord paralysis" type="OVERLAP" />
<TLINK id="TL198" fromID="E19" fromText="left vocal cord paralysis" toID="E18" toText="increased hoarseness" type="BEFORE" />
<TLINK id="TL199" fromID="E19" fromText="left vocal cord paralysis" toID="T10" toText="the preceding months" type="OVERLAP" />
<TLINK id="TL200" fromID="E46" fromText="complains" toID="E20" toText="increased shortness of breath" type="AFTER" />
<TLINK id="TL201" fromID="E46" fromText="complains" toID="T11" toText="the preceding month" type="OVERLAP" />
<TLINK id="TL202" fromID="E46" fromText="complains" toID="E47" toText="presents" type="BEFORE" />
<TLINK id="TL203" fromID="E46" fromText="complains" toID="E48" toText="mediastinal exploration" type="BEFORE" />
<TLINK id="TL204" fromID="E46" fromText="complains" toID="E49" toText="resection" type="BEFORE" />
<TLINK id="TL205" fromID="E46" fromText="complains" toID="E50" toText="metastatic mass" type="AFTER" />
<TLINK id="TL206" fromID="E20" fromText="increased shortness of breath" toID="E46" toText="complains" type="BEFORE" />
<TLINK id="TL207" fromID="E20" fromText="increased shortness of breath" toID="T11" toText="the preceding month" type="OVERLAP" />
<TLINK id="TL208" fromID="E20" fromText="increased shortness of breath" toID="E47" toText="presents" type="BEFORE" />
<TLINK id="TL209" fromID="E20" fromText="increased shortness of breath" toID="E48" toText="mediastinal exploration" type="BEFORE" />
<TLINK id="TL210" fromID="E20" fromText="increased shortness of breath" toID="E49" toText="resection" type="BEFORE" />
<TLINK id="TL211" fromID="E20" fromText="increased shortness of breath" toID="E50" toText="metastatic mass" type="AFTER" />
<TLINK id="TL212" fromID="T11" fromText="the preceding month" toID="E46" toText="complains" type="OVERLAP" />
<TLINK id="TL213" fromID="T11" fromText="the preceding month" toID="E20" toText="increased shortness of breath" type="OVERLAP" />
<TLINK id="TL214" fromID="T11" fromText="the preceding month" toID="E47" toText="presents" type="BEFORE" />
<TLINK id="TL215" fromID="T11" fromText="the preceding month" toID="E48" toText="mediastinal exploration" type="BEFORE" />
<TLINK id="TL216" fromID="T11" fromText="the preceding month" toID="E49" toText="resection" type="BEFORE" />
<TLINK id="TL217" fromID="T11" fromText="the preceding month" toID="E50" toText="metastatic mass" type="BEFORE" />
<TLINK id="TL218" fromID="E47" fromText="presents" toID="E46" toText="complains" type="AFTER" />
<TLINK id="TL219" fromID="E47" fromText="presents" toID="E20" toText="increased shortness of breath" type="AFTER" />
<TLINK id="TL220" fromID="E47" fromText="presents" toID="T11" toText="the preceding month" type="AFTER" />
<TLINK id="TL221" fromID="E47" fromText="presents" toID="E48" toText="mediastinal exploration" type="BEFORE" />
<TLINK id="TL222" fromID="E47" fromText="presents" toID="E49" toText="resection" type="BEFORE" />
<TLINK id="TL223" fromID="E47" fromText="presents" toID="E50" toText="metastatic mass" type="AFTER" />
<TLINK id="TL224" fromID="E48" fromText="mediastinal exploration" toID="E46" toText="complains" type="AFTER" />
<TLINK id="TL225" fromID="E48" fromText="mediastinal exploration" toID="E20" toText="increased shortness of breath" type="AFTER" />
<TLINK id="TL226" fromID="E48" fromText="mediastinal exploration" toID="T11" toText="the preceding month" type="AFTER" />
<TLINK id="TL227" fromID="E48" fromText="mediastinal exploration" toID="E47" toText="presents" type="AFTER" />
<TLINK id="TL228" fromID="E48" fromText="mediastinal exploration" toID="E49" toText="resection" type="OVERLAP" />
<TLINK id="TL229" fromID="E48" fromText="mediastinal exploration" toID="E50" toText="metastatic mass" type="AFTER" />
<TLINK id="TL230" fromID="E49" fromText="resection" toID="E46" toText="complains" type="AFTER" />
<TLINK id="TL231" fromID="E49" fromText="resection" toID="E20" toText="increased shortness of breath" type="AFTER" />
<TLINK id="TL232" fromID="E49" fromText="resection" toID="T11" toText="the preceding month" type="AFTER" />
<TLINK id="TL233" fromID="E49" fromText="resection" toID="E47" toText="presents" type="AFTER" />
<TLINK id="TL234" fromID="E49" fromText="resection" toID="E48" toText="mediastinal exploration" type="OVERLAP" />
<TLINK id="TL235" fromID="E49" fromText="resection" toID="E50" toText="metastatic mass" type="AFTER" />
<TLINK id="TL236" fromID="E50" fromText="metastatic mass" toID="E46" toText="complains" type="BEFORE" />
<TLINK id="TL237" fromID="E50" fromText="metastatic mass" toID="E20" toText="increased shortness of breath" type="BEFORE" />
<TLINK id="TL238" fromID="E50" fromText="metastatic mass" toID="T11" toText="the preceding month" type="AFTER" />
<TLINK id="TL239" fromID="E50" fromText="metastatic mass" toID="E47" toText="presents" type="BEFORE" />
<TLINK id="TL240" fromID="E50" fromText="metastatic mass" toID="E48" toText="mediastinal exploration" type="BEFORE" />
<TLINK id="TL241" fromID="E50" fromText="metastatic mass" toID="E49" toText="resection" type="BEFORE" />
<TLINK id="TL242" fromID="E51" fromText="admitted" toID="E52" toText="the Fairm of Ijordcompmac Hospital" type="BEFORE" />
<TLINK id="TL243" fromID="E52" fromText="the Fairm of Ijordcompmac Hospital" toID="E51" toText="admitted" type="AFTER" />
<TLINK id="TL244" fromID="E53" fromText="the Operating Room" toID="T7" toText="January 3 , 1994" type="OVERLAP" />
<TLINK id="TL245" fromID="E53" fromText="the Operating Room" toID="E21" toText="a median sternotomy" type="OVERLAP" />
<TLINK id="TL246" fromID="E53" fromText="the Operating Room" toID="E23" toText="her mediastinal mass" type="OVERLAP" />
<TLINK id="TL247" fromID="T7" fromText="January 3 , 1994" toID="E53" toText="the Operating Room" type="OVERLAP" />
<TLINK id="TL248" fromID="T7" fromText="January 3 , 1994" toID="E21" toText="a median sternotomy" type="OVERLAP" />
<TLINK id="TL249" fromID="T7" fromText="January 3 , 1994" toID="E22" toText="removal" type="OVERLAP" />
<TLINK id="TL250" fromID="T7" fromText="January 3 , 1994" toID="E23" toText="her mediastinal mass" type="AFTER" />
<TLINK id="TL251" fromID="E21" fromText="a median sternotomy" toID="E53" toText="the Operating Room" type="OVERLAP" />
<TLINK id="TL252" fromID="E21" fromText="a median sternotomy" toID="T7" toText="January 3 , 1994" type="OVERLAP" />
<TLINK id="TL253" fromID="E21" fromText="a median sternotomy" toID="E22" toText="removal" type="OVERLAP" />
<TLINK id="TL254" fromID="E21" fromText="a median sternotomy" toID="E23" toText="her mediastinal mass" type="AFTER" />
<TLINK id="TL255" fromID="E22" fromText="removal" toID="T7" toText="January 3 , 1994" type="OVERLAP" />
<TLINK id="TL256" fromID="E22" fromText="removal" toID="E21" toText="a median sternotomy" type="OVERLAP" />
<TLINK id="TL257" fromID="E22" fromText="removal" toID="E23" toText="her mediastinal mass" type="AFTER" />
<TLINK id="TL258" fromID="E23" fromText="her mediastinal mass" toID="E53" toText="the Operating Room" type="OVERLAP" />
<TLINK id="TL259" fromID="E23" fromText="her mediastinal mass" toID="T7" toText="January 3 , 1994" type="BEFORE" />
<TLINK id="TL260" fromID="E23" fromText="her mediastinal mass" toID="E21" toText="a median sternotomy" type="BEFORE" />
<TLINK id="TL261" fromID="E23" fromText="her mediastinal mass" toID="E22" toText="removal" type="BEFORE" />
<TLINK id="TL262" fromID="E25" fromText="The frozen section analysis" toID="E54" toText="revealed" type="OVERLAP" />
<TLINK id="TL263" fromID="E25" fromText="The frozen section analysis" toID="E26" toText="adenocarcinoma" type="AFTER" />
<TLINK id="TL264" fromID="E25" fromText="The frozen section analysis" toID="E27" toText="metastatic disease from the colon" type="AFTER" />
<TLINK id="TL265" fromID="E54" fromText="revealed" toID="E25" toText="The frozen section analysis" type="OVERLAP" />
<TLINK id="TL266" fromID="E54" fromText="revealed" toID="E26" toText="adenocarcinoma" type="AFTER" />
<TLINK id="TL267" fromID="E54" fromText="revealed" toID="E27" toText="metastatic disease from the colon" type="AFTER" />
<TLINK id="TL268" fromID="E26" fromText="adenocarcinoma" toID="E25" toText="The frozen section analysis" type="BEFORE" />
<TLINK id="TL269" fromID="E26" fromText="adenocarcinoma" toID="E54" toText="revealed" type="BEFORE" />
<TLINK id="TL270" fromID="E26" fromText="adenocarcinoma" toID="E27" toText="metastatic disease from the colon" type="OVERLAP" />
<TLINK id="TL271" fromID="E27" fromText="metastatic disease from the colon" toID="E25" toText="The frozen section analysis" type="BEFORE" />
<TLINK id="TL272" fromID="E27" fromText="metastatic disease from the colon" toID="E54" toText="revealed" type="BEFORE" />
<TLINK id="TL273" fromID="E27" fromText="metastatic disease from the colon" toID="E26" toText="adenocarcinoma" type="OVERLAP" />
<TLINK id="TL274" fromID="E28" fromText="a chest tube" toID="E55" toText="the recovery room" type="OVERLAP" />
<TLINK id="TL275" fromID="E28" fromText="a chest tube" toID="E29" toText="a left pleural effusion" type="AFTER" />
<TLINK id="TL276" fromID="E55" fromText="the recovery room" toID="E28" toText="a chest tube" type="OVERLAP" />
<TLINK id="TL277" fromID="E55" fromText="the recovery room" toID="E29" toText="a left pleural effusion" type="AFTER" />
<TLINK id="TL278" fromID="E29" fromText="a left pleural effusion" toID="E28" toText="a chest tube" type="BEFORE" />
<TLINK id="TL279" fromID="E29" fromText="a left pleural effusion" toID="E55" toText="the recovery room" type="BEFORE" />
<TLINK id="TL280" fromID="E30" fromText="This tube" toID="E56" toText="fluid" type="AFTER" />
<TLINK id="TL281" fromID="E30" fromText="This tube" toID="E57" toText="the effusion" type="AFTER" />
<TLINK id="TL282" fromID="E30" fromText="This tube" toID="E58" toText="left hemidiaphragm elevation" type="AFTER" />
<TLINK id="TL283" fromID="E56" fromText="fluid" toID="E30" toText="This tube" type="BEFORE" />
<TLINK id="TL284" fromID="E56" fromText="fluid" toID="E57" toText="the effusion" type="OVERLAP" />
<TLINK id="TL285" fromID="E57" fromText="the effusion" toID="E30" toText="This tube" type="BEFORE" />
<TLINK id="TL286" fromID="E57" fromText="the effusion" toID="E56" toText="fluid" type="OVERLAP" />
<TLINK id="TL287" fromID="E57" fromText="the effusion" toID="E58" toText="left hemidiaphragm elevation" type="BEFORE" />
<TLINK id="TL288" fromID="E58" fromText="left hemidiaphragm elevation" toID="E30" toText="This tube" type="BEFORE" />
<TLINK id="TL289" fromID="E58" fromText="left hemidiaphragm elevation" toID="E57" toText="the effusion" type="AFTER" />
<TLINK id="TL290" fromID="E31" fromText="This additional chest tube" toID="T15" toText="the following day" type="BEFORE" />
<TLINK id="TL291" fromID="T15" fromText="the following day" toID="E31" toText="This additional chest tube" type="AFTER" />
<TLINK id="TL292" fromID="E32" fromText="Her postoperative hematocrit" toID="E33" toText="a preoperative level" type="OVERLAP" />
<TLINK id="TL293" fromID="E33" fromText="a preoperative level" toID="E32" toText="Her postoperative hematocrit" type="OVERLAP" />
<TLINK id="TL294" fromID="E34" fromText="Mediastinal chest tube" toID="T16" toText="postoperative day three" type="BEFORE" />
<TLINK id="TL295" fromID="T16" fromText="postoperative day three" toID="E34" toText="Mediastinal chest tube" type="AFTER" />
<TLINK id="TL296" fromID="E60" fromText="discharged" toID="E61" toText="stable condition" type="AFTER" />
<TLINK id="TL297" fromID="E60" fromText="discharged" toID="T8" toText="postoperative day six" type="OVERLAP" />
<TLINK id="TL298" fromID="E61" fromText="stable condition" toID="E60" toText="discharged" type="BEFORE" />
<TLINK id="TL299" fromID="E61" fromText="stable condition" toID="T8" toText="postoperative day six" type="OVERLAP" />
<TLINK id="TL300" fromID="T8" fromText="postoperative day six" toID="E60" toText="discharged" type="OVERLAP" />
<TLINK id="TL301" fromID="T8" fromText="postoperative day six" toID="E61" toText="stable condition" type="OVERLAP" />
</TAGS>
</ClinicalNarrativeTemporalAnnotation>
