<?xml version="1.0" encoding="UTF-8" ?>
<ClinicalNarrativeTemporalAnnotation>
<TEXT><![CDATA[
Admission Date :
2015-06-29
Discharge Date :
2015-07-09
Service :
MEDICINE
History of Present Illness :
74 yo M with lung cancer DVT who presents with 1 day of substernal chest pain .
Patient developed chest pain the night prior to admission .
The pain was substernal 07-08 , did not radiate .
He reports that the pain was similar to his prior MI .
The patient had shortness of breath .
In the Amanda the patients pain resolved with NTG and morphine .
he was given ASA and bblocker .
At time of my evaluation , the patient denied nausea , vomitting , abdominal pain , dysuria , dizziness , changes in vision /hearing
Brief Hospital Course :
A/P 74 yo M with lung cancer , DVT , CAD s/p MI presents with chest pain shortness of breath .
# Chest Pain / Ischemia - Patient with history of CAD a/p MI .
Now with an episode of pain consistent with his anginal equivalent .
No changes on EKG but not in pain at time of EKG .
Patient was ruled out by enzymes .
He also had a stress test which revealed an irreversible deficit from his prior known IMI .
Continued on asa , bblocker , Hicks , statin , plavix .
BP meds held while was unstable .
ASA , plavix held during hemothorax .
# CHF - patient does not seem volume overloaded at this time .
He has no JVD , no edema in legs ( other than swelling from DVT ) .
Last Echo with EF 55% .
Does have increased effusion although loculated .
Continued on lasix , bblocker Robertson .
BP meds held while unstable .
# Afib - In sinus during admission .
Patients anticoag held during hemothorax .
# Shortness of Breath / loculated Effusion - patient with increaing loculated pleural effusion .
Has chronic shortness of breath which has worsened over the past few days .
No sign of infeciton at this time .
Had thoracentesis by interventional pumonology on 2015-07-01 revealing almost 2 L of serous exudative fluid .
Patient had improved breathing .
Cytology was negative .
However on 07-02 Hct dropped .
CT revealed hemothorax .
All anticoagulation stopped despite the risk of DVT , afib .
Risk discussed with family .
Thoracics consulted and chest tube placed .
Frank blood was taken out .
Patient continued to bleed in and around the tube .
Patient sent to CMED for observation after Hct continued to drop .
Patient spontaneously stablized and output of CT became more serous .
Output resent for cytology which was pending at time of discharge .
When output became < 100 cc the tube was removed .
Patient follwed with serial CXR that did not demonstrate reaccumulation .
Hct also remained stable .
# DVT - patient therapeutic on heparin .
Improving clots on LENI .
CTA neg for PE .
Anticoagulaiton held during hemothorax .
Patient restarted on coumadin and will be discharged on 3mg coumadin qday .
# Lung Cancer - patient currently with no evidence of disease .
s/p neoadjuvant chemo/XRT now s/p surgery .
1st cytology negative .
2ng cytology pending .
WIll follow up tih outpatient oncologist .
Contacts - son 506-1596
]]></TEXT>
<TAGS>
<EVENT id="E0" start="1" end="10" text="Admission" modality="FACTUAL" polarity="POS" type="OCCURRENCE" />
<EVENT id="E32" start="1025" end="1044" text="his prior known IMI" modality="FACTUAL" polarity="POS" type="PROBLEM" />
<EVENT id="E33" start="1060" end="1063" text="asa" modality="FACTUAL" polarity="POS" type="TREATMENT" />
<EVENT id="E34" start="1066" end="1074" text="bblocker" modality="FACTUAL" polarity="POS" type="TREATMENT" />
<EVENT id="E35" start="1077" end="1082" text="Hicks" modality="FACTUAL" polarity="POS" type="TREATMENT" />
<EVENT id="E36" start="1085" end="1091" text="statin" modality="FACTUAL" polarity="POS" type="TREATMENT" />
<EVENT id="E37" start="1094" end="1100" text="plavix" modality="FACTUAL" polarity="POS" type="TREATMENT" />
<EVENT id="E38" start="1103" end="1110" text="BP meds" modality="FACTUAL" polarity="POS" type="TREATMENT" />
<EVENT id="E39" start="1126" end="1134" text="unstable" modality="FACTUAL" polarity="POS" type="PROBLEM" />
<EVENT id="E40" start="1137" end="1140" text="ASA" modality="FACTUAL" polarity="POS" type="TREATMENT" />
<EVENT id="E41" start="1143" end="1149" text="plavix" modality="FACTUAL" polarity="POS" type="TREATMENT" />
<EVENT id="E42" start="1162" end="1172" text="hemothorax" modality="FACTUAL" polarity="POS" type="PROBLEM" />
<EVENT id="E1" start="118" end="129" text="lung cancer" modality="FACTUAL" polarity="POS" type="PROBLEM" />
<EVENT id="E43" start="1177" end="1180" text="CHF" modality="FACTUAL" polarity="POS" type="PROBLEM" />
<EVENT id="E112" start="1205" end="1222" text="volume overloaded" modality="POSSIBLE" polarity="NEG" type="PROBLEM" />
<EVENT id="E44" start="1248" end="1251" text="JVD" modality="FACTUAL" polarity="NEG" type="PROBLEM" />
<EVENT id="E45" start="1257" end="1270" text="edema in legs" modality="FACTUAL" polarity="NEG" type="PROBLEM" />
<EVENT id="E46" start="1284" end="1292" text="swelling" modality="FACTUAL" polarity="POS" type="PROBLEM" />
<EVENT id="E2" start="130" end="133" text="DVT" modality="FACTUAL" polarity="POS" type="PROBLEM" />
<EVENT id="E47" start="1298" end="1301" text="DVT" modality="FACTUAL" polarity="POS" type="PROBLEM" />
<EVENT id="E48" start="1306" end="1315" text="Last Echo" modality="FACTUAL" polarity="POS" type="TEST" />
<EVENT id="E49" start="1321" end="1323" text="EF" modality="FACTUAL" polarity="POS" type="TEST" />
<EVENT id="E113" start="1340" end="1358" text="increased effusion" modality="FACTUAL" polarity="POS" type="PROBLEM" />
<EVENT id="E96" start="138" end="146" text="presents" modality="FACTUAL" polarity="POS" type="EVIDENTIAL" />
<EVENT id="E50" start="1393" end="1398" text="lasix" modality="FACTUAL" polarity="POS" type="TREATMENT" />
<EVENT id="E51" start="1401" end="1409" text="bblocker" modality="FACTUAL" polarity="POS" type="TREATMENT" />
<EVENT id="E52" start="1422" end="1429" text="BP meds" modality="FACTUAL" polarity="POS" type="TREATMENT" />
<EVENT id="E53" start="1441" end="1449" text="unstable" modality="FACTUAL" polarity="POS" type="PROBLEM" />
<EVENT id="E54" start="1454" end="1458" text="Afib" modality="FACTUAL" polarity="POS" type="PROBLEM" />
<EVENT id="E93" start="1477" end="1486" text="admission" modality="FACTUAL" polarity="POS" type="OCCURRENCE" />
<EVENT id="E55" start="1489" end="1506" text="Patients anticoag" modality="FACTUAL" polarity="POS" type="TREATMENT" />
<EVENT id="E56" start="1519" end="1529" text="hemothorax" modality="FACTUAL" polarity="POS" type="PROBLEM" />
<EVENT id="E57" start="1534" end="1553" text="Shortness of Breath" modality="FACTUAL" polarity="POS" type="PROBLEM" />
<EVENT id="E58" start="1556" end="1574" text="loculated Effusion" modality="FACTUAL" polarity="POS" type="PROBLEM" />
<EVENT id="E59" start="1590" end="1626" text="increaing loculated pleural effusion" modality="FACTUAL" polarity="POS" type="PROBLEM" />
<EVENT id="E3" start="161" end="182" text="substernal chest pain" modality="FACTUAL" polarity="POS" type="PROBLEM" />
<EVENT id="E60" start="1633" end="1660" text="chronic shortness of breath" modality="FACTUAL" polarity="POS" type="PROBLEM" />
<EVENT id="E114" start="1671" end="1679" text="worsened" modality="FACTUAL" polarity="POS" type="OCCURRENCE" />
<EVENT id="E116" start="1716" end="1725" text="infeciton" modality="FACTUAL" polarity="NEG" type="PROBLEM" />
<EVENT id="E61" start="1745" end="1758" text="thoracentesis" modality="FACTUAL" polarity="POS" type="TEST" />
<EVENT id="E117" start="1802" end="1811" text="revealing" modality="FACTUAL" polarity="POS" type="EVIDENTIAL" />
<EVENT id="E62" start="1826" end="1848" text="serous exudative fluid" modality="FACTUAL" polarity="POS" type="PROBLEM" />
<EVENT id="E118" start="1863" end="1881" text="improved breathing" modality="FACTUAL" polarity="POS" type="OCCURRENCE" />
<EVENT id="E63" start="1884" end="1892" text="Cytology" modality="FACTUAL" polarity="POS" type="TEST" />
<EVENT id="E64" start="1925" end="1928" text="Hct" modality="FACTUAL" polarity="POS" type="TEST" />
<EVENT id="E119" start="1929" end="1936" text="dropped" modality="FACTUAL" polarity="POS" type="PROBLEM" />
<EVENT id="E65" start="1939" end="1941" text="CT" modality="FACTUAL" polarity="POS" type="TEST" />
<EVENT id="E120" start="1942" end="1950" text="revealed" modality="FACTUAL" polarity="POS" type="EVIDENTIAL" />
<EVENT id="E66" start="1951" end="1961" text="hemothorax" modality="FACTUAL" polarity="POS" type="PROBLEM" />
<EVENT id="E67" start="1964" end="1983" text="All anticoagulation" modality="FACTUAL" polarity="POS" type="TREATMENT" />
<EVENT id="E121" start="2012" end="2015" text="DVT" modality="CONDITIONAL" polarity="POS" type="PROBLEM" />
<EVENT id="E122" start="2018" end="2022" text="afib" modality="CONDITIONAL" polarity="POS" type="PROBLEM" />
<EVENT id="E4" start="203" end="213" text="chest pain" modality="FACTUAL" polarity="POS" type="PROBLEM" />
<EVENT id="E123" start="2030" end="2039" text="discussed" modality="FACTUAL" polarity="POS" type="OCCURRENCE" />
<EVENT id="E124" start="2054" end="2073" text="Thoracics consulted" modality="FACTUAL" polarity="POS" type="OCCURRENCE" />
<EVENT id="E68" start="2078" end="2088" text="chest tube" modality="FACTUAL" polarity="POS" type="TREATMENT" />
<EVENT id="E69" start="2098" end="2109" text="Frank blood" modality="FACTUAL" polarity="POS" type="PROBLEM" />
<EVENT id="E125" start="2134" end="2152" text="continued to bleed" modality="FACTUAL" polarity="POS" type="PROBLEM" />
<EVENT id="E70" start="2167" end="2175" text="the tube" modality="FACTUAL" polarity="POS" type="TREATMENT" />
<EVENT id="E126" start="2194" end="2198" text="CMED" modality="FACTUAL" polarity="POS" type="CLINICAL_DEPT" />
<EVENT id="E71" start="2203" end="2214" text="observation" modality="FACTUAL" polarity="POS" type="TEST" />
<EVENT id="E72" start="2221" end="2224" text="Hct" modality="FACTUAL" polarity="POS" type="TEST" />
<EVENT id="E127" start="2225" end="2242" text="continued to drop" modality="FACTUAL" polarity="POS" type="OCCURRENCE" />
<EVENT id="E128" start="2267" end="2276" text="stablized" modality="FACTUAL" polarity="POS" type="OCCURRENCE" />
<EVENT id="E129" start="2281" end="2287" text="output" modality="FACTUAL" polarity="POS" type="TEST" />
<EVENT id="E73" start="2291" end="2293" text="CT" modality="FACTUAL" polarity="POS" type="TEST" />
<EVENT id="E130" start="2306" end="2312" text="serous" modality="FACTUAL" polarity="POS" type="OCCURRENCE" />
<EVENT id="E74" start="2315" end="2321" text="Output" modality="FACTUAL" polarity="POS" type="TEST" />
<EVENT id="E97" start="233" end="242" text="admission" modality="FACTUAL" polarity="POS" type="OCCURRENCE" />
<EVENT id="E75" start="2333" end="2341" text="cytology" modality="FACTUAL" polarity="POS" type="TEST" />
<EVENT id="E131" start="2371" end="2380" text="discharge" modality="FACTUAL" polarity="POS" type="OCCURRENCE" />
<EVENT id="E132" start="2388" end="2394" text="output" modality="FACTUAL" polarity="POS" type="TEST" />
<EVENT id="E76" start="2411" end="2419" text="the tube" modality="FACTUAL" polarity="POS" type="TREATMENT" />
<EVENT id="E133" start="2424" end="2431" text="removed" modality="FACTUAL" polarity="POS" type="TREATMENT" />
<EVENT id="E5" start="245" end="253" text="The pain" modality="FACTUAL" polarity="POS" type="PROBLEM" />
<EVENT id="E77" start="2455" end="2465" text="serial CXR" modality="FACTUAL" polarity="POS" type="TEST" />
<EVENT id="E78" start="2491" end="2505" text="reaccumulation" modality="FACTUAL" polarity="NEG" type="PROBLEM" />
<EVENT id="E79" start="2508" end="2511" text="Hct" modality="FACTUAL" polarity="POS" type="TEST" />
<EVENT id="E134" start="2517" end="2532" text="remained stable" modality="FACTUAL" polarity="POS" type="OCCURRENCE" />
<EVENT id="E80" start="2537" end="2540" text="DVT" modality="FACTUAL" polarity="POS" type="PROBLEM" />
<EVENT id="E81" start="2566" end="2573" text="heparin" modality="FACTUAL" polarity="POS" type="TREATMENT" />
<EVENT id="E82" start="2586" end="2591" text="clots" modality="FACTUAL" polarity="POS" type="PROBLEM" />
<EVENT id="E83" start="2595" end="2599" text="LENI" modality="FACTUAL" polarity="POS" type="TREATMENT" />
<EVENT id="E84" start="2602" end="2605" text="CTA" modality="FACTUAL" polarity="POS" type="TEST" />
<EVENT id="E135" start="2614" end="2616" text="PE" modality="FACTUAL" polarity="NEG" type="PROBLEM" />
<EVENT id="E85" start="2619" end="2634" text="Anticoagulaiton" modality="FACTUAL" polarity="POS" type="TREATMENT" />
<EVENT id="E86" start="2647" end="2657" text="hemothorax" modality="FACTUAL" polarity="POS" type="PROBLEM" />
<EVENT id="E87" start="2681" end="2689" text="coumadin" modality="FACTUAL" polarity="POS" type="TREATMENT" />
<EVENT id="E94" start="2702" end="2712" text="discharged" modality="FACTUAL" polarity="POS" type="OCCURRENCE" />
<EVENT id="E136" start="2720" end="2728" text="coumadin" modality="FACTUAL" polarity="POS" type="TREATMENT" />
<EVENT id="E88" start="2738" end="2749" text="Lung Cancer" modality="FACTUAL" polarity="POS" type="PROBLEM" />
<EVENT id="E89" start="2790" end="2797" text="disease" modality="FACTUAL" polarity="NEG" type="PROBLEM" />
<EVENT id="E90" start="2804" end="2825" text="neoadjuvant chemo/XRT" modality="FACTUAL" polarity="POS" type="TREATMENT" />
<EVENT id="E91" start="2834" end="2841" text="surgery" modality="FACTUAL" polarity="POS" type="TREATMENT" />
<EVENT id="E92" start="2844" end="2856" text="1st cytology" modality="FACTUAL" polarity="POS" type="TEST" />
<EVENT id="E98" start="285" end="292" text="radiate" modality="FACTUAL" polarity="NEG" type="PROBLEM" />
<EVENT id="E137" start="2868" end="2880" text="2ng cytology" modality="FACTUAL" polarity="POS" type="TEST" />
<EVENT id="E138" start="2896" end="2905" text="follow up" modality="PROPOSED" polarity="POS" type="OCCURRENCE" />
<EVENT id="E95" start="29" end="38" text="Discharge" modality="FACTUAL" polarity="POS" type="OCCURRENCE" />
<EVENT id="E99" start="298" end="305" text="reports" modality="FACTUAL" polarity="POS" type="EVIDENTIAL" />
<EVENT id="E6" start="311" end="319" text="the pain" modality="FACTUAL" polarity="POS" type="PROBLEM" />
<EVENT id="E7" start="335" end="347" text="his prior MI" modality="FACTUAL" polarity="POS" type="PROBLEM" />
<EVENT id="E8" start="366" end="385" text="shortness of breath" modality="FACTUAL" polarity="POS" type="PROBLEM" />
<EVENT id="E100" start="391" end="401" text="the Amanda" modality="FACTUAL" polarity="POS" type="CLINICAL_DEPT" />
<EVENT id="E9" start="402" end="419" text="the patients pain" modality="FACTUAL" polarity="POS" type="PROBLEM" />
<EVENT id="E10" start="434" end="437" text="NTG" modality="FACTUAL" polarity="POS" type="TREATMENT" />
<EVENT id="E11" start="442" end="450" text="morphine" modality="FACTUAL" polarity="POS" type="TREATMENT" />
<EVENT id="E12" start="466" end="469" text="ASA" modality="FACTUAL" polarity="POS" type="TREATMENT" />
<EVENT id="E13" start="474" end="482" text="bblocker" modality="FACTUAL" polarity="POS" type="TREATMENT" />
<EVENT id="E101" start="496" end="509" text="my evaluation" modality="FACTUAL" polarity="POS" type="TEST" />
<EVENT id="E102" start="524" end="530" text="denied" modality="FACTUAL" polarity="POS" type="EVIDENTIAL" />
<EVENT id="E103" start="531" end="537" text="nausea" modality="FACTUAL" polarity="NEG" type="PROBLEM" />
<EVENT id="E104" start="540" end="549" text="vomitting" modality="FACTUAL" polarity="NEG" type="PROBLEM" />
<EVENT id="E105" start="552" end="566" text="abdominal pain" modality="FACTUAL" polarity="NEG" type="PROBLEM" />
<EVENT id="E106" start="569" end="576" text="dysuria" modality="FACTUAL" polarity="NEG" type="PROBLEM" />
<EVENT id="E107" start="579" end="588" text="dizziness" modality="FACTUAL" polarity="NEG" type="PROBLEM" />
<EVENT id="E108" start="591" end="617" text="changes in vision /hearing" modality="FACTUAL" polarity="NEG" type="PROBLEM" />
<EVENT id="E14" start="659" end="670" text="lung cancer" modality="FACTUAL" polarity="POS" type="PROBLEM" />
<EVENT id="E15" start="673" end="676" text="DVT" modality="FACTUAL" polarity="POS" type="PROBLEM" />
<EVENT id="E16" start="679" end="682" text="CAD" modality="FACTUAL" polarity="POS" type="PROBLEM" />
<EVENT id="E17" start="687" end="689" text="MI" modality="FACTUAL" polarity="POS" type="PROBLEM" />
<EVENT id="E109" start="690" end="698" text="presents" modality="FACTUAL" polarity="POS" type="EVIDENTIAL" />
<EVENT id="E18" start="704" end="714" text="chest pain" modality="FACTUAL" polarity="POS" type="PROBLEM" />
<EVENT id="E19" start="715" end="734" text="shortness of breath" modality="FACTUAL" polarity="POS" type="PROBLEM" />
<EVENT id="E20" start="739" end="749" text="Chest Pain" modality="FACTUAL" polarity="POS" type="PROBLEM" />
<EVENT id="E21" start="752" end="760" text="Ischemia" modality="FACTUAL" polarity="POS" type="PROBLEM" />
<EVENT id="E22" start="787" end="790" text="CAD" modality="FACTUAL" polarity="POS" type="PROBLEM" />
<EVENT id="E23" start="795" end="797" text="MI" modality="FACTUAL" polarity="POS" type="PROBLEM" />
<EVENT id="E24" start="823" end="827" text="pain" modality="FACTUAL" polarity="POS" type="PROBLEM" />
<EVENT id="E25" start="844" end="866" text="his anginal equivalent" modality="FACTUAL" polarity="POS" type="PROBLEM" />
<EVENT id="E26" start="872" end="879" text="changes" modality="FACTUAL" polarity="NEG" type="PROBLEM" />
<EVENT id="E27" start="883" end="886" text="EKG" modality="FACTUAL" polarity="POS" type="TEST" />
<EVENT id="E28" start="898" end="902" text="pain" modality="FACTUAL" polarity="NEG" type="PROBLEM" />
<EVENT id="E110" start="914" end="917" text="EKG" modality="FACTUAL" polarity="POS" type="TEST" />
<EVENT id="E29" start="945" end="952" text="enzymes" modality="FACTUAL" polarity="POS" type="TEST" />
<EVENT id="E30" start="967" end="980" text="a stress test" modality="FACTUAL" polarity="POS" type="TEST" />
<EVENT id="E111" start="987" end="995" text="revealed" modality="FACTUAL" polarity="POS" type="EVIDENTIAL" />
<EVENT id="E31" start="996" end="1019" text="an irreversible deficit" modality="FACTUAL" polarity="POS" type="PROBLEM" />
<TIMEX3 id="T0" start="152" end="157" text="1 day" type="DURATION" val="P1D" mod="NA" />
<TIMEX3 id="T5" start="1685" end="1702" text="the past few days" type="DURATION" val="P3D" mod="APPROX" />
<TIMEX3 id="T6" start="1791" end="1801" text="2015-07-01" type="DATE" val="2015-07-01" mod="NA" />
<TIMEX3 id="T1" start="18" end="28" text="2015-06-29" type="DATE" val="2015-06-29" mod="NA" />
<TIMEX3 id="T3" start="1919" end="1924" text="07-02" type="DATE" val="2015-07-02" mod="NA" />
<TIMEX3 id="T4" start="214" end="223" text="the night" type="DATE" val="2015-06-28" mod="END" />
<TIMEX3 id="T7" start="2729" end="2733" text="qday" type="FREQUENCY" val="RPT24H" mod="NA" />
<TIMEX3 id="T2" start="46" end="56" text="2015-07-09" type="DATE" val="2015-07-09" mod="NA" />
<SECTIME id="S0" start="18" end="28" text="2015-06-29" type="ADMISSION" dvalue="2015-06-29" />
<SECTIME id="S1" start="46" end="56" text="2015-07-09" type="DISCHARGE" dvalue="2015-07-09" />
<TLINK id="SECTIME0" fromID="T1" fromText="2015-06-29" toID="E1" toText="lung cancer" type="AFTER" />
<TLINK id="SECTIME1" fromID="T1" fromText="2015-06-29" toID="E2" toText="DVT" type="AFTER" />
<TLINK id="SECTIME2" fromID="T1" fromText="2015-06-29" toID="E96" toText="presents" type="OVERLAP" />
<TLINK id="SECTIME3" fromID="T1" fromText="2015-06-29" toID="E3" toText="substernal chest pain" type="AFTER" />
<TLINK id="SECTIME4" fromID="T1" fromText="2015-06-29" toID="E4" toText="chest pain" type="AFTER" />
<TLINK id="SECTIME5" fromID="T1" fromText="2015-06-29" toID="E97" toText="admission" type="OVERLAP" />
<TLINK id="SECTIME6" fromID="T1" fromText="2015-06-29" toID="E5" toText="The pain" type="AFTER" />
<TLINK id="SECTIME7" fromID="T1" fromText="2015-06-29" toID="E98" toText="radiate" type="OVERLAP" />
<TLINK id="SECTIME8" fromID="T1" fromText="2015-06-29" toID="E99" toText="reports" type="OVERLAP" />
<TLINK id="SECTIME9" fromID="T1" fromText="2015-06-29" toID="E6" toText="the pain" type="AFTER" />
<TLINK id="SECTIME10" fromID="T1" fromText="2015-06-29" toID="E7" toText="his prior MI" type="AFTER" />
<TLINK id="SECTIME11" fromID="T1" fromText="2015-06-29" toID="E8" toText="shortness of breath" type="AFTER" />
<TLINK id="SECTIME12" fromID="T1" fromText="2015-06-29" toID="E100" toText="the Amanda" type="AFTER" />
<TLINK id="SECTIME13" fromID="T1" fromText="2015-06-29" toID="E9" toText="the patients pain" type="AFTER" />
<TLINK id="SECTIME14" fromID="T1" fromText="2015-06-29" toID="E10" toText="NTG" type="AFTER" />
<TLINK id="SECTIME15" fromID="T1" fromText="2015-06-29" toID="E11" toText="morphine" type="AFTER" />
<TLINK id="SECTIME16" fromID="T1" fromText="2015-06-29" toID="E12" toText="ASA" type="AFTER" />
<TLINK id="SECTIME17" fromID="T1" fromText="2015-06-29" toID="E13" toText="bblocker" type="AFTER" />
<TLINK id="SECTIME18" fromID="T1" fromText="2015-06-29" toID="E101" toText="my evaluation" type="OVERLAP" />
<TLINK id="SECTIME19" fromID="T1" fromText="2015-06-29" toID="E102" toText="denied" type="OVERLAP" />
<TLINK id="SECTIME20" fromID="T1" fromText="2015-06-29" toID="E103" toText="nausea" type="AFTER" />
<TLINK id="SECTIME21" fromID="T1" fromText="2015-06-29" toID="E104" toText="vomitting" type="AFTER" />
<TLINK id="SECTIME22" fromID="T1" fromText="2015-06-29" toID="E105" toText="abdominal pain" type="AFTER" />
<TLINK id="SECTIME23" fromID="T1" fromText="2015-06-29" toID="E106" toText="dysuria" type="AFTER" />
<TLINK id="SECTIME24" fromID="T1" fromText="2015-06-29" toID="E107" toText="dizziness" type="AFTER" />
<TLINK id="SECTIME25" fromID="T1" fromText="2015-06-29" toID="E108" toText="changes in vision /hearing" type="AFTER" />
<TLINK id="TL0" fromID="T1" fromText="2015-06-29" toID="T4" toText="the night" type="AFTER" />
<TLINK id="SECTIME26" fromID="T2" fromText="2015-07-09" toID="E14" toText="lung cancer" type="AFTER" />
<TLINK id="SECTIME27" fromID="T2" fromText="2015-07-09" toID="E15" toText="DVT" type="AFTER" />
<TLINK id="SECTIME28" fromID="T2" fromText="2015-07-09" toID="E16" toText="CAD" type="AFTER" />
<TLINK id="SECTIME29" fromID="T2" fromText="2015-07-09" toID="E17" toText="MI" type="AFTER" />
<TLINK id="SECTIME30" fromID="T2" fromText="2015-07-09" toID="E109" toText="presents" type="AFTER" />
<TLINK id="SECTIME31" fromID="T2" fromText="2015-07-09" toID="E18" toText="chest pain" type="AFTER" />
<TLINK id="SECTIME32" fromID="T2" fromText="2015-07-09" toID="E19" toText="shortness of breath" type="AFTER" />
<TLINK id="SECTIME33" fromID="T2" fromText="2015-07-09" toID="E20" toText="Chest Pain" type="AFTER" />
<TLINK id="SECTIME34" fromID="T2" fromText="2015-07-09" toID="E21" toText="Ischemia" type="AFTER" />
<TLINK id="SECTIME35" fromID="T2" fromText="2015-07-09" toID="E22" toText="CAD" type="AFTER" />
<TLINK id="SECTIME36" fromID="T2" fromText="2015-07-09" toID="E23" toText="MI" type="AFTER" />
<TLINK id="SECTIME37" fromID="T2" fromText="2015-07-09" toID="E24" toText="pain" type="AFTER" />
<TLINK id="SECTIME38" fromID="T2" fromText="2015-07-09" toID="E25" toText="his anginal equivalent" type="AFTER" />
<TLINK id="SECTIME39" fromID="T2" fromText="2015-07-09" toID="E26" toText="changes" type="AFTER" />
<TLINK id="SECTIME40" fromID="T2" fromText="2015-07-09" toID="E27" toText="EKG" type="AFTER" />
<TLINK id="SECTIME41" fromID="T2" fromText="2015-07-09" toID="E28" toText="pain" type="AFTER" />
<TLINK id="SECTIME42" fromID="T2" fromText="2015-07-09" toID="E110" toText="EKG" type="AFTER" />
<TLINK id="SECTIME43" fromID="T2" fromText="2015-07-09" toID="E29" toText="enzymes" type="AFTER" />
<TLINK id="SECTIME44" fromID="T2" fromText="2015-07-09" toID="E30" toText="a stress test" type="AFTER" />
<TLINK id="SECTIME45" fromID="T2" fromText="2015-07-09" toID="E111" toText="revealed" type="AFTER" />
<TLINK id="SECTIME46" fromID="T2" fromText="2015-07-09" toID="E31" toText="an irreversible deficit" type="AFTER" />
<TLINK id="SECTIME47" fromID="T2" fromText="2015-07-09" toID="E32" toText="his prior known IMI" type="AFTER" />
<TLINK id="SECTIME48" fromID="T2" fromText="2015-07-09" toID="E33" toText="asa" type="AFTER" />
<TLINK id="SECTIME49" fromID="T2" fromText="2015-07-09" toID="E34" toText="bblocker" type="AFTER" />
<TLINK id="SECTIME50" fromID="T2" fromText="2015-07-09" toID="E35" toText="Hicks" type="AFTER" />
<TLINK id="SECTIME51" fromID="T2" fromText="2015-07-09" toID="E36" toText="statin" type="AFTER" />
<TLINK id="SECTIME52" fromID="T2" fromText="2015-07-09" toID="E37" toText="plavix" type="AFTER" />
<TLINK id="SECTIME53" fromID="T2" fromText="2015-07-09" toID="E38" toText="BP meds" type="AFTER" />
<TLINK id="SECTIME54" fromID="T2" fromText="2015-07-09" toID="E39" toText="unstable" type="AFTER" />
<TLINK id="SECTIME55" fromID="T2" fromText="2015-07-09" toID="E40" toText="ASA" type="AFTER" />
<TLINK id="SECTIME56" fromID="T2" fromText="2015-07-09" toID="E41" toText="plavix" type="AFTER" />
<TLINK id="SECTIME57" fromID="T2" fromText="2015-07-09" toID="E42" toText="hemothorax" type="AFTER" />
<TLINK id="SECTIME58" fromID="T2" fromText="2015-07-09" toID="E43" toText="CHF" type="AFTER" />
<TLINK id="SECTIME59" fromID="T2" fromText="2015-07-09" toID="E112" toText="volume overloaded" type="AFTER" />
<TLINK id="SECTIME60" fromID="T2" fromText="2015-07-09" toID="E44" toText="JVD" type="AFTER" />
<TLINK id="SECTIME61" fromID="T2" fromText="2015-07-09" toID="E45" toText="edema in legs" type="AFTER" />
<TLINK id="SECTIME62" fromID="T2" fromText="2015-07-09" toID="E46" toText="swelling" type="AFTER" />
<TLINK id="SECTIME63" fromID="T2" fromText="2015-07-09" toID="E47" toText="DVT" type="AFTER" />
<TLINK id="SECTIME64" fromID="T2" fromText="2015-07-09" toID="E48" toText="Last Echo" type="AFTER" />
<TLINK id="SECTIME65" fromID="T2" fromText="2015-07-09" toID="E49" toText="EF" type="AFTER" />
<TLINK id="SECTIME66" fromID="T2" fromText="2015-07-09" toID="E113" toText="increased effusion" type="AFTER" />
<TLINK id="SECTIME67" fromID="T2" fromText="2015-07-09" toID="E50" toText="lasix" type="AFTER" />
<TLINK id="SECTIME68" fromID="T2" fromText="2015-07-09" toID="E51" toText="bblocker" type="AFTER" />
<TLINK id="SECTIME69" fromID="T2" fromText="2015-07-09" toID="E52" toText="BP meds" type="AFTER" />
<TLINK id="SECTIME70" fromID="T2" fromText="2015-07-09" toID="E53" toText="unstable" type="AFTER" />
<TLINK id="SECTIME71" fromID="T2" fromText="2015-07-09" toID="E54" toText="Afib" type="AFTER" />
<TLINK id="SECTIME72" fromID="T2" fromText="2015-07-09" toID="E93" toText="admission" type="AFTER" />
<TLINK id="SECTIME73" fromID="T2" fromText="2015-07-09" toID="E55" toText="Patients anticoag" type="AFTER" />
<TLINK id="SECTIME74" fromID="T2" fromText="2015-07-09" toID="E56" toText="hemothorax" type="AFTER" />
<TLINK id="SECTIME75" fromID="T2" fromText="2015-07-09" toID="E57" toText="Shortness of Breath" type="AFTER" />
<TLINK id="SECTIME76" fromID="T2" fromText="2015-07-09" toID="E58" toText="loculated Effusion" type="AFTER" />
<TLINK id="SECTIME77" fromID="T2" fromText="2015-07-09" toID="E59" toText="increaing loculated pleural effusion" type="AFTER" />
<TLINK id="SECTIME78" fromID="T2" fromText="2015-07-09" toID="E60" toText="chronic shortness of breath" type="AFTER" />
<TLINK id="SECTIME79" fromID="T2" fromText="2015-07-09" toID="E114" toText="worsened" type="AFTER" />
<TLINK id="SECTIME80" fromID="T2" fromText="2015-07-09" toID="E116" toText="infeciton" type="AFTER" />
<TLINK id="SECTIME81" fromID="T2" fromText="2015-07-09" toID="E61" toText="thoracentesis" type="AFTER" />
<TLINK id="SECTIME82" fromID="T2" fromText="2015-07-09" toID="E117" toText="revealing" type="AFTER" />
<TLINK id="SECTIME83" fromID="T2" fromText="2015-07-09" toID="E62" toText="serous exudative fluid" type="AFTER" />
<TLINK id="SECTIME84" fromID="T2" fromText="2015-07-09" toID="E118" toText="improved breathing" type="AFTER" />
<TLINK id="SECTIME85" fromID="T2" fromText="2015-07-09" toID="E63" toText="Cytology" type="AFTER" />
<TLINK id="SECTIME86" fromID="T2" fromText="2015-07-09" toID="E64" toText="Hct" type="AFTER" />
<TLINK id="SECTIME87" fromID="T2" fromText="2015-07-09" toID="E119" toText="dropped" type="AFTER" />
<TLINK id="SECTIME88" fromID="T2" fromText="2015-07-09" toID="E65" toText="CT" type="AFTER" />
<TLINK id="SECTIME89" fromID="T2" fromText="2015-07-09" toID="E120" toText="revealed" type="AFTER" />
<TLINK id="SECTIME90" fromID="T2" fromText="2015-07-09" toID="E66" toText="hemothorax" type="AFTER" />
<TLINK id="SECTIME91" fromID="T2" fromText="2015-07-09" toID="E67" toText="All anticoagulation" type="AFTER" />
<TLINK id="SECTIME92" fromID="T2" fromText="2015-07-09" toID="E121" toText="DVT" type="AFTER" />
<TLINK id="SECTIME93" fromID="T2" fromText="2015-07-09" toID="E122" toText="afib" type="AFTER" />
<TLINK id="SECTIME94" fromID="T2" fromText="2015-07-09" toID="E123" toText="discussed" type="AFTER" />
<TLINK id="SECTIME95" fromID="T2" fromText="2015-07-09" toID="E124" toText="Thoracics consulted" type="AFTER" />
<TLINK id="SECTIME96" fromID="T2" fromText="2015-07-09" toID="E68" toText="chest tube" type="AFTER" />
<TLINK id="SECTIME97" fromID="T2" fromText="2015-07-09" toID="E69" toText="Frank blood" type="AFTER" />
<TLINK id="SECTIME98" fromID="T2" fromText="2015-07-09" toID="E125" toText="continued to bleed" type="AFTER" />
<TLINK id="SECTIME99" fromID="T2" fromText="2015-07-09" toID="E70" toText="the tube" type="AFTER" />
<TLINK id="SECTIME100" fromID="T2" fromText="2015-07-09" toID="E126" toText="CMED" type="AFTER" />
<TLINK id="SECTIME101" fromID="T2" fromText="2015-07-09" toID="E71" toText="observation" type="AFTER" />
<TLINK id="SECTIME102" fromID="T2" fromText="2015-07-09" toID="E72" toText="Hct" type="AFTER" />
<TLINK id="SECTIME103" fromID="T2" fromText="2015-07-09" toID="E127" toText="continued to drop" type="AFTER" />
<TLINK id="SECTIME104" fromID="T2" fromText="2015-07-09" toID="E128" toText="stablized" type="AFTER" />
<TLINK id="SECTIME105" fromID="T2" fromText="2015-07-09" toID="E129" toText="output" type="AFTER" />
<TLINK id="SECTIME106" fromID="T2" fromText="2015-07-09" toID="E73" toText="CT" type="AFTER" />
<TLINK id="SECTIME107" fromID="T2" fromText="2015-07-09" toID="E130" toText="serous" type="AFTER" />
<TLINK id="SECTIME108" fromID="T2" fromText="2015-07-09" toID="E74" toText="Output" type="AFTER" />
<TLINK id="SECTIME109" fromID="T2" fromText="2015-07-09" toID="E75" toText="cytology" type="AFTER" />
<TLINK id="SECTIME110" fromID="T2" fromText="2015-07-09" toID="E131" toText="discharge" type="OVERLAP" />
<TLINK id="SECTIME111" fromID="T2" fromText="2015-07-09" toID="E132" toText="output" type="AFTER" />
<TLINK id="SECTIME112" fromID="T2" fromText="2015-07-09" toID="E76" toText="the tube" type="AFTER" />
<TLINK id="SECTIME113" fromID="T2" fromText="2015-07-09" toID="E133" toText="removed" type="AFTER" />
<TLINK id="SECTIME114" fromID="T2" fromText="2015-07-09" toID="E77" toText="serial CXR" type="AFTER" />
<TLINK id="SECTIME115" fromID="T2" fromText="2015-07-09" toID="E78" toText="reaccumulation" type="AFTER" />
<TLINK id="SECTIME116" fromID="T2" fromText="2015-07-09" toID="E79" toText="Hct" type="AFTER" />
<TLINK id="SECTIME117" fromID="T2" fromText="2015-07-09" toID="E134" toText="remained stable" type="AFTER" />
<TLINK id="SECTIME118" fromID="T2" fromText="2015-07-09" toID="E80" toText="DVT" type="AFTER" />
<TLINK id="SECTIME119" fromID="T2" fromText="2015-07-09" toID="E81" toText="heparin" type="AFTER" />
<TLINK id="SECTIME120" fromID="T2" fromText="2015-07-09" toID="E82" toText="clots" type="AFTER" />
<TLINK id="SECTIME121" fromID="T2" fromText="2015-07-09" toID="E83" toText="LENI" type="AFTER" />
<TLINK id="SECTIME122" fromID="T2" fromText="2015-07-09" toID="E84" toText="CTA" type="AFTER" />
<TLINK id="SECTIME123" fromID="T2" fromText="2015-07-09" toID="E135" toText="PE" type="AFTER" />
<TLINK id="SECTIME124" fromID="T2" fromText="2015-07-09" toID="E85" toText="Anticoagulaiton" type="AFTER" />
<TLINK id="SECTIME125" fromID="T2" fromText="2015-07-09" toID="E86" toText="hemothorax" type="AFTER" />
<TLINK id="SECTIME126" fromID="T2" fromText="2015-07-09" toID="E87" toText="coumadin" type="AFTER" />
<TLINK id="SECTIME127" fromID="T2" fromText="2015-07-09" toID="E94" toText="discharged" type="OVERLAP" />
<TLINK id="SECTIME128" fromID="T2" fromText="2015-07-09" toID="E136" toText="coumadin" type="AFTER" />
<TLINK id="SECTIME129" fromID="T2" fromText="2015-07-09" toID="E88" toText="Lung Cancer" type="AFTER" />
<TLINK id="SECTIME130" fromID="T2" fromText="2015-07-09" toID="E89" toText="disease" type="AFTER" />
<TLINK id="SECTIME131" fromID="T2" fromText="2015-07-09" toID="E90" toText="neoadjuvant chemo/XRT" type="AFTER" />
<TLINK id="SECTIME132" fromID="T2" fromText="2015-07-09" toID="E91" toText="surgery" type="AFTER" />
<TLINK id="SECTIME133" fromID="T2" fromText="2015-07-09" toID="E92" toText="1st cytology" type="AFTER" />
<TLINK id="SECTIME134" fromID="T2" fromText="2015-07-09" toID="E137" toText="2ng cytology" type="AFTER" />
<TLINK id="SECTIME135" fromID="T2" fromText="2015-07-09" toID="E138" toText="follow up" type="BEFORE" />
<TLINK id="TL1" fromID="T2" fromText="2015-07-09" toID="T6" toText="2015-07-01" type="AFTER" />
<TLINK id="TL2" fromID="T2" fromText="2015-07-09" toID="T3" toText="07-02" type="AFTER" />
<TLINK id="TL3" fromID="E3" fromText="substernal chest pain" toID="E4" toText="chest pain" type="OVERLAP" />
<TLINK id="TL4" fromID="E4" fromText="chest pain" toID="E3" toText="substernal chest pain" type="OVERLAP" />
<TLINK id="TL5" fromID="E4" fromText="chest pain" toID="E5" toText="The pain" type="OVERLAP" />
<TLINK id="TL6" fromID="E4" fromText="chest pain" toID="E98" toText="radiate" type="OVERLAP" />
<TLINK id="TL7" fromID="E5" fromText="The pain" toID="E4" toText="chest pain" type="OVERLAP" />
<TLINK id="TL8" fromID="E5" fromText="The pain" toID="E6" toText="the pain" type="OVERLAP" />
<TLINK id="TL9" fromID="E5" fromText="The pain" toID="E7" toText="his prior MI" type="OVERLAP" />
<TLINK id="TL10" fromID="E98" fromText="radiate" toID="E4" toText="chest pain" type="OVERLAP" />
<TLINK id="TL11" fromID="E98" fromText="radiate" toID="E6" toText="the pain" type="OVERLAP" />
<TLINK id="TL12" fromID="E98" fromText="radiate" toID="E7" toText="his prior MI" type="OVERLAP" />
<TLINK id="TL13" fromID="E6" fromText="the pain" toID="E5" toText="The pain" type="OVERLAP" />
<TLINK id="TL14" fromID="E16" fromText="CAD" toID="E22" toText="CAD" type="OVERLAP" />
<TLINK id="TL15" fromID="E17" fromText="MI" toID="E23" toText="MI" type="OVERLAP" />
<TLINK id="TL16" fromID="E18" fromText="chest pain" toID="E20" toText="Chest Pain" type="OVERLAP" />
<TLINK id="TL17" fromID="E20" fromText="Chest Pain" toID="E18" toText="chest pain" type="OVERLAP" />
<TLINK id="TL18" fromID="E20" fromText="Chest Pain" toID="E24" toText="pain" type="OVERLAP" />
<TLINK id="TL19" fromID="E20" fromText="Chest Pain" toID="E25" toText="his anginal equivalent" type="OVERLAP" />
<TLINK id="TL20" fromID="E21" fromText="Ischemia" toID="E24" toText="pain" type="OVERLAP" />
<TLINK id="TL21" fromID="E21" fromText="Ischemia" toID="E25" toText="his anginal equivalent" type="OVERLAP" />
<TLINK id="TL22" fromID="E22" fromText="CAD" toID="E16" toText="CAD" type="OVERLAP" />
<TLINK id="TL23" fromID="E22" fromText="CAD" toID="E24" toText="pain" type="OVERLAP" />
<TLINK id="TL24" fromID="E22" fromText="CAD" toID="E25" toText="his anginal equivalent" type="OVERLAP" />
<TLINK id="TL25" fromID="E23" fromText="MI" toID="E17" toText="MI" type="OVERLAP" />
<TLINK id="TL26" fromID="E23" fromText="MI" toID="E24" toText="pain" type="OVERLAP" />
<TLINK id="TL27" fromID="E23" fromText="MI" toID="E25" toText="his anginal equivalent" type="OVERLAP" />
<TLINK id="TL28" fromID="E24" fromText="pain" toID="E20" toText="Chest Pain" type="OVERLAP" />
<TLINK id="TL29" fromID="E24" fromText="pain" toID="E21" toText="Ischemia" type="OVERLAP" />
<TLINK id="TL30" fromID="E24" fromText="pain" toID="E22" toText="CAD" type="OVERLAP" />
<TLINK id="TL31" fromID="E24" fromText="pain" toID="E23" toText="MI" type="OVERLAP" />
<TLINK id="TL32" fromID="E24" fromText="pain" toID="E26" toText="changes" type="OVERLAP" />
<TLINK id="TL33" fromID="E24" fromText="pain" toID="E27" toText="EKG" type="OVERLAP" />
<TLINK id="TL34" fromID="E24" fromText="pain" toID="E28" toText="pain" type="OVERLAP" />
<TLINK id="TL35" fromID="E24" fromText="pain" toID="E110" toText="EKG" type="OVERLAP" />
<TLINK id="TL36" fromID="E25" fromText="his anginal equivalent" toID="E20" toText="Chest Pain" type="OVERLAP" />
<TLINK id="TL37" fromID="E25" fromText="his anginal equivalent" toID="E21" toText="Ischemia" type="OVERLAP" />
<TLINK id="TL38" fromID="E25" fromText="his anginal equivalent" toID="E22" toText="CAD" type="OVERLAP" />
<TLINK id="TL39" fromID="E25" fromText="his anginal equivalent" toID="E23" toText="MI" type="OVERLAP" />
<TLINK id="TL40" fromID="E25" fromText="his anginal equivalent" toID="E26" toText="changes" type="OVERLAP" />
<TLINK id="TL41" fromID="E25" fromText="his anginal equivalent" toID="E27" toText="EKG" type="OVERLAP" />
<TLINK id="TL42" fromID="E25" fromText="his anginal equivalent" toID="E28" toText="pain" type="OVERLAP" />
<TLINK id="TL43" fromID="E25" fromText="his anginal equivalent" toID="E110" toText="EKG" type="OVERLAP" />
<TLINK id="TL44" fromID="E27" fromText="EKG" toID="E29" toText="enzymes" type="OVERLAP" />
<TLINK id="TL45" fromID="E28" fromText="pain" toID="E24" toText="pain" type="OVERLAP" />
<TLINK id="TL46" fromID="E110" fromText="EKG" toID="E29" toText="enzymes" type="OVERLAP" />
<TLINK id="TL47" fromID="E29" fromText="enzymes" toID="E27" toText="EKG" type="OVERLAP" />
<TLINK id="TL48" fromID="E29" fromText="enzymes" toID="E110" toText="EKG" type="OVERLAP" />
<TLINK id="TL49" fromID="E29" fromText="enzymes" toID="E30" toText="a stress test" type="OVERLAP" />
<TLINK id="TL50" fromID="E30" fromText="a stress test" toID="E29" toText="enzymes" type="OVERLAP" />
<TLINK id="TL51" fromID="E33" fromText="asa" toID="E38" toText="BP meds" type="OVERLAP" />
<TLINK id="TL52" fromID="E43" fromText="CHF" toID="E44" toText="JVD" type="OVERLAP" />
<TLINK id="TL53" fromID="E43" fromText="CHF" toID="E45" toText="edema in legs" type="OVERLAP" />
<TLINK id="TL54" fromID="E43" fromText="CHF" toID="E46" toText="swelling" type="OVERLAP" />
<TLINK id="TL55" fromID="E43" fromText="CHF" toID="E47" toText="DVT" type="OVERLAP" />
<TLINK id="TL56" fromID="E54" fromText="Afib" toID="E56" toText="hemothorax" type="OVERLAP" />
<TLINK id="TL57" fromID="E57" fromText="Shortness of Breath" toID="E60" toText="chronic shortness of breath" type="OVERLAP" />
<TLINK id="TL58" fromID="E60" fromText="chronic shortness of breath" toID="E57" toText="Shortness of Breath" type="OVERLAP" />
<TLINK id="TL59" fromID="E60" fromText="chronic shortness of breath" toID="E116" toText="infeciton" type="OVERLAP" />
<TLINK id="TL60" fromID="E116" fromText="infeciton" toID="E60" toText="chronic shortness of breath" type="OVERLAP" />
<TLINK id="TL61" fromID="E61" fromText="thoracentesis" toID="E118" toText="improved breathing" type="OVERLAP" />
<TLINK id="TL62" fromID="E118" fromText="improved breathing" toID="E63" toText="Cytology" type="OVERLAP" />
<TLINK id="TL63" fromID="E63" fromText="Cytology" toID="E118" toText="improved breathing" type="OVERLAP" />
<TLINK id="TL64" fromID="E63" fromText="Cytology" toID="E64" toText="Hct" type="OVERLAP" />
<TLINK id="TL65" fromID="E64" fromText="Hct" toID="E63" toText="Cytology" type="OVERLAP" />
<TLINK id="TL66" fromID="E64" fromText="Hct" toID="E65" toText="CT" type="OVERLAP" />
<TLINK id="TL67" fromID="E65" fromText="CT" toID="E64" toText="Hct" type="OVERLAP" />
<TLINK id="TL68" fromID="E71" fromText="observation" toID="E129" toText="output" type="OVERLAP" />
<TLINK id="TL69" fromID="E71" fromText="observation" toID="E73" toText="CT" type="OVERLAP" />
<TLINK id="TL70" fromID="E72" fromText="Hct" toID="E129" toText="output" type="OVERLAP" />
<TLINK id="TL71" fromID="E72" fromText="Hct" toID="E73" toText="CT" type="OVERLAP" />
<TLINK id="TL72" fromID="E129" fromText="output" toID="E74" toText="Output" type="OVERLAP" />
<TLINK id="TL73" fromID="E74" fromText="Output" toID="E129" toText="output" type="OVERLAP" />
<TLINK id="TL74" fromID="E74" fromText="Output" toID="E132" toText="output" type="OVERLAP" />
<TLINK id="TL75" fromID="E75" fromText="cytology" toID="E132" toText="output" type="OVERLAP" />
<TLINK id="TL76" fromID="E132" fromText="output" toID="E74" toText="Output" type="OVERLAP" />
<TLINK id="TL77" fromID="E132" fromText="output" toID="E75" toText="cytology" type="OVERLAP" />
<TLINK id="TL78" fromID="E132" fromText="output" toID="E77" toText="serial CXR" type="OVERLAP" />
<TLINK id="TL79" fromID="E77" fromText="serial CXR" toID="E132" toText="output" type="OVERLAP" />
<TLINK id="TL80" fromID="E77" fromText="serial CXR" toID="E79" toText="Hct" type="OVERLAP" />
<TLINK id="TL81" fromID="E79" fromText="Hct" toID="E77" toText="serial CXR" type="OVERLAP" />
<TLINK id="TL82" fromID="E80" fromText="DVT" toID="E82" toText="clots" type="OVERLAP" />
<TLINK id="TL83" fromID="E80" fromText="DVT" toID="E83" toText="LENI" type="OVERLAP" />
<TLINK id="TL84" fromID="E81" fromText="heparin" toID="E83" toText="LENI" type="OVERLAP" />
<TLINK id="TL85" fromID="E82" fromText="clots" toID="E80" toText="DVT" type="OVERLAP" />
<TLINK id="TL86" fromID="E82" fromText="clots" toID="E84" toText="CTA" type="OVERLAP" />
<TLINK id="TL87" fromID="E83" fromText="LENI" toID="E81" toText="heparin" type="OVERLAP" />
<TLINK id="TL88" fromID="E83" fromText="LENI" toID="E84" toText="CTA" type="OVERLAP" />
<TLINK id="TL89" fromID="E88" fromText="Lung Cancer" toID="E90" toText="neoadjuvant chemo/XRT" type="OVERLAP" />
<TLINK id="TL90" fromID="E88" fromText="Lung Cancer" toID="E91" toText="surgery" type="OVERLAP" />
<TLINK id="TL91" fromID="E90" fromText="neoadjuvant chemo/XRT" toID="E92" toText="1st cytology" type="OVERLAP" />
<TLINK id="TL92" fromID="E91" fromText="surgery" toID="E92" toText="1st cytology" type="OVERLAP" />
<TLINK id="TL93" fromID="E92" fromText="1st cytology" toID="E137" toText="2ng cytology" type="OVERLAP" />
<TLINK id="TL94" fromID="E137" fromText="2ng cytology" toID="E92" toText="1st cytology" type="OVERLAP" />
<TLINK id="TL95" fromID="E137" fromText="2ng cytology" toID="E138" toText="follow up" type="BEFORE" />
<TLINK id="SECTIME136" fromID="E0" fromText="Admission" toID="T1" toText="2015-06-29" type="OVERLAP" />
<TLINK id="SECTIME137" fromID="T1" fromText="2015-06-29" toID="E0" toText="Admission" type="OVERLAP" />
<TLINK id="SECTIME138" fromID="T1" fromText="2015-06-29" toID="E95" toText="Discharge" type="BEFORE" />
<TLINK id="SECTIME139" fromID="E95" fromText="Discharge" toID="T1" toText="2015-06-29" type="AFTER" />
<TLINK id="SECTIME140" fromID="E95" fromText="Discharge" toID="T2" toText="2015-07-09" type="OVERLAP" />
<TLINK id="SECTIME141" fromID="T2" fromText="2015-07-09" toID="E95" toText="Discharge" type="OVERLAP" />
<TLINK id="TL96" fromID="E1" fromText="lung cancer" toID="E14" toText="lung cancer" type="OVERLAP" />
<TLINK id="TL97" fromID="E1" fromText="lung cancer" toID="E88" toText="Lung Cancer" type="OVERLAP" />
<TLINK id="TL98" fromID="E2" fromText="DVT" toID="E15" toText="DVT" type="OVERLAP" />
<TLINK id="TL99" fromID="E2" fromText="DVT" toID="E47" toText="DVT" type="OVERLAP" />
<TLINK id="TL100" fromID="E2" fromText="DVT" toID="E80" toText="DVT" type="OVERLAP" />
<TLINK id="TL101" fromID="E3" fromText="substernal chest pain" toID="E4" toText="chest pain" type="OVERLAP" />
<TLINK id="TL102" fromID="E3" fromText="substernal chest pain" toID="E5" toText="The pain" type="OVERLAP" />
<TLINK id="TL103" fromID="E3" fromText="substernal chest pain" toID="E6" toText="the pain" type="OVERLAP" />
<TLINK id="TL104" fromID="E3" fromText="substernal chest pain" toID="E9" toText="the patients pain" type="OVERLAP" />
<TLINK id="TL105" fromID="E3" fromText="substernal chest pain" toID="E18" toText="chest pain" type="OVERLAP" />
<TLINK id="TL106" fromID="E3" fromText="substernal chest pain" toID="E20" toText="Chest Pain" type="OVERLAP" />
<TLINK id="TL107" fromID="E3" fromText="substernal chest pain" toID="E24" toText="pain" type="OVERLAP" />
<TLINK id="TL108" fromID="E3" fromText="substernal chest pain" toID="E28" toText="pain" type="OVERLAP" />
<TLINK id="TL109" fromID="E4" fromText="chest pain" toID="E3" toText="substernal chest pain" type="OVERLAP" />
<TLINK id="TL110" fromID="E4" fromText="chest pain" toID="E5" toText="The pain" type="OVERLAP" />
<TLINK id="TL111" fromID="E4" fromText="chest pain" toID="E6" toText="the pain" type="OVERLAP" />
<TLINK id="TL112" fromID="E4" fromText="chest pain" toID="E9" toText="the patients pain" type="OVERLAP" />
<TLINK id="TL113" fromID="E4" fromText="chest pain" toID="E18" toText="chest pain" type="OVERLAP" />
<TLINK id="TL114" fromID="E4" fromText="chest pain" toID="E20" toText="Chest Pain" type="OVERLAP" />
<TLINK id="TL115" fromID="E4" fromText="chest pain" toID="E24" toText="pain" type="OVERLAP" />
<TLINK id="TL116" fromID="E4" fromText="chest pain" toID="E28" toText="pain" type="OVERLAP" />
<TLINK id="TL117" fromID="E5" fromText="The pain" toID="E3" toText="substernal chest pain" type="OVERLAP" />
<TLINK id="TL118" fromID="E5" fromText="The pain" toID="E4" toText="chest pain" type="OVERLAP" />
<TLINK id="TL119" fromID="E5" fromText="The pain" toID="E6" toText="the pain" type="OVERLAP" />
<TLINK id="TL120" fromID="E5" fromText="The pain" toID="E9" toText="the patients pain" type="OVERLAP" />
<TLINK id="TL121" fromID="E5" fromText="The pain" toID="E18" toText="chest pain" type="OVERLAP" />
<TLINK id="TL122" fromID="E5" fromText="The pain" toID="E20" toText="Chest Pain" type="OVERLAP" />
<TLINK id="TL123" fromID="E5" fromText="The pain" toID="E24" toText="pain" type="OVERLAP" />
<TLINK id="TL124" fromID="E5" fromText="The pain" toID="E28" toText="pain" type="OVERLAP" />
<TLINK id="TL125" fromID="E6" fromText="the pain" toID="E3" toText="substernal chest pain" type="OVERLAP" />
<TLINK id="TL126" fromID="E6" fromText="the pain" toID="E4" toText="chest pain" type="OVERLAP" />
<TLINK id="TL127" fromID="E6" fromText="the pain" toID="E5" toText="The pain" type="OVERLAP" />
<TLINK id="TL128" fromID="E6" fromText="the pain" toID="E9" toText="the patients pain" type="OVERLAP" />
<TLINK id="TL129" fromID="E6" fromText="the pain" toID="E18" toText="chest pain" type="OVERLAP" />
<TLINK id="TL130" fromID="E6" fromText="the pain" toID="E20" toText="Chest Pain" type="OVERLAP" />
<TLINK id="TL131" fromID="E6" fromText="the pain" toID="E24" toText="pain" type="OVERLAP" />
<TLINK id="TL132" fromID="E6" fromText="the pain" toID="E28" toText="pain" type="OVERLAP" />
<TLINK id="TL133" fromID="E7" fromText="his prior MI" toID="E17" toText="MI" type="OVERLAP" />
<TLINK id="TL134" fromID="E7" fromText="his prior MI" toID="E23" toText="MI" type="OVERLAP" />
<TLINK id="TL135" fromID="E7" fromText="his prior MI" toID="E32" toText="his prior known IMI" type="OVERLAP" />
<TLINK id="TL136" fromID="E8" fromText="shortness of breath" toID="E19" toText="shortness of breath" type="OVERLAP" />
<TLINK id="TL137" fromID="E8" fromText="shortness of breath" toID="E57" toText="Shortness of Breath" type="OVERLAP" />
<TLINK id="TL138" fromID="E8" fromText="shortness of breath" toID="E60" toText="chronic shortness of breath" type="OVERLAP" />
<TLINK id="TL139" fromID="E9" fromText="the patients pain" toID="E3" toText="substernal chest pain" type="OVERLAP" />
<TLINK id="TL140" fromID="E9" fromText="the patients pain" toID="E4" toText="chest pain" type="OVERLAP" />
<TLINK id="TL141" fromID="E9" fromText="the patients pain" toID="E5" toText="The pain" type="OVERLAP" />
<TLINK id="TL142" fromID="E9" fromText="the patients pain" toID="E6" toText="the pain" type="OVERLAP" />
<TLINK id="TL143" fromID="E9" fromText="the patients pain" toID="E18" toText="chest pain" type="OVERLAP" />
<TLINK id="TL144" fromID="E9" fromText="the patients pain" toID="E20" toText="Chest Pain" type="OVERLAP" />
<TLINK id="TL145" fromID="E9" fromText="the patients pain" toID="E24" toText="pain" type="OVERLAP" />
<TLINK id="TL146" fromID="E9" fromText="the patients pain" toID="E28" toText="pain" type="OVERLAP" />
<TLINK id="TL147" fromID="E14" fromText="lung cancer" toID="E1" toText="lung cancer" type="OVERLAP" />
<TLINK id="TL148" fromID="E14" fromText="lung cancer" toID="E88" toText="Lung Cancer" type="OVERLAP" />
<TLINK id="TL149" fromID="E15" fromText="DVT" toID="E2" toText="DVT" type="OVERLAP" />
<TLINK id="TL150" fromID="E15" fromText="DVT" toID="E47" toText="DVT" type="OVERLAP" />
<TLINK id="TL151" fromID="E15" fromText="DVT" toID="E80" toText="DVT" type="OVERLAP" />
<TLINK id="TL152" fromID="E16" fromText="CAD" toID="E22" toText="CAD" type="OVERLAP" />
<TLINK id="TL153" fromID="E17" fromText="MI" toID="E7" toText="his prior MI" type="OVERLAP" />
<TLINK id="TL154" fromID="E17" fromText="MI" toID="E23" toText="MI" type="OVERLAP" />
<TLINK id="TL155" fromID="E17" fromText="MI" toID="E32" toText="his prior known IMI" type="OVERLAP" />
<TLINK id="TL156" fromID="E18" fromText="chest pain" toID="E3" toText="substernal chest pain" type="OVERLAP" />
<TLINK id="TL157" fromID="E18" fromText="chest pain" toID="E4" toText="chest pain" type="OVERLAP" />
<TLINK id="TL158" fromID="E18" fromText="chest pain" toID="E5" toText="The pain" type="OVERLAP" />
<TLINK id="TL159" fromID="E18" fromText="chest pain" toID="E6" toText="the pain" type="OVERLAP" />
<TLINK id="TL160" fromID="E18" fromText="chest pain" toID="E9" toText="the patients pain" type="OVERLAP" />
<TLINK id="TL161" fromID="E18" fromText="chest pain" toID="E20" toText="Chest Pain" type="OVERLAP" />
<TLINK id="TL162" fromID="E18" fromText="chest pain" toID="E24" toText="pain" type="OVERLAP" />
<TLINK id="TL163" fromID="E18" fromText="chest pain" toID="E28" toText="pain" type="OVERLAP" />
<TLINK id="TL164" fromID="E19" fromText="shortness of breath" toID="E8" toText="shortness of breath" type="OVERLAP" />
<TLINK id="TL165" fromID="E19" fromText="shortness of breath" toID="E57" toText="Shortness of Breath" type="OVERLAP" />
<TLINK id="TL166" fromID="E19" fromText="shortness of breath" toID="E60" toText="chronic shortness of breath" type="OVERLAP" />
<TLINK id="TL167" fromID="E20" fromText="Chest Pain" toID="E3" toText="substernal chest pain" type="OVERLAP" />
<TLINK id="TL168" fromID="E20" fromText="Chest Pain" toID="E4" toText="chest pain" type="OVERLAP" />
<TLINK id="TL169" fromID="E20" fromText="Chest Pain" toID="E5" toText="The pain" type="OVERLAP" />
<TLINK id="TL170" fromID="E20" fromText="Chest Pain" toID="E6" toText="the pain" type="OVERLAP" />
<TLINK id="TL171" fromID="E20" fromText="Chest Pain" toID="E9" toText="the patients pain" type="OVERLAP" />
<TLINK id="TL172" fromID="E20" fromText="Chest Pain" toID="E18" toText="chest pain" type="OVERLAP" />
<TLINK id="TL173" fromID="E20" fromText="Chest Pain" toID="E24" toText="pain" type="OVERLAP" />
<TLINK id="TL174" fromID="E20" fromText="Chest Pain" toID="E28" toText="pain" type="OVERLAP" />
<TLINK id="TL175" fromID="E22" fromText="CAD" toID="E16" toText="CAD" type="OVERLAP" />
<TLINK id="TL176" fromID="E23" fromText="MI" toID="E7" toText="his prior MI" type="OVERLAP" />
<TLINK id="TL177" fromID="E23" fromText="MI" toID="E17" toText="MI" type="OVERLAP" />
<TLINK id="TL178" fromID="E23" fromText="MI" toID="E32" toText="his prior known IMI" type="OVERLAP" />
<TLINK id="TL179" fromID="E24" fromText="pain" toID="E3" toText="substernal chest pain" type="OVERLAP" />
<TLINK id="TL180" fromID="E24" fromText="pain" toID="E4" toText="chest pain" type="OVERLAP" />
<TLINK id="TL181" fromID="E24" fromText="pain" toID="E5" toText="The pain" type="OVERLAP" />
<TLINK id="TL182" fromID="E24" fromText="pain" toID="E6" toText="the pain" type="OVERLAP" />
<TLINK id="TL183" fromID="E24" fromText="pain" toID="E9" toText="the patients pain" type="OVERLAP" />
<TLINK id="TL184" fromID="E24" fromText="pain" toID="E18" toText="chest pain" type="OVERLAP" />
<TLINK id="TL185" fromID="E24" fromText="pain" toID="E20" toText="Chest Pain" type="OVERLAP" />
<TLINK id="TL186" fromID="E24" fromText="pain" toID="E28" toText="pain" type="OVERLAP" />
<TLINK id="TL187" fromID="E28" fromText="pain" toID="E3" toText="substernal chest pain" type="OVERLAP" />
<TLINK id="TL188" fromID="E28" fromText="pain" toID="E4" toText="chest pain" type="OVERLAP" />
<TLINK id="TL189" fromID="E28" fromText="pain" toID="E5" toText="The pain" type="OVERLAP" />
<TLINK id="TL190" fromID="E28" fromText="pain" toID="E6" toText="the pain" type="OVERLAP" />
<TLINK id="TL191" fromID="E28" fromText="pain" toID="E9" toText="the patients pain" type="OVERLAP" />
<TLINK id="TL192" fromID="E28" fromText="pain" toID="E18" toText="chest pain" type="OVERLAP" />
<TLINK id="TL193" fromID="E28" fromText="pain" toID="E20" toText="Chest Pain" type="OVERLAP" />
<TLINK id="TL194" fromID="E28" fromText="pain" toID="E24" toText="pain" type="OVERLAP" />
<TLINK id="TL195" fromID="E32" fromText="his prior known IMI" toID="E7" toText="his prior MI" type="OVERLAP" />
<TLINK id="TL196" fromID="E32" fromText="his prior known IMI" toID="E17" toText="MI" type="OVERLAP" />
<TLINK id="TL197" fromID="E32" fromText="his prior known IMI" toID="E23" toText="MI" type="OVERLAP" />
<TLINK id="TL198" fromID="E34" fromText="bblocker" toID="E51" toText="bblocker" type="OVERLAP" />
<TLINK id="TL199" fromID="E38" fromText="BP meds" toID="E52" toText="BP meds" type="OVERLAP" />
<TLINK id="TL200" fromID="E39" fromText="unstable" toID="E53" toText="unstable" type="OVERLAP" />
<TLINK id="TL201" fromID="E42" fromText="hemothorax" toID="E56" toText="hemothorax" type="OVERLAP" />
<TLINK id="TL202" fromID="E42" fromText="hemothorax" toID="E66" toText="hemothorax" type="OVERLAP" />
<TLINK id="TL203" fromID="E42" fromText="hemothorax" toID="E86" toText="hemothorax" type="OVERLAP" />
<TLINK id="TL204" fromID="E47" fromText="DVT" toID="E2" toText="DVT" type="OVERLAP" />
<TLINK id="TL205" fromID="E47" fromText="DVT" toID="E15" toText="DVT" type="OVERLAP" />
<TLINK id="TL206" fromID="E47" fromText="DVT" toID="E80" toText="DVT" type="OVERLAP" />
<TLINK id="TL207" fromID="E113" fromText="increased effusion" toID="E58" toText="loculated Effusion" type="OVERLAP" />
<TLINK id="TL208" fromID="E113" fromText="increased effusion" toID="E59" toText="increaing loculated pleural effusion" type="OVERLAP" />
<TLINK id="TL209" fromID="E51" fromText="bblocker" toID="E34" toText="bblocker" type="OVERLAP" />
<TLINK id="TL210" fromID="E52" fromText="BP meds" toID="E38" toText="BP meds" type="OVERLAP" />
<TLINK id="TL211" fromID="E53" fromText="unstable" toID="E39" toText="unstable" type="OVERLAP" />
<TLINK id="TL212" fromID="E55" fromText="Patients anticoag" toID="E67" toText="All anticoagulation" type="OVERLAP" />
<TLINK id="TL213" fromID="E55" fromText="Patients anticoag" toID="E85" toText="Anticoagulaiton" type="OVERLAP" />
<TLINK id="TL214" fromID="E56" fromText="hemothorax" toID="E42" toText="hemothorax" type="OVERLAP" />
<TLINK id="TL215" fromID="E56" fromText="hemothorax" toID="E66" toText="hemothorax" type="OVERLAP" />
<TLINK id="TL216" fromID="E56" fromText="hemothorax" toID="E86" toText="hemothorax" type="OVERLAP" />
<TLINK id="TL217" fromID="E57" fromText="Shortness of Breath" toID="E8" toText="shortness of breath" type="OVERLAP" />
<TLINK id="TL218" fromID="E57" fromText="Shortness of Breath" toID="E19" toText="shortness of breath" type="OVERLAP" />
<TLINK id="TL219" fromID="E57" fromText="Shortness of Breath" toID="E60" toText="chronic shortness of breath" type="OVERLAP" />
<TLINK id="TL220" fromID="E58" fromText="loculated Effusion" toID="E113" toText="increased effusion" type="OVERLAP" />
<TLINK id="TL221" fromID="E59" fromText="increaing loculated pleural effusion" toID="E113" toText="increased effusion" type="OVERLAP" />
<TLINK id="TL222" fromID="E60" fromText="chronic shortness of breath" toID="E8" toText="shortness of breath" type="OVERLAP" />
<TLINK id="TL223" fromID="E60" fromText="chronic shortness of breath" toID="E19" toText="shortness of breath" type="OVERLAP" />
<TLINK id="TL224" fromID="E60" fromText="chronic shortness of breath" toID="E57" toText="Shortness of Breath" type="OVERLAP" />
<TLINK id="TL225" fromID="E66" fromText="hemothorax" toID="E42" toText="hemothorax" type="OVERLAP" />
<TLINK id="TL226" fromID="E66" fromText="hemothorax" toID="E56" toText="hemothorax" type="OVERLAP" />
<TLINK id="TL227" fromID="E66" fromText="hemothorax" toID="E86" toText="hemothorax" type="OVERLAP" />
<TLINK id="TL228" fromID="E67" fromText="All anticoagulation" toID="E55" toText="Patients anticoag" type="OVERLAP" />
<TLINK id="TL229" fromID="E67" fromText="All anticoagulation" toID="E85" toText="Anticoagulaiton" type="OVERLAP" />
<TLINK id="TL230" fromID="E68" fromText="chest tube" toID="E70" toText="the tube" type="OVERLAP" />
<TLINK id="TL231" fromID="E68" fromText="chest tube" toID="E76" toText="the tube" type="OVERLAP" />
<TLINK id="TL232" fromID="E70" fromText="the tube" toID="E68" toText="chest tube" type="OVERLAP" />
<TLINK id="TL233" fromID="E70" fromText="the tube" toID="E76" toText="the tube" type="OVERLAP" />
<TLINK id="TL234" fromID="E129" fromText="output" toID="E74" toText="Output" type="OVERLAP" />
<TLINK id="TL235" fromID="E129" fromText="output" toID="E132" toText="output" type="OVERLAP" />
<TLINK id="TL236" fromID="E74" fromText="Output" toID="E129" toText="output" type="OVERLAP" />
<TLINK id="TL237" fromID="E74" fromText="Output" toID="E132" toText="output" type="OVERLAP" />
<TLINK id="TL238" fromID="E132" fromText="output" toID="E129" toText="output" type="OVERLAP" />
<TLINK id="TL239" fromID="E132" fromText="output" toID="E74" toText="Output" type="OVERLAP" />
<TLINK id="TL240" fromID="E76" fromText="the tube" toID="E68" toText="chest tube" type="OVERLAP" />
<TLINK id="TL241" fromID="E76" fromText="the tube" toID="E70" toText="the tube" type="OVERLAP" />
<TLINK id="TL242" fromID="E80" fromText="DVT" toID="E2" toText="DVT" type="OVERLAP" />
<TLINK id="TL243" fromID="E80" fromText="DVT" toID="E15" toText="DVT" type="OVERLAP" />
<TLINK id="TL244" fromID="E80" fromText="DVT" toID="E47" toText="DVT" type="OVERLAP" />
<TLINK id="TL245" fromID="E85" fromText="Anticoagulaiton" toID="E55" toText="Patients anticoag" type="OVERLAP" />
<TLINK id="TL246" fromID="E85" fromText="Anticoagulaiton" toID="E67" toText="All anticoagulation" type="OVERLAP" />
<TLINK id="TL247" fromID="E86" fromText="hemothorax" toID="E42" toText="hemothorax" type="OVERLAP" />
<TLINK id="TL248" fromID="E86" fromText="hemothorax" toID="E56" toText="hemothorax" type="OVERLAP" />
<TLINK id="TL249" fromID="E86" fromText="hemothorax" toID="E66" toText="hemothorax" type="OVERLAP" />
<TLINK id="TL250" fromID="E88" fromText="Lung Cancer" toID="E1" toText="lung cancer" type="OVERLAP" />
<TLINK id="TL251" fromID="E88" fromText="Lung Cancer" toID="E14" toText="lung cancer" type="OVERLAP" />
<TLINK id="TL252" fromID="E3" fromText="substernal chest pain" toID="E4" toText="chest pain" type="OVERLAP" />
<TLINK id="TL253" fromID="E4" fromText="chest pain" toID="E3" toText="substernal chest pain" type="OVERLAP" />
<TLINK id="TL254" fromID="E5" fromText="The pain" toID="E6" toText="the pain" type="OVERLAP" />
<TLINK id="TL255" fromID="E6" fromText="the pain" toID="E5" toText="The pain" type="OVERLAP" />
<TLINK id="TL256" fromID="E16" fromText="CAD" toID="E22" toText="CAD" type="OVERLAP" />
<TLINK id="TL257" fromID="E17" fromText="MI" toID="E23" toText="MI" type="OVERLAP" />
<TLINK id="TL258" fromID="E18" fromText="chest pain" toID="E20" toText="Chest Pain" type="OVERLAP" />
<TLINK id="TL259" fromID="E20" fromText="Chest Pain" toID="E18" toText="chest pain" type="OVERLAP" />
<TLINK id="TL260" fromID="E22" fromText="CAD" toID="E16" toText="CAD" type="OVERLAP" />
<TLINK id="TL261" fromID="E23" fromText="MI" toID="E17" toText="MI" type="OVERLAP" />
<TLINK id="TL262" fromID="E24" fromText="pain" toID="E28" toText="pain" type="OVERLAP" />
<TLINK id="TL263" fromID="E28" fromText="pain" toID="E24" toText="pain" type="OVERLAP" />
<TLINK id="TL264" fromID="E70" fromText="the tube" toID="E76" toText="the tube" type="OVERLAP" />
<TLINK id="TL265" fromID="E129" fromText="output" toID="E74" toText="Output" type="OVERLAP" />
<TLINK id="TL266" fromID="E129" fromText="output" toID="E132" toText="output" type="OVERLAP" />
<TLINK id="TL267" fromID="E74" fromText="Output" toID="E129" toText="output" type="OVERLAP" />
<TLINK id="TL268" fromID="E74" fromText="Output" toID="E132" toText="output" type="OVERLAP" />
<TLINK id="TL269" fromID="E132" fromText="output" toID="E129" toText="output" type="OVERLAP" />
<TLINK id="TL270" fromID="E132" fromText="output" toID="E74" toText="Output" type="OVERLAP" />
<TLINK id="TL271" fromID="E76" fromText="the tube" toID="E70" toText="the tube" type="OVERLAP" />
<TLINK id="TL272" fromID="E0" fromText="Admission" toID="E97" toText="admission" type="OVERLAP" />
<TLINK id="TL273" fromID="E0" fromText="Admission" toID="E93" toText="admission" type="OVERLAP" />
<TLINK id="TL274" fromID="E95" fromText="Discharge" toID="E131" toText="discharge" type="OVERLAP" />
<TLINK id="TL275" fromID="E95" fromText="Discharge" toID="E94" toText="discharged" type="OVERLAP" />
<TLINK id="TL276" fromID="E97" fromText="admission" toID="E0" toText="Admission" type="OVERLAP" />
<TLINK id="TL277" fromID="E97" fromText="admission" toID="E93" toText="admission" type="OVERLAP" />
<TLINK id="TL278" fromID="E93" fromText="admission" toID="E0" toText="Admission" type="OVERLAP" />
<TLINK id="TL279" fromID="E93" fromText="admission" toID="E97" toText="admission" type="OVERLAP" />
<TLINK id="TL280" fromID="E131" fromText="discharge" toID="E95" toText="Discharge" type="OVERLAP" />
<TLINK id="TL281" fromID="E131" fromText="discharge" toID="E94" toText="discharged" type="OVERLAP" />
<TLINK id="TL282" fromID="E94" fromText="discharged" toID="E95" toText="Discharge" type="OVERLAP" />
<TLINK id="TL283" fromID="E94" fromText="discharged" toID="E131" toText="discharge" type="OVERLAP" />
<TLINK id="TL284" fromID="E1" fromText="lung cancer" toID="E96" toText="presents" type="BEFORE" />
<TLINK id="TL285" fromID="E2" fromText="DVT" toID="E96" toText="presents" type="BEFORE" />
<TLINK id="TL286" fromID="E96" fromText="presents" toID="E1" toText="lung cancer" type="AFTER" />
<TLINK id="TL287" fromID="E96" fromText="presents" toID="E2" toText="DVT" type="AFTER" />
<TLINK id="TL288" fromID="E96" fromText="presents" toID="T0" toText="1 day" type="AFTER" />
<TLINK id="TL289" fromID="E96" fromText="presents" toID="E3" toText="substernal chest pain" type="AFTER" />
<TLINK id="TL290" fromID="T0" fromText="1 day" toID="E96" toText="presents" type="BEFORE" />
<TLINK id="TL291" fromID="T0" fromText="1 day" toID="E3" toText="substernal chest pain" type="OVERLAP" />
<TLINK id="TL292" fromID="E3" fromText="substernal chest pain" toID="E96" toText="presents" type="BEFORE" />
<TLINK id="TL293" fromID="E3" fromText="substernal chest pain" toID="T0" toText="1 day" type="OVERLAP" />
<TLINK id="TL294" fromID="E4" fromText="chest pain" toID="T4" toText="the night" type="AFTER" />
<TLINK id="TL295" fromID="E4" fromText="chest pain" toID="E97" toText="admission" type="BEFORE" />
<TLINK id="TL296" fromID="T4" fromText="the night" toID="E4" toText="chest pain" type="BEFORE" />
<TLINK id="TL297" fromID="T4" fromText="the night" toID="E97" toText="admission" type="BEFORE" />
<TLINK id="TL298" fromID="E97" fromText="admission" toID="E4" toText="chest pain" type="AFTER" />
<TLINK id="TL299" fromID="E97" fromText="admission" toID="T4" toText="the night" type="AFTER" />
<TLINK id="TL300" fromID="E99" fromText="reports" toID="E6" toText="the pain" type="AFTER" />
<TLINK id="TL301" fromID="E99" fromText="reports" toID="E7" toText="his prior MI" type="AFTER" />
<TLINK id="TL302" fromID="E6" fromText="the pain" toID="E99" toText="reports" type="BEFORE" />
<TLINK id="TL303" fromID="E6" fromText="the pain" toID="E7" toText="his prior MI" type="OVERLAP" />
<TLINK id="TL304" fromID="E7" fromText="his prior MI" toID="E99" toText="reports" type="BEFORE" />
<TLINK id="TL305" fromID="E7" fromText="his prior MI" toID="E6" toText="the pain" type="OVERLAP" />
<TLINK id="TL306" fromID="E100" fromText="the Amanda" toID="E9" toText="the patients pain" type="BEFORE" />
<TLINK id="TL307" fromID="E100" fromText="the Amanda" toID="E10" toText="NTG" type="BEFORE" />
<TLINK id="TL308" fromID="E100" fromText="the Amanda" toID="E11" toText="morphine" type="OVERLAP" />
<TLINK id="TL309" fromID="E9" fromText="the patients pain" toID="E100" toText="the Amanda" type="AFTER" />
<TLINK id="TL310" fromID="E9" fromText="the patients pain" toID="E10" toText="NTG" type="BEFORE" />
<TLINK id="TL311" fromID="E9" fromText="the patients pain" toID="E11" toText="morphine" type="BEFORE" />
<TLINK id="TL312" fromID="E10" fromText="NTG" toID="E100" toText="the Amanda" type="AFTER" />
<TLINK id="TL313" fromID="E10" fromText="NTG" toID="E9" toText="the patients pain" type="AFTER" />
<TLINK id="TL314" fromID="E10" fromText="NTG" toID="E11" toText="morphine" type="OVERLAP" />
<TLINK id="TL315" fromID="E11" fromText="morphine" toID="E100" toText="the Amanda" type="OVERLAP" />
<TLINK id="TL316" fromID="E11" fromText="morphine" toID="E9" toText="the patients pain" type="AFTER" />
<TLINK id="TL317" fromID="E11" fromText="morphine" toID="E10" toText="NTG" type="OVERLAP" />
<TLINK id="TL318" fromID="E12" fromText="ASA" toID="E13" toText="bblocker" type="OVERLAP" />
<TLINK id="TL319" fromID="E13" fromText="bblocker" toID="E12" toText="ASA" type="OVERLAP" />
<TLINK id="TL320" fromID="E101" fromText="my evaluation" toID="E102" toText="denied" type="OVERLAP" />
<TLINK id="TL321" fromID="E101" fromText="my evaluation" toID="E103" toText="nausea" type="AFTER" />
<TLINK id="TL322" fromID="E101" fromText="my evaluation" toID="E104" toText="vomitting" type="AFTER" />
<TLINK id="TL323" fromID="E101" fromText="my evaluation" toID="E105" toText="abdominal pain" type="AFTER" />
<TLINK id="TL324" fromID="E101" fromText="my evaluation" toID="E106" toText="dysuria" type="AFTER" />
<TLINK id="TL325" fromID="E101" fromText="my evaluation" toID="E107" toText="dizziness" type="AFTER" />
<TLINK id="TL326" fromID="E101" fromText="my evaluation" toID="E108" toText="changes in vision /hearing" type="AFTER" />
<TLINK id="TL327" fromID="E102" fromText="denied" toID="E101" toText="my evaluation" type="OVERLAP" />
<TLINK id="TL328" fromID="E102" fromText="denied" toID="E103" toText="nausea" type="AFTER" />
<TLINK id="TL329" fromID="E103" fromText="nausea" toID="E101" toText="my evaluation" type="BEFORE" />
<TLINK id="TL330" fromID="E103" fromText="nausea" toID="E102" toText="denied" type="BEFORE" />
<TLINK id="TL331" fromID="E104" fromText="vomitting" toID="E101" toText="my evaluation" type="BEFORE" />
<TLINK id="TL332" fromID="E105" fromText="abdominal pain" toID="E101" toText="my evaluation" type="BEFORE" />
<TLINK id="TL333" fromID="E106" fromText="dysuria" toID="E101" toText="my evaluation" type="BEFORE" />
<TLINK id="TL334" fromID="E107" fromText="dizziness" toID="E101" toText="my evaluation" type="BEFORE" />
<TLINK id="TL335" fromID="E108" fromText="changes in vision /hearing" toID="E101" toText="my evaluation" type="BEFORE" />
<TLINK id="TL336" fromID="E14" fromText="lung cancer" toID="E109" toText="presents" type="BEFORE" />
<TLINK id="TL337" fromID="E15" fromText="DVT" toID="E109" toText="presents" type="BEFORE" />
<TLINK id="TL338" fromID="E16" fromText="CAD" toID="E109" toText="presents" type="BEFORE" />
<TLINK id="TL339" fromID="E17" fromText="MI" toID="E109" toText="presents" type="BEFORE" />
<TLINK id="TL340" fromID="E17" fromText="MI" toID="E18" toText="chest pain" type="BEFORE" />
<TLINK id="TL341" fromID="E17" fromText="MI" toID="E19" toText="shortness of breath" type="BEFORE" />
<TLINK id="TL342" fromID="E109" fromText="presents" toID="E14" toText="lung cancer" type="AFTER" />
<TLINK id="TL343" fromID="E109" fromText="presents" toID="E15" toText="DVT" type="AFTER" />
<TLINK id="TL344" fromID="E109" fromText="presents" toID="E16" toText="CAD" type="AFTER" />
<TLINK id="TL345" fromID="E109" fromText="presents" toID="E17" toText="MI" type="AFTER" />
<TLINK id="TL346" fromID="E109" fromText="presents" toID="E18" toText="chest pain" type="AFTER" />
<TLINK id="TL347" fromID="E109" fromText="presents" toID="E19" toText="shortness of breath" type="AFTER" />
<TLINK id="TL348" fromID="E18" fromText="chest pain" toID="E17" toText="MI" type="AFTER" />
<TLINK id="TL349" fromID="E18" fromText="chest pain" toID="E109" toText="presents" type="BEFORE" />
<TLINK id="TL350" fromID="E19" fromText="shortness of breath" toID="E17" toText="MI" type="AFTER" />
<TLINK id="TL351" fromID="E19" fromText="shortness of breath" toID="E109" toText="presents" type="BEFORE" />
<TLINK id="TL352" fromID="E20" fromText="Chest Pain" toID="E21" toText="Ischemia" type="OVERLAP" />
<TLINK id="TL353" fromID="E21" fromText="Ischemia" toID="E20" toText="Chest Pain" type="OVERLAP" />
<TLINK id="TL354" fromID="E22" fromText="CAD" toID="E23" toText="MI" type="OVERLAP" />
<TLINK id="TL355" fromID="E23" fromText="MI" toID="E22" toText="CAD" type="OVERLAP" />
<TLINK id="TL356" fromID="E24" fromText="pain" toID="E25" toText="his anginal equivalent" type="OVERLAP" />
<TLINK id="TL357" fromID="E25" fromText="his anginal equivalent" toID="E24" toText="pain" type="OVERLAP" />
<TLINK id="TL358" fromID="E26" fromText="changes" toID="E27" toText="EKG" type="OVERLAP" />
<TLINK id="TL359" fromID="E26" fromText="changes" toID="E28" toText="pain" type="OVERLAP" />
<TLINK id="TL360" fromID="E26" fromText="changes" toID="E110" toText="EKG" type="OVERLAP" />
<TLINK id="TL361" fromID="E27" fromText="EKG" toID="E26" toText="changes" type="OVERLAP" />
<TLINK id="TL362" fromID="E28" fromText="pain" toID="E26" toText="changes" type="OVERLAP" />
<TLINK id="TL363" fromID="E28" fromText="pain" toID="E110" toText="EKG" type="OVERLAP" />
<TLINK id="TL364" fromID="E110" fromText="EKG" toID="E26" toText="changes" type="OVERLAP" />
<TLINK id="TL365" fromID="E110" fromText="EKG" toID="E28" toText="pain" type="OVERLAP" />
<TLINK id="TL366" fromID="E30" fromText="a stress test" toID="E111" toText="revealed" type="OVERLAP" />
<TLINK id="TL367" fromID="E30" fromText="a stress test" toID="E31" toText="an irreversible deficit" type="AFTER" />
<TLINK id="TL368" fromID="E30" fromText="a stress test" toID="E32" toText="his prior known IMI" type="AFTER" />
<TLINK id="TL369" fromID="E111" fromText="revealed" toID="E30" toText="a stress test" type="OVERLAP" />
<TLINK id="TL370" fromID="E111" fromText="revealed" toID="E31" toText="an irreversible deficit" type="AFTER" />
<TLINK id="TL371" fromID="E111" fromText="revealed" toID="E32" toText="his prior known IMI" type="AFTER" />
<TLINK id="TL372" fromID="E31" fromText="an irreversible deficit" toID="E30" toText="a stress test" type="BEFORE" />
<TLINK id="TL373" fromID="E31" fromText="an irreversible deficit" toID="E111" toText="revealed" type="BEFORE" />
<TLINK id="TL374" fromID="E31" fromText="an irreversible deficit" toID="E32" toText="his prior known IMI" type="AFTER" />
<TLINK id="TL375" fromID="E32" fromText="his prior known IMI" toID="E30" toText="a stress test" type="BEFORE" />
<TLINK id="TL376" fromID="E32" fromText="his prior known IMI" toID="E111" toText="revealed" type="BEFORE" />
<TLINK id="TL377" fromID="E32" fromText="his prior known IMI" toID="E31" toText="an irreversible deficit" type="BEFORE" />
<TLINK id="TL378" fromID="E33" fromText="asa" toID="E34" toText="bblocker" type="OVERLAP" />
<TLINK id="TL379" fromID="E33" fromText="asa" toID="E35" toText="Hicks" type="OVERLAP" />
<TLINK id="TL380" fromID="E33" fromText="asa" toID="E36" toText="statin" type="OVERLAP" />
<TLINK id="TL381" fromID="E33" fromText="asa" toID="E37" toText="plavix" type="OVERLAP" />
<TLINK id="TL382" fromID="E34" fromText="bblocker" toID="E33" toText="asa" type="OVERLAP" />
<TLINK id="TL383" fromID="E34" fromText="bblocker" toID="E35" toText="Hicks" type="OVERLAP" />
<TLINK id="TL384" fromID="E34" fromText="bblocker" toID="E36" toText="statin" type="OVERLAP" />
<TLINK id="TL385" fromID="E34" fromText="bblocker" toID="E37" toText="plavix" type="OVERLAP" />
<TLINK id="TL386" fromID="E35" fromText="Hicks" toID="E33" toText="asa" type="OVERLAP" />
<TLINK id="TL387" fromID="E35" fromText="Hicks" toID="E34" toText="bblocker" type="OVERLAP" />
<TLINK id="TL388" fromID="E35" fromText="Hicks" toID="E36" toText="statin" type="OVERLAP" />
<TLINK id="TL389" fromID="E35" fromText="Hicks" toID="E37" toText="plavix" type="OVERLAP" />
<TLINK id="TL390" fromID="E36" fromText="statin" toID="E33" toText="asa" type="OVERLAP" />
<TLINK id="TL391" fromID="E36" fromText="statin" toID="E34" toText="bblocker" type="OVERLAP" />
<TLINK id="TL392" fromID="E36" fromText="statin" toID="E35" toText="Hicks" type="OVERLAP" />
<TLINK id="TL393" fromID="E36" fromText="statin" toID="E37" toText="plavix" type="OVERLAP" />
<TLINK id="TL394" fromID="E37" fromText="plavix" toID="E33" toText="asa" type="OVERLAP" />
<TLINK id="TL395" fromID="E37" fromText="plavix" toID="E34" toText="bblocker" type="OVERLAP" />
<TLINK id="TL396" fromID="E37" fromText="plavix" toID="E35" toText="Hicks" type="OVERLAP" />
<TLINK id="TL397" fromID="E37" fromText="plavix" toID="E36" toText="statin" type="OVERLAP" />
<TLINK id="TL398" fromID="E38" fromText="BP meds" toID="E39" toText="unstable" type="OVERLAP" />
<TLINK id="TL399" fromID="E39" fromText="unstable" toID="E38" toText="BP meds" type="OVERLAP" />
<TLINK id="TL400" fromID="E40" fromText="ASA" toID="E41" toText="plavix" type="OVERLAP" />
<TLINK id="TL401" fromID="E41" fromText="plavix" toID="E40" toText="ASA" type="OVERLAP" />
<TLINK id="TL402" fromID="E41" fromText="plavix" toID="E42" toText="hemothorax" type="OVERLAP" />
<TLINK id="TL403" fromID="E42" fromText="hemothorax" toID="E41" toText="plavix" type="OVERLAP" />
<TLINK id="TL404" fromID="E44" fromText="JVD" toID="E45" toText="edema in legs" type="OVERLAP" />
<TLINK id="TL405" fromID="E44" fromText="JVD" toID="E47" toText="DVT" type="AFTER" />
<TLINK id="TL406" fromID="E45" fromText="edema in legs" toID="E44" toText="JVD" type="OVERLAP" />
<TLINK id="TL407" fromID="E45" fromText="edema in legs" toID="E46" toText="swelling" type="OVERLAP" />
<TLINK id="TL408" fromID="E45" fromText="edema in legs" toID="E47" toText="DVT" type="AFTER" />
<TLINK id="TL409" fromID="E46" fromText="swelling" toID="E45" toText="edema in legs" type="OVERLAP" />
<TLINK id="TL410" fromID="E46" fromText="swelling" toID="E47" toText="DVT" type="AFTER" />
<TLINK id="TL411" fromID="E47" fromText="DVT" toID="E44" toText="JVD" type="BEFORE" />
<TLINK id="TL412" fromID="E47" fromText="DVT" toID="E45" toText="edema in legs" type="BEFORE" />
<TLINK id="TL413" fromID="E47" fromText="DVT" toID="E46" toText="swelling" type="BEFORE" />
<TLINK id="TL414" fromID="E48" fromText="Last Echo" toID="E49" toText="EF" type="OVERLAP" />
<TLINK id="TL415" fromID="E49" fromText="EF" toID="E48" toText="Last Echo" type="OVERLAP" />
<TLINK id="TL416" fromID="E50" fromText="lasix" toID="E51" toText="bblocker" type="OVERLAP" />
<TLINK id="TL417" fromID="E51" fromText="bblocker" toID="E50" toText="lasix" type="OVERLAP" />
<TLINK id="TL418" fromID="E52" fromText="BP meds" toID="E53" toText="unstable" type="OVERLAP" />
<TLINK id="TL419" fromID="E53" fromText="unstable" toID="E52" toText="BP meds" type="OVERLAP" />
<TLINK id="TL420" fromID="E55" fromText="Patients anticoag" toID="E56" toText="hemothorax" type="OVERLAP" />
<TLINK id="TL421" fromID="E56" fromText="hemothorax" toID="E55" toText="Patients anticoag" type="OVERLAP" />
<TLINK id="TL422" fromID="E57" fromText="Shortness of Breath" toID="E58" toText="loculated Effusion" type="OVERLAP" />
<TLINK id="TL423" fromID="E58" fromText="loculated Effusion" toID="E57" toText="Shortness of Breath" type="OVERLAP" />
<TLINK id="TL424" fromID="E60" fromText="chronic shortness of breath" toID="E114" toText="worsened" type="BEFORE" />
<TLINK id="TL425" fromID="E60" fromText="chronic shortness of breath" toID="T5" toText="the past few days" type="OVERLAP" />
<TLINK id="TL426" fromID="E114" fromText="worsened" toID="E60" toText="chronic shortness of breath" type="AFTER" />
<TLINK id="TL427" fromID="E114" fromText="worsened" toID="T5" toText="the past few days" type="OVERLAP" />
<TLINK id="TL428" fromID="T5" fromText="the past few days" toID="E60" toText="chronic shortness of breath" type="OVERLAP" />
<TLINK id="TL429" fromID="T5" fromText="the past few days" toID="E114" toText="worsened" type="OVERLAP" />
<TLINK id="TL430" fromID="E61" fromText="thoracentesis" toID="T6" toText="2015-07-01" type="OVERLAP" />
<TLINK id="TL431" fromID="E61" fromText="thoracentesis" toID="E117" toText="revealing" type="OVERLAP" />
<TLINK id="TL432" fromID="E61" fromText="thoracentesis" toID="E62" toText="serous exudative fluid" type="AFTER" />
<TLINK id="TL433" fromID="T6" fromText="2015-07-01" toID="E61" toText="thoracentesis" type="OVERLAP" />
<TLINK id="TL434" fromID="T6" fromText="2015-07-01" toID="E117" toText="revealing" type="OVERLAP" />
<TLINK id="TL435" fromID="T6" fromText="2015-07-01" toID="E62" toText="serous exudative fluid" type="OVERLAP" />
<TLINK id="TL436" fromID="E117" fromText="revealing" toID="E61" toText="thoracentesis" type="OVERLAP" />
<TLINK id="TL437" fromID="E117" fromText="revealing" toID="T6" toText="2015-07-01" type="OVERLAP" />
<TLINK id="TL438" fromID="E117" fromText="revealing" toID="E62" toText="serous exudative fluid" type="OVERLAP" />
<TLINK id="TL439" fromID="E62" fromText="serous exudative fluid" toID="E61" toText="thoracentesis" type="BEFORE" />
<TLINK id="TL440" fromID="E62" fromText="serous exudative fluid" toID="T6" toText="2015-07-01" type="OVERLAP" />
<TLINK id="TL441" fromID="E62" fromText="serous exudative fluid" toID="E117" toText="revealing" type="OVERLAP" />
<TLINK id="TL442" fromID="T3" fromText="07-02" toID="E64" toText="Hct" type="OVERLAP" />
<TLINK id="TL443" fromID="T3" fromText="07-02" toID="E119" toText="dropped" type="OVERLAP" />
<TLINK id="TL444" fromID="E64" fromText="Hct" toID="T3" toText="07-02" type="OVERLAP" />
<TLINK id="TL445" fromID="E64" fromText="Hct" toID="E119" toText="dropped" type="OVERLAP" />
<TLINK id="TL446" fromID="E119" fromText="dropped" toID="T3" toText="07-02" type="OVERLAP" />
<TLINK id="TL447" fromID="E119" fromText="dropped" toID="E64" toText="Hct" type="OVERLAP" />
<TLINK id="TL448" fromID="E65" fromText="CT" toID="E120" toText="revealed" type="OVERLAP" />
<TLINK id="TL449" fromID="E65" fromText="CT" toID="E66" toText="hemothorax" type="AFTER" />
<TLINK id="TL450" fromID="E120" fromText="revealed" toID="E65" toText="CT" type="OVERLAP" />
<TLINK id="TL451" fromID="E120" fromText="revealed" toID="E66" toText="hemothorax" type="AFTER" />
<TLINK id="TL452" fromID="E66" fromText="hemothorax" toID="E65" toText="CT" type="BEFORE" />
<TLINK id="TL453" fromID="E66" fromText="hemothorax" toID="E120" toText="revealed" type="BEFORE" />
<TLINK id="TL454" fromID="E67" fromText="All anticoagulation" toID="E121" toText="DVT" type="AFTER" />
<TLINK id="TL455" fromID="E67" fromText="All anticoagulation" toID="E122" toText="afib" type="AFTER" />
<TLINK id="TL456" fromID="E121" fromText="DVT" toID="E67" toText="All anticoagulation" type="BEFORE" />
<TLINK id="TL457" fromID="E121" fromText="DVT" toID="E122" toText="afib" type="OVERLAP" />
<TLINK id="TL458" fromID="E122" fromText="afib" toID="E67" toText="All anticoagulation" type="BEFORE" />
<TLINK id="TL459" fromID="E122" fromText="afib" toID="E121" toText="DVT" type="OVERLAP" />
<TLINK id="TL460" fromID="E124" fromText="Thoracics consulted" toID="E68" toText="chest tube" type="OVERLAP" />
<TLINK id="TL461" fromID="E68" fromText="chest tube" toID="E124" toText="Thoracics consulted" type="OVERLAP" />
<TLINK id="TL462" fromID="E126" fromText="CMED" toID="E71" toText="observation" type="OVERLAP" />
<TLINK id="TL463" fromID="E126" fromText="CMED" toID="E72" toText="Hct" type="AFTER" />
<TLINK id="TL464" fromID="E126" fromText="CMED" toID="E127" toText="continued to drop" type="AFTER" />
<TLINK id="TL465" fromID="E71" fromText="observation" toID="E126" toText="CMED" type="OVERLAP" />
<TLINK id="TL466" fromID="E71" fromText="observation" toID="E72" toText="Hct" type="AFTER" />
<TLINK id="TL467" fromID="E71" fromText="observation" toID="E127" toText="continued to drop" type="AFTER" />
<TLINK id="TL468" fromID="E72" fromText="Hct" toID="E126" toText="CMED" type="BEFORE" />
<TLINK id="TL469" fromID="E72" fromText="Hct" toID="E71" toText="observation" type="BEFORE" />
<TLINK id="TL470" fromID="E72" fromText="Hct" toID="E127" toText="continued to drop" type="OVERLAP" />
<TLINK id="TL471" fromID="E127" fromText="continued to drop" toID="E126" toText="CMED" type="BEFORE" />
<TLINK id="TL472" fromID="E127" fromText="continued to drop" toID="E71" toText="observation" type="BEFORE" />
<TLINK id="TL473" fromID="E127" fromText="continued to drop" toID="E72" toText="Hct" type="OVERLAP" />
<TLINK id="TL474" fromID="E128" fromText="stablized" toID="E73" toText="CT" type="BEFORE" />
<TLINK id="TL475" fromID="E128" fromText="stablized" toID="E130" toText="serous" type="BEFORE" />
<TLINK id="TL476" fromID="E129" fromText="output" toID="E73" toText="CT" type="OVERLAP" />
<TLINK id="TL477" fromID="E129" fromText="output" toID="E130" toText="serous" type="OVERLAP" />
<TLINK id="TL478" fromID="E73" fromText="CT" toID="E128" toText="stablized" type="AFTER" />
<TLINK id="TL479" fromID="E73" fromText="CT" toID="E129" toText="output" type="OVERLAP" />
<TLINK id="TL480" fromID="E73" fromText="CT" toID="E130" toText="serous" type="OVERLAP" />
<TLINK id="TL481" fromID="E130" fromText="serous" toID="E128" toText="stablized" type="OVERLAP" />
<TLINK id="TL482" fromID="E130" fromText="serous" toID="E129" toText="output" type="OVERLAP" />
<TLINK id="TL483" fromID="E130" fromText="serous" toID="E73" toText="CT" type="OVERLAP" />
<TLINK id="TL484" fromID="E74" fromText="Output" toID="E75" toText="cytology" type="OVERLAP" />
<TLINK id="TL485" fromID="E74" fromText="Output" toID="E131" toText="discharge" type="BEFORE" />
<TLINK id="TL486" fromID="E75" fromText="cytology" toID="E74" toText="Output" type="OVERLAP" />
<TLINK id="TL487" fromID="E75" fromText="cytology" toID="E131" toText="discharge" type="OVERLAP" />
<TLINK id="TL488" fromID="E131" fromText="discharge" toID="E74" toText="Output" type="AFTER" />
<TLINK id="TL489" fromID="E131" fromText="discharge" toID="E75" toText="cytology" type="OVERLAP" />
<TLINK id="TL490" fromID="E132" fromText="output" toID="E133" toText="removed" type="OVERLAP" />
<TLINK id="TL491" fromID="E76" fromText="the tube" toID="E133" toText="removed" type="OVERLAP" />
<TLINK id="TL492" fromID="E133" fromText="removed" toID="E132" toText="output" type="OVERLAP" />
<TLINK id="TL493" fromID="E133" fromText="removed" toID="E76" toText="the tube" type="OVERLAP" />
<TLINK id="TL494" fromID="E77" fromText="serial CXR" toID="E78" toText="reaccumulation" type="OVERLAP" />
<TLINK id="TL495" fromID="E78" fromText="reaccumulation" toID="E77" toText="serial CXR" type="OVERLAP" />
<TLINK id="TL496" fromID="E79" fromText="Hct" toID="E134" toText="remained stable" type="OVERLAP" />
<TLINK id="TL497" fromID="E134" fromText="remained stable" toID="E79" toText="Hct" type="OVERLAP" />
<TLINK id="TL498" fromID="E80" fromText="DVT" toID="E81" toText="heparin" type="BEFORE" />
<TLINK id="TL499" fromID="E81" fromText="heparin" toID="E80" toText="DVT" type="AFTER" />
<TLINK id="TL500" fromID="E82" fromText="clots" toID="E83" toText="LENI" type="OVERLAP" />
<TLINK id="TL501" fromID="E83" fromText="LENI" toID="E82" toText="clots" type="OVERLAP" />
<TLINK id="TL502" fromID="E84" fromText="CTA" toID="E135" toText="PE" type="AFTER" />
<TLINK id="TL503" fromID="E135" fromText="PE" toID="E84" toText="CTA" type="BEFORE" />
<TLINK id="TL504" fromID="E85" fromText="Anticoagulaiton" toID="E86" toText="hemothorax" type="OVERLAP" />
<TLINK id="TL505" fromID="E86" fromText="hemothorax" toID="E85" toText="Anticoagulaiton" type="OVERLAP" />
<TLINK id="TL506" fromID="E87" fromText="coumadin" toID="E94" toText="discharged" type="BEFORE" />
<TLINK id="TL507" fromID="E94" fromText="discharged" toID="E87" toText="coumadin" type="AFTER" />
<TLINK id="TL508" fromID="E94" fromText="discharged" toID="E136" toText="coumadin" type="AFTER" />
<TLINK id="TL509" fromID="E94" fromText="discharged" toID="T7" toText="qday" type="AFTER" />
<TLINK id="TL510" fromID="E136" fromText="coumadin" toID="E94" toText="discharged" type="BEFORE" />
<TLINK id="TL511" fromID="E136" fromText="coumadin" toID="T7" toText="qday" type="OVERLAP" />
<TLINK id="TL512" fromID="T7" fromText="qday" toID="E94" toText="discharged" type="BEFORE" />
<TLINK id="TL513" fromID="T7" fromText="qday" toID="E136" toText="coumadin" type="OVERLAP" />
</TAGS>
</ClinicalNarrativeTemporalAnnotation>
