<?xml version="1.0" encoding="UTF-8" ?>
<ClinicalNarrativeTemporalAnnotation>
<TEXT><![CDATA[
Admission Date :
2015-07-12
Discharge Date :
2015-07-19
Service :
HISTORY OF PRESENT ILLNESS :
HISTORY OF PRESENT ILLNESS :
The patient is a 48 - year-old woman who was transferred from Shaugnessy-Kaplan Rehab Hospital .
The patient originally presented to her PCP approximately one week prior to admission here with increasing cough , dyspnea and fatigue .
She was given a Z-Pak for treatment along with albuterol .
Despite this , she continued to worsen and became febrile .
So , she was admitted to Shaugnessy-Kaplan Rehab Hospital on 2015-07-10 .
At the hospital , she was started on Rocephin and Levaquin for a right lower lobe pneumonia seen on chest x-ray .
She continued to have increasing respiratory distress with hypoxia .
She was also significantly tachypneic .
At this time , repeat chest x-ray showed bilateral diffuse infiltrates consistent with ARDS .
The patient was intubated and then transferred to Hahnemann General Hospital CMED .
SUMMARY OF HOSPITAL COURSE :
Respiratory :
On admission , the patient had what appeared to be acute respiratory distress syndrome secondary to community - acquired pneumonia .
She was maintained on a ventilator and ventilated according to ARDSNet protocol .
For antibiotic coverage of her pneumonia , she was started on Levaquin , ceftriaxone , and vancomycin .
Over the next two days after admission , the patient 's vent settings were gradually weaned , and she was extubated two days after being transferred to this hospital .
After extubation , the patient was oxygenating well on face mask .
She did continue to have a persistent fairly severe cough ; however , her cough was weak due to abdominal muscle pain from repeated coughing .
The cough was mostly nonproductive .
The patient was breathing comfortably .
As there was no identified bacterial pathogen on any cultures , the patient was continued on the triple antibiotics for first several days of the hospitalization .
She was also on round-the-clock Atrovent and albuterol nebulizers .
Once the patient was transferred out of the ICU and after extubation , the antibiotics were gradually narrowed .
The vancomycin and Levaquin were discontinued after approximately four days in the hospital .
The ceftriaxone was discontinued after four days in the hospital , and the patient was to continue on Levaquin .
The patient had gradual improvement in her oxygenation .
Pain control :
The patient had fairly significant abdominal pain secondary to persistent cough .
She was started on a regimen of MS Contin with oxycodone for breakthrough pain .
This helped her somewhat though she has continued to have difficulty coughing due to the pain .
Tylenol and ibuprofen were also added for better control .
Transaminitis :
The patient was noted to have mild transaminitis on admission .
However , this was felt to be due to her significant infection .
This should continue to be followed as an outpatient to assure that it returns back to normal .
Anemia :
The patient 's reticulocyte count showed inadequate production .
Iron studies showed a mixed picture with decreased iron and decreased iron to TIBC ratio suggestive of iron-deficiency anemia , but also normal to high MCV .
B12 was noted to be low and the patient was given an injection of IM B12 while in the hospital .
She was also started on iron supplementation .
Hypothyroidism :
The patient was continued on Synthroid for her chronic hypothyroidism .
]]></TEXT>
<TAGS>
<EVENT id="E0" start="1" end="10" text="Admission" modality="FACTUAL" polarity="POS" type="OCCURRENCE" />
<EVENT id="E12" start="1047" end="1082" text="acute respiratory distress syndrome" modality="POSSIBLE" polarity="POS" type="PROBLEM" />
<EVENT id="E13" start="1096" end="1126" text="community - acquired pneumonia" modality="FACTUAL" polarity="POS" type="PROBLEM" />
<EVENT id="E14" start="1151" end="1163" text="a ventilator" modality="FACTUAL" polarity="POS" type="TREATMENT" />
<EVENT id="E90" start="1168" end="1178" text="ventilated" modality="FACTUAL" polarity="POS" type="TREATMENT" />
<EVENT id="E15" start="1215" end="1234" text="antibiotic coverage" modality="FACTUAL" polarity="POS" type="TREATMENT" />
<EVENT id="E16" start="1238" end="1251" text="her pneumonia" modality="FACTUAL" polarity="POS" type="PROBLEM" />
<EVENT id="E17" start="1273" end="1281" text="Levaquin" modality="FACTUAL" polarity="POS" type="TREATMENT" />
<EVENT id="E18" start="1284" end="1295" text="ceftriaxone" modality="FACTUAL" polarity="POS" type="TREATMENT" />
<EVENT id="E19" start="1302" end="1312" text="vancomycin" modality="FACTUAL" polarity="POS" type="TREATMENT" />
<EVENT id="E91" start="1344" end="1353" text="admission" modality="FACTUAL" polarity="POS" type="OCCURRENCE" />
<EVENT id="E20" start="1356" end="1384" text="the patient 's vent settings" modality="FACTUAL" polarity="POS" type="TREATMENT" />
<EVENT id="E92" start="1390" end="1406" text="gradually weaned" modality="FACTUAL" polarity="POS" type="TREATMENT" />
<EVENT id="E70" start="1421" end="1430" text="extubated" modality="FACTUAL" polarity="POS" type="TREATMENT" />
<EVENT id="E93" start="1452" end="1463" text="transferred" modality="FACTUAL" polarity="POS" type="OCCURRENCE" />
<EVENT id="E94" start="1467" end="1480" text="this hospital" modality="FACTUAL" polarity="POS" type="CLINICAL_DEPT" />
<EVENT id="E21" start="1489" end="1499" text="extubation" modality="FACTUAL" polarity="POS" type="TREATMENT" />
<EVENT id="E95" start="1518" end="1534" text="oxygenating well" modality="FACTUAL" polarity="POS" type="OCCURRENCE" />
<EVENT id="E22" start="1538" end="1547" text="face mask" modality="FACTUAL" polarity="POS" type="TREATMENT" />
<EVENT id="E96" start="1575" end="1607" text="a persistent fairly severe cough" modality="FACTUAL" polarity="POS" type="PROBLEM" />
<EVENT id="E23" start="1620" end="1629" text="her cough" modality="FACTUAL" polarity="POS" type="PROBLEM" />
<EVENT id="E24" start="1634" end="1638" text="weak" modality="FACTUAL" polarity="POS" type="PROBLEM" />
<EVENT id="E25" start="1646" end="1667" text="abdominal muscle pain" modality="FACTUAL" polarity="POS" type="PROBLEM" />
<EVENT id="E26" start="1673" end="1690" text="repeated coughing" modality="FACTUAL" polarity="POS" type="PROBLEM" />
<EVENT id="E27" start="1693" end="1702" text="The cough" modality="FACTUAL" polarity="POS" type="PROBLEM" />
<EVENT id="E75" start="170" end="181" text="transferred" modality="FACTUAL" polarity="POS" type="OCCURRENCE" />
<EVENT id="E28" start="1707" end="1727" text="mostly nonproductive" modality="FACTUAL" polarity="POS" type="PROBLEM" />
<EVENT id="E97" start="1746" end="1767" text="breathing comfortably" modality="FACTUAL" polarity="POS" type="OCCURRENCE" />
<EVENT id="E29" start="1786" end="1815" text="identified bacterial pathogen" modality="FACTUAL" polarity="NEG" type="PROBLEM" />
<EVENT id="E30" start="1819" end="1831" text="any cultures" modality="FACTUAL" polarity="POS" type="TEST" />
<EVENT id="E31" start="1863" end="1885" text="the triple antibiotics" modality="FACTUAL" polarity="POS" type="TREATMENT" />
<EVENT id="E76" start="187" end="219" text="Shaugnessy-Kaplan Rehab Hospital" modality="FACTUAL" polarity="POS" type="CLINICAL_DEPT" />
<EVENT id="E98" start="1912" end="1931" text="the hospitalization" modality="FACTUAL" polarity="POS" type="OCCURRENCE" />
<EVENT id="E32" start="1950" end="1974" text="round-the-clock Atrovent" modality="FACTUAL" polarity="POS" type="TREATMENT" />
<EVENT id="E33" start="1979" end="1999" text="albuterol nebulizers" modality="FACTUAL" polarity="POS" type="TREATMENT" />
<EVENT id="E71" start="2023" end="2034" text="transferred" modality="FACTUAL" polarity="POS" type="OCCURRENCE" />
<EVENT id="E99" start="2042" end="2049" text="the ICU" modality="FACTUAL" polarity="POS" type="CLINICAL_DEPT" />
<EVENT id="E34" start="2060" end="2070" text="extubation" modality="FACTUAL" polarity="POS" type="TREATMENT" />
<EVENT id="E35" start="2073" end="2088" text="the antibiotics" modality="FACTUAL" polarity="POS" type="TREATMENT" />
<EVENT id="E100" start="2094" end="2112" text="gradually narrowed" modality="FACTUAL" polarity="POS" type="TREATMENT" />
<EVENT id="E36" start="2115" end="2129" text="The vancomycin" modality="FACTUAL" polarity="POS" type="TREATMENT" />
<EVENT id="E37" start="2134" end="2142" text="Levaquin" modality="FACTUAL" polarity="POS" type="TREATMENT" />
<EVENT id="E101" start="2194" end="2206" text="the hospital" modality="FACTUAL" polarity="POS" type="OCCURRENCE" />
<EVENT id="E38" start="2209" end="2224" text="The ceftriaxone" modality="FACTUAL" polarity="POS" type="TREATMENT" />
<EVENT id="E102" start="2261" end="2273" text="the hospital" modality="FACTUAL" polarity="POS" type="OCCURRENCE" />
<EVENT id="E39" start="2311" end="2319" text="Levaquin" modality="FACTUAL" polarity="POS" type="TREATMENT" />
<EVENT id="E103" start="2338" end="2357" text="gradual improvement" modality="FACTUAL" polarity="POS" type="OCCURRENCE" />
<EVENT id="E40" start="2361" end="2376" text="her oxygenation" modality="FACTUAL" polarity="POS" type="TEST" />
<EVENT id="E41" start="2379" end="2391" text="Pain control" modality="FACTUAL" polarity="POS" type="TREATMENT" />
<EVENT id="E104" start="2410" end="2443" text="fairly significant abdominal pain" modality="FACTUAL" polarity="POS" type="PROBLEM" />
<EVENT id="E77" start="245" end="254" text="presented" modality="FACTUAL" polarity="POS" type="OCCURRENCE" />
<EVENT id="E42" start="2457" end="2473" text="persistent cough" modality="FACTUAL" polarity="POS" type="PROBLEM" />
<EVENT id="E43" start="2508" end="2517" text="MS Contin" modality="FACTUAL" polarity="POS" type="TREATMENT" />
<EVENT id="E44" start="2523" end="2532" text="oxycodone" modality="FACTUAL" polarity="POS" type="TREATMENT" />
<EVENT id="E45" start="2537" end="2554" text="breakthrough pain" modality="FACTUAL" polarity="POS" type="PROBLEM" />
<EVENT id="E105" start="2562" end="2568" text="helped" modality="FACTUAL" polarity="POS" type="OCCURRENCE" />
<EVENT id="E46" start="2615" end="2634" text="difficulty coughing" modality="FACTUAL" polarity="POS" type="PROBLEM" />
<EVENT id="E47" start="2642" end="2650" text="the pain" modality="FACTUAL" polarity="POS" type="PROBLEM" />
<EVENT id="E48" start="2653" end="2660" text="Tylenol" modality="FACTUAL" polarity="POS" type="TREATMENT" />
<EVENT id="E49" start="2665" end="2674" text="ibuprofen" modality="FACTUAL" polarity="POS" type="TREATMENT" />
<EVENT id="E50" start="2712" end="2725" text="Transaminitis" modality="FACTUAL" polarity="POS" type="PROBLEM" />
<EVENT id="E51" start="2758" end="2776" text="mild transaminitis" modality="FACTUAL" polarity="POS" type="PROBLEM" />
<EVENT id="E72" start="2780" end="2789" text="admission" modality="FACTUAL" polarity="POS" type="OCCURRENCE" />
<EVENT id="E52" start="2829" end="2854" text="her significant infection" modality="FACTUAL" polarity="POS" type="PROBLEM" />
<EVENT id="E106" start="2884" end="2892" text="followed" modality="PROPOSED" polarity="POS" type="OCCURRENCE" />
<EVENT id="E74" start="29" end="38" text="Discharge" modality="FACTUAL" polarity="POS" type="OCCURRENCE" />
<EVENT id="E107" start="2928" end="2950" text="returns back to normal" modality="CONDITIONAL" polarity="POS" type="OCCURRENCE" />
<EVENT id="E53" start="2953" end="2959" text="Anemia" modality="FACTUAL" polarity="POS" type="PROBLEM" />
<EVENT id="E54" start="2962" end="2995" text="The patient 's reticulocyte count" modality="FACTUAL" polarity="POS" type="TEST" />
<EVENT id="E78" start="298" end="307" text="admission" modality="FACTUAL" polarity="POS" type="OCCURRENCE" />
<EVENT id="E108" start="2996" end="3002" text="showed" modality="FACTUAL" polarity="POS" type="OCCURRENCE" />
<EVENT id="E55" start="3003" end="3024" text="inadequate production" modality="FACTUAL" polarity="POS" type="PROBLEM" />
<EVENT id="E56" start="3027" end="3039" text="Iron studies" modality="FACTUAL" polarity="POS" type="TEST" />
<EVENT id="E109" start="3040" end="3046" text="showed" modality="FACTUAL" polarity="POS" type="OCCURRENCE" />
<EVENT id="E57" start="3068" end="3082" text="decreased iron" modality="FACTUAL" polarity="POS" type="PROBLEM" />
<EVENT id="E58" start="3087" end="3115" text="decreased iron to TIBC ratio" modality="FACTUAL" polarity="POS" type="PROBLEM" />
<EVENT id="E59" start="3130" end="3152" text="iron-deficiency anemia" modality="POSSIBLE" polarity="POS" type="PROBLEM" />
<EVENT id="E79" start="318" end="334" text="increasing cough" modality="FACTUAL" polarity="POS" type="PROBLEM" />
<EVENT id="E60" start="3174" end="3182" text="high MCV" modality="FACTUAL" polarity="POS" type="PROBLEM" />
<EVENT id="E61" start="3185" end="3188" text="B12" modality="FACTUAL" polarity="POS" type="TEST" />
<EVENT id="E110" start="3205" end="3208" text="low" modality="FACTUAL" polarity="POS" type="PROBLEM" />
<EVENT id="E62" start="3251" end="3257" text="IM B12" modality="FACTUAL" polarity="POS" type="TREATMENT" />
<EVENT id="E111" start="3267" end="3279" text="the hospital" modality="FACTUAL" polarity="POS" type="CLINICAL_DEPT" />
<EVENT id="E63" start="3306" end="3326" text="iron supplementation" modality="FACTUAL" polarity="POS" type="TREATMENT" />
<EVENT id="E64" start="3329" end="3343" text="Hypothyroidism" modality="FACTUAL" polarity="POS" type="PROBLEM" />
<EVENT id="E80" start="337" end="344" text="dyspnea" modality="FACTUAL" polarity="POS" type="PROBLEM" />
<EVENT id="E65" start="3375" end="3384" text="Synthroid" modality="FACTUAL" polarity="POS" type="TREATMENT" />
<EVENT id="E66" start="3389" end="3415" text="her chronic hypothyroidism" modality="FACTUAL" polarity="POS" type="PROBLEM" />
<EVENT id="E81" start="349" end="356" text="fatigue" modality="FACTUAL" polarity="POS" type="PROBLEM" />
<EVENT id="E1" start="373" end="380" text="a Z-Pak" modality="FACTUAL" polarity="POS" type="TREATMENT" />
<EVENT id="E2" start="385" end="394" text="treatment" modality="FACTUAL" polarity="POS" type="TREATMENT" />
<EVENT id="E3" start="406" end="415" text="albuterol" modality="FACTUAL" polarity="POS" type="TREATMENT" />
<EVENT id="E82" start="437" end="456" text="continued to worsen" modality="FACTUAL" polarity="POS" type="OCCURRENCE" />
<EVENT id="E83" start="468" end="475" text="febrile" modality="FACTUAL" polarity="POS" type="PROBLEM" />
<EVENT id="E67" start="491" end="499" text="admitted" modality="FACTUAL" polarity="POS" type="OCCURRENCE" />
<EVENT id="E84" start="503" end="535" text="Shaugnessy-Kaplan Rehab Hospital" modality="FACTUAL" polarity="POS" type="CLINICAL_DEPT" />
<EVENT id="E85" start="555" end="567" text="the hospital" modality="FACTUAL" polarity="POS" type="CLINICAL_DEPT" />
<EVENT id="E4" start="589" end="597" text="Rocephin" modality="FACTUAL" polarity="POS" type="TREATMENT" />
<EVENT id="E5" start="602" end="610" text="Levaquin" modality="FACTUAL" polarity="POS" type="TREATMENT" />
<EVENT id="E6" start="615" end="643" text="a right lower lobe pneumonia" modality="FACTUAL" polarity="POS" type="PROBLEM" />
<EVENT id="E7" start="652" end="663" text="chest x-ray" modality="FACTUAL" polarity="POS" type="TEST" />
<EVENT id="E8" start="688" end="719" text="increasing respiratory distress" modality="FACTUAL" polarity="POS" type="PROBLEM" />
<EVENT id="E9" start="725" end="732" text="hypoxia" modality="FACTUAL" polarity="POS" type="PROBLEM" />
<EVENT id="E10" start="748" end="772" text="significantly tachypneic" modality="FACTUAL" polarity="POS" type="PROBLEM" />
<EVENT id="E11" start="790" end="808" text="repeat chest x-ray" modality="FACTUAL" polarity="POS" type="TEST" />
<EVENT id="E86" start="809" end="815" text="showed" modality="FACTUAL" polarity="POS" type="EVIDENTIAL" />
<EVENT id="E87" start="816" end="845" text="bilateral diffuse infiltrates" modality="FACTUAL" polarity="POS" type="PROBLEM" />
<EVENT id="E88" start="862" end="866" text="ARDS" modality="FACTUAL" polarity="POS" type="PROBLEM" />
<EVENT id="E68" start="885" end="894" text="intubated" modality="FACTUAL" polarity="POS" type="TREATMENT" />
<EVENT id="E69" start="904" end="915" text="transferred" modality="FACTUAL" polarity="POS" type="OCCURRENCE" />
<EVENT id="E89" start="919" end="950" text="Hahnemann General Hospital CMED" modality="FACTUAL" polarity="POS" type="CLINICAL_DEPT" />
<EVENT id="E73" start="999" end="1008" text="admission" modality="FACTUAL" polarity="POS" type="OCCURRENCE" />
<TIMEX3 id="T4" start="1320" end="1337" text="the next two days" type="DURATION" val="P2D" mod="NA" />
<TIMEX3 id="T5" start="1431" end="1439" text="two days" type="DURATION" val="P2D" mod="NA" />
<TIMEX3 id="T1" start="18" end="28" text="2015-07-12" type="DATE" val="2015-07-12" mod="NA" />
<TIMEX3 id="T6" start="1890" end="1908" text="first several days" type="DURATION" val="P3D" mod="APPROX" />
<TIMEX3 id="T7" start="2181" end="2190" text="four days" type="DURATION" val="P4D" mod="NA" />
<TIMEX3 id="T8" start="2248" end="2257" text="four days" type="DURATION" val="P4D" mod="NA" />
<TIMEX3 id="T0" start="280" end="288" text="one week" type="DURATION" val="P1W" mod="APPROX" />
<TIMEX3 id="T2" start="46" end="56" text="2015-07-19" type="DATE" val="2015-07-19" mod="NA" />
<TIMEX3 id="T3" start="539" end="549" text="2015-07-10" type="DATE" val="2015-07-10" mod="NA" />
<SECTIME id="S0" start="18" end="28" text="2015-07-12" type="ADMISSION" dvalue="2015-07-12" />
<SECTIME id="S1" start="46" end="56" text="2015-07-19" type="DISCHARGE" dvalue="2015-07-19" />
<TLINK id="SECTIME0" fromID="T1" fromText="2015-07-12" toID="E75" toText="transferred" type="OVERLAP" />
<TLINK id="SECTIME1" fromID="T1" fromText="2015-07-12" toID="E76" toText="Shaugnessy-Kaplan Rehab Hospital" type="AFTER" />
<TLINK id="SECTIME2" fromID="T1" fromText="2015-07-12" toID="E77" toText="presented" type="OVERLAP" />
<TLINK id="SECTIME3" fromID="T1" fromText="2015-07-12" toID="E78" toText="admission" type="OVERLAP" />
<TLINK id="SECTIME4" fromID="T1" fromText="2015-07-12" toID="E79" toText="increasing cough" type="AFTER" />
<TLINK id="SECTIME5" fromID="T1" fromText="2015-07-12" toID="E80" toText="dyspnea" type="AFTER" />
<TLINK id="SECTIME6" fromID="T1" fromText="2015-07-12" toID="E81" toText="fatigue" type="AFTER" />
<TLINK id="SECTIME7" fromID="T1" fromText="2015-07-12" toID="E1" toText="a Z-Pak" type="AFTER" />
<TLINK id="SECTIME8" fromID="T1" fromText="2015-07-12" toID="E2" toText="treatment" type="AFTER" />
<TLINK id="SECTIME9" fromID="T1" fromText="2015-07-12" toID="E3" toText="albuterol" type="AFTER" />
<TLINK id="SECTIME10" fromID="T1" fromText="2015-07-12" toID="E82" toText="continued to worsen" type="AFTER" />
<TLINK id="SECTIME11" fromID="T1" fromText="2015-07-12" toID="E83" toText="febrile" type="AFTER" />
<TLINK id="SECTIME12" fromID="T1" fromText="2015-07-12" toID="E67" toText="admitted" type="AFTER" />
<TLINK id="SECTIME13" fromID="T1" fromText="2015-07-12" toID="E84" toText="Shaugnessy-Kaplan Rehab Hospital" type="AFTER" />
<TLINK id="SECTIME14" fromID="T1" fromText="2015-07-12" toID="E85" toText="the hospital" type="AFTER" />
<TLINK id="SECTIME15" fromID="T1" fromText="2015-07-12" toID="E4" toText="Rocephin" type="AFTER" />
<TLINK id="SECTIME16" fromID="T1" fromText="2015-07-12" toID="E5" toText="Levaquin" type="AFTER" />
<TLINK id="SECTIME17" fromID="T1" fromText="2015-07-12" toID="E6" toText="a right lower lobe pneumonia" type="AFTER" />
<TLINK id="SECTIME18" fromID="T1" fromText="2015-07-12" toID="E7" toText="chest x-ray" type="AFTER" />
<TLINK id="SECTIME19" fromID="T1" fromText="2015-07-12" toID="E8" toText="increasing respiratory distress" type="AFTER" />
<TLINK id="SECTIME20" fromID="T1" fromText="2015-07-12" toID="E9" toText="hypoxia" type="AFTER" />
<TLINK id="SECTIME21" fromID="T1" fromText="2015-07-12" toID="E10" toText="significantly tachypneic" type="AFTER" />
<TLINK id="SECTIME22" fromID="T1" fromText="2015-07-12" toID="E11" toText="repeat chest x-ray" type="AFTER" />
<TLINK id="SECTIME23" fromID="T1" fromText="2015-07-12" toID="E86" toText="showed" type="AFTER" />
<TLINK id="SECTIME24" fromID="T1" fromText="2015-07-12" toID="E87" toText="bilateral diffuse infiltrates" type="AFTER" />
<TLINK id="SECTIME25" fromID="T1" fromText="2015-07-12" toID="E88" toText="ARDS" type="AFTER" />
<TLINK id="SECTIME26" fromID="T1" fromText="2015-07-12" toID="E68" toText="intubated" type="AFTER" />
<TLINK id="SECTIME27" fromID="T1" fromText="2015-07-12" toID="E69" toText="transferred" type="AFTER" />
<TLINK id="SECTIME28" fromID="T1" fromText="2015-07-12" toID="E89" toText="Hahnemann General Hospital CMED" type="OVERLAP" />
<TLINK id="TL0" fromID="T1" fromText="2015-07-12" toID="T3" toText="2015-07-10" type="AFTER" />
<TLINK id="SECTIME29" fromID="T2" fromText="2015-07-19" toID="E73" toText="admission" type="AFTER" />
<TLINK id="SECTIME30" fromID="T2" fromText="2015-07-19" toID="E12" toText="acute respiratory distress syndrome" type="AFTER" />
<TLINK id="SECTIME31" fromID="T2" fromText="2015-07-19" toID="E13" toText="community - acquired pneumonia" type="AFTER" />
<TLINK id="SECTIME32" fromID="T2" fromText="2015-07-19" toID="E14" toText="a ventilator" type="AFTER" />
<TLINK id="SECTIME33" fromID="T2" fromText="2015-07-19" toID="E90" toText="ventilated" type="AFTER" />
<TLINK id="SECTIME34" fromID="T2" fromText="2015-07-19" toID="E15" toText="antibiotic coverage" type="AFTER" />
<TLINK id="SECTIME35" fromID="T2" fromText="2015-07-19" toID="E16" toText="her pneumonia" type="AFTER" />
<TLINK id="SECTIME36" fromID="T2" fromText="2015-07-19" toID="E17" toText="Levaquin" type="AFTER" />
<TLINK id="SECTIME37" fromID="T2" fromText="2015-07-19" toID="E18" toText="ceftriaxone" type="AFTER" />
<TLINK id="SECTIME38" fromID="T2" fromText="2015-07-19" toID="E19" toText="vancomycin" type="AFTER" />
<TLINK id="SECTIME39" fromID="T2" fromText="2015-07-19" toID="E91" toText="admission" type="AFTER" />
<TLINK id="SECTIME40" fromID="T2" fromText="2015-07-19" toID="E20" toText="the patient 's vent settings" type="AFTER" />
<TLINK id="SECTIME41" fromID="T2" fromText="2015-07-19" toID="E92" toText="gradually weaned" type="AFTER" />
<TLINK id="SECTIME42" fromID="T2" fromText="2015-07-19" toID="E70" toText="extubated" type="AFTER" />
<TLINK id="SECTIME43" fromID="T2" fromText="2015-07-19" toID="E93" toText="transferred" type="AFTER" />
<TLINK id="SECTIME44" fromID="T2" fromText="2015-07-19" toID="E94" toText="this hospital" type="AFTER" />
<TLINK id="SECTIME45" fromID="T2" fromText="2015-07-19" toID="E21" toText="extubation" type="AFTER" />
<TLINK id="SECTIME46" fromID="T2" fromText="2015-07-19" toID="E95" toText="oxygenating well" type="AFTER" />
<TLINK id="SECTIME47" fromID="T2" fromText="2015-07-19" toID="E22" toText="face mask" type="AFTER" />
<TLINK id="SECTIME48" fromID="T2" fromText="2015-07-19" toID="E96" toText="a persistent fairly severe cough" type="AFTER" />
<TLINK id="SECTIME49" fromID="T2" fromText="2015-07-19" toID="E23" toText="her cough" type="AFTER" />
<TLINK id="SECTIME50" fromID="T2" fromText="2015-07-19" toID="E24" toText="weak" type="AFTER" />
<TLINK id="SECTIME51" fromID="T2" fromText="2015-07-19" toID="E25" toText="abdominal muscle pain" type="AFTER" />
<TLINK id="SECTIME52" fromID="T2" fromText="2015-07-19" toID="E26" toText="repeated coughing" type="AFTER" />
<TLINK id="SECTIME53" fromID="T2" fromText="2015-07-19" toID="E27" toText="The cough" type="AFTER" />
<TLINK id="SECTIME54" fromID="T2" fromText="2015-07-19" toID="E28" toText="mostly nonproductive" type="AFTER" />
<TLINK id="SECTIME55" fromID="T2" fromText="2015-07-19" toID="E97" toText="breathing comfortably" type="AFTER" />
<TLINK id="SECTIME56" fromID="T2" fromText="2015-07-19" toID="E29" toText="identified bacterial pathogen" type="AFTER" />
<TLINK id="SECTIME57" fromID="T2" fromText="2015-07-19" toID="E30" toText="any cultures" type="AFTER" />
<TLINK id="SECTIME58" fromID="T2" fromText="2015-07-19" toID="E31" toText="the triple antibiotics" type="AFTER" />
<TLINK id="SECTIME59" fromID="T2" fromText="2015-07-19" toID="E98" toText="the hospitalization" type="AFTER" />
<TLINK id="SECTIME60" fromID="T2" fromText="2015-07-19" toID="E32" toText="round-the-clock Atrovent" type="AFTER" />
<TLINK id="SECTIME61" fromID="T2" fromText="2015-07-19" toID="E33" toText="albuterol nebulizers" type="AFTER" />
<TLINK id="SECTIME62" fromID="T2" fromText="2015-07-19" toID="E71" toText="transferred" type="AFTER" />
<TLINK id="SECTIME63" fromID="T2" fromText="2015-07-19" toID="E99" toText="the ICU" type="AFTER" />
<TLINK id="SECTIME64" fromID="T2" fromText="2015-07-19" toID="E34" toText="extubation" type="AFTER" />
<TLINK id="SECTIME65" fromID="T2" fromText="2015-07-19" toID="E35" toText="the antibiotics" type="AFTER" />
<TLINK id="SECTIME66" fromID="T2" fromText="2015-07-19" toID="E100" toText="gradually narrowed" type="AFTER" />
<TLINK id="SECTIME67" fromID="T2" fromText="2015-07-19" toID="E36" toText="The vancomycin" type="AFTER" />
<TLINK id="SECTIME68" fromID="T2" fromText="2015-07-19" toID="E37" toText="Levaquin" type="AFTER" />
<TLINK id="SECTIME69" fromID="T2" fromText="2015-07-19" toID="E101" toText="the hospital" type="AFTER" />
<TLINK id="SECTIME70" fromID="T2" fromText="2015-07-19" toID="E38" toText="The ceftriaxone" type="AFTER" />
<TLINK id="SECTIME71" fromID="T2" fromText="2015-07-19" toID="E102" toText="the hospital" type="AFTER" />
<TLINK id="SECTIME72" fromID="T2" fromText="2015-07-19" toID="E39" toText="Levaquin" type="AFTER" />
<TLINK id="SECTIME73" fromID="T2" fromText="2015-07-19" toID="E103" toText="gradual improvement" type="AFTER" />
<TLINK id="SECTIME74" fromID="T2" fromText="2015-07-19" toID="E40" toText="her oxygenation" type="AFTER" />
<TLINK id="SECTIME75" fromID="T2" fromText="2015-07-19" toID="E41" toText="Pain control" type="AFTER" />
<TLINK id="SECTIME76" fromID="T2" fromText="2015-07-19" toID="E104" toText="fairly significant abdominal pain" type="AFTER" />
<TLINK id="SECTIME77" fromID="T2" fromText="2015-07-19" toID="E42" toText="persistent cough" type="AFTER" />
<TLINK id="SECTIME78" fromID="T2" fromText="2015-07-19" toID="E43" toText="MS Contin" type="AFTER" />
<TLINK id="SECTIME79" fromID="T2" fromText="2015-07-19" toID="E44" toText="oxycodone" type="AFTER" />
<TLINK id="SECTIME80" fromID="T2" fromText="2015-07-19" toID="E45" toText="breakthrough pain" type="AFTER" />
<TLINK id="SECTIME81" fromID="T2" fromText="2015-07-19" toID="E105" toText="helped" type="AFTER" />
<TLINK id="SECTIME82" fromID="T2" fromText="2015-07-19" toID="E46" toText="difficulty coughing" type="AFTER" />
<TLINK id="SECTIME83" fromID="T2" fromText="2015-07-19" toID="E47" toText="the pain" type="AFTER" />
<TLINK id="SECTIME84" fromID="T2" fromText="2015-07-19" toID="E48" toText="Tylenol" type="AFTER" />
<TLINK id="SECTIME85" fromID="T2" fromText="2015-07-19" toID="E49" toText="ibuprofen" type="AFTER" />
<TLINK id="SECTIME86" fromID="T2" fromText="2015-07-19" toID="E50" toText="Transaminitis" type="AFTER" />
<TLINK id="SECTIME87" fromID="T2" fromText="2015-07-19" toID="E51" toText="mild transaminitis" type="AFTER" />
<TLINK id="SECTIME88" fromID="T2" fromText="2015-07-19" toID="E72" toText="admission" type="AFTER" />
<TLINK id="SECTIME89" fromID="T2" fromText="2015-07-19" toID="E52" toText="her significant infection" type="AFTER" />
<TLINK id="SECTIME90" fromID="T2" fromText="2015-07-19" toID="E106" toText="followed" type="BEFORE" />
<TLINK id="SECTIME91" fromID="T2" fromText="2015-07-19" toID="E107" toText="returns back to normal" type="BEFORE" />
<TLINK id="SECTIME92" fromID="T2" fromText="2015-07-19" toID="E53" toText="Anemia" type="AFTER" />
<TLINK id="SECTIME93" fromID="T2" fromText="2015-07-19" toID="E54" toText="The patient 's reticulocyte count" type="AFTER" />
<TLINK id="SECTIME94" fromID="T2" fromText="2015-07-19" toID="E108" toText="showed" type="AFTER" />
<TLINK id="SECTIME95" fromID="T2" fromText="2015-07-19" toID="E55" toText="inadequate production" type="AFTER" />
<TLINK id="SECTIME96" fromID="T2" fromText="2015-07-19" toID="E56" toText="Iron studies" type="AFTER" />
<TLINK id="SECTIME97" fromID="T2" fromText="2015-07-19" toID="E109" toText="showed" type="AFTER" />
<TLINK id="SECTIME98" fromID="T2" fromText="2015-07-19" toID="E57" toText="decreased iron" type="AFTER" />
<TLINK id="SECTIME99" fromID="T2" fromText="2015-07-19" toID="E58" toText="decreased iron to TIBC ratio" type="AFTER" />
<TLINK id="SECTIME100" fromID="T2" fromText="2015-07-19" toID="E59" toText="iron-deficiency anemia" type="AFTER" />
<TLINK id="SECTIME101" fromID="T2" fromText="2015-07-19" toID="E60" toText="high MCV" type="AFTER" />
<TLINK id="SECTIME102" fromID="T2" fromText="2015-07-19" toID="E61" toText="B12" type="AFTER" />
<TLINK id="SECTIME103" fromID="T2" fromText="2015-07-19" toID="E110" toText="low" type="AFTER" />
<TLINK id="SECTIME104" fromID="T2" fromText="2015-07-19" toID="E62" toText="IM B12" type="AFTER" />
<TLINK id="SECTIME105" fromID="T2" fromText="2015-07-19" toID="E111" toText="the hospital" type="AFTER" />
<TLINK id="SECTIME106" fromID="T2" fromText="2015-07-19" toID="E63" toText="iron supplementation" type="AFTER" />
<TLINK id="SECTIME107" fromID="T2" fromText="2015-07-19" toID="E64" toText="Hypothyroidism" type="AFTER" />
<TLINK id="SECTIME108" fromID="T2" fromText="2015-07-19" toID="E65" toText="Synthroid" type="AFTER" />
<TLINK id="SECTIME109" fromID="T2" fromText="2015-07-19" toID="E66" toText="her chronic hypothyroidism" type="AFTER" />
<TLINK id="TL1" fromID="E8" fromText="increasing respiratory distress" toID="E10" toText="significantly tachypneic" type="OVERLAP" />
<TLINK id="TL2" fromID="E9" fromText="hypoxia" toID="E10" toText="significantly tachypneic" type="OVERLAP" />
<TLINK id="TL3" fromID="E10" fromText="significantly tachypneic" toID="E8" toText="increasing respiratory distress" type="OVERLAP" />
<TLINK id="TL4" fromID="E10" fromText="significantly tachypneic" toID="E9" toText="hypoxia" type="OVERLAP" />
<TLINK id="TL5" fromID="E96" fromText="a persistent fairly severe cough" toID="E27" toText="The cough" type="OVERLAP" />
<TLINK id="TL6" fromID="E23" fromText="her cough" toID="E27" toText="The cough" type="OVERLAP" />
<TLINK id="TL7" fromID="E26" fromText="repeated coughing" toID="E27" toText="The cough" type="OVERLAP" />
<TLINK id="TL8" fromID="E27" fromText="The cough" toID="E96" toText="a persistent fairly severe cough" type="OVERLAP" />
<TLINK id="TL9" fromID="E27" fromText="The cough" toID="E23" toText="her cough" type="OVERLAP" />
<TLINK id="TL10" fromID="E27" fromText="The cough" toID="E26" toText="repeated coughing" type="OVERLAP" />
<TLINK id="TL11" fromID="E97" fromText="breathing comfortably" toID="E30" toText="any cultures" type="OVERLAP" />
<TLINK id="TL12" fromID="E97" fromText="breathing comfortably" toID="E98" toText="the hospitalization" type="OVERLAP" />
<TLINK id="TL13" fromID="E37" fromText="Levaquin" toID="E39" toText="Levaquin" type="OVERLAP" />
<TLINK id="TL14" fromID="E101" fromText="the hospital" toID="E102" toText="the hospital" type="OVERLAP" />
<TLINK id="TL15" fromID="E39" fromText="Levaquin" toID="E37" toText="Levaquin" type="OVERLAP" />
<TLINK id="TL16" fromID="E103" fromText="gradual improvement" toID="E41" toText="Pain control" type="OVERLAP" />
<TLINK id="TL17" fromID="E40" fromText="her oxygenation" toID="E41" toText="Pain control" type="OVERLAP" />
<TLINK id="TL18" fromID="E41" fromText="Pain control" toID="E104" toText="fairly significant abdominal pain" type="OVERLAP" />
<TLINK id="TL19" fromID="E41" fromText="Pain control" toID="E42" toText="persistent cough" type="OVERLAP" />
<TLINK id="TL20" fromID="E45" fromText="breakthrough pain" toID="E47" toText="the pain" type="OVERLAP" />
<TLINK id="TL21" fromID="E47" fromText="the pain" toID="E45" toText="breakthrough pain" type="OVERLAP" />
<TLINK id="TL22" fromID="E50" fromText="Transaminitis" toID="E51" toText="mild transaminitis" type="OVERLAP" />
<TLINK id="TL23" fromID="E50" fromText="Transaminitis" toID="E72" toText="admission" type="OVERLAP" />
<TLINK id="TL24" fromID="E51" fromText="mild transaminitis" toID="E50" toText="Transaminitis" type="OVERLAP" />
<TLINK id="TL25" fromID="E51" fromText="mild transaminitis" toID="E52" toText="her significant infection" type="OVERLAP" />
<TLINK id="TL26" fromID="E72" fromText="admission" toID="E52" toText="her significant infection" type="OVERLAP" />
<TLINK id="TL27" fromID="E52" fromText="her significant infection" toID="E51" toText="mild transaminitis" type="OVERLAP" />
<TLINK id="TL28" fromID="E53" fromText="Anemia" toID="E54" toText="The patient 's reticulocyte count" type="OVERLAP" />
<TLINK id="TL29" fromID="E53" fromText="Anemia" toID="E55" toText="inadequate production" type="OVERLAP" />
<TLINK id="TL30" fromID="E54" fromText="The patient 's reticulocyte count" toID="E53" toText="Anemia" type="OVERLAP" />
<TLINK id="TL31" fromID="E108" fromText="showed" toID="E109" toText="showed" type="OVERLAP" />
<TLINK id="TL32" fromID="E55" fromText="inadequate production" toID="E53" toText="Anemia" type="OVERLAP" />
<TLINK id="TL33" fromID="E64" fromText="Hypothyroidism" toID="E65" toText="Synthroid" type="OVERLAP" />
<TLINK id="TL34" fromID="E64" fromText="Hypothyroidism" toID="E66" toText="her chronic hypothyroidism" type="OVERLAP" />
<TLINK id="TL35" fromID="E66" fromText="her chronic hypothyroidism" toID="E64" toText="Hypothyroidism" type="OVERLAP" />
<TLINK id="SECTIME110" fromID="E0" fromText="Admission" toID="T1" toText="2015-07-12" type="OVERLAP" />
<TLINK id="SECTIME111" fromID="T1" fromText="2015-07-12" toID="E0" toText="Admission" type="OVERLAP" />
<TLINK id="SECTIME112" fromID="T1" fromText="2015-07-12" toID="E74" toText="Discharge" type="BEFORE" />
<TLINK id="SECTIME113" fromID="E74" fromText="Discharge" toID="T1" toText="2015-07-12" type="AFTER" />
<TLINK id="SECTIME114" fromID="E74" fromText="Discharge" toID="T2" toText="2015-07-19" type="OVERLAP" />
<TLINK id="SECTIME115" fromID="T2" fromText="2015-07-19" toID="E74" toText="Discharge" type="OVERLAP" />
<TLINK id="TL36" fromID="E79" fromText="increasing cough" toID="E96" toText="a persistent fairly severe cough" type="OVERLAP" />
<TLINK id="TL37" fromID="E79" fromText="increasing cough" toID="E23" toText="her cough" type="OVERLAP" />
<TLINK id="TL38" fromID="E79" fromText="increasing cough" toID="E26" toText="repeated coughing" type="OVERLAP" />
<TLINK id="TL39" fromID="E79" fromText="increasing cough" toID="E27" toText="The cough" type="OVERLAP" />
<TLINK id="TL40" fromID="E79" fromText="increasing cough" toID="E42" toText="persistent cough" type="OVERLAP" />
<TLINK id="TL41" fromID="E3" fromText="albuterol" toID="E33" toText="albuterol nebulizers" type="OVERLAP" />
<TLINK id="TL42" fromID="E5" fromText="Levaquin" toID="E17" toText="Levaquin" type="OVERLAP" />
<TLINK id="TL43" fromID="E5" fromText="Levaquin" toID="E37" toText="Levaquin" type="OVERLAP" />
<TLINK id="TL44" fromID="E5" fromText="Levaquin" toID="E39" toText="Levaquin" type="OVERLAP" />
<TLINK id="TL45" fromID="E6" fromText="a right lower lobe pneumonia" toID="E13" toText="community - acquired pneumonia" type="OVERLAP" />
<TLINK id="TL46" fromID="E6" fromText="a right lower lobe pneumonia" toID="E16" toText="her pneumonia" type="OVERLAP" />
<TLINK id="TL47" fromID="E88" fromText="ARDS" toID="E12" toText="acute respiratory distress syndrome" type="OVERLAP" />
<TLINK id="TL48" fromID="E12" fromText="acute respiratory distress syndrome" toID="E88" toText="ARDS" type="OVERLAP" />
<TLINK id="TL49" fromID="E13" fromText="community - acquired pneumonia" toID="E6" toText="a right lower lobe pneumonia" type="OVERLAP" />
<TLINK id="TL50" fromID="E13" fromText="community - acquired pneumonia" toID="E16" toText="her pneumonia" type="OVERLAP" />
<TLINK id="TL51" fromID="E15" fromText="antibiotic coverage" toID="E31" toText="the triple antibiotics" type="OVERLAP" />
<TLINK id="TL52" fromID="E15" fromText="antibiotic coverage" toID="E35" toText="the antibiotics" type="OVERLAP" />
<TLINK id="TL53" fromID="E16" fromText="her pneumonia" toID="E6" toText="a right lower lobe pneumonia" type="OVERLAP" />
<TLINK id="TL54" fromID="E16" fromText="her pneumonia" toID="E13" toText="community - acquired pneumonia" type="OVERLAP" />
<TLINK id="TL55" fromID="E17" fromText="Levaquin" toID="E5" toText="Levaquin" type="OVERLAP" />
<TLINK id="TL56" fromID="E17" fromText="Levaquin" toID="E37" toText="Levaquin" type="OVERLAP" />
<TLINK id="TL57" fromID="E17" fromText="Levaquin" toID="E39" toText="Levaquin" type="OVERLAP" />
<TLINK id="TL58" fromID="E18" fromText="ceftriaxone" toID="E38" toText="The ceftriaxone" type="OVERLAP" />
<TLINK id="TL59" fromID="E19" fromText="vancomycin" toID="E36" toText="The vancomycin" type="OVERLAP" />
<TLINK id="TL60" fromID="E21" fromText="extubation" toID="E34" toText="extubation" type="OVERLAP" />
<TLINK id="TL61" fromID="E96" fromText="a persistent fairly severe cough" toID="E79" toText="increasing cough" type="OVERLAP" />
<TLINK id="TL62" fromID="E96" fromText="a persistent fairly severe cough" toID="E27" toText="The cough" type="OVERLAP" />
<TLINK id="TL63" fromID="E96" fromText="a persistent fairly severe cough" toID="E42" toText="persistent cough" type="OVERLAP" />
<TLINK id="TL64" fromID="E23" fromText="her cough" toID="E79" toText="increasing cough" type="OVERLAP" />
<TLINK id="TL65" fromID="E23" fromText="her cough" toID="E27" toText="The cough" type="OVERLAP" />
<TLINK id="TL66" fromID="E23" fromText="her cough" toID="E42" toText="persistent cough" type="OVERLAP" />
<TLINK id="TL67" fromID="E25" fromText="abdominal muscle pain" toID="E104" toText="fairly significant abdominal pain" type="OVERLAP" />
<TLINK id="TL68" fromID="E25" fromText="abdominal muscle pain" toID="E47" toText="the pain" type="OVERLAP" />
<TLINK id="TL69" fromID="E26" fromText="repeated coughing" toID="E79" toText="increasing cough" type="OVERLAP" />
<TLINK id="TL70" fromID="E26" fromText="repeated coughing" toID="E27" toText="The cough" type="OVERLAP" />
<TLINK id="TL71" fromID="E26" fromText="repeated coughing" toID="E42" toText="persistent cough" type="OVERLAP" />
<TLINK id="TL72" fromID="E27" fromText="The cough" toID="E79" toText="increasing cough" type="OVERLAP" />
<TLINK id="TL73" fromID="E27" fromText="The cough" toID="E96" toText="a persistent fairly severe cough" type="OVERLAP" />
<TLINK id="TL74" fromID="E27" fromText="The cough" toID="E23" toText="her cough" type="OVERLAP" />
<TLINK id="TL75" fromID="E27" fromText="The cough" toID="E26" toText="repeated coughing" type="OVERLAP" />
<TLINK id="TL76" fromID="E27" fromText="The cough" toID="E42" toText="persistent cough" type="OVERLAP" />
<TLINK id="TL77" fromID="E31" fromText="the triple antibiotics" toID="E15" toText="antibiotic coverage" type="OVERLAP" />
<TLINK id="TL78" fromID="E31" fromText="the triple antibiotics" toID="E35" toText="the antibiotics" type="OVERLAP" />
<TLINK id="TL79" fromID="E33" fromText="albuterol nebulizers" toID="E3" toText="albuterol" type="OVERLAP" />
<TLINK id="TL80" fromID="E34" fromText="extubation" toID="E21" toText="extubation" type="OVERLAP" />
<TLINK id="TL81" fromID="E35" fromText="the antibiotics" toID="E15" toText="antibiotic coverage" type="OVERLAP" />
<TLINK id="TL82" fromID="E35" fromText="the antibiotics" toID="E31" toText="the triple antibiotics" type="OVERLAP" />
<TLINK id="TL83" fromID="E36" fromText="The vancomycin" toID="E19" toText="vancomycin" type="OVERLAP" />
<TLINK id="TL84" fromID="E37" fromText="Levaquin" toID="E5" toText="Levaquin" type="OVERLAP" />
<TLINK id="TL85" fromID="E37" fromText="Levaquin" toID="E17" toText="Levaquin" type="OVERLAP" />
<TLINK id="TL86" fromID="E37" fromText="Levaquin" toID="E39" toText="Levaquin" type="OVERLAP" />
<TLINK id="TL87" fromID="E38" fromText="The ceftriaxone" toID="E18" toText="ceftriaxone" type="OVERLAP" />
<TLINK id="TL88" fromID="E39" fromText="Levaquin" toID="E5" toText="Levaquin" type="OVERLAP" />
<TLINK id="TL89" fromID="E39" fromText="Levaquin" toID="E17" toText="Levaquin" type="OVERLAP" />
<TLINK id="TL90" fromID="E39" fromText="Levaquin" toID="E37" toText="Levaquin" type="OVERLAP" />
<TLINK id="TL91" fromID="E104" fromText="fairly significant abdominal pain" toID="E25" toText="abdominal muscle pain" type="OVERLAP" />
<TLINK id="TL92" fromID="E104" fromText="fairly significant abdominal pain" toID="E47" toText="the pain" type="OVERLAP" />
<TLINK id="TL93" fromID="E42" fromText="persistent cough" toID="E79" toText="increasing cough" type="OVERLAP" />
<TLINK id="TL94" fromID="E42" fromText="persistent cough" toID="E96" toText="a persistent fairly severe cough" type="OVERLAP" />
<TLINK id="TL95" fromID="E42" fromText="persistent cough" toID="E23" toText="her cough" type="OVERLAP" />
<TLINK id="TL96" fromID="E42" fromText="persistent cough" toID="E26" toText="repeated coughing" type="OVERLAP" />
<TLINK id="TL97" fromID="E42" fromText="persistent cough" toID="E27" toText="The cough" type="OVERLAP" />
<TLINK id="TL98" fromID="E47" fromText="the pain" toID="E25" toText="abdominal muscle pain" type="OVERLAP" />
<TLINK id="TL99" fromID="E47" fromText="the pain" toID="E104" toText="fairly significant abdominal pain" type="OVERLAP" />
<TLINK id="TL100" fromID="E50" fromText="Transaminitis" toID="E51" toText="mild transaminitis" type="OVERLAP" />
<TLINK id="TL101" fromID="E51" fromText="mild transaminitis" toID="E50" toText="Transaminitis" type="OVERLAP" />
<TLINK id="TL102" fromID="E53" fromText="Anemia" toID="E59" toText="iron-deficiency anemia" type="OVERLAP" />
<TLINK id="TL103" fromID="E59" fromText="iron-deficiency anemia" toID="E53" toText="Anemia" type="OVERLAP" />
<TLINK id="TL104" fromID="E64" fromText="Hypothyroidism" toID="E66" toText="her chronic hypothyroidism" type="OVERLAP" />
<TLINK id="TL105" fromID="E66" fromText="her chronic hypothyroidism" toID="E64" toText="Hypothyroidism" type="OVERLAP" />
<TLINK id="TL106" fromID="E37" fromText="Levaquin" toID="E39" toText="Levaquin" type="OVERLAP" />
<TLINK id="TL107" fromID="E39" fromText="Levaquin" toID="E37" toText="Levaquin" type="OVERLAP" />
<TLINK id="TL108" fromID="E0" fromText="Admission" toID="E85" toText="the hospital" type="BEFORE" />
<TLINK id="TL109" fromID="E0" fromText="Admission" toID="E98" toText="the hospitalization" type="BEFORE" />
<TLINK id="TL110" fromID="E0" fromText="Admission" toID="E101" toText="the hospital" type="BEFORE" />
<TLINK id="TL111" fromID="E0" fromText="Admission" toID="E102" toText="the hospital" type="BEFORE" />
<TLINK id="TL112" fromID="E0" fromText="Admission" toID="E111" toText="the hospital" type="BEFORE" />
<TLINK id="TL113" fromID="E74" fromText="Discharge" toID="E85" toText="the hospital" type="AFTER" />
<TLINK id="TL114" fromID="E74" fromText="Discharge" toID="E98" toText="the hospitalization" type="AFTER" />
<TLINK id="TL115" fromID="E74" fromText="Discharge" toID="E101" toText="the hospital" type="AFTER" />
<TLINK id="TL116" fromID="E74" fromText="Discharge" toID="E102" toText="the hospital" type="AFTER" />
<TLINK id="TL117" fromID="E74" fromText="Discharge" toID="E111" toText="the hospital" type="AFTER" />
<TLINK id="TL118" fromID="E0" fromText="Admission" toID="E78" toText="admission" type="OVERLAP" />
<TLINK id="TL119" fromID="E0" fromText="Admission" toID="E73" toText="admission" type="OVERLAP" />
<TLINK id="TL120" fromID="E0" fromText="Admission" toID="E91" toText="admission" type="OVERLAP" />
<TLINK id="TL121" fromID="E0" fromText="Admission" toID="E72" toText="admission" type="OVERLAP" />
<TLINK id="TL122" fromID="E78" fromText="admission" toID="E0" toText="Admission" type="OVERLAP" />
<TLINK id="TL123" fromID="E78" fromText="admission" toID="E73" toText="admission" type="OVERLAP" />
<TLINK id="TL124" fromID="E78" fromText="admission" toID="E91" toText="admission" type="OVERLAP" />
<TLINK id="TL125" fromID="E78" fromText="admission" toID="E72" toText="admission" type="OVERLAP" />
<TLINK id="TL126" fromID="E73" fromText="admission" toID="E0" toText="Admission" type="OVERLAP" />
<TLINK id="TL127" fromID="E73" fromText="admission" toID="E78" toText="admission" type="OVERLAP" />
<TLINK id="TL128" fromID="E73" fromText="admission" toID="E91" toText="admission" type="OVERLAP" />
<TLINK id="TL129" fromID="E73" fromText="admission" toID="E72" toText="admission" type="OVERLAP" />
<TLINK id="TL130" fromID="E91" fromText="admission" toID="E0" toText="Admission" type="OVERLAP" />
<TLINK id="TL131" fromID="E91" fromText="admission" toID="E78" toText="admission" type="OVERLAP" />
<TLINK id="TL132" fromID="E91" fromText="admission" toID="E73" toText="admission" type="OVERLAP" />
<TLINK id="TL133" fromID="E91" fromText="admission" toID="E72" toText="admission" type="OVERLAP" />
<TLINK id="TL134" fromID="E72" fromText="admission" toID="E0" toText="Admission" type="OVERLAP" />
<TLINK id="TL135" fromID="E72" fromText="admission" toID="E78" toText="admission" type="OVERLAP" />
<TLINK id="TL136" fromID="E72" fromText="admission" toID="E73" toText="admission" type="OVERLAP" />
<TLINK id="TL137" fromID="E72" fromText="admission" toID="E91" toText="admission" type="OVERLAP" />
<TLINK id="TL138" fromID="E75" fromText="transferred" toID="E76" toText="Shaugnessy-Kaplan Rehab Hospital" type="AFTER" />
<TLINK id="TL139" fromID="E76" fromText="Shaugnessy-Kaplan Rehab Hospital" toID="E75" toText="transferred" type="BEFORE" />
<TLINK id="TL140" fromID="E77" fromText="presented" toID="T0" toText="one week" type="AFTER" />
<TLINK id="TL141" fromID="E77" fromText="presented" toID="E78" toText="admission" type="BEFORE" />
<TLINK id="TL142" fromID="E77" fromText="presented" toID="E79" toText="increasing cough" type="AFTER" />
<TLINK id="TL143" fromID="E77" fromText="presented" toID="E80" toText="dyspnea" type="AFTER" />
<TLINK id="TL144" fromID="E77" fromText="presented" toID="E81" toText="fatigue" type="AFTER" />
<TLINK id="TL145" fromID="T0" fromText="one week" toID="E77" toText="presented" type="BEFORE" />
<TLINK id="TL146" fromID="T0" fromText="one week" toID="E78" toText="admission" type="BEFORE" />
<TLINK id="TL147" fromID="T0" fromText="one week" toID="E79" toText="increasing cough" type="AFTER" />
<TLINK id="TL148" fromID="T0" fromText="one week" toID="E80" toText="dyspnea" type="AFTER" />
<TLINK id="TL149" fromID="T0" fromText="one week" toID="E81" toText="fatigue" type="AFTER" />
<TLINK id="TL150" fromID="E78" fromText="admission" toID="E77" toText="presented" type="AFTER" />
<TLINK id="TL151" fromID="E78" fromText="admission" toID="T0" toText="one week" type="AFTER" />
<TLINK id="TL152" fromID="E78" fromText="admission" toID="E79" toText="increasing cough" type="AFTER" />
<TLINK id="TL153" fromID="E78" fromText="admission" toID="E80" toText="dyspnea" type="AFTER" />
<TLINK id="TL154" fromID="E78" fromText="admission" toID="E81" toText="fatigue" type="AFTER" />
<TLINK id="TL155" fromID="E79" fromText="increasing cough" toID="E77" toText="presented" type="BEFORE" />
<TLINK id="TL156" fromID="E79" fromText="increasing cough" toID="T0" toText="one week" type="BEFORE" />
<TLINK id="TL157" fromID="E79" fromText="increasing cough" toID="E78" toText="admission" type="BEFORE" />
<TLINK id="TL158" fromID="E79" fromText="increasing cough" toID="E80" toText="dyspnea" type="OVERLAP" />
<TLINK id="TL159" fromID="E79" fromText="increasing cough" toID="E81" toText="fatigue" type="OVERLAP" />
<TLINK id="TL160" fromID="E80" fromText="dyspnea" toID="E77" toText="presented" type="BEFORE" />
<TLINK id="TL161" fromID="E80" fromText="dyspnea" toID="T0" toText="one week" type="BEFORE" />
<TLINK id="TL162" fromID="E80" fromText="dyspnea" toID="E78" toText="admission" type="BEFORE" />
<TLINK id="TL163" fromID="E80" fromText="dyspnea" toID="E79" toText="increasing cough" type="OVERLAP" />
<TLINK id="TL164" fromID="E80" fromText="dyspnea" toID="E81" toText="fatigue" type="OVERLAP" />
<TLINK id="TL165" fromID="E81" fromText="fatigue" toID="E77" toText="presented" type="BEFORE" />
<TLINK id="TL166" fromID="E81" fromText="fatigue" toID="T0" toText="one week" type="BEFORE" />
<TLINK id="TL167" fromID="E81" fromText="fatigue" toID="E78" toText="admission" type="BEFORE" />
<TLINK id="TL168" fromID="E81" fromText="fatigue" toID="E79" toText="increasing cough" type="OVERLAP" />
<TLINK id="TL169" fromID="E81" fromText="fatigue" toID="E80" toText="dyspnea" type="OVERLAP" />
<TLINK id="TL170" fromID="E1" fromText="a Z-Pak" toID="E2" toText="treatment" type="OVERLAP" />
<TLINK id="TL171" fromID="E2" fromText="treatment" toID="E1" toText="a Z-Pak" type="OVERLAP" />
<TLINK id="TL172" fromID="E2" fromText="treatment" toID="E3" toText="albuterol" type="OVERLAP" />
<TLINK id="TL173" fromID="E3" fromText="albuterol" toID="E2" toText="treatment" type="OVERLAP" />
<TLINK id="TL174" fromID="E82" fromText="continued to worsen" toID="E83" toText="febrile" type="OVERLAP" />
<TLINK id="TL175" fromID="E83" fromText="febrile" toID="E82" toText="continued to worsen" type="OVERLAP" />
<TLINK id="TL176" fromID="E67" fromText="admitted" toID="E84" toText="Shaugnessy-Kaplan Rehab Hospital" type="BEFORE" />
<TLINK id="TL177" fromID="E67" fromText="admitted" toID="T3" toText="2015-07-10" type="OVERLAP" />
<TLINK id="TL178" fromID="E84" fromText="Shaugnessy-Kaplan Rehab Hospital" toID="E67" toText="admitted" type="AFTER" />
<TLINK id="TL179" fromID="E84" fromText="Shaugnessy-Kaplan Rehab Hospital" toID="T3" toText="2015-07-10" type="AFTER" />
<TLINK id="TL180" fromID="T3" fromText="2015-07-10" toID="E67" toText="admitted" type="OVERLAP" />
<TLINK id="TL181" fromID="T3" fromText="2015-07-10" toID="E84" toText="Shaugnessy-Kaplan Rehab Hospital" type="BEFORE" />
<TLINK id="TL182" fromID="E85" fromText="the hospital" toID="E4" toText="Rocephin" type="BEFORE" />
<TLINK id="TL183" fromID="E85" fromText="the hospital" toID="E5" toText="Levaquin" type="BEFORE" />
<TLINK id="TL184" fromID="E85" fromText="the hospital" toID="E6" toText="a right lower lobe pneumonia" type="AFTER" />
<TLINK id="TL185" fromID="E85" fromText="the hospital" toID="E7" toText="chest x-ray" type="OVERLAP" />
<TLINK id="TL186" fromID="E4" fromText="Rocephin" toID="E85" toText="the hospital" type="AFTER" />
<TLINK id="TL187" fromID="E4" fromText="Rocephin" toID="E5" toText="Levaquin" type="OVERLAP" />
<TLINK id="TL188" fromID="E4" fromText="Rocephin" toID="E6" toText="a right lower lobe pneumonia" type="AFTER" />
<TLINK id="TL189" fromID="E4" fromText="Rocephin" toID="E7" toText="chest x-ray" type="AFTER" />
<TLINK id="TL190" fromID="E5" fromText="Levaquin" toID="E85" toText="the hospital" type="AFTER" />
<TLINK id="TL191" fromID="E5" fromText="Levaquin" toID="E4" toText="Rocephin" type="OVERLAP" />
<TLINK id="TL192" fromID="E5" fromText="Levaquin" toID="E6" toText="a right lower lobe pneumonia" type="AFTER" />
<TLINK id="TL193" fromID="E5" fromText="Levaquin" toID="E7" toText="chest x-ray" type="AFTER" />
<TLINK id="TL194" fromID="E6" fromText="a right lower lobe pneumonia" toID="E85" toText="the hospital" type="BEFORE" />
<TLINK id="TL195" fromID="E6" fromText="a right lower lobe pneumonia" toID="E4" toText="Rocephin" type="BEFORE" />
<TLINK id="TL196" fromID="E6" fromText="a right lower lobe pneumonia" toID="E5" toText="Levaquin" type="BEFORE" />
<TLINK id="TL197" fromID="E6" fromText="a right lower lobe pneumonia" toID="E7" toText="chest x-ray" type="BEFORE" />
<TLINK id="TL198" fromID="E7" fromText="chest x-ray" toID="E85" toText="the hospital" type="OVERLAP" />
<TLINK id="TL199" fromID="E7" fromText="chest x-ray" toID="E4" toText="Rocephin" type="BEFORE" />
<TLINK id="TL200" fromID="E7" fromText="chest x-ray" toID="E5" toText="Levaquin" type="BEFORE" />
<TLINK id="TL201" fromID="E7" fromText="chest x-ray" toID="E6" toText="a right lower lobe pneumonia" type="AFTER" />
<TLINK id="TL202" fromID="E8" fromText="increasing respiratory distress" toID="E9" toText="hypoxia" type="OVERLAP" />
<TLINK id="TL203" fromID="E9" fromText="hypoxia" toID="E8" toText="increasing respiratory distress" type="OVERLAP" />
<TLINK id="TL204" fromID="E11" fromText="repeat chest x-ray" toID="E86" toText="showed" type="OVERLAP" />
<TLINK id="TL205" fromID="E11" fromText="repeat chest x-ray" toID="E87" toText="bilateral diffuse infiltrates" type="AFTER" />
<TLINK id="TL206" fromID="E11" fromText="repeat chest x-ray" toID="E88" toText="ARDS" type="AFTER" />
<TLINK id="TL207" fromID="E86" fromText="showed" toID="E11" toText="repeat chest x-ray" type="OVERLAP" />
<TLINK id="TL208" fromID="E86" fromText="showed" toID="E87" toText="bilateral diffuse infiltrates" type="AFTER" />
<TLINK id="TL209" fromID="E86" fromText="showed" toID="E88" toText="ARDS" type="AFTER" />
<TLINK id="TL210" fromID="E87" fromText="bilateral diffuse infiltrates" toID="E11" toText="repeat chest x-ray" type="BEFORE" />
<TLINK id="TL211" fromID="E87" fromText="bilateral diffuse infiltrates" toID="E86" toText="showed" type="BEFORE" />
<TLINK id="TL212" fromID="E87" fromText="bilateral diffuse infiltrates" toID="E88" toText="ARDS" type="OVERLAP" />
<TLINK id="TL213" fromID="E88" fromText="ARDS" toID="E11" toText="repeat chest x-ray" type="BEFORE" />
<TLINK id="TL214" fromID="E88" fromText="ARDS" toID="E86" toText="showed" type="BEFORE" />
<TLINK id="TL215" fromID="E88" fromText="ARDS" toID="E87" toText="bilateral diffuse infiltrates" type="OVERLAP" />
<TLINK id="TL216" fromID="E68" fromText="intubated" toID="E69" toText="transferred" type="BEFORE" />
<TLINK id="TL217" fromID="E68" fromText="intubated" toID="E89" toText="Hahnemann General Hospital CMED" type="BEFORE" />
<TLINK id="TL218" fromID="E69" fromText="transferred" toID="E68" toText="intubated" type="AFTER" />
<TLINK id="TL219" fromID="E69" fromText="transferred" toID="E89" toText="Hahnemann General Hospital CMED" type="BEFORE" />
<TLINK id="TL220" fromID="E89" fromText="Hahnemann General Hospital CMED" toID="E68" toText="intubated" type="AFTER" />
<TLINK id="TL221" fromID="E89" fromText="Hahnemann General Hospital CMED" toID="E69" toText="transferred" type="AFTER" />
<TLINK id="TL222" fromID="E73" fromText="admission" toID="E12" toText="acute respiratory distress syndrome" type="AFTER" />
<TLINK id="TL223" fromID="E73" fromText="admission" toID="E13" toText="community - acquired pneumonia" type="AFTER" />
<TLINK id="TL224" fromID="E12" fromText="acute respiratory distress syndrome" toID="E73" toText="admission" type="BEFORE" />
<TLINK id="TL225" fromID="E12" fromText="acute respiratory distress syndrome" toID="E13" toText="community - acquired pneumonia" type="AFTER" />
<TLINK id="TL226" fromID="E13" fromText="community - acquired pneumonia" toID="E73" toText="admission" type="BEFORE" />
<TLINK id="TL227" fromID="E13" fromText="community - acquired pneumonia" toID="E12" toText="acute respiratory distress syndrome" type="OVERLAP" />
<TLINK id="TL228" fromID="E14" fromText="a ventilator" toID="E90" toText="ventilated" type="OVERLAP" />
<TLINK id="TL229" fromID="E90" fromText="ventilated" toID="E14" toText="a ventilator" type="OVERLAP" />
<TLINK id="TL230" fromID="E15" fromText="antibiotic coverage" toID="E16" toText="her pneumonia" type="AFTER" />
<TLINK id="TL231" fromID="E16" fromText="her pneumonia" toID="E15" toText="antibiotic coverage" type="BEFORE" />
<TLINK id="TL232" fromID="E16" fromText="her pneumonia" toID="E17" toText="Levaquin" type="BEFORE" />
<TLINK id="TL233" fromID="E16" fromText="her pneumonia" toID="E18" toText="ceftriaxone" type="BEFORE" />
<TLINK id="TL234" fromID="E16" fromText="her pneumonia" toID="E19" toText="vancomycin" type="BEFORE" />
<TLINK id="TL235" fromID="E17" fromText="Levaquin" toID="E16" toText="her pneumonia" type="AFTER" />
<TLINK id="TL236" fromID="E17" fromText="Levaquin" toID="E18" toText="ceftriaxone" type="OVERLAP" />
<TLINK id="TL237" fromID="E17" fromText="Levaquin" toID="E19" toText="vancomycin" type="OVERLAP" />
<TLINK id="TL238" fromID="E18" fromText="ceftriaxone" toID="E16" toText="her pneumonia" type="AFTER" />
<TLINK id="TL239" fromID="E18" fromText="ceftriaxone" toID="E17" toText="Levaquin" type="OVERLAP" />
<TLINK id="TL240" fromID="E18" fromText="ceftriaxone" toID="E19" toText="vancomycin" type="OVERLAP" />
<TLINK id="TL241" fromID="E19" fromText="vancomycin" toID="E16" toText="her pneumonia" type="AFTER" />
<TLINK id="TL242" fromID="E19" fromText="vancomycin" toID="E17" toText="Levaquin" type="OVERLAP" />
<TLINK id="TL243" fromID="E19" fromText="vancomycin" toID="E18" toText="ceftriaxone" type="OVERLAP" />
<TLINK id="TL244" fromID="T4" fromText="the next two days" toID="E91" toText="admission" type="AFTER" />
<TLINK id="TL245" fromID="T4" fromText="the next two days" toID="E20" toText="the patient 's vent settings" type="AFTER" />
<TLINK id="TL246" fromID="T4" fromText="the next two days" toID="E92" toText="gradually weaned" type="OVERLAP" />
<TLINK id="TL247" fromID="T4" fromText="the next two days" toID="E93" toText="transferred" type="BEFORE" />
<TLINK id="TL248" fromID="T4" fromText="the next two days" toID="E94" toText="this hospital" type="BEFORE" />
<TLINK id="TL249" fromID="E91" fromText="admission" toID="T4" toText="the next two days" type="BEFORE" />
<TLINK id="TL250" fromID="E91" fromText="admission" toID="E20" toText="the patient 's vent settings" type="BEFORE" />
<TLINK id="TL251" fromID="E91" fromText="admission" toID="E92" toText="gradually weaned" type="BEFORE" />
<TLINK id="TL252" fromID="E91" fromText="admission" toID="E70" toText="extubated" type="BEFORE" />
<TLINK id="TL253" fromID="E91" fromText="admission" toID="T5" toText="two days" type="BEFORE" />
<TLINK id="TL254" fromID="E91" fromText="admission" toID="E93" toText="transferred" type="BEFORE" />
<TLINK id="TL255" fromID="E91" fromText="admission" toID="E94" toText="this hospital" type="BEFORE" />
<TLINK id="TL256" fromID="E20" fromText="the patient 's vent settings" toID="T4" toText="the next two days" type="BEFORE" />
<TLINK id="TL257" fromID="E20" fromText="the patient 's vent settings" toID="E91" toText="admission" type="AFTER" />
<TLINK id="TL258" fromID="E20" fromText="the patient 's vent settings" toID="E92" toText="gradually weaned" type="BEFORE" />
<TLINK id="TL259" fromID="E20" fromText="the patient 's vent settings" toID="E70" toText="extubated" type="BEFORE" />
<TLINK id="TL260" fromID="E20" fromText="the patient 's vent settings" toID="T5" toText="two days" type="BEFORE" />
<TLINK id="TL261" fromID="E20" fromText="the patient 's vent settings" toID="E93" toText="transferred" type="BEFORE" />
<TLINK id="TL262" fromID="E20" fromText="the patient 's vent settings" toID="E94" toText="this hospital" type="BEFORE" />
<TLINK id="TL263" fromID="E92" fromText="gradually weaned" toID="T4" toText="the next two days" type="OVERLAP" />
<TLINK id="TL264" fromID="E92" fromText="gradually weaned" toID="E91" toText="admission" type="AFTER" />
<TLINK id="TL265" fromID="E92" fromText="gradually weaned" toID="E20" toText="the patient 's vent settings" type="AFTER" />
<TLINK id="TL266" fromID="E92" fromText="gradually weaned" toID="E70" toText="extubated" type="BEFORE" />
<TLINK id="TL267" fromID="E92" fromText="gradually weaned" toID="T5" toText="two days" type="BEFORE" />
<TLINK id="TL268" fromID="E92" fromText="gradually weaned" toID="E93" toText="transferred" type="BEFORE" />
<TLINK id="TL269" fromID="E92" fromText="gradually weaned" toID="E94" toText="this hospital" type="BEFORE" />
<TLINK id="TL270" fromID="E70" fromText="extubated" toID="E91" toText="admission" type="AFTER" />
<TLINK id="TL271" fromID="E70" fromText="extubated" toID="E20" toText="the patient 's vent settings" type="AFTER" />
<TLINK id="TL272" fromID="E70" fromText="extubated" toID="E92" toText="gradually weaned" type="AFTER" />
<TLINK id="TL273" fromID="E70" fromText="extubated" toID="T5" toText="two days" type="OVERLAP" />
<TLINK id="TL274" fromID="E70" fromText="extubated" toID="E93" toText="transferred" type="BEFORE" />
<TLINK id="TL275" fromID="E70" fromText="extubated" toID="E94" toText="this hospital" type="AFTER" />
<TLINK id="TL276" fromID="T5" fromText="two days" toID="E91" toText="admission" type="AFTER" />
<TLINK id="TL277" fromID="T5" fromText="two days" toID="E20" toText="the patient 's vent settings" type="AFTER" />
<TLINK id="TL278" fromID="T5" fromText="two days" toID="E92" toText="gradually weaned" type="AFTER" />
<TLINK id="TL279" fromID="T5" fromText="two days" toID="E70" toText="extubated" type="OVERLAP" />
<TLINK id="TL280" fromID="T5" fromText="two days" toID="E93" toText="transferred" type="BEFORE" />
<TLINK id="TL281" fromID="T5" fromText="two days" toID="E94" toText="this hospital" type="BEFORE" />
<TLINK id="TL282" fromID="E93" fromText="transferred" toID="T4" toText="the next two days" type="AFTER" />
<TLINK id="TL283" fromID="E93" fromText="transferred" toID="E91" toText="admission" type="AFTER" />
<TLINK id="TL284" fromID="E93" fromText="transferred" toID="E20" toText="the patient 's vent settings" type="AFTER" />
<TLINK id="TL285" fromID="E93" fromText="transferred" toID="E92" toText="gradually weaned" type="AFTER" />
<TLINK id="TL286" fromID="E93" fromText="transferred" toID="E70" toText="extubated" type="AFTER" />
<TLINK id="TL287" fromID="E93" fromText="transferred" toID="T5" toText="two days" type="AFTER" />
<TLINK id="TL288" fromID="E93" fromText="transferred" toID="E94" toText="this hospital" type="BEFORE" />
<TLINK id="TL289" fromID="E94" fromText="this hospital" toID="T4" toText="the next two days" type="AFTER" />
<TLINK id="TL290" fromID="E94" fromText="this hospital" toID="E91" toText="admission" type="AFTER" />
<TLINK id="TL291" fromID="E94" fromText="this hospital" toID="E20" toText="the patient 's vent settings" type="AFTER" />
<TLINK id="TL292" fromID="E94" fromText="this hospital" toID="E92" toText="gradually weaned" type="AFTER" />
<TLINK id="TL293" fromID="E94" fromText="this hospital" toID="E70" toText="extubated" type="BEFORE" />
<TLINK id="TL294" fromID="E94" fromText="this hospital" toID="T5" toText="two days" type="AFTER" />
<TLINK id="TL295" fromID="E94" fromText="this hospital" toID="E93" toText="transferred" type="AFTER" />
<TLINK id="TL296" fromID="E21" fromText="extubation" toID="E95" toText="oxygenating well" type="BEFORE" />
<TLINK id="TL297" fromID="E21" fromText="extubation" toID="E22" toText="face mask" type="BEFORE" />
<TLINK id="TL298" fromID="E95" fromText="oxygenating well" toID="E21" toText="extubation" type="AFTER" />
<TLINK id="TL299" fromID="E95" fromText="oxygenating well" toID="E22" toText="face mask" type="OVERLAP" />
<TLINK id="TL300" fromID="E22" fromText="face mask" toID="E21" toText="extubation" type="AFTER" />
<TLINK id="TL301" fromID="E22" fromText="face mask" toID="E95" toText="oxygenating well" type="OVERLAP" />
<TLINK id="TL302" fromID="E96" fromText="a persistent fairly severe cough" toID="E24" toText="weak" type="OVERLAP" />
<TLINK id="TL303" fromID="E96" fromText="a persistent fairly severe cough" toID="E25" toText="abdominal muscle pain" type="BEFORE" />
<TLINK id="TL304" fromID="E96" fromText="a persistent fairly severe cough" toID="E26" toText="repeated coughing" type="BEFORE" />
<TLINK id="TL305" fromID="E23" fromText="her cough" toID="E24" toText="weak" type="OVERLAP" />
<TLINK id="TL306" fromID="E23" fromText="her cough" toID="E25" toText="abdominal muscle pain" type="BEFORE" />
<TLINK id="TL307" fromID="E23" fromText="her cough" toID="E26" toText="repeated coughing" type="OVERLAP" />
<TLINK id="TL308" fromID="E24" fromText="weak" toID="E96" toText="a persistent fairly severe cough" type="OVERLAP" />
<TLINK id="TL309" fromID="E24" fromText="weak" toID="E23" toText="her cough" type="OVERLAP" />
<TLINK id="TL310" fromID="E24" fromText="weak" toID="E25" toText="abdominal muscle pain" type="OVERLAP" />
<TLINK id="TL311" fromID="E24" fromText="weak" toID="E26" toText="repeated coughing" type="AFTER" />
<TLINK id="TL312" fromID="E25" fromText="abdominal muscle pain" toID="E96" toText="a persistent fairly severe cough" type="AFTER" />
<TLINK id="TL313" fromID="E25" fromText="abdominal muscle pain" toID="E23" toText="her cough" type="AFTER" />
<TLINK id="TL314" fromID="E25" fromText="abdominal muscle pain" toID="E24" toText="weak" type="OVERLAP" />
<TLINK id="TL315" fromID="E25" fromText="abdominal muscle pain" toID="E26" toText="repeated coughing" type="AFTER" />
<TLINK id="TL316" fromID="E26" fromText="repeated coughing" toID="E96" toText="a persistent fairly severe cough" type="AFTER" />
<TLINK id="TL317" fromID="E26" fromText="repeated coughing" toID="E23" toText="her cough" type="OVERLAP" />
<TLINK id="TL318" fromID="E26" fromText="repeated coughing" toID="E24" toText="weak" type="BEFORE" />
<TLINK id="TL319" fromID="E26" fromText="repeated coughing" toID="E25" toText="abdominal muscle pain" type="BEFORE" />
<TLINK id="TL320" fromID="E27" fromText="The cough" toID="E28" toText="mostly nonproductive" type="OVERLAP" />
<TLINK id="TL321" fromID="E28" fromText="mostly nonproductive" toID="E27" toText="The cough" type="OVERLAP" />
<TLINK id="TL322" fromID="E29" fromText="identified bacterial pathogen" toID="E30" toText="any cultures" type="OVERLAP" />
<TLINK id="TL323" fromID="E29" fromText="identified bacterial pathogen" toID="E31" toText="the triple antibiotics" type="BEFORE" />
<TLINK id="TL324" fromID="E29" fromText="identified bacterial pathogen" toID="T6" toText="first several days" type="OVERLAP" />
<TLINK id="TL325" fromID="E29" fromText="identified bacterial pathogen" toID="E98" toText="the hospitalization" type="OVERLAP" />
<TLINK id="TL326" fromID="E30" fromText="any cultures" toID="E29" toText="identified bacterial pathogen" type="OVERLAP" />
<TLINK id="TL327" fromID="E30" fromText="any cultures" toID="E31" toText="the triple antibiotics" type="OVERLAP" />
<TLINK id="TL328" fromID="E30" fromText="any cultures" toID="T6" toText="first several days" type="OVERLAP" />
<TLINK id="TL329" fromID="E30" fromText="any cultures" toID="E98" toText="the hospitalization" type="OVERLAP" />
<TLINK id="TL330" fromID="E31" fromText="the triple antibiotics" toID="E29" toText="identified bacterial pathogen" type="AFTER" />
<TLINK id="TL331" fromID="E31" fromText="the triple antibiotics" toID="E30" toText="any cultures" type="AFTER" />
<TLINK id="TL332" fromID="E31" fromText="the triple antibiotics" toID="T6" toText="first several days" type="OVERLAP" />
<TLINK id="TL333" fromID="E31" fromText="the triple antibiotics" toID="E98" toText="the hospitalization" type="OVERLAP" />
<TLINK id="TL334" fromID="T6" fromText="first several days" toID="E29" toText="identified bacterial pathogen" type="OVERLAP" />
<TLINK id="TL335" fromID="T6" fromText="first several days" toID="E30" toText="any cultures" type="OVERLAP" />
<TLINK id="TL336" fromID="T6" fromText="first several days" toID="E31" toText="the triple antibiotics" type="OVERLAP" />
<TLINK id="TL337" fromID="T6" fromText="first several days" toID="E98" toText="the hospitalization" type="OVERLAP" />
<TLINK id="TL338" fromID="E98" fromText="the hospitalization" toID="E29" toText="identified bacterial pathogen" type="OVERLAP" />
<TLINK id="TL339" fromID="E98" fromText="the hospitalization" toID="E30" toText="any cultures" type="OVERLAP" />
<TLINK id="TL340" fromID="E98" fromText="the hospitalization" toID="E31" toText="the triple antibiotics" type="OVERLAP" />
<TLINK id="TL341" fromID="E98" fromText="the hospitalization" toID="T6" toText="first several days" type="OVERLAP" />
<TLINK id="TL342" fromID="E32" fromText="round-the-clock Atrovent" toID="E33" toText="albuterol nebulizers" type="OVERLAP" />
<TLINK id="TL343" fromID="E33" fromText="albuterol nebulizers" toID="E32" toText="round-the-clock Atrovent" type="OVERLAP" />
<TLINK id="TL344" fromID="E71" fromText="transferred" toID="E99" toText="the ICU" type="AFTER" />
<TLINK id="TL345" fromID="E71" fromText="transferred" toID="E35" toText="the antibiotics" type="AFTER" />
<TLINK id="TL346" fromID="E71" fromText="transferred" toID="E100" toText="gradually narrowed" type="AFTER" />
<TLINK id="TL347" fromID="E99" fromText="the ICU" toID="E71" toText="transferred" type="BEFORE" />
<TLINK id="TL348" fromID="E99" fromText="the ICU" toID="E34" toText="extubation" type="AFTER" />
<TLINK id="TL349" fromID="E99" fromText="the ICU" toID="E35" toText="the antibiotics" type="AFTER" />
<TLINK id="TL350" fromID="E99" fromText="the ICU" toID="E100" toText="gradually narrowed" type="BEFORE" />
<TLINK id="TL351" fromID="E34" fromText="extubation" toID="E99" toText="the ICU" type="BEFORE" />
<TLINK id="TL352" fromID="E34" fromText="extubation" toID="E35" toText="the antibiotics" type="BEFORE" />
<TLINK id="TL353" fromID="E34" fromText="extubation" toID="E100" toText="gradually narrowed" type="BEFORE" />
<TLINK id="TL354" fromID="E35" fromText="the antibiotics" toID="E71" toText="transferred" type="BEFORE" />
<TLINK id="TL355" fromID="E35" fromText="the antibiotics" toID="E99" toText="the ICU" type="BEFORE" />
<TLINK id="TL356" fromID="E35" fromText="the antibiotics" toID="E34" toText="extubation" type="AFTER" />
<TLINK id="TL357" fromID="E35" fromText="the antibiotics" toID="E100" toText="gradually narrowed" type="BEFORE" />
<TLINK id="TL358" fromID="E100" fromText="gradually narrowed" toID="E71" toText="transferred" type="BEFORE" />
<TLINK id="TL359" fromID="E100" fromText="gradually narrowed" toID="E99" toText="the ICU" type="AFTER" />
<TLINK id="TL360" fromID="E100" fromText="gradually narrowed" toID="E34" toText="extubation" type="AFTER" />
<TLINK id="TL361" fromID="E100" fromText="gradually narrowed" toID="E35" toText="the antibiotics" type="AFTER" />
<TLINK id="TL362" fromID="E36" fromText="The vancomycin" toID="E37" toText="Levaquin" type="OVERLAP" />
<TLINK id="TL363" fromID="E36" fromText="The vancomycin" toID="T7" toText="four days" type="OVERLAP" />
<TLINK id="TL364" fromID="E36" fromText="The vancomycin" toID="E101" toText="the hospital" type="OVERLAP" />
<TLINK id="TL365" fromID="E37" fromText="Levaquin" toID="E36" toText="The vancomycin" type="OVERLAP" />
<TLINK id="TL366" fromID="E37" fromText="Levaquin" toID="T7" toText="four days" type="OVERLAP" />
<TLINK id="TL367" fromID="E37" fromText="Levaquin" toID="E101" toText="the hospital" type="OVERLAP" />
<TLINK id="TL368" fromID="T7" fromText="four days" toID="E36" toText="The vancomycin" type="OVERLAP" />
<TLINK id="TL369" fromID="T7" fromText="four days" toID="E37" toText="Levaquin" type="OVERLAP" />
<TLINK id="TL370" fromID="T7" fromText="four days" toID="E101" toText="the hospital" type="BEFORE" />
<TLINK id="TL371" fromID="E101" fromText="the hospital" toID="E36" toText="The vancomycin" type="OVERLAP" />
<TLINK id="TL372" fromID="E101" fromText="the hospital" toID="E37" toText="Levaquin" type="OVERLAP" />
<TLINK id="TL373" fromID="E101" fromText="the hospital" toID="T7" toText="four days" type="AFTER" />
<TLINK id="TL374" fromID="E38" fromText="The ceftriaxone" toID="T8" toText="four days" type="OVERLAP" />
<TLINK id="TL375" fromID="E38" fromText="The ceftriaxone" toID="E102" toText="the hospital" type="AFTER" />
<TLINK id="TL376" fromID="E38" fromText="The ceftriaxone" toID="E39" toText="Levaquin" type="BEFORE" />
<TLINK id="TL377" fromID="T8" fromText="four days" toID="E38" toText="The ceftriaxone" type="OVERLAP" />
<TLINK id="TL378" fromID="T8" fromText="four days" toID="E102" toText="the hospital" type="BEFORE" />
<TLINK id="TL379" fromID="T8" fromText="four days" toID="E39" toText="Levaquin" type="BEFORE" />
<TLINK id="TL380" fromID="E102" fromText="the hospital" toID="E38" toText="The ceftriaxone" type="BEFORE" />
<TLINK id="TL381" fromID="E102" fromText="the hospital" toID="T8" toText="four days" type="AFTER" />
<TLINK id="TL382" fromID="E39" fromText="Levaquin" toID="E38" toText="The ceftriaxone" type="AFTER" />
<TLINK id="TL383" fromID="E39" fromText="Levaquin" toID="T8" toText="four days" type="AFTER" />
<TLINK id="TL384" fromID="E103" fromText="gradual improvement" toID="E40" toText="her oxygenation" type="OVERLAP" />
<TLINK id="TL385" fromID="E40" fromText="her oxygenation" toID="E103" toText="gradual improvement" type="OVERLAP" />
<TLINK id="TL386" fromID="E104" fromText="fairly significant abdominal pain" toID="E42" toText="persistent cough" type="OVERLAP" />
<TLINK id="TL387" fromID="E42" fromText="persistent cough" toID="E104" toText="fairly significant abdominal pain" type="OVERLAP" />
<TLINK id="TL388" fromID="E43" fromText="MS Contin" toID="E44" toText="oxycodone" type="OVERLAP" />
<TLINK id="TL389" fromID="E43" fromText="MS Contin" toID="E45" toText="breakthrough pain" type="AFTER" />
<TLINK id="TL390" fromID="E44" fromText="oxycodone" toID="E43" toText="MS Contin" type="OVERLAP" />
<TLINK id="TL391" fromID="E44" fromText="oxycodone" toID="E45" toText="breakthrough pain" type="AFTER" />
<TLINK id="TL392" fromID="E45" fromText="breakthrough pain" toID="E43" toText="MS Contin" type="BEFORE" />
<TLINK id="TL393" fromID="E45" fromText="breakthrough pain" toID="E44" toText="oxycodone" type="BEFORE" />
<TLINK id="TL394" fromID="E105" fromText="helped" toID="E46" toText="difficulty coughing" type="OVERLAP" />
<TLINK id="TL395" fromID="E105" fromText="helped" toID="E47" toText="the pain" type="AFTER" />
<TLINK id="TL396" fromID="E46" fromText="difficulty coughing" toID="E105" toText="helped" type="OVERLAP" />
<TLINK id="TL397" fromID="E46" fromText="difficulty coughing" toID="E47" toText="the pain" type="OVERLAP" />
<TLINK id="TL398" fromID="E47" fromText="the pain" toID="E105" toText="helped" type="BEFORE" />
<TLINK id="TL399" fromID="E47" fromText="the pain" toID="E46" toText="difficulty coughing" type="OVERLAP" />
<TLINK id="TL400" fromID="E48" fromText="Tylenol" toID="E49" toText="ibuprofen" type="OVERLAP" />
<TLINK id="TL401" fromID="E49" fromText="ibuprofen" toID="E48" toText="Tylenol" type="OVERLAP" />
<TLINK id="TL402" fromID="E51" fromText="mild transaminitis" toID="E72" toText="admission" type="OVERLAP" />
<TLINK id="TL403" fromID="E72" fromText="admission" toID="E51" toText="mild transaminitis" type="OVERLAP" />
<TLINK id="TL404" fromID="E106" fromText="followed" toID="E107" toText="returns back to normal" type="BEFORE" />
<TLINK id="TL405" fromID="E107" fromText="returns back to normal" toID="E106" toText="followed" type="AFTER" />
<TLINK id="TL406" fromID="E54" fromText="The patient 's reticulocyte count" toID="E108" toText="showed" type="OVERLAP" />
<TLINK id="TL407" fromID="E54" fromText="The patient 's reticulocyte count" toID="E55" toText="inadequate production" type="AFTER" />
<TLINK id="TL408" fromID="E108" fromText="showed" toID="E54" toText="The patient 's reticulocyte count" type="OVERLAP" />
<TLINK id="TL409" fromID="E108" fromText="showed" toID="E55" toText="inadequate production" type="AFTER" />
<TLINK id="TL410" fromID="E55" fromText="inadequate production" toID="E54" toText="The patient 's reticulocyte count" type="BEFORE" />
<TLINK id="TL411" fromID="E55" fromText="inadequate production" toID="E108" toText="showed" type="BEFORE" />
<TLINK id="TL412" fromID="E56" fromText="Iron studies" toID="E109" toText="showed" type="OVERLAP" />
<TLINK id="TL413" fromID="E56" fromText="Iron studies" toID="E57" toText="decreased iron" type="AFTER" />
<TLINK id="TL414" fromID="E56" fromText="Iron studies" toID="E58" toText="decreased iron to TIBC ratio" type="AFTER" />
<TLINK id="TL415" fromID="E56" fromText="Iron studies" toID="E59" toText="iron-deficiency anemia" type="AFTER" />
<TLINK id="TL416" fromID="E56" fromText="Iron studies" toID="E60" toText="high MCV" type="AFTER" />
<TLINK id="TL417" fromID="E109" fromText="showed" toID="E56" toText="Iron studies" type="OVERLAP" />
<TLINK id="TL418" fromID="E109" fromText="showed" toID="E57" toText="decreased iron" type="AFTER" />
<TLINK id="TL419" fromID="E109" fromText="showed" toID="E58" toText="decreased iron to TIBC ratio" type="AFTER" />
<TLINK id="TL420" fromID="E109" fromText="showed" toID="E59" toText="iron-deficiency anemia" type="AFTER" />
<TLINK id="TL421" fromID="E109" fromText="showed" toID="E60" toText="high MCV" type="AFTER" />
<TLINK id="TL422" fromID="E57" fromText="decreased iron" toID="E56" toText="Iron studies" type="BEFORE" />
<TLINK id="TL423" fromID="E57" fromText="decreased iron" toID="E109" toText="showed" type="BEFORE" />
<TLINK id="TL424" fromID="E57" fromText="decreased iron" toID="E58" toText="decreased iron to TIBC ratio" type="OVERLAP" />
<TLINK id="TL425" fromID="E58" fromText="decreased iron to TIBC ratio" toID="E56" toText="Iron studies" type="BEFORE" />
<TLINK id="TL426" fromID="E58" fromText="decreased iron to TIBC ratio" toID="E109" toText="showed" type="BEFORE" />
<TLINK id="TL427" fromID="E58" fromText="decreased iron to TIBC ratio" toID="E57" toText="decreased iron" type="OVERLAP" />
<TLINK id="TL428" fromID="E58" fromText="decreased iron to TIBC ratio" toID="E59" toText="iron-deficiency anemia" type="OVERLAP" />
<TLINK id="TL429" fromID="E59" fromText="iron-deficiency anemia" toID="E56" toText="Iron studies" type="BEFORE" />
<TLINK id="TL430" fromID="E59" fromText="iron-deficiency anemia" toID="E109" toText="showed" type="BEFORE" />
<TLINK id="TL431" fromID="E59" fromText="iron-deficiency anemia" toID="E58" toText="decreased iron to TIBC ratio" type="OVERLAP" />
<TLINK id="TL432" fromID="E60" fromText="high MCV" toID="E56" toText="Iron studies" type="BEFORE" />
<TLINK id="TL433" fromID="E60" fromText="high MCV" toID="E109" toText="showed" type="BEFORE" />
<TLINK id="TL434" fromID="E110" fromText="low" toID="E62" toText="IM B12" type="BEFORE" />
<TLINK id="TL435" fromID="E110" fromText="low" toID="E111" toText="the hospital" type="OVERLAP" />
<TLINK id="TL436" fromID="E62" fromText="IM B12" toID="E110" toText="low" type="AFTER" />
<TLINK id="TL437" fromID="E62" fromText="IM B12" toID="E111" toText="the hospital" type="OVERLAP" />
<TLINK id="TL438" fromID="E111" fromText="the hospital" toID="E110" toText="low" type="OVERLAP" />
<TLINK id="TL439" fromID="E111" fromText="the hospital" toID="E62" toText="IM B12" type="OVERLAP" />
<TLINK id="TL440" fromID="E65" fromText="Synthroid" toID="E66" toText="her chronic hypothyroidism" type="AFTER" />
<TLINK id="TL441" fromID="E66" fromText="her chronic hypothyroidism" toID="E65" toText="Synthroid" type="BEFORE" />
</TAGS>
</ClinicalNarrativeTemporalAnnotation>
