<?xml version="1.0" encoding="UTF-8" ?>
<ClinicalNarrativeTemporalAnnotation>
<TEXT><![CDATA[
Admission Date :
2017-05-14
Discharge Date :
2017-06-26
Service :
CMED CCU
HISTORY OF PRESENT ILLNESS :
Jadiara Harrison is twin #1 born to a 17 year-old primiparous mother at 31 weeks gestation .
Mother was admitted to the Nantucket Cottage Hospital from Lawrence General Hospital Hospital on 05-01 with cervical effacement and preterm labor .
She was treated with magnesium sulfate .
She had previously been admitted here at the 24th week after a motor vehicle accident .She was treated with tocolysis and betamethasone at that time .
Due to progressing labor and presentation of twins , delivery was by Cesarean section .
Prenatal screens were notable for blood type 0 positive , antibody negative , hepatitis B surface antigen negative , RPR nonreactive .
Rubella status was not documented .
Group B strep status was unknown .
Infant emerged from the breech position .
She was vigorous .
She was given blow-by oxygen and stimulation .
Her Apgars were 7 at 1 minute and 9 at 5 minutes .
She was brought to the CMED CSRU for further evaluation .
HOSPITAL COURSE :
Respiratory :
On admission , infant did not require supplemental oxygen or respiratory support .
Since that time , Jadiara has always been in room air without requiring supplemental oxygen .
She was noted to have apnea of prematurity , treated with caffeine until 2017-06-04 .
Since that time , she has had very rare spells , with none for over one week by the time of discharge .
Cardiovascular :
She was hemodynamically stable upon admission with normal blood pressures and heart rate .
On day of life 15 , she was noted to have a murmur , eventually prompting evaluation by ECHO .
The ECHO revealed an anomalous left coronary , with one end entering the right ventricular outflow tract and the other end not clearly defined .
It was unable to be delineated whether this represented an anomalous left coronary artery arising from the pulmonary artery ( LCAPA ) or a left coronary artery fistula to the pulmonar artery .
The right coronary was prominent , and there appeared to be coronary artery collateral vessels in the posterior apical myocardium .
A small apical muscular VSD was also noted .
Several additional ECHOs were performed , including an ECHO in the cardiology department at HealthSouth Rehab Hospital of Western Mass ., but the anatomy of the left coronary artery could not be further defined .
Due to the risks of coronary ischemia if this represented an LCAPA , the infant was followed with regular ECHOs and EKGs during the remainder of hospitalization , with no evidence of ischemia , valvular regurgitation , or compromised ventricular function .
She will be continued to be followed closely by cardiology as an outpatient , with likely plans for cardiac catheterization and surgical repair when she grows to 3.5 to 4 kg .
Fluids , electrolytes and nutrition :
The infant was initially maintained on IVF , with introduction of enteral feeds on day of life 2 .
She was advanced to full volume enteral feeds by day of life 7 , and then to a maximum caloric density of 28 cals / oz .
Oral feedings were introduced as tolerated .
By the time of discharge , infant is feedign BM or enfamil 24 cals / oz PO ad lib , with adequate intake and adequate weight gain .
Last nutrition labs were on 06-20 with AP of 208 , Ca 10.8 , and Phos 7.4.
Gastrointestinal :
The infant required phototherapy for hyperbilirubinemia through day of life 7 , with peak bilirubin of 7 / 0.3 on day of life 3 , and last bilirubin of 4.9 / 0.3 on day of life 9 .
Hematologic / Infectious disease :
CBC and blood culture were obtained upon admission revealing a white blood cell count of 9.0 with 25 polys and 0 bands ; hematocrit was 46.9% and platelets of 222,000 .
Baby received 48 hours of Ampicillin and Gentamycin with negative cultures and a stable clinical course .
Infant was treated with supplemental iron , and did not receive any blood transfusions .
Last Hct was 30.6 on 06-20 with a reticulocyte count of 6.5%.
Neurologic :
Baby has been appropriate for gestational age .
Social :
Mother is 17 years old , and has been accompanied on the majority of her visits by her parents , both of whom are students .
The infant 's maternal grandparents have been very involved in her care .
Sensory :
Initial opthalmologic exam on 06-05 revealed immature retinas in zone 3 , and repeat exam on 06-26 revealed mature retinas bilaterally .
Infant passed hearing screen prior to discharge .
]]></TEXT>
<TAGS>
<EVENT id="E62" start="1" end="10" text="Admission" modality="FACTUAL" polarity="POS" type="OCCURRENCE" />
<EVENT id="E80" start="1010" end="1023" text="the CMED CSRU" modality="FACTUAL" polarity="POS" type="CLINICAL_DEPT" />
<EVENT id="E81" start="1028" end="1046" text="further evaluation" modality="FACTUAL" polarity="POS" type="TEST" />
<EVENT id="E65" start="1084" end="1093" text="admission" modality="FACTUAL" polarity="POS" type="OCCURRENCE" />
<EVENT id="E16" start="1119" end="1138" text="supplemental oxygen" modality="FACTUAL" polarity="NEG" type="TREATMENT" />
<EVENT id="E17" start="1142" end="1161" text="respiratory support" modality="FACTUAL" polarity="NEG" type="TREATMENT" />
<EVENT id="E82" start="1209" end="1217" text="room air" modality="FACTUAL" polarity="POS" type="TREATMENT" />
<EVENT id="E18" start="1236" end="1255" text="supplemental oxygen" modality="FACTUAL" polarity="NEG" type="TREATMENT" />
<EVENT id="E19" start="1280" end="1300" text="apnea of prematurity" modality="FACTUAL" polarity="POS" type="PROBLEM" />
<EVENT id="E20" start="1316" end="1324" text="caffeine" modality="FACTUAL" polarity="POS" type="TREATMENT" />
<EVENT id="E69" start="133" end="137" text="born" modality="FACTUAL" polarity="POS" type="OCCURRENCE" />
<EVENT id="E83" start="1374" end="1390" text="very rare spells" modality="FACTUAL" polarity="POS" type="PROBLEM" />
<EVENT id="E84" start="1436" end="1445" text="discharge" modality="FACTUAL" polarity="POS" type="OCCURRENCE" />
<EVENT id="E66" start="1501" end="1510" text="admission" modality="FACTUAL" polarity="POS" type="OCCURRENCE" />
<EVENT id="E85" start="1523" end="1538" text="blood pressures" modality="FACTUAL" polarity="POS" type="TEST" />
<EVENT id="E86" start="1543" end="1553" text="heart rate" modality="FACTUAL" polarity="POS" type="TEST" />
<EVENT id="E21" start="1598" end="1606" text="a murmur" modality="FACTUAL" polarity="POS" type="PROBLEM" />
<EVENT id="E22" start="1630" end="1648" text="evaluation by ECHO" modality="FACTUAL" polarity="POS" type="TEST" />
<EVENT id="E23" start="1651" end="1659" text="The ECHO" modality="FACTUAL" polarity="POS" type="TEST" />
<EVENT id="E87" start="1660" end="1668" text="revealed" modality="FACTUAL" polarity="POS" type="EVIDENTIAL" />
<EVENT id="E24" start="1669" end="1695" text="an anomalous left coronary" modality="FACTUAL" polarity="POS" type="PROBLEM" />
<EVENT id="E89" start="1852" end="1929" text="an anomalous left coronary artery arising from the pulmonary artery ( LCAPA )" modality="POSSIBLE" polarity="POS" type="PROBLEM" />
<EVENT id="E0" start="186" end="195" text="gestation" modality="FACTUAL" polarity="POS" type="OCCURRENCE" />
<EVENT id="E26" start="1933" end="1986" text="a left coronary artery fistula to the pulmonar artery" modality="POSSIBLE" polarity="POS" type="PROBLEM" />
<EVENT id="E88" start="2049" end="2118" text="coronary artery collateral vessels in the posterior apical myocardium" modality="FACTUAL" polarity="POS" type="OCCURRENCE" />
<EVENT id="E64" start="209" end="217" text="admitted" modality="FACTUAL" polarity="POS" type="OCCURRENCE" />
<EVENT id="E27" start="2121" end="2148" text="A small apical muscular VSD" modality="FACTUAL" polarity="POS" type="PROBLEM" />
<EVENT id="E28" start="2166" end="2190" text="Several additional ECHOs" modality="FACTUAL" polarity="POS" type="TEST" />
<EVENT id="E70" start="221" end="251" text="the Nantucket Cottage Hospital" modality="FACTUAL" polarity="POS" type="CLINICAL_DEPT" />
<EVENT id="E29" start="2218" end="2225" text="an ECHO" modality="FACTUAL" polarity="POS" type="TEST" />
<EVENT id="E90" start="2229" end="2300" text="the cardiology department at HealthSouth Rehab Hospital of Western Mass" modality="FACTUAL" polarity="POS" type="CLINICAL_DEPT" />
<EVENT id="E91" start="2399" end="2416" text="coronary ischemia" modality="CONDITIONAL" polarity="POS" type="PROBLEM" />
<EVENT id="E92" start="2437" end="2445" text="an LCAPA" modality="POSSIBLE" polarity="POS" type="PROBLEM" />
<EVENT id="E30" start="2477" end="2490" text="regular ECHOs" modality="FACTUAL" polarity="POS" type="TEST" />
<EVENT id="E31" start="2495" end="2499" text="EKGs" modality="FACTUAL" polarity="POS" type="TEST" />
<EVENT id="E93" start="2524" end="2539" text="hospitalization" modality="FACTUAL" polarity="POS" type="OCCURRENCE" />
<EVENT id="E94" start="2562" end="2570" text="ischemia" modality="FACTUAL" polarity="NEG" type="PROBLEM" />
<EVENT id="E71" start="257" end="291" text="Lawrence General Hospital Hospital" modality="FACTUAL" polarity="POS" type="CLINICAL_DEPT" />
<EVENT id="E32" start="2573" end="2595" text="valvular regurgitation" modality="FACTUAL" polarity="NEG" type="PROBLEM" />
<EVENT id="E33" start="2601" end="2633" text="compromised ventricular function" modality="FACTUAL" polarity="NEG" type="PROBLEM" />
<EVENT id="E95" start="2664" end="2680" text="followed closely" modality="PROPOSED" polarity="POS" type="OCCURRENCE" />
<EVENT id="E96" start="2736" end="2759" text="cardiac catheterization" modality="PROPOSED" polarity="POS" type="TEST" />
<EVENT id="E97" start="2764" end="2779" text="surgical repair" modality="PROPOSED" polarity="POS" type="TREATMENT" />
<EVENT id="E113" start="2789" end="2809" text="grows to 3.5 to 4 kg" modality="FACTUAL" polarity="POS" type="OCCURRENCE" />
<EVENT id="E34" start="2889" end="2892" text="IVF" modality="FACTUAL" polarity="POS" type="TREATMENT" />
<EVENT id="E63" start="29" end="38" text="Discharge" modality="FACTUAL" polarity="POS" type="OCCURRENCE" />
<EVENT id="E35" start="2916" end="2929" text="enteral feeds" modality="FACTUAL" polarity="POS" type="TREATMENT" />
<EVENT id="E98" start="2957" end="2965" text="advanced" modality="FACTUAL" polarity="POS" type="TREATMENT" />
<EVENT id="E36" start="2969" end="2994" text="full volume enteral feeds" modality="FACTUAL" polarity="POS" type="TREATMENT" />
<EVENT id="E72" start="306" end="325" text="cervical effacement" modality="FACTUAL" polarity="POS" type="PROBLEM" />
<EVENT id="E99" start="3070" end="3083" text="Oral feedings" modality="FACTUAL" polarity="POS" type="OCCURRENCE" />
<EVENT id="E100" start="3103" end="3112" text="tolerated" modality="FACTUAL" polarity="POS" type="OCCURRENCE" />
<EVENT id="E101" start="3130" end="3139" text="discharge" modality="FACTUAL" polarity="POS" type="OCCURRENCE" />
<EVENT id="E102" start="3160" end="3162" text="BM" modality="FACTUAL" polarity="POS" type="TREATMENT" />
<EVENT id="E103" start="3166" end="3173" text="enfamil" modality="FACTUAL" polarity="POS" type="TREATMENT" />
<EVENT id="E104" start="3204" end="3219" text="adequate intake" modality="FACTUAL" polarity="POS" type="OCCURRENCE" />
<EVENT id="E105" start="3224" end="3244" text="adequate weight gain" modality="FACTUAL" polarity="POS" type="OCCURRENCE" />
<EVENT id="E37" start="3247" end="3266" text="Last nutrition labs" modality="FACTUAL" polarity="POS" type="TEST" />
<EVENT id="E38" start="3286" end="3288" text="AP" modality="FACTUAL" polarity="POS" type="TEST" />
<EVENT id="E1" start="330" end="343" text="preterm labor" modality="FACTUAL" polarity="POS" type="PROBLEM" />
<EVENT id="E39" start="3298" end="3300" text="Ca" modality="FACTUAL" polarity="POS" type="TEST" />
<EVENT id="E40" start="3312" end="3316" text="Phos" modality="FACTUAL" polarity="POS" type="TEST" />
<EVENT id="E41" start="3361" end="3373" text="phototherapy" modality="FACTUAL" polarity="POS" type="TREATMENT" />
<EVENT id="E42" start="3378" end="3396" text="hyperbilirubinemia" modality="FACTUAL" polarity="POS" type="PROBLEM" />
<EVENT id="E43" start="3426" end="3440" text="peak bilirubin" modality="FACTUAL" polarity="POS" type="TEST" />
<EVENT id="E44" start="3475" end="3489" text="last bilirubin" modality="FACTUAL" polarity="POS" type="TEST" />
<EVENT id="E45" start="3557" end="3560" text="CBC" modality="FACTUAL" polarity="POS" type="TEST" />
<EVENT id="E46" start="3565" end="3578" text="blood culture" modality="FACTUAL" polarity="POS" type="TEST" />
<EVENT id="E67" start="3598" end="3607" text="admission" modality="FACTUAL" polarity="POS" type="OCCURRENCE" />
<EVENT id="E106" start="3608" end="3617" text="revealing" modality="FACTUAL" polarity="POS" type="EVIDENTIAL" />
<EVENT id="E47" start="3618" end="3642" text="a white blood cell count" modality="FACTUAL" polarity="POS" type="TEST" />
<EVENT id="E48" start="3655" end="3663" text="25 polys" modality="FACTUAL" polarity="POS" type="TEST" />
<EVENT id="E2" start="367" end="384" text="magnesium sulfate" modality="FACTUAL" polarity="POS" type="TREATMENT" />
<EVENT id="E49" start="3668" end="3675" text="0 bands" modality="FACTUAL" polarity="POS" type="TEST" />
<EVENT id="E50" start="3678" end="3688" text="hematocrit" modality="FACTUAL" polarity="POS" type="TEST" />
<EVENT id="E51" start="3703" end="3712" text="platelets" modality="FACTUAL" polarity="POS" type="TEST" />
<EVENT id="E52" start="3752" end="3762" text="Ampicillin" modality="FACTUAL" polarity="POS" type="TREATMENT" />
<EVENT id="E53" start="3767" end="3777" text="Gentamycin" modality="FACTUAL" polarity="POS" type="TREATMENT" />
<EVENT id="E107" start="3783" end="3800" text="negative cultures" modality="FACTUAL" polarity="POS" type="TEST" />
<EVENT id="E108" start="3805" end="3829" text="a stable clinical course" modality="FACTUAL" polarity="POS" type="OCCURRENCE" />
<EVENT id="E54" start="3856" end="3873" text="supplemental iron" modality="FACTUAL" polarity="POS" type="TREATMENT" />
<EVENT id="E55" start="3896" end="3918" text="any blood transfusions" modality="FACTUAL" polarity="NEG" type="TREATMENT" />
<EVENT id="E56" start="3921" end="3929" text="Last Hct" modality="FACTUAL" polarity="POS" type="TEST" />
<EVENT id="E57" start="3953" end="3973" text="a reticulocyte count" modality="FACTUAL" polarity="POS" type="TEST" />
<EVENT id="E73" start="411" end="419" text="admitted" modality="FACTUAL" polarity="POS" type="OCCURRENCE" />
<EVENT id="E109" start="4122" end="4132" text="her visits" modality="FACTUAL" polarity="POS" type="OCCURRENCE" />
<EVENT id="E58" start="4262" end="4288" text="Initial opthalmologic exam" modality="FACTUAL" polarity="POS" type="TEST" />
<EVENT id="E110" start="4298" end="4306" text="revealed" modality="FACTUAL" polarity="POS" type="EVIDENTIAL" />
<EVENT id="E59" start="4307" end="4323" text="immature retinas" modality="FACTUAL" polarity="POS" type="PROBLEM" />
<EVENT id="E60" start="4340" end="4351" text="repeat exam" modality="FACTUAL" polarity="POS" type="TEST" />
<EVENT id="E111" start="4361" end="4369" text="revealed" modality="FACTUAL" polarity="POS" type="EVIDENTIAL" />
<EVENT id="E112" start="4370" end="4396" text="mature retinas bilaterally" modality="FACTUAL" polarity="POS" type="OCCURRENCE" />
<EVENT id="E61" start="4413" end="4427" text="hearing screen" modality="FACTUAL" polarity="POS" type="TEST" />
<EVENT id="E68" start="4437" end="4446" text="discharge" modality="FACTUAL" polarity="POS" type="OCCURRENCE" />
<EVENT id="E74" start="448" end="472" text="a motor vehicle accident" modality="FACTUAL" polarity="POS" type="PROBLEM" />
<EVENT id="E3" start="495" end="504" text="tocolysis" modality="FACTUAL" polarity="POS" type="TREATMENT" />
<EVENT id="E4" start="509" end="522" text="betamethasone" modality="FACTUAL" polarity="POS" type="TREATMENT" />
<EVENT id="E75" start="545" end="562" text="progressing labor" modality="FACTUAL" polarity="POS" type="PROBLEM" />
<EVENT id="E76" start="567" end="588" text="presentation of twins" modality="FACTUAL" polarity="POS" type="OCCURRENCE" />
<EVENT id="E77" start="591" end="599" text="delivery" modality="FACTUAL" polarity="POS" type="TREATMENT" />
<EVENT id="E5" start="607" end="623" text="Cesarean section" modality="FACTUAL" polarity="POS" type="TREATMENT" />
<EVENT id="E6" start="626" end="642" text="Prenatal screens" modality="FACTUAL" polarity="POS" type="TEST" />
<EVENT id="E7" start="660" end="670" text="blood type" modality="FACTUAL" polarity="POS" type="TEST" />
<EVENT id="E8" start="684" end="692" text="antibody" modality="FACTUAL" polarity="POS" type="TEST" />
<EVENT id="E9" start="704" end="731" text="hepatitis B surface antigen" modality="FACTUAL" polarity="POS" type="TEST" />
<EVENT id="E10" start="743" end="746" text="RPR" modality="FACTUAL" polarity="POS" type="TEST" />
<EVENT id="E78" start="761" end="775" text="Rubella status" modality="FACTUAL" polarity="POS" type="TEST" />
<EVENT id="E11" start="797" end="817" text="Group B strep status" modality="FACTUAL" polarity="POS" type="TEST" />
<EVENT id="E12" start="852" end="871" text="the breech position" modality="FACTUAL" polarity="POS" type="PROBLEM" />
<EVENT id="E79" start="882" end="890" text="vigorous" modality="FACTUAL" polarity="POS" type="OCCURRENCE" />
<EVENT id="E13" start="907" end="921" text="blow-by oxygen" modality="FACTUAL" polarity="POS" type="TREATMENT" />
<EVENT id="E14" start="926" end="937" text="stimulation" modality="FACTUAL" polarity="POS" type="TREATMENT" />
<EVENT id="E15" start="940" end="950" text="Her Apgars" modality="FACTUAL" polarity="POS" type="TEST" />
<TIMEX3 id="T3" start="1331" end="1341" text="2017-06-04" type="DATE" val="2017-06-04" mod="NA" />
<TIMEX3 id="T10" start="1412" end="1420" text="one week" type="DURATION" val="P1W" mod="MORE" />
<TIMEX3 id="T11" start="1559" end="1573" text="day of life 15" type="DATE" val="2017-05-29" mod="NA" />
<TIMEX3 id="T0" start="177" end="185" text="31 weeks" type="DURATION" val="P31W" mod="NA" />
<TIMEX3 id="T1" start="18" end="28" text="2017-05-14" type="DATE" val="2017-05-14" mod="NA" />
<TIMEX3 id="T12" start="2933" end="2946" text="day of life 2" type="DATE" val="2017-05-16" mod="NA" />
<TIMEX3 id="T7" start="295" end="300" text="05-01" type="DATE" val="2017-05-01" mod="NA" />
<TIMEX3 id="T13" start="2998" end="3011" text="day of life 7" type="DATE" val="2017-05-21" mod="NA" />
<TIMEX3 id="T4" start="3275" end="3280" text="06-20" type="DATE" val="2017-06-20" mod="NA" />
<TIMEX3 id="T14" start="3405" end="3418" text="day of life 7" type="DATE" val="2017-05-21" mod="NA" />
<TIMEX3 id="T15" start="3455" end="3468" text="day of life 3" type="DATE" val="2017-05-17" mod="NA" />
<TIMEX3 id="T16" start="3506" end="3519" text="day of life 9" type="DATE" val="2017-05-23" mod="NA" />
<TIMEX3 id="T17" start="3740" end="3748" text="48 hours" type="DURATION" val="PT48H" mod="NA" />
<TIMEX3 id="T5" start="3942" end="3947" text="06-20" type="DATE" val="2017-06-20" mod="NA" />
<TIMEX3 id="T6" start="4292" end="4297" text="06-05" type="DATE" val="2017-06-05" mod="NA" />
<TIMEX3 id="T19" start="428" end="441" text="the 24th week" type="DATE" val="2017-03-15" mod="APPROX" />
<TIMEX3 id="T18" start="4355" end="4360" text="06-26" type="DATE" val="2017-06-26" mod="NA" />
<TIMEX3 id="T2" start="46" end="56" text="2017-06-26" type="DATE" val="2017-06-26" mod="NA" />
<TIMEX3 id="T8" start="961" end="969" text="1 minute" type="DURATION" val="PT1M" mod="NA" />
<TIMEX3 id="T9" start="979" end="988" text="5 minutes" type="DURATION" val="PT5M" mod="NA" />
<SECTIME id="S0" start="18" end="28" text="2017-05-14" type="ADMISSION" dvalue="2017-05-14" />
<SECTIME id="S1" start="46" end="56" text="2017-06-26" type="DISCHARGE" dvalue="2017-06-26" />
<TLINK id="SECTIME0" fromID="T1" fromText="2017-05-14" toID="E69" toText="born" type="AFTER" />
<TLINK id="SECTIME1" fromID="T1" fromText="2017-05-14" toID="E0" toText="gestation" type="AFTER" />
<TLINK id="SECTIME2" fromID="T1" fromText="2017-05-14" toID="E64" toText="admitted" type="OVERLAP" />
<TLINK id="SECTIME3" fromID="T1" fromText="2017-05-14" toID="E70" toText="the Nantucket Cottage Hospital" type="AFTER" />
<TLINK id="SECTIME4" fromID="T1" fromText="2017-05-14" toID="E71" toText="Lawrence General Hospital Hospital" type="AFTER" />
<TLINK id="SECTIME5" fromID="T1" fromText="2017-05-14" toID="E72" toText="cervical effacement" type="AFTER" />
<TLINK id="SECTIME6" fromID="T1" fromText="2017-05-14" toID="E1" toText="preterm labor" type="AFTER" />
<TLINK id="SECTIME7" fromID="T1" fromText="2017-05-14" toID="E2" toText="magnesium sulfate" type="AFTER" />
<TLINK id="SECTIME8" fromID="T1" fromText="2017-05-14" toID="E73" toText="admitted" type="AFTER" />
<TLINK id="SECTIME9" fromID="T1" fromText="2017-05-14" toID="E74" toText="a motor vehicle accident" type="AFTER" />
<TLINK id="SECTIME10" fromID="T1" fromText="2017-05-14" toID="E3" toText="tocolysis" type="AFTER" />
<TLINK id="SECTIME11" fromID="T1" fromText="2017-05-14" toID="E4" toText="betamethasone" type="AFTER" />
<TLINK id="SECTIME12" fromID="T1" fromText="2017-05-14" toID="E75" toText="progressing labor" type="AFTER" />
<TLINK id="SECTIME13" fromID="T1" fromText="2017-05-14" toID="E76" toText="presentation of twins" type="AFTER" />
<TLINK id="SECTIME14" fromID="T1" fromText="2017-05-14" toID="E77" toText="delivery" type="AFTER" />
<TLINK id="SECTIME15" fromID="T1" fromText="2017-05-14" toID="E5" toText="Cesarean section" type="AFTER" />
<TLINK id="SECTIME16" fromID="T1" fromText="2017-05-14" toID="E6" toText="Prenatal screens" type="AFTER" />
<TLINK id="SECTIME17" fromID="T1" fromText="2017-05-14" toID="E7" toText="blood type" type="AFTER" />
<TLINK id="SECTIME18" fromID="T1" fromText="2017-05-14" toID="E8" toText="antibody" type="AFTER" />
<TLINK id="SECTIME19" fromID="T1" fromText="2017-05-14" toID="E9" toText="hepatitis B surface antigen" type="AFTER" />
<TLINK id="SECTIME20" fromID="T1" fromText="2017-05-14" toID="E10" toText="RPR" type="AFTER" />
<TLINK id="SECTIME21" fromID="T1" fromText="2017-05-14" toID="E78" toText="Rubella status" type="AFTER" />
<TLINK id="SECTIME22" fromID="T1" fromText="2017-05-14" toID="E11" toText="Group B strep status" type="AFTER" />
<TLINK id="SECTIME23" fromID="T1" fromText="2017-05-14" toID="E12" toText="the breech position" type="AFTER" />
<TLINK id="SECTIME24" fromID="T1" fromText="2017-05-14" toID="E79" toText="vigorous" type="AFTER" />
<TLINK id="SECTIME25" fromID="T1" fromText="2017-05-14" toID="E13" toText="blow-by oxygen" type="AFTER" />
<TLINK id="SECTIME26" fromID="T1" fromText="2017-05-14" toID="E14" toText="stimulation" type="AFTER" />
<TLINK id="SECTIME27" fromID="T1" fromText="2017-05-14" toID="E15" toText="Her Apgars" type="AFTER" />
<TLINK id="SECTIME28" fromID="T1" fromText="2017-05-14" toID="E80" toText="the CMED CSRU" type="OVERLAP" />
<TLINK id="SECTIME29" fromID="T1" fromText="2017-05-14" toID="E81" toText="further evaluation" type="BEFORE" />
<TLINK id="TL0" fromID="T1" fromText="2017-05-14" toID="T7" toText="05-01" type="AFTER" />
<TLINK id="TL1" fromID="T1" fromText="2017-05-14" toID="T19" toText="the 24th week" type="AFTER" />
<TLINK id="SECTIME30" fromID="T2" fromText="2017-06-26" toID="E65" toText="admission" type="AFTER" />
<TLINK id="SECTIME31" fromID="T2" fromText="2017-06-26" toID="E16" toText="supplemental oxygen" type="AFTER" />
<TLINK id="SECTIME32" fromID="T2" fromText="2017-06-26" toID="E17" toText="respiratory support" type="AFTER" />
<TLINK id="SECTIME33" fromID="T2" fromText="2017-06-26" toID="E82" toText="room air" type="AFTER" />
<TLINK id="SECTIME34" fromID="T2" fromText="2017-06-26" toID="E18" toText="supplemental oxygen" type="AFTER" />
<TLINK id="SECTIME35" fromID="T2" fromText="2017-06-26" toID="E19" toText="apnea of prematurity" type="AFTER" />
<TLINK id="SECTIME36" fromID="T2" fromText="2017-06-26" toID="E20" toText="caffeine" type="AFTER" />
<TLINK id="SECTIME37" fromID="T2" fromText="2017-06-26" toID="E83" toText="very rare spells" type="AFTER" />
<TLINK id="SECTIME38" fromID="T2" fromText="2017-06-26" toID="E84" toText="discharge" type="OVERLAP" />
<TLINK id="SECTIME39" fromID="T2" fromText="2017-06-26" toID="E66" toText="admission" type="AFTER" />
<TLINK id="SECTIME40" fromID="T2" fromText="2017-06-26" toID="E85" toText="blood pressures" type="AFTER" />
<TLINK id="SECTIME41" fromID="T2" fromText="2017-06-26" toID="E86" toText="heart rate" type="AFTER" />
<TLINK id="SECTIME42" fromID="T2" fromText="2017-06-26" toID="E21" toText="a murmur" type="AFTER" />
<TLINK id="SECTIME43" fromID="T2" fromText="2017-06-26" toID="E22" toText="evaluation by ECHO" type="AFTER" />
<TLINK id="SECTIME44" fromID="T2" fromText="2017-06-26" toID="E23" toText="The ECHO" type="AFTER" />
<TLINK id="SECTIME45" fromID="T2" fromText="2017-06-26" toID="E87" toText="revealed" type="AFTER" />
<TLINK id="SECTIME46" fromID="T2" fromText="2017-06-26" toID="E24" toText="an anomalous left coronary" type="AFTER" />
<TLINK id="SECTIME47" fromID="T2" fromText="2017-06-26" toID="E89" toText="an anomalous left coronary artery arising from the pulmonary artery ( LCAPA )" type="AFTER" />
<TLINK id="SECTIME48" fromID="T2" fromText="2017-06-26" toID="E26" toText="a left coronary artery fistula to the pulmonar artery" type="AFTER" />
<TLINK id="SECTIME49" fromID="T2" fromText="2017-06-26" toID="E88" toText="coronary artery collateral vessels in the posterior apical myocardium" type="AFTER" />
<TLINK id="SECTIME50" fromID="T2" fromText="2017-06-26" toID="E27" toText="A small apical muscular VSD" type="AFTER" />
<TLINK id="SECTIME51" fromID="T2" fromText="2017-06-26" toID="E28" toText="Several additional ECHOs" type="AFTER" />
<TLINK id="SECTIME52" fromID="T2" fromText="2017-06-26" toID="E29" toText="an ECHO" type="AFTER" />
<TLINK id="SECTIME53" fromID="T2" fromText="2017-06-26" toID="E90" toText="the cardiology department at HealthSouth Rehab Hospital of Western Mass" type="AFTER" />
<TLINK id="SECTIME54" fromID="T2" fromText="2017-06-26" toID="E91" toText="coronary ischemia" type="AFTER" />
<TLINK id="SECTIME55" fromID="T2" fromText="2017-06-26" toID="E92" toText="an LCAPA" type="AFTER" />
<TLINK id="SECTIME56" fromID="T2" fromText="2017-06-26" toID="E30" toText="regular ECHOs" type="AFTER" />
<TLINK id="SECTIME57" fromID="T2" fromText="2017-06-26" toID="E31" toText="EKGs" type="AFTER" />
<TLINK id="SECTIME58" fromID="T2" fromText="2017-06-26" toID="E93" toText="hospitalization" type="AFTER" />
<TLINK id="SECTIME59" fromID="T2" fromText="2017-06-26" toID="E94" toText="ischemia" type="AFTER" />
<TLINK id="SECTIME60" fromID="T2" fromText="2017-06-26" toID="E32" toText="valvular regurgitation" type="AFTER" />
<TLINK id="SECTIME61" fromID="T2" fromText="2017-06-26" toID="E33" toText="compromised ventricular function" type="AFTER" />
<TLINK id="SECTIME62" fromID="T2" fromText="2017-06-26" toID="E95" toText="followed closely" type="BEFORE" />
<TLINK id="SECTIME63" fromID="T2" fromText="2017-06-26" toID="E96" toText="cardiac catheterization" type="BEFORE" />
<TLINK id="SECTIME64" fromID="T2" fromText="2017-06-26" toID="E97" toText="surgical repair" type="BEFORE" />
<TLINK id="SECTIME65" fromID="T2" fromText="2017-06-26" toID="E113" toText="grows to 3.5 to 4 kg" type="AFTER" />
<TLINK id="SECTIME66" fromID="T2" fromText="2017-06-26" toID="E34" toText="IVF" type="AFTER" />
<TLINK id="SECTIME67" fromID="T2" fromText="2017-06-26" toID="E35" toText="enteral feeds" type="AFTER" />
<TLINK id="SECTIME68" fromID="T2" fromText="2017-06-26" toID="E98" toText="advanced" type="AFTER" />
<TLINK id="SECTIME69" fromID="T2" fromText="2017-06-26" toID="E36" toText="full volume enteral feeds" type="AFTER" />
<TLINK id="SECTIME70" fromID="T2" fromText="2017-06-26" toID="E99" toText="Oral feedings" type="AFTER" />
<TLINK id="SECTIME71" fromID="T2" fromText="2017-06-26" toID="E100" toText="tolerated" type="AFTER" />
<TLINK id="SECTIME72" fromID="T2" fromText="2017-06-26" toID="E101" toText="discharge" type="OVERLAP" />
<TLINK id="SECTIME73" fromID="T2" fromText="2017-06-26" toID="E102" toText="BM" type="AFTER" />
<TLINK id="SECTIME74" fromID="T2" fromText="2017-06-26" toID="E103" toText="enfamil" type="AFTER" />
<TLINK id="SECTIME75" fromID="T2" fromText="2017-06-26" toID="E104" toText="adequate intake" type="AFTER" />
<TLINK id="SECTIME76" fromID="T2" fromText="2017-06-26" toID="E105" toText="adequate weight gain" type="AFTER" />
<TLINK id="SECTIME77" fromID="T2" fromText="2017-06-26" toID="E37" toText="Last nutrition labs" type="AFTER" />
<TLINK id="SECTIME78" fromID="T2" fromText="2017-06-26" toID="E38" toText="AP" type="AFTER" />
<TLINK id="SECTIME79" fromID="T2" fromText="2017-06-26" toID="E39" toText="Ca" type="AFTER" />
<TLINK id="SECTIME80" fromID="T2" fromText="2017-06-26" toID="E40" toText="Phos" type="AFTER" />
<TLINK id="SECTIME81" fromID="T2" fromText="2017-06-26" toID="E41" toText="phototherapy" type="AFTER" />
<TLINK id="SECTIME82" fromID="T2" fromText="2017-06-26" toID="E42" toText="hyperbilirubinemia" type="AFTER" />
<TLINK id="SECTIME83" fromID="T2" fromText="2017-06-26" toID="E43" toText="peak bilirubin" type="AFTER" />
<TLINK id="SECTIME84" fromID="T2" fromText="2017-06-26" toID="E44" toText="last bilirubin" type="AFTER" />
<TLINK id="SECTIME85" fromID="T2" fromText="2017-06-26" toID="E45" toText="CBC" type="AFTER" />
<TLINK id="SECTIME86" fromID="T2" fromText="2017-06-26" toID="E46" toText="blood culture" type="AFTER" />
<TLINK id="SECTIME87" fromID="T2" fromText="2017-06-26" toID="E67" toText="admission" type="AFTER" />
<TLINK id="SECTIME88" fromID="T2" fromText="2017-06-26" toID="E106" toText="revealing" type="AFTER" />
<TLINK id="SECTIME89" fromID="T2" fromText="2017-06-26" toID="E47" toText="a white blood cell count" type="AFTER" />
<TLINK id="SECTIME90" fromID="T2" fromText="2017-06-26" toID="E48" toText="25 polys" type="AFTER" />
<TLINK id="SECTIME91" fromID="T2" fromText="2017-06-26" toID="E49" toText="0 bands" type="AFTER" />
<TLINK id="SECTIME92" fromID="T2" fromText="2017-06-26" toID="E50" toText="hematocrit" type="AFTER" />
<TLINK id="SECTIME93" fromID="T2" fromText="2017-06-26" toID="E51" toText="platelets" type="AFTER" />
<TLINK id="SECTIME94" fromID="T2" fromText="2017-06-26" toID="E52" toText="Ampicillin" type="AFTER" />
<TLINK id="SECTIME95" fromID="T2" fromText="2017-06-26" toID="E53" toText="Gentamycin" type="AFTER" />
<TLINK id="SECTIME96" fromID="T2" fromText="2017-06-26" toID="E107" toText="negative cultures" type="AFTER" />
<TLINK id="SECTIME97" fromID="T2" fromText="2017-06-26" toID="E108" toText="a stable clinical course" type="AFTER" />
<TLINK id="SECTIME98" fromID="T2" fromText="2017-06-26" toID="E54" toText="supplemental iron" type="AFTER" />
<TLINK id="SECTIME99" fromID="T2" fromText="2017-06-26" toID="E55" toText="any blood transfusions" type="AFTER" />
<TLINK id="SECTIME100" fromID="T2" fromText="2017-06-26" toID="E56" toText="Last Hct" type="AFTER" />
<TLINK id="SECTIME101" fromID="T2" fromText="2017-06-26" toID="E57" toText="a reticulocyte count" type="AFTER" />
<TLINK id="SECTIME102" fromID="T2" fromText="2017-06-26" toID="E109" toText="her visits" type="AFTER" />
<TLINK id="SECTIME103" fromID="T2" fromText="2017-06-26" toID="E58" toText="Initial opthalmologic exam" type="AFTER" />
<TLINK id="SECTIME104" fromID="T2" fromText="2017-06-26" toID="E110" toText="revealed" type="AFTER" />
<TLINK id="SECTIME105" fromID="T2" fromText="2017-06-26" toID="E59" toText="immature retinas" type="AFTER" />
<TLINK id="SECTIME106" fromID="T2" fromText="2017-06-26" toID="E60" toText="repeat exam" type="AFTER" />
<TLINK id="SECTIME107" fromID="T2" fromText="2017-06-26" toID="E111" toText="revealed" type="AFTER" />
<TLINK id="SECTIME108" fromID="T2" fromText="2017-06-26" toID="E112" toText="mature retinas bilaterally" type="AFTER" />
<TLINK id="SECTIME109" fromID="T2" fromText="2017-06-26" toID="E61" toText="hearing screen" type="AFTER" />
<TLINK id="SECTIME110" fromID="T2" fromText="2017-06-26" toID="E68" toText="discharge" type="OVERLAP" />
<TLINK id="TL2" fromID="T2" fromText="2017-06-26" toID="T3" toText="2017-06-04" type="AFTER" />
<TLINK id="TL3" fromID="T2" fromText="2017-06-26" toID="T11" toText="day of life 15" type="AFTER" />
<TLINK id="TL4" fromID="T2" fromText="2017-06-26" toID="T12" toText="day of life 2" type="AFTER" />
<TLINK id="TL5" fromID="T2" fromText="2017-06-26" toID="T13" toText="day of life 7" type="AFTER" />
<TLINK id="TL6" fromID="T2" fromText="2017-06-26" toID="T4" toText="06-20" type="AFTER" />
<TLINK id="TL7" fromID="T2" fromText="2017-06-26" toID="T14" toText="day of life 7" type="AFTER" />
<TLINK id="TL8" fromID="T2" fromText="2017-06-26" toID="T15" toText="day of life 3" type="AFTER" />
<TLINK id="TL9" fromID="T2" fromText="2017-06-26" toID="T16" toText="day of life 9" type="AFTER" />
<TLINK id="TL10" fromID="T2" fromText="2017-06-26" toID="T5" toText="06-20" type="AFTER" />
<TLINK id="TL11" fromID="T2" fromText="2017-06-26" toID="T6" toText="06-05" type="AFTER" />
<TLINK id="TL12" fromID="T2" fromText="2017-06-26" toID="T18" toText="06-26" type="OVERLAP" />
<TLINK id="TL13" fromID="E70" fromText="the Nantucket Cottage Hospital" toID="E2" toText="magnesium sulfate" type="OVERLAP" />
<TLINK id="TL14" fromID="E71" fromText="Lawrence General Hospital Hospital" toID="E2" toText="magnesium sulfate" type="OVERLAP" />
<TLINK id="TL15" fromID="E2" fromText="magnesium sulfate" toID="E3" toText="tocolysis" type="OVERLAP" />
<TLINK id="TL16" fromID="E2" fromText="magnesium sulfate" toID="E4" toText="betamethasone" type="OVERLAP" />
<TLINK id="TL17" fromID="E6" fromText="Prenatal screens" toID="E78" toText="Rubella status" type="OVERLAP" />
<TLINK id="TL18" fromID="E7" fromText="blood type" toID="E78" toText="Rubella status" type="OVERLAP" />
<TLINK id="TL19" fromID="E78" fromText="Rubella status" toID="E6" toText="Prenatal screens" type="OVERLAP" />
<TLINK id="TL20" fromID="E78" fromText="Rubella status" toID="E7" toText="blood type" type="OVERLAP" />
<TLINK id="TL21" fromID="E78" fromText="Rubella status" toID="E8" toText="antibody" type="OVERLAP" />
<TLINK id="TL22" fromID="E78" fromText="Rubella status" toID="E9" toText="hepatitis B surface antigen" type="OVERLAP" />
<TLINK id="TL23" fromID="E78" fromText="Rubella status" toID="E10" toText="RPR" type="OVERLAP" />
<TLINK id="TL24" fromID="E78" fromText="Rubella status" toID="E11" toText="Group B strep status" type="OVERLAP" />
<TLINK id="TL25" fromID="E11" fromText="Group B strep status" toID="E78" toText="Rubella status" type="OVERLAP" />
<TLINK id="TL26" fromID="E12" fromText="the breech position" toID="E79" toText="vigorous" type="OVERLAP" />
<TLINK id="TL27" fromID="E15" fromText="Her Apgars" toID="E81" toText="further evaluation" type="OVERLAP" />
<TLINK id="TL28" fromID="E16" fromText="supplemental oxygen" toID="E18" toText="supplemental oxygen" type="OVERLAP" />
<TLINK id="TL29" fromID="E18" fromText="supplemental oxygen" toID="E16" toText="supplemental oxygen" type="OVERLAP" />
<TLINK id="TL30" fromID="E19" fromText="apnea of prematurity" toID="E83" toText="very rare spells" type="OVERLAP" />
<TLINK id="TL31" fromID="E83" fromText="very rare spells" toID="E19" toText="apnea of prematurity" type="OVERLAP" />
<TLINK id="TL32" fromID="E22" fromText="evaluation by ECHO" toID="E23" toText="The ECHO" type="OVERLAP" />
<TLINK id="TL33" fromID="E23" fromText="The ECHO" toID="E22" toText="evaluation by ECHO" type="OVERLAP" />
<TLINK id="TL34" fromID="E28" fromText="Several additional ECHOs" toID="E30" toText="regular ECHOs" type="OVERLAP" />
<TLINK id="TL35" fromID="E28" fromText="Several additional ECHOs" toID="E31" toText="EKGs" type="OVERLAP" />
<TLINK id="TL36" fromID="E29" fromText="an ECHO" toID="E30" toText="regular ECHOs" type="OVERLAP" />
<TLINK id="TL37" fromID="E29" fromText="an ECHO" toID="E31" toText="EKGs" type="OVERLAP" />
<TLINK id="TL38" fromID="E30" fromText="regular ECHOs" toID="E28" toText="Several additional ECHOs" type="OVERLAP" />
<TLINK id="TL39" fromID="E31" fromText="EKGs" toID="E28" toText="Several additional ECHOs" type="OVERLAP" />
<TLINK id="TL40" fromID="E45" fromText="CBC" toID="E107" toText="negative cultures" type="OVERLAP" />
<TLINK id="TL41" fromID="E50" fromText="hematocrit" toID="E107" toText="negative cultures" type="OVERLAP" />
<TLINK id="TL42" fromID="E51" fromText="platelets" toID="E107" toText="negative cultures" type="OVERLAP" />
<TLINK id="SECTIME111" fromID="E62" fromText="Admission" toID="T1" toText="2017-05-14" type="OVERLAP" />
<TLINK id="SECTIME112" fromID="T1" fromText="2017-05-14" toID="E62" toText="Admission" type="OVERLAP" />
<TLINK id="SECTIME113" fromID="T1" fromText="2017-05-14" toID="E63" toText="Discharge" type="BEFORE" />
<TLINK id="SECTIME114" fromID="E63" fromText="Discharge" toID="T1" toText="2017-05-14" type="AFTER" />
<TLINK id="SECTIME115" fromID="E63" fromText="Discharge" toID="T2" toText="2017-06-26" type="OVERLAP" />
<TLINK id="SECTIME116" fromID="T2" fromText="2017-06-26" toID="E63" toText="Discharge" type="OVERLAP" />
<TLINK id="TL43" fromID="E16" fromText="supplemental oxygen" toID="E18" toText="supplemental oxygen" type="OVERLAP" />
<TLINK id="TL44" fromID="E18" fromText="supplemental oxygen" toID="E16" toText="supplemental oxygen" type="OVERLAP" />
<TLINK id="TL45" fromID="E19" fromText="apnea of prematurity" toID="E83" toText="very rare spells" type="OVERLAP" />
<TLINK id="TL46" fromID="E83" fromText="very rare spells" toID="E19" toText="apnea of prematurity" type="OVERLAP" />
<TLINK id="TL47" fromID="E22" fromText="evaluation by ECHO" toID="E23" toText="The ECHO" type="OVERLAP" />
<TLINK id="TL48" fromID="E23" fromText="The ECHO" toID="E22" toText="evaluation by ECHO" type="OVERLAP" />
<TLINK id="TL49" fromID="E89" fromText="an anomalous left coronary artery arising from the pulmonary artery ( LCAPA )" toID="E92" toText="an LCAPA" type="OVERLAP" />
<TLINK id="TL50" fromID="E92" fromText="an LCAPA" toID="E89" toText="an anomalous left coronary artery arising from the pulmonary artery ( LCAPA )" type="OVERLAP" />
<TLINK id="TL51" fromID="E16" fromText="supplemental oxygen" toID="E18" toText="supplemental oxygen" type="OVERLAP" />
<TLINK id="TL52" fromID="E18" fromText="supplemental oxygen" toID="E16" toText="supplemental oxygen" type="OVERLAP" />
<TLINK id="TL53" fromID="E62" fromText="Admission" toID="E93" toText="hospitalization" type="BEFORE" />
<TLINK id="TL54" fromID="E63" fromText="Discharge" toID="E93" toText="hospitalization" type="AFTER" />
<TLINK id="TL55" fromID="E62" fromText="Admission" toID="E65" toText="admission" type="OVERLAP" />
<TLINK id="TL56" fromID="E62" fromText="Admission" toID="E66" toText="admission" type="OVERLAP" />
<TLINK id="TL57" fromID="E62" fromText="Admission" toID="E67" toText="admission" type="OVERLAP" />
<TLINK id="TL58" fromID="E63" fromText="Discharge" toID="E84" toText="discharge" type="OVERLAP" />
<TLINK id="TL59" fromID="E63" fromText="Discharge" toID="E101" toText="discharge" type="OVERLAP" />
<TLINK id="TL60" fromID="E63" fromText="Discharge" toID="E68" toText="discharge" type="OVERLAP" />
<TLINK id="TL61" fromID="E65" fromText="admission" toID="E62" toText="Admission" type="OVERLAP" />
<TLINK id="TL62" fromID="E65" fromText="admission" toID="E66" toText="admission" type="OVERLAP" />
<TLINK id="TL63" fromID="E65" fromText="admission" toID="E67" toText="admission" type="OVERLAP" />
<TLINK id="TL64" fromID="E84" fromText="discharge" toID="E63" toText="Discharge" type="OVERLAP" />
<TLINK id="TL65" fromID="E84" fromText="discharge" toID="E101" toText="discharge" type="OVERLAP" />
<TLINK id="TL66" fromID="E84" fromText="discharge" toID="E68" toText="discharge" type="OVERLAP" />
<TLINK id="TL67" fromID="E66" fromText="admission" toID="E62" toText="Admission" type="OVERLAP" />
<TLINK id="TL68" fromID="E66" fromText="admission" toID="E65" toText="admission" type="OVERLAP" />
<TLINK id="TL69" fromID="E66" fromText="admission" toID="E67" toText="admission" type="OVERLAP" />
<TLINK id="TL70" fromID="E101" fromText="discharge" toID="E63" toText="Discharge" type="OVERLAP" />
<TLINK id="TL71" fromID="E101" fromText="discharge" toID="E84" toText="discharge" type="OVERLAP" />
<TLINK id="TL72" fromID="E101" fromText="discharge" toID="E68" toText="discharge" type="OVERLAP" />
<TLINK id="TL73" fromID="E67" fromText="admission" toID="E62" toText="Admission" type="OVERLAP" />
<TLINK id="TL74" fromID="E67" fromText="admission" toID="E65" toText="admission" type="OVERLAP" />
<TLINK id="TL75" fromID="E67" fromText="admission" toID="E66" toText="admission" type="OVERLAP" />
<TLINK id="TL76" fromID="E68" fromText="discharge" toID="E63" toText="Discharge" type="OVERLAP" />
<TLINK id="TL77" fromID="E68" fromText="discharge" toID="E84" toText="discharge" type="OVERLAP" />
<TLINK id="TL78" fromID="E68" fromText="discharge" toID="E101" toText="discharge" type="OVERLAP" />
<TLINK id="TL79" fromID="E69" fromText="born" toID="T0" toText="31 weeks" type="AFTER" />
<TLINK id="TL80" fromID="E69" fromText="born" toID="E0" toText="gestation" type="OVERLAP" />
<TLINK id="TL81" fromID="T0" fromText="31 weeks" toID="E69" toText="born" type="BEFORE" />
<TLINK id="TL82" fromID="T0" fromText="31 weeks" toID="E0" toText="gestation" type="OVERLAP" />
<TLINK id="TL83" fromID="E0" fromText="gestation" toID="E69" toText="born" type="OVERLAP" />
<TLINK id="TL84" fromID="E0" fromText="gestation" toID="T0" toText="31 weeks" type="OVERLAP" />
<TLINK id="TL85" fromID="E64" fromText="admitted" toID="E70" toText="the Nantucket Cottage Hospital" type="BEFORE" />
<TLINK id="TL86" fromID="E64" fromText="admitted" toID="E71" toText="Lawrence General Hospital Hospital" type="BEFORE" />
<TLINK id="TL87" fromID="E64" fromText="admitted" toID="T7" toText="05-01" type="OVERLAP" />
<TLINK id="TL88" fromID="E64" fromText="admitted" toID="E72" toText="cervical effacement" type="AFTER" />
<TLINK id="TL89" fromID="E64" fromText="admitted" toID="E1" toText="preterm labor" type="AFTER" />
<TLINK id="TL90" fromID="E70" fromText="the Nantucket Cottage Hospital" toID="E64" toText="admitted" type="AFTER" />
<TLINK id="TL91" fromID="E70" fromText="the Nantucket Cottage Hospital" toID="E71" toText="Lawrence General Hospital Hospital" type="AFTER" />
<TLINK id="TL92" fromID="E70" fromText="the Nantucket Cottage Hospital" toID="T7" toText="05-01" type="AFTER" />
<TLINK id="TL93" fromID="E70" fromText="the Nantucket Cottage Hospital" toID="E72" toText="cervical effacement" type="AFTER" />
<TLINK id="TL94" fromID="E70" fromText="the Nantucket Cottage Hospital" toID="E1" toText="preterm labor" type="AFTER" />
<TLINK id="TL95" fromID="E71" fromText="Lawrence General Hospital Hospital" toID="E64" toText="admitted" type="AFTER" />
<TLINK id="TL96" fromID="E71" fromText="Lawrence General Hospital Hospital" toID="E70" toText="the Nantucket Cottage Hospital" type="BEFORE" />
<TLINK id="TL97" fromID="E71" fromText="Lawrence General Hospital Hospital" toID="T7" toText="05-01" type="BEFORE" />
<TLINK id="TL98" fromID="E71" fromText="Lawrence General Hospital Hospital" toID="E72" toText="cervical effacement" type="AFTER" />
<TLINK id="TL99" fromID="T7" fromText="05-01" toID="E64" toText="admitted" type="OVERLAP" />
<TLINK id="TL100" fromID="T7" fromText="05-01" toID="E70" toText="the Nantucket Cottage Hospital" type="BEFORE" />
<TLINK id="TL101" fromID="T7" fromText="05-01" toID="E71" toText="Lawrence General Hospital Hospital" type="AFTER" />
<TLINK id="TL102" fromID="T7" fromText="05-01" toID="E72" toText="cervical effacement" type="AFTER" />
<TLINK id="TL103" fromID="T7" fromText="05-01" toID="E1" toText="preterm labor" type="AFTER" />
<TLINK id="TL104" fromID="E72" fromText="cervical effacement" toID="E64" toText="admitted" type="BEFORE" />
<TLINK id="TL105" fromID="E72" fromText="cervical effacement" toID="E70" toText="the Nantucket Cottage Hospital" type="BEFORE" />
<TLINK id="TL106" fromID="E72" fromText="cervical effacement" toID="E71" toText="Lawrence General Hospital Hospital" type="BEFORE" />
<TLINK id="TL107" fromID="E72" fromText="cervical effacement" toID="T7" toText="05-01" type="BEFORE" />
<TLINK id="TL108" fromID="E72" fromText="cervical effacement" toID="E1" toText="preterm labor" type="OVERLAP" />
<TLINK id="TL109" fromID="E1" fromText="preterm labor" toID="E64" toText="admitted" type="BEFORE" />
<TLINK id="TL110" fromID="E1" fromText="preterm labor" toID="E70" toText="the Nantucket Cottage Hospital" type="BEFORE" />
<TLINK id="TL111" fromID="E1" fromText="preterm labor" toID="T7" toText="05-01" type="BEFORE" />
<TLINK id="TL112" fromID="E1" fromText="preterm labor" toID="E72" toText="cervical effacement" type="OVERLAP" />
<TLINK id="TL113" fromID="E73" fromText="admitted" toID="T19" toText="the 24th week" type="OVERLAP" />
<TLINK id="TL114" fromID="E73" fromText="admitted" toID="E74" toText="a motor vehicle accident" type="AFTER" />
<TLINK id="TL115" fromID="E73" fromText="admitted" toID="E3" toText="tocolysis" type="AFTER" />
<TLINK id="TL116" fromID="E73" fromText="admitted" toID="E4" toText="betamethasone" type="AFTER" />
<TLINK id="TL117" fromID="T19" fromText="the 24th week" toID="E73" toText="admitted" type="OVERLAP" />
<TLINK id="TL118" fromID="T19" fromText="the 24th week" toID="E74" toText="a motor vehicle accident" type="AFTER" />
<TLINK id="TL119" fromID="T19" fromText="the 24th week" toID="E3" toText="tocolysis" type="AFTER" />
<TLINK id="TL120" fromID="T19" fromText="the 24th week" toID="E4" toText="betamethasone" type="AFTER" />
<TLINK id="TL121" fromID="E74" fromText="a motor vehicle accident" toID="E73" toText="admitted" type="BEFORE" />
<TLINK id="TL122" fromID="E74" fromText="a motor vehicle accident" toID="T19" toText="the 24th week" type="BEFORE" />
<TLINK id="TL123" fromID="E74" fromText="a motor vehicle accident" toID="E3" toText="tocolysis" type="BEFORE" />
<TLINK id="TL124" fromID="E74" fromText="a motor vehicle accident" toID="E4" toText="betamethasone" type="BEFORE" />
<TLINK id="TL125" fromID="E3" fromText="tocolysis" toID="E73" toText="admitted" type="BEFORE" />
<TLINK id="TL126" fromID="E3" fromText="tocolysis" toID="T19" toText="the 24th week" type="BEFORE" />
<TLINK id="TL127" fromID="E3" fromText="tocolysis" toID="E74" toText="a motor vehicle accident" type="AFTER" />
<TLINK id="TL128" fromID="E3" fromText="tocolysis" toID="E4" toText="betamethasone" type="OVERLAP" />
<TLINK id="TL129" fromID="E4" fromText="betamethasone" toID="E73" toText="admitted" type="BEFORE" />
<TLINK id="TL130" fromID="E4" fromText="betamethasone" toID="T19" toText="the 24th week" type="BEFORE" />
<TLINK id="TL131" fromID="E4" fromText="betamethasone" toID="E74" toText="a motor vehicle accident" type="AFTER" />
<TLINK id="TL132" fromID="E4" fromText="betamethasone" toID="E3" toText="tocolysis" type="OVERLAP" />
<TLINK id="TL133" fromID="E75" fromText="progressing labor" toID="E76" toText="presentation of twins" type="OVERLAP" />
<TLINK id="TL134" fromID="E75" fromText="progressing labor" toID="E77" toText="delivery" type="BEFORE" />
<TLINK id="TL135" fromID="E75" fromText="progressing labor" toID="E5" toText="Cesarean section" type="BEFORE" />
<TLINK id="TL136" fromID="E76" fromText="presentation of twins" toID="E75" toText="progressing labor" type="OVERLAP" />
<TLINK id="TL137" fromID="E76" fromText="presentation of twins" toID="E77" toText="delivery" type="OVERLAP" />
<TLINK id="TL138" fromID="E76" fromText="presentation of twins" toID="E5" toText="Cesarean section" type="OVERLAP" />
<TLINK id="TL139" fromID="E77" fromText="delivery" toID="E75" toText="progressing labor" type="AFTER" />
<TLINK id="TL140" fromID="E77" fromText="delivery" toID="E76" toText="presentation of twins" type="OVERLAP" />
<TLINK id="TL141" fromID="E77" fromText="delivery" toID="E5" toText="Cesarean section" type="OVERLAP" />
<TLINK id="TL142" fromID="E5" fromText="Cesarean section" toID="E75" toText="progressing labor" type="AFTER" />
<TLINK id="TL143" fromID="E5" fromText="Cesarean section" toID="E76" toText="presentation of twins" type="OVERLAP" />
<TLINK id="TL144" fromID="E5" fromText="Cesarean section" toID="E77" toText="delivery" type="OVERLAP" />
<TLINK id="TL145" fromID="E6" fromText="Prenatal screens" toID="E7" toText="blood type" type="OVERLAP" />
<TLINK id="TL146" fromID="E6" fromText="Prenatal screens" toID="E8" toText="antibody" type="OVERLAP" />
<TLINK id="TL147" fromID="E6" fromText="Prenatal screens" toID="E9" toText="hepatitis B surface antigen" type="OVERLAP" />
<TLINK id="TL148" fromID="E6" fromText="Prenatal screens" toID="E10" toText="RPR" type="OVERLAP" />
<TLINK id="TL149" fromID="E7" fromText="blood type" toID="E6" toText="Prenatal screens" type="OVERLAP" />
<TLINK id="TL150" fromID="E7" fromText="blood type" toID="E8" toText="antibody" type="OVERLAP" />
<TLINK id="TL151" fromID="E7" fromText="blood type" toID="E9" toText="hepatitis B surface antigen" type="OVERLAP" />
<TLINK id="TL152" fromID="E7" fromText="blood type" toID="E10" toText="RPR" type="OVERLAP" />
<TLINK id="TL153" fromID="E8" fromText="antibody" toID="E6" toText="Prenatal screens" type="OVERLAP" />
<TLINK id="TL154" fromID="E8" fromText="antibody" toID="E7" toText="blood type" type="OVERLAP" />
<TLINK id="TL155" fromID="E8" fromText="antibody" toID="E9" toText="hepatitis B surface antigen" type="OVERLAP" />
<TLINK id="TL156" fromID="E8" fromText="antibody" toID="E10" toText="RPR" type="OVERLAP" />
<TLINK id="TL157" fromID="E9" fromText="hepatitis B surface antigen" toID="E6" toText="Prenatal screens" type="OVERLAP" />
<TLINK id="TL158" fromID="E9" fromText="hepatitis B surface antigen" toID="E7" toText="blood type" type="OVERLAP" />
<TLINK id="TL159" fromID="E9" fromText="hepatitis B surface antigen" toID="E8" toText="antibody" type="OVERLAP" />
<TLINK id="TL160" fromID="E9" fromText="hepatitis B surface antigen" toID="E10" toText="RPR" type="OVERLAP" />
<TLINK id="TL161" fromID="E10" fromText="RPR" toID="E6" toText="Prenatal screens" type="OVERLAP" />
<TLINK id="TL162" fromID="E10" fromText="RPR" toID="E7" toText="blood type" type="OVERLAP" />
<TLINK id="TL163" fromID="E10" fromText="RPR" toID="E8" toText="antibody" type="OVERLAP" />
<TLINK id="TL164" fromID="E10" fromText="RPR" toID="E9" toText="hepatitis B surface antigen" type="OVERLAP" />
<TLINK id="TL165" fromID="E13" fromText="blow-by oxygen" toID="E14" toText="stimulation" type="OVERLAP" />
<TLINK id="TL166" fromID="E14" fromText="stimulation" toID="E13" toText="blow-by oxygen" type="OVERLAP" />
<TLINK id="TL167" fromID="E15" fromText="Her Apgars" toID="T8" toText="1 minute" type="OVERLAP" />
<TLINK id="TL168" fromID="E15" fromText="Her Apgars" toID="T9" toText="5 minutes" type="OVERLAP" />
<TLINK id="TL169" fromID="T8" fromText="1 minute" toID="E15" toText="Her Apgars" type="OVERLAP" />
<TLINK id="TL170" fromID="T9" fromText="5 minutes" toID="E15" toText="Her Apgars" type="OVERLAP" />
<TLINK id="TL171" fromID="E80" fromText="the CMED CSRU" toID="E81" toText="further evaluation" type="OVERLAP" />
<TLINK id="TL172" fromID="E81" fromText="further evaluation" toID="E80" toText="the CMED CSRU" type="OVERLAP" />
<TLINK id="TL173" fromID="E65" fromText="admission" toID="E16" toText="supplemental oxygen" type="OVERLAP" />
<TLINK id="TL174" fromID="E65" fromText="admission" toID="E17" toText="respiratory support" type="OVERLAP" />
<TLINK id="TL175" fromID="E16" fromText="supplemental oxygen" toID="E65" toText="admission" type="OVERLAP" />
<TLINK id="TL176" fromID="E16" fromText="supplemental oxygen" toID="E17" toText="respiratory support" type="OVERLAP" />
<TLINK id="TL177" fromID="E17" fromText="respiratory support" toID="E65" toText="admission" type="OVERLAP" />
<TLINK id="TL178" fromID="E17" fromText="respiratory support" toID="E16" toText="supplemental oxygen" type="OVERLAP" />
<TLINK id="TL179" fromID="E19" fromText="apnea of prematurity" toID="E20" toText="caffeine" type="BEFORE" />
<TLINK id="TL180" fromID="E19" fromText="apnea of prematurity" toID="T3" toText="2017-06-04" type="BEFORE" />
<TLINK id="TL181" fromID="E20" fromText="caffeine" toID="E19" toText="apnea of prematurity" type="AFTER" />
<TLINK id="TL182" fromID="E20" fromText="caffeine" toID="T3" toText="2017-06-04" type="BEFORE" />
<TLINK id="TL183" fromID="T3" fromText="2017-06-04" toID="E19" toText="apnea of prematurity" type="AFTER" />
<TLINK id="TL184" fromID="T3" fromText="2017-06-04" toID="E20" toText="caffeine" type="AFTER" />
<TLINK id="TL185" fromID="E83" fromText="very rare spells" toID="T10" toText="one week" type="OVERLAP" />
<TLINK id="TL186" fromID="E83" fromText="very rare spells" toID="E84" toText="discharge" type="BEFORE" />
<TLINK id="TL187" fromID="T10" fromText="one week" toID="E83" toText="very rare spells" type="OVERLAP" />
<TLINK id="TL188" fromID="T10" fromText="one week" toID="E84" toText="discharge" type="OVERLAP" />
<TLINK id="TL189" fromID="E84" fromText="discharge" toID="E83" toText="very rare spells" type="AFTER" />
<TLINK id="TL190" fromID="E84" fromText="discharge" toID="T10" toText="one week" type="OVERLAP" />
<TLINK id="TL191" fromID="E85" fromText="blood pressures" toID="E86" toText="heart rate" type="OVERLAP" />
<TLINK id="TL192" fromID="E86" fromText="heart rate" toID="E85" toText="blood pressures" type="OVERLAP" />
<TLINK id="TL193" fromID="T11" fromText="day of life 15" toID="E21" toText="a murmur" type="OVERLAP" />
<TLINK id="TL194" fromID="T11" fromText="day of life 15" toID="E22" toText="evaluation by ECHO" type="OVERLAP" />
<TLINK id="TL195" fromID="E21" fromText="a murmur" toID="T11" toText="day of life 15" type="OVERLAP" />
<TLINK id="TL196" fromID="E21" fromText="a murmur" toID="E22" toText="evaluation by ECHO" type="BEFORE" />
<TLINK id="TL197" fromID="E22" fromText="evaluation by ECHO" toID="T11" toText="day of life 15" type="OVERLAP" />
<TLINK id="TL198" fromID="E22" fromText="evaluation by ECHO" toID="E21" toText="a murmur" type="AFTER" />
<TLINK id="TL199" fromID="E23" fromText="The ECHO" toID="E87" toText="revealed" type="OVERLAP" />
<TLINK id="TL200" fromID="E23" fromText="The ECHO" toID="E24" toText="an anomalous left coronary" type="AFTER" />
<TLINK id="TL201" fromID="E87" fromText="revealed" toID="E23" toText="The ECHO" type="OVERLAP" />
<TLINK id="TL202" fromID="E87" fromText="revealed" toID="E24" toText="an anomalous left coronary" type="AFTER" />
<TLINK id="TL203" fromID="E24" fromText="an anomalous left coronary" toID="E23" toText="The ECHO" type="BEFORE" />
<TLINK id="TL204" fromID="E24" fromText="an anomalous left coronary" toID="E87" toText="revealed" type="BEFORE" />
<TLINK id="TL205" fromID="E89" fromText="an anomalous left coronary artery arising from the pulmonary artery ( LCAPA )" toID="E26" toText="a left coronary artery fistula to the pulmonar artery" type="OVERLAP" />
<TLINK id="TL206" fromID="E26" fromText="a left coronary artery fistula to the pulmonar artery" toID="E89" toText="an anomalous left coronary artery arising from the pulmonary artery ( LCAPA )" type="OVERLAP" />
<TLINK id="TL207" fromID="E28" fromText="Several additional ECHOs" toID="E29" toText="an ECHO" type="OVERLAP" />
<TLINK id="TL208" fromID="E28" fromText="Several additional ECHOs" toID="E90" toText="the cardiology department at HealthSouth Rehab Hospital of Western Mass" type="OVERLAP" />
<TLINK id="TL209" fromID="E29" fromText="an ECHO" toID="E28" toText="Several additional ECHOs" type="OVERLAP" />
<TLINK id="TL210" fromID="E29" fromText="an ECHO" toID="E90" toText="the cardiology department at HealthSouth Rehab Hospital of Western Mass" type="OVERLAP" />
<TLINK id="TL211" fromID="E90" fromText="the cardiology department at HealthSouth Rehab Hospital of Western Mass" toID="E28" toText="Several additional ECHOs" type="OVERLAP" />
<TLINK id="TL212" fromID="E90" fromText="the cardiology department at HealthSouth Rehab Hospital of Western Mass" toID="E29" toText="an ECHO" type="OVERLAP" />
<TLINK id="TL213" fromID="E91" fromText="coronary ischemia" toID="E30" toText="regular ECHOs" type="OVERLAP" />
<TLINK id="TL214" fromID="E91" fromText="coronary ischemia" toID="E93" toText="hospitalization" type="OVERLAP" />
<TLINK id="TL215" fromID="E92" fromText="an LCAPA" toID="E30" toText="regular ECHOs" type="BEFORE" />
<TLINK id="TL216" fromID="E92" fromText="an LCAPA" toID="E31" toText="EKGs" type="BEFORE" />
<TLINK id="TL217" fromID="E92" fromText="an LCAPA" toID="E93" toText="hospitalization" type="OVERLAP" />
<TLINK id="TL218" fromID="E30" fromText="regular ECHOs" toID="E91" toText="coronary ischemia" type="OVERLAP" />
<TLINK id="TL219" fromID="E30" fromText="regular ECHOs" toID="E92" toText="an LCAPA" type="AFTER" />
<TLINK id="TL220" fromID="E30" fromText="regular ECHOs" toID="E31" toText="EKGs" type="OVERLAP" />
<TLINK id="TL221" fromID="E30" fromText="regular ECHOs" toID="E93" toText="hospitalization" type="OVERLAP" />
<TLINK id="TL222" fromID="E30" fromText="regular ECHOs" toID="E94" toText="ischemia" type="OVERLAP" />
<TLINK id="TL223" fromID="E30" fromText="regular ECHOs" toID="E32" toText="valvular regurgitation" type="OVERLAP" />
<TLINK id="TL224" fromID="E30" fromText="regular ECHOs" toID="E33" toText="compromised ventricular function" type="OVERLAP" />
<TLINK id="TL225" fromID="E31" fromText="EKGs" toID="E92" toText="an LCAPA" type="AFTER" />
<TLINK id="TL226" fromID="E31" fromText="EKGs" toID="E30" toText="regular ECHOs" type="OVERLAP" />
<TLINK id="TL227" fromID="E31" fromText="EKGs" toID="E93" toText="hospitalization" type="OVERLAP" />
<TLINK id="TL228" fromID="E31" fromText="EKGs" toID="E94" toText="ischemia" type="OVERLAP" />
<TLINK id="TL229" fromID="E31" fromText="EKGs" toID="E32" toText="valvular regurgitation" type="OVERLAP" />
<TLINK id="TL230" fromID="E31" fromText="EKGs" toID="E33" toText="compromised ventricular function" type="OVERLAP" />
<TLINK id="TL231" fromID="E93" fromText="hospitalization" toID="E91" toText="coronary ischemia" type="OVERLAP" />
<TLINK id="TL232" fromID="E93" fromText="hospitalization" toID="E92" toText="an LCAPA" type="OVERLAP" />
<TLINK id="TL233" fromID="E93" fromText="hospitalization" toID="E30" toText="regular ECHOs" type="OVERLAP" />
<TLINK id="TL234" fromID="E93" fromText="hospitalization" toID="E31" toText="EKGs" type="OVERLAP" />
<TLINK id="TL235" fromID="E93" fromText="hospitalization" toID="E94" toText="ischemia" type="OVERLAP" />
<TLINK id="TL236" fromID="E93" fromText="hospitalization" toID="E32" toText="valvular regurgitation" type="OVERLAP" />
<TLINK id="TL237" fromID="E94" fromText="ischemia" toID="E30" toText="regular ECHOs" type="OVERLAP" />
<TLINK id="TL238" fromID="E94" fromText="ischemia" toID="E31" toText="EKGs" type="OVERLAP" />
<TLINK id="TL239" fromID="E94" fromText="ischemia" toID="E93" toText="hospitalization" type="OVERLAP" />
<TLINK id="TL240" fromID="E32" fromText="valvular regurgitation" toID="E30" toText="regular ECHOs" type="OVERLAP" />
<TLINK id="TL241" fromID="E32" fromText="valvular regurgitation" toID="E31" toText="EKGs" type="OVERLAP" />
<TLINK id="TL242" fromID="E32" fromText="valvular regurgitation" toID="E93" toText="hospitalization" type="OVERLAP" />
<TLINK id="TL243" fromID="E32" fromText="valvular regurgitation" toID="E33" toText="compromised ventricular function" type="OVERLAP" />
<TLINK id="TL244" fromID="E33" fromText="compromised ventricular function" toID="E30" toText="regular ECHOs" type="OVERLAP" />
<TLINK id="TL245" fromID="E33" fromText="compromised ventricular function" toID="E31" toText="EKGs" type="OVERLAP" />
<TLINK id="TL246" fromID="E33" fromText="compromised ventricular function" toID="E32" toText="valvular regurgitation" type="OVERLAP" />
<TLINK id="TL247" fromID="E95" fromText="followed closely" toID="E96" toText="cardiac catheterization" type="BEFORE" />
<TLINK id="TL248" fromID="E95" fromText="followed closely" toID="E97" toText="surgical repair" type="BEFORE" />
<TLINK id="TL249" fromID="E95" fromText="followed closely" toID="E113" toText="grows to 3.5 to 4 kg" type="BEFORE" />
<TLINK id="TL250" fromID="E96" fromText="cardiac catheterization" toID="E95" toText="followed closely" type="AFTER" />
<TLINK id="TL251" fromID="E96" fromText="cardiac catheterization" toID="E97" toText="surgical repair" type="AFTER" />
<TLINK id="TL252" fromID="E96" fromText="cardiac catheterization" toID="E113" toText="grows to 3.5 to 4 kg" type="BEFORE" />
<TLINK id="TL253" fromID="E97" fromText="surgical repair" toID="E95" toText="followed closely" type="AFTER" />
<TLINK id="TL254" fromID="E97" fromText="surgical repair" toID="E96" toText="cardiac catheterization" type="OVERLAP" />
<TLINK id="TL255" fromID="E97" fromText="surgical repair" toID="E113" toText="grows to 3.5 to 4 kg" type="BEFORE" />
<TLINK id="TL256" fromID="E113" fromText="grows to 3.5 to 4 kg" toID="E95" toText="followed closely" type="AFTER" />
<TLINK id="TL257" fromID="E113" fromText="grows to 3.5 to 4 kg" toID="E96" toText="cardiac catheterization" type="AFTER" />
<TLINK id="TL258" fromID="E113" fromText="grows to 3.5 to 4 kg" toID="E97" toText="surgical repair" type="AFTER" />
<TLINK id="TL259" fromID="E34" fromText="IVF" toID="E35" toText="enteral feeds" type="OVERLAP" />
<TLINK id="TL260" fromID="E34" fromText="IVF" toID="T12" toText="day of life 2" type="BEFORE" />
<TLINK id="TL261" fromID="E35" fromText="enteral feeds" toID="E34" toText="IVF" type="OVERLAP" />
<TLINK id="TL262" fromID="E35" fromText="enteral feeds" toID="T12" toText="day of life 2" type="OVERLAP" />
<TLINK id="TL263" fromID="T12" fromText="day of life 2" toID="E34" toText="IVF" type="AFTER" />
<TLINK id="TL264" fromID="T12" fromText="day of life 2" toID="E35" toText="enteral feeds" type="OVERLAP" />
<TLINK id="TL265" fromID="E98" fromText="advanced" toID="E36" toText="full volume enteral feeds" type="BEFORE" />
<TLINK id="TL266" fromID="E98" fromText="advanced" toID="T13" toText="day of life 7" type="OVERLAP" />
<TLINK id="TL267" fromID="E36" fromText="full volume enteral feeds" toID="E98" toText="advanced" type="AFTER" />
<TLINK id="TL268" fromID="E36" fromText="full volume enteral feeds" toID="T13" toText="day of life 7" type="OVERLAP" />
<TLINK id="TL269" fromID="T13" fromText="day of life 7" toID="E98" toText="advanced" type="OVERLAP" />
<TLINK id="TL270" fromID="T13" fromText="day of life 7" toID="E36" toText="full volume enteral feeds" type="OVERLAP" />
<TLINK id="TL271" fromID="E99" fromText="Oral feedings" toID="E100" toText="tolerated" type="OVERLAP" />
<TLINK id="TL272" fromID="E100" fromText="tolerated" toID="E99" toText="Oral feedings" type="OVERLAP" />
<TLINK id="TL273" fromID="E101" fromText="discharge" toID="E102" toText="BM" type="OVERLAP" />
<TLINK id="TL274" fromID="E101" fromText="discharge" toID="E103" toText="enfamil" type="OVERLAP" />
<TLINK id="TL275" fromID="E101" fromText="discharge" toID="E104" toText="adequate intake" type="BEFORE" />
<TLINK id="TL276" fromID="E101" fromText="discharge" toID="E105" toText="adequate weight gain" type="BEFORE" />
<TLINK id="TL277" fromID="E102" fromText="BM" toID="E101" toText="discharge" type="OVERLAP" />
<TLINK id="TL278" fromID="E102" fromText="BM" toID="E103" toText="enfamil" type="OVERLAP" />
<TLINK id="TL279" fromID="E102" fromText="BM" toID="E104" toText="adequate intake" type="BEFORE" />
<TLINK id="TL280" fromID="E102" fromText="BM" toID="E105" toText="adequate weight gain" type="BEFORE" />
<TLINK id="TL281" fromID="E103" fromText="enfamil" toID="E101" toText="discharge" type="OVERLAP" />
<TLINK id="TL282" fromID="E103" fromText="enfamil" toID="E102" toText="BM" type="OVERLAP" />
<TLINK id="TL283" fromID="E103" fromText="enfamil" toID="E104" toText="adequate intake" type="OVERLAP" />
<TLINK id="TL284" fromID="E103" fromText="enfamil" toID="E105" toText="adequate weight gain" type="OVERLAP" />
<TLINK id="TL285" fromID="E104" fromText="adequate intake" toID="E101" toText="discharge" type="AFTER" />
<TLINK id="TL286" fromID="E104" fromText="adequate intake" toID="E102" toText="BM" type="AFTER" />
<TLINK id="TL287" fromID="E104" fromText="adequate intake" toID="E103" toText="enfamil" type="OVERLAP" />
<TLINK id="TL288" fromID="E104" fromText="adequate intake" toID="E105" toText="adequate weight gain" type="OVERLAP" />
<TLINK id="TL289" fromID="E105" fromText="adequate weight gain" toID="E101" toText="discharge" type="AFTER" />
<TLINK id="TL290" fromID="E105" fromText="adequate weight gain" toID="E102" toText="BM" type="AFTER" />
<TLINK id="TL291" fromID="E105" fromText="adequate weight gain" toID="E103" toText="enfamil" type="OVERLAP" />
<TLINK id="TL292" fromID="E105" fromText="adequate weight gain" toID="E104" toText="adequate intake" type="OVERLAP" />
<TLINK id="TL293" fromID="E37" fromText="Last nutrition labs" toID="T4" toText="06-20" type="OVERLAP" />
<TLINK id="TL294" fromID="E37" fromText="Last nutrition labs" toID="E38" toText="AP" type="OVERLAP" />
<TLINK id="TL295" fromID="E37" fromText="Last nutrition labs" toID="E39" toText="Ca" type="OVERLAP" />
<TLINK id="TL296" fromID="E37" fromText="Last nutrition labs" toID="E40" toText="Phos" type="OVERLAP" />
<TLINK id="TL297" fromID="T4" fromText="06-20" toID="E37" toText="Last nutrition labs" type="OVERLAP" />
<TLINK id="TL298" fromID="T4" fromText="06-20" toID="E38" toText="AP" type="OVERLAP" />
<TLINK id="TL299" fromID="T4" fromText="06-20" toID="E39" toText="Ca" type="OVERLAP" />
<TLINK id="TL300" fromID="T4" fromText="06-20" toID="E40" toText="Phos" type="OVERLAP" />
<TLINK id="TL301" fromID="E38" fromText="AP" toID="E37" toText="Last nutrition labs" type="OVERLAP" />
<TLINK id="TL302" fromID="E38" fromText="AP" toID="T4" toText="06-20" type="OVERLAP" />
<TLINK id="TL303" fromID="E38" fromText="AP" toID="E39" toText="Ca" type="OVERLAP" />
<TLINK id="TL304" fromID="E38" fromText="AP" toID="E40" toText="Phos" type="OVERLAP" />
<TLINK id="TL305" fromID="E39" fromText="Ca" toID="E37" toText="Last nutrition labs" type="OVERLAP" />
<TLINK id="TL306" fromID="E39" fromText="Ca" toID="T4" toText="06-20" type="OVERLAP" />
<TLINK id="TL307" fromID="E39" fromText="Ca" toID="E38" toText="AP" type="OVERLAP" />
<TLINK id="TL308" fromID="E39" fromText="Ca" toID="E40" toText="Phos" type="OVERLAP" />
<TLINK id="TL309" fromID="E40" fromText="Phos" toID="E37" toText="Last nutrition labs" type="OVERLAP" />
<TLINK id="TL310" fromID="E40" fromText="Phos" toID="T4" toText="06-20" type="OVERLAP" />
<TLINK id="TL311" fromID="E40" fromText="Phos" toID="E38" toText="AP" type="OVERLAP" />
<TLINK id="TL312" fromID="E40" fromText="Phos" toID="E39" toText="Ca" type="OVERLAP" />
<TLINK id="TL313" fromID="E41" fromText="phototherapy" toID="E42" toText="hyperbilirubinemia" type="AFTER" />
<TLINK id="TL314" fromID="E41" fromText="phototherapy" toID="T14" toText="day of life 7" type="OVERLAP" />
<TLINK id="TL315" fromID="E41" fromText="phototherapy" toID="E43" toText="peak bilirubin" type="BEFORE" />
<TLINK id="TL316" fromID="E41" fromText="phototherapy" toID="E44" toText="last bilirubin" type="BEFORE" />
<TLINK id="TL317" fromID="E41" fromText="phototherapy" toID="T16" toText="day of life 9" type="BEFORE" />
<TLINK id="TL318" fromID="E42" fromText="hyperbilirubinemia" toID="E41" toText="phototherapy" type="BEFORE" />
<TLINK id="TL319" fromID="E42" fromText="hyperbilirubinemia" toID="T14" toText="day of life 7" type="BEFORE" />
<TLINK id="TL320" fromID="E42" fromText="hyperbilirubinemia" toID="E43" toText="peak bilirubin" type="BEFORE" />
<TLINK id="TL321" fromID="E42" fromText="hyperbilirubinemia" toID="T15" toText="day of life 3" type="OVERLAP" />
<TLINK id="TL322" fromID="E42" fromText="hyperbilirubinemia" toID="E44" toText="last bilirubin" type="BEFORE" />
<TLINK id="TL323" fromID="E42" fromText="hyperbilirubinemia" toID="T16" toText="day of life 9" type="BEFORE" />
<TLINK id="TL324" fromID="T14" fromText="day of life 7" toID="E41" toText="phototherapy" type="OVERLAP" />
<TLINK id="TL325" fromID="T14" fromText="day of life 7" toID="E42" toText="hyperbilirubinemia" type="AFTER" />
<TLINK id="TL326" fromID="E43" fromText="peak bilirubin" toID="E41" toText="phototherapy" type="AFTER" />
<TLINK id="TL327" fromID="E43" fromText="peak bilirubin" toID="E42" toText="hyperbilirubinemia" type="AFTER" />
<TLINK id="TL328" fromID="E43" fromText="peak bilirubin" toID="T15" toText="day of life 3" type="OVERLAP" />
<TLINK id="TL329" fromID="E43" fromText="peak bilirubin" toID="E44" toText="last bilirubin" type="OVERLAP" />
<TLINK id="TL330" fromID="T15" fromText="day of life 3" toID="E42" toText="hyperbilirubinemia" type="OVERLAP" />
<TLINK id="TL331" fromID="T15" fromText="day of life 3" toID="E43" toText="peak bilirubin" type="OVERLAP" />
<TLINK id="TL332" fromID="E44" fromText="last bilirubin" toID="E41" toText="phototherapy" type="AFTER" />
<TLINK id="TL333" fromID="E44" fromText="last bilirubin" toID="E42" toText="hyperbilirubinemia" type="AFTER" />
<TLINK id="TL334" fromID="E44" fromText="last bilirubin" toID="E43" toText="peak bilirubin" type="OVERLAP" />
<TLINK id="TL335" fromID="E44" fromText="last bilirubin" toID="T16" toText="day of life 9" type="OVERLAP" />
<TLINK id="TL336" fromID="T16" fromText="day of life 9" toID="E41" toText="phototherapy" type="AFTER" />
<TLINK id="TL337" fromID="T16" fromText="day of life 9" toID="E42" toText="hyperbilirubinemia" type="AFTER" />
<TLINK id="TL338" fromID="T16" fromText="day of life 9" toID="E44" toText="last bilirubin" type="OVERLAP" />
<TLINK id="TL339" fromID="E45" fromText="CBC" toID="E46" toText="blood culture" type="OVERLAP" />
<TLINK id="TL340" fromID="E45" fromText="CBC" toID="E67" toText="admission" type="OVERLAP" />
<TLINK id="TL341" fromID="E45" fromText="CBC" toID="E48" toText="25 polys" type="OVERLAP" />
<TLINK id="TL342" fromID="E46" fromText="blood culture" toID="E45" toText="CBC" type="OVERLAP" />
<TLINK id="TL343" fromID="E46" fromText="blood culture" toID="E67" toText="admission" type="OVERLAP" />
<TLINK id="TL344" fromID="E46" fromText="blood culture" toID="E48" toText="25 polys" type="OVERLAP" />
<TLINK id="TL345" fromID="E67" fromText="admission" toID="E45" toText="CBC" type="OVERLAP" />
<TLINK id="TL346" fromID="E67" fromText="admission" toID="E46" toText="blood culture" type="OVERLAP" />
<TLINK id="TL347" fromID="E67" fromText="admission" toID="E48" toText="25 polys" type="OVERLAP" />
<TLINK id="TL348" fromID="E106" fromText="revealing" toID="E48" toText="25 polys" type="OVERLAP" />
<TLINK id="TL349" fromID="E47" fromText="a white blood cell count" toID="E48" toText="25 polys" type="OVERLAP" />
<TLINK id="TL350" fromID="E47" fromText="a white blood cell count" toID="E49" toText="0 bands" type="OVERLAP" />
<TLINK id="TL351" fromID="E47" fromText="a white blood cell count" toID="E50" toText="hematocrit" type="OVERLAP" />
<TLINK id="TL352" fromID="E47" fromText="a white blood cell count" toID="E51" toText="platelets" type="OVERLAP" />
<TLINK id="TL353" fromID="E48" fromText="25 polys" toID="E45" toText="CBC" type="OVERLAP" />
<TLINK id="TL354" fromID="E48" fromText="25 polys" toID="E46" toText="blood culture" type="OVERLAP" />
<TLINK id="TL355" fromID="E48" fromText="25 polys" toID="E67" toText="admission" type="OVERLAP" />
<TLINK id="TL356" fromID="E48" fromText="25 polys" toID="E106" toText="revealing" type="OVERLAP" />
<TLINK id="TL357" fromID="E48" fromText="25 polys" toID="E47" toText="a white blood cell count" type="OVERLAP" />
<TLINK id="TL358" fromID="E48" fromText="25 polys" toID="E49" toText="0 bands" type="OVERLAP" />
<TLINK id="TL359" fromID="E48" fromText="25 polys" toID="E50" toText="hematocrit" type="OVERLAP" />
<TLINK id="TL360" fromID="E48" fromText="25 polys" toID="E51" toText="platelets" type="OVERLAP" />
<TLINK id="TL361" fromID="E49" fromText="0 bands" toID="E47" toText="a white blood cell count" type="OVERLAP" />
<TLINK id="TL362" fromID="E49" fromText="0 bands" toID="E48" toText="25 polys" type="OVERLAP" />
<TLINK id="TL363" fromID="E49" fromText="0 bands" toID="E50" toText="hematocrit" type="OVERLAP" />
<TLINK id="TL364" fromID="E50" fromText="hematocrit" toID="E47" toText="a white blood cell count" type="OVERLAP" />
<TLINK id="TL365" fromID="E50" fromText="hematocrit" toID="E48" toText="25 polys" type="OVERLAP" />
<TLINK id="TL366" fromID="E50" fromText="hematocrit" toID="E49" toText="0 bands" type="OVERLAP" />
<TLINK id="TL367" fromID="E50" fromText="hematocrit" toID="E51" toText="platelets" type="OVERLAP" />
<TLINK id="TL368" fromID="E51" fromText="platelets" toID="E47" toText="a white blood cell count" type="OVERLAP" />
<TLINK id="TL369" fromID="E51" fromText="platelets" toID="E48" toText="25 polys" type="OVERLAP" />
<TLINK id="TL370" fromID="E51" fromText="platelets" toID="E50" toText="hematocrit" type="OVERLAP" />
<TLINK id="TL371" fromID="T17" fromText="48 hours" toID="E52" toText="Ampicillin" type="OVERLAP" />
<TLINK id="TL372" fromID="T17" fromText="48 hours" toID="E53" toText="Gentamycin" type="OVERLAP" />
<TLINK id="TL373" fromID="T17" fromText="48 hours" toID="E107" toText="negative cultures" type="BEFORE" />
<TLINK id="TL374" fromID="T17" fromText="48 hours" toID="E108" toText="a stable clinical course" type="AFTER" />
<TLINK id="TL375" fromID="E52" fromText="Ampicillin" toID="T17" toText="48 hours" type="OVERLAP" />
<TLINK id="TL376" fromID="E52" fromText="Ampicillin" toID="E53" toText="Gentamycin" type="OVERLAP" />
<TLINK id="TL377" fromID="E53" fromText="Gentamycin" toID="T17" toText="48 hours" type="OVERLAP" />
<TLINK id="TL378" fromID="E53" fromText="Gentamycin" toID="E52" toText="Ampicillin" type="OVERLAP" />
<TLINK id="TL379" fromID="E53" fromText="Gentamycin" toID="E107" toText="negative cultures" type="OVERLAP" />
<TLINK id="TL380" fromID="E53" fromText="Gentamycin" toID="E108" toText="a stable clinical course" type="OVERLAP" />
<TLINK id="TL381" fromID="E107" fromText="negative cultures" toID="T17" toText="48 hours" type="AFTER" />
<TLINK id="TL382" fromID="E107" fromText="negative cultures" toID="E53" toText="Gentamycin" type="OVERLAP" />
<TLINK id="TL383" fromID="E107" fromText="negative cultures" toID="E108" toText="a stable clinical course" type="OVERLAP" />
<TLINK id="TL384" fromID="E108" fromText="a stable clinical course" toID="T17" toText="48 hours" type="BEFORE" />
<TLINK id="TL385" fromID="E108" fromText="a stable clinical course" toID="E53" toText="Gentamycin" type="OVERLAP" />
<TLINK id="TL386" fromID="E108" fromText="a stable clinical course" toID="E107" toText="negative cultures" type="OVERLAP" />
<TLINK id="TL387" fromID="E54" fromText="supplemental iron" toID="E55" toText="any blood transfusions" type="OVERLAP" />
<TLINK id="TL388" fromID="E55" fromText="any blood transfusions" toID="E54" toText="supplemental iron" type="OVERLAP" />
<TLINK id="TL389" fromID="E56" fromText="Last Hct" toID="T5" toText="06-20" type="OVERLAP" />
<TLINK id="TL390" fromID="E56" fromText="Last Hct" toID="E57" toText="a reticulocyte count" type="OVERLAP" />
<TLINK id="TL391" fromID="T5" fromText="06-20" toID="E56" toText="Last Hct" type="OVERLAP" />
<TLINK id="TL392" fromID="T5" fromText="06-20" toID="E57" toText="a reticulocyte count" type="OVERLAP" />
<TLINK id="TL393" fromID="E57" fromText="a reticulocyte count" toID="E56" toText="Last Hct" type="OVERLAP" />
<TLINK id="TL394" fromID="E57" fromText="a reticulocyte count" toID="T5" toText="06-20" type="OVERLAP" />
<TLINK id="TL395" fromID="E58" fromText="Initial opthalmologic exam" toID="T6" toText="06-05" type="OVERLAP" />
<TLINK id="TL396" fromID="E58" fromText="Initial opthalmologic exam" toID="E110" toText="revealed" type="OVERLAP" />
<TLINK id="TL397" fromID="E58" fromText="Initial opthalmologic exam" toID="E59" toText="immature retinas" type="AFTER" />
<TLINK id="TL398" fromID="E58" fromText="Initial opthalmologic exam" toID="E60" toText="repeat exam" type="BEFORE" />
<TLINK id="TL399" fromID="E58" fromText="Initial opthalmologic exam" toID="T18" toText="06-26" type="BEFORE" />
<TLINK id="TL400" fromID="E58" fromText="Initial opthalmologic exam" toID="E111" toText="revealed" type="BEFORE" />
<TLINK id="TL401" fromID="E58" fromText="Initial opthalmologic exam" toID="E112" toText="mature retinas bilaterally" type="AFTER" />
<TLINK id="TL402" fromID="T6" fromText="06-05" toID="E58" toText="Initial opthalmologic exam" type="OVERLAP" />
<TLINK id="TL403" fromID="T6" fromText="06-05" toID="E110" toText="revealed" type="AFTER" />
<TLINK id="TL404" fromID="T6" fromText="06-05" toID="E59" toText="immature retinas" type="AFTER" />
<TLINK id="TL405" fromID="T6" fromText="06-05" toID="E60" toText="repeat exam" type="BEFORE" />
<TLINK id="TL406" fromID="T6" fromText="06-05" toID="E112" toText="mature retinas bilaterally" type="BEFORE" />
<TLINK id="TL407" fromID="E110" fromText="revealed" toID="E58" toText="Initial opthalmologic exam" type="OVERLAP" />
<TLINK id="TL408" fromID="E110" fromText="revealed" toID="T6" toText="06-05" type="BEFORE" />
<TLINK id="TL409" fromID="E110" fromText="revealed" toID="E59" toText="immature retinas" type="AFTER" />
<TLINK id="TL410" fromID="E110" fromText="revealed" toID="E60" toText="repeat exam" type="BEFORE" />
<TLINK id="TL411" fromID="E110" fromText="revealed" toID="T18" toText="06-26" type="BEFORE" />
<TLINK id="TL412" fromID="E110" fromText="revealed" toID="E111" toText="revealed" type="BEFORE" />
<TLINK id="TL413" fromID="E110" fromText="revealed" toID="E112" toText="mature retinas bilaterally" type="AFTER" />
<TLINK id="TL414" fromID="E59" fromText="immature retinas" toID="E58" toText="Initial opthalmologic exam" type="BEFORE" />
<TLINK id="TL415" fromID="E59" fromText="immature retinas" toID="T6" toText="06-05" type="BEFORE" />
<TLINK id="TL416" fromID="E59" fromText="immature retinas" toID="E110" toText="revealed" type="BEFORE" />
<TLINK id="TL417" fromID="E59" fromText="immature retinas" toID="E60" toText="repeat exam" type="BEFORE" />
<TLINK id="TL418" fromID="E59" fromText="immature retinas" toID="T18" toText="06-26" type="BEFORE" />
<TLINK id="TL419" fromID="E59" fromText="immature retinas" toID="E111" toText="revealed" type="BEFORE" />
<TLINK id="TL420" fromID="E60" fromText="repeat exam" toID="E58" toText="Initial opthalmologic exam" type="AFTER" />
<TLINK id="TL421" fromID="E60" fromText="repeat exam" toID="T6" toText="06-05" type="AFTER" />
<TLINK id="TL422" fromID="E60" fromText="repeat exam" toID="E110" toText="revealed" type="AFTER" />
<TLINK id="TL423" fromID="E60" fromText="repeat exam" toID="E59" toText="immature retinas" type="AFTER" />
<TLINK id="TL424" fromID="E60" fromText="repeat exam" toID="T18" toText="06-26" type="OVERLAP" />
<TLINK id="TL425" fromID="E60" fromText="repeat exam" toID="E111" toText="revealed" type="OVERLAP" />
<TLINK id="TL426" fromID="E60" fromText="repeat exam" toID="E112" toText="mature retinas bilaterally" type="OVERLAP" />
<TLINK id="TL427" fromID="T18" fromText="06-26" toID="E58" toText="Initial opthalmologic exam" type="AFTER" />
<TLINK id="TL428" fromID="T18" fromText="06-26" toID="E110" toText="revealed" type="AFTER" />
<TLINK id="TL429" fromID="T18" fromText="06-26" toID="E59" toText="immature retinas" type="AFTER" />
<TLINK id="TL430" fromID="T18" fromText="06-26" toID="E60" toText="repeat exam" type="OVERLAP" />
<TLINK id="TL431" fromID="T18" fromText="06-26" toID="E111" toText="revealed" type="OVERLAP" />
<TLINK id="TL432" fromID="T18" fromText="06-26" toID="E112" toText="mature retinas bilaterally" type="AFTER" />
<TLINK id="TL433" fromID="E111" fromText="revealed" toID="E58" toText="Initial opthalmologic exam" type="AFTER" />
<TLINK id="TL434" fromID="E111" fromText="revealed" toID="E110" toText="revealed" type="AFTER" />
<TLINK id="TL435" fromID="E111" fromText="revealed" toID="E59" toText="immature retinas" type="AFTER" />
<TLINK id="TL436" fromID="E111" fromText="revealed" toID="E60" toText="repeat exam" type="OVERLAP" />
<TLINK id="TL437" fromID="E111" fromText="revealed" toID="T18" toText="06-26" type="OVERLAP" />
<TLINK id="TL438" fromID="E111" fromText="revealed" toID="E112" toText="mature retinas bilaterally" type="OVERLAP" />
<TLINK id="TL439" fromID="E112" fromText="mature retinas bilaterally" toID="E58" toText="Initial opthalmologic exam" type="BEFORE" />
<TLINK id="TL440" fromID="E112" fromText="mature retinas bilaterally" toID="T6" toText="06-05" type="AFTER" />
<TLINK id="TL441" fromID="E112" fromText="mature retinas bilaterally" toID="E110" toText="revealed" type="BEFORE" />
<TLINK id="TL442" fromID="E112" fromText="mature retinas bilaterally" toID="E60" toText="repeat exam" type="OVERLAP" />
<TLINK id="TL443" fromID="E112" fromText="mature retinas bilaterally" toID="T18" toText="06-26" type="BEFORE" />
<TLINK id="TL444" fromID="E112" fromText="mature retinas bilaterally" toID="E111" toText="revealed" type="OVERLAP" />
<TLINK id="TL445" fromID="E61" fromText="hearing screen" toID="E68" toText="discharge" type="BEFORE" />
<TLINK id="TL446" fromID="E68" fromText="discharge" toID="E61" toText="hearing screen" type="AFTER" />
</TAGS>
</ClinicalNarrativeTemporalAnnotation>
