<?xml version="1.0" encoding="UTF-8" ?>
<ClinicalNarrativeTemporalAnnotation>
<TEXT><![CDATA[
Admission Date :
2009-08-17
Discharge Date :
2009-09-10
Service :
BLUE GENERAL SURGERY
HISTORY OF PRESENT ILLNESS :
Mr. Cordano is a 58-year-old gentlemen with a past medical history significant for primary sclerosing cholangitis who presented with a chief complaint of endoscopic retrograde cholangiopancreatography endoscopic retrograde cholangiopancreatography and percutaneous transhepatic cholangiogram .
The most recent percutaneous transluminal coronary angioplasty was done in 2009-07-25 .
At the time an 8 Caucasian catheter was placed in the common hepatic/bioduct for external drainage .
The endoscopic retrograde cholangiopancreatography also showed the presence proximal common bile duct .
Nodularities in the common bile duct visualized by endoscopic retrograde cholangiopancreatography was also worrisome for cholangiocarcinoma and the patient was admitted to the Blue General Surgery Service for possible surgical interventions .
HOSPITAL COURSE :
Mr. Cordano was admitted on 2009-08-17 for a replacement of transhepatic biliary drainage catheter .
At that time , cholangiogram confirmed that there was a distal stricture of the common bile duct .
An endoscopic retrograde cholangiopancreatography also demonstrated similar findings
and it is noted there was nodularity in the common bile duct which is worrisome for cholangiocarcinoma .
Therefore , the patient was taken to the Operating Room on 2009-08-24 for a Whipple procedure versus hepaticojejunostomy .
On exploration of the abdomen revealed significant nodularity of the liver indicating of advanced cirrhosis .
Intraoperative frozen section of the distal and proximal common bile duct in the
region nodularity , which is identified previously by endoscopic retrograde cholangiopancreatography , and regional lymph nodes were all sent to pathology .
They were all negative for malignancy and therefore a hepaticojejunostomy
was performed .
Cholangiogram on postoperative day number two showed no evidence of leakage at the anastomosis site .
The patient tolerated the procedure well and he was sent to the floor in stable condition .
The patient 's postoperative course was notable for an elevation in white blood cell count peaking at 30.0 on postoperative day number two .
He was given Unasyn for empiric antibiotic treatment .
At the time , blood , urine and bile was sent for culture , which were all negative .
A chest x-ray was also negative for any pneumonia .
Postoperatively , Mr. Cordano also suffered from low urine output ranges between 25 to 30 cc per hour .
Fractional excretion of sodium was less than 1% suggesting a prerenal etiology .
The sodium creatinine peaked at 2.0 and the patient was treated with boluses of intravenous fluid and intravenous albumin infusion was also administered .
He responded well to this regimen and made adequate urine output .
At the same time , the patient also developed distentions of the abdomen consistent with accumulation of ascitic fluid .
He also had significant lower extremity and scrotum edema .
On postoperative day number eight , the patient 's oxygen saturation dropped to 85% on room air and he was transferred to the Surgical Intensive Care Unit for fluid management .
Chest x-ray and sputum culture obtained at the time were negative and the patient was treated with 100% nonrebreather which improved his oxygenation .
While he is in the Surgical Intensive Care Unit , paracentesis was performed and it
revealed greater than 24,000 white blood cell count in the ascites which is consistent with SVT .
He was given Zosyn for empiric treatment .
Gram stain and culture of the ascites failed to identify any organism .
He was weaned from oxygen requirement and was continued on normal saline boluses and
intravenous albumin for treatment of prerenal azotemia .
Somatostatin and midodrine were also given for this condition and he also received packed red blood cells .
On postoperative day number ten , the patient returned to the floor with improved renal function and without oxygen requirement .
The somatostatin and the midodrine were discontinued and the regimen of Lasix and spironolactone was started for diuresis .
His creatinine levels trended toward normal and the fractional excretion of sodium also increased indicating a resolution of the prerenal kidney failure .
On postoperative day number 17 , the patient was discharged .
At the time he took good po .
He has a PICC line in place for continued treatment with Rocephin and he will have a visiting nurse to help him to administer these medications .
While in the hospital , the patient received initial work-up including echocardiogram , electrocardiogram and serology studies to be listed for liver transplant .
]]></TEXT>
<TAGS>
<EVENT id="E0" start="1" end="10" text="Admission" modality="FACTUAL" polarity="POS" type="OCCURRENCE" />
<EVENT id="E9" start="1008" end="1063" text="a replacement of transhepatic biliary drainage catheter" modality="FACTUAL" polarity="POS" type="TREATMENT" />
<EVENT id="E10" start="1081" end="1094" text="cholangiogram" modality="FACTUAL" polarity="POS" type="TEST" />
<EVENT id="E11" start="1120" end="1162" text="a distal stricture of the common bile duct" modality="FACTUAL" polarity="POS" type="PROBLEM" />
<EVENT id="E12" start="1165" end="1214" text="An endoscopic retrograde cholangiopancreatography" modality="FACTUAL" polarity="POS" type="TEST" />
<EVENT id="E81" start="1220" end="1232" text="demonstrated" modality="FACTUAL" polarity="POS" type="EVIDENTIAL" />
<EVENT id="E89" start="1233" end="1249" text="similar findings" modality="FACTUAL" polarity="POS" type="PROBLEM" />
<EVENT id="E13" start="1276" end="1310" text="nodularity in the common bile duct" modality="FACTUAL" polarity="POS" type="PROBLEM" />
<EVENT id="E14" start="1334" end="1352" text="cholangiocarcinoma" modality="POSSIBLE" polarity="POS" type="PROBLEM" />
<EVENT id="E72" start="1392" end="1410" text="the Operating Room" modality="FACTUAL" polarity="POS" type="CLINICAL_DEPT" />
<EVENT id="E90" start="1429" end="1448" text="a Whipple procedure" modality="POSSIBLE" polarity="POS" type="TREATMENT" />
<EVENT id="E91" start="1456" end="1475" text="hepaticojejunostomy" modality="POSSIBLE" polarity="POS" type="TREATMENT" />
<EVENT id="E15" start="1481" end="1507" text="exploration of the abdomen" modality="FACTUAL" polarity="POS" type="TEST" />
<EVENT id="E73" start="1508" end="1516" text="revealed" modality="FACTUAL" polarity="POS" type="EVIDENTIAL" />
<EVENT id="E16" start="1517" end="1552" text="significant nodularity of the liver" modality="FACTUAL" polarity="POS" type="PROBLEM" />
<EVENT id="E128" start="1567" end="1585" text="advanced cirrhosis" modality="FACTUAL" polarity="POS" type="PROBLEM" />
<EVENT id="E92" start="1621" end="1661" text="the distal and proximal common bile duct" modality="FACTUAL" polarity="POS" type="TEST" />
<EVENT id="E18" start="1723" end="1769" text="endoscopic retrograde cholangiopancreatography" modality="FACTUAL" polarity="POS" type="TEST" />
<EVENT id="E93" start="1776" end="1796" text="regional lymph nodes" modality="FACTUAL" polarity="POS" type="TEST" />
<EVENT id="E94" start="1814" end="1823" text="pathology" modality="FACTUAL" polarity="POS" type="CLINICAL_DEPT" />
<EVENT id="E19" start="1853" end="1863" text="malignancy" modality="FACTUAL" polarity="NEG" type="PROBLEM" />
<EVENT id="E20" start="1878" end="1899" text="a hepaticojejunostomy" modality="FACTUAL" polarity="POS" type="TREATMENT" />
<EVENT id="E21" start="1916" end="1929" text="Cholangiogram" modality="FACTUAL" polarity="POS" type="TEST" />
<EVENT id="E82" start="1962" end="1968" text="showed" modality="FACTUAL" polarity="POS" type="EVIDENTIAL" />
<EVENT id="E95" start="1984" end="2015" text="leakage at the anastomosis site" modality="FACTUAL" polarity="NEG" type="PROBLEM" />
<EVENT id="E1" start="200" end="230" text="primary sclerosing cholangitis" modality="FACTUAL" polarity="POS" type="PROBLEM" />
<EVENT id="E22" start="2040" end="2053" text="the procedure" modality="FACTUAL" polarity="POS" type="TREATMENT" />
<EVENT id="E74" start="2078" end="2087" text="the floor" modality="FACTUAL" polarity="POS" type="CLINICAL_DEPT" />
<EVENT id="E75" start="2091" end="2107" text="stable condition" modality="FACTUAL" polarity="POS" type="OCCURRENCE" />
<EVENT id="E96" start="2125" end="2145" text="postoperative course" modality="FACTUAL" polarity="POS" type="OCCURRENCE" />
<EVENT id="E97" start="2178" end="2200" text="white blood cell count" modality="FACTUAL" polarity="POS" type="TEST" />
<EVENT id="E23" start="2264" end="2270" text="Unasyn" modality="FACTUAL" polarity="POS" type="TREATMENT" />
<EVENT id="E24" start="2275" end="2303" text="empiric antibiotic treatment" modality="FACTUAL" polarity="POS" type="TREATMENT" />
<EVENT id="E98" start="2320" end="2325" text="blood" modality="FACTUAL" polarity="POS" type="TEST" />
<EVENT id="E99" start="2328" end="2333" text="urine" modality="FACTUAL" polarity="POS" type="TEST" />
<EVENT id="E100" start="2338" end="2342" text="bile" modality="FACTUAL" polarity="POS" type="TEST" />
<EVENT id="E67" start="235" end="244" text="presented" modality="FACTUAL" polarity="POS" type="OCCURRENCE" />
<EVENT id="E101" start="2356" end="2363" text="culture" modality="FACTUAL" polarity="NEG" type="TEST" />
<EVENT id="E102" start="2377" end="2389" text="all negative" modality="FACTUAL" polarity="POS" type="EVIDENTIAL" />
<EVENT id="E25" start="2392" end="2405" text="A chest x-ray" modality="FACTUAL" polarity="POS" type="TEST" />
<EVENT id="E26" start="2428" end="2441" text="any pneumonia" modality="FACTUAL" polarity="NEG" type="PROBLEM" />
<EVENT id="E27" start="2493" end="2509" text="low urine output" modality="FACTUAL" polarity="POS" type="PROBLEM" />
<EVENT id="E85" start="252" end="267" text="chief complaint" modality="FACTUAL" polarity="POS" type="EVIDENTIAL" />
<EVENT id="E28" start="2548" end="2578" text="Fractional excretion of sodium" modality="FACTUAL" polarity="POS" type="TEST" />
<EVENT id="E103" start="2607" end="2626" text="a prerenal etiology" modality="POSSIBLE" polarity="POS" type="PROBLEM" />
<EVENT id="E29" start="2629" end="2650" text="The sodium creatinine" modality="FACTUAL" polarity="POS" type="TEST" />
<EVENT id="E30" start="2698" end="2726" text="boluses of intravenous fluid" modality="FACTUAL" polarity="POS" type="TREATMENT" />
<EVENT id="E86" start="271" end="317" text="endoscopic retrograde cholangiopancreatography" modality="FACTUAL" polarity="POS" type="TEST" />
<EVENT id="E31" start="2731" end="2759" text="intravenous albumin infusion" modality="FACTUAL" polarity="POS" type="TREATMENT" />
<EVENT id="E83" start="2787" end="2801" text="responded well" modality="FACTUAL" polarity="POS" type="OCCURRENCE" />
<EVENT id="E32" start="2805" end="2817" text="this regimen" modality="FACTUAL" polarity="POS" type="TREATMENT" />
<EVENT id="E104" start="2827" end="2848" text="adequate urine output" modality="FACTUAL" polarity="POS" type="OCCURRENCE" />
<EVENT id="E33" start="2897" end="2923" text="distentions of the abdomen" modality="FACTUAL" polarity="POS" type="PROBLEM" />
<EVENT id="E84" start="29" end="38" text="Discharge" modality="FACTUAL" polarity="POS" type="OCCURRENCE" />
<EVENT id="E34" start="2940" end="2969" text="accumulation of ascitic fluid" modality="FACTUAL" polarity="POS" type="PROBLEM" />
<EVENT id="E35" start="2984" end="3029" text="significant lower extremity and scrotum edema" modality="FACTUAL" polarity="POS" type="PROBLEM" />
<EVENT id="E36" start="3068" end="3100" text="the patient 's oxygen saturation" modality="FACTUAL" polarity="POS" type="TEST" />
<EVENT id="E76" start="3139" end="3150" text="transferred" modality="FACTUAL" polarity="POS" type="OCCURRENCE" />
<EVENT id="E77" start="3154" end="3186" text="the Surgical Intensive Care Unit" modality="FACTUAL" polarity="POS" type="CLINICAL_DEPT" />
<EVENT id="E37" start="3191" end="3207" text="fluid management" modality="FACTUAL" polarity="POS" type="TREATMENT" />
<EVENT id="E38" start="3210" end="3221" text="Chest x-ray" modality="FACTUAL" polarity="POS" type="TEST" />
<EVENT id="E39" start="3226" end="3240" text="sputum culture" modality="FACTUAL" polarity="POS" type="TEST" />
<EVENT id="E40" start="3309" end="3327" text="100% nonrebreather" modality="FACTUAL" polarity="POS" type="TREATMENT" />
<EVENT id="E41" start="3343" end="3358" text="his oxygenation" modality="FACTUAL" polarity="POS" type="TEST" />
<EVENT id="E78" start="3376" end="3408" text="the Surgical Intensive Care Unit" modality="FACTUAL" polarity="POS" type="CLINICAL_DEPT" />
<EVENT id="E42" start="3411" end="3423" text="paracentesis" modality="FACTUAL" polarity="POS" type="TEST" />
<EVENT id="E79" start="3445" end="3453" text="revealed" modality="FACTUAL" polarity="POS" type="EVIDENTIAL" />
<EVENT id="E43" start="3474" end="3496" text="white blood cell count" modality="FACTUAL" polarity="POS" type="TEST" />
<EVENT id="E44" start="3500" end="3511" text="the ascites" modality="FACTUAL" polarity="POS" type="PROBLEM" />
<EVENT id="E45" start="3537" end="3540" text="SVT" modality="FACTUAL" polarity="POS" type="PROBLEM" />
<EVENT id="E46" start="3556" end="3561" text="Zosyn" modality="FACTUAL" polarity="POS" type="TREATMENT" />
<EVENT id="E47" start="3566" end="3583" text="empiric treatment" modality="FACTUAL" polarity="POS" type="TREATMENT" />
<EVENT id="E48" start="3586" end="3596" text="Gram stain" modality="FACTUAL" polarity="POS" type="TEST" />
<EVENT id="E49" start="3601" end="3608" text="culture" modality="FACTUAL" polarity="POS" type="TEST" />
<EVENT id="E50" start="3612" end="3623" text="the ascites" modality="FACTUAL" polarity="POS" type="PROBLEM" />
<EVENT id="E51" start="3643" end="3655" text="any organism" modality="FACTUAL" polarity="NEG" type="PROBLEM" />
<EVENT id="E105" start="3665" end="3671" text="weaned" modality="FACTUAL" polarity="POS" type="OCCURRENCE" />
<EVENT id="E52" start="3677" end="3695" text="oxygen requirement" modality="FACTUAL" polarity="POS" type="PROBLEM" />
<EVENT id="E87" start="369" end="408" text="percutaneous transhepatic cholangiogram" modality="FACTUAL" polarity="POS" type="TEST" />
<EVENT id="E53" start="3717" end="3738" text="normal saline boluses" modality="FACTUAL" polarity="POS" type="TREATMENT" />
<EVENT id="E54" start="3743" end="3762" text="intravenous albumin" modality="FACTUAL" polarity="POS" type="TREATMENT" />
<EVENT id="E55" start="3780" end="3797" text="prerenal azotemia" modality="FACTUAL" polarity="POS" type="PROBLEM" />
<EVENT id="E106" start="3800" end="3812" text="Somatostatin" modality="FACTUAL" polarity="POS" type="TREATMENT" />
<EVENT id="E107" start="3817" end="3826" text="midodrine" modality="FACTUAL" polarity="POS" type="TREATMENT" />
<EVENT id="E108" start="3847" end="3861" text="this condition" modality="FACTUAL" polarity="POS" type="PROBLEM" />
<EVENT id="E109" start="3883" end="3905" text="packed red blood cells" modality="FACTUAL" polarity="POS" type="TREATMENT" />
<EVENT id="E80" start="3966" end="3975" text="the floor" modality="FACTUAL" polarity="POS" type="CLINICAL_DEPT" />
<EVENT id="E110" start="3981" end="4004" text="improved renal function" modality="FACTUAL" polarity="POS" type="OCCURRENCE" />
<EVENT id="E111" start="4017" end="4035" text="oxygen requirement" modality="FACTUAL" polarity="NEG" type="PROBLEM" />
<EVENT id="E112" start="4038" end="4054" text="The somatostatin" modality="FACTUAL" polarity="POS" type="TREATMENT" />
<EVENT id="E113" start="4059" end="4072" text="the midodrine" modality="FACTUAL" polarity="POS" type="TREATMENT" />
<EVENT id="E114" start="4078" end="4090" text="discontinued" modality="FACTUAL" polarity="POS" type="OCCURRENCE" />
<EVENT id="E2" start="411" end="473" text="The most recent percutaneous transluminal coronary angioplasty" modality="FACTUAL" polarity="POS" type="TREATMENT" />
<EVENT id="E56" start="4110" end="4115" text="Lasix" modality="FACTUAL" polarity="POS" type="TREATMENT" />
<EVENT id="E57" start="4120" end="4134" text="spironolactone" modality="FACTUAL" polarity="POS" type="TREATMENT" />
<EVENT id="E115" start="4139" end="4146" text="started" modality="FACTUAL" polarity="POS" type="OCCURRENCE" />
<EVENT id="E116" start="4151" end="4159" text="diuresis" modality="FACTUAL" polarity="POS" type="TREATMENT" />
<EVENT id="E58" start="4162" end="4183" text="His creatinine levels" modality="FACTUAL" polarity="POS" type="TEST" />
<EVENT id="E117" start="4184" end="4205" text="trended toward normal" modality="FACTUAL" polarity="POS" type="OCCURRENCE" />
<EVENT id="E59" start="4210" end="4244" text="the fractional excretion of sodium" modality="FACTUAL" polarity="POS" type="TEST" />
<EVENT id="E118" start="4250" end="4270" text="increased indicating" modality="FACTUAL" polarity="POS" type="EVIDENTIAL" />
<EVENT id="E119" start="4287" end="4314" text="the prerenal kidney failure" modality="FACTUAL" polarity="POS" type="PROBLEM" />
<EVENT id="E120" start="4366" end="4376" text="discharged" modality="FACTUAL" polarity="POS" type="OCCURRENCE" />
<EVENT id="E121" start="4399" end="4406" text="good po" modality="FACTUAL" polarity="POS" type="OCCURRENCE" />
<EVENT id="E60" start="4416" end="4427" text="a PICC line" modality="FACTUAL" polarity="POS" type="TREATMENT" />
<EVENT id="E61" start="4466" end="4474" text="Rocephin" modality="FACTUAL" polarity="POS" type="TREATMENT" />
<EVENT id="E122" start="4512" end="4534" text="help him to administer" modality="FACTUAL" polarity="POS" type="TREATMENT" />
<EVENT id="E62" start="4535" end="4552" text="these medications" modality="FACTUAL" polarity="POS" type="TREATMENT" />
<EVENT id="E123" start="4564" end="4576" text="the hospital" modality="FACTUAL" polarity="POS" type="CLINICAL_DEPT" />
<EVENT id="E63" start="4600" end="4615" text="initial work-up" modality="FACTUAL" polarity="POS" type="TEST" />
<EVENT id="E64" start="4626" end="4640" text="echocardiogram" modality="FACTUAL" polarity="POS" type="TEST" />
<EVENT id="E65" start="4643" end="4660" text="electrocardiogram" modality="FACTUAL" polarity="POS" type="TEST" />
<EVENT id="E66" start="4665" end="4681" text="serology studies" modality="FACTUAL" polarity="POS" type="TEST" />
<EVENT id="E124" start="4699" end="4715" text="liver transplant" modality="CONDITIONAL" polarity="POS" type="TREATMENT" />
<EVENT id="E3" start="511" end="534" text="an 8 Caucasian catheter" modality="FACTUAL" polarity="POS" type="TREATMENT" />
<EVENT id="E4" start="580" end="597" text="external drainage" modality="FACTUAL" polarity="POS" type="TREATMENT" />
<EVENT id="E5" start="600" end="650" text="The endoscopic retrograde cholangiopancreatography" modality="FACTUAL" polarity="POS" type="TEST" />
<EVENT id="E68" start="656" end="662" text="showed" modality="FACTUAL" polarity="POS" type="EVIDENTIAL" />
<EVENT id="E125" start="676" end="701" text="proximal common bile duct" modality="FACTUAL" polarity="POS" type="PROBLEM" />
<EVENT id="E6" start="704" end="740" text="Nodularities in the common bile duct" modality="FACTUAL" polarity="POS" type="PROBLEM" />
<EVENT id="E7" start="755" end="801" text="endoscopic retrograde cholangiopancreatography" modality="FACTUAL" polarity="POS" type="TEST" />
<EVENT id="E88" start="825" end="843" text="cholangiocarcinoma" modality="POSSIBLE" polarity="POS" type="PROBLEM" />
<EVENT id="E69" start="864" end="872" text="admitted" modality="FACTUAL" polarity="POS" type="OCCURRENCE" />
<EVENT id="E70" start="876" end="908" text="the Blue General Surgery Service" modality="FACTUAL" polarity="POS" type="CLINICAL_DEPT" />
<EVENT id="E8" start="922" end="944" text="surgical interventions" modality="POSSIBLE" polarity="POS" type="TREATMENT" />
<EVENT id="E71" start="981" end="989" text="admitted" modality="FACTUAL" polarity="POS" type="OCCURRENCE" />
<TIMEX3 id="T10" start="1069" end="1078" text="that time" type="DATE" val="2009-08-17" mod="NA" />
<TIMEX3 id="T5" start="1414" end="1424" text="2009-08-24" type="DATE" val="2009-08-24" mod="NA" />
<TIMEX3 id="T1" start="18" end="28" text="2009-08-17" type="DATE" val="2009-08-17" mod="NA" />
<TIMEX3 id="T6" start="1933" end="1961" text="postoperative day number two" type="DATE" val="2009-08-26" mod="NA" />
<TIMEX3 id="T7" start="2220" end="2248" text="postoperative day number two" type="DATE" val="2009-08-26" mod="NA" />
<TIMEX3 id="T11" start="2309" end="2317" text="the time" type="DATE" val="2009-08-26" mod="NA" />
<TIMEX3 id="T12" start="2854" end="2867" text="the same time" type="DATE" val="2009-08-26" mod="NA" />
<TIMEX3 id="T8" start="3035" end="3065" text="postoperative day number eight" type="DATE" val="2009-09-01" mod="NA" />
<TIMEX3 id="T13" start="3253" end="3261" text="the time" type="DATE" val="2009-09-01" mod="NA" />
<TIMEX3 id="T9" start="3911" end="3939" text="postoperative day number ten" type="DATE" val="2009-09-03" mod="NA" />
<TIMEX3 id="T14" start="4320" end="4347" text="postoperative day number 17" type="DATE" val="2009-09-10" mod="NA" />
<TIMEX3 id="T15" start="4382" end="4390" text="the time" type="DATE" val="2009-09-10" mod="NA" />
<TIMEX3 id="T2" start="46" end="56" text="2009-09-10" type="DATE" val="2009-09-10" mod="NA" />
<TIMEX3 id="T3" start="486" end="496" text="2009-07-25" type="DATE" val="2009-07-25" mod="NA" />
<TIMEX3 id="T0" start="502" end="510" text="the time" type="DATE" val="2009-07-25" mod="NA" />
<TIMEX3 id="T4" start="993" end="1003" text="2009-08-17" type="DATE" val="2009-08-17" mod="NA" />
<SECTIME id="S0" start="18" end="28" text="2009-08-17" type="ADMISSION" dvalue="2009-08-17" />
<SECTIME id="S1" start="46" end="56" text="2009-09-10" type="DISCHARGE" dvalue="2009-09-10" />
<TLINK id="SECTIME0" fromID="T1" fromText="2009-08-17" toID="E1" toText="primary sclerosing cholangitis" type="AFTER" />
<TLINK id="SECTIME1" fromID="T1" fromText="2009-08-17" toID="E67" toText="presented" type="OVERLAP" />
<TLINK id="SECTIME2" fromID="T1" fromText="2009-08-17" toID="E85" toText="chief complaint" type="AFTER" />
<TLINK id="SECTIME3" fromID="T1" fromText="2009-08-17" toID="E86" toText="endoscopic retrograde cholangiopancreatography" type="AFTER" />
<TLINK id="SECTIME4" fromID="T1" fromText="2009-08-17" toID="E87" toText="percutaneous transhepatic cholangiogram" type="AFTER" />
<TLINK id="SECTIME5" fromID="T1" fromText="2009-08-17" toID="E2" toText="The most recent percutaneous transluminal coronary angioplasty" type="AFTER" />
<TLINK id="SECTIME6" fromID="T1" fromText="2009-08-17" toID="E3" toText="an 8 Caucasian catheter" type="AFTER" />
<TLINK id="SECTIME7" fromID="T1" fromText="2009-08-17" toID="E4" toText="external drainage" type="AFTER" />
<TLINK id="SECTIME8" fromID="T1" fromText="2009-08-17" toID="E5" toText="The endoscopic retrograde cholangiopancreatography" type="AFTER" />
<TLINK id="SECTIME9" fromID="T1" fromText="2009-08-17" toID="E68" toText="showed" type="AFTER" />
<TLINK id="SECTIME10" fromID="T1" fromText="2009-08-17" toID="E125" toText="proximal common bile duct" type="AFTER" />
<TLINK id="SECTIME11" fromID="T1" fromText="2009-08-17" toID="E6" toText="Nodularities in the common bile duct" type="AFTER" />
<TLINK id="SECTIME12" fromID="T1" fromText="2009-08-17" toID="E7" toText="endoscopic retrograde cholangiopancreatography" type="AFTER" />
<TLINK id="SECTIME13" fromID="T1" fromText="2009-08-17" toID="E88" toText="cholangiocarcinoma" type="AFTER" />
<TLINK id="SECTIME14" fromID="T1" fromText="2009-08-17" toID="E69" toText="admitted" type="OVERLAP" />
<TLINK id="SECTIME15" fromID="T1" fromText="2009-08-17" toID="E70" toText="the Blue General Surgery Service" type="BEFORE" />
<TLINK id="SECTIME16" fromID="T1" fromText="2009-08-17" toID="E8" toText="surgical interventions" type="BEFORE" />
<TLINK id="TL0" fromID="T1" fromText="2009-08-17" toID="T3" toText="2009-07-25" type="AFTER" />
<TLINK id="TL1" fromID="T1" fromText="2009-08-17" toID="T0" toText="the time" type="AFTER" />
<TLINK id="SECTIME17" fromID="T2" fromText="2009-09-10" toID="E71" toText="admitted" type="AFTER" />
<TLINK id="SECTIME18" fromID="T2" fromText="2009-09-10" toID="E9" toText="a replacement of transhepatic biliary drainage catheter" type="AFTER" />
<TLINK id="SECTIME19" fromID="T2" fromText="2009-09-10" toID="E10" toText="cholangiogram" type="AFTER" />
<TLINK id="SECTIME20" fromID="T2" fromText="2009-09-10" toID="E11" toText="a distal stricture of the common bile duct" type="AFTER" />
<TLINK id="SECTIME21" fromID="T2" fromText="2009-09-10" toID="E12" toText="An endoscopic retrograde cholangiopancreatography" type="AFTER" />
<TLINK id="SECTIME22" fromID="T2" fromText="2009-09-10" toID="E81" toText="demonstrated" type="AFTER" />
<TLINK id="SECTIME23" fromID="T2" fromText="2009-09-10" toID="E89" toText="similar findings" type="AFTER" />
<TLINK id="SECTIME24" fromID="T2" fromText="2009-09-10" toID="E13" toText="nodularity in the common bile duct" type="AFTER" />
<TLINK id="SECTIME25" fromID="T2" fromText="2009-09-10" toID="E14" toText="cholangiocarcinoma" type="AFTER" />
<TLINK id="SECTIME26" fromID="T2" fromText="2009-09-10" toID="E72" toText="the Operating Room" type="AFTER" />
<TLINK id="SECTIME27" fromID="T2" fromText="2009-09-10" toID="E90" toText="a Whipple procedure" type="AFTER" />
<TLINK id="SECTIME28" fromID="T2" fromText="2009-09-10" toID="E91" toText="hepaticojejunostomy" type="AFTER" />
<TLINK id="SECTIME29" fromID="T2" fromText="2009-09-10" toID="E15" toText="exploration of the abdomen" type="AFTER" />
<TLINK id="SECTIME30" fromID="T2" fromText="2009-09-10" toID="E73" toText="revealed" type="AFTER" />
<TLINK id="SECTIME31" fromID="T2" fromText="2009-09-10" toID="E16" toText="significant nodularity of the liver" type="AFTER" />
<TLINK id="SECTIME32" fromID="T2" fromText="2009-09-10" toID="E128" toText="advanced cirrhosis" type="AFTER" />
<TLINK id="SECTIME33" fromID="T2" fromText="2009-09-10" toID="E92" toText="the distal and proximal common bile duct" type="AFTER" />
<TLINK id="SECTIME34" fromID="T2" fromText="2009-09-10" toID="E18" toText="endoscopic retrograde cholangiopancreatography" type="AFTER" />
<TLINK id="SECTIME35" fromID="T2" fromText="2009-09-10" toID="E93" toText="regional lymph nodes" type="AFTER" />
<TLINK id="SECTIME36" fromID="T2" fromText="2009-09-10" toID="E94" toText="pathology" type="AFTER" />
<TLINK id="SECTIME37" fromID="T2" fromText="2009-09-10" toID="E19" toText="malignancy" type="AFTER" />
<TLINK id="SECTIME38" fromID="T2" fromText="2009-09-10" toID="E20" toText="a hepaticojejunostomy" type="AFTER" />
<TLINK id="SECTIME39" fromID="T2" fromText="2009-09-10" toID="E21" toText="Cholangiogram" type="AFTER" />
<TLINK id="SECTIME40" fromID="T2" fromText="2009-09-10" toID="E82" toText="showed" type="AFTER" />
<TLINK id="SECTIME41" fromID="T2" fromText="2009-09-10" toID="E95" toText="leakage at the anastomosis site" type="AFTER" />
<TLINK id="SECTIME42" fromID="T2" fromText="2009-09-10" toID="E22" toText="the procedure" type="AFTER" />
<TLINK id="SECTIME43" fromID="T2" fromText="2009-09-10" toID="E74" toText="the floor" type="AFTER" />
<TLINK id="SECTIME44" fromID="T2" fromText="2009-09-10" toID="E75" toText="stable condition" type="AFTER" />
<TLINK id="SECTIME45" fromID="T2" fromText="2009-09-10" toID="E96" toText="postoperative course" type="AFTER" />
<TLINK id="SECTIME46" fromID="T2" fromText="2009-09-10" toID="E97" toText="white blood cell count" type="AFTER" />
<TLINK id="SECTIME47" fromID="T2" fromText="2009-09-10" toID="E23" toText="Unasyn" type="AFTER" />
<TLINK id="SECTIME48" fromID="T2" fromText="2009-09-10" toID="E24" toText="empiric antibiotic treatment" type="AFTER" />
<TLINK id="SECTIME49" fromID="T2" fromText="2009-09-10" toID="E98" toText="blood" type="AFTER" />
<TLINK id="SECTIME50" fromID="T2" fromText="2009-09-10" toID="E99" toText="urine" type="AFTER" />
<TLINK id="SECTIME51" fromID="T2" fromText="2009-09-10" toID="E100" toText="bile" type="AFTER" />
<TLINK id="SECTIME52" fromID="T2" fromText="2009-09-10" toID="E101" toText="culture" type="AFTER" />
<TLINK id="SECTIME53" fromID="T2" fromText="2009-09-10" toID="E102" toText="all negative" type="AFTER" />
<TLINK id="SECTIME54" fromID="T2" fromText="2009-09-10" toID="E25" toText="A chest x-ray" type="AFTER" />
<TLINK id="SECTIME55" fromID="T2" fromText="2009-09-10" toID="E26" toText="any pneumonia" type="AFTER" />
<TLINK id="SECTIME56" fromID="T2" fromText="2009-09-10" toID="E27" toText="low urine output" type="AFTER" />
<TLINK id="SECTIME57" fromID="T2" fromText="2009-09-10" toID="E28" toText="Fractional excretion of sodium" type="AFTER" />
<TLINK id="SECTIME58" fromID="T2" fromText="2009-09-10" toID="E103" toText="a prerenal etiology" type="AFTER" />
<TLINK id="SECTIME59" fromID="T2" fromText="2009-09-10" toID="E29" toText="The sodium creatinine" type="AFTER" />
<TLINK id="SECTIME60" fromID="T2" fromText="2009-09-10" toID="E30" toText="boluses of intravenous fluid" type="AFTER" />
<TLINK id="SECTIME61" fromID="T2" fromText="2009-09-10" toID="E31" toText="intravenous albumin infusion" type="AFTER" />
<TLINK id="SECTIME62" fromID="T2" fromText="2009-09-10" toID="E83" toText="responded well" type="AFTER" />
<TLINK id="SECTIME63" fromID="T2" fromText="2009-09-10" toID="E32" toText="this regimen" type="AFTER" />
<TLINK id="SECTIME64" fromID="T2" fromText="2009-09-10" toID="E104" toText="adequate urine output" type="AFTER" />
<TLINK id="SECTIME65" fromID="T2" fromText="2009-09-10" toID="E33" toText="distentions of the abdomen" type="AFTER" />
<TLINK id="SECTIME66" fromID="T2" fromText="2009-09-10" toID="E34" toText="accumulation of ascitic fluid" type="AFTER" />
<TLINK id="SECTIME67" fromID="T2" fromText="2009-09-10" toID="E35" toText="significant lower extremity and scrotum edema" type="AFTER" />
<TLINK id="SECTIME68" fromID="T2" fromText="2009-09-10" toID="E36" toText="the patient 's oxygen saturation" type="AFTER" />
<TLINK id="SECTIME69" fromID="T2" fromText="2009-09-10" toID="E76" toText="transferred" type="AFTER" />
<TLINK id="SECTIME70" fromID="T2" fromText="2009-09-10" toID="E77" toText="the Surgical Intensive Care Unit" type="AFTER" />
<TLINK id="SECTIME71" fromID="T2" fromText="2009-09-10" toID="E37" toText="fluid management" type="AFTER" />
<TLINK id="SECTIME72" fromID="T2" fromText="2009-09-10" toID="E38" toText="Chest x-ray" type="AFTER" />
<TLINK id="SECTIME73" fromID="T2" fromText="2009-09-10" toID="E39" toText="sputum culture" type="AFTER" />
<TLINK id="SECTIME74" fromID="T2" fromText="2009-09-10" toID="E40" toText="100% nonrebreather" type="AFTER" />
<TLINK id="SECTIME75" fromID="T2" fromText="2009-09-10" toID="E41" toText="his oxygenation" type="AFTER" />
<TLINK id="SECTIME76" fromID="T2" fromText="2009-09-10" toID="E78" toText="the Surgical Intensive Care Unit" type="AFTER" />
<TLINK id="SECTIME77" fromID="T2" fromText="2009-09-10" toID="E42" toText="paracentesis" type="AFTER" />
<TLINK id="SECTIME78" fromID="T2" fromText="2009-09-10" toID="E79" toText="revealed" type="AFTER" />
<TLINK id="SECTIME79" fromID="T2" fromText="2009-09-10" toID="E43" toText="white blood cell count" type="AFTER" />
<TLINK id="SECTIME80" fromID="T2" fromText="2009-09-10" toID="E44" toText="the ascites" type="AFTER" />
<TLINK id="SECTIME81" fromID="T2" fromText="2009-09-10" toID="E45" toText="SVT" type="AFTER" />
<TLINK id="SECTIME82" fromID="T2" fromText="2009-09-10" toID="E46" toText="Zosyn" type="AFTER" />
<TLINK id="SECTIME83" fromID="T2" fromText="2009-09-10" toID="E47" toText="empiric treatment" type="AFTER" />
<TLINK id="SECTIME84" fromID="T2" fromText="2009-09-10" toID="E48" toText="Gram stain" type="AFTER" />
<TLINK id="SECTIME85" fromID="T2" fromText="2009-09-10" toID="E49" toText="culture" type="AFTER" />
<TLINK id="SECTIME86" fromID="T2" fromText="2009-09-10" toID="E50" toText="the ascites" type="AFTER" />
<TLINK id="SECTIME87" fromID="T2" fromText="2009-09-10" toID="E51" toText="any organism" type="AFTER" />
<TLINK id="SECTIME88" fromID="T2" fromText="2009-09-10" toID="E105" toText="weaned" type="AFTER" />
<TLINK id="SECTIME89" fromID="T2" fromText="2009-09-10" toID="E52" toText="oxygen requirement" type="AFTER" />
<TLINK id="SECTIME90" fromID="T2" fromText="2009-09-10" toID="E53" toText="normal saline boluses" type="AFTER" />
<TLINK id="SECTIME91" fromID="T2" fromText="2009-09-10" toID="E54" toText="intravenous albumin" type="AFTER" />
<TLINK id="SECTIME92" fromID="T2" fromText="2009-09-10" toID="E55" toText="prerenal azotemia" type="AFTER" />
<TLINK id="SECTIME93" fromID="T2" fromText="2009-09-10" toID="E106" toText="Somatostatin" type="AFTER" />
<TLINK id="SECTIME94" fromID="T2" fromText="2009-09-10" toID="E107" toText="midodrine" type="AFTER" />
<TLINK id="SECTIME95" fromID="T2" fromText="2009-09-10" toID="E108" toText="this condition" type="AFTER" />
<TLINK id="SECTIME96" fromID="T2" fromText="2009-09-10" toID="E109" toText="packed red blood cells" type="AFTER" />
<TLINK id="SECTIME97" fromID="T2" fromText="2009-09-10" toID="E80" toText="the floor" type="AFTER" />
<TLINK id="SECTIME98" fromID="T2" fromText="2009-09-10" toID="E110" toText="improved renal function" type="AFTER" />
<TLINK id="SECTIME99" fromID="T2" fromText="2009-09-10" toID="E111" toText="oxygen requirement" type="AFTER" />
<TLINK id="SECTIME100" fromID="T2" fromText="2009-09-10" toID="E112" toText="The somatostatin" type="AFTER" />
<TLINK id="SECTIME101" fromID="T2" fromText="2009-09-10" toID="E113" toText="the midodrine" type="AFTER" />
<TLINK id="SECTIME102" fromID="T2" fromText="2009-09-10" toID="E114" toText="discontinued" type="AFTER" />
<TLINK id="SECTIME103" fromID="T2" fromText="2009-09-10" toID="E56" toText="Lasix" type="AFTER" />
<TLINK id="SECTIME104" fromID="T2" fromText="2009-09-10" toID="E57" toText="spironolactone" type="AFTER" />
<TLINK id="SECTIME105" fromID="T2" fromText="2009-09-10" toID="E115" toText="started" type="AFTER" />
<TLINK id="SECTIME106" fromID="T2" fromText="2009-09-10" toID="E116" toText="diuresis" type="AFTER" />
<TLINK id="SECTIME107" fromID="T2" fromText="2009-09-10" toID="E58" toText="His creatinine levels" type="AFTER" />
<TLINK id="SECTIME108" fromID="T2" fromText="2009-09-10" toID="E117" toText="trended toward normal" type="AFTER" />
<TLINK id="SECTIME109" fromID="T2" fromText="2009-09-10" toID="E59" toText="the fractional excretion of sodium" type="AFTER" />
<TLINK id="SECTIME110" fromID="T2" fromText="2009-09-10" toID="E118" toText="increased indicating" type="AFTER" />
<TLINK id="SECTIME111" fromID="T2" fromText="2009-09-10" toID="E119" toText="the prerenal kidney failure" type="AFTER" />
<TLINK id="SECTIME112" fromID="T2" fromText="2009-09-10" toID="E120" toText="discharged" type="OVERLAP" />
<TLINK id="SECTIME113" fromID="T2" fromText="2009-09-10" toID="E121" toText="good po" type="AFTER" />
<TLINK id="SECTIME114" fromID="T2" fromText="2009-09-10" toID="E60" toText="a PICC line" type="AFTER" />
<TLINK id="SECTIME115" fromID="T2" fromText="2009-09-10" toID="E61" toText="Rocephin" type="AFTER" />
<TLINK id="SECTIME116" fromID="T2" fromText="2009-09-10" toID="E122" toText="help him to administer" type="AFTER" />
<TLINK id="SECTIME117" fromID="T2" fromText="2009-09-10" toID="E62" toText="these medications" type="AFTER" />
<TLINK id="SECTIME118" fromID="T2" fromText="2009-09-10" toID="E123" toText="the hospital" type="AFTER" />
<TLINK id="SECTIME119" fromID="T2" fromText="2009-09-10" toID="E63" toText="initial work-up" type="AFTER" />
<TLINK id="SECTIME120" fromID="T2" fromText="2009-09-10" toID="E64" toText="echocardiogram" type="AFTER" />
<TLINK id="SECTIME121" fromID="T2" fromText="2009-09-10" toID="E65" toText="electrocardiogram" type="AFTER" />
<TLINK id="SECTIME122" fromID="T2" fromText="2009-09-10" toID="E66" toText="serology studies" type="AFTER" />
<TLINK id="SECTIME123" fromID="T2" fromText="2009-09-10" toID="E124" toText="liver transplant" type="AFTER" />
<TLINK id="TL2" fromID="T2" fromText="2009-09-10" toID="T4" toText="2009-08-17" type="AFTER" />
<TLINK id="TL3" fromID="T2" fromText="2009-09-10" toID="T10" toText="that time" type="AFTER" />
<TLINK id="TL4" fromID="T2" fromText="2009-09-10" toID="T5" toText="2009-08-24" type="AFTER" />
<TLINK id="TL5" fromID="T2" fromText="2009-09-10" toID="T6" toText="postoperative day number two" type="AFTER" />
<TLINK id="TL6" fromID="T2" fromText="2009-09-10" toID="T7" toText="postoperative day number two" type="AFTER" />
<TLINK id="TL7" fromID="T2" fromText="2009-09-10" toID="T11" toText="the time" type="AFTER" />
<TLINK id="TL8" fromID="T2" fromText="2009-09-10" toID="T12" toText="the same time" type="AFTER" />
<TLINK id="TL9" fromID="T2" fromText="2009-09-10" toID="T8" toText="postoperative day number eight" type="AFTER" />
<TLINK id="TL10" fromID="T2" fromText="2009-09-10" toID="T13" toText="the time" type="AFTER" />
<TLINK id="TL11" fromID="T2" fromText="2009-09-10" toID="T9" toText="postoperative day number ten" type="AFTER" />
<TLINK id="TL12" fromID="T2" fromText="2009-09-10" toID="T14" toText="postoperative day number 17" type="OVERLAP" />
<TLINK id="TL13" fromID="T2" fromText="2009-09-10" toID="T15" toText="the time" type="OVERLAP" />
<TLINK id="TL14" fromID="E2" fromText="The most recent percutaneous transluminal coronary angioplasty" toID="E3" toText="an 8 Caucasian catheter" type="OVERLAP" />
<TLINK id="TL15" fromID="E2" fromText="The most recent percutaneous transluminal coronary angioplasty" toID="E4" toText="external drainage" type="OVERLAP" />
<TLINK id="TL16" fromID="E5" fromText="The endoscopic retrograde cholangiopancreatography" toID="E7" toText="endoscopic retrograde cholangiopancreatography" type="OVERLAP" />
<TLINK id="TL17" fromID="E7" fromText="endoscopic retrograde cholangiopancreatography" toID="E5" toText="The endoscopic retrograde cholangiopancreatography" type="OVERLAP" />
<TLINK id="TL18" fromID="E10" fromText="cholangiogram" toID="E12" toText="An endoscopic retrograde cholangiopancreatography" type="OVERLAP" />
<TLINK id="TL19" fromID="E12" fromText="An endoscopic retrograde cholangiopancreatography" toID="E10" toText="cholangiogram" type="OVERLAP" />
<TLINK id="TL20" fromID="E72" fromText="the Operating Room" toID="E15" toText="exploration of the abdomen" type="OVERLAP" />
<TLINK id="TL21" fromID="E15" fromText="exploration of the abdomen" toID="E92" toText="the distal and proximal common bile duct" type="OVERLAP" />
<TLINK id="TL22" fromID="E92" fromText="the distal and proximal common bile duct" toID="E15" toText="exploration of the abdomen" type="OVERLAP" />
<TLINK id="TL23" fromID="E27" fromText="low urine output" toID="E28" toText="Fractional excretion of sodium" type="OVERLAP" />
<TLINK id="TL24" fromID="E28" fromText="Fractional excretion of sodium" toID="E27" toText="low urine output" type="OVERLAP" />
<TLINK id="TL25" fromID="E28" fromText="Fractional excretion of sodium" toID="E29" toText="The sodium creatinine" type="OVERLAP" />
<TLINK id="TL26" fromID="E29" fromText="The sodium creatinine" toID="E28" toText="Fractional excretion of sodium" type="OVERLAP" />
<TLINK id="TL27" fromID="E29" fromText="The sodium creatinine" toID="E83" toText="responded well" type="BEFORE" />
<TLINK id="TL28" fromID="E29" fromText="The sodium creatinine" toID="E32" toText="this regimen" type="BEFORE" />
<TLINK id="TL29" fromID="E29" fromText="The sodium creatinine" toID="E104" toText="adequate urine output" type="BEFORE" />
<TLINK id="TL30" fromID="E30" fromText="boluses of intravenous fluid" toID="E32" toText="this regimen" type="OVERLAP" />
<TLINK id="TL31" fromID="E30" fromText="boluses of intravenous fluid" toID="E104" toText="adequate urine output" type="BEFORE" />
<TLINK id="TL32" fromID="E33" fromText="distentions of the abdomen" toID="E35" toText="significant lower extremity and scrotum edema" type="OVERLAP" />
<TLINK id="TL33" fromID="E34" fromText="accumulation of ascitic fluid" toID="E35" toText="significant lower extremity and scrotum edema" type="OVERLAP" />
<TLINK id="TL34" fromID="E35" fromText="significant lower extremity and scrotum edema" toID="E33" toText="distentions of the abdomen" type="OVERLAP" />
<TLINK id="TL35" fromID="E35" fromText="significant lower extremity and scrotum edema" toID="E34" toText="accumulation of ascitic fluid" type="OVERLAP" />
<TLINK id="TL36" fromID="E78" fromText="the Surgical Intensive Care Unit" toID="E43" toText="white blood cell count" type="OVERLAP" />
<TLINK id="TL37" fromID="E42" fromText="paracentesis" toID="E38" toText="Chest x-ray" type="OVERLAP" />
<TLINK id="TL38" fromID="E42" fromText="paracentesis" toID="E39" toText="sputum culture" type="OVERLAP" />
<TLINK id="TL39" fromID="E42" fromText="paracentesis" toID="E41" toText="his oxygenation" type="OVERLAP" />
<TLINK id="TL40" fromID="E42" fromText="paracentesis" toID="E43" toText="white blood cell count" type="OVERLAP" />
<TLINK id="TL41" fromID="E43" fromText="white blood cell count" toID="E42" toText="paracentesis" type="OVERLAP" />
<TLINK id="TL42" fromID="E54" fromText="intravenous albumin" toID="E106" toText="Somatostatin" type="OVERLAP" />
<TLINK id="TL43" fromID="E54" fromText="intravenous albumin" toID="E107" toText="midodrine" type="OVERLAP" />
<TLINK id="TL44" fromID="E54" fromText="intravenous albumin" toID="E109" toText="packed red blood cells" type="OVERLAP" />
<TLINK id="TL45" fromID="E55" fromText="prerenal azotemia" toID="E108" toText="this condition" type="OVERLAP" />
<TLINK id="TL46" fromID="E108" fromText="this condition" toID="E55" toText="prerenal azotemia" type="OVERLAP" />
<TLINK id="TL47" fromID="E120" fromText="discharged" toID="E121" toText="good po" type="BEFORE" />
<TLINK id="SECTIME124" fromID="E0" fromText="Admission" toID="T1" toText="2009-08-17" type="OVERLAP" />
<TLINK id="SECTIME125" fromID="T1" fromText="2009-08-17" toID="E0" toText="Admission" type="OVERLAP" />
<TLINK id="SECTIME126" fromID="T1" fromText="2009-08-17" toID="E84" toText="Discharge" type="BEFORE" />
<TLINK id="SECTIME127" fromID="E84" fromText="Discharge" toID="T1" toText="2009-08-17" type="AFTER" />
<TLINK id="SECTIME128" fromID="E84" fromText="Discharge" toID="T2" toText="2009-09-10" type="OVERLAP" />
<TLINK id="SECTIME129" fromID="T2" fromText="2009-09-10" toID="E84" toText="Discharge" type="OVERLAP" />
<TLINK id="TL48" fromID="E86" fromText="endoscopic retrograde cholangiopancreatography" toID="E5" toText="The endoscopic retrograde cholangiopancreatography" type="OVERLAP" />
<TLINK id="TL49" fromID="E86" fromText="endoscopic retrograde cholangiopancreatography" toID="E7" toText="endoscopic retrograde cholangiopancreatography" type="OVERLAP" />
<TLINK id="TL50" fromID="E86" fromText="endoscopic retrograde cholangiopancreatography" toID="E12" toText="An endoscopic retrograde cholangiopancreatography" type="OVERLAP" />
<TLINK id="TL51" fromID="E86" fromText="endoscopic retrograde cholangiopancreatography" toID="E18" toText="endoscopic retrograde cholangiopancreatography" type="OVERLAP" />
<TLINK id="TL52" fromID="E87" fromText="percutaneous transhepatic cholangiogram" toID="E10" toText="cholangiogram" type="OVERLAP" />
<TLINK id="TL53" fromID="E5" fromText="The endoscopic retrograde cholangiopancreatography" toID="E86" toText="endoscopic retrograde cholangiopancreatography" type="OVERLAP" />
<TLINK id="TL54" fromID="E5" fromText="The endoscopic retrograde cholangiopancreatography" toID="E7" toText="endoscopic retrograde cholangiopancreatography" type="OVERLAP" />
<TLINK id="TL55" fromID="E5" fromText="The endoscopic retrograde cholangiopancreatography" toID="E12" toText="An endoscopic retrograde cholangiopancreatography" type="OVERLAP" />
<TLINK id="TL56" fromID="E5" fromText="The endoscopic retrograde cholangiopancreatography" toID="E18" toText="endoscopic retrograde cholangiopancreatography" type="OVERLAP" />
<TLINK id="TL57" fromID="E6" fromText="Nodularities in the common bile duct" toID="E13" toText="nodularity in the common bile duct" type="OVERLAP" />
<TLINK id="TL58" fromID="E7" fromText="endoscopic retrograde cholangiopancreatography" toID="E86" toText="endoscopic retrograde cholangiopancreatography" type="OVERLAP" />
<TLINK id="TL59" fromID="E7" fromText="endoscopic retrograde cholangiopancreatography" toID="E5" toText="The endoscopic retrograde cholangiopancreatography" type="OVERLAP" />
<TLINK id="TL60" fromID="E7" fromText="endoscopic retrograde cholangiopancreatography" toID="E12" toText="An endoscopic retrograde cholangiopancreatography" type="OVERLAP" />
<TLINK id="TL61" fromID="E7" fromText="endoscopic retrograde cholangiopancreatography" toID="E18" toText="endoscopic retrograde cholangiopancreatography" type="OVERLAP" />
<TLINK id="TL62" fromID="E88" fromText="cholangiocarcinoma" toID="E14" toText="cholangiocarcinoma" type="OVERLAP" />
<TLINK id="TL63" fromID="E88" fromText="cholangiocarcinoma" toID="E19" toText="malignancy" type="OVERLAP" />
<TLINK id="TL64" fromID="E10" fromText="cholangiogram" toID="E87" toText="percutaneous transhepatic cholangiogram" type="OVERLAP" />
<TLINK id="TL65" fromID="E12" fromText="An endoscopic retrograde cholangiopancreatography" toID="E86" toText="endoscopic retrograde cholangiopancreatography" type="OVERLAP" />
<TLINK id="TL66" fromID="E12" fromText="An endoscopic retrograde cholangiopancreatography" toID="E5" toText="The endoscopic retrograde cholangiopancreatography" type="OVERLAP" />
<TLINK id="TL67" fromID="E12" fromText="An endoscopic retrograde cholangiopancreatography" toID="E7" toText="endoscopic retrograde cholangiopancreatography" type="OVERLAP" />
<TLINK id="TL68" fromID="E12" fromText="An endoscopic retrograde cholangiopancreatography" toID="E18" toText="endoscopic retrograde cholangiopancreatography" type="OVERLAP" />
<TLINK id="TL69" fromID="E13" fromText="nodularity in the common bile duct" toID="E6" toText="Nodularities in the common bile duct" type="OVERLAP" />
<TLINK id="TL70" fromID="E14" fromText="cholangiocarcinoma" toID="E88" toText="cholangiocarcinoma" type="OVERLAP" />
<TLINK id="TL71" fromID="E14" fromText="cholangiocarcinoma" toID="E19" toText="malignancy" type="OVERLAP" />
<TLINK id="TL72" fromID="E91" fromText="hepaticojejunostomy" toID="E20" toText="a hepaticojejunostomy" type="OVERLAP" />
<TLINK id="TL73" fromID="E91" fromText="hepaticojejunostomy" toID="E22" toText="the procedure" type="OVERLAP" />
<TLINK id="TL74" fromID="E18" fromText="endoscopic retrograde cholangiopancreatography" toID="E86" toText="endoscopic retrograde cholangiopancreatography" type="OVERLAP" />
<TLINK id="TL75" fromID="E18" fromText="endoscopic retrograde cholangiopancreatography" toID="E5" toText="The endoscopic retrograde cholangiopancreatography" type="OVERLAP" />
<TLINK id="TL76" fromID="E18" fromText="endoscopic retrograde cholangiopancreatography" toID="E7" toText="endoscopic retrograde cholangiopancreatography" type="OVERLAP" />
<TLINK id="TL77" fromID="E18" fromText="endoscopic retrograde cholangiopancreatography" toID="E12" toText="An endoscopic retrograde cholangiopancreatography" type="OVERLAP" />
<TLINK id="TL78" fromID="E19" fromText="malignancy" toID="E88" toText="cholangiocarcinoma" type="OVERLAP" />
<TLINK id="TL79" fromID="E19" fromText="malignancy" toID="E14" toText="cholangiocarcinoma" type="OVERLAP" />
<TLINK id="TL80" fromID="E20" fromText="a hepaticojejunostomy" toID="E91" toText="hepaticojejunostomy" type="OVERLAP" />
<TLINK id="TL81" fromID="E20" fromText="a hepaticojejunostomy" toID="E22" toText="the procedure" type="OVERLAP" />
<TLINK id="TL82" fromID="E22" fromText="the procedure" toID="E91" toText="hepaticojejunostomy" type="OVERLAP" />
<TLINK id="TL83" fromID="E22" fromText="the procedure" toID="E20" toText="a hepaticojejunostomy" type="OVERLAP" />
<TLINK id="TL84" fromID="E103" fromText="a prerenal etiology" toID="E119" toText="the prerenal kidney failure" type="OVERLAP" />
<TLINK id="TL85" fromID="E30" fromText="boluses of intravenous fluid" toID="E53" toText="normal saline boluses" type="OVERLAP" />
<TLINK id="TL86" fromID="E31" fromText="intravenous albumin infusion" toID="E54" toText="intravenous albumin" type="OVERLAP" />
<TLINK id="TL87" fromID="E34" fromText="accumulation of ascitic fluid" toID="E44" toText="the ascites" type="OVERLAP" />
<TLINK id="TL88" fromID="E34" fromText="accumulation of ascitic fluid" toID="E50" toText="the ascites" type="OVERLAP" />
<TLINK id="TL89" fromID="E44" fromText="the ascites" toID="E34" toText="accumulation of ascitic fluid" type="OVERLAP" />
<TLINK id="TL90" fromID="E44" fromText="the ascites" toID="E50" toText="the ascites" type="OVERLAP" />
<TLINK id="TL91" fromID="E50" fromText="the ascites" toID="E34" toText="accumulation of ascitic fluid" type="OVERLAP" />
<TLINK id="TL92" fromID="E50" fromText="the ascites" toID="E44" toText="the ascites" type="OVERLAP" />
<TLINK id="TL93" fromID="E52" fromText="oxygen requirement" toID="E111" toText="oxygen requirement" type="OVERLAP" />
<TLINK id="TL94" fromID="E53" fromText="normal saline boluses" toID="E30" toText="boluses of intravenous fluid" type="OVERLAP" />
<TLINK id="TL95" fromID="E54" fromText="intravenous albumin" toID="E31" toText="intravenous albumin infusion" type="OVERLAP" />
<TLINK id="TL96" fromID="E55" fromText="prerenal azotemia" toID="E108" toText="this condition" type="OVERLAP" />
<TLINK id="TL97" fromID="E106" fromText="Somatostatin" toID="E112" toText="The somatostatin" type="OVERLAP" />
<TLINK id="TL98" fromID="E107" fromText="midodrine" toID="E113" toText="the midodrine" type="OVERLAP" />
<TLINK id="TL99" fromID="E108" fromText="this condition" toID="E55" toText="prerenal azotemia" type="OVERLAP" />
<TLINK id="TL100" fromID="E111" fromText="oxygen requirement" toID="E52" toText="oxygen requirement" type="OVERLAP" />
<TLINK id="TL101" fromID="E112" fromText="The somatostatin" toID="E106" toText="Somatostatin" type="OVERLAP" />
<TLINK id="TL102" fromID="E113" fromText="the midodrine" toID="E107" toText="midodrine" type="OVERLAP" />
<TLINK id="TL103" fromID="E119" fromText="the prerenal kidney failure" toID="E103" toText="a prerenal etiology" type="OVERLAP" />
<TLINK id="TL104" fromID="E86" fromText="endoscopic retrograde cholangiopancreatography" toID="E7" toText="endoscopic retrograde cholangiopancreatography" type="OVERLAP" />
<TLINK id="TL105" fromID="E7" fromText="endoscopic retrograde cholangiopancreatography" toID="E86" toText="endoscopic retrograde cholangiopancreatography" type="OVERLAP" />
<TLINK id="TL106" fromID="E44" fromText="the ascites" toID="E50" toText="the ascites" type="OVERLAP" />
<TLINK id="TL107" fromID="E50" fromText="the ascites" toID="E44" toText="the ascites" type="OVERLAP" />
<TLINK id="TL108" fromID="E52" fromText="oxygen requirement" toID="E111" toText="oxygen requirement" type="OVERLAP" />
<TLINK id="TL109" fromID="E111" fromText="oxygen requirement" toID="E52" toText="oxygen requirement" type="OVERLAP" />
<TLINK id="TL110" fromID="E0" fromText="Admission" toID="E123" toText="the hospital" type="BEFORE" />
<TLINK id="TL111" fromID="E84" fromText="Discharge" toID="E123" toText="the hospital" type="AFTER" />
<TLINK id="TL112" fromID="E84" fromText="Discharge" toID="E120" toText="discharged" type="OVERLAP" />
<TLINK id="TL113" fromID="E120" fromText="discharged" toID="E84" toText="Discharge" type="OVERLAP" />
<TLINK id="TL114" fromID="E1" fromText="primary sclerosing cholangitis" toID="E67" toText="presented" type="BEFORE" />
<TLINK id="TL115" fromID="E1" fromText="primary sclerosing cholangitis" toID="E85" toText="chief complaint" type="BEFORE" />
<TLINK id="TL116" fromID="E1" fromText="primary sclerosing cholangitis" toID="E87" toText="percutaneous transhepatic cholangiogram" type="BEFORE" />
<TLINK id="TL117" fromID="E67" fromText="presented" toID="E1" toText="primary sclerosing cholangitis" type="AFTER" />
<TLINK id="TL118" fromID="E67" fromText="presented" toID="E85" toText="chief complaint" type="OVERLAP" />
<TLINK id="TL119" fromID="E67" fromText="presented" toID="E86" toText="endoscopic retrograde cholangiopancreatography" type="AFTER" />
<TLINK id="TL120" fromID="E67" fromText="presented" toID="E87" toText="percutaneous transhepatic cholangiogram" type="AFTER" />
<TLINK id="TL121" fromID="E85" fromText="chief complaint" toID="E1" toText="primary sclerosing cholangitis" type="AFTER" />
<TLINK id="TL122" fromID="E85" fromText="chief complaint" toID="E67" toText="presented" type="OVERLAP" />
<TLINK id="TL123" fromID="E85" fromText="chief complaint" toID="E86" toText="endoscopic retrograde cholangiopancreatography" type="OVERLAP" />
<TLINK id="TL124" fromID="E85" fromText="chief complaint" toID="E87" toText="percutaneous transhepatic cholangiogram" type="OVERLAP" />
<TLINK id="TL125" fromID="E86" fromText="endoscopic retrograde cholangiopancreatography" toID="E67" toText="presented" type="BEFORE" />
<TLINK id="TL126" fromID="E86" fromText="endoscopic retrograde cholangiopancreatography" toID="E85" toText="chief complaint" type="OVERLAP" />
<TLINK id="TL127" fromID="E86" fromText="endoscopic retrograde cholangiopancreatography" toID="E87" toText="percutaneous transhepatic cholangiogram" type="OVERLAP" />
<TLINK id="TL128" fromID="E87" fromText="percutaneous transhepatic cholangiogram" toID="E1" toText="primary sclerosing cholangitis" type="AFTER" />
<TLINK id="TL129" fromID="E87" fromText="percutaneous transhepatic cholangiogram" toID="E67" toText="presented" type="BEFORE" />
<TLINK id="TL130" fromID="E87" fromText="percutaneous transhepatic cholangiogram" toID="E85" toText="chief complaint" type="OVERLAP" />
<TLINK id="TL131" fromID="E87" fromText="percutaneous transhepatic cholangiogram" toID="E86" toText="endoscopic retrograde cholangiopancreatography" type="OVERLAP" />
<TLINK id="TL132" fromID="E2" fromText="The most recent percutaneous transluminal coronary angioplasty" toID="T3" toText="2009-07-25" type="OVERLAP" />
<TLINK id="TL133" fromID="T3" fromText="2009-07-25" toID="E2" toText="The most recent percutaneous transluminal coronary angioplasty" type="OVERLAP" />
<TLINK id="TL134" fromID="T0" fromText="the time" toID="E3" toText="an 8 Caucasian catheter" type="OVERLAP" />
<TLINK id="TL135" fromID="T0" fromText="the time" toID="E4" toText="external drainage" type="OVERLAP" />
<TLINK id="TL136" fromID="E3" fromText="an 8 Caucasian catheter" toID="T0" toText="the time" type="OVERLAP" />
<TLINK id="TL137" fromID="E3" fromText="an 8 Caucasian catheter" toID="E4" toText="external drainage" type="OVERLAP" />
<TLINK id="TL138" fromID="E4" fromText="external drainage" toID="T0" toText="the time" type="OVERLAP" />
<TLINK id="TL139" fromID="E4" fromText="external drainage" toID="E3" toText="an 8 Caucasian catheter" type="OVERLAP" />
<TLINK id="TL140" fromID="E5" fromText="The endoscopic retrograde cholangiopancreatography" toID="E68" toText="showed" type="OVERLAP" />
<TLINK id="TL141" fromID="E5" fromText="The endoscopic retrograde cholangiopancreatography" toID="E125" toText="proximal common bile duct" type="AFTER" />
<TLINK id="TL142" fromID="E68" fromText="showed" toID="E5" toText="The endoscopic retrograde cholangiopancreatography" type="OVERLAP" />
<TLINK id="TL143" fromID="E68" fromText="showed" toID="E125" toText="proximal common bile duct" type="AFTER" />
<TLINK id="TL144" fromID="E125" fromText="proximal common bile duct" toID="E5" toText="The endoscopic retrograde cholangiopancreatography" type="BEFORE" />
<TLINK id="TL145" fromID="E125" fromText="proximal common bile duct" toID="E68" toText="showed" type="BEFORE" />
<TLINK id="TL146" fromID="E6" fromText="Nodularities in the common bile duct" toID="E7" toText="endoscopic retrograde cholangiopancreatography" type="OVERLAP" />
<TLINK id="TL147" fromID="E6" fromText="Nodularities in the common bile duct" toID="E69" toText="admitted" type="BEFORE" />
<TLINK id="TL148" fromID="E6" fromText="Nodularities in the common bile duct" toID="E70" toText="the Blue General Surgery Service" type="BEFORE" />
<TLINK id="TL149" fromID="E6" fromText="Nodularities in the common bile duct" toID="E8" toText="surgical interventions" type="BEFORE" />
<TLINK id="TL150" fromID="E7" fromText="endoscopic retrograde cholangiopancreatography" toID="E6" toText="Nodularities in the common bile duct" type="OVERLAP" />
<TLINK id="TL151" fromID="E7" fromText="endoscopic retrograde cholangiopancreatography" toID="E88" toText="cholangiocarcinoma" type="AFTER" />
<TLINK id="TL152" fromID="E7" fromText="endoscopic retrograde cholangiopancreatography" toID="E69" toText="admitted" type="BEFORE" />
<TLINK id="TL153" fromID="E7" fromText="endoscopic retrograde cholangiopancreatography" toID="E70" toText="the Blue General Surgery Service" type="BEFORE" />
<TLINK id="TL154" fromID="E7" fromText="endoscopic retrograde cholangiopancreatography" toID="E8" toText="surgical interventions" type="BEFORE" />
<TLINK id="TL155" fromID="E88" fromText="cholangiocarcinoma" toID="E7" toText="endoscopic retrograde cholangiopancreatography" type="BEFORE" />
<TLINK id="TL156" fromID="E88" fromText="cholangiocarcinoma" toID="E69" toText="admitted" type="BEFORE" />
<TLINK id="TL157" fromID="E88" fromText="cholangiocarcinoma" toID="E70" toText="the Blue General Surgery Service" type="BEFORE" />
<TLINK id="TL158" fromID="E88" fromText="cholangiocarcinoma" toID="E8" toText="surgical interventions" type="BEFORE" />
<TLINK id="TL159" fromID="E69" fromText="admitted" toID="E6" toText="Nodularities in the common bile duct" type="AFTER" />
<TLINK id="TL160" fromID="E69" fromText="admitted" toID="E7" toText="endoscopic retrograde cholangiopancreatography" type="AFTER" />
<TLINK id="TL161" fromID="E69" fromText="admitted" toID="E88" toText="cholangiocarcinoma" type="AFTER" />
<TLINK id="TL162" fromID="E69" fromText="admitted" toID="E70" toText="the Blue General Surgery Service" type="BEFORE" />
<TLINK id="TL163" fromID="E69" fromText="admitted" toID="E8" toText="surgical interventions" type="BEFORE" />
<TLINK id="TL164" fromID="E70" fromText="the Blue General Surgery Service" toID="E6" toText="Nodularities in the common bile duct" type="AFTER" />
<TLINK id="TL165" fromID="E70" fromText="the Blue General Surgery Service" toID="E7" toText="endoscopic retrograde cholangiopancreatography" type="AFTER" />
<TLINK id="TL166" fromID="E70" fromText="the Blue General Surgery Service" toID="E88" toText="cholangiocarcinoma" type="AFTER" />
<TLINK id="TL167" fromID="E70" fromText="the Blue General Surgery Service" toID="E69" toText="admitted" type="AFTER" />
<TLINK id="TL168" fromID="E70" fromText="the Blue General Surgery Service" toID="E8" toText="surgical interventions" type="BEFORE" />
<TLINK id="TL169" fromID="E8" fromText="surgical interventions" toID="E6" toText="Nodularities in the common bile duct" type="AFTER" />
<TLINK id="TL170" fromID="E8" fromText="surgical interventions" toID="E7" toText="endoscopic retrograde cholangiopancreatography" type="AFTER" />
<TLINK id="TL171" fromID="E8" fromText="surgical interventions" toID="E88" toText="cholangiocarcinoma" type="AFTER" />
<TLINK id="TL172" fromID="E8" fromText="surgical interventions" toID="E69" toText="admitted" type="AFTER" />
<TLINK id="TL173" fromID="E8" fromText="surgical interventions" toID="E70" toText="the Blue General Surgery Service" type="AFTER" />
<TLINK id="TL174" fromID="E71" fromText="admitted" toID="T4" toText="2009-08-17" type="OVERLAP" />
<TLINK id="TL175" fromID="E71" fromText="admitted" toID="E9" toText="a replacement of transhepatic biliary drainage catheter" type="BEFORE" />
<TLINK id="TL176" fromID="T4" fromText="2009-08-17" toID="E71" toText="admitted" type="OVERLAP" />
<TLINK id="TL177" fromID="T4" fromText="2009-08-17" toID="E9" toText="a replacement of transhepatic biliary drainage catheter" type="OVERLAP" />
<TLINK id="TL178" fromID="E9" fromText="a replacement of transhepatic biliary drainage catheter" toID="E71" toText="admitted" type="AFTER" />
<TLINK id="TL179" fromID="E9" fromText="a replacement of transhepatic biliary drainage catheter" toID="T4" toText="2009-08-17" type="OVERLAP" />
<TLINK id="TL180" fromID="T10" fromText="that time" toID="E10" toText="cholangiogram" type="OVERLAP" />
<TLINK id="TL181" fromID="T10" fromText="that time" toID="E11" toText="a distal stricture of the common bile duct" type="AFTER" />
<TLINK id="TL182" fromID="E10" fromText="cholangiogram" toID="T10" toText="that time" type="OVERLAP" />
<TLINK id="TL183" fromID="E10" fromText="cholangiogram" toID="E11" toText="a distal stricture of the common bile duct" type="AFTER" />
<TLINK id="TL184" fromID="E11" fromText="a distal stricture of the common bile duct" toID="T10" toText="that time" type="BEFORE" />
<TLINK id="TL185" fromID="E11" fromText="a distal stricture of the common bile duct" toID="E10" toText="cholangiogram" type="BEFORE" />
<TLINK id="TL186" fromID="E12" fromText="An endoscopic retrograde cholangiopancreatography" toID="E81" toText="demonstrated" type="OVERLAP" />
<TLINK id="TL187" fromID="E12" fromText="An endoscopic retrograde cholangiopancreatography" toID="E89" toText="similar findings" type="AFTER" />
<TLINK id="TL188" fromID="E81" fromText="demonstrated" toID="E12" toText="An endoscopic retrograde cholangiopancreatography" type="OVERLAP" />
<TLINK id="TL189" fromID="E81" fromText="demonstrated" toID="E89" toText="similar findings" type="AFTER" />
<TLINK id="TL190" fromID="E89" fromText="similar findings" toID="E12" toText="An endoscopic retrograde cholangiopancreatography" type="BEFORE" />
<TLINK id="TL191" fromID="E89" fromText="similar findings" toID="E81" toText="demonstrated" type="BEFORE" />
<TLINK id="TL192" fromID="E13" fromText="nodularity in the common bile duct" toID="E14" toText="cholangiocarcinoma" type="OVERLAP" />
<TLINK id="TL193" fromID="E14" fromText="cholangiocarcinoma" toID="E13" toText="nodularity in the common bile duct" type="OVERLAP" />
<TLINK id="TL194" fromID="E72" fromText="the Operating Room" toID="T5" toText="2009-08-24" type="OVERLAP" />
<TLINK id="TL195" fromID="E72" fromText="the Operating Room" toID="E90" toText="a Whipple procedure" type="OVERLAP" />
<TLINK id="TL196" fromID="E72" fromText="the Operating Room" toID="E91" toText="hepaticojejunostomy" type="OVERLAP" />
<TLINK id="TL197" fromID="T5" fromText="2009-08-24" toID="E72" toText="the Operating Room" type="OVERLAP" />
<TLINK id="TL198" fromID="T5" fromText="2009-08-24" toID="E90" toText="a Whipple procedure" type="OVERLAP" />
<TLINK id="TL199" fromID="T5" fromText="2009-08-24" toID="E91" toText="hepaticojejunostomy" type="OVERLAP" />
<TLINK id="TL200" fromID="E90" fromText="a Whipple procedure" toID="E72" toText="the Operating Room" type="OVERLAP" />
<TLINK id="TL201" fromID="E90" fromText="a Whipple procedure" toID="T5" toText="2009-08-24" type="OVERLAP" />
<TLINK id="TL202" fromID="E90" fromText="a Whipple procedure" toID="E91" toText="hepaticojejunostomy" type="OVERLAP" />
<TLINK id="TL203" fromID="E91" fromText="hepaticojejunostomy" toID="E72" toText="the Operating Room" type="OVERLAP" />
<TLINK id="TL204" fromID="E91" fromText="hepaticojejunostomy" toID="T5" toText="2009-08-24" type="OVERLAP" />
<TLINK id="TL205" fromID="E91" fromText="hepaticojejunostomy" toID="E90" toText="a Whipple procedure" type="OVERLAP" />
<TLINK id="TL206" fromID="E15" fromText="exploration of the abdomen" toID="E73" toText="revealed" type="OVERLAP" />
<TLINK id="TL207" fromID="E15" fromText="exploration of the abdomen" toID="E16" toText="significant nodularity of the liver" type="AFTER" />
<TLINK id="TL208" fromID="E15" fromText="exploration of the abdomen" toID="E128" toText="advanced cirrhosis" type="AFTER" />
<TLINK id="TL209" fromID="E73" fromText="revealed" toID="E15" toText="exploration of the abdomen" type="OVERLAP" />
<TLINK id="TL210" fromID="E73" fromText="revealed" toID="E16" toText="significant nodularity of the liver" type="AFTER" />
<TLINK id="TL211" fromID="E73" fromText="revealed" toID="E128" toText="advanced cirrhosis" type="AFTER" />
<TLINK id="TL212" fromID="E16" fromText="significant nodularity of the liver" toID="E15" toText="exploration of the abdomen" type="BEFORE" />
<TLINK id="TL213" fromID="E16" fromText="significant nodularity of the liver" toID="E73" toText="revealed" type="BEFORE" />
<TLINK id="TL214" fromID="E16" fromText="significant nodularity of the liver" toID="E128" toText="advanced cirrhosis" type="OVERLAP" />
<TLINK id="TL215" fromID="E128" fromText="advanced cirrhosis" toID="E15" toText="exploration of the abdomen" type="BEFORE" />
<TLINK id="TL216" fromID="E128" fromText="advanced cirrhosis" toID="E73" toText="revealed" type="BEFORE" />
<TLINK id="TL217" fromID="E128" fromText="advanced cirrhosis" toID="E16" toText="significant nodularity of the liver" type="OVERLAP" />
<TLINK id="TL218" fromID="E18" fromText="endoscopic retrograde cholangiopancreatography" toID="E94" toText="pathology" type="BEFORE" />
<TLINK id="TL219" fromID="E93" fromText="regional lymph nodes" toID="E94" toText="pathology" type="BEFORE" />
<TLINK id="TL220" fromID="E94" fromText="pathology" toID="E18" toText="endoscopic retrograde cholangiopancreatography" type="AFTER" />
<TLINK id="TL221" fromID="E94" fromText="pathology" toID="E93" toText="regional lymph nodes" type="OVERLAP" />
<TLINK id="TL222" fromID="E19" fromText="malignancy" toID="E20" toText="a hepaticojejunostomy" type="OVERLAP" />
<TLINK id="TL223" fromID="E20" fromText="a hepaticojejunostomy" toID="E19" toText="malignancy" type="OVERLAP" />
<TLINK id="TL224" fromID="E21" fromText="Cholangiogram" toID="T6" toText="postoperative day number two" type="OVERLAP" />
<TLINK id="TL225" fromID="E21" fromText="Cholangiogram" toID="E82" toText="showed" type="OVERLAP" />
<TLINK id="TL226" fromID="E21" fromText="Cholangiogram" toID="E95" toText="leakage at the anastomosis site" type="AFTER" />
<TLINK id="TL227" fromID="T6" fromText="postoperative day number two" toID="E21" toText="Cholangiogram" type="OVERLAP" />
<TLINK id="TL228" fromID="T6" fromText="postoperative day number two" toID="E82" toText="showed" type="OVERLAP" />
<TLINK id="TL229" fromID="T6" fromText="postoperative day number two" toID="E95" toText="leakage at the anastomosis site" type="AFTER" />
<TLINK id="TL230" fromID="E82" fromText="showed" toID="E21" toText="Cholangiogram" type="OVERLAP" />
<TLINK id="TL231" fromID="E82" fromText="showed" toID="T6" toText="postoperative day number two" type="OVERLAP" />
<TLINK id="TL232" fromID="E82" fromText="showed" toID="E95" toText="leakage at the anastomosis site" type="AFTER" />
<TLINK id="TL233" fromID="E95" fromText="leakage at the anastomosis site" toID="E21" toText="Cholangiogram" type="BEFORE" />
<TLINK id="TL234" fromID="E95" fromText="leakage at the anastomosis site" toID="T6" toText="postoperative day number two" type="BEFORE" />
<TLINK id="TL235" fromID="E95" fromText="leakage at the anastomosis site" toID="E82" toText="showed" type="BEFORE" />
<TLINK id="TL236" fromID="E22" fromText="the procedure" toID="E74" toText="the floor" type="BEFORE" />
<TLINK id="TL237" fromID="E22" fromText="the procedure" toID="E75" toText="stable condition" type="BEFORE" />
<TLINK id="TL238" fromID="E74" fromText="the floor" toID="E22" toText="the procedure" type="AFTER" />
<TLINK id="TL239" fromID="E74" fromText="the floor" toID="E75" toText="stable condition" type="AFTER" />
<TLINK id="TL240" fromID="E75" fromText="stable condition" toID="E22" toText="the procedure" type="AFTER" />
<TLINK id="TL241" fromID="E75" fromText="stable condition" toID="E74" toText="the floor" type="BEFORE" />
<TLINK id="TL242" fromID="E96" fromText="postoperative course" toID="E97" toText="white blood cell count" type="OVERLAP" />
<TLINK id="TL243" fromID="E96" fromText="postoperative course" toID="T7" toText="postoperative day number two" type="OVERLAP" />
<TLINK id="TL244" fromID="E97" fromText="white blood cell count" toID="E96" toText="postoperative course" type="OVERLAP" />
<TLINK id="TL245" fromID="E97" fromText="white blood cell count" toID="T7" toText="postoperative day number two" type="OVERLAP" />
<TLINK id="TL246" fromID="T7" fromText="postoperative day number two" toID="E96" toText="postoperative course" type="OVERLAP" />
<TLINK id="TL247" fromID="T7" fromText="postoperative day number two" toID="E97" toText="white blood cell count" type="OVERLAP" />
<TLINK id="TL248" fromID="E23" fromText="Unasyn" toID="E24" toText="empiric antibiotic treatment" type="OVERLAP" />
<TLINK id="TL249" fromID="E24" fromText="empiric antibiotic treatment" toID="E23" toText="Unasyn" type="OVERLAP" />
<TLINK id="TL250" fromID="T11" fromText="the time" toID="E98" toText="blood" type="OVERLAP" />
<TLINK id="TL251" fromID="T11" fromText="the time" toID="E99" toText="urine" type="OVERLAP" />
<TLINK id="TL252" fromID="T11" fromText="the time" toID="E100" toText="bile" type="OVERLAP" />
<TLINK id="TL253" fromID="T11" fromText="the time" toID="E101" toText="culture" type="OVERLAP" />
<TLINK id="TL254" fromID="T11" fromText="the time" toID="E102" toText="all negative" type="OVERLAP" />
<TLINK id="TL255" fromID="E98" fromText="blood" toID="T11" toText="the time" type="OVERLAP" />
<TLINK id="TL256" fromID="E98" fromText="blood" toID="E99" toText="urine" type="OVERLAP" />
<TLINK id="TL257" fromID="E98" fromText="blood" toID="E100" toText="bile" type="OVERLAP" />
<TLINK id="TL258" fromID="E98" fromText="blood" toID="E101" toText="culture" type="BEFORE" />
<TLINK id="TL259" fromID="E98" fromText="blood" toID="E102" toText="all negative" type="OVERLAP" />
<TLINK id="TL260" fromID="E99" fromText="urine" toID="T11" toText="the time" type="OVERLAP" />
<TLINK id="TL261" fromID="E99" fromText="urine" toID="E98" toText="blood" type="OVERLAP" />
<TLINK id="TL262" fromID="E99" fromText="urine" toID="E100" toText="bile" type="OVERLAP" />
<TLINK id="TL263" fromID="E99" fromText="urine" toID="E101" toText="culture" type="BEFORE" />
<TLINK id="TL264" fromID="E99" fromText="urine" toID="E102" toText="all negative" type="OVERLAP" />
<TLINK id="TL265" fromID="E100" fromText="bile" toID="T11" toText="the time" type="OVERLAP" />
<TLINK id="TL266" fromID="E100" fromText="bile" toID="E98" toText="blood" type="OVERLAP" />
<TLINK id="TL267" fromID="E100" fromText="bile" toID="E99" toText="urine" type="OVERLAP" />
<TLINK id="TL268" fromID="E100" fromText="bile" toID="E101" toText="culture" type="OVERLAP" />
<TLINK id="TL269" fromID="E100" fromText="bile" toID="E102" toText="all negative" type="OVERLAP" />
<TLINK id="TL270" fromID="E101" fromText="culture" toID="T11" toText="the time" type="OVERLAP" />
<TLINK id="TL271" fromID="E101" fromText="culture" toID="E98" toText="blood" type="OVERLAP" />
<TLINK id="TL272" fromID="E101" fromText="culture" toID="E99" toText="urine" type="OVERLAP" />
<TLINK id="TL273" fromID="E101" fromText="culture" toID="E100" toText="bile" type="OVERLAP" />
<TLINK id="TL274" fromID="E101" fromText="culture" toID="E102" toText="all negative" type="OVERLAP" />
<TLINK id="TL275" fromID="E102" fromText="all negative" toID="T11" toText="the time" type="OVERLAP" />
<TLINK id="TL276" fromID="E102" fromText="all negative" toID="E98" toText="blood" type="OVERLAP" />
<TLINK id="TL277" fromID="E102" fromText="all negative" toID="E99" toText="urine" type="OVERLAP" />
<TLINK id="TL278" fromID="E102" fromText="all negative" toID="E100" toText="bile" type="OVERLAP" />
<TLINK id="TL279" fromID="E102" fromText="all negative" toID="E101" toText="culture" type="OVERLAP" />
<TLINK id="TL280" fromID="E25" fromText="A chest x-ray" toID="E26" toText="any pneumonia" type="OVERLAP" />
<TLINK id="TL281" fromID="E26" fromText="any pneumonia" toID="E25" toText="A chest x-ray" type="OVERLAP" />
<TLINK id="TL282" fromID="E29" fromText="The sodium creatinine" toID="E30" toText="boluses of intravenous fluid" type="OVERLAP" />
<TLINK id="TL283" fromID="E30" fromText="boluses of intravenous fluid" toID="E29" toText="The sodium creatinine" type="OVERLAP" />
<TLINK id="TL284" fromID="E30" fromText="boluses of intravenous fluid" toID="E31" toText="intravenous albumin infusion" type="OVERLAP" />
<TLINK id="TL285" fromID="E31" fromText="intravenous albumin infusion" toID="E30" toText="boluses of intravenous fluid" type="OVERLAP" />
<TLINK id="TL286" fromID="E83" fromText="responded well" toID="E32" toText="this regimen" type="AFTER" />
<TLINK id="TL287" fromID="E83" fromText="responded well" toID="E104" toText="adequate urine output" type="BEFORE" />
<TLINK id="TL288" fromID="E32" fromText="this regimen" toID="E83" toText="responded well" type="BEFORE" />
<TLINK id="TL289" fromID="E32" fromText="this regimen" toID="E104" toText="adequate urine output" type="OVERLAP" />
<TLINK id="TL290" fromID="E104" fromText="adequate urine output" toID="E83" toText="responded well" type="AFTER" />
<TLINK id="TL291" fromID="E104" fromText="adequate urine output" toID="E32" toText="this regimen" type="OVERLAP" />
<TLINK id="TL292" fromID="T12" fromText="the same time" toID="E33" toText="distentions of the abdomen" type="OVERLAP" />
<TLINK id="TL293" fromID="T12" fromText="the same time" toID="E34" toText="accumulation of ascitic fluid" type="AFTER" />
<TLINK id="TL294" fromID="E33" fromText="distentions of the abdomen" toID="T12" toText="the same time" type="OVERLAP" />
<TLINK id="TL295" fromID="E33" fromText="distentions of the abdomen" toID="E34" toText="accumulation of ascitic fluid" type="OVERLAP" />
<TLINK id="TL296" fromID="E34" fromText="accumulation of ascitic fluid" toID="T12" toText="the same time" type="BEFORE" />
<TLINK id="TL297" fromID="E34" fromText="accumulation of ascitic fluid" toID="E33" toText="distentions of the abdomen" type="OVERLAP" />
<TLINK id="TL298" fromID="T8" fromText="postoperative day number eight" toID="E36" toText="the patient 's oxygen saturation" type="OVERLAP" />
<TLINK id="TL299" fromID="T8" fromText="postoperative day number eight" toID="E76" toText="transferred" type="OVERLAP" />
<TLINK id="TL300" fromID="T8" fromText="postoperative day number eight" toID="E77" toText="the Surgical Intensive Care Unit" type="OVERLAP" />
<TLINK id="TL301" fromID="T8" fromText="postoperative day number eight" toID="E37" toText="fluid management" type="BEFORE" />
<TLINK id="TL302" fromID="E36" fromText="the patient 's oxygen saturation" toID="T8" toText="postoperative day number eight" type="OVERLAP" />
<TLINK id="TL303" fromID="E36" fromText="the patient 's oxygen saturation" toID="E76" toText="transferred" type="BEFORE" />
<TLINK id="TL304" fromID="E36" fromText="the patient 's oxygen saturation" toID="E77" toText="the Surgical Intensive Care Unit" type="BEFORE" />
<TLINK id="TL305" fromID="E36" fromText="the patient 's oxygen saturation" toID="E37" toText="fluid management" type="BEFORE" />
<TLINK id="TL306" fromID="E76" fromText="transferred" toID="T8" toText="postoperative day number eight" type="OVERLAP" />
<TLINK id="TL307" fromID="E76" fromText="transferred" toID="E36" toText="the patient 's oxygen saturation" type="AFTER" />
<TLINK id="TL308" fromID="E76" fromText="transferred" toID="E77" toText="the Surgical Intensive Care Unit" type="BEFORE" />
<TLINK id="TL309" fromID="E76" fromText="transferred" toID="E37" toText="fluid management" type="BEFORE" />
<TLINK id="TL310" fromID="E77" fromText="the Surgical Intensive Care Unit" toID="T8" toText="postoperative day number eight" type="OVERLAP" />
<TLINK id="TL311" fromID="E77" fromText="the Surgical Intensive Care Unit" toID="E36" toText="the patient 's oxygen saturation" type="AFTER" />
<TLINK id="TL312" fromID="E77" fromText="the Surgical Intensive Care Unit" toID="E76" toText="transferred" type="AFTER" />
<TLINK id="TL313" fromID="E77" fromText="the Surgical Intensive Care Unit" toID="E37" toText="fluid management" type="OVERLAP" />
<TLINK id="TL314" fromID="E37" fromText="fluid management" toID="T8" toText="postoperative day number eight" type="AFTER" />
<TLINK id="TL315" fromID="E37" fromText="fluid management" toID="E36" toText="the patient 's oxygen saturation" type="AFTER" />
<TLINK id="TL316" fromID="E37" fromText="fluid management" toID="E76" toText="transferred" type="AFTER" />
<TLINK id="TL317" fromID="E37" fromText="fluid management" toID="E77" toText="the Surgical Intensive Care Unit" type="OVERLAP" />
<TLINK id="TL318" fromID="E38" fromText="Chest x-ray" toID="E39" toText="sputum culture" type="OVERLAP" />
<TLINK id="TL319" fromID="E38" fromText="Chest x-ray" toID="T13" toText="the time" type="OVERLAP" />
<TLINK id="TL320" fromID="E38" fromText="Chest x-ray" toID="E40" toText="100% nonrebreather" type="BEFORE" />
<TLINK id="TL321" fromID="E39" fromText="sputum culture" toID="E38" toText="Chest x-ray" type="OVERLAP" />
<TLINK id="TL322" fromID="E39" fromText="sputum culture" toID="T13" toText="the time" type="OVERLAP" />
<TLINK id="TL323" fromID="E39" fromText="sputum culture" toID="E40" toText="100% nonrebreather" type="BEFORE" />
<TLINK id="TL324" fromID="T13" fromText="the time" toID="E38" toText="Chest x-ray" type="OVERLAP" />
<TLINK id="TL325" fromID="T13" fromText="the time" toID="E39" toText="sputum culture" type="OVERLAP" />
<TLINK id="TL326" fromID="T13" fromText="the time" toID="E40" toText="100% nonrebreather" type="OVERLAP" />
<TLINK id="TL327" fromID="T13" fromText="the time" toID="E41" toText="his oxygenation" type="BEFORE" />
<TLINK id="TL328" fromID="E40" fromText="100% nonrebreather" toID="E38" toText="Chest x-ray" type="AFTER" />
<TLINK id="TL329" fromID="E40" fromText="100% nonrebreather" toID="E39" toText="sputum culture" type="AFTER" />
<TLINK id="TL330" fromID="E40" fromText="100% nonrebreather" toID="T13" toText="the time" type="OVERLAP" />
<TLINK id="TL331" fromID="E40" fromText="100% nonrebreather" toID="E41" toText="his oxygenation" type="OVERLAP" />
<TLINK id="TL332" fromID="E41" fromText="his oxygenation" toID="T13" toText="the time" type="AFTER" />
<TLINK id="TL333" fromID="E41" fromText="his oxygenation" toID="E40" toText="100% nonrebreather" type="OVERLAP" />
<TLINK id="TL334" fromID="E78" fromText="the Surgical Intensive Care Unit" toID="E42" toText="paracentesis" type="OVERLAP" />
<TLINK id="TL335" fromID="E42" fromText="paracentesis" toID="E78" toText="the Surgical Intensive Care Unit" type="OVERLAP" />
<TLINK id="TL336" fromID="E79" fromText="revealed" toID="E43" toText="white blood cell count" type="OVERLAP" />
<TLINK id="TL337" fromID="E79" fromText="revealed" toID="E44" toText="the ascites" type="AFTER" />
<TLINK id="TL338" fromID="E79" fromText="revealed" toID="E45" toText="SVT" type="AFTER" />
<TLINK id="TL339" fromID="E43" fromText="white blood cell count" toID="E79" toText="revealed" type="OVERLAP" />
<TLINK id="TL340" fromID="E44" fromText="the ascites" toID="E79" toText="revealed" type="BEFORE" />
<TLINK id="TL341" fromID="E44" fromText="the ascites" toID="E45" toText="SVT" type="OVERLAP" />
<TLINK id="TL342" fromID="E45" fromText="SVT" toID="E79" toText="revealed" type="BEFORE" />
<TLINK id="TL343" fromID="E45" fromText="SVT" toID="E44" toText="the ascites" type="OVERLAP" />
<TLINK id="TL344" fromID="E46" fromText="Zosyn" toID="E47" toText="empiric treatment" type="OVERLAP" />
<TLINK id="TL345" fromID="E47" fromText="empiric treatment" toID="E46" toText="Zosyn" type="OVERLAP" />
<TLINK id="TL346" fromID="E48" fromText="Gram stain" toID="E49" toText="culture" type="OVERLAP" />
<TLINK id="TL347" fromID="E48" fromText="Gram stain" toID="E51" toText="any organism" type="AFTER" />
<TLINK id="TL348" fromID="E49" fromText="culture" toID="E48" toText="Gram stain" type="OVERLAP" />
<TLINK id="TL349" fromID="E49" fromText="culture" toID="E50" toText="the ascites" type="AFTER" />
<TLINK id="TL350" fromID="E49" fromText="culture" toID="E51" toText="any organism" type="AFTER" />
<TLINK id="TL351" fromID="E50" fromText="the ascites" toID="E49" toText="culture" type="BEFORE" />
<TLINK id="TL352" fromID="E50" fromText="the ascites" toID="E51" toText="any organism" type="OVERLAP" />
<TLINK id="TL353" fromID="E51" fromText="any organism" toID="E48" toText="Gram stain" type="BEFORE" />
<TLINK id="TL354" fromID="E51" fromText="any organism" toID="E49" toText="culture" type="BEFORE" />
<TLINK id="TL355" fromID="E51" fromText="any organism" toID="E50" toText="the ascites" type="OVERLAP" />
<TLINK id="TL356" fromID="E105" fromText="weaned" toID="E52" toText="oxygen requirement" type="AFTER" />
<TLINK id="TL357" fromID="E105" fromText="weaned" toID="E53" toText="normal saline boluses" type="BEFORE" />
<TLINK id="TL358" fromID="E52" fromText="oxygen requirement" toID="E105" toText="weaned" type="BEFORE" />
<TLINK id="TL359" fromID="E53" fromText="normal saline boluses" toID="E105" toText="weaned" type="AFTER" />
<TLINK id="TL360" fromID="E54" fromText="intravenous albumin" toID="E55" toText="prerenal azotemia" type="AFTER" />
<TLINK id="TL361" fromID="E55" fromText="prerenal azotemia" toID="E54" toText="intravenous albumin" type="BEFORE" />
<TLINK id="TL362" fromID="E106" fromText="Somatostatin" toID="E107" toText="midodrine" type="OVERLAP" />
<TLINK id="TL363" fromID="E106" fromText="Somatostatin" toID="E108" toText="this condition" type="AFTER" />
<TLINK id="TL364" fromID="E107" fromText="midodrine" toID="E106" toText="Somatostatin" type="OVERLAP" />
<TLINK id="TL365" fromID="E107" fromText="midodrine" toID="E108" toText="this condition" type="AFTER" />
<TLINK id="TL366" fromID="E108" fromText="this condition" toID="E106" toText="Somatostatin" type="BEFORE" />
<TLINK id="TL367" fromID="E108" fromText="this condition" toID="E107" toText="midodrine" type="BEFORE" />
<TLINK id="TL368" fromID="E108" fromText="this condition" toID="E109" toText="packed red blood cells" type="OVERLAP" />
<TLINK id="TL369" fromID="E109" fromText="packed red blood cells" toID="E108" toText="this condition" type="OVERLAP" />
<TLINK id="TL370" fromID="T9" fromText="postoperative day number ten" toID="E80" toText="the floor" type="BEFORE" />
<TLINK id="TL371" fromID="T9" fromText="postoperative day number ten" toID="E110" toText="improved renal function" type="OVERLAP" />
<TLINK id="TL372" fromID="T9" fromText="postoperative day number ten" toID="E111" toText="oxygen requirement" type="OVERLAP" />
<TLINK id="TL373" fromID="E80" fromText="the floor" toID="T9" toText="postoperative day number ten" type="AFTER" />
<TLINK id="TL374" fromID="E80" fromText="the floor" toID="E110" toText="improved renal function" type="OVERLAP" />
<TLINK id="TL375" fromID="E110" fromText="improved renal function" toID="T9" toText="postoperative day number ten" type="OVERLAP" />
<TLINK id="TL376" fromID="E110" fromText="improved renal function" toID="E80" toText="the floor" type="OVERLAP" />
<TLINK id="TL377" fromID="E110" fromText="improved renal function" toID="E111" toText="oxygen requirement" type="OVERLAP" />
<TLINK id="TL378" fromID="E111" fromText="oxygen requirement" toID="T9" toText="postoperative day number ten" type="OVERLAP" />
<TLINK id="TL379" fromID="E111" fromText="oxygen requirement" toID="E110" toText="improved renal function" type="OVERLAP" />
<TLINK id="TL380" fromID="E112" fromText="The somatostatin" toID="E113" toText="the midodrine" type="OVERLAP" />
<TLINK id="TL381" fromID="E112" fromText="The somatostatin" toID="E114" toText="discontinued" type="BEFORE" />
<TLINK id="TL382" fromID="E112" fromText="The somatostatin" toID="E56" toText="Lasix" type="BEFORE" />
<TLINK id="TL383" fromID="E112" fromText="The somatostatin" toID="E57" toText="spironolactone" type="BEFORE" />
<TLINK id="TL384" fromID="E112" fromText="The somatostatin" toID="E115" toText="started" type="BEFORE" />
<TLINK id="TL385" fromID="E112" fromText="The somatostatin" toID="E116" toText="diuresis" type="AFTER" />
<TLINK id="TL386" fromID="E113" fromText="the midodrine" toID="E112" toText="The somatostatin" type="OVERLAP" />
<TLINK id="TL387" fromID="E113" fromText="the midodrine" toID="E114" toText="discontinued" type="BEFORE" />
<TLINK id="TL388" fromID="E113" fromText="the midodrine" toID="E56" toText="Lasix" type="BEFORE" />
<TLINK id="TL389" fromID="E113" fromText="the midodrine" toID="E57" toText="spironolactone" type="BEFORE" />
<TLINK id="TL390" fromID="E113" fromText="the midodrine" toID="E115" toText="started" type="BEFORE" />
<TLINK id="TL391" fromID="E113" fromText="the midodrine" toID="E116" toText="diuresis" type="AFTER" />
<TLINK id="TL392" fromID="E114" fromText="discontinued" toID="E112" toText="The somatostatin" type="AFTER" />
<TLINK id="TL393" fromID="E114" fromText="discontinued" toID="E113" toText="the midodrine" type="AFTER" />
<TLINK id="TL394" fromID="E114" fromText="discontinued" toID="E56" toText="Lasix" type="BEFORE" />
<TLINK id="TL395" fromID="E114" fromText="discontinued" toID="E57" toText="spironolactone" type="BEFORE" />
<TLINK id="TL396" fromID="E114" fromText="discontinued" toID="E115" toText="started" type="BEFORE" />
<TLINK id="TL397" fromID="E114" fromText="discontinued" toID="E116" toText="diuresis" type="BEFORE" />
<TLINK id="TL398" fromID="E56" fromText="Lasix" toID="E112" toText="The somatostatin" type="AFTER" />
<TLINK id="TL399" fromID="E56" fromText="Lasix" toID="E113" toText="the midodrine" type="AFTER" />
<TLINK id="TL400" fromID="E56" fromText="Lasix" toID="E114" toText="discontinued" type="AFTER" />
<TLINK id="TL401" fromID="E56" fromText="Lasix" toID="E57" toText="spironolactone" type="OVERLAP" />
<TLINK id="TL402" fromID="E56" fromText="Lasix" toID="E115" toText="started" type="BEFORE" />
<TLINK id="TL403" fromID="E56" fromText="Lasix" toID="E116" toText="diuresis" type="AFTER" />
<TLINK id="TL404" fromID="E57" fromText="spironolactone" toID="E112" toText="The somatostatin" type="AFTER" />
<TLINK id="TL405" fromID="E57" fromText="spironolactone" toID="E113" toText="the midodrine" type="AFTER" />
<TLINK id="TL406" fromID="E57" fromText="spironolactone" toID="E114" toText="discontinued" type="AFTER" />
<TLINK id="TL407" fromID="E57" fromText="spironolactone" toID="E56" toText="Lasix" type="OVERLAP" />
<TLINK id="TL408" fromID="E57" fromText="spironolactone" toID="E115" toText="started" type="BEFORE" />
<TLINK id="TL409" fromID="E57" fromText="spironolactone" toID="E116" toText="diuresis" type="AFTER" />
<TLINK id="TL410" fromID="E115" fromText="started" toID="E112" toText="The somatostatin" type="AFTER" />
<TLINK id="TL411" fromID="E115" fromText="started" toID="E113" toText="the midodrine" type="AFTER" />
<TLINK id="TL412" fromID="E115" fromText="started" toID="E114" toText="discontinued" type="AFTER" />
<TLINK id="TL413" fromID="E115" fromText="started" toID="E56" toText="Lasix" type="AFTER" />
<TLINK id="TL414" fromID="E115" fromText="started" toID="E57" toText="spironolactone" type="AFTER" />
<TLINK id="TL415" fromID="E115" fromText="started" toID="E116" toText="diuresis" type="BEFORE" />
<TLINK id="TL416" fromID="E116" fromText="diuresis" toID="E112" toText="The somatostatin" type="BEFORE" />
<TLINK id="TL417" fromID="E116" fromText="diuresis" toID="E113" toText="the midodrine" type="BEFORE" />
<TLINK id="TL418" fromID="E116" fromText="diuresis" toID="E114" toText="discontinued" type="AFTER" />
<TLINK id="TL419" fromID="E116" fromText="diuresis" toID="E56" toText="Lasix" type="BEFORE" />
<TLINK id="TL420" fromID="E116" fromText="diuresis" toID="E57" toText="spironolactone" type="BEFORE" />
<TLINK id="TL421" fromID="E116" fromText="diuresis" toID="E115" toText="started" type="AFTER" />
<TLINK id="TL422" fromID="E58" fromText="His creatinine levels" toID="E117" toText="trended toward normal" type="OVERLAP" />
<TLINK id="TL423" fromID="E58" fromText="His creatinine levels" toID="E119" toText="the prerenal kidney failure" type="AFTER" />
<TLINK id="TL424" fromID="E117" fromText="trended toward normal" toID="E58" toText="His creatinine levels" type="OVERLAP" />
<TLINK id="TL425" fromID="E117" fromText="trended toward normal" toID="E119" toText="the prerenal kidney failure" type="AFTER" />
<TLINK id="TL426" fromID="E59" fromText="the fractional excretion of sodium" toID="E118" toText="increased indicating" type="OVERLAP" />
<TLINK id="TL427" fromID="E59" fromText="the fractional excretion of sodium" toID="E119" toText="the prerenal kidney failure" type="AFTER" />
<TLINK id="TL428" fromID="E118" fromText="increased indicating" toID="E59" toText="the fractional excretion of sodium" type="OVERLAP" />
<TLINK id="TL429" fromID="E118" fromText="increased indicating" toID="E119" toText="the prerenal kidney failure" type="AFTER" />
<TLINK id="TL430" fromID="E119" fromText="the prerenal kidney failure" toID="E58" toText="His creatinine levels" type="BEFORE" />
<TLINK id="TL431" fromID="E119" fromText="the prerenal kidney failure" toID="E117" toText="trended toward normal" type="BEFORE" />
<TLINK id="TL432" fromID="E119" fromText="the prerenal kidney failure" toID="E59" toText="the fractional excretion of sodium" type="BEFORE" />
<TLINK id="TL433" fromID="E119" fromText="the prerenal kidney failure" toID="E118" toText="increased indicating" type="BEFORE" />
<TLINK id="TL434" fromID="T14" fromText="postoperative day number 17" toID="E120" toText="discharged" type="OVERLAP" />
<TLINK id="TL435" fromID="E120" fromText="discharged" toID="T14" toText="postoperative day number 17" type="OVERLAP" />
<TLINK id="TL436" fromID="T15" fromText="the time" toID="E121" toText="good po" type="OVERLAP" />
<TLINK id="TL437" fromID="E121" fromText="good po" toID="T15" toText="the time" type="OVERLAP" />
<TLINK id="TL438" fromID="E60" fromText="a PICC line" toID="E122" toText="help him to administer" type="OVERLAP" />
<TLINK id="TL439" fromID="E60" fromText="a PICC line" toID="E62" toText="these medications" type="OVERLAP" />
<TLINK id="TL440" fromID="E61" fromText="Rocephin" toID="E122" toText="help him to administer" type="BEFORE" />
<TLINK id="TL441" fromID="E61" fromText="Rocephin" toID="E62" toText="these medications" type="OVERLAP" />
<TLINK id="TL442" fromID="E122" fromText="help him to administer" toID="E60" toText="a PICC line" type="OVERLAP" />
<TLINK id="TL443" fromID="E122" fromText="help him to administer" toID="E61" toText="Rocephin" type="AFTER" />
<TLINK id="TL444" fromID="E122" fromText="help him to administer" toID="E62" toText="these medications" type="OVERLAP" />
<TLINK id="TL445" fromID="E62" fromText="these medications" toID="E60" toText="a PICC line" type="OVERLAP" />
<TLINK id="TL446" fromID="E62" fromText="these medications" toID="E61" toText="Rocephin" type="OVERLAP" />
<TLINK id="TL447" fromID="E62" fromText="these medications" toID="E122" toText="help him to administer" type="OVERLAP" />
<TLINK id="TL448" fromID="E123" fromText="the hospital" toID="E63" toText="initial work-up" type="OVERLAP" />
<TLINK id="TL449" fromID="E123" fromText="the hospital" toID="E64" toText="echocardiogram" type="OVERLAP" />
<TLINK id="TL450" fromID="E123" fromText="the hospital" toID="E66" toText="serology studies" type="OVERLAP" />
<TLINK id="TL451" fromID="E123" fromText="the hospital" toID="E124" toText="liver transplant" type="BEFORE" />
<TLINK id="TL452" fromID="E63" fromText="initial work-up" toID="E123" toText="the hospital" type="OVERLAP" />
<TLINK id="TL453" fromID="E63" fromText="initial work-up" toID="E64" toText="echocardiogram" type="OVERLAP" />
<TLINK id="TL454" fromID="E63" fromText="initial work-up" toID="E65" toText="electrocardiogram" type="OVERLAP" />
<TLINK id="TL455" fromID="E63" fromText="initial work-up" toID="E66" toText="serology studies" type="OVERLAP" />
<TLINK id="TL456" fromID="E63" fromText="initial work-up" toID="E124" toText="liver transplant" type="BEFORE" />
<TLINK id="TL457" fromID="E64" fromText="echocardiogram" toID="E123" toText="the hospital" type="OVERLAP" />
<TLINK id="TL458" fromID="E64" fromText="echocardiogram" toID="E63" toText="initial work-up" type="OVERLAP" />
<TLINK id="TL459" fromID="E64" fromText="echocardiogram" toID="E65" toText="electrocardiogram" type="OVERLAP" />
<TLINK id="TL460" fromID="E64" fromText="echocardiogram" toID="E66" toText="serology studies" type="OVERLAP" />
<TLINK id="TL461" fromID="E64" fromText="echocardiogram" toID="E124" toText="liver transplant" type="BEFORE" />
<TLINK id="TL462" fromID="E65" fromText="electrocardiogram" toID="E63" toText="initial work-up" type="OVERLAP" />
<TLINK id="TL463" fromID="E65" fromText="electrocardiogram" toID="E64" toText="echocardiogram" type="OVERLAP" />
<TLINK id="TL464" fromID="E65" fromText="electrocardiogram" toID="E66" toText="serology studies" type="OVERLAP" />
<TLINK id="TL465" fromID="E65" fromText="electrocardiogram" toID="E124" toText="liver transplant" type="BEFORE" />
<TLINK id="TL466" fromID="E66" fromText="serology studies" toID="E123" toText="the hospital" type="OVERLAP" />
<TLINK id="TL467" fromID="E66" fromText="serology studies" toID="E63" toText="initial work-up" type="OVERLAP" />
<TLINK id="TL468" fromID="E66" fromText="serology studies" toID="E64" toText="echocardiogram" type="OVERLAP" />
<TLINK id="TL469" fromID="E66" fromText="serology studies" toID="E65" toText="electrocardiogram" type="OVERLAP" />
<TLINK id="TL470" fromID="E66" fromText="serology studies" toID="E124" toText="liver transplant" type="BEFORE" />
<TLINK id="TL471" fromID="E124" fromText="liver transplant" toID="E123" toText="the hospital" type="AFTER" />
<TLINK id="TL472" fromID="E124" fromText="liver transplant" toID="E63" toText="initial work-up" type="AFTER" />
<TLINK id="TL473" fromID="E124" fromText="liver transplant" toID="E64" toText="echocardiogram" type="AFTER" />
<TLINK id="TL474" fromID="E124" fromText="liver transplant" toID="E65" toText="electrocardiogram" type="AFTER" />
<TLINK id="TL475" fromID="E124" fromText="liver transplant" toID="E66" toText="serology studies" type="AFTER" />
</TAGS>
</ClinicalNarrativeTemporalAnnotation>
