<?xml version="1.0" encoding="UTF-8" ?>
<ClinicalNarrativeTemporalAnnotation>
<TEXT><![CDATA[
Admission Date :
2016-12-24
Discharge Date :
2016-12-27
HISTORY OF PRESENT ILLNESS :
The patient is an 80 year old female with breast cancer , status post lumpectomy / radiation therapy / Tamoxifen ( 2000 ) , hypertension , hyperlipidemia , multiple urinary tract infections who presents with a four day prodrome of dry cough , rhinorrhea , coryza , malaise , chills , headache , decreased p.o. intake , loose bowel movements with diarrhea and no blood , decreased urine output , no sick contacts , had flu shot this year .
In the Emergency Department , she had labile blood pressure with systolic blood pressure in the 80 s .  
Her usual is systolic blood pressure in the 120 s , this was despite two liters of intravenous fluids and she was transferred to the Medical Intensive Care Unit for closer monitoring for possible early sepsis .
The Intensive Care Unit course was notable for initially receiving broad spectrum antibiotics as well as a white blood cell count of 11.0 with 15 bands .
She was ultimately changed to Levaquin for a possible early pneumonia pending cultures .
The Intensive Care Unit course was also notable for negative chest x-ray , two units of packed red blood cells for a hematocrit of 24.0 with appropriate bump in her hematocrit and no evidence of bleeding , stable blood pressure despite a net fluid balance of negative 2.5 liters .
No central access was needed .
The sepsis protocol was aborted .
Also of note , her liver function tests had been normal .
Random cortisol was 17 and her DFA was positive for influenzae A with a viral culture pending at the time of discharge .
Blood and urine cultures were no growth at the time of discharge as well .
She also had a right lower extremity noninvasive ultrasound that was negative for deep venous thrombosis .
HOSPITAL COURSE :
This is an 80 year old female with a history of Stage I breast cancer , hypertension , hyperlipidemia , who presents with a leukocytosis/bandemia , hypotension in the setting of dehydration and influenza .
After a short Medical Intensive Care Unit course where she remained hemodynamically stable , she was transferred to the floor .

]]></TEXT>
<TAGS>
<EVENT id="E39" start="1025" end="1033" text="Levaquin" modality="FACTUAL" polarity="POS" type="TREATMENT" />
<EVENT id="E40" start="1049" end="1081" text="early pneumonia pending cultures" modality="POSSIBLE" polarity="POS" type="PROBLEM" />
<EVENT id="E41" start="1084" end="1114" text="The Intensive Care Unit course" modality="FACTUAL" polarity="POS" type="CLINICAL_DEPT" />
<EVENT id="E42" start="1145" end="1156" text="chest x-ray" modality="FACTUAL" polarity="POS" type="TEST" />
<EVENT id="E43" start="1172" end="1194" text="packed red blood cells" modality="FACTUAL" polarity="POS" type="TREATMENT" />
<EVENT id="E44" start="1199" end="1211" text="a hematocrit" modality="FACTUAL" polarity="POS" type="TEST" />
<EVENT id="E45" start="1225" end="1241" text="appropriate bump" modality="FACTUAL" polarity="POS" type="OCCURRENCE" />
<EVENT id="E46" start="1245" end="1259" text="her hematocrit" modality="FACTUAL" polarity="POS" type="TEST" />
<EVENT id="E47" start="1267" end="1275" text="evidence" modality="FACTUAL" polarity="NEG" type="EVIDENTIAL" />
<EVENT id="E48" start="1279" end="1287" text="bleeding" modality="FACTUAL" polarity="NEG" type="PROBLEM" />
<EVENT id="E0" start="128" end="141" text="breast cancer" modality="FACTUAL" polarity="POS" type="PROBLEM" />
<EVENT id="E50" start="1297" end="1311" text="blood pressure" modality="FACTUAL" polarity="POS" type="TEST" />
<EVENT id="E51" start="1320" end="1339" text="a net fluid balance" modality="FACTUAL" polarity="POS" type="TEST" />
<EVENT id="E52" start="1368" end="1382" text="central access" modality="FACTUAL" polarity="POS" type="TREATMENT" />
<EVENT id="E54" start="1396" end="1415" text="The sepsis protocol" modality="FACTUAL" polarity="POS" type="TREATMENT" />
<EVENT id="E55" start="1445" end="1469" text="her liver function tests" modality="FACTUAL" polarity="POS" type="TEST" />
<EVENT id="E56" start="1488" end="1503" text="Random cortisol" modality="FACTUAL" polarity="POS" type="TEST" />
<EVENT id="E57" start="1515" end="1522" text="her DFA" modality="FACTUAL" polarity="POS" type="TEST" />
<EVENT id="E58" start="1540" end="1552" text="influenzae A" modality="FACTUAL" polarity="POS" type="PROBLEM" />
<EVENT id="E59" start="1558" end="1573" text="a viral culture" modality="FACTUAL" polarity="POS" type="TEST" />
<EVENT id="E6" start="156" end="166" text="lumpectomy" modality="FACTUAL" polarity="POS" type="TREATMENT" />
<EVENT id="E60" start="1597" end="1606" text="discharge" modality="FACTUAL" polarity="POS" type="OCCURRENCE" />
<EVENT id="E61" start="1609" end="1633" text="Blood and urine cultures" modality="FACTUAL" polarity="POS" type="TEST" />
<EVENT id="E62" start="1642" end="1648" text="growth" modality="FACTUAL" polarity="NEG" type="PROBLEM" />
<EVENT id="E63" start="1664" end="1673" text="discharge" modality="FACTUAL" polarity="POS" type="OCCURRENCE" />
<EVENT id="E5" start="169" end="186" text="radiation therapy" modality="FACTUAL" polarity="POS" type="TREATMENT" />
<EVENT id="E64" start="1697" end="1743" text="a right lower extremity noninvasive ultrasound" modality="FACTUAL" polarity="POS" type="TEST" />
<EVENT id="E65" start="1766" end="1788" text="deep venous thrombosis" modality="FACTUAL" polarity="NEG" type="PROBLEM" />
<EVENT id="E66" start="1857" end="1878" text="Stage I breast cancer" modality="FACTUAL" polarity="POS" type="PROBLEM" />
<EVENT id="E67" start="1881" end="1893" text="hypertension" modality="FACTUAL" polarity="POS" type="PROBLEM" />
<EVENT id="E68" start="1896" end="1912" text="hyperlipidemia ," modality="FACTUAL" polarity="POS" type="PROBLEM" />
<EVENT id="E7" start="189" end="198" text="Tamoxifen" modality="FACTUAL" polarity="POS" type="TREATMENT" />
<EVENT id="E69" start="1917" end="1925" text="presents" modality="FACTUAL" polarity="POS" type="EVIDENTIAL" />
<EVENT id="E70" start="1931" end="1954" text="a leukocytosis/bandemia" modality="FACTUAL" polarity="POS" type="PROBLEM" />
<EVENT id="E71" start="1957" end="1968" text="hypotension" modality="FACTUAL" polarity="POS" type="PROBLEM" />
<EVENT id="E72" start="1987" end="1998" text="dehydration" modality="FACTUAL" polarity="POS" type="PROBLEM" />
<EVENT id="E2" start="1" end="10" text="Admission" modality="FACTUAL" polarity="POS" type="OCCURRENCE" />
<EVENT id="E73" start="2003" end="2012" text="influenza" modality="FACTUAL" polarity="POS" type="PROBLEM" />
<EVENT id="E74" start="2029" end="2063" text="Medical Intensive Care Unit course" modality="FACTUAL" polarity="POS" type="TREATMENT" />
<EVENT id="E75" start="2083" end="2105" text="hemodynamically stable" modality="FACTUAL" polarity="POS" type="OCCURRENCE" />
<EVENT id="E8" start="210" end="222" text="hypertension" modality="FACTUAL" polarity="POS" type="PROBLEM" />
<EVENT id="E1" start="2116" end="2127" text="transferred" modality="FACTUAL" polarity="POS" type="OCCURRENCE" />
<EVENT id="E9" start="225" end="239" text="hyperlipidemia" modality="FACTUAL" polarity="POS" type="PROBLEM" />
<EVENT id="E10" start="242" end="275" text="multiple urinary tract infections" modality="FACTUAL" polarity="POS" type="PROBLEM" />
<EVENT id="E11" start="280" end="288" text="presents" modality="FACTUAL" polarity="POS" type="EVIDENTIAL" />
<EVENT id="E3" start="29" end="38" text="Discharge" modality="FACTUAL" polarity="POS" type="OCCURRENCE" />
<EVENT id="E12" start="317" end="326" text="dry cough" modality="FACTUAL" polarity="POS" type="PROBLEM" />
<EVENT id="E13" start="329" end="339" text="rhinorrhea" modality="FACTUAL" polarity="POS" type="PROBLEM" />
<EVENT id="E14" start="342" end="348" text="coryza" modality="FACTUAL" polarity="POS" type="PROBLEM" />
<EVENT id="E15" start="351" end="358" text="malaise" modality="FACTUAL" polarity="POS" type="PROBLEM" />
<EVENT id="E16" start="361" end="367" text="chills" modality="FACTUAL" polarity="POS" type="PROBLEM" />
<EVENT id="E17" start="370" end="378" text="headache" modality="FACTUAL" polarity="POS" type="PROBLEM" />
<EVENT id="E18" start="381" end="402" text="decreased p.o. intake" modality="FACTUAL" polarity="POS" type="PROBLEM" />
<EVENT id="E19" start="405" end="426" text="loose bowel movements" modality="FACTUAL" polarity="POS" type="PROBLEM" />
<EVENT id="E20" start="432" end="440" text="diarrhea" modality="FACTUAL" polarity="POS" type="PROBLEM" />
<EVENT id="E21" start="448" end="453" text="blood" modality="FACTUAL" polarity="NEG" type="OCCURRENCE" />
<EVENT id="E22" start="456" end="478" text="decreased urine output" modality="FACTUAL" polarity="POS" type="PROBLEM" />
<EVENT id="E23" start="484" end="497" text="sick contacts" modality="FACTUAL" polarity="NEG" type="OCCURRENCE" />
<EVENT id="E24" start="504" end="512" text="flu shot" modality="FACTUAL" polarity="POS" type="TREATMENT" />
<EVENT id="E30" start="528" end="552" text="the Emergency Department" modality="FACTUAL" polarity="POS" type="CLINICAL_DEPT" />
<EVENT id="E25" start="563" end="584" text="labile blood pressure" modality="FACTUAL" polarity="POS" type="PROBLEM" />
<EVENT id="E26" start="590" end="613" text="systolic blood pressure" modality="FACTUAL" polarity="POS" type="TEST" />
<EVENT id="E27" start="643" end="666" text="systolic blood pressure" modality="FACTUAL" polarity="POS" type="TEST" />
<EVENT id="E28" start="699" end="731" text="two liters of intravenous fluids" modality="FACTUAL" polarity="POS" type="TREATMENT" />
<EVENT id="E29" start="744" end="755" text="transferred" modality="FACTUAL" polarity="POS" type="OCCURRENCE" />
<EVENT id="E33" start="759" end="790" text="the Medical Intensive Care Unit" modality="FACTUAL" polarity="POS" type="CLINICAL_DEPT" />
<EVENT id="E34" start="795" end="812" text="closer monitoring" modality="FACTUAL" polarity="POS" type="OCCURRENCE" />
<EVENT id="E35" start="826" end="838" text="early sepsis" modality="POSSIBLE" polarity="POS" type="PROBLEM" />
<EVENT id="E36" start="841" end="871" text="The Intensive Care Unit course" modality="FACTUAL" polarity="POS" type="CLINICAL_DEPT" />
<EVENT id="E37" start="908" end="934" text="broad spectrum antibiotics" modality="FACTUAL" polarity="POS" type="TREATMENT" />
<EVENT id="E38" start="946" end="970" text="a white blood cell count" modality="FACTUAL" polarity="POS" type="TEST" />
<TIMEX3 id="T5" start="1585" end="1593" text="the time" type="DATE" val="2016-12-27" mod="NA" />
<TIMEX3 id="T6" start="1652" end="1660" text="the time" type="DATE" val="2016-12-27" mod="NA" />
<TIMEX3 id="T1" start="18" end="28" text="2016-12-24" type="DATE" val="2016-12-24" mod="NA" />
<TIMEX3 id="T3" start="201" end="205" text="2000" type="DATE" val="2000" mod="NA" />
<TIMEX3 id="T4" start="296" end="304" text="four day" type="DURATION" val="P4D" mod="NA" />
<TIMEX3 id="T0" start="46" end="56" text="2016-12-27" type="DATE" val="2016-12-27" mod="NA" />
<TIMEX3 id="T2" start="513" end="522" text="this year" type="DURATION" val="P1Y" mod="NA" />
<SECTIME id="S0" start="18" end="28" text="2016-12-24" type="ADMISSION" dvalue="2016-12-24" />
<SECTIME id="S1" start="46" end="56" text="2016-12-27" type="DISCHARGE" dvalue="2016-12-27" />
<TLINK id="SECTIME0" fromID="E0" fromText="breast cancer" toID="T0" toText="2016-12-24" type="BEFORE" />
<TLINK id="SECTIME1" fromID="E1" fromText="transferred" toID="T0" toText="2016-12-24" type="BEFORE" />
<TLINK id="SECTIME2" fromID="E10" fromText="multiple urinary tract infections" toID="T0" toText="2016-12-24" type="BEFORE" />
<TLINK id="SECTIME3" fromID="E11" fromText="presents" toID="T0" toText="2016-12-24" type="BEFORE" />
<TLINK id="SECTIME4" fromID="E12" fromText="dry cough" toID="T0" toText="2016-12-24" type="BEFORE" />
<TLINK id="SECTIME5" fromID="E13" fromText="rhinorrhea" toID="T0" toText="2016-12-24" type="BEFORE" />
<TLINK id="SECTIME6" fromID="E14" fromText="coryza" toID="T0" toText="2016-12-24" type="BEFORE" />
<TLINK id="SECTIME7" fromID="E15" fromText="malaise" toID="T0" toText="2016-12-24" type="BEFORE" />
<TLINK id="SECTIME8" fromID="E16" fromText="chills" toID="T0" toText="2016-12-24" type="BEFORE" />
<TLINK id="SECTIME9" fromID="E17" fromText="headache" toID="T0" toText="2016-12-24" type="BEFORE" />
<TLINK id="SECTIME10" fromID="E18" fromText="decreased p.o. intake" toID="T0" toText="2016-12-24" type="BEFORE" />
<TLINK id="SECTIME11" fromID="E19" fromText="loose bowel movements" toID="T0" toText="2016-12-24" type="BEFORE" />
<TLINK id="SECTIME12" fromID="E20" fromText="diarrhea" toID="T0" toText="2016-12-24" type="BEFORE" />
<TLINK id="SECTIME13" fromID="E21" fromText="blood" toID="T0" toText="2016-12-24" type="BEFORE" />
<TLINK id="SECTIME14" fromID="E22" fromText="decreased urine output" toID="T0" toText="2016-12-24" type="BEFORE" />
<TLINK id="SECTIME15" fromID="E23" fromText="sick contacts" toID="T0" toText="2016-12-24" type="BEFORE" />
<TLINK id="SECTIME16" fromID="E24" fromText="flu shot" toID="T0" toText="2016-12-24" type="BEFORE" />
<TLINK id="SECTIME17" fromID="E25" fromText="labile blood pressure" toID="T0" toText="2016-12-24" type="BEFORE" />
<TLINK id="SECTIME18" fromID="E26" fromText="systolic blood pressure" toID="T0" toText="2016-12-24" type="BEFORE" />
<TLINK id="SECTIME19" fromID="E27" fromText="systolic blood pressure" toID="T0" toText="2016-12-24" type="BEFORE" />
<TLINK id="SECTIME20" fromID="E28" fromText="two liters of intravenous fluids" toID="T0" toText="2016-12-24" type="BEFORE" />
<TLINK id="SECTIME21" fromID="E29" fromText="transferred" toID="T0" toText="2016-12-24" type="BEFORE" />
<TLINK id="SECTIME22" fromID="E30" fromText="the Emergency Department" toID="T0" toText="2016-12-24" type="BEFORE" />
<TLINK id="SECTIME23" fromID="E33" fromText="the Medical Intensive Care Unit" toID="T0" toText="2016-12-24" type="BEFORE" />
<TLINK id="SECTIME24" fromID="E34" fromText="closer monitoring" toID="T0" toText="2016-12-24" type="BEFORE" />
<TLINK id="SECTIME25" fromID="E35" fromText="early sepsis" toID="T0" toText="2016-12-24" type="BEFORE" />
<TLINK id="SECTIME26" fromID="E36" fromText="The Intensive Care Unit course" toID="T0" toText="2016-12-24" type="BEFORE" />
<TLINK id="SECTIME27" fromID="E37" fromText="broad spectrum antibiotics" toID="T0" toText="2016-12-24" type="BEFORE" />
<TLINK id="SECTIME28" fromID="E38" fromText="a white blood cell count" toID="T0" toText="2016-12-24" type="BEFORE" />
<TLINK id="SECTIME29" fromID="E39" fromText="Levaquin" toID="T0" toText="2016-12-24" type="BEFORE" />
<TLINK id="SECTIME30" fromID="E40" fromText="early pneumonia pending cultures" toID="T0" toText="2016-12-24" type="BEFORE" />
<TLINK id="SECTIME31" fromID="E41" fromText="The Intensive Care Unit course" toID="T0" toText="2016-12-24" type="BEFORE" />
<TLINK id="SECTIME32" fromID="E42" fromText="chest x-ray" toID="T0" toText="2016-12-24" type="BEFORE" />
<TLINK id="SECTIME33" fromID="E43" fromText="packed red blood cells" toID="T0" toText="2016-12-24" type="BEFORE" />
<TLINK id="SECTIME34" fromID="E44" fromText="a hematocrit" toID="T0" toText="2016-12-24" type="BEFORE" />
<TLINK id="SECTIME35" fromID="E45" fromText="appropriate bump" toID="T0" toText="2016-12-24" type="BEFORE" />
<TLINK id="SECTIME36" fromID="E46" fromText="her hematocrit" toID="T0" toText="2016-12-24" type="BEFORE" />
<TLINK id="SECTIME37" fromID="E47" fromText="evidence" toID="T0" toText="2016-12-24" type="BEFORE" />
<TLINK id="SECTIME38" fromID="E48" fromText="bleeding" toID="T0" toText="2016-12-24" type="BEFORE" />
<TLINK id="SECTIME39" fromID="E5" fromText="radiation therapy" toID="T0" toText="2016-12-24" type="BEFORE" />
<TLINK id="SECTIME40" fromID="E50" fromText="blood pressure" toID="T0" toText="2016-12-24" type="BEFORE" />
<TLINK id="SECTIME41" fromID="E51" fromText="a net fluid balance" toID="T0" toText="2016-12-24" type="BEFORE" />
<TLINK id="SECTIME42" fromID="E52" fromText="central access" toID="T0" toText="2016-12-24" type="BEFORE" />
<TLINK id="SECTIME43" fromID="E54" fromText="The sepsis protocol" toID="T0" toText="2016-12-24" type="BEFORE" />
<TLINK id="SECTIME44" fromID="E55" fromText="her liver function tests" toID="T0" toText="2016-12-24" type="BEFORE" />
<TLINK id="SECTIME45" fromID="E56" fromText="Random cortisol" toID="T0" toText="2016-12-24" type="BEFORE" />
<TLINK id="SECTIME46" fromID="E57" fromText="her DFA" toID="T0" toText="2016-12-24" type="BEFORE" />
<TLINK id="SECTIME47" fromID="E58" fromText="influenzae A" toID="T0" toText="2016-12-24" type="BEFORE" />
<TLINK id="SECTIME48" fromID="E59" fromText="a viral culture" toID="T0" toText="2016-12-24" type="BEFORE" />
<TLINK id="SECTIME49" fromID="E6" fromText="lumpectomy" toID="T0" toText="2016-12-24" type="BEFORE" />
<TLINK id="SECTIME50" fromID="E60" fromText="discharge" toID="T0" toText="2016-12-24" type="BEFORE" />
<TLINK id="SECTIME51" fromID="E61" fromText="Blood and urine cultures" toID="T0" toText="2016-12-24" type="BEFORE" />
<TLINK id="SECTIME52" fromID="E62" fromText="growth" toID="T0" toText="2016-12-24" type="BEFORE" />
<TLINK id="SECTIME53" fromID="E63" fromText="discharge" toID="T0" toText="2016-12-24" type="BEFORE" />
<TLINK id="SECTIME54" fromID="E64" fromText="a right lower extremity noninvasive ultrasound" toID="T0" toText="2016-12-24" type="BEFORE" />
<TLINK id="SECTIME55" fromID="E65" fromText="deep venous thrombosis" toID="T0" toText="2016-12-24" type="BEFORE" />
<TLINK id="SECTIME56" fromID="E66" fromText="Stage I breast cancer" toID="T0" toText="2016-12-24" type="BEFORE" />
<TLINK id="SECTIME57" fromID="E67" fromText="hypertension" toID="T0" toText="2016-12-24" type="BEFORE" />
<TLINK id="SECTIME58" fromID="E68" fromText="hyperlipidemia ," toID="T0" toText="2016-12-24" type="BEFORE" />
<TLINK id="SECTIME59" fromID="E69" fromText="presents" toID="T0" toText="2016-12-24" type="BEFORE" />
<TLINK id="SECTIME60" fromID="E7" fromText="Tamoxifen" toID="T0" toText="2016-12-24" type="BEFORE" />
<TLINK id="SECTIME61" fromID="E70" fromText="a leukocytosis/bandemia" toID="T0" toText="2016-12-24" type="BEFORE" />
<TLINK id="SECTIME62" fromID="E71" fromText="hypotension" toID="T0" toText="2016-12-24" type="BEFORE" />
<TLINK id="SECTIME63" fromID="E72" fromText="dehydration" toID="T0" toText="2016-12-24" type="BEFORE" />
<TLINK id="SECTIME64" fromID="E73" fromText="influenza" toID="T0" toText="2016-12-24" type="BEFORE" />
<TLINK id="SECTIME65" fromID="E74" fromText="Medical Intensive Care Unit course" toID="T0" toText="2016-12-24" type="BEFORE" />
<TLINK id="SECTIME66" fromID="E75" fromText="hemodynamically stable" toID="T0" toText="2016-12-24" type="BEFORE" />
<TLINK id="SECTIME67" fromID="E8" fromText="hypertension" toID="T0" toText="2016-12-24" type="BEFORE" />
<TLINK id="SECTIME68" fromID="E9" fromText="hyperlipidemia" toID="T0" toText="2016-12-24" type="BEFORE" />
<TLINK id="TL0" fromID="E0" fromText="breast cancer" toID="E10" toText="multiple urinary tract infections" type="OVERLAP" />
<TLINK id="TL1" fromID="E0" fromText="breast cancer" toID="E11" toText="presents" type="OVERLAP" />
<TLINK id="TL2" fromID="E0" fromText="breast cancer" toID="E12" toText="dry cough" type="OVERLAP" />
<TLINK id="TL3" fromID="E0" fromText="breast cancer" toID="E13" toText="rhinorrhea" type="OVERLAP" />
<TLINK id="TL4" fromID="E0" fromText="breast cancer" toID="E14" toText="coryza" type="OVERLAP" />
<TLINK id="TL5" fromID="E0" fromText="breast cancer" toID="E15" toText="malaise" type="OVERLAP" />
<TLINK id="TL6" fromID="E0" fromText="breast cancer" toID="E16" toText="chills" type="OVERLAP" />
<TLINK id="TL7" fromID="E0" fromText="breast cancer" toID="E17" toText="headache" type="OVERLAP" />
<TLINK id="TL8" fromID="E0" fromText="breast cancer" toID="E18" toText="decreased p.o. intake" type="OVERLAP" />
<TLINK id="TL9" fromID="E0" fromText="breast cancer" toID="E19" toText="loose bowel movements" type="OVERLAP" />
<TLINK id="TL10" fromID="E0" fromText="breast cancer" toID="E20" toText="diarrhea" type="OVERLAP" />
<TLINK id="TL11" fromID="E0" fromText="breast cancer" toID="E21" toText="blood" type="OVERLAP" />
<TLINK id="TL12" fromID="E0" fromText="breast cancer" toID="E22" toText="decreased urine output" type="OVERLAP" />
<TLINK id="TL13" fromID="E0" fromText="breast cancer" toID="E23" toText="sick contacts" type="OVERLAP" />
<TLINK id="TL14" fromID="E0" fromText="breast cancer" toID="E24" toText="flu shot" type="OVERLAP" />
<TLINK id="TL15" fromID="E0" fromText="breast cancer" toID="E5" toText="radiation therapy" type="OVERLAP" />
<TLINK id="TL16" fromID="E0" fromText="breast cancer" toID="E6" toText="lumpectomy" type="OVERLAP" />
<TLINK id="TL17" fromID="E0" fromText="breast cancer" toID="E7" toText="Tamoxifen" type="OVERLAP" />
<TLINK id="TL18" fromID="E0" fromText="breast cancer" toID="E8" toText="hypertension" type="OVERLAP" />
<TLINK id="TL19" fromID="E0" fromText="breast cancer" toID="E9" toText="hyperlipidemia" type="OVERLAP" />
<TLINK id="TL20" fromID="E0" fromText="breast cancer" toID="T3" toText="2000" type="OVERLAP" />
<TLINK id="TL21" fromID="E1" fromText="transferred" toID="E29" toText="transferred" type="OVERLAP" />
<TLINK id="TL22" fromID="E1" fromText="transferred" toID="E75" toText="hemodynamically stable" type="OVERLAP" />
<TLINK id="TL23" fromID="E1" fromText="transferred" toID="T1" toText="2016-12-24" type="AFTER" />
<TLINK id="TL24" fromID="E10" fromText="multiple urinary tract infections" toID="E11" toText="presents" type="OVERLAP" />
<TLINK id="TL25" fromID="E10" fromText="multiple urinary tract infections" toID="E12" toText="dry cough" type="OVERLAP" />
<TLINK id="TL26" fromID="E10" fromText="multiple urinary tract infections" toID="E13" toText="rhinorrhea" type="OVERLAP" />
<TLINK id="TL27" fromID="E10" fromText="multiple urinary tract infections" toID="E14" toText="coryza" type="OVERLAP" />
<TLINK id="TL28" fromID="E10" fromText="multiple urinary tract infections" toID="E15" toText="malaise" type="OVERLAP" />
<TLINK id="TL29" fromID="E10" fromText="multiple urinary tract infections" toID="E16" toText="chills" type="OVERLAP" />
<TLINK id="TL30" fromID="E10" fromText="multiple urinary tract infections" toID="E17" toText="headache" type="OVERLAP" />
<TLINK id="TL31" fromID="E10" fromText="multiple urinary tract infections" toID="E18" toText="decreased p.o. intake" type="OVERLAP" />
<TLINK id="TL32" fromID="E10" fromText="multiple urinary tract infections" toID="E19" toText="loose bowel movements" type="OVERLAP" />
<TLINK id="TL33" fromID="E10" fromText="multiple urinary tract infections" toID="E20" toText="diarrhea" type="OVERLAP" />
<TLINK id="TL34" fromID="E10" fromText="multiple urinary tract infections" toID="E21" toText="blood" type="OVERLAP" />
<TLINK id="TL35" fromID="E10" fromText="multiple urinary tract infections" toID="E22" toText="decreased urine output" type="OVERLAP" />
<TLINK id="TL36" fromID="E10" fromText="multiple urinary tract infections" toID="E23" toText="sick contacts" type="OVERLAP" />
<TLINK id="TL37" fromID="E10" fromText="multiple urinary tract infections" toID="E24" toText="flu shot" type="OVERLAP" />
<TLINK id="TL38" fromID="E10" fromText="multiple urinary tract infections" toID="E9" toText="hyperlipidemia" type="OVERLAP" />
<TLINK id="TL39" fromID="E10" fromText="multiple urinary tract infections" toID="T3" toText="2000" type="OVERLAP" />
<TLINK id="TL40" fromID="E11" fromText="presents" toID="E12" toText="dry cough" type="OVERLAP" />
<TLINK id="TL41" fromID="E11" fromText="presents" toID="E13" toText="rhinorrhea" type="OVERLAP" />
<TLINK id="TL42" fromID="E11" fromText="presents" toID="E14" toText="coryza" type="OVERLAP" />
<TLINK id="TL43" fromID="E11" fromText="presents" toID="E15" toText="malaise" type="OVERLAP" />
<TLINK id="TL44" fromID="E11" fromText="presents" toID="E16" toText="chills" type="OVERLAP" />
<TLINK id="TL45" fromID="E11" fromText="presents" toID="E17" toText="headache" type="OVERLAP" />
<TLINK id="TL46" fromID="E11" fromText="presents" toID="E18" toText="decreased p.o. intake" type="OVERLAP" />
<TLINK id="TL47" fromID="E11" fromText="presents" toID="E19" toText="loose bowel movements" type="OVERLAP" />
<TLINK id="TL48" fromID="E11" fromText="presents" toID="E20" toText="diarrhea" type="OVERLAP" />
<TLINK id="TL49" fromID="E11" fromText="presents" toID="E21" toText="blood" type="OVERLAP" />
<TLINK id="TL50" fromID="E11" fromText="presents" toID="E22" toText="decreased urine output" type="OVERLAP" />
<TLINK id="TL51" fromID="E11" fromText="presents" toID="E23" toText="sick contacts" type="OVERLAP" />
<TLINK id="TL52" fromID="E11" fromText="presents" toID="E24" toText="flu shot" type="OVERLAP" />
<TLINK id="TL53" fromID="E11" fromText="presents" toID="E69" toText="presents" type="OVERLAP" />
<TLINK id="TL54" fromID="E11" fromText="presents" toID="T4" toText="four day" type="OVERLAP" />
<TLINK id="TL55" fromID="E12" fromText="dry cough" toID="E13" toText="rhinorrhea" type="OVERLAP" />
<TLINK id="TL56" fromID="E12" fromText="dry cough" toID="E14" toText="coryza" type="OVERLAP" />
<TLINK id="TL57" fromID="E12" fromText="dry cough" toID="E15" toText="malaise" type="OVERLAP" />
<TLINK id="TL58" fromID="E12" fromText="dry cough" toID="E16" toText="chills" type="OVERLAP" />
<TLINK id="TL59" fromID="E12" fromText="dry cough" toID="E17" toText="headache" type="OVERLAP" />
<TLINK id="TL60" fromID="E12" fromText="dry cough" toID="E18" toText="decreased p.o. intake" type="OVERLAP" />
<TLINK id="TL61" fromID="E12" fromText="dry cough" toID="E19" toText="loose bowel movements" type="OVERLAP" />
<TLINK id="TL62" fromID="E12" fromText="dry cough" toID="E20" toText="diarrhea" type="OVERLAP" />
<TLINK id="TL63" fromID="E12" fromText="dry cough" toID="E21" toText="blood" type="OVERLAP" />
<TLINK id="TL64" fromID="E12" fromText="dry cough" toID="E22" toText="decreased urine output" type="OVERLAP" />
<TLINK id="TL65" fromID="E12" fromText="dry cough" toID="E23" toText="sick contacts" type="OVERLAP" />
<TLINK id="TL66" fromID="E12" fromText="dry cough" toID="E24" toText="flu shot" type="OVERLAP" />
<TLINK id="TL67" fromID="E12" fromText="dry cough" toID="T4" toText="four day" type="OVERLAP" />
<TLINK id="TL68" fromID="E13" fromText="rhinorrhea" toID="E14" toText="coryza" type="OVERLAP" />
<TLINK id="TL69" fromID="E13" fromText="rhinorrhea" toID="E15" toText="malaise" type="OVERLAP" />
<TLINK id="TL70" fromID="E13" fromText="rhinorrhea" toID="E16" toText="chills" type="OVERLAP" />
<TLINK id="TL71" fromID="E13" fromText="rhinorrhea" toID="E17" toText="headache" type="OVERLAP" />
<TLINK id="TL72" fromID="E13" fromText="rhinorrhea" toID="E18" toText="decreased p.o. intake" type="OVERLAP" />
<TLINK id="TL73" fromID="E13" fromText="rhinorrhea" toID="E19" toText="loose bowel movements" type="OVERLAP" />
<TLINK id="TL74" fromID="E13" fromText="rhinorrhea" toID="E20" toText="diarrhea" type="OVERLAP" />
<TLINK id="TL75" fromID="E13" fromText="rhinorrhea" toID="E21" toText="blood" type="OVERLAP" />
<TLINK id="TL76" fromID="E13" fromText="rhinorrhea" toID="E22" toText="decreased urine output" type="OVERLAP" />
<TLINK id="TL77" fromID="E13" fromText="rhinorrhea" toID="E23" toText="sick contacts" type="OVERLAP" />
<TLINK id="TL78" fromID="E13" fromText="rhinorrhea" toID="E24" toText="flu shot" type="OVERLAP" />
<TLINK id="TL79" fromID="E13" fromText="rhinorrhea" toID="T4" toText="four day" type="OVERLAP" />
<TLINK id="TL80" fromID="E14" fromText="coryza" toID="E15" toText="malaise" type="OVERLAP" />
<TLINK id="TL81" fromID="E14" fromText="coryza" toID="E16" toText="chills" type="OVERLAP" />
<TLINK id="TL82" fromID="E14" fromText="coryza" toID="E17" toText="headache" type="OVERLAP" />
<TLINK id="TL83" fromID="E14" fromText="coryza" toID="E18" toText="decreased p.o. intake" type="OVERLAP" />
<TLINK id="TL84" fromID="E14" fromText="coryza" toID="E19" toText="loose bowel movements" type="OVERLAP" />
<TLINK id="TL85" fromID="E14" fromText="coryza" toID="E20" toText="diarrhea" type="OVERLAP" />
<TLINK id="TL86" fromID="E14" fromText="coryza" toID="E21" toText="blood" type="OVERLAP" />
<TLINK id="TL87" fromID="E14" fromText="coryza" toID="E22" toText="decreased urine output" type="OVERLAP" />
<TLINK id="TL88" fromID="E14" fromText="coryza" toID="E23" toText="sick contacts" type="OVERLAP" />
<TLINK id="TL89" fromID="E14" fromText="coryza" toID="E24" toText="flu shot" type="OVERLAP" />
<TLINK id="TL90" fromID="E14" fromText="coryza" toID="T4" toText="four day" type="OVERLAP" />
<TLINK id="TL91" fromID="E15" fromText="malaise" toID="E16" toText="chills" type="OVERLAP" />
<TLINK id="TL92" fromID="E15" fromText="malaise" toID="E17" toText="headache" type="OVERLAP" />
<TLINK id="TL93" fromID="E15" fromText="malaise" toID="E18" toText="decreased p.o. intake" type="OVERLAP" />
<TLINK id="TL94" fromID="E15" fromText="malaise" toID="E19" toText="loose bowel movements" type="OVERLAP" />
<TLINK id="TL95" fromID="E15" fromText="malaise" toID="E20" toText="diarrhea" type="OVERLAP" />
<TLINK id="TL96" fromID="E15" fromText="malaise" toID="E21" toText="blood" type="OVERLAP" />
<TLINK id="TL97" fromID="E15" fromText="malaise" toID="E22" toText="decreased urine output" type="OVERLAP" />
<TLINK id="TL98" fromID="E15" fromText="malaise" toID="E23" toText="sick contacts" type="OVERLAP" />
<TLINK id="TL99" fromID="E15" fromText="malaise" toID="E24" toText="flu shot" type="OVERLAP" />
<TLINK id="TL100" fromID="E15" fromText="malaise" toID="T4" toText="four day" type="OVERLAP" />
<TLINK id="TL101" fromID="E16" fromText="chills" toID="E17" toText="headache" type="OVERLAP" />
<TLINK id="TL102" fromID="E16" fromText="chills" toID="E18" toText="decreased p.o. intake" type="OVERLAP" />
<TLINK id="TL103" fromID="E16" fromText="chills" toID="E19" toText="loose bowel movements" type="OVERLAP" />
<TLINK id="TL104" fromID="E16" fromText="chills" toID="E20" toText="diarrhea" type="OVERLAP" />
<TLINK id="TL105" fromID="E16" fromText="chills" toID="E21" toText="blood" type="OVERLAP" />
<TLINK id="TL106" fromID="E16" fromText="chills" toID="E22" toText="decreased urine output" type="OVERLAP" />
<TLINK id="TL107" fromID="E16" fromText="chills" toID="E23" toText="sick contacts" type="OVERLAP" />
<TLINK id="TL108" fromID="E16" fromText="chills" toID="E24" toText="flu shot" type="OVERLAP" />
<TLINK id="TL109" fromID="E16" fromText="chills" toID="T4" toText="four day" type="OVERLAP" />
<TLINK id="TL110" fromID="E17" fromText="headache" toID="E18" toText="decreased p.o. intake" type="OVERLAP" />
<TLINK id="TL111" fromID="E17" fromText="headache" toID="E19" toText="loose bowel movements" type="OVERLAP" />
<TLINK id="TL112" fromID="E17" fromText="headache" toID="E20" toText="diarrhea" type="OVERLAP" />
<TLINK id="TL113" fromID="E17" fromText="headache" toID="E21" toText="blood" type="OVERLAP" />
<TLINK id="TL114" fromID="E17" fromText="headache" toID="E22" toText="decreased urine output" type="OVERLAP" />
<TLINK id="TL115" fromID="E17" fromText="headache" toID="E23" toText="sick contacts" type="OVERLAP" />
<TLINK id="TL116" fromID="E17" fromText="headache" toID="E24" toText="flu shot" type="OVERLAP" />
<TLINK id="TL117" fromID="E17" fromText="headache" toID="T4" toText="four day" type="OVERLAP" />
<TLINK id="TL118" fromID="E18" fromText="decreased p.o. intake" toID="E19" toText="loose bowel movements" type="OVERLAP" />
<TLINK id="TL119" fromID="E18" fromText="decreased p.o. intake" toID="E20" toText="diarrhea" type="OVERLAP" />
<TLINK id="TL120" fromID="E18" fromText="decreased p.o. intake" toID="E21" toText="blood" type="OVERLAP" />
<TLINK id="TL121" fromID="E18" fromText="decreased p.o. intake" toID="E22" toText="decreased urine output" type="OVERLAP" />
<TLINK id="TL122" fromID="E18" fromText="decreased p.o. intake" toID="E23" toText="sick contacts" type="OVERLAP" />
<TLINK id="TL123" fromID="E18" fromText="decreased p.o. intake" toID="E24" toText="flu shot" type="OVERLAP" />
<TLINK id="TL124" fromID="E18" fromText="decreased p.o. intake" toID="T4" toText="four day" type="OVERLAP" />
<TLINK id="TL125" fromID="E19" fromText="loose bowel movements" toID="E20" toText="diarrhea" type="OVERLAP" />
<TLINK id="TL126" fromID="E19" fromText="loose bowel movements" toID="E21" toText="blood" type="OVERLAP" />
<TLINK id="TL127" fromID="E19" fromText="loose bowel movements" toID="E22" toText="decreased urine output" type="OVERLAP" />
<TLINK id="TL128" fromID="E19" fromText="loose bowel movements" toID="E23" toText="sick contacts" type="OVERLAP" />
<TLINK id="TL129" fromID="E19" fromText="loose bowel movements" toID="E24" toText="flu shot" type="OVERLAP" />
<TLINK id="TL130" fromID="E19" fromText="loose bowel movements" toID="T4" toText="four day" type="OVERLAP" />
<TLINK id="TL131" fromID="E20" fromText="diarrhea" toID="E21" toText="blood" type="OVERLAP" />
<TLINK id="TL132" fromID="E20" fromText="diarrhea" toID="E22" toText="decreased urine output" type="OVERLAP" />
<TLINK id="TL133" fromID="E20" fromText="diarrhea" toID="E23" toText="sick contacts" type="OVERLAP" />
<TLINK id="TL134" fromID="E20" fromText="diarrhea" toID="E24" toText="flu shot" type="OVERLAP" />
<TLINK id="TL135" fromID="E20" fromText="diarrhea" toID="T2" toText="this year" type="OVERLAP" />
<TLINK id="TL136" fromID="E21" fromText="blood" toID="E22" toText="decreased urine output" type="OVERLAP" />
<TLINK id="TL137" fromID="E21" fromText="blood" toID="E23" toText="sick contacts" type="OVERLAP" />
<TLINK id="TL138" fromID="E21" fromText="blood" toID="E24" toText="flu shot" type="OVERLAP" />
<TLINK id="TL139" fromID="E21" fromText="blood" toID="T2" toText="this year" type="OVERLAP" />
<TLINK id="TL140" fromID="E22" fromText="decreased urine output" toID="E21" toText="blood" type="BEFORE" />
<TLINK id="TL141" fromID="E22" fromText="decreased urine output" toID="E23" toText="sick contacts" type="OVERLAP" />
<TLINK id="TL142" fromID="E22" fromText="decreased urine output" toID="E24" toText="flu shot" type="OVERLAP" />
<TLINK id="TL143" fromID="E22" fromText="decreased urine output" toID="T2" toText="this year" type="OVERLAP" />
<TLINK id="TL144" fromID="E23" fromText="sick contacts" toID="E24" toText="flu shot" type="OVERLAP" />
<TLINK id="TL145" fromID="E23" fromText="sick contacts" toID="T2" toText="this year" type="OVERLAP" />
<TLINK id="TL146" fromID="E24" fromText="flu shot" toID="E23" toText="sick contacts" type="OVERLAP" />
<TLINK id="TL147" fromID="E24" fromText="flu shot" toID="T2" toText="this year" type="OVERLAP" />
<TLINK id="TL148" fromID="E25" fromText="labile blood pressure" toID="E26" toText="systolic blood pressure" type="OVERLAP" />
<TLINK id="TL149" fromID="E25" fromText="labile blood pressure" toID="E30" toText="the Emergency Department" type="OVERLAP" />
<TLINK id="TL150" fromID="E26" fromText="systolic blood pressure" toID="E27" toText="systolic blood pressure" type="OVERLAP" />
<TLINK id="TL151" fromID="E27" fromText="systolic blood pressure" toID="E26" toText="systolic blood pressure" type="OVERLAP" />
<TLINK id="TL152" fromID="E27" fromText="systolic blood pressure" toID="E28" toText="two liters of intravenous fluids" type="OVERLAP" />
<TLINK id="TL153" fromID="E27" fromText="systolic blood pressure" toID="E29" toText="transferred" type="OVERLAP" />
<TLINK id="TL154" fromID="E27" fromText="systolic blood pressure" toID="E33" toText="the Medical Intensive Care Unit" type="OVERLAP" />
<TLINK id="TL155" fromID="E27" fromText="systolic blood pressure" toID="E34" toText="closer monitoring" type="OVERLAP" />
<TLINK id="TL156" fromID="E27" fromText="systolic blood pressure" toID="E35" toText="early sepsis" type="OVERLAP" />
<TLINK id="TL157" fromID="E28" fromText="two liters of intravenous fluids" toID="E27" toText="systolic blood pressure" type="AFTER" />
<TLINK id="TL158" fromID="E28" fromText="two liters of intravenous fluids" toID="E29" toText="transferred" type="OVERLAP" />
<TLINK id="TL159" fromID="E28" fromText="two liters of intravenous fluids" toID="E33" toText="the Medical Intensive Care Unit" type="OVERLAP" />
<TLINK id="TL160" fromID="E28" fromText="two liters of intravenous fluids" toID="E34" toText="closer monitoring" type="OVERLAP" />
<TLINK id="TL161" fromID="E28" fromText="two liters of intravenous fluids" toID="E35" toText="early sepsis" type="OVERLAP" />
<TLINK id="TL162" fromID="E29" fromText="transferred" toID="E1" toText="transferred" type="OVERLAP" />
<TLINK id="TL163" fromID="E29" fromText="transferred" toID="E33" toText="the Medical Intensive Care Unit" type="OVERLAP" />
<TLINK id="TL164" fromID="E29" fromText="transferred" toID="E34" toText="closer monitoring" type="OVERLAP" />
<TLINK id="TL165" fromID="E29" fromText="transferred" toID="E35" toText="early sepsis" type="OVERLAP" />
<TLINK id="TL166" fromID="E30" fromText="the Emergency Department" toID="E25" toText="labile blood pressure" type="OVERLAP" />
<TLINK id="TL167" fromID="E30" fromText="the Emergency Department" toID="E26" toText="systolic blood pressure" type="OVERLAP" />
<TLINK id="TL168" fromID="E33" fromText="the Medical Intensive Care Unit" toID="E29" toText="transferred" type="AFTER" />
<TLINK id="TL169" fromID="E33" fromText="the Medical Intensive Care Unit" toID="E34" toText="closer monitoring" type="OVERLAP" />
<TLINK id="TL170" fromID="E33" fromText="the Medical Intensive Care Unit" toID="E35" toText="early sepsis" type="OVERLAP" />
<TLINK id="TL171" fromID="E34" fromText="closer monitoring" toID="E33" toText="the Medical Intensive Care Unit" type="OVERLAP" />
<TLINK id="TL172" fromID="E34" fromText="closer monitoring" toID="E35" toText="early sepsis" type="OVERLAP" />
<TLINK id="TL173" fromID="E35" fromText="early sepsis" toID="E34" toText="closer monitoring" type="BEFORE" />
<TLINK id="TL174" fromID="E36" fromText="The Intensive Care Unit course" toID="E37" toText="broad spectrum antibiotics" type="OVERLAP" />
<TLINK id="TL175" fromID="E36" fromText="The Intensive Care Unit course" toID="E38" toText="a white blood cell count" type="OVERLAP" />
<TLINK id="TL176" fromID="E36" fromText="The Intensive Care Unit course" toID="E41" toText="The Intensive Care Unit course" type="OVERLAP" />
<TLINK id="TL177" fromID="E37" fromText="broad spectrum antibiotics" toID="E36" toText="The Intensive Care Unit course" type="AFTER" />
<TLINK id="TL178" fromID="E37" fromText="broad spectrum antibiotics" toID="E38" toText="a white blood cell count" type="OVERLAP" />
<TLINK id="TL179" fromID="E38" fromText="a white blood cell count" toID="E37" toText="broad spectrum antibiotics" type="OVERLAP" />
<TLINK id="TL180" fromID="E39" fromText="Levaquin" toID="E40" toText="early pneumonia pending cultures" type="OVERLAP" />
<TLINK id="TL181" fromID="E40" fromText="early pneumonia pending cultures" toID="E39" toText="Levaquin" type="BEFORE" />
<TLINK id="TL182" fromID="E41" fromText="The Intensive Care Unit course" toID="E36" toText="The Intensive Care Unit course" type="OVERLAP" />
<TLINK id="TL183" fromID="E41" fromText="The Intensive Care Unit course" toID="E42" toText="chest x-ray" type="OVERLAP" />
<TLINK id="TL184" fromID="E41" fromText="The Intensive Care Unit course" toID="E43" toText="packed red blood cells" type="OVERLAP" />
<TLINK id="TL185" fromID="E41" fromText="The Intensive Care Unit course" toID="E44" toText="a hematocrit" type="OVERLAP" />
<TLINK id="TL186" fromID="E41" fromText="The Intensive Care Unit course" toID="E45" toText="appropriate bump" type="OVERLAP" />
<TLINK id="TL187" fromID="E41" fromText="The Intensive Care Unit course" toID="E46" toText="her hematocrit" type="OVERLAP" />
<TLINK id="TL188" fromID="E41" fromText="The Intensive Care Unit course" toID="E47" toText="evidence" type="OVERLAP" />
<TLINK id="TL189" fromID="E41" fromText="The Intensive Care Unit course" toID="E48" toText="bleeding" type="OVERLAP" />
<TLINK id="TL190" fromID="E41" fromText="The Intensive Care Unit course" toID="E50" toText="blood pressure" type="OVERLAP" />
<TLINK id="TL191" fromID="E41" fromText="The Intensive Care Unit course" toID="E51" toText="a net fluid balance" type="OVERLAP" />
<TLINK id="TL192" fromID="E42" fromText="chest x-ray" toID="E41" toText="The Intensive Care Unit course" type="OVERLAP" />
<TLINK id="TL193" fromID="E42" fromText="chest x-ray" toID="E43" toText="packed red blood cells" type="OVERLAP" />
<TLINK id="TL194" fromID="E42" fromText="chest x-ray" toID="E44" toText="a hematocrit" type="OVERLAP" />
<TLINK id="TL195" fromID="E42" fromText="chest x-ray" toID="E45" toText="appropriate bump" type="OVERLAP" />
<TLINK id="TL196" fromID="E42" fromText="chest x-ray" toID="E46" toText="her hematocrit" type="OVERLAP" />
<TLINK id="TL197" fromID="E42" fromText="chest x-ray" toID="E47" toText="evidence" type="OVERLAP" />
<TLINK id="TL198" fromID="E42" fromText="chest x-ray" toID="E48" toText="bleeding" type="OVERLAP" />
<TLINK id="TL199" fromID="E42" fromText="chest x-ray" toID="E50" toText="blood pressure" type="OVERLAP" />
<TLINK id="TL200" fromID="E42" fromText="chest x-ray" toID="E51" toText="a net fluid balance" type="OVERLAP" />
<TLINK id="TL201" fromID="E43" fromText="packed red blood cells" toID="E42" toText="chest x-ray" type="AFTER" />
<TLINK id="TL202" fromID="E43" fromText="packed red blood cells" toID="E44" toText="a hematocrit" type="OVERLAP" />
<TLINK id="TL203" fromID="E43" fromText="packed red blood cells" toID="E45" toText="appropriate bump" type="OVERLAP" />
<TLINK id="TL204" fromID="E43" fromText="packed red blood cells" toID="E46" toText="her hematocrit" type="OVERLAP" />
<TLINK id="TL205" fromID="E43" fromText="packed red blood cells" toID="E47" toText="evidence" type="OVERLAP" />
<TLINK id="TL206" fromID="E43" fromText="packed red blood cells" toID="E48" toText="bleeding" type="OVERLAP" />
<TLINK id="TL207" fromID="E43" fromText="packed red blood cells" toID="E50" toText="blood pressure" type="OVERLAP" />
<TLINK id="TL208" fromID="E43" fromText="packed red blood cells" toID="E51" toText="a net fluid balance" type="OVERLAP" />
<TLINK id="TL209" fromID="E44" fromText="a hematocrit" toID="E43" toText="packed red blood cells" type="OVERLAP" />
<TLINK id="TL210" fromID="E44" fromText="a hematocrit" toID="E45" toText="appropriate bump" type="OVERLAP" />
<TLINK id="TL211" fromID="E44" fromText="a hematocrit" toID="E46" toText="her hematocrit" type="OVERLAP" />
<TLINK id="TL212" fromID="E44" fromText="a hematocrit" toID="E47" toText="evidence" type="OVERLAP" />
<TLINK id="TL213" fromID="E44" fromText="a hematocrit" toID="E48" toText="bleeding" type="OVERLAP" />
<TLINK id="TL214" fromID="E44" fromText="a hematocrit" toID="E50" toText="blood pressure" type="OVERLAP" />
<TLINK id="TL215" fromID="E44" fromText="a hematocrit" toID="E51" toText="a net fluid balance" type="OVERLAP" />
<TLINK id="TL216" fromID="E45" fromText="appropriate bump" toID="E44" toText="a hematocrit" type="AFTER" />
<TLINK id="TL217" fromID="E45" fromText="appropriate bump" toID="E46" toText="her hematocrit" type="OVERLAP" />
<TLINK id="TL218" fromID="E45" fromText="appropriate bump" toID="E47" toText="evidence" type="OVERLAP" />
<TLINK id="TL219" fromID="E45" fromText="appropriate bump" toID="E48" toText="bleeding" type="OVERLAP" />
<TLINK id="TL220" fromID="E45" fromText="appropriate bump" toID="E50" toText="blood pressure" type="OVERLAP" />
<TLINK id="TL221" fromID="E45" fromText="appropriate bump" toID="E51" toText="a net fluid balance" type="OVERLAP" />
<TLINK id="TL222" fromID="E46" fromText="her hematocrit" toID="E45" toText="appropriate bump" type="OVERLAP" />
<TLINK id="TL223" fromID="E46" fromText="her hematocrit" toID="E47" toText="evidence" type="OVERLAP" />
<TLINK id="TL224" fromID="E46" fromText="her hematocrit" toID="E48" toText="bleeding" type="OVERLAP" />
<TLINK id="TL225" fromID="E46" fromText="her hematocrit" toID="E50" toText="blood pressure" type="OVERLAP" />
<TLINK id="TL226" fromID="E46" fromText="her hematocrit" toID="E51" toText="a net fluid balance" type="OVERLAP" />
<TLINK id="TL227" fromID="E47" fromText="evidence" toID="E48" toText="bleeding" type="OVERLAP" />
<TLINK id="TL228" fromID="E47" fromText="evidence" toID="E50" toText="blood pressure" type="OVERLAP" />
<TLINK id="TL229" fromID="E47" fromText="evidence" toID="E51" toText="a net fluid balance" type="OVERLAP" />
<TLINK id="TL230" fromID="E48" fromText="bleeding" toID="E47" toText="evidence" type="BEFORE" />
<TLINK id="TL231" fromID="E48" fromText="bleeding" toID="E50" toText="blood pressure" type="OVERLAP" />
<TLINK id="TL232" fromID="E48" fromText="bleeding" toID="E51" toText="a net fluid balance" type="OVERLAP" />
<TLINK id="TL233" fromID="E5" fromText="radiation therapy" toID="E10" toText="multiple urinary tract infections" type="OVERLAP" />
<TLINK id="TL234" fromID="E5" fromText="radiation therapy" toID="E11" toText="presents" type="OVERLAP" />
<TLINK id="TL235" fromID="E5" fromText="radiation therapy" toID="E12" toText="dry cough" type="OVERLAP" />
<TLINK id="TL236" fromID="E5" fromText="radiation therapy" toID="E13" toText="rhinorrhea" type="OVERLAP" />
<TLINK id="TL237" fromID="E5" fromText="radiation therapy" toID="E14" toText="coryza" type="OVERLAP" />
<TLINK id="TL238" fromID="E5" fromText="radiation therapy" toID="E15" toText="malaise" type="OVERLAP" />
<TLINK id="TL239" fromID="E5" fromText="radiation therapy" toID="E16" toText="chills" type="OVERLAP" />
<TLINK id="TL240" fromID="E5" fromText="radiation therapy" toID="E17" toText="headache" type="OVERLAP" />
<TLINK id="TL241" fromID="E5" fromText="radiation therapy" toID="E18" toText="decreased p.o. intake" type="OVERLAP" />
<TLINK id="TL242" fromID="E5" fromText="radiation therapy" toID="E19" toText="loose bowel movements" type="OVERLAP" />
<TLINK id="TL243" fromID="E5" fromText="radiation therapy" toID="E20" toText="diarrhea" type="OVERLAP" />
<TLINK id="TL244" fromID="E5" fromText="radiation therapy" toID="E21" toText="blood" type="OVERLAP" />
<TLINK id="TL245" fromID="E5" fromText="radiation therapy" toID="E22" toText="decreased urine output" type="OVERLAP" />
<TLINK id="TL246" fromID="E5" fromText="radiation therapy" toID="E23" toText="sick contacts" type="OVERLAP" />
<TLINK id="TL247" fromID="E5" fromText="radiation therapy" toID="E24" toText="flu shot" type="OVERLAP" />
<TLINK id="TL248" fromID="E5" fromText="radiation therapy" toID="E6" toText="lumpectomy" type="AFTER" />
<TLINK id="TL249" fromID="E5" fromText="radiation therapy" toID="E7" toText="Tamoxifen" type="OVERLAP" />
<TLINK id="TL250" fromID="E5" fromText="radiation therapy" toID="E8" toText="hypertension" type="OVERLAP" />
<TLINK id="TL251" fromID="E5" fromText="radiation therapy" toID="E9" toText="hyperlipidemia" type="OVERLAP" />
<TLINK id="TL252" fromID="E5" fromText="radiation therapy" toID="T3" toText="2000" type="OVERLAP" />
<TLINK id="TL253" fromID="E50" fromText="blood pressure" toID="E51" toText="a net fluid balance" type="OVERLAP" />
<TLINK id="TL254" fromID="E51" fromText="a net fluid balance" toID="E50" toText="blood pressure" type="OVERLAP" />
<TLINK id="TL255" fromID="E56" fromText="Random cortisol" toID="E57" toText="her DFA" type="OVERLAP" />
<TLINK id="TL256" fromID="E56" fromText="Random cortisol" toID="E58" toText="influenzae A" type="OVERLAP" />
<TLINK id="TL257" fromID="E56" fromText="Random cortisol" toID="E59" toText="a viral culture" type="OVERLAP" />
<TLINK id="TL258" fromID="E56" fromText="Random cortisol" toID="E60" toText="discharge" type="OVERLAP" />
<TLINK id="TL259" fromID="E56" fromText="Random cortisol" toID="T5" toText="the time" type="OVERLAP" />
<TLINK id="TL260" fromID="E57" fromText="her DFA" toID="E56" toText="Random cortisol" type="OVERLAP" />
<TLINK id="TL261" fromID="E57" fromText="her DFA" toID="E58" toText="influenzae A" type="OVERLAP" />
<TLINK id="TL262" fromID="E57" fromText="her DFA" toID="E59" toText="a viral culture" type="OVERLAP" />
<TLINK id="TL263" fromID="E57" fromText="her DFA" toID="E60" toText="discharge" type="OVERLAP" />
<TLINK id="TL264" fromID="E57" fromText="her DFA" toID="T5" toText="the time" type="OVERLAP" />
<TLINK id="TL265" fromID="E58" fromText="influenzae A" toID="E57" toText="her DFA" type="BEFORE" />
<TLINK id="TL266" fromID="E58" fromText="influenzae A" toID="E59" toText="a viral culture" type="OVERLAP" />
<TLINK id="TL267" fromID="E58" fromText="influenzae A" toID="E60" toText="discharge" type="OVERLAP" />
<TLINK id="TL268" fromID="E58" fromText="influenzae A" toID="T5" toText="the time" type="OVERLAP" />
<TLINK id="TL269" fromID="E59" fromText="a viral culture" toID="E60" toText="discharge" type="OVERLAP" />
<TLINK id="TL270" fromID="E59" fromText="a viral culture" toID="T5" toText="the time" type="OVERLAP" />
<TLINK id="TL271" fromID="E6" fromText="lumpectomy" toID="E10" toText="multiple urinary tract infections" type="OVERLAP" />
<TLINK id="TL272" fromID="E6" fromText="lumpectomy" toID="E11" toText="presents" type="OVERLAP" />
<TLINK id="TL273" fromID="E6" fromText="lumpectomy" toID="E12" toText="dry cough" type="OVERLAP" />
<TLINK id="TL274" fromID="E6" fromText="lumpectomy" toID="E13" toText="rhinorrhea" type="OVERLAP" />
<TLINK id="TL275" fromID="E6" fromText="lumpectomy" toID="E14" toText="coryza" type="OVERLAP" />
<TLINK id="TL276" fromID="E6" fromText="lumpectomy" toID="E15" toText="malaise" type="OVERLAP" />
<TLINK id="TL277" fromID="E6" fromText="lumpectomy" toID="E16" toText="chills" type="OVERLAP" />
<TLINK id="TL278" fromID="E6" fromText="lumpectomy" toID="E17" toText="headache" type="OVERLAP" />
<TLINK id="TL279" fromID="E6" fromText="lumpectomy" toID="E18" toText="decreased p.o. intake" type="OVERLAP" />
<TLINK id="TL280" fromID="E6" fromText="lumpectomy" toID="E19" toText="loose bowel movements" type="OVERLAP" />
<TLINK id="TL281" fromID="E6" fromText="lumpectomy" toID="E20" toText="diarrhea" type="OVERLAP" />
<TLINK id="TL282" fromID="E6" fromText="lumpectomy" toID="E21" toText="blood" type="OVERLAP" />
<TLINK id="TL283" fromID="E6" fromText="lumpectomy" toID="E22" toText="decreased urine output" type="OVERLAP" />
<TLINK id="TL284" fromID="E6" fromText="lumpectomy" toID="E23" toText="sick contacts" type="OVERLAP" />
<TLINK id="TL285" fromID="E6" fromText="lumpectomy" toID="E24" toText="flu shot" type="OVERLAP" />
<TLINK id="TL286" fromID="E6" fromText="lumpectomy" toID="E5" toText="radiation therapy" type="OVERLAP" />
<TLINK id="TL287" fromID="E6" fromText="lumpectomy" toID="E7" toText="Tamoxifen" type="OVERLAP" />
<TLINK id="TL288" fromID="E6" fromText="lumpectomy" toID="E8" toText="hypertension" type="OVERLAP" />
<TLINK id="TL289" fromID="E6" fromText="lumpectomy" toID="E9" toText="hyperlipidemia" type="OVERLAP" />
<TLINK id="TL290" fromID="E6" fromText="lumpectomy" toID="T3" toText="2000" type="OVERLAP" />
<TLINK id="TL291" fromID="E60" fromText="discharge" toID="E63" toText="discharge" type="OVERLAP" />
<TLINK id="TL292" fromID="E60" fromText="discharge" toID="T5" toText="the time" type="OVERLAP" />
<TLINK id="TL293" fromID="E61" fromText="Blood and urine cultures" toID="E62" toText="growth" type="OVERLAP" />
<TLINK id="TL294" fromID="E61" fromText="Blood and urine cultures" toID="E63" toText="discharge" type="OVERLAP" />
<TLINK id="TL295" fromID="E61" fromText="Blood and urine cultures" toID="T6" toText="the time" type="OVERLAP" />
<TLINK id="TL296" fromID="E62" fromText="growth" toID="E61" toText="Blood and urine cultures" type="BEFORE" />
<TLINK id="TL297" fromID="E62" fromText="growth" toID="E63" toText="discharge" type="OVERLAP" />
<TLINK id="TL298" fromID="E62" fromText="growth" toID="T6" toText="the time" type="OVERLAP" />
<TLINK id="TL299" fromID="E63" fromText="discharge" toID="E60" toText="discharge" type="OVERLAP" />
<TLINK id="TL300" fromID="E63" fromText="discharge" toID="T6" toText="the time" type="OVERLAP" />
<TLINK id="TL301" fromID="E64" fromText="a right lower extremity noninvasive ultrasound" toID="E65" toText="deep venous thrombosis" type="OVERLAP" />
<TLINK id="TL302" fromID="E65" fromText="deep venous thrombosis" toID="E64" toText="a right lower extremity noninvasive ultrasound" type="BEFORE" />
<TLINK id="TL303" fromID="E66" fromText="Stage I breast cancer" toID="E67" toText="hypertension" type="OVERLAP" />
<TLINK id="TL304" fromID="E66" fromText="Stage I breast cancer" toID="E68" toText="hyperlipidemia ," type="OVERLAP" />
<TLINK id="TL305" fromID="E66" fromText="Stage I breast cancer" toID="E69" toText="presents" type="OVERLAP" />
<TLINK id="TL306" fromID="E66" fromText="Stage I breast cancer" toID="E70" toText="a leukocytosis/bandemia" type="OVERLAP" />
<TLINK id="TL307" fromID="E66" fromText="Stage I breast cancer" toID="E71" toText="hypotension" type="OVERLAP" />
<TLINK id="TL308" fromID="E66" fromText="Stage I breast cancer" toID="E72" toText="dehydration" type="OVERLAP" />
<TLINK id="TL309" fromID="E66" fromText="Stage I breast cancer" toID="E73" toText="influenza" type="OVERLAP" />
<TLINK id="TL310" fromID="E66" fromText="Stage I breast cancer" toID="T1" toText="2016-12-24" type="AFTER" />
<TLINK id="TL311" fromID="E67" fromText="hypertension" toID="E68" toText="hyperlipidemia ," type="OVERLAP" />
<TLINK id="TL312" fromID="E67" fromText="hypertension" toID="E69" toText="presents" type="OVERLAP" />
<TLINK id="TL313" fromID="E67" fromText="hypertension" toID="E70" toText="a leukocytosis/bandemia" type="OVERLAP" />
<TLINK id="TL314" fromID="E67" fromText="hypertension" toID="E71" toText="hypotension" type="OVERLAP" />
<TLINK id="TL315" fromID="E67" fromText="hypertension" toID="E72" toText="dehydration" type="OVERLAP" />
<TLINK id="TL316" fromID="E67" fromText="hypertension" toID="E73" toText="influenza" type="OVERLAP" />
<TLINK id="TL317" fromID="E67" fromText="hypertension" toID="E8" toText="hypertension" type="OVERLAP" />
<TLINK id="TL318" fromID="E67" fromText="hypertension" toID="T1" toText="2016-12-24" type="AFTER" />
<TLINK id="TL319" fromID="E68" fromText="hyperlipidemia ," toID="E69" toText="presents" type="OVERLAP" />
<TLINK id="TL320" fromID="E68" fromText="hyperlipidemia ," toID="E70" toText="a leukocytosis/bandemia" type="OVERLAP" />
<TLINK id="TL321" fromID="E68" fromText="hyperlipidemia ," toID="E71" toText="hypotension" type="OVERLAP" />
<TLINK id="TL322" fromID="E68" fromText="hyperlipidemia ," toID="E72" toText="dehydration" type="OVERLAP" />
<TLINK id="TL323" fromID="E68" fromText="hyperlipidemia ," toID="E73" toText="influenza" type="OVERLAP" />
<TLINK id="TL324" fromID="E68" fromText="hyperlipidemia ," toID="T1" toText="2016-12-24" type="AFTER" />
<TLINK id="TL325" fromID="E69" fromText="presents" toID="E11" toText="presents" type="OVERLAP" />
<TLINK id="TL326" fromID="E69" fromText="presents" toID="E70" toText="a leukocytosis/bandemia" type="OVERLAP" />
<TLINK id="TL327" fromID="E69" fromText="presents" toID="E71" toText="hypotension" type="OVERLAP" />
<TLINK id="TL328" fromID="E69" fromText="presents" toID="E72" toText="dehydration" type="OVERLAP" />
<TLINK id="TL329" fromID="E69" fromText="presents" toID="E73" toText="influenza" type="OVERLAP" />
<TLINK id="TL330" fromID="E69" fromText="presents" toID="T1" toText="2016-12-24" type="AFTER" />
<TLINK id="TL331" fromID="E7" fromText="Tamoxifen" toID="E10" toText="multiple urinary tract infections" type="OVERLAP" />
<TLINK id="TL332" fromID="E7" fromText="Tamoxifen" toID="E11" toText="presents" type="OVERLAP" />
<TLINK id="TL333" fromID="E7" fromText="Tamoxifen" toID="E12" toText="dry cough" type="OVERLAP" />
<TLINK id="TL334" fromID="E7" fromText="Tamoxifen" toID="E13" toText="rhinorrhea" type="OVERLAP" />
<TLINK id="TL335" fromID="E7" fromText="Tamoxifen" toID="E14" toText="coryza" type="OVERLAP" />
<TLINK id="TL336" fromID="E7" fromText="Tamoxifen" toID="E15" toText="malaise" type="OVERLAP" />
<TLINK id="TL337" fromID="E7" fromText="Tamoxifen" toID="E16" toText="chills" type="OVERLAP" />
<TLINK id="TL338" fromID="E7" fromText="Tamoxifen" toID="E17" toText="headache" type="OVERLAP" />
<TLINK id="TL339" fromID="E7" fromText="Tamoxifen" toID="E18" toText="decreased p.o. intake" type="OVERLAP" />
<TLINK id="TL340" fromID="E7" fromText="Tamoxifen" toID="E19" toText="loose bowel movements" type="OVERLAP" />
<TLINK id="TL341" fromID="E7" fromText="Tamoxifen" toID="E20" toText="diarrhea" type="OVERLAP" />
<TLINK id="TL342" fromID="E7" fromText="Tamoxifen" toID="E21" toText="blood" type="OVERLAP" />
<TLINK id="TL343" fromID="E7" fromText="Tamoxifen" toID="E22" toText="decreased urine output" type="OVERLAP" />
<TLINK id="TL344" fromID="E7" fromText="Tamoxifen" toID="E23" toText="sick contacts" type="OVERLAP" />
<TLINK id="TL345" fromID="E7" fromText="Tamoxifen" toID="E24" toText="flu shot" type="OVERLAP" />
<TLINK id="TL346" fromID="E7" fromText="Tamoxifen" toID="E5" toText="radiation therapy" type="OVERLAP" />
<TLINK id="TL347" fromID="E7" fromText="Tamoxifen" toID="E8" toText="hypertension" type="OVERLAP" />
<TLINK id="TL348" fromID="E7" fromText="Tamoxifen" toID="E9" toText="hyperlipidemia" type="OVERLAP" />
<TLINK id="TL349" fromID="E7" fromText="Tamoxifen" toID="T3" toText="2000" type="OVERLAP" />
<TLINK id="TL350" fromID="E70" fromText="a leukocytosis/bandemia" toID="E69" toText="presents" type="BEFORE" />
<TLINK id="TL351" fromID="E70" fromText="a leukocytosis/bandemia" toID="E71" toText="hypotension" type="OVERLAP" />
<TLINK id="TL352" fromID="E70" fromText="a leukocytosis/bandemia" toID="E72" toText="dehydration" type="OVERLAP" />
<TLINK id="TL353" fromID="E70" fromText="a leukocytosis/bandemia" toID="E73" toText="influenza" type="OVERLAP" />
<TLINK id="TL354" fromID="E70" fromText="a leukocytosis/bandemia" toID="T1" toText="2016-12-24" type="AFTER" />
<TLINK id="TL355" fromID="E71" fromText="hypotension" toID="E72" toText="dehydration" type="OVERLAP" />
<TLINK id="TL356" fromID="E71" fromText="hypotension" toID="E73" toText="influenza" type="OVERLAP" />
<TLINK id="TL357" fromID="E71" fromText="hypotension" toID="T1" toText="2016-12-24" type="AFTER" />
<TLINK id="TL358" fromID="E72" fromText="dehydration" toID="E73" toText="influenza" type="OVERLAP" />
<TLINK id="TL359" fromID="E72" fromText="dehydration" toID="T1" toText="2016-12-24" type="AFTER" />
<TLINK id="TL360" fromID="E73" fromText="influenza" toID="T1" toText="2016-12-24" type="AFTER" />
<TLINK id="TL361" fromID="E74" fromText="Medical Intensive Care Unit course" toID="E1" toText="transferred" type="OVERLAP" />
<TLINK id="TL362" fromID="E74" fromText="Medical Intensive Care Unit course" toID="E75" toText="hemodynamically stable" type="OVERLAP" />
<TLINK id="TL363" fromID="E74" fromText="Medical Intensive Care Unit course" toID="T1" toText="2016-12-24" type="AFTER" />
<TLINK id="TL364" fromID="E75" fromText="hemodynamically stable" toID="E1" toText="transferred" type="OVERLAP" />
<TLINK id="TL365" fromID="E75" fromText="hemodynamically stable" toID="T1" toText="2016-12-24" type="AFTER" />
<TLINK id="TL366" fromID="E8" fromText="hypertension" toID="E10" toText="multiple urinary tract infections" type="OVERLAP" />
<TLINK id="TL367" fromID="E8" fromText="hypertension" toID="E11" toText="presents" type="OVERLAP" />
<TLINK id="TL368" fromID="E8" fromText="hypertension" toID="E12" toText="dry cough" type="OVERLAP" />
<TLINK id="TL369" fromID="E8" fromText="hypertension" toID="E13" toText="rhinorrhea" type="OVERLAP" />
<TLINK id="TL370" fromID="E8" fromText="hypertension" toID="E14" toText="coryza" type="OVERLAP" />
<TLINK id="TL371" fromID="E8" fromText="hypertension" toID="E15" toText="malaise" type="OVERLAP" />
<TLINK id="TL372" fromID="E8" fromText="hypertension" toID="E16" toText="chills" type="OVERLAP" />
<TLINK id="TL373" fromID="E8" fromText="hypertension" toID="E17" toText="headache" type="OVERLAP" />
<TLINK id="TL374" fromID="E8" fromText="hypertension" toID="E18" toText="decreased p.o. intake" type="OVERLAP" />
<TLINK id="TL375" fromID="E8" fromText="hypertension" toID="E19" toText="loose bowel movements" type="OVERLAP" />
<TLINK id="TL376" fromID="E8" fromText="hypertension" toID="E20" toText="diarrhea" type="OVERLAP" />
<TLINK id="TL377" fromID="E8" fromText="hypertension" toID="E21" toText="blood" type="OVERLAP" />
<TLINK id="TL378" fromID="E8" fromText="hypertension" toID="E22" toText="decreased urine output" type="OVERLAP" />
<TLINK id="TL379" fromID="E8" fromText="hypertension" toID="E23" toText="sick contacts" type="OVERLAP" />
<TLINK id="TL380" fromID="E8" fromText="hypertension" toID="E24" toText="flu shot" type="OVERLAP" />
<TLINK id="TL381" fromID="E8" fromText="hypertension" toID="E67" toText="hypertension" type="OVERLAP" />
<TLINK id="TL382" fromID="E8" fromText="hypertension" toID="E9" toText="hyperlipidemia" type="OVERLAP" />
<TLINK id="TL383" fromID="E8" fromText="hypertension" toID="T3" toText="2000" type="OVERLAP" />
<TLINK id="TL384" fromID="E9" fromText="hyperlipidemia" toID="E10" toText="multiple urinary tract infections" type="OVERLAP" />
<TLINK id="TL385" fromID="E9" fromText="hyperlipidemia" toID="E11" toText="presents" type="OVERLAP" />
<TLINK id="TL386" fromID="E9" fromText="hyperlipidemia" toID="E12" toText="dry cough" type="OVERLAP" />
<TLINK id="TL387" fromID="E9" fromText="hyperlipidemia" toID="E13" toText="rhinorrhea" type="OVERLAP" />
<TLINK id="TL388" fromID="E9" fromText="hyperlipidemia" toID="E14" toText="coryza" type="OVERLAP" />
<TLINK id="TL389" fromID="E9" fromText="hyperlipidemia" toID="E15" toText="malaise" type="OVERLAP" />
<TLINK id="TL390" fromID="E9" fromText="hyperlipidemia" toID="E16" toText="chills" type="OVERLAP" />
<TLINK id="TL391" fromID="E9" fromText="hyperlipidemia" toID="E17" toText="headache" type="OVERLAP" />
<TLINK id="TL392" fromID="E9" fromText="hyperlipidemia" toID="E18" toText="decreased p.o. intake" type="OVERLAP" />
<TLINK id="TL393" fromID="E9" fromText="hyperlipidemia" toID="E19" toText="loose bowel movements" type="OVERLAP" />
<TLINK id="TL394" fromID="E9" fromText="hyperlipidemia" toID="E20" toText="diarrhea" type="OVERLAP" />
<TLINK id="TL395" fromID="E9" fromText="hyperlipidemia" toID="E21" toText="blood" type="OVERLAP" />
<TLINK id="TL396" fromID="E9" fromText="hyperlipidemia" toID="E22" toText="decreased urine output" type="OVERLAP" />
<TLINK id="TL397" fromID="E9" fromText="hyperlipidemia" toID="E23" toText="sick contacts" type="OVERLAP" />
<TLINK id="TL398" fromID="E9" fromText="hyperlipidemia" toID="E24" toText="flu shot" type="OVERLAP" />
<TLINK id="TL399" fromID="E9" fromText="hyperlipidemia" toID="T3" toText="2000" type="OVERLAP" />
<TLINK id="TL400" fromID="T0" fromText="2016-12-27" toID="T1" toText="2016-12-24" type="AFTER" />
<TLINK id="TL401" fromID="T0" fromText="2016-12-27" toID="T5" toText="the time" type="OVERLAP" />
<TLINK id="TL402" fromID="T0" fromText="2016-12-27" toID="T6" toText="the time" type="OVERLAP" />
<TLINK id="TL403" fromID="T2" fromText="this year" toID="E23" toText="sick contacts" type="OVERLAP" />
<TLINK id="TL404" fromID="T4" fromText="four day" toID="E11" toText="presents" type="OVERLAP" />
<TLINK id="TL405" fromID="T4" fromText="four day" toID="E5" toText="radiation therapy" type="AFTER" />
<TLINK id="TL406" fromID="T4" fromText="four day" toID="T3" toText="2000" type="AFTER" />
<TLINK id="TL407" fromID="T5" fromText="the time" toID="E60" toText="discharge" type="OVERLAP" />
<TLINK id="TL408" fromID="T5" fromText="the time" toID="T1" toText="2016-12-24" type="AFTER" />
<TLINK id="TL409" fromID="T5" fromText="the time" toID="T6" toText="the time" type="OVERLAP" />
<TLINK id="TL410" fromID="T6" fromText="the time" toID="E63" toText="discharge" type="OVERLAP" />
<TLINK id="TL411" fromID="T6" fromText="the time" toID="T1" toText="2016-12-24" type="AFTER" />
<TLINK id="TL412" fromID="T6" fromText="the time" toID="T5" toText="the time" type="OVERLAP" />
</TAGS>
</ClinicalNarrativeTemporalAnnotation>
