<?xml version="1.0" encoding="UTF-8" ?>
<ClinicalNarrativeTemporalAnnotation>
<TEXT><![CDATA[
Admission Date :
2018-08-04
Discharge Date :
2018-08-16
Service :
SURGERY
History of Present Illness :
This is a 32 year old male who was recently discharged from Mediplex Rehab Hospital and presents again to us with chief complaint of abdominal pain ( sudden onset left-sided abdominal pain ).
Of note , he had a recent kidney biopsy on 2018-07-30 and his Cr bumped from 4.7 to 5.7 .
Also , HCT on admission 21 from 25 .
Brief Hospital Course :
This patient was admitted on 08-04 after a recent discharge from the hospital for sudden onset of left sided abdominal pain .
In the emergency room , his ultrasound showed mild hydronephrosis with new perinephric fluid surrounding the transplant kidney and hence , underwent a CT scan of his abdomen / pelvis which showed a large left-sided of retroperitoneal hemorrhage extending down to the level of the renal transplant possibly related to recent transplant biopsy .
Renal transplant medicine and transplant surgery were made aware and the pt was admitted to transplant
CMED and to the ICU .
Serial hematocrits and abdominal exams were performed .
He was not taken to the OR .
On 08-06 , he received 2 units of pRBC and underwent plasmaphersis , followed by 10mg of IVIG .
He received another unit pRBC on 08-07 .
By 08-07 , it was thought there was improvement of his labs .
In the am of 8-08 , he was given 1 unit pRBC for a Hct of 21.8 .
His Hct was stable on 08-09 at 24.4 ; he had plasmapheresis on 08-09 ( followed by 10 mg IVIG ).
He was transfered to the floor on 08-09 .
On 08-10 , his am Hct was 21.9 , hence , he received 1 unit pRBC .
On 08-10 class I and II antibody levels were sent .
He had plasmapheresis on 08-11 , followed by 10 mg IVIG .
This was repeated on 08-13 .
Hct remained stable .
On 08-15 , he went for pheresis / IVIG .
No new issues .
LLQ pain has improved over the course of this hospitalization .
He is eating and ambulating w/o difficulties .
Pheresis to continue as an outpatient with supervision of transplant nephrology on 08-17 , 08-20 and 08-22 .
Prograf was increased to 12 mg bid on 08-16 for a trough level of 7.1 .
He was instructed to have labs drawn on 08-17 to check trough level of prograf as well as cbc , chem 10 , coags .
]]></TEXT>
<TAGS>
<EVENT id="E0" start="1" end="10" text="Admission" modality="FACTUAL" polarity="POS" type="OCCURRENCE" />
<EVENT id="E57" start="1020" end="1024" text="CMED" modality="FACTUAL" polarity="POS" type="CLINICAL_DEPT" />
<EVENT id="E58" start="1032" end="1039" text="the ICU" modality="FACTUAL" polarity="POS" type="CLINICAL_DEPT" />
<EVENT id="E8" start="1042" end="1060" text="Serial hematocrits" modality="FACTUAL" polarity="POS" type="TEST" />
<EVENT id="E9" start="1065" end="1080" text="abdominal exams" modality="FACTUAL" polarity="POS" type="TEST" />
<EVENT id="E59" start="1086" end="1095" text="performed" modality="FACTUAL" polarity="POS" type="OCCURRENCE" />
<EVENT id="E61" start="1109" end="1114" text="taken" modality="FACTUAL" polarity="NEG" type="OCCURRENCE" />
<EVENT id="E60" start="1118" end="1124" text="the OR" modality="FACTUAL" polarity="POS" type="CLINICAL_DEPT" />
<EVENT id="E10" start="1161" end="1165" text="pRBC" modality="FACTUAL" polarity="POS" type="TREATMENT" />
<EVENT id="E11" start="1180" end="1193" text="plasmaphersis" modality="FACTUAL" polarity="POS" type="TREATMENT" />
<EVENT id="E12" start="1216" end="1220" text="IVIG" modality="FACTUAL" polarity="POS" type="TREATMENT" />
<EVENT id="E13" start="1235" end="1252" text="another unit pRBC" modality="FACTUAL" polarity="POS" type="TREATMENT" />
<EVENT id="E62" start="1300" end="1311" text="improvement" modality="POSSIBLE" polarity="POS" type="OCCURRENCE" />
<EVENT id="E14" start="1315" end="1323" text="his labs" modality="FACTUAL" polarity="POS" type="TEST" />
<EVENT id="E15" start="1359" end="1370" text="1 unit pRBC" modality="FACTUAL" polarity="POS" type="TREATMENT" />
<EVENT id="E16" start="1375" end="1380" text="a Hct" modality="FACTUAL" polarity="POS" type="TEST" />
<EVENT id="E43" start="139" end="158" text="recently discharged" modality="FACTUAL" polarity="POS" type="OCCURRENCE" />
<EVENT id="E17" start="1391" end="1398" text="His Hct" modality="FACTUAL" polarity="POS" type="TEST" />
<EVENT id="E18" start="1436" end="1450" text="plasmapheresis" modality="FACTUAL" polarity="POS" type="TREATMENT" />
<EVENT id="E19" start="1480" end="1484" text="IVIG" modality="FACTUAL" polarity="POS" type="TREATMENT" />
<EVENT id="E37" start="1495" end="1505" text="transfered" modality="FACTUAL" polarity="POS" type="OCCURRENCE" />
<EVENT id="E41" start="1509" end="1518" text="the floor" modality="FACTUAL" polarity="POS" type="CLINICAL_DEPT" />
<EVENT id="E20" start="1541" end="1551" text="his am Hct" modality="FACTUAL" polarity="POS" type="TEST" />
<EVENT id="E21" start="1583" end="1594" text="1 unit pRBC" modality="FACTUAL" polarity="POS" type="TREATMENT" />
<EVENT id="E22" start="1606" end="1636" text="class I and II antibody levels" modality="FACTUAL" polarity="POS" type="TEST" />
<EVENT id="E30" start="164" end="187" text="Mediplex Rehab Hospital" modality="FACTUAL" polarity="POS" type="CLINICAL_DEPT" />
<EVENT id="E63" start="1656" end="1670" text="plasmapheresis" modality="FACTUAL" polarity="POS" type="TREATMENT" />
<EVENT id="E23" start="1694" end="1704" text="10 mg IVIG" modality="FACTUAL" polarity="POS" type="TREATMENT" />
<EVENT id="E64" start="1716" end="1724" text="repeated" modality="FACTUAL" polarity="POS" type="OCCURRENCE" />
<EVENT id="E24" start="1736" end="1739" text="Hct" modality="FACTUAL" polarity="POS" type="TEST" />
<EVENT id="E65" start="1749" end="1755" text="stable" modality="FACTUAL" polarity="POS" type="EVIDENTIAL" />
<EVENT id="E25" start="1781" end="1789" text="pheresis" modality="FACTUAL" polarity="POS" type="TREATMENT" />
<EVENT id="E26" start="1792" end="1796" text="IVIG" modality="FACTUAL" polarity="POS" type="TREATMENT" />
<EVENT id="E27" start="1802" end="1812" text="new issues" modality="FACTUAL" polarity="NEG" type="PROBLEM" />
<EVENT id="E28" start="1815" end="1823" text="LLQ pain" modality="FACTUAL" polarity="POS" type="PROBLEM" />
<EVENT id="E66" start="1828" end="1836" text="improved" modality="FACTUAL" polarity="POS" type="OCCURRENCE" />
<EVENT id="E67" start="1856" end="1876" text="this hospitalization" modality="FACTUAL" polarity="POS" type="OCCURRENCE" />
<EVENT id="E39" start="1885" end="1891" text="eating" modality="FACTUAL" polarity="POS" type="OCCURRENCE" />
<EVENT id="E38" start="1896" end="1906" text="ambulating" modality="FACTUAL" polarity="POS" type="OCCURRENCE" />
<EVENT id="E68" start="1911" end="1923" text="difficulties" modality="FACTUAL" polarity="NEG" type="PROBLEM" />
<EVENT id="E44" start="192" end="200" text="presents" modality="FACTUAL" polarity="POS" type="OCCURRENCE" />
<EVENT id="E69" start="1926" end="1934" text="Pheresis" modality="PROPOSED" polarity="POS" type="TREATMENT" />
<EVENT id="E70" start="1938" end="1946" text="continue" modality="FACTUAL" polarity="POS" type="OCCURRENCE" />
<EVENT id="E71" start="1984" end="2005" text="transplant nephrology" modality="FACTUAL" polarity="POS" type="CLINICAL_DEPT" />
<EVENT id="E72" start="2035" end="2042" text="Prograf" modality="FACTUAL" polarity="POS" type="TREATMENT" />
<EVENT id="E40" start="2047" end="2056" text="increased" modality="FACTUAL" polarity="POS" type="OCCURRENCE" />
<EVENT id="E29" start="2083" end="2097" text="a trough level" modality="FACTUAL" polarity="POS" type="TEST" />
<EVENT id="E73" start="2133" end="2137" text="labs" modality="PROPOSED" polarity="POS" type="TEST" />
<EVENT id="E74" start="2162" end="2185" text="trough level of prograf" modality="PROPOSED" polarity="POS" type="TEST" />
<EVENT id="E75" start="2197" end="2200" text="cbc" modality="PROPOSED" polarity="POS" type="TEST" />
<EVENT id="E76" start="2203" end="2210" text="chem 10" modality="PROPOSED" polarity="POS" type="TEST" />
<EVENT id="E77" start="2213" end="2218" text="coags" modality="PROPOSED" polarity="POS" type="TEST" />
<EVENT id="E45" start="237" end="251" text="abdominal pain" modality="FACTUAL" polarity="POS" type="PROBLEM" />
<EVENT id="E46" start="254" end="292" text="sudden onset left-sided abdominal pain" modality="FACTUAL" polarity="POS" type="PROBLEM" />
<EVENT id="E42" start="29" end="38" text="Discharge" modality="FACTUAL" polarity="POS" type="OCCURRENCE" />
<EVENT id="E1" start="313" end="335" text="a recent kidney biopsy" modality="FACTUAL" polarity="POS" type="TEST" />
<EVENT id="E2" start="354" end="360" text="his Cr" modality="FACTUAL" polarity="POS" type="TEST" />
<EVENT id="E47" start="393" end="396" text="HCT" modality="FACTUAL" polarity="POS" type="TEST" />
<EVENT id="E48" start="400" end="409" text="admission" modality="FACTUAL" polarity="POS" type="OCCURRENCE" />
<EVENT id="E31" start="464" end="472" text="admitted" modality="FACTUAL" polarity="POS" type="OCCURRENCE" />
<EVENT id="E49" start="488" end="506" text="a recent discharge" modality="FACTUAL" polarity="POS" type="OCCURRENCE" />
<EVENT id="E32" start="512" end="524" text="the hospital" modality="FACTUAL" polarity="POS" type="CLINICAL_DEPT" />
<EVENT id="E50" start="545" end="570" text="left sided abdominal pain" modality="FACTUAL" polarity="POS" type="PROBLEM" />
<EVENT id="E33" start="576" end="594" text="the emergency room" modality="FACTUAL" polarity="POS" type="CLINICAL_DEPT" />
<EVENT id="E3" start="597" end="611" text="his ultrasound" modality="FACTUAL" polarity="POS" type="TEST" />
<EVENT id="E34" start="612" end="618" text="showed" modality="FACTUAL" polarity="POS" type="EVIDENTIAL" />
<EVENT id="E4" start="619" end="638" text="mild hydronephrosis" modality="FACTUAL" polarity="POS" type="PROBLEM" />
<EVENT id="E51" start="644" end="665" text="new perinephric fluid" modality="FACTUAL" polarity="POS" type="PROBLEM" />
<EVENT id="E5" start="722" end="755" text="a CT scan of his abdomen / pelvis" modality="FACTUAL" polarity="POS" type="TEST" />
<EVENT id="E35" start="762" end="768" text="showed" modality="FACTUAL" polarity="POS" type="EVIDENTIAL" />
<EVENT id="E6" start="791" end="817" text="retroperitoneal hemorrhage" modality="FACTUAL" polarity="POS" type="PROBLEM" />
<EVENT id="E7" start="849" end="869" text="the renal transplant" modality="FACTUAL" polarity="POS" type="TREATMENT" />
<EVENT id="E53" start="879" end="886" text="related" modality="POSSIBLE" polarity="POS" type="OCCURRENCE" />
<EVENT id="E52" start="890" end="914" text="recent transplant biopsy" modality="POSSIBLE" polarity="POS" type="TEST" />
<EVENT id="E54" start="917" end="942" text="Renal transplant medicine" modality="FACTUAL" polarity="POS" type="CLINICAL_DEPT" />
<EVENT id="E55" start="947" end="965" text="transplant surgery" modality="FACTUAL" polarity="POS" type="CLINICAL_DEPT" />
<EVENT id="E56" start="976" end="981" text="aware" modality="FACTUAL" polarity="POS" type="OCCURRENCE" />
<EVENT id="E36" start="997" end="1005" text="admitted" modality="FACTUAL" polarity="POS" type="OCCURRENCE" />
<TIMEX3 id="T2" start="1130" end="1135" text="08-06" type="DATE" val="2018-08-06" mod="NA" />
<TIMEX3 id="T12" start="1256" end="1261" text="08-07" type="DATE" val="2018-08-07" mod="NA" />
<TIMEX3 id="T13" start="1267" end="1272" text="08-07" type="DATE" val="2018-08-07" mod="NA" />
<TIMEX3 id="T14" start="1329" end="1343" text="the am of 8-08" type="DATE" val="2018-08-08" mod="START" />
<TIMEX3 id="T3" start="1413" end="1418" text="08-09" type="DATE" val="2018-08-09" mod="NA" />
<TIMEX3 id="T4" start="1454" end="1459" text="08-09" type="DATE" val="2018-08-09" mod="NA" />
<TIMEX3 id="T5" start="1522" end="1527" text="08-09" type="DATE" val="2018-08-09" mod="NA" />
<TIMEX3 id="T6" start="1533" end="1538" text="08-10" type="DATE" val="2018-08-10" mod="NA" />
<TIMEX3 id="T7" start="1600" end="1605" text="08-10" type="DATE" val="2018-08-10" mod="NA" />
<TIMEX3 id="T15" start="1674" end="1679" text="08-11" type="DATE" val="2018-08-11" mod="NA" />
<TIMEX3 id="T16" start="1728" end="1733" text="08-13" type="DATE" val="2018-08-13" mod="NA" />
<TIMEX3 id="T8" start="1761" end="1766" text="08-15" type="DATE" val="2018-08-15" mod="NA" />
<TIMEX3 id="T0" start="18" end="28" text="2018-08-04" type="DATE" val="2018-08-04" mod="NA" />
<TIMEX3 id="T9" start="2009" end="2014" text="08-17" type="DATE" val="2018-08-17" mod="NA" />
<TIMEX3 id="T17" start="2017" end="2022" text="08-20" type="DATE" val="2018-08-20" mod="NA" />
<TIMEX3 id="T18" start="2027" end="2032" text="08-22" type="DATE" val="2018-08-22" mod="NA" />
<TIMEX3 id="T19" start="2073" end="2078" text="08-16" type="DATE" val="2018-08-16" mod="NA" />
<TIMEX3 id="T20" start="2147" end="2152" text="08-17" type="DATE" val="2018-08-17" mod="NA" />
<TIMEX3 id="T1" start="339" end="349" text="2018-07-30" type="DATE" val="2018-07-30" mod="NA" />
<TIMEX3 id="T10" start="46" end="56" text="2018-08-16" type="DATE" val="2018-08-16" mod="NA" />
<TIMEX3 id="T11" start="476" end="481" text="08-04" type="DATE" val="2018-08-04" mod="NA" />
<SECTIME id="S0" start="18" end="28" text="2018-08-04" type="ADMISSION" dvalue="2018-08-04" />
<SECTIME id="S1" start="46" end="56" text="2018-08-16" type="DISCHARGE" dvalue="2018-08-16" />
<TLINK id="SECTIME0" fromID="E1" fromText="a recent kidney biopsy" toID="T10" toText="2018-08-04" type="BEFORE" />
<TLINK id="SECTIME1" fromID="E10" fromText="pRBC" toID="T10" toText="2018-08-04" type="BEFORE" />
<TLINK id="SECTIME2" fromID="E11" fromText="plasmaphersis" toID="T10" toText="2018-08-04" type="BEFORE" />
<TLINK id="SECTIME3" fromID="E12" fromText="IVIG" toID="T10" toText="2018-08-04" type="BEFORE" />
<TLINK id="SECTIME4" fromID="E13" fromText="another unit pRBC" toID="T10" toText="2018-08-04" type="BEFORE" />
<TLINK id="SECTIME5" fromID="E14" fromText="his labs" toID="T10" toText="2018-08-04" type="BEFORE" />
<TLINK id="SECTIME6" fromID="E15" fromText="1 unit pRBC" toID="T10" toText="2018-08-04" type="BEFORE" />
<TLINK id="SECTIME7" fromID="E16" fromText="a Hct" toID="T10" toText="2018-08-04" type="BEFORE" />
<TLINK id="SECTIME8" fromID="E17" fromText="His Hct" toID="T10" toText="2018-08-04" type="BEFORE" />
<TLINK id="SECTIME9" fromID="E18" fromText="plasmapheresis" toID="T10" toText="2018-08-04" type="BEFORE" />
<TLINK id="SECTIME10" fromID="E19" fromText="IVIG" toID="T10" toText="2018-08-04" type="BEFORE" />
<TLINK id="SECTIME11" fromID="E2" fromText="his Cr" toID="T10" toText="2018-08-04" type="BEFORE" />
<TLINK id="SECTIME12" fromID="E20" fromText="his am Hct" toID="T10" toText="2018-08-04" type="BEFORE" />
<TLINK id="SECTIME13" fromID="E21" fromText="1 unit pRBC" toID="T10" toText="2018-08-04" type="BEFORE" />
<TLINK id="SECTIME14" fromID="E22" fromText="class I and II antibody levels" toID="T10" toText="2018-08-04" type="BEFORE" />
<TLINK id="SECTIME15" fromID="E23" fromText="10 mg IVIG" toID="T10" toText="2018-08-04" type="BEFORE" />
<TLINK id="SECTIME16" fromID="E24" fromText="Hct" toID="T10" toText="2018-08-04" type="BEFORE" />
<TLINK id="SECTIME17" fromID="E25" fromText="pheresis" toID="T10" toText="2018-08-04" type="BEFORE" />
<TLINK id="SECTIME18" fromID="E26" fromText="IVIG" toID="T10" toText="2018-08-04" type="BEFORE" />
<TLINK id="SECTIME19" fromID="E27" fromText="new issues" toID="T10" toText="2018-08-04" type="BEFORE" />
<TLINK id="SECTIME20" fromID="E28" fromText="LLQ pain" toID="T10" toText="2018-08-04" type="BEFORE" />
<TLINK id="SECTIME21" fromID="E29" fromText="a trough level" toID="T10" toText="2018-08-04" type="BEFORE" />
<TLINK id="SECTIME22" fromID="E3" fromText="his ultrasound" toID="T10" toText="2018-08-04" type="BEFORE" />
<TLINK id="SECTIME23" fromID="E30" fromText="Mediplex Rehab Hospital" toID="T10" toText="2018-08-04" type="BEFORE" />
<TLINK id="SECTIME24" fromID="E31" fromText="admitted" toID="T10" toText="2018-08-04" type="BEFORE" />
<TLINK id="SECTIME25" fromID="E32" fromText="the hospital" toID="T10" toText="2018-08-04" type="BEFORE" />
<TLINK id="SECTIME26" fromID="E33" fromText="the emergency room" toID="T10" toText="2018-08-04" type="BEFORE" />
<TLINK id="SECTIME27" fromID="E34" fromText="showed" toID="T10" toText="2018-08-04" type="BEFORE" />
<TLINK id="SECTIME28" fromID="E36" fromText="admitted" toID="T10" toText="2018-08-04" type="BEFORE" />
<TLINK id="SECTIME29" fromID="E37" fromText="transfered" toID="T10" toText="2018-08-04" type="BEFORE" />
<TLINK id="SECTIME30" fromID="E38" fromText="ambulating" toID="T10" toText="2018-08-04" type="BEFORE" />
<TLINK id="SECTIME31" fromID="E39" fromText="eating" toID="T10" toText="2018-08-04" type="BEFORE" />
<TLINK id="SECTIME32" fromID="E4" fromText="mild hydronephrosis" toID="T10" toText="2018-08-04" type="BEFORE" />
<TLINK id="SECTIME33" fromID="E40" fromText="increased" toID="T10" toText="2018-08-04" type="BEFORE" />
<TLINK id="SECTIME34" fromID="E41" fromText="the floor" toID="T10" toText="2018-08-04" type="BEFORE" />
<TLINK id="SECTIME35" fromID="E43" fromText="recently discharged" toID="T10" toText="2018-08-04" type="BEFORE" />
<TLINK id="SECTIME36" fromID="E44" fromText="presents" toID="T10" toText="2018-08-04" type="BEFORE" />
<TLINK id="SECTIME37" fromID="E45" fromText="abdominal pain" toID="T10" toText="2018-08-04" type="BEFORE" />
<TLINK id="SECTIME38" fromID="E46" fromText="sudden onset left-sided abdominal pain" toID="T10" toText="2018-08-04" type="BEFORE" />
<TLINK id="SECTIME39" fromID="E47" fromText="HCT" toID="T10" toText="2018-08-04" type="BEFORE" />
<TLINK id="SECTIME40" fromID="E48" fromText="admission" toID="T10" toText="2018-08-04" type="BEFORE" />
<TLINK id="SECTIME41" fromID="E49" fromText="a recent discharge" toID="T10" toText="2018-08-04" type="BEFORE" />
<TLINK id="SECTIME42" fromID="E5" fromText="a CT scan of his abdomen / pelvis" toID="T10" toText="2018-08-04" type="BEFORE" />
<TLINK id="SECTIME43" fromID="E50" fromText="left sided abdominal pain" toID="T10" toText="2018-08-04" type="BEFORE" />
<TLINK id="SECTIME44" fromID="E51" fromText="new perinephric fluid" toID="T10" toText="2018-08-04" type="BEFORE" />
<TLINK id="SECTIME45" fromID="E52" fromText="recent transplant biopsy" toID="T10" toText="2018-08-04" type="BEFORE" />
<TLINK id="SECTIME46" fromID="E53" fromText="related" toID="T10" toText="2018-08-04" type="BEFORE" />
<TLINK id="SECTIME47" fromID="E54" fromText="Renal transplant medicine" toID="T10" toText="2018-08-04" type="BEFORE" />
<TLINK id="SECTIME48" fromID="E55" fromText="transplant surgery" toID="T10" toText="2018-08-04" type="BEFORE" />
<TLINK id="SECTIME49" fromID="E56" fromText="aware" toID="T10" toText="2018-08-04" type="BEFORE" />
<TLINK id="SECTIME50" fromID="E57" fromText="CMED" toID="T10" toText="2018-08-04" type="BEFORE" />
<TLINK id="SECTIME51" fromID="E58" fromText="the ICU" toID="T10" toText="2018-08-04" type="BEFORE" />
<TLINK id="SECTIME52" fromID="E59" fromText="performed" toID="T10" toText="2018-08-04" type="BEFORE" />
<TLINK id="SECTIME53" fromID="E6" fromText="retroperitoneal hemorrhage" toID="T10" toText="2018-08-04" type="BEFORE" />
<TLINK id="SECTIME54" fromID="E60" fromText="the OR" toID="T10" toText="2018-08-04" type="BEFORE" />
<TLINK id="SECTIME55" fromID="E61" fromText="taken" toID="T10" toText="2018-08-04" type="BEFORE" />
<TLINK id="SECTIME56" fromID="E62" fromText="improvement" toID="T10" toText="2018-08-04" type="BEFORE" />
<TLINK id="SECTIME57" fromID="E63" fromText="plasmapheresis" toID="T10" toText="2018-08-04" type="BEFORE" />
<TLINK id="SECTIME58" fromID="E64" fromText="repeated" toID="T10" toText="2018-08-04" type="BEFORE" />
<TLINK id="SECTIME59" fromID="E65" fromText="stable" toID="T10" toText="2018-08-04" type="BEFORE" />
<TLINK id="SECTIME60" fromID="E66" fromText="improved" toID="T10" toText="2018-08-04" type="BEFORE" />
<TLINK id="SECTIME61" fromID="E67" fromText="this hospitalization" toID="T10" toText="2018-08-04" type="BEFORE" />
<TLINK id="SECTIME62" fromID="E68" fromText="difficulties" toID="T10" toText="2018-08-04" type="BEFORE" />
<TLINK id="SECTIME63" fromID="E69" fromText="Pheresis" toID="T10" toText="2018-08-04" type="BEFORE" />
<TLINK id="SECTIME64" fromID="E7" fromText="the renal transplant" toID="T10" toText="2018-08-04" type="BEFORE" />
<TLINK id="SECTIME65" fromID="E70" fromText="continue" toID="T10" toText="2018-08-04" type="BEFORE" />
<TLINK id="SECTIME66" fromID="E71" fromText="transplant nephrology" toID="T10" toText="2018-08-04" type="BEFORE" />
<TLINK id="SECTIME67" fromID="E72" fromText="Prograf" toID="T10" toText="2018-08-04" type="BEFORE" />
<TLINK id="SECTIME68" fromID="E73" fromText="labs" toID="T10" toText="2018-08-04" type="BEFORE" />
<TLINK id="SECTIME69" fromID="E74" fromText="trough level of prograf" toID="T10" toText="2018-08-04" type="BEFORE" />
<TLINK id="SECTIME70" fromID="E75" fromText="cbc" toID="T10" toText="2018-08-04" type="BEFORE" />
<TLINK id="SECTIME71" fromID="E76" fromText="chem 10" toID="T10" toText="2018-08-04" type="BEFORE" />
<TLINK id="SECTIME72" fromID="E77" fromText="coags" toID="T10" toText="2018-08-04" type="BEFORE" />
<TLINK id="SECTIME73" fromID="E8" fromText="Serial hematocrits" toID="T10" toText="2018-08-04" type="BEFORE" />
<TLINK id="SECTIME74" fromID="E9" fromText="abdominal exams" toID="T10" toText="2018-08-04" type="BEFORE" />
<TLINK id="TL0" fromID="E1" fromText="a recent kidney biopsy" toID="E2" toText="his Cr" type="OVERLAP" />
<TLINK id="TL1" fromID="E1" fromText="a recent kidney biopsy" toID="T1" toText="2018-07-30" type="OVERLAP" />
<TLINK id="TL2" fromID="E10" fromText="pRBC" toID="E11" toText="plasmaphersis" type="OVERLAP" />
<TLINK id="TL3" fromID="E10" fromText="pRBC" toID="E12" toText="IVIG" type="OVERLAP" />
<TLINK id="TL4" fromID="E10" fromText="pRBC" toID="T2" toText="08-06" type="OVERLAP" />
<TLINK id="TL5" fromID="E11" fromText="plasmaphersis" toID="E12" toText="IVIG" type="OVERLAP" />
<TLINK id="TL6" fromID="E11" fromText="plasmaphersis" toID="T2" toText="08-06" type="OVERLAP" />
<TLINK id="TL7" fromID="E12" fromText="IVIG" toID="E19" toText="IVIG" type="OVERLAP" />
<TLINK id="TL8" fromID="E12" fromText="IVIG" toID="E26" toText="IVIG" type="OVERLAP" />
<TLINK id="TL9" fromID="E12" fromText="IVIG" toID="T2" toText="08-06" type="OVERLAP" />
<TLINK id="TL10" fromID="E13" fromText="another unit pRBC" toID="T12" toText="08-07" type="OVERLAP" />
<TLINK id="TL11" fromID="E14" fromText="his labs" toID="E62" toText="improvement" type="OVERLAP" />
<TLINK id="TL12" fromID="E14" fromText="his labs" toID="T13" toText="08-07" type="OVERLAP" />
<TLINK id="TL13" fromID="E15" fromText="1 unit pRBC" toID="E16" toText="a Hct" type="OVERLAP" />
<TLINK id="TL14" fromID="E15" fromText="1 unit pRBC" toID="E21" toText="1 unit pRBC" type="OVERLAP" />
<TLINK id="TL15" fromID="E15" fromText="1 unit pRBC" toID="T14" toText="the am of 8-08" type="OVERLAP" />
<TLINK id="TL16" fromID="E16" fromText="a Hct" toID="E15" toText="1 unit pRBC" type="OVERLAP" />
<TLINK id="TL17" fromID="E16" fromText="a Hct" toID="T14" toText="the am of 8-08" type="OVERLAP" />
<TLINK id="TL18" fromID="E17" fromText="His Hct" toID="E18" toText="plasmapheresis" type="OVERLAP" />
<TLINK id="TL19" fromID="E17" fromText="His Hct" toID="E19" toText="IVIG" type="OVERLAP" />
<TLINK id="TL20" fromID="E17" fromText="His Hct" toID="T3" toText="08-09" type="OVERLAP" />
<TLINK id="TL21" fromID="E18" fromText="plasmapheresis" toID="E19" toText="IVIG" type="OVERLAP" />
<TLINK id="TL22" fromID="E18" fromText="plasmapheresis" toID="E63" toText="plasmapheresis" type="OVERLAP" />
<TLINK id="TL23" fromID="E18" fromText="plasmapheresis" toID="T3" toText="08-09" type="OVERLAP" />
<TLINK id="TL24" fromID="E19" fromText="IVIG" toID="E12" toText="IVIG" type="OVERLAP" />
<TLINK id="TL25" fromID="E19" fromText="IVIG" toID="E26" toText="IVIG" type="OVERLAP" />
<TLINK id="TL26" fromID="E19" fromText="IVIG" toID="T3" toText="08-09" type="OVERLAP" />
<TLINK id="TL27" fromID="E2" fromText="his Cr" toID="T1" toText="2018-07-30" type="OVERLAP" />
<TLINK id="TL28" fromID="E20" fromText="his am Hct" toID="E21" toText="1 unit pRBC" type="OVERLAP" />
<TLINK id="TL29" fromID="E20" fromText="his am Hct" toID="T6" toText="08-10" type="OVERLAP" />
<TLINK id="TL30" fromID="E21" fromText="1 unit pRBC" toID="E15" toText="1 unit pRBC" type="OVERLAP" />
<TLINK id="TL31" fromID="E21" fromText="1 unit pRBC" toID="E20" toText="his am Hct" type="AFTER" />
<TLINK id="TL32" fromID="E21" fromText="1 unit pRBC" toID="T6" toText="08-10" type="OVERLAP" />
<TLINK id="TL33" fromID="E22" fromText="class I and II antibody levels" toID="T7" toText="08-10" type="OVERLAP" />
<TLINK id="TL34" fromID="E23" fromText="10 mg IVIG" toID="T15" toText="08-11" type="OVERLAP" />
<TLINK id="TL35" fromID="E24" fromText="Hct" toID="E65" toText="stable" type="OVERLAP" />
<TLINK id="TL36" fromID="E25" fromText="pheresis" toID="E26" toText="IVIG" type="OVERLAP" />
<TLINK id="TL37" fromID="E25" fromText="pheresis" toID="T8" toText="08-15" type="OVERLAP" />
<TLINK id="TL38" fromID="E26" fromText="IVIG" toID="E12" toText="IVIG" type="OVERLAP" />
<TLINK id="TL39" fromID="E26" fromText="IVIG" toID="E19" toText="IVIG" type="OVERLAP" />
<TLINK id="TL40" fromID="E26" fromText="IVIG" toID="E25" toText="pheresis" type="OVERLAP" />
<TLINK id="TL41" fromID="E26" fromText="IVIG" toID="T8" toText="08-15" type="OVERLAP" />
<TLINK id="TL42" fromID="E28" fromText="LLQ pain" toID="E66" toText="improved" type="OVERLAP" />
<TLINK id="TL43" fromID="E28" fromText="LLQ pain" toID="E67" toText="this hospitalization" type="OVERLAP" />
<TLINK id="TL44" fromID="E29" fromText="a trough level" toID="T19" toText="08-16" type="OVERLAP" />
<TLINK id="TL45" fromID="E3" fromText="his ultrasound" toID="E33" toText="the emergency room" type="OVERLAP" />
<TLINK id="TL46" fromID="E3" fromText="his ultrasound" toID="E34" toText="showed" type="OVERLAP" />
<TLINK id="TL47" fromID="E3" fromText="his ultrasound" toID="E4" toText="mild hydronephrosis" type="OVERLAP" />
<TLINK id="TL48" fromID="E3" fromText="his ultrasound" toID="E5" toText="a CT scan of his abdomen / pelvis" type="OVERLAP" />
<TLINK id="TL49" fromID="E3" fromText="his ultrasound" toID="E51" toText="new perinephric fluid" type="OVERLAP" />
<TLINK id="TL50" fromID="E3" fromText="his ultrasound" toID="E52" toText="recent transplant biopsy" type="OVERLAP" />
<TLINK id="TL51" fromID="E3" fromText="his ultrasound" toID="E53" toText="related" type="OVERLAP" />
<TLINK id="TL52" fromID="E3" fromText="his ultrasound" toID="E6" toText="retroperitoneal hemorrhage" type="OVERLAP" />
<TLINK id="TL53" fromID="E3" fromText="his ultrasound" toID="E7" toText="the renal transplant" type="OVERLAP" />
<TLINK id="TL54" fromID="E30" fromText="Mediplex Rehab Hospital" toID="E43" toText="recently discharged" type="AFTER" />
<TLINK id="TL55" fromID="E30" fromText="Mediplex Rehab Hospital" toID="E44" toText="presents" type="OVERLAP" />
<TLINK id="TL56" fromID="E30" fromText="Mediplex Rehab Hospital" toID="E45" toText="abdominal pain" type="OVERLAP" />
<TLINK id="TL57" fromID="E30" fromText="Mediplex Rehab Hospital" toID="E46" toText="sudden onset left-sided abdominal pain" type="OVERLAP" />
<TLINK id="TL58" fromID="E31" fromText="admitted" toID="E32" toText="the hospital" type="OVERLAP" />
<TLINK id="TL59" fromID="E31" fromText="admitted" toID="E36" toText="admitted" type="OVERLAP" />
<TLINK id="TL60" fromID="E31" fromText="admitted" toID="E49" toText="a recent discharge" type="OVERLAP" />
<TLINK id="TL61" fromID="E31" fromText="admitted" toID="E50" toText="left sided abdominal pain" type="OVERLAP" />
<TLINK id="TL62" fromID="E31" fromText="admitted" toID="T11" toText="08-04" type="OVERLAP" />
<TLINK id="TL63" fromID="E32" fromText="the hospital" toID="E49" toText="a recent discharge" type="AFTER" />
<TLINK id="TL64" fromID="E32" fromText="the hospital" toID="E50" toText="left sided abdominal pain" type="OVERLAP" />
<TLINK id="TL65" fromID="E32" fromText="the hospital" toID="T11" toText="08-04" type="OVERLAP" />
<TLINK id="TL66" fromID="E33" fromText="the emergency room" toID="E3" toText="his ultrasound" type="OVERLAP" />
<TLINK id="TL67" fromID="E33" fromText="the emergency room" toID="E34" toText="showed" type="OVERLAP" />
<TLINK id="TL68" fromID="E33" fromText="the emergency room" toID="E4" toText="mild hydronephrosis" type="OVERLAP" />
<TLINK id="TL69" fromID="E33" fromText="the emergency room" toID="E5" toText="a CT scan of his abdomen / pelvis" type="OVERLAP" />
<TLINK id="TL70" fromID="E33" fromText="the emergency room" toID="E51" toText="new perinephric fluid" type="OVERLAP" />
<TLINK id="TL71" fromID="E33" fromText="the emergency room" toID="E52" toText="recent transplant biopsy" type="OVERLAP" />
<TLINK id="TL72" fromID="E33" fromText="the emergency room" toID="E53" toText="related" type="OVERLAP" />
<TLINK id="TL73" fromID="E33" fromText="the emergency room" toID="E6" toText="retroperitoneal hemorrhage" type="OVERLAP" />
<TLINK id="TL74" fromID="E33" fromText="the emergency room" toID="E7" toText="the renal transplant" type="OVERLAP" />
<TLINK id="TL75" fromID="E34" fromText="showed" toID="E4" toText="mild hydronephrosis" type="OVERLAP" />
<TLINK id="TL76" fromID="E34" fromText="showed" toID="E5" toText="a CT scan of his abdomen / pelvis" type="OVERLAP" />
<TLINK id="TL77" fromID="E34" fromText="showed" toID="E51" toText="new perinephric fluid" type="OVERLAP" />
<TLINK id="TL78" fromID="E34" fromText="showed" toID="E52" toText="recent transplant biopsy" type="OVERLAP" />
<TLINK id="TL79" fromID="E34" fromText="showed" toID="E53" toText="related" type="OVERLAP" />
<TLINK id="TL80" fromID="E34" fromText="showed" toID="E6" toText="retroperitoneal hemorrhage" type="OVERLAP" />
<TLINK id="TL81" fromID="E34" fromText="showed" toID="E7" toText="the renal transplant" type="OVERLAP" />
<TLINK id="TL82" fromID="E36" fromText="admitted" toID="E31" toText="admitted" type="OVERLAP" />
<TLINK id="TL83" fromID="E36" fromText="admitted" toID="E56" toText="aware" type="AFTER" />
<TLINK id="TL84" fromID="E37" fromText="transfered" toID="E41" toText="the floor" type="OVERLAP" />
<TLINK id="TL85" fromID="E37" fromText="transfered" toID="T5" toText="08-09" type="OVERLAP" />
<TLINK id="TL86" fromID="E38" fromText="ambulating" toID="E39" toText="eating" type="AFTER" />
<TLINK id="TL87" fromID="E38" fromText="ambulating" toID="E68" toText="difficulties" type="OVERLAP" />
<TLINK id="TL88" fromID="E39" fromText="eating" toID="E38" toText="ambulating" type="OVERLAP" />
<TLINK id="TL89" fromID="E39" fromText="eating" toID="E68" toText="difficulties" type="OVERLAP" />
<TLINK id="TL90" fromID="E4" fromText="mild hydronephrosis" toID="E3" toText="his ultrasound" type="BEFORE" />
<TLINK id="TL91" fromID="E4" fromText="mild hydronephrosis" toID="E34" toText="showed" type="BEFORE" />
<TLINK id="TL92" fromID="E4" fromText="mild hydronephrosis" toID="E5" toText="a CT scan of his abdomen / pelvis" type="OVERLAP" />
<TLINK id="TL93" fromID="E4" fromText="mild hydronephrosis" toID="E51" toText="new perinephric fluid" type="OVERLAP" />
<TLINK id="TL94" fromID="E4" fromText="mild hydronephrosis" toID="E52" toText="recent transplant biopsy" type="OVERLAP" />
<TLINK id="TL95" fromID="E4" fromText="mild hydronephrosis" toID="E53" toText="related" type="OVERLAP" />
<TLINK id="TL96" fromID="E4" fromText="mild hydronephrosis" toID="E6" toText="retroperitoneal hemorrhage" type="OVERLAP" />
<TLINK id="TL97" fromID="E4" fromText="mild hydronephrosis" toID="E7" toText="the renal transplant" type="OVERLAP" />
<TLINK id="TL98" fromID="E40" fromText="increased" toID="E29" toText="a trough level" type="OVERLAP" />
<TLINK id="TL99" fromID="E40" fromText="increased" toID="T19" toText="08-16" type="OVERLAP" />
<TLINK id="TL100" fromID="E41" fromText="the floor" toID="E37" toText="transfered" type="AFTER" />
<TLINK id="TL101" fromID="E41" fromText="the floor" toID="T5" toText="08-09" type="OVERLAP" />
<TLINK id="TL102" fromID="E43" fromText="recently discharged" toID="E30" toText="Mediplex Rehab Hospital" type="OVERLAP" />
<TLINK id="TL103" fromID="E43" fromText="recently discharged" toID="E44" toText="presents" type="OVERLAP" />
<TLINK id="TL104" fromID="E43" fromText="recently discharged" toID="E45" toText="abdominal pain" type="OVERLAP" />
<TLINK id="TL105" fromID="E43" fromText="recently discharged" toID="E46" toText="sudden onset left-sided abdominal pain" type="OVERLAP" />
<TLINK id="TL106" fromID="E44" fromText="presents" toID="E45" toText="abdominal pain" type="OVERLAP" />
<TLINK id="TL107" fromID="E44" fromText="presents" toID="E46" toText="sudden onset left-sided abdominal pain" type="OVERLAP" />
<TLINK id="TL108" fromID="E45" fromText="abdominal pain" toID="E44" toText="presents" type="BEFORE" />
<TLINK id="TL109" fromID="E45" fromText="abdominal pain" toID="E46" toText="sudden onset left-sided abdominal pain" type="OVERLAP" />
<TLINK id="TL110" fromID="E46" fromText="sudden onset left-sided abdominal pain" toID="E44" toText="presents" type="BEFORE" />
<TLINK id="TL111" fromID="E46" fromText="sudden onset left-sided abdominal pain" toID="E45" toText="abdominal pain" type="OVERLAP" />
<TLINK id="TL112" fromID="E47" fromText="HCT" toID="E48" toText="admission" type="OVERLAP" />
<TLINK id="TL113" fromID="E48" fromText="admission" toID="E47" toText="HCT" type="OVERLAP" />
<TLINK id="TL114" fromID="E49" fromText="a recent discharge" toID="E32" toText="the hospital" type="OVERLAP" />
<TLINK id="TL115" fromID="E49" fromText="a recent discharge" toID="E50" toText="left sided abdominal pain" type="OVERLAP" />
<TLINK id="TL116" fromID="E49" fromText="a recent discharge" toID="T11" toText="08-04" type="OVERLAP" />
<TLINK id="TL117" fromID="E5" fromText="a CT scan of his abdomen / pelvis" toID="E51" toText="new perinephric fluid" type="AFTER" />
<TLINK id="TL118" fromID="E5" fromText="a CT scan of his abdomen / pelvis" toID="E52" toText="recent transplant biopsy" type="OVERLAP" />
<TLINK id="TL119" fromID="E5" fromText="a CT scan of his abdomen / pelvis" toID="E53" toText="related" type="OVERLAP" />
<TLINK id="TL120" fromID="E5" fromText="a CT scan of his abdomen / pelvis" toID="E6" toText="retroperitoneal hemorrhage" type="OVERLAP" />
<TLINK id="TL121" fromID="E5" fromText="a CT scan of his abdomen / pelvis" toID="E7" toText="the renal transplant" type="OVERLAP" />
<TLINK id="TL122" fromID="E50" fromText="left sided abdominal pain" toID="E32" toText="the hospital" type="OVERLAP" />
<TLINK id="TL123" fromID="E50" fromText="left sided abdominal pain" toID="T11" toText="08-04" type="OVERLAP" />
<TLINK id="TL124" fromID="E51" fromText="new perinephric fluid" toID="E5" toText="a CT scan of his abdomen / pelvis" type="OVERLAP" />
<TLINK id="TL125" fromID="E51" fromText="new perinephric fluid" toID="E52" toText="recent transplant biopsy" type="OVERLAP" />
<TLINK id="TL126" fromID="E51" fromText="new perinephric fluid" toID="E53" toText="related" type="OVERLAP" />
<TLINK id="TL127" fromID="E51" fromText="new perinephric fluid" toID="E6" toText="retroperitoneal hemorrhage" type="OVERLAP" />
<TLINK id="TL128" fromID="E51" fromText="new perinephric fluid" toID="E7" toText="the renal transplant" type="OVERLAP" />
<TLINK id="TL129" fromID="E52" fromText="recent transplant biopsy" toID="E53" toText="related" type="OVERLAP" />
<TLINK id="TL130" fromID="E53" fromText="related" toID="E52" toText="recent transplant biopsy" type="OVERLAP" />
<TLINK id="TL131" fromID="E54" fromText="Renal transplant medicine" toID="E36" toText="admitted" type="OVERLAP" />
<TLINK id="TL132" fromID="E54" fromText="Renal transplant medicine" toID="E55" toText="transplant surgery" type="OVERLAP" />
<TLINK id="TL133" fromID="E54" fromText="Renal transplant medicine" toID="E56" toText="aware" type="OVERLAP" />
<TLINK id="TL134" fromID="E55" fromText="transplant surgery" toID="E36" toText="admitted" type="OVERLAP" />
<TLINK id="TL135" fromID="E55" fromText="transplant surgery" toID="E56" toText="aware" type="OVERLAP" />
<TLINK id="TL136" fromID="E56" fromText="aware" toID="E36" toText="admitted" type="OVERLAP" />
<TLINK id="TL137" fromID="E57" fromText="CMED" toID="E58" toText="the ICU" type="OVERLAP" />
<TLINK id="TL138" fromID="E59" fromText="performed" toID="E9" toText="abdominal exams" type="OVERLAP" />
<TLINK id="TL139" fromID="E6" fromText="retroperitoneal hemorrhage" toID="E5" toText="a CT scan of his abdomen / pelvis" type="BEFORE" />
<TLINK id="TL140" fromID="E6" fromText="retroperitoneal hemorrhage" toID="E52" toText="recent transplant biopsy" type="OVERLAP" />
<TLINK id="TL141" fromID="E6" fromText="retroperitoneal hemorrhage" toID="E53" toText="related" type="OVERLAP" />
<TLINK id="TL142" fromID="E6" fromText="retroperitoneal hemorrhage" toID="E7" toText="the renal transplant" type="OVERLAP" />
<TLINK id="TL143" fromID="E60" fromText="the OR" toID="E61" toText="taken" type="AFTER" />
<TLINK id="TL144" fromID="E61" fromText="taken" toID="E60" toText="the OR" type="OVERLAP" />
<TLINK id="TL145" fromID="E62" fromText="improvement" toID="E14" toText="his labs" type="OVERLAP" />
<TLINK id="TL146" fromID="E62" fromText="improvement" toID="T13" toText="08-07" type="OVERLAP" />
<TLINK id="TL147" fromID="E63" fromText="plasmapheresis" toID="E18" toText="plasmapheresis" type="OVERLAP" />
<TLINK id="TL148" fromID="E63" fromText="plasmapheresis" toID="E23" toText="10 mg IVIG" type="OVERLAP" />
<TLINK id="TL149" fromID="E63" fromText="plasmapheresis" toID="T15" toText="08-11" type="OVERLAP" />
<TLINK id="TL150" fromID="E64" fromText="repeated" toID="T16" toText="08-13" type="OVERLAP" />
<TLINK id="TL151" fromID="E65" fromText="stable" toID="E24" toText="Hct" type="OVERLAP" />
<TLINK id="TL152" fromID="E66" fromText="improved" toID="E67" toText="this hospitalization" type="OVERLAP" />
<TLINK id="TL153" fromID="E67" fromText="this hospitalization" toID="E66" toText="improved" type="AFTER" />
<TLINK id="TL154" fromID="E68" fromText="difficulties" toID="E38" toText="ambulating" type="BEFORE" />
<TLINK id="TL155" fromID="E69" fromText="Pheresis" toID="E70" toText="continue" type="OVERLAP" />
<TLINK id="TL156" fromID="E69" fromText="Pheresis" toID="E71" toText="transplant nephrology" type="OVERLAP" />
<TLINK id="TL157" fromID="E69" fromText="Pheresis" toID="T9" toText="08-17" type="OVERLAP" />
<TLINK id="TL158" fromID="E7" fromText="the renal transplant" toID="E52" toText="recent transplant biopsy" type="OVERLAP" />
<TLINK id="TL159" fromID="E7" fromText="the renal transplant" toID="E53" toText="related" type="OVERLAP" />
<TLINK id="TL160" fromID="E70" fromText="continue" toID="E71" toText="transplant nephrology" type="OVERLAP" />
<TLINK id="TL161" fromID="E70" fromText="continue" toID="T9" toText="08-17" type="OVERLAP" />
<TLINK id="TL162" fromID="E71" fromText="transplant nephrology" toID="E70" toText="continue" type="AFTER" />
<TLINK id="TL163" fromID="E71" fromText="transplant nephrology" toID="T9" toText="08-17" type="OVERLAP" />
<TLINK id="TL164" fromID="E72" fromText="Prograf" toID="E29" toText="a trough level" type="OVERLAP" />
<TLINK id="TL165" fromID="E72" fromText="Prograf" toID="E40" toText="increased" type="OVERLAP" />
<TLINK id="TL166" fromID="E72" fromText="Prograf" toID="T19" toText="08-16" type="OVERLAP" />
<TLINK id="TL167" fromID="E73" fromText="labs" toID="E74" toText="trough level of prograf" type="OVERLAP" />
<TLINK id="TL168" fromID="E73" fromText="labs" toID="E75" toText="cbc" type="OVERLAP" />
<TLINK id="TL169" fromID="E73" fromText="labs" toID="E76" toText="chem 10" type="OVERLAP" />
<TLINK id="TL170" fromID="E73" fromText="labs" toID="E77" toText="coags" type="OVERLAP" />
<TLINK id="TL171" fromID="E73" fromText="labs" toID="T20" toText="08-17" type="OVERLAP" />
<TLINK id="TL172" fromID="E74" fromText="trough level of prograf" toID="E75" toText="cbc" type="OVERLAP" />
<TLINK id="TL173" fromID="E74" fromText="trough level of prograf" toID="E76" toText="chem 10" type="OVERLAP" />
<TLINK id="TL174" fromID="E74" fromText="trough level of prograf" toID="E77" toText="coags" type="OVERLAP" />
<TLINK id="TL175" fromID="E74" fromText="trough level of prograf" toID="T20" toText="08-17" type="OVERLAP" />
<TLINK id="TL176" fromID="E75" fromText="cbc" toID="E74" toText="trough level of prograf" type="OVERLAP" />
<TLINK id="TL177" fromID="E75" fromText="cbc" toID="E76" toText="chem 10" type="OVERLAP" />
<TLINK id="TL178" fromID="E75" fromText="cbc" toID="E77" toText="coags" type="OVERLAP" />
<TLINK id="TL179" fromID="E75" fromText="cbc" toID="T20" toText="08-17" type="OVERLAP" />
<TLINK id="TL180" fromID="E76" fromText="chem 10" toID="E75" toText="cbc" type="OVERLAP" />
<TLINK id="TL181" fromID="E76" fromText="chem 10" toID="E77" toText="coags" type="OVERLAP" />
<TLINK id="TL182" fromID="E76" fromText="chem 10" toID="T20" toText="08-17" type="OVERLAP" />
<TLINK id="TL183" fromID="E77" fromText="coags" toID="E76" toText="chem 10" type="OVERLAP" />
<TLINK id="TL184" fromID="E77" fromText="coags" toID="T20" toText="08-17" type="OVERLAP" />
<TLINK id="TL185" fromID="E8" fromText="Serial hematocrits" toID="E59" toText="performed" type="OVERLAP" />
<TLINK id="TL186" fromID="E8" fromText="Serial hematocrits" toID="E9" toText="abdominal exams" type="OVERLAP" />
<TLINK id="TL187" fromID="E9" fromText="abdominal exams" toID="E59" toText="performed" type="OVERLAP" />
<TLINK id="TL188" fromID="E9" fromText="abdominal exams" toID="E8" toText="Serial hematocrits" type="OVERLAP" />
<TLINK id="TL189" fromID="T0" fromText="2018-08-04" toID="T1" toText="2018-07-30" type="AFTER" />
<TLINK id="TL190" fromID="T0" fromText="2018-08-04" toID="T11" toText="08-04" type="OVERLAP" />
<TLINK id="TL191" fromID="T10" fromText="2018-08-16" toID="T0" toText="2018-08-04" type="AFTER" />
<TLINK id="TL192" fromID="T10" fromText="2018-08-16" toID="T1" toText="2018-07-30" type="AFTER" />
<TLINK id="TL193" fromID="T10" fromText="2018-08-16" toID="T11" toText="08-04" type="AFTER" />
<TLINK id="TL194" fromID="T10" fromText="2018-08-16" toID="T12" toText="08-07" type="AFTER" />
<TLINK id="TL195" fromID="T10" fromText="2018-08-16" toID="T13" toText="08-07" type="AFTER" />
<TLINK id="TL196" fromID="T10" fromText="2018-08-16" toID="T14" toText="the am of 8-08" type="AFTER" />
<TLINK id="TL197" fromID="T10" fromText="2018-08-16" toID="T15" toText="08-11" type="AFTER" />
<TLINK id="TL198" fromID="T10" fromText="2018-08-16" toID="T16" toText="08-13" type="AFTER" />
<TLINK id="TL199" fromID="T10" fromText="2018-08-16" toID="T19" toText="08-16" type="OVERLAP" />
<TLINK id="TL200" fromID="T10" fromText="2018-08-16" toID="T2" toText="08-06" type="AFTER" />
<TLINK id="TL201" fromID="T10" fromText="2018-08-16" toID="T3" toText="08-09" type="AFTER" />
<TLINK id="TL202" fromID="T10" fromText="2018-08-16" toID="T5" toText="08-09" type="AFTER" />
<TLINK id="TL203" fromID="T10" fromText="2018-08-16" toID="T6" toText="08-10" type="AFTER" />
<TLINK id="TL204" fromID="T10" fromText="2018-08-16" toID="T7" toText="08-10" type="AFTER" />
<TLINK id="TL205" fromID="T10" fromText="2018-08-16" toID="T8" toText="08-15" type="AFTER" />
<TLINK id="TL206" fromID="T11" fromText="08-04" toID="E31" toText="admitted" type="OVERLAP" />
<TLINK id="TL207" fromID="T11" fromText="08-04" toID="E49" toText="a recent discharge" type="OVERLAP" />
<TLINK id="TL208" fromID="T11" fromText="08-04" toID="T1" toText="2018-07-30" type="AFTER" />
<TLINK id="TL209" fromID="T12" fromText="08-07" toID="T0" toText="2018-08-04" type="AFTER" />
<TLINK id="TL210" fromID="T12" fromText="08-07" toID="T1" toText="2018-07-30" type="AFTER" />
<TLINK id="TL211" fromID="T12" fromText="08-07" toID="T11" toText="08-04" type="AFTER" />
<TLINK id="TL212" fromID="T12" fromText="08-07" toID="T13" toText="08-07" type="OVERLAP" />
<TLINK id="TL213" fromID="T12" fromText="08-07" toID="T2" toText="08-06" type="AFTER" />
<TLINK id="TL214" fromID="T13" fromText="08-07" toID="E62" toText="improvement" type="OVERLAP" />
<TLINK id="TL215" fromID="T13" fromText="08-07" toID="T0" toText="2018-08-04" type="AFTER" />
<TLINK id="TL216" fromID="T13" fromText="08-07" toID="T1" toText="2018-07-30" type="AFTER" />
<TLINK id="TL217" fromID="T13" fromText="08-07" toID="T11" toText="08-04" type="AFTER" />
<TLINK id="TL218" fromID="T13" fromText="08-07" toID="T12" toText="08-07" type="OVERLAP" />
<TLINK id="TL219" fromID="T13" fromText="08-07" toID="T2" toText="08-06" type="AFTER" />
<TLINK id="TL220" fromID="T14" fromText="the am of 8-08" toID="T0" toText="2018-08-04" type="AFTER" />
<TLINK id="TL221" fromID="T14" fromText="the am of 8-08" toID="T1" toText="2018-07-30" type="AFTER" />
<TLINK id="TL222" fromID="T14" fromText="the am of 8-08" toID="T11" toText="08-04" type="AFTER" />
<TLINK id="TL223" fromID="T14" fromText="the am of 8-08" toID="T12" toText="08-07" type="AFTER" />
<TLINK id="TL224" fromID="T14" fromText="the am of 8-08" toID="T13" toText="08-07" type="AFTER" />
<TLINK id="TL225" fromID="T14" fromText="the am of 8-08" toID="T2" toText="08-06" type="AFTER" />
<TLINK id="TL226" fromID="T15" fromText="08-11" toID="T0" toText="2018-08-04" type="AFTER" />
<TLINK id="TL227" fromID="T15" fromText="08-11" toID="T1" toText="2018-07-30" type="AFTER" />
<TLINK id="TL228" fromID="T15" fromText="08-11" toID="T11" toText="08-04" type="AFTER" />
<TLINK id="TL229" fromID="T15" fromText="08-11" toID="T12" toText="08-07" type="AFTER" />
<TLINK id="TL230" fromID="T15" fromText="08-11" toID="T13" toText="08-07" type="AFTER" />
<TLINK id="TL231" fromID="T15" fromText="08-11" toID="T14" toText="the am of 8-08" type="AFTER" />
<TLINK id="TL232" fromID="T15" fromText="08-11" toID="T2" toText="08-06" type="AFTER" />
<TLINK id="TL233" fromID="T15" fromText="08-11" toID="T3" toText="08-09" type="AFTER" />
<TLINK id="TL234" fromID="T15" fromText="08-11" toID="T5" toText="08-09" type="AFTER" />
<TLINK id="TL235" fromID="T15" fromText="08-11" toID="T6" toText="08-10" type="AFTER" />
<TLINK id="TL236" fromID="T15" fromText="08-11" toID="T7" toText="08-10" type="AFTER" />
<TLINK id="TL237" fromID="T16" fromText="08-13" toID="E64" toText="repeated" type="OVERLAP" />
<TLINK id="TL238" fromID="T16" fromText="08-13" toID="T0" toText="2018-08-04" type="AFTER" />
<TLINK id="TL239" fromID="T16" fromText="08-13" toID="T1" toText="2018-07-30" type="AFTER" />
<TLINK id="TL240" fromID="T16" fromText="08-13" toID="T11" toText="08-04" type="AFTER" />
<TLINK id="TL241" fromID="T16" fromText="08-13" toID="T12" toText="08-07" type="AFTER" />
<TLINK id="TL242" fromID="T16" fromText="08-13" toID="T13" toText="08-07" type="AFTER" />
<TLINK id="TL243" fromID="T16" fromText="08-13" toID="T14" toText="the am of 8-08" type="AFTER" />
<TLINK id="TL244" fromID="T16" fromText="08-13" toID="T15" toText="08-11" type="AFTER" />
<TLINK id="TL245" fromID="T16" fromText="08-13" toID="T2" toText="08-06" type="AFTER" />
<TLINK id="TL246" fromID="T16" fromText="08-13" toID="T3" toText="08-09" type="AFTER" />
<TLINK id="TL247" fromID="T16" fromText="08-13" toID="T5" toText="08-09" type="AFTER" />
<TLINK id="TL248" fromID="T16" fromText="08-13" toID="T6" toText="08-10" type="AFTER" />
<TLINK id="TL249" fromID="T16" fromText="08-13" toID="T7" toText="08-10" type="AFTER" />
<TLINK id="TL250" fromID="T17" fromText="08-20" toID="T0" toText="2018-08-04" type="AFTER" />
<TLINK id="TL251" fromID="T17" fromText="08-20" toID="T1" toText="2018-07-30" type="AFTER" />
<TLINK id="TL252" fromID="T17" fromText="08-20" toID="T10" toText="2018-08-16" type="AFTER" />
<TLINK id="TL253" fromID="T17" fromText="08-20" toID="T11" toText="08-04" type="AFTER" />
<TLINK id="TL254" fromID="T17" fromText="08-20" toID="T12" toText="08-07" type="AFTER" />
<TLINK id="TL255" fromID="T17" fromText="08-20" toID="T13" toText="08-07" type="AFTER" />
<TLINK id="TL256" fromID="T17" fromText="08-20" toID="T14" toText="the am of 8-08" type="AFTER" />
<TLINK id="TL257" fromID="T17" fromText="08-20" toID="T15" toText="08-11" type="AFTER" />
<TLINK id="TL258" fromID="T17" fromText="08-20" toID="T16" toText="08-13" type="AFTER" />
<TLINK id="TL259" fromID="T17" fromText="08-20" toID="T19" toText="08-16" type="AFTER" />
<TLINK id="TL260" fromID="T17" fromText="08-20" toID="T2" toText="08-06" type="AFTER" />
<TLINK id="TL261" fromID="T17" fromText="08-20" toID="T20" toText="08-17" type="AFTER" />
<TLINK id="TL262" fromID="T17" fromText="08-20" toID="T3" toText="08-09" type="AFTER" />
<TLINK id="TL263" fromID="T17" fromText="08-20" toID="T5" toText="08-09" type="AFTER" />
<TLINK id="TL264" fromID="T17" fromText="08-20" toID="T6" toText="08-10" type="AFTER" />
<TLINK id="TL265" fromID="T17" fromText="08-20" toID="T7" toText="08-10" type="AFTER" />
<TLINK id="TL266" fromID="T17" fromText="08-20" toID="T8" toText="08-15" type="AFTER" />
<TLINK id="TL267" fromID="T17" fromText="08-20" toID="T9" toText="08-17" type="AFTER" />
<TLINK id="TL268" fromID="T18" fromText="08-22" toID="T0" toText="2018-08-04" type="AFTER" />
<TLINK id="TL269" fromID="T18" fromText="08-22" toID="T1" toText="2018-07-30" type="AFTER" />
<TLINK id="TL270" fromID="T18" fromText="08-22" toID="T10" toText="2018-08-16" type="AFTER" />
<TLINK id="TL271" fromID="T18" fromText="08-22" toID="T11" toText="08-04" type="AFTER" />
<TLINK id="TL272" fromID="T18" fromText="08-22" toID="T12" toText="08-07" type="AFTER" />
<TLINK id="TL273" fromID="T18" fromText="08-22" toID="T13" toText="08-07" type="AFTER" />
<TLINK id="TL274" fromID="T18" fromText="08-22" toID="T14" toText="the am of 8-08" type="AFTER" />
<TLINK id="TL275" fromID="T18" fromText="08-22" toID="T15" toText="08-11" type="AFTER" />
<TLINK id="TL276" fromID="T18" fromText="08-22" toID="T16" toText="08-13" type="AFTER" />
<TLINK id="TL277" fromID="T18" fromText="08-22" toID="T17" toText="08-20" type="AFTER" />
<TLINK id="TL278" fromID="T18" fromText="08-22" toID="T19" toText="08-16" type="AFTER" />
<TLINK id="TL279" fromID="T18" fromText="08-22" toID="T2" toText="08-06" type="AFTER" />
<TLINK id="TL280" fromID="T18" fromText="08-22" toID="T20" toText="08-17" type="AFTER" />
<TLINK id="TL281" fromID="T18" fromText="08-22" toID="T3" toText="08-09" type="AFTER" />
<TLINK id="TL282" fromID="T18" fromText="08-22" toID="T5" toText="08-09" type="AFTER" />
<TLINK id="TL283" fromID="T18" fromText="08-22" toID="T6" toText="08-10" type="AFTER" />
<TLINK id="TL284" fromID="T18" fromText="08-22" toID="T7" toText="08-10" type="AFTER" />
<TLINK id="TL285" fromID="T18" fromText="08-22" toID="T8" toText="08-15" type="AFTER" />
<TLINK id="TL286" fromID="T18" fromText="08-22" toID="T9" toText="08-17" type="AFTER" />
<TLINK id="TL287" fromID="T19" fromText="08-16" toID="E40" toText="increased" type="BEFORE" />
<TLINK id="TL288" fromID="T19" fromText="08-16" toID="T0" toText="2018-08-04" type="AFTER" />
<TLINK id="TL289" fromID="T19" fromText="08-16" toID="T1" toText="2018-07-30" type="AFTER" />
<TLINK id="TL290" fromID="T19" fromText="08-16" toID="T11" toText="08-04" type="AFTER" />
<TLINK id="TL291" fromID="T19" fromText="08-16" toID="T12" toText="08-07" type="AFTER" />
<TLINK id="TL292" fromID="T19" fromText="08-16" toID="T13" toText="08-07" type="AFTER" />
<TLINK id="TL293" fromID="T19" fromText="08-16" toID="T14" toText="the am of 8-08" type="AFTER" />
<TLINK id="TL294" fromID="T19" fromText="08-16" toID="T15" toText="08-11" type="AFTER" />
<TLINK id="TL295" fromID="T19" fromText="08-16" toID="T16" toText="08-13" type="AFTER" />
<TLINK id="TL296" fromID="T19" fromText="08-16" toID="T2" toText="08-06" type="AFTER" />
<TLINK id="TL297" fromID="T19" fromText="08-16" toID="T3" toText="08-09" type="AFTER" />
<TLINK id="TL298" fromID="T19" fromText="08-16" toID="T5" toText="08-09" type="AFTER" />
<TLINK id="TL299" fromID="T19" fromText="08-16" toID="T6" toText="08-10" type="AFTER" />
<TLINK id="TL300" fromID="T19" fromText="08-16" toID="T7" toText="08-10" type="AFTER" />
<TLINK id="TL301" fromID="T19" fromText="08-16" toID="T8" toText="08-15" type="AFTER" />
<TLINK id="TL302" fromID="T2" fromText="08-06" toID="E10" toText="pRBC" type="OVERLAP" />
<TLINK id="TL303" fromID="T2" fromText="08-06" toID="T0" toText="2018-08-04" type="AFTER" />
<TLINK id="TL304" fromID="T2" fromText="08-06" toID="T1" toText="2018-07-30" type="AFTER" />
<TLINK id="TL305" fromID="T2" fromText="08-06" toID="T11" toText="08-04" type="AFTER" />
<TLINK id="TL306" fromID="T20" fromText="08-17" toID="T0" toText="2018-08-04" type="AFTER" />
<TLINK id="TL307" fromID="T20" fromText="08-17" toID="T1" toText="2018-07-30" type="AFTER" />
<TLINK id="TL308" fromID="T20" fromText="08-17" toID="T10" toText="2018-08-16" type="AFTER" />
<TLINK id="TL309" fromID="T20" fromText="08-17" toID="T11" toText="08-04" type="AFTER" />
<TLINK id="TL310" fromID="T20" fromText="08-17" toID="T12" toText="08-07" type="AFTER" />
<TLINK id="TL311" fromID="T20" fromText="08-17" toID="T13" toText="08-07" type="AFTER" />
<TLINK id="TL312" fromID="T20" fromText="08-17" toID="T14" toText="the am of 8-08" type="AFTER" />
<TLINK id="TL313" fromID="T20" fromText="08-17" toID="T15" toText="08-11" type="AFTER" />
<TLINK id="TL314" fromID="T20" fromText="08-17" toID="T16" toText="08-13" type="AFTER" />
<TLINK id="TL315" fromID="T20" fromText="08-17" toID="T19" toText="08-16" type="AFTER" />
<TLINK id="TL316" fromID="T20" fromText="08-17" toID="T2" toText="08-06" type="AFTER" />
<TLINK id="TL317" fromID="T20" fromText="08-17" toID="T3" toText="08-09" type="AFTER" />
<TLINK id="TL318" fromID="T20" fromText="08-17" toID="T5" toText="08-09" type="AFTER" />
<TLINK id="TL319" fromID="T20" fromText="08-17" toID="T6" toText="08-10" type="AFTER" />
<TLINK id="TL320" fromID="T20" fromText="08-17" toID="T7" toText="08-10" type="AFTER" />
<TLINK id="TL321" fromID="T20" fromText="08-17" toID="T8" toText="08-15" type="AFTER" />
<TLINK id="TL322" fromID="T20" fromText="08-17" toID="T9" toText="08-17" type="OVERLAP" />
<TLINK id="TL323" fromID="T3" fromText="08-09" toID="T0" toText="2018-08-04" type="AFTER" />
<TLINK id="TL324" fromID="T3" fromText="08-09" toID="T1" toText="2018-07-30" type="AFTER" />
<TLINK id="TL325" fromID="T3" fromText="08-09" toID="T11" toText="08-04" type="AFTER" />
<TLINK id="TL326" fromID="T3" fromText="08-09" toID="T12" toText="08-07" type="AFTER" />
<TLINK id="TL327" fromID="T3" fromText="08-09" toID="T13" toText="08-07" type="AFTER" />
<TLINK id="TL328" fromID="T3" fromText="08-09" toID="T14" toText="the am of 8-08" type="AFTER" />
<TLINK id="TL329" fromID="T3" fromText="08-09" toID="T2" toText="08-06" type="AFTER" />
<TLINK id="TL330" fromID="T3" fromText="08-09" toID="T5" toText="08-09" type="OVERLAP" />
<TLINK id="TL331" fromID="T5" fromText="08-09" toID="T0" toText="2018-08-04" type="AFTER" />
<TLINK id="TL332" fromID="T5" fromText="08-09" toID="T1" toText="2018-07-30" type="AFTER" />
<TLINK id="TL333" fromID="T5" fromText="08-09" toID="T11" toText="08-04" type="AFTER" />
<TLINK id="TL334" fromID="T5" fromText="08-09" toID="T12" toText="08-07" type="AFTER" />
<TLINK id="TL335" fromID="T5" fromText="08-09" toID="T13" toText="08-07" type="AFTER" />
<TLINK id="TL336" fromID="T5" fromText="08-09" toID="T14" toText="the am of 8-08" type="AFTER" />
<TLINK id="TL337" fromID="T5" fromText="08-09" toID="T2" toText="08-06" type="AFTER" />
<TLINK id="TL338" fromID="T5" fromText="08-09" toID="T3" toText="08-09" type="OVERLAP" />
<TLINK id="TL339" fromID="T6" fromText="08-10" toID="T0" toText="2018-08-04" type="AFTER" />
<TLINK id="TL340" fromID="T6" fromText="08-10" toID="T1" toText="2018-07-30" type="AFTER" />
<TLINK id="TL341" fromID="T6" fromText="08-10" toID="T11" toText="08-04" type="AFTER" />
<TLINK id="TL342" fromID="T6" fromText="08-10" toID="T12" toText="08-07" type="AFTER" />
<TLINK id="TL343" fromID="T6" fromText="08-10" toID="T13" toText="08-07" type="AFTER" />
<TLINK id="TL344" fromID="T6" fromText="08-10" toID="T14" toText="the am of 8-08" type="AFTER" />
<TLINK id="TL345" fromID="T6" fromText="08-10" toID="T2" toText="08-06" type="AFTER" />
<TLINK id="TL346" fromID="T6" fromText="08-10" toID="T3" toText="08-09" type="AFTER" />
<TLINK id="TL347" fromID="T6" fromText="08-10" toID="T5" toText="08-09" type="AFTER" />
<TLINK id="TL348" fromID="T6" fromText="08-10" toID="T7" toText="08-10" type="OVERLAP" />
<TLINK id="TL349" fromID="T7" fromText="08-10" toID="T0" toText="2018-08-04" type="AFTER" />
<TLINK id="TL350" fromID="T7" fromText="08-10" toID="T1" toText="2018-07-30" type="AFTER" />
<TLINK id="TL351" fromID="T7" fromText="08-10" toID="T11" toText="08-04" type="AFTER" />
<TLINK id="TL352" fromID="T7" fromText="08-10" toID="T12" toText="08-07" type="AFTER" />
<TLINK id="TL353" fromID="T7" fromText="08-10" toID="T13" toText="08-07" type="AFTER" />
<TLINK id="TL354" fromID="T7" fromText="08-10" toID="T14" toText="the am of 8-08" type="AFTER" />
<TLINK id="TL355" fromID="T7" fromText="08-10" toID="T2" toText="08-06" type="AFTER" />
<TLINK id="TL356" fromID="T7" fromText="08-10" toID="T3" toText="08-09" type="AFTER" />
<TLINK id="TL357" fromID="T7" fromText="08-10" toID="T5" toText="08-09" type="AFTER" />
<TLINK id="TL358" fromID="T7" fromText="08-10" toID="T6" toText="08-10" type="OVERLAP" />
<TLINK id="TL359" fromID="T8" fromText="08-15" toID="T0" toText="2018-08-04" type="AFTER" />
<TLINK id="TL360" fromID="T8" fromText="08-15" toID="T1" toText="2018-07-30" type="AFTER" />
<TLINK id="TL361" fromID="T8" fromText="08-15" toID="T11" toText="08-04" type="AFTER" />
<TLINK id="TL362" fromID="T8" fromText="08-15" toID="T12" toText="08-07" type="AFTER" />
<TLINK id="TL363" fromID="T8" fromText="08-15" toID="T13" toText="08-07" type="AFTER" />
<TLINK id="TL364" fromID="T8" fromText="08-15" toID="T14" toText="the am of 8-08" type="AFTER" />
<TLINK id="TL365" fromID="T8" fromText="08-15" toID="T15" toText="08-11" type="AFTER" />
<TLINK id="TL366" fromID="T8" fromText="08-15" toID="T16" toText="08-13" type="AFTER" />
<TLINK id="TL367" fromID="T8" fromText="08-15" toID="T2" toText="08-06" type="AFTER" />
<TLINK id="TL368" fromID="T8" fromText="08-15" toID="T3" toText="08-09" type="AFTER" />
<TLINK id="TL369" fromID="T8" fromText="08-15" toID="T5" toText="08-09" type="AFTER" />
<TLINK id="TL370" fromID="T8" fromText="08-15" toID="T6" toText="08-10" type="AFTER" />
<TLINK id="TL371" fromID="T8" fromText="08-15" toID="T7" toText="08-10" type="AFTER" />
<TLINK id="TL372" fromID="T9" fromText="08-17" toID="T0" toText="2018-08-04" type="AFTER" />
<TLINK id="TL373" fromID="T9" fromText="08-17" toID="T1" toText="2018-07-30" type="AFTER" />
<TLINK id="TL374" fromID="T9" fromText="08-17" toID="T10" toText="2018-08-16" type="AFTER" />
<TLINK id="TL375" fromID="T9" fromText="08-17" toID="T11" toText="08-04" type="AFTER" />
<TLINK id="TL376" fromID="T9" fromText="08-17" toID="T12" toText="08-07" type="AFTER" />
<TLINK id="TL377" fromID="T9" fromText="08-17" toID="T13" toText="08-07" type="AFTER" />
<TLINK id="TL378" fromID="T9" fromText="08-17" toID="T14" toText="the am of 8-08" type="AFTER" />
<TLINK id="TL379" fromID="T9" fromText="08-17" toID="T15" toText="08-11" type="AFTER" />
<TLINK id="TL380" fromID="T9" fromText="08-17" toID="T16" toText="08-13" type="AFTER" />
<TLINK id="TL381" fromID="T9" fromText="08-17" toID="T19" toText="08-16" type="AFTER" />
<TLINK id="TL382" fromID="T9" fromText="08-17" toID="T2" toText="08-06" type="AFTER" />
<TLINK id="TL383" fromID="T9" fromText="08-17" toID="T20" toText="08-17" type="OVERLAP" />
<TLINK id="TL384" fromID="T9" fromText="08-17" toID="T3" toText="08-09" type="AFTER" />
<TLINK id="TL385" fromID="T9" fromText="08-17" toID="T5" toText="08-09" type="AFTER" />
<TLINK id="TL386" fromID="T9" fromText="08-17" toID="T6" toText="08-10" type="AFTER" />
<TLINK id="TL387" fromID="T9" fromText="08-17" toID="T7" toText="08-10" type="AFTER" />
<TLINK id="TL388" fromID="T9" fromText="08-17" toID="T8" toText="08-15" type="AFTER" />
</TAGS>
</ClinicalNarrativeTemporalAnnotation>
