<?xml version="1.0" encoding="UTF-8" ?>
<ClinicalNarrativeTemporalAnnotation>
<TEXT><![CDATA[
Admission Date :
2013-07-23
Discharge Date :
2013-08-01
Service :
CMED CSRU
HISTORY :
Baby Girl Kathryn Frazier , triplet III , delivered at 32 - 5/7 weeks gestation was admitted to the newborn intensive care unit for management of prematurity .
Birth weight was 1630 grams .
The mother is a 31 - year-old Gravida 5 , para 1 , now 4 woman with estimated date of delivery 2013-09-12 .
Prenatal screens included blood type A+ , antibody screen negative , rubella immune , RPR nonreactive .
Hepatitis B surface antigen negative , cystic fibrosis negative , and Group B strep unknown .
Mother 's medical history was notable for depression treated with Zoloft .
OB history notable for infertility treated with Clomid .
This pregnancy was complicate by triplet gestation , cervical shortening , and pregnancy induced hypertension .
Delivery was by cesarean section under spinal anesthesia for pre-eclampsia .
There was no labor or maternal fever .
Membranes were ruptured at delivery for clear fluid .
Mother did not receive any antibiotics prior to delivery .
The infant emerged vigorous , was dried , bulb suctioned and given free flow oxygen .
Apgar scores were 7 at one minute and 8 at 5 minutes .
SUMMARY OF HOSPITAL COURSE BY SYSTEMS :
Initially was placed on continuous positive airway pressure 40% oxygen .
Due to increasing respiratory distress was intubated , placed on conventional ventilation and pressures of 24/6 , rate of 25 .
She received one dose of Survanta and then weaned well on ventilator settings .
She was extubated to room air at 13 hours of age .
Has remained in room air since with comfortable work of breathing , respiratory rates in the 40 's to 70 's.
No apnea .
Cardiovascular has been hemodynamically stable throughout hospital stay .
Heart rates range in the 140 to 160 's , no heart murmur .
Recent blood pressure 71/31 with a mean of 48 .
Fluids , electrolytes , nutrition :
Was initially NPO on receiving D10-W by peripheral intravenous .
Enteral feeds were started on day of life one and she advanced to full volume feeds of breast milk or special care formula on day of life six ( 2013-07-29 ) without problems .
She is presently receiving breast milk or special care formula 24 cal at 150 mls per kilo per day with tolerance .
Voiding and stooling appropriately .
Most recent electrolytes done on day of life one showed a sodium of 132 , potassium 6.1 , chloride 100 , Co2 20 .
Discharge weight is 1700 grams up 15 grams ..
Gastrointestinal :
Received phototherapy from 07-27 to 2013-07-28 for a peak bilirubin of 8.1 .
Phototherapy was discontinued when bilirubin was a total of 4.7 .
Most recent bilirubin on 2013-07-29 total of 4.2 , direct .4 .
Hematology :
Hematocrit on admission 47% .
No transfusions given .
Infectious Disease :
Received 48 hours of Ampicillin and gentamicin for rule out sepsis .
CBC on admission showed a white count of 9.3 with 37 polys , 0 bands , platelets 399,000 .
The blood culture was negative .
Neurology :
Head ultrasound not indicated .
Sensory :
A hearing screening has not been performed , will need prior to discharge home .
]]></TEXT>
<TAGS>
<EVENT id="E0" start="1" end="10" text="Admission" modality="FACTUAL" polarity="POS" type="OCCURRENCE" />
<EVENT id="E33" start="1020" end="1035" text="any antibiotics" modality="FACTUAL" polarity="NEG" type="TREATMENT" />
<EVENT id="E34" start="1045" end="1053" text="delivery" modality="FACTUAL" polarity="POS" type="TREATMENT" />
<EVENT id="E35" start="1090" end="1095" text="dried" modality="FACTUAL" polarity="POS" type="OCCURRENCE" />
<EVENT id="E36" start="1098" end="1112" text="bulb suctioned" modality="FACTUAL" polarity="POS" type="TREATMENT" />
<EVENT id="E37" start="1123" end="1139" text="free flow oxygen" modality="FACTUAL" polarity="POS" type="TREATMENT" />
<EVENT id="E38" start="1142" end="1154" text="Apgar scores" modality="FACTUAL" polarity="POS" type="TEST" />
<EVENT id="E39" start="1261" end="1296" text="continuous positive airway pressure" modality="FACTUAL" polarity="POS" type="TREATMENT" />
<EVENT id="E2" start="129" end="138" text="delivered" modality="FACTUAL" polarity="POS" type="TREATMENT" />
<EVENT id="E40" start="1297" end="1307" text="40% oxygen" modality="FACTUAL" polarity="POS" type="TREATMENT" />
<EVENT id="E41" start="1317" end="1348" text="increasing respiratory distress" modality="FACTUAL" polarity="POS" type="PROBLEM" />
<EVENT id="E42" start="1353" end="1362" text="intubated" modality="FACTUAL" polarity="POS" type="TREATMENT" />
<EVENT id="E43" start="1375" end="1399" text="conventional ventilation" modality="FACTUAL" polarity="POS" type="TREATMENT" />
<EVENT id="E44" start="1404" end="1413" text="pressures" modality="FACTUAL" polarity="POS" type="TREATMENT" />
<EVENT id="E45" start="1424" end="1428" text="rate" modality="FACTUAL" polarity="POS" type="TREATMENT" />
<EVENT id="E46" start="1462" end="1470" text="Survanta" modality="FACTUAL" polarity="POS" type="TREATMENT" />
<EVENT id="E47" start="1480" end="1486" text="weaned" modality="FACTUAL" polarity="POS" type="TREATMENT" />
<EVENT id="E48" start="1487" end="1491" text="well" modality="FACTUAL" polarity="POS" type="OCCURRENCE" />
<EVENT id="E49" start="1495" end="1514" text="ventilator settings" modality="FACTUAL" polarity="POS" type="TREATMENT" />
<EVENT id="E50" start="1525" end="1534" text="extubated" modality="FACTUAL" polarity="POS" type="TREATMENT" />
<EVENT id="E51" start="1538" end="1546" text="room air" modality="FACTUAL" polarity="POS" type="OCCURRENCE" />
<EVENT id="E3" start="157" end="166" text="gestation" modality="FACTUAL" polarity="POS" type="OCCURRENCE" />
<EVENT id="E52" start="1584" end="1592" text="room air" modality="FACTUAL" polarity="POS" type="OCCURRENCE" />
<EVENT id="E53" start="1604" end="1633" text="comfortable work of breathing" modality="FACTUAL" polarity="POS" type="OCCURRENCE" />
<EVENT id="E54" start="1636" end="1653" text="respiratory rates" modality="FACTUAL" polarity="POS" type="TEST" />
<EVENT id="E55" start="1680" end="1685" text="apnea" modality="FACTUAL" polarity="NEG" type="PROBLEM" />
<EVENT id="E4" start="171" end="179" text="admitted" modality="FACTUAL" polarity="POS" type="OCCURRENCE" />
<EVENT id="E56" start="1712" end="1734" text="hemodynamically stable" modality="FACTUAL" polarity="POS" type="OCCURRENCE" />
<EVENT id="E57" start="1746" end="1759" text="hospital stay" modality="FACTUAL" polarity="POS" type="OCCURRENCE" />
<EVENT id="E58" start="1762" end="1773" text="Heart rates" modality="FACTUAL" polarity="POS" type="TEST" />
<EVENT id="E59" start="1806" end="1818" text="heart murmur" modality="FACTUAL" polarity="NEG" type="PROBLEM" />
<EVENT id="E60" start="1821" end="1842" text="Recent blood pressure" modality="FACTUAL" polarity="POS" type="TEST" />
<EVENT id="E5" start="183" end="214" text="the newborn intensive care unit" modality="FACTUAL" polarity="POS" type="CLINICAL_DEPT" />
<EVENT id="E61" start="1919" end="1922" text="NPO" modality="FACTUAL" polarity="POS" type="TREATMENT" />
<EVENT id="E62" start="1936" end="1941" text="D10-W" modality="FACTUAL" polarity="POS" type="TREATMENT" />
<EVENT id="E63" start="1970" end="1983" text="Enteral feeds" modality="FACTUAL" polarity="POS" type="TREATMENT" />
<EVENT id="E64" start="2036" end="2053" text="full volume feeds" modality="FACTUAL" polarity="POS" type="TREATMENT" />
<EVENT id="E65" start="2057" end="2068" text="breast milk" modality="FACTUAL" polarity="POS" type="TREATMENT" />
<EVENT id="E66" start="2072" end="2092" text="special care formula" modality="FACTUAL" polarity="POS" type="TREATMENT" />
<EVENT id="E67" start="2135" end="2143" text="problems" modality="FACTUAL" polarity="NEG" type="PROBLEM" />
<EVENT id="E68" start="2173" end="2184" text="breast milk" modality="FACTUAL" polarity="POS" type="TREATMENT" />
<EVENT id="E6" start="219" end="229" text="management" modality="FACTUAL" polarity="POS" type="TREATMENT" />
<EVENT id="E69" start="2188" end="2208" text="special care formula" modality="FACTUAL" polarity="POS" type="TREATMENT" />
<EVENT id="E70" start="2249" end="2258" text="tolerance" modality="FACTUAL" polarity="POS" type="OCCURRENCE" />
<EVENT id="E71" start="2261" end="2268" text="Voiding" modality="FACTUAL" polarity="POS" type="OCCURRENCE" />
<EVENT id="E72" start="2273" end="2281" text="stooling" modality="FACTUAL" polarity="POS" type="OCCURRENCE" />
<EVENT id="E73" start="2298" end="2322" text="Most recent electrolytes" modality="FACTUAL" polarity="POS" type="TEST" />
<EVENT id="E7" start="233" end="244" text="prematurity" modality="FACTUAL" polarity="POS" type="PROBLEM" />
<EVENT id="E74" start="2347" end="2353" text="showed" modality="FACTUAL" polarity="POS" type="EVIDENTIAL" />
<EVENT id="E75" start="2354" end="2362" text="a sodium" modality="FACTUAL" polarity="POS" type="TEST" />
<EVENT id="E76" start="2372" end="2381" text="potassium" modality="FACTUAL" polarity="POS" type="TEST" />
<EVENT id="E77" start="2388" end="2396" text="chloride" modality="FACTUAL" polarity="POS" type="TEST" />
<EVENT id="E78" start="2403" end="2406" text="Co2" modality="FACTUAL" polarity="POS" type="TEST" />
<EVENT id="E79" start="2412" end="2428" text="Discharge weight" modality="FACTUAL" polarity="POS" type="TEST" />
<EVENT id="E8" start="247" end="259" text="Birth weight" modality="FACTUAL" polarity="POS" type="TEST" />
<EVENT id="E80" start="2486" end="2498" text="phototherapy" modality="FACTUAL" polarity="POS" type="TREATMENT" />
<EVENT id="E81" start="2528" end="2544" text="a peak bilirubin" modality="FACTUAL" polarity="POS" type="TEST" />
<EVENT id="E82" start="2554" end="2566" text="Phototherapy" modality="FACTUAL" polarity="POS" type="TREATMENT" />
<EVENT id="E83" start="2589" end="2598" text="bilirubin" modality="FACTUAL" polarity="POS" type="TEST" />
<EVENT id="E84" start="2603" end="2610" text="a total" modality="FACTUAL" polarity="POS" type="TEST" />
<EVENT id="E85" start="2620" end="2641" text="Most recent bilirubin" modality="FACTUAL" polarity="POS" type="TEST" />
<EVENT id="E86" start="2656" end="2661" text="total" modality="FACTUAL" polarity="POS" type="TEST" />
<EVENT id="E87" start="2671" end="2677" text="direct" modality="FACTUAL" polarity="POS" type="TEST" />
<EVENT id="E88" start="2696" end="2706" text="Hematocrit" modality="FACTUAL" polarity="POS" type="TEST" />
<EVENT id="E89" start="2710" end="2719" text="admission" modality="FACTUAL" polarity="POS" type="OCCURRENCE" />
<EVENT id="E90" start="2729" end="2741" text="transfusions" modality="FACTUAL" polarity="NEG" type="TREATMENT" />
<EVENT id="E91" start="2792" end="2802" text="Ampicillin" modality="FACTUAL" polarity="POS" type="TREATMENT" />
<EVENT id="E92" start="2807" end="2817" text="gentamicin" modality="FACTUAL" polarity="POS" type="TREATMENT" />
<EVENT id="E93" start="2831" end="2837" text="sepsis" modality="POSSIBLE" polarity="POS" type="PROBLEM" />
<EVENT id="E94" start="2840" end="2843" text="CBC" modality="FACTUAL" polarity="POS" type="TEST" />
<EVENT id="E95" start="2847" end="2856" text="admission" modality="FACTUAL" polarity="POS" type="OCCURRENCE" />
<EVENT id="E96" start="2857" end="2863" text="showed" modality="FACTUAL" polarity="POS" type="EVIDENTIAL" />
<EVENT id="E97" start="2864" end="2877" text="a white count" modality="FACTUAL" polarity="POS" type="TEST" />
<EVENT id="E98" start="2890" end="2898" text="37 polys" modality="FACTUAL" polarity="POS" type="TEST" />
<EVENT id="E1" start="29" end="38" text="Discharge" modality="FACTUAL" polarity="POS" type="OCCURRENCE" />
<EVENT id="E99" start="2901" end="2908" text="0 bands" modality="FACTUAL" polarity="POS" type="TEST" />
<EVENT id="E100" start="2911" end="2920" text="platelets" modality="FACTUAL" polarity="POS" type="TEST" />
<EVENT id="E101" start="2931" end="2948" text="The blood culture" modality="FACTUAL" polarity="POS" type="TEST" />
<EVENT id="E102" start="2976" end="2991" text="Head ultrasound" modality="FACTUAL" polarity="NEG" type="TEST" />
<EVENT id="E103" start="3018" end="3037" text="A hearing screening" modality="FACTUAL" polarity="NEG" type="TEST" />
<EVENT id="E9" start="307" end="325" text="Gravida 5 , para 1" modality="FACTUAL" polarity="POS" type="OCCURRENCE" />
<EVENT id="E104" start="3082" end="3091" text="discharge" modality="FACTUAL" polarity="POS" type="OCCURRENCE" />
<EVENT id="E10" start="363" end="371" text="delivery" modality="PROPOSED" polarity="POS" type="TREATMENT" />
<EVENT id="E11" start="385" end="401" text="Prenatal screens" modality="FACTUAL" polarity="POS" type="TEST" />
<EVENT id="E12" start="411" end="421" text="blood type" modality="FACTUAL" polarity="POS" type="TEST" />
<EVENT id="E13" start="427" end="442" text="antibody screen" modality="FACTUAL" polarity="POS" type="TEST" />
<EVENT id="E14" start="454" end="461" text="rubella" modality="FACTUAL" polarity="POS" type="TEST" />
<EVENT id="E15" start="471" end="474" text="RPR" modality="FACTUAL" polarity="POS" type="TEST" />
<EVENT id="E16" start="489" end="516" text="Hepatitis B surface antigen" modality="FACTUAL" polarity="POS" type="TEST" />
<EVENT id="E17" start="528" end="543" text="cystic fibrosis" modality="FACTUAL" polarity="POS" type="TEST" />
<EVENT id="E18" start="559" end="572" text="Group B strep" modality="FACTUAL" polarity="POS" type="TEST" />
<EVENT id="E19" start="625" end="635" text="depression" modality="FACTUAL" polarity="POS" type="PROBLEM" />
<EVENT id="E20" start="649" end="655" text="Zoloft" modality="FACTUAL" polarity="POS" type="TREATMENT" />
<EVENT id="E21" start="681" end="692" text="infertility" modality="FACTUAL" polarity="POS" type="PROBLEM" />
<EVENT id="E22" start="706" end="712" text="Clomid" modality="FACTUAL" polarity="POS" type="TREATMENT" />
<EVENT id="E23" start="748" end="765" text="triplet gestation" modality="FACTUAL" polarity="POS" type="PROBLEM" />
<EVENT id="E24" start="768" end="787" text="cervical shortening" modality="FACTUAL" polarity="POS" type="PROBLEM" />
<EVENT id="E25" start="794" end="824" text="pregnancy induced hypertension" modality="FACTUAL" polarity="POS" type="PROBLEM" />
<EVENT id="E26" start="827" end="835" text="Delivery" modality="FACTUAL" polarity="POS" type="TREATMENT" />
<EVENT id="E27" start="843" end="859" text="cesarean section" modality="FACTUAL" polarity="POS" type="TREATMENT" />
<EVENT id="E28" start="866" end="883" text="spinal anesthesia" modality="FACTUAL" polarity="POS" type="TREATMENT" />
<EVENT id="E29" start="888" end="901" text="pre-eclampsia" modality="FACTUAL" polarity="POS" type="PROBLEM" />
<EVENT id="E30" start="917" end="940" text="labor or maternal fever" modality="FACTUAL" polarity="NEG" type="PROBLEM" />
<EVENT id="E31" start="958" end="966" text="ruptured" modality="FACTUAL" polarity="POS" type="TREATMENT" />
<EVENT id="E32" start="970" end="978" text="delivery" modality="FACTUAL" polarity="POS" type="TREATMENT" />
<TIMEX3 id="T4" start="1165" end="1175" text="one minute" type="DURATION" val="PT1M" mod="NA" />
<TIMEX3 id="T5" start="1185" end="1194" text="5 minutes" type="DURATION" val="PT5M" mod="NA" />
<TIMEX3 id="T2" start="142" end="156" text="32 - 5/7 weeks" type="DURATION" val="P32.71W" mod="NA" />
<TIMEX3 id="T6" start="1550" end="1558" text="13 hours" type="DURATION" val="PT13H" mod="NA" />
<TIMEX3 id="T0" start="18" end="28" text="2013-07-23" type="DATE" val="2013-07-23" mod="NA" />
<TIMEX3 id="T8" start="2000" end="2015" text="day of life one" type="DATE" val="2013-07-24" mod="NA" />
<TIMEX3 id="T9" start="2096" end="2124" text="day of life six ( 2013-07-29" type="DATE" val="2013-07-29" mod="NA" />
<TIMEX3 id="T10" start="2240" end="2243" text="day" type="FREQUENCY" val="RP1D" mod="NA" />
<TIMEX3 id="T11" start="2331" end="2346" text="day of life one" type="DATE" val="2013-07-24" mod="NA" />
<TIMEX3 id="T12" start="2504" end="2509" text="07-27" type="DATE" val="2013-07-27" mod="NA" />
<TIMEX3 id="T13" start="2513" end="2523" text="2013-07-28" type="DATE" val="2013-07-28" mod="NA" />
<TIMEX3 id="T14" start="2645" end="2655" text="2013-07-29" type="DATE" val="2013-07-29" mod="NA" />
<TIMEX3 id="T15" start="2780" end="2788" text="48 hours" type="DURATION" val="PT48H" mod="NA" />
<TIMEX3 id="T3" start="372" end="382" text="2013-09-12" type="DATE" val="2013-09-12" mod="NA" />
<TIMEX3 id="T1" start="46" end="56" text="2013-08-01" type="DATE" val="2013-08-01" mod="NA" />
<SECTIME id="S0" start="18" end="28" text="2013-07-23" type="ADMISSION" dvalue="2013-07-23" />
<SECTIME id="S1" start="46" end="56" text="2013-08-01" type="DISCHARGE" dvalue="2013-08-01" />
<TLINK id="SECTIME0" fromID="E10" fromText="delivery" toID="T1" toText="2013-07-23" type="BEFORE" />
<TLINK id="SECTIME1" fromID="E100" fromText="platelets" toID="T1" toText="2013-07-23" type="BEFORE" />
<TLINK id="SECTIME2" fromID="E101" fromText="The blood culture" toID="T1" toText="2013-07-23" type="BEFORE" />
<TLINK id="SECTIME3" fromID="E102" fromText="Head ultrasound" toID="T1" toText="2013-07-23" type="BEFORE" />
<TLINK id="SECTIME4" fromID="E103" fromText="A hearing screening" toID="T1" toText="2013-07-23" type="BEFORE" />
<TLINK id="SECTIME5" fromID="E104" fromText="discharge" toID="T1" toText="2013-07-23" type="BEFORE" />
<TLINK id="SECTIME6" fromID="E11" fromText="Prenatal screens" toID="T1" toText="2013-07-23" type="BEFORE" />
<TLINK id="SECTIME7" fromID="E12" fromText="blood type" toID="T1" toText="2013-07-23" type="BEFORE" />
<TLINK id="SECTIME8" fromID="E13" fromText="antibody screen" toID="T1" toText="2013-07-23" type="BEFORE" />
<TLINK id="SECTIME9" fromID="E14" fromText="rubella" toID="T1" toText="2013-07-23" type="BEFORE" />
<TLINK id="SECTIME10" fromID="E15" fromText="RPR" toID="T1" toText="2013-07-23" type="BEFORE" />
<TLINK id="SECTIME11" fromID="E16" fromText="Hepatitis B surface antigen" toID="T1" toText="2013-07-23" type="BEFORE" />
<TLINK id="SECTIME12" fromID="E17" fromText="cystic fibrosis" toID="T1" toText="2013-07-23" type="BEFORE" />
<TLINK id="SECTIME13" fromID="E18" fromText="Group B strep" toID="T1" toText="2013-07-23" type="BEFORE" />
<TLINK id="SECTIME14" fromID="E19" fromText="depression" toID="T1" toText="2013-07-23" type="BEFORE" />
<TLINK id="SECTIME15" fromID="E2" fromText="delivered" toID="T1" toText="2013-07-23" type="BEFORE" />
<TLINK id="SECTIME16" fromID="E20" fromText="Zoloft" toID="T1" toText="2013-07-23" type="BEFORE" />
<TLINK id="SECTIME17" fromID="E21" fromText="infertility" toID="T1" toText="2013-07-23" type="BEFORE" />
<TLINK id="SECTIME18" fromID="E22" fromText="Clomid" toID="T1" toText="2013-07-23" type="BEFORE" />
<TLINK id="SECTIME19" fromID="E23" fromText="triplet gestation" toID="T1" toText="2013-07-23" type="BEFORE" />
<TLINK id="SECTIME20" fromID="E24" fromText="cervical shortening" toID="T1" toText="2013-07-23" type="BEFORE" />
<TLINK id="SECTIME21" fromID="E25" fromText="pregnancy induced hypertension" toID="T1" toText="2013-07-23" type="BEFORE" />
<TLINK id="SECTIME22" fromID="E26" fromText="Delivery" toID="T1" toText="2013-07-23" type="BEFORE" />
<TLINK id="SECTIME23" fromID="E27" fromText="cesarean section" toID="T1" toText="2013-07-23" type="BEFORE" />
<TLINK id="SECTIME24" fromID="E28" fromText="spinal anesthesia" toID="T1" toText="2013-07-23" type="BEFORE" />
<TLINK id="SECTIME25" fromID="E29" fromText="pre-eclampsia" toID="T1" toText="2013-07-23" type="BEFORE" />
<TLINK id="SECTIME26" fromID="E3" fromText="gestation" toID="T1" toText="2013-07-23" type="BEFORE" />
<TLINK id="SECTIME27" fromID="E30" fromText="labor or maternal fever" toID="T1" toText="2013-07-23" type="BEFORE" />
<TLINK id="SECTIME28" fromID="E31" fromText="ruptured" toID="T1" toText="2013-07-23" type="BEFORE" />
<TLINK id="SECTIME29" fromID="E32" fromText="delivery" toID="T1" toText="2013-07-23" type="BEFORE" />
<TLINK id="SECTIME30" fromID="E33" fromText="any antibiotics" toID="T1" toText="2013-07-23" type="BEFORE" />
<TLINK id="SECTIME31" fromID="E34" fromText="delivery" toID="T1" toText="2013-07-23" type="BEFORE" />
<TLINK id="SECTIME32" fromID="E35" fromText="dried" toID="T1" toText="2013-07-23" type="BEFORE" />
<TLINK id="SECTIME33" fromID="E36" fromText="bulb suctioned" toID="T1" toText="2013-07-23" type="BEFORE" />
<TLINK id="SECTIME34" fromID="E37" fromText="free flow oxygen" toID="T1" toText="2013-07-23" type="BEFORE" />
<TLINK id="SECTIME35" fromID="E38" fromText="Apgar scores" toID="T1" toText="2013-07-23" type="BEFORE" />
<TLINK id="SECTIME36" fromID="E39" fromText="continuous positive airway pressure" toID="T1" toText="2013-07-23" type="BEFORE" />
<TLINK id="SECTIME37" fromID="E4" fromText="admitted" toID="T1" toText="2013-07-23" type="BEFORE" />
<TLINK id="SECTIME38" fromID="E40" fromText="40% oxygen" toID="T1" toText="2013-07-23" type="BEFORE" />
<TLINK id="SECTIME39" fromID="E41" fromText="increasing respiratory distress" toID="T1" toText="2013-07-23" type="BEFORE" />
<TLINK id="SECTIME40" fromID="E42" fromText="intubated" toID="T1" toText="2013-07-23" type="BEFORE" />
<TLINK id="SECTIME41" fromID="E43" fromText="conventional ventilation" toID="T1" toText="2013-07-23" type="BEFORE" />
<TLINK id="SECTIME42" fromID="E44" fromText="pressures" toID="T1" toText="2013-07-23" type="BEFORE" />
<TLINK id="SECTIME43" fromID="E45" fromText="rate" toID="T1" toText="2013-07-23" type="BEFORE" />
<TLINK id="SECTIME44" fromID="E46" fromText="Survanta" toID="T1" toText="2013-07-23" type="BEFORE" />
<TLINK id="SECTIME45" fromID="E47" fromText="weaned" toID="T1" toText="2013-07-23" type="BEFORE" />
<TLINK id="SECTIME46" fromID="E48" fromText="well" toID="T1" toText="2013-07-23" type="BEFORE" />
<TLINK id="SECTIME47" fromID="E49" fromText="ventilator settings" toID="T1" toText="2013-07-23" type="BEFORE" />
<TLINK id="SECTIME48" fromID="E5" fromText="the newborn intensive care unit" toID="T1" toText="2013-07-23" type="BEFORE" />
<TLINK id="SECTIME49" fromID="E50" fromText="extubated" toID="T1" toText="2013-07-23" type="BEFORE" />
<TLINK id="SECTIME50" fromID="E51" fromText="room air" toID="T1" toText="2013-07-23" type="BEFORE" />
<TLINK id="SECTIME51" fromID="E52" fromText="room air" toID="T1" toText="2013-07-23" type="BEFORE" />
<TLINK id="SECTIME52" fromID="E53" fromText="comfortable work of breathing" toID="T1" toText="2013-07-23" type="BEFORE" />
<TLINK id="SECTIME53" fromID="E54" fromText="respiratory rates" toID="T1" toText="2013-07-23" type="BEFORE" />
<TLINK id="SECTIME54" fromID="E55" fromText="apnea" toID="T1" toText="2013-07-23" type="BEFORE" />
<TLINK id="SECTIME55" fromID="E56" fromText="hemodynamically stable" toID="T1" toText="2013-07-23" type="BEFORE" />
<TLINK id="SECTIME56" fromID="E57" fromText="hospital stay" toID="T1" toText="2013-07-23" type="BEFORE" />
<TLINK id="SECTIME57" fromID="E58" fromText="Heart rates" toID="T1" toText="2013-07-23" type="BEFORE" />
<TLINK id="SECTIME58" fromID="E59" fromText="heart murmur" toID="T1" toText="2013-07-23" type="BEFORE" />
<TLINK id="SECTIME59" fromID="E6" fromText="management" toID="T1" toText="2013-07-23" type="BEFORE" />
<TLINK id="SECTIME60" fromID="E60" fromText="Recent blood pressure" toID="T1" toText="2013-07-23" type="BEFORE" />
<TLINK id="SECTIME61" fromID="E61" fromText="NPO" toID="T1" toText="2013-07-23" type="BEFORE" />
<TLINK id="SECTIME62" fromID="E62" fromText="D10-W" toID="T1" toText="2013-07-23" type="BEFORE" />
<TLINK id="SECTIME63" fromID="E63" fromText="Enteral feeds" toID="T1" toText="2013-07-23" type="BEFORE" />
<TLINK id="SECTIME64" fromID="E64" fromText="full volume feeds" toID="T1" toText="2013-07-23" type="BEFORE" />
<TLINK id="SECTIME65" fromID="E65" fromText="breast milk" toID="T1" toText="2013-07-23" type="BEFORE" />
<TLINK id="SECTIME66" fromID="E66" fromText="special care formula" toID="T1" toText="2013-07-23" type="BEFORE" />
<TLINK id="SECTIME67" fromID="E67" fromText="problems" toID="T1" toText="2013-07-23" type="BEFORE" />
<TLINK id="SECTIME68" fromID="E68" fromText="breast milk" toID="T1" toText="2013-07-23" type="BEFORE" />
<TLINK id="SECTIME69" fromID="E69" fromText="special care formula" toID="T1" toText="2013-07-23" type="BEFORE" />
<TLINK id="SECTIME70" fromID="E7" fromText="prematurity" toID="T1" toText="2013-07-23" type="BEFORE" />
<TLINK id="SECTIME71" fromID="E70" fromText="tolerance" toID="T1" toText="2013-07-23" type="BEFORE" />
<TLINK id="SECTIME72" fromID="E71" fromText="Voiding" toID="T1" toText="2013-07-23" type="BEFORE" />
<TLINK id="SECTIME73" fromID="E72" fromText="stooling" toID="T1" toText="2013-07-23" type="BEFORE" />
<TLINK id="SECTIME74" fromID="E73" fromText="Most recent electrolytes" toID="T1" toText="2013-07-23" type="BEFORE" />
<TLINK id="SECTIME75" fromID="E74" fromText="showed" toID="T1" toText="2013-07-23" type="BEFORE" />
<TLINK id="SECTIME76" fromID="E75" fromText="a sodium" toID="T1" toText="2013-07-23" type="BEFORE" />
<TLINK id="SECTIME77" fromID="E76" fromText="potassium" toID="T1" toText="2013-07-23" type="BEFORE" />
<TLINK id="SECTIME78" fromID="E77" fromText="chloride" toID="T1" toText="2013-07-23" type="BEFORE" />
<TLINK id="SECTIME79" fromID="E78" fromText="Co2" toID="T1" toText="2013-07-23" type="BEFORE" />
<TLINK id="SECTIME80" fromID="E79" fromText="Discharge weight" toID="T1" toText="2013-07-23" type="BEFORE" />
<TLINK id="SECTIME81" fromID="E8" fromText="Birth weight" toID="T1" toText="2013-07-23" type="BEFORE" />
<TLINK id="SECTIME82" fromID="E80" fromText="phototherapy" toID="T1" toText="2013-07-23" type="BEFORE" />
<TLINK id="SECTIME83" fromID="E81" fromText="a peak bilirubin" toID="T1" toText="2013-07-23" type="BEFORE" />
<TLINK id="SECTIME84" fromID="E82" fromText="Phototherapy" toID="T1" toText="2013-07-23" type="BEFORE" />
<TLINK id="SECTIME85" fromID="E83" fromText="bilirubin" toID="T1" toText="2013-07-23" type="BEFORE" />
<TLINK id="SECTIME86" fromID="E84" fromText="a total" toID="T1" toText="2013-07-23" type="BEFORE" />
<TLINK id="SECTIME87" fromID="E85" fromText="Most recent bilirubin" toID="T1" toText="2013-07-23" type="BEFORE" />
<TLINK id="SECTIME88" fromID="E86" fromText="total" toID="T1" toText="2013-07-23" type="BEFORE" />
<TLINK id="SECTIME89" fromID="E87" fromText="direct" toID="T1" toText="2013-07-23" type="BEFORE" />
<TLINK id="SECTIME90" fromID="E88" fromText="Hematocrit" toID="T1" toText="2013-07-23" type="BEFORE" />
<TLINK id="SECTIME91" fromID="E89" fromText="admission" toID="T1" toText="2013-07-23" type="BEFORE" />
<TLINK id="SECTIME92" fromID="E9" fromText="Gravida 5 , para 1" toID="T1" toText="2013-07-23" type="BEFORE" />
<TLINK id="SECTIME93" fromID="E90" fromText="transfusions" toID="T1" toText="2013-07-23" type="BEFORE" />
<TLINK id="SECTIME94" fromID="E91" fromText="Ampicillin" toID="T1" toText="2013-07-23" type="BEFORE" />
<TLINK id="SECTIME95" fromID="E92" fromText="gentamicin" toID="T1" toText="2013-07-23" type="BEFORE" />
<TLINK id="SECTIME96" fromID="E93" fromText="sepsis" toID="T1" toText="2013-07-23" type="BEFORE" />
<TLINK id="SECTIME97" fromID="E94" fromText="CBC" toID="T1" toText="2013-07-23" type="BEFORE" />
<TLINK id="SECTIME98" fromID="E95" fromText="admission" toID="T1" toText="2013-07-23" type="BEFORE" />
<TLINK id="SECTIME99" fromID="E96" fromText="showed" toID="T1" toText="2013-07-23" type="BEFORE" />
<TLINK id="SECTIME100" fromID="E97" fromText="a white count" toID="T1" toText="2013-07-23" type="BEFORE" />
<TLINK id="SECTIME101" fromID="E98" fromText="37 polys" toID="T1" toText="2013-07-23" type="BEFORE" />
<TLINK id="SECTIME102" fromID="E99" fromText="0 bands" toID="T1" toText="2013-07-23" type="BEFORE" />
<TLINK id="TL0" fromID="E10" fromText="delivery" toID="E32" toText="delivery" type="OVERLAP" />
<TLINK id="TL1" fromID="E10" fromText="delivery" toID="E34" toText="delivery" type="OVERLAP" />
<TLINK id="TL2" fromID="E10" fromText="delivery" toID="E9" toText="Gravida 5 , para 1" type="BEFORE" />
<TLINK id="TL3" fromID="E10" fromText="delivery" toID="T3" toText="2013-09-12" type="OVERLAP" />
<TLINK id="TL4" fromID="E100" fromText="platelets" toID="E99" toText="0 bands" type="OVERLAP" />
<TLINK id="TL5" fromID="E103" fromText="A hearing screening" toID="E104" toText="discharge" type="OVERLAP" />
<TLINK id="TL6" fromID="E11" fromText="Prenatal screens" toID="E12" toText="blood type" type="OVERLAP" />
<TLINK id="TL7" fromID="E11" fromText="Prenatal screens" toID="E13" toText="antibody screen" type="OVERLAP" />
<TLINK id="TL8" fromID="E11" fromText="Prenatal screens" toID="E14" toText="rubella" type="OVERLAP" />
<TLINK id="TL9" fromID="E11" fromText="Prenatal screens" toID="E15" toText="RPR" type="OVERLAP" />
<TLINK id="TL10" fromID="E12" fromText="blood type" toID="E11" toText="Prenatal screens" type="OVERLAP" />
<TLINK id="TL11" fromID="E12" fromText="blood type" toID="E13" toText="antibody screen" type="OVERLAP" />
<TLINK id="TL12" fromID="E12" fromText="blood type" toID="E14" toText="rubella" type="OVERLAP" />
<TLINK id="TL13" fromID="E12" fromText="blood type" toID="E15" toText="RPR" type="OVERLAP" />
<TLINK id="TL14" fromID="E13" fromText="antibody screen" toID="E12" toText="blood type" type="OVERLAP" />
<TLINK id="TL15" fromID="E13" fromText="antibody screen" toID="E14" toText="rubella" type="OVERLAP" />
<TLINK id="TL16" fromID="E13" fromText="antibody screen" toID="E15" toText="RPR" type="OVERLAP" />
<TLINK id="TL17" fromID="E14" fromText="rubella" toID="E13" toText="antibody screen" type="OVERLAP" />
<TLINK id="TL18" fromID="E14" fromText="rubella" toID="E15" toText="RPR" type="OVERLAP" />
<TLINK id="TL19" fromID="E15" fromText="RPR" toID="E14" toText="rubella" type="OVERLAP" />
<TLINK id="TL20" fromID="E16" fromText="Hepatitis B surface antigen" toID="E17" toText="cystic fibrosis" type="OVERLAP" />
<TLINK id="TL21" fromID="E16" fromText="Hepatitis B surface antigen" toID="E18" toText="Group B strep" type="OVERLAP" />
<TLINK id="TL22" fromID="E17" fromText="cystic fibrosis" toID="E16" toText="Hepatitis B surface antigen" type="OVERLAP" />
<TLINK id="TL23" fromID="E17" fromText="cystic fibrosis" toID="E18" toText="Group B strep" type="OVERLAP" />
<TLINK id="TL24" fromID="E18" fromText="Group B strep" toID="E17" toText="cystic fibrosis" type="OVERLAP" />
<TLINK id="TL25" fromID="E19" fromText="depression" toID="E20" toText="Zoloft" type="OVERLAP" />
<TLINK id="TL26" fromID="E2" fromText="delivered" toID="E3" toText="gestation" type="OVERLAP" />
<TLINK id="TL27" fromID="E2" fromText="delivered" toID="E4" toText="admitted" type="OVERLAP" />
<TLINK id="TL28" fromID="E2" fromText="delivered" toID="E5" toText="the newborn intensive care unit" type="OVERLAP" />
<TLINK id="TL29" fromID="E2" fromText="delivered" toID="E6" toText="management" type="OVERLAP" />
<TLINK id="TL30" fromID="E2" fromText="delivered" toID="E7" toText="prematurity" type="OVERLAP" />
<TLINK id="TL31" fromID="E2" fromText="delivered" toID="T2" toText="32 - 5/7 weeks" type="OVERLAP" />
<TLINK id="TL32" fromID="E21" fromText="infertility" toID="E22" toText="Clomid" type="OVERLAP" />
<TLINK id="TL33" fromID="E23" fromText="triplet gestation" toID="E24" toText="cervical shortening" type="OVERLAP" />
<TLINK id="TL34" fromID="E23" fromText="triplet gestation" toID="E25" toText="pregnancy induced hypertension" type="OVERLAP" />
<TLINK id="TL35" fromID="E24" fromText="cervical shortening" toID="E25" toText="pregnancy induced hypertension" type="OVERLAP" />
<TLINK id="TL36" fromID="E26" fromText="Delivery" toID="E27" toText="cesarean section" type="OVERLAP" />
<TLINK id="TL37" fromID="E26" fromText="Delivery" toID="E28" toText="spinal anesthesia" type="OVERLAP" />
<TLINK id="TL38" fromID="E26" fromText="Delivery" toID="E29" toText="pre-eclampsia" type="OVERLAP" />
<TLINK id="TL39" fromID="E27" fromText="cesarean section" toID="E26" toText="Delivery" type="AFTER" />
<TLINK id="TL40" fromID="E27" fromText="cesarean section" toID="E28" toText="spinal anesthesia" type="OVERLAP" />
<TLINK id="TL41" fromID="E27" fromText="cesarean section" toID="E29" toText="pre-eclampsia" type="OVERLAP" />
<TLINK id="TL42" fromID="E28" fromText="spinal anesthesia" toID="E27" toText="cesarean section" type="AFTER" />
<TLINK id="TL43" fromID="E28" fromText="spinal anesthesia" toID="E29" toText="pre-eclampsia" type="OVERLAP" />
<TLINK id="TL44" fromID="E29" fromText="pre-eclampsia" toID="E28" toText="spinal anesthesia" type="OVERLAP" />
<TLINK id="TL45" fromID="E3" fromText="gestation" toID="E4" toText="admitted" type="OVERLAP" />
<TLINK id="TL46" fromID="E3" fromText="gestation" toID="E5" toText="the newborn intensive care unit" type="OVERLAP" />
<TLINK id="TL47" fromID="E3" fromText="gestation" toID="E6" toText="management" type="OVERLAP" />
<TLINK id="TL48" fromID="E3" fromText="gestation" toID="E7" toText="prematurity" type="OVERLAP" />
<TLINK id="TL49" fromID="E3" fromText="gestation" toID="T2" toText="32 - 5/7 weeks" type="OVERLAP" />
<TLINK id="TL50" fromID="E31" fromText="ruptured" toID="E32" toText="delivery" type="OVERLAP" />
<TLINK id="TL51" fromID="E32" fromText="delivery" toID="E10" toText="delivery" type="OVERLAP" />
<TLINK id="TL52" fromID="E32" fromText="delivery" toID="E31" toText="ruptured" type="AFTER" />
<TLINK id="TL53" fromID="E32" fromText="delivery" toID="E34" toText="delivery" type="OVERLAP" />
<TLINK id="TL54" fromID="E33" fromText="any antibiotics" toID="E34" toText="delivery" type="OVERLAP" />
<TLINK id="TL55" fromID="E34" fromText="delivery" toID="E10" toText="delivery" type="OVERLAP" />
<TLINK id="TL56" fromID="E34" fromText="delivery" toID="E32" toText="delivery" type="OVERLAP" />
<TLINK id="TL57" fromID="E35" fromText="dried" toID="E36" toText="bulb suctioned" type="OVERLAP" />
<TLINK id="TL58" fromID="E35" fromText="dried" toID="E37" toText="free flow oxygen" type="OVERLAP" />
<TLINK id="TL59" fromID="E36" fromText="bulb suctioned" toID="E35" toText="dried" type="OVERLAP" />
<TLINK id="TL60" fromID="E36" fromText="bulb suctioned" toID="E37" toText="free flow oxygen" type="OVERLAP" />
<TLINK id="TL61" fromID="E37" fromText="free flow oxygen" toID="E36" toText="bulb suctioned" type="AFTER" />
<TLINK id="TL62" fromID="E38" fromText="Apgar scores" toID="T4" toText="one minute" type="OVERLAP" />
<TLINK id="TL63" fromID="E39" fromText="continuous positive airway pressure" toID="E40" toText="40% oxygen" type="OVERLAP" />
<TLINK id="TL64" fromID="E4" fromText="admitted" toID="E3" toText="gestation" type="AFTER" />
<TLINK id="TL65" fromID="E4" fromText="admitted" toID="E5" toText="the newborn intensive care unit" type="OVERLAP" />
<TLINK id="TL66" fromID="E4" fromText="admitted" toID="E6" toText="management" type="OVERLAP" />
<TLINK id="TL67" fromID="E4" fromText="admitted" toID="E7" toText="prematurity" type="OVERLAP" />
<TLINK id="TL68" fromID="E4" fromText="admitted" toID="T2" toText="32 - 5/7 weeks" type="OVERLAP" />
<TLINK id="TL69" fromID="E40" fromText="40% oxygen" toID="E39" toText="continuous positive airway pressure" type="OVERLAP" />
<TLINK id="TL70" fromID="E41" fromText="increasing respiratory distress" toID="E42" toText="intubated" type="OVERLAP" />
<TLINK id="TL71" fromID="E41" fromText="increasing respiratory distress" toID="E43" toText="conventional ventilation" type="OVERLAP" />
<TLINK id="TL72" fromID="E41" fromText="increasing respiratory distress" toID="E44" toText="pressures" type="OVERLAP" />
<TLINK id="TL73" fromID="E41" fromText="increasing respiratory distress" toID="E45" toText="rate" type="OVERLAP" />
<TLINK id="TL74" fromID="E42" fromText="intubated" toID="E43" toText="conventional ventilation" type="OVERLAP" />
<TLINK id="TL75" fromID="E42" fromText="intubated" toID="E44" toText="pressures" type="OVERLAP" />
<TLINK id="TL76" fromID="E42" fromText="intubated" toID="E45" toText="rate" type="OVERLAP" />
<TLINK id="TL77" fromID="E43" fromText="conventional ventilation" toID="E42" toText="intubated" type="OVERLAP" />
<TLINK id="TL78" fromID="E43" fromText="conventional ventilation" toID="E44" toText="pressures" type="OVERLAP" />
<TLINK id="TL79" fromID="E43" fromText="conventional ventilation" toID="E45" toText="rate" type="OVERLAP" />
<TLINK id="TL80" fromID="E44" fromText="pressures" toID="E43" toText="conventional ventilation" type="AFTER" />
<TLINK id="TL81" fromID="E44" fromText="pressures" toID="E45" toText="rate" type="OVERLAP" />
<TLINK id="TL82" fromID="E46" fromText="Survanta" toID="E47" toText="weaned" type="OVERLAP" />
<TLINK id="TL83" fromID="E46" fromText="Survanta" toID="E48" toText="well" type="OVERLAP" />
<TLINK id="TL84" fromID="E46" fromText="Survanta" toID="E49" toText="ventilator settings" type="OVERLAP" />
<TLINK id="TL85" fromID="E47" fromText="weaned" toID="E48" toText="well" type="OVERLAP" />
<TLINK id="TL86" fromID="E47" fromText="weaned" toID="E49" toText="ventilator settings" type="OVERLAP" />
<TLINK id="TL87" fromID="E48" fromText="well" toID="E49" toText="ventilator settings" type="OVERLAP" />
<TLINK id="TL88" fromID="E49" fromText="ventilator settings" toID="E48" toText="well" type="OVERLAP" />
<TLINK id="TL89" fromID="E5" fromText="the newborn intensive care unit" toID="E4" toText="admitted" type="OVERLAP" />
<TLINK id="TL90" fromID="E5" fromText="the newborn intensive care unit" toID="E6" toText="management" type="OVERLAP" />
<TLINK id="TL91" fromID="E5" fromText="the newborn intensive care unit" toID="E7" toText="prematurity" type="OVERLAP" />
<TLINK id="TL92" fromID="E5" fromText="the newborn intensive care unit" toID="T2" toText="32 - 5/7 weeks" type="OVERLAP" />
<TLINK id="TL93" fromID="E50" fromText="extubated" toID="E51" toText="room air" type="OVERLAP" />
<TLINK id="TL94" fromID="E50" fromText="extubated" toID="T6" toText="13 hours" type="OVERLAP" />
<TLINK id="TL95" fromID="E51" fromText="room air" toID="E52" toText="room air" type="OVERLAP" />
<TLINK id="TL96" fromID="E51" fromText="room air" toID="T6" toText="13 hours" type="OVERLAP" />
<TLINK id="TL97" fromID="E52" fromText="room air" toID="E51" toText="room air" type="OVERLAP" />
<TLINK id="TL98" fromID="E52" fromText="room air" toID="E53" toText="comfortable work of breathing" type="OVERLAP" />
<TLINK id="TL99" fromID="E52" fromText="room air" toID="E54" toText="respiratory rates" type="OVERLAP" />
<TLINK id="TL100" fromID="E53" fromText="comfortable work of breathing" toID="E52" toText="room air" type="AFTER" />
<TLINK id="TL101" fromID="E53" fromText="comfortable work of breathing" toID="E54" toText="respiratory rates" type="OVERLAP" />
<TLINK id="TL102" fromID="E54" fromText="respiratory rates" toID="E53" toText="comfortable work of breathing" type="OVERLAP" />
<TLINK id="TL103" fromID="E56" fromText="hemodynamically stable" toID="E57" toText="hospital stay" type="OVERLAP" />
<TLINK id="TL104" fromID="E57" fromText="hospital stay" toID="E56" toText="hemodynamically stable" type="AFTER" />
<TLINK id="TL105" fromID="E58" fromText="Heart rates" toID="E59" toText="heart murmur" type="OVERLAP" />
<TLINK id="TL106" fromID="E59" fromText="heart murmur" toID="E58" toText="Heart rates" type="BEFORE" />
<TLINK id="TL107" fromID="E6" fromText="management" toID="E5" toText="the newborn intensive care unit" type="OVERLAP" />
<TLINK id="TL108" fromID="E6" fromText="management" toID="E7" toText="prematurity" type="OVERLAP" />
<TLINK id="TL109" fromID="E6" fromText="management" toID="T2" toText="32 - 5/7 weeks" type="OVERLAP" />
<TLINK id="TL110" fromID="E61" fromText="NPO" toID="E62" toText="D10-W" type="OVERLAP" />
<TLINK id="TL111" fromID="E63" fromText="Enteral feeds" toID="E64" toText="full volume feeds" type="OVERLAP" />
<TLINK id="TL112" fromID="E63" fromText="Enteral feeds" toID="E65" toText="breast milk" type="OVERLAP" />
<TLINK id="TL113" fromID="E63" fromText="Enteral feeds" toID="E66" toText="special care formula" type="OVERLAP" />
<TLINK id="TL114" fromID="E63" fromText="Enteral feeds" toID="E67" toText="problems" type="OVERLAP" />
<TLINK id="TL115" fromID="E63" fromText="Enteral feeds" toID="T8" toText="day of life one" type="OVERLAP" />
<TLINK id="TL116" fromID="E64" fromText="full volume feeds" toID="E65" toText="breast milk" type="OVERLAP" />
<TLINK id="TL117" fromID="E64" fromText="full volume feeds" toID="E66" toText="special care formula" type="OVERLAP" />
<TLINK id="TL118" fromID="E64" fromText="full volume feeds" toID="E67" toText="problems" type="OVERLAP" />
<TLINK id="TL119" fromID="E64" fromText="full volume feeds" toID="T8" toText="day of life one" type="OVERLAP" />
<TLINK id="TL120" fromID="E65" fromText="breast milk" toID="E64" toText="full volume feeds" type="AFTER" />
<TLINK id="TL121" fromID="E65" fromText="breast milk" toID="E66" toText="special care formula" type="OVERLAP" />
<TLINK id="TL122" fromID="E65" fromText="breast milk" toID="E67" toText="problems" type="OVERLAP" />
<TLINK id="TL123" fromID="E65" fromText="breast milk" toID="E68" toText="breast milk" type="OVERLAP" />
<TLINK id="TL124" fromID="E65" fromText="breast milk" toID="T9" toText="day of life six ( 2013-07-29" type="OVERLAP" />
<TLINK id="TL125" fromID="E66" fromText="special care formula" toID="E65" toText="breast milk" type="OVERLAP" />
<TLINK id="TL126" fromID="E66" fromText="special care formula" toID="E67" toText="problems" type="OVERLAP" />
<TLINK id="TL127" fromID="E66" fromText="special care formula" toID="E69" toText="special care formula" type="OVERLAP" />
<TLINK id="TL128" fromID="E66" fromText="special care formula" toID="T9" toText="day of life six ( 2013-07-29" type="OVERLAP" />
<TLINK id="TL129" fromID="E67" fromText="problems" toID="T9" toText="day of life six ( 2013-07-29" type="OVERLAP" />
<TLINK id="TL130" fromID="E68" fromText="breast milk" toID="E65" toText="breast milk" type="OVERLAP" />
<TLINK id="TL131" fromID="E68" fromText="breast milk" toID="E69" toText="special care formula" type="OVERLAP" />
<TLINK id="TL132" fromID="E68" fromText="breast milk" toID="E70" toText="tolerance" type="OVERLAP" />
<TLINK id="TL133" fromID="E68" fromText="breast milk" toID="T10" toText="day" type="OVERLAP" />
<TLINK id="TL134" fromID="E69" fromText="special care formula" toID="E66" toText="special care formula" type="OVERLAP" />
<TLINK id="TL135" fromID="E69" fromText="special care formula" toID="E68" toText="breast milk" type="OVERLAP" />
<TLINK id="TL136" fromID="E69" fromText="special care formula" toID="E70" toText="tolerance" type="OVERLAP" />
<TLINK id="TL137" fromID="E69" fromText="special care formula" toID="T10" toText="day" type="OVERLAP" />
<TLINK id="TL138" fromID="E7" fromText="prematurity" toID="E6" toText="management" type="OVERLAP" />
<TLINK id="TL139" fromID="E7" fromText="prematurity" toID="T2" toText="32 - 5/7 weeks" type="OVERLAP" />
<TLINK id="TL140" fromID="E70" fromText="tolerance" toID="T10" toText="day" type="OVERLAP" />
<TLINK id="TL141" fromID="E71" fromText="Voiding" toID="E72" toText="stooling" type="OVERLAP" />
<TLINK id="TL142" fromID="E72" fromText="stooling" toID="E71" toText="Voiding" type="AFTER" />
<TLINK id="TL143" fromID="E73" fromText="Most recent electrolytes" toID="E74" toText="showed" type="OVERLAP" />
<TLINK id="TL144" fromID="E73" fromText="Most recent electrolytes" toID="E75" toText="a sodium" type="OVERLAP" />
<TLINK id="TL145" fromID="E73" fromText="Most recent electrolytes" toID="E76" toText="potassium" type="OVERLAP" />
<TLINK id="TL146" fromID="E73" fromText="Most recent electrolytes" toID="E77" toText="chloride" type="OVERLAP" />
<TLINK id="TL147" fromID="E73" fromText="Most recent electrolytes" toID="E78" toText="Co2" type="OVERLAP" />
<TLINK id="TL148" fromID="E73" fromText="Most recent electrolytes" toID="T11" toText="day of life one" type="OVERLAP" />
<TLINK id="TL149" fromID="E74" fromText="showed" toID="E75" toText="a sodium" type="OVERLAP" />
<TLINK id="TL150" fromID="E74" fromText="showed" toID="E76" toText="potassium" type="OVERLAP" />
<TLINK id="TL151" fromID="E74" fromText="showed" toID="E77" toText="chloride" type="OVERLAP" />
<TLINK id="TL152" fromID="E74" fromText="showed" toID="E78" toText="Co2" type="OVERLAP" />
<TLINK id="TL153" fromID="E74" fromText="showed" toID="E96" toText="showed" type="OVERLAP" />
<TLINK id="TL154" fromID="E74" fromText="showed" toID="T11" toText="day of life one" type="OVERLAP" />
<TLINK id="TL155" fromID="E75" fromText="a sodium" toID="E74" toText="showed" type="OVERLAP" />
<TLINK id="TL156" fromID="E75" fromText="a sodium" toID="E76" toText="potassium" type="OVERLAP" />
<TLINK id="TL157" fromID="E75" fromText="a sodium" toID="E77" toText="chloride" type="OVERLAP" />
<TLINK id="TL158" fromID="E75" fromText="a sodium" toID="E78" toText="Co2" type="OVERLAP" />
<TLINK id="TL159" fromID="E75" fromText="a sodium" toID="T11" toText="day of life one" type="OVERLAP" />
<TLINK id="TL160" fromID="E76" fromText="potassium" toID="E75" toText="a sodium" type="OVERLAP" />
<TLINK id="TL161" fromID="E76" fromText="potassium" toID="E77" toText="chloride" type="OVERLAP" />
<TLINK id="TL162" fromID="E76" fromText="potassium" toID="E78" toText="Co2" type="OVERLAP" />
<TLINK id="TL163" fromID="E76" fromText="potassium" toID="T11" toText="day of life one" type="OVERLAP" />
<TLINK id="TL164" fromID="E77" fromText="chloride" toID="E76" toText="potassium" type="OVERLAP" />
<TLINK id="TL165" fromID="E77" fromText="chloride" toID="E78" toText="Co2" type="OVERLAP" />
<TLINK id="TL166" fromID="E77" fromText="chloride" toID="T11" toText="day of life one" type="OVERLAP" />
<TLINK id="TL167" fromID="E78" fromText="Co2" toID="E77" toText="chloride" type="OVERLAP" />
<TLINK id="TL168" fromID="E78" fromText="Co2" toID="T11" toText="day of life one" type="OVERLAP" />
<TLINK id="TL169" fromID="E80" fromText="phototherapy" toID="E81" toText="a peak bilirubin" type="OVERLAP" />
<TLINK id="TL170" fromID="E80" fromText="phototherapy" toID="T12" toText="07-27" type="OVERLAP" />
<TLINK id="TL171" fromID="E81" fromText="a peak bilirubin" toID="T13" toText="2013-07-28" type="OVERLAP" />
<TLINK id="TL172" fromID="E82" fromText="Phototherapy" toID="E83" toText="bilirubin" type="OVERLAP" />
<TLINK id="TL173" fromID="E82" fromText="Phototherapy" toID="E84" toText="a total" type="OVERLAP" />
<TLINK id="TL174" fromID="E83" fromText="bilirubin" toID="E82" toText="Phototherapy" type="OVERLAP" />
<TLINK id="TL175" fromID="E83" fromText="bilirubin" toID="E84" toText="a total" type="OVERLAP" />
<TLINK id="TL176" fromID="E84" fromText="a total" toID="E83" toText="bilirubin" type="OVERLAP" />
<TLINK id="TL177" fromID="E85" fromText="Most recent bilirubin" toID="E86" toText="total" type="OVERLAP" />
<TLINK id="TL178" fromID="E85" fromText="Most recent bilirubin" toID="E87" toText="direct" type="OVERLAP" />
<TLINK id="TL179" fromID="E85" fromText="Most recent bilirubin" toID="T14" toText="2013-07-29" type="OVERLAP" />
<TLINK id="TL180" fromID="E86" fromText="total" toID="E87" toText="direct" type="OVERLAP" />
<TLINK id="TL181" fromID="E86" fromText="total" toID="T14" toText="2013-07-29" type="OVERLAP" />
<TLINK id="TL182" fromID="E87" fromText="direct" toID="E86" toText="total" type="OVERLAP" />
<TLINK id="TL183" fromID="E87" fromText="direct" toID="T14" toText="2013-07-29" type="OVERLAP" />
<TLINK id="TL184" fromID="E88" fromText="Hematocrit" toID="E89" toText="admission" type="OVERLAP" />
<TLINK id="TL185" fromID="E89" fromText="admission" toID="E88" toText="Hematocrit" type="OVERLAP" />
<TLINK id="TL186" fromID="E89" fromText="admission" toID="E95" toText="admission" type="OVERLAP" />
<TLINK id="TL187" fromID="E9" fromText="Gravida 5 , para 1" toID="E10" toText="delivery" type="OVERLAP" />
<TLINK id="TL188" fromID="E9" fromText="Gravida 5 , para 1" toID="T3" toText="2013-09-12" type="OVERLAP" />
<TLINK id="TL189" fromID="E91" fromText="Ampicillin" toID="E92" toText="gentamicin" type="OVERLAP" />
<TLINK id="TL190" fromID="E91" fromText="Ampicillin" toID="E93" toText="sepsis" type="OVERLAP" />
<TLINK id="TL191" fromID="E91" fromText="Ampicillin" toID="T15" toText="48 hours" type="OVERLAP" />
<TLINK id="TL192" fromID="E92" fromText="gentamicin" toID="E91" toText="Ampicillin" type="AFTER" />
<TLINK id="TL193" fromID="E92" fromText="gentamicin" toID="E93" toText="sepsis" type="OVERLAP" />
<TLINK id="TL194" fromID="E92" fromText="gentamicin" toID="T15" toText="48 hours" type="OVERLAP" />
<TLINK id="TL195" fromID="E93" fromText="sepsis" toID="E92" toText="gentamicin" type="BEFORE" />
<TLINK id="TL196" fromID="E93" fromText="sepsis" toID="T15" toText="48 hours" type="OVERLAP" />
<TLINK id="TL197" fromID="E94" fromText="CBC" toID="E100" toText="platelets" type="OVERLAP" />
<TLINK id="TL198" fromID="E94" fromText="CBC" toID="E95" toText="admission" type="OVERLAP" />
<TLINK id="TL199" fromID="E94" fromText="CBC" toID="E96" toText="showed" type="OVERLAP" />
<TLINK id="TL200" fromID="E94" fromText="CBC" toID="E97" toText="a white count" type="OVERLAP" />
<TLINK id="TL201" fromID="E94" fromText="CBC" toID="E98" toText="37 polys" type="OVERLAP" />
<TLINK id="TL202" fromID="E94" fromText="CBC" toID="E99" toText="0 bands" type="OVERLAP" />
<TLINK id="TL203" fromID="E95" fromText="admission" toID="E100" toText="platelets" type="OVERLAP" />
<TLINK id="TL204" fromID="E95" fromText="admission" toID="E89" toText="admission" type="OVERLAP" />
<TLINK id="TL205" fromID="E95" fromText="admission" toID="E94" toText="CBC" type="OVERLAP" />
<TLINK id="TL206" fromID="E95" fromText="admission" toID="E96" toText="showed" type="OVERLAP" />
<TLINK id="TL207" fromID="E95" fromText="admission" toID="E97" toText="a white count" type="OVERLAP" />
<TLINK id="TL208" fromID="E95" fromText="admission" toID="E98" toText="37 polys" type="OVERLAP" />
<TLINK id="TL209" fromID="E95" fromText="admission" toID="E99" toText="0 bands" type="OVERLAP" />
<TLINK id="TL210" fromID="E96" fromText="showed" toID="E100" toText="platelets" type="OVERLAP" />
<TLINK id="TL211" fromID="E96" fromText="showed" toID="E74" toText="showed" type="OVERLAP" />
<TLINK id="TL212" fromID="E96" fromText="showed" toID="E95" toText="admission" type="OVERLAP" />
<TLINK id="TL213" fromID="E96" fromText="showed" toID="E97" toText="a white count" type="OVERLAP" />
<TLINK id="TL214" fromID="E96" fromText="showed" toID="E98" toText="37 polys" type="OVERLAP" />
<TLINK id="TL215" fromID="E96" fromText="showed" toID="E99" toText="0 bands" type="OVERLAP" />
<TLINK id="TL216" fromID="E97" fromText="a white count" toID="E100" toText="platelets" type="OVERLAP" />
<TLINK id="TL217" fromID="E97" fromText="a white count" toID="E95" toText="admission" type="BEFORE" />
<TLINK id="TL218" fromID="E97" fromText="a white count" toID="E96" toText="showed" type="OVERLAP" />
<TLINK id="TL219" fromID="E97" fromText="a white count" toID="E98" toText="37 polys" type="OVERLAP" />
<TLINK id="TL220" fromID="E97" fromText="a white count" toID="E99" toText="0 bands" type="OVERLAP" />
<TLINK id="TL221" fromID="E98" fromText="37 polys" toID="E100" toText="platelets" type="OVERLAP" />
<TLINK id="TL222" fromID="E98" fromText="37 polys" toID="E97" toText="a white count" type="OVERLAP" />
<TLINK id="TL223" fromID="E98" fromText="37 polys" toID="E99" toText="0 bands" type="OVERLAP" />
<TLINK id="TL224" fromID="E99" fromText="0 bands" toID="E100" toText="platelets" type="OVERLAP" />
<TLINK id="TL225" fromID="E99" fromText="0 bands" toID="E98" toText="37 polys" type="OVERLAP" />
<TLINK id="TL226" fromID="T1" fromText="2013-08-01" toID="T0" toText="2013-07-23" type="AFTER" />
<TLINK id="TL227" fromID="T1" fromText="2013-08-01" toID="T11" toText="day of life one" type="AFTER" />
<TLINK id="TL228" fromID="T1" fromText="2013-08-01" toID="T12" toText="07-27" type="AFTER" />
<TLINK id="TL229" fromID="T1" fromText="2013-08-01" toID="T13" toText="2013-07-28" type="AFTER" />
<TLINK id="TL230" fromID="T1" fromText="2013-08-01" toID="T14" toText="2013-07-29" type="AFTER" />
<TLINK id="TL231" fromID="T1" fromText="2013-08-01" toID="T8" toText="day of life one" type="AFTER" />
<TLINK id="TL232" fromID="T1" fromText="2013-08-01" toID="T9" toText="day of life six ( 2013-07-29" type="AFTER" />
<TLINK id="TL233" fromID="T10" fromText="day" toID="E69" toText="special care formula" type="AFTER" />
<TLINK id="TL234" fromID="T10" fromText="day" toID="E70" toText="tolerance" type="AFTER" />
<TLINK id="TL235" fromID="T11" fromText="day of life one" toID="E74" toText="showed" type="BEFORE" />
<TLINK id="TL236" fromID="T11" fromText="day of life one" toID="T0" toText="2013-07-23" type="AFTER" />
<TLINK id="TL237" fromID="T11" fromText="day of life one" toID="T8" toText="day of life one" type="OVERLAP" />
<TLINK id="TL238" fromID="T12" fromText="07-27" toID="T0" toText="2013-07-23" type="AFTER" />
<TLINK id="TL239" fromID="T12" fromText="07-27" toID="T11" toText="day of life one" type="AFTER" />
<TLINK id="TL240" fromID="T12" fromText="07-27" toID="T8" toText="day of life one" type="AFTER" />
<TLINK id="TL241" fromID="T13" fromText="2013-07-28" toID="T0" toText="2013-07-23" type="AFTER" />
<TLINK id="TL242" fromID="T13" fromText="2013-07-28" toID="T11" toText="day of life one" type="AFTER" />
<TLINK id="TL243" fromID="T13" fromText="2013-07-28" toID="T12" toText="07-27" type="AFTER" />
<TLINK id="TL244" fromID="T13" fromText="2013-07-28" toID="T8" toText="day of life one" type="AFTER" />
<TLINK id="TL245" fromID="T14" fromText="2013-07-29" toID="T0" toText="2013-07-23" type="AFTER" />
<TLINK id="TL246" fromID="T14" fromText="2013-07-29" toID="T11" toText="day of life one" type="AFTER" />
<TLINK id="TL247" fromID="T14" fromText="2013-07-29" toID="T12" toText="07-27" type="AFTER" />
<TLINK id="TL248" fromID="T14" fromText="2013-07-29" toID="T13" toText="2013-07-28" type="AFTER" />
<TLINK id="TL249" fromID="T14" fromText="2013-07-29" toID="T8" toText="day of life one" type="AFTER" />
<TLINK id="TL250" fromID="T15" fromText="48 hours" toID="E91" toText="Ampicillin" type="AFTER" />
<TLINK id="TL251" fromID="T2" fromText="32 - 5/7 weeks" toID="E2" toText="delivered" type="AFTER" />
<TLINK id="TL252" fromID="T2" fromText="32 - 5/7 weeks" toID="E3" toText="gestation" type="BEFORE" />
<TLINK id="TL253" fromID="T2" fromText="32 - 5/7 weeks" toID="E4" toText="admitted" type="OVERLAP" />
<TLINK id="TL254" fromID="T3" fromText="2013-09-12" toID="T0" toText="2013-07-23" type="AFTER" />
<TLINK id="TL255" fromID="T3" fromText="2013-09-12" toID="T1" toText="2013-08-01" type="AFTER" />
<TLINK id="TL256" fromID="T3" fromText="2013-09-12" toID="T11" toText="day of life one" type="AFTER" />
<TLINK id="TL257" fromID="T3" fromText="2013-09-12" toID="T12" toText="07-27" type="AFTER" />
<TLINK id="TL258" fromID="T3" fromText="2013-09-12" toID="T13" toText="2013-07-28" type="AFTER" />
<TLINK id="TL259" fromID="T3" fromText="2013-09-12" toID="T14" toText="2013-07-29" type="AFTER" />
<TLINK id="TL260" fromID="T3" fromText="2013-09-12" toID="T8" toText="day of life one" type="AFTER" />
<TLINK id="TL261" fromID="T3" fromText="2013-09-12" toID="T9" toText="day of life six ( 2013-07-29" type="AFTER" />
<TLINK id="TL262" fromID="T4" fromText="one minute" toID="T5" toText="5 minutes" type="OVERLAP" />
<TLINK id="TL263" fromID="T5" fromText="5 minutes" toID="T4" toText="one minute" type="OVERLAP" />
<TLINK id="TL264" fromID="T6" fromText="13 hours" toID="E51" toText="room air" type="AFTER" />
<TLINK id="TL265" fromID="T8" fromText="day of life one" toID="T0" toText="2013-07-23" type="AFTER" />
<TLINK id="TL266" fromID="T8" fromText="day of life one" toID="T11" toText="day of life one" type="OVERLAP" />
<TLINK id="TL267" fromID="T9" fromText="day of life six ( 2013-07-29" toID="T0" toText="2013-07-23" type="AFTER" />
<TLINK id="TL268" fromID="T9" fromText="day of life six ( 2013-07-29" toID="T11" toText="day of life one" type="AFTER" />
<TLINK id="TL269" fromID="T9" fromText="day of life six ( 2013-07-29" toID="T12" toText="07-27" type="AFTER" />
<TLINK id="TL270" fromID="T9" fromText="day of life six ( 2013-07-29" toID="T13" toText="2013-07-28" type="AFTER" />
<TLINK id="TL271" fromID="T9" fromText="day of life six ( 2013-07-29" toID="T14" toText="2013-07-29" type="OVERLAP" />
<TLINK id="TL272" fromID="T9" fromText="day of life six ( 2013-07-29" toID="T8" toText="day of life one" type="AFTER" />
</TAGS>
</ClinicalNarrativeTemporalAnnotation>
