<?xml version="1.0" encoding="UTF-8" ?>
<ClinicalNarrativeTemporalAnnotation>
<TEXT><![CDATA[
Admission Date :
11/09/2003
Discharge Date :
11/16/2003
SERVICE :
GMS 1 Medical Service .
HOSPITAL COURSE :
1. GI :
Patient was transfused 2 units of packed red blood cells overnight , the first night after admission and his hematocrit bumped up appropriately .
He remained hemodynamically stable throughout his admission .
He was continued on a proton pump inhibitor and on iron sulfate and vitamin C .
His Coumadin was held at the time given the bleeding , even though it was important to keep his INR 2.5-3.5 , given his artificial valve it was felt that the risk of continued bleeding was to great to continue the Coumadin .
He was subsequently seen by the GI team who performed an upper endoscopy which demonstrated the following :
In the esophagus , there was a small hiatal hernia and in the stomach there is evidence of erosive gastritis of the body of the stomach and the antrum , the mucous appeared edematous .
A small polyp was found in the fundus which stigmata of old bleeding ; an Endoclip was applied to this .
Another polyp was found in the antrum and cold biopsies were obtained there .
In the duodenum , a small AVM was noted in the second portion of the duodenum and was cauterized .
The biopsy subsequently demonstrated a hyperplastic polyp with acute and chronic inflammation and erosion and reactive epithelial changes but no dysplasia .
Also of note , prior to the upper endoscopy , the patient received fresh frozen plasma to reverse his anticoagulation .
Patient remained hemodynamically stable during and after the upper endoscopy and his hematocrit remained above 30 following this until the point of discharge .
His last recorded hematocrit on discharge was 31.3 .
His last BUN and creatinine were 42 and 1.5 with an INR of 2.5 .
Consideration was given to performing a repeat colonoscopy .
This was discussed with the GI Service who felt that this was not necessary given the recent colonoscopy that he had had in 05/2003 .
2. Cardiovascular :
A :
Ischemia :
Patient &apos;s troponin bump was found to be likely to demand ischemia in the setting of his GI bleed , it was not felt that he was having acute coronary syndrome .
On discharge , he was continued on his aspirin , simvastatin and his Lopressor which was initially held , and subsequently restarted .
B :
Rhythm :
Patient continued to be in A-fib. throughout the admission and was restarted on his Coumadin concurrently with heparin .
Heparin was subsequently DCd once his INR reached a therapeutic level between 2.5-3.5 .
His last reported INR on discharge was 2.5 .
C :
Valves :
Patient had , as noted above , his anticoagulation was initially reversed despite his having artificial valves .
However , his Coumadin was subsequently restarted and he achieved therapeutic INR levels before discharge .
D :
Pump :
Patient , during this hospital course , became hypervolemic likely due to his diuretics being held and due to his receiving blood products .
He was diuresed initially with one dose of Lasix and subsequently with one dose of torsemide after it was discovered that he developed thrombocytopenia on a prior admission in reaction to Lasix .
He subsequently was diuresed to a euvolemic state .
Of note , he did not become thrombocytopenic on this admission .
]]></TEXT>
<TAGS>
<EVENT id="E0" start="1" end="10" text="Admission" modality="FACTUAL" polarity="POS" type="OCCURRENCE" />
<EVENT id="E28" start="1021" end="1025" text="this" modality="FACTUAL" polarity="POS" type="PROBLEM" />
<EVENT id="E29" start="1028" end="1041" text="Another polyp" modality="FACTUAL" polarity="POS" type="PROBLEM" />
<EVENT id="E30" start="1070" end="1083" text="cold biopsies" modality="FACTUAL" polarity="POS" type="TEST" />
<EVENT id="E31" start="1124" end="1135" text="a small AVM" modality="FACTUAL" polarity="POS" type="PROBLEM" />
<EVENT id="E32" start="1192" end="1202" text="cauterized" modality="FACTUAL" polarity="POS" type="TREATMENT" />
<EVENT id="E33" start="1205" end="1215" text="The biopsy" modality="FACTUAL" polarity="POS" type="TEST" />
<EVENT id="E34" start="1229" end="1241" text="demonstrated" modality="FACTUAL" polarity="POS" type="EVIDENTIAL" />
<EVENT id="E35" start="1242" end="1262" text="a hyperplastic polyp" modality="FACTUAL" polarity="POS" type="PROBLEM" />
<EVENT id="E36" start="1268" end="1298" text="acute and chronic inflammation" modality="FACTUAL" polarity="POS" type="PROBLEM" />
<EVENT id="E37" start="1303" end="1310" text="erosion" modality="FACTUAL" polarity="POS" type="PROBLEM" />
<EVENT id="E38" start="1315" end="1342" text="reactive epithelial changes" modality="FACTUAL" polarity="POS" type="PROBLEM" />
<EVENT id="E39" start="1350" end="1359" text="dysplasia" modality="FACTUAL" polarity="POS" type="PROBLEM" />
<EVENT id="E40" start="1386" end="1405" text="the upper endoscopy" modality="FACTUAL" polarity="POS" type="TEST" />
<EVENT id="E2" start="140" end="173" text="2 units of packed red blood cells" modality="FACTUAL" polarity="POS" type="TREATMENT" />
<EVENT id="E41" start="1429" end="1448" text="fresh frozen plasma" modality="FACTUAL" polarity="POS" type="TREATMENT" />
<EVENT id="E42" start="1460" end="1479" text="his anticoagulation" modality="FACTUAL" polarity="POS" type="TREATMENT" />
<EVENT id="E43" start="1499" end="1521" text="hemodynamically stable" modality="FACTUAL" polarity="POS" type="OCCURRENCE" />
<EVENT id="E44" start="1539" end="1558" text="the upper endoscopy" modality="FACTUAL" polarity="POS" type="TEST" />
<EVENT id="E45" start="1563" end="1577" text="his hematocrit" modality="FACTUAL" polarity="POS" type="TEST" />
<EVENT id="E46" start="1606" end="1610" text="this" modality="FACTUAL" polarity="POS" type="TEST" />
<EVENT id="E47" start="1630" end="1639" text="discharge" modality="FACTUAL" polarity="POS" type="OCCURRENCE" />
<EVENT id="E48" start="1642" end="1670" text="His last recorded hematocrit" modality="FACTUAL" polarity="POS" type="TEST" />
<EVENT id="E49" start="1674" end="1683" text="discharge" modality="FACTUAL" polarity="POS" type="OCCURRENCE" />
<EVENT id="E50" start="1695" end="1707" text="His last BUN" modality="FACTUAL" polarity="POS" type="TEST" />
<EVENT id="E51" start="1712" end="1722" text="creatinine" modality="FACTUAL" polarity="POS" type="TEST" />
<EVENT id="E52" start="1744" end="1750" text="an INR" modality="FACTUAL" polarity="POS" type="TEST" />
<EVENT id="E53" start="1798" end="1818" text="a repeat colonoscopy" modality="PROPOSED" polarity="POS" type="TEST" />
<EVENT id="E54" start="1821" end="1825" text="This" modality="PROPOSED" polarity="POS" type="TEST" />
<EVENT id="E55" start="1874" end="1878" text="this" modality="FACTUAL" polarity="NEG" type="TEST" />
<EVENT id="E56" start="1903" end="1925" text="the recent colonoscopy" modality="FACTUAL" polarity="POS" type="TEST" />
<EVENT id="E58" start="1979" end="1987" text="Ischemia" modality="FACTUAL" polarity="POS" type="PROBLEM" />
<EVENT id="E59" start="1990" end="2019" text="Patient &apos;s troponin bump" modality="FACTUAL" polarity="POS" type="PROBLEM" />
<EVENT id="E60" start="2046" end="2061" text="demand ischemia" modality="FACTUAL" polarity="POS" type="PROBLEM" />
<EVENT id="E61" start="2080" end="2092" text="his GI bleed" modality="FACTUAL" polarity="POS" type="PROBLEM" />
<EVENT id="E3" start="208" end="217" text="admission" modality="FACTUAL" polarity="POS" type="OCCURRENCE" />
<EVENT id="E62" start="2130" end="2153" text="acute coronary syndrome" modality="FACTUAL" polarity="NEG" type="PROBLEM" />
<EVENT id="E57" start="2159" end="2168" text="discharge" modality="FACTUAL" polarity="POS" type="OCCURRENCE" />
<EVENT id="E63" start="2191" end="2202" text="his aspirin" modality="FACTUAL" polarity="POS" type="TREATMENT" />
<EVENT id="E64" start="2205" end="2216" text="simvastatin" modality="FACTUAL" polarity="POS" type="TREATMENT" />
<EVENT id="E4" start="222" end="236" text="his hematocrit" modality="FACTUAL" polarity="POS" type="TEST" />
<EVENT id="E65" start="2221" end="2234" text="his Lopressor" modality="FACTUAL" polarity="POS" type="TREATMENT" />
<EVENT id="E66" start="2331" end="2337" text="A-fib." modality="FACTUAL" polarity="NEG" type="PROBLEM" />
<EVENT id="E67" start="2349" end="2362" text="the admission" modality="FACTUAL" polarity="POS" type="OCCURRENCE" />
<EVENT id="E5" start="237" end="246" text="bumped up" modality="FACTUAL" polarity="POS" type="OCCURRENCE" />
<EVENT id="E68" start="2384" end="2396" text="his Coumadin" modality="FACTUAL" polarity="POS" type="TREATMENT" />
<EVENT id="E69" start="2415" end="2422" text="heparin" modality="FACTUAL" polarity="POS" type="TREATMENT" />
<EVENT id="E70" start="2425" end="2432" text="Heparin" modality="FACTUAL" polarity="NEG" type="TREATMENT" />
<EVENT id="E71" start="2459" end="2466" text="his INR" modality="FACTUAL" polarity="POS" type="TEST" />
<EVENT id="E72" start="2475" end="2494" text="a therapeutic level" modality="FACTUAL" polarity="POS" type="OCCURRENCE" />
<EVENT id="E73" start="2513" end="2534" text="His last reported INR" modality="FACTUAL" polarity="POS" type="TEST" />
<EVENT id="E74" start="2538" end="2547" text="discharge" modality="FACTUAL" polarity="POS" type="OCCURRENCE" />
<EVENT id="E75" start="2562" end="2568" text="Valves" modality="FACTUAL" polarity="POS" type="TREATMENT" />
<EVENT id="E76" start="2602" end="2621" text="his anticoagulation" modality="FACTUAL" polarity="NEG" type="TREATMENT" />
<EVENT id="E77" start="2664" end="2681" text="artificial valves" modality="FACTUAL" polarity="POS" type="TREATMENT" />
<EVENT id="E78" start="2694" end="2706" text="his Coumadin" modality="FACTUAL" polarity="POS" type="TREATMENT" />
<EVENT id="E6" start="275" end="297" text="hemodynamically stable" modality="FACTUAL" polarity="POS" type="OCCURRENCE" />
<EVENT id="E79" start="2750" end="2772" text="therapeutic INR levels" modality="FACTUAL" polarity="POS" type="TEST" />
<EVENT id="E80" start="2780" end="2789" text="discharge" modality="FACTUAL" polarity="POS" type="OCCURRENCE" />
<EVENT id="E81" start="2820" end="2840" text="this hospital course" modality="FACTUAL" polarity="POS" type="OCCURRENCE" />
<EVENT id="E82" start="2850" end="2862" text="hypervolemic" modality="FACTUAL" polarity="POS" type="PROBLEM" />
<EVENT id="E83" start="2877" end="2890" text="his diuretics" modality="FACTUAL" polarity="NEG" type="TREATMENT" />
<EVENT id="E1" start="29" end="38" text="Discharge" modality="FACTUAL" polarity="POS" type="OCCURRENCE" />
<EVENT id="E84" start="2927" end="2941" text="blood products" modality="FACTUAL" polarity="POS" type="TREATMENT" />
<EVENT id="E85" start="2951" end="2959" text="diuresed" modality="FACTUAL" polarity="POS" type="TREATMENT" />
<EVENT id="E86" start="2987" end="2992" text="Lasix" modality="FACTUAL" polarity="POS" type="TREATMENT" />
<EVENT id="E87" start="3027" end="3036" text="torsemide" modality="FACTUAL" polarity="POS" type="TREATMENT" />
<EVENT id="E88" start="3079" end="3095" text="thrombocytopenia" modality="FACTUAL" polarity="POS" type="PROBLEM" />
<EVENT id="E7" start="309" end="322" text="his admission" modality="FACTUAL" polarity="POS" type="OCCURRENCE" />
<EVENT id="E89" start="3099" end="3116" text="a prior admission" modality="FACTUAL" polarity="POS" type="OCCURRENCE" />
<EVENT id="E90" start="3132" end="3137" text="Lasix" modality="FACTUAL" polarity="POS" type="TREATMENT" />
<EVENT id="E91" start="3160" end="3168" text="diuresed" modality="FACTUAL" polarity="POS" type="TREATMENT" />
<EVENT id="E92" start="3172" end="3189" text="a euvolemic state" modality="FACTUAL" polarity="POS" type="OCCURRENCE" />
<EVENT id="E93" start="3220" end="3236" text="thrombocytopenic" modality="FACTUAL" polarity="NEG" type="PROBLEM" />
<EVENT id="E94" start="3240" end="3254" text="this admission" modality="FACTUAL" polarity="POS" type="OCCURRENCE" />
<EVENT id="E8" start="345" end="368" text="a proton pump inhibitor" modality="FACTUAL" polarity="POS" type="TREATMENT" />
<EVENT id="E9" start="376" end="388" text="iron sulfate" modality="FACTUAL" polarity="POS" type="TREATMENT" />
<EVENT id="E10" start="393" end="402" text="vitamin C" modality="FACTUAL" polarity="POS" type="TREATMENT" />
<EVENT id="E11" start="405" end="417" text="His Coumadin" modality="FACTUAL" polarity="POS" type="TREATMENT" />
<EVENT id="E12" start="445" end="457" text="the bleeding" modality="FACTUAL" polarity="POS" type="PROBLEM" />
<EVENT id="E13" start="497" end="504" text="his INR" modality="FACTUAL" polarity="POS" type="TEST" />
<EVENT id="E14" start="521" end="541" text="his artificial valve" modality="FACTUAL" polarity="POS" type="TREATMENT" />
<EVENT id="E16" start="571" end="589" text="continued bleeding" modality="CONDITIONAL" polarity="POS" type="PROBLEM" />
<EVENT id="E17" start="615" end="627" text="the Coumadin" modality="FACTUAL" polarity="NEG" type="TREATMENT" />
<EVENT id="E18" start="650" end="669" text="seen by the GI team" modality="FACTUAL" polarity="POS" type="OCCURRENCE" />
<EVENT id="E19" start="684" end="702" text="an upper endoscopy" modality="FACTUAL" polarity="POS" type="TEST" />
<EVENT id="E20" start="709" end="721" text="demonstrated" modality="FACTUAL" polarity="POS" type="EVIDENTIAL" />
<EVENT id="E21" start="767" end="788" text="a small hiatal hernia" modality="FACTUAL" polarity="POS" type="PROBLEM" />
<EVENT id="E22" start="829" end="846" text="erosive gastritis" modality="FACTUAL" polarity="POS" type="PROBLEM" />
<EVENT id="E23" start="911" end="920" text="edematous" modality="FACTUAL" polarity="POS" type="PROBLEM" />
<EVENT id="E24" start="923" end="936" text="A small polyp" modality="FACTUAL" polarity="POS" type="PROBLEM" />
<EVENT id="E25" start="967" end="975" text="stigmata" modality="FACTUAL" polarity="POS" type="PROBLEM" />
<EVENT id="E26" start="979" end="991" text="old bleeding" modality="FACTUAL" polarity="POS" type="PROBLEM" />
<EVENT id="E27" start="994" end="1005" text="an Endoclip" modality="FACTUAL" polarity="POS" type="TREATMENT" />
<TIMEX3 id="T2" start="174" end="183" text="overnight" type="DURATION" val="PT12H" mod="APPROX" />
<TIMEX3 id="T0" start="18" end="28" text="11/09/2003" type="DATE" val="2003-11-09" mod="NA" />
<TIMEX3 id="T3" start="186" end="201" text="the first night" type="DATE" val="2003-11-09" mod="END" />
<TIMEX3 id="T5" start="1945" end="1952" text="05/2003" type="DATE" val="2003-05" mod="NA" />
<TIMEX3 id="T6" start="2975" end="2978" text="one" type="FREQUENCY" val="R1" mod="NA" />
<TIMEX3 id="T7" start="3015" end="3018" text="one" type="FREQUENCY" val="R1" mod="NA" />
<TIMEX3 id="T4" start="430" end="438" text="the time" type="DATE" val="2003-11-09" mod="APPROX" />
<TIMEX3 id="T1" start="46" end="56" text="11/16/2003" type="DATE" val="2003-11-16" mod="NA" />
<SECTIME id="S0" start="18" end="28" text="11/09/2003" type="ADMISSION" dvalue="2003-11-09" />
<SECTIME id="S1" start="46" end="56" text="11/16/2003" type="DISCHARGE" dvalue="2003-11-16" />
<TLINK id="SECTIME0" fromID="E10" fromText="vitamin C" toID="T1" toText="11/09/2003" type="BEFORE" />
<TLINK id="SECTIME1" fromID="E11" fromText="His Coumadin" toID="T1" toText="11/09/2003" type="BEFORE" />
<TLINK id="SECTIME2" fromID="E12" fromText="the bleeding" toID="T1" toText="11/09/2003" type="BEFORE" />
<TLINK id="SECTIME3" fromID="E13" fromText="his INR" toID="T1" toText="11/09/2003" type="BEFORE" />
<TLINK id="SECTIME4" fromID="E14" fromText="his artificial valve" toID="T1" toText="11/09/2003" type="BEFORE" />
<TLINK id="SECTIME5" fromID="E16" fromText="continued bleeding" toID="T1" toText="11/09/2003" type="BEFORE" />
<TLINK id="SECTIME6" fromID="E17" fromText="the Coumadin" toID="T1" toText="11/09/2003" type="BEFORE" />
<TLINK id="SECTIME7" fromID="E2" fromText="2 units of packed red blood cells" toID="T1" toText="11/09/2003" type="BEFORE" />
<TLINK id="SECTIME8" fromID="E21" fromText="a small hiatal hernia" toID="T1" toText="11/09/2003" type="BEFORE" />
<TLINK id="SECTIME9" fromID="E22" fromText="erosive gastritis" toID="T1" toText="11/09/2003" type="BEFORE" />
<TLINK id="SECTIME10" fromID="E23" fromText="edematous" toID="T1" toText="11/09/2003" type="BEFORE" />
<TLINK id="SECTIME11" fromID="E24" fromText="A small polyp" toID="T1" toText="11/09/2003" type="BEFORE" />
<TLINK id="SECTIME12" fromID="E25" fromText="stigmata" toID="T1" toText="11/09/2003" type="BEFORE" />
<TLINK id="SECTIME13" fromID="E26" fromText="old bleeding" toID="T1" toText="11/09/2003" type="BEFORE" />
<TLINK id="SECTIME14" fromID="E27" fromText="an Endoclip" toID="T1" toText="11/09/2003" type="BEFORE" />
<TLINK id="SECTIME15" fromID="E28" fromText="this" toID="T1" toText="11/09/2003" type="BEFORE" />
<TLINK id="SECTIME16" fromID="E29" fromText="Another polyp" toID="T1" toText="11/09/2003" type="BEFORE" />
<TLINK id="SECTIME17" fromID="E3" fromText="admission" toID="T1" toText="11/09/2003" type="BEFORE" />
<TLINK id="SECTIME18" fromID="E30" fromText="cold biopsies" toID="T1" toText="11/09/2003" type="BEFORE" />
<TLINK id="SECTIME19" fromID="E31" fromText="a small AVM" toID="T1" toText="11/09/2003" type="BEFORE" />
<TLINK id="SECTIME20" fromID="E32" fromText="cauterized" toID="T1" toText="11/09/2003" type="BEFORE" />
<TLINK id="SECTIME21" fromID="E33" fromText="The biopsy" toID="T1" toText="11/09/2003" type="BEFORE" />
<TLINK id="SECTIME22" fromID="E34" fromText="demonstrated" toID="T1" toText="11/09/2003" type="BEFORE" />
<TLINK id="SECTIME23" fromID="E35" fromText="a hyperplastic polyp" toID="T1" toText="11/09/2003" type="BEFORE" />
<TLINK id="SECTIME24" fromID="E36" fromText="acute and chronic inflammation" toID="T1" toText="11/09/2003" type="BEFORE" />
<TLINK id="SECTIME25" fromID="E37" fromText="erosion" toID="T1" toText="11/09/2003" type="BEFORE" />
<TLINK id="SECTIME26" fromID="E38" fromText="reactive epithelial changes" toID="T1" toText="11/09/2003" type="BEFORE" />
<TLINK id="SECTIME27" fromID="E39" fromText="dysplasia" toID="T1" toText="11/09/2003" type="BEFORE" />
<TLINK id="SECTIME28" fromID="E4" fromText="his hematocrit" toID="T1" toText="11/09/2003" type="BEFORE" />
<TLINK id="SECTIME29" fromID="E40" fromText="the upper endoscopy" toID="T1" toText="11/09/2003" type="BEFORE" />
<TLINK id="SECTIME30" fromID="E41" fromText="fresh frozen plasma" toID="T1" toText="11/09/2003" type="BEFORE" />
<TLINK id="SECTIME31" fromID="E42" fromText="his anticoagulation" toID="T1" toText="11/09/2003" type="BEFORE" />
<TLINK id="SECTIME32" fromID="E43" fromText="hemodynamically stable" toID="T1" toText="11/09/2003" type="BEFORE" />
<TLINK id="SECTIME33" fromID="E44" fromText="the upper endoscopy" toID="T1" toText="11/09/2003" type="BEFORE" />
<TLINK id="SECTIME34" fromID="E45" fromText="his hematocrit" toID="T1" toText="11/09/2003" type="BEFORE" />
<TLINK id="SECTIME35" fromID="E46" fromText="this" toID="T1" toText="11/09/2003" type="BEFORE" />
<TLINK id="SECTIME36" fromID="E47" fromText="discharge" toID="T1" toText="11/09/2003" type="BEFORE" />
<TLINK id="SECTIME37" fromID="E48" fromText="His last recorded hematocrit" toID="T1" toText="11/09/2003" type="BEFORE" />
<TLINK id="SECTIME38" fromID="E49" fromText="discharge" toID="T1" toText="11/09/2003" type="BEFORE" />
<TLINK id="SECTIME39" fromID="E5" fromText="bumped up" toID="T1" toText="11/09/2003" type="BEFORE" />
<TLINK id="SECTIME40" fromID="E50" fromText="His last BUN" toID="T1" toText="11/09/2003" type="BEFORE" />
<TLINK id="SECTIME41" fromID="E51" fromText="creatinine" toID="T1" toText="11/09/2003" type="BEFORE" />
<TLINK id="SECTIME42" fromID="E52" fromText="an INR" toID="T1" toText="11/09/2003" type="BEFORE" />
<TLINK id="SECTIME43" fromID="E53" fromText="a repeat colonoscopy" toID="T1" toText="11/09/2003" type="BEFORE" />
<TLINK id="SECTIME44" fromID="E54" fromText="This" toID="T1" toText="11/09/2003" type="BEFORE" />
<TLINK id="SECTIME45" fromID="E55" fromText="this" toID="T1" toText="11/09/2003" type="BEFORE" />
<TLINK id="SECTIME46" fromID="E56" fromText="the recent colonoscopy" toID="T1" toText="11/09/2003" type="BEFORE" />
<TLINK id="SECTIME47" fromID="E57" fromText="discharge" toID="T1" toText="11/09/2003" type="BEFORE" />
<TLINK id="SECTIME48" fromID="E59" fromText="Patient 's troponin bump" toID="T1" toText="11/09/2003" type="BEFORE" />
<TLINK id="SECTIME49" fromID="E6" fromText="hemodynamically stable" toID="T1" toText="11/09/2003" type="BEFORE" />
<TLINK id="SECTIME50" fromID="E60" fromText="demand ischemia" toID="T1" toText="11/09/2003" type="BEFORE" />
<TLINK id="SECTIME51" fromID="E61" fromText="his GI bleed" toID="T1" toText="11/09/2003" type="BEFORE" />
<TLINK id="SECTIME52" fromID="E62" fromText="acute coronary syndrome" toID="T1" toText="11/09/2003" type="BEFORE" />
<TLINK id="SECTIME53" fromID="E63" fromText="his aspirin" toID="T1" toText="11/09/2003" type="BEFORE" />
<TLINK id="SECTIME54" fromID="E64" fromText="simvastatin" toID="T1" toText="11/09/2003" type="BEFORE" />
<TLINK id="SECTIME55" fromID="E65" fromText="his Lopressor" toID="T1" toText="11/09/2003" type="BEFORE" />
<TLINK id="SECTIME56" fromID="E66" fromText="A-fib." toID="T1" toText="11/09/2003" type="BEFORE" />
<TLINK id="SECTIME57" fromID="E67" fromText="the admission" toID="T1" toText="11/09/2003" type="BEFORE" />
<TLINK id="SECTIME58" fromID="E68" fromText="his Coumadin" toID="T1" toText="11/09/2003" type="BEFORE" />
<TLINK id="SECTIME59" fromID="E69" fromText="heparin" toID="T1" toText="11/09/2003" type="BEFORE" />
<TLINK id="SECTIME60" fromID="E7" fromText="his admission" toID="T1" toText="11/09/2003" type="BEFORE" />
<TLINK id="SECTIME61" fromID="E70" fromText="Heparin" toID="T1" toText="11/09/2003" type="BEFORE" />
<TLINK id="SECTIME62" fromID="E71" fromText="his INR" toID="T1" toText="11/09/2003" type="BEFORE" />
<TLINK id="SECTIME63" fromID="E72" fromText="a therapeutic level" toID="T1" toText="11/09/2003" type="BEFORE" />
<TLINK id="SECTIME64" fromID="E73" fromText="His last reported INR" toID="T1" toText="11/09/2003" type="BEFORE" />
<TLINK id="SECTIME65" fromID="E74" fromText="discharge" toID="T1" toText="11/09/2003" type="BEFORE" />
<TLINK id="SECTIME66" fromID="E76" fromText="his anticoagulation" toID="T1" toText="11/09/2003" type="BEFORE" />
<TLINK id="SECTIME67" fromID="E77" fromText="artificial valves" toID="T1" toText="11/09/2003" type="BEFORE" />
<TLINK id="SECTIME68" fromID="E78" fromText="his Coumadin" toID="T1" toText="11/09/2003" type="BEFORE" />
<TLINK id="SECTIME69" fromID="E79" fromText="therapeutic INR levels" toID="T1" toText="11/09/2003" type="BEFORE" />
<TLINK id="SECTIME70" fromID="E8" fromText="a proton pump inhibitor" toID="T1" toText="11/09/2003" type="BEFORE" />
<TLINK id="SECTIME71" fromID="E80" fromText="discharge" toID="T1" toText="11/09/2003" type="BEFORE" />
<TLINK id="SECTIME72" fromID="E81" fromText="this hospital course" toID="T1" toText="11/09/2003" type="BEFORE" />
<TLINK id="SECTIME73" fromID="E82" fromText="hypervolemic" toID="T1" toText="11/09/2003" type="BEFORE" />
<TLINK id="SECTIME74" fromID="E83" fromText="his diuretics" toID="T1" toText="11/09/2003" type="BEFORE" />
<TLINK id="SECTIME75" fromID="E84" fromText="blood products" toID="T1" toText="11/09/2003" type="BEFORE" />
<TLINK id="SECTIME76" fromID="E85" fromText="diuresed" toID="T1" toText="11/09/2003" type="BEFORE" />
<TLINK id="SECTIME77" fromID="E86" fromText="Lasix" toID="T1" toText="11/09/2003" type="BEFORE" />
<TLINK id="SECTIME78" fromID="E87" fromText="torsemide" toID="T1" toText="11/09/2003" type="BEFORE" />
<TLINK id="SECTIME79" fromID="E88" fromText="thrombocytopenia" toID="T1" toText="11/09/2003" type="BEFORE" />
<TLINK id="SECTIME80" fromID="E89" fromText="a prior admission" toID="T1" toText="11/09/2003" type="BEFORE" />
<TLINK id="SECTIME81" fromID="E9" fromText="iron sulfate" toID="T1" toText="11/09/2003" type="BEFORE" />
<TLINK id="SECTIME82" fromID="E91" fromText="diuresed" toID="T1" toText="11/09/2003" type="BEFORE" />
<TLINK id="SECTIME83" fromID="E92" fromText="a euvolemic state" toID="T1" toText="11/09/2003" type="BEFORE" />
<TLINK id="SECTIME84" fromID="E93" fromText="thrombocytopenic" toID="T1" toText="11/09/2003" type="BEFORE" />
<TLINK id="SECTIME85" fromID="E94" fromText="this admission" toID="T1" toText="11/09/2003" type="BEFORE" />
<TLINK id="TL0" fromID="E10" fromText="vitamin C" toID="E9" toText="iron sulfate" type="AFTER" />
<TLINK id="TL1" fromID="E11" fromText="His Coumadin" toID="E12" toText="the bleeding" type="OVERLAP" />
<TLINK id="TL2" fromID="E11" fromText="His Coumadin" toID="E13" toText="his INR" type="OVERLAP" />
<TLINK id="TL3" fromID="E11" fromText="His Coumadin" toID="E14" toText="his artificial valve" type="OVERLAP" />
<TLINK id="TL4" fromID="E11" fromText="His Coumadin" toID="E16" toText="continued bleeding" type="OVERLAP" />
<TLINK id="TL5" fromID="E11" fromText="His Coumadin" toID="E17" toText="the Coumadin" type="OVERLAP" />
<TLINK id="TL6" fromID="E11" fromText="His Coumadin" toID="T4" toText="the time" type="OVERLAP" />
<TLINK id="TL7" fromID="E12" fromText="the bleeding" toID="E13" toText="his INR" type="OVERLAP" />
<TLINK id="TL8" fromID="E12" fromText="the bleeding" toID="E14" toText="his artificial valve" type="OVERLAP" />
<TLINK id="TL9" fromID="E12" fromText="the bleeding" toID="E16" toText="continued bleeding" type="OVERLAP" />
<TLINK id="TL10" fromID="E12" fromText="the bleeding" toID="E17" toText="the Coumadin" type="OVERLAP" />
<TLINK id="TL11" fromID="E12" fromText="the bleeding" toID="T4" toText="the time" type="OVERLAP" />
<TLINK id="TL12" fromID="E13" fromText="his INR" toID="E14" toText="his artificial valve" type="OVERLAP" />
<TLINK id="TL13" fromID="E13" fromText="his INR" toID="E16" toText="continued bleeding" type="OVERLAP" />
<TLINK id="TL14" fromID="E13" fromText="his INR" toID="E17" toText="the Coumadin" type="OVERLAP" />
<TLINK id="TL15" fromID="E13" fromText="his INR" toID="E71" toText="his INR" type="OVERLAP" />
<TLINK id="TL16" fromID="E13" fromText="his INR" toID="T4" toText="the time" type="OVERLAP" />
<TLINK id="TL17" fromID="E14" fromText="his artificial valve" toID="E13" toText="his INR" type="OVERLAP" />
<TLINK id="TL18" fromID="E14" fromText="his artificial valve" toID="E16" toText="continued bleeding" type="OVERLAP" />
<TLINK id="TL19" fromID="E14" fromText="his artificial valve" toID="E17" toText="the Coumadin" type="OVERLAP" />
<TLINK id="TL20" fromID="E14" fromText="his artificial valve" toID="T4" toText="the time" type="OVERLAP" />
<TLINK id="TL21" fromID="E16" fromText="continued bleeding" toID="E14" toText="his artificial valve" type="AFTER" />
<TLINK id="TL22" fromID="E16" fromText="continued bleeding" toID="E17" toText="the Coumadin" type="OVERLAP" />
<TLINK id="TL23" fromID="E16" fromText="continued bleeding" toID="T4" toText="the time" type="OVERLAP" />
<TLINK id="TL24" fromID="E17" fromText="the Coumadin" toID="T4" toText="the time" type="OVERLAP" />
<TLINK id="TL25" fromID="E18" fromText="seen by the GI team" toID="E19" toText="an upper endoscopy" type="OVERLAP" />
<TLINK id="TL26" fromID="E18" fromText="seen by the GI team" toID="E20" toText="demonstrated" type="OVERLAP" />
<TLINK id="TL27" fromID="E19" fromText="an upper endoscopy" toID="E18" toText="seen by the GI team" type="OVERLAP" />
<TLINK id="TL28" fromID="E19" fromText="an upper endoscopy" toID="E20" toText="demonstrated" type="OVERLAP" />
<TLINK id="TL29" fromID="E2" fromText="2 units of packed red blood cells" toID="E3" toText="admission" type="OVERLAP" />
<TLINK id="TL30" fromID="E2" fromText="2 units of packed red blood cells" toID="E4" toText="his hematocrit" type="OVERLAP" />
<TLINK id="TL31" fromID="E2" fromText="2 units of packed red blood cells" toID="E5" toText="bumped up" type="OVERLAP" />
<TLINK id="TL32" fromID="E2" fromText="2 units of packed red blood cells" toID="T2" toText="overnight" type="OVERLAP" />
<TLINK id="TL33" fromID="E20" fromText="demonstrated" toID="E19" toText="an upper endoscopy" type="OVERLAP" />
<TLINK id="TL34" fromID="E20" fromText="demonstrated" toID="E34" toText="demonstrated" type="OVERLAP" />
<TLINK id="TL35" fromID="E21" fromText="a small hiatal hernia" toID="E22" toText="erosive gastritis" type="OVERLAP" />
<TLINK id="TL36" fromID="E21" fromText="a small hiatal hernia" toID="E23" toText="edematous" type="OVERLAP" />
<TLINK id="TL37" fromID="E22" fromText="erosive gastritis" toID="E23" toText="edematous" type="OVERLAP" />
<TLINK id="TL38" fromID="E24" fromText="A small polyp" toID="E25" toText="stigmata" type="OVERLAP" />
<TLINK id="TL39" fromID="E24" fromText="A small polyp" toID="E26" toText="old bleeding" type="OVERLAP" />
<TLINK id="TL40" fromID="E24" fromText="A small polyp" toID="E27" toText="an Endoclip" type="OVERLAP" />
<TLINK id="TL41" fromID="E25" fromText="stigmata" toID="E26" toText="old bleeding" type="OVERLAP" />
<TLINK id="TL42" fromID="E25" fromText="stigmata" toID="E27" toText="an Endoclip" type="OVERLAP" />
<TLINK id="TL43" fromID="E26" fromText="old bleeding" toID="E27" toText="an Endoclip" type="OVERLAP" />
<TLINK id="TL44" fromID="E28" fromText="this" toID="E24" toText="A small polyp" type="OVERLAP" />
<TLINK id="TL45" fromID="E28" fromText="this" toID="E25" toText="stigmata" type="OVERLAP" />
<TLINK id="TL46" fromID="E28" fromText="this" toID="E26" toText="old bleeding" type="OVERLAP" />
<TLINK id="TL47" fromID="E28" fromText="this" toID="E27" toText="an Endoclip" type="OVERLAP" />
<TLINK id="TL48" fromID="E28" fromText="this" toID="E46" toText="this" type="OVERLAP" />
<TLINK id="TL49" fromID="E28" fromText="this" toID="E55" toText="this" type="OVERLAP" />
<TLINK id="TL50" fromID="E29" fromText="Another polyp" toID="E30" toText="cold biopsies" type="OVERLAP" />
<TLINK id="TL51" fromID="E3" fromText="admission" toID="E4" toText="his hematocrit" type="OVERLAP" />
<TLINK id="TL52" fromID="E3" fromText="admission" toID="E5" toText="bumped up" type="OVERLAP" />
<TLINK id="TL53" fromID="E3" fromText="admission" toID="T3" toText="the first night" type="OVERLAP" />
<TLINK id="TL54" fromID="E31" fromText="a small AVM" toID="E32" toText="cauterized" type="OVERLAP" />
<TLINK id="TL55" fromID="E33" fromText="The biopsy" toID="E34" toText="demonstrated" type="OVERLAP" />
<TLINK id="TL56" fromID="E33" fromText="The biopsy" toID="E35" toText="a hyperplastic polyp" type="OVERLAP" />
<TLINK id="TL57" fromID="E33" fromText="The biopsy" toID="E36" toText="acute and chronic inflammation" type="OVERLAP" />
<TLINK id="TL58" fromID="E33" fromText="The biopsy" toID="E37" toText="erosion" type="OVERLAP" />
<TLINK id="TL59" fromID="E33" fromText="The biopsy" toID="E38" toText="reactive epithelial changes" type="OVERLAP" />
<TLINK id="TL60" fromID="E33" fromText="The biopsy" toID="E39" toText="dysplasia" type="OVERLAP" />
<TLINK id="TL61" fromID="E34" fromText="demonstrated" toID="E20" toText="demonstrated" type="OVERLAP" />
<TLINK id="TL62" fromID="E34" fromText="demonstrated" toID="E33" toText="The biopsy" type="OVERLAP" />
<TLINK id="TL63" fromID="E34" fromText="demonstrated" toID="E35" toText="a hyperplastic polyp" type="OVERLAP" />
<TLINK id="TL64" fromID="E34" fromText="demonstrated" toID="E36" toText="acute and chronic inflammation" type="OVERLAP" />
<TLINK id="TL65" fromID="E34" fromText="demonstrated" toID="E37" toText="erosion" type="OVERLAP" />
<TLINK id="TL66" fromID="E34" fromText="demonstrated" toID="E38" toText="reactive epithelial changes" type="OVERLAP" />
<TLINK id="TL67" fromID="E34" fromText="demonstrated" toID="E39" toText="dysplasia" type="OVERLAP" />
<TLINK id="TL68" fromID="E35" fromText="a hyperplastic polyp" toID="E33" toText="The biopsy" type="BEFORE" />
<TLINK id="TL69" fromID="E35" fromText="a hyperplastic polyp" toID="E34" toText="demonstrated" type="BEFORE" />
<TLINK id="TL70" fromID="E35" fromText="a hyperplastic polyp" toID="E36" toText="acute and chronic inflammation" type="OVERLAP" />
<TLINK id="TL71" fromID="E35" fromText="a hyperplastic polyp" toID="E37" toText="erosion" type="OVERLAP" />
<TLINK id="TL72" fromID="E35" fromText="a hyperplastic polyp" toID="E38" toText="reactive epithelial changes" type="OVERLAP" />
<TLINK id="TL73" fromID="E35" fromText="a hyperplastic polyp" toID="E39" toText="dysplasia" type="OVERLAP" />
<TLINK id="TL74" fromID="E36" fromText="acute and chronic inflammation" toID="E35" toText="a hyperplastic polyp" type="OVERLAP" />
<TLINK id="TL75" fromID="E36" fromText="acute and chronic inflammation" toID="E37" toText="erosion" type="OVERLAP" />
<TLINK id="TL76" fromID="E36" fromText="acute and chronic inflammation" toID="E38" toText="reactive epithelial changes" type="OVERLAP" />
<TLINK id="TL77" fromID="E36" fromText="acute and chronic inflammation" toID="E39" toText="dysplasia" type="OVERLAP" />
<TLINK id="TL78" fromID="E37" fromText="erosion" toID="E38" toText="reactive epithelial changes" type="OVERLAP" />
<TLINK id="TL79" fromID="E37" fromText="erosion" toID="E39" toText="dysplasia" type="OVERLAP" />
<TLINK id="TL80" fromID="E38" fromText="reactive epithelial changes" toID="E39" toText="dysplasia" type="OVERLAP" />
<TLINK id="TL81" fromID="E4" fromText="his hematocrit" toID="E3" toText="admission" type="OVERLAP" />
<TLINK id="TL82" fromID="E4" fromText="his hematocrit" toID="E45" toText="his hematocrit" type="OVERLAP" />
<TLINK id="TL83" fromID="E4" fromText="his hematocrit" toID="E5" toText="bumped up" type="OVERLAP" />
<TLINK id="TL84" fromID="E4" fromText="his hematocrit" toID="T3" toText="the first night" type="OVERLAP" />
<TLINK id="TL85" fromID="E40" fromText="the upper endoscopy" toID="E41" toText="fresh frozen plasma" type="OVERLAP" />
<TLINK id="TL86" fromID="E40" fromText="the upper endoscopy" toID="E42" toText="his anticoagulation" type="OVERLAP" />
<TLINK id="TL87" fromID="E40" fromText="the upper endoscopy" toID="E44" toText="the upper endoscopy" type="OVERLAP" />
<TLINK id="TL88" fromID="E41" fromText="fresh frozen plasma" toID="E40" toText="the upper endoscopy" type="AFTER" />
<TLINK id="TL89" fromID="E41" fromText="fresh frozen plasma" toID="E42" toText="his anticoagulation" type="OVERLAP" />
<TLINK id="TL90" fromID="E42" fromText="his anticoagulation" toID="E41" toText="fresh frozen plasma" type="OVERLAP" />
<TLINK id="TL91" fromID="E42" fromText="his anticoagulation" toID="E76" toText="his anticoagulation" type="OVERLAP" />
<TLINK id="TL92" fromID="E43" fromText="hemodynamically stable" toID="E44" toText="the upper endoscopy" type="OVERLAP" />
<TLINK id="TL93" fromID="E43" fromText="hemodynamically stable" toID="E45" toText="his hematocrit" type="OVERLAP" />
<TLINK id="TL94" fromID="E43" fromText="hemodynamically stable" toID="E46" toText="this" type="OVERLAP" />
<TLINK id="TL95" fromID="E43" fromText="hemodynamically stable" toID="E47" toText="discharge" type="OVERLAP" />
<TLINK id="TL96" fromID="E43" fromText="hemodynamically stable" toID="E6" toText="hemodynamically stable" type="OVERLAP" />
<TLINK id="TL97" fromID="E44" fromText="the upper endoscopy" toID="E40" toText="the upper endoscopy" type="OVERLAP" />
<TLINK id="TL98" fromID="E44" fromText="the upper endoscopy" toID="E43" toText="hemodynamically stable" type="OVERLAP" />
<TLINK id="TL99" fromID="E44" fromText="the upper endoscopy" toID="E45" toText="his hematocrit" type="OVERLAP" />
<TLINK id="TL100" fromID="E44" fromText="the upper endoscopy" toID="E46" toText="this" type="OVERLAP" />
<TLINK id="TL101" fromID="E44" fromText="the upper endoscopy" toID="E47" toText="discharge" type="OVERLAP" />
<TLINK id="TL102" fromID="E45" fromText="his hematocrit" toID="E4" toText="his hematocrit" type="OVERLAP" />
<TLINK id="TL103" fromID="E45" fromText="his hematocrit" toID="E44" toText="the upper endoscopy" type="OVERLAP" />
<TLINK id="TL104" fromID="E45" fromText="his hematocrit" toID="E46" toText="this" type="OVERLAP" />
<TLINK id="TL105" fromID="E45" fromText="his hematocrit" toID="E47" toText="discharge" type="OVERLAP" />
<TLINK id="TL106" fromID="E46" fromText="this" toID="E28" toText="this" type="OVERLAP" />
<TLINK id="TL107" fromID="E46" fromText="this" toID="E45" toText="his hematocrit" type="OVERLAP" />
<TLINK id="TL108" fromID="E46" fromText="this" toID="E47" toText="discharge" type="OVERLAP" />
<TLINK id="TL109" fromID="E46" fromText="this" toID="E55" toText="this" type="OVERLAP" />
<TLINK id="TL110" fromID="E47" fromText="discharge" toID="E46" toText="this" type="AFTER" />
<TLINK id="TL111" fromID="E47" fromText="discharge" toID="E49" toText="discharge" type="OVERLAP" />
<TLINK id="TL112" fromID="E47" fromText="discharge" toID="E57" toText="discharge" type="OVERLAP" />
<TLINK id="TL113" fromID="E47" fromText="discharge" toID="E74" toText="discharge" type="OVERLAP" />
<TLINK id="TL114" fromID="E47" fromText="discharge" toID="E80" toText="discharge" type="OVERLAP" />
<TLINK id="TL115" fromID="E48" fromText="His last recorded hematocrit" toID="E49" toText="discharge" type="OVERLAP" />
<TLINK id="TL116" fromID="E49" fromText="discharge" toID="E47" toText="discharge" type="OVERLAP" />
<TLINK id="TL117" fromID="E49" fromText="discharge" toID="E48" toText="His last recorded hematocrit" type="OVERLAP" />
<TLINK id="TL118" fromID="E49" fromText="discharge" toID="E57" toText="discharge" type="OVERLAP" />
<TLINK id="TL119" fromID="E49" fromText="discharge" toID="E74" toText="discharge" type="OVERLAP" />
<TLINK id="TL120" fromID="E49" fromText="discharge" toID="E80" toText="discharge" type="OVERLAP" />
<TLINK id="TL121" fromID="E5" fromText="bumped up" toID="E4" toText="his hematocrit" type="OVERLAP" />
<TLINK id="TL122" fromID="E5" fromText="bumped up" toID="T3" toText="the first night" type="OVERLAP" />
<TLINK id="TL123" fromID="E50" fromText="His last BUN" toID="E51" toText="creatinine" type="OVERLAP" />
<TLINK id="TL124" fromID="E50" fromText="His last BUN" toID="E52" toText="an INR" type="OVERLAP" />
<TLINK id="TL125" fromID="E51" fromText="creatinine" toID="E50" toText="His last BUN" type="OVERLAP" />
<TLINK id="TL126" fromID="E51" fromText="creatinine" toID="E52" toText="an INR" type="OVERLAP" />
<TLINK id="TL127" fromID="E52" fromText="an INR" toID="E51" toText="creatinine" type="OVERLAP" />
<TLINK id="TL128" fromID="E54" fromText="This" toID="E55" toText="this" type="OVERLAP" />
<TLINK id="TL129" fromID="E54" fromText="This" toID="E56" toText="the recent colonoscopy" type="OVERLAP" />
<TLINK id="TL130" fromID="E54" fromText="This" toID="T5" toText="05/2003" type="OVERLAP" />
<TLINK id="TL131" fromID="E55" fromText="this" toID="E28" toText="this" type="OVERLAP" />
<TLINK id="TL132" fromID="E55" fromText="this" toID="E46" toText="this" type="OVERLAP" />
<TLINK id="TL133" fromID="E55" fromText="this" toID="E54" toText="This" type="AFTER" />
<TLINK id="TL134" fromID="E55" fromText="this" toID="E56" toText="the recent colonoscopy" type="OVERLAP" />
<TLINK id="TL135" fromID="E55" fromText="this" toID="T5" toText="05/2003" type="OVERLAP" />
<TLINK id="TL136" fromID="E56" fromText="the recent colonoscopy" toID="E55" toText="this" type="OVERLAP" />
<TLINK id="TL137" fromID="E56" fromText="the recent colonoscopy" toID="T5" toText="05/2003" type="OVERLAP" />
<TLINK id="TL138" fromID="E57" fromText="discharge" toID="E47" toText="discharge" type="OVERLAP" />
<TLINK id="TL139" fromID="E57" fromText="discharge" toID="E49" toText="discharge" type="OVERLAP" />
<TLINK id="TL140" fromID="E57" fromText="discharge" toID="E63" toText="his aspirin" type="OVERLAP" />
<TLINK id="TL141" fromID="E57" fromText="discharge" toID="E64" toText="simvastatin" type="OVERLAP" />
<TLINK id="TL142" fromID="E57" fromText="discharge" toID="E65" toText="his Lopressor" type="OVERLAP" />
<TLINK id="TL143" fromID="E57" fromText="discharge" toID="E74" toText="discharge" type="OVERLAP" />
<TLINK id="TL144" fromID="E57" fromText="discharge" toID="E80" toText="discharge" type="OVERLAP" />
<TLINK id="TL145" fromID="E59" fromText="Patient 's troponin bump" toID="E60" toText="demand ischemia" type="OVERLAP" />
<TLINK id="TL146" fromID="E59" fromText="Patient 's troponin bump" toID="E61" toText="his GI bleed" type="OVERLAP" />
<TLINK id="TL147" fromID="E59" fromText="Patient 's troponin bump" toID="E62" toText="acute coronary syndrome" type="OVERLAP" />
<TLINK id="TL148" fromID="E6" fromText="hemodynamically stable" toID="E43" toText="hemodynamically stable" type="OVERLAP" />
<TLINK id="TL149" fromID="E6" fromText="hemodynamically stable" toID="E7" toText="his admission" type="OVERLAP" />
<TLINK id="TL150" fromID="E60" fromText="demand ischemia" toID="E61" toText="his GI bleed" type="OVERLAP" />
<TLINK id="TL151" fromID="E60" fromText="demand ischemia" toID="E62" toText="acute coronary syndrome" type="OVERLAP" />
<TLINK id="TL152" fromID="E61" fromText="his GI bleed" toID="E62" toText="acute coronary syndrome" type="OVERLAP" />
<TLINK id="TL153" fromID="E63" fromText="his aspirin" toID="E57" toText="discharge" type="BEFORE" />
<TLINK id="TL154" fromID="E63" fromText="his aspirin" toID="E64" toText="simvastatin" type="OVERLAP" />
<TLINK id="TL155" fromID="E63" fromText="his aspirin" toID="E65" toText="his Lopressor" type="OVERLAP" />
<TLINK id="TL156" fromID="E64" fromText="simvastatin" toID="E63" toText="his aspirin" type="AFTER" />
<TLINK id="TL157" fromID="E64" fromText="simvastatin" toID="E65" toText="his Lopressor" type="OVERLAP" />
<TLINK id="TL158" fromID="E65" fromText="his Lopressor" toID="E64" toText="simvastatin" type="OVERLAP" />
<TLINK id="TL159" fromID="E66" fromText="A-fib." toID="E67" toText="the admission" type="OVERLAP" />
<TLINK id="TL160" fromID="E66" fromText="A-fib." toID="E68" toText="his Coumadin" type="OVERLAP" />
<TLINK id="TL161" fromID="E66" fromText="A-fib." toID="E69" toText="heparin" type="OVERLAP" />
<TLINK id="TL162" fromID="E67" fromText="the admission" toID="E68" toText="his Coumadin" type="OVERLAP" />
<TLINK id="TL163" fromID="E67" fromText="the admission" toID="E69" toText="heparin" type="OVERLAP" />
<TLINK id="TL164" fromID="E68" fromText="his Coumadin" toID="E67" toText="the admission" type="AFTER" />
<TLINK id="TL165" fromID="E68" fromText="his Coumadin" toID="E69" toText="heparin" type="OVERLAP" />
<TLINK id="TL166" fromID="E68" fromText="his Coumadin" toID="E78" toText="his Coumadin" type="OVERLAP" />
<TLINK id="TL167" fromID="E7" fromText="his admission" toID="E6" toText="hemodynamically stable" type="AFTER" />
<TLINK id="TL168" fromID="E70" fromText="Heparin" toID="E71" toText="his INR" type="OVERLAP" />
<TLINK id="TL169" fromID="E70" fromText="Heparin" toID="E72" toText="a therapeutic level" type="OVERLAP" />
<TLINK id="TL170" fromID="E71" fromText="his INR" toID="E13" toText="his INR" type="OVERLAP" />
<TLINK id="TL171" fromID="E71" fromText="his INR" toID="E70" toText="Heparin" type="AFTER" />
<TLINK id="TL172" fromID="E71" fromText="his INR" toID="E72" toText="a therapeutic level" type="OVERLAP" />
<TLINK id="TL173" fromID="E72" fromText="a therapeutic level" toID="E71" toText="his INR" type="OVERLAP" />
<TLINK id="TL174" fromID="E73" fromText="His last reported INR" toID="E74" toText="discharge" type="OVERLAP" />
<TLINK id="TL175" fromID="E74" fromText="discharge" toID="E47" toText="discharge" type="OVERLAP" />
<TLINK id="TL176" fromID="E74" fromText="discharge" toID="E49" toText="discharge" type="OVERLAP" />
<TLINK id="TL177" fromID="E74" fromText="discharge" toID="E57" toText="discharge" type="OVERLAP" />
<TLINK id="TL178" fromID="E74" fromText="discharge" toID="E73" toText="His last reported INR" type="OVERLAP" />
<TLINK id="TL179" fromID="E74" fromText="discharge" toID="E80" toText="discharge" type="OVERLAP" />
<TLINK id="TL180" fromID="E76" fromText="his anticoagulation" toID="E42" toText="his anticoagulation" type="OVERLAP" />
<TLINK id="TL181" fromID="E76" fromText="his anticoagulation" toID="E77" toText="artificial valves" type="OVERLAP" />
<TLINK id="TL182" fromID="E78" fromText="his Coumadin" toID="E68" toText="his Coumadin" type="OVERLAP" />
<TLINK id="TL183" fromID="E78" fromText="his Coumadin" toID="E79" toText="therapeutic INR levels" type="OVERLAP" />
<TLINK id="TL184" fromID="E78" fromText="his Coumadin" toID="E80" toText="discharge" type="OVERLAP" />
<TLINK id="TL185" fromID="E79" fromText="therapeutic INR levels" toID="E78" toText="his Coumadin" type="AFTER" />
<TLINK id="TL186" fromID="E79" fromText="therapeutic INR levels" toID="E80" toText="discharge" type="OVERLAP" />
<TLINK id="TL187" fromID="E8" fromText="a proton pump inhibitor" toID="E10" toText="vitamin C" type="OVERLAP" />
<TLINK id="TL188" fromID="E8" fromText="a proton pump inhibitor" toID="E9" toText="iron sulfate" type="OVERLAP" />
<TLINK id="TL189" fromID="E80" fromText="discharge" toID="E47" toText="discharge" type="OVERLAP" />
<TLINK id="TL190" fromID="E80" fromText="discharge" toID="E49" toText="discharge" type="OVERLAP" />
<TLINK id="TL191" fromID="E80" fromText="discharge" toID="E57" toText="discharge" type="OVERLAP" />
<TLINK id="TL192" fromID="E80" fromText="discharge" toID="E74" toText="discharge" type="OVERLAP" />
<TLINK id="TL193" fromID="E80" fromText="discharge" toID="E79" toText="therapeutic INR levels" type="OVERLAP" />
<TLINK id="TL194" fromID="E81" fromText="this hospital course" toID="E82" toText="hypervolemic" type="OVERLAP" />
<TLINK id="TL195" fromID="E81" fromText="this hospital course" toID="E83" toText="his diuretics" type="OVERLAP" />
<TLINK id="TL196" fromID="E81" fromText="this hospital course" toID="E84" toText="blood products" type="OVERLAP" />
<TLINK id="TL197" fromID="E82" fromText="hypervolemic" toID="E81" toText="this hospital course" type="BEFORE" />
<TLINK id="TL198" fromID="E82" fromText="hypervolemic" toID="E83" toText="his diuretics" type="OVERLAP" />
<TLINK id="TL199" fromID="E82" fromText="hypervolemic" toID="E84" toText="blood products" type="OVERLAP" />
<TLINK id="TL200" fromID="E83" fromText="his diuretics" toID="E84" toText="blood products" type="OVERLAP" />
<TLINK id="TL201" fromID="E85" fromText="diuresed" toID="E86" toText="Lasix" type="OVERLAP" />
<TLINK id="TL202" fromID="E85" fromText="diuresed" toID="E87" toText="torsemide" type="OVERLAP" />
<TLINK id="TL203" fromID="E85" fromText="diuresed" toID="E88" toText="thrombocytopenia" type="OVERLAP" />
<TLINK id="TL204" fromID="E85" fromText="diuresed" toID="E89" toText="a prior admission" type="OVERLAP" />
<TLINK id="TL205" fromID="E85" fromText="diuresed" toID="E91" toText="diuresed" type="OVERLAP" />
<TLINK id="TL206" fromID="E85" fromText="diuresed" toID="T6" toText="one" type="OVERLAP" />
<TLINK id="TL207" fromID="E86" fromText="Lasix" toID="E87" toText="torsemide" type="OVERLAP" />
<TLINK id="TL208" fromID="E86" fromText="Lasix" toID="E88" toText="thrombocytopenia" type="OVERLAP" />
<TLINK id="TL209" fromID="E86" fromText="Lasix" toID="E89" toText="a prior admission" type="OVERLAP" />
<TLINK id="TL210" fromID="E86" fromText="Lasix" toID="T6" toText="one" type="OVERLAP" />
<TLINK id="TL211" fromID="E87" fromText="torsemide" toID="E88" toText="thrombocytopenia" type="OVERLAP" />
<TLINK id="TL212" fromID="E87" fromText="torsemide" toID="E89" toText="a prior admission" type="OVERLAP" />
<TLINK id="TL213" fromID="E87" fromText="torsemide" toID="T6" toText="one" type="OVERLAP" />
<TLINK id="TL214" fromID="E88" fromText="thrombocytopenia" toID="E87" toText="torsemide" type="BEFORE" />
<TLINK id="TL215" fromID="E88" fromText="thrombocytopenia" toID="E89" toText="a prior admission" type="OVERLAP" />
<TLINK id="TL216" fromID="E88" fromText="thrombocytopenia" toID="T6" toText="one" type="OVERLAP" />
<TLINK id="TL217" fromID="E89" fromText="a prior admission" toID="T6" toText="one" type="OVERLAP" />
<TLINK id="TL218" fromID="E9" fromText="iron sulfate" toID="E10" toText="vitamin C" type="OVERLAP" />
<TLINK id="TL219" fromID="E9" fromText="iron sulfate" toID="E8" toText="a proton pump inhibitor" type="AFTER" />
<TLINK id="TL220" fromID="E91" fromText="diuresed" toID="E85" toText="diuresed" type="OVERLAP" />
<TLINK id="TL221" fromID="E91" fromText="diuresed" toID="E92" toText="a euvolemic state" type="OVERLAP" />
<TLINK id="TL222" fromID="E93" fromText="thrombocytopenic" toID="E94" toText="this admission" type="OVERLAP" />
<TLINK id="TL223" fromID="T0" fromText="11/09/2003" toID="T3" toText="the first night" type="OVERLAP" />
<TLINK id="TL224" fromID="T0" fromText="11/09/2003" toID="T4" toText="the time" type="OVERLAP" />
<TLINK id="TL225" fromID="T0" fromText="11/09/2003" toID="T5" toText="05/2003" type="AFTER" />
<TLINK id="TL226" fromID="T1" fromText="11/16/2003" toID="T0" toText="11/09/2003" type="AFTER" />
<TLINK id="TL227" fromID="T1" fromText="11/16/2003" toID="T3" toText="the first night" type="AFTER" />
<TLINK id="TL228" fromID="T1" fromText="11/16/2003" toID="T4" toText="the time" type="AFTER" />
<TLINK id="TL229" fromID="T1" fromText="11/16/2003" toID="T5" toText="05/2003" type="AFTER" />
<TLINK id="TL230" fromID="T2" fromText="overnight" toID="E3" toText="admission" type="BEFORE" />
<TLINK id="TL231" fromID="T2" fromText="overnight" toID="T3" toText="the first night" type="BEFORE" />
<TLINK id="TL232" fromID="T3" fromText="the first night" toID="E3" toText="admission" type="OVERLAP" />
<TLINK id="TL233" fromID="T3" fromText="the first night" toID="T4" toText="the time" type="OVERLAP" />
<TLINK id="TL234" fromID="T3" fromText="the first night" toID="T5" toText="05/2003" type="AFTER" />
<TLINK id="TL235" fromID="T4" fromText="the time" toID="T5" toText="05/2003" type="AFTER" />
</TAGS>
</ClinicalNarrativeTemporalAnnotation>
