<?xml version="1.0" encoding="UTF-8" ?>
<ClinicalNarrativeTemporalAnnotation>
<TEXT><![CDATA[
Admission Date :
2016-03-30
Discharge Date :
2016-04-03
Service :
CCU
HISTORY OF PRESENT ILLNESS :
This is a 64-year-old female with a history of hypertension , hypercholesterolemia , diabetes mellitus , and dilated cardiomyopathy ( with a transthoracic echocardiogram in 2016-01-13 showing an ejection fraction of 40% , posterior and inferior apical akinesis , and large left ventricular thrombus ).
The patient was admitted from 2016-01-21 to 2016-02-03 ; at which time she was ruled out for a myocardial infarction .
She had a cardiac catheterization which revealed 3-vessel disease with normal left main , mid left anterior descending artery 60% , diffuse 90% mid distal stenosis at the origin of the diagonal , serial 70% and 90% left circumflex lesions , and 90% first obtuse marginal , and mid right coronary artery 60% .
During initial evaluation for a coronary artery bypass graft , 80% to 90% of the right coronary artery stenosis was found ; for which she underwent a right internal carotid artery stent .
She was discharged on Coumadin for a goal INR of 2.5 to 3 .
She was then admitted again on 2016-03-30 for an elective coronary artery bypass graft .
At surgery , the descending aorta was noted to be calcified , and an intraoperative transesophageal echocardiogram revealed an irregular intra-aortic pedunculated lesion .
Given the elevated stroke risk of aortic cross-clamping in the setting of this finding , the plan for a bypass graft was aborted .
The patient was then transferred to the Coronary Care Unit Service for medical management in anticipation of possible percutaneous coronary intervention later in the admission .
HOSPITAL COURSE :
The patient is a 64-year-old female with 3-vessel disease who was admitted to the Coronary Care Unit Service for Western Mass . Hospital medical optimization and management following an aborted coronary artery bypass graft when a mobile aortic atheroma was noted .
The patient was continued on aspirin , Plavix , and statin .
Once the patient was titrated off dopamine , the beta blocker and ACE inhibitor were restarted .
With regard to the left ventricular thrombus , her goal INR remained 2.5 to 3 ; and the goal was to start heparin once the patient was stable from a thoracotomy and chest tube
standpoint .
The patient remained comfortable .
By 04-01 , on postoperative day two , the patient was doing well and the chest tube was discontinued .
The patient still had transcutaneous pacing wires in place .
Likewise , on 04-01 , the patient was weaned off surgery without difficulty .
Thus , the beta blocker and ACE inhibitor were started to be titrated up .
In addition , the patient was started on Wellbutrin for smoking cessation .
At this point , it was determined that the patient would not receive percutaneous coronary intervention on this admission and would likely be discharged to the floor for stabilization with followup .
The patient did well and was transferred to the floor on 04-02 .
After evaluation and a discussion with Dr. Gunter , it was determined that the patient no longer needed anticoagulation since there was no aortic thrombus but only an aortic plaque , and there was no anterior/apical akinesis noted .
At this point , the left ventricular thrombus ( for which she was initially started therapy for ) was no longer present .
The patient was noted to have a slight hematocrit drop and was transfused one unit of packed red blood cells for a goal hematocrit of greater than 30 .
By 04-03 , captopril and atenolol were started , and the patient 's leg bandage from the vein harvest was removed .
The patient continued to do well on the medical regimen and was without chest pain , shortness of breath , or any other symptoms .
]]></TEXT>
<TAGS>
<EVENT id="E0" start="1" end="10" text="Admission" modality="FACTUAL" polarity="POS" type="OCCURRENCE" />
<EVENT id="E27" start="1026" end="1036" text="discharged" modality="FACTUAL" polarity="POS" type="OCCURRENCE" />
<EVENT id="E28" start="1040" end="1048" text="Coumadin" modality="FACTUAL" polarity="POS" type="TREATMENT" />
<EVENT id="E29" start="1053" end="1063" text="a goal INR" modality="PROPOSED" polarity="POS" type="TEST" />
<EVENT id="E30" start="1091" end="1099" text="admitted" modality="FACTUAL" polarity="POS" type="OCCURRENCE" />
<EVENT id="E31" start="1124" end="1164" text="an elective coronary artery bypass graft" modality="FACTUAL" polarity="POS" type="TREATMENT" />
<EVENT id="E32" start="1170" end="1177" text="surgery" modality="FACTUAL" polarity="POS" type="TREATMENT" />
<EVENT id="E33" start="1205" end="1210" text="noted" modality="FACTUAL" polarity="POS" type="EVIDENTIAL" />
<EVENT id="E34" start="1217" end="1226" text="calcified" modality="FACTUAL" polarity="POS" type="PROBLEM" />
<EVENT id="E35" start="1233" end="1281" text="an intraoperative transesophageal echocardiogram" modality="FACTUAL" polarity="POS" type="TEST" />
<EVENT id="E36" start="1282" end="1290" text="revealed" modality="FACTUAL" polarity="POS" type="EVIDENTIAL" />
<EVENT id="E37" start="1291" end="1336" text="an irregular intra-aortic pedunculated lesion" modality="FACTUAL" polarity="POS" type="PROBLEM" />
<EVENT id="E38" start="1345" end="1369" text="the elevated stroke risk" modality="FACTUAL" polarity="POS" type="PROBLEM" />
<EVENT id="E39" start="1373" end="1394" text="aortic cross-clamping" modality="PROPOSED" polarity="POS" type="TREATMENT" />
<EVENT id="E40" start="1413" end="1425" text="this finding" modality="FACTUAL" polarity="POS" type="PROBLEM" />
<EVENT id="E41" start="1441" end="1455" text="a bypass graft" modality="FACTUAL" polarity="NEG" type="TREATMENT" />
<EVENT id="E3" start="147" end="159" text="hypertension" modality="FACTUAL" polarity="POS" type="PROBLEM" />
<EVENT id="E42" start="1491" end="1502" text="transferred" modality="FACTUAL" polarity="POS" type="OCCURRENCE" />
<EVENT id="E43" start="1506" end="1536" text="the Coronary Care Unit Service" modality="FACTUAL" polarity="POS" type="CLINICAL_DEPT" />
<EVENT id="E44" start="1541" end="1559" text="medical management" modality="FACTUAL" polarity="POS" type="TREATMENT" />
<EVENT id="E45" start="1588" end="1622" text="percutaneous coronary intervention" modality="POSSIBLE" polarity="POS" type="TREATMENT" />
<EVENT id="E4" start="162" end="182" text="hypercholesterolemia" modality="FACTUAL" polarity="POS" type="PROBLEM" />
<EVENT id="E46" start="1632" end="1645" text="the admission" modality="FACTUAL" polarity="POS" type="OCCURRENCE" />
<EVENT id="E47" start="1707" end="1723" text="3-vessel disease" modality="FACTUAL" polarity="POS" type="PROBLEM" />
<EVENT id="E48" start="1732" end="1740" text="admitted" modality="FACTUAL" polarity="POS" type="OCCURRENCE" />
<EVENT id="E49" start="1744" end="1802" text="the Coronary Care Unit Service for Western Mass . Hospital" modality="FACTUAL" polarity="POS" type="CLINICAL_DEPT" />
<EVENT id="E50" start="1849" end="1888" text="an aborted coronary artery bypass graft" modality="FACTUAL" polarity="POS" type="TREATMENT" />
<EVENT id="E5" start="185" end="202" text="diabetes mellitus" modality="FACTUAL" polarity="POS" type="PROBLEM" />
<EVENT id="E51" start="1894" end="1918" text="a mobile aortic atheroma" modality="FACTUAL" polarity="POS" type="PROBLEM" />
<EVENT id="E52" start="1960" end="1967" text="aspirin" modality="FACTUAL" polarity="POS" type="TREATMENT" />
<EVENT id="E53" start="1970" end="1976" text="Plavix" modality="FACTUAL" polarity="POS" type="TREATMENT" />
<EVENT id="E54" start="1983" end="1989" text="statin" modality="FACTUAL" polarity="POS" type="TREATMENT" />
<EVENT id="E55" start="2026" end="2034" text="dopamine" modality="FACTUAL" polarity="POS" type="TREATMENT" />
<EVENT id="E56" start="2037" end="2053" text="the beta blocker" modality="FACTUAL" polarity="POS" type="TREATMENT" />
<EVENT id="E57" start="2058" end="2071" text="ACE inhibitor" modality="FACTUAL" polarity="POS" type="TREATMENT" />
<EVENT id="E6" start="209" end="231" text="dilated cardiomyopathy" modality="FACTUAL" polarity="POS" type="PROBLEM" />
<EVENT id="E58" start="2104" end="2133" text="the left ventricular thrombus" modality="FACTUAL" polarity="POS" type="PROBLEM" />
<EVENT id="E59" start="2136" end="2148" text="her goal INR" modality="CONDITIONAL" polarity="POS" type="TEST" />
<EVENT id="E60" start="2195" end="2202" text="heparin" modality="PROPOSED" polarity="POS" type="TREATMENT" />
<EVENT id="E61" start="2224" end="2230" text="stable" modality="FACTUAL" polarity="POS" type="OCCURRENCE" />
<EVENT id="E62" start="2236" end="2249" text="a thoracotomy" modality="FACTUAL" polarity="POS" type="TREATMENT" />
<EVENT id="E63" start="2254" end="2264" text="chest tube" modality="FACTUAL" polarity="POS" type="TREATMENT" />
<EVENT id="E64" start="2299" end="2310" text="comfortable" modality="FACTUAL" polarity="POS" type="OCCURRENCE" />
<EVENT id="E65" start="2367" end="2377" text="doing well" modality="FACTUAL" polarity="POS" type="OCCURRENCE" />
<EVENT id="E66" start="2382" end="2396" text="the chest tube" modality="FACTUAL" polarity="POS" type="TREATMENT" />
<EVENT id="E7" start="239" end="269" text="a transthoracic echocardiogram" modality="FACTUAL" polarity="POS" type="TEST" />
<EVENT id="E67" start="2438" end="2465" text="transcutaneous pacing wires" modality="FACTUAL" polarity="POS" type="TREATMENT" />
<EVENT id="E68" start="2526" end="2533" text="surgery" modality="FACTUAL" polarity="POS" type="TREATMENT" />
<EVENT id="E69" start="2542" end="2552" text="difficulty" modality="FACTUAL" polarity="NEG" type="OCCURRENCE" />
<EVENT id="E70" start="2562" end="2578" text="the beta blocker" modality="FACTUAL" polarity="POS" type="TREATMENT" />
<EVENT id="E71" start="2583" end="2596" text="ACE inhibitor" modality="FACTUAL" polarity="POS" type="TREATMENT" />
<EVENT id="E72" start="2671" end="2681" text="Wellbutrin" modality="FACTUAL" polarity="POS" type="TREATMENT" />
<EVENT id="E73" start="2686" end="2703" text="smoking cessation" modality="FACTUAL" polarity="POS" type="TREATMENT" />
<EVENT id="E74" start="2775" end="2809" text="percutaneous coronary intervention" modality="PROPOSED" polarity="NEG" type="TREATMENT" />
<EVENT id="E75" start="2813" end="2827" text="this admission" modality="FACTUAL" polarity="POS" type="OCCURRENCE" />
<EVENT id="E76" start="2848" end="2858" text="discharged" modality="FACTUAL" polarity="POS" type="OCCURRENCE" />
<EVENT id="E8" start="284" end="291" text="showing" modality="FACTUAL" polarity="POS" type="EVIDENTIAL" />
<EVENT id="E77" start="2862" end="2871" text="the floor" modality="FACTUAL" polarity="POS" type="CLINICAL_DEPT" />
<EVENT id="E78" start="2876" end="2889" text="stabilization" modality="FACTUAL" polarity="POS" type="TREATMENT" />
<EVENT id="E79" start="2895" end="2903" text="followup" modality="FACTUAL" polarity="POS" type="OCCURRENCE" />
<EVENT id="E80" start="2918" end="2926" text="did well" modality="FACTUAL" polarity="POS" type="OCCURRENCE" />
<EVENT id="E81" start="2935" end="2946" text="transferred" modality="FACTUAL" polarity="POS" type="OCCURRENCE" />
<EVENT id="E9" start="292" end="312" text="an ejection fraction" modality="FACTUAL" polarity="POS" type="TEST" />
<EVENT id="E82" start="2950" end="2959" text="the floor" modality="FACTUAL" polarity="POS" type="CLINICAL_DEPT" />
<EVENT id="E83" start="2977" end="2987" text="evaluation" modality="FACTUAL" polarity="POS" type="TEST" />
<EVENT id="E1" start="29" end="38" text="Discharge" modality="FACTUAL" polarity="POS" type="OCCURRENCE" />
<EVENT id="E84" start="3075" end="3090" text="anticoagulation" modality="FACTUAL" polarity="NEG" type="TREATMENT" />
<EVENT id="E85" start="3110" end="3125" text="aortic thrombus" modality="FACTUAL" polarity="NEG" type="PROBLEM" />
<EVENT id="E86" start="3135" end="3151" text="an aortic plaque" modality="FACTUAL" polarity="POS" type="PROBLEM" />
<EVENT id="E87" start="3171" end="3201" text="anterior/apical akinesis noted" modality="FACTUAL" polarity="NEG" type="PROBLEM" />
<EVENT id="E88" start="3220" end="3249" text="the left ventricular thrombus" modality="FACTUAL" polarity="NEG" type="PROBLEM" />
<EVENT id="E10" start="322" end="360" text="posterior and inferior apical akinesis" modality="FACTUAL" polarity="POS" type="PROBLEM" />
<EVENT id="E89" start="3256" end="3261" text="which" modality="FACTUAL" polarity="POS" type="OCCURRENCE" />
<EVENT id="E90" start="3288" end="3295" text="therapy" modality="FACTUAL" polarity="POS" type="TREATMENT" />
<EVENT id="E91" start="3316" end="3323" text="present" modality="FACTUAL" polarity="NEG" type="OCCURRENCE" />
<EVENT id="E92" start="3356" end="3380" text="a slight hematocrit drop" modality="FACTUAL" polarity="POS" type="PROBLEM" />
<EVENT id="E93" start="3389" end="3434" text="transfused one unit of packed red blood cells" modality="FACTUAL" polarity="POS" type="TREATMENT" />
<EVENT id="E94" start="3439" end="3456" text="a goal hematocrit" modality="CONDITIONAL" polarity="POS" type="TEST" />
<EVENT id="E95" start="3489" end="3498" text="captopril" modality="FACTUAL" polarity="POS" type="TREATMENT" />
<EVENT id="E96" start="3503" end="3511" text="atenolol" modality="FACTUAL" polarity="POS" type="TREATMENT" />
<EVENT id="E97" start="3531" end="3557" text="the patient 's leg bandage" modality="FACTUAL" polarity="POS" type="TREATMENT" />
<EVENT id="E98" start="3563" end="3579" text="the vein harvest" modality="FACTUAL" polarity="POS" type="TREATMENT" />
<EVENT id="E99" start="3619" end="3626" text="do well" modality="FACTUAL" polarity="POS" type="OCCURRENCE" />
<EVENT id="E100" start="3630" end="3649" text="the medical regimen" modality="FACTUAL" polarity="POS" type="TREATMENT" />
<EVENT id="E101" start="3666" end="3676" text="chest pain" modality="FACTUAL" polarity="NEG" type="PROBLEM" />
<EVENT id="E11" start="367" end="398" text="large left ventricular thrombus" modality="FACTUAL" polarity="POS" type="PROBLEM" />
<EVENT id="E102" start="3679" end="3698" text="shortness of breath" modality="FACTUAL" polarity="NEG" type="PROBLEM" />
<EVENT id="E103" start="3704" end="3722" text="any other symptoms" modality="FACTUAL" polarity="NEG" type="PROBLEM" />
<EVENT id="E12" start="418" end="426" text="admitted" modality="FACTUAL" polarity="POS" type="OCCURRENCE" />
<EVENT id="E14" start="481" end="486" text="ruled" modality="FACTUAL" polarity="POS" type="EVIDENTIAL" />
<EVENT id="E13" start="495" end="518" text="a myocardial infarction" modality="FACTUAL" polarity="NEG" type="PROBLEM" />
<EVENT id="E15" start="529" end="554" text="a cardiac catheterization" modality="FACTUAL" polarity="POS" type="TEST" />
<EVENT id="E16" start="555" end="560" text="which" modality="FACTUAL" polarity="POS" type="TEST" />
<EVENT id="E17" start="561" end="569" text="revealed" modality="FACTUAL" polarity="POS" type="EVIDENTIAL" />
<EVENT id="E18" start="570" end="586" text="3-vessel disease" modality="FACTUAL" polarity="POS" type="PROBLEM" />
<EVENT id="E19" start="653" end="684" text="diffuse 90% mid distal stenosis" modality="FACTUAL" polarity="POS" type="PROBLEM" />
<EVENT id="E2" start="67" end="70" text="CCU" modality="FACTUAL" polarity="POS" type="CLINICAL_DEPT" />
<EVENT id="E20" start="732" end="759" text="90% left circumflex lesions" modality="FACTUAL" polarity="POS" type="PROBLEM" />
<EVENT id="E21" start="837" end="855" text="initial evaluation" modality="FACTUAL" polarity="POS" type="TEST" />
<EVENT id="E22" start="860" end="890" text="a coronary artery bypass graft" modality="FACTUAL" polarity="POS" type="TREATMENT" />
<EVENT id="E23" start="907" end="941" text="the right coronary artery stenosis" modality="FACTUAL" polarity="POS" type="PROBLEM" />
<EVENT id="E24" start="946" end="951" text="found" modality="FACTUAL" polarity="POS" type="EVIDENTIAL" />
<EVENT id="E25" start="958" end="963" text="which" modality="FACTUAL" polarity="POS" type="PROBLEM" />
<EVENT id="E26" start="978" end="1015" text="a right internal carotid artery stent" modality="FACTUAL" polarity="POS" type="TREATMENT" />
<TIMEX3 id="T6" start="1109" end="1119" text="2016-03-30" type="DATE" val="2016-03-30" mod="NA" />
<TIMEX3 id="T0" start="18" end="28" text="2016-03-30" type="DATE" val="2016-03-30" mod="NA" />
<TIMEX3 id="T7" start="2316" end="2321" text="04-01" type="DATE" val="2016-04-01" mod="NA" />
<TIMEX3 id="T8" start="2327" end="2348" text="postoperative day two" type="DATE" val="2016-04-01" mod="NA" />
<TIMEX3 id="T9" start="2491" end="2496" text="04-01" type="DATE" val="2016-04-01" mod="NA" />
<TIMEX3 id="T2" start="273" end="283" text="2016-01-13" type="DATE" val="2016-01-13" mod="NA" />
<TIMEX3 id="T10" start="2963" end="2968" text="04-02" type="DATE" val="2016-04-02" mod="NA" />
<TIMEX3 id="T11" start="3481" end="3486" text="04-03" type="DATE" val="2016-04-03" mod="NA" />
<TIMEX3 id="T3" start="432" end="442" text="2016-01-21" type="DATE" val="2016-01-21" mod="NA" />
<TIMEX3 id="T4" start="446" end="456" text="2016-02-03" type="DATE" val="2016-02-03" mod="NA" />
<TIMEX3 id="T5" start="462" end="472" text="which time" type="DURATION" val="P14D" mod="NA" />
<TIMEX3 id="T1" start="46" end="56" text="2016-04-03" type="DATE" val="2016-04-03" mod="NA" />
<SECTIME id="S0" start="18" end="28" text="2016-03-30" type="ADMISSION" dvalue="2016-03-30" />
<SECTIME id="S1" start="46" end="56" text="2016-04-03" type="DISCHARGE" dvalue="2016-04-03" />
<TLINK id="SECTIME0" fromID="E10" fromText="posterior and inferior apical akinesis" toID="T1" toText="2016-03-30" type="BEFORE" />
<TLINK id="SECTIME1" fromID="E100" fromText="the medical regimen" toID="T1" toText="2016-03-30" type="BEFORE" />
<TLINK id="SECTIME2" fromID="E101" fromText="chest pain" toID="T1" toText="2016-03-30" type="BEFORE" />
<TLINK id="SECTIME3" fromID="E102" fromText="shortness of breath" toID="T1" toText="2016-03-30" type="BEFORE" />
<TLINK id="SECTIME4" fromID="E103" fromText="any other symptoms" toID="T1" toText="2016-03-30" type="BEFORE" />
<TLINK id="SECTIME5" fromID="E11" fromText="large left ventricular thrombus" toID="T1" toText="2016-03-30" type="BEFORE" />
<TLINK id="SECTIME6" fromID="E12" fromText="admitted" toID="T1" toText="2016-03-30" type="BEFORE" />
<TLINK id="SECTIME7" fromID="E13" fromText="a myocardial infarction" toID="T1" toText="2016-03-30" type="BEFORE" />
<TLINK id="SECTIME8" fromID="E14" fromText="ruled" toID="T1" toText="2016-03-30" type="BEFORE" />
<TLINK id="SECTIME9" fromID="E15" fromText="a cardiac catheterization" toID="T1" toText="2016-03-30" type="BEFORE" />
<TLINK id="SECTIME10" fromID="E16" fromText="which" toID="T1" toText="2016-03-30" type="BEFORE" />
<TLINK id="SECTIME11" fromID="E17" fromText="revealed" toID="T1" toText="2016-03-30" type="BEFORE" />
<TLINK id="SECTIME12" fromID="E18" fromText="3-vessel disease" toID="T1" toText="2016-03-30" type="BEFORE" />
<TLINK id="SECTIME13" fromID="E19" fromText="diffuse 90% mid distal stenosis" toID="T1" toText="2016-03-30" type="BEFORE" />
<TLINK id="SECTIME14" fromID="E2" fromText="CCU" toID="T1" toText="2016-03-30" type="BEFORE" />
<TLINK id="SECTIME15" fromID="E20" fromText="90% left circumflex lesions" toID="T1" toText="2016-03-30" type="BEFORE" />
<TLINK id="SECTIME16" fromID="E21" fromText="initial evaluation" toID="T1" toText="2016-03-30" type="BEFORE" />
<TLINK id="SECTIME17" fromID="E22" fromText="a coronary artery bypass graft" toID="T1" toText="2016-03-30" type="BEFORE" />
<TLINK id="SECTIME18" fromID="E23" fromText="the right coronary artery stenosis" toID="T1" toText="2016-03-30" type="BEFORE" />
<TLINK id="SECTIME19" fromID="E24" fromText="found" toID="T1" toText="2016-03-30" type="BEFORE" />
<TLINK id="SECTIME20" fromID="E25" fromText="which" toID="T1" toText="2016-03-30" type="BEFORE" />
<TLINK id="SECTIME21" fromID="E26" fromText="a right internal carotid artery stent" toID="T1" toText="2016-03-30" type="BEFORE" />
<TLINK id="SECTIME22" fromID="E27" fromText="discharged" toID="T1" toText="2016-03-30" type="BEFORE" />
<TLINK id="SECTIME23" fromID="E28" fromText="Coumadin" toID="T1" toText="2016-03-30" type="BEFORE" />
<TLINK id="SECTIME24" fromID="E29" fromText="a goal INR" toID="T1" toText="2016-03-30" type="BEFORE" />
<TLINK id="SECTIME25" fromID="E3" fromText="hypertension" toID="T1" toText="2016-03-30" type="BEFORE" />
<TLINK id="SECTIME26" fromID="E30" fromText="admitted" toID="T1" toText="2016-03-30" type="BEFORE" />
<TLINK id="SECTIME27" fromID="E31" fromText="an elective coronary artery bypass graft" toID="T1" toText="2016-03-30" type="BEFORE" />
<TLINK id="SECTIME28" fromID="E32" fromText="surgery" toID="T1" toText="2016-03-30" type="BEFORE" />
<TLINK id="SECTIME29" fromID="E33" fromText="noted" toID="T1" toText="2016-03-30" type="BEFORE" />
<TLINK id="SECTIME30" fromID="E34" fromText="calcified" toID="T1" toText="2016-03-30" type="BEFORE" />
<TLINK id="SECTIME31" fromID="E35" fromText="an intraoperative transesophageal echocardiogram" toID="T1" toText="2016-03-30" type="BEFORE" />
<TLINK id="SECTIME32" fromID="E36" fromText="revealed" toID="T1" toText="2016-03-30" type="BEFORE" />
<TLINK id="SECTIME33" fromID="E37" fromText="an irregular intra-aortic pedunculated lesion" toID="T1" toText="2016-03-30" type="BEFORE" />
<TLINK id="SECTIME34" fromID="E38" fromText="the elevated stroke risk" toID="T1" toText="2016-03-30" type="BEFORE" />
<TLINK id="SECTIME35" fromID="E39" fromText="aortic cross-clamping" toID="T1" toText="2016-03-30" type="BEFORE" />
<TLINK id="SECTIME36" fromID="E4" fromText="hypercholesterolemia" toID="T1" toText="2016-03-30" type="BEFORE" />
<TLINK id="SECTIME37" fromID="E40" fromText="this finding" toID="T1" toText="2016-03-30" type="BEFORE" />
<TLINK id="SECTIME38" fromID="E41" fromText="a bypass graft" toID="T1" toText="2016-03-30" type="BEFORE" />
<TLINK id="SECTIME39" fromID="E42" fromText="transferred" toID="T1" toText="2016-03-30" type="BEFORE" />
<TLINK id="SECTIME40" fromID="E43" fromText="the Coronary Care Unit Service" toID="T1" toText="2016-03-30" type="BEFORE" />
<TLINK id="SECTIME41" fromID="E44" fromText="medical management" toID="T1" toText="2016-03-30" type="BEFORE" />
<TLINK id="SECTIME42" fromID="E45" fromText="percutaneous coronary intervention" toID="T1" toText="2016-03-30" type="BEFORE" />
<TLINK id="SECTIME43" fromID="E46" fromText="the admission" toID="T1" toText="2016-03-30" type="BEFORE" />
<TLINK id="SECTIME44" fromID="E47" fromText="3-vessel disease" toID="T1" toText="2016-03-30" type="BEFORE" />
<TLINK id="SECTIME45" fromID="E48" fromText="admitted" toID="T1" toText="2016-03-30" type="BEFORE" />
<TLINK id="SECTIME46" fromID="E49" fromText="the Coronary Care Unit Service for Western Mass . Hospital" toID="T1" toText="2016-03-30" type="BEFORE" />
<TLINK id="SECTIME47" fromID="E5" fromText="diabetes mellitus" toID="T1" toText="2016-03-30" type="BEFORE" />
<TLINK id="SECTIME48" fromID="E50" fromText="an aborted coronary artery bypass graft" toID="T1" toText="2016-03-30" type="BEFORE" />
<TLINK id="SECTIME49" fromID="E51" fromText="a mobile aortic atheroma" toID="T1" toText="2016-03-30" type="BEFORE" />
<TLINK id="SECTIME50" fromID="E52" fromText="aspirin" toID="T1" toText="2016-03-30" type="BEFORE" />
<TLINK id="SECTIME51" fromID="E53" fromText="Plavix" toID="T1" toText="2016-03-30" type="BEFORE" />
<TLINK id="SECTIME52" fromID="E54" fromText="statin" toID="T1" toText="2016-03-30" type="BEFORE" />
<TLINK id="SECTIME53" fromID="E55" fromText="dopamine" toID="T1" toText="2016-03-30" type="BEFORE" />
<TLINK id="SECTIME54" fromID="E56" fromText="the beta blocker" toID="T1" toText="2016-03-30" type="BEFORE" />
<TLINK id="SECTIME55" fromID="E57" fromText="ACE inhibitor" toID="T1" toText="2016-03-30" type="BEFORE" />
<TLINK id="SECTIME56" fromID="E58" fromText="the left ventricular thrombus" toID="T1" toText="2016-03-30" type="BEFORE" />
<TLINK id="SECTIME57" fromID="E59" fromText="her goal INR" toID="T1" toText="2016-03-30" type="BEFORE" />
<TLINK id="SECTIME58" fromID="E6" fromText="dilated cardiomyopathy" toID="T1" toText="2016-03-30" type="BEFORE" />
<TLINK id="SECTIME59" fromID="E60" fromText="heparin" toID="T1" toText="2016-03-30" type="BEFORE" />
<TLINK id="SECTIME60" fromID="E61" fromText="stable" toID="T1" toText="2016-03-30" type="BEFORE" />
<TLINK id="SECTIME61" fromID="E62" fromText="a thoracotomy" toID="T1" toText="2016-03-30" type="BEFORE" />
<TLINK id="SECTIME62" fromID="E63" fromText="chest tube" toID="T1" toText="2016-03-30" type="BEFORE" />
<TLINK id="SECTIME63" fromID="E64" fromText="comfortable" toID="T1" toText="2016-03-30" type="BEFORE" />
<TLINK id="SECTIME64" fromID="E65" fromText="doing well" toID="T1" toText="2016-03-30" type="BEFORE" />
<TLINK id="SECTIME65" fromID="E66" fromText="the chest tube" toID="T1" toText="2016-03-30" type="BEFORE" />
<TLINK id="SECTIME66" fromID="E67" fromText="transcutaneous pacing wires" toID="T1" toText="2016-03-30" type="BEFORE" />
<TLINK id="SECTIME67" fromID="E68" fromText="surgery" toID="T1" toText="2016-03-30" type="BEFORE" />
<TLINK id="SECTIME68" fromID="E69" fromText="difficulty" toID="T1" toText="2016-03-30" type="BEFORE" />
<TLINK id="SECTIME69" fromID="E7" fromText="a transthoracic echocardiogram" toID="T1" toText="2016-03-30" type="BEFORE" />
<TLINK id="SECTIME70" fromID="E70" fromText="the beta blocker" toID="T1" toText="2016-03-30" type="BEFORE" />
<TLINK id="SECTIME71" fromID="E71" fromText="ACE inhibitor" toID="T1" toText="2016-03-30" type="BEFORE" />
<TLINK id="SECTIME72" fromID="E72" fromText="Wellbutrin" toID="T1" toText="2016-03-30" type="BEFORE" />
<TLINK id="SECTIME73" fromID="E73" fromText="smoking cessation" toID="T1" toText="2016-03-30" type="BEFORE" />
<TLINK id="SECTIME74" fromID="E74" fromText="percutaneous coronary intervention" toID="T1" toText="2016-03-30" type="BEFORE" />
<TLINK id="SECTIME75" fromID="E75" fromText="this admission" toID="T1" toText="2016-03-30" type="BEFORE" />
<TLINK id="SECTIME76" fromID="E76" fromText="discharged" toID="T1" toText="2016-03-30" type="BEFORE" />
<TLINK id="SECTIME77" fromID="E77" fromText="the floor" toID="T1" toText="2016-03-30" type="BEFORE" />
<TLINK id="SECTIME78" fromID="E78" fromText="stabilization" toID="T1" toText="2016-03-30" type="BEFORE" />
<TLINK id="SECTIME79" fromID="E79" fromText="followup" toID="T1" toText="2016-03-30" type="BEFORE" />
<TLINK id="SECTIME80" fromID="E8" fromText="showing" toID="T1" toText="2016-03-30" type="BEFORE" />
<TLINK id="SECTIME81" fromID="E80" fromText="did well" toID="T1" toText="2016-03-30" type="BEFORE" />
<TLINK id="SECTIME82" fromID="E81" fromText="transferred" toID="T1" toText="2016-03-30" type="BEFORE" />
<TLINK id="SECTIME83" fromID="E82" fromText="the floor" toID="T1" toText="2016-03-30" type="BEFORE" />
<TLINK id="SECTIME84" fromID="E83" fromText="evaluation" toID="T1" toText="2016-03-30" type="BEFORE" />
<TLINK id="SECTIME85" fromID="E84" fromText="anticoagulation" toID="T1" toText="2016-03-30" type="BEFORE" />
<TLINK id="SECTIME86" fromID="E85" fromText="aortic thrombus" toID="T1" toText="2016-03-30" type="BEFORE" />
<TLINK id="SECTIME87" fromID="E86" fromText="an aortic plaque" toID="T1" toText="2016-03-30" type="BEFORE" />
<TLINK id="SECTIME88" fromID="E87" fromText="anterior/apical akinesis noted" toID="T1" toText="2016-03-30" type="BEFORE" />
<TLINK id="SECTIME89" fromID="E88" fromText="the left ventricular thrombus" toID="T1" toText="2016-03-30" type="BEFORE" />
<TLINK id="SECTIME90" fromID="E89" fromText="which" toID="T1" toText="2016-03-30" type="BEFORE" />
<TLINK id="SECTIME91" fromID="E9" fromText="an ejection fraction" toID="T1" toText="2016-03-30" type="BEFORE" />
<TLINK id="SECTIME92" fromID="E90" fromText="therapy" toID="T1" toText="2016-03-30" type="BEFORE" />
<TLINK id="SECTIME93" fromID="E91" fromText="present" toID="T1" toText="2016-03-30" type="BEFORE" />
<TLINK id="SECTIME94" fromID="E92" fromText="a slight hematocrit drop" toID="T1" toText="2016-03-30" type="BEFORE" />
<TLINK id="SECTIME95" fromID="E93" fromText="transfused one unit of packed red blood cells" toID="T1" toText="2016-03-30" type="BEFORE" />
<TLINK id="SECTIME96" fromID="E94" fromText="a goal hematocrit" toID="T1" toText="2016-03-30" type="BEFORE" />
<TLINK id="SECTIME97" fromID="E95" fromText="captopril" toID="T1" toText="2016-03-30" type="BEFORE" />
<TLINK id="SECTIME98" fromID="E96" fromText="atenolol" toID="T1" toText="2016-03-30" type="BEFORE" />
<TLINK id="SECTIME99" fromID="E97" fromText="the patient 's leg bandage" toID="T1" toText="2016-03-30" type="BEFORE" />
<TLINK id="SECTIME100" fromID="E98" fromText="the vein harvest" toID="T1" toText="2016-03-30" type="BEFORE" />
<TLINK id="SECTIME101" fromID="E99" fromText="do well" toID="T1" toText="2016-03-30" type="BEFORE" />
<TLINK id="TL0" fromID="E10" fromText="posterior and inferior apical akinesis" toID="E11" toText="large left ventricular thrombus" type="OVERLAP" />
<TLINK id="TL1" fromID="E10" fromText="posterior and inferior apical akinesis" toID="E9" toText="an ejection fraction" type="BEFORE" />
<TLINK id="TL2" fromID="E10" fromText="posterior and inferior apical akinesis" toID="T2" toText="2016-01-13" type="OVERLAP" />
<TLINK id="TL3" fromID="E100" fromText="the medical regimen" toID="E101" toText="chest pain" type="OVERLAP" />
<TLINK id="TL4" fromID="E100" fromText="the medical regimen" toID="E102" toText="shortness of breath" type="OVERLAP" />
<TLINK id="TL5" fromID="E100" fromText="the medical regimen" toID="E103" toText="any other symptoms" type="OVERLAP" />
<TLINK id="TL6" fromID="E100" fromText="the medical regimen" toID="E99" toText="do well" type="OVERLAP" />
<TLINK id="TL7" fromID="E100" fromText="the medical regimen" toID="T0" toText="2016-03-30" type="AFTER" />
<TLINK id="TL8" fromID="E101" fromText="chest pain" toID="E100" toText="the medical regimen" type="BEFORE" />
<TLINK id="TL9" fromID="E101" fromText="chest pain" toID="E102" toText="shortness of breath" type="OVERLAP" />
<TLINK id="TL10" fromID="E101" fromText="chest pain" toID="E103" toText="any other symptoms" type="OVERLAP" />
<TLINK id="TL11" fromID="E101" fromText="chest pain" toID="T0" toText="2016-03-30" type="AFTER" />
<TLINK id="TL12" fromID="E102" fromText="shortness of breath" toID="E103" toText="any other symptoms" type="OVERLAP" />
<TLINK id="TL13" fromID="E102" fromText="shortness of breath" toID="T0" toText="2016-03-30" type="AFTER" />
<TLINK id="TL14" fromID="E103" fromText="any other symptoms" toID="T0" toText="2016-03-30" type="AFTER" />
<TLINK id="TL15" fromID="E11" fromText="large left ventricular thrombus" toID="T2" toText="2016-01-13" type="OVERLAP" />
<TLINK id="TL16" fromID="E12" fromText="admitted" toID="E13" toText="a myocardial infarction" type="OVERLAP" />
<TLINK id="TL17" fromID="E12" fromText="admitted" toID="E14" toText="ruled" type="OVERLAP" />
<TLINK id="TL18" fromID="E12" fromText="admitted" toID="E30" toText="admitted" type="OVERLAP" />
<TLINK id="TL19" fromID="E12" fromText="admitted" toID="E48" toText="admitted" type="OVERLAP" />
<TLINK id="TL20" fromID="E12" fromText="admitted" toID="T3" toText="2016-01-21" type="OVERLAP" />
<TLINK id="TL21" fromID="E13" fromText="a myocardial infarction" toID="E14" toText="ruled" type="BEFORE" />
<TLINK id="TL22" fromID="E13" fromText="a myocardial infarction" toID="T5" toText="which time" type="OVERLAP" />
<TLINK id="TL23" fromID="E14" fromText="ruled" toID="E13" toText="a myocardial infarction" type="OVERLAP" />
<TLINK id="TL24" fromID="E14" fromText="ruled" toID="T5" toText="which time" type="OVERLAP" />
<TLINK id="TL25" fromID="E15" fromText="a cardiac catheterization" toID="E16" toText="which" type="OVERLAP" />
<TLINK id="TL26" fromID="E15" fromText="a cardiac catheterization" toID="E17" toText="revealed" type="OVERLAP" />
<TLINK id="TL27" fromID="E15" fromText="a cardiac catheterization" toID="E18" toText="3-vessel disease" type="OVERLAP" />
<TLINK id="TL28" fromID="E15" fromText="a cardiac catheterization" toID="E19" toText="diffuse 90% mid distal stenosis" type="OVERLAP" />
<TLINK id="TL29" fromID="E15" fromText="a cardiac catheterization" toID="E20" toText="90% left circumflex lesions" type="OVERLAP" />
<TLINK id="TL30" fromID="E16" fromText="which" toID="E15" toText="a cardiac catheterization" type="OVERLAP" />
<TLINK id="TL31" fromID="E16" fromText="which" toID="E17" toText="revealed" type="OVERLAP" />
<TLINK id="TL32" fromID="E16" fromText="which" toID="E18" toText="3-vessel disease" type="OVERLAP" />
<TLINK id="TL33" fromID="E16" fromText="which" toID="E19" toText="diffuse 90% mid distal stenosis" type="OVERLAP" />
<TLINK id="TL34" fromID="E16" fromText="which" toID="E20" toText="90% left circumflex lesions" type="OVERLAP" />
<TLINK id="TL35" fromID="E16" fromText="which" toID="E25" toText="which" type="OVERLAP" />
<TLINK id="TL36" fromID="E16" fromText="which" toID="E89" toText="which" type="OVERLAP" />
<TLINK id="TL37" fromID="E17" fromText="revealed" toID="E18" toText="3-vessel disease" type="OVERLAP" />
<TLINK id="TL38" fromID="E17" fromText="revealed" toID="E19" toText="diffuse 90% mid distal stenosis" type="OVERLAP" />
<TLINK id="TL39" fromID="E17" fromText="revealed" toID="E20" toText="90% left circumflex lesions" type="OVERLAP" />
<TLINK id="TL40" fromID="E17" fromText="revealed" toID="E36" toText="revealed" type="OVERLAP" />
<TLINK id="TL41" fromID="E18" fromText="3-vessel disease" toID="E15" toText="a cardiac catheterization" type="BEFORE" />
<TLINK id="TL42" fromID="E18" fromText="3-vessel disease" toID="E16" toText="which" type="BEFORE" />
<TLINK id="TL43" fromID="E18" fromText="3-vessel disease" toID="E17" toText="revealed" type="BEFORE" />
<TLINK id="TL44" fromID="E18" fromText="3-vessel disease" toID="E19" toText="diffuse 90% mid distal stenosis" type="OVERLAP" />
<TLINK id="TL45" fromID="E18" fromText="3-vessel disease" toID="E20" toText="90% left circumflex lesions" type="OVERLAP" />
<TLINK id="TL46" fromID="E18" fromText="3-vessel disease" toID="E47" toText="3-vessel disease" type="OVERLAP" />
<TLINK id="TL47" fromID="E19" fromText="diffuse 90% mid distal stenosis" toID="E18" toText="3-vessel disease" type="OVERLAP" />
<TLINK id="TL48" fromID="E19" fromText="diffuse 90% mid distal stenosis" toID="E20" toText="90% left circumflex lesions" type="OVERLAP" />
<TLINK id="TL49" fromID="E20" fromText="90% left circumflex lesions" toID="E19" toText="diffuse 90% mid distal stenosis" type="OVERLAP" />
<TLINK id="TL50" fromID="E21" fromText="initial evaluation" toID="E22" toText="a coronary artery bypass graft" type="OVERLAP" />
<TLINK id="TL51" fromID="E21" fromText="initial evaluation" toID="E23" toText="the right coronary artery stenosis" type="OVERLAP" />
<TLINK id="TL52" fromID="E21" fromText="initial evaluation" toID="E24" toText="found" type="OVERLAP" />
<TLINK id="TL53" fromID="E21" fromText="initial evaluation" toID="E25" toText="which" type="OVERLAP" />
<TLINK id="TL54" fromID="E21" fromText="initial evaluation" toID="E26" toText="a right internal carotid artery stent" type="OVERLAP" />
<TLINK id="TL55" fromID="E22" fromText="a coronary artery bypass graft" toID="E21" toText="initial evaluation" type="OVERLAP" />
<TLINK id="TL56" fromID="E22" fromText="a coronary artery bypass graft" toID="E23" toText="the right coronary artery stenosis" type="OVERLAP" />
<TLINK id="TL57" fromID="E22" fromText="a coronary artery bypass graft" toID="E24" toText="found" type="OVERLAP" />
<TLINK id="TL58" fromID="E22" fromText="a coronary artery bypass graft" toID="E25" toText="which" type="OVERLAP" />
<TLINK id="TL59" fromID="E22" fromText="a coronary artery bypass graft" toID="E26" toText="a right internal carotid artery stent" type="OVERLAP" />
<TLINK id="TL60" fromID="E23" fromText="the right coronary artery stenosis" toID="E22" toText="a coronary artery bypass graft" type="BEFORE" />
<TLINK id="TL61" fromID="E23" fromText="the right coronary artery stenosis" toID="E24" toText="found" type="OVERLAP" />
<TLINK id="TL62" fromID="E23" fromText="the right coronary artery stenosis" toID="E25" toText="which" type="OVERLAP" />
<TLINK id="TL63" fromID="E23" fromText="the right coronary artery stenosis" toID="E26" toText="a right internal carotid artery stent" type="OVERLAP" />
<TLINK id="TL64" fromID="E24" fromText="found" toID="E25" toText="which" type="OVERLAP" />
<TLINK id="TL65" fromID="E24" fromText="found" toID="E26" toText="a right internal carotid artery stent" type="OVERLAP" />
<TLINK id="TL66" fromID="E25" fromText="which" toID="E16" toText="which" type="OVERLAP" />
<TLINK id="TL67" fromID="E25" fromText="which" toID="E24" toText="found" type="BEFORE" />
<TLINK id="TL68" fromID="E25" fromText="which" toID="E26" toText="a right internal carotid artery stent" type="OVERLAP" />
<TLINK id="TL69" fromID="E25" fromText="which" toID="E89" toText="which" type="OVERLAP" />
<TLINK id="TL70" fromID="E27" fromText="discharged" toID="E28" toText="Coumadin" type="OVERLAP" />
<TLINK id="TL71" fromID="E27" fromText="discharged" toID="E29" toText="a goal INR" type="OVERLAP" />
<TLINK id="TL72" fromID="E27" fromText="discharged" toID="E76" toText="discharged" type="OVERLAP" />
<TLINK id="TL73" fromID="E28" fromText="Coumadin" toID="E27" toText="discharged" type="OVERLAP" />
<TLINK id="TL74" fromID="E28" fromText="Coumadin" toID="E29" toText="a goal INR" type="OVERLAP" />
<TLINK id="TL75" fromID="E29" fromText="a goal INR" toID="E28" toText="Coumadin" type="OVERLAP" />
<TLINK id="TL76" fromID="E3" fromText="hypertension" toID="E10" toText="posterior and inferior apical akinesis" type="OVERLAP" />
<TLINK id="TL77" fromID="E3" fromText="hypertension" toID="E11" toText="large left ventricular thrombus" type="OVERLAP" />
<TLINK id="TL78" fromID="E3" fromText="hypertension" toID="E4" toText="hypercholesterolemia" type="OVERLAP" />
<TLINK id="TL79" fromID="E3" fromText="hypertension" toID="E5" toText="diabetes mellitus" type="OVERLAP" />
<TLINK id="TL80" fromID="E3" fromText="hypertension" toID="E6" toText="dilated cardiomyopathy" type="OVERLAP" />
<TLINK id="TL81" fromID="E3" fromText="hypertension" toID="E7" toText="a transthoracic echocardiogram" type="OVERLAP" />
<TLINK id="TL82" fromID="E3" fromText="hypertension" toID="E8" toText="showing" type="OVERLAP" />
<TLINK id="TL83" fromID="E3" fromText="hypertension" toID="E9" toText="an ejection fraction" type="OVERLAP" />
<TLINK id="TL84" fromID="E3" fromText="hypertension" toID="T2" toText="2016-01-13" type="OVERLAP" />
<TLINK id="TL85" fromID="E30" fromText="admitted" toID="E12" toText="admitted" type="OVERLAP" />
<TLINK id="TL86" fromID="E30" fromText="admitted" toID="E31" toText="an elective coronary artery bypass graft" type="OVERLAP" />
<TLINK id="TL87" fromID="E30" fromText="admitted" toID="E48" toText="admitted" type="OVERLAP" />
<TLINK id="TL88" fromID="E30" fromText="admitted" toID="T6" toText="2016-03-30" type="OVERLAP" />
<TLINK id="TL89" fromID="E31" fromText="an elective coronary artery bypass graft" toID="T6" toText="2016-03-30" type="OVERLAP" />
<TLINK id="TL90" fromID="E32" fromText="surgery" toID="E33" toText="noted" type="OVERLAP" />
<TLINK id="TL91" fromID="E32" fromText="surgery" toID="E34" toText="calcified" type="OVERLAP" />
<TLINK id="TL92" fromID="E32" fromText="surgery" toID="E35" toText="an intraoperative transesophageal echocardiogram" type="OVERLAP" />
<TLINK id="TL93" fromID="E32" fromText="surgery" toID="E36" toText="revealed" type="OVERLAP" />
<TLINK id="TL94" fromID="E32" fromText="surgery" toID="E37" toText="an irregular intra-aortic pedunculated lesion" type="OVERLAP" />
<TLINK id="TL95" fromID="E32" fromText="surgery" toID="E68" toText="surgery" type="OVERLAP" />
<TLINK id="TL96" fromID="E33" fromText="noted" toID="E34" toText="calcified" type="OVERLAP" />
<TLINK id="TL97" fromID="E33" fromText="noted" toID="E35" toText="an intraoperative transesophageal echocardiogram" type="OVERLAP" />
<TLINK id="TL98" fromID="E33" fromText="noted" toID="E36" toText="revealed" type="OVERLAP" />
<TLINK id="TL99" fromID="E33" fromText="noted" toID="E37" toText="an irregular intra-aortic pedunculated lesion" type="OVERLAP" />
<TLINK id="TL100" fromID="E34" fromText="calcified" toID="E33" toText="noted" type="BEFORE" />
<TLINK id="TL101" fromID="E34" fromText="calcified" toID="E35" toText="an intraoperative transesophageal echocardiogram" type="OVERLAP" />
<TLINK id="TL102" fromID="E34" fromText="calcified" toID="E36" toText="revealed" type="OVERLAP" />
<TLINK id="TL103" fromID="E34" fromText="calcified" toID="E37" toText="an irregular intra-aortic pedunculated lesion" type="OVERLAP" />
<TLINK id="TL104" fromID="E35" fromText="an intraoperative transesophageal echocardiogram" toID="E36" toText="revealed" type="OVERLAP" />
<TLINK id="TL105" fromID="E35" fromText="an intraoperative transesophageal echocardiogram" toID="E37" toText="an irregular intra-aortic pedunculated lesion" type="OVERLAP" />
<TLINK id="TL106" fromID="E36" fromText="revealed" toID="E17" toText="revealed" type="OVERLAP" />
<TLINK id="TL107" fromID="E36" fromText="revealed" toID="E37" toText="an irregular intra-aortic pedunculated lesion" type="OVERLAP" />
<TLINK id="TL108" fromID="E37" fromText="an irregular intra-aortic pedunculated lesion" toID="E35" toText="an intraoperative transesophageal echocardiogram" type="BEFORE" />
<TLINK id="TL109" fromID="E37" fromText="an irregular intra-aortic pedunculated lesion" toID="E36" toText="revealed" type="BEFORE" />
<TLINK id="TL110" fromID="E38" fromText="the elevated stroke risk" toID="E39" toText="aortic cross-clamping" type="OVERLAP" />
<TLINK id="TL111" fromID="E38" fromText="the elevated stroke risk" toID="E40" toText="this finding" type="OVERLAP" />
<TLINK id="TL112" fromID="E38" fromText="the elevated stroke risk" toID="E41" toText="a bypass graft" type="OVERLAP" />
<TLINK id="TL113" fromID="E39" fromText="aortic cross-clamping" toID="E40" toText="this finding" type="OVERLAP" />
<TLINK id="TL114" fromID="E39" fromText="aortic cross-clamping" toID="E41" toText="a bypass graft" type="OVERLAP" />
<TLINK id="TL115" fromID="E4" fromText="hypercholesterolemia" toID="E10" toText="posterior and inferior apical akinesis" type="OVERLAP" />
<TLINK id="TL116" fromID="E4" fromText="hypercholesterolemia" toID="E11" toText="large left ventricular thrombus" type="OVERLAP" />
<TLINK id="TL117" fromID="E4" fromText="hypercholesterolemia" toID="E5" toText="diabetes mellitus" type="OVERLAP" />
<TLINK id="TL118" fromID="E4" fromText="hypercholesterolemia" toID="E6" toText="dilated cardiomyopathy" type="OVERLAP" />
<TLINK id="TL119" fromID="E4" fromText="hypercholesterolemia" toID="E7" toText="a transthoracic echocardiogram" type="OVERLAP" />
<TLINK id="TL120" fromID="E4" fromText="hypercholesterolemia" toID="E8" toText="showing" type="OVERLAP" />
<TLINK id="TL121" fromID="E4" fromText="hypercholesterolemia" toID="E9" toText="an ejection fraction" type="OVERLAP" />
<TLINK id="TL122" fromID="E4" fromText="hypercholesterolemia" toID="T2" toText="2016-01-13" type="OVERLAP" />
<TLINK id="TL123" fromID="E40" fromText="this finding" toID="E39" toText="aortic cross-clamping" type="OVERLAP" />
<TLINK id="TL124" fromID="E40" fromText="this finding" toID="E41" toText="a bypass graft" type="OVERLAP" />
<TLINK id="TL125" fromID="E42" fromText="transferred" toID="E43" toText="the Coronary Care Unit Service" type="OVERLAP" />
<TLINK id="TL126" fromID="E42" fromText="transferred" toID="E44" toText="medical management" type="OVERLAP" />
<TLINK id="TL127" fromID="E42" fromText="transferred" toID="E45" toText="percutaneous coronary intervention" type="OVERLAP" />
<TLINK id="TL128" fromID="E42" fromText="transferred" toID="E46" toText="the admission" type="OVERLAP" />
<TLINK id="TL129" fromID="E42" fromText="transferred" toID="E81" toText="transferred" type="OVERLAP" />
<TLINK id="TL130" fromID="E43" fromText="the Coronary Care Unit Service" toID="E42" toText="transferred" type="AFTER" />
<TLINK id="TL131" fromID="E43" fromText="the Coronary Care Unit Service" toID="E44" toText="medical management" type="OVERLAP" />
<TLINK id="TL132" fromID="E43" fromText="the Coronary Care Unit Service" toID="E45" toText="percutaneous coronary intervention" type="OVERLAP" />
<TLINK id="TL133" fromID="E43" fromText="the Coronary Care Unit Service" toID="E46" toText="the admission" type="OVERLAP" />
<TLINK id="TL134" fromID="E44" fromText="medical management" toID="E43" toText="the Coronary Care Unit Service" type="OVERLAP" />
<TLINK id="TL135" fromID="E44" fromText="medical management" toID="E45" toText="percutaneous coronary intervention" type="OVERLAP" />
<TLINK id="TL136" fromID="E44" fromText="medical management" toID="E46" toText="the admission" type="OVERLAP" />
<TLINK id="TL137" fromID="E45" fromText="percutaneous coronary intervention" toID="E44" toText="medical management" type="AFTER" />
<TLINK id="TL138" fromID="E45" fromText="percutaneous coronary intervention" toID="E46" toText="the admission" type="OVERLAP" />
<TLINK id="TL139" fromID="E45" fromText="percutaneous coronary intervention" toID="E74" toText="percutaneous coronary intervention" type="OVERLAP" />
<TLINK id="TL140" fromID="E47" fromText="3-vessel disease" toID="E18" toText="3-vessel disease" type="OVERLAP" />
<TLINK id="TL141" fromID="E47" fromText="3-vessel disease" toID="E48" toText="admitted" type="OVERLAP" />
<TLINK id="TL142" fromID="E47" fromText="3-vessel disease" toID="E49" toText="the Coronary Care Unit Service for Western Mass . Hospital" type="OVERLAP" />
<TLINK id="TL143" fromID="E47" fromText="3-vessel disease" toID="E50" toText="an aborted coronary artery bypass graft" type="OVERLAP" />
<TLINK id="TL144" fromID="E47" fromText="3-vessel disease" toID="E51" toText="a mobile aortic atheroma" type="OVERLAP" />
<TLINK id="TL145" fromID="E47" fromText="3-vessel disease" toID="T0" toText="2016-03-30" type="AFTER" />
<TLINK id="TL146" fromID="E48" fromText="admitted" toID="E12" toText="admitted" type="OVERLAP" />
<TLINK id="TL147" fromID="E48" fromText="admitted" toID="E30" toText="admitted" type="OVERLAP" />
<TLINK id="TL148" fromID="E48" fromText="admitted" toID="E49" toText="the Coronary Care Unit Service for Western Mass . Hospital" type="OVERLAP" />
<TLINK id="TL149" fromID="E48" fromText="admitted" toID="E50" toText="an aborted coronary artery bypass graft" type="OVERLAP" />
<TLINK id="TL150" fromID="E48" fromText="admitted" toID="E51" toText="a mobile aortic atheroma" type="OVERLAP" />
<TLINK id="TL151" fromID="E48" fromText="admitted" toID="T0" toText="2016-03-30" type="AFTER" />
<TLINK id="TL152" fromID="E49" fromText="the Coronary Care Unit Service for Western Mass . Hospital" toID="E48" toText="admitted" type="AFTER" />
<TLINK id="TL153" fromID="E49" fromText="the Coronary Care Unit Service for Western Mass . Hospital" toID="E50" toText="an aborted coronary artery bypass graft" type="OVERLAP" />
<TLINK id="TL154" fromID="E49" fromText="the Coronary Care Unit Service for Western Mass . Hospital" toID="E51" toText="a mobile aortic atheroma" type="OVERLAP" />
<TLINK id="TL155" fromID="E49" fromText="the Coronary Care Unit Service for Western Mass . Hospital" toID="T0" toText="2016-03-30" type="AFTER" />
<TLINK id="TL156" fromID="E5" fromText="diabetes mellitus" toID="E10" toText="posterior and inferior apical akinesis" type="OVERLAP" />
<TLINK id="TL157" fromID="E5" fromText="diabetes mellitus" toID="E11" toText="large left ventricular thrombus" type="OVERLAP" />
<TLINK id="TL158" fromID="E5" fromText="diabetes mellitus" toID="E6" toText="dilated cardiomyopathy" type="OVERLAP" />
<TLINK id="TL159" fromID="E5" fromText="diabetes mellitus" toID="E7" toText="a transthoracic echocardiogram" type="OVERLAP" />
<TLINK id="TL160" fromID="E5" fromText="diabetes mellitus" toID="E8" toText="showing" type="OVERLAP" />
<TLINK id="TL161" fromID="E5" fromText="diabetes mellitus" toID="E9" toText="an ejection fraction" type="OVERLAP" />
<TLINK id="TL162" fromID="E5" fromText="diabetes mellitus" toID="T2" toText="2016-01-13" type="OVERLAP" />
<TLINK id="TL163" fromID="E50" fromText="an aborted coronary artery bypass graft" toID="E49" toText="the Coronary Care Unit Service for Western Mass . Hospital" type="OVERLAP" />
<TLINK id="TL164" fromID="E50" fromText="an aborted coronary artery bypass graft" toID="E51" toText="a mobile aortic atheroma" type="OVERLAP" />
<TLINK id="TL165" fromID="E50" fromText="an aborted coronary artery bypass graft" toID="T0" toText="2016-03-30" type="AFTER" />
<TLINK id="TL166" fromID="E51" fromText="a mobile aortic atheroma" toID="E50" toText="an aborted coronary artery bypass graft" type="OVERLAP" />
<TLINK id="TL167" fromID="E51" fromText="a mobile aortic atheroma" toID="T0" toText="2016-03-30" type="AFTER" />
<TLINK id="TL168" fromID="E52" fromText="aspirin" toID="E53" toText="Plavix" type="OVERLAP" />
<TLINK id="TL169" fromID="E52" fromText="aspirin" toID="E54" toText="statin" type="OVERLAP" />
<TLINK id="TL170" fromID="E52" fromText="aspirin" toID="T0" toText="2016-03-30" type="AFTER" />
<TLINK id="TL171" fromID="E53" fromText="Plavix" toID="E52" toText="aspirin" type="OVERLAP" />
<TLINK id="TL172" fromID="E53" fromText="Plavix" toID="E54" toText="statin" type="OVERLAP" />
<TLINK id="TL173" fromID="E53" fromText="Plavix" toID="T0" toText="2016-03-30" type="AFTER" />
<TLINK id="TL174" fromID="E54" fromText="statin" toID="T0" toText="2016-03-30" type="AFTER" />
<TLINK id="TL175" fromID="E55" fromText="dopamine" toID="E56" toText="the beta blocker" type="OVERLAP" />
<TLINK id="TL176" fromID="E55" fromText="dopamine" toID="E57" toText="ACE inhibitor" type="OVERLAP" />
<TLINK id="TL177" fromID="E55" fromText="dopamine" toID="T0" toText="2016-03-30" type="AFTER" />
<TLINK id="TL178" fromID="E56" fromText="the beta blocker" toID="E55" toText="dopamine" type="OVERLAP" />
<TLINK id="TL179" fromID="E56" fromText="the beta blocker" toID="E57" toText="ACE inhibitor" type="OVERLAP" />
<TLINK id="TL180" fromID="E56" fromText="the beta blocker" toID="E70" toText="the beta blocker" type="OVERLAP" />
<TLINK id="TL181" fromID="E56" fromText="the beta blocker" toID="T0" toText="2016-03-30" type="AFTER" />
<TLINK id="TL182" fromID="E57" fromText="ACE inhibitor" toID="E56" toText="the beta blocker" type="AFTER" />
<TLINK id="TL183" fromID="E57" fromText="ACE inhibitor" toID="E71" toText="ACE inhibitor" type="OVERLAP" />
<TLINK id="TL184" fromID="E57" fromText="ACE inhibitor" toID="T0" toText="2016-03-30" type="AFTER" />
<TLINK id="TL185" fromID="E58" fromText="the left ventricular thrombus" toID="E59" toText="her goal INR" type="OVERLAP" />
<TLINK id="TL186" fromID="E58" fromText="the left ventricular thrombus" toID="E60" toText="heparin" type="OVERLAP" />
<TLINK id="TL187" fromID="E58" fromText="the left ventricular thrombus" toID="E61" toText="stable" type="OVERLAP" />
<TLINK id="TL188" fromID="E58" fromText="the left ventricular thrombus" toID="E62" toText="a thoracotomy" type="OVERLAP" />
<TLINK id="TL189" fromID="E58" fromText="the left ventricular thrombus" toID="E63" toText="chest tube" type="OVERLAP" />
<TLINK id="TL190" fromID="E58" fromText="the left ventricular thrombus" toID="E88" toText="the left ventricular thrombus" type="OVERLAP" />
<TLINK id="TL191" fromID="E58" fromText="the left ventricular thrombus" toID="T0" toText="2016-03-30" type="AFTER" />
<TLINK id="TL192" fromID="E59" fromText="her goal INR" toID="E60" toText="heparin" type="OVERLAP" />
<TLINK id="TL193" fromID="E59" fromText="her goal INR" toID="E61" toText="stable" type="OVERLAP" />
<TLINK id="TL194" fromID="E59" fromText="her goal INR" toID="E62" toText="a thoracotomy" type="OVERLAP" />
<TLINK id="TL195" fromID="E59" fromText="her goal INR" toID="E63" toText="chest tube" type="OVERLAP" />
<TLINK id="TL196" fromID="E59" fromText="her goal INR" toID="T0" toText="2016-03-30" type="AFTER" />
<TLINK id="TL197" fromID="E6" fromText="dilated cardiomyopathy" toID="E10" toText="posterior and inferior apical akinesis" type="OVERLAP" />
<TLINK id="TL198" fromID="E6" fromText="dilated cardiomyopathy" toID="E11" toText="large left ventricular thrombus" type="OVERLAP" />
<TLINK id="TL199" fromID="E6" fromText="dilated cardiomyopathy" toID="E7" toText="a transthoracic echocardiogram" type="OVERLAP" />
<TLINK id="TL200" fromID="E6" fromText="dilated cardiomyopathy" toID="E8" toText="showing" type="OVERLAP" />
<TLINK id="TL201" fromID="E6" fromText="dilated cardiomyopathy" toID="E9" toText="an ejection fraction" type="OVERLAP" />
<TLINK id="TL202" fromID="E6" fromText="dilated cardiomyopathy" toID="T2" toText="2016-01-13" type="OVERLAP" />
<TLINK id="TL203" fromID="E60" fromText="heparin" toID="E61" toText="stable" type="OVERLAP" />
<TLINK id="TL204" fromID="E60" fromText="heparin" toID="E62" toText="a thoracotomy" type="OVERLAP" />
<TLINK id="TL205" fromID="E60" fromText="heparin" toID="E63" toText="chest tube" type="OVERLAP" />
<TLINK id="TL206" fromID="E60" fromText="heparin" toID="T0" toText="2016-03-30" type="AFTER" />
<TLINK id="TL207" fromID="E61" fromText="stable" toID="E62" toText="a thoracotomy" type="OVERLAP" />
<TLINK id="TL208" fromID="E61" fromText="stable" toID="E63" toText="chest tube" type="OVERLAP" />
<TLINK id="TL209" fromID="E61" fromText="stable" toID="T0" toText="2016-03-30" type="AFTER" />
<TLINK id="TL210" fromID="E62" fromText="a thoracotomy" toID="E61" toText="stable" type="OVERLAP" />
<TLINK id="TL211" fromID="E62" fromText="a thoracotomy" toID="E63" toText="chest tube" type="OVERLAP" />
<TLINK id="TL212" fromID="E62" fromText="a thoracotomy" toID="T0" toText="2016-03-30" type="AFTER" />
<TLINK id="TL213" fromID="E63" fromText="chest tube" toID="E62" toText="a thoracotomy" type="OVERLAP" />
<TLINK id="TL214" fromID="E63" fromText="chest tube" toID="T0" toText="2016-03-30" type="AFTER" />
<TLINK id="TL215" fromID="E64" fromText="comfortable" toID="T0" toText="2016-03-30" type="AFTER" />
<TLINK id="TL216" fromID="E65" fromText="doing well" toID="E66" toText="the chest tube" type="OVERLAP" />
<TLINK id="TL217" fromID="E65" fromText="doing well" toID="T0" toText="2016-03-30" type="AFTER" />
<TLINK id="TL218" fromID="E65" fromText="doing well" toID="T8" toText="postoperative day two" type="OVERLAP" />
<TLINK id="TL219" fromID="E66" fromText="the chest tube" toID="E65" toText="doing well" type="OVERLAP" />
<TLINK id="TL220" fromID="E66" fromText="the chest tube" toID="T0" toText="2016-03-30" type="AFTER" />
<TLINK id="TL221" fromID="E66" fromText="the chest tube" toID="T8" toText="postoperative day two" type="OVERLAP" />
<TLINK id="TL222" fromID="E67" fromText="transcutaneous pacing wires" toID="T0" toText="2016-03-30" type="AFTER" />
<TLINK id="TL223" fromID="E68" fromText="surgery" toID="E32" toText="surgery" type="OVERLAP" />
<TLINK id="TL224" fromID="E68" fromText="surgery" toID="E69" toText="difficulty" type="OVERLAP" />
<TLINK id="TL225" fromID="E68" fromText="surgery" toID="T0" toText="2016-03-30" type="AFTER" />
<TLINK id="TL226" fromID="E68" fromText="surgery" toID="T9" toText="04-01" type="OVERLAP" />
<TLINK id="TL227" fromID="E69" fromText="difficulty" toID="T0" toText="2016-03-30" type="AFTER" />
<TLINK id="TL228" fromID="E69" fromText="difficulty" toID="T9" toText="04-01" type="OVERLAP" />
<TLINK id="TL229" fromID="E7" fromText="a transthoracic echocardiogram" toID="E10" toText="posterior and inferior apical akinesis" type="OVERLAP" />
<TLINK id="TL230" fromID="E7" fromText="a transthoracic echocardiogram" toID="E11" toText="large left ventricular thrombus" type="OVERLAP" />
<TLINK id="TL231" fromID="E7" fromText="a transthoracic echocardiogram" toID="E8" toText="showing" type="OVERLAP" />
<TLINK id="TL232" fromID="E7" fromText="a transthoracic echocardiogram" toID="E9" toText="an ejection fraction" type="OVERLAP" />
<TLINK id="TL233" fromID="E7" fromText="a transthoracic echocardiogram" toID="T2" toText="2016-01-13" type="OVERLAP" />
<TLINK id="TL234" fromID="E70" fromText="the beta blocker" toID="E56" toText="the beta blocker" type="OVERLAP" />
<TLINK id="TL235" fromID="E70" fromText="the beta blocker" toID="E71" toText="ACE inhibitor" type="OVERLAP" />
<TLINK id="TL236" fromID="E70" fromText="the beta blocker" toID="T0" toText="2016-03-30" type="AFTER" />
<TLINK id="TL237" fromID="E71" fromText="ACE inhibitor" toID="E57" toText="ACE inhibitor" type="OVERLAP" />
<TLINK id="TL238" fromID="E71" fromText="ACE inhibitor" toID="E70" toText="the beta blocker" type="AFTER" />
<TLINK id="TL239" fromID="E71" fromText="ACE inhibitor" toID="T0" toText="2016-03-30" type="AFTER" />
<TLINK id="TL240" fromID="E72" fromText="Wellbutrin" toID="E73" toText="smoking cessation" type="OVERLAP" />
<TLINK id="TL241" fromID="E72" fromText="Wellbutrin" toID="T0" toText="2016-03-30" type="AFTER" />
<TLINK id="TL242" fromID="E73" fromText="smoking cessation" toID="E72" toText="Wellbutrin" type="OVERLAP" />
<TLINK id="TL243" fromID="E73" fromText="smoking cessation" toID="T0" toText="2016-03-30" type="AFTER" />
<TLINK id="TL244" fromID="E74" fromText="percutaneous coronary intervention" toID="E45" toText="percutaneous coronary intervention" type="OVERLAP" />
<TLINK id="TL245" fromID="E74" fromText="percutaneous coronary intervention" toID="E75" toText="this admission" type="OVERLAP" />
<TLINK id="TL246" fromID="E74" fromText="percutaneous coronary intervention" toID="E76" toText="discharged" type="OVERLAP" />
<TLINK id="TL247" fromID="E74" fromText="percutaneous coronary intervention" toID="E77" toText="the floor" type="OVERLAP" />
<TLINK id="TL248" fromID="E74" fromText="percutaneous coronary intervention" toID="E78" toText="stabilization" type="OVERLAP" />
<TLINK id="TL249" fromID="E74" fromText="percutaneous coronary intervention" toID="E79" toText="followup" type="OVERLAP" />
<TLINK id="TL250" fromID="E74" fromText="percutaneous coronary intervention" toID="T0" toText="2016-03-30" type="AFTER" />
<TLINK id="TL251" fromID="E75" fromText="this admission" toID="E76" toText="discharged" type="OVERLAP" />
<TLINK id="TL252" fromID="E75" fromText="this admission" toID="E77" toText="the floor" type="OVERLAP" />
<TLINK id="TL253" fromID="E75" fromText="this admission" toID="E78" toText="stabilization" type="OVERLAP" />
<TLINK id="TL254" fromID="E75" fromText="this admission" toID="E79" toText="followup" type="OVERLAP" />
<TLINK id="TL255" fromID="E75" fromText="this admission" toID="T0" toText="2016-03-30" type="AFTER" />
<TLINK id="TL256" fromID="E76" fromText="discharged" toID="E27" toText="discharged" type="OVERLAP" />
<TLINK id="TL257" fromID="E76" fromText="discharged" toID="E75" toText="this admission" type="OVERLAP" />
<TLINK id="TL258" fromID="E76" fromText="discharged" toID="E77" toText="the floor" type="OVERLAP" />
<TLINK id="TL259" fromID="E76" fromText="discharged" toID="E78" toText="stabilization" type="OVERLAP" />
<TLINK id="TL260" fromID="E76" fromText="discharged" toID="E79" toText="followup" type="OVERLAP" />
<TLINK id="TL261" fromID="E76" fromText="discharged" toID="T0" toText="2016-03-30" type="AFTER" />
<TLINK id="TL262" fromID="E77" fromText="the floor" toID="E76" toText="discharged" type="AFTER" />
<TLINK id="TL263" fromID="E77" fromText="the floor" toID="E78" toText="stabilization" type="OVERLAP" />
<TLINK id="TL264" fromID="E77" fromText="the floor" toID="E79" toText="followup" type="OVERLAP" />
<TLINK id="TL265" fromID="E77" fromText="the floor" toID="E82" toText="the floor" type="OVERLAP" />
<TLINK id="TL266" fromID="E77" fromText="the floor" toID="T0" toText="2016-03-30" type="AFTER" />
<TLINK id="TL267" fromID="E78" fromText="stabilization" toID="E77" toText="the floor" type="OVERLAP" />
<TLINK id="TL268" fromID="E78" fromText="stabilization" toID="E79" toText="followup" type="OVERLAP" />
<TLINK id="TL269" fromID="E78" fromText="stabilization" toID="T0" toText="2016-03-30" type="AFTER" />
<TLINK id="TL270" fromID="E79" fromText="followup" toID="T0" toText="2016-03-30" type="AFTER" />
<TLINK id="TL271" fromID="E8" fromText="showing" toID="E10" toText="posterior and inferior apical akinesis" type="OVERLAP" />
<TLINK id="TL272" fromID="E8" fromText="showing" toID="E11" toText="large left ventricular thrombus" type="OVERLAP" />
<TLINK id="TL273" fromID="E8" fromText="showing" toID="E9" toText="an ejection fraction" type="OVERLAP" />
<TLINK id="TL274" fromID="E8" fromText="showing" toID="T2" toText="2016-01-13" type="OVERLAP" />
<TLINK id="TL275" fromID="E80" fromText="did well" toID="E81" toText="transferred" type="OVERLAP" />
<TLINK id="TL276" fromID="E80" fromText="did well" toID="E82" toText="the floor" type="OVERLAP" />
<TLINK id="TL277" fromID="E80" fromText="did well" toID="T0" toText="2016-03-30" type="AFTER" />
<TLINK id="TL278" fromID="E80" fromText="did well" toID="T10" toText="04-02" type="OVERLAP" />
<TLINK id="TL279" fromID="E81" fromText="transferred" toID="E42" toText="transferred" type="OVERLAP" />
<TLINK id="TL280" fromID="E81" fromText="transferred" toID="E80" toText="did well" type="AFTER" />
<TLINK id="TL281" fromID="E81" fromText="transferred" toID="E82" toText="the floor" type="OVERLAP" />
<TLINK id="TL282" fromID="E81" fromText="transferred" toID="T0" toText="2016-03-30" type="AFTER" />
<TLINK id="TL283" fromID="E81" fromText="transferred" toID="T10" toText="04-02" type="OVERLAP" />
<TLINK id="TL284" fromID="E82" fromText="the floor" toID="E77" toText="the floor" type="OVERLAP" />
<TLINK id="TL285" fromID="E82" fromText="the floor" toID="E81" toText="transferred" type="AFTER" />
<TLINK id="TL286" fromID="E82" fromText="the floor" toID="T0" toText="2016-03-30" type="AFTER" />
<TLINK id="TL287" fromID="E82" fromText="the floor" toID="T10" toText="04-02" type="OVERLAP" />
<TLINK id="TL288" fromID="E83" fromText="evaluation" toID="E84" toText="anticoagulation" type="OVERLAP" />
<TLINK id="TL289" fromID="E83" fromText="evaluation" toID="E85" toText="aortic thrombus" type="OVERLAP" />
<TLINK id="TL290" fromID="E83" fromText="evaluation" toID="E86" toText="an aortic plaque" type="OVERLAP" />
<TLINK id="TL291" fromID="E83" fromText="evaluation" toID="E87" toText="anterior/apical akinesis noted" type="OVERLAP" />
<TLINK id="TL292" fromID="E83" fromText="evaluation" toID="T0" toText="2016-03-30" type="AFTER" />
<TLINK id="TL293" fromID="E84" fromText="anticoagulation" toID="E85" toText="aortic thrombus" type="OVERLAP" />
<TLINK id="TL294" fromID="E84" fromText="anticoagulation" toID="E86" toText="an aortic plaque" type="OVERLAP" />
<TLINK id="TL295" fromID="E84" fromText="anticoagulation" toID="E87" toText="anterior/apical akinesis noted" type="OVERLAP" />
<TLINK id="TL296" fromID="E84" fromText="anticoagulation" toID="T0" toText="2016-03-30" type="AFTER" />
<TLINK id="TL297" fromID="E85" fromText="aortic thrombus" toID="E84" toText="anticoagulation" type="BEFORE" />
<TLINK id="TL298" fromID="E85" fromText="aortic thrombus" toID="E86" toText="an aortic plaque" type="OVERLAP" />
<TLINK id="TL299" fromID="E85" fromText="aortic thrombus" toID="E87" toText="anterior/apical akinesis noted" type="OVERLAP" />
<TLINK id="TL300" fromID="E85" fromText="aortic thrombus" toID="T0" toText="2016-03-30" type="AFTER" />
<TLINK id="TL301" fromID="E86" fromText="an aortic plaque" toID="E87" toText="anterior/apical akinesis noted" type="OVERLAP" />
<TLINK id="TL302" fromID="E86" fromText="an aortic plaque" toID="T0" toText="2016-03-30" type="AFTER" />
<TLINK id="TL303" fromID="E87" fromText="anterior/apical akinesis noted" toID="T0" toText="2016-03-30" type="AFTER" />
<TLINK id="TL304" fromID="E88" fromText="the left ventricular thrombus" toID="E58" toText="the left ventricular thrombus" type="OVERLAP" />
<TLINK id="TL305" fromID="E88" fromText="the left ventricular thrombus" toID="E89" toText="which" type="OVERLAP" />
<TLINK id="TL306" fromID="E88" fromText="the left ventricular thrombus" toID="E90" toText="therapy" type="OVERLAP" />
<TLINK id="TL307" fromID="E88" fromText="the left ventricular thrombus" toID="E91" toText="present" type="OVERLAP" />
<TLINK id="TL308" fromID="E88" fromText="the left ventricular thrombus" toID="T0" toText="2016-03-30" type="AFTER" />
<TLINK id="TL309" fromID="E89" fromText="which" toID="E16" toText="which" type="OVERLAP" />
<TLINK id="TL310" fromID="E89" fromText="which" toID="E25" toText="which" type="OVERLAP" />
<TLINK id="TL311" fromID="E89" fromText="which" toID="E90" toText="therapy" type="OVERLAP" />
<TLINK id="TL312" fromID="E89" fromText="which" toID="E91" toText="present" type="OVERLAP" />
<TLINK id="TL313" fromID="E89" fromText="which" toID="T0" toText="2016-03-30" type="AFTER" />
<TLINK id="TL314" fromID="E9" fromText="an ejection fraction" toID="E10" toText="posterior and inferior apical akinesis" type="OVERLAP" />
<TLINK id="TL315" fromID="E9" fromText="an ejection fraction" toID="E11" toText="large left ventricular thrombus" type="OVERLAP" />
<TLINK id="TL316" fromID="E9" fromText="an ejection fraction" toID="E8" toText="showing" type="OVERLAP" />
<TLINK id="TL317" fromID="E9" fromText="an ejection fraction" toID="T2" toText="2016-01-13" type="OVERLAP" />
<TLINK id="TL318" fromID="E90" fromText="therapy" toID="E89" toText="which" type="AFTER" />
<TLINK id="TL319" fromID="E90" fromText="therapy" toID="E91" toText="present" type="OVERLAP" />
<TLINK id="TL320" fromID="E90" fromText="therapy" toID="T0" toText="2016-03-30" type="AFTER" />
<TLINK id="TL321" fromID="E91" fromText="present" toID="T0" toText="2016-03-30" type="AFTER" />
<TLINK id="TL322" fromID="E92" fromText="a slight hematocrit drop" toID="E93" toText="transfused one unit of packed red blood cells" type="OVERLAP" />
<TLINK id="TL323" fromID="E92" fromText="a slight hematocrit drop" toID="E94" toText="a goal hematocrit" type="OVERLAP" />
<TLINK id="TL324" fromID="E92" fromText="a slight hematocrit drop" toID="T0" toText="2016-03-30" type="AFTER" />
<TLINK id="TL325" fromID="E93" fromText="transfused one unit of packed red blood cells" toID="E92" toText="a slight hematocrit drop" type="AFTER" />
<TLINK id="TL326" fromID="E93" fromText="transfused one unit of packed red blood cells" toID="E94" toText="a goal hematocrit" type="OVERLAP" />
<TLINK id="TL327" fromID="E93" fromText="transfused one unit of packed red blood cells" toID="T0" toText="2016-03-30" type="AFTER" />
<TLINK id="TL328" fromID="E94" fromText="a goal hematocrit" toID="E93" toText="transfused one unit of packed red blood cells" type="OVERLAP" />
<TLINK id="TL329" fromID="E94" fromText="a goal hematocrit" toID="T0" toText="2016-03-30" type="AFTER" />
<TLINK id="TL330" fromID="E95" fromText="captopril" toID="E96" toText="atenolol" type="OVERLAP" />
<TLINK id="TL331" fromID="E95" fromText="captopril" toID="E97" toText="the patient 's leg bandage" type="OVERLAP" />
<TLINK id="TL332" fromID="E95" fromText="captopril" toID="E98" toText="the vein harvest" type="OVERLAP" />
<TLINK id="TL333" fromID="E95" fromText="captopril" toID="T0" toText="2016-03-30" type="AFTER" />
<TLINK id="TL334" fromID="E95" fromText="captopril" toID="T11" toText="04-03" type="OVERLAP" />
<TLINK id="TL335" fromID="E96" fromText="atenolol" toID="E95" toText="captopril" type="AFTER" />
<TLINK id="TL336" fromID="E96" fromText="atenolol" toID="E97" toText="the patient 's leg bandage" type="OVERLAP" />
<TLINK id="TL337" fromID="E96" fromText="atenolol" toID="E98" toText="the vein harvest" type="OVERLAP" />
<TLINK id="TL338" fromID="E96" fromText="atenolol" toID="T0" toText="2016-03-30" type="AFTER" />
<TLINK id="TL339" fromID="E96" fromText="atenolol" toID="T11" toText="04-03" type="OVERLAP" />
<TLINK id="TL340" fromID="E97" fromText="the patient 's leg bandage" toID="E96" toText="atenolol" type="AFTER" />
<TLINK id="TL341" fromID="E97" fromText="the patient 's leg bandage" toID="E98" toText="the vein harvest" type="OVERLAP" />
<TLINK id="TL342" fromID="E97" fromText="the patient 's leg bandage" toID="T0" toText="2016-03-30" type="AFTER" />
<TLINK id="TL343" fromID="E97" fromText="the patient 's leg bandage" toID="T11" toText="04-03" type="OVERLAP" />
<TLINK id="TL344" fromID="E98" fromText="the vein harvest" toID="E97" toText="the patient 's leg bandage" type="OVERLAP" />
<TLINK id="TL345" fromID="E98" fromText="the vein harvest" toID="T0" toText="2016-03-30" type="AFTER" />
<TLINK id="TL346" fromID="E98" fromText="the vein harvest" toID="T11" toText="04-03" type="OVERLAP" />
<TLINK id="TL347" fromID="E99" fromText="do well" toID="E100" toText="the medical regimen" type="OVERLAP" />
<TLINK id="TL348" fromID="E99" fromText="do well" toID="E101" toText="chest pain" type="OVERLAP" />
<TLINK id="TL349" fromID="E99" fromText="do well" toID="E102" toText="shortness of breath" type="OVERLAP" />
<TLINK id="TL350" fromID="E99" fromText="do well" toID="E103" toText="any other symptoms" type="OVERLAP" />
<TLINK id="TL351" fromID="E99" fromText="do well" toID="T0" toText="2016-03-30" type="AFTER" />
<TLINK id="TL352" fromID="T0" fromText="2016-03-30" toID="T2" toText="2016-01-13" type="AFTER" />
<TLINK id="TL353" fromID="T0" fromText="2016-03-30" toID="T3" toText="2016-01-21" type="AFTER" />
<TLINK id="TL354" fromID="T0" fromText="2016-03-30" toID="T4" toText="2016-02-03" type="AFTER" />
<TLINK id="TL355" fromID="T0" fromText="2016-03-30" toID="T6" toText="2016-03-30" type="OVERLAP" />
<TLINK id="TL356" fromID="T1" fromText="2016-04-03" toID="T0" toText="2016-03-30" type="AFTER" />
<TLINK id="TL357" fromID="T1" fromText="2016-04-03" toID="T10" toText="04-02" type="AFTER" />
<TLINK id="TL358" fromID="T1" fromText="2016-04-03" toID="T11" toText="04-03" type="OVERLAP" />
<TLINK id="TL359" fromID="T1" fromText="2016-04-03" toID="T2" toText="2016-01-13" type="AFTER" />
<TLINK id="TL360" fromID="T1" fromText="2016-04-03" toID="T3" toText="2016-01-21" type="AFTER" />
<TLINK id="TL361" fromID="T1" fromText="2016-04-03" toID="T4" toText="2016-02-03" type="AFTER" />
<TLINK id="TL362" fromID="T1" fromText="2016-04-03" toID="T6" toText="2016-03-30" type="AFTER" />
<TLINK id="TL363" fromID="T1" fromText="2016-04-03" toID="T7" toText="04-01" type="AFTER" />
<TLINK id="TL364" fromID="T1" fromText="2016-04-03" toID="T8" toText="postoperative day two" type="AFTER" />
<TLINK id="TL365" fromID="T1" fromText="2016-04-03" toID="T9" toText="04-01" type="AFTER" />
<TLINK id="TL366" fromID="T10" fromText="04-02" toID="T0" toText="2016-03-30" type="AFTER" />
<TLINK id="TL367" fromID="T10" fromText="04-02" toID="T2" toText="2016-01-13" type="AFTER" />
<TLINK id="TL368" fromID="T10" fromText="04-02" toID="T3" toText="2016-01-21" type="AFTER" />
<TLINK id="TL369" fromID="T10" fromText="04-02" toID="T4" toText="2016-02-03" type="AFTER" />
<TLINK id="TL370" fromID="T10" fromText="04-02" toID="T6" toText="2016-03-30" type="AFTER" />
<TLINK id="TL371" fromID="T10" fromText="04-02" toID="T7" toText="04-01" type="AFTER" />
<TLINK id="TL372" fromID="T10" fromText="04-02" toID="T8" toText="postoperative day two" type="AFTER" />
<TLINK id="TL373" fromID="T10" fromText="04-02" toID="T9" toText="04-01" type="AFTER" />
<TLINK id="TL374" fromID="T11" fromText="04-03" toID="T0" toText="2016-03-30" type="AFTER" />
<TLINK id="TL375" fromID="T11" fromText="04-03" toID="T10" toText="04-02" type="AFTER" />
<TLINK id="TL376" fromID="T11" fromText="04-03" toID="T2" toText="2016-01-13" type="AFTER" />
<TLINK id="TL377" fromID="T11" fromText="04-03" toID="T3" toText="2016-01-21" type="AFTER" />
<TLINK id="TL378" fromID="T11" fromText="04-03" toID="T4" toText="2016-02-03" type="AFTER" />
<TLINK id="TL379" fromID="T11" fromText="04-03" toID="T6" toText="2016-03-30" type="AFTER" />
<TLINK id="TL380" fromID="T11" fromText="04-03" toID="T7" toText="04-01" type="AFTER" />
<TLINK id="TL381" fromID="T11" fromText="04-03" toID="T8" toText="postoperative day two" type="AFTER" />
<TLINK id="TL382" fromID="T11" fromText="04-03" toID="T9" toText="04-01" type="AFTER" />
<TLINK id="TL383" fromID="T2" fromText="2016-01-13" toID="E8" toText="showing" type="OVERLAP" />
<TLINK id="TL384" fromID="T3" fromText="2016-01-21" toID="E12" toText="admitted" type="OVERLAP" />
<TLINK id="TL385" fromID="T3" fromText="2016-01-21" toID="T2" toText="2016-01-13" type="AFTER" />
<TLINK id="TL386" fromID="T4" fromText="2016-02-03" toID="T2" toText="2016-01-13" type="AFTER" />
<TLINK id="TL387" fromID="T4" fromText="2016-02-03" toID="T3" toText="2016-01-21" type="AFTER" />
<TLINK id="TL388" fromID="T5" fromText="which time" toID="E14" toText="ruled" type="OVERLAP" />
<TLINK id="TL389" fromID="T5" fromText="which time" toID="T3" toText="2016-01-21" type="BEFORE" />
<TLINK id="TL390" fromID="T5" fromText="which time" toID="T4" toText="2016-02-03" type="BEFORE" />
<TLINK id="TL391" fromID="T6" fromText="2016-03-30" toID="E30" toText="admitted" type="OVERLAP" />
<TLINK id="TL392" fromID="T6" fromText="2016-03-30" toID="T0" toText="2016-03-30" type="OVERLAP" />
<TLINK id="TL393" fromID="T6" fromText="2016-03-30" toID="T2" toText="2016-01-13" type="AFTER" />
<TLINK id="TL394" fromID="T6" fromText="2016-03-30" toID="T3" toText="2016-01-21" type="AFTER" />
<TLINK id="TL395" fromID="T6" fromText="2016-03-30" toID="T4" toText="2016-02-03" type="AFTER" />
<TLINK id="TL396" fromID="T7" fromText="04-01" toID="T0" toText="2016-03-30" type="AFTER" />
<TLINK id="TL397" fromID="T7" fromText="04-01" toID="T2" toText="2016-01-13" type="AFTER" />
<TLINK id="TL398" fromID="T7" fromText="04-01" toID="T3" toText="2016-01-21" type="AFTER" />
<TLINK id="TL399" fromID="T7" fromText="04-01" toID="T4" toText="2016-02-03" type="AFTER" />
<TLINK id="TL400" fromID="T7" fromText="04-01" toID="T6" toText="2016-03-30" type="AFTER" />
<TLINK id="TL401" fromID="T7" fromText="04-01" toID="T8" toText="postoperative day two" type="OVERLAP" />
<TLINK id="TL402" fromID="T7" fromText="04-01" toID="T9" toText="04-01" type="OVERLAP" />
<TLINK id="TL403" fromID="T8" fromText="postoperative day two" toID="E65" toText="doing well" type="OVERLAP" />
<TLINK id="TL404" fromID="T8" fromText="postoperative day two" toID="T0" toText="2016-03-30" type="AFTER" />
<TLINK id="TL405" fromID="T8" fromText="postoperative day two" toID="T2" toText="2016-01-13" type="AFTER" />
<TLINK id="TL406" fromID="T8" fromText="postoperative day two" toID="T3" toText="2016-01-21" type="AFTER" />
<TLINK id="TL407" fromID="T8" fromText="postoperative day two" toID="T4" toText="2016-02-03" type="AFTER" />
<TLINK id="TL408" fromID="T8" fromText="postoperative day two" toID="T6" toText="2016-03-30" type="AFTER" />
<TLINK id="TL409" fromID="T8" fromText="postoperative day two" toID="T7" toText="04-01" type="AFTER" />
<TLINK id="TL410" fromID="T8" fromText="postoperative day two" toID="T9" toText="04-01" type="OVERLAP" />
<TLINK id="TL411" fromID="T9" fromText="04-01" toID="E68" toText="surgery" type="OVERLAP" />
<TLINK id="TL412" fromID="T9" fromText="04-01" toID="T0" toText="2016-03-30" type="AFTER" />
<TLINK id="TL413" fromID="T9" fromText="04-01" toID="T2" toText="2016-01-13" type="AFTER" />
<TLINK id="TL414" fromID="T9" fromText="04-01" toID="T3" toText="2016-01-21" type="AFTER" />
<TLINK id="TL415" fromID="T9" fromText="04-01" toID="T4" toText="2016-02-03" type="AFTER" />
<TLINK id="TL416" fromID="T9" fromText="04-01" toID="T6" toText="2016-03-30" type="AFTER" />
<TLINK id="TL417" fromID="T9" fromText="04-01" toID="T7" toText="04-01" type="OVERLAP" />
</TAGS>
</ClinicalNarrativeTemporalAnnotation>
