<?xml version="1.0" encoding="UTF-8" ?>
<ClinicalNarrativeTemporalAnnotation>
<TEXT><![CDATA[
Admission Date :
2010-07-15
Discharge Date :
2010-07-18
Service :
KULAND
HISTORY OF PRESENT ILLNESS :
The patient is a 32-year-old white female with history of diabetes type 1 and migraines who presented with complaints of nausea , diarrhea and vomiting for 24 hours .
Patient states she was unable to take her usual insulin regimen because she was vomiting .
The patient denied any fevers , chills , chest pain , shortness of breath or dysuria but does state she had her usual migraine headache the night prior to admission .
The patient 's arterial blood gases in the Emergency Department were 7.19 , 22 and 109 with a bicarbonate of 9 and a fingerstick of greater than 500 .
Patient was given two boluses of 15 units of regular insulin and was started on an insulin drip of one unit per hour and given a total of five liters of normal saline .
Her fingersticks decreased with the insulin drip and the intravenous fluids .
The patient was admitted to the Intensive Care Unit for an insulin drip and frequent blood sugar monitoring and Chem-7 monitoring .
The patient did well overnight in the Medical Intensive Care Unit .
Her anion gap closed and her fingersticks were less than 200 .
Her NPH and a regular sliding scale were started and her drip was discontinued .
The patient denied any more gastrointestinal symptoms .
HOSPITAL COURSE :
As above , and once transferred to the floor , patient had fingersticks monitored every four hours with a sliding scale .
Patient reached goal of fingersticks between 50 and 300 , which is what she maintains at home .
Sliding scale was adjusted as necessary .
Patient was continued on intravenous fluids until taking good po .
Infectious Disease :
The patient had an elevated white count upon admission , however , white count came down to 7.1 and prior to discharge , patient was afebrile and no clear etiology for elevated white blood cell on admission , questionably secondary to short gastrointestinal infection , however , patient is completely symptom free upon discharge .
Fluid , electrolytes and nutrition :
The patient 's electrolytes were repleted as necessary .
Potassium was given with her intravenous fluids and phosphate will be repleted as patient increases her po intake .
]]></TEXT>
<TAGS>
<EVENT id="E37" start="1002" end="1033" text="frequent blood sugar monitoring" modality="FACTUAL" polarity="POS" type="TEST" />
<EVENT id="E38" start="1038" end="1055" text="Chem-7 monitoring" modality="FACTUAL" polarity="POS" type="TEST" />
<EVENT id="E39" start="1070" end="1078" text="did well" modality="FACTUAL" polarity="POS" type="OCCURRENCE" />
<EVENT id="E40" start="1092" end="1123" text="the Medical Intensive Care Unit" modality="FACTUAL" polarity="POS" type="CLINICAL_DEPT" />
<EVENT id="E41" start="1126" end="1139" text="Her anion gap" modality="FACTUAL" polarity="POS" type="TEST" />
<EVENT id="E42" start="1151" end="1167" text="her fingersticks" modality="FACTUAL" polarity="POS" type="TEST" />
<EVENT id="E43" start="1189" end="1196" text="Her NPH" modality="FACTUAL" polarity="POS" type="TREATMENT" />
<EVENT id="E44" start="1201" end="1224" text="a regular sliding scale" modality="FACTUAL" polarity="POS" type="TREATMENT" />
<EVENT id="E45" start="1242" end="1250" text="her drip" modality="FACTUAL" polarity="POS" type="TREATMENT" />
<EVENT id="E46" start="1282" end="1288" text="denied" modality="FACTUAL" polarity="POS" type="EVIDENTIAL" />
<EVENT id="E47" start="1289" end="1323" text="any more gastrointestinal symptoms" modality="FACTUAL" polarity="NEG" type="PROBLEM" />
<EVENT id="E48" start="1364" end="1375" text="transferred" modality="FACTUAL" polarity="POS" type="OCCURRENCE" />
<EVENT id="E49" start="1379" end="1388" text="the floor" modality="FACTUAL" polarity="POS" type="CLINICAL_DEPT" />
<EVENT id="E50" start="1403" end="1415" text="fingersticks" modality="FACTUAL" polarity="POS" type="TEST" />
<EVENT id="E51" start="1448" end="1463" text="a sliding scale" modality="FACTUAL" polarity="POS" type="TREATMENT" />
<EVENT id="E52" start="1490" end="1502" text="fingersticks" modality="FACTUAL" polarity="POS" type="TEST" />
<EVENT id="E53" start="1562" end="1575" text="Sliding scale" modality="FACTUAL" polarity="POS" type="TREATMENT" />
<EVENT id="E2" start="161" end="176" text="diabetes type 1" modality="FACTUAL" polarity="POS" type="PROBLEM" />
<EVENT id="E54" start="1629" end="1647" text="intravenous fluids" modality="FACTUAL" polarity="POS" type="TREATMENT" />
<EVENT id="E55" start="1661" end="1668" text="good po" modality="FACTUAL" polarity="POS" type="OCCURRENCE" />
<EVENT id="E56" start="1708" end="1731" text="an elevated white count" modality="FACTUAL" polarity="POS" type="PROBLEM" />
<EVENT id="E57" start="1737" end="1746" text="admission" modality="FACTUAL" polarity="POS" type="OCCURRENCE" />
<EVENT id="E58" start="1759" end="1770" text="white count" modality="FACTUAL" polarity="POS" type="TEST" />
<EVENT id="E59" start="1801" end="1810" text="discharge" modality="FACTUAL" polarity="POS" type="OCCURRENCE" />
<EVENT id="E60" start="1825" end="1833" text="afebrile" modality="FACTUAL" polarity="POS" type="PROBLEM" />
<EVENT id="E3" start="181" end="190" text="migraines" modality="FACTUAL" polarity="POS" type="PROBLEM" />
<EVENT id="E61" start="1860" end="1885" text="elevated white blood cell" modality="FACTUAL" polarity="POS" type="PROBLEM" />
<EVENT id="E62" start="1889" end="1898" text="admission" modality="FACTUAL" polarity="POS" type="OCCURRENCE" />
<EVENT id="E63" start="1927" end="1959" text="short gastrointestinal infection" modality="POSSIBLE" polarity="POS" type="PROBLEM" />
<EVENT id="E4" start="195" end="204" text="presented" modality="FACTUAL" polarity="POS" type="EVIDENTIAL" />
<EVENT id="E64" start="1994" end="2006" text="symptom free" modality="FACTUAL" polarity="POS" type="OCCURRENCE" />
<EVENT id="E65" start="2012" end="2021" text="discharge" modality="FACTUAL" polarity="POS" type="OCCURRENCE" />
<EVENT id="E66" start="2061" end="2088" text="The patient 's electrolytes" modality="FACTUAL" polarity="POS" type="TEST" />
<EVENT id="E67" start="2094" end="2102" text="repleted" modality="FACTUAL" polarity="POS" type="TREATMENT" />
<EVENT id="E5" start="210" end="220" text="complaints" modality="FACTUAL" polarity="POS" type="EVIDENTIAL" />
<EVENT id="E68" start="2118" end="2127" text="Potassium" modality="FACTUAL" polarity="POS" type="TREATMENT" />
<EVENT id="E69" start="2143" end="2165" text="her intravenous fluids" modality="FACTUAL" polarity="POS" type="TREATMENT" />
<EVENT id="E70" start="2170" end="2179" text="phosphate" modality="FACTUAL" polarity="POS" type="TREATMENT" />
<EVENT id="E71" start="2188" end="2196" text="repleted" modality="FACTUAL" polarity="POS" type="TREATMENT" />
<EVENT id="E72" start="2218" end="2231" text="her po intake" modality="FACTUAL" polarity="POS" type="OCCURRENCE" />
<EVENT id="E6" start="224" end="230" text="nausea" modality="FACTUAL" polarity="POS" type="PROBLEM" />
<EVENT id="E7" start="233" end="241" text="diarrhea" modality="FACTUAL" polarity="POS" type="PROBLEM" />
<EVENT id="E8" start="246" end="254" text="vomiting" modality="FACTUAL" polarity="POS" type="PROBLEM" />
<EVENT id="E10" start="278" end="284" text="states" modality="FACTUAL" polarity="POS" type="EVIDENTIAL" />
<EVENT id="E11" start="293" end="307" text="unable to take" modality="FACTUAL" polarity="POS" type="PROBLEM" />
<EVENT id="E0" start="1" end="10" text="Admission" modality="FACTUAL" polarity="POS" type="OCCURRENCE" />
<EVENT id="E1" start="29" end="38" text="Discharge" modality="FACTUAL" polarity="POS" type="OCCURRENCE" />
<EVENT id="E12" start="308" end="333" text="her usual insulin regimen" modality="FACTUAL" polarity="POS" type="TREATMENT" />
<EVENT id="E13" start="350" end="358" text="vomiting" modality="FACTUAL" polarity="POS" type="PROBLEM" />
<EVENT id="E14" start="373" end="379" text="denied" modality="FACTUAL" polarity="POS" type="EVIDENTIAL" />
<EVENT id="E16" start="384" end="390" text="fevers" modality="FACTUAL" polarity="POS" type="PROBLEM" />
<EVENT id="E17" start="393" end="399" text="chills" modality="FACTUAL" polarity="NEG" type="PROBLEM" />
<EVENT id="E18" start="402" end="412" text="chest pain" modality="FACTUAL" polarity="NEG" type="PROBLEM" />
<EVENT id="E19" start="415" end="434" text="shortness of breath" modality="FACTUAL" polarity="NEG" type="PROBLEM" />
<EVENT id="E20" start="438" end="445" text="dysuria" modality="FACTUAL" polarity="NEG" type="PROBLEM" />
<EVENT id="E21" start="455" end="460" text="state" modality="FACTUAL" polarity="POS" type="EVIDENTIAL" />
<EVENT id="E22" start="469" end="496" text="her usual migraine headache" modality="FACTUAL" polarity="POS" type="PROBLEM" />
<EVENT id="E9" start="516" end="525" text="admission" modality="FACTUAL" polarity="POS" type="OCCURRENCE" />
<EVENT id="E23" start="528" end="563" text="The patient 's arterial blood gases" modality="FACTUAL" polarity="POS" type="TEST" />
<EVENT id="E24" start="567" end="591" text="the Emergency Department" modality="FACTUAL" polarity="POS" type="CLINICAL_DEPT" />
<EVENT id="E25" start="620" end="633" text="a bicarbonate" modality="FACTUAL" polarity="POS" type="TEST" />
<EVENT id="E26" start="643" end="656" text="a fingerstick" modality="FACTUAL" polarity="POS" type="TEST" />
<EVENT id="E27" start="697" end="739" text="two boluses of 15 units of regular insulin" modality="FACTUAL" polarity="POS" type="TREATMENT" />
<EVENT id="E28" start="759" end="774" text="an insulin drip" modality="FACTUAL" polarity="POS" type="TREATMENT" />
<EVENT id="E29" start="806" end="845" text="a total of five liters of normal saline" modality="FACTUAL" polarity="POS" type="TREATMENT" />
<EVENT id="E30" start="848" end="864" text="Her fingersticks" modality="FACTUAL" polarity="POS" type="TEST" />
<EVENT id="E31" start="865" end="874" text="decreased" modality="FACTUAL" polarity="POS" type="OCCURRENCE" />
<EVENT id="E32" start="880" end="896" text="the insulin drip" modality="FACTUAL" polarity="POS" type="TREATMENT" />
<EVENT id="E33" start="901" end="923" text="the intravenous fluids" modality="FACTUAL" polarity="POS" type="TREATMENT" />
<EVENT id="E34" start="942" end="950" text="admitted" modality="FACTUAL" polarity="POS" type="OCCURRENCE" />
<EVENT id="E35" start="954" end="977" text="the Intensive Care Unit" modality="FACTUAL" polarity="POS" type="CLINICAL_DEPT" />
<EVENT id="E36" start="982" end="997" text="an insulin drip" modality="FACTUAL" polarity="POS" type="TREATMENT" />
<TIMEX3 id="T3" start="1079" end="1088" text="overnight" type="DURATION" val="PT8H" mod="NA" />
<TIMEX3 id="T2" start="1426" end="1442" text="every four hours" type="FREQUENCY" val="RPT4H" mod="NA" />
<TIMEX3 id="T0" start="18" end="28" text="2010-07-15" type="DATE" val="2010-07-15" mod="NA" />
<TIMEX3 id="T4" start="259" end="267" text="24 hours" type="DURATION" val="PT24H" mod="NA" />
<TIMEX3 id="T1" start="46" end="56" text="2010-07-18" type="DATE" val="2010-07-18" mod="NA" />
<TIMEX3 id="T5" start="497" end="506" text="the night" type="DATE" val="2010-07-14" mod="END" />
<TIMEX3 id="T6" start="787" end="795" text="per hour" type="FREQUENCY" val="RPT1H" mod="NA" />
<SECTIME id="S0" start="18" end="28" text="2010-07-15" type="ADMISSION" dvalue="2010-07-15" />
<SECTIME id="S1" start="46" end="56" text="2010-07-18" type="DISCHARGE" dvalue="2010-07-18" />
<TLINK id="SECTIME0" fromID="E10" fromText="states" toID="T1" toText="2010-07-15" type="BEFORE" />
<TLINK id="SECTIME1" fromID="E11" fromText="unable to take" toID="T1" toText="2010-07-15" type="BEFORE" />
<TLINK id="SECTIME2" fromID="E12" fromText="her usual insulin regimen" toID="T1" toText="2010-07-15" type="BEFORE" />
<TLINK id="SECTIME3" fromID="E13" fromText="vomiting" toID="T1" toText="2010-07-15" type="BEFORE" />
<TLINK id="SECTIME4" fromID="E14" fromText="denied" toID="T1" toText="2010-07-15" type="BEFORE" />
<TLINK id="SECTIME5" fromID="E16" fromText="fevers" toID="T1" toText="2010-07-15" type="BEFORE" />
<TLINK id="SECTIME6" fromID="E17" fromText="chills" toID="T1" toText="2010-07-15" type="BEFORE" />
<TLINK id="SECTIME7" fromID="E18" fromText="chest pain" toID="T1" toText="2010-07-15" type="BEFORE" />
<TLINK id="SECTIME8" fromID="E19" fromText="shortness of breath" toID="T1" toText="2010-07-15" type="BEFORE" />
<TLINK id="SECTIME9" fromID="E2" fromText="diabetes type 1" toID="T1" toText="2010-07-15" type="BEFORE" />
<TLINK id="SECTIME10" fromID="E20" fromText="dysuria" toID="T1" toText="2010-07-15" type="BEFORE" />
<TLINK id="SECTIME11" fromID="E21" fromText="state" toID="T1" toText="2010-07-15" type="BEFORE" />
<TLINK id="SECTIME12" fromID="E22" fromText="her usual migraine headache" toID="T1" toText="2010-07-15" type="BEFORE" />
<TLINK id="SECTIME13" fromID="E23" fromText="The patient 's arterial blood gases" toID="T1" toText="2010-07-15" type="BEFORE" />
<TLINK id="SECTIME14" fromID="E24" fromText="the Emergency Department" toID="T1" toText="2010-07-15" type="BEFORE" />
<TLINK id="SECTIME15" fromID="E25" fromText="a bicarbonate" toID="T1" toText="2010-07-15" type="BEFORE" />
<TLINK id="SECTIME16" fromID="E26" fromText="a fingerstick" toID="T1" toText="2010-07-15" type="BEFORE" />
<TLINK id="SECTIME17" fromID="E27" fromText="two boluses of 15 units of regular insulin" toID="T1" toText="2010-07-15" type="BEFORE" />
<TLINK id="SECTIME18" fromID="E28" fromText="an insulin drip" toID="T1" toText="2010-07-15" type="BEFORE" />
<TLINK id="SECTIME19" fromID="E29" fromText="a total of five liters of normal saline" toID="T1" toText="2010-07-15" type="BEFORE" />
<TLINK id="SECTIME20" fromID="E3" fromText="migraines" toID="T1" toText="2010-07-15" type="BEFORE" />
<TLINK id="SECTIME21" fromID="E30" fromText="Her fingersticks" toID="T1" toText="2010-07-15" type="BEFORE" />
<TLINK id="SECTIME22" fromID="E31" fromText="decreased" toID="T1" toText="2010-07-15" type="BEFORE" />
<TLINK id="SECTIME23" fromID="E32" fromText="the insulin drip" toID="T1" toText="2010-07-15" type="BEFORE" />
<TLINK id="SECTIME24" fromID="E33" fromText="the intravenous fluids" toID="T1" toText="2010-07-15" type="BEFORE" />
<TLINK id="SECTIME25" fromID="E34" fromText="admitted" toID="T1" toText="2010-07-15" type="BEFORE" />
<TLINK id="SECTIME26" fromID="E35" fromText="the Intensive Care Unit" toID="T1" toText="2010-07-15" type="BEFORE" />
<TLINK id="SECTIME27" fromID="E36" fromText="an insulin drip" toID="T1" toText="2010-07-15" type="BEFORE" />
<TLINK id="SECTIME28" fromID="E37" fromText="frequent blood sugar monitoring" toID="T1" toText="2010-07-15" type="BEFORE" />
<TLINK id="SECTIME29" fromID="E38" fromText="Chem-7 monitoring" toID="T1" toText="2010-07-15" type="BEFORE" />
<TLINK id="SECTIME30" fromID="E39" fromText="did well" toID="T1" toText="2010-07-15" type="BEFORE" />
<TLINK id="SECTIME31" fromID="E4" fromText="presented" toID="T1" toText="2010-07-15" type="BEFORE" />
<TLINK id="SECTIME32" fromID="E40" fromText="the Medical Intensive Care Unit" toID="T1" toText="2010-07-15" type="BEFORE" />
<TLINK id="SECTIME33" fromID="E41" fromText="Her anion gap" toID="T1" toText="2010-07-15" type="BEFORE" />
<TLINK id="SECTIME34" fromID="E42" fromText="her fingersticks" toID="T1" toText="2010-07-15" type="BEFORE" />
<TLINK id="SECTIME35" fromID="E43" fromText="Her NPH" toID="T1" toText="2010-07-15" type="BEFORE" />
<TLINK id="SECTIME36" fromID="E44" fromText="a regular sliding scale" toID="T1" toText="2010-07-15" type="BEFORE" />
<TLINK id="SECTIME37" fromID="E45" fromText="her drip" toID="T1" toText="2010-07-15" type="BEFORE" />
<TLINK id="SECTIME38" fromID="E46" fromText="denied" toID="T1" toText="2010-07-15" type="BEFORE" />
<TLINK id="SECTIME39" fromID="E47" fromText="any more gastrointestinal symptoms" toID="T1" toText="2010-07-15" type="BEFORE" />
<TLINK id="SECTIME40" fromID="E48" fromText="transferred" toID="T1" toText="2010-07-15" type="BEFORE" />
<TLINK id="SECTIME41" fromID="E49" fromText="the floor" toID="T1" toText="2010-07-15" type="BEFORE" />
<TLINK id="SECTIME42" fromID="E5" fromText="complaints" toID="T1" toText="2010-07-15" type="BEFORE" />
<TLINK id="SECTIME43" fromID="E50" fromText="fingersticks" toID="T1" toText="2010-07-15" type="BEFORE" />
<TLINK id="SECTIME44" fromID="E51" fromText="a sliding scale" toID="T1" toText="2010-07-15" type="BEFORE" />
<TLINK id="SECTIME45" fromID="E52" fromText="fingersticks" toID="T1" toText="2010-07-15" type="BEFORE" />
<TLINK id="SECTIME46" fromID="E53" fromText="Sliding scale" toID="T1" toText="2010-07-15" type="BEFORE" />
<TLINK id="SECTIME47" fromID="E54" fromText="intravenous fluids" toID="T1" toText="2010-07-15" type="BEFORE" />
<TLINK id="SECTIME48" fromID="E55" fromText="good po" toID="T1" toText="2010-07-15" type="BEFORE" />
<TLINK id="SECTIME49" fromID="E56" fromText="an elevated white count" toID="T1" toText="2010-07-15" type="BEFORE" />
<TLINK id="SECTIME50" fromID="E57" fromText="admission" toID="T1" toText="2010-07-15" type="BEFORE" />
<TLINK id="SECTIME51" fromID="E58" fromText="white count" toID="T1" toText="2010-07-15" type="BEFORE" />
<TLINK id="SECTIME52" fromID="E59" fromText="discharge" toID="T1" toText="2010-07-15" type="BEFORE" />
<TLINK id="SECTIME53" fromID="E6" fromText="nausea" toID="T1" toText="2010-07-15" type="BEFORE" />
<TLINK id="SECTIME54" fromID="E60" fromText="afebrile" toID="T1" toText="2010-07-15" type="BEFORE" />
<TLINK id="SECTIME55" fromID="E61" fromText="elevated white blood cell" toID="T1" toText="2010-07-15" type="BEFORE" />
<TLINK id="SECTIME56" fromID="E63" fromText="short gastrointestinal infection" toID="T1" toText="2010-07-15" type="BEFORE" />
<TLINK id="SECTIME57" fromID="E64" fromText="symptom free" toID="T1" toText="2010-07-15" type="BEFORE" />
<TLINK id="SECTIME58" fromID="E66" fromText="The patient 's electrolytes" toID="T1" toText="2010-07-15" type="BEFORE" />
<TLINK id="SECTIME59" fromID="E67" fromText="repleted" toID="T1" toText="2010-07-15" type="BEFORE" />
<TLINK id="SECTIME60" fromID="E68" fromText="Potassium" toID="T1" toText="2010-07-15" type="BEFORE" />
<TLINK id="SECTIME61" fromID="E69" fromText="her intravenous fluids" toID="T1" toText="2010-07-15" type="BEFORE" />
<TLINK id="SECTIME62" fromID="E7" fromText="diarrhea" toID="T1" toText="2010-07-15" type="BEFORE" />
<TLINK id="SECTIME63" fromID="E70" fromText="phosphate" toID="T1" toText="2010-07-15" type="BEFORE" />
<TLINK id="SECTIME64" fromID="E71" fromText="repleted" toID="T1" toText="2010-07-15" type="BEFORE" />
<TLINK id="SECTIME65" fromID="E72" fromText="her po intake" toID="T1" toText="2010-07-15" type="BEFORE" />
<TLINK id="SECTIME66" fromID="E8" fromText="vomiting" toID="T1" toText="2010-07-15" type="BEFORE" />
<TLINK id="SECTIME67" fromID="E9" fromText="admission" toID="T1" toText="2010-07-15" type="BEFORE" />
<TLINK id="TL0" fromID="E10" fromText="states" toID="E11" toText="unable to take" type="OVERLAP" />
<TLINK id="TL1" fromID="E10" fromText="states" toID="E12" toText="her usual insulin regimen" type="OVERLAP" />
<TLINK id="TL2" fromID="E10" fromText="states" toID="E13" toText="vomiting" type="OVERLAP" />
<TLINK id="TL3" fromID="E11" fromText="unable to take" toID="E10" toText="states" type="BEFORE" />
<TLINK id="TL4" fromID="E11" fromText="unable to take" toID="E12" toText="her usual insulin regimen" type="OVERLAP" />
<TLINK id="TL5" fromID="E11" fromText="unable to take" toID="E13" toText="vomiting" type="OVERLAP" />
<TLINK id="TL6" fromID="E12" fromText="her usual insulin regimen" toID="E13" toText="vomiting" type="OVERLAP" />
<TLINK id="TL7" fromID="E13" fromText="vomiting" toID="E12" toText="her usual insulin regimen" type="OVERLAP" />
<TLINK id="TL8" fromID="E13" fromText="vomiting" toID="E8" toText="vomiting" type="OVERLAP" />
<TLINK id="TL9" fromID="E14" fromText="denied" toID="E16" toText="fevers" type="OVERLAP" />
<TLINK id="TL10" fromID="E14" fromText="denied" toID="E17" toText="chills" type="OVERLAP" />
<TLINK id="TL11" fromID="E14" fromText="denied" toID="E18" toText="chest pain" type="OVERLAP" />
<TLINK id="TL12" fromID="E14" fromText="denied" toID="E19" toText="shortness of breath" type="OVERLAP" />
<TLINK id="TL13" fromID="E14" fromText="denied" toID="E20" toText="dysuria" type="OVERLAP" />
<TLINK id="TL14" fromID="E14" fromText="denied" toID="E21" toText="state" type="OVERLAP" />
<TLINK id="TL15" fromID="E14" fromText="denied" toID="E22" toText="her usual migraine headache" type="OVERLAP" />
<TLINK id="TL16" fromID="E14" fromText="denied" toID="E46" toText="denied" type="OVERLAP" />
<TLINK id="TL17" fromID="E14" fromText="denied" toID="E9" toText="admission" type="OVERLAP" />
<TLINK id="TL18" fromID="E14" fromText="denied" toID="T5" toText="the night" type="OVERLAP" />
<TLINK id="TL19" fromID="E16" fromText="fevers" toID="E14" toText="denied" type="BEFORE" />
<TLINK id="TL20" fromID="E16" fromText="fevers" toID="E17" toText="chills" type="OVERLAP" />
<TLINK id="TL21" fromID="E16" fromText="fevers" toID="E18" toText="chest pain" type="OVERLAP" />
<TLINK id="TL22" fromID="E16" fromText="fevers" toID="E19" toText="shortness of breath" type="OVERLAP" />
<TLINK id="TL23" fromID="E16" fromText="fevers" toID="E20" toText="dysuria" type="OVERLAP" />
<TLINK id="TL24" fromID="E16" fromText="fevers" toID="E21" toText="state" type="OVERLAP" />
<TLINK id="TL25" fromID="E16" fromText="fevers" toID="E22" toText="her usual migraine headache" type="OVERLAP" />
<TLINK id="TL26" fromID="E16" fromText="fevers" toID="E9" toText="admission" type="OVERLAP" />
<TLINK id="TL27" fromID="E16" fromText="fevers" toID="T5" toText="the night" type="OVERLAP" />
<TLINK id="TL28" fromID="E17" fromText="chills" toID="E18" toText="chest pain" type="OVERLAP" />
<TLINK id="TL29" fromID="E17" fromText="chills" toID="E19" toText="shortness of breath" type="OVERLAP" />
<TLINK id="TL30" fromID="E17" fromText="chills" toID="E20" toText="dysuria" type="OVERLAP" />
<TLINK id="TL31" fromID="E17" fromText="chills" toID="E21" toText="state" type="OVERLAP" />
<TLINK id="TL32" fromID="E17" fromText="chills" toID="E22" toText="her usual migraine headache" type="OVERLAP" />
<TLINK id="TL33" fromID="E17" fromText="chills" toID="E9" toText="admission" type="OVERLAP" />
<TLINK id="TL34" fromID="E17" fromText="chills" toID="T5" toText="the night" type="OVERLAP" />
<TLINK id="TL35" fromID="E18" fromText="chest pain" toID="E19" toText="shortness of breath" type="OVERLAP" />
<TLINK id="TL36" fromID="E18" fromText="chest pain" toID="E20" toText="dysuria" type="OVERLAP" />
<TLINK id="TL37" fromID="E18" fromText="chest pain" toID="E21" toText="state" type="OVERLAP" />
<TLINK id="TL38" fromID="E18" fromText="chest pain" toID="E22" toText="her usual migraine headache" type="OVERLAP" />
<TLINK id="TL39" fromID="E18" fromText="chest pain" toID="E9" toText="admission" type="OVERLAP" />
<TLINK id="TL40" fromID="E18" fromText="chest pain" toID="T5" toText="the night" type="OVERLAP" />
<TLINK id="TL41" fromID="E19" fromText="shortness of breath" toID="E20" toText="dysuria" type="OVERLAP" />
<TLINK id="TL42" fromID="E19" fromText="shortness of breath" toID="E21" toText="state" type="OVERLAP" />
<TLINK id="TL43" fromID="E19" fromText="shortness of breath" toID="E22" toText="her usual migraine headache" type="OVERLAP" />
<TLINK id="TL44" fromID="E19" fromText="shortness of breath" toID="E9" toText="admission" type="OVERLAP" />
<TLINK id="TL45" fromID="E19" fromText="shortness of breath" toID="T5" toText="the night" type="OVERLAP" />
<TLINK id="TL46" fromID="E2" fromText="diabetes type 1" toID="E3" toText="migraines" type="OVERLAP" />
<TLINK id="TL47" fromID="E2" fromText="diabetes type 1" toID="E4" toText="presented" type="OVERLAP" />
<TLINK id="TL48" fromID="E2" fromText="diabetes type 1" toID="E5" toText="complaints" type="OVERLAP" />
<TLINK id="TL49" fromID="E2" fromText="diabetes type 1" toID="E6" toText="nausea" type="OVERLAP" />
<TLINK id="TL50" fromID="E2" fromText="diabetes type 1" toID="E7" toText="diarrhea" type="OVERLAP" />
<TLINK id="TL51" fromID="E2" fromText="diabetes type 1" toID="E8" toText="vomiting" type="OVERLAP" />
<TLINK id="TL52" fromID="E2" fromText="diabetes type 1" toID="T4" toText="24 hours" type="OVERLAP" />
<TLINK id="TL53" fromID="E20" fromText="dysuria" toID="E21" toText="state" type="OVERLAP" />
<TLINK id="TL54" fromID="E20" fromText="dysuria" toID="E22" toText="her usual migraine headache" type="OVERLAP" />
<TLINK id="TL55" fromID="E20" fromText="dysuria" toID="E9" toText="admission" type="OVERLAP" />
<TLINK id="TL56" fromID="E20" fromText="dysuria" toID="T5" toText="the night" type="OVERLAP" />
<TLINK id="TL57" fromID="E21" fromText="state" toID="E22" toText="her usual migraine headache" type="OVERLAP" />
<TLINK id="TL58" fromID="E21" fromText="state" toID="E9" toText="admission" type="OVERLAP" />
<TLINK id="TL59" fromID="E21" fromText="state" toID="T5" toText="the night" type="OVERLAP" />
<TLINK id="TL60" fromID="E22" fromText="her usual migraine headache" toID="E21" toText="state" type="BEFORE" />
<TLINK id="TL61" fromID="E22" fromText="her usual migraine headache" toID="E9" toText="admission" type="OVERLAP" />
<TLINK id="TL62" fromID="E22" fromText="her usual migraine headache" toID="T5" toText="the night" type="OVERLAP" />
<TLINK id="TL63" fromID="E23" fromText="The patient 's arterial blood gases" toID="E24" toText="the Emergency Department" type="OVERLAP" />
<TLINK id="TL64" fromID="E23" fromText="The patient 's arterial blood gases" toID="E25" toText="a bicarbonate" type="OVERLAP" />
<TLINK id="TL65" fromID="E23" fromText="The patient 's arterial blood gases" toID="E26" toText="a fingerstick" type="OVERLAP" />
<TLINK id="TL66" fromID="E24" fromText="the Emergency Department" toID="E23" toText="The patient 's arterial blood gases" type="OVERLAP" />
<TLINK id="TL67" fromID="E24" fromText="the Emergency Department" toID="E25" toText="a bicarbonate" type="OVERLAP" />
<TLINK id="TL68" fromID="E24" fromText="the Emergency Department" toID="E26" toText="a fingerstick" type="OVERLAP" />
<TLINK id="TL69" fromID="E25" fromText="a bicarbonate" toID="E24" toText="the Emergency Department" type="AFTER" />
<TLINK id="TL70" fromID="E25" fromText="a bicarbonate" toID="E26" toText="a fingerstick" type="OVERLAP" />
<TLINK id="TL71" fromID="E26" fromText="a fingerstick" toID="E25" toText="a bicarbonate" type="OVERLAP" />
<TLINK id="TL72" fromID="E27" fromText="two boluses of 15 units of regular insulin" toID="E28" toText="an insulin drip" type="OVERLAP" />
<TLINK id="TL73" fromID="E27" fromText="two boluses of 15 units of regular insulin" toID="E29" toText="a total of five liters of normal saline" type="OVERLAP" />
<TLINK id="TL74" fromID="E27" fromText="two boluses of 15 units of regular insulin" toID="T6" toText="per hour" type="OVERLAP" />
<TLINK id="TL75" fromID="E28" fromText="an insulin drip" toID="E27" toText="two boluses of 15 units of regular insulin" type="AFTER" />
<TLINK id="TL76" fromID="E28" fromText="an insulin drip" toID="E29" toText="a total of five liters of normal saline" type="OVERLAP" />
<TLINK id="TL77" fromID="E28" fromText="an insulin drip" toID="E36" toText="an insulin drip" type="OVERLAP" />
<TLINK id="TL78" fromID="E28" fromText="an insulin drip" toID="T6" toText="per hour" type="OVERLAP" />
<TLINK id="TL79" fromID="E29" fromText="a total of five liters of normal saline" toID="T6" toText="per hour" type="OVERLAP" />
<TLINK id="TL80" fromID="E3" fromText="migraines" toID="E4" toText="presented" type="OVERLAP" />
<TLINK id="TL81" fromID="E3" fromText="migraines" toID="E5" toText="complaints" type="OVERLAP" />
<TLINK id="TL82" fromID="E3" fromText="migraines" toID="E6" toText="nausea" type="OVERLAP" />
<TLINK id="TL83" fromID="E3" fromText="migraines" toID="E7" toText="diarrhea" type="OVERLAP" />
<TLINK id="TL84" fromID="E3" fromText="migraines" toID="E8" toText="vomiting" type="OVERLAP" />
<TLINK id="TL85" fromID="E3" fromText="migraines" toID="T4" toText="24 hours" type="OVERLAP" />
<TLINK id="TL86" fromID="E30" fromText="Her fingersticks" toID="E31" toText="decreased" type="OVERLAP" />
<TLINK id="TL87" fromID="E30" fromText="Her fingersticks" toID="E32" toText="the insulin drip" type="OVERLAP" />
<TLINK id="TL88" fromID="E30" fromText="Her fingersticks" toID="E33" toText="the intravenous fluids" type="OVERLAP" />
<TLINK id="TL89" fromID="E31" fromText="decreased" toID="E32" toText="the insulin drip" type="OVERLAP" />
<TLINK id="TL90" fromID="E31" fromText="decreased" toID="E33" toText="the intravenous fluids" type="OVERLAP" />
<TLINK id="TL91" fromID="E32" fromText="the insulin drip" toID="E31" toText="decreased" type="AFTER" />
<TLINK id="TL92" fromID="E32" fromText="the insulin drip" toID="E33" toText="the intravenous fluids" type="OVERLAP" />
<TLINK id="TL93" fromID="E33" fromText="the intravenous fluids" toID="E32" toText="the insulin drip" type="OVERLAP" />
<TLINK id="TL94" fromID="E34" fromText="admitted" toID="E35" toText="the Intensive Care Unit" type="OVERLAP" />
<TLINK id="TL95" fromID="E34" fromText="admitted" toID="E36" toText="an insulin drip" type="OVERLAP" />
<TLINK id="TL96" fromID="E35" fromText="the Intensive Care Unit" toID="E34" toText="admitted" type="AFTER" />
<TLINK id="TL97" fromID="E35" fromText="the Intensive Care Unit" toID="E36" toText="an insulin drip" type="OVERLAP" />
<TLINK id="TL98" fromID="E36" fromText="an insulin drip" toID="E28" toText="an insulin drip" type="OVERLAP" />
<TLINK id="TL99" fromID="E36" fromText="an insulin drip" toID="E35" toText="the Intensive Care Unit" type="OVERLAP" />
<TLINK id="TL100" fromID="E36" fromText="an insulin drip" toID="E37" toText="frequent blood sugar monitoring" type="OVERLAP" />
<TLINK id="TL101" fromID="E37" fromText="frequent blood sugar monitoring" toID="E34" toText="admitted" type="OVERLAP" />
<TLINK id="TL102" fromID="E37" fromText="frequent blood sugar monitoring" toID="E35" toText="the Intensive Care Unit" type="OVERLAP" />
<TLINK id="TL103" fromID="E37" fromText="frequent blood sugar monitoring" toID="E36" toText="an insulin drip" type="OVERLAP" />
<TLINK id="TL104" fromID="E37" fromText="frequent blood sugar monitoring" toID="E38" toText="Chem-7 monitoring" type="OVERLAP" />
<TLINK id="TL105" fromID="E38" fromText="Chem-7 monitoring" toID="E34" toText="admitted" type="OVERLAP" />
<TLINK id="TL106" fromID="E38" fromText="Chem-7 monitoring" toID="E35" toText="the Intensive Care Unit" type="OVERLAP" />
<TLINK id="TL107" fromID="E38" fromText="Chem-7 monitoring" toID="E36" toText="an insulin drip" type="OVERLAP" />
<TLINK id="TL108" fromID="E38" fromText="Chem-7 monitoring" toID="E37" toText="frequent blood sugar monitoring" type="OVERLAP" />
<TLINK id="TL109" fromID="E39" fromText="did well" toID="E40" toText="the Medical Intensive Care Unit" type="OVERLAP" />
<TLINK id="TL110" fromID="E39" fromText="did well" toID="T3" toText="overnight" type="OVERLAP" />
<TLINK id="TL111" fromID="E4" fromText="presented" toID="E5" toText="complaints" type="OVERLAP" />
<TLINK id="TL112" fromID="E4" fromText="presented" toID="E6" toText="nausea" type="OVERLAP" />
<TLINK id="TL113" fromID="E4" fromText="presented" toID="E7" toText="diarrhea" type="OVERLAP" />
<TLINK id="TL114" fromID="E4" fromText="presented" toID="E8" toText="vomiting" type="OVERLAP" />
<TLINK id="TL115" fromID="E4" fromText="presented" toID="T4" toText="24 hours" type="OVERLAP" />
<TLINK id="TL116" fromID="E40" fromText="the Medical Intensive Care Unit" toID="E39" toText="did well" type="AFTER" />
<TLINK id="TL117" fromID="E40" fromText="the Medical Intensive Care Unit" toID="T3" toText="overnight" type="OVERLAP" />
<TLINK id="TL118" fromID="E41" fromText="Her anion gap" toID="E42" toText="her fingersticks" type="OVERLAP" />
<TLINK id="TL119" fromID="E42" fromText="her fingersticks" toID="E41" toText="Her anion gap" type="OVERLAP" />
<TLINK id="TL120" fromID="E43" fromText="Her NPH" toID="E44" toText="a regular sliding scale" type="OVERLAP" />
<TLINK id="TL121" fromID="E43" fromText="Her NPH" toID="E45" toText="her drip" type="OVERLAP" />
<TLINK id="TL122" fromID="E44" fromText="a regular sliding scale" toID="E43" toText="Her NPH" type="AFTER" />
<TLINK id="TL123" fromID="E44" fromText="a regular sliding scale" toID="E45" toText="her drip" type="OVERLAP" />
<TLINK id="TL124" fromID="E45" fromText="her drip" toID="E44" toText="a regular sliding scale" type="AFTER" />
<TLINK id="TL125" fromID="E46" fromText="denied" toID="E14" toText="denied" type="OVERLAP" />
<TLINK id="TL126" fromID="E46" fromText="denied" toID="E47" toText="any more gastrointestinal symptoms" type="OVERLAP" />
<TLINK id="TL127" fromID="E47" fromText="any more gastrointestinal symptoms" toID="E46" toText="denied" type="BEFORE" />
<TLINK id="TL128" fromID="E48" fromText="transferred" toID="E49" toText="the floor" type="OVERLAP" />
<TLINK id="TL129" fromID="E48" fromText="transferred" toID="E50" toText="fingersticks" type="OVERLAP" />
<TLINK id="TL130" fromID="E48" fromText="transferred" toID="E51" toText="a sliding scale" type="OVERLAP" />
<TLINK id="TL131" fromID="E48" fromText="transferred" toID="T0" toText="2010-07-15" type="AFTER" />
<TLINK id="TL132" fromID="E48" fromText="transferred" toID="T2" toText="every four hours" type="OVERLAP" />
<TLINK id="TL133" fromID="E49" fromText="the floor" toID="E48" toText="transferred" type="AFTER" />
<TLINK id="TL134" fromID="E49" fromText="the floor" toID="E50" toText="fingersticks" type="OVERLAP" />
<TLINK id="TL135" fromID="E49" fromText="the floor" toID="E51" toText="a sliding scale" type="OVERLAP" />
<TLINK id="TL136" fromID="E49" fromText="the floor" toID="T0" toText="2010-07-15" type="AFTER" />
<TLINK id="TL137" fromID="E49" fromText="the floor" toID="T2" toText="every four hours" type="OVERLAP" />
<TLINK id="TL138" fromID="E5" fromText="complaints" toID="E4" toText="presented" type="OVERLAP" />
<TLINK id="TL139" fromID="E5" fromText="complaints" toID="E6" toText="nausea" type="OVERLAP" />
<TLINK id="TL140" fromID="E5" fromText="complaints" toID="E7" toText="diarrhea" type="OVERLAP" />
<TLINK id="TL141" fromID="E5" fromText="complaints" toID="E8" toText="vomiting" type="OVERLAP" />
<TLINK id="TL142" fromID="E5" fromText="complaints" toID="T4" toText="24 hours" type="OVERLAP" />
<TLINK id="TL143" fromID="E50" fromText="fingersticks" toID="E49" toText="the floor" type="OVERLAP" />
<TLINK id="TL144" fromID="E50" fromText="fingersticks" toID="E51" toText="a sliding scale" type="OVERLAP" />
<TLINK id="TL145" fromID="E50" fromText="fingersticks" toID="E52" toText="fingersticks" type="OVERLAP" />
<TLINK id="TL146" fromID="E50" fromText="fingersticks" toID="T0" toText="2010-07-15" type="AFTER" />
<TLINK id="TL147" fromID="E50" fromText="fingersticks" toID="T2" toText="every four hours" type="OVERLAP" />
<TLINK id="TL148" fromID="E51" fromText="a sliding scale" toID="T0" toText="2010-07-15" type="AFTER" />
<TLINK id="TL149" fromID="E51" fromText="a sliding scale" toID="T2" toText="every four hours" type="OVERLAP" />
<TLINK id="TL150" fromID="E52" fromText="fingersticks" toID="E50" toText="fingersticks" type="OVERLAP" />
<TLINK id="TL151" fromID="E52" fromText="fingersticks" toID="T0" toText="2010-07-15" type="AFTER" />
<TLINK id="TL152" fromID="E53" fromText="Sliding scale" toID="T0" toText="2010-07-15" type="AFTER" />
<TLINK id="TL153" fromID="E54" fromText="intravenous fluids" toID="E55" toText="good po" type="OVERLAP" />
<TLINK id="TL154" fromID="E54" fromText="intravenous fluids" toID="T0" toText="2010-07-15" type="AFTER" />
<TLINK id="TL155" fromID="E55" fromText="good po" toID="T0" toText="2010-07-15" type="AFTER" />
<TLINK id="TL156" fromID="E56" fromText="an elevated white count" toID="E57" toText="admission" type="OVERLAP" />
<TLINK id="TL157" fromID="E56" fromText="an elevated white count" toID="E58" toText="white count" type="OVERLAP" />
<TLINK id="TL158" fromID="E56" fromText="an elevated white count" toID="E59" toText="discharge" type="OVERLAP" />
<TLINK id="TL159" fromID="E56" fromText="an elevated white count" toID="E60" toText="afebrile" type="OVERLAP" />
<TLINK id="TL160" fromID="E56" fromText="an elevated white count" toID="E61" toText="elevated white blood cell" type="OVERLAP" />
<TLINK id="TL161" fromID="E56" fromText="an elevated white count" toID="E63" toText="short gastrointestinal infection" type="OVERLAP" />
<TLINK id="TL162" fromID="E56" fromText="an elevated white count" toID="E64" toText="symptom free" type="OVERLAP" />
<TLINK id="TL163" fromID="E57" fromText="admission" toID="E58" toText="white count" type="OVERLAP" />
<TLINK id="TL164" fromID="E57" fromText="admission" toID="E59" toText="discharge" type="OVERLAP" />
<TLINK id="TL165" fromID="E57" fromText="admission" toID="E60" toText="afebrile" type="OVERLAP" />
<TLINK id="TL166" fromID="E57" fromText="admission" toID="E61" toText="elevated white blood cell" type="OVERLAP" />
<TLINK id="TL167" fromID="E57" fromText="admission" toID="E63" toText="short gastrointestinal infection" type="OVERLAP" />
<TLINK id="TL168" fromID="E57" fromText="admission" toID="E64" toText="symptom free" type="OVERLAP" />
<TLINK id="TL169" fromID="E57" fromText="admission" toID="E9" toText="admission" type="OVERLAP" />
<TLINK id="TL170" fromID="E58" fromText="white count" toID="E57" toText="admission" type="OVERLAP" />
<TLINK id="TL171" fromID="E58" fromText="white count" toID="E59" toText="discharge" type="OVERLAP" />
<TLINK id="TL172" fromID="E58" fromText="white count" toID="E60" toText="afebrile" type="OVERLAP" />
<TLINK id="TL173" fromID="E58" fromText="white count" toID="E61" toText="elevated white blood cell" type="OVERLAP" />
<TLINK id="TL174" fromID="E58" fromText="white count" toID="E63" toText="short gastrointestinal infection" type="OVERLAP" />
<TLINK id="TL175" fromID="E58" fromText="white count" toID="E64" toText="symptom free" type="OVERLAP" />
<TLINK id="TL176" fromID="E59" fromText="discharge" toID="E57" toText="admission" type="BEFORE" />
<TLINK id="TL177" fromID="E59" fromText="discharge" toID="E60" toText="afebrile" type="OVERLAP" />
<TLINK id="TL178" fromID="E59" fromText="discharge" toID="E61" toText="elevated white blood cell" type="OVERLAP" />
<TLINK id="TL179" fromID="E59" fromText="discharge" toID="E63" toText="short gastrointestinal infection" type="OVERLAP" />
<TLINK id="TL180" fromID="E59" fromText="discharge" toID="E64" toText="symptom free" type="OVERLAP" />
<TLINK id="TL181" fromID="E6" fromText="nausea" toID="E5" toText="complaints" type="BEFORE" />
<TLINK id="TL182" fromID="E6" fromText="nausea" toID="E7" toText="diarrhea" type="OVERLAP" />
<TLINK id="TL183" fromID="E6" fromText="nausea" toID="E8" toText="vomiting" type="OVERLAP" />
<TLINK id="TL184" fromID="E6" fromText="nausea" toID="T4" toText="24 hours" type="OVERLAP" />
<TLINK id="TL185" fromID="E60" fromText="afebrile" toID="E59" toText="discharge" type="BEFORE" />
<TLINK id="TL186" fromID="E60" fromText="afebrile" toID="E61" toText="elevated white blood cell" type="OVERLAP" />
<TLINK id="TL187" fromID="E60" fromText="afebrile" toID="E63" toText="short gastrointestinal infection" type="OVERLAP" />
<TLINK id="TL188" fromID="E60" fromText="afebrile" toID="E64" toText="symptom free" type="OVERLAP" />
<TLINK id="TL189" fromID="E61" fromText="elevated white blood cell" toID="E63" toText="short gastrointestinal infection" type="OVERLAP" />
<TLINK id="TL190" fromID="E61" fromText="elevated white blood cell" toID="E64" toText="symptom free" type="OVERLAP" />
<TLINK id="TL191" fromID="E63" fromText="short gastrointestinal infection" toID="E64" toText="symptom free" type="OVERLAP" />
<TLINK id="TL192" fromID="E66" fromText="The patient 's electrolytes" toID="E67" toText="repleted" type="OVERLAP" />
<TLINK id="TL193" fromID="E67" fromText="repleted" toID="E66" toText="The patient 's electrolytes" type="OVERLAP" />
<TLINK id="TL194" fromID="E67" fromText="repleted" toID="E71" toText="repleted" type="OVERLAP" />
<TLINK id="TL195" fromID="E68" fromText="Potassium" toID="E69" toText="her intravenous fluids" type="OVERLAP" />
<TLINK id="TL196" fromID="E68" fromText="Potassium" toID="E70" toText="phosphate" type="OVERLAP" />
<TLINK id="TL197" fromID="E68" fromText="Potassium" toID="E71" toText="repleted" type="OVERLAP" />
<TLINK id="TL198" fromID="E68" fromText="Potassium" toID="E72" toText="her po intake" type="OVERLAP" />
<TLINK id="TL199" fromID="E69" fromText="her intravenous fluids" toID="E68" toText="Potassium" type="AFTER" />
<TLINK id="TL200" fromID="E69" fromText="her intravenous fluids" toID="E70" toText="phosphate" type="OVERLAP" />
<TLINK id="TL201" fromID="E69" fromText="her intravenous fluids" toID="E71" toText="repleted" type="OVERLAP" />
<TLINK id="TL202" fromID="E69" fromText="her intravenous fluids" toID="E72" toText="her po intake" type="OVERLAP" />
<TLINK id="TL203" fromID="E7" fromText="diarrhea" toID="E8" toText="vomiting" type="OVERLAP" />
<TLINK id="TL204" fromID="E7" fromText="diarrhea" toID="T4" toText="24 hours" type="OVERLAP" />
<TLINK id="TL205" fromID="E70" fromText="phosphate" toID="E69" toText="her intravenous fluids" type="OVERLAP" />
<TLINK id="TL206" fromID="E70" fromText="phosphate" toID="E71" toText="repleted" type="OVERLAP" />
<TLINK id="TL207" fromID="E70" fromText="phosphate" toID="E72" toText="her po intake" type="OVERLAP" />
<TLINK id="TL208" fromID="E71" fromText="repleted" toID="E67" toText="repleted" type="OVERLAP" />
<TLINK id="TL209" fromID="E71" fromText="repleted" toID="E72" toText="her po intake" type="OVERLAP" />
<TLINK id="TL210" fromID="E8" fromText="vomiting" toID="E13" toText="vomiting" type="OVERLAP" />
<TLINK id="TL211" fromID="E8" fromText="vomiting" toID="T4" toText="24 hours" type="OVERLAP" />
<TLINK id="TL212" fromID="E9" fromText="admission" toID="E57" toText="admission" type="OVERLAP" />
<TLINK id="TL213" fromID="E9" fromText="admission" toID="T5" toText="the night" type="OVERLAP" />
<TLINK id="TL214" fromID="T0" fromText="2010-07-15" toID="T5" toText="the night" type="AFTER" />
<TLINK id="TL215" fromID="T1" fromText="2010-07-18" toID="T0" toText="2010-07-15" type="AFTER" />
<TLINK id="TL216" fromID="T1" fromText="2010-07-18" toID="T5" toText="the night" type="AFTER" />
<TLINK id="TL217" fromID="T2" fromText="every four hours" toID="E50" toText="fingersticks" type="AFTER" />
<TLINK id="TL218" fromID="T3" fromText="overnight" toID="E39" toText="did well" type="BEFORE" />
<TLINK id="TL219" fromID="T4" fromText="24 hours" toID="E4" toText="presented" type="OVERLAP" />
<TLINK id="TL220" fromID="T5" fromText="the night" toID="E9" toText="admission" type="OVERLAP" />
</TAGS>
</ClinicalNarrativeTemporalAnnotation>
