<?xml version="1.0" encoding="UTF-8" ?>
<ClinicalNarrativeTemporalAnnotation>
<TEXT><![CDATA[
Admission Date :
2016-03-04
Discharge Date :
2016-03-22
Service :
HISTORY OF PRESENT ILLNESS :
HISTORY OF PRESENT ILLNESS :
This is an 85 year old man initially admitted to the Plastic Surgery Service for evaluation of a left facial mass .
Subsequently , CMED CCU was consulted and he was transferred to our Service postoperatively .
HOSPITAL COURSE :
He was initially admitted to CMED for resection and repair of this left facial lesion .
He also had consults from Urology for his hematuria as well as Medicine preoperatively and CMED CCU .
He went to the Operating Room on 2016-03-10 with Urology for hematuria where he had a cystoscopy transurethral resection of prostate placement .
He then went to the Operating Room on 2016-03-14 where he had resection of the left face squamous cell cancer by Dr. Langhorne and split thickness and full thickness skin grafting of the defects on 2016-03-14 .
He tolerated the procedure well with no complications except postoperatively , his voice was hoarse .
On scoping him he had significant supraglottic edema .
He was kept in the Unit for observation of his airway and b.i.d. laryngoscopy .
This revealed some supraglottic edema which revealed with time , without further intervention .
He was followed by Plastic Surgery for his split thickness skin graft and his bolster was discontinued on postoperative day #5 with good take up of his skin graft .
Urology also followed him and kept him on antibiotics until postoperative day #7 at which point antibiotics were discontinued .
His
Foley was also discontinued .
He is being discharged to rehabilitation to follow up for XRT given the fact that his pathology revealed squamous cell cancer extending deep to the margin as well as positive level II nodes .
Dr. Navarrete has been e-mailed and his secretary contacted for as soon as possible appointment for XRT follow up .
He should also follow up with Dr. Rankin and Dr. Langhorne .
He is being discharged , most likely , to Falmouth Hospital .
]]></TEXT>
<TAGS>
<EVENT id="E0" start="1" end="10" text="Admission" modality="FACTUAL" polarity="POS" type="OCCURRENCE" />
<EVENT id="E13" start="1004" end="1011" text="scoping" modality="FACTUAL" polarity="POS" type="TEST" />
<EVENT id="E14" start="1023" end="1053" text="significant supraglottic edema" modality="FACTUAL" polarity="POS" type="PROBLEM" />
<EVENT id="E45" start="1071" end="1079" text="the Unit" modality="FACTUAL" polarity="POS" type="CLINICAL_DEPT" />
<EVENT id="E15" start="1084" end="1109" text="observation of his airway" modality="FACTUAL" polarity="POS" type="TEST" />
<EVENT id="E16" start="1121" end="1133" text="laryngoscopy" modality="FACTUAL" polarity="POS" type="TEST" />
<EVENT id="E46" start="1141" end="1149" text="revealed" modality="FACTUAL" polarity="POS" type="EVIDENTIAL" />
<EVENT id="E17" start="1150" end="1173" text="some supraglottic edema" modality="FACTUAL" polarity="POS" type="PROBLEM" />
<EVENT id="E18" start="1209" end="1229" text="further intervention" modality="FACTUAL" polarity="NEG" type="TREATMENT" />
<EVENT id="E19" start="1271" end="1301" text="his split thickness skin graft" modality="FACTUAL" polarity="POS" type="TREATMENT" />
<EVENT id="E20" start="1306" end="1317" text="his bolster" modality="FACTUAL" polarity="POS" type="TREATMENT" />
<EVENT id="E21" start="1380" end="1394" text="his skin graft" modality="FACTUAL" polarity="POS" type="TREATMENT" />
<EVENT id="E49" start="1439" end="1450" text="antibiotics" modality="FACTUAL" polarity="POS" type="TREATMENT" />
<EVENT id="E27" start="1493" end="1504" text="antibiotics" modality="FACTUAL" polarity="POS" type="TREATMENT" />
<EVENT id="E22" start="1529" end="1534" text="Foley" modality="FACTUAL" polarity="POS" type="TREATMENT" />
<EVENT id="E28" start="1571" end="1581" text="discharged" modality="FACTUAL" polarity="POS" type="OCCURRENCE" />
<EVENT id="E50" start="1585" end="1599" text="rehabilitation" modality="FACTUAL" polarity="POS" type="CLINICAL_DEPT" />
<EVENT id="E51" start="1617" end="1620" text="XRT" modality="PROPOSED" polarity="POS" type="TREATMENT" />
<EVENT id="E31" start="162" end="170" text="admitted" modality="FACTUAL" polarity="POS" type="OCCURRENCE" />
<EVENT id="E23" start="1641" end="1654" text="his pathology" modality="FACTUAL" polarity="POS" type="TEST" />
<EVENT id="E52" start="1655" end="1663" text="revealed" modality="FACTUAL" polarity="POS" type="EVIDENTIAL" />
<EVENT id="E53" start="1664" end="1684" text="squamous cell cancer" modality="FACTUAL" polarity="POS" type="PROBLEM" />
<EVENT id="E54" start="1725" end="1748" text="positive level II nodes" modality="FACTUAL" polarity="POS" type="PROBLEM" />
<EVENT id="E32" start="174" end="201" text="the Plastic Surgery Service" modality="FACTUAL" polarity="POS" type="CLINICAL_DEPT" />
<EVENT id="E55" start="1851" end="1864" text="XRT follow up" modality="PROPOSED" polarity="POS" type="TREATMENT" />
<EVENT id="E56" start="1882" end="1891" text="follow up" modality="FACTUAL" polarity="POS" type="OCCURRENCE" />
<EVENT id="E29" start="1940" end="1950" text="discharged" modality="FACTUAL" polarity="POS" type="OCCURRENCE" />
<EVENT id="E57" start="1970" end="1987" text="Falmouth Hospital" modality="POSSIBLE" polarity="POS" type="CLINICAL_DEPT" />
<EVENT id="E1" start="206" end="216" text="evaluation" modality="FACTUAL" polarity="POS" type="TEST" />
<EVENT id="E33" start="220" end="238" text="a left facial mass" modality="FACTUAL" polarity="POS" type="PROBLEM" />
<EVENT id="E30" start="29" end="38" text="Discharge" modality="FACTUAL" polarity="POS" type="OCCURRENCE" />
<EVENT id="E34" start="290" end="301" text="transferred" modality="FACTUAL" polarity="POS" type="OCCURRENCE" />
<EVENT id="E58" start="305" end="316" text="our Service" modality="FACTUAL" polarity="POS" type="CLINICAL_DEPT" />
<EVENT id="E35" start="370" end="378" text="admitted" modality="FACTUAL" polarity="POS" type="OCCURRENCE" />
<EVENT id="E25" start="382" end="386" text="CMED" modality="FACTUAL" polarity="POS" type="CLINICAL_DEPT" />
<EVENT id="E2" start="391" end="400" text="resection" modality="FACTUAL" polarity="POS" type="TREATMENT" />
<EVENT id="E3" start="405" end="411" text="repair" modality="FACTUAL" polarity="POS" type="TREATMENT" />
<EVENT id="E36" start="415" end="438" text="this left facial lesion" modality="FACTUAL" polarity="POS" type="PROBLEM" />
<EVENT id="E4" start="479" end="492" text="his hematuria" modality="FACTUAL" polarity="POS" type="PROBLEM" />
<EVENT id="E39" start="554" end="572" text="the Operating Room" modality="FACTUAL" polarity="POS" type="CLINICAL_DEPT" />
<EVENT id="E5" start="604" end="613" text="hematuria" modality="FACTUAL" polarity="POS" type="PROBLEM" />
<EVENT id="E6" start="627" end="685" text="a cystoscopy transurethral resection of prostate placement" modality="FACTUAL" polarity="POS" type="TREATMENT" />
<EVENT id="E41" start="704" end="722" text="the Operating Room" modality="FACTUAL" polarity="POS" type="CLINICAL_DEPT" />
<EVENT id="E7" start="750" end="759" text="resection" modality="FACTUAL" polarity="POS" type="TREATMENT" />
<EVENT id="E8" start="763" end="797" text="the left face squamous cell cancer" modality="FACTUAL" polarity="POS" type="PROBLEM" />
<EVENT id="E9" start="819" end="867" text="split thickness and full thickness skin grafting" modality="FACTUAL" polarity="POS" type="TREATMENT" />
<EVENT id="E10" start="871" end="882" text="the defects" modality="FACTUAL" polarity="POS" type="PROBLEM" />
<EVENT id="E42" start="902" end="911" text="tolerated" modality="FACTUAL" polarity="POS" type="OCCURRENCE" />
<EVENT id="E11" start="912" end="925" text="the procedure" modality="FACTUAL" polarity="POS" type="TREATMENT" />
<EVENT id="E43" start="926" end="930" text="well" modality="FACTUAL" polarity="POS" type="OCCURRENCE" />
<EVENT id="E44" start="939" end="952" text="complications" modality="FACTUAL" polarity="NEG" type="PROBLEM" />
<EVENT id="E12" start="992" end="998" text="hoarse" modality="FACTUAL" polarity="POS" type="PROBLEM" />
<TIMEX3 id="T0" start="1114" end="1120" text="b.i.d." type="FREQUENCY" val="RPT12H" mod="NA" />
<TIMEX3 id="T6" start="1338" end="1358" text="postoperative day #5" type="DATE" val="2016-03-19" mod="NA" />
<TIMEX3 id="T7" start="1457" end="1477" text="postoperative day #7" type="DATE" val="2016-03-21" mod="NA" />
<TIMEX3 id="T1" start="18" end="28" text="2016-03-04" type="DATE" val="2016-03-04" mod="NA" />
<TIMEX3 id="T2" start="46" end="56" text="2016-03-22" type="DATE" val="2016-03-22" mod="NA" />
<TIMEX3 id="T3" start="576" end="586" text="2016-03-10" type="DATE" val="2016-03-10" mod="NA" />
<TIMEX3 id="T4" start="726" end="736" text="2016-03-14" type="DATE" val="2016-03-14" mod="NA" />
<TIMEX3 id="T5" start="886" end="896" text="2016-03-14" type="DATE" val="2016-03-14" mod="NA" />
<SECTIME id="S0" start="18" end="28" text="2016-03-04" type="ADMISSION" dvalue="2016-03-04" />
<SECTIME id="S1" start="46" end="56" text="2016-03-22" type="DISCHARGE" dvalue="2016-03-22" />
<TLINK id="SECTIME0" fromID="E1" fromText="evaluation" toID="T2" toText="2016-03-04" type="BEFORE" />
<TLINK id="SECTIME1" fromID="E10" fromText="the defects" toID="T2" toText="2016-03-04" type="BEFORE" />
<TLINK id="SECTIME2" fromID="E11" fromText="the procedure" toID="T2" toText="2016-03-04" type="BEFORE" />
<TLINK id="SECTIME3" fromID="E12" fromText="hoarse" toID="T2" toText="2016-03-04" type="BEFORE" />
<TLINK id="SECTIME4" fromID="E13" fromText="scoping" toID="T2" toText="2016-03-04" type="BEFORE" />
<TLINK id="SECTIME5" fromID="E14" fromText="significant supraglottic edema" toID="T2" toText="2016-03-04" type="BEFORE" />
<TLINK id="SECTIME6" fromID="E15" fromText="observation of his airway" toID="T2" toText="2016-03-04" type="BEFORE" />
<TLINK id="SECTIME7" fromID="E16" fromText="laryngoscopy" toID="T2" toText="2016-03-04" type="BEFORE" />
<TLINK id="SECTIME8" fromID="E17" fromText="some supraglottic edema" toID="T2" toText="2016-03-04" type="BEFORE" />
<TLINK id="SECTIME9" fromID="E18" fromText="further intervention" toID="T2" toText="2016-03-04" type="BEFORE" />
<TLINK id="SECTIME10" fromID="E19" fromText="his split thickness skin graft" toID="T2" toText="2016-03-04" type="BEFORE" />
<TLINK id="SECTIME11" fromID="E2" fromText="resection" toID="T2" toText="2016-03-04" type="BEFORE" />
<TLINK id="SECTIME12" fromID="E20" fromText="his bolster" toID="T2" toText="2016-03-04" type="BEFORE" />
<TLINK id="SECTIME13" fromID="E21" fromText="his skin graft" toID="T2" toText="2016-03-04" type="BEFORE" />
<TLINK id="SECTIME14" fromID="E22" fromText="Foley" toID="T2" toText="2016-03-04" type="BEFORE" />
<TLINK id="SECTIME15" fromID="E23" fromText="his pathology" toID="T2" toText="2016-03-04" type="BEFORE" />
<TLINK id="SECTIME16" fromID="E25" fromText="CMED" toID="T2" toText="2016-03-04" type="BEFORE" />
<TLINK id="SECTIME17" fromID="E28" fromText="discharged" toID="T2" toText="2016-03-04" type="BEFORE" />
<TLINK id="SECTIME18" fromID="E29" fromText="discharged" toID="T2" toText="2016-03-04" type="BEFORE" />
<TLINK id="SECTIME19" fromID="E3" fromText="repair" toID="T2" toText="2016-03-04" type="BEFORE" />
<TLINK id="SECTIME20" fromID="E31" fromText="admitted" toID="T2" toText="2016-03-04" type="BEFORE" />
<TLINK id="SECTIME21" fromID="E32" fromText="the Plastic Surgery Service" toID="T2" toText="2016-03-04" type="BEFORE" />
<TLINK id="SECTIME22" fromID="E33" fromText="a left facial mass" toID="T2" toText="2016-03-04" type="BEFORE" />
<TLINK id="SECTIME23" fromID="E34" fromText="transferred" toID="T2" toText="2016-03-04" type="BEFORE" />
<TLINK id="SECTIME24" fromID="E35" fromText="admitted" toID="T2" toText="2016-03-04" type="BEFORE" />
<TLINK id="SECTIME25" fromID="E36" fromText="this left facial lesion" toID="T2" toText="2016-03-04" type="BEFORE" />
<TLINK id="SECTIME26" fromID="E39" fromText="the Operating Room" toID="T2" toText="2016-03-04" type="BEFORE" />
<TLINK id="SECTIME27" fromID="E4" fromText="his hematuria" toID="T2" toText="2016-03-04" type="BEFORE" />
<TLINK id="SECTIME28" fromID="E41" fromText="the Operating Room" toID="T2" toText="2016-03-04" type="BEFORE" />
<TLINK id="SECTIME29" fromID="E42" fromText="tolerated" toID="T2" toText="2016-03-04" type="BEFORE" />
<TLINK id="SECTIME30" fromID="E43" fromText="well" toID="T2" toText="2016-03-04" type="BEFORE" />
<TLINK id="SECTIME31" fromID="E44" fromText="complications" toID="T2" toText="2016-03-04" type="BEFORE" />
<TLINK id="SECTIME32" fromID="E45" fromText="the Unit" toID="T2" toText="2016-03-04" type="BEFORE" />
<TLINK id="SECTIME33" fromID="E46" fromText="revealed" toID="T2" toText="2016-03-04" type="BEFORE" />
<TLINK id="SECTIME34" fromID="E49" fromText="antibiotics" toID="T2" toText="2016-03-04" type="BEFORE" />
<TLINK id="SECTIME35" fromID="E5" fromText="hematuria" toID="T2" toText="2016-03-04" type="BEFORE" />
<TLINK id="SECTIME36" fromID="E50" fromText="rehabilitation" toID="T2" toText="2016-03-04" type="BEFORE" />
<TLINK id="SECTIME37" fromID="E51" fromText="XRT" toID="T2" toText="2016-03-04" type="BEFORE" />
<TLINK id="SECTIME38" fromID="E52" fromText="revealed" toID="T2" toText="2016-03-04" type="BEFORE" />
<TLINK id="SECTIME39" fromID="E53" fromText="squamous cell cancer" toID="T2" toText="2016-03-04" type="BEFORE" />
<TLINK id="SECTIME40" fromID="E54" fromText="positive level II nodes" toID="T2" toText="2016-03-04" type="BEFORE" />
<TLINK id="SECTIME41" fromID="E55" fromText="XRT follow up" toID="T2" toText="2016-03-04" type="BEFORE" />
<TLINK id="SECTIME42" fromID="E56" fromText="follow up" toID="T2" toText="2016-03-04" type="BEFORE" />
<TLINK id="SECTIME43" fromID="E57" fromText="Falmouth Hospital" toID="T2" toText="2016-03-04" type="BEFORE" />
<TLINK id="SECTIME44" fromID="E58" fromText="our Service" toID="T2" toText="2016-03-04" type="BEFORE" />
<TLINK id="SECTIME45" fromID="E6" fromText="a cystoscopy transurethral resection of prostate placement" toID="T2" toText="2016-03-04" type="BEFORE" />
<TLINK id="SECTIME46" fromID="E7" fromText="resection" toID="T2" toText="2016-03-04" type="BEFORE" />
<TLINK id="SECTIME47" fromID="E8" fromText="the left face squamous cell cancer" toID="T2" toText="2016-03-04" type="BEFORE" />
<TLINK id="SECTIME48" fromID="E9" fromText="split thickness and full thickness skin grafting" toID="T2" toText="2016-03-04" type="BEFORE" />
<TLINK id="TL0" fromID="E1" fromText="evaluation" toID="E32" toText="the Plastic Surgery Service" type="OVERLAP" />
<TLINK id="TL1" fromID="E1" fromText="evaluation" toID="E33" toText="a left facial mass" type="OVERLAP" />
<TLINK id="TL2" fromID="E10" fromText="the defects" toID="E9" toText="split thickness and full thickness skin grafting" type="OVERLAP" />
<TLINK id="TL3" fromID="E10" fromText="the defects" toID="T1" toText="2016-03-04" type="AFTER" />
<TLINK id="TL4" fromID="E10" fromText="the defects" toID="T4" toText="2016-03-14" type="OVERLAP" />
<TLINK id="TL5" fromID="E11" fromText="the procedure" toID="E12" toText="hoarse" type="OVERLAP" />
<TLINK id="TL6" fromID="E11" fromText="the procedure" toID="E42" toText="tolerated" type="BEFORE" />
<TLINK id="TL7" fromID="E11" fromText="the procedure" toID="E43" toText="well" type="OVERLAP" />
<TLINK id="TL8" fromID="E11" fromText="the procedure" toID="E44" toText="complications" type="OVERLAP" />
<TLINK id="TL9" fromID="E11" fromText="the procedure" toID="T1" toText="2016-03-04" type="AFTER" />
<TLINK id="TL10" fromID="E12" fromText="hoarse" toID="T1" toText="2016-03-04" type="AFTER" />
<TLINK id="TL11" fromID="E13" fromText="scoping" toID="E14" toText="significant supraglottic edema" type="OVERLAP" />
<TLINK id="TL12" fromID="E13" fromText="scoping" toID="T1" toText="2016-03-04" type="AFTER" />
<TLINK id="TL13" fromID="E14" fromText="significant supraglottic edema" toID="E13" toText="scoping" type="BEFORE" />
<TLINK id="TL14" fromID="E14" fromText="significant supraglottic edema" toID="T1" toText="2016-03-04" type="AFTER" />
<TLINK id="TL15" fromID="E15" fromText="observation of his airway" toID="E16" toText="laryngoscopy" type="OVERLAP" />
<TLINK id="TL16" fromID="E15" fromText="observation of his airway" toID="E45" toText="the Unit" type="OVERLAP" />
<TLINK id="TL17" fromID="E15" fromText="observation of his airway" toID="T0" toText="b.i.d." type="OVERLAP" />
<TLINK id="TL18" fromID="E15" fromText="observation of his airway" toID="T1" toText="2016-03-04" type="AFTER" />
<TLINK id="TL19" fromID="E16" fromText="laryngoscopy" toID="T0" toText="b.i.d." type="OVERLAP" />
<TLINK id="TL20" fromID="E16" fromText="laryngoscopy" toID="T1" toText="2016-03-04" type="AFTER" />
<TLINK id="TL21" fromID="E17" fromText="some supraglottic edema" toID="E18" toText="further intervention" type="OVERLAP" />
<TLINK id="TL22" fromID="E17" fromText="some supraglottic edema" toID="E46" toText="revealed" type="BEFORE" />
<TLINK id="TL23" fromID="E17" fromText="some supraglottic edema" toID="T1" toText="2016-03-04" type="AFTER" />
<TLINK id="TL24" fromID="E18" fromText="further intervention" toID="T1" toText="2016-03-04" type="AFTER" />
<TLINK id="TL25" fromID="E19" fromText="his split thickness skin graft" toID="E20" toText="his bolster" type="OVERLAP" />
<TLINK id="TL26" fromID="E19" fromText="his split thickness skin graft" toID="E21" toText="his skin graft" type="OVERLAP" />
<TLINK id="TL27" fromID="E19" fromText="his split thickness skin graft" toID="T1" toText="2016-03-04" type="AFTER" />
<TLINK id="TL28" fromID="E19" fromText="his split thickness skin graft" toID="T6" toText="postoperative day #5" type="OVERLAP" />
<TLINK id="TL29" fromID="E2" fromText="resection" toID="E25" toText="CMED" type="OVERLAP" />
<TLINK id="TL30" fromID="E2" fromText="resection" toID="E3" toText="repair" type="OVERLAP" />
<TLINK id="TL31" fromID="E2" fromText="resection" toID="E36" toText="this left facial lesion" type="OVERLAP" />
<TLINK id="TL32" fromID="E2" fromText="resection" toID="E7" toText="resection" type="OVERLAP" />
<TLINK id="TL33" fromID="E2" fromText="resection" toID="T1" toText="2016-03-04" type="AFTER" />
<TLINK id="TL34" fromID="E20" fromText="his bolster" toID="E19" toText="his split thickness skin graft" type="AFTER" />
<TLINK id="TL35" fromID="E20" fromText="his bolster" toID="E21" toText="his skin graft" type="OVERLAP" />
<TLINK id="TL36" fromID="E20" fromText="his bolster" toID="T1" toText="2016-03-04" type="AFTER" />
<TLINK id="TL37" fromID="E20" fromText="his bolster" toID="T6" toText="postoperative day #5" type="OVERLAP" />
<TLINK id="TL38" fromID="E21" fromText="his skin graft" toID="T1" toText="2016-03-04" type="AFTER" />
<TLINK id="TL39" fromID="E21" fromText="his skin graft" toID="T6" toText="postoperative day #5" type="OVERLAP" />
<TLINK id="TL40" fromID="E22" fromText="Foley" toID="T1" toText="2016-03-04" type="AFTER" />
<TLINK id="TL41" fromID="E23" fromText="his pathology" toID="E51" toText="XRT" type="OVERLAP" />
<TLINK id="TL42" fromID="E23" fromText="his pathology" toID="E52" toText="revealed" type="OVERLAP" />
<TLINK id="TL43" fromID="E23" fromText="his pathology" toID="E53" toText="squamous cell cancer" type="OVERLAP" />
<TLINK id="TL44" fromID="E23" fromText="his pathology" toID="E54" toText="positive level II nodes" type="OVERLAP" />
<TLINK id="TL45" fromID="E23" fromText="his pathology" toID="T1" toText="2016-03-04" type="AFTER" />
<TLINK id="TL46" fromID="E25" fromText="CMED" toID="E2" toText="resection" type="OVERLAP" />
<TLINK id="TL47" fromID="E25" fromText="CMED" toID="E3" toText="repair" type="OVERLAP" />
<TLINK id="TL48" fromID="E25" fromText="CMED" toID="E35" toText="admitted" type="AFTER" />
<TLINK id="TL49" fromID="E25" fromText="CMED" toID="E36" toText="this left facial lesion" type="OVERLAP" />
<TLINK id="TL50" fromID="E25" fromText="CMED" toID="T1" toText="2016-03-04" type="AFTER" />
<TLINK id="TL51" fromID="E28" fromText="discharged" toID="E23" toText="his pathology" type="OVERLAP" />
<TLINK id="TL52" fromID="E28" fromText="discharged" toID="E29" toText="discharged" type="OVERLAP" />
<TLINK id="TL53" fromID="E28" fromText="discharged" toID="E50" toText="rehabilitation" type="OVERLAP" />
<TLINK id="TL54" fromID="E28" fromText="discharged" toID="E51" toText="XRT" type="OVERLAP" />
<TLINK id="TL55" fromID="E28" fromText="discharged" toID="E52" toText="revealed" type="OVERLAP" />
<TLINK id="TL56" fromID="E28" fromText="discharged" toID="E53" toText="squamous cell cancer" type="OVERLAP" />
<TLINK id="TL57" fromID="E28" fromText="discharged" toID="E54" toText="positive level II nodes" type="OVERLAP" />
<TLINK id="TL58" fromID="E28" fromText="discharged" toID="T1" toText="2016-03-04" type="AFTER" />
<TLINK id="TL59" fromID="E29" fromText="discharged" toID="E28" toText="discharged" type="OVERLAP" />
<TLINK id="TL60" fromID="E29" fromText="discharged" toID="E57" toText="Falmouth Hospital" type="OVERLAP" />
<TLINK id="TL61" fromID="E29" fromText="discharged" toID="T1" toText="2016-03-04" type="AFTER" />
<TLINK id="TL62" fromID="E3" fromText="repair" toID="E2" toText="resection" type="OVERLAP" />
<TLINK id="TL63" fromID="E3" fromText="repair" toID="E36" toText="this left facial lesion" type="OVERLAP" />
<TLINK id="TL64" fromID="E3" fromText="repair" toID="T1" toText="2016-03-04" type="AFTER" />
<TLINK id="TL65" fromID="E31" fromText="admitted" toID="E1" toText="evaluation" type="OVERLAP" />
<TLINK id="TL66" fromID="E31" fromText="admitted" toID="E32" toText="the Plastic Surgery Service" type="OVERLAP" />
<TLINK id="TL67" fromID="E31" fromText="admitted" toID="E33" toText="a left facial mass" type="OVERLAP" />
<TLINK id="TL68" fromID="E31" fromText="admitted" toID="E35" toText="admitted" type="OVERLAP" />
<TLINK id="TL69" fromID="E32" fromText="the Plastic Surgery Service" toID="E1" toText="evaluation" type="OVERLAP" />
<TLINK id="TL70" fromID="E32" fromText="the Plastic Surgery Service" toID="E31" toText="admitted" type="AFTER" />
<TLINK id="TL71" fromID="E32" fromText="the Plastic Surgery Service" toID="E33" toText="a left facial mass" type="OVERLAP" />
<TLINK id="TL72" fromID="E33" fromText="a left facial mass" toID="E1" toText="evaluation" type="BEFORE" />
<TLINK id="TL73" fromID="E34" fromText="transferred" toID="E58" toText="our Service" type="OVERLAP" />
<TLINK id="TL74" fromID="E35" fromText="admitted" toID="E2" toText="resection" type="OVERLAP" />
<TLINK id="TL75" fromID="E35" fromText="admitted" toID="E25" toText="CMED" type="OVERLAP" />
<TLINK id="TL76" fromID="E35" fromText="admitted" toID="E3" toText="repair" type="OVERLAP" />
<TLINK id="TL77" fromID="E35" fromText="admitted" toID="E31" toText="admitted" type="OVERLAP" />
<TLINK id="TL78" fromID="E35" fromText="admitted" toID="E36" toText="this left facial lesion" type="OVERLAP" />
<TLINK id="TL79" fromID="E35" fromText="admitted" toID="T1" toText="2016-03-04" type="AFTER" />
<TLINK id="TL80" fromID="E36" fromText="this left facial lesion" toID="E3" toText="repair" type="BEFORE" />
<TLINK id="TL81" fromID="E36" fromText="this left facial lesion" toID="T1" toText="2016-03-04" type="AFTER" />
<TLINK id="TL82" fromID="E39" fromText="the Operating Room" toID="E41" toText="the Operating Room" type="OVERLAP" />
<TLINK id="TL83" fromID="E39" fromText="the Operating Room" toID="E5" toText="hematuria" type="OVERLAP" />
<TLINK id="TL84" fromID="E39" fromText="the Operating Room" toID="E6" toText="a cystoscopy transurethral resection of prostate placement" type="OVERLAP" />
<TLINK id="TL85" fromID="E39" fromText="the Operating Room" toID="T1" toText="2016-03-04" type="AFTER" />
<TLINK id="TL86" fromID="E39" fromText="the Operating Room" toID="T3" toText="2016-03-10" type="OVERLAP" />
<TLINK id="TL87" fromID="E4" fromText="his hematuria" toID="T1" toText="2016-03-04" type="AFTER" />
<TLINK id="TL88" fromID="E41" fromText="the Operating Room" toID="E10" toText="the defects" type="OVERLAP" />
<TLINK id="TL89" fromID="E41" fromText="the Operating Room" toID="E39" toText="the Operating Room" type="OVERLAP" />
<TLINK id="TL90" fromID="E41" fromText="the Operating Room" toID="E7" toText="resection" type="OVERLAP" />
<TLINK id="TL91" fromID="E41" fromText="the Operating Room" toID="E8" toText="the left face squamous cell cancer" type="OVERLAP" />
<TLINK id="TL92" fromID="E41" fromText="the Operating Room" toID="E9" toText="split thickness and full thickness skin grafting" type="OVERLAP" />
<TLINK id="TL93" fromID="E41" fromText="the Operating Room" toID="T1" toText="2016-03-04" type="AFTER" />
<TLINK id="TL94" fromID="E41" fromText="the Operating Room" toID="T4" toText="2016-03-14" type="OVERLAP" />
<TLINK id="TL95" fromID="E42" fromText="tolerated" toID="E11" toText="the procedure" type="OVERLAP" />
<TLINK id="TL96" fromID="E42" fromText="tolerated" toID="E12" toText="hoarse" type="OVERLAP" />
<TLINK id="TL97" fromID="E42" fromText="tolerated" toID="E43" toText="well" type="OVERLAP" />
<TLINK id="TL98" fromID="E42" fromText="tolerated" toID="E44" toText="complications" type="OVERLAP" />
<TLINK id="TL99" fromID="E42" fromText="tolerated" toID="T1" toText="2016-03-04" type="AFTER" />
<TLINK id="TL100" fromID="E43" fromText="well" toID="E12" toText="hoarse" type="OVERLAP" />
<TLINK id="TL101" fromID="E43" fromText="well" toID="E44" toText="complications" type="OVERLAP" />
<TLINK id="TL102" fromID="E43" fromText="well" toID="T1" toText="2016-03-04" type="AFTER" />
<TLINK id="TL103" fromID="E44" fromText="complications" toID="E12" toText="hoarse" type="OVERLAP" />
<TLINK id="TL104" fromID="E44" fromText="complications" toID="E43" toText="well" type="BEFORE" />
<TLINK id="TL105" fromID="E44" fromText="complications" toID="T1" toText="2016-03-04" type="AFTER" />
<TLINK id="TL106" fromID="E45" fromText="the Unit" toID="E15" toText="observation of his airway" type="OVERLAP" />
<TLINK id="TL107" fromID="E45" fromText="the Unit" toID="E16" toText="laryngoscopy" type="OVERLAP" />
<TLINK id="TL108" fromID="E45" fromText="the Unit" toID="T0" toText="b.i.d." type="OVERLAP" />
<TLINK id="TL109" fromID="E45" fromText="the Unit" toID="T1" toText="2016-03-04" type="AFTER" />
<TLINK id="TL110" fromID="E46" fromText="revealed" toID="E17" toText="some supraglottic edema" type="OVERLAP" />
<TLINK id="TL111" fromID="E46" fromText="revealed" toID="E18" toText="further intervention" type="OVERLAP" />
<TLINK id="TL112" fromID="E46" fromText="revealed" toID="E52" toText="revealed" type="OVERLAP" />
<TLINK id="TL113" fromID="E46" fromText="revealed" toID="T1" toText="2016-03-04" type="AFTER" />
<TLINK id="TL114" fromID="E49" fromText="antibiotics" toID="T1" toText="2016-03-04" type="AFTER" />
<TLINK id="TL115" fromID="E49" fromText="antibiotics" toID="T7" toText="postoperative day #7" type="OVERLAP" />
<TLINK id="TL116" fromID="E5" fromText="hematuria" toID="E6" toText="a cystoscopy transurethral resection of prostate placement" type="OVERLAP" />
<TLINK id="TL117" fromID="E5" fromText="hematuria" toID="T1" toText="2016-03-04" type="AFTER" />
<TLINK id="TL118" fromID="E5" fromText="hematuria" toID="T3" toText="2016-03-10" type="OVERLAP" />
<TLINK id="TL119" fromID="E50" fromText="rehabilitation" toID="E23" toText="his pathology" type="OVERLAP" />
<TLINK id="TL120" fromID="E50" fromText="rehabilitation" toID="E28" toText="discharged" type="AFTER" />
<TLINK id="TL121" fromID="E50" fromText="rehabilitation" toID="E51" toText="XRT" type="OVERLAP" />
<TLINK id="TL122" fromID="E50" fromText="rehabilitation" toID="E52" toText="revealed" type="OVERLAP" />
<TLINK id="TL123" fromID="E50" fromText="rehabilitation" toID="E53" toText="squamous cell cancer" type="OVERLAP" />
<TLINK id="TL124" fromID="E50" fromText="rehabilitation" toID="E54" toText="positive level II nodes" type="OVERLAP" />
<TLINK id="TL125" fromID="E50" fromText="rehabilitation" toID="T1" toText="2016-03-04" type="AFTER" />
<TLINK id="TL126" fromID="E51" fromText="XRT" toID="E23" toText="his pathology" type="OVERLAP" />
<TLINK id="TL127" fromID="E51" fromText="XRT" toID="E50" toText="rehabilitation" type="OVERLAP" />
<TLINK id="TL128" fromID="E51" fromText="XRT" toID="E52" toText="revealed" type="OVERLAP" />
<TLINK id="TL129" fromID="E51" fromText="XRT" toID="E53" toText="squamous cell cancer" type="OVERLAP" />
<TLINK id="TL130" fromID="E51" fromText="XRT" toID="E54" toText="positive level II nodes" type="OVERLAP" />
<TLINK id="TL131" fromID="E51" fromText="XRT" toID="T1" toText="2016-03-04" type="AFTER" />
<TLINK id="TL132" fromID="E52" fromText="revealed" toID="E46" toText="revealed" type="OVERLAP" />
<TLINK id="TL133" fromID="E52" fromText="revealed" toID="E53" toText="squamous cell cancer" type="OVERLAP" />
<TLINK id="TL134" fromID="E52" fromText="revealed" toID="E54" toText="positive level II nodes" type="OVERLAP" />
<TLINK id="TL135" fromID="E52" fromText="revealed" toID="T1" toText="2016-03-04" type="AFTER" />
<TLINK id="TL136" fromID="E53" fromText="squamous cell cancer" toID="E23" toText="his pathology" type="BEFORE" />
<TLINK id="TL137" fromID="E53" fromText="squamous cell cancer" toID="E52" toText="revealed" type="BEFORE" />
<TLINK id="TL138" fromID="E53" fromText="squamous cell cancer" toID="E54" toText="positive level II nodes" type="OVERLAP" />
<TLINK id="TL139" fromID="E53" fromText="squamous cell cancer" toID="T1" toText="2016-03-04" type="AFTER" />
<TLINK id="TL140" fromID="E54" fromText="positive level II nodes" toID="T1" toText="2016-03-04" type="AFTER" />
<TLINK id="TL141" fromID="E55" fromText="XRT follow up" toID="T1" toText="2016-03-04" type="AFTER" />
<TLINK id="TL142" fromID="E56" fromText="follow up" toID="T1" toText="2016-03-04" type="AFTER" />
<TLINK id="TL143" fromID="E57" fromText="Falmouth Hospital" toID="E29" toText="discharged" type="AFTER" />
<TLINK id="TL144" fromID="E57" fromText="Falmouth Hospital" toID="T1" toText="2016-03-04" type="AFTER" />
<TLINK id="TL145" fromID="E58" fromText="our Service" toID="E34" toText="transferred" type="AFTER" />
<TLINK id="TL146" fromID="E6" fromText="a cystoscopy transurethral resection of prostate placement" toID="T1" toText="2016-03-04" type="AFTER" />
<TLINK id="TL147" fromID="E6" fromText="a cystoscopy transurethral resection of prostate placement" toID="T3" toText="2016-03-10" type="OVERLAP" />
<TLINK id="TL148" fromID="E7" fromText="resection" toID="E10" toText="the defects" type="OVERLAP" />
<TLINK id="TL149" fromID="E7" fromText="resection" toID="E2" toText="resection" type="OVERLAP" />
<TLINK id="TL150" fromID="E7" fromText="resection" toID="E8" toText="the left face squamous cell cancer" type="OVERLAP" />
<TLINK id="TL151" fromID="E7" fromText="resection" toID="E9" toText="split thickness and full thickness skin grafting" type="OVERLAP" />
<TLINK id="TL152" fromID="E7" fromText="resection" toID="T1" toText="2016-03-04" type="AFTER" />
<TLINK id="TL153" fromID="E7" fromText="resection" toID="T4" toText="2016-03-14" type="OVERLAP" />
<TLINK id="TL154" fromID="E8" fromText="the left face squamous cell cancer" toID="E10" toText="the defects" type="OVERLAP" />
<TLINK id="TL155" fromID="E8" fromText="the left face squamous cell cancer" toID="E7" toText="resection" type="BEFORE" />
<TLINK id="TL156" fromID="E8" fromText="the left face squamous cell cancer" toID="E9" toText="split thickness and full thickness skin grafting" type="OVERLAP" />
<TLINK id="TL157" fromID="E8" fromText="the left face squamous cell cancer" toID="T1" toText="2016-03-04" type="AFTER" />
<TLINK id="TL158" fromID="E8" fromText="the left face squamous cell cancer" toID="T4" toText="2016-03-14" type="OVERLAP" />
<TLINK id="TL159" fromID="E9" fromText="split thickness and full thickness skin grafting" toID="E10" toText="the defects" type="OVERLAP" />
<TLINK id="TL160" fromID="E9" fromText="split thickness and full thickness skin grafting" toID="T1" toText="2016-03-04" type="AFTER" />
<TLINK id="TL161" fromID="E9" fromText="split thickness and full thickness skin grafting" toID="T4" toText="2016-03-14" type="OVERLAP" />
<TLINK id="TL162" fromID="T0" fromText="b.i.d." toID="E15" toText="observation of his airway" type="AFTER" />
<TLINK id="TL163" fromID="T0" fromText="b.i.d." toID="E16" toText="laryngoscopy" type="AFTER" />
<TLINK id="TL164" fromID="T2" fromText="2016-03-22" toID="T1" toText="2016-03-04" type="AFTER" />
<TLINK id="TL165" fromID="T2" fromText="2016-03-22" toID="T3" toText="2016-03-10" type="AFTER" />
<TLINK id="TL166" fromID="T2" fromText="2016-03-22" toID="T4" toText="2016-03-14" type="AFTER" />
<TLINK id="TL167" fromID="T2" fromText="2016-03-22" toID="T6" toText="postoperative day #5" type="AFTER" />
<TLINK id="TL168" fromID="T2" fromText="2016-03-22" toID="T7" toText="postoperative day #7" type="AFTER" />
<TLINK id="TL169" fromID="T3" fromText="2016-03-10" toID="T1" toText="2016-03-04" type="AFTER" />
<TLINK id="TL170" fromID="T4" fromText="2016-03-14" toID="T1" toText="2016-03-04" type="AFTER" />
<TLINK id="TL171" fromID="T4" fromText="2016-03-14" toID="T3" toText="2016-03-10" type="AFTER" />
<TLINK id="TL172" fromID="T6" fromText="postoperative day #5" toID="T1" toText="2016-03-04" type="AFTER" />
<TLINK id="TL173" fromID="T6" fromText="postoperative day #5" toID="T3" toText="2016-03-10" type="AFTER" />
<TLINK id="TL174" fromID="T6" fromText="postoperative day #5" toID="T4" toText="2016-03-14" type="AFTER" />
<TLINK id="TL175" fromID="T7" fromText="postoperative day #7" toID="T1" toText="2016-03-04" type="AFTER" />
<TLINK id="TL176" fromID="T7" fromText="postoperative day #7" toID="T3" toText="2016-03-10" type="AFTER" />
<TLINK id="TL177" fromID="T7" fromText="postoperative day #7" toID="T4" toText="2016-03-14" type="AFTER" />
<TLINK id="TL178" fromID="T7" fromText="postoperative day #7" toID="T6" toText="postoperative day #5" type="AFTER" />
</TAGS>
</ClinicalNarrativeTemporalAnnotation>
