<?xml version="1.0" encoding="UTF-8" ?>
<ClinicalNarrativeTemporalAnnotation>
<TEXT><![CDATA[
ADMISSION DATE :
2/15/94
DISCHARGE DATE :
2/28/94
HISTORY OF PRESENT ILLNESS :
This 75 year old male had been noted to be anemic with an abnormal white blood count since at least November 1993 , while he was living in Aersing Rocuch Sun and his physicians there had begun to manage him with transfusions , and low dose hydroxyurea .
Apparently , a bone marrow biopsy at the time confirmed the diagnosis of chronic myelomonocytic leukemia .
He came to this country in late December 1994 to live with his son for a few months and was referred to me for follow up .
He had been noting night sweats , increasing fatigue , anorexia , and dyspnea , which were not particularly improved by increased transfusions or alterations of hydroxy urea .
He became profoundly thrombocytopenic , and ultimately was admitted to the hospital on 2/15 with headache and weakness .
HOSPITAL COURSE :
The patient was admitted to the hospital and begun on high dose Hydroxyurea , with a gradual improvement in his white blood count over the next few days .
He did spike a fever and began Ancef and Gentamicin , although cultures never revealed a source for this .
He also tried Amicar and continued on low dose Prednisone .
His headache improved , but her remained profoundly weak and intermittently febrile with dyspnea .
There was hemoptysis and intermittent gastrointestinal bleeding , while he remained profoundly thrombocytopenia .
Transfusions of platelets did not change his platelet count , presumably because of sequestration and a massive spleen .
Amicar was of uncertain value , but used intermittently .
A bone marrow biopsy revealed the transformation of his CMML to acute myelogenous leukemia , and given his other underlying medical problems , we chose chemotherapy with subcutaneous Cystosine Arabinoside and 6-Thioguanine , which he tolerated without incident and this brought his white blood count down to below 1,000 , and his spleen shrank noticeably , but he still could not maintain a bump in platelet count with platelet transfusions .
He was intermittently congested limiting our ability to give intravenous fluid , for his hydrea , although we kept him on Allopurinol .
The renal function deteriorated somewhat , hampering our ability to give him his Gentamicin .
The family maintained an extraordinary vigil over the days of his hospitalization , providing him with some food and constant attention , while we awaited the results of his chemotherapy and treatment of his infection .
He was intermittently restless and somewhat confused , and as his respiratory status deteriorated , the family agreed to a low dose Morphine drip which made him much more comfortable .
They agreed with a do not resuscitate status early on in the hospitalization and in the course of being maintain on low dose Morphine , he ultimately expired on 2/28/94 with the family present .
No autopsy was obtained .
]]></TEXT>
<TAGS>
<EVENT id="E1" start="907" end="919" text="the hospital" modality="FACTUAL" polarity="POS" type="CLINICAL_DEPT" />
<EVENT id="E2" start="2172" end="2181" text="The renal" modality="FACTUAL" polarity="POS" type="CLINICAL_DEPT" />
<EVENT id="E3" start="219" end="237" text="Aersing Rocuch Sun" modality="FACTUAL" polarity="POS" type="CLINICAL_DEPT" />
<EVENT id="E4" start="811" end="823" text="the hospital" modality="FACTUAL" polarity="POS" type="CLINICAL_DEPT" />
<EVENT id="E5" start="111" end="116" text="noted" modality="FACTUAL" polarity="POS" type="EVIDENTIAL" />
<EVENT id="E6" start="1112" end="1120" text="revealed" modality="FACTUAL" polarity="POS" type="EVIDENTIAL" />
<EVENT id="E7" start="1614" end="1622" text="revealed" modality="FACTUAL" polarity="POS" type="EVIDENTIAL" />
<EVENT id="E8" start="2369" end="2378" text="some food" modality="FACTUAL" polarity="POS" type="OCCURRENCE" />
<EVENT id="E9" start="2328" end="2347" text="his hospitalization" modality="FACTUAL" polarity="POS" type="OCCURRENCE" />
<EVENT id="E10" start="2652" end="2668" text="more comfortable" modality="FACTUAL" polarity="POS" type="OCCURRENCE" />
<EVENT id="E11" start="2548" end="2570" text="his respiratory status" modality="FACTUAL" polarity="POS" type="OCCURRENCE" />
<EVENT id="E12" start="1214" end="1222" text="improved" modality="FACTUAL" polarity="POS" type="OCCURRENCE" />
<EVENT id="E13" start="972" end="983" text="improvement" modality="FACTUAL" polarity="POS" type="OCCURRENCE" />
<EVENT id="E14" start="2191" end="2203" text="deteriorated" modality="FACTUAL" polarity="POS" type="OCCURRENCE" />
<EVENT id="E15" start="1827" end="1836" text="tolerated" modality="FACTUAL" polarity="POS" type="OCCURRENCE" />
<EVENT id="E16" start="672" end="680" text="improved" modality="FACTUAL" polarity="POS" type="OCCURRENCE" />
<EVENT id="E17" start="552" end="558" text="follow" modality="FACTUAL" polarity="POS" type="OCCURRENCE" />
<EVENT id="E18" start="895" end="903" text="admitted" modality="FACTUAL" polarity="POS" type="OCCURRENCE" />
<EVENT id="E19" start="799" end="807" text="admitted" modality="FACTUAL" polarity="POS" type="OCCURRENCE" />
<EVENT id="E20" start="26" end="35" text="DISCHARGE" modality="FACTUAL" polarity="POS" type="OCCURRENCE" />
<EVENT id="E21" start="1" end="10" text="ADMISSION" modality="FACTUAL" polarity="POS" type="OCCURRENCE" />
<EVENT id="E22" start="533" end="541" text="referred" modality="FACTUAL" polarity="POS" type="OCCURRENCE" />
<EVENT id="E23" start="242" end="256" text="his physicians" modality="FACTUAL" polarity="POS" type="OCCURRENCE" />
<EVENT id="E24" start="1166" end="1175" text="continued" modality="FACTUAL" polarity="POS" type="OCCURRENCE" />
<EVENT id="E25" start="2728" end="2747" text="the hospitalization" modality="FACTUAL" polarity="POS" type="OCCURRENCE" />
<EVENT id="E26" start="2821" end="2828" text="expired" modality="FACTUAL" polarity="POS" type="OCCURRENCE" />
<EVENT id="E27" start="583" end="595" text="night sweats" modality="FACTUAL" polarity="POS" type="PROBLEM" />
<EVENT id="E28" start="407" end="438" text="chronic myelomonocytic leukemia" modality="FACTUAL" polarity="POS" type="PROBLEM" />
<EVENT id="E29" start="619" end="627" text="anorexia" modality="FACTUAL" polarity="POS" type="PROBLEM" />
<EVENT id="E30" start="598" end="616" text="increasing fatigue" modality="FACTUAL" polarity="POS" type="PROBLEM" />
<EVENT id="E31" start="135" end="164" text="an abnormal white blood count" modality="FACTUAL" polarity="POS" type="PROBLEM" />
<EVENT id="E32" start="123" end="129" text="anemic" modality="FACTUAL" polarity="POS" type="PROBLEM" />
<EVENT id="E33" start="1645" end="1653" text="his CMML" modality="FACTUAL" polarity="POS" type="PROBLEM" />
<EVENT id="E34" start="1657" end="1683" text="acute myelogenous leukemia" modality="FACTUAL" polarity="POS" type="PROBLEM" />
<EVENT id="E35" start="1498" end="1511" text="sequestration" modality="FACTUAL" polarity="POS" type="PROBLEM" />
<EVENT id="E36" start="1516" end="1532" text="a massive spleen" modality="FACTUAL" polarity="POS" type="PROBLEM" />
<EVENT id="E37" start="1325" end="1363" text="intermittent gastrointestinal bleeding" modality="FACTUAL" polarity="POS" type="PROBLEM" />
<EVENT id="E38" start="1384" end="1411" text="profoundly thrombocytopenia" modality="FACTUAL" polarity="POS" type="PROBLEM" />
<EVENT id="E39" start="1290" end="1297" text="dyspnea" modality="FACTUAL" polarity="POS" type="PROBLEM" />
<EVENT id="E40" start="1310" end="1320" text="hemoptysis" modality="FACTUAL" polarity="POS" type="PROBLEM" />
<EVENT id="E41" start="1262" end="1284" text="intermittently febrile" modality="FACTUAL" polarity="POS" type="PROBLEM" />
<EVENT id="E42" start="1047" end="1054" text="a fever" modality="FACTUAL" polarity="POS" type="PROBLEM" />
<EVENT id="E43" start="1201" end="1213" text="His headache" modality="FACTUAL" polarity="POS" type="PROBLEM" />
<EVENT id="E44" start="837" end="845" text="headache" modality="FACTUAL" polarity="POS" type="PROBLEM" />
<EVENT id="E45" start="850" end="858" text="weakness" modality="FACTUAL" polarity="POS" type="PROBLEM" />
<EVENT id="E46" start="634" end="641" text="dyspnea" modality="FACTUAL" polarity="POS" type="PROBLEM" />
<EVENT id="E47" start="750" end="777" text="profoundly thrombocytopenic" modality="FACTUAL" polarity="POS" type="PROBLEM" />
<EVENT id="E48" start="1871" end="1886" text="his white blood" modality="FACTUAL" polarity="POS" type="PROBLEM" />
<EVENT id="E49" start="1229" end="1257" text="her remained profoundly weak" modality="FACTUAL" polarity="POS" type="PROBLEM" />
<EVENT id="E50" start="2521" end="2538" text="somewhat confused" modality="FACTUAL" polarity="POS" type="PROBLEM" />
<EVENT id="E51" start="2493" end="2516" text="intermittently restless" modality="FACTUAL" polarity="POS" type="PROBLEM" />
<EVENT id="E52" start="2470" end="2483" text="his infection" modality="FACTUAL" polarity="POS" type="PROBLEM" />
<EVENT id="E53" start="2043" end="2067" text="intermittently congested" modality="FACTUAL" polarity="POS" type="PROBLEM" />
<EVENT id="E54" start="1696" end="1733" text="his other underlying medical problems" modality="FACTUAL" polarity="POS" type="PROBLEM" />
<EVENT id="E55" start="1992" end="2006" text="platelet count" modality="FACTUAL" polarity="POS" type="TEST" />
<EVENT id="E56" start="2869" end="2876" text="autopsy" modality="FACTUAL" polarity="POS" type="TEST" />
<EVENT id="E57" start="1097" end="1105" text="cultures" modality="FACTUAL" polarity="POS" type="TEST" />
<EVENT id="E58" start="1455" end="1473" text="his platelet count" modality="FACTUAL" polarity="POS" type="TEST" />
<EVENT id="E59" start="1593" end="1613" text="A bone marrow biopsy" modality="FACTUAL" polarity="POS" type="TEST" />
<EVENT id="E60" start="1871" end="1892" text="his white blood count" modality="FACTUAL" polarity="POS" type="TEST" />
<EVENT id="E61" start="347" end="367" text="a bone marrow biopsy" modality="FACTUAL" polarity="POS" type="TEST" />
<EVENT id="E62" start="987" end="1008" text="his white blood count" modality="FACTUAL" polarity="POS" type="TEST" />
<EVENT id="E63" start="1179" end="1198" text="low dose Prednisone" modality="FACTUAL" polarity="POS" type="TREATMENT" />
<EVENT id="E64" start="1155" end="1161" text="Amicar" modality="FACTUAL" polarity="POS" type="TREATMENT" />
<EVENT id="E65" start="1535" end="1541" text="Amicar" modality="FACTUAL" polarity="POS" type="TREATMENT" />
<EVENT id="E66" start="1414" end="1439" text="Transfusions of platelets" modality="FACTUAL" polarity="POS" type="TREATMENT" />
<EVENT id="E67" start="933" end="954" text="high dose Hydroxyurea" modality="FACTUAL" polarity="POS" type="TREATMENT" />
<EVENT id="E68" start="725" end="737" text="hydroxy urea" modality="FACTUAL" polarity="POS" type="TREATMENT" />
<EVENT id="E69" start="1075" end="1085" text="Gentamicin" modality="FACTUAL" polarity="POS" type="TREATMENT" />
<EVENT id="E70" start="1065" end="1070" text="Ancef" modality="FACTUAL" polarity="POS" type="TREATMENT" />
<EVENT id="E71" start="292" end="304" text="transfusions" modality="FACTUAL" polarity="POS" type="TREATMENT" />
<EVENT id="E72" start="684" end="706" text="increased transfusions" modality="FACTUAL" polarity="POS" type="TREATMENT" />
<EVENT id="E73" start="311" end="331" text="low dose hydroxyurea" modality="FACTUAL" polarity="POS" type="TREATMENT" />
<EVENT id="E74" start="2607" end="2631" text="a low dose Morphine drip" modality="FACTUAL" polarity="POS" type="TREATMENT" />
<EVENT id="E75" start="2787" end="2804" text="low dose Morphine" modality="FACTUAL" polarity="POS" type="TREATMENT" />
<EVENT id="E76" start="2436" end="2452" text="his chemotherapy" modality="FACTUAL" polarity="POS" type="TREATMENT" />
<EVENT id="E77" start="2457" end="2466" text="treatment" modality="FACTUAL" polarity="POS" type="TREATMENT" />
<EVENT id="E78" start="2158" end="2169" text="Allopurinol" modality="FACTUAL" polarity="POS" type="TREATMENT" />
<EVENT id="E79" start="2249" end="2263" text="his Gentamicin" modality="FACTUAL" polarity="POS" type="TREATMENT" />
<EVENT id="E80" start="2097" end="2114" text="intravenous fluid" modality="FACTUAL" polarity="POS" type="TREATMENT" />
<EVENT id="E81" start="2121" end="2131" text="his hydrea" modality="FACTUAL" polarity="POS" type="TREATMENT" />
<EVENT id="E82" start="1802" end="1815" text="6-Thioguanine" modality="FACTUAL" polarity="POS" type="TREATMENT" />
<EVENT id="E83" start="2012" end="2033" text="platelet transfusions" modality="FACTUAL" polarity="POS" type="TREATMENT" />
<EVENT id="E84" start="1745" end="1757" text="chemotherapy" modality="FACTUAL" polarity="POS" type="TREATMENT" />
<EVENT id="E85" start="1763" end="1797" text="subcutaneous Cystosine Arabinoside" modality="FACTUAL" polarity="POS" type="TREATMENT" />
<TIMEX3 id="T1" start="18" end="25" text="2/15/94" type="DATE" val="1994-02-15" mod="NA" />
<TIMEX3 id="T2" start="43" end="50" text="2/28/94" type="DATE" val="1994-02-28" mod="NA" />
<TIMEX3 id="T3" start="180" end="193" text="November 1993" type="DATE" val="1993-11" mod="NA" />
<TIMEX3 id="T4" start="234" end="237" text="Sun" type="DATE" val="NONE" mod="NA" />
<TIMEX3 id="T5" start="473" end="486" text="December 1994" type="DATE" val="1994-12" mod="NA" />
<TIMEX3 id="T6" start="512" end="524" text="a few months" type="DURATION" val="P3M" mod="APPROX" />
<TIMEX3 id="T7" start="827" end="831" text="2/15" type="DATE" val="1994-02-15" mod="NA" />
<TIMEX3 id="T8" start="1014" end="1031" text="the next few days" type="DURATION" val="P3D" mod="APPROX" />
<TIMEX3 id="T9" start="2316" end="2324" text="the days" type="DURATION" val="P3D" mod="APPROX" />
<TIMEX3 id="T10" start="2832" end="2839" text="2/28/94" type="DATE" val="1994-02-28" mod="NA" />
</TAGS>
</ClinicalNarrativeTemporalAnnotation>