<?xml version="1.0" encoding="UTF-8" ?>
<ClinicalNarrativeTemporalAnnotation>
<TEXT><![CDATA[
Admission Date :
2014-11-13
Discharge Date :
2014-12-05
Service :
Neonatology
HISTORY :
Baby Boy Timberlake was born to a 25 - year-old G-8 , P-4 to 5 mom with Julie type B positive , antibody negative , hepatitis B surface antigen negative , rubella immune , RPR nonreactive , GBS positive with a history of infrequent prenatal care since 28 weeks time and preterm labor .
Mother had a history of anxiety and asthma as well as moderate cigarette smoking .
The baby was delivered through normal spontaneous vaginal delivery with brief blow by with Apgars of 8 and 9 .
Father of baby not involved at this time .
The patient 's pediatrician is Wellesley House and is Dr . Shaw .
The patient has many siblings , all of which are girls .
HOSPITAL COURSE :
By systems :
Respiratory .
After receiving brief blow by oxygen in the delivery room , the patient had no further episodes of ventilatory assistance required with good respiratory rate consistently .
The patient was never placed on caffeine .
He is stable in room air at this time .
Cardiovascular .
No active issues .
No history of hypotension .
On no medications at this time .
Notably with respect to apnea and bradycardia of prematurity , the patient has reached 5 days without significant apneic or bradycardic spells as of the time of discharge .
Fluids , electrolytes and nutrition .
The patient reached full volume feeds by day of life 6 and had calories increased to maximum of 26 kilocalories per ounce of Similac special care until 2014-12-03 , at which point this was weaned to 24 kilocalories per ounce of straight Similac .
This is the baby 's discharge feedings and he is p.o. ad lib with a minimum of 130 ml/kg/day , the patient has taken on an average greater than 150 ml/kg/day ad lib over each of the past 5 days .
GI .
The patient with peak bilirubin of 6.5 on day of life 3 .
No phototherapy was required .
Hematology / Infectious Disease .
The patient 's hematocrit at delivery was 48 , with a white count of 11.2 and platelets of 301,000 .
Initial differential was 35 polys and zero bands , not suspicious for infectious condition .
The patient was initially treated with 48 hours of ampicillin and gentamicin until blood cultures were negative .
The infant has had no antibiotics since that time .
Neurology .
No issues .
Sensory .
Hearing screen was performed with automated auditory brainstem responses and was normal on 2014-11-24 .
Ophthalmology .
The patient did not qualify for routine ophthalmology exams due to his gestational age at birth .
]]></TEXT>
<TAGS>
<EVENT id="E1" start="820" end="837" text="the delivery room" modality="FACTUAL" polarity="POS" type="CLINICAL_DEPT" />
<EVENT id="E2" start="1533" end="1539" text="weaned" modality="FACTUAL" polarity="POS" type="OCCURRENCE" />
<EVENT id="E3" start="1416" end="1425" text="increased" modality="FACTUAL" polarity="POS" type="OCCURRENCE" />
<EVENT id="E4" start="1369" end="1375" text="volume" modality="FACTUAL" polarity="POS" type="OCCURRENCE" />
<EVENT id="E5" start="1294" end="1303" text="discharge" modality="FACTUAL" polarity="POS" type="OCCURRENCE" />
<EVENT id="E6" start="1056" end="1062" text="active" modality="FACTUAL" polarity="POS" type="OCCURRENCE" />
<EVENT id="E7" start="1002" end="1008" text="stable" modality="FACTUAL" polarity="POS" type="OCCURRENCE" />
<EVENT id="E8" start="916" end="937" text="good respiratory rate" modality="FACTUAL" polarity="POS" type="OCCURRENCE" />
<EVENT id="E9" start="694" end="707" text="many siblings" modality="FACTUAL" polarity="POS" type="OCCURRENCE" />
<EVENT id="E10" start="653" end="658" text="House" modality="FACTUAL" polarity="POS" type="OCCURRENCE" />
<EVENT id="E11" start="489" end="524" text="normal spontaneous vaginal delivery" modality="FACTUAL" polarity="POS" type="OCCURRENCE" />
<EVENT id="E12" start="471" end="480" text="delivered" modality="FACTUAL" polarity="POS" type="OCCURRENCE" />
<EVENT id="E13" start="438" end="455" text="cigarette smoking" modality="FACTUAL" polarity="POS" type="OCCURRENCE" />
<EVENT id="E14" start="321" end="329" text="prenatal" modality="FACTUAL" polarity="POS" type="OCCURRENCE" />
<EVENT id="E15" start="113" end="117" text="born" modality="FACTUAL" polarity="POS" type="OCCURRENCE" />
<EVENT id="E16" start="29" end="38" text="Discharge" modality="FACTUAL" polarity="POS" type="OCCURRENCE" />
<EVENT id="E17" start="1" end="10" text="Admission" modality="FACTUAL" polarity="POS" type="OCCURRENCE" />
<EVENT id="E18" start="1944" end="1952" text="delivery" modality="FACTUAL" polarity="POS" type="OCCURRENCE" />
<EVENT id="E19" start="1611" end="1620" text="discharge" modality="FACTUAL" polarity="POS" type="OCCURRENCE" />
<EVENT id="E20" start="2512" end="2515" text="age" modality="FACTUAL" polarity="POS" type="OCCURRENCE" />
<EVENT id="E21" start="2519" end="2524" text="birth" modality="FACTUAL" polarity="POS" type="OCCURRENCE" />
<EVENT id="E22" start="2086" end="2106" text="infectious condition" modality="FACTUAL" polarity="POS" type="PROBLEM" />
<EVENT id="E23" start="1182" end="1193" text="prematurity" modality="FACTUAL" polarity="POS" type="PROBLEM" />
<EVENT id="E24" start="1235" end="1275" text="significant apneic or bradycardic spells" modality="FACTUAL" polarity="POS" type="PROBLEM" />
<EVENT id="E25" start="1157" end="1162" text="apnea" modality="FACTUAL" polarity="POS" type="PROBLEM" />
<EVENT id="E26" start="1167" end="1178" text="bradycardia" modality="FACTUAL" polarity="POS" type="PROBLEM" />
<EVENT id="E27" start="411" end="417" text="asthma" modality="FACTUAL" polarity="POS" type="PROBLEM" />
<EVENT id="E28" start="1086" end="1097" text="hypotension" modality="FACTUAL" polarity="POS" type="PROBLEM" />
<EVENT id="E29" start="359" end="372" text="preterm labor" modality="FACTUAL" polarity="POS" type="PROBLEM" />
<EVENT id="E30" start="399" end="406" text="anxiety" modality="FACTUAL" polarity="POS" type="PROBLEM" />
<EVENT id="E31" start="279" end="291" text="GBS positive" modality="FACTUAL" polarity="POS" type="PROBLEM" />
<EVENT id="E32" start="261" end="264" text="RPR" modality="FACTUAL" polarity="POS" type="TEST" />
<EVENT id="E33" start="549" end="555" text="Apgars" modality="FACTUAL" polarity="POS" type="TEST" />
<EVENT id="E34" start="205" end="232" text="hepatitis B surface antigen" modality="FACTUAL" polarity="POS" type="TEST" />
<EVENT id="E35" start="244" end="251" text="rubella" modality="FACTUAL" polarity="POS" type="TEST" />
<EVENT id="E36" start="185" end="193" text="antibody" modality="FACTUAL" polarity="POS" type="TEST" />
<EVENT id="E37" start="2461" end="2488" text="routine ophthalmology exams" modality="FACTUAL" polarity="POS" type="TEST" />
<EVENT id="E38" start="2343" end="2381" text="automated auditory brainstem responses" modality="FACTUAL" polarity="POS" type="TEST" />
<EVENT id="E39" start="2309" end="2323" text="Hearing screen" modality="FACTUAL" polarity="POS" type="TEST" />
<EVENT id="E40" start="2192" end="2206" text="blood cultures" modality="FACTUAL" polarity="POS" type="TEST" />
<EVENT id="E41" start="2054" end="2064" text="zero bands" modality="FACTUAL" polarity="POS" type="TEST" />
<EVENT id="E42" start="2041" end="2049" text="35 polys" modality="FACTUAL" polarity="POS" type="TEST" />
<EVENT id="E43" start="2016" end="2036" text="Initial differential" modality="FACTUAL" polarity="POS" type="TEST" />
<EVENT id="E44" start="1993" end="2002" text="platelets" modality="FACTUAL" polarity="POS" type="TEST" />
<EVENT id="E45" start="1967" end="1980" text="a white count" modality="FACTUAL" polarity="POS" type="TEST" />
<EVENT id="E46" start="1915" end="1940" text="The patient 's hematocrit" modality="FACTUAL" polarity="POS" type="TEST" />
<EVENT id="E47" start="1809" end="1823" text="peak bilirubin" modality="FACTUAL" polarity="POS" type="TEST" />
<EVENT id="E48" start="2160" end="2170" text="ampicillin" modality="FACTUAL" polarity="POS" type="TREATMENT" />
<EVENT id="E49" start="2175" end="2185" text="gentamicin" modality="FACTUAL" polarity="POS" type="TREATMENT" />
<EVENT id="E50" start="1572" end="1588" text="straight Similac" modality="FACTUAL" polarity="POS" type="TREATMENT" />
<EVENT id="E51" start="1853" end="1865" text="phototherapy" modality="FACTUAL" polarity="POS" type="TREATMENT" />
<EVENT id="E52" start="1106" end="1117" text="medications" modality="FACTUAL" polarity="POS" type="TREATMENT" />
<EVENT id="E53" start="1469" end="1489" text="Similac special care" modality="FACTUAL" polarity="POS" type="TREATMENT" />
<EVENT id="E54" start="879" end="901" text="ventilatory assistance" modality="FACTUAL" polarity="POS" type="TREATMENT" />
<EVENT id="E55" start="985" end="993" text="caffeine" modality="FACTUAL" polarity="POS" type="TREATMENT" />
<EVENT id="E56" start="530" end="543" text="brief blow by" modality="FACTUAL" polarity="POS" type="TREATMENT" />
<EVENT id="E57" start="796" end="816" text="brief blow by oxygen" modality="FACTUAL" polarity="POS" type="TREATMENT" />
<EVENT id="E58" start="2245" end="2256" text="antibiotics" modality="FACTUAL" polarity="POS" type="TREATMENT" />
<TIMEX3 id="T1" start="18" end="28" text="2014-11-13" type="DATE" val="2014-11-13" mod="NA" />
<TIMEX3 id="T2" start="46" end="56" text="2014-12-05" type="DATE" val="2014-12-05" mod="NA" />
<TIMEX3 id="T3" start="341" end="349" text="28 weeks" type="DURATION" val="P28W" mod="NA" />
<TIMEX3 id="T4" start="600" end="609" text="this time" type="DATE" val="2014-11-13" mod="NA" />
<TIMEX3 id="T5" start="1024" end="1033" text="this time" type="DATE" val="2014-11-13" mod="NA" />
<TIMEX3 id="T6" start="1121" end="1130" text="this time" type="DATE" val="2014-11-13" mod="NA" />
<TIMEX3 id="T7" start="1220" end="1226" text="5 days" type="DURATION" val="P5D" mod="NA" />
<TIMEX3 id="T9" start="1385" end="1398" text="day of life 6" type="DATE" val="2014-11-18" mod="NA" />
<TIMEX3 id="T10" start="1496" end="1506" text="2014-12-03" type="DATE" val="2014-12-03" mod="NA" />
<TIMEX3 id="T11" start="1749" end="1755" text="ad lib" type="FREQUENCY" val="R" mod="NA" />
<TIMEX3 id="T12" start="1769" end="1784" text="the past 5 days" type="DURATION" val="P5D" mod="NA" />
<TIMEX3 id="T13" start="1834" end="1847" text="day of life 3" type="DATE" val="2014-11-15" mod="NA" />
<TIMEX3 id="T14" start="2148" end="2156" text="48 hours" type="DURATION" val="PT48H" mod="NA" />
<TIMEX3 id="T16" start="2400" end="2410" text="2014-11-24" type="DATE" val="2014-11-24" mod="NA" />
</TAGS>
</ClinicalNarrativeTemporalAnnotation>