<?xml version="1.0" encoding="UTF-8" ?>
<ClinicalNarrativeTemporalAnnotation>
<TEXT><![CDATA[
Admission Date :
2015-06-29
Discharge Date :
2015-07-09
Service :
MEDICINE
History of Present Illness :
74 yo M with lung cancer DVT who presents with 1 day of substernal chest pain .
Patient developed chest pain the night prior to admission .
The pain was substernal 07-08 , did not radiate .
He reports that the pain was similar to his prior MI .
The patient had shortness of breath .
In the Amanda the patients pain resolved with NTG and morphine .
he was given ASA and bblocker .
At time of my evaluation , the patient denied nausea , vomitting , abdominal pain , dysuria , dizziness , changes in vision /hearing
Brief Hospital Course :
A/P 74 yo M with lung cancer , DVT , CAD s/p MI presents with chest pain shortness of breath .
# Chest Pain / Ischemia - Patient with history of CAD a/p MI .
Now with an episode of pain consistent with his anginal equivalent .
No changes on EKG but not in pain at time of EKG .
Patient was ruled out by enzymes .
He also had a stress test which revealed an irreversible deficit from his prior known IMI .
Continued on asa , bblocker , Hicks , statin , plavix .
BP meds held while was unstable .
ASA , plavix held during hemothorax .
# CHF - patient does not seem volume overloaded at this time .
He has no JVD , no edema in legs ( other than swelling from DVT ) .
Last Echo with EF 55% .
Does have increased effusion although loculated .
Continued on lasix , bblocker Robertson .
BP meds held while unstable .
# Afib - In sinus during admission .
Patients anticoag held during hemothorax .
# Shortness of Breath / loculated Effusion - patient with increaing loculated pleural effusion .
Has chronic shortness of breath which has worsened over the past few days .
No sign of infeciton at this time .
Had thoracentesis by interventional pumonology on 2015-07-01 revealing almost 2 L of serous exudative fluid .
Patient had improved breathing .
Cytology was negative .
However on 07-02 Hct dropped .
CT revealed hemothorax .
All anticoagulation stopped despite the risk of DVT , afib .
Risk discussed with family .
Thoracics consulted and chest tube placed .
Frank blood was taken out .
Patient continued to bleed in and around the tube .
Patient sent to CMED for observation after Hct continued to drop .
Patient spontaneously stablized and output of CT became more serous .
Output resent for cytology which was pending at time of discharge .
When output became < 100 cc the tube was removed .
Patient follwed with serial CXR that did not demonstrate reaccumulation .
Hct also remained stable .
# DVT - patient therapeutic on heparin .
Improving clots on LENI .
CTA neg for PE .
Anticoagulaiton held during hemothorax .
Patient restarted on coumadin and will be discharged on 3mg coumadin qday .
# Lung Cancer - patient currently with no evidence of disease .
s/p neoadjuvant chemo/XRT now s/p surgery .
1st cytology negative .
2ng cytology pending .
WIll follow up tih outpatient oncologist .
Contacts - son 506-1596
]]></TEXT>
<TAGS>
<EVENT id="E1" start="2194" end="2198" text="CMED" modality="FACTUAL" polarity="POS" type="CLINICAL_DEPT" />
<EVENT id="E2" start="391" end="401" text="the Amanda" modality="FACTUAL" polarity="POS" type="CLINICAL_DEPT" />
<EVENT id="E3" start="2054" end="2063" text="Thoracics" modality="FACTUAL" polarity="POS" type="CLINICAL_DEPT" />
<EVENT id="E4" start="1942" end="1950" text="revealed" modality="FACTUAL" polarity="POS" type="EVIDENTIAL" />
<EVENT id="E5" start="298" end="305" text="reports" modality="FACTUAL" polarity="POS" type="EVIDENTIAL" />
<EVENT id="E6" start="524" end="530" text="denied" modality="FACTUAL" polarity="POS" type="EVIDENTIAL" />
<EVENT id="E7" start="690" end="698" text="presents" modality="FACTUAL" polarity="POS" type="EVIDENTIAL" />
<EVENT id="E8" start="987" end="995" text="revealed" modality="FACTUAL" polarity="POS" type="EVIDENTIAL" />
<EVENT id="E9" start="138" end="146" text="presents" modality="FACTUAL" polarity="POS" type="EVIDENTIAL" />
<EVENT id="E10" start="2186" end="2190" text="sent" modality="FACTUAL" polarity="POS" type="OCCURRENCE" />
<EVENT id="E11" start="2114" end="2119" text="taken" modality="FACTUAL" polarity="POS" type="OCCURRENCE" />
<EVENT id="E12" start="2267" end="2276" text="stablized" modality="FACTUAL" polarity="POS" type="OCCURRENCE" />
<EVENT id="E13" start="2238" end="2242" text="drop" modality="FACTUAL" polarity="POS" type="OCCURRENCE" />
<EVENT id="E14" start="1671" end="1679" text="worsened" modality="FACTUAL" polarity="POS" type="OCCURRENCE" />
<EVENT id="E15" start="1507" end="1511" text="held" modality="FACTUAL" polarity="POS" type="OCCURRENCE" />
<EVENT id="E16" start="2064" end="2073" text="consulted" modality="FACTUAL" polarity="POS" type="OCCURRENCE" />
<EVENT id="E17" start="1863" end="1881" text="improved breathing" modality="FACTUAL" polarity="POS" type="OCCURRENCE" />
<EVENT id="E18" start="690" end="698" text="presents" modality="FACTUAL" polarity="POS" type="OCCURRENCE" />
<EVENT id="E19" start="233" end="242" text="admission" modality="FACTUAL" polarity="POS" type="OCCURRENCE" />
<EVENT id="E20" start="1477" end="1486" text="admission" modality="FACTUAL" polarity="POS" type="OCCURRENCE" />
<EVENT id="E21" start="872" end="879" text="changes" modality="FACTUAL" polarity="POS" type="OCCURRENCE" />
<EVENT id="E22" start="1" end="10" text="Admission" modality="FACTUAL" polarity="POS" type="OCCURRENCE" />
<EVENT id="E23" start="138" end="146" text="presents" modality="FACTUAL" polarity="POS" type="OCCURRENCE" />
<EVENT id="E24" start="29" end="38" text="Discharge" modality="FACTUAL" polarity="POS" type="OCCURRENCE" />
<EVENT id="E25" start="2702" end="2712" text="discharged" modality="FACTUAL" polarity="POS" type="OCCURRENCE" />
<EVENT id="E26" start="2517" end="2532" text="remained stable" modality="FACTUAL" polarity="POS" type="OCCURRENCE" />
<EVENT id="E27" start="2371" end="2380" text="discharge" modality="FACTUAL" polarity="POS" type="OCCURRENCE" />
<EVENT id="E28" start="2301" end="2305" text="more" modality="FACTUAL" polarity="POS" type="OCCURRENCE" />
<EVENT id="E29" start="2134" end="2143" text="continued" modality="FACTUAL" polarity="POS" type="OCCURRENCE" />
<EVENT id="E30" start="1380" end="1389" text="Continued" modality="FACTUAL" polarity="POS" type="OCCURRENCE" />
<EVENT id="E31" start="1047" end="1056" text="Continued" modality="FACTUAL" polarity="POS" type="OCCURRENCE" />
<EVENT id="E32" start="2896" end="2905" text="follow up" modality="FACTUAL" polarity="POS" type="OCCURRENCE" />
<EVENT id="E33" start="2225" end="2234" text="continued" modality="FACTUAL" polarity="POS" type="OCCURRENCE" />
<EVENT id="E34" start="391" end="419" text="the Amanda the patients pain" modality="FACTUAL" polarity="POS" type="PROBLEM" />
<EVENT id="E35" start="2790" end="2797" text="disease" modality="FACTUAL" polarity="POS" type="PROBLEM" />
<EVENT id="E36" start="245" end="253" text="The pain" modality="FACTUAL" polarity="POS" type="PROBLEM" />
<EVENT id="E37" start="311" end="319" text="the pain" modality="FACTUAL" polarity="POS" type="PROBLEM" />
<EVENT id="E38" start="161" end="182" text="substernal chest pain" modality="FACTUAL" polarity="POS" type="PROBLEM" />
<EVENT id="E39" start="203" end="213" text="chest pain" modality="FACTUAL" polarity="POS" type="PROBLEM" />
<EVENT id="E40" start="531" end="537" text="nausea" modality="FACTUAL" polarity="POS" type="PROBLEM" />
<EVENT id="E41" start="335" end="347" text="his prior MI" modality="FACTUAL" polarity="POS" type="PROBLEM" />
<EVENT id="E42" start="366" end="385" text="shortness of breath" modality="FACTUAL" polarity="POS" type="PROBLEM" />
<EVENT id="E43" start="569" end="576" text="dysuria" modality="FACTUAL" polarity="POS" type="PROBLEM" />
<EVENT id="E44" start="579" end="588" text="dizziness" modality="FACTUAL" polarity="POS" type="PROBLEM" />
<EVENT id="E45" start="540" end="549" text="vomitting" modality="FACTUAL" polarity="POS" type="PROBLEM" />
<EVENT id="E46" start="552" end="566" text="abdominal pain" modality="FACTUAL" polarity="POS" type="PROBLEM" />
<EVENT id="E47" start="673" end="676" text="DVT" modality="FACTUAL" polarity="POS" type="PROBLEM" />
<EVENT id="E48" start="679" end="682" text="CAD" modality="FACTUAL" polarity="POS" type="PROBLEM" />
<EVENT id="E49" start="591" end="617" text="changes in vision /hearing" modality="FACTUAL" polarity="POS" type="PROBLEM" />
<EVENT id="E50" start="659" end="670" text="lung cancer" modality="FACTUAL" polarity="POS" type="PROBLEM" />
<EVENT id="E51" start="118" end="133" text="lung cancer DVT" modality="FACTUAL" polarity="POS" type="PROBLEM" />
<EVENT id="E52" start="1340" end="1377" text="increased effusion although loculated" modality="FACTUAL" polarity="POS" type="PROBLEM" />
<EVENT id="E53" start="1454" end="1458" text="Afib" modality="FACTUAL" polarity="POS" type="PROBLEM" />
<EVENT id="E54" start="1464" end="1469" text="sinus" modality="FACTUAL" polarity="POS" type="PROBLEM" />
<EVENT id="E55" start="1534" end="1553" text="Shortness of Breath" modality="FACTUAL" polarity="POS" type="PROBLEM" />
<EVENT id="E56" start="1556" end="1574" text="loculated Effusion" modality="FACTUAL" polarity="POS" type="PROBLEM" />
<EVENT id="E57" start="1590" end="1626" text="increaing loculated pleural effusion" modality="FACTUAL" polarity="POS" type="PROBLEM" />
<EVENT id="E58" start="1633" end="1660" text="chronic shortness of breath" modality="FACTUAL" polarity="POS" type="PROBLEM" />
<EVENT id="E59" start="1716" end="1725" text="infeciton" modality="FACTUAL" polarity="POS" type="PROBLEM" />
<EVENT id="E60" start="1826" end="1848" text="serous exudative fluid" modality="FACTUAL" polarity="POS" type="PROBLEM" />
<EVENT id="E61" start="1951" end="1961" text="hemothorax" modality="FACTUAL" polarity="POS" type="PROBLEM" />
<EVENT id="E62" start="2012" end="2015" text="DVT" modality="FACTUAL" polarity="POS" type="PROBLEM" />
<EVENT id="E63" start="2018" end="2022" text="afib" modality="FACTUAL" polarity="POS" type="PROBLEM" />
<EVENT id="E64" start="2537" end="2540" text="DVT" modality="FACTUAL" polarity="POS" type="PROBLEM" />
<EVENT id="E65" start="2576" end="2591" text="Improving clots" modality="FACTUAL" polarity="POS" type="PROBLEM" />
<EVENT id="E66" start="2614" end="2616" text="PE" modality="FACTUAL" polarity="POS" type="PROBLEM" />
<EVENT id="E67" start="2738" end="2749" text="Lung Cancer" modality="FACTUAL" polarity="POS" type="PROBLEM" />
<EVENT id="E68" start="704" end="734" text="chest pain shortness of breath" modality="FACTUAL" polarity="POS" type="PROBLEM" />
<EVENT id="E69" start="687" end="689" text="MI" modality="FACTUAL" polarity="POS" type="PROBLEM" />
<EVENT id="E70" start="787" end="790" text="CAD" modality="FACTUAL" polarity="POS" type="PROBLEM" />
<EVENT id="E71" start="739" end="749" text="Chest Pain" modality="FACTUAL" polarity="POS" type="PROBLEM" />
<EVENT id="E72" start="823" end="827" text="pain" modality="FACTUAL" polarity="POS" type="PROBLEM" />
<EVENT id="E73" start="795" end="797" text="MI" modality="FACTUAL" polarity="POS" type="PROBLEM" />
<EVENT id="E74" start="898" end="902" text="pain" modality="FACTUAL" polarity="POS" type="PROBLEM" />
<EVENT id="E75" start="844" end="866" text="his anginal equivalent" modality="FACTUAL" polarity="POS" type="PROBLEM" />
<EVENT id="E76" start="996" end="1019" text="an irreversible deficit" modality="FACTUAL" polarity="POS" type="PROBLEM" />
<EVENT id="E77" start="1205" end="1222" text="volume overloaded" modality="FACTUAL" polarity="POS" type="PROBLEM" />
<EVENT id="E78" start="1177" end="1180" text="CHF" modality="FACTUAL" polarity="POS" type="PROBLEM" />
<EVENT id="E79" start="1257" end="1270" text="edema in legs" modality="FACTUAL" polarity="POS" type="PROBLEM" />
<EVENT id="E80" start="1248" end="1251" text="JVD" modality="FACTUAL" polarity="POS" type="PROBLEM" />
<EVENT id="E81" start="1298" end="1301" text="DVT" modality="FACTUAL" polarity="POS" type="PROBLEM" />
<EVENT id="E82" start="1284" end="1292" text="swelling" modality="FACTUAL" polarity="POS" type="PROBLEM" />
<EVENT id="E83" start="2844" end="2856" text="1st cytology" modality="FACTUAL" polarity="POS" type="TEST" />
<EVENT id="E84" start="2508" end="2511" text="Hct" modality="FACTUAL" polarity="POS" type="TEST" />
<EVENT id="E85" start="2872" end="2880" text="cytology" modality="FACTUAL" polarity="POS" type="TEST" />
<EVENT id="E86" start="2291" end="2293" text="CT" modality="FACTUAL" polarity="POS" type="TEST" />
<EVENT id="E87" start="1939" end="1941" text="CT" modality="FACTUAL" polarity="POS" type="TEST" />
<EVENT id="E88" start="2462" end="2465" text="CXR" modality="FACTUAL" polarity="POS" type="TEST" />
<EVENT id="E89" start="2315" end="2321" text="Output" modality="FACTUAL" polarity="POS" type="TEST" />
<EVENT id="E90" start="1422" end="1424" text="BP" modality="FACTUAL" polarity="POS" type="TEST" />
<EVENT id="E91" start="1321" end="1323" text="EF" modality="FACTUAL" polarity="POS" type="TEST" />
<EVENT id="E92" start="1925" end="1928" text="Hct" modality="FACTUAL" polarity="POS" type="TEST" />
<EVENT id="E93" start="1884" end="1892" text="Cytology" modality="FACTUAL" polarity="POS" type="TEST" />
<EVENT id="E94" start="967" end="980" text="a stress test" modality="FACTUAL" polarity="POS" type="TEST" />
<EVENT id="E95" start="914" end="917" text="EKG" modality="FACTUAL" polarity="POS" type="TEST" />
<EVENT id="E96" start="1311" end="1315" text="Echo" modality="FACTUAL" polarity="POS" type="TEST" />
<EVENT id="E97" start="1103" end="1105" text="BP" modality="FACTUAL" polarity="POS" type="TEST" />
<EVENT id="E98" start="496" end="509" text="my evaluation" modality="FACTUAL" polarity="POS" type="TEST" />
<EVENT id="E99" start="642" end="645" text="A/P" modality="FACTUAL" polarity="POS" type="TEST" />
<EVENT id="E100" start="1085" end="1091" text="statin" modality="FACTUAL" polarity="POS" type="TREATMENT" />
<EVENT id="E101" start="1077" end="1082" text="Hicks" modality="FACTUAL" polarity="POS" type="TREATMENT" />
<EVENT id="E102" start="1103" end="1110" text="BP meds" modality="FACTUAL" polarity="POS" type="TREATMENT" />
<EVENT id="E103" start="1094" end="1100" text="plavix" modality="FACTUAL" polarity="POS" type="TREATMENT" />
<EVENT id="E104" start="474" end="482" text="bblocker" modality="FACTUAL" polarity="POS" type="TREATMENT" />
<EVENT id="E105" start="466" end="469" text="ASA" modality="FACTUAL" polarity="POS" type="TREATMENT" />
<EVENT id="E106" start="1066" end="1074" text="bblocker" modality="FACTUAL" polarity="POS" type="TREATMENT" />
<EVENT id="E107" start="1060" end="1063" text="asa" modality="FACTUAL" polarity="POS" type="TREATMENT" />
<EVENT id="E108" start="442" end="450" text="morphine" modality="FACTUAL" polarity="POS" type="TREATMENT" />
<EVENT id="E109" start="434" end="437" text="NTG" modality="FACTUAL" polarity="POS" type="TREATMENT" />
<EVENT id="E110" start="1401" end="1409" text="bblocker" modality="FACTUAL" polarity="POS" type="TREATMENT" />
<EVENT id="E111" start="1393" end="1398" text="lasix" modality="FACTUAL" polarity="POS" type="TREATMENT" />
<EVENT id="E112" start="1143" end="1149" text="plavix" modality="FACTUAL" polarity="POS" type="TREATMENT" />
<EVENT id="E113" start="1137" end="1140" text="ASA" modality="FACTUAL" polarity="POS" type="TREATMENT" />
<EVENT id="E114" start="2078" end="2088" text="chest tube" modality="FACTUAL" polarity="POS" type="TREATMENT" />
<EVENT id="E115" start="1968" end="1983" text="anticoagulation" modality="FACTUAL" polarity="POS" type="TREATMENT" />
<EVENT id="E116" start="1745" end="1758" text="thoracentesis" modality="FACTUAL" polarity="POS" type="TREATMENT" />
<EVENT id="E117" start="1422" end="1429" text="BP meds" modality="FACTUAL" polarity="POS" type="TREATMENT" />
<EVENT id="E118" start="2681" end="2689" text="coumadin" modality="FACTUAL" polarity="POS" type="TREATMENT" />
<EVENT id="E119" start="2566" end="2573" text="heparin" modality="FACTUAL" polarity="POS" type="TREATMENT" />
<EVENT id="E120" start="2408" end="2419" text="cc the tube" modality="FACTUAL" polarity="POS" type="TREATMENT" />
<EVENT id="E121" start="2167" end="2175" text="the tube" modality="FACTUAL" polarity="POS" type="TREATMENT" />
<EVENT id="E122" start="2834" end="2841" text="surgery" modality="FACTUAL" polarity="POS" type="TREATMENT" />
<EVENT id="E123" start="2804" end="2825" text="neoadjuvant chemo/XRT" modality="FACTUAL" polarity="POS" type="TREATMENT" />
<EVENT id="E124" start="2720" end="2728" text="coumadin" modality="FACTUAL" polarity="POS" type="TREATMENT" />
<TIMEX3 id="T1" start="18" end="28" text="2015-06-29" type="DATE" val="2015-06-29" mod="NA" />
<TIMEX3 id="T2" start="46" end="56" text="2015-07-09" type="DATE" val="2015-07-09" mod="NA" />
<TIMEX3 id="T3" start="152" end="157" text="1 day" type="DURATION" val="P1D" mod="NA" />
<TIMEX3 id="T4" start="214" end="223" text="the night" type="DATE" val="2015-06-29" mod="END" />
<TIMEX3 id="T5" start="269" end="274" text="07-08" type="DATE" val="2015-07-08" mod="NA" />
<TIMEX3 id="T6" start="1226" end="1235" text="this time" type="DATE" val="2015-06-29" mod="NA" />
<TIMEX3 id="T7" start="1685" end="1702" text="the past few days" type="DURATION" val="P3D" mod="APPROX" />
<TIMEX3 id="T8" start="1729" end="1738" text="this time" type="DATE" val="2015-06-29" mod="NA" />
<TIMEX3 id="T9" start="1791" end="1801" text="2015-07-01" type="DATE" val="2015-07-01" mod="NA" />
<TIMEX3 id="T10" start="1919" end="1924" text="07-02" type="DATE" val="2015-07-02" mod="NA" />
</TAGS>
</ClinicalNarrativeTemporalAnnotation>