<?xml version="1.0" encoding="UTF-8" ?>
<ClinicalNarrativeTemporalAnnotation>
<TEXT><![CDATA[
Admission Date :
01/22/2005
Discharge Date :
01/24/2005
Service :
GGI
OPERATIONS AND PROCEDURES :
OTHER TREATMENTS / PROCEDURES ( NOT IN O.R. )
MRI HIDA CT
BRIEF RESUME OF HOSPITAL COURSE :
The pt is a 55yo F s / p Roux en Y GBP in 12/20 presenting to the ED this AM c / o mod severe midepigastric pain .
She notes that she has had this pain since Thursday , and that it becomes much worse within 15 min of consuming a meal .
She has also had intermittent post-prandial nausea / satiety for which she had been scheduled for an outpt EGD with GI on 2/8 .
She describes the pain as band-like / radiating to both sides but not the back .
Her pain currently is 5/10 .
ROS ( - ) emesis / BRBPR/melena / fever/chills / sob .
Pt was seen by GI on 13 EGD was performed HD2 which was negative for gastritis , stricture or ulcer .
Pt was found to be H. Pylori positive and therefore was started on empiric treatment .
Afferent limb of the roux en y anastamosis was visualized however the efferent limb could not be explored .
Pt had HIDA scan which was negative for obstruction , and CT was unremarkable .
Pt was tolerating regular diet by HD4 , and GI felt that further workup could be continued as an outpatient .
Pt was therefore discharged home in stable condition , voiding , ambulating and eating without difficulty .
Plans to follow up with outpatient MRA to rule out ischemic causes of post prandial pain , as well as HIDA with CK challenge to evaluate for biliary dyskinesia without stasis .
Pt will finish course of H. pylori treatment as well .
ADDITIONAL COMMENTS :
If fevers , chills , nausea , vomiting , diarrhea , increasing pain with food please call Dr. Gaetzfreierm &apos;s office or PCP .
If severe , then proceed to ER for evaluation .
Will need to call for outpatient MRA and HIDA with CCK challenge to evaluate biliary system and mesenteric vasculature .
Please continue taking the antibiotics for H. Pylori for full course ( 26 more days ) .
]]></TEXT>
<TAGS>
<EVENT id="E1" start="1728" end="1730" text="ER" modality="FACTUAL" polarity="POS" type="CLINICAL_DEPT" />
<EVENT id="E2" start="310" end="315" text="notes" modality="FACTUAL" polarity="POS" type="EVIDENTIAL" />
<EVENT id="E3" start="559" end="568" text="describes" modality="FACTUAL" polarity="POS" type="EVIDENTIAL" />
<EVENT id="E4" start="1" end="10" text="Admission" modality="FACTUAL" polarity="POS" type="OCCURRENCE" />
<EVENT id="E5" start="1178" end="1187" text="continued" modality="FACTUAL" polarity="POS" type="OCCURRENCE" />
<EVENT id="E6" start="1324" end="1333" text="follow up" modality="FACTUAL" polarity="POS" type="OCCURRENCE" />
<EVENT id="E7" start="1302" end="1312" text="difficulty" modality="FACTUAL" polarity="POS" type="OCCURRENCE" />
<EVENT id="E8" start="1287" end="1293" text="eating" modality="FACTUAL" polarity="POS" type="OCCURRENCE" />
<EVENT id="E9" start="1272" end="1282" text="ambulating" modality="FACTUAL" polarity="POS" type="OCCURRENCE" />
<EVENT id="E10" start="1262" end="1269" text="voiding" modality="FACTUAL" polarity="POS" type="OCCURRENCE" />
<EVENT id="E11" start="1243" end="1259" text="stable condition" modality="FACTUAL" polarity="POS" type="OCCURRENCE" />
<EVENT id="E12" start="1224" end="1234" text="discharged" modality="FACTUAL" polarity="POS" type="OCCURRENCE" />
<EVENT id="E13" start="1104" end="1127" text="tolerating regular diet" modality="FACTUAL" polarity="POS" type="OCCURRENCE" />
<EVENT id="E14" start="511" end="520" text="scheduled" modality="FACTUAL" polarity="POS" type="OCCURRENCE" />
<EVENT id="E15" start="380" end="390" text="much worse" modality="FACTUAL" polarity="POS" type="OCCURRENCE" />
<EVENT id="E16" start="29" end="38" text="Discharge" modality="FACTUAL" polarity="POS" type="OCCURRENCE" />
<EVENT id="E17" start="1825" end="1839" text="biliary system" modality="FACTUAL" polarity="POS" type="PROBLEM" />
<EVENT id="E18" start="1694" end="1697" text="PCP" modality="FACTUAL" polarity="POS" type="PROBLEM" />
<EVENT id="E19" start="1855" end="1866" text="vasculature" modality="FACTUAL" polarity="POS" type="PROBLEM" />
<EVENT id="E20" start="1599" end="1607" text="vomiting" modality="FACTUAL" polarity="POS" type="PROBLEM" />
<EVENT id="E21" start="1590" end="1596" text="nausea" modality="FACTUAL" polarity="POS" type="PROBLEM" />
<EVENT id="E22" start="1621" end="1636" text="increasing pain" modality="FACTUAL" polarity="POS" type="PROBLEM" />
<EVENT id="E23" start="1610" end="1618" text="diarrhea" modality="FACTUAL" polarity="POS" type="PROBLEM" />
<EVENT id="E24" start="1483" end="1489" text="stasis" modality="FACTUAL" polarity="POS" type="PROBLEM" />
<EVENT id="E25" start="1456" end="1474" text="biliary dyskinesia" modality="FACTUAL" polarity="POS" type="PROBLEM" />
<EVENT id="E26" start="1581" end="1587" text="chills" modality="FACTUAL" polarity="POS" type="PROBLEM" />
<EVENT id="E27" start="1572" end="1578" text="fevers" modality="FACTUAL" polarity="POS" type="PROBLEM" />
<EVENT id="E28" start="1057" end="1068" text="obstruction" modality="FACTUAL" polarity="POS" type="PROBLEM" />
<EVENT id="E29" start="841" end="859" text="H. Pylori positive" modality="FACTUAL" polarity="POS" type="PROBLEM" />
<EVENT id="E30" start="1390" end="1403" text="prandial pain" modality="FACTUAL" polarity="POS" type="PROBLEM" />
<EVENT id="E31" start="1366" end="1381" text="ischemic causes" modality="FACTUAL" polarity="POS" type="PROBLEM" />
<EVENT id="E32" start="801" end="810" text="stricture" modality="FACTUAL" polarity="POS" type="PROBLEM" />
<EVENT id="E33" start="814" end="819" text="ulcer" modality="FACTUAL" polarity="POS" type="PROBLEM" />
<EVENT id="E34" start="714" end="717" text="sob" modality="FACTUAL" polarity="POS" type="PROBLEM" />
<EVENT id="E35" start="789" end="798" text="gastritis" modality="FACTUAL" polarity="POS" type="PROBLEM" />
<EVENT id="E36" start="699" end="704" text="fever" modality="FACTUAL" polarity="POS" type="PROBLEM" />
<EVENT id="E37" start="705" end="711" text="chills" modality="FACTUAL" polarity="POS" type="PROBLEM" />
<EVENT id="E38" start="675" end="689" text="emesis / BRBPR" modality="FACTUAL" polarity="POS" type="PROBLEM" />
<EVENT id="E39" start="690" end="696" text="melena" modality="FACTUAL" polarity="POS" type="PROBLEM" />
<EVENT id="E40" start="603" end="605" text="to" modality="FACTUAL" polarity="POS" type="PROBLEM" />
<EVENT id="E41" start="636" end="644" text="Her pain" modality="FACTUAL" polarity="POS" type="PROBLEM" />
<EVENT id="E42" start="569" end="577" text="the pain" modality="FACTUAL" polarity="POS" type="PROBLEM" />
<EVENT id="E43" start="585" end="592" text="-like /" modality="FACTUAL" polarity="POS" type="PROBLEM" />
<EVENT id="E44" start="333" end="342" text="this pain" modality="FACTUAL" polarity="POS" type="PROBLEM" />
<EVENT id="E45" start="444" end="477" text="intermittent post-prandial nausea" modality="FACTUAL" polarity="POS" type="PROBLEM" />
<EVENT id="E46" start="274" end="303" text="mod severe midepigastric pain" modality="FACTUAL" polarity="POS" type="PROBLEM" />
<EVENT id="E47" start="145" end="156" text="MRI HIDA CT" modality="FACTUAL" polarity="POS" type="TEST" />
<EVENT id="E48" start="744" end="747" text="EGD" modality="FACTUAL" polarity="POS" type="TEST" />
<EVENT id="E49" start="525" end="537" text="an outpt EGD" modality="FACTUAL" polarity="POS" type="TEST" />
<EVENT id="E50" start="1735" end="1745" text="evaluation" modality="FACTUAL" polarity="POS" type="TEST" />
<EVENT id="E51" start="1427" end="1439" text="CK challenge" modality="FACTUAL" polarity="POS" type="TEST" />
<EVENT id="E52" start="1350" end="1353" text="MRA" modality="FACTUAL" polarity="POS" type="TEST" />
<EVENT id="E53" start="1154" end="1168" text="further workup" modality="FACTUAL" polarity="POS" type="TEST" />
<EVENT id="E54" start="1075" end="1077" text="CT" modality="FACTUAL" polarity="POS" type="TEST" />
<EVENT id="E55" start="1024" end="1033" text="HIDA scan" modality="FACTUAL" polarity="POS" type="TEST" />
<EVENT id="E56" start="1017" end="1019" text="Pt" modality="FACTUAL" polarity="POS" type="TEST" />
<EVENT id="E57" start="216" end="220" text="Roux" modality="FACTUAL" polarity="POS" type="TREATMENT" />
<EVENT id="E58" start="889" end="906" text="empiric treatment" modality="FACTUAL" polarity="POS" type="TREATMENT" />
<EVENT id="E59" start="1799" end="1802" text="CCK" modality="FACTUAL" polarity="POS" type="TREATMENT" />
<EVENT id="E60" start="1517" end="1536" text="H. pylori treatment" modality="FACTUAL" polarity="POS" type="TREATMENT" />
<EVENT id="E61" start="926" end="939" text="the roux en y" modality="FACTUAL" polarity="POS" type="TREATMENT" />
<EVENT id="E62" start="1892" end="1907" text="the antibiotics" modality="FACTUAL" polarity="POS" type="TREATMENT" />
<TIMEX3 id="T1" start="18" end="28" text="01/22/2005" type="DATE" val="2005-01-22" mod="NA" />
<TIMEX3 id="T2" start="46" end="56" text="01/24/2005" type="DATE" val="2005-01-24" mod="NA" />
<TIMEX3 id="T3" start="233" end="238" text="12/20" type="DATE" val="2005-12-20" mod="NA" />
<TIMEX3 id="T4" start="260" end="267" text="this AM" type="DATE" val="2005-01-22" mod="START" />
<TIMEX3 id="T5" start="349" end="357" text="Thursday" type="DATE" val="2005-01-20" mod="NA" />
<TIMEX3 id="T6" start="398" end="404" text="15 min" type="DURATION" val="PT15M" mod="NA" />
<TIMEX3 id="T7" start="762" end="765" text="HD2" type="DATE" val="2005-01-24" mod="NA" />
<TIMEX3 id="T8" start="1131" end="1134" text="HD4" type="DATE" val="2005-01-26" mod="NA" />
<TIMEX3 id="T9" start="1940" end="1952" text="26 more days" type="DURATION" val="P26D" mod="APPROX" />
</TAGS>
</ClinicalNarrativeTemporalAnnotation>