<?xml version="1.0" encoding="UTF-8" ?>
<ClinicalNarrativeTemporalAnnotation>
<TEXT><![CDATA[
Admission Date :
2020-03-11
Discharge Date :
2020-03-23
Service :
MEDICINE
History of Present Illness :
73 yo M transferred from Newton-Wellesley Hospital hospital for epidural abscess .
Pt has h/o colon can to liver , s/p resxn with serosal implants in 9/03 .
Pt states he has been receiving chemotherapy up until 1 week ago .
States he first developed back pain 5 weeks ago but was still able to ambulate with his cane .
Last week it was worse and he was seen in clinic .
An MRI was done and this showed a signal abno in L3 L4 ? disciitis vs osteo without a definitive epidural abscess .
Initially on Vanc and Cipro on Friday but then seen by ID who reccommended no abx but a bone biopsy , blood cx .
He was also seen by spine who repeated the MRI and this showed L3-4 osteomyelitis and discitis and an epidural abscess , 5cm .
He was subsequently restared on Vancomycin for Corynebacterium in blood cx from Fri ; Followup cx has been NGTD .
CXR also showed small pleural effusion and attempt was made to tap it , but pt did not tolerate the procedure and asked that it be deferred .
He did undergo a CT-guided aspiration / biopsy at the L3-4 disc space on 2020-03-11 and the pt was transferred to Mediplex Rehab Hospital immediately following this .
No results from this were sent .
Currently pt denies sensory deficits or weakness .
States he is not able to walk because of severe pain .
States pain is worst when he sits up or twists his back .
No bowel or bladder incontinence .
Brief Hospital Course :
73 yo M transferred from Youville Hospital with h/o colon cancer with known liver mets now with epidural abscess and corynebacterium bacteremia :
# Epidural abscess : The patient was evaluated by orthopedic spine consult service and ID .
He was continued on IV vancomycin throughout his course and had therapeutic troughs .
The patient was taken to the OR twice with orthopaedics .
Please see the operation notes for details about the surgeries .
The patient was briefly admitted to the ICU for low hematocrit and hyponatremia immediately following the surgery but was then transferred back to the floor in stable condition .
The patient had a PICC line placed and will continue a 8 week course of antibiotics .
The patient will also wear a back brace at all times while out of bed .
# Candidemia :: The patient was noted to have a positive blood culture from 03-12 .
The patient was started on Diflucan .
Ophthalmology was consulted and ruled out ocular spread .
The patient 's portocath was removed .
The tip was culture negative .
The patient will get a total of a two week course of Diflucan .
# Corynebacterium bacteremia : presumably Corynebacterium in epidural abscess as well .
The patient had no blood cultures to grow corynebacterium while hospitalized .
# Pleural effusion : The patient was noted have an effusion on CXR .
IP was consulted and did a thoracentesis .
The tap was negative for malignant cells .
A repeat CT was done showing nodular thickening along the right major and minor fissure , concerning for intrapleural tumor implants .
IP reviewed the films and recommended continue oncologic care according to 
outpatient course and pleurodesis if the pt becomes symptomatic 02-07 fluid accumulation .
The patient will follow up with his oncologist .
# Foot ulcer : diabetic ulcer s/p surgery but never healed .
Wound care was consulted and made recommendations for ulcer care .
His dressings were changed by the nursing staff accordingly .
# Anemia : His HCT remained stable post-surgery .
The patient was continued on his iron supplements .
]]></TEXT>
<TAGS>
<EVENT id="E0" start="1" end="10" text="Admission" modality="FACTUAL" polarity="POS" type="OCCURRENCE" />
<EVENT id="E1" start="29" end="38" text="Discharge" modality="FACTUAL" polarity="POS" type="OCCURRENCE" />
<EVENT id="E2" start="113" end="124" text="transferred" modality="FACTUAL" polarity="POS" type="OCCURRENCE" />
<EVENT id="E3" start="130" end="164" text="Newton-Wellesley Hospital hospital" modality="FACTUAL" polarity="POS" type="CLINICAL_DEPT" />
<EVENT id="E4" start="169" end="185" text="epidural abscess" modality="FACTUAL" polarity="POS" type="PROBLEM" />
<EVENT id="E5" start="199" end="217" text="colon can to liver" modality="FACTUAL" polarity="POS" type="PROBLEM" />
<EVENT id="E6" start="224" end="229" text="resxn" modality="FACTUAL" polarity="POS" type="TREATMENT" />
<EVENT id="E7" start="235" end="251" text="serosal implants" modality="FACTUAL" polarity="POS" type="TREATMENT" />
<EVENT id="E8" start="294" end="306" text="chemotherapy" modality="FACTUAL" polarity="POS" type="TREATMENT" />
<EVENT id="E9" start="355" end="364" text="back pain" modality="FACTUAL" polarity="POS" type="PROBLEM" />
<EVENT id="E10" start="399" end="407" text="ambulate" modality="FACTUAL" polarity="POS" type="OCCURRENCE" />
<EVENT id="E11" start="413" end="421" text="his cane" modality="FACTUAL" polarity="POS" type="TREATMENT" />
<EVENT id="E12" start="441" end="446" text="worse" modality="FACTUAL" polarity="POS" type="OCCURRENCE" />
<EVENT id="E13" start="466" end="472" text="clinic" modality="FACTUAL" polarity="POS" type="CLINICAL_DEPT" />
<EVENT id="E14" start="475" end="481" text="An MRI" modality="FACTUAL" polarity="POS" type="TEST" />
<EVENT id="E15" start="500" end="506" text="showed" modality="FACTUAL" polarity="POS" type="EVIDENTIAL" />
<EVENT id="E16" start="532" end="541" text="disciitis" modality="FACTUAL" polarity="POS" type="PROBLEM" />
<EVENT id="E17" start="559" end="588" text="a definitive epidural abscess" modality="FACTUAL" polarity="NEG" type="PROBLEM" />
<EVENT id="E18" start="604" end="608" text="Vanc" modality="FACTUAL" polarity="POS" type="TREATMENT" />
<EVENT id="E19" start="613" end="618" text="Cipro" modality="FACTUAL" polarity="POS" type="TREATMENT" />
<EVENT id="E20" start="646" end="648" text="ID" modality="FACTUAL" polarity="POS" type="CLINICAL_DEPT" />
<EVENT id="E21" start="669" end="672" text="abx" modality="FACTUAL" polarity="NEG" type="TREATMENT" />
<EVENT id="E22" start="677" end="690" text="a bone biopsy" modality="FACTUAL" polarity="NEG" type="TEST" />
<EVENT id="E23" start="693" end="701" text="blood cx" modality="FACTUAL" polarity="POS" type="TEST" />
<EVENT id="E24" start="724" end="729" text="spine" modality="FACTUAL" polarity="POS" type="OCCURRENCE" />
<EVENT id="E25" start="734" end="742" text="repeated" modality="FACTUAL" polarity="POS" type="TEST" />
<EVENT id="E26" start="743" end="750" text="the MRI" modality="FACTUAL" polarity="POS" type="TEST" />
<EVENT id="E27" start="760" end="766" text="showed" modality="FACTUAL" polarity="POS" type="PROBLEM" />
<EVENT id="E28" start="767" end="785" text="L3-4 osteomyelitis" modality="FACTUAL" polarity="POS" type="PROBLEM" />
<EVENT id="E29" start="790" end="798" text="discitis" modality="FACTUAL" polarity="POS" type="PROBLEM" />
<EVENT id="E30" start="803" end="822" text="an epidural abscess" modality="FACTUAL" polarity="POS" type="PROBLEM" />
<EVENT id="E31" start="863" end="873" text="Vancomycin" modality="FACTUAL" polarity="POS" type="TREATMENT" />
<EVENT id="E32" start="878" end="893" text="Corynebacterium" modality="FACTUAL" polarity="POS" type="TREATMENT" />
<EVENT id="E33" start="938" end="942" text="NGTD" modality="FACTUAL" polarity="POS" type="TREATMENT" />
<EVENT id="E34" start="945" end="948" text="CXR" modality="FACTUAL" polarity="POS" type="TEST" />
<EVENT id="E35" start="954" end="960" text="showed" modality="FACTUAL" polarity="POS" type="PROBLEM" />
<EVENT id="E36" start="961" end="983" text="small pleural effusion" modality="FACTUAL" polarity="POS" type="PROBLEM" />
<EVENT id="E37" start="1032" end="1040" text="tolerate" modality="FACTUAL" polarity="NEG" type="TREATMENT" />
<EVENT id="E38" start="1041" end="1054" text="the procedure" modality="FACTUAL" polarity="NEG" type="TREATMENT" />
<EVENT id="E39" start="1076" end="1084" text="deferred" modality="FACTUAL" polarity="NEG" type="OCCURRENCE" />
<EVENT id="E40" start="1102" end="1133" text="a CT-guided aspiration / biopsy" modality="FACTUAL" polarity="POS" type="TEST" />
<EVENT id="E41" start="1186" end="1197" text="transferred" modality="FACTUAL" polarity="POS" type="OCCURRENCE" />
<EVENT id="E42" start="1201" end="1224" text="Mediplex Rehab Hospital" modality="FACTUAL" polarity="POS" type="CLINICAL_DEPT" />
<EVENT id="E43" start="1307" end="1323" text="sensory deficits" modality="FACTUAL" polarity="NEG" type="PROBLEM" />
<EVENT id="E44" start="1327" end="1335" text="weakness" modality="FACTUAL" polarity="NEG" type="PROBLEM" />
<EVENT id="E45" start="1355" end="1375" text="able to walk because" modality="FACTUAL" polarity="NEG" type="OCCURRENCE" />
<EVENT id="E46" start="1379" end="1390" text="severe pain" modality="FACTUAL" polarity="POS" type="PROBLEM" />
<EVENT id="E47" start="1393" end="1404" text="States pain" modality="FACTUAL" polarity="POS" type="PROBLEM" />
<EVENT id="E48" start="1463" end="1483" text="bladder incontinence" modality="FACTUAL" polarity="POS" type="PROBLEM" />
<EVENT id="E49" start="1518" end="1529" text="transferred" modality="FACTUAL" polarity="POS" type="OCCURRENCE" />
<EVENT id="E50" start="1535" end="1552" text="Youville Hospital" modality="FACTUAL" polarity="POS" type="CLINICAL_DEPT" />
<EVENT id="E51" start="1562" end="1574" text="colon cancer" modality="FACTUAL" polarity="POS" type="PROBLEM" />
<EVENT id="E52" start="1580" end="1596" text="known liver mets" modality="FACTUAL" polarity="POS" type="PROBLEM" />
<EVENT id="E53" start="1606" end="1622" text="epidural abscess" modality="FACTUAL" polarity="POS" type="PROBLEM" />
<EVENT id="E54" start="1627" end="1653" text="corynebacterium bacteremia" modality="FACTUAL" polarity="POS" type="PROBLEM" />
<EVENT id="E55" start="1658" end="1674" text="Epidural abscess" modality="FACTUAL" polarity="POS" type="PROBLEM" />
<EVENT id="E56" start="1693" end="1702" text="evaluated" modality="FACTUAL" polarity="POS" type="TEST" />
<EVENT id="E57" start="1743" end="1745" text="ID" modality="FACTUAL" polarity="POS" type="TREATMENT" />
<EVENT id="E58" start="1768" end="1781" text="IV vancomycin" modality="FACTUAL" polarity="POS" type="TREATMENT" />
<EVENT id="E59" start="1812" end="1831" text="therapeutic troughs" modality="FACTUAL" polarity="POS" type="TREATMENT" />
<EVENT id="E60" start="1859" end="1865" text="the OR" modality="FACTUAL" polarity="POS" type="CLINICAL_DEPT" />
<EVENT id="E61" start="1981" end="1989" text="admitted" modality="FACTUAL" polarity="POS" type="OCCURRENCE" />
<EVENT id="E62" start="1993" end="2000" text="the ICU" modality="FACTUAL" polarity="POS" type="CLINICAL_DEPT" />
<EVENT id="E63" start="2005" end="2019" text="low hematocrit" modality="FACTUAL" polarity="POS" type="PROBLEM" />
<EVENT id="E64" start="2024" end="2036" text="hyponatremia" modality="FACTUAL" polarity="POS" type="PROBLEM" />
<EVENT id="E65" start="2059" end="2070" text="the surgery" modality="FACTUAL" polarity="POS" type="TREATMENT" />
<EVENT id="E66" start="2084" end="2095" text="transferred" modality="FACTUAL" polarity="POS" type="OCCURRENCE" />
<EVENT id="E67" start="2104" end="2113" text="the floor" modality="FACTUAL" polarity="POS" type="CLINICAL_DEPT" />
<EVENT id="E68" start="2117" end="2133" text="stable condition" modality="FACTUAL" polarity="POS" type="OCCURRENCE" />
<EVENT id="E69" start="2152" end="2163" text="a PICC line" modality="FACTUAL" polarity="POS" type="TREATMENT" />
<EVENT id="E70" start="2208" end="2219" text="antibiotics" modality="FACTUAL" polarity="POS" type="TREATMENT" />
<EVENT id="E71" start="2296" end="2306" text="Candidemia" modality="FACTUAL" polarity="POS" type="PROBLEM" />
<EVENT id="E72" start="2340" end="2364" text="a positive blood culture" modality="FACTUAL" polarity="POS" type="TEST" />
<EVENT id="E73" start="2405" end="2413" text="Diflucan" modality="FACTUAL" polarity="POS" type="TREATMENT" />
<EVENT id="E74" start="2434" end="2443" text="consulted" modality="FACTUAL" polarity="POS" type="OCCURRENCE" />
<EVENT id="E75" start="2458" end="2471" text="ocular spread" modality="FACTUAL" polarity="POS" type="PROBLEM" />
<EVENT id="E76" start="2474" end="2498" text="The patient &apos;s portocath" modality="FACTUAL" polarity="POS" type="TEST" />
<EVENT id="E77" start="2513" end="2520" text="The tip" modality="FACTUAL" polarity="POS" type="TREATMENT" />
<EVENT id="E78" start="2597" end="2605" text="Diflucan" modality="FACTUAL" polarity="POS" type="TREATMENT" />
<EVENT id="E79" start="2610" end="2636" text="Corynebacterium bacteremia" modality="FACTUAL" polarity="POS" type="PROBLEM" />
<EVENT id="E80" start="2650" end="2685" text="Corynebacterium in epidural abscess" modality="FACTUAL" polarity="POS" type="PROBLEM" />
<EVENT id="E81" start="2715" end="2753" text="blood cultures to grow corynebacterium" modality="FACTUAL" polarity="NEG" type="PROBLEM" />
<EVENT id="E82" start="2760" end="2772" text="hospitalized" modality="FACTUAL" polarity="NEG" type="OCCURRENCE" />
<EVENT id="E83" start="2777" end="2793" text="Pleural effusion" modality="FACTUAL" polarity="POS" type="PROBLEM" />
<EVENT id="E84" start="2823" end="2834" text="an effusion" modality="FACTUAL" polarity="POS" type="PROBLEM" />
<EVENT id="E85" start="2838" end="2841" text="CXR" modality="FACTUAL" polarity="POS" type="TEST" />
<EVENT id="E86" start="2869" end="2884" text="a thoracentesis" modality="FACTUAL" polarity="POS" type="TREATMENT" />
<EVENT id="E87" start="2887" end="2894" text="The tap" modality="FACTUAL" polarity="POS" type="TREATMENT" />
<EVENT id="E88" start="2912" end="2927" text="malignant cells" modality="FACTUAL" polarity="NEG" type="PROBLEM" />
<EVENT id="E89" start="2930" end="2941" text="A repeat CT" modality="FACTUAL" polarity="POS" type="TEST" />
<EVENT id="E90" start="2951" end="2966" text="showing nodular" modality="FACTUAL" polarity="POS" type="OCCURRENCE" />
<EVENT id="E91" start="2984" end="3017" text="the right major and minor fissure" modality="FACTUAL" polarity="POS" type="PROBLEM" />
<EVENT id="E92" start="3035" end="3062" text="intrapleural tumor implants" modality="FACTUAL" polarity="POS" type="PROBLEM" />
<EVENT id="E93" start="3065" end="3086" text="IP reviewed the films" modality="FACTUAL" polarity="POS" type="TEST" />
<EVENT id="E94" start="3112" end="3126" text="oncologic care" modality="FACTUAL" polarity="POS" type="TREATMENT" />
<EVENT id="E95" start="3163" end="3174" text="pleurodesis" modality="FACTUAL" polarity="POS" type="TREATMENT" />
<EVENT id="E96" start="3193" end="3229" text="symptomatic 02-07 fluid accumulation" modality="FACTUAL" polarity="POS" type="PROBLEM" />
<EVENT id="E97" start="3249" end="3258" text="follow up" modality="FACTUAL" polarity="POS" type="OCCURRENCE" />
<EVENT id="E98" start="3264" end="3278" text="his oncologist" modality="FACTUAL" polarity="POS" type="CLINICAL_DEPT" />
<EVENT id="E99" start="3283" end="3293" text="Foot ulcer" modality="FACTUAL" polarity="POS" type="PROBLEM" />
<EVENT id="E100" start="3296" end="3310" text="diabetic ulcer" modality="FACTUAL" polarity="POS" type="PROBLEM" />
<EVENT id="E101" start="3315" end="3322" text="surgery" modality="FACTUAL" polarity="POS" type="TREATMENT" />
<EVENT id="E102" start="3357" end="3366" text="consulted" modality="FACTUAL" polarity="POS" type="OCCURRENCE" />
<EVENT id="E103" start="3396" end="3406" text="ulcer care" modality="FACTUAL" polarity="POS" type="TREATMENT" />
<EVENT id="E104" start="3409" end="3422" text="His dressings" modality="FACTUAL" polarity="POS" type="TREATMENT" />
<EVENT id="E105" start="3473" end="3479" text="Anemia" modality="FACTUAL" polarity="POS" type="PROBLEM" />
<EVENT id="E106" start="3482" end="3489" text="His HCT" modality="FACTUAL" polarity="POS" type="TEST" />
<EVENT id="E107" start="3499" end="3518" text="stable post-surgery" modality="FACTUAL" polarity="POS" type="OCCURRENCE" />
<EVENT id="E108" start="3550" end="3570" text="his iron supplements" modality="FACTUAL" polarity="POS" type="TREATMENT" />
<TIMEX3 id="T0" start="18" end="28" text="2020-03-11" type="DATE" val="2020-03-11" mod="NA" />
<TIMEX3 id="T1" start="46" end="56" text="2020-03-23" type="DATE" val="2020-03-23" mod="NA" />
<TIMEX3 id="T2" start="255" end="259" text="9/03" type="DATE" val="2020-09-03" mod="NA" />
<TIMEX3 id="T3" start="316" end="326" text="1 week ago" type="DATE" val="2020-03-03" mod="NA" />
<TIMEX3 id="T4" start="365" end="376" text="5 weeks ago" type="DATE" val="2020-02-04" mod="NA" />
<TIMEX3 id="T5" start="424" end="433" text="Last week" type="DATE" val="2020-03-01" mod="NA" />
<TIMEX3 id="T6" start="622" end="628" text="Friday" type="DATE" val="2020-03-13" mod="NA" />
<TIMEX3 id="T7" start="1160" end="1170" text="2020-03-11" type="DATE" val="2020-03-11" mod="NA" />
<TIMEX3 id="T8" start="2189" end="2197" text="a 8 week" type="DURATION" val="P8W" mod="NA" />
<TIMEX3 id="T9" start="2370" end="2375" text="03-12" type="DATE" val="2020-03-12" mod="NA" />
<TIMEX3 id="T10" start="2578" end="2586" text="two week" type="DURATION" val="P2W" mod="NA" />
</TAGS>
</ClinicalNarrativeTemporalAnnotation>
