<?xml version="1.0" encoding="UTF-8" ?>
<ClinicalNarrativeTemporalAnnotation>
<TEXT><![CDATA[
ADMISSION DATE :
6-30-92
DISCHARGE DATE :
7-1-92 ( SOUTHOBASSKING&apos;S VILLEMARG HOSPITAL )
DISCHARGE DATE :
7-1-92 ( SOUTHOBASSKING&apos;S VILLEMARG HOSPITAL )
HISTORY OF PRESENT ILLNESS :
The history of this 49 year old male is provided in detail in the typed admission note dated June 30 , 1992 .
HOSPITAL COURSE :
The patient worsened rapidly following admission and it was clear to his family and to his physician that he was pre-terminal .
All efforts were directed to his comfort and he died on July 1 , 1992 .
Autopsy permission was declined by the family .
]]></TEXT>
<TAGS>
<EVENT id="E0" start="1" end="10" text="ADMISSION" modality="FACTUAL" polarity="POS" type="OCCURRENCE" />
<EVENT id="E1" start="26" end="35" text="DISCHARGE" modality="FACTUAL" polarity="POS" type="OCCURRENCE" />
<EVENT id="E2" start="95" end="104" text="DISCHARGE" modality="FACTUAL" polarity="POS" type="OCCURRENCE" />
<EVENT id="E3" start="265" end="274" text="admission" modality="FACTUAL" polarity="POS" type="OCCURRENCE" />
<EVENT id="E4" start="333" end="341" text="worsened" modality="FACTUAL" polarity="POS" type="OCCURRENCE" />
<EVENT id="E5" start="360" end="369" text="admission" modality="FACTUAL" polarity="POS" type="OCCURRENCE" />
<EVENT id="E6" start="497" end="501" text="died" modality="FACTUAL" polarity="POS" type="OCCURRENCE" />
<EVENT id="E7" start="521" end="528" text="Autopsy" modality="FACTUAL" polarity="POS" type="TEST" />
<TIMEX3 id="T0" start="18" end="25" text="6-30-92" type="DATE" val="1992-06-30" mod="NA" />
<TIMEX3 id="T1" start="43" end="49" text="7-1-92" type="DATE" val="1992-07-01" mod="NA" />
<TIMEX3 id="T2" start="112" end="118" text="7-1-92" type="DATE" val="1992-07-01" mod="NA" />
<TIMEX3 id="T3" start="286" end="300" text="June 30 , 1992" type="DATE" val="1992-06-30" mod="NA" />
<TIMEX3 id="T4" start="505" end="518" text="July 1 , 1992" type="DATE" val="1992-07-01" mod="NA" />
</TAGS>
</ClinicalNarrativeTemporalAnnotation>
