<?xml version="1.0" encoding="UTF-8" ?>
<ClinicalNarrativeTemporalAnnotation>
<TEXT><![CDATA[
Admission Date :
2015-03-16
Discharge Date :
2015-03-19
Service :
HISTORY OF PRESENT ILLNESS :
HISTORY OF PRESENT ILLNESS :
The patient is an 82 - year-old male with a history of hypertension , remote tobacco abuse , chronic renal insufficiency , and a history of a TIA who was in his usual state of health until five nights prior to admission when he awoke at midnight with severe epigastric pain radiating to both arms .
He also had bilateral arm numbness .
The symptoms were associated with diaphoresis and shortness of breath but no nausea or vomiting .
After approximately one hour , he presented to the Bristol County Tuberculosis Hospital Dana-Farber Cancer Institute Campus where he ruled in for a non-ST elevation MI with a CK of 438 with a peak CK MB of 19.8 and troponin that peaked at 10.2 .
He was started on nitrates there as well as heparin and Integrelin and remained pain-free .
He denied any history of similar symptoms in the past and has had no prior history of angina or myocardial infarction .
The patient was subsequently transferred to Youville Hospital for cardiac catheterization .
At the time of transfer , he was initially admitted to the CMI Service after undergoing cardiac catheterization which revealed a long LAD lesion that was angioplastied without stent placement , and a total occlusion of the RCA with collaterals .
He subsequently became hypotensive and bradycardiac in the Catheterization Laboratory which responded to IV fluids , dopamine , Atropine , and he was then transferred to the CCU for further monitoring .
He had a bedside transthoracic echocardiogram done in the Cardiac Catheterization laboratory without evidence of an effusion .
A Swan was also placed .
There were no stents deployed at all throughout the catheterization .
By the time he was admitted , he was off pressors and hemodynamically stable and pain-free .
HOSPITAL COURSE :
1. CARDIOVASCULAR :
As summarized above , the patient had a non-ST elevation MI with evidence of an 80 percent mid LAD lesion for which he underwent angioplasty without stent placement .
He was initially continued on aspirin , Plavix , beta blocker , statin , and ACE inhibitor .
At the time of discharge , his Plavix was held due to Guaiac positive stools and hematocrit drop throughout admission .
He had a transthoracic echocardiogram the day after admission showing an ejection fraction of greater than 60 percent .
No focal wall motion abnormalities .
He had no recurrent chest pain or shortness of breath throughout admission .
In regards to his rhythm , he has an underlying right bundle branch block and first-degree AV block which were stable throughout this admission .
He will be followed-up by his cardiologist after discharge .
1. PULMONARY :
He had a history of COPD for which he is on baseline 2 liters of 02 by nasal cannula at home and Albuterol and Atrovent MDI s p.r.n. at home .
He is also on Flovent MDI at home as well .
He was continued on his MDI and was at his baseline 02 requirement throughout admission .
1. RENAL :
He has a history of chronic renal insufficiency likely secondary to hypertension and was admitted with a creatinine of 1.6 .
His ACE inhibitor post MI was initially held due to his creatinine .
However , this responded to IV fluids and his ACE inhibitor was restarted at the time of discharge .
He will need close monitoring of his creatinine post discharge in the setting of reinstitution of his ACE inhibitor .
1. GASTROINTESTINAL :
His stools were noted to be Guaiac positive at the outside hospital and there was still concern for possible GI bleed given continued Guaiac positive stools during this admission and a slight drop in his hematocrit from 39 to 33 .
It was felt most appropriate for him to have an outpatient GI workup , and his PCP was contacted and will arrange for outpatient colonoscopy .
His Plavix was held at the time of discharge due to a question of GI bleed and in the setting of not having a stent placed at the time of catheterization .
He was continued on his aspirin , however .
]]></TEXT>
<TAGS>
<EVENT id="E0" start="1" end="10" text="Admission" modality="FACTUAL" polarity="POS" type="OCCURRENCE" />
<EVENT id="E1" start="29" end="38" text="Discharge" modality="FACTUAL" polarity="POS" type="OCCURRENCE" />
<EVENT id="E2" start="180" end="192" text="hypertension" modality="FACTUAL" polarity="POS" type="PROBLEM" />
<EVENT id="E3" start="195" end="215" text="remote tobacco abuse" modality="FACTUAL" polarity="POS" type="PROBLEM" />
<EVENT id="E4" start="218" end="245" text="chronic renal insufficiency" modality="FACTUAL" polarity="POS" type="PROBLEM" />
<EVENT id="E5" start="265" end="270" text="a TIA" modality="FACTUAL" polarity="POS" type="PROBLEM" />
<EVENT id="E6" start="282" end="307" text="his usual state of health" modality="FACTUAL" polarity="POS" type="OCCURRENCE" />
<EVENT id="E7" start="335" end="344" text="admission" modality="FACTUAL" polarity="POS" type="OCCURRENCE" />
<EVENT id="E8" start="353" end="358" text="awoke" modality="FACTUAL" polarity="POS" type="OCCURRENCE" />
<EVENT id="E9" start="376" end="398" text="severe epigastric pain" modality="FACTUAL" polarity="POS" type="PROBLEM" />
<EVENT id="E10" start="436" end="458" text="bilateral arm numbness" modality="FACTUAL" polarity="POS" type="PROBLEM" />
<EVENT id="E11" start="461" end="473" text="The symptoms" modality="FACTUAL" polarity="POS" type="PROBLEM" />
<EVENT id="E12" start="495" end="506" text="diaphoresis" modality="FACTUAL" polarity="POS" type="PROBLEM" />
<EVENT id="E13" start="511" end="530" text="shortness of breath" modality="FACTUAL" polarity="POS" type="PROBLEM" />
<EVENT id="E14" start="538" end="544" text="nausea" modality="FACTUAL" polarity="NEG" type="PROBLEM" />
<EVENT id="E15" start="548" end="556" text="vomiting" modality="FACTUAL" polarity="NEG" type="PROBLEM" />
<EVENT id="E16" start="593" end="602" text="presented" modality="FACTUAL" polarity="POS" type="OCCURRENCE" />
<EVENT id="E17" start="606" end="682" text="the Bristol County Tuberculosis Hospital Dana-Farber Cancer Institute Campus" modality="FACTUAL" polarity="POS" type="CLINICAL_DEPT" />
<EVENT id="E18" start="705" end="726" text="a non-ST elevation MI" modality="FACTUAL" polarity="POS" type="TREATMENT" />
<EVENT id="E19" start="732" end="736" text="a CK" modality="FACTUAL" polarity="POS" type="TEST" />
<EVENT id="E20" start="749" end="761" text="a peak CK MB" modality="FACTUAL" polarity="POS" type="TEST" />
<EVENT id="E21" start="774" end="782" text="troponin" modality="FACTUAL" polarity="POS" type="TEST" />
<EVENT id="E22" start="823" end="831" text="nitrates" modality="FACTUAL" polarity="POS" type="TREATMENT" />
<EVENT id="E23" start="849" end="856" text="heparin" modality="FACTUAL" polarity="POS" type="TREATMENT" />
<EVENT id="E24" start="861" end="871" text="Integrelin" modality="FACTUAL" polarity="POS" type="TREATMENT" />
<EVENT id="E25" start="885" end="894" text="pain-free" modality="FACTUAL" polarity="POS" type="TREATMENT" />
<EVENT id="E26" start="900" end="906" text="denied" modality="FACTUAL" polarity="POS" type="EVIDENTIAL" />
<EVENT id="E27" start="922" end="938" text="similar symptoms" modality="FACTUAL" polarity="NEG" type="PROBLEM" />
<EVENT id="E28" start="983" end="989" text="angina" modality="FACTUAL" polarity="POS" type="PROBLEM" />
<EVENT id="E29" start="993" end="1014" text="myocardial infarction" modality="FACTUAL" polarity="POS" type="PROBLEM" />
<EVENT id="E30" start="1046" end="1057" text="transferred" modality="FACTUAL" polarity="POS" type="OCCURRENCE" />
<EVENT id="E31" start="1061" end="1078" text="Youville Hospital" modality="FACTUAL" polarity="POS" type="CLINICAL_DEPT" />
<EVENT id="E32" start="1083" end="1106" text="cardiac catheterization" modality="FACTUAL" polarity="POS" type="TEST" />
<EVENT id="E33" start="1124" end="1132" text="transfer" modality="FACTUAL" polarity="POS" type="OCCURRENCE" />
<EVENT id="E34" start="1152" end="1160" text="admitted" modality="FACTUAL" polarity="POS" type="OCCURRENCE" />
<EVENT id="E35" start="1164" end="1179" text="the CMI Service" modality="FACTUAL" polarity="POS" type="CLINICAL_DEPT" />
<EVENT id="E36" start="1197" end="1220" text="cardiac catheterization" modality="FACTUAL" polarity="POS" type="TEST" />
<EVENT id="E37" start="1227" end="1235" text="revealed" modality="FACTUAL" polarity="POS" type="PROBLEM" />
<EVENT id="E38" start="1236" end="1253" text="a long LAD lesion" modality="FACTUAL" polarity="POS" type="PROBLEM" />
<EVENT id="E39" start="1263" end="1276" text="angioplastied" modality="FACTUAL" polarity="POS" type="TREATMENT" />
<EVENT id="E40" start="1285" end="1300" text="stent placement" modality="FACTUAL" polarity="NEG" type="TREATMENT" />
<EVENT id="E41" start="1307" end="1335" text="a total occlusion of the RCA" modality="FACTUAL" polarity="NEG" type="PROBLEM" />
<EVENT id="E42" start="1341" end="1352" text="collaterals" modality="FACTUAL" polarity="NEG" type="PROBLEM" />
<EVENT id="E43" start="1378" end="1389" text="hypotensive" modality="FACTUAL" polarity="POS" type="PROBLEM" />
<EVENT id="E44" start="1394" end="1406" text="bradycardiac" modality="FACTUAL" polarity="POS" type="PROBLEM" />
<EVENT id="E45" start="1410" end="1440" text="the Catheterization Laboratory" modality="FACTUAL" polarity="POS" type="CLINICAL_DEPT" />
<EVENT id="E46" start="1460" end="1469" text="IV fluids" modality="FACTUAL" polarity="POS" type="TREATMENT" />
<EVENT id="E47" start="1472" end="1480" text="dopamine" modality="FACTUAL" polarity="POS" type="TREATMENT" />
<EVENT id="E48" start="1483" end="1491" text="Atropine" modality="FACTUAL" polarity="POS" type="TREATMENT" />
<EVENT id="E49" start="1510" end="1521" text="transferred" modality="FACTUAL" polarity="POS" type="OCCURRENCE" />
<EVENT id="E50" start="1525" end="1532" text="the CCU" modality="FACTUAL" polarity="POS" type="CLINICAL_DEPT" />
<EVENT id="E51" start="1537" end="1555" text="further monitoring" modality="FACTUAL" polarity="POS" type="TEST" />
<EVENT id="E52" start="1565" end="1603" text="a bedside transthoracic echocardiogram" modality="FACTUAL" polarity="POS" type="TEST" />
<EVENT id="E53" start="1612" end="1650" text="the Cardiac Catheterization laboratory" modality="FACTUAL" polarity="POS" type="CLINICAL_DEPT" />
<EVENT id="E54" start="1671" end="1682" text="an effusion" modality="FACTUAL" polarity="NEG" type="PROBLEM" />
<EVENT id="E55" start="1685" end="1691" text="A Swan" modality="FACTUAL" polarity="POS" type="TEST" />
<EVENT id="E56" start="1724" end="1730" text="stents" modality="FACTUAL" polarity="NEG" type="TREATMENT" />
<EVENT id="E57" start="1758" end="1777" text="the catheterization" modality="FACTUAL" polarity="POS" type="TREATMENT" />
<EVENT id="E58" start="1799" end="1807" text="admitted" modality="FACTUAL" polarity="POS" type="OCCURRENCE" />
<EVENT id="E59" start="1821" end="1829" text="pressors" modality="FACTUAL" polarity="POS" type="TREATMENT" />
<EVENT id="E60" start="1834" end="1856" text="hemodynamically stable" modality="FACTUAL" polarity="POS" type="OCCURRENCE" />
<EVENT id="E61" start="1861" end="1870" text="pain-free" modality="FACTUAL" polarity="POS" type="TREATMENT" />
<EVENT id="E62" start="1949" end="1970" text="a non-ST elevation MI" modality="FACTUAL" polarity="POS" type="PROBLEM" />
<EVENT id="E63" start="1988" end="2016" text="an 80 percent mid LAD lesion" modality="FACTUAL" polarity="POS" type="PROBLEM" />
<EVENT id="E64" start="2040" end="2051" text="angioplasty" modality="FACTUAL" polarity="POS" type="TREATMENT" />
<EVENT id="E65" start="2060" end="2075" text="stent placement" modality="FACTUAL" polarity="NEG" type="TREATMENT" />
<EVENT id="E66" start="2108" end="2115" text="aspirin" modality="FACTUAL" polarity="POS" type="TREATMENT" />
<EVENT id="E67" start="2118" end="2124" text="Plavix" modality="FACTUAL" polarity="POS" type="TREATMENT" />
<EVENT id="E68" start="2127" end="2139" text="beta blocker" modality="FACTUAL" polarity="POS" type="TREATMENT" />
<EVENT id="E69" start="2142" end="2148" text="statin" modality="FACTUAL" polarity="POS" type="TREATMENT" />
<EVENT id="E70" start="2155" end="2168" text="ACE inhibitor" modality="FACTUAL" polarity="POS" type="TREATMENT" />
<EVENT id="E71" start="2202" end="2208" text="Plavix" modality="FACTUAL" polarity="POS" type="TREATMENT" />
<EVENT id="E72" start="2225" end="2247" text="Guaiac positive stools" modality="FACTUAL" polarity="POS" type="PROBLEM" />
<EVENT id="E73" start="2252" end="2267" text="hematocrit drop" modality="FACTUAL" polarity="POS" type="TEST" />
<EVENT id="E74" start="2279" end="2288" text="admission" modality="FACTUAL" polarity="POS" type="OCCURRENCE" />
<EVENT id="E75" start="2298" end="2328" text="a transthoracic echocardiogram" modality="FACTUAL" polarity="POS" type="TEST" />
<EVENT id="E76" start="2343" end="2352" text="admission" modality="FACTUAL" polarity="POS" type="EVIDENTIAL" />
<EVENT id="E77" start="2353" end="2360" text="showing" modality="FACTUAL" polarity="POS" type="TEST" />
<EVENT id="E78" start="2361" end="2381" text="an ejection fraction" modality="FACTUAL" polarity="POS" type="TEST" />
<EVENT id="E79" start="2414" end="2445" text="focal wall motion abnormalities" modality="FACTUAL" polarity="POS" type="PROBLEM" />
<EVENT id="E80" start="2458" end="2478" text="recurrent chest pain" modality="FACTUAL" polarity="NEG" type="PROBLEM" />
<EVENT id="E81" start="2482" end="2501" text="shortness of breath" modality="FACTUAL" polarity="NEG" type="PROBLEM" />
<EVENT id="E82" start="2513" end="2522" text="admission" modality="FACTUAL" polarity="NEG" type="OCCURRENCE" />
<EVENT id="E83" start="2539" end="2549" text="his rhythm" modality="FACTUAL" polarity="POS" type="OCCURRENCE" />
<EVENT id="E84" start="2559" end="2598" text="an underlying right bundle branch block" modality="FACTUAL" polarity="POS" type="PROBLEM" />
<EVENT id="E85" start="2603" end="2624" text="first-degree AV block" modality="FACTUAL" polarity="POS" type="PROBLEM" />
<EVENT id="E86" start="2636" end="2642" text="stable" modality="FACTUAL" polarity="POS" type="OCCURRENCE" />
<EVENT id="E87" start="2654" end="2668" text="this admission" modality="FACTUAL" polarity="POS" type="OCCURRENCE" />
<EVENT id="E88" start="2720" end="2729" text="discharge" modality="FACTUAL" polarity="POS" type="OCCURRENCE" />
<EVENT id="E89" start="2767" end="2771" text="COPD" modality="FACTUAL" polarity="POS" type="PROBLEM" />
<EVENT id="E90" start="2818" end="2831" text="nasal cannula" modality="FACTUAL" polarity="POS" type="TREATMENT" />
<EVENT id="E91" start="2844" end="2853" text="Albuterol" modality="FACTUAL" polarity="POS" type="TREATMENT" />
<EVENT id="E92" start="2858" end="2870" text="Atrovent MDI" modality="FACTUAL" polarity="POS" type="TREATMENT" />
<EVENT id="E93" start="2904" end="2915" text="Flovent MDI" modality="FACTUAL" polarity="POS" type="TREATMENT" />
<EVENT id="E94" start="2954" end="2961" text="his MDI" modality="FACTUAL" polarity="POS" type="TREATMENT" />
<EVENT id="E95" start="2973" end="3000" text="his baseline 02 requirement" modality="FACTUAL" polarity="POS" type="PROBLEM" />
<EVENT id="E96" start="3012" end="3021" text="admission" modality="FACTUAL" polarity="POS" type="OCCURRENCE" />
<EVENT id="E97" start="3055" end="3082" text="chronic renal insufficiency" modality="FACTUAL" polarity="POS" type="PROBLEM" />
<EVENT id="E98" start="3103" end="3115" text="hypertension" modality="FACTUAL" polarity="POS" type="PROBLEM" />
<EVENT id="E99" start="3124" end="3132" text="admitted" modality="FACTUAL" polarity="POS" type="OCCURRENCE" />
<EVENT id="E100" start="3138" end="3150" text="a creatinine" modality="FACTUAL" polarity="POS" type="TEST" />
<EVENT id="E101" start="3160" end="3177" text="His ACE inhibitor" modality="FACTUAL" polarity="POS" type="TREATMENT" />
<EVENT id="E102" start="3183" end="3185" text="MI" modality="FACTUAL" polarity="POS" type="TREATMENT" />
<EVENT id="E103" start="3212" end="3226" text="his creatinine" modality="FACTUAL" polarity="POS" type="TEST" />
<EVENT id="E104" start="3257" end="3266" text="IV fluids" modality="FACTUAL" polarity="POS" type="TREATMENT" />
<EVENT id="E105" start="3271" end="3288" text="his ACE inhibitor" modality="FACTUAL" polarity="POS" type="TREATMENT" />
<EVENT id="E106" start="3318" end="3327" text="discharge" modality="FACTUAL" polarity="POS" type="OCCURRENCE" />
<EVENT id="E107" start="3343" end="3359" text="close monitoring" modality="FACTUAL" polarity="POS" type="TEST" />
<EVENT id="E108" start="3363" end="3377" text="his creatinine" modality="FACTUAL" polarity="POS" type="TEST" />
<EVENT id="E109" start="3383" end="3392" text="discharge" modality="FACTUAL" polarity="POS" type="OCCURRENCE" />
<EVENT id="E110" start="3428" end="3445" text="his ACE inhibitor" modality="FACTUAL" polarity="POS" type="TREATMENT" />
<EVENT id="E111" start="3486" end="3491" text="noted" modality="FACTUAL" polarity="POS" type="EVIDENTIAL" />
<EVENT id="E112" start="3498" end="3513" text="Guaiac positive" modality="FACTUAL" polarity="POS" type="PROBLEM" />
<EVENT id="E113" start="3517" end="3537" text="the outside hospital" modality="FACTUAL" polarity="POS" type="CLINICAL_DEPT" />
<EVENT id="E114" start="3579" end="3587" text="GI bleed" modality="FACTUAL" polarity="POS" type="PROBLEM" />
<EVENT id="E115" start="3604" end="3626" text="Guaiac positive stools" modality="FACTUAL" polarity="POS" type="PROBLEM" />
<EVENT id="E116" start="3634" end="3648" text="this admission" modality="FACTUAL" polarity="POS" type="OCCURRENCE" />
<EVENT id="E117" start="3653" end="3666" text="a slight drop" modality="FACTUAL" polarity="POS" type="PROBLEM" />
<EVENT id="E118" start="3670" end="3684" text="his hematocrit" modality="FACTUAL" polarity="POS" type="TEST" />
<EVENT id="E119" start="3746" end="3769" text="an outpatient GI workup" modality="FACTUAL" polarity="POS" type="TEST" />
<EVENT id="E120" start="3788" end="3797" text="contacted" modality="FACTUAL" polarity="POS" type="OCCURRENCE" />
<EVENT id="E121" start="3819" end="3841" text="outpatient colonoscopy" modality="FACTUAL" polarity="POS" type="TEST" />
<EVENT id="E122" start="3844" end="3854" text="His Plavix" modality="FACTUAL" polarity="POS" type="TREATMENT" />
<EVENT id="E123" start="3879" end="3888" text="discharge" modality="FACTUAL" polarity="POS" type="OCCURRENCE" />
<EVENT id="E124" start="3910" end="3918" text="GI bleed" modality="FACTUAL" polarity="POS" type="PROBLEM" />
<EVENT id="E125" start="3952" end="3959" text="a stent" modality="FACTUAL" polarity="NEG" type="TREATMENT" />
<EVENT id="E126" start="3982" end="3997" text="catheterization" modality="FACTUAL" polarity="POS" type="TEST" />
<EVENT id="E127" start="4020" end="4031" text="his aspirin" modality="FACTUAL" polarity="POS" type="TREATMENT" />
<TIMEX3 id="T0" start="18" end="28" text="2015-03-16" type="DATE" val="2015-03-16" mod="NA" />
<TIMEX3 id="T1" start="46" end="56" text="2015-03-19" type="DATE" val="2015-03-19" mod="NA" />
<TIMEX3 id="T2" start="314" end="325" text="five nights" type="DURATION" val="P5D" mod="NA" />
<TIMEX3 id="T3" start="579" end="587" text="one hour" type="DURATION" val="PT1H" mod="NA" />
<TIMEX3 id="T5" start="2174" end="2182" text="the time" type="DATE" val="2015-03-19" mod="NA" />
<TIMEX3 id="T6" start="2329" end="2336" text="the day" type="DATE" val="2015-03-16" mod="NA" />
<TIMEX3 id="T7" start="2873" end="2879" text="p.r.n." type="FREQUENCY" val="R" mod="NA" />
<TIMEX3 id="T8" start="3306" end="3314" text="the time" type="DATE" val="2015-03-19" mod="NA" />
</TAGS>
</ClinicalNarrativeTemporalAnnotation>
