<?xml version="1.0" encoding="UTF-8" ?>
<ClinicalNarrativeTemporalAnnotation>
<TEXT><![CDATA[
Admission Date :
2012-05-08
Discharge Date :
2012-05-18
Service :
Neonatology
HISTORY :
Baby Barbara Stead is a term infant admitted with increasing head circumference and bruising .
He was born to a 31-year-old G1 P0 now 1 mother with unremarkable prenatal screens as follows :
O positive , antibody negative , hepatitis B surface antigen negative , RPR nonreactive , rubella immune
PREGNANCY HISTORY :
Estimated date of delivery was 2012-05-14 for estimated gestational age of 39-1/7 weeks .
Pregnancy was complicated by oligohydramnios with an AFI of 3.5 and by multiple evaluations for decreased fetal movement .
There was spontaneous onset of labor progressing through vacuum assisted vaginal delivery under epidural anesthesia .
clear amniotic fluid , no antepartum maternal fever or fetal tachycardia , no antepartum antibiotic prophylaxis .
Baby was vigorous at delivery , was bulb suction , dried , and had free flow oxygen administered briefly .
Apgars were nine and nine .
In the Newborn Nursery , he initially had a caput which increased in the amount of swelling and bruising in the subsequent 24 hours .
He was then referred to the CMED CCU for assessment and management of the increased bleeding .
SUMMARY OF HOSPITAL COURSE BY SYSTEMS :
1. Respiratory :
Patient has been on room air maintaining sats above 95% .
No apnea or bradycardia .
2. Cardiovascular :
There was an initial murmur on admission likely secondary to severe anemia which has since resolved .
He remained hemodynamically stable throughout this admission .
3. FEN :
Patient was restarted on po feeds as of day of life three after the bleeding had stabilized .
He has been taking breast milk or Enfamil 20 po adlib .
His admission weight was 3850 grams .
His weight on discharge was 4055 .
4. GI :
Given the significant amount of bleeding , baby was started prophylactically on phototherapy .
His bilirubin peaked on day of life three at 5.4 with a subsequent bilirubin of 4.6 at which time phototherapy was discontinued .
5. Hematology :
Given the rapid extension of the subgaleal bleed , coagulopathy workup was initiated revealing an elevated PTT level of 77 as well as factor 8 level that was below detection in the presence of normal factors 5 , 9 , 10 , and 11 .
He was started on a 50 units / kg bolus of factor 8 followed by continuous factor 8 infusions at 50 units / kg / day divided until hourly infusion rates at 05-10 .
Subsequent factor 8 levels varied with an initial factor 8 level of 18 after the bolus with which he received another bolus of factor 8 of 50 units / kg and increased factor 8 infusion rate to 65 units / kg / day .
As of 05-17 , he was switched over to bolus infusion in preparation of continued home factor 8 administration .
His peak level after a bolus of 75 units / kg of factor 8 was 131 .
A trough level at 20 hours after the bolus on day of discharge was 29 .
He will continue to receive factor 8 bolus q day for a total of 2-3 weeks in light of the intracranial hemorrhage , and will be followed by Hematology visiting nurse Michael Edwards level checks at home .
Currently , the infusion of factor 8 are going through a jugular Broviac which was placed on 05-15 for administration of factor .
His last PTT on 05-16 was 68.3 .
The last hematocrit was on 05-16 of 54.5 .
6. Neurology :
Baby Mary Stead initially presented with significant subgaleal bleed as well as a small subdural hemorrhage .
A repeat head CT scan on 05-15 had shown the resolution of the subdural hematoma and significant improvement of the subgaleal bleed .
His head ultrasound on 05-14 reveals no interventricular hemorrhage .
He had remained neurologically stable .
His head circumference on 05-18 was 36.5 cm with a maximum head circumference on
admission of 40.5 cm .
7. Social :
Both parents are very involved in the care of Baby Norman Stead .
They have been informed up to date on his needs , discharge from the hospital .
Teaching has been completed on the care of the Boviak as well as administration of factor 8 .
8. Sensory :
Audiology :
Hearing screen was performed automated auditory brain stem responses and Baby David Stead
passed bilaterally .
]]></TEXT>
<TAGS>
<EVENT id="E0" start="1" end="10" text="Admission" modality="FACTUAL" polarity="POS" type="OCCURRENCE" />
<EVENT id="E1" start="29" end="38" text="Discharge" modality="FACTUAL" polarity="POS" type="OCCURRENCE" />
<EVENT id="E2" start="125" end="133" text="admitted" modality="FACTUAL" polarity="POS" type="OCCURRENCE" />
<EVENT id="E3" start="139" end="168" text="increasing head circumference" modality="FACTUAL" polarity="POS" type="PROBLEM" />
<EVENT id="E4" start="173" end="181" text="bruising" modality="FACTUAL" polarity="POS" type="PROBLEM" />
<EVENT id="E5" start="191" end="195" text="born" modality="FACTUAL" polarity="POS" type="OCCURRENCE" />
<EVENT id="E6" start="237" end="266" text="unremarkable prenatal screens" modality="FACTUAL" polarity="POS" type="OCCURRENCE" />
<EVENT id="E7" start="280" end="290" text="O positive" modality="FACTUAL" polarity="POS" type="OCCURRENCE" />
<EVENT id="E8" start="293" end="301" text="antibody" modality="FACTUAL" polarity="POS" type="TEST" />
<EVENT id="E9" start="313" end="340" text="hepatitis B surface antigen" modality="FACTUAL" polarity="POS" type="TEST" />
<EVENT id="E10" start="352" end="355" text="RPR" modality="FACTUAL" polarity="POS" type="TEST" />
<EVENT id="E11" start="370" end="384" text="rubella immune" modality="FACTUAL" polarity="POS" type="TEST" />
<EVENT id="E12" start="423" end="431" text="delivery" modality="FACTUAL" polarity="POS" type="OCCURRENCE" />
<EVENT id="E13" start="524" end="539" text="oligohydramnios" modality="FACTUAL" polarity="POS" type="PROBLEM" />
<EVENT id="E14" start="545" end="551" text="an AFI" modality="FACTUAL" polarity="POS" type="TEST" />
<EVENT id="E15" start="591" end="615" text="decreased fetal movement" modality="FACTUAL" polarity="POS" type="PROBLEM" />
<EVENT id="E16" start="628" end="666" text="spontaneous onset of labor progressing" modality="FACTUAL" polarity="POS" type="OCCURRENCE" />
<EVENT id="E17" start="675" end="707" text="vacuum assisted vaginal delivery" modality="FACTUAL" polarity="POS" type="OCCURRENCE" />
<EVENT id="E18" start="714" end="733" text="epidural anesthesia" modality="FACTUAL" polarity="POS" type="TREATMENT" />
<EVENT id="E19" start="762" end="787" text="antepartum maternal fever" modality="FACTUAL" polarity="NEG" type="PROBLEM" />
<EVENT id="E20" start="791" end="808" text="fetal tachycardia" modality="FACTUAL" polarity="NEG" type="PROBLEM" />
<EVENT id="E21" start="814" end="847" text="antepartum antibiotic prophylaxis" modality="FACTUAL" polarity="NEG" type="TREATMENT" />
<EVENT id="E22" start="871" end="879" text="delivery" modality="FACTUAL" polarity="NEG" type="OCCURRENCE" />
<EVENT id="E23" start="917" end="933" text="free flow oxygen" modality="FACTUAL" polarity="NEG" type="TREATMENT" />
<EVENT id="E24" start="957" end="963" text="Apgars" modality="FACTUAL" polarity="POS" type="TEST" />
<EVENT id="E25" start="988" end="1007" text="the Newborn Nursery" modality="FACTUAL" polarity="POS" type="CLINICAL_DEPT" />
<EVENT id="E26" start="1027" end="1034" text="a caput" modality="FACTUAL" polarity="POS" type="PROBLEM" />
<EVENT id="E27" start="1041" end="1076" text="increased in the amount of swelling" modality="FACTUAL" polarity="POS" type="PROBLEM" />
<EVENT id="E28" start="1081" end="1089" text="bruising" modality="FACTUAL" polarity="POS" type="PROBLEM" />
<EVENT id="E29" start="1143" end="1155" text="the CMED CCU" modality="FACTUAL" polarity="POS" type="CLINICAL_DEPT" />
<EVENT id="E30" start="1160" end="1170" text="assessment" modality="FACTUAL" polarity="POS" type="TREATMENT" />
<EVENT id="E31" start="1175" end="1185" text="management" modality="FACTUAL" polarity="POS" type="TREATMENT" />
<EVENT id="E32" start="1189" end="1211" text="the increased bleeding" modality="FACTUAL" polarity="POS" type="PROBLEM" />
<EVENT id="E33" start="1312" end="1316" text="sats" modality="FACTUAL" polarity="POS" type="TEST" />
<EVENT id="E34" start="1332" end="1337" text="apnea" modality="FACTUAL" polarity="POS" type="PROBLEM" />
<EVENT id="E35" start="1341" end="1352" text="bradycardia" modality="FACTUAL" polarity="POS" type="PROBLEM" />
<EVENT id="E36" start="1385" end="1402" text="an initial murmur" modality="FACTUAL" polarity="POS" type="PROBLEM" />
<EVENT id="E37" start="1406" end="1415" text="admission" modality="FACTUAL" polarity="POS" type="OCCURRENCE" />
<EVENT id="E38" start="1436" end="1449" text="severe anemia" modality="FACTUAL" polarity="POS" type="PROBLEM" />
<EVENT id="E39" start="1466" end="1474" text="resolved" modality="FACTUAL" polarity="POS" type="OCCURRENCE" />
<EVENT id="E40" start="1489" end="1511" text="hemodynamically stable" modality="FACTUAL" polarity="POS" type="OCCURRENCE" />
<EVENT id="E41" start="1523" end="1537" text="this admission" modality="FACTUAL" polarity="POS" type="OCCURRENCE" />
<EVENT id="E42" start="1574" end="1582" text="po feeds" modality="FACTUAL" polarity="POS" type="TREATMENT" />
<EVENT id="E43" start="1613" end="1625" text="the bleeding" modality="FACTUAL" polarity="POS" type="PROBLEM" />
<EVENT id="E44" start="1677" end="1684" text="Enfamil" modality="FACTUAL" polarity="POS" type="TREATMENT" />
<EVENT id="E45" start="1699" end="1719" text="His admission weight" modality="FACTUAL" polarity="POS" type="TEST" />
<EVENT id="E46" start="1737" end="1747" text="His weight" modality="FACTUAL" polarity="POS" type="TEST" />
<EVENT id="E47" start="1751" end="1760" text="discharge" modality="FACTUAL" polarity="POS" type="OCCURRENCE" />
<EVENT id="E48" start="1812" end="1820" text="bleeding" modality="FACTUAL" polarity="POS" type="PROBLEM" />
<EVENT id="E49" start="1860" end="1872" text="phototherapy" modality="FACTUAL" polarity="POS" type="TREATMENT" />
<EVENT id="E50" start="1875" end="1888" text="His bilirubin" modality="FACTUAL" polarity="POS" type="TEST" />
<EVENT id="E51" start="1929" end="1951" text="a subsequent bilirubin" modality="FACTUAL" polarity="POS" type="TEST" />
<EVENT id="E52" start="1973" end="1985" text="phototherapy" modality="FACTUAL" polarity="POS" type="TREATMENT" />
<EVENT id="E53" start="2027" end="2069" text="the rapid extension of the subgaleal bleed" modality="FACTUAL" polarity="POS" type="PROBLEM" />
<EVENT id="E54" start="2072" end="2091" text="coagulopathy workup" modality="FACTUAL" polarity="POS" type="TEST" />
<EVENT id="E55" start="2116" end="2131" text="an elevated PTT" modality="FACTUAL" polarity="POS" type="PROBLEM" />
<EVENT id="E56" start="2185" end="2194" text="detection" modality="FACTUAL" polarity="POS" type="TREATMENT" />
<EVENT id="E57" start="2382" end="2403" text="hourly infusion rates" modality="FACTUAL" polarity="POS" type="PROBLEM" />
<EVENT id="E58" start="2454" end="2471" text="an initial factor" modality="FACTUAL" polarity="POS" type="PROBLEM" />
<EVENT id="E59" start="2492" end="2501" text="the bolus" modality="FACTUAL" polarity="POS" type="TREATMENT" />
<EVENT id="E60" start="2668" end="2722" text="bolus infusion in preparation of continued home factor" modality="FACTUAL" polarity="POS" type="TREATMENT" />
<EVENT id="E61" start="2763" end="2770" text="a bolus" modality="FACTUAL" polarity="POS" type="TREATMENT" />
<EVENT id="E62" start="2810" end="2824" text="A trough level" modality="FACTUAL" polarity="POS" type="TEST" />
<EVENT id="E63" start="2843" end="2852" text="the bolus" modality="FACTUAL" polarity="POS" type="TREATMENT" />
<EVENT id="E64" start="2910" end="2924" text="factor 8 bolus" modality="FACTUAL" polarity="POS" type="TREATMENT" />
<EVENT id="E65" start="2968" end="2995" text="the intracranial hemorrhage" modality="FACTUAL" polarity="POS" type="PROBLEM" />
<EVENT id="E66" start="3115" end="3121" text="factor" modality="FACTUAL" polarity="POS" type="PROBLEM" />
<EVENT id="E67" start="3208" end="3214" text="factor" modality="FACTUAL" polarity="POS" type="PROBLEM" />
<EVENT id="E68" start="3217" end="3229" text="His last PTT" modality="FACTUAL" polarity="POS" type="TEST" />
<EVENT id="E69" start="3259" end="3269" text="hematocrit" modality="FACTUAL" polarity="POS" type="TEST" />
<EVENT id="E70" start="3334" end="3343" text="presented" modality="FACTUAL" polarity="POS" type="EVIDENTIAL" />
<EVENT id="E71" start="3349" end="3376" text="significant subgaleal bleed" modality="FACTUAL" polarity="POS" type="PROBLEM" />
<EVENT id="E72" start="3388" end="3415" text="a small subdural hemorrhage" modality="FACTUAL" polarity="POS" type="PROBLEM" />
<EVENT id="E73" start="3418" end="3439" text="A repeat head CT scan" modality="FACTUAL" polarity="POS" type="TEST" />
<EVENT id="E74" start="3477" end="3498" text="the subdural hematoma" modality="FACTUAL" polarity="POS" type="PROBLEM" />
<EVENT id="E75" start="3530" end="3549" text="the subgaleal bleed" modality="FACTUAL" polarity="POS" type="PROBLEM" />
<EVENT id="E76" start="3552" end="3571" text="His head ultrasound" modality="FACTUAL" polarity="POS" type="TEST" />
<EVENT id="E77" start="3592" end="3619" text="interventricular hemorrhage" modality="FACTUAL" polarity="NEG" type="PROBLEM" />
<EVENT id="E78" start="3629" end="3659" text="remained neurologically stable" modality="FACTUAL" polarity="POS" type="OCCURRENCE" />
<EVENT id="E79" start="3662" end="3684" text="His head circumference" modality="FACTUAL" polarity="POS" type="TEST" />
<EVENT id="E80" start="3743" end="3752" text="admission" modality="FACTUAL" polarity="POS" type="OCCURRENCE" />
<EVENT id="E81" start="3894" end="3903" text="discharge" modality="FACTUAL" polarity="POS" type="OCCURRENCE" />
<EVENT id="E82" start="4043" end="4057" text="Hearing screen" modality="FACTUAL" polarity="POS" type="TEST" />
<EVENT id="E83" start="4072" end="4111" text="automated auditory brain stem responses" modality="FACTUAL" polarity="POS" type="OCCURRENCE" />
<EVENT id="E84" start="4133" end="4151" text="passed bilaterally" modality="FACTUAL" polarity="POS" type="OCCURRENCE" />
<TIMEX3 id="T0" start="18" end="28" text="2012-05-08" type="DATE" val="2012-05-08" mod="NA" />
<TIMEX3 id="T1" start="46" end="56" text="2012-05-18" type="DATE" val="2012-05-18" mod="NA" />
<TIMEX3 id="T3" start="436" end="446" text="2012-05-14" type="DATE" val="2012-05-14" mod="NA" />
<TIMEX3 id="T4" start="480" end="492" text="39-1/7 weeks" type="DURATION" val="P39W" mod="NA" />
<TIMEX3 id="T5" start="1108" end="1116" text="24 hours" type="DURATION" val="PT24H" mod="NA" />
<TIMEX3 id="T6" start="1589" end="1606" text="day of life three" type="DATE" val="2012-05-10" mod="NA" />
<TIMEX3 id="T7" start="1899" end="1916" text="day of life three" type="DATE" val="2012-05-10" mod="NA" />
<TIMEX3 id="T8" start="2636" end="2641" text="05-17" type="DATE" val="2012-05-17" mod="NA" />
<TIMEX3 id="T9" start="2828" end="2859" text="20 hours after the bolus on day" type="DATE" val="2012-06-06" mod="NA" />
<TIMEX3 id="T10" start="2925" end="2930" text="q day" type="FREQUENCY" val="RPT24H" mod="NA" />
<TIMEX3 id="T11" start="2946" end="2955" text="2-3 weeks" type="DURATION" val="P2.5W" mod="APPROX" />
<TIMEX3 id="T12" start="3180" end="3185" text="05-15" type="DATE" val="2012-05-15" mod="NA" />
<TIMEX3 id="T13" start="3233" end="3238" text="05-16" type="DATE" val="2012-05-16" mod="NA" />
<TIMEX3 id="T14" start="3277" end="3282" text="05-16" type="DATE" val="2012-05-16" mod="NA" />
<TIMEX3 id="T15" start="3443" end="3448" text="05-15" type="DATE" val="2012-05-15" mod="NA" />
<TIMEX3 id="T16" start="3575" end="3580" text="05-14" type="DATE" val="2012-05-14" mod="NA" />
<TIMEX3 id="T17" start="3688" end="3693" text="05-18" type="DATE" val="2012-05-18" mod="NA" />
</TAGS>
</ClinicalNarrativeTemporalAnnotation>
