<?xml version="1.0" encoding="UTF-8" ?>
<ClinicalNarrativeTemporalAnnotation>
<TEXT><![CDATA[
ADMISSION DATE :
20041012
DISCHARGE DATE :
20041015
ASSOCIATED PROCEDURES OR OPERATIONS :
POSTPARTUM DIAGNOSTIC PROCEDURES :
None
OTHER POSTPARTUM THERAPIES :
Antimicrobial Therapy
HISTORY AND REASON FOR HOSPITALIZATION :
Srom In Labor
HOSPITAL COURSE ( include complications if any ) :
This 21 year old Gravida 2 Para 0010 was admitted to the Life Valley Medical Center Obstetrical service on 10/12/2004 at 08:41 am for the indication ( s ) :
srom in labor .
She delivered a 3680 gram male infant on 10/12/2004 at 10:17 pm with apgar scores of 9 and 9 at one and five minutes respectively at 40.0 weeks gestation via spontaneous vertex vaginal delivery .
During her labor she encountered the following complication ( s ) :
srom .
During her delivery she encountered the following complication ( s ) :
none .
Postpartum she encountered the following complication ( s ) :
none .
She was discharged on 10/15/2004 at 01:52 pm in good condition .
]]></TEXT>
<TAGS>
<EVENT id="E0" start="1" end="10" text="ADMISSION" modality="FACTUAL" polarity="POS" type="OCCURRENCE" />
<EVENT id="E1" start="27" end="36" text="DISCHARGE" modality="FACTUAL" polarity="POS" type="OCCURRENCE" />
<EVENT id="E2" start="160" end="181" text="Antimicrobial Therapy" modality="FACTUAL" polarity="POS" type="TREATMENT" />
<EVENT id="E3" start="263" end="276" text="complications" modality="FACTUAL" polarity="POS" type="PROBLEM" />
<EVENT id="E4" start="329" end="337" text="admitted" modality="FACTUAL" polarity="POS" type="OCCURRENCE" />
<EVENT id="E5" start="341" end="391" text="the Life Valley Medical Center Obstetrical service" modality="FACTUAL" polarity="POS" type="CLINICAL_DEPT" />
<EVENT id="E6" start="530" end="542" text="apgar scores" modality="FACTUAL" polarity="POS" type="TEST" />
<EVENT id="E7" start="619" end="654" text="spontaneous vertex vaginal delivery" modality="FACTUAL" polarity="POS" type="OCCURRENCE" />
<EVENT id="E8" start="664" end="673" text="her labor" modality="FACTUAL" polarity="POS" type="OCCURRENCE" />
<EVENT id="E9" start="739" end="751" text="her delivery" modality="FACTUAL" polarity="POS" type="OCCURRENCE" />
<EVENT id="E10" start="851" end="863" text="complication" modality="FACTUAL" polarity="POS" type="PROBLEM" />
<EVENT id="E11" start="887" end="897" text="discharged" modality="FACTUAL" polarity="POS" type="OCCURRENCE" />
<EVENT id="E12" start="927" end="941" text="good condition" modality="FACTUAL" polarity="POS" type="OCCURRENCE" />
<TIMEX3 id="T0" start="18" end="26" text="20041012" type="DATE" val="2004-10-12" mod="NA" />
<TIMEX3 id="T1" start="44" end="52" text="20041015" type="DATE" val="2004-10-15" mod="NA" />
<TIMEX3 id="T2" start="395" end="417" text="10/12/2004 at 08:41 am" type="DATE" val="2004-10-12T08:41" mod="NA" />
<TIMEX3 id="T3" start="502" end="512" text="10/12/2004" type="DATE" val="2004-10-12" mod="NA" />
<TIMEX3 id="T4" start="565" end="577" text="five minutes" type="DURATION" val="PT5M" mod="NA" />
<TIMEX3 id="T5" start="901" end="911" text="10/15/2004" type="DATE" val="2004-10-15" mod="NA" />
</TAGS>
</ClinicalNarrativeTemporalAnnotation>
