<?xml version="1.0" encoding="UTF-8" ?>
<ClinicalNarrativeTemporalAnnotation>
<TEXT><![CDATA[
Admission Date :
2015-10-10
Discharge Date :
2015-10-21
Service :
CMED CSRU
History of Present Illness :
_62 year-old status-post gastric bypass and laprascopic cholecystectomy 7 weeks prior to admission who presented with fever , chills , and left lower extemity redness .
The patient has a history of multiple hospitalizations for lower extremity cellulitis and noted that his symptoms and the appearance of his left leg mirrored previous episodes .
He denied recent trauma to the area or travel .
Review of systems was significant only for painful urination over the past few days and a reduction in urine output .
He denied chest pain , shortness of breath , palpitations , abdominal pain , N/V , penile discharge .
Brief Hospital Course :
This 62 year-old obese male was admitted with cellulitis and presumed bacteremia .
In the John , he was found to be in hypotensive atrial fibrillation .
The patient was admitted to the Medical ICU where his hypotension was managed with IVF hydration and he was maintained on a diltiazam drip for atrial fibrillation .
After his heart rate was controlled , he was transitioned to oral medications and transferred to the medicine service .
1. Cellulitis / Bacteremia
Review of the medical record revealed several previous admissions for cellulitis and bacteremia .
Blood cultures on this admission and were positive for Beta streptococcus Group B .
The patient had previous episodes of the same infection , with lower extremity cellulitis the likely source .
A left lower extremity ultrasound was negative for deep venous thrombosis .
The patient was too large to have a CTA .
He was initially treated with vancomycin and zosyn while awaiting culture results .
Once the organism was identified , he was transitioned to a regimen of intravenous penicillin and oral levofloxacin , which had successfully treated the infection during his most recent admission 1 year prior .
He completed 7 days of levofloxacin and had a PICC line placed to facilitate a 2 week course of IV Penicillin .
2. Atrial fibrillation
The patient 's development of atrial fibrillation was believed to be secondary to infection and structural heart disease .
It was initially managed with intravenous diltiazam , and it was later managed with metoprolol and anticoagulation .
A transthoracic echocardiogram showed a mildly dilated and elongated left atrium , with a markedly dilated right atrium .
He had occasional episodes of rapid atrial fibrillation that were controlled with responded to IV metoprolol .
However , his rate proved difficult to control despite metoprolol and diltiazam .
The EP service was consulted and recommended transesophageal echocardiogram and cardioversion .
The TEE was negative for thrombus and the patient was successfully cardioverted to normal sinus rhythm with ibutilide .
He was subsequently started on amiodarone and is scheduled to complete a 10 week course .
EKG before discharge showed mild QT prolongation and no effect from amiodarone .
EKG and LFTs should be monitored by his PCP , William given the high dose of amiodarone he will receive .
3. FEN
He was followed by the nutrition team throughout his admission and their recommendations were followed .
He demonstrated several asymptomatic electrolyte deficiecies ; these were likely due to inadequate absorption following his surgery and he responded well to repletion .
Vitamin D and parathyroid tests were pending at the time of discharge .
The patient was discharged to Kindred Park View Specialty Hospital of Springfield Rehabilitation Hospital in good condition .
He was sent with a King of Hearts monitor and scheduled for follow-up with cardiology and his primary care physician .

]]></TEXT>
<TAGS>
<TIMEX3 id="T0" start="18" end="28" text="2015-10-10" type="DATE" val="2015-10-10" mod="NA" />
<TIMEX3 id="T1" start="46" end="56" text="2015-10-21" type="DATE" val="2015-10-21" mod="NA" />
<TIMEX3 id="T2" start="178" end="185" text="7 weeks" type="DURATION" val="P7W" mod="NA" />
<TIMEX3 id="T3" start="562" end="584" text="over the past few days" type="DURATION" val="P3D" mod="APPROX" />
<TIMEX3 id="T4" start="1900" end="1906" text="1 year" type="DURATION" val="P1Y" mod="NA" />
<TIMEX3 id="T5" start="1928" end="1934" text="7 days" type="DURATION" val="P7D" mod="NA" />
<TIMEX3 id="T6" start="1992" end="2007" text="a 2 week course" type="DURATION" val="P2W" mod="NA" />
<TIMEX3 id="T7" start="2892" end="2908" text="a 10 week course" type="DURATION" val="P10W" mod="NA" />
<TIMEX3 id="T8" start="3427" end="3448" text="the time of discharge" type="DATE" val="2015-10-21" mod="NA" />
<EVENT id="ETEST141" start="501" end="518" text="Review of systems" modality="FACTUAL" polarity="POS" type="TEST" />
<EVENT id="ETEST142" start="604" end="616" text="urine output" modality="FACTUAL" polarity="POS" type="TEST" />
<EVENT id="ETEST143" start="1069" end="1083" text="his heart rate" modality="FACTUAL" polarity="POS" type="TEST" />
<EVENT id="ETEST144" start="1210" end="1238" text="Review of the medical record" modality="FACTUAL" polarity="POS" type="TEST" />
<EVENT id="ETEST145" start="1308" end="1322" text="Blood cultures" modality="FACTUAL" polarity="POS" type="TEST" />
<EVENT id="ETEST146" start="1502" end="1535" text="A left lower extremity ultrasound" modality="FACTUAL" polarity="POS" type="TEST" />
<EVENT id="ETEST147" start="1612" end="1617" text="a CTA" modality="FACTUAL" polarity="POS" type="TEST" />
<EVENT id="ETEST148" start="1686" end="1693" text="culture" modality="FACTUAL" polarity="POS" type="TEST" />
<EVENT id="ETEST149" start="2290" end="2320" text="A transthoracic echocardiogram" modality="FACTUAL" polarity="POS" type="TEST" />
<EVENT id="ETEST150" start="2533" end="2541" text="his rate" modality="FACTUAL" polarity="POS" type="TEST" />
<EVENT id="ETEST151" start="2650" end="2680" text="transesophageal echocardiogram" modality="FACTUAL" polarity="POS" type="TEST" />
<EVENT id="ETEST152" start="2701" end="2708" text="The TEE" modality="FACTUAL" polarity="POS" type="TEST" />
<EVENT id="ETEST153" start="2911" end="2914" text="EKG" modality="FACTUAL" polarity="POS" type="TEST" />
<EVENT id="ETEST154" start="2992" end="2995" text="EKG" modality="FACTUAL" polarity="POS" type="TEST" />
<EVENT id="ETEST155" start="3000" end="3004" text="LFTs" modality="FACTUAL" polarity="POS" type="TEST" />
<EVENT id="ETEST156" start="3393" end="3410" text="parathyroid tests" modality="FACTUAL" polarity="POS" type="TEST" />
<EVENT id="ETEST157" start="3594" end="3618" text="a King of Hearts monitor" modality="FACTUAL" polarity="POS" type="TEST" />

<EVENT id="EPROBLEM286" start="224" end="229" text="fever" modality="FACTUAL" polarity="POS" type="PROBLEM" />
<EVENT id="EPROBLEM287" start="232" end="238" text="chills" modality="FACTUAL" polarity="POS" type="PROBLEM" />
<EVENT id="EPROBLEM288" start="245" end="272" text="left lower extemity redness" modality="FACTUAL" polarity="POS" type="PROBLEM" />
<EVENT id="EPROBLEM289" start="334" end="360" text="lower extremity cellulitis" modality="FACTUAL" polarity="POS" type="PROBLEM" />
<EVENT id="EPROBLEM290" start="376" end="388" text="his symptoms" modality="FACTUAL" polarity="POS" type="PROBLEM" />
<EVENT id="EPROBLEM291" start="463" end="488" text="recent trauma to the area" modality="FACTUAL" polarity="NEG" type="PROBLEM" />
<EVENT id="EPROBLEM292" start="544" end="561" text="painful urination" modality="FACTUAL" polarity="POS" type="PROBLEM" />
<EVENT id="EPROBLEM293" start="589" end="616" text="a reduction in urine output" modality="FACTUAL" polarity="POS" type="PROBLEM" />
<EVENT id="EPROBLEM294" start="629" end="639" text="chest pain" modality="FACTUAL" polarity="NEG" type="PROBLEM" />
<EVENT id="EPROBLEM295" start="642" end="661" text="shortness of breath" modality="FACTUAL" polarity="NEG" type="PROBLEM" />
<EVENT id="EPROBLEM296" start="664" end="676" text="palpitations" modality="FACTUAL" polarity="NEG" type="PROBLEM" />
<EVENT id="EPROBLEM297" start="679" end="693" text="abdominal pain" modality="FACTUAL" polarity="NEG" type="PROBLEM" />
<EVENT id="EPROBLEM298" start="702" end="718" text="penile discharge" modality="FACTUAL" polarity="NEG" type="PROBLEM" />
<EVENT id="EPROBLEM299" start="791" end="801" text="cellulitis" modality="FACTUAL" polarity="POS" type="PROBLEM" />
<EVENT id="EPROBLEM300" start="806" end="825" text="presumed bacteremia" modality="FACTUAL" polarity="POS" type="PROBLEM" />
<EVENT id="EPROBLEM301" start="864" end="895" text="hypotensive atrial fibrillation" modality="FACTUAL" polarity="POS" type="PROBLEM" />
<EVENT id="EPROBLEM302" start="948" end="963" text="his hypotension" modality="FACTUAL" polarity="POS" type="PROBLEM" />
<EVENT id="EPROBLEM303" start="1041" end="1060" text="atrial fibrillation" modality="FACTUAL" polarity="POS" type="PROBLEM" />
<EVENT id="EPROBLEM304" start="1186" end="1196" text="Cellulitis" modality="FACTUAL" polarity="POS" type="PROBLEM" />
<EVENT id="EPROBLEM305" start="1199" end="1209" text="Bacteremia" modality="FACTUAL" polarity="POS" type="PROBLEM" />
<EVENT id="EPROBLEM306" start="1280" end="1290" text="cellulitis" modality="FACTUAL" polarity="POS" type="PROBLEM" />
<EVENT id="EPROBLEM307" start="1295" end="1305" text="bacteremia" modality="FACTUAL" polarity="POS" type="PROBLEM" />
<EVENT id="EPROBLEM308" start="1363" end="1389" text="Beta streptococcus Group B" modality="FACTUAL" polarity="POS" type="PROBLEM" />
<EVENT id="EPROBLEM309" start="1429" end="1447" text="the same infection" modality="FACTUAL" polarity="POS" type="PROBLEM" />
<EVENT id="EPROBLEM310" start="1455" end="1481" text="lower extremity cellulitis" modality="FACTUAL" polarity="POS" type="PROBLEM" />
<EVENT id="EPROBLEM311" start="1553" end="1575" text="deep venous thrombosis" modality="FACTUAL" polarity="NEG" type="PROBLEM" />
<EVENT id="EPROBLEM312" start="1853" end="1866" text="the infection" modality="FACTUAL" polarity="POS" type="PROBLEM" />
<EVENT id="EPROBLEM313" start="2030" end="2049" text="Atrial fibrillation" modality="FACTUAL" polarity="POS" type="PROBLEM" />
<EVENT id="EPROBLEM314" start="2080" end="2099" text="atrial fibrillation" modality="FACTUAL" polarity="POS" type="PROBLEM" />
<EVENT id="EPROBLEM315" start="2132" end="2141" text="infection" modality="FACTUAL" polarity="POS" type="PROBLEM" />
<EVENT id="EPROBLEM316" start="2146" end="2170" text="structural heart disease" modality="FACTUAL" polarity="POS" type="PROBLEM" />
<EVENT id="EPROBLEM317" start="2328" end="2370" text="a mildly dilated and elongated left atrium" modality="FACTUAL" polarity="POS" type="PROBLEM" />
<EVENT id="EPROBLEM318" start="2378" end="2409" text="a markedly dilated right atrium" modality="FACTUAL" polarity="POS" type="PROBLEM" />
<EVENT id="EPROBLEM319" start="2442" end="2467" text="rapid atrial fibrillation" modality="FACTUAL" polarity="POS" type="PROBLEM" />
<EVENT id="EPROBLEM320" start="2726" end="2734" text="thrombus" modality="FACTUAL" polarity="NEG" type="PROBLEM" />
<EVENT id="EPROBLEM321" start="2939" end="2959" text="mild QT prolongation" modality="FACTUAL" polarity="POS" type="PROBLEM" />
<EVENT id="EPROBLEM322" start="3226" end="3270" text="several asymptomatic electrolyte deficiecies" modality="FACTUAL" polarity="POS" type="PROBLEM" />

<EVENT id="ETREATMENT184" start="131" end="145" text="gastric bypass" modality="FACTUAL" polarity="POS" type="TREATMENT" />
<EVENT id="ETREATMENT185" start="150" end="177" text="laprascopic cholecystectomy" modality="FACTUAL" polarity="POS" type="TREATMENT" />
<EVENT id="ETREATMENT186" start="981" end="994" text="IVF hydration" modality="FACTUAL" polarity="POS" type="TREATMENT" />
<EVENT id="ETREATMENT187" start="1020" end="1036" text="a diltiazam drip" modality="FACTUAL" polarity="POS" type="TREATMENT" />
<EVENT id="ETREATMENT188" start="1124" end="1140" text="oral medications" modality="FACTUAL" polarity="POS" type="TREATMENT" />
<EVENT id="ETREATMENT189" start="1650" end="1660" text="vancomycin" modality="FACTUAL" polarity="POS" type="TREATMENT" />
<EVENT id="ETREATMENT190" start="1665" end="1670" text="zosyn" modality="FACTUAL" polarity="POS" type="TREATMENT" />
<EVENT id="ETREATMENT191" start="1762" end="1771" text="a regimen" modality="FACTUAL" polarity="POS" type="TREATMENT" />
<EVENT id="ETREATMENT192" start="1775" end="1797" text="intravenous penicillin" modality="FACTUAL" polarity="POS" type="TREATMENT" />
<EVENT id="ETREATMENT193" start="1802" end="1819" text="oral levofloxacin" modality="FACTUAL" polarity="POS" type="TREATMENT" />
<EVENT id="ETREATMENT194" start="1938" end="1950" text="levofloxacin" modality="FACTUAL" polarity="POS" type="TREATMENT" />
<EVENT id="ETREATMENT195" start="1959" end="1970" text="a PICC line" modality="FACTUAL" polarity="POS" type="TREATMENT" />
<EVENT id="ETREATMENT196" start="2011" end="2024" text="IV Penicillin" modality="FACTUAL" polarity="POS" type="TREATMENT" />
<EVENT id="ETREATMENT197" start="2203" end="2224" text="intravenous diltiazam" modality="FACTUAL" polarity="POS" type="TREATMENT" />
<EVENT id="ETREATMENT198" start="2257" end="2267" text="metoprolol" modality="FACTUAL" polarity="POS" type="TREATMENT" />
<EVENT id="ETREATMENT199" start="2272" end="2287" text="anticoagulation" modality="FACTUAL" polarity="POS" type="TREATMENT" />
<EVENT id="ETREATMENT200" start="2507" end="2520" text="IV metoprolol" modality="FACTUAL" polarity="POS" type="TREATMENT" />
<EVENT id="ETREATMENT201" start="2578" end="2588" text="metoprolol" modality="FACTUAL" polarity="POS" type="TREATMENT" />
<EVENT id="ETREATMENT202" start="2685" end="2698" text="cardioversion" modality="FACTUAL" polarity="POS" type="TREATMENT" />
<EVENT id="ETREATMENT203" start="2809" end="2818" text="ibutilide" modality="FACTUAL" polarity="NEG" type="TREATMENT" />
<EVENT id="ETREATMENT204" start="2852" end="2862" text="amiodarone" modality="FACTUAL" polarity="POS" type="TREATMENT" />
<EVENT id="ETREATMENT205" start="2979" end="2989" text="amiodarone" modality="FACTUAL" polarity="NEG" type="TREATMENT" />
<EVENT id="ETREATMENT206" start="3069" end="3079" text="amiodarone" modality="FACTUAL" polarity="POS" type="TREATMENT" />
<EVENT id="ETREATMENT207" start="3330" end="3341" text="his surgery" modality="FACTUAL" polarity="POS" type="TREATMENT" />
<EVENT id="ETREATMENT208" start="3367" end="3376" text="repletion" modality="FACTUAL" polarity="POS" type="TREATMENT" />
<EVENT id="ETREATMENT209" start="3379" end="3388" text="Vitamin D" modality="FACTUAL" polarity="POS" type="TREATMENT" />

<EVENT id="ECLINICAL_DEPT30" start="831" end="839" text="the John" modality="FACTUAL" polarity="POS" type="CLINICAL_DEPT" />
<EVENT id="ECLINICAL_DEPT31" start="926" end="941" text="the Medical ICU" modality="FACTUAL" polarity="POS" type="CLINICAL_DEPT" />
<EVENT id="ECLINICAL_DEPT32" start="3124" end="3142" text="the nutrition team" modality="FACTUAL" polarity="POS" type="CLINICAL_DEPT" />
<EVENT id="ECLINICAL_DEPT33" start="3481" end="3556" text="Kindred Park View Specialty Hospital of Springfield Rehabilitation Hospital" modality="FACTUAL" polarity="POS" type="CLINICAL_DEPT" />
<EVENT id="ECLINICAL_DEPT34" start="3652" end="3693" text="cardiology and his primary care physician" modality="FACTUAL" polarity="POS" type="CLINICAL_DEPT" />

<EVENT id="EEVIDENTIAL32" start="365" end="370" text="noted" modality="FACTUAL" polarity="POS" type="EVIDENTIAL" />
<EVENT id="EEVIDENTIAL33" start="456" end="462" text="denied" modality="FACTUAL" polarity="NEG" type="EVIDENTIAL" />
<EVENT id="EEVIDENTIAL34" start="622" end="628" text="denied" modality="FACTUAL" polarity="NEG" type="EVIDENTIAL" />
<EVENT id="EEVIDENTIAL35" start="1239" end="1247" text="revealed" modality="FACTUAL" polarity="POS" type="EVIDENTIAL" />
<EVENT id="EEVIDENTIAL36" start="2321" end="2327" text="showed" modality="FACTUAL" polarity="POS" type="EVIDENTIAL" />
<EVENT id="EEVIDENTIAL37" start="2932" end="2938" text="showed" modality="FACTUAL" polarity="POS" type="EVIDENTIAL" />
<EVENT id="EEVIDENTIAL38" start="3213" end="3225" text="demonstrated" modality="FACTUAL" polarity="POS" type="EVIDENTIAL" />

<EVENT id="EOCCURRENCE114" start="1" end="10" text="Admission" modality="FACTUAL" polarity="POS" type="OCCURRENCE" />
<EVENT id="EOCCURRENCE115" start="29" end="38" text="Discharge" modality="FACTUAL" polarity="POS" type="OCCURRENCE" />
<EVENT id="EOCCURRENCE116" start="195" end="204" text="admission" modality="FACTUAL" polarity="POS" type="OCCURRENCE" />
<EVENT id="EOCCURRENCE117" start="209" end="218" text="presented" modality="FACTUAL" polarity="POS" type="OCCURRENCE" />
<EVENT id="EOCCURRENCE118" start="702" end="718" text="penile discharge" modality="FACTUAL" polarity="NEG" type="OCCURRENCE" />
<EVENT id="EOCCURRENCE119" start="777" end="785" text="admitted" modality="FACTUAL" polarity="POS" type="OCCURRENCE" />
<EVENT id="EOCCURRENCE120" start="914" end="922" text="admitted" modality="FACTUAL" polarity="POS" type="OCCURRENCE" />
<EVENT id="EOCCURRENCE121" start="1108" end="1120" text="transitioned" modality="FACTUAL" polarity="POS" type="OCCURRENCE" />
<EVENT id="EOCCURRENCE122" start="1145" end="1156" text="transferred" modality="FACTUAL" polarity="POS" type="OCCURRENCE" />
<EVENT id="EOCCURRENCE123" start="1265" end="1275" text="admissions" modality="FACTUAL" polarity="POS" type="OCCURRENCE" />
<EVENT id="EOCCURRENCE124" start="1326" end="1340" text="this admission" modality="FACTUAL" polarity="POS" type="OCCURRENCE" />
<EVENT id="EOCCURRENCE125" start="1746" end="1758" text="transitioned" modality="FACTUAL" polarity="POS" type="OCCURRENCE" />
<EVENT id="EOCCURRENCE126" start="1874" end="1899" text="his most recent admission" modality="FACTUAL" polarity="POS" type="OCCURRENCE" />
<EVENT id="EOCCURRENCE127" start="2494" end="2503" text="responded" modality="FACTUAL" polarity="POS" type="OCCURRENCE" />
<EVENT id="EOCCURRENCE128" start="2624" end="2633" text="consulted" modality="FACTUAL" polarity="POS" type="OCCURRENCE" />
<EVENT id="EOCCURRENCE129" start="2784" end="2803" text="normal sinus rhythm" modality="FACTUAL" polarity="NEG" type="OCCURRENCE" />
<EVENT id="EOCCURRENCE130" start="3112" end="3120" text="followed" modality="FACTUAL" polarity="POS" type="OCCURRENCE" />
<EVENT id="EOCCURRENCE131" start="3154" end="3167" text="his admission" modality="FACTUAL" polarity="POS" type="OCCURRENCE" />
<EVENT id="EOCCURRENCE132" start="3330" end="3341" text="his surgery" modality="FACTUAL" polarity="POS" type="OCCURRENCE" />
<EVENT id="EOCCURRENCE133" start="3349" end="3363" text="responded well" modality="FACTUAL" polarity="POS" type="OCCURRENCE" />
<EVENT id="EOCCURRENCE134" start="3439" end="3448" text="discharge" modality="FACTUAL" polarity="POS" type="OCCURRENCE" />
<EVENT id="EOCCURRENCE135" start="3467" end="3477" text="discharged" modality="FACTUAL" polarity="POS" type="OCCURRENCE" />
<EVENT id="EOCCURRENCE136" start="3560" end="3574" text="good condition" modality="FACTUAL" polarity="POS" type="OCCURRENCE" />
<EVENT id="EOCCURRENCE137" start="3637" end="3646" text="follow-up" modality="FACTUAL" polarity="POS" type="OCCURRENCE" />
<EVENT id="EOCCURRENCE138" start="3652" end="3662" text="cardiology" modality="FACTUAL" polarity="POS" type="OCCURRENCE" />

</TAGS>
</ClinicalNarrativeTemporalAnnotation>
