<?xml version="1.0" encoding="UTF-8" ?>
<ClinicalNarrativeTemporalAnnotation>
<TEXT><![CDATA[
Admission Date :
2016-05-05
Discharge Date :
2016-06-15
Service :
NEONATOLOGY
HISTORY OF PRESENT ILLNESS :
The patient is a 30 and 08-01 week gestation female , triplet number two , delivered by cesarean section due to progressive preterm labor and triplet gestation .
PERINATAL HISTORY :
Mother is a 29 year-old gravida 4 , para 1 mother , Marian Jane conception , EDC 2016-07-08 .
Prenatal screen , O positive , antibody negative , RPR nonreactive , hepatitis B surface antigen negative , reportedly GBS negative , Rubella immune .
Pregnancy complicated by gestational diabetes mellitus , then possible preterm labor .
Mother presented with abdominal discomfort and vaginal pressure at 23 and 1/7 weeks .
At that time she was admitted and received a full course of betamethasone at 24 weeks and remained in house until delivery .
Mother presented on day of delivery with preterm labor , cervical dilation , therefore delivered by repeat cesarean section .
This triplet required only blow by oxygen and routine care in delivery room .
Apgars were 8 at one minute and 9 at five minutes .
Infant demonstrated mild increased work of breathing in the delivery room .
Infant transported to Neonatal Intensive Care Unit on facial CPAP .
HOSPITAL COURSE :
1. Pulmonary :
On admission the infant required CPAP 6 cm of water , 30% oxygen .
Initial capillary blood gas was pH 7.29 , CO2 47 .
Infant was intubated on day of life two for increased respiratory distress and received one dose of surfactant .
Infant was extubated on day of life four to CPAP and transitioned to room air on day of life six .
The infant has remained in room air throughout the hospitalization .
Caffeine citrate was started on day of life six and was discontinued on 05-23 ( day of life 18 ).
The last apnea and bradycardia was on 06-10 .
2. Cardiovascular :
The infant has remained hemodynamically stable throughout this hospitalization , no murmur .
Heart rate 150 to 160 , mean blood pressure 40 to 54 .
3. Fluid , electrolytes and nutrition :
Infant was initially nothing by mouth receiving 80 cc per kilogram per day of D10W intravenously .
Infant was started on enteral feedings on day of life four and advanced to full volume feedings of 150 cc per kilogram per day by day of life seven .
During feeding advancement infant was given parenteral nutrition and intralipids .
The infant tolerated feeding advancement without difficulty .
Infant was advanced to maximum caloric density of breast milk or premature Enfamil 26 calories per ounce with ProMod by day of life 11 .
Infant is currently on breast milk or Enfamil 24 calories per ounce po minimum 140 cc per kilogram per day .
The most recent weight is 2525 g.
Head circumference 24.5 cm , length 45.5 cm .
The most recent electrolytes on day of life five were sodium 145 , chloride 115 , potassium 4 , TCO2 of 21 .
On day of life 25 , calcium 10.1 , phosphorus 6.9 , alkaline phosphatase 341 .
4. Gastrointestinal :
Infant was started on double phototherapy on day of life two for a maximum bilirubin level of 8.1 with a direct of 0.3 .
Infant decreased to single phototherapy and phototherapy was discontinued on day of life six .
Rebound bilirubin level on day of life seven was 5.3 with a direct of 0.3 .
5. Hematology :
The infant did not receive any blood transfusions this hospitalization .
The most recent hematocrit on day of life two was 47% .
CBC on admission white blood cell count 8.9 , hematocrit 47% , platelets 243,000 , 6% neutrophils , 0 bands .
Repeat CBC on day of life two showed a white blood cell count of 8.4 , platelets 95 , 41% neutrophils , 0 bands .
Repeat platelet count on day of life three was 229 .
6. Infectious disease :
The infant received 48 hours of ampicillin and gentamicin for rule out sepsis .
Blood cultures remained negative to date .
Infant has not had any issues with sepsis this hospitalization .
7. Neurology :
Head ultrasound on day of life seven showed no intraventricular hemorrhage .
A repeat head ultrasound on day of life 33 06-07 showed a slight increase of echogenicity in the caudothalamic groove , which may represent tiny bilateral germinal matrix hemorrhages , no periventricular leukomalacia .
A repeat head ultrasound is recommended in one month .
Normal neurological examination .
Sensory , hearing screening was performed with automated auditory brain stem responses .
Infant passed both ears .
Ophthalmology , eyes examined most recently on 05-30 revealing immaturity of the retinal vessels , but no ROP as of yet .
A follow up examination should be scheduled for the week of 06-20 .
Ophthalmologist is Dr. Cruea Franklin .
8. Psycho / social :
Parents involved .
Triplet number one is still in the Neonatal Intensive Care Unit and triplet number three is home with family and there is also a 2 year-old sibling .
]]></TEXT>
<TAGS>
<TIMEX3 id="T0" start="18" end="28" text="2016-05-05" type="DATE" val="2016-05-05" mod="NA" />
<TIMEX3 id="T1" start="46" end="56" text="2016-06-15" type="DATE" val="2016-06-15" mod="NA" />
<TIMEX3 id="T2" start="132" end="142" text="08-01 week" type="DURATION" val="P4.5W" mod="NA" />
<TIMEX3 id="T3" start="371" end="381" text="2016-07-08" type="DATE" val="2016-07-08" mod="NA" />
<TIMEX3 id="T4" start="689" end="705" text="23 and 1/7 weeks" type="DURATION" val="P23.142857142857142W" mod="NA" />
<TIMEX3 id="T5" start="711" end="720" text="that time" type="DATE" val="2016-05-05" mod="NA" />
<TIMEX3 id="T6" start="785" end="793" text="24 weeks" type="DURATION" val="P24W" mod="NA" />
<TIMEX3 id="T7" start="1054" end="1064" text="one minute" type="FREQUENCY" val="RPT1M" mod="NA" />
<TIMEX3 id="T8" start="1074" end="1086" text="five minutes" type="DURATION" val="PT5M" mod="NA" />
<TIMEX3 id="T9" start="1408" end="1423" text="day of life two" type="DATE" val="2016-05-06" mod="NA" />
<TIMEX3 id="T10" start="1521" end="1537" text="day of life four" type="DATE" val="2016-05-08" mod="NA" />
<TIMEX3 id="T11" start="1578" end="1593" text="day of life six" type="DATE" val="2016-05-10" mod="NA" />
<TIMEX3 id="T12" start="1697" end="1712" text="day of life six" type="DATE" val="2016-05-10" mod="NA" />
<TIMEX3 id="T13" start="1737" end="1742" text="05-23" type="DATE" val="2016-05-23" mod="NA" />
<TIMEX3 id="T14" start="1745" end="1759" text="day of life 18" type="DATE" val="2016-05-22" mod="NA" />
<TIMEX3 id="T15" start="1801" end="1806" text="06-10" type="DATE" val="2016-06-10" mod="NA" />
<TIMEX3 id="T16" start="2084" end="2091" text="per day" type="FREQUENCY" val="RP1D" mod="NA" />
<TIMEX3 id="T17" start="2158" end="2174" text="day of life four" type="DATE" val="2016-05-08" mod="NA" />
<TIMEX3 id="T18" start="2235" end="2242" text="per day" type="FREQUENCY" val="RP1D" mod="NA" />
<TIMEX3 id="T20" start="2246" end="2263" text="day of life seven" type="DATE" val="2016-05-11" mod="NA" />
<TIMEX3 id="T21" start="2531" end="2545" text="day of life 11" type="DATE" val="2016-05-15" mod="NA" />
<TIMEX3 id="T22" start="2647" end="2654" text="per day" type="FREQUENCY" val="RP1D" mod="NA" />
<TIMEX3 id="T23" start="2769" end="2785" text="day of life five" type="DATE" val="2016-05-09" mod="NA" />
<TIMEX3 id="T24" start="2849" end="2863" text="day of life 25" type="DATE" val="2016-05-29" mod="NA" />
<TIMEX3 id="T25" start="2992" end="3007" text="day of life two" type="DATE" val="2016-05-06" mod="NA" />
<TIMEX3 id="T26" start="3145" end="3160" text="day of life six" type="DATE" val="2016-05-10" mod="NA" />
<TIMEX3 id="T27" start="3190" end="3207" text="day of life seven" type="DATE" val="2016-05-11" mod="NA" />
<TIMEX3 id="T28" start="3358" end="3373" text="day of life two" type="DATE" val="2016-05-06" mod="NA" />
<TIMEX3 id="T29" start="3508" end="3523" text="day of life two" type="DATE" val="2016-05-06" mod="NA" />
<TIMEX3 id="T30" start="3633" end="3650" text="day of life three" type="DATE" val="2016-05-07" mod="NA" />
<TIMEX3 id="T31" start="3705" end="3713" text="48 hours" type="DURATION" val="P2D" mod="NA" />
<TIMEX3 id="T32" start="3907" end="3924" text="day of life seven" type="DATE" val="2016-05-11" mod="NA" />
<TIMEX3 id="T33" start="3993" end="4007" text="day of life 33" type="DATE" val="2016-06-06" mod="NA" />
<TIMEX3 id="T34" start="4008" end="4013" text="06-07" type="DATE" val="2016-06-07" mod="NA" />
<TIMEX3 id="T35" start="4227" end="4236" text="one month" type="FREQUENCY" val="RP1M" mod="NA" />
<TIMEX3 id="T36" start="4435" end="4440" text="05-30" type="DATE" val="2016-05-30" mod="NA" />
<TIMEX3 id="T37" start="4558" end="4566" text="the week" type="DURATION" val="P1W" mod="NA" />
<TIMEX3 id="T38" start="4570" end="4575" text="06-20" type="DATE" val="2016-06-20" mod="NA" />
<EVENT id="ETEST165" start="384" end="399" text="Prenatal screen" modality="FACTUAL" polarity="POS" type="TEST" />
<EVENT id="ETEST166" start="415" end="423" text="antibody" modality="FACTUAL" polarity="POS" type="TEST" />
<EVENT id="ETEST167" start="435" end="438" text="RPR" modality="FACTUAL" polarity="POS" type="TEST" />
<EVENT id="ETEST168" start="453" end="480" text="hepatitis B surface antigen" modality="FACTUAL" polarity="POS" type="TEST" />
<EVENT id="ETEST169" start="518" end="525" text="Rubella" modality="FACTUAL" polarity="POS" type="TEST" />
<EVENT id="ETEST170" start="669" end="685" text="vaginal pressure" modality="FACTUAL" polarity="POS" type="TEST" />
<EVENT id="ETEST171" start="1037" end="1043" text="Apgars" modality="FACTUAL" polarity="POS" type="TEST" />
<EVENT id="ETEST172" start="1333" end="1360" text="Initial capillary blood gas" modality="FACTUAL" polarity="POS" type="TEST" />
<EVENT id="ETEST173" start="1365" end="1367" text="pH" modality="FACTUAL" polarity="POS" type="TEST" />
<EVENT id="ETEST174" start="1375" end="1378" text="CO2" modality="FACTUAL" polarity="POS" type="TEST" />
<EVENT id="ETEST175" start="1922" end="1932" text="Heart rate" modality="FACTUAL" polarity="POS" type="TEST" />
<EVENT id="ETEST176" start="1946" end="1965" text="mean blood pressure" modality="FACTUAL" polarity="POS" type="TEST" />
<EVENT id="ETEST177" start="2657" end="2679" text="The most recent weight" modality="FACTUAL" polarity="POS" type="TEST" />
<EVENT id="ETEST178" start="2691" end="2709" text="Head circumference" modality="FACTUAL" polarity="POS" type="TEST" />
<EVENT id="ETEST179" start="2720" end="2726" text="length" modality="FACTUAL" polarity="POS" type="TEST" />
<EVENT id="ETEST180" start="2737" end="2765" text="The most recent electrolytes" modality="FACTUAL" polarity="POS" type="TEST" />
<EVENT id="ETEST181" start="2791" end="2797" text="sodium" modality="FACTUAL" polarity="POS" type="TEST" />
<EVENT id="ETEST182" start="2804" end="2812" text="chloride" modality="FACTUAL" polarity="POS" type="TEST" />
<EVENT id="ETEST183" start="2819" end="2828" text="potassium" modality="FACTUAL" polarity="POS" type="TEST" />
<EVENT id="ETEST184" start="2833" end="2837" text="TCO2" modality="FACTUAL" polarity="POS" type="TEST" />
<EVENT id="ETEST185" start="2866" end="2873" text="calcium" modality="FACTUAL" polarity="POS" type="TEST" />
<EVENT id="ETEST186" start="2881" end="2891" text="phosphorus" modality="FACTUAL" polarity="POS" type="TEST" />
<EVENT id="ETEST187" start="2898" end="2918" text="alkaline phosphatase" modality="FACTUAL" polarity="POS" type="TEST" />
<EVENT id="ETEST188" start="3012" end="3037" text="a maximum bilirubin level" modality="FACTUAL" polarity="POS" type="TEST" />
<EVENT id="ETEST189" start="3050" end="3058" text="a direct" modality="FACTUAL" polarity="POS" type="TEST" />
<EVENT id="ETEST190" start="3163" end="3186" text="Rebound bilirubin level" modality="FACTUAL" polarity="POS" type="TEST" />
<EVENT id="ETEST191" start="3221" end="3229" text="a direct" modality="FACTUAL" polarity="POS" type="TEST" />
<EVENT id="ETEST192" start="3328" end="3354" text="The most recent hematocrit" modality="FACTUAL" polarity="POS" type="TEST" />
<EVENT id="ETEST193" start="3384" end="3387" text="CBC" modality="FACTUAL" polarity="POS" type="TEST" />
<EVENT id="ETEST194" start="3391" end="3423" text="admission white blood cell count" modality="FACTUAL" polarity="POS" type="TEST" />
<EVENT id="ETEST195" start="3430" end="3440" text="hematocrit" modality="FACTUAL" polarity="POS" type="TEST" />
<EVENT id="ETEST196" start="3447" end="3456" text="platelets" modality="FACTUAL" polarity="POS" type="TEST" />
<EVENT id="ETEST197" start="3470" end="3481" text="neutrophils" modality="FACTUAL" polarity="POS" type="TEST" />
<EVENT id="ETEST198" start="3486" end="3491" text="bands" modality="FACTUAL" polarity="POS" type="TEST" />
<EVENT id="ETEST199" start="3494" end="3504" text="Repeat CBC" modality="FACTUAL" polarity="POS" type="TEST" />
<EVENT id="ETEST200" start="3531" end="3555" text="a white blood cell count" modality="FACTUAL" polarity="POS" type="TEST" />
<EVENT id="ETEST201" start="3565" end="3574" text="platelets" modality="FACTUAL" polarity="POS" type="TEST" />
<EVENT id="ETEST202" start="3584" end="3595" text="neutrophils" modality="FACTUAL" polarity="POS" type="TEST" />
<EVENT id="ETEST203" start="3600" end="3605" text="bands" modality="FACTUAL" polarity="POS" type="TEST" />
<EVENT id="ETEST204" start="3608" end="3629" text="Repeat platelet count" modality="FACTUAL" polarity="POS" type="TEST" />
<EVENT id="ETEST205" start="3765" end="3779" text="Blood cultures" modality="FACTUAL" polarity="POS" type="TEST" />
<EVENT id="ETEST206" start="3888" end="3903" text="Head ultrasound" modality="FACTUAL" polarity="POS" type="TEST" />
<EVENT id="ETEST207" start="3965" end="3989" text="A repeat head ultrasound" modality="FACTUAL" polarity="POS" type="TEST" />
<EVENT id="ETEST208" start="4184" end="4208" text="A repeat head ultrasound" modality="FACTUAL" polarity="POS" type="TEST" />
<EVENT id="ETEST209" start="4239" end="4270" text="Normal neurological examination" modality="FACTUAL" polarity="POS" type="TEST" />
<EVENT id="ETEST210" start="4273" end="4300" text="Sensory , hearing screening" modality="FACTUAL" polarity="POS" type="TEST" />
<EVENT id="ETEST211" start="4510" end="4533" text="A follow up examination" modality="FACTUAL" polarity="POS" type="TEST" />

<EVENT id="EPROBLEM333" start="220" end="245" text="progressive preterm labor" modality="FACTUAL" polarity="POS" type="PROBLEM" />
<EVENT id="EPROBLEM334" start="560" end="589" text="gestational diabetes mellitus" modality="FACTUAL" polarity="POS" type="PROBLEM" />
<EVENT id="EPROBLEM335" start="606" end="619" text="preterm labor" modality="FACTUAL" polarity="POS" type="PROBLEM" />
<EVENT id="EPROBLEM336" start="644" end="664" text="abdominal discomfort" modality="FACTUAL" polarity="POS" type="PROBLEM" />
<EVENT id="EPROBLEM337" start="669" end="685" text="vaginal pressure" modality="FACTUAL" polarity="POS" type="PROBLEM" />
<EVENT id="EPROBLEM338" start="874" end="887" text="preterm labor" modality="FACTUAL" polarity="POS" type="PROBLEM" />
<EVENT id="EPROBLEM339" start="890" end="907" text="cervical dilation" modality="FACTUAL" polarity="POS" type="PROBLEM" />
<EVENT id="EPROBLEM340" start="1109" end="1141" text="mild increased work of breathing" modality="FACTUAL" polarity="POS" type="PROBLEM" />
<EVENT id="EPROBLEM341" start="1428" end="1458" text="increased respiratory distress" modality="FACTUAL" polarity="POS" type="PROBLEM" />
<EVENT id="EPROBLEM342" start="1763" end="1777" text="The last apnea" modality="FACTUAL" polarity="POS" type="PROBLEM" />
<EVENT id="EPROBLEM343" start="1782" end="1793" text="bradycardia" modality="FACTUAL" polarity="POS" type="PROBLEM" />
<EVENT id="EPROBLEM344" start="1913" end="1919" text="murmur" modality="FACTUAL" polarity="NEG" type="PROBLEM" />
<EVENT id="EPROBLEM345" start="3756" end="3762" text="sepsis" modality="FACTUAL" polarity="NEG" type="PROBLEM" />
<EVENT id="EPROBLEM346" start="3827" end="3837" text="any issues" modality="FACTUAL" polarity="NEG" type="PROBLEM" />
<EVENT id="EPROBLEM347" start="3843" end="3849" text="sepsis" modality="FACTUAL" polarity="NEG" type="PROBLEM" />
<EVENT id="EPROBLEM348" start="3935" end="3962" text="intraventricular hemorrhage" modality="FACTUAL" polarity="NEG" type="PROBLEM" />
<EVENT id="EPROBLEM349" start="4021" end="4082" text="a slight increase of echogenicity in the caudothalamic groove" modality="FACTUAL" polarity="POS" type="PROBLEM" />
<EVENT id="EPROBLEM350" start="4105" end="4147" text="tiny bilateral germinal matrix hemorrhages" modality="FACTUAL" polarity="POS" type="PROBLEM" />
<EVENT id="EPROBLEM351" start="4153" end="4181" text="periventricular leukomalacia" modality="FACTUAL" polarity="NEG" type="PROBLEM" />
<EVENT id="EPROBLEM352" start="4451" end="4484" text="immaturity of the retinal vessels" modality="FACTUAL" polarity="POS" type="PROBLEM" />
<EVENT id="EPROBLEM353" start="4494" end="4497" text="ROP" modality="FACTUAL" polarity="POS" type="PROBLEM" />

<EVENT id="ETREATMENT221" start="196" end="212" text="cesarean section" modality="FACTUAL" polarity="POS" type="TREATMENT" />
<EVENT id="ETREATMENT222" start="751" end="781" text="a full course of betamethasone" modality="FACTUAL" polarity="POS" type="TREATMENT" />
<EVENT id="ETREATMENT223" start="933" end="956" text="repeat cesarean section" modality="FACTUAL" polarity="POS" type="TREATMENT" />
<EVENT id="ETREATMENT224" start="986" end="1000" text="blow by oxygen" modality="FACTUAL" polarity="POS" type="TREATMENT" />
<EVENT id="ETREATMENT225" start="1005" end="1017" text="routine care" modality="FACTUAL" polarity="POS" type="TREATMENT" />
<EVENT id="ETREATMENT226" start="1219" end="1230" text="facial CPAP" modality="FACTUAL" polarity="POS" type="TREATMENT" />
<EVENT id="ETREATMENT227" start="1299" end="1303" text="CPAP" modality="FACTUAL" polarity="POS" type="TREATMENT" />
<EVENT id="ETREATMENT228" start="1324" end="1330" text="oxygen" modality="FACTUAL" polarity="POS" type="TREATMENT" />
<EVENT id="ETREATMENT229" start="1395" end="1404" text="intubated" modality="FACTUAL" polarity="POS" type="TREATMENT" />
<EVENT id="ETREATMENT230" start="1484" end="1494" text="surfactant" modality="FACTUAL" polarity="POS" type="TREATMENT" />
<EVENT id="ETREATMENT231" start="1541" end="1545" text="CPAP" modality="FACTUAL" polarity="POS" type="TREATMENT" />
<EVENT id="ETREATMENT232" start="1665" end="1681" text="Caffeine citrate" modality="FACTUAL" polarity="POS" type="TREATMENT" />
<EVENT id="ETREATMENT233" start="2138" end="2154" text="enteral feedings" modality="FACTUAL" polarity="POS" type="TREATMENT" />
<EVENT id="ETREATMENT234" start="2191" end="2211" text="full volume feedings" modality="FACTUAL" polarity="POS" type="TREATMENT" />
<EVENT id="ETREATMENT235" start="2310" end="2330" text="parenteral nutrition" modality="FACTUAL" polarity="POS" type="TREATMENT" />
<EVENT id="ETREATMENT236" start="2335" end="2346" text="intralipids" modality="FACTUAL" polarity="POS" type="TREATMENT" />
<EVENT id="ETREATMENT237" start="2521" end="2527" text="ProMod" modality="FACTUAL" polarity="POS" type="TREATMENT" />
<EVENT id="ETREATMENT238" start="2586" end="2593" text="Enfamil" modality="FACTUAL" polarity="POS" type="TREATMENT" />
<EVENT id="ETREATMENT239" start="2969" end="2988" text="double phototherapy" modality="FACTUAL" polarity="POS" type="TREATMENT" />
<EVENT id="ETREATMENT240" start="3088" end="3107" text="single phototherapy" modality="FACTUAL" polarity="POS" type="TREATMENT" />
<EVENT id="ETREATMENT241" start="3112" end="3124" text="phototherapy" modality="FACTUAL" polarity="POS" type="TREATMENT" />
<EVENT id="ETREATMENT242" start="3282" end="3304" text="any blood transfusions" modality="FACTUAL" polarity="NEG" type="TREATMENT" />
<EVENT id="ETREATMENT243" start="3717" end="3727" text="ampicillin" modality="FACTUAL" polarity="POS" type="TREATMENT" />
<EVENT id="ETREATMENT244" start="3732" end="3742" text="gentamicin" modality="FACTUAL" polarity="POS" type="TREATMENT" />

<EVENT id="ECLINICAL_DEPT36" start="1145" end="1162" text="the delivery room" modality="FACTUAL" polarity="POS" type="CLINICAL_DEPT" />
<EVENT id="ECLINICAL_DEPT37" start="1187" end="1215" text="Neonatal Intensive Care Unit" modality="FACTUAL" polarity="POS" type="CLINICAL_DEPT" />
<EVENT id="ECLINICAL_DEPT38" start="4689" end="4721" text="the Neonatal Intensive Care Unit" modality="FACTUAL" polarity="POS" type="CLINICAL_DEPT" />

<EVENT id="EEVIDENTIAL40" start="629" end="638" text="presented" modality="FACTUAL" polarity="POS" type="EVIDENTIAL" />
<EVENT id="EEVIDENTIAL41" start="1096" end="1108" text="demonstrated" modality="FACTUAL" polarity="POS" type="EVIDENTIAL" />
<EVENT id="EEVIDENTIAL42" start="3524" end="3530" text="showed" modality="FACTUAL" polarity="POS" type="EVIDENTIAL" />
<EVENT id="EEVIDENTIAL43" start="3925" end="3931" text="showed" modality="FACTUAL" polarity="POS" type="EVIDENTIAL" />
<EVENT id="EEVIDENTIAL44" start="4014" end="4020" text="showed" modality="FACTUAL" polarity="POS" type="EVIDENTIAL" />

<EVENT id="EOCCURRENCE143" start="1" end="10" text="Admission" modality="FACTUAL" polarity="POS" type="OCCURRENCE" />
<EVENT id="EOCCURRENCE144" start="29" end="38" text="Discharge" modality="FACTUAL" polarity="POS" type="OCCURRENCE" />
<EVENT id="EOCCURRENCE145" start="258" end="267" text="gestation" modality="FACTUAL" polarity="POS" type="OCCURRENCE" />
<EVENT id="EOCCURRENCE146" start="729" end="737" text="admitted" modality="FACTUAL" polarity="POS" type="OCCURRENCE" />
<EVENT id="EOCCURRENCE147" start="798" end="815" text="remained in house" modality="FACTUAL" polarity="POS" type="OCCURRENCE" />
<EVENT id="EOCCURRENCE148" start="822" end="830" text="delivery" modality="FACTUAL" polarity="POS" type="OCCURRENCE" />
<EVENT id="EOCCURRENCE149" start="840" end="849" text="presented" modality="FACTUAL" polarity="POS" type="OCCURRENCE" />
<EVENT id="EOCCURRENCE150" start="1172" end="1183" text="transported" modality="FACTUAL" polarity="POS" type="OCCURRENCE" />
<EVENT id="EOCCURRENCE151" start="1269" end="1278" text="admission" modality="FACTUAL" polarity="POS" type="OCCURRENCE" />
<EVENT id="EOCCURRENCE152" start="1508" end="1517" text="extubated" modality="FACTUAL" polarity="POS" type="OCCURRENCE" />
<EVENT id="EOCCURRENCE153" start="1550" end="1562" text="transitioned" modality="FACTUAL" polarity="POS" type="OCCURRENCE" />
<EVENT id="EOCCURRENCE154" start="1643" end="1662" text="the hospitalization" modality="FACTUAL" polarity="POS" type="OCCURRENCE" />
<EVENT id="EOCCURRENCE155" start="1853" end="1875" text="hemodynamically stable" modality="FACTUAL" polarity="POS" type="OCCURRENCE" />
<EVENT id="EOCCURRENCE156" start="1887" end="1907" text="this hospitalization" modality="FACTUAL" polarity="POS" type="OCCURRENCE" />
<EVENT id="EOCCURRENCE157" start="2273" end="2299" text="feeding advancement infant" modality="FACTUAL" polarity="POS" type="OCCURRENCE" />
<EVENT id="EOCCURRENCE158" start="2360" end="2369" text="tolerated" modality="FACTUAL" polarity="POS" type="OCCURRENCE" />
<EVENT id="EOCCURRENCE159" start="2370" end="2389" text="feeding advancement" modality="FACTUAL" polarity="POS" type="OCCURRENCE" />
<EVENT id="EOCCURRENCE160" start="3075" end="3084" text="decreased" modality="FACTUAL" polarity="POS" type="OCCURRENCE" />
<EVENT id="EOCCURRENCE161" start="3305" end="3325" text="this hospitalization" modality="FACTUAL" polarity="NEG" type="OCCURRENCE" />
<EVENT id="EOCCURRENCE162" start="3850" end="3870" text="this hospitalization" modality="FACTUAL" polarity="NEG" type="OCCURRENCE" />
<EVENT id="EOCCURRENCE163" start="4320" end="4359" text="automated auditory brain stem responses" modality="FACTUAL" polarity="POS" type="OCCURRENCE" />
<EVENT id="EOCCURRENCE164" start="4369" end="4385" text="passed both ears" modality="FACTUAL" polarity="POS" type="OCCURRENCE" />

</TAGS>
</ClinicalNarrativeTemporalAnnotation>
