<?xml version="1.0" encoding="UTF-8" ?>
<ClinicalNarrativeTemporalAnnotation>
<TEXT><![CDATA[
Admission Date :
2014-04-14
Discharge Date :
2014-04-19
Service :
CMED
HISTORY OF PRESENT ILLNESS :
Baby boy Liles is the 2.985 kg product of a 34 week gestation born to a 30-year-old G3 , P0 , now 1 mother .
Prenatal screens - A positive , antibody negative , hepatitis surface antigen negative , RPR nonreactive , rubella immune , GBS unknown .
PAST OBSTETRICAL HISTORY :
Remarkable for an intrauterine fetal demise at 30 weeks gestation . 
This pregnancy complicated by hydramnios also .
The baby 's autopsy was reported to be normal .
Dates are by first trimester ultrasound .
Pregnancy was complicated by severe polyhydramnios with an AFI of 45 just prior to delivery .
Mother has had multiple ultrasounds and fetal surveys at 17 and 21 weeks that had been unremarkable .
Mother was transferred to the Debbie-Monaco from Western Mass. Hospital Hospital in the middle of January with increasing polyhydramnios and preterm labor .
She received a full course of betamethasone on 03-28 and was treated with magnesium sulfate until 04-12 .
She was given 1 dose of nifedipine 2 days ago as a tocolytic without effect .
Delivery by cesarean section was prompted by ongoing labor .
Preterm labor with new onset of late decelerations and breech presentation .
Nuchal cord was noted at delivery .
The infant cried after bulb suctioning and stimulation .
Apgars were 8 and 8 .
SUMMARY OF HOSPITAL COURSE BY SYSTEMS :
RESPIRATORY :
Jacqueline has been admitted to the newborn intensive care unit and has been stable in room air since admission .
CARDIOVASCULAR :
Infant has an audible murmur .
Cardiology consult of the infant on 04-18 .
Echocardiogram results were within normal limits revealing a PPS murmur .
FLUIDS , ELECTROLYTES AND NUTRITION :
Birth weight was 2.985 kg .
Discharge weight ..
The infant was initially started on 60 cc per kg per day of D10W .
Enteral feedings were initiated on day of life No.1 .
The infant is currently on a 120 cc per kg per day of premature Enfamil 20 calorie or breast milk , tolerating feeds well .
Electrolytes on day of life 1 showed a sodium of 142 , potassium of 5.1 , chloride of 108 , and total CO2 of 23 .
GASTROINTESTINAL :
Bilirubin on 04-17 was 8.2/0.3 .
Surgery was consulted to rule out a TE fistula as the infant had an incidental pass of a gavage tube into his right bronchus .
TEF was primarily ruled out as Baker was passed easily to stomach and x-ray revealed good position .
HEMATOLOGY :
Hematocrit on admission was 38.2 .
The infant has not required any blood transfusions .
INFECTIOUS DISEASE :
CBC and blood cultures were obtained on admission .
CBC was benign and blood cultures remained negative at 48 hours at which time ampicillin and gentamicin were discontinued .
Initial CBC had a white count of 16 , platelet count of 204 , 53 polys and 0 bands .
NEUROLOGY :
Appropriate for gestational age .
MUSCULOSKELETAL :
Of note incidental finding on x-ray , the infant has a hemivertebra at T11 .
AUDIOLOGY :
Hearing screen has not been done but should be done prior to discharge .
]]></TEXT>
<TAGS>
<TIMEX3 id="T0" start="18" end="28" text="2014-04-14" type="DATE" val="2014-04-14" mod="NA" />
<TIMEX3 id="T1" start="46" end="56" text="2014-04-19" type="DATE" val="2014-04-19" mod="NA" />
<TIMEX3 id="T2" start="145" end="152" text="34 week" type="DURATION" val="P34W" mod="NA" />
<TIMEX3 id="T3" start="422" end="430" text="30 weeks" type="DURATION" val="P30W" mod="NA" />
<TIMEX3 id="T4" start="733" end="748" text="17 and 21 weeks" type="DURATION" val="P19.0W" mod="NA" />
<TIMEX3 id="T5" start="862" end="883" text="the middle of January" type="DATE" val="2014-01" mod="MID" />
<TIMEX3 id="T6" start="982" end="987" text="03-28" type="DATE" val="2014-03-28" mod="NA" />
<TIMEX3 id="T7" start="1033" end="1038" text="04-12" type="DATE" val="2014-04-12" mod="NA" />
<TIMEX3 id="T8" start="1076" end="1086" text="2 days ago" type="DATE" val="2014-04-10" mod="NA" />
<TIMEX3 id="T9" start="1624" end="1629" text="04-18" type="DATE" val="2014-04-18" mod="NA" />
<TIMEX3 id="T10" start="1841" end="1848" text="per day" type="FREQUENCY" val="RP1D" mod="NA" />
<TIMEX3 id="T11" start="1956" end="1963" text="per day" type="FREQUENCY" val="RP1D" mod="NA" />
<TIMEX3 id="T12" start="2053" end="2066" text="day of life 1" type="DATE" val="2014-04-14" mod="NA" />
<TIMEX3 id="T13" start="2183" end="2188" text="04-17" type="DATE" val="2014-04-17" mod="NA" />
<TIMEX3 id="T14" start="2660" end="2668" text="48 hours" type="DURATION" val="P2D" mod="NA" />
<EVENT id="ETEST212" start="210" end="226" text="Prenatal screens" modality="FACTUAL" polarity="POS" type="TEST" />
<EVENT id="ETEST213" start="242" end="250" text="antibody" modality="FACTUAL" polarity="POS" type="TEST" />
<EVENT id="ETEST214" start="262" end="287" text="hepatitis surface antigen" modality="FACTUAL" polarity="POS" type="TEST" />
<EVENT id="ETEST215" start="299" end="302" text="RPR" modality="FACTUAL" polarity="POS" type="TEST" />
<EVENT id="ETEST216" start="317" end="324" text="rubella" modality="FACTUAL" polarity="POS" type="TEST" />
<EVENT id="ETEST217" start="334" end="337" text="GBS" modality="FACTUAL" polarity="POS" type="TEST" />
<EVENT id="ETEST218" start="492" end="511" text="The baby 's autopsy" modality="FACTUAL" polarity="POS" type="TEST" />
<EVENT id="ETEST219" start="553" end="579" text="first trimester ultrasound" modality="FACTUAL" polarity="POS" type="TEST" />
<EVENT id="ETEST220" start="691" end="729" text="multiple ultrasounds and fetal surveys" modality="FACTUAL" polarity="POS" type="TEST" />
<EVENT id="ETEST221" start="1350" end="1356" text="Apgars" modality="FACTUAL" polarity="POS" type="TEST" />
<EVENT id="ETEST222" start="1632" end="1646" text="Echocardiogram" modality="FACTUAL" polarity="POS" type="TEST" />
<EVENT id="ETEST223" start="1744" end="1756" text="Birth weight" modality="FACTUAL" polarity="POS" type="TEST" />
<EVENT id="ETEST224" start="2037" end="2049" text="Electrolytes" modality="FACTUAL" polarity="POS" type="TEST" />
<EVENT id="ETEST225" start="2074" end="2082" text="a sodium" modality="FACTUAL" polarity="POS" type="TEST" />
<EVENT id="ETEST226" start="2092" end="2101" text="potassium" modality="FACTUAL" polarity="POS" type="TEST" />
<EVENT id="ETEST227" start="2111" end="2119" text="chloride" modality="FACTUAL" polarity="POS" type="TEST" />
<EVENT id="ETEST228" start="2133" end="2142" text="total CO2" modality="FACTUAL" polarity="POS" type="TEST" />
<EVENT id="ETEST229" start="2170" end="2179" text="Bilirubin" modality="FACTUAL" polarity="POS" type="TEST" />
<EVENT id="ETEST230" start="2400" end="2405" text="x-ray" modality="FACTUAL" polarity="NEG" type="TEST" />
<EVENT id="ETEST231" start="2444" end="2454" text="Hematocrit" modality="FACTUAL" polarity="POS" type="TEST" />
<EVENT id="ETEST232" start="2553" end="2556" text="CBC" modality="FACTUAL" polarity="POS" type="TEST" />
<EVENT id="ETEST233" start="2561" end="2575" text="blood cultures" modality="FACTUAL" polarity="POS" type="TEST" />
<EVENT id="ETEST234" start="2605" end="2608" text="CBC" modality="FACTUAL" polarity="POS" type="TEST" />
<EVENT id="ETEST235" start="2624" end="2638" text="blood cultures" modality="FACTUAL" polarity="POS" type="TEST" />
<EVENT id="ETEST236" start="2729" end="2740" text="Initial CBC" modality="FACTUAL" polarity="POS" type="TEST" />
<EVENT id="ETEST237" start="2745" end="2758" text="a white count" modality="FACTUAL" polarity="POS" type="TEST" />
<EVENT id="ETEST238" start="2767" end="2781" text="platelet count" modality="FACTUAL" polarity="POS" type="TEST" />
<EVENT id="ETEST239" start="2794" end="2799" text="polys" modality="FACTUAL" polarity="POS" type="TEST" />
<EVENT id="ETEST240" start="2806" end="2811" text="bands" modality="FACTUAL" polarity="POS" type="TEST" />
<EVENT id="ETEST241" start="2967" end="2981" text="Hearing screen" modality="FACTUAL" polarity="POS" type="TEST" />

<EVENT id="EPROBLEM354" start="390" end="418" text="an intrauterine fetal demise" modality="FACTUAL" polarity="POS" type="PROBLEM" />
<EVENT id="EPROBLEM355" start="444" end="458" text="This pregnancy" modality="FACTUAL" polarity="POS" type="PROBLEM" />
<EVENT id="EPROBLEM356" start="611" end="632" text="severe polyhydramnios" modality="FACTUAL" polarity="POS" type="PROBLEM" />
<EVENT id="EPROBLEM357" start="889" end="914" text="increasing polyhydramnios" modality="FACTUAL" polarity="POS" type="PROBLEM" />
<EVENT id="EPROBLEM358" start="919" end="932" text="preterm labor" modality="FACTUAL" polarity="POS" type="PROBLEM" />
<EVENT id="EPROBLEM359" start="1164" end="1177" text="ongoing labor" modality="FACTUAL" polarity="POS" type="PROBLEM" />
<EVENT id="EPROBLEM360" start="1180" end="1193" text="Preterm labor" modality="FACTUAL" polarity="POS" type="PROBLEM" />
<EVENT id="EPROBLEM361" start="1212" end="1254" text="late decelerations and breech presentation" modality="FACTUAL" polarity="POS" type="PROBLEM" />
<EVENT id="EPROBLEM362" start="1257" end="1268" text="Nuchal cord" modality="FACTUAL" polarity="POS" type="PROBLEM" />
<EVENT id="EPROBLEM363" start="1568" end="1585" text="an audible murmur" modality="FACTUAL" polarity="POS" type="PROBLEM" />
<EVENT id="EPROBLEM364" start="1691" end="1703" text="a PPS murmur" modality="FACTUAL" polarity="POS" type="PROBLEM" />
<EVENT id="EPROBLEM365" start="2237" end="2249" text="a TE fistula" modality="FACTUAL" polarity="NEG" type="PROBLEM" />
<EVENT id="EPROBLEM366" start="2268" end="2286" text="an incidental pass" modality="FACTUAL" polarity="NEG" type="PROBLEM" />

<EVENT id="ETREATMENT245" start="948" end="978" text="a full course of betamethasone" modality="FACTUAL" polarity="POS" type="TREATMENT" />
<EVENT id="ETREATMENT246" start="1009" end="1026" text="magnesium sulfate" modality="FACTUAL" polarity="POS" type="TREATMENT" />
<EVENT id="ETREATMENT247" start="1065" end="1075" text="nifedipine" modality="FACTUAL" polarity="POS" type="TREATMENT" />
<EVENT id="ETREATMENT248" start="1131" end="1147" text="cesarean section" modality="FACTUAL" polarity="POS" type="TREATMENT" />
<EVENT id="ETREATMENT249" start="1316" end="1331" text="bulb suctioning" modality="FACTUAL" polarity="POS" type="TREATMENT" />
<EVENT id="ETREATMENT250" start="1336" end="1347" text="stimulation" modality="FACTUAL" polarity="POS" type="TREATMENT" />
<EVENT id="ETREATMENT251" start="1852" end="1856" text="D10W" modality="FACTUAL" polarity="POS" type="TREATMENT" />
<EVENT id="ETREATMENT252" start="1859" end="1875" text="Enteral feedings" modality="FACTUAL" polarity="POS" type="TREATMENT" />
<EVENT id="ETREATMENT253" start="1967" end="1984" text="premature Enfamil" modality="FACTUAL" polarity="POS" type="TREATMENT" />
<EVENT id="ETREATMENT254" start="2290" end="2303" text="a gavage tube" modality="FACTUAL" polarity="NEG" type="TREATMENT" />
<EVENT id="ETREATMENT255" start="2507" end="2529" text="any blood transfusions" modality="FACTUAL" polarity="NEG" type="TREATMENT" />
<EVENT id="ETREATMENT256" start="2683" end="2693" text="ampicillin" modality="FACTUAL" polarity="POS" type="TREATMENT" />
<EVENT id="ETREATMENT257" start="2698" end="2708" text="gentamicin" modality="FACTUAL" polarity="POS" type="TREATMENT" />

<EVENT id="ECLINICAL_DEPT39" start="804" end="858" text="the Debbie-Monaco from Western Mass. Hospital Hospital" modality="FACTUAL" polarity="POS" type="CLINICAL_DEPT" />
<EVENT id="ECLINICAL_DEPT40" start="1458" end="1489" text="the newborn intensive care unit" modality="FACTUAL" polarity="POS" type="CLINICAL_DEPT" />

<EVENT id="EEVIDENTIAL45" start="2067" end="2073" text="showed" modality="FACTUAL" polarity="POS" type="EVIDENTIAL" />
<EVENT id="EEVIDENTIAL46" start="2406" end="2414" text="revealed" modality="FACTUAL" polarity="NEG" type="EVIDENTIAL" />

<EVENT id="EOCCURRENCE165" start="1" end="10" text="Admission" modality="FACTUAL" polarity="POS" type="OCCURRENCE" />
<EVENT id="EOCCURRENCE166" start="29" end="38" text="Discharge" modality="FACTUAL" polarity="POS" type="OCCURRENCE" />
<EVENT id="EOCCURRENCE167" start="153" end="162" text="gestation" modality="FACTUAL" polarity="POS" type="OCCURRENCE" />
<EVENT id="EOCCURRENCE168" start="431" end="440" text="gestation" modality="FACTUAL" polarity="POS" type="OCCURRENCE" />
<EVENT id="EOCCURRENCE169" start="444" end="458" text="This pregnancy" modality="FACTUAL" polarity="POS" type="OCCURRENCE" />
<EVENT id="EOCCURRENCE170" start="789" end="800" text="transferred" modality="FACTUAL" polarity="POS" type="OCCURRENCE" />
<EVENT id="EOCCURRENCE171" start="1164" end="1177" text="ongoing labor" modality="FACTUAL" polarity="POS" type="OCCURRENCE" />
<EVENT id="EOCCURRENCE172" start="1304" end="1309" text="cried" modality="FACTUAL" polarity="POS" type="OCCURRENCE" />
<EVENT id="EOCCURRENCE173" start="1446" end="1454" text="admitted" modality="FACTUAL" polarity="POS" type="OCCURRENCE" />
<EVENT id="EOCCURRENCE174" start="1503" end="1509" text="stable" modality="FACTUAL" polarity="POS" type="OCCURRENCE" />
<EVENT id="EOCCURRENCE175" start="1528" end="1537" text="admission" modality="FACTUAL" polarity="POS" type="OCCURRENCE" />
<EVENT id="EOCCURRENCE176" start="1588" end="1606" text="Cardiology consult" modality="FACTUAL" polarity="POS" type="OCCURRENCE" />
<EVENT id="EOCCURRENCE177" start="2013" end="2034" text="tolerating feeds well" modality="FACTUAL" polarity="POS" type="OCCURRENCE" />
<EVENT id="EOCCURRENCE178" start="2371" end="2384" text="passed easily" modality="FACTUAL" polarity="NEG" type="OCCURRENCE" />
<EVENT id="EOCCURRENCE179" start="2458" end="2467" text="admission" modality="FACTUAL" polarity="POS" type="OCCURRENCE" />
<EVENT id="EOCCURRENCE180" start="2593" end="2602" text="admission" modality="FACTUAL" polarity="POS" type="OCCURRENCE" />
<EVENT id="EOCCURRENCE181" start="3028" end="3037" text="discharge" modality="FACTUAL" polarity="POS" type="OCCURRENCE" />

</TAGS>
</ClinicalNarrativeTemporalAnnotation>