<?xml version="1.0" encoding="UTF-8" ?>
<ClinicalNarrativeTemporalAnnotation>
<TEXT><![CDATA[
Admission Date :
09/07/1992
Discharge Date :
09/12/1992
HISTORY OF PRESENT ILLNESS :
The patient is a 31 year old gravida 0 with stage IV endometrial cancer and stage III-C ovarian cancer vs metastatic endometrial cancer for line 2 , cycle 1 chemotherapy .
The patient presented in 10-90 , with heavy bleeding per vagina .
D and C showed grade II-III adenocarcinoma with squamous differentiation at Wellla Uxinny : mount Medical Center in Com St. , Tton , Arkansas 32167 .
The patient underwent TAH / BSO , partial omentectomy at CTMC in 10-90 .
At that time , tumor was found to be studding on the right diaphragm , gross tumor in the omentum and large bowel , tumor through the uterine serosa .
Pathology showed grade II-III papillary adenocarcinoma of the endometrium with squamous differentiation which was focally invasive and superficial myometrium .
The ovary showed papillary serous adeno with omental involvement consistent with an endometroid adenocarcinoma .
The question was whether or not whether she had two primaries vs metastatic endometrial cancer .
The patient underwent 6 cycles of CAP in Pemrancetul Tonsst ._
However _, during the fourth cycle _, Cytoxan was dropped .
Her CA-125 on 6-27-91 , was 249 and on 8-29-91 , was 734 .
In 05-92 , the patient was admitted to Wellla Uxinny : mount Medical Center with left leg DVT and started on Heparin therapy .
She was discharged from there on Coumadin therapy .
On admission , the patient has no complaints except anxiety .
HOSPITAL COURSE :
The patient underwent chemotherapy on the following doses :
IFEX 1.2 grams per meter squared x 3 days , MESNA 1.2 grams per meter squared x 3 days continuous IV infusion .
She had VP-16 mixed with 250 cc IV fluid given over 1 hour each day for 3 days .
She also had MESNA dose of .6 grams per meter squared after her IFEX / MESNA were completed .
The patient 's urinalysis on admission was significant for red blood cells which were TNTC as well as uric acid .
Because it was felt the patient was bleeding and the patient was contaminated , she received her IFEX / MESNA .
A repeat straight cath was negative for RBC 's .
After 1 day of chemotherapy , the patient had 8-10 RBC 's in her urine but by the second day of her IFEX infusion , she had 50-80 RBC 's in her urine as well as a few transitional epithelial cells .
Because of this finding , her IFEX was stopped before completion of her second day of infusion .
Her MESNA alone was continued at that time for IV infusion .
She did receive her VP-16 without complication .
Other significant issues were the patient 's hematocrit on admission at 31.1 which dwindled down to 26.2 by 9-10 ._
The patient was counselled and received 2 units of packed RBC 's at that time  .
However , the patient 's hematocrit bumped only to 28.1 and a repeat later on 9-11 , showed hematocrit of 27.6 .
At this time , an additional 2 units of packed RBC 's were transfused .
The third issue was that her anticoagulation was grossly out of control on admission with PT of 25.6 and PTT of 42.2 .
Her repeat on 9-8 , was 36.0 / 68.2 and her Coumadin was held .
She received no Coumadin during her admission and by the time of discharge , her PT was down to 16.2 .
She was restarted on Coumadin 2.5 mg per day .
The patient 's hematocrit on the day of discharge was 35.6 showing significant bump in her count after her second two units of packed RBC 's .
Her PT on the day of discharge was 13.2 and she was started on Coumadin 2.5 mg po q d as mentioned .
The patient was discharged on 9-12-92 , with the approval of her attending physiciana , Dr. Porriede Friednantflirt .
FOLLOW UP CARE :
On 9-28-92 , the patient will return for chemotherapy and she will follow up with her primary doctor , Dr. Jescspald , for repeat PT and Coumadin dosing on Monday , 9-14-02 .
]]></TEXT>
<TAGS>
<TIMEX3 id="T0" start="18" end="28" text="09/07/1992" type="DATE" val="1992-09-07" mod="NA" />
<TIMEX3 id="T1" start="46" end="56" text="09/12/1992" type="DATE" val="1992-09-12" mod="NA" />
<TIMEX3 id="T2" start="550" end="559" text="that time" type="DATE" val="1992-09-07" mod="NA" />
<TIMEX3 id="T3" start="1205" end="1212" text="6-27-91" type="DATE" val="1991-06-27" mod="NA" />
<TIMEX3 id="T4" start="1230" end="1237" text="8-29-91" type="DATE" val="1991-08-29" mod="NA" />
<TIMEX3 id="T5" start="1602" end="1605" text="x 3" type="FREQUENCY" val="R3" mod="NA" />
<TIMEX3 id="T7" start="1647" end="1650" text="x 3" type="FREQUENCY" val="R3" mod="NA" />
<TIMEX3 id="T9" start="1728" end="1739" text="over 1 hour" type="DURATION" val="PT1H" mod="MORE" />
<TIMEX3 id="T10" start="1740" end="1748" text="each day" type="FREQUENCY" val="RP1D" mod="NA" />
<TIMEX3 id="T11" start="1753" end="1759" text="3 days" type="DURATION" val="P3D" mod="NA" />
<TIMEX3 id="T12" start="2137" end="2142" text="1 day" type="DURATION" val="P1D" mod="NA" />
<TIMEX3 id="T13" start="2177" end="2181" text="8-10" type="DATE" val="1991-08-10" mod="NA" />
<TIMEX3 id="T14" start="2209" end="2223" text="the second day" type="DATE" val="1991-08-11" mod="APPROX" />
<TIMEX3 id="T15" start="2460" end="2469" text="that time" type="DATE" val="1991-08-11" mod="NA" />
<TIMEX3 id="T16" start="2645" end="2649" text="9-10" type="DATE" val="1991-09-10" mod="NA" />
<TIMEX3 id="T17" start="2721" end="2730" text="that time" type="DATE" val="1991-09-10" mod="NA" />
<TIMEX3 id="T18" start="2812" end="2816" text="9-11" type="DATE" val="1991-09-11" mod="NA" />
<TIMEX3 id="T19" start="2850" end="2859" text="this time" type="DATE" val="1991-09-11" mod="NA" />
<TIMEX3 id="T20" start="3155" end="3176" text="the time of discharge" type="DATE" val="1992-09-12" mod="NA" />
<TIMEX3 id="T21" start="3242" end="3249" text="per day" type="FREQUENCY" val="RP1D" mod="NA" />
<TIMEX3 id="T22" start="3281" end="3301" text="the day of discharge" type="DATE" val="1992-09-12" mod="NA" />
<TIMEX3 id="T23" start="3405" end="3425" text="the day of discharge" type="DATE" val="1992-09-12" mod="NA" />
<TIMEX3 id="T24" start="3526" end="3533" text="9-12-92" type="DATE" val="1992-09-12" mod="NA" />
<TIMEX3 id="T25" start="3634" end="3641" text="9-28-92" type="DATE" val="1992-09-28" mod="NA" />
<TIMEX3 id="T26" start="3784" end="3793" text="on Monday" type="FREQUENCY" val="R1W" mod="NA" />
<TIMEX3 id="T27" start="3796" end="3803" text="9-14-02" type="DATE" val="2002-09-14" mod="NA" />
<EVENT id="ETEST1230" start="1191" end="1201" text="Her CA-125" modality="FACTUAL" polarity="POS" type="TEST" />
<EVENT id="ETEST1231" start="1856" end="1881" text="The patient 's urinalysis" modality="FACTUAL" polarity="POS" type="TEST" />
<EVENT id="ETEST1232" start="1915" end="1930" text="red blood cells" modality="FACTUAL" polarity="POS" type="TEST" />
<EVENT id="ETEST1233" start="1958" end="1967" text="uric acid" modality="FACTUAL" polarity="POS" type="TEST" />
<EVENT id="ETEST1234" start="2082" end="2104" text="A repeat straight cath" modality="FACTUAL" polarity="POS" type="TEST" />
<EVENT id="ETEST1235" start="2122" end="2125" text="RBC" modality="FACTUAL" polarity="POS" type="TEST" />
<EVENT id="ETEST1236" start="2182" end="2185" text="RBC" modality="FACTUAL" polarity="POS" type="TEST" />
<EVENT id="ETEST1237" start="2261" end="2264" text="RBC" modality="FACTUAL" polarity="POS" type="TEST" />
<EVENT id="ETEST1238" start="2567" end="2592" text="the patient 's hematocrit" modality="FACTUAL" polarity="POS" type="TEST" />
<EVENT id="ETEST1239" start="2744" end="2769" text="the patient 's hematocrit" modality="FACTUAL" polarity="POS" type="TEST" />
<EVENT id="ETEST1240" start="2794" end="2808" text="a repeat later" modality="FACTUAL" polarity="POS" type="TEST" />
<EVENT id="ETEST1241" start="2826" end="2836" text="hematocrit" modality="FACTUAL" polarity="POS" type="TEST" />
<EVENT id="ETEST1242" start="3009" end="3011" text="PT" modality="FACTUAL" polarity="POS" type="TEST" />
<EVENT id="ETEST1243" start="3024" end="3027" text="PTT" modality="FACTUAL" polarity="POS" type="TEST" />
<EVENT id="ETEST1244" start="3179" end="3185" text="her PT" modality="FACTUAL" polarity="NEG" type="TEST" />
<EVENT id="ETEST1245" start="3252" end="3277" text="The patient 's hematocrit" modality="FACTUAL" polarity="POS" type="TEST" />
<EVENT id="ETEST1246" start="3339" end="3348" text="her count" modality="FACTUAL" polarity="POS" type="TEST" />
<EVENT id="ETEST1247" start="3754" end="3763" text="repeat PT" modality="FACTUAL" polarity="POS" type="TEST" />

<EVENT id="EPROBLEM2266" start="130" end="188" text="stage IV endometrial cancer and stage III-C ovarian cancer" modality="FACTUAL" polarity="POS" type="PROBLEM" />
<EVENT id="EPROBLEM2267" start="192" end="221" text="metastatic endometrial cancer" modality="FACTUAL" polarity="POS" type="PROBLEM" />
<EVENT id="EPROBLEM2268" start="296" end="310" text="heavy bleeding" modality="FACTUAL" polarity="POS" type="PROBLEM" />
<EVENT id="EPROBLEM2269" start="339" end="366" text="grade II-III adenocarcinoma" modality="FACTUAL" polarity="POS" type="PROBLEM" />
<EVENT id="EPROBLEM2270" start="372" end="396" text="squamous differentiation" modality="FACTUAL" polarity="POS" type="PROBLEM" />
<EVENT id="EPROBLEM2271" start="618" end="695" text="gross tumor in the omentum and large bowel , tumor through the uterine serosa" modality="FACTUAL" polarity="POS" type="PROBLEM" />
<EVENT id="EPROBLEM2272" start="715" end="771" text="grade II-III papillary adenocarcinoma of the endometrium" modality="FACTUAL" polarity="POS" type="PROBLEM" />
<EVENT id="EPROBLEM2273" start="777" end="801" text="squamous differentiation" modality="FACTUAL" polarity="POS" type="PROBLEM" />
<EVENT id="EPROBLEM2274" start="812" end="855" text="focally invasive and superficial myometrium" modality="FACTUAL" polarity="POS" type="PROBLEM" />
<EVENT id="EPROBLEM2275" start="875" end="897" text="papillary serous adeno" modality="FACTUAL" polarity="POS" type="PROBLEM" />
<EVENT id="EPROBLEM2276" start="903" end="922" text="omental involvement" modality="FACTUAL" polarity="POS" type="PROBLEM" />
<EVENT id="EPROBLEM2277" start="939" end="968" text="an endometroid adenocarcinoma" modality="FACTUAL" polarity="POS" type="PROBLEM" />
<EVENT id="EPROBLEM2278" start="1036" end="1065" text="metastatic endometrial cancer" modality="FACTUAL" polarity="NEG" type="PROBLEM" />
<EVENT id="EPROBLEM2279" start="1331" end="1343" text="left leg DVT" modality="FACTUAL" polarity="POS" type="PROBLEM" />
<EVENT id="EPROBLEM2280" start="1463" end="1473" text="complaints" modality="FACTUAL" polarity="POS" type="PROBLEM" />
<EVENT id="EPROBLEM2281" start="1481" end="1488" text="anxiety" modality="FACTUAL" polarity="POS" type="PROBLEM" />
<EVENT id="EPROBLEM2282" start="2006" end="2014" text="bleeding" modality="FACTUAL" polarity="POS" type="PROBLEM" />
<EVENT id="EPROBLEM2283" start="2292" end="2327" text="a few transitional epithelial cells" modality="FACTUAL" polarity="POS" type="PROBLEM" />
<EVENT id="EPROBLEM2284" start="2522" end="2534" text="complication" modality="FACTUAL" polarity="NEG" type="PROBLEM" />
<EVENT id="EPROBLEM2285" start="3319" end="3348" text="significant bump in her count" modality="FACTUAL" polarity="POS" type="PROBLEM" />

<EVENT id="ETREATMENT1694" start="243" end="255" text="chemotherapy" modality="FACTUAL" polarity="POS" type="TREATMENT" />
<EVENT id="ETREATMENT1695" start="496" end="505" text="TAH / BSO" modality="FACTUAL" polarity="POS" type="TREATMENT" />
<EVENT id="ETREATMENT1696" start="508" end="527" text="partial omentectomy" modality="FACTUAL" polarity="POS" type="TREATMENT" />
<EVENT id="ETREATMENT1697" start="1169" end="1176" text="Cytoxan" modality="FACTUAL" polarity="POS" type="TREATMENT" />
<EVENT id="ETREATMENT1698" start="1359" end="1374" text="Heparin therapy" modality="FACTUAL" polarity="POS" type="TREATMENT" />
<EVENT id="ETREATMENT1699" start="1410" end="1426" text="Coumadin therapy" modality="FACTUAL" polarity="POS" type="TREATMENT" />
<EVENT id="ETREATMENT1700" start="1531" end="1543" text="chemotherapy" modality="FACTUAL" polarity="POS" type="TREATMENT" />
<EVENT id="ETREATMENT1701" start="1569" end="1573" text="IFEX" modality="FACTUAL" polarity="POS" type="TREATMENT" />
<EVENT id="ETREATMENT1702" start="1613" end="1618" text="MESNA" modality="FACTUAL" polarity="POS" type="TREATMENT" />
<EVENT id="ETREATMENT1703" start="1656" end="1678" text="continuous IV infusion" modality="FACTUAL" polarity="POS" type="TREATMENT" />
<EVENT id="ETREATMENT1704" start="1689" end="1694" text="VP-16" modality="FACTUAL" polarity="POS" type="TREATMENT" />
<EVENT id="ETREATMENT1705" start="1706" end="1721" text="250 cc IV fluid" modality="FACTUAL" polarity="POS" type="TREATMENT" />
<EVENT id="ETREATMENT1706" start="1775" end="1785" text="MESNA dose" modality="FACTUAL" polarity="POS" type="TREATMENT" />
<EVENT id="ETREATMENT1707" start="1822" end="1830" text="her IFEX" modality="FACTUAL" polarity="POS" type="TREATMENT" />
<EVENT id="ETREATMENT1708" start="1833" end="1838" text="MESNA" modality="FACTUAL" polarity="POS" type="TREATMENT" />
<EVENT id="ETREATMENT1709" start="2063" end="2071" text="her IFEX" modality="FACTUAL" polarity="POS" type="TREATMENT" />
<EVENT id="ETREATMENT1710" start="2074" end="2079" text="MESNA" modality="FACTUAL" polarity="POS" type="TREATMENT" />
<EVENT id="ETREATMENT1711" start="2146" end="2158" text="chemotherapy" modality="FACTUAL" polarity="POS" type="TREATMENT" />
<EVENT id="ETREATMENT1712" start="2227" end="2244" text="her IFEX infusion" modality="FACTUAL" polarity="POS" type="TREATMENT" />
<EVENT id="ETREATMENT1713" start="2356" end="2364" text="her IFEX" modality="FACTUAL" polarity="POS" type="TREATMENT" />
<EVENT id="ETREATMENT1714" start="2427" end="2442" text="Her MESNA alone" modality="FACTUAL" polarity="POS" type="TREATMENT" />
<EVENT id="ETREATMENT1715" start="2474" end="2485" text="IV infusion" modality="FACTUAL" polarity="POS" type="TREATMENT" />
<EVENT id="ETREATMENT1716" start="2504" end="2513" text="her VP-16" modality="FACTUAL" polarity="POS" type="TREATMENT" />
<EVENT id="ETREATMENT1717" start="2704" end="2717" text="packed RBC 's" modality="FACTUAL" polarity="POS" type="TREATMENT" />
<EVENT id="ETREATMENT1718" start="2887" end="2900" text="packed RBC 's" modality="FACTUAL" polarity="POS" type="TREATMENT" />
<EVENT id="ETREATMENT1719" start="2944" end="2963" text="her anticoagulation" modality="FACTUAL" polarity="POS" type="TREATMENT" />
<EVENT id="ETREATMENT1720" start="3078" end="3090" text="her Coumadin" modality="FACTUAL" polarity="POS" type="TREATMENT" />
<EVENT id="ETREATMENT1721" start="3118" end="3126" text="Coumadin" modality="FACTUAL" polarity="NEG" type="TREATMENT" />
<EVENT id="ETREATMENT1722" start="3226" end="3234" text="Coumadin" modality="FACTUAL" polarity="POS" type="TREATMENT" />
<EVENT id="ETREATMENT1723" start="3379" end="3392" text="packed RBC 's" modality="FACTUAL" polarity="POS" type="TREATMENT" />
<EVENT id="ETREATMENT1724" start="3458" end="3466" text="Coumadin" modality="FACTUAL" polarity="POS" type="TREATMENT" />
<EVENT id="ETREATMENT1725" start="3672" end="3684" text="chemotherapy" modality="FACTUAL" polarity="POS" type="TREATMENT" />
<EVENT id="ETREATMENT1726" start="3768" end="3783" text="Coumadin dosing" modality="FACTUAL" polarity="POS" type="TREATMENT" />

<EVENT id="ECLINICAL_DEPT361" start="531" end="535" text="CTMC" modality="FACTUAL" polarity="POS" type="CLINICAL_DEPT" />

<EVENT id="EEVIDENTIAL265" start="332" end="338" text="showed" modality="FACTUAL" polarity="POS" type="EVIDENTIAL" />
<EVENT id="EEVIDENTIAL266" start="708" end="714" text="showed" modality="FACTUAL" polarity="POS" type="EVIDENTIAL" />
<EVENT id="EEVIDENTIAL267" start="868" end="874" text="showed" modality="FACTUAL" polarity="POS" type="EVIDENTIAL" />
<EVENT id="EEVIDENTIAL268" start="2819" end="2825" text="showed" modality="FACTUAL" polarity="POS" type="EVIDENTIAL" />

<EVENT id="EOCCURRENCE1192" start="1" end="10" text="Admission" modality="FACTUAL" polarity="POS" type="OCCURRENCE" />
<EVENT id="EOCCURRENCE1193" start="29" end="38" text="Discharge" modality="FACTUAL" polarity="POS" type="OCCURRENCE" />
<EVENT id="EOCCURRENCE1194" start="270" end="279" text="presented" modality="FACTUAL" polarity="POS" type="OCCURRENCE" />
<EVENT id="EOCCURRENCE1195" start="1277" end="1285" text="admitted" modality="FACTUAL" polarity="POS" type="OCCURRENCE" />
<EVENT id="EOCCURRENCE1196" start="1385" end="1395" text="discharged" modality="FACTUAL" polarity="POS" type="OCCURRENCE" />
<EVENT id="EOCCURRENCE1197" start="1432" end="1441" text="admission" modality="FACTUAL" polarity="POS" type="OCCURRENCE" />
<EVENT id="EOCCURRENCE1198" start="1885" end="1894" text="admission" modality="FACTUAL" polarity="POS" type="OCCURRENCE" />
<EVENT id="EOCCURRENCE1199" start="2596" end="2605" text="admission" modality="FACTUAL" polarity="POS" type="OCCURRENCE" />
<EVENT id="EOCCURRENCE1200" start="2669" end="2679" text="counselled" modality="FACTUAL" polarity="POS" type="OCCURRENCE" />
<EVENT id="EOCCURRENCE1201" start="2994" end="3003" text="admission" modality="FACTUAL" polarity="POS" type="OCCURRENCE" />
<EVENT id="EOCCURRENCE1202" start="3134" end="3147" text="her admission" modality="FACTUAL" polarity="NEG" type="OCCURRENCE" />
<EVENT id="EOCCURRENCE1203" start="3167" end="3176" text="discharge" modality="FACTUAL" polarity="NEG" type="OCCURRENCE" />
<EVENT id="EOCCURRENCE1204" start="3512" end="3522" text="discharged" modality="FACTUAL" polarity="POS" type="OCCURRENCE" />

</TAGS>
</ClinicalNarrativeTemporalAnnotation>