<?xml version="1.0" encoding="UTF-8" ?>
<ClinicalNarrativeTemporalAnnotation>
<TEXT><![CDATA[
Admission Date :
2010-06-28
Discharge Date :
2010-07-01
Service :
ORTHOPEDIC
HISTORY OF THE PRESENT ILLNESS :
This is a 20-year-old female with no significant past medical history , who was the unrestrained passenger in a high speed rollover motor vehicle accident on 2010-06-27 .
By report , the patient was ejected from the vehicle on impact and found curled in the fetal position at the rear of the vehicle at the scene .
The vehicle was noted to be extensively damaged .
By report , the patient was noted to be awake , but confused at the scene of the accident with no memory of the incident .
She was immobilized in the C-spine collar at the scene of the accident and subsequently transported by EMS to the New England Sinai Hospital & Rehab Center Emergency Department for further management .
HOSPITAL COURSE :
The patient was evaluated by the Trauma Service in the emergency room , where she received four liters
crystalloid and four units packed red blood cells with good response .
In addition , the patient received the above-described diagnostic procedures , which demonstrated injuries limited to a posterior scalp laceration , left fractured clavicle , left fractured radius , right thigh hematoma , and right leg laceration .
The patient was subsequently admitted to the Trauma Service on 2010-06-28 under the direction of Dr. Lowery .
Given the patient 's right thigh hematoma , a duplex evaluation of the right lower extremity was performed on 2010-06-28 and demonstrated no evidence of major arterial or venous injury in the level of
the right inguinal region .
On 06-28 , the patient was also cleared for removal of her C-spine collar and deemed stable for transfer to the Orthopedic Service under the direction of Dr. Ronda Lopez .
The patient remained stable through 2010-06-29 at which point she was sent to the operating room to undergo a left radial fracture open reduction and internal fixation procedure .
The patient tolerated the procedure well and demonstrated a postoperative hematocrit of 40.9 .
Of note , the scalp and right lower leg lacerations were closed primarily by the trauma team on admission and on hospital day #1 were noted to be clean , dry , and intact .
Nonoperative treatment was elected for the patient 's left clavicular fracture .
On postoperative day #1 , 2010-06-30 , the patient was noted to be clinically stable , tolerating oral intake , and expressive of adequate amounts of urine independent of a Foley catheter .
The patient 's head wound laceration was noted to be clean and dry with intact staples .
There was no erythema or purulence .
The left clavicle was noted to have continued ecchymosis decreased from prior examination with a minor stepoff and mild tenderness to palpation decreased from prior examinations .
The left forearm dressing was noted to be in place , clean , dry , and intact with no saturation .
The patient was noted to be able to wiggle her fingers with intact flexor , extensor , abductor , and adductor function .
Mild swelling was noted in the left hand .
Sensation was intact in the median , radius , and ulnar-nerve distributions .
Fingers were warm and well perfused with capillary refill less than 3 seconds .
The patient 's right anterior tibial wound was noted to be clean , dry , and intact with sutures intact and no erythema or purulence noted .
On 06-30 , the patient was evaluated by Occupational Therapy and fitted for a left upper extremity splint .
The patient was also administered adaptive training for activities of daily life and advised regarding wound care .
In addition , the patient was also fitted with a figure-of-eight clavicular splint and instructed in its
proper use .
On 2010-07-01 , the patient was discharged from the hospital with instructions for follow up care on return to the United Kingdom .
]]></TEXT>
<TAGS>
<TIMEX3 id="T0" start="18" end="28" text="2010-06-28" type="DATE" val="2010-06-28" mod="NA" />
<TIMEX3 id="T1" start="46" end="56" text="2010-07-01" type="DATE" val="2010-07-01" mod="NA" />
<TIMEX3 id="T2" start="269" end="279" text="2010-06-27" type="DATE" val="2010-06-27" mod="NA" />
<TIMEX3 id="T3" start="1305" end="1315" text="2010-06-28" type="DATE" val="2010-06-28" mod="NA" />
<TIMEX3 id="T4" start="1462" end="1472" text="2010-06-28" type="DATE" val="2010-06-28" mod="NA" />
<TIMEX3 id="T5" start="1584" end="1589" text="06-28" type="DATE" val="2010-06-28" mod="NA" />
<TIMEX3 id="T6" start="1789" end="1799" text="2010-06-29" type="DATE" val="2010-06-29" mod="NA" />
<TIMEX3 id="T7" start="2141" end="2156" text="hospital day #1" type="DATE" val="2010-06-28" mod="NA" />
<TIMEX3 id="T8" start="2285" end="2305" text="postoperative day #1" type="DATE" val="2010-06-30" mod="NA" />
<TIMEX3 id="T9" start="2308" end="2318" text="2010-06-30" type="DATE" val="2010-06-30" mod="NA" />
<TIMEX3 id="T10" start="3178" end="3197" text="less than 3 seconds" type="DURATION" val="PT3S" mod="LESS" />
<TIMEX3 id="T11" start="3344" end="3349" text="06-30" type="DATE" val="2010-06-30" mod="NA" />
<TIMEX3 id="T12" start="3519" end="3524" text="daily" type="FREQUENCY" val="RP1D" mod="NA" />
<TIMEX3 id="T13" start="3686" end="3696" text="2010-07-01" type="DATE" val="2010-07-01" mod="NA" />
<EVENT id="ETEST1339" start="1396" end="1444" text="a duplex evaluation of the right lower extremity" modality="FACTUAL" polarity="POS" type="TEST" />
<EVENT id="ETEST1340" start="1991" end="2017" text="a postoperative hematocrit" modality="FACTUAL" polarity="POS" type="TEST" />
<EVENT id="ETEST1341" start="2670" end="2687" text="prior examination" modality="FACTUAL" polarity="POS" type="TEST" />
<EVENT id="ETEST1342" start="2732" end="2741" text="palpation" modality="FACTUAL" polarity="POS" type="TEST" />
<EVENT id="ETEST1343" start="2757" end="2775" text="prior examinations" modality="FACTUAL" polarity="POS" type="TEST" />

<EVENT id="EPROBLEM2541" start="528" end="565" text="confused at the scene of the accident" modality="FACTUAL" polarity="POS" type="PROBLEM" />
<EVENT id="EPROBLEM2542" start="1091" end="1099" text="injuries" modality="FACTUAL" polarity="POS" type="PROBLEM" />
<EVENT id="EPROBLEM2543" start="1111" end="1139" text="a posterior scalp laceration" modality="FACTUAL" polarity="POS" type="PROBLEM" />
<EVENT id="EPROBLEM2544" start="1142" end="1165" text="left fractured clavicle" modality="FACTUAL" polarity="POS" type="PROBLEM" />
<EVENT id="EPROBLEM2545" start="1168" end="1212" text="left fractured radius , right thigh hematoma" modality="FACTUAL" polarity="POS" type="PROBLEM" />
<EVENT id="EPROBLEM2546" start="1219" end="1239" text="right leg laceration" modality="FACTUAL" polarity="POS" type="PROBLEM" />
<EVENT id="EPROBLEM2547" start="1358" end="1393" text="the patient 's right thigh hematoma" modality="FACTUAL" polarity="POS" type="PROBLEM" />
<EVENT id="EPROBLEM2548" start="1505" end="1536" text="major arterial or venous injury" modality="FACTUAL" polarity="NEG" type="PROBLEM" />
<EVENT id="EPROBLEM2549" start="2038" end="2079" text="the scalp and right lower leg lacerations" modality="FACTUAL" polarity="POS" type="PROBLEM" />
<EVENT id="EPROBLEM2550" start="2240" end="2279" text="the patient 's left clavicular fracture" modality="FACTUAL" polarity="POS" type="PROBLEM" />
<EVENT id="EPROBLEM2551" start="2472" end="2508" text="The patient 's head wound laceration" modality="FACTUAL" polarity="POS" type="PROBLEM" />
<EVENT id="EPROBLEM2552" start="2574" end="2582" text="erythema" modality="FACTUAL" polarity="NEG" type="PROBLEM" />
<EVENT id="EPROBLEM2553" start="2586" end="2595" text="purulence" modality="FACTUAL" polarity="NEG" type="PROBLEM" />
<EVENT id="EPROBLEM2554" start="2634" end="2654" text="continued ecchymosis" modality="FACTUAL" polarity="POS" type="PROBLEM" />
<EVENT id="EPROBLEM2555" start="2693" end="2708" text="a minor stepoff" modality="FACTUAL" polarity="POS" type="PROBLEM" />
<EVENT id="EPROBLEM2556" start="2713" end="2728" text="mild tenderness" modality="FACTUAL" polarity="POS" type="PROBLEM" />
<EVENT id="EPROBLEM2557" start="2864" end="2874" text="saturation" modality="FACTUAL" polarity="NEG" type="PROBLEM" />
<EVENT id="EPROBLEM2558" start="2999" end="3012" text="Mild swelling" modality="FACTUAL" polarity="POS" type="PROBLEM" />
<EVENT id="EPROBLEM2559" start="3200" end="3242" text="The patient 's right anterior tibial wound" modality="FACTUAL" polarity="POS" type="PROBLEM" />
<EVENT id="EPROBLEM2560" start="3311" end="3319" text="erythema" modality="FACTUAL" polarity="NEG" type="PROBLEM" />
<EVENT id="EPROBLEM2561" start="3323" end="3332" text="purulence" modality="FACTUAL" polarity="NEG" type="PROBLEM" />

<EVENT id="ETREATMENT1900" start="622" end="640" text="the C-spine collar" modality="FACTUAL" polarity="POS" type="TREATMENT" />
<EVENT id="ETREATMENT1901" start="780" end="798" text="further management" modality="FACTUAL" polarity="POS" type="TREATMENT" />
<EVENT id="ETREATMENT1902" start="910" end="921" text="four liters" modality="FACTUAL" polarity="POS" type="TREATMENT" />
<EVENT id="ETREATMENT1903" start="922" end="933" text="crystalloid" modality="FACTUAL" polarity="POS" type="TREATMENT" />
<EVENT id="ETREATMENT1904" start="938" end="971" text="four units packed red blood cells" modality="FACTUAL" polarity="POS" type="TREATMENT" />
<EVENT id="ETREATMENT1905" start="1028" end="1069" text="the above-described diagnostic procedures" modality="FACTUAL" polarity="POS" type="TREATMENT" />
<EVENT id="ETREATMENT1906" start="1358" end="1393" text="the patient 's right thigh hematoma" modality="FACTUAL" polarity="POS" type="TREATMENT" />
<EVENT id="ETREATMENT1907" start="1625" end="1632" text="removal" modality="FACTUAL" polarity="POS" type="TREATMENT" />
<EVENT id="ETREATMENT1908" start="1636" end="1654" text="her C-spine collar" modality="FACTUAL" polarity="POS" type="TREATMENT" />
<EVENT id="ETREATMENT1909" start="1861" end="1898" text="a left radial fracture open reduction" modality="FACTUAL" polarity="POS" type="TREATMENT" />
<EVENT id="ETREATMENT1910" start="1903" end="1930" text="internal fixation procedure" modality="FACTUAL" polarity="POS" type="TREATMENT" />
<EVENT id="ETREATMENT1911" start="1955" end="1968" text="the procedure" modality="FACTUAL" polarity="POS" type="TREATMENT" />
<EVENT id="ETREATMENT1912" start="2201" end="2223" text="Nonoperative treatment" modality="FACTUAL" polarity="POS" type="TREATMENT" />
<EVENT id="ETREATMENT1913" start="2453" end="2469" text="a Foley catheter" modality="FACTUAL" polarity="POS" type="TREATMENT" />
<EVENT id="ETREATMENT1914" start="2544" end="2558" text="intact staples" modality="FACTUAL" polarity="POS" type="TREATMENT" />
<EVENT id="ETREATMENT1915" start="2778" end="2803" text="The left forearm dressing" modality="FACTUAL" polarity="POS" type="TREATMENT" />
<EVENT id="ETREATMENT1916" start="3289" end="3296" text="sutures" modality="FACTUAL" polarity="POS" type="TREATMENT" />
<EVENT id="ETREATMENT1917" start="3417" end="3446" text="a left upper extremity splint" modality="FACTUAL" polarity="POS" type="TREATMENT" />
<EVENT id="ETREATMENT1918" start="3483" end="3500" text="adaptive training" modality="FACTUAL" polarity="POS" type="TREATMENT" />
<EVENT id="ETREATMENT1919" start="3552" end="3562" text="wound care" modality="FACTUAL" polarity="POS" type="TREATMENT" />
<EVENT id="ETREATMENT1920" start="3612" end="3647" text="a figure-of-eight clavicular splint" modality="FACTUAL" polarity="POS" type="TREATMENT" />

<EVENT id="ECLINICAL_DEPT400" start="702" end="705" text="EMS" modality="FACTUAL" polarity="POS" type="CLINICAL_DEPT" />
<EVENT id="ECLINICAL_DEPT401" start="709" end="775" text="the New England Sinai Hospital & Rehab Center Emergency Department" modality="FACTUAL" polarity="POS" type="CLINICAL_DEPT" />
<EVENT id="ECLINICAL_DEPT402" start="870" end="888" text="the emergency room" modality="FACTUAL" polarity="POS" type="CLINICAL_DEPT" />
<EVENT id="ECLINICAL_DEPT403" start="1283" end="1301" text="the Trauma Service" modality="FACTUAL" polarity="POS" type="CLINICAL_DEPT" />
<EVENT id="ECLINICAL_DEPT404" start="1831" end="1849" text="the operating room" modality="FACTUAL" polarity="POS" type="CLINICAL_DEPT" />
<EVENT id="ECLINICAL_DEPT405" start="3381" end="3401" text="Occupational Therapy" modality="FACTUAL" polarity="POS" type="CLINICAL_DEPT" />
<EVENT id="ECLINICAL_DEPT406" start="3731" end="3743" text="the hospital" modality="FACTUAL" polarity="POS" type="CLINICAL_DEPT" />

<EVENT id="EEVIDENTIAL296" start="1078" end="1090" text="demonstrated" modality="FACTUAL" polarity="POS" type="EVIDENTIAL" />
<EVENT id="EEVIDENTIAL297" start="1477" end="1489" text="demonstrated" modality="FACTUAL" polarity="POS" type="EVIDENTIAL" />
<EVENT id="EEVIDENTIAL298" start="1666" end="1672" text="stable" modality="FACTUAL" polarity="POS" type="EVIDENTIAL" />
<EVENT id="EEVIDENTIAL299" start="1978" end="1990" text="demonstrated" modality="FACTUAL" polarity="POS" type="EVIDENTIAL" />

<EVENT id="EOCCURRENCE1322" start="1" end="10" text="Admission" modality="FACTUAL" polarity="POS" type="OCCURRENCE" />
<EVENT id="EOCCURRENCE1323" start="29" end="38" text="Discharge" modality="FACTUAL" polarity="POS" type="OCCURRENCE" />
<EVENT id="EOCCURRENCE1324" start="191" end="217" text="the unrestrained passenger" modality="FACTUAL" polarity="NEG" type="OCCURRENCE" />
<EVENT id="EOCCURRENCE1325" start="243" end="265" text="motor vehicle accident" modality="FACTUAL" polarity="NEG" type="OCCURRENCE" />
<EVENT id="EOCCURRENCE1326" start="310" end="334" text="ejected from the vehicle" modality="FACTUAL" polarity="POS" type="OCCURRENCE" />
<EVENT id="EOCCURRENCE1327" start="540" end="565" text="the scene of the accident" modality="FACTUAL" polarity="POS" type="OCCURRENCE" />
<EVENT id="EOCCURRENCE1328" start="687" end="698" text="transported" modality="FACTUAL" polarity="POS" type="OCCURRENCE" />
<EVENT id="EOCCURRENCE1329" start="977" end="990" text="good response" modality="FACTUAL" polarity="POS" type="OCCURRENCE" />
<EVENT id="EOCCURRENCE1330" start="1271" end="1279" text="admitted" modality="FACTUAL" polarity="POS" type="OCCURRENCE" />
<EVENT id="EOCCURRENCE1331" start="1666" end="1672" text="stable" modality="FACTUAL" polarity="POS" type="OCCURRENCE" />
<EVENT id="EOCCURRENCE1332" start="1677" end="1685" text="transfer" modality="FACTUAL" polarity="POS" type="OCCURRENCE" />
<EVENT id="EOCCURRENCE1333" start="1765" end="1780" text="remained stable" modality="FACTUAL" polarity="POS" type="OCCURRENCE" />
<EVENT id="EOCCURRENCE1334" start="1945" end="1954" text="tolerated" modality="FACTUAL" polarity="POS" type="OCCURRENCE" />
<EVENT id="EOCCURRENCE1335" start="2124" end="2133" text="admission" modality="FACTUAL" polarity="POS" type="OCCURRENCE" />
<EVENT id="EOCCURRENCE1336" start="2349" end="2366" text="clinically stable" modality="FACTUAL" polarity="POS" type="OCCURRENCE" />
<EVENT id="EOCCURRENCE1337" start="2369" end="2391" text="tolerating oral intake" modality="FACTUAL" polarity="POS" type="OCCURRENCE" />
<EVENT id="EOCCURRENCE1338" start="2525" end="2530" text="clean" modality="FACTUAL" polarity="POS" type="OCCURRENCE" />
<EVENT id="EOCCURRENCE1339" start="2535" end="2538" text="dry" modality="FACTUAL" polarity="POS" type="OCCURRENCE" />
<EVENT id="EOCCURRENCE1340" start="3142" end="3155" text="well perfused" modality="FACTUAL" polarity="POS" type="OCCURRENCE" />
<EVENT id="EOCCURRENCE1341" start="3715" end="3725" text="discharged" modality="FACTUAL" polarity="POS" type="OCCURRENCE" />

</TAGS>
</ClinicalNarrativeTemporalAnnotation>