<?xml version="1.0" encoding="UTF-8" ?>
<ClinicalNarrativeTemporalAnnotation>
<TEXT><![CDATA[
Admission Date :
2016-03-30
Discharge Date :
2016-04-03
Service :
CCU
HISTORY OF PRESENT ILLNESS :
This is a 64-year-old female with a history of hypertension , hypercholesterolemia , diabetes mellitus , and dilated cardiomyopathy ( with a transthoracic echocardiogram in 2016-01-13 showing an ejection fraction of 40% , posterior and inferior apical akinesis , and large left ventricular thrombus ).
The patient was admitted from 2016-01-21 to 2016-02-03 ; at which time she was ruled out for a myocardial infarction .
She had a cardiac catheterization which revealed 3-vessel disease with normal left main , mid left anterior descending artery 60% , diffuse 90% mid distal stenosis at the origin of the diagonal , serial 70% and 90% left circumflex lesions , and 90% first obtuse marginal , and mid right coronary artery 60% .
During initial evaluation for a coronary artery bypass graft , 80% to 90% of the right coronary artery stenosis was found ; for which she underwent a right internal carotid artery stent .
She was discharged on Coumadin for a goal INR of 2.5 to 3 .
She was then admitted again on 2016-03-30 for an elective coronary artery bypass graft .
At surgery , the descending aorta was noted to be calcified , and an intraoperative transesophageal echocardiogram revealed an irregular intra-aortic pedunculated lesion .
Given the elevated stroke risk of aortic cross-clamping in the setting of this finding , the plan for a bypass graft was aborted .
The patient was then transferred to the Coronary Care Unit Service for medical management in anticipation of possible percutaneous coronary intervention later in the admission .
HOSPITAL COURSE :
The patient is a 64-year-old female with 3-vessel disease who was admitted to the Coronary Care Unit Service for Western Mass . Hospital medical optimization and management following an aborted coronary artery bypass graft when a mobile aortic atheroma was noted .
The patient was continued on aspirin , Plavix , and statin .
Once the patient was titrated off dopamine , the beta blocker and ACE inhibitor were restarted .
With regard to the left ventricular thrombus , her goal INR remained 2.5 to 3 ; and the goal was to start heparin once the patient was stable from a thoracotomy and chest tube
standpoint .
The patient remained comfortable .
By 04-01 , on postoperative day two , the patient was doing well and the chest tube was discontinued .
The patient still had transcutaneous pacing wires in place .
Likewise , on 04-01 , the patient was weaned off surgery without difficulty .
Thus , the beta blocker and ACE inhibitor were started to be titrated up .
In addition , the patient was started on Wellbutrin for smoking cessation .
At this point , it was determined that the patient would not receive percutaneous coronary intervention on this admission and would likely be discharged to the floor for stabilization with followup .
The patient did well and was transferred to the floor on 04-02 .
After evaluation and a discussion with Dr. Gunter , it was determined that the patient no longer needed anticoagulation since there was no aortic thrombus but only an aortic plaque , and there was no anterior/apical akinesis noted .
At this point , the left ventricular thrombus ( for which she was initially started therapy for ) was no longer present .
The patient was noted to have a slight hematocrit drop and was transfused one unit of packed red blood cells for a goal hematocrit of greater than 30 .
By 04-03 , captopril and atenolol were started , and the patient 's leg bandage from the vein harvest was removed .
The patient continued to do well on the medical regimen and was without chest pain , shortness of breath , or any other symptoms .
]]></TEXT>
<TAGS>
<TIMEX3 id="T0" start="18" end="28" text="2016-03-30" type="DATE" val="2016-03-30" mod="NA" />
<TIMEX3 id="T1" start="46" end="56" text="2016-04-03" type="DATE" val="2016-04-03" mod="NA" />
<TIMEX3 id="T2" start="273" end="283" text="2016-01-13" type="DATE" val="2016-01-13" mod="NA" />
<TIMEX3 id="T3" start="432" end="442" text="2016-01-21" type="DATE" val="2016-01-21" mod="NA" />
<TIMEX3 id="T4" start="446" end="456" text="2016-02-03" type="DATE" val="2016-02-03" mod="NA" />
<TIMEX3 id="T5" start="1109" end="1119" text="2016-03-30" type="DATE" val="2016-03-30" mod="NA" />
<TIMEX3 id="T6" start="2316" end="2321" text="04-01" type="DATE" val="2016-04-01" mod="NA" />
<TIMEX3 id="T7" start="2327" end="2348" text="postoperative day two" type="DATE" val="2016-04-03" mod="NA" />
<TIMEX3 id="T8" start="2491" end="2496" text="04-01" type="DATE" val="2016-04-01" mod="NA" />
<TIMEX3 id="T9" start="2963" end="2968" text="04-02" type="DATE" val="2016-04-02" mod="NA" />
<TIMEX3 id="T10" start="3481" end="3486" text="04-03" type="DATE" val="2016-04-03" mod="NA" />
<EVENT id="ETEST1351" start="239" end="269" text="a transthoracic echocardiogram" modality="FACTUAL" polarity="POS" type="TEST" />
<EVENT id="ETEST1352" start="292" end="312" text="an ejection fraction" modality="FACTUAL" polarity="POS" type="TEST" />
<EVENT id="ETEST1353" start="529" end="554" text="a cardiac catheterization" modality="FACTUAL" polarity="POS" type="TEST" />
<EVENT id="ETEST1354" start="717" end="723" text="serial" modality="FACTUAL" polarity="POS" type="TEST" />
<EVENT id="ETEST1355" start="837" end="855" text="initial evaluation" modality="FACTUAL" polarity="POS" type="TEST" />
<EVENT id="ETEST1356" start="1053" end="1063" text="a goal INR" modality="FACTUAL" polarity="POS" type="TEST" />
<EVENT id="ETEST1357" start="1233" end="1281" text="an intraoperative transesophageal echocardiogram" modality="FACTUAL" polarity="POS" type="TEST" />
<EVENT id="ETEST1358" start="2136" end="2148" text="her goal INR" modality="FACTUAL" polarity="POS" type="TEST" />
<EVENT id="ETEST1359" start="2977" end="2987" text="evaluation" modality="FACTUAL" polarity="POS" type="TEST" />
<EVENT id="ETEST1360" start="3439" end="3456" text="a goal hematocrit" modality="FACTUAL" polarity="POS" type="TEST" />

<EVENT id="EPROBLEM2588" start="147" end="159" text="hypertension" modality="FACTUAL" polarity="POS" type="PROBLEM" />
<EVENT id="EPROBLEM2589" start="162" end="182" text="hypercholesterolemia" modality="FACTUAL" polarity="POS" type="PROBLEM" />
<EVENT id="EPROBLEM2590" start="185" end="202" text="diabetes mellitus" modality="FACTUAL" polarity="POS" type="PROBLEM" />
<EVENT id="EPROBLEM2591" start="209" end="231" text="dilated cardiomyopathy" modality="FACTUAL" polarity="POS" type="PROBLEM" />
<EVENT id="EPROBLEM2592" start="336" end="360" text="inferior apical akinesis" modality="FACTUAL" polarity="POS" type="PROBLEM" />
<EVENT id="EPROBLEM2593" start="367" end="398" text="large left ventricular thrombus" modality="FACTUAL" polarity="POS" type="PROBLEM" />
<EVENT id="EPROBLEM2594" start="495" end="518" text="a myocardial infarction" modality="FACTUAL" polarity="NEG" type="PROBLEM" />
<EVENT id="EPROBLEM2595" start="570" end="586" text="3-vessel disease" modality="FACTUAL" polarity="POS" type="PROBLEM" />
<EVENT id="EPROBLEM2596" start="653" end="684" text="diffuse 90% mid distal stenosis" modality="FACTUAL" polarity="POS" type="PROBLEM" />
<EVENT id="EPROBLEM2597" start="736" end="759" text="left circumflex lesions" modality="FACTUAL" polarity="POS" type="PROBLEM" />
<EVENT id="EPROBLEM2598" start="907" end="941" text="the right coronary artery stenosis" modality="FACTUAL" polarity="POS" type="PROBLEM" />
<EVENT id="EPROBLEM2599" start="1291" end="1336" text="an irregular intra-aortic pedunculated lesion" modality="FACTUAL" polarity="POS" type="PROBLEM" />
<EVENT id="EPROBLEM2600" start="1345" end="1394" text="the elevated stroke risk of aortic cross-clamping" modality="FACTUAL" polarity="POS" type="PROBLEM" />
<EVENT id="EPROBLEM2601" start="1707" end="1723" text="3-vessel disease" modality="FACTUAL" polarity="POS" type="PROBLEM" />
<EVENT id="EPROBLEM2602" start="1894" end="1918" text="a mobile aortic atheroma" modality="FACTUAL" polarity="POS" type="PROBLEM" />
<EVENT id="EPROBLEM2603" start="2094" end="2133" text="regard to the left ventricular thrombus" modality="FACTUAL" polarity="POS" type="PROBLEM" />
<EVENT id="EPROBLEM2604" start="3110" end="3125" text="aortic thrombus" modality="FACTUAL" polarity="NEG" type="PROBLEM" />
<EVENT id="EPROBLEM2605" start="3135" end="3151" text="an aortic plaque" modality="FACTUAL" polarity="POS" type="PROBLEM" />
<EVENT id="EPROBLEM2606" start="3171" end="3195" text="anterior/apical akinesis" modality="FACTUAL" polarity="POS" type="PROBLEM" />
<EVENT id="EPROBLEM2607" start="3220" end="3249" text="the left ventricular thrombus" modality="FACTUAL" polarity="POS" type="PROBLEM" />
<EVENT id="EPROBLEM2608" start="3356" end="3380" text="a slight hematocrit drop" modality="FACTUAL" polarity="POS" type="PROBLEM" />
<EVENT id="EPROBLEM2609" start="3666" end="3676" text="chest pain" modality="FACTUAL" polarity="NEG" type="PROBLEM" />
<EVENT id="EPROBLEM2610" start="3679" end="3698" text="shortness of breath" modality="FACTUAL" polarity="NEG" type="PROBLEM" />
<EVENT id="EPROBLEM2611" start="3704" end="3722" text="any other symptoms" modality="FACTUAL" polarity="NEG" type="PROBLEM" />

<EVENT id="ETREATMENT1937" start="860" end="890" text="a coronary artery bypass graft" modality="FACTUAL" polarity="POS" type="TREATMENT" />
<EVENT id="ETREATMENT1938" start="978" end="1015" text="a right internal carotid artery stent" modality="FACTUAL" polarity="POS" type="TREATMENT" />
<EVENT id="ETREATMENT1939" start="1040" end="1048" text="Coumadin" modality="FACTUAL" polarity="POS" type="TREATMENT" />
<EVENT id="ETREATMENT1940" start="1124" end="1164" text="an elective coronary artery bypass graft" modality="FACTUAL" polarity="POS" type="TREATMENT" />
<EVENT id="ETREATMENT1941" start="1170" end="1177" text="surgery" modality="FACTUAL" polarity="POS" type="TREATMENT" />
<EVENT id="ETREATMENT1942" start="1441" end="1455" text="a bypass graft" modality="FACTUAL" polarity="POS" type="TREATMENT" />
<EVENT id="ETREATMENT1943" start="1541" end="1559" text="medical management" modality="FACTUAL" polarity="POS" type="TREATMENT" />
<EVENT id="ETREATMENT1944" start="1588" end="1622" text="percutaneous coronary intervention" modality="FACTUAL" polarity="POS" type="TREATMENT" />
<EVENT id="ETREATMENT1945" start="1828" end="1838" text="management" modality="FACTUAL" polarity="POS" type="TREATMENT" />
<EVENT id="ETREATMENT1946" start="1849" end="1888" text="an aborted coronary artery bypass graft" modality="FACTUAL" polarity="POS" type="TREATMENT" />
<EVENT id="ETREATMENT1947" start="1960" end="1967" text="aspirin" modality="FACTUAL" polarity="POS" type="TREATMENT" />
<EVENT id="ETREATMENT1948" start="1970" end="1976" text="Plavix" modality="FACTUAL" polarity="POS" type="TREATMENT" />
<EVENT id="ETREATMENT1949" start="1983" end="1989" text="statin" modality="FACTUAL" polarity="POS" type="TREATMENT" />
<EVENT id="ETREATMENT1950" start="2026" end="2034" text="dopamine" modality="FACTUAL" polarity="POS" type="TREATMENT" />
<EVENT id="ETREATMENT1951" start="2037" end="2053" text="the beta blocker" modality="FACTUAL" polarity="POS" type="TREATMENT" />
<EVENT id="ETREATMENT1952" start="2058" end="2071" text="ACE inhibitor" modality="FACTUAL" polarity="POS" type="TREATMENT" />
<EVENT id="ETREATMENT1953" start="2195" end="2202" text="heparin" modality="FACTUAL" polarity="POS" type="TREATMENT" />
<EVENT id="ETREATMENT1954" start="2236" end="2249" text="a thoracotomy" modality="FACTUAL" polarity="POS" type="TREATMENT" />
<EVENT id="ETREATMENT1955" start="2254" end="2264" text="chest tube" modality="FACTUAL" polarity="POS" type="TREATMENT" />
<EVENT id="ETREATMENT1956" start="2382" end="2396" text="the chest tube" modality="FACTUAL" polarity="POS" type="TREATMENT" />
<EVENT id="ETREATMENT1957" start="2438" end="2465" text="transcutaneous pacing wires" modality="FACTUAL" polarity="POS" type="TREATMENT" />
<EVENT id="ETREATMENT1958" start="2526" end="2533" text="surgery" modality="FACTUAL" polarity="POS" type="TREATMENT" />
<EVENT id="ETREATMENT1959" start="2562" end="2578" text="the beta blocker" modality="FACTUAL" polarity="POS" type="TREATMENT" />
<EVENT id="ETREATMENT1960" start="2583" end="2596" text="ACE inhibitor" modality="FACTUAL" polarity="POS" type="TREATMENT" />
<EVENT id="ETREATMENT1961" start="2671" end="2681" text="Wellbutrin" modality="FACTUAL" polarity="POS" type="TREATMENT" />
<EVENT id="ETREATMENT1962" start="2775" end="2809" text="percutaneous coronary intervention" modality="FACTUAL" polarity="NEG" type="TREATMENT" />
<EVENT id="ETREATMENT1963" start="2876" end="2889" text="stabilization" modality="FACTUAL" polarity="NEG" type="TREATMENT" />
<EVENT id="ETREATMENT1964" start="3075" end="3090" text="anticoagulation" modality="FACTUAL" polarity="NEG" type="TREATMENT" />
<EVENT id="ETREATMENT1965" start="3288" end="3295" text="therapy" modality="FACTUAL" polarity="POS" type="TREATMENT" />
<EVENT id="ETREATMENT1966" start="3400" end="3434" text="one unit of packed red blood cells" modality="FACTUAL" polarity="POS" type="TREATMENT" />
<EVENT id="ETREATMENT1967" start="3489" end="3498" text="captopril" modality="FACTUAL" polarity="POS" type="TREATMENT" />
<EVENT id="ETREATMENT1968" start="3503" end="3511" text="atenolol" modality="FACTUAL" polarity="POS" type="TREATMENT" />
<EVENT id="ETREATMENT1969" start="3531" end="3557" text="the patient 's leg bandage" modality="FACTUAL" polarity="POS" type="TREATMENT" />
<EVENT id="ETREATMENT1970" start="3563" end="3579" text="the vein harvest" modality="FACTUAL" polarity="POS" type="TREATMENT" />
<EVENT id="ETREATMENT1971" start="3630" end="3649" text="the medical regimen" modality="FACTUAL" polarity="POS" type="TREATMENT" />

<EVENT id="ECLINICAL_DEPT409" start="1170" end="1177" text="surgery" modality="FACTUAL" polarity="POS" type="CLINICAL_DEPT" />
<EVENT id="ECLINICAL_DEPT410" start="1506" end="1536" text="the Coronary Care Unit Service" modality="FACTUAL" polarity="POS" type="CLINICAL_DEPT" />
<EVENT id="ECLINICAL_DEPT411" start="1744" end="1774" text="the Coronary Care Unit Service" modality="FACTUAL" polarity="POS" type="CLINICAL_DEPT" />
<EVENT id="ECLINICAL_DEPT412" start="2862" end="2871" text="the floor" modality="FACTUAL" polarity="NEG" type="CLINICAL_DEPT" />
<EVENT id="ECLINICAL_DEPT413" start="2950" end="2959" text="the floor" modality="FACTUAL" polarity="POS" type="CLINICAL_DEPT" />

<EVENT id="EEVIDENTIAL300" start="284" end="291" text="showing" modality="FACTUAL" polarity="POS" type="EVIDENTIAL" />
<EVENT id="EEVIDENTIAL301" start="561" end="569" text="revealed" modality="FACTUAL" polarity="POS" type="EVIDENTIAL" />
<EVENT id="EEVIDENTIAL302" start="1282" end="1290" text="revealed" modality="FACTUAL" polarity="POS" type="EVIDENTIAL" />
<EVENT id="EEVIDENTIAL303" start="2367" end="2377" text="doing well" modality="FACTUAL" polarity="POS" type="EVIDENTIAL" />
<EVENT id="EEVIDENTIAL304" start="3619" end="3626" text="do well" modality="FACTUAL" polarity="POS" type="EVIDENTIAL" />

<EVENT id="EOCCURRENCE1356" start="1" end="10" text="Admission" modality="FACTUAL" polarity="POS" type="OCCURRENCE" />
<EVENT id="EOCCURRENCE1357" start="29" end="38" text="Discharge" modality="FACTUAL" polarity="POS" type="OCCURRENCE" />
<EVENT id="EOCCURRENCE1358" start="418" end="426" text="admitted" modality="FACTUAL" polarity="POS" type="OCCURRENCE" />
<EVENT id="EOCCURRENCE1359" start="1026" end="1036" text="discharged" modality="FACTUAL" polarity="POS" type="OCCURRENCE" />
<EVENT id="EOCCURRENCE1360" start="1091" end="1099" text="admitted" modality="FACTUAL" polarity="POS" type="OCCURRENCE" />
<EVENT id="EOCCURRENCE1361" start="1491" end="1502" text="transferred" modality="FACTUAL" polarity="POS" type="OCCURRENCE" />
<EVENT id="EOCCURRENCE1362" start="1632" end="1645" text="the admission" modality="FACTUAL" polarity="POS" type="OCCURRENCE" />
<EVENT id="EOCCURRENCE1363" start="1732" end="1740" text="admitted" modality="FACTUAL" polarity="POS" type="OCCURRENCE" />
<EVENT id="EOCCURRENCE1364" start="2224" end="2230" text="stable" modality="FACTUAL" polarity="POS" type="OCCURRENCE" />
<EVENT id="EOCCURRENCE1365" start="2367" end="2377" text="doing well" modality="FACTUAL" polarity="POS" type="OCCURRENCE" />
<EVENT id="EOCCURRENCE1366" start="2515" end="2521" text="weaned" modality="FACTUAL" polarity="POS" type="OCCURRENCE" />
<EVENT id="EOCCURRENCE1367" start="2813" end="2827" text="this admission" modality="FACTUAL" polarity="NEG" type="OCCURRENCE" />
<EVENT id="EOCCURRENCE1368" start="2848" end="2858" text="discharged" modality="FACTUAL" polarity="NEG" type="OCCURRENCE" />
<EVENT id="EOCCURRENCE1369" start="2922" end="2926" text="well" modality="FACTUAL" polarity="POS" type="OCCURRENCE" />
<EVENT id="EOCCURRENCE1370" start="2935" end="2946" text="transferred" modality="FACTUAL" polarity="POS" type="OCCURRENCE" />
<EVENT id="EOCCURRENCE1371" start="3619" end="3626" text="do well" modality="FACTUAL" polarity="POS" type="OCCURRENCE" />

</TAGS>
</ClinicalNarrativeTemporalAnnotation>
