<?xml version="1.0" encoding="UTF-8" ?>
<ClinicalNarrativeTemporalAnnotation>
<TEXT><![CDATA[
ADMISSION DATE :
11-03-93
DISCHARGE DATE :
11-06-93
HISTORY OF PRESENT ILLNESS :
This 68-year-old patient of Dr. Naka Jesc had two episodes of rheumatic fever as a teenager .
She has had chronic atrial fibrillation .
Coumadin has caused bleeding from the mouth and nose on two occasions , on one occasion with prothrombin time 13 , and has been replaced by anti-platelet agents .
She has had recurrent syncope since age 6 .
She has now had progressive heart failure .
A Holter showed atrial fibrillation with period of ventricular bigemini .
She cut down dramatically on smoking two years ago , but has continued to smoke , although , very recently , she admits to only &quot; two puffs &quot; per day .
She has not had hypertension or diabetes , and says he has lowered her cholesterol from 333 to 197 by changing her diet .
There is no family history of heart disease .
She has been treated with Vanceril for chronic obstructive pulmonary disease .
She has had one gram per day proteinuria with normal creatinine .
She had a partial gastrectomy in 1972 for a &quot; tumor &quot; .
She has had an appendectomy and cholecystectomy .
MEDICATIONS ON ADMISSION :
Digoxin 0.125 mg po q.d. , Lasix 40 mg b.i.d. , aspirin held , and Vanceril three puffs b.i.d.
ALLERGIES :
Transdermal nitroglycerin caused headache .
SOCIAL HISTORY :
She does not drink .
HOSPITAL COURSE :
Cardiac catheterization was performed without complication from the right neck and right groin on the day of admission .
Right atrial pressure was 12 with a wave form consistent with tricuspid regurgitation .
There was no tricuspid valve gradient .
Pulmonary artery pressure was markedly elevated at 120/60 .
Pulmonary capillary wedge pressure was markedly elevated at 38 , with a very large mitral valve gradient .
There was little or no aortic valve gradient .
Fich cardiac output was 3.0 and indexed 2.0 .
Arterial oxygen saturation was 85 percent .
There was minimal mitral valve calcification , normal left ventricular contraction , and 2+ mitral regurgitation into a large left atrium .
There was minimal aortic valve calcification , mild ______________ thickening , normal open , and mild aortic regurgitation .
There was mild atherosclerosis of the mid left anterior descending .
FVC was 1.6 or 58 percent of predicted and FEV1 0.95 or 45 percent of predicted .
Room air arterial blood gas was 56/40/7.45 .
Because it would be ideal to place a mechanical valve if valve replacement rather that commissurotomy is needed , she was seen by Dr. Ca Shuff of ENT for her history of epistaxis .
He identified no bleeding source , but felt that the risk of nasal hemorrhage on Coumadin could be minimized interventional neuroradiology occlusion of the arteries to the nose bilaterally .
The patient was therefore referred to the Dr. A Eu Wave .
The procedure could not be scheduled during this admission .
The patient is , therefore , discharged after a three day hospitalization , with plans for re-admission for the neuroradiology procedure .
This will be followed by a trial of Coumadin , and then by mitral commissurotomy or replacement and probable tricuspid annuloplasty by Dr. Riemund C. Wave .
In the meantime , Lasix dosage is increased .
Potassium replacement has caused , according to the patient , marked hyperkalemia in the past .
]]></TEXT>
<TAGS>
<TIMEX3 id="T0" start="18" end="26" text="11-03-93" type="DATE" val="1993-11-03" mod="NA" />
<TIMEX3 id="T1" start="44" end="52" text="11-06-93" type="DATE" val="1993-11-06" mod="NA" />
<TIMEX3 id="T2" start="128" end="140" text="two episodes" type="FREQUENCY" val="R2" mod="NA" />
<TIMEX3 id="T3" start="274" end="287" text="two occasions" type="FREQUENCY" val="R2" mod="NA" />
<TIMEX3 id="T4" start="293" end="305" text="one occasion" type="FREQUENCY" val="R1" mod="NA" />
<TIMEX3 id="T5" start="580" end="593" text="two years ago" type="DATE" val="1991" mod="NA" />
<TIMEX3 id="T6" start="695" end="702" text="per day" type="FREQUENCY" val="RP1D" mod="NA" />
<TIMEX3 id="T7" start="973" end="980" text="per day" type="FREQUENCY" val="RP1D" mod="NA" />
<TIMEX3 id="T8" start="1051" end="1055" text="1972" type="DATE" val="1972" mod="NA" />
<TIMEX3 id="T9" start="1181" end="1185" text="q.d." type="FREQUENCY" val="RPT24H" mod="NA" />
<TIMEX3 id="T10" start="1200" end="1206" text="b.i.d." type="FREQUENCY" val="RPT12H" mod="NA" />
<TIMEX3 id="T11" start="1249" end="1255" text="b.i.d." type="FREQUENCY" val="RPT12H" mod="NA" />
<TIMEX3 id="T12" start="1466" end="1486" text="the day of admission" type="DATE" val="1993-11-03" mod="NA" />
<TIMEX3 id="T13" start="2922" end="2931" text="three day" type="DURATION" val="P3D" mod="NA" />
<EVENT id="ETEST1402" start="311" end="327" text="prothrombin time" modality="FACTUAL" polarity="POS" type="TEST" />
<EVENT id="ETEST1403" start="469" end="477" text="A Holter" modality="FACTUAL" polarity="POS" type="TEST" />
<EVENT id="ETEST1404" start="1368" end="1391" text="Cardiac catheterization" modality="FACTUAL" polarity="POS" type="TEST" />
<EVENT id="ETEST1405" start="1489" end="1510" text="Right atrial pressure" modality="FACTUAL" polarity="POS" type="TEST" />
<EVENT id="ETEST1406" start="1617" end="1642" text="Pulmonary artery pressure" modality="FACTUAL" polarity="POS" type="TEST" />
<EVENT id="ETEST1407" start="1677" end="1711" text="Pulmonary capillary wedge pressure" modality="FACTUAL" polarity="POS" type="TEST" />
<EVENT id="ETEST1408" start="1831" end="1850" text="Fich cardiac output" modality="FACTUAL" polarity="POS" type="TEST" />
<EVENT id="ETEST1409" start="1877" end="1903" text="Arterial oxygen saturation" modality="FACTUAL" polarity="POS" type="TEST" />
<EVENT id="ETEST1410" start="2256" end="2259" text="FVC" modality="FACTUAL" polarity="POS" type="TEST" />
<EVENT id="ETEST1411" start="2299" end="2303" text="FEV1" modality="FACTUAL" polarity="POS" type="TEST" />
<EVENT id="ETEST1412" start="2338" end="2365" text="Room air arterial blood gas" modality="FACTUAL" polarity="POS" type="TEST" />

<EVENT id="EPROBLEM2699" start="144" end="159" text="rheumatic fever" modality="FACTUAL" polarity="POS" type="PROBLEM" />
<EVENT id="EPROBLEM2700" start="188" end="215" text="chronic atrial fibrillation" modality="FACTUAL" polarity="POS" type="PROBLEM" />
<EVENT id="EPROBLEM2701" start="238" end="270" text="bleeding from the mouth and nose" modality="FACTUAL" polarity="POS" type="PROBLEM" />
<EVENT id="EPROBLEM2702" start="393" end="410" text="recurrent syncope" modality="FACTUAL" polarity="POS" type="PROBLEM" />
<EVENT id="EPROBLEM2703" start="441" end="466" text="progressive heart failure" modality="FACTUAL" polarity="POS" type="PROBLEM" />
<EVENT id="EPROBLEM2704" start="485" end="504" text="atrial fibrillation" modality="FACTUAL" polarity="POS" type="PROBLEM" />
<EVENT id="EPROBLEM2705" start="520" end="540" text="ventricular bigemini" modality="FACTUAL" polarity="POS" type="PROBLEM" />
<EVENT id="EPROBLEM2706" start="721" end="733" text="hypertension" modality="FACTUAL" polarity="NEG" type="PROBLEM" />
<EVENT id="EPROBLEM2707" start="737" end="745" text="diabetes" modality="FACTUAL" polarity="NEG" type="PROBLEM" />
<EVENT id="EPROBLEM2708" start="857" end="870" text="heart disease" modality="FACTUAL" polarity="NEG" type="PROBLEM" />
<EVENT id="EPROBLEM2709" start="912" end="949" text="chronic obstructive pulmonary disease" modality="FACTUAL" polarity="POS" type="PROBLEM" />
<EVENT id="EPROBLEM2710" start="1060" end="1074" text="a &quot; tumor" modality="FACTUAL" polarity="POS" type="PROBLEM" />
<EVENT id="EPROBLEM2711" start="1301" end="1309" text="headache" modality="FACTUAL" polarity="POS" type="PROBLEM" />
<EVENT id="EPROBLEM2712" start="1451" end="1462" text="right groin" modality="FACTUAL" polarity="NEG" type="PROBLEM" />
<EVENT id="EPROBLEM2713" start="1523" end="1534" text="a wave form" modality="FACTUAL" polarity="POS" type="PROBLEM" />
<EVENT id="EPROBLEM2714" start="1551" end="1574" text="tricuspid regurgitation" modality="FACTUAL" polarity="POS" type="PROBLEM" />
<EVENT id="EPROBLEM2715" start="1590" end="1614" text="tricuspid valve gradient" modality="FACTUAL" polarity="NEG" type="PROBLEM" />
<EVENT id="EPROBLEM2716" start="1647" end="1664" text="markedly elevated" modality="FACTUAL" polarity="POS" type="PROBLEM" />
<EVENT id="EPROBLEM2717" start="1716" end="1733" text="markedly elevated" modality="FACTUAL" polarity="POS" type="PROBLEM" />
<EVENT id="EPROBLEM2718" start="1747" end="1781" text="a very large mitral valve gradient" modality="FACTUAL" polarity="POS" type="PROBLEM" />
<EVENT id="EPROBLEM2719" start="1807" end="1828" text="aortic valve gradient" modality="FACTUAL" polarity="NEG" type="PROBLEM" />
<EVENT id="EPROBLEM2720" start="1931" end="1965" text="minimal mitral valve calcification" modality="FACTUAL" polarity="POS" type="PROBLEM" />
<EVENT id="EPROBLEM2721" start="2010" end="2033" text="2+ mitral regurgitation" modality="FACTUAL" polarity="POS" type="PROBLEM" />
<EVENT id="EPROBLEM2722" start="2039" end="2058" text="a large left atrium" modality="FACTUAL" polarity="POS" type="PROBLEM" />
<EVENT id="EPROBLEM2723" start="2071" end="2105" text="minimal aortic valve calcification" modality="FACTUAL" polarity="POS" type="PROBLEM" />
<EVENT id="EPROBLEM2724" start="2108" end="2138" text="mild ______________ thickening" modality="FACTUAL" polarity="POS" type="PROBLEM" />
<EVENT id="EPROBLEM2725" start="2159" end="2184" text="mild aortic regurgitation" modality="FACTUAL" polarity="POS" type="PROBLEM" />
<EVENT id="EPROBLEM2726" start="2197" end="2253" text="mild atherosclerosis of the mid left anterior descending" modality="FACTUAL" polarity="POS" type="PROBLEM" />
<EVENT id="EPROBLEM2727" start="2552" end="2561" text="epistaxis" modality="FACTUAL" polarity="POS" type="PROBLEM" />
<EVENT id="EPROBLEM2728" start="2581" end="2596" text="bleeding source" modality="FACTUAL" polarity="NEG" type="PROBLEM" />
<EVENT id="EPROBLEM2729" start="2625" end="2641" text="nasal hemorrhage" modality="FACTUAL" polarity="POS" type="PROBLEM" />
<EVENT id="EPROBLEM2730" start="3278" end="3297" text="marked hyperkalemia" modality="FACTUAL" polarity="POS" type="PROBLEM" />

<EVENT id="ETREATMENT2027" start="218" end="226" text="Coumadin" modality="FACTUAL" polarity="POS" type="TREATMENT" />
<EVENT id="ETREATMENT2028" start="358" end="378" text="anti-platelet agents" modality="FACTUAL" polarity="POS" type="TREATMENT" />
<EVENT id="ETREATMENT2029" start="899" end="907" text="Vanceril" modality="FACTUAL" polarity="POS" type="TREATMENT" />
<EVENT id="ETREATMENT2030" start="1026" end="1047" text="a partial gastrectomy" modality="FACTUAL" polarity="POS" type="TREATMENT" />
<EVENT id="ETREATMENT2031" start="1096" end="1111" text="an appendectomy" modality="FACTUAL" polarity="POS" type="TREATMENT" />
<EVENT id="ETREATMENT2032" start="1116" end="1131" text="cholecystectomy" modality="FACTUAL" polarity="POS" type="TREATMENT" />
<EVENT id="ETREATMENT2033" start="1161" end="1168" text="Digoxin" modality="FACTUAL" polarity="POS" type="TREATMENT" />
<EVENT id="ETREATMENT2034" start="1188" end="1193" text="Lasix" modality="FACTUAL" polarity="POS" type="TREATMENT" />
<EVENT id="ETREATMENT2035" start="1209" end="1216" text="aspirin" modality="FACTUAL" polarity="POS" type="TREATMENT" />
<EVENT id="ETREATMENT2036" start="1228" end="1236" text="Vanceril" modality="FACTUAL" polarity="POS" type="TREATMENT" />
<EVENT id="ETREATMENT2037" start="1268" end="1293" text="Transdermal nitroglycerin" modality="FACTUAL" polarity="POS" type="TREATMENT" />
<EVENT id="ETREATMENT2038" start="2418" end="2436" text="a mechanical valve" modality="FACTUAL" polarity="POS" type="TREATMENT" />
<EVENT id="ETREATMENT2039" start="2440" end="2457" text="valve replacement" modality="FACTUAL" polarity="POS" type="TREATMENT" />
<EVENT id="ETREATMENT2040" start="2470" end="2484" text="commissurotomy" modality="FACTUAL" polarity="POS" type="TREATMENT" />
<EVENT id="ETREATMENT2041" start="2645" end="2653" text="Coumadin" modality="FACTUAL" polarity="POS" type="TREATMENT" />
<EVENT id="ETREATMENT2042" start="2813" end="2826" text="The procedure" modality="FACTUAL" polarity="POS" type="TREATMENT" />
<EVENT id="ETREATMENT2043" start="2982" end="3010" text="the neuroradiology procedure" modality="FACTUAL" polarity="POS" type="TREATMENT" />
<EVENT id="ETREATMENT2044" start="3049" end="3057" text="Coumadin" modality="FACTUAL" polarity="POS" type="TREATMENT" />
<EVENT id="ETREATMENT2045" start="3072" end="3093" text="mitral commissurotomy" modality="FACTUAL" polarity="POS" type="TREATMENT" />
<EVENT id="ETREATMENT2046" start="3097" end="3108" text="replacement" modality="FACTUAL" polarity="POS" type="TREATMENT" />
<EVENT id="ETREATMENT2047" start="3188" end="3200" text="Lasix dosage" modality="FACTUAL" polarity="POS" type="TREATMENT" />
<EVENT id="ETREATMENT2048" start="3216" end="3237" text="Potassium replacement" modality="FACTUAL" polarity="POS" type="TREATMENT" />

<EVENT id="EEVIDENTIAL323" start="478" end="484" text="showed" modality="FACTUAL" polarity="POS" type="EVIDENTIAL" />

<EVENT id="EOCCURRENCE1430" start="1" end="10" text="ADMISSION" modality="FACTUAL" polarity="POS" type="OCCURRENCE" />
<EVENT id="EOCCURRENCE1431" start="27" end="36" text="DISCHARGE" modality="FACTUAL" polarity="POS" type="OCCURRENCE" />
<EVENT id="EOCCURRENCE1432" start="807" end="824" text="changing her diet" modality="FACTUAL" polarity="NEG" type="OCCURRENCE" />
<EVENT id="EOCCURRENCE1433" start="1333" end="1347" text="does not drink" modality="FACTUAL" polarity="NEG" type="OCCURRENCE" />
<EVENT id="EOCCURRENCE1434" start="1477" end="1486" text="admission" modality="FACTUAL" polarity="POS" type="OCCURRENCE" />
<EVENT id="EOCCURRENCE1435" start="2781" end="2789" text="referred" modality="FACTUAL" polarity="POS" type="OCCURRENCE" />
<EVENT id="EOCCURRENCE1436" start="2857" end="2871" text="this admission" modality="FACTUAL" polarity="NEG" type="OCCURRENCE" />
<EVENT id="EOCCURRENCE1437" start="2903" end="2913" text="discharged" modality="FACTUAL" polarity="POS" type="OCCURRENCE" />
<EVENT id="EOCCURRENCE1438" start="3204" end="3213" text="increased" modality="FACTUAL" polarity="POS" type="OCCURRENCE" />

</TAGS>
</ClinicalNarrativeTemporalAnnotation>