<?xml version="1.0" encoding="UTF-8" ?>
<ClinicalNarrativeTemporalAnnotation>
<TEXT><![CDATA[
Admission Date :
2012-05-08
Discharge Date :
2012-05-18
Service :
Neonatology
HISTORY :
Baby Barbara Stead is a term infant admitted with increasing head circumference and bruising .
He was born to a 31-year-old G1 P0 now 1 mother with unremarkable prenatal screens as follows :
O positive , antibody negative , hepatitis B surface antigen negative , RPR nonreactive , rubella immune
PREGNANCY HISTORY :
Estimated date of delivery was 2012-05-14 for estimated gestational age of 39-1/7 weeks .
Pregnancy was complicated by oligohydramnios with an AFI of 3.5 and by multiple evaluations for decreased fetal movement .
There was spontaneous onset of labor progressing through vacuum assisted vaginal delivery under epidural anesthesia .
clear amniotic fluid , no antepartum maternal fever or fetal tachycardia , no antepartum antibiotic prophylaxis .
Baby was vigorous at delivery , was bulb suction , dried , and had free flow oxygen administered briefly .
Apgars were nine and nine .
In the Newborn Nursery , he initially had a caput which increased in the amount of swelling and bruising in the subsequent 24 hours .
He was then referred to the CMED CCU for assessment and management of the increased bleeding .
SUMMARY OF HOSPITAL COURSE BY SYSTEMS :
1. Respiratory :
Patient has been on room air maintaining sats above 95% .
No apnea or bradycardia .
2. Cardiovascular :
There was an initial murmur on admission likely secondary to severe anemia which has since resolved .
He remained hemodynamically stable throughout this admission .
3. FEN :
Patient was restarted on po feeds as of day of life three after the bleeding had stabilized .
He has been taking breast milk or Enfamil 20 po adlib .
His admission weight was 3850 grams .
His weight on discharge was 4055 .
4. GI :
Given the significant amount of bleeding , baby was started prophylactically on phototherapy .
His bilirubin peaked on day of life three at 5.4 with a subsequent bilirubin of 4.6 at which time phototherapy was discontinued .
5. Hematology :
Given the rapid extension of the subgaleal bleed , coagulopathy workup was initiated revealing an elevated PTT level of 77 as well as factor 8 level that was below detection in the presence of normal factors 5 , 9 , 10 , and 11 .
He was started on a 50 units / kg bolus of factor 8 followed by continuous factor 8 infusions at 50 units / kg / day divided until hourly infusion rates at 05-10 .
Subsequent factor 8 levels varied with an initial factor 8 level of 18 after the bolus with which he received another bolus of factor 8 of 50 units / kg and increased factor 8 infusion rate to 65 units / kg / day .
As of 05-17 , he was switched over to bolus infusion in preparation of continued home factor 8 administration .
His peak level after a bolus of 75 units / kg of factor 8 was 131 .
A trough level at 20 hours after the bolus on day of discharge was 29 .
He will continue to receive factor 8 bolus q day for a total of 2-3 weeks in light of the intracranial hemorrhage , and will be followed by Hematology visiting nurse Michael Edwards level checks at home .
Currently , the infusion of factor 8 are going through a jugular Broviac which was placed on 05-15 for administration of factor .
His last PTT on 05-16 was 68.3 .
The last hematocrit was on 05-16 of 54.5 .
6. Neurology :
Baby Mary Stead initially presented with significant subgaleal bleed as well as a small subdural hemorrhage .
A repeat head CT scan on 05-15 had shown the resolution of the subdural hematoma and significant improvement of the subgaleal bleed .
His head ultrasound on 05-14 reveals no interventricular hemorrhage .
He had remained neurologically stable .
His head circumference on 05-18 was 36.5 cm with a maximum head circumference on
admission of 40.5 cm .
7. Social :
Both parents are very involved in the care of Baby Norman Stead .
They have been informed up to date on his needs , discharge from the hospital .
Teaching has been completed on the care of the Boviak as well as administration of factor 8 .
8. Sensory :
Audiology :
Hearing screen was performed automated auditory brain stem responses and Baby David Stead
passed bilaterally .
]]></TEXT>
<TAGS>
<TIMEX3 id="T0" start="18" end="28" text="2012-05-08" type="DATE" val="2012-05-08" mod="NA" />
<TIMEX3 id="T1" start="46" end="56" text="2012-05-18" type="DATE" val="2012-05-18" mod="NA" />
<TIMEX3 id="T2" start="436" end="446" text="2012-05-14" type="DATE" val="2012-05-14" mod="NA" />
<TIMEX3 id="T3" start="480" end="492" text="39-1/7 weeks" type="DURATION" val="P39.142857142857146W" mod="NA" />
<TIMEX3 id="T4" start="1108" end="1116" text="24 hours" type="DURATION" val="P1D" mod="NA" />
<TIMEX3 id="T5" start="1589" end="1606" text="day of life three" type="DATE" val="2012-05-10" mod="NA" />
<TIMEX3 id="T6" start="1899" end="1916" text="day of life three" type="DATE" val="2012-05-10" mod="NA" />
<TIMEX3 id="T7" start="2382" end="2388" text="hourly" type="FREQUENCY" val="RP1TH" mod="NA" />
<TIMEX3 id="T8" start="2407" end="2412" text="05-10" type="DATE" val="2012-05-10" mod="NA" />
<TIMEX3 id="T9" start="2636" end="2641" text="05-17" type="DATE" val="2012-05-17" mod="NA" />
<TIMEX3 id="T10" start="2828" end="2836" text="20 hours" type="DURATION" val="PT20H" mod="NA" />
<TIMEX3 id="T11" start="2856" end="2872" text="day of discharge" type="DATE" val="2012-05-18" mod="NA" />
<TIMEX3 id="T12" start="2925" end="2930" text="q day" type="FREQUENCY" val="RPT24H" mod="NA" />
<TIMEX3 id="T13" start="2946" end="2955" text="2-3 weeks" type="DURATION" val="P2.5W" mod="NA" />
<TIMEX3 id="T14" start="3180" end="3185" text="05-15" type="DATE" val="2012-05-15" mod="NA" />
<TIMEX3 id="T15" start="3233" end="3238" text="05-16" type="DATE" val="2012-05-16" mod="NA" />
<TIMEX3 id="T16" start="3277" end="3282" text="05-16" type="DATE" val="2012-05-16" mod="NA" />
<TIMEX3 id="T17" start="3443" end="3448" text="05-15" type="DATE" val="2012-05-15" mod="NA" />
<TIMEX3 id="T18" start="3575" end="3580" text="05-14" type="DATE" val="2012-05-14" mod="NA" />
<TIMEX3 id="T19" start="3688" end="3693" text="05-18" type="DATE" val="2012-05-18" mod="NA" />
<EVENT id="ETEST1413" start="293" end="301" text="antibody" modality="FACTUAL" polarity="POS" type="TEST" />
<EVENT id="ETEST1414" start="313" end="340" text="hepatitis B surface antigen" modality="FACTUAL" polarity="POS" type="TEST" />
<EVENT id="ETEST1415" start="352" end="355" text="RPR" modality="FACTUAL" polarity="POS" type="TEST" />
<EVENT id="ETEST1416" start="370" end="384" text="rubella immune" modality="FACTUAL" polarity="POS" type="TEST" />
<EVENT id="ETEST1417" start="957" end="963" text="Apgars" modality="FACTUAL" polarity="POS" type="TEST" />
<EVENT id="ETEST1418" start="1312" end="1316" text="sats" modality="FACTUAL" polarity="POS" type="TEST" />
<EVENT id="ETEST1419" start="1699" end="1719" text="His admission weight" modality="FACTUAL" polarity="POS" type="TEST" />
<EVENT id="ETEST1420" start="1737" end="1747" text="His weight" modality="FACTUAL" polarity="POS" type="TEST" />
<EVENT id="ETEST1421" start="1875" end="1888" text="His bilirubin" modality="FACTUAL" polarity="POS" type="TEST" />
<EVENT id="ETEST1422" start="1929" end="1951" text="a subsequent bilirubin" modality="FACTUAL" polarity="POS" type="TEST" />
<EVENT id="ETEST1423" start="2072" end="2091" text="coagulopathy workup" modality="FACTUAL" polarity="POS" type="TEST" />
<EVENT id="ETEST1424" start="2454" end="2479" text="an initial factor 8 level" modality="FACTUAL" polarity="POS" type="TEST" />
<EVENT id="ETEST1425" start="2742" end="2756" text="His peak level" modality="FACTUAL" polarity="POS" type="TEST" />
<EVENT id="ETEST1426" start="2810" end="2824" text="A trough level" modality="FACTUAL" polarity="POS" type="TEST" />
<EVENT id="ETEST1427" start="3217" end="3229" text="His last PTT" modality="FACTUAL" polarity="POS" type="TEST" />
<EVENT id="ETEST1428" start="3250" end="3269" text="The last hematocrit" modality="FACTUAL" polarity="POS" type="TEST" />
<EVENT id="ETEST1429" start="3418" end="3439" text="A repeat head CT scan" modality="FACTUAL" polarity="POS" type="TEST" />
<EVENT id="ETEST1430" start="3552" end="3571" text="His head ultrasound" modality="FACTUAL" polarity="POS" type="TEST" />
<EVENT id="ETEST1431" start="3662" end="3684" text="His head circumference" modality="FACTUAL" polarity="POS" type="TEST" />
<EVENT id="ETEST1432" start="3711" end="3739" text="a maximum head circumference" modality="FACTUAL" polarity="POS" type="TEST" />
<EVENT id="ETEST1433" start="4043" end="4057" text="Hearing screen" modality="FACTUAL" polarity="POS" type="TEST" />

<EVENT id="EPROBLEM2731" start="139" end="168" text="increasing head circumference" modality="FACTUAL" polarity="POS" type="PROBLEM" />
<EVENT id="EPROBLEM2732" start="173" end="181" text="bruising" modality="FACTUAL" polarity="POS" type="PROBLEM" />
<EVENT id="EPROBLEM2733" start="591" end="615" text="decreased fetal movement" modality="FACTUAL" polarity="POS" type="PROBLEM" />
<EVENT id="EPROBLEM2734" start="628" end="654" text="spontaneous onset of labor" modality="FACTUAL" polarity="POS" type="PROBLEM" />
<EVENT id="EPROBLEM2735" start="762" end="787" text="antepartum maternal fever" modality="FACTUAL" polarity="NEG" type="PROBLEM" />
<EVENT id="EPROBLEM2736" start="791" end="808" text="fetal tachycardia" modality="FACTUAL" polarity="NEG" type="PROBLEM" />
<EVENT id="EPROBLEM2737" start="1068" end="1076" text="swelling" modality="FACTUAL" polarity="POS" type="PROBLEM" />
<EVENT id="EPROBLEM2738" start="1081" end="1089" text="bruising" modality="FACTUAL" polarity="POS" type="PROBLEM" />
<EVENT id="EPROBLEM2739" start="1189" end="1211" text="the increased bleeding" modality="FACTUAL" polarity="POS" type="PROBLEM" />
<EVENT id="EPROBLEM2740" start="1332" end="1337" text="apnea" modality="FACTUAL" polarity="NEG" type="PROBLEM" />
<EVENT id="EPROBLEM2741" start="1341" end="1352" text="bradycardia" modality="FACTUAL" polarity="NEG" type="PROBLEM" />
<EVENT id="EPROBLEM2742" start="1385" end="1402" text="an initial murmur" modality="FACTUAL" polarity="POS" type="PROBLEM" />
<EVENT id="EPROBLEM2743" start="1436" end="1449" text="severe anemia" modality="FACTUAL" polarity="POS" type="PROBLEM" />
<EVENT id="EPROBLEM2744" start="1613" end="1625" text="the bleeding" modality="FACTUAL" polarity="POS" type="PROBLEM" />
<EVENT id="EPROBLEM2745" start="1812" end="1820" text="bleeding" modality="FACTUAL" polarity="POS" type="PROBLEM" />
<EVENT id="EPROBLEM2746" start="2050" end="2069" text="the subgaleal bleed" modality="FACTUAL" polarity="POS" type="PROBLEM" />
<EVENT id="EPROBLEM2747" start="2116" end="2131" text="an elevated PTT" modality="FACTUAL" polarity="POS" type="PROBLEM" />
<EVENT id="EPROBLEM2748" start="2968" end="2995" text="the intracranial hemorrhage" modality="FACTUAL" polarity="POS" type="PROBLEM" />
<EVENT id="EPROBLEM2749" start="3349" end="3376" text="significant subgaleal bleed" modality="FACTUAL" polarity="POS" type="PROBLEM" />
<EVENT id="EPROBLEM2750" start="3388" end="3415" text="a small subdural hemorrhage" modality="FACTUAL" polarity="POS" type="PROBLEM" />
<EVENT id="EPROBLEM2751" start="3477" end="3498" text="the subdural hematoma" modality="FACTUAL" polarity="NEG" type="PROBLEM" />
<EVENT id="EPROBLEM2752" start="3530" end="3549" text="the subgaleal bleed" modality="FACTUAL" polarity="NEG" type="PROBLEM" />
<EVENT id="EPROBLEM2753" start="3592" end="3619" text="interventricular hemorrhage" modality="FACTUAL" polarity="NEG" type="PROBLEM" />

<EVENT id="ETREATMENT2049" start="675" end="707" text="vacuum assisted vaginal delivery" modality="FACTUAL" polarity="POS" type="TREATMENT" />
<EVENT id="ETREATMENT2050" start="714" end="733" text="epidural anesthesia" modality="FACTUAL" polarity="POS" type="TREATMENT" />
<EVENT id="ETREATMENT2051" start="814" end="847" text="antepartum antibiotic prophylaxis" modality="FACTUAL" polarity="NEG" type="TREATMENT" />
<EVENT id="ETREATMENT2052" start="917" end="933" text="free flow oxygen" modality="FACTUAL" polarity="POS" type="TREATMENT" />
<EVENT id="ETREATMENT2053" start="1175" end="1185" text="management" modality="FACTUAL" polarity="POS" type="TREATMENT" />
<EVENT id="ETREATMENT2054" start="1574" end="1582" text="po feeds" modality="FACTUAL" polarity="POS" type="TREATMENT" />
<EVENT id="ETREATMENT2055" start="1677" end="1684" text="Enfamil" modality="FACTUAL" polarity="POS" type="TREATMENT" />
<EVENT id="ETREATMENT2056" start="1860" end="1872" text="phototherapy" modality="FACTUAL" polarity="POS" type="TREATMENT" />
<EVENT id="ETREATMENT2057" start="1973" end="1985" text="phototherapy" modality="FACTUAL" polarity="POS" type="TREATMENT" />
<EVENT id="ETREATMENT2058" start="2282" end="2302" text="kg bolus of factor 8" modality="FACTUAL" polarity="POS" type="TREATMENT" />
<EVENT id="ETREATMENT2059" start="2315" end="2344" text="continuous factor 8 infusions" modality="FACTUAL" polarity="POS" type="TREATMENT" />
<EVENT id="ETREATMENT2060" start="2492" end="2501" text="the bolus" modality="FACTUAL" polarity="POS" type="TREATMENT" />
<EVENT id="ETREATMENT2061" start="2525" end="2548" text="another bolus of factor" modality="FACTUAL" polarity="POS" type="TREATMENT" />
<EVENT id="ETREATMENT2062" start="2572" end="2604" text="increased factor 8 infusion rate" modality="FACTUAL" polarity="POS" type="TREATMENT" />
<EVENT id="ETREATMENT2063" start="2668" end="2682" text="bolus infusion" modality="FACTUAL" polarity="POS" type="TREATMENT" />
<EVENT id="ETREATMENT2064" start="2763" end="2770" text="a bolus" modality="FACTUAL" polarity="POS" type="TREATMENT" />
<EVENT id="ETREATMENT2065" start="2843" end="2852" text="the bolus" modality="FACTUAL" polarity="POS" type="TREATMENT" />
<EVENT id="ETREATMENT2066" start="2910" end="2924" text="factor 8 bolus" modality="FACTUAL" polarity="POS" type="TREATMENT" />
<EVENT id="ETREATMENT2067" start="3142" end="3159" text="a jugular Broviac" modality="FACTUAL" polarity="POS" type="TREATMENT" />
<EVENT id="ETREATMENT2068" start="3955" end="3977" text="the care of the Boviak" modality="FACTUAL" polarity="POS" type="TREATMENT" />

<EVENT id="ECLINICAL_DEPT428" start="988" end="1007" text="the Newborn Nursery" modality="FACTUAL" polarity="POS" type="CLINICAL_DEPT" />
<EVENT id="ECLINICAL_DEPT429" start="1143" end="1155" text="the CMED CCU" modality="FACTUAL" polarity="POS" type="CLINICAL_DEPT" />
<EVENT id="ECLINICAL_DEPT430" start="3022" end="3032" text="Hematology" modality="FACTUAL" polarity="POS" type="CLINICAL_DEPT" />
<EVENT id="ECLINICAL_DEPT431" start="3909" end="3921" text="the hospital" modality="FACTUAL" polarity="POS" type="CLINICAL_DEPT" />

<EVENT id="EEVIDENTIAL324" start="2106" end="2115" text="revealing" modality="FACTUAL" polarity="POS" type="EVIDENTIAL" />

<EVENT id="EOCCURRENCE1439" start="1" end="10" text="Admission" modality="FACTUAL" polarity="POS" type="OCCURRENCE" />
<EVENT id="EOCCURRENCE1440" start="29" end="38" text="Discharge" modality="FACTUAL" polarity="POS" type="OCCURRENCE" />
<EVENT id="EOCCURRENCE1441" start="125" end="133" text="admitted" modality="FACTUAL" polarity="POS" type="OCCURRENCE" />
<EVENT id="EOCCURRENCE1442" start="191" end="195" text="born" modality="FACTUAL" polarity="POS" type="OCCURRENCE" />
<EVENT id="EOCCURRENCE1443" start="1131" end="1139" text="referred" modality="FACTUAL" polarity="POS" type="OCCURRENCE" />
<EVENT id="EOCCURRENCE1444" start="1406" end="1415" text="admission" modality="FACTUAL" polarity="POS" type="OCCURRENCE" />
<EVENT id="EOCCURRENCE1445" start="1489" end="1511" text="hemodynamically stable" modality="FACTUAL" polarity="POS" type="OCCURRENCE" />
<EVENT id="EOCCURRENCE1446" start="1523" end="1537" text="this admission" modality="FACTUAL" polarity="POS" type="OCCURRENCE" />
<EVENT id="EOCCURRENCE1447" start="1751" end="1760" text="discharge" modality="FACTUAL" polarity="POS" type="OCCURRENCE" />
<EVENT id="EOCCURRENCE1448" start="2651" end="2659" text="switched" modality="FACTUAL" polarity="POS" type="OCCURRENCE" />
<EVENT id="EOCCURRENCE1449" start="2863" end="2872" text="discharge" modality="FACTUAL" polarity="POS" type="OCCURRENCE" />
<EVENT id="EOCCURRENCE1450" start="3334" end="3343" text="presented" modality="FACTUAL" polarity="POS" type="OCCURRENCE" />
<EVENT id="EOCCURRENCE1451" start="3629" end="3659" text="remained neurologically stable" modality="FACTUAL" polarity="POS" type="OCCURRENCE" />
<EVENT id="EOCCURRENCE1452" start="3743" end="3752" text="admission" modality="FACTUAL" polarity="POS" type="OCCURRENCE" />
<EVENT id="EOCCURRENCE1453" start="3894" end="3903" text="discharge" modality="FACTUAL" polarity="POS" type="OCCURRENCE" />

</TAGS>
</ClinicalNarrativeTemporalAnnotation>
