<?xml version="1.0" encoding="UTF-8" ?>
<ClinicalNarrativeTemporalAnnotation>
<TEXT><![CDATA[
Admission Date :
2019-02-01
Discharge Date :
2019-02-09
Service :
MEDICINE
History of Present Illness :
Pt is a 78 yo male with h/o A fib , s/p multiple CVA s, CHF , HTN , DM2 admitted to Mediplex Rehab Hospital Robert on 02-01 with abdominal pain and n/v since that morning .
Pt 's vitals on admission wer significant for T 104 , SBP 100 s, HR in the 120 s.
RUQ U/s demonstrated multiple small gallstones with sludges without evidence of pericholecystic fluid or significant dilatation of the gallbladder .
Surgery was consulted for concern of cholangitis with probable sepsis .
Pt was admitted to the CMED CCU , intubated overnight for ERCP procedure and fluid resuscitation .
The patient was placed on zosyn .
Pt 's INR was eleveted as he was on home coumadin .
He was given 4 units FFP in anticipation of ERCP the following day .
On 02-02 ERCP demonstrated a large filling defect in the distal duct representing a stone with CBD dilatation .
A biliary stent was placed after the removal of the stone .
Pt was extubated the next day .
He was then transferred to the medicine service .
Brief Hospital Course :
Pt is a 78 yo male with atrial fibrillation , s/p multiple CVA s, CHF , HTN , DM2 transferred from the CMED CCU s/p intervention for cholangitis .
1) Acute cholangitis : Pt was admitted to the ICU , intubated , and ERCP performed , likely stone obstructing CBD .
Stent was placed and patient was treated with antibiotics ( Zosyn - > Ciprofloxacin ).
Per ERCP fellow , plan is for patient to return in four weeks to see Dr. Suzanne Davis , at which time he will likely have repeat cholangiogram and removal of stent and stone .
If this is still problematic , pt may also need a sphincterotomy .
Dr.Demby secretary will contact patient at home the week after discharge to schedule this for the end of January .
Pt is to continue ciprofloxacin for a complete 14 day course .
2) Mechanical mitral valve : Anticoagulation was reversed for ERCP .
After this he was anticoagulated with heparin drip .
INR was 1.9 on discharge .
He was given sc lovenox x 1 and will continue this the day after discharge bid for one day .
VNA will check his INR at home and page his PCP with the results .
3) Atrial fibrillation : Rate controlled and on warfarin .
While in the hospital he had several episodes of pauses , none longer than 2.5 seconds .
His digoxin was held and his metoprolol was titrated down from his home dose .
Once the digoxin was no longer having effect , metoprolol was titrated back to home dose .
4) CHF : Pt was oxygen dependent for most of the hospital course , CXR was consistent with pulmonary edema .
He was diuresed with lasix with good effect .
Volume overload likely ocurred in the setting of IV fluids given in the ICU .
Did not require lasix on discharge .
5) E. coli bacteremia / sepsis : Source of acute cholangitis as above .
Pt required 3 day stay in the surgical ICU and intubation as above .
6) Intubation : Pt was 97% on room air on arrival to Cindy , developed rapid ventricular reponse to a fib which was treated , but after that period of time required oxygen , presumably for pulmonary edema .
In the Lori pt was given 3L NS as well as 1 unit of FFP , and oxygen requirements contimued to climb .
In the CMED CCU pt was intubated for ERCP procedure .
He was extubated the next morning .
]]></TEXT>
<TAGS>
<TIMEX3 id="T0" start="18" end="28" text="2019-02-01" type="DATE" val="2019-02-01" mod="NA" />
<TIMEX3 id="T1" start="46" end="56" text="2019-02-09" type="DATE" val="2019-02-09" mod="NA" />
<TIMEX3 id="T2" start="223" end="228" text="02-01" type="DATE" val="2019-02-01" mod="NA" />
<TIMEX3 id="T3" start="263" end="275" text="that morning" type="DATE" val="2019-02-01" mod="START" />
<TIMEX3 id="T4" start="625" end="634" text="overnight" type="DURATION" val="PT12H" mod="APPROX" />
<TIMEX3 id="T5" start="815" end="832" text="the following day" type="DATE" val="2019-02-02" mod="NA" />
<TIMEX3 id="T6" start="838" end="843" text="02-02" type="DATE" val="2019-02-02" mod="NA" />
<TIMEX3 id="T7" start="1024" end="1036" text="the next day" type="DATE" val="2019-02-03" mod="NA" />
<TIMEX3 id="T8" start="1514" end="1524" text="four weeks" type="DURATION" val="P4W" mod="NA" />
<TIMEX3 id="T9" start="1755" end="1763" text="the week" type="DURATION" val="P1W" mod="NA" />
<TIMEX3 id="T10" start="1812" end="1819" text="January" type="DATE" val="2019-01" mod="NA" />
<TIMEX3 id="T11" start="1869" end="1882" text="14 day course" type="DURATION" val="P14D" mod="NA" />
<TIMEX3 id="T12" start="2058" end="2061" text="x 1" type="FREQUENCY" val="R1" mod="NA" />
<TIMEX3 id="T13" start="2085" end="2092" text="the day" type="DURATION" val="P1D" mod="NA" />
<TIMEX3 id="T14" start="2109" end="2112" text="bid" type="FREQUENCY" val="RPT12H" mod="NA" />
<TIMEX3 id="T15" start="2117" end="2124" text="one day" type="FREQUENCY" val="RP1D" mod="NA" />
<TIMEX3 id="T16" start="2282" end="2298" text="several episodes" type="FREQUENCY" val="R3" mod="APPROX" />
<TIMEX3 id="T17" start="2866" end="2871" text="3 day" type="DURATION" val="P3D" mod="NA" />
<TIMEX3 id="T18" start="3304" end="3320" text="the next morning" type="DATE" val="2019-02-04" mod="START" />
<EVENT id="ETEST1581" start="324" end="325" text="T" modality="FACTUAL" polarity="POS" type="TEST" />
<EVENT id="ETEST1582" start="332" end="335" text="SBP" modality="FACTUAL" polarity="POS" type="TEST" />
<EVENT id="ETEST1583" start="360" end="367" text="RUQ U/s" modality="FACTUAL" polarity="POS" type="TEST" />
<EVENT id="ETEST1584" start="639" end="653" text="ERCP procedure" modality="FACTUAL" polarity="POS" type="TEST" />
<EVENT id="ETEST1585" start="714" end="723" text="Pt 's INR" modality="FACTUAL" polarity="POS" type="TEST" />
<EVENT id="ETEST1586" start="1328" end="1332" text="ERCP" modality="FACTUAL" polarity="POS" type="TEST" />
<EVENT id="ETEST1587" start="1586" end="1606" text="repeat cholangiogram" modality="FACTUAL" polarity="POS" type="TEST" />
<EVENT id="ETEST1588" start="2007" end="2010" text="INR" modality="FACTUAL" polarity="POS" type="TEST" />
<EVENT id="ETEST1589" start="2142" end="2149" text="his INR" modality="FACTUAL" polarity="POS" type="TEST" />
<EVENT id="ETEST1590" start="2579" end="2582" text="CXR" modality="FACTUAL" polarity="POS" type="TEST" />

<EVENT id="EPROBLEM3067" start="133" end="138" text="A fib" modality="FACTUAL" polarity="POS" type="PROBLEM" />
<EVENT id="EPROBLEM3068" start="145" end="157" text="multiple CVA" modality="FACTUAL" polarity="POS" type="PROBLEM" />
<EVENT id="EPROBLEM3069" start="161" end="164" text="CHF" modality="FACTUAL" polarity="POS" type="PROBLEM" />
<EVENT id="EPROBLEM3070" start="167" end="170" text="HTN" modality="FACTUAL" polarity="POS" type="PROBLEM" />
<EVENT id="EPROBLEM3071" start="173" end="176" text="DM2" modality="FACTUAL" polarity="POS" type="PROBLEM" />
<EVENT id="EPROBLEM3072" start="234" end="248" text="abdominal pain" modality="FACTUAL" polarity="POS" type="PROBLEM" />
<EVENT id="EPROBLEM3073" start="381" end="406" text="multiple small gallstones" modality="FACTUAL" polarity="POS" type="PROBLEM" />
<EVENT id="EPROBLEM3074" start="440" end="461" text="pericholecystic fluid" modality="FACTUAL" polarity="NEG" type="PROBLEM" />
<EVENT id="EPROBLEM3075" start="465" end="506" text="significant dilatation of the gallbladder" modality="FACTUAL" polarity="NEG" type="PROBLEM" />
<EVENT id="EPROBLEM3076" start="546" end="557" text="cholangitis" modality="FACTUAL" polarity="POS" type="PROBLEM" />
<EVENT id="EPROBLEM3077" start="563" end="578" text="probable sepsis" modality="FACTUAL" polarity="POS" type="PROBLEM" />
<EVENT id="EPROBLEM3078" start="862" end="903" text="a large filling defect in the distal duct" modality="FACTUAL" polarity="POS" type="PROBLEM" />
<EVENT id="EPROBLEM3079" start="917" end="924" text="a stone" modality="FACTUAL" polarity="POS" type="PROBLEM" />
<EVENT id="EPROBLEM3080" start="930" end="944" text="CBD dilatation" modality="FACTUAL" polarity="POS" type="PROBLEM" />
<EVENT id="EPROBLEM3081" start="1137" end="1156" text="atrial fibrillation" modality="FACTUAL" polarity="POS" type="PROBLEM" />
<EVENT id="EPROBLEM3082" start="1163" end="1175" text="multiple CVA" modality="FACTUAL" polarity="POS" type="PROBLEM" />
<EVENT id="EPROBLEM3083" start="1179" end="1182" text="CHF" modality="FACTUAL" polarity="POS" type="PROBLEM" />
<EVENT id="EPROBLEM3084" start="1185" end="1188" text="HTN" modality="FACTUAL" polarity="POS" type="PROBLEM" />
<EVENT id="EPROBLEM3085" start="1191" end="1194" text="DM2" modality="FACTUAL" polarity="POS" type="PROBLEM" />
<EVENT id="EPROBLEM3086" start="1246" end="1257" text="cholangitis" modality="FACTUAL" polarity="POS" type="PROBLEM" />
<EVENT id="EPROBLEM3087" start="1263" end="1280" text="Acute cholangitis" modality="FACTUAL" polarity="POS" type="PROBLEM" />
<EVENT id="EPROBLEM3088" start="1352" end="1373" text="stone obstructing CBD" modality="FACTUAL" polarity="POS" type="PROBLEM" />
<EVENT id="EPROBLEM3089" start="2197" end="2216" text="Atrial fibrillation" modality="FACTUAL" polarity="POS" type="PROBLEM" />
<EVENT id="EPROBLEM3090" start="2515" end="2518" text="CHF" modality="FACTUAL" polarity="POS" type="PROBLEM" />
<EVENT id="EPROBLEM3091" start="2528" end="2544" text="oxygen dependent" modality="FACTUAL" polarity="POS" type="PROBLEM" />
<EVENT id="EPROBLEM3092" start="2603" end="2618" text="pulmonary edema" modality="FACTUAL" polarity="POS" type="PROBLEM" />
<EVENT id="EPROBLEM3093" start="2667" end="2682" text="Volume overload" modality="FACTUAL" polarity="POS" type="PROBLEM" />
<EVENT id="EPROBLEM3094" start="2785" end="2803" text="E. coli bacteremia" modality="FACTUAL" polarity="POS" type="PROBLEM" />
<EVENT id="EPROBLEM3095" start="2806" end="2812" text="sepsis" modality="FACTUAL" polarity="POS" type="PROBLEM" />
<EVENT id="EPROBLEM3096" start="2825" end="2842" text="acute cholangitis" modality="FACTUAL" polarity="POS" type="PROBLEM" />
<EVENT id="EPROBLEM3097" start="3023" end="3028" text="a fib" modality="FACTUAL" polarity="POS" type="PROBLEM" />
<EVENT id="EPROBLEM3098" start="3112" end="3127" text="pulmonary edema" modality="FACTUAL" polarity="POS" type="PROBLEM" />

<EVENT id="ETREATMENT2289" start="615" end="624" text="intubated" modality="FACTUAL" polarity="POS" type="TREATMENT" />
<EVENT id="ETREATMENT2290" start="639" end="653" text="ERCP procedure" modality="FACTUAL" polarity="POS" type="TREATMENT" />
<EVENT id="ETREATMENT2291" start="658" end="677" text="fluid resuscitation" modality="FACTUAL" polarity="POS" type="TREATMENT" />
<EVENT id="ETREATMENT2292" start="706" end="711" text="zosyn" modality="FACTUAL" polarity="POS" type="TREATMENT" />
<EVENT id="ETREATMENT2293" start="750" end="763" text="home coumadin" modality="FACTUAL" polarity="POS" type="TREATMENT" />
<EVENT id="ETREATMENT2294" start="779" end="790" text="4 units FFP" modality="FACTUAL" polarity="POS" type="TREATMENT" />
<EVENT id="ETREATMENT2295" start="947" end="962" text="A biliary stent" modality="FACTUAL" polarity="POS" type="TREATMENT" />
<EVENT id="ETREATMENT2296" start="980" end="1004" text="the removal of the stone" modality="FACTUAL" polarity="POS" type="TREATMENT" />
<EVENT id="ETREATMENT2297" start="1229" end="1241" text="intervention" modality="FACTUAL" polarity="POS" type="TREATMENT" />
<EVENT id="ETREATMENT2298" start="1312" end="1321" text="intubated" modality="FACTUAL" polarity="POS" type="TREATMENT" />
<EVENT id="ETREATMENT2299" start="1376" end="1381" text="Stent" modality="FACTUAL" polarity="POS" type="TREATMENT" />
<EVENT id="ETREATMENT2300" start="1422" end="1433" text="antibiotics" modality="FACTUAL" polarity="POS" type="TREATMENT" />
<EVENT id="ETREATMENT2301" start="1446" end="1459" text="Ciprofloxacin" modality="FACTUAL" polarity="POS" type="TREATMENT" />
<EVENT id="ETREATMENT2302" start="1611" end="1627" text="removal of stent" modality="FACTUAL" polarity="POS" type="TREATMENT" />
<EVENT id="ETREATMENT2303" start="1688" end="1704" text="a sphincterotomy" modality="FACTUAL" polarity="POS" type="TREATMENT" />
<EVENT id="ETREATMENT2304" start="1840" end="1853" text="ciprofloxacin" modality="FACTUAL" polarity="POS" type="TREATMENT" />
<EVENT id="ETREATMENT2305" start="1888" end="1929" text="Mechanical mitral valve : Anticoagulation" modality="FACTUAL" polarity="POS" type="TREATMENT" />
<EVENT id="ETREATMENT2306" start="1947" end="1951" text="ERCP" modality="FACTUAL" polarity="POS" type="TREATMENT" />
<EVENT id="ETREATMENT2307" start="1972" end="1986" text="anticoagulated" modality="FACTUAL" polarity="POS" type="TREATMENT" />
<EVENT id="ETREATMENT2308" start="1992" end="2004" text="heparin drip" modality="FACTUAL" polarity="POS" type="TREATMENT" />
<EVENT id="ETREATMENT2309" start="2047" end="2057" text="sc lovenox" modality="FACTUAL" polarity="POS" type="TREATMENT" />
<EVENT id="ETREATMENT2310" start="2242" end="2250" text="warfarin" modality="FACTUAL" polarity="POS" type="TREATMENT" />
<EVENT id="ETREATMENT2311" start="2342" end="2353" text="His digoxin" modality="FACTUAL" polarity="POS" type="TREATMENT" />
<EVENT id="ETREATMENT2312" start="2367" end="2381" text="his metoprolol" modality="FACTUAL" polarity="POS" type="TREATMENT" />
<EVENT id="ETREATMENT2313" start="2405" end="2418" text="his home dose" modality="FACTUAL" polarity="POS" type="TREATMENT" />
<EVENT id="ETREATMENT2314" start="2426" end="2437" text="the digoxin" modality="FACTUAL" polarity="POS" type="TREATMENT" />
<EVENT id="ETREATMENT2315" start="2468" end="2478" text="metoprolol" modality="FACTUAL" polarity="NEG" type="TREATMENT" />
<EVENT id="ETREATMENT2316" start="2500" end="2509" text="home dose" modality="FACTUAL" polarity="NEG" type="TREATMENT" />
<EVENT id="ETREATMENT2317" start="2628" end="2636" text="diuresed" modality="FACTUAL" polarity="POS" type="TREATMENT" />
<EVENT id="ETREATMENT2318" start="2642" end="2647" text="lasix" modality="FACTUAL" polarity="POS" type="TREATMENT" />
<EVENT id="ETREATMENT2319" start="2716" end="2725" text="IV fluids" modality="FACTUAL" polarity="POS" type="TREATMENT" />
<EVENT id="ETREATMENT2320" start="2761" end="2766" text="lasix" modality="FACTUAL" polarity="NEG" type="TREATMENT" />
<EVENT id="ETREATMENT2321" start="2901" end="2911" text="intubation" modality="FACTUAL" polarity="POS" type="TREATMENT" />
<EVENT id="ETREATMENT2322" start="2926" end="2936" text="Intubation" modality="FACTUAL" polarity="POS" type="TREATMENT" />
<EVENT id="ETREATMENT2323" start="3088" end="3094" text="oxygen" modality="FACTUAL" polarity="POS" type="TREATMENT" />
<EVENT id="ETREATMENT2324" start="3155" end="3160" text="3L NS" modality="FACTUAL" polarity="POS" type="TREATMENT" />
<EVENT id="ETREATMENT2325" start="3182" end="3185" text="FFP" modality="FACTUAL" polarity="POS" type="TREATMENT" />
<EVENT id="ETREATMENT2326" start="3256" end="3265" text="intubated" modality="FACTUAL" polarity="POS" type="TREATMENT" />
<EVENT id="ETREATMENT2327" start="3270" end="3284" text="ERCP procedure" modality="FACTUAL" polarity="POS" type="TREATMENT" />

<EVENT id="ECLINICAL_DEPT478" start="189" end="219" text="Mediplex Rehab Hospital Robert" modality="FACTUAL" polarity="POS" type="CLINICAL_DEPT" />
<EVENT id="ECLINICAL_DEPT479" start="600" end="612" text="the CMED CCU" modality="FACTUAL" polarity="POS" type="CLINICAL_DEPT" />
<EVENT id="ECLINICAL_DEPT480" start="1212" end="1224" text="the CMED CCU" modality="FACTUAL" polarity="POS" type="CLINICAL_DEPT" />
<EVENT id="ECLINICAL_DEPT481" start="1302" end="1309" text="the ICU" modality="FACTUAL" polarity="POS" type="CLINICAL_DEPT" />
<EVENT id="ECLINICAL_DEPT482" start="2262" end="2274" text="the hospital" modality="FACTUAL" polarity="POS" type="CLINICAL_DEPT" />
<EVENT id="ECLINICAL_DEPT483" start="2735" end="2742" text="the ICU" modality="FACTUAL" polarity="POS" type="CLINICAL_DEPT" />
<EVENT id="ECLINICAL_DEPT484" start="2880" end="2896" text="the surgical ICU" modality="FACTUAL" polarity="POS" type="CLINICAL_DEPT" />
<EVENT id="ECLINICAL_DEPT485" start="3133" end="3141" text="the Lori" modality="FACTUAL" polarity="POS" type="CLINICAL_DEPT" />
<EVENT id="ECLINICAL_DEPT486" start="3236" end="3248" text="the CMED CCU" modality="FACTUAL" polarity="POS" type="CLINICAL_DEPT" />

<EVENT id="EEVIDENTIAL378" start="368" end="380" text="demonstrated" modality="FACTUAL" polarity="POS" type="EVIDENTIAL" />
<EVENT id="EEVIDENTIAL379" start="849" end="861" text="demonstrated" modality="FACTUAL" polarity="POS" type="EVIDENTIAL" />

<EVENT id="EOCCURRENCE1606" start="1" end="10" text="Admission" modality="FACTUAL" polarity="POS" type="OCCURRENCE" />
<EVENT id="EOCCURRENCE1607" start="29" end="38" text="Discharge" modality="FACTUAL" polarity="POS" type="OCCURRENCE" />
<EVENT id="EOCCURRENCE1608" start="177" end="185" text="admitted" modality="FACTUAL" polarity="POS" type="OCCURRENCE" />
<EVENT id="EOCCURRENCE1609" start="294" end="303" text="admission" modality="FACTUAL" polarity="POS" type="OCCURRENCE" />
<EVENT id="EOCCURRENCE1610" start="521" end="530" text="consulted" modality="FACTUAL" polarity="POS" type="OCCURRENCE" />
<EVENT id="EOCCURRENCE1611" start="588" end="596" text="admitted" modality="FACTUAL" polarity="POS" type="OCCURRENCE" />
<EVENT id="EOCCURRENCE1612" start="1051" end="1062" text="transferred" modality="FACTUAL" polarity="POS" type="OCCURRENCE" />
<EVENT id="EOCCURRENCE1613" start="1195" end="1206" text="transferred" modality="FACTUAL" polarity="POS" type="OCCURRENCE" />
<EVENT id="EOCCURRENCE1614" start="1290" end="1298" text="admitted" modality="FACTUAL" polarity="POS" type="OCCURRENCE" />
<EVENT id="EOCCURRENCE1615" start="1770" end="1779" text="discharge" modality="FACTUAL" polarity="POS" type="OCCURRENCE" />
<EVENT id="EOCCURRENCE1616" start="2022" end="2031" text="discharge" modality="FACTUAL" polarity="POS" type="OCCURRENCE" />
<EVENT id="EOCCURRENCE1617" start="2099" end="2108" text="discharge" modality="FACTUAL" polarity="POS" type="OCCURRENCE" />
<EVENT id="EOCCURRENCE1618" start="2386" end="2399" text="titrated down" modality="FACTUAL" polarity="POS" type="OCCURRENCE" />
<EVENT id="EOCCURRENCE1619" start="2483" end="2496" text="titrated back" modality="FACTUAL" polarity="NEG" type="OCCURRENCE" />
<EVENT id="EOCCURRENCE1620" start="2557" end="2576" text="the hospital course" modality="FACTUAL" polarity="POS" type="OCCURRENCE" />
<EVENT id="EOCCURRENCE1621" start="2653" end="2664" text="good effect" modality="FACTUAL" polarity="POS" type="OCCURRENCE" />
<EVENT id="EOCCURRENCE1622" start="2770" end="2779" text="discharge" modality="FACTUAL" polarity="NEG" type="OCCURRENCE" />
<EVENT id="EOCCURRENCE1623" start="2965" end="2972" text="arrival" modality="FACTUAL" polarity="POS" type="OCCURRENCE" />

</TAGS>
</ClinicalNarrativeTemporalAnnotation>