<?xml version="1.0" encoding="UTF-8" ?>
<ClinicalNarrativeTemporalAnnotation>
<TEXT><![CDATA[
Admission Date :
2016-03-18
Discharge Date :
2016-04-01
Service : 
SURGERY
History of Present Illness :
_Mr. Morton is a 86 yo male transferred from Kindred Park View Specialty Hospital of Springfield-Sample .
He developed right foot pain the Sunday prior to admission and was seen by his Podiatrist , who diagnosed him with gout .
He was given colchicine and prednisone .
Mr. Morton then developed more pain and warmth to his right foot later in the week and presented to the Youville Hospital - Woody Monica .
At this hospital he underwent an I&D ( 03-17 ) of a right foot infection and subsequently underwent 
re-exploration ( 03-18 ) for developing necrotizing fascitis .
He was transferred to Hallmark Health System for further care .
Brief Hospital Course :
Mr. Morton was admitted to the TSICU .
He was placed on Penicillin G , Clindamycin , for empiric coverage of his wound , with Group A strep growth from the New England Baptist Hospital-Bryce cultures .
He was transferred to the floor on HD#2 .
He continued to undergo BID dressing changes .
Plastic surgery was asked to evaluate the patient .
Per their recommendations , silvadine was applied to the tendons to prevent dessication .
Vascular surgery was also asked to evaluate the patient 's right lower extremity blood flow .
An angiogram on HD#4 showed severe tibial disease and moderate SFA disease , no DP artery was seen .
The vascular team recommended a femoral-peroneal bypass for revascularization and performed this operation on HD#5 .
He tolerated the procedure well , please see Dr. Allgood Operative Note for detail .
On POD#1 , Mr. Morton received 2 units of pRBCs for post-op anemia ( Hct 25 ).
Mr. Morton continued to be followed by Infectious Disease , whose recommendations were to complete a 01-28 week course of Penicillin G and Clindamycin after the foot was completely debrided and the skin flaps completed .
His wound continued to heal well and by POD #6 a VAC dressing was placed .
He received a PICC on POD#7 for his long-term antibiotic therapy .
At the time of discharge , Mr. Morton had good pain control , was tolerating a regular diet , had a well-healing wound treated with a VAC dressing , and was to continue his IV PCN G and Clindamycin .
He was discharged to a rehab facility in fair condition .
]]></TEXT>
<TAGS>
<TIMEX3 id="T0" start="18" end="28" text="2016-03-18" type="DATE" val="2016-03-18" mod="NA" />
<TIMEX3 id="T1" start="46" end="56" text="2016-04-01" type="DATE" val="2016-04-01" mod="NA" />
<TIMEX3 id="T2" start="244" end="250" text="Sunday" type="DATE" val="2016-03-27" mod="NA" />
<TIMEX3 id="T3" start="448" end="456" text="the week" type="DURATION" val="P1W" mod="NA" />
<TIMEX3 id="T4" start="552" end="557" text="03-17" type="DATE" val="2016-03-17" mod="NA" />
<TIMEX3 id="T5" start="631" end="636" text="03-18" type="DATE" val="2016-03-18" mod="NA" />
<TIMEX3 id="T6" start="1002" end="1006" text="HD#2" type="DATE" val="2016-03-19" mod="NA" />
<TIMEX3 id="T7" start="1033" end="1036" text="BID" type="FREQUENCY" val="RPT12H" mod="NA" />
<TIMEX3 id="T8" start="1308" end="1312" text="HD#4" type="DATE" val="2016-03-21" mod="NA" />
<TIMEX3 id="T9" start="1503" end="1507" text="HD#5" type="DATE" val="2016-03-22" mod="NA" />
<TIMEX3 id="T10" start="1598" end="1603" text="POD#1" type="DATE" val="2016-03-23" mod="NA" />
<TIMEX3 id="T11" start="1775" end="1785" text="01-28 week" type="DURATION" val="P14.5W" mod="NA" />
<TIMEX3 id="T13" start="1935" end="1941" text="POD #6" type="DATE" val="2016-03-28" mod="NA" />
<TIMEX3 id="T14" start="1992" end="1997" text="POD#7" type="DATE" val="2016-03-29" mod="NA" />
<TIMEX3 id="T15" start="2040" end="2061" text="the time of discharge" type="DATE" val="2016-04-01" mod="NA" />
<EVENT id="ETEST1598" start="543" end="549" text="an I&D" modality="FACTUAL" polarity="POS" type="TEST" />
<EVENT id="ETEST1599" start="614" end="628" text="re-exploration" modality="FACTUAL" polarity="POS" type="TEST" />
<EVENT id="ETEST1600" start="1242" end="1289" text="the patient 's right lower extremity blood flow" modality="FACTUAL" polarity="POS" type="TEST" />
<EVENT id="ETEST1601" start="1292" end="1304" text="An angiogram" modality="FACTUAL" polarity="POS" type="TEST" />
<EVENT id="ETEST1602" start="1664" end="1667" text="Hct" modality="FACTUAL" polarity="POS" type="TEST" />

<EVENT id="EPROBLEM3116" start="224" end="239" text="right foot pain" modality="FACTUAL" polarity="POS" type="PROBLEM" />
<EVENT id="EPROBLEM3117" start="326" end="330" text="gout" modality="FACTUAL" polarity="POS" type="PROBLEM" />
<EVENT id="EPROBLEM3118" start="400" end="409" text="more pain" modality="FACTUAL" polarity="POS" type="PROBLEM" />
<EVENT id="EPROBLEM3119" start="414" end="438" text="warmth to his right foot" modality="FACTUAL" polarity="POS" type="PROBLEM" />
<EVENT id="EPROBLEM3120" start="563" end="585" text="a right foot infection" modality="FACTUAL" polarity="POS" type="PROBLEM" />
<EVENT id="EPROBLEM3121" start="643" end="674" text="developing necrotizing fascitis" modality="FACTUAL" polarity="POS" type="PROBLEM" />
<EVENT id="EPROBLEM3122" start="874" end="883" text="his wound" modality="FACTUAL" polarity="POS" type="PROBLEM" />
<EVENT id="EPROBLEM3123" start="891" end="911" text="Group A strep growth" modality="FACTUAL" polarity="POS" type="PROBLEM" />
<EVENT id="EPROBLEM3124" start="1242" end="1289" text="the patient 's right lower extremity blood flow" modality="FACTUAL" polarity="POS" type="PROBLEM" />
<EVENT id="EPROBLEM3125" start="1320" end="1341" text="severe tibial disease" modality="FACTUAL" polarity="POS" type="PROBLEM" />
<EVENT id="EPROBLEM3126" start="1346" end="1366" text="moderate SFA disease" modality="FACTUAL" polarity="POS" type="PROBLEM" />
<EVENT id="EPROBLEM3127" start="1647" end="1661" text="post-op anemia" modality="FACTUAL" polarity="POS" type="PROBLEM" />
<EVENT id="EPROBLEM3128" start="1895" end="1904" text="His wound" modality="FACTUAL" polarity="POS" type="PROBLEM" />
<EVENT id="EPROBLEM3129" start="2135" end="2155" text="a well-healing wound" modality="FACTUAL" polarity="POS" type="PROBLEM" />

<EVENT id="ETREATMENT2333" start="68" end="75" text="SURGERY" modality="FACTUAL" polarity="POS" type="TREATMENT" />
<EVENT id="ETREATMENT2334" start="346" end="356" text="colchicine" modality="FACTUAL" polarity="POS" type="TREATMENT" />
<EVENT id="ETREATMENT2335" start="361" end="371" text="prednisone" modality="FACTUAL" polarity="POS" type="TREATMENT" />
<EVENT id="ETREATMENT2336" start="726" end="738" text="further care" modality="FACTUAL" polarity="POS" type="TREATMENT" />
<EVENT id="ETREATMENT2337" start="821" end="833" text="Penicillin G" modality="FACTUAL" polarity="POS" type="TREATMENT" />
<EVENT id="ETREATMENT2338" start="836" end="847" text="Clindamycin" modality="FACTUAL" polarity="POS" type="TREATMENT" />
<EVENT id="ETREATMENT2339" start="1033" end="1053" text="BID dressing changes" modality="FACTUAL" polarity="POS" type="TREATMENT" />
<EVENT id="ETREATMENT2340" start="1423" end="1448" text="a femoral-peroneal bypass" modality="FACTUAL" polarity="POS" type="TREATMENT" />
<EVENT id="ETREATMENT2341" start="1453" end="1470" text="revascularization" modality="FACTUAL" polarity="POS" type="TREATMENT" />
<EVENT id="ETREATMENT2342" start="1485" end="1499" text="this operation" modality="FACTUAL" polarity="POS" type="TREATMENT" />
<EVENT id="ETREATMENT2343" start="1523" end="1536" text="the procedure" modality="FACTUAL" polarity="POS" type="TREATMENT" />
<EVENT id="ETREATMENT2344" start="1637" end="1642" text="pRBCs" modality="FACTUAL" polarity="POS" type="TREATMENT" />
<EVENT id="ETREATMENT2345" start="1796" end="1808" text="Penicillin G" modality="FACTUAL" polarity="POS" type="TREATMENT" />
<EVENT id="ETREATMENT2346" start="1813" end="1824" text="Clindamycin" modality="FACTUAL" polarity="POS" type="TREATMENT" />
<EVENT id="ETREATMENT2347" start="1942" end="1956" text="a VAC dressing" modality="FACTUAL" polarity="POS" type="TREATMENT" />
<EVENT id="ETREATMENT2348" start="1982" end="1988" text="a PICC" modality="FACTUAL" polarity="POS" type="TREATMENT" />
<EVENT id="ETREATMENT2349" start="1992" end="1997" text="POD#7" modality="FACTUAL" polarity="POS" type="TREATMENT" />
<EVENT id="ETREATMENT2350" start="2002" end="2034" text="his long-term antibiotic therapy" modality="FACTUAL" polarity="POS" type="TREATMENT" />
<EVENT id="ETREATMENT2351" start="2169" end="2183" text="a VAC dressing" modality="FACTUAL" polarity="POS" type="TREATMENT" />
<EVENT id="ETREATMENT2352" start="2206" end="2216" text="his IV PCN" modality="FACTUAL" polarity="POS" type="TREATMENT" />
<EVENT id="ETREATMENT2353" start="2223" end="2234" text="Clindamycin" modality="FACTUAL" polarity="POS" type="TREATMENT" />

<EVENT id="ECLINICAL_DEPT491" start="150" end="208" text="Kindred Park View Specialty Hospital of Springfield-Sample" modality="FACTUAL" polarity="POS" type="CLINICAL_DEPT" />
<EVENT id="ECLINICAL_DEPT492" start="474" end="495" text="the Youville Hospital" modality="FACTUAL" polarity="POS" type="CLINICAL_DEPT" />
<EVENT id="ECLINICAL_DEPT493" start="699" end="721" text="Hallmark Health System" modality="FACTUAL" polarity="POS" type="CLINICAL_DEPT" />
<EVENT id="ECLINICAL_DEPT494" start="792" end="801" text="the TSICU" modality="FACTUAL" polarity="POS" type="CLINICAL_DEPT" />
<EVENT id="ECLINICAL_DEPT495" start="989" end="998" text="the floor" modality="FACTUAL" polarity="POS" type="CLINICAL_DEPT" />
<EVENT id="ECLINICAL_DEPT496" start="1713" end="1731" text="Infectious Disease" modality="FACTUAL" polarity="POS" type="CLINICAL_DEPT" />

<EVENT id="EEVIDENTIAL383" start="1313" end="1319" text="showed" modality="FACTUAL" polarity="POS" type="EVIDENTIAL" />

<EVENT id="EOCCURRENCE1631" start="1" end="10" text="Admission" modality="FACTUAL" polarity="POS" type="OCCURRENCE" />
<EVENT id="EOCCURRENCE1632" start="29" end="38" text="Discharge" modality="FACTUAL" polarity="POS" type="OCCURRENCE" />
<EVENT id="EOCCURRENCE1633" start="133" end="144" text="transferred" modality="FACTUAL" polarity="POS" type="OCCURRENCE" />
<EVENT id="EOCCURRENCE1634" start="260" end="269" text="admission" modality="FACTUAL" polarity="POS" type="OCCURRENCE" />
<EVENT id="EOCCURRENCE1635" start="461" end="470" text="presented" modality="FACTUAL" polarity="POS" type="OCCURRENCE" />
<EVENT id="EOCCURRENCE1636" start="684" end="695" text="transferred" modality="FACTUAL" polarity="POS" type="OCCURRENCE" />
<EVENT id="EOCCURRENCE1637" start="780" end="788" text="admitted" modality="FACTUAL" polarity="POS" type="OCCURRENCE" />
<EVENT id="EOCCURRENCE1638" start="974" end="985" text="transferred" modality="FACTUAL" polarity="POS" type="OCCURRENCE" />
<EVENT id="EOCCURRENCE1639" start="1918" end="1927" text="heal well" modality="FACTUAL" polarity="POS" type="OCCURRENCE" />
<EVENT id="EOCCURRENCE1640" start="2052" end="2061" text="discharge" modality="FACTUAL" polarity="POS" type="OCCURRENCE" />
<EVENT id="EOCCURRENCE1641" start="2079" end="2096" text="good pain control" modality="FACTUAL" polarity="POS" type="OCCURRENCE" />
<EVENT id="EOCCURRENCE1642" start="2103" end="2128" text="tolerating a regular diet" modality="FACTUAL" polarity="POS" type="OCCURRENCE" />
<EVENT id="EOCCURRENCE1643" start="2244" end="2254" text="discharged" modality="FACTUAL" polarity="POS" type="OCCURRENCE" />
<EVENT id="EOCCURRENCE1644" start="2258" end="2274" text="a rehab facility" modality="FACTUAL" polarity="POS" type="OCCURRENCE" />

</TAGS>
</ClinicalNarrativeTemporalAnnotation>
