<?xml version="1.0" encoding="UTF-8" ?>
<ClinicalNarrativeTemporalAnnotation>
<TEXT><![CDATA[
Admission Date :
10/22/2000
Discharge Date :
11/17/2000
HISTORY OF PRESENT ILLNESS :
The patient is a 47-year-old man with advanced stage chronic lymphocytic leukemia who was admitted for autologous bone marrow transplant as per protocol 94-055 of the Santusli Hospital .
The patient was originally diagnosed in 06/98 during a routine physical when he was noted to have a white blood cell count of 20,000 , weight loss , and swelling in his neck and groin .
He was watched after his initial diagnosis , but six months later he developed rapidly increasing leukocytosis and he became more symptomatic .
After treatment with three cycles of fludarabine he had 90% involvement of his intratrabecular space .
He was therefore treated with three cycles of fludarabine in combination with cytoxan .
After this therapy he achieved a protocol eligible minimal disease state .
However , he did have relative pancytopenia following this therapy .
He was taken to bone marrow harvest in 08/22 at which time insufficient cells were obtained to proceed .
He was returned previous to this admission for repeat bone marrow harvest and at that time he was given Neupogen prior to his harvest , and sufficient cells were not obtained to proceed with autologous bone marrow transplantation .
His most recent bone marrow biopsy revealed less than 5% of intratrabecular space involvement .
Recent CT scan showed no significant lymphadenopathy .
The spleen was within normal limits .
HOSPITAL COURSE :
1 ) Oncology :
The patient was admitted on 10/22/00 and received cytoxan and total body irradiation per protocol .
Autologous bone marrow infusion occurred on 10/29/00 and was uneventful .
His post-transplant course was complicated by pain from mucositis and recalcitrant nausea and vomiting .
The patient did not tolerate antiemetics well and it was subsequently decided to avoid phenothiazides secondary to jitteryness and restless legs .
2 ) Infectious Disease :
The patient remained afebrile until day +11 when he spiked and was started on ceftazidime .
Blood cultures and urine cultures were all negative .
3 ) Heme :
The patient acquired intermittent transfusions for pancytopenia .
4 ) FEN :
The patient was unable to tolerate adequate p.o.&apos;s in the last several days .
He was well nourished so TPN was not started .
I &apos;s and O &apos;s were balanced and maintained with IV fluids .
]]></TEXT>
<TAGS>
<TIMEX3 id="T0" start="18" end="28" text="10/22/2000" type="DATE" val="2000-10-22" mod="NA" />
<TIMEX3 id="T1" start="46" end="56" text="11/17/2000" type="DATE" val="2000-11-17" mod="NA" />
<TIMEX3 id="T2" start="313" end="318" text="06/98" type="DATE" val="1998-06" mod="NA" />
<TIMEX3 id="T3" start="508" end="524" text="six months later" type="DATE" val="1998-12" mod="NA" />
<TIMEX3 id="T4" start="977" end="982" text="08/22" type="DATE" val="1998-08-22" mod="NA" />
<TIMEX3 id="T5" start="1124" end="1133" text="that time" type="DATE" val="2000-10-22" mod="NA" />
<TIMEX3 id="T6" start="1525" end="1533" text="10/22/00" type="DATE" val="2000-10-22" mod="NA" />
<TIMEX3 id="T7" start="1641" end="1649" text="10/29/00" type="DATE" val="2000-10-29" mod="NA" />
<TIMEX3 id="T8" start="2240" end="2261" text="the last several days" type="DURATION" val="P3D" mod="APPROX" />
<EVENT id="ETEST1603" start="371" end="395" text="a white blood cell count" modality="FACTUAL" polarity="POS" type="TEST" />
<EVENT id="ETEST1604" start="1275" end="1309" text="His most recent bone marrow biopsy" modality="FACTUAL" polarity="POS" type="TEST" />
<EVENT id="ETEST1605" start="1371" end="1385" text="Recent CT scan" modality="FACTUAL" polarity="POS" type="TEST" />
<EVENT id="ETEST1606" start="2040" end="2054" text="Blood cultures" modality="FACTUAL" polarity="POS" type="TEST" />
<EVENT id="ETEST1607" start="2059" end="2073" text="urine cultures" modality="FACTUAL" polarity="POS" type="TEST" />

<EVENT id="EPROBLEM3130" start="124" end="167" text="advanced stage chronic lymphocytic leukemia" modality="FACTUAL" polarity="POS" type="PROBLEM" />
<EVENT id="EPROBLEM3131" start="408" end="419" text="weight loss" modality="FACTUAL" polarity="POS" type="PROBLEM" />
<EVENT id="EPROBLEM3132" start="426" end="456" text="swelling in his neck and groin" modality="FACTUAL" polarity="POS" type="PROBLEM" />
<EVENT id="EPROBLEM3133" start="538" end="569" text="rapidly increasing leukocytosis" modality="FACTUAL" polarity="POS" type="PROBLEM" />
<EVENT id="EPROBLEM3134" start="584" end="600" text="more symptomatic" modality="FACTUAL" polarity="POS" type="PROBLEM" />
<EVENT id="EPROBLEM3135" start="678" end="703" text="his intratrabecular space" modality="FACTUAL" polarity="POS" type="PROBLEM" />
<EVENT id="EPROBLEM3136" start="825" end="866" text="a protocol eligible minimal disease state" modality="FACTUAL" polarity="POS" type="PROBLEM" />
<EVENT id="EPROBLEM3137" start="891" end="912" text="relative pancytopenia" modality="FACTUAL" polarity="POS" type="PROBLEM" />
<EVENT id="EPROBLEM3138" start="1335" end="1368" text="intratrabecular space involvement" modality="FACTUAL" polarity="POS" type="PROBLEM" />
<EVENT id="EPROBLEM3139" start="1396" end="1423" text="significant lymphadenopathy" modality="FACTUAL" polarity="NEG" type="PROBLEM" />
<EVENT id="EPROBLEM3140" start="1717" end="1721" text="pain" modality="FACTUAL" polarity="POS" type="PROBLEM" />
<EVENT id="EPROBLEM3141" start="1727" end="1736" text="mucositis" modality="FACTUAL" polarity="POS" type="PROBLEM" />
<EVENT id="EPROBLEM3142" start="1741" end="1760" text="recalcitrant nausea" modality="FACTUAL" polarity="POS" type="PROBLEM" />
<EVENT id="EPROBLEM3143" start="1765" end="1773" text="vomiting" modality="FACTUAL" polarity="POS" type="PROBLEM" />
<EVENT id="EPROBLEM3144" start="1891" end="1920" text="jitteryness and restless legs" modality="FACTUAL" polarity="POS" type="PROBLEM" />
<EVENT id="EPROBLEM3145" start="1969" end="1977" text="afebrile" modality="FACTUAL" polarity="POS" type="PROBLEM" />
<EVENT id="EPROBLEM3146" start="2156" end="2168" text="pancytopenia" modality="FACTUAL" polarity="POS" type="PROBLEM" />

<EVENT id="ETREATMENT2354" start="189" end="222" text="autologous bone marrow transplant" modality="FACTUAL" polarity="POS" type="TREATMENT" />
<EVENT id="ETREATMENT2355" start="609" end="618" text="treatment" modality="FACTUAL" polarity="POS" type="TREATMENT" />
<EVENT id="ETREATMENT2356" start="640" end="651" text="fludarabine" modality="FACTUAL" polarity="POS" type="TREATMENT" />
<EVENT id="ETREATMENT2357" start="736" end="778" text="three cycles of fludarabine in combination" modality="FACTUAL" polarity="POS" type="TREATMENT" />
<EVENT id="ETREATMENT2358" start="784" end="791" text="cytoxan" modality="FACTUAL" polarity="POS" type="TREATMENT" />
<EVENT id="ETREATMENT2359" start="800" end="812" text="this therapy" modality="FACTUAL" polarity="POS" type="TREATMENT" />
<EVENT id="ETREATMENT2360" start="923" end="935" text="this therapy" modality="FACTUAL" polarity="POS" type="TREATMENT" />
<EVENT id="ETREATMENT2361" start="954" end="973" text="bone marrow harvest" modality="FACTUAL" polarity="POS" type="TREATMENT" />
<EVENT id="ETREATMENT2362" start="1090" end="1116" text="repeat bone marrow harvest" modality="FACTUAL" polarity="POS" type="TREATMENT" />
<EVENT id="ETREATMENT2363" start="1147" end="1155" text="Neupogen" modality="FACTUAL" polarity="POS" type="TREATMENT" />
<EVENT id="ETREATMENT2364" start="1165" end="1176" text="his harvest" modality="FACTUAL" polarity="POS" type="TREATMENT" />
<EVENT id="ETREATMENT2365" start="1234" end="1272" text="autologous bone marrow transplantation" modality="FACTUAL" polarity="NEG" type="TREATMENT" />
<EVENT id="ETREATMENT2366" start="1547" end="1554" text="cytoxan" modality="FACTUAL" polarity="POS" type="TREATMENT" />
<EVENT id="ETREATMENT2367" start="1559" end="1581" text="total body irradiation" modality="FACTUAL" polarity="POS" type="TREATMENT" />
<EVENT id="ETREATMENT2368" start="1597" end="1628" text="Autologous bone marrow infusion" modality="FACTUAL" polarity="POS" type="TREATMENT" />
<EVENT id="ETREATMENT2369" start="1805" end="1816" text="antiemetics" modality="FACTUAL" polarity="NEG" type="TREATMENT" />
<EVENT id="ETREATMENT2370" start="2026" end="2037" text="ceftazidime" modality="FACTUAL" polarity="POS" type="TREATMENT" />
<EVENT id="ETREATMENT2371" start="2126" end="2151" text="intermittent transfusions" modality="FACTUAL" polarity="POS" type="TREATMENT" />
<EVENT id="ETREATMENT2372" start="2289" end="2292" text="TPN" modality="FACTUAL" polarity="POS" type="TREATMENT" />
<EVENT id="ETREATMENT2373" start="2340" end="2348" text="balanced" modality="FACTUAL" polarity="POS" type="TREATMENT" />
<EVENT id="ETREATMENT2374" start="2369" end="2378" text="IV fluids" modality="FACTUAL" polarity="POS" type="TREATMENT" />

<EVENT id="ECLINICAL_DEPT497" start="249" end="270" text="the Santusli Hospital" modality="FACTUAL" polarity="POS" type="CLINICAL_DEPT" />

<EVENT id="EEVIDENTIAL384" start="1310" end="1318" text="revealed" modality="FACTUAL" polarity="POS" type="EVIDENTIAL" />
<EVENT id="EEVIDENTIAL385" start="1386" end="1392" text="showed" modality="FACTUAL" polarity="POS" type="EVIDENTIAL" />

<EVENT id="EOCCURRENCE1645" start="1" end="10" text="Admission" modality="FACTUAL" polarity="POS" type="OCCURRENCE" />
<EVENT id="EOCCURRENCE1646" start="29" end="38" text="Discharge" modality="FACTUAL" polarity="POS" type="OCCURRENCE" />
<EVENT id="EOCCURRENCE1647" start="176" end="184" text="admitted" modality="FACTUAL" polarity="POS" type="OCCURRENCE" />
<EVENT id="EOCCURRENCE1648" start="326" end="344" text="a routine physical" modality="FACTUAL" polarity="POS" type="OCCURRENCE" />
<EVENT id="EOCCURRENCE1649" start="466" end="473" text="watched" modality="FACTUAL" polarity="POS" type="OCCURRENCE" />
<EVENT id="EOCCURRENCE1650" start="480" end="501" text="his initial diagnosis" modality="FACTUAL" polarity="POS" type="OCCURRENCE" />
<EVENT id="EOCCURRENCE1651" start="1071" end="1085" text="this admission" modality="FACTUAL" polarity="POS" type="OCCURRENCE" />
<EVENT id="EOCCURRENCE1652" start="1513" end="1521" text="admitted" modality="FACTUAL" polarity="POS" type="OCCURRENCE" />
<EVENT id="EOCCURRENCE1653" start="1671" end="1697" text="His post-transplant course" modality="FACTUAL" polarity="POS" type="OCCURRENCE" />
<EVENT id="EOCCURRENCE1654" start="1796" end="1821" text="tolerate antiemetics well" modality="FACTUAL" polarity="NEG" type="OCCURRENCE" />
<EVENT id="EOCCURRENCE1655" start="2207" end="2236" text="tolerate adequate p.o.&apos;s" modality="FACTUAL" polarity="POS" type="OCCURRENCE" />

</TAGS>
</ClinicalNarrativeTemporalAnnotation>