<?xml version="1.0" encoding="UTF-8" ?>
<ClinicalNarrativeTemporalAnnotation>
<TEXT><![CDATA[
ADMISSION DATE :
6-30-92
DISCHARGE DATE :
7-1-92 ( SOUTHOBASSKING&apos;S VILLEMARG HOSPITAL )
DISCHARGE DATE :
7-1-92 ( SOUTHOBASSKING&apos;S VILLEMARG HOSPITAL )
HISTORY OF PRESENT ILLNESS :
The history of this 49 year old male is provided in detail in the typed admission note dated June 30 , 1992 .
HOSPITAL COURSE :
The patient worsened rapidly following admission and it was clear to his family and to his physician that he was pre-terminal .
All efforts were directed to his comfort and he died on July 1 , 1992 .
Autopsy permission was declined by the family .
]]></TEXT>
<TAGS>
<EVENT id="E0" start="1" end="10" text="ADMISSION" modality="FACTUAL" polarity="POS" type="OCCURRENCE" />
<EVENT id="E3" start="255" end="279" text="the typed admission note" modality="FACTUAL" polarity="POS" type="OCCURRENCE" />
<EVENT id="E1" start="26" end="35" text="DISCHARGE" modality="FACTUAL" polarity="POS" type="OCCURRENCE" />
<EVENT id="E4" start="333" end="341" text="worsened" modality="FACTUAL" polarity="POS" type="PROBLEM" />
<EVENT id="E5" start="360" end="369" text="admission" modality="FACTUAL" polarity="POS" type="OCCURRENCE" />
<EVENT id="E6" start="434" end="446" text="pre-terminal" modality="FACTUAL" polarity="POS" type="PROBLEM" />
<EVENT id="E7" start="449" end="460" text="All efforts" modality="FACTUAL" polarity="POS" type="OCCURRENCE" />
<EVENT id="E8" start="478" end="489" text="his comfort" modality="FACTUAL" polarity="POS" type="OCCURRENCE" />
<EVENT id="E9" start="497" end="501" text="died" modality="FACTUAL" polarity="POS" type="OCCURRENCE" />
<EVENT id="E10" start="521" end="528" text="Autopsy" modality="PROPOSED" polarity="NEG" type="TEST" />
<EVENT id="E11" start="544" end="552" text="declined" modality="FACTUAL" polarity="POS" type="OCCURRENCE" />
<EVENT id="E2" start="95" end="104" text="DISCHARGE" modality="FACTUAL" polarity="POS" type="OCCURRENCE" />
<TIMEX3 id="T2" start="112" end="118" text="7-1-92" type="DATE" val="1992-07-01" mod="NA" />
<TIMEX3 id="T0" start="18" end="25" text="6-30-92" type="DATE" val="1992-06-30" mod="NA" />
<TIMEX3 id="T3" start="286" end="300" text="June 30 , 1992" type="DATE" val="1992-06-30" mod="NA" />
<TIMEX3 id="T1" start="43" end="49" text="7-1-92" type="DATE" val="1992-07-01" mod="NA" />
<TIMEX3 id="T4" start="505" end="518" text="July 1 , 1992" type="DATE" val="1992-07-01" mod="NA" />
<SECTIME id="S0" start="18" end="25" text="6-30-92" type="ADMISSION" dvalue="1992-06-30" />
<SECTIME id="S1" start="43" end="49" text="7-1-92" type="DISCHARGE" dvalue="1992-07-01" />
<TLINK id="ET102" fromID="E4" fromText="worsened" toID="E5" toText="admission" type="OVERLAP" />
<TLINK id="ET105" fromID="T0" fromText="6-30-92" toID="E3" toText="the typed admission note" type="OVERLAP" />
<TLINK id="ET106" fromID="E3" fromText="the typed admission note" toID="T3" toText="june 30 , 1992" type="OVERLAP" />
<TLINK id="ET18" fromID="T1" fromText="7-1-92" toID="E7" toText="all efforts" type="AFTER" />
<TLINK id="ET21" fromID="T2" fromText="7-1-92" toID="E7" toText="all efforts" type="AFTER" />
<TLINK id="ET22" fromID="E7" fromText="all efforts" toID="E8" toText="his comfort" type="OVERLAP" />
<TLINK id="ET25" fromID="T1" fromText="7-1-92" toID="E6" toText="pre-terminal" type="AFTER" />
<TLINK id="ET28" fromID="T2" fromText="7-1-92" toID="E6" toText="pre-terminal" type="AFTER" />
<TLINK id="ET3" fromID="E0" fromText="admission" toID="T0" toText="6-30-92" type="OVERLAP" />
<TLINK id="ET32" fromID="T1" fromText="7-1-92" toID="E10" toText="autopsy" type="AFTER" />
<TLINK id="ET35" fromID="T2" fromText="7-1-92" toID="E10" toText="autopsy" type="AFTER" />
<TLINK id="ET36" fromID="E10" fromText="autopsy" toID="E11" toText="declined" type="OVERLAP" />
<TLINK id="ET37" fromID="E1" fromText="discharge" toID="T4" toText="july 1 , 1992" type="AFTER" />
<TLINK id="ET38" fromID="E1" fromText="discharge" toID="T1" toText="7-1-92" type="OVERLAP" />
<TLINK id="ET46" fromID="E1" fromText="discharge" toID="E2" toText="discharge" type="OVERLAP" />
<TLINK id="ET53" fromID="T1" fromText="7-1-92" toID="E8" toText="his comfort" type="AFTER" />
<TLINK id="ET56" fromID="T2" fromText="7-1-92" toID="E8" toText="his comfort" type="AFTER" />
<TLINK id="ET57" fromID="E8" fromText="his comfort" toID="E9" toText="died" type="OVERLAP" />
<TLINK id="ET58" fromID="E2" fromText="discharge" toID="T4" toText="july 1 , 1992" type="AFTER" />
<TLINK id="ET62" fromID="E2" fromText="discharge" toID="T2" toText="7-1-92" type="OVERLAP" />
<TLINK id="ET72" fromID="E9" fromText="died" toID="T4" toText="july 1 , 1992" type="OVERLAP" />
<TLINK id="ET73" fromID="T1" fromText="7-1-92" toID="E9" toText="died" type="AFTER" />
<TLINK id="ET76" fromID="T2" fromText="7-1-92" toID="E9" toText="died" type="AFTER" />
<TLINK id="ET80" fromID="T1" fromText="7-1-92" toID="E5" toText="admission" type="AFTER" />
<TLINK id="ET83" fromID="T2" fromText="7-1-92" toID="E5" toText="admission" type="AFTER" />
<TLINK id="ET91" fromID="T1" fromText="7-1-92" toID="E11" toText="declined" type="AFTER" />
<TLINK id="ET94" fromID="T2" fromText="7-1-92" toID="E11" toText="declined" type="AFTER" />
<TLINK id="ET96" fromID="T1" fromText="7-1-92" toID="E4" toText="worsened" type="AFTER" />
<TLINK id="ET99" fromID="T2" fromText="7-1-92" toID="E4" toText="worsened" type="AFTER" />
<TLINK id="T11" fromID="E0" fromText="admission" toID="T0" toText="6-30-92" type="OVERLAP" />
<TLINK id="T12" fromID="E1" fromText="discharge" toID="T1" toText="7-1-92" type="OVERLAP" />
<TLINK id="T13" fromID="E1" fromText="discharge" toID="T2" toText="7-1-92" type="OVERLAP" />
<TLINK id="T14" fromID="E2" fromText="discharge" toID="T1" toText="7-1-92" type="OVERLAP" />
<TLINK id="T15" fromID="E2" fromText="discharge" toID="T2" toText="7-1-92" type="OVERLAP" />
<TLINK id="T16" fromID="E0" fromText="admission" toID="E5" toText="admission" type="OVERLAP" />
<TLINK id="T17" fromID="E0" fromText="admission" toID="T0" toText="6-30-92" type="OVERLAP" />
<TLINK id="T18" fromID="E1" fromText="discharge" toID="E2" toText="discharge" type="OVERLAP" />
<TLINK id="T19" fromID="E1" fromText="discharge" toID="T2" toText="6-30-92" type="OVERLAP" />
<TLINK id="T20" fromID="E2" fromText="discharge" toID="E1" toText="discharge" type="OVERLAP" />
<TLINK id="T21" fromID="E2" fromText="discharge" toID="T2" toText="6-30-92" type="OVERLAP" />
<TLINK id="T22" fromID="E5" fromText="admission" toID="E0" toText="admission" type="OVERLAP" />
<TLINK id="T23" fromID="E5" fromText="admission" toID="T0" toText="6-30-92" type="OVERLAP" />
</TAGS>
</ClinicalNarrativeTemporalAnnotation>
