<?xml version="1.0" encoding="UTF-8" ?>
<ClinicalNarrativeTemporalAnnotation>
<TEXT><![CDATA[
ADMISSION DATE :
10/17/95
DISCHARGE DATE :
10/20/95
HISTORY OF PRESENT ILLNESS :
This is a 73-year-old man with squamous cell carcinoma of the lung , status post lobectomy and resection of left cervical recurrence , admitted here with fever and neutropenia .
Recently he had been receiving a combination of outpatient chemotherapy with the CAMP Program .
Other medical problems include hypothyroidism , hypercholesterolemia , hypertension and neuropathy from Taxol .
HOSPITAL COURSE :
He was started on Neupogen , 400 mcg. subq. q.d.
He was initially treated with antibiotic therapy .
Chest x-ray showed questionable nodule in the right lower lobe , reasonably stable .
Calcium 8.7 , bilirubin 0.3/1.3 , creatinine 1.1 , glucose 128 .
Hematocrit 24.6 .
WBC rose to 1.7 on 10/19 .
The patient had some diarrhea .
There was no diarrhea on 10/20 .
He was feeling well and afebrile .
The neutropenia resolved and he was felt to be in satisfactory condition on discharge on 10/20/95 .
He was discharged home on Neupogen .
]]></TEXT>
<TAGS>
<EVENT id="E0" start="1" end="10" text="ADMISSION" modality="FACTUAL" polarity="POS" type="OCCURRENCE" />
<EVENT id="E37" start="1007" end="1015" text="Neupogen" modality="FACTUAL" polarity="POS" type="TREATMENT" />
<EVENT id="E2" start="113" end="148" text="squamous cell carcinoma of the lung" modality="FACTUAL" polarity="POS" type="PROBLEM" />
<EVENT id="E3" start="163" end="172" text="lobectomy" modality="FACTUAL" polarity="POS" type="TREATMENT" />
<EVENT id="E4" start="177" end="186" text="resection" modality="FACTUAL" polarity="POS" type="TREATMENT" />
<EVENT id="E5" start="190" end="214" text="left cervical recurrence" modality="FACTUAL" polarity="POS" type="PROBLEM" />
<EVENT id="E6" start="217" end="225" text="admitted" modality="FACTUAL" polarity="POS" type="OCCURRENCE" />
<EVENT id="E7" start="236" end="241" text="fever" modality="FACTUAL" polarity="POS" type="PROBLEM" />
<EVENT id="E8" start="246" end="257" text="neutropenia" modality="FACTUAL" polarity="POS" type="PROBLEM" />
<EVENT id="E1" start="27" end="36" text="DISCHARGE" modality="FACTUAL" polarity="POS" type="OCCURRENCE" />
<EVENT id="E9" start="308" end="331" text="outpatient chemotherapy" modality="FACTUAL" polarity="POS" type="TREATMENT" />
<EVENT id="E10" start="337" end="353" text="the CAMP Program" modality="FACTUAL" polarity="POS" type="OCCURRENCE" />
<EVENT id="E11" start="356" end="378" text="Other medical problems" modality="FACTUAL" polarity="POS" type="PROBLEM" />
<EVENT id="E12" start="387" end="401" text="hypothyroidism" modality="FACTUAL" polarity="POS" type="PROBLEM" />
<EVENT id="E13" start="404" end="424" text="hypercholesterolemia" modality="FACTUAL" polarity="POS" type="PROBLEM" />
<EVENT id="E14" start="427" end="439" text="hypertension" modality="FACTUAL" polarity="POS" type="PROBLEM" />
<EVENT id="E15" start="444" end="454" text="neuropathy" modality="FACTUAL" polarity="POS" type="PROBLEM" />
<EVENT id="E16" start="460" end="465" text="Taxol" modality="FACTUAL" polarity="POS" type="TREATMENT" />
<EVENT id="E17" start="504" end="512" text="Neupogen" modality="FACTUAL" polarity="POS" type="TREATMENT" />
<EVENT id="E18" start="565" end="583" text="antibiotic therapy" modality="FACTUAL" polarity="POS" type="TREATMENT" />
<EVENT id="E19" start="586" end="597" text="Chest x-ray" modality="FACTUAL" polarity="POS" type="TEST" />
<EVENT id="E20" start="598" end="604" text="showed" modality="FACTUAL" polarity="POS" type="EVIDENTIAL" />
<EVENT id="E21" start="618" end="648" text="nodule in the right lower lobe" modality="POSSIBLE" polarity="POS" type="PROBLEM" />
<EVENT id="E22" start="662" end="668" text="stable" modality="FACTUAL" polarity="POS" type="OCCURRENCE" />
<EVENT id="E23" start="671" end="678" text="Calcium" modality="FACTUAL" polarity="POS" type="TEST" />
<EVENT id="E24" start="685" end="694" text="bilirubin" modality="FACTUAL" polarity="POS" type="TEST" />
<EVENT id="E25" start="705" end="715" text="creatinine" modality="FACTUAL" polarity="POS" type="TEST" />
<EVENT id="E26" start="722" end="729" text="glucose" modality="FACTUAL" polarity="POS" type="TEST" />
<EVENT id="E27" start="736" end="746" text="Hematocrit" modality="FACTUAL" polarity="POS" type="TEST" />
<EVENT id="E28" start="754" end="757" text="WBC" modality="FACTUAL" polarity="POS" type="TEST" />
<EVENT id="E29" start="797" end="810" text="some diarrhea" modality="FACTUAL" polarity="POS" type="PROBLEM" />
<EVENT id="E30" start="826" end="834" text="diarrhea" modality="FACTUAL" polarity="NEG" type="PROBLEM" />
<EVENT id="E31" start="861" end="865" text="well" modality="FACTUAL" polarity="POS" type="OCCURRENCE" />
<EVENT id="E32" start="870" end="878" text="afebrile" modality="FACTUAL" polarity="POS" type="PROBLEM" />
<EVENT id="E33" start="881" end="896" text="The neutropenia" modality="FACTUAL" polarity="POS" type="PROBLEM" />
<EVENT id="E38" start="897" end="905" text="resolved" modality="FACTUAL" polarity="POS" type="OCCURRENCE" />
<EVENT id="E34" start="931" end="953" text="satisfactory condition" modality="FACTUAL" polarity="POS" type="OCCURRENCE" />
<EVENT id="E35" start="957" end="966" text="discharge" modality="FACTUAL" polarity="POS" type="OCCURRENCE" />
<EVENT id="E36" start="988" end="998" text="discharged" modality="FACTUAL" polarity="POS" type="OCCURRENCE" />
<TIMEX3 id="T0" start="18" end="26" text="10/17/95" type="DATE" val="1995-10-17" mod="NA" />
<TIMEX3 id="T1" start="44" end="52" text="10/20/95" type="DATE" val="1995-10-20" mod="NA" />
<TIMEX3 id="T2" start="530" end="534" text="q.d." type="FREQUENCY" val="RPT24H" mod="NA" />
<TIMEX3 id="T3" start="773" end="778" text="10/19" type="DATE" val="1995-10-19" mod="NA" />
<TIMEX3 id="T4" start="838" end="843" text="10/20" type="DATE" val="1995-10-20" mod="NA" />
<TIMEX3 id="T5" start="970" end="978" text="10/20/95" type="DATE" val="1995-10-20" mod="NA" />
<SECTIME id="S0" start="18" end="26" text="10/17/95" type="ADMISSION" dvalue="1995-10-17" />
<SECTIME id="S1" start="44" end="52" text="10/20/95" type="DISCHARGE" dvalue="1995-10-20" />
<TLINK id="ET108" fromID="T0" fromText="10/17/95" toID="E9" toText="outpatient chemotherapy" type="AFTER" />
<TLINK id="ET115" fromID="E9" fromText="outpatient chemotherapy" toID="E10" toText="the camp program" type="OVERLAP" />
<TLINK id="ET12" fromID="E15" fromText="neuropathy" toID="E16" toText="taxol" type="OVERLAP" />
<TLINK id="ET120" fromID="T0" fromText="10/17/95" toID="E11" toText="other medical problems" type="AFTER" />
<TLINK id="ET127" fromID="E11" fromText="other medical problems" toID="E12" toText="hypothyroidism" type="OVERLAP" />
<TLINK id="ET134" fromID="T0" fromText="10/17/95" toID="E4" toText="resection" type="AFTER" />
<TLINK id="ET14" fromID="T1" fromText="10/20/95" toID="E22" toText="stable" type="AFTER" />
<TLINK id="ET167" fromID="E4" fromText="resection" toID="E5" toText="left cervical recurrence" type="AFTER" />
<TLINK id="ET172" fromID="T1" fromText="10/20/95" toID="E18" toText="antibiotic therapy" type="AFTER" />
<TLINK id="ET186" fromID="T0" fromText="10/17/95" toID="E7" toText="fever" type="AFTER" />
<TLINK id="ET190" fromID="E7" fromText="fever" toID="E8" toText="neutropenia" type="OVERLAP" />
<TLINK id="ET196" fromID="T1" fromText="10/20/95" toID="E34" toText="satisfactory condition" type="AFTER" />
<TLINK id="ET203" fromID="E34" fromText="satisfactory condition" toID="E35" toText="discharge" type="OVERLAP" />
<TLINK id="ET205" fromID="T1" fromText="10/20/95" toID="E31" toText="well" type="AFTER" />
<TLINK id="ET218" fromID="T1" fromText="10/20/95" toID="E33" toText="the neutropenia" type="AFTER" />
<TLINK id="ET224" fromID="E33" fromText="the neutropenia" toID="E38" toText="resolved" type="OVERLAP" />
<TLINK id="ET230" fromID="T0" fromText="10/17/95" toID="E6" toText="admission" type="OVERLAP" />
<TLINK id="ET266" fromID="T1" fromText="10/20/95" toID="E28" toText="wbc" type="AFTER" />
<TLINK id="ET269" fromID="E28" fromText="wbc" toID="T3" toText="10/19" type="OVERLAP" />
<TLINK id="ET279" fromID="T0" fromText="10/17/95" toID="E2" toText="squamous cell carcinoma of the lung" type="AFTER" />
<TLINK id="ET290" fromID="E2" fromText="squamous cell carcinoma of the lung" toID="E3" toText="lobectomy" type="OVERLAP" />
<TLINK id="ET294" fromID="T1" fromText="10/20/95" toID="E29" toText="some diarrhea" type="AFTER" />
<TLINK id="ET305" fromID="T1" fromText="10/20/95" toID="E23" toText="calcium" type="AFTER" />
<TLINK id="ET310" fromID="E23" fromText="calcium" toID="E24" toText="bilirubin" type="OVERLAP" />
<TLINK id="ET316" fromID="T1" fromText="10/20/95" toID="E37" toText="neupogen" type="AFTER" />
<TLINK id="ET322" fromID="T1" fromText="10/20/95" toID="E20" toText="showed" type="AFTER" />
<TLINK id="ET328" fromID="E20" fromText="showed" toID="E21" toText="nodule in the right lower lobe" type="AFTER" />
<TLINK id="ET334" fromID="T1" fromText="10/20/95" toID="E38" toText="resolved" type="AFTER" />
<TLINK id="ET339" fromID="E38" fromText="resolved" toID="E34" toText="satisfactory condition" type="OVERLAP" />
<TLINK id="ET345" fromID="E0" fromText="admission" toID="T0" toText="10/17/95" type="OVERLAP" />
<TLINK id="ET38" fromID="T0" fromText="10/17/95" toID="E13" toText="hypercholesterolemia" type="AFTER" />
<TLINK id="ET389" fromID="T0" fromText="10/17/95" toID="E12" toText="hypothyroidism" type="AFTER" />
<TLINK id="ET394" fromID="E12" fromText="hypothyroidism" toID="E13" toText="hypercholesterolemia" type="OVERLAP" />
<TLINK id="ET4" fromID="T0" fromText="10/17/95" toID="E15" toText="neuropathy" type="AFTER" />
<TLINK id="ET401" fromID="E1" fromText="discharge" toID="T1" toText="10/20/95" type="OVERLAP" />
<TLINK id="ET402" fromID="E1" fromText="discharge" toID="T5" toText="10/20/95" type="AFTER" />
<TLINK id="ET446" fromID="T0" fromText="10/17/95" toID="E14" toText="hypertension" type="AFTER" />
<TLINK id="ET449" fromID="E14" fromText="hypertension" toID="E15" toText="neuropathy" type="OVERLAP" />
<TLINK id="ET45" fromID="E13" fromText="hypercholesterolemia" toID="E14" toText="hypertension" type="OVERLAP" />
<TLINK id="ET457" fromID="T1" fromText="10/20/95" toID="E27" toText="hematocrit" type="AFTER" />
<TLINK id="ET468" fromID="T1" fromText="10/20/95" toID="E36" toText="discharged" type="OVERLAP" />
<TLINK id="ET473" fromID="E36" fromText="discharged" toID="E37" toText="neupogen" type="AFTER" />
<TLINK id="ET477" fromID="T0" fromText="10/17/95" toID="E3" toText="lobectomy" type="AFTER" />
<TLINK id="ET490" fromID="E3" fromText="lobectomy" toID="E4" toText="resection" type="OVERLAP" />
<TLINK id="ET50" fromID="T1" fromText="10/20/95" toID="E21" toText="nodule in the right lower lobe" type="AFTER" />
<TLINK id="ET516" fromID="T1" fromText="10/20/95" toID="E25" toText="creatinine" type="AFTER" />
<TLINK id="ET524" fromID="E25" fromText="creatinine" toID="E26" toText="glucose" type="OVERLAP" />
<TLINK id="ET527" fromID="T1" fromText="10/20/95" toID="E26" toText="glucose" type="AFTER" />
<TLINK id="ET540" fromID="T0" fromText="10/17/95" toID="E10" toText="the camp program" type="AFTER" />
<TLINK id="ET55" fromID="E21" fromText="nodule in the right lower lobe" toID="E22" toText="stable" type="OVERLAP" />
<TLINK id="ET550" fromID="T1" fromText="10/20/95" toID="E32" toText="afebrile" type="AFTER" />
<TLINK id="ET562" fromID="T0" fromText="10/17/95" toID="E5" toText="left cervical recurrence" type="AFTER" />
<TLINK id="ET570" fromID="E5" fromText="left cervical recurrence" toID="E6" toText="admission" type="OVERLAP" />
<TLINK id="ET574" fromID="T1" fromText="10/20/95" toID="E19" toText="chest x-ray" type="AFTER" />
<TLINK id="ET582" fromID="E19" fromText="chest x-ray" toID="E20" toText="showed" type="OVERLAP" />
<TLINK id="ET586" fromID="T1" fromText="10/20/95" toID="E35" toText="discharge" type="OVERLAP" />
<TLINK id="ET587" fromID="E35" fromText="discharge" toID="T5" toText="10/20/95" type="OVERLAP" />
<TLINK id="ET596" fromID="T0" fromText="10/17/95" toID="E16" toText="taxol" type="AFTER" />
<TLINK id="ET63" fromID="T0" fromText="10/17/95" toID="E8" toText="neutropenia" type="AFTER" />
<TLINK id="ET72" fromID="E30" fromText="diarrhea" toID="T4" toText="10/20" type="OVERLAP" />
<TLINK id="ET73" fromID="T1" fromText="10/20/95" toID="E30" toText="diarrhea" type="AFTER" />
<TLINK id="ET83" fromID="T1" fromText="10/20/95" toID="E24" toText="bilirubin" type="AFTER" />
<TLINK id="ET91" fromID="E24" fromText="bilirubin" toID="E25" toText="creatinine" type="OVERLAP" />
<TLINK id="ET94" fromID="T1" fromText="10/20/95" toID="E17" toText="neupogen" type="AFTER" />
<TLINK id="ET98" fromID="E17" fromText="neupogen" toID="T2" toText="q.d." type="OVERLAP" />
<TLINK id="T11" fromID="E0" fromText="admission" toID="T0" toText="10/17/95" type="OVERLAP" />
<TLINK id="T12" fromID="E1" fromText="discharge" toID="T1" toText="10/20/95" type="OVERLAP" />
<TLINK id="T13" fromID="E6" fromText="admission" toID="E0" toText="admission" type="OVERLAP" />
<TLINK id="T14" fromID="E6" fromText="admission" toID="T0" toText="10/17/95" type="OVERLAP" />
<TLINK id="T15" fromID="E0" fromText="admission" toID="E6" toText="admission" type="OVERLAP" />
<TLINK id="T16" fromID="E0" fromText="admission" toID="T0" toText="10/17/95" type="OVERLAP" />
<TLINK id="T17" fromID="E1" fromText="discharge" toID="E36" toText="discharged" type="OVERLAP" />
<TLINK id="T18" fromID="E1" fromText="discharge" toID="T1" toText="10/17/95" type="OVERLAP" />
<TLINK id="T19" fromID="E1" fromText="discharge" toID="E35" toText="discharge" type="OVERLAP" />
<TLINK id="T20" fromID="E1" fromText="discharge" toID="T1" toText="10/17/95" type="OVERLAP" />
<TLINK id="T21" fromID="E36" fromText="discharged" toID="E1" toText="discharge" type="OVERLAP" />
<TLINK id="T22" fromID="E36" fromText="discharged" toID="T1" toText="10/17/95" type="OVERLAP" />
<TLINK id="T23" fromID="E36" fromText="discharged" toID="E35" toText="discharge" type="OVERLAP" />
<TLINK id="T24" fromID="E36" fromText="discharged" toID="T1" toText="10/17/95" type="OVERLAP" />
<TLINK id="T25" fromID="E35" fromText="discharge" toID="E1" toText="discharge" type="OVERLAP" />
<TLINK id="T26" fromID="E35" fromText="discharge" toID="T1" toText="10/17/95" type="OVERLAP" />
<TLINK id="T27" fromID="E35" fromText="discharge" toID="E36" toText="discharged" type="OVERLAP" />
<TLINK id="T28" fromID="E35" fromText="discharge" toID="T1" toText="10/17/95" type="OVERLAP" />
</TAGS>
</ClinicalNarrativeTemporalAnnotation>
