<?xml version="1.0" encoding="UTF-8" ?>
<ClinicalNarrativeTemporalAnnotation>
<TEXT><![CDATA[
Admission Date :
2015-12-03
Discharge Date :
2015-12-08
Service :
MEDICINE
History of Present Illness :
55 yo M w/ h/o recurrent bladder ca s/p cystectomy w/ ileal conduit p/w BRBPR to OSH .
Hct dropped 34 -> 22 .
EGD normal .
Cscope unable to complete due to blood but tics seen .
Tagged RBC + activity in RLQ .
Transferred to Mediplex Rehab Hospital ICU where Hct has remained stable .
Seen by GI and plan is to continue holding anticoagulation and repeat scope on Monday .
Pt feeling well , denies abd pain , N/V , LH , SOB , CP .
Brief Hospital Course :
55 year old man with history of metastatic bladder cancer and recurrent DVT s on Lovenox admitted with lower GI bleeding .
Right lower quadrant source of bleed on red blood cell scan .
Attempts to visualize colon by conventional and CT virtual colonoscopy failed because of sigmoid angulation and inadequate preparation , respectively .
On Ct scan , a right psoas mass , most consistent with a hematoma , was seen .
Since the hematocrit of the patient was stable and outside records from 2015-03-28 mentioned a mass in the right pelvis , the patient was discharged .
Lovenox was held until follow-up with primary care doctor .
Also , a repeat outpatient CT colonoscopy with better preparation should be considered .
]]></TEXT>
<TAGS>
<EVENT id="E0" start="1" end="10" text="Admission" modality="FACTUAL" polarity="POS" type="OCCURRENCE" />
<EVENT id="E43" start="1015" end="1021" text="stable" modality="FACTUAL" polarity="POS" type="OCCURRENCE" />
<EVENT id="E44" start="1068" end="1094" text="a mass in the right pelvis" modality="FACTUAL" polarity="POS" type="PROBLEM" />
<EVENT id="E45" start="1113" end="1123" text="discharged" modality="FACTUAL" polarity="POS" type="OCCURRENCE" />
<EVENT id="E46" start="1126" end="1133" text="Lovenox" modality="FACTUAL" polarity="POS" type="TREATMENT" />
<EVENT id="E47" start="1149" end="1158" text="follow-up" modality="PROPOSED" polarity="POS" type="OCCURRENCE" />
<EVENT id="E2" start="120" end="140" text="recurrent bladder ca" modality="FACTUAL" polarity="POS" type="PROBLEM" />
<EVENT id="E48" start="1193" end="1227" text="a repeat outpatient CT colonoscopy" modality="PROPOSED" polarity="POS" type="TEST" />
<EVENT id="E49" start="1233" end="1251" text="better preparation" modality="PROPOSED" polarity="POS" type="OCCURRENCE" />
<EVENT id="E3" start="145" end="155" text="cystectomy" modality="FACTUAL" polarity="POS" type="TREATMENT" />
<EVENT id="E4" start="159" end="172" text="ileal conduit" modality="FACTUAL" polarity="POS" type="TREATMENT" />
<EVENT id="E5" start="177" end="182" text="BRBPR" modality="FACTUAL" polarity="POS" type="PROBLEM" />
<EVENT id="E6" start="186" end="189" text="OSH" modality="FACTUAL" polarity="POS" type="CLINICAL_DEPT" />
<EVENT id="E7" start="192" end="195" text="Hct" modality="FACTUAL" polarity="POS" type="TEST" />
<EVENT id="E8" start="196" end="203" text="dropped" modality="FACTUAL" polarity="POS" type="PROBLEM" />
<EVENT id="E9" start="215" end="218" text="EGD" modality="FACTUAL" polarity="POS" type="TEST" />
<EVENT id="E10" start="228" end="234" text="Cscope" modality="FACTUAL" polarity="POS" type="TEST" />
<EVENT id="E11" start="261" end="266" text="blood" modality="FACTUAL" polarity="POS" type="PROBLEM" />
<EVENT id="E12" start="271" end="275" text="tics" modality="FACTUAL" polarity="POS" type="PROBLEM" />
<EVENT id="E13" start="283" end="293" text="Tagged RBC" modality="FACTUAL" polarity="POS" type="TEST" />
<EVENT id="E1" start="29" end="38" text="Discharge" modality="FACTUAL" polarity="POS" type="OCCURRENCE" />
<EVENT id="E14" start="296" end="311" text="activity in RLQ" modality="FACTUAL" polarity="POS" type="PROBLEM" />
<EVENT id="E15" start="314" end="325" text="Transferred" modality="FACTUAL" polarity="POS" type="OCCURRENCE" />
<EVENT id="E16" start="329" end="356" text="Mediplex Rehab Hospital ICU" modality="FACTUAL" polarity="POS" type="CLINICAL_DEPT" />
<EVENT id="E17" start="363" end="366" text="Hct" modality="FACTUAL" polarity="POS" type="TEST" />
<EVENT id="E19" start="371" end="386" text="remained stable" modality="FACTUAL" polarity="POS" type="OCCURRENCE" />
<EVENT id="E20" start="389" end="393" text="Seen" modality="FACTUAL" polarity="POS" type="OCCURRENCE" />
<EVENT id="E21" start="432" end="447" text="anticoagulation" modality="FACTUAL" polarity="POS" type="TREATMENT" />
<EVENT id="E22" start="452" end="464" text="repeat scope" modality="PROPOSED" polarity="POS" type="TEST" />
<EVENT id="E23" start="480" end="492" text="feeling well" modality="FACTUAL" polarity="POS" type="OCCURRENCE" />
<EVENT id="E24" start="502" end="510" text="abd pain" modality="FACTUAL" polarity="NEG" type="PROBLEM" />
<EVENT id="E25" start="513" end="516" text="N/V" modality="FACTUAL" polarity="NEG" type="PROBLEM" />
<EVENT id="E26" start="519" end="521" text="LH" modality="FACTUAL" polarity="NEG" type="PROBLEM" />
<EVENT id="E27" start="524" end="527" text="SOB" modality="FACTUAL" polarity="NEG" type="PROBLEM" />
<EVENT id="E28" start="530" end="532" text="CP" modality="FACTUAL" polarity="NEG" type="PROBLEM" />
<EVENT id="E29" start="591" end="616" text="metastatic bladder cancer" modality="FACTUAL" polarity="POS" type="PROBLEM" />
<EVENT id="E30" start="621" end="636" text="recurrent DVT s" modality="FACTUAL" polarity="POS" type="PROBLEM" />
<EVENT id="E31" start="640" end="647" text="Lovenox" modality="FACTUAL" polarity="POS" type="TREATMENT" />
<EVENT id="E32" start="648" end="656" text="admitted" modality="FACTUAL" polarity="POS" type="OCCURRENCE" />
<EVENT id="E33" start="662" end="679" text="lower GI bleeding" modality="FACTUAL" polarity="POS" type="PROBLEM" />
<EVENT id="E34" start="682" end="718" text="Right lower quadrant source of bleed" modality="FACTUAL" polarity="POS" type="PROBLEM" />
<EVENT id="E35" start="722" end="741" text="red blood cell scan" modality="FACTUAL" polarity="POS" type="TEST" />
<EVENT id="E36" start="775" end="814" text="conventional and CT virtual colonoscopy" modality="FACTUAL" polarity="POS" type="TEST" />
<EVENT id="E37" start="833" end="851" text="sigmoid angulation" modality="FACTUAL" polarity="POS" type="PROBLEM" />
<EVENT id="E38" start="856" end="878" text="inadequate preparation" modality="FACTUAL" polarity="POS" type="OCCURRENCE" />
<EVENT id="E39" start="899" end="906" text="Ct scan" modality="FACTUAL" polarity="POS" type="TEST" />
<EVENT id="E40" start="909" end="927" text="a right psoas mass" modality="FACTUAL" polarity="POS" type="PROBLEM" />
<EVENT id="E41" start="951" end="961" text="a hematoma" modality="POSSIBLE" polarity="POS" type="PROBLEM" />
<EVENT id="E42" start="981" end="995" text="the hematocrit" modality="FACTUAL" polarity="POS" type="TEST" />
<TIMEX3 id="T3" start="1047" end="1057" text="2015-03-28" type="DATE" val="2015-03-28" mod="NA" />
<TIMEX3 id="T0" start="18" end="28" text="2015-12-03" type="DATE" val="2015-12-03" mod="NA" />
<TIMEX3 id="T1" start="46" end="56" text="2015-12-08" type="DATE" val="2015-12-08" mod="NA" />
<TIMEX3 id="T2" start="468" end="474" text="Monday" type="DATE" val="2015-12-11" mod="APPROX" />
<SECTIME id="S0" start="18" end="28" text="2015-12-03" type="ADMISSION" dvalue="2015-12-03" />
<SECTIME id="S1" start="46" end="56" text="2015-12-08" type="DISCHARGE" dvalue="2015-12-08" />
<TLINK id="ET104" fromID="T1" fromText="2015-12-08" toID="E30" toText="recurrent dvt s" type="AFTER" />
<TLINK id="ET110" fromID="E30" fromText="recurrent dvt s" toID="E31" toText="lovenox" type="OVERLAP" />
<TLINK id="ET115" fromID="T0" fromText="2015-12-03" toID="E24" toText="abd pain" type="AFTER" />
<TLINK id="ET121" fromID="E24" fromText="abd pain" toID="E25" toText="n/v" type="OVERLAP" />
<TLINK id="ET124" fromID="T0" fromText="2015-12-03" toID="E17" toText="hct" type="AFTER" />
<TLINK id="ET133" fromID="E17" fromText="hct" toID="E19" toText="remained stable" type="OVERLAP" />
<TLINK id="ET135" fromID="T0" fromText="2015-12-03" toID="E9" toText="egd" type="AFTER" />
<TLINK id="ET147" fromID="T1" fromText="2015-12-08" toID="E39" toText="ct scan" type="AFTER" />
<TLINK id="ET155" fromID="E39" fromText="ct scan" toID="E40" toText="a right psoas mass" type="OVERLAP" />
<TLINK id="ET157" fromID="T0" fromText="2015-12-03" toID="E11" toText="blood" type="AFTER" />
<TLINK id="ET166" fromID="E11" fromText="blood" toID="E12" toText="tics" type="OVERLAP" />
<TLINK id="ET170" fromID="T0" fromText="2015-12-03" toID="E4" toText="ileal conduit" type="AFTER" />
<TLINK id="ET2" fromID="T0" fromText="2015-12-03" toID="E15" toText="transferred" type="AFTER" />
<TLINK id="ET212" fromID="E4" fromText="ileal conduit" toID="E5" toText="brbpr" type="AFTER" />
<TLINK id="ET218" fromID="T0" fromText="2015-12-03" toID="E7" toText="hct" type="AFTER" />
<TLINK id="ET223" fromID="E7" fromText="hct" toID="E8" toText="dropped" type="OVERLAP" />
<TLINK id="ET230" fromID="T1" fromText="2015-12-08" toID="E34" toText="right lower quadrant source of bleed" type="AFTER" />
<TLINK id="ET237" fromID="E34" fromText="right lower quadrant source of bleed" toID="E35" toText="red blood cell scan" type="OVERLAP" />
<TLINK id="ET238" fromID="T1" fromText="2015-12-08" toID="E31" toText="lovenox" type="AFTER" />
<TLINK id="ET246" fromID="E31" fromText="lovenox" toID="E32" toText="admission" type="OVERLAP" />
<TLINK id="ET247" fromID="T1" fromText="2015-12-08" toID="E33" toText="lower gi bleeding" type="AFTER" />
<TLINK id="ET255" fromID="T1" fromText="2015-12-08" toID="E44" toText="a mass in the right pelvis" type="AFTER" />
<TLINK id="ET260" fromID="E44" fromText="a mass in the right pelvis" toID="E45" toText="discharged" type="OVERLAP" />
<TLINK id="ET262" fromID="T0" fromText="2015-12-03" toID="E6" toText="osh" type="AFTER" />
<TLINK id="ET275" fromID="T0" fromText="2015-12-03" toID="E28" toText="cp" type="AFTER" />
<TLINK id="ET283" fromID="T1" fromText="2015-12-08" toID="E45" toText="discharged" type="OVERLAP" />
<TLINK id="ET292" fromID="T0" fromText="2015-12-03" toID="E2" toText="recurrent bladder ca" type="AFTER" />
<TLINK id="ET303" fromID="E2" fromText="recurrent bladder ca" toID="E3" toText="cystectomy" type="OVERLAP" />
<TLINK id="ET306" fromID="T1" fromText="2015-12-08" toID="E29" toText="metastatic bladder cancer" type="AFTER" />
<TLINK id="ET312" fromID="E29" fromText="metastatic bladder cancer" toID="E30" toText="recurrent dvt s" type="OVERLAP" />
<TLINK id="ET318" fromID="T0" fromText="2015-12-03" toID="E23" toText="feeling well" type="AFTER" />
<TLINK id="ET325" fromID="E23" fromText="feeling well" toID="E24" toText="abd pain" type="OVERLAP" />
<TLINK id="ET347" fromID="T1" fromText="2015-12-08" toID="E46" toText="lovenox" type="AFTER" />
<TLINK id="ET352" fromID="T1" fromText="2015-12-08" toID="E37" toText="sigmoid angulation" type="AFTER" />
<TLINK id="ET359" fromID="E37" fromText="sigmoid angulation" toID="E38" toText="inadequate preparation" type="OVERLAP" />
<TLINK id="ET361" fromID="T0" fromText="2015-12-03" toID="E20" toText="seen" type="AFTER" />
<TLINK id="ET367" fromID="E20" fromText="seen" toID="E21" toText="anticoagulation" type="OVERLAP" />
<TLINK id="ET37" fromID="E15" fromText="transferred" toID="E16" toText="Intensive Care Unit" type="BEFORE" />
<TLINK id="ET38" fromID="T1" fromText="2015-12-08" toID="E43" toText="stable" type="AFTER" />
<TLINK id="ET393" fromID="T1" fromText="2015-12-08" toID="E38" toText="inadequate preparation" type="AFTER" />
<TLINK id="ET402" fromID="E0" fromText="admission" toID="T0" toText="2015-12-03" type="OVERLAP" />
<TLINK id="ET403" fromID="E0" fromText="admission" toID="T2" toText="monday" type="AFTER" />
<TLINK id="ET41" fromID="E43" fromText="stable" toID="T3" toText="2015-03-28" type="OVERLAP" />
<TLINK id="ET454" fromID="T0" fromText="2015-12-03" toID="E12" toText="tics" type="AFTER" />
<TLINK id="ET466" fromID="T1" fromText="2015-12-08" toID="E49" toText="better preparation" type="BEFORE" />
<TLINK id="ET470" fromID="E1" fromText="discharge" toID="T1" toText="2015-12-08" type="OVERLAP" />
<TLINK id="ET473" fromID="E1" fromText="discharge" toID="T3" toText="2015-03-28" type="AFTER" />
<TLINK id="ET48" fromID="T1" fromText="2015-12-08" toID="E48" toText="a repeat outpatient ct colonoscopy" type="AFTER" />
<TLINK id="ET522" fromID="T0" fromText="2015-12-03" toID="E14" toText="activity in rlq" type="AFTER" />
<TLINK id="ET533" fromID="T1" fromText="2015-12-08" toID="E42" toText="the hematocrit" type="AFTER" />
<TLINK id="ET537" fromID="E42" fromText="the hematocrit" toID="E43" toText="stable" type="OVERLAP" />
<TLINK id="ET54" fromID="T0" fromText="2015-12-03" toID="E22" toText="repeat scope" type="AFTER" />
<TLINK id="ET542" fromID="T0" fromText="2015-12-03" toID="E27" toText="sob" type="AFTER" />
<TLINK id="ET547" fromID="E27" fromText="sob" toID="E28" toText="cp" type="OVERLAP" />
<TLINK id="ET550" fromID="T1" fromText="2015-12-08" toID="E36" toText="conventional and ct virtual colonoscopy" type="AFTER" />
<TLINK id="ET557" fromID="E36" fromText="conventional and ct virtual colonoscopy" toID="E37" toText="sigmoid angulation" type="OVERLAP" />
<TLINK id="ET559" fromID="T1" fromText="2015-12-08" toID="E41" toText="a hematoma" type="AFTER" />
<TLINK id="ET568" fromID="T0" fromText="2015-12-03" toID="E3" toText="cystectomy" type="AFTER" />
<TLINK id="ET585" fromID="E3" fromText="cystectomy" toID="E4" toText="ileal conduit" type="OVERLAP" />
<TLINK id="ET617" fromID="T0" fromText="2015-12-03" toID="E25" toText="n/v" type="AFTER" />
<TLINK id="ET623" fromID="E25" fromText="n/v" toID="E26" toText="lh" type="OVERLAP" />
<TLINK id="ET626" fromID="T0" fromText="2015-12-03" toID="E26" toText="lh" type="AFTER" />
<TLINK id="ET63" fromID="T0" fromText="2015-12-03" toID="E13" toText="tagged rbc" type="AFTER" />
<TLINK id="ET632" fromID="E26" fromText="lh" toID="E27" toText="sob" type="OVERLAP" />
<TLINK id="ET635" fromID="T0" fromText="2015-12-03" toID="E10" toText="cscope" type="AFTER" />
<TLINK id="ET641" fromID="E10" fromText="cscope" toID="E11" toText="blood" type="OVERLAP" />
<TLINK id="ET648" fromID="T1" fromText="2015-12-08" toID="E32" toText="admission" type="AFTER" />
<TLINK id="ET670" fromID="T0" fromText="2015-12-03" toID="E5" toText="brbpr" type="AFTER" />
<TLINK id="ET676" fromID="E5" fromText="brbpr" toID="E6" toText="osh" type="OVERLAP" />
<TLINK id="ET683" fromID="T0" fromText="2015-12-03" toID="E19" toText="remained stable" type="AFTER" />
<TLINK id="ET716" fromID="T1" fromText="2015-12-08" toID="E40" toText="a right psoas mass" type="AFTER" />
<TLINK id="ET72" fromID="E13" fromText="tagged rbc" toID="E14" toText="activity in rlq" type="OVERLAP" />
<TLINK id="ET723" fromID="E40" fromText="a right psoas mass" toID="E41" toText="a hematoma" type="OVERLAP" />
<TLINK id="ET724" fromID="T1" fromText="2015-12-08" toID="E35" toText="red blood cell scan" type="AFTER" />
<TLINK id="ET733" fromID="T0" fromText="2015-12-03" toID="E16" toText="Intensive Care Unit" type="AFTER" />
<TLINK id="ET738" fromID="E16" fromText="Intensive Care Unit" toID="E17" toText="hct" type="OVERLAP" />
<TLINK id="ET76" fromID="T0" fromText="2015-12-03" toID="E21" toText="anticoagulation" type="AFTER" />
<TLINK id="ET80" fromID="E21" fromText="anticoagulation" toID="E22" toText="repeat scope" type="OVERLAP" />
<TLINK id="ET86" fromID="T0" fromText="2015-12-03" toID="E8" toText="dropped" type="AFTER" />
<TLINK id="ET98" fromID="T1" fromText="2015-12-08" toID="E47" toText="follow-up" type="BEFORE" />
<TLINK id="T10" fromID="E45" fromText="discharged" toID="T1" toText="2015-12-03" type="OVERLAP" />
<TLINK id="T11" fromID="E0" fromText="admission" toID="E32" toText="admission" type="OVERLAP" />
<TLINK id="T12" fromID="E0" fromText="admission" toID="T0" toText="2015-12-03" type="OVERLAP" />
<TLINK id="T13" fromID="E1" fromText="discharge" toID="E45" toText="discharged" type="OVERLAP" />
<TLINK id="T14" fromID="E1" fromText="discharge" toID="T1" toText="2015-12-03" type="OVERLAP" />
<TLINK id="T15" fromID="E32" fromText="admission" toID="E0" toText="admission" type="OVERLAP" />
<TLINK id="T16" fromID="E32" fromText="admission" toID="T0" toText="2015-12-03" type="OVERLAP" />
<TLINK id="T7" fromID="E0" fromText="admission" toID="T0" toText="2015-12-03" type="OVERLAP" />
<TLINK id="T8" fromID="E1" fromText="discharge" toID="T1" toText="2015-12-08" type="OVERLAP" />
<TLINK id="T9" fromID="E45" fromText="discharged" toID="E1" toText="discharge" type="OVERLAP" />
</TAGS>
</ClinicalNarrativeTemporalAnnotation>
