<?xml version="1.0" encoding="UTF-8" ?>
<ClinicalNarrativeTemporalAnnotation>
<TEXT><![CDATA[
Admission Date :
2019-03-29
Discharge Date :
2019-04-01
Service :
NEUROLOGY
History of Present Illness :
The patient is a 83 yo R-handed man with a history of multiple intracranial hemorrhages during the last few years , pacemaker , hyperlipidemia , arrhythmia who now presents with gradual decline in gait and slowing of mentation over the last week .
The patient had a fall about ten days ago , when he was walking the dog .
The leash got wrapped around his legs .
According to his wife he had a small abrasion on the top of his head , but nothing major .
He did not complain about a headache .
He was at baseline with respect to his gait ( at baseline unsteady , though he refuses to walk with a walker ) and his mentation ( at baseline difficulties with memory since months ; keeps forgetting appointments ).
Then about a week ago , the patient and his wife noted that his gait became even more unsteady , though he did not fall .
He also had difficulties navigating through his apartment , having difficulties finding the fridge for example .
They were concerned that the fall might have caused another bleed , as had happened in the past , and this prompted them to come to the Deanna .
No headache , neckpain , nausea , vomiting or focal weakness / numbness .
Review of systems : denies any fever , chills , weight loss , visual changes , hearing changes , dysphagia , tingling , numbness , bowel-bladder dysfunction , chest pain , shortness of breath , abdominal pain , dysuria , hematuria , or bright red blood per rectum .
His legs have been feeling weaker , bilaterally since the last week .
Brief Hospital Course :
The patient is a 83 yo man with a history of past intracranial hemorrhages ( most recent 07-01 with R-frontal hemorrhage ) who presented with gradually slowing of mentation and increased gait instability since one week .
On initial exam the patient was not oriented to time , seemed somewhat slow , and had difficulties generating a list of animals .
His cranial nerves and strength were full , and the sensory exam showed mildly decreased vibration and proprioception in both LE , suggesting peripheral neuropathy .
A CT was performed in the Deanna that showed a new significant R-frontal intraparenchymal hemorrhage in the same location as the prior bleed .
The patient was seen by both neurology and neurosurgery , and the two teams agreed that the etiology seemed to be related to underlying amyloidosis .
During the last admission the question of a mass underlying a hemorrhage in the R-frontal region was raised .
The location of the hemorrhage was not felt to be typical for hypertensive bleed ( cortical ) and it was felt to be unlikely that the recent fall was related to the bleed .
The patient could not undergo an MRI due to his pacer .
He was admitted to the neurology ICU for closer monitoring and was stable overnight - BP was initially elevated and required a labetalol drip for < 24 hours , then stabilized .
The goal SBP of < 150 was achieved .
Coags and UA were checked and were normal .
For the question of seizure activity associated with a cortical bleed , he was started prophylactically on Keppra ( given questionable allergy to dilantin ) , at 500 mg bid ; no seizure activity was seen .
This medication should be continued as an outpatient at least while the bleed has time to clear up , with planned titration up to 1000 mg bid on 04-05 .
Head CT repeated on 03-30 was unchanged , and the patient remained stable with only very suble focal exam findings ( very mild right pronator drift ) as well as his persistently poor memory related to dementia .
The plan after 24 hours was to transfer him to the floor , but the hospital was full and he never got a bed .
Cardiovascularly , lipitor and amiodarone were continued .
He could not get an MRI due to his pacemaker .
There were no telemetry events , and he ruled out by enzyme .
Pulmonlologically , his chest xray was negative and he complained of no breathing problems .
Endocrinologically , BG was monitored to improve outcome in ICU setting though he had no history of DM .
Of note , Hba1c done 03-04 was slightly elevated ( " borderline DM " ) at 6.3 ; this was repeated and was still pending on the day of discharge .
Ins / outs and electrolytes were monitored and were not abnormal ; he was on a bowel regimen , VD boots and PUD prophylaxis with protonix during the admission .
Walking was assessed later and the patient was unstable on his feet .
PT was asked to see him for this gait problem .
Brandon felt well and was seen by PT who suggested a rehab/Hahnemann Hospital ( Worcester ) to work on walking with the eventual goal of returning to assisted living with his wife when walking improved .
Follow-up was arranged with neurosurgery in 5-6 weeks with repeat head ct to be arranged by neurosurgery office to make sure blood has cleared , and if indicated , to look for a possible underlying lesion ( although unlikely ) .
]]></TEXT>
<TAGS>
<EVENT id="E0" start="1" end="10" text="Admission" modality="FACTUAL" polarity="POS" type="OCCURRENCE" />
<EVENT id="E68" start="1003" end="1046" text="difficulties finding the fridge for example" modality="FACTUAL" polarity="POS" type="OCCURRENCE" />
<EVENT id="E69" start="1059" end="1068" text="concerned" modality="FACTUAL" polarity="POS" type="EVIDENTIAL" />
<EVENT id="E70" start="1074" end="1082" text="the fall" modality="FACTUAL" polarity="POS" type="OCCURRENCE" />
<EVENT id="E71" start="1101" end="1114" text="another bleed" modality="POSSIBLE" polarity="POS" type="PROBLEM" />
<EVENT id="E72" start="1181" end="1191" text="the Deanna" modality="FACTUAL" polarity="POS" type="CLINICAL_DEPT" />
<EVENT id="E73" start="1197" end="1205" text="headache" modality="FACTUAL" polarity="NEG" type="PROBLEM" />
<EVENT id="E74" start="1208" end="1216" text="neckpain" modality="FACTUAL" polarity="NEG" type="PROBLEM" />
<EVENT id="E75" start="1219" end="1225" text="nausea" modality="FACTUAL" polarity="NEG" type="PROBLEM" />
<EVENT id="E76" start="1228" end="1236" text="vomiting" modality="FACTUAL" polarity="NEG" type="PROBLEM" />
<EVENT id="E77" start="1240" end="1254" text="focal weakness" modality="FACTUAL" polarity="NEG" type="PROBLEM" />
<EVENT id="E78" start="1257" end="1265" text="numbness" modality="FACTUAL" polarity="NEG" type="PROBLEM" />
<EVENT id="E79" start="1288" end="1294" text="denies" modality="FACTUAL" polarity="POS" type="EVIDENTIAL" />
<EVENT id="E80" start="1295" end="1304" text="any fever" modality="FACTUAL" polarity="NEG" type="PROBLEM" />
<EVENT id="E81" start="1307" end="1313" text="chills" modality="FACTUAL" polarity="NEG" type="PROBLEM" />
<EVENT id="E82" start="1316" end="1327" text="weight loss" modality="FACTUAL" polarity="NEG" type="PROBLEM" />
<EVENT id="E83" start="1330" end="1344" text="visual changes" modality="FACTUAL" polarity="NEG" type="PROBLEM" />
<EVENT id="E84" start="1347" end="1362" text="hearing changes" modality="FACTUAL" polarity="NEG" type="PROBLEM" />
<EVENT id="E85" start="1365" end="1374" text="dysphagia" modality="FACTUAL" polarity="NEG" type="PROBLEM" />
<EVENT id="E86" start="1377" end="1385" text="tingling" modality="FACTUAL" polarity="NEG" type="PROBLEM" />
<EVENT id="E87" start="1388" end="1396" text="numbness" modality="FACTUAL" polarity="NEG" type="PROBLEM" />
<EVENT id="E88" start="1399" end="1424" text="bowel-bladder dysfunction" modality="FACTUAL" polarity="NEG" type="PROBLEM" />
<EVENT id="E89" start="1427" end="1437" text="chest pain" modality="FACTUAL" polarity="NEG" type="PROBLEM" />
<EVENT id="E90" start="1440" end="1459" text="shortness of breath" modality="FACTUAL" polarity="NEG" type="PROBLEM" />
<EVENT id="E91" start="1462" end="1476" text="abdominal pain" modality="FACTUAL" polarity="NEG" type="PROBLEM" />
<EVENT id="E92" start="1479" end="1486" text="dysuria" modality="FACTUAL" polarity="NEG" type="PROBLEM" />
<EVENT id="E93" start="1489" end="1498" text="hematuria" modality="FACTUAL" polarity="NEG" type="PROBLEM" />
<EVENT id="E94" start="1504" end="1531" text="bright red blood per rectum" modality="FACTUAL" polarity="NEG" type="PROBLEM" />
<EVENT id="E95" start="1561" end="1581" text="weaker , bilaterally" modality="FACTUAL" polarity="POS" type="PROBLEM" />
<EVENT id="E1" start="160" end="193" text="multiple intracranial hemorrhages" modality="FACTUAL" polarity="POS" type="PROBLEM" />
<EVENT id="E5" start="1673" end="1702" text="past intracranial hemorrhages" modality="FACTUAL" polarity="POS" type="PROBLEM" />
<EVENT id="E6" start="1728" end="1748" text="R-frontal hemorrhage" modality="FACTUAL" polarity="POS" type="PROBLEM" />
<EVENT id="E96" start="1755" end="1764" text="presented" modality="FACTUAL" polarity="POS" type="OCCURRENCE" />
<EVENT id="E7" start="1770" end="1800" text="gradually slowing of mentation" modality="FACTUAL" polarity="POS" type="PROBLEM" />
<EVENT id="E8" start="1805" end="1831" text="increased gait instability" modality="FACTUAL" polarity="POS" type="PROBLEM" />
<EVENT id="E9" start="1852" end="1864" text="initial exam" modality="FACTUAL" polarity="POS" type="TEST" />
<EVENT id="E10" start="1881" end="1901" text="not oriented to time" modality="FACTUAL" polarity="POS" type="PROBLEM" />
<EVENT id="E11" start="1911" end="1924" text="somewhat slow" modality="FACTUAL" polarity="POS" type="PROBLEM" />
<EVENT id="E12" start="1935" end="1976" text="difficulties generating a list of animals" modality="FACTUAL" polarity="POS" type="PROBLEM" />
<EVENT id="E164" start="1979" end="2020" text="His cranial nerves and strength were full" modality="FACTUAL" polarity="POS" type="OCCURRENCE" />
<EVENT id="E13" start="2027" end="2043" text="the sensory exam" modality="FACTUAL" polarity="POS" type="TEST" />
<EVENT id="E14" start="2051" end="2107" text="mildly decreased vibration and proprioception in both LE" modality="FACTUAL" polarity="POS" type="PROBLEM" />
<EVENT id="E97" start="2121" end="2142" text="peripheral neuropathy" modality="POSSIBLE" polarity="POS" type="PROBLEM" />
<EVENT id="E15" start="2145" end="2149" text="A CT" modality="FACTUAL" polarity="POS" type="TEST" />
<EVENT id="E98" start="2167" end="2177" text="the Deanna" modality="FACTUAL" polarity="POS" type="CLINICAL_DEPT" />
<EVENT id="E46" start="2183" end="2189" text="showed" modality="FACTUAL" polarity="POS" type="EVIDENTIAL" />
<EVENT id="E99" start="2190" end="2266" text="a new significant R-frontal intraparenchymal hemorrhage in the same location" modality="FACTUAL" polarity="POS" type="PROBLEM" />
<EVENT id="E51" start="222" end="231" text="pacemaker" modality="FACTUAL" polarity="POS" type="TREATMENT" />
<EVENT id="E16" start="2270" end="2285" text="the prior bleed" modality="FACTUAL" polarity="POS" type="PROBLEM" />
<EVENT id="E100" start="2304" end="2308" text="seen" modality="FACTUAL" polarity="POS" type="OCCURRENCE" />
<EVENT id="E101" start="2317" end="2326" text="neurology" modality="FACTUAL" polarity="POS" type="CLINICAL_DEPT" />
<EVENT id="E52" start="234" end="248" text="hyperlipidemia" modality="FACTUAL" polarity="POS" type="PROBLEM" />
<EVENT id="E102" start="2331" end="2343" text="neurosurgery" modality="FACTUAL" polarity="POS" type="CLINICAL_DEPT" />
<EVENT id="E103" start="2350" end="2370" text="the two teams agreed" modality="FACTUAL" polarity="POS" type="OCCURRENCE" />
<EVENT id="E104" start="2413" end="2435" text="underlying amyloidosis" modality="FACTUAL" polarity="POS" type="PROBLEM" />
<EVENT id="E105" start="2445" end="2463" text="the last admission" modality="FACTUAL" polarity="POS" type="OCCURRENCE" />
<EVENT id="E106" start="2480" end="2486" text="a mass" modality="POSSIBLE" polarity="POS" type="PROBLEM" />
<EVENT id="E17" start="2498" end="2534" text="a hemorrhage in the R-frontal region" modality="FACTUAL" polarity="POS" type="PROBLEM" />
<EVENT id="E53" start="251" end="261" text="arrhythmia" modality="FACTUAL" polarity="POS" type="PROBLEM" />
<EVENT id="E18" start="2564" end="2578" text="the hemorrhage" modality="FACTUAL" polarity="POS" type="PROBLEM" />
<EVENT id="E107" start="2610" end="2641" text="hypertensive bleed ( cortical )" modality="POSSIBLE" polarity="POS" type="PROBLEM" />
<EVENT id="E108" start="2678" end="2693" text="the recent fall" modality="FACTUAL" polarity="POS" type="OCCURRENCE" />
<EVENT id="E44" start="270" end="278" text="presents" modality="FACTUAL" polarity="POS" type="EVIDENTIAL" />
<EVENT id="E19" start="2709" end="2718" text="the bleed" modality="FACTUAL" polarity="POS" type="PROBLEM" />
<EVENT id="E109" start="2751" end="2757" text="an MRI" modality="FACTUAL" polarity="NEG" type="TEST" />
<EVENT id="E20" start="2765" end="2774" text="his pacer" modality="FACTUAL" polarity="POS" type="TREATMENT" />
<EVENT id="E110" start="2784" end="2792" text="admitted" modality="FACTUAL" polarity="POS" type="OCCURRENCE" />
<EVENT id="E47" start="2796" end="2813" text="the neurology ICU" modality="FACTUAL" polarity="POS" type="CLINICAL_DEPT" />
<EVENT id="E21" start="2818" end="2835" text="closer monitoring" modality="FACTUAL" polarity="POS" type="TEST" />
<EVENT id="E54" start="284" end="307" text="gradual decline in gait" modality="FACTUAL" polarity="POS" type="PROBLEM" />
<EVENT id="E111" start="2844" end="2850" text="stable" modality="FACTUAL" polarity="POS" type="OCCURRENCE" />
<EVENT id="E22" start="2863" end="2865" text="BP" modality="FACTUAL" polarity="POS" type="TEST" />
<EVENT id="E23" start="2870" end="2888" text="initially elevated" modality="FACTUAL" polarity="POS" type="PROBLEM" />
<EVENT id="E50" start="29" end="38" text="Discharge" modality="FACTUAL" polarity="POS" type="OCCURRENCE" />
<EVENT id="E24" start="2902" end="2918" text="a labetalol drip" modality="FACTUAL" polarity="POS" type="TREATMENT" />
<EVENT id="E112" start="2941" end="2951" text="stabilized" modality="FACTUAL" polarity="POS" type="OCCURRENCE" />
<EVENT id="E25" start="2954" end="2966" text="The goal SBP" modality="FACTUAL" polarity="POS" type="TEST" />
<EVENT id="E26" start="2991" end="2996" text="Coags" modality="FACTUAL" polarity="POS" type="TEST" />
<EVENT id="E27" start="3001" end="3003" text="UA" modality="FACTUAL" polarity="POS" type="TEST" />
<EVENT id="E113" start="3026" end="3032" text="normal" modality="FACTUAL" polarity="POS" type="OCCURRENCE" />
<EVENT id="E114" start="3055" end="3071" text="seizure activity" modality="POSSIBLE" polarity="POS" type="PROBLEM" />
<EVENT id="E115" start="3088" end="3104" text="a cortical bleed" modality="FACTUAL" polarity="POS" type="PROBLEM" />
<EVENT id="E55" start="312" end="332" text="slowing of mentation" modality="FACTUAL" polarity="POS" type="PROBLEM" />
<EVENT id="E28" start="3142" end="3148" text="Keppra" modality="FACTUAL" polarity="POS" type="TREATMENT" />
<EVENT id="E116" start="3170" end="3177" text="allergy" modality="POSSIBLE" polarity="POS" type="PROBLEM" />
<EVENT id="E117" start="3181" end="3189" text="dilantin" modality="FACTUAL" polarity="POS" type="TREATMENT" />
<EVENT id="E118" start="3213" end="3229" text="seizure activity" modality="FACTUAL" polarity="NEG" type="PROBLEM" />
<EVENT id="E29" start="3241" end="3256" text="This medication" modality="FACTUAL" polarity="POS" type="TREATMENT" />
<EVENT id="E119" start="3267" end="3276" text="continued" modality="PROPOSED" polarity="POS" type="OCCURRENCE" />
<EVENT id="E30" start="3309" end="3318" text="the bleed" modality="FACTUAL" polarity="POS" type="PROBLEM" />
<EVENT id="E120" start="3355" end="3367" text="titration up" modality="PROPOSED" polarity="POS" type="TREATMENT" />
<EVENT id="E31" start="3394" end="3401" text="Head CT" modality="FACTUAL" polarity="POS" type="TEST" />
<EVENT id="E121" start="3420" end="3433" text="was unchanged" modality="FACTUAL" polarity="POS" type="EVIDENTIAL" />
<EVENT id="E122" start="3461" end="3467" text="stable" modality="FACTUAL" polarity="POS" type="OCCURRENCE" />
<EVENT id="E123" start="3478" end="3508" text="very suble focal exam findings" modality="FACTUAL" polarity="POS" type="OCCURRENCE" />
<EVENT id="E124" start="3511" end="3541" text="very mild right pronator drift" modality="FACTUAL" polarity="POS" type="PROBLEM" />
<EVENT id="E125" start="3555" end="3583" text="his persistently poor memory" modality="FACTUAL" polarity="POS" type="PROBLEM" />
<EVENT id="E126" start="3595" end="3603" text="dementia" modality="FACTUAL" polarity="POS" type="PROBLEM" />
<EVENT id="E127" start="3637" end="3645" text="transfer" modality="PROPOSED" polarity="POS" type="OCCURRENCE" />
<EVENT id="E128" start="3653" end="3662" text="the floor" modality="POSSIBLE" polarity="NEG" type="CLINICAL_DEPT" />
<EVENT id="E129" start="3669" end="3690" text="the hospital was full" modality="FACTUAL" polarity="POS" type="OCCURRENCE" />
<EVENT id="E130" start="3716" end="3732" text="Cardiovascularly" modality="FACTUAL" polarity="POS" type="PROBLEM" />
<EVENT id="E56" start="370" end="376" text="a fall" modality="FACTUAL" polarity="POS" type="OCCURRENCE" />
<EVENT id="E131" start="3735" end="3742" text="lipitor" modality="FACTUAL" polarity="POS" type="TREATMENT" />
<EVENT id="E132" start="3747" end="3757" text="amiodarone" modality="FACTUAL" polarity="POS" type="TREATMENT" />
<EVENT id="E133" start="3792" end="3798" text="an MRI" modality="FACTUAL" polarity="NEG" type="TEST" />
<EVENT id="E134" start="3806" end="3819" text="his pacemaker" modality="FACTUAL" polarity="POS" type="TREATMENT" />
<EVENT id="E135" start="3836" end="3852" text="telemetry events" modality="FACTUAL" polarity="NEG" type="PROBLEM" />
<EVENT id="E136" start="3862" end="3871" text="ruled out" modality="FACTUAL" polarity="POS" type="OCCURRENCE" />
<EVENT id="E32" start="3875" end="3881" text="enzyme" modality="FACTUAL" polarity="POS" type="TEST" />
<EVENT id="E33" start="3904" end="3918" text="his chest xray" modality="FACTUAL" polarity="POS" type="TEST" />
<EVENT id="E138" start="3923" end="3931" text="negative" modality="FACTUAL" polarity="POS" type="OCCURRENCE" />
<EVENT id="E137" start="3939" end="3949" text="complained" modality="FACTUAL" polarity="POS" type="EVIDENTIAL" />
<EVENT id="E139" start="3956" end="3974" text="breathing problems" modality="FACTUAL" polarity="NEG" type="PROBLEM" />
<EVENT id="E34" start="3998" end="4000" text="BG" modality="FACTUAL" polarity="POS" type="TEST" />
<EVENT id="E140" start="4018" end="4033" text="improve outcome" modality="FACTUAL" polarity="POS" type="OCCURRENCE" />
<EVENT id="E141" start="4037" end="4040" text="ICU" modality="FACTUAL" polarity="POS" type="CLINICAL_DEPT" />
<EVENT id="E142" start="4077" end="4079" text="DM" modality="FACTUAL" polarity="NEG" type="PROBLEM" />
<EVENT id="E35" start="4092" end="4097" text="Hba1c" modality="FACTUAL" polarity="POS" type="TEST" />
<EVENT id="E36" start="4113" end="4130" text="slightly elevated" modality="FACTUAL" polarity="POS" type="PROBLEM" />
<EVENT id="E37" start="4135" end="4148" text="borderline DM" modality="FACTUAL" polarity="POS" type="PROBLEM" />
<EVENT id="E143" start="4171" end="4179" text="repeated" modality="FACTUAL" polarity="POS" type="TEST" />
<EVENT id="E144" start="4194" end="4201" text="pending" modality="FACTUAL" polarity="POS" type="OCCURRENCE" />
<EVENT id="E38" start="4228" end="4238" text="Ins / outs" modality="FACTUAL" polarity="POS" type="TEST" />
<EVENT id="E39" start="4243" end="4255" text="electrolytes" modality="FACTUAL" polarity="POS" type="TEST" />
<EVENT id="E145" start="4261" end="4270" text="monitored" modality="FACTUAL" polarity="POS" type="TEST" />
<EVENT id="E40" start="4305" end="4320" text="a bowel regimen" modality="FACTUAL" polarity="POS" type="TREATMENT" />
<EVENT id="E41" start="4323" end="4331" text="VD boots" modality="FACTUAL" polarity="POS" type="TREATMENT" />
<EVENT id="E42" start="4336" end="4351" text="PUD prophylaxis" modality="FACTUAL" polarity="POS" type="TREATMENT" />
<EVENT id="E43" start="4357" end="4365" text="protonix" modality="FACTUAL" polarity="POS" type="TREATMENT" />
<EVENT id="E49" start="4373" end="4386" text="the admission" modality="FACTUAL" polarity="POS" type="OCCURRENCE" />
<EVENT id="E146" start="4389" end="4396" text="Walking" modality="FACTUAL" polarity="POS" type="OCCURRENCE" />
<EVENT id="E147" start="4401" end="4409" text="assessed" modality="FACTUAL" polarity="POS" type="TEST" />
<EVENT id="E148" start="4436" end="4456" text="unstable on his feet" modality="FACTUAL" polarity="POS" type="PROBLEM" />
<EVENT id="E151" start="4459" end="4461" text="PT" modality="FACTUAL" polarity="POS" type="CLINICAL_DEPT" />
<EVENT id="E149" start="4475" end="4482" text="see him" modality="FACTUAL" polarity="POS" type="OCCURRENCE" />
<EVENT id="E150" start="4487" end="4504" text="this gait problem" modality="FACTUAL" polarity="POS" type="PROBLEM" />
<EVENT id="E152" start="4515" end="4524" text="felt well" modality="FACTUAL" polarity="POS" type="EVIDENTIAL" />
<EVENT id="E153" start="4533" end="4543" text="seen by PT" modality="FACTUAL" polarity="POS" type="OCCURRENCE" />
<EVENT id="E154" start="4558" end="4598" text="a rehab/Hahnemann Hospital ( Worcester )" modality="PROPOSED" polarity="POS" type="OCCURRENCE" />
<EVENT id="E155" start="4602" end="4617" text="work on walking" modality="PROPOSED" polarity="POS" type="TREATMENT" />
<EVENT id="E156" start="4644" end="4672" text="returning to assisted living" modality="PROPOSED" polarity="POS" type="OCCURRENCE" />
<EVENT id="E157" start="4692" end="4708" text="walking improved" modality="CONDITIONAL" polarity="POS" type="OCCURRENCE" />
<EVENT id="E158" start="4711" end="4720" text="Follow-up" modality="PROPOSED" polarity="POS" type="OCCURRENCE" />
<EVENT id="E159" start="4739" end="4751" text="neurosurgery" modality="FACTUAL" polarity="POS" type="CLINICAL_DEPT" />
<EVENT id="E160" start="4770" end="4784" text="repeat head ct" modality="PROPOSED" polarity="POS" type="TEST" />
<EVENT id="E161" start="4803" end="4822" text="neurosurgery office" modality="FACTUAL" polarity="POS" type="CLINICAL_DEPT" />
<EVENT id="E162" start="4836" end="4841" text="blood" modality="FACTUAL" polarity="POS" type="PROBLEM" />
<EVENT id="E163" start="4898" end="4915" text="underlying lesion" modality="POSSIBLE" polarity="POS" type="PROBLEM" />
<EVENT id="E2" start="497" end="513" text="a small abrasion" modality="FACTUAL" polarity="POS" type="PROBLEM" />
<EVENT id="E45" start="570" end="578" text="complain" modality="FACTUAL" polarity="NEG" type="EVIDENTIAL" />
<EVENT id="E57" start="585" end="595" text="a headache" modality="FACTUAL" polarity="POS" type="PROBLEM" />
<EVENT id="E58" start="608" end="616" text="baseline" modality="FACTUAL" polarity="POS" type="OCCURRENCE" />
<EVENT id="E59" start="633" end="641" text="his gait" modality="FACTUAL" polarity="POS" type="PROBLEM" />
<EVENT id="E60" start="656" end="664" text="unsteady" modality="FACTUAL" polarity="POS" type="PROBLEM" />
<EVENT id="E61" start="713" end="726" text="his mentation" modality="FACTUAL" polarity="POS" type="PROBLEM" />
<EVENT id="E62" start="741" end="765" text="difficulties with memory" modality="FACTUAL" polarity="POS" type="PROBLEM" />
<EVENT id="E63" start="787" end="810" text="forgetting appointments" modality="FACTUAL" polarity="POS" type="PROBLEM" />
<EVENT id="E64" start="863" end="868" text="noted" modality="FACTUAL" polarity="POS" type="EVIDENTIAL" />
<EVENT id="E65" start="874" end="882" text="his gait" modality="FACTUAL" polarity="POS" type="PROBLEM" />
<EVENT id="E3" start="890" end="908" text="even more unsteady" modality="FACTUAL" polarity="POS" type="PROBLEM" />
<EVENT id="E66" start="929" end="933" text="fall" modality="FACTUAL" polarity="NEG" type="OCCURRENCE" />
<EVENT id="E4" start="948" end="960" text="difficulties" modality="FACTUAL" polarity="POS" type="PROBLEM" />
<EVENT id="E67" start="961" end="993" text="navigating through his apartment" modality="FACTUAL" polarity="POS" type="OCCURRENCE" />
<TIMEX3 id="T8" start="1588" end="1601" text="the last week" type="DATE" val="2019-03-22" mod="NA" />
<TIMEX3 id="T9" start="1717" end="1722" text="07-01" type="DATE" val="2019-07-01" mod="NA" />
<TIMEX3 id="T0" start="18" end="28" text="2019-03-29" type="DATE" val="2019-03-29" mod="NA" />
<TIMEX3 id="T10" start="1838" end="1846" text="one week" type="DURATION" val="P1W" mod="NA" />
<TIMEX3 id="T4" start="210" end="219" text="few years" type="DURATION" val="P2Y" mod="APPROX" />
<TIMEX3 id="T11" start="2851" end="2860" text="overnight" type="DURATION" val="PT12H" mod="APPROX" />
<TIMEX3 id="T12" start="2925" end="2933" text="24 hours" type="DURATION" val="PT24H" mod="LESS" />
<TIMEX3 id="T13" start="3204" end="3207" text="bid" type="FREQUENCY" val="RPT12H" mod="NA" />
<TIMEX3 id="T14" start="3379" end="3382" text="bid" type="FREQUENCY" val="RPT12H" mod="NA" />
<TIMEX3 id="T1" start="3386" end="3391" text="04-05" type="DATE" val="2019-04-05" mod="NA" />
<TIMEX3 id="T2" start="3414" end="3419" text="03-30" type="DATE" val="2019-03-30" mod="NA" />
<TIMEX3 id="T5" start="338" end="351" text="the last week" type="DURATION" val="P1W" mod="NA" />
<TIMEX3 id="T15" start="3621" end="3629" text="24 hours" type="DURATION" val="PT24H" mod="NA" />
<TIMEX3 id="T6" start="383" end="395" text="ten days ago" type="DATE" val="2019-03-19" mod="NA" />
<TIMEX3 id="T17" start="4103" end="4108" text="03-04" type="DATE" val="2019-03-04" mod="NA" />
<TIMEX3 id="T16" start="4205" end="4225" text="the day of discharge" type="DATE" val="2029-04-01" mod="NA" />
<TIMEX3 id="T3" start="46" end="56" text="2019-04-01" type="DATE" val="2019-04-01" mod="NA" />
<TIMEX3 id="T18" start="4755" end="4764" text="5-6 weeks" type="DURATION" val="P5.5W" mod="APPROX" />
<TIMEX3 id="T19" start="772" end="778" text="months" type="DURATION" val="P2M" mod="APPROX" />
<TIMEX3 id="T7" start="827" end="835" text="week ago" type="DATE" val="2019-03-22" mod="NA" />
<SECTIME id="S0" start="18" end="28" text="2019-03-29" type="ADMISSION" dvalue="2019-03-29" />
<SECTIME id="S1" start="46" end="56" text="2019-04-01" type="DISCHARGE" dvalue="2019-04-01" />
<TLINK id="ET1020" fromID="T0" fromText="2019-03-29" toID="E75" toText="nausea" type="AFTER" />
<TLINK id="ET1028" fromID="E75" fromText="nausea" toID="E77" toText="focal weakness" type="OVERLAP" />
<TLINK id="ET103" fromID="E125" fromText="his persistently poor memory" toID="E126" toText="dementia" type="OVERLAP" />
<TLINK id="ET1040" fromID="E75" fromText="nausea" toID="E76" toText="vomiting" type="OVERLAP" />
<TLINK id="ET1042" fromID="E75" fromText="nausea" toID="E78" toText="numbness" type="OVERLAP" />
<TLINK id="ET1058" fromID="T19" fromText="months" toID="E63" toText="forgetting appointments" type="OVERLAP" />
<TLINK id="ET1062" fromID="T0" fromText="2019-03-29" toID="E63" toText="forgetting appointments" type="AFTER" />
<TLINK id="ET1094" fromID="E143" fromText="repeated" toID="T16" toText="the day of discharge" type="OVERLAP" />
<TLINK id="ET1108" fromID="T17" fromText="03-04" toID="E143" toText="repeated" type="OVERLAP" />
<TLINK id="ET1117" fromID="E143" fromText="repeated" toID="E144" toText="pending" type="OVERLAP" />
<TLINK id="ET1133" fromID="T3" fromText="2019-04-01" toID="E121" toText="was unchanged" type="AFTER" />
<TLINK id="ET1139" fromID="T2" fromText="03-30" toID="E121" toText="was unchanged" type="OVERLAP" />
<TLINK id="ET1140" fromID="E121" fromText="was unchanged" toID="E125" toText="his persistently poor memory" type="AFTER" />
<TLINK id="ET1145" fromID="E121" fromText="was unchanged" toID="E122" toText="stable" type="OVERLAP" />
<TLINK id="ET1146" fromID="E121" fromText="was unchanged" toID="E124" toText="very mild right pronator drift" type="AFTER" />
<TLINK id="ET1148" fromID="E121" fromText="was unchanged" toID="E126" toText="dementia" type="AFTER" />
<TLINK id="ET1151" fromID="E121" fromText="was unchanged" toID="E123" toText="very suble focal exam findings" type="OVERLAP" />
<TLINK id="ET1167" fromID="T0" fromText="2019-03-29" toID="E67" toText="navigating through his apartment" type="AFTER" />
<TLINK id="ET1190" fromID="E67" fromText="navigating through his apartment" toID="E68" toText="difficulties finding the fridge for example" type="OVERLAP" />
<TLINK id="ET1208" fromID="T0" fromText="2019-03-29" toID="E86" toText="tingling" type="AFTER" />
<TLINK id="ET122" fromID="T3" fromText="2019-04-01" toID="E148" toText="unstable on his feet" type="AFTER" />
<TLINK id="ET1224" fromID="E86" fromText="tingling" toID="E93" toText="hematuria" type="OVERLAP" />
<TLINK id="ET1227" fromID="E86" fromText="tingling" toID="E94" toText="bright red blood per rectum" type="OVERLAP" />
<TLINK id="ET1229" fromID="E86" fromText="tingling" toID="E91" toText="abdominal pain" type="OVERLAP" />
<TLINK id="ET1231" fromID="E86" fromText="tingling" toID="E87" toText="numbness" type="OVERLAP" />
<TLINK id="ET1232" fromID="E86" fromText="tingling" toID="E92" toText="dysuria" type="OVERLAP" />
<TLINK id="ET1253" fromID="T3" fromText="2019-04-01" toID="E157" toText="walking improved" type="BEFORE" />
<TLINK id="ET1266" fromID="E50" fromText="discharge" toID="T12" toText="24 hours" type="AFTER" />
<TLINK id="ET1267" fromID="E50" fromText="discharge" toID="T9" toText="07-01" type="AFTER" />
<TLINK id="ET1268" fromID="E50" fromText="discharge" toID="T16" toText="the day of discharge" type="AFTER" />
<TLINK id="ET1270" fromID="E50" fromText="discharge" toID="T13" toText="bid" type="AFTER" />
<TLINK id="ET1271" fromID="E50" fromText="discharge" toID="T15" toText="24 hours" type="AFTER" />
<TLINK id="ET1275" fromID="E50" fromText="discharge" toID="T10" toText="one week" type="BEFORE" />
<TLINK id="ET1276" fromID="E50" fromText="discharge" toID="T1" toText="04-05" type="AFTER" />
<TLINK id="ET1277" fromID="E50" fromText="discharge" toID="T18" toText="5-6 weeks" type="BEFORE" />
<TLINK id="ET1279" fromID="E50" fromText="discharge" toID="T3" toText="2019-04-01" type="OVERLAP" />
<TLINK id="ET1281" fromID="E50" fromText="discharge" toID="T14" toText="bid" type="AFTER" />
<TLINK id="ET1282" fromID="E50" fromText="discharge" toID="T17" toText="03-04" type="AFTER" />
<TLINK id="ET1283" fromID="E50" fromText="discharge" toID="T11" toText="overnight" type="AFTER" />
<TLINK id="ET1285" fromID="E50" fromText="discharge" toID="T2" toText="03-30" type="AFTER" />
<TLINK id="ET134" fromID="E47" fromText="Intensive Care Unit" toID="T12" toText="24 hours" type="OVERLAP" />
<TLINK id="ET14" fromID="T3" fromText="2019-04-01" toID="E15" toText="a ct" type="AFTER" />
<TLINK id="ET1461" fromID="T3" fromText="2019-04-01" toID="E19" toText="the bleed" type="AFTER" />
<TLINK id="ET1497" fromID="T3" fromText="2019-04-01" toID="E40" toText="a bowel regimen" type="AFTER" />
<TLINK id="ET1505" fromID="E40" fromText="a bowel regimen" toID="E49" toText="the admission" type="OVERLAP" />
<TLINK id="ET1506" fromID="E40" fromText="a bowel regimen" toID="E42" toText="pud prophylaxis" type="OVERLAP" />
<TLINK id="ET1508" fromID="E40" fromText="a bowel regimen" toID="E43" toText="protonix" type="OVERLAP" />
<TLINK id="ET151" fromID="E47" fromText="Intensive Care Unit" toID="T11" toText="overnight" type="OVERLAP" />
<TLINK id="ET1518" fromID="E40" fromText="a bowel regimen" toID="E41" toText="vd boots" type="OVERLAP" />
<TLINK id="ET1528" fromID="E35" fromText="hba1c" toID="T16" toText="the day of discharge" type="OVERLAP" />
<TLINK id="ET154" fromID="E47" fromText="Intensive Care Unit" toID="E22" toText="bp" type="OVERLAP" />
<TLINK id="ET1542" fromID="E35" fromText="hba1c" toID="T17" toText="03-04" type="OVERLAP" />
<TLINK id="ET1547" fromID="E35" fromText="hba1c" toID="E143" toText="repeated" type="OVERLAP" />
<TLINK id="ET1550" fromID="E35" fromText="hba1c" toID="E37" toText="borderline dm" type="AFTER" />
<TLINK id="ET1553" fromID="E35" fromText="hba1c" toID="E144" toText="pending" type="OVERLAP" />
<TLINK id="ET1554" fromID="E35" fromText="hba1c" toID="E36" toText="slightly elevated" type="AFTER" />
<TLINK id="ET1570" fromID="T3" fromText="2019-04-01" toID="E43" toText="protonix" type="AFTER" />
<TLINK id="ET1577" fromID="E43" fromText="protonix" toID="E49" toText="the admission" type="OVERLAP" />
<TLINK id="ET1596" fromID="T3" fromText="2019-04-01" toID="E145" toText="monitored" type="AFTER" />
<TLINK id="ET160" fromID="E47" fromText="Intensive Care Unit" toID="E23" toText="initially elevated" type="OVERLAP" />
<TLINK id="ET1603" fromID="E145" fromText="monitored" toID="E49" toText="the admission" type="BEFORE" />
<TLINK id="ET1604" fromID="E145" fromText="monitored" toID="E42" toText="pud prophylaxis" type="OVERLAP" />
<TLINK id="ET1606" fromID="E145" fromText="monitored" toID="E40" toText="a bowel regimen" type="OVERLAP" />
<TLINK id="ET1607" fromID="E145" fromText="monitored" toID="E43" toText="protonix" type="OVERLAP" />
<TLINK id="ET1608" fromID="E145" fromText="monitored" toID="E41" toText="vd boots" type="OVERLAP" />
<TLINK id="ET161" fromID="E47" fromText="Intensive Care Unit" toID="E112" toText="stabilized" type="OVERLAP" />
<TLINK id="ET162" fromID="E47" fromText="Intensive Care Unit" toID="E21" toText="closer monitoring" type="OVERLAP" />
<TLINK id="ET1625" fromID="T0" fromText="2019-03-29" toID="E57" toText="a headache" type="AFTER" />
<TLINK id="ET166" fromID="E47" fromText="Intensive Care Unit" toID="E24" toText="a labetalol drip" type="OVERLAP" />
<TLINK id="ET1668" fromID="T3" fromText="2019-04-01" toID="E133" toText="an mri" type="AFTER" />
<TLINK id="ET1678" fromID="E133" fromText="an mri" toID="E134" toText="his pacemaker" type="OVERLAP" />
<TLINK id="ET168" fromID="E47" fromText="Intensive Care Unit" toID="E111" toText="stable" type="OVERLAP" />
<TLINK id="ET1698" fromID="T3" fromText="2019-04-01" toID="E98" toText="the deanna" type="AFTER" />
<TLINK id="ET1715" fromID="E98" fromText="the deanna" toID="E46" toText="showed" type="OVERLAP" />
<TLINK id="ET1720" fromID="E98" fromText="the deanna" toID="E99" toText="a new significant r-frontal intraparenchymal hemorrhage in the same location" type="OVERLAP" />
<TLINK id="ET1725" fromID="E98" fromText="the deanna" toID="E16" toText="the prior bleed" type="OVERLAP" />
<TLINK id="ET173" fromID="T9" fromText="07-01" toID="E8" toText="increased gait instability" type="OVERLAP" />
<TLINK id="ET1730" fromID="E117" fromText="dilantin" toID="T13" toText="bid" type="OVERLAP" />
<TLINK id="ET1739" fromID="T3" fromText="2019-04-01" toID="E117" toText="dilantin" type="AFTER" />
<TLINK id="ET1755" fromID="E117" fromText="dilantin" toID="E118" toText="seizure activity" type="AFTER" />
<TLINK id="ET1771" fromID="T3" fromText="2019-04-01" toID="E151" toText="pt" type="AFTER" />
<TLINK id="ET1779" fromID="E151" fromText="pt" toID="E149" toText="see him" type="OVERLAP" />
<TLINK id="ET1783" fromID="E151" fromText="pt" toID="E150" toText="this gait problem" type="OVERLAP" />
<TLINK id="ET1797" fromID="T3" fromText="2019-04-01" toID="E105" toText="the last admission" type="AFTER" />
<TLINK id="ET181" fromID="E8" fromText="increased gait instability" toID="T10" toText="one week" type="AFTER" />
<TLINK id="ET1828" fromID="E105" fromText="the last admission" toID="E17" toText="a hemorrhage in the r-frontal region" type="AFTER" />
<TLINK id="ET1857" fromID="E105" fromText="the last admission" toID="E106" toText="a mass" type="AFTER" />
<TLINK id="ET1904" fromID="T3" fromText="2019-04-01" toID="E17" toText="a hemorrhage in the r-frontal region" type="AFTER" />
<TLINK id="ET1941" fromID="T3" fromText="2019-04-01" toID="E154" toText="a rehab/hahnemann hospital ( worcester )" type="BEFORE" />
<TLINK id="ET1948" fromID="E154" fromText="a rehab/hahnemann hospital ( worcester )" toID="E157" toText="walking improved" type="BEFORE" />
<TLINK id="ET1949" fromID="E154" fromText="a rehab/hahnemann hospital ( worcester )" toID="E156" toText="returning to assisted living" type="BEFORE" />
<TLINK id="ET1950" fromID="E154" fromText="a rehab/hahnemann hospital ( worcester )" toID="E155" toText="work on walking" type="OVERLAP" />
<TLINK id="ET1964" fromID="T0" fromText="2019-03-29" toID="E4" toText="difficulties" type="AFTER" />
<TLINK id="ET1975" fromID="E4" fromText="difficulties" toID="E67" toText="navigating through his apartment" type="OVERLAP" />
<TLINK id="ET1994" fromID="T9" fromText="07-01" toID="E96" toText="presented" type="OVERLAP" />
<TLINK id="ET2002" fromID="E96" fromText="presented" toID="T10" toText="one week" type="AFTER" />
<TLINK id="ET2018" fromID="E96" fromText="presented" toID="E8" toText="increased gait instability" type="AFTER" />
<TLINK id="ET2020" fromID="E96" fromText="presented" toID="E7" toText="gradually slowing of mentation" type="AFTER" />
<TLINK id="ET2134" fromID="T3" fromText="2019-04-01" toID="E137" toText="complained" type="AFTER" />
<TLINK id="ET2144" fromID="E137" fromText="complained" toID="E139" toText="breathing problems" type="AFTER" />
<TLINK id="ET2163" fromID="T3" fromText="2019-04-01" toID="E102" toText="neurosurgery" type="AFTER" />
<TLINK id="ET2184" fromID="E102" fromText="neurosurgery" toID="E103" toText="the two teams agreed" type="OVERLAP" />
<TLINK id="ET2188" fromID="E102" fromText="neurosurgery" toID="E104" toText="underlying amyloidosis" type="OVERLAP" />
<TLINK id="ET2201" fromID="T0" fromText="2019-03-29" toID="E84" toText="hearing changes" type="AFTER" />
<TLINK id="ET2217" fromID="E84" fromText="hearing changes" toID="E93" toText="hematuria" type="OVERLAP" />
<TLINK id="ET2220" fromID="E84" fromText="hearing changes" toID="E94" toText="bright red blood per rectum" type="OVERLAP" />
<TLINK id="ET2222" fromID="E84" fromText="hearing changes" toID="E91" toText="abdominal pain" type="OVERLAP" />
<TLINK id="ET2224" fromID="E84" fromText="hearing changes" toID="E85" toText="dysphagia" type="OVERLAP" />
<TLINK id="ET2225" fromID="E84" fromText="hearing changes" toID="E92" toText="dysuria" type="OVERLAP" />
<TLINK id="ET223" fromID="T0" fromText="2019-03-29" toID="E90" toText="shortness of breath" type="AFTER" />
<TLINK id="ET2246" fromID="T3" fromText="2019-04-01" toID="E122" toText="stable" type="AFTER" />
<TLINK id="ET2252" fromID="T2" fromText="03-30" toID="E122" toText="stable" type="OVERLAP" />
<TLINK id="ET2253" fromID="E122" fromText="stable" toID="E125" toText="his persistently poor memory" type="OVERLAP" />
<TLINK id="ET2280" fromID="E122" fromText="stable" toID="E124" toText="very mild right pronator drift" type="OVERLAP" />
<TLINK id="ET2288" fromID="E122" fromText="stable" toID="E126" toText="dementia" type="OVERLAP" />
<TLINK id="ET2293" fromID="E122" fromText="stable" toID="E123" toText="very suble focal exam findings" type="OVERLAP" />
<TLINK id="ET2319" fromID="T0" fromText="2019-03-29" toID="E93" toText="hematuria" type="AFTER" />
<TLINK id="ET2337" fromID="E93" fromText="hematuria" toID="E94" toText="bright red blood per rectum" type="OVERLAP" />
<TLINK id="ET2351" fromID="E115" fromText="a cortical bleed" toID="T13" toText="bid" type="BEFORE" />
<TLINK id="ET2360" fromID="T3" fromText="2019-04-01" toID="E115" toText="a cortical bleed" type="AFTER" />
<TLINK id="ET2371" fromID="E115" fromText="a cortical bleed" toID="E117" toText="dilantin" type="OVERLAP" />
<TLINK id="ET2373" fromID="E115" fromText="a cortical bleed" toID="E28" toText="keppra" type="OVERLAP" />
<TLINK id="ET2377" fromID="E115" fromText="a cortical bleed" toID="E116" toText="allergy" type="OVERLAP" />
<TLINK id="ET2379" fromID="E115" fromText="a cortical bleed" toID="E118" toText="seizure activity" type="OVERLAP" />
<TLINK id="ET2395" fromID="T3" fromText="2019-04-01" toID="E164" toText="his cranial nerves and strength were full" type="AFTER" />
<TLINK id="ET2404" fromID="E164" fromText="his cranial nerves and strength were full" toID="E97" toText="peripheral neuropathy" type="OVERLAP" />
<TLINK id="ET241" fromID="E90" fromText="shortness of breath" toID="E94" toText="bright red blood per rectum" type="OVERLAP" />
<TLINK id="ET2413" fromID="E164" fromText="his cranial nerves and strength were full" toID="E13" toText="the sensory exam" type="OVERLAP" />
<TLINK id="ET2415" fromID="E164" fromText="his cranial nerves and strength were full" toID="E14" toText="mildly decreased vibration and proprioception in both le" type="OVERLAP" />
<TLINK id="ET243" fromID="E90" fromText="shortness of breath" toID="E91" toText="abdominal pain" type="OVERLAP" />
<TLINK id="ET2433" fromID="E29" fromText="this medication" toID="T1" toText="04-05" type="OVERLAP" />
<TLINK id="ET2438" fromID="E29" fromText="this medication" toID="T14" toText="bid" type="AFTER" />
<TLINK id="ET2448" fromID="E29" fromText="this medication" toID="E120" toText="titration up" type="OVERLAP" />
<TLINK id="ET2449" fromID="E29" fromText="this medication" toID="E119" toText="continued" type="OVERLAP" />
<TLINK id="ET2453" fromID="E29" fromText="this medication" toID="E30" toText="the bleed" type="AFTER" />
<TLINK id="ET2457" fromID="E23" fromText="initially elevated" toID="T12" toText="24 hours" type="OVERLAP" />
<TLINK id="ET2474" fromID="T11" fromText="overnight" toID="E23" toText="initially elevated" type="OVERLAP" />
<TLINK id="ET2482" fromID="E23" fromText="initially elevated" toID="E112" toText="stabilized" type="OVERLAP" />
<TLINK id="ET2486" fromID="E23" fromText="initially elevated" toID="E24" toText="a labetalol drip" type="OVERLAP" />
<TLINK id="ET2493" fromID="E37" fromText="borderline dm" toID="T16" toText="the day of discharge" type="BEFORE" />
<TLINK id="ET2507" fromID="T17" fromText="03-04" toID="E37" toText="borderline dm" type="OVERLAP" />
<TLINK id="ET2512" fromID="E37" fromText="borderline dm" toID="E143" toText="repeated" type="OVERLAP" />
<TLINK id="ET2517" fromID="E37" fromText="borderline dm" toID="E144" toText="pending" type="OVERLAP" />
<TLINK id="ET2533" fromID="T3" fromText="2019-04-01" toID="E139" toText="breathing problems" type="AFTER" />
<TLINK id="ET2562" fromID="T3" fromText="2019-04-01" toID="E20" toText="his pacer" type="AFTER" />
<TLINK id="ET2595" fromID="T18" fromText="5-6 weeks" toID="E162" toText="blood" type="OVERLAP" />
<TLINK id="ET2597" fromID="T3" fromText="2019-04-01" toID="E162" toText="blood" type="AFTER" />
<TLINK id="ET26" fromID="E15" fromText="a ct" toID="E98" toText="the deanna" type="OVERLAP" />
<TLINK id="ET2604" fromID="E162" fromText="blood" toID="E163" toText="underlying lesion" type="OVERLAP" />
<TLINK id="ET2617" fromID="T0" fromText="2019-03-29" toID="E79" toText="denies" type="AFTER" />
<TLINK id="ET2633" fromID="E79" fromText="denies" toID="E93" toText="hematuria" type="AFTER" />
<TLINK id="ET2636" fromID="E79" fromText="denies" toID="E94" toText="bright red blood per rectum" type="AFTER" />
<TLINK id="ET2638" fromID="E79" fromText="denies" toID="E91" toText="abdominal pain" type="AFTER" />
<TLINK id="ET2640" fromID="E79" fromText="denies" toID="E80" toText="any fever" type="AFTER" />
<TLINK id="ET2641" fromID="E79" fromText="denies" toID="E92" toText="dysuria" type="AFTER" />
<TLINK id="ET265" fromID="T3" fromText="2019-04-01" toID="E39" toText="electrolytes" type="AFTER" />
<TLINK id="ET2656" fromID="E0" fromText="admission" toID="T4" toText="few years" type="AFTER" />
<TLINK id="ET2657" fromID="E0" fromText="admission" toID="T19" toText="months" type="AFTER" />
<TLINK id="ET2661" fromID="E0" fromText="admission" toID="T0" toText="2019-03-29" type="OVERLAP" />
<TLINK id="ET2663" fromID="E0" fromText="admission" toID="T7" toText="week ago" type="AFTER" />
<TLINK id="ET2667" fromID="E0" fromText="admission" toID="T5" toText="the last week" type="AFTER" />
<TLINK id="ET272" fromID="E39" fromText="electrolytes" toID="E49" toText="the admission" type="BEFORE" />
<TLINK id="ET273" fromID="E39" fromText="electrolytes" toID="E42" toText="pud prophylaxis" type="OVERLAP" />
<TLINK id="ET275" fromID="E39" fromText="electrolytes" toID="E40" toText="a bowel regimen" type="OVERLAP" />
<TLINK id="ET276" fromID="E39" fromText="electrolytes" toID="E43" toText="protonix" type="OVERLAP" />
<TLINK id="ET277" fromID="E39" fromText="electrolytes" toID="E145" toText="monitored" type="OVERLAP" />
<TLINK id="ET278" fromID="E39" fromText="electrolytes" toID="E41" toText="vd boots" type="OVERLAP" />
<TLINK id="ET2845" fromID="T3" fromText="2019-04-01" toID="E12" toText="difficulties generating a list of animals" type="AFTER" />
<TLINK id="ET2883" fromID="T0" fromText="2019-03-29" toID="E71" toText="another bleed" type="AFTER" />
<TLINK id="ET2903" fromID="E71" fromText="another bleed" toID="E72" toText="the deanna" type="BEFORE" />
<TLINK id="ET2923" fromID="T0" fromText="2019-03-29" toID="E81" toText="chills" type="AFTER" />
<TLINK id="ET2939" fromID="E81" fromText="chills" toID="E93" toText="hematuria" type="OVERLAP" />
<TLINK id="ET2942" fromID="E81" fromText="chills" toID="E94" toText="bright red blood per rectum" type="OVERLAP" />
<TLINK id="ET2944" fromID="E81" fromText="chills" toID="E91" toText="abdominal pain" type="OVERLAP" />
<TLINK id="ET2945" fromID="E81" fromText="chills" toID="E82" toText="weight loss" type="OVERLAP" />
<TLINK id="ET2947" fromID="E81" fromText="chills" toID="E92" toText="dysuria" type="OVERLAP" />
<TLINK id="ET295" fromID="T0" fromText="2019-03-29" toID="E77" toText="focal weakness" type="AFTER" />
<TLINK id="ET2963" fromID="E59" fromText="his gait" toID="T19" toText="months" type="AFTER" />
<TLINK id="ET2967" fromID="T0" fromText="2019-03-29" toID="E59" toText="his gait" type="AFTER" />
<TLINK id="ET2975" fromID="E59" fromText="his gait" toID="E61" toText="his mentation" type="OVERLAP" />
<TLINK id="ET2979" fromID="E59" fromText="his gait" toID="E63" toText="forgetting appointments" type="OVERLAP" />
<TLINK id="ET2993" fromID="E59" fromText="his gait" toID="E62" toText="difficulties with memory" type="OVERLAP" />
<TLINK id="ET2998" fromID="E59" fromText="his gait" toID="E60" toText="unsteady" type="OVERLAP" />
<TLINK id="ET3013" fromID="T3" fromText="2019-04-01" toID="E25" toText="the goal sbp" type="AFTER" />
<TLINK id="ET3040" fromID="T4" fromText="few years" toID="E51" toText="pacemaker" type="OVERLAP" />
<TLINK id="ET3045" fromID="T0" fromText="2019-03-29" toID="E51" toText="pacemaker" type="AFTER" />
<TLINK id="ET3051" fromID="E51" fromText="pacemaker" toID="T5" toText="the last week" type="OVERLAP" />
<TLINK id="ET3065" fromID="E51" fromText="pacemaker" toID="E54" toText="gradual decline in gait" type="OVERLAP" />
<TLINK id="ET3067" fromID="E51" fromText="pacemaker" toID="E55" toText="slowing of mentation" type="OVERLAP" />
<TLINK id="ET3070" fromID="E51" fromText="pacemaker" toID="E52" toText="hyperlipidemia" type="OVERLAP" />
<TLINK id="ET3089" fromID="E159" fromText="neurosurgery" toID="T18" toText="5-6 weeks" type="OVERLAP" />
<TLINK id="ET3091" fromID="T3" fromText="2019-04-01" toID="E159" toText="neurosurgery" type="AFTER" />
<TLINK id="ET3098" fromID="E159" fromText="neurosurgery" toID="E162" toText="blood" type="OVERLAP" />
<TLINK id="ET3099" fromID="E159" fromText="neurosurgery" toID="E161" toText="neurosurgery office" type="OVERLAP" />
<TLINK id="ET3100" fromID="E159" fromText="neurosurgery" toID="E163" toText="underlying lesion" type="OVERLAP" />
<TLINK id="ET3107" fromID="T15" fromText="24 hours" toID="E129" toText="the hospital was full" type="OVERLAP" />
<TLINK id="ET3115" fromID="T3" fromText="2019-04-01" toID="E129" toText="the hospital was full" type="AFTER" />
<TLINK id="ET3145" fromID="T3" fromText="2019-04-01" toID="E107" toText="hypertensive bleed ( cortical )" type="AFTER" />
<TLINK id="ET315" fromID="E77" fromText="focal weakness" toID="E78" toText="numbness" type="OVERLAP" />
<TLINK id="ET3153" fromID="E107" fromText="hypertensive bleed ( cortical )" toID="E108" toText="the recent fall" type="OVERLAP" />
<TLINK id="ET3156" fromID="E107" fromText="hypertensive bleed ( cortical )" toID="E19" toText="the bleed" type="OVERLAP" />
<TLINK id="ET3182" fromID="T3" fromText="2019-04-01" toID="E156" toText="returning to assisted living" type="BEFORE" />
<TLINK id="ET3189" fromID="E156" fromText="returning to assisted living" toID="E157" toText="walking improved" type="OVERLAP" />
<TLINK id="ET32" fromID="E15" fromText="a ct" toID="E46" toText="showed" type="OVERLAP" />
<TLINK id="ET3204" fromID="T3" fromText="2019-04-01" toID="E100" toText="seen" type="AFTER" />
<TLINK id="ET3216" fromID="E100" fromText="seen" toID="E101" toText="neurology" type="OVERLAP" />
<TLINK id="ET3240" fromID="E100" fromText="seen" toID="E102" toText="neurosurgery" type="OVERLAP" />
<TLINK id="ET3291" fromID="E100" fromText="seen" toID="E103" toText="the two teams agreed" type="OVERLAP" />
<TLINK id="ET3301" fromID="E100" fromText="seen" toID="E104" toText="underlying amyloidosis" type="AFTER" />
<TLINK id="ET3303" fromID="E110" fromText="admission" toID="T12" toText="24 hours" type="AFTER" />
<TLINK id="ET331" fromID="E61" fromText="his mentation" toID="T19" toText="months" type="AFTER" />
<TLINK id="ET3320" fromID="E110" fromText="admission" toID="T11" toText="overnight" type="AFTER" />
<TLINK id="ET3323" fromID="E110" fromText="admission" toID="E22" toText="bp" type="OVERLAP" />
<TLINK id="ET3326" fromID="E110" fromText="admission" toID="E47" toText="Intensive Care Unit" type="BEFORE" />
<TLINK id="ET335" fromID="T0" fromText="2019-03-29" toID="E61" toText="his mentation" type="AFTER" />
<TLINK id="ET3350" fromID="E110" fromText="admission" toID="E23" toText="initially elevated" type="AFTER" />
<TLINK id="ET3360" fromID="E110" fromText="admission" toID="E112" toText="stabilized" type="OVERLAP" />
<TLINK id="ET3362" fromID="E110" fromText="admission" toID="E21" toText="closer monitoring" type="OVERLAP" />
<TLINK id="ET3380" fromID="E110" fromText="admission" toID="E24" toText="a labetalol drip" type="BEFORE" />
<TLINK id="ET3389" fromID="E110" fromText="admission" toID="E111" toText="stable" type="OVERLAP" />
<TLINK id="ET3413" fromID="T0" fromText="2019-03-29" toID="E94" toText="bright red blood per rectum" type="AFTER" />
<TLINK id="ET3448" fromID="T4" fromText="few years" toID="E53" toText="arrhythmia" type="OVERLAP" />
<TLINK id="ET3453" fromID="T0" fromText="2019-03-29" toID="E53" toText="arrhythmia" type="AFTER" />
<TLINK id="ET3459" fromID="E53" fromText="arrhythmia" toID="T5" toText="the last week" type="OVERLAP" />
<TLINK id="ET346" fromID="E61" fromText="his mentation" toID="E63" toText="forgetting appointments" type="OVERLAP" />
<TLINK id="ET3473" fromID="E53" fromText="arrhythmia" toID="E54" toText="gradual decline in gait" type="OVERLAP" />
<TLINK id="ET3475" fromID="E53" fromText="arrhythmia" toID="E55" toText="slowing of mentation" type="OVERLAP" />
<TLINK id="ET3479" fromID="E53" fromText="arrhythmia" toID="E44" toText="presents" type="OVERLAP" />
<TLINK id="ET3499" fromID="T3" fromText="2019-04-01" toID="E134" toText="his pacemaker" type="AFTER" />
<TLINK id="ET3529" fromID="T3" fromText="2019-04-01" toID="E147" toText="assessed" type="AFTER" />
<TLINK id="ET3536" fromID="E147" fromText="assessed" toID="E148" toText="unstable on his feet" type="OVERLAP" />
<TLINK id="ET3553" fromID="T0" fromText="2019-03-29" toID="E65" toText="his gait" type="AFTER" />
<TLINK id="ET3555" fromID="T7" fromText="week ago" toID="E65" toText="his gait" type="OVERLAP" />
<TLINK id="ET3563" fromID="E65" fromText="his gait" toID="E3" toText="even more unsteady" type="OVERLAP" />
<TLINK id="ET3573" fromID="E65" fromText="his gait" toID="E66" toText="fall" type="OVERLAP" />
<TLINK id="ET3583" fromID="T12" fromText="24 hours" toID="E112" toText="stabilized" type="OVERLAP" />
<TLINK id="ET360" fromID="E61" fromText="his mentation" toID="E62" toText="difficulties with memory" type="OVERLAP" />
<TLINK id="ET3600" fromID="T11" fromText="overnight" toID="E112" toText="stabilized" type="OVERLAP" />
<TLINK id="ET367" fromID="T9" fromText="07-01" toID="E7" toText="gradually slowing of mentation" type="OVERLAP" />
<TLINK id="ET3686" fromID="T0" fromText="2019-03-29" toID="E91" toText="abdominal pain" type="AFTER" />
<TLINK id="ET37" fromID="E15" fromText="a ct" toID="E99" toText="a new significant r-frontal intraparenchymal hemorrhage in the same location" type="AFTER" />
<TLINK id="ET3704" fromID="E91" fromText="abdominal pain" toID="E94" toText="bright red blood per rectum" type="OVERLAP" />
<TLINK id="ET3707" fromID="E91" fromText="abdominal pain" toID="E92" toText="dysuria" type="OVERLAP" />
<TLINK id="ET3727" fromID="T0" fromText="2019-03-29" toID="E73" toText="headache" type="AFTER" />
<TLINK id="ET3735" fromID="E73" fromText="headache" toID="E77" toText="focal weakness" type="OVERLAP" />
<TLINK id="ET3747" fromID="E73" fromText="headache" toID="E74" toText="neckpain" type="OVERLAP" />
<TLINK id="ET3749" fromID="E73" fromText="headache" toID="E78" toText="numbness" type="OVERLAP" />
<TLINK id="ET375" fromID="E7" fromText="gradually slowing of mentation" toID="T10" toText="one week" type="AFTER" />
<TLINK id="ET3770" fromID="T3" fromText="2019-04-01" toID="E124" toText="very mild right pronator drift" type="AFTER" />
<TLINK id="ET3776" fromID="T2" fromText="03-30" toID="E124" toText="very mild right pronator drift" type="OVERLAP" />
<TLINK id="ET3777" fromID="E124" fromText="very mild right pronator drift" toID="E125" toText="his persistently poor memory" type="OVERLAP" />
<TLINK id="ET3783" fromID="E124" fromText="very mild right pronator drift" toID="E126" toText="dementia" type="OVERLAP" />
<TLINK id="ET3801" fromID="T0" fromText="2019-03-29" toID="E74" toText="neckpain" type="AFTER" />
<TLINK id="ET3809" fromID="E74" fromText="neckpain" toID="E77" toText="focal weakness" type="OVERLAP" />
<TLINK id="ET3813" fromID="E74" fromText="neckpain" toID="E75" toText="nausea" type="OVERLAP" />
<TLINK id="ET3823" fromID="E74" fromText="neckpain" toID="E78" toText="numbness" type="OVERLAP" />
<TLINK id="ET3844" fromID="T3" fromText="2019-04-01" toID="E13" toText="the sensory exam" type="AFTER" />
<TLINK id="ET3853" fromID="E13" fromText="the sensory exam" toID="E97" toText="peripheral neuropathy" type="AFTER" />
<TLINK id="ET386" fromID="E7" fromText="gradually slowing of mentation" toID="E8" toText="increased gait instability" type="OVERLAP" />
<TLINK id="ET3863" fromID="E13" fromText="the sensory exam" toID="E14" toText="mildly decreased vibration and proprioception in both le" type="OVERLAP" />
<TLINK id="ET3883" fromID="T0" fromText="2019-03-29" toID="E76" toText="vomiting" type="AFTER" />
<TLINK id="ET3891" fromID="E76" fromText="vomiting" toID="E77" toText="focal weakness" type="OVERLAP" />
<TLINK id="ET3904" fromID="E76" fromText="vomiting" toID="E78" toText="numbness" type="OVERLAP" />
<TLINK id="ET3912" fromID="E21" fromText="closer monitoring" toID="T12" toText="24 hours" type="OVERLAP" />
<TLINK id="ET3929" fromID="E21" fromText="closer monitoring" toID="T11" toText="overnight" type="OVERLAP" />
<TLINK id="ET3932" fromID="E21" fromText="closer monitoring" toID="E22" toText="bp" type="OVERLAP" />
<TLINK id="ET3938" fromID="E21" fromText="closer monitoring" toID="E23" toText="initially elevated" type="AFTER" />
<TLINK id="ET3939" fromID="E21" fromText="closer monitoring" toID="E112" toText="stabilized" type="OVERLAP" />
<TLINK id="ET3943" fromID="E21" fromText="closer monitoring" toID="E24" toText="a labetalol drip" type="OVERLAP" />
<TLINK id="ET3945" fromID="E21" fromText="closer monitoring" toID="E111" toText="stable" type="OVERLAP" />
<TLINK id="ET3961" fromID="T0" fromText="2019-03-29" toID="E66" toText="fall" type="AFTER" />
<TLINK id="ET3963" fromID="T7" fromText="week ago" toID="E66" toText="fall" type="OVERLAP" />
<TLINK id="ET4123" fromID="T3" fromText="2019-04-01" toID="E9" toText="initial exam" type="AFTER" />
<TLINK id="ET4137" fromID="E9" fromText="initial exam" toID="E12" toText="difficulties generating a list of animals" type="AFTER" />
<TLINK id="ET4144" fromID="E9" fromText="initial exam" toID="E11" toText="somewhat slow" type="AFTER" />
<TLINK id="ET4149" fromID="E9" fromText="initial exam" toID="E10" toText="not oriented to time" type="AFTER" />
<TLINK id="ET4163" fromID="T0" fromText="2019-03-29" toID="E82" toText="weight loss" type="AFTER" />
<TLINK id="ET417" fromID="T0" fromText="2019-03-29" toID="E89" toText="chest pain" type="AFTER" />
<TLINK id="ET4179" fromID="E82" fromText="weight loss" toID="E93" toText="hematuria" type="OVERLAP" />
<TLINK id="ET4182" fromID="E82" fromText="weight loss" toID="E94" toText="bright red blood per rectum" type="OVERLAP" />
<TLINK id="ET4184" fromID="E82" fromText="weight loss" toID="E91" toText="abdominal pain" type="OVERLAP" />
<TLINK id="ET4185" fromID="E82" fromText="weight loss" toID="E83" toText="visual changes" type="OVERLAP" />
<TLINK id="ET4187" fromID="E82" fromText="weight loss" toID="E92" toText="dysuria" type="OVERLAP" />
<TLINK id="ET42" fromID="E15" fromText="a ct" toID="E16" toText="the prior bleed" type="AFTER" />
<TLINK id="ET4208" fromID="T3" fromText="2019-04-01" toID="E18" toText="the hemorrhage" type="AFTER" />
<TLINK id="ET4216" fromID="E18" fromText="the hemorrhage" toID="E108" toText="the recent fall" type="OVERLAP" />
<TLINK id="ET4219" fromID="E18" fromText="the hemorrhage" toID="E19" toText="the bleed" type="OVERLAP" />
<TLINK id="ET4222" fromID="E18" fromText="the hemorrhage" toID="E107" toText="hypertensive bleed ( cortical )" type="OVERLAP" />
<TLINK id="ET4244" fromID="T18" fromText="5-6 weeks" toID="E161" toText="neurosurgery office" type="OVERLAP" />
<TLINK id="ET4246" fromID="T3" fromText="2019-04-01" toID="E161" toText="neurosurgery office" type="AFTER" />
<TLINK id="ET425" fromID="E89" fromText="chest pain" toID="E90" toText="shortness of breath" type="OVERLAP" />
<TLINK id="ET4253" fromID="E161" fromText="neurosurgery office" toID="E162" toText="blood" type="AFTER" />
<TLINK id="ET4254" fromID="E161" fromText="neurosurgery office" toID="E163" toText="underlying lesion" type="OVERLAP" />
<TLINK id="ET4268" fromID="T3" fromText="2019-04-01" toID="E135" toText="telemetry events" type="AFTER" />
<TLINK id="ET4276" fromID="E135" fromText="telemetry events" toID="E136" toText="ruled out" type="OVERLAP" />
<TLINK id="ET4285" fromID="E135" fromText="telemetry events" toID="E32" toText="enzyme" type="OVERLAP" />
<TLINK id="ET4299" fromID="T3" fromText="2019-04-01" toID="E149" toText="see him" type="AFTER" />
<TLINK id="ET43" fromID="E22" fromText="bp" toID="T12" toText="24 hours" type="OVERLAP" />
<TLINK id="ET4310" fromID="E149" fromText="see him" toID="E150" toText="this gait problem" type="OVERLAP" />
<TLINK id="ET4318" fromID="T4" fromText="few years" toID="E54" toText="gradual decline in gait" type="OVERLAP" />
<TLINK id="ET4323" fromID="T0" fromText="2019-03-29" toID="E54" toText="gradual decline in gait" type="AFTER" />
<TLINK id="ET4329" fromID="E54" fromText="gradual decline in gait" toID="T5" toText="the last week" type="OVERLAP" />
<TLINK id="ET434" fromID="E89" fromText="chest pain" toID="E93" toText="hematuria" type="OVERLAP" />
<TLINK id="ET4344" fromID="E54" fromText="gradual decline in gait" toID="E55" toText="slowing of mentation" type="OVERLAP" />
<TLINK id="ET4366" fromID="T0" fromText="2019-03-29" toID="E83" toText="visual changes" type="AFTER" />
<TLINK id="ET437" fromID="E89" fromText="chest pain" toID="E94" toText="bright red blood per rectum" type="OVERLAP" />
<TLINK id="ET4381" fromID="E83" fromText="visual changes" toID="E84" toText="hearing changes" type="OVERLAP" />
<TLINK id="ET4383" fromID="E83" fromText="visual changes" toID="E93" toText="hematuria" type="OVERLAP" />
<TLINK id="ET4386" fromID="E83" fromText="visual changes" toID="E94" toText="bright red blood per rectum" type="OVERLAP" />
<TLINK id="ET4388" fromID="E83" fromText="visual changes" toID="E91" toText="abdominal pain" type="OVERLAP" />
<TLINK id="ET439" fromID="E89" fromText="chest pain" toID="E91" toText="abdominal pain" type="OVERLAP" />
<TLINK id="ET4390" fromID="E83" fromText="visual changes" toID="E92" toText="dysuria" type="OVERLAP" />
<TLINK id="ET4408" fromID="E120" fromText="titration up" toID="T1" toText="04-05" type="AFTER" />
<TLINK id="ET441" fromID="E89" fromText="chest pain" toID="E92" toText="dysuria" type="OVERLAP" />
<TLINK id="ET4413" fromID="E120" fromText="titration up" toID="T14" toText="bid" type="OVERLAP" />
<TLINK id="ET4431" fromID="T9" fromText="07-01" toID="E6" toText="r-frontal hemorrhage" type="OVERLAP" />
<TLINK id="ET4439" fromID="E6" fromText="r-frontal hemorrhage" toID="T10" toText="one week" type="AFTER" />
<TLINK id="ET4450" fromID="E6" fromText="r-frontal hemorrhage" toID="E8" toText="increased gait instability" type="OVERLAP" />
<TLINK id="ET4451" fromID="E6" fromText="r-frontal hemorrhage" toID="E7" toText="gradually slowing of mentation" type="OVERLAP" />
<TLINK id="ET4458" fromID="E6" fromText="r-frontal hemorrhage" toID="E96" toText="presented" type="BEFORE" />
<TLINK id="ET4484" fromID="T3" fromText="2019-04-01" toID="E33" toText="his chest xray" type="AFTER" />
<TLINK id="ET4494" fromID="E33" fromText="his chest xray" toID="E137" toText="complained" type="OVERLAP" />
<TLINK id="ET4495" fromID="E33" fromText="his chest xray" toID="E139" toText="breathing problems" type="AFTER" />
<TLINK id="ET4499" fromID="E33" fromText="his chest xray" toID="E138" toText="negative" type="OVERLAP" />
<TLINK id="ET4506" fromID="E28" fromText="keppra" toID="T13" toText="bid" type="OVERLAP" />
<TLINK id="ET4515" fromID="T3" fromText="2019-04-01" toID="E28" toText="keppra" type="AFTER" />
<TLINK id="ET4526" fromID="E28" fromText="keppra" toID="E117" toText="dilantin" type="OVERLAP" />
<TLINK id="ET4531" fromID="E28" fromText="keppra" toID="E116" toText="allergy" type="AFTER" />
<TLINK id="ET4533" fromID="E28" fromText="keppra" toID="E118" toText="seizure activity" type="AFTER" />
<TLINK id="ET4548" fromID="T0" fromText="2019-03-29" toID="E64" toText="noted" type="AFTER" />
<TLINK id="ET4550" fromID="T7" fromText="week ago" toID="E64" toText="noted" type="OVERLAP" />
<TLINK id="ET4558" fromID="E64" fromText="noted" toID="E3" toText="even more unsteady" type="AFTER" />
<TLINK id="ET4567" fromID="E64" fromText="noted" toID="E65" toText="his gait" type="AFTER" />
<TLINK id="ET4569" fromID="E64" fromText="noted" toID="E66" toText="fall" type="OVERLAP" />
<TLINK id="ET4592" fromID="T3" fromText="2019-04-01" toID="E106" toText="a mass" type="AFTER" />
<TLINK id="ET4604" fromID="E106" fromText="a mass" toID="E17" toText="a hemorrhage in the r-frontal region" type="OVERLAP" />
<TLINK id="ET462" fromID="T3" fromText="2019-04-01" toID="E101" toText="neurology" type="AFTER" />
<TLINK id="ET4628" fromID="T0" fromText="2019-03-29" toID="E2" toText="a small abrasion" type="AFTER" />
<TLINK id="ET4671" fromID="T3" fromText="2019-04-01" toID="E46" toText="showed" type="AFTER" />
<TLINK id="ET4692" fromID="E46" fromText="showed" toID="E99" toText="a new significant r-frontal intraparenchymal hemorrhage in the same location" type="AFTER" />
<TLINK id="ET4697" fromID="E46" fromText="showed" toID="E16" toText="the prior bleed" type="AFTER" />
<TLINK id="ET4708" fromID="E119" fromText="continued" toID="T1" toText="04-05" type="OVERLAP" />
<TLINK id="ET4713" fromID="E119" fromText="continued" toID="T14" toText="bid" type="AFTER" />
<TLINK id="ET4723" fromID="E119" fromText="continued" toID="E120" toText="titration up" type="OVERLAP" />
<TLINK id="ET4727" fromID="E119" fromText="continued" toID="E30" toText="the bleed" type="OVERLAP" />
<TLINK id="ET4735" fromID="E114" fromText="seizure activity" toID="T13" toText="bid" type="BEFORE" />
<TLINK id="ET4744" fromID="T3" fromText="2019-04-01" toID="E114" toText="seizure activity" type="AFTER" />
<TLINK id="ET475" fromID="E101" fromText="neurology" toID="E102" toText="neurosurgery" type="OVERLAP" />
<TLINK id="ET4755" fromID="E114" fromText="seizure activity" toID="E117" toText="dilantin" type="OVERLAP" />
<TLINK id="ET4757" fromID="E114" fromText="seizure activity" toID="E115" toText="a cortical bleed" type="OVERLAP" />
<TLINK id="ET4758" fromID="E114" fromText="seizure activity" toID="E28" toText="keppra" type="OVERLAP" />
<TLINK id="ET4762" fromID="E114" fromText="seizure activity" toID="E116" toText="allergy" type="OVERLAP" />
<TLINK id="ET4780" fromID="T3" fromText="2019-04-01" toID="E140" toText="improve outcome" type="AFTER" />
<TLINK id="ET4791" fromID="E140" fromText="improve outcome" toID="E141" toText="Intensive Care Unit" type="OVERLAP" />
<TLINK id="ET4809" fromID="E140" fromText="improve outcome" toID="E142" toText="dm" type="OVERLAP" />
<TLINK id="ET4831" fromID="T18" fromText="5-6 weeks" toID="E163" toText="underlying lesion" type="OVERLAP" />
<TLINK id="ET4833" fromID="T3" fromText="2019-04-01" toID="E163" toText="underlying lesion" type="AFTER" />
<TLINK id="ET484" fromID="E101" fromText="neurology" toID="E103" toText="the two teams agreed" type="OVERLAP" />
<TLINK id="ET4852" fromID="T0" fromText="2019-03-29" toID="E87" toText="numbness" type="AFTER" />
<TLINK id="ET4868" fromID="E87" fromText="numbness" toID="E93" toText="hematuria" type="OVERLAP" />
<TLINK id="ET4871" fromID="E87" fromText="numbness" toID="E94" toText="bright red blood per rectum" type="OVERLAP" />
<TLINK id="ET4873" fromID="E87" fromText="numbness" toID="E91" toText="abdominal pain" type="OVERLAP" />
<TLINK id="ET4875" fromID="E87" fromText="numbness" toID="E92" toText="dysuria" type="OVERLAP" />
<TLINK id="ET4879" fromID="E87" fromText="numbness" toID="E88" toText="bowel-bladder dysfunction" type="OVERLAP" />
<TLINK id="ET488" fromID="E101" fromText="neurology" toID="E104" toText="underlying amyloidosis" type="OVERLAP" />
<TLINK id="ET4897" fromID="T3" fromText="2019-04-01" toID="E14" toText="mildly decreased vibration and proprioception in both le" type="AFTER" />
<TLINK id="ET4906" fromID="E14" fromText="mildly decreased vibration and proprioception in both le" toID="E97" toText="peripheral neuropathy" type="OVERLAP" />
<TLINK id="ET4930" fromID="T4" fromText="few years" toID="E55" toText="slowing of mentation" type="OVERLAP" />
<TLINK id="ET4935" fromID="T0" fromText="2019-03-29" toID="E55" toText="slowing of mentation" type="AFTER" />
<TLINK id="ET4941" fromID="E55" fromText="slowing of mentation" toID="T5" toText="the last week" type="OVERLAP" />
<TLINK id="ET4977" fromID="T0" fromText="2019-03-29" toID="E85" toText="dysphagia" type="AFTER" />
<TLINK id="ET4988" fromID="E85" fromText="dysphagia" toID="E86" toText="tingling" type="OVERLAP" />
<TLINK id="ET4994" fromID="E85" fromText="dysphagia" toID="E93" toText="hematuria" type="OVERLAP" />
<TLINK id="ET4997" fromID="E85" fromText="dysphagia" toID="E94" toText="bright red blood per rectum" type="OVERLAP" />
<TLINK id="ET4999" fromID="E85" fromText="dysphagia" toID="E91" toText="abdominal pain" type="OVERLAP" />
<TLINK id="ET5001" fromID="E85" fromText="dysphagia" toID="E92" toText="dysuria" type="OVERLAP" />
<TLINK id="ET501" fromID="T0" fromText="2019-03-29" toID="E45" toText="complain" type="AFTER" />
<TLINK id="ET5022" fromID="T3" fromText="2019-04-01" toID="E41" toText="vd boots" type="AFTER" />
<TLINK id="ET5029" fromID="E41" fromText="vd boots" toID="E49" toText="the admission" type="OVERLAP" />
<TLINK id="ET5030" fromID="E41" fromText="vd boots" toID="E42" toText="pud prophylaxis" type="OVERLAP" />
<TLINK id="ET5032" fromID="E41" fromText="vd boots" toID="E43" toText="protonix" type="OVERLAP" />
<TLINK id="ET5050" fromID="T3" fromText="2019-04-01" toID="E126" toText="dementia" type="AFTER" />
<TLINK id="ET5056" fromID="T2" fromText="03-30" toID="E126" toText="dementia" type="OVERLAP" />
<TLINK id="ET5079" fromID="T0" fromText="2019-03-29" toID="E72" toText="the deanna" type="AFTER" />
<TLINK id="ET5120" fromID="T3" fromText="2019-04-01" toID="E131" toText="lipitor" type="AFTER" />
<TLINK id="ET5133" fromID="E131" fromText="lipitor" toID="E132" toText="amiodarone" type="OVERLAP" />
<TLINK id="ET514" fromID="E45" fromText="complain" toID="E57" toText="a headache" type="AFTER" />
<TLINK id="ET5150" fromID="T3" fromText="2019-04-01" toID="E142" toText="dm" type="AFTER" />
<TLINK id="ET5177" fromID="T0" fromText="2019-03-29" toID="E78" toText="numbness" type="AFTER" />
<TLINK id="ET5217" fromID="T0" fromText="2019-03-29" toID="E80" toText="any fever" type="AFTER" />
<TLINK id="ET5233" fromID="E80" fromText="any fever" toID="E93" toText="hematuria" type="OVERLAP" />
<TLINK id="ET5234" fromID="E80" fromText="any fever" toID="E81" toText="chills" type="OVERLAP" />
<TLINK id="ET5237" fromID="E80" fromText="any fever" toID="E94" toText="bright red blood per rectum" type="OVERLAP" />
<TLINK id="ET5239" fromID="E80" fromText="any fever" toID="E91" toText="abdominal pain" type="OVERLAP" />
<TLINK id="ET5241" fromID="E80" fromText="any fever" toID="E92" toText="dysuria" type="OVERLAP" />
<TLINK id="ET5262" fromID="T3" fromText="2019-04-01" toID="E109" toText="an mri" type="AFTER" />
<TLINK id="ET5274" fromID="E109" fromText="an mri" toID="E20" toText="his pacer" type="OVERLAP" />
<TLINK id="ET5297" fromID="T0" fromText="2019-03-29" toID="E92" toText="dysuria" type="AFTER" />
<TLINK id="ET5313" fromID="E92" fromText="dysuria" toID="E93" toText="hematuria" type="OVERLAP" />
<TLINK id="ET5316" fromID="E92" fromText="dysuria" toID="E94" toText="bright red blood per rectum" type="OVERLAP" />
<TLINK id="ET5339" fromID="T3" fromText="2019-04-01" toID="E155" toText="work on walking" type="AFTER" />
<TLINK id="ET534" fromID="E95" fromText="weaker , bilaterally" toID="T8" toText="the last week" type="AFTER" />
<TLINK id="ET5346" fromID="E155" fromText="work on walking" toID="E157" toText="walking improved" type="BEFORE" />
<TLINK id="ET5367" fromID="T3" fromText="2019-04-01" toID="E146" toText="walking" type="AFTER" />
<TLINK id="ET5374" fromID="E146" fromText="walking" toID="E148" toText="unstable on his feet" type="OVERLAP" />
<TLINK id="ET5381" fromID="E146" fromText="walking" toID="E147" toText="assessed" type="OVERLAP" />
<TLINK id="ET5404" fromID="T3" fromText="2019-04-01" toID="E123" toText="very suble focal exam findings" type="AFTER" />
<TLINK id="ET5410" fromID="T2" fromText="03-30" toID="E123" toText="very suble focal exam findings" type="OVERLAP" />
<TLINK id="ET5411" fromID="E123" fromText="very suble focal exam findings" toID="E125" toText="his persistently poor memory" type="OVERLAP" />
<TLINK id="ET5416" fromID="E123" fromText="very suble focal exam findings" toID="E124" toText="very mild right pronator drift" type="OVERLAP" />
<TLINK id="ET5418" fromID="E123" fromText="very suble focal exam findings" toID="E126" toText="dementia" type="OVERLAP" />
<TLINK id="ET5424" fromID="E24" fromText="a labetalol drip" toID="T12" toText="24 hours" type="OVERLAP" />
<TLINK id="ET543" fromID="T0" fromText="2019-03-29" toID="E95" toText="weaker , bilaterally" type="AFTER" />
<TLINK id="ET5441" fromID="T11" fromText="overnight" toID="E24" toText="a labetalol drip" type="OVERLAP" />
<TLINK id="ET5449" fromID="E24" fromText="a labetalol drip" toID="E112" toText="stabilized" type="OVERLAP" />
<TLINK id="ET5461" fromID="E116" fromText="allergy" toID="T13" toText="bid" type="OVERLAP" />
<TLINK id="ET5470" fromID="T3" fromText="2019-04-01" toID="E116" toText="allergy" type="AFTER" />
<TLINK id="ET5481" fromID="E116" fromText="allergy" toID="E117" toText="dilantin" type="OVERLAP" />
<TLINK id="ET5487" fromID="E116" fromText="allergy" toID="E118" toText="seizure activity" type="OVERLAP" />
<TLINK id="ET5500" fromID="E30" fromText="the bleed" toID="T1" toText="04-05" type="OVERLAP" />
<TLINK id="ET5505" fromID="E30" fromText="the bleed" toID="T14" toText="bid" type="AFTER" />
<TLINK id="ET5515" fromID="E30" fromText="the bleed" toID="E120" toText="titration up" type="OVERLAP" />
<TLINK id="ET5529" fromID="T4" fromText="few years" toID="E52" toText="hyperlipidemia" type="OVERLAP" />
<TLINK id="ET5534" fromID="T0" fromText="2019-03-29" toID="E52" toText="hyperlipidemia" type="AFTER" />
<TLINK id="ET5540" fromID="E52" fromText="hyperlipidemia" toID="T5" toText="the last week" type="OVERLAP" />
<TLINK id="ET5552" fromID="E52" fromText="hyperlipidemia" toID="E53" toText="arrhythmia" type="OVERLAP" />
<TLINK id="ET5555" fromID="E52" fromText="hyperlipidemia" toID="E54" toText="gradual decline in gait" type="OVERLAP" />
<TLINK id="ET5557" fromID="E52" fromText="hyperlipidemia" toID="E55" toText="slowing of mentation" type="OVERLAP" />
<TLINK id="ET5580" fromID="T3" fromText="2019-04-01" toID="E11" toText="somewhat slow" type="AFTER" />
<TLINK id="ET5594" fromID="E11" fromText="somewhat slow" toID="E12" toText="difficulties generating a list of animals" type="OVERLAP" />
<TLINK id="ET5619" fromID="T3" fromText="2019-04-01" toID="E132" toText="amiodarone" type="AFTER" />
<TLINK id="ET5649" fromID="T3" fromText="2019-04-01" toID="E138" toText="negative" type="AFTER" />
<TLINK id="ET5669" fromID="E138" fromText="negative" toID="E137" toText="complained" type="OVERLAP" />
<TLINK id="ET5671" fromID="E138" fromText="negative" toID="E139" toText="breathing problems" type="OVERLAP" />
<TLINK id="ET5705" fromID="T0" fromText="2019-03-29" toID="E68" toText="difficulties finding the fridge for example" type="AFTER" />
<TLINK id="ET5747" fromID="T3" fromText="2019-04-01" toID="E31" toText="head ct" type="AFTER" />
<TLINK id="ET5753" fromID="E31" fromText="head ct" toID="T2" toText="03-30" type="OVERLAP" />
<TLINK id="ET5754" fromID="E31" fromText="head ct" toID="E125" toText="his persistently poor memory" type="AFTER" />
<TLINK id="ET5757" fromID="E31" fromText="head ct" toID="E121" toText="was unchanged" type="OVERLAP" />
<TLINK id="ET5760" fromID="E31" fromText="head ct" toID="E122" toText="stable" type="BEFORE" />
<TLINK id="ET5761" fromID="E31" fromText="head ct" toID="E124" toText="very mild right pronator drift" type="AFTER" />
<TLINK id="ET5763" fromID="E31" fromText="head ct" toID="E126" toText="dementia" type="AFTER" />
<TLINK id="ET5766" fromID="E31" fromText="head ct" toID="E123" toText="very suble focal exam findings" type="BEFORE" />
<TLINK id="ET5783" fromID="T3" fromText="2019-04-01" toID="E34" toText="bg" type="AFTER" />
<TLINK id="ET5791" fromID="E34" fromText="bg" toID="E141" toText="Intensive Care Unit" type="BEFORE" />
<TLINK id="ET5794" fromID="E34" fromText="bg" toID="E140" toText="improve outcome" type="OVERLAP" />
<TLINK id="ET5795" fromID="E34" fromText="bg" toID="E142" toText="dm" type="AFTER" />
<TLINK id="ET5807" fromID="T4" fromText="few years" toID="E44" toText="presents" type="OVERLAP" />
<TLINK id="ET5818" fromID="E44" fromText="presents" toID="T5" toText="the last week" type="OVERLAP" />
<TLINK id="ET5832" fromID="E44" fromText="presents" toID="E54" toText="gradual decline in gait" type="AFTER" />
<TLINK id="ET5834" fromID="E44" fromText="presents" toID="E55" toText="slowing of mentation" type="AFTER" />
<TLINK id="ET584" fromID="T3" fromText="2019-04-01" toID="E49" toText="the admission" type="AFTER" />
<TLINK id="ET5856" fromID="T0" fromText="2019-03-29" toID="E88" toText="bowel-bladder dysfunction" type="AFTER" />
<TLINK id="ET5864" fromID="E88" fromText="bowel-bladder dysfunction" toID="E89" toText="chest pain" type="OVERLAP" />
<TLINK id="ET5873" fromID="E88" fromText="bowel-bladder dysfunction" toID="E93" toText="hematuria" type="OVERLAP" />
<TLINK id="ET5876" fromID="E88" fromText="bowel-bladder dysfunction" toID="E94" toText="bright red blood per rectum" type="OVERLAP" />
<TLINK id="ET5878" fromID="E88" fromText="bowel-bladder dysfunction" toID="E91" toText="abdominal pain" type="OVERLAP" />
<TLINK id="ET5880" fromID="E88" fromText="bowel-bladder dysfunction" toID="E92" toText="dysuria" type="OVERLAP" />
<TLINK id="ET5901" fromID="T3" fromText="2019-04-01" toID="E99" toText="a new significant r-frontal intraparenchymal hemorrhage in the same location" type="AFTER" />
<TLINK id="ET5926" fromID="E99" fromText="a new significant r-frontal intraparenchymal hemorrhage in the same location" toID="E16" toText="the prior bleed" type="OVERLAP" />
<TLINK id="ET5929" fromID="E144" fromText="pending" toID="T16" toText="the day of discharge" type="OVERLAP" />
<TLINK id="ET5943" fromID="T17" fromText="03-04" toID="E144" toText="pending" type="OVERLAP" />
<TLINK id="ET5961" fromID="E56" fromText="a fall" toID="T6" toText="ten days ago" type="BEFORE" />
<TLINK id="ET5967" fromID="T0" fromText="2019-03-29" toID="E56" toText="a fall" type="AFTER" />
<TLINK id="ET60" fromID="T11" fromText="overnight" toID="E22" toText="bp" type="OVERLAP" />
<TLINK id="ET6137" fromID="E62" fromText="difficulties with memory" toID="T19" toText="months" type="AFTER" />
<TLINK id="ET6141" fromID="T0" fromText="2019-03-29" toID="E62" toText="difficulties with memory" type="AFTER" />
<TLINK id="ET6152" fromID="E62" fromText="difficulties with memory" toID="E63" toText="forgetting appointments" type="OVERLAP" />
<TLINK id="ET6184" fromID="T3" fromText="2019-04-01" toID="E38" toText="ins / outs" type="AFTER" />
<TLINK id="ET6191" fromID="E38" fromText="ins / outs" toID="E39" toText="electrolytes" type="OVERLAP" />
<TLINK id="ET6192" fromID="E38" fromText="ins / outs" toID="E49" toText="the admission" type="BEFORE" />
<TLINK id="ET6193" fromID="E38" fromText="ins / outs" toID="E42" toText="pud prophylaxis" type="OVERLAP" />
<TLINK id="ET6195" fromID="E38" fromText="ins / outs" toID="E40" toText="a bowel regimen" type="OVERLAP" />
<TLINK id="ET6196" fromID="E38" fromText="ins / outs" toID="E43" toText="protonix" type="OVERLAP" />
<TLINK id="ET6197" fromID="E38" fromText="ins / outs" toID="E145" toText="monitored" type="OVERLAP" />
<TLINK id="ET6198" fromID="E38" fromText="ins / outs" toID="E41" toText="vd boots" type="OVERLAP" />
<TLINK id="ET6203" fromID="E111" fromText="stable" toID="T12" toText="24 hours" type="BEFORE" />
<TLINK id="ET622" fromID="T3" fromText="2019-04-01" toID="E42" toText="pud prophylaxis" type="AFTER" />
<TLINK id="ET6220" fromID="E111" fromText="stable" toID="T11" toText="overnight" type="OVERLAP" />
<TLINK id="ET6223" fromID="E111" fromText="stable" toID="E22" toText="bp" type="OVERLAP" />
<TLINK id="ET6249" fromID="E111" fromText="stable" toID="E23" toText="initially elevated" type="OVERLAP" />
<TLINK id="ET6259" fromID="E111" fromText="stable" toID="E112" toText="stabilized" type="OVERLAP" />
<TLINK id="ET6278" fromID="E111" fromText="stable" toID="E24" toText="a labetalol drip" type="OVERLAP" />
<TLINK id="ET629" fromID="E42" fromText="pud prophylaxis" toID="E49" toText="the admission" type="OVERLAP" />
<TLINK id="ET6302" fromID="T13" fromText="bid" toID="E118" toText="seizure activity" type="OVERLAP" />
<TLINK id="ET631" fromID="E42" fromText="pud prophylaxis" toID="E43" toText="protonix" type="OVERLAP" />
<TLINK id="ET6311" fromID="T3" fromText="2019-04-01" toID="E118" toText="seizure activity" type="AFTER" />
<TLINK id="ET6343" fromID="T3" fromText="2019-04-01" toID="E103" toText="the two teams agreed" type="AFTER" />
<TLINK id="ET6367" fromID="E103" fromText="the two teams agreed" toID="E104" toText="underlying amyloidosis" type="OVERLAP" />
<TLINK id="ET6375" fromID="E1" fromText="multiple intracranial hemorrhages" toID="T4" toText="few years" type="OVERLAP" />
<TLINK id="ET6380" fromID="T0" fromText="2019-03-29" toID="E1" toText="multiple intracranial hemorrhages" type="AFTER" />
<TLINK id="ET6386" fromID="E1" fromText="multiple intracranial hemorrhages" toID="T5" toText="the last week" type="OVERLAP" />
<TLINK id="ET6396" fromID="E1" fromText="multiple intracranial hemorrhages" toID="E51" toText="pacemaker" type="OVERLAP" />
<TLINK id="ET6399" fromID="E1" fromText="multiple intracranial hemorrhages" toID="E53" toText="arrhythmia" type="OVERLAP" />
<TLINK id="ET6402" fromID="E1" fromText="multiple intracranial hemorrhages" toID="E54" toText="gradual decline in gait" type="OVERLAP" />
<TLINK id="ET6404" fromID="E1" fromText="multiple intracranial hemorrhages" toID="E55" toText="slowing of mentation" type="OVERLAP" />
<TLINK id="ET6407" fromID="E1" fromText="multiple intracranial hemorrhages" toID="E52" toText="hyperlipidemia" type="OVERLAP" />
<TLINK id="ET6409" fromID="E1" fromText="multiple intracranial hemorrhages" toID="E44" toText="presents" type="OVERLAP" />
<TLINK id="ET6424" fromID="E58" fromText="baseline" toID="T19" toText="months" type="AFTER" />
<TLINK id="ET6428" fromID="T0" fromText="2019-03-29" toID="E58" toText="baseline" type="AFTER" />
<TLINK id="ET6436" fromID="E58" fromText="baseline" toID="E61" toText="his mentation" type="OVERLAP" />
<TLINK id="ET6440" fromID="E58" fromText="baseline" toID="E63" toText="forgetting appointments" type="OVERLAP" />
<TLINK id="ET6446" fromID="E58" fromText="baseline" toID="E59" toText="his gait" type="OVERLAP" />
<TLINK id="ET6455" fromID="E58" fromText="baseline" toID="E62" toText="difficulties with memory" type="OVERLAP" />
<TLINK id="ET6460" fromID="E58" fromText="baseline" toID="E60" toText="unsteady" type="OVERLAP" />
<TLINK id="ET6464" fromID="E36" fromText="slightly elevated" toID="T16" toText="the day of discharge" type="BEFORE" />
<TLINK id="ET6478" fromID="T17" fromText="03-04" toID="E36" toText="slightly elevated" type="OVERLAP" />
<TLINK id="ET6483" fromID="E36" fromText="slightly elevated" toID="E143" toText="repeated" type="OVERLAP" />
<TLINK id="ET6486" fromID="E36" fromText="slightly elevated" toID="E37" toText="borderline dm" type="OVERLAP" />
<TLINK id="ET6489" fromID="E36" fromText="slightly elevated" toID="E144" toText="pending" type="OVERLAP" />
<TLINK id="ET649" fromID="T3" fromText="2019-04-01" toID="E27" toText="ua" type="AFTER" />
<TLINK id="ET6505" fromID="T3" fromText="2019-04-01" toID="E153" toText="seen by pt" type="AFTER" />
<TLINK id="ET6519" fromID="E153" fromText="seen by pt" toID="E155" toText="work on walking" type="BEFORE" />
<TLINK id="ET6534" fromID="T0" fromText="2019-03-29" toID="E69" toText="concerned" type="AFTER" />
<TLINK id="ET6550" fromID="E69" fromText="concerned" toID="E71" toText="another bleed" type="AFTER" />
<TLINK id="ET6555" fromID="E69" fromText="concerned" toID="E72" toText="the deanna" type="BEFORE" />
<TLINK id="ET6561" fromID="E69" fromText="concerned" toID="E70" toText="the fall" type="OVERLAP" />
<TLINK id="ET6576" fromID="T0" fromText="2019-03-29" toID="E70" toText="the fall" type="AFTER" />
<TLINK id="ET6639" fromID="E70" fromText="the fall" toID="E71" toText="another bleed" type="OVERLAP" />
<TLINK id="ET667" fromID="E27" fromText="ua" toID="E113" toText="normal" type="OVERLAP" />
<TLINK id="ET6681" fromID="E70" fromText="the fall" toID="E72" toText="the deanna" type="OVERLAP" />
<TLINK id="ET6731" fromID="E158" fromText="follow-up" toID="T18" toText="5-6 weeks" type="AFTER" />
<TLINK id="ET6733" fromID="T3" fromText="2019-04-01" toID="E158" toText="follow-up" type="BEFORE" />
<TLINK id="ET6740" fromID="E158" fromText="follow-up" toID="E162" toText="blood" type="OVERLAP" />
<TLINK id="ET6741" fromID="E158" fromText="follow-up" toID="E159" toText="neurosurgery" type="OVERLAP" />
<TLINK id="ET6742" fromID="E158" fromText="follow-up" toID="E161" toText="neurosurgery office" type="OVERLAP" />
<TLINK id="ET6743" fromID="E158" fromText="follow-up" toID="E163" toText="underlying lesion" type="OVERLAP" />
<TLINK id="ET6744" fromID="E158" fromText="follow-up" toID="E160" toText="repeat head ct" type="OVERLAP" />
<TLINK id="ET6758" fromID="T3" fromText="2019-04-01" toID="E150" toText="this gait problem" type="AFTER" />
<TLINK id="ET6781" fromID="T18" fromText="5-6 weeks" toID="E160" toText="repeat head ct" type="OVERLAP" />
<TLINK id="ET6783" fromID="T3" fromText="2019-04-01" toID="E160" toText="repeat head ct" type="BEFORE" />
<TLINK id="ET6790" fromID="E160" fromText="repeat head ct" toID="E162" toText="blood" type="AFTER" />
<TLINK id="ET6791" fromID="E160" fromText="repeat head ct" toID="E161" toText="neurosurgery office" type="OVERLAP" />
<TLINK id="ET6792" fromID="E160" fromText="repeat head ct" toID="E163" toText="underlying lesion" type="AFTER" />
<TLINK id="ET68" fromID="E22" fromText="bp" toID="E23" toText="initially elevated" type="AFTER" />
<TLINK id="ET6806" fromID="T3" fromText="2019-04-01" toID="E26" toText="coags" type="AFTER" />
<TLINK id="ET681" fromID="T3" fromText="2019-04-01" toID="E108" toText="the recent fall" type="AFTER" />
<TLINK id="ET6814" fromID="E26" fromText="coags" toID="E27" toText="ua" type="OVERLAP" />
<TLINK id="ET6825" fromID="E26" fromText="coags" toID="E113" toText="normal" type="OVERLAP" />
<TLINK id="ET6839" fromID="T3" fromText="2019-04-01" toID="E10" toText="not oriented to time" type="AFTER" />
<TLINK id="ET6853" fromID="E10" fromText="not oriented to time" toID="E12" toText="difficulties generating a list of animals" type="OVERLAP" />
<TLINK id="ET6860" fromID="E10" fromText="not oriented to time" toID="E11" toText="somewhat slow" type="OVERLAP" />
<TLINK id="ET6874" fromID="E60" fromText="unsteady" toID="T19" toText="months" type="AFTER" />
<TLINK id="ET6878" fromID="T0" fromText="2019-03-29" toID="E60" toText="unsteady" type="AFTER" />
<TLINK id="ET6886" fromID="E60" fromText="unsteady" toID="E61" toText="his mentation" type="OVERLAP" />
<TLINK id="ET6890" fromID="E60" fromText="unsteady" toID="E63" toText="forgetting appointments" type="OVERLAP" />
<TLINK id="ET69" fromID="E22" fromText="bp" toID="E112" toText="stabilized" type="OVERLAP" />
<TLINK id="ET6904" fromID="E60" fromText="unsteady" toID="E62" toText="difficulties with memory" type="OVERLAP" />
<TLINK id="ET6915" fromID="T15" fromText="24 hours" toID="E128" toText="the floor" type="OVERLAP" />
<TLINK id="ET6923" fromID="T3" fromText="2019-04-01" toID="E128" toText="the floor" type="AFTER" />
<TLINK id="ET6933" fromID="E128" fromText="the floor" toID="E129" toText="the hospital was full" type="OVERLAP" />
<TLINK id="ET6953" fromID="T3" fromText="2019-04-01" toID="E113" toText="normal" type="AFTER" />
<TLINK id="ET703" fromID="E108" fromText="the recent fall" toID="E19" toText="the bleed" type="OVERLAP" />
<TLINK id="ET7040" fromID="T3" fromText="2019-04-01" toID="E32" toText="enzyme" type="AFTER" />
<TLINK id="ET7070" fromID="T3" fromText="2019-04-01" toID="E104" toText="underlying amyloidosis" type="AFTER" />
<TLINK id="ET7095" fromID="E5" fromText="past intracranial hemorrhages" toID="T9" toText="07-01" type="OVERLAP" />
<TLINK id="ET7103" fromID="E5" fromText="past intracranial hemorrhages" toID="T10" toText="one week" type="AFTER" />
<TLINK id="ET7114" fromID="E5" fromText="past intracranial hemorrhages" toID="E8" toText="increased gait instability" type="OVERLAP" />
<TLINK id="ET7115" fromID="E5" fromText="past intracranial hemorrhages" toID="E7" toText="gradually slowing of mentation" type="OVERLAP" />
<TLINK id="ET7122" fromID="E5" fromText="past intracranial hemorrhages" toID="E96" toText="presented" type="BEFORE" />
<TLINK id="ET7127" fromID="E5" fromText="past intracranial hemorrhages" toID="E6" toText="r-frontal hemorrhage" type="OVERLAP" />
<TLINK id="ET7149" fromID="T3" fromText="2019-04-01" toID="E152" toText="felt well" type="AFTER" />
<TLINK id="ET7156" fromID="E152" fromText="felt well" toID="E157" toText="walking improved" type="BEFORE" />
<TLINK id="ET7158" fromID="E152" fromText="felt well" toID="E156" toText="returning to assisted living" type="BEFORE" />
<TLINK id="ET7159" fromID="E152" fromText="felt well" toID="E155" toText="work on walking" type="OVERLAP" />
<TLINK id="ET7160" fromID="E152" fromText="felt well" toID="E153" toText="seen by pt" type="OVERLAP" />
<TLINK id="ET7175" fromID="T3" fromText="2019-04-01" toID="E16" toText="the prior bleed" type="AFTER" />
<TLINK id="ET73" fromID="E22" fromText="bp" toID="E24" toText="a labetalol drip" type="OVERLAP" />
<TLINK id="ET783" fromID="T3" fromText="2019-04-01" toID="E97" toText="peripheral neuropathy" type="AFTER" />
<TLINK id="ET822" fromID="T3" fromText="2019-04-01" toID="E141" toText="Intensive Care Unit" type="AFTER" />
<TLINK id="ET832" fromID="E141" fromText="Intensive Care Unit" toID="E142" toText="dm" type="AFTER" />
<TLINK id="ET849" fromID="T0" fromText="2019-03-29" toID="E3" toText="even more unsteady" type="AFTER" />
<TLINK id="ET851" fromID="T7" fromText="week ago" toID="E3" toText="even more unsteady" type="OVERLAP" />
<TLINK id="ET868" fromID="E3" fromText="even more unsteady" toID="E66" toText="fall" type="OVERLAP" />
<TLINK id="ET891" fromID="T3" fromText="2019-04-01" toID="E136" toText="ruled out" type="AFTER" />
<TLINK id="ET907" fromID="E136" fromText="ruled out" toID="E32" toText="enzyme" type="OVERLAP" />
<TLINK id="ET91" fromID="T3" fromText="2019-04-01" toID="E125" toText="his persistently poor memory" type="AFTER" />
<TLINK id="ET921" fromID="T3" fromText="2019-04-01" toID="E130" toText="cardiovascularly" type="AFTER" />
<TLINK id="ET932" fromID="E130" fromText="cardiovascularly" toID="E131" toText="lipitor" type="OVERLAP" />
<TLINK id="ET935" fromID="E130" fromText="cardiovascularly" toID="E132" toText="amiodarone" type="OVERLAP" />
<TLINK id="ET944" fromID="T15" fromText="24 hours" toID="E127" toText="transfer" type="BEFORE" />
<TLINK id="ET952" fromID="T3" fromText="2019-04-01" toID="E127" toText="transfer" type="BEFORE" />
<TLINK id="ET97" fromID="T2" fromText="03-30" toID="E125" toText="his persistently poor memory" type="OVERLAP" />
<TLINK id="ET980" fromID="E127" fromText="transfer" toID="E129" toText="the hospital was full" type="OVERLAP" />
<TLINK id="T46" fromID="E50" fromText="discharge" toID="T3" toText="2019-04-01" type="OVERLAP" />
<TLINK id="T47" fromID="E0" fromText="admission" toID="T0" toText="2019-03-29" type="OVERLAP" />
<TLINK id="T48" fromID="E96" fromText="presented" toID="E44" toText="presents" type="OVERLAP" />
<TLINK id="T49" fromID="E96" fromText="presented" toID="T0" toText="2019-03-29" type="OVERLAP" />
<TLINK id="T50" fromID="E0" fromText="admission" toID="E110" toText="admission" type="OVERLAP" />
<TLINK id="T51" fromID="E0" fromText="admission" toID="T0" toText="2019-03-29" type="OVERLAP" />
<TLINK id="T52" fromID="E110" fromText="admission" toID="E0" toText="admission" type="OVERLAP" />
<TLINK id="T53" fromID="E110" fromText="admission" toID="T0" toText="2019-03-29" type="OVERLAP" />
<TLINK id="T54" fromID="E44" fromText="presents" toID="E96" toText="presented" type="OVERLAP" />
<TLINK id="T55" fromID="E44" fromText="presents" toID="T0" toText="2019-03-29" type="OVERLAP" />
</TAGS>
</ClinicalNarrativeTemporalAnnotation>
