<?xml version="1.0" encoding="UTF-8" ?>
<ClinicalNarrativeTemporalAnnotation>
<TEXT><![CDATA[
Admission Date :
07/03/1998
Discharge Date :
07/10/1998
HISTORY OF PRESENT ILLNESS :
This is a 50 year old man in his usual state of health until two weeks prior to admission when the patient developed epigastric pain after meals .
The next morning , the patient felt dizzy and went to his private medical doctor at Eifro Medical Center , and was found to have elevated bilirubins , alkaline phosphatase , and transaminases .
The patient reported fatigue and nausea , as well as noted coca cola colored urine .
The patient has been constipated with hard stool , but no bright red blood per rectum .
The patient also reported an 18 lb weight loss over the last 4-5 months .
HOSPITAL COURSE :
The patient was admitted preoperatively for surgery on 7/4/98 .
The patient &apos;s workup up until that time included a diagnosis of periampullary adenocarcinoma , which was proven by EGD directed biopsy , and a left renal mass , which was biopsied and found to be an oncocytoma .
On 7/4/98 , the patient underwent a Whipple procedure , which proceeded without complications .
Postoperatively , the patient did extremely well and was extubated the following morning .
The NG tube was D/C&apos;d on postoperative day #2 .
The patient was to be transferred to the floor on postoperative day #2 , however , due to the lack of beds , he remained in the ICU until postoperative day #3 .
On postoperative day #4 , the patient began tolerating clear liquids and his diet was advanced as tolerated by postoperative day #6 and 7 .
The patient was out of bed , doing fine , and tolerating a regular diet on 7/10/98 .
The patient is to be discharged to home with services and in stable condition .
]]></TEXT>
<TAGS>
<EVENT id="E0" start="1" end="10" text="Admission" modality="FACTUAL" polarity="POS" type="OCCURRENCE" />
<EVENT id="E17" start="1008" end="1027" text="a Whipple procedure" modality="FACTUAL" polarity="POS" type="TREATMENT" />
<EVENT id="E18" start="1054" end="1067" text="complications" modality="FACTUAL" polarity="NEG" type="PROBLEM" />
<EVENT id="E34" start="1104" end="1118" text="extremely well" modality="FACTUAL" polarity="POS" type="OCCURRENCE" />
<EVENT id="E21" start="1127" end="1136" text="extubated" modality="FACTUAL" polarity="POS" type="TREATMENT" />
<EVENT id="E25" start="115" end="140" text="his usual state of health" modality="FACTUAL" polarity="POS" type="OCCURRENCE" />
<EVENT id="E19" start="1161" end="1172" text="The NG tube" modality="FACTUAL" polarity="POS" type="TREATMENT" />
<EVENT id="E35" start="1236" end="1247" text="transferred" modality="FACTUAL" polarity="POS" type="OCCURRENCE" />
<EVENT id="E36" start="1251" end="1260" text="the floor" modality="FACTUAL" polarity="POS" type="CLINICAL_DEPT" />
<EVENT id="E22" start="1326" end="1334" text="remained" modality="FACTUAL" polarity="POS" type="OCCURRENCE" />
<EVENT id="E37" start="1338" end="1345" text="the ICU" modality="FACTUAL" polarity="POS" type="CLINICAL_DEPT" />
<EVENT id="E20" start="1430" end="1443" text="clear liquids" modality="FACTUAL" polarity="POS" type="TREATMENT" />
<EVENT id="E39" start="1461" end="1469" text="advanced" modality="FACTUAL" polarity="POS" type="OCCURRENCE" />
<EVENT id="E40" start="1473" end="1482" text="tolerated" modality="FACTUAL" polarity="POS" type="OCCURRENCE" />
<EVENT id="E41" start="1531" end="1541" text="out of bed" modality="FACTUAL" polarity="POS" type="OCCURRENCE" />
<EVENT id="E42" start="1544" end="1554" text="doing fine" modality="FACTUAL" polarity="POS" type="OCCURRENCE" />
<EVENT id="E43" start="1572" end="1586" text="a regular diet" modality="FACTUAL" polarity="POS" type="OCCURRENCE" />
<EVENT id="E23" start="1621" end="1631" text="discharged" modality="FACTUAL" polarity="POS" type="OCCURRENCE" />
<EVENT id="E44" start="1645" end="1653" text="services" modality="FACTUAL" polarity="POS" type="TREATMENT" />
<EVENT id="E26" start="166" end="175" text="admission" modality="FACTUAL" polarity="POS" type="OCCURRENCE" />
<EVENT id="E45" start="1661" end="1677" text="stable condition" modality="FACTUAL" polarity="POS" type="OCCURRENCE" />
<EVENT id="E1" start="203" end="218" text="epigastric pain" modality="FACTUAL" polarity="POS" type="PROBLEM" />
<EVENT id="E2" start="269" end="274" text="dizzy" modality="FACTUAL" polarity="POS" type="PROBLEM" />
<EVENT id="E24" start="29" end="38" text="Discharge" modality="FACTUAL" polarity="POS" type="OCCURRENCE" />
<EVENT id="E27" start="317" end="337" text="Eifro Medical Center" modality="FACTUAL" polarity="POS" type="CLINICAL_DEPT" />
<EVENT id="E3" start="362" end="424" text="elevated bilirubins , alkaline phosphatase , and transaminases" modality="FACTUAL" polarity="POS" type="PROBLEM" />
<EVENT id="E28" start="439" end="447" text="reported" modality="FACTUAL" polarity="POS" type="EVIDENTIAL" />
<EVENT id="E4" start="448" end="455" text="fatigue" modality="FACTUAL" polarity="POS" type="PROBLEM" />
<EVENT id="E5" start="460" end="466" text="nausea" modality="FACTUAL" polarity="POS" type="PROBLEM" />
<EVENT id="E6" start="486" end="509" text="coca cola colored urine" modality="FACTUAL" polarity="POS" type="PROBLEM" />
<EVENT id="E7" start="533" end="544" text="constipated" modality="FACTUAL" polarity="POS" type="PROBLEM" />
<EVENT id="E8" start="550" end="560" text="hard stool" modality="FACTUAL" polarity="POS" type="PROBLEM" />
<EVENT id="E9" start="570" end="597" text="bright red blood per rectum" modality="FACTUAL" polarity="NEG" type="PROBLEM" />
<EVENT id="E38" start="617" end="625" text="reported" modality="FACTUAL" polarity="POS" type="EVIDENTIAL" />
<EVENT id="E10" start="626" end="646" text="an 18 lb weight loss" modality="FACTUAL" polarity="POS" type="PROBLEM" />
<EVENT id="E30" start="708" end="716" text="admitted" modality="FACTUAL" polarity="POS" type="OCCURRENCE" />
<EVENT id="E11" start="736" end="743" text="surgery" modality="FACTUAL" polarity="POS" type="TREATMENT" />
<EVENT id="E12" start="756" end="785" text="The patient &apos;s workup up" modality="FACTUAL" polarity="POS" type="TEST" />
<EVENT id="E31" start="813" end="822" text="diagnosis" modality="FACTUAL" polarity="POS" type="EVIDENTIAL" />
<EVENT id="E13" start="826" end="854" text="periampullary adenocarcinoma" modality="FACTUAL" polarity="POS" type="PROBLEM" />
<EVENT id="E32" start="867" end="873" text="proven" modality="FACTUAL" polarity="POS" type="EVIDENTIAL" />
<EVENT id="E14" start="877" end="896" text="EGD directed biopsy" modality="FACTUAL" polarity="POS" type="TEST" />
<EVENT id="E15" start="903" end="920" text="a left renal mass" modality="FACTUAL" polarity="POS" type="PROBLEM" />
<EVENT id="E33" start="933" end="941" text="biopsied" modality="FACTUAL" polarity="POS" type="TEST" />
<EVENT id="E16" start="958" end="971" text="an oncocytoma" modality="FACTUAL" polarity="POS" type="PROBLEM" />
<TIMEX3 id="T8" start="1137" end="1158" text="the following morning" type="DATE" val="1998-07-05" mod="START" />
<TIMEX3 id="T9" start="1191" end="1211" text="postoperative day #2" type="DATE" val="1998-07-06" mod="NA" />
<TIMEX3 id="T10" start="1264" end="1284" text="postoperative day #2" type="DATE" val="1998-07-06" mod="NA" />
<TIMEX3 id="T11" start="1352" end="1372" text="postoperative day #3" type="DATE" val="1998-07-07" mod="NA" />
<TIMEX3 id="T12" start="1378" end="1398" text="postoperative day #4" type="DATE" val="1998-07-08" mod="NA" />
<TIMEX3 id="T0" start="147" end="156" text="two weeks" type="DATE" val="1998-06-19" mod="NA" />
<TIMEX3 id="T13" start="1486" end="1506" text="postoperative day #6" type="DATE" val="1998-07-10" mod="NA" />
<TIMEX3 id="T14" start="1511" end="1512" text="7" type="DATE" val="1998-07-11" mod="NA" />
<TIMEX3 id="T15" start="1590" end="1597" text="7/10/98" type="DATE" val="1998-07-10" mod="NA" />
<TIMEX3 id="T1" start="18" end="28" text="07/03/1998" type="DATE" val="1998-07-03" mod="NA" />
<TIMEX3 id="T3" start="233" end="249" text="The next morning" type="DATE" val="1998-06-20" mod="START" />
<TIMEX3 id="T2" start="46" end="56" text="07/10/1998" type="DATE" val="1998-07-10" mod="NA" />
<TIMEX3 id="T4" start="661" end="671" text="4-5 months" type="DURATION" val="P4.5M" mod="APPROX" />
<TIMEX3 id="T5" start="747" end="753" text="7/4/98" type="DATE" val="1998-07-04" mod="NA" />
<TIMEX3 id="T6" start="792" end="801" text="that time" type="DATE" val="1998-07-04" mod="NA" />
<TIMEX3 id="T7" start="977" end="983" text="7/4/98" type="DATE" val="1998-07-04" mod="NA" />
<SECTIME id="S0" start="18" end="28" text="07/03/1998" type="ADMISSION" dvalue="1998-07-03" />
<SECTIME id="S1" start="46" end="56" text="07/10/1998" type="DISCHARGE" dvalue="1998-07-10" />
<TLINK id="ET100" fromID="E21" fromText="extubated" toID="T8" toText="the following morning" type="OVERLAP" />
<TLINK id="ET1004" fromID="T1" fromText="07/03/1998" toID="E25" toText="his usual state of health" type="AFTER" />
<TLINK id="ET1009" fromID="E25" fromText="his usual state of health" toID="T0" toText="two weeks" type="BEFORE" />
<TLINK id="ET1048" fromID="E25" fromText="his usual state of health" toID="E1" toText="epigastric pain" type="OVERLAP" />
<TLINK id="ET1062" fromID="T1" fromText="07/03/1998" toID="E26" toText="admission" type="OVERLAP" />
<TLINK id="ET1067" fromID="T0" fromText="two weeks" toID="E26" toText="admission" type="BEFORE" />
<TLINK id="ET1106" fromID="E26" fromText="admission" toID="E1" toText="epigastric pain" type="AFTER" />
<TLINK id="ET1119" fromID="T1" fromText="07/03/1998" toID="E10" toText="an 18 lb weight loss" type="AFTER" />
<TLINK id="ET112" fromID="T2" fromText="07/10/1998" toID="E21" toText="extubated" type="AFTER" />
<TLINK id="ET1128" fromID="E10" fromText="an 18 lb weight loss" toID="T4" toText="4-5 months" type="OVERLAP" />
<TLINK id="ET1153" fromID="T6" fromText="that time" toID="E32" toText="proven" type="OVERLAP" />
<TLINK id="ET1160" fromID="T2" fromText="07/10/1998" toID="E32" toText="proven" type="AFTER" />
<TLINK id="ET1161" fromID="E32" fromText="proven" toID="E15" toText="a left renal mass" type="AFTER" />
<TLINK id="ET1165" fromID="E32" fromText="proven" toID="E33" toText="biopsied" type="OVERLAP" />
<TLINK id="ET1169" fromID="E32" fromText="proven" toID="E14" toText="egd directed biopsy" type="OVERLAP" />
<TLINK id="ET1171" fromID="E32" fromText="proven" toID="E16" toText="an oncocytoma" type="AFTER" />
<TLINK id="ET1173" fromID="T1" fromText="07/03/1998" toID="E5" toText="nausea" type="AFTER" />
<TLINK id="ET1194" fromID="E5" fromText="nausea" toID="E6" toText="coca cola colored urine" type="OVERLAP" />
<TLINK id="ET1202" fromID="E19" fromText="the ng tube" toID="T9" toText="postoperative day #2" type="BEFORE" />
<TLINK id="ET1215" fromID="T2" fromText="07/10/1998" toID="E19" toText="the ng tube" type="AFTER" />
<TLINK id="ET1223" fromID="T12" fromText="postoperative day #4" toID="E40" toText="tolerated" type="OVERLAP" />
<TLINK id="ET1226" fromID="E40" fromText="tolerated" toID="T13" toText="postoperative day #6" type="OVERLAP" />
<TLINK id="ET1233" fromID="E40" fromText="tolerated" toID="T14" toText="7" type="BEFORE" />
<TLINK id="ET1252" fromID="T6" fromText="that time" toID="E16" toText="an oncocytoma" type="OVERLAP" />
<TLINK id="ET1259" fromID="T2" fromText="07/10/1998" toID="E16" toText="an oncocytoma" type="AFTER" />
<TLINK id="ET127" fromID="T1" fromText="07/03/1998" toID="E8" toText="hard stool" type="AFTER" />
<TLINK id="ET1281" fromID="E35" fromText="transferred" toID="T11" toText="postoperative day #3" type="OVERLAP" />
<TLINK id="ET1283" fromID="E35" fromText="transferred" toID="T10" toText="postoperative day #2" type="OVERLAP" />
<TLINK id="ET1286" fromID="E35" fromText="transferred" toID="E22" toText="remained" type="OVERLAP" />
<TLINK id="ET1291" fromID="E35" fromText="transferred" toID="E37" toText="Intensive Care Unit" type="BEFORE" />
<TLINK id="ET1294" fromID="E35" fromText="transferred" toID="E36" toText="the floor" type="BEFORE" />
<TLINK id="ET146" fromID="E8" fromText="hard stool" toID="E9" toText="bright red blood per rectum" type="OVERLAP" />
<TLINK id="ET16" fromID="T2" fromText="07/10/1998" toID="E15" toText="a left renal mass" type="AFTER" />
<TLINK id="ET167" fromID="E30" fromText="admission" toID="T5" toText="7/4/98" type="OVERLAP" />
<TLINK id="ET169" fromID="T2" fromText="07/10/1998" toID="E30" toText="admission" type="AFTER" />
<TLINK id="ET177" fromID="E30" fromText="admission" toID="E11" toText="surgery" type="BEFORE" />
<TLINK id="ET198" fromID="E24" fromText="discharge" toID="T12" toText="postoperative day #4" type="AFTER" />
<TLINK id="ET20" fromID="E15" fromText="a left renal mass" toID="E33" toText="biopsied" type="OVERLAP" />
<TLINK id="ET200" fromID="E24" fromText="discharge" toID="T8" toText="the following morning" type="AFTER" />
<TLINK id="ET201" fromID="E24" fromText="discharge" toID="T13" toText="postoperative day #6" type="AFTER" />
<TLINK id="ET204" fromID="E24" fromText="discharge" toID="T15" toText="7/10/98" type="AFTER" />
<TLINK id="ET205" fromID="E24" fromText="discharge" toID="T6" toText="that time" type="AFTER" />
<TLINK id="ET207" fromID="E24" fromText="discharge" toID="T7" toText="7/4/98" type="AFTER" />
<TLINK id="ET208" fromID="E24" fromText="discharge" toID="T14" toText="7" type="AFTER" />
<TLINK id="ET209" fromID="E24" fromText="discharge" toID="T11" toText="postoperative day #3" type="AFTER" />
<TLINK id="ET210" fromID="E24" fromText="discharge" toID="T5" toText="7/4/98" type="AFTER" />
<TLINK id="ET211" fromID="E24" fromText="discharge" toID="T10" toText="postoperative day #2" type="AFTER" />
<TLINK id="ET212" fromID="E24" fromText="discharge" toID="T2" toText="07/10/1998" type="OVERLAP" />
<TLINK id="ET25" fromID="E15" fromText="a left renal mass" toID="E16" toText="an oncocytoma" type="OVERLAP" />
<TLINK id="ET256" fromID="T1" fromText="07/03/1998" toID="E9" toText="bright red blood per rectum" type="AFTER" />
<TLINK id="ET293" fromID="T7" fromText="7/4/98" toID="E17" toText="a whipple procedure" type="OVERLAP" />
<TLINK id="ET298" fromID="T2" fromText="07/10/1998" toID="E17" toText="a whipple procedure" type="AFTER" />
<TLINK id="ET301" fromID="E17" fromText="a whipple procedure" toID="E18" toText="complications" type="OVERLAP" />
<TLINK id="ET309" fromID="T12" fromText="postoperative day #4" toID="E39" toText="advanced" type="OVERLAP" />
<TLINK id="ET312" fromID="E39" fromText="advanced" toID="T13" toText="postoperative day #6" type="OVERLAP" />
<TLINK id="ET319" fromID="E39" fromText="advanced" toID="T14" toText="7" type="OVERLAP" />
<TLINK id="ET327" fromID="E39" fromText="advanced" toID="E40" toText="tolerated" type="OVERLAP" />
<TLINK id="ET34" fromID="E43" fromText="a regular diet" toID="T15" toText="7/10/98" type="OVERLAP" />
<TLINK id="ET341" fromID="E11" fromText="surgery" toID="T5" toText="7/4/98" type="OVERLAP" />
<TLINK id="ET343" fromID="T2" fromText="07/10/1998" toID="E11" toText="surgery" type="AFTER" />
<TLINK id="ET370" fromID="T1" fromText="07/03/1998" toID="E4" toText="fatigue" type="AFTER" />
<TLINK id="ET391" fromID="E4" fromText="fatigue" toID="E6" toText="coca cola colored urine" type="OVERLAP" />
<TLINK id="ET395" fromID="E4" fromText="fatigue" toID="E5" toText="nausea" type="OVERLAP" />
<TLINK id="ET408" fromID="T7" fromText="7/4/98" toID="E18" toText="complications" type="OVERLAP" />
<TLINK id="ET413" fromID="T2" fromText="07/10/1998" toID="E18" toText="complications" type="AFTER" />
<TLINK id="ET42" fromID="T2" fromText="07/10/1998" toID="E43" toText="a regular diet" type="AFTER" />
<TLINK id="ET422" fromID="T1" fromText="07/03/1998" toID="E7" toText="constipated" type="AFTER" />
<TLINK id="ET440" fromID="E7" fromText="constipated" toID="E8" toText="hard stool" type="OVERLAP" />
<TLINK id="ET442" fromID="E7" fromText="constipated" toID="E9" toText="bright red blood per rectum" type="OVERLAP" />
<TLINK id="ET458" fromID="T6" fromText="that time" toID="E31" toText="diagnosis" type="OVERLAP" />
<TLINK id="ET465" fromID="T2" fromText="07/10/1998" toID="E31" toText="diagnosis" type="AFTER" />
<TLINK id="ET466" fromID="E31" fromText="diagnosis" toID="E15" toText="a left renal mass" type="AFTER" />
<TLINK id="ET468" fromID="E31" fromText="diagnosis" toID="E13" toText="periampullary adenocarcinoma" type="AFTER" />
<TLINK id="ET471" fromID="E31" fromText="diagnosis" toID="E33" toText="biopsied" type="OVERLAP" />
<TLINK id="ET475" fromID="E31" fromText="diagnosis" toID="E14" toText="egd directed biopsy" type="OVERLAP" />
<TLINK id="ET476" fromID="E31" fromText="diagnosis" toID="E32" toText="proven" type="OVERLAP" />
<TLINK id="ET478" fromID="E31" fromText="diagnosis" toID="E16" toText="an oncocytoma" type="AFTER" />
<TLINK id="ET483" fromID="E34" fromText="extremely well" toID="T8" toText="the following morning" type="BEFORE" />
<TLINK id="ET495" fromID="T2" fromText="07/10/1998" toID="E34" toText="extremely well" type="AFTER" />
<TLINK id="ET498" fromID="E34" fromText="extremely well" toID="E21" toText="extubated" type="OVERLAP" />
<TLINK id="ET519" fromID="T6" fromText="that time" toID="E33" toText="biopsied" type="OVERLAP" />
<TLINK id="ET526" fromID="T2" fromText="07/10/1998" toID="E33" toText="biopsied" type="AFTER" />
<TLINK id="ET534" fromID="E33" fromText="biopsied" toID="E16" toText="an oncocytoma" type="OVERLAP" />
<TLINK id="ET536" fromID="T1" fromText="07/03/1998" toID="E6" toText="coca cola colored urine" type="AFTER" />
<TLINK id="ET578" fromID="T2" fromText="07/10/1998" toID="E44" toText="services" type="AFTER" />
<TLINK id="ET579" fromID="E44" fromText="services" toID="E45" toText="stable condition" type="OVERLAP" />
<TLINK id="ET58" fromID="E22" fromText="remained" toID="T11" toText="postoperative day #3" type="OVERLAP" />
<TLINK id="ET580" fromID="T1" fromText="07/03/1998" toID="E28" toText="reported" type="AFTER" />
<TLINK id="ET60" fromID="T10" fromText="postoperative day #2" toID="E22" toText="remained" type="OVERLAP" />
<TLINK id="ET600" fromID="E28" fromText="reported" toID="E4" toText="fatigue" type="AFTER" />
<TLINK id="ET602" fromID="E28" fromText="reported" toID="E6" toText="coca cola colored urine" type="AFTER" />
<TLINK id="ET606" fromID="E28" fromText="reported" toID="E5" toText="nausea" type="AFTER" />
<TLINK id="ET624" fromID="T2" fromText="07/10/1998" toID="E45" toText="stable condition" type="AFTER" />
<TLINK id="ET625" fromID="T1" fromText="07/03/1998" toID="E2" toText="dizzy" type="AFTER" />
<TLINK id="ET631" fromID="T3" fromText="the next morning" toID="E2" toText="dizzy" type="OVERLAP" />
<TLINK id="ET649" fromID="E2" fromText="dizzy" toID="E27" toText="eifro medical center" type="BEFORE" />
<TLINK id="ET65" fromID="E22" fromText="remained" toID="E37" toText="Intensive Care Unit" type="OVERLAP" />
<TLINK id="ET650" fromID="E2" fromText="dizzy" toID="E3" toText="elevated bilirubins , alkaline phosphatase , and transaminases" type="OVERLAP" />
<TLINK id="ET668" fromID="T2" fromText="07/10/1998" toID="E23" toText="discharged" type="OVERLAP" />
<TLINK id="ET669" fromID="E23" fromText="discharged" toID="E44" toText="services" type="BEFORE" />
<TLINK id="ET670" fromID="E23" fromText="discharged" toID="E45" toText="stable condition" type="OVERLAP" />
<TLINK id="ET683" fromID="E37" fromText="Intensive Care Unit" toID="T11" toText="postoperative day #3" type="OVERLAP" />
<TLINK id="ET685" fromID="T10" fromText="postoperative day #2" toID="E37" toText="Intensive Care Unit" type="OVERLAP" />
<TLINK id="ET693" fromID="T12" fromText="postoperative day #4" toID="E20" toText="clear liquids" type="OVERLAP" />
<TLINK id="ET696" fromID="E20" fromText="clear liquids" toID="T13" toText="postoperative day #6" type="BEFORE" />
<TLINK id="ET703" fromID="E20" fromText="clear liquids" toID="T14" toText="7" type="BEFORE" />
<TLINK id="ET709" fromID="E20" fromText="clear liquids" toID="E39" toText="advanced" type="OVERLAP" />
<TLINK id="ET715" fromID="E20" fromText="clear liquids" toID="E40" toText="tolerated" type="OVERLAP" />
<TLINK id="ET716" fromID="T1" fromText="07/03/1998" toID="E38" toText="reported" type="AFTER" />
<TLINK id="ET725" fromID="E38" fromText="reported" toID="T4" toText="4-5 months" type="OVERLAP" />
<TLINK id="ET740" fromID="E38" fromText="reported" toID="E10" toText="an 18 lb weight loss" type="AFTER" />
<TLINK id="ET743" fromID="E0" fromText="admission" toID="T1" toText="07/03/1998" type="OVERLAP" />
<TLINK id="ET748" fromID="E0" fromText="admission" toID="T0" toText="two weeks" type="AFTER" />
<TLINK id="ET749" fromID="E0" fromText="admission" toID="T3" toText="the next morning" type="AFTER" />
<TLINK id="ET752" fromID="E0" fromText="admission" toID="T4" toText="4-5 months" type="AFTER" />
<TLINK id="ET76" fromID="T6" fromText="that time" toID="E13" toText="periampullary adenocarcinoma" type="OVERLAP" />
<TLINK id="ET811" fromID="E12" fromText="the patient &apos;s workup up" toID="T6" toText="that time" type="OVERLAP" />
<TLINK id="ET818" fromID="T2" fromText="07/10/1998" toID="E12" toText="the patient &apos;s workup up" type="AFTER" />
<TLINK id="ET819" fromID="E12" fromText="the patient &apos;s workup up" toID="E15" toText="a left renal mass" type="AFTER" />
<TLINK id="ET821" fromID="E12" fromText="the patient &apos;s workup up" toID="E13" toText="periampullary adenocarcinoma" type="AFTER" />
<TLINK id="ET823" fromID="E12" fromText="the patient &apos;s workup up" toID="E31" toText="diagnosis" type="OVERLAP" />
<TLINK id="ET825" fromID="E12" fromText="the patient &apos;s workup up" toID="E33" toText="biopsied" type="BEFORE" />
<TLINK id="ET829" fromID="E12" fromText="the patient &apos;s workup up" toID="E14" toText="egd directed biopsy" type="BEFORE" />
<TLINK id="ET83" fromID="T2" fromText="07/10/1998" toID="E13" toText="periampullary adenocarcinoma" type="AFTER" />
<TLINK id="ET830" fromID="E12" fromText="the patient &apos;s workup up" toID="E32" toText="proven" type="OVERLAP" />
<TLINK id="ET832" fromID="E12" fromText="the patient &apos;s workup up" toID="E16" toText="an oncocytoma" type="AFTER" />
<TLINK id="ET84" fromID="E13" fromText="periampullary adenocarcinoma" toID="E15" toText="a left renal mass" type="OVERLAP" />
<TLINK id="ET842" fromID="T6" fromText="that time" toID="E14" toText="egd directed biopsy" type="OVERLAP" />
<TLINK id="ET849" fromID="T2" fromText="07/10/1998" toID="E14" toText="egd directed biopsy" type="AFTER" />
<TLINK id="ET850" fromID="E14" fromText="egd directed biopsy" toID="E15" toText="a left renal mass" type="OVERLAP" />
<TLINK id="ET854" fromID="E14" fromText="egd directed biopsy" toID="E33" toText="biopsied" type="OVERLAP" />
<TLINK id="ET859" fromID="E14" fromText="egd directed biopsy" toID="E16" toText="an oncocytoma" type="AFTER" />
<TLINK id="ET861" fromID="T1" fromText="07/03/1998" toID="E1" toText="epigastric pain" type="AFTER" />
<TLINK id="ET866" fromID="T0" fromText="two weeks" toID="E1" toText="epigastric pain" type="OVERLAP" />
<TLINK id="ET88" fromID="E13" fromText="periampullary adenocarcinoma" toID="E33" toText="biopsied" type="OVERLAP" />
<TLINK id="ET895" fromID="E42" fromText="doing fine" toID="T15" toText="7/10/98" type="OVERLAP" />
<TLINK id="ET9" fromID="T6" fromText="that time" toID="E15" toText="a left renal mass" type="OVERLAP" />
<TLINK id="ET903" fromID="T2" fromText="07/10/1998" toID="E42" toText="doing fine" type="AFTER" />
<TLINK id="ET904" fromID="E42" fromText="doing fine" toID="E43" toText="a regular diet" type="OVERLAP" />
<TLINK id="ET907" fromID="T1" fromText="07/03/1998" toID="E27" toText="eifro medical center" type="AFTER" />
<TLINK id="ET913" fromID="T3" fromText="the next morning" toID="E27" toText="eifro medical center" type="OVERLAP" />
<TLINK id="ET92" fromID="E13" fromText="periampullary adenocarcinoma" toID="E14" toText="egd directed biopsy" type="OVERLAP" />
<TLINK id="ET93" fromID="E13" fromText="periampullary adenocarcinoma" toID="E32" toText="proven" type="OVERLAP" />
<TLINK id="ET931" fromID="E27" fromText="eifro medical center" toID="E3" toText="elevated bilirubins , alkaline phosphatase , and transaminases" type="AFTER" />
<TLINK id="ET946" fromID="E36" fromText="the floor" toID="T11" toText="postoperative day #3" type="BEFORE" />
<TLINK id="ET948" fromID="E36" fromText="the floor" toID="T10" toText="postoperative day #2" type="OVERLAP" />
<TLINK id="ET95" fromID="E13" fromText="periampullary adenocarcinoma" toID="E16" toText="an oncocytoma" type="OVERLAP" />
<TLINK id="ET951" fromID="E36" fromText="the floor" toID="E22" toText="remained" type="BEFORE" />
<TLINK id="ET954" fromID="E36" fromText="the floor" toID="E37" toText="Intensive Care Unit" type="OVERLAP" />
<TLINK id="ET964" fromID="E41" fromText="out of bed" toID="T15" toText="7/10/98" type="OVERLAP" />
<TLINK id="ET972" fromID="T2" fromText="07/10/1998" toID="E41" toText="out of bed" type="AFTER" />
<TLINK id="ET973" fromID="E41" fromText="out of bed" toID="E43" toText="a regular diet" type="OVERLAP" />
<TLINK id="ET976" fromID="E41" fromText="out of bed" toID="E42" toText="doing fine" type="OVERLAP" />
<TLINK id="ET977" fromID="T1" fromText="07/03/1998" toID="E3" toText="elevated bilirubins , alkaline phosphatase , and transaminases" type="AFTER" />
<TLINK id="ET983" fromID="T3" fromText="the next morning" toID="E3" toText="elevated bilirubins , alkaline phosphatase , and transaminases" type="OVERLAP" />
<TLINK id="T106" fromID="E24" fromText="discharge" toID="T2" toText="07/10/1998" type="OVERLAP" />
<TLINK id="T107" fromID="E0" fromText="admission" toID="T1" toText="07/03/1998" type="OVERLAP" />
<TLINK id="T108" fromID="E30" fromText="admission" toID="E0" toText="admission" type="OVERLAP" />
<TLINK id="T109" fromID="E30" fromText="admission" toID="T1" toText="07/03/1998" type="OVERLAP" />
<TLINK id="T110" fromID="E30" fromText="admission" toID="E26" toText="admission" type="OVERLAP" />
<TLINK id="T111" fromID="E30" fromText="admission" toID="T1" toText="07/03/1998" type="OVERLAP" />
<TLINK id="T112" fromID="E24" fromText="discharge" toID="E23" toText="discharged" type="OVERLAP" />
<TLINK id="T113" fromID="E24" fromText="discharge" toID="T2" toText="07/03/1998" type="OVERLAP" />
<TLINK id="T114" fromID="E23" fromText="discharged" toID="E24" toText="discharge" type="OVERLAP" />
<TLINK id="T115" fromID="E23" fromText="discharged" toID="T2" toText="07/03/1998" type="OVERLAP" />
<TLINK id="T116" fromID="E0" fromText="admission" toID="E30" toText="admission" type="OVERLAP" />
<TLINK id="T117" fromID="E0" fromText="admission" toID="T1" toText="07/03/1998" type="OVERLAP" />
<TLINK id="T118" fromID="E0" fromText="admission" toID="E26" toText="admission" type="OVERLAP" />
<TLINK id="T119" fromID="E0" fromText="admission" toID="T1" toText="07/03/1998" type="OVERLAP" />
<TLINK id="T120" fromID="E26" fromText="admission" toID="E30" toText="admission" type="OVERLAP" />
<TLINK id="T121" fromID="E26" fromText="admission" toID="T1" toText="07/03/1998" type="OVERLAP" />
<TLINK id="T122" fromID="E26" fromText="admission" toID="E0" toText="admission" type="OVERLAP" />
<TLINK id="T123" fromID="E26" fromText="admission" toID="T1" toText="07/03/1998" type="OVERLAP" />
</TAGS>
</ClinicalNarrativeTemporalAnnotation>
