<?xml version="1.0" encoding="UTF-8" ?>
<ClinicalNarrativeTemporalAnnotation>
<TEXT><![CDATA[
Admission Date :
09/07/1992
Discharge Date :
09/12/1992
HISTORY OF PRESENT ILLNESS :
The patient is a 31 year old gravida 0 with stage IV endometrial cancer and stage III-C ovarian cancer vs metastatic endometrial cancer for line 2 , cycle 1 chemotherapy .
The patient presented in 10-90 , with heavy bleeding per vagina .
D and C showed grade II-III adenocarcinoma with squamous differentiation at Wellla Uxinny : mount Medical Center in Com St. , Tton , Arkansas 32167 .
The patient underwent TAH / BSO , partial omentectomy at CTMC in 10-90 .
At that time , tumor was found to be studding on the right diaphragm , gross tumor in the omentum and large bowel , tumor through the uterine serosa .
Pathology showed grade II-III papillary adenocarcinoma of the endometrium with squamous differentiation which was focally invasive and superficial myometrium .
The ovary showed papillary serous adeno with omental involvement consistent with an endometroid adenocarcinoma .
The question was whether or not whether she had two primaries vs metastatic endometrial cancer .
The patient underwent 6 cycles of CAP in Pemrancetul Tonsst ._
However _, during the fourth cycle _, Cytoxan was dropped .
Her CA-125 on 6-27-91 , was 249 and on 8-29-91 , was 734 .
In 05-92 , the patient was admitted to Wellla Uxinny : mount Medical Center with left leg DVT and started on Heparin therapy .
She was discharged from there on Coumadin therapy .
On admission , the patient has no complaints except anxiety .
HOSPITAL COURSE :
The patient underwent chemotherapy on the following doses :
IFEX 1.2 grams per meter squared x 3 days , MESNA 1.2 grams per meter squared x 3 days continuous IV infusion .
She had VP-16 mixed with 250 cc IV fluid given over 1 hour each day for 3 days .
She also had MESNA dose of .6 grams per meter squared after her IFEX / MESNA were completed .
The patient 's urinalysis on admission was significant for red blood cells which were TNTC as well as uric acid .
Because it was felt the patient was bleeding and the patient was contaminated , she received her IFEX / MESNA .
A repeat straight cath was negative for RBC 's .
After 1 day of chemotherapy , the patient had 8-10 RBC 's in her urine but by the second day of her IFEX infusion , she had 50-80 RBC 's in her urine as well as a few transitional epithelial cells .
Because of this finding , her IFEX was stopped before completion of her second day of infusion .
Her MESNA alone was continued at that time for IV infusion .
She did receive her VP-16 without complication .
Other significant issues were the patient 's hematocrit on admission at 31.1 which dwindled down to 26.2 by 9-10 ._
The patient was counselled and received 2 units of packed RBC 's at that time  .
However , the patient 's hematocrit bumped only to 28.1 and a repeat later on 9-11 , showed hematocrit of 27.6 .
At this time , an additional 2 units of packed RBC 's were transfused .
The third issue was that her anticoagulation was grossly out of control on admission with PT of 25.6 and PTT of 42.2 .
Her repeat on 9-8 , was 36.0 / 68.2 and her Coumadin was held .
She received no Coumadin during her admission and by the time of discharge , her PT was down to 16.2 .
She was restarted on Coumadin 2.5 mg per day .
The patient 's hematocrit on the day of discharge was 35.6 showing significant bump in her count after her second two units of packed RBC 's .
Her PT on the day of discharge was 13.2 and she was started on Coumadin 2.5 mg po q d as mentioned .
The patient was discharged on 9-12-92 , with the approval of her attending physiciana , Dr. Porriede Friednantflirt .
FOLLOW UP CARE :
On 9-28-92 , the patient will return for chemotherapy and she will follow up with her primary doctor , Dr. Jescspald , for repeat PT and Coumadin dosing on Monday , 9-14-02 .
]]></TEXT>
<TAGS>
<EVENT id="E0" start="1" end="10" text="Admission" modality="FACTUAL" polarity="POS" type="OCCURRENCE" />
<EVENT id="E93" start="1019" end="1032" text="two primaries" modality="POSSIBLE" polarity="POS" type="PROBLEM" />
<EVENT id="E94" start="1036" end="1065" text="metastatic endometrial cancer" modality="POSSIBLE" polarity="POS" type="PROBLEM" />
<EVENT id="E7" start="1102" end="1105" text="CAP" modality="FACTUAL" polarity="POS" type="TREATMENT" />
<EVENT id="E95" start="1109" end="1127" text="Pemrancetul Tonsst" modality="FACTUAL" polarity="POS" type="CLINICAL_DEPT" />
<EVENT id="E8" start="1149" end="1165" text="the fourth cycle" modality="FACTUAL" polarity="POS" type="TREATMENT" />
<EVENT id="E71" start="115" end="124" text="gravida 0" modality="FACTUAL" polarity="POS" type="OCCURRENCE" />
<EVENT id="E9" start="1169" end="1176" text="Cytoxan" modality="FACTUAL" polarity="POS" type="TREATMENT" />
<EVENT id="E10" start="1191" end="1201" text="Her CA-125" modality="FACTUAL" polarity="POS" type="TEST" />
<EVENT id="E59" start="1277" end="1285" text="admitted" modality="FACTUAL" polarity="POS" type="OCCURRENCE" />
<EVENT id="E60" start="1289" end="1325" text="Wellla Uxinny : mount Medical Center" modality="FACTUAL" polarity="POS" type="CLINICAL_DEPT" />
<EVENT id="E72" start="130" end="157" text="stage IV endometrial cancer" modality="FACTUAL" polarity="POS" type="PROBLEM" />
<EVENT id="E11" start="1331" end="1343" text="left leg DVT" modality="FACTUAL" polarity="POS" type="PROBLEM" />
<EVENT id="E96" start="1348" end="1355" text="started" modality="FACTUAL" polarity="POS" type="OCCURRENCE" />
<EVENT id="E12" start="1359" end="1374" text="Heparin therapy" modality="FACTUAL" polarity="POS" type="TREATMENT" />
<EVENT id="E61" start="1385" end="1395" text="discharged" modality="FACTUAL" polarity="POS" type="OCCURRENCE" />
<EVENT id="E97" start="1410" end="1426" text="Coumadin therapy" modality="FACTUAL" polarity="POS" type="TREATMENT" />
<EVENT id="E98" start="1432" end="1441" text="admission" modality="FACTUAL" polarity="POS" type="OCCURRENCE" />
<EVENT id="E99" start="1463" end="1473" text="complaints" modality="FACTUAL" polarity="NEG" type="PROBLEM" />
<EVENT id="E100" start="1481" end="1488" text="anxiety" modality="FACTUAL" polarity="POS" type="PROBLEM" />
<EVENT id="E101" start="1531" end="1543" text="chemotherapy" modality="FACTUAL" polarity="POS" type="TREATMENT" />
<EVENT id="E13" start="1569" end="1573" text="IFEX" modality="FACTUAL" polarity="POS" type="TREATMENT" />
<EVENT id="E73" start="162" end="188" text="stage III-C ovarian cancer" modality="POSSIBLE" polarity="POS" type="PROBLEM" />
<EVENT id="E14" start="1613" end="1618" text="MESNA" modality="FACTUAL" polarity="POS" type="TREATMENT" />
<EVENT id="E15" start="1656" end="1678" text="continuous IV infusion" modality="FACTUAL" polarity="POS" type="TREATMENT" />
<EVENT id="E16" start="1689" end="1694" text="VP-16" modality="FACTUAL" polarity="POS" type="TREATMENT" />
<EVENT id="E17" start="1713" end="1721" text="IV fluid" modality="FACTUAL" polarity="POS" type="TREATMENT" />
<EVENT id="E20" start="1775" end="1780" text="MESNA" modality="FACTUAL" polarity="POS" type="TREATMENT" />
<EVENT id="E19" start="1822" end="1830" text="her IFEX" modality="FACTUAL" polarity="POS" type="TREATMENT" />
<EVENT id="E62" start="1844" end="1853" text="completed" modality="FACTUAL" polarity="POS" type="OCCURRENCE" />
<EVENT id="E21" start="1856" end="1881" text="The patient 's urinalysis" modality="FACTUAL" polarity="POS" type="TEST" />
<EVENT id="E63" start="1885" end="1894" text="admission" modality="FACTUAL" polarity="POS" type="OCCURRENCE" />
<EVENT id="E74" start="192" end="221" text="metastatic endometrial cancer" modality="POSSIBLE" polarity="POS" type="PROBLEM" />
<EVENT id="E22" start="1915" end="1930" text="red blood cells" modality="FACTUAL" polarity="POS" type="PROBLEM" />
<EVENT id="E23" start="1958" end="1967" text="uric acid" modality="FACTUAL" polarity="POS" type="TEST" />
<EVENT id="E102" start="2006" end="2014" text="bleeding" modality="POSSIBLE" polarity="POS" type="PROBLEM" />
<EVENT id="E103" start="2035" end="2047" text="contaminated" modality="POSSIBLE" polarity="POS" type="PROBLEM" />
<EVENT id="E24" start="2063" end="2071" text="her IFEX" modality="FACTUAL" polarity="POS" type="TREATMENT" />
<EVENT id="E25" start="2074" end="2079" text="MESNA" modality="FACTUAL" polarity="POS" type="TREATMENT" />
<EVENT id="E26" start="2082" end="2104" text="A repeat straight cath" modality="FACTUAL" polarity="POS" type="TEST" />
<EVENT id="E104" start="2122" end="2128" text="RBC 's" modality="FACTUAL" polarity="POS" type="PROBLEM" />
<EVENT id="E27" start="2146" end="2158" text="chemotherapy" modality="FACTUAL" polarity="POS" type="TREATMENT" />
<EVENT id="E28" start="2177" end="2201" text="8-10 RBC 's in her urine" modality="FACTUAL" polarity="POS" type="PROBLEM" />
<EVENT id="E29" start="2227" end="2244" text="her IFEX infusion" modality="FACTUAL" polarity="POS" type="TREATMENT" />
<EVENT id="E30" start="2255" end="2280" text="50-80 RBC 's in her urine" modality="FACTUAL" polarity="POS" type="PROBLEM" />
<EVENT id="E31" start="2292" end="2327" text="a few transitional epithelial cells" modality="FACTUAL" polarity="POS" type="PROBLEM" />
<EVENT id="E75" start="235" end="255" text="cycle 1 chemotherapy" modality="FACTUAL" polarity="POS" type="TREATMENT" />
<EVENT id="E32" start="2356" end="2364" text="her IFEX" modality="FACTUAL" polarity="POS" type="TREATMENT" />
<EVENT id="E64" start="2369" end="2376" text="stopped" modality="FACTUAL" polarity="POS" type="OCCURRENCE" />
<EVENT id="E33" start="2416" end="2424" text="infusion" modality="FACTUAL" polarity="POS" type="TREATMENT" />
<EVENT id="E34" start="2427" end="2436" text="Her MESNA" modality="FACTUAL" polarity="POS" type="TREATMENT" />
<EVENT id="E105" start="2447" end="2456" text="continued" modality="FACTUAL" polarity="POS" type="OCCURRENCE" />
<EVENT id="E35" start="2474" end="2485" text="IV infusion" modality="FACTUAL" polarity="POS" type="TREATMENT" />
<EVENT id="E36" start="2504" end="2513" text="her VP-16" modality="FACTUAL" polarity="POS" type="TREATMENT" />
<EVENT id="E37" start="2522" end="2534" text="complication" modality="FACTUAL" polarity="NEG" type="PROBLEM" />
<EVENT id="E38" start="2567" end="2592" text="the patient 's hematocrit" modality="FACTUAL" polarity="POS" type="TEST" />
<EVENT id="E65" start="2596" end="2605" text="admission" modality="FACTUAL" polarity="POS" type="OCCURRENCE" />
<EVENT id="E106" start="2620" end="2633" text="dwindled down" modality="FACTUAL" polarity="POS" type="OCCURRENCE" />
<EVENT id="E66" start="2669" end="2679" text="counselled" modality="FACTUAL" polarity="POS" type="OCCURRENCE" />
<EVENT id="E76" start="270" end="279" text="presented" modality="FACTUAL" polarity="POS" type="OCCURRENCE" />
<EVENT id="E39" start="2704" end="2714" text="packed RBC" modality="FACTUAL" polarity="POS" type="TREATMENT" />
<EVENT id="E41" start="2744" end="2769" text="the patient 's hematocrit" modality="FACTUAL" polarity="POS" type="TEST" />
<EVENT id="E107" start="2794" end="2802" text="a repeat" modality="FACTUAL" polarity="POS" type="TEST" />
<EVENT id="E108" start="2826" end="2836" text="hematocrit" modality="FACTUAL" polarity="POS" type="TEST" />
<EVENT id="E42" start="2887" end="2897" text="packed RBC" modality="FACTUAL" polarity="POS" type="TREATMENT" />
<EVENT id="E70" start="29" end="38" text="Discharge" modality="FACTUAL" polarity="POS" type="OCCURRENCE" />
<EVENT id="E109" start="2906" end="2916" text="transfused" modality="FACTUAL" polarity="POS" type="TREATMENT" />
<EVENT id="E43" start="2944" end="2963" text="her anticoagulation" modality="FACTUAL" polarity="POS" type="TREATMENT" />
<EVENT id="E1" start="296" end="321" text="heavy bleeding per vagina" modality="FACTUAL" polarity="POS" type="PROBLEM" />
<EVENT id="E110" start="2968" end="2990" text="grossly out of control" modality="FACTUAL" polarity="POS" type="PROBLEM" />
<EVENT id="E67" start="2994" end="3003" text="admission" modality="FACTUAL" polarity="POS" type="OCCURRENCE" />
<EVENT id="E44" start="3009" end="3011" text="PT" modality="FACTUAL" polarity="POS" type="TEST" />
<EVENT id="E45" start="3024" end="3027" text="PTT" modality="FACTUAL" polarity="POS" type="TEST" />
<EVENT id="E68" start="3038" end="3048" text="Her repeat" modality="FACTUAL" polarity="POS" type="TEST" />
<EVENT id="E46" start="3078" end="3090" text="her Coumadin" modality="FACTUAL" polarity="POS" type="TREATMENT" />
<EVENT id="E69" start="3095" end="3099" text="held" modality="FACTUAL" polarity="POS" type="OCCURRENCE" />
<EVENT id="E47" start="3118" end="3126" text="Coumadin" modality="FACTUAL" polarity="NEG" type="TREATMENT" />
<EVENT id="E111" start="3134" end="3147" text="her admission" modality="FACTUAL" polarity="POS" type="OCCURRENCE" />
<EVENT id="E48" start="3179" end="3185" text="her PT" modality="FACTUAL" polarity="POS" type="TEST" />
<EVENT id="E112" start="3226" end="3234" text="Coumadin" modality="FACTUAL" polarity="POS" type="TREATMENT" />
<EVENT id="E2" start="324" end="331" text="D and C" modality="FACTUAL" polarity="POS" type="TEST" />
<EVENT id="E49" start="3252" end="3277" text="The patient 's hematocrit" modality="FACTUAL" polarity="POS" type="TEST" />
<EVENT id="E113" start="3319" end="3335" text="significant bump" modality="FACTUAL" polarity="POS" type="OCCURRENCE" />
<EVENT id="E54" start="332" end="338" text="showed" modality="FACTUAL" polarity="POS" type="EVIDENTIAL" />
<EVENT id="E51" start="3379" end="3389" text="packed RBC" modality="FACTUAL" polarity="POS" type="TREATMENT" />
<EVENT id="E77" start="339" end="366" text="grade II-III adenocarcinoma" modality="FACTUAL" polarity="POS" type="PROBLEM" />
<EVENT id="E52" start="3395" end="3401" text="Her PT" modality="FACTUAL" polarity="POS" type="TEST" />
<EVENT id="E53" start="3458" end="3466" text="Coumadin" modality="FACTUAL" polarity="POS" type="TREATMENT" />
<EVENT id="E114" start="3512" end="3522" text="discharged" modality="FACTUAL" polarity="POS" type="OCCURRENCE" />
<EVENT id="E115" start="3557" end="3581" text="her attending physiciana" modality="FACTUAL" polarity="POS" type="CLINICAL_DEPT" />
<EVENT id="E116" start="3672" end="3684" text="chemotherapy" modality="PROPOSED" polarity="POS" type="TREATMENT" />
<EVENT id="E117" start="3698" end="3707" text="follow up" modality="PROPOSED" polarity="POS" type="OCCURRENCE" />
<EVENT id="E78" start="372" end="396" text="squamous differentiation" modality="FACTUAL" polarity="POS" type="PROBLEM" />
<EVENT id="E118" start="3713" end="3731" text="her primary doctor" modality="FACTUAL" polarity="POS" type="CLINICAL_DEPT" />
<EVENT id="E119" start="3754" end="3763" text="repeat PT" modality="PROPOSED" polarity="POS" type="TEST" />
<EVENT id="E120" start="3768" end="3783" text="Coumadin dosing" modality="PROPOSED" polarity="POS" type="TREATMENT" />
<EVENT id="E79" start="400" end="436" text="Wellla Uxinny : mount Medical Center" modality="FACTUAL" polarity="POS" type="CLINICAL_DEPT" />
<EVENT id="E3" start="496" end="499" text="TAH" modality="FACTUAL" polarity="POS" type="TREATMENT" />
<EVENT id="E4" start="502" end="505" text="BSO" modality="FACTUAL" polarity="POS" type="TREATMENT" />
<EVENT id="E5" start="508" end="527" text="partial omentectomy" modality="FACTUAL" polarity="POS" type="TREATMENT" />
<EVENT id="E55" start="531" end="535" text="CTMC" modality="FACTUAL" polarity="POS" type="CLINICAL_DEPT" />
<EVENT id="E81" start="562" end="567" text="tumor" modality="FACTUAL" polarity="POS" type="PROBLEM" />
<EVENT id="E82" start="572" end="577" text="found" modality="FACTUAL" polarity="POS" type="EVIDENTIAL" />
<EVENT id="E83" start="584" end="615" text="studding on the right diaphragm" modality="FACTUAL" polarity="POS" type="PROBLEM" />
<EVENT id="E84" start="618" end="660" text="gross tumor in the omentum and large bowel" modality="FACTUAL" polarity="POS" type="PROBLEM" />
<EVENT id="E85" start="663" end="695" text="tumor through the uterine serosa" modality="FACTUAL" polarity="POS" type="PROBLEM" />
<EVENT id="E6" start="698" end="707" text="Pathology" modality="FACTUAL" polarity="POS" type="TEST" />
<EVENT id="E56" start="708" end="714" text="showed" modality="FACTUAL" polarity="POS" type="EVIDENTIAL" />
<EVENT id="E86" start="715" end="771" text="grade II-III papillary adenocarcinoma of the endometrium" modality="FACTUAL" polarity="POS" type="PROBLEM" />
<EVENT id="E87" start="777" end="801" text="squamous differentiation" modality="FACTUAL" polarity="POS" type="PROBLEM" />
<EVENT id="E88" start="812" end="828" text="focally invasive" modality="FACTUAL" polarity="POS" type="PROBLEM" />
<EVENT id="E89" start="833" end="855" text="superficial myometrium" modality="FACTUAL" polarity="POS" type="PROBLEM" />
<EVENT id="E57" start="868" end="874" text="showed" modality="FACTUAL" polarity="POS" type="EVIDENTIAL" />
<EVENT id="E90" start="875" end="897" text="papillary serous adeno" modality="FACTUAL" polarity="POS" type="PROBLEM" />
<EVENT id="E91" start="903" end="922" text="omental involvement" modality="FACTUAL" polarity="POS" type="PROBLEM" />
<EVENT id="E92" start="939" end="968" text="an endometroid adenocarcinoma" modality="FACTUAL" polarity="POS" type="PROBLEM" />
<TIMEX3 id="T1" start="1205" end="1212" text="6-27-91" type="DATE" val="1991-06-27" mod="NA" />
<TIMEX3 id="T5" start="1230" end="1237" text="8-29-91" type="DATE" val="1991-08-29" mod="NA" />
<TIMEX3 id="T6" start="1253" end="1258" text="05-92" type="DATE" val="1992-05" mod="NA" />
<TIMEX3 id="T7" start="1604" end="1610" text="3 days" type="DURATION" val="P3D" mod="NA" />
<TIMEX3 id="T8" start="1649" end="1655" text="3 days" type="DURATION" val="P3D" mod="NA" />
<TIMEX3 id="T9" start="1733" end="1739" text="1 hour" type="DURATION" val="PT1H" mod="MORE" />
<TIMEX3 id="T10" start="1740" end="1761" text="each day for 3 days ." type="FREQUENCY" val="R3P1D" mod="NA" />
<TIMEX3 id="T0" start="18" end="28" text="09/07/1992" type="DATE" val="1992-09-07" mod="NA" />
<TIMEX3 id="T11" start="2137" end="2142" text="1 day" type="DURATION" val="P1D" mod="NA" />
<TIMEX3 id="T12" start="2209" end="2223" text="the second day" type="DATE" val="1992-09-08" mod="NA" />
<TIMEX3 id="T13" start="2398" end="2412" text="her second day" type="DATE" val="1992-09-08" mod="NA" />
<TIMEX3 id="T14" start="2645" end="2649" text="9-10" type="DATE" val="1992-09-10" mod="NA" />
<TIMEX3 id="T15" start="2812" end="2816" text="9-11" type="DATE" val="1992-09-11" mod="NA" />
<TIMEX3 id="T3" start="283" end="288" text="10-90" type="DATE" val="1990-10" mod="NA" />
<TIMEX3 id="T16" start="3052" end="3055" text="9-8" type="DATE" val="1992-09-08" mod="NA" />
<TIMEX3 id="T24" start="3155" end="3176" text="the time of discharge" type="DATE" val="1992-09-12" mod="NA" />
<TIMEX3 id="T17" start="3242" end="3249" text="per day" type="FREQUENCY" val="RPT24H" mod="NA" />
<TIMEX3 id="T18" start="3281" end="3301" text="the day of discharge" type="DATE" val="1992-09-12" mod="NA" />
<TIMEX3 id="T19" start="3405" end="3425" text="the day of discharge" type="DATE" val="1992-09-12" mod="NA" />
<TIMEX3 id="T21" start="3477" end="3480" text="q d" type="FREQUENCY" val="RPT24H" mod="NA" />
<TIMEX3 id="T20" start="3526" end="3533" text="9-12-92" type="DATE" val="1992-09-12" mod="NA" />
<TIMEX3 id="T22" start="3634" end="3641" text="9-28-92" type="DATE" val="1992-09-28" mod="NA" />
<TIMEX3 id="T23" start="3787" end="3803" text="Monday , 9-14-02" type="DATE" val="1992-09-14" mod="NA" />
<TIMEX3 id="T2" start="46" end="56" text="09/12/1992" type="DATE" val="1992-09-12" mod="NA" />
<TIMEX3 id="T4" start="539" end="544" text="10-90" type="DATE" val="1990-10" mod="NA" />
<SECTIME id="S0" start="18" end="28" text="09/07/1992" type="ADMISSION" dvalue="1992-09-07" />
<SECTIME id="S1" start="46" end="56" text="09/12/1992" type="DISCHARGE" dvalue="1992-09-12" />
<TLINK id="ET1023" fromID="T2" fromText="09/12/1992" toID="E45" toText="ptt" type="AFTER" />
<TLINK id="ET1048" fromID="E106" fromText="dwindled down" toID="T14" toText="9-10" type="OVERLAP" />
<TLINK id="ET1052" fromID="T2" fromText="09/12/1992" toID="E106" toText="dwindled down" type="AFTER" />
<TLINK id="ET1065" fromID="E64" fromText="stopped" toID="T13" toText="her second day" type="OVERLAP" />
<TLINK id="ET107" fromID="T0" fromText="09/07/1992" toID="E74" toText="metastatic endometrial cancer" type="AFTER" />
<TLINK id="ET1082" fromID="T2" fromText="09/12/1992" toID="E64" toText="stopped" type="AFTER" />
<TLINK id="ET1084" fromID="E64" fromText="stopped" toID="E33" toText="infusion" type="OVERLAP" />
<TLINK id="ET1105" fromID="T0" fromText="09/07/1992" toID="E2" toText="d and c" type="AFTER" />
<TLINK id="ET1116" fromID="E2" fromText="d and c" toID="E54" toText="showed" type="OVERLAP" />
<TLINK id="ET1121" fromID="E2" fromText="d and c" toID="E78" toText="squamous differentiation" type="AFTER" />
<TLINK id="ET1125" fromID="E2" fromText="d and c" toID="E79" toText="wellla uxinny : mount medical center" type="OVERLAP" />
<TLINK id="ET1132" fromID="T16" fromText="9-8" toID="E46" toText="her coumadin" type="OVERLAP" />
<TLINK id="ET1153" fromID="T2" fromText="09/12/1992" toID="E46" toText="her coumadin" type="AFTER" />
<TLINK id="ET1158" fromID="E46" fromText="her coumadin" toID="E69" toText="held" type="OVERLAP" />
<TLINK id="ET1166" fromID="E119" fromText="repeat pt" toID="T23" toText="monday , 9-14-02" type="OVERLAP" />
<TLINK id="ET1177" fromID="T22" fromText="9-28-92" toID="E119" toText="repeat pt" type="OVERLAP" />
<TLINK id="ET1184" fromID="E119" fromText="repeat pt" toID="E120" toText="coumadin dosing" type="OVERLAP" />
<TLINK id="ET1188" fromID="E114" fromText="discharged" toID="T20" toText="9-12-92" type="OVERLAP" />
<TLINK id="ET1208" fromID="T2" fromText="09/12/1992" toID="E114" toText="discharged" type="OVERLAP" />
<TLINK id="ET121" fromID="E74" fromText="metastatic endometrial cancer" toID="E75" toText="cycle 1 chemotherapy" type="OVERLAP" />
<TLINK id="ET1214" fromID="E114" fromText="discharged" toID="E115" toText="her attending physiciana" type="BEFORE" />
<TLINK id="ET1231" fromID="T0" fromText="09/07/1992" toID="E95" toText="pemrancetul tonsst" type="AFTER" />
<TLINK id="ET1265" fromID="E49" fromText="the patient 's hematocrit" toID="T18" toText="the day of discharge" type="OVERLAP" />
<TLINK id="ET1274" fromID="T2" fromText="09/12/1992" toID="E49" toText="the patient 's hematocrit" type="AFTER" />
<TLINK id="ET1278" fromID="E49" fromText="the patient 's hematocrit" toID="E51" toText="packed rbc" type="OVERLAP" />
<TLINK id="ET1279" fromID="E49" fromText="the patient 's hematocrit" toID="E113" toText="significant bump" type="BEFORE" />
<TLINK id="ET1295" fromID="T0" fromText="09/07/1992" toID="E87" toText="squamous differentiation" type="AFTER" />
<TLINK id="ET1306" fromID="E87" fromText="squamous differentiation" toID="E89" toText="superficial myometrium" type="OVERLAP" />
<TLINK id="ET1312" fromID="E87" fromText="squamous differentiation" toID="E88" toText="focally invasive" type="OVERLAP" />
<TLINK id="ET1320" fromID="E14" fromText="mesna" toID="T8" toText="3 days" type="OVERLAP" />
<TLINK id="ET1333" fromID="T7" fromText="3 days" toID="E14" toText="mesna" type="OVERLAP" />
<TLINK id="ET1341" fromID="E14" fromText="mesna" toID="E15" toText="continuous iv infusion" type="OVERLAP" />
<TLINK id="ET135" fromID="E13" fromText="ifex" toID="T8" toText="3 days" type="OVERLAP" />
<TLINK id="ET1357" fromID="E55" fromText="ctmc" toID="T4" toText="10-90" type="OVERLAP" />
<TLINK id="ET1363" fromID="T0" fromText="09/07/1992" toID="E55" toText="ctmc" type="AFTER" />
<TLINK id="ET1406" fromID="T2" fromText="09/12/1992" toID="E42" toText="packed rbc" type="AFTER" />
<TLINK id="ET1410" fromID="E42" fromText="packed rbc" toID="E109" toText="transfused" type="OVERLAP" />
<TLINK id="ET1421" fromID="T15" fromText="9-11" toID="E108" toText="hematocrit" type="OVERLAP" />
<TLINK id="ET1436" fromID="T2" fromText="09/12/1992" toID="E108" toText="hematocrit" type="AFTER" />
<TLINK id="ET1443" fromID="E27" fromText="chemotherapy" toID="T12" toText="the second day" type="OVERLAP" />
<TLINK id="ET1464" fromID="T11" fromText="1 day" toID="E27" toText="chemotherapy" type="OVERLAP" />
<TLINK id="ET1468" fromID="E27" fromText="chemotherapy" toID="E28" toText="8-10 rbc 's in her urine" type="BEFORE" />
<TLINK id="ET1472" fromID="E27" fromText="chemotherapy" toID="E30" toText="50-80 rbc 's in her urine" type="AFTER" />
<TLINK id="ET1473" fromID="E27" fromText="chemotherapy" toID="E31" toText="a few transitional epithelial cells" type="AFTER" />
<TLINK id="ET1474" fromID="E27" fromText="chemotherapy" toID="E29" toText="her ifex infusion" type="OVERLAP" />
<TLINK id="ET148" fromID="E13" fromText="ifex" toID="T7" toText="3 days" type="OVERLAP" />
<TLINK id="ET1492" fromID="T0" fromText="09/07/1992" toID="E97" toText="coumadin therapy" type="AFTER" />
<TLINK id="ET1524" fromID="T0" fromText="09/07/1992" toID="E85" toText="tumor through the uterine serosa" type="AFTER" />
<TLINK id="ET1553" fromID="E3" fromText="tah" toID="T4" toText="10-90" type="OVERLAP" />
<TLINK id="ET1559" fromID="T0" fromText="09/07/1992" toID="E3" toText="tah" type="AFTER" />
<TLINK id="ET157" fromID="E13" fromText="ifex" toID="E14" toText="mesna" type="OVERLAP" />
<TLINK id="ET1600" fromID="E3" fromText="tah" toID="E55" toText="ctmc" type="OVERLAP" />
<TLINK id="ET1624" fromID="E3" fromText="tah" toID="E4" toText="bso" type="OVERLAP" />
<TLINK id="ET1664" fromID="E3" fromText="tah" toID="E5" toText="partial omentectomy" type="OVERLAP" />
<TLINK id="ET1678" fromID="E41" fromText="the patient 's hematocrit" toID="T15" toText="9-11" type="OVERLAP" />
<TLINK id="ET1693" fromID="T2" fromText="09/12/1992" toID="E41" toText="the patient 's hematocrit" type="AFTER" />
<TLINK id="ET1696" fromID="E41" fromText="the patient 's hematocrit" toID="E108" toText="hematocrit" type="OVERLAP" />
<TLINK id="ET1700" fromID="E41" fromText="the patient 's hematocrit" toID="E107" toText="a repeat" type="OVERLAP" />
<TLINK id="ET1716" fromID="T0" fromText="09/07/1992" toID="E75" toText="cycle 1 chemotherapy" type="AFTER" />
<TLINK id="ET1762" fromID="T2" fromText="09/12/1992" toID="E63" toText="admission" type="AFTER" />
<TLINK id="ET1765" fromID="E63" fromText="admission" toID="E22" toText="red blood cells" type="AFTER" />
<TLINK id="ET178" fromID="T0" fromText="09/07/1992" toID="E76" toText="presented" type="OVERLAP" />
<TLINK id="ET179" fromID="E76" fromText="presented" toID="T3" toText="10-90" type="OVERLAP" />
<TLINK id="ET18" fromID="T7" fromText="3 days" toID="E15" toText="continuous iv infusion" type="OVERLAP" />
<TLINK id="ET1800" fromID="E63" fromText="admission" toID="E23" toText="uric acid" type="OVERLAP" />
<TLINK id="ET1842" fromID="T2" fromText="09/12/1992" toID="E67" toText="admission" type="AFTER" />
<TLINK id="ET1847" fromID="E67" fromText="admission" toID="E45" toText="ptt" type="OVERLAP" />
<TLINK id="ET1856" fromID="E67" fromText="admission" toID="E44" toText="pt" type="OVERLAP" />
<TLINK id="ET1880" fromID="T0" fromText="09/07/1992" toID="E72" toText="stage iv endometrial cancer" type="AFTER" />
<TLINK id="ET1890" fromID="E72" fromText="stage iv endometrial cancer" toID="E74" toText="metastatic endometrial cancer" type="OVERLAP" />
<TLINK id="ET1895" fromID="E72" fromText="stage iv endometrial cancer" toID="E75" toText="cycle 1 chemotherapy" type="OVERLAP" />
<TLINK id="ET1905" fromID="E72" fromText="stage iv endometrial cancer" toID="E73" toText="stage iii-c ovarian cancer" type="OVERLAP" />
<TLINK id="ET1921" fromID="T0" fromText="09/07/1992" toID="E78" toText="squamous differentiation" type="AFTER" />
<TLINK id="ET1939" fromID="E78" fromText="squamous differentiation" toID="E79" toText="wellla uxinny : mount medical center" type="OVERLAP" />
<TLINK id="ET1959" fromID="T0" fromText="09/07/1992" toID="E86" toText="grade ii-iii papillary adenocarcinoma of the endometrium" type="AFTER" />
<TLINK id="ET1970" fromID="E86" fromText="grade ii-iii papillary adenocarcinoma of the endometrium" toID="E89" toText="superficial myometrium" type="OVERLAP" />
<TLINK id="ET1972" fromID="E86" fromText="grade ii-iii papillary adenocarcinoma of the endometrium" toID="E87" toText="squamous differentiation" type="OVERLAP" />
<TLINK id="ET1977" fromID="E86" fromText="grade ii-iii papillary adenocarcinoma of the endometrium" toID="E88" toText="focally invasive" type="OVERLAP" />
<TLINK id="ET2004" fromID="T2" fromText="09/12/1992" toID="E19" toText="her ifex" type="AFTER" />
<TLINK id="ET2010" fromID="E19" fromText="her ifex" toID="E62" toText="completed" type="OVERLAP" />
<TLINK id="ET2036" fromID="T2" fromText="09/12/1992" toID="E109" toText="transfused" type="AFTER" />
<TLINK id="ET2066" fromID="T2" fromText="09/12/1992" toID="E35" toText="iv infusion" type="AFTER" />
<TLINK id="ET2089" fromID="T0" fromText="09/07/1992" toID="E92" toText="an endometroid adenocarcinoma" type="AFTER" />
<TLINK id="ET2132" fromID="T2" fromText="09/12/1992" toID="E43" toText="her anticoagulation" type="AFTER" />
<TLINK id="ET2134" fromID="E43" fromText="her anticoagulation" toID="E45" toText="ptt" type="OVERLAP" />
<TLINK id="ET2136" fromID="E43" fromText="her anticoagulation" toID="E67" toText="admission" type="OVERLAP" />
<TLINK id="ET2138" fromID="E43" fromText="her anticoagulation" toID="E44" toText="pt" type="OVERLAP" />
<TLINK id="ET2140" fromID="E43" fromText="her anticoagulation" toID="E110" toText="grossly out of control" type="AFTER" />
<TLINK id="ET2156" fromID="T0" fromText="09/07/1992" toID="E57" toText="showed" type="AFTER" />
<TLINK id="ET2166" fromID="E57" fromText="showed" toID="E90" toText="papillary serous adeno" type="AFTER" />
<TLINK id="ET2171" fromID="E57" fromText="showed" toID="E92" toText="an endometroid adenocarcinoma" type="AFTER" />
<TLINK id="ET2177" fromID="E57" fromText="showed" toID="E91" toText="omental involvement" type="AFTER" />
<TLINK id="ET2193" fromID="T0" fromText="09/07/1992" toID="E98" toText="admission" type="OVERLAP" />
<TLINK id="ET2247" fromID="E98" fromText="admission" toID="E99" toText="complaints" type="OVERLAP" />
<TLINK id="ET2262" fromID="E98" fromText="admission" toID="E100" toText="anxiety" type="AFTER" />
<TLINK id="ET2278" fromID="E117" fromText="follow up" toID="T23" toText="monday , 9-14-02" type="OVERLAP" />
<TLINK id="ET2289" fromID="T22" fromText="9-28-92" toID="E117" toText="follow up" type="BEFORE" />
<TLINK id="ET2296" fromID="E117" fromText="follow up" toID="E120" toText="coumadin dosing" type="OVERLAP" />
<TLINK id="ET2297" fromID="E117" fromText="follow up" toID="E119" toText="repeat pt" type="OVERLAP" />
<TLINK id="ET2298" fromID="E117" fromText="follow up" toID="E118" toText="her primary doctor" type="OVERLAP" />
<TLINK id="ET2322" fromID="T2" fromText="09/12/1992" toID="E105" toText="continued" type="AFTER" />
<TLINK id="ET2326" fromID="E105" fromText="continued" toID="E35" toText="iv infusion" type="OVERLAP" />
<TLINK id="ET2337" fromID="E116" fromText="chemotherapy" toID="T23" toText="monday , 9-14-02" type="BEFORE" />
<TLINK id="ET2348" fromID="T22" fromText="9-28-92" toID="E116" toText="chemotherapy" type="OVERLAP" />
<TLINK id="ET2355" fromID="E116" fromText="chemotherapy" toID="E120" toText="coumadin dosing" type="OVERLAP" />
<TLINK id="ET2356" fromID="E116" fromText="chemotherapy" toID="E119" toText="repeat pt" type="OVERLAP" />
<TLINK id="ET2358" fromID="E116" fromText="chemotherapy" toID="E118" toText="her primary doctor" type="OVERLAP" />
<TLINK id="ET2382" fromID="T2" fromText="09/12/1992" toID="E24" toText="her ifex" type="AFTER" />
<TLINK id="ET2388" fromID="E24" fromText="her ifex" toID="E25" toText="mesna" type="OVERLAP" />
<TLINK id="ET2390" fromID="T12" fromText="the second day" toID="E30" toText="50-80 rbc 's in her urine" type="OVERLAP" />
<TLINK id="ET2411" fromID="T11" fromText="1 day" toID="E30" toText="50-80 rbc 's in her urine" type="OVERLAP" />
<TLINK id="ET2418" fromID="E30" fromText="50-80 rbc 's in her urine" toID="E31" toText="a few transitional epithelial cells" type="OVERLAP" />
<TLINK id="ET2422" fromID="E17" fromText="iv fluid" toID="T9" toText="1 hour" type="OVERLAP" />
<TLINK id="ET2433" fromID="E17" fromText="iv fluid" toID="T10" toText="each day for 3 days ." type="OVERLAP" />
<TLINK id="ET2458" fromID="E52" fromText="her pt" toID="T21" toText="q d" type="OVERLAP" />
<TLINK id="ET2464" fromID="E52" fromText="her pt" toID="T19" toText="the day of discharge" type="OVERLAP" />
<TLINK id="ET2480" fromID="E52" fromText="her pt" toID="E53" toText="coumadin" type="OVERLAP" />
<TLINK id="ET2490" fromID="E4" fromText="bso" toID="T4" toText="10-90" type="OVERLAP" />
<TLINK id="ET2496" fromID="T0" fromText="09/07/1992" toID="E4" toText="bso" type="AFTER" />
<TLINK id="ET2537" fromID="E4" fromText="bso" toID="E55" toText="ctmc" type="OVERLAP" />
<TLINK id="ET2600" fromID="E4" fromText="bso" toID="E5" toText="partial omentectomy" type="OVERLAP" />
<TLINK id="ET2616" fromID="T6" fromText="05-92" toID="E11" toText="left leg dvt" type="OVERLAP" />
<TLINK id="ET2621" fromID="T0" fromText="09/07/1992" toID="E11" toText="left leg dvt" type="AFTER" />
<TLINK id="ET2637" fromID="E11" fromText="left leg dvt" toID="E96" toText="started" type="OVERLAP" />
<TLINK id="ET2639" fromID="E11" fromText="left leg dvt" toID="E12" toText="heparin therapy" type="OVERLAP" />
<TLINK id="ET2651" fromID="T6" fromText="05-92" toID="E96" toText="started" type="OVERLAP" />
<TLINK id="ET2656" fromID="T0" fromText="09/07/1992" toID="E96" toText="started" type="AFTER" />
<TLINK id="ET2673" fromID="E96" fromText="started" toID="E12" toText="heparin therapy" type="OVERLAP" />
<TLINK id="ET2698" fromID="T2" fromText="09/12/1992" toID="E102" toText="bleeding" type="AFTER" />
<TLINK id="ET2703" fromID="E102" fromText="bleeding" toID="E24" toText="her ifex" type="OVERLAP" />
<TLINK id="ET2705" fromID="E102" fromText="bleeding" toID="E103" toText="contaminated" type="OVERLAP" />
<TLINK id="ET2706" fromID="E102" fromText="bleeding" toID="E25" toText="mesna" type="OVERLAP" />
<TLINK id="ET2723" fromID="T0" fromText="09/07/1992" toID="E84" toText="gross tumor in the omentum and large bowel" type="AFTER" />
<TLINK id="ET273" fromID="E76" fromText="presented" toID="E1" toText="heavy bleeding per vagina" type="AFTER" />
<TLINK id="ET2735" fromID="E84" fromText="gross tumor in the omentum and large bowel" toID="E85" toText="tumor through the uterine serosa" type="OVERLAP" />
<TLINK id="ET2745" fromID="E68" fromText="her repeat" toID="T16" toText="9-8" type="OVERLAP" />
<TLINK id="ET2766" fromID="T2" fromText="09/12/1992" toID="E68" toText="her repeat" type="AFTER" />
<TLINK id="ET2768" fromID="E68" fromText="her repeat" toID="E46" toText="her coumadin" type="OVERLAP" />
<TLINK id="ET2772" fromID="E68" fromText="her repeat" toID="E69" toText="held" type="BEFORE" />
<TLINK id="ET2773" fromID="T12" fromText="the second day" toID="E31" toText="a few transitional epithelial cells" type="OVERLAP" />
<TLINK id="ET2794" fromID="T11" fromText="1 day" toID="E31" toText="a few transitional epithelial cells" type="OVERLAP" />
<TLINK id="ET2827" fromID="T2" fromText="09/12/1992" toID="E34" toText="her mesna" type="AFTER" />
<TLINK id="ET2831" fromID="E34" fromText="her mesna" toID="E35" toText="iv infusion" type="OVERLAP" />
<TLINK id="ET2833" fromID="E34" fromText="her mesna" toID="E105" toText="continued" type="OVERLAP" />
<TLINK id="ET2851" fromID="T0" fromText="09/07/1992" toID="E93" toText="two primaries" type="AFTER" />
<TLINK id="ET2869" fromID="E93" fromText="two primaries" toID="E94" toText="metastatic endometrial cancer" type="OVERLAP" />
<TLINK id="ET2894" fromID="T2" fromText="09/12/1992" toID="E44" toText="pt" type="AFTER" />
<TLINK id="ET2896" fromID="E44" fromText="pt" toID="E45" toText="ptt" type="OVERLAP" />
<TLINK id="ET2903" fromID="T20" fromText="9-12-92" toID="E115" toText="her attending physiciana" type="OVERLAP" />
<TLINK id="ET2923" fromID="T2" fromText="09/12/1992" toID="E115" toText="her attending physiciana" type="AFTER" />
<TLINK id="ET2942" fromID="T0" fromText="09/07/1992" toID="E88" toText="focally invasive" type="AFTER" />
<TLINK id="ET2953" fromID="E88" fromText="focally invasive" toID="E89" toText="superficial myometrium" type="OVERLAP" />
<TLINK id="ET2962" fromID="T12" fromText="the second day" toID="E29" toText="her ifex infusion" type="OVERLAP" />
<TLINK id="ET2983" fromID="T11" fromText="1 day" toID="E29" toText="her ifex infusion" type="OVERLAP" />
<TLINK id="ET2990" fromID="E29" fromText="her ifex infusion" toID="E30" toText="50-80 rbc 's in her urine" type="OVERLAP" />
<TLINK id="ET2991" fromID="E29" fromText="her ifex infusion" toID="E31" toText="a few transitional epithelial cells" type="AFTER" />
<TLINK id="ET3009" fromID="T0" fromText="09/07/1992" toID="E99" toText="complaints" type="AFTER" />
<TLINK id="ET3024" fromID="E99" fromText="complaints" toID="E100" toText="anxiety" type="OVERLAP" />
<TLINK id="ET3049" fromID="T2" fromText="09/12/1992" toID="E23" toText="uric acid" type="AFTER" />
<TLINK id="ET3080" fromID="T2" fromText="09/12/1992" toID="E37" toText="complication" type="AFTER" />
<TLINK id="ET3103" fromID="T0" fromText="09/07/1992" toID="E56" toText="showed" type="AFTER" />
<TLINK id="ET3114" fromID="E56" fromText="showed" toID="E89" toText="superficial myometrium" type="AFTER" />
<TLINK id="ET3116" fromID="E56" fromText="showed" toID="E87" toText="squamous differentiation" type="AFTER" />
<TLINK id="ET3119" fromID="E56" fromText="showed" toID="E86" toText="grade ii-iii papillary adenocarcinoma of the endometrium" type="AFTER" />
<TLINK id="ET3122" fromID="E56" fromText="showed" toID="E88" toText="focally invasive" type="AFTER" />
<TLINK id="ET3149" fromID="T2" fromText="09/12/1992" toID="E20" toText="mesna" type="AFTER" />
<TLINK id="ET3154" fromID="E20" fromText="mesna" toID="E19" toText="her ifex" type="OVERLAP" />
<TLINK id="ET3156" fromID="E20" fromText="mesna" toID="E62" toText="completed" type="BEFORE" />
<TLINK id="ET3174" fromID="T0" fromText="09/07/1992" toID="E79" toText="wellla uxinny : mount medical center" type="AFTER" />
<TLINK id="ET319" fromID="T2" fromText="09/12/1992" toID="E21" toText="the patient 's urinalysis" type="AFTER" />
<TLINK id="ET321" fromID="E21" fromText="the patient 's urinalysis" toID="E22" toText="red blood cells" type="AFTER" />
<TLINK id="ET3219" fromID="T2" fromText="09/12/1992" toID="E62" toText="completed" type="AFTER" />
<TLINK id="ET323" fromID="E21" fromText="the patient 's urinalysis" toID="E63" toText="admission" type="OVERLAP" />
<TLINK id="ET3237" fromID="E0" fromText="admission" toID="T4" toText="10-90" type="AFTER" />
<TLINK id="ET3238" fromID="E0" fromText="admission" toID="T6" toText="05-92" type="AFTER" />
<TLINK id="ET3243" fromID="E0" fromText="admission" toID="T0" toText="09/07/1992" type="OVERLAP" />
<TLINK id="ET3244" fromID="E0" fromText="admission" toID="T3" toText="10-90" type="AFTER" />
<TLINK id="ET326" fromID="E21" fromText="the patient 's urinalysis" toID="E23" toText="uric acid" type="OVERLAP" />
<TLINK id="ET3387" fromID="E38" fromText="the patient 's hematocrit" toID="T14" toText="9-10" type="OVERLAP" />
<TLINK id="ET3391" fromID="T2" fromText="09/12/1992" toID="E38" toText="the patient 's hematocrit" type="AFTER" />
<TLINK id="ET3393" fromID="E38" fromText="the patient 's hematocrit" toID="E106" toText="dwindled down" type="OVERLAP" />
<TLINK id="ET3398" fromID="E38" fromText="the patient 's hematocrit" toID="E65" toText="admission" type="OVERLAP" />
<TLINK id="ET3422" fromID="T2" fromText="09/12/1992" toID="E111" toText="her admission" type="AFTER" />
<TLINK id="ET3423" fromID="E111" fromText="her admission" toID="T24" toText="the time of discharge" type="OVERLAP" />
<TLINK id="ET3424" fromID="E111" fromText="her admission" toID="E48" toText="her pt" type="OVERLAP" />
<TLINK id="ET3448" fromID="T6" fromText="05-92" toID="E12" toText="heparin therapy" type="BEFORE" />
<TLINK id="ET3453" fromID="T0" fromText="09/07/1992" toID="E12" toText="heparin therapy" type="AFTER" />
<TLINK id="ET3478" fromID="E118" fromText="her primary doctor" toID="T23" toText="monday , 9-14-02" type="BEFORE" />
<TLINK id="ET3489" fromID="T22" fromText="9-28-92" toID="E118" toText="her primary doctor" type="OVERLAP" />
<TLINK id="ET3496" fromID="E118" fromText="her primary doctor" toID="E120" toText="coumadin dosing" type="OVERLAP" />
<TLINK id="ET3497" fromID="E118" fromText="her primary doctor" toID="E119" toText="repeat pt" type="OVERLAP" />
<TLINK id="ET3513" fromID="T0" fromText="09/07/1992" toID="E71" toText="gravida 0" type="AFTER" />
<TLINK id="ET352" fromID="T2" fromText="09/12/1992" toID="E47" toText="coumadin" type="AFTER" />
<TLINK id="ET3523" fromID="E71" fromText="gravida 0" toID="E74" toText="metastatic endometrial cancer" type="OVERLAP" />
<TLINK id="ET3528" fromID="E71" fromText="gravida 0" toID="E75" toText="cycle 1 chemotherapy" type="OVERLAP" />
<TLINK id="ET353" fromID="E47" fromText="coumadin" toID="T24" toText="the time of discharge" type="OVERLAP" />
<TLINK id="ET3531" fromID="E71" fromText="gravida 0" toID="E72" toText="stage iv endometrial cancer" type="OVERLAP" />
<TLINK id="ET3539" fromID="E71" fromText="gravida 0" toID="E73" toText="stage iii-c ovarian cancer" type="OVERLAP" />
<TLINK id="ET354" fromID="E47" fromText="coumadin" toID="E48" toText="her pt" type="OVERLAP" />
<TLINK id="ET3563" fromID="T2" fromText="09/12/1992" toID="E103" toText="contaminated" type="AFTER" />
<TLINK id="ET3568" fromID="E103" fromText="contaminated" toID="E24" toText="her ifex" type="OVERLAP" />
<TLINK id="ET357" fromID="E47" fromText="coumadin" toID="E111" toText="her admission" type="OVERLAP" />
<TLINK id="ET3570" fromID="E103" fromText="contaminated" toID="E25" toText="mesna" type="OVERLAP" />
<TLINK id="ET3587" fromID="T0" fromText="09/07/1992" toID="E1" toText="heavy bleeding per vagina" type="AFTER" />
<TLINK id="ET3588" fromID="T3" fromText="10-90" toID="E1" toText="heavy bleeding per vagina" type="OVERLAP" />
<TLINK id="ET3625" fromID="T0" fromText="09/07/1992" toID="E81" toText="tumor" type="AFTER" />
<TLINK id="ET3635" fromID="E81" fromText="tumor" toID="E82" toText="found" type="OVERLAP" />
<TLINK id="ET3637" fromID="E81" fromText="tumor" toID="E83" toText="studding on the right diaphragm" type="OVERLAP" />
<TLINK id="ET3639" fromID="E81" fromText="tumor" toID="E85" toText="tumor through the uterine serosa" type="OVERLAP" />
<TLINK id="ET3644" fromID="E81" fromText="tumor" toID="E84" toText="gross tumor in the omentum and large bowel" type="OVERLAP" />
<TLINK id="ET3671" fromID="T2" fromText="09/12/1992" toID="E36" toText="her vp-16" type="AFTER" />
<TLINK id="ET3676" fromID="E36" fromText="her vp-16" toID="E37" toText="complication" type="OVERLAP" />
<TLINK id="ET3689" fromID="T6" fromText="05-92" toID="E59" toText="admission" type="OVERLAP" />
<TLINK id="ET3694" fromID="T0" fromText="09/07/1992" toID="E59" toText="admission" type="OVERLAP" />
<TLINK id="ET373" fromID="T0" fromText="09/07/1992" toID="E8" toText="the fourth cycle" type="AFTER" />
<TLINK id="ET3744" fromID="E59" fromText="admission" toID="E11" toText="left leg dvt" type="AFTER" />
<TLINK id="ET3745" fromID="E59" fromText="admission" toID="E96" toText="started" type="OVERLAP" />
<TLINK id="ET3760" fromID="E59" fromText="admission" toID="E12" toText="heparin therapy" type="BEFORE" />
<TLINK id="ET3772" fromID="E59" fromText="admission" toID="E60" toText="wellla uxinny : mount medical center" type="BEFORE" />
<TLINK id="ET3781" fromID="T16" fromText="9-8" toID="E69" toText="held" type="OVERLAP" />
<TLINK id="ET3802" fromID="T2" fromText="09/12/1992" toID="E69" toText="held" type="AFTER" />
<TLINK id="ET3808" fromID="E70" fromText="discharge" toID="T12" toText="the second day" type="AFTER" />
<TLINK id="ET3809" fromID="E70" fromText="discharge" toID="T9" toText="1 hour" type="AFTER" />
<TLINK id="ET3810" fromID="E70" fromText="discharge" toID="T16" toText="9-8" type="AFTER" />
<TLINK id="ET3811" fromID="E70" fromText="discharge" toID="T20" toText="9-12-92" type="AFTER" />
<TLINK id="ET3812" fromID="E70" fromText="discharge" toID="T8" toText="3 days" type="AFTER" />
<TLINK id="ET3813" fromID="E70" fromText="discharge" toID="T21" toText="q d" type="AFTER" />
<TLINK id="ET3814" fromID="E70" fromText="discharge" toID="T13" toText="her second day" type="AFTER" />
<TLINK id="ET3815" fromID="E70" fromText="discharge" toID="T23" toText="monday , 9-14-02" type="AFTER" />
<TLINK id="ET3816" fromID="E70" fromText="discharge" toID="T15" toText="9-11" type="AFTER" />
<TLINK id="ET3819" fromID="E70" fromText="discharge" toID="T19" toText="the day of discharge" type="AFTER" />
<TLINK id="ET3820" fromID="E70" fromText="discharge" toID="T10" toText="each day for 3 days ." type="AFTER" />
<TLINK id="ET3822" fromID="E70" fromText="discharge" toID="T18" toText="the day of discharge" type="AFTER" />
<TLINK id="ET3825" fromID="E70" fromText="discharge" toID="T7" toText="3 days" type="AFTER" />
<TLINK id="ET3826" fromID="E70" fromText="discharge" toID="T22" toText="9-28-92" type="AFTER" />
<TLINK id="ET3827" fromID="E70" fromText="discharge" toID="T14" toText="9-10" type="AFTER" />
<TLINK id="ET3829" fromID="E70" fromText="discharge" toID="T11" toText="1 day" type="AFTER" />
<TLINK id="ET383" fromID="E8" fromText="the fourth cycle" toID="E9" toText="cytoxan" type="OVERLAP" />
<TLINK id="ET3831" fromID="E70" fromText="discharge" toID="T2" toText="09/12/1992" type="OVERLAP" />
<TLINK id="ET3832" fromID="E70" fromText="discharge" toID="T24" toText="the time of discharge" type="AFTER" />
<TLINK id="ET3970" fromID="T2" fromText="09/12/1992" toID="E25" toText="mesna" type="AFTER" />
<TLINK id="ET3992" fromID="T18" fromText="the day of discharge" toID="E51" toText="packed rbc" type="OVERLAP" />
<TLINK id="ET4001" fromID="T2" fromText="09/12/1992" toID="E51" toText="packed rbc" type="AFTER" />
<TLINK id="ET4029" fromID="T2" fromText="09/12/1992" toID="E26" toText="a repeat straight cath" type="AFTER" />
<TLINK id="ET4035" fromID="E26" fromText="a repeat straight cath" toID="E104" toText="rbc 's" type="AFTER" />
<TLINK id="ET4045" fromID="E107" fromText="a repeat" toID="T15" toText="9-11" type="OVERLAP" />
<TLINK id="ET4060" fromID="T2" fromText="09/12/1992" toID="E107" toText="a repeat" type="AFTER" />
<TLINK id="ET4063" fromID="E107" fromText="a repeat" toID="E108" toText="hematocrit" type="OVERLAP" />
<TLINK id="ET408" fromID="T0" fromText="09/07/1992" toID="E90" toText="papillary serous adeno" type="AFTER" />
<TLINK id="ET4082" fromID="T0" fromText="09/07/1992" toID="E100" toText="anxiety" type="AFTER" />
<TLINK id="ET4112" fromID="E10" fromText="her ca-125" toID="T1" toText="6-27-91" type="OVERLAP" />
<TLINK id="ET4114" fromID="T0" fromText="09/07/1992" toID="E10" toText="her ca-125" type="AFTER" />
<TLINK id="ET4121" fromID="E10" fromText="her ca-125" toID="T5" toText="8-29-91" type="OVERLAP" />
<TLINK id="ET4138" fromID="E53" fromText="coumadin" toID="T21" toText="q d" type="OVERLAP" />
<TLINK id="ET4144" fromID="T19" fromText="the day of discharge" toID="E53" toText="coumadin" type="BEFORE" />
<TLINK id="ET4183" fromID="T2" fromText="09/12/1992" toID="E110" toText="grossly out of control" type="AFTER" />
<TLINK id="ET4185" fromID="E110" fromText="grossly out of control" toID="E45" toText="ptt" type="BEFORE" />
<TLINK id="ET4187" fromID="E110" fromText="grossly out of control" toID="E67" toText="admission" type="OVERLAP" />
<TLINK id="ET4189" fromID="E110" fromText="grossly out of control" toID="E44" toText="pt" type="BEFORE" />
<TLINK id="ET4206" fromID="T0" fromText="09/07/1992" toID="E94" toText="metastatic endometrial cancer" type="AFTER" />
<TLINK id="ET422" fromID="E90" fromText="papillary serous adeno" toID="E92" toText="an endometroid adenocarcinoma" type="OVERLAP" />
<TLINK id="ET4236" fromID="T6" fromText="05-92" toID="E60" toText="wellla uxinny : mount medical center" type="OVERLAP" />
<TLINK id="ET4241" fromID="T0" fromText="09/07/1992" toID="E60" toText="wellla uxinny : mount medical center" type="AFTER" />
<TLINK id="ET4257" fromID="E60" fromText="wellla uxinny : mount medical center" toID="E11" toText="left leg dvt" type="AFTER" />
<TLINK id="ET4258" fromID="E60" fromText="wellla uxinny : mount medical center" toID="E96" toText="started" type="OVERLAP" />
<TLINK id="ET4260" fromID="E60" fromText="wellla uxinny : mount medical center" toID="E12" toText="heparin therapy" type="OVERLAP" />
<TLINK id="ET4276" fromID="T18" fromText="the day of discharge" toID="E113" toText="significant bump" type="OVERLAP" />
<TLINK id="ET428" fromID="E90" fromText="papillary serous adeno" toID="E91" toText="omental involvement" type="OVERLAP" />
<TLINK id="ET4285" fromID="T2" fromText="09/12/1992" toID="E113" toText="significant bump" type="AFTER" />
<TLINK id="ET4289" fromID="E113" fromText="significant bump" toID="E51" toText="packed rbc" type="OVERLAP" />
<TLINK id="ET4296" fromID="E32" fromText="her ifex" toID="T13" toText="her second day" type="OVERLAP" />
<TLINK id="ET4313" fromID="T2" fromText="09/12/1992" toID="E32" toText="her ifex" type="AFTER" />
<TLINK id="ET4315" fromID="E32" fromText="her ifex" toID="E33" toText="infusion" type="OVERLAP" />
<TLINK id="ET4316" fromID="E32" fromText="her ifex" toID="E64" toText="stopped" type="OVERLAP" />
<TLINK id="ET4331" fromID="E5" fromText="partial omentectomy" toID="T4" toText="10-90" type="OVERLAP" />
<TLINK id="ET4337" fromID="T0" fromText="09/07/1992" toID="E5" toText="partial omentectomy" type="AFTER" />
<TLINK id="ET4378" fromID="E5" fromText="partial omentectomy" toID="E55" toText="ctmc" type="OVERLAP" />
<TLINK id="ET4466" fromID="E112" fromText="coumadin" toID="T17" toText="per day" type="OVERLAP" />
<TLINK id="ET4469" fromID="T2" fromText="09/12/1992" toID="E112" toText="coumadin" type="AFTER" />
<TLINK id="ET4497" fromID="T2" fromText="09/12/1992" toID="E104" toText="rbc 's" type="AFTER" />
<TLINK id="ET452" fromID="T2" fromText="09/12/1992" toID="E66" toText="counselled" type="AFTER" />
<TLINK id="ET4524" fromID="E65" fromText="admission" toID="T14" toText="9-10" type="OVERLAP" />
<TLINK id="ET4528" fromID="T2" fromText="09/12/1992" toID="E65" toText="admission" type="AFTER" />
<TLINK id="ET4536" fromID="E65" fromText="admission" toID="E106" toText="dwindled down" type="OVERLAP" />
<TLINK id="ET454" fromID="E66" fromText="counselled" toID="E39" toText="packed rbc" type="OVERLAP" />
<TLINK id="ET4577" fromID="T0" fromText="09/07/1992" toID="E91" toText="omental involvement" type="AFTER" />
<TLINK id="ET4591" fromID="E91" fromText="omental involvement" toID="E92" toText="an endometroid adenocarcinoma" type="OVERLAP" />
<TLINK id="ET4598" fromID="E16" fromText="vp-16" toID="T9" toText="1 hour" type="OVERLAP" />
<TLINK id="ET4609" fromID="E16" fromText="vp-16" toID="T10" toText="each day for 3 days ." type="OVERLAP" />
<TLINK id="ET4626" fromID="E16" fromText="vp-16" toID="E17" toText="iv fluid" type="OVERLAP" />
<TLINK id="ET4644" fromID="T0" fromText="09/07/1992" toID="E73" toText="stage iii-c ovarian cancer" type="AFTER" />
<TLINK id="ET4654" fromID="E73" fromText="stage iii-c ovarian cancer" toID="E74" toText="metastatic endometrial cancer" type="OVERLAP" />
<TLINK id="ET4659" fromID="E73" fromText="stage iii-c ovarian cancer" toID="E75" toText="cycle 1 chemotherapy" type="OVERLAP" />
<TLINK id="ET474" fromID="T0" fromText="09/07/1992" toID="E9" toText="cytoxan" type="AFTER" />
<TLINK id="ET5" fromID="T8" fromText="3 days" toID="E15" toText="continuous iv infusion" type="OVERLAP" />
<TLINK id="ET509" fromID="T0" fromText="09/07/1992" toID="E77" toText="grade ii-iii adenocarcinoma" type="AFTER" />
<TLINK id="ET524" fromID="E77" fromText="grade ii-iii adenocarcinoma" toID="E78" toText="squamous differentiation" type="OVERLAP" />
<TLINK id="ET528" fromID="E77" fromText="grade ii-iii adenocarcinoma" toID="E79" toText="wellla uxinny : mount medical center" type="OVERLAP" />
<TLINK id="ET556" fromID="T2" fromText="09/12/1992" toID="E39" toText="packed rbc" type="AFTER" />
<TLINK id="ET56" fromID="T2" fromText="09/12/1992" toID="E48" toText="her pt" type="AFTER" />
<TLINK id="ET57" fromID="T24" fromText="the time of discharge" toID="E48" toText="her pt" type="OVERLAP" />
<TLINK id="ET578" fromID="T0" fromText="09/07/1992" toID="E82" toText="found" type="AFTER" />
<TLINK id="ET589" fromID="E82" fromText="found" toID="E83" toText="studding on the right diaphragm" type="AFTER" />
<TLINK id="ET591" fromID="E82" fromText="found" toID="E85" toText="tumor through the uterine serosa" type="AFTER" />
<TLINK id="ET596" fromID="E82" fromText="found" toID="E84" toText="gross tumor in the omentum and large bowel" type="AFTER" />
<TLINK id="ET615" fromID="T0" fromText="09/07/1992" toID="E61" toText="discharged" type="AFTER" />
<TLINK id="ET648" fromID="E61" fromText="discharged" toID="E97" toText="coumadin therapy" type="BEFORE" />
<TLINK id="ET710" fromID="T0" fromText="09/07/1992" toID="E7" toText="cap" type="AFTER" />
<TLINK id="ET722" fromID="E7" fromText="cap" toID="E95" toText="pemrancetul tonsst" type="OVERLAP" />
<TLINK id="ET745" fromID="T0" fromText="09/07/1992" toID="E54" toText="showed" type="AFTER" />
<TLINK id="ET755" fromID="E54" fromText="showed" toID="E77" toText="grade ii-iii adenocarcinoma" type="AFTER" />
<TLINK id="ET761" fromID="E54" fromText="showed" toID="E78" toText="squamous differentiation" type="AFTER" />
<TLINK id="ET765" fromID="E54" fromText="showed" toID="E79" toText="wellla uxinny : mount medical center" type="OVERLAP" />
<TLINK id="ET785" fromID="T0" fromText="09/07/1992" toID="E89" toText="superficial myometrium" type="AFTER" />
<TLINK id="ET820" fromID="T0" fromText="09/07/1992" toID="E83" toText="studding on the right diaphragm" type="AFTER" />
<TLINK id="ET832" fromID="E83" fromText="studding on the right diaphragm" toID="E85" toText="tumor through the uterine serosa" type="OVERLAP" />
<TLINK id="ET837" fromID="E83" fromText="studding on the right diaphragm" toID="E84" toText="gross tumor in the omentum and large bowel" type="OVERLAP" />
<TLINK id="ET84" fromID="T2" fromText="09/12/1992" toID="E22" toText="red blood cells" type="AFTER" />
<TLINK id="ET848" fromID="E120" fromText="coumadin dosing" toID="T23" toText="monday , 9-14-02" type="OVERLAP" />
<TLINK id="ET859" fromID="T22" fromText="9-28-92" toID="E120" toText="coumadin dosing" type="OVERLAP" />
<TLINK id="ET881" fromID="T0" fromText="09/07/1992" toID="E6" toText="pathology" type="AFTER" />
<TLINK id="ET89" fromID="E22" fromText="red blood cells" toID="E23" toText="uric acid" type="OVERLAP" />
<TLINK id="ET892" fromID="E6" fromText="pathology" toID="E89" toText="superficial myometrium" type="AFTER" />
<TLINK id="ET894" fromID="E6" fromText="pathology" toID="E87" toText="squamous differentiation" type="AFTER" />
<TLINK id="ET899" fromID="E6" fromText="pathology" toID="E88" toText="focally invasive" type="AFTER" />
<TLINK id="ET900" fromID="E6" fromText="pathology" toID="E56" toText="showed" type="OVERLAP" />
<TLINK id="ET910" fromID="T13" fromText="her second day" toID="E33" toText="infusion" type="OVERLAP" />
<TLINK id="ET927" fromID="T2" fromText="09/12/1992" toID="E33" toText="infusion" type="AFTER" />
<TLINK id="ET935" fromID="E28" fromText="8-10 rbc 's in her urine" toID="T12" toText="the second day" type="OVERLAP" />
<TLINK id="ET956" fromID="T11" fromText="1 day" toID="E28" toText="8-10 rbc 's in her urine" type="OVERLAP" />
<TLINK id="ET963" fromID="E28" fromText="8-10 rbc 's in her urine" toID="E30" toText="50-80 rbc 's in her urine" type="OVERLAP" />
<TLINK id="ET964" fromID="E28" fromText="8-10 rbc 's in her urine" toID="E31" toText="a few transitional epithelial cells" type="OVERLAP" />
<TLINK id="ET965" fromID="E28" fromText="8-10 rbc 's in her urine" toID="E29" toText="her ifex infusion" type="OVERLAP" />
<TLINK id="ET991" fromID="T2" fromText="09/12/1992" toID="E101" toText="chemotherapy" type="AFTER" />
<TLINK id="T154" fromID="E0" fromText="admission" toID="T0" toText="09/07/1992" type="OVERLAP" />
<TLINK id="T155" fromID="E70" fromText="discharge" toID="T2" toText="09/12/1992" type="OVERLAP" />
<TLINK id="T156" fromID="E61" fromText="discharged" toID="E114" toText="discharged" type="OVERLAP" />
<TLINK id="T157" fromID="E61" fromText="discharged" toID="T2" toText="09/07/1992" type="OVERLAP" />
<TLINK id="T158" fromID="E61" fromText="discharged" toID="E70" toText="discharge" type="OVERLAP" />
<TLINK id="T159" fromID="E61" fromText="discharged" toID="T2" toText="09/07/1992" type="OVERLAP" />
<TLINK id="T160" fromID="E114" fromText="discharged" toID="E61" toText="discharged" type="OVERLAP" />
<TLINK id="T161" fromID="E114" fromText="discharged" toID="T2" toText="09/07/1992" type="OVERLAP" />
<TLINK id="T162" fromID="E114" fromText="discharged" toID="E70" toText="discharge" type="OVERLAP" />
<TLINK id="T163" fromID="E114" fromText="discharged" toID="T2" toText="09/07/1992" type="OVERLAP" />
<TLINK id="T164" fromID="E63" fromText="admission" toID="E67" toText="admission" type="OVERLAP" />
<TLINK id="T165" fromID="E63" fromText="admission" toID="T0" toText="09/07/1992" type="OVERLAP" />
<TLINK id="T166" fromID="E63" fromText="admission" toID="E98" toText="admission" type="OVERLAP" />
<TLINK id="T167" fromID="E63" fromText="admission" toID="T0" toText="09/07/1992" type="OVERLAP" />
<TLINK id="T168" fromID="E63" fromText="admission" toID="E0" toText="admission" type="OVERLAP" />
<TLINK id="T169" fromID="E63" fromText="admission" toID="T0" toText="09/07/1992" type="OVERLAP" />
<TLINK id="T170" fromID="E63" fromText="admission" toID="E59" toText="admission" type="OVERLAP" />
<TLINK id="T171" fromID="E63" fromText="admission" toID="T0" toText="09/07/1992" type="OVERLAP" />
<TLINK id="T172" fromID="E63" fromText="admission" toID="E65" toText="admission" type="OVERLAP" />
<TLINK id="T173" fromID="E63" fromText="admission" toID="T0" toText="09/07/1992" type="OVERLAP" />
<TLINK id="T174" fromID="E67" fromText="admission" toID="E63" toText="admission" type="OVERLAP" />
<TLINK id="T175" fromID="E67" fromText="admission" toID="T0" toText="09/07/1992" type="OVERLAP" />
<TLINK id="T176" fromID="E67" fromText="admission" toID="E98" toText="admission" type="OVERLAP" />
<TLINK id="T177" fromID="E67" fromText="admission" toID="T0" toText="09/07/1992" type="OVERLAP" />
<TLINK id="T178" fromID="E67" fromText="admission" toID="E0" toText="admission" type="OVERLAP" />
<TLINK id="T179" fromID="E67" fromText="admission" toID="T0" toText="09/07/1992" type="OVERLAP" />
<TLINK id="T180" fromID="E67" fromText="admission" toID="E59" toText="admission" type="OVERLAP" />
<TLINK id="T181" fromID="E67" fromText="admission" toID="T0" toText="09/07/1992" type="OVERLAP" />
<TLINK id="T182" fromID="E67" fromText="admission" toID="E65" toText="admission" type="OVERLAP" />
<TLINK id="T183" fromID="E67" fromText="admission" toID="T0" toText="09/07/1992" type="OVERLAP" />
<TLINK id="T184" fromID="E98" fromText="admission" toID="E63" toText="admission" type="OVERLAP" />
<TLINK id="T185" fromID="E98" fromText="admission" toID="T0" toText="09/07/1992" type="OVERLAP" />
<TLINK id="T186" fromID="E98" fromText="admission" toID="E67" toText="admission" type="OVERLAP" />
<TLINK id="T187" fromID="E98" fromText="admission" toID="T0" toText="09/07/1992" type="OVERLAP" />
<TLINK id="T188" fromID="E98" fromText="admission" toID="E0" toText="admission" type="OVERLAP" />
<TLINK id="T189" fromID="E98" fromText="admission" toID="T0" toText="09/07/1992" type="OVERLAP" />
<TLINK id="T190" fromID="E98" fromText="admission" toID="E59" toText="admission" type="OVERLAP" />
<TLINK id="T191" fromID="E98" fromText="admission" toID="T0" toText="09/07/1992" type="OVERLAP" />
<TLINK id="T192" fromID="E98" fromText="admission" toID="E65" toText="admission" type="OVERLAP" />
<TLINK id="T193" fromID="E98" fromText="admission" toID="T0" toText="09/07/1992" type="OVERLAP" />
<TLINK id="T194" fromID="E0" fromText="admission" toID="E63" toText="admission" type="OVERLAP" />
<TLINK id="T195" fromID="E0" fromText="admission" toID="T0" toText="09/07/1992" type="OVERLAP" />
<TLINK id="T196" fromID="E0" fromText="admission" toID="E67" toText="admission" type="OVERLAP" />
<TLINK id="T197" fromID="E0" fromText="admission" toID="T0" toText="09/07/1992" type="OVERLAP" />
<TLINK id="T198" fromID="E0" fromText="admission" toID="E98" toText="admission" type="OVERLAP" />
<TLINK id="T199" fromID="E0" fromText="admission" toID="T0" toText="09/07/1992" type="OVERLAP" />
<TLINK id="T200" fromID="E0" fromText="admission" toID="E59" toText="admission" type="OVERLAP" />
<TLINK id="T201" fromID="E0" fromText="admission" toID="T0" toText="09/07/1992" type="OVERLAP" />
<TLINK id="T202" fromID="E0" fromText="admission" toID="E65" toText="admission" type="OVERLAP" />
<TLINK id="T203" fromID="E0" fromText="admission" toID="T0" toText="09/07/1992" type="OVERLAP" />
<TLINK id="T204" fromID="E59" fromText="admission" toID="E63" toText="admission" type="OVERLAP" />
<TLINK id="T205" fromID="E59" fromText="admission" toID="T0" toText="09/07/1992" type="OVERLAP" />
<TLINK id="T206" fromID="E59" fromText="admission" toID="E67" toText="admission" type="OVERLAP" />
<TLINK id="T207" fromID="E59" fromText="admission" toID="T0" toText="09/07/1992" type="OVERLAP" />
<TLINK id="T208" fromID="E59" fromText="admission" toID="E98" toText="admission" type="OVERLAP" />
<TLINK id="T209" fromID="E59" fromText="admission" toID="T0" toText="09/07/1992" type="OVERLAP" />
<TLINK id="T210" fromID="E59" fromText="admission" toID="E0" toText="admission" type="OVERLAP" />
<TLINK id="T211" fromID="E59" fromText="admission" toID="T0" toText="09/07/1992" type="OVERLAP" />
<TLINK id="T212" fromID="E59" fromText="admission" toID="E65" toText="admission" type="OVERLAP" />
<TLINK id="T213" fromID="E59" fromText="admission" toID="T0" toText="09/07/1992" type="OVERLAP" />
<TLINK id="T214" fromID="E70" fromText="discharge" toID="E61" toText="discharged" type="OVERLAP" />
<TLINK id="T215" fromID="E70" fromText="discharge" toID="T2" toText="09/07/1992" type="OVERLAP" />
<TLINK id="T216" fromID="E70" fromText="discharge" toID="E114" toText="discharged" type="OVERLAP" />
<TLINK id="T217" fromID="E70" fromText="discharge" toID="T2" toText="09/07/1992" type="OVERLAP" />
<TLINK id="T218" fromID="E65" fromText="admission" toID="E63" toText="admission" type="OVERLAP" />
<TLINK id="T219" fromID="E65" fromText="admission" toID="T0" toText="09/07/1992" type="OVERLAP" />
<TLINK id="T220" fromID="E65" fromText="admission" toID="E67" toText="admission" type="OVERLAP" />
<TLINK id="T221" fromID="E65" fromText="admission" toID="T0" toText="09/07/1992" type="OVERLAP" />
<TLINK id="T222" fromID="E65" fromText="admission" toID="E98" toText="admission" type="OVERLAP" />
<TLINK id="T223" fromID="E65" fromText="admission" toID="T0" toText="09/07/1992" type="OVERLAP" />
<TLINK id="T224" fromID="E65" fromText="admission" toID="E0" toText="admission" type="OVERLAP" />
<TLINK id="T225" fromID="E65" fromText="admission" toID="T0" toText="09/07/1992" type="OVERLAP" />
<TLINK id="T226" fromID="E65" fromText="admission" toID="E59" toText="admission" type="OVERLAP" />
<TLINK id="T227" fromID="E65" fromText="admission" toID="T0" toText="09/07/1992" type="OVERLAP" />
</TAGS>
</ClinicalNarrativeTemporalAnnotation>
