<?xml version="1.0" encoding="UTF-8" ?>
<ClinicalNarrativeTemporalAnnotation>
<TEXT><![CDATA[
Admission Date :
03/13/2006
Discharge Date :
03/19/2006
Service :
MED
HPI :
75 y / o F with DM , COPD on 2L NC and Bipap at night p / w generalized weakness and fatigue , urinary incontinence and shaking as well as increased sputum production .
Per daughter these symptoms are typical of COPD flare .
ROS otherwise negative .
Admission Status :
ED :
REc&apos;d duonebs , solumedrol 125
Vitals :
t97.5 , hr 117 , bp156/81 , rr28 , o2 sats 87% RA ; 95% 4L
Exam :
NAD , pleasant , speaking in complete sentences , poor air movement bilaterally , L &gt; R , no wheezes or rales , rrr , distant , abd benign , no edema , alert and oriented times three , no focal deficits , conversant Studies :
- EKG sinus 92 , no ST changes
- CXR no focal consolidation or edema , old biapical scarring ABG 7.34/79/74 U / A negative
Daily Status :
improving , but still poor air movement , diffusely wheezy on exam , at baseline 2L o2 requirement
A / P :
75 y / o F with h / o COPD c / b frequent exacerbations p / w typical flare symptoms .
Problem List :
CV - Ischemia ASA , lisinopril Pump no evidence of failure
Rhythm Resp - COPD
flare - steroids , cont prednisone 60 , taper slowly as tolerated , duonebs , advair , singulair , spiriva , claritin azithromycin for atypical bronchitis to complete a 5 day course , keep o2 sat 90-94 , home nocturnal CPAP not tolerated in house , does well on nc , appears ato be at baseline
Renal -
Cr 0.8 , stress incontinence by symptoms with increased cough , no evidence of uti , cont to closely monitor
GI - Bowel regimen
Heme - Chronic Fe deficiency anemia , cont iron
Endo - DM on insulin with steroids
ID - afebrile , no wbc , started on Azithromycin for COPD flare
FEN - ADA diet
PPx - Lovenox , PPI
Dispo - to rehab when resp status improved , PT consulted
Code - FC
ADDITIONAL COMMENTS :
DISCHARGE CONDITION :
Stable
TO DO / PLAN :
f / u with PCP and Dr. Pump as scheduled , return to ED with worsening sob or increased cough or sputum production
]]></TEXT>
<TAGS>
<EVENT id="E0" start="1" end="10" text="Admission" modality="FACTUAL" polarity="POS" type="OCCURRENCE" />
<EVENT id="E47" start="1043" end="1051" text="Ischemia" modality="FACTUAL" polarity="POS" type="PROBLEM" />
<EVENT id="E4" start="106" end="111" text="2L NC" modality="FACTUAL" polarity="POS" type="TREATMENT" />
<EVENT id="E48" start="1058" end="1073" text="lisinopril Pump" modality="FACTUAL" polarity="POS" type="TREATMENT" />
<EVENT id="E49" start="1089" end="1096" text="failure" modality="FACTUAL" polarity="NEG" type="PROBLEM" />
<EVENT id="E50" start="1111" end="1115" text="COPD" modality="FACTUAL" polarity="POS" type="PROBLEM" />
<EVENT id="E51" start="1116" end="1121" text="flare" modality="FACTUAL" polarity="POS" type="PROBLEM" />
<EVENT id="E52" start="1124" end="1132" text="steroids" modality="FACTUAL" polarity="POS" type="TREATMENT" />
<EVENT id="E53" start="1140" end="1150" text="prednisone" modality="FACTUAL" polarity="POS" type="TREATMENT" />
<EVENT id="E5" start="116" end="121" text="Bipap" modality="FACTUAL" polarity="POS" type="TREATMENT" />
<EVENT id="E54" start="1156" end="1168" text="taper slowly" modality="FACTUAL" polarity="POS" type="OCCURRENCE" />
<EVENT id="E55" start="1172" end="1181" text="tolerated" modality="FACTUAL" polarity="POS" type="OCCURRENCE" />
<EVENT id="E56" start="1184" end="1191" text="duonebs" modality="FACTUAL" polarity="POS" type="TREATMENT" />
<EVENT id="E57" start="1194" end="1200" text="advair" modality="FACTUAL" polarity="POS" type="TREATMENT" />
<EVENT id="E58" start="1203" end="1212" text="singulair" modality="FACTUAL" polarity="POS" type="TREATMENT" />
<EVENT id="E59" start="1215" end="1222" text="spiriva" modality="FACTUAL" polarity="POS" type="TREATMENT" />
<EVENT id="E62" start="1225" end="1233" text="claritin" modality="FACTUAL" polarity="POS" type="TREATMENT" />
<EVENT id="E60" start="1234" end="1246" text="azithromycin" modality="FACTUAL" polarity="POS" type="TREATMENT" />
<EVENT id="E61" start="1251" end="1270" text="atypical bronchitis" modality="FACTUAL" polarity="POS" type="PROBLEM" />
<EVENT id="E63" start="1305" end="1311" text="o2 sat" modality="FACTUAL" polarity="POS" type="TEST" />
<EVENT id="E64" start="1320" end="1339" text="home nocturnal CPAP" modality="FACTUAL" polarity="POS" type="TREATMENT" />
<EVENT id="E65" start="1344" end="1353" text="tolerated" modality="FACTUAL" polarity="NEG" type="PROBLEM" />
<EVENT id="E6" start="137" end="157" text="generalized weakness" modality="FACTUAL" polarity="POS" type="PROBLEM" />
<EVENT id="E66" start="1370" end="1374" text="well" modality="FACTUAL" polarity="POS" type="EVIDENTIAL" />
<EVENT id="E67" start="1378" end="1380" text="nc" modality="FACTUAL" polarity="POS" type="TREATMENT" />
<EVENT id="E68" start="1418" end="1420" text="Cr" modality="FACTUAL" polarity="POS" type="TEST" />
<EVENT id="E69" start="1427" end="1446" text="stress incontinence" modality="FACTUAL" polarity="POS" type="PROBLEM" />
<EVENT id="E70" start="1464" end="1479" text="increased cough" modality="FACTUAL" polarity="POS" type="PROBLEM" />
<EVENT id="E71" start="1497" end="1500" text="uti" modality="FACTUAL" polarity="NEG" type="PROBLEM" />
<EVENT id="E72" start="1511" end="1526" text="closely monitor" modality="FACTUAL" polarity="POS" type="TEST" />
<EVENT id="E73" start="1532" end="1545" text="Bowel regimen" modality="FACTUAL" polarity="POS" type="TREATMENT" />
<EVENT id="E74" start="1553" end="1581" text="Chronic Fe deficiency anemia" modality="FACTUAL" polarity="POS" type="PROBLEM" />
<EVENT id="E75" start="1589" end="1593" text="iron" modality="FACTUAL" polarity="POS" type="TREATMENT" />
<EVENT id="E76" start="1601" end="1603" text="DM" modality="FACTUAL" polarity="POS" type="PROBLEM" />
<EVENT id="E77" start="1607" end="1614" text="insulin" modality="FACTUAL" polarity="POS" type="TREATMENT" />
<EVENT id="E7" start="162" end="169" text="fatigue" modality="FACTUAL" polarity="POS" type="PROBLEM" />
<EVENT id="E78" start="1620" end="1628" text="steroids" modality="FACTUAL" polarity="POS" type="TREATMENT" />
<EVENT id="E79" start="1634" end="1642" text="afebrile" modality="FACTUAL" polarity="POS" type="PROBLEM" />
<EVENT id="E80" start="1648" end="1651" text="wbc" modality="FACTUAL" polarity="NEG" type="TEST" />
<EVENT id="E81" start="1665" end="1677" text="Azithromycin" modality="FACTUAL" polarity="POS" type="TREATMENT" />
<EVENT id="E82" start="1682" end="1692" text="COPD flare" modality="FACTUAL" polarity="POS" type="PROBLEM" />
<EVENT id="E83" start="1699" end="1707" text="ADA diet" modality="FACTUAL" polarity="POS" type="TREATMENT" />
<EVENT id="E8" start="172" end="192" text="urinary incontinence" modality="FACTUAL" polarity="POS" type="PROBLEM" />
<EVENT id="E84" start="1714" end="1721" text="Lovenox" modality="FACTUAL" polarity="POS" type="TREATMENT" />
<EVENT id="E85" start="1724" end="1727" text="PPI" modality="FACTUAL" polarity="POS" type="TREATMENT" />
<EVENT id="E86" start="1739" end="1744" text="rehab" modality="FACTUAL" polarity="POS" type="CLINICAL_DEPT" />
<EVENT id="E87" start="1750" end="1770" text="resp status improved" modality="FACTUAL" polarity="POS" type="OCCURRENCE" />
<EVENT id="E89" start="1773" end="1775" text="PT" modality="FACTUAL" polarity="POS" type="OCCURRENCE" />
<EVENT id="E88" start="1776" end="1785" text="consulted" modality="FACTUAL" polarity="POS" type="OCCURRENCE" />
<EVENT id="E9" start="197" end="204" text="shaking" modality="FACTUAL" polarity="POS" type="PROBLEM" />
<EVENT id="E10" start="216" end="243" text="increased sputum production" modality="FACTUAL" polarity="POS" type="PROBLEM" />
<EVENT id="E11" start="259" end="273" text="these symptoms" modality="FACTUAL" polarity="POS" type="PROBLEM" />
<EVENT id="E12" start="289" end="299" text="COPD flare" modality="FACTUAL" polarity="POS" type="PROBLEM" />
<EVENT id="E1" start="29" end="38" text="Discharge" modality="FACTUAL" polarity="POS" type="OCCURRENCE" />
<EVENT id="E13" start="362" end="369" text="duonebs" modality="FACTUAL" polarity="POS" type="TREATMENT" />
<EVENT id="E14" start="372" end="382" text="solumedrol" modality="FACTUAL" polarity="POS" type="TREATMENT" />
<EVENT id="E15" start="396" end="401" text="t97.5" modality="FACTUAL" polarity="POS" type="OCCURRENCE" />
<EVENT id="E16" start="404" end="406" text="hr" modality="FACTUAL" polarity="POS" type="TEST" />
<EVENT id="E17" start="413" end="421" text="bp156/81" modality="FACTUAL" polarity="POS" type="OCCURRENCE" />
<EVENT id="E18" start="424" end="428" text="rr28" modality="FACTUAL" polarity="POS" type="OCCURRENCE" />
<EVENT id="E19" start="431" end="438" text="o2 sats" modality="FACTUAL" polarity="POS" type="TEST" />
<EVENT id="E20" start="462" end="465" text="NAD" modality="FACTUAL" polarity="POS" type="PROBLEM" />
<EVENT id="E21" start="468" end="476" text="pleasant" modality="FACTUAL" polarity="POS" type="EVIDENTIAL" />
<EVENT id="E22" start="479" end="509" text="speaking in complete sentences" modality="FACTUAL" polarity="POS" type="OCCURRENCE" />
<EVENT id="E23" start="512" end="541" text="poor air movement bilaterally" modality="FACTUAL" polarity="POS" type="PROBLEM" />
<EVENT id="E24" start="558" end="565" text="wheezes" modality="FACTUAL" polarity="NEG" type="PROBLEM" />
<EVENT id="E25" start="569" end="574" text="rales" modality="FACTUAL" polarity="NEG" type="PROBLEM" />
<EVENT id="E26" start="577" end="580" text="rrr" modality="FACTUAL" polarity="POS" type="OCCURRENCE" />
<EVENT id="E27" start="583" end="590" text="distant" modality="FACTUAL" polarity="POS" type="PROBLEM" />
<EVENT id="E28" start="593" end="603" text="abd benign" modality="FACTUAL" polarity="POS" type="EVIDENTIAL" />
<EVENT id="E29" start="609" end="614" text="edema" modality="FACTUAL" polarity="NEG" type="PROBLEM" />
<EVENT id="E30" start="617" end="647" text="alert and oriented times three" modality="FACTUAL" polarity="POS" type="OCCURRENCE" />
<EVENT id="E31" start="653" end="667" text="focal deficits" modality="FACTUAL" polarity="NEG" type="PROBLEM" />
<EVENT id="E32" start="670" end="680" text="conversant" modality="FACTUAL" polarity="POS" type="OCCURRENCE" />
<EVENT id="E33" start="693" end="696" text="EKG" modality="FACTUAL" polarity="POS" type="TEST" />
<EVENT id="E34" start="711" end="721" text="ST changes" modality="FACTUAL" polarity="NEG" type="PROBLEM" />
<EVENT id="E35" start="724" end="727" text="CXR" modality="FACTUAL" polarity="POS" type="TEST" />
<EVENT id="E36" start="731" end="750" text="focal consolidation" modality="FACTUAL" polarity="NEG" type="PROBLEM" />
<EVENT id="E37" start="754" end="759" text="edema" modality="FACTUAL" polarity="NEG" type="PROBLEM" />
<EVENT id="E38" start="762" end="783" text="old biapical scarring" modality="FACTUAL" polarity="POS" type="PROBLEM" />
<EVENT id="E39" start="799" end="804" text="U / A" modality="FACTUAL" polarity="POS" type="TEST" />
<EVENT id="E40" start="829" end="838" text="improving" modality="FACTUAL" polarity="POS" type="EVIDENTIAL" />
<EVENT id="E41" start="845" end="868" text="still poor air movement" modality="FACTUAL" polarity="POS" type="PROBLEM" />
<EVENT id="E42" start="871" end="887" text="diffusely wheezy" modality="FACTUAL" polarity="POS" type="PROBLEM" />
<EVENT id="E43" start="910" end="927" text="2L o2 requirement" modality="FACTUAL" polarity="POS" type="TREATMENT" />
<EVENT id="E2" start="93" end="95" text="DM" modality="FACTUAL" polarity="POS" type="PROBLEM" />
<EVENT id="E44" start="958" end="962" text="COPD" modality="FACTUAL" polarity="POS" type="PROBLEM" />
<EVENT id="E45" start="969" end="991" text="frequent exacerbations" modality="FACTUAL" polarity="POS" type="PROBLEM" />
<EVENT id="E3" start="98" end="102" text="COPD" modality="FACTUAL" polarity="POS" type="PROBLEM" />
<EVENT id="E46" start="998" end="1020" text="typical flare symptoms" modality="FACTUAL" polarity="POS" type="PROBLEM" />
<TIMEX3 id="T2" start="1285" end="1290" text="5 day" type="DURATION" val="P5D" mod="NA" />
<TIMEX3 id="T0" start="18" end="28" text="03/13/2006" type="DATE" val="2006-03-13" mod="NA" />
<TIMEX3 id="T1" start="46" end="56" text="03/19/2006" type="DATE" val="2006-03-19" mod="NA" />
<SECTIME id="S0" start="18" end="28" text="03/13/2006" type="ADMISSION" dvalue="2006-03-13" />
<SECTIME id="S1" start="46" end="56" text="03/19/2006" type="DISCHARGE" dvalue="2006-03-19" />
<TLINK id="ET101" fromID="T0" fromText="03/13/2006" toID="E13" toText="duonebs" type="AFTER" />
<TLINK id="ET1013" fromID="T0" fromText="03/13/2006" toID="E79" toText="afebrile" type="AFTER" />
<TLINK id="ET1015" fromID="E79" fromText="afebrile" toID="E82" toText="copd flare" type="OVERLAP" />
<TLINK id="ET1018" fromID="E79" fromText="afebrile" toID="E80" toText="wbc" type="OVERLAP" />
<TLINK id="ET1020" fromID="E79" fromText="afebrile" toID="E81" toText="azithromycin" type="OVERLAP" />
<TLINK id="ET1022" fromID="T0" fromText="03/13/2006" toID="E12" toText="copd flare" type="AFTER" />
<TLINK id="ET1034" fromID="T0" fromText="03/13/2006" toID="E71" toText="uti" type="AFTER" />
<TLINK id="ET1038" fromID="E71" fromText="uti" toID="E72" toText="closely monitor" type="OVERLAP" />
<TLINK id="ET1041" fromID="E1" fromText="discharge" toID="T1" toText="03/19/2006" type="OVERLAP" />
<TLINK id="ET106" fromID="E13" fromText="duonebs" toID="E14" toText="solumedrol" type="OVERLAP" />
<TLINK id="ET113" fromID="T0" fromText="03/13/2006" toID="E21" toText="pleasant" type="AFTER" />
<TLINK id="ET1133" fromID="T0" fromText="03/13/2006" toID="E58" toText="singulair" type="AFTER" />
<TLINK id="ET1134" fromID="E58" fromText="singulair" toID="T2" toText="5 day" type="OVERLAP" />
<TLINK id="ET1135" fromID="E58" fromText="singulair" toID="E66" toText="well" type="OVERLAP" />
<TLINK id="ET1136" fromID="E58" fromText="singulair" toID="E61" toText="atypical bronchitis" type="AFTER" />
<TLINK id="ET1138" fromID="E58" fromText="singulair" toID="E64" toText="home nocturnal cpap" type="OVERLAP" />
<TLINK id="ET1140" fromID="E58" fromText="singulair" toID="E63" toText="o2 sat" type="OVERLAP" />
<TLINK id="ET1141" fromID="E58" fromText="singulair" toID="E67" toText="nc" type="OVERLAP" />
<TLINK id="ET1143" fromID="E58" fromText="singulair" toID="E59" toText="spiriva" type="OVERLAP" />
<TLINK id="ET1144" fromID="E58" fromText="singulair" toID="E65" toText="tolerated" type="OVERLAP" />
<TLINK id="ET1147" fromID="T0" fromText="03/13/2006" toID="E81" toText="azithromycin" type="AFTER" />
<TLINK id="ET1149" fromID="E81" fromText="azithromycin" toID="E82" toText="copd flare" type="AFTER" />
<TLINK id="ET115" fromID="E21" fromText="pleasant" toID="E22" toText="speaking in complete sentences" type="OVERLAP" />
<TLINK id="ET1154" fromID="T0" fromText="03/13/2006" toID="E36" toText="focal consolidation" type="AFTER" />
<TLINK id="ET1156" fromID="E36" fromText="focal consolidation" toID="E39" toText="u / a" type="OVERLAP" />
<TLINK id="ET1162" fromID="E36" fromText="focal consolidation" toID="E37" toText="edema" type="OVERLAP" />
<TLINK id="ET1163" fromID="E36" fromText="focal consolidation" toID="E38" toText="old biapical scarring" type="OVERLAP" />
<TLINK id="ET1166" fromID="T0" fromText="03/13/2006" toID="E59" toText="spiriva" type="AFTER" />
<TLINK id="ET1167" fromID="E59" fromText="spiriva" toID="T2" toText="5 day" type="OVERLAP" />
<TLINK id="ET1168" fromID="E59" fromText="spiriva" toID="E66" toText="well" type="OVERLAP" />
<TLINK id="ET1169" fromID="E59" fromText="spiriva" toID="E61" toText="atypical bronchitis" type="AFTER" />
<TLINK id="ET117" fromID="E21" fromText="pleasant" toID="E28" toText="abd benign" type="OVERLAP" />
<TLINK id="ET1171" fromID="E59" fromText="spiriva" toID="E64" toText="home nocturnal cpap" type="OVERLAP" />
<TLINK id="ET1173" fromID="E59" fromText="spiriva" toID="E63" toText="o2 sat" type="OVERLAP" />
<TLINK id="ET1174" fromID="E59" fromText="spiriva" toID="E67" toText="nc" type="OVERLAP" />
<TLINK id="ET1176" fromID="E59" fromText="spiriva" toID="E62" toText="claritin" type="OVERLAP" />
<TLINK id="ET1177" fromID="E59" fromText="spiriva" toID="E65" toText="tolerated" type="OVERLAP" />
<TLINK id="ET1180" fromID="T0" fromText="03/13/2006" toID="E69" toText="stress incontinence" type="AFTER" />
<TLINK id="ET1184" fromID="E69" fromText="stress incontinence" toID="E72" toText="closely monitor" type="OVERLAP" />
<TLINK id="ET1186" fromID="E69" fromText="stress incontinence" toID="E71" toText="uti" type="OVERLAP" />
<TLINK id="ET1187" fromID="E69" fromText="stress incontinence" toID="E70" toText="increased cough" type="OVERLAP" />
<TLINK id="ET1190" fromID="T0" fromText="03/13/2006" toID="E25" toText="rales" type="AFTER" />
<TLINK id="ET1196" fromID="E25" fromText="rales" toID="E30" toText="alert and oriented times three" type="OVERLAP" />
<TLINK id="ET1197" fromID="E25" fromText="rales" toID="E31" toText="focal deficits" type="OVERLAP" />
<TLINK id="ET1198" fromID="E25" fromText="rales" toID="E29" toText="edema" type="OVERLAP" />
<TLINK id="ET12" fromID="E15" fromText="t97.5" toID="E16" toText="hr" type="OVERLAP" />
<TLINK id="ET1200" fromID="E25" fromText="rales" toID="E26" toText="rrr" type="OVERLAP" />
<TLINK id="ET1201" fromID="E25" fromText="rales" toID="E32" toText="conversant" type="OVERLAP" />
<TLINK id="ET1204" fromID="T0" fromText="03/13/2006" toID="E70" toText="increased cough" type="AFTER" />
<TLINK id="ET1208" fromID="E70" fromText="increased cough" toID="E72" toText="closely monitor" type="OVERLAP" />
<TLINK id="ET121" fromID="E21" fromText="pleasant" toID="E27" toText="distant" type="AFTER" />
<TLINK id="ET1210" fromID="E70" fromText="increased cough" toID="E71" toText="uti" type="OVERLAP" />
<TLINK id="ET1213" fromID="T0" fromText="03/13/2006" toID="E51" toText="flare" type="AFTER" />
<TLINK id="ET1214" fromID="E51" fromText="flare" toID="T2" toText="5 day" type="OVERLAP" />
<TLINK id="ET1215" fromID="E51" fromText="flare" toID="E66" toText="well" type="OVERLAP" />
<TLINK id="ET1216" fromID="E51" fromText="flare" toID="E61" toText="atypical bronchitis" type="OVERLAP" />
<TLINK id="ET1218" fromID="E51" fromText="flare" toID="E64" toText="home nocturnal cpap" type="OVERLAP" />
<TLINK id="ET122" fromID="E21" fromText="pleasant" toID="E30" toText="alert and oriented times three" type="OVERLAP" />
<TLINK id="ET1220" fromID="E51" fromText="flare" toID="E55" toText="tolerated" type="OVERLAP" />
<TLINK id="ET1221" fromID="E51" fromText="flare" toID="E63" toText="o2 sat" type="OVERLAP" />
<TLINK id="ET1222" fromID="E51" fromText="flare" toID="E67" toText="nc" type="OVERLAP" />
<TLINK id="ET1223" fromID="E51" fromText="flare" toID="E57" toText="advair" type="OVERLAP" />
<TLINK id="ET1224" fromID="E51" fromText="flare" toID="E52" toText="steroids" type="OVERLAP" />
<TLINK id="ET1226" fromID="E51" fromText="flare" toID="E56" toText="duonebs" type="OVERLAP" />
<TLINK id="ET1227" fromID="E51" fromText="flare" toID="E62" toText="claritin" type="OVERLAP" />
<TLINK id="ET1228" fromID="E51" fromText="flare" toID="E58" toText="singulair" type="OVERLAP" />
<TLINK id="ET1229" fromID="E51" fromText="flare" toID="E59" toText="spiriva" type="OVERLAP" />
<TLINK id="ET123" fromID="E21" fromText="pleasant" toID="E24" toText="wheezes" type="AFTER" />
<TLINK id="ET1230" fromID="E51" fromText="flare" toID="E60" toText="azithromycin" type="OVERLAP" />
<TLINK id="ET1231" fromID="E51" fromText="flare" toID="E65" toText="tolerated" type="OVERLAP" />
<TLINK id="ET1234" fromID="T0" fromText="03/13/2006" toID="E26" toText="rrr" type="AFTER" />
<TLINK id="ET124" fromID="E21" fromText="pleasant" toID="E31" toText="focal deficits" type="AFTER" />
<TLINK id="ET1240" fromID="E26" fromText="rrr" toID="E27" toText="distant" type="OVERLAP" />
<TLINK id="ET1241" fromID="E26" fromText="rrr" toID="E30" toText="alert and oriented times three" type="OVERLAP" />
<TLINK id="ET1242" fromID="E26" fromText="rrr" toID="E31" toText="focal deficits" type="BEFORE" />
<TLINK id="ET1243" fromID="E26" fromText="rrr" toID="E29" toText="edema" type="BEFORE" />
<TLINK id="ET1245" fromID="E26" fromText="rrr" toID="E32" toText="conversant" type="OVERLAP" />
<TLINK id="ET1248" fromID="T0" fromText="03/13/2006" toID="E10" toText="increased sputum production" type="AFTER" />
<TLINK id="ET125" fromID="E21" fromText="pleasant" toID="E29" toText="edema" type="AFTER" />
<TLINK id="ET1260" fromID="T0" fromText="03/13/2006" toID="E60" toText="azithromycin" type="AFTER" />
<TLINK id="ET1261" fromID="E60" fromText="azithromycin" toID="T2" toText="5 day" type="OVERLAP" />
<TLINK id="ET1262" fromID="E60" fromText="azithromycin" toID="E66" toText="well" type="OVERLAP" />
<TLINK id="ET1263" fromID="E60" fromText="azithromycin" toID="E61" toText="atypical bronchitis" type="AFTER" />
<TLINK id="ET1265" fromID="E60" fromText="azithromycin" toID="E64" toText="home nocturnal cpap" type="OVERLAP" />
<TLINK id="ET1267" fromID="E60" fromText="azithromycin" toID="E63" toText="o2 sat" type="OVERLAP" />
<TLINK id="ET1268" fromID="E60" fromText="azithromycin" toID="E67" toText="nc" type="OVERLAP" />
<TLINK id="ET127" fromID="E21" fromText="pleasant" toID="E23" toText="poor air movement bilaterally" type="AFTER" />
<TLINK id="ET1270" fromID="E60" fromText="azithromycin" toID="E65" toText="tolerated" type="OVERLAP" />
<TLINK id="ET1273" fromID="T0" fromText="03/13/2006" toID="E53" toText="prednisone" type="AFTER" />
<TLINK id="ET1274" fromID="E53" fromText="prednisone" toID="T2" toText="5 day" type="OVERLAP" />
<TLINK id="ET1275" fromID="E53" fromText="prednisone" toID="E66" toText="well" type="OVERLAP" />
<TLINK id="ET1276" fromID="E53" fromText="prednisone" toID="E61" toText="atypical bronchitis" type="AFTER" />
<TLINK id="ET1277" fromID="E53" fromText="prednisone" toID="E54" toText="taper slowly" type="OVERLAP" />
<TLINK id="ET1279" fromID="E53" fromText="prednisone" toID="E64" toText="home nocturnal cpap" type="OVERLAP" />
<TLINK id="ET128" fromID="E21" fromText="pleasant" toID="E25" toText="rales" type="AFTER" />
<TLINK id="ET1281" fromID="E53" fromText="prednisone" toID="E55" toText="tolerated" type="OVERLAP" />
<TLINK id="ET1282" fromID="E53" fromText="prednisone" toID="E63" toText="o2 sat" type="OVERLAP" />
<TLINK id="ET1283" fromID="E53" fromText="prednisone" toID="E67" toText="nc" type="OVERLAP" />
<TLINK id="ET1284" fromID="E53" fromText="prednisone" toID="E57" toText="advair" type="OVERLAP" />
<TLINK id="ET1286" fromID="E53" fromText="prednisone" toID="E56" toText="duonebs" type="OVERLAP" />
<TLINK id="ET1287" fromID="E53" fromText="prednisone" toID="E62" toText="claritin" type="OVERLAP" />
<TLINK id="ET1288" fromID="E53" fromText="prednisone" toID="E58" toText="singulair" type="OVERLAP" />
<TLINK id="ET1289" fromID="E53" fromText="prednisone" toID="E59" toText="spiriva" type="OVERLAP" />
<TLINK id="ET129" fromID="E21" fromText="pleasant" toID="E26" toText="rrr" type="OVERLAP" />
<TLINK id="ET1290" fromID="E53" fromText="prednisone" toID="E60" toText="azithromycin" type="OVERLAP" />
<TLINK id="ET1291" fromID="E53" fromText="prednisone" toID="E65" toText="tolerated" type="OVERLAP" />
<TLINK id="ET1294" fromID="T0" fromText="03/13/2006" toID="E32" toText="conversant" type="AFTER" />
<TLINK id="ET130" fromID="E21" fromText="pleasant" toID="E32" toText="conversant" type="OVERLAP" />
<TLINK id="ET1304" fromID="T0" fromText="03/13/2006" toID="E65" toText="tolerated" type="AFTER" />
<TLINK id="ET1305" fromID="T2" fromText="5 day" toID="E65" toText="tolerated" type="OVERLAP" />
<TLINK id="ET1306" fromID="E65" fromText="tolerated" toID="E66" toText="well" type="OVERLAP" />
<TLINK id="ET1309" fromID="E65" fromText="tolerated" toID="E67" toText="nc" type="OVERLAP" />
<TLINK id="ET1313" fromID="T0" fromText="03/13/2006" toID="E5" toText="bipap" type="AFTER" />
<TLINK id="ET1316" fromID="E5" fromText="bipap" toID="E8" toText="urinary incontinence" type="OVERLAP" />
<TLINK id="ET1317" fromID="E5" fromText="bipap" toID="E9" toText="shaking" type="OVERLAP" />
<TLINK id="ET1318" fromID="E5" fromText="bipap" toID="E7" toText="fatigue" type="BEFORE" />
<TLINK id="ET1320" fromID="E5" fromText="bipap" toID="E6" toText="generalized weakness" type="AFTER" />
<TLINK id="ET1326" fromID="E5" fromText="bipap" toID="E10" toText="increased sputum production" type="OVERLAP" />
<TLINK id="ET1329" fromID="T0" fromText="03/13/2006" toID="E73" toText="bowel regimen" type="AFTER" />
<TLINK id="ET133" fromID="T0" fromText="03/13/2006" toID="E76" toText="dm" type="AFTER" />
<TLINK id="ET1348" fromID="T0" fromText="03/13/2006" toID="E16" toText="hr" type="AFTER" />
<TLINK id="ET135" fromID="E76" fromText="dm" toID="E77" toText="insulin" type="OVERLAP" />
<TLINK id="ET1356" fromID="E16" fromText="hr" toID="E17" toText="bp156/81" type="OVERLAP" />
<TLINK id="ET138" fromID="E76" fromText="dm" toID="E78" toText="steroids" type="OVERLAP" />
<TLINK id="ET14" fromID="T0" fromText="03/13/2006" toID="E48" toText="lisinopril pump" type="AFTER" />
<TLINK id="ET141" fromID="T0" fromText="03/13/2006" toID="E8" toText="urinary incontinence" type="AFTER" />
<TLINK id="ET144" fromID="E8" fromText="urinary incontinence" toID="E9" toText="shaking" type="OVERLAP" />
<TLINK id="ET151" fromID="E8" fromText="urinary incontinence" toID="E10" toText="increased sputum production" type="OVERLAP" />
<TLINK id="ET154" fromID="T0" fromText="03/13/2006" toID="E47" toText="ischemia" type="AFTER" />
<TLINK id="ET156" fromID="E47" fromText="ischemia" toID="E48" toText="lisinopril pump" type="OVERLAP" />
<TLINK id="ET159" fromID="E47" fromText="ischemia" toID="E49" toText="failure" type="OVERLAP" />
<TLINK id="ET165" fromID="T0" fromText="03/13/2006" toID="E66" toText="well" type="AFTER" />
<TLINK id="ET166" fromID="T2" fromText="5 day" toID="E66" toText="well" type="OVERLAP" />
<TLINK id="ET169" fromID="E66" fromText="well" toID="E67" toText="nc" type="OVERLAP" />
<TLINK id="ET173" fromID="T0" fromText="03/13/2006" toID="E9" toText="shaking" type="AFTER" />
<TLINK id="ET18" fromID="E48" fromText="lisinopril pump" toID="E49" toText="failure" type="AFTER" />
<TLINK id="ET182" fromID="E9" fromText="shaking" toID="E10" toText="increased sputum production" type="OVERLAP" />
<TLINK id="ET185" fromID="T0" fromText="03/13/2006" toID="E39" toText="u / a" type="AFTER" />
<TLINK id="ET195" fromID="T0" fromText="03/13/2006" toID="E77" toText="insulin" type="AFTER" />
<TLINK id="ET199" fromID="E77" fromText="insulin" toID="E78" toText="steroids" type="OVERLAP" />
<TLINK id="ET2" fromID="T0" fromText="03/13/2006" toID="E15" toText="t97.5" type="AFTER" />
<TLINK id="ET202" fromID="T0" fromText="03/13/2006" toID="E82" toText="copd flare" type="AFTER" />
<TLINK id="ET208" fromID="T0" fromText="03/13/2006" toID="E61" toText="atypical bronchitis" type="AFTER" />
<TLINK id="ET209" fromID="E61" fromText="atypical bronchitis" toID="T2" toText="5 day" type="OVERLAP" />
<TLINK id="ET210" fromID="E61" fromText="atypical bronchitis" toID="E66" toText="well" type="OVERLAP" />
<TLINK id="ET212" fromID="E61" fromText="atypical bronchitis" toID="E64" toText="home nocturnal cpap" type="OVERLAP" />
<TLINK id="ET214" fromID="E61" fromText="atypical bronchitis" toID="E63" toText="o2 sat" type="OVERLAP" />
<TLINK id="ET215" fromID="E61" fromText="atypical bronchitis" toID="E67" toText="nc" type="OVERLAP" />
<TLINK id="ET217" fromID="E61" fromText="atypical bronchitis" toID="E65" toText="tolerated" type="OVERLAP" />
<TLINK id="ET220" fromID="T0" fromText="03/13/2006" toID="E18" toText="rr28" type="AFTER" />
<TLINK id="ET227" fromID="E18" fromText="rr28" toID="E19" toText="o2 sats" type="OVERLAP" />
<TLINK id="ET232" fromID="T0" fromText="03/13/2006" toID="E7" toText="fatigue" type="AFTER" />
<TLINK id="ET235" fromID="E7" fromText="fatigue" toID="E8" toText="urinary incontinence" type="OVERLAP" />
<TLINK id="ET236" fromID="E7" fromText="fatigue" toID="E9" toText="shaking" type="OVERLAP" />
<TLINK id="ET24" fromID="T0" fromText="03/13/2006" toID="E22" toText="speaking in complete sentences" type="OVERLAP" />
<TLINK id="ET243" fromID="E7" fromText="fatigue" toID="E10" toText="increased sputum production" type="OVERLAP" />
<TLINK id="ET246" fromID="T0" fromText="03/13/2006" toID="E54" toText="taper slowly" type="AFTER" />
<TLINK id="ET247" fromID="E54" fromText="taper slowly" toID="T2" toText="5 day" type="OVERLAP" />
<TLINK id="ET248" fromID="E54" fromText="taper slowly" toID="E66" toText="well" type="OVERLAP" />
<TLINK id="ET249" fromID="E54" fromText="taper slowly" toID="E61" toText="atypical bronchitis" type="OVERLAP" />
<TLINK id="ET251" fromID="E54" fromText="taper slowly" toID="E64" toText="home nocturnal cpap" type="OVERLAP" />
<TLINK id="ET253" fromID="E54" fromText="taper slowly" toID="E55" toText="tolerated" type="OVERLAP" />
<TLINK id="ET254" fromID="E54" fromText="taper slowly" toID="E63" toText="o2 sat" type="OVERLAP" />
<TLINK id="ET255" fromID="E54" fromText="taper slowly" toID="E67" toText="nc" type="OVERLAP" />
<TLINK id="ET256" fromID="E54" fromText="taper slowly" toID="E57" toText="advair" type="OVERLAP" />
<TLINK id="ET258" fromID="E54" fromText="taper slowly" toID="E56" toText="duonebs" type="OVERLAP" />
<TLINK id="ET259" fromID="E54" fromText="taper slowly" toID="E62" toText="claritin" type="OVERLAP" />
<TLINK id="ET260" fromID="E54" fromText="taper slowly" toID="E58" toText="singulair" type="OVERLAP" />
<TLINK id="ET261" fromID="E54" fromText="taper slowly" toID="E59" toText="spiriva" type="OVERLAP" />
<TLINK id="ET262" fromID="E54" fromText="taper slowly" toID="E60" toText="azithromycin" type="OVERLAP" />
<TLINK id="ET263" fromID="E54" fromText="taper slowly" toID="E65" toText="tolerated" type="BEFORE" />
<TLINK id="ET266" fromID="T0" fromText="03/13/2006" toID="E89" toText="pt" type="AFTER" />
<TLINK id="ET268" fromID="E89" fromText="pt" toID="E88" toText="consulted" type="OVERLAP" />
<TLINK id="ET270" fromID="T0" fromText="03/13/2006" toID="E83" toText="ada diet" type="AFTER" />
<TLINK id="ET279" fromID="T0" fromText="03/13/2006" toID="E33" toText="ekg" type="AFTER" />
<TLINK id="ET285" fromID="E33" fromText="ekg" toID="E34" toText="st changes" type="OVERLAP" />
<TLINK id="ET289" fromID="T0" fromText="03/13/2006" toID="E6" toText="generalized weakness" type="AFTER" />
<TLINK id="ET292" fromID="E6" fromText="generalized weakness" toID="E8" toText="urinary incontinence" type="OVERLAP" />
<TLINK id="ET293" fromID="E6" fromText="generalized weakness" toID="E9" toText="shaking" type="OVERLAP" />
<TLINK id="ET294" fromID="E6" fromText="generalized weakness" toID="E7" toText="fatigue" type="OVERLAP" />
<TLINK id="ET301" fromID="E6" fromText="generalized weakness" toID="E10" toText="increased sputum production" type="OVERLAP" />
<TLINK id="ET304" fromID="T0" fromText="03/13/2006" toID="E28" toText="abd benign" type="AFTER" />
<TLINK id="ET310" fromID="E28" fromText="abd benign" toID="E30" toText="alert and oriented times three" type="OVERLAP" />
<TLINK id="ET311" fromID="E28" fromText="abd benign" toID="E31" toText="focal deficits" type="AFTER" />
<TLINK id="ET312" fromID="E28" fromText="abd benign" toID="E29" toText="edema" type="AFTER" />
<TLINK id="ET314" fromID="E28" fromText="abd benign" toID="E32" toText="conversant" type="OVERLAP" />
<TLINK id="ET317" fromID="T0" fromText="03/13/2006" toID="E45" toText="frequent exacerbations" type="AFTER" />
<TLINK id="ET321" fromID="E45" fromText="frequent exacerbations" toID="E46" toText="typical flare symptoms" type="OVERLAP" />
<TLINK id="ET327" fromID="T0" fromText="03/13/2006" toID="E64" toText="home nocturnal cpap" type="OVERLAP" />
<TLINK id="ET328" fromID="T2" fromText="5 day" toID="E64" toText="home nocturnal cpap" type="OVERLAP" />
<TLINK id="ET331" fromID="E64" fromText="home nocturnal cpap" toID="E66" toText="well" type="OVERLAP" />
<TLINK id="ET339" fromID="E64" fromText="home nocturnal cpap" toID="E67" toText="nc" type="BEFORE" />
<TLINK id="ET352" fromID="E64" fromText="home nocturnal cpap" toID="E65" toText="tolerated" type="OVERLAP" />
<TLINK id="ET355" fromID="T0" fromText="03/13/2006" toID="E2" toText="dm" type="AFTER" />
<TLINK id="ET358" fromID="E2" fromText="dm" toID="E8" toText="urinary incontinence" type="OVERLAP" />
<TLINK id="ET359" fromID="E2" fromText="dm" toID="E9" toText="shaking" type="OVERLAP" />
<TLINK id="ET360" fromID="E2" fromText="dm" toID="E7" toText="fatigue" type="OVERLAP" />
<TLINK id="ET362" fromID="E2" fromText="dm" toID="E6" toText="generalized weakness" type="OVERLAP" />
<TLINK id="ET366" fromID="E2" fromText="dm" toID="E3" toText="copd" type="OVERLAP" />
<TLINK id="ET368" fromID="E2" fromText="dm" toID="E4" toText="2l nc" type="OVERLAP" />
<TLINK id="ET370" fromID="E2" fromText="dm" toID="E10" toText="increased sputum production" type="OVERLAP" />
<TLINK id="ET371" fromID="E2" fromText="dm" toID="E5" toText="bipap" type="OVERLAP" />
<TLINK id="ET374" fromID="T0" fromText="03/13/2006" toID="E46" toText="typical flare symptoms" type="AFTER" />
<TLINK id="ET384" fromID="T0" fromText="03/13/2006" toID="E49" toText="failure" type="AFTER" />
<TLINK id="ET39" fromID="E22" fromText="speaking in complete sentences" toID="E28" toText="abd benign" type="OVERLAP" />
<TLINK id="ET394" fromID="T0" fromText="03/13/2006" toID="E14" toText="solumedrol" type="AFTER" />
<TLINK id="ET406" fromID="T0" fromText="03/13/2006" toID="E87" toText="resp status improved" type="AFTER" />
<TLINK id="ET408" fromID="E87" fromText="resp status improved" toID="E89" toText="pt" type="OVERLAP" />
<TLINK id="ET409" fromID="E87" fromText="resp status improved" toID="E88" toText="consulted" type="OVERLAP" />
<TLINK id="ET411" fromID="T0" fromText="03/13/2006" toID="E55" toText="tolerated" type="AFTER" />
<TLINK id="ET412" fromID="E55" fromText="tolerated" toID="T2" toText="5 day" type="BEFORE" />
<TLINK id="ET415" fromID="E55" fromText="tolerated" toID="E66" toText="well" type="OVERLAP" />
<TLINK id="ET418" fromID="E55" fromText="tolerated" toID="E61" toText="atypical bronchitis" type="OVERLAP" />
<TLINK id="ET421" fromID="E55" fromText="tolerated" toID="E64" toText="home nocturnal cpap" type="OVERLAP" />
<TLINK id="ET425" fromID="E55" fromText="tolerated" toID="E63" toText="o2 sat" type="OVERLAP" />
<TLINK id="ET431" fromID="E55" fromText="tolerated" toID="E57" toText="advair" type="OVERLAP" />
<TLINK id="ET435" fromID="E55" fromText="tolerated" toID="E56" toText="duonebs" type="OVERLAP" />
<TLINK id="ET436" fromID="E55" fromText="tolerated" toID="E62" toText="claritin" type="OVERLAP" />
<TLINK id="ET439" fromID="E55" fromText="tolerated" toID="E58" toText="singulair" type="OVERLAP" />
<TLINK id="ET441" fromID="E55" fromText="tolerated" toID="E59" toText="spiriva" type="OVERLAP" />
<TLINK id="ET444" fromID="E55" fromText="tolerated" toID="E60" toText="azithromycin" type="OVERLAP" />
<TLINK id="ET448" fromID="T0" fromText="03/13/2006" toID="E42" toText="diffusely wheezy" type="AFTER" />
<TLINK id="ET454" fromID="E42" fromText="diffusely wheezy" toID="E43" toText="2l o2 requirement" type="OVERLAP" />
<TLINK id="ET458" fromID="T0" fromText="03/13/2006" toID="E27" toText="distant" type="AFTER" />
<TLINK id="ET461" fromID="E27" fromText="distant" toID="E28" toText="abd benign" type="OVERLAP" />
<TLINK id="ET465" fromID="E27" fromText="distant" toID="E30" toText="alert and oriented times three" type="OVERLAP" />
<TLINK id="ET466" fromID="E27" fromText="distant" toID="E31" toText="focal deficits" type="OVERLAP" />
<TLINK id="ET467" fromID="E27" fromText="distant" toID="E29" toText="edema" type="OVERLAP" />
<TLINK id="ET469" fromID="E27" fromText="distant" toID="E32" toText="conversant" type="OVERLAP" />
<TLINK id="ET47" fromID="E22" fromText="speaking in complete sentences" toID="E27" toText="distant" type="AFTER" />
<TLINK id="ET472" fromID="T0" fromText="03/13/2006" toID="E3" toText="copd" type="AFTER" />
<TLINK id="ET475" fromID="E3" fromText="copd" toID="E8" toText="urinary incontinence" type="OVERLAP" />
<TLINK id="ET476" fromID="E3" fromText="copd" toID="E9" toText="shaking" type="OVERLAP" />
<TLINK id="ET477" fromID="E3" fromText="copd" toID="E7" toText="fatigue" type="OVERLAP" />
<TLINK id="ET479" fromID="E3" fromText="copd" toID="E6" toText="generalized weakness" type="OVERLAP" />
<TLINK id="ET484" fromID="E3" fromText="copd" toID="E4" toText="2l nc" type="OVERLAP" />
<TLINK id="ET486" fromID="E3" fromText="copd" toID="E10" toText="increased sputum production" type="OVERLAP" />
<TLINK id="ET487" fromID="E3" fromText="copd" toID="E5" toText="bipap" type="OVERLAP" />
<TLINK id="ET490" fromID="T0" fromText="03/13/2006" toID="E41" toText="still poor air movement" type="AFTER" />
<TLINK id="ET496" fromID="E41" fromText="still poor air movement" toID="E42" toText="diffusely wheezy" type="OVERLAP" />
<TLINK id="ET497" fromID="E41" fromText="still poor air movement" toID="E43" toText="2l o2 requirement" type="OVERLAP" />
<TLINK id="ET501" fromID="T0" fromText="03/13/2006" toID="E85" toText="ppi" type="AFTER" />
<TLINK id="ET507" fromID="T0" fromText="03/13/2006" toID="E75" toText="iron" type="AFTER" />
<TLINK id="ET514" fromID="T0" fromText="03/13/2006" toID="E63" toText="o2 sat" type="AFTER" />
<TLINK id="ET515" fromID="T2" fromText="5 day" toID="E63" toText="o2 sat" type="OVERLAP" />
<TLINK id="ET516" fromID="E63" fromText="o2 sat" toID="E66" toText="well" type="OVERLAP" />
<TLINK id="ET518" fromID="E63" fromText="o2 sat" toID="E64" toText="home nocturnal cpap" type="OVERLAP" />
<TLINK id="ET520" fromID="E63" fromText="o2 sat" toID="E67" toText="nc" type="OVERLAP" />
<TLINK id="ET522" fromID="E63" fromText="o2 sat" toID="E65" toText="tolerated" type="OVERLAP" />
<TLINK id="ET525" fromID="T0" fromText="03/13/2006" toID="E67" toText="nc" type="AFTER" />
<TLINK id="ET526" fromID="T2" fromText="5 day" toID="E67" toText="nc" type="BEFORE" />
<TLINK id="ET533" fromID="T0" fromText="03/13/2006" toID="E72" toText="closely monitor" type="AFTER" />
<TLINK id="ET540" fromID="T0" fromText="03/13/2006" toID="E78" toText="steroids" type="AFTER" />
<TLINK id="ET547" fromID="T0" fromText="03/13/2006" toID="E86" toText="rehab" type="AFTER" />
<TLINK id="ET549" fromID="E86" fromText="rehab" toID="E89" toText="pt" type="OVERLAP" />
<TLINK id="ET550" fromID="E86" fromText="rehab" toID="E87" toText="resp status improved" type="OVERLAP" />
<TLINK id="ET551" fromID="E86" fromText="rehab" toID="E88" toText="consulted" type="OVERLAP" />
<TLINK id="ET553" fromID="T0" fromText="03/13/2006" toID="E80" toText="wbc" type="AFTER" />
<TLINK id="ET555" fromID="E80" fromText="wbc" toID="E82" toText="copd flare" type="AFTER" />
<TLINK id="ET559" fromID="E80" fromText="wbc" toID="E81" toText="azithromycin" type="OVERLAP" />
<TLINK id="ET561" fromID="T0" fromText="03/13/2006" toID="E19" toText="o2 sats" type="AFTER" />
<TLINK id="ET573" fromID="T0" fromText="03/13/2006" toID="E50" toText="copd" type="AFTER" />
<TLINK id="ET583" fromID="T0" fromText="03/13/2006" toID="E40" toText="improving" type="AFTER" />
<TLINK id="ET589" fromID="E40" fromText="improving" toID="E41" toText="still poor air movement" type="AFTER" />
<TLINK id="ET590" fromID="E40" fromText="improving" toID="E43" toText="2l o2 requirement" type="OVERLAP" />
<TLINK id="ET594" fromID="T0" fromText="03/13/2006" toID="E35" toText="cxr" type="AFTER" />
<TLINK id="ET596" fromID="E35" fromText="cxr" toID="E39" toText="u / a" type="OVERLAP" />
<TLINK id="ET602" fromID="E35" fromText="cxr" toID="E37" toText="edema" type="OVERLAP" />
<TLINK id="ET603" fromID="E35" fromText="cxr" toID="E38" toText="old biapical scarring" type="AFTER" />
<TLINK id="ET604" fromID="E35" fromText="cxr" toID="E36" toText="focal consolidation" type="OVERLAP" />
<TLINK id="ET607" fromID="T0" fromText="03/13/2006" toID="E43" toText="2l o2 requirement" type="AFTER" />
<TLINK id="ET617" fromID="T0" fromText="03/13/2006" toID="E57" toText="advair" type="AFTER" />
<TLINK id="ET618" fromID="E57" fromText="advair" toID="T2" toText="5 day" type="OVERLAP" />
<TLINK id="ET619" fromID="E57" fromText="advair" toID="E66" toText="well" type="OVERLAP" />
<TLINK id="ET62" fromID="E22" fromText="speaking in complete sentences" toID="E30" toText="alert and oriented times three" type="OVERLAP" />
<TLINK id="ET620" fromID="E57" fromText="advair" toID="E61" toText="atypical bronchitis" type="AFTER" />
<TLINK id="ET622" fromID="E57" fromText="advair" toID="E64" toText="home nocturnal cpap" type="OVERLAP" />
<TLINK id="ET624" fromID="E57" fromText="advair" toID="E63" toText="o2 sat" type="OVERLAP" />
<TLINK id="ET625" fromID="E57" fromText="advair" toID="E67" toText="nc" type="OVERLAP" />
<TLINK id="ET627" fromID="E57" fromText="advair" toID="E58" toText="singulair" type="OVERLAP" />
<TLINK id="ET628" fromID="E57" fromText="advair" toID="E65" toText="tolerated" type="OVERLAP" />
<TLINK id="ET63" fromID="E22" fromText="speaking in complete sentences" toID="E24" toText="wheezes" type="BEFORE" />
<TLINK id="ET631" fromID="T0" fromText="03/13/2006" toID="E30" toText="alert and oriented times three" type="AFTER" />
<TLINK id="ET66" fromID="E22" fromText="speaking in complete sentences" toID="E31" toText="focal deficits" type="BEFORE" />
<TLINK id="ET669" fromID="E30" fromText="alert and oriented times three" toID="E31" toText="focal deficits" type="BEFORE" />
<TLINK id="ET689" fromID="E30" fromText="alert and oriented times three" toID="E32" toText="conversant" type="OVERLAP" />
<TLINK id="ET693" fromID="T0" fromText="03/13/2006" toID="E24" toText="wheezes" type="AFTER" />
<TLINK id="ET696" fromID="E24" fromText="wheezes" toID="E28" toText="abd benign" type="OVERLAP" />
<TLINK id="ET70" fromID="E22" fromText="speaking in complete sentences" toID="E29" toText="edema" type="BEFORE" />
<TLINK id="ET700" fromID="E24" fromText="wheezes" toID="E27" toText="distant" type="OVERLAP" />
<TLINK id="ET701" fromID="E24" fromText="wheezes" toID="E30" toText="alert and oriented times three" type="OVERLAP" />
<TLINK id="ET702" fromID="E24" fromText="wheezes" toID="E31" toText="focal deficits" type="OVERLAP" />
<TLINK id="ET703" fromID="E24" fromText="wheezes" toID="E29" toText="edema" type="OVERLAP" />
<TLINK id="ET705" fromID="E24" fromText="wheezes" toID="E25" toText="rales" type="OVERLAP" />
<TLINK id="ET706" fromID="E24" fromText="wheezes" toID="E26" toText="rrr" type="OVERLAP" />
<TLINK id="ET707" fromID="E24" fromText="wheezes" toID="E32" toText="conversant" type="OVERLAP" />
<TLINK id="ET710" fromID="T0" fromText="03/13/2006" toID="E17" toText="bp156/81" type="AFTER" />
<TLINK id="ET713" fromID="E17" fromText="bp156/81" toID="E18" toText="rr28" type="OVERLAP" />
<TLINK id="ET72" fromID="E22" fromText="speaking in complete sentences" toID="E23" toText="poor air movement bilaterally" type="AFTER" />
<TLINK id="ET722" fromID="T0" fromText="03/13/2006" toID="E52" toText="steroids" type="AFTER" />
<TLINK id="ET723" fromID="E52" fromText="steroids" toID="T2" toText="5 day" type="OVERLAP" />
<TLINK id="ET724" fromID="E52" fromText="steroids" toID="E66" toText="well" type="OVERLAP" />
<TLINK id="ET725" fromID="E52" fromText="steroids" toID="E61" toText="atypical bronchitis" type="AFTER" />
<TLINK id="ET727" fromID="E52" fromText="steroids" toID="E64" toText="home nocturnal cpap" type="OVERLAP" />
<TLINK id="ET729" fromID="E52" fromText="steroids" toID="E55" toText="tolerated" type="OVERLAP" />
<TLINK id="ET730" fromID="E52" fromText="steroids" toID="E63" toText="o2 sat" type="OVERLAP" />
<TLINK id="ET731" fromID="E52" fromText="steroids" toID="E67" toText="nc" type="OVERLAP" />
<TLINK id="ET732" fromID="E52" fromText="steroids" toID="E57" toText="advair" type="OVERLAP" />
<TLINK id="ET734" fromID="E52" fromText="steroids" toID="E56" toText="duonebs" type="OVERLAP" />
<TLINK id="ET735" fromID="E52" fromText="steroids" toID="E62" toText="claritin" type="OVERLAP" />
<TLINK id="ET736" fromID="E52" fromText="steroids" toID="E58" toText="singulair" type="OVERLAP" />
<TLINK id="ET737" fromID="E52" fromText="steroids" toID="E59" toText="spiriva" type="OVERLAP" />
<TLINK id="ET738" fromID="E52" fromText="steroids" toID="E60" toText="azithromycin" type="OVERLAP" />
<TLINK id="ET739" fromID="E52" fromText="steroids" toID="E53" toText="prednisone" type="OVERLAP" />
<TLINK id="ET740" fromID="E52" fromText="steroids" toID="E65" toText="tolerated" type="OVERLAP" />
<TLINK id="ET743" fromID="T0" fromText="03/13/2006" toID="E4" toText="2l nc" type="AFTER" />
<TLINK id="ET746" fromID="E4" fromText="2l nc" toID="E8" toText="urinary incontinence" type="OVERLAP" />
<TLINK id="ET747" fromID="E4" fromText="2l nc" toID="E9" toText="shaking" type="OVERLAP" />
<TLINK id="ET748" fromID="E4" fromText="2l nc" toID="E7" toText="fatigue" type="OVERLAP" />
<TLINK id="ET750" fromID="E4" fromText="2l nc" toID="E6" toText="generalized weakness" type="BEFORE" />
<TLINK id="ET756" fromID="E4" fromText="2l nc" toID="E10" toText="increased sputum production" type="OVERLAP" />
<TLINK id="ET757" fromID="E4" fromText="2l nc" toID="E5" toText="bipap" type="OVERLAP" />
<TLINK id="ET760" fromID="T0" fromText="03/13/2006" toID="E11" toText="these symptoms" type="AFTER" />
<TLINK id="ET769" fromID="E11" fromText="these symptoms" toID="E12" toText="copd flare" type="OVERLAP" />
<TLINK id="ET772" fromID="T0" fromText="03/13/2006" toID="E34" toText="st changes" type="AFTER" />
<TLINK id="ET782" fromID="T0" fromText="03/13/2006" toID="E31" toText="focal deficits" type="AFTER" />
<TLINK id="ET789" fromID="E31" fromText="focal deficits" toID="E32" toText="conversant" type="OVERLAP" />
<TLINK id="ET792" fromID="T0" fromText="03/13/2006" toID="E68" toText="cr" type="AFTER" />
<TLINK id="ET796" fromID="E68" fromText="cr" toID="E72" toText="closely monitor" type="OVERLAP" />
<TLINK id="ET798" fromID="E68" fromText="cr" toID="E71" toText="uti" type="AFTER" />
<TLINK id="ET799" fromID="E68" fromText="cr" toID="E69" toText="stress incontinence" type="OVERLAP" />
<TLINK id="ET800" fromID="E68" fromText="cr" toID="E70" toText="increased cough" type="AFTER" />
<TLINK id="ET803" fromID="T0" fromText="03/13/2006" toID="E84" toText="lovenox" type="AFTER" />
<TLINK id="ET806" fromID="E84" fromText="lovenox" toID="E85" toText="ppi" type="OVERLAP" />
<TLINK id="ET809" fromID="T0" fromText="03/13/2006" toID="E44" toText="copd" type="AFTER" />
<TLINK id="ET812" fromID="E44" fromText="copd" toID="E45" toText="frequent exacerbations" type="OVERLAP" />
<TLINK id="ET819" fromID="T0" fromText="03/13/2006" toID="E29" toText="edema" type="AFTER" />
<TLINK id="ET825" fromID="E29" fromText="edema" toID="E30" toText="alert and oriented times three" type="OVERLAP" />
<TLINK id="ET826" fromID="E29" fromText="edema" toID="E31" toText="focal deficits" type="OVERLAP" />
<TLINK id="ET828" fromID="E29" fromText="edema" toID="E32" toText="conversant" type="OVERLAP" />
<TLINK id="ET831" fromID="T0" fromText="03/13/2006" toID="E88" toText="consulted" type="AFTER" />
<TLINK id="ET834" fromID="T0" fromText="03/13/2006" toID="E23" toText="poor air movement bilaterally" type="AFTER" />
<TLINK id="ET837" fromID="E23" fromText="poor air movement bilaterally" toID="E28" toText="abd benign" type="OVERLAP" />
<TLINK id="ET84" fromID="E22" fromText="speaking in complete sentences" toID="E25" toText="rales" type="BEFORE" />
<TLINK id="ET841" fromID="E23" fromText="poor air movement bilaterally" toID="E27" toText="distant" type="OVERLAP" />
<TLINK id="ET842" fromID="E23" fromText="poor air movement bilaterally" toID="E30" toText="alert and oriented times three" type="OVERLAP" />
<TLINK id="ET843" fromID="E23" fromText="poor air movement bilaterally" toID="E24" toText="wheezes" type="OVERLAP" />
<TLINK id="ET844" fromID="E23" fromText="poor air movement bilaterally" toID="E31" toText="focal deficits" type="OVERLAP" />
<TLINK id="ET845" fromID="E23" fromText="poor air movement bilaterally" toID="E29" toText="edema" type="OVERLAP" />
<TLINK id="ET847" fromID="E23" fromText="poor air movement bilaterally" toID="E25" toText="rales" type="OVERLAP" />
<TLINK id="ET848" fromID="E23" fromText="poor air movement bilaterally" toID="E26" toText="rrr" type="OVERLAP" />
<TLINK id="ET849" fromID="E23" fromText="poor air movement bilaterally" toID="E32" toText="conversant" type="OVERLAP" />
<TLINK id="ET852" fromID="T0" fromText="03/13/2006" toID="E37" toText="edema" type="AFTER" />
<TLINK id="ET859" fromID="E37" fromText="edema" toID="E38" toText="old biapical scarring" type="OVERLAP" />
<TLINK id="ET862" fromID="T0" fromText="03/13/2006" toID="E56" toText="duonebs" type="AFTER" />
<TLINK id="ET863" fromID="E56" fromText="duonebs" toID="T2" toText="5 day" type="OVERLAP" />
<TLINK id="ET864" fromID="E56" fromText="duonebs" toID="E66" toText="well" type="OVERLAP" />
<TLINK id="ET865" fromID="E56" fromText="duonebs" toID="E61" toText="atypical bronchitis" type="AFTER" />
<TLINK id="ET867" fromID="E56" fromText="duonebs" toID="E64" toText="home nocturnal cpap" type="OVERLAP" />
<TLINK id="ET869" fromID="E56" fromText="duonebs" toID="E63" toText="o2 sat" type="OVERLAP" />
<TLINK id="ET87" fromID="E22" fromText="speaking in complete sentences" toID="E26" toText="rrr" type="OVERLAP" />
<TLINK id="ET870" fromID="E56" fromText="duonebs" toID="E67" toText="nc" type="OVERLAP" />
<TLINK id="ET871" fromID="E56" fromText="duonebs" toID="E57" toText="advair" type="OVERLAP" />
<TLINK id="ET873" fromID="E56" fromText="duonebs" toID="E65" toText="tolerated" type="OVERLAP" />
<TLINK id="ET876" fromID="T0" fromText="03/13/2006" toID="E20" toText="nad" type="AFTER" />
<TLINK id="ET878" fromID="E20" fromText="nad" toID="E22" toText="speaking in complete sentences" type="OVERLAP" />
<TLINK id="ET879" fromID="E20" fromText="nad" toID="E21" toText="pleasant" type="OVERLAP" />
<TLINK id="ET881" fromID="E20" fromText="nad" toID="E28" toText="abd benign" type="OVERLAP" />
<TLINK id="ET885" fromID="E20" fromText="nad" toID="E27" toText="distant" type="OVERLAP" />
<TLINK id="ET886" fromID="E20" fromText="nad" toID="E30" toText="alert and oriented times three" type="OVERLAP" />
<TLINK id="ET887" fromID="E20" fromText="nad" toID="E24" toText="wheezes" type="OVERLAP" />
<TLINK id="ET888" fromID="E20" fromText="nad" toID="E31" toText="focal deficits" type="OVERLAP" />
<TLINK id="ET889" fromID="E20" fromText="nad" toID="E29" toText="edema" type="OVERLAP" />
<TLINK id="ET891" fromID="E20" fromText="nad" toID="E23" toText="poor air movement bilaterally" type="OVERLAP" />
<TLINK id="ET892" fromID="E20" fromText="nad" toID="E25" toText="rales" type="OVERLAP" />
<TLINK id="ET893" fromID="E20" fromText="nad" toID="E26" toText="rrr" type="OVERLAP" />
<TLINK id="ET894" fromID="E20" fromText="nad" toID="E32" toText="conversant" type="OVERLAP" />
<TLINK id="ET897" fromID="T0" fromText="03/13/2006" toID="E38" toText="old biapical scarring" type="AFTER" />
<TLINK id="ET899" fromID="E38" fromText="old biapical scarring" toID="E39" toText="u / a" type="OVERLAP" />
<TLINK id="ET90" fromID="E22" fromText="speaking in complete sentences" toID="E32" toText="conversant" type="OVERLAP" />
<TLINK id="ET907" fromID="T0" fromText="03/13/2006" toID="E62" toText="claritin" type="AFTER" />
<TLINK id="ET908" fromID="E62" fromText="claritin" toID="T2" toText="5 day" type="OVERLAP" />
<TLINK id="ET909" fromID="E62" fromText="claritin" toID="E66" toText="well" type="OVERLAP" />
<TLINK id="ET910" fromID="E62" fromText="claritin" toID="E61" toText="atypical bronchitis" type="AFTER" />
<TLINK id="ET912" fromID="E62" fromText="claritin" toID="E64" toText="home nocturnal cpap" type="OVERLAP" />
<TLINK id="ET914" fromID="E62" fromText="claritin" toID="E63" toText="o2 sat" type="OVERLAP" />
<TLINK id="ET915" fromID="E62" fromText="claritin" toID="E67" toText="nc" type="OVERLAP" />
<TLINK id="ET917" fromID="E62" fromText="claritin" toID="E60" toText="azithromycin" type="OVERLAP" />
<TLINK id="ET918" fromID="E62" fromText="claritin" toID="E65" toText="tolerated" type="OVERLAP" />
<TLINK id="ET921" fromID="E0" fromText="admission" toID="T0" toText="03/13/2006" type="OVERLAP" />
<TLINK id="ET922" fromID="E0" fromText="admission" toID="T2" toText="5 day" type="AFTER" />
<TLINK id="ET94" fromID="T0" fromText="03/13/2006" toID="E74" toText="chronic fe deficiency anemia" type="AFTER" />
<TLINK id="ET98" fromID="E74" fromText="chronic fe deficiency anemia" toID="E75" toText="iron" type="OVERLAP" />
<TLINK id="T2" fromID="E0" fromText="admission" toID="T0" toText="03/13/2006" type="OVERLAP" />
<TLINK id="T3" fromID="E1" fromText="discharge" toID="T1" toText="03/19/2006" type="OVERLAP" />
</TAGS>
</ClinicalNarrativeTemporalAnnotation>
