<?xml version="1.0" encoding="UTF-8" ?>
<ClinicalNarrativeTemporalAnnotation>
<TEXT><![CDATA[
Admission Date :
2010-07-15
Discharge Date :
2010-07-18
Service :
KULAND
HISTORY OF PRESENT ILLNESS :
The patient is a 32-year-old white female with history of diabetes type 1 and migraines who presented with complaints of nausea , diarrhea and vomiting for 24 hours .
Patient states she was unable to take her usual insulin regimen because she was vomiting .
The patient denied any fevers , chills , chest pain , shortness of breath or dysuria but does state she had her usual migraine headache the night prior to admission .
The patient 's arterial blood gases in the Emergency Department were 7.19 , 22 and 109 with a bicarbonate of 9 and a fingerstick of greater than 500 .
Patient was given two boluses of 15 units of regular insulin and was started on an insulin drip of one unit per hour and given a total of five liters of normal saline .
Her fingersticks decreased with the insulin drip and the intravenous fluids .
The patient was admitted to the Intensive Care Unit for an insulin drip and frequent blood sugar monitoring and Chem-7 monitoring .
The patient did well overnight in the Medical Intensive Care Unit .
Her anion gap closed and her fingersticks were less than 200 .
Her NPH and a regular sliding scale were started and her drip was discontinued .
The patient denied any more gastrointestinal symptoms .
HOSPITAL COURSE :
As above , and once transferred to the floor , patient had fingersticks monitored every four hours with a sliding scale .
Patient reached goal of fingersticks between 50 and 300 , which is what she maintains at home .
Sliding scale was adjusted as necessary .
Patient was continued on intravenous fluids until taking good po .
Infectious Disease :
The patient had an elevated white count upon admission , however , white count came down to 7.1 and prior to discharge , patient was afebrile and no clear etiology for elevated white blood cell on admission , questionably secondary to short gastrointestinal infection , however , patient is completely symptom free upon discharge .
Fluid , electrolytes and nutrition :
The patient 's electrolytes were repleted as necessary .
Potassium was given with her intravenous fluids and phosphate will be repleted as patient increases her po intake .
]]></TEXT>
<TAGS>
<EVENT id="E37" start="1002" end="1033" text="frequent blood sugar monitoring" modality="FACTUAL" polarity="POS" type="TEST" />
<EVENT id="E38" start="1038" end="1055" text="Chem-7 monitoring" modality="FACTUAL" polarity="POS" type="TEST" />
<EVENT id="E39" start="1070" end="1078" text="did well" modality="FACTUAL" polarity="POS" type="OCCURRENCE" />
<EVENT id="E40" start="1092" end="1123" text="the Medical Intensive Care Unit" modality="FACTUAL" polarity="POS" type="CLINICAL_DEPT" />
<EVENT id="E41" start="1126" end="1139" text="Her anion gap" modality="FACTUAL" polarity="POS" type="TEST" />
<EVENT id="E42" start="1151" end="1167" text="her fingersticks" modality="FACTUAL" polarity="POS" type="TEST" />
<EVENT id="E43" start="1189" end="1196" text="Her NPH" modality="FACTUAL" polarity="POS" type="TREATMENT" />
<EVENT id="E44" start="1201" end="1224" text="a regular sliding scale" modality="FACTUAL" polarity="POS" type="TREATMENT" />
<EVENT id="E45" start="1242" end="1250" text="her drip" modality="FACTUAL" polarity="POS" type="TREATMENT" />
<EVENT id="E46" start="1282" end="1288" text="denied" modality="FACTUAL" polarity="POS" type="EVIDENTIAL" />
<EVENT id="E47" start="1289" end="1323" text="any more gastrointestinal symptoms" modality="FACTUAL" polarity="NEG" type="PROBLEM" />
<EVENT id="E48" start="1364" end="1375" text="transferred" modality="FACTUAL" polarity="POS" type="OCCURRENCE" />
<EVENT id="E49" start="1379" end="1388" text="the floor" modality="FACTUAL" polarity="POS" type="CLINICAL_DEPT" />
<EVENT id="E50" start="1403" end="1415" text="fingersticks" modality="FACTUAL" polarity="POS" type="TEST" />
<EVENT id="E51" start="1448" end="1463" text="a sliding scale" modality="FACTUAL" polarity="POS" type="TREATMENT" />
<EVENT id="E52" start="1490" end="1502" text="fingersticks" modality="FACTUAL" polarity="POS" type="TEST" />
<EVENT id="E53" start="1562" end="1575" text="Sliding scale" modality="FACTUAL" polarity="POS" type="TREATMENT" />
<EVENT id="E2" start="161" end="176" text="diabetes type 1" modality="FACTUAL" polarity="POS" type="PROBLEM" />
<EVENT id="E54" start="1629" end="1647" text="intravenous fluids" modality="FACTUAL" polarity="POS" type="TREATMENT" />
<EVENT id="E55" start="1661" end="1668" text="good po" modality="FACTUAL" polarity="POS" type="OCCURRENCE" />
<EVENT id="E56" start="1708" end="1731" text="an elevated white count" modality="FACTUAL" polarity="POS" type="PROBLEM" />
<EVENT id="E57" start="1737" end="1746" text="admission" modality="FACTUAL" polarity="POS" type="OCCURRENCE" />
<EVENT id="E58" start="1759" end="1770" text="white count" modality="FACTUAL" polarity="POS" type="TEST" />
<EVENT id="E59" start="1801" end="1810" text="discharge" modality="FACTUAL" polarity="POS" type="OCCURRENCE" />
<EVENT id="E60" start="1825" end="1833" text="afebrile" modality="FACTUAL" polarity="POS" type="PROBLEM" />
<EVENT id="E3" start="181" end="190" text="migraines" modality="FACTUAL" polarity="POS" type="PROBLEM" />
<EVENT id="E61" start="1860" end="1885" text="elevated white blood cell" modality="FACTUAL" polarity="POS" type="PROBLEM" />
<EVENT id="E62" start="1889" end="1898" text="admission" modality="FACTUAL" polarity="POS" type="OCCURRENCE" />
<EVENT id="E63" start="1927" end="1959" text="short gastrointestinal infection" modality="POSSIBLE" polarity="POS" type="PROBLEM" />
<EVENT id="E4" start="195" end="204" text="presented" modality="FACTUAL" polarity="POS" type="EVIDENTIAL" />
<EVENT id="E64" start="1994" end="2006" text="symptom free" modality="FACTUAL" polarity="POS" type="OCCURRENCE" />
<EVENT id="E65" start="2012" end="2021" text="discharge" modality="FACTUAL" polarity="POS" type="OCCURRENCE" />
<EVENT id="E66" start="2061" end="2088" text="The patient 's electrolytes" modality="FACTUAL" polarity="POS" type="TEST" />
<EVENT id="E67" start="2094" end="2102" text="repleted" modality="FACTUAL" polarity="POS" type="TREATMENT" />
<EVENT id="E5" start="210" end="220" text="complaints" modality="FACTUAL" polarity="POS" type="EVIDENTIAL" />
<EVENT id="E68" start="2118" end="2127" text="Potassium" modality="FACTUAL" polarity="POS" type="TREATMENT" />
<EVENT id="E69" start="2143" end="2165" text="her intravenous fluids" modality="FACTUAL" polarity="POS" type="TREATMENT" />
<EVENT id="E70" start="2170" end="2179" text="phosphate" modality="FACTUAL" polarity="POS" type="TREATMENT" />
<EVENT id="E71" start="2188" end="2196" text="repleted" modality="FACTUAL" polarity="POS" type="TREATMENT" />
<EVENT id="E72" start="2218" end="2231" text="her po intake" modality="FACTUAL" polarity="POS" type="OCCURRENCE" />
<EVENT id="E6" start="224" end="230" text="nausea" modality="FACTUAL" polarity="POS" type="PROBLEM" />
<EVENT id="E7" start="233" end="241" text="diarrhea" modality="FACTUAL" polarity="POS" type="PROBLEM" />
<EVENT id="E8" start="246" end="254" text="vomiting" modality="FACTUAL" polarity="POS" type="PROBLEM" />
<EVENT id="E10" start="278" end="284" text="states" modality="FACTUAL" polarity="POS" type="EVIDENTIAL" />
<EVENT id="E11" start="293" end="307" text="unable to take" modality="FACTUAL" polarity="POS" type="PROBLEM" />
<EVENT id="E0" start="1" end="10" text="Admission" modality="FACTUAL" polarity="POS" type="OCCURRENCE" />
<EVENT id="E1" start="29" end="38" text="Discharge" modality="FACTUAL" polarity="POS" type="OCCURRENCE" />
<EVENT id="E12" start="308" end="333" text="her usual insulin regimen" modality="FACTUAL" polarity="POS" type="TREATMENT" />
<EVENT id="E13" start="350" end="358" text="vomiting" modality="FACTUAL" polarity="POS" type="PROBLEM" />
<EVENT id="E14" start="373" end="379" text="denied" modality="FACTUAL" polarity="POS" type="EVIDENTIAL" />
<EVENT id="E16" start="384" end="390" text="fevers" modality="FACTUAL" polarity="POS" type="PROBLEM" />
<EVENT id="E17" start="393" end="399" text="chills" modality="FACTUAL" polarity="NEG" type="PROBLEM" />
<EVENT id="E18" start="402" end="412" text="chest pain" modality="FACTUAL" polarity="NEG" type="PROBLEM" />
<EVENT id="E19" start="415" end="434" text="shortness of breath" modality="FACTUAL" polarity="NEG" type="PROBLEM" />
<EVENT id="E20" start="438" end="445" text="dysuria" modality="FACTUAL" polarity="NEG" type="PROBLEM" />
<EVENT id="E21" start="455" end="460" text="state" modality="FACTUAL" polarity="POS" type="EVIDENTIAL" />
<EVENT id="E22" start="469" end="496" text="her usual migraine headache" modality="FACTUAL" polarity="POS" type="PROBLEM" />
<EVENT id="E9" start="516" end="525" text="admission" modality="FACTUAL" polarity="POS" type="OCCURRENCE" />
<EVENT id="E23" start="528" end="563" text="The patient 's arterial blood gases" modality="FACTUAL" polarity="POS" type="TEST" />
<EVENT id="E24" start="567" end="591" text="the Emergency Department" modality="FACTUAL" polarity="POS" type="CLINICAL_DEPT" />
<EVENT id="E25" start="620" end="633" text="a bicarbonate" modality="FACTUAL" polarity="POS" type="TEST" />
<EVENT id="E26" start="643" end="656" text="a fingerstick" modality="FACTUAL" polarity="POS" type="TEST" />
<EVENT id="E27" start="697" end="739" text="two boluses of 15 units of regular insulin" modality="FACTUAL" polarity="POS" type="TREATMENT" />
<EVENT id="E28" start="759" end="774" text="an insulin drip" modality="FACTUAL" polarity="POS" type="TREATMENT" />
<EVENT id="E29" start="806" end="845" text="a total of five liters of normal saline" modality="FACTUAL" polarity="POS" type="TREATMENT" />
<EVENT id="E30" start="848" end="864" text="Her fingersticks" modality="FACTUAL" polarity="POS" type="TEST" />
<EVENT id="E31" start="865" end="874" text="decreased" modality="FACTUAL" polarity="POS" type="OCCURRENCE" />
<EVENT id="E32" start="880" end="896" text="the insulin drip" modality="FACTUAL" polarity="POS" type="TREATMENT" />
<EVENT id="E33" start="901" end="923" text="the intravenous fluids" modality="FACTUAL" polarity="POS" type="TREATMENT" />
<EVENT id="E34" start="942" end="950" text="admitted" modality="FACTUAL" polarity="POS" type="OCCURRENCE" />
<EVENT id="E35" start="954" end="977" text="the Intensive Care Unit" modality="FACTUAL" polarity="POS" type="CLINICAL_DEPT" />
<EVENT id="E36" start="982" end="997" text="an insulin drip" modality="FACTUAL" polarity="POS" type="TREATMENT" />
<TIMEX3 id="T3" start="1079" end="1088" text="overnight" type="DURATION" val="PT8H" mod="NA" />
<TIMEX3 id="T2" start="1426" end="1442" text="every four hours" type="FREQUENCY" val="RPT4H" mod="NA" />
<TIMEX3 id="T0" start="18" end="28" text="2010-07-15" type="DATE" val="2010-07-15" mod="NA" />
<TIMEX3 id="T4" start="259" end="267" text="24 hours" type="DURATION" val="PT24H" mod="NA" />
<TIMEX3 id="T1" start="46" end="56" text="2010-07-18" type="DATE" val="2010-07-18" mod="NA" />
<TIMEX3 id="T5" start="497" end="506" text="the night" type="DATE" val="2010-07-14" mod="END" />
<TIMEX3 id="T6" start="787" end="795" text="per hour" type="FREQUENCY" val="RPT1H" mod="NA" />
<SECTIME id="S0" start="18" end="28" text="2010-07-15" type="ADMISSION" dvalue="2010-07-15" />
<SECTIME id="S1" start="46" end="56" text="2010-07-18" type="DISCHARGE" dvalue="2010-07-18" />
<TLINK id="ET107" fromID="T0" fromText="2010-07-15" toID="E47" toText="any more gastrointestinal symptoms" type="AFTER" />
<TLINK id="ET1074" fromID="T0" fromText="2010-07-15" toID="E12" toText="her usual insulin regimen" type="AFTER" />
<TLINK id="ET1078" fromID="E12" fromText="her usual insulin regimen" toID="E13" toText="vomiting" type="OVERLAP" />
<TLINK id="ET1089" fromID="T1" fromText="2010-07-18" toID="E71" toText="repleted" type="AFTER" />
<TLINK id="ET1095" fromID="E71" fromText="repleted" toID="E72" toText="her po intake" type="OVERLAP" />
<TLINK id="ET1097" fromID="E1" fromText="discharge" toID="T1" toText="2010-07-18" type="OVERLAP" />
<TLINK id="ET1101" fromID="E1" fromText="discharge" toID="T2" toText="every four hours" type="AFTER" />
<TLINK id="ET116" fromID="T1" fromText="2010-07-18" toID="E66" toText="the patient 's electrolytes" type="AFTER" />
<TLINK id="ET1174" fromID="T1" fromText="2010-07-18" toID="E58" toText="white count" type="AFTER" />
<TLINK id="ET1180" fromID="E58" fromText="white count" toID="E61" toText="elevated white blood cell" type="AFTER" />
<TLINK id="ET1181" fromID="E58" fromText="white count" toID="E64" toText="symptom free" type="OVERLAP" />
<TLINK id="ET1182" fromID="E58" fromText="white count" toID="E63" toText="short gastrointestinal infection" type="AFTER" />
<TLINK id="ET1183" fromID="E58" fromText="white count" toID="E62" toText="admission" type="OVERLAP" />
<TLINK id="ET1184" fromID="E58" fromText="white count" toID="E59" toText="discharge" type="BEFORE" />
<TLINK id="ET1185" fromID="E58" fromText="white count" toID="E60" toText="afebrile" type="OVERLAP" />
<TLINK id="ET1186" fromID="E58" fromText="white count" toID="E65" toText="discharge" type="OVERLAP" />
<TLINK id="ET1191" fromID="T0" fromText="2010-07-15" toID="E36" toText="an insulin drip" type="AFTER" />
<TLINK id="ET1197" fromID="E36" fromText="an insulin drip" toID="E37" toText="frequent blood sugar monitoring" type="OVERLAP" />
<TLINK id="ET1199" fromID="E36" fromText="an insulin drip" toID="E38" toText="chem-7 monitoring" type="OVERLAP" />
<TLINK id="ET12" fromID="E48" fromText="transferred" toID="E49" toText="the floor" type="BEFORE" />
<TLINK id="ET1203" fromID="T1" fromText="2010-07-18" toID="E59" toText="discharge" type="OVERLAP" />
<TLINK id="ET1210" fromID="E59" fromText="discharge" toID="E61" toText="elevated white blood cell" type="AFTER" />
<TLINK id="ET1211" fromID="E59" fromText="discharge" toID="E64" toText="symptom free" type="BEFORE" />
<TLINK id="ET1212" fromID="E59" fromText="discharge" toID="E63" toText="short gastrointestinal infection" type="AFTER" />
<TLINK id="ET1216" fromID="E59" fromText="discharge" toID="E62" toText="admission" type="BEFORE" />
<TLINK id="ET122" fromID="E66" fromText="the patient 's electrolytes" toID="E67" toText="repleted" type="OVERLAP" />
<TLINK id="ET1220" fromID="E59" fromText="discharge" toID="E60" toText="afebrile" type="AFTER" />
<TLINK id="ET1223" fromID="T1" fromText="2010-07-18" toID="E69" toText="her intravenous fluids" type="AFTER" />
<TLINK id="ET1229" fromID="E69" fromText="her intravenous fluids" toID="E72" toText="her po intake" type="OVERLAP" />
<TLINK id="ET1230" fromID="E69" fromText="her intravenous fluids" toID="E71" toText="repleted" type="OVERLAP" />
<TLINK id="ET1231" fromID="E69" fromText="her intravenous fluids" toID="E70" toText="phosphate" type="OVERLAP" />
<TLINK id="ET1233" fromID="T1" fromText="2010-07-18" toID="E70" toText="phosphate" type="AFTER" />
<TLINK id="ET1239" fromID="E70" fromText="phosphate" toID="E72" toText="her po intake" type="OVERLAP" />
<TLINK id="ET1240" fromID="E70" fromText="phosphate" toID="E71" toText="repleted" type="OVERLAP" />
<TLINK id="ET1245" fromID="T0" fromText="2010-07-15" toID="E25" toText="a bicarbonate" type="AFTER" />
<TLINK id="ET1256" fromID="E25" fromText="a bicarbonate" toID="E26" toText="a fingerstick" type="OVERLAP" />
<TLINK id="ET1259" fromID="T1" fromText="2010-07-18" toID="E51" toText="a sliding scale" type="AFTER" />
<TLINK id="ET126" fromID="T5" fromText="the night" toID="E9" toText="admission" type="BEFORE" />
<TLINK id="ET1263" fromID="T2" fromText="every four hours" toID="E51" toText="a sliding scale" type="OVERLAP" />
<TLINK id="ET127" fromID="T0" fromText="2010-07-15" toID="E9" toText="admission" type="OVERLAP" />
<TLINK id="ET1274" fromID="T0" fromText="2010-07-15" toID="E26" toText="a fingerstick" type="AFTER" />
<TLINK id="ET1291" fromID="T0" fromText="2010-07-15" toID="E10" toText="states" type="AFTER" />
<TLINK id="ET1295" fromID="E10" fromText="states" toID="E13" toText="vomiting" type="AFTER" />
<TLINK id="ET1299" fromID="E10" fromText="states" toID="E11" toText="unable to take" type="AFTER" />
<TLINK id="ET1304" fromID="E10" fromText="states" toID="E12" toText="her usual insulin regimen" type="OVERLAP" />
<TLINK id="ET1308" fromID="T1" fromText="2010-07-18" toID="E60" toText="afebrile" type="AFTER" />
<TLINK id="ET1314" fromID="E60" fromText="afebrile" toID="E61" toText="elevated white blood cell" type="OVERLAP" />
<TLINK id="ET1315" fromID="E60" fromText="afebrile" toID="E64" toText="symptom free" type="OVERLAP" />
<TLINK id="ET1316" fromID="E60" fromText="afebrile" toID="E63" toText="short gastrointestinal infection" type="OVERLAP" />
<TLINK id="ET1317" fromID="E60" fromText="afebrile" toID="E62" toText="admission" type="OVERLAP" />
<TLINK id="ET1318" fromID="E60" fromText="afebrile" toID="E65" toText="discharge" type="OVERLAP" />
<TLINK id="ET1320" fromID="T1" fromText="2010-07-18" toID="E53" toText="sliding scale" type="AFTER" />
<TLINK id="ET1335" fromID="T0" fromText="2010-07-15" toID="E32" toText="the insulin drip" type="AFTER" />
<TLINK id="ET1340" fromID="E32" fromText="the insulin drip" toID="E33" toText="the intravenous fluids" type="OVERLAP" />
<TLINK id="ET1347" fromID="T1" fromText="2010-07-18" toID="E65" toText="discharge" type="OVERLAP" />
<TLINK id="ET1362" fromID="E5" fromText="complaints" toID="T4" toText="24 hours" type="OVERLAP" />
<TLINK id="ET1364" fromID="T0" fromText="2010-07-15" toID="E5" toText="complaints" type="AFTER" />
<TLINK id="ET1368" fromID="E5" fromText="complaints" toID="E8" toText="vomiting" type="AFTER" />
<TLINK id="ET1371" fromID="E5" fromText="complaints" toID="E7" toText="diarrhea" type="AFTER" />
<TLINK id="ET1372" fromID="E5" fromText="complaints" toID="E6" toText="nausea" type="AFTER" />
<TLINK id="ET1383" fromID="E16" fromText="fevers" toID="T5" toText="the night" type="OVERLAP" />
<TLINK id="ET1384" fromID="T0" fromText="2010-07-15" toID="E16" toText="fevers" type="AFTER" />
<TLINK id="ET1388" fromID="E16" fromText="fevers" toID="E22" toText="her usual migraine headache" type="OVERLAP" />
<TLINK id="ET1389" fromID="E16" fromText="fevers" toID="E21" toText="state" type="OVERLAP" />
<TLINK id="ET1390" fromID="E16" fromText="fevers" toID="E9" toText="admission" type="BEFORE" />
<TLINK id="ET1393" fromID="E16" fromText="fevers" toID="E17" toText="chills" type="OVERLAP" />
<TLINK id="ET1397" fromID="E16" fromText="fevers" toID="E20" toText="dysuria" type="OVERLAP" />
<TLINK id="ET17" fromID="E48" fromText="transferred" toID="E50" toText="fingersticks" type="OVERLAP" />
<TLINK id="ET184" fromID="T0" fromText="2010-07-15" toID="E39" toText="did well" type="AFTER" />
<TLINK id="ET186" fromID="E39" fromText="did well" toID="T3" toText="overnight" type="OVERLAP" />
<TLINK id="ET2" fromID="T1" fromText="2010-07-18" toID="E48" toText="transferred" type="AFTER" />
<TLINK id="ET203" fromID="E39" fromText="did well" toID="E40" toText="the medical intensive care unit" type="OVERLAP" />
<TLINK id="ET221" fromID="T1" fromText="2010-07-18" toID="E61" toText="elevated white blood cell" type="AFTER" />
<TLINK id="ET227" fromID="E61" fromText="elevated white blood cell" toID="E64" toText="symptom free" type="OVERLAP" />
<TLINK id="ET228" fromID="E61" fromText="elevated white blood cell" toID="E63" toText="short gastrointestinal infection" type="OVERLAP" />
<TLINK id="ET229" fromID="E61" fromText="elevated white blood cell" toID="E62" toText="admission" type="OVERLAP" />
<TLINK id="ET230" fromID="E61" fromText="elevated white blood cell" toID="E65" toText="discharge" type="OVERLAP" />
<TLINK id="ET234" fromID="E18" fromText="chest pain" toID="T5" toText="the night" type="OVERLAP" />
<TLINK id="ET235" fromID="T0" fromText="2010-07-15" toID="E18" toText="chest pain" type="AFTER" />
<TLINK id="ET239" fromID="E18" fromText="chest pain" toID="E22" toText="her usual migraine headache" type="OVERLAP" />
<TLINK id="ET240" fromID="E18" fromText="chest pain" toID="E21" toText="state" type="OVERLAP" />
<TLINK id="ET241" fromID="E18" fromText="chest pain" toID="E9" toText="admission" type="BEFORE" />
<TLINK id="ET243" fromID="E18" fromText="chest pain" toID="E19" toText="shortness of breath" type="OVERLAP" />
<TLINK id="ET248" fromID="E18" fromText="chest pain" toID="E20" toText="dysuria" type="OVERLAP" />
<TLINK id="ET254" fromID="E7" fromText="diarrhea" toID="T4" toText="24 hours" type="OVERLAP" />
<TLINK id="ET256" fromID="T0" fromText="2010-07-15" toID="E7" toText="diarrhea" type="AFTER" />
<TLINK id="ET260" fromID="E7" fromText="diarrhea" toID="E8" toText="vomiting" type="OVERLAP" />
<TLINK id="ET271" fromID="T1" fromText="2010-07-18" toID="E54" toText="intravenous fluids" type="AFTER" />
<TLINK id="ET277" fromID="E54" fromText="intravenous fluids" toID="E55" toText="good po" type="OVERLAP" />
<TLINK id="ET28" fromID="E48" fromText="transferred" toID="E51" toText="a sliding scale" type="BEFORE" />
<TLINK id="ET286" fromID="T0" fromText="2010-07-15" toID="E33" toText="the intravenous fluids" type="AFTER" />
<TLINK id="ET298" fromID="E6" fromText="nausea" toID="T4" toText="24 hours" type="OVERLAP" />
<TLINK id="ET300" fromID="T0" fromText="2010-07-15" toID="E6" toText="nausea" type="AFTER" />
<TLINK id="ET304" fromID="E6" fromText="nausea" toID="E8" toText="vomiting" type="OVERLAP" />
<TLINK id="ET307" fromID="E6" fromText="nausea" toID="E7" toText="diarrhea" type="OVERLAP" />
<TLINK id="ET315" fromID="E28" fromText="an insulin drip" toID="T6" toText="per hour" type="OVERLAP" />
<TLINK id="ET319" fromID="T0" fromText="2010-07-15" toID="E28" toText="an insulin drip" type="AFTER" />
<TLINK id="ET327" fromID="E28" fromText="an insulin drip" toID="E29" toText="a total of five liters of normal saline" type="OVERLAP" />
<TLINK id="ET332" fromID="T1" fromText="2010-07-18" toID="E64" toText="symptom free" type="AFTER" />
<TLINK id="ET338" fromID="E64" fromText="symptom free" toID="E65" toText="discharge" type="BEFORE" />
<TLINK id="ET343" fromID="T0" fromText="2010-07-15" toID="E45" toText="her drip" type="AFTER" />
<TLINK id="ET35" fromID="E22" fromText="her usual migraine headache" toID="T5" toText="the night" type="OVERLAP" />
<TLINK id="ET354" fromID="E2" fromText="diabetes type 1" toID="T4" toText="24 hours" type="OVERLAP" />
<TLINK id="ET356" fromID="T0" fromText="2010-07-15" toID="E2" toText="diabetes type 1" type="AFTER" />
<TLINK id="ET36" fromID="T0" fromText="2010-07-15" toID="E22" toText="her usual migraine headache" type="AFTER" />
<TLINK id="ET360" fromID="E2" fromText="diabetes type 1" toID="E8" toText="vomiting" type="OVERLAP" />
<TLINK id="ET363" fromID="E2" fromText="diabetes type 1" toID="E7" toText="diarrhea" type="OVERLAP" />
<TLINK id="ET364" fromID="E2" fromText="diabetes type 1" toID="E6" toText="nausea" type="OVERLAP" />
<TLINK id="ET365" fromID="E2" fromText="diabetes type 1" toID="E3" toText="migraines" type="OVERLAP" />
<TLINK id="ET367" fromID="E2" fromText="diabetes type 1" toID="E4" toText="presented" type="OVERLAP" />
<TLINK id="ET374" fromID="E2" fromText="diabetes type 1" toID="E5" toText="complaints" type="OVERLAP" />
<TLINK id="ET379" fromID="T0" fromText="2010-07-15" toID="E46" toText="denied" type="AFTER" />
<TLINK id="ET383" fromID="E46" fromText="denied" toID="E47" toText="any more gastrointestinal symptoms" type="AFTER" />
<TLINK id="ET389" fromID="T1" fromText="2010-07-18" toID="E49" toText="the floor" type="AFTER" />
<TLINK id="ET393" fromID="E49" fromText="the floor" toID="T2" toText="every four hours" type="OVERLAP" />
<TLINK id="ET395" fromID="E49" fromText="the floor" toID="E50" toText="fingersticks" type="OVERLAP" />
<TLINK id="ET399" fromID="E49" fromText="the floor" toID="E51" toText="a sliding scale" type="OVERLAP" />
<TLINK id="ET40" fromID="E22" fromText="her usual migraine headache" toID="E9" toText="admission" type="BEFORE" />
<TLINK id="ET404" fromID="E14" fromText="denied" toID="T5" toText="the night" type="OVERLAP" />
<TLINK id="ET405" fromID="T0" fromText="2010-07-15" toID="E14" toText="denied" type="AFTER" />
<TLINK id="ET409" fromID="E14" fromText="denied" toID="E22" toText="her usual migraine headache" type="AFTER" />
<TLINK id="ET410" fromID="E14" fromText="denied" toID="E21" toText="state" type="OVERLAP" />
<TLINK id="ET411" fromID="E14" fromText="denied" toID="E9" toText="admission" type="OVERLAP" />
<TLINK id="ET417" fromID="E14" fromText="denied" toID="E20" toText="dysuria" type="AFTER" />
<TLINK id="ET421" fromID="E14" fromText="denied" toID="E16" toText="fevers" type="AFTER" />
<TLINK id="ET423" fromID="T1" fromText="2010-07-18" toID="E55" toText="good po" type="AFTER" />
<TLINK id="ET434" fromID="E27" fromText="two boluses of 15 units of regular insulin" toID="T6" toText="per hour" type="OVERLAP" />
<TLINK id="ET438" fromID="T0" fromText="2010-07-15" toID="E27" toText="two boluses of 15 units of regular insulin" type="AFTER" />
<TLINK id="ET443" fromID="E27" fromText="two boluses of 15 units of regular insulin" toID="E28" toText="an insulin drip" type="OVERLAP" />
<TLINK id="ET447" fromID="E27" fromText="two boluses of 15 units of regular insulin" toID="E29" toText="a total of five liters of normal saline" type="OVERLAP" />
<TLINK id="ET455" fromID="T0" fromText="2010-07-15" toID="E42" toText="her fingersticks" type="AFTER" />
<TLINK id="ET468" fromID="T0" fromText="2010-07-15" toID="E41" toText="her anion gap" type="AFTER" />
<TLINK id="ET472" fromID="E41" fromText="her anion gap" toID="E42" toText="her fingersticks" type="OVERLAP" />
<TLINK id="ET479" fromID="E3" fromText="migraines" toID="T4" toText="24 hours" type="OVERLAP" />
<TLINK id="ET481" fromID="T0" fromText="2010-07-15" toID="E3" toText="migraines" type="AFTER" />
<TLINK id="ET485" fromID="E3" fromText="migraines" toID="E8" toText="vomiting" type="OVERLAP" />
<TLINK id="ET488" fromID="E3" fromText="migraines" toID="E7" toText="diarrhea" type="OVERLAP" />
<TLINK id="ET489" fromID="E3" fromText="migraines" toID="E6" toText="nausea" type="OVERLAP" />
<TLINK id="ET491" fromID="E3" fromText="migraines" toID="E4" toText="presented" type="OVERLAP" />
<TLINK id="ET498" fromID="E3" fromText="migraines" toID="E5" toText="complaints" type="OVERLAP" />
<TLINK id="ET500" fromID="T1" fromText="2010-07-18" toID="E63" toText="short gastrointestinal infection" type="AFTER" />
<TLINK id="ET506" fromID="E63" fromText="short gastrointestinal infection" toID="E64" toText="symptom free" type="OVERLAP" />
<TLINK id="ET507" fromID="E63" fromText="short gastrointestinal infection" toID="E65" toText="discharge" type="BEFORE" />
<TLINK id="ET509" fromID="T1" fromText="2010-07-18" toID="E67" toText="repleted" type="AFTER" />
<TLINK id="ET517" fromID="T1" fromText="2010-07-18" toID="E72" toText="her po intake" type="AFTER" />
<TLINK id="ET526" fromID="E19" fromText="shortness of breath" toID="T5" toText="the night" type="OVERLAP" />
<TLINK id="ET527" fromID="T0" fromText="2010-07-15" toID="E19" toText="shortness of breath" type="AFTER" />
<TLINK id="ET53" fromID="T0" fromText="2010-07-15" toID="E13" toText="vomiting" type="AFTER" />
<TLINK id="ET531" fromID="E19" fromText="shortness of breath" toID="E22" toText="her usual migraine headache" type="OVERLAP" />
<TLINK id="ET532" fromID="E19" fromText="shortness of breath" toID="E21" toText="state" type="OVERLAP" />
<TLINK id="ET533" fromID="E19" fromText="shortness of breath" toID="E9" toText="admission" type="BEFORE" />
<TLINK id="ET539" fromID="E19" fromText="shortness of breath" toID="E20" toText="dysuria" type="OVERLAP" />
<TLINK id="ET544" fromID="T1" fromText="2010-07-18" toID="E50" toText="fingersticks" type="AFTER" />
<TLINK id="ET548" fromID="E50" fromText="fingersticks" toID="T2" toText="every four hours" type="OVERLAP" />
<TLINK id="ET553" fromID="E50" fromText="fingersticks" toID="E51" toText="a sliding scale" type="OVERLAP" />
<TLINK id="ET559" fromID="T0" fromText="2010-07-15" toID="E40" toText="the medical intensive care unit" type="AFTER" />
<TLINK id="ET561" fromID="T3" fromText="overnight" toID="E40" toText="the medical intensive care unit" type="OVERLAP" />
<TLINK id="ET572" fromID="T0" fromText="2010-07-15" toID="E35" toText="the intensive care unit" type="AFTER" />
<TLINK id="ET578" fromID="E35" fromText="the intensive care unit" toID="E37" toText="frequent blood sugar monitoring" type="OVERLAP" />
<TLINK id="ET580" fromID="E35" fromText="the intensive care unit" toID="E38" toText="chem-7 monitoring" type="OVERLAP" />
<TLINK id="ET581" fromID="E35" fromText="the intensive care unit" toID="E36" toText="an insulin drip" type="OVERLAP" />
<TLINK id="ET588" fromID="T0" fromText="2010-07-15" toID="E43" toText="her nph" type="AFTER" />
<TLINK id="ET592" fromID="E43" fromText="her nph" toID="E45" toText="her drip" type="OVERLAP" />
<TLINK id="ET594" fromID="E43" fromText="her nph" toID="E44" toText="a regular sliding scale" type="OVERLAP" />
<TLINK id="ET599" fromID="T1" fromText="2010-07-18" toID="E57" toText="admission" type="AFTER" />
<TLINK id="ET6" fromID="E48" fromText="transferred" toID="T2" toText="every four hours" type="OVERLAP" />
<TLINK id="ET606" fromID="E57" fromText="admission" toID="E61" toText="elevated white blood cell" type="AFTER" />
<TLINK id="ET607" fromID="E57" fromText="admission" toID="E64" toText="symptom free" type="BEFORE" />
<TLINK id="ET608" fromID="E57" fromText="admission" toID="E63" toText="short gastrointestinal infection" type="AFTER" />
<TLINK id="ET614" fromID="E57" fromText="admission" toID="E58" toText="white count" type="OVERLAP" />
<TLINK id="ET615" fromID="E57" fromText="admission" toID="E59" toText="discharge" type="BEFORE" />
<TLINK id="ET618" fromID="E57" fromText="admission" toID="E60" toText="afebrile" type="AFTER" />
<TLINK id="ET619" fromID="E57" fromText="admission" toID="E65" toText="discharge" type="BEFORE" />
<TLINK id="ET624" fromID="T0" fromText="2010-07-15" toID="E24" toText="the emergency department" type="AFTER" />
<TLINK id="ET635" fromID="E24" fromText="the emergency department" toID="E25" toText="a bicarbonate" type="OVERLAP" />
<TLINK id="ET636" fromID="E24" fromText="the emergency department" toID="E26" toText="a fingerstick" type="OVERLAP" />
<TLINK id="ET642" fromID="T0" fromText="2010-07-15" toID="E30" toText="her fingersticks" type="AFTER" />
<TLINK id="ET647" fromID="E30" fromText="her fingersticks" toID="E33" toText="the intravenous fluids" type="OVERLAP" />
<TLINK id="ET650" fromID="E30" fromText="her fingersticks" toID="E31" toText="decreased" type="OVERLAP" />
<TLINK id="ET653" fromID="E30" fromText="her fingersticks" toID="E32" toText="the insulin drip" type="OVERLAP" />
<TLINK id="ET658" fromID="E17" fromText="chills" toID="T5" toText="the night" type="OVERLAP" />
<TLINK id="ET659" fromID="T0" fromText="2010-07-15" toID="E17" toText="chills" type="AFTER" />
<TLINK id="ET663" fromID="E17" fromText="chills" toID="E22" toText="her usual migraine headache" type="OVERLAP" />
<TLINK id="ET664" fromID="E17" fromText="chills" toID="E21" toText="state" type="OVERLAP" />
<TLINK id="ET665" fromID="E17" fromText="chills" toID="E9" toText="admission" type="BEFORE" />
<TLINK id="ET667" fromID="E17" fromText="chills" toID="E18" toText="chest pain" type="OVERLAP" />
<TLINK id="ET672" fromID="E17" fromText="chills" toID="E20" toText="dysuria" type="OVERLAP" />
<TLINK id="ET677" fromID="T1" fromText="2010-07-18" toID="E52" toText="fingersticks" type="AFTER" />
<TLINK id="ET690" fromID="E4" fromText="presented" toID="T4" toText="24 hours" type="OVERLAP" />
<TLINK id="ET692" fromID="T0" fromText="2010-07-15" toID="E4" toText="presented" type="AFTER" />
<TLINK id="ET696" fromID="E4" fromText="presented" toID="E8" toText="vomiting" type="AFTER" />
<TLINK id="ET699" fromID="E4" fromText="presented" toID="E7" toText="diarrhea" type="AFTER" />
<TLINK id="ET70" fromID="E21" fromText="state" toID="T5" toText="the night" type="OVERLAP" />
<TLINK id="ET700" fromID="E4" fromText="presented" toID="E6" toText="nausea" type="AFTER" />
<TLINK id="ET708" fromID="E4" fromText="presented" toID="E5" toText="complaints" type="OVERLAP" />
<TLINK id="ET71" fromID="T0" fromText="2010-07-15" toID="E21" toText="state" type="AFTER" />
<TLINK id="ET713" fromID="T0" fromText="2010-07-15" toID="E11" toText="unable to take" type="AFTER" />
<TLINK id="ET717" fromID="E11" fromText="unable to take" toID="E13" toText="vomiting" type="OVERLAP" />
<TLINK id="ET725" fromID="E11" fromText="unable to take" toID="E12" toText="her usual insulin regimen" type="OVERLAP" />
<TLINK id="ET732" fromID="T0" fromText="2010-07-15" toID="E34" toText="admission" type="OVERLAP" />
<TLINK id="ET75" fromID="E21" fromText="state" toID="E22" toText="her usual migraine headache" type="AFTER" />
<TLINK id="ET753" fromID="E34" fromText="admission" toID="E35" toText="the intensive care unit" type="BEFORE" />
<TLINK id="ET759" fromID="E34" fromText="admission" toID="E37" toText="frequent blood sugar monitoring" type="OVERLAP" />
<TLINK id="ET76" fromID="E21" fromText="state" toID="E9" toText="admission" type="OVERLAP" />
<TLINK id="ET762" fromID="E34" fromText="admission" toID="E38" toText="chem-7 monitoring" type="OVERLAP" />
<TLINK id="ET765" fromID="E34" fromText="admission" toID="E36" toText="an insulin drip" type="BEFORE" />
<TLINK id="ET777" fromID="T0" fromText="2010-07-15" toID="E31" toText="decreased" type="AFTER" />
<TLINK id="ET786" fromID="E31" fromText="decreased" toID="E33" toText="the intravenous fluids" type="OVERLAP" />
<TLINK id="ET819" fromID="E31" fromText="decreased" toID="E32" toText="the insulin drip" type="OVERLAP" />
<TLINK id="ET822" fromID="T1" fromText="2010-07-18" toID="E68" toText="potassium" type="AFTER" />
<TLINK id="ET828" fromID="E68" fromText="potassium" toID="E72" toText="her po intake" type="OVERLAP" />
<TLINK id="ET829" fromID="E68" fromText="potassium" toID="E71" toText="repleted" type="OVERLAP" />
<TLINK id="ET830" fromID="E68" fromText="potassium" toID="E69" toText="her intravenous fluids" type="OVERLAP" />
<TLINK id="ET831" fromID="E68" fromText="potassium" toID="E70" toText="phosphate" type="OVERLAP" />
<TLINK id="ET836" fromID="T0" fromText="2010-07-15" toID="E44" toText="a regular sliding scale" type="AFTER" />
<TLINK id="ET840" fromID="E44" fromText="a regular sliding scale" toID="E45" toText="her drip" type="OVERLAP" />
<TLINK id="ET845" fromID="T6" fromText="per hour" toID="E29" toText="a total of five liters of normal saline" type="OVERLAP" />
<TLINK id="ET849" fromID="T0" fromText="2010-07-15" toID="E29" toText="a total of five liters of normal saline" type="AFTER" />
<TLINK id="ET87" fromID="E8" fromText="vomiting" toID="T4" toText="24 hours" type="OVERLAP" />
<TLINK id="ET89" fromID="T0" fromText="2010-07-15" toID="E8" toText="vomiting" type="AFTER" />
<TLINK id="ET899" fromID="T0" fromText="2010-07-15" toID="E23" toText="the patient 's arterial blood gases" type="AFTER" />
<TLINK id="ET905" fromID="E23" fromText="the patient 's arterial blood gases" toID="E24" toText="the emergency department" type="OVERLAP" />
<TLINK id="ET911" fromID="E23" fromText="the patient 's arterial blood gases" toID="E25" toText="a bicarbonate" type="OVERLAP" />
<TLINK id="ET912" fromID="E23" fromText="the patient 's arterial blood gases" toID="E26" toText="a fingerstick" type="OVERLAP" />
<TLINK id="ET918" fromID="T0" fromText="2010-07-15" toID="E37" toText="frequent blood sugar monitoring" type="AFTER" />
<TLINK id="ET925" fromID="E37" fromText="frequent blood sugar monitoring" toID="E38" toText="chem-7 monitoring" type="OVERLAP" />
<TLINK id="ET929" fromID="T1" fromText="2010-07-18" toID="E56" toText="an elevated white count" type="AFTER" />
<TLINK id="ET935" fromID="E56" fromText="an elevated white count" toID="E61" toText="elevated white blood cell" type="OVERLAP" />
<TLINK id="ET936" fromID="E56" fromText="an elevated white count" toID="E64" toText="symptom free" type="OVERLAP" />
<TLINK id="ET937" fromID="E56" fromText="an elevated white count" toID="E63" toText="short gastrointestinal infection" type="OVERLAP" />
<TLINK id="ET938" fromID="E56" fromText="an elevated white count" toID="E57" toText="admission" type="BEFORE" />
<TLINK id="ET939" fromID="E56" fromText="an elevated white count" toID="E62" toText="admission" type="OVERLAP" />
<TLINK id="ET940" fromID="E56" fromText="an elevated white count" toID="E59" toText="discharge" type="BEFORE" />
<TLINK id="ET941" fromID="E56" fromText="an elevated white count" toID="E60" toText="afebrile" type="OVERLAP" />
<TLINK id="ET942" fromID="E56" fromText="an elevated white count" toID="E65" toText="discharge" type="OVERLAP" />
<TLINK id="ET946" fromID="E20" fromText="dysuria" toID="T5" toText="the night" type="OVERLAP" />
<TLINK id="ET947" fromID="T0" fromText="2010-07-15" toID="E20" toText="dysuria" type="AFTER" />
<TLINK id="ET951" fromID="E20" fromText="dysuria" toID="E22" toText="her usual migraine headache" type="OVERLAP" />
<TLINK id="ET952" fromID="E20" fromText="dysuria" toID="E21" toText="state" type="OVERLAP" />
<TLINK id="ET953" fromID="E20" fromText="dysuria" toID="E9" toText="admission" type="BEFORE" />
<TLINK id="ET963" fromID="T1" fromText="2010-07-18" toID="E62" toText="admission" type="AFTER" />
<TLINK id="ET970" fromID="E62" fromText="admission" toID="E64" toText="symptom free" type="OVERLAP" />
<TLINK id="ET971" fromID="E62" fromText="admission" toID="E63" toText="short gastrointestinal infection" type="AFTER" />
<TLINK id="ET978" fromID="E62" fromText="admission" toID="E65" toText="discharge" type="BEFORE" />
<TLINK id="ET983" fromID="T0" fromText="2010-07-15" toID="E38" toText="chem-7 monitoring" type="AFTER" />
<TLINK id="ET992" fromID="E0" fromText="admission" toID="T6" toText="per hour" type="AFTER" />
<TLINK id="ET994" fromID="E0" fromText="admission" toID="T4" toText="24 hours" type="AFTER" />
<TLINK id="ET995" fromID="E0" fromText="admission" toID="T5" toText="the night" type="AFTER" />
<TLINK id="ET996" fromID="E0" fromText="admission" toID="T0" toText="2010-07-15" type="OVERLAP" />
<TLINK id="ET998" fromID="E0" fromText="admission" toID="T3" toText="overnight" type="AFTER" />
<TLINK id="T10" fromID="E9" fromText="admission" toID="E62" toText="admission" type="OVERLAP" />
<TLINK id="T11" fromID="E9" fromText="admission" toID="T0" toText="2010-07-15" type="OVERLAP" />
<TLINK id="T12" fromID="E9" fromText="admission" toID="E0" toText="admission" type="OVERLAP" />
<TLINK id="T13" fromID="E9" fromText="admission" toID="T0" toText="2010-07-15" type="OVERLAP" />
<TLINK id="T14" fromID="E57" fromText="admission" toID="E9" toText="admission" type="OVERLAP" />
<TLINK id="T15" fromID="E57" fromText="admission" toID="T0" toText="2010-07-15" type="OVERLAP" />
<TLINK id="T16" fromID="E57" fromText="admission" toID="E34" toText="admission" type="OVERLAP" />
<TLINK id="T17" fromID="E57" fromText="admission" toID="T0" toText="2010-07-15" type="OVERLAP" />
<TLINK id="T18" fromID="E57" fromText="admission" toID="E62" toText="admission" type="OVERLAP" />
<TLINK id="T19" fromID="E57" fromText="admission" toID="T0" toText="2010-07-15" type="OVERLAP" />
<TLINK id="T20" fromID="E57" fromText="admission" toID="E0" toText="admission" type="OVERLAP" />
<TLINK id="T21" fromID="E57" fromText="admission" toID="T0" toText="2010-07-15" type="OVERLAP" />
<TLINK id="T22" fromID="E34" fromText="admission" toID="E9" toText="admission" type="OVERLAP" />
<TLINK id="T23" fromID="E34" fromText="admission" toID="T0" toText="2010-07-15" type="OVERLAP" />
<TLINK id="T24" fromID="E34" fromText="admission" toID="E57" toText="admission" type="OVERLAP" />
<TLINK id="T25" fromID="E34" fromText="admission" toID="T0" toText="2010-07-15" type="OVERLAP" />
<TLINK id="T26" fromID="E34" fromText="admission" toID="E62" toText="admission" type="OVERLAP" />
<TLINK id="T27" fromID="E34" fromText="admission" toID="T0" toText="2010-07-15" type="OVERLAP" />
<TLINK id="T28" fromID="E34" fromText="admission" toID="E0" toText="admission" type="OVERLAP" />
<TLINK id="T29" fromID="E34" fromText="admission" toID="T0" toText="2010-07-15" type="OVERLAP" />
<TLINK id="T30" fromID="E62" fromText="admission" toID="E9" toText="admission" type="OVERLAP" />
<TLINK id="T31" fromID="E62" fromText="admission" toID="T0" toText="2010-07-15" type="OVERLAP" />
<TLINK id="T32" fromID="E62" fromText="admission" toID="E57" toText="admission" type="OVERLAP" />
<TLINK id="T33" fromID="E62" fromText="admission" toID="T0" toText="2010-07-15" type="OVERLAP" />
<TLINK id="T34" fromID="E62" fromText="admission" toID="E34" toText="admission" type="OVERLAP" />
<TLINK id="T35" fromID="E62" fromText="admission" toID="T0" toText="2010-07-15" type="OVERLAP" />
<TLINK id="T36" fromID="E62" fromText="admission" toID="E0" toText="admission" type="OVERLAP" />
<TLINK id="T37" fromID="E62" fromText="admission" toID="T0" toText="2010-07-15" type="OVERLAP" />
<TLINK id="T38" fromID="E0" fromText="admission" toID="E9" toText="admission" type="OVERLAP" />
<TLINK id="T39" fromID="E0" fromText="admission" toID="T0" toText="2010-07-15" type="OVERLAP" />
<TLINK id="T4" fromID="E0" fromText="admission" toID="T0" toText="2010-07-15" type="OVERLAP" />
<TLINK id="T40" fromID="E0" fromText="admission" toID="E57" toText="admission" type="OVERLAP" />
<TLINK id="T41" fromID="E0" fromText="admission" toID="T0" toText="2010-07-15" type="OVERLAP" />
<TLINK id="T42" fromID="E0" fromText="admission" toID="E34" toText="admission" type="OVERLAP" />
<TLINK id="T43" fromID="E0" fromText="admission" toID="T0" toText="2010-07-15" type="OVERLAP" />
<TLINK id="T44" fromID="E0" fromText="admission" toID="E62" toText="admission" type="OVERLAP" />
<TLINK id="T45" fromID="E0" fromText="admission" toID="T0" toText="2010-07-15" type="OVERLAP" />
<TLINK id="T46" fromID="E1" fromText="discharge" toID="E59" toText="discharge" type="OVERLAP" />
<TLINK id="T47" fromID="E1" fromText="discharge" toID="T1" toText="2010-07-15" type="OVERLAP" />
<TLINK id="T48" fromID="E1" fromText="discharge" toID="E65" toText="discharge" type="OVERLAP" />
<TLINK id="T49" fromID="E1" fromText="discharge" toID="T1" toText="2010-07-15" type="OVERLAP" />
<TLINK id="T5" fromID="E1" fromText="discharge" toID="T1" toText="2010-07-18" type="OVERLAP" />
<TLINK id="T50" fromID="E59" fromText="discharge" toID="E1" toText="discharge" type="OVERLAP" />
<TLINK id="T51" fromID="E59" fromText="discharge" toID="T1" toText="2010-07-15" type="OVERLAP" />
<TLINK id="T52" fromID="E59" fromText="discharge" toID="E65" toText="discharge" type="OVERLAP" />
<TLINK id="T53" fromID="E59" fromText="discharge" toID="T1" toText="2010-07-15" type="OVERLAP" />
<TLINK id="T54" fromID="E65" fromText="discharge" toID="E1" toText="discharge" type="OVERLAP" />
<TLINK id="T55" fromID="E65" fromText="discharge" toID="T1" toText="2010-07-15" type="OVERLAP" />
<TLINK id="T56" fromID="E65" fromText="discharge" toID="E59" toText="discharge" type="OVERLAP" />
<TLINK id="T57" fromID="E65" fromText="discharge" toID="T1" toText="2010-07-15" type="OVERLAP" />
<TLINK id="T6" fromID="E9" fromText="admission" toID="E57" toText="admission" type="OVERLAP" />
<TLINK id="T7" fromID="E9" fromText="admission" toID="T0" toText="2010-07-15" type="OVERLAP" />
<TLINK id="T8" fromID="E9" fromText="admission" toID="E34" toText="admission" type="OVERLAP" />
<TLINK id="T9" fromID="E9" fromText="admission" toID="T0" toText="2010-07-15" type="OVERLAP" />
</TAGS>
</ClinicalNarrativeTemporalAnnotation>
