<?xml version="1.0" encoding="UTF-8" ?>
<ClinicalNarrativeTemporalAnnotation>
<TEXT><![CDATA[
Admission Date :
2016-11-21
Discharge Date :
2016-11-30
Service :
CMED CCU
CHIEF COMPLAINT AND HISTORY OF PRESENT ILLNESS :
Mr. Jackson is a 63-year-old male with squamous cell carcinoma of the floor of mouth ( stage T2 N0 ) that was biopsied by his dentist .
Pathology was reviewed revealing invasive squamous cell carcinoma .
He presented on 2016-11-21 for resection .
He was admitted on 2016-11-21 following his surgery .
He underwent a joint procedure by Otolaryngology and Plastic Surgery .
SUMMARY OF HOSPITAL COURSE :
Surgeon was Dr. Kelsey K Sanchez .
Assistant was Dr. Justin K.. Velez .
Frozen section sent to pathology revealing invasive squamous cell carcinoma .
No complications .
The Plastic Team then took over for reconstruction consisting of radial forearm free flap to floor of mouth .
Surgeon was Dr. Jude. Christopher Swinney .
Total intravenous fluids of 7300 cc .
Estimated blood loss of 300 cc .
Urine output of 900 cc .
No complications .
In addition , the patient was prepared for an attempted percutaneous endoscopic gastrostomy tube .
The percutaneous endoscopic gastrostomy was unsuccessful , and the procedure was converted to an open gastrostomy tube which then proceeded without complications .
The patient was admitted to the Surgical Intensive Care Unit postoperatively .
He was sedated and ventilated by his tracheostomy 6 cuff Shiley tube .
He had three Westwood-Pocasset drains - two in the neck and one in his right arm .
G-tube was to gravity , Foley to gravity , left radial A-line .
The flap was pink with a strong Doppler signal .
He underwent flap checks every 15 minutes initially with a dextran infusion .
He was placed on Unasyn 3 grams IV q.6h.
Nothing by mouth initially with morphine as needed for pain and Ativan around the clock for delirium tremens prophylaxis .
In addition , he received metoprolol q.4.h. , a regular insulin sliding scale , and adequate gastrointestinal prophylaxis with Protonix .
Postoperative laboratories revealed sodium was 134 , potassium was 4.1 , chloride was 102 , bicarbonate was 28 , blood urea nitrogen was 18 , creatinine was 0.8 , and glucose was 148 .
Calcium was 7.6 .
Magnesium was 2.2 .
Complete blood count revealed white count was 5.4 , hematocrit was 31.3 , and platelets were 160 .
ALT was 14 , AST was 31 , alkaline phosphatase was 42 , total bilirubin was 0.9 , albumin was 2.2 .
A chest x-ray postoperatively showed clear lung fields .
Tracheostomy tube in good position .
No pneumothorax .
By systems :
CMED CSRU and Plastic Surgery flap checks , tracheostomy care , and Westwood-Pocasset management. 
Cardiovascular :
Lopressor 5 intravenously q.4.h.
Respiratory :
Nebulizers as needed , weaning from ventilation .
Gastrointestinal :
Medications per gastrostomy tube on postoperative day one .
Genitourinary :
Foley catheter for strict monitoring of ins and outs .
Hematologic :
Hematocrit stable .
Infectious Disease :
Unasyn for antibiotic coverage .
Flap checks carried out q.2h. initially in the Surgical Intensive Care Unit showing positive biphasic Doppler signals .
Pink flap with good refill .
Right arm neurovascularly intact .
He was weaned from ventilation on postoperative day one to pressure support ventilation and then to spontaneous breathing on postoperative day two .
His Westwood-Pocasset output for postoperative day one on the left was 60 , right neck 93 , in the arm 20 .
Tube feedings were started 48 hours after the procedure .
The cuff on his tracheostomy tube was put down on 11-23 , postoperative day two which he tolerated well with minimal secretions and a strong adequate cough .
Due to bed issues , he was transferred from the Surgical Intensive Care Unit to the Medical Intensive Care Unit on postoperative day three .
His tube feedings were advanced .
He was out of bed to a chair .
He continued with pulmonary toilet and q.2h. flap checks .
The Westwood-Pocasset in his right arm was removed on 2016-11-25 .
His tracheostomy was changed to a 6 cuffless Shiley on 2016-11-26 and sutures in place with a 3-0 silk .
The patient tolerated this procedure well .
]]></TEXT>
<TAGS>
<EVENT id="E90" start="1" end="10" text="Admission" modality="FACTUAL" polarity="POS" type="OCCURRENCE" />
<EVENT id="E15" start="1007" end="1060" text="an attempted percutaneous endoscopic gastrostomy tube" modality="FACTUAL" polarity="POS" type="TREATMENT" />
<EVENT id="E16" start="1063" end="1102" text="The percutaneous endoscopic gastrostomy" modality="FACTUAL" polarity="POS" type="TREATMENT" />
<EVENT id="E99" start="1107" end="1119" text="unsuccessful" modality="FACTUAL" polarity="POS" type="OCCURRENCE" />
<EVENT id="E17" start="1126" end="1139" text="the procedure" modality="FACTUAL" polarity="POS" type="TREATMENT" />
<EVENT id="E18" start="1157" end="1181" text="an open gastrostomy tube" modality="FACTUAL" polarity="POS" type="TREATMENT" />
<EVENT id="E19" start="1211" end="1224" text="complications" modality="FACTUAL" polarity="NEG" type="PROBLEM" />
<EVENT id="E100" start="1243" end="1251" text="admitted" modality="FACTUAL" polarity="POS" type="OCCURRENCE" />
<EVENT id="E101" start="1255" end="1287" text="the Surgical Intensive Care Unit" modality="FACTUAL" polarity="POS" type="CLINICAL_DEPT" />
<EVENT id="E20" start="1313" end="1320" text="sedated" modality="FACTUAL" polarity="POS" type="TREATMENT" />
<EVENT id="E21" start="1325" end="1335" text="ventilated" modality="FACTUAL" polarity="POS" type="TREATMENT" />
<EVENT id="E22" start="1339" end="1374" text="his tracheostomy 6 cuff Shiley tube" modality="FACTUAL" polarity="POS" type="TREATMENT" />
<EVENT id="E23" start="1390" end="1414" text="Westwood-Pocasset drains" modality="FACTUAL" polarity="POS" type="TREATMENT" />
<EVENT id="E24" start="1460" end="1466" text="G-tube" modality="FACTUAL" polarity="POS" type="TREATMENT" />
<EVENT id="E25" start="1484" end="1489" text="Foley" modality="FACTUAL" polarity="POS" type="TREATMENT" />
<EVENT id="E26" start="1503" end="1521" text="left radial A-line" modality="FACTUAL" polarity="POS" type="TREATMENT" />
<EVENT id="E27" start="1524" end="1532" text="The flap" modality="FACTUAL" polarity="POS" type="TREATMENT" />
<EVENT id="E102" start="1537" end="1541" text="pink" modality="FACTUAL" polarity="POS" type="OCCURRENCE" />
<EVENT id="E28" start="1547" end="1570" text="a strong Doppler signal" modality="FACTUAL" polarity="POS" type="TEST" />
<EVENT id="E29" start="1586" end="1597" text="flap checks" modality="FACTUAL" polarity="POS" type="TEST" />
<EVENT id="E30" start="1630" end="1648" text="a dextran infusion" modality="FACTUAL" polarity="POS" type="TREATMENT" />
<EVENT id="E1" start="164" end="187" text="squamous cell carcinoma" modality="FACTUAL" polarity="POS" type="PROBLEM" />
<EVENT id="E31" start="1668" end="1674" text="Unasyn" modality="FACTUAL" polarity="POS" type="TREATMENT" />
<EVENT id="E103" start="1692" end="1708" text="Nothing by mouth" modality="FACTUAL" polarity="POS" type="TREATMENT" />
<EVENT id="E32" start="1724" end="1732" text="morphine" modality="FACTUAL" polarity="POS" type="TREATMENT" />
<EVENT id="E33" start="1747" end="1751" text="pain" modality="FACTUAL" polarity="POS" type="PROBLEM" />
<EVENT id="E34" start="1756" end="1762" text="Ativan" modality="FACTUAL" polarity="POS" type="TREATMENT" />
<EVENT id="E35" start="1784" end="1812" text="delirium tremens prophylaxis" modality="FACTUAL" polarity="POS" type="TREATMENT" />
<EVENT id="E36" start="1841" end="1851" text="metoprolol" modality="FACTUAL" polarity="POS" type="TREATMENT" />
<EVENT id="E37" start="1861" end="1892" text="a regular insulin sliding scale" modality="FACTUAL" polarity="POS" type="TREATMENT" />
<EVENT id="E104" start="1908" end="1936" text="gastrointestinal prophylaxis" modality="FACTUAL" polarity="POS" type="TREATMENT" />
<EVENT id="E38" start="1942" end="1950" text="Protonix" modality="FACTUAL" polarity="POS" type="TREATMENT" />
<EVENT id="E39" start="1953" end="1979" text="Postoperative laboratories" modality="FACTUAL" polarity="POS" type="TEST" />
<EVENT id="E105" start="1980" end="1988" text="revealed" modality="FACTUAL" polarity="POS" type="EVIDENTIAL" />
<EVENT id="E40" start="1989" end="1995" text="sodium" modality="FACTUAL" polarity="POS" type="TEST" />
<EVENT id="E41" start="2006" end="2015" text="potassium" modality="FACTUAL" polarity="POS" type="TEST" />
<EVENT id="E42" start="2026" end="2034" text="chloride" modality="FACTUAL" polarity="POS" type="TEST" />
<EVENT id="E43" start="2045" end="2056" text="bicarbonate" modality="FACTUAL" polarity="POS" type="TEST" />
<EVENT id="E44" start="2066" end="2085" text="blood urea nitrogen" modality="FACTUAL" polarity="POS" type="TEST" />
<EVENT id="E45" start="2095" end="2105" text="creatinine" modality="FACTUAL" polarity="POS" type="TEST" />
<EVENT id="E98" start="212" end="223" text="stage T2 N0" modality="FACTUAL" polarity="POS" type="PROBLEM" />
<EVENT id="E46" start="2120" end="2127" text="glucose" modality="FACTUAL" polarity="POS" type="TEST" />
<EVENT id="E47" start="2138" end="2145" text="Calcium" modality="FACTUAL" polarity="POS" type="TEST" />
<EVENT id="E48" start="2156" end="2165" text="Magnesium" modality="FACTUAL" polarity="POS" type="TEST" />
<EVENT id="E49" start="2176" end="2196" text="Complete blood count" modality="FACTUAL" polarity="POS" type="TEST" />
<EVENT id="E106" start="2197" end="2205" text="revealed" modality="FACTUAL" polarity="POS" type="EVIDENTIAL" />
<EVENT id="E50" start="2206" end="2217" text="white count" modality="FACTUAL" polarity="POS" type="TEST" />
<EVENT id="E51" start="2228" end="2238" text="hematocrit" modality="FACTUAL" polarity="POS" type="TEST" />
<EVENT id="E52" start="2254" end="2263" text="platelets" modality="FACTUAL" polarity="POS" type="TEST" />
<EVENT id="E53" start="2275" end="2278" text="ALT" modality="FACTUAL" polarity="POS" type="TEST" />
<EVENT id="E54" start="2288" end="2291" text="AST" modality="FACTUAL" polarity="POS" type="TEST" />
<EVENT id="E55" start="2301" end="2321" text="alkaline phosphatase" modality="FACTUAL" polarity="POS" type="TEST" />
<EVENT id="E56" start="2331" end="2346" text="total bilirubin" modality="FACTUAL" polarity="POS" type="TEST" />
<EVENT id="E0" start="235" end="243" text="biopsied" modality="FACTUAL" polarity="POS" type="TEST" />
<EVENT id="E57" start="2357" end="2364" text="albumin" modality="FACTUAL" polarity="POS" type="TEST" />
<EVENT id="E58" start="2375" end="2388" text="A chest x-ray" modality="FACTUAL" polarity="POS" type="TEST" />
<EVENT id="E107" start="2405" end="2411" text="showed" modality="FACTUAL" polarity="POS" type="EVIDENTIAL" />
<EVENT id="E108" start="2412" end="2429" text="clear lung fields" modality="FACTUAL" polarity="POS" type="OCCURRENCE" />
<EVENT id="E59" start="2432" end="2449" text="Tracheostomy tube" modality="FACTUAL" polarity="POS" type="TREATMENT" />
<EVENT id="E109" start="2453" end="2466" text="good position" modality="FACTUAL" polarity="POS" type="OCCURRENCE" />
<EVENT id="E60" start="2472" end="2484" text="pneumothorax" modality="FACTUAL" polarity="NEG" type="PROBLEM" />
<EVENT id="E61" start="2530" end="2541" text="flap checks" modality="FACTUAL" polarity="POS" type="TEST" />
<EVENT id="E62" start="2544" end="2561" text="tracheostomy care" modality="FACTUAL" polarity="POS" type="TREATMENT" />
<EVENT id="E63" start="2568" end="2597" text="Westwood-Pocasset management." modality="FACTUAL" polarity="POS" type="TREATMENT" />
<EVENT id="E2" start="261" end="270" text="Pathology" modality="FACTUAL" polarity="POS" type="TEST" />
<EVENT id="E64" start="2616" end="2625" text="Lopressor" modality="FACTUAL" polarity="POS" type="TREATMENT" />
<EVENT id="E65" start="2663" end="2673" text="Nebulizers" modality="FACTUAL" polarity="POS" type="TREATMENT" />
<EVENT id="E110" start="2686" end="2693" text="weaning" modality="FACTUAL" polarity="POS" type="OCCURRENCE" />
<EVENT id="E66" start="2699" end="2710" text="ventilation" modality="FACTUAL" polarity="POS" type="TREATMENT" />
<EVENT id="E67" start="2732" end="2743" text="Medications" modality="FACTUAL" polarity="POS" type="TREATMENT" />
<EVENT id="E68" start="2748" end="2764" text="gastrostomy tube" modality="FACTUAL" polarity="POS" type="TREATMENT" />
<EVENT id="E69" start="2808" end="2822" text="Foley catheter" modality="FACTUAL" polarity="POS" type="TREATMENT" />
<EVENT id="E70" start="2827" end="2860" text="strict monitoring of ins and outs" modality="FACTUAL" polarity="POS" type="TEST" />
<EVENT id="E93" start="284" end="293" text="revealing" modality="FACTUAL" polarity="POS" type="EVIDENTIAL" />
<EVENT id="E71" start="2877" end="2887" text="Hematocrit" modality="FACTUAL" polarity="POS" type="TEST" />
<EVENT id="E91" start="29" end="38" text="Discharge" modality="FACTUAL" polarity="POS" type="OCCURRENCE" />
<EVENT id="E72" start="2918" end="2924" text="Unasyn" modality="FACTUAL" polarity="POS" type="TREATMENT" />
<EVENT id="E73" start="2929" end="2948" text="antibiotic coverage" modality="FACTUAL" polarity="POS" type="TREATMENT" />
<EVENT id="E3" start="294" end="326" text="invasive squamous cell carcinoma" modality="FACTUAL" polarity="POS" type="PROBLEM" />
<EVENT id="E74" start="2951" end="2962" text="Flap checks" modality="FACTUAL" polarity="POS" type="TEST" />
<EVENT id="E111" start="2994" end="3026" text="the Surgical Intensive Care Unit" modality="FACTUAL" polarity="POS" type="CLINICAL_DEPT" />
<EVENT id="E112" start="3027" end="3034" text="showing" modality="FACTUAL" polarity="POS" type="EVIDENTIAL" />
<EVENT id="E113" start="3044" end="3068" text="biphasic Doppler signals" modality="FACTUAL" polarity="POS" type="OCCURRENCE" />
<EVENT id="E75" start="3071" end="3080" text="Pink flap" modality="FACTUAL" polarity="POS" type="TREATMENT" />
<EVENT id="E114" start="3086" end="3097" text="good refill" modality="FACTUAL" polarity="POS" type="OCCURRENCE" />
<EVENT id="E115" start="3110" end="3132" text="neurovascularly intact" modality="FACTUAL" polarity="POS" type="OCCURRENCE" />
<EVENT id="E76" start="3154" end="3165" text="ventilation" modality="FACTUAL" polarity="POS" type="TREATMENT" />
<EVENT id="E77" start="3194" end="3222" text="pressure support ventilation" modality="FACTUAL" polarity="POS" type="TREATMENT" />
<EVENT id="E117" start="3235" end="3256" text="spontaneous breathing" modality="FACTUAL" polarity="POS" type="OCCURRENCE" />
<EVENT id="E78" start="3284" end="3312" text="His Westwood-Pocasset output" modality="FACTUAL" polarity="POS" type="TEST" />
<EVENT id="E94" start="332" end="341" text="presented" modality="FACTUAL" polarity="POS" type="OCCURRENCE" />
<EVENT id="E79" start="3392" end="3405" text="Tube feedings" modality="FACTUAL" polarity="POS" type="TREATMENT" />
<EVENT id="E80" start="3434" end="3447" text="the procedure" modality="FACTUAL" polarity="POS" type="TREATMENT" />
<EVENT id="E128" start="3450" end="3458" text="The cuff" modality="FACTUAL" polarity="POS" type="TREATMENT" />
<EVENT id="E81" start="3462" end="3483" text="his tracheostomy tube" modality="FACTUAL" polarity="POS" type="TREATMENT" />
<EVENT id="E118" start="3539" end="3553" text="tolerated well" modality="FACTUAL" polarity="POS" type="OCCURRENCE" />
<EVENT id="E82" start="3559" end="3577" text="minimal secretions" modality="FACTUAL" polarity="POS" type="PROBLEM" />
<EVENT id="E119" start="3582" end="3605" text="a strong adequate cough" modality="FACTUAL" polarity="POS" type="OCCURRENCE" />
<EVENT id="E95" start="360" end="369" text="resection" modality="FACTUAL" polarity="POS" type="TREATMENT" />
<EVENT id="E92" start="3635" end="3646" text="transferred" modality="FACTUAL" polarity="POS" type="OCCURRENCE" />
<EVENT id="E120" start="3652" end="3684" text="the Surgical Intensive Care Unit" modality="FACTUAL" polarity="POS" type="CLINICAL_DEPT" />
<EVENT id="E121" start="3688" end="3719" text="the Medical Intensive Care Unit" modality="FACTUAL" polarity="POS" type="CLINICAL_DEPT" />
<EVENT id="E83" start="3749" end="3766" text="His tube feedings" modality="FACTUAL" polarity="POS" type="TREATMENT" />
<EVENT id="E122" start="3772" end="3780" text="advanced" modality="FACTUAL" polarity="POS" type="OCCURRENCE" />
<EVENT id="E96" start="379" end="387" text="admitted" modality="FACTUAL" polarity="POS" type="OCCURRENCE" />
<EVENT id="E123" start="3790" end="3800" text="out of bed" modality="FACTUAL" polarity="POS" type="OCCURRENCE" />
<EVENT id="E84" start="3832" end="3848" text="pulmonary toilet" modality="FACTUAL" polarity="POS" type="TREATMENT" />
<EVENT id="E124" start="3859" end="3870" text="flap checks" modality="FACTUAL" polarity="POS" type="TEST" />
<EVENT id="E85" start="3873" end="3911" text="The Westwood-Pocasset in his right arm" modality="FACTUAL" polarity="POS" type="TREATMENT" />
<EVENT id="E86" start="3940" end="3956" text="His tracheostomy" modality="FACTUAL" polarity="POS" type="TREATMENT" />
<EVENT id="E125" start="3972" end="3991" text="a 6 cuffless Shiley" modality="FACTUAL" polarity="POS" type="TREATMENT" />
<EVENT id="E87" start="4010" end="4017" text="sutures" modality="FACTUAL" polarity="POS" type="TREATMENT" />
<EVENT id="E88" start="4032" end="4042" text="a 3-0 silk" modality="FACTUAL" polarity="POS" type="TREATMENT" />
<EVENT id="E127" start="4057" end="4066" text="tolerated" modality="FACTUAL" polarity="POS" type="OCCURRENCE" />
<EVENT id="E89" start="4067" end="4081" text="this procedure" modality="FACTUAL" polarity="POS" type="TREATMENT" />
<EVENT id="E126" start="4082" end="4086" text="well" modality="FACTUAL" polarity="POS" type="OCCURRENCE" />
<EVENT id="E4" start="412" end="423" text="his surgery" modality="FACTUAL" polarity="POS" type="TREATMENT" />
<EVENT id="E5" start="439" end="456" text="a joint procedure" modality="FACTUAL" polarity="POS" type="TREATMENT" />
<EVENT id="E6" start="598" end="612" text="Frozen section" modality="FACTUAL" polarity="POS" type="TEST" />
<EVENT id="E97" start="631" end="640" text="revealing" modality="FACTUAL" polarity="POS" type="EVIDENTIAL" />
<EVENT id="E7" start="641" end="673" text="invasive squamous cell carcinoma" modality="FACTUAL" polarity="POS" type="PROBLEM" />
<EVENT id="E8" start="679" end="692" text="complications" modality="FACTUAL" polarity="NEG" type="PROBLEM" />
<EVENT id="E9" start="731" end="745" text="reconstruction" modality="FACTUAL" polarity="POS" type="TREATMENT" />
<EVENT id="E10" start="760" end="784" text="radial forearm free flap" modality="FACTUAL" polarity="POS" type="TREATMENT" />
<EVENT id="E11" start="849" end="873" text="Total intravenous fluids" modality="FACTUAL" polarity="POS" type="TREATMENT" />
<EVENT id="E12" start="887" end="907" text="Estimated blood loss" modality="FACTUAL" polarity="POS" type="PROBLEM" />
<EVENT id="E13" start="920" end="932" text="Urine output" modality="FACTUAL" polarity="POS" type="TEST" />
<EVENT id="E14" start="948" end="961" text="complications" modality="FACTUAL" polarity="NEG" type="PROBLEM" />
<TIMEX3 id="T0" start="1598" end="1614" text="every 15 minutes" type="FREQUENCY" val="RPT15M" mod="NA" />
<TIMEX3 id="T13" start="1686" end="1691" text="q.6h." type="FREQUENCY" val="RPT6H" mod="NA" />
<TIMEX3 id="T1" start="18" end="28" text="2016-11-21" type="DATE" val="2016-11-21" mod="NA" />
<TIMEX3 id="T14" start="1852" end="1858" text="q.4.h." type="FREQUENCY" val="RPT4H" mod="NA" />
<TIMEX3 id="T15" start="2642" end="2648" text="q.4.h." type="FREQUENCY" val="RPT4H" mod="NA" />
<TIMEX3 id="T20" start="2674" end="2683" text="as needed" type="FREQUENCY" val="R" mod="NA" />
<TIMEX3 id="T5" start="2768" end="2789" text="postoperative day one" type="DATE" val="2016-11-22" mod="NA" />
<TIMEX3 id="T16" start="2975" end="2980" text="q.2h." type="FREQUENCY" val="RPT2H" mod="NA" />
<TIMEX3 id="T6" start="3169" end="3190" text="postoperative day one" type="DATE" val="2016-11-22" mod="NA" />
<TIMEX3 id="T7" start="3260" end="3281" text="postoperative day two" type="DATE" val="2016-11-23" mod="NA" />
<TIMEX3 id="T8" start="3317" end="3338" text="postoperative day one" type="DATE" val="2016-11-22" mod="NA" />
<TIMEX3 id="T19" start="3419" end="3427" text="48 hours" type="DATE" val="2016-11-23" mod="NA" />
<TIMEX3 id="T3" start="345" end="355" text="2016-11-21" type="DATE" val="2016-11-21" mod="NA" />
<TIMEX3 id="T21" start="3500" end="3529" text="11-23 , postoperative day two" type="DATE" val="2016-11-23" mod="NA" />
<TIMEX3 id="T10" start="3723" end="3746" text="postoperative day three" type="DATE" val="2016-11-24" mod="NA" />
<TIMEX3 id="T18" start="3853" end="3858" text="q.2h." type="FREQUENCY" val="RPT2H" mod="NA" />
<TIMEX3 id="T4" start="391" end="401" text="2016-11-21" type="DATE" val="2016-11-21" mod="NA" />
<TIMEX3 id="T11" start="3927" end="3937" text="2016-11-25" type="DATE" val="2016-11-25" mod="NA" />
<TIMEX3 id="T12" start="3995" end="4005" text="2016-11-26" type="DATE" val="2016-11-26" mod="NA" />
<TIMEX3 id="T2" start="46" end="56" text="2016-11-30" type="DATE" val="2016-11-30" mod="NA" />
<SECTIME id="S0" start="18" end="28" text="2016-11-21" type="ADMISSION" dvalue="2016-11-21" />
<SECTIME id="S1" start="46" end="56" text="2016-11-30" type="DISCHARGE" dvalue="2016-11-30" />
<TLINK id="ET1009" fromID="T2" fromText="2016-11-30" toID="E50" toText="white count" type="AFTER" />
<TLINK id="ET101" fromID="T2" fromText="2016-11-30" toID="E8" toText="complications" type="AFTER" />
<TLINK id="ET1013" fromID="E50" fromText="white count" toID="E51" toText="hematocrit" type="OVERLAP" />
<TLINK id="ET1017" fromID="E50" fromText="white count" toID="E52" toText="platelets" type="OVERLAP" />
<TLINK id="ET1038" fromID="T2" fromText="2016-11-30" toID="E19" toText="complications" type="AFTER" />
<TLINK id="ET1066" fromID="T2" fromText="2016-11-30" toID="E40" toText="sodium" type="AFTER" />
<TLINK id="ET1067" fromID="E40" fromText="sodium" toID="E45" toText="creatinine" type="OVERLAP" />
<TLINK id="ET1069" fromID="E40" fromText="sodium" toID="E42" toText="chloride" type="OVERLAP" />
<TLINK id="ET1071" fromID="E40" fromText="sodium" toID="E43" toText="bicarbonate" type="OVERLAP" />
<TLINK id="ET1074" fromID="E40" fromText="sodium" toID="E46" toText="glucose" type="OVERLAP" />
<TLINK id="ET1075" fromID="E40" fromText="sodium" toID="E41" toText="potassium" type="OVERLAP" />
<TLINK id="ET1078" fromID="E40" fromText="sodium" toID="E44" toText="blood urea nitrogen" type="OVERLAP" />
<TLINK id="ET1099" fromID="T2" fromText="2016-11-30" toID="E35" toText="delirium tremens prophylaxis" type="AFTER" />
<TLINK id="ET1127" fromID="T2" fromText="2016-11-30" toID="E43" toText="bicarbonate" type="AFTER" />
<TLINK id="ET1128" fromID="E43" fromText="bicarbonate" toID="E45" toText="creatinine" type="OVERLAP" />
<TLINK id="ET1133" fromID="E43" fromText="bicarbonate" toID="E46" toText="glucose" type="OVERLAP" />
<TLINK id="ET1136" fromID="E43" fromText="bicarbonate" toID="E44" toText="blood urea nitrogen" type="OVERLAP" />
<TLINK id="ET1149" fromID="T1" fromText="2016-11-21" toID="E98" toText="stage t2 n0" type="AFTER" />
<TLINK id="ET1163" fromID="E98" fromText="stage t2 n0" toID="E0" toText="biopsied" type="OVERLAP" />
<TLINK id="ET1190" fromID="T2" fromText="2016-11-30" toID="E57" toText="albumin" type="AFTER" />
<TLINK id="ET1207" fromID="T6" fromText="postoperative day one" toID="E117" toText="spontaneous breathing" type="OVERLAP" />
<TLINK id="ET1214" fromID="E117" fromText="spontaneous breathing" toID="T7" toText="postoperative day two" type="OVERLAP" />
<TLINK id="ET1243" fromID="T2" fromText="2016-11-30" toID="E105" toText="revealed" type="AFTER" />
<TLINK id="ET1244" fromID="E105" fromText="revealed" toID="E45" toText="creatinine" type="OVERLAP" />
<TLINK id="ET1246" fromID="E105" fromText="revealed" toID="E42" toText="chloride" type="OVERLAP" />
<TLINK id="ET1248" fromID="E105" fromText="revealed" toID="E40" toText="sodium" type="OVERLAP" />
<TLINK id="ET1249" fromID="E105" fromText="revealed" toID="E43" toText="bicarbonate" type="OVERLAP" />
<TLINK id="ET1252" fromID="E105" fromText="revealed" toID="E46" toText="glucose" type="OVERLAP" />
<TLINK id="ET1253" fromID="E105" fromText="revealed" toID="E41" toText="potassium" type="OVERLAP" />
<TLINK id="ET1256" fromID="E105" fromText="revealed" toID="E44" toText="blood urea nitrogen" type="OVERLAP" />
<TLINK id="ET1277" fromID="T2" fromText="2016-11-30" toID="E17" toText="the procedure" type="AFTER" />
<TLINK id="ET1280" fromID="E17" fromText="the procedure" toID="E19" toText="complications" type="OVERLAP" />
<TLINK id="ET1284" fromID="E17" fromText="the procedure" toID="E18" toText="an open gastrostomy tube" type="OVERLAP" />
<TLINK id="ET1295" fromID="T4" fromText="2016-11-21" toID="E4" toText="his surgery" type="OVERLAP" />
<TLINK id="ET1299" fromID="T1" fromText="2016-11-21" toID="E4" toText="his surgery" type="AFTER" />
<TLINK id="ET130" fromID="T2" fromText="2016-11-30" toID="E47" toText="calcium" type="AFTER" />
<TLINK id="ET1325" fromID="E96" fromText="admission" toID="T4" toText="2016-11-21" type="OVERLAP" />
<TLINK id="ET1329" fromID="T1" fromText="2016-11-21" toID="E96" toText="admission" type="OVERLAP" />
<TLINK id="ET1370" fromID="E96" fromText="admission" toID="E4" toText="his surgery" type="BEFORE" />
<TLINK id="ET146" fromID="E90" fromText="admission" toID="T4" toText="2016-11-21" type="AFTER" />
<TLINK id="ET1474" fromID="T2" fromText="2016-11-30" toID="E102" toText="pink" type="AFTER" />
<TLINK id="ET1479" fromID="E102" fromText="pink" toID="E28" toText="a strong doppler signal" type="OVERLAP" />
<TLINK id="ET1495" fromID="E84" fromText="pulmonary toilet" toID="T18" toText="q.2h." type="OVERLAP" />
<TLINK id="ET150" fromID="E90" fromText="admission" toID="T1" toText="2016-11-21" type="OVERLAP" />
<TLINK id="ET1502" fromID="T2" fromText="2016-11-30" toID="E84" toText="pulmonary toilet" type="AFTER" />
<TLINK id="ET1504" fromID="E84" fromText="pulmonary toilet" toID="E124" toText="flap checks" type="OVERLAP" />
<TLINK id="ET1525" fromID="T2" fromText="2016-11-30" toID="E122" toText="advanced" type="AFTER" />
<TLINK id="ET153" fromID="E90" fromText="admission" toID="T3" toText="2016-11-21" type="AFTER" />
<TLINK id="ET1540" fromID="T1" fromText="2016-11-21" toID="E93" toText="revealing" type="AFTER" />
<TLINK id="ET1551" fromID="E93" fromText="revealing" toID="E3" toText="invasive squamous cell carcinoma" type="AFTER" />
<TLINK id="ET1581" fromID="T2" fromText="2016-11-30" toID="E115" toText="neurovascularly intact" type="AFTER" />
<TLINK id="ET1622" fromID="E29" fromText="flap checks" toID="T0" toText="every 15 minutes" type="OVERLAP" />
<TLINK id="ET1628" fromID="T2" fromText="2016-11-30" toID="E29" toText="flap checks" type="AFTER" />
<TLINK id="ET1635" fromID="E29" fromText="flap checks" toID="E30" toText="a dextran infusion" type="OVERLAP" />
<TLINK id="ET1656" fromID="T2" fromText="2016-11-30" toID="E23" toText="westwood-pocasset drains" type="AFTER" />
<TLINK id="ET1681" fromID="T14" fromText="q.4.h." toID="E37" toText="a regular insulin sliding scale" type="OVERLAP" />
<TLINK id="ET1684" fromID="T2" fromText="2016-11-30" toID="E37" toText="a regular insulin sliding scale" type="AFTER" />
<TLINK id="ET1691" fromID="E37" fromText="a regular insulin sliding scale" toID="E38" toText="protonix" type="OVERLAP" />
<TLINK id="ET1693" fromID="E37" fromText="a regular insulin sliding scale" toID="E104" toText="gastrointestinal prophylaxis" type="OVERLAP" />
<TLINK id="ET1713" fromID="T2" fromText="2016-11-30" toID="E20" toText="sedated" type="AFTER" />
<TLINK id="ET1714" fromID="E20" fromText="sedated" toID="E22" toText="his tracheostomy 6 cuff shiley tube" type="OVERLAP" />
<TLINK id="ET1719" fromID="E20" fromText="sedated" toID="E21" toText="ventilated" type="OVERLAP" />
<TLINK id="ET1732" fromID="E79" fromText="tube feedings" toID="T19" toText="48 hours" type="OVERLAP" />
<TLINK id="ET1742" fromID="T2" fromText="2016-11-30" toID="E79" toText="tube feedings" type="AFTER" />
<TLINK id="ET1745" fromID="E79" fromText="tube feedings" toID="E80" toText="the procedure" type="OVERLAP" />
<TLINK id="ET1759" fromID="T1" fromText="2016-11-21" toID="E0" toText="biopsied" type="AFTER" />
<TLINK id="ET1800" fromID="T2" fromText="2016-11-30" toID="E12" toText="estimated blood loss" type="AFTER" />
<TLINK id="ET1829" fromID="T2" fromText="2016-11-30" toID="E71" toText="hematocrit" type="AFTER" />
<TLINK id="ET1840" fromID="E81" fromText="his tracheostomy tube" toID="T21" toText="11-23 , postoperative day two" type="OVERLAP" />
<TLINK id="ET1855" fromID="T2" fromText="2016-11-30" toID="E81" toText="his tracheostomy tube" type="AFTER" />
<TLINK id="ET1857" fromID="E81" fromText="his tracheostomy tube" toID="E82" toText="minimal secretions" type="OVERLAP" />
<TLINK id="ET1858" fromID="E81" fromText="his tracheostomy tube" toID="E119" toText="a strong adequate cough" type="BEFORE" />
<TLINK id="ET1861" fromID="E81" fromText="his tracheostomy tube" toID="E118" toText="tolerated well" type="BEFORE" />
<TLINK id="ET1881" fromID="T2" fromText="2016-11-30" toID="E59" toText="tracheostomy tube" type="AFTER" />
<TLINK id="ET1886" fromID="E59" fromText="tracheostomy tube" toID="E109" toText="good position" type="OVERLAP" />
<TLINK id="ET1908" fromID="T2" fromText="2016-11-30" toID="E25" toText="foley" type="AFTER" />
<TLINK id="ET1916" fromID="E25" fromText="foley" toID="E26" toText="left radial a-line" type="OVERLAP" />
<TLINK id="ET1936" fromID="T2" fromText="2016-11-30" toID="E51" toText="hematocrit" type="AFTER" />
<TLINK id="ET1943" fromID="E51" fromText="hematocrit" toID="E52" toText="platelets" type="OVERLAP" />
<TLINK id="ET1964" fromID="T2" fromText="2016-11-30" toID="E107" toText="showed" type="AFTER" />
<TLINK id="ET1965" fromID="E107" fromText="showed" toID="E108" toText="clear lung fields" type="OVERLAP" />
<TLINK id="ET1991" fromID="T2" fromText="2016-11-30" toID="E100" toText="admission" type="AFTER" />
<TLINK id="ET1999" fromID="E100" fromText="admission" toID="E101" toText="the surgical intensive care unit" type="BEFORE" />
<TLINK id="ET20" fromID="T2" fromText="2016-11-30" toID="E15" toText="an attempted percutaneous endoscopic gastrostomy tube" type="AFTER" />
<TLINK id="ET2101" fromID="T1" fromText="2016-11-21" toID="E94" toText="presented" type="OVERLAP" />
<TLINK id="ET2104" fromID="E94" fromText="presented" toID="T3" toText="2016-11-21" type="OVERLAP" />
<TLINK id="ET2122" fromID="E94" fromText="presented" toID="E95" toText="resection" type="BEFORE" />
<TLINK id="ET2231" fromID="T20" fromText="as needed" toID="E110" toText="weaning" type="OVERLAP" />
<TLINK id="ET2248" fromID="T2" fromText="2016-11-30" toID="E110" toText="weaning" type="AFTER" />
<TLINK id="ET2269" fromID="E110" fromText="weaning" toID="E66" toText="ventilation" type="OVERLAP" />
<TLINK id="ET2310" fromID="T2" fromText="2016-11-30" toID="E53" toText="alt" type="AFTER" />
<TLINK id="ET2313" fromID="E53" fromText="alt" toID="E57" toText="albumin" type="OVERLAP" />
<TLINK id="ET2316" fromID="E53" fromText="alt" toID="E54" toText="ast" type="OVERLAP" />
<TLINK id="ET2317" fromID="E53" fromText="alt" toID="E55" toText="alkaline phosphatase" type="OVERLAP" />
<TLINK id="ET2320" fromID="E53" fromText="alt" toID="E56" toText="total bilirubin" type="OVERLAP" />
<TLINK id="ET2323" fromID="T16" fromText="q.2h." toID="E112" toText="showing" type="OVERLAP" />
<TLINK id="ET2341" fromID="T2" fromText="2016-11-30" toID="E112" toText="showing" type="AFTER" />
<TLINK id="ET2347" fromID="E112" fromText="showing" toID="E113" toText="biphasic doppler signals" type="OVERLAP" />
<TLINK id="ET2350" fromID="E65" fromText="nebulizers" toID="T20" toText="as needed" type="OVERLAP" />
<TLINK id="ET2367" fromID="T2" fromText="2016-11-30" toID="E65" toText="nebulizers" type="AFTER" />
<TLINK id="ET2370" fromID="E65" fromText="nebulizers" toID="E110" toText="weaning" type="BEFORE" />
<TLINK id="ET2371" fromID="E65" fromText="nebulizers" toID="E66" toText="ventilation" type="OVERLAP" />
<TLINK id="ET2394" fromID="T2" fromText="2016-11-30" toID="E73" toText="antibiotic coverage" type="AFTER" />
<TLINK id="ET2401" fromID="E91" fromText="discharge" toID="T12" toText="2016-11-26" type="AFTER" />
<TLINK id="ET2402" fromID="E91" fromText="discharge" toID="T16" toText="q.2h." type="AFTER" />
<TLINK id="ET2403" fromID="E91" fromText="discharge" toID="T20" toText="as needed" type="AFTER" />
<TLINK id="ET2405" fromID="E91" fromText="discharge" toID="T21" toText="11-23 , postoperative day two" type="AFTER" />
<TLINK id="ET2409" fromID="E91" fromText="discharge" toID="T6" toText="postoperative day one" type="AFTER" />
<TLINK id="ET2410" fromID="E91" fromText="discharge" toID="T19" toText="48 hours" type="AFTER" />
<TLINK id="ET2411" fromID="E91" fromText="discharge" toID="T10" toText="postoperative day three" type="AFTER" />
<TLINK id="ET2413" fromID="E91" fromText="discharge" toID="T18" toText="q.2h." type="AFTER" />
<TLINK id="ET2414" fromID="E91" fromText="discharge" toID="T0" toText="every 15 minutes" type="BEFORE" />
<TLINK id="ET2416" fromID="E91" fromText="discharge" toID="T7" toText="postoperative day two" type="AFTER" />
<TLINK id="ET2417" fromID="E91" fromText="discharge" toID="T14" toText="q.4.h." type="AFTER" />
<TLINK id="ET2419" fromID="E91" fromText="discharge" toID="T5" toText="postoperative day one" type="AFTER" />
<TLINK id="ET2420" fromID="E91" fromText="discharge" toID="T2" toText="2016-11-30" type="OVERLAP" />
<TLINK id="ET2566" fromID="T2" fromText="2016-11-30" toID="E48" toText="magnesium" type="AFTER" />
<TLINK id="ET2587" fromID="T18" fromText="q.2h." toID="E124" toText="flap checks" type="OVERLAP" />
<TLINK id="ET2594" fromID="T2" fromText="2016-11-30" toID="E124" toText="flap checks" type="AFTER" />
<TLINK id="ET2599" fromID="E74" fromText="flap checks" toID="T16" toText="q.2h." type="OVERLAP" />
<TLINK id="ET2617" fromID="T2" fromText="2016-11-30" toID="E74" toText="flap checks" type="AFTER" />
<TLINK id="ET2620" fromID="E74" fromText="flap checks" toID="E112" toText="showing" type="OVERLAP" />
<TLINK id="ET2623" fromID="E74" fromText="flap checks" toID="E111" toText="the surgical intensive care unit" type="OVERLAP" />
<TLINK id="ET2625" fromID="E74" fromText="flap checks" toID="E113" toText="biphasic doppler signals" type="OVERLAP" />
<TLINK id="ET2645" fromID="T2" fromText="2016-11-30" toID="E13" toText="urine output" type="AFTER" />
<TLINK id="ET2674" fromID="T2" fromText="2016-11-30" toID="E21" toText="ventilated" type="AFTER" />
<TLINK id="ET2675" fromID="E21" fromText="ventilated" toID="E22" toText="his tracheostomy 6 cuff shiley tube" type="OVERLAP" />
<TLINK id="ET2691" fromID="E76" fromText="ventilation" toID="T6" toText="postoperative day one" type="OVERLAP" />
<TLINK id="ET2698" fromID="E76" fromText="ventilation" toID="T7" toText="postoperative day two" type="BEFORE" />
<TLINK id="ET2703" fromID="E76" fromText="ventilation" toID="E77" toText="pressure support ventilation" type="OVERLAP" />
<TLINK id="ET2705" fromID="E76" fromText="ventilation" toID="E117" toText="spontaneous breathing" type="BEFORE" />
<TLINK id="ET2711" fromID="T20" fromText="as needed" toID="E66" toText="ventilation" type="AFTER" />
<TLINK id="ET2728" fromID="T2" fromText="2016-11-30" toID="E66" toText="ventilation" type="AFTER" />
<TLINK id="ET2754" fromID="T2" fromText="2016-11-30" toID="E9" toText="reconstruction" type="AFTER" />
<TLINK id="ET2858" fromID="E9" fromText="reconstruction" toID="E10" toText="radial forearm free flap" type="OVERLAP" />
<TLINK id="ET2869" fromID="T21" fromText="11-23 , postoperative day two" toID="E82" toText="minimal secretions" type="OVERLAP" />
<TLINK id="ET2884" fromID="T2" fromText="2016-11-30" toID="E82" toText="minimal secretions" type="AFTER" />
<TLINK id="ET2886" fromID="E82" fromText="minimal secretions" toID="E119" toText="a strong adequate cough" type="OVERLAP" />
<TLINK id="ET2908" fromID="T2" fromText="2016-11-30" toID="E18" toText="an open gastrostomy tube" type="AFTER" />
<TLINK id="ET2911" fromID="E18" fromText="an open gastrostomy tube" toID="E19" toText="complications" type="OVERLAP" />
<TLINK id="ET2937" fromID="T2" fromText="2016-11-30" toID="E54" toText="ast" type="AFTER" />
<TLINK id="ET294" fromID="T6" fromText="postoperative day one" toID="E77" toText="pressure support ventilation" type="OVERLAP" />
<TLINK id="ET2940" fromID="E54" fromText="ast" toID="E57" toText="albumin" type="OVERLAP" />
<TLINK id="ET2943" fromID="E54" fromText="ast" toID="E55" toText="alkaline phosphatase" type="OVERLAP" />
<TLINK id="ET2946" fromID="E54" fromText="ast" toID="E56" toText="total bilirubin" type="OVERLAP" />
<TLINK id="ET2958" fromID="E120" fromText="the surgical intensive care unit" toID="T10" toText="postoperative day three" type="BEFORE" />
<TLINK id="ET2967" fromID="T2" fromText="2016-11-30" toID="E120" toText="the surgical intensive care unit" type="AFTER" />
<TLINK id="ET2969" fromID="E120" fromText="the surgical intensive care unit" toID="E121" toText="the medical intensive care unit" type="BEFORE" />
<TLINK id="ET2990" fromID="T2" fromText="2016-11-30" toID="E83" toText="his tube feedings" type="AFTER" />
<TLINK id="ET2992" fromID="E83" fromText="his tube feedings" toID="E122" toText="advanced" type="OVERLAP" />
<TLINK id="ET301" fromID="E77" fromText="pressure support ventilation" toID="T7" toText="postoperative day two" type="BEFORE" />
<TLINK id="ET3013" fromID="T2" fromText="2016-11-30" toID="E33" toText="pain" type="AFTER" />
<TLINK id="ET3016" fromID="E33" fromText="pain" toID="E35" toText="delirium tremens prophylaxis" type="OVERLAP" />
<TLINK id="ET3021" fromID="E33" fromText="pain" toID="E34" toText="ativan" type="OVERLAP" />
<TLINK id="ET3042" fromID="T2" fromText="2016-11-30" toID="E6" toText="frozen section" type="AFTER" />
<TLINK id="ET3043" fromID="E6" fromText="frozen section" toID="E7" toText="invasive squamous cell carcinoma" type="OVERLAP" />
<TLINK id="ET3044" fromID="E6" fromText="frozen section" toID="E97" toText="revealing" type="OVERLAP" />
<TLINK id="ET307" fromID="E77" fromText="pressure support ventilation" toID="E117" toText="spontaneous breathing" type="OVERLAP" />
<TLINK id="ET3073" fromID="T2" fromText="2016-11-30" toID="E28" toText="a strong doppler signal" type="AFTER" />
<TLINK id="ET3101" fromID="T2" fromText="2016-11-30" toID="E106" toText="revealed" type="AFTER" />
<TLINK id="ET3104" fromID="E106" fromText="revealed" toID="E50" toText="white count" type="OVERLAP" />
<TLINK id="ET3106" fromID="E106" fromText="revealed" toID="E51" toText="hematocrit" type="OVERLAP" />
<TLINK id="ET3110" fromID="E106" fromText="revealed" toID="E52" toText="platelets" type="OVERLAP" />
<TLINK id="ET3118" fromID="E64" fromText="lopressor" toID="T15" toText="q.4.h." type="OVERLAP" />
<TLINK id="ET3131" fromID="T2" fromText="2016-11-30" toID="E64" toText="lopressor" type="AFTER" />
<TLINK id="ET3150" fromID="T1" fromText="2016-11-21" toID="E2" toText="pathology" type="AFTER" />
<TLINK id="ET3161" fromID="E2" fromText="pathology" toID="E3" toText="invasive squamous cell carcinoma" type="AFTER" />
<TLINK id="ET3164" fromID="E2" fromText="pathology" toID="E93" toText="revealing" type="OVERLAP" />
<TLINK id="ET3192" fromID="T2" fromText="2016-11-30" toID="E46" toText="glucose" type="AFTER" />
<TLINK id="ET3205" fromID="T21" fromText="11-23 , postoperative day two" toID="E119" toText="a strong adequate cough" type="OVERLAP" />
<TLINK id="ET3220" fromID="T2" fromText="2016-11-30" toID="E119" toText="a strong adequate cough" type="AFTER" />
<TLINK id="ET3243" fromID="T2" fromText="2016-11-30" toID="E114" toText="good refill" type="AFTER" />
<TLINK id="ET3249" fromID="T12" fromText="2016-11-26" toID="E87" toText="sutures" type="OVERLAP" />
<TLINK id="ET3268" fromID="T2" fromText="2016-11-30" toID="E87" toText="sutures" type="AFTER" />
<TLINK id="ET3271" fromID="E87" fromText="sutures" toID="E88" toText="a 3-0 silk" type="OVERLAP" />
<TLINK id="ET3291" fromID="T2" fromText="2016-11-30" toID="E14" toText="complications" type="AFTER" />
<TLINK id="ET330" fromID="T2" fromText="2016-11-30" toID="E39" toText="postoperative laboratories" type="AFTER" />
<TLINK id="ET331" fromID="E39" fromText="postoperative laboratories" toID="E45" toText="creatinine" type="OVERLAP" />
<TLINK id="ET3320" fromID="T2" fromText="2016-11-30" toID="E55" toText="alkaline phosphatase" type="AFTER" />
<TLINK id="ET3323" fromID="E55" fromText="alkaline phosphatase" toID="E57" toText="albumin" type="OVERLAP" />
<TLINK id="ET3328" fromID="E55" fromText="alkaline phosphatase" toID="E56" toText="total bilirubin" type="OVERLAP" />
<TLINK id="ET333" fromID="E39" fromText="postoperative laboratories" toID="E42" toText="chloride" type="OVERLAP" />
<TLINK id="ET3349" fromID="T2" fromText="2016-11-30" toID="E41" toText="potassium" type="AFTER" />
<TLINK id="ET335" fromID="E39" fromText="postoperative laboratories" toID="E43" toText="bicarbonate" type="OVERLAP" />
<TLINK id="ET3350" fromID="E41" fromText="potassium" toID="E45" toText="creatinine" type="OVERLAP" />
<TLINK id="ET3352" fromID="E41" fromText="potassium" toID="E42" toText="chloride" type="OVERLAP" />
<TLINK id="ET3354" fromID="E41" fromText="potassium" toID="E43" toText="bicarbonate" type="OVERLAP" />
<TLINK id="ET3357" fromID="E41" fromText="potassium" toID="E46" toText="glucose" type="OVERLAP" />
<TLINK id="ET336" fromID="E39" fromText="postoperative laboratories" toID="E105" toText="revealed" type="OVERLAP" />
<TLINK id="ET3360" fromID="E41" fromText="potassium" toID="E44" toText="blood urea nitrogen" type="OVERLAP" />
<TLINK id="ET3379" fromID="E85" fromText="the westwood-pocasset in his right arm" toID="T11" toText="2016-11-25" type="BEFORE" />
<TLINK id="ET3381" fromID="T2" fromText="2016-11-30" toID="E85" toText="the westwood-pocasset in his right arm" type="AFTER" />
<TLINK id="ET339" fromID="E39" fromText="postoperative laboratories" toID="E46" toText="glucose" type="OVERLAP" />
<TLINK id="ET340" fromID="E39" fromText="postoperative laboratories" toID="E41" toText="potassium" type="OVERLAP" />
<TLINK id="ET3404" fromID="T2" fromText="2016-11-30" toID="E126" toText="well" type="AFTER" />
<TLINK id="ET3424" fromID="T2" fromText="2016-11-30" toID="E72" toText="unasyn" type="AFTER" />
<TLINK id="ET3427" fromID="E72" fromText="unasyn" toID="E73" toText="antibiotic coverage" type="OVERLAP" />
<TLINK id="ET343" fromID="E39" fromText="postoperative laboratories" toID="E44" toText="blood urea nitrogen" type="OVERLAP" />
<TLINK id="ET3434" fromID="E78" fromText="his westwood-pocasset output" toID="T8" toText="postoperative day one" type="OVERLAP" />
<TLINK id="ET3450" fromID="T2" fromText="2016-11-30" toID="E78" toText="his westwood-pocasset output" type="AFTER" />
<TLINK id="ET3465" fromID="T19" fromText="48 hours" toID="E80" toText="the procedure" type="AFTER" />
<TLINK id="ET3475" fromID="T2" fromText="2016-11-30" toID="E80" toText="the procedure" type="AFTER" />
<TLINK id="ET3500" fromID="T2" fromText="2016-11-30" toID="E109" toText="good position" type="AFTER" />
<TLINK id="ET3518" fromID="E92" fromText="transferred" toID="T10" toText="postoperative day three" type="OVERLAP" />
<TLINK id="ET3527" fromID="T2" fromText="2016-11-30" toID="E92" toText="transferred" type="AFTER" />
<TLINK id="ET3531" fromID="E92" fromText="transferred" toID="E121" toText="the medical intensive care unit" type="BEFORE" />
<TLINK id="ET3536" fromID="E92" fromText="transferred" toID="E120" toText="the surgical intensive care unit" type="AFTER" />
<TLINK id="ET3562" fromID="T2" fromText="2016-11-30" toID="E123" toText="out of bed" type="AFTER" />
<TLINK id="ET3579" fromID="T0" fromText="every 15 minutes" toID="E30" toText="a dextran infusion" type="OVERLAP" />
<TLINK id="ET3585" fromID="T2" fromText="2016-11-30" toID="E30" toText="a dextran infusion" type="AFTER" />
<TLINK id="ET3613" fromID="T2" fromText="2016-11-30" toID="E24" toText="g-tube" type="AFTER" />
<TLINK id="ET3617" fromID="E24" fromText="g-tube" toID="E25" toText="foley" type="OVERLAP" />
<TLINK id="ET3622" fromID="E24" fromText="g-tube" toID="E26" toText="left radial a-line" type="OVERLAP" />
<TLINK id="ET364" fromID="T2" fromText="2016-11-30" toID="E61" toText="flap checks" type="AFTER" />
<TLINK id="ET3642" fromID="T2" fromText="2016-11-30" toID="E52" toText="platelets" type="AFTER" />
<TLINK id="ET366" fromID="E61" fromText="flap checks" toID="E63" toText="westwood-pocasset management." type="OVERLAP" />
<TLINK id="ET3670" fromID="T2" fromText="2016-11-30" toID="E11" toText="total intravenous fluids" type="AFTER" />
<TLINK id="ET3699" fromID="T2" fromText="2016-11-30" toID="E34" toText="ativan" type="AFTER" />
<TLINK id="ET3702" fromID="E34" fromText="ativan" toID="E35" toText="delirium tremens prophylaxis" type="OVERLAP" />
<TLINK id="ET371" fromID="E61" fromText="flap checks" toID="E62" toText="tracheostomy care" type="OVERLAP" />
<TLINK id="ET3713" fromID="E31" fromText="unasyn" toID="T13" toText="q.6h." type="OVERLAP" />
<TLINK id="ET3727" fromID="T2" fromText="2016-11-30" toID="E31" toText="unasyn" type="AFTER" />
<TLINK id="ET3754" fromID="E68" fromText="gastrostomy tube" toID="T5" toText="postoperative day one" type="OVERLAP" />
<TLINK id="ET3755" fromID="T2" fromText="2016-11-30" toID="E68" toText="gastrostomy tube" type="AFTER" />
<TLINK id="ET3781" fromID="T2" fromText="2016-11-30" toID="E44" toText="blood urea nitrogen" type="AFTER" />
<TLINK id="ET3782" fromID="E44" fromText="blood urea nitrogen" toID="E45" toText="creatinine" type="OVERLAP" />
<TLINK id="ET3787" fromID="E44" fromText="blood urea nitrogen" toID="E46" toText="glucose" type="OVERLAP" />
<TLINK id="ET3791" fromID="T12" fromText="2016-11-26" toID="E88" toText="a 3-0 silk" type="OVERLAP" />
<TLINK id="ET3810" fromID="T2" fromText="2016-11-30" toID="E88" toText="a 3-0 silk" type="AFTER" />
<TLINK id="ET3832" fromID="T2" fromText="2016-11-30" toID="E99" toText="unsuccessful" type="AFTER" />
<TLINK id="ET3835" fromID="E99" fromText="unsuccessful" toID="E19" toText="complications" type="OVERLAP" />
<TLINK id="ET3836" fromID="E99" fromText="unsuccessful" toID="E17" toText="the procedure" type="OVERLAP" />
<TLINK id="ET3840" fromID="E99" fromText="unsuccessful" toID="E18" toText="an open gastrostomy tube" type="OVERLAP" />
<TLINK id="ET3863" fromID="T2" fromText="2016-11-30" toID="E56" toText="total bilirubin" type="AFTER" />
<TLINK id="ET3866" fromID="E56" fromText="total bilirubin" toID="E57" toText="albumin" type="OVERLAP" />
<TLINK id="ET3891" fromID="T2" fromText="2016-11-30" toID="E62" toText="tracheostomy care" type="AFTER" />
<TLINK id="ET3893" fromID="E62" fromText="tracheostomy care" toID="E63" toText="westwood-pocasset management." type="OVERLAP" />
<TLINK id="ET3915" fromID="T14" fromText="q.4.h." toID="E38" toText="protonix" type="OVERLAP" />
<TLINK id="ET3918" fromID="T2" fromText="2016-11-30" toID="E38" toText="protonix" type="AFTER" />
<TLINK id="ET392" fromID="T2" fromText="2016-11-30" toID="E7" toText="invasive squamous cell carcinoma" type="AFTER" />
<TLINK id="ET3928" fromID="T16" fromText="q.2h." toID="E111" toText="the surgical intensive care unit" type="OVERLAP" />
<TLINK id="ET3946" fromID="T2" fromText="2016-11-30" toID="E111" toText="the surgical intensive care unit" type="AFTER" />
<TLINK id="ET3949" fromID="E111" fromText="the surgical intensive care unit" toID="E112" toText="showing" type="OVERLAP" />
<TLINK id="ET3957" fromID="T21" fromText="11-23 , postoperative day two" toID="E118" toText="tolerated well" type="OVERLAP" />
<TLINK id="ET3972" fromID="T2" fromText="2016-11-30" toID="E118" toText="tolerated well" type="AFTER" />
<TLINK id="ET3981" fromID="E118" fromText="tolerated well" toID="E82" toText="minimal secretions" type="OVERLAP" />
<TLINK id="ET3984" fromID="E118" fromText="tolerated well" toID="E119" toText="a strong adequate cough" type="OVERLAP" />
<TLINK id="ET4010" fromID="T2" fromText="2016-11-30" toID="E103" toText="nothing by mouth" type="AFTER" />
<TLINK id="ET4013" fromID="E103" fromText="nothing by mouth" toID="E35" toText="delirium tremens prophylaxis" type="OVERLAP" />
<TLINK id="ET4016" fromID="E103" fromText="nothing by mouth" toID="E33" toText="pain" type="OVERLAP" />
<TLINK id="ET4019" fromID="E103" fromText="nothing by mouth" toID="E34" toText="ativan" type="OVERLAP" />
<TLINK id="ET4021" fromID="E103" fromText="nothing by mouth" toID="E32" toText="morphine" type="OVERLAP" />
<TLINK id="ET4033" fromID="T1" fromText="2016-11-21" toID="E1" toText="squamous cell carcinoma" type="AFTER" />
<TLINK id="ET4045" fromID="E1" fromText="squamous cell carcinoma" toID="E98" toText="stage t2 n0" type="OVERLAP" />
<TLINK id="ET4048" fromID="E1" fromText="squamous cell carcinoma" toID="E0" toText="biopsied" type="OVERLAP" />
<TLINK id="ET4075" fromID="T2" fromText="2016-11-30" toID="E58" toText="a chest x-ray" type="AFTER" />
<TLINK id="ET4076" fromID="E58" fromText="a chest x-ray" toID="E108" toText="clear lung fields" type="OVERLAP" />
<TLINK id="ET4079" fromID="E58" fromText="a chest x-ray" toID="E107" toText="showed" type="OVERLAP" />
<TLINK id="ET4100" fromID="E36" fromText="metoprolol" toID="T14" toText="q.4.h." type="OVERLAP" />
<TLINK id="ET4103" fromID="T2" fromText="2016-11-30" toID="E36" toText="metoprolol" type="AFTER" />
<TLINK id="ET4107" fromID="E36" fromText="metoprolol" toID="E37" toText="a regular insulin sliding scale" type="OVERLAP" />
<TLINK id="ET4111" fromID="E36" fromText="metoprolol" toID="E38" toText="protonix" type="OVERLAP" />
<TLINK id="ET4113" fromID="E36" fromText="metoprolol" toID="E104" toText="gastrointestinal prophylaxis" type="OVERLAP" />
<TLINK id="ET4133" fromID="T2" fromText="2016-11-30" toID="E69" toText="foley catheter" type="AFTER" />
<TLINK id="ET4139" fromID="E69" fromText="foley catheter" toID="E70" toText="strict monitoring of ins and outs" type="OVERLAP" />
<TLINK id="ET4159" fromID="T2" fromText="2016-11-30" toID="E70" toText="strict monitoring of ins and outs" type="AFTER" />
<TLINK id="ET4185" fromID="T2" fromText="2016-11-30" toID="E26" toText="left radial a-line" type="AFTER" />
<TLINK id="ET4213" fromID="T2" fromText="2016-11-30" toID="E10" toText="radial forearm free flap" type="AFTER" />
<TLINK id="ET422" fromID="T2" fromText="2016-11-30" toID="E89" toText="this procedure" type="AFTER" />
<TLINK id="ET423" fromID="E89" fromText="this procedure" toID="E126" toText="well" type="OVERLAP" />
<TLINK id="ET4242" fromID="T2" fromText="2016-11-30" toID="E60" toText="pneumothorax" type="AFTER" />
<TLINK id="ET4254" fromID="E128" fromText="the cuff" toID="T21" toText="11-23 , postoperative day two" type="OVERLAP" />
<TLINK id="ET4269" fromID="T2" fromText="2016-11-30" toID="E128" toText="the cuff" type="AFTER" />
<TLINK id="ET4271" fromID="E128" fromText="the cuff" toID="E81" toText="his tracheostomy tube" type="OVERLAP" />
<TLINK id="ET4272" fromID="E128" fromText="the cuff" toID="E82" toText="minimal secretions" type="OVERLAP" />
<TLINK id="ET4273" fromID="E128" fromText="the cuff" toID="E119" toText="a strong adequate cough" type="BEFORE" />
<TLINK id="ET4276" fromID="E128" fromText="the cuff" toID="E118" toText="tolerated well" type="BEFORE" />
<TLINK id="ET4278" fromID="T16" fromText="q.2h." toID="E113" toText="biphasic doppler signals" type="OVERLAP" />
<TLINK id="ET4296" fromID="T2" fromText="2016-11-30" toID="E113" toText="biphasic doppler signals" type="AFTER" />
<TLINK id="ET4322" fromID="T2" fromText="2016-11-30" toID="E32" toText="morphine" type="AFTER" />
<TLINK id="ET4325" fromID="E32" fromText="morphine" toID="E35" toText="delirium tremens prophylaxis" type="OVERLAP" />
<TLINK id="ET4328" fromID="E32" fromText="morphine" toID="E33" toText="pain" type="AFTER" />
<TLINK id="ET4331" fromID="E32" fromText="morphine" toID="E34" toText="ativan" type="OVERLAP" />
<TLINK id="ET4349" fromID="T14" fromText="q.4.h." toID="E104" toText="gastrointestinal prophylaxis" type="OVERLAP" />
<TLINK id="ET4352" fromID="T2" fromText="2016-11-30" toID="E104" toText="gastrointestinal prophylaxis" type="AFTER" />
<TLINK id="ET4359" fromID="E104" fromText="gastrointestinal prophylaxis" toID="E38" toText="protonix" type="OVERLAP" />
<TLINK id="ET4372" fromID="T1" fromText="2016-11-21" toID="E5" toText="a joint procedure" type="AFTER" />
<TLINK id="ET4410" fromID="T2" fromText="2016-11-30" toID="E16" toText="the percutaneous endoscopic gastrostomy" type="AFTER" />
<TLINK id="ET4413" fromID="E16" fromText="the percutaneous endoscopic gastrostomy" toID="E19" toText="complications" type="OVERLAP" />
<TLINK id="ET4414" fromID="E16" fromText="the percutaneous endoscopic gastrostomy" toID="E17" toText="the procedure" type="OVERLAP" />
<TLINK id="ET4418" fromID="E16" fromText="the percutaneous endoscopic gastrostomy" toID="E18" toText="an open gastrostomy tube" type="OVERLAP" />
<TLINK id="ET4421" fromID="E16" fromText="the percutaneous endoscopic gastrostomy" toID="E99" toText="unsuccessful" type="OVERLAP" />
<TLINK id="ET443" fromID="T2" fromText="2016-11-30" toID="E101" toText="the surgical intensive care unit" type="AFTER" />
<TLINK id="ET471" fromID="T2" fromText="2016-11-30" toID="E45" toText="creatinine" type="AFTER" />
<TLINK id="ET476" fromID="E45" fromText="creatinine" toID="E46" toText="glucose" type="OVERLAP" />
<TLINK id="ET49" fromID="T2" fromText="2016-11-30" toID="E22" toText="his tracheostomy 6 cuff shiley tube" type="AFTER" />
<TLINK id="ET491" fromID="T1" fromText="2016-11-21" toID="E95" toText="resection" type="AFTER" />
<TLINK id="ET494" fromID="T3" fromText="2016-11-21" toID="E95" toText="resection" type="OVERLAP" />
<TLINK id="ET58" fromID="E125" fromText="a 6 cuffless shiley" toID="T12" toText="2016-11-26" type="OVERLAP" />
<TLINK id="ET637" fromID="T2" fromText="2016-11-30" toID="E49" toText="complete blood count" type="AFTER" />
<TLINK id="ET641" fromID="E49" fromText="complete blood count" toID="E51" toText="hematocrit" type="OVERLAP" />
<TLINK id="ET643" fromID="E49" fromText="complete blood count" toID="E106" toText="revealed" type="OVERLAP" />
<TLINK id="ET646" fromID="E49" fromText="complete blood count" toID="E52" toText="platelets" type="OVERLAP" />
<TLINK id="ET667" fromID="T2" fromText="2016-11-30" toID="E97" toText="revealing" type="AFTER" />
<TLINK id="ET668" fromID="E97" fromText="revealing" toID="E7" toText="invasive squamous cell carcinoma" type="AFTER" />
<TLINK id="ET697" fromID="T2" fromText="2016-11-30" toID="E108" toText="clear lung fields" type="AFTER" />
<TLINK id="ET768" fromID="T2" fromText="2016-11-30" toID="E42" toText="chloride" type="AFTER" />
<TLINK id="ET769" fromID="E42" fromText="chloride" toID="E45" toText="creatinine" type="OVERLAP" />
<TLINK id="ET77" fromID="T2" fromText="2016-11-30" toID="E125" toText="a 6 cuffless shiley" type="AFTER" />
<TLINK id="ET772" fromID="E42" fromText="chloride" toID="E43" toText="bicarbonate" type="OVERLAP" />
<TLINK id="ET775" fromID="E42" fromText="chloride" toID="E46" toText="glucose" type="OVERLAP" />
<TLINK id="ET778" fromID="E42" fromText="chloride" toID="E44" toText="blood urea nitrogen" type="OVERLAP" />
<TLINK id="ET79" fromID="E125" fromText="a 6 cuffless shiley" toID="E87" toText="sutures" type="OVERLAP" />
<TLINK id="ET799" fromID="T2" fromText="2016-11-30" toID="E27" toText="the flap" type="AFTER" />
<TLINK id="ET802" fromID="E27" fromText="the flap" toID="E102" toText="pink" type="OVERLAP" />
<TLINK id="ET805" fromID="E27" fromText="the flap" toID="E28" toText="a strong doppler signal" type="OVERLAP" />
<TLINK id="ET81" fromID="E125" fromText="a 6 cuffless shiley" toID="E88" toText="a 3-0 silk" type="OVERLAP" />
<TLINK id="ET820" fromID="T1" fromText="2016-11-21" toID="E3" toText="invasive squamous cell carcinoma" type="AFTER" />
<TLINK id="ET860" fromID="T2" fromText="2016-11-30" toID="E127" toText="tolerated" type="AFTER" />
<TLINK id="ET861" fromID="E127" fromText="tolerated" toID="E89" toText="this procedure" type="OVERLAP" />
<TLINK id="ET862" fromID="E127" fromText="tolerated" toID="E126" toText="well" type="OVERLAP" />
<TLINK id="ET882" fromID="T2" fromText="2016-11-30" toID="E75" toText="pink flap" type="AFTER" />
<TLINK id="ET885" fromID="E75" fromText="pink flap" toID="E114" toText="good refill" type="OVERLAP" />
<TLINK id="ET908" fromID="T2" fromText="2016-11-30" toID="E63" toText="westwood-pocasset management." type="AFTER" />
<TLINK id="ET926" fromID="E121" fromText="the medical intensive care unit" toID="T10" toText="postoperative day three" type="OVERLAP" />
<TLINK id="ET935" fromID="T2" fromText="2016-11-30" toID="E121" toText="the medical intensive care unit" type="AFTER" />
<TLINK id="ET957" fromID="E67" fromText="medications" toID="T5" toText="postoperative day one" type="OVERLAP" />
<TLINK id="ET958" fromID="T2" fromText="2016-11-30" toID="E67" toText="medications" type="AFTER" />
<TLINK id="ET963" fromID="E67" fromText="medications" toID="E68" toText="gastrostomy tube" type="OVERLAP" />
<TLINK id="ET965" fromID="E86" fromText="his tracheostomy" toID="T12" toText="2016-11-26" type="AFTER" />
<TLINK id="ET984" fromID="T2" fromText="2016-11-30" toID="E86" toText="his tracheostomy" type="AFTER" />
<TLINK id="ET985" fromID="E86" fromText="his tracheostomy" toID="E125" toText="a 6 cuffless shiley" type="OVERLAP" />
<TLINK id="ET987" fromID="E86" fromText="his tracheostomy" toID="E87" toText="sutures" type="OVERLAP" />
<TLINK id="ET989" fromID="E86" fromText="his tracheostomy" toID="E88" toText="a 3-0 silk" type="OVERLAP" />
<TLINK id="T79" fromID="E90" fromText="admission" toID="T1" toText="2016-11-21" type="OVERLAP" />
<TLINK id="T80" fromID="E91" fromText="discharge" toID="T2" toText="2016-11-30" type="OVERLAP" />
<TLINK id="T81" fromID="E90" fromText="admission" toID="E96" toText="admission" type="OVERLAP" />
<TLINK id="T82" fromID="E90" fromText="admission" toID="T1" toText="2016-11-21" type="OVERLAP" />
<TLINK id="T83" fromID="E90" fromText="admission" toID="E100" toText="admission" type="OVERLAP" />
<TLINK id="T84" fromID="E90" fromText="admission" toID="T1" toText="2016-11-21" type="OVERLAP" />
<TLINK id="T85" fromID="E96" fromText="admission" toID="E90" toText="admission" type="OVERLAP" />
<TLINK id="T86" fromID="E96" fromText="admission" toID="T1" toText="2016-11-21" type="OVERLAP" />
<TLINK id="T87" fromID="E96" fromText="admission" toID="E100" toText="admission" type="OVERLAP" />
<TLINK id="T88" fromID="E96" fromText="admission" toID="T1" toText="2016-11-21" type="OVERLAP" />
<TLINK id="T89" fromID="E100" fromText="admission" toID="E90" toText="admission" type="OVERLAP" />
<TLINK id="T90" fromID="E100" fromText="admission" toID="T1" toText="2016-11-21" type="OVERLAP" />
<TLINK id="T91" fromID="E100" fromText="admission" toID="E96" toText="admission" type="OVERLAP" />
<TLINK id="T92" fromID="E100" fromText="admission" toID="T1" toText="2016-11-21" type="OVERLAP" />
</TAGS>
</ClinicalNarrativeTemporalAnnotation>
