<?xml version="1.0" encoding="UTF-8" ?>
<ClinicalNarrativeTemporalAnnotation>
<TEXT><![CDATA[
Admission Date :
2011-03-10
Discharge Date :
2011-03-15
Service :
Medford
HISTORY OF PRESENT ILLNESS :
This is an 83 year old woman with a history of hypertension who presents with slurred speech when dehydrated .
She has paraplegia secondary to HTLV exposure while on vacation in the Bahamas six years ago .
She presented with three days of general malaise , nausea , vomiting , shortness of breath , cough productive of white sputum .
She awoke with nausea on the day of admission and pleuritic chest pain .
She reports no sick contacts.
The patient has some difficulty talking and grasping right hand .
She came to the Emergency Department on the 2011-03-10 , with temperature of 99.0 F .; blood pressure of 97/50 ; heart rate 100 ; respirations 27 ; O2 saturation 84% on room air and 94% on two liters .
The patient had coarse rhonchi on examination .
Chest x-ray revealed mild pulmonary edema .
Chest CT scan was negative for pulmonary embolism but positive for consolidation .
She was started on Levofloxacin but the patient became hypotensive at that point with blood pressure of 70/45 and received a normal saline bolus to boost her blood pressure to 99/60 ; however the patient was admitted to the Medical Intensive Care Unit for overnight observation because of her somnolence and hypotension .
She was transferred to the Everett Firm on the 2011-03-11 and was mentating well and was stable for transfer .
HOSPITAL COURSE :
After transfer to the Floor , the patient was continued on Levofloxacin for a ten to 14 day course for presumptive pneumonia .
Due to her chronic diarrhea she was repleted with intravenous fluids .
For her depression , continued on Citalopram 10 mg daily .
For her paraplegia and associated muscle spasticity she was continued on her Zanaflex .
For deep vein thrombosis prophylaxis she was treated with subcutaneous heparin and for gastrointestinal prophylaxis she was treated with Protonix .
She was also evaluated by Physical Therapy and Speech and Swallow because of some report of dysphagia .
Physical Therapy felt that the patient was cleared for transfer home with services .
Occupational Therapy was also in agreement with the patient 's disposition home with services .
The patient was able to advance her diet well from liquids to solids , however , she was plagued with a persistent cough and some low grade fevers to 99.0 F .
Speech and Swallow evaluated the patient at bedside and recommended advancing to regular diet with regular consistency and saw no evidence of any dysphagia .
There was some question regarding restarting of the patient 's Coumadin given her positive lupus anti-coagulant status as well as the presence of her basilar artery stenosis .
The patient was discharged on the 2011-03-15 on the following medications .
]]></TEXT>
<TAGS>
<EVENT id="E0" start="1" end="10" text="Admission" modality="FACTUAL" polarity="POS" type="OCCURRENCE" />
<EVENT id="E56" start="1003" end="1015" text="Levofloxacin" modality="FACTUAL" polarity="POS" type="TREATMENT" />
<EVENT id="E57" start="1039" end="1050" text="hypotensive" modality="FACTUAL" polarity="POS" type="PROBLEM" />
<EVENT id="E58" start="1070" end="1084" text="blood pressure" modality="FACTUAL" polarity="POS" type="TEST" />
<EVENT id="E59" start="1107" end="1128" text="a normal saline bolus" modality="FACTUAL" polarity="POS" type="TREATMENT" />
<EVENT id="E60" start="1138" end="1156" text="her blood pressure" modality="FACTUAL" polarity="POS" type="TEST" />
<EVENT id="E61" start="1192" end="1200" text="admitted" modality="FACTUAL" polarity="POS" type="OCCURRENCE" />
<EVENT id="E62" start="1204" end="1235" text="the Medical Intensive Care Unit" modality="FACTUAL" polarity="POS" type="CLINICAL_DEPT" />
<EVENT id="E63" start="1240" end="1261" text="overnight observation" modality="FACTUAL" polarity="POS" type="TEST" />
<EVENT id="E64" start="1273" end="1287" text="her somnolence" modality="FACTUAL" polarity="POS" type="PROBLEM" />
<EVENT id="E65" start="1292" end="1303" text="hypotension" modality="FACTUAL" polarity="POS" type="PROBLEM" />
<EVENT id="E66" start="1314" end="1325" text="transferred" modality="FACTUAL" polarity="POS" type="OCCURRENCE" />
<EVENT id="E67" start="1329" end="1345" text="the Everett Firm" modality="FACTUAL" polarity="POS" type="CLINICAL_DEPT" />
<EVENT id="E68" start="1372" end="1386" text="mentating well" modality="FACTUAL" polarity="POS" type="OCCURRENCE" />
<EVENT id="E69" start="1395" end="1401" text="stable" modality="FACTUAL" polarity="POS" type="OCCURRENCE" />
<EVENT id="E70" start="1406" end="1414" text="transfer" modality="FACTUAL" polarity="POS" type="OCCURRENCE" />
<EVENT id="E71" start="1441" end="1449" text="transfer" modality="FACTUAL" polarity="POS" type="OCCURRENCE" />
<EVENT id="E72" start="1453" end="1462" text="the Floor" modality="FACTUAL" polarity="POS" type="CLINICAL_DEPT" />
<EVENT id="E13" start="1494" end="1506" text="Levofloxacin" modality="FACTUAL" polarity="POS" type="TREATMENT" />
<EVENT id="E34" start="151" end="163" text="hypertension" modality="FACTUAL" polarity="POS" type="PROBLEM" />
<EVENT id="E14" start="1550" end="1559" text="pneumonia" modality="POSSIBLE" polarity="POS" type="PROBLEM" />
<EVENT id="E15" start="1569" end="1589" text="her chronic diarrhea" modality="FACTUAL" polarity="POS" type="PROBLEM" />
<EVENT id="E16" start="1612" end="1630" text="intravenous fluids" modality="FACTUAL" polarity="POS" type="TREATMENT" />
<EVENT id="E17" start="1637" end="1651" text="her depression" modality="FACTUAL" polarity="POS" type="PROBLEM" />
<EVENT id="E18" start="1667" end="1677" text="Citalopram" modality="FACTUAL" polarity="POS" type="TREATMENT" />
<EVENT id="E35" start="168" end="176" text="presents" modality="FACTUAL" polarity="POS" type="OCCURRENCE" />
<EVENT id="E19" start="1696" end="1710" text="her paraplegia" modality="FACTUAL" polarity="POS" type="PROBLEM" />
<EVENT id="E20" start="1726" end="1743" text="muscle spasticity" modality="FACTUAL" polarity="POS" type="PROBLEM" />
<EVENT id="E21" start="1765" end="1777" text="her Zanaflex" modality="FACTUAL" polarity="POS" type="TREATMENT" />
<EVENT id="E22" start="1784" end="1816" text="deep vein thrombosis prophylaxis" modality="FACTUAL" polarity="POS" type="TREATMENT" />
<EVENT id="E1" start="182" end="196" text="slurred speech" modality="CONDITIONAL" polarity="POS" type="PROBLEM" />
<EVENT id="E23" start="1838" end="1858" text="subcutaneous heparin" modality="FACTUAL" polarity="POS" type="TREATMENT" />
<EVENT id="E24" start="1867" end="1895" text="gastrointestinal prophylaxis" modality="FACTUAL" polarity="POS" type="TREATMENT" />
<EVENT id="E25" start="1917" end="1925" text="Protonix" modality="FACTUAL" polarity="POS" type="TREATMENT" />
<EVENT id="E2" start="202" end="212" text="dehydrated" modality="CONDITIONAL" polarity="POS" type="PROBLEM" />
<EVENT id="E26" start="2020" end="2029" text="dysphagia" modality="FACTUAL" polarity="POS" type="PROBLEM" />
<EVENT id="E73" start="2087" end="2095" text="transfer" modality="FACTUAL" polarity="POS" type="OCCURRENCE" />
<EVENT id="E74" start="2096" end="2100" text="home" modality="FACTUAL" polarity="POS" type="OCCURRENCE" />
<EVENT id="E75" start="2106" end="2114" text="services" modality="FACTUAL" polarity="POS" type="TREATMENT" />
<EVENT id="E76" start="2202" end="2210" text="services" modality="FACTUAL" polarity="POS" type="TREATMENT" />
<EVENT id="E3" start="223" end="233" text="paraplegia" modality="FACTUAL" polarity="POS" type="PROBLEM" />
<EVENT id="E77" start="2237" end="2244" text="advance" modality="FACTUAL" polarity="POS" type="OCCURRENCE" />
<EVENT id="E86" start="2245" end="2253" text="her diet" modality="FACTUAL" polarity="POS" type="TREATMENT" />
<EVENT id="E79" start="2254" end="2258" text="well" modality="FACTUAL" polarity="POS" type="OCCURRENCE" />
<EVENT id="E80" start="2264" end="2271" text="liquids" modality="FACTUAL" polarity="POS" type="TREATMENT" />
<EVENT id="E81" start="2275" end="2281" text="solids" modality="FACTUAL" polarity="POS" type="TREATMENT" />
<EVENT id="E27" start="2315" end="2333" text="a persistent cough" modality="FACTUAL" polarity="POS" type="PROBLEM" />
<EVENT id="E28" start="2338" end="2359" text="some low grade fevers" modality="FACTUAL" polarity="POS" type="PROBLEM" />
<EVENT id="E82" start="2453" end="2465" text="regular diet" modality="FACTUAL" polarity="POS" type="TREATMENT" />
<EVENT id="E4" start="247" end="260" text="HTLV exposure" modality="FACTUAL" polarity="POS" type="PROBLEM" />
<EVENT id="E83" start="2471" end="2490" text="regular consistency" modality="FACTUAL" polarity="POS" type="TREATMENT" />
<EVENT id="E29" start="2514" end="2527" text="any dysphagia" modality="FACTUAL" polarity="NEG" type="PROBLEM" />
<EVENT id="E30" start="2578" end="2601" text="the patient 's Coumadin" modality="POSSIBLE" polarity="POS" type="TREATMENT" />
<EVENT id="E31" start="2608" end="2641" text="her positive lupus anti-coagulant" modality="FACTUAL" polarity="POS" type="PROBLEM" />
<EVENT id="E32" start="2676" end="2703" text="her basilar artery stenosis" modality="FACTUAL" polarity="POS" type="PROBLEM" />
<EVENT id="E84" start="2722" end="2732" text="discharged" modality="FACTUAL" polarity="POS" type="OCCURRENCE" />
<EVENT id="E85" start="2754" end="2779" text="the following medications" modality="FACTUAL" polarity="POS" type="TREATMENT" />
<EVENT id="E33" start="29" end="38" text="Discharge" modality="FACTUAL" polarity="POS" type="OCCURRENCE" />
<EVENT id="E36" start="314" end="323" text="presented" modality="FACTUAL" polarity="POS" type="OCCURRENCE" />
<EVENT id="E5" start="343" end="358" text="general malaise" modality="FACTUAL" polarity="POS" type="PROBLEM" />
<EVENT id="E6" start="361" end="367" text="nausea" modality="FACTUAL" polarity="POS" type="PROBLEM" />
<EVENT id="E7" start="370" end="378" text="vomiting" modality="FACTUAL" polarity="POS" type="PROBLEM" />
<EVENT id="E8" start="381" end="400" text="shortness of breath" modality="FACTUAL" polarity="POS" type="PROBLEM" />
<EVENT id="E9" start="403" end="408" text="cough" modality="FACTUAL" polarity="POS" type="PROBLEM" />
<EVENT id="E10" start="423" end="435" text="white sputum" modality="FACTUAL" polarity="POS" type="PROBLEM" />
<EVENT id="E37" start="442" end="447" text="awoke" modality="FACTUAL" polarity="POS" type="OCCURRENCE" />
<EVENT id="E11" start="453" end="459" text="nausea" modality="FACTUAL" polarity="POS" type="PROBLEM" />
<EVENT id="E12" start="488" end="508" text="pleuritic chest pain" modality="FACTUAL" polarity="POS" type="PROBLEM" />
<EVENT id="E39" start="515" end="522" text="reports" modality="FACTUAL" polarity="POS" type="EVIDENTIAL" />
<EVENT id="E38" start="526" end="540" text="sick contacts." modality="FACTUAL" polarity="NEG" type="OCCURRENCE" />
<EVENT id="E40" start="557" end="572" text="some difficulty" modality="FACTUAL" polarity="POS" type="PROBLEM" />
<EVENT id="E41" start="619" end="643" text="the Emergency Department" modality="FACTUAL" polarity="POS" type="CLINICAL_DEPT" />
<EVENT id="E42" start="669" end="680" text="temperature" modality="FACTUAL" polarity="POS" type="TEST" />
<EVENT id="E43" start="694" end="708" text="blood pressure" modality="FACTUAL" polarity="POS" type="TEST" />
<EVENT id="E44" start="720" end="730" text="heart rate" modality="FACTUAL" polarity="POS" type="TEST" />
<EVENT id="E45" start="737" end="749" text="respirations" modality="FACTUAL" polarity="POS" type="TEST" />
<EVENT id="E46" start="755" end="768" text="O2 saturation" modality="FACTUAL" polarity="POS" type="TEST" />
<EVENT id="E47" start="796" end="806" text="two liters" modality="FACTUAL" polarity="POS" type="TREATMENT" />
<EVENT id="E48" start="825" end="839" text="coarse rhonchi" modality="FACTUAL" polarity="POS" type="PROBLEM" />
<EVENT id="E49" start="843" end="854" text="examination" modality="FACTUAL" polarity="POS" type="TEST" />
<EVENT id="E50" start="857" end="868" text="Chest x-ray" modality="FACTUAL" polarity="POS" type="TEST" />
<EVENT id="E51" start="869" end="877" text="revealed" modality="FACTUAL" polarity="POS" type="EVIDENTIAL" />
<EVENT id="E52" start="878" end="898" text="mild pulmonary edema" modality="FACTUAL" polarity="POS" type="PROBLEM" />
<EVENT id="E53" start="901" end="914" text="Chest CT scan" modality="FACTUAL" polarity="POS" type="TEST" />
<EVENT id="E54" start="932" end="950" text="pulmonary embolism" modality="FACTUAL" polarity="NEG" type="PROBLEM" />
<EVENT id="E55" start="968" end="981" text="consolidation" modality="FACTUAL" polarity="POS" type="PROBLEM" />
<TIMEX3 id="T4" start="1349" end="1363" text="the 2011-03-11" type="DATE" val="2011-03-11" mod="NA" />
<TIMEX3 id="T8" start="1513" end="1526" text="ten to 14 day" type="DURATION" val="P12D" mod="APPROX" />
<TIMEX3 id="T9" start="1684" end="1689" text="daily" type="FREQUENCY" val="RPT24H" mod="NA" />
<TIMEX3 id="T1" start="18" end="28" text="2011-03-10" type="DATE" val="2011-03-10" mod="NA" />
<TIMEX3 id="T5" start="2736" end="2750" text="the 2011-03-15" type="DATE" val="2011-03-15" mod="NA" />
<TIMEX3 id="T0" start="294" end="307" text="six years ago" type="DATE" val="2005-03" mod="APPROX" />
<TIMEX3 id="T6" start="329" end="339" text="three days" type="DURATION" val="P3D" mod="NA" />
<TIMEX3 id="T2" start="46" end="56" text="2011-03-15" type="DATE" val="2011-03-15" mod="NA" />
<TIMEX3 id="T7" start="463" end="470" text="the day" type="DATE" val="2011-03-10" mod="NA" />
<TIMEX3 id="T3" start="647" end="661" text="the 2011-03-10" type="DATE" val="2011-03-10" mod="NA" />
<SECTIME id="S0" start="18" end="28" text="2011-03-10" type="ADMISSION" dvalue="2011-03-10" />
<SECTIME id="S1" start="46" end="56" text="2011-03-15" type="DISCHARGE" dvalue="2011-03-15" />
<TLINK id="ET10" fromID="T2" fromText="2011-03-15" toID="E15" toText="her chronic diarrhea" type="AFTER" />
<TLINK id="ET100" fromID="T2" fromText="2011-03-15" toID="E13" toText="levofloxacin" type="AFTER" />
<TLINK id="ET1001" fromID="E80" fromText="liquids" toID="E81" toText="solids" type="OVERLAP" />
<TLINK id="ET1002" fromID="T1" fromText="2011-03-10" toID="E50" toText="chest x-ray" type="AFTER" />
<TLINK id="ET1025" fromID="E50" fromText="chest x-ray" toID="E51" toText="revealed" type="OVERLAP" />
<TLINK id="ET103" fromID="E13" fromText="levofloxacin" toID="E14" toText="pneumonia" type="BEFORE" />
<TLINK id="ET1036" fromID="T2" fromText="2011-03-15" toID="E19" toText="her paraplegia" type="AFTER" />
<TLINK id="ET1038" fromID="E19" fromText="her paraplegia" toID="E21" toText="her zanaflex" type="OVERLAP" />
<TLINK id="ET1043" fromID="E19" fromText="her paraplegia" toID="E20" toText="muscle spasticity" type="OVERLAP" />
<TLINK id="ET1046" fromID="T1" fromText="2011-03-10" toID="E40" toText="some difficulty" type="AFTER" />
<TLINK id="ET1071" fromID="T1" fromText="2011-03-10" toID="E35" toText="presents" type="OVERLAP" />
<TLINK id="ET1104" fromID="E35" fromText="presents" toID="E2" toText="dehydrated" type="AFTER" />
<TLINK id="ET1145" fromID="E35" fromText="presents" toID="E1" toText="slurred speech" type="AFTER" />
<TLINK id="ET1163" fromID="T1" fromText="2011-03-10" toID="E43" toText="blood pressure" type="AFTER" />
<TLINK id="ET1167" fromID="T3" fromText="the 2011-03-10" toID="E43" toText="blood pressure" type="OVERLAP" />
<TLINK id="ET1174" fromID="E43" fromText="blood pressure" toID="E47" toText="two liters" type="OVERLAP" />
<TLINK id="ET1178" fromID="E43" fromText="blood pressure" toID="E45" toText="respirations" type="OVERLAP" />
<TLINK id="ET1179" fromID="E43" fromText="blood pressure" toID="E46" toText="o2 saturation" type="OVERLAP" />
<TLINK id="ET118" fromID="T2" fromText="2011-03-15" toID="E76" toText="services" type="AFTER" />
<TLINK id="ET1184" fromID="E43" fromText="blood pressure" toID="E44" toText="heart rate" type="OVERLAP" />
<TLINK id="ET1191" fromID="T1" fromText="2011-03-10" toID="E57" toText="hypotensive" type="AFTER" />
<TLINK id="ET1204" fromID="E57" fromText="hypotensive" toID="E61" toText="admission" type="BEFORE" />
<TLINK id="ET1205" fromID="E57" fromText="hypotensive" toID="E64" toText="her somnolence" type="OVERLAP" />
<TLINK id="ET1207" fromID="E57" fromText="hypotensive" toID="E63" toText="overnight observation" type="OVERLAP" />
<TLINK id="ET1211" fromID="E57" fromText="hypotensive" toID="E62" toText="the medical intensive care unit" type="BEFORE" />
<TLINK id="ET1214" fromID="E57" fromText="hypotensive" toID="E58" toText="blood pressure" type="OVERLAP" />
<TLINK id="ET1215" fromID="E57" fromText="hypotensive" toID="E59" toText="a normal saline bolus" type="OVERLAP" />
<TLINK id="ET1218" fromID="E57" fromText="hypotensive" toID="E60" toText="her blood pressure" type="OVERLAP" />
<TLINK id="ET1219" fromID="E57" fromText="hypotensive" toID="E65" toText="hypotension" type="OVERLAP" />
<TLINK id="ET1230" fromID="T2" fromText="2011-03-15" toID="E24" toText="gastrointestinal prophylaxis" type="AFTER" />
<TLINK id="ET1237" fromID="E24" fromText="gastrointestinal prophylaxis" toID="E25" toText="protonix" type="OVERLAP" />
<TLINK id="ET1248" fromID="T2" fromText="2011-03-15" toID="E30" toText="the patient 's coumadin" type="AFTER" />
<TLINK id="ET1250" fromID="E30" fromText="the patient 's coumadin" toID="E31" toText="her positive lupus anti-coagulant" type="AFTER" />
<TLINK id="ET1252" fromID="E30" fromText="the patient 's coumadin" toID="E32" toText="her basilar artery stenosis" type="AFTER" />
<TLINK id="ET1254" fromID="E17" fromText="her depression" toID="T9" toText="daily" type="OVERLAP" />
<TLINK id="ET1262" fromID="T2" fromText="2011-03-15" toID="E17" toText="her depression" type="AFTER" />
<TLINK id="ET1265" fromID="E17" fromText="her depression" toID="E18" toText="citalopram" type="OVERLAP" />
<TLINK id="ET1271" fromID="T1" fromText="2011-03-10" toID="E52" toText="mild pulmonary edema" type="AFTER" />
<TLINK id="ET1296" fromID="T1" fromText="2011-03-10" toID="E11" toText="nausea" type="AFTER" />
<TLINK id="ET1303" fromID="E11" fromText="nausea" toID="T7" toText="the day" type="OVERLAP" />
<TLINK id="ET1315" fromID="E11" fromText="nausea" toID="E12" toText="pleuritic chest pain" type="OVERLAP" />
<TLINK id="ET1321" fromID="T1" fromText="2011-03-10" toID="E4" toText="htlv exposure" type="AFTER" />
<TLINK id="ET1324" fromID="E4" fromText="htlv exposure" toID="T0" toText="six years ago" type="OVERLAP" />
<TLINK id="ET134" fromID="T2" fromText="2011-03-15" toID="E21" toText="her zanaflex" type="AFTER" />
<TLINK id="ET1347" fromID="T1" fromText="2011-03-10" toID="E68" toText="mentating well" type="AFTER" />
<TLINK id="ET1352" fromID="T4" fromText="the 2011-03-11" toID="E68" toText="mentating well" type="OVERLAP" />
<TLINK id="ET1387" fromID="E68" fromText="mentating well" toID="E69" toText="stable" type="OVERLAP" />
<TLINK id="ET1388" fromID="E68" fromText="mentating well" toID="E70" toText="transfer" type="BEFORE" />
<TLINK id="ET1394" fromID="T1" fromText="2011-03-10" toID="E34" toText="hypertension" type="AFTER" />
<TLINK id="ET1408" fromID="E34" fromText="hypertension" toID="E2" toText="dehydrated" type="OVERLAP" />
<TLINK id="ET1411" fromID="E34" fromText="hypertension" toID="E35" toText="presents" type="BEFORE" />
<TLINK id="ET1417" fromID="E34" fromText="hypertension" toID="E1" toText="slurred speech" type="OVERLAP" />
<TLINK id="ET143" fromID="T1" fromText="2011-03-10" toID="E47" toText="two liters" type="AFTER" />
<TLINK id="ET1432" fromID="T2" fromText="2011-03-15" toID="E31" toText="her positive lupus anti-coagulant" type="AFTER" />
<TLINK id="ET1435" fromID="E31" fromText="her positive lupus anti-coagulant" toID="E32" toText="her basilar artery stenosis" type="OVERLAP" />
<TLINK id="ET1444" fromID="E84" fromText="discharged" toID="T5" toText="the 2011-03-15" type="OVERLAP" />
<TLINK id="ET1445" fromID="T2" fromText="2011-03-15" toID="E84" toText="discharged" type="OVERLAP" />
<TLINK id="ET1446" fromID="E84" fromText="discharged" toID="E85" toText="the following medications" type="BEFORE" />
<TLINK id="ET1447" fromID="T1" fromText="2011-03-10" toID="E44" toText="heart rate" type="AFTER" />
<TLINK id="ET1451" fromID="T3" fromText="the 2011-03-10" toID="E44" toText="heart rate" type="OVERLAP" />
<TLINK id="ET1458" fromID="E44" fromText="heart rate" toID="E47" toText="two liters" type="OVERLAP" />
<TLINK id="ET1462" fromID="E44" fromText="heart rate" toID="E45" toText="respirations" type="OVERLAP" />
<TLINK id="ET147" fromID="T3" fromText="the 2011-03-10" toID="E47" toText="two liters" type="BEFORE" />
<TLINK id="ET1482" fromID="T2" fromText="2011-03-15" toID="E29" toText="any dysphagia" type="AFTER" />
<TLINK id="ET1495" fromID="T2" fromText="2011-03-15" toID="E23" toText="subcutaneous heparin" type="AFTER" />
<TLINK id="ET1500" fromID="E23" fromText="subcutaneous heparin" toID="E24" toText="gastrointestinal prophylaxis" type="OVERLAP" />
<TLINK id="ET1503" fromID="E23" fromText="subcutaneous heparin" toID="E25" toText="protonix" type="OVERLAP" />
<TLINK id="ET1505" fromID="T1" fromText="2011-03-10" toID="E37" toText="awoke" type="AFTER" />
<TLINK id="ET1512" fromID="E37" fromText="awoke" toID="T7" toText="the day" type="OVERLAP" />
<TLINK id="ET1557" fromID="E37" fromText="awoke" toID="E11" toText="nausea" type="OVERLAP" />
<TLINK id="ET1569" fromID="E37" fromText="awoke" toID="E12" toText="pleuritic chest pain" type="OVERLAP" />
<TLINK id="ET1585" fromID="T1" fromText="2011-03-10" toID="E56" toText="levofloxacin" type="AFTER" />
<TLINK id="ET1598" fromID="E56" fromText="levofloxacin" toID="E61" toText="admission" type="BEFORE" />
<TLINK id="ET1599" fromID="E56" fromText="levofloxacin" toID="E64" toText="her somnolence" type="OVERLAP" />
<TLINK id="ET1601" fromID="E56" fromText="levofloxacin" toID="E63" toText="overnight observation" type="OVERLAP" />
<TLINK id="ET1603" fromID="E56" fromText="levofloxacin" toID="E57" toText="hypotensive" type="BEFORE" />
<TLINK id="ET1606" fromID="E56" fromText="levofloxacin" toID="E62" toText="the medical intensive care unit" type="BEFORE" />
<TLINK id="ET1609" fromID="E56" fromText="levofloxacin" toID="E58" toText="blood pressure" type="OVERLAP" />
<TLINK id="ET1610" fromID="E56" fromText="levofloxacin" toID="E59" toText="a normal saline bolus" type="OVERLAP" />
<TLINK id="ET1613" fromID="E56" fromText="levofloxacin" toID="E60" toText="her blood pressure" type="OVERLAP" />
<TLINK id="ET1614" fromID="E56" fromText="levofloxacin" toID="E65" toText="hypotension" type="OVERLAP" />
<TLINK id="ET1625" fromID="T2" fromText="2011-03-15" toID="E20" toText="muscle spasticity" type="AFTER" />
<TLINK id="ET1627" fromID="E20" fromText="muscle spasticity" toID="E21" toText="her zanaflex" type="OVERLAP" />
<TLINK id="ET1634" fromID="T1" fromText="2011-03-10" toID="E38" toText="sick contacts." type="AFTER" />
<TLINK id="ET1659" fromID="T1" fromText="2011-03-10" toID="E62" toText="the medical intensive care unit" type="AFTER" />
<TLINK id="ET1672" fromID="E62" fromText="the medical intensive care unit" toID="E64" toText="her somnolence" type="AFTER" />
<TLINK id="ET1674" fromID="E62" fromText="the medical intensive care unit" toID="E63" toText="overnight observation" type="OVERLAP" />
<TLINK id="ET168" fromID="T1" fromText="2011-03-10" toID="E8" toText="shortness of breath" type="AFTER" />
<TLINK id="ET1682" fromID="E62" fromText="the medical intensive care unit" toID="E65" toText="hypotension" type="AFTER" />
<TLINK id="ET1684" fromID="E0" fromText="admission" toID="T1" toText="2011-03-10" type="OVERLAP" />
<TLINK id="ET1687" fromID="E0" fromText="admission" toID="T0" toText="six years ago" type="AFTER" />
<TLINK id="ET1688" fromID="E0" fromText="admission" toID="T3" toText="the 2011-03-10" type="AFTER" />
<TLINK id="ET1689" fromID="E0" fromText="admission" toID="T4" toText="the 2011-03-11" type="AFTER" />
<TLINK id="ET1690" fromID="E0" fromText="admission" toID="T6" toText="three days" type="AFTER" />
<TLINK id="ET1691" fromID="E0" fromText="admission" toID="T7" toText="the day" type="AFTER" />
<TLINK id="ET17" fromID="E15" fromText="her chronic diarrhea" toID="E16" toText="intravenous fluids" type="OVERLAP" />
<TLINK id="ET174" fromID="T6" fromText="three days" toID="E8" toText="shortness of breath" type="OVERLAP" />
<TLINK id="ET1788" fromID="T2" fromText="2011-03-15" toID="E79" toText="well" type="AFTER" />
<TLINK id="ET1791" fromID="E79" fromText="well" toID="E28" toText="some low grade fevers" type="OVERLAP" />
<TLINK id="ET1792" fromID="E79" fromText="well" toID="E27" toText="a persistent cough" type="OVERLAP" />
<TLINK id="ET1794" fromID="E79" fromText="well" toID="E80" toText="liquids" type="OVERLAP" />
<TLINK id="ET1799" fromID="E79" fromText="well" toID="E81" toText="solids" type="OVERLAP" />
<TLINK id="ET180" fromID="E8" fromText="shortness of breath" toID="E9" toText="cough" type="OVERLAP" />
<TLINK id="ET1801" fromID="T1" fromText="2011-03-10" toID="E12" toText="pleuritic chest pain" type="AFTER" />
<TLINK id="ET1808" fromID="T7" fromText="the day" toID="E12" toText="pleuritic chest pain" type="OVERLAP" />
<TLINK id="ET1828" fromID="E71" fromText="transfer" toID="T8" toText="ten to 14 day" type="OVERLAP" />
<TLINK id="ET1835" fromID="T2" fromText="2011-03-15" toID="E71" toText="transfer" type="AFTER" />
<TLINK id="ET1839" fromID="E71" fromText="transfer" toID="E13" toText="levofloxacin" type="BEFORE" />
<TLINK id="ET1847" fromID="E71" fromText="transfer" toID="E14" toText="pneumonia" type="AFTER" />
<TLINK id="ET1851" fromID="E71" fromText="transfer" toID="E72" toText="the floor" type="BEFORE" />
<TLINK id="ET1870" fromID="T1" fromText="2011-03-10" toID="E1" toText="slurred speech" type="AFTER" />
<TLINK id="ET1884" fromID="E1" fromText="slurred speech" toID="E2" toText="dehydrated" type="OVERLAP" />
<TLINK id="ET1897" fromID="T1" fromText="2011-03-10" toID="E58" toText="blood pressure" type="AFTER" />
<TLINK id="ET19" fromID="T1" fromText="2011-03-10" toID="E48" toText="coarse rhonchi" type="AFTER" />
<TLINK id="ET1910" fromID="E58" fromText="blood pressure" toID="E61" toText="admission" type="AFTER" />
<TLINK id="ET1911" fromID="E58" fromText="blood pressure" toID="E64" toText="her somnolence" type="AFTER" />
<TLINK id="ET1913" fromID="E58" fromText="blood pressure" toID="E63" toText="overnight observation" type="OVERLAP" />
<TLINK id="ET1917" fromID="E58" fromText="blood pressure" toID="E62" toText="the medical intensive care unit" type="BEFORE" />
<TLINK id="ET1920" fromID="E58" fromText="blood pressure" toID="E59" toText="a normal saline bolus" type="OVERLAP" />
<TLINK id="ET1923" fromID="E58" fromText="blood pressure" toID="E60" toText="her blood pressure" type="OVERLAP" />
<TLINK id="ET1924" fromID="E58" fromText="blood pressure" toID="E65" toText="hypotension" type="AFTER" />
<TLINK id="ET193" fromID="E8" fromText="shortness of breath" toID="E10" toText="white sputum" type="OVERLAP" />
<TLINK id="ET1935" fromID="T2" fromText="2011-03-15" toID="E81" toText="solids" type="AFTER" />
<TLINK id="ET1937" fromID="E81" fromText="solids" toID="E28" toText="some low grade fevers" type="BEFORE" />
<TLINK id="ET1938" fromID="E81" fromText="solids" toID="E27" toText="a persistent cough" type="BEFORE" />
<TLINK id="ET1941" fromID="T1" fromText="2011-03-10" toID="E36" toText="presented" type="OVERLAP" />
<TLINK id="ET1947" fromID="E36" fromText="presented" toID="T6" toText="three days" type="AFTER" />
<TLINK id="ET195" fromID="T1" fromText="2011-03-10" toID="E66" toText="transferred" type="AFTER" />
<TLINK id="ET1959" fromID="E36" fromText="presented" toID="E8" toText="shortness of breath" type="AFTER" />
<TLINK id="ET1961" fromID="E36" fromText="presented" toID="E9" toText="cough" type="AFTER" />
<TLINK id="ET1967" fromID="E36" fromText="presented" toID="E7" toText="vomiting" type="AFTER" />
<TLINK id="ET1970" fromID="E36" fromText="presented" toID="E6" toText="nausea" type="AFTER" />
<TLINK id="ET2020" fromID="E36" fromText="presented" toID="E10" toText="white sputum" type="AFTER" />
<TLINK id="ET2025" fromID="E36" fromText="presented" toID="E5" toText="general malaise" type="AFTER" />
<TLINK id="ET2028" fromID="T1" fromText="2011-03-10" toID="E59" toText="a normal saline bolus" type="AFTER" />
<TLINK id="ET2047" fromID="E59" fromText="a normal saline bolus" toID="E61" toText="admission" type="BEFORE" />
<TLINK id="ET2051" fromID="E59" fromText="a normal saline bolus" toID="E64" toText="her somnolence" type="AFTER" />
<TLINK id="ET2056" fromID="E59" fromText="a normal saline bolus" toID="E63" toText="overnight observation" type="OVERLAP" />
<TLINK id="ET2071" fromID="E59" fromText="a normal saline bolus" toID="E62" toText="the medical intensive care unit" type="OVERLAP" />
<TLINK id="ET2079" fromID="E59" fromText="a normal saline bolus" toID="E60" toText="her blood pressure" type="OVERLAP" />
<TLINK id="ET2081" fromID="E59" fromText="a normal saline bolus" toID="E65" toText="hypotension" type="OVERLAP" />
<TLINK id="ET2084" fromID="T1" fromText="2011-03-10" toID="E69" toText="stable" type="AFTER" />
<TLINK id="ET2089" fromID="T4" fromText="the 2011-03-11" toID="E69" toText="stable" type="OVERLAP" />
<TLINK id="ET2124" fromID="E69" fromText="stable" toID="E70" toText="transfer" type="BEFORE" />
<TLINK id="ET2130" fromID="T1" fromText="2011-03-10" toID="E70" toText="transfer" type="AFTER" />
<TLINK id="ET2135" fromID="T4" fromText="the 2011-03-11" toID="E70" toText="transfer" type="OVERLAP" />
<TLINK id="ET2168" fromID="E70" fromText="transfer" toID="E71" toText="transfer" type="OVERLAP" />
<TLINK id="ET2184" fromID="T2" fromText="2011-03-15" toID="E25" toText="protonix" type="AFTER" />
<TLINK id="ET2193" fromID="T1" fromText="2011-03-10" toID="E51" toText="revealed" type="AFTER" />
<TLINK id="ET220" fromID="E66" fromText="transferred" toID="E67" toText="the everett firm" type="BEFORE" />
<TLINK id="ET2209" fromID="E51" fromText="revealed" toID="E52" toText="mild pulmonary edema" type="AFTER" />
<TLINK id="ET2227" fromID="T2" fromText="2011-03-15" toID="E26" toText="dysphagia" type="AFTER" />
<TLINK id="ET2235" fromID="T1" fromText="2011-03-10" toID="E10" toText="white sputum" type="AFTER" />
<TLINK id="ET2241" fromID="T6" fromText="three days" toID="E10" toText="white sputum" type="OVERLAP" />
<TLINK id="ET2260" fromID="T1" fromText="2011-03-10" toID="E53" toText="chest ct scan" type="AFTER" />
<TLINK id="ET2274" fromID="E53" fromText="chest ct scan" toID="E54" toText="pulmonary embolism" type="AFTER" />
<TLINK id="ET2275" fromID="E53" fromText="chest ct scan" toID="E55" toText="consolidation" type="AFTER" />
<TLINK id="ET228" fromID="E66" fromText="transferred" toID="E68" toText="mentating well" type="BEFORE" />
<TLINK id="ET2286" fromID="T1" fromText="2011-03-10" toID="E60" toText="her blood pressure" type="AFTER" />
<TLINK id="ET2299" fromID="E60" fromText="her blood pressure" toID="E61" toText="admission" type="OVERLAP" />
<TLINK id="ET2300" fromID="E60" fromText="her blood pressure" toID="E64" toText="her somnolence" type="AFTER" />
<TLINK id="ET2302" fromID="E60" fromText="her blood pressure" toID="E63" toText="overnight observation" type="OVERLAP" />
<TLINK id="ET2306" fromID="E60" fromText="her blood pressure" toID="E62" toText="the medical intensive care unit" type="BEFORE" />
<TLINK id="ET2311" fromID="E60" fromText="her blood pressure" toID="E65" toText="hypotension" type="AFTER" />
<TLINK id="ET2322" fromID="T2" fromText="2011-03-15" toID="E32" toText="her basilar artery stenosis" type="AFTER" />
<TLINK id="ET2325" fromID="T1" fromText="2011-03-10" toID="E65" toText="hypotension" type="AFTER" />
<TLINK id="ET2347" fromID="T1" fromText="2011-03-10" toID="E5" toText="general malaise" type="AFTER" />
<TLINK id="ET2353" fromID="T6" fromText="three days" toID="E5" toText="general malaise" type="OVERLAP" />
<TLINK id="ET2359" fromID="E5" fromText="general malaise" toID="E9" toText="cough" type="OVERLAP" />
<TLINK id="ET2362" fromID="E5" fromText="general malaise" toID="E6" toText="nausea" type="OVERLAP" />
<TLINK id="ET237" fromID="E66" fromText="transferred" toID="E69" toText="stable" type="BEFORE" />
<TLINK id="ET2373" fromID="E5" fromText="general malaise" toID="E10" toText="white sputum" type="OVERLAP" />
<TLINK id="ET238" fromID="E66" fromText="transferred" toID="E70" toText="transfer" type="BEFORE" />
<TLINK id="ET2384" fromID="T2" fromText="2011-03-15" toID="E16" toText="intravenous fluids" type="AFTER" />
<TLINK id="ET2402" fromID="T2" fromText="2011-03-15" toID="E73" toText="transfer" type="AFTER" />
<TLINK id="ET2403" fromID="E73" fromText="transfer" toID="E74" toText="home" type="OVERLAP" />
<TLINK id="ET2411" fromID="E73" fromText="transfer" toID="E75" toText="services" type="BEFORE" />
<TLINK id="ET244" fromID="T1" fromText="2011-03-10" toID="E9" toText="cough" type="AFTER" />
<TLINK id="ET250" fromID="T6" fromText="three days" toID="E9" toText="cough" type="OVERLAP" />
<TLINK id="ET268" fromID="E9" fromText="cough" toID="E10" toText="white sputum" type="OVERLAP" />
<TLINK id="ET270" fromID="T1" fromText="2011-03-10" toID="E39" toText="reports" type="AFTER" />
<TLINK id="ET288" fromID="E39" fromText="reports" toID="E38" toText="sick contacts." type="OVERLAP" />
<TLINK id="ET304" fromID="T2" fromText="2011-03-15" toID="E77" toText="advance" type="AFTER" />
<TLINK id="ET306" fromID="E77" fromText="advance" toID="E28" toText="some low grade fevers" type="OVERLAP" />
<TLINK id="ET307" fromID="E77" fromText="advance" toID="E27" toText="a persistent cough" type="OVERLAP" />
<TLINK id="ET309" fromID="E77" fromText="advance" toID="E86" toText="her diet" type="OVERLAP" />
<TLINK id="ET310" fromID="E77" fromText="advance" toID="E80" toText="liquids" type="OVERLAP" />
<TLINK id="ET312" fromID="E77" fromText="advance" toID="E79" toText="well" type="OVERLAP" />
<TLINK id="ET313" fromID="E77" fromText="advance" toID="E81" toText="solids" type="OVERLAP" />
<TLINK id="ET323" fromID="T2" fromText="2011-03-15" toID="E82" toText="regular diet" type="AFTER" />
<TLINK id="ET324" fromID="E82" fromText="regular diet" toID="E83" toText="regular consistency" type="OVERLAP" />
<TLINK id="ET329" fromID="E82" fromText="regular diet" toID="E29" toText="any dysphagia" type="BEFORE" />
<TLINK id="ET33" fromID="E48" fromText="coarse rhonchi" toID="E49" toText="examination" type="BEFORE" />
<TLINK id="ET331" fromID="T1" fromText="2011-03-10" toID="E61" toText="admission" type="OVERLAP" />
<TLINK id="ET353" fromID="E61" fromText="admission" toID="E64" toText="her somnolence" type="AFTER" />
<TLINK id="ET358" fromID="E61" fromText="admission" toID="E63" toText="overnight observation" type="OVERLAP" />
<TLINK id="ET373" fromID="E61" fromText="admission" toID="E62" toText="the medical intensive care unit" type="BEFORE" />
<TLINK id="ET382" fromID="E61" fromText="admission" toID="E65" toText="hypotension" type="AFTER" />
<TLINK id="ET386" fromID="E18" fromText="citalopram" toID="T9" toText="daily" type="OVERLAP" />
<TLINK id="ET394" fromID="T2" fromText="2011-03-15" toID="E18" toText="citalopram" type="AFTER" />
<TLINK id="ET403" fromID="T1" fromText="2011-03-10" toID="E7" toText="vomiting" type="AFTER" />
<TLINK id="ET409" fromID="T6" fromText="three days" toID="E7" toText="vomiting" type="OVERLAP" />
<TLINK id="ET414" fromID="E7" fromText="vomiting" toID="E8" toText="shortness of breath" type="OVERLAP" />
<TLINK id="ET416" fromID="E7" fromText="vomiting" toID="E9" toText="cough" type="OVERLAP" />
<TLINK id="ET429" fromID="E7" fromText="vomiting" toID="E10" toText="white sputum" type="OVERLAP" />
<TLINK id="ET431" fromID="T1" fromText="2011-03-10" toID="E54" toText="pulmonary embolism" type="AFTER" />
<TLINK id="ET445" fromID="E54" fromText="pulmonary embolism" toID="E55" toText="consolidation" type="OVERLAP" />
<TLINK id="ET465" fromID="T2" fromText="2011-03-15" toID="E83" toText="regular consistency" type="AFTER" />
<TLINK id="ET468" fromID="E83" fromText="regular consistency" toID="E29" toText="any dysphagia" type="OVERLAP" />
<TLINK id="ET469" fromID="T1" fromText="2011-03-10" toID="E6" toText="nausea" type="AFTER" />
<TLINK id="ET475" fromID="T6" fromText="three days" toID="E6" toText="nausea" type="OVERLAP" />
<TLINK id="ET481" fromID="E6" fromText="nausea" toID="E9" toText="cough" type="OVERLAP" />
<TLINK id="ET484" fromID="E6" fromText="nausea" toID="E7" toText="vomiting" type="OVERLAP" />
<TLINK id="ET495" fromID="E6" fromText="nausea" toID="E10" toText="white sputum" type="OVERLAP" />
<TLINK id="ET498" fromID="E33" fromText="discharge" toID="T9" toText="daily" type="AFTER" />
<TLINK id="ET499" fromID="E33" fromText="discharge" toID="T8" toText="ten to 14 day" type="AFTER" />
<TLINK id="ET505" fromID="E33" fromText="discharge" toID="T5" toText="the 2011-03-15" type="AFTER" />
<TLINK id="ET506" fromID="E33" fromText="discharge" toID="T2" toText="2011-03-15" type="OVERLAP" />
<TLINK id="ET53" fromID="T2" fromText="2011-03-15" toID="E74" toText="home" type="AFTER" />
<TLINK id="ET600" fromID="T2" fromText="2011-03-15" toID="E28" toText="some low grade fevers" type="AFTER" />
<TLINK id="ET604" fromID="T1" fromText="2011-03-10" toID="E45" toText="respirations" type="AFTER" />
<TLINK id="ET608" fromID="T3" fromText="the 2011-03-10" toID="E45" toText="respirations" type="OVERLAP" />
<TLINK id="ET61" fromID="E74" fromText="home" toID="E75" toText="services" type="BEFORE" />
<TLINK id="ET615" fromID="E45" fromText="respirations" toID="E47" toText="two liters" type="OVERLAP" />
<TLINK id="ET619" fromID="E45" fromText="respirations" toID="E46" toText="o2 saturation" type="OVERLAP" />
<TLINK id="ET630" fromID="T1" fromText="2011-03-10" toID="E64" toText="her somnolence" type="AFTER" />
<TLINK id="ET651" fromID="E64" fromText="her somnolence" toID="E65" toText="hypotension" type="OVERLAP" />
<TLINK id="ET653" fromID="T1" fromText="2011-03-10" toID="E2" toText="dehydrated" type="AFTER" />
<TLINK id="ET680" fromID="T1" fromText="2011-03-10" toID="E46" toText="o2 saturation" type="AFTER" />
<TLINK id="ET684" fromID="T3" fromText="the 2011-03-10" toID="E46" toText="o2 saturation" type="OVERLAP" />
<TLINK id="ET691" fromID="E46" fromText="o2 saturation" toID="E47" toText="two liters" type="OVERLAP" />
<TLINK id="ET705" fromID="T1" fromText="2011-03-10" toID="E49" toText="examination" type="AFTER" />
<TLINK id="ET732" fromID="T8" fromText="ten to 14 day" toID="E14" toText="pneumonia" type="OVERLAP" />
<TLINK id="ET739" fromID="T2" fromText="2011-03-15" toID="E14" toText="pneumonia" type="AFTER" />
<TLINK id="ET748" fromID="T1" fromText="2011-03-10" toID="E55" toText="consolidation" type="AFTER" />
<TLINK id="ET773" fromID="T1" fromText="2011-03-10" toID="E42" toText="temperature" type="AFTER" />
<TLINK id="ET777" fromID="T3" fromText="the 2011-03-10" toID="E42" toText="temperature" type="OVERLAP" />
<TLINK id="ET784" fromID="E42" fromText="temperature" toID="E47" toText="two liters" type="OVERLAP" />
<TLINK id="ET788" fromID="E42" fromText="temperature" toID="E45" toText="respirations" type="OVERLAP" />
<TLINK id="ET789" fromID="E42" fromText="temperature" toID="E46" toText="o2 saturation" type="OVERLAP" />
<TLINK id="ET792" fromID="E42" fromText="temperature" toID="E43" toText="blood pressure" type="OVERLAP" />
<TLINK id="ET795" fromID="E42" fromText="temperature" toID="E44" toText="heart rate" type="OVERLAP" />
<TLINK id="ET80" fromID="T2" fromText="2011-03-15" toID="E22" toText="deep vein thrombosis prophylaxis" type="AFTER" />
<TLINK id="ET811" fromID="T2" fromText="2011-03-15" toID="E27" toText="a persistent cough" type="AFTER" />
<TLINK id="ET813" fromID="E27" fromText="a persistent cough" toID="E28" toText="some low grade fevers" type="OVERLAP" />
<TLINK id="ET816" fromID="T1" fromText="2011-03-10" toID="E41" toText="the emergency department" type="AFTER" />
<TLINK id="ET820" fromID="E41" fromText="the emergency department" toID="T3" toText="the 2011-03-10" type="OVERLAP" />
<TLINK id="ET827" fromID="E41" fromText="the emergency department" toID="E47" toText="two liters" type="OVERLAP" />
<TLINK id="ET831" fromID="E41" fromText="the emergency department" toID="E45" toText="respirations" type="OVERLAP" />
<TLINK id="ET832" fromID="E41" fromText="the emergency department" toID="E46" toText="o2 saturation" type="OVERLAP" />
<TLINK id="ET833" fromID="E41" fromText="the emergency department" toID="E42" toText="temperature" type="OVERLAP" />
<TLINK id="ET836" fromID="E41" fromText="the emergency department" toID="E43" toText="blood pressure" type="OVERLAP" />
<TLINK id="ET839" fromID="E41" fromText="the emergency department" toID="E44" toText="heart rate" type="OVERLAP" />
<TLINK id="ET85" fromID="E22" fromText="deep vein thrombosis prophylaxis" toID="E24" toText="gastrointestinal prophylaxis" type="OVERLAP" />
<TLINK id="ET854" fromID="T5" fromText="the 2011-03-15" toID="E85" toText="the following medications" type="BEFORE" />
<TLINK id="ET855" fromID="T2" fromText="2011-03-15" toID="E85" toText="the following medications" type="BEFORE" />
<TLINK id="ET856" fromID="T1" fromText="2011-03-10" toID="E3" toText="paraplegia" type="AFTER" />
<TLINK id="ET859" fromID="E3" fromText="paraplegia" toID="T0" toText="six years ago" type="OVERLAP" />
<TLINK id="ET87" fromID="E22" fromText="deep vein thrombosis prophylaxis" toID="E23" toText="subcutaneous heparin" type="OVERLAP" />
<TLINK id="ET872" fromID="E3" fromText="paraplegia" toID="E4" toText="htlv exposure" type="OVERLAP" />
<TLINK id="ET89" fromID="E22" fromText="deep vein thrombosis prophylaxis" toID="E25" toText="protonix" type="OVERLAP" />
<TLINK id="ET892" fromID="T2" fromText="2011-03-15" toID="E75" toText="services" type="AFTER" />
<TLINK id="ET893" fromID="E75" fromText="services" toID="E76" toText="services" type="OVERLAP" />
<TLINK id="ET899" fromID="T1" fromText="2011-03-10" toID="E63" toText="overnight observation" type="AFTER" />
<TLINK id="ET912" fromID="E63" fromText="overnight observation" toID="E64" toText="her somnolence" type="AFTER" />
<TLINK id="ET921" fromID="E63" fromText="overnight observation" toID="E65" toText="hypotension" type="OVERLAP" />
<TLINK id="ET923" fromID="T1" fromText="2011-03-10" toID="E67" toText="the everett firm" type="AFTER" />
<TLINK id="ET93" fromID="E13" fromText="levofloxacin" toID="T8" toText="ten to 14 day" type="OVERLAP" />
<TLINK id="ET937" fromID="E67" fromText="the everett firm" toID="E68" toText="mentating well" type="OVERLAP" />
<TLINK id="ET941" fromID="E67" fromText="the everett firm" toID="E69" toText="stable" type="BEFORE" />
<TLINK id="ET942" fromID="E67" fromText="the everett firm" toID="E70" toText="transfer" type="BEFORE" />
<TLINK id="ET946" fromID="E72" fromText="the floor" toID="T8" toText="ten to 14 day" type="BEFORE" />
<TLINK id="ET953" fromID="T2" fromText="2011-03-15" toID="E72" toText="the floor" type="AFTER" />
<TLINK id="ET955" fromID="E72" fromText="the floor" toID="E13" toText="levofloxacin" type="OVERLAP" />
<TLINK id="ET957" fromID="E72" fromText="the floor" toID="E14" toText="pneumonia" type="OVERLAP" />
<TLINK id="ET972" fromID="T2" fromText="2011-03-15" toID="E86" toText="her diet" type="AFTER" />
<TLINK id="ET975" fromID="E86" fromText="her diet" toID="E28" toText="some low grade fevers" type="OVERLAP" />
<TLINK id="ET976" fromID="E86" fromText="her diet" toID="E27" toText="a persistent cough" type="BEFORE" />
<TLINK id="ET978" fromID="E86" fromText="her diet" toID="E80" toText="liquids" type="OVERLAP" />
<TLINK id="ET983" fromID="E86" fromText="her diet" toID="E79" toText="well" type="OVERLAP" />
<TLINK id="ET984" fromID="E86" fromText="her diet" toID="E81" toText="solids" type="OVERLAP" />
<TLINK id="ET995" fromID="T2" fromText="2011-03-15" toID="E80" toText="liquids" type="AFTER" />
<TLINK id="ET997" fromID="E80" fromText="liquids" toID="E28" toText="some low grade fevers" type="OVERLAP" />
<TLINK id="ET998" fromID="E80" fromText="liquids" toID="E27" toText="a persistent cough" type="BEFORE" />
<TLINK id="T22" fromID="E33" fromText="discharge" toID="T2" toText="2011-03-15" type="OVERLAP" />
<TLINK id="T23" fromID="E0" fromText="admission" toID="T1" toText="2011-03-10" type="OVERLAP" />
<TLINK id="T24" fromID="E61" fromText="admission" toID="E0" toText="admission" type="OVERLAP" />
<TLINK id="T25" fromID="E61" fromText="admission" toID="T1" toText="2011-03-10" type="OVERLAP" />
<TLINK id="T26" fromID="E33" fromText="discharge" toID="E84" toText="discharged" type="OVERLAP" />
<TLINK id="T27" fromID="E33" fromText="discharge" toID="T2" toText="2011-03-10" type="OVERLAP" />
<TLINK id="T28" fromID="E35" fromText="presents" toID="E36" toText="presented" type="OVERLAP" />
<TLINK id="T29" fromID="E35" fromText="presents" toID="T1" toText="2011-03-10" type="OVERLAP" />
<TLINK id="T30" fromID="E84" fromText="discharged" toID="E33" toText="discharge" type="OVERLAP" />
<TLINK id="T31" fromID="E84" fromText="discharged" toID="T2" toText="2011-03-10" type="OVERLAP" />
<TLINK id="T32" fromID="E0" fromText="admission" toID="E61" toText="admission" type="OVERLAP" />
<TLINK id="T33" fromID="E0" fromText="admission" toID="T1" toText="2011-03-10" type="OVERLAP" />
<TLINK id="T34" fromID="E36" fromText="presented" toID="E35" toText="presents" type="OVERLAP" />
<TLINK id="T35" fromID="E36" fromText="presented" toID="T1" toText="2011-03-10" type="OVERLAP" />
</TAGS>
</ClinicalNarrativeTemporalAnnotation>