<?xml version="1.0" encoding="UTF-8" ?>
<ClinicalNarrativeTemporalAnnotation>
<TEXT><![CDATA[
Admission Date :
2012-06-07
Discharge Date :
2012-06-09
Service :
MEDICINE
History of Present Illness :
Mr. Vazquez is a 48 year old man with a history of hepatitis C , bipolar disorder with suicide attempts in the past , recent CMED admit earlier in 4/05 who was found alert approximately one hour after taking an unspecified number of pills .
Per report , there were empty bottles of Inderal and Klonopin found at bedside , as well as 02-26 full bottles of geodon , gabapentin , Lescol and paroxitine .
The patient was reportedly alert at scene , and then became unresponsive in route to the hospital .
In the Rita , the patient was intubated and given activated charcoal .
His initial BP was 60/P with a pulse in the 60 s.
He was given 4 amps of calcium gluconate , and started on a Calcium gtt .
He was also given 5mg of glucagon and started on a glucagon drip with good response .
His urine and serum tox screens were notable only for benzos , otherwise negative .
He was seen by cardiology , and toxicology was consulted via telephone .
He was admitted to the CMED , intubated for airway protection and started on both a calcium and glucagon drip .
There was evidence of possible aspiration pneumonia on CXR , though he was extubated without incident on the AM of transfer to the medicine floor .
CMED was made aware , and they are actively involved in his care .
Brief Hospital Course :
A/P : 48yo man with h/o HCV , bipolar DO , h/o suicide attempts , a/w overdose of Inderal , Klonopin , Geodon , s/T Jackson stay with intubation for airway protection , with question of L retrocardiac infiltrate , now doing well .
Overdose :
- monitor on tele overnight
- if HR drops , restart glucagon gtt
- watch for BZD withdrawal , agitation
Bipolar disorder :
- appreciate CMED consult ; patient to be discharged to inpatient CMED facility once stable
- suicide precautions
Activity : OOB with assist
FEN : house diet
PPX : SC heparin , bowel regimen , nicotine patch
CODE : full
DISPO : transfer to inpatient CMED likely tomorrow
]]></TEXT>
<TAGS>
<EVENT id="E0" start="1" end="10" text="Admission" modality="FACTUAL" polarity="POS" type="OCCURRENCE" />
<EVENT id="E34" start="1018" end="1027" text="consulted" modality="FACTUAL" polarity="POS" type="OCCURRENCE" />
<EVENT id="E35" start="1051" end="1059" text="admitted" modality="FACTUAL" polarity="POS" type="OCCURRENCE" />
<EVENT id="E36" start="1063" end="1071" text="the CMED" modality="FACTUAL" polarity="POS" type="CLINICAL_DEPT" />
<EVENT id="E37" start="1074" end="1083" text="intubated" modality="FACTUAL" polarity="POS" type="TREATMENT" />
<EVENT id="E38" start="1088" end="1105" text="airway protection" modality="FACTUAL" polarity="POS" type="TREATMENT" />
<EVENT id="E39" start="1126" end="1153" text="a calcium and glucagon drip" modality="FACTUAL" polarity="POS" type="TREATMENT" />
<EVENT id="E40" start="1187" end="1207" text="aspiration pneumonia" modality="POSSIBLE" polarity="POS" type="PROBLEM" />
<EVENT id="E41" start="1211" end="1214" text="CXR" modality="FACTUAL" polarity="POS" type="TEST" />
<EVENT id="E42" start="1231" end="1240" text="extubated" modality="FACTUAL" polarity="NEG" type="TREATMENT" />
<EVENT id="E43" start="1249" end="1257" text="incident" modality="FACTUAL" polarity="NEG" type="PROBLEM" />
<EVENT id="E44" start="1271" end="1279" text="transfer" modality="FACTUAL" polarity="POS" type="OCCURRENCE" />
<EVENT id="E45" start="1283" end="1301" text="the medicine floor" modality="FACTUAL" polarity="POS" type="CLINICAL_DEPT" />
<EVENT id="E46" start="1304" end="1308" text="CMED" modality="FACTUAL" polarity="POS" type="CLINICAL_DEPT" />
<EVENT id="E47" start="1348" end="1368" text="involved in his care" modality="FACTUAL" polarity="POS" type="TREATMENT" />
<EVENT id="E48" start="1419" end="1422" text="HCV" modality="FACTUAL" polarity="POS" type="PROBLEM" />
<EVENT id="E49" start="1425" end="1435" text="bipolar DO" modality="FACTUAL" polarity="POS" type="PROBLEM" />
<EVENT id="E50" start="1442" end="1458" text="suicide attempts" modality="FACTUAL" polarity="POS" type="PROBLEM" />
<EVENT id="E51" start="1465" end="1473" text="overdose" modality="FACTUAL" polarity="POS" type="PROBLEM" />
<EVENT id="E52" start="1477" end="1484" text="Inderal" modality="FACTUAL" polarity="POS" type="TREATMENT" />
<EVENT id="E53" start="1487" end="1495" text="Klonopin" modality="FACTUAL" polarity="POS" type="TREATMENT" />
<EVENT id="E54" start="1498" end="1504" text="Geodon" modality="FACTUAL" polarity="POS" type="TREATMENT" />
<EVENT id="E55" start="1529" end="1539" text="intubation" modality="FACTUAL" polarity="POS" type="TREATMENT" />
<EVENT id="E56" start="1544" end="1561" text="airway protection" modality="FACTUAL" polarity="POS" type="TREATMENT" />
<EVENT id="E2" start="156" end="167" text="hepatitis C" modality="FACTUAL" polarity="POS" type="PROBLEM" />
<EVENT id="E57" start="1581" end="1606" text="L retrocardiac infiltrate" modality="POSSIBLE" polarity="POS" type="PROBLEM" />
<EVENT id="E58" start="1613" end="1623" text="doing well" modality="FACTUAL" polarity="POS" type="OCCURRENCE" />
<EVENT id="E59" start="1650" end="1654" text="tele" modality="FACTUAL" polarity="POS" type="TEST" />
<EVENT id="E60" start="1670" end="1672" text="HR" modality="FACTUAL" polarity="POS" type="TEST" />
<EVENT id="E61" start="1673" end="1678" text="drops" modality="CONDITIONAL" polarity="POS" type="PROBLEM" />
<EVENT id="E62" start="1689" end="1701" text="glucagon gtt" modality="CONDITIONAL" polarity="POS" type="TREATMENT" />
<EVENT id="E3" start="170" end="186" text="bipolar disorder" modality="FACTUAL" polarity="POS" type="PROBLEM" />
<EVENT id="E63" start="1714" end="1728" text="BZD withdrawal" modality="CONDITIONAL" polarity="POS" type="PROBLEM" />
<EVENT id="E64" start="1731" end="1740" text="agitation" modality="CONDITIONAL" polarity="POS" type="PROBLEM" />
<EVENT id="E65" start="1741" end="1757" text="Bipolar disorder" modality="FACTUAL" polarity="POS" type="PROBLEM" />
<EVENT id="E66" start="1773" end="1777" text="CMED" modality="FACTUAL" polarity="POS" type="CLINICAL_DEPT" />
<EVENT id="E67" start="1802" end="1812" text="discharged" modality="FACTUAL" polarity="POS" type="OCCURRENCE" />
<EVENT id="E68" start="1816" end="1839" text="inpatient CMED facility" modality="FACTUAL" polarity="POS" type="CLINICAL_DEPT" />
<EVENT id="E69" start="1845" end="1851" text="stable" modality="FACTUAL" polarity="POS" type="OCCURRENCE" />
<EVENT id="E70" start="1854" end="1873" text="suicide precautions" modality="FACTUAL" polarity="POS" type="TREATMENT" />
<EVENT id="E71" start="1885" end="1888" text="OOB" modality="FACTUAL" polarity="POS" type="OCCURRENCE" />
<EVENT id="E72" start="1894" end="1900" text="assist" modality="FACTUAL" polarity="POS" type="TREATMENT" />
<EVENT id="E73" start="1907" end="1917" text="house diet" modality="FACTUAL" polarity="POS" type="TREATMENT" />
<EVENT id="E4" start="192" end="208" text="suicide attempts" modality="FACTUAL" polarity="POS" type="PROBLEM" />
<EVENT id="E74" start="1924" end="1934" text="SC heparin" modality="FACTUAL" polarity="POS" type="TREATMENT" />
<EVENT id="E75" start="1937" end="1950" text="bowel regimen" modality="FACTUAL" polarity="POS" type="TREATMENT" />
<EVENT id="E76" start="1953" end="1967" text="nicotine patch" modality="FACTUAL" polarity="POS" type="TREATMENT" />
<EVENT id="E77" start="1988" end="1996" text="transfer" modality="FACTUAL" polarity="POS" type="OCCURRENCE" />
<EVENT id="E78" start="2000" end="2014" text="inpatient CMED" modality="FACTUAL" polarity="POS" type="CLINICAL_DEPT" />
<EVENT id="E5" start="230" end="234" text="CMED" modality="FACTUAL" polarity="POS" type="CLINICAL_DEPT" />
<EVENT id="E6" start="235" end="240" text="admit" modality="FACTUAL" polarity="POS" type="OCCURRENCE" />
<EVENT id="E7" start="265" end="276" text="found alert" modality="FACTUAL" polarity="POS" type="OCCURRENCE" />
<EVENT id="E1" start="29" end="38" text="Discharge" modality="FACTUAL" polarity="POS" type="OCCURRENCE" />
<EVENT id="E8" start="338" end="343" text="pills" modality="FACTUAL" polarity="POS" type="TREATMENT" />
<EVENT id="E9" start="350" end="356" text="report" modality="FACTUAL" polarity="POS" type="EVIDENTIAL" />
<EVENT id="E10" start="387" end="394" text="Inderal" modality="FACTUAL" polarity="POS" type="TREATMENT" />
<EVENT id="E11" start="399" end="407" text="Klonopin" modality="FACTUAL" polarity="POS" type="TREATMENT" />
<EVENT id="E12" start="460" end="466" text="geodon" modality="FACTUAL" polarity="POS" type="TREATMENT" />
<EVENT id="E13" start="469" end="479" text="gabapentin" modality="FACTUAL" polarity="POS" type="TREATMENT" />
<EVENT id="E14" start="482" end="488" text="Lescol" modality="FACTUAL" polarity="POS" type="TREATMENT" />
<EVENT id="E15" start="493" end="503" text="paroxitine" modality="FACTUAL" polarity="POS" type="TREATMENT" />
<EVENT id="E16" start="533" end="538" text="alert" modality="FACTUAL" polarity="POS" type="OCCURRENCE" />
<EVENT id="E17" start="566" end="578" text="unresponsive" modality="FACTUAL" polarity="POS" type="PROBLEM" />
<EVENT id="E18" start="591" end="603" text="the hospital" modality="FACTUAL" polarity="POS" type="CLINICAL_DEPT" />
<EVENT id="E19" start="609" end="617" text="the Rita" modality="FACTUAL" polarity="POS" type="CLINICAL_DEPT" />
<EVENT id="E20" start="636" end="645" text="intubated" modality="FACTUAL" polarity="POS" type="TREATMENT" />
<EVENT id="E21" start="656" end="674" text="activated charcoal" modality="FACTUAL" polarity="POS" type="TREATMENT" />
<EVENT id="E22" start="677" end="691" text="His initial BP" modality="FACTUAL" polarity="POS" type="TEST" />
<EVENT id="E23" start="706" end="713" text="a pulse" modality="FACTUAL" polarity="POS" type="TEST" />
<EVENT id="E24" start="750" end="767" text="calcium gluconate" modality="FACTUAL" polarity="POS" type="TREATMENT" />
<EVENT id="E25" start="785" end="798" text="a Calcium gtt" modality="FACTUAL" polarity="POS" type="TREATMENT" />
<EVENT id="E26" start="826" end="834" text="glucagon" modality="FACTUAL" polarity="POS" type="TREATMENT" />
<EVENT id="E27" start="850" end="865" text="a glucagon drip" modality="FACTUAL" polarity="POS" type="TREATMENT" />
<EVENT id="E28" start="871" end="884" text="good response" modality="FACTUAL" polarity="POS" type="OCCURRENCE" />
<EVENT id="E29" start="887" end="896" text="His urine" modality="FACTUAL" polarity="POS" type="TEST" />
<EVENT id="E30" start="901" end="918" text="serum tox screens" modality="FACTUAL" polarity="POS" type="TEST" />
<EVENT id="E32" start="941" end="947" text="benzos" modality="FACTUAL" polarity="POS" type="TREATMENT" />
<EVENT id="E33" start="978" end="996" text="seen by cardiology" modality="FACTUAL" polarity="POS" type="OCCURRENCE" />
<TIMEX3 id="T4" start="1261" end="1267" text="the AM" type="DATE" val="2012-06-08" mod="START" />
<TIMEX3 id="T5" start="1655" end="1664" text="overnight" type="DURATION" val="PT12H" mod="APPROX" />
<TIMEX3 id="T0" start="18" end="28" text="2012-06-07" type="DATE" val="2012-06-07" mod="NA" />
<TIMEX3 id="T6" start="2022" end="2030" text="tomorrow" type="DATE" val="2012-06-09" mod="NA" />
<TIMEX3 id="T2" start="252" end="256" text="4/05" type="DATE" val="2012-04-05" mod="NA" />
<TIMEX3 id="T3" start="291" end="299" text="one hour" type="DURATION" val="PT1H" mod="APPROX" />
<TIMEX3 id="T1" start="46" end="56" text="2012-06-09" type="DATE" val="2012-06-09" mod="NA" />
<SECTIME id="S0" start="18" end="28" text="2012-06-07" type="ADMISSION" dvalue="2012-06-07" />
<SECTIME id="S1" start="46" end="56" text="2012-06-09" type="DISCHARGE" dvalue="2012-06-09" />

<TLINK id="ET1011" fromID="T1" fromText="2012-06-09" toID="E52" toText="inderal" type="AFTER" />
<TLINK id="ET1019" fromID="E52" fromText="inderal" toID="E55" toText="intubation" type="OVERLAP" />
<TLINK id="ET1022" fromID="E52" fromText="inderal" toID="E57" toText="l retrocardiac infiltrate" type="OVERLAP" />
<TLINK id="ET1023" fromID="E52" fromText="inderal" toID="E56" toText="airway protection" type="OVERLAP" />
<TLINK id="ET1024" fromID="E52" fromText="inderal" toID="E58" toText="doing well" type="OVERLAP" />
<TLINK id="ET1026" fromID="E52" fromText="inderal" toID="E53" toText="klonopin" type="OVERLAP" />
<TLINK id="ET1031" fromID="T0" fromText="2012-06-07" toID="E4" toText="suicide attempts" type="AFTER" />
<TLINK id="ET1033" fromID="E4" fromText="suicide attempts" toID="T3" toText="one hour" type="OVERLAP" />
<TLINK id="ET1034" fromID="E4" fromText="suicide attempts" toID="T2" toText="4/05" type="OVERLAP" />
<TLINK id="ET1035" fromID="E4" fromText="suicide attempts" toID="E8" toText="pills" type="OVERLAP" />
<TLINK id="ET1037" fromID="E4" fromText="suicide attempts" toID="E7" toText="found alert" type="AFTER" />
<TLINK id="ET1039" fromID="E4" fromText="suicide attempts" toID="E6" toText="admission" type="BEFORE" />
<TLINK id="ET1049" fromID="E4" fromText="suicide attempts" toID="E5" toText="cmed" type="BEFORE" />
<TLINK id="ET1055" fromID="T0" fromText="2012-06-07" toID="E11" toText="klonopin" type="AFTER" />
<TLINK id="ET1059" fromID="E11" fromText="klonopin" toID="E15" toText="paroxitine" type="OVERLAP" />
<TLINK id="ET1060" fromID="E11" fromText="klonopin" toID="E13" toText="gabapentin" type="OVERLAP" />
<TLINK id="ET1064" fromID="E11" fromText="klonopin" toID="E14" toText="lescol" type="OVERLAP" />
<TLINK id="ET1071" fromID="E11" fromText="klonopin" toID="E12" toText="geodon" type="OVERLAP" />
<TLINK id="ET1079" fromID="T0" fromText="2012-06-07" toID="E34" toText="consulted" type="AFTER" />
<TLINK id="ET112" fromID="T1" fromText="2012-06-09" toID="E76" toText="nicotine patch" type="AFTER" />
<TLINK id="ET1127" fromID="T1" fromText="2012-06-09" toID="E68" toText="inpatient cmed facility" type="AFTER" />
<TLINK id="ET1136" fromID="E68" fromText="inpatient cmed facility" toID="E69" toText="stable" type="OVERLAP" />
<TLINK id="ET1140" fromID="T4" fromText="the am" toID="E44" toText="transfer" type="OVERLAP" />
<TLINK id="ET1141" fromID="T0" fromText="2012-06-07" toID="E44" toText="transfer" type="AFTER" />
<TLINK id="ET1154" fromID="E44" fromText="transfer" toID="E45" toText="the medicine floor" type="BEFORE" />
<TLINK id="ET1182" fromID="T0" fromText="2012-06-07" toID="E29" toText="his urine" type="AFTER" />
<TLINK id="ET1192" fromID="E29" fromText="his urine" toID="E30" toText="serum tox screens" type="OVERLAP" />
<TLINK id="ET1197" fromID="E29" fromText="his urine" toID="E32" toText="benzos" type="OVERLAP" />
<TLINK id="ET1202" fromID="T0" fromText="2012-06-07" toID="E23" toText="a pulse" type="AFTER" />
<TLINK id="ET1222" fromID="T0" fromText="2012-06-07" toID="E37" toText="intubated" type="AFTER" />
<TLINK id="ET1227" fromID="E37" fromText="intubated" toID="E39" toText="a calcium and glucagon drip" type="OVERLAP" />
<TLINK id="ET123" fromID="T0" fromText="2012-06-07" toID="E8" toText="pills" type="AFTER" />
<TLINK id="ET1232" fromID="E37" fromText="intubated" toID="E38" toText="airway protection" type="OVERLAP" />
<TLINK id="ET1239" fromID="T0" fromText="2012-06-07" toID="E20" toText="intubated" type="AFTER" />
<TLINK id="ET1243" fromID="E20" fromText="intubated" toID="E21" toText="activated charcoal" type="OVERLAP" />
<TLINK id="ET125" fromID="T3" fromText="one hour" toID="E8" toText="pills" type="OVERLAP" />
<TLINK id="ET1256" fromID="T1" fromText="2012-06-09" toID="E56" toText="airway protection" type="AFTER" />
<TLINK id="ET126" fromID="T2" fromText="4/05" toID="E8" toText="pills" type="OVERLAP" />
<TLINK id="ET1266" fromID="E56" fromText="airway protection" toID="E57" toText="l retrocardiac infiltrate" type="OVERLAP" />
<TLINK id="ET1267" fromID="E56" fromText="airway protection" toID="E58" toText="doing well" type="OVERLAP" />
<TLINK id="ET1270" fromID="T1" fromText="2012-06-09" toID="E62" toText="glucagon gtt" type="BEFORE" />
<TLINK id="ET1286" fromID="T0" fromText="2012-06-07" toID="E38" toText="airway protection" type="AFTER" />
<TLINK id="ET1291" fromID="E38" fromText="airway protection" toID="E39" toText="a calcium and glucagon drip" type="OVERLAP" />
<TLINK id="ET1301" fromID="E0" fromText="admission" toID="T4" toText="the am" type="AFTER" />
<TLINK id="ET1302" fromID="E0" fromText="admission" toID="T0" toText="2012-06-07" type="OVERLAP" />
<TLINK id="ET1304" fromID="E0" fromText="admission" toID="T3" toText="one hour" type="AFTER" />
<TLINK id="ET1305" fromID="E0" fromText="admission" toID="T2" toText="4/05" type="AFTER" />
<TLINK id="ET1386" fromID="T0" fromText="2012-06-07" toID="E12" toText="geodon" type="AFTER" />
<TLINK id="ET1390" fromID="E12" fromText="geodon" toID="E15" toText="paroxitine" type="OVERLAP" />
<TLINK id="ET1391" fromID="E12" fromText="geodon" toID="E13" toText="gabapentin" type="OVERLAP" />
<TLINK id="ET1405" fromID="T1" fromText="2012-06-09" toID="E71" toText="oob" type="AFTER" />
<TLINK id="ET1414" fromID="E71" fromText="oob" toID="E72" toText="assist" type="OVERLAP" />
<TLINK id="ET1416" fromID="E1" fromText="discharge" toID="T1" toText="2012-06-09" type="OVERLAP" />
<TLINK id="ET1417" fromID="E1" fromText="discharge" toID="T6" toText="tomorrow" type="AFTER" />
<TLINK id="ET144" fromID="T0" fromText="2012-06-07" toID="E47" toText="involved in his care" type="AFTER" />
<TLINK id="ET1499" fromID="T1" fromText="2012-06-09" toID="E58" toText="doing well" type="AFTER" />
<TLINK id="ET1529" fromID="T0" fromText="2012-06-07" toID="E36" toText="the cmed" type="AFTER" />
<TLINK id="ET1534" fromID="E36" fromText="the cmed" toID="E39" toText="a calcium and glucagon drip" type="OVERLAP" />
<TLINK id="ET1539" fromID="E36" fromText="the cmed" toID="E37" toText="intubated" type="OVERLAP" />
<TLINK id="ET1540" fromID="E36" fromText="the cmed" toID="E38" toText="airway protection" type="OVERLAP" />
<TLINK id="ET1544" fromID="T1" fromText="2012-06-09" toID="E59" toText="tele" type="AFTER" />
<TLINK id="ET1548" fromID="E59" fromText="tele" toID="T5" toText="overnight" type="OVERLAP" />
<TLINK id="ET155" fromID="T1" fromText="2012-06-09" toID="E66" toText="cmed" type="AFTER" />
<TLINK id="ET1557" fromID="T1" fromText="2012-06-09" toID="E69" toText="stable" type="AFTER" />
<TLINK id="ET1576" fromID="T0" fromText="2012-06-07" toID="E25" toText="a calcium gtt" type="AFTER" />
<TLINK id="ET1593" fromID="T1" fromText="2012-06-09" toID="E70" toText="suicide precautions" type="AFTER" />
<TLINK id="ET1604" fromID="T1" fromText="2012-06-09" toID="E51" toText="overdose" type="AFTER" />
<TLINK id="ET1612" fromID="E51" fromText="overdose" toID="E54" toText="geodon" type="OVERLAP" />
<TLINK id="ET1613" fromID="E51" fromText="overdose" toID="E55" toText="intubation" type="OVERLAP" />
<TLINK id="ET1616" fromID="E51" fromText="overdose" toID="E57" toText="l retrocardiac infiltrate" type="OVERLAP" />
<TLINK id="ET1617" fromID="E51" fromText="overdose" toID="E52" toText="inderal" type="OVERLAP" />
<TLINK id="ET1618" fromID="E51" fromText="overdose" toID="E56" toText="airway protection" type="OVERLAP" />
<TLINK id="ET1619" fromID="E51" fromText="overdose" toID="E58" toText="doing well" type="OVERLAP" />
<TLINK id="ET1621" fromID="E51" fromText="overdose" toID="E53" toText="klonopin" type="OVERLAP" />
<TLINK id="ET1626" fromID="T0" fromText="2012-06-07" toID="E26" toText="glucagon" type="AFTER" />
<TLINK id="ET1632" fromID="E26" fromText="glucagon" toID="E28" toText="good response" type="OVERLAP" />
<TLINK id="ET1633" fromID="E26" fromText="glucagon" toID="E27" toText="a glucagon drip" type="OVERLAP" />
<TLINK id="ET164" fromID="E66" fromText="cmed" toID="E67" toText="discharged" type="BEFORE" />
<TLINK id="ET1646" fromID="T0" fromText="2012-06-07" toID="E10" toText="inderal" type="AFTER" />
<TLINK id="ET165" fromID="E66" fromText="cmed" toID="E68" toText="inpatient cmed facility" type="BEFORE" />
<TLINK id="ET1650" fromID="E10" fromText="inderal" toID="E15" toText="paroxitine" type="OVERLAP" />
<TLINK id="ET1651" fromID="E10" fromText="inderal" toID="E13" toText="gabapentin" type="OVERLAP" />
<TLINK id="ET1655" fromID="E10" fromText="inderal" toID="E14" toText="lescol" type="OVERLAP" />
<TLINK id="ET166" fromID="E66" fromText="cmed" toID="E69" toText="stable" type="OVERLAP" />
<TLINK id="ET1660" fromID="E10" fromText="inderal" toID="E11" toText="klonopin" type="OVERLAP" />
<TLINK id="ET1663" fromID="E10" fromText="inderal" toID="E12" toText="geodon" type="OVERLAP" />
<TLINK id="ET1668" fromID="T1" fromText="2012-06-09" toID="E60" toText="hr" type="AFTER" />
<TLINK id="ET1681" fromID="T1" fromText="2012-06-09" toID="E53" toText="klonopin" type="AFTER" />
<TLINK id="ET1689" fromID="E53" fromText="klonopin" toID="E54" toText="geodon" type="OVERLAP" />
<TLINK id="ET1690" fromID="E53" fromText="klonopin" toID="E55" toText="intubation" type="OVERLAP" />
<TLINK id="ET1693" fromID="E53" fromText="klonopin" toID="E57" toText="l retrocardiac infiltrate" type="OVERLAP" />
<TLINK id="ET1694" fromID="E53" fromText="klonopin" toID="E56" toText="airway protection" type="OVERLAP" />
<TLINK id="ET1695" fromID="E53" fromText="klonopin" toID="E58" toText="doing well" type="OVERLAP" />
<TLINK id="ET1701" fromID="T0" fromText="2012-06-07" toID="E32" toText="benzos" type="AFTER" />
<TLINK id="ET171" fromID="T0" fromText="2012-06-07" toID="E9" toText="report" type="AFTER" />
<TLINK id="ET1716" fromID="T1" fromText="2012-06-09" toID="E65" toText="bipolar disorder" type="AFTER" />
<TLINK id="ET1732" fromID="T0" fromText="2012-06-07" toID="E5" toText="cmed" type="AFTER" />
<TLINK id="ET1734" fromID="E5" fromText="cmed" toID="T3" toText="one hour" type="OVERLAP" />
<TLINK id="ET1735" fromID="E5" fromText="cmed" toID="T2" toText="4/05" type="OVERLAP" />
<TLINK id="ET1736" fromID="E5" fromText="cmed" toID="E8" toText="pills" type="OVERLAP" />
<TLINK id="ET1738" fromID="E5" fromText="cmed" toID="E7" toText="found alert" type="AFTER" />
<TLINK id="ET1740" fromID="E5" fromText="cmed" toID="E6" toText="admission" type="OVERLAP" />
<TLINK id="ET175" fromID="E9" fromText="report" toID="E15" toText="paroxitine" type="OVERLAP" />
<TLINK id="ET1752" fromID="T1" fromText="2012-06-09" toID="E73" toText="house diet" type="AFTER" />
<TLINK id="ET176" fromID="E9" fromText="report" toID="E13" toText="gabapentin" type="OVERLAP" />
<TLINK id="ET1767" fromID="T0" fromText="2012-06-07" toID="E16" toText="alert" type="AFTER" />
<TLINK id="ET1781" fromID="E16" fromText="alert" toID="E18" toText="the hospital" type="OVERLAP" />
<TLINK id="ET180" fromID="E9" fromText="report" toID="E14" toText="lescol" type="OVERLAP" />
<TLINK id="ET1806" fromID="E16" fromText="alert" toID="E17" toText="unresponsive" type="OVERLAP" />
<TLINK id="ET185" fromID="E9" fromText="report" toID="E11" toText="klonopin" type="OVERLAP" />
<TLINK id="ET188" fromID="E9" fromText="report" toID="E12" toText="geodon" type="OVERLAP" />
<TLINK id="ET191" fromID="E9" fromText="report" toID="E10" toText="inderal" type="OVERLAP" />
<TLINK id="ET194" fromID="T1" fromText="2012-06-09" toID="E77" toText="transfer" type="AFTER" />
<TLINK id="ET195" fromID="E77" fromText="transfer" toID="T6" toText="tomorrow" type="OVERLAP" />
<TLINK id="ET201" fromID="E77" fromText="transfer" toID="E78" toText="inpatient cmed" type="BEFORE" />
<TLINK id="ET205" fromID="T0" fromText="2012-06-07" toID="E39" toText="a calcium and glucagon drip" type="AFTER" />
<TLINK id="ET21" fromID="T1" fromText="2012-06-09" toID="E48" toText="hcv" type="AFTER" />
<TLINK id="ET218" fromID="T1" fromText="2012-06-09" toID="E61" toText="drops" type="BEFORE" />
<TLINK id="ET228" fromID="E61" fromText="drops" toID="E62" toText="glucagon gtt" type="OVERLAP" />
<TLINK id="ET234" fromID="T0" fromText="2012-06-07" toID="E18" toText="the hospital" type="AFTER" />
<TLINK id="ET254" fromID="T0" fromText="2012-06-07" toID="E7" toText="found alert" type="AFTER" />
<TLINK id="ET256" fromID="E7" fromText="found alert" toID="T3" toText="one hour" type="OVERLAP" />
<TLINK id="ET257" fromID="T2" fromText="4/05" toID="E7" toText="found alert" type="OVERLAP" />
<TLINK id="ET265" fromID="E7" fromText="found alert" toID="E8" toText="pills" type="OVERLAP" />
<TLINK id="ET29" fromID="E48" fromText="hcv" toID="E54" toText="geodon" type="OVERLAP" />
<TLINK id="ET30" fromID="E48" fromText="hcv" toID="E49" toText="bipolar do" type="OVERLAP" />
<TLINK id="ET31" fromID="E48" fromText="hcv" toID="E55" toText="intubation" type="OVERLAP" />
<TLINK id="ET328" fromID="T1" fromText="2012-06-09" toID="E54" toText="geodon" type="AFTER" />
<TLINK id="ET336" fromID="E54" fromText="geodon" toID="E55" toText="intubation" type="OVERLAP" />
<TLINK id="ET339" fromID="E54" fromText="geodon" toID="E57" toText="l retrocardiac infiltrate" type="OVERLAP" />
<TLINK id="ET34" fromID="E48" fromText="hcv" toID="E57" toText="l retrocardiac infiltrate" type="OVERLAP" />
<TLINK id="ET340" fromID="E54" fromText="geodon" toID="E56" toText="airway protection" type="OVERLAP" />
<TLINK id="ET341" fromID="E54" fromText="geodon" toID="E58" toText="doing well" type="OVERLAP" />
<TLINK id="ET347" fromID="T0" fromText="2012-06-07" toID="E33" toText="seen by cardiology" type="AFTER" />
<TLINK id="ET35" fromID="E48" fromText="hcv" toID="E52" toText="inderal" type="OVERLAP" />
<TLINK id="ET36" fromID="E48" fromText="hcv" toID="E56" toText="airway protection" type="OVERLAP" />
<TLINK id="ET37" fromID="E48" fromText="hcv" toID="E58" toText="doing well" type="OVERLAP" />
<TLINK id="ET378" fromID="E33" fromText="seen by cardiology" toID="E34" toText="consulted" type="OVERLAP" />
<TLINK id="ET39" fromID="E48" fromText="hcv" toID="E53" toText="klonopin" type="OVERLAP" />
<TLINK id="ET399" fromID="T0" fromText="2012-06-07" toID="E6" toText="admission" type="OVERLAP" />
<TLINK id="ET4" fromID="T0" fromText="2012-06-07" toID="E15" toText="paroxitine" type="AFTER" />
<TLINK id="ET401" fromID="E6" fromText="admission" toID="T3" toText="one hour" type="AFTER" />
<TLINK id="ET402" fromID="E6" fromText="admission" toID="T2" toText="4/05" type="OVERLAP" />
<TLINK id="ET410" fromID="E6" fromText="admission" toID="E8" toText="pills" type="BEFORE" />
<TLINK id="ET418" fromID="E6" fromText="admission" toID="E7" toText="found alert" type="AFTER" />
<TLINK id="ET44" fromID="T0" fromText="2012-06-07" toID="E22" toText="his initial bp" type="AFTER" />
<TLINK id="ET477" fromID="T0" fromText="2012-06-07" toID="E28" toText="good response" type="AFTER" />
<TLINK id="ET530" fromID="T1" fromText="2012-06-09" toID="E64" toText="agitation" type="BEFORE" />
<TLINK id="ET545" fromID="T4" fromText="the am" toID="E45" toText="the medicine floor" type="OVERLAP" />
<TLINK id="ET546" fromID="T0" fromText="2012-06-07" toID="E45" toText="the medicine floor" type="AFTER" />
<TLINK id="ET560" fromID="T0" fromText="2012-06-07" toID="E2" toText="hepatitis c" type="AFTER" />
<TLINK id="ET562" fromID="E2" fromText="hepatitis c" toID="T3" toText="one hour" type="OVERLAP" />
<TLINK id="ET563" fromID="E2" fromText="hepatitis c" toID="T2" toText="4/05" type="OVERLAP" />
<TLINK id="ET564" fromID="E2" fromText="hepatitis c" toID="E8" toText="pills" type="OVERLAP" />
<TLINK id="ET566" fromID="E2" fromText="hepatitis c" toID="E7" toText="found alert" type="AFTER" />
<TLINK id="ET568" fromID="E2" fromText="hepatitis c" toID="E6" toText="admission" type="BEFORE" />
<TLINK id="ET57" fromID="E22" fromText="his initial bp" toID="E23" toText="a pulse" type="OVERLAP" />
<TLINK id="ET571" fromID="E2" fromText="hepatitis c" toID="E3" toText="bipolar disorder" type="OVERLAP" />
<TLINK id="ET575" fromID="E2" fromText="hepatitis c" toID="E4" toText="suicide attempts" type="OVERLAP" />
<TLINK id="ET580" fromID="E2" fromText="hepatitis c" toID="E5" toText="cmed" type="OVERLAP" />
<TLINK id="ET586" fromID="T0" fromText="2012-06-07" toID="E46" toText="cmed" type="AFTER" />
<TLINK id="ET590" fromID="E46" fromText="cmed" toID="E47" toText="involved in his care" type="OVERLAP" />
<TLINK id="ET597" fromID="T1" fromText="2012-06-09" toID="E49" toText="bipolar do" type="AFTER" />
<TLINK id="ET605" fromID="E49" fromText="bipolar do" toID="E54" toText="geodon" type="OVERLAP" />
<TLINK id="ET606" fromID="E49" fromText="bipolar do" toID="E55" toText="intubation" type="OVERLAP" />
<TLINK id="ET609" fromID="E49" fromText="bipolar do" toID="E50" toText="suicide attempts" type="OVERLAP" />
<TLINK id="ET61" fromID="T1" fromText="2012-06-09" toID="E74" toText="sc heparin" type="AFTER" />
<TLINK id="ET610" fromID="E49" fromText="bipolar do" toID="E57" toText="l retrocardiac infiltrate" type="OVERLAP" />
<TLINK id="ET611" fromID="E49" fromText="bipolar do" toID="E52" toText="inderal" type="OVERLAP" />
<TLINK id="ET612" fromID="E49" fromText="bipolar do" toID="E56" toText="airway protection" type="OVERLAP" />
<TLINK id="ET613" fromID="E49" fromText="bipolar do" toID="E58" toText="doing well" type="OVERLAP" />
<TLINK id="ET615" fromID="E49" fromText="bipolar do" toID="E53" toText="klonopin" type="OVERLAP" />
<TLINK id="ET620" fromID="T0" fromText="2012-06-07" toID="E14" toText="lescol" type="AFTER" />
<TLINK id="ET624" fromID="E14" fromText="lescol" toID="E15" toText="paroxitine" type="OVERLAP" />
<TLINK id="ET638" fromID="T1" fromText="2012-06-09" toID="E55" toText="intubation" type="AFTER" />
<TLINK id="ET648" fromID="E55" fromText="intubation" toID="E57" toText="l retrocardiac infiltrate" type="OVERLAP" />
<TLINK id="ET649" fromID="E55" fromText="intubation" toID="E56" toText="airway protection" type="OVERLAP" />
<TLINK id="ET650" fromID="E55" fromText="intubation" toID="E58" toText="doing well" type="OVERLAP" />
<TLINK id="ET656" fromID="T0" fromText="2012-06-07" toID="E27" toText="a glucagon drip" type="AFTER" />
<TLINK id="ET662" fromID="E27" fromText="a glucagon drip" toID="E28" toText="good response" type="OVERLAP" />
<TLINK id="ET675" fromID="T0" fromText="2012-06-07" toID="E42" toText="extubated" type="AFTER" />
<TLINK id="ET688" fromID="E42" fromText="extubated" toID="E45" toText="the medicine floor" type="OVERLAP" />
<TLINK id="ET69" fromID="E74" fromText="sc heparin" toID="E75" toText="bowel regimen" type="OVERLAP" />
<TLINK id="ET698" fromID="E42" fromText="extubated" toID="E43" toText="incident" type="OVERLAP" />
<TLINK id="ET702" fromID="E42" fromText="extubated" toID="E44" toText="transfer" type="OVERLAP" />
<TLINK id="ET718" fromID="T0" fromText="2012-06-07" toID="E41" toText="cxr" type="AFTER" />
<TLINK id="ET723" fromID="E41" fromText="cxr" toID="E45" toText="the medicine floor" type="BEFORE" />
<TLINK id="ET728" fromID="E41" fromText="cxr" toID="E44" toText="transfer" type="BEFORE" />
<TLINK id="ET73" fromID="T0" fromText="2012-06-07" toID="E13" toText="gabapentin" type="AFTER" />
<TLINK id="ET735" fromID="T0" fromText="2012-06-07" toID="E3" toText="bipolar disorder" type="AFTER" />
<TLINK id="ET737" fromID="E3" fromText="bipolar disorder" toID="T3" toText="one hour" type="OVERLAP" />
<TLINK id="ET738" fromID="E3" fromText="bipolar disorder" toID="T2" toText="4/05" type="OVERLAP" />
<TLINK id="ET739" fromID="E3" fromText="bipolar disorder" toID="E8" toText="pills" type="OVERLAP" />
<TLINK id="ET741" fromID="E3" fromText="bipolar disorder" toID="E7" toText="found alert" type="AFTER" />
<TLINK id="ET743" fromID="E3" fromText="bipolar disorder" toID="E6" toText="admission" type="BEFORE" />
<TLINK id="ET749" fromID="E3" fromText="bipolar disorder" toID="E4" toText="suicide attempts" type="OVERLAP" />
<TLINK id="ET754" fromID="E3" fromText="bipolar disorder" toID="E5" toText="cmed" type="OVERLAP" />
<TLINK id="ET757" fromID="T1" fromText="2012-06-09" toID="E75" toText="bowel regimen" type="AFTER" />
<TLINK id="ET764" fromID="E75" fromText="bowel regimen" toID="E76" toText="nicotine patch" type="OVERLAP" />
<TLINK id="ET767" fromID="T1" fromText="2012-06-09" toID="E63" toText="bzd withdrawal" type="BEFORE" />
<TLINK id="ET77" fromID="E13" fromText="gabapentin" toID="E15" toText="paroxitine" type="OVERLAP" />
<TLINK id="ET775" fromID="E63" fromText="bzd withdrawal" toID="E64" toText="agitation" type="OVERLAP" />
<TLINK id="ET780" fromID="T1" fromText="2012-06-09" toID="E67" toText="discharged" type="OVERLAP" />
<TLINK id="ET793" fromID="E67" fromText="discharged" toID="E68" toText="inpatient cmed facility" type="BEFORE" />
<TLINK id="ET795" fromID="E67" fromText="discharged" toID="E69" toText="stable" type="OVERLAP" />
<TLINK id="ET798" fromID="T1" fromText="2012-06-09" toID="E72" toText="assist" type="AFTER" />
<TLINK id="ET808" fromID="T1" fromText="2012-06-09" toID="E78" toText="inpatient cmed" type="AFTER" />
<TLINK id="ET809" fromID="E78" fromText="inpatient cmed" toID="T6" toText="tomorrow" type="OVERLAP" />
<TLINK id="ET81" fromID="E13" fromText="gabapentin" toID="E14" toText="lescol" type="OVERLAP" />
<TLINK id="ET818" fromID="T0" fromText="2012-06-07" toID="E19" toText="the rita" type="AFTER" />
<TLINK id="ET822" fromID="E19" fromText="the rita" toID="E21" toText="activated charcoal" type="OVERLAP" />
<TLINK id="ET832" fromID="E19" fromText="the rita" toID="E20" toText="intubated" type="OVERLAP" />
<TLINK id="ET836" fromID="T1" fromText="2012-06-09" toID="E50" toText="suicide attempts" type="AFTER" />
<TLINK id="ET844" fromID="E50" fromText="suicide attempts" toID="E54" toText="geodon" type="OVERLAP" />
<TLINK id="ET845" fromID="E50" fromText="suicide attempts" toID="E55" toText="intubation" type="OVERLAP" />
<TLINK id="ET848" fromID="E50" fromText="suicide attempts" toID="E57" toText="l retrocardiac infiltrate" type="OVERLAP" />
<TLINK id="ET849" fromID="E50" fromText="suicide attempts" toID="E52" toText="inderal" type="OVERLAP" />
<TLINK id="ET850" fromID="E50" fromText="suicide attempts" toID="E56" toText="airway protection" type="OVERLAP" />
<TLINK id="ET851" fromID="E50" fromText="suicide attempts" toID="E58" toText="doing well" type="OVERLAP" />
<TLINK id="ET853" fromID="E50" fromText="suicide attempts" toID="E51" toText="overdose" type="OVERLAP" />
<TLINK id="ET854" fromID="E50" fromText="suicide attempts" toID="E53" toText="klonopin" type="OVERLAP" />
<TLINK id="ET858" fromID="E40" fromText="aspiration pneumonia" toID="T4" toText="the am" type="BEFORE" />
<TLINK id="ET859" fromID="T0" fromText="2012-06-07" toID="E40" toText="aspiration pneumonia" type="AFTER" />
<TLINK id="ET864" fromID="E40" fromText="aspiration pneumonia" toID="E45" toText="the medicine floor" type="BEFORE" />
<TLINK id="ET866" fromID="E40" fromText="aspiration pneumonia" toID="E41" toText="cxr" type="BEFORE" />
<TLINK id="ET870" fromID="E40" fromText="aspiration pneumonia" toID="E44" toText="transfer" type="BEFORE" />
<TLINK id="ET877" fromID="T0" fromText="2012-06-07" toID="E35" toText="admission" type="OVERLAP" />
<TLINK id="ET887" fromID="E35" fromText="admission" toID="E39" toText="a calcium and glucagon drip" type="BEFORE" />
<TLINK id="ET909" fromID="E35" fromText="admission" toID="E37" toText="intubated" type="BEFORE" />
<TLINK id="ET912" fromID="E35" fromText="admission" toID="E38" toText="airway protection" type="BEFORE" />
<TLINK id="ET915" fromID="E35" fromText="admission" toID="E36" toText="the cmed" type="BEFORE" />
<TLINK id="ET927" fromID="T0" fromText="2012-06-07" toID="E43" toText="incident" type="AFTER" />
<TLINK id="ET932" fromID="E43" fromText="incident" toID="E45" toText="the medicine floor" type="OVERLAP" />
<TLINK id="ET935" fromID="E43" fromText="incident" toID="E44" toText="transfer" type="OVERLAP" />
<TLINK id="ET939" fromID="T1" fromText="2012-06-09" toID="E57" toText="l retrocardiac infiltrate" type="AFTER" />
<TLINK id="ET949" fromID="E57" fromText="l retrocardiac infiltrate" toID="E58" toText="doing well" type="OVERLAP" />
<TLINK id="ET95" fromID="T0" fromText="2012-06-07" toID="E21" toText="activated charcoal" type="AFTER" />
<TLINK id="ET955" fromID="T0" fromText="2012-06-07" toID="E30" toText="serum tox screens" type="AFTER" />
<TLINK id="ET969" fromID="E30" fromText="serum tox screens" toID="E32" toText="benzos" type="OVERLAP" />
<TLINK id="ET974" fromID="T0" fromText="2012-06-07" toID="E24" toText="calcium gluconate" type="AFTER" />
<TLINK id="ET989" fromID="E24" fromText="calcium gluconate" toID="E25" toText="a calcium gtt" type="OVERLAP" />
<TLINK id="ET994" fromID="T0" fromText="2012-06-07" toID="E17" toText="unresponsive" type="AFTER" />
<TLINK id="ET999" fromID="E17" fromText="unresponsive" toID="E18" toText="the hospital" type="BEFORE" />
<TLINK id="T11" fromID="E0" fromText="admission" toID="T0" toText="2012-06-07" type="OVERLAP" />
<TLINK id="T12" fromID="E1" fromText="discharge" toID="T1" toText="2012-06-09" type="OVERLAP" />
<TLINK id="T13" fromID="E6" fromText="admission" toID="E35" toText="admission" type="OVERLAP" />
<TLINK id="T14" fromID="E6" fromText="admission" toID="T0" toText="2012-06-07" type="OVERLAP" />
<TLINK id="T15" fromID="E6" fromText="admission" toID="E0" toText="admission" type="OVERLAP" />
<TLINK id="T16" fromID="E6" fromText="admission" toID="T0" toText="2012-06-07" type="OVERLAP" />
<TLINK id="T17" fromID="E67" fromText="discharged" toID="E1" toText="discharge" type="OVERLAP" />
<TLINK id="T18" fromID="E67" fromText="discharged" toID="T1" toText="2012-06-07" type="OVERLAP" />
<TLINK id="T19" fromID="E35" fromText="admission" toID="E6" toText="admission" type="OVERLAP" />
<TLINK id="T20" fromID="E35" fromText="admission" toID="T0" toText="2012-06-07" type="OVERLAP" />
<TLINK id="T21" fromID="E35" fromText="admission" toID="E0" toText="admission" type="OVERLAP" />
<TLINK id="T22" fromID="E35" fromText="admission" toID="T0" toText="2012-06-07" type="OVERLAP" />
<TLINK id="T23" fromID="E0" fromText="admission" toID="E6" toText="admission" type="OVERLAP" />
<TLINK id="T24" fromID="E0" fromText="admission" toID="T0" toText="2012-06-07" type="OVERLAP" />
<TLINK id="T25" fromID="E0" fromText="admission" toID="E35" toText="admission" type="OVERLAP" />
<TLINK id="T26" fromID="E0" fromText="admission" toID="T0" toText="2012-06-07" type="OVERLAP" />
<TLINK id="T27" fromID="E1" fromText="discharge" toID="E67" toText="discharged" type="OVERLAP" />
<TLINK id="T28" fromID="E1" fromText="discharge" toID="T1" toText="2012-06-07" type="OVERLAP" />
</TAGS>
</ClinicalNarrativeTemporalAnnotation>
