<?xml version="1.0" encoding="UTF-8" ?>
<ClinicalNarrativeTemporalAnnotation>
<TEXT><![CDATA[
Admission Date :
2013-05-18
Discharge Date :
2013-05-24
Service :
MEDICINE
History of Present Illness :
90 yo F with MMP ( see below ) who sustained a mechanical fall down stairs resulting in a hip and arm fracture .
Fall was witnessed by daughter .
Nicholas seizures , no LOC , no head or neck trauma .
Patient denies CP , SOB , light headedness , or dizziness prior to of after the fall .
She fell on her R side and had a great deal of pain in her R arm and hip .
Presented to Taunton and found to have R humerus and R hip fx .
Ct of head and neck neg for fx , bleed , and dislocation .
Brief Hospital Course :
95 yo F with MMP who sustained a mechanical fall down stairs resulting in a hip and arm fracture .
1) s/p Fall - unlikely to be mechanical in nature .
Patient has injuries to her shoulder and hip .
2) CV - Patient has CAD and CHF with a low hct and major trauma .
She also has new changes on EKG .
On pressor to hold mean 60 .
3) Anemia - patient transfusion dependant with a baseline of 28 .
- transfuse 2 units today , with lasix
4) GERD - PPI
5) DM - glipizide , ISS
6) PMR - cont prednisone
7) GI : Ms. Pimental is an unfortunate 95 year old woman , status post a recent fall necessitating right ORIF of the hip and right wrist fracture ORIF , who was in the hospital for this event , when it was noted that she had abdominal pain , distention and coffee ground emesis with worsening mental status and renal failure .
CT scan was obtained and this revealed free air and massive ascites .
Pt underwent surgery on 05-23
1. Exploratory laparotomy with drainage of intra-abdominal abscess and peritonitis with gross soilage with bile and gastric contents .
2. Exposure and wide drainage of perforated posterior duodenal ulcer with internal and external drainage .
3. Feeding jejunostomy .
4. Tube gastrostomy .
Continue to deteriorate spiking fevers with ventilatory support on pressors to hold the bp. with no improvement in mental staus was made CMO 5/20/5 .
Expired at 5 pm
]]></TEXT>
<TAGS>
<EVENT id="E0" start="1" end="10" text="Admission" modality="OCCURRENCE" polarity="POS" type="OCCURRENCE" />
<EVENT id="E38" start="1009" end="1018" text="transfuse" modality="TREATMENT" polarity="POS" type="TREATMENT" />
<EVENT id="E39" start="1040" end="1045" text="lasix" modality="TREATMENT" polarity="POS" type="TREATMENT" />
<EVENT id="E40" start="1063" end="1065" text="DM" modality="PROBLEM" polarity="POS" type="PROBLEM" />
<EVENT id="E41" start="1068" end="1077" text="glipizide" modality="PROBLEM" polarity="POS" type="TREATMENT" />
<EVENT id="E2" start="118" end="121" text="MMP" modality="PROBLEM" polarity="POS" type="PROBLEM" />
<EVENT id="E42" start="1180" end="1193" text="a recent fall" modality="PROBLEM" polarity="POS" type="TEST" />
<EVENT id="E43" start="1208" end="1259" text="right ORIF of the hip and right wrist fracture ORIF" modality="PROBLEM" polarity="POS" type="PROBLEM" />
<EVENT id="E44" start="1273" end="1285" text="the hospital" modality="CLINICAL_DEPT" polarity="POS" type="CLINICAL_DEPT" />
<EVENT id="E45" start="1290" end="1300" text="this event" modality="PROBLEM" polarity="POS" type="PROBLEM" />
<EVENT id="E46" start="1334" end="1348" text="abdominal pain" modality="PROBLEM" polarity="POS" type="PROBLEM" />
<EVENT id="E47" start="1351" end="1361" text="distention" modality="PROBLEM" polarity="POS" type="PROBLEM" />
<EVENT id="E48" start="1366" end="1386" text="coffee ground emesis" modality="PROBLEM" polarity="POS" type="PROBLEM" />
<EVENT id="E49" start="1392" end="1415" text="worsening mental status" modality="PROBLEM" polarity="POS" type="PROBLEM" />
<EVENT id="E50" start="1420" end="1433" text="renal failure" modality="PROBLEM" polarity="POS" type="PROBLEM" />
<EVENT id="E51" start="1436" end="1443" text="CT scan" modality="TEST" polarity="POS" type="TEST" />
<EVENT id="E52" start="1475" end="1483" text="free air" modality="OCCURRENCE" polarity="POS" type="PROBLEM" />
<EVENT id="E53" start="1488" end="1503" text="massive ascites" modality="PROBLEM" polarity="POS" type="PROBLEM" />
<EVENT id="E54" start="1519" end="1526" text="surgery" modality="TREATMENT" polarity="POS" type="TREATMENT" />
<EVENT id="E55" start="1539" end="1561" text="Exploratory laparotomy" modality="TEST" polarity="POS" type="PROBLEM" />
<EVENT id="E56" start="1567" end="1575" text="drainage" modality="TREATMENT" polarity="POS" type="TREATMENT" />
<EVENT id="E57" start="1579" end="1602" text="intra-abdominal abscess" modality="PROBLEM" polarity="POS" type="PROBLEM" />
<EVENT id="E58" start="1607" end="1618" text="peritonitis" modality="PROBLEM" polarity="POS" type="PROBLEM" />
<EVENT id="E59" start="1624" end="1637" text="gross soilage" modality="PROBLEM" polarity="POS" type="TREATMENT" />
<EVENT id="E60" start="1643" end="1668" text="bile and gastric contents" modality="PROBLEM" polarity="POS" type="PROBLEM" />
<EVENT id="E61" start="1674" end="1682" text="Exposure" modality="PROBLEM" polarity="POS" type="TREATMENT" />
<EVENT id="E62" start="1687" end="1700" text="wide drainage" modality="PROBLEM" polarity="POS" type="TREATMENT" />
<EVENT id="E63" start="1704" end="1739" text="perforated posterior duodenal ulcer" modality="PROBLEM" polarity="POS" type="PROBLEM" />
<EVENT id="E64" start="1745" end="1775" text="internal and external drainage" modality="PROBLEM" polarity="POS" type="PROBLEM" />
<EVENT id="E65" start="1781" end="1800" text="Feeding jejunostomy" modality="TREATMENT" polarity="POS" type="PROBLEM" />
<EVENT id="E66" start="1806" end="1822" text="Tube gastrostomy" modality="TREATMENT" polarity="POS" type="PROBLEM" />
<EVENT id="E67" start="1849" end="1863" text="spiking fevers" modality="PROBLEM" polarity="POS" type="PROBLEM" />
<EVENT id="E68" start="1869" end="1888" text="ventilatory support" modality="TREATMENT" polarity="POS" type="TREATMENT" />
<EVENT id="E69" start="1892" end="1900" text="pressors" modality="FACTUAL" polarity="POS" type="TREATMENT" />
<EVENT id="E70" start="1909" end="1916" text="the bp." modality="FACTUAL" polarity="POS" type="TEST" />
<EVENT id="E3" start="193" end="215" text="a hip and arm fracture" modality="PROBLEM" polarity="POS" type="PROBLEM" />
<EVENT id="E71" start="1925" end="1952" text="improvement in mental staus" modality="OCCURRENCE" polarity="NEG" type="PROBLEM" />
<EVENT id="E72" start="1962" end="1965" text="CMO" modality="TREATMENT" polarity="POS" type="TREATMENT" />
<EVENT id="E4" start="251" end="268" text="Nicholas seizures" modality="TEST" polarity="POS" type="TEST" />
<EVENT id="E5" start="274" end="277" text="LOC" modality="PROBLEM" polarity="NEG" type="PROBLEM" />
<EVENT id="E1" start="29" end="38" text="Discharge" modality="OCCURRENCE" polarity="POS" type="OCCURRENCE" />
<EVENT id="E6" start="283" end="302" text="head or neck trauma" modality="PROBLEM" polarity="NEG" type="PROBLEM" />
<EVENT id="E7" start="313" end="319" text="denies" modality="EVIDENTIAL" polarity="POS" type="EVIDENTIAL" />
<EVENT id="E8" start="320" end="322" text="CP" modality="PROBLEM" polarity="NEG" type="PROBLEM" />
<EVENT id="E9" start="325" end="328" text="SOB" modality="PROBLEM" polarity="NEG" type="PROBLEM" />
<EVENT id="E10" start="331" end="347" text="light headedness" modality="PROBLEM" polarity="POS" type="PROBLEM" />
<EVENT id="E11" start="353" end="362" text="dizziness" modality="PROBLEM" polarity="NEG" type="PROBLEM" />
<EVENT id="E12" start="381" end="389" text="the fall" modality="PROBLEM" polarity="POS" type="TREATMENT" />
<EVENT id="E13" start="396" end="414" text="fell on her R side" modality="TEST" polarity="POS" type="OCCURRENCE" />
<EVENT id="E14" start="423" end="456" text="a great deal of pain in her R arm" modality="PROBLEM" polarity="POS" type="PROBLEM" />
<EVENT id="E15" start="461" end="464" text="hip" modality="PROBLEM" polarity="POS" type="TREATMENT" />
<EVENT id="E16" start="467" end="476" text="Presented" modality="OCCURRENCE" polarity="POS" type="OCCURRENCE" />
<EVENT id="E17" start="480" end="487" text="Taunton" modality="TREATMENT" polarity="POS" type="TREATMENT" />
<EVENT id="E18" start="506" end="515" text="R humerus" modality="PROBLEM" polarity="POS" type="PROBLEM" />
<EVENT id="E19" start="520" end="528" text="R hip fx" modality="PROBLEM" polarity="POS" type="PROBLEM" />
<EVENT id="E20" start="537" end="541" text="head" modality="TEST" polarity="POS" type="PROBLEM" />
<EVENT id="E21" start="559" end="561" text="fx" modality="FACTUAL" polarity="NEG" type="PROBLEM" />
<EVENT id="E22" start="564" end="569" text="bleed" modality="PROBLEM" polarity="POS" type="TREATMENT" />
<EVENT id="E23" start="576" end="587" text="dislocation" modality="PROBLEM" polarity="POS" type="PROBLEM" />
<EVENT id="E24" start="627" end="630" text="MMP" modality="PROBLEM" polarity="POS" type="PROBLEM" />
<EVENT id="E25" start="688" end="710" text="a hip and arm fracture" modality="PROBLEM" polarity="POS" type="PROBLEM" />
<EVENT id="E26" start="720" end="724" text="Fall" modality="TREATMENT" polarity="POS" type="TREATMENT" />
<EVENT id="E27" start="742" end="752" text="mechanical" modality="FACTUAL" polarity="POS" type="PROBLEM" />
<EVENT id="E28" start="806" end="809" text="hip" modality="PROBLEM" polarity="POS" type="PROBLEM" />
<EVENT id="E29" start="832" end="835" text="CAD" modality="PROBLEM" polarity="POS" type="PROBLEM" />
<EVENT id="E30" start="840" end="843" text="CHF" modality="PROBLEM" polarity="POS" type="PROBLEM" />
<EVENT id="E31" start="849" end="858" text="a low hct" modality="PROBLEM" polarity="POS" type="PROBLEM" />
<EVENT id="E32" start="863" end="875" text="major trauma" modality="PROBLEM" polarity="POS" type="PROBLEM" />
<EVENT id="E33" start="891" end="902" text="new changes" modality="PROBLEM" polarity="POS" type="PROBLEM" />
<EVENT id="E34" start="906" end="909" text="EKG" modality="TEST" polarity="POS" type="TEST" />
<EVENT id="E35" start="915" end="922" text="pressor" modality="FACTUAL" polarity="POS" type="TREATMENT" />
<EVENT id="E36" start="944" end="982" text="Anemia - patient transfusion dependant" modality="PROBLEM" polarity="POS" type="PROBLEM" />
<EVENT id="E37" start="988" end="998" text="a baseline" modality="FACTUAL" polarity="POS" type="TEST" />
<TIMEX3 id="T2" start="1027" end="1032" text="today" type="DATE" val="2013-05-24" mod="NA" />
<TIMEX3 id="T3" start="1530" end="1535" text="05-23" type="DATE" val="2013-05-23" mod="NA" />
<TIMEX3 id="T0" start="18" end="28" text="2013-05-18" type="DATE" val="2013-05-18" mod="NA" />
<TIMEX3 id="T4" start="1966" end="1972" text="5/20/5" type="DATE" val="5/20/5" mod="NA" />
<TIMEX3 id="T1" start="46" end="56" text="2013-05-24" type="DATE" val="2013-05-24" mod="NA" />
<TLINK id="TL0" fromID="E2" fromText="MMP" toID="E24" toText="MMP" type="OVERLAP" />
<TLINK id="TL1" fromID="E43" fromText="right ORIF of the hip and right wrist fracture ORIF" toID="E3" toText="a hip and arm fracture" type="OVERLAP" />
<TLINK id="TL10" fromID="E5" fromText="LOC" toID="E6" toText="head or neck trauma" type="OVERLAP" />
<TLINK id="TL100" fromID="E46" fromText="abdominal pain" toID="E57" toText="intra-abdominal abscess" type="OVERLAP" />
<TLINK id="TL101" fromID="E46" fromText="abdominal pain" toID="E47" toText="distention" type="OVERLAP" />
<TLINK id="TL102" fromID="E46" fromText="abdominal pain" toID="E48" toText="coffee ground emesis" type="OVERLAP" />
<TLINK id="TL103" fromID="E46" fromText="abdominal pain" toID="E49" toText="worsening mental status" type="OVERLAP" />
<TLINK id="TL104" fromID="E46" fromText="abdominal pain" toID="E50" toText="renal failure" type="OVERLAP" />
<TLINK id="TL105" fromID="E47" fromText="distention" toID="E46" toText="abdominal pain" type="OVERLAP" />
<TLINK id="TL106" fromID="E48" fromText="coffee ground emesis" toID="E46" toText="abdominal pain" type="OVERLAP" />
<TLINK id="TL107" fromID="E49" fromText="worsening mental status" toID="E46" toText="abdominal pain" type="OVERLAP" />
<TLINK id="TL108" fromID="E50" fromText="renal failure" toID="E46" toText="abdominal pain" type="OVERLAP" />
<TLINK id="TL109" fromID="E47" fromText="distention" toID="E48" toText="coffee ground emesis" type="OVERLAP" />
<TLINK id="TL11" fromID="E6" fromText="head or neck trauma" toID="E5" toText="LOC" type="OVERLAP" />
<TLINK id="TL110" fromID="E47" fromText="distention" toID="E49" toText="worsening mental status" type="OVERLAP" />
<TLINK id="TL111" fromID="E47" fromText="distention" toID="E50" toText="renal failure" type="OVERLAP" />
<TLINK id="TL112" fromID="E48" fromText="coffee ground emesis" toID="E47" toText="distention" type="OVERLAP" />
<TLINK id="TL113" fromID="E49" fromText="worsening mental status" toID="E47" toText="distention" type="OVERLAP" />
<TLINK id="TL114" fromID="E50" fromText="renal failure" toID="E47" toText="distention" type="OVERLAP" />
<TLINK id="TL115" fromID="E48" fromText="coffee ground emesis" toID="E49" toText="worsening mental status" type="OVERLAP" />
<TLINK id="TL116" fromID="E48" fromText="coffee ground emesis" toID="E50" toText="renal failure" type="OVERLAP" />
<TLINK id="TL117" fromID="E49" fromText="worsening mental status" toID="E48" toText="coffee ground emesis" type="OVERLAP" />
<TLINK id="TL118" fromID="E50" fromText="renal failure" toID="E48" toText="coffee ground emesis" type="OVERLAP" />
<TLINK id="TL119" fromID="E49" fromText="worsening mental status" toID="E71" toText="improvement in mental staus" type="OVERLAP" />
<TLINK id="TL12" fromID="E6" fromText="head or neck trauma" toID="E10" toText="light headedness" type="OVERLAP" />
<TLINK id="TL120" fromID="E49" fromText="worsening mental status" toID="E50" toText="renal failure" type="OVERLAP" />
<TLINK id="TL121" fromID="E50" fromText="renal failure" toID="E49" toText="worsening mental status" type="OVERLAP" />
<TLINK id="TL122" fromID="E52" fromText="free air" toID="E51" toText="CT scan" type="BEFORE" />
<TLINK id="TL123" fromID="E53" fromText="massive ascites" toID="E51" toText="CT scan" type="BEFORE" />
<TLINK id="TL124" fromID="E52" fromText="free air" toID="E53" toText="massive ascites" type="OVERLAP" />
<TLINK id="TL125" fromID="E53" fromText="massive ascites" toID="E52" toText="free air" type="OVERLAP" />
<TLINK id="TL126" fromID="E54" fromText="surgery" toID="T3" toText="05-23" type="OVERLAP" />
<TLINK id="TL127" fromID="E55" fromText="Exploratory laparotomy" toID="E60" toText="bile and gastric contents" type="OVERLAP" />
<TLINK id="TL128" fromID="E56" fromText="drainage" toID="E55" toText="Exploratory laparotomy" type="OVERLAP" />
<TLINK id="TL129" fromID="E57" fromText="intra-abdominal abscess" toID="E55" toText="Exploratory laparotomy" type="OVERLAP" />
<TLINK id="TL13" fromID="E6" fromText="head or neck trauma" toID="E20" toText="head" type="OVERLAP" />
<TLINK id="TL130" fromID="E58" fromText="peritonitis" toID="E55" toText="Exploratory laparotomy" type="OVERLAP" />
<TLINK id="TL131" fromID="E60" fromText="bile and gastric contents" toID="E55" toText="Exploratory laparotomy" type="OVERLAP" />
<TLINK id="TL132" fromID="E55" fromText="Exploratory laparotomy" toID="E56" toText="drainage" type="OVERLAP" />
<TLINK id="TL133" fromID="E55" fromText="Exploratory laparotomy" toID="E57" toText="intra-abdominal abscess" type="OVERLAP" />
<TLINK id="TL134" fromID="E55" fromText="Exploratory laparotomy" toID="E58" toText="peritonitis" type="OVERLAP" />
<TLINK id="TL135" fromID="E56" fromText="drainage" toID="E62" toText="wide drainage" type="OVERLAP" />
<TLINK id="TL136" fromID="E56" fromText="drainage" toID="E64" toText="internal and external drainage" type="OVERLAP" />
<TLINK id="TL137" fromID="E56" fromText="drainage" toID="E57" toText="intra-abdominal abscess" type="OVERLAP" />
<TLINK id="TL138" fromID="E56" fromText="drainage" toID="E58" toText="peritonitis" type="OVERLAP" />
<TLINK id="TL139" fromID="E56" fromText="drainage" toID="E59" toText="gross soilage" type="OVERLAP" />
<TLINK id="TL14" fromID="E6" fromText="head or neck trauma" toID="E32" toText="major trauma" type="OVERLAP" />
<TLINK id="TL140" fromID="E57" fromText="intra-abdominal abscess" toID="E56" toText="drainage" type="OVERLAP" />
<TLINK id="TL141" fromID="E58" fromText="peritonitis" toID="E56" toText="drainage" type="OVERLAP" />
<TLINK id="TL142" fromID="E59" fromText="gross soilage" toID="E56" toText="drainage" type="OVERLAP" />
<TLINK id="TL143" fromID="E57" fromText="intra-abdominal abscess" toID="E58" toText="peritonitis" type="OVERLAP" />
<TLINK id="TL144" fromID="E57" fromText="intra-abdominal abscess" toID="E59" toText="gross soilage" type="OVERLAP" />
<TLINK id="TL145" fromID="E57" fromText="intra-abdominal abscess" toID="E60" toText="bile and gastric contents" type="OVERLAP" />
<TLINK id="TL146" fromID="E58" fromText="peritonitis" toID="E57" toText="intra-abdominal abscess" type="OVERLAP" />
<TLINK id="TL147" fromID="E59" fromText="gross soilage" toID="E57" toText="intra-abdominal abscess" type="OVERLAP" />
<TLINK id="TL148" fromID="E60" fromText="bile and gastric contents" toID="E57" toText="intra-abdominal abscess" type="OVERLAP" />
<TLINK id="TL149" fromID="E58" fromText="peritonitis" toID="E59" toText="gross soilage" type="OVERLAP" />
<TLINK id="TL15" fromID="E8" fromText="CP" toID="E7" toText="denies" type="BEFORE" />
<TLINK id="TL150" fromID="E58" fromText="peritonitis" toID="E60" toText="bile and gastric contents" type="OVERLAP" />
<TLINK id="TL151" fromID="E59" fromText="gross soilage" toID="E58" toText="peritonitis" type="OVERLAP" />
<TLINK id="TL152" fromID="E60" fromText="bile and gastric contents" toID="E58" toText="peritonitis" type="OVERLAP" />
<TLINK id="TL153" fromID="E59" fromText="gross soilage" toID="E60" toText="bile and gastric contents" type="OVERLAP" />
<TLINK id="TL154" fromID="E60" fromText="bile and gastric contents" toID="E59" toText="gross soilage" type="OVERLAP" />
<TLINK id="TL155" fromID="E61" fromText="Exposure" toID="E62" toText="wide drainage" type="OVERLAP" />
<TLINK id="TL156" fromID="E62" fromText="wide drainage" toID="E61" toText="Exposure" type="OVERLAP" />
<TLINK id="TL157" fromID="E63" fromText="perforated posterior duodenal ulcer" toID="E61" toText="Exposure" type="BEFORE" />
<TLINK id="TL158" fromID="E62" fromText="wide drainage" toID="E64" toText="internal and external drainage" type="OVERLAP" />
<TLINK id="TL159" fromID="E62" fromText="wide drainage" toID="E63" toText="perforated posterior duodenal ulcer" type="OVERLAP" />
<TLINK id="TL16" fromID="E9" fromText="SOB" toID="E7" toText="denies" type="BEFORE" />
<TLINK id="TL160" fromID="E63" fromText="perforated posterior duodenal ulcer" toID="E62" toText="wide drainage" type="OVERLAP" />
<TLINK id="TL161" fromID="E64" fromText="internal and external drainage" toID="E62" toText="wide drainage" type="BEFORE" />
<TLINK id="TL162" fromID="E63" fromText="perforated posterior duodenal ulcer" toID="E64" toText="internal and external drainage" type="OVERLAP" />
<TLINK id="TL163" fromID="E64" fromText="internal and external drainage" toID="E63" toText="perforated posterior duodenal ulcer" type="OVERLAP" />
<TLINK id="TL164" fromID="E67" fromText="spiking fevers" toID="E68" toText="ventilatory support" type="BEFORE" />
<TLINK id="TL165" fromID="E68" fromText="ventilatory support" toID="E69" toText="pressors" type="OVERLAP" />
<TLINK id="TL166" fromID="E69" fromText="pressors" toID="E68" toText="ventilatory support" type="OVERLAP" />
<TLINK id="TL167" fromID="E72" fromText="CMO" toID="E68" toText="ventilatory support" type="OVERLAP" />
<TLINK id="TL168" fromID="E71" fromText="improvement in mental staus" toID="E70" toText="the bp." type="BEFORE" />
<TLINK id="TL169" fromID="E71" fromText="improvement in mental staus" toID="E72" toText="CMO" type="OVERLAP" />
<TLINK id="TL17" fromID="E10" fromText="light headedness" toID="E7" toText="denies" type="BEFORE" />
<TLINK id="TL170" fromID="E71" fromText="improvement in mental staus" toID="T4" toText="5/20/5" type="OVERLAP" />
<TLINK id="TL171" fromID="E72" fromText="CMO" toID="E71" toText="improvement in mental staus" type="OVERLAP" />
<TLINK id="TL172" fromID="E72" fromText="CMO" toID="T4" toText="5/20/5" type="OVERLAP" />
<TLINK id="TL18" fromID="E11" fromText="dizziness" toID="E7" toText="denies" type="BEFORE" />
<TLINK id="TL19" fromID="E8" fromText="CP" toID="E10" toText="light headedness" type="OVERLAP" />
<TLINK id="TL2" fromID="E3" fromText="a hip and arm fracture" toID="E14" toText="a great deal of pain in her R arm" type="OVERLAP" />
<TLINK id="TL20" fromID="E9" fromText="SOB" toID="E8" toText="CP" type="OVERLAP" />
<TLINK id="TL21" fromID="E8" fromText="CP" toID="E9" toText="SOB" type="OVERLAP" />
<TLINK id="TL22" fromID="E9" fromText="SOB" toID="E10" toText="light headedness" type="OVERLAP" />
<TLINK id="TL23" fromID="E10" fromText="light headedness" toID="E9" toText="SOB" type="OVERLAP" />
<TLINK id="TL24" fromID="E10" fromText="light headedness" toID="E20" toText="head" type="OVERLAP" />
<TLINK id="TL25" fromID="E10" fromText="light headedness" toID="E11" toText="dizziness" type="OVERLAP" />
<TLINK id="TL26" fromID="E11" fromText="dizziness" toID="E10" toText="light headedness" type="OVERLAP" />
<TLINK id="TL27" fromID="E11" fromText="dizziness" toID="E12" toText="the fall" type="AFTER" />
<TLINK id="TL28" fromID="E42" fromText="a recent fall" toID="E12" toText="the fall" type="OVERLAP" />
<TLINK id="TL29" fromID="E12" fromText="the fall" toID="E26" toText="Fall" type="OVERLAP" />
<TLINK id="TL3" fromID="E3" fromText="a hip and arm fracture" toID="E15" toText="hip" type="OVERLAP" />
<TLINK id="TL30" fromID="E13" fromText="fell on her R side" toID="E14" toText="a great deal of pain in her R arm" type="OVERLAP" />
<TLINK id="TL31" fromID="E14" fromText="a great deal of pain in her R arm" toID="E13" toText="fell on her R side" type="OVERLAP" />
<TLINK id="TL32" fromID="E46" fromText="abdominal pain" toID="E14" toText="a great deal of pain in her R arm" type="OVERLAP" />
<TLINK id="TL33" fromID="E14" fromText="a great deal of pain in her R arm" toID="E25" toText="a hip and arm fracture" type="OVERLAP" />
<TLINK id="TL34" fromID="E14" fromText="a great deal of pain in her R arm" toID="E15" toText="hip" type="OVERLAP" />
<TLINK id="TL35" fromID="E15" fromText="hip" toID="E14" toText="a great deal of pain in her R arm" type="OVERLAP" />
<TLINK id="TL36" fromID="E43" fromText="right ORIF of the hip and right wrist fracture ORIF" toID="E15" toText="hip" type="OVERLAP" />
<TLINK id="TL37" fromID="E15" fromText="hip" toID="E19" toText="R hip fx" type="OVERLAP" />
<TLINK id="TL38" fromID="E15" fromText="hip" toID="E25" toText="a hip and arm fracture" type="OVERLAP" />
<TLINK id="TL39" fromID="E15" fromText="hip" toID="E28" toText="hip" type="OVERLAP" />
<TLINK id="TL4" fromID="E3" fromText="a hip and arm fracture" toID="E19" toText="R hip fx" type="OVERLAP" />
<TLINK id="TL40" fromID="E16" fromText="Presented" toID="E17" toText="Taunton" type="OVERLAP" />
<TLINK id="TL41" fromID="E17" fromText="Taunton" toID="E16" toText="Presented" type="AFTER" />
<TLINK id="TL42" fromID="E18" fromText="R humerus" toID="E16" toText="Presented" type="BEFORE" />
<TLINK id="TL43" fromID="E19" fromText="R hip fx" toID="E16" toText="Presented" type="BEFORE" />
<TLINK id="TL44" fromID="E18" fromText="R humerus" toID="E17" toText="Taunton" type="BEFORE" />
<TLINK id="TL45" fromID="E19" fromText="R hip fx" toID="E17" toText="Taunton" type="BEFORE" />
<TLINK id="TL46" fromID="E18" fromText="R humerus" toID="E19" toText="R hip fx" type="OVERLAP" />
<TLINK id="TL47" fromID="E19" fromText="R hip fx" toID="E18" toText="R humerus" type="OVERLAP" />
<TLINK id="TL48" fromID="E43" fromText="right ORIF of the hip and right wrist fracture ORIF" toID="E19" toText="R hip fx" type="OVERLAP" />
<TLINK id="TL49" fromID="E19" fromText="R hip fx" toID="E21" toText="fx" type="OVERLAP" />
<TLINK id="TL5" fromID="E3" fromText="a hip and arm fracture" toID="E25" toText="a hip and arm fracture" type="OVERLAP" />
<TLINK id="TL50" fromID="E19" fromText="R hip fx" toID="E25" toText="a hip and arm fracture" type="OVERLAP" />
<TLINK id="TL51" fromID="E19" fromText="R hip fx" toID="E28" toText="hip" type="OVERLAP" />
<TLINK id="TL52" fromID="E20" fromText="head" toID="E21" toText="fx" type="OVERLAP" />
<TLINK id="TL53" fromID="E21" fromText="fx" toID="E20" toText="head" type="OVERLAP" />
<TLINK id="TL54" fromID="E21" fromText="fx" toID="E22" toText="bleed" type="OVERLAP" />
<TLINK id="TL55" fromID="E21" fromText="fx" toID="E23" toText="dislocation" type="OVERLAP" />
<TLINK id="TL56" fromID="E22" fromText="bleed" toID="E21" toText="fx" type="OVERLAP" />
<TLINK id="TL57" fromID="E23" fromText="dislocation" toID="E21" toText="fx" type="OVERLAP" />
<TLINK id="TL58" fromID="E22" fromText="bleed" toID="E23" toText="dislocation" type="OVERLAP" />
<TLINK id="TL59" fromID="E23" fromText="dislocation" toID="E22" toText="bleed" type="OVERLAP" />
<TLINK id="TL6" fromID="E3" fromText="a hip and arm fracture" toID="E28" toText="hip" type="OVERLAP" />
<TLINK id="TL60" fromID="E43" fromText="right ORIF of the hip and right wrist fracture ORIF" toID="E25" toText="a hip and arm fracture" type="OVERLAP" />
<TLINK id="TL61" fromID="E25" fromText="a hip and arm fracture" toID="E28" toText="hip" type="OVERLAP" />
<TLINK id="TL62" fromID="E42" fromText="a recent fall" toID="E26" toText="Fall" type="OVERLAP" />
<TLINK id="TL63" fromID="E26" fromText="Fall" toID="E27" toText="mechanical" type="OVERLAP" />
<TLINK id="TL64" fromID="E27" fromText="mechanical" toID="E26" toText="Fall" type="OVERLAP" />
<TLINK id="TL65" fromID="E43" fromText="right ORIF of the hip and right wrist fracture ORIF" toID="E28" toText="hip" type="OVERLAP" />
<TLINK id="TL66" fromID="E29" fromText="CAD" toID="E30" toText="CHF" type="OVERLAP" />
<TLINK id="TL67" fromID="E29" fromText="CAD" toID="E31" toText="a low hct" type="OVERLAP" />
<TLINK id="TL68" fromID="E29" fromText="CAD" toID="E32" toText="major trauma" type="OVERLAP" />
<TLINK id="TL69" fromID="E30" fromText="CHF" toID="E29" toText="CAD" type="OVERLAP" />
<TLINK id="TL7" fromID="E4" fromText="Nicholas seizures" toID="E5" toText="LOC" type="OVERLAP" />
<TLINK id="TL70" fromID="E31" fromText="a low hct" toID="E29" toText="CAD" type="OVERLAP" />
<TLINK id="TL71" fromID="E32" fromText="major trauma" toID="E29" toText="CAD" type="OVERLAP" />
<TLINK id="TL72" fromID="E30" fromText="CHF" toID="E31" toText="a low hct" type="OVERLAP" />
<TLINK id="TL73" fromID="E30" fromText="CHF" toID="E32" toText="major trauma" type="OVERLAP" />
<TLINK id="TL74" fromID="E31" fromText="a low hct" toID="E30" toText="CHF" type="OVERLAP" />
<TLINK id="TL75" fromID="E32" fromText="major trauma" toID="E30" toText="CHF" type="OVERLAP" />
<TLINK id="TL76" fromID="E31" fromText="a low hct" toID="E32" toText="major trauma" type="OVERLAP" />
<TLINK id="TL77" fromID="E32" fromText="major trauma" toID="E31" toText="a low hct" type="OVERLAP" />
<TLINK id="TL78" fromID="E33" fromText="new changes" toID="E34" toText="EKG" type="OVERLAP" />
<TLINK id="TL79" fromID="E34" fromText="EKG" toID="E33" toText="new changes" type="OVERLAP" />
<TLINK id="TL8" fromID="E5" fromText="LOC" toID="E4" toText="Nicholas seizures" type="OVERLAP" />
<TLINK id="TL80" fromID="E69" fromText="pressors" toID="E35" toText="pressor" type="OVERLAP" />
<TLINK id="TL81" fromID="E36" fromText="Anemia - patient transfusion dependant" toID="E37" toText="a baseline" type="OVERLAP" />
<TLINK id="TL82" fromID="E37" fromText="a baseline" toID="E36" toText="Anemia - patient transfusion dependant" type="OVERLAP" />
<TLINK id="TL83" fromID="E38" fromText="transfuse" toID="E39" toText="lasix" type="OVERLAP" />
<TLINK id="TL84" fromID="E38" fromText="transfuse" toID="T2" toText="today" type="OVERLAP" />
<TLINK id="TL85" fromID="E39" fromText="lasix" toID="E38" toText="transfuse" type="OVERLAP" />
<TLINK id="TL86" fromID="E39" fromText="lasix" toID="T2" toText="today" type="OVERLAP" />
<TLINK id="TL87" fromID="E40" fromText="DM" toID="E41" toText="glipizide" type="OVERLAP" />
<TLINK id="TL88" fromID="E41" fromText="glipizide" toID="E40" toText="DM" type="OVERLAP" />
<TLINK id="TL89" fromID="E42" fromText="a recent fall" toID="E43" toText="right ORIF of the hip and right wrist fracture ORIF" type="OVERLAP" />
<TLINK id="TL9" fromID="E6" fromText="head or neck trauma" toID="E4" toText="Nicholas seizures" type="BEFORE" />
<TLINK id="TL90" fromID="E43" fromText="right ORIF of the hip and right wrist fracture ORIF" toID="E42" toText="a recent fall" type="BEFORE" />
<TLINK id="TL91" fromID="E46" fromText="abdominal pain" toID="E42" toText="a recent fall" type="BEFORE" />
<TLINK id="TL92" fromID="E47" fromText="distention" toID="E42" toText="a recent fall" type="BEFORE" />
<TLINK id="TL93" fromID="E48" fromText="coffee ground emesis" toID="E42" toText="a recent fall" type="BEFORE" />
<TLINK id="TL94" fromID="E49" fromText="worsening mental status" toID="E42" toText="a recent fall" type="BEFORE" />
<TLINK id="TL95" fromID="E50" fromText="renal failure" toID="E42" toText="a recent fall" type="BEFORE" />
<TLINK id="TL96" fromID="E49" fromText="worsening mental status" toID="E43" toText="right ORIF of the hip and right wrist fracture ORIF" type="OVERLAP" />
<TLINK id="TL97" fromID="E50" fromText="renal failure" toID="E43" toText="right ORIF of the hip and right wrist fracture ORIF" type="OVERLAP" />
<TLINK id="TL98" fromID="E44" fromText="the hospital" toID="E45" toText="this event" type="OVERLAP" />
<TLINK id="TL99" fromID="E45" fromText="this event" toID="E44" toText="the hospital" type="OVERLAP" />
<TLINK id="SECTIME0" fromID="E38" fromText="transfuse" toID="T1" toText="2013-05-24" type="BEFORE" />
<TLINK id="SECTIME1" fromID="E39" fromText="lasix" toID="T1" toText="2013-05-24" type="BEFORE" />
<TLINK id="SECTIME2" fromID="E40" fromText="DM" toID="T1" toText="2013-05-24" type="BEFORE" />
<TLINK id="SECTIME3" fromID="E41" fromText="glipizide" toID="T1" toText="2013-05-24" type="BEFORE" />
<TLINK id="SECTIME4" fromID="E2" fromText="MMP" toID="T0" toText="2013-05-18" type="BEFORE" />
<TLINK id="SECTIME5" fromID="E42" fromText="a recent fall" toID="T1" toText="2013-05-24" type="BEFORE" />
<TLINK id="SECTIME6" fromID="E43" fromText="right ORIF of the hip and right wrist fracture ORIF" toID="T1" toText="2013-05-24" type="BEFORE" />
<TLINK id="SECTIME7" fromID="E44" fromText="the hospital" toID="T1" toText="2013-05-24" type="OVERLAP" />
<TLINK id="SECTIME8" fromID="E45" fromText="this event" toID="T1" toText="2013-05-24" type="BEFORE" />
<TLINK id="SECTIME9" fromID="E46" fromText="abdominal pain" toID="T1" toText="2013-05-24" type="BEFORE" />
<TLINK id="SECTIME10" fromID="E47" fromText="distention" toID="T1" toText="2013-05-24" type="BEFORE" />
<TLINK id="SECTIME11" fromID="E48" fromText="coffee ground emesis" toID="T1" toText="2013-05-24" type="BEFORE" />
<TLINK id="SECTIME12" fromID="E49" fromText="worsening mental status" toID="T1" toText="2013-05-24" type="BEFORE" />
<TLINK id="SECTIME13" fromID="E50" fromText="renal failure" toID="T1" toText="2013-05-24" type="BEFORE" />
<TLINK id="SECTIME14" fromID="E51" fromText="CT scan" toID="T1" toText="2013-05-24" type="BEFORE" />
<TLINK id="SECTIME15" fromID="E52" fromText="free air" toID="T1" toText="2013-05-24" type="BEFORE" />
<TLINK id="SECTIME16" fromID="E53" fromText="massive ascites" toID="T1" toText="2013-05-24" type="BEFORE" />
<TLINK id="SECTIME17" fromID="E54" fromText="surgery" toID="T1" toText="2013-05-24" type="BEFORE" />
<TLINK id="SECTIME18" fromID="E55" fromText="Exploratory laparotomy" toID="T1" toText="2013-05-24" type="BEFORE" />
<TLINK id="SECTIME19" fromID="E56" fromText="drainage" toID="T1" toText="2013-05-24" type="BEFORE" />
<TLINK id="SECTIME20" fromID="E57" fromText="intra-abdominal abscess" toID="T1" toText="2013-05-24" type="BEFORE" />
<TLINK id="SECTIME21" fromID="E58" fromText="peritonitis" toID="T1" toText="2013-05-24" type="BEFORE" />
<TLINK id="SECTIME22" fromID="E59" fromText="gross soilage" toID="T1" toText="2013-05-24" type="BEFORE" />
<TLINK id="SECTIME23" fromID="E60" fromText="bile and gastric contents" toID="T1" toText="2013-05-24" type="BEFORE" />
<TLINK id="SECTIME24" fromID="E61" fromText="Exposure" toID="T1" toText="2013-05-24" type="BEFORE" />
<TLINK id="SECTIME25" fromID="E62" fromText="wide drainage" toID="T1" toText="2013-05-24" type="BEFORE" />
<TLINK id="SECTIME26" fromID="E63" fromText="perforated posterior duodenal ulcer" toID="T1" toText="2013-05-24" type="BEFORE" />
<TLINK id="SECTIME27" fromID="E64" fromText="internal and external drainage" toID="T1" toText="2013-05-24" type="BEFORE" />
<TLINK id="SECTIME28" fromID="E65" fromText="Feeding jejunostomy" toID="T1" toText="2013-05-24" type="BEFORE" />
<TLINK id="SECTIME29" fromID="E66" fromText="Tube gastrostomy" toID="T1" toText="2013-05-24" type="BEFORE" />
<TLINK id="SECTIME30" fromID="E67" fromText="spiking fevers" toID="T1" toText="2013-05-24" type="BEFORE" />
<TLINK id="SECTIME31" fromID="E68" fromText="ventilatory support" toID="T1" toText="2013-05-24" type="AFTER" />
<TLINK id="SECTIME32" fromID="E69" fromText="pressors" toID="T1" toText="2013-05-24" type="BEFORE" />
<TLINK id="SECTIME33" fromID="E70" fromText="the bp." toID="T1" toText="2013-05-24" type="BEFORE" />
<TLINK id="SECTIME34" fromID="E3" fromText="a hip and arm fracture" toID="T0" toText="2013-05-18" type="BEFORE" />
<TLINK id="SECTIME35" fromID="E71" fromText="improvement in mental staus" toID="T1" toText="2013-05-24" type="BEFORE" />
<TLINK id="SECTIME36" fromID="E72" fromText="CMO" toID="T1" toText="2013-05-24" type="BEFORE" />
<TLINK id="SECTIME37" fromID="E4" fromText="Nicholas seizures" toID="T0" toText="2013-05-18" type="BEFORE" />
<TLINK id="SECTIME38" fromID="E5" fromText="LOC" toID="T0" toText="2013-05-18" type="OVERLAP" />
<TLINK id="SECTIME39" fromID="E6" fromText="head or neck trauma" toID="T0" toText="2013-05-18" type="BEFORE" />
<TLINK id="SECTIME40" fromID="E7" fromText="denies" toID="T0" toText="2013-05-18" type="BEFORE" />
<TLINK id="SECTIME41" fromID="E8" fromText="CP" toID="T0" toText="2013-05-18" type="BEFORE" />
<TLINK id="SECTIME42" fromID="E9" fromText="SOB" toID="T0" toText="2013-05-18" type="BEFORE" />
<TLINK id="SECTIME43" fromID="E10" fromText="light headedness" toID="T0" toText="2013-05-18" type="BEFORE" />
<TLINK id="SECTIME44" fromID="E11" fromText="dizziness" toID="T0" toText="2013-05-18" type="BEFORE" />
<TLINK id="SECTIME45" fromID="E12" fromText="the fall" toID="T0" toText="2013-05-18" type="BEFORE" />
<TLINK id="SECTIME46" fromID="E13" fromText="fell on her R side" toID="T0" toText="2013-05-18" type="BEFORE" />
<TLINK id="SECTIME47" fromID="E14" fromText="a great deal of pain in her R arm" toID="T0" toText="2013-05-18" type="BEFORE" />
<TLINK id="SECTIME48" fromID="E15" fromText="hip" toID="T0" toText="2013-05-18" type="BEFORE" />
<TLINK id="SECTIME49" fromID="E16" fromText="Presented" toID="T0" toText="2013-05-18" type="OVERLAP" />
<TLINK id="SECTIME50" fromID="E17" fromText="Taunton" toID="T0" toText="2013-05-18" type="BEFORE" />
<TLINK id="SECTIME51" fromID="E18" fromText="R humerus" toID="T0" toText="2013-05-18" type="BEFORE" />
<TLINK id="SECTIME52" fromID="E19" fromText="R hip fx" toID="T0" toText="2013-05-18" type="BEFORE" />
<TLINK id="SECTIME53" fromID="E20" fromText="head" toID="T0" toText="2013-05-18" type="BEFORE" />
<TLINK id="SECTIME54" fromID="E21" fromText="fx" toID="T0" toText="2013-05-18" type="BEFORE" />
<TLINK id="SECTIME55" fromID="E22" fromText="bleed" toID="T0" toText="2013-05-18" type="BEFORE" />
<TLINK id="SECTIME56" fromID="E23" fromText="dislocation" toID="T0" toText="2013-05-18" type="BEFORE" />
<TLINK id="SECTIME57" fromID="E24" fromText="MMP" toID="T1" toText="2013-05-24" type="BEFORE" />
<TLINK id="SECTIME58" fromID="E25" fromText="a hip and arm fracture" toID="T1" toText="2013-05-24" type="BEFORE" />
<TLINK id="SECTIME59" fromID="E26" fromText="Fall" toID="T1" toText="2013-05-24" type="BEFORE" />
<TLINK id="SECTIME60" fromID="E27" fromText="mechanical" toID="T1" toText="2013-05-24" type="BEFORE" />
<TLINK id="SECTIME61" fromID="E28" fromText="hip" toID="T1" toText="2013-05-24" type="BEFORE" />
<TLINK id="SECTIME62" fromID="E29" fromText="CAD" toID="T1" toText="2013-05-24" type="BEFORE" />
<TLINK id="SECTIME63" fromID="E30" fromText="CHF" toID="T1" toText="2013-05-24" type="BEFORE" />
<TLINK id="SECTIME64" fromID="E31" fromText="a low hct" toID="T1" toText="2013-05-24" type="BEFORE" />
<TLINK id="SECTIME65" fromID="E32" fromText="major trauma" toID="T1" toText="2013-05-24" type="BEFORE" />
<TLINK id="SECTIME66" fromID="E33" fromText="new changes" toID="T1" toText="2013-05-24" type="BEFORE" />
<TLINK id="SECTIME67" fromID="E34" fromText="EKG" toID="T1" toText="2013-05-24" type="BEFORE" />
<TLINK id="SECTIME68" fromID="E35" fromText="pressor" toID="T1" toText="2013-05-24" type="BEFORE" />
<TLINK id="SECTIME69" fromID="E36" fromText="Anemia - patient transfusion dependant" toID="T1" toText="2013-05-24" type="BEFORE" />
<TLINK id="SECTIME70" fromID="E37" fromText="a baseline" toID="T1" toText="2013-05-24" type="BEFORE" />
<SECTIME id="S0" start="18" end="28" text="2013-05-18" type="ADMISSION" dvalue="2013-05-18" />
<SECTIME id="S1" start="46" end="56" text="2013-05-24" type="DISCHARGE" dvalue="2013-05-24" />
</TAGS>
</ClinicalNarrativeTemporalAnnotation>
