<?xml version="1.0" encoding="UTF-8" ?>
<ClinicalNarrativeTemporalAnnotation>
<TEXT><![CDATA[
Admission Date :
2016-12-24
Discharge Date :
2016-12-27
HISTORY OF PRESENT ILLNESS :
The patient is an 80 year old female with breast cancer , status post lumpectomy / radiation therapy / Tamoxifen ( 2000 ) , hypertension , hyperlipidemia , multiple urinary tract infections who presents with a four day prodrome of dry cough , rhinorrhea , coryza , malaise , chills , headache , decreased p.o. intake , loose bowel movements with diarrhea and no blood , decreased urine output , no sick contacts , had flu shot this year .
In the Emergency Department , she had labile blood pressure with systolic blood pressure in the 80 s .  
Her usual is systolic blood pressure in the 120 s , this was despite two liters of intravenous fluids and she was transferred to the Medical Intensive Care Unit for closer monitoring for possible early sepsis .
The Intensive Care Unit course was notable for initially receiving broad spectrum antibiotics as well as a white blood cell count of 11.0 with 15 bands .
She was ultimately changed to Levaquin for a possible early pneumonia pending cultures .
The Intensive Care Unit course was also notable for negative chest x-ray , two units of packed red blood cells for a hematocrit of 24.0 with appropriate bump in her hematocrit and no evidence of bleeding , stable blood pressure despite a net fluid balance of negative 2.5 liters .
No central access was needed .
The sepsis protocol was aborted .
Also of note , her liver function tests had been normal .
Random cortisol was 17 and her DFA was positive for influenzae A with a viral culture pending at the time of discharge .
Blood and urine cultures were no growth at the time of discharge as well .
She also had a right lower extremity noninvasive ultrasound that was negative for deep venous thrombosis .
HOSPITAL COURSE :
This is an 80 year old female with a history of Stage I breast cancer , hypertension , hyperlipidemia , who presents with a leukocytosis/bandemia , hypotension in the setting of dehydration and influenza .
After a short Medical Intensive Care Unit course where she remained hemodynamically stable , she was transferred to the floor .

]]></TEXT>
<TAGS>
<EVENT id="E0" start="1" end="10" text="Admission" modality="OCCURRENCE" polarity="POS" type="OCCURRENCE" />
<EVENT id="E34" start="1025" end="1033" text="Levaquin" modality="TREATMENT" polarity="POS" type="TREATMENT" />
<EVENT id="E35" start="1049" end="1064" text="early pneumonia" modality="PROBLEM" polarity="POS" type="PROBLEM" />
<EVENT id="E36" start="1073" end="1081" text="cultures" modality="PROBLEM" polarity="POS" type="TEST" />
<EVENT id="E37" start="1084" end="1107" text="The Intensive Care Unit" modality="CLINICAL_DEPT" polarity="POS" type="CLINICAL_DEPT" />
<EVENT id="E38" start="1136" end="1156" text="negative chest x-ray" modality="TEST" polarity="POS" type="TEST" />
<EVENT id="E39" start="1172" end="1194" text="packed red blood cells" modality="TREATMENT" polarity="POS" type="TREATMENT" />
<EVENT id="E40" start="1199" end="1211" text="a hematocrit" modality="TEST" polarity="POS" type="TEST" />
<EVENT id="E41" start="1225" end="1259" text="appropriate bump in her hematocrit" modality="PROBLEM" polarity="POS" type="PROBLEM" />
<EVENT id="E2" start="128" end="141" text="breast cancer" modality="PROBLEM" polarity="POS" type="PROBLEM" />
<EVENT id="E42" start="1279" end="1287" text="bleeding" modality="PROBLEM" polarity="NEG" type="PROBLEM" />
<EVENT id="E43" start="1290" end="1311" text="stable blood pressure" modality="TEST" polarity="POS" type="TEST" />
<EVENT id="E44" start="1320" end="1339" text="a net fluid balance" modality="FACTUAL" polarity="POS" type="TEST" />
<EVENT id="E45" start="1368" end="1382" text="central access" modality="FACTUAL" polarity="NEG" type="PROBLEM" />
<EVENT id="E46" start="1396" end="1415" text="The sepsis protocol" modality="TREATMENT" polarity="POS" type="TREATMENT" />
<EVENT id="E47" start="1445" end="1469" text="her liver function tests" modality="TEST" polarity="POS" type="TEST" />
<EVENT id="E48" start="1488" end="1503" text="Random cortisol" modality="TEST" polarity="POS" type="TEST" />
<EVENT id="E49" start="1515" end="1522" text="her DFA" modality="TEST" polarity="POS" type="TEST" />
<EVENT id="E50" start="1540" end="1552" text="influenzae A" modality="PROBLEM" polarity="POS" type="PROBLEM" />
<EVENT id="E3" start="156" end="166" text="lumpectomy" modality="TREATMENT" polarity="POS" type="TREATMENT" />
<EVENT id="E51" start="1558" end="1573" text="a viral culture" modality="TEST" polarity="POS" type="PROBLEM" />
<EVENT id="E52" start="1597" end="1606" text="discharge" modality="OCCURRENCE" polarity="POS" type="OCCURRENCE" />
<EVENT id="E53" start="1619" end="1633" text="urine cultures" modality="TEST" polarity="POS" type="TEST" />
<EVENT id="E54" start="1642" end="1648" text="growth" modality="PROBLEM" polarity="NEG" type="PROBLEM" />
<EVENT id="E55" start="1664" end="1673" text="discharge" modality="OCCURRENCE" polarity="POS" type="OCCURRENCE" />
<EVENT id="E4" start="169" end="186" text="radiation therapy" modality="TREATMENT" polarity="POS" type="TREATMENT" />
<EVENT id="E56" start="1697" end="1743" text="a right lower extremity noninvasive ultrasound" modality="TEST" polarity="POS" type="PROBLEM" />
<EVENT id="E57" start="1766" end="1788" text="deep venous thrombosis" modality="PROBLEM" polarity="NEG" type="PROBLEM" />
<EVENT id="E58" start="1857" end="1878" text="Stage I breast cancer" modality="PROBLEM" polarity="POS" type="PROBLEM" />
<EVENT id="E59" start="1881" end="1893" text="hypertension" modality="PROBLEM" polarity="POS" type="PROBLEM" />
<EVENT id="E60" start="1896" end="1910" text="hyperlipidemia" modality="PROBLEM" polarity="POS" type="PROBLEM" />
<EVENT id="E61" start="1917" end="1925" text="presents" modality="OCCURRENCE" polarity="POS" type="OCCURRENCE" />
<EVENT id="E62" start="1931" end="1954" text="a leukocytosis/bandemia" modality="PROBLEM" polarity="POS" type="PROBLEM" />
<EVENT id="E63" start="1957" end="1968" text="hypotension" modality="PROBLEM" polarity="POS" type="PROBLEM" />
<EVENT id="E64" start="1987" end="1998" text="dehydration" modality="PROBLEM" polarity="POS" type="PROBLEM" />
<EVENT id="E65" start="2003" end="2012" text="influenza" modality="PROBLEM" polarity="POS" type="PROBLEM" />
<EVENT id="E66" start="2021" end="2063" text="a short Medical Intensive Care Unit course" modality="OCCURRENCE" polarity="POS" type="TREATMENT" />
<EVENT id="E67" start="2074" end="2105" text="remained hemodynamically stable" modality="OCCURRENCE" polarity="POS" type="OCCURRENCE" />
<EVENT id="E5" start="210" end="222" text="hypertension" modality="PROBLEM" polarity="POS" type="PROBLEM" />
<EVENT id="E68" start="2116" end="2127" text="transferred" modality="OCCURRENCE" polarity="POS" type="OCCURRENCE" />
<EVENT id="E69" start="2131" end="2140" text="the floor" modality="CLINICAL_DEPT" polarity="POS" type="CLINICAL_DEPT" />
<EVENT id="E6" start="225" end="239" text="hyperlipidemia" modality="PROBLEM" polarity="POS" type="PROBLEM" />
<EVENT id="E7" start="242" end="275" text="multiple urinary tract infections" modality="PROBLEM" polarity="POS" type="PROBLEM" />
<EVENT id="E8" start="280" end="288" text="presents" modality="OCCURRENCE" polarity="POS" type="OCCURRENCE" />
<EVENT id="E1" start="29" end="38" text="Discharge" modality="OCCURRENCE" polarity="POS" type="OCCURRENCE" />
<EVENT id="E9" start="317" end="326" text="dry cough" modality="PROBLEM" polarity="POS" type="PROBLEM" />
<EVENT id="E10" start="329" end="339" text="rhinorrhea" modality="PROBLEM" polarity="POS" type="PROBLEM" />
<EVENT id="E11" start="342" end="348" text="coryza" modality="PROBLEM" polarity="NEG" type="PROBLEM" />
<EVENT id="E12" start="351" end="358" text="malaise" modality="PROBLEM" polarity="POS" type="PROBLEM" />
<EVENT id="E13" start="361" end="367" text="chills" modality="PROBLEM" polarity="NEG" type="PROBLEM" />
<EVENT id="E14" start="370" end="378" text="headache" modality="PROBLEM" polarity="POS" type="PROBLEM" />
<EVENT id="E15" start="381" end="402" text="decreased p.o. intake" modality="PROBLEM" polarity="POS" type="PROBLEM" />
<EVENT id="E16" start="405" end="426" text="loose bowel movements" modality="PROBLEM" polarity="POS" type="PROBLEM" />
<EVENT id="E17" start="432" end="440" text="diarrhea" modality="PROBLEM" polarity="POS" type="PROBLEM" />
<EVENT id="E18" start="448" end="453" text="blood" modality="PROBLEM" polarity="NEG" type="PROBLEM" />
<EVENT id="E19" start="456" end="478" text="decreased urine output" modality="PROBLEM" polarity="POS" type="PROBLEM" />
<EVENT id="E20" start="484" end="497" text="sick contacts" modality="PROBLEM" polarity="NEG" type="PROBLEM" />
<EVENT id="E21" start="528" end="552" text="the Emergency Department" modality="CLINICAL_DEPT" polarity="POS" type="CLINICAL_DEPT" />
<EVENT id="E22" start="563" end="584" text="labile blood pressure" modality="TEST" polarity="POS" type="PROBLEM" />
<EVENT id="E23" start="590" end="613" text="systolic blood pressure" modality="TEST" polarity="POS" type="TEST" />
<EVENT id="E24" start="630" end="666" text="Her usual is systolic blood pressure" modality="TEST" polarity="POS" type="TEST" />
<EVENT id="E25" start="713" end="731" text="intravenous fluids" modality="TREATMENT" polarity="POS" type="TREATMENT" />
<EVENT id="E26" start="744" end="755" text="transferred" modality="OCCURRENCE" polarity="POS" type="OCCURRENCE" />
<EVENT id="E27" start="759" end="790" text="the Medical Intensive Care Unit" modality="CLINICAL_DEPT" polarity="POS" type="CLINICAL_DEPT" />
<EVENT id="E28" start="802" end="812" text="monitoring" modality="TEST" polarity="POS" type="TEST" />
<EVENT id="E29" start="832" end="838" text="sepsis" modality="PROBLEM" polarity="POS" type="PROBLEM" />
<EVENT id="E30" start="841" end="864" text="The Intensive Care Unit" modality="CLINICAL_DEPT" polarity="POS" type="CLINICAL_DEPT" />
<EVENT id="E31" start="908" end="934" text="broad spectrum antibiotics" modality="TREATMENT" polarity="POS" type="TREATMENT" />
<EVENT id="E32" start="946" end="970" text="a white blood cell count" modality="TEST" polarity="POS" type="TEST" />
<EVENT id="E33" start="984" end="992" text="15 bands" modality="FACTUAL" polarity="POS" type="TREATMENT" />
<TIMEX3 id="T5" start="1585" end="1593" text="the time" type="DATE" val="2016-12-27" mod="NA" />
<TIMEX3 id="T6" start="1652" end="1660" text="the time" type="DATE" val="2016-12-27" mod="NA" />
<TIMEX3 id="T0" start="18" end="28" text="2016-12-24" type="DATE" val="2016-12-24" mod="NA" />
<TIMEX3 id="T2" start="201" end="205" text="2000" type="DATE" val="2000" mod="NA" />
<TIMEX3 id="T3" start="296" end="313" text="four day prodrome" type="DURATION" val="P4D" mod="NA" />
<TIMEX3 id="T1" start="46" end="56" text="2016-12-27" type="DATE" val="2016-12-27" mod="NA" />
<TIMEX3 id="T4" start="513" end="522" text="this year" type="DATE" val="this year" mod="NA" />
<TLINK id="TL0" fromID="E52" fromText="discharge" toID="E1" toText="Discharge" type="OVERLAP" />
<TLINK id="TL1" fromID="E55" fromText="discharge" toID="E1" toText="Discharge" type="OVERLAP" />
<TLINK id="TL10" fromID="E4" fromText="radiation therapy" toID="T2" toText="2000" type="OVERLAP" />
<TLINK id="TL100" fromID="E18" fromText="blood" toID="E23" toText="systolic blood pressure" type="OVERLAP" />
<TLINK id="TL101" fromID="E18" fromText="blood" toID="E24" toText="Her usual is systolic blood pressure" type="OVERLAP" />
<TLINK id="TL102" fromID="E18" fromText="blood" toID="E32" toText="a white blood cell count" type="OVERLAP" />
<TLINK id="TL103" fromID="E18" fromText="blood" toID="E19" toText="decreased urine output" type="OVERLAP" />
<TLINK id="TL104" fromID="E18" fromText="blood" toID="E20" toText="sick contacts" type="OVERLAP" />
<TLINK id="TL105" fromID="E19" fromText="decreased urine output" toID="E18" toText="blood" type="OVERLAP" />
<TLINK id="TL106" fromID="E20" fromText="sick contacts" toID="E18" toText="blood" type="OVERLAP" />
<TLINK id="TL107" fromID="E53" fromText="urine cultures" toID="E19" toText="decreased urine output" type="OVERLAP" />
<TLINK id="TL108" fromID="E19" fromText="decreased urine output" toID="E20" toText="sick contacts" type="OVERLAP" />
<TLINK id="TL109" fromID="E20" fromText="sick contacts" toID="E19" toText="decreased urine output" type="OVERLAP" />
<TLINK id="TL11" fromID="E4" fromText="radiation therapy" toID="T4" toText="this year" type="OVERLAP" />
<TLINK id="TL110" fromID="E20" fromText="sick contacts" toID="T4" toText="this year" type="OVERLAP" />
<TLINK id="TL111" fromID="E22" fromText="labile blood pressure" toID="E21" toText="the Emergency Department" type="OVERLAP" />
<TLINK id="TL112" fromID="E23" fromText="systolic blood pressure" toID="E21" toText="the Emergency Department" type="OVERLAP" />
<TLINK id="TL113" fromID="E39" fromText="packed red blood cells" toID="E22" toText="labile blood pressure" type="OVERLAP" />
<TLINK id="TL114" fromID="E43" fromText="stable blood pressure" toID="E22" toText="labile blood pressure" type="OVERLAP" />
<TLINK id="TL115" fromID="E22" fromText="labile blood pressure" toID="E23" toText="systolic blood pressure" type="OVERLAP" />
<TLINK id="TL116" fromID="E22" fromText="labile blood pressure" toID="E24" toText="Her usual is systolic blood pressure" type="OVERLAP" />
<TLINK id="TL117" fromID="E22" fromText="labile blood pressure" toID="E32" toText="a white blood cell count" type="OVERLAP" />
<TLINK id="TL118" fromID="E23" fromText="systolic blood pressure" toID="E22" toText="labile blood pressure" type="OVERLAP" />
<TLINK id="TL119" fromID="E39" fromText="packed red blood cells" toID="E23" toText="systolic blood pressure" type="OVERLAP" />
<TLINK id="TL12" fromID="E20" fromText="sick contacts" toID="E4" toText="radiation therapy" type="OVERLAP" />
<TLINK id="TL120" fromID="E43" fromText="stable blood pressure" toID="E23" toText="systolic blood pressure" type="OVERLAP" />
<TLINK id="TL121" fromID="E23" fromText="systolic blood pressure" toID="E24" toText="Her usual is systolic blood pressure" type="OVERLAP" />
<TLINK id="TL122" fromID="E23" fromText="systolic blood pressure" toID="E32" toText="a white blood cell count" type="OVERLAP" />
<TLINK id="TL123" fromID="E39" fromText="packed red blood cells" toID="E24" toText="Her usual is systolic blood pressure" type="OVERLAP" />
<TLINK id="TL124" fromID="E43" fromText="stable blood pressure" toID="E24" toText="Her usual is systolic blood pressure" type="OVERLAP" />
<TLINK id="TL125" fromID="E24" fromText="Her usual is systolic blood pressure" toID="E32" toText="a white blood cell count" type="OVERLAP" />
<TLINK id="TL126" fromID="E44" fromText="a net fluid balance" toID="E25" toText="intravenous fluids" type="OVERLAP" />
<TLINK id="TL127" fromID="E57" fromText="deep venous thrombosis" toID="E25" toText="intravenous fluids" type="OVERLAP" />
<TLINK id="TL128" fromID="E25" fromText="intravenous fluids" toID="E26" toText="transferred" type="BEFORE" />
<TLINK id="TL129" fromID="E68" fromText="transferred" toID="E26" toText="transferred" type="OVERLAP" />
<TLINK id="TL13" fromID="E59" fromText="hypertension" toID="E5" toText="hypertension" type="OVERLAP" />
<TLINK id="TL130" fromID="E26" fromText="transferred" toID="E27" toText="the Medical Intensive Care Unit" type="OVERLAP" />
<TLINK id="TL131" fromID="E27" fromText="the Medical Intensive Care Unit" toID="E26" toText="transferred" type="AFTER" />
<TLINK id="TL132" fromID="E28" fromText="monitoring" toID="E26" toText="transferred" type="AFTER" />
<TLINK id="TL133" fromID="E29" fromText="sepsis" toID="E26" toText="transferred" type="AFTER" />
<TLINK id="TL134" fromID="E37" fromText="The Intensive Care Unit" toID="E27" toText="the Medical Intensive Care Unit" type="OVERLAP" />
<TLINK id="TL135" fromID="E66" fromText="a short Medical Intensive Care Unit course" toID="E27" toText="the Medical Intensive Care Unit" type="OVERLAP" />
<TLINK id="TL136" fromID="E27" fromText="the Medical Intensive Care Unit" toID="E30" toText="The Intensive Care Unit" type="OVERLAP" />
<TLINK id="TL137" fromID="E28" fromText="monitoring" toID="E27" toText="the Medical Intensive Care Unit" type="OVERLAP" />
<TLINK id="TL138" fromID="E28" fromText="monitoring" toID="E29" toText="sepsis" type="OVERLAP" />
<TLINK id="TL139" fromID="E29" fromText="sepsis" toID="E28" toText="monitoring" type="BEFORE" />
<TLINK id="TL14" fromID="E5" fromText="hypertension" toID="E6" toText="hyperlipidemia" type="OVERLAP" />
<TLINK id="TL140" fromID="E46" fromText="The sepsis protocol" toID="E29" toText="sepsis" type="OVERLAP" />
<TLINK id="TL141" fromID="E37" fromText="The Intensive Care Unit" toID="E30" toText="The Intensive Care Unit" type="OVERLAP" />
<TLINK id="TL142" fromID="E66" fromText="a short Medical Intensive Care Unit course" toID="E30" toText="The Intensive Care Unit" type="OVERLAP" />
<TLINK id="TL143" fromID="E31" fromText="broad spectrum antibiotics" toID="E30" toText="The Intensive Care Unit" type="OVERLAP" />
<TLINK id="TL144" fromID="E32" fromText="a white blood cell count" toID="E30" toText="The Intensive Care Unit" type="OVERLAP" />
<TLINK id="TL145" fromID="E31" fromText="broad spectrum antibiotics" toID="E32" toText="a white blood cell count" type="OVERLAP" />
<TLINK id="TL146" fromID="E32" fromText="a white blood cell count" toID="E31" toText="broad spectrum antibiotics" type="OVERLAP" />
<TLINK id="TL147" fromID="E39" fromText="packed red blood cells" toID="E32" toText="a white blood cell count" type="OVERLAP" />
<TLINK id="TL148" fromID="E43" fromText="stable blood pressure" toID="E32" toText="a white blood cell count" type="OVERLAP" />
<TLINK id="TL149" fromID="E32" fromText="a white blood cell count" toID="E33" toText="15 bands" type="OVERLAP" />
<TLINK id="TL15" fromID="E5" fromText="hypertension" toID="E7" toText="multiple urinary tract infections" type="OVERLAP" />
<TLINK id="TL150" fromID="E33" fromText="15 bands" toID="E32" toText="a white blood cell count" type="OVERLAP" />
<TLINK id="TL151" fromID="E34" fromText="Levaquin" toID="E36" toText="cultures" type="AFTER" />
<TLINK id="TL152" fromID="E35" fromText="early pneumonia" toID="E34" toText="Levaquin" type="BEFORE" />
<TLINK id="TL153" fromID="E35" fromText="early pneumonia" toID="E36" toText="cultures" type="OVERLAP" />
<TLINK id="TL154" fromID="E36" fromText="cultures" toID="E35" toText="early pneumonia" type="OVERLAP" />
<TLINK id="TL155" fromID="E36" fromText="cultures" toID="E51" toText="a viral culture" type="OVERLAP" />
<TLINK id="TL156" fromID="E36" fromText="cultures" toID="E53" toText="urine cultures" type="OVERLAP" />
<TLINK id="TL157" fromID="E37" fromText="The Intensive Care Unit" toID="E66" toText="a short Medical Intensive Care Unit course" type="OVERLAP" />
<TLINK id="TL158" fromID="E38" fromText="negative chest x-ray" toID="E37" toText="The Intensive Care Unit" type="OVERLAP" />
<TLINK id="TL159" fromID="E39" fromText="packed red blood cells" toID="E37" toText="The Intensive Care Unit" type="OVERLAP" />
<TLINK id="TL16" fromID="E5" fromText="hypertension" toID="E16" toText="loose bowel movements" type="OVERLAP" />
<TLINK id="TL160" fromID="E40" fromText="a hematocrit" toID="E37" toText="The Intensive Care Unit" type="OVERLAP" />
<TLINK id="TL161" fromID="E42" fromText="bleeding" toID="E37" toText="The Intensive Care Unit" type="OVERLAP" />
<TLINK id="TL162" fromID="E43" fromText="stable blood pressure" toID="E37" toText="The Intensive Care Unit" type="OVERLAP" />
<TLINK id="TL163" fromID="E44" fromText="a net fluid balance" toID="E37" toText="The Intensive Care Unit" type="OVERLAP" />
<TLINK id="TL164" fromID="E39" fromText="packed red blood cells" toID="E38" toText="negative chest x-ray" type="OVERLAP" />
<TLINK id="TL165" fromID="E39" fromText="packed red blood cells" toID="E43" toText="stable blood pressure" type="OVERLAP" />
<TLINK id="TL166" fromID="E39" fromText="packed red blood cells" toID="E40" toText="a hematocrit" type="OVERLAP" />
<TLINK id="TL167" fromID="E40" fromText="a hematocrit" toID="E39" toText="packed red blood cells" type="OVERLAP" />
<TLINK id="TL168" fromID="E41" fromText="appropriate bump in her hematocrit" toID="E39" toText="packed red blood cells" type="BEFORE" />
<TLINK id="TL169" fromID="E40" fromText="a hematocrit" toID="E41" toText="appropriate bump in her hematocrit" type="OVERLAP" />
<TLINK id="TL17" fromID="E5" fromText="hypertension" toID="T2" toText="2000" type="OVERLAP" />
<TLINK id="TL170" fromID="E41" fromText="appropriate bump in her hematocrit" toID="E40" toText="a hematocrit" type="BEFORE" />
<TLINK id="TL171" fromID="E41" fromText="appropriate bump in her hematocrit" toID="E42" toText="bleeding" type="OVERLAP" />
<TLINK id="TL172" fromID="E41" fromText="appropriate bump in her hematocrit" toID="E43" toText="stable blood pressure" type="BEFORE" />
<TLINK id="TL173" fromID="E42" fromText="bleeding" toID="E41" toText="appropriate bump in her hematocrit" type="OVERLAP" />
<TLINK id="TL174" fromID="E42" fromText="bleeding" toID="E43" toText="stable blood pressure" type="OVERLAP" />
<TLINK id="TL175" fromID="E42" fromText="bleeding" toID="E44" toText="a net fluid balance" type="BEFORE" />
<TLINK id="TL176" fromID="E43" fromText="stable blood pressure" toID="E42" toText="bleeding" type="OVERLAP" />
<TLINK id="TL177" fromID="E43" fromText="stable blood pressure" toID="E67" toText="remained hemodynamically stable" type="OVERLAP" />
<TLINK id="TL178" fromID="E43" fromText="stable blood pressure" toID="E44" toText="a net fluid balance" type="OVERLAP" />
<TLINK id="TL179" fromID="E44" fromText="a net fluid balance" toID="E43" toText="stable blood pressure" type="OVERLAP" />
<TLINK id="TL18" fromID="E6" fromText="hyperlipidemia" toID="E5" toText="hypertension" type="OVERLAP" />
<TLINK id="TL180" fromID="E48" fromText="Random cortisol" toID="E49" toText="her DFA" type="OVERLAP" />
<TLINK id="TL181" fromID="E49" fromText="her DFA" toID="E48" toText="Random cortisol" type="OVERLAP" />
<TLINK id="TL182" fromID="E49" fromText="her DFA" toID="E50" toText="influenzae A" type="OVERLAP" />
<TLINK id="TL183" fromID="E50" fromText="influenzae A" toID="E49" toText="her DFA" type="BEFORE" />
<TLINK id="TL184" fromID="E51" fromText="a viral culture" toID="E49" toText="her DFA" type="BEFORE" />
<TLINK id="TL185" fromID="E50" fromText="influenzae A" toID="E65" toText="influenza" type="OVERLAP" />
<TLINK id="TL186" fromID="E50" fromText="influenzae A" toID="E51" toText="a viral culture" type="OVERLAP" />
<TLINK id="TL187" fromID="E51" fromText="a viral culture" toID="E50" toText="influenzae A" type="OVERLAP" />
<TLINK id="TL188" fromID="E51" fromText="a viral culture" toID="E53" toText="urine cultures" type="OVERLAP" />
<TLINK id="TL189" fromID="E51" fromText="a viral culture" toID="T5" toText="the time" type="OVERLAP" />
<TLINK id="TL19" fromID="E7" fromText="multiple urinary tract infections" toID="E5" toText="hypertension" type="OVERLAP" />
<TLINK id="TL190" fromID="E52" fromText="discharge" toID="E55" toText="discharge" type="OVERLAP" />
<TLINK id="TL191" fromID="E52" fromText="discharge" toID="T5" toText="the time" type="OVERLAP" />
<TLINK id="TL192" fromID="E53" fromText="urine cultures" toID="E54" toText="growth" type="OVERLAP" />
<TLINK id="TL193" fromID="E53" fromText="urine cultures" toID="T6" toText="the time" type="OVERLAP" />
<TLINK id="TL194" fromID="E54" fromText="growth" toID="E53" toText="urine cultures" type="OVERLAP" />
<TLINK id="TL195" fromID="E54" fromText="growth" toID="T6" toText="the time" type="OVERLAP" />
<TLINK id="TL196" fromID="E55" fromText="discharge" toID="T6" toText="the time" type="OVERLAP" />
<TLINK id="TL197" fromID="E56" fromText="a right lower extremity noninvasive ultrasound" toID="E57" toText="deep venous thrombosis" type="OVERLAP" />
<TLINK id="TL198" fromID="E57" fromText="deep venous thrombosis" toID="E56" toText="a right lower extremity noninvasive ultrasound" type="OVERLAP" />
<TLINK id="TL199" fromID="E58" fromText="Stage I breast cancer" toID="E59" toText="hypertension" type="OVERLAP" />
<TLINK id="TL2" fromID="E2" fromText="breast cancer" toID="E58" toText="Stage I breast cancer" type="OVERLAP" />
<TLINK id="TL20" fromID="E16" fromText="loose bowel movements" toID="E5" toText="hypertension" type="OVERLAP" />
<TLINK id="TL200" fromID="E58" fromText="Stage I breast cancer" toID="E60" toText="hyperlipidemia" type="OVERLAP" />
<TLINK id="TL201" fromID="E59" fromText="hypertension" toID="E58" toText="Stage I breast cancer" type="OVERLAP" />
<TLINK id="TL202" fromID="E60" fromText="hyperlipidemia" toID="E58" toText="Stage I breast cancer" type="OVERLAP" />
<TLINK id="TL203" fromID="E59" fromText="hypertension" toID="E60" toText="hyperlipidemia" type="OVERLAP" />
<TLINK id="TL204" fromID="E59" fromText="hypertension" toID="E61" toText="presents" type="BEFORE" />
<TLINK id="TL205" fromID="E60" fromText="hyperlipidemia" toID="E59" toText="hypertension" type="OVERLAP" />
<TLINK id="TL206" fromID="E60" fromText="hyperlipidemia" toID="E61" toText="presents" type="OVERLAP" />
<TLINK id="TL207" fromID="E60" fromText="hyperlipidemia" toID="E62" toText="a leukocytosis/bandemia" type="OVERLAP" />
<TLINK id="TL208" fromID="E62" fromText="a leukocytosis/bandemia" toID="E60" toText="hyperlipidemia" type="OVERLAP" />
<TLINK id="TL209" fromID="E62" fromText="a leukocytosis/bandemia" toID="E61" toText="presents" type="OVERLAP" />
<TLINK id="TL21" fromID="E18" fromText="blood" toID="E5" toText="hypertension" type="OVERLAP" />
<TLINK id="TL210" fromID="E62" fromText="a leukocytosis/bandemia" toID="E63" toText="hypotension" type="OVERLAP" />
<TLINK id="TL211" fromID="E63" fromText="hypotension" toID="E62" toText="a leukocytosis/bandemia" type="OVERLAP" />
<TLINK id="TL212" fromID="E63" fromText="hypotension" toID="E64" toText="dehydration" type="OVERLAP" />
<TLINK id="TL213" fromID="E63" fromText="hypotension" toID="E65" toText="influenza" type="OVERLAP" />
<TLINK id="TL214" fromID="E64" fromText="dehydration" toID="E63" toText="hypotension" type="OVERLAP" />
<TLINK id="TL215" fromID="E65" fromText="influenza" toID="E63" toText="hypotension" type="OVERLAP" />
<TLINK id="TL216" fromID="E64" fromText="dehydration" toID="E65" toText="influenza" type="OVERLAP" />
<TLINK id="TL217" fromID="E65" fromText="influenza" toID="E64" toText="dehydration" type="OVERLAP" />
<TLINK id="TL218" fromID="E66" fromText="a short Medical Intensive Care Unit course" toID="E67" toText="remained hemodynamically stable" type="OVERLAP" />
<TLINK id="TL219" fromID="E67" fromText="remained hemodynamically stable" toID="E66" toText="a short Medical Intensive Care Unit course" type="OVERLAP" />
<TLINK id="TL22" fromID="E20" fromText="sick contacts" toID="E5" toText="hypertension" type="OVERLAP" />
<TLINK id="TL220" fromID="E67" fromText="remained hemodynamically stable" toID="E68" toText="transferred" type="OVERLAP" />
<TLINK id="TL221" fromID="E69" fromText="the floor" toID="E67" toText="remained hemodynamically stable" type="AFTER" />
<TLINK id="TL222" fromID="E68" fromText="transferred" toID="E69" toText="the floor" type="OVERLAP" />
<TLINK id="TL223" fromID="E69" fromText="the floor" toID="E68" toText="transferred" type="AFTER" />
<TLINK id="TL23" fromID="E60" fromText="hyperlipidemia" toID="E6" toText="hyperlipidemia" type="OVERLAP" />
<TLINK id="TL24" fromID="E6" fromText="hyperlipidemia" toID="E7" toText="multiple urinary tract infections" type="OVERLAP" />
<TLINK id="TL25" fromID="E6" fromText="hyperlipidemia" toID="E8" toText="presents" type="BEFORE" />
<TLINK id="TL26" fromID="E6" fromText="hyperlipidemia" toID="E16" toText="loose bowel movements" type="OVERLAP" />
<TLINK id="TL27" fromID="E6" fromText="hyperlipidemia" toID="T2" toText="2000" type="OVERLAP" />
<TLINK id="TL28" fromID="E7" fromText="multiple urinary tract infections" toID="E6" toText="hyperlipidemia" type="OVERLAP" />
<TLINK id="TL29" fromID="E16" fromText="loose bowel movements" toID="E6" toText="hyperlipidemia" type="OVERLAP" />
<TLINK id="TL3" fromID="E2" fromText="breast cancer" toID="E3" toText="lumpectomy" type="BEFORE" />
<TLINK id="TL30" fromID="E18" fromText="blood" toID="E6" toText="hyperlipidemia" type="OVERLAP" />
<TLINK id="TL31" fromID="E20" fromText="sick contacts" toID="E6" toText="hyperlipidemia" type="OVERLAP" />
<TLINK id="TL32" fromID="E7" fromText="multiple urinary tract infections" toID="E8" toText="presents" type="OVERLAP" />
<TLINK id="TL33" fromID="E7" fromText="multiple urinary tract infections" toID="E16" toText="loose bowel movements" type="OVERLAP" />
<TLINK id="TL34" fromID="E7" fromText="multiple urinary tract infections" toID="T3" toText="four day prodrome" type="OVERLAP" />
<TLINK id="TL35" fromID="E8" fromText="presents" toID="E7" toText="multiple urinary tract infections" type="OVERLAP" />
<TLINK id="TL36" fromID="E16" fromText="loose bowel movements" toID="E7" toText="multiple urinary tract infections" type="OVERLAP" />
<TLINK id="TL37" fromID="E18" fromText="blood" toID="E7" toText="multiple urinary tract infections" type="OVERLAP" />
<TLINK id="TL38" fromID="E20" fromText="sick contacts" toID="E7" toText="multiple urinary tract infections" type="OVERLAP" />
<TLINK id="TL39" fromID="E8" fromText="presents" toID="T3" toText="four day prodrome" type="OVERLAP" />
<TLINK id="TL4" fromID="E3" fromText="lumpectomy" toID="E2" toText="breast cancer" type="OVERLAP" />
<TLINK id="TL40" fromID="E9" fromText="dry cough" toID="E8" toText="presents" type="BEFORE" />
<TLINK id="TL41" fromID="E9" fromText="dry cough" toID="E10" toText="rhinorrhea" type="OVERLAP" />
<TLINK id="TL42" fromID="E9" fromText="dry cough" toID="E11" toText="coryza" type="OVERLAP" />
<TLINK id="TL43" fromID="E9" fromText="dry cough" toID="E12" toText="malaise" type="OVERLAP" />
<TLINK id="TL44" fromID="E9" fromText="dry cough" toID="T3" toText="four day prodrome" type="OVERLAP" />
<TLINK id="TL45" fromID="E10" fromText="rhinorrhea" toID="E9" toText="dry cough" type="OVERLAP" />
<TLINK id="TL46" fromID="E11" fromText="coryza" toID="E9" toText="dry cough" type="OVERLAP" />
<TLINK id="TL47" fromID="E12" fromText="malaise" toID="E9" toText="dry cough" type="OVERLAP" />
<TLINK id="TL48" fromID="E13" fromText="chills" toID="E9" toText="dry cough" type="OVERLAP" />
<TLINK id="TL49" fromID="E20" fromText="sick contacts" toID="E9" toText="dry cough" type="OVERLAP" />
<TLINK id="TL5" fromID="E18" fromText="blood" toID="E2" toText="breast cancer" type="OVERLAP" />
<TLINK id="TL50" fromID="E10" fromText="rhinorrhea" toID="E11" toText="coryza" type="OVERLAP" />
<TLINK id="TL51" fromID="E10" fromText="rhinorrhea" toID="E12" toText="malaise" type="OVERLAP" />
<TLINK id="TL52" fromID="E10" fromText="rhinorrhea" toID="E13" toText="chills" type="OVERLAP" />
<TLINK id="TL53" fromID="E10" fromText="rhinorrhea" toID="T3" toText="four day prodrome" type="OVERLAP" />
<TLINK id="TL54" fromID="E11" fromText="coryza" toID="E10" toText="rhinorrhea" type="OVERLAP" />
<TLINK id="TL55" fromID="E12" fromText="malaise" toID="E10" toText="rhinorrhea" type="OVERLAP" />
<TLINK id="TL56" fromID="E13" fromText="chills" toID="E10" toText="rhinorrhea" type="OVERLAP" />
<TLINK id="TL57" fromID="E20" fromText="sick contacts" toID="E10" toText="rhinorrhea" type="OVERLAP" />
<TLINK id="TL58" fromID="E11" fromText="coryza" toID="E12" toText="malaise" type="OVERLAP" />
<TLINK id="TL59" fromID="E11" fromText="coryza" toID="E13" toText="chills" type="OVERLAP" />
<TLINK id="TL6" fromID="E20" fromText="sick contacts" toID="E2" toText="breast cancer" type="OVERLAP" />
<TLINK id="TL60" fromID="E11" fromText="coryza" toID="E14" toText="headache" type="OVERLAP" />
<TLINK id="TL61" fromID="E11" fromText="coryza" toID="E15" toText="decreased p.o. intake" type="OVERLAP" />
<TLINK id="TL62" fromID="E11" fromText="coryza" toID="T3" toText="four day prodrome" type="OVERLAP" />
<TLINK id="TL63" fromID="E12" fromText="malaise" toID="E11" toText="coryza" type="OVERLAP" />
<TLINK id="TL64" fromID="E13" fromText="chills" toID="E11" toText="coryza" type="OVERLAP" />
<TLINK id="TL65" fromID="E14" fromText="headache" toID="E11" toText="coryza" type="OVERLAP" />
<TLINK id="TL66" fromID="E12" fromText="malaise" toID="E13" toText="chills" type="OVERLAP" />
<TLINK id="TL67" fromID="E12" fromText="malaise" toID="E14" toText="headache" type="OVERLAP" />
<TLINK id="TL68" fromID="E12" fromText="malaise" toID="E15" toText="decreased p.o. intake" type="OVERLAP" />
<TLINK id="TL69" fromID="E13" fromText="chills" toID="E12" toText="malaise" type="OVERLAP" />
<TLINK id="TL7" fromID="E3" fromText="lumpectomy" toID="E4" toText="radiation therapy" type="OVERLAP" />
<TLINK id="TL70" fromID="E14" fromText="headache" toID="E12" toText="malaise" type="OVERLAP" />
<TLINK id="TL71" fromID="E15" fromText="decreased p.o. intake" toID="E12" toText="malaise" type="OVERLAP" />
<TLINK id="TL72" fromID="E13" fromText="chills" toID="E14" toText="headache" type="OVERLAP" />
<TLINK id="TL73" fromID="E13" fromText="chills" toID="E15" toText="decreased p.o. intake" type="OVERLAP" />
<TLINK id="TL74" fromID="E13" fromText="chills" toID="E16" toText="loose bowel movements" type="OVERLAP" />
<TLINK id="TL75" fromID="E14" fromText="headache" toID="E13" toText="chills" type="OVERLAP" />
<TLINK id="TL76" fromID="E15" fromText="decreased p.o. intake" toID="E13" toText="chills" type="OVERLAP" />
<TLINK id="TL77" fromID="E14" fromText="headache" toID="E15" toText="decreased p.o. intake" type="OVERLAP" />
<TLINK id="TL78" fromID="E15" fromText="decreased p.o. intake" toID="E14" toText="headache" type="OVERLAP" />
<TLINK id="TL79" fromID="E16" fromText="loose bowel movements" toID="E14" toText="headache" type="OVERLAP" />
<TLINK id="TL8" fromID="E3" fromText="lumpectomy" toID="T2" toText="2000" type="OVERLAP" />
<TLINK id="TL80" fromID="E15" fromText="decreased p.o. intake" toID="E19" toText="decreased urine output" type="OVERLAP" />
<TLINK id="TL81" fromID="E15" fromText="decreased p.o. intake" toID="E16" toText="loose bowel movements" type="OVERLAP" />
<TLINK id="TL82" fromID="E16" fromText="loose bowel movements" toID="E15" toText="decreased p.o. intake" type="OVERLAP" />
<TLINK id="TL83" fromID="E17" fromText="diarrhea" toID="E15" toText="decreased p.o. intake" type="OVERLAP" />
<TLINK id="TL84" fromID="E18" fromText="blood" toID="E15" toText="decreased p.o. intake" type="OVERLAP" />
<TLINK id="TL85" fromID="E16" fromText="loose bowel movements" toID="E17" toText="diarrhea" type="OVERLAP" />
<TLINK id="TL86" fromID="E16" fromText="loose bowel movements" toID="E18" toText="blood" type="OVERLAP" />
<TLINK id="TL87" fromID="E16" fromText="loose bowel movements" toID="E19" toText="decreased urine output" type="OVERLAP" />
<TLINK id="TL88" fromID="E17" fromText="diarrhea" toID="E16" toText="loose bowel movements" type="OVERLAP" />
<TLINK id="TL89" fromID="E18" fromText="blood" toID="E16" toText="loose bowel movements" type="OVERLAP" />
<TLINK id="TL9" fromID="E4" fromText="radiation therapy" toID="E3" toText="lumpectomy" type="OVERLAP" />
<TLINK id="TL90" fromID="E19" fromText="decreased urine output" toID="E16" toText="loose bowel movements" type="OVERLAP" />
<TLINK id="TL91" fromID="E20" fromText="sick contacts" toID="E16" toText="loose bowel movements" type="OVERLAP" />
<TLINK id="TL92" fromID="E17" fromText="diarrhea" toID="E18" toText="blood" type="OVERLAP" />
<TLINK id="TL93" fromID="E17" fromText="diarrhea" toID="E19" toText="decreased urine output" type="OVERLAP" />
<TLINK id="TL94" fromID="E18" fromText="blood" toID="E17" toText="diarrhea" type="OVERLAP" />
<TLINK id="TL95" fromID="E19" fromText="decreased urine output" toID="E17" toText="diarrhea" type="OVERLAP" />
<TLINK id="TL96" fromID="E20" fromText="sick contacts" toID="E17" toText="diarrhea" type="OVERLAP" />
<TLINK id="TL97" fromID="E39" fromText="packed red blood cells" toID="E18" toText="blood" type="OVERLAP" />
<TLINK id="TL98" fromID="E43" fromText="stable blood pressure" toID="E18" toText="blood" type="OVERLAP" />
<TLINK id="TL99" fromID="E18" fromText="blood" toID="E22" toText="labile blood pressure" type="OVERLAP" />
<TLINK id="SECTIME0" fromID="E34" fromText="Levaquin" toID="T0" toText="2016-12-24" type="BEFORE" />
<TLINK id="SECTIME1" fromID="E35" fromText="early pneumonia" toID="T0" toText="2016-12-24" type="BEFORE" />
<TLINK id="SECTIME2" fromID="E36" fromText="cultures" toID="T0" toText="2016-12-24" type="BEFORE" />
<TLINK id="SECTIME3" fromID="E37" fromText="The Intensive Care Unit" toID="T0" toText="2016-12-24" type="BEFORE" />
<TLINK id="SECTIME4" fromID="E38" fromText="negative chest x-ray" toID="T0" toText="2016-12-24" type="AFTER" />
<TLINK id="SECTIME5" fromID="E39" fromText="packed red blood cells" toID="T0" toText="2016-12-24" type="BEFORE" />
<TLINK id="SECTIME6" fromID="E40" fromText="a hematocrit" toID="T0" toText="2016-12-24" type="BEFORE" />
<TLINK id="SECTIME7" fromID="E41" fromText="appropriate bump in her hematocrit" toID="T0" toText="2016-12-24" type="BEFORE" />
<TLINK id="SECTIME8" fromID="E2" fromText="breast cancer" toID="T0" toText="2016-12-24" type="BEFORE" />
<TLINK id="SECTIME9" fromID="E42" fromText="bleeding" toID="T0" toText="2016-12-24" type="BEFORE" />
<TLINK id="SECTIME10" fromID="E43" fromText="stable blood pressure" toID="T0" toText="2016-12-24" type="BEFORE" />
<TLINK id="SECTIME11" fromID="E44" fromText="a net fluid balance" toID="T0" toText="2016-12-24" type="BEFORE" />
<TLINK id="SECTIME12" fromID="E45" fromText="central access" toID="T0" toText="2016-12-24" type="BEFORE" />
<TLINK id="SECTIME13" fromID="E46" fromText="The sepsis protocol" toID="T0" toText="2016-12-24" type="BEFORE" />
<TLINK id="SECTIME14" fromID="E47" fromText="her liver function tests" toID="T0" toText="2016-12-24" type="BEFORE" />
<TLINK id="SECTIME15" fromID="E48" fromText="Random cortisol" toID="T0" toText="2016-12-24" type="BEFORE" />
<TLINK id="SECTIME16" fromID="E49" fromText="her DFA" toID="T0" toText="2016-12-24" type="BEFORE" />
<TLINK id="SECTIME17" fromID="E50" fromText="influenzae A" toID="T0" toText="2016-12-24" type="BEFORE" />
<TLINK id="SECTIME18" fromID="E3" fromText="lumpectomy" toID="T0" toText="2016-12-24" type="BEFORE" />
<TLINK id="SECTIME19" fromID="E51" fromText="a viral culture" toID="T0" toText="2016-12-24" type="BEFORE" />
<TLINK id="SECTIME20" fromID="E52" fromText="discharge" toID="T0" toText="2016-12-24" type="OVERLAP" />
<TLINK id="SECTIME21" fromID="E53" fromText="urine cultures" toID="T0" toText="2016-12-24" type="BEFORE" />
<TLINK id="SECTIME22" fromID="E54" fromText="growth" toID="T0" toText="2016-12-24" type="BEFORE" />
<TLINK id="SECTIME23" fromID="E55" fromText="discharge" toID="T0" toText="2016-12-24" type="OVERLAP" />
<TLINK id="SECTIME24" fromID="E4" fromText="radiation therapy" toID="T0" toText="2016-12-24" type="BEFORE" />
<TLINK id="SECTIME25" fromID="E56" fromText="a right lower extremity noninvasive ultrasound" toID="T0" toText="2016-12-24" type="BEFORE" />
<TLINK id="SECTIME26" fromID="E57" fromText="deep venous thrombosis" toID="T0" toText="2016-12-24" type="BEFORE" />
<TLINK id="SECTIME27" fromID="E58" fromText="Stage I breast cancer" toID="T1" toText="2016-12-27" type="BEFORE" />
<TLINK id="SECTIME28" fromID="E59" fromText="hypertension" toID="T1" toText="2016-12-27" type="BEFORE" />
<TLINK id="SECTIME29" fromID="E60" fromText="hyperlipidemia" toID="T1" toText="2016-12-27" type="BEFORE" />
<TLINK id="SECTIME30" fromID="E61" fromText="presents" toID="T1" toText="2016-12-27" type="OVERLAP" />
<TLINK id="SECTIME31" fromID="E62" fromText="a leukocytosis/bandemia" toID="T1" toText="2016-12-27" type="BEFORE" />
<TLINK id="SECTIME32" fromID="E63" fromText="hypotension" toID="T1" toText="2016-12-27" type="BEFORE" />
<TLINK id="SECTIME33" fromID="E64" fromText="dehydration" toID="T1" toText="2016-12-27" type="OVERLAP" />
<TLINK id="SECTIME34" fromID="E65" fromText="influenza" toID="T1" toText="2016-12-27" type="BEFORE" />
<TLINK id="SECTIME35" fromID="E66" fromText="a short Medical Intensive Care Unit course" toID="T1" toText="2016-12-27" type="BEFORE" />
<TLINK id="SECTIME36" fromID="E67" fromText="remained hemodynamically stable" toID="T1" toText="2016-12-27" type="BEFORE" />
<TLINK id="SECTIME37" fromID="E5" fromText="hypertension" toID="T0" toText="2016-12-24" type="BEFORE" />
<TLINK id="SECTIME38" fromID="E68" fromText="transferred" toID="T1" toText="2016-12-27" type="BEFORE" />
<TLINK id="SECTIME39" fromID="E69" fromText="the floor" toID="T1" toText="2016-12-27" type="BEFORE" />
<TLINK id="SECTIME40" fromID="E6" fromText="hyperlipidemia" toID="T0" toText="2016-12-24" type="BEFORE" />
<TLINK id="SECTIME41" fromID="E7" fromText="multiple urinary tract infections" toID="T0" toText="2016-12-24" type="BEFORE" />
<TLINK id="SECTIME42" fromID="E8" fromText="presents" toID="T0" toText="2016-12-24" type="BEFORE" />
<TLINK id="SECTIME43" fromID="E9" fromText="dry cough" toID="T0" toText="2016-12-24" type="BEFORE" />
<TLINK id="SECTIME44" fromID="E10" fromText="rhinorrhea" toID="T0" toText="2016-12-24" type="BEFORE" />
<TLINK id="SECTIME45" fromID="E11" fromText="coryza" toID="T0" toText="2016-12-24" type="BEFORE" />
<TLINK id="SECTIME46" fromID="E12" fromText="malaise" toID="T0" toText="2016-12-24" type="BEFORE" />
<TLINK id="SECTIME47" fromID="E13" fromText="chills" toID="T0" toText="2016-12-24" type="BEFORE" />
<TLINK id="SECTIME48" fromID="E14" fromText="headache" toID="T0" toText="2016-12-24" type="BEFORE" />
<TLINK id="SECTIME49" fromID="E15" fromText="decreased p.o. intake" toID="T0" toText="2016-12-24" type="BEFORE" />
<TLINK id="SECTIME50" fromID="E16" fromText="loose bowel movements" toID="T0" toText="2016-12-24" type="BEFORE" />
<TLINK id="SECTIME51" fromID="E17" fromText="diarrhea" toID="T0" toText="2016-12-24" type="BEFORE" />
<TLINK id="SECTIME52" fromID="E18" fromText="blood" toID="T0" toText="2016-12-24" type="BEFORE" />
<TLINK id="SECTIME53" fromID="E19" fromText="decreased urine output" toID="T0" toText="2016-12-24" type="BEFORE" />
<TLINK id="SECTIME54" fromID="E20" fromText="sick contacts" toID="T0" toText="2016-12-24" type="BEFORE" />
<TLINK id="SECTIME55" fromID="E21" fromText="the Emergency Department" toID="T0" toText="2016-12-24" type="BEFORE" />
<TLINK id="SECTIME56" fromID="E22" fromText="labile blood pressure" toID="T0" toText="2016-12-24" type="BEFORE" />
<TLINK id="SECTIME57" fromID="E23" fromText="systolic blood pressure" toID="T0" toText="2016-12-24" type="BEFORE" />
<TLINK id="SECTIME58" fromID="E24" fromText="Her usual is systolic blood pressure" toID="T0" toText="2016-12-24" type="BEFORE" />
<TLINK id="SECTIME59" fromID="E25" fromText="intravenous fluids" toID="T0" toText="2016-12-24" type="BEFORE" />
<TLINK id="SECTIME60" fromID="E26" fromText="transferred" toID="T0" toText="2016-12-24" type="OVERLAP" />
<TLINK id="SECTIME61" fromID="E27" fromText="the Medical Intensive Care Unit" toID="T0" toText="2016-12-24" type="OVERLAP" />
<TLINK id="SECTIME62" fromID="E28" fromText="monitoring" toID="T0" toText="2016-12-24" type="OVERLAP" />
<TLINK id="SECTIME63" fromID="E29" fromText="sepsis" toID="T0" toText="2016-12-24" type="BEFORE" />
<TLINK id="SECTIME64" fromID="E30" fromText="The Intensive Care Unit" toID="T0" toText="2016-12-24" type="BEFORE" />
<TLINK id="SECTIME65" fromID="E31" fromText="broad spectrum antibiotics" toID="T0" toText="2016-12-24" type="BEFORE" />
<TLINK id="SECTIME66" fromID="E32" fromText="a white blood cell count" toID="T0" toText="2016-12-24" type="BEFORE" />
<TLINK id="SECTIME67" fromID="E33" fromText="15 bands" toID="T0" toText="2016-12-24" type="BEFORE" />
<SECTIME id="S0" start="18" end="28" text="2016-12-24" type="ADMISSION" dvalue="2016-12-24" />
<SECTIME id="S1" start="46" end="56" text="2016-12-27" type="DISCHARGE" dvalue="2016-12-27" />
</TAGS>
</ClinicalNarrativeTemporalAnnotation>
