<?xml version="1.0" encoding="UTF-8" ?>
<ClinicalNarrativeTemporalAnnotation>
<TEXT><![CDATA[
Admission Date :
2011-10-28
Discharge Date :
2011-12-01
Service :
Bone marrow transplant service
HOSPITAL COURSE OVER THESE PREVIOUS DAYS :
1. Liver lesions :
The patient went for a repeat MRI which showed no change in the previously noted enumerable hepatic cyst in her liver .
A Hepatology consult was obtained who felt that the most likely etiology of these cysts were from hepatic candidiasis , although one could not rule out lymphoma involving from Burkitt's .
She will be discharged on AmBisome 300 mg IV q.d. for treatment of her hepatic candidiasis .
This regimen , that being AmBisome , was recommended by the Infectious Disease physicians , who felt that AmBisome was a better drug of choice as compared to fluconazole .
2. Heme :
The patient 's platelets , white count , and hematocrit have all been stable .
Her white count remained elevated despite discontinuing her G-CSF .
However , the patient is not febrile and her white count should be continued to be watched .
3. On the morning of 12-01 , the patient had some transient episodes of hypotension with SBP s in the 70 s.
Her captopril was discontinued , and she was given two IV fluid boluses with appropriate response .
Her blood pressures and all of her vital signs are stable .
4. FEN :
The patient was continued on TPN over the past couple days .
She is also started on marinol 2.5 mg p.o. b.i.d. and encouraged p.o. intake .
]]></TEXT>
<TAGS>
<EVENT id="E0" start="1" end="10" text="Admission" modality="OCCURRENCE" polarity="POS" type="OCCURRENCE" />
<EVENT id="E30" start="1055" end="1066" text="hypotension" modality="PROBLEM" polarity="POS" type="PROBLEM" />
<EVENT id="E31" start="1072" end="1077" text="SBP s" modality="TEST" polarity="POS" type="TEST" />
<EVENT id="E32" start="1091" end="1104" text="Her captopril" modality="TREATMENT" polarity="POS" type="TREATMENT" />
<EVENT id="E33" start="1142" end="1162" text="two IV fluid boluses" modality="TREATMENT" polarity="POS" type="PROBLEM" />
<EVENT id="E34" start="1168" end="1188" text="appropriate response" modality="PROBLEM" polarity="POS" type="PROBLEM" />
<EVENT id="E35" start="1191" end="1210" text="Her blood pressures" modality="TEST" polarity="POS" type="TEST" />
<EVENT id="E36" start="1222" end="1237" text="her vital signs" modality="TEST" polarity="POS" type="TEST" />
<EVENT id="E37" start="1289" end="1292" text="TPN" modality="TREATMENT" polarity="POS" type="TREATMENT" />
<EVENT id="E38" start="1344" end="1351" text="marinol" modality="TREATMENT" polarity="POS" type="TREATMENT" />
<EVENT id="E39" start="1375" end="1397" text="encouraged p.o. intake" modality="PROBLEM" polarity="POS" type="PROBLEM" />
<EVENT id="E3" start="181" end="193" text="a repeat MRI" modality="TEST" polarity="POS" type="TEST" />
<EVENT id="E4" start="200" end="206" text="showed" modality="EVIDENTIAL" polarity="POS" type="EVIDENTIAL" />
<EVENT id="E5" start="210" end="216" text="change" modality="PROBLEM" polarity="NEG" type="OCCURRENCE" />
<EVENT id="E6" start="235" end="277" text="noted enumerable hepatic cyst in her liver" modality="PROBLEM" polarity="POS" type="PROBLEM" />
<EVENT id="E7" start="280" end="292" text="A Hepatology" modality="CLINICAL_DEPT" polarity="POS" type="TEST" />
<EVENT id="E1" start="29" end="38" text="Discharge" modality="OCCURRENCE" polarity="POS" type="OCCURRENCE" />
<EVENT id="E8" start="356" end="367" text="these cysts" modality="PROBLEM" polarity="POS" type="PROBLEM" />
<EVENT id="E9" start="378" end="397" text="hepatic candidiasis" modality="PROBLEM" polarity="POS" type="PROBLEM" />
<EVENT id="E10" start="423" end="440" text="rule out lymphoma" modality="PROBLEM" polarity="POS" type="PROBLEM" />
<EVENT id="E11" start="456" end="465" text="Burkitt's" modality="TREATMENT" polarity="POS" type="TREATMENT" />
<EVENT id="E12" start="480" end="490" text="discharged" modality="OCCURRENCE" polarity="POS" type="OCCURRENCE" />
<EVENT id="E13" start="494" end="502" text="AmBisome" modality="TREATMENT" polarity="POS" type="TREATMENT" />
<EVENT id="E14" start="522" end="531" text="treatment" modality="TREATMENT" polarity="POS" type="TREATMENT" />
<EVENT id="E15" start="535" end="558" text="her hepatic candidiasis" modality="PROBLEM" polarity="POS" type="PROBLEM" />
<EVENT id="E16" start="561" end="573" text="This regimen" modality="FACTUAL" polarity="POS" type="TEST" />
<EVENT id="E17" start="587" end="595" text="AmBisome" modality="TREATMENT" polarity="POS" type="TREATMENT" />
<EVENT id="E2" start="67" end="97" text="Bone marrow transplant service" modality="TREATMENT" polarity="POS" type="PROBLEM" />
<EVENT id="E18" start="680" end="703" text="a better drug of choice" modality="FACTUAL" polarity="POS" type="PROBLEM" />
<EVENT id="E19" start="719" end="730" text="fluconazole" modality="TREATMENT" polarity="POS" type="TREATMENT" />
<EVENT id="E20" start="743" end="767" text="The patient 's platelets" modality="PROBLEM" polarity="POS" type="TEST" />
<EVENT id="E21" start="770" end="781" text="white count" modality="TEST" polarity="POS" type="TEST" />
<EVENT id="E22" start="788" end="798" text="hematocrit" modality="TEST" polarity="POS" type="TEST" />
<EVENT id="E23" start="813" end="819" text="stable" modality="OCCURRENCE" polarity="POS" type="OCCURRENCE" />
<EVENT id="E24" start="822" end="837" text="Her white count" modality="TEST" polarity="POS" type="TEST" />
<EVENT id="E25" start="847" end="855" text="elevated" modality="PROBLEM" polarity="POS" type="PROBLEM" />
<EVENT id="E26" start="878" end="887" text="her G-CSF" modality="TREATMENT" polarity="POS" type="TREATMENT" />
<EVENT id="E27" start="919" end="926" text="febrile" modality="PROBLEM" polarity="NEG" type="PROBLEM" />
<EVENT id="E28" start="931" end="946" text="her white count" modality="TEST" polarity="POS" type="TEST" />
<EVENT id="E29" start="973" end="980" text="watched" modality="OCCURRENCE" polarity="POS" type="PROBLEM" />
<TIMEX3 id="T4" start="1298" end="1318" text="the past couple days" type="DURATION" val="the past couple days" mod="APPROX" />
<TIMEX3 id="T5" start="1364" end="1370" text="b.i.d." type="FREQUENCY" val="RPT12H" mod="NA" />
<TIMEX3 id="T0" start="18" end="28" text="2011-10-28" type="DATE" val="2011-10-28" mod="NA" />
<TIMEX3 id="T1" start="46" end="56" text="2011-12-01" type="DATE" val="2011-12-01" mod="NA" />
<TIMEX3 id="T2" start="513" end="517" text="q.d." type="FREQUENCY" val="RP1D" mod="NA" />
<TIMEX3 id="T3" start="989" end="1009" text="the morning of 12-01" type="DATE" val="2011-12-01" mod="START" />
<TLINK id="TL0" fromID="E1" fromText="Discharge" toID="E12" toText="discharged" type="OVERLAP" />
<TLINK id="TL1" fromID="E3" fromText="a repeat MRI" toID="E4" toText="showed" type="OVERLAP" />
<TLINK id="TL10" fromID="E6" fromText="noted enumerable hepatic cyst in her liver" toID="E8" toText="these cysts" type="OVERLAP" />
<TLINK id="TL11" fromID="E6" fromText="noted enumerable hepatic cyst in her liver" toID="E9" toText="hepatic candidiasis" type="OVERLAP" />
<TLINK id="TL12" fromID="E6" fromText="noted enumerable hepatic cyst in her liver" toID="E15" toText="her hepatic candidiasis" type="OVERLAP" />
<TLINK id="TL13" fromID="E9" fromText="hepatic candidiasis" toID="E7" toText="A Hepatology" type="BEFORE" />
<TLINK id="TL14" fromID="E10" fromText="rule out lymphoma" toID="E7" toText="A Hepatology" type="BEFORE" />
<TLINK id="TL15" fromID="E8" fromText="these cysts" toID="E7" toText="A Hepatology" type="BEFORE" />
<TLINK id="TL16" fromID="E8" fromText="these cysts" toID="E9" toText="hepatic candidiasis" type="OVERLAP" />
<TLINK id="TL17" fromID="E9" fromText="hepatic candidiasis" toID="E8" toText="these cysts" type="OVERLAP" />
<TLINK id="TL18" fromID="E10" fromText="rule out lymphoma" toID="E8" toText="these cysts" type="OVERLAP" />
<TLINK id="TL19" fromID="E9" fromText="hepatic candidiasis" toID="E15" toText="her hepatic candidiasis" type="OVERLAP" />
<TLINK id="TL2" fromID="E3" fromText="a repeat MRI" toID="E5" toText="change" type="OVERLAP" />
<TLINK id="TL20" fromID="E9" fromText="hepatic candidiasis" toID="E10" toText="rule out lymphoma" type="BEFORE" />
<TLINK id="TL21" fromID="E10" fromText="rule out lymphoma" toID="E9" toText="hepatic candidiasis" type="OVERLAP" />
<TLINK id="TL22" fromID="E10" fromText="rule out lymphoma" toID="E11" toText="Burkitt's" type="AFTER" />
<TLINK id="TL23" fromID="E11" fromText="Burkitt's" toID="E10" toText="rule out lymphoma" type="BEFORE" />
<TLINK id="TL24" fromID="E12" fromText="discharged" toID="E13" toText="AmBisome" type="OVERLAP" />
<TLINK id="TL25" fromID="E12" fromText="discharged" toID="T2" toText="q.d." type="OVERLAP" />
<TLINK id="TL26" fromID="E13" fromText="AmBisome" toID="E12" toText="discharged" type="BEFORE" />
<TLINK id="TL27" fromID="E14" fromText="treatment" toID="E12" toText="discharged" type="BEFORE" />
<TLINK id="TL28" fromID="E15" fromText="her hepatic candidiasis" toID="E12" toText="discharged" type="BEFORE" />
<TLINK id="TL29" fromID="E13" fromText="AmBisome" toID="E17" toText="AmBisome" type="OVERLAP" />
<TLINK id="TL3" fromID="E4" fromText="showed" toID="E3" toText="a repeat MRI" type="OVERLAP" />
<TLINK id="TL30" fromID="E13" fromText="AmBisome" toID="E14" toText="treatment" type="OVERLAP" />
<TLINK id="TL31" fromID="E13" fromText="AmBisome" toID="T2" toText="q.d." type="OVERLAP" />
<TLINK id="TL32" fromID="E14" fromText="treatment" toID="E13" toText="AmBisome" type="OVERLAP" />
<TLINK id="TL33" fromID="E15" fromText="her hepatic candidiasis" toID="E13" toText="AmBisome" type="BEFORE" />
<TLINK id="TL34" fromID="E14" fromText="treatment" toID="E15" toText="her hepatic candidiasis" type="OVERLAP" />
<TLINK id="TL35" fromID="E14" fromText="treatment" toID="T2" toText="q.d." type="OVERLAP" />
<TLINK id="TL36" fromID="E15" fromText="her hepatic candidiasis" toID="E14" toText="treatment" type="OVERLAP" />
<TLINK id="TL37" fromID="E15" fromText="her hepatic candidiasis" toID="T2" toText="q.d." type="OVERLAP" />
<TLINK id="TL38" fromID="E16" fromText="This regimen" toID="E17" toText="AmBisome" type="OVERLAP" />
<TLINK id="TL39" fromID="E17" fromText="AmBisome" toID="E16" toText="This regimen" type="OVERLAP" />
<TLINK id="TL4" fromID="E5" fromText="change" toID="E3" toText="a repeat MRI" type="OVERLAP" />
<TLINK id="TL40" fromID="E18" fromText="a better drug of choice" toID="E19" toText="fluconazole" type="BEFORE" />
<TLINK id="TL41" fromID="E20" fromText="The patient 's platelets" toID="E21" toText="white count" type="OVERLAP" />
<TLINK id="TL42" fromID="E21" fromText="white count" toID="E20" toText="The patient 's platelets" type="OVERLAP" />
<TLINK id="TL43" fromID="E21" fromText="white count" toID="E24" toText="Her white count" type="OVERLAP" />
<TLINK id="TL44" fromID="E21" fromText="white count" toID="E28" toText="her white count" type="OVERLAP" />
<TLINK id="TL45" fromID="E21" fromText="white count" toID="E22" toText="hematocrit" type="OVERLAP" />
<TLINK id="TL46" fromID="E21" fromText="white count" toID="E23" toText="stable" type="OVERLAP" />
<TLINK id="TL47" fromID="E22" fromText="hematocrit" toID="E21" toText="white count" type="OVERLAP" />
<TLINK id="TL48" fromID="E22" fromText="hematocrit" toID="E23" toText="stable" type="OVERLAP" />
<TLINK id="TL49" fromID="E24" fromText="Her white count" toID="E28" toText="her white count" type="OVERLAP" />
<TLINK id="TL5" fromID="E6" fromText="noted enumerable hepatic cyst in her liver" toID="E3" toText="a repeat MRI" type="BEFORE" />
<TLINK id="TL50" fromID="E24" fromText="Her white count" toID="E25" toText="elevated" type="OVERLAP" />
<TLINK id="TL51" fromID="E24" fromText="Her white count" toID="E26" toText="her G-CSF" type="OVERLAP" />
<TLINK id="TL52" fromID="E25" fromText="elevated" toID="E24" toText="Her white count" type="OVERLAP" />
<TLINK id="TL53" fromID="E26" fromText="her G-CSF" toID="E24" toText="Her white count" type="OVERLAP" />
<TLINK id="TL54" fromID="E25" fromText="elevated" toID="E26" toText="her G-CSF" type="OVERLAP" />
<TLINK id="TL55" fromID="E26" fromText="her G-CSF" toID="E25" toText="elevated" type="OVERLAP" />
<TLINK id="TL56" fromID="E27" fromText="febrile" toID="E28" toText="her white count" type="OVERLAP" />
<TLINK id="TL57" fromID="E27" fromText="febrile" toID="E29" toText="watched" type="OVERLAP" />
<TLINK id="TL58" fromID="E28" fromText="her white count" toID="E27" toText="febrile" type="OVERLAP" />
<TLINK id="TL59" fromID="E29" fromText="watched" toID="E28" toText="her white count" type="BEFORE" />
<TLINK id="TL6" fromID="E4" fromText="showed" toID="E5" toText="change" type="OVERLAP" />
<TLINK id="TL60" fromID="E30" fromText="hypotension" toID="E31" toText="SBP s" type="OVERLAP" />
<TLINK id="TL61" fromID="E30" fromText="hypotension" toID="T3" toText="the morning of 12-01" type="OVERLAP" />
<TLINK id="TL62" fromID="E31" fromText="SBP s" toID="E30" toText="hypotension" type="OVERLAP" />
<TLINK id="TL63" fromID="E31" fromText="SBP s" toID="T3" toText="the morning of 12-01" type="OVERLAP" />
<TLINK id="TL64" fromID="E33" fromText="two IV fluid boluses" toID="E32" toText="Her captopril" type="BEFORE" />
<TLINK id="TL65" fromID="E33" fromText="two IV fluid boluses" toID="E34" toText="appropriate response" type="OVERLAP" />
<TLINK id="TL66" fromID="E34" fromText="appropriate response" toID="E33" toText="two IV fluid boluses" type="OVERLAP" />
<TLINK id="TL67" fromID="E35" fromText="Her blood pressures" toID="E36" toText="her vital signs" type="OVERLAP" />
<TLINK id="TL68" fromID="E36" fromText="her vital signs" toID="E35" toText="Her blood pressures" type="OVERLAP" />
<TLINK id="TL69" fromID="E37" fromText="TPN" toID="T4" toText="the past couple days" type="OVERLAP" />
<TLINK id="TL7" fromID="E5" fromText="change" toID="E4" toText="showed" type="OVERLAP" />
<TLINK id="TL70" fromID="E38" fromText="marinol" toID="T5" toText="b.i.d." type="OVERLAP" />
<TLINK id="TL71" fromID="E39" fromText="encouraged p.o. intake" toID="E38" toText="marinol" type="BEFORE" />
<TLINK id="TL72" fromID="E39" fromText="encouraged p.o. intake" toID="T5" toText="b.i.d." type="OVERLAP" />
<TLINK id="TL8" fromID="E6" fromText="noted enumerable hepatic cyst in her liver" toID="E4" toText="showed" type="BEFORE" />
<TLINK id="TL9" fromID="E5" fromText="change" toID="E6" toText="noted enumerable hepatic cyst in her liver" type="OVERLAP" />
<TLINK id="SECTIME0" fromID="E30" fromText="hypotension" toID="T1" toText="2011-12-01" type="BEFORE" />
<TLINK id="SECTIME1" fromID="E31" fromText="SBP s" toID="T1" toText="2011-12-01" type="BEFORE" />
<TLINK id="SECTIME2" fromID="E32" fromText="Her captopril" toID="T1" toText="2011-12-01" type="BEFORE" />
<TLINK id="SECTIME3" fromID="E33" fromText="two IV fluid boluses" toID="T1" toText="2011-12-01" type="BEFORE" />
<TLINK id="SECTIME4" fromID="E34" fromText="appropriate response" toID="T1" toText="2011-12-01" type="BEFORE" />
<TLINK id="SECTIME5" fromID="E35" fromText="Her blood pressures" toID="T1" toText="2011-12-01" type="BEFORE" />
<TLINK id="SECTIME6" fromID="E36" fromText="her vital signs" toID="T1" toText="2011-12-01" type="BEFORE" />
<TLINK id="SECTIME7" fromID="E37" fromText="TPN" toID="T1" toText="2011-12-01" type="BEFORE" />
<TLINK id="SECTIME8" fromID="E38" fromText="marinol" toID="T1" toText="2011-12-01" type="BEFORE" />
<TLINK id="SECTIME9" fromID="E39" fromText="encouraged p.o. intake" toID="T1" toText="2011-12-01" type="BEFORE" />
<TLINK id="SECTIME10" fromID="E3" fromText="a repeat MRI" toID="T0" toText="2011-10-28" type="BEFORE" />
<TLINK id="SECTIME11" fromID="E4" fromText="showed" toID="T0" toText="2011-10-28" type="BEFORE" />
<TLINK id="SECTIME12" fromID="E5" fromText="change" toID="T0" toText="2011-10-28" type="BEFORE" />
<TLINK id="SECTIME13" fromID="E6" fromText="noted enumerable hepatic cyst in her liver" toID="T0" toText="2011-10-28" type="BEFORE" />
<TLINK id="SECTIME14" fromID="E7" fromText="A Hepatology" toID="T0" toText="2011-10-28" type="BEFORE" />
<TLINK id="SECTIME15" fromID="E8" fromText="these cysts" toID="T0" toText="2011-10-28" type="BEFORE" />
<TLINK id="SECTIME16" fromID="E9" fromText="hepatic candidiasis" toID="T0" toText="2011-10-28" type="BEFORE" />
<TLINK id="SECTIME17" fromID="E10" fromText="rule out lymphoma" toID="T0" toText="2011-10-28" type="BEFORE" />
<TLINK id="SECTIME18" fromID="E11" fromText="Burkitt's" toID="T0" toText="2011-10-28" type="BEFORE" />
<TLINK id="SECTIME19" fromID="E12" fromText="discharged" toID="T0" toText="2011-10-28" type="OVERLAP" />
<TLINK id="SECTIME20" fromID="E13" fromText="AmBisome" toID="T0" toText="2011-10-28" type="BEFORE" />
<TLINK id="SECTIME21" fromID="E14" fromText="treatment" toID="T0" toText="2011-10-28" type="BEFORE" />
<TLINK id="SECTIME22" fromID="E15" fromText="her hepatic candidiasis" toID="T0" toText="2011-10-28" type="BEFORE" />
<TLINK id="SECTIME23" fromID="E16" fromText="This regimen" toID="T0" toText="2011-10-28" type="BEFORE" />
<TLINK id="SECTIME24" fromID="E17" fromText="AmBisome" toID="T0" toText="2011-10-28" type="BEFORE" />
<TLINK id="SECTIME26" fromID="E18" fromText="a better drug of choice" toID="T0" toText="2011-10-28" type="BEFORE" />
<TLINK id="SECTIME27" fromID="E19" fromText="fluconazole" toID="T0" toText="2011-10-28" type="BEFORE" />
<TLINK id="SECTIME28" fromID="E20" fromText="The patient 's platelets" toID="T1" toText="2011-12-01" type="BEFORE" />
<TLINK id="SECTIME29" fromID="E21" fromText="white count" toID="T1" toText="2011-12-01" type="BEFORE" />
<TLINK id="SECTIME30" fromID="E22" fromText="hematocrit" toID="T1" toText="2011-12-01" type="BEFORE" />
<TLINK id="SECTIME31" fromID="E23" fromText="stable" toID="T1" toText="2011-12-01" type="BEFORE" />
<TLINK id="SECTIME32" fromID="E24" fromText="Her white count" toID="T1" toText="2011-12-01" type="BEFORE" />
<TLINK id="SECTIME33" fromID="E25" fromText="elevated" toID="T1" toText="2011-12-01" type="BEFORE" />
<TLINK id="SECTIME34" fromID="E26" fromText="her G-CSF" toID="T1" toText="2011-12-01" type="BEFORE" />
<TLINK id="SECTIME35" fromID="E27" fromText="febrile" toID="T1" toText="2011-12-01" type="BEFORE" />
<TLINK id="SECTIME36" fromID="E28" fromText="her white count" toID="T1" toText="2011-12-01" type="BEFORE" />
<TLINK id="SECTIME37" fromID="E29" fromText="watched" toID="T1" toText="2011-12-01" type="AFTER" />
<SECTIME id="S0" start="18" end="28" text="2011-10-28" type="ADMISSION" dvalue="2011-10-28" />
<SECTIME id="S1" start="46" end="56" text="2011-12-01" type="DISCHARGE" dvalue="2011-12-01" />
</TAGS>
</ClinicalNarrativeTemporalAnnotation>
