<?xml version="1.0" encoding="UTF-8" ?>
<ClinicalNarrativeTemporalAnnotation>
<TEXT><![CDATA[
Admission Date :
2019-09-27
Discharge Date :
2019-10-07
Service :
CARDIOTHORACIC
History of Present Illness :
60 yo M with exertional angina -> positive ETT -> cath with severe 3VD
Brief Hospital Course :
He was taken to the operating room on 2019-10-01 where he underwent a CABG x 3 .
He was transferred to the CMED CCU in critical but stable condition .
He was extubated by POD #1 .
He was weaned from his vasoactive drips and transferred to the floor on POD #2 .
He was seen by speech and swallowing who recommended NPO , he then underwent a video swallow after which he was changed to a diet of thin liquids and soft solids , and felt that his eeating may be limited by his loose teeth .
Dentistry and OMFS were consulted , and he had four front teeth removed on 10-04 .
He did well post operatively and he was ready for discharge on 2019-10-07 .
]]></TEXT>
<TAGS>
<EVENT id="E0" start="1" end="10" text="Admission" modality="OCCURRENCE" polarity="POS" type="OCCURRENCE" />
<EVENT id="E2" start="124" end="141" text="exertional angina" modality="PROBLEM" polarity="POS" type="PROBLEM" />
<EVENT id="E3" start="161" end="165" text="cath" modality="PROBLEM" polarity="POS" type="TEST" />
<EVENT id="E4" start="222" end="240" text="the operating room" modality="CLINICAL_DEPT" polarity="POS" type="CLINICAL_DEPT" />
<EVENT id="E5" start="274" end="280" text="a CABG" modality="TREATMENT" polarity="POS" type="TEST" />
<EVENT id="E1" start="29" end="38" text="Discharge" modality="OCCURRENCE" polarity="POS" type="OCCURRENCE" />
<EVENT id="E6" start="294" end="305" text="transferred" modality="OCCURRENCE" polarity="POS" type="OCCURRENCE" />
<EVENT id="E7" start="309" end="321" text="the CMED CCU" modality="CLINICAL_DEPT" polarity="POS" type="CLINICAL_DEPT" />
<EVENT id="E8" start="338" end="354" text="stable condition" modality="OCCURRENCE" polarity="POS" type="OCCURRENCE" />
<EVENT id="E9" start="364" end="373" text="extubated" modality="TREATMENT" polarity="POS" type="TREATMENT" />
<EVENT id="E10" start="393" end="399" text="weaned" modality="FACTUAL" polarity="POS" type="OCCURRENCE" />
<EVENT id="E11" start="405" end="425" text="his vasoactive drips" modality="TREATMENT" polarity="POS" type="TREATMENT" />
<EVENT id="E12" start="430" end="441" text="transferred" modality="OCCURRENCE" polarity="POS" type="OCCURRENCE" />
<EVENT id="E13" start="445" end="454" text="the floor" modality="CLINICAL_DEPT" polarity="POS" type="CLINICAL_DEPT" />
<EVENT id="E14" start="482" end="488" text="speech" modality="FACTUAL" polarity="POS" type="OCCURRENCE" />
<EVENT id="E15" start="493" end="503" text="swallowing" modality="PROBLEM" polarity="POS" type="PROBLEM" />
<EVENT id="E16" start="520" end="523" text="NPO" modality="TREATMENT" polarity="POS" type="TREATMENT" />
<EVENT id="E17" start="544" end="559" text="a video swallow" modality="TEST" polarity="POS" type="TREATMENT" />
<EVENT id="E18" start="590" end="596" text="a diet" modality="TREATMENT" polarity="POS" type="TREATMENT" />
<EVENT id="E19" start="600" end="612" text="thin liquids" modality="TREATMENT" polarity="POS" type="TREATMENT" />
<EVENT id="E20" start="617" end="628" text="soft solids" modality="TREATMENT" polarity="POS" type="OCCURRENCE" />
<EVENT id="E21" start="645" end="656" text="his eeating" modality="FACTUAL" polarity="POS" type="PROBLEM" />
<EVENT id="E22" start="675" end="690" text="his loose teeth" modality="PROBLEM" polarity="POS" type="TREATMENT" />
<EVENT id="E23" start="693" end="702" text="Dentistry" modality="TREATMENT" polarity="POS" type="TREATMENT" />
<EVENT id="E24" start="707" end="711" text="OMFS" modality="TREATMENT" polarity="POS" type="TREATMENT" />
<EVENT id="E25" start="717" end="726" text="consulted" modality="FACTUAL" polarity="POS" type="OCCURRENCE" />
<EVENT id="E26" start="740" end="756" text="four front teeth" modality="PROBLEM" polarity="POS" type="PROBLEM" />
<EVENT id="E27" start="779" end="787" text="did well" modality="OCCURRENCE" polarity="POS" type="OCCURRENCE" />
<EVENT id="E28" start="826" end="835" text="discharge" modality="OCCURRENCE" polarity="POS" type="OCCURRENCE" />
<TIMEX3 id="T0" start="18" end="28" text="2019-09-27" type="DATE" val="2019-09-27" mod="NA" />
<TIMEX3 id="T2" start="244" end="254" text="2019-10-01" type="DATE" val="2019-10-01" mod="NA" />
<TIMEX3 id="T3" start="377" end="383" text="POD #1" type="DATE" val="2019-09-28" mod="NA" />
<TIMEX3 id="T1" start="46" end="56" text="2019-10-07" type="DATE" val="2019-10-07" mod="NA" />
<TIMEX3 id="T4" start="458" end="464" text="POD #2" type="DATE" val="2019-09-29" mod="NA" />
<TIMEX3 id="T5" start="768" end="773" text="10-04" type="DATE" val="2019-10-04" mod="NA" />
<TIMEX3 id="T6" start="839" end="849" text="2019-10-07" type="DATE" val="2019-10-07" mod="NA" />
<TLINK id="TL0" fromID="E1" fromText="Discharge" toID="E28" toText="discharge" type="OVERLAP" />
<TLINK id="TL1" fromID="E2" fromText="exertional angina" toID="E3" toText="cath" type="BEFORE" />
<TLINK id="TL10" fromID="E9" fromText="extubated" toID="T3" toText="POD #1" type="OVERLAP" />
<TLINK id="TL11" fromID="E10" fromText="weaned" toID="E12" toText="transferred" type="BEFORE" />
<TLINK id="TL12" fromID="E10" fromText="weaned" toID="T4" toText="POD #2" type="OVERLAP" />
<TLINK id="TL13" fromID="E11" fromText="his vasoactive drips" toID="E10" toText="weaned" type="BEFORE" />
<TLINK id="TL14" fromID="E12" fromText="transferred" toID="E10" toText="weaned" type="BEFORE" />
<TLINK id="TL15" fromID="E13" fromText="the floor" toID="E10" toText="weaned" type="AFTER" />
<TLINK id="TL16" fromID="E10" fromText="weaned" toID="E11" toText="his vasoactive drips" type="OVERLAP" />
<TLINK id="TL17" fromID="E11" fromText="his vasoactive drips" toID="E12" toText="transferred" type="BEFORE" />
<TLINK id="TL18" fromID="E11" fromText="his vasoactive drips" toID="E13" toText="the floor" type="OVERLAP" />
<TLINK id="TL19" fromID="E12" fromText="transferred" toID="E11" toText="his vasoactive drips" type="AFTER" />
<TLINK id="TL2" fromID="E4" fromText="the operating room" toID="T2" toText="2019-10-01" type="OVERLAP" />
<TLINK id="TL20" fromID="E12" fromText="transferred" toID="E13" toText="the floor" type="OVERLAP" />
<TLINK id="TL21" fromID="E12" fromText="transferred" toID="T4" toText="POD #2" type="OVERLAP" />
<TLINK id="TL22" fromID="E13" fromText="the floor" toID="E12" toText="transferred" type="AFTER" />
<TLINK id="TL23" fromID="E13" fromText="the floor" toID="T4" toText="POD #2" type="OVERLAP" />
<TLINK id="TL24" fromID="E15" fromText="swallowing" toID="E14" toText="speech" type="OVERLAP" />
<TLINK id="TL25" fromID="E15" fromText="swallowing" toID="E17" toText="a video swallow" type="OVERLAP" />
<TLINK id="TL26" fromID="E15" fromText="swallowing" toID="E16" toText="NPO" type="BEFORE" />
<TLINK id="TL27" fromID="E16" fromText="NPO" toID="E15" toText="swallowing" type="OVERLAP" />
<TLINK id="TL28" fromID="E16" fromText="NPO" toID="E17" toText="a video swallow" type="OVERLAP" />
<TLINK id="TL29" fromID="E17" fromText="a video swallow" toID="E16" toText="NPO" type="OVERLAP" />
<TLINK id="TL3" fromID="E5" fromText="a CABG" toID="E4" toText="the operating room" type="OVERLAP" />
<TLINK id="TL30" fromID="E17" fromText="a video swallow" toID="E18" toText="a diet" type="OVERLAP" />
<TLINK id="TL31" fromID="E17" fromText="a video swallow" toID="E22" toText="his loose teeth" type="OVERLAP" />
<TLINK id="TL32" fromID="E18" fromText="a diet" toID="E17" toText="a video swallow" type="OVERLAP" />
<TLINK id="TL33" fromID="E18" fromText="a diet" toID="E19" toText="thin liquids" type="OVERLAP" />
<TLINK id="TL34" fromID="E18" fromText="a diet" toID="E20" toText="soft solids" type="OVERLAP" />
<TLINK id="TL35" fromID="E18" fromText="a diet" toID="E22" toText="his loose teeth" type="OVERLAP" />
<TLINK id="TL36" fromID="E19" fromText="thin liquids" toID="E18" toText="a diet" type="OVERLAP" />
<TLINK id="TL37" fromID="E19" fromText="thin liquids" toID="E20" toText="soft solids" type="OVERLAP" />
<TLINK id="TL38" fromID="E20" fromText="soft solids" toID="E19" toText="thin liquids" type="OVERLAP" />
<TLINK id="TL39" fromID="E21" fromText="his eeating" toID="E20" toText="soft solids" type="OVERLAP" />
<TLINK id="TL4" fromID="E5" fromText="a CABG" toID="T2" toText="2019-10-01" type="OVERLAP" />
<TLINK id="TL40" fromID="E21" fromText="his eeating" toID="E22" toText="his loose teeth" type="OVERLAP" />
<TLINK id="TL41" fromID="E22" fromText="his loose teeth" toID="E26" toText="four front teeth" type="OVERLAP" />
<TLINK id="TL42" fromID="E23" fromText="Dentistry" toID="E24" toText="OMFS" type="OVERLAP" />
<TLINK id="TL43" fromID="E23" fromText="Dentistry" toID="E25" toText="consulted" type="BEFORE" />
<TLINK id="TL44" fromID="E24" fromText="OMFS" toID="E23" toText="Dentistry" type="OVERLAP" />
<TLINK id="TL45" fromID="E24" fromText="OMFS" toID="E25" toText="consulted" type="OVERLAP" />
<TLINK id="TL46" fromID="E25" fromText="consulted" toID="E24" toText="OMFS" type="OVERLAP" />
<TLINK id="TL47" fromID="E26" fromText="four front teeth" toID="E24" toText="OMFS" type="OVERLAP" />
<TLINK id="TL48" fromID="E26" fromText="four front teeth" toID="E25" toText="consulted" type="OVERLAP" />
<TLINK id="TL49" fromID="E26" fromText="four front teeth" toID="T5" toText="10-04" type="OVERLAP" />
<TLINK id="TL5" fromID="E6" fromText="transferred" toID="E12" toText="transferred" type="OVERLAP" />
<TLINK id="TL50" fromID="E28" fromText="discharge" toID="T6" toText="2019-10-07" type="OVERLAP" />
<TLINK id="TL6" fromID="E6" fromText="transferred" toID="E7" toText="the CMED CCU" type="OVERLAP" />
<TLINK id="TL7" fromID="E7" fromText="the CMED CCU" toID="E6" toText="transferred" type="AFTER" />
<TLINK id="TL8" fromID="E8" fromText="stable condition" toID="E6" toText="transferred" type="AFTER" />
<TLINK id="TL9" fromID="E7" fromText="the CMED CCU" toID="E8" toText="stable condition" type="AFTER" />
<TLINK id="SECTIME0" fromID="E2" fromText="exertional angina" toID="T0" toText="2019-09-27" type="BEFORE" />
<TLINK id="SECTIME1" fromID="E3" fromText="cath" toID="T0" toText="2019-09-27" type="BEFORE" />
<TLINK id="SECTIME2" fromID="E4" fromText="the operating room" toID="T1" toText="2019-10-07" type="BEFORE" />
<TLINK id="SECTIME3" fromID="E5" fromText="a CABG" toID="T1" toText="2019-10-07" type="BEFORE" />
<TLINK id="SECTIME4" fromID="E6" fromText="transferred" toID="T1" toText="2019-10-07" type="OVERLAP" />
<TLINK id="SECTIME5" fromID="E7" fromText="the CMED CCU" toID="T1" toText="2019-10-07" type="OVERLAP" />
<TLINK id="SECTIME6" fromID="E8" fromText="stable condition" toID="T1" toText="2019-10-07" type="BEFORE" />
<TLINK id="SECTIME7" fromID="E9" fromText="extubated" toID="T1" toText="2019-10-07" type="BEFORE" />
<TLINK id="SECTIME8" fromID="E10" fromText="weaned" toID="T1" toText="2019-10-07" type="BEFORE" />
<TLINK id="SECTIME9" fromID="E11" fromText="his vasoactive drips" toID="T1" toText="2019-10-07" type="BEFORE" />
<TLINK id="SECTIME10" fromID="E12" fromText="transferred" toID="T1" toText="2019-10-07" type="BEFORE" />
<TLINK id="SECTIME11" fromID="E13" fromText="the floor" toID="T1" toText="2019-10-07" type="BEFORE" />
<TLINK id="SECTIME12" fromID="E14" fromText="speech" toID="T1" toText="2019-10-07" type="BEFORE" />
<TLINK id="SECTIME13" fromID="E15" fromText="swallowing" toID="T1" toText="2019-10-07" type="BEFORE" />
<TLINK id="SECTIME14" fromID="E16" fromText="NPO" toID="T1" toText="2019-10-07" type="BEFORE" />
<TLINK id="SECTIME15" fromID="E17" fromText="a video swallow" toID="T1" toText="2019-10-07" type="BEFORE" />
<TLINK id="SECTIME16" fromID="E18" fromText="a diet" toID="T1" toText="2019-10-07" type="BEFORE" />
<TLINK id="SECTIME17" fromID="E19" fromText="thin liquids" toID="T1" toText="2019-10-07" type="BEFORE" />
<TLINK id="SECTIME18" fromID="E20" fromText="soft solids" toID="T1" toText="2019-10-07" type="BEFORE" />
<TLINK id="SECTIME19" fromID="E21" fromText="his eeating" toID="T1" toText="2019-10-07" type="BEFORE" />
<TLINK id="SECTIME20" fromID="E22" fromText="his loose teeth" toID="T1" toText="2019-10-07" type="BEFORE" />
<TLINK id="SECTIME21" fromID="E23" fromText="Dentistry" toID="T1" toText="2019-10-07" type="BEFORE" />
<TLINK id="SECTIME22" fromID="E24" fromText="OMFS" toID="T1" toText="2019-10-07" type="BEFORE" />
<TLINK id="SECTIME23" fromID="E25" fromText="consulted" toID="T1" toText="2019-10-07" type="BEFORE" />
<TLINK id="SECTIME24" fromID="E26" fromText="four front teeth" toID="T1" toText="2019-10-07" type="BEFORE" />
<TLINK id="SECTIME25" fromID="E27" fromText="did well" toID="T1" toText="2019-10-07" type="BEFORE" />
<TLINK id="SECTIME26" fromID="E28" fromText="discharge" toID="T1" toText="2019-10-07" type="BEFORE" />
<SECTIME id="S0" start="18" end="28" text="2019-09-27" type="ADMISSION" dvalue="2019-09-27" />
<SECTIME id="S1" start="46" end="56" text="2019-10-07" type="DISCHARGE" dvalue="2019-10-07" />
</TAGS>
</ClinicalNarrativeTemporalAnnotation>
