<?xml version="1.0" encoding="UTF-8" ?>
<ClinicalNarrativeTemporalAnnotation>
<TEXT><![CDATA[
ADMISSION DATE :
11/17/2004
DISCHARGE DATE :
11/26/2004
OPERATIONS / PROCEDURES :
Dobutamine stress test , cardiac ultrasound , EGD , chest x-ray , PICC placement .
The patient is a 62-year-old female with a history of diabetes mellitus , hypertension , COPD , hypercholesterolemia , depression and CHF who was lying in bed on the night prior to admission when she developed left-sided chest pain located in the mid-breast region with some fluttering her chest .
The patient radiated down her left arm associated with some nausea , no shortness of breath , cough , vomiting , diarrhea .
She slept through the night , woke with persistent pain .
She went with her sister &apos;s husband to La Community Hospital where she was given sublingual nitroglycerin with complete relief of pain .
She refused ambulance to the Emergency Room and was driven to Well General Hospital Emergency Room by her sister .
She arrived pain free .
She was given Aspirin , Lopressor and Insulin for hyperglycemia .
EKG was unchanged compared to the prior EKG several months ago .
HOSPITAL COURSE :
The patient was admitted to Team Four for cardiac monitoring and ruling out for MI .
Hospital course by system :
1. Cardiovascular :
The patient ruled out for MI by cardiac markers .
The patient was set to go for a dobutamine stress test on 11/16/04 given her history of COPD , but the stress portion was canceled when she was down there due to fever and hypotension .
The next day , she underwent a cardiac echo ( transthoracic echocardiogram ) .
This echo showed LV ejection fraction of 50% with no wall motion abnormality .
However , the right ventricular was diffusely hypokinetic .
It was suboptimally imaged , so there was no RVSP given .
The patient also suffered a hypotensive episode while in the endoscopy suite for her EGD on 11/17/04 .
This responded to fluid bolus .
The patient was then transferred to Medicine Team D given her tenuous hemodynamic status .
The patient , several days later 11/23 , underwent another dobutamine stress test .
This stress test , although complicated by hypotension again , to the 60 &apos;s or 70 &apos;s was completed and there was some mild anterior septal thinning , but no evidence of ischemia and an EF from this test was 76% .
Clearly , the patient &apos;s hemodynamic vascular status was very sensitive to dobutamine .
2. Infectious Disease :
On hospital day #2 , the patient was noted to have increased dyspnea on exertion .
The next day she developed a fever and she was started on levofloxacin for a potential UTI .
She continued to have low-grade fevers and on the next day , 11/17/04 , her chest x-ray showed possible new right upper lobe infiltrates .
She was then started on ceftriaxone and azithromycin .
Her urine legionella antigen was negative .
On 11/22/04 , she was noted to have gram-positive cocci in her sputum .
She was started on vancomycin for this .
These bacteria turned out to be MRSA and she was continued on her vancomycin .
She had PICC line placed on the day prior to discharge for home vancomycin administration .
3. GI :
The patient had an episode of nausea on the morning of 11/16/04 associated with some cough , apparent emesis .
GI was consulted for an EGD , however , while she was in the Endoscopy Suite , as mentioned above , she had a hypotensive episode , which responded to some fluid boluses .
Finally , on the day prior to discharge , she was stabilized to the point that she could have her EGD .
The EGD did show three esophageal ulcers that were localized and apparent suggestion of pill esophagitis .
Her stomach and duodenum were normal and it was suggested that she change her Nexium doses to daily and that she also drink plenty of fluids and water with meals , sit upright when she would eat her meals to decrease the chance of pills eroding her esophagus .
4. Shortness of breath :
As mentioned above , the patient did develop MRSA pneumonia that was started to be treated with vancomycin and she did also develop an oxygen requirement the day prior to discharge .
At most , her oxygen requirement was 4-5 liters and on the day prior to discharge , she was satting well on two liters of nasal cannula .
This was thought to be due to her pneumonia ; however , with her right ventricular hypokinesis , it is also possible that she may have an element of pulmonary hypertension and may warrant further investigation as an outpatient , for example , with chest CT .
5. Derm :
Several days prior to discharge , the patient developed some erythematous rash under her left breast and left side that was thought to be due to yeast .
She was started on some Miconazole Cream .
The rash was always localized to her left side , sometimes extending down to her leg , but never on the right side .
The rash appeared to be resolving by the time of discharge .
]]></TEXT>
<TAGS>
<EVENT id="E0" start="1" end="10" text="ADMISSION" modality="OCCURRENCE" polarity="POS" type="OCCURRENCE" />
<EVENT id="E36" start="1023" end="1036" text="the prior EKG" modality="TEST" polarity="POS" type="CLINICAL_DEPT" />
<EVENT id="E3" start="108" end="126" text="cardiac ultrasound" modality="TEST" polarity="POS" type="TEST" />
<EVENT id="E37" start="1092" end="1100" text="admitted" modality="OCCURRENCE" polarity="POS" type="OCCURRENCE" />
<EVENT id="E38" start="1104" end="1113" text="Team Four" modality="CLINICAL_DEPT" polarity="POS" type="CLINICAL_DEPT" />
<EVENT id="E39" start="1118" end="1136" text="cardiac monitoring" modality="TEST" polarity="POS" type="TEST" />
<EVENT id="E40" start="1141" end="1151" text="ruling out" modality="FACTUAL" polarity="POS" type="PROBLEM" />
<EVENT id="E41" start="1156" end="1158" text="MI" modality="PROBLEM" polarity="POS" type="PROBLEM" />
<EVENT id="E42" start="1235" end="1237" text="MI" modality="PROBLEM" polarity="POS" type="PROBLEM" />
<EVENT id="E43" start="1241" end="1256" text="cardiac markers" modality="TEST" polarity="POS" type="PROBLEM" />
<EVENT id="E4" start="129" end="132" text="EGD" modality="PROBLEM" polarity="POS" type="PROBLEM" />
<EVENT id="E44" start="1289" end="1313" text="a dobutamine stress test" modality="TEST" polarity="POS" type="TEST" />
<EVENT id="E5" start="135" end="146" text="chest x-ray" modality="TEST" polarity="POS" type="TEST" />
<EVENT id="E45" start="1347" end="1351" text="COPD" modality="PROBLEM" polarity="POS" type="PROBLEM" />
<EVENT id="E46" start="1358" end="1376" text="the stress portion" modality="PROBLEM" polarity="POS" type="TEST" />
<EVENT id="E47" start="1381" end="1389" text="canceled" modality="OCCURRENCE" polarity="POS" type="OCCURRENCE" />
<EVENT id="E48" start="1421" end="1426" text="fever" modality="PROBLEM" polarity="POS" type="PROBLEM" />
<EVENT id="E49" start="1431" end="1442" text="hypotension" modality="PROBLEM" polarity="POS" type="PROBLEM" />
<EVENT id="E50" start="1474" end="1488" text="a cardiac echo" modality="TEST" polarity="POS" type="TREATMENT" />
<EVENT id="E6" start="149" end="163" text="PICC placement" modality="TREATMENT" polarity="POS" type="TREATMENT" />
<EVENT id="E51" start="1491" end="1519" text="transthoracic echocardiogram" modality="TEST" polarity="POS" type="PROBLEM" />
<EVENT id="E52" start="1524" end="1533" text="This echo" modality="TEST" polarity="POS" type="TEST" />
<EVENT id="E53" start="1534" end="1540" text="showed" modality="EVIDENTIAL" polarity="POS" type="EVIDENTIAL" />
<EVENT id="E54" start="1541" end="1561" text="LV ejection fraction" modality="TEST" polarity="POS" type="TEST" />
<EVENT id="E55" start="1577" end="1600" text="wall motion abnormality" modality="PROBLEM" polarity="NEG" type="PROBLEM" />
<EVENT id="E56" start="1639" end="1660" text="diffusely hypokinetic" modality="PROBLEM" polarity="POS" type="PROBLEM" />
<EVENT id="E57" start="1683" end="1689" text="imaged" modality="OCCURRENCE" polarity="POS" type="OCCURRENCE" />
<EVENT id="E58" start="1708" end="1712" text="RVSP" modality="PROBLEM" polarity="NEG" type="PROBLEM" />
<EVENT id="E59" start="1747" end="1768" text="a hypotensive episode" modality="PROBLEM" polarity="POS" type="PROBLEM" />
<EVENT id="E60" start="1778" end="1797" text="the endoscopy suite" modality="CLINICAL_DEPT" polarity="POS" type="CLINICAL_DEPT" />
<EVENT id="E61" start="1802" end="1809" text="her EGD" modality="TEST" polarity="POS" type="TEST" />
<EVENT id="E62" start="1842" end="1853" text="fluid bolus" modality="TREATMENT" polarity="POS" type="TREATMENT" />
<EVENT id="E63" start="1877" end="1888" text="transferred" modality="OCCURRENCE" polarity="POS" type="OCCURRENCE" />
<EVENT id="E64" start="1892" end="1907" text="Medicine Team D" modality="CLINICAL_DEPT" polarity="POS" type="CLINICAL_DEPT" />
<EVENT id="E65" start="1914" end="1944" text="her tenuous hemodynamic status" modality="PROBLEM" polarity="POS" type="PROBLEM" />
<EVENT id="E66" start="1998" end="2028" text="another dobutamine stress test" modality="TEST" polarity="POS" type="TREATMENT" />
<EVENT id="E67" start="2031" end="2047" text="This stress test" modality="TEST" polarity="POS" type="PROBLEM" />
<EVENT id="E68" start="2074" end="2085" text="hypotension" modality="PROBLEM" polarity="POS" type="PROBLEM" />
<EVENT id="E69" start="2154" end="2188" text="some mild anterior septal thinning" modality="PROBLEM" polarity="POS" type="PROBLEM" />
<EVENT id="E7" start="220" end="237" text="diabetes mellitus" modality="PROBLEM" polarity="POS" type="PROBLEM" />
<EVENT id="E70" start="2210" end="2218" text="ischemia" modality="PROBLEM" polarity="NEG" type="PROBLEM" />
<EVENT id="E71" start="2223" end="2228" text="an EF" modality="TEST" polarity="POS" type="TEST" />
<EVENT id="E72" start="2234" end="2243" text="this test" modality="TEST" polarity="POS" type="TEST" />
<EVENT id="E73" start="2264" end="2311" text="the patient &amp;apos;s hemodynamic vascular status" modality="PROBLEM" polarity="POS" type="PROBLEM" />
<EVENT id="E74" start="2334" end="2344" text="dobutamine" modality="TREATMENT" polarity="POS" type="TREATMENT" />
<EVENT id="E8" start="240" end="252" text="hypertension" modality="PROBLEM" polarity="POS" type="PROBLEM" />
<EVENT id="E75" start="2408" end="2413" text="noted" modality="EVIDENTIAL" polarity="POS" type="EVIDENTIAL" />
<EVENT id="E76" start="2422" end="2439" text="increased dyspnea" modality="PROBLEM" polarity="POS" type="PROBLEM" />
<EVENT id="E77" start="2481" end="2488" text="a fever" modality="PROBLEM" polarity="POS" type="PROBLEM" />
<EVENT id="E78" start="2512" end="2524" text="levofloxacin" modality="TREATMENT" polarity="POS" type="TREATMENT" />
<EVENT id="E79" start="2529" end="2544" text="a potential UTI" modality="PROBLEM" polarity="POS" type="PROBLEM" />
<EVENT id="E9" start="255" end="259" text="COPD" modality="PROBLEM" polarity="POS" type="PROBLEM" />
<EVENT id="E80" start="2569" end="2585" text="low-grade fevers" modality="PROBLEM" polarity="POS" type="PROBLEM" />
<EVENT id="E10" start="262" end="282" text="hypercholesterolemia" modality="PROBLEM" polarity="POS" type="PROBLEM" />
<EVENT id="E81" start="2619" end="2634" text="her chest x-ray" modality="TEST" polarity="POS" type="TEST" />
<EVENT id="E82" start="2635" end="2641" text="showed" modality="EVIDENTIAL" polarity="POS" type="EVIDENTIAL" />
<EVENT id="E83" start="2651" end="2683" text="new right upper lobe infiltrates" modality="PROBLEM" polarity="POS" type="PROBLEM" />
<EVENT id="E84" start="2710" end="2721" text="ceftriaxone" modality="TREATMENT" polarity="POS" type="TREATMENT" />
<EVENT id="E85" start="2726" end="2738" text="azithromycin" modality="TREATMENT" polarity="POS" type="TREATMENT" />
<EVENT id="E86" start="2741" end="2769" text="Her urine legionella antigen" modality="TEST" polarity="POS" type="TEST" />
<EVENT id="E1" start="29" end="38" text="DISCHARGE" modality="OCCURRENCE" polarity="POS" type="OCCURRENCE" />
<EVENT id="E87" start="2807" end="2812" text="noted" modality="EVIDENTIAL" polarity="POS" type="EVIDENTIAL" />
<EVENT id="E88" start="2821" end="2854" text="gram-positive cocci in her sputum" modality="PROBLEM" polarity="POS" type="PROBLEM" />
<EVENT id="E11" start="285" end="295" text="depression" modality="PROBLEM" polarity="POS" type="PROBLEM" />
<EVENT id="E89" start="2876" end="2886" text="vancomycin" modality="TREATMENT" polarity="POS" type="TREATMENT" />
<EVENT id="E90" start="2891" end="2895" text="this" modality="PROBLEM" polarity="POS" type="PROBLEM" />
<EVENT id="E91" start="2898" end="2912" text="These bacteria" modality="FACTUAL" polarity="POS" type="TEST" />
<EVENT id="E92" start="2930" end="2934" text="MRSA" modality="PROBLEM" polarity="POS" type="PROBLEM" />
<EVENT id="E93" start="2960" end="2974" text="her vancomycin" modality="TREATMENT" polarity="POS" type="TREATMENT" />
<EVENT id="E94" start="2985" end="2994" text="PICC line" modality="TREATMENT" polarity="POS" type="TREATMENT" />
<EVENT id="E12" start="300" end="303" text="CHF" modality="PROBLEM" polarity="POS" type="PROBLEM" />
<EVENT id="E95" start="3022" end="3031" text="discharge" modality="OCCURRENCE" polarity="POS" type="OCCURRENCE" />
<EVENT id="E96" start="3036" end="3066" text="home vancomycin administration" modality="TREATMENT" polarity="POS" type="TREATMENT" />
<EVENT id="E97" start="3107" end="3113" text="nausea" modality="PROBLEM" polarity="POS" type="PROBLEM" />
<EVENT id="E13" start="312" end="324" text="lying in bed" modality="OCCURRENCE" polarity="POS" type="PROBLEM" />
<EVENT id="E98" start="3157" end="3167" text="some cough" modality="PROBLEM" polarity="POS" type="PROBLEM" />
<EVENT id="E99" start="3170" end="3185" text="apparent emesis" modality="PROBLEM" polarity="POS" type="PROBLEM" />
<EVENT id="E100" start="3188" end="3190" text="GI" modality="CLINICAL_DEPT" polarity="POS" type="CLINICAL_DEPT" />
<EVENT id="E101" start="3209" end="3215" text="an EGD" modality="TEST" polarity="POS" type="TEST" />
<EVENT id="E102" start="3245" end="3264" text="the Endoscopy Suite" modality="CLINICAL_DEPT" polarity="POS" type="CLINICAL_DEPT" />
<EVENT id="E103" start="3296" end="3317" text="a hypotensive episode" modality="PROBLEM" polarity="POS" type="PROBLEM" />
<EVENT id="E104" start="3339" end="3357" text="some fluid boluses" modality="PROBLEM" polarity="POS" type="PROBLEM" />
<EVENT id="E105" start="3390" end="3399" text="discharge" modality="OCCURRENCE" polarity="POS" type="OCCURRENCE" />
<EVENT id="E106" start="3410" end="3420" text="stabilized" modality="OCCURRENCE" polarity="POS" type="OCCURRENCE" />
<EVENT id="E107" start="3454" end="3461" text="her EGD" modality="TEST" polarity="POS" type="TEST" />
<EVENT id="E14" start="347" end="356" text="admission" modality="OCCURRENCE" polarity="POS" type="OCCURRENCE" />
<EVENT id="E108" start="3464" end="3471" text="The EGD" modality="TEST" polarity="POS" type="TEST" />
<EVENT id="E109" start="3481" end="3504" text="three esophageal ulcers" modality="PROBLEM" polarity="POS" type="PROBLEM" />
<EVENT id="E110" start="3515" end="3524" text="localized" modality="OCCURRENCE" polarity="POS" type="PROBLEM" />
<EVENT id="E111" start="3529" end="3568" text="apparent suggestion of pill esophagitis" modality="PROBLEM" polarity="POS" type="PROBLEM" />
<EVENT id="E112" start="3571" end="3582" text="Her stomach" modality="FACTUAL" polarity="POS" type="TEST" />
<EVENT id="E113" start="3587" end="3595" text="duodenum" modality="TEST" polarity="POS" type="TEST" />
<EVENT id="E114" start="3645" end="3661" text="her Nexium doses" modality="TREATMENT" polarity="POS" type="PROBLEM" />
<EVENT id="E115" start="3705" end="3711" text="fluids" modality="TREATMENT" polarity="POS" type="PROBLEM" />
<EVENT id="E15" start="376" end="397" text="left-sided chest pain" modality="PROBLEM" polarity="POS" type="PROBLEM" />
<EVENT id="E116" start="3816" end="3829" text="her esophagus" modality="PROBLEM" polarity="POS" type="PROBLEM" />
<EVENT id="E117" start="3835" end="3854" text="Shortness of breath" modality="PROBLEM" polarity="POS" type="PROBLEM" />
<EVENT id="E118" start="3902" end="3916" text="MRSA pneumonia" modality="PROBLEM" polarity="POS" type="PROBLEM" />
<EVENT id="E119" start="3953" end="3963" text="vancomycin" modality="TREATMENT" polarity="POS" type="TREATMENT" />
<EVENT id="E120" start="3989" end="4010" text="an oxygen requirement" modality="TREATMENT" polarity="POS" type="PROBLEM" />
<EVENT id="E121" start="4028" end="4037" text="discharge" modality="OCCURRENCE" polarity="POS" type="OCCURRENCE" />
<EVENT id="E122" start="4050" end="4072" text="her oxygen requirement" modality="TEST" polarity="POS" type="TEST" />
<EVENT id="E123" start="4112" end="4121" text="discharge" modality="OCCURRENCE" polarity="POS" type="OCCURRENCE" />
<EVENT id="E124" start="4132" end="4144" text="satting well" modality="OCCURRENCE" polarity="POS" type="OCCURRENCE" />
<EVENT id="E125" start="4162" end="4175" text="nasal cannula" modality="TREATMENT" polarity="POS" type="TREATMENT" />
<EVENT id="E126" start="4208" end="4221" text="her pneumonia" modality="PROBLEM" polarity="POS" type="PROBLEM" />
<EVENT id="E127" start="4239" end="4272" text="her right ventricular hypokinesis" modality="PROBLEM" polarity="POS" type="PROBLEM" />
<EVENT id="E128" start="4327" end="4349" text="pulmonary hypertension" modality="PROBLEM" polarity="POS" type="PROBLEM" />
<EVENT id="E129" start="4366" end="4387" text="further investigation" modality="TREATMENT" polarity="POS" type="OCCURRENCE" />
<EVENT id="E130" start="4426" end="4434" text="chest CT" modality="PROBLEM" polarity="POS" type="PROBLEM" />
<EVENT id="E131" start="4503" end="4561" text="some erythematous rash under her left breast and left side" modality="PROBLEM" polarity="POS" type="PROBLEM" />
<EVENT id="E16" start="452" end="461" text="her chest" modality="PROBLEM" polarity="POS" type="TREATMENT" />
<EVENT id="E132" start="4619" end="4640" text="some Miconazole Cream" modality="FACTUAL" polarity="POS" type="TREATMENT" />
<EVENT id="E133" start="4643" end="4651" text="The rash" modality="TEST" polarity="POS" type="PROBLEM" />
<EVENT id="E134" start="4663" end="4689" text="localized to her left side" modality="FACTUAL" polarity="POS" type="PROBLEM" />
<EVENT id="E17" start="476" end="502" text="radiated down her left arm" modality="PROBLEM" polarity="POS" type="PROBLEM" />
<EVENT id="E135" start="4760" end="4768" text="The rash" modality="FACTUAL" polarity="POS" type="PROBLEM" />
<EVENT id="E136" start="4784" end="4793" text="resolving" modality="FACTUAL" polarity="POS" type="OCCURRENCE" />
<EVENT id="E137" start="4809" end="4818" text="discharge" modality="OCCURRENCE" polarity="POS" type="OCCURRENCE" />
<EVENT id="E18" start="519" end="530" text="some nausea" modality="PROBLEM" polarity="POS" type="PROBLEM" />
<EVENT id="E19" start="536" end="555" text="shortness of breath" modality="PROBLEM" polarity="NEG" type="PROBLEM" />
<EVENT id="E20" start="558" end="563" text="cough" modality="PROBLEM" polarity="POS" type="PROBLEM" />
<EVENT id="E21" start="566" end="574" text="vomiting" modality="PROBLEM" polarity="NEG" type="PROBLEM" />
<EVENT id="E22" start="577" end="585" text="diarrhea" modality="PROBLEM" polarity="NEG" type="PROBLEM" />
<EVENT id="E23" start="628" end="643" text="persistent pain" modality="PROBLEM" polarity="POS" type="PROBLEM" />
<EVENT id="E24" start="690" end="711" text="La Community Hospital" modality="CLINICAL_DEPT" polarity="POS" type="CLINICAL_DEPT" />
<EVENT id="E25" start="732" end="756" text="sublingual nitroglycerin" modality="TREATMENT" polarity="POS" type="TREATMENT" />
<EVENT id="E26" start="781" end="785" text="pain" modality="PROBLEM" polarity="POS" type="PROBLEM" />
<EVENT id="E27" start="792" end="809" text="refused ambulance" modality="OCCURRENCE" polarity="POS" type="OCCURRENCE" />
<EVENT id="E28" start="813" end="831" text="the Emergency Room" modality="CLINICAL_DEPT" polarity="POS" type="CLINICAL_DEPT" />
<EVENT id="E2" start="83" end="105" text="Dobutamine stress test" modality="TEST" polarity="POS" type="PROBLEM" />
<EVENT id="E29" start="850" end="886" text="Well General Hospital Emergency Room" modality="CLINICAL_DEPT" polarity="POS" type="CLINICAL_DEPT" />
<EVENT id="E30" start="907" end="919" text="arrived pain" modality="OCCURRENCE" polarity="POS" type="OCCURRENCE" />
<EVENT id="E31" start="941" end="948" text="Aspirin" modality="TREATMENT" polarity="POS" type="TREATMENT" />
<EVENT id="E32" start="951" end="960" text="Lopressor" modality="TREATMENT" polarity="POS" type="TREATMENT" />
<EVENT id="E33" start="965" end="972" text="Insulin" modality="TREATMENT" polarity="POS" type="TREATMENT" />
<EVENT id="E34" start="977" end="990" text="hyperglycemia" modality="PROBLEM" polarity="POS" type="PROBLEM" />
<EVENT id="E35" start="993" end="996" text="EKG" modality="TEST" polarity="POS" type="TEST" />
<TIMEX3 id="T4" start="1037" end="1051" text="several months" type="DURATION" val="P3M" mod="APPROX" />
<TIMEX3 id="T5" start="1317" end="1325" text="11/16/04" type="DATE" val="2004-11-16" mod="NA" />
<TIMEX3 id="T6" start="1445" end="1457" text="The next day" type="DATE" val="The next day" mod="NA" />
<TIMEX3 id="T0" start="18" end="28" text="11/17/2004" type="DATE" val="2004-11-17" mod="NA" />
<TIMEX3 id="T7" start="1813" end="1821" text="11/17/04" type="DATE" val="2004-11-17" mod="NA" />
<TIMEX3 id="T8" start="1961" end="1973" text="several days" type="DURATION" val="P3D" mod="APPROX" />
<TIMEX3 id="T9" start="2374" end="2389" text="hospital day #2" type="DATE" val="2004-11-18" mod="NA" />
<TIMEX3 id="T10" start="2454" end="2466" text="The next day" type="DATE" val="The next day" mod="NA" />
<TIMEX3 id="T11" start="2593" end="2616" text="the next day , 11/17/04" type="DATE" val="2004-11-17" mod="NA" />
<TIMEX3 id="T12" start="2788" end="2796" text="11/22/04" type="DATE" val="2004-11-22" mod="NA" />
<TIMEX3 id="T13" start="3005" end="3012" text="the day" type="DATE" val="the day" mod="NA" />
<TIMEX3 id="T14" start="3117" end="3140" text="the morning of 11/16/04" type="DATE" val="2004-11-16" mod="END" />
<TIMEX3 id="T2" start="328" end="337" text="the night" type="DATE" val="the night" mod="END" />
<TIMEX3 id="T15" start="3373" end="3399" text="the day prior to discharge" type="DATE" val="2004-11-25" mod="NA" />
<TIMEX3 id="T16" start="4011" end="4018" text="the day" type="DATE" val="the day" mod="NA" />
<TIMEX3 id="T17" start="4095" end="4121" text="the day prior to discharge" type="DATE" val="2004-11-25" mod="NA" />
<TIMEX3 id="T18" start="4148" end="4151" text="two" type="FREQUENCY" val="R2" mod="NA" />
<TIMEX3 id="T19" start="4447" end="4459" text="Several days" type="DATE" val="Several days" mod="APPROX" />
<TIMEX3 id="T1" start="46" end="56" text="11/26/2004" type="DATE" val="2004-11-26" mod="NA" />
<TIMEX3 id="T3" start="606" end="615" text="the night" type="DURATION" val="the night" mod="NA" />
<TLINK id="TL0" fromID="E0" fromText="ADMISSION" toID="E14" toText="admission" type="OVERLAP" />
<TLINK id="TL1" fromID="E1" fromText="DISCHARGE" toID="E95" toText="discharge" type="OVERLAP" />
<TLINK id="TL10" fromID="E72" fromText="this test" toID="E2" toText="Dobutamine stress test" type="OVERLAP" />
<TLINK id="TL100" fromID="E17" fromText="radiated down her left arm" toID="E22" toText="diarrhea" type="OVERLAP" />
<TLINK id="TL101" fromID="E18" fromText="some nausea" toID="E17" toText="radiated down her left arm" type="OVERLAP" />
<TLINK id="TL102" fromID="E19" fromText="shortness of breath" toID="E17" toText="radiated down her left arm" type="OVERLAP" />
<TLINK id="TL103" fromID="E21" fromText="vomiting" toID="E17" toText="radiated down her left arm" type="OVERLAP" />
<TLINK id="TL104" fromID="E22" fromText="diarrhea" toID="E17" toText="radiated down her left arm" type="OVERLAP" />
<TLINK id="TL105" fromID="E97" fromText="nausea" toID="E18" toText="some nausea" type="OVERLAP" />
<TLINK id="TL106" fromID="E18" fromText="some nausea" toID="E19" toText="shortness of breath" type="OVERLAP" />
<TLINK id="TL107" fromID="E18" fromText="some nausea" toID="E20" toText="cough" type="OVERLAP" />
<TLINK id="TL108" fromID="E19" fromText="shortness of breath" toID="E18" toText="some nausea" type="OVERLAP" />
<TLINK id="TL109" fromID="E20" fromText="cough" toID="E18" toText="some nausea" type="OVERLAP" />
<TLINK id="TL11" fromID="E74" fromText="dobutamine" toID="E2" toText="Dobutamine stress test" type="OVERLAP" />
<TLINK id="TL110" fromID="E21" fromText="vomiting" toID="E18" toText="some nausea" type="OVERLAP" />
<TLINK id="TL111" fromID="E22" fromText="diarrhea" toID="E18" toText="some nausea" type="OVERLAP" />
<TLINK id="TL112" fromID="E117" fromText="Shortness of breath" toID="E19" toText="shortness of breath" type="OVERLAP" />
<TLINK id="TL113" fromID="E19" fromText="shortness of breath" toID="E20" toText="cough" type="OVERLAP" />
<TLINK id="TL114" fromID="E19" fromText="shortness of breath" toID="E21" toText="vomiting" type="OVERLAP" />
<TLINK id="TL115" fromID="E19" fromText="shortness of breath" toID="E22" toText="diarrhea" type="OVERLAP" />
<TLINK id="TL116" fromID="E20" fromText="cough" toID="E19" toText="shortness of breath" type="OVERLAP" />
<TLINK id="TL117" fromID="E21" fromText="vomiting" toID="E19" toText="shortness of breath" type="OVERLAP" />
<TLINK id="TL118" fromID="E22" fromText="diarrhea" toID="E19" toText="shortness of breath" type="OVERLAP" />
<TLINK id="TL119" fromID="E98" fromText="some cough" toID="E20" toText="cough" type="OVERLAP" />
<TLINK id="TL12" fromID="E3" fromText="cardiac ultrasound" toID="E2" toText="Dobutamine stress test" type="OVERLAP" />
<TLINK id="TL120" fromID="E20" fromText="cough" toID="E21" toText="vomiting" type="OVERLAP" />
<TLINK id="TL121" fromID="E20" fromText="cough" toID="E22" toText="diarrhea" type="OVERLAP" />
<TLINK id="TL122" fromID="E21" fromText="vomiting" toID="E20" toText="cough" type="OVERLAP" />
<TLINK id="TL123" fromID="E22" fromText="diarrhea" toID="E20" toText="cough" type="OVERLAP" />
<TLINK id="TL124" fromID="E21" fromText="vomiting" toID="E22" toText="diarrhea" type="OVERLAP" />
<TLINK id="TL125" fromID="E22" fromText="diarrhea" toID="E21" toText="vomiting" type="OVERLAP" />
<TLINK id="TL126" fromID="E23" fromText="persistent pain" toID="E26" toText="pain" type="OVERLAP" />
<TLINK id="TL127" fromID="E23" fromText="persistent pain" toID="E30" toText="arrived pain" type="OVERLAP" />
<TLINK id="TL128" fromID="E23" fromText="persistent pain" toID="T3" toText="the night" type="OVERLAP" />
<TLINK id="TL129" fromID="E24" fromText="La Community Hospital" toID="E29" toText="Well General Hospital Emergency Room" type="OVERLAP" />
<TLINK id="TL13" fromID="E4" fromText="EGD" toID="E2" toText="Dobutamine stress test" type="OVERLAP" />
<TLINK id="TL130" fromID="E24" fromText="La Community Hospital" toID="E25" toText="sublingual nitroglycerin" type="OVERLAP" />
<TLINK id="TL131" fromID="E25" fromText="sublingual nitroglycerin" toID="E24" toText="La Community Hospital" type="OVERLAP" />
<TLINK id="TL132" fromID="E25" fromText="sublingual nitroglycerin" toID="E26" toText="pain" type="OVERLAP" />
<TLINK id="TL133" fromID="E26" fromText="pain" toID="E25" toText="sublingual nitroglycerin" type="BEFORE" />
<TLINK id="TL134" fromID="E26" fromText="pain" toID="E30" toText="arrived pain" type="OVERLAP" />
<TLINK id="TL135" fromID="E27" fromText="refused ambulance" toID="E28" toText="the Emergency Room" type="OVERLAP" />
<TLINK id="TL136" fromID="E28" fromText="the Emergency Room" toID="E27" toText="refused ambulance" type="AFTER" />
<TLINK id="TL137" fromID="E29" fromText="Well General Hospital Emergency Room" toID="E27" toText="refused ambulance" type="AFTER" />
<TLINK id="TL138" fromID="E28" fromText="the Emergency Room" toID="E29" toText="Well General Hospital Emergency Room" type="OVERLAP" />
<TLINK id="TL139" fromID="E29" fromText="Well General Hospital Emergency Room" toID="E28" toText="the Emergency Room" type="OVERLAP" />
<TLINK id="TL14" fromID="E2" fromText="Dobutamine stress test" toID="E3" toText="cardiac ultrasound" type="OVERLAP" />
<TLINK id="TL140" fromID="E31" fromText="Aspirin" toID="E32" toText="Lopressor" type="OVERLAP" />
<TLINK id="TL141" fromID="E31" fromText="Aspirin" toID="E33" toText="Insulin" type="OVERLAP" />
<TLINK id="TL142" fromID="E32" fromText="Lopressor" toID="E31" toText="Aspirin" type="OVERLAP" />
<TLINK id="TL143" fromID="E33" fromText="Insulin" toID="E31" toText="Aspirin" type="OVERLAP" />
<TLINK id="TL144" fromID="E33" fromText="Insulin" toID="E32" toText="Lopressor" type="OVERLAP" />
<TLINK id="TL145" fromID="E34" fromText="hyperglycemia" toID="E32" toText="Lopressor" type="BEFORE" />
<TLINK id="TL146" fromID="E32" fromText="Lopressor" toID="E33" toText="Insulin" type="OVERLAP" />
<TLINK id="TL147" fromID="E32" fromText="Lopressor" toID="E34" toText="hyperglycemia" type="OVERLAP" />
<TLINK id="TL148" fromID="E33" fromText="Insulin" toID="E34" toText="hyperglycemia" type="OVERLAP" />
<TLINK id="TL149" fromID="E34" fromText="hyperglycemia" toID="E33" toText="Insulin" type="BEFORE" />
<TLINK id="TL15" fromID="E2" fromText="Dobutamine stress test" toID="E4" toText="EGD" type="OVERLAP" />
<TLINK id="TL150" fromID="E36" fromText="the prior EKG" toID="E35" toText="EKG" type="OVERLAP" />
<TLINK id="TL151" fromID="E35" fromText="EKG" toID="E36" toText="the prior EKG" type="OVERLAP" />
<TLINK id="TL152" fromID="E35" fromText="EKG" toID="T4" toText="several months" type="OVERLAP" />
<TLINK id="TL153" fromID="E36" fromText="the prior EKG" toID="T4" toText="several months" type="OVERLAP" />
<TLINK id="TL154" fromID="E38" fromText="Team Four" toID="E37" toText="admitted" type="AFTER" />
<TLINK id="TL155" fromID="E38" fromText="Team Four" toID="E64" toText="Medicine Team D" type="OVERLAP" />
<TLINK id="TL156" fromID="E39" fromText="cardiac monitoring" toID="E38" toText="Team Four" type="OVERLAP" />
<TLINK id="TL157" fromID="E39" fromText="cardiac monitoring" toID="E43" toText="cardiac markers" type="OVERLAP" />
<TLINK id="TL158" fromID="E39" fromText="cardiac monitoring" toID="E50" toText="a cardiac echo" type="OVERLAP" />
<TLINK id="TL159" fromID="E40" fromText="ruling out" toID="E39" toText="cardiac monitoring" type="BEFORE" />
<TLINK id="TL16" fromID="E2" fromText="Dobutamine stress test" toID="E5" toText="chest x-ray" type="BEFORE" />
<TLINK id="TL160" fromID="E41" fromText="MI" toID="E39" toText="cardiac monitoring" type="BEFORE" />
<TLINK id="TL161" fromID="E40" fromText="ruling out" toID="E41" toText="MI" type="OVERLAP" />
<TLINK id="TL162" fromID="E41" fromText="MI" toID="E40" toText="ruling out" type="OVERLAP" />
<TLINK id="TL163" fromID="E41" fromText="MI" toID="E42" toText="MI" type="OVERLAP" />
<TLINK id="TL164" fromID="E42" fromText="MI" toID="E43" toText="cardiac markers" type="OVERLAP" />
<TLINK id="TL165" fromID="E43" fromText="cardiac markers" toID="E42" toText="MI" type="OVERLAP" />
<TLINK id="TL166" fromID="E43" fromText="cardiac markers" toID="E50" toText="a cardiac echo" type="OVERLAP" />
<TLINK id="TL167" fromID="E44" fromText="a dobutamine stress test" toID="E46" toText="the stress portion" type="OVERLAP" />
<TLINK id="TL168" fromID="E44" fromText="a dobutamine stress test" toID="E66" toText="another dobutamine stress test" type="OVERLAP" />
<TLINK id="TL169" fromID="E44" fromText="a dobutamine stress test" toID="E67" toText="This stress test" type="OVERLAP" />
<TLINK id="TL17" fromID="E3" fromText="cardiac ultrasound" toID="E39" toText="cardiac monitoring" type="OVERLAP" />
<TLINK id="TL170" fromID="E44" fromText="a dobutamine stress test" toID="E72" toText="this test" type="OVERLAP" />
<TLINK id="TL171" fromID="E44" fromText="a dobutamine stress test" toID="E74" toText="dobutamine" type="OVERLAP" />
<TLINK id="TL172" fromID="E44" fromText="a dobutamine stress test" toID="T5" toText="11/16/04" type="OVERLAP" />
<TLINK id="TL173" fromID="E45" fromText="COPD" toID="E44" toText="a dobutamine stress test" type="BEFORE" />
<TLINK id="TL174" fromID="E45" fromText="COPD" toID="E46" toText="the stress portion" type="BEFORE" />
<TLINK id="TL175" fromID="E45" fromText="COPD" toID="E47" toText="canceled" type="BEFORE" />
<TLINK id="TL176" fromID="E45" fromText="COPD" toID="T5" toText="11/16/04" type="OVERLAP" />
<TLINK id="TL177" fromID="E46" fromText="the stress portion" toID="E45" toText="COPD" type="OVERLAP" />
<TLINK id="TL178" fromID="E46" fromText="the stress portion" toID="E66" toText="another dobutamine stress test" type="OVERLAP" />
<TLINK id="TL179" fromID="E46" fromText="the stress portion" toID="E67" toText="This stress test" type="OVERLAP" />
<TLINK id="TL18" fromID="E3" fromText="cardiac ultrasound" toID="E43" toText="cardiac markers" type="OVERLAP" />
<TLINK id="TL180" fromID="E46" fromText="the stress portion" toID="E47" toText="canceled" type="OVERLAP" />
<TLINK id="TL181" fromID="E46" fromText="the stress portion" toID="T5" toText="11/16/04" type="OVERLAP" />
<TLINK id="TL182" fromID="E47" fromText="canceled" toID="E46" toText="the stress portion" type="OVERLAP" />
<TLINK id="TL183" fromID="E48" fromText="fever" toID="E46" toText="the stress portion" type="BEFORE" />
<TLINK id="TL184" fromID="E49" fromText="hypotension" toID="E46" toText="the stress portion" type="BEFORE" />
<TLINK id="TL185" fromID="E48" fromText="fever" toID="E77" toText="a fever" type="OVERLAP" />
<TLINK id="TL186" fromID="E48" fromText="fever" toID="E80" toText="low-grade fevers" type="OVERLAP" />
<TLINK id="TL187" fromID="E48" fromText="fever" toID="E49" toText="hypotension" type="OVERLAP" />
<TLINK id="TL188" fromID="E49" fromText="hypotension" toID="E48" toText="fever" type="OVERLAP" />
<TLINK id="TL189" fromID="E49" fromText="hypotension" toID="E68" toText="hypotension" type="OVERLAP" />
<TLINK id="TL19" fromID="E3" fromText="cardiac ultrasound" toID="E50" toText="a cardiac echo" type="OVERLAP" />
<TLINK id="TL190" fromID="E50" fromText="a cardiac echo" toID="E51" toText="transthoracic echocardiogram" type="OVERLAP" />
<TLINK id="TL191" fromID="E50" fromText="a cardiac echo" toID="E52" toText="This echo" type="OVERLAP" />
<TLINK id="TL192" fromID="E50" fromText="a cardiac echo" toID="T6" toText="The next day" type="OVERLAP" />
<TLINK id="TL193" fromID="E51" fromText="transthoracic echocardiogram" toID="E50" toText="a cardiac echo" type="OVERLAP" />
<TLINK id="TL194" fromID="E51" fromText="transthoracic echocardiogram" toID="E52" toText="This echo" type="OVERLAP" />
<TLINK id="TL195" fromID="E52" fromText="This echo" toID="E53" toText="showed" type="OVERLAP" />
<TLINK id="TL196" fromID="E52" fromText="This echo" toID="E54" toText="LV ejection fraction" type="OVERLAP" />
<TLINK id="TL197" fromID="E53" fromText="showed" toID="E52" toText="This echo" type="OVERLAP" />
<TLINK id="TL198" fromID="E54" fromText="LV ejection fraction" toID="E52" toText="This echo" type="OVERLAP" />
<TLINK id="TL199" fromID="E53" fromText="showed" toID="E54" toText="LV ejection fraction" type="OVERLAP" />
<TLINK id="TL2" fromID="E1" fromText="DISCHARGE" toID="E105" toText="discharge" type="OVERLAP" />
<TLINK id="TL20" fromID="E3" fromText="cardiac ultrasound" toID="E4" toText="EGD" type="OVERLAP" />
<TLINK id="TL200" fromID="E54" fromText="LV ejection fraction" toID="E53" toText="showed" type="OVERLAP" />
<TLINK id="TL201" fromID="E55" fromText="wall motion abnormality" toID="E53" toText="showed" type="BEFORE" />
<TLINK id="TL202" fromID="E55" fromText="wall motion abnormality" toID="E54" toText="LV ejection fraction" type="OVERLAP" />
<TLINK id="TL203" fromID="E59" fromText="a hypotensive episode" toID="E103" toText="a hypotensive episode" type="OVERLAP" />
<TLINK id="TL204" fromID="E59" fromText="a hypotensive episode" toID="E60" toText="the endoscopy suite" type="OVERLAP" />
<TLINK id="TL205" fromID="E59" fromText="a hypotensive episode" toID="E61" toText="her EGD" type="BEFORE" />
<TLINK id="TL206" fromID="E60" fromText="the endoscopy suite" toID="E102" toText="the Endoscopy Suite" type="OVERLAP" />
<TLINK id="TL207" fromID="E60" fromText="the endoscopy suite" toID="E61" toText="her EGD" type="OVERLAP" />
<TLINK id="TL208" fromID="E60" fromText="the endoscopy suite" toID="T7" toText="11/17/04" type="OVERLAP" />
<TLINK id="TL209" fromID="E61" fromText="her EGD" toID="E60" toText="the endoscopy suite" type="OVERLAP" />
<TLINK id="TL21" fromID="E3" fromText="cardiac ultrasound" toID="E5" toText="chest x-ray" type="OVERLAP" />
<TLINK id="TL210" fromID="E61" fromText="her EGD" toID="E101" toText="an EGD" type="OVERLAP" />
<TLINK id="TL211" fromID="E61" fromText="her EGD" toID="E107" toText="her EGD" type="OVERLAP" />
<TLINK id="TL212" fromID="E61" fromText="her EGD" toID="E108" toText="The EGD" type="OVERLAP" />
<TLINK id="TL213" fromID="E61" fromText="her EGD" toID="T7" toText="11/17/04" type="OVERLAP" />
<TLINK id="TL214" fromID="E62" fromText="fluid bolus" toID="E104" toText="some fluid boluses" type="OVERLAP" />
<TLINK id="TL215" fromID="E62" fromText="fluid bolus" toID="E115" toText="fluids" type="OVERLAP" />
<TLINK id="TL216" fromID="E63" fromText="transferred" toID="E64" toText="Medicine Team D" type="OVERLAP" />
<TLINK id="TL217" fromID="E64" fromText="Medicine Team D" toID="E63" toText="transferred" type="AFTER" />
<TLINK id="TL218" fromID="E65" fromText="her tenuous hemodynamic status" toID="E63" toText="transferred" type="BEFORE" />
<TLINK id="TL219" fromID="E64" fromText="Medicine Team D" toID="E65" toText="her tenuous hemodynamic status" type="OVERLAP" />
<TLINK id="TL22" fromID="E4" fromText="EGD" toID="E3" toText="cardiac ultrasound" type="OVERLAP" />
<TLINK id="TL220" fromID="E65" fromText="her tenuous hemodynamic status" toID="E64" toText="Medicine Team D" type="OVERLAP" />
<TLINK id="TL221" fromID="E65" fromText="her tenuous hemodynamic status" toID="E73" toText="the patient &amp;apos;s hemodynamic vascular status" type="OVERLAP" />
<TLINK id="TL222" fromID="E66" fromText="another dobutamine stress test" toID="E67" toText="This stress test" type="OVERLAP" />
<TLINK id="TL223" fromID="E66" fromText="another dobutamine stress test" toID="E72" toText="this test" type="OVERLAP" />
<TLINK id="TL224" fromID="E66" fromText="another dobutamine stress test" toID="E74" toText="dobutamine" type="OVERLAP" />
<TLINK id="TL225" fromID="E66" fromText="another dobutamine stress test" toID="T8" toText="several days" type="OVERLAP" />
<TLINK id="TL226" fromID="E67" fromText="This stress test" toID="E72" toText="this test" type="OVERLAP" />
<TLINK id="TL227" fromID="E67" fromText="This stress test" toID="E68" toText="hypotension" type="OVERLAP" />
<TLINK id="TL228" fromID="E68" fromText="hypotension" toID="E67" toText="This stress test" type="OVERLAP" />
<TLINK id="TL229" fromID="E69" fromText="some mild anterior septal thinning" toID="E70" toText="ischemia" type="OVERLAP" />
<TLINK id="TL23" fromID="E5" fromText="chest x-ray" toID="E3" toText="cardiac ultrasound" type="OVERLAP" />
<TLINK id="TL230" fromID="E69" fromText="some mild anterior septal thinning" toID="E71" toText="an EF" type="BEFORE" />
<TLINK id="TL231" fromID="E70" fromText="ischemia" toID="E69" toText="some mild anterior septal thinning" type="OVERLAP" />
<TLINK id="TL232" fromID="E70" fromText="ischemia" toID="E71" toText="an EF" type="OVERLAP" />
<TLINK id="TL233" fromID="E70" fromText="ischemia" toID="E72" toText="this test" type="BEFORE" />
<TLINK id="TL234" fromID="E71" fromText="an EF" toID="E70" toText="ischemia" type="OVERLAP" />
<TLINK id="TL235" fromID="E71" fromText="an EF" toID="E72" toText="this test" type="OVERLAP" />
<TLINK id="TL236" fromID="E72" fromText="this test" toID="E71" toText="an EF" type="OVERLAP" />
<TLINK id="TL237" fromID="E73" fromText="the patient &apos;s hemodynamic vascular status" toID="E74" toText="dobutamine" type="OVERLAP" />
<TLINK id="TL238" fromID="E74" fromText="dobutamine" toID="E73" toText="the patient &apos;s hemodynamic vascular status" type="OVERLAP" />
<TLINK id="TL239" fromID="E75" fromText="noted" toID="E87" toText="noted" type="OVERLAP" />
<TLINK id="TL24" fromID="E4" fromText="EGD" toID="E61" toText="her EGD" type="OVERLAP" />
<TLINK id="TL240" fromID="E75" fromText="noted" toID="T9" toText="hospital day #2" type="OVERLAP" />
<TLINK id="TL241" fromID="E76" fromText="increased dyspnea" toID="E75" toText="noted" type="BEFORE" />
<TLINK id="TL242" fromID="E76" fromText="increased dyspnea" toID="T9" toText="hospital day #2" type="OVERLAP" />
<TLINK id="TL243" fromID="E77" fromText="a fever" toID="E80" toText="low-grade fevers" type="OVERLAP" />
<TLINK id="TL244" fromID="E77" fromText="a fever" toID="T10" toText="The next day" type="OVERLAP" />
<TLINK id="TL245" fromID="E78" fromText="levofloxacin" toID="E79" toText="a potential UTI" type="OVERLAP" />
<TLINK id="TL246" fromID="E79" fromText="a potential UTI" toID="E78" toText="levofloxacin" type="BEFORE" />
<TLINK id="TL247" fromID="E80" fromText="low-grade fevers" toID="E81" toText="her chest x-ray" type="BEFORE" />
<TLINK id="TL248" fromID="E80" fromText="low-grade fevers" toID="E82" toText="showed" type="BEFORE" />
<TLINK id="TL249" fromID="E80" fromText="low-grade fevers" toID="T11" toText="the next day , 11/17/04" type="OVERLAP" />
<TLINK id="TL25" fromID="E4" fromText="EGD" toID="E101" toText="an EGD" type="OVERLAP" />
<TLINK id="TL250" fromID="E81" fromText="her chest x-ray" toID="E130" toText="chest CT" type="OVERLAP" />
<TLINK id="TL251" fromID="E81" fromText="her chest x-ray" toID="E82" toText="showed" type="OVERLAP" />
<TLINK id="TL252" fromID="E81" fromText="her chest x-ray" toID="T11" toText="the next day , 11/17/04" type="OVERLAP" />
<TLINK id="TL253" fromID="E82" fromText="showed" toID="E81" toText="her chest x-ray" type="OVERLAP" />
<TLINK id="TL254" fromID="E83" fromText="new right upper lobe infiltrates" toID="E81" toText="her chest x-ray" type="BEFORE" />
<TLINK id="TL255" fromID="E82" fromText="showed" toID="T11" toText="the next day , 11/17/04" type="OVERLAP" />
<TLINK id="TL256" fromID="E83" fromText="new right upper lobe infiltrates" toID="E82" toText="showed" type="BEFORE" />
<TLINK id="TL257" fromID="E84" fromText="ceftriaxone" toID="E85" toText="azithromycin" type="OVERLAP" />
<TLINK id="TL258" fromID="E85" fromText="azithromycin" toID="E84" toText="ceftriaxone" type="OVERLAP" />
<TLINK id="TL259" fromID="E87" fromText="noted" toID="T12" toText="11/22/04" type="OVERLAP" />
<TLINK id="TL26" fromID="E4" fromText="EGD" toID="E107" toText="her EGD" type="OVERLAP" />
<TLINK id="TL260" fromID="E88" fromText="gram-positive cocci in her sputum" toID="E87" toText="noted" type="BEFORE" />
<TLINK id="TL261" fromID="E88" fromText="gram-positive cocci in her sputum" toID="T12" toText="11/22/04" type="OVERLAP" />
<TLINK id="TL262" fromID="E89" fromText="vancomycin" toID="E93" toText="her vancomycin" type="OVERLAP" />
<TLINK id="TL263" fromID="E89" fromText="vancomycin" toID="E96" toText="home vancomycin administration" type="OVERLAP" />
<TLINK id="TL264" fromID="E89" fromText="vancomycin" toID="E119" toText="vancomycin" type="OVERLAP" />
<TLINK id="TL265" fromID="E89" fromText="vancomycin" toID="E90" toText="this" type="OVERLAP" />
<TLINK id="TL266" fromID="E90" fromText="this" toID="E89" toText="vancomycin" type="BEFORE" />
<TLINK id="TL267" fromID="E92" fromText="MRSA" toID="E91" toText="These bacteria" type="BEFORE" />
<TLINK id="TL268" fromID="E92" fromText="MRSA" toID="E118" toText="MRSA pneumonia" type="OVERLAP" />
<TLINK id="TL269" fromID="E92" fromText="MRSA" toID="E93" toText="her vancomycin" type="BEFORE" />
<TLINK id="TL27" fromID="E4" fromText="EGD" toID="E108" toText="The EGD" type="OVERLAP" />
<TLINK id="TL270" fromID="E93" fromText="her vancomycin" toID="E96" toText="home vancomycin administration" type="OVERLAP" />
<TLINK id="TL271" fromID="E93" fromText="her vancomycin" toID="E119" toText="vancomycin" type="OVERLAP" />
<TLINK id="TL272" fromID="E94" fromText="PICC line" toID="E95" toText="discharge" type="OVERLAP" />
<TLINK id="TL273" fromID="E94" fromText="PICC line" toID="E96" toText="home vancomycin administration" type="OVERLAP" />
<TLINK id="TL274" fromID="E94" fromText="PICC line" toID="T13" toText="the day" type="OVERLAP" />
<TLINK id="TL275" fromID="E95" fromText="discharge" toID="E105" toText="discharge" type="OVERLAP" />
<TLINK id="TL276" fromID="E95" fromText="discharge" toID="E121" toText="discharge" type="OVERLAP" />
<TLINK id="TL277" fromID="E95" fromText="discharge" toID="E123" toText="discharge" type="OVERLAP" />
<TLINK id="TL278" fromID="E95" fromText="discharge" toID="E137" toText="discharge" type="OVERLAP" />
<TLINK id="TL279" fromID="E95" fromText="discharge" toID="E96" toText="home vancomycin administration" type="OVERLAP" />
<TLINK id="TL28" fromID="E4" fromText="EGD" toID="E6" toText="PICC placement" type="BEFORE" />
<TLINK id="TL280" fromID="E95" fromText="discharge" toID="T13" toText="the day" type="OVERLAP" />
<TLINK id="TL281" fromID="E96" fromText="home vancomycin administration" toID="E95" toText="discharge" type="OVERLAP" />
<TLINK id="TL282" fromID="E96" fromText="home vancomycin administration" toID="E119" toText="vancomycin" type="OVERLAP" />
<TLINK id="TL283" fromID="E96" fromText="home vancomycin administration" toID="T13" toText="the day" type="OVERLAP" />
<TLINK id="TL284" fromID="E97" fromText="nausea" toID="E98" toText="some cough" type="OVERLAP" />
<TLINK id="TL285" fromID="E97" fromText="nausea" toID="T14" toText="the morning of 11/16/04" type="OVERLAP" />
<TLINK id="TL286" fromID="E98" fromText="some cough" toID="E97" toText="nausea" type="OVERLAP" />
<TLINK id="TL287" fromID="E98" fromText="some cough" toID="E99" toText="apparent emesis" type="OVERLAP" />
<TLINK id="TL288" fromID="E98" fromText="some cough" toID="T14" toText="the morning of 11/16/04" type="OVERLAP" />
<TLINK id="TL289" fromID="E99" fromText="apparent emesis" toID="E98" toText="some cough" type="OVERLAP" />
<TLINK id="TL29" fromID="E5" fromText="chest x-ray" toID="E4" toText="EGD" type="OVERLAP" />
<TLINK id="TL290" fromID="E99" fromText="apparent emesis" toID="E111" toText="apparent suggestion of pill esophagitis" type="OVERLAP" />
<TLINK id="TL291" fromID="E99" fromText="apparent emesis" toID="T14" toText="the morning of 11/16/04" type="OVERLAP" />
<TLINK id="TL292" fromID="E100" fromText="GI" toID="E101" toText="an EGD" type="OVERLAP" />
<TLINK id="TL293" fromID="E101" fromText="an EGD" toID="E100" toText="GI" type="OVERLAP" />
<TLINK id="TL294" fromID="E101" fromText="an EGD" toID="E107" toText="her EGD" type="OVERLAP" />
<TLINK id="TL295" fromID="E101" fromText="an EGD" toID="E108" toText="The EGD" type="OVERLAP" />
<TLINK id="TL296" fromID="E101" fromText="an EGD" toID="E102" toText="the Endoscopy Suite" type="OVERLAP" />
<TLINK id="TL297" fromID="E103" fromText="a hypotensive episode" toID="E104" toText="some fluid boluses" type="OVERLAP" />
<TLINK id="TL298" fromID="E104" fromText="some fluid boluses" toID="E103" toText="a hypotensive episode" type="OVERLAP" />
<TLINK id="TL299" fromID="E104" fromText="some fluid boluses" toID="E115" toText="fluids" type="OVERLAP" />
<TLINK id="TL3" fromID="E1" fromText="DISCHARGE" toID="E121" toText="discharge" type="OVERLAP" />
<TLINK id="TL30" fromID="E4" fromText="EGD" toID="E5" toText="chest x-ray" type="OVERLAP" />
<TLINK id="TL300" fromID="E105" fromText="discharge" toID="E121" toText="discharge" type="OVERLAP" />
<TLINK id="TL301" fromID="E105" fromText="discharge" toID="E123" toText="discharge" type="OVERLAP" />
<TLINK id="TL302" fromID="E105" fromText="discharge" toID="E137" toText="discharge" type="OVERLAP" />
<TLINK id="TL303" fromID="E106" fromText="stabilized" toID="E105" toText="discharge" type="OVERLAP" />
<TLINK id="TL304" fromID="E107" fromText="her EGD" toID="E105" toText="discharge" type="OVERLAP" />
<TLINK id="TL305" fromID="E106" fromText="stabilized" toID="T15" toText="the day prior to discharge" type="OVERLAP" />
<TLINK id="TL306" fromID="E107" fromText="her EGD" toID="E106" toText="stabilized" type="OVERLAP" />
<TLINK id="TL307" fromID="E107" fromText="her EGD" toID="E108" toText="The EGD" type="OVERLAP" />
<TLINK id="TL308" fromID="E107" fromText="her EGD" toID="T15" toText="the day prior to discharge" type="OVERLAP" />
<TLINK id="TL309" fromID="E108" fromText="The EGD" toID="E109" toText="three esophageal ulcers" type="OVERLAP" />
<TLINK id="TL31" fromID="E5" fromText="chest x-ray" toID="E81" toText="her chest x-ray" type="OVERLAP" />
<TLINK id="TL310" fromID="E109" fromText="three esophageal ulcers" toID="E108" toText="The EGD" type="BEFORE" />
<TLINK id="TL311" fromID="E110" fromText="localized" toID="E108" toText="The EGD" type="BEFORE" />
<TLINK id="TL312" fromID="E111" fromText="apparent suggestion of pill esophagitis" toID="E108" toText="The EGD" type="BEFORE" />
<TLINK id="TL313" fromID="E109" fromText="three esophageal ulcers" toID="E110" toText="localized" type="OVERLAP" />
<TLINK id="TL314" fromID="E109" fromText="three esophageal ulcers" toID="E111" toText="apparent suggestion of pill esophagitis" type="OVERLAP" />
<TLINK id="TL315" fromID="E110" fromText="localized" toID="E109" toText="three esophageal ulcers" type="OVERLAP" />
<TLINK id="TL316" fromID="E111" fromText="apparent suggestion of pill esophagitis" toID="E109" toText="three esophageal ulcers" type="OVERLAP" />
<TLINK id="TL317" fromID="E110" fromText="localized" toID="E134" toText="localized to her left side" type="OVERLAP" />
<TLINK id="TL318" fromID="E110" fromText="localized" toID="E111" toText="apparent suggestion of pill esophagitis" type="OVERLAP" />
<TLINK id="TL319" fromID="E111" fromText="apparent suggestion of pill esophagitis" toID="E110" toText="localized" type="OVERLAP" />
<TLINK id="TL32" fromID="E5" fromText="chest x-ray" toID="E15" toText="left-sided chest pain" type="OVERLAP" />
<TLINK id="TL320" fromID="E112" fromText="Her stomach" toID="E113" toText="duodenum" type="OVERLAP" />
<TLINK id="TL321" fromID="E113" fromText="duodenum" toID="E112" toText="Her stomach" type="OVERLAP" />
<TLINK id="TL322" fromID="E114" fromText="her Nexium doses" toID="E112" toText="Her stomach" type="BEFORE" />
<TLINK id="TL323" fromID="E115" fromText="fluids" toID="E112" toText="Her stomach" type="BEFORE" />
<TLINK id="TL324" fromID="E116" fromText="her esophagus" toID="E112" toText="Her stomach" type="BEFORE" />
<TLINK id="TL325" fromID="E114" fromText="her Nexium doses" toID="E113" toText="duodenum" type="BEFORE" />
<TLINK id="TL326" fromID="E115" fromText="fluids" toID="E113" toText="duodenum" type="BEFORE" />
<TLINK id="TL327" fromID="E116" fromText="her esophagus" toID="E113" toText="duodenum" type="BEFORE" />
<TLINK id="TL328" fromID="E114" fromText="her Nexium doses" toID="E116" toText="her esophagus" type="OVERLAP" />
<TLINK id="TL329" fromID="E116" fromText="her esophagus" toID="E114" toText="her Nexium doses" type="OVERLAP" />
<TLINK id="TL33" fromID="E5" fromText="chest x-ray" toID="E130" toText="chest CT" type="OVERLAP" />
<TLINK id="TL330" fromID="E118" fromText="MRSA pneumonia" toID="E126" toText="her pneumonia" type="OVERLAP" />
<TLINK id="TL331" fromID="E118" fromText="MRSA pneumonia" toID="E119" toText="vancomycin" type="BEFORE" />
<TLINK id="TL332" fromID="E119" fromText="vancomycin" toID="T16" toText="the day" type="OVERLAP" />
<TLINK id="TL333" fromID="E120" fromText="an oxygen requirement" toID="E119" toText="vancomycin" type="BEFORE" />
<TLINK id="TL334" fromID="E120" fromText="an oxygen requirement" toID="E122" toText="her oxygen requirement" type="OVERLAP" />
<TLINK id="TL335" fromID="E120" fromText="an oxygen requirement" toID="E121" toText="discharge" type="BEFORE" />
<TLINK id="TL336" fromID="E120" fromText="an oxygen requirement" toID="T16" toText="the day" type="OVERLAP" />
<TLINK id="TL337" fromID="E121" fromText="discharge" toID="E123" toText="discharge" type="OVERLAP" />
<TLINK id="TL338" fromID="E121" fromText="discharge" toID="E137" toText="discharge" type="OVERLAP" />
<TLINK id="TL339" fromID="E121" fromText="discharge" toID="T16" toText="the day" type="OVERLAP" />
<TLINK id="TL34" fromID="E5" fromText="chest x-ray" toID="E16" toText="her chest" type="OVERLAP" />
<TLINK id="TL340" fromID="E122" fromText="her oxygen requirement" toID="T17" toText="the day prior to discharge" type="OVERLAP" />
<TLINK id="TL341" fromID="E122" fromText="her oxygen requirement" toID="T18" toText="two" type="OVERLAP" />
<TLINK id="TL342" fromID="E123" fromText="discharge" toID="E137" toText="discharge" type="OVERLAP" />
<TLINK id="TL343" fromID="E123" fromText="discharge" toID="T18" toText="two" type="OVERLAP" />
<TLINK id="TL344" fromID="E124" fromText="satting well" toID="E125" toText="nasal cannula" type="OVERLAP" />
<TLINK id="TL345" fromID="E124" fromText="satting well" toID="T17" toText="the day prior to discharge" type="OVERLAP" />
<TLINK id="TL346" fromID="E124" fromText="satting well" toID="T18" toText="two" type="OVERLAP" />
<TLINK id="TL347" fromID="E125" fromText="nasal cannula" toID="E124" toText="satting well" type="OVERLAP" />
<TLINK id="TL348" fromID="E125" fromText="nasal cannula" toID="T18" toText="two" type="OVERLAP" />
<TLINK id="TL349" fromID="E126" fromText="her pneumonia" toID="E127" toText="her right ventricular hypokinesis" type="OVERLAP" />
<TLINK id="TL35" fromID="E5" fromText="chest x-ray" toID="E6" toText="PICC placement" type="OVERLAP" />
<TLINK id="TL350" fromID="E127" fromText="her right ventricular hypokinesis" toID="E126" toText="her pneumonia" type="OVERLAP" />
<TLINK id="TL351" fromID="E128" fromText="pulmonary hypertension" toID="E129" toText="further investigation" type="OVERLAP" />
<TLINK id="TL352" fromID="E131" fromText="some erythematous rash under her left breast and left side" toID="E133" toText="The rash" type="OVERLAP" />
<TLINK id="TL353" fromID="E131" fromText="some erythematous rash under her left breast and left side" toID="E134" toText="localized to her left side" type="OVERLAP" />
<TLINK id="TL354" fromID="E131" fromText="some erythematous rash under her left breast and left side" toID="E135" toText="The rash" type="OVERLAP" />
<TLINK id="TL355" fromID="E133" fromText="The rash" toID="E135" toText="The rash" type="OVERLAP" />
<TLINK id="TL356" fromID="E133" fromText="The rash" toID="E134" toText="localized to her left side" type="OVERLAP" />
<TLINK id="TL357" fromID="E134" fromText="localized to her left side" toID="E133" toText="The rash" type="OVERLAP" />
<TLINK id="TL358" fromID="E136" fromText="resolving" toID="E137" toText="discharge" type="OVERLAP" />
<TLINK id="TL36" fromID="E6" fromText="PICC placement" toID="E5" toText="chest x-ray" type="OVERLAP" />
<TLINK id="TL37" fromID="E6" fromText="PICC placement" toID="E94" toText="PICC line" type="OVERLAP" />
<TLINK id="TL38" fromID="E7" fromText="diabetes mellitus" toID="E8" toText="hypertension" type="OVERLAP" />
<TLINK id="TL39" fromID="E7" fromText="diabetes mellitus" toID="E9" toText="COPD" type="OVERLAP" />
<TLINK id="TL4" fromID="E1" fromText="DISCHARGE" toID="E123" toText="discharge" type="OVERLAP" />
<TLINK id="TL40" fromID="E7" fromText="diabetes mellitus" toID="E10" toText="hypercholesterolemia" type="OVERLAP" />
<TLINK id="TL41" fromID="E7" fromText="diabetes mellitus" toID="E11" toText="depression" type="OVERLAP" />
<TLINK id="TL42" fromID="E7" fromText="diabetes mellitus" toID="T2" toText="the night" type="OVERLAP" />
<TLINK id="TL43" fromID="E8" fromText="hypertension" toID="E7" toText="diabetes mellitus" type="OVERLAP" />
<TLINK id="TL44" fromID="E9" fromText="COPD" toID="E7" toText="diabetes mellitus" type="OVERLAP" />
<TLINK id="TL45" fromID="E10" fromText="hypercholesterolemia" toID="E7" toText="diabetes mellitus" type="OVERLAP" />
<TLINK id="TL46" fromID="E11" fromText="depression" toID="E7" toText="diabetes mellitus" type="OVERLAP" />
<TLINK id="TL47" fromID="E8" fromText="hypertension" toID="E128" toText="pulmonary hypertension" type="OVERLAP" />
<TLINK id="TL48" fromID="E8" fromText="hypertension" toID="E9" toText="COPD" type="OVERLAP" />
<TLINK id="TL49" fromID="E8" fromText="hypertension" toID="E10" toText="hypercholesterolemia" type="OVERLAP" />
<TLINK id="TL5" fromID="E1" fromText="DISCHARGE" toID="E137" toText="discharge" type="OVERLAP" />
<TLINK id="TL50" fromID="E8" fromText="hypertension" toID="E11" toText="depression" type="OVERLAP" />
<TLINK id="TL51" fromID="E8" fromText="hypertension" toID="E12" toText="CHF" type="OVERLAP" />
<TLINK id="TL52" fromID="E8" fromText="hypertension" toID="T2" toText="the night" type="OVERLAP" />
<TLINK id="TL53" fromID="E9" fromText="COPD" toID="E8" toText="hypertension" type="OVERLAP" />
<TLINK id="TL54" fromID="E10" fromText="hypercholesterolemia" toID="E8" toText="hypertension" type="OVERLAP" />
<TLINK id="TL55" fromID="E11" fromText="depression" toID="E8" toText="hypertension" type="OVERLAP" />
<TLINK id="TL56" fromID="E12" fromText="CHF" toID="E8" toText="hypertension" type="OVERLAP" />
<TLINK id="TL57" fromID="E45" fromText="COPD" toID="E9" toText="COPD" type="OVERLAP" />
<TLINK id="TL58" fromID="E9" fromText="COPD" toID="E10" toText="hypercholesterolemia" type="OVERLAP" />
<TLINK id="TL59" fromID="E9" fromText="COPD" toID="E11" toText="depression" type="OVERLAP" />
<TLINK id="TL6" fromID="E44" fromText="a dobutamine stress test" toID="E2" toText="Dobutamine stress test" type="OVERLAP" />
<TLINK id="TL60" fromID="E9" fromText="COPD" toID="E12" toText="CHF" type="OVERLAP" />
<TLINK id="TL61" fromID="E9" fromText="COPD" toID="T2" toText="the night" type="OVERLAP" />
<TLINK id="TL62" fromID="E10" fromText="hypercholesterolemia" toID="E9" toText="COPD" type="OVERLAP" />
<TLINK id="TL63" fromID="E11" fromText="depression" toID="E9" toText="COPD" type="OVERLAP" />
<TLINK id="TL64" fromID="E12" fromText="CHF" toID="E9" toText="COPD" type="OVERLAP" />
<TLINK id="TL65" fromID="E10" fromText="hypercholesterolemia" toID="E11" toText="depression" type="OVERLAP" />
<TLINK id="TL66" fromID="E10" fromText="hypercholesterolemia" toID="E12" toText="CHF" type="OVERLAP" />
<TLINK id="TL67" fromID="E10" fromText="hypercholesterolemia" toID="T2" toText="the night" type="OVERLAP" />
<TLINK id="TL68" fromID="E11" fromText="depression" toID="E10" toText="hypercholesterolemia" type="OVERLAP" />
<TLINK id="TL69" fromID="E12" fromText="CHF" toID="E10" toText="hypercholesterolemia" type="OVERLAP" />
<TLINK id="TL7" fromID="E46" fromText="the stress portion" toID="E2" toText="Dobutamine stress test" type="OVERLAP" />
<TLINK id="TL70" fromID="E11" fromText="depression" toID="E12" toText="CHF" type="OVERLAP" />
<TLINK id="TL71" fromID="E11" fromText="depression" toID="E13" toText="lying in bed" type="OVERLAP" />
<TLINK id="TL72" fromID="E11" fromText="depression" toID="T2" toText="the night" type="OVERLAP" />
<TLINK id="TL73" fromID="E12" fromText="CHF" toID="E11" toText="depression" type="OVERLAP" />
<TLINK id="TL74" fromID="E13" fromText="lying in bed" toID="E11" toText="depression" type="OVERLAP" />
<TLINK id="TL75" fromID="E12" fromText="CHF" toID="E13" toText="lying in bed" type="OVERLAP" />
<TLINK id="TL76" fromID="E12" fromText="CHF" toID="T2" toText="the night" type="OVERLAP" />
<TLINK id="TL77" fromID="E13" fromText="lying in bed" toID="E12" toText="CHF" type="OVERLAP" />
<TLINK id="TL78" fromID="E13" fromText="lying in bed" toID="T2" toText="the night" type="OVERLAP" />
<TLINK id="TL79" fromID="E14" fromText="admission" toID="T2" toText="the night" type="OVERLAP" />
<TLINK id="TL8" fromID="E66" fromText="another dobutamine stress test" toID="E2" toText="Dobutamine stress test" type="OVERLAP" />
<TLINK id="TL80" fromID="E15" fromText="left-sided chest pain" toID="E14" toText="admission" type="OVERLAP" />
<TLINK id="TL81" fromID="E81" fromText="her chest x-ray" toID="E15" toText="left-sided chest pain" type="OVERLAP" />
<TLINK id="TL82" fromID="E15" fromText="left-sided chest pain" toID="E130" toText="chest CT" type="OVERLAP" />
<TLINK id="TL83" fromID="E15" fromText="left-sided chest pain" toID="E131" toText="some erythematous rash under her left breast and left side" type="OVERLAP" />
<TLINK id="TL84" fromID="E15" fromText="left-sided chest pain" toID="E16" toText="her chest" type="OVERLAP" />
<TLINK id="TL85" fromID="E15" fromText="left-sided chest pain" toID="E134" toText="localized to her left side" type="OVERLAP" />
<TLINK id="TL86" fromID="E15" fromText="left-sided chest pain" toID="E17" toText="radiated down her left arm" type="OVERLAP" />
<TLINK id="TL87" fromID="E15" fromText="left-sided chest pain" toID="E23" toText="persistent pain" type="OVERLAP" />
<TLINK id="TL88" fromID="E15" fromText="left-sided chest pain" toID="E26" toText="pain" type="OVERLAP" />
<TLINK id="TL89" fromID="E15" fromText="left-sided chest pain" toID="E30" toText="arrived pain" type="OVERLAP" />
<TLINK id="TL9" fromID="E67" fromText="This stress test" toID="E2" toText="Dobutamine stress test" type="OVERLAP" />
<TLINK id="TL90" fromID="E15" fromText="left-sided chest pain" toID="T2" toText="the night" type="OVERLAP" />
<TLINK id="TL91" fromID="E81" fromText="her chest x-ray" toID="E16" toText="her chest" type="OVERLAP" />
<TLINK id="TL92" fromID="E130" fromText="chest CT" toID="E16" toText="her chest" type="OVERLAP" />
<TLINK id="TL93" fromID="E16" fromText="her chest" toID="T2" toText="the night" type="OVERLAP" />
<TLINK id="TL94" fromID="E131" fromText="some erythematous rash under her left breast and left side" toID="E17" toText="radiated down her left arm" type="OVERLAP" />
<TLINK id="TL95" fromID="E134" fromText="localized to her left side" toID="E17" toText="radiated down her left arm" type="OVERLAP" />
<TLINK id="TL96" fromID="E17" fromText="radiated down her left arm" toID="E18" toText="some nausea" type="OVERLAP" />
<TLINK id="TL97" fromID="E17" fromText="radiated down her left arm" toID="E19" toText="shortness of breath" type="OVERLAP" />
<TLINK id="TL98" fromID="E17" fromText="radiated down her left arm" toID="E20" toText="cough" type="OVERLAP" />
<TLINK id="TL99" fromID="E17" fromText="radiated down her left arm" toID="E21" toText="vomiting" type="OVERLAP" />
<TLINK id="SECTIME0" fromID="E36" fromText="the prior EKG" toID="T0" toText="11/17/2004" type="BEFORE" />
<TLINK id="SECTIME1" fromID="E3" fromText="cardiac ultrasound" toID="T0" toText="11/17/2004" type="BEFORE" />
<TLINK id="SECTIME2" fromID="E37" fromText="admitted" toID="T1" toText="11/26/2004" type="BEFORE" />
<TLINK id="SECTIME3" fromID="E38" fromText="Team Four" toID="T1" toText="11/26/2004" type="BEFORE" />
<TLINK id="SECTIME4" fromID="E39" fromText="cardiac monitoring" toID="T1" toText="11/26/2004" type="BEFORE" />
<TLINK id="SECTIME5" fromID="E40" fromText="ruling out" toID="T1" toText="11/26/2004" type="BEFORE" />
<TLINK id="SECTIME6" fromID="E41" fromText="MI" toID="T1" toText="11/26/2004" type="BEFORE" />
<TLINK id="SECTIME7" fromID="E42" fromText="MI" toID="T1" toText="11/26/2004" type="BEFORE" />
<TLINK id="SECTIME8" fromID="E43" fromText="cardiac markers" toID="T1" toText="11/26/2004" type="BEFORE" />
<TLINK id="SECTIME9" fromID="E4" fromText="EGD" toID="T0" toText="11/17/2004" type="BEFORE" />
<TLINK id="SECTIME10" fromID="E44" fromText="a dobutamine stress test" toID="T1" toText="11/26/2004" type="BEFORE" />
<TLINK id="SECTIME11" fromID="E5" fromText="chest x-ray" toID="T0" toText="11/17/2004" type="BEFORE" />
<TLINK id="SECTIME12" fromID="E45" fromText="COPD" toID="T1" toText="11/26/2004" type="BEFORE" />
<TLINK id="SECTIME13" fromID="E46" fromText="the stress portion" toID="T1" toText="11/26/2004" type="BEFORE" />
<TLINK id="SECTIME14" fromID="E47" fromText="canceled" toID="T1" toText="11/26/2004" type="BEFORE" />
<TLINK id="SECTIME15" fromID="E48" fromText="fever" toID="T1" toText="11/26/2004" type="BEFORE" />
<TLINK id="SECTIME16" fromID="E49" fromText="hypotension" toID="T1" toText="11/26/2004" type="BEFORE" />
<TLINK id="SECTIME17" fromID="E50" fromText="a cardiac echo" toID="T1" toText="11/26/2004" type="BEFORE" />
<TLINK id="SECTIME18" fromID="E6" fromText="PICC placement" toID="T0" toText="11/17/2004" type="BEFORE" />
<TLINK id="SECTIME19" fromID="E51" fromText="transthoracic echocardiogram" toID="T1" toText="11/26/2004" type="BEFORE" />
<TLINK id="SECTIME20" fromID="E52" fromText="This echo" toID="T1" toText="11/26/2004" type="BEFORE" />
<TLINK id="SECTIME21" fromID="E53" fromText="showed" toID="T1" toText="11/26/2004" type="BEFORE" />
<TLINK id="SECTIME22" fromID="E54" fromText="LV ejection fraction" toID="T1" toText="11/26/2004" type="BEFORE" />
<TLINK id="SECTIME23" fromID="E55" fromText="wall motion abnormality" toID="T1" toText="11/26/2004" type="BEFORE" />
<TLINK id="SECTIME24" fromID="E56" fromText="diffusely hypokinetic" toID="T1" toText="11/26/2004" type="BEFORE" />
<TLINK id="SECTIME25" fromID="E57" fromText="imaged" toID="T1" toText="11/26/2004" type="BEFORE" />
<TLINK id="SECTIME26" fromID="E58" fromText="RVSP" toID="T1" toText="11/26/2004" type="BEFORE" />
<TLINK id="SECTIME27" fromID="E59" fromText="a hypotensive episode" toID="T1" toText="11/26/2004" type="BEFORE" />
<TLINK id="SECTIME28" fromID="E60" fromText="the endoscopy suite" toID="T1" toText="11/26/2004" type="BEFORE" />
<TLINK id="SECTIME29" fromID="E61" fromText="her EGD" toID="T1" toText="11/26/2004" type="BEFORE" />
<TLINK id="SECTIME30" fromID="E62" fromText="fluid bolus" toID="T1" toText="11/26/2004" type="BEFORE" />
<TLINK id="SECTIME31" fromID="E63" fromText="transferred" toID="T1" toText="11/26/2004" type="BEFORE" />
<TLINK id="SECTIME32" fromID="E64" fromText="Medicine Team D" toID="T1" toText="11/26/2004" type="BEFORE" />
<TLINK id="SECTIME33" fromID="E65" fromText="her tenuous hemodynamic status" toID="T1" toText="11/26/2004" type="BEFORE" />
<TLINK id="SECTIME34" fromID="E66" fromText="another dobutamine stress test" toID="T1" toText="11/26/2004" type="BEFORE" />
<TLINK id="SECTIME35" fromID="E67" fromText="This stress test" toID="T1" toText="11/26/2004" type="BEFORE" />
<TLINK id="SECTIME36" fromID="E68" fromText="hypotension" toID="T1" toText="11/26/2004" type="BEFORE" />
<TLINK id="SECTIME37" fromID="E69" fromText="some mild anterior septal thinning" toID="T1" toText="11/26/2004" type="BEFORE" />
<TLINK id="SECTIME38" fromID="E7" fromText="diabetes mellitus" toID="T0" toText="11/17/2004" type="BEFORE" />
<TLINK id="SECTIME39" fromID="E70" fromText="ischemia" toID="T1" toText="11/26/2004" type="BEFORE" />
<TLINK id="SECTIME40" fromID="E71" fromText="an EF" toID="T1" toText="11/26/2004" type="OVERLAP" />
<TLINK id="SECTIME41" fromID="E72" fromText="this test" toID="T1" toText="11/26/2004" type="BEFORE" />
<TLINK id="SECTIME42" fromID="E73" fromText="the patient &amp;apos;s hemodynamic vascular status" toID="T1" toText="11/26/2004" type="BEFORE" />
<TLINK id="SECTIME43" fromID="E74" fromText="dobutamine" toID="T1" toText="11/26/2004" type="BEFORE" />
<TLINK id="SECTIME44" fromID="E8" fromText="hypertension" toID="T0" toText="11/17/2004" type="BEFORE" />
<TLINK id="SECTIME45" fromID="E75" fromText="noted" toID="T1" toText="11/26/2004" type="BEFORE" />
<TLINK id="SECTIME46" fromID="E76" fromText="increased dyspnea" toID="T1" toText="11/26/2004" type="BEFORE" />
<TLINK id="SECTIME47" fromID="E77" fromText="a fever" toID="T1" toText="11/26/2004" type="BEFORE" />
<TLINK id="SECTIME48" fromID="E78" fromText="levofloxacin" toID="T1" toText="11/26/2004" type="BEFORE" />
<TLINK id="SECTIME49" fromID="E79" fromText="a potential UTI" toID="T1" toText="11/26/2004" type="BEFORE" />
<TLINK id="SECTIME50" fromID="E9" fromText="COPD" toID="T0" toText="11/17/2004" type="BEFORE" />
<TLINK id="SECTIME51" fromID="E80" fromText="low-grade fevers" toID="T1" toText="11/26/2004" type="BEFORE" />
<TLINK id="SECTIME52" fromID="E10" fromText="hypercholesterolemia" toID="T0" toText="11/17/2004" type="BEFORE" />
<TLINK id="SECTIME53" fromID="E81" fromText="her chest x-ray" toID="T1" toText="11/26/2004" type="BEFORE" />
<TLINK id="SECTIME54" fromID="E82" fromText="showed" toID="T1" toText="11/26/2004" type="BEFORE" />
<TLINK id="SECTIME55" fromID="E83" fromText="new right upper lobe infiltrates" toID="T1" toText="11/26/2004" type="BEFORE" />
<TLINK id="SECTIME56" fromID="E84" fromText="ceftriaxone" toID="T1" toText="11/26/2004" type="BEFORE" />
<TLINK id="SECTIME57" fromID="E85" fromText="azithromycin" toID="T1" toText="11/26/2004" type="BEFORE" />
<TLINK id="SECTIME58" fromID="E86" fromText="Her urine legionella antigen" toID="T1" toText="11/26/2004" type="BEFORE" />
<TLINK id="SECTIME59" fromID="E87" fromText="noted" toID="T1" toText="11/26/2004" type="OVERLAP" />
<TLINK id="SECTIME60" fromID="E88" fromText="gram-positive cocci in her sputum" toID="T1" toText="11/26/2004" type="BEFORE" />
<TLINK id="SECTIME61" fromID="E11" fromText="depression" toID="T0" toText="11/17/2004" type="BEFORE" />
<TLINK id="SECTIME62" fromID="E89" fromText="vancomycin" toID="T1" toText="11/26/2004" type="BEFORE" />
<TLINK id="SECTIME63" fromID="E90" fromText="this" toID="T1" toText="11/26/2004" type="BEFORE" />
<TLINK id="SECTIME64" fromID="E91" fromText="These bacteria" toID="T1" toText="11/26/2004" type="BEFORE" />
<TLINK id="SECTIME65" fromID="E92" fromText="MRSA" toID="T1" toText="11/26/2004" type="BEFORE" />
<TLINK id="SECTIME66" fromID="E93" fromText="her vancomycin" toID="T1" toText="11/26/2004" type="BEFORE" />
<TLINK id="SECTIME67" fromID="E94" fromText="PICC line" toID="T1" toText="11/26/2004" type="BEFORE" />
<TLINK id="SECTIME68" fromID="E12" fromText="CHF" toID="T0" toText="11/17/2004" type="BEFORE" />
<TLINK id="SECTIME69" fromID="E95" fromText="discharge" toID="T1" toText="11/26/2004" type="OVERLAP" />
<TLINK id="SECTIME70" fromID="E96" fromText="home vancomycin administration" toID="T1" toText="11/26/2004" type="AFTER" />
<TLINK id="SECTIME71" fromID="E97" fromText="nausea" toID="T1" toText="11/26/2004" type="BEFORE" />
<TLINK id="SECTIME72" fromID="E13" fromText="lying in bed" toID="T0" toText="11/17/2004" type="BEFORE" />
<TLINK id="SECTIME73" fromID="E98" fromText="some cough" toID="T1" toText="11/26/2004" type="BEFORE" />
<TLINK id="SECTIME74" fromID="E99" fromText="apparent emesis" toID="T1" toText="11/26/2004" type="BEFORE" />
<TLINK id="SECTIME75" fromID="E100" fromText="GI" toID="T1" toText="11/26/2004" type="AFTER" />
<TLINK id="SECTIME76" fromID="E101" fromText="an EGD" toID="T1" toText="11/26/2004" type="BEFORE" />
<TLINK id="SECTIME77" fromID="E102" fromText="the Endoscopy Suite" toID="T1" toText="11/26/2004" type="BEFORE" />
<TLINK id="SECTIME78" fromID="E103" fromText="a hypotensive episode" toID="T1" toText="11/26/2004" type="BEFORE" />
<TLINK id="SECTIME79" fromID="E104" fromText="some fluid boluses" toID="T1" toText="11/26/2004" type="BEFORE" />
<TLINK id="SECTIME80" fromID="E105" fromText="discharge" toID="T1" toText="11/26/2004" type="OVERLAP" />
<TLINK id="SECTIME81" fromID="E106" fromText="stabilized" toID="T1" toText="11/26/2004" type="BEFORE" />
<TLINK id="SECTIME82" fromID="E107" fromText="her EGD" toID="T1" toText="11/26/2004" type="BEFORE" />
<TLINK id="SECTIME83" fromID="E14" fromText="admission" toID="T0" toText="11/17/2004" type="OVERLAP" />
<TLINK id="SECTIME84" fromID="E108" fromText="The EGD" toID="T1" toText="11/26/2004" type="BEFORE" />
<TLINK id="SECTIME85" fromID="E109" fromText="three esophageal ulcers" toID="T1" toText="11/26/2004" type="BEFORE" />
<TLINK id="SECTIME86" fromID="E110" fromText="localized" toID="T1" toText="11/26/2004" type="BEFORE" />
<TLINK id="SECTIME87" fromID="E111" fromText="apparent suggestion of pill esophagitis" toID="T1" toText="11/26/2004" type="BEFORE" />
<TLINK id="SECTIME88" fromID="E112" fromText="Her stomach" toID="T1" toText="11/26/2004" type="BEFORE" />
<TLINK id="SECTIME89" fromID="E113" fromText="duodenum" toID="T1" toText="11/26/2004" type="BEFORE" />
<TLINK id="SECTIME90" fromID="E114" fromText="her Nexium doses" toID="T1" toText="11/26/2004" type="BEFORE" />
<TLINK id="SECTIME91" fromID="E115" fromText="fluids" toID="T1" toText="11/26/2004" type="BEFORE" />
<TLINK id="SECTIME92" fromID="E15" fromText="left-sided chest pain" toID="T0" toText="11/17/2004" type="BEFORE" />
<TLINK id="SECTIME93" fromID="E116" fromText="her esophagus" toID="T1" toText="11/26/2004" type="BEFORE" />
<TLINK id="SECTIME94" fromID="E117" fromText="Shortness of breath" toID="T1" toText="11/26/2004" type="BEFORE" />
<TLINK id="SECTIME95" fromID="E118" fromText="MRSA pneumonia" toID="T1" toText="11/26/2004" type="BEFORE" />
<TLINK id="SECTIME96" fromID="E119" fromText="vancomycin" toID="T1" toText="11/26/2004" type="BEFORE" />
<TLINK id="SECTIME97" fromID="E120" fromText="an oxygen requirement" toID="T1" toText="11/26/2004" type="BEFORE" />
<TLINK id="SECTIME98" fromID="E121" fromText="discharge" toID="T1" toText="11/26/2004" type="OVERLAP" />
<TLINK id="SECTIME99" fromID="E122" fromText="her oxygen requirement" toID="T1" toText="11/26/2004" type="BEFORE" />
<TLINK id="SECTIME100" fromID="E123" fromText="discharge" toID="T1" toText="11/26/2004" type="OVERLAP" />
<TLINK id="SECTIME101" fromID="E124" fromText="satting well" toID="T1" toText="11/26/2004" type="BEFORE" />
<TLINK id="SECTIME102" fromID="E125" fromText="nasal cannula" toID="T1" toText="11/26/2004" type="BEFORE" />
<TLINK id="SECTIME103" fromID="E126" fromText="her pneumonia" toID="T1" toText="11/26/2004" type="BEFORE" />
<TLINK id="SECTIME104" fromID="E127" fromText="her right ventricular hypokinesis" toID="T1" toText="11/26/2004" type="BEFORE" />
<TLINK id="SECTIME105" fromID="E128" fromText="pulmonary hypertension" toID="T1" toText="11/26/2004" type="BEFORE" />
<TLINK id="SECTIME106" fromID="E129" fromText="further investigation" toID="T1" toText="11/26/2004" type="AFTER" />
<TLINK id="SECTIME107" fromID="E130" fromText="chest CT" toID="T1" toText="11/26/2004" type="BEFORE" />
<TLINK id="SECTIME108" fromID="E131" fromText="some erythematous rash under her left breast and left side" toID="T1" toText="11/26/2004" type="BEFORE" />
<TLINK id="SECTIME109" fromID="E16" fromText="her chest" toID="T0" toText="11/17/2004" type="AFTER" />
<TLINK id="SECTIME110" fromID="E132" fromText="some Miconazole Cream" toID="T1" toText="11/26/2004" type="BEFORE" />
<TLINK id="SECTIME111" fromID="E133" fromText="The rash" toID="T1" toText="11/26/2004" type="BEFORE" />
<TLINK id="SECTIME112" fromID="E134" fromText="localized to her left side" toID="T1" toText="11/26/2004" type="BEFORE" />
<TLINK id="SECTIME113" fromID="E17" fromText="radiated down her left arm" toID="T0" toText="11/17/2004" type="BEFORE" />
<TLINK id="SECTIME114" fromID="E135" fromText="The rash" toID="T1" toText="11/26/2004" type="BEFORE" />
<TLINK id="SECTIME115" fromID="E136" fromText="resolving" toID="T1" toText="11/26/2004" type="BEFORE" />
<TLINK id="SECTIME116" fromID="E137" fromText="discharge" toID="T1" toText="11/26/2004" type="OVERLAP" />
<TLINK id="SECTIME117" fromID="E18" fromText="some nausea" toID="T0" toText="11/17/2004" type="BEFORE" />
<TLINK id="SECTIME118" fromID="E19" fromText="shortness of breath" toID="T0" toText="11/17/2004" type="BEFORE" />
<TLINK id="SECTIME119" fromID="E20" fromText="cough" toID="T0" toText="11/17/2004" type="BEFORE" />
<TLINK id="SECTIME120" fromID="E21" fromText="vomiting" toID="T0" toText="11/17/2004" type="BEFORE" />
<TLINK id="SECTIME121" fromID="E22" fromText="diarrhea" toID="T0" toText="11/17/2004" type="BEFORE" />
<TLINK id="SECTIME122" fromID="E23" fromText="persistent pain" toID="T0" toText="11/17/2004" type="BEFORE" />
<TLINK id="SECTIME123" fromID="E24" fromText="La Community Hospital" toID="T0" toText="11/17/2004" type="BEFORE" />
<TLINK id="SECTIME124" fromID="E25" fromText="sublingual nitroglycerin" toID="T0" toText="11/17/2004" type="BEFORE" />
<TLINK id="SECTIME125" fromID="E26" fromText="pain" toID="T0" toText="11/17/2004" type="BEFORE" />
<TLINK id="SECTIME126" fromID="E27" fromText="refused ambulance" toID="T0" toText="11/17/2004" type="BEFORE" />
<TLINK id="SECTIME127" fromID="E28" fromText="the Emergency Room" toID="T0" toText="11/17/2004" type="BEFORE" />
<TLINK id="SECTIME129" fromID="E29" fromText="Well General Hospital Emergency Room" toID="T0" toText="11/17/2004" type="BEFORE" />
<TLINK id="SECTIME130" fromID="E30" fromText="arrived pain" toID="T0" toText="11/17/2004" type="BEFORE" />
<TLINK id="SECTIME131" fromID="E31" fromText="Aspirin" toID="T0" toText="11/17/2004" type="BEFORE" />
<TLINK id="SECTIME132" fromID="E32" fromText="Lopressor" toID="T0" toText="11/17/2004" type="BEFORE" />
<TLINK id="SECTIME133" fromID="E33" fromText="Insulin" toID="T0" toText="11/17/2004" type="BEFORE" />
<TLINK id="SECTIME134" fromID="E34" fromText="hyperglycemia" toID="T0" toText="11/17/2004" type="BEFORE" />
<TLINK id="SECTIME135" fromID="E35" fromText="EKG" toID="T0" toText="11/17/2004" type="BEFORE" />
<SECTIME id="S0" start="18" end="28" text="11/17/2004" type="ADMISSION" dvalue="2004-11-17" />
<SECTIME id="S1" start="46" end="56" text="11/26/2004" type="DISCHARGE" dvalue="2004-11-26" />
</TAGS>
</ClinicalNarrativeTemporalAnnotation>
