<?xml version="1.0" encoding="UTF-8" ?>
<ClinicalNarrativeTemporalAnnotation>
<TEXT><![CDATA[
Admission Date :
2015-08-22
Discharge Date :
2015-08-26
Service :
CMED
History of Present Illness :
68 year old right handed man with multiple vascular risk factors , including 2 previous strokes and two myocardial infarctions , hypertension and hypercholesterolemia , who presents with acute onset right sided hemiplegia and dysarthria .
He went to the bathroom on his own at 6:12 AM and then called for help at 6:15 AM .
His wife found him with weak right leg , flaccid right arm , and severe dysarthria .
She called 911 and he was brought to Hahnemann General Hospital Lydia .
ROS :
Wife denies any recent bleeding , surgeries , or upper respiratory infection .
Brief Hospital Course :
Assessment :
68M with multiple vascular risk factors presents with acute onset right-sided hemiparesis and dysarthria , aphasia concerning for acute left MCA infarct .
Patient arrived in Daniel within 3 hours of symptom onset and head CT showed no evidence of bleed .
However , as wife had not seen patient before he became symptomatic , there was some concern that he had symptoms earlier than 6 am , and therefore would be outside the 3 hour window for TPA .
MRI was performed which showed diffusion abnormalities but no hyperintensity on T2 / FLAIR imaging supporting the acute onset .
Therefore , IV tpa thrombolytics were administered within 3 hours of symptom onset .
Within minutes the patient showed decreased right sided weakness and improved from a global aphasia to an anterior aphasia picture .
Given the likely embolic etiology of infarct , carotid doppler and TTE were performed .
Doppler revealed no hemodynamically significant lesions bilaterally .
Echo did not reveal potential source of emboli , but showed striking left ventricle akinesis and hypokinesis presumbly due to past MI x 2 .
Given that the stroke occurred while taking aspirin and plavix , and given the severe akinesis of the left ventricle , we decided to initiate anticoagulation with warfarin to help prevent future strokes .
Anticoagulation therapy was initiated with heparin and coumadin beginning on the evening of 2016-08-23 .
The patient and his wife , a nurse , were educated on low molecular wt heparin , which was started in the hospital on 2015-08-26 with close follow-up scheduled with Dr. Demmert of the Wareham VA primary care clinic the next morning .
His depakote was continued for his bipolar disorder .
On discharge , strength was nearly intact in the limbs , though he still had a right-sided facial droop .
Additionally , he still had mild dysarthria and mild anterior aphasia .
Additionally , risk factor modification was continued .
Lipid panel was checked and showed good control of lipids on his home dose of zocor .
Patient has no history of diabetes , and fasting glucose was 78 , but A1C was slightly elevated at 5.9 .
He may need further glucose monitoring in the future .
His home hypertensive medications were held while in the hospital to help increase cerebral perfusion and prevent further ischemia .
They will be restarted on discharge .
Speech therapy was also consulted , and recommended oupatient speech therapy .
Similarly , outpatient PT was recommended for his gait difficulties from his previous strokes .
Residual deficits include right side facial droop from previous stroke and moderately severe dysarthria and anterior aphasia with word finding difficulties .
]]></TEXT>
<TAGS>
<EVENT id="E0" start="1" end="10" text="Admission" modality="OCCURRENCE" polarity="POS" type="OCCURRENCE" />
<EVENT id="E26" start="1014" end="1025" text="symptomatic" modality="PROBLEM" polarity="POS" type="PROBLEM" />
<EVENT id="E27" start="1063" end="1071" text="symptoms" modality="PROBLEM" polarity="POS" type="PROBLEM" />
<EVENT id="E28" start="1145" end="1148" text="TPA" modality="PROBLEM" polarity="POS" type="PROBLEM" />
<EVENT id="E29" start="1151" end="1154" text="MRI" modality="TEST" polarity="POS" type="TEST" />
<EVENT id="E30" start="1175" end="1181" text="showed" modality="EVIDENTIAL" polarity="POS" type="EVIDENTIAL" />
<EVENT id="E31" start="1182" end="1205" text="diffusion abnormalities" modality="PROBLEM" polarity="POS" type="PROBLEM" />
<EVENT id="E32" start="1213" end="1227" text="hyperintensity" modality="PROBLEM" polarity="NEG" type="PROBLEM" />
<EVENT id="E33" start="1231" end="1249" text="T2 / FLAIR imaging" modality="PROBLEM" polarity="POS" type="TREATMENT" />
<EVENT id="E34" start="1291" end="1311" text="IV tpa thrombolytics" modality="TREATMENT" polarity="POS" type="TREATMENT" />
<EVENT id="E2" start="135" end="165" text="multiple vascular risk factors" modality="PROBLEM" polarity="POS" type="PROBLEM" />
<EVENT id="E35" start="1348" end="1361" text="symptom onset" modality="FACTUAL" polarity="POS" type="TREATMENT" />
<EVENT id="E36" start="1391" end="1397" text="showed" modality="EVIDENTIAL" polarity="POS" type="EVIDENTIAL" />
<EVENT id="E37" start="1398" end="1428" text="decreased right sided weakness" modality="PROBLEM" polarity="POS" type="PROBLEM" />
<EVENT id="E38" start="1433" end="1441" text="improved" modality="OCCURRENCE" polarity="POS" type="OCCURRENCE" />
<EVENT id="E39" start="1447" end="1463" text="a global aphasia" modality="PROBLEM" polarity="POS" type="PROBLEM" />
<EVENT id="E40" start="1467" end="1494" text="an anterior aphasia picture" modality="PROBLEM" polarity="POS" type="PROBLEM" />
<EVENT id="E41" start="1534" end="1541" text="infarct" modality="PROBLEM" polarity="POS" type="PROBLEM" />
<EVENT id="E42" start="1544" end="1559" text="carotid doppler" modality="TREATMENT" polarity="POS" type="PROBLEM" />
<EVENT id="E43" start="1564" end="1567" text="TTE" modality="TEST" polarity="POS" type="TEST" />
<EVENT id="E44" start="1593" end="1601" text="revealed" modality="FACTUAL" polarity="POS" type="EVIDENTIAL" />
<EVENT id="E45" start="1605" end="1640" text="hemodynamically significant lesions" modality="PROBLEM" polarity="NEG" type="PROBLEM" />
<EVENT id="E46" start="1655" end="1659" text="Echo" modality="TEST" polarity="POS" type="TEST" />
<EVENT id="E47" start="1695" end="1701" text="emboli" modality="PROBLEM" polarity="POS" type="PROBLEM" />
<EVENT id="E48" start="1708" end="1714" text="showed" modality="EVIDENTIAL" polarity="POS" type="EVIDENTIAL" />
<EVENT id="E49" start="1715" end="1747" text="striking left ventricle akinesis" modality="PROBLEM" polarity="POS" type="PROBLEM" />
<EVENT id="E50" start="1752" end="1763" text="hypokinesis" modality="PROBLEM" polarity="POS" type="PROBLEM" />
<EVENT id="E3" start="178" end="196" text="2 previous strokes" modality="TREATMENT" polarity="POS" type="TREATMENT" />
<EVENT id="E51" start="1781" end="1788" text="past MI" modality="FACTUAL" polarity="POS" type="PROBLEM" />
<EVENT id="E52" start="1806" end="1816" text="the stroke" modality="PROBLEM" polarity="POS" type="TEST" />
<EVENT id="E53" start="1839" end="1846" text="aspirin" modality="TREATMENT" polarity="POS" type="TREATMENT" />
<EVENT id="E54" start="1851" end="1857" text="plavix" modality="TREATMENT" polarity="POS" type="TREATMENT" />
<EVENT id="E55" start="1870" end="1911" text="the severe akinesis of the left ventricle" modality="PROBLEM" polarity="POS" type="PROBLEM" />
<EVENT id="E56" start="1937" end="1952" text="anticoagulation" modality="TREATMENT" polarity="POS" type="TREATMENT" />
<EVENT id="E57" start="1958" end="1966" text="warfarin" modality="TREATMENT" polarity="POS" type="TREATMENT" />
<EVENT id="E58" start="1983" end="1997" text="future strokes" modality="PROBLEM" polarity="POS" type="PROBLEM" />
<EVENT id="E59" start="2000" end="2023" text="Anticoagulation therapy" modality="TREATMENT" polarity="POS" type="TREATMENT" />
<EVENT id="E4" start="201" end="227" text="two myocardial infarctions" modality="PROBLEM" polarity="POS" type="PROBLEM" />
<EVENT id="E60" start="2043" end="2050" text="heparin" modality="TREATMENT" polarity="POS" type="TREATMENT" />
<EVENT id="E61" start="2055" end="2063" text="coumadin" modality="TREATMENT" polarity="POS" type="TREATMENT" />
<EVENT id="E62" start="2147" end="2155" text="educated" modality="FACTUAL" polarity="POS" type="EVIDENTIAL" />
<EVENT id="E63" start="2159" end="2183" text="low molecular wt heparin" modality="TREATMENT" polarity="POS" type="TREATMENT" />
<EVENT id="E64" start="2207" end="2219" text="the hospital" modality="CLINICAL_DEPT" polarity="POS" type="CLINICAL_DEPT" />
<EVENT id="E65" start="2245" end="2254" text="follow-up" modality="TEST" polarity="POS" type="OCCURRENCE" />
<EVENT id="E66" start="2285" end="2319" text="the Wareham VA primary care clinic" modality="CLINICAL_DEPT" polarity="POS" type="PROBLEM" />
<EVENT id="E5" start="230" end="242" text="hypertension" modality="PROBLEM" polarity="POS" type="PROBLEM" />
<EVENT id="E67" start="2339" end="2351" text="His depakote" modality="TREATMENT" polarity="POS" type="TREATMENT" />
<EVENT id="E68" start="2370" end="2390" text="his bipolar disorder" modality="PROBLEM" polarity="POS" type="PROBLEM" />
<EVENT id="E69" start="2396" end="2405" text="discharge" modality="OCCURRENCE" polarity="POS" type="OCCURRENCE" />
<EVENT id="E70" start="2428" end="2447" text="intact in the limbs" modality="OCCURRENCE" polarity="POS" type="PROBLEM" />
<EVENT id="E6" start="247" end="267" text="hypercholesterolemia" modality="PROBLEM" polarity="POS" type="PROBLEM" />
<EVENT id="E71" start="2470" end="2496" text="a right-sided facial droop" modality="PROBLEM" polarity="POS" type="PROBLEM" />
<EVENT id="E72" start="2527" end="2542" text="mild dysarthria" modality="PROBLEM" polarity="POS" type="PROBLEM" />
<EVENT id="E73" start="2547" end="2568" text="mild anterior aphasia" modality="PROBLEM" polarity="POS" type="PROBLEM" />
<EVENT id="E74" start="2586" end="2610" text="risk factor modification" modality="PROBLEM" polarity="POS" type="TREATMENT" />
<EVENT id="E75" start="2627" end="2638" text="Lipid panel" modality="TEST" polarity="POS" type="TEST" />
<EVENT id="E76" start="2655" end="2661" text="showed" modality="OCCURRENCE" polarity="POS" type="EVIDENTIAL" />
<EVENT id="E77" start="2662" end="2674" text="good control" modality="OCCURRENCE" polarity="POS" type="OCCURRENCE" />
<EVENT id="E78" start="2678" end="2684" text="lipids" modality="FACTUAL" polarity="POS" type="TREATMENT" />
<EVENT id="E79" start="2705" end="2710" text="zocor" modality="FACTUAL" polarity="POS" type="PROBLEM" />
<EVENT id="E7" start="274" end="282" text="presents" modality="OCCURRENCE" polarity="POS" type="OCCURRENCE" />
<EVENT id="E80" start="2739" end="2747" text="diabetes" modality="PROBLEM" polarity="POS" type="PROBLEM" />
<EVENT id="E81" start="2754" end="2769" text="fasting glucose" modality="TEST" polarity="POS" type="TEST" />
<EVENT id="E82" start="2783" end="2786" text="A1C" modality="TEST" polarity="POS" type="TREATMENT" />
<EVENT id="E83" start="2791" end="2808" text="slightly elevated" modality="PROBLEM" polarity="POS" type="PROBLEM" />
<EVENT id="E1" start="29" end="38" text="Discharge" modality="OCCURRENCE" polarity="POS" type="OCCURRENCE" />
<EVENT id="E84" start="2830" end="2856" text="further glucose monitoring" modality="TEST" polarity="POS" type="TREATMENT" />
<EVENT id="E8" start="288" end="322" text="acute onset right sided hemiplegia" modality="PROBLEM" polarity="POS" type="PROBLEM" />
<EVENT id="E85" start="2873" end="2906" text="His home hypertensive medications" modality="TREATMENT" polarity="POS" type="TEST" />
<EVENT id="E86" start="2926" end="2938" text="the hospital" modality="CLINICAL_DEPT" polarity="POS" type="CLINICAL_DEPT" />
<EVENT id="E87" start="2942" end="2974" text="help increase cerebral perfusion" modality="TREATMENT" polarity="POS" type="PROBLEM" />
<EVENT id="E88" start="2987" end="3003" text="further ischemia" modality="PROBLEM" polarity="POS" type="PROBLEM" />
<EVENT id="E89" start="3032" end="3041" text="discharge" modality="OCCURRENCE" polarity="POS" type="OCCURRENCE" />
<EVENT id="E90" start="3044" end="3058" text="Speech therapy" modality="FACTUAL" polarity="POS" type="TEST" />
<EVENT id="E91" start="3068" end="3077" text="consulted" modality="OCCURRENCE" polarity="POS" type="OCCURRENCE" />
<EVENT id="E92" start="3096" end="3120" text="oupatient speech therapy" modality="TREATMENT" polarity="POS" type="TREATMENT" />
<EVENT id="E93" start="3135" end="3148" text="outpatient PT" modality="TEST" polarity="POS" type="TREATMENT" />
<EVENT id="E94" start="3169" end="3190" text="his gait difficulties" modality="PROBLEM" polarity="POS" type="TREATMENT" />
<EVENT id="E95" start="3196" end="3216" text="his previous strokes" modality="PROBLEM" polarity="POS" type="PROBLEM" />
<EVENT id="E96" start="3219" end="3236" text="Residual deficits" modality="FACTUAL" polarity="POS" type="TEST" />
<EVENT id="E97" start="3245" end="3268" text="right side facial droop" modality="PROBLEM" polarity="POS" type="PROBLEM" />
<EVENT id="E9" start="327" end="337" text="dysarthria" modality="PROBLEM" polarity="POS" type="PROBLEM" />
<EVENT id="E98" start="3274" end="3289" text="previous stroke" modality="PROBLEM" polarity="POS" type="PROBLEM" />
<EVENT id="E99" start="3294" end="3322" text="moderately severe dysarthria" modality="PROBLEM" polarity="POS" type="PROBLEM" />
<EVENT id="E100" start="3327" end="3343" text="anterior aphasia" modality="PROBLEM" polarity="POS" type="TREATMENT" />
<EVENT id="E101" start="3349" end="3374" text="word finding difficulties" modality="PROBLEM" polarity="POS" type="PROBLEM" />
<EVENT id="E10" start="395" end="401" text="called" modality="FACTUAL" polarity="POS" type="OCCURRENCE" />
<EVENT id="E11" start="448" end="462" text="weak right leg" modality="PROBLEM" polarity="POS" type="PROBLEM" />
<EVENT id="E12" start="465" end="482" text="flaccid right arm" modality="PROBLEM" polarity="POS" type="PROBLEM" />
<EVENT id="E13" start="489" end="506" text="severe dysarthria" modality="PROBLEM" polarity="POS" type="PROBLEM" />
<EVENT id="E14" start="546" end="578" text="Hahnemann General Hospital Lydia" modality="CLINICAL_DEPT" polarity="POS" type="CLINICAL_DEPT" />
<EVENT id="E15" start="599" end="618" text="any recent bleeding" modality="PROBLEM" polarity="POS" type="PROBLEM" />
<EVENT id="E16" start="621" end="630" text="surgeries" modality="PROBLEM" polarity="POS" type="PROBLEM" />
<EVENT id="E17" start="636" end="663" text="upper respiratory infection" modality="PROBLEM" polarity="NEG" type="PROBLEM" />
<EVENT id="E18" start="712" end="751" text="multiple vascular risk factors presents" modality="PROBLEM" polarity="POS" type="PROBLEM" />
<EVENT id="E19" start="757" end="792" text="acute onset right-sided hemiparesis" modality="PROBLEM" polarity="POS" type="PROBLEM" />
<EVENT id="E20" start="797" end="807" text="dysarthria" modality="PROBLEM" polarity="POS" type="PROBLEM" />
<EVENT id="E21" start="833" end="855" text="acute left MCA infarct" modality="PROBLEM" polarity="POS" type="PROBLEM" />
<EVENT id="E22" start="877" end="883" text="Daniel" modality="TREATMENT" polarity="POS" type="TREATMENT" />
<EVENT id="E23" start="902" end="927" text="symptom onset and head CT" modality="TEST" polarity="POS" type="TREATMENT" />
<EVENT id="E24" start="928" end="934" text="showed" modality="EVIDENTIAL" polarity="POS" type="EVIDENTIAL" />
<EVENT id="E25" start="950" end="955" text="bleed" modality="PROBLEM" polarity="NEG" type="PROBLEM" />
<TIMEX3 id="T5" start="1123" end="1133" text="the 3 hour" type="DURATION" val="PT3H" mod="NA" />
<TIMEX3 id="T6" start="1337" end="1344" text="3 hours" type="DURATION" val="PT3H" mod="NA" />
<TIMEX3 id="T0" start="18" end="28" text="2015-08-22" type="DATE" val="2015-08-22" mod="NA" />
<TIMEX3 id="T7" start="1789" end="1792" text="x 2" type="FREQUENCY" val="R2" mod="NA" />
<TIMEX3 id="T8" start="2092" end="2102" text="2016-08-23" type="DATE" val="2016-08-23" mod="NA" />
<TIMEX3 id="T9" start="2223" end="2233" text="2015-08-26" type="DATE" val="2015-08-26" mod="NA" />
<TIMEX3 id="T10" start="2320" end="2336" text="the next morning" type="DATE" val="the next morning" mod="START" />
<TIMEX3 id="T2" start="378" end="385" text="6:12 AM" type="TIME" val="6:12 AM" mod="NA" />
<TIMEX3 id="T3" start="414" end="421" text="6:15 AM" type="TIME" val="6:15 AM" mod="NA" />
<TIMEX3 id="T1" start="46" end="56" text="2015-08-26" type="DATE" val="2015-08-26" mod="NA" />
<TIMEX3 id="T4" start="891" end="898" text="3 hours" type="DURATION" val="PT3H" mod="NA" />
<TLINK id="TL0" fromID="E69" fromText="discharge" toID="E1" toText="Discharge" type="OVERLAP" />
<TLINK id="TL1" fromID="E1" fromText="Discharge" toID="E89" toText="discharge" type="OVERLAP" />
<TLINK id="TL10" fromID="E3" fromText="2 previous strokes" toID="E98" toText="previous stroke" type="OVERLAP" />
<TLINK id="TL100" fromID="E31" fromText="diffusion abnormalities" toID="E32" toText="hyperintensity" type="OVERLAP" />
<TLINK id="TL101" fromID="E31" fromText="diffusion abnormalities" toID="E33" toText="T2 / FLAIR imaging" type="OVERLAP" />
<TLINK id="TL102" fromID="E32" fromText="hyperintensity" toID="E31" toText="diffusion abnormalities" type="OVERLAP" />
<TLINK id="TL103" fromID="E33" fromText="T2 / FLAIR imaging" toID="E31" toText="diffusion abnormalities" type="OVERLAP" />
<TLINK id="TL104" fromID="E32" fromText="hyperintensity" toID="E33" toText="T2 / FLAIR imaging" type="OVERLAP" />
<TLINK id="TL105" fromID="E33" fromText="T2 / FLAIR imaging" toID="E32" toText="hyperintensity" type="OVERLAP" />
<TLINK id="TL106" fromID="E34" fromText="IV tpa thrombolytics" toID="E35" toText="symptom onset" type="OVERLAP" />
<TLINK id="TL107" fromID="E34" fromText="IV tpa thrombolytics" toID="T6" toText="3 hours" type="OVERLAP" />
<TLINK id="TL108" fromID="E35" fromText="symptom onset" toID="E34" toText="IV tpa thrombolytics" type="OVERLAP" />
<TLINK id="TL109" fromID="E35" fromText="symptom onset" toID="T6" toText="3 hours" type="OVERLAP" />
<TLINK id="TL11" fromID="E3" fromText="2 previous strokes" toID="E4" toText="two myocardial infarctions" type="OVERLAP" />
<TLINK id="TL110" fromID="E37" fromText="decreased right sided weakness" toID="E36" toText="showed" type="BEFORE" />
<TLINK id="TL111" fromID="E39" fromText="a global aphasia" toID="E36" toText="showed" type="BEFORE" />
<TLINK id="TL112" fromID="E40" fromText="an anterior aphasia picture" toID="E36" toText="showed" type="BEFORE" />
<TLINK id="TL113" fromID="E37" fromText="decreased right sided weakness" toID="E71" toText="a right-sided facial droop" type="OVERLAP" />
<TLINK id="TL114" fromID="E37" fromText="decreased right sided weakness" toID="E38" toText="improved" type="OVERLAP" />
<TLINK id="TL115" fromID="E37" fromText="decreased right sided weakness" toID="E39" toText="a global aphasia" type="OVERLAP" />
<TLINK id="TL116" fromID="E38" fromText="improved" toID="E39" toText="a global aphasia" type="OVERLAP" />
<TLINK id="TL117" fromID="E39" fromText="a global aphasia" toID="E38" toText="improved" type="BEFORE" />
<TLINK id="TL118" fromID="E39" fromText="a global aphasia" toID="E40" toText="an anterior aphasia picture" type="OVERLAP" />
<TLINK id="TL119" fromID="E39" fromText="a global aphasia" toID="E73" toText="mild anterior aphasia" type="OVERLAP" />
<TLINK id="TL12" fromID="E4" fromText="two myocardial infarctions" toID="E3" toText="2 previous strokes" type="OVERLAP" />
<TLINK id="TL120" fromID="E39" fromText="a global aphasia" toID="E100" toText="anterior aphasia" type="OVERLAP" />
<TLINK id="TL121" fromID="E40" fromText="an anterior aphasia picture" toID="E39" toText="a global aphasia" type="OVERLAP" />
<TLINK id="TL122" fromID="E40" fromText="an anterior aphasia picture" toID="E73" toText="mild anterior aphasia" type="OVERLAP" />
<TLINK id="TL123" fromID="E40" fromText="an anterior aphasia picture" toID="E100" toText="anterior aphasia" type="OVERLAP" />
<TLINK id="TL124" fromID="E41" fromText="infarct" toID="E42" toText="carotid doppler" type="OVERLAP" />
<TLINK id="TL125" fromID="E41" fromText="infarct" toID="E43" toText="TTE" type="BEFORE" />
<TLINK id="TL126" fromID="E42" fromText="carotid doppler" toID="E41" toText="infarct" type="OVERLAP" />
<TLINK id="TL127" fromID="E42" fromText="carotid doppler" toID="E43" toText="TTE" type="OVERLAP" />
<TLINK id="TL128" fromID="E43" fromText="TTE" toID="E42" toText="carotid doppler" type="OVERLAP" />
<TLINK id="TL129" fromID="E45" fromText="hemodynamically significant lesions" toID="E44" toText="revealed" type="BEFORE" />
<TLINK id="TL13" fromID="E41" fromText="infarct" toID="E4" toText="two myocardial infarctions" type="OVERLAP" />
<TLINK id="TL130" fromID="E46" fromText="Echo" toID="E48" toText="showed" type="OVERLAP" />
<TLINK id="TL131" fromID="E46" fromText="Echo" toID="T7" toText="x 2" type="OVERLAP" />
<TLINK id="TL132" fromID="E47" fromText="emboli" toID="E46" toText="Echo" type="BEFORE" />
<TLINK id="TL133" fromID="E48" fromText="showed" toID="E46" toText="Echo" type="OVERLAP" />
<TLINK id="TL134" fromID="E49" fromText="striking left ventricle akinesis" toID="E46" toText="Echo" type="BEFORE" />
<TLINK id="TL135" fromID="E50" fromText="hypokinesis" toID="E46" toText="Echo" type="BEFORE" />
<TLINK id="TL136" fromID="E47" fromText="emboli" toID="E48" toText="showed" type="BEFORE" />
<TLINK id="TL137" fromID="E47" fromText="emboli" toID="E49" toText="striking left ventricle akinesis" type="OVERLAP" />
<TLINK id="TL138" fromID="E48" fromText="showed" toID="E47" toText="emboli" type="OVERLAP" />
<TLINK id="TL139" fromID="E49" fromText="striking left ventricle akinesis" toID="E47" toText="emboli" type="OVERLAP" />
<TLINK id="TL14" fromID="E4" fromText="two myocardial infarctions" toID="E5" toText="hypertension" type="OVERLAP" />
<TLINK id="TL140" fromID="E48" fromText="showed" toID="E49" toText="striking left ventricle akinesis" type="OVERLAP" />
<TLINK id="TL141" fromID="E48" fromText="showed" toID="T7" toText="x 2" type="OVERLAP" />
<TLINK id="TL142" fromID="E49" fromText="striking left ventricle akinesis" toID="E48" toText="showed" type="BEFORE" />
<TLINK id="TL143" fromID="E50" fromText="hypokinesis" toID="E48" toText="showed" type="BEFORE" />
<TLINK id="TL144" fromID="E51" fromText="past MI" toID="E48" toText="showed" type="BEFORE" />
<TLINK id="TL145" fromID="E49" fromText="striking left ventricle akinesis" toID="E55" toText="the severe akinesis of the left ventricle" type="OVERLAP" />
<TLINK id="TL146" fromID="E49" fromText="striking left ventricle akinesis" toID="E50" toText="hypokinesis" type="OVERLAP" />
<TLINK id="TL147" fromID="E49" fromText="striking left ventricle akinesis" toID="E51" toText="past MI" type="OVERLAP" />
<TLINK id="TL148" fromID="E49" fromText="striking left ventricle akinesis" toID="T7" toText="x 2" type="OVERLAP" />
<TLINK id="TL149" fromID="E50" fromText="hypokinesis" toID="E49" toText="striking left ventricle akinesis" type="OVERLAP" />
<TLINK id="TL15" fromID="E4" fromText="two myocardial infarctions" toID="E6" toText="hypercholesterolemia" type="OVERLAP" />
<TLINK id="TL150" fromID="E50" fromText="hypokinesis" toID="E51" toText="past MI" type="OVERLAP" />
<TLINK id="TL151" fromID="E50" fromText="hypokinesis" toID="T7" toText="x 2" type="OVERLAP" />
<TLINK id="TL152" fromID="E51" fromText="past MI" toID="E50" toText="hypokinesis" type="OVERLAP" />
<TLINK id="TL153" fromID="E51" fromText="past MI" toID="T7" toText="x 2" type="OVERLAP" />
<TLINK id="TL154" fromID="E52" fromText="the stroke" toID="E58" toText="future strokes" type="OVERLAP" />
<TLINK id="TL155" fromID="E52" fromText="the stroke" toID="E95" toText="his previous strokes" type="OVERLAP" />
<TLINK id="TL156" fromID="E52" fromText="the stroke" toID="E98" toText="previous stroke" type="OVERLAP" />
<TLINK id="TL157" fromID="E52" fromText="the stroke" toID="E53" toText="aspirin" type="OVERLAP" />
<TLINK id="TL158" fromID="E53" fromText="aspirin" toID="E52" toText="the stroke" type="OVERLAP" />
<TLINK id="TL159" fromID="E54" fromText="plavix" toID="E52" toText="the stroke" type="BEFORE" />
<TLINK id="TL16" fromID="E4" fromText="two myocardial infarctions" toID="E7" toText="presents" type="BEFORE" />
<TLINK id="TL160" fromID="E55" fromText="the severe akinesis of the left ventricle" toID="E52" toText="the stroke" type="BEFORE" />
<TLINK id="TL161" fromID="E58" fromText="future strokes" toID="E52" toText="the stroke" type="BEFORE" />
<TLINK id="TL162" fromID="E53" fromText="aspirin" toID="E54" toText="plavix" type="OVERLAP" />
<TLINK id="TL163" fromID="E54" fromText="plavix" toID="E53" toText="aspirin" type="OVERLAP" />
<TLINK id="TL164" fromID="E55" fromText="the severe akinesis of the left ventricle" toID="E53" toText="aspirin" type="BEFORE" />
<TLINK id="TL165" fromID="E54" fromText="plavix" toID="E55" toText="the severe akinesis of the left ventricle" type="OVERLAP" />
<TLINK id="TL166" fromID="E55" fromText="the severe akinesis of the left ventricle" toID="E54" toText="plavix" type="BEFORE" />
<TLINK id="TL167" fromID="E55" fromText="the severe akinesis of the left ventricle" toID="E99" toText="moderately severe dysarthria" type="OVERLAP" />
<TLINK id="TL168" fromID="E55" fromText="the severe akinesis of the left ventricle" toID="E56" toText="anticoagulation" type="BEFORE" />
<TLINK id="TL169" fromID="E56" fromText="anticoagulation" toID="E59" toText="Anticoagulation therapy" type="OVERLAP" />
<TLINK id="TL17" fromID="E5" fromText="hypertension" toID="E4" toText="two myocardial infarctions" type="OVERLAP" />
<TLINK id="TL170" fromID="E56" fromText="anticoagulation" toID="E57" toText="warfarin" type="OVERLAP" />
<TLINK id="TL171" fromID="E57" fromText="warfarin" toID="E56" toText="anticoagulation" type="OVERLAP" />
<TLINK id="TL172" fromID="E58" fromText="future strokes" toID="E56" toText="anticoagulation" type="BEFORE" />
<TLINK id="TL173" fromID="E57" fromText="warfarin" toID="E58" toText="future strokes" type="OVERLAP" />
<TLINK id="TL174" fromID="E58" fromText="future strokes" toID="E57" toText="warfarin" type="OVERLAP" />
<TLINK id="TL175" fromID="E58" fromText="future strokes" toID="E95" toText="his previous strokes" type="OVERLAP" />
<TLINK id="TL176" fromID="E58" fromText="future strokes" toID="E98" toText="previous stroke" type="OVERLAP" />
<TLINK id="TL177" fromID="E59" fromText="Anticoagulation therapy" toID="E90" toText="Speech therapy" type="OVERLAP" />
<TLINK id="TL178" fromID="E59" fromText="Anticoagulation therapy" toID="E92" toText="oupatient speech therapy" type="OVERLAP" />
<TLINK id="TL179" fromID="E59" fromText="Anticoagulation therapy" toID="E60" toText="heparin" type="OVERLAP" />
<TLINK id="TL18" fromID="E6" fromText="hypercholesterolemia" toID="E4" toText="two myocardial infarctions" type="OVERLAP" />
<TLINK id="TL180" fromID="E59" fromText="Anticoagulation therapy" toID="E61" toText="coumadin" type="OVERLAP" />
<TLINK id="TL181" fromID="E60" fromText="heparin" toID="E59" toText="Anticoagulation therapy" type="OVERLAP" />
<TLINK id="TL182" fromID="E61" fromText="coumadin" toID="E59" toText="Anticoagulation therapy" type="OVERLAP" />
<TLINK id="TL183" fromID="E60" fromText="heparin" toID="E63" toText="low molecular wt heparin" type="OVERLAP" />
<TLINK id="TL184" fromID="E60" fromText="heparin" toID="E61" toText="coumadin" type="OVERLAP" />
<TLINK id="TL185" fromID="E61" fromText="coumadin" toID="E60" toText="heparin" type="OVERLAP" />
<TLINK id="TL186" fromID="E62" fromText="educated" toID="E63" toText="low molecular wt heparin" type="OVERLAP" />
<TLINK id="TL187" fromID="E63" fromText="low molecular wt heparin" toID="E62" toText="educated" type="OVERLAP" />
<TLINK id="TL188" fromID="E63" fromText="low molecular wt heparin" toID="E64" toText="the hospital" type="OVERLAP" />
<TLINK id="TL189" fromID="E64" fromText="the hospital" toID="E86" toText="the hospital" type="OVERLAP" />
<TLINK id="TL19" fromID="E5" fromText="hypertension" toID="E6" toText="hypercholesterolemia" type="OVERLAP" />
<TLINK id="TL190" fromID="E64" fromText="the hospital" toID="E65" toText="follow-up" type="AFTER" />
<TLINK id="TL191" fromID="E64" fromText="the hospital" toID="T9" toText="2015-08-26" type="OVERLAP" />
<TLINK id="TL192" fromID="E65" fromText="follow-up" toID="E64" toText="the hospital" type="OVERLAP" />
<TLINK id="TL193" fromID="E65" fromText="follow-up" toID="T9" toText="2015-08-26" type="OVERLAP" />
<TLINK id="TL194" fromID="E66" fromText="the Wareham VA primary care clinic" toID="T10" toText="the next morning" type="OVERLAP" />
<TLINK id="TL195" fromID="E67" fromText="His depakote" toID="E68" toText="his bipolar disorder" type="OVERLAP" />
<TLINK id="TL196" fromID="E68" fromText="his bipolar disorder" toID="E67" toText="His depakote" type="BEFORE" />
<TLINK id="TL197" fromID="E69" fromText="discharge" toID="E89" toText="discharge" type="OVERLAP" />
<TLINK id="TL198" fromID="E70" fromText="intact in the limbs" toID="E69" toText="discharge" type="OVERLAP" />
<TLINK id="TL199" fromID="E71" fromText="a right-sided facial droop" toID="E69" toText="discharge" type="OVERLAP" />
<TLINK id="TL2" fromID="E2" fromText="multiple vascular risk factors" toID="E74" toText="risk factor modification" type="OVERLAP" />
<TLINK id="TL20" fromID="E5" fromText="hypertension" toID="E7" toText="presents" type="BEFORE" />
<TLINK id="TL200" fromID="E70" fromText="intact in the limbs" toID="E71" toText="a right-sided facial droop" type="OVERLAP" />
<TLINK id="TL201" fromID="E71" fromText="a right-sided facial droop" toID="E70" toText="intact in the limbs" type="OVERLAP" />
<TLINK id="TL202" fromID="E71" fromText="a right-sided facial droop" toID="E97" toText="right side facial droop" type="OVERLAP" />
<TLINK id="TL203" fromID="E72" fromText="mild dysarthria" toID="E73" toText="mild anterior aphasia" type="OVERLAP" />
<TLINK id="TL204" fromID="E72" fromText="mild dysarthria" toID="E99" toText="moderately severe dysarthria" type="OVERLAP" />
<TLINK id="TL205" fromID="E73" fromText="mild anterior aphasia" toID="E72" toText="mild dysarthria" type="OVERLAP" />
<TLINK id="TL206" fromID="E73" fromText="mild anterior aphasia" toID="E100" toText="anterior aphasia" type="OVERLAP" />
<TLINK id="TL207" fromID="E75" fromText="Lipid panel" toID="E78" toText="lipids" type="OVERLAP" />
<TLINK id="TL208" fromID="E75" fromText="Lipid panel" toID="E76" toText="showed" type="OVERLAP" />
<TLINK id="TL209" fromID="E75" fromText="Lipid panel" toID="E77" toText="good control" type="OVERLAP" />
<TLINK id="TL21" fromID="E6" fromText="hypercholesterolemia" toID="E5" toText="hypertension" type="OVERLAP" />
<TLINK id="TL210" fromID="E76" fromText="showed" toID="E75" toText="Lipid panel" type="OVERLAP" />
<TLINK id="TL211" fromID="E77" fromText="good control" toID="E75" toText="Lipid panel" type="OVERLAP" />
<TLINK id="TL212" fromID="E78" fromText="lipids" toID="E75" toText="Lipid panel" type="OVERLAP" />
<TLINK id="TL213" fromID="E79" fromText="zocor" toID="E75" toText="Lipid panel" type="BEFORE" />
<TLINK id="TL214" fromID="E76" fromText="showed" toID="E77" toText="good control" type="OVERLAP" />
<TLINK id="TL215" fromID="E76" fromText="showed" toID="E78" toText="lipids" type="OVERLAP" />
<TLINK id="TL216" fromID="E77" fromText="good control" toID="E76" toText="showed" type="BEFORE" />
<TLINK id="TL217" fromID="E78" fromText="lipids" toID="E76" toText="showed" type="BEFORE" />
<TLINK id="TL218" fromID="E79" fromText="zocor" toID="E76" toText="showed" type="BEFORE" />
<TLINK id="TL219" fromID="E77" fromText="good control" toID="E78" toText="lipids" type="OVERLAP" />
<TLINK id="TL22" fromID="E6" fromText="hypercholesterolemia" toID="E7" toText="presents" type="BEFORE" />
<TLINK id="TL220" fromID="E78" fromText="lipids" toID="E77" toText="good control" type="OVERLAP" />
<TLINK id="TL221" fromID="E80" fromText="diabetes" toID="E81" toText="fasting glucose" type="BEFORE" />
<TLINK id="TL222" fromID="E81" fromText="fasting glucose" toID="E80" toText="diabetes" type="OVERLAP" />
<TLINK id="TL223" fromID="E81" fromText="fasting glucose" toID="E84" toText="further glucose monitoring" type="OVERLAP" />
<TLINK id="TL224" fromID="E81" fromText="fasting glucose" toID="E82" toText="A1C" type="OVERLAP" />
<TLINK id="TL225" fromID="E82" fromText="A1C" toID="E81" toText="fasting glucose" type="OVERLAP" />
<TLINK id="TL226" fromID="E83" fromText="slightly elevated" toID="E81" toText="fasting glucose" type="BEFORE" />
<TLINK id="TL227" fromID="E82" fromText="A1C" toID="E83" toText="slightly elevated" type="OVERLAP" />
<TLINK id="TL228" fromID="E83" fromText="slightly elevated" toID="E82" toText="A1C" type="OVERLAP" />
<TLINK id="TL229" fromID="E85" fromText="His home hypertensive medications" toID="E86" toText="the hospital" type="OVERLAP" />
<TLINK id="TL23" fromID="E6" fromText="hypercholesterolemia" toID="E8" toText="acute onset right sided hemiplegia" type="OVERLAP" />
<TLINK id="TL230" fromID="E85" fromText="His home hypertensive medications" toID="E87" toText="help increase cerebral perfusion" type="OVERLAP" />
<TLINK id="TL231" fromID="E86" fromText="the hospital" toID="E85" toText="His home hypertensive medications" type="OVERLAP" />
<TLINK id="TL232" fromID="E87" fromText="help increase cerebral perfusion" toID="E85" toText="His home hypertensive medications" type="BEFORE" />
<TLINK id="TL233" fromID="E86" fromText="the hospital" toID="E87" toText="help increase cerebral perfusion" type="OVERLAP" />
<TLINK id="TL234" fromID="E87" fromText="help increase cerebral perfusion" toID="E86" toText="the hospital" type="OVERLAP" />
<TLINK id="TL235" fromID="E87" fromText="help increase cerebral perfusion" toID="E88" toText="further ischemia" type="OVERLAP" />
<TLINK id="TL236" fromID="E88" fromText="further ischemia" toID="E87" toText="help increase cerebral perfusion" type="OVERLAP" />
<TLINK id="TL237" fromID="E90" fromText="Speech therapy" toID="E92" toText="oupatient speech therapy" type="OVERLAP" />
<TLINK id="TL238" fromID="E90" fromText="Speech therapy" toID="E91" toText="consulted" type="OVERLAP" />
<TLINK id="TL239" fromID="E91" fromText="consulted" toID="E90" toText="Speech therapy" type="OVERLAP" />
<TLINK id="TL24" fromID="E8" fromText="acute onset right sided hemiplegia" toID="E6" toText="hypercholesterolemia" type="OVERLAP" />
<TLINK id="TL240" fromID="E92" fromText="oupatient speech therapy" toID="E90" toText="Speech therapy" type="OVERLAP" />
<TLINK id="TL241" fromID="E91" fromText="consulted" toID="E92" toText="oupatient speech therapy" type="OVERLAP" />
<TLINK id="TL242" fromID="E92" fromText="oupatient speech therapy" toID="E91" toText="consulted" type="OVERLAP" />
<TLINK id="TL243" fromID="E93" fromText="outpatient PT" toID="E94" toText="his gait difficulties" type="OVERLAP" />
<TLINK id="TL244" fromID="E94" fromText="his gait difficulties" toID="E93" toText="outpatient PT" type="OVERLAP" />
<TLINK id="TL245" fromID="E95" fromText="his previous strokes" toID="E93" toText="outpatient PT" type="BEFORE" />
<TLINK id="TL246" fromID="E94" fromText="his gait difficulties" toID="E101" toText="word finding difficulties" type="OVERLAP" />
<TLINK id="TL247" fromID="E94" fromText="his gait difficulties" toID="E95" toText="his previous strokes" type="OVERLAP" />
<TLINK id="TL248" fromID="E95" fromText="his previous strokes" toID="E94" toText="his gait difficulties" type="BEFORE" />
<TLINK id="TL249" fromID="E95" fromText="his previous strokes" toID="E98" toText="previous stroke" type="OVERLAP" />
<TLINK id="TL25" fromID="E7" fromText="presents" toID="E8" toText="acute onset right sided hemiplegia" type="OVERLAP" />
<TLINK id="TL250" fromID="E96" fromText="Residual deficits" toID="E97" toText="right side facial droop" type="OVERLAP" />
<TLINK id="TL251" fromID="E97" fromText="right side facial droop" toID="E96" toText="Residual deficits" type="BEFORE" />
<TLINK id="TL252" fromID="E98" fromText="previous stroke" toID="E96" toText="Residual deficits" type="BEFORE" />
<TLINK id="TL253" fromID="E97" fromText="right side facial droop" toID="E98" toText="previous stroke" type="OVERLAP" />
<TLINK id="TL254" fromID="E97" fromText="right side facial droop" toID="E99" toText="moderately severe dysarthria" type="OVERLAP" />
<TLINK id="TL255" fromID="E98" fromText="previous stroke" toID="E97" toText="right side facial droop" type="OVERLAP" />
<TLINK id="TL256" fromID="E99" fromText="moderately severe dysarthria" toID="E97" toText="right side facial droop" type="OVERLAP" />
<TLINK id="TL257" fromID="E98" fromText="previous stroke" toID="E99" toText="moderately severe dysarthria" type="OVERLAP" />
<TLINK id="TL258" fromID="E99" fromText="moderately severe dysarthria" toID="E98" toText="previous stroke" type="OVERLAP" />
<TLINK id="TL259" fromID="E99" fromText="moderately severe dysarthria" toID="E100" toText="anterior aphasia" type="OVERLAP" />
<TLINK id="TL26" fromID="E8" fromText="acute onset right sided hemiplegia" toID="E7" toText="presents" type="BEFORE" />
<TLINK id="TL260" fromID="E99" fromText="moderately severe dysarthria" toID="E101" toText="word finding difficulties" type="OVERLAP" />
<TLINK id="TL261" fromID="E100" fromText="anterior aphasia" toID="E99" toText="moderately severe dysarthria" type="OVERLAP" />
<TLINK id="TL262" fromID="E101" fromText="word finding difficulties" toID="E99" toText="moderately severe dysarthria" type="OVERLAP" />
<TLINK id="TL263" fromID="E100" fromText="anterior aphasia" toID="E101" toText="word finding difficulties" type="OVERLAP" />
<TLINK id="TL264" fromID="E101" fromText="word finding difficulties" toID="E100" toText="anterior aphasia" type="OVERLAP" />
<TLINK id="TL27" fromID="E9" fromText="dysarthria" toID="E7" toText="presents" type="BEFORE" />
<TLINK id="TL28" fromID="E35" fromText="symptom onset" toID="E8" toText="acute onset right sided hemiplegia" type="OVERLAP" />
<TLINK id="TL29" fromID="E37" fromText="decreased right sided weakness" toID="E8" toText="acute onset right sided hemiplegia" type="OVERLAP" />
<TLINK id="TL3" fromID="E2" fromText="multiple vascular risk factors" toID="E18" toText="multiple vascular risk factors presents" type="OVERLAP" />
<TLINK id="TL30" fromID="E71" fromText="a right-sided facial droop" toID="E8" toText="acute onset right sided hemiplegia" type="OVERLAP" />
<TLINK id="TL31" fromID="E8" fromText="acute onset right sided hemiplegia" toID="E19" toText="acute onset right-sided hemiparesis" type="OVERLAP" />
<TLINK id="TL32" fromID="E8" fromText="acute onset right sided hemiplegia" toID="E21" toText="acute left MCA infarct" type="OVERLAP" />
<TLINK id="TL33" fromID="E8" fromText="acute onset right sided hemiplegia" toID="E23" toText="symptom onset and head CT" type="OVERLAP" />
<TLINK id="TL34" fromID="E8" fromText="acute onset right sided hemiplegia" toID="E9" toText="dysarthria" type="OVERLAP" />
<TLINK id="TL35" fromID="E9" fromText="dysarthria" toID="E8" toText="acute onset right sided hemiplegia" type="OVERLAP" />
<TLINK id="TL36" fromID="E72" fromText="mild dysarthria" toID="E9" toText="dysarthria" type="OVERLAP" />
<TLINK id="TL37" fromID="E9" fromText="dysarthria" toID="E99" toText="moderately severe dysarthria" type="OVERLAP" />
<TLINK id="TL38" fromID="E9" fromText="dysarthria" toID="E13" toText="severe dysarthria" type="OVERLAP" />
<TLINK id="TL39" fromID="E9" fromText="dysarthria" toID="E20" toText="dysarthria" type="OVERLAP" />
<TLINK id="TL4" fromID="E2" fromText="multiple vascular risk factors" toID="E3" toText="2 previous strokes" type="BEFORE" />
<TLINK id="TL40" fromID="E10" fromText="called" toID="T2" toText="6:12 AM" type="OVERLAP" />
<TLINK id="TL41" fromID="E10" fromText="called" toID="T3" toText="6:15 AM" type="OVERLAP" />
<TLINK id="TL42" fromID="E37" fromText="decreased right sided weakness" toID="E11" toText="weak right leg" type="OVERLAP" />
<TLINK id="TL43" fromID="E11" fromText="weak right leg" toID="E12" toText="flaccid right arm" type="OVERLAP" />
<TLINK id="TL44" fromID="E11" fromText="weak right leg" toID="E13" toText="severe dysarthria" type="OVERLAP" />
<TLINK id="TL45" fromID="E12" fromText="flaccid right arm" toID="E11" toText="weak right leg" type="OVERLAP" />
<TLINK id="TL46" fromID="E13" fromText="severe dysarthria" toID="E11" toText="weak right leg" type="OVERLAP" />
<TLINK id="TL47" fromID="E12" fromText="flaccid right arm" toID="E13" toText="severe dysarthria" type="OVERLAP" />
<TLINK id="TL48" fromID="E13" fromText="severe dysarthria" toID="E12" toText="flaccid right arm" type="OVERLAP" />
<TLINK id="TL49" fromID="E55" fromText="the severe akinesis of the left ventricle" toID="E13" toText="severe dysarthria" type="OVERLAP" />
<TLINK id="TL5" fromID="E3" fromText="2 previous strokes" toID="E2" toText="multiple vascular risk factors" type="OVERLAP" />
<TLINK id="TL50" fromID="E72" fromText="mild dysarthria" toID="E13" toText="severe dysarthria" type="OVERLAP" />
<TLINK id="TL51" fromID="E99" fromText="moderately severe dysarthria" toID="E13" toText="severe dysarthria" type="OVERLAP" />
<TLINK id="TL52" fromID="E13" fromText="severe dysarthria" toID="E20" toText="dysarthria" type="OVERLAP" />
<TLINK id="TL53" fromID="E64" fromText="the hospital" toID="E14" toText="Hahnemann General Hospital Lydia" type="OVERLAP" />
<TLINK id="TL54" fromID="E86" fromText="the hospital" toID="E14" toText="Hahnemann General Hospital Lydia" type="OVERLAP" />
<TLINK id="TL55" fromID="E15" fromText="any recent bleeding" toID="E25" toText="bleed" type="OVERLAP" />
<TLINK id="TL56" fromID="E15" fromText="any recent bleeding" toID="E16" toText="surgeries" type="OVERLAP" />
<TLINK id="TL57" fromID="E16" fromText="surgeries" toID="E15" toText="any recent bleeding" type="OVERLAP" />
<TLINK id="TL58" fromID="E17" fromText="upper respiratory infection" toID="E15" toText="any recent bleeding" type="OVERLAP" />
<TLINK id="TL59" fromID="E16" fromText="surgeries" toID="E17" toText="upper respiratory infection" type="OVERLAP" />
<TLINK id="TL6" fromID="E4" fromText="two myocardial infarctions" toID="E2" toText="multiple vascular risk factors" type="OVERLAP" />
<TLINK id="TL60" fromID="E17" fromText="upper respiratory infection" toID="E16" toText="surgeries" type="OVERLAP" />
<TLINK id="TL61" fromID="E74" fromText="risk factor modification" toID="E18" toText="multiple vascular risk factors presents" type="OVERLAP" />
<TLINK id="TL62" fromID="E18" fromText="multiple vascular risk factors presents" toID="E19" toText="acute onset right-sided hemiparesis" type="OVERLAP" />
<TLINK id="TL63" fromID="E19" fromText="acute onset right-sided hemiparesis" toID="E18" toText="multiple vascular risk factors presents" type="OVERLAP" />
<TLINK id="TL64" fromID="E35" fromText="symptom onset" toID="E19" toText="acute onset right-sided hemiparesis" type="OVERLAP" />
<TLINK id="TL65" fromID="E37" fromText="decreased right sided weakness" toID="E19" toText="acute onset right-sided hemiparesis" type="OVERLAP" />
<TLINK id="TL66" fromID="E71" fromText="a right-sided facial droop" toID="E19" toText="acute onset right-sided hemiparesis" type="OVERLAP" />
<TLINK id="TL67" fromID="E19" fromText="acute onset right-sided hemiparesis" toID="E21" toText="acute left MCA infarct" type="OVERLAP" />
<TLINK id="TL68" fromID="E19" fromText="acute onset right-sided hemiparesis" toID="E23" toText="symptom onset and head CT" type="OVERLAP" />
<TLINK id="TL69" fromID="E19" fromText="acute onset right-sided hemiparesis" toID="E20" toText="dysarthria" type="OVERLAP" />
<TLINK id="TL7" fromID="E3" fromText="2 previous strokes" toID="E52" toText="the stroke" type="OVERLAP" />
<TLINK id="TL70" fromID="E20" fromText="dysarthria" toID="E19" toText="acute onset right-sided hemiparesis" type="OVERLAP" />
<TLINK id="TL71" fromID="E72" fromText="mild dysarthria" toID="E20" toText="dysarthria" type="OVERLAP" />
<TLINK id="TL72" fromID="E99" fromText="moderately severe dysarthria" toID="E20" toText="dysarthria" type="OVERLAP" />
<TLINK id="TL73" fromID="E20" fromText="dysarthria" toID="E21" toText="acute left MCA infarct" type="OVERLAP" />
<TLINK id="TL74" fromID="E21" fromText="acute left MCA infarct" toID="E20" toText="dysarthria" type="OVERLAP" />
<TLINK id="TL75" fromID="E41" fromText="infarct" toID="E21" toText="acute left MCA infarct" type="OVERLAP" />
<TLINK id="TL76" fromID="E49" fromText="striking left ventricle akinesis" toID="E21" toText="acute left MCA infarct" type="OVERLAP" />
<TLINK id="TL77" fromID="E55" fromText="the severe akinesis of the left ventricle" toID="E21" toText="acute left MCA infarct" type="OVERLAP" />
<TLINK id="TL78" fromID="E22" fromText="Daniel" toID="E23" toText="symptom onset and head CT" type="OVERLAP" />
<TLINK id="TL79" fromID="E22" fromText="Daniel" toID="T4" toText="3 hours" type="OVERLAP" />
<TLINK id="TL8" fromID="E3" fromText="2 previous strokes" toID="E58" toText="future strokes" type="OVERLAP" />
<TLINK id="TL80" fromID="E23" fromText="symptom onset and head CT" toID="E22" toText="Daniel" type="OVERLAP" />
<TLINK id="TL81" fromID="E26" fromText="symptomatic" toID="E23" toText="symptom onset and head CT" type="OVERLAP" />
<TLINK id="TL82" fromID="E27" fromText="symptoms" toID="E23" toText="symptom onset and head CT" type="OVERLAP" />
<TLINK id="TL83" fromID="E35" fromText="symptom onset" toID="E23" toText="symptom onset and head CT" type="OVERLAP" />
<TLINK id="TL84" fromID="E23" fromText="symptom onset and head CT" toID="E24" toText="showed" type="BEFORE" />
<TLINK id="TL85" fromID="E23" fromText="symptom onset and head CT" toID="T4" toText="3 hours" type="OVERLAP" />
<TLINK id="TL86" fromID="E24" fromText="showed" toID="E23" toText="symptom onset and head CT" type="OVERLAP" />
<TLINK id="TL87" fromID="E25" fromText="bleed" toID="E23" toText="symptom onset and head CT" type="AFTER" />
<TLINK id="TL88" fromID="E25" fromText="bleed" toID="E24" toText="showed" type="BEFORE" />
<TLINK id="TL89" fromID="E26" fromText="symptomatic" toID="E35" toText="symptom onset" type="OVERLAP" />
<TLINK id="TL9" fromID="E3" fromText="2 previous strokes" toID="E95" toText="his previous strokes" type="OVERLAP" />
<TLINK id="TL90" fromID="E27" fromText="symptoms" toID="E35" toText="symptom onset" type="OVERLAP" />
<TLINK id="TL91" fromID="E28" fromText="TPA" toID="E34" toText="IV tpa thrombolytics" type="OVERLAP" />
<TLINK id="TL92" fromID="E28" fromText="TPA" toID="T5" toText="the 3 hour" type="OVERLAP" />
<TLINK id="TL93" fromID="E29" fromText="MRI" toID="E30" toText="showed" type="OVERLAP" />
<TLINK id="TL94" fromID="E30" fromText="showed" toID="E29" toText="MRI" type="OVERLAP" />
<TLINK id="TL95" fromID="E31" fromText="diffusion abnormalities" toID="E29" toText="MRI" type="BEFORE" />
<TLINK id="TL96" fromID="E32" fromText="hyperintensity" toID="E29" toText="MRI" type="BEFORE" />
<TLINK id="TL97" fromID="E31" fromText="diffusion abnormalities" toID="E30" toText="showed" type="BEFORE" />
<TLINK id="TL98" fromID="E32" fromText="hyperintensity" toID="E30" toText="showed" type="BEFORE" />
<TLINK id="TL99" fromID="E33" fromText="T2 / FLAIR imaging" toID="E30" toText="showed" type="OVERLAP" />
<TLINK id="SECTIME0" fromID="E26" fromText="symptomatic" toID="T1" toText="2015-08-26" type="BEFORE" />
<TLINK id="SECTIME1" fromID="E27" fromText="symptoms" toID="T1" toText="2015-08-26" type="BEFORE" />
<TLINK id="SECTIME2" fromID="E28" fromText="TPA" toID="T1" toText="2015-08-26" type="BEFORE" />
<TLINK id="SECTIME3" fromID="E29" fromText="MRI" toID="T1" toText="2015-08-26" type="BEFORE" />
<TLINK id="SECTIME4" fromID="E30" fromText="showed" toID="T1" toText="2015-08-26" type="BEFORE" />
<TLINK id="SECTIME5" fromID="E31" fromText="diffusion abnormalities" toID="T1" toText="2015-08-26" type="BEFORE" />
<TLINK id="SECTIME6" fromID="E32" fromText="hyperintensity" toID="T1" toText="2015-08-26" type="BEFORE" />
<TLINK id="SECTIME7" fromID="E33" fromText="T2 / FLAIR imaging" toID="T1" toText="2015-08-26" type="BEFORE" />
<TLINK id="SECTIME8" fromID="E34" fromText="IV tpa thrombolytics" toID="T1" toText="2015-08-26" type="BEFORE" />
<TLINK id="SECTIME9" fromID="E2" fromText="multiple vascular risk factors" toID="T0" toText="2015-08-22" type="BEFORE" />
<TLINK id="SECTIME10" fromID="E35" fromText="symptom onset" toID="T1" toText="2015-08-26" type="BEFORE" />
<TLINK id="SECTIME11" fromID="E36" fromText="showed" toID="T1" toText="2015-08-26" type="BEFORE" />
<TLINK id="SECTIME12" fromID="E37" fromText="decreased right sided weakness" toID="T1" toText="2015-08-26" type="BEFORE" />
<TLINK id="SECTIME13" fromID="E38" fromText="improved" toID="T1" toText="2015-08-26" type="BEFORE" />
<TLINK id="SECTIME14" fromID="E39" fromText="a global aphasia" toID="T1" toText="2015-08-26" type="BEFORE" />
<TLINK id="SECTIME15" fromID="E40" fromText="an anterior aphasia picture" toID="T1" toText="2015-08-26" type="BEFORE" />
<TLINK id="SECTIME16" fromID="E41" fromText="infarct" toID="T1" toText="2015-08-26" type="BEFORE" />
<TLINK id="SECTIME17" fromID="E42" fromText="carotid doppler" toID="T1" toText="2015-08-26" type="BEFORE" />
<TLINK id="SECTIME18" fromID="E43" fromText="TTE" toID="T1" toText="2015-08-26" type="BEFORE" />
<TLINK id="SECTIME19" fromID="E44" fromText="revealed" toID="T1" toText="2015-08-26" type="BEFORE" />
<TLINK id="SECTIME20" fromID="E45" fromText="hemodynamically significant lesions" toID="T1" toText="2015-08-26" type="BEFORE" />
<TLINK id="SECTIME21" fromID="E46" fromText="Echo" toID="T1" toText="2015-08-26" type="BEFORE" />
<TLINK id="SECTIME22" fromID="E47" fromText="emboli" toID="T1" toText="2015-08-26" type="BEFORE" />
<TLINK id="SECTIME23" fromID="E48" fromText="showed" toID="T1" toText="2015-08-26" type="BEFORE" />
<TLINK id="SECTIME24" fromID="E49" fromText="striking left ventricle akinesis" toID="T1" toText="2015-08-26" type="BEFORE" />
<TLINK id="SECTIME25" fromID="E50" fromText="hypokinesis" toID="T1" toText="2015-08-26" type="BEFORE" />
<TLINK id="SECTIME26" fromID="E3" fromText="2 previous strokes" toID="T0" toText="2015-08-22" type="BEFORE" />
<TLINK id="SECTIME27" fromID="E51" fromText="past MI" toID="T1" toText="2015-08-26" type="BEFORE" />
<TLINK id="SECTIME28" fromID="E52" fromText="the stroke" toID="T1" toText="2015-08-26" type="BEFORE" />
<TLINK id="SECTIME29" fromID="E53" fromText="aspirin" toID="T1" toText="2015-08-26" type="BEFORE" />
<TLINK id="SECTIME30" fromID="E54" fromText="plavix" toID="T1" toText="2015-08-26" type="BEFORE" />
<TLINK id="SECTIME31" fromID="E55" fromText="the severe akinesis of the left ventricle" toID="T1" toText="2015-08-26" type="BEFORE" />
<TLINK id="SECTIME32" fromID="E56" fromText="anticoagulation" toID="T1" toText="2015-08-26" type="BEFORE" />
<TLINK id="SECTIME33" fromID="E57" fromText="warfarin" toID="T1" toText="2015-08-26" type="BEFORE" />
<TLINK id="SECTIME34" fromID="E58" fromText="future strokes" toID="T1" toText="2015-08-26" type="BEFORE" />
<TLINK id="SECTIME35" fromID="E59" fromText="Anticoagulation therapy" toID="T1" toText="2015-08-26" type="BEFORE" />
<TLINK id="SECTIME36" fromID="E4" fromText="two myocardial infarctions" toID="T0" toText="2015-08-22" type="BEFORE" />
<TLINK id="SECTIME37" fromID="E60" fromText="heparin" toID="T1" toText="2015-08-26" type="AFTER" />
<TLINK id="SECTIME38" fromID="E61" fromText="coumadin" toID="T1" toText="2015-08-26" type="BEFORE" />
<TLINK id="SECTIME39" fromID="E62" fromText="educated" toID="T1" toText="2015-08-26" type="BEFORE" />
<TLINK id="SECTIME40" fromID="E63" fromText="low molecular wt heparin" toID="T1" toText="2015-08-26" type="BEFORE" />
<TLINK id="SECTIME41" fromID="E64" fromText="the hospital" toID="T1" toText="2015-08-26" type="BEFORE" />
<TLINK id="SECTIME42" fromID="E65" fromText="follow-up" toID="T1" toText="2015-08-26" type="AFTER" />
<TLINK id="SECTIME43" fromID="E66" fromText="the Wareham VA primary care clinic" toID="T1" toText="2015-08-26" type="AFTER" />
<TLINK id="SECTIME44" fromID="E5" fromText="hypertension" toID="T0" toText="2015-08-22" type="BEFORE" />
<TLINK id="SECTIME45" fromID="E67" fromText="His depakote" toID="T1" toText="2015-08-26" type="BEFORE" />
<TLINK id="SECTIME46" fromID="E68" fromText="his bipolar disorder" toID="T1" toText="2015-08-26" type="BEFORE" />
<TLINK id="SECTIME47" fromID="E69" fromText="discharge" toID="T1" toText="2015-08-26" type="OVERLAP" />
<TLINK id="SECTIME48" fromID="E70" fromText="intact in the limbs" toID="T1" toText="2015-08-26" type="BEFORE" />
<TLINK id="SECTIME49" fromID="E6" fromText="hypercholesterolemia" toID="T0" toText="2015-08-22" type="BEFORE" />
<TLINK id="SECTIME50" fromID="E71" fromText="a right-sided facial droop" toID="T1" toText="2015-08-26" type="BEFORE" />
<TLINK id="SECTIME51" fromID="E72" fromText="mild dysarthria" toID="T1" toText="2015-08-26" type="BEFORE" />
<TLINK id="SECTIME52" fromID="E73" fromText="mild anterior aphasia" toID="T1" toText="2015-08-26" type="BEFORE" />
<TLINK id="SECTIME53" fromID="E74" fromText="risk factor modification" toID="T1" toText="2015-08-26" type="BEFORE" />
<TLINK id="SECTIME54" fromID="E75" fromText="Lipid panel" toID="T1" toText="2015-08-26" type="BEFORE" />
<TLINK id="SECTIME55" fromID="E76" fromText="showed" toID="T1" toText="2015-08-26" type="BEFORE" />
<TLINK id="SECTIME56" fromID="E77" fromText="good control" toID="T1" toText="2015-08-26" type="BEFORE" />
<TLINK id="SECTIME57" fromID="E78" fromText="lipids" toID="T1" toText="2015-08-26" type="BEFORE" />
<TLINK id="SECTIME58" fromID="E79" fromText="zocor" toID="T1" toText="2015-08-26" type="BEFORE" />
<TLINK id="SECTIME59" fromID="E7" fromText="presents" toID="T0" toText="2015-08-22" type="BEFORE" />
<TLINK id="SECTIME60" fromID="E80" fromText="diabetes" toID="T1" toText="2015-08-26" type="BEFORE" />
<TLINK id="SECTIME61" fromID="E81" fromText="fasting glucose" toID="T1" toText="2015-08-26" type="BEFORE" />
<TLINK id="SECTIME62" fromID="E82" fromText="A1C" toID="T1" toText="2015-08-26" type="BEFORE" />
<TLINK id="SECTIME63" fromID="E83" fromText="slightly elevated" toID="T1" toText="2015-08-26" type="BEFORE" />
<TLINK id="SECTIME64" fromID="E84" fromText="further glucose monitoring" toID="T1" toText="2015-08-26" type="AFTER" />
<TLINK id="SECTIME65" fromID="E8" fromText="acute onset right sided hemiplegia" toID="T0" toText="2015-08-22" type="BEFORE" />
<TLINK id="SECTIME66" fromID="E85" fromText="His home hypertensive medications" toID="T1" toText="2015-08-26" type="BEFORE" />
<TLINK id="SECTIME67" fromID="E86" fromText="the hospital" toID="T1" toText="2015-08-26" type="BEFORE" />
<TLINK id="SECTIME68" fromID="E87" fromText="help increase cerebral perfusion" toID="T1" toText="2015-08-26" type="BEFORE" />
<TLINK id="SECTIME69" fromID="E88" fromText="further ischemia" toID="T1" toText="2015-08-26" type="AFTER" />
<TLINK id="SECTIME70" fromID="E89" fromText="discharge" toID="T1" toText="2015-08-26" type="BEFORE" />
<TLINK id="SECTIME71" fromID="E90" fromText="Speech therapy" toID="T1" toText="2015-08-26" type="BEFORE" />
<TLINK id="SECTIME72" fromID="E91" fromText="consulted" toID="T1" toText="2015-08-26" type="BEFORE" />
<TLINK id="SECTIME73" fromID="E92" fromText="oupatient speech therapy" toID="T1" toText="2015-08-26" type="BEFORE" />
<TLINK id="SECTIME74" fromID="E93" fromText="outpatient PT" toID="T1" toText="2015-08-26" type="BEFORE" />
<TLINK id="SECTIME75" fromID="E94" fromText="his gait difficulties" toID="T1" toText="2015-08-26" type="BEFORE" />
<TLINK id="SECTIME76" fromID="E95" fromText="his previous strokes" toID="T1" toText="2015-08-26" type="BEFORE" />
<TLINK id="SECTIME77" fromID="E96" fromText="Residual deficits" toID="T1" toText="2015-08-26" type="BEFORE" />
<TLINK id="SECTIME78" fromID="E97" fromText="right side facial droop" toID="T1" toText="2015-08-26" type="BEFORE" />
<TLINK id="SECTIME79" fromID="E9" fromText="dysarthria" toID="T0" toText="2015-08-22" type="BEFORE" />
<TLINK id="SECTIME80" fromID="E98" fromText="previous stroke" toID="T1" toText="2015-08-26" type="BEFORE" />
<TLINK id="SECTIME81" fromID="E99" fromText="moderately severe dysarthria" toID="T1" toText="2015-08-26" type="BEFORE" />
<TLINK id="SECTIME82" fromID="E100" fromText="anterior aphasia" toID="T1" toText="2015-08-26" type="AFTER" />
<TLINK id="SECTIME83" fromID="E101" fromText="word finding difficulties" toID="T1" toText="2015-08-26" type="BEFORE" />
<TLINK id="SECTIME84" fromID="E10" fromText="called" toID="T0" toText="2015-08-22" type="BEFORE" />
<TLINK id="SECTIME85" fromID="E11" fromText="weak right leg" toID="T0" toText="2015-08-22" type="BEFORE" />
<TLINK id="SECTIME86" fromID="E12" fromText="flaccid right arm" toID="T0" toText="2015-08-22" type="BEFORE" />
<TLINK id="SECTIME87" fromID="E13" fromText="severe dysarthria" toID="T0" toText="2015-08-22" type="BEFORE" />
<TLINK id="SECTIME88" fromID="E14" fromText="Hahnemann General Hospital Lydia" toID="T0" toText="2015-08-22" type="OVERLAP" />
<TLINK id="SECTIME89" fromID="E15" fromText="any recent bleeding" toID="T0" toText="2015-08-22" type="BEFORE" />
<TLINK id="SECTIME90" fromID="E16" fromText="surgeries" toID="T0" toText="2015-08-22" type="BEFORE" />
<TLINK id="SECTIME91" fromID="E17" fromText="upper respiratory infection" toID="T0" toText="2015-08-22" type="BEFORE" />
<TLINK id="SECTIME92" fromID="E18" fromText="multiple vascular risk factors presents" toID="T1" toText="2015-08-26" type="BEFORE" />
<TLINK id="SECTIME93" fromID="E19" fromText="acute onset right-sided hemiparesis" toID="T1" toText="2015-08-26" type="BEFORE" />
<TLINK id="SECTIME94" fromID="E20" fromText="dysarthria" toID="T1" toText="2015-08-26" type="BEFORE" />
<TLINK id="SECTIME95" fromID="E21" fromText="acute left MCA infarct" toID="T1" toText="2015-08-26" type="BEFORE" />
<TLINK id="SECTIME96" fromID="E22" fromText="Daniel" toID="T1" toText="2015-08-26" type="BEFORE" />
<TLINK id="SECTIME97" fromID="E23" fromText="symptom onset and head CT" toID="T1" toText="2015-08-26" type="BEFORE" />
<TLINK id="SECTIME98" fromID="E24" fromText="showed" toID="T1" toText="2015-08-26" type="BEFORE" />
<TLINK id="SECTIME99" fromID="E25" fromText="bleed" toID="T1" toText="2015-08-26" type="BEFORE" />
<SECTIME id="S0" start="18" end="28" text="2015-08-22" type="ADMISSION" dvalue="2015-08-22" />
<SECTIME id="S1" start="46" end="56" text="2015-08-26" type="DISCHARGE" dvalue="2015-08-26" />
</TAGS>
</ClinicalNarrativeTemporalAnnotation>
