<?xml version="1.0" encoding="UTF-8" ?>
<ClinicalNarrativeTemporalAnnotation>
<TEXT><![CDATA[
ADMISSION DATE :
03/25/2001
DISCHARGE DATE :
03/26/2001
HISTORY OF PRESENT ILLNESS :
This is a 30-year-old right hand dominant gentleman who pleasant Software Engineer .
In 1989 the patient was dunking a basketball and injured his right shoulder with abduction external rotation injury .
He has had persistent pain over the years which has worsened in the past several months including inability to sleep .
HOSPITAL COURSE AND TREATMENT :
The patient was admitted to the Hospital and was taken to the operating room for an open Bankart procedure with biceps tenodesis ( Please see the operative note for full details ) .
Postoperatively , the patient did very well and was neurovascularly intact .
His wound was intact , clean and dry and it was covered with perioperative antibiotics .
He was discharged to home on Percocet .
He was given strict instructions to limit his external rotation no more than 30 degrees .
He was seen by physical therapy prior to discharge .
FOLLOW UP :
He is to follow up with Dr. Rach Breutznedeaisscarvwierst in Clinic .
]]></TEXT>
<TAGS>
<EVENT id="E0" start="1" end="10" text="ADMISSION" modality="OCCURRENCE" polarity="POS" type="OCCURRENCE" />
<EVENT id="E2" start="142" end="168" text="pleasant Software Engineer" modality="FACTUAL" polarity="POS" type="OCCURRENCE" />
<EVENT id="E3" start="203" end="215" text="a basketball" modality="FACTUAL" polarity="POS" type="TREATMENT" />
<EVENT id="E4" start="252" end="286" text="abduction external rotation injury" modality="PROBLEM" polarity="POS" type="PROBLEM" />
<EVENT id="E1" start="29" end="38" text="DISCHARGE" modality="OCCURRENCE" polarity="POS" type="OCCURRENCE" />
<EVENT id="E5" start="300" end="315" text="persistent pain" modality="PROBLEM" polarity="POS" type="PROBLEM" />
<EVENT id="E6" start="341" end="349" text="worsened" modality="PROBLEM" polarity="POS" type="PROBLEM" />
<EVENT id="E7" start="387" end="405" text="inability to sleep" modality="PROBLEM" polarity="POS" type="PROBLEM" />
<EVENT id="E8" start="456" end="464" text="admitted" modality="OCCURRENCE" polarity="POS" type="OCCURRENCE" />
<EVENT id="E9" start="468" end="480" text="the Hospital" modality="CLINICAL_DEPT" polarity="POS" type="CLINICAL_DEPT" />
<EVENT id="E10" start="498" end="516" text="the operating room" modality="CLINICAL_DEPT" polarity="POS" type="CLINICAL_DEPT" />
<EVENT id="E11" start="521" end="546" text="an open Bankart procedure" modality="TREATMENT" polarity="POS" type="TREATMENT" />
<EVENT id="E12" start="552" end="568" text="biceps tenodesis" modality="PROBLEM" polarity="POS" type="TREATMENT" />
<EVENT id="E13" start="661" end="665" text="well" modality="EVIDENTIAL" polarity="POS" type="EVIDENTIAL" />
<EVENT id="E14" start="674" end="696" text="neurovascularly intact" modality="OCCURRENCE" polarity="POS" type="OCCURRENCE" />
<EVENT id="E15" start="699" end="708" text="His wound" modality="PROBLEM" polarity="POS" type="PROBLEM" />
<EVENT id="E16" start="713" end="719" text="intact" modality="FACTUAL" polarity="POS" type="OCCURRENCE" />
<EVENT id="E17" start="722" end="727" text="clean" modality="OCCURRENCE" polarity="POS" type="OCCURRENCE" />
<EVENT id="E18" start="732" end="735" text="dry" modality="OCCURRENCE" polarity="POS" type="OCCURRENCE" />
<EVENT id="E19" start="760" end="785" text="perioperative antibiotics" modality="TREATMENT" polarity="POS" type="TREATMENT" />
<EVENT id="E20" start="795" end="805" text="discharged" modality="OCCURRENCE" polarity="POS" type="OCCURRENCE" />
<EVENT id="E21" start="817" end="825" text="Percocet" modality="TREATMENT" polarity="POS" type="TREATMENT" />
<EVENT id="E22" start="841" end="860" text="strict instructions" modality="TREATMENT" polarity="POS" type="TREATMENT" />
<EVENT id="E23" start="870" end="891" text="his external rotation" modality="TEST" polarity="POS" type="PROBLEM" />
<EVENT id="E24" start="933" end="949" text="physical therapy" modality="OCCURRENCE" polarity="POS" type="CLINICAL_DEPT" />
<EVENT id="E25" start="959" end="968" text="discharge" modality="OCCURRENCE" polarity="POS" type="OCCURRENCE" />
<EVENT id="E26" start="992" end="1001" text="follow up" modality="OCCURRENCE" polarity="POS" type="OCCURRENCE" />
<TIMEX3 id="T0" start="18" end="28" text="03/25/2001" type="DATE" val="2001-03-25" mod="NA" />
<TIMEX3 id="T2" start="174" end="178" text="1989" type="DATE" val="1989" mod="NA" />
<TIMEX3 id="T3" start="321" end="330" text="the years" type="DURATION" val="the years" mod="APPROX" />
<TIMEX3 id="T4" start="362" end="376" text="several months" type="DURATION" val="P3M" mod="APPROX" />
<TIMEX3 id="T1" start="46" end="56" text="03/26/2001" type="DATE" val="2001-03-26" mod="NA" />
<TLINK id="TL0" fromID="E1" fromText="DISCHARGE" toID="E20" toText="discharged" type="OVERLAP" />
<TLINK id="TL1" fromID="E1" fromText="DISCHARGE" toID="E25" toText="discharge" type="OVERLAP" />
<TLINK id="TL10" fromID="E6" fromText="worsened" toID="T4" toText="several months" type="OVERLAP" />
<TLINK id="TL11" fromID="E7" fromText="inability to sleep" toID="E6" toText="worsened" type="OVERLAP" />
<TLINK id="TL12" fromID="E7" fromText="inability to sleep" toID="T4" toText="several months" type="OVERLAP" />
<TLINK id="TL13" fromID="E7" fromText="inability to sleep" toID="T3" toText="the years" type="OVERLAP" />
<TLINK id="TL14" fromID="E8" fromText="admitted" toID="E9" toText="the Hospital" type="OVERLAP" />
<TLINK id="TL15" fromID="E9" fromText="the Hospital" toID="E8" toText="admitted" type="AFTER" />
<TLINK id="TL16" fromID="E10" fromText="the operating room" toID="E8" toText="admitted" type="AFTER" />
<TLINK id="TL17" fromID="E10" fromText="the operating room" toID="E11" toText="an open Bankart procedure" type="OVERLAP" />
<TLINK id="TL18" fromID="E11" fromText="an open Bankart procedure" toID="E10" toText="the operating room" type="OVERLAP" />
<TLINK id="TL19" fromID="E12" fromText="biceps tenodesis" toID="E10" toText="the operating room" type="OVERLAP" />
<TLINK id="TL2" fromID="E3" fromText="a basketball" toID="T2" toText="1989" type="OVERLAP" />
<TLINK id="TL20" fromID="E11" fromText="an open Bankart procedure" toID="E12" toText="biceps tenodesis" type="OVERLAP" />
<TLINK id="TL21" fromID="E12" fromText="biceps tenodesis" toID="E11" toText="an open Bankart procedure" type="OVERLAP" />
<TLINK id="TL22" fromID="E13" fromText="well" toID="E14" toText="neurovascularly intact" type="OVERLAP" />
<TLINK id="TL23" fromID="E14" fromText="neurovascularly intact" toID="E13" toText="well" type="OVERLAP" />
<TLINK id="TL24" fromID="E14" fromText="neurovascularly intact" toID="E16" toText="intact" type="OVERLAP" />
<TLINK id="TL25" fromID="E15" fromText="His wound" toID="E16" toText="intact" type="OVERLAP" />
<TLINK id="TL26" fromID="E15" fromText="His wound" toID="E17" toText="clean" type="OVERLAP" />
<TLINK id="TL27" fromID="E16" fromText="intact" toID="E15" toText="His wound" type="OVERLAP" />
<TLINK id="TL28" fromID="E16" fromText="intact" toID="E17" toText="clean" type="OVERLAP" />
<TLINK id="TL29" fromID="E17" fromText="clean" toID="E16" toText="intact" type="OVERLAP" />
<TLINK id="TL3" fromID="E4" fromText="abduction external rotation injury" toID="E23" toText="his external rotation" type="OVERLAP" />
<TLINK id="TL30" fromID="E17" fromText="clean" toID="E18" toText="dry" type="OVERLAP" />
<TLINK id="TL31" fromID="E18" fromText="dry" toID="E17" toText="clean" type="OVERLAP" />
<TLINK id="TL32" fromID="E20" fromText="discharged" toID="E25" toText="discharge" type="OVERLAP" />
<TLINK id="TL33" fromID="E20" fromText="discharged" toID="E21" toText="Percocet" type="OVERLAP" />
<TLINK id="TL34" fromID="E21" fromText="Percocet" toID="E20" toText="discharged" type="BEFORE" />
<TLINK id="TL35" fromID="E22" fromText="strict instructions" toID="E23" toText="his external rotation" type="OVERLAP" />
<TLINK id="TL36" fromID="E23" fromText="his external rotation" toID="E22" toText="strict instructions" type="BEFORE" />
<TLINK id="TL37" fromID="E24" fromText="physical therapy" toID="E25" toText="discharge" type="AFTER" />
<TLINK id="TL38" fromID="E25" fromText="discharge" toID="E24" toText="physical therapy" type="OVERLAP" />
<TLINK id="TL4" fromID="E5" fromText="persistent pain" toID="E6" toText="worsened" type="OVERLAP" />
<TLINK id="TL5" fromID="E5" fromText="persistent pain" toID="T3" toText="the years" type="OVERLAP" />
<TLINK id="TL6" fromID="E5" fromText="persistent pain" toID="T4" toText="several months" type="OVERLAP" />
<TLINK id="TL7" fromID="E6" fromText="worsened" toID="E5" toText="persistent pain" type="OVERLAP" />
<TLINK id="TL8" fromID="E6" fromText="worsened" toID="E7" toText="inability to sleep" type="OVERLAP" />
<TLINK id="TL9" fromID="E6" fromText="worsened" toID="T3" toText="the years" type="OVERLAP" />
<TLINK id="SECTIME0" fromID="E2" fromText="pleasant Software Engineer" toID="T0" toText="03/25/2001" type="AFTER" />
<TLINK id="SECTIME1" fromID="E3" fromText="a basketball" toID="T0" toText="03/25/2001" type="BEFORE" />
<TLINK id="SECTIME2" fromID="E4" fromText="abduction external rotation injury" toID="T0" toText="03/25/2001" type="BEFORE" />
<TLINK id="SECTIME3" fromID="E5" fromText="persistent pain" toID="T0" toText="03/25/2001" type="BEFORE" />
<TLINK id="SECTIME4" fromID="E6" fromText="worsened" toID="T0" toText="03/25/2001" type="BEFORE" />
<TLINK id="SECTIME5" fromID="E7" fromText="inability to sleep" toID="T0" toText="03/25/2001" type="BEFORE" />
<TLINK id="SECTIME6" fromID="E8" fromText="admitted" toID="T1" toText="03/26/2001" type="BEFORE" />
<TLINK id="SECTIME7" fromID="E9" fromText="the Hospital" toID="T1" toText="03/26/2001" type="BEFORE" />
<TLINK id="SECTIME8" fromID="E10" fromText="the operating room" toID="T1" toText="03/26/2001" type="BEFORE" />
<TLINK id="SECTIME9" fromID="E11" fromText="an open Bankart procedure" toID="T1" toText="03/26/2001" type="BEFORE" />
<TLINK id="SECTIME10" fromID="E12" fromText="biceps tenodesis" toID="T1" toText="03/26/2001" type="BEFORE" />
<TLINK id="SECTIME11" fromID="E13" fromText="well" toID="T1" toText="03/26/2001" type="BEFORE" />
<TLINK id="SECTIME12" fromID="E14" fromText="neurovascularly intact" toID="T1" toText="03/26/2001" type="BEFORE" />
<TLINK id="SECTIME13" fromID="E15" fromText="His wound" toID="T1" toText="03/26/2001" type="BEFORE" />
<TLINK id="SECTIME14" fromID="E16" fromText="intact" toID="T1" toText="03/26/2001" type="BEFORE" />
<TLINK id="SECTIME15" fromID="E17" fromText="clean" toID="T1" toText="03/26/2001" type="BEFORE" />
<TLINK id="SECTIME16" fromID="E18" fromText="dry" toID="T1" toText="03/26/2001" type="BEFORE" />
<TLINK id="SECTIME17" fromID="E19" fromText="perioperative antibiotics" toID="T1" toText="03/26/2001" type="BEFORE" />
<TLINK id="SECTIME18" fromID="E20" fromText="discharged" toID="T1" toText="03/26/2001" type="OVERLAP" />
<TLINK id="SECTIME19" fromID="E21" fromText="Percocet" toID="T1" toText="03/26/2001" type="BEFORE" />
<TLINK id="SECTIME20" fromID="E22" fromText="strict instructions" toID="T1" toText="03/26/2001" type="BEFORE" />
<TLINK id="SECTIME21" fromID="E23" fromText="his external rotation" toID="T1" toText="03/26/2001" type="BEFORE" />
<TLINK id="SECTIME22" fromID="E24" fromText="physical therapy" toID="T1" toText="03/26/2001" type="BEFORE" />
<TLINK id="SECTIME23" fromID="E25" fromText="discharge" toID="T1" toText="03/26/2001" type="OVERLAP" />
<TLINK id="SECTIME24" fromID="E26" fromText="follow up" toID="T1" toText="03/26/2001" type="AFTER" />
<SECTIME id="S0" start="18" end="28" text="03/25/2001" type="ADMISSION" dvalue="2001-03-25" />
<SECTIME id="S1" start="46" end="56" text="03/26/2001" type="DISCHARGE" dvalue="2001-03-26" />
</TAGS>
</ClinicalNarrativeTemporalAnnotation>
