<?xml version="1.0" encoding="UTF-8" ?>
<ClinicalNarrativeTemporalAnnotation>
<TEXT><![CDATA[
ADMISSION DATE :
9/14/93
DISCHARGE DATE :
9/15/93
HISTORY OF PRESENT ILLNESS :
Patient is a 49 year old previously healthy female , who was diagnosed in June , 1992 , with a breast carcinoma , after she presented with some breast discomfort on the left side .
She underwent a wide resection of a left breast mass by Dr. Ausguall on 8/17/93 .
Pathology of this resection revealed a Grade III / III infiltrating ductal carcinoma .
She now presents for left axillary node dissection , to complete her staging .
She has no complaints at the time of presentation .
REVIEW OF SYSTEMS :
noncontributory , her last menstrual period was regular , and last week .
MEDICATIONS ON ADMISSION :
:w
:q
none .
HOSPITAL COURSE :
The patient was admitted on 9/14/93 , and underwent on that same day , a left axillary lymph nodes dissection , by Dr. Ausguall .
The patient tolerated the procedure well , there were no complications .
Postoperative course was unremarkable .
The patient was discharged home on 9/15/93 .
At that time her JP was still in place .
]]></TEXT>
<TAGS>
<EVENT id="E0" start="1" end="10" text="ADMISSION" modality="OCCURRENCE" polarity="POS" type="OCCURRENCE" />
<EVENT id="E23" start="1014" end="1020" text="her JP" modality="TEST" polarity="POS" type="TEST" />
<EVENT id="E2" start="141" end="150" text="diagnosed" modality="FACTUAL" polarity="POS" type="OCCURRENCE" />
<EVENT id="E3" start="173" end="191" text="a breast carcinoma" modality="PROBLEM" polarity="POS" type="PROBLEM" />
<EVENT id="E4" start="204" end="213" text="presented" modality="OCCURRENCE" polarity="POS" type="OCCURRENCE" />
<EVENT id="E5" start="219" end="258" text="some breast discomfort on the left side" modality="PROBLEM" polarity="POS" type="PROBLEM" />
<EVENT id="E1" start="26" end="35" text="DISCHARGE" modality="OCCURRENCE" polarity="POS" type="OCCURRENCE" />
<EVENT id="E6" start="275" end="291" text="a wide resection" modality="TREATMENT" polarity="POS" type="TEST" />
<EVENT id="E7" start="295" end="313" text="a left breast mass" modality="PROBLEM" polarity="POS" type="PROBLEM" />
<EVENT id="E8" start="371" end="379" text="revealed" modality="EVIDENTIAL" polarity="POS" type="EVIDENTIAL" />
<EVENT id="E9" start="380" end="427" text="a Grade III / III infiltrating ductal carcinoma" modality="PROBLEM" polarity="POS" type="PROBLEM" />
<EVENT id="E10" start="438" end="446" text="presents" modality="OCCURRENCE" polarity="POS" type="EVIDENTIAL" />
<EVENT id="E11" start="451" end="480" text="left axillary node dissection" modality="PROBLEM" polarity="POS" type="PROBLEM" />
<EVENT id="E12" start="520" end="530" text="complaints" modality="PROBLEM" polarity="NEG" type="PROBLEM" />
<EVENT id="E13" start="546" end="558" text="presentation" modality="FACTUAL" polarity="POS" type="OCCURRENCE" />
<EVENT id="E14" start="729" end="737" text="admitted" modality="OCCURRENCE" polarity="POS" type="OCCURRENCE" />
<EVENT id="E15" start="784" end="822" text="a left axillary lymph nodes dissection" modality="PROBLEM" polarity="POS" type="PROBLEM" />
<EVENT id="E16" start="855" end="864" text="tolerated" modality="OCCURRENCE" polarity="POS" type="OCCURRENCE" />
<EVENT id="E17" start="865" end="878" text="the procedure" modality="TREATMENT" polarity="POS" type="TREATMENT" />
<EVENT id="E18" start="879" end="883" text="well" modality="FACTUAL" polarity="POS" type="OCCURRENCE" />
<EVENT id="E19" start="900" end="913" text="complications" modality="PROBLEM" polarity="NEG" type="PROBLEM" />
<EVENT id="E20" start="916" end="936" text="Postoperative course" modality="OCCURRENCE" polarity="POS" type="OCCURRENCE" />
<EVENT id="E21" start="941" end="953" text="unremarkable" modality="FACTUAL" polarity="POS" type="OCCURRENCE" />
<EVENT id="E22" start="972" end="982" text="discharged" modality="OCCURRENCE" polarity="POS" type="OCCURRENCE" />
<TIMEX3 id="T2" start="154" end="165" text="June , 1992" type="DATE" val="1992-06" mod="NA" />
<TIMEX3 id="T0" start="18" end="25" text="9/14/93" type="DATE" val="1993-09-14" mod="NA" />
<TIMEX3 id="T3" start="333" end="340" text="8/17/93" type="DATE" val="1993-08-17" mod="NA" />
<TIMEX3 id="T1" start="43" end="50" text="9/15/93" type="DATE" val="1993-09-15" mod="NA" />
<TIMEX3 id="T4" start="643" end="652" text="last week" type="DURATION" val="last week" mod="NA" />
<TIMEX3 id="T5" start="741" end="748" text="9/14/93" type="DATE" val="1993-09-14" mod="NA" />
<TIMEX3 id="T6" start="768" end="781" text="that same day" type="DATE" val="that same day" mod="NA" />
<TIMEX3 id="T7" start="991" end="998" text="9/15/93" type="DATE" val="1993-09-15" mod="NA" />
<TLINK id="TL0" fromID="E1" fromText="DISCHARGE" toID="E22" toText="discharged" type="OVERLAP" />
<TLINK id="TL1" fromID="E2" fromText="diagnosed" toID="T2" toText="June , 1992" type="OVERLAP" />
<TLINK id="TL10" fromID="E5" fromText="some breast discomfort on the left side" toID="E7" toText="a left breast mass" type="OVERLAP" />
<TLINK id="TL11" fromID="E5" fromText="some breast discomfort on the left side" toID="E11" toText="left axillary node dissection" type="OVERLAP" />
<TLINK id="TL12" fromID="E5" fromText="some breast discomfort on the left side" toID="E15" toText="a left axillary lymph nodes dissection" type="OVERLAP" />
<TLINK id="TL13" fromID="E6" fromText="a wide resection" toID="E7" toText="a left breast mass" type="OVERLAP" />
<TLINK id="TL14" fromID="E6" fromText="a wide resection" toID="T3" toText="8/17/93" type="OVERLAP" />
<TLINK id="TL15" fromID="E7" fromText="a left breast mass" toID="E6" toText="a wide resection" type="OVERLAP" />
<TLINK id="TL16" fromID="E7" fromText="a left breast mass" toID="E11" toText="left axillary node dissection" type="OVERLAP" />
<TLINK id="TL17" fromID="E7" fromText="a left breast mass" toID="E15" toText="a left axillary lymph nodes dissection" type="OVERLAP" />
<TLINK id="TL18" fromID="E7" fromText="a left breast mass" toID="T3" toText="8/17/93" type="OVERLAP" />
<TLINK id="TL19" fromID="E9" fromText="a Grade III / III infiltrating ductal carcinoma" toID="E8" toText="revealed" type="BEFORE" />
<TLINK id="TL2" fromID="E3" fromText="a breast carcinoma" toID="E2" toText="diagnosed" type="BEFORE" />
<TLINK id="TL20" fromID="E11" fromText="left axillary node dissection" toID="E10" toText="presents" type="BEFORE" />
<TLINK id="TL21" fromID="E11" fromText="left axillary node dissection" toID="E15" toText="a left axillary lymph nodes dissection" type="OVERLAP" />
<TLINK id="TL22" fromID="E12" fromText="complaints" toID="E13" toText="presentation" type="OVERLAP" />
<TLINK id="TL23" fromID="E14" fromText="admitted" toID="T5" toText="9/14/93" type="OVERLAP" />
<TLINK id="TL24" fromID="E15" fromText="a left axillary lymph nodes dissection" toID="T6" toText="that same day" type="OVERLAP" />
<TLINK id="TL25" fromID="E16" fromText="tolerated" toID="E17" toText="the procedure" type="OVERLAP" />
<TLINK id="TL26" fromID="E16" fromText="tolerated" toID="E18" toText="well" type="OVERLAP" />
<TLINK id="TL27" fromID="E19" fromText="complications" toID="E18" toText="well" type="OVERLAP" />
<TLINK id="TL28" fromID="E20" fromText="Postoperative course" toID="E21" toText="unremarkable" type="OVERLAP" />
<TLINK id="TL29" fromID="E21" fromText="unremarkable" toID="E20" toText="Postoperative course" type="OVERLAP" />
<TLINK id="TL3" fromID="E3" fromText="a breast carcinoma" toID="E5" toText="some breast discomfort on the left side" type="OVERLAP" />
<TLINK id="TL30" fromID="E22" fromText="discharged" toID="T7" toText="9/15/93" type="OVERLAP" />
<TLINK id="TL4" fromID="E3" fromText="a breast carcinoma" toID="E7" toText="a left breast mass" type="OVERLAP" />
<TLINK id="TL5" fromID="E3" fromText="a breast carcinoma" toID="E9" toText="a Grade III / III infiltrating ductal carcinoma" type="OVERLAP" />
<TLINK id="TL6" fromID="E3" fromText="a breast carcinoma" toID="E4" toText="presented" type="BEFORE" />
<TLINK id="TL7" fromID="E3" fromText="a breast carcinoma" toID="T2" toText="June , 1992" type="OVERLAP" />
<TLINK id="TL8" fromID="E4" fromText="presented" toID="E5" toText="some breast discomfort on the left side" type="OVERLAP" />
<TLINK id="TL9" fromID="E5" fromText="some breast discomfort on the left side" toID="E4" toText="presented" type="BEFORE" />
<TLINK id="SECTIME0" fromID="E23" fromText="her JP" toID="T1" toText="9/15/93" type="BEFORE" />
<TLINK id="SECTIME1" fromID="E2" fromText="diagnosed" toID="T0" toText="9/14/93" type="BEFORE" />
<TLINK id="SECTIME2" fromID="E3" fromText="a breast carcinoma" toID="T0" toText="9/14/93" type="BEFORE" />
<TLINK id="SECTIME3" fromID="E4" fromText="presented" toID="T0" toText="9/14/93" type="BEFORE" />
<TLINK id="SECTIME4" fromID="E5" fromText="some breast discomfort on the left side" toID="T0" toText="9/14/93" type="BEFORE" />
<TLINK id="SECTIME5" fromID="E6" fromText="a wide resection" toID="T0" toText="9/14/93" type="BEFORE" />
<TLINK id="SECTIME6" fromID="E7" fromText="a left breast mass" toID="T0" toText="9/14/93" type="BEFORE" />
<TLINK id="SECTIME7" fromID="E8" fromText="revealed" toID="T0" toText="9/14/93" type="BEFORE" />
<TLINK id="SECTIME8" fromID="E9" fromText="a Grade III / III infiltrating ductal carcinoma" toID="T0" toText="9/14/93" type="BEFORE" />
<TLINK id="SECTIME9" fromID="E10" fromText="presents" toID="T0" toText="9/14/93" type="OVERLAP" />
<TLINK id="SECTIME10" fromID="E11" fromText="left axillary node dissection" toID="T0" toText="9/14/93" type="BEFORE" />
<TLINK id="SECTIME11" fromID="E12" fromText="complaints" toID="T0" toText="9/14/93" type="BEFORE" />
<TLINK id="SECTIME12" fromID="E13" fromText="presentation" toID="T0" toText="9/14/93" type="OVERLAP" />
<TLINK id="SECTIME13" fromID="E14" fromText="admitted" toID="T1" toText="9/15/93" type="BEFORE" />
<TLINK id="SECTIME14" fromID="E15" fromText="a left axillary lymph nodes dissection" toID="T1" toText="9/15/93" type="BEFORE" />
<TLINK id="SECTIME15" fromID="E16" fromText="tolerated" toID="T1" toText="9/15/93" type="BEFORE" />
<TLINK id="SECTIME16" fromID="E17" fromText="the procedure" toID="T1" toText="9/15/93" type="BEFORE" />
<TLINK id="SECTIME17" fromID="E18" fromText="well" toID="T1" toText="9/15/93" type="BEFORE" />
<TLINK id="SECTIME18" fromID="E19" fromText="complications" toID="T1" toText="9/15/93" type="BEFORE" />
<TLINK id="SECTIME19" fromID="E20" fromText="Postoperative course" toID="T1" toText="9/15/93" type="BEFORE" />
<TLINK id="SECTIME20" fromID="E21" fromText="unremarkable" toID="T1" toText="9/15/93" type="BEFORE" />
<TLINK id="SECTIME21" fromID="E22" fromText="discharged" toID="T1" toText="9/15/93" type="OVERLAP" />
<SECTIME id="S0" start="18" end="25" text="9/14/93" type="ADMISSION" dvalue="1993-09-14" />
<SECTIME id="S1" start="43" end="50" text="9/15/93" type="DISCHARGE" dvalue="1993-09-15" />
</TAGS>
</ClinicalNarrativeTemporalAnnotation>
