<?xml version="1.0" encoding="UTF-8" ?>
<ClinicalNarrativeTemporalAnnotation>
<TEXT><![CDATA[
Admission Date :
03/13/2006
Discharge Date :
03/19/2006
Service :
MED
HPI :
75 y / o F with DM , COPD on 2L NC and Bipap at night p / w generalized weakness and fatigue , urinary incontinence and shaking as well as increased sputum production .
Per daughter these symptoms are typical of COPD flare .
ROS otherwise negative .
Admission Status :
ED :
REc&apos;d duonebs , solumedrol 125
Vitals :
t97.5 , hr 117 , bp156/81 , rr28 , o2 sats 87% RA ; 95% 4L
Exam :
NAD , pleasant , speaking in complete sentences , poor air movement bilaterally , L &gt; R , no wheezes or rales , rrr , distant , abd benign , no edema , alert and oriented times three , no focal deficits , conversant Studies :
- EKG sinus 92 , no ST changes
- CXR no focal consolidation or edema , old biapical scarring ABG 7.34/79/74 U / A negative
Daily Status :
improving , but still poor air movement , diffusely wheezy on exam , at baseline 2L o2 requirement
A / P :
75 y / o F with h / o COPD c / b frequent exacerbations p / w typical flare symptoms .
Problem List :
CV - Ischemia ASA , lisinopril Pump no evidence of failure
Rhythm Resp - COPD
flare - steroids , cont prednisone 60 , taper slowly as tolerated , duonebs , advair , singulair , spiriva , claritin azithromycin for atypical bronchitis to complete a 5 day course , keep o2 sat 90-94 , home nocturnal CPAP not tolerated in house , does well on nc , appears ato be at baseline
Renal -
Cr 0.8 , stress incontinence by symptoms with increased cough , no evidence of uti , cont to closely monitor
GI - Bowel regimen
Heme - Chronic Fe deficiency anemia , cont iron
Endo - DM on insulin with steroids
ID - afebrile , no wbc , started on Azithromycin for COPD flare
FEN - ADA diet
PPx - Lovenox , PPI
Dispo - to rehab when resp status improved , PT consulted
Code - FC
ADDITIONAL COMMENTS :
DISCHARGE CONDITION :
Stable
TO DO / PLAN :
f / u with PCP and Dr. Pump as scheduled , return to ED with worsening sob or increased cough or sputum production
]]></TEXT>
<TAGS>
<EVENT id="E0" start="1" end="10" text="Admission" modality="OCCURRENCE" polarity="POS" type="OCCURRENCE" />
<EVENT id="E44" start="1043" end="1055" text="Ischemia ASA" modality="PROBLEM" polarity="POS" type="TREATMENT" />
<EVENT id="E45" start="1058" end="1073" text="lisinopril Pump" modality="TREATMENT" polarity="POS" type="TREATMENT" />
<EVENT id="E4" start="109" end="111" text="NC" modality="TREATMENT" polarity="POS" type="TREATMENT" />
<EVENT id="E46" start="1089" end="1096" text="failure" modality="PROBLEM" polarity="NEG" type="PROBLEM" />
<EVENT id="E47" start="1097" end="1108" text="Rhythm Resp" modality="FACTUAL" polarity="POS" type="PROBLEM" />
<EVENT id="E48" start="1124" end="1132" text="steroids" modality="TREATMENT" polarity="POS" type="TREATMENT" />
<EVENT id="E49" start="1140" end="1150" text="prednisone" modality="TREATMENT" polarity="POS" type="TREATMENT" />
<EVENT id="E5" start="116" end="121" text="Bipap" modality="TREATMENT" polarity="POS" type="TREATMENT" />
<EVENT id="E50" start="1156" end="1168" text="taper slowly" modality="TEST" polarity="POS" type="TEST" />
<EVENT id="E51" start="1172" end="1181" text="tolerated" modality="FACTUAL" polarity="POS" type="OCCURRENCE" />
<EVENT id="E52" start="1184" end="1191" text="duonebs" modality="TREATMENT" polarity="POS" type="PROBLEM" />
<EVENT id="E53" start="1194" end="1200" text="advair" modality="TREATMENT" polarity="POS" type="TREATMENT" />
<EVENT id="E54" start="1203" end="1212" text="singulair" modality="TREATMENT" polarity="POS" type="PROBLEM" />
<EVENT id="E55" start="1215" end="1222" text="spiriva" modality="PROBLEM" polarity="POS" type="PROBLEM" />
<EVENT id="E56" start="1225" end="1246" text="claritin azithromycin" modality="TREATMENT" polarity="POS" type="TREATMENT" />
<EVENT id="E57" start="1251" end="1270" text="atypical bronchitis" modality="PROBLEM" polarity="POS" type="TEST" />
<EVENT id="E58" start="1320" end="1339" text="home nocturnal CPAP" modality="TREATMENT" polarity="POS" type="TEST" />
<EVENT id="E59" start="1344" end="1362" text="tolerated in house" modality="OCCURRENCE" polarity="POS" type="OCCURRENCE" />
<EVENT id="E6" start="137" end="157" text="generalized weakness" modality="PROBLEM" polarity="POS" type="PROBLEM" />
<EVENT id="E60" start="1370" end="1374" text="well" modality="OCCURRENCE" polarity="POS" type="OCCURRENCE" />
<EVENT id="E61" start="1378" end="1380" text="nc" modality="FACTUAL" polarity="POS" type="TREATMENT" />
<EVENT id="E62" start="1418" end="1420" text="Cr" modality="TEST" polarity="POS" type="TEST" />
<EVENT id="E63" start="1427" end="1446" text="stress incontinence" modality="PROBLEM" polarity="POS" type="PROBLEM" />
<EVENT id="E64" start="1450" end="1458" text="symptoms" modality="PROBLEM" polarity="POS" type="PROBLEM" />
<EVENT id="E65" start="1464" end="1479" text="increased cough" modality="PROBLEM" polarity="POS" type="PROBLEM" />
<EVENT id="E66" start="1511" end="1526" text="closely monitor" modality="FACTUAL" polarity="POS" type="CLINICAL_DEPT" />
<EVENT id="E67" start="1564" end="1581" text="deficiency anemia" modality="PROBLEM" polarity="POS" type="PROBLEM" />
<EVENT id="E68" start="1601" end="1603" text="DM" modality="PROBLEM" polarity="POS" type="PROBLEM" />
<EVENT id="E69" start="1607" end="1614" text="insulin" modality="FACTUAL" polarity="POS" type="TREATMENT" />
<EVENT id="E7" start="162" end="169" text="fatigue" modality="PROBLEM" polarity="POS" type="PROBLEM" />
<EVENT id="E70" start="1620" end="1628" text="steroids" modality="TREATMENT" polarity="POS" type="TREATMENT" />
<EVENT id="E71" start="1634" end="1642" text="afebrile" modality="PROBLEM" polarity="POS" type="PROBLEM" />
<EVENT id="E72" start="1648" end="1651" text="wbc" modality="PROBLEM" polarity="NEG" type="PROBLEM" />
<EVENT id="E73" start="1665" end="1677" text="Azithromycin" modality="TREATMENT" polarity="POS" type="TREATMENT" />
<EVENT id="E74" start="1682" end="1692" text="COPD flare" modality="PROBLEM" polarity="POS" type="TREATMENT" />
<EVENT id="E75" start="1699" end="1707" text="ADA diet" modality="TREATMENT" polarity="POS" type="TREATMENT" />
<EVENT id="E76" start="1708" end="1711" text="PPx" modality="TREATMENT" polarity="POS" type="TREATMENT" />
<EVENT id="E8" start="172" end="192" text="urinary incontinence" modality="PROBLEM" polarity="POS" type="PROBLEM" />
<EVENT id="E77" start="1714" end="1721" text="Lovenox" modality="TREATMENT" polarity="POS" type="TREATMENT" />
<EVENT id="E78" start="1724" end="1727" text="PPI" modality="TREATMENT" polarity="POS" type="TREATMENT" />
<EVENT id="E79" start="1739" end="1744" text="rehab" modality="FACTUAL" polarity="POS" type="CLINICAL_DEPT" />
<EVENT id="E80" start="1750" end="1761" text="resp status" modality="OCCURRENCE" polarity="POS" type="OCCURRENCE" />
<EVENT id="E81" start="1773" end="1785" text="PT consulted" modality="TREATMENT" polarity="POS" type="TEST" />
<EVENT id="E82" start="1855" end="1859" text="PLAN" modality="FACTUAL" polarity="POS" type="PROBLEM" />
<EVENT id="E83" start="1873" end="1876" text="PCP" modality="CLINICAL_DEPT" polarity="POS" type="CLINICAL_DEPT" />
<EVENT id="E84" start="1905" end="1911" text="return" modality="FACTUAL" polarity="POS" type="TREATMENT" />
<EVENT id="E85" start="1915" end="1917" text="ED" modality="CLINICAL_DEPT" polarity="POS" type="CLINICAL_DEPT" />
<EVENT id="E86" start="1923" end="1936" text="worsening sob" modality="PROBLEM" polarity="POS" type="PROBLEM" />
<EVENT id="E87" start="1940" end="1955" text="increased cough" modality="PROBLEM" polarity="NEG" type="PROBLEM" />
<EVENT id="E88" start="1959" end="1976" text="sputum production" modality="PROBLEM" polarity="NEG" type="PROBLEM" />
<EVENT id="E9" start="197" end="204" text="shaking" modality="PROBLEM" polarity="POS" type="PROBLEM" />
<EVENT id="E10" start="216" end="243" text="increased sputum production" modality="PROBLEM" polarity="POS" type="PROBLEM" />
<EVENT id="E11" start="259" end="273" text="these symptoms" modality="PROBLEM" polarity="POS" type="PROBLEM" />
<EVENT id="E1" start="29" end="38" text="Discharge" modality="OCCURRENCE" polarity="POS" type="OCCURRENCE" />
<EVENT id="E12" start="289" end="299" text="COPD flare" modality="PROBLEM" polarity="POS" type="PROBLEM" />
<EVENT id="E13" start="302" end="305" text="ROS" modality="TEST" polarity="POS" type="TEST" />
<EVENT id="E14" start="316" end="324" text="negative" modality="FACTUAL" polarity="POS" type="EVIDENTIAL" />
<EVENT id="E15" start="351" end="369" text="REc&amp;apos;d duonebs" modality="PROBLEM" polarity="POS" type="TEST" />
<EVENT id="E16" start="372" end="382" text="solumedrol" modality="TREATMENT" polarity="POS" type="TREATMENT" />
<EVENT id="E17" start="413" end="421" text="bp156/81" modality="FACTUAL" polarity="POS" type="TEST" />
<EVENT id="E18" start="434" end="438" text="sats" modality="TEST" polarity="POS" type="TEST" />
<EVENT id="E19" start="462" end="465" text="NAD" modality="FACTUAL" polarity="POS" type="PROBLEM" />
<EVENT id="E20" start="468" end="476" text="pleasant" modality="PROBLEM" polarity="POS" type="TREATMENT" />
<EVENT id="E21" start="479" end="509" text="speaking in complete sentences" modality="PROBLEM" polarity="POS" type="PROBLEM" />
<EVENT id="E22" start="512" end="541" text="poor air movement bilaterally" modality="PROBLEM" polarity="POS" type="PROBLEM" />
<EVENT id="E23" start="544" end="552" text="L &amp;gt; R" modality="FACTUAL" polarity="POS" type="PROBLEM" />
<EVENT id="E24" start="558" end="565" text="wheezes" modality="PROBLEM" polarity="NEG" type="PROBLEM" />
<EVENT id="E25" start="569" end="574" text="rales" modality="PROBLEM" polarity="NEG" type="PROBLEM" />
<EVENT id="E26" start="577" end="580" text="rrr" modality="FACTUAL" polarity="POS" type="TREATMENT" />
<EVENT id="E27" start="593" end="603" text="abd benign" modality="PROBLEM" polarity="NEG" type="PROBLEM" />
<EVENT id="E28" start="609" end="614" text="edema" modality="PROBLEM" polarity="NEG" type="PROBLEM" />
<EVENT id="E29" start="617" end="622" text="alert" modality="OCCURRENCE" polarity="POS" type="OCCURRENCE" />
<EVENT id="E30" start="653" end="667" text="focal deficits" modality="PROBLEM" polarity="NEG" type="PROBLEM" />
<EVENT id="E31" start="693" end="702" text="EKG sinus" modality="TEST" polarity="POS" type="TEST" />
<EVENT id="E32" start="711" end="721" text="ST changes" modality="PROBLEM" polarity="NEG" type="PROBLEM" />
<EVENT id="E33" start="724" end="727" text="CXR" modality="TEST" polarity="POS" type="TEST" />
<EVENT id="E34" start="731" end="750" text="focal consolidation" modality="PROBLEM" polarity="NEG" type="PROBLEM" />
<EVENT id="E35" start="754" end="759" text="edema" modality="PROBLEM" polarity="NEG" type="PROBLEM" />
<EVENT id="E36" start="784" end="787" text="ABG" modality="TEST" polarity="POS" type="TEST" />
<EVENT id="E37" start="829" end="838" text="improving" modality="OCCURRENCE" polarity="POS" type="OCCURRENCE" />
<EVENT id="E38" start="851" end="868" text="poor air movement" modality="PROBLEM" polarity="POS" type="PROBLEM" />
<EVENT id="E39" start="891" end="895" text="exam" modality="TEST" polarity="POS" type="TEST" />
<EVENT id="E2" start="93" end="95" text="DM" modality="PROBLEM" polarity="POS" type="PROBLEM" />
<EVENT id="E40" start="952" end="953" text="h" modality="PROBLEM" polarity="POS" type="PROBLEM" />
<EVENT id="E41" start="958" end="962" text="COPD" modality="PROBLEM" polarity="POS" type="PROBLEM" />
<EVENT id="E42" start="967" end="991" text="b frequent exacerbations" modality="PROBLEM" polarity="POS" type="PROBLEM" />
<EVENT id="E3" start="98" end="102" text="COPD" modality="PROBLEM" polarity="POS" type="PROBLEM" />
<EVENT id="E43" start="998" end="1020" text="typical flare symptoms" modality="PROBLEM" polarity="POS" type="PROBLEM" />
<TIMEX3 id="T2" start="1283" end="1290" text="a 5 day" type="DURATION" val="P5D" mod="NA" />
<TIMEX3 id="T3" start="1305" end="1307" text="o2" type="FREQUENCY" val="o2" mod="NA" />
<TIMEX3 id="T4" start="1312" end="1317" text="90-94" type="DATE" val="2006-90-94" mod="NA" />
<TIMEX3 id="T0" start="18" end="28" text="03/13/2006" type="DATE" val="2006-03-13" mod="NA" />
<TIMEX3 id="T1" start="46" end="56" text="03/19/2006" type="DATE" val="2006-03-19" mod="NA" />
<TLINK id="TL0" fromID="E68" fromText="DM" toID="E2" toText="DM" type="OVERLAP" />
<TLINK id="TL1" fromID="E4" fromText="NC" toID="E2" toText="DM" type="OVERLAP" />
<TLINK id="TL10" fromID="E3" fromText="COPD" toID="E10" toText="increased sputum production" type="OVERLAP" />
<TLINK id="TL100" fromID="E40" fromText="h" toID="E41" toText="COPD" type="OVERLAP" />
<TLINK id="TL101" fromID="E41" fromText="COPD" toID="E40" toText="h" type="OVERLAP" />
<TLINK id="TL102" fromID="E42" fromText="b frequent exacerbations" toID="E40" toText="h" type="OVERLAP" />
<TLINK id="TL103" fromID="E74" fromText="COPD flare" toID="E41" toText="COPD" type="OVERLAP" />
<TLINK id="TL104" fromID="E41" fromText="COPD" toID="E42" toText="b frequent exacerbations" type="OVERLAP" />
<TLINK id="TL105" fromID="E41" fromText="COPD" toID="E43" toText="typical flare symptoms" type="OVERLAP" />
<TLINK id="TL106" fromID="E42" fromText="b frequent exacerbations" toID="E41" toText="COPD" type="OVERLAP" />
<TLINK id="TL107" fromID="E42" fromText="b frequent exacerbations" toID="E43" toText="typical flare symptoms" type="OVERLAP" />
<TLINK id="TL108" fromID="E43" fromText="typical flare symptoms" toID="E42" toText="b frequent exacerbations" type="OVERLAP" />
<TLINK id="TL109" fromID="E57" fromText="atypical bronchitis" toID="E43" toText="typical flare symptoms" type="OVERLAP" />
<TLINK id="TL11" fromID="E4" fromText="NC" toID="E3" toText="COPD" type="OVERLAP" />
<TLINK id="TL110" fromID="E64" fromText="symptoms" toID="E43" toText="typical flare symptoms" type="OVERLAP" />
<TLINK id="TL111" fromID="E74" fromText="COPD flare" toID="E43" toText="typical flare symptoms" type="OVERLAP" />
<TLINK id="TL112" fromID="E44" fromText="Ischemia ASA" toID="E45" toText="lisinopril Pump" type="OVERLAP" />
<TLINK id="TL113" fromID="E45" fromText="lisinopril Pump" toID="E44" toText="Ischemia ASA" type="OVERLAP" />
<TLINK id="TL114" fromID="E46" fromText="failure" toID="E45" toText="lisinopril Pump" type="OVERLAP" />
<TLINK id="TL115" fromID="E47" fromText="Rhythm Resp" toID="E80" toText="resp status" type="OVERLAP" />
<TLINK id="TL116" fromID="E48" fromText="steroids" toID="E70" toText="steroids" type="OVERLAP" />
<TLINK id="TL117" fromID="E48" fromText="steroids" toID="E49" toText="prednisone" type="OVERLAP" />
<TLINK id="TL118" fromID="E48" fromText="steroids" toID="E50" toText="taper slowly" type="OVERLAP" />
<TLINK id="TL119" fromID="E48" fromText="steroids" toID="E61" toText="nc" type="OVERLAP" />
<TLINK id="TL12" fromID="E5" fromText="Bipap" toID="E3" toText="COPD" type="OVERLAP" />
<TLINK id="TL120" fromID="E48" fromText="steroids" toID="T3" toText="o2" type="OVERLAP" />
<TLINK id="TL121" fromID="E49" fromText="prednisone" toID="E48" toText="steroids" type="OVERLAP" />
<TLINK id="TL122" fromID="E49" fromText="prednisone" toID="E57" toText="atypical bronchitis" type="OVERLAP" />
<TLINK id="TL123" fromID="E49" fromText="prednisone" toID="E61" toText="nc" type="OVERLAP" />
<TLINK id="TL124" fromID="E49" fromText="prednisone" toID="T3" toText="o2" type="OVERLAP" />
<TLINK id="TL125" fromID="E50" fromText="taper slowly" toID="E49" toText="prednisone" type="OVERLAP" />
<TLINK id="TL126" fromID="E52" fromText="duonebs" toID="E49" toText="prednisone" type="AFTER" />
<TLINK id="TL127" fromID="E49" fromText="prednisone" toID="E50" toText="taper slowly" type="OVERLAP" />
<TLINK id="TL128" fromID="E49" fromText="prednisone" toID="E51" toText="tolerated" type="AFTER" />
<TLINK id="TL129" fromID="E50" fromText="taper slowly" toID="E51" toText="tolerated" type="OVERLAP" />
<TLINK id="TL13" fromID="E3" fromText="COPD" toID="E4" toText="NC" type="OVERLAP" />
<TLINK id="TL130" fromID="E50" fromText="taper slowly" toID="E52" toText="duonebs" type="OVERLAP" />
<TLINK id="TL131" fromID="E50" fromText="taper slowly" toID="E53" toText="advair" type="OVERLAP" />
<TLINK id="TL132" fromID="E50" fromText="taper slowly" toID="E57" toText="atypical bronchitis" type="OVERLAP" />
<TLINK id="TL133" fromID="E50" fromText="taper slowly" toID="E59" toText="tolerated in house" type="OVERLAP" />
<TLINK id="TL134" fromID="E50" fromText="taper slowly" toID="E60" toText="well" type="OVERLAP" />
<TLINK id="TL135" fromID="E50" fromText="taper slowly" toID="E61" toText="nc" type="OVERLAP" />
<TLINK id="TL136" fromID="E50" fromText="taper slowly" toID="T2" toText="a 5 day" type="OVERLAP" />
<TLINK id="TL137" fromID="E50" fromText="taper slowly" toID="T3" toText="o2" type="OVERLAP" />
<TLINK id="TL138" fromID="E50" fromText="taper slowly" toID="T4" toText="90-94" type="OVERLAP" />
<TLINK id="TL139" fromID="E51" fromText="tolerated" toID="E50" toText="taper slowly" type="OVERLAP" />
<TLINK id="TL14" fromID="E3" fromText="COPD" toID="E5" toText="Bipap" type="OVERLAP" />
<TLINK id="TL140" fromID="E52" fromText="duonebs" toID="E50" toText="taper slowly" type="BEFORE" />
<TLINK id="TL141" fromID="E53" fromText="advair" toID="E50" toText="taper slowly" type="AFTER" />
<TLINK id="TL142" fromID="E54" fromText="singulair" toID="E50" toText="taper slowly" type="BEFORE" />
<TLINK id="TL143" fromID="E55" fromText="spiriva" toID="E50" toText="taper slowly" type="BEFORE" />
<TLINK id="TL144" fromID="E51" fromText="tolerated" toID="E59" toText="tolerated in house" type="OVERLAP" />
<TLINK id="TL145" fromID="E51" fromText="tolerated" toID="E52" toText="duonebs" type="OVERLAP" />
<TLINK id="TL146" fromID="E51" fromText="tolerated" toID="E53" toText="advair" type="OVERLAP" />
<TLINK id="TL147" fromID="E51" fromText="tolerated" toID="T2" toText="a 5 day" type="OVERLAP" />
<TLINK id="TL148" fromID="E51" fromText="tolerated" toID="T3" toText="o2" type="OVERLAP" />
<TLINK id="TL149" fromID="E52" fromText="duonebs" toID="E51" toText="tolerated" type="OVERLAP" />
<TLINK id="TL15" fromID="E3" fromText="COPD" toID="E6" toText="generalized weakness" type="OVERLAP" />
<TLINK id="TL150" fromID="E53" fromText="advair" toID="E51" toText="tolerated" type="OVERLAP" />
<TLINK id="TL151" fromID="E52" fromText="duonebs" toID="E53" toText="advair" type="OVERLAP" />
<TLINK id="TL152" fromID="E52" fromText="duonebs" toID="E54" toText="singulair" type="OVERLAP" />
<TLINK id="TL153" fromID="E52" fromText="duonebs" toID="E55" toText="spiriva" type="OVERLAP" />
<TLINK id="TL154" fromID="E52" fromText="duonebs" toID="E57" toText="atypical bronchitis" type="BEFORE" />
<TLINK id="TL155" fromID="E52" fromText="duonebs" toID="E58" toText="home nocturnal CPAP" type="BEFORE" />
<TLINK id="TL156" fromID="E53" fromText="advair" toID="E52" toText="duonebs" type="OVERLAP" />
<TLINK id="TL157" fromID="E54" fromText="singulair" toID="E52" toText="duonebs" type="OVERLAP" />
<TLINK id="TL158" fromID="E55" fromText="spiriva" toID="E52" toText="duonebs" type="OVERLAP" />
<TLINK id="TL159" fromID="E53" fromText="advair" toID="E54" toText="singulair" type="OVERLAP" />
<TLINK id="TL16" fromID="E3" fromText="COPD" toID="E7" toText="fatigue" type="OVERLAP" />
<TLINK id="TL160" fromID="E53" fromText="advair" toID="E55" toText="spiriva" type="OVERLAP" />
<TLINK id="TL161" fromID="E53" fromText="advair" toID="E56" toText="claritin azithromycin" type="OVERLAP" />
<TLINK id="TL162" fromID="E53" fromText="advair" toID="E57" toText="atypical bronchitis" type="OVERLAP" />
<TLINK id="TL163" fromID="E53" fromText="advair" toID="E61" toText="nc" type="OVERLAP" />
<TLINK id="TL164" fromID="E54" fromText="singulair" toID="E53" toText="advair" type="OVERLAP" />
<TLINK id="TL165" fromID="E55" fromText="spiriva" toID="E53" toText="advair" type="OVERLAP" />
<TLINK id="TL166" fromID="E56" fromText="claritin azithromycin" toID="E53" toText="advair" type="OVERLAP" />
<TLINK id="TL167" fromID="E54" fromText="singulair" toID="E55" toText="spiriva" type="OVERLAP" />
<TLINK id="TL168" fromID="E54" fromText="singulair" toID="E56" toText="claritin azithromycin" type="OVERLAP" />
<TLINK id="TL169" fromID="E54" fromText="singulair" toID="E57" toText="atypical bronchitis" type="BEFORE" />
<TLINK id="TL17" fromID="E4" fromText="NC" toID="E61" toText="nc" type="OVERLAP" />
<TLINK id="TL170" fromID="E55" fromText="spiriva" toID="E54" toText="singulair" type="OVERLAP" />
<TLINK id="TL171" fromID="E56" fromText="claritin azithromycin" toID="E54" toText="singulair" type="OVERLAP" />
<TLINK id="TL172" fromID="E55" fromText="spiriva" toID="E56" toText="claritin azithromycin" type="OVERLAP" />
<TLINK id="TL173" fromID="E55" fromText="spiriva" toID="E57" toText="atypical bronchitis" type="BEFORE" />
<TLINK id="TL174" fromID="E56" fromText="claritin azithromycin" toID="E55" toText="spiriva" type="OVERLAP" />
<TLINK id="TL175" fromID="E57" fromText="atypical bronchitis" toID="E55" toText="spiriva" type="OVERLAP" />
<TLINK id="TL176" fromID="E56" fromText="claritin azithromycin" toID="E73" toText="Azithromycin" type="OVERLAP" />
<TLINK id="TL177" fromID="E56" fromText="claritin azithromycin" toID="E57" toText="atypical bronchitis" type="OVERLAP" />
<TLINK id="TL178" fromID="E56" fromText="claritin azithromycin" toID="E61" toText="nc" type="OVERLAP" />
<TLINK id="TL179" fromID="E56" fromText="claritin azithromycin" toID="T2" toText="a 5 day" type="OVERLAP" />
<TLINK id="TL18" fromID="E4" fromText="NC" toID="E5" toText="Bipap" type="OVERLAP" />
<TLINK id="TL180" fromID="E57" fromText="atypical bronchitis" toID="E56" toText="claritin azithromycin" type="OVERLAP" />
<TLINK id="TL181" fromID="E57" fromText="atypical bronchitis" toID="T2" toText="a 5 day" type="OVERLAP" />
<TLINK id="TL182" fromID="E57" fromText="atypical bronchitis" toID="T3" toText="o2" type="OVERLAP" />
<TLINK id="TL183" fromID="E58" fromText="home nocturnal CPAP" toID="E59" toText="tolerated in house" type="OVERLAP" />
<TLINK id="TL184" fromID="E58" fromText="home nocturnal CPAP" toID="E60" toText="well" type="OVERLAP" />
<TLINK id="TL185" fromID="E58" fromText="home nocturnal CPAP" toID="T2" toText="a 5 day" type="OVERLAP" />
<TLINK id="TL186" fromID="E58" fromText="home nocturnal CPAP" toID="T3" toText="o2" type="OVERLAP" />
<TLINK id="TL187" fromID="E58" fromText="home nocturnal CPAP" toID="T4" toText="90-94" type="OVERLAP" />
<TLINK id="TL188" fromID="E59" fromText="tolerated in house" toID="E58" toText="home nocturnal CPAP" type="OVERLAP" />
<TLINK id="TL189" fromID="E59" fromText="tolerated in house" toID="E60" toText="well" type="OVERLAP" />
<TLINK id="TL19" fromID="E5" fromText="Bipap" toID="E4" toText="NC" type="OVERLAP" />
<TLINK id="TL190" fromID="E59" fromText="tolerated in house" toID="E61" toText="nc" type="OVERLAP" />
<TLINK id="TL191" fromID="E59" fromText="tolerated in house" toID="T2" toText="a 5 day" type="OVERLAP" />
<TLINK id="TL192" fromID="E59" fromText="tolerated in house" toID="T3" toText="o2" type="OVERLAP" />
<TLINK id="TL193" fromID="E59" fromText="tolerated in house" toID="T4" toText="90-94" type="OVERLAP" />
<TLINK id="TL194" fromID="E60" fromText="well" toID="E59" toText="tolerated in house" type="OVERLAP" />
<TLINK id="TL195" fromID="E61" fromText="nc" toID="E59" toText="tolerated in house" type="OVERLAP" />
<TLINK id="TL196" fromID="E60" fromText="well" toID="E61" toText="nc" type="OVERLAP" />
<TLINK id="TL197" fromID="E61" fromText="nc" toID="E60" toText="well" type="OVERLAP" />
<TLINK id="TL198" fromID="E61" fromText="nc" toID="T3" toText="o2" type="OVERLAP" />
<TLINK id="TL199" fromID="E62" fromText="Cr" toID="E63" toText="stress incontinence" type="OVERLAP" />
<TLINK id="TL2" fromID="E2" fromText="DM" toID="E4" toText="NC" type="BEFORE" />
<TLINK id="TL20" fromID="E6" fromText="generalized weakness" toID="E7" toText="fatigue" type="OVERLAP" />
<TLINK id="TL200" fromID="E62" fromText="Cr" toID="E66" toText="closely monitor" type="OVERLAP" />
<TLINK id="TL201" fromID="E63" fromText="stress incontinence" toID="E62" toText="Cr" type="BEFORE" />
<TLINK id="TL202" fromID="E64" fromText="symptoms" toID="E62" toText="Cr" type="BEFORE" />
<TLINK id="TL203" fromID="E65" fromText="increased cough" toID="E62" toText="Cr" type="BEFORE" />
<TLINK id="TL204" fromID="E63" fromText="stress incontinence" toID="E64" toText="symptoms" type="OVERLAP" />
<TLINK id="TL205" fromID="E63" fromText="stress incontinence" toID="E65" toText="increased cough" type="OVERLAP" />
<TLINK id="TL206" fromID="E64" fromText="symptoms" toID="E63" toText="stress incontinence" type="OVERLAP" />
<TLINK id="TL207" fromID="E65" fromText="increased cough" toID="E63" toText="stress incontinence" type="OVERLAP" />
<TLINK id="TL208" fromID="E64" fromText="symptoms" toID="E65" toText="increased cough" type="OVERLAP" />
<TLINK id="TL209" fromID="E65" fromText="increased cough" toID="E64" toText="symptoms" type="OVERLAP" />
<TLINK id="TL21" fromID="E6" fromText="generalized weakness" toID="E8" toText="urinary incontinence" type="OVERLAP" />
<TLINK id="TL210" fromID="E65" fromText="increased cough" toID="E87" toText="increased cough" type="OVERLAP" />
<TLINK id="TL211" fromID="E68" fromText="DM" toID="E69" toText="insulin" type="OVERLAP" />
<TLINK id="TL212" fromID="E68" fromText="DM" toID="E70" toText="steroids" type="BEFORE" />
<TLINK id="TL213" fromID="E69" fromText="insulin" toID="E68" toText="DM" type="OVERLAP" />
<TLINK id="TL214" fromID="E70" fromText="steroids" toID="E68" toText="DM" type="OVERLAP" />
<TLINK id="TL215" fromID="E69" fromText="insulin" toID="E70" toText="steroids" type="OVERLAP" />
<TLINK id="TL216" fromID="E70" fromText="steroids" toID="E69" toText="insulin" type="OVERLAP" />
<TLINK id="TL217" fromID="E71" fromText="afebrile" toID="E72" toText="wbc" type="OVERLAP" />
<TLINK id="TL218" fromID="E71" fromText="afebrile" toID="E73" toText="Azithromycin" type="BEFORE" />
<TLINK id="TL219" fromID="E72" fromText="wbc" toID="E71" toText="afebrile" type="OVERLAP" />
<TLINK id="TL22" fromID="E7" fromText="fatigue" toID="E6" toText="generalized weakness" type="OVERLAP" />
<TLINK id="TL220" fromID="E72" fromText="wbc" toID="E73" toText="Azithromycin" type="OVERLAP" />
<TLINK id="TL221" fromID="E72" fromText="wbc" toID="E74" toText="COPD flare" type="AFTER" />
<TLINK id="TL222" fromID="E73" fromText="Azithromycin" toID="E72" toText="wbc" type="OVERLAP" />
<TLINK id="TL223" fromID="E73" fromText="Azithromycin" toID="E74" toText="COPD flare" type="OVERLAP" />
<TLINK id="TL224" fromID="E74" fromText="COPD flare" toID="E73" toText="Azithromycin" type="OVERLAP" />
<TLINK id="TL225" fromID="E76" fromText="PPx" toID="E77" toText="Lovenox" type="OVERLAP" />
<TLINK id="TL226" fromID="E76" fromText="PPx" toID="E78" toText="PPI" type="OVERLAP" />
<TLINK id="TL227" fromID="E77" fromText="Lovenox" toID="E76" toText="PPx" type="OVERLAP" />
<TLINK id="TL228" fromID="E78" fromText="PPI" toID="E76" toText="PPx" type="OVERLAP" />
<TLINK id="TL229" fromID="E77" fromText="Lovenox" toID="E78" toText="PPI" type="OVERLAP" />
<TLINK id="TL23" fromID="E8" fromText="urinary incontinence" toID="E6" toText="generalized weakness" type="OVERLAP" />
<TLINK id="TL230" fromID="E78" fromText="PPI" toID="E77" toText="Lovenox" type="OVERLAP" />
<TLINK id="TL231" fromID="E79" fromText="rehab" toID="E80" toText="resp status" type="AFTER" />
<TLINK id="TL232" fromID="E80" fromText="resp status" toID="E79" toText="rehab" type="OVERLAP" />
<TLINK id="TL233" fromID="E81" fromText="PT consulted" toID="E80" toText="resp status" type="OVERLAP" />
<TLINK id="TL234" fromID="E84" fromText="return" toID="E83" toText="PCP" type="OVERLAP" />
<TLINK id="TL235" fromID="E84" fromText="return" toID="E85" toText="ED" type="OVERLAP" />
<TLINK id="TL236" fromID="E84" fromText="return" toID="E86" toText="worsening sob" type="OVERLAP" />
<TLINK id="TL237" fromID="E85" fromText="ED" toID="E84" toText="return" type="OVERLAP" />
<TLINK id="TL238" fromID="E86" fromText="worsening sob" toID="E84" toText="return" type="BEFORE" />
<TLINK id="TL239" fromID="E85" fromText="ED" toID="E86" toText="worsening sob" type="OVERLAP" />
<TLINK id="TL24" fromID="E7" fromText="fatigue" toID="E8" toText="urinary incontinence" type="OVERLAP" />
<TLINK id="TL240" fromID="E86" fromText="worsening sob" toID="E85" toText="ED" type="OVERLAP" />
<TLINK id="TL241" fromID="E87" fromText="increased cough" toID="E85" toText="ED" type="OVERLAP" />
<TLINK id="TL242" fromID="E86" fromText="worsening sob" toID="E87" toText="increased cough" type="OVERLAP" />
<TLINK id="TL243" fromID="E86" fromText="worsening sob" toID="E88" toText="sputum production" type="OVERLAP" />
<TLINK id="TL244" fromID="E87" fromText="increased cough" toID="E86" toText="worsening sob" type="OVERLAP" />
<TLINK id="TL245" fromID="E88" fromText="sputum production" toID="E86" toText="worsening sob" type="OVERLAP" />
<TLINK id="TL246" fromID="E87" fromText="increased cough" toID="E88" toText="sputum production" type="OVERLAP" />
<TLINK id="TL247" fromID="E88" fromText="sputum production" toID="E87" toText="increased cough" type="OVERLAP" />
<TLINK id="TL25" fromID="E7" fromText="fatigue" toID="E9" toText="shaking" type="OVERLAP" />
<TLINK id="TL26" fromID="E8" fromText="urinary incontinence" toID="E7" toText="fatigue" type="OVERLAP" />
<TLINK id="TL27" fromID="E9" fromText="shaking" toID="E7" toText="fatigue" type="OVERLAP" />
<TLINK id="TL28" fromID="E63" fromText="stress incontinence" toID="E8" toText="urinary incontinence" type="OVERLAP" />
<TLINK id="TL29" fromID="E8" fromText="urinary incontinence" toID="E9" toText="shaking" type="OVERLAP" />
<TLINK id="TL3" fromID="E2" fromText="DM" toID="E3" toText="COPD" type="OVERLAP" />
<TLINK id="TL30" fromID="E9" fromText="shaking" toID="E8" toText="urinary incontinence" type="OVERLAP" />
<TLINK id="TL31" fromID="E9" fromText="shaking" toID="E10" toText="increased sputum production" type="OVERLAP" />
<TLINK id="TL32" fromID="E10" fromText="increased sputum production" toID="E9" toText="shaking" type="OVERLAP" />
<TLINK id="TL33" fromID="E65" fromText="increased cough" toID="E10" toText="increased sputum production" type="OVERLAP" />
<TLINK id="TL34" fromID="E87" fromText="increased cough" toID="E10" toText="increased sputum production" type="OVERLAP" />
<TLINK id="TL35" fromID="E88" fromText="sputum production" toID="E10" toText="increased sputum production" type="OVERLAP" />
<TLINK id="TL36" fromID="E64" fromText="symptoms" toID="E11" toText="these symptoms" type="OVERLAP" />
<TLINK id="TL37" fromID="E11" fromText="these symptoms" toID="E43" toText="typical flare symptoms" type="OVERLAP" />
<TLINK id="TL38" fromID="E11" fromText="these symptoms" toID="E12" toText="COPD flare" type="OVERLAP" />
<TLINK id="TL39" fromID="E12" fromText="COPD flare" toID="E11" toText="these symptoms" type="OVERLAP" />
<TLINK id="TL4" fromID="E3" fromText="COPD" toID="E2" toText="DM" type="OVERLAP" />
<TLINK id="TL40" fromID="E74" fromText="COPD flare" toID="E12" toText="COPD flare" type="OVERLAP" />
<TLINK id="TL41" fromID="E12" fromText="COPD flare" toID="E41" toText="COPD" type="OVERLAP" />
<TLINK id="TL42" fromID="E12" fromText="COPD flare" toID="E43" toText="typical flare symptoms" type="OVERLAP" />
<TLINK id="TL43" fromID="E13" fromText="ROS" toID="E14" toText="negative" type="OVERLAP" />
<TLINK id="TL44" fromID="E14" fromText="negative" toID="E13" toText="ROS" type="OVERLAP" />
<TLINK id="TL45" fromID="E52" fromText="duonebs" toID="E15" toText="REc&amp;apos;d duonebs" type="OVERLAP" />
<TLINK id="TL46" fromID="E15" fromText="REc&apos;d duonebs" toID="E16" toText="solumedrol" type="OVERLAP" />
<TLINK id="TL47" fromID="E16" fromText="solumedrol" toID="E15" toText="REc&apos;d duonebs" type="OVERLAP" />
<TLINK id="TL48" fromID="E17" fromText="bp156/81" toID="E18" toText="sats" type="OVERLAP" />
<TLINK id="TL49" fromID="E18" fromText="sats" toID="E17" toText="bp156/81" type="OVERLAP" />
<TLINK id="TL5" fromID="E74" fromText="COPD flare" toID="E3" toText="COPD" type="OVERLAP" />
<TLINK id="TL50" fromID="E19" fromText="NAD" toID="E20" toText="pleasant" type="OVERLAP" />
<TLINK id="TL51" fromID="E19" fromText="NAD" toID="E21" toText="speaking in complete sentences" type="OVERLAP" />
<TLINK id="TL52" fromID="E20" fromText="pleasant" toID="E19" toText="NAD" type="OVERLAP" />
<TLINK id="TL53" fromID="E21" fromText="speaking in complete sentences" toID="E19" toText="NAD" type="OVERLAP" />
<TLINK id="TL54" fromID="E30" fromText="focal deficits" toID="E19" toText="NAD" type="OVERLAP" />
<TLINK id="TL55" fromID="E20" fromText="pleasant" toID="E21" toText="speaking in complete sentences" type="OVERLAP" />
<TLINK id="TL56" fromID="E21" fromText="speaking in complete sentences" toID="E20" toText="pleasant" type="OVERLAP" />
<TLINK id="TL57" fromID="E21" fromText="speaking in complete sentences" toID="E22" toText="poor air movement bilaterally" type="OVERLAP" />
<TLINK id="TL58" fromID="E22" fromText="poor air movement bilaterally" toID="E21" toText="speaking in complete sentences" type="OVERLAP" />
<TLINK id="TL59" fromID="E30" fromText="focal deficits" toID="E21" toText="speaking in complete sentences" type="OVERLAP" />
<TLINK id="TL6" fromID="E12" fromText="COPD flare" toID="E3" toText="COPD" type="OVERLAP" />
<TLINK id="TL60" fromID="E22" fromText="poor air movement bilaterally" toID="E38" toText="poor air movement" type="OVERLAP" />
<TLINK id="TL61" fromID="E22" fromText="poor air movement bilaterally" toID="E23" toText="L &gt; R" type="OVERLAP" />
<TLINK id="TL62" fromID="E22" fromText="poor air movement bilaterally" toID="E24" toText="wheezes" type="OVERLAP" />
<TLINK id="TL63" fromID="E23" fromText="L &gt; R" toID="E22" toText="poor air movement bilaterally" type="OVERLAP" />
<TLINK id="TL64" fromID="E24" fromText="wheezes" toID="E22" toText="poor air movement bilaterally" type="OVERLAP" />
<TLINK id="TL65" fromID="E25" fromText="rales" toID="E22" toText="poor air movement bilaterally" type="OVERLAP" />
<TLINK id="TL66" fromID="E23" fromText="L &gt; R" toID="E24" toText="wheezes" type="OVERLAP" />
<TLINK id="TL67" fromID="E23" fromText="L &gt; R" toID="E25" toText="rales" type="OVERLAP" />
<TLINK id="TL68" fromID="E24" fromText="wheezes" toID="E23" toText="L &gt; R" type="OVERLAP" />
<TLINK id="TL69" fromID="E25" fromText="rales" toID="E23" toText="L &gt; R" type="OVERLAP" />
<TLINK id="TL7" fromID="E41" fromText="COPD" toID="E3" toText="COPD" type="OVERLAP" />
<TLINK id="TL70" fromID="E24" fromText="wheezes" toID="E25" toText="rales" type="OVERLAP" />
<TLINK id="TL71" fromID="E24" fromText="wheezes" toID="E26" toText="rrr" type="OVERLAP" />
<TLINK id="TL72" fromID="E25" fromText="rales" toID="E24" toText="wheezes" type="OVERLAP" />
<TLINK id="TL73" fromID="E26" fromText="rrr" toID="E24" toText="wheezes" type="OVERLAP" />
<TLINK id="TL74" fromID="E25" fromText="rales" toID="E26" toText="rrr" type="OVERLAP" />
<TLINK id="TL75" fromID="E25" fromText="rales" toID="E27" toText="abd benign" type="OVERLAP" />
<TLINK id="TL76" fromID="E26" fromText="rrr" toID="E25" toText="rales" type="OVERLAP" />
<TLINK id="TL77" fromID="E27" fromText="abd benign" toID="E25" toText="rales" type="OVERLAP" />
<TLINK id="TL78" fromID="E27" fromText="abd benign" toID="E26" toText="rrr" type="OVERLAP" />
<TLINK id="TL79" fromID="E27" fromText="abd benign" toID="E28" toText="edema" type="OVERLAP" />
<TLINK id="TL8" fromID="E3" fromText="COPD" toID="E8" toText="urinary incontinence" type="OVERLAP" />
<TLINK id="TL80" fromID="E27" fromText="abd benign" toID="E29" toText="alert" type="OVERLAP" />
<TLINK id="TL81" fromID="E28" fromText="edema" toID="E27" toText="abd benign" type="OVERLAP" />
<TLINK id="TL82" fromID="E28" fromText="edema" toID="E35" toText="edema" type="OVERLAP" />
<TLINK id="TL83" fromID="E28" fromText="edema" toID="E29" toText="alert" type="OVERLAP" />
<TLINK id="TL84" fromID="E29" fromText="alert" toID="E28" toText="edema" type="OVERLAP" />
<TLINK id="TL85" fromID="E30" fromText="focal deficits" toID="E29" toText="alert" type="OVERLAP" />
<TLINK id="TL86" fromID="E30" fromText="focal deficits" toID="E34" toText="focal consolidation" type="OVERLAP" />
<TLINK id="TL87" fromID="E31" fromText="EKG sinus" toID="E32" toText="ST changes" type="OVERLAP" />
<TLINK id="TL88" fromID="E32" fromText="ST changes" toID="E31" toText="EKG sinus" type="BEFORE" />
<TLINK id="TL89" fromID="E33" fromText="CXR" toID="E34" toText="focal consolidation" type="OVERLAP" />
<TLINK id="TL9" fromID="E3" fromText="COPD" toID="E9" toText="shaking" type="OVERLAP" />
<TLINK id="TL90" fromID="E33" fromText="CXR" toID="E35" toText="edema" type="OVERLAP" />
<TLINK id="TL91" fromID="E34" fromText="focal consolidation" toID="E33" toText="CXR" type="OVERLAP" />
<TLINK id="TL92" fromID="E35" fromText="edema" toID="E33" toText="CXR" type="OVERLAP" />
<TLINK id="TL93" fromID="E34" fromText="focal consolidation" toID="E35" toText="edema" type="OVERLAP" />
<TLINK id="TL94" fromID="E34" fromText="focal consolidation" toID="E36" toText="ABG" type="BEFORE" />
<TLINK id="TL95" fromID="E35" fromText="edema" toID="E34" toText="focal consolidation" type="OVERLAP" />
<TLINK id="TL96" fromID="E35" fromText="edema" toID="E36" toText="ABG" type="OVERLAP" />
<TLINK id="TL97" fromID="E38" fromText="poor air movement" toID="E37" toText="improving" type="OVERLAP" />
<TLINK id="TL98" fromID="E39" fromText="exam" toID="E37" toText="improving" type="OVERLAP" />
<TLINK id="TL99" fromID="E38" fromText="poor air movement" toID="E39" toText="exam" type="BEFORE" />
<TLINK id="SECTIME0" fromID="E44" fromText="Ischemia ASA" toID="T0" toText="03/13/2006" type="BEFORE" />
<TLINK id="SECTIME1" fromID="E45" fromText="lisinopril Pump" toID="T0" toText="03/13/2006" type="BEFORE" />
<TLINK id="SECTIME2" fromID="E4" fromText="NC" toID="T0" toText="03/13/2006" type="OVERLAP" />
<TLINK id="SECTIME3" fromID="E46" fromText="failure" toID="T0" toText="03/13/2006" type="BEFORE" />
<TLINK id="SECTIME4" fromID="E47" fromText="Rhythm Resp" toID="T0" toText="03/13/2006" type="BEFORE" />
<TLINK id="SECTIME5" fromID="E48" fromText="steroids" toID="T0" toText="03/13/2006" type="BEFORE" />
<TLINK id="SECTIME6" fromID="E49" fromText="prednisone" toID="T0" toText="03/13/2006" type="BEFORE" />
<TLINK id="SECTIME7" fromID="E5" fromText="Bipap" toID="T0" toText="03/13/2006" type="BEFORE" />
<TLINK id="SECTIME8" fromID="E50" fromText="taper slowly" toID="T0" toText="03/13/2006" type="BEFORE" />
<TLINK id="SECTIME9" fromID="E51" fromText="tolerated" toID="T0" toText="03/13/2006" type="BEFORE" />
<TLINK id="SECTIME10" fromID="E52" fromText="duonebs" toID="T0" toText="03/13/2006" type="BEFORE" />
<TLINK id="SECTIME11" fromID="E53" fromText="advair" toID="T0" toText="03/13/2006" type="BEFORE" />
<TLINK id="SECTIME12" fromID="E54" fromText="singulair" toID="T0" toText="03/13/2006" type="BEFORE" />
<TLINK id="SECTIME13" fromID="E55" fromText="spiriva" toID="T0" toText="03/13/2006" type="BEFORE" />
<TLINK id="SECTIME14" fromID="E56" fromText="claritin azithromycin" toID="T0" toText="03/13/2006" type="AFTER" />
<TLINK id="SECTIME15" fromID="E57" fromText="atypical bronchitis" toID="T0" toText="03/13/2006" type="AFTER" />
<TLINK id="SECTIME16" fromID="E58" fromText="home nocturnal CPAP" toID="T0" toText="03/13/2006" type="BEFORE" />
<TLINK id="SECTIME17" fromID="E59" fromText="tolerated in house" toID="T0" toText="03/13/2006" type="BEFORE" />
<TLINK id="SECTIME18" fromID="E6" fromText="generalized weakness" toID="T0" toText="03/13/2006" type="BEFORE" />
<TLINK id="SECTIME19" fromID="E60" fromText="well" toID="T0" toText="03/13/2006" type="BEFORE" />
<TLINK id="SECTIME20" fromID="E61" fromText="nc" toID="T0" toText="03/13/2006" type="BEFORE" />
<TLINK id="SECTIME21" fromID="E62" fromText="Cr" toID="T0" toText="03/13/2006" type="BEFORE" />
<TLINK id="SECTIME22" fromID="E63" fromText="stress incontinence" toID="T0" toText="03/13/2006" type="BEFORE" />
<TLINK id="SECTIME23" fromID="E64" fromText="symptoms" toID="T0" toText="03/13/2006" type="BEFORE" />
<TLINK id="SECTIME24" fromID="E65" fromText="increased cough" toID="T0" toText="03/13/2006" type="BEFORE" />
<TLINK id="SECTIME25" fromID="E66" fromText="closely monitor" toID="T0" toText="03/13/2006" type="BEFORE" />
<TLINK id="SECTIME26" fromID="E67" fromText="deficiency anemia" toID="T0" toText="03/13/2006" type="BEFORE" />
<TLINK id="SECTIME27" fromID="E68" fromText="DM" toID="T0" toText="03/13/2006" type="BEFORE" />
<TLINK id="SECTIME28" fromID="E69" fromText="insulin" toID="T0" toText="03/13/2006" type="BEFORE" />
<TLINK id="SECTIME29" fromID="E7" fromText="fatigue" toID="T0" toText="03/13/2006" type="BEFORE" />
<TLINK id="SECTIME30" fromID="E70" fromText="steroids" toID="T0" toText="03/13/2006" type="BEFORE" />
<TLINK id="SECTIME31" fromID="E71" fromText="afebrile" toID="T0" toText="03/13/2006" type="BEFORE" />
<TLINK id="SECTIME32" fromID="E72" fromText="wbc" toID="T0" toText="03/13/2006" type="BEFORE" />
<TLINK id="SECTIME33" fromID="E73" fromText="Azithromycin" toID="T0" toText="03/13/2006" type="BEFORE" />
<TLINK id="SECTIME34" fromID="E74" fromText="COPD flare" toID="T0" toText="03/13/2006" type="BEFORE" />
<TLINK id="SECTIME35" fromID="E75" fromText="ADA diet" toID="T0" toText="03/13/2006" type="BEFORE" />
<TLINK id="SECTIME36" fromID="E76" fromText="PPx" toID="T0" toText="03/13/2006" type="BEFORE" />
<TLINK id="SECTIME37" fromID="E8" fromText="urinary incontinence" toID="T0" toText="03/13/2006" type="BEFORE" />
<TLINK id="SECTIME38" fromID="E77" fromText="Lovenox" toID="T0" toText="03/13/2006" type="BEFORE" />
<TLINK id="SECTIME39" fromID="E78" fromText="PPI" toID="T0" toText="03/13/2006" type="BEFORE" />
<TLINK id="SECTIME40" fromID="E79" fromText="rehab" toID="T0" toText="03/13/2006" type="BEFORE" />
<TLINK id="SECTIME41" fromID="E80" fromText="resp status" toID="T0" toText="03/13/2006" type="BEFORE" />
<TLINK id="SECTIME42" fromID="E81" fromText="PT consulted" toID="T0" toText="03/13/2006" type="BEFORE" />
<TLINK id="SECTIME43" fromID="E82" fromText="PLAN" toID="T0" toText="03/13/2006" type="BEFORE" />
<TLINK id="SECTIME44" fromID="E83" fromText="PCP" toID="T0" toText="03/13/2006" type="BEFORE" />
<TLINK id="SECTIME45" fromID="E84" fromText="return" toID="T0" toText="03/13/2006" type="OVERLAP" />
<TLINK id="SECTIME46" fromID="E85" fromText="ED" toID="T0" toText="03/13/2006" type="BEFORE" />
<TLINK id="SECTIME47" fromID="E86" fromText="worsening sob" toID="T0" toText="03/13/2006" type="BEFORE" />
<TLINK id="SECTIME48" fromID="E87" fromText="increased cough" toID="T0" toText="03/13/2006" type="BEFORE" />
<TLINK id="SECTIME49" fromID="E88" fromText="sputum production" toID="T0" toText="03/13/2006" type="BEFORE" />
<TLINK id="SECTIME50" fromID="E9" fromText="shaking" toID="T0" toText="03/13/2006" type="BEFORE" />
<TLINK id="SECTIME51" fromID="E10" fromText="increased sputum production" toID="T0" toText="03/13/2006" type="BEFORE" />
<TLINK id="SECTIME52" fromID="E11" fromText="these symptoms" toID="T0" toText="03/13/2006" type="BEFORE" />
<TLINK id="SECTIME53" fromID="E12" fromText="COPD flare" toID="T0" toText="03/13/2006" type="BEFORE" />
<TLINK id="SECTIME54" fromID="E13" fromText="ROS" toID="T0" toText="03/13/2006" type="AFTER" />
<TLINK id="SECTIME55" fromID="E14" fromText="negative" toID="T0" toText="03/13/2006" type="BEFORE" />
<TLINK id="SECTIME56" fromID="E15" fromText="REc&amp;apos;d duonebs" toID="T0" toText="03/13/2006" type="BEFORE" />
<TLINK id="SECTIME57" fromID="E16" fromText="solumedrol" toID="T0" toText="03/13/2006" type="BEFORE" />
<TLINK id="SECTIME58" fromID="E17" fromText="bp156/81" toID="T0" toText="03/13/2006" type="BEFORE" />
<TLINK id="SECTIME59" fromID="E18" fromText="sats" toID="T0" toText="03/13/2006" type="BEFORE" />
<TLINK id="SECTIME60" fromID="E19" fromText="NAD" toID="T0" toText="03/13/2006" type="BEFORE" />
<TLINK id="SECTIME61" fromID="E20" fromText="pleasant" toID="T0" toText="03/13/2006" type="BEFORE" />
<TLINK id="SECTIME62" fromID="E21" fromText="speaking in complete sentences" toID="T0" toText="03/13/2006" type="BEFORE" />
<TLINK id="SECTIME63" fromID="E22" fromText="poor air movement bilaterally" toID="T0" toText="03/13/2006" type="BEFORE" />
<TLINK id="SECTIME64" fromID="E23" fromText="L &amp;gt; R" toID="T0" toText="03/13/2006" type="BEFORE" />
<TLINK id="SECTIME65" fromID="E24" fromText="wheezes" toID="T0" toText="03/13/2006" type="BEFORE" />
<TLINK id="SECTIME66" fromID="E25" fromText="rales" toID="T0" toText="03/13/2006" type="BEFORE" />
<TLINK id="SECTIME67" fromID="E26" fromText="rrr" toID="T0" toText="03/13/2006" type="BEFORE" />
<TLINK id="SECTIME68" fromID="E27" fromText="abd benign" toID="T0" toText="03/13/2006" type="BEFORE" />
<TLINK id="SECTIME69" fromID="E28" fromText="edema" toID="T0" toText="03/13/2006" type="BEFORE" />
<TLINK id="SECTIME70" fromID="E29" fromText="alert" toID="T0" toText="03/13/2006" type="BEFORE" />
<TLINK id="SECTIME71" fromID="E30" fromText="focal deficits" toID="T0" toText="03/13/2006" type="BEFORE" />
<TLINK id="SECTIME72" fromID="E31" fromText="EKG sinus" toID="T0" toText="03/13/2006" type="BEFORE" />
<TLINK id="SECTIME73" fromID="E32" fromText="ST changes" toID="T0" toText="03/13/2006" type="BEFORE" />
<TLINK id="SECTIME74" fromID="E33" fromText="CXR" toID="T0" toText="03/13/2006" type="BEFORE" />
<TLINK id="SECTIME75" fromID="E34" fromText="focal consolidation" toID="T0" toText="03/13/2006" type="BEFORE" />
<TLINK id="SECTIME76" fromID="E35" fromText="edema" toID="T0" toText="03/13/2006" type="BEFORE" />
<TLINK id="SECTIME77" fromID="E36" fromText="ABG" toID="T0" toText="03/13/2006" type="BEFORE" />
<TLINK id="SECTIME78" fromID="E37" fromText="improving" toID="T0" toText="03/13/2006" type="BEFORE" />
<TLINK id="SECTIME79" fromID="E38" fromText="poor air movement" toID="T0" toText="03/13/2006" type="BEFORE" />
<TLINK id="SECTIME80" fromID="E39" fromText="exam" toID="T0" toText="03/13/2006" type="BEFORE" />
<TLINK id="SECTIME81" fromID="E2" fromText="DM" toID="T0" toText="03/13/2006" type="BEFORE" />
<TLINK id="SECTIME82" fromID="E40" fromText="h" toID="T0" toText="03/13/2006" type="BEFORE" />
<TLINK id="SECTIME83" fromID="E41" fromText="COPD" toID="T0" toText="03/13/2006" type="BEFORE" />
<TLINK id="SECTIME84" fromID="E42" fromText="b frequent exacerbations" toID="T0" toText="03/13/2006" type="BEFORE" />
<TLINK id="SECTIME85" fromID="E3" fromText="COPD" toID="T0" toText="03/13/2006" type="BEFORE" />
<TLINK id="SECTIME86" fromID="E43" fromText="typical flare symptoms" toID="T0" toText="03/13/2006" type="BEFORE" />
<SECTIME id="S0" start="18" end="28" text="03/13/2006" type="ADMISSION" dvalue="2006-03-13" />
<SECTIME id="S1" start="46" end="56" text="03/19/2006" type="DISCHARGE" dvalue="2006-03-19" />
</TAGS>
</ClinicalNarrativeTemporalAnnotation>
