<?xml version="1.0" encoding="UTF-8" ?>
<ClinicalNarrativeTemporalAnnotation>
<TEXT><![CDATA[
Admission Date :
2014-01-20
Discharge Date :
2014-01-21
Service :
MEDICINE
History of Present Illness :
CC : dyspnea
HPI :
86 yo man with h/o CVA , CHF , recent episodes of aspiration pneumonia , who p/w dyspnea from his NH .
Per the pt 's daughter , the patient has had 2-3 episodes of asp pna in the last 2 months , for which he has received IV abx at the NH with apparent resolution of symptoms .
The daughter says that on the day PTA , when she visited the patient at the NH , he was " having a good day ," more interactive than usual and in good spirits .
She was called at 430 am today from the NH with the news that the pt was not doing well , and she came to the Deanna to meet up with her father .
Of note , the patient 's daughter and son-in-law confirm his desire to be DNR/DNI , stating that they want him to be comfortable .
However , when asked if she thinks he would want comfort measures even if it meant that his respiratory status would worsen , the pt 's daughter says that he would not .
In particular , she feels that the pt would not want a morphine drip if it would negatively impact his respiratory function .
ROS : patient unable to communicate at current time
Brief Hospital Course :
This 86 yo man with h/o CVA , CHF , recent episodes of aspiration pneumonia , presented with dyspnea from his NH , likely from new RLL pneumonia .
He was started on Zosyn and Vanco for his presumed aspiration , ' hospital ' aquired PNA .
PE was considered but less likely given his fevers and clear pneumonia on CXR .
He was supported on BIPAP for his respiratory status .
An ABG was attempted in the Deanna however it was limited by pt discomfort .
ABG on arrival to the ICU was 7.29/56/75 .
He was continued on BIPAP .
Blood cultures and sputum cultures were sent .
Over the course of the day he continued to decline .
He was given some prn Morphine for comfort .
In the evening of the day of admission he was noted to be increasingly somnolent .
A repeat ABG was performed which was 7.03/129/148 .
His family was notified that he was doing worse and came in to visit him .
It was his family 's wish that he be made comfortable .
Based upon this wish the BIPAP was removed and he was placed on nasal cannula .
He was written for a morphine drip however he expired before this could be initiated .
Secondary issues
Elevated lactate :
This was concerning for early sepsis given RLL PNA .
His blood pressures remained elevated and he was hydrated with NS conservatively , given h/o CHF and dyspnea .
DM2 :
He was covered with a Insulin drip while unstable
CV :
CAD :
He was not taking any PO medications per Hunt Center Rehab so all medications were held .
]]></TEXT>
<TAGS>
<EVENT id="E0" start="1" end="10" text="Admission" modality="OCCURRENCE" polarity="POS" type="OCCURRENCE" />
<EVENT id="E19" start="1062" end="1077" text="a morphine drip" modality="TREATMENT" polarity="POS" type="TREATMENT" />
<EVENT id="E2" start="110" end="117" text="dyspnea" modality="PROBLEM" polarity="POS" type="PROBLEM" />
<EVENT id="E20" start="1108" end="1132" text="his respiratory function" modality="OCCURRENCE" polarity="POS" type="PROBLEM" />
<EVENT id="E21" start="1135" end="1138" text="ROS" modality="FACTUAL" polarity="POS" type="TEST" />
<EVENT id="E22" start="1159" end="1170" text="communicate" modality="FACTUAL" polarity="POS" type="PROBLEM" />
<EVENT id="E23" start="1235" end="1238" text="CVA" modality="PROBLEM" polarity="POS" type="PROBLEM" />
<EVENT id="E24" start="1241" end="1244" text="CHF" modality="PROBLEM" polarity="POS" type="PROBLEM" />
<EVENT id="E25" start="1266" end="1286" text="aspiration pneumonia" modality="PROBLEM" polarity="POS" type="PROBLEM" />
<EVENT id="E26" start="1289" end="1298" text="presented" modality="OCCURRENCE" polarity="POS" type="OCCURRENCE" />
<EVENT id="E27" start="1304" end="1311" text="dyspnea" modality="PROBLEM" polarity="POS" type="PROBLEM" />
<EVENT id="E28" start="1317" end="1323" text="his NH" modality="TEST" polarity="POS" type="TEST" />
<EVENT id="E29" start="1338" end="1355" text="new RLL pneumonia" modality="PROBLEM" polarity="POS" type="PROBLEM" />
<EVENT id="E30" start="1376" end="1381" text="Zosyn" modality="TREATMENT" polarity="POS" type="TREATMENT" />
<EVENT id="E31" start="1386" end="1391" text="Vanco" modality="TREATMENT" polarity="POS" type="TREATMENT" />
<EVENT id="E32" start="1396" end="1419" text="his presumed aspiration" modality="PROBLEM" polarity="POS" type="PROBLEM" />
<EVENT id="E3" start="143" end="146" text="CVA" modality="PROBLEM" polarity="POS" type="PROBLEM" />
<EVENT id="E33" start="1424" end="1432" text="hospital" modality="FACTUAL" polarity="POS" type="PROBLEM" />
<EVENT id="E34" start="1435" end="1446" text="aquired PNA" modality="PROBLEM" polarity="POS" type="PROBLEM" />
<EVENT id="E4" start="149" end="152" text="CHF" modality="PROBLEM" polarity="POS" type="PROBLEM" />
<EVENT id="E35" start="1489" end="1499" text="his fevers" modality="PROBLEM" polarity="POS" type="PROBLEM" />
<EVENT id="E36" start="1504" end="1519" text="clear pneumonia" modality="PROBLEM" polarity="POS" type="PROBLEM" />
<EVENT id="E37" start="1523" end="1526" text="CXR" modality="TEST" polarity="POS" type="TEST" />
<EVENT id="E38" start="1549" end="1554" text="BIPAP" modality="TREATMENT" polarity="POS" type="TREATMENT" />
<EVENT id="E39" start="1559" end="1581" text="his respiratory status" modality="PROBLEM" polarity="POS" type="OCCURRENCE" />
<EVENT id="E40" start="1584" end="1590" text="An ABG" modality="TEST" polarity="POS" type="TEST" />
<EVENT id="E41" start="1608" end="1618" text="the Deanna" modality="CLINICAL_DEPT" polarity="POS" type="CLINICAL_DEPT" />
<EVENT id="E42" start="1661" end="1664" text="ABG" modality="TEST" polarity="POS" type="TEST" />
<EVENT id="E43" start="1668" end="1675" text="arrival" modality="OCCURRENCE" polarity="POS" type="OCCURRENCE" />
<EVENT id="E44" start="1679" end="1686" text="the ICU" modality="CLINICAL_DEPT" polarity="POS" type="CLINICAL_DEPT" />
<EVENT id="E45" start="1724" end="1729" text="BIPAP" modality="TREATMENT" polarity="POS" type="TREATMENT" />
<EVENT id="E5" start="174" end="194" text="aspiration pneumonia" modality="PROBLEM" polarity="POS" type="PROBLEM" />
<EVENT id="E46" start="1732" end="1746" text="Blood cultures" modality="TEST" polarity="POS" type="TEST" />
<EVENT id="E47" start="1751" end="1766" text="sputum cultures" modality="TEST" polarity="POS" type="TEST" />
<EVENT id="E48" start="1822" end="1829" text="decline" modality="PROBLEM" polarity="POS" type="PROBLEM" />
<EVENT id="E49" start="1854" end="1862" text="Morphine" modality="TREATMENT" polarity="POS" type="TREATMENT" />
<EVENT id="E50" start="1906" end="1915" text="admission" modality="OCCURRENCE" polarity="POS" type="OCCURRENCE" />
<EVENT id="E51" start="1935" end="1957" text="increasingly somnolent" modality="PROBLEM" polarity="POS" type="PROBLEM" />
<EVENT id="E52" start="1960" end="1972" text="A repeat ABG" modality="TEST" polarity="POS" type="TEST" />
<EVENT id="E53" start="2027" end="2035" text="notified" modality="FACTUAL" polarity="POS" type="OCCURRENCE" />
<EVENT id="E6" start="205" end="212" text="dyspnea" modality="PROBLEM" polarity="POS" type="PROBLEM" />
<EVENT id="E54" start="2048" end="2059" text="doing worse" modality="FACTUAL" polarity="POS" type="OCCURRENCE" />
<EVENT id="E55" start="2164" end="2173" text="the BIPAP" modality="TREATMENT" polarity="POS" type="TREATMENT" />
<EVENT id="E56" start="2207" end="2220" text="nasal cannula" modality="TREATMENT" polarity="POS" type="TREATMENT" />
<EVENT id="E57" start="2242" end="2257" text="a morphine drip" modality="TREATMENT" polarity="POS" type="TREATMENT" />
<EVENT id="E58" start="2269" end="2276" text="expired" modality="FACTUAL" polarity="POS" type="OCCURRENCE" />
<EVENT id="E59" start="2310" end="2326" text="Secondary issues" modality="PROBLEM" polarity="POS" type="PROBLEM" />
<EVENT id="E60" start="2327" end="2343" text="Elevated lactate" modality="FACTUAL" polarity="POS" type="PROBLEM" />
<EVENT id="E61" start="2370" end="2382" text="early sepsis" modality="PROBLEM" polarity="POS" type="PROBLEM" />
<EVENT id="E62" start="2389" end="2396" text="RLL PNA" modality="PROBLEM" polarity="POS" type="TREATMENT" />
<EVENT id="E63" start="2399" end="2418" text="His blood pressures" modality="TEST" polarity="POS" type="TEST" />
<EVENT id="E64" start="2428" end="2436" text="elevated" modality="PROBLEM" polarity="POS" type="PROBLEM" />
<EVENT id="E65" start="2462" end="2464" text="NS" modality="TREATMENT" polarity="POS" type="TREATMENT" />
<EVENT id="E66" start="2492" end="2495" text="CHF" modality="PROBLEM" polarity="POS" type="PROBLEM" />
<EVENT id="E67" start="2500" end="2507" text="dyspnea" modality="PROBLEM" polarity="POS" type="PROBLEM" />
<EVENT id="E68" start="2536" end="2550" text="a Insulin drip" modality="TREATMENT" polarity="POS" type="TREATMENT" />
<EVENT id="E69" start="2571" end="2574" text="CAD" modality="PROBLEM" polarity="POS" type="PROBLEM" />
<EVENT id="E70" start="2595" end="2613" text="any PO medications" modality="TREATMENT" polarity="POS" type="TREATMENT" />
<EVENT id="E71" start="2618" end="2635" text="Hunt Center Rehab" modality="CLINICAL_DEPT" polarity="POS" type="CLINICAL_DEPT" />
<EVENT id="E72" start="2639" end="2654" text="all medications" modality="TREATMENT" polarity="POS" type="TREATMENT" />
<EVENT id="E1" start="29" end="38" text="Discharge" modality="OCCURRENCE" polarity="POS" type="OCCURRENCE" />
<EVENT id="E7" start="288" end="295" text="asp pna" modality="PROBLEM" polarity="POS" type="PROBLEM" />
<EVENT id="E8" start="345" end="361" text="IV abx at the NH" modality="TREATMENT" polarity="POS" type="TREATMENT" />
<EVENT id="E9" start="390" end="398" text="symptoms" modality="PROBLEM" polarity="POS" type="PROBLEM" />
<EVENT id="E10" start="547" end="559" text="good spirits" modality="OCCURRENCE" polarity="POS" type="OCCURRENCE" />
<EVENT id="E11" start="598" end="604" text="the NH" modality="FACTUAL" polarity="POS" type="TEST" />
<EVENT id="E12" start="645" end="649" text="well" modality="OCCURRENCE" polarity="POS" type="OCCURRENCE" />
<EVENT id="E13" start="668" end="678" text="the Deanna" modality="CLINICAL_DEPT" polarity="POS" type="CLINICAL_DEPT" />
<EVENT id="E14" start="782" end="789" text="DNR/DNI" modality="FACTUAL" polarity="POS" type="PROBLEM" />
<EVENT id="E15" start="825" end="836" text="comfortable" modality="FACTUAL" polarity="POS" type="PROBLEM" />
<EVENT id="E16" start="854" end="859" text="asked" modality="FACTUAL" polarity="POS" type="EVIDENTIAL" />
<EVENT id="E17" start="888" end="904" text="comfort measures" modality="TREATMENT" polarity="POS" type="TREATMENT" />
<EVENT id="E18" start="927" end="962" text="his respiratory status would worsen" modality="OCCURRENCE" polarity="POS" type="PROBLEM" />
<TIMEX3 id="T0" start="18" end="28" text="2014-01-20" type="DATE" val="2014-01-20" mod="NA" />
<TIMEX3 id="T5" start="1784" end="1805" text="the course of the day" type="DURATION" val="PT12H" mod="APPROX" />
<TIMEX3 id="T6" start="1880" end="1902" text="the evening of the day" type="DATE" val="2014-01-20" mod="APPROX" />
<TIMEX3 id="T2" start="308" end="316" text="2 months" type="DATE" val="2 months" mod="NA" />
<TIMEX3 id="T3" start="427" end="434" text="the day" type="DATE" val="2014-01-20" mod="NA" />
<TIMEX3 id="T1" start="46" end="56" text="2014-01-21" type="DATE" val="2014-01-21" mod="NA" />
<TIMEX3 id="T4" start="500" end="508" text="good day" type="DURATION" val="good day" mod="NA" />
<TLINK id="TL0" fromID="E0" fromText="Admission" toID="E50" toText="admission" type="OVERLAP" />
<TLINK id="TL1" fromID="E2" fromText="dyspnea" toID="E27" toText="dyspnea" type="OVERLAP" />
<TLINK id="TL10" fromID="E5" fromText="aspiration pneumonia" toID="E4" toText="CHF" type="OVERLAP" />
<TLINK id="TL100" fromID="E51" fromText="increasingly somnolent" toID="T6" toText="the evening of the day" type="OVERLAP" />
<TLINK id="TL101" fromID="E55" fromText="the BIPAP" toID="E56" toText="nasal cannula" type="OVERLAP" />
<TLINK id="TL102" fromID="E56" fromText="nasal cannula" toID="E55" toText="the BIPAP" type="OVERLAP" />
<TLINK id="TL103" fromID="E57" fromText="a morphine drip" toID="E68" toText="a Insulin drip" type="OVERLAP" />
<TLINK id="TL104" fromID="E57" fromText="a morphine drip" toID="E58" toText="expired" type="OVERLAP" />
<TLINK id="TL105" fromID="E58" fromText="expired" toID="E57" toText="a morphine drip" type="OVERLAP" />
<TLINK id="TL106" fromID="E60" fromText="Elevated lactate" toID="E64" toText="elevated" type="OVERLAP" />
<TLINK id="TL107" fromID="E61" fromText="early sepsis" toID="E62" toText="RLL PNA" type="OVERLAP" />
<TLINK id="TL108" fromID="E62" fromText="RLL PNA" toID="E61" toText="early sepsis" type="OVERLAP" />
<TLINK id="TL109" fromID="E63" fromText="His blood pressures" toID="E64" toText="elevated" type="OVERLAP" />
<TLINK id="TL11" fromID="E25" fromText="aspiration pneumonia" toID="E5" toText="aspiration pneumonia" type="OVERLAP" />
<TLINK id="TL110" fromID="E63" fromText="His blood pressures" toID="E65" toText="NS" type="OVERLAP" />
<TLINK id="TL111" fromID="E64" fromText="elevated" toID="E63" toText="His blood pressures" type="OVERLAP" />
<TLINK id="TL112" fromID="E65" fromText="NS" toID="E63" toText="His blood pressures" type="OVERLAP" />
<TLINK id="TL113" fromID="E64" fromText="elevated" toID="E65" toText="NS" type="OVERLAP" />
<TLINK id="TL114" fromID="E64" fromText="elevated" toID="E66" toText="CHF" type="OVERLAP" />
<TLINK id="TL115" fromID="E65" fromText="NS" toID="E64" toText="elevated" type="OVERLAP" />
<TLINK id="TL116" fromID="E66" fromText="CHF" toID="E64" toText="elevated" type="OVERLAP" />
<TLINK id="TL117" fromID="E67" fromText="dyspnea" toID="E64" toText="elevated" type="OVERLAP" />
<TLINK id="TL118" fromID="E65" fromText="NS" toID="E66" toText="CHF" type="OVERLAP" />
<TLINK id="TL119" fromID="E65" fromText="NS" toID="E67" toText="dyspnea" type="OVERLAP" />
<TLINK id="TL12" fromID="E29" fromText="new RLL pneumonia" toID="E5" toText="aspiration pneumonia" type="OVERLAP" />
<TLINK id="TL120" fromID="E66" fromText="CHF" toID="E65" toText="NS" type="OVERLAP" />
<TLINK id="TL121" fromID="E67" fromText="dyspnea" toID="E65" toText="NS" type="BEFORE" />
<TLINK id="TL122" fromID="E66" fromText="CHF" toID="E67" toText="dyspnea" type="OVERLAP" />
<TLINK id="TL123" fromID="E67" fromText="dyspnea" toID="E66" toText="CHF" type="OVERLAP" />
<TLINK id="TL124" fromID="E70" fromText="any PO medications" toID="E72" toText="all medications" type="OVERLAP" />
<TLINK id="TL125" fromID="E70" fromText="any PO medications" toID="E71" toText="Hunt Center Rehab" type="OVERLAP" />
<TLINK id="TL126" fromID="E71" fromText="Hunt Center Rehab" toID="E70" toText="any PO medications" type="OVERLAP" />
<TLINK id="TL127" fromID="E72" fromText="all medications" toID="E70" toText="any PO medications" type="OVERLAP" />
<TLINK id="TL128" fromID="E71" fromText="Hunt Center Rehab" toID="E72" toText="all medications" type="OVERLAP" />
<TLINK id="TL129" fromID="E72" fromText="all medications" toID="E71" toText="Hunt Center Rehab" type="OVERLAP" />
<TLINK id="TL13" fromID="E32" fromText="his presumed aspiration" toID="E5" toText="aspiration pneumonia" type="OVERLAP" />
<TLINK id="TL14" fromID="E36" fromText="clear pneumonia" toID="E5" toText="aspiration pneumonia" type="OVERLAP" />
<TLINK id="TL15" fromID="E5" fromText="aspiration pneumonia" toID="E6" toText="dyspnea" type="OVERLAP" />
<TLINK id="TL16" fromID="E6" fromText="dyspnea" toID="E5" toText="aspiration pneumonia" type="OVERLAP" />
<TLINK id="TL17" fromID="E27" fromText="dyspnea" toID="E6" toText="dyspnea" type="OVERLAP" />
<TLINK id="TL18" fromID="E6" fromText="dyspnea" toID="E67" toText="dyspnea" type="OVERLAP" />
<TLINK id="TL19" fromID="E34" fromText="aquired PNA" toID="E7" toText="asp pna" type="OVERLAP" />
<TLINK id="TL2" fromID="E2" fromText="dyspnea" toID="E6" toText="dyspnea" type="OVERLAP" />
<TLINK id="TL20" fromID="E62" fromText="RLL PNA" toID="E7" toText="asp pna" type="OVERLAP" />
<TLINK id="TL21" fromID="E7" fromText="asp pna" toID="T2" toText="2 months" type="OVERLAP" />
<TLINK id="TL22" fromID="E28" fromText="his NH" toID="E8" toText="IV abx at the NH" type="OVERLAP" />
<TLINK id="TL23" fromID="E8" fromText="IV abx at the NH" toID="E11" toText="the NH" type="OVERLAP" />
<TLINK id="TL24" fromID="E8" fromText="IV abx at the NH" toID="T2" toText="2 months" type="OVERLAP" />
<TLINK id="TL25" fromID="E28" fromText="his NH" toID="E11" toText="the NH" type="OVERLAP" />
<TLINK id="TL26" fromID="E13" fromText="the Deanna" toID="E12" toText="well" type="AFTER" />
<TLINK id="TL27" fromID="E41" fromText="the Deanna" toID="E13" toText="the Deanna" type="OVERLAP" />
<TLINK id="TL28" fromID="E15" fromText="comfortable" toID="E17" toText="comfort measures" type="OVERLAP" />
<TLINK id="TL29" fromID="E18" fromText="his respiratory status would worsen" toID="E16" toText="asked" type="BEFORE" />
<TLINK id="TL3" fromID="E2" fromText="dyspnea" toID="E67" toText="dyspnea" type="OVERLAP" />
<TLINK id="TL30" fromID="E20" fromText="his respiratory function" toID="E18" toText="his respiratory status would worsen" type="OVERLAP" />
<TLINK id="TL31" fromID="E39" fromText="his respiratory status" toID="E18" toText="his respiratory status would worsen" type="OVERLAP" />
<TLINK id="TL32" fromID="E54" fromText="doing worse" toID="E18" toText="his respiratory status would worsen" type="OVERLAP" />
<TLINK id="TL33" fromID="E19" fromText="a morphine drip" toID="E49" toText="Morphine" type="OVERLAP" />
<TLINK id="TL34" fromID="E19" fromText="a morphine drip" toID="E57" toText="a morphine drip" type="OVERLAP" />
<TLINK id="TL35" fromID="E19" fromText="a morphine drip" toID="E68" toText="a Insulin drip" type="OVERLAP" />
<TLINK id="TL36" fromID="E20" fromText="his respiratory function" toID="E19" toText="a morphine drip" type="BEFORE" />
<TLINK id="TL37" fromID="E20" fromText="his respiratory function" toID="E39" toText="his respiratory status" type="OVERLAP" />
<TLINK id="TL38" fromID="E22" fromText="communicate" toID="E21" toText="ROS" type="BEFORE" />
<TLINK id="TL39" fromID="E23" fromText="CVA" toID="E24" toText="CHF" type="OVERLAP" />
<TLINK id="TL4" fromID="E23" fromText="CVA" toID="E3" toText="CVA" type="OVERLAP" />
<TLINK id="TL40" fromID="E24" fromText="CHF" toID="E23" toText="CVA" type="OVERLAP" />
<TLINK id="TL41" fromID="E24" fromText="CHF" toID="E66" toText="CHF" type="OVERLAP" />
<TLINK id="TL42" fromID="E24" fromText="CHF" toID="E25" toText="aspiration pneumonia" type="OVERLAP" />
<TLINK id="TL43" fromID="E25" fromText="aspiration pneumonia" toID="E24" toText="CHF" type="OVERLAP" />
<TLINK id="TL44" fromID="E25" fromText="aspiration pneumonia" toID="E29" toText="new RLL pneumonia" type="OVERLAP" />
<TLINK id="TL45" fromID="E25" fromText="aspiration pneumonia" toID="E32" toText="his presumed aspiration" type="OVERLAP" />
<TLINK id="TL46" fromID="E25" fromText="aspiration pneumonia" toID="E36" toText="clear pneumonia" type="OVERLAP" />
<TLINK id="TL47" fromID="E25" fromText="aspiration pneumonia" toID="E26" toText="presented" type="OVERLAP" />
<TLINK id="TL48" fromID="E25" fromText="aspiration pneumonia" toID="E27" toText="dyspnea" type="OVERLAP" />
<TLINK id="TL49" fromID="E25" fromText="aspiration pneumonia" toID="E28" toText="his NH" type="BEFORE" />
<TLINK id="TL5" fromID="E3" fromText="CVA" toID="E4" toText="CHF" type="OVERLAP" />
<TLINK id="TL50" fromID="E26" fromText="presented" toID="E25" toText="aspiration pneumonia" type="OVERLAP" />
<TLINK id="TL51" fromID="E27" fromText="dyspnea" toID="E25" toText="aspiration pneumonia" type="OVERLAP" />
<TLINK id="TL52" fromID="E26" fromText="presented" toID="E27" toText="dyspnea" type="OVERLAP" />
<TLINK id="TL53" fromID="E27" fromText="dyspnea" toID="E26" toText="presented" type="OVERLAP" />
<TLINK id="TL54" fromID="E28" fromText="his NH" toID="E26" toText="presented" type="BEFORE" />
<TLINK id="TL55" fromID="E27" fromText="dyspnea" toID="E67" toText="dyspnea" type="OVERLAP" />
<TLINK id="TL56" fromID="E27" fromText="dyspnea" toID="E28" toText="his NH" type="BEFORE" />
<TLINK id="TL57" fromID="E28" fromText="his NH" toID="E27" toText="dyspnea" type="OVERLAP" />
<TLINK id="TL58" fromID="E29" fromText="new RLL pneumonia" toID="E28" toText="his NH" type="BEFORE" />
<TLINK id="TL59" fromID="E29" fromText="new RLL pneumonia" toID="E36" toText="clear pneumonia" type="OVERLAP" />
<TLINK id="TL6" fromID="E4" fromText="CHF" toID="E3" toText="CVA" type="OVERLAP" />
<TLINK id="TL60" fromID="E29" fromText="new RLL pneumonia" toID="E62" toText="RLL PNA" type="OVERLAP" />
<TLINK id="TL61" fromID="E30" fromText="Zosyn" toID="E31" toText="Vanco" type="OVERLAP" />
<TLINK id="TL62" fromID="E31" fromText="Vanco" toID="E30" toText="Zosyn" type="OVERLAP" />
<TLINK id="TL63" fromID="E32" fromText="his presumed aspiration" toID="E30" toText="Zosyn" type="BEFORE" />
<TLINK id="TL64" fromID="E31" fromText="Vanco" toID="E32" toText="his presumed aspiration" type="OVERLAP" />
<TLINK id="TL65" fromID="E32" fromText="his presumed aspiration" toID="E31" toText="Vanco" type="OVERLAP" />
<TLINK id="TL66" fromID="E32" fromText="his presumed aspiration" toID="E33" toText="hospital" type="OVERLAP" />
<TLINK id="TL67" fromID="E32" fromText="his presumed aspiration" toID="E34" toText="aquired PNA" type="OVERLAP" />
<TLINK id="TL68" fromID="E33" fromText="hospital" toID="E32" toText="his presumed aspiration" type="OVERLAP" />
<TLINK id="TL69" fromID="E34" fromText="aquired PNA" toID="E32" toText="his presumed aspiration" type="OVERLAP" />
<TLINK id="TL7" fromID="E24" fromText="CHF" toID="E4" toText="CHF" type="OVERLAP" />
<TLINK id="TL70" fromID="E33" fromText="hospital" toID="E34" toText="aquired PNA" type="OVERLAP" />
<TLINK id="TL71" fromID="E34" fromText="aquired PNA" toID="E33" toText="hospital" type="OVERLAP" />
<TLINK id="TL72" fromID="E34" fromText="aquired PNA" toID="E62" toText="RLL PNA" type="OVERLAP" />
<TLINK id="TL73" fromID="E35" fromText="his fevers" toID="E36" toText="clear pneumonia" type="OVERLAP" />
<TLINK id="TL74" fromID="E35" fromText="his fevers" toID="E37" toText="CXR" type="BEFORE" />
<TLINK id="TL75" fromID="E36" fromText="clear pneumonia" toID="E35" toText="his fevers" type="OVERLAP" />
<TLINK id="TL76" fromID="E36" fromText="clear pneumonia" toID="E37" toText="CXR" type="OVERLAP" />
<TLINK id="TL77" fromID="E37" fromText="CXR" toID="E36" toText="clear pneumonia" type="OVERLAP" />
<TLINK id="TL78" fromID="E38" fromText="BIPAP" toID="E45" toText="BIPAP" type="OVERLAP" />
<TLINK id="TL79" fromID="E38" fromText="BIPAP" toID="E55" toText="the BIPAP" type="OVERLAP" />
<TLINK id="TL8" fromID="E4" fromText="CHF" toID="E66" toText="CHF" type="OVERLAP" />
<TLINK id="TL80" fromID="E38" fromText="BIPAP" toID="E39" toText="his respiratory status" type="OVERLAP" />
<TLINK id="TL81" fromID="E39" fromText="his respiratory status" toID="E38" toText="BIPAP" type="OVERLAP" />
<TLINK id="TL82" fromID="E40" fromText="An ABG" toID="E42" toText="ABG" type="OVERLAP" />
<TLINK id="TL83" fromID="E40" fromText="An ABG" toID="E52" toText="A repeat ABG" type="OVERLAP" />
<TLINK id="TL84" fromID="E40" fromText="An ABG" toID="E41" toText="the Deanna" type="OVERLAP" />
<TLINK id="TL85" fromID="E41" fromText="the Deanna" toID="E40" toText="An ABG" type="OVERLAP" />
<TLINK id="TL86" fromID="E42" fromText="ABG" toID="E52" toText="A repeat ABG" type="OVERLAP" />
<TLINK id="TL87" fromID="E42" fromText="ABG" toID="E43" toText="arrival" type="OVERLAP" />
<TLINK id="TL88" fromID="E42" fromText="ABG" toID="E44" toText="the ICU" type="OVERLAP" />
<TLINK id="TL89" fromID="E43" fromText="arrival" toID="E42" toText="ABG" type="OVERLAP" />
<TLINK id="TL9" fromID="E4" fromText="CHF" toID="E5" toText="aspiration pneumonia" type="OVERLAP" />
<TLINK id="TL90" fromID="E43" fromText="arrival" toID="E44" toText="the ICU" type="OVERLAP" />
<TLINK id="TL91" fromID="E44" fromText="the ICU" toID="E43" toText="arrival" type="AFTER" />
<TLINK id="TL92" fromID="E45" fromText="BIPAP" toID="E55" toText="the BIPAP" type="OVERLAP" />
<TLINK id="TL93" fromID="E46" fromText="Blood cultures" toID="E47" toText="sputum cultures" type="OVERLAP" />
<TLINK id="TL94" fromID="E46" fromText="Blood cultures" toID="E63" toText="His blood pressures" type="OVERLAP" />
<TLINK id="TL95" fromID="E47" fromText="sputum cultures" toID="E46" toText="Blood cultures" type="OVERLAP" />
<TLINK id="TL96" fromID="E48" fromText="decline" toID="T5" toText="the course of the day" type="OVERLAP" />
<TLINK id="TL97" fromID="E49" fromText="Morphine" toID="E57" toText="a morphine drip" type="OVERLAP" />
<TLINK id="TL98" fromID="E50" fromText="admission" toID="T6" toText="the evening of the day" type="OVERLAP" />
<TLINK id="TL99" fromID="E51" fromText="increasingly somnolent" toID="E50" toText="admission" type="BEFORE" />
<TLINK id="SECTIME0" fromID="E19" fromText="a morphine drip" toID="T0" toText="2014-01-20" type="BEFORE" />
<TLINK id="SECTIME1" fromID="E2" fromText="dyspnea" toID="T0" toText="2014-01-20" type="BEFORE" />
<TLINK id="SECTIME2" fromID="E20" fromText="his respiratory function" toID="T0" toText="2014-01-20" type="BEFORE" />
<TLINK id="SECTIME3" fromID="E21" fromText="ROS" toID="T0" toText="2014-01-20" type="BEFORE" />
<TLINK id="SECTIME4" fromID="E22" fromText="communicate" toID="T0" toText="2014-01-20" type="BEFORE" />
<TLINK id="SECTIME5" fromID="E23" fromText="CVA" toID="T1" toText="2014-01-21" type="BEFORE" />
<TLINK id="SECTIME6" fromID="E24" fromText="CHF" toID="T1" toText="2014-01-21" type="BEFORE" />
<TLINK id="SECTIME7" fromID="E25" fromText="aspiration pneumonia" toID="T1" toText="2014-01-21" type="BEFORE" />
<TLINK id="SECTIME8" fromID="E26" fromText="presented" toID="T1" toText="2014-01-21" type="BEFORE" />
<TLINK id="SECTIME9" fromID="E27" fromText="dyspnea" toID="T1" toText="2014-01-21" type="BEFORE" />
<TLINK id="SECTIME10" fromID="E28" fromText="his NH" toID="T1" toText="2014-01-21" type="BEFORE" />
<TLINK id="SECTIME11" fromID="E29" fromText="new RLL pneumonia" toID="T1" toText="2014-01-21" type="BEFORE" />
<TLINK id="SECTIME12" fromID="E30" fromText="Zosyn" toID="T1" toText="2014-01-21" type="BEFORE" />
<TLINK id="SECTIME13" fromID="E31" fromText="Vanco" toID="T1" toText="2014-01-21" type="BEFORE" />
<TLINK id="SECTIME14" fromID="E32" fromText="his presumed aspiration" toID="T1" toText="2014-01-21" type="BEFORE" />
<TLINK id="SECTIME15" fromID="E3" fromText="CVA" toID="T0" toText="2014-01-20" type="BEFORE" />
<TLINK id="SECTIME16" fromID="E33" fromText="hospital" toID="T1" toText="2014-01-21" type="BEFORE" />
<TLINK id="SECTIME17" fromID="E34" fromText="aquired PNA" toID="T1" toText="2014-01-21" type="BEFORE" />
<TLINK id="SECTIME18" fromID="E4" fromText="CHF" toID="T0" toText="2014-01-20" type="BEFORE" />
<TLINK id="SECTIME19" fromID="E35" fromText="his fevers" toID="T1" toText="2014-01-21" type="BEFORE" />
<TLINK id="SECTIME20" fromID="E36" fromText="clear pneumonia" toID="T1" toText="2014-01-21" type="BEFORE" />
<TLINK id="SECTIME21" fromID="E37" fromText="CXR" toID="T1" toText="2014-01-21" type="BEFORE" />
<TLINK id="SECTIME22" fromID="E38" fromText="BIPAP" toID="T1" toText="2014-01-21" type="BEFORE" />
<TLINK id="SECTIME23" fromID="E39" fromText="his respiratory status" toID="T1" toText="2014-01-21" type="AFTER" />
<TLINK id="SECTIME24" fromID="E40" fromText="An ABG" toID="T1" toText="2014-01-21" type="BEFORE" />
<TLINK id="SECTIME25" fromID="E41" fromText="the Deanna" toID="T1" toText="2014-01-21" type="BEFORE" />
<TLINK id="SECTIME26" fromID="E42" fromText="ABG" toID="T1" toText="2014-01-21" type="AFTER" />
<TLINK id="SECTIME27" fromID="E43" fromText="arrival" toID="T1" toText="2014-01-21" type="BEFORE" />
<TLINK id="SECTIME28" fromID="E44" fromText="the ICU" toID="T1" toText="2014-01-21" type="BEFORE" />
<TLINK id="SECTIME29" fromID="E45" fromText="BIPAP" toID="T1" toText="2014-01-21" type="BEFORE" />
<TLINK id="SECTIME30" fromID="E5" fromText="aspiration pneumonia" toID="T0" toText="2014-01-20" type="BEFORE" />
<TLINK id="SECTIME31" fromID="E46" fromText="Blood cultures" toID="T1" toText="2014-01-21" type="BEFORE" />
<TLINK id="SECTIME32" fromID="E47" fromText="sputum cultures" toID="T1" toText="2014-01-21" type="BEFORE" />
<TLINK id="SECTIME33" fromID="E48" fromText="decline" toID="T1" toText="2014-01-21" type="BEFORE" />
<TLINK id="SECTIME34" fromID="E49" fromText="Morphine" toID="T1" toText="2014-01-21" type="BEFORE" />
<TLINK id="SECTIME35" fromID="E50" fromText="admission" toID="T1" toText="2014-01-21" type="OVERLAP" />
<TLINK id="SECTIME36" fromID="E51" fromText="increasingly somnolent" toID="T1" toText="2014-01-21" type="BEFORE" />
<TLINK id="SECTIME37" fromID="E52" fromText="A repeat ABG" toID="T1" toText="2014-01-21" type="BEFORE" />
<TLINK id="SECTIME38" fromID="E53" fromText="notified" toID="T1" toText="2014-01-21" type="BEFORE" />
<TLINK id="SECTIME39" fromID="E6" fromText="dyspnea" toID="T0" toText="2014-01-20" type="BEFORE" />
<TLINK id="SECTIME40" fromID="E54" fromText="doing worse" toID="T1" toText="2014-01-21" type="BEFORE" />
<TLINK id="SECTIME41" fromID="E55" fromText="the BIPAP" toID="T1" toText="2014-01-21" type="BEFORE" />
<TLINK id="SECTIME42" fromID="E56" fromText="nasal cannula" toID="T1" toText="2014-01-21" type="BEFORE" />
<TLINK id="SECTIME43" fromID="E57" fromText="a morphine drip" toID="T1" toText="2014-01-21" type="BEFORE" />
<TLINK id="SECTIME44" fromID="E58" fromText="expired" toID="T1" toText="2014-01-21" type="OVERLAP" />
<TLINK id="SECTIME45" fromID="E59" fromText="Secondary issues" toID="T1" toText="2014-01-21" type="BEFORE" />
<TLINK id="SECTIME46" fromID="E60" fromText="Elevated lactate" toID="T1" toText="2014-01-21" type="BEFORE" />
<TLINK id="SECTIME47" fromID="E61" fromText="early sepsis" toID="T1" toText="2014-01-21" type="BEFORE" />
<TLINK id="SECTIME48" fromID="E62" fromText="RLL PNA" toID="T1" toText="2014-01-21" type="BEFORE" />
<TLINK id="SECTIME49" fromID="E63" fromText="His blood pressures" toID="T1" toText="2014-01-21" type="BEFORE" />
<TLINK id="SECTIME50" fromID="E64" fromText="elevated" toID="T1" toText="2014-01-21" type="BEFORE" />
<TLINK id="SECTIME51" fromID="E65" fromText="NS" toID="T1" toText="2014-01-21" type="BEFORE" />
<TLINK id="SECTIME52" fromID="E66" fromText="CHF" toID="T1" toText="2014-01-21" type="BEFORE" />
<TLINK id="SECTIME53" fromID="E67" fromText="dyspnea" toID="T1" toText="2014-01-21" type="BEFORE" />
<TLINK id="SECTIME54" fromID="E68" fromText="a Insulin drip" toID="T1" toText="2014-01-21" type="BEFORE" />
<TLINK id="SECTIME55" fromID="E69" fromText="CAD" toID="T1" toText="2014-01-21" type="BEFORE" />
<TLINK id="SECTIME56" fromID="E70" fromText="any PO medications" toID="T1" toText="2014-01-21" type="BEFORE" />
<TLINK id="SECTIME57" fromID="E71" fromText="Hunt Center Rehab" toID="T1" toText="2014-01-21" type="BEFORE" />
<TLINK id="SECTIME58" fromID="E72" fromText="all medications" toID="T1" toText="2014-01-21" type="BEFORE" />
<TLINK id="SECTIME59" fromID="E7" fromText="asp pna" toID="T0" toText="2014-01-20" type="BEFORE" />
<TLINK id="SECTIME60" fromID="E8" fromText="IV abx at the NH" toID="T0" toText="2014-01-20" type="BEFORE" />
<TLINK id="SECTIME61" fromID="E9" fromText="symptoms" toID="T0" toText="2014-01-20" type="BEFORE" />
<TLINK id="SECTIME62" fromID="E10" fromText="good spirits" toID="T0" toText="2014-01-20" type="BEFORE" />
<TLINK id="SECTIME63" fromID="E11" fromText="the NH" toID="T0" toText="2014-01-20" type="BEFORE" />
<TLINK id="SECTIME64" fromID="E12" fromText="well" toID="T0" toText="2014-01-20" type="BEFORE" />
<TLINK id="SECTIME65" fromID="E13" fromText="the Deanna" toID="T0" toText="2014-01-20" type="BEFORE" />
<TLINK id="SECTIME66" fromID="E14" fromText="DNR/DNI" toID="T0" toText="2014-01-20" type="BEFORE" />
<TLINK id="SECTIME67" fromID="E15" fromText="comfortable" toID="T0" toText="2014-01-20" type="BEFORE" />
<TLINK id="SECTIME68" fromID="E16" fromText="asked" toID="T0" toText="2014-01-20" type="BEFORE" />
<TLINK id="SECTIME69" fromID="E17" fromText="comfort measures" toID="T0" toText="2014-01-20" type="AFTER" />
<TLINK id="SECTIME70" fromID="E18" fromText="his respiratory status would worsen" toID="T0" toText="2014-01-20" type="BEFORE" />
<SECTIME id="S0" start="18" end="28" text="2014-01-20" type="ADMISSION" dvalue="2014-01-20" />
<SECTIME id="S1" start="46" end="56" text="2014-01-21" type="DISCHARGE" dvalue="2014-01-21" />
</TAGS>
</ClinicalNarrativeTemporalAnnotation>
