<?xml version="1.0" encoding="UTF-8" ?>
<ClinicalNarrativeTemporalAnnotation>
<TEXT><![CDATA[
Admission Date :
2015-04-21
Discharge Date :
2015-04-29
Service :
CMED
HISTORY :
Baby Daniel Holman was born at 39 and 3/7 weeks gestation ( EDC 2015-04-25 ).
His mother is a 31-year-old female gravida 2 , para 1 , now 2 .
Prenatal screens : blood type A positive , antibody negative , rubella immune , RPR nonreactive , hepatitis B surface antigen negative , GBS unknown .
He was born by repeat C-section .
There was artificial rupture of membranes was performed at the delivery .
Amniotic fluid was clear .
Mother received epidural and spinal anesthesia .
Baby was vigorous at birth and received routine DR Johnson .
Apgars were 9 and 9 at 1 and 5 minutes .
He was transferred to the newborn nursery for further care .
In the newborn nursery he was started on PO feedings on demand .
He was noted to be large for gestational age with a weight of 4525 grams .
His d-sticks were greater than 80 .
At 5 hours of life he was noted to have grunting and flaring and E.C. Bovell consult was done .
He was in mild respiratory distress and a diagnosis of transient tachypnea of the newborn was made .
He was observed in the nursery for progression of symptoms .
At 16 hours of life he was noted to have increased work of breathing with tachypnea , flaring and grunting .
He was also noted to have axillary temperature of 100.4 and a rectal temperature of 100.9 .
At this point CMED was consulted again and he was transferred to the CMED triage for further care .
SUMMARY OF HOSPITAL COURSE BY SYSTEMS :
RESPIRATORY : The infant was placed on CPAP on admission to the CMED and remained on CPAP until day of life 2 at which time he weaned to nasal cannula and then subsequently to room air on day of life 3 .
He has remained on room air since that time and has had no issues with apnea or desaturation since being on room air .
Initial chest x-ray in the CMED showed haziness in the left lower lobe and patchy areas on the right side consistent with concerns for pneumonia .
The infant was treated for pneumonia from admission to the CMED .
CARDIOVASCULAR : The infant has maintained stable cardiovascular status with normal heart rates and blood pressures and no murmurs .
FLUIDS , ELECTROLYTES AND NUTRITION : The infant was started on IV fluids on admission to the CMED .
Electrolytes were measured on day of life 2 and were stable at that time .
No further electrolytes have been measured .
Enteral feedings were initiated on day of life 3 and the infant has been ad lib PO feeding on demand since that time .
His discharge weight is 4180 grams .
GASTROINTESTINAL :
Bilirubin level was peaked on day of life 4 to 10.9/0.3 .
He has required no phototherapy .
HEMATOLOGY : Hematocrit was done on admission to the CMED .
Hematocrit was 41 , platelet count of 404,000 .
No further hematocrit or platelets have been measured .
Blood typing has been done on this infant .
The baby 's blood type is B negative , antibody negative .
INFECTIOUS DISEASE : CBC and blood culture were screened on admission .
CBC was benign with 22,000 whites , 80 poly 's, 0 bands , 15 lymphs .
Ampicillin and gentamycin were initiated on admission and an LP was done due to the clinical issues of respiratory distress and fever on admission to the CMED .
CSF showed white count of 7 , reds 4 , protein 119 , glucose 69 .
The infant was treated for 7 days of presumed pneumonia with ampicillin and gentamycin .
Antibiotics were discontinued on the evening of 2015-04-28 .
NEUROLOGY : The infant has maintained a normal neurologic examination .
SENSORY : Hearing screen was performed with automated auditory brain stem responses and the results was the infant passing in both ears .
PSYCHOSOCIAL : A Arbour Hospital social worker has been involved with the family .
The contact social worker can be reached at ( 374 ) 419-2007 .
There are no active ongoing issues at this time .
]]></TEXT>
<TAGS>
<EVENT id="E0" start="1" end="10" text="Admission" modality="OCCURRENCE" polarity="POS" type="OCCURRENCE" />
<EVENT id="E31" start="1004" end="1029" text="mild respiratory distress" modality="PROBLEM" polarity="POS" type="PROBLEM" />
<EVENT id="E2" start="105" end="109" text="born" modality="OCCURRENCE" polarity="POS" type="OCCURRENCE" />
<EVENT id="E32" start="1049" end="1083" text="transient tachypnea of the newborn" modality="TREATMENT" polarity="POS" type="PROBLEM" />
<EVENT id="E33" start="1102" end="1110" text="observed" modality="FACTUAL" polarity="POS" type="TEST" />
<EVENT id="E34" start="1130" end="1153" text="progression of symptoms" modality="PROBLEM" polarity="POS" type="PROBLEM" />
<EVENT id="E35" start="1183" end="1188" text="noted" modality="EVIDENTIAL" polarity="POS" type="EVIDENTIAL" />
<EVENT id="E36" start="1197" end="1224" text="increased work of breathing" modality="PROBLEM" polarity="POS" type="PROBLEM" />
<EVENT id="E37" start="1230" end="1239" text="tachypnea" modality="PROBLEM" polarity="POS" type="PROBLEM" />
<EVENT id="E38" start="1242" end="1249" text="flaring" modality="PROBLEM" polarity="POS" type="PROBLEM" />
<EVENT id="E39" start="1254" end="1262" text="grunting" modality="PROBLEM" polarity="POS" type="PROBLEM" />
<EVENT id="E3" start="130" end="139" text="gestation" modality="FACTUAL" polarity="POS" type="OCCURRENCE" />
<EVENT id="E40" start="1291" end="1311" text="axillary temperature" modality="PROBLEM" polarity="POS" type="PROBLEM" />
<EVENT id="E41" start="1325" end="1345" text="a rectal temperature" modality="TEST" polarity="POS" type="TEST" />
<EVENT id="E42" start="1360" end="1375" text="this point CMED" modality="FACTUAL" polarity="POS" type="CLINICAL_DEPT" />
<EVENT id="E43" start="1380" end="1389" text="consulted" modality="OCCURRENCE" polarity="POS" type="OCCURRENCE" />
<EVENT id="E44" start="1407" end="1418" text="transferred" modality="OCCURRENCE" polarity="POS" type="OCCURRENCE" />
<EVENT id="E45" start="1422" end="1437" text="the CMED triage" modality="CLINICAL_DEPT" polarity="POS" type="CLINICAL_DEPT" />
<EVENT id="E46" start="1442" end="1454" text="further care" modality="TREATMENT" polarity="POS" type="TREATMENT" />
<EVENT id="E47" start="1536" end="1540" text="CPAP" modality="TREATMENT" polarity="POS" type="TREATMENT" />
<EVENT id="E48" start="1544" end="1553" text="admission" modality="OCCURRENCE" polarity="POS" type="OCCURRENCE" />
<EVENT id="E49" start="1557" end="1565" text="the CMED" modality="CLINICAL_DEPT" polarity="POS" type="CLINICAL_DEPT" />
<EVENT id="E50" start="1582" end="1586" text="CPAP" modality="TREATMENT" polarity="POS" type="TREATMENT" />
<EVENT id="E51" start="1624" end="1647" text="weaned to nasal cannula" modality="OCCURRENCE" polarity="POS" type="OCCURRENCE" />
<EVENT id="E52" start="1673" end="1681" text="room air" modality="FACTUAL" polarity="POS" type="TREATMENT" />
<EVENT id="E53" start="1760" end="1766" text="issues" modality="PROBLEM" polarity="NEG" type="PROBLEM" />
<EVENT id="E54" start="1772" end="1777" text="apnea" modality="PROBLEM" polarity="POS" type="PROBLEM" />
<EVENT id="E55" start="1781" end="1793" text="desaturation" modality="PROBLEM" polarity="NEG" type="PROBLEM" />
<EVENT id="E56" start="1820" end="1839" text="Initial chest x-ray" modality="TEST" polarity="POS" type="TEST" />
<EVENT id="E57" start="1843" end="1851" text="the CMED" modality="CLINICAL_DEPT" polarity="POS" type="CLINICAL_DEPT" />
<EVENT id="E58" start="1852" end="1858" text="showed" modality="EVIDENTIAL" polarity="POS" type="EVIDENTIAL" />
<EVENT id="E59" start="1859" end="1907" text="haziness in the left lower lobe and patchy areas" modality="PROBLEM" polarity="POS" type="PROBLEM" />
<EVENT id="E60" start="1942" end="1950" text="concerns" modality="OCCURRENCE" polarity="POS" type="PROBLEM" />
<EVENT id="E61" start="1955" end="1964" text="pneumonia" modality="PROBLEM" polarity="POS" type="PROBLEM" />
<EVENT id="E62" start="1994" end="2003" text="pneumonia" modality="PROBLEM" polarity="POS" type="PROBLEM" />
<EVENT id="E63" start="2009" end="2018" text="admission" modality="OCCURRENCE" polarity="POS" type="OCCURRENCE" />
<EVENT id="E64" start="2022" end="2030" text="the CMED" modality="CLINICAL_DEPT" polarity="POS" type="CLINICAL_DEPT" />
<EVENT id="E65" start="2076" end="2104" text="stable cardiovascular status" modality="OCCURRENCE" polarity="POS" type="PROBLEM" />
<EVENT id="E66" start="2117" end="2128" text="heart rates" modality="TEST" polarity="POS" type="TEST" />
<EVENT id="E67" start="2133" end="2148" text="blood pressures" modality="TEST" polarity="POS" type="TEST" />
<EVENT id="E68" start="2156" end="2163" text="murmurs" modality="PROBLEM" polarity="NEG" type="PROBLEM" />
<EVENT id="E69" start="2230" end="2239" text="IV fluids" modality="TREATMENT" polarity="POS" type="TREATMENT" />
<EVENT id="E4" start="224" end="240" text="Prenatal screens" modality="TEST" polarity="POS" type="TEST" />
<EVENT id="E70" start="2243" end="2252" text="admission" modality="OCCURRENCE" polarity="POS" type="OCCURRENCE" />
<EVENT id="E71" start="2256" end="2264" text="the CMED" modality="CLINICAL_DEPT" polarity="POS" type="CLINICAL_DEPT" />
<EVENT id="E72" start="2267" end="2279" text="Electrolytes" modality="TEST" polarity="POS" type="TEST" />
<EVENT id="E73" start="2320" end="2326" text="stable" modality="OCCURRENCE" polarity="POS" type="OCCURRENCE" />
<EVENT id="E74" start="2345" end="2365" text="further electrolytes" modality="PROBLEM" polarity="NEG" type="PROBLEM" />
<EVENT id="E75" start="2387" end="2403" text="Enteral feedings" modality="TREATMENT" polarity="POS" type="TREATMENT" />
<EVENT id="E5" start="243" end="253" text="blood type" modality="TEST" polarity="POS" type="TEST" />
<EVENT id="E76" start="2463" end="2477" text="lib PO feeding" modality="OCCURRENCE" polarity="POS" type="TEST" />
<EVENT id="E77" start="2481" end="2487" text="demand" modality="FACTUAL" polarity="POS" type="TREATMENT" />
<EVENT id="E78" start="2506" end="2526" text="His discharge weight" modality="TEST" polarity="POS" type="TEST" />
<EVENT id="E79" start="2562" end="2577" text="Bilirubin level" modality="TEST" polarity="POS" type="TREATMENT" />
<EVENT id="E80" start="2639" end="2651" text="phototherapy" modality="TREATMENT" polarity="NEG" type="TREATMENT" />
<EVENT id="E81" start="2654" end="2664" text="HEMATOLOGY" modality="PROBLEM" polarity="POS" type="PROBLEM" />
<EVENT id="E6" start="267" end="275" text="antibody" modality="TEST" polarity="POS" type="TEST" />
<EVENT id="E82" start="2667" end="2677" text="Hematocrit" modality="TEST" polarity="POS" type="TEST" />
<EVENT id="E83" start="2690" end="2699" text="admission" modality="OCCURRENCE" polarity="POS" type="OCCURRENCE" />
<EVENT id="E84" start="2703" end="2711" text="the CMED" modality="CLINICAL_DEPT" polarity="POS" type="CLINICAL_DEPT" />
<EVENT id="E85" start="2714" end="2724" text="Hematocrit" modality="TEST" polarity="POS" type="TEST" />
<EVENT id="E86" start="2734" end="2748" text="platelet count" modality="TEST" polarity="POS" type="TEST" />
<EVENT id="E87" start="2765" end="2783" text="further hematocrit" modality="TEST" polarity="NEG" type="PROBLEM" />
<EVENT id="E88" start="2787" end="2796" text="platelets" modality="TEST" polarity="POS" type="TEST" />
<EVENT id="E1" start="29" end="38" text="Discharge" modality="OCCURRENCE" polarity="POS" type="OCCURRENCE" />
<EVENT id="E89" start="2818" end="2830" text="Blood typing" modality="TEST" polarity="POS" type="TEST" />
<EVENT id="E7" start="287" end="294" text="rubella" modality="TEST" polarity="POS" type="TEST" />
<EVENT id="E90" start="2862" end="2884" text="The baby 's blood type" modality="TEST" polarity="POS" type="TEST" />
<EVENT id="E91" start="2901" end="2909" text="antibody" modality="TEST" polarity="POS" type="TEST" />
<EVENT id="E92" start="2942" end="2945" text="CBC" modality="TEST" polarity="POS" type="TEST" />
<EVENT id="E93" start="2950" end="2963" text="blood culture" modality="TEST" polarity="POS" type="TEST" />
<EVENT id="E94" start="2981" end="2990" text="admission" modality="OCCURRENCE" polarity="POS" type="OCCURRENCE" />
<EVENT id="E95" start="2993" end="2996" text="CBC" modality="TEST" polarity="POS" type="TEST" />
<EVENT id="E8" start="304" end="307" text="RPR" modality="TEST" polarity="POS" type="TEST" />
<EVENT id="E96" start="3043" end="3048" text="bands" modality="TEST" polarity="POS" type="TEST" />
<EVENT id="E97" start="3054" end="3060" text="lymphs" modality="TEST" polarity="POS" type="TEST" />
<EVENT id="E98" start="3063" end="3073" text="Ampicillin" modality="TREATMENT" polarity="POS" type="TREATMENT" />
<EVENT id="E99" start="3078" end="3088" text="gentamycin" modality="TREATMENT" polarity="POS" type="TREATMENT" />
<EVENT id="E100" start="3107" end="3116" text="admission" modality="OCCURRENCE" polarity="POS" type="OCCURRENCE" />
<EVENT id="E101" start="3121" end="3126" text="an LP" modality="TEST" polarity="POS" type="TEST" />
<EVENT id="E102" start="3166" end="3186" text="respiratory distress" modality="PROBLEM" polarity="POS" type="PROBLEM" />
<EVENT id="E103" start="3191" end="3196" text="fever" modality="PROBLEM" polarity="POS" type="PROBLEM" />
<EVENT id="E104" start="3200" end="3209" text="admission" modality="OCCURRENCE" polarity="POS" type="OCCURRENCE" />
<EVENT id="E9" start="322" end="349" text="hepatitis B surface antigen" modality="TEST" polarity="POS" type="TEST" />
<EVENT id="E105" start="3213" end="3221" text="the CMED" modality="CLINICAL_DEPT" polarity="POS" type="CLINICAL_DEPT" />
<EVENT id="E106" start="3224" end="3227" text="CSF" modality="TEST" polarity="POS" type="TEST" />
<EVENT id="E107" start="3228" end="3234" text="showed" modality="EVIDENTIAL" polarity="POS" type="EVIDENTIAL" />
<EVENT id="E108" start="3235" end="3246" text="white count" modality="TEST" polarity="POS" type="TEST" />
<EVENT id="E109" start="3263" end="3270" text="protein" modality="TEST" polarity="POS" type="TEST" />
<EVENT id="E110" start="3277" end="3284" text="glucose" modality="TEST" polarity="POS" type="TEST" />
<EVENT id="E111" start="3336" end="3345" text="pneumonia" modality="PROBLEM" polarity="POS" type="PROBLEM" />
<EVENT id="E112" start="3351" end="3361" text="ampicillin" modality="TREATMENT" polarity="POS" type="TREATMENT" />
<EVENT id="E113" start="3366" end="3376" text="gentamycin" modality="TREATMENT" polarity="POS" type="TREATMENT" />
<EVENT id="E114" start="3379" end="3390" text="Antibiotics" modality="TREATMENT" polarity="POS" type="TREATMENT" />
<EVENT id="E115" start="3440" end="3449" text="NEUROLOGY" modality="PROBLEM" polarity="POS" type="PROBLEM" />
<EVENT id="E116" start="3478" end="3509" text="a normal neurologic examination" modality="OCCURRENCE" polarity="POS" type="PROBLEM" />
<EVENT id="E117" start="3522" end="3536" text="Hearing screen" modality="TEST" polarity="POS" type="TEST" />
<EVENT id="E118" start="3556" end="3595" text="automated auditory brain stem responses" modality="TEST" polarity="POS" type="OCCURRENCE" />
<EVENT id="E10" start="361" end="364" text="GBS" modality="TEST" polarity="POS" type="TEST" />
<EVENT id="E119" start="3627" end="3647" text="passing in both ears" modality="OCCURRENCE" polarity="POS" type="PROBLEM" />
<EVENT id="E120" start="3665" end="3696" text="A Arbour Hospital social worker" modality="CLINICAL_DEPT" polarity="POS" type="PROBLEM" />
<EVENT id="E121" start="3809" end="3830" text="active ongoing issues" modality="PROBLEM" polarity="NEG" type="PROBLEM" />
<EVENT id="E11" start="382" end="386" text="born" modality="TREATMENT" polarity="POS" type="TREATMENT" />
<EVENT id="E12" start="390" end="406" text="repeat C-section" modality="TREATMENT" polarity="POS" type="TREATMENT" />
<EVENT id="E13" start="419" end="450" text="artificial rupture of membranes" modality="TREATMENT" polarity="POS" type="TEST" />
<EVENT id="E14" start="468" end="480" text="the delivery" modality="CLINICAL_DEPT" polarity="POS" type="CLINICAL_DEPT" />
<EVENT id="E15" start="483" end="497" text="Amniotic fluid" modality="PROBLEM" polarity="POS" type="TEST" />
<EVENT id="E16" start="526" end="556" text="epidural and spinal anesthesia" modality="PROBLEM" polarity="POS" type="TREATMENT" />
<EVENT id="E17" start="580" end="585" text="birth" modality="OCCURRENCE" polarity="POS" type="OCCURRENCE" />
<EVENT id="E18" start="599" end="617" text="routine DR Johnson" modality="TREATMENT" polarity="POS" type="TREATMENT" />
<EVENT id="E19" start="620" end="626" text="Apgars" modality="TEST" polarity="POS" type="TEST" />
<EVENT id="E20" start="668" end="679" text="transferred" modality="OCCURRENCE" polarity="POS" type="OCCURRENCE" />
<EVENT id="E21" start="683" end="702" text="the newborn nursery" modality="CLINICAL_DEPT" polarity="POS" type="CLINICAL_DEPT" />
<EVENT id="E22" start="707" end="719" text="further care" modality="TREATMENT" polarity="POS" type="TREATMENT" />
<EVENT id="E23" start="725" end="744" text="the newborn nursery" modality="CLINICAL_DEPT" polarity="POS" type="CLINICAL_DEPT" />
<EVENT id="E24" start="763" end="774" text="PO feedings" modality="TREATMENT" polarity="POS" type="TREATMENT" />
<EVENT id="E25" start="778" end="784" text="demand" modality="FACTUAL" polarity="POS" type="TREATMENT" />
<EVENT id="E26" start="806" end="831" text="large for gestational age" modality="FACTUAL" polarity="POS" type="PROBLEM" />
<EVENT id="E27" start="862" end="874" text="His d-sticks" modality="TEST" polarity="POS" type="TEST" />
<EVENT id="E28" start="938" end="946" text="grunting" modality="PROBLEM" polarity="POS" type="PROBLEM" />
<EVENT id="E29" start="951" end="958" text="flaring" modality="OCCURRENCE" polarity="POS" type="PROBLEM" />
<EVENT id="E30" start="963" end="982" text="E.C. Bovell consult" modality="OCCURRENCE" polarity="POS" type="TREATMENT" />
<TIMEX3 id="T2" start="113" end="129" text="39 and 3/7 weeks" type="DURATION" val="P21W" mod="NA" />
<TIMEX3 id="T5" start="1159" end="1167" text="16 hours" type="DURATION" val="PT16H" mod="NA" />
<TIMEX3 id="T3" start="146" end="156" text="2015-04-25" type="DATE" val="2015-04-25" mod="NA" />
<TIMEX3 id="T6" start="1593" end="1606" text="day of life 2" type="DATE" val="2015-04-22" mod="NA" />
<TIMEX3 id="T7" start="1685" end="1698" text="day of life 3" type="DATE" val="2015-04-23" mod="NA" />
<TIMEX3 id="T0" start="18" end="28" text="2015-04-21" type="DATE" val="2015-04-21" mod="NA" />
<TIMEX3 id="T8" start="1735" end="1744" text="that time" type="DATE" val="that time" mod="NA" />
<TIMEX3 id="T9" start="2297" end="2310" text="day of life 2" type="DATE" val="2015-04-22" mod="NA" />
<TIMEX3 id="T10" start="2330" end="2339" text="that time" type="DATE" val="that time" mod="NA" />
<TIMEX3 id="T11" start="2422" end="2435" text="day of life 3" type="DATE" val="2015-04-23" mod="NA" />
<TIMEX3 id="T12" start="2494" end="2503" text="that time" type="DATE" val="that time" mod="NA" />
<TIMEX3 id="T13" start="2592" end="2605" text="day of life 4" type="DATE" val="2015-04-24" mod="NA" />
<TIMEX3 id="T14" start="3317" end="3323" text="7 days" type="DURATION" val="P7D" mod="NA" />
<TIMEX3 id="T15" start="3427" end="3437" text="2015-04-28" type="DATE" val="2015-04-28" mod="NA" />
<TIMEX3 id="T16" start="3834" end="3843" text="this time" type="DATE" val="this time" mod="NA" />
<TIMEX3 id="T1" start="46" end="56" text="2015-04-29" type="DATE" val="2015-04-29" mod="NA" />
<TIMEX3 id="T4" start="901" end="908" text="5 hours" type="DURATION" val="PT5H" mod="NA" />
<TLINK id="TL0" fromID="E0" fromText="Admission" toID="E48" toText="admission" type="OVERLAP" />
<TLINK id="TL1" fromID="E0" fromText="Admission" toID="E63" toText="admission" type="OVERLAP" />
<TLINK id="TL10" fromID="E2" fromText="born" toID="E21" toText="the newborn nursery" type="OVERLAP" />
<TLINK id="TL100" fromID="E41" fromText="a rectal temperature" toID="E40" toText="axillary temperature" type="OVERLAP" />
<TLINK id="TL101" fromID="E42" fromText="this point CMED" toID="E45" toText="the CMED triage" type="OVERLAP" />
<TLINK id="TL102" fromID="E42" fromText="this point CMED" toID="E49" toText="the CMED" type="OVERLAP" />
<TLINK id="TL103" fromID="E42" fromText="this point CMED" toID="E57" toText="the CMED" type="OVERLAP" />
<TLINK id="TL104" fromID="E42" fromText="this point CMED" toID="E64" toText="the CMED" type="OVERLAP" />
<TLINK id="TL105" fromID="E42" fromText="this point CMED" toID="E71" toText="the CMED" type="OVERLAP" />
<TLINK id="TL106" fromID="E42" fromText="this point CMED" toID="E84" toText="the CMED" type="OVERLAP" />
<TLINK id="TL107" fromID="E42" fromText="this point CMED" toID="E105" toText="the CMED" type="OVERLAP" />
<TLINK id="TL108" fromID="E42" fromText="this point CMED" toID="E43" toText="consulted" type="OVERLAP" />
<TLINK id="TL109" fromID="E42" fromText="this point CMED" toID="E44" toText="transferred" type="AFTER" />
<TLINK id="TL11" fromID="E2" fromText="born" toID="E23" toText="the newborn nursery" type="OVERLAP" />
<TLINK id="TL110" fromID="E43" fromText="consulted" toID="E42" toText="this point CMED" type="OVERLAP" />
<TLINK id="TL111" fromID="E45" fromText="the CMED triage" toID="E43" toText="consulted" type="AFTER" />
<TLINK id="TL112" fromID="E44" fromText="transferred" toID="E45" toText="the CMED triage" type="OVERLAP" />
<TLINK id="TL113" fromID="E45" fromText="the CMED triage" toID="E44" toText="transferred" type="AFTER" />
<TLINK id="TL114" fromID="E46" fromText="further care" toID="E44" toText="transferred" type="AFTER" />
<TLINK id="TL115" fromID="E45" fromText="the CMED triage" toID="E49" toText="the CMED" type="OVERLAP" />
<TLINK id="TL116" fromID="E45" fromText="the CMED triage" toID="E57" toText="the CMED" type="OVERLAP" />
<TLINK id="TL117" fromID="E45" fromText="the CMED triage" toID="E64" toText="the CMED" type="OVERLAP" />
<TLINK id="TL118" fromID="E45" fromText="the CMED triage" toID="E71" toText="the CMED" type="OVERLAP" />
<TLINK id="TL119" fromID="E45" fromText="the CMED triage" toID="E84" toText="the CMED" type="OVERLAP" />
<TLINK id="TL12" fromID="E2" fromText="born" toID="T2" toText="39 and 3/7 weeks" type="OVERLAP" />
<TLINK id="TL120" fromID="E45" fromText="the CMED triage" toID="E105" toText="the CMED" type="OVERLAP" />
<TLINK id="TL121" fromID="E45" fromText="the CMED triage" toID="E46" toText="further care" type="OVERLAP" />
<TLINK id="TL122" fromID="E46" fromText="further care" toID="E45" toText="the CMED triage" type="OVERLAP" />
<TLINK id="TL123" fromID="E47" fromText="CPAP" toID="E50" toText="CPAP" type="OVERLAP" />
<TLINK id="TL124" fromID="E47" fromText="CPAP" toID="E48" toText="admission" type="OVERLAP" />
<TLINK id="TL125" fromID="E47" fromText="CPAP" toID="E49" toText="the CMED" type="OVERLAP" />
<TLINK id="TL126" fromID="E48" fromText="admission" toID="E47" toText="CPAP" type="OVERLAP" />
<TLINK id="TL127" fromID="E49" fromText="the CMED" toID="E47" toText="CPAP" type="OVERLAP" />
<TLINK id="TL128" fromID="E52" fromText="room air" toID="E47" toText="CPAP" type="OVERLAP" />
<TLINK id="TL129" fromID="E48" fromText="admission" toID="E63" toText="admission" type="OVERLAP" />
<TLINK id="TL13" fromID="E3" fromText="gestation" toID="E2" toText="born" type="AFTER" />
<TLINK id="TL130" fromID="E48" fromText="admission" toID="E70" toText="admission" type="OVERLAP" />
<TLINK id="TL131" fromID="E48" fromText="admission" toID="E83" toText="admission" type="OVERLAP" />
<TLINK id="TL132" fromID="E48" fromText="admission" toID="E94" toText="admission" type="OVERLAP" />
<TLINK id="TL133" fromID="E48" fromText="admission" toID="E100" toText="admission" type="OVERLAP" />
<TLINK id="TL134" fromID="E48" fromText="admission" toID="E104" toText="admission" type="OVERLAP" />
<TLINK id="TL135" fromID="E48" fromText="admission" toID="E49" toText="the CMED" type="OVERLAP" />
<TLINK id="TL136" fromID="E49" fromText="the CMED" toID="E48" toText="admission" type="AFTER" />
<TLINK id="TL137" fromID="E49" fromText="the CMED" toID="E57" toText="the CMED" type="OVERLAP" />
<TLINK id="TL138" fromID="E49" fromText="the CMED" toID="E64" toText="the CMED" type="OVERLAP" />
<TLINK id="TL139" fromID="E49" fromText="the CMED" toID="E71" toText="the CMED" type="OVERLAP" />
<TLINK id="TL14" fromID="E3" fromText="gestation" toID="E26" toText="large for gestational age" type="OVERLAP" />
<TLINK id="TL140" fromID="E49" fromText="the CMED" toID="E84" toText="the CMED" type="OVERLAP" />
<TLINK id="TL141" fromID="E49" fromText="the CMED" toID="E105" toText="the CMED" type="OVERLAP" />
<TLINK id="TL142" fromID="E51" fromText="weaned to nasal cannula" toID="E52" toText="room air" type="OVERLAP" />
<TLINK id="TL143" fromID="E51" fromText="weaned to nasal cannula" toID="T6" toText="day of life 2" type="OVERLAP" />
<TLINK id="TL144" fromID="E51" fromText="weaned to nasal cannula" toID="T7" toText="day of life 3" type="OVERLAP" />
<TLINK id="TL145" fromID="E52" fromText="room air" toID="E51" toText="weaned to nasal cannula" type="BEFORE" />
<TLINK id="TL146" fromID="E52" fromText="room air" toID="T7" toText="day of life 3" type="OVERLAP" />
<TLINK id="TL147" fromID="E53" fromText="issues" toID="E121" toText="active ongoing issues" type="OVERLAP" />
<TLINK id="TL148" fromID="E53" fromText="issues" toID="E54" toText="apnea" type="OVERLAP" />
<TLINK id="TL149" fromID="E53" fromText="issues" toID="E55" toText="desaturation" type="OVERLAP" />
<TLINK id="TL15" fromID="E3" fromText="gestation" toID="T2" toText="39 and 3/7 weeks" type="OVERLAP" />
<TLINK id="TL150" fromID="E53" fromText="issues" toID="T8" toText="that time" type="OVERLAP" />
<TLINK id="TL151" fromID="E54" fromText="apnea" toID="E53" toText="issues" type="OVERLAP" />
<TLINK id="TL152" fromID="E55" fromText="desaturation" toID="E53" toText="issues" type="OVERLAP" />
<TLINK id="TL153" fromID="E54" fromText="apnea" toID="E55" toText="desaturation" type="OVERLAP" />
<TLINK id="TL154" fromID="E54" fromText="apnea" toID="T8" toText="that time" type="AFTER" />
<TLINK id="TL155" fromID="E55" fromText="desaturation" toID="E54" toText="apnea" type="OVERLAP" />
<TLINK id="TL156" fromID="E56" fromText="Initial chest x-ray" toID="E57" toText="the CMED" type="OVERLAP" />
<TLINK id="TL157" fromID="E56" fromText="Initial chest x-ray" toID="E58" toText="showed" type="OVERLAP" />
<TLINK id="TL158" fromID="E57" fromText="the CMED" toID="E56" toText="Initial chest x-ray" type="OVERLAP" />
<TLINK id="TL159" fromID="E58" fromText="showed" toID="E56" toText="Initial chest x-ray" type="OVERLAP" />
<TLINK id="TL16" fromID="E3" fromText="gestation" toID="T3" toText="2015-04-25" type="OVERLAP" />
<TLINK id="TL160" fromID="E59" fromText="haziness in the left lower lobe and patchy areas" toID="E56" toText="Initial chest x-ray" type="BEFORE" />
<TLINK id="TL161" fromID="E57" fromText="the CMED" toID="E64" toText="the CMED" type="OVERLAP" />
<TLINK id="TL162" fromID="E57" fromText="the CMED" toID="E71" toText="the CMED" type="OVERLAP" />
<TLINK id="TL163" fromID="E57" fromText="the CMED" toID="E84" toText="the CMED" type="OVERLAP" />
<TLINK id="TL164" fromID="E57" fromText="the CMED" toID="E105" toText="the CMED" type="OVERLAP" />
<TLINK id="TL165" fromID="E58" fromText="showed" toID="E57" toText="the CMED" type="OVERLAP" />
<TLINK id="TL166" fromID="E59" fromText="haziness in the left lower lobe and patchy areas" toID="E57" toText="the CMED" type="OVERLAP" />
<TLINK id="TL167" fromID="E57" fromText="the CMED" toID="E58" toText="showed" type="OVERLAP" />
<TLINK id="TL168" fromID="E59" fromText="haziness in the left lower lobe and patchy areas" toID="E58" toText="showed" type="BEFORE" />
<TLINK id="TL169" fromID="E60" fromText="concerns" toID="E58" toText="showed" type="BEFORE" />
<TLINK id="TL17" fromID="E4" fromText="Prenatal screens" toID="E117" toText="Hearing screen" type="OVERLAP" />
<TLINK id="TL170" fromID="E60" fromText="concerns" toID="E61" toText="pneumonia" type="OVERLAP" />
<TLINK id="TL171" fromID="E61" fromText="pneumonia" toID="E60" toText="concerns" type="OVERLAP" />
<TLINK id="TL172" fromID="E61" fromText="pneumonia" toID="E62" toText="pneumonia" type="OVERLAP" />
<TLINK id="TL173" fromID="E61" fromText="pneumonia" toID="E111" toText="pneumonia" type="OVERLAP" />
<TLINK id="TL174" fromID="E62" fromText="pneumonia" toID="E111" toText="pneumonia" type="OVERLAP" />
<TLINK id="TL175" fromID="E62" fromText="pneumonia" toID="E63" toText="admission" type="OVERLAP" />
<TLINK id="TL176" fromID="E62" fromText="pneumonia" toID="E64" toText="the CMED" type="BEFORE" />
<TLINK id="TL177" fromID="E63" fromText="admission" toID="E62" toText="pneumonia" type="OVERLAP" />
<TLINK id="TL178" fromID="E63" fromText="admission" toID="E70" toText="admission" type="OVERLAP" />
<TLINK id="TL179" fromID="E63" fromText="admission" toID="E83" toText="admission" type="OVERLAP" />
<TLINK id="TL18" fromID="E4" fromText="Prenatal screens" toID="E5" toText="blood type" type="OVERLAP" />
<TLINK id="TL180" fromID="E63" fromText="admission" toID="E94" toText="admission" type="OVERLAP" />
<TLINK id="TL181" fromID="E63" fromText="admission" toID="E100" toText="admission" type="OVERLAP" />
<TLINK id="TL182" fromID="E63" fromText="admission" toID="E104" toText="admission" type="OVERLAP" />
<TLINK id="TL183" fromID="E63" fromText="admission" toID="E64" toText="the CMED" type="OVERLAP" />
<TLINK id="TL184" fromID="E64" fromText="the CMED" toID="E63" toText="admission" type="AFTER" />
<TLINK id="TL185" fromID="E64" fromText="the CMED" toID="E71" toText="the CMED" type="OVERLAP" />
<TLINK id="TL186" fromID="E64" fromText="the CMED" toID="E84" toText="the CMED" type="OVERLAP" />
<TLINK id="TL187" fromID="E64" fromText="the CMED" toID="E105" toText="the CMED" type="OVERLAP" />
<TLINK id="TL188" fromID="E65" fromText="stable cardiovascular status" toID="E73" toText="stable" type="OVERLAP" />
<TLINK id="TL189" fromID="E65" fromText="stable cardiovascular status" toID="E66" toText="heart rates" type="OVERLAP" />
<TLINK id="TL19" fromID="E4" fromText="Prenatal screens" toID="E6" toText="antibody" type="OVERLAP" />
<TLINK id="TL190" fromID="E65" fromText="stable cardiovascular status" toID="E67" toText="blood pressures" type="BEFORE" />
<TLINK id="TL191" fromID="E65" fromText="stable cardiovascular status" toID="E68" toText="murmurs" type="OVERLAP" />
<TLINK id="TL192" fromID="E66" fromText="heart rates" toID="E65" toText="stable cardiovascular status" type="OVERLAP" />
<TLINK id="TL193" fromID="E68" fromText="murmurs" toID="E65" toText="stable cardiovascular status" type="OVERLAP" />
<TLINK id="TL194" fromID="E66" fromText="heart rates" toID="E67" toText="blood pressures" type="OVERLAP" />
<TLINK id="TL195" fromID="E66" fromText="heart rates" toID="E68" toText="murmurs" type="OVERLAP" />
<TLINK id="TL196" fromID="E67" fromText="blood pressures" toID="E66" toText="heart rates" type="OVERLAP" />
<TLINK id="TL197" fromID="E68" fromText="murmurs" toID="E66" toText="heart rates" type="OVERLAP" />
<TLINK id="TL198" fromID="E67" fromText="blood pressures" toID="E89" toText="Blood typing" type="OVERLAP" />
<TLINK id="TL199" fromID="E67" fromText="blood pressures" toID="E90" toText="The baby 's blood type" type="OVERLAP" />
<TLINK id="TL2" fromID="E0" fromText="Admission" toID="E70" toText="admission" type="OVERLAP" />
<TLINK id="TL20" fromID="E5" fromText="blood type" toID="E4" toText="Prenatal screens" type="OVERLAP" />
<TLINK id="TL200" fromID="E67" fromText="blood pressures" toID="E93" toText="blood culture" type="OVERLAP" />
<TLINK id="TL201" fromID="E67" fromText="blood pressures" toID="E68" toText="murmurs" type="OVERLAP" />
<TLINK id="TL202" fromID="E68" fromText="murmurs" toID="E67" toText="blood pressures" type="OVERLAP" />
<TLINK id="TL203" fromID="E69" fromText="IV fluids" toID="E70" toText="admission" type="OVERLAP" />
<TLINK id="TL204" fromID="E69" fromText="IV fluids" toID="E71" toText="the CMED" type="OVERLAP" />
<TLINK id="TL205" fromID="E70" fromText="admission" toID="E69" toText="IV fluids" type="OVERLAP" />
<TLINK id="TL206" fromID="E70" fromText="admission" toID="E83" toText="admission" type="OVERLAP" />
<TLINK id="TL207" fromID="E70" fromText="admission" toID="E94" toText="admission" type="OVERLAP" />
<TLINK id="TL208" fromID="E70" fromText="admission" toID="E100" toText="admission" type="OVERLAP" />
<TLINK id="TL209" fromID="E70" fromText="admission" toID="E104" toText="admission" type="OVERLAP" />
<TLINK id="TL21" fromID="E6" fromText="antibody" toID="E4" toText="Prenatal screens" type="OVERLAP" />
<TLINK id="TL210" fromID="E70" fromText="admission" toID="E71" toText="the CMED" type="OVERLAP" />
<TLINK id="TL211" fromID="E71" fromText="the CMED" toID="E70" toText="admission" type="AFTER" />
<TLINK id="TL212" fromID="E71" fromText="the CMED" toID="E84" toText="the CMED" type="OVERLAP" />
<TLINK id="TL213" fromID="E71" fromText="the CMED" toID="E105" toText="the CMED" type="OVERLAP" />
<TLINK id="TL214" fromID="E72" fromText="Electrolytes" toID="E74" toText="further electrolytes" type="OVERLAP" />
<TLINK id="TL215" fromID="E72" fromText="Electrolytes" toID="T9" toText="day of life 2" type="OVERLAP" />
<TLINK id="TL216" fromID="E72" fromText="Electrolytes" toID="T10" toText="that time" type="OVERLAP" />
<TLINK id="TL217" fromID="E73" fromText="stable" toID="T9" toText="day of life 2" type="OVERLAP" />
<TLINK id="TL218" fromID="E73" fromText="stable" toID="T10" toText="that time" type="OVERLAP" />
<TLINK id="TL219" fromID="E75" fromText="Enteral feedings" toID="T11" toText="day of life 3" type="OVERLAP" />
<TLINK id="TL22" fromID="E67" fromText="blood pressures" toID="E5" toText="blood type" type="OVERLAP" />
<TLINK id="TL220" fromID="E76" fromText="lib PO feeding" toID="E77" toText="demand" type="OVERLAP" />
<TLINK id="TL221" fromID="E76" fromText="lib PO feeding" toID="T11" toText="day of life 3" type="OVERLAP" />
<TLINK id="TL222" fromID="E76" fromText="lib PO feeding" toID="T12" toText="that time" type="OVERLAP" />
<TLINK id="TL223" fromID="E77" fromText="demand" toID="E76" toText="lib PO feeding" type="OVERLAP" />
<TLINK id="TL224" fromID="E77" fromText="demand" toID="T12" toText="that time" type="OVERLAP" />
<TLINK id="TL225" fromID="E79" fromText="Bilirubin level" toID="T13" toText="day of life 4" type="OVERLAP" />
<TLINK id="TL226" fromID="E81" fromText="HEMATOLOGY" toID="E82" toText="Hematocrit" type="BEFORE" />
<TLINK id="TL227" fromID="E81" fromText="HEMATOLOGY" toID="E83" toText="admission" type="OVERLAP" />
<TLINK id="TL228" fromID="E82" fromText="Hematocrit" toID="E81" toText="HEMATOLOGY" type="OVERLAP" />
<TLINK id="TL229" fromID="E82" fromText="Hematocrit" toID="E85" toText="Hematocrit" type="OVERLAP" />
<TLINK id="TL23" fromID="E5" fromText="blood type" toID="E89" toText="Blood typing" type="OVERLAP" />
<TLINK id="TL230" fromID="E82" fromText="Hematocrit" toID="E87" toText="further hematocrit" type="OVERLAP" />
<TLINK id="TL231" fromID="E82" fromText="Hematocrit" toID="E83" toText="admission" type="OVERLAP" />
<TLINK id="TL232" fromID="E82" fromText="Hematocrit" toID="E84" toText="the CMED" type="OVERLAP" />
<TLINK id="TL233" fromID="E83" fromText="admission" toID="E82" toText="Hematocrit" type="OVERLAP" />
<TLINK id="TL234" fromID="E84" fromText="the CMED" toID="E82" toText="Hematocrit" type="AFTER" />
<TLINK id="TL235" fromID="E83" fromText="admission" toID="E94" toText="admission" type="OVERLAP" />
<TLINK id="TL236" fromID="E83" fromText="admission" toID="E100" toText="admission" type="OVERLAP" />
<TLINK id="TL237" fromID="E83" fromText="admission" toID="E104" toText="admission" type="OVERLAP" />
<TLINK id="TL238" fromID="E83" fromText="admission" toID="E84" toText="the CMED" type="OVERLAP" />
<TLINK id="TL239" fromID="E84" fromText="the CMED" toID="E83" toText="admission" type="AFTER" />
<TLINK id="TL24" fromID="E5" fromText="blood type" toID="E90" toText="The baby 's blood type" type="OVERLAP" />
<TLINK id="TL240" fromID="E84" fromText="the CMED" toID="E105" toText="the CMED" type="OVERLAP" />
<TLINK id="TL241" fromID="E85" fromText="Hematocrit" toID="E87" toText="further hematocrit" type="OVERLAP" />
<TLINK id="TL242" fromID="E85" fromText="Hematocrit" toID="E86" toText="platelet count" type="OVERLAP" />
<TLINK id="TL243" fromID="E86" fromText="platelet count" toID="E85" toText="Hematocrit" type="OVERLAP" />
<TLINK id="TL244" fromID="E86" fromText="platelet count" toID="E88" toText="platelets" type="OVERLAP" />
<TLINK id="TL245" fromID="E86" fromText="platelet count" toID="E108" toText="white count" type="OVERLAP" />
<TLINK id="TL246" fromID="E87" fromText="further hematocrit" toID="E88" toText="platelets" type="OVERLAP" />
<TLINK id="TL247" fromID="E88" fromText="platelets" toID="E87" toText="further hematocrit" type="OVERLAP" />
<TLINK id="TL248" fromID="E89" fromText="Blood typing" toID="E90" toText="The baby 's blood type" type="OVERLAP" />
<TLINK id="TL249" fromID="E89" fromText="Blood typing" toID="E93" toText="blood culture" type="OVERLAP" />
<TLINK id="TL25" fromID="E5" fromText="blood type" toID="E93" toText="blood culture" type="OVERLAP" />
<TLINK id="TL250" fromID="E90" fromText="The baby 's blood type" toID="E93" toText="blood culture" type="OVERLAP" />
<TLINK id="TL251" fromID="E90" fromText="The baby 's blood type" toID="E91" toText="antibody" type="OVERLAP" />
<TLINK id="TL252" fromID="E91" fromText="antibody" toID="E90" toText="The baby 's blood type" type="OVERLAP" />
<TLINK id="TL253" fromID="E92" fromText="CBC" toID="E95" toText="CBC" type="OVERLAP" />
<TLINK id="TL254" fromID="E92" fromText="CBC" toID="E93" toText="blood culture" type="OVERLAP" />
<TLINK id="TL255" fromID="E92" fromText="CBC" toID="E94" toText="admission" type="OVERLAP" />
<TLINK id="TL256" fromID="E93" fromText="blood culture" toID="E92" toText="CBC" type="OVERLAP" />
<TLINK id="TL257" fromID="E93" fromText="blood culture" toID="E94" toText="admission" type="OVERLAP" />
<TLINK id="TL258" fromID="E94" fromText="admission" toID="E93" toText="blood culture" type="OVERLAP" />
<TLINK id="TL259" fromID="E94" fromText="admission" toID="E100" toText="admission" type="OVERLAP" />
<TLINK id="TL26" fromID="E6" fromText="antibody" toID="E5" toText="blood type" type="OVERLAP" />
<TLINK id="TL260" fromID="E94" fromText="admission" toID="E104" toText="admission" type="OVERLAP" />
<TLINK id="TL261" fromID="E96" fromText="bands" toID="E97" toText="lymphs" type="OVERLAP" />
<TLINK id="TL262" fromID="E97" fromText="lymphs" toID="E96" toText="bands" type="OVERLAP" />
<TLINK id="TL263" fromID="E98" fromText="Ampicillin" toID="E112" toText="ampicillin" type="OVERLAP" />
<TLINK id="TL264" fromID="E98" fromText="Ampicillin" toID="E99" toText="gentamycin" type="OVERLAP" />
<TLINK id="TL265" fromID="E98" fromText="Ampicillin" toID="E100" toText="admission" type="BEFORE" />
<TLINK id="TL266" fromID="E99" fromText="gentamycin" toID="E98" toText="Ampicillin" type="OVERLAP" />
<TLINK id="TL267" fromID="E99" fromText="gentamycin" toID="E113" toText="gentamycin" type="OVERLAP" />
<TLINK id="TL268" fromID="E99" fromText="gentamycin" toID="E100" toText="admission" type="OVERLAP" />
<TLINK id="TL269" fromID="E100" fromText="admission" toID="E99" toText="gentamycin" type="AFTER" />
<TLINK id="TL27" fromID="E7" fromText="rubella" toID="E5" toText="blood type" type="OVERLAP" />
<TLINK id="TL270" fromID="E100" fromText="admission" toID="E104" toText="admission" type="OVERLAP" />
<TLINK id="TL271" fromID="E100" fromText="admission" toID="E101" toText="an LP" type="OVERLAP" />
<TLINK id="TL272" fromID="E101" fromText="an LP" toID="E100" toText="admission" type="OVERLAP" />
<TLINK id="TL273" fromID="E101" fromText="an LP" toID="E105" toText="the CMED" type="OVERLAP" />
<TLINK id="TL274" fromID="E102" fromText="respiratory distress" toID="E101" toText="an LP" type="BEFORE" />
<TLINK id="TL275" fromID="E103" fromText="fever" toID="E101" toText="an LP" type="BEFORE" />
<TLINK id="TL276" fromID="E102" fromText="respiratory distress" toID="E103" toText="fever" type="OVERLAP" />
<TLINK id="TL277" fromID="E103" fromText="fever" toID="E102" toText="respiratory distress" type="OVERLAP" />
<TLINK id="TL278" fromID="E103" fromText="fever" toID="E105" toText="the CMED" type="OVERLAP" />
<TLINK id="TL279" fromID="E106" fromText="CSF" toID="E107" toText="showed" type="OVERLAP" />
<TLINK id="TL28" fromID="E5" fromText="blood type" toID="E6" toText="antibody" type="OVERLAP" />
<TLINK id="TL280" fromID="E106" fromText="CSF" toID="E108" toText="white count" type="OVERLAP" />
<TLINK id="TL281" fromID="E107" fromText="showed" toID="E106" toText="CSF" type="OVERLAP" />
<TLINK id="TL282" fromID="E108" fromText="white count" toID="E106" toText="CSF" type="OVERLAP" />
<TLINK id="TL283" fromID="E107" fromText="showed" toID="E108" toText="white count" type="OVERLAP" />
<TLINK id="TL284" fromID="E107" fromText="showed" toID="E109" toText="protein" type="OVERLAP" />
<TLINK id="TL285" fromID="E107" fromText="showed" toID="E110" toText="glucose" type="OVERLAP" />
<TLINK id="TL286" fromID="E108" fromText="white count" toID="E107" toText="showed" type="OVERLAP" />
<TLINK id="TL287" fromID="E109" fromText="protein" toID="E107" toText="showed" type="OVERLAP" />
<TLINK id="TL288" fromID="E110" fromText="glucose" toID="E107" toText="showed" type="OVERLAP" />
<TLINK id="TL289" fromID="E109" fromText="protein" toID="E110" toText="glucose" type="OVERLAP" />
<TLINK id="TL29" fromID="E5" fromText="blood type" toID="E7" toText="rubella" type="OVERLAP" />
<TLINK id="TL290" fromID="E110" fromText="glucose" toID="E109" toText="protein" type="OVERLAP" />
<TLINK id="TL291" fromID="E111" fromText="pneumonia" toID="E112" toText="ampicillin" type="OVERLAP" />
<TLINK id="TL292" fromID="E111" fromText="pneumonia" toID="E113" toText="gentamycin" type="OVERLAP" />
<TLINK id="TL293" fromID="E111" fromText="pneumonia" toID="T14" toText="7 days" type="OVERLAP" />
<TLINK id="TL294" fromID="E112" fromText="ampicillin" toID="E111" toText="pneumonia" type="OVERLAP" />
<TLINK id="TL295" fromID="E113" fromText="gentamycin" toID="E111" toText="pneumonia" type="OVERLAP" />
<TLINK id="TL296" fromID="E112" fromText="ampicillin" toID="E113" toText="gentamycin" type="OVERLAP" />
<TLINK id="TL297" fromID="E112" fromText="ampicillin" toID="T14" toText="7 days" type="OVERLAP" />
<TLINK id="TL298" fromID="E113" fromText="gentamycin" toID="E112" toText="ampicillin" type="OVERLAP" />
<TLINK id="TL299" fromID="E113" fromText="gentamycin" toID="T14" toText="7 days" type="OVERLAP" />
<TLINK id="TL3" fromID="E0" fromText="Admission" toID="E83" toText="admission" type="OVERLAP" />
<TLINK id="TL30" fromID="E6" fromText="antibody" toID="E91" toText="antibody" type="OVERLAP" />
<TLINK id="TL300" fromID="E114" fromText="Antibiotics" toID="T15" toText="2015-04-28" type="BEFORE" />
<TLINK id="TL301" fromID="E115" fromText="NEUROLOGY" toID="E116" toText="a normal neurologic examination" type="OVERLAP" />
<TLINK id="TL302" fromID="E116" fromText="a normal neurologic examination" toID="E115" toText="NEUROLOGY" type="OVERLAP" />
<TLINK id="TL303" fromID="E117" fromText="Hearing screen" toID="E118" toText="automated auditory brain stem responses" type="OVERLAP" />
<TLINK id="TL304" fromID="E118" fromText="automated auditory brain stem responses" toID="E117" toText="Hearing screen" type="OVERLAP" />
<TLINK id="TL305" fromID="E121" fromText="active ongoing issues" toID="T16" toText="this time" type="OVERLAP" />
<TLINK id="TL31" fromID="E6" fromText="antibody" toID="E7" toText="rubella" type="OVERLAP" />
<TLINK id="TL32" fromID="E7" fromText="rubella" toID="E6" toText="antibody" type="OVERLAP" />
<TLINK id="TL33" fromID="E7" fromText="rubella" toID="E8" toText="RPR" type="OVERLAP" />
<TLINK id="TL34" fromID="E8" fromText="RPR" toID="E7" toText="rubella" type="OVERLAP" />
<TLINK id="TL35" fromID="E8" fromText="RPR" toID="E9" toText="hepatitis B surface antigen" type="OVERLAP" />
<TLINK id="TL36" fromID="E9" fromText="hepatitis B surface antigen" toID="E8" toText="RPR" type="OVERLAP" />
<TLINK id="TL37" fromID="E9" fromText="hepatitis B surface antigen" toID="E10" toText="GBS" type="OVERLAP" />
<TLINK id="TL38" fromID="E10" fromText="GBS" toID="E9" toText="hepatitis B surface antigen" type="OVERLAP" />
<TLINK id="TL39" fromID="E32" fromText="transient tachypnea of the newborn" toID="E11" toText="born" type="OVERLAP" />
<TLINK id="TL4" fromID="E0" fromText="Admission" toID="E94" toText="admission" type="OVERLAP" />
<TLINK id="TL40" fromID="E11" fromText="born" toID="E21" toText="the newborn nursery" type="OVERLAP" />
<TLINK id="TL41" fromID="E11" fromText="born" toID="E23" toText="the newborn nursery" type="OVERLAP" />
<TLINK id="TL42" fromID="E11" fromText="born" toID="E12" toText="repeat C-section" type="OVERLAP" />
<TLINK id="TL43" fromID="E12" fromText="repeat C-section" toID="E11" toText="born" type="OVERLAP" />
<TLINK id="TL44" fromID="E13" fromText="artificial rupture of membranes" toID="E14" toText="the delivery" type="OVERLAP" />
<TLINK id="TL45" fromID="E69" fromText="IV fluids" toID="E15" toText="Amniotic fluid" type="OVERLAP" />
<TLINK id="TL46" fromID="E18" fromText="routine DR Johnson" toID="E17" toText="birth" type="OVERLAP" />
<TLINK id="TL47" fromID="E44" fromText="transferred" toID="E20" toText="transferred" type="OVERLAP" />
<TLINK id="TL48" fromID="E20" fromText="transferred" toID="E21" toText="the newborn nursery" type="OVERLAP" />
<TLINK id="TL49" fromID="E21" fromText="the newborn nursery" toID="E20" toText="transferred" type="AFTER" />
<TLINK id="TL5" fromID="E0" fromText="Admission" toID="E100" toText="admission" type="OVERLAP" />
<TLINK id="TL50" fromID="E22" fromText="further care" toID="E20" toText="transferred" type="AFTER" />
<TLINK id="TL51" fromID="E32" fromText="transient tachypnea of the newborn" toID="E21" toText="the newborn nursery" type="OVERLAP" />
<TLINK id="TL52" fromID="E21" fromText="the newborn nursery" toID="E23" toText="the newborn nursery" type="OVERLAP" />
<TLINK id="TL53" fromID="E21" fromText="the newborn nursery" toID="E22" toText="further care" type="OVERLAP" />
<TLINK id="TL54" fromID="E22" fromText="further care" toID="E21" toText="the newborn nursery" type="OVERLAP" />
<TLINK id="TL55" fromID="E46" fromText="further care" toID="E22" toText="further care" type="OVERLAP" />
<TLINK id="TL56" fromID="E32" fromText="transient tachypnea of the newborn" toID="E23" toText="the newborn nursery" type="OVERLAP" />
<TLINK id="TL57" fromID="E24" fromText="PO feedings" toID="E23" toText="the newborn nursery" type="OVERLAP" />
<TLINK id="TL58" fromID="E25" fromText="demand" toID="E23" toText="the newborn nursery" type="OVERLAP" />
<TLINK id="TL59" fromID="E75" fromText="Enteral feedings" toID="E24" toText="PO feedings" type="OVERLAP" />
<TLINK id="TL6" fromID="E0" fromText="Admission" toID="E104" toText="admission" type="OVERLAP" />
<TLINK id="TL60" fromID="E76" fromText="lib PO feeding" toID="E24" toText="PO feedings" type="OVERLAP" />
<TLINK id="TL61" fromID="E24" fromText="PO feedings" toID="E25" toText="demand" type="OVERLAP" />
<TLINK id="TL62" fromID="E25" fromText="demand" toID="E24" toText="PO feedings" type="OVERLAP" />
<TLINK id="TL63" fromID="E77" fromText="demand" toID="E25" toText="demand" type="OVERLAP" />
<TLINK id="TL64" fromID="E39" fromText="grunting" toID="E28" toText="grunting" type="OVERLAP" />
<TLINK id="TL65" fromID="E28" fromText="grunting" toID="E29" toText="flaring" type="OVERLAP" />
<TLINK id="TL66" fromID="E28" fromText="grunting" toID="E30" toText="E.C. Bovell consult" type="BEFORE" />
<TLINK id="TL67" fromID="E28" fromText="grunting" toID="T4" toText="5 hours" type="OVERLAP" />
<TLINK id="TL68" fromID="E29" fromText="flaring" toID="E28" toText="grunting" type="OVERLAP" />
<TLINK id="TL69" fromID="E30" fromText="E.C. Bovell consult" toID="E28" toText="grunting" type="OVERLAP" />
<TLINK id="TL7" fromID="E78" fromText="His discharge weight" toID="E1" toText="Discharge" type="OVERLAP" />
<TLINK id="TL70" fromID="E38" fromText="flaring" toID="E29" toText="flaring" type="OVERLAP" />
<TLINK id="TL71" fromID="E29" fromText="flaring" toID="E30" toText="E.C. Bovell consult" type="OVERLAP" />
<TLINK id="TL72" fromID="E29" fromText="flaring" toID="T4" toText="5 hours" type="OVERLAP" />
<TLINK id="TL73" fromID="E30" fromText="E.C. Bovell consult" toID="E29" toText="flaring" type="OVERLAP" />
<TLINK id="TL74" fromID="E43" fromText="consulted" toID="E30" toText="E.C. Bovell consult" type="OVERLAP" />
<TLINK id="TL75" fromID="E31" fromText="mild respiratory distress" toID="E102" toText="respiratory distress" type="OVERLAP" />
<TLINK id="TL76" fromID="E31" fromText="mild respiratory distress" toID="E32" toText="transient tachypnea of the newborn" type="OVERLAP" />
<TLINK id="TL77" fromID="E32" fromText="transient tachypnea of the newborn" toID="E31" toText="mild respiratory distress" type="OVERLAP" />
<TLINK id="TL78" fromID="E32" fromText="transient tachypnea of the newborn" toID="E37" toText="tachypnea" type="OVERLAP" />
<TLINK id="TL79" fromID="E33" fromText="observed" toID="E34" toText="progression of symptoms" type="OVERLAP" />
<TLINK id="TL8" fromID="E2" fromText="born" toID="E32" toText="transient tachypnea of the newborn" type="OVERLAP" />
<TLINK id="TL80" fromID="E34" fromText="progression of symptoms" toID="E33" toText="observed" type="BEFORE" />
<TLINK id="TL81" fromID="E35" fromText="noted" toID="T5" toText="16 hours" type="OVERLAP" />
<TLINK id="TL82" fromID="E36" fromText="increased work of breathing" toID="E35" toText="noted" type="BEFORE" />
<TLINK id="TL83" fromID="E37" fromText="tachypnea" toID="E35" toText="noted" type="BEFORE" />
<TLINK id="TL84" fromID="E38" fromText="flaring" toID="E35" toText="noted" type="BEFORE" />
<TLINK id="TL85" fromID="E39" fromText="grunting" toID="E35" toText="noted" type="BEFORE" />
<TLINK id="TL86" fromID="E36" fromText="increased work of breathing" toID="E37" toText="tachypnea" type="OVERLAP" />
<TLINK id="TL87" fromID="E36" fromText="increased work of breathing" toID="E38" toText="flaring" type="OVERLAP" />
<TLINK id="TL88" fromID="E36" fromText="increased work of breathing" toID="E39" toText="grunting" type="OVERLAP" />
<TLINK id="TL89" fromID="E36" fromText="increased work of breathing" toID="T5" toText="16 hours" type="OVERLAP" />
<TLINK id="TL9" fromID="E2" fromText="born" toID="E11" toText="born" type="OVERLAP" />
<TLINK id="TL90" fromID="E37" fromText="tachypnea" toID="E36" toText="increased work of breathing" type="OVERLAP" />
<TLINK id="TL91" fromID="E38" fromText="flaring" toID="E36" toText="increased work of breathing" type="OVERLAP" />
<TLINK id="TL92" fromID="E39" fromText="grunting" toID="E36" toText="increased work of breathing" type="OVERLAP" />
<TLINK id="TL93" fromID="E37" fromText="tachypnea" toID="E38" toText="flaring" type="OVERLAP" />
<TLINK id="TL94" fromID="E37" fromText="tachypnea" toID="E39" toText="grunting" type="OVERLAP" />
<TLINK id="TL95" fromID="E38" fromText="flaring" toID="E37" toText="tachypnea" type="OVERLAP" />
<TLINK id="TL96" fromID="E39" fromText="grunting" toID="E37" toText="tachypnea" type="OVERLAP" />
<TLINK id="TL97" fromID="E38" fromText="flaring" toID="E39" toText="grunting" type="OVERLAP" />
<TLINK id="TL98" fromID="E39" fromText="grunting" toID="E38" toText="flaring" type="OVERLAP" />
<TLINK id="TL99" fromID="E40" fromText="axillary temperature" toID="E41" toText="a rectal temperature" type="OVERLAP" />
<TLINK id="SECTIME0" fromID="E31" fromText="mild respiratory distress" toID="T0" toText="2015-04-21" type="BEFORE" />
<TLINK id="SECTIME1" fromID="E2" fromText="born" toID="T0" toText="2015-04-21" type="OVERLAP" />
<TLINK id="SECTIME2" fromID="E32" fromText="transient tachypnea of the newborn" toID="T0" toText="2015-04-21" type="BEFORE" />
<TLINK id="SECTIME3" fromID="E33" fromText="observed" toID="T0" toText="2015-04-21" type="BEFORE" />
<TLINK id="SECTIME4" fromID="E34" fromText="progression of symptoms" toID="T0" toText="2015-04-21" type="BEFORE" />
<TLINK id="SECTIME5" fromID="E35" fromText="noted" toID="T0" toText="2015-04-21" type="BEFORE" />
<TLINK id="SECTIME6" fromID="E36" fromText="increased work of breathing" toID="T0" toText="2015-04-21" type="OVERLAP" />
<TLINK id="SECTIME7" fromID="E37" fromText="tachypnea" toID="T0" toText="2015-04-21" type="BEFORE" />
<TLINK id="SECTIME8" fromID="E38" fromText="flaring" toID="T0" toText="2015-04-21" type="AFTER" />
<TLINK id="SECTIME9" fromID="E39" fromText="grunting" toID="T0" toText="2015-04-21" type="BEFORE" />
<TLINK id="SECTIME10" fromID="E3" fromText="gestation" toID="T0" toText="2015-04-21" type="BEFORE" />
<TLINK id="SECTIME11" fromID="E40" fromText="axillary temperature" toID="T0" toText="2015-04-21" type="BEFORE" />
<TLINK id="SECTIME12" fromID="E41" fromText="a rectal temperature" toID="T0" toText="2015-04-21" type="BEFORE" />
<TLINK id="SECTIME13" fromID="E42" fromText="this point CMED" toID="T0" toText="2015-04-21" type="BEFORE" />
<TLINK id="SECTIME14" fromID="E43" fromText="consulted" toID="T0" toText="2015-04-21" type="BEFORE" />
<TLINK id="SECTIME15" fromID="E44" fromText="transferred" toID="T0" toText="2015-04-21" type="BEFORE" />
<TLINK id="SECTIME16" fromID="E45" fromText="the CMED triage" toID="T0" toText="2015-04-21" type="OVERLAP" />
<TLINK id="SECTIME17" fromID="E46" fromText="further care" toID="T0" toText="2015-04-21" type="OVERLAP" />
<TLINK id="SECTIME18" fromID="E47" fromText="CPAP" toID="T1" toText="2015-04-29" type="BEFORE" />
<TLINK id="SECTIME19" fromID="E48" fromText="admission" toID="T1" toText="2015-04-29" type="BEFORE" />
<TLINK id="SECTIME20" fromID="E49" fromText="the CMED" toID="T1" toText="2015-04-29" type="BEFORE" />
<TLINK id="SECTIME21" fromID="E50" fromText="CPAP" toID="T1" toText="2015-04-29" type="BEFORE" />
<TLINK id="SECTIME22" fromID="E51" fromText="weaned to nasal cannula" toID="T1" toText="2015-04-29" type="BEFORE" />
<TLINK id="SECTIME23" fromID="E52" fromText="room air" toID="T1" toText="2015-04-29" type="BEFORE" />
<TLINK id="SECTIME24" fromID="E53" fromText="issues" toID="T1" toText="2015-04-29" type="BEFORE" />
<TLINK id="SECTIME25" fromID="E54" fromText="apnea" toID="T1" toText="2015-04-29" type="BEFORE" />
<TLINK id="SECTIME26" fromID="E55" fromText="desaturation" toID="T1" toText="2015-04-29" type="BEFORE" />
<TLINK id="SECTIME27" fromID="E56" fromText="Initial chest x-ray" toID="T1" toText="2015-04-29" type="BEFORE" />
<TLINK id="SECTIME28" fromID="E57" fromText="the CMED" toID="T1" toText="2015-04-29" type="BEFORE" />
<TLINK id="SECTIME29" fromID="E58" fromText="showed" toID="T1" toText="2015-04-29" type="BEFORE" />
<TLINK id="SECTIME30" fromID="E59" fromText="haziness in the left lower lobe and patchy areas" toID="T1" toText="2015-04-29" type="BEFORE" />
<TLINK id="SECTIME31" fromID="E60" fromText="concerns" toID="T1" toText="2015-04-29" type="BEFORE" />
<TLINK id="SECTIME32" fromID="E61" fromText="pneumonia" toID="T1" toText="2015-04-29" type="BEFORE" />
<TLINK id="SECTIME33" fromID="E62" fromText="pneumonia" toID="T1" toText="2015-04-29" type="BEFORE" />
<TLINK id="SECTIME34" fromID="E63" fromText="admission" toID="T1" toText="2015-04-29" type="BEFORE" />
<TLINK id="SECTIME35" fromID="E64" fromText="the CMED" toID="T1" toText="2015-04-29" type="BEFORE" />
<TLINK id="SECTIME36" fromID="E65" fromText="stable cardiovascular status" toID="T1" toText="2015-04-29" type="BEFORE" />
<TLINK id="SECTIME37" fromID="E66" fromText="heart rates" toID="T1" toText="2015-04-29" type="BEFORE" />
<TLINK id="SECTIME38" fromID="E67" fromText="blood pressures" toID="T1" toText="2015-04-29" type="BEFORE" />
<TLINK id="SECTIME39" fromID="E68" fromText="murmurs" toID="T1" toText="2015-04-29" type="BEFORE" />
<TLINK id="SECTIME40" fromID="E69" fromText="IV fluids" toID="T1" toText="2015-04-29" type="BEFORE" />
<TLINK id="SECTIME41" fromID="E4" fromText="Prenatal screens" toID="T0" toText="2015-04-21" type="BEFORE" />
<TLINK id="SECTIME42" fromID="E70" fromText="admission" toID="T1" toText="2015-04-29" type="BEFORE" />
<TLINK id="SECTIME43" fromID="E71" fromText="the CMED" toID="T1" toText="2015-04-29" type="OVERLAP" />
<TLINK id="SECTIME44" fromID="E72" fromText="Electrolytes" toID="T1" toText="2015-04-29" type="BEFORE" />
<TLINK id="SECTIME45" fromID="E73" fromText="stable" toID="T1" toText="2015-04-29" type="BEFORE" />
<TLINK id="SECTIME46" fromID="E74" fromText="further electrolytes" toID="T1" toText="2015-04-29" type="BEFORE" />
<TLINK id="SECTIME47" fromID="E75" fromText="Enteral feedings" toID="T1" toText="2015-04-29" type="BEFORE" />
<TLINK id="SECTIME48" fromID="E5" fromText="blood type" toID="T0" toText="2015-04-21" type="BEFORE" />
<TLINK id="SECTIME49" fromID="E76" fromText="lib PO feeding" toID="T1" toText="2015-04-29" type="BEFORE" />
<TLINK id="SECTIME50" fromID="E77" fromText="demand" toID="T1" toText="2015-04-29" type="BEFORE" />
<TLINK id="SECTIME51" fromID="E78" fromText="His discharge weight" toID="T1" toText="2015-04-29" type="OVERLAP" />
<TLINK id="SECTIME52" fromID="E79" fromText="Bilirubin level" toID="T1" toText="2015-04-29" type="BEFORE" />
<TLINK id="SECTIME53" fromID="E80" fromText="phototherapy" toID="T1" toText="2015-04-29" type="BEFORE" />
<TLINK id="SECTIME54" fromID="E81" fromText="HEMATOLOGY" toID="T1" toText="2015-04-29" type="BEFORE" />
<TLINK id="SECTIME55" fromID="E6" fromText="antibody" toID="T0" toText="2015-04-21" type="BEFORE" />
<TLINK id="SECTIME56" fromID="E82" fromText="Hematocrit" toID="T1" toText="2015-04-29" type="BEFORE" />
<TLINK id="SECTIME57" fromID="E83" fromText="admission" toID="T1" toText="2015-04-29" type="BEFORE" />
<TLINK id="SECTIME58" fromID="E84" fromText="the CMED" toID="T1" toText="2015-04-29" type="OVERLAP" />
<TLINK id="SECTIME59" fromID="E85" fromText="Hematocrit" toID="T1" toText="2015-04-29" type="BEFORE" />
<TLINK id="SECTIME60" fromID="E86" fromText="platelet count" toID="T1" toText="2015-04-29" type="BEFORE" />
<TLINK id="SECTIME61" fromID="E87" fromText="further hematocrit" toID="T1" toText="2015-04-29" type="BEFORE" />
<TLINK id="SECTIME62" fromID="E88" fromText="platelets" toID="T1" toText="2015-04-29" type="BEFORE" />
<TLINK id="SECTIME63" fromID="E89" fromText="Blood typing" toID="T1" toText="2015-04-29" type="BEFORE" />
<TLINK id="SECTIME64" fromID="E7" fromText="rubella" toID="T0" toText="2015-04-21" type="BEFORE" />
<TLINK id="SECTIME65" fromID="E90" fromText="The baby 's blood type" toID="T1" toText="2015-04-29" type="BEFORE" />
<TLINK id="SECTIME66" fromID="E91" fromText="antibody" toID="T1" toText="2015-04-29" type="BEFORE" />
<TLINK id="SECTIME67" fromID="E92" fromText="CBC" toID="T1" toText="2015-04-29" type="BEFORE" />
<TLINK id="SECTIME68" fromID="E93" fromText="blood culture" toID="T1" toText="2015-04-29" type="BEFORE" />
<TLINK id="SECTIME69" fromID="E94" fromText="admission" toID="T1" toText="2015-04-29" type="BEFORE" />
<TLINK id="SECTIME70" fromID="E95" fromText="CBC" toID="T1" toText="2015-04-29" type="BEFORE" />
<TLINK id="SECTIME71" fromID="E8" fromText="RPR" toID="T0" toText="2015-04-21" type="BEFORE" />
<TLINK id="SECTIME72" fromID="E96" fromText="bands" toID="T1" toText="2015-04-29" type="BEFORE" />
<TLINK id="SECTIME73" fromID="E97" fromText="lymphs" toID="T1" toText="2015-04-29" type="BEFORE" />
<TLINK id="SECTIME74" fromID="E98" fromText="Ampicillin" toID="T1" toText="2015-04-29" type="BEFORE" />
<TLINK id="SECTIME75" fromID="E99" fromText="gentamycin" toID="T1" toText="2015-04-29" type="BEFORE" />
<TLINK id="SECTIME76" fromID="E100" fromText="admission" toID="T1" toText="2015-04-29" type="BEFORE" />
<TLINK id="SECTIME77" fromID="E101" fromText="an LP" toID="T1" toText="2015-04-29" type="BEFORE" />
<TLINK id="SECTIME78" fromID="E102" fromText="respiratory distress" toID="T1" toText="2015-04-29" type="BEFORE" />
<TLINK id="SECTIME79" fromID="E103" fromText="fever" toID="T1" toText="2015-04-29" type="BEFORE" />
<TLINK id="SECTIME80" fromID="E104" fromText="admission" toID="T1" toText="2015-04-29" type="OVERLAP" />
<TLINK id="SECTIME81" fromID="E9" fromText="hepatitis B surface antigen" toID="T0" toText="2015-04-21" type="BEFORE" />
<TLINK id="SECTIME82" fromID="E105" fromText="the CMED" toID="T1" toText="2015-04-29" type="OVERLAP" />
<TLINK id="SECTIME83" fromID="E106" fromText="CSF" toID="T1" toText="2015-04-29" type="BEFORE" />
<TLINK id="SECTIME84" fromID="E107" fromText="showed" toID="T1" toText="2015-04-29" type="BEFORE" />
<TLINK id="SECTIME85" fromID="E108" fromText="white count" toID="T1" toText="2015-04-29" type="BEFORE" />
<TLINK id="SECTIME86" fromID="E109" fromText="protein" toID="T1" toText="2015-04-29" type="BEFORE" />
<TLINK id="SECTIME87" fromID="E110" fromText="glucose" toID="T1" toText="2015-04-29" type="AFTER" />
<TLINK id="SECTIME88" fromID="E111" fromText="pneumonia" toID="T1" toText="2015-04-29" type="BEFORE" />
<TLINK id="SECTIME89" fromID="E112" fromText="ampicillin" toID="T1" toText="2015-04-29" type="BEFORE" />
<TLINK id="SECTIME90" fromID="E113" fromText="gentamycin" toID="T1" toText="2015-04-29" type="BEFORE" />
<TLINK id="SECTIME91" fromID="E114" fromText="Antibiotics" toID="T1" toText="2015-04-29" type="BEFORE" />
<TLINK id="SECTIME92" fromID="E115" fromText="NEUROLOGY" toID="T1" toText="2015-04-29" type="BEFORE" />
<TLINK id="SECTIME93" fromID="E116" fromText="a normal neurologic examination" toID="T1" toText="2015-04-29" type="BEFORE" />
<TLINK id="SECTIME94" fromID="E117" fromText="Hearing screen" toID="T1" toText="2015-04-29" type="BEFORE" />
<TLINK id="SECTIME95" fromID="E118" fromText="automated auditory brain stem responses" toID="T1" toText="2015-04-29" type="AFTER" />
<TLINK id="SECTIME96" fromID="E10" fromText="GBS" toID="T0" toText="2015-04-21" type="BEFORE" />
<TLINK id="SECTIME97" fromID="E119" fromText="passing in both ears" toID="T1" toText="2015-04-29" type="BEFORE" />
<TLINK id="SECTIME98" fromID="E120" fromText="A Arbour Hospital social worker" toID="T1" toText="2015-04-29" type="BEFORE" />
<TLINK id="SECTIME99" fromID="E121" fromText="active ongoing issues" toID="T1" toText="2015-04-29" type="BEFORE" />
<TLINK id="SECTIME100" fromID="E11" fromText="born" toID="T0" toText="2015-04-21" type="OVERLAP" />
<TLINK id="SECTIME101" fromID="E12" fromText="repeat C-section" toID="T0" toText="2015-04-21" type="OVERLAP" />
<TLINK id="SECTIME102" fromID="E13" fromText="artificial rupture of membranes" toID="T0" toText="2015-04-21" type="OVERLAP" />
<TLINK id="SECTIME103" fromID="E14" fromText="the delivery" toID="T0" toText="2015-04-21" type="BEFORE" />
<TLINK id="SECTIME104" fromID="E15" fromText="Amniotic fluid" toID="T0" toText="2015-04-21" type="BEFORE" />
<TLINK id="SECTIME105" fromID="E16" fromText="epidural and spinal anesthesia" toID="T0" toText="2015-04-21" type="BEFORE" />
<TLINK id="SECTIME106" fromID="E17" fromText="birth" toID="T0" toText="2015-04-21" type="OVERLAP" />
<TLINK id="SECTIME107" fromID="E18" fromText="routine DR Johnson" toID="T0" toText="2015-04-21" type="BEFORE" />
<TLINK id="SECTIME108" fromID="E19" fromText="Apgars" toID="T0" toText="2015-04-21" type="OVERLAP" />
<TLINK id="SECTIME109" fromID="E20" fromText="transferred" toID="T0" toText="2015-04-21" type="BEFORE" />
<TLINK id="SECTIME110" fromID="E21" fromText="the newborn nursery" toID="T0" toText="2015-04-21" type="BEFORE" />
<TLINK id="SECTIME111" fromID="E22" fromText="further care" toID="T0" toText="2015-04-21" type="OVERLAP" />
<TLINK id="SECTIME112" fromID="E23" fromText="the newborn nursery" toID="T0" toText="2015-04-21" type="BEFORE" />
<TLINK id="SECTIME113" fromID="E24" fromText="PO feedings" toID="T0" toText="2015-04-21" type="BEFORE" />
<TLINK id="SECTIME114" fromID="E25" fromText="demand" toID="T0" toText="2015-04-21" type="BEFORE" />
<TLINK id="SECTIME115" fromID="E26" fromText="large for gestational age" toID="T0" toText="2015-04-21" type="BEFORE" />
<TLINK id="SECTIME116" fromID="E27" fromText="His d-sticks" toID="T0" toText="2015-04-21" type="BEFORE" />
<TLINK id="SECTIME117" fromID="E28" fromText="grunting" toID="T0" toText="2015-04-21" type="BEFORE" />
<TLINK id="SECTIME118" fromID="E29" fromText="flaring" toID="T0" toText="2015-04-21" type="BEFORE" />
<TLINK id="SECTIME119" fromID="E30" fromText="E.C. Bovell consult" toID="T0" toText="2015-04-21" type="BEFORE" />
<SECTIME id="S0" start="18" end="28" text="2015-04-21" type="ADMISSION" dvalue="2015-04-21" />
<SECTIME id="S1" start="46" end="56" text="2015-04-29" type="DISCHARGE" dvalue="2015-04-29" />
</TAGS>
</ClinicalNarrativeTemporalAnnotation>
