<?xml version="1.0" encoding="UTF-8" ?>
<ClinicalNarrativeTemporalAnnotation>
<TEXT><![CDATA[
Admission Date :
2017-06-13
Discharge Date :
2017-06-17
Service :
CARDIOTHORACIC
History of Present Illness :
61 yo African-American-Hispanic male had abnormal EKG found as part of pre-op eval. for ventral hernia repair .
Had subsequent abnormal stress test and pefusion imaging showed EF 38% with perfusion defects .
Echo prior to scheduled cath showed mild LVH , inferior HK , EF 40% , mild MR , mild LAE .
Cath at Kindred/North Shore today showed 80% LM lesion with normal LAD , CX , RCA .
Severe systolic HTN also noted .
Transferred in urgently for cabg with Dr. Howard .
Brief Hospital Course:
Admitted directly to OR from ambulance transfer and underwent cabg x3 with Dr. Howard on 06-13 .
Transferred to the CSRU in stable condition on phenylephrine and propofol drips .
Extubated early the next morning and chest tubes removed .
Gentle diuresis and beta blockade started , and he was transferred to the floor to begin increasing his activity level .
Foley removed on POD #2 and had scattered rales with temp 101.2 .
Afebrile the next day and pacing wires removed without incident .
He made excellent progress and was discharged to home with VNA services on POD #4 .
He is to follow up with providers as per discharge instructions .
]]></TEXT>
<TAGS>
<EVENT id="E0" start="1" end="10" text="Admission" modality="OCCURRENCE" polarity="POS" type="OCCURRENCE" />
<EVENT id="E38" start="1013" end="1017" text="temp" modality="TEST" polarity="POS" type="TEST" />
<EVENT id="E39" start="1026" end="1034" text="Afebrile" modality="FACTUAL" polarity="POS" type="OCCURRENCE" />
<EVENT id="E40" start="1052" end="1064" text="pacing wires" modality="TREATMENT" polarity="POS" type="TREATMENT" />
<EVENT id="E41" start="1081" end="1089" text="incident" modality="PROBLEM" polarity="NEG" type="PROBLEM" />
<EVENT id="E42" start="1100" end="1118" text="excellent progress" modality="OCCURRENCE" polarity="POS" type="PROBLEM" />
<EVENT id="E43" start="1127" end="1137" text="discharged" modality="OCCURRENCE" polarity="POS" type="OCCURRENCE" />
<EVENT id="E44" start="1151" end="1163" text="VNA services" modality="CLINICAL_DEPT" polarity="POS" type="TREATMENT" />
<EVENT id="E45" start="1185" end="1194" text="follow up" modality="OCCURRENCE" polarity="POS" type="OCCURRENCE" />
<EVENT id="E46" start="1200" end="1209" text="providers" modality="FACTUAL" polarity="POS" type="TREATMENT" />
<EVENT id="E2" start="152" end="164" text="abnormal EKG" modality="PROBLEM" polarity="POS" type="PROBLEM" />
<EVENT id="E3" start="199" end="220" text="ventral hernia repair" modality="TREATMENT" polarity="POS" type="TREATMENT" />
<EVENT id="E4" start="238" end="258" text="abnormal stress test" modality="PROBLEM" polarity="POS" type="PROBLEM" />
<EVENT id="E5" start="280" end="286" text="showed" modality="EVIDENTIAL" polarity="POS" type="EVIDENTIAL" />
<EVENT id="E1" start="29" end="38" text="Discharge" modality="OCCURRENCE" polarity="POS" type="OCCURRENCE" />
<EVENT id="E6" start="287" end="289" text="EF" modality="TEST" polarity="POS" type="TEST" />
<EVENT id="E7" start="299" end="316" text="perfusion defects" modality="PROBLEM" polarity="POS" type="PROBLEM" />
<EVENT id="E8" start="319" end="323" text="Echo" modality="TEST" polarity="POS" type="TEST" />
<EVENT id="E9" start="333" end="347" text="scheduled cath" modality="TEST" polarity="POS" type="TEST" />
<EVENT id="E10" start="348" end="354" text="showed" modality="EVIDENTIAL" polarity="POS" type="EVIDENTIAL" />
<EVENT id="E11" start="355" end="363" text="mild LVH" modality="PROBLEM" polarity="POS" type="PROBLEM" />
<EVENT id="E12" start="366" end="377" text="inferior HK" modality="FACTUAL" polarity="POS" type="PROBLEM" />
<EVENT id="E13" start="380" end="382" text="EF" modality="TEST" polarity="POS" type="TEST" />
<EVENT id="E14" start="389" end="396" text="mild MR" modality="PROBLEM" polarity="POS" type="PROBLEM" />
<EVENT id="E15" start="399" end="407" text="mild LAE" modality="PROBLEM" polarity="POS" type="PROBLEM" />
<EVENT id="E16" start="444" end="450" text="showed" modality="EVIDENTIAL" polarity="POS" type="EVIDENTIAL" />
<EVENT id="E17" start="451" end="464" text="80% LM lesion" modality="PROBLEM" polarity="POS" type="PROBLEM" />
<EVENT id="E18" start="483" end="485" text="CX" modality="TREATMENT" polarity="POS" type="PROBLEM" />
<EVENT id="E19" start="488" end="491" text="RCA" modality="FACTUAL" polarity="POS" type="PROBLEM" />
<EVENT id="E20" start="494" end="513" text="Severe systolic HTN" modality="PROBLEM" polarity="POS" type="PROBLEM" />
<EVENT id="E21" start="527" end="538" text="Transferred" modality="OCCURRENCE" polarity="POS" type="OCCURRENCE" />
<EVENT id="E22" start="601" end="609" text="Admitted" modality="OCCURRENCE" polarity="POS" type="OCCURRENCE" />
<EVENT id="E23" start="622" end="624" text="OR" modality="CLINICAL_DEPT" polarity="POS" type="CLINICAL_DEPT" />
<EVENT id="E24" start="630" end="648" text="ambulance transfer" modality="OCCURRENCE" polarity="POS" type="PROBLEM" />
<EVENT id="E25" start="663" end="670" text="cabg x3" modality="FACTUAL" polarity="POS" type="TREATMENT" />
<EVENT id="E26" start="698" end="709" text="Transferred" modality="OCCURRENCE" polarity="POS" type="OCCURRENCE" />
<EVENT id="E27" start="713" end="721" text="the CSRU" modality="CLINICAL_DEPT" polarity="POS" type="CLINICAL_DEPT" />
<EVENT id="E28" start="725" end="741" text="stable condition" modality="OCCURRENCE" polarity="POS" type="OCCURRENCE" />
<EVENT id="E29" start="745" end="758" text="phenylephrine" modality="TREATMENT" polarity="POS" type="TREATMENT" />
<EVENT id="E30" start="763" end="777" text="propofol drips" modality="TREATMENT" polarity="POS" type="TREATMENT" />
<EVENT id="E31" start="780" end="789" text="Extubated" modality="TREATMENT" polarity="POS" type="TREATMENT" />
<EVENT id="E32" start="817" end="828" text="chest tubes" modality="TREATMENT" polarity="POS" type="TREATMENT" />
<EVENT id="E33" start="839" end="854" text="Gentle diuresis" modality="TREATMENT" polarity="POS" type="TEST" />
<EVENT id="E34" start="859" end="872" text="beta blockade" modality="TREATMENT" polarity="POS" type="TREATMENT" />
<EVENT id="E35" start="894" end="905" text="transferred" modality="OCCURRENCE" polarity="POS" type="OCCURRENCE" />
<EVENT id="E36" start="909" end="918" text="the floor" modality="CLINICAL_DEPT" polarity="POS" type="CLINICAL_DEPT" />
<EVENT id="E37" start="992" end="1007" text="scattered rales" modality="PROBLEM" polarity="POS" type="PROBLEM" />
<TIMEX3 id="T6" start="1035" end="1047" text="the next day" type="DATE" val="the next day" mod="NA" />
<TIMEX3 id="T7" start="1167" end="1173" text="POD #4" type="DATE" val="2017-06-17" mod="NA" />
<TIMEX3 id="T0" start="18" end="28" text="2017-06-13" type="DATE" val="2017-06-13" mod="NA" />
<TIMEX3 id="T2" start="438" end="443" text="today" type="DATE" val="2017-06-17" mod="NA" />
<TIMEX3 id="T1" start="46" end="56" text="2017-06-17" type="DATE" val="2017-06-17" mod="NA" />
<TIMEX3 id="T3" start="668" end="670" text="x3" type="FREQUENCY" val="R3" mod="NA" />
<TIMEX3 id="T4" start="690" end="695" text="06-13" type="DATE" val="2017-06-13" mod="NA" />
<TIMEX3 id="T5" start="977" end="983" text="POD #2" type="DATE" val="2017-06-15" mod="NA" />
<TLINK id="TL0" fromID="E43" fromText="discharged" toID="E1" toText="Discharge" type="OVERLAP" />
<TLINK id="TL1" fromID="E2" fromText="abnormal EKG" toID="E4" toText="abnormal stress test" type="OVERLAP" />
<TLINK id="TL10" fromID="E9" fromText="scheduled cath" toID="E8" toText="Echo" type="OVERLAP" />
<TLINK id="TL11" fromID="E10" fromText="showed" toID="E8" toText="Echo" type="OVERLAP" />
<TLINK id="TL12" fromID="E11" fromText="mild LVH" toID="E8" toText="Echo" type="BEFORE" />
<TLINK id="TL13" fromID="E9" fromText="scheduled cath" toID="E10" toText="showed" type="OVERLAP" />
<TLINK id="TL14" fromID="E10" fromText="showed" toID="E9" toText="scheduled cath" type="OVERLAP" />
<TLINK id="TL15" fromID="E11" fromText="mild LVH" toID="E9" toText="scheduled cath" type="BEFORE" />
<TLINK id="TL16" fromID="E12" fromText="inferior HK" toID="E9" toText="scheduled cath" type="BEFORE" />
<TLINK id="TL17" fromID="E14" fromText="mild MR" toID="E9" toText="scheduled cath" type="BEFORE" />
<TLINK id="TL18" fromID="E11" fromText="mild LVH" toID="E10" toText="showed" type="BEFORE" />
<TLINK id="TL19" fromID="E12" fromText="inferior HK" toID="E10" toText="showed" type="BEFORE" />
<TLINK id="TL2" fromID="E4" fromText="abnormal stress test" toID="E5" toText="showed" type="BEFORE" />
<TLINK id="TL20" fromID="E14" fromText="mild MR" toID="E10" toText="showed" type="BEFORE" />
<TLINK id="TL21" fromID="E15" fromText="mild LAE" toID="E10" toText="showed" type="BEFORE" />
<TLINK id="TL22" fromID="E11" fromText="mild LVH" toID="E14" toText="mild MR" type="OVERLAP" />
<TLINK id="TL23" fromID="E11" fromText="mild LVH" toID="E15" toText="mild LAE" type="OVERLAP" />
<TLINK id="TL24" fromID="E11" fromText="mild LVH" toID="E12" toText="inferior HK" type="OVERLAP" />
<TLINK id="TL25" fromID="E11" fromText="mild LVH" toID="E13" toText="EF" type="BEFORE" />
<TLINK id="TL26" fromID="E12" fromText="inferior HK" toID="E11" toText="mild LVH" type="OVERLAP" />
<TLINK id="TL27" fromID="E12" fromText="inferior HK" toID="E13" toText="EF" type="OVERLAP" />
<TLINK id="TL28" fromID="E12" fromText="inferior HK" toID="E14" toText="mild MR" type="OVERLAP" />
<TLINK id="TL29" fromID="E14" fromText="mild MR" toID="E12" toText="inferior HK" type="OVERLAP" />
<TLINK id="TL3" fromID="E5" fromText="showed" toID="E6" toText="EF" type="OVERLAP" />
<TLINK id="TL30" fromID="E13" fromText="EF" toID="E14" toText="mild MR" type="OVERLAP" />
<TLINK id="TL31" fromID="E14" fromText="mild MR" toID="E13" toText="EF" type="BEFORE" />
<TLINK id="TL32" fromID="E14" fromText="mild MR" toID="E15" toText="mild LAE" type="OVERLAP" />
<TLINK id="TL33" fromID="E15" fromText="mild LAE" toID="E14" toText="mild MR" type="OVERLAP" />
<TLINK id="TL34" fromID="E16" fromText="showed" toID="T2" toText="today" type="OVERLAP" />
<TLINK id="TL35" fromID="E17" fromText="80% LM lesion" toID="E16" toText="showed" type="BEFORE" />
<TLINK id="TL36" fromID="E18" fromText="CX" toID="E16" toText="showed" type="BEFORE" />
<TLINK id="TL37" fromID="E19" fromText="RCA" toID="E16" toText="showed" type="BEFORE" />
<TLINK id="TL38" fromID="E17" fromText="80% LM lesion" toID="T2" toText="today" type="OVERLAP" />
<TLINK id="TL39" fromID="E18" fromText="CX" toID="E19" toText="RCA" type="OVERLAP" />
<TLINK id="TL4" fromID="E6" fromText="EF" toID="E5" toText="showed" type="OVERLAP" />
<TLINK id="TL40" fromID="E19" fromText="RCA" toID="E18" toText="CX" type="OVERLAP" />
<TLINK id="TL41" fromID="E21" fromText="Transferred" toID="E24" toText="ambulance transfer" type="OVERLAP" />
<TLINK id="TL42" fromID="E21" fromText="Transferred" toID="E26" toText="Transferred" type="OVERLAP" />
<TLINK id="TL43" fromID="E21" fromText="Transferred" toID="E35" toText="transferred" type="OVERLAP" />
<TLINK id="TL44" fromID="E23" fromText="OR" toID="E22" toText="Admitted" type="AFTER" />
<TLINK id="TL45" fromID="E24" fromText="ambulance transfer" toID="E22" toText="Admitted" type="BEFORE" />
<TLINK id="TL46" fromID="E24" fromText="ambulance transfer" toID="E23" toText="OR" type="BEFORE" />
<TLINK id="TL47" fromID="E25" fromText="cabg x3" toID="E23" toText="OR" type="OVERLAP" />
<TLINK id="TL48" fromID="E24" fromText="ambulance transfer" toID="E26" toText="Transferred" type="OVERLAP" />
<TLINK id="TL49" fromID="E24" fromText="ambulance transfer" toID="E35" toText="transferred" type="OVERLAP" />
<TLINK id="TL5" fromID="E7" fromText="perfusion defects" toID="E5" toText="showed" type="BEFORE" />
<TLINK id="TL50" fromID="E24" fromText="ambulance transfer" toID="E25" toText="cabg x3" type="BEFORE" />
<TLINK id="TL51" fromID="E24" fromText="ambulance transfer" toID="T3" toText="x3" type="BEFORE" />
<TLINK id="TL52" fromID="E25" fromText="cabg x3" toID="E24" toText="ambulance transfer" type="OVERLAP" />
<TLINK id="TL53" fromID="E25" fromText="cabg x3" toID="T4" toText="06-13" type="OVERLAP" />
<TLINK id="TL54" fromID="E26" fromText="Transferred" toID="E35" toText="transferred" type="OVERLAP" />
<TLINK id="TL55" fromID="E26" fromText="Transferred" toID="E27" toText="the CSRU" type="OVERLAP" />
<TLINK id="TL56" fromID="E27" fromText="the CSRU" toID="E26" toText="Transferred" type="AFTER" />
<TLINK id="TL57" fromID="E28" fromText="stable condition" toID="E26" toText="Transferred" type="BEFORE" />
<TLINK id="TL58" fromID="E29" fromText="phenylephrine" toID="E26" toText="Transferred" type="AFTER" />
<TLINK id="TL59" fromID="E27" fromText="the CSRU" toID="E28" toText="stable condition" type="OVERLAP" />
<TLINK id="TL6" fromID="E6" fromText="EF" toID="E13" toText="EF" type="OVERLAP" />
<TLINK id="TL60" fromID="E29" fromText="phenylephrine" toID="E27" toText="the CSRU" type="OVERLAP" />
<TLINK id="TL61" fromID="E29" fromText="phenylephrine" toID="E28" toText="stable condition" type="OVERLAP" />
<TLINK id="TL62" fromID="E29" fromText="phenylephrine" toID="E30" toText="propofol drips" type="OVERLAP" />
<TLINK id="TL63" fromID="E30" fromText="propofol drips" toID="E29" toText="phenylephrine" type="OVERLAP" />
<TLINK id="TL64" fromID="E31" fromText="Extubated" toID="E32" toText="chest tubes" type="OVERLAP" />
<TLINK id="TL65" fromID="E32" fromText="chest tubes" toID="E31" toText="Extubated" type="OVERLAP" />
<TLINK id="TL66" fromID="E33" fromText="Gentle diuresis" toID="E34" toText="beta blockade" type="OVERLAP" />
<TLINK id="TL67" fromID="E34" fromText="beta blockade" toID="E33" toText="Gentle diuresis" type="OVERLAP" />
<TLINK id="TL68" fromID="E34" fromText="beta blockade" toID="E35" toText="transferred" type="BEFORE" />
<TLINK id="TL69" fromID="E35" fromText="transferred" toID="E36" toText="the floor" type="OVERLAP" />
<TLINK id="TL7" fromID="E7" fromText="perfusion defects" toID="E6" toText="EF" type="OVERLAP" />
<TLINK id="TL70" fromID="E36" fromText="the floor" toID="E35" toText="transferred" type="AFTER" />
<TLINK id="TL71" fromID="E38" fromText="temp" toID="E37" toText="scattered rales" type="OVERLAP" />
<TLINK id="TL72" fromID="E37" fromText="scattered rales" toID="E38" toText="temp" type="OVERLAP" />
<TLINK id="TL73" fromID="E37" fromText="scattered rales" toID="T5" toText="POD #2" type="OVERLAP" />
<TLINK id="TL74" fromID="E38" fromText="temp" toID="T5" toText="POD #2" type="OVERLAP" />
<TLINK id="TL75" fromID="E39" fromText="Afebrile" toID="T6" toText="the next day" type="OVERLAP" />
<TLINK id="TL76" fromID="E40" fromText="pacing wires" toID="E41" toText="incident" type="OVERLAP" />
<TLINK id="TL77" fromID="E40" fromText="pacing wires" toID="T6" toText="the next day" type="OVERLAP" />
<TLINK id="TL78" fromID="E41" fromText="incident" toID="E40" toText="pacing wires" type="OVERLAP" />
<TLINK id="TL79" fromID="E42" fromText="excellent progress" toID="E43" toText="discharged" type="BEFORE" />
<TLINK id="TL8" fromID="E8" fromText="Echo" toID="E9" toText="scheduled cath" type="OVERLAP" />
<TLINK id="TL80" fromID="E42" fromText="excellent progress" toID="E44" toText="VNA services" type="BEFORE" />
<TLINK id="TL81" fromID="E43" fromText="discharged" toID="E42" toText="excellent progress" type="OVERLAP" />
<TLINK id="TL82" fromID="E43" fromText="discharged" toID="E44" toText="VNA services" type="OVERLAP" />
<TLINK id="TL83" fromID="E43" fromText="discharged" toID="T7" toText="POD #4" type="OVERLAP" />
<TLINK id="TL84" fromID="E44" fromText="VNA services" toID="E43" toText="discharged" type="BEFORE" />
<TLINK id="TL85" fromID="E44" fromText="VNA services" toID="T7" toText="POD #4" type="OVERLAP" />
<TLINK id="TL86" fromID="E45" fromText="follow up" toID="E46" toText="providers" type="OVERLAP" />
<TLINK id="TL87" fromID="E46" fromText="providers" toID="E45" toText="follow up" type="OVERLAP" />
<TLINK id="TL9" fromID="E8" fromText="Echo" toID="E10" toText="showed" type="OVERLAP" />
<TLINK id="SECTIME0" fromID="E38" fromText="temp" toID="T1" toText="2017-06-17" type="BEFORE" />
<TLINK id="SECTIME1" fromID="E39" fromText="Afebrile" toID="T1" toText="2017-06-17" type="BEFORE" />
<TLINK id="SECTIME2" fromID="E40" fromText="pacing wires" toID="T1" toText="2017-06-17" type="BEFORE" />
<TLINK id="SECTIME3" fromID="E41" fromText="incident" toID="T1" toText="2017-06-17" type="BEFORE" />
<TLINK id="SECTIME4" fromID="E42" fromText="excellent progress" toID="T1" toText="2017-06-17" type="BEFORE" />
<TLINK id="SECTIME5" fromID="E43" fromText="discharged" toID="T1" toText="2017-06-17" type="OVERLAP" />
<TLINK id="SECTIME6" fromID="E44" fromText="VNA services" toID="T1" toText="2017-06-17" type="AFTER" />
<TLINK id="SECTIME7" fromID="E45" fromText="follow up" toID="T1" toText="2017-06-17" type="AFTER" />
<TLINK id="SECTIME8" fromID="E46" fromText="providers" toID="T1" toText="2017-06-17" type="BEFORE" />
<TLINK id="SECTIME9" fromID="E2" fromText="abnormal EKG" toID="T0" toText="2017-06-13" type="BEFORE" />
<TLINK id="SECTIME10" fromID="E3" fromText="ventral hernia repair" toID="T0" toText="2017-06-13" type="BEFORE" />
<TLINK id="SECTIME11" fromID="E4" fromText="abnormal stress test" toID="T0" toText="2017-06-13" type="BEFORE" />
<TLINK id="SECTIME12" fromID="E5" fromText="showed" toID="T0" toText="2017-06-13" type="BEFORE" />
<TLINK id="SECTIME13" fromID="E6" fromText="EF" toID="T0" toText="2017-06-13" type="BEFORE" />
<TLINK id="SECTIME14" fromID="E7" fromText="perfusion defects" toID="T0" toText="2017-06-13" type="BEFORE" />
<TLINK id="SECTIME15" fromID="E8" fromText="Echo" toID="T0" toText="2017-06-13" type="BEFORE" />
<TLINK id="SECTIME16" fromID="E9" fromText="scheduled cath" toID="T0" toText="2017-06-13" type="BEFORE" />
<TLINK id="SECTIME17" fromID="E10" fromText="showed" toID="T0" toText="2017-06-13" type="BEFORE" />
<TLINK id="SECTIME18" fromID="E11" fromText="mild LVH" toID="T0" toText="2017-06-13" type="BEFORE" />
<TLINK id="SECTIME19" fromID="E12" fromText="inferior HK" toID="T0" toText="2017-06-13" type="BEFORE" />
<TLINK id="SECTIME20" fromID="E13" fromText="EF" toID="T0" toText="2017-06-13" type="BEFORE" />
<TLINK id="SECTIME21" fromID="E14" fromText="mild MR" toID="T0" toText="2017-06-13" type="BEFORE" />
<TLINK id="SECTIME22" fromID="E15" fromText="mild LAE" toID="T0" toText="2017-06-13" type="BEFORE" />
<TLINK id="SECTIME23" fromID="E16" fromText="showed" toID="T0" toText="2017-06-13" type="BEFORE" />
<TLINK id="SECTIME24" fromID="E17" fromText="80% LM lesion" toID="T0" toText="2017-06-13" type="BEFORE" />
<TLINK id="SECTIME25" fromID="E18" fromText="CX" toID="T0" toText="2017-06-13" type="BEFORE" />
<TLINK id="SECTIME26" fromID="E19" fromText="RCA" toID="T0" toText="2017-06-13" type="BEFORE" />
<TLINK id="SECTIME27" fromID="E20" fromText="Severe systolic HTN" toID="T0" toText="2017-06-13" type="BEFORE" />
<TLINK id="SECTIME28" fromID="E21" fromText="Transferred" toID="T0" toText="2017-06-13" type="AFTER" />
<TLINK id="SECTIME29" fromID="E22" fromText="Admitted" toID="T1" toText="2017-06-17" type="OVERLAP" />
<TLINK id="SECTIME30" fromID="E23" fromText="OR" toID="T1" toText="2017-06-17" type="BEFORE" />
<TLINK id="SECTIME31" fromID="E24" fromText="ambulance transfer" toID="T1" toText="2017-06-17" type="BEFORE" />
<TLINK id="SECTIME32" fromID="E25" fromText="cabg x3" toID="T1" toText="2017-06-17" type="BEFORE" />
<TLINK id="SECTIME33" fromID="E26" fromText="Transferred" toID="T1" toText="2017-06-17" type="BEFORE" />
<TLINK id="SECTIME34" fromID="E27" fromText="the CSRU" toID="T1" toText="2017-06-17" type="BEFORE" />
<TLINK id="SECTIME35" fromID="E28" fromText="stable condition" toID="T1" toText="2017-06-17" type="BEFORE" />
<TLINK id="SECTIME36" fromID="E29" fromText="phenylephrine" toID="T1" toText="2017-06-17" type="BEFORE" />
<TLINK id="SECTIME37" fromID="E30" fromText="propofol drips" toID="T1" toText="2017-06-17" type="BEFORE" />
<TLINK id="SECTIME38" fromID="E31" fromText="Extubated" toID="T1" toText="2017-06-17" type="BEFORE" />
<TLINK id="SECTIME39" fromID="E32" fromText="chest tubes" toID="T1" toText="2017-06-17" type="BEFORE" />
<TLINK id="SECTIME40" fromID="E33" fromText="Gentle diuresis" toID="T1" toText="2017-06-17" type="BEFORE" />
<TLINK id="SECTIME41" fromID="E34" fromText="beta blockade" toID="T1" toText="2017-06-17" type="BEFORE" />
<TLINK id="SECTIME42" fromID="E35" fromText="transferred" toID="T1" toText="2017-06-17" type="BEFORE" />
<TLINK id="SECTIME43" fromID="E36" fromText="the floor" toID="T1" toText="2017-06-17" type="BEFORE" />
<TLINK id="SECTIME44" fromID="E37" fromText="scattered rales" toID="T1" toText="2017-06-17" type="BEFORE" />
<SECTIME id="S0" start="18" end="28" text="2017-06-13" type="ADMISSION" dvalue="2017-06-13" />
<SECTIME id="S1" start="46" end="56" text="2017-06-17" type="DISCHARGE" dvalue="2017-06-17" />
</TAGS>
</ClinicalNarrativeTemporalAnnotation>
