<?xml version="1.0" encoding="UTF-8" ?>
<ClinicalNarrativeTemporalAnnotation>
<TEXT><![CDATA[
Admission Date :
2009-12-28
Discharge Date :
2009-12-31
Service :
NEUROMEDIC
HISTORY OF PRESENT ILLNESS :
Mrs. Wisniewski is a 45-year-old woman with multiple familial cavernous hemangiomas .
She is right-handed .
She was in her usual state of health until one and a half weeks prior to admission .
She developed an ear ache , for which she saw her primary care physician , Evelyn was prescribed cortisone drops .
A few days later she complained of dizziness .
This was mostly described as feeling unsteady on her feet .
She stated that she had trouble knowing if her feet were touching the ground .
She was seen again by primary care physician , Roderick since she had complaints of dizziness , as well as a new complaint of decreased hearing and the sensation of static in her ears , meniere 's disease was considered .
She was given an oral prednisone taper .
This unsteady gait progressed , and then she subsequently started to develop a pins and needle feeling in the face , hands and feet bilaterally .
Her hearing got progressively worse and the sound of static increased .
She was very fatigued .
At an outside hospital , head CT revealed a 1.5 cm diameter hyperdense mass in the pons , slightly off center to the right .
She was transferred here for further care .
HOSPITAL COURSE :
Mrs. Wisniewski is a 45 - year-old woman with a strong family history of cavernous angiomas .
She has had several prior bleeding events and presented with a subacute bleed in the mid to lower pons .
There was relatively central in location , with only a slight right-sided predominance .
Her physical examination remained relatively unchanged , with resolution of the subtle left hand weakness and right facial weakness .
Her gait remained severely ataxic , likely secondary to sensory deafferentation , as well as involvement of crossing pontine cerebellar fibers .
Therefore , it was recommended that she have aggressive Physical Therapy at an Acute Rehabilitation Center .
The case was discussed with Dr. Harold from the Falmouth Hospital .
He has followed this family in the past and will see her in follow-up .
We will arrange to have a copy of the MRI scans sent to him .
]]></TEXT>
<TAGS>
<EVENT id="E0" start="1" end="10" text="Admission" modality="OCCURRENCE" polarity="POS" type="OCCURRENCE" />
<EVENT id="E24" start="1010" end="1021" text="Her hearing" modality="TEST" polarity="POS" type="TEST" />
<EVENT id="E25" start="1040" end="1045" text="worse" modality="OCCURRENCE" polarity="POS" type="OCCURRENCE" />
<EVENT id="E26" start="1063" end="1069" text="static" modality="FACTUAL" polarity="POS" type="PROBLEM" />
<EVENT id="E27" start="1095" end="1103" text="fatigued" modality="FACTUAL" polarity="POS" type="PROBLEM" />
<EVENT id="E28" start="1109" end="1128" text="an outside hospital" modality="CLINICAL_DEPT" polarity="POS" type="CLINICAL_DEPT" />
<EVENT id="E29" start="1131" end="1138" text="head CT" modality="TEST" polarity="POS" type="TEST" />
<EVENT id="E30" start="1139" end="1147" text="revealed" modality="EVIDENTIAL" polarity="POS" type="EVIDENTIAL" />
<EVENT id="E31" start="1148" end="1193" text="a 1.5 cm diameter hyperdense mass in the pons" modality="PROBLEM" polarity="POS" type="PROBLEM" />
<EVENT id="E32" start="1239" end="1250" text="transferred" modality="OCCURRENCE" polarity="POS" type="OCCURRENCE" />
<EVENT id="E33" start="1251" end="1255" text="here" modality="CLINICAL_DEPT" polarity="POS" type="CLINICAL_DEPT" />
<EVENT id="E34" start="1260" end="1272" text="further care" modality="TREATMENT" polarity="POS" type="TREATMENT" />
<EVENT id="E35" start="1366" end="1384" text="cavernous angiomas" modality="PROBLEM" polarity="POS" type="PROBLEM" />
<EVENT id="E36" start="1399" end="1428" text="several prior bleeding events" modality="PROBLEM" polarity="POS" type="PROBLEM" />
<EVENT id="E37" start="1433" end="1442" text="presented" modality="OCCURRENCE" polarity="POS" type="OCCURRENCE" />
<EVENT id="E38" start="1448" end="1489" text="a subacute bleed in the mid to lower pons" modality="PROBLEM" polarity="POS" type="PROBLEM" />
<EVENT id="E2" start="151" end="190" text="multiple familial cavernous hemangiomas" modality="PROBLEM" polarity="POS" type="PROBLEM" />
<EVENT id="E39" start="1502" end="1532" text="relatively central in location" modality="FACTUAL" polarity="POS" type="PROBLEM" />
<EVENT id="E40" start="1554" end="1578" text="right-sided predominance" modality="FACTUAL" polarity="POS" type="PROBLEM" />
<EVENT id="E41" start="1581" end="1605" text="Her physical examination" modality="TEST" polarity="POS" type="TEST" />
<EVENT id="E42" start="1657" end="1686" text="the subtle left hand weakness" modality="PROBLEM" polarity="POS" type="PROBLEM" />
<EVENT id="E43" start="1691" end="1712" text="right facial weakness" modality="PROBLEM" polarity="POS" type="PROBLEM" />
<EVENT id="E44" start="1715" end="1723" text="Her gait" modality="TEST" polarity="POS" type="TEST" />
<EVENT id="E45" start="1733" end="1748" text="severely ataxic" modality="PROBLEM" polarity="POS" type="PROBLEM" />
<EVENT id="E46" start="1771" end="1794" text="sensory deafferentation" modality="PROBLEM" polarity="POS" type="PROBLEM" />
<EVENT id="E47" start="1832" end="1857" text="pontine cerebellar fibers" modality="PROBLEM" polarity="POS" type="PROBLEM" />
<EVENT id="E48" start="1905" end="1932" text="aggressive Physical Therapy" modality="TREATMENT" polarity="POS" type="TREATMENT" />
<EVENT id="E49" start="1982" end="1991" text="discussed" modality="OCCURRENCE" polarity="POS" type="OCCURRENCE" />
<EVENT id="E3" start="200" end="212" text="right-handed" modality="PROBLEM" polarity="POS" type="PROBLEM" />
<EVENT id="E50" start="2013" end="2034" text="the Falmouth Hospital" modality="CLINICAL_DEPT" polarity="POS" type="CLINICAL_DEPT" />
<EVENT id="E51" start="2097" end="2106" text="follow-up" modality="OCCURRENCE" polarity="POS" type="OCCURRENCE" />
<EVENT id="E52" start="2133" end="2156" text="a copy of the MRI scans" modality="TEST" polarity="POS" type="PROBLEM" />
<EVENT id="E4" start="226" end="251" text="her usual state of health" modality="OCCURRENCE" polarity="POS" type="OCCURRENCE" />
<EVENT id="E1" start="29" end="38" text="Discharge" modality="OCCURRENCE" polarity="POS" type="OCCURRENCE" />
<EVENT id="E5" start="288" end="297" text="admission" modality="OCCURRENCE" polarity="POS" type="OCCURRENCE" />
<EVENT id="E6" start="314" end="325" text="an ear ache" modality="PROBLEM" polarity="POS" type="PROBLEM" />
<EVENT id="E7" start="375" end="381" text="Evelyn" modality="TREATMENT" polarity="POS" type="TREATMENT" />
<EVENT id="E8" start="397" end="412" text="cortisone drops" modality="TREATMENT" polarity="POS" type="PROBLEM" />
<EVENT id="E9" start="436" end="446" text="complained" modality="EVIDENTIAL" polarity="POS" type="EVIDENTIAL" />
<EVENT id="E10" start="450" end="459" text="dizziness" modality="PROBLEM" polarity="POS" type="PROBLEM" />
<EVENT id="E11" start="478" end="487" text="described" modality="EVIDENTIAL" polarity="POS" type="EVIDENTIAL" />
<EVENT id="E12" start="499" end="519" text="unsteady on her feet" modality="FACTUAL" polarity="POS" type="PROBLEM" />
<EVENT id="E13" start="526" end="532" text="stated" modality="EVIDENTIAL" polarity="POS" type="EVIDENTIAL" />
<EVENT id="E14" start="546" end="553" text="trouble" modality="OCCURRENCE" polarity="POS" type="PROBLEM" />
<EVENT id="E15" start="648" end="656" text="Roderick" modality="FACTUAL" polarity="POS" type="TREATMENT" />
<EVENT id="E16" start="671" end="681" text="complaints" modality="EVIDENTIAL" polarity="POS" type="EVIDENTIAL" />
<EVENT id="E17" start="685" end="694" text="dizziness" modality="PROBLEM" polarity="POS" type="PROBLEM" />
<EVENT id="E18" start="727" end="744" text="decreased hearing" modality="PROBLEM" polarity="POS" type="PROBLEM" />
<EVENT id="E19" start="766" end="784" text="static in her ears" modality="PROBLEM" polarity="POS" type="PROBLEM" />
<EVENT id="E20" start="787" end="805" text="meniere 's disease" modality="PROBLEM" polarity="POS" type="PROBLEM" />
<EVENT id="E21" start="837" end="861" text="an oral prednisone taper" modality="TREATMENT" polarity="POS" type="TREATMENT" />
<EVENT id="E22" start="864" end="893" text="This unsteady gait progressed" modality="PROBLEM" polarity="POS" type="PROBLEM" />
<EVENT id="E23" start="941" end="1007" text="a pins and needle feeling in the face , hands and feet bilaterally" modality="PROBLEM" polarity="POS" type="PROBLEM" />
<TIMEX3 id="T0" start="18" end="28" text="2009-12-28" type="DATE" val="2009-12-28" mod="NA" />
<TIMEX3 id="T2" start="258" end="278" text="one and a half weeks" type="DURATION" val="P1W" mod="APPROX" />
<TIMEX3 id="T3" start="415" end="425" text="A few days" type="DATE" val="A few days" mod="NA" />
<TIMEX3 id="T1" start="46" end="56" text="2009-12-31" type="DATE" val="2009-12-31" mod="NA" />
<TLINK id="TL0" fromID="E0" fromText="Admission" toID="E5" toText="admission" type="OVERLAP" />
<TLINK id="TL1" fromID="E35" fromText="cavernous angiomas" toID="E2" toText="multiple familial cavernous hemangiomas" type="OVERLAP" />
<TLINK id="TL10" fromID="E10" fromText="dizziness" toID="E17" toText="dizziness" type="OVERLAP" />
<TLINK id="TL11" fromID="E12" fromText="unsteady on her feet" toID="E11" toText="described" type="BEFORE" />
<TLINK id="TL12" fromID="E12" fromText="unsteady on her feet" toID="E22" toText="This unsteady gait progressed" type="OVERLAP" />
<TLINK id="TL13" fromID="E12" fromText="unsteady on her feet" toID="E23" toText="a pins and needle feeling in the face , hands and feet bilaterally" type="OVERLAP" />
<TLINK id="TL14" fromID="E14" fromText="trouble" toID="E13" toText="stated" type="BEFORE" />
<TLINK id="TL15" fromID="E16" fromText="complaints" toID="E15" toText="Roderick" type="OVERLAP" />
<TLINK id="TL16" fromID="E17" fromText="dizziness" toID="E15" toText="Roderick" type="BEFORE" />
<TLINK id="TL17" fromID="E15" fromText="Roderick" toID="E16" toText="complaints" type="OVERLAP" />
<TLINK id="TL18" fromID="E16" fromText="complaints" toID="E17" toText="dizziness" type="OVERLAP" />
<TLINK id="TL19" fromID="E17" fromText="dizziness" toID="E16" toText="complaints" type="BEFORE" />
<TLINK id="TL2" fromID="E42" fromText="the subtle left hand weakness" toID="E3" toText="right-handed" type="OVERLAP" />
<TLINK id="TL20" fromID="E18" fromText="decreased hearing" toID="E16" toText="complaints" type="BEFORE" />
<TLINK id="TL21" fromID="E19" fromText="static in her ears" toID="E16" toText="complaints" type="BEFORE" />
<TLINK id="TL22" fromID="E20" fromText="meniere 's disease" toID="E16" toText="complaints" type="BEFORE" />
<TLINK id="TL23" fromID="E17" fromText="dizziness" toID="E18" toText="decreased hearing" type="OVERLAP" />
<TLINK id="TL24" fromID="E17" fromText="dizziness" toID="E20" toText="meniere 's disease" type="OVERLAP" />
<TLINK id="TL25" fromID="E18" fromText="decreased hearing" toID="E17" toText="dizziness" type="OVERLAP" />
<TLINK id="TL26" fromID="E19" fromText="static in her ears" toID="E17" toText="dizziness" type="OVERLAP" />
<TLINK id="TL27" fromID="E24" fromText="Her hearing" toID="E18" toText="decreased hearing" type="OVERLAP" />
<TLINK id="TL28" fromID="E18" fromText="decreased hearing" toID="E19" toText="static in her ears" type="OVERLAP" />
<TLINK id="TL29" fromID="E18" fromText="decreased hearing" toID="E20" toText="meniere 's disease" type="OVERLAP" />
<TLINK id="TL3" fromID="E4" fromText="her usual state of health" toID="T2" toText="one and a half weeks" type="OVERLAP" />
<TLINK id="TL30" fromID="E19" fromText="static in her ears" toID="E18" toText="decreased hearing" type="OVERLAP" />
<TLINK id="TL31" fromID="E26" fromText="static" toID="E19" toText="static in her ears" type="OVERLAP" />
<TLINK id="TL32" fromID="E19" fromText="static in her ears" toID="E20" toText="meniere 's disease" type="OVERLAP" />
<TLINK id="TL33" fromID="E20" fromText="meniere 's disease" toID="E19" toText="static in her ears" type="OVERLAP" />
<TLINK id="TL34" fromID="E44" fromText="Her gait" toID="E22" toText="This unsteady gait progressed" type="OVERLAP" />
<TLINK id="TL35" fromID="E24" fromText="Her hearing" toID="E25" toText="worse" type="OVERLAP" />
<TLINK id="TL36" fromID="E25" fromText="worse" toID="E24" toText="Her hearing" type="OVERLAP" />
<TLINK id="TL37" fromID="E28" fromText="an outside hospital" toID="E50" toText="the Falmouth Hospital" type="OVERLAP" />
<TLINK id="TL38" fromID="E28" fromText="an outside hospital" toID="E29" toText="head CT" type="OVERLAP" />
<TLINK id="TL39" fromID="E28" fromText="an outside hospital" toID="E30" toText="revealed" type="OVERLAP" />
<TLINK id="TL4" fromID="E5" fromText="admission" toID="T2" toText="one and a half weeks" type="OVERLAP" />
<TLINK id="TL40" fromID="E29" fromText="head CT" toID="E28" toText="an outside hospital" type="OVERLAP" />
<TLINK id="TL41" fromID="E30" fromText="revealed" toID="E28" toText="an outside hospital" type="OVERLAP" />
<TLINK id="TL42" fromID="E31" fromText="a 1.5 cm diameter hyperdense mass in the pons" toID="E28" toText="an outside hospital" type="BEFORE" />
<TLINK id="TL43" fromID="E29" fromText="head CT" toID="E30" toText="revealed" type="OVERLAP" />
<TLINK id="TL44" fromID="E29" fromText="head CT" toID="E31" toText="a 1.5 cm diameter hyperdense mass in the pons" type="OVERLAP" />
<TLINK id="TL45" fromID="E30" fromText="revealed" toID="E29" toText="head CT" type="OVERLAP" />
<TLINK id="TL46" fromID="E31" fromText="a 1.5 cm diameter hyperdense mass in the pons" toID="E29" toText="head CT" type="BEFORE" />
<TLINK id="TL47" fromID="E31" fromText="a 1.5 cm diameter hyperdense mass in the pons" toID="E30" toText="revealed" type="BEFORE" />
<TLINK id="TL48" fromID="E31" fromText="a 1.5 cm diameter hyperdense mass in the pons" toID="E38" toText="a subacute bleed in the mid to lower pons" type="OVERLAP" />
<TLINK id="TL49" fromID="E32" fromText="transferred" toID="E34" toText="further care" type="OVERLAP" />
<TLINK id="TL5" fromID="E7" fromText="Evelyn" toID="E8" toText="cortisone drops" type="OVERLAP" />
<TLINK id="TL50" fromID="E33" fromText="here" toID="E32" toText="transferred" type="AFTER" />
<TLINK id="TL51" fromID="E34" fromText="further care" toID="E32" toText="transferred" type="AFTER" />
<TLINK id="TL52" fromID="E33" fromText="here" toID="E34" toText="further care" type="OVERLAP" />
<TLINK id="TL53" fromID="E34" fromText="further care" toID="E33" toText="here" type="OVERLAP" />
<TLINK id="TL54" fromID="E36" fromText="several prior bleeding events" toID="E38" toText="a subacute bleed in the mid to lower pons" type="OVERLAP" />
<TLINK id="TL55" fromID="E36" fromText="several prior bleeding events" toID="E37" toText="presented" type="OVERLAP" />
<TLINK id="TL56" fromID="E37" fromText="presented" toID="E36" toText="several prior bleeding events" type="OVERLAP" />
<TLINK id="TL57" fromID="E38" fromText="a subacute bleed in the mid to lower pons" toID="E36" toText="several prior bleeding events" type="OVERLAP" />
<TLINK id="TL58" fromID="E37" fromText="presented" toID="E38" toText="a subacute bleed in the mid to lower pons" type="OVERLAP" />
<TLINK id="TL59" fromID="E38" fromText="a subacute bleed in the mid to lower pons" toID="E37" toText="presented" type="OVERLAP" />
<TLINK id="TL6" fromID="E8" fromText="cortisone drops" toID="E7" toText="Evelyn" type="OVERLAP" />
<TLINK id="TL60" fromID="E41" fromText="Her physical examination" toID="E48" toText="aggressive Physical Therapy" type="OVERLAP" />
<TLINK id="TL61" fromID="E42" fromText="the subtle left hand weakness" toID="E41" toText="Her physical examination" type="BEFORE" />
<TLINK id="TL62" fromID="E42" fromText="the subtle left hand weakness" toID="E43" toText="right facial weakness" type="OVERLAP" />
<TLINK id="TL63" fromID="E43" fromText="right facial weakness" toID="E42" toText="the subtle left hand weakness" type="OVERLAP" />
<TLINK id="TL64" fromID="E44" fromText="Her gait" toID="E45" toText="severely ataxic" type="OVERLAP" />
<TLINK id="TL65" fromID="E45" fromText="severely ataxic" toID="E44" toText="Her gait" type="OVERLAP" />
<TLINK id="TL66" fromID="E46" fromText="sensory deafferentation" toID="E44" toText="Her gait" type="BEFORE" />
<TLINK id="TL67" fromID="E45" fromText="severely ataxic" toID="E46" toText="sensory deafferentation" type="OVERLAP" />
<TLINK id="TL68" fromID="E45" fromText="severely ataxic" toID="E47" toText="pontine cerebellar fibers" type="OVERLAP" />
<TLINK id="TL69" fromID="E46" fromText="sensory deafferentation" toID="E45" toText="severely ataxic" type="OVERLAP" />
<TLINK id="TL7" fromID="E9" fromText="complained" toID="E10" toText="dizziness" type="OVERLAP" />
<TLINK id="TL70" fromID="E46" fromText="sensory deafferentation" toID="E47" toText="pontine cerebellar fibers" type="OVERLAP" />
<TLINK id="TL71" fromID="E47" fromText="pontine cerebellar fibers" toID="E46" toText="sensory deafferentation" type="OVERLAP" />
<TLINK id="TL72" fromID="E50" fromText="the Falmouth Hospital" toID="E49" toText="discussed" type="AFTER" />
<TLINK id="TL8" fromID="E9" fromText="complained" toID="T3" toText="A few days" type="OVERLAP" />
<TLINK id="TL9" fromID="E10" fromText="dizziness" toID="E9" toText="complained" type="BEFORE" />
<TLINK id="SECTIME0" fromID="E24" fromText="Her hearing" toID="T0" toText="2009-12-28" type="BEFORE" />
<TLINK id="SECTIME1" fromID="E25" fromText="worse" toID="T0" toText="2009-12-28" type="BEFORE" />
<TLINK id="SECTIME2" fromID="E26" fromText="static" toID="T0" toText="2009-12-28" type="BEFORE" />
<TLINK id="SECTIME3" fromID="E27" fromText="fatigued" toID="T0" toText="2009-12-28" type="BEFORE" />
<TLINK id="SECTIME4" fromID="E28" fromText="an outside hospital" toID="T0" toText="2009-12-28" type="BEFORE" />
<TLINK id="SECTIME5" fromID="E29" fromText="head CT" toID="T0" toText="2009-12-28" type="BEFORE" />
<TLINK id="SECTIME6" fromID="E30" fromText="revealed" toID="T0" toText="2009-12-28" type="BEFORE" />
<TLINK id="SECTIME7" fromID="E31" fromText="a 1.5 cm diameter hyperdense mass in the pons" toID="T0" toText="2009-12-28" type="BEFORE" />
<TLINK id="SECTIME8" fromID="E32" fromText="transferred" toID="T0" toText="2009-12-28" type="BEFORE" />
<TLINK id="SECTIME9" fromID="E33" fromText="here" toID="T0" toText="2009-12-28" type="BEFORE" />
<TLINK id="SECTIME10" fromID="E34" fromText="further care" toID="T0" toText="2009-12-28" type="OVERLAP" />
<TLINK id="SECTIME11" fromID="E35" fromText="cavernous angiomas" toID="T1" toText="2009-12-31" type="BEFORE" />
<TLINK id="SECTIME12" fromID="E36" fromText="several prior bleeding events" toID="T1" toText="2009-12-31" type="BEFORE" />
<TLINK id="SECTIME13" fromID="E37" fromText="presented" toID="T1" toText="2009-12-31" type="BEFORE" />
<TLINK id="SECTIME14" fromID="E38" fromText="a subacute bleed in the mid to lower pons" toID="T1" toText="2009-12-31" type="BEFORE" />
<TLINK id="SECTIME15" fromID="E2" fromText="multiple familial cavernous hemangiomas" toID="T0" toText="2009-12-28" type="BEFORE" />
<TLINK id="SECTIME16" fromID="E39" fromText="relatively central in location" toID="T1" toText="2009-12-31" type="BEFORE" />
<TLINK id="SECTIME17" fromID="E40" fromText="right-sided predominance" toID="T1" toText="2009-12-31" type="BEFORE" />
<TLINK id="SECTIME18" fromID="E41" fromText="Her physical examination" toID="T1" toText="2009-12-31" type="BEFORE" />
<TLINK id="SECTIME19" fromID="E42" fromText="the subtle left hand weakness" toID="T1" toText="2009-12-31" type="BEFORE" />
<TLINK id="SECTIME20" fromID="E43" fromText="right facial weakness" toID="T1" toText="2009-12-31" type="BEFORE" />
<TLINK id="SECTIME21" fromID="E44" fromText="Her gait" toID="T1" toText="2009-12-31" type="BEFORE" />
<TLINK id="SECTIME22" fromID="E45" fromText="severely ataxic" toID="T1" toText="2009-12-31" type="BEFORE" />
<TLINK id="SECTIME23" fromID="E46" fromText="sensory deafferentation" toID="T1" toText="2009-12-31" type="BEFORE" />
<TLINK id="SECTIME24" fromID="E47" fromText="pontine cerebellar fibers" toID="T1" toText="2009-12-31" type="BEFORE" />
<TLINK id="SECTIME25" fromID="E48" fromText="aggressive Physical Therapy" toID="T1" toText="2009-12-31" type="AFTER" />
<TLINK id="SECTIME26" fromID="E49" fromText="discussed" toID="T1" toText="2009-12-31" type="BEFORE" />
<TLINK id="SECTIME27" fromID="E3" fromText="right-handed" toID="T0" toText="2009-12-28" type="BEFORE" />
<TLINK id="SECTIME28" fromID="E50" fromText="the Falmouth Hospital" toID="T1" toText="2009-12-31" type="AFTER" />
<TLINK id="SECTIME29" fromID="E51" fromText="follow-up" toID="T1" toText="2009-12-31" type="BEFORE" />
<TLINK id="SECTIME30" fromID="E52" fromText="a copy of the MRI scans" toID="T1" toText="2009-12-31" type="BEFORE" />
<TLINK id="SECTIME31" fromID="E4" fromText="her usual state of health" toID="T0" toText="2009-12-28" type="BEFORE" />
<TLINK id="SECTIME32" fromID="E5" fromText="admission" toID="T0" toText="2009-12-28" type="OVERLAP" />
<TLINK id="SECTIME33" fromID="E6" fromText="an ear ache" toID="T0" toText="2009-12-28" type="BEFORE" />
<TLINK id="SECTIME34" fromID="E7" fromText="Evelyn" toID="T0" toText="2009-12-28" type="BEFORE" />
<TLINK id="SECTIME35" fromID="E8" fromText="cortisone drops" toID="T0" toText="2009-12-28" type="BEFORE" />
<TLINK id="SECTIME36" fromID="E9" fromText="complained" toID="T0" toText="2009-12-28" type="BEFORE" />
<TLINK id="SECTIME37" fromID="E10" fromText="dizziness" toID="T0" toText="2009-12-28" type="BEFORE" />
<TLINK id="SECTIME38" fromID="E11" fromText="described" toID="T0" toText="2009-12-28" type="BEFORE" />
<TLINK id="SECTIME39" fromID="E12" fromText="unsteady on her feet" toID="T0" toText="2009-12-28" type="BEFORE" />
<TLINK id="SECTIME40" fromID="E13" fromText="stated" toID="T0" toText="2009-12-28" type="OVERLAP" />
<TLINK id="SECTIME41" fromID="E14" fromText="trouble" toID="T0" toText="2009-12-28" type="BEFORE" />
<TLINK id="SECTIME42" fromID="E15" fromText="Roderick" toID="T0" toText="2009-12-28" type="BEFORE" />
<TLINK id="SECTIME43" fromID="E16" fromText="complaints" toID="T0" toText="2009-12-28" type="OVERLAP" />
<TLINK id="SECTIME44" fromID="E17" fromText="dizziness" toID="T0" toText="2009-12-28" type="BEFORE" />
<TLINK id="SECTIME45" fromID="E18" fromText="decreased hearing" toID="T0" toText="2009-12-28" type="BEFORE" />
<TLINK id="SECTIME46" fromID="E19" fromText="static in her ears" toID="T0" toText="2009-12-28" type="BEFORE" />
<TLINK id="SECTIME47" fromID="E20" fromText="meniere 's disease" toID="T0" toText="2009-12-28" type="BEFORE" />
<TLINK id="SECTIME48" fromID="E21" fromText="an oral prednisone taper" toID="T0" toText="2009-12-28" type="BEFORE" />
<TLINK id="SECTIME49" fromID="E22" fromText="This unsteady gait progressed" toID="T0" toText="2009-12-28" type="BEFORE" />
<TLINK id="SECTIME50" fromID="E23" fromText="a pins and needle feeling in the face , hands and feet bilaterally" toID="T0" toText="2009-12-28" type="BEFORE" />
<SECTIME id="S0" start="18" end="28" text="2009-12-28" type="ADMISSION" dvalue="2009-12-28" />
<SECTIME id="S1" start="46" end="56" text="2009-12-31" type="DISCHARGE" dvalue="2009-12-31" />
</TAGS>
</ClinicalNarrativeTemporalAnnotation>
