<?xml version="1.0" encoding="UTF-8" ?>
<ClinicalNarrativeTemporalAnnotation>
<TEXT><![CDATA[
Admission Date :
2015-10-10
Discharge Date :
2015-10-21
Service :
CMED CSRU
History of Present Illness :
_62 year-old status-post gastric bypass and laprascopic cholecystectomy 7 weeks prior to admission who presented with fever , chills , and left lower extemity redness .
The patient has a history of multiple hospitalizations for lower extremity cellulitis and noted that his symptoms and the appearance of his left leg mirrored previous episodes .
He denied recent trauma to the area or travel .
Review of systems was significant only for painful urination over the past few days and a reduction in urine output .
He denied chest pain , shortness of breath , palpitations , abdominal pain , N/V , penile discharge .
Brief Hospital Course :
This 62 year-old obese male was admitted with cellulitis and presumed bacteremia .
In the John , he was found to be in hypotensive atrial fibrillation .
The patient was admitted to the Medical ICU where his hypotension was managed with IVF hydration and he was maintained on a diltiazam drip for atrial fibrillation .
After his heart rate was controlled , he was transitioned to oral medications and transferred to the medicine service .
1. Cellulitis / Bacteremia
Review of the medical record revealed several previous admissions for cellulitis and bacteremia .
Blood cultures on this admission and were positive for Beta streptococcus Group B .
The patient had previous episodes of the same infection , with lower extremity cellulitis the likely source .
A left lower extremity ultrasound was negative for deep venous thrombosis .
The patient was too large to have a CTA .
He was initially treated with vancomycin and zosyn while awaiting culture results .
Once the organism was identified , he was transitioned to a regimen of intravenous penicillin and oral levofloxacin , which had successfully treated the infection during his most recent admission 1 year prior .
He completed 7 days of levofloxacin and had a PICC line placed to facilitate a 2 week course of IV Penicillin .
2. Atrial fibrillation
The patient 's development of atrial fibrillation was believed to be secondary to infection and structural heart disease .
It was initially managed with intravenous diltiazam , and it was later managed with metoprolol and anticoagulation .
A transthoracic echocardiogram showed a mildly dilated and elongated left atrium , with a markedly dilated right atrium .
He had occasional episodes of rapid atrial fibrillation that were controlled with responded to IV metoprolol .
However , his rate proved difficult to control despite metoprolol and diltiazam .
The EP service was consulted and recommended transesophageal echocardiogram and cardioversion .
The TEE was negative for thrombus and the patient was successfully cardioverted to normal sinus rhythm with ibutilide .
He was subsequently started on amiodarone and is scheduled to complete a 10 week course .
EKG before discharge showed mild QT prolongation and no effect from amiodarone .
EKG and LFTs should be monitored by his PCP , William given the high dose of amiodarone he will receive .
3. FEN
He was followed by the nutrition team throughout his admission and their recommendations were followed .
He demonstrated several asymptomatic electrolyte deficiecies ; these were likely due to inadequate absorption following his surgery and he responded well to repletion .
Vitamin D and parathyroid tests were pending at the time of discharge .
The patient was discharged to Kindred Park View Specialty Hospital of Springfield Rehabilitation Hospital in good condition .
He was sent with a King of Hearts monitor and scheduled for follow-up with cardiology and his primary care physician .

]]></TEXT>
<TAGS>
<EVENT id="E1" start="3481" end="3488" text="Kindred Park View Specialty Hospital of Springfield Rehabilitation Hospital" modality="FACTUAL" polarity="POS" type="CLINICAL_DEPT" />
<EVENT id="E2" start="926" end="929" text="the Medical ICU" modality="FACTUAL" polarity="POS" type="CLINICAL_DEPT" />
<EVENT id="E3" start="831" end="834" text="the John" modality="FACTUAL" polarity="POS" type="CLINICAL_DEPT" />
<EVENT id="E4" start="3028" end="3031" text="his PCP" modality="FACTUAL" polarity="POS" type="CLINICAL_DEPT" />
<EVENT id="E5" start="1160" end="1163" text="the medicine service" modality="FACTUAL" polarity="POS" type="CLINICAL_DEPT" />
<EVENT id="E6" start="2932" end="2938" text="showed" modality="FACTUAL" polarity="POS" type="EVIDENTIAL" />
<EVENT id="E7" start="2321" end="2327" text="showed" modality="FACTUAL" polarity="POS" type="EVIDENTIAL" />
<EVENT id="E8" start="3213" end="3225" text="demonstrated" modality="FACTUAL" polarity="POS" type="EVIDENTIAL" />
<EVENT id="E9" start="456" end="462" text="denied" modality="FACTUAL" polarity="POS" type="EVIDENTIAL" />
<EVENT id="E10" start="365" end="370" text="noted" modality="FACTUAL" polarity="POS" type="EVIDENTIAL" />
<EVENT id="E11" start="1239" end="1247" text="revealed" modality="FACTUAL" polarity="POS" type="EVIDENTIAL" />
<EVENT id="E12" start="622" end="628" text="denied" modality="FACTUAL" polarity="POS" type="EVIDENTIAL" />
<EVENT id="E13" start="209" end="218" text="presented" modality="FACTUAL" polarity="POS" type="EVIDENTIAL" />
<EVENT id="E14" start="1746" end="1758" text="transitioned" modality="FACTUAL" polarity="POS" type="OCCURRENCE" />
<EVENT id="E15" start="1874" end="1877" text="his most recent admission" modality="FACTUAL" polarity="POS" type="OCCURRENCE" />
<EVENT id="E16" start="1256" end="1264" text="previous admissions" modality="FACTUAL" polarity="POS" type="OCCURRENCE" />
<EVENT id="E17" start="2922" end="2931" text="discharge" modality="FACTUAL" polarity="POS" type="OCCURRENCE" />
<EVENT id="E18" start="3112" end="3120" text="followed" modality="FACTUAL" polarity="POS" type="OCCURRENCE" />
<EVENT id="E19" start="2624" end="2633" text="consulted" modality="FACTUAL" polarity="POS" type="OCCURRENCE" />
<EVENT id="E20" start="2781" end="2783" text="to normal sinus rhythm" modality="FACTUAL" polarity="POS" type="OCCURRENCE" />
<EVENT id="E21" start="3172" end="3177" text="their recommendations" modality="FACTUAL" polarity="POS" type="OCCURRENCE" />
<EVENT id="E22" start="3199" end="3207" text="followed" modality="FACTUAL" polarity="POS" type="OCCURRENCE" />
<EVENT id="E23" start="3138" end="3142" text="team" modality="FACTUAL" polarity="POS" type="OCCURRENCE" />
<EVENT id="E24" start="3154" end="3157" text="his admission" modality="FACTUAL" polarity="POS" type="OCCURRENCE" />
<EVENT id="E25" start="3467" end="3477" text="discharged" modality="FACTUAL" polarity="POS" type="OCCURRENCE" />
<EVENT id="E26" start="3560" end="3564" text="good condition" modality="FACTUAL" polarity="POS" type="OCCURRENCE" />
<EVENT id="E27" start="3349" end="3358" text="responded well" modality="FACTUAL" polarity="POS" type="OCCURRENCE" />
<EVENT id="E28" start="3439" end="3448" text="discharge" modality="FACTUAL" polarity="POS" type="OCCURRENCE" />
<EVENT id="E29" start="29" end="38" text="Discharge" modality="FACTUAL" polarity="POS" type="OCCURRENCE" />
<EVENT id="E30" start="1" end="10" text="Admission" modality="FACTUAL" polarity="POS" type="OCCURRENCE" />
<EVENT id="E31" start="304" end="312" text="multiple hospitalizations" modality="FACTUAL" polarity="POS" type="OCCURRENCE" />
<EVENT id="E32" start="209" end="218" text="presented" modality="FACTUAL" polarity="POS" type="OCCURRENCE" />
<EVENT id="E33" start="195" end="204" text="admission" modality="FACTUAL" polarity="POS" type="OCCURRENCE" />
<EVENT id="E34" start="1145" end="1156" text="transferred" modality="FACTUAL" polarity="POS" type="OCCURRENCE" />
<EVENT id="E35" start="1108" end="1120" text="transitioned" modality="FACTUAL" polarity="POS" type="OCCURRENCE" />
<EVENT id="E36" start="914" end="922" text="admitted" modality="FACTUAL" polarity="POS" type="OCCURRENCE" />
<EVENT id="E37" start="777" end="785" text="admitted" modality="FACTUAL" polarity="POS" type="OCCURRENCE" />
<EVENT id="E38" start="1326" end="1330" text="this admission" modality="FACTUAL" polarity="POS" type="OCCURRENCE" />
<EVENT id="E39" start="3637" end="3643" text="follow-up" modality="FACTUAL" polarity="POS" type="OCCURRENCE" />
<EVENT id="E40" start="245" end="249" text="left lower extemity redness" modality="FACTUAL" polarity="POS" type="PROBLEM" />
<EVENT id="E41" start="334" end="339" text="lower extremity cellulitis" modality="FACTUAL" polarity="POS" type="PROBLEM" />
<EVENT id="E42" start="224" end="229" text="fever" modality="FACTUAL" polarity="POS" type="PROBLEM" />
<EVENT id="E43" start="232" end="238" text="chills" modality="FACTUAL" polarity="POS" type="PROBLEM" />
<EVENT id="E44" start="463" end="469" text="recent trauma to the area" modality="FACTUAL" polarity="POS" type="PROBLEM" />
<EVENT id="E45" start="544" end="551" text="painful urination" modality="FACTUAL" polarity="POS" type="PROBLEM" />
<EVENT id="E46" start="376" end="379" text="his symptoms" modality="FACTUAL" polarity="POS" type="PROBLEM" />
<EVENT id="E47" start="433" end="441" text="previous episodes" modality="FACTUAL" polarity="POS" type="PROBLEM" />
<EVENT id="E48" start="642" end="651" text="shortness of breath" modality="FACTUAL" polarity="POS" type="PROBLEM" />
<EVENT id="E49" start="664" end="676" text="palpitations" modality="FACTUAL" polarity="POS" type="PROBLEM" />
<EVENT id="E50" start="589" end="590" text="a reduction in urine output" modality="FACTUAL" polarity="POS" type="PROBLEM" />
<EVENT id="E51" start="629" end="634" text="chest pain" modality="FACTUAL" polarity="POS" type="PROBLEM" />
<EVENT id="E52" start="1853" end="1856" text="the infection" modality="FACTUAL" polarity="POS" type="PROBLEM" />
<EVENT id="E53" start="2030" end="2036" text="Atrial fibrillation" modality="FACTUAL" polarity="POS" type="PROBLEM" />
<EVENT id="E54" start="2080" end="2086" text="atrial fibrillation" modality="FACTUAL" polarity="POS" type="PROBLEM" />
<EVENT id="E55" start="2132" end="2141" text="infection" modality="FACTUAL" polarity="POS" type="PROBLEM" />
<EVENT id="E56" start="2146" end="2156" text="structural heart disease" modality="FACTUAL" polarity="POS" type="PROBLEM" />
<EVENT id="E57" start="2328" end="2329" text="a mildly dilated and elongated" modality="FACTUAL" polarity="POS" type="PROBLEM" />
<EVENT id="E58" start="2364" end="2370" text="atrium" modality="FACTUAL" polarity="POS" type="PROBLEM" />
<EVENT id="E59" start="2378" end="2379" text="a markedly dilated right atrium" modality="FACTUAL" polarity="POS" type="PROBLEM" />
<EVENT id="E60" start="2442" end="2447" text="rapid atrial fibrillation" modality="FACTUAL" polarity="POS" type="PROBLEM" />
<EVENT id="E61" start="2726" end="2734" text="thrombus" modality="FACTUAL" polarity="POS" type="PROBLEM" />
<EVENT id="E62" start="2939" end="2943" text="mild QT prolongation" modality="FACTUAL" polarity="POS" type="PROBLEM" />
<EVENT id="E63" start="2967" end="2973" text="effect" modality="FACTUAL" polarity="POS" type="PROBLEM" />
<EVENT id="E64" start="3226" end="3233" text="several asymptomatic" modality="FACTUAL" polarity="POS" type="PROBLEM" />
<EVENT id="E65" start="1709" end="1712" text="the organism" modality="FACTUAL" polarity="POS" type="PROBLEM" />
<EVENT id="E66" start="696" end="697" text="N/V" modality="FACTUAL" polarity="POS" type="PROBLEM" />
<EVENT id="E67" start="679" end="688" text="abdominal pain" modality="FACTUAL" polarity="POS" type="PROBLEM" />
<EVENT id="E68" start="791" end="801" text="cellulitis" modality="FACTUAL" polarity="POS" type="PROBLEM" />
<EVENT id="E69" start="702" end="708" text="penile discharge" modality="FACTUAL" polarity="POS" type="PROBLEM" />
<EVENT id="E70" start="864" end="875" text="hypotensive atrial fibrillation" modality="FACTUAL" polarity="POS" type="PROBLEM" />
<EVENT id="E71" start="815" end="825" text="bacteremia" modality="FACTUAL" polarity="POS" type="PROBLEM" />
<EVENT id="E72" start="1041" end="1047" text="atrial fibrillation" modality="FACTUAL" polarity="POS" type="PROBLEM" />
<EVENT id="E73" start="948" end="951" text="his hypotension" modality="FACTUAL" polarity="POS" type="PROBLEM" />
<EVENT id="E74" start="1280" end="1290" text="cellulitis" modality="FACTUAL" polarity="POS" type="PROBLEM" />
<EVENT id="E75" start="1186" end="1196" text="Cellulitis / Bacteremia" modality="FACTUAL" polarity="POS" type="PROBLEM" />
<EVENT id="E76" start="1363" end="1367" text="Beta streptococcus Group B" modality="FACTUAL" polarity="POS" type="PROBLEM" />
<EVENT id="E77" start="1295" end="1305" text="bacteremia" modality="FACTUAL" polarity="POS" type="PROBLEM" />
<EVENT id="E78" start="1455" end="1460" text="lower extremity cellulitis" modality="FACTUAL" polarity="POS" type="PROBLEM" />
<EVENT id="E79" start="1429" end="1432" text="the same infection" modality="FACTUAL" polarity="POS" type="PROBLEM" />
<EVENT id="E80" start="1553" end="1557" text="deep venous thrombosis" modality="FACTUAL" polarity="POS" type="PROBLEM" />
<EVENT id="E81" start="1686" end="1693" text="culture" modality="FACTUAL" polarity="POS" type="TEST" />
<EVENT id="E82" start="2290" end="2291" text="A transthoracic echocardiogram" modality="FACTUAL" polarity="POS" type="TEST" />
<EVENT id="E83" start="501" end="507" text="Review of systems" modality="FACTUAL" polarity="POS" type="TEST" />
<EVENT id="E84" start="1308" end="1313" text="Blood cultures" modality="FACTUAL" polarity="POS" type="TEST" />
<EVENT id="E85" start="1069" end="1072" text="his heart rate" modality="FACTUAL" polarity="POS" type="TEST" />
<EVENT id="E86" start="2992" end="2995" text="EKG" modality="FACTUAL" polarity="POS" type="TEST" />
<EVENT id="E87" start="2911" end="2914" text="EKG" modality="FACTUAL" polarity="POS" type="TEST" />
<EVENT id="E88" start="2701" end="2704" text="The TEE" modality="FACTUAL" polarity="POS" type="TEST" />
<EVENT id="E89" start="2650" end="2665" text="transesophageal echocardiogram" modality="FACTUAL" polarity="POS" type="TEST" />
<EVENT id="E90" start="1502" end="1503" text="A left lower extremity ultrasound" modality="FACTUAL" polarity="POS" type="TEST" />
<EVENT id="E91" start="3387" end="3388" text="D and parathyroid tests" modality="FACTUAL" polarity="POS" type="TEST" />
<EVENT id="E92" start="3000" end="3004" text="LFTs" modality="FACTUAL" polarity="POS" type="TEST" />
<EVENT id="E93" start="3594" end="3595" text="a King of Hearts monitor" modality="FACTUAL" polarity="POS" type="TEST" />
<EVENT id="E94" start="2203" end="2214" text="intravenous diltiazam" modality="FACTUAL" polarity="POS" type="TREATMENT" />
<EVENT id="E95" start="2257" end="2267" text="metoprolol" modality="FACTUAL" polarity="POS" type="TREATMENT" />
<EVENT id="E96" start="1959" end="1960" text="a PICC line" modality="FACTUAL" polarity="POS" type="TREATMENT" />
<EVENT id="E97" start="2011" end="2013" text="IV Penicillin" modality="FACTUAL" polarity="POS" type="TREATMENT" />
<EVENT id="E98" start="2578" end="2588" text="metoprolol" modality="FACTUAL" polarity="POS" type="TREATMENT" />
<EVENT id="E99" start="2593" end="2602" text="diltiazam" modality="FACTUAL" polarity="POS" type="TREATMENT" />
<EVENT id="E100" start="2272" end="2287" text="anticoagulation" modality="FACTUAL" polarity="POS" type="TREATMENT" />
<EVENT id="E101" start="2507" end="2509" text="IV metoprolol" modality="FACTUAL" polarity="POS" type="TREATMENT" />
<EVENT id="E102" start="2979" end="2989" text="amiodarone" modality="FACTUAL" polarity="POS" type="TREATMENT" />
<EVENT id="E103" start="3069" end="3079" text="amiodarone" modality="FACTUAL" polarity="POS" type="TREATMENT" />
<EVENT id="E104" start="2685" end="2698" text="cardioversion" modality="FACTUAL" polarity="POS" type="TREATMENT" />
<EVENT id="E105" start="2852" end="2862" text="amiodarone" modality="FACTUAL" polarity="POS" type="TREATMENT" />
<EVENT id="E106" start="3379" end="3386" text="Vitamin D" modality="FACTUAL" polarity="POS" type="TREATMENT" />
<EVENT id="E107" start="3330" end="3333" text="his surgery" modality="FACTUAL" polarity="POS" type="TREATMENT" />
<EVENT id="E108" start="3367" end="3376" text="repletion" modality="FACTUAL" polarity="POS" type="TREATMENT" />
<EVENT id="E109" start="981" end="984" text="IVF hydration" modality="FACTUAL" polarity="POS" type="TREATMENT" />
<EVENT id="E110" start="150" end="161" text="laprascopic cholecystectomy" modality="FACTUAL" polarity="POS" type="TREATMENT" />
<EVENT id="E111" start="131" end="138" text="gastric bypass" modality="FACTUAL" polarity="POS" type="TREATMENT" />
<EVENT id="E112" start="1665" end="1670" text="zosyn" modality="FACTUAL" polarity="POS" type="TREATMENT" />
<EVENT id="E113" start="1650" end="1660" text="vancomycin" modality="FACTUAL" polarity="POS" type="TREATMENT" />
<EVENT id="E114" start="1124" end="1128" text="oral medications" modality="FACTUAL" polarity="POS" type="TREATMENT" />
<EVENT id="E115" start="1020" end="1021" text="a diltiazam drip" modality="FACTUAL" polarity="POS" type="TREATMENT" />
<EVENT id="E116" start="1938" end="1950" text="levofloxacin" modality="FACTUAL" polarity="POS" type="TREATMENT" />
<EVENT id="E117" start="1802" end="1806" text="oral levofloxacin" modality="FACTUAL" polarity="POS" type="TREATMENT" />
<EVENT id="E118" start="1775" end="1786" text="intravenous penicillin" modality="FACTUAL" polarity="POS" type="TREATMENT" />
<EVENT id="E119" start="1762" end="1763" text="a regimen" modality="FACTUAL" polarity="POS" type="TREATMENT" />
<TIMEX3 id="T1" start="178" end="179" text="7 weeks" type="DURATION" val="P7W" mod="NA" />
<TIMEX3 id="T2" start="46" end="50" text="2015-10-21" type="DATE" val="2015-10-21" mod="NA" />
<TIMEX3 id="T3" start="1928" end="1929" text="7 days" type="DURATION" val="P7D" mod="NA" />
<TIMEX3 id="T4" start="567" end="570" text="the past few days" type="DURATION" val="P3D" mod="APPROX" />
<TIMEX3 id="T5" start="2894" end="2896" text="10 week" type="DURATION" val="P10W" mod="NA" />
<TIMEX3 id="T6" start="1994" end="1995" text="2 week" type="DURATION" val="P2W" mod="NA" />
<TIMEX3 id="T7" start="3427" end="3430" text="the time of discharge" type="DATE" val="2015-10-21" mod="NA" />
<TIMEX3 id="T8" start="18" end="22" text="2015-10-10" type="DATE" val="2015-10-10" mod="NA" />
<SECTIME id="S0" start="17" end="21" text="2015-10-10" type="ADMISSION" dvalue="2015-10-10" />
<SECTIME id="S1" start="45" end="49" text="2015-10-21" type="DISCHARGE" dvalue="2015-10-21" />
<TLINK id="TL0" fromID="E32" fromText="presented" toID="E32" toText="presented" type="OVERLAP" />
<TLINK id="TL1" fromID="E33" fromText="admission" toID="E32" toText="presented" type="AFTER" />
<TLINK id="TL2" fromID="E32" fromText="presented" toID="E40" toText="left lower extemity redness" type="AFTER" />
<TLINK id="TL3" fromID="E32" fromText="presented" toID="E42" toText="fever" type="AFTER" />
<TLINK id="TL4" fromID="E32" fromText="presented" toID="E43" toText="chills" type="AFTER" />
<TLINK id="TL5" fromID="E110" fromText="laprascopic cholecystectomy" toID="E32" toText="presented" type="AFTER" />
<TLINK id="TL6" fromID="E111" fromText="gastric bypass" toID="E32" toText="presented" type="AFTER" />
<TLINK id="TL13" fromID="E33" fromText="admission" toID="E40" toText="left lower extemity redness" type="AFTER" />
<TLINK id="TL14" fromID="E33" fromText="admission" toID="E42" toText="fever" type="BEFORE" />
<TLINK id="TL15" fromID="E33" fromText="admission" toID="E43" toText="chills" type="AFTER" />
<TLINK id="TL16" fromID="E110" fromText="laprascopic cholecystectomy" toID="E33" toText="admission" type="AFTER" />
<TLINK id="TL17" fromID="E111" fromText="gastric bypass" toID="E33" toText="admission" type="AFTER" />
<TLINK id="TL18" fromID="E42" fromText="fever" toID="E40" toText="left lower extemity redness" type="OVERLAP" />
<TLINK id="TL19" fromID="E43" fromText="chills" toID="E40" toText="left lower extemity redness" type="OVERLAP" />
<TLINK id="TL20" fromID="E110" fromText="laprascopic cholecystectomy" toID="E40" toText="left lower extemity redness" type="AFTER" />
<TLINK id="TL21" fromID="E111" fromText="gastric bypass" toID="E40" toText="left lower extemity redness" type="AFTER" />
<TLINK id="TL22" fromID="E42" fromText="fever" toID="E43" toText="chills" type="OVERLAP" />
<TLINK id="TL23" fromID="E110" fromText="laprascopic cholecystectomy" toID="E42" toText="fever" type="AFTER" />
<TLINK id="TL24" fromID="E111" fromText="gastric bypass" toID="E42" toText="fever" type="AFTER" />
<TLINK id="TL25" fromID="E110" fromText="laprascopic cholecystectomy" toID="E43" toText="chills" type="AFTER" />
<TLINK id="TL26" fromID="E111" fromText="gastric bypass" toID="E43" toText="chills" type="AFTER" />
<TLINK id="TL27" fromID="E111" fromText="gastric bypass" toID="E110" toText="laprascopic cholecystectomy" type="OVERLAP" />
<TLINK id="TL28" fromID="E31" fromText="multiple hospitalizations" toID="E10" toText="noted" type="AFTER" />
<TLINK id="TL29" fromID="E41" fromText="lower extremity cellulitis" toID="E10" toText="noted" type="AFTER" />
<TLINK id="TL30" fromID="E10" fromText="noted" toID="E46" toText="his symptoms" type="AFTER" />
<TLINK id="TL31" fromID="E10" fromText="noted" toID="E47" toText="previous episodes" type="AFTER" />
<TLINK id="TL32" fromID="E31" fromText="multiple hospitalizations" toID="E41" toText="lower extremity cellulitis" type="AFTER" />
<TLINK id="TL33" fromID="E31" fromText="multiple hospitalizations" toID="E46" toText="his symptoms" type="AFTER" />
<TLINK id="TL34" fromID="E31" fromText="multiple hospitalizations" toID="E47" toText="previous episodes" type="AFTER" />
<TLINK id="TL35" fromID="E41" fromText="lower extremity cellulitis" toID="E46" toText="his symptoms" type="OVERLAP" />
<TLINK id="TL36" fromID="E41" fromText="lower extremity cellulitis" toID="E47" toText="previous episodes" type="OVERLAP" />
<TLINK id="TL37" fromID="E46" fromText="his symptoms" toID="E47" toText="previous episodes" type="OVERLAP" />
<TLINK id="TL38" fromID="E12" fromText="denied" toID="E44" toText="recent trauma to the area" type="BEFORE" />
<TLINK id="TL39" fromID="E45" fromText="painful urination" toID="E50" toText="a reduction in urine output" type="OVERLAP" />
<TLINK id="TL40" fromID="E83" fromText="Review of systems" toID="E45" toText="painful urination" type="AFTER" />
<TLINK id="TL41" fromID="E83" fromText="Review of systems" toID="E50" toText="a reduction in urine output" type="AFTER" />
<TLINK id="TL42" fromID="E12" fromText="denied" toID="E48" toText="shortness of breath" type="AFTER" />
<TLINK id="TL43" fromID="E12" fromText="denied" toID="E49" toText="palpitations" type="AFTER" />
<TLINK id="TL44" fromID="E12" fromText="denied" toID="E51" toText="chest pain" type="AFTER" />
<TLINK id="TL45" fromID="E12" fromText="denied" toID="E66" toText="N/V" type="AFTER" />
<TLINK id="TL46" fromID="E12" fromText="denied" toID="E67" toText="abdominal pain" type="AFTER" />
<TLINK id="TL47" fromID="E12" fromText="denied" toID="E69" toText="penile discharge" type="AFTER" />
<TLINK id="TL48" fromID="E48" fromText="shortness of breath" toID="E49" toText="palpitations" type="AFTER" />
<TLINK id="TL49" fromID="E51" fromText="chest pain" toID="E48" toText="shortness of breath" type="AFTER" />
<TLINK id="TL50" fromID="E48" fromText="shortness of breath" toID="E66" toText="N/V" type="AFTER" />
<TLINK id="TL51" fromID="E48" fromText="shortness of breath" toID="E67" toText="abdominal pain" type="AFTER" />
<TLINK id="TL52" fromID="E48" fromText="shortness of breath" toID="E69" toText="penile discharge" type="AFTER" />
<TLINK id="TL53" fromID="E51" fromText="chest pain" toID="E49" toText="palpitations" type="AFTER" />
<TLINK id="TL54" fromID="E49" fromText="palpitations" toID="E66" toText="N/V" type="AFTER" />
<TLINK id="TL55" fromID="E49" fromText="palpitations" toID="E67" toText="abdominal pain" type="AFTER" />
<TLINK id="TL56" fromID="E49" fromText="palpitations" toID="E69" toText="penile discharge" type="AFTER" />
<TLINK id="TL57" fromID="E51" fromText="chest pain" toID="E66" toText="N/V" type="AFTER" />
<TLINK id="TL58" fromID="E51" fromText="chest pain" toID="E67" toText="abdominal pain" type="AFTER" />
<TLINK id="TL59" fromID="E51" fromText="chest pain" toID="E69" toText="penile discharge" type="AFTER" />
<TLINK id="TL60" fromID="E67" fromText="abdominal pain" toID="E66" toText="N/V" type="AFTER" />
<TLINK id="TL61" fromID="E66" fromText="N/V" toID="E69" toText="penile discharge" type="AFTER" />
<TLINK id="TL62" fromID="E67" fromText="abdominal pain" toID="E69" toText="penile discharge" type="AFTER" />
<TLINK id="TL84" fromID="E37" fromText="admitted" toID="E68" toText="cellulitis" type="BEFORE" />
<TLINK id="TL85" fromID="E37" fromText="admitted" toID="E71" toText="bacteremia" type="AFTER" />
<TLINK id="TL86" fromID="E68" fromText="cellulitis" toID="E71" toText="bacteremia" type="OVERLAP" />
<TLINK id="TL87" fromID="E3" fromText="the John" toID="E70" toText="hypotensive atrial fibrillation" type="AFTER" />
<TLINK id="TL88" fromID="E36" fromText="admitted" toID="E2" toText="the Medical ICU" type="AFTER" />
<TLINK id="TL89" fromID="E2" fromText="the Medical ICU" toID="E72" toText="atrial fibrillation" type="AFTER" />
<TLINK id="TL90" fromID="E2" fromText="the Medical ICU" toID="E73" toText="his hypotension" type="AFTER" />
<TLINK id="TL91" fromID="E2" fromText="the Medical ICU" toID="E109" toText="IVF hydration" type="AFTER" />
<TLINK id="TL92" fromID="E2" fromText="the Medical ICU" toID="E115" toText="a diltiazam drip" type="OVERLAP" />
<TLINK id="TL93" fromID="E36" fromText="admitted" toID="E72" toText="atrial fibrillation" type="AFTER" />
<TLINK id="TL94" fromID="E36" fromText="admitted" toID="E73" toText="his hypotension" type="AFTER" />
<TLINK id="TL95" fromID="E36" fromText="admitted" toID="E109" toText="IVF hydration" type="AFTER" />
<TLINK id="TL96" fromID="E36" fromText="admitted" toID="E115" toText="a diltiazam drip" type="OVERLAP" />
<TLINK id="TL97" fromID="E73" fromText="his hypotension" toID="E72" toText="atrial fibrillation" type="OVERLAP" />
<TLINK id="TL98" fromID="E109" fromText="IVF hydration" toID="E72" toText="atrial fibrillation" type="AFTER" />
<TLINK id="TL99" fromID="E115" fromText="a diltiazam drip" toID="E72" toText="atrial fibrillation" type="OVERLAP" />
<TLINK id="TL100" fromID="E73" fromText="his hypotension" toID="E109" toText="IVF hydration" type="AFTER" />
<TLINK id="TL101" fromID="E73" fromText="his hypotension" toID="E115" toText="a diltiazam drip" type="OVERLAP" />
<TLINK id="TL102" fromID="E109" fromText="IVF hydration" toID="E115" toText="a diltiazam drip" type="OVERLAP" />
<TLINK id="TL103" fromID="E34" fromText="transferred" toID="E5" toText="the medicine service" type="AFTER" />
<TLINK id="TL104" fromID="E35" fromText="transitioned" toID="E5" toText="the medicine service" type="AFTER" />
<TLINK id="TL105" fromID="E85" fromText="his heart rate" toID="E5" toText="the medicine service" type="AFTER" />
<TLINK id="TL106" fromID="E114" fromText="oral medications" toID="E5" toText="the medicine service" type="AFTER" />
<TLINK id="TL107" fromID="E35" fromText="transitioned" toID="E34" toText="transferred" type="AFTER" />
<TLINK id="TL108" fromID="E85" fromText="his heart rate" toID="E34" toText="transferred" type="AFTER" />
<TLINK id="TL109" fromID="E114" fromText="oral medications" toID="E34" toText="transferred" type="AFTER" />
<TLINK id="TL110" fromID="E85" fromText="his heart rate" toID="E35" toText="transitioned" type="AFTER" />
<TLINK id="TL111" fromID="E35" fromText="transitioned" toID="E114" toText="oral medications" type="AFTER" />
<TLINK id="TL112" fromID="E85" fromText="his heart rate" toID="E114" toText="oral medications" type="AFTER" />
<TLINK id="TL113" fromID="E11" fromText="revealed" toID="E16" toText="previous admissions" type="AFTER" />
<TLINK id="TL114" fromID="E11" fromText="revealed" toID="E74" toText="cellulitis" type="AFTER" />
<TLINK id="TL115" fromID="E11" fromText="revealed" toID="E77" toText="bacteremia" type="AFTER" />
<TLINK id="TL116" fromID="E16" fromText="previous admissions" toID="E74" toText="cellulitis" type="AFTER" />
<TLINK id="TL117" fromID="E16" fromText="previous admissions" toID="E77" toText="bacteremia" type="AFTER" />
<TLINK id="TL118" fromID="E74" fromText="cellulitis" toID="E77" toText="bacteremia" type="OVERLAP" />
<TLINK id="TL119" fromID="E38" fromText="this admission" toID="E76" toText="Beta streptococcus Group B" type="AFTER" />
<TLINK id="TL120" fromID="E84" fromText="Blood cultures" toID="E38" toText="this admission" type="OVERLAP" />
<TLINK id="TL121" fromID="E84" fromText="Blood cultures" toID="E76" toText="Beta streptococcus Group B" type="AFTER" />
<TLINK id="TL122" fromID="E79" fromText="the same infection" toID="E78" toText="lower extremity cellulitis" type="OVERLAP" />
<TLINK id="TL123" fromID="E90" fromText="A left lower extremity ultrasound" toID="E80" toText="deep venous thrombosis" type="AFTER" />
<TLINK id="TL125" fromID="E112" fromText="zosyn" toID="E81" toText="culture" type="AFTER" />
<TLINK id="TL126" fromID="E113" fromText="vancomycin" toID="E81" toText="culture" type="AFTER" />
<TLINK id="TL127" fromID="E113" fromText="vancomycin" toID="E112" toText="zosyn" type="OVERLAP" />
<TLINK id="TL128" fromID="E14" fromText="transitioned" toID="E15" toText="his most recent admission" type="AFTER" />
<TLINK id="TL129" fromID="E14" fromText="transitioned" toID="E52" toText="the infection" type="AFTER" />
<TLINK id="TL130" fromID="E65" fromText="the organism" toID="E14" toText="transitioned" type="AFTER" />
<TLINK id="TL131" fromID="E14" fromText="transitioned" toID="E117" toText="oral levofloxacin" type="AFTER" />
<TLINK id="TL132" fromID="E14" fromText="transitioned" toID="E118" toText="intravenous penicillin" type="AFTER" />
<TLINK id="TL133" fromID="E14" fromText="transitioned" toID="E119" toText="a regimen" type="AFTER" />
<TLINK id="TL134" fromID="E52" fromText="the infection" toID="E15" toText="his most recent admission" type="AFTER" />
<TLINK id="TL135" fromID="E65" fromText="the organism" toID="E15" toText="his most recent admission" type="AFTER" />
<TLINK id="TL136" fromID="E117" fromText="oral levofloxacin" toID="E15" toText="his most recent admission" type="AFTER" />
<TLINK id="TL137" fromID="E118" fromText="intravenous penicillin" toID="E15" toText="his most recent admission" type="AFTER" />
<TLINK id="TL138" fromID="E119" fromText="a regimen" toID="E15" toText="his most recent admission" type="AFTER" />
<TLINK id="TL139" fromID="E65" fromText="the organism" toID="E52" toText="the infection" type="OVERLAP" />
<TLINK id="TL140" fromID="E117" fromText="oral levofloxacin" toID="E52" toText="the infection" type="AFTER" />
<TLINK id="TL141" fromID="E118" fromText="intravenous penicillin" toID="E52" toText="the infection" type="AFTER" />
<TLINK id="TL142" fromID="E119" fromText="a regimen" toID="E52" toText="the infection" type="AFTER" />
<TLINK id="TL143" fromID="E65" fromText="the organism" toID="E117" toText="oral levofloxacin" type="AFTER" />
<TLINK id="TL144" fromID="E65" fromText="the organism" toID="E118" toText="intravenous penicillin" type="AFTER" />
<TLINK id="TL145" fromID="E65" fromText="the organism" toID="E119" toText="a regimen" type="AFTER" />
<TLINK id="TL146" fromID="E118" fromText="intravenous penicillin" toID="E117" toText="oral levofloxacin" type="OVERLAP" />
<TLINK id="TL147" fromID="E119" fromText="a regimen" toID="E117" toText="oral levofloxacin" type="OVERLAP" />
<TLINK id="TL148" fromID="E119" fromText="a regimen" toID="E118" toText="intravenous penicillin" type="OVERLAP" />
<TLINK id="TL149" fromID="E96" fromText="a PICC line" toID="E97" toText="IV Penicillin" type="OVERLAP" />
<TLINK id="TL150" fromID="E116" fromText="levofloxacin" toID="E96" toText="a PICC line" type="OVERLAP" />
<TLINK id="TL151" fromID="E116" fromText="levofloxacin" toID="E97" toText="IV Penicillin" type="OVERLAP" />
<TLINK id="TL152" fromID="E54" fromText="atrial fibrillation" toID="E55" toText="infection" type="OVERLAP" />
<TLINK id="TL153" fromID="E54" fromText="atrial fibrillation" toID="E56" toText="structural heart disease" type="OVERLAP" />
<TLINK id="TL154" fromID="E55" fromText="infection" toID="E56" toText="structural heart disease" type="OVERLAP" />
<TLINK id="TL155" fromID="E94" fromText="intravenous diltiazam" toID="E95" toText="metoprolol" type="OVERLAP" />
<TLINK id="TL156" fromID="E94" fromText="intravenous diltiazam" toID="E100" toText="anticoagulation" type="OVERLAP" />
<TLINK id="TL157" fromID="E95" fromText="metoprolol" toID="E100" toText="anticoagulation" type="OVERLAP" />
<TLINK id="TL158" fromID="E6" fromText="showed" toID="E57" toText="a mildly dilated and elongated" type="BEFORE" />
<TLINK id="TL159" fromID="E6" fromText="showed" toID="E58" toText="atrium" type="AFTER" />
<TLINK id="TL160" fromID="E6" fromText="showed" toID="E59" toText="a markedly dilated right atrium" type="AFTER" />
<TLINK id="TL161" fromID="E82" fromText="A transthoracic echocardiogram" toID="E6" toText="showed" type="OVERLAP" />
<TLINK id="TL162" fromID="E57" fromText="a mildly dilated and elongated" toID="E58" toText="atrium" type="OVERLAP" />
<TLINK id="TL163" fromID="E57" fromText="a mildly dilated and elongated" toID="E59" toText="a markedly dilated right atrium" type="OVERLAP" />
<TLINK id="TL164" fromID="E82" fromText="A transthoracic echocardiogram" toID="E57" toText="a mildly dilated and elongated" type="AFTER" />
<TLINK id="TL165" fromID="E58" fromText="atrium" toID="E59" toText="a markedly dilated right atrium" type="OVERLAP" />
<TLINK id="TL166" fromID="E82" fromText="A transthoracic echocardiogram" toID="E58" toText="atrium" type="AFTER" />
<TLINK id="TL167" fromID="E82" fromText="A transthoracic echocardiogram" toID="E59" toText="a markedly dilated right atrium" type="AFTER" />
<TLINK id="TL168" fromID="E60" fromText="rapid atrial fibrillation" toID="E101" toText="IV metoprolol" type="AFTER" />
<TLINK id="TL169" fromID="E98" fromText="metoprolol" toID="E99" toText="diltiazam" type="OVERLAP" />
<TLINK id="TL170" fromID="E19" fromText="consulted" toID="E89" toText="transesophageal echocardiogram" type="AFTER" />
<TLINK id="TL171" fromID="E19" fromText="consulted" toID="E104" toText="cardioversion" type="AFTER" />
<TLINK id="TL172" fromID="E89" fromText="transesophageal echocardiogram" toID="E104" toText="cardioversion" type="AFTER" />
<TLINK id="TL173" fromID="E61" fromText="thrombus" toID="E20" toText="to normal sinus rhythm" type="AFTER" />
<TLINK id="TL174" fromID="E88" fromText="The TEE" toID="E20" toText="to normal sinus rhythm" type="AFTER" />
<TLINK id="TL175" fromID="E88" fromText="The TEE" toID="E61" toText="thrombus" type="AFTER" />
<TLINK id="TL176" fromID="E17" fromText="discharge" toID="E6" toText="showed" type="AFTER" />
<TLINK id="TL177" fromID="E6" fromText="showed" toID="E62" toText="mild QT prolongation" type="BEFORE" />
<TLINK id="TL178" fromID="E6" fromText="showed" toID="E63" toText="effect" type="OVERLAP" />
<TLINK id="TL179" fromID="E86" fromText="EKG" toID="E6" toText="showed" type="OVERLAP" />
<TLINK id="TL180" fromID="E6" fromText="showed" toID="E102" toText="amiodarone" type="AFTER" />
<TLINK id="TL181" fromID="E17" fromText="discharge" toID="E62" toText="mild QT prolongation" type="AFTER" />
<TLINK id="TL182" fromID="E17" fromText="discharge" toID="E63" toText="effect" type="OVERLAP" />
<TLINK id="TL183" fromID="E86" fromText="EKG" toID="E17" toText="discharge" type="OVERLAP" />
<TLINK id="TL184" fromID="E17" fromText="discharge" toID="E102" toText="amiodarone" type="AFTER" />
<TLINK id="TL185" fromID="E62" fromText="mild QT prolongation" toID="E63" toText="effect" type="OVERLAP" />
<TLINK id="TL186" fromID="E86" fromText="EKG" toID="E62" toText="mild QT prolongation" type="AFTER" />
<TLINK id="TL187" fromID="E62" fromText="mild QT prolongation" toID="E102" toText="amiodarone" type="AFTER" />
<TLINK id="TL188" fromID="E86" fromText="EKG" toID="E63" toText="effect" type="OVERLAP" />
<TLINK id="TL189" fromID="E63" fromText="effect" toID="E102" toText="amiodarone" type="OVERLAP" />
<TLINK id="TL190" fromID="E86" fromText="EKG" toID="E102" toText="amiodarone" type="AFTER" />
<TLINK id="TL191" fromID="E86" fromText="EKG" toID="E4" toText="his PCP" type="AFTER" />
<TLINK id="TL192" fromID="E92" fromText="LFTs" toID="E4" toText="his PCP" type="AFTER" />
<TLINK id="TL193" fromID="E4" fromText="his PCP" toID="E103" toText="amiodarone" type="AFTER" />
<TLINK id="TL194" fromID="E86" fromText="EKG" toID="E92" toText="LFTs" type="AFTER" />
<TLINK id="TL195" fromID="E86" fromText="EKG" toID="E103" toText="amiodarone" type="AFTER" />
<TLINK id="TL196" fromID="E92" fromText="LFTs" toID="E103" toText="amiodarone" type="AFTER" />
<TLINK id="TL203" fromID="E18" fromText="followed" toID="E21" toText="their recommendations" type="AFTER" />
<TLINK id="TL204" fromID="E18" fromText="followed" toID="E22" toText="followed" type="AFTER" />
<TLINK id="TL205" fromID="E18" fromText="followed" toID="E23" toText="team" type="AFTER" />
<TLINK id="TL206" fromID="E18" fromText="followed" toID="E24" toText="his admission" type="AFTER" />
<TLINK id="TL207" fromID="E21" fromText="their recommendations" toID="E22" toText="followed" type="AFTER" />
<TLINK id="TL208" fromID="E23" fromText="team" toID="E21" toText="their recommendations" type="AFTER" />
<TLINK id="TL209" fromID="E24" fromText="his admission" toID="E21" toText="their recommendations" type="AFTER" />
<TLINK id="TL210" fromID="E23" fromText="team" toID="E22" toText="followed" type="AFTER" />
<TLINK id="TL211" fromID="E24" fromText="his admission" toID="E22" toText="followed" type="AFTER" />
<TLINK id="TL212" fromID="E23" fromText="team" toID="E24" toText="his admission" type="OVERLAP" />
<TLINK id="TL213" fromID="E8" fromText="demonstrated" toID="E27" toText="responded well" type="AFTER" />
<TLINK id="TL214" fromID="E8" fromText="demonstrated" toID="E64" toText="several asymptomatic" type="BEFORE" />
<TLINK id="TL215" fromID="E8" fromText="demonstrated" toID="E107" toText="his surgery" type="AFTER" />
<TLINK id="TL216" fromID="E8" fromText="demonstrated" toID="E108" toText="repletion" type="AFTER" />
<TLINK id="TL217" fromID="E64" fromText="several asymptomatic" toID="E27" toText="responded well" type="AFTER" />
<TLINK id="TL218" fromID="E107" fromText="his surgery" toID="E27" toText="responded well" type="AFTER" />
<TLINK id="TL219" fromID="E27" fromText="responded well" toID="E108" toText="repletion" type="AFTER" />
<TLINK id="TL220" fromID="E64" fromText="several asymptomatic" toID="E107" toText="his surgery" type="AFTER" />
<TLINK id="TL221" fromID="E64" fromText="several asymptomatic" toID="E108" toText="repletion" type="AFTER" />
<TLINK id="TL222" fromID="E107" fromText="his surgery" toID="E108" toText="repletion" type="OVERLAP" />
<TLINK id="TL223" fromID="E91" fromText="D and parathyroid tests" toID="E28" toText="discharge" type="AFTER" />
<TLINK id="TL224" fromID="E106" fromText="Vitamin D" toID="E28" toText="discharge" type="AFTER" />
<TLINK id="TL225" fromID="E106" fromText="Vitamin D" toID="E91" toText="D and parathyroid tests" type="AFTER" />
<TLINK id="TL226" fromID="E25" fromText="discharged" toID="E1" toText="Kindred Park View Specialty Hospital of Springfield Rehabilitation Hospital" type="AFTER" />
<TLINK id="TL227" fromID="E1" fromText="Kindred Park View Specialty Hospital of Springfield Rehabilitation Hospital" toID="E26" toText="good condition" type="AFTER" />
<TLINK id="TL228" fromID="E25" fromText="discharged" toID="E26" toText="good condition" type="AFTER" />
<TLINK id="TL229" fromID="E93" fromText="a King of Hearts monitor" toID="E39" toText="follow-up" type="AFTER" />
<TLINK id="TL234" fromID="E40" fromText="left lower extemity redness" toID="T1" toText="7 weeks" type="OVERLAP" />
<TLINK id="TL235" fromID="E42" fromText="fever" toID="T1" toText="7 weeks" type="OVERLAP" />
<TLINK id="TL236" fromID="E43" fromText="chills" toID="T1" toText="7 weeks" type="OVERLAP" />
<TLINK id="TL237" fromID="E110" fromText="laprascopic cholecystectomy" toID="T1" toText="7 weeks" type="OVERLAP" />
<TLINK id="TL238" fromID="E111" fromText="gastric bypass" toID="T1" toText="7 weeks" type="OVERLAP" />
<TLINK id="TL239" fromID="E45" fromText="painful urination" toID="T4" toText="the past few days" type="OVERLAP" />
<TLINK id="TL240" fromID="E50" fromText="a reduction in urine output" toID="T4" toText="the past few days" type="OVERLAP" />
<TLINK id="TL241" fromID="E83" fromText="Review of systems" toID="T4" toText="the past few days" type="OVERLAP" />
<TLINK id="TL242" fromID="E96" fromText="a PICC line" toID="T6" toText="2 week" type="OVERLAP" />
<TLINK id="TL243" fromID="E97" fromText="IV Penicillin" toID="T3" toText="7 days" type="OVERLAP" />
<TLINK id="TL244" fromID="E116" fromText="levofloxacin" toID="T6" toText="2 week" type="OVERLAP" />
<TLINK id="TL245" fromID="E105" fromText="amiodarone" toID="T5" toText="10 week" type="OVERLAP" />
<TLINK id="TL246" fromID="E28" fromText="discharge" toID="T7" toText="the time of discharge" type="OVERLAP" />
<TLINK id="TL248" fromID="E106" fromText="Vitamin D" toID="T7" toText="the time of discharge" type="OVERLAP" />
<TLINK id="TL260" fromID="E96" fromText="a PICC line" toID="T3" toText="7 days" type="OVERLAP" />
<TLINK id="TL263" fromID="E97" fromText="IV Penicillin" toID="T6" toText="2 week" type="OVERLAP" />
<TLINK id="TL264" fromID="E116" fromText="levofloxacin" toID="T3" toText="7 days" type="OVERLAP" />
<TLINK id="SECTIME0" fromID="E1" fromText="Kindred Park View Specialty Hospital of Springfield Rehabilitation Hospital" toID="T2" toText="2015-10-21" type="BEFORE" />
<TLINK id="SECTIME1" fromID="E2" fromText="the Medical ICU" toID="T2" toText="2015-10-21" type="BEFORE" />
<TLINK id="SECTIME2" fromID="E3" fromText="the John" toID="T2" toText="2015-10-21" type="BEFORE" />
<TLINK id="SECTIME3" fromID="E4" fromText="his PCP" toID="T2" toText="2015-10-21" type="BEFORE" />
<TLINK id="SECTIME4" fromID="E5" fromText="the medicine service" toID="T2" toText="2015-10-21" type="BEFORE" />
<TLINK id="SECTIME5" fromID="E6" fromText="showed" toID="T2" toText="2015-10-21" type="BEFORE" />
<TLINK id="SECTIME6" fromID="E6" fromText="showed" toID="T2" toText="2015-10-21" type="BEFORE" />
<TLINK id="SECTIME7" fromID="E8" fromText="demonstrated" toID="T2" toText="2015-10-21" type="BEFORE" />
<TLINK id="SECTIME8" fromID="E12" fromText="denied" toID="T8" toText="2015-10-10" type="BEFORE" />
<TLINK id="SECTIME9" fromID="E10" fromText="noted" toID="T8" toText="2015-10-10" type="BEFORE" />
<TLINK id="SECTIME10" fromID="E11" fromText="revealed" toID="T2" toText="2015-10-21" type="BEFORE" />
<TLINK id="SECTIME11" fromID="E12" fromText="denied" toID="T8" toText="2015-10-10" type="BEFORE" />
<TLINK id="SECTIME12" fromID="E32" fromText="presented" toID="T8" toText="2015-10-10" type="BEFORE" />
<TLINK id="SECTIME13" fromID="E14" fromText="transitioned" toID="T2" toText="2015-10-21" type="BEFORE" />
<TLINK id="SECTIME14" fromID="E15" fromText="his most recent admission" toID="T2" toText="2015-10-21" type="BEFORE" />
<TLINK id="SECTIME15" fromID="E16" fromText="previous admissions" toID="T2" toText="2015-10-21" type="BEFORE" />
<TLINK id="SECTIME16" fromID="E17" fromText="discharge" toID="T2" toText="2015-10-21" type="BEFORE" />
<TLINK id="SECTIME17" fromID="E18" fromText="followed" toID="T2" toText="2015-10-21" type="BEFORE" />
<TLINK id="SECTIME18" fromID="E19" fromText="consulted" toID="T2" toText="2015-10-21" type="BEFORE" />
<TLINK id="SECTIME19" fromID="E20" fromText="to normal sinus rhythm" toID="T2" toText="2015-10-21" type="BEFORE" />
<TLINK id="SECTIME20" fromID="E21" fromText="their recommendations" toID="T2" toText="2015-10-21" type="BEFORE" />
<TLINK id="SECTIME21" fromID="E22" fromText="followed" toID="T2" toText="2015-10-21" type="BEFORE" />
<TLINK id="SECTIME22" fromID="E23" fromText="team" toID="T2" toText="2015-10-21" type="BEFORE" />
<TLINK id="SECTIME23" fromID="E24" fromText="his admission" toID="T2" toText="2015-10-21" type="BEFORE" />
<TLINK id="SECTIME24" fromID="E25" fromText="discharged" toID="T2" toText="2015-10-21" type="BEFORE" />
<TLINK id="SECTIME25" fromID="E26" fromText="good condition" toID="T2" toText="2015-10-21" type="BEFORE" />
<TLINK id="SECTIME26" fromID="E27" fromText="responded well" toID="T2" toText="2015-10-21" type="BEFORE" />
<TLINK id="SECTIME27" fromID="E28" fromText="discharge" toID="T2" toText="2015-10-21" type="BEFORE" />
<TLINK id="SECTIME28" fromID="E31" fromText="multiple hospitalizations" toID="T8" toText="2015-10-10" type="BEFORE" />
<TLINK id="SECTIME29" fromID="E32" fromText="presented" toID="T8" toText="2015-10-10" type="BEFORE" />
<TLINK id="SECTIME30" fromID="E33" fromText="admission" toID="T8" toText="2015-10-10" type="BEFORE" />
<TLINK id="SECTIME31" fromID="E34" fromText="transferred" toID="T2" toText="2015-10-21" type="BEFORE" />
<TLINK id="SECTIME32" fromID="E35" fromText="transitioned" toID="T2" toText="2015-10-21" type="BEFORE" />
<TLINK id="SECTIME33" fromID="E36" fromText="admitted" toID="T2" toText="2015-10-21" type="BEFORE" />
<TLINK id="SECTIME34" fromID="E37" fromText="admitted" toID="T2" toText="2015-10-21" type="BEFORE" />
<TLINK id="SECTIME35" fromID="E38" fromText="this admission" toID="T2" toText="2015-10-21" type="BEFORE" />
<TLINK id="SECTIME36" fromID="E39" fromText="follow-up" toID="T2" toText="2015-10-21" type="BEFORE" />
<TLINK id="SECTIME37" fromID="E40" fromText="left lower extemity redness" toID="T8" toText="2015-10-10" type="BEFORE" />
<TLINK id="SECTIME38" fromID="E41" fromText="lower extremity cellulitis" toID="T8" toText="2015-10-10" type="BEFORE" />
<TLINK id="SECTIME39" fromID="E42" fromText="fever" toID="T8" toText="2015-10-10" type="BEFORE" />
<TLINK id="SECTIME40" fromID="E43" fromText="chills" toID="T8" toText="2015-10-10" type="BEFORE" />
<TLINK id="SECTIME41" fromID="E44" fromText="recent trauma to the area" toID="T8" toText="2015-10-10" type="BEFORE" />
<TLINK id="SECTIME42" fromID="E45" fromText="painful urination" toID="T8" toText="2015-10-10" type="BEFORE" />
<TLINK id="SECTIME43" fromID="E46" fromText="his symptoms" toID="T8" toText="2015-10-10" type="BEFORE" />
<TLINK id="SECTIME44" fromID="E47" fromText="previous episodes" toID="T8" toText="2015-10-10" type="BEFORE" />
<TLINK id="SECTIME45" fromID="E48" fromText="shortness of breath" toID="T8" toText="2015-10-10" type="BEFORE" />
<TLINK id="SECTIME46" fromID="E49" fromText="palpitations" toID="T8" toText="2015-10-10" type="BEFORE" />
<TLINK id="SECTIME47" fromID="E50" fromText="a reduction in urine output" toID="T8" toText="2015-10-10" type="BEFORE" />
<TLINK id="SECTIME48" fromID="E51" fromText="chest pain" toID="T8" toText="2015-10-10" type="BEFORE" />
<TLINK id="SECTIME49" fromID="E52" fromText="the infection" toID="T2" toText="2015-10-21" type="BEFORE" />
<TLINK id="SECTIME50" fromID="E53" fromText="Atrial fibrillation" toID="T2" toText="2015-10-21" type="BEFORE" />
<TLINK id="SECTIME51" fromID="E54" fromText="atrial fibrillation" toID="T2" toText="2015-10-21" type="BEFORE" />
<TLINK id="SECTIME52" fromID="E55" fromText="infection" toID="T2" toText="2015-10-21" type="BEFORE" />
<TLINK id="SECTIME53" fromID="E56" fromText="structural heart disease" toID="T2" toText="2015-10-21" type="BEFORE" />
<TLINK id="SECTIME54" fromID="E57" fromText="a mildly dilated and elongated" toID="T2" toText="2015-10-21" type="BEFORE" />
<TLINK id="SECTIME55" fromID="E58" fromText="atrium" toID="T2" toText="2015-10-21" type="BEFORE" />
<TLINK id="SECTIME56" fromID="E59" fromText="a markedly dilated right atrium" toID="T2" toText="2015-10-21" type="BEFORE" />
<TLINK id="SECTIME57" fromID="E60" fromText="rapid atrial fibrillation" toID="T2" toText="2015-10-21" type="BEFORE" />
<TLINK id="SECTIME58" fromID="E61" fromText="thrombus" toID="T2" toText="2015-10-21" type="BEFORE" />
<TLINK id="SECTIME59" fromID="E62" fromText="mild QT prolongation" toID="T2" toText="2015-10-21" type="BEFORE" />
<TLINK id="SECTIME60" fromID="E63" fromText="effect" toID="T2" toText="2015-10-21" type="BEFORE" />
<TLINK id="SECTIME61" fromID="E64" fromText="several asymptomatic" toID="T2" toText="2015-10-21" type="BEFORE" />
<TLINK id="SECTIME62" fromID="E65" fromText="the organism" toID="T2" toText="2015-10-21" type="BEFORE" />
<TLINK id="SECTIME63" fromID="E66" fromText="N/V" toID="T8" toText="2015-10-10" type="BEFORE" />
<TLINK id="SECTIME64" fromID="E67" fromText="abdominal pain" toID="T8" toText="2015-10-10" type="BEFORE" />
<TLINK id="SECTIME65" fromID="E68" fromText="cellulitis" toID="T2" toText="2015-10-21" type="BEFORE" />
<TLINK id="SECTIME66" fromID="E69" fromText="penile discharge" toID="T8" toText="2015-10-10" type="BEFORE" />
<TLINK id="SECTIME67" fromID="E70" fromText="hypotensive atrial fibrillation" toID="T2" toText="2015-10-21" type="BEFORE" />
<TLINK id="SECTIME68" fromID="E71" fromText="bacteremia" toID="T2" toText="2015-10-21" type="BEFORE" />
<TLINK id="SECTIME69" fromID="E72" fromText="atrial fibrillation" toID="T2" toText="2015-10-21" type="BEFORE" />
<TLINK id="SECTIME70" fromID="E73" fromText="his hypotension" toID="T2" toText="2015-10-21" type="BEFORE" />
<TLINK id="SECTIME71" fromID="E74" fromText="cellulitis" toID="T2" toText="2015-10-21" type="BEFORE" />
<TLINK id="SECTIME72" fromID="E75" fromText="Cellulitis / Bacteremia" toID="T2" toText="2015-10-21" type="BEFORE" />
<TLINK id="SECTIME73" fromID="E76" fromText="Beta streptococcus Group B" toID="T2" toText="2015-10-21" type="BEFORE" />
<TLINK id="SECTIME74" fromID="E77" fromText="bacteremia" toID="T2" toText="2015-10-21" type="BEFORE" />
<TLINK id="SECTIME75" fromID="E78" fromText="lower extremity cellulitis" toID="T2" toText="2015-10-21" type="BEFORE" />
<TLINK id="SECTIME76" fromID="E79" fromText="the same infection" toID="T2" toText="2015-10-21" type="BEFORE" />
<TLINK id="SECTIME77" fromID="E80" fromText="deep venous thrombosis" toID="T2" toText="2015-10-21" type="BEFORE" />
<TLINK id="SECTIME78" fromID="E81" fromText="culture" toID="T2" toText="2015-10-21" type="BEFORE" />
<TLINK id="SECTIME79" fromID="E82" fromText="A transthoracic echocardiogram" toID="T2" toText="2015-10-21" type="BEFORE" />
<TLINK id="SECTIME80" fromID="E83" fromText="Review of systems" toID="T8" toText="2015-10-10" type="BEFORE" />
<TLINK id="SECTIME81" fromID="E84" fromText="Blood cultures" toID="T2" toText="2015-10-21" type="BEFORE" />
<TLINK id="SECTIME82" fromID="E85" fromText="his heart rate" toID="T2" toText="2015-10-21" type="BEFORE" />
<TLINK id="SECTIME83" fromID="E86" fromText="EKG" toID="T2" toText="2015-10-21" type="BEFORE" />
<TLINK id="SECTIME84" fromID="E86" fromText="EKG" toID="T2" toText="2015-10-21" type="BEFORE" />
<TLINK id="SECTIME85" fromID="E88" fromText="The TEE" toID="T2" toText="2015-10-21" type="BEFORE" />
<TLINK id="SECTIME86" fromID="E89" fromText="transesophageal echocardiogram" toID="T2" toText="2015-10-21" type="BEFORE" />
<TLINK id="SECTIME87" fromID="E90" fromText="A left lower extremity ultrasound" toID="T2" toText="2015-10-21" type="BEFORE" />
<TLINK id="SECTIME88" fromID="E91" fromText="D and parathyroid tests" toID="T2" toText="2015-10-21" type="BEFORE" />
<TLINK id="SECTIME89" fromID="E92" fromText="LFTs" toID="T2" toText="2015-10-21" type="BEFORE" />
<TLINK id="SECTIME90" fromID="E93" fromText="a King of Hearts monitor" toID="T2" toText="2015-10-21" type="BEFORE" />
<TLINK id="SECTIME91" fromID="E94" fromText="intravenous diltiazam" toID="T2" toText="2015-10-21" type="BEFORE" />
<TLINK id="SECTIME92" fromID="E95" fromText="metoprolol" toID="T2" toText="2015-10-21" type="BEFORE" />
<TLINK id="SECTIME93" fromID="E96" fromText="a PICC line" toID="T2" toText="2015-10-21" type="BEFORE" />
<TLINK id="SECTIME94" fromID="E97" fromText="IV Penicillin" toID="T2" toText="2015-10-21" type="BEFORE" />
<TLINK id="SECTIME95" fromID="E98" fromText="metoprolol" toID="T2" toText="2015-10-21" type="BEFORE" />
<TLINK id="SECTIME96" fromID="E99" fromText="diltiazam" toID="T2" toText="2015-10-21" type="BEFORE" />
<TLINK id="SECTIME97" fromID="E100" fromText="anticoagulation" toID="T2" toText="2015-10-21" type="BEFORE" />
<TLINK id="SECTIME98" fromID="E101" fromText="IV metoprolol" toID="T2" toText="2015-10-21" type="BEFORE" />
<TLINK id="SECTIME99" fromID="E102" fromText="amiodarone" toID="T2" toText="2015-10-21" type="BEFORE" />
<TLINK id="SECTIME100" fromID="E103" fromText="amiodarone" toID="T2" toText="2015-10-21" type="BEFORE" />
<TLINK id="SECTIME101" fromID="E104" fromText="cardioversion" toID="T2" toText="2015-10-21" type="BEFORE" />
<TLINK id="SECTIME102" fromID="E105" fromText="amiodarone" toID="T2" toText="2015-10-21" type="BEFORE" />
<TLINK id="SECTIME103" fromID="E106" fromText="Vitamin D" toID="T2" toText="2015-10-21" type="BEFORE" />
<TLINK id="SECTIME104" fromID="E107" fromText="his surgery" toID="T2" toText="2015-10-21" type="BEFORE" />
<TLINK id="SECTIME105" fromID="E108" fromText="repletion" toID="T2" toText="2015-10-21" type="BEFORE" />
<TLINK id="SECTIME106" fromID="E109" fromText="IVF hydration" toID="T2" toText="2015-10-21" type="BEFORE" />
<TLINK id="SECTIME107" fromID="E110" fromText="laprascopic cholecystectomy" toID="T8" toText="2015-10-10" type="BEFORE" />
<TLINK id="SECTIME108" fromID="E111" fromText="gastric bypass" toID="T8" toText="2015-10-10" type="BEFORE" />
<TLINK id="SECTIME109" fromID="E112" fromText="zosyn" toID="T2" toText="2015-10-21" type="BEFORE" />
<TLINK id="SECTIME110" fromID="E113" fromText="vancomycin" toID="T2" toText="2015-10-21" type="BEFORE" />
<TLINK id="SECTIME111" fromID="E114" fromText="oral medications" toID="T2" toText="2015-10-21" type="BEFORE" />
<TLINK id="SECTIME112" fromID="E115" fromText="a diltiazam drip" toID="T2" toText="2015-10-21" type="BEFORE" />
<TLINK id="SECTIME113" fromID="E116" fromText="levofloxacin" toID="T2" toText="2015-10-21" type="BEFORE" />
<TLINK id="SECTIME114" fromID="E117" fromText="oral levofloxacin" toID="T2" toText="2015-10-21" type="BEFORE" />
<TLINK id="SECTIME115" fromID="E118" fromText="intravenous penicillin" toID="T2" toText="2015-10-21" type="BEFORE" />
<TLINK id="SECTIME116" fromID="E119" fromText="a regimen" toID="T2" toText="2015-10-21" type="BEFORE" />
</TAGS>
</ClinicalNarrativeTemporalAnnotation>