<?xml version="1.0" encoding="UTF-8" ?>
<ClinicalNarrativeTemporalAnnotation>
<TEXT><![CDATA[
Admission Date :
2016-05-05
Discharge Date :
2016-06-15
Service :
NEONATOLOGY
HISTORY OF PRESENT ILLNESS :
The patient is a 30 and 08-01 week gestation female , triplet number two , delivered by cesarean section due to progressive preterm labor and triplet gestation .
PERINATAL HISTORY :
Mother is a 29 year-old gravida 4 , para 1 mother , Marian Jane conception , EDC 2016-07-08 .
Prenatal screen , O positive , antibody negative , RPR nonreactive , hepatitis B surface antigen negative , reportedly GBS negative , Rubella immune .
Pregnancy complicated by gestational diabetes mellitus , then possible preterm labor .
Mother presented with abdominal discomfort and vaginal pressure at 23 and 1/7 weeks .
At that time she was admitted and received a full course of betamethasone at 24 weeks and remained in house until delivery .
Mother presented on day of delivery with preterm labor , cervical dilation , therefore delivered by repeat cesarean section .
This triplet required only blow by oxygen and routine care in delivery room .
Apgars were 8 at one minute and 9 at five minutes .
Infant demonstrated mild increased work of breathing in the delivery room .
Infant transported to Neonatal Intensive Care Unit on facial CPAP .
HOSPITAL COURSE :
1. Pulmonary :
On admission the infant required CPAP 6 cm of water , 30% oxygen .
Initial capillary blood gas was pH 7.29 , CO2 47 .
Infant was intubated on day of life two for increased respiratory distress and received one dose of surfactant .
Infant was extubated on day of life four to CPAP and transitioned to room air on day of life six .
The infant has remained in room air throughout the hospitalization .
Caffeine citrate was started on day of life six and was discontinued on 05-23 ( day of life 18 ).
The last apnea and bradycardia was on 06-10 .
2. Cardiovascular :
The infant has remained hemodynamically stable throughout this hospitalization , no murmur .
Heart rate 150 to 160 , mean blood pressure 40 to 54 .
3. Fluid , electrolytes and nutrition :
Infant was initially nothing by mouth receiving 80 cc per kilogram per day of D10W intravenously .
Infant was started on enteral feedings on day of life four and advanced to full volume feedings of 150 cc per kilogram per day by day of life seven .
During feeding advancement infant was given parenteral nutrition and intralipids .
The infant tolerated feeding advancement without difficulty .
Infant was advanced to maximum caloric density of breast milk or premature Enfamil 26 calories per ounce with ProMod by day of life 11 .
Infant is currently on breast milk or Enfamil 24 calories per ounce po minimum 140 cc per kilogram per day .
The most recent weight is 2525 g.
Head circumference 24.5 cm , length 45.5 cm .
The most recent electrolytes on day of life five were sodium 145 , chloride 115 , potassium 4 , TCO2 of 21 .
On day of life 25 , calcium 10.1 , phosphorus 6.9 , alkaline phosphatase 341 .
4. Gastrointestinal :
Infant was started on double phototherapy on day of life two for a maximum bilirubin level of 8.1 with a direct of 0.3 .
Infant decreased to single phototherapy and phototherapy was discontinued on day of life six .
Rebound bilirubin level on day of life seven was 5.3 with a direct of 0.3 .
5. Hematology :
The infant did not receive any blood transfusions this hospitalization .
The most recent hematocrit on day of life two was 47% .
CBC on admission white blood cell count 8.9 , hematocrit 47% , platelets 243,000 , 6% neutrophils , 0 bands .
Repeat CBC on day of life two showed a white blood cell count of 8.4 , platelets 95 , 41% neutrophils , 0 bands .
Repeat platelet count on day of life three was 229 .
6. Infectious disease :
The infant received 48 hours of ampicillin and gentamicin for rule out sepsis .
Blood cultures remained negative to date .
Infant has not had any issues with sepsis this hospitalization .
7. Neurology :
Head ultrasound on day of life seven showed no intraventricular hemorrhage .
A repeat head ultrasound on day of life 33 06-07 showed a slight increase of echogenicity in the caudothalamic groove , which may represent tiny bilateral germinal matrix hemorrhages , no periventricular leukomalacia .
A repeat head ultrasound is recommended in one month .
Normal neurological examination .
Sensory , hearing screening was performed with automated auditory brain stem responses .
Infant passed both ears .
Ophthalmology , eyes examined most recently on 05-30 revealing immaturity of the retinal vessels , but no ROP as of yet .
A follow up examination should be scheduled for the week of 06-20 .
Ophthalmologist is Dr. Cruea Franklin .
8. Psycho / social :
Parents involved .
Triplet number one is still in the Neonatal Intensive Care Unit and triplet number three is home with family and there is also a 2 year-old sibling .
]]></TEXT>
<TAGS>
<EVENT id="E1" start="1021" end="1029" text="delivery room" modality="FACTUAL" polarity="POS" type="CLINICAL_DEPT" />
<EVENT id="E2" start="807" end="809" text="in house" modality="FACTUAL" polarity="POS" type="CLINICAL_DEPT" />
<EVENT id="E3" start="1187" end="1195" text="Neonatal Intensive Care Unit" modality="FACTUAL" polarity="POS" type="CLINICAL_DEPT" />
<EVENT id="E4" start="1145" end="1148" text="the delivery room" modality="FACTUAL" polarity="POS" type="CLINICAL_DEPT" />
<EVENT id="E5" start="4689" end="4692" text="the Neonatal Intensive Care Unit" modality="FACTUAL" polarity="POS" type="CLINICAL_DEPT" />
<EVENT id="E6" start="629" end="638" text="presented" modality="FACTUAL" polarity="POS" type="EVIDENTIAL" />
<EVENT id="E7" start="1096" end="1108" text="demonstrated" modality="FACTUAL" polarity="POS" type="EVIDENTIAL" />
<EVENT id="E8" start="840" end="849" text="presented" modality="FACTUAL" polarity="POS" type="EVIDENTIAL" />
<EVENT id="E9" start="3925" end="3931" text="showed" modality="FACTUAL" polarity="POS" type="EVIDENTIAL" />
<EVENT id="E10" start="3524" end="3530" text="showed" modality="FACTUAL" polarity="POS" type="EVIDENTIAL" />
<EVENT id="E11" start="4014" end="4020" text="showed" modality="FACTUAL" polarity="POS" type="EVIDENTIAL" />
<EVENT id="E12" start="729" end="737" text="admitted" modality="FACTUAL" polarity="POS" type="OCCURRENCE" />
<EVENT id="E13" start="629" end="638" text="presented" modality="FACTUAL" polarity="POS" type="OCCURRENCE" />
<EVENT id="E14" start="367" end="370" text="EDC" modality="FACTUAL" polarity="POS" type="OCCURRENCE" />
<EVENT id="E15" start="183" end="192" text="delivered" modality="FACTUAL" polarity="POS" type="OCCURRENCE" />
<EVENT id="E16" start="1508" end="1517" text="extubated" modality="FACTUAL" polarity="POS" type="OCCURRENCE" />
<EVENT id="E17" start="1269" end="1278" text="admission" modality="FACTUAL" polarity="POS" type="OCCURRENCE" />
<EVENT id="E18" start="920" end="929" text="delivered" modality="FACTUAL" polarity="POS" type="OCCURRENCE" />
<EVENT id="E19" start="840" end="849" text="presented" modality="FACTUAL" polarity="POS" type="OCCURRENCE" />
<EVENT id="E20" start="1887" end="1891" text="this hospitalization" modality="FACTUAL" polarity="POS" type="OCCURRENCE" />
<EVENT id="E21" start="1853" end="1868" text="hemodynamically stable" modality="FACTUAL" polarity="POS" type="OCCURRENCE" />
<EVENT id="E22" start="1643" end="1646" text="the hospitalization" modality="FACTUAL" polarity="POS" type="OCCURRENCE" />
<EVENT id="E23" start="1623" end="1627" text="room air" modality="FACTUAL" polarity="POS" type="OCCURRENCE" />
<EVENT id="E24" start="2422" end="2430" text="advanced" modality="FACTUAL" polarity="POS" type="OCCURRENCE" />
<EVENT id="E25" start="2360" end="2369" text="tolerated feeding advancement" modality="FACTUAL" polarity="POS" type="OCCURRENCE" />
<EVENT id="E26" start="2191" end="2195" text="full volume" modality="FACTUAL" polarity="POS" type="OCCURRENCE" />
<EVENT id="E27" start="2179" end="2187" text="advanced" modality="FACTUAL" polarity="POS" type="OCCURRENCE" />
<EVENT id="E28" start="29" end="38" text="Discharge" modality="FACTUAL" polarity="POS" type="OCCURRENCE" />
<EVENT id="E29" start="143" end="152" text="gestation" modality="FACTUAL" polarity="POS" type="OCCURRENCE" />
<EVENT id="E30" start="1" end="10" text="Admission" modality="FACTUAL" polarity="POS" type="OCCURRENCE" />
<EVENT id="E31" start="4369" end="4375" text="passed both ears" modality="FACTUAL" polarity="POS" type="OCCURRENCE" />
<EVENT id="E32" start="2571" end="2577" text="breast" modality="FACTUAL" polarity="POS" type="OCCURRENCE" />
<EVENT id="E33" start="3391" end="3400" text="admission" modality="FACTUAL" polarity="POS" type="OCCURRENCE" />
<EVENT id="E34" start="4239" end="4245" text="Normal neurological" modality="FACTUAL" polarity="POS" type="OCCURRENCE" />
<EVENT id="E35" start="4320" end="4329" text="automated" modality="FACTUAL" polarity="POS" type="OCCURRENCE" />
<EVENT id="E36" start="1109" end="1113" text="mild increased work of breathing" modality="FACTUAL" polarity="POS" type="PROBLEM" />
<EVENT id="E37" start="890" end="898" text="cervical dilation" modality="FACTUAL" polarity="POS" type="PROBLEM" />
<EVENT id="E38" start="874" end="881" text="preterm labor" modality="FACTUAL" polarity="POS" type="PROBLEM" />
<EVENT id="E39" start="669" end="676" text="vaginal pressure" modality="FACTUAL" polarity="POS" type="PROBLEM" />
<EVENT id="E40" start="1913" end="1919" text="murmur" modality="FACTUAL" polarity="POS" type="PROBLEM" />
<EVENT id="E41" start="1782" end="1793" text="bradycardia" modality="FACTUAL" polarity="POS" type="PROBLEM" />
<EVENT id="E42" start="1763" end="1766" text="The last apnea" modality="FACTUAL" polarity="POS" type="PROBLEM" />
<EVENT id="E43" start="1428" end="1437" text="increased respiratory distress" modality="FACTUAL" polarity="POS" type="PROBLEM" />
<EVENT id="E44" start="3935" end="3951" text="intraventricular hemorrhage" modality="FACTUAL" polarity="POS" type="PROBLEM" />
<EVENT id="E45" start="3827" end="3830" text="any issues with sepsis" modality="FACTUAL" polarity="POS" type="PROBLEM" />
<EVENT id="E46" start="3756" end="3762" text="sepsis" modality="FACTUAL" polarity="POS" type="PROBLEM" />
<EVENT id="E47" start="2398" end="2408" text="difficulty" modality="FACTUAL" polarity="POS" type="PROBLEM" />
<EVENT id="E48" start="4451" end="4461" text="immaturity of the retinal vessels" modality="FACTUAL" polarity="POS" type="PROBLEM" />
<EVENT id="E49" start="4153" end="4168" text="periventricular leukomalacia" modality="FACTUAL" polarity="POS" type="PROBLEM" />
<EVENT id="E50" start="4105" end="4109" text="tiny bilateral germinal matrix hemorrhages" modality="FACTUAL" polarity="POS" type="PROBLEM" />
<EVENT id="E51" start="4021" end="4022" text="a slight increase of echogenicity in the caudothalamic groove" modality="FACTUAL" polarity="POS" type="PROBLEM" />
<EVENT id="E52" start="220" end="231" text="progressive preterm labor" modality="FACTUAL" polarity="POS" type="PROBLEM" />
<EVENT id="E53" start="606" end="613" text="preterm labor" modality="FACTUAL" polarity="POS" type="PROBLEM" />
<EVENT id="E54" start="644" end="653" text="abdominal discomfort" modality="FACTUAL" polarity="POS" type="PROBLEM" />
<EVENT id="E55" start="250" end="257" text="triplet gestation" modality="FACTUAL" polarity="POS" type="PROBLEM" />
<EVENT id="E56" start="560" end="571" text="gestational diabetes mellitus" modality="FACTUAL" polarity="POS" type="PROBLEM" />
<EVENT id="E57" start="4494" end="4497" text="ROP" modality="FACTUAL" polarity="POS" type="PROBLEM" />
<EVENT id="E58" start="2804" end="2812" text="chloride" modality="FACTUAL" polarity="POS" type="TEST" />
<EVENT id="E59" start="2791" end="2797" text="sodium" modality="FACTUAL" polarity="POS" type="TEST" />
<EVENT id="E60" start="2833" end="2837" text="TCO2" modality="FACTUAL" polarity="POS" type="TEST" />
<EVENT id="E61" start="2819" end="2828" text="potassium" modality="FACTUAL" polarity="POS" type="TEST" />
<EVENT id="E62" start="2691" end="2695" text="Head circumference" modality="FACTUAL" polarity="POS" type="TEST" />
<EVENT id="E63" start="2657" end="2660" text="The most recent weight" modality="FACTUAL" polarity="POS" type="TEST" />
<EVENT id="E64" start="2737" end="2740" text="The most recent electrolytes" modality="FACTUAL" polarity="POS" type="TEST" />
<EVENT id="E65" start="2720" end="2726" text="length" modality="FACTUAL" polarity="POS" type="TEST" />
<EVENT id="E66" start="3163" end="3170" text="Rebound bilirubin level" modality="FACTUAL" polarity="POS" type="TEST" />
<EVENT id="E67" start="3050" end="3051" text="a direct" modality="FACTUAL" polarity="POS" type="TEST" />
<EVENT id="E68" start="3328" end="3331" text="The most recent hematocrit" modality="FACTUAL" polarity="POS" type="TEST" />
<EVENT id="E69" start="3221" end="3222" text="a direct" modality="FACTUAL" polarity="POS" type="TEST" />
<EVENT id="E70" start="2881" end="2891" text="phosphorus" modality="FACTUAL" polarity="POS" type="TEST" />
<EVENT id="E71" start="2866" end="2873" text="calcium" modality="FACTUAL" polarity="POS" type="TEST" />
<EVENT id="E72" start="3012" end="3013" text="a maximum bilirubin level" modality="FACTUAL" polarity="POS" type="TEST" />
<EVENT id="E73" start="2898" end="2906" text="alkaline phosphatase" modality="FACTUAL" polarity="POS" type="TEST" />
<EVENT id="E74" start="384" end="392" text="Prenatal screen" modality="FACTUAL" polarity="POS" type="TEST" />
<EVENT id="E75" start="415" end="423" text="antibody" modality="FACTUAL" polarity="POS" type="TEST" />
<EVENT id="E76" start="435" end="438" text="RPR" modality="FACTUAL" polarity="POS" type="TEST" />
<EVENT id="E77" start="453" end="462" text="hepatitis B surface antigen" modality="FACTUAL" polarity="POS" type="TEST" />
<EVENT id="E78" start="1365" end="1367" text="pH" modality="FACTUAL" polarity="POS" type="TEST" />
<EVENT id="E79" start="1375" end="1378" text="CO2" modality="FACTUAL" polarity="POS" type="TEST" />
<EVENT id="E80" start="1922" end="1927" text="Heart rate" modality="FACTUAL" polarity="POS" type="TEST" />
<EVENT id="E81" start="1946" end="1950" text="mean blood pressure" modality="FACTUAL" polarity="POS" type="TEST" />
<EVENT id="E82" start="503" end="506" text="GBS" modality="FACTUAL" polarity="POS" type="TEST" />
<EVENT id="E83" start="518" end="525" text="Rubella" modality="FACTUAL" polarity="POS" type="TEST" />
<EVENT id="E84" start="1037" end="1043" text="Apgars" modality="FACTUAL" polarity="POS" type="TEST" />
<EVENT id="E85" start="1333" end="1340" text="Initial capillary blood gas" modality="FACTUAL" polarity="POS" type="TEST" />
<EVENT id="E86" start="4510" end="4511" text="A follow up examination" modality="FACTUAL" polarity="POS" type="TEST" />
<EVENT id="E87" start="4330" end="4338" text="auditory brain stem responses" modality="FACTUAL" polarity="POS" type="TEST" />
<EVENT id="E88" start="4273" end="4280" text="Sensory , hearing screening" modality="FACTUAL" polarity="POS" type="TEST" />
<EVENT id="E89" start="3494" end="3500" text="Repeat CBC" modality="FACTUAL" polarity="POS" type="TEST" />
<EVENT id="E90" start="3531" end="3532" text="a white blood cell count" modality="FACTUAL" polarity="POS" type="TEST" />
<EVENT id="E91" start="3470" end="3481" text="neutrophils" modality="FACTUAL" polarity="POS" type="TEST" />
<EVENT id="E92" start="3486" end="3491" text="bands" modality="FACTUAL" polarity="POS" type="TEST" />
<EVENT id="E93" start="3430" end="3440" text="hematocrit" modality="FACTUAL" polarity="POS" type="TEST" />
<EVENT id="E94" start="3447" end="3456" text="platelets" modality="FACTUAL" polarity="POS" type="TEST" />
<EVENT id="E95" start="3384" end="3387" text="CBC" modality="FACTUAL" polarity="POS" type="TEST" />
<EVENT id="E96" start="3401" end="3406" text="white blood cell count" modality="FACTUAL" polarity="POS" type="TEST" />
<EVENT id="E97" start="3965" end="3966" text="A repeat head ultrasound" modality="FACTUAL" polarity="POS" type="TEST" />
<EVENT id="E98" start="4184" end="4185" text="A repeat head ultrasound" modality="FACTUAL" polarity="POS" type="TEST" />
<EVENT id="E99" start="3765" end="3770" text="Blood cultures" modality="FACTUAL" polarity="POS" type="TEST" />
<EVENT id="E100" start="3888" end="3892" text="Head ultrasound" modality="FACTUAL" polarity="POS" type="TEST" />
<EVENT id="E101" start="3600" end="3605" text="bands" modality="FACTUAL" polarity="POS" type="TEST" />
<EVENT id="E102" start="3608" end="3614" text="Repeat platelet count" modality="FACTUAL" polarity="POS" type="TEST" />
<EVENT id="E103" start="3565" end="3574" text="platelets" modality="FACTUAL" polarity="POS" type="TEST" />
<EVENT id="E104" start="3584" end="3595" text="neutrophils" modality="FACTUAL" polarity="POS" type="TEST" />
<EVENT id="E105" start="860" end="868" text="delivery" modality="FACTUAL" polarity="POS" type="TREATMENT" />
<EVENT id="E106" start="822" end="830" text="delivery" modality="FACTUAL" polarity="POS" type="TREATMENT" />
<EVENT id="E107" start="751" end="752" text="a full course of betamethasone" modality="FACTUAL" polarity="POS" type="TREATMENT" />
<EVENT id="E108" start="196" end="204" text="cesarean section" modality="FACTUAL" polarity="POS" type="TREATMENT" />
<EVENT id="E109" start="1219" end="1225" text="facial CPAP" modality="FACTUAL" polarity="POS" type="TREATMENT" />
<EVENT id="E110" start="1005" end="1012" text="routine care" modality="FACTUAL" polarity="POS" type="TREATMENT" />
<EVENT id="E111" start="986" end="990" text="blow by oxygen" modality="FACTUAL" polarity="POS" type="TREATMENT" />
<EVENT id="E112" start="933" end="939" text="repeat cesarean section" modality="FACTUAL" polarity="POS" type="TREATMENT" />
<EVENT id="E113" start="1484" end="1494" text="surfactant" modality="FACTUAL" polarity="POS" type="TREATMENT" />
<EVENT id="E114" start="1320" end="1322" text="30% oxygen" modality="FACTUAL" polarity="POS" type="TREATMENT" />
<EVENT id="E115" start="1299" end="1303" text="CPAP" modality="FACTUAL" polarity="POS" type="TREATMENT" />
<EVENT id="E116" start="1508" end="1517" text="extubated" modality="FACTUAL" polarity="POS" type="TREATMENT" />
<EVENT id="E117" start="3732" end="3742" text="gentamicin" modality="FACTUAL" polarity="POS" type="TREATMENT" />
<EVENT id="E118" start="3717" end="3727" text="ampicillin" modality="FACTUAL" polarity="POS" type="TREATMENT" />
<EVENT id="E119" start="1395" end="1404" text="intubated" modality="FACTUAL" polarity="POS" type="TREATMENT" />
<EVENT id="E120" start="3850" end="3854" text="this hospitalization" modality="FACTUAL" polarity="POS" type="TREATMENT" />
<EVENT id="E121" start="2138" end="2145" text="enteral feedings" modality="FACTUAL" polarity="POS" type="TREATMENT" />
<EVENT id="E122" start="2273" end="2280" text="feeding advancement" modality="FACTUAL" polarity="POS" type="TREATMENT" />
<EVENT id="E123" start="2310" end="2320" text="parenteral nutrition" modality="FACTUAL" polarity="POS" type="TREATMENT" />
<EVENT id="E124" start="2335" end="2346" text="intralipids" modality="FACTUAL" polarity="POS" type="TREATMENT" />
<EVENT id="E125" start="1541" end="1545" text="CPAP" modality="FACTUAL" polarity="POS" type="TREATMENT" />
<EVENT id="E126" start="1665" end="1673" text="Caffeine citrate" modality="FACTUAL" polarity="POS" type="TREATMENT" />
<EVENT id="E127" start="2038" end="2045" text="nothing by mouth" modality="FACTUAL" polarity="POS" type="TREATMENT" />
<EVENT id="E128" start="2095" end="2099" text="D10W intravenously" modality="FACTUAL" polarity="POS" type="TREATMENT" />
<EVENT id="E129" start="3088" end="3094" text="single phototherapy" modality="FACTUAL" polarity="POS" type="TREATMENT" />
<EVENT id="E130" start="3112" end="3124" text="phototherapy" modality="FACTUAL" polarity="POS" type="TREATMENT" />
<EVENT id="E131" start="3282" end="3285" text="any blood transfusions" modality="FACTUAL" polarity="POS" type="TREATMENT" />
<EVENT id="E132" start="3310" end="3325" text="hospitalization" modality="FACTUAL" polarity="POS" type="TREATMENT" />
<EVENT id="E133" start="2476" end="2485" text="premature Enfamil" modality="FACTUAL" polarity="POS" type="TREATMENT" />
<EVENT id="E134" start="2521" end="2527" text="ProMod" modality="FACTUAL" polarity="POS" type="TREATMENT" />
<EVENT id="E135" start="2586" end="2593" text="Enfamil" modality="FACTUAL" polarity="POS" type="TREATMENT" />
<EVENT id="E136" start="2969" end="2975" text="double phototherapy" modality="FACTUAL" polarity="POS" type="TREATMENT" />
<TIMEX3 id="T1" start="46" end="50" text="2016-06-15" type="DATE" val="2016-06-15" mod="NA" />
<TIMEX3 id="T2" start="18" end="22" text="2016-05-05" type="DATE" val="2016-05-05" mod="NA" />
<TIMEX3 id="T3" start="711" end="715" text="that time" type="DATE" val="2016-05-05" mod="NA" />
<TIMEX3 id="T4" start="371" end="375" text="2016-07-08" type="DATE" val="2016-07-08" mod="NA" />
<TIMEX3 id="T5" start="1408" end="1411" text="day of life two" type="DATE" val="2016-05-07" mod="NA" />
<TIMEX3 id="T6" start="1074" end="1078" text="five minutes" type="DURATION" val="PT5M" mod="NA" />
<TIMEX3 id="T7" start="1054" end="1057" text="one minute" type="DURATION" val="PT1M" mod="NA" />
<TIMEX3 id="T8" start="785" end="787" text="24 weeks" type="DURATION" val="P24W" mod="NA" />
<TIMEX3 id="T9" start="1697" end="1700" text="day of life six" type="DATE" val="2016-05-11" mod="NA" />
<TIMEX3 id="T10" start="1578" end="1581" text="day of life six" type="DATE" val="2016-05-11" mod="NA" />
<TIMEX3 id="T11" start="1521" end="1524" text="day of life four" type="DATE" val="2016-05-09" mod="NA" />
<TIMEX3 id="T12" start="2084" end="2087" text="per day" type="FREQUENCY" val="RP24H" mod="NA" />
<TIMEX3 id="T13" start="2158" end="2161" text="day of life four" type="DATE" val="2016-05-09" mod="NA" />
<TIMEX3 id="T14" start="1801" end="1803" text="06-10" type="DATE" val="2016-06-10" mod="NA" />
<TIMEX3 id="T15" start="2531" end="2534" text="day of life 11" type="DATE" val="2016-05-15" mod="NA" />
<TIMEX3 id="T16" start="2647" end="2650" text="per day" type="FREQUENCY" val="RP24H" mod="NA" />
<TIMEX3 id="T17" start="2235" end="2238" text="per day" type="FREQUENCY" val="RP24H" mod="NA" />
<TIMEX3 id="T18" start="2246" end="2249" text="day of life seven" type="DATE" val="2016-05-12" mod="NA" />
<TIMEX3 id="T19" start="2992" end="2995" text="day of life two" type="DATE" val="2016-05-07" mod="NA" />
<TIMEX3 id="T20" start="3145" end="3148" text="day of life six" type="DATE" val="2016-05-11" mod="NA" />
<TIMEX3 id="T21" start="2769" end="2772" text="day of life five" type="DATE" val="2016-05-10" mod="NA" />
<TIMEX3 id="T22" start="2849" end="2852" text="day of life 25" type="DATE" val="2016-05-29" mod="NA" />
<TIMEX3 id="T23" start="3508" end="3511" text="day of life two" type="DATE" val="2016-05-07" mod="NA" />
<TIMEX3 id="T24" start="3633" end="3636" text="day of life three" type="DATE" val="2016-05-08" mod="NA" />
<TIMEX3 id="T25" start="3190" end="3193" text="day of life seven" type="DATE" val="2016-05-12" mod="NA" />
<TIMEX3 id="T26" start="3358" end="3361" text="day of life two" type="DATE" val="2016-05-07" mod="NA" />
<TIMEX3 id="T27" start="4435" end="4437" text="05-30" type="DATE" val="2016-05-30" mod="NA" />
<TIMEX3 id="T28" start="4227" end="4230" text="one month" type="DURATION" val="P1M" mod="NA" />
<TIMEX3 id="T29" start="4570" end="4572" text="06-20" type="DATE" val="2016-06-20" mod="NA" />
<TIMEX3 id="T30" start="4558" end="4561" text="the week" type="DURATION" val="2016-05-05" mod="NA" />
<TIMEX3 id="T31" start="3907" end="3910" text="day of life seven" type="DATE" val="2016-05-12" mod="NA" />
<TIMEX3 id="T32" start="3705" end="3707" text="48 hours" type="DURATION" val="PT48H" mod="NA" />
<TIMEX3 id="T33" start="689" end="691" text="23 and 1/7 weeks" type="DURATION" val="P23W" mod="APPROX" />
<TIMEX3 id="T34" start="125" end="127" text="30 and 08-01 week" type="DURATION" val="P30W" mod="APPROX" />
<TIMEX3 id="T35" start="3993" end="3996" text="day of life 33 06-07" type="DURATION" val="P33D" mod="APPROX" />
<TIMEX3 id="T36" start="1737" end="1739" text="05-23 ( day of life 18" type="DURATION" val="P5D" mod="APPROX" />
<SECTIME id="S0" start="17" end="21" text="2016-05-05" type="ADMISSION" dvalue="2016-05-05" />
<SECTIME id="S1" start="45" end="49" text="2016-06-15" type="DISCHARGE" dvalue="2016-06-15" />
<TLINK id="TL0" fromID="E29" fromText="gestation" toID="E15" toText="delivered" type="AFTER" />
<TLINK id="TL1" fromID="E15" fromText="delivered" toID="E52" toText="progressive preterm labor" type="AFTER" />
<TLINK id="TL2" fromID="E15" fromText="delivered" toID="E55" toText="triplet gestation" type="AFTER" />
<TLINK id="TL3" fromID="E15" fromText="delivered" toID="E108" toText="cesarean section" type="AFTER" />
<TLINK id="TL4" fromID="E29" fromText="gestation" toID="E52" toText="progressive preterm labor" type="AFTER" />
<TLINK id="TL5" fromID="E29" fromText="gestation" toID="E55" toText="triplet gestation" type="AFTER" />
<TLINK id="TL6" fromID="E29" fromText="gestation" toID="E108" toText="cesarean section" type="AFTER" />
<TLINK id="TL7" fromID="E52" fromText="progressive preterm labor" toID="E55" toText="triplet gestation" type="AFTER" />
<TLINK id="TL8" fromID="E108" fromText="cesarean section" toID="E52" toText="progressive preterm labor" type="AFTER" />
<TLINK id="TL9" fromID="E108" fromText="cesarean section" toID="E55" toText="triplet gestation" type="AFTER" />
<TLINK id="TL20" fromID="E74" fromText="Prenatal screen" toID="E75" toText="antibody" type="OVERLAP" />
<TLINK id="TL21" fromID="E74" fromText="Prenatal screen" toID="E76" toText="RPR" type="OVERLAP" />
<TLINK id="TL22" fromID="E74" fromText="Prenatal screen" toID="E77" toText="hepatitis B surface antigen" type="OVERLAP" />
<TLINK id="TL23" fromID="E74" fromText="Prenatal screen" toID="E82" toText="GBS" type="OVERLAP" />
<TLINK id="TL24" fromID="E74" fromText="Prenatal screen" toID="E83" toText="Rubella" type="OVERLAP" />
<TLINK id="TL25" fromID="E75" fromText="antibody" toID="E76" toText="RPR" type="OVERLAP" />
<TLINK id="TL26" fromID="E75" fromText="antibody" toID="E77" toText="hepatitis B surface antigen" type="OVERLAP" />
<TLINK id="TL27" fromID="E75" fromText="antibody" toID="E82" toText="GBS" type="OVERLAP" />
<TLINK id="TL28" fromID="E75" fromText="antibody" toID="E83" toText="Rubella" type="OVERLAP" />
<TLINK id="TL29" fromID="E76" fromText="RPR" toID="E77" toText="hepatitis B surface antigen" type="OVERLAP" />
<TLINK id="TL30" fromID="E76" fromText="RPR" toID="E82" toText="GBS" type="OVERLAP" />
<TLINK id="TL31" fromID="E76" fromText="RPR" toID="E83" toText="Rubella" type="OVERLAP" />
<TLINK id="TL32" fromID="E77" fromText="hepatitis B surface antigen" toID="E82" toText="GBS" type="OVERLAP" />
<TLINK id="TL33" fromID="E77" fromText="hepatitis B surface antigen" toID="E83" toText="Rubella" type="OVERLAP" />
<TLINK id="TL34" fromID="E82" fromText="GBS" toID="E83" toText="Rubella" type="OVERLAP" />
<TLINK id="TL35" fromID="E56" fromText="gestational diabetes mellitus" toID="E53" toText="preterm labor" type="OVERLAP" />
<TLINK id="TL36" fromID="E19" fromText="presented" toID="E19" toText="presented" type="OVERLAP" />
<TLINK id="TL37" fromID="E19" fromText="presented" toID="E39" toText="vaginal pressure" type="AFTER" />
<TLINK id="TL38" fromID="E19" fromText="presented" toID="E54" toText="abdominal discomfort" type="AFTER" />
<TLINK id="TL41" fromID="E54" fromText="abdominal discomfort" toID="E39" toText="vaginal pressure" type="OVERLAP" />
<TLINK id="TL42" fromID="E12" fromText="admitted" toID="E2" toText="in house" type="AFTER" />
<TLINK id="TL43" fromID="E2" fromText="in house" toID="E106" toText="delivery" type="AFTER" />
<TLINK id="TL44" fromID="E107" fromText="a full course of betamethasone" toID="E2" toText="in house" type="AFTER" />
<TLINK id="TL45" fromID="E12" fromText="admitted" toID="E106" toText="delivery" type="AFTER" />
<TLINK id="TL46" fromID="E12" fromText="admitted" toID="E107" toText="a full course of betamethasone" type="AFTER" />
<TLINK id="TL47" fromID="E107" fromText="a full course of betamethasone" toID="E106" toText="delivery" type="OVERLAP" />
<TLINK id="TL48" fromID="E19" fromText="presented" toID="E18" toText="delivered" type="AFTER" />
<TLINK id="TL49" fromID="E19" fromText="presented" toID="E19" toText="presented" type="OVERLAP" />
<TLINK id="TL50" fromID="E19" fromText="presented" toID="E37" toText="cervical dilation" type="AFTER" />
<TLINK id="TL51" fromID="E19" fromText="presented" toID="E38" toText="preterm labor" type="AFTER" />
<TLINK id="TL52" fromID="E19" fromText="presented" toID="E105" toText="delivery" type="AFTER" />
<TLINK id="TL53" fromID="E19" fromText="presented" toID="E112" toText="repeat cesarean section" type="AFTER" />
<TLINK id="TL55" fromID="E37" fromText="cervical dilation" toID="E18" toText="delivered" type="AFTER" />
<TLINK id="TL56" fromID="E38" fromText="preterm labor" toID="E18" toText="delivered" type="AFTER" />
<TLINK id="TL57" fromID="E105" fromText="delivery" toID="E18" toText="delivered" type="AFTER" />
<TLINK id="TL58" fromID="E18" fromText="delivered" toID="E112" toText="repeat cesarean section" type="AFTER" />
<TLINK id="TL63" fromID="E38" fromText="preterm labor" toID="E37" toText="cervical dilation" type="OVERLAP" />
<TLINK id="TL64" fromID="E105" fromText="delivery" toID="E37" toText="cervical dilation" type="AFTER" />
<TLINK id="TL65" fromID="E37" fromText="cervical dilation" toID="E112" toText="repeat cesarean section" type="AFTER" />
<TLINK id="TL66" fromID="E105" fromText="delivery" toID="E38" toText="preterm labor" type="AFTER" />
<TLINK id="TL67" fromID="E38" fromText="preterm labor" toID="E112" toText="repeat cesarean section" type="AFTER" />
<TLINK id="TL68" fromID="E105" fromText="delivery" toID="E112" toText="repeat cesarean section" type="OVERLAP" />
<TLINK id="TL69" fromID="E110" fromText="routine care" toID="E1" toText="delivery room" type="OVERLAP" />
<TLINK id="TL70" fromID="E111" fromText="blow by oxygen" toID="E1" toText="delivery room" type="AFTER" />
<TLINK id="TL71" fromID="E111" fromText="blow by oxygen" toID="E110" toText="routine care" type="OVERLAP" />
<TLINK id="TL72" fromID="E7" fromText="demonstrated" toID="E4" toText="the delivery room" type="AFTER" />
<TLINK id="TL73" fromID="E36" fromText="mild increased work of breathing" toID="E4" toText="the delivery room" type="AFTER" />
<TLINK id="TL74" fromID="E7" fromText="demonstrated" toID="E36" toText="mild increased work of breathing" type="BEFORE" />
<TLINK id="TL75" fromID="E3" fromText="Neonatal Intensive Care Unit" toID="E109" toText="facial CPAP" type="AFTER" />
<TLINK id="TL77" fromID="E17" fromText="admission" toID="E114" toText="30% oxygen" type="AFTER" />
<TLINK id="TL78" fromID="E17" fromText="admission" toID="E115" toText="CPAP" type="AFTER" />
<TLINK id="TL79" fromID="E115" fromText="CPAP" toID="E114" toText="30% oxygen" type="AFTER" />
<TLINK id="TL80" fromID="E78" fromText="pH" toID="E79" toText="CO2" type="OVERLAP" />
<TLINK id="TL81" fromID="E85" fromText="Initial capillary blood gas" toID="E78" toText="pH" type="OVERLAP" />
<TLINK id="TL82" fromID="E85" fromText="Initial capillary blood gas" toID="E79" toText="CO2" type="OVERLAP" />
<TLINK id="TL83" fromID="E43" fromText="increased respiratory distress" toID="E113" toText="surfactant" type="AFTER" />
<TLINK id="TL84" fromID="E119" fromText="intubated" toID="E43" toText="increased respiratory distress" type="AFTER" />
<TLINK id="TL85" fromID="E119" fromText="intubated" toID="E113" toText="surfactant" type="OVERLAP" />
<TLINK id="TL86" fromID="E116" fromText="extubated" toID="E116" toText="extubated" type="OVERLAP" />
<TLINK id="TL87" fromID="E116" fromText="extubated" toID="E125" toText="CPAP" type="AFTER" />
<TLINK id="TL89" fromID="E23" fromText="room air" toID="E22" toText="the hospitalization" type="AFTER" />
<TLINK id="TL90" fromID="E42" fromText="The last apnea" toID="E41" toText="bradycardia" type="AFTER" />
<TLINK id="TL92" fromID="E21" fromText="hemodynamically stable" toID="E20" toText="this hospitalization" type="AFTER" />
<TLINK id="TL93" fromID="E20" fromText="this hospitalization" toID="E40" toText="murmur" type="OVERLAP" />
<TLINK id="TL94" fromID="E21" fromText="hemodynamically stable" toID="E40" toText="murmur" type="OVERLAP" />
<TLINK id="TL95" fromID="E80" fromText="Heart rate" toID="E81" toText="mean blood pressure" type="AFTER" />
<TLINK id="TL97" fromID="E127" fromText="nothing by mouth" toID="E128" toText="D10W intravenously" type="OVERLAP" />
<TLINK id="TL98" fromID="E27" fromText="advanced" toID="E26" toText="full volume" type="OVERLAP" />
<TLINK id="TL99" fromID="E121" fromText="enteral feedings" toID="E26" toText="full volume" type="OVERLAP" />
<TLINK id="TL100" fromID="E121" fromText="enteral feedings" toID="E27" toText="advanced" type="OVERLAP" />
<TLINK id="TL101" fromID="E122" fromText="feeding advancement" toID="E123" toText="parenteral nutrition" type="OVERLAP" />
<TLINK id="TL102" fromID="E122" fromText="feeding advancement" toID="E124" toText="intralipids" type="OVERLAP" />
<TLINK id="TL103" fromID="E123" fromText="parenteral nutrition" toID="E124" toText="intralipids" type="OVERLAP" />
<TLINK id="TL104" fromID="E25" fromText="tolerated feeding advancement" toID="E47" toText="difficulty" type="AFTER" />
<TLINK id="TL105" fromID="E24" fromText="advanced" toID="E133" toText="premature Enfamil" type="AFTER" />
<TLINK id="TL106" fromID="E24" fromText="advanced" toID="E134" toText="ProMod" type="AFTER" />
<TLINK id="TL107" fromID="E133" fromText="premature Enfamil" toID="E134" toText="ProMod" type="OVERLAP" />
<TLINK id="TL108" fromID="E32" fromText="breast" toID="E135" toText="Enfamil" type="AFTER" />
<TLINK id="TL109" fromID="E62" fromText="Head circumference" toID="E65" toText="length" type="OVERLAP" />
<TLINK id="TL110" fromID="E59" fromText="sodium" toID="E58" toText="chloride" type="OVERLAP" />
<TLINK id="TL111" fromID="E58" fromText="chloride" toID="E60" toText="TCO2" type="OVERLAP" />
<TLINK id="TL112" fromID="E58" fromText="chloride" toID="E61" toText="potassium" type="OVERLAP" />
<TLINK id="TL113" fromID="E64" fromText="The most recent electrolytes" toID="E58" toText="chloride" type="OVERLAP" />
<TLINK id="TL114" fromID="E59" fromText="sodium" toID="E60" toText="TCO2" type="OVERLAP" />
<TLINK id="TL115" fromID="E59" fromText="sodium" toID="E61" toText="potassium" type="OVERLAP" />
<TLINK id="TL116" fromID="E64" fromText="The most recent electrolytes" toID="E59" toText="sodium" type="OVERLAP" />
<TLINK id="TL117" fromID="E61" fromText="potassium" toID="E60" toText="TCO2" type="OVERLAP" />
<TLINK id="TL118" fromID="E64" fromText="The most recent electrolytes" toID="E60" toText="TCO2" type="OVERLAP" />
<TLINK id="TL119" fromID="E64" fromText="The most recent electrolytes" toID="E61" toText="potassium" type="OVERLAP" />
<TLINK id="TL120" fromID="E71" fromText="calcium" toID="E70" toText="phosphorus" type="AFTER" />
<TLINK id="TL121" fromID="E70" fromText="phosphorus" toID="E73" toText="alkaline phosphatase" type="AFTER" />
<TLINK id="TL122" fromID="E71" fromText="calcium" toID="E73" toText="alkaline phosphatase" type="AFTER" />
<TLINK id="TL126" fromID="E72" fromText="a maximum bilirubin level" toID="E67" toText="a direct" type="OVERLAP" />
<TLINK id="TL127" fromID="E136" fromText="double phototherapy" toID="E67" toText="a direct" type="OVERLAP" />
<TLINK id="TL128" fromID="E136" fromText="double phototherapy" toID="E72" toText="a maximum bilirubin level" type="OVERLAP" />
<TLINK id="TL129" fromID="E129" fromText="single phototherapy" toID="E130" toText="phototherapy" type="OVERLAP" />
<TLINK id="TL130" fromID="E66" fromText="Rebound bilirubin level" toID="E69" toText="a direct" type="AFTER" />
<TLINK id="TL132" fromID="E131" fromText="any blood transfusions" toID="E132" toText="hospitalization" type="OVERLAP" />
<TLINK id="TL133" fromID="E33" fromText="admission" toID="E91" toText="neutrophils" type="AFTER" />
<TLINK id="TL134" fromID="E33" fromText="admission" toID="E92" toText="bands" type="AFTER" />
<TLINK id="TL135" fromID="E33" fromText="admission" toID="E93" toText="hematocrit" type="AFTER" />
<TLINK id="TL136" fromID="E33" fromText="admission" toID="E94" toText="platelets" type="AFTER" />
<TLINK id="TL137" fromID="E95" fromText="CBC" toID="E33" toText="admission" type="OVERLAP" />
<TLINK id="TL138" fromID="E33" fromText="admission" toID="E96" toText="white blood cell count" type="OVERLAP" />
<TLINK id="TL139" fromID="E91" fromText="neutrophils" toID="E92" toText="bands" type="OVERLAP" />
<TLINK id="TL140" fromID="E93" fromText="hematocrit" toID="E91" toText="neutrophils" type="OVERLAP" />
<TLINK id="TL141" fromID="E94" fromText="platelets" toID="E91" toText="neutrophils" type="OVERLAP" />
<TLINK id="TL142" fromID="E95" fromText="CBC" toID="E91" toText="neutrophils" type="OVERLAP" />
<TLINK id="TL143" fromID="E96" fromText="white blood cell count" toID="E91" toText="neutrophils" type="OVERLAP" />
<TLINK id="TL144" fromID="E93" fromText="hematocrit" toID="E92" toText="bands" type="OVERLAP" />
<TLINK id="TL145" fromID="E94" fromText="platelets" toID="E92" toText="bands" type="OVERLAP" />
<TLINK id="TL146" fromID="E95" fromText="CBC" toID="E92" toText="bands" type="OVERLAP" />
<TLINK id="TL147" fromID="E96" fromText="white blood cell count" toID="E92" toText="bands" type="OVERLAP" />
<TLINK id="TL148" fromID="E93" fromText="hematocrit" toID="E94" toText="platelets" type="OVERLAP" />
<TLINK id="TL149" fromID="E95" fromText="CBC" toID="E93" toText="hematocrit" type="OVERLAP" />
<TLINK id="TL150" fromID="E96" fromText="white blood cell count" toID="E93" toText="hematocrit" type="OVERLAP" />
<TLINK id="TL151" fromID="E95" fromText="CBC" toID="E94" toText="platelets" type="OVERLAP" />
<TLINK id="TL152" fromID="E96" fromText="white blood cell count" toID="E94" toText="platelets" type="OVERLAP" />
<TLINK id="TL153" fromID="E95" fromText="CBC" toID="E96" toText="white blood cell count" type="OVERLAP" />
<TLINK id="TL154" fromID="E89" fromText="Repeat CBC" toID="E9" toText="showed" type="OVERLAP" />
<TLINK id="TL155" fromID="E9" fromText="showed" toID="E90" toText="a white blood cell count" type="OVERLAP" />
<TLINK id="TL156" fromID="E9" fromText="showed" toID="E101" toText="bands" type="AFTER" />
<TLINK id="TL157" fromID="E9" fromText="showed" toID="E103" toText="platelets" type="AFTER" />
<TLINK id="TL158" fromID="E9" fromText="showed" toID="E104" toText="neutrophils" type="AFTER" />
<TLINK id="TL159" fromID="E89" fromText="Repeat CBC" toID="E90" toText="a white blood cell count" type="OVERLAP" />
<TLINK id="TL160" fromID="E89" fromText="Repeat CBC" toID="E101" toText="bands" type="OVERLAP" />
<TLINK id="TL161" fromID="E89" fromText="Repeat CBC" toID="E103" toText="platelets" type="OVERLAP" />
<TLINK id="TL162" fromID="E89" fromText="Repeat CBC" toID="E104" toText="neutrophils" type="OVERLAP" />
<TLINK id="TL163" fromID="E90" fromText="a white blood cell count" toID="E101" toText="bands" type="OVERLAP" />
<TLINK id="TL164" fromID="E90" fromText="a white blood cell count" toID="E103" toText="platelets" type="OVERLAP" />
<TLINK id="TL165" fromID="E90" fromText="a white blood cell count" toID="E104" toText="neutrophils" type="OVERLAP" />
<TLINK id="TL166" fromID="E103" fromText="platelets" toID="E101" toText="bands" type="OVERLAP" />
<TLINK id="TL167" fromID="E104" fromText="neutrophils" toID="E101" toText="bands" type="OVERLAP" />
<TLINK id="TL168" fromID="E103" fromText="platelets" toID="E104" toText="neutrophils" type="OVERLAP" />
<TLINK id="TL169" fromID="E117" fromText="gentamicin" toID="E46" toText="sepsis" type="AFTER" />
<TLINK id="TL170" fromID="E118" fromText="ampicillin" toID="E46" toText="sepsis" type="AFTER" />
<TLINK id="TL171" fromID="E118" fromText="ampicillin" toID="E117" toText="gentamicin" type="OVERLAP" />
<TLINK id="TL172" fromID="E45" fromText="any issues with sepsis" toID="E120" toText="this hospitalization" type="AFTER" />
<TLINK id="TL174" fromID="E9" fromText="showed" toID="E44" toText="intraventricular hemorrhage" type="OVERLAP" />
<TLINK id="TL175" fromID="E100" fromText="Head ultrasound" toID="E9" toText="showed" type="OVERLAP" />
<TLINK id="TL176" fromID="E100" fromText="Head ultrasound" toID="E44" toText="intraventricular hemorrhage" type="OVERLAP" />
<TLINK id="TL177" fromID="E11" fromText="showed" toID="E49" toText="periventricular leukomalacia" type="OVERLAP" />
<TLINK id="TL178" fromID="E11" fromText="showed" toID="E50" toText="tiny bilateral germinal matrix hemorrhages" type="AFTER" />
<TLINK id="TL179" fromID="E11" fromText="showed" toID="E51" toText="a slight increase of echogenicity in the caudothalamic groove" type="BEFORE" />
<TLINK id="TL180" fromID="E98" fromText="A repeat head ultrasound" toID="E11" toText="showed" type="OVERLAP" />
<TLINK id="TL181" fromID="E50" fromText="tiny bilateral germinal matrix hemorrhages" toID="E49" toText="periventricular leukomalacia" type="OVERLAP" />
<TLINK id="TL182" fromID="E51" fromText="a slight increase of echogenicity in the caudothalamic groove" toID="E49" toText="periventricular leukomalacia" type="OVERLAP" />
<TLINK id="TL183" fromID="E98" fromText="A repeat head ultrasound" toID="E49" toText="periventricular leukomalacia" type="OVERLAP" />
<TLINK id="TL184" fromID="E51" fromText="a slight increase of echogenicity in the caudothalamic groove" toID="E50" toText="tiny bilateral germinal matrix hemorrhages" type="OVERLAP" />
<TLINK id="TL185" fromID="E98" fromText="A repeat head ultrasound" toID="E50" toText="tiny bilateral germinal matrix hemorrhages" type="AFTER" />
<TLINK id="TL186" fromID="E98" fromText="A repeat head ultrasound" toID="E51" toText="a slight increase of echogenicity in the caudothalamic groove" type="AFTER" />
<TLINK id="TL187" fromID="E35" fromText="automated" toID="E87" toText="auditory brain stem responses" type="OVERLAP" />
<TLINK id="TL188" fromID="E88" fromText="Sensory , hearing screening" toID="E35" toText="automated" type="AFTER" />
<TLINK id="TL189" fromID="E88" fromText="Sensory , hearing screening" toID="E87" toText="auditory brain stem responses" type="OVERLAP" />
<TLINK id="TL190" fromID="E48" fromText="immaturity of the retinal vessels" toID="E57" toText="ROP" type="OVERLAP" />
<TLINK id="TL193" fromID="E52" fromText="progressive preterm labor" toID="T34" toText="30 and 08-01 week" type="OVERLAP" />
<TLINK id="TL194" fromID="E55" fromText="triplet gestation" toID="T34" toText="30 and 08-01 week" type="OVERLAP" />
<TLINK id="TL195" fromID="E108" fromText="cesarean section" toID="T34" toText="30 and 08-01 week" type="OVERLAP" />
<TLINK id="TL199" fromID="E39" fromText="vaginal pressure" toID="T33" toText="23 and 1/7 weeks" type="OVERLAP" />
<TLINK id="TL200" fromID="E54" fromText="abdominal discomfort" toID="T33" toText="23 and 1/7 weeks" type="OVERLAP" />
<TLINK id="TL201" fromID="E2" fromText="in house" toID="T3" toText="that time" type="OVERLAP" />
<TLINK id="TL203" fromID="E106" fromText="delivery" toID="T3" toText="that time" type="OVERLAP" />
<TLINK id="TL204" fromID="E107" fromText="a full course of betamethasone" toID="T8" toText="24 weeks" type="OVERLAP" />
<TLINK id="TL205" fromID="E84" fromText="Apgars" toID="T7" toText="one minute" type="OVERLAP" />
<TLINK id="TL206" fromID="E43" fromText="increased respiratory distress" toID="T5" toText="day of life two" type="OVERLAP" />
<TLINK id="TL208" fromID="E119" fromText="intubated" toID="T5" toText="day of life two" type="OVERLAP" />
<TLINK id="TL209" fromID="E116" fromText="extubated" toID="T11" toText="day of life four" type="OVERLAP" />
<TLINK id="TL212" fromID="E126" fromText="Caffeine citrate" toID="T9" toText="day of life six" type="AFTER" />
<TLINK id="TL213" fromID="E41" fromText="bradycardia" toID="T14" toText="06-10" type="OVERLAP" />
<TLINK id="TL214" fromID="E42" fromText="The last apnea" toID="T14" toText="06-10" type="OVERLAP" />
<TLINK id="TL215" fromID="E127" fromText="nothing by mouth" toID="T12" toText="per day" type="OVERLAP" />
<TLINK id="TL216" fromID="E128" fromText="D10W intravenously" toID="T12" toText="per day" type="OVERLAP" />
<TLINK id="TL217" fromID="E26" fromText="full volume" toID="T17" toText="per day" type="OVERLAP" />
<TLINK id="TL218" fromID="E27" fromText="advanced" toID="T17" toText="per day" type="OVERLAP" />
<TLINK id="TL223" fromID="E32" fromText="breast" toID="T16" toText="per day" type="OVERLAP" />
<TLINK id="TL224" fromID="E135" fromText="Enfamil" toID="T16" toText="per day" type="OVERLAP" />
<TLINK id="TL225" fromID="E58" fromText="chloride" toID="T21" toText="day of life five" type="OVERLAP" />
<TLINK id="TL226" fromID="E59" fromText="sodium" toID="T21" toText="day of life five" type="OVERLAP" />
<TLINK id="TL227" fromID="E60" fromText="TCO2" toID="T21" toText="day of life five" type="OVERLAP" />
<TLINK id="TL228" fromID="E61" fromText="potassium" toID="T21" toText="day of life five" type="OVERLAP" />
<TLINK id="TL229" fromID="E64" fromText="The most recent electrolytes" toID="T21" toText="day of life five" type="OVERLAP" />
<TLINK id="TL230" fromID="E70" fromText="phosphorus" toID="T22" toText="day of life 25" type="OVERLAP" />
<TLINK id="TL231" fromID="E71" fromText="calcium" toID="T22" toText="day of life 25" type="OVERLAP" />
<TLINK id="TL232" fromID="E73" fromText="alkaline phosphatase" toID="T22" toText="day of life 25" type="OVERLAP" />
<TLINK id="TL233" fromID="E67" fromText="a direct" toID="T19" toText="day of life two" type="OVERLAP" />
<TLINK id="TL234" fromID="E72" fromText="a maximum bilirubin level" toID="T19" toText="day of life two" type="OVERLAP" />
<TLINK id="TL236" fromID="E129" fromText="single phototherapy" toID="T20" toText="day of life six" type="BEFORE" />
<TLINK id="TL237" fromID="E130" fromText="phototherapy" toID="T20" toText="day of life six" type="BEFORE" />
<TLINK id="TL238" fromID="E66" fromText="Rebound bilirubin level" toID="T25" toText="day of life seven" type="OVERLAP" />
<TLINK id="TL239" fromID="E69" fromText="a direct" toID="T25" toText="day of life seven" type="OVERLAP" />
<TLINK id="TL240" fromID="E68" fromText="The most recent hematocrit" toID="T26" toText="day of life two" type="OVERLAP" />
<TLINK id="TL241" fromID="E9" fromText="showed" toID="T23" toText="day of life two" type="OVERLAP" />
<TLINK id="TL242" fromID="E89" fromText="Repeat CBC" toID="T23" toText="day of life two" type="OVERLAP" />
<TLINK id="TL243" fromID="E90" fromText="a white blood cell count" toID="T23" toText="day of life two" type="OVERLAP" />
<TLINK id="TL244" fromID="E101" fromText="bands" toID="T23" toText="day of life two" type="OVERLAP" />
<TLINK id="TL245" fromID="E103" fromText="platelets" toID="T23" toText="day of life two" type="OVERLAP" />
<TLINK id="TL246" fromID="E104" fromText="neutrophils" toID="T23" toText="day of life two" type="OVERLAP" />
<TLINK id="TL247" fromID="E102" fromText="Repeat platelet count" toID="T24" toText="day of life three" type="OVERLAP" />
<TLINK id="TL248" fromID="E46" fromText="sepsis" toID="T32" toText="48 hours" type="OVERLAP" />
<TLINK id="TL249" fromID="E117" fromText="gentamicin" toID="T32" toText="48 hours" type="OVERLAP" />
<TLINK id="TL250" fromID="E118" fromText="ampicillin" toID="T32" toText="48 hours" type="OVERLAP" />
<TLINK id="TL251" fromID="E9" fromText="showed" toID="T31" toText="day of life seven" type="OVERLAP" />
<TLINK id="TL252" fromID="E44" fromText="intraventricular hemorrhage" toID="T31" toText="day of life seven" type="OVERLAP" />
<TLINK id="TL253" fromID="E100" fromText="Head ultrasound" toID="T31" toText="day of life seven" type="OVERLAP" />
<TLINK id="TL254" fromID="E11" fromText="showed" toID="T35" toText="day of life 33 06-07" type="OVERLAP" />
<TLINK id="TL255" fromID="E49" fromText="periventricular leukomalacia" toID="T35" toText="day of life 33 06-07" type="OVERLAP" />
<TLINK id="TL256" fromID="E50" fromText="tiny bilateral germinal matrix hemorrhages" toID="T35" toText="day of life 33 06-07" type="OVERLAP" />
<TLINK id="TL257" fromID="E51" fromText="a slight increase of echogenicity in the caudothalamic groove" toID="T35" toText="day of life 33 06-07" type="OVERLAP" />
<TLINK id="TL258" fromID="E98" fromText="A repeat head ultrasound" toID="T35" toText="day of life 33 06-07" type="OVERLAP" />
<TLINK id="TL259" fromID="E98" fromText="A repeat head ultrasound" toID="T28" toText="one month" type="OVERLAP" />
<TLINK id="TL260" fromID="E48" fromText="immaturity of the retinal vessels" toID="T27" toText="05-30" type="OVERLAP" />
<TLINK id="TL261" fromID="E57" fromText="ROP" toID="T27" toText="05-30" type="OVERLAP" />
<TLINK id="TL262" fromID="E86" fromText="A follow up examination" toID="T30" toText="the week" type="OVERLAP" />
<TLINK id="TL263" fromID="E2" fromText="in house" toID="E86" toText="A follow up examination" type="OVERLAP" />
<TLINK id="TL264" fromID="E12" fromText="admitted" toID="E86" toText="A follow up examination" type="OVERLAP" />
<TLINK id="TL265" fromID="E106" fromText="delivery" toID="E86" toText="A follow up examination" type="OVERLAP" />
<TLINK id="TL266" fromID="E107" fromText="a full course of betamethasone" toID="E86" toText="A follow up examination" type="OVERLAP" />
<TLINK id="TL267" fromID="E43" fromText="increased respiratory distress" toID="E67" toText="a direct" type="OVERLAP" />
<TLINK id="TL268" fromID="E43" fromText="increased respiratory distress" toID="E72" toText="a maximum bilirubin level" type="OVERLAP" />
<TLINK id="TL269" fromID="E43" fromText="increased respiratory distress" toID="E136" toText="double phototherapy" type="OVERLAP" />
<TLINK id="TL270" fromID="E43" fromText="increased respiratory distress" toID="E68" toText="The most recent hematocrit" type="OVERLAP" />
<TLINK id="TL271" fromID="E43" fromText="increased respiratory distress" toID="E9" toText="showed" type="OVERLAP" />
<TLINK id="TL272" fromID="E43" fromText="increased respiratory distress" toID="E89" toText="Repeat CBC" type="OVERLAP" />
<TLINK id="TL273" fromID="E43" fromText="increased respiratory distress" toID="E90" toText="a white blood cell count" type="OVERLAP" />
<TLINK id="TL274" fromID="E43" fromText="increased respiratory distress" toID="E101" toText="bands" type="OVERLAP" />
<TLINK id="TL275" fromID="E43" fromText="increased respiratory distress" toID="E103" toText="platelets" type="OVERLAP" />
<TLINK id="TL276" fromID="E43" fromText="increased respiratory distress" toID="E104" toText="neutrophils" type="OVERLAP" />
<TLINK id="TL277" fromID="E113" fromText="surfactant" toID="E67" toText="a direct" type="OVERLAP" />
<TLINK id="TL278" fromID="E113" fromText="surfactant" toID="E72" toText="a maximum bilirubin level" type="OVERLAP" />
<TLINK id="TL279" fromID="E113" fromText="surfactant" toID="E136" toText="double phototherapy" type="OVERLAP" />
<TLINK id="TL280" fromID="E113" fromText="surfactant" toID="E68" toText="The most recent hematocrit" type="OVERLAP" />
<TLINK id="TL281" fromID="E113" fromText="surfactant" toID="E9" toText="showed" type="OVERLAP" />
<TLINK id="TL282" fromID="E113" fromText="surfactant" toID="E89" toText="Repeat CBC" type="OVERLAP" />
<TLINK id="TL283" fromID="E113" fromText="surfactant" toID="E90" toText="a white blood cell count" type="OVERLAP" />
<TLINK id="TL284" fromID="E113" fromText="surfactant" toID="E101" toText="bands" type="OVERLAP" />
<TLINK id="TL285" fromID="E113" fromText="surfactant" toID="E103" toText="platelets" type="OVERLAP" />
<TLINK id="TL286" fromID="E113" fromText="surfactant" toID="E104" toText="neutrophils" type="OVERLAP" />
<TLINK id="TL287" fromID="E119" fromText="intubated" toID="E67" toText="a direct" type="OVERLAP" />
<TLINK id="TL288" fromID="E119" fromText="intubated" toID="E72" toText="a maximum bilirubin level" type="OVERLAP" />
<TLINK id="TL289" fromID="E119" fromText="intubated" toID="E136" toText="double phototherapy" type="OVERLAP" />
<TLINK id="TL290" fromID="E119" fromText="intubated" toID="E68" toText="The most recent hematocrit" type="OVERLAP" />
<TLINK id="TL291" fromID="E119" fromText="intubated" toID="E9" toText="showed" type="OVERLAP" />
<TLINK id="TL292" fromID="E119" fromText="intubated" toID="E89" toText="Repeat CBC" type="OVERLAP" />
<TLINK id="TL293" fromID="E119" fromText="intubated" toID="E90" toText="a white blood cell count" type="OVERLAP" />
<TLINK id="TL294" fromID="E119" fromText="intubated" toID="E101" toText="bands" type="OVERLAP" />
<TLINK id="TL295" fromID="E119" fromText="intubated" toID="E103" toText="platelets" type="OVERLAP" />
<TLINK id="TL296" fromID="E119" fromText="intubated" toID="E104" toText="neutrophils" type="OVERLAP" />
<TLINK id="TL297" fromID="E116" fromText="extubated" toID="E126" toText="Caffeine citrate" type="OVERLAP" />
<TLINK id="TL298" fromID="E116" fromText="extubated" toID="E129" toText="single phototherapy" type="OVERLAP" />
<TLINK id="TL299" fromID="E116" fromText="extubated" toID="E130" toText="phototherapy" type="OVERLAP" />
<TLINK id="TL300" fromID="E116" fromText="extubated" toID="E26" toText="full volume" type="OVERLAP" />
<TLINK id="TL301" fromID="E116" fromText="extubated" toID="E27" toText="advanced" type="OVERLAP" />
<TLINK id="TL302" fromID="E116" fromText="extubated" toID="E121" toText="enteral feedings" type="OVERLAP" />
<TLINK id="TL303" fromID="E116" fromText="extubated" toID="E126" toText="Caffeine citrate" type="OVERLAP" />
<TLINK id="TL304" fromID="E116" fromText="extubated" toID="E129" toText="single phototherapy" type="OVERLAP" />
<TLINK id="TL305" fromID="E116" fromText="extubated" toID="E130" toText="phototherapy" type="OVERLAP" />
<TLINK id="TL306" fromID="E116" fromText="extubated" toID="E26" toText="full volume" type="OVERLAP" />
<TLINK id="TL307" fromID="E116" fromText="extubated" toID="E27" toText="advanced" type="OVERLAP" />
<TLINK id="TL308" fromID="E116" fromText="extubated" toID="E121" toText="enteral feedings" type="OVERLAP" />
<TLINK id="TL309" fromID="E125" fromText="CPAP" toID="E126" toText="Caffeine citrate" type="OVERLAP" />
<TLINK id="TL310" fromID="E125" fromText="CPAP" toID="E129" toText="single phototherapy" type="OVERLAP" />
<TLINK id="TL311" fromID="E125" fromText="CPAP" toID="E130" toText="phototherapy" type="OVERLAP" />
<TLINK id="TL312" fromID="E125" fromText="CPAP" toID="E26" toText="full volume" type="OVERLAP" />
<TLINK id="TL313" fromID="E125" fromText="CPAP" toID="E27" toText="advanced" type="OVERLAP" />
<TLINK id="TL314" fromID="E125" fromText="CPAP" toID="E121" toText="enteral feedings" type="OVERLAP" />
<TLINK id="TL315" fromID="E126" fromText="Caffeine citrate" toID="E116" toText="extubated" type="OVERLAP" />
<TLINK id="TL316" fromID="E126" fromText="Caffeine citrate" toID="E116" toText="extubated" type="OVERLAP" />
<TLINK id="TL317" fromID="E126" fromText="Caffeine citrate" toID="E125" toText="CPAP" type="OVERLAP" />
<TLINK id="TL318" fromID="E126" fromText="Caffeine citrate" toID="E129" toText="single phototherapy" type="OVERLAP" />
<TLINK id="TL319" fromID="E126" fromText="Caffeine citrate" toID="E130" toText="phototherapy" type="OVERLAP" />
<TLINK id="TL320" fromID="E26" fromText="full volume" toID="E116" toText="extubated" type="OVERLAP" />
<TLINK id="TL321" fromID="E26" fromText="full volume" toID="E116" toText="extubated" type="OVERLAP" />
<TLINK id="TL322" fromID="E26" fromText="full volume" toID="E125" toText="CPAP" type="OVERLAP" />
<TLINK id="TL323" fromID="E26" fromText="full volume" toID="E66" toText="Rebound bilirubin level" type="OVERLAP" />
<TLINK id="TL324" fromID="E26" fromText="full volume" toID="E69" toText="a direct" type="OVERLAP" />
<TLINK id="TL325" fromID="E26" fromText="full volume" toID="E9" toText="showed" type="OVERLAP" />
<TLINK id="TL326" fromID="E26" fromText="full volume" toID="E44" toText="intraventricular hemorrhage" type="OVERLAP" />
<TLINK id="TL327" fromID="E26" fromText="full volume" toID="E100" toText="Head ultrasound" type="OVERLAP" />
<TLINK id="TL328" fromID="E27" fromText="advanced" toID="E116" toText="extubated" type="OVERLAP" />
<TLINK id="TL329" fromID="E27" fromText="advanced" toID="E116" toText="extubated" type="OVERLAP" />
<TLINK id="TL330" fromID="E27" fromText="advanced" toID="E125" toText="CPAP" type="OVERLAP" />
<TLINK id="TL331" fromID="E27" fromText="advanced" toID="E66" toText="Rebound bilirubin level" type="OVERLAP" />
<TLINK id="TL332" fromID="E27" fromText="advanced" toID="E69" toText="a direct" type="OVERLAP" />
<TLINK id="TL333" fromID="E27" fromText="advanced" toID="E9" toText="showed" type="OVERLAP" />
<TLINK id="TL334" fromID="E27" fromText="advanced" toID="E44" toText="intraventricular hemorrhage" type="OVERLAP" />
<TLINK id="TL335" fromID="E27" fromText="advanced" toID="E100" toText="Head ultrasound" type="OVERLAP" />
<TLINK id="TL336" fromID="E121" fromText="enteral feedings" toID="E116" toText="extubated" type="OVERLAP" />
<TLINK id="TL337" fromID="E121" fromText="enteral feedings" toID="E116" toText="extubated" type="OVERLAP" />
<TLINK id="TL338" fromID="E121" fromText="enteral feedings" toID="E125" toText="CPAP" type="OVERLAP" />
<TLINK id="TL339" fromID="E121" fromText="enteral feedings" toID="E66" toText="Rebound bilirubin level" type="OVERLAP" />
<TLINK id="TL340" fromID="E121" fromText="enteral feedings" toID="E69" toText="a direct" type="OVERLAP" />
<TLINK id="TL341" fromID="E121" fromText="enteral feedings" toID="E9" toText="showed" type="OVERLAP" />
<TLINK id="TL342" fromID="E121" fromText="enteral feedings" toID="E44" toText="intraventricular hemorrhage" type="OVERLAP" />
<TLINK id="TL343" fromID="E121" fromText="enteral feedings" toID="E100" toText="Head ultrasound" type="OVERLAP" />
<TLINK id="TL344" fromID="E67" fromText="a direct" toID="E43" toText="increased respiratory distress" type="OVERLAP" />
<TLINK id="TL345" fromID="E67" fromText="a direct" toID="E113" toText="surfactant" type="OVERLAP" />
<TLINK id="TL346" fromID="E67" fromText="a direct" toID="E119" toText="intubated" type="OVERLAP" />
<TLINK id="TL347" fromID="E67" fromText="a direct" toID="E68" toText="The most recent hematocrit" type="OVERLAP" />
<TLINK id="TL348" fromID="E67" fromText="a direct" toID="E9" toText="showed" type="OVERLAP" />
<TLINK id="TL349" fromID="E67" fromText="a direct" toID="E89" toText="Repeat CBC" type="OVERLAP" />
<TLINK id="TL350" fromID="E67" fromText="a direct" toID="E90" toText="a white blood cell count" type="OVERLAP" />
<TLINK id="TL351" fromID="E67" fromText="a direct" toID="E101" toText="bands" type="OVERLAP" />
<TLINK id="TL352" fromID="E67" fromText="a direct" toID="E103" toText="platelets" type="OVERLAP" />
<TLINK id="TL353" fromID="E67" fromText="a direct" toID="E104" toText="neutrophils" type="OVERLAP" />
<TLINK id="TL354" fromID="E72" fromText="a maximum bilirubin level" toID="E43" toText="increased respiratory distress" type="OVERLAP" />
<TLINK id="TL355" fromID="E72" fromText="a maximum bilirubin level" toID="E113" toText="surfactant" type="OVERLAP" />
<TLINK id="TL356" fromID="E72" fromText="a maximum bilirubin level" toID="E119" toText="intubated" type="OVERLAP" />
<TLINK id="TL357" fromID="E72" fromText="a maximum bilirubin level" toID="E68" toText="The most recent hematocrit" type="OVERLAP" />
<TLINK id="TL358" fromID="E72" fromText="a maximum bilirubin level" toID="E9" toText="showed" type="OVERLAP" />
<TLINK id="TL359" fromID="E72" fromText="a maximum bilirubin level" toID="E89" toText="Repeat CBC" type="OVERLAP" />
<TLINK id="TL360" fromID="E72" fromText="a maximum bilirubin level" toID="E90" toText="a white blood cell count" type="OVERLAP" />
<TLINK id="TL361" fromID="E72" fromText="a maximum bilirubin level" toID="E101" toText="bands" type="OVERLAP" />
<TLINK id="TL362" fromID="E72" fromText="a maximum bilirubin level" toID="E103" toText="platelets" type="OVERLAP" />
<TLINK id="TL363" fromID="E72" fromText="a maximum bilirubin level" toID="E104" toText="neutrophils" type="OVERLAP" />
<TLINK id="TL364" fromID="E136" fromText="double phototherapy" toID="E43" toText="increased respiratory distress" type="OVERLAP" />
<TLINK id="TL365" fromID="E136" fromText="double phototherapy" toID="E113" toText="surfactant" type="OVERLAP" />
<TLINK id="TL366" fromID="E136" fromText="double phototherapy" toID="E119" toText="intubated" type="OVERLAP" />
<TLINK id="TL367" fromID="E136" fromText="double phototherapy" toID="E68" toText="The most recent hematocrit" type="OVERLAP" />
<TLINK id="TL368" fromID="E136" fromText="double phototherapy" toID="E9" toText="showed" type="OVERLAP" />
<TLINK id="TL369" fromID="E136" fromText="double phototherapy" toID="E89" toText="Repeat CBC" type="OVERLAP" />
<TLINK id="TL370" fromID="E136" fromText="double phototherapy" toID="E90" toText="a white blood cell count" type="OVERLAP" />
<TLINK id="TL371" fromID="E136" fromText="double phototherapy" toID="E101" toText="bands" type="OVERLAP" />
<TLINK id="TL372" fromID="E136" fromText="double phototherapy" toID="E103" toText="platelets" type="OVERLAP" />
<TLINK id="TL373" fromID="E136" fromText="double phototherapy" toID="E104" toText="neutrophils" type="OVERLAP" />
<TLINK id="TL374" fromID="E129" fromText="single phototherapy" toID="E116" toText="extubated" type="OVERLAP" />
<TLINK id="TL375" fromID="E129" fromText="single phototherapy" toID="E116" toText="extubated" type="OVERLAP" />
<TLINK id="TL376" fromID="E129" fromText="single phototherapy" toID="E125" toText="CPAP" type="OVERLAP" />
<TLINK id="TL377" fromID="E129" fromText="single phototherapy" toID="E126" toText="Caffeine citrate" type="OVERLAP" />
<TLINK id="TL378" fromID="E130" fromText="phototherapy" toID="E116" toText="extubated" type="OVERLAP" />
<TLINK id="TL379" fromID="E130" fromText="phototherapy" toID="E116" toText="extubated" type="OVERLAP" />
<TLINK id="TL380" fromID="E130" fromText="phototherapy" toID="E125" toText="CPAP" type="OVERLAP" />
<TLINK id="TL381" fromID="E130" fromText="phototherapy" toID="E126" toText="Caffeine citrate" type="OVERLAP" />
<TLINK id="TL382" fromID="E66" fromText="Rebound bilirubin level" toID="E26" toText="full volume" type="OVERLAP" />
<TLINK id="TL383" fromID="E66" fromText="Rebound bilirubin level" toID="E27" toText="advanced" type="OVERLAP" />
<TLINK id="TL384" fromID="E66" fromText="Rebound bilirubin level" toID="E121" toText="enteral feedings" type="OVERLAP" />
<TLINK id="TL385" fromID="E66" fromText="Rebound bilirubin level" toID="E9" toText="showed" type="OVERLAP" />
<TLINK id="TL386" fromID="E66" fromText="Rebound bilirubin level" toID="E44" toText="intraventricular hemorrhage" type="OVERLAP" />
<TLINK id="TL387" fromID="E66" fromText="Rebound bilirubin level" toID="E100" toText="Head ultrasound" type="OVERLAP" />
<TLINK id="TL388" fromID="E69" fromText="a direct" toID="E26" toText="full volume" type="OVERLAP" />
<TLINK id="TL389" fromID="E69" fromText="a direct" toID="E27" toText="advanced" type="OVERLAP" />
<TLINK id="TL390" fromID="E69" fromText="a direct" toID="E121" toText="enteral feedings" type="OVERLAP" />
<TLINK id="TL391" fromID="E69" fromText="a direct" toID="E9" toText="showed" type="OVERLAP" />
<TLINK id="TL392" fromID="E69" fromText="a direct" toID="E44" toText="intraventricular hemorrhage" type="OVERLAP" />
<TLINK id="TL393" fromID="E69" fromText="a direct" toID="E100" toText="Head ultrasound" type="OVERLAP" />
<TLINK id="TL394" fromID="E68" fromText="The most recent hematocrit" toID="E43" toText="increased respiratory distress" type="OVERLAP" />
<TLINK id="TL395" fromID="E68" fromText="The most recent hematocrit" toID="E113" toText="surfactant" type="OVERLAP" />
<TLINK id="TL396" fromID="E68" fromText="The most recent hematocrit" toID="E119" toText="intubated" type="OVERLAP" />
<TLINK id="TL397" fromID="E68" fromText="The most recent hematocrit" toID="E67" toText="a direct" type="OVERLAP" />
<TLINK id="TL398" fromID="E68" fromText="The most recent hematocrit" toID="E72" toText="a maximum bilirubin level" type="OVERLAP" />
<TLINK id="TL399" fromID="E68" fromText="The most recent hematocrit" toID="E136" toText="double phototherapy" type="OVERLAP" />
<TLINK id="TL400" fromID="E68" fromText="The most recent hematocrit" toID="E9" toText="showed" type="OVERLAP" />
<TLINK id="TL401" fromID="E68" fromText="The most recent hematocrit" toID="E89" toText="Repeat CBC" type="OVERLAP" />
<TLINK id="TL402" fromID="E68" fromText="The most recent hematocrit" toID="E90" toText="a white blood cell count" type="OVERLAP" />
<TLINK id="TL403" fromID="E68" fromText="The most recent hematocrit" toID="E101" toText="bands" type="OVERLAP" />
<TLINK id="TL404" fromID="E68" fromText="The most recent hematocrit" toID="E103" toText="platelets" type="OVERLAP" />
<TLINK id="TL405" fromID="E68" fromText="The most recent hematocrit" toID="E104" toText="neutrophils" type="OVERLAP" />
<TLINK id="TL406" fromID="E9" fromText="showed" toID="E43" toText="increased respiratory distress" type="OVERLAP" />
<TLINK id="TL407" fromID="E9" fromText="showed" toID="E113" toText="surfactant" type="OVERLAP" />
<TLINK id="TL408" fromID="E9" fromText="showed" toID="E119" toText="intubated" type="OVERLAP" />
<TLINK id="TL409" fromID="E9" fromText="showed" toID="E67" toText="a direct" type="OVERLAP" />
<TLINK id="TL410" fromID="E9" fromText="showed" toID="E72" toText="a maximum bilirubin level" type="OVERLAP" />
<TLINK id="TL411" fromID="E9" fromText="showed" toID="E136" toText="double phototherapy" type="OVERLAP" />
<TLINK id="TL412" fromID="E9" fromText="showed" toID="E68" toText="The most recent hematocrit" type="OVERLAP" />
<TLINK id="TL413" fromID="E89" fromText="Repeat CBC" toID="E43" toText="increased respiratory distress" type="OVERLAP" />
<TLINK id="TL414" fromID="E89" fromText="Repeat CBC" toID="E113" toText="surfactant" type="OVERLAP" />
<TLINK id="TL415" fromID="E89" fromText="Repeat CBC" toID="E119" toText="intubated" type="OVERLAP" />
<TLINK id="TL416" fromID="E89" fromText="Repeat CBC" toID="E67" toText="a direct" type="OVERLAP" />
<TLINK id="TL417" fromID="E89" fromText="Repeat CBC" toID="E72" toText="a maximum bilirubin level" type="OVERLAP" />
<TLINK id="TL418" fromID="E89" fromText="Repeat CBC" toID="E136" toText="double phototherapy" type="OVERLAP" />
<TLINK id="TL419" fromID="E89" fromText="Repeat CBC" toID="E68" toText="The most recent hematocrit" type="OVERLAP" />
<TLINK id="TL420" fromID="E90" fromText="a white blood cell count" toID="E43" toText="increased respiratory distress" type="OVERLAP" />
<TLINK id="TL421" fromID="E90" fromText="a white blood cell count" toID="E113" toText="surfactant" type="OVERLAP" />
<TLINK id="TL422" fromID="E90" fromText="a white blood cell count" toID="E119" toText="intubated" type="OVERLAP" />
<TLINK id="TL423" fromID="E90" fromText="a white blood cell count" toID="E67" toText="a direct" type="OVERLAP" />
<TLINK id="TL424" fromID="E90" fromText="a white blood cell count" toID="E72" toText="a maximum bilirubin level" type="OVERLAP" />
<TLINK id="TL425" fromID="E90" fromText="a white blood cell count" toID="E136" toText="double phototherapy" type="OVERLAP" />
<TLINK id="TL426" fromID="E90" fromText="a white blood cell count" toID="E68" toText="The most recent hematocrit" type="OVERLAP" />
<TLINK id="TL427" fromID="E101" fromText="bands" toID="E43" toText="increased respiratory distress" type="OVERLAP" />
<TLINK id="TL428" fromID="E101" fromText="bands" toID="E113" toText="surfactant" type="OVERLAP" />
<TLINK id="TL429" fromID="E101" fromText="bands" toID="E119" toText="intubated" type="OVERLAP" />
<TLINK id="TL430" fromID="E101" fromText="bands" toID="E67" toText="a direct" type="OVERLAP" />
<TLINK id="TL431" fromID="E101" fromText="bands" toID="E72" toText="a maximum bilirubin level" type="OVERLAP" />
<TLINK id="TL432" fromID="E101" fromText="bands" toID="E136" toText="double phototherapy" type="OVERLAP" />
<TLINK id="TL433" fromID="E101" fromText="bands" toID="E68" toText="The most recent hematocrit" type="OVERLAP" />
<TLINK id="TL434" fromID="E103" fromText="platelets" toID="E43" toText="increased respiratory distress" type="OVERLAP" />
<TLINK id="TL435" fromID="E103" fromText="platelets" toID="E113" toText="surfactant" type="OVERLAP" />
<TLINK id="TL436" fromID="E103" fromText="platelets" toID="E119" toText="intubated" type="OVERLAP" />
<TLINK id="TL437" fromID="E103" fromText="platelets" toID="E67" toText="a direct" type="OVERLAP" />
<TLINK id="TL438" fromID="E103" fromText="platelets" toID="E72" toText="a maximum bilirubin level" type="OVERLAP" />
<TLINK id="TL439" fromID="E103" fromText="platelets" toID="E136" toText="double phototherapy" type="OVERLAP" />
<TLINK id="TL440" fromID="E103" fromText="platelets" toID="E68" toText="The most recent hematocrit" type="OVERLAP" />
<TLINK id="TL441" fromID="E104" fromText="neutrophils" toID="E43" toText="increased respiratory distress" type="OVERLAP" />
<TLINK id="TL442" fromID="E104" fromText="neutrophils" toID="E113" toText="surfactant" type="OVERLAP" />
<TLINK id="TL443" fromID="E104" fromText="neutrophils" toID="E119" toText="intubated" type="OVERLAP" />
<TLINK id="TL444" fromID="E104" fromText="neutrophils" toID="E67" toText="a direct" type="OVERLAP" />
<TLINK id="TL445" fromID="E104" fromText="neutrophils" toID="E72" toText="a maximum bilirubin level" type="OVERLAP" />
<TLINK id="TL446" fromID="E104" fromText="neutrophils" toID="E136" toText="double phototherapy" type="OVERLAP" />
<TLINK id="TL447" fromID="E104" fromText="neutrophils" toID="E68" toText="The most recent hematocrit" type="OVERLAP" />
<TLINK id="TL448" fromID="E9" fromText="showed" toID="E26" toText="full volume" type="OVERLAP" />
<TLINK id="TL449" fromID="E9" fromText="showed" toID="E27" toText="advanced" type="OVERLAP" />
<TLINK id="TL450" fromID="E9" fromText="showed" toID="E121" toText="enteral feedings" type="OVERLAP" />
<TLINK id="TL451" fromID="E9" fromText="showed" toID="E66" toText="Rebound bilirubin level" type="OVERLAP" />
<TLINK id="TL452" fromID="E9" fromText="showed" toID="E69" toText="a direct" type="OVERLAP" />
<TLINK id="TL453" fromID="E44" fromText="intraventricular hemorrhage" toID="E26" toText="full volume" type="OVERLAP" />
<TLINK id="TL454" fromID="E44" fromText="intraventricular hemorrhage" toID="E27" toText="advanced" type="OVERLAP" />
<TLINK id="TL455" fromID="E44" fromText="intraventricular hemorrhage" toID="E121" toText="enteral feedings" type="OVERLAP" />
<TLINK id="TL456" fromID="E44" fromText="intraventricular hemorrhage" toID="E66" toText="Rebound bilirubin level" type="OVERLAP" />
<TLINK id="TL457" fromID="E44" fromText="intraventricular hemorrhage" toID="E69" toText="a direct" type="OVERLAP" />
<TLINK id="TL458" fromID="E100" fromText="Head ultrasound" toID="E26" toText="full volume" type="OVERLAP" />
<TLINK id="TL459" fromID="E100" fromText="Head ultrasound" toID="E27" toText="advanced" type="OVERLAP" />
<TLINK id="TL460" fromID="E100" fromText="Head ultrasound" toID="E121" toText="enteral feedings" type="OVERLAP" />
<TLINK id="TL461" fromID="E100" fromText="Head ultrasound" toID="E66" toText="Rebound bilirubin level" type="OVERLAP" />
<TLINK id="TL462" fromID="E100" fromText="Head ultrasound" toID="E69" toText="a direct" type="OVERLAP" />
<TLINK id="TL474" fromID="E2" fromText="in house" toID="T8" toText="24 weeks" type="OVERLAP" />
<TLINK id="TL475" fromID="E12" fromText="admitted" toID="T3" toText="that time" type="OVERLAP" />
<TLINK id="TL478" fromID="E106" fromText="delivery" toID="T8" toText="24 weeks" type="OVERLAP" />
<TLINK id="TL479" fromID="E107" fromText="a full course of betamethasone" toID="T3" toText="that time" type="OVERLAP" />
<TLINK id="TL481" fromID="E84" fromText="Apgars" toID="T6" toText="five minutes" type="OVERLAP" />
<TLINK id="TL493" fromID="E126" fromText="Caffeine citrate" toID="T36" toText="05-23 ( day of life 18" type="BEFORE" />
<TLINK id="TL498" fromID="E26" fromText="full volume" toID="T13" toText="day of life four" type="OVERLAP" />
<TLINK id="TL501" fromID="E27" fromText="advanced" toID="T13" toText="day of life four" type="OVERLAP" />
<TLINK id="TL505" fromID="E121" fromText="enteral feedings" toID="T17" toText="per day" type="OVERLAP" />
<TLINK id="SECTIME0" fromID="E1" fromText="delivery room" toID="T2" toText="2016-05-05" type="BEFORE" />
<TLINK id="SECTIME1" fromID="E2" fromText="in house" toID="T2" toText="2016-05-05" type="BEFORE" />
<TLINK id="SECTIME2" fromID="E3" fromText="Neonatal Intensive Care Unit" toID="T2" toText="2016-05-05" type="BEFORE" />
<TLINK id="SECTIME3" fromID="E4" fromText="the delivery room" toID="T2" toText="2016-05-05" type="BEFORE" />
<TLINK id="SECTIME4" fromID="E5" fromText="the Neonatal Intensive Care Unit" toID="T1" toText="2016-06-15" type="BEFORE" />
<TLINK id="SECTIME5" fromID="E19" fromText="presented" toID="T2" toText="2016-05-05" type="BEFORE" />
<TLINK id="SECTIME6" fromID="E7" fromText="demonstrated" toID="T2" toText="2016-05-05" type="BEFORE" />
<TLINK id="SECTIME7" fromID="E19" fromText="presented" toID="T2" toText="2016-05-05" type="BEFORE" />
<TLINK id="SECTIME8" fromID="E9" fromText="showed" toID="T1" toText="2016-06-15" type="BEFORE" />
<TLINK id="SECTIME9" fromID="E9" fromText="showed" toID="T1" toText="2016-06-15" type="BEFORE" />
<TLINK id="SECTIME10" fromID="E11" fromText="showed" toID="T1" toText="2016-06-15" type="BEFORE" />
<TLINK id="SECTIME11" fromID="E12" fromText="admitted" toID="T2" toText="2016-05-05" type="BEFORE" />
<TLINK id="SECTIME12" fromID="E19" fromText="presented" toID="T2" toText="2016-05-05" type="BEFORE" />
<TLINK id="SECTIME13" fromID="E14" fromText="EDC" toID="T2" toText="2016-05-05" type="BEFORE" />
<TLINK id="SECTIME14" fromID="E116" fromText="extubated" toID="T1" toText="2016-06-15" type="BEFORE" />
<TLINK id="SECTIME15" fromID="E17" fromText="admission" toID="T1" toText="2016-06-15" type="BEFORE" />
<TLINK id="SECTIME16" fromID="E18" fromText="delivered" toID="T2" toText="2016-05-05" type="BEFORE" />
<TLINK id="SECTIME17" fromID="E19" fromText="presented" toID="T2" toText="2016-05-05" type="BEFORE" />
<TLINK id="SECTIME18" fromID="E20" fromText="this hospitalization" toID="T1" toText="2016-06-15" type="BEFORE" />
<TLINK id="SECTIME19" fromID="E21" fromText="hemodynamically stable" toID="T1" toText="2016-06-15" type="BEFORE" />
<TLINK id="SECTIME20" fromID="E22" fromText="the hospitalization" toID="T1" toText="2016-06-15" type="BEFORE" />
<TLINK id="SECTIME21" fromID="E23" fromText="room air" toID="T1" toText="2016-06-15" type="BEFORE" />
<TLINK id="SECTIME22" fromID="E24" fromText="advanced" toID="T1" toText="2016-06-15" type="BEFORE" />
<TLINK id="SECTIME23" fromID="E25" fromText="tolerated feeding advancement" toID="T1" toText="2016-06-15" type="BEFORE" />
<TLINK id="SECTIME24" fromID="E26" fromText="full volume" toID="T1" toText="2016-06-15" type="BEFORE" />
<TLINK id="SECTIME25" fromID="E27" fromText="advanced" toID="T1" toText="2016-06-15" type="BEFORE" />
<TLINK id="SECTIME26" fromID="E31" fromText="passed both ears" toID="T1" toText="2016-06-15" type="BEFORE" />
<TLINK id="SECTIME27" fromID="E32" fromText="breast" toID="T1" toText="2016-06-15" type="BEFORE" />
<TLINK id="SECTIME28" fromID="E33" fromText="admission" toID="T1" toText="2016-06-15" type="BEFORE" />
<TLINK id="SECTIME29" fromID="E34" fromText="Normal neurological" toID="T1" toText="2016-06-15" type="BEFORE" />
<TLINK id="SECTIME30" fromID="E35" fromText="automated" toID="T1" toText="2016-06-15" type="BEFORE" />
<TLINK id="SECTIME31" fromID="E36" fromText="mild increased work of breathing" toID="T2" toText="2016-05-05" type="BEFORE" />
<TLINK id="SECTIME32" fromID="E37" fromText="cervical dilation" toID="T2" toText="2016-05-05" type="BEFORE" />
<TLINK id="SECTIME33" fromID="E38" fromText="preterm labor" toID="T2" toText="2016-05-05" type="BEFORE" />
<TLINK id="SECTIME34" fromID="E39" fromText="vaginal pressure" toID="T2" toText="2016-05-05" type="BEFORE" />
<TLINK id="SECTIME35" fromID="E40" fromText="murmur" toID="T1" toText="2016-06-15" type="BEFORE" />
<TLINK id="SECTIME36" fromID="E41" fromText="bradycardia" toID="T1" toText="2016-06-15" type="BEFORE" />
<TLINK id="SECTIME37" fromID="E42" fromText="The last apnea" toID="T1" toText="2016-06-15" type="BEFORE" />
<TLINK id="SECTIME38" fromID="E43" fromText="increased respiratory distress" toID="T1" toText="2016-06-15" type="BEFORE" />
<TLINK id="SECTIME39" fromID="E44" fromText="intraventricular hemorrhage" toID="T1" toText="2016-06-15" type="BEFORE" />
<TLINK id="SECTIME40" fromID="E45" fromText="any issues with sepsis" toID="T1" toText="2016-06-15" type="BEFORE" />
<TLINK id="SECTIME41" fromID="E46" fromText="sepsis" toID="T1" toText="2016-06-15" type="BEFORE" />
<TLINK id="SECTIME42" fromID="E47" fromText="difficulty" toID="T1" toText="2016-06-15" type="BEFORE" />
<TLINK id="SECTIME43" fromID="E48" fromText="immaturity of the retinal vessels" toID="T1" toText="2016-06-15" type="BEFORE" />
<TLINK id="SECTIME44" fromID="E49" fromText="periventricular leukomalacia" toID="T1" toText="2016-06-15" type="BEFORE" />
<TLINK id="SECTIME45" fromID="E50" fromText="tiny bilateral germinal matrix hemorrhages" toID="T1" toText="2016-06-15" type="BEFORE" />
<TLINK id="SECTIME46" fromID="E51" fromText="a slight increase of echogenicity in the caudothalamic groove" toID="T1" toText="2016-06-15" type="BEFORE" />
<TLINK id="SECTIME47" fromID="E53" fromText="preterm labor" toID="T2" toText="2016-05-05" type="BEFORE" />
<TLINK id="SECTIME48" fromID="E54" fromText="abdominal discomfort" toID="T2" toText="2016-05-05" type="BEFORE" />
<TLINK id="SECTIME49" fromID="E56" fromText="gestational diabetes mellitus" toID="T2" toText="2016-05-05" type="BEFORE" />
<TLINK id="SECTIME50" fromID="E57" fromText="ROP" toID="T1" toText="2016-06-15" type="BEFORE" />
<TLINK id="SECTIME51" fromID="E58" fromText="chloride" toID="T1" toText="2016-06-15" type="BEFORE" />
<TLINK id="SECTIME52" fromID="E59" fromText="sodium" toID="T1" toText="2016-06-15" type="BEFORE" />
<TLINK id="SECTIME53" fromID="E60" fromText="TCO2" toID="T1" toText="2016-06-15" type="BEFORE" />
<TLINK id="SECTIME54" fromID="E61" fromText="potassium" toID="T1" toText="2016-06-15" type="BEFORE" />
<TLINK id="SECTIME55" fromID="E62" fromText="Head circumference" toID="T1" toText="2016-06-15" type="BEFORE" />
<TLINK id="SECTIME56" fromID="E63" fromText="The most recent weight" toID="T1" toText="2016-06-15" type="BEFORE" />
<TLINK id="SECTIME57" fromID="E64" fromText="The most recent electrolytes" toID="T1" toText="2016-06-15" type="BEFORE" />
<TLINK id="SECTIME58" fromID="E65" fromText="length" toID="T1" toText="2016-06-15" type="BEFORE" />
<TLINK id="SECTIME59" fromID="E66" fromText="Rebound bilirubin level" toID="T1" toText="2016-06-15" type="BEFORE" />
<TLINK id="SECTIME60" fromID="E67" fromText="a direct" toID="T1" toText="2016-06-15" type="BEFORE" />
<TLINK id="SECTIME61" fromID="E68" fromText="The most recent hematocrit" toID="T1" toText="2016-06-15" type="BEFORE" />
<TLINK id="SECTIME62" fromID="E69" fromText="a direct" toID="T1" toText="2016-06-15" type="BEFORE" />
<TLINK id="SECTIME63" fromID="E70" fromText="phosphorus" toID="T1" toText="2016-06-15" type="BEFORE" />
<TLINK id="SECTIME64" fromID="E71" fromText="calcium" toID="T1" toText="2016-06-15" type="BEFORE" />
<TLINK id="SECTIME65" fromID="E72" fromText="a maximum bilirubin level" toID="T1" toText="2016-06-15" type="BEFORE" />
<TLINK id="SECTIME66" fromID="E73" fromText="alkaline phosphatase" toID="T1" toText="2016-06-15" type="BEFORE" />
<TLINK id="SECTIME67" fromID="E74" fromText="Prenatal screen" toID="T2" toText="2016-05-05" type="BEFORE" />
<TLINK id="SECTIME68" fromID="E75" fromText="antibody" toID="T2" toText="2016-05-05" type="BEFORE" />
<TLINK id="SECTIME69" fromID="E76" fromText="RPR" toID="T2" toText="2016-05-05" type="BEFORE" />
<TLINK id="SECTIME70" fromID="E77" fromText="hepatitis B surface antigen" toID="T2" toText="2016-05-05" type="BEFORE" />
<TLINK id="SECTIME71" fromID="E78" fromText="pH" toID="T1" toText="2016-06-15" type="BEFORE" />
<TLINK id="SECTIME72" fromID="E79" fromText="CO2" toID="T1" toText="2016-06-15" type="BEFORE" />
<TLINK id="SECTIME73" fromID="E80" fromText="Heart rate" toID="T1" toText="2016-06-15" type="BEFORE" />
<TLINK id="SECTIME74" fromID="E81" fromText="mean blood pressure" toID="T1" toText="2016-06-15" type="BEFORE" />
<TLINK id="SECTIME75" fromID="E82" fromText="GBS" toID="T2" toText="2016-05-05" type="BEFORE" />
<TLINK id="SECTIME76" fromID="E83" fromText="Rubella" toID="T2" toText="2016-05-05" type="BEFORE" />
<TLINK id="SECTIME77" fromID="E84" fromText="Apgars" toID="T2" toText="2016-05-05" type="BEFORE" />
<TLINK id="SECTIME78" fromID="E85" fromText="Initial capillary blood gas" toID="T1" toText="2016-06-15" type="BEFORE" />
<TLINK id="SECTIME79" fromID="E86" fromText="A follow up examination" toID="T1" toText="2016-06-15" type="BEFORE" />
<TLINK id="SECTIME80" fromID="E87" fromText="auditory brain stem responses" toID="T1" toText="2016-06-15" type="BEFORE" />
<TLINK id="SECTIME81" fromID="E88" fromText="Sensory , hearing screening" toID="T1" toText="2016-06-15" type="BEFORE" />
<TLINK id="SECTIME82" fromID="E89" fromText="Repeat CBC" toID="T1" toText="2016-06-15" type="BEFORE" />
<TLINK id="SECTIME83" fromID="E90" fromText="a white blood cell count" toID="T1" toText="2016-06-15" type="BEFORE" />
<TLINK id="SECTIME84" fromID="E91" fromText="neutrophils" toID="T1" toText="2016-06-15" type="BEFORE" />
<TLINK id="SECTIME85" fromID="E92" fromText="bands" toID="T1" toText="2016-06-15" type="BEFORE" />
<TLINK id="SECTIME86" fromID="E93" fromText="hematocrit" toID="T1" toText="2016-06-15" type="BEFORE" />
<TLINK id="SECTIME87" fromID="E94" fromText="platelets" toID="T1" toText="2016-06-15" type="BEFORE" />
<TLINK id="SECTIME88" fromID="E95" fromText="CBC" toID="T1" toText="2016-06-15" type="BEFORE" />
<TLINK id="SECTIME89" fromID="E96" fromText="white blood cell count" toID="T1" toText="2016-06-15" type="BEFORE" />
<TLINK id="SECTIME90" fromID="E98" fromText="A repeat head ultrasound" toID="T1" toText="2016-06-15" type="BEFORE" />
<TLINK id="SECTIME91" fromID="E98" fromText="A repeat head ultrasound" toID="T1" toText="2016-06-15" type="BEFORE" />
<TLINK id="SECTIME92" fromID="E99" fromText="Blood cultures" toID="T1" toText="2016-06-15" type="BEFORE" />
<TLINK id="SECTIME93" fromID="E100" fromText="Head ultrasound" toID="T1" toText="2016-06-15" type="BEFORE" />
<TLINK id="SECTIME94" fromID="E101" fromText="bands" toID="T1" toText="2016-06-15" type="BEFORE" />
<TLINK id="SECTIME95" fromID="E102" fromText="Repeat platelet count" toID="T1" toText="2016-06-15" type="BEFORE" />
<TLINK id="SECTIME96" fromID="E103" fromText="platelets" toID="T1" toText="2016-06-15" type="BEFORE" />
<TLINK id="SECTIME97" fromID="E104" fromText="neutrophils" toID="T1" toText="2016-06-15" type="BEFORE" />
<TLINK id="SECTIME98" fromID="E105" fromText="delivery" toID="T2" toText="2016-05-05" type="BEFORE" />
<TLINK id="SECTIME99" fromID="E106" fromText="delivery" toID="T2" toText="2016-05-05" type="BEFORE" />
<TLINK id="SECTIME100" fromID="E107" fromText="a full course of betamethasone" toID="T2" toText="2016-05-05" type="BEFORE" />
<TLINK id="SECTIME101" fromID="E109" fromText="facial CPAP" toID="T2" toText="2016-05-05" type="BEFORE" />
<TLINK id="SECTIME102" fromID="E110" fromText="routine care" toID="T2" toText="2016-05-05" type="BEFORE" />
<TLINK id="SECTIME103" fromID="E111" fromText="blow by oxygen" toID="T2" toText="2016-05-05" type="BEFORE" />
<TLINK id="SECTIME104" fromID="E112" fromText="repeat cesarean section" toID="T2" toText="2016-05-05" type="BEFORE" />
<TLINK id="SECTIME105" fromID="E113" fromText="surfactant" toID="T1" toText="2016-06-15" type="BEFORE" />
<TLINK id="SECTIME106" fromID="E114" fromText="30% oxygen" toID="T1" toText="2016-06-15" type="BEFORE" />
<TLINK id="SECTIME107" fromID="E115" fromText="CPAP" toID="T1" toText="2016-06-15" type="BEFORE" />
<TLINK id="SECTIME108" fromID="E116" fromText="extubated" toID="T1" toText="2016-06-15" type="BEFORE" />
<TLINK id="SECTIME109" fromID="E117" fromText="gentamicin" toID="T1" toText="2016-06-15" type="BEFORE" />
<TLINK id="SECTIME110" fromID="E118" fromText="ampicillin" toID="T1" toText="2016-06-15" type="BEFORE" />
<TLINK id="SECTIME111" fromID="E119" fromText="intubated" toID="T1" toText="2016-06-15" type="BEFORE" />
<TLINK id="SECTIME112" fromID="E120" fromText="this hospitalization" toID="T1" toText="2016-06-15" type="BEFORE" />
<TLINK id="SECTIME113" fromID="E121" fromText="enteral feedings" toID="T1" toText="2016-06-15" type="BEFORE" />
<TLINK id="SECTIME114" fromID="E122" fromText="feeding advancement" toID="T1" toText="2016-06-15" type="BEFORE" />
<TLINK id="SECTIME115" fromID="E123" fromText="parenteral nutrition" toID="T1" toText="2016-06-15" type="BEFORE" />
<TLINK id="SECTIME116" fromID="E124" fromText="intralipids" toID="T1" toText="2016-06-15" type="BEFORE" />
<TLINK id="SECTIME117" fromID="E125" fromText="CPAP" toID="T1" toText="2016-06-15" type="BEFORE" />
<TLINK id="SECTIME118" fromID="E126" fromText="Caffeine citrate" toID="T1" toText="2016-06-15" type="BEFORE" />
<TLINK id="SECTIME119" fromID="E127" fromText="nothing by mouth" toID="T1" toText="2016-06-15" type="BEFORE" />
<TLINK id="SECTIME120" fromID="E128" fromText="D10W intravenously" toID="T1" toText="2016-06-15" type="BEFORE" />
<TLINK id="SECTIME121" fromID="E129" fromText="single phototherapy" toID="T1" toText="2016-06-15" type="BEFORE" />
<TLINK id="SECTIME122" fromID="E130" fromText="phototherapy" toID="T1" toText="2016-06-15" type="BEFORE" />
<TLINK id="SECTIME123" fromID="E131" fromText="any blood transfusions" toID="T1" toText="2016-06-15" type="BEFORE" />
<TLINK id="SECTIME124" fromID="E132" fromText="hospitalization" toID="T1" toText="2016-06-15" type="BEFORE" />
<TLINK id="SECTIME125" fromID="E133" fromText="premature Enfamil" toID="T1" toText="2016-06-15" type="BEFORE" />
<TLINK id="SECTIME126" fromID="E134" fromText="ProMod" toID="T1" toText="2016-06-15" type="BEFORE" />
<TLINK id="SECTIME127" fromID="E135" fromText="Enfamil" toID="T1" toText="2016-06-15" type="BEFORE" />
<TLINK id="SECTIME128" fromID="E136" fromText="double phototherapy" toID="T1" toText="2016-06-15" type="BEFORE" />
</TAGS>
</ClinicalNarrativeTemporalAnnotation>