<?xml version="1.0" encoding="UTF-8" ?>
<ClinicalNarrativeTemporalAnnotation>
<TEXT><![CDATA[
Admission Date :
2014-04-14
Discharge Date :
2014-04-19
Service :
CMED
HISTORY OF PRESENT ILLNESS :
Baby boy Liles is the 2.985 kg product of a 34 week gestation born to a 30-year-old G3 , P0 , now 1 mother .
Prenatal screens - A positive , antibody negative , hepatitis surface antigen negative , RPR nonreactive , rubella immune , GBS unknown .
PAST OBSTETRICAL HISTORY :
Remarkable for an intrauterine fetal demise at 30 weeks gestation . 
This pregnancy complicated by hydramnios also .
The baby 's autopsy was reported to be normal .
Dates are by first trimester ultrasound .
Pregnancy was complicated by severe polyhydramnios with an AFI of 45 just prior to delivery .
Mother has had multiple ultrasounds and fetal surveys at 17 and 21 weeks that had been unremarkable .
Mother was transferred to the Debbie-Monaco from Western Mass. Hospital Hospital in the middle of January with increasing polyhydramnios and preterm labor .
She received a full course of betamethasone on 03-28 and was treated with magnesium sulfate until 04-12 .
She was given 1 dose of nifedipine 2 days ago as a tocolytic without effect .
Delivery by cesarean section was prompted by ongoing labor .
Preterm labor with new onset of late decelerations and breech presentation .
Nuchal cord was noted at delivery .
The infant cried after bulb suctioning and stimulation .
Apgars were 8 and 8 .
SUMMARY OF HOSPITAL COURSE BY SYSTEMS :
RESPIRATORY :
Jacqueline has been admitted to the newborn intensive care unit and has been stable in room air since admission .
CARDIOVASCULAR :
Infant has an audible murmur .
Cardiology consult of the infant on 04-18 .
Echocardiogram results were within normal limits revealing a PPS murmur .
FLUIDS , ELECTROLYTES AND NUTRITION :
Birth weight was 2.985 kg .
Discharge weight ..
The infant was initially started on 60 cc per kg per day of D10W .
Enteral feedings were initiated on day of life No.1 .
The infant is currently on a 120 cc per kg per day of premature Enfamil 20 calorie or breast milk , tolerating feeds well .
Electrolytes on day of life 1 showed a sodium of 142 , potassium of 5.1 , chloride of 108 , and total CO2 of 23 .
GASTROINTESTINAL :
Bilirubin on 04-17 was 8.2/0.3 .
Surgery was consulted to rule out a TE fistula as the infant had an incidental pass of a gavage tube into his right bronchus .
TEF was primarily ruled out as Baker was passed easily to stomach and x-ray revealed good position .
HEMATOLOGY :
Hematocrit on admission was 38.2 .
The infant has not required any blood transfusions .
INFECTIOUS DISEASE :
CBC and blood cultures were obtained on admission .
CBC was benign and blood cultures remained negative at 48 hours at which time ampicillin and gentamicin were discontinued .
Initial CBC had a white count of 16 , platelet count of 204 , 53 polys and 0 bands .
NEUROLOGY :
Appropriate for gestational age .
MUSCULOSKELETAL :
Of note incidental finding on x-ray , the infant has a hemivertebra at T11 .
AUDIOLOGY :
Hearing screen has not been done but should be done prior to discharge .
]]></TEXT>
<TAGS>
<EVENT id="E1" start="1458" end="1461" text="the newborn intensive care unit" modality="FACTUAL" polarity="POS" type="CLINICAL_DEPT" />
<EVENT id="E2" start="2203" end="2210" text="Surgery" modality="FACTUAL" polarity="POS" type="CLINICAL_DEPT" />
<EVENT id="E3" start="804" end="807" text="the Debbie-Monaco" modality="FACTUAL" polarity="POS" type="CLINICAL_DEPT" />
<EVENT id="E4" start="2067" end="2073" text="showed" modality="FACTUAL" polarity="POS" type="EVIDENTIAL" />
<EVENT id="E5" start="2406" end="2414" text="revealed" modality="FACTUAL" polarity="POS" type="EVIDENTIAL" />
<EVENT id="E6" start="1273" end="1278" text="noted" modality="FACTUAL" polarity="POS" type="EVIDENTIAL" />
<EVENT id="E7" start="1503" end="1509" text="stable" modality="FACTUAL" polarity="POS" type="OCCURRENCE" />
<EVENT id="E8" start="1446" end="1454" text="admitted" modality="FACTUAL" polarity="POS" type="OCCURRENCE" />
<EVENT id="E9" start="1279" end="1281" text="at delivery" modality="FACTUAL" polarity="POS" type="OCCURRENCE" />
<EVENT id="E10" start="1119" end="1127" text="Delivery" modality="FACTUAL" polarity="POS" type="OCCURRENCE" />
<EVENT id="E11" start="789" end="800" text="transferred" modality="FACTUAL" polarity="POS" type="OCCURRENCE" />
<EVENT id="E12" start="665" end="673" text="delivery" modality="FACTUAL" polarity="POS" type="OCCURRENCE" />
<EVENT id="E13" start="444" end="448" text="This pregnancy" modality="FACTUAL" polarity="POS" type="OCCURRENCE" />
<EVENT id="E14" start="153" end="162" text="gestation born" modality="FACTUAL" polarity="POS" type="OCCURRENCE" />
<EVENT id="E15" start="29" end="38" text="Discharge" modality="FACTUAL" polarity="POS" type="OCCURRENCE" />
<EVENT id="E16" start="1" end="10" text="Admission" modality="FACTUAL" polarity="POS" type="OCCURRENCE" />
<EVENT id="E17" start="2415" end="2419" text="good position" modality="FACTUAL" polarity="POS" type="OCCURRENCE" />
<EVENT id="E18" start="2593" end="2602" text="admission" modality="FACTUAL" polarity="POS" type="OCCURRENCE" />
<EVENT id="E19" start="2854" end="2857" text="age" modality="FACTUAL" polarity="POS" type="OCCURRENCE" />
<EVENT id="E20" start="3028" end="3037" text="discharge" modality="FACTUAL" polarity="POS" type="OCCURRENCE" />
<EVENT id="E21" start="1528" end="1537" text="admission" modality="FACTUAL" polarity="POS" type="OCCURRENCE" />
<EVENT id="E22" start="2013" end="2023" text="tolerating feeds well" modality="FACTUAL" polarity="POS" type="OCCURRENCE" />
<EVENT id="E23" start="2371" end="2377" text="passed easily" modality="FACTUAL" polarity="POS" type="OCCURRENCE" />
<EVENT id="E24" start="2388" end="2395" text="stomach" modality="FACTUAL" polarity="POS" type="OCCURRENCE" />
<EVENT id="E25" start="1691" end="1692" text="a PPS murmur" modality="FACTUAL" polarity="POS" type="PROBLEM" />
<EVENT id="E26" start="1568" end="1570" text="an audible murmur" modality="FACTUAL" polarity="POS" type="PROBLEM" />
<EVENT id="E27" start="1257" end="1263" text="Nuchal cord" modality="FACTUAL" polarity="POS" type="PROBLEM" />
<EVENT id="E28" start="1235" end="1241" text="breech presentation" modality="FACTUAL" polarity="POS" type="PROBLEM" />
<EVENT id="E29" start="1212" end="1216" text="late decelerations" modality="FACTUAL" polarity="POS" type="PROBLEM" />
<EVENT id="E30" start="1180" end="1187" text="Preterm labor" modality="FACTUAL" polarity="POS" type="PROBLEM" />
<EVENT id="E31" start="1164" end="1171" text="ongoing labor" modality="FACTUAL" polarity="POS" type="PROBLEM" />
<EVENT id="E32" start="919" end="926" text="preterm labor" modality="FACTUAL" polarity="POS" type="PROBLEM" />
<EVENT id="E33" start="889" end="899" text="increasing polyhydramnios" modality="FACTUAL" polarity="POS" type="PROBLEM" />
<EVENT id="E34" start="611" end="617" text="severe polyhydramnios" modality="FACTUAL" polarity="POS" type="PROBLEM" />
<EVENT id="E35" start="474" end="484" text="hydramnios" modality="FACTUAL" polarity="POS" type="PROBLEM" />
<EVENT id="E36" start="390" end="392" text="an intrauterine fetal demise" modality="FACTUAL" polarity="POS" type="PROBLEM" />
<EVENT id="E37" start="2237" end="2238" text="a TE fistula" modality="FACTUAL" polarity="POS" type="PROBLEM" />
<EVENT id="E38" start="2268" end="2270" text="an incidental pass" modality="FACTUAL" polarity="POS" type="PROBLEM" />
<EVENT id="E39" start="2330" end="2333" text="TEF" modality="FACTUAL" polarity="POS" type="PROBLEM" />
<EVENT id="E40" start="2931" end="2932" text="a hemivertebra at T11" modality="FACTUAL" polarity="POS" type="PROBLEM" />
<EVENT id="E41" start="2553" end="2556" text="CBC" modality="FACTUAL" polarity="POS" type="TEST" />
<EVENT id="E42" start="2444" end="2454" text="Hematocrit on admission" modality="FACTUAL" polarity="POS" type="TEST" />
<EVENT id="E43" start="2605" end="2608" text="CBC" modality="FACTUAL" polarity="POS" type="TEST" />
<EVENT id="E44" start="2561" end="2566" text="blood cultures" modality="FACTUAL" polarity="POS" type="TEST" />
<EVENT id="E45" start="2133" end="2138" text="total CO2" modality="FACTUAL" polarity="POS" type="TEST" />
<EVENT id="E46" start="2111" end="2119" text="chloride" modality="FACTUAL" polarity="POS" type="TEST" />
<EVENT id="E47" start="2400" end="2405" text="x-ray" modality="FACTUAL" polarity="POS" type="TEST" />
<EVENT id="E48" start="2170" end="2179" text="Bilirubin" modality="FACTUAL" polarity="POS" type="TEST" />
<EVENT id="E49" start="2037" end="2049" text="Electrolytes" modality="FACTUAL" polarity="POS" type="TEST" />
<EVENT id="E50" start="1772" end="1781" text="Discharge weight" modality="FACTUAL" polarity="POS" type="TEST" />
<EVENT id="E51" start="2092" end="2101" text="potassium" modality="FACTUAL" polarity="POS" type="TEST" />
<EVENT id="E52" start="2074" end="2075" text="a sodium" modality="FACTUAL" polarity="POS" type="TEST" />
<EVENT id="E53" start="1350" end="1356" text="Apgars" modality="FACTUAL" polarity="POS" type="TEST" />
<EVENT id="E54" start="716" end="721" text="fetal surveys" modality="FACTUAL" polarity="POS" type="TEST" />
<EVENT id="E55" start="1744" end="1749" text="Birth weight" modality="FACTUAL" polarity="POS" type="TEST" />
<EVENT id="E56" start="1632" end="1646" text="Echocardiogram results" modality="FACTUAL" polarity="POS" type="TEST" />
<EVENT id="E57" start="492" end="495" text="The baby 's autopsy" modality="FACTUAL" polarity="POS" type="TEST" />
<EVENT id="E58" start="553" end="558" text="first trimester ultrasound" modality="FACTUAL" polarity="POS" type="TEST" />
<EVENT id="E59" start="638" end="640" text="an AFI" modality="FACTUAL" polarity="POS" type="TEST" />
<EVENT id="E60" start="691" end="699" text="multiple ultrasounds" modality="FACTUAL" polarity="POS" type="TEST" />
<EVENT id="E61" start="262" end="271" text="hepatitis surface antigen" modality="FACTUAL" polarity="POS" type="TEST" />
<EVENT id="E62" start="299" end="302" text="RPR" modality="FACTUAL" polarity="POS" type="TEST" />
<EVENT id="E63" start="317" end="324" text="rubella" modality="FACTUAL" polarity="POS" type="TEST" />
<EVENT id="E64" start="334" end="337" text="GBS" modality="FACTUAL" polarity="POS" type="TEST" />
<EVENT id="E65" start="210" end="218" text="Prenatal screens" modality="FACTUAL" polarity="POS" type="TEST" />
<EVENT id="E66" start="242" end="250" text="antibody" modality="FACTUAL" polarity="POS" type="TEST" />
<EVENT id="E67" start="2767" end="2775" text="platelet count" modality="FACTUAL" polarity="POS" type="TEST" />
<EVENT id="E68" start="2745" end="2746" text="a white count" modality="FACTUAL" polarity="POS" type="TEST" />
<EVENT id="E69" start="2729" end="2736" text="Initial CBC" modality="FACTUAL" polarity="POS" type="TEST" />
<EVENT id="E70" start="2624" end="2629" text="blood cultures" modality="FACTUAL" polarity="POS" type="TEST" />
<EVENT id="E71" start="2967" end="2974" text="Hearing screen" modality="FACTUAL" polarity="POS" type="TEST" />
<EVENT id="E72" start="2908" end="2913" text="x-ray" modality="FACTUAL" polarity="POS" type="TEST" />
<EVENT id="E73" start="2806" end="2811" text="bands" modality="FACTUAL" polarity="POS" type="TEST" />
<EVENT id="E74" start="2794" end="2799" text="polys" modality="FACTUAL" polarity="POS" type="TEST" />
<EVENT id="E75" start="2698" end="2708" text="gentamicin" modality="FACTUAL" polarity="POS" type="TREATMENT" />
<EVENT id="E76" start="2683" end="2693" text="ampicillin" modality="FACTUAL" polarity="POS" type="TREATMENT" />
<EVENT id="E77" start="2507" end="2510" text="any blood transfusions" modality="FACTUAL" polarity="POS" type="TREATMENT" />
<EVENT id="E78" start="2290" end="2291" text="a gavage tube" modality="FACTUAL" polarity="POS" type="TREATMENT" />
<EVENT id="E79" start="1967" end="1976" text="premature Enfamil" modality="FACTUAL" polarity="POS" type="TREATMENT" />
<EVENT id="E80" start="1859" end="1866" text="Enteral feedings" modality="FACTUAL" polarity="POS" type="TREATMENT" />
<EVENT id="E81" start="1852" end="1856" text="D10W" modality="FACTUAL" polarity="POS" type="TREATMENT" />
<EVENT id="E82" start="1336" end="1347" text="stimulation" modality="FACTUAL" polarity="POS" type="TREATMENT" />
<EVENT id="E83" start="1316" end="1320" text="bulb suctioning" modality="FACTUAL" polarity="POS" type="TREATMENT" />
<EVENT id="E84" start="1131" end="1139" text="cesarean section" modality="FACTUAL" polarity="POS" type="TREATMENT" />
<EVENT id="E85" start="1090" end="1091" text="a tocolytic" modality="FACTUAL" polarity="POS" type="TREATMENT" />
<EVENT id="E86" start="1065" end="1075" text="nifedipine" modality="FACTUAL" polarity="POS" type="TREATMENT" />
<EVENT id="E87" start="1009" end="1018" text="magnesium sulfate" modality="FACTUAL" polarity="POS" type="TREATMENT" />
<EVENT id="E88" start="955" end="961" text="course of betamethasone" modality="FACTUAL" polarity="POS" type="TREATMENT" />
<TIMEX3 id="T1" start="1956" end="1959" text="per day" type="FREQUENCY" val="RP24H" mod="NA" />
<TIMEX3 id="T2" start="2053" end="2056" text="day of life 1" type="DATE" val="2014-04-14" mod="NA" />
<TIMEX3 id="T3" start="1624" end="1626" text="04-18" type="DATE" val="2014-04-18" mod="NA" />
<TIMEX3 id="T4" start="1841" end="1844" text="per day" type="FREQUENCY" val="RP24H" mod="NA" />
<TIMEX3 id="T5" start="733" end="735" text="17 and 21 weeks" type="DURATION" val="P17W" mod="APPROX" />
<TIMEX3 id="T6" start="1076" end="1077" text="2 days ago" type="DATE" val="2014-04-12" mod="NA" />
<TIMEX3 id="T7" start="2183" end="2185" text="04-17" type="DATE" val="2014-04-17" mod="NA" />
<TIMEX3 id="T8" start="2660" end="2662" text="48 hours" type="DURATION" val="PT48H" mod="NA" />
<TIMEX3 id="T9" start="422" end="424" text="30 weeks" type="DURATION" val="P30W" mod="NA" />
<TIMEX3 id="T10" start="145" end="147" text="34 week" type="DURATION" val="P34W" mod="NA" />
<TIMEX3 id="T11" start="46" end="50" text="2014-04-19" type="DATE" val="2014-04-19" mod="NA" />
<TIMEX3 id="T12" start="18" end="22" text="2014-04-14" type="DATE" val="2014-04-14" mod="NA" />
<TIMEX3 id="T13" start="1033" end="1035" text="04-12" type="DATE" val="2014-04-12" mod="NA" />
<TIMEX3 id="T14" start="982" end="984" text="03-28" type="DATE" val="2014-03-28" mod="NA" />
<SECTIME id="S0" start="17" end="21" text="2014-04-14" type="ADMISSION" dvalue="2014-04-14" />
<SECTIME id="S1" start="45" end="49" text="2014-04-19" type="DISCHARGE" dvalue="2014-04-19" />
<TLINK id="TL0" fromID="E61" fromText="hepatitis surface antigen" toID="E62" toText="RPR" type="AFTER" />
<TLINK id="TL1" fromID="E61" fromText="hepatitis surface antigen" toID="E63" toText="rubella" type="AFTER" />
<TLINK id="TL2" fromID="E61" fromText="hepatitis surface antigen" toID="E64" toText="GBS" type="AFTER" />
<TLINK id="TL3" fromID="E65" fromText="Prenatal screens" toID="E61" toText="hepatitis surface antigen" type="AFTER" />
<TLINK id="TL4" fromID="E66" fromText="antibody" toID="E61" toText="hepatitis surface antigen" type="AFTER" />
<TLINK id="TL5" fromID="E62" fromText="RPR" toID="E63" toText="rubella" type="AFTER" />
<TLINK id="TL6" fromID="E62" fromText="RPR" toID="E64" toText="GBS" type="AFTER" />
<TLINK id="TL7" fromID="E65" fromText="Prenatal screens" toID="E62" toText="RPR" type="AFTER" />
<TLINK id="TL8" fromID="E66" fromText="antibody" toID="E62" toText="RPR" type="AFTER" />
<TLINK id="TL9" fromID="E63" fromText="rubella" toID="E64" toText="GBS" type="AFTER" />
<TLINK id="TL10" fromID="E65" fromText="Prenatal screens" toID="E63" toText="rubella" type="AFTER" />
<TLINK id="TL11" fromID="E66" fromText="antibody" toID="E63" toText="rubella" type="AFTER" />
<TLINK id="TL12" fromID="E65" fromText="Prenatal screens" toID="E64" toText="GBS" type="AFTER" />
<TLINK id="TL13" fromID="E66" fromText="antibody" toID="E64" toText="GBS" type="AFTER" />
<TLINK id="TL14" fromID="E65" fromText="Prenatal screens" toID="E66" toText="antibody" type="AFTER" />
<TLINK id="TL30" fromID="E13" fromText="This pregnancy" toID="E35" toText="hydramnios" type="AFTER" />
<TLINK id="TL31" fromID="E34" fromText="severe polyhydramnios" toID="E12" toText="delivery" type="AFTER" />
<TLINK id="TL32" fromID="E59" fromText="an AFI" toID="E12" toText="delivery" type="AFTER" />
<TLINK id="TL33" fromID="E34" fromText="severe polyhydramnios" toID="E59" toText="an AFI" type="AFTER" />
<TLINK id="TL34" fromID="E60" fromText="multiple ultrasounds" toID="E54" toText="fetal surveys" type="OVERLAP" />
<TLINK id="TL35" fromID="E11" fromText="transferred" toID="E3" toText="the Debbie-Monaco" type="AFTER" />
<TLINK id="TL36" fromID="E3" fromText="the Debbie-Monaco" toID="E32" toText="preterm labor" type="AFTER" />
<TLINK id="TL37" fromID="E3" fromText="the Debbie-Monaco" toID="E33" toText="increasing polyhydramnios" type="AFTER" />
<TLINK id="TL38" fromID="E11" fromText="transferred" toID="E32" toText="preterm labor" type="AFTER" />
<TLINK id="TL39" fromID="E11" fromText="transferred" toID="E33" toText="increasing polyhydramnios" type="AFTER" />
<TLINK id="TL40" fromID="E33" fromText="increasing polyhydramnios" toID="E32" toText="preterm labor" type="OVERLAP" />
<TLINK id="TL41" fromID="E88" fromText="course of betamethasone" toID="E87" toText="magnesium sulfate" type="OVERLAP" />
<TLINK id="TL42" fromID="E86" fromText="nifedipine" toID="E85" toText="a tocolytic" type="OVERLAP" />
<TLINK id="TL43" fromID="E10" fromText="Delivery" toID="E31" toText="ongoing labor" type="AFTER" />
<TLINK id="TL44" fromID="E10" fromText="Delivery" toID="E84" toText="cesarean section" type="AFTER" />
<TLINK id="TL45" fromID="E84" fromText="cesarean section" toID="E31" toText="ongoing labor" type="AFTER" />
<TLINK id="TL46" fromID="E29" fromText="late decelerations" toID="E28" toText="breech presentation" type="OVERLAP" />
<TLINK id="TL47" fromID="E30" fromText="Preterm labor" toID="E28" toText="breech presentation" type="OVERLAP" />
<TLINK id="TL48" fromID="E30" fromText="Preterm labor" toID="E29" toText="late decelerations" type="OVERLAP" />
<TLINK id="TL49" fromID="E6" fromText="noted" toID="E9" toText="at delivery" type="AFTER" />
<TLINK id="TL50" fromID="E27" fromText="Nuchal cord" toID="E6" toText="noted" type="AFTER" />
<TLINK id="TL51" fromID="E27" fromText="Nuchal cord" toID="E9" toText="at delivery" type="AFTER" />
<TLINK id="TL52" fromID="E83" fromText="bulb suctioning" toID="E82" toText="stimulation" type="OVERLAP" />
<TLINK id="TL53" fromID="E1" fromText="the newborn intensive care unit" toID="E7" toText="stable" type="AFTER" />
<TLINK id="TL54" fromID="E8" fromText="admitted" toID="E1" toText="the newborn intensive care unit" type="AFTER" />
<TLINK id="TL55" fromID="E1" fromText="the newborn intensive care unit" toID="E21" toText="admission" type="AFTER" />
<TLINK id="TL56" fromID="E8" fromText="admitted" toID="E7" toText="stable" type="AFTER" />
<TLINK id="TL57" fromID="E7" fromText="stable" toID="E21" toText="admission" type="AFTER" />
<TLINK id="TL58" fromID="E8" fromText="admitted" toID="E21" toText="admission" type="AFTER" />
<TLINK id="TL65" fromID="E56" fromText="Echocardiogram results" toID="E25" toText="a PPS murmur" type="AFTER" />
<TLINK id="TL67" fromID="E79" fromText="premature Enfamil" toID="E22" toText="tolerating feeds well" type="AFTER" />
<TLINK id="TL68" fromID="E4" fromText="showed" toID="E45" toText="total CO2" type="AFTER" />
<TLINK id="TL69" fromID="E4" fromText="showed" toID="E46" toText="chloride" type="AFTER" />
<TLINK id="TL70" fromID="E49" fromText="Electrolytes" toID="E4" toText="showed" type="AFTER" />
<TLINK id="TL71" fromID="E4" fromText="showed" toID="E51" toText="potassium" type="AFTER" />
<TLINK id="TL72" fromID="E4" fromText="showed" toID="E52" toText="a sodium" type="AFTER" />
<TLINK id="TL73" fromID="E46" fromText="chloride" toID="E45" toText="total CO2" type="AFTER" />
<TLINK id="TL74" fromID="E49" fromText="Electrolytes" toID="E45" toText="total CO2" type="AFTER" />
<TLINK id="TL75" fromID="E51" fromText="potassium" toID="E45" toText="total CO2" type="AFTER" />
<TLINK id="TL76" fromID="E52" fromText="a sodium" toID="E45" toText="total CO2" type="AFTER" />
<TLINK id="TL77" fromID="E49" fromText="Electrolytes" toID="E46" toText="chloride" type="AFTER" />
<TLINK id="TL78" fromID="E51" fromText="potassium" toID="E46" toText="chloride" type="AFTER" />
<TLINK id="TL79" fromID="E52" fromText="a sodium" toID="E46" toText="chloride" type="AFTER" />
<TLINK id="TL80" fromID="E49" fromText="Electrolytes" toID="E51" toText="potassium" type="AFTER" />
<TLINK id="TL81" fromID="E49" fromText="Electrolytes" toID="E52" toText="a sodium" type="AFTER" />
<TLINK id="TL82" fromID="E52" fromText="a sodium" toID="E51" toText="potassium" type="AFTER" />
<TLINK id="TL98" fromID="E2" fromText="Surgery" toID="E37" toText="a TE fistula" type="AFTER" />
<TLINK id="TL99" fromID="E2" fromText="Surgery" toID="E38" toText="an incidental pass" type="AFTER" />
<TLINK id="TL100" fromID="E2" fromText="Surgery" toID="E78" toText="a gavage tube" type="AFTER" />
<TLINK id="TL101" fromID="E37" fromText="a TE fistula" toID="E38" toText="an incidental pass" type="OVERLAP" />
<TLINK id="TL102" fromID="E37" fromText="a TE fistula" toID="E78" toText="a gavage tube" type="AFTER" />
<TLINK id="TL103" fromID="E38" fromText="an incidental pass" toID="E78" toText="a gavage tube" type="AFTER" />
<TLINK id="TL104" fromID="E5" fromText="revealed" toID="E17" toText="good position" type="AFTER" />
<TLINK id="TL105" fromID="E23" fromText="passed easily" toID="E5" toText="revealed" type="AFTER" />
<TLINK id="TL106" fromID="E24" fromText="stomach" toID="E5" toText="revealed" type="AFTER" />
<TLINK id="TL107" fromID="E39" fromText="TEF" toID="E5" toText="revealed" type="AFTER" />
<TLINK id="TL108" fromID="E47" fromText="x-ray" toID="E5" toText="revealed" type="AFTER" />
<TLINK id="TL109" fromID="E23" fromText="passed easily" toID="E17" toText="good position" type="AFTER" />
<TLINK id="TL110" fromID="E24" fromText="stomach" toID="E17" toText="good position" type="AFTER" />
<TLINK id="TL111" fromID="E39" fromText="TEF" toID="E17" toText="good position" type="AFTER" />
<TLINK id="TL112" fromID="E47" fromText="x-ray" toID="E17" toText="good position" type="AFTER" />
<TLINK id="TL113" fromID="E23" fromText="passed easily" toID="E24" toText="stomach" type="AFTER" />
<TLINK id="TL114" fromID="E39" fromText="TEF" toID="E23" toText="passed easily" type="AFTER" />
<TLINK id="TL115" fromID="E23" fromText="passed easily" toID="E47" toText="x-ray" type="AFTER" />
<TLINK id="TL116" fromID="E39" fromText="TEF" toID="E24" toText="stomach" type="AFTER" />
<TLINK id="TL117" fromID="E24" fromText="stomach" toID="E47" toText="x-ray" type="AFTER" />
<TLINK id="TL118" fromID="E39" fromText="TEF" toID="E47" toText="x-ray" type="AFTER" />
<TLINK id="TL134" fromID="E43" fromText="CBC" toID="E18" toText="admission" type="AFTER" />
<TLINK id="TL135" fromID="E44" fromText="blood cultures" toID="E18" toText="admission" type="AFTER" />
<TLINK id="TL136" fromID="E43" fromText="CBC" toID="E44" toText="blood cultures" type="OVERLAP" />
<TLINK id="TL137" fromID="E43" fromText="CBC" toID="E70" toText="blood cultures" type="OVERLAP" />
<TLINK id="TL138" fromID="E43" fromText="CBC" toID="E75" toText="gentamicin" type="AFTER" />
<TLINK id="TL139" fromID="E43" fromText="CBC" toID="E76" toText="ampicillin" type="AFTER" />
<TLINK id="TL140" fromID="E70" fromText="blood cultures" toID="E75" toText="gentamicin" type="AFTER" />
<TLINK id="TL141" fromID="E70" fromText="blood cultures" toID="E76" toText="ampicillin" type="AFTER" />
<TLINK id="TL142" fromID="E76" fromText="ampicillin" toID="E75" toText="gentamicin" type="OVERLAP" />
<TLINK id="TL143" fromID="E68" fromText="a white count" toID="E67" toText="platelet count" type="AFTER" />
<TLINK id="TL144" fromID="E69" fromText="Initial CBC" toID="E67" toText="platelet count" type="AFTER" />
<TLINK id="TL145" fromID="E67" fromText="platelet count" toID="E73" toText="bands" type="AFTER" />
<TLINK id="TL146" fromID="E67" fromText="platelet count" toID="E74" toText="polys" type="AFTER" />
<TLINK id="TL147" fromID="E69" fromText="Initial CBC" toID="E68" toText="a white count" type="AFTER" />
<TLINK id="TL148" fromID="E68" fromText="a white count" toID="E73" toText="bands" type="AFTER" />
<TLINK id="TL149" fromID="E68" fromText="a white count" toID="E74" toText="polys" type="AFTER" />
<TLINK id="TL150" fromID="E69" fromText="Initial CBC" toID="E73" toText="bands" type="AFTER" />
<TLINK id="TL151" fromID="E69" fromText="Initial CBC" toID="E74" toText="polys" type="AFTER" />
<TLINK id="TL152" fromID="E74" fromText="polys" toID="E73" toText="bands" type="AFTER" />
<TLINK id="TL163" fromID="E72" fromText="x-ray" toID="E40" toText="a hemivertebra at T11" type="AFTER" />
<TLINK id="TL165" fromID="E71" fromText="Hearing screen" toID="E20" toText="discharge" type="AFTER" />
<TLINK id="TL167" fromID="E36" fromText="an intrauterine fetal demise" toID="T9" toText="30 weeks" type="OVERLAP" />
<TLINK id="TL168" fromID="E54" fromText="fetal surveys" toID="T5" toText="17 and 21 weeks" type="OVERLAP" />
<TLINK id="TL169" fromID="E60" fromText="multiple ultrasounds" toID="T5" toText="17 and 21 weeks" type="OVERLAP" />
<TLINK id="TL170" fromID="E87" fromText="magnesium sulfate" toID="T13" toText="04-12" type="BEFORE" />
<TLINK id="TL174" fromID="E81" fromText="D10W" toID="T1" toText="per day" type="OVERLAP" />
<TLINK id="TL175" fromID="E22" fromText="tolerating feeds well" toID="T1" toText="per day" type="OVERLAP" />
<TLINK id="TL176" fromID="E79" fromText="premature Enfamil" toID="T1" toText="per day" type="OVERLAP" />
<TLINK id="TL177" fromID="E4" fromText="showed" toID="T2" toText="day of life 1" type="OVERLAP" />
<TLINK id="TL178" fromID="E45" fromText="total CO2" toID="T2" toText="day of life 1" type="OVERLAP" />
<TLINK id="TL179" fromID="E46" fromText="chloride" toID="T2" toText="day of life 1" type="OVERLAP" />
<TLINK id="TL180" fromID="E49" fromText="Electrolytes" toID="T2" toText="day of life 1" type="OVERLAP" />
<TLINK id="TL181" fromID="E51" fromText="potassium" toID="T2" toText="day of life 1" type="OVERLAP" />
<TLINK id="TL182" fromID="E52" fromText="a sodium" toID="T2" toText="day of life 1" type="OVERLAP" />
<TLINK id="TL183" fromID="E48" fromText="Bilirubin" toID="T7" toText="04-17" type="OVERLAP" />
<TLINK id="TL184" fromID="E43" fromText="CBC" toID="T8" toText="48 hours" type="OVERLAP" />
<TLINK id="TL185" fromID="E70" fromText="blood cultures" toID="T8" toText="48 hours" type="OVERLAP" />
<TLINK id="TL186" fromID="E75" fromText="gentamicin" toID="T8" toText="48 hours" type="OVERLAP" />
<TLINK id="TL187" fromID="E76" fromText="ampicillin" toID="T8" toText="48 hours" type="OVERLAP" />
<TLINK id="TL188" fromID="E87" fromText="magnesium sulfate" toID="E85" toText="a tocolytic" type="OVERLAP" />
<TLINK id="TL189" fromID="E87" fromText="magnesium sulfate" toID="E86" toText="nifedipine" type="OVERLAP" />
<TLINK id="TL190" fromID="E88" fromText="course of betamethasone" toID="E85" toText="a tocolytic" type="OVERLAP" />
<TLINK id="TL191" fromID="E88" fromText="course of betamethasone" toID="E86" toText="nifedipine" type="OVERLAP" />
<TLINK id="TL192" fromID="E85" fromText="a tocolytic" toID="E87" toText="magnesium sulfate" type="OVERLAP" />
<TLINK id="TL193" fromID="E85" fromText="a tocolytic" toID="E88" toText="course of betamethasone" type="OVERLAP" />
<TLINK id="TL194" fromID="E86" fromText="nifedipine" toID="E87" toText="magnesium sulfate" type="OVERLAP" />
<TLINK id="TL195" fromID="E86" fromText="nifedipine" toID="E88" toText="course of betamethasone" type="OVERLAP" />
<TLINK id="TL202" fromID="E88" fromText="course of betamethasone" toID="T13" toText="04-12" type="BEFORE" />
<TLINK id="SECTIME0" fromID="E1" fromText="the newborn intensive care unit" toID="T11" toText="2014-04-19" type="BEFORE" />
<TLINK id="SECTIME1" fromID="E2" fromText="Surgery" toID="T11" toText="2014-04-19" type="BEFORE" />
<TLINK id="SECTIME2" fromID="E3" fromText="the Debbie-Monaco" toID="T12" toText="2014-04-14" type="BEFORE" />
<TLINK id="SECTIME3" fromID="E4" fromText="showed" toID="T11" toText="2014-04-19" type="BEFORE" />
<TLINK id="SECTIME4" fromID="E5" fromText="revealed" toID="T11" toText="2014-04-19" type="BEFORE" />
<TLINK id="SECTIME5" fromID="E6" fromText="noted" toID="T12" toText="2014-04-14" type="BEFORE" />
<TLINK id="SECTIME6" fromID="E7" fromText="stable" toID="T11" toText="2014-04-19" type="BEFORE" />
<TLINK id="SECTIME7" fromID="E8" fromText="admitted" toID="T11" toText="2014-04-19" type="BEFORE" />
<TLINK id="SECTIME8" fromID="E9" fromText="at delivery" toID="T12" toText="2014-04-14" type="BEFORE" />
<TLINK id="SECTIME9" fromID="E10" fromText="Delivery" toID="T12" toText="2014-04-14" type="BEFORE" />
<TLINK id="SECTIME10" fromID="E11" fromText="transferred" toID="T12" toText="2014-04-14" type="BEFORE" />
<TLINK id="SECTIME11" fromID="E12" fromText="delivery" toID="T12" toText="2014-04-14" type="BEFORE" />
<TLINK id="SECTIME12" fromID="E13" fromText="This pregnancy" toID="T12" toText="2014-04-14" type="BEFORE" />
<TLINK id="SECTIME13" fromID="E17" fromText="good position" toID="T11" toText="2014-04-19" type="BEFORE" />
<TLINK id="SECTIME14" fromID="E18" fromText="admission" toID="T11" toText="2014-04-19" type="BEFORE" />
<TLINK id="SECTIME15" fromID="E19" fromText="age" toID="T11" toText="2014-04-19" type="BEFORE" />
<TLINK id="SECTIME16" fromID="E20" fromText="discharge" toID="T11" toText="2014-04-19" type="BEFORE" />
<TLINK id="SECTIME17" fromID="E21" fromText="admission" toID="T11" toText="2014-04-19" type="BEFORE" />
<TLINK id="SECTIME18" fromID="E22" fromText="tolerating feeds well" toID="T11" toText="2014-04-19" type="BEFORE" />
<TLINK id="SECTIME19" fromID="E23" fromText="passed easily" toID="T11" toText="2014-04-19" type="BEFORE" />
<TLINK id="SECTIME20" fromID="E24" fromText="stomach" toID="T11" toText="2014-04-19" type="BEFORE" />
<TLINK id="SECTIME21" fromID="E25" fromText="a PPS murmur" toID="T11" toText="2014-04-19" type="BEFORE" />
<TLINK id="SECTIME22" fromID="E26" fromText="an audible murmur" toID="T11" toText="2014-04-19" type="BEFORE" />
<TLINK id="SECTIME23" fromID="E27" fromText="Nuchal cord" toID="T12" toText="2014-04-14" type="BEFORE" />
<TLINK id="SECTIME24" fromID="E28" fromText="breech presentation" toID="T12" toText="2014-04-14" type="BEFORE" />
<TLINK id="SECTIME25" fromID="E29" fromText="late decelerations" toID="T12" toText="2014-04-14" type="BEFORE" />
<TLINK id="SECTIME26" fromID="E30" fromText="Preterm labor" toID="T12" toText="2014-04-14" type="BEFORE" />
<TLINK id="SECTIME27" fromID="E31" fromText="ongoing labor" toID="T12" toText="2014-04-14" type="BEFORE" />
<TLINK id="SECTIME28" fromID="E32" fromText="preterm labor" toID="T12" toText="2014-04-14" type="BEFORE" />
<TLINK id="SECTIME29" fromID="E33" fromText="increasing polyhydramnios" toID="T12" toText="2014-04-14" type="BEFORE" />
<TLINK id="SECTIME30" fromID="E34" fromText="severe polyhydramnios" toID="T12" toText="2014-04-14" type="BEFORE" />
<TLINK id="SECTIME31" fromID="E35" fromText="hydramnios" toID="T12" toText="2014-04-14" type="BEFORE" />
<TLINK id="SECTIME32" fromID="E36" fromText="an intrauterine fetal demise" toID="T12" toText="2014-04-14" type="BEFORE" />
<TLINK id="SECTIME33" fromID="E37" fromText="a TE fistula" toID="T11" toText="2014-04-19" type="BEFORE" />
<TLINK id="SECTIME34" fromID="E38" fromText="an incidental pass" toID="T11" toText="2014-04-19" type="BEFORE" />
<TLINK id="SECTIME35" fromID="E39" fromText="TEF" toID="T11" toText="2014-04-19" type="BEFORE" />
<TLINK id="SECTIME36" fromID="E40" fromText="a hemivertebra at T11" toID="T11" toText="2014-04-19" type="BEFORE" />
<TLINK id="SECTIME37" fromID="E43" fromText="CBC" toID="T11" toText="2014-04-19" type="BEFORE" />
<TLINK id="SECTIME38" fromID="E42" fromText="Hematocrit on admission" toID="T11" toText="2014-04-19" type="BEFORE" />
<TLINK id="SECTIME39" fromID="E43" fromText="CBC" toID="T11" toText="2014-04-19" type="BEFORE" />
<TLINK id="SECTIME40" fromID="E44" fromText="blood cultures" toID="T11" toText="2014-04-19" type="BEFORE" />
<TLINK id="SECTIME41" fromID="E45" fromText="total CO2" toID="T11" toText="2014-04-19" type="BEFORE" />
<TLINK id="SECTIME42" fromID="E46" fromText="chloride" toID="T11" toText="2014-04-19" type="BEFORE" />
<TLINK id="SECTIME43" fromID="E47" fromText="x-ray" toID="T11" toText="2014-04-19" type="BEFORE" />
<TLINK id="SECTIME44" fromID="E48" fromText="Bilirubin" toID="T11" toText="2014-04-19" type="BEFORE" />
<TLINK id="SECTIME45" fromID="E49" fromText="Electrolytes" toID="T11" toText="2014-04-19" type="BEFORE" />
<TLINK id="SECTIME46" fromID="E50" fromText="Discharge weight" toID="T11" toText="2014-04-19" type="BEFORE" />
<TLINK id="SECTIME47" fromID="E51" fromText="potassium" toID="T11" toText="2014-04-19" type="BEFORE" />
<TLINK id="SECTIME48" fromID="E52" fromText="a sodium" toID="T11" toText="2014-04-19" type="BEFORE" />
<TLINK id="SECTIME49" fromID="E53" fromText="Apgars" toID="T12" toText="2014-04-14" type="BEFORE" />
<TLINK id="SECTIME50" fromID="E54" fromText="fetal surveys" toID="T12" toText="2014-04-14" type="BEFORE" />
<TLINK id="SECTIME51" fromID="E55" fromText="Birth weight" toID="T11" toText="2014-04-19" type="BEFORE" />
<TLINK id="SECTIME52" fromID="E56" fromText="Echocardiogram results" toID="T11" toText="2014-04-19" type="BEFORE" />
<TLINK id="SECTIME53" fromID="E57" fromText="The baby 's autopsy" toID="T12" toText="2014-04-14" type="BEFORE" />
<TLINK id="SECTIME54" fromID="E58" fromText="first trimester ultrasound" toID="T12" toText="2014-04-14" type="BEFORE" />
<TLINK id="SECTIME55" fromID="E59" fromText="an AFI" toID="T12" toText="2014-04-14" type="BEFORE" />
<TLINK id="SECTIME56" fromID="E60" fromText="multiple ultrasounds" toID="T12" toText="2014-04-14" type="BEFORE" />
<TLINK id="SECTIME57" fromID="E67" fromText="platelet count" toID="T11" toText="2014-04-19" type="BEFORE" />
<TLINK id="SECTIME58" fromID="E68" fromText="a white count" toID="T11" toText="2014-04-19" type="BEFORE" />
<TLINK id="SECTIME59" fromID="E69" fromText="Initial CBC" toID="T11" toText="2014-04-19" type="BEFORE" />
<TLINK id="SECTIME60" fromID="E70" fromText="blood cultures" toID="T11" toText="2014-04-19" type="BEFORE" />
<TLINK id="SECTIME61" fromID="E71" fromText="Hearing screen" toID="T11" toText="2014-04-19" type="BEFORE" />
<TLINK id="SECTIME62" fromID="E72" fromText="x-ray" toID="T11" toText="2014-04-19" type="BEFORE" />
<TLINK id="SECTIME63" fromID="E73" fromText="bands" toID="T11" toText="2014-04-19" type="BEFORE" />
<TLINK id="SECTIME64" fromID="E74" fromText="polys" toID="T11" toText="2014-04-19" type="BEFORE" />
<TLINK id="SECTIME65" fromID="E75" fromText="gentamicin" toID="T11" toText="2014-04-19" type="BEFORE" />
<TLINK id="SECTIME66" fromID="E76" fromText="ampicillin" toID="T11" toText="2014-04-19" type="BEFORE" />
<TLINK id="SECTIME67" fromID="E77" fromText="any blood transfusions" toID="T11" toText="2014-04-19" type="BEFORE" />
<TLINK id="SECTIME68" fromID="E78" fromText="a gavage tube" toID="T11" toText="2014-04-19" type="BEFORE" />
<TLINK id="SECTIME69" fromID="E79" fromText="premature Enfamil" toID="T11" toText="2014-04-19" type="BEFORE" />
<TLINK id="SECTIME70" fromID="E80" fromText="Enteral feedings" toID="T11" toText="2014-04-19" type="BEFORE" />
<TLINK id="SECTIME71" fromID="E81" fromText="D10W" toID="T11" toText="2014-04-19" type="BEFORE" />
<TLINK id="SECTIME72" fromID="E82" fromText="stimulation" toID="T12" toText="2014-04-14" type="BEFORE" />
<TLINK id="SECTIME73" fromID="E83" fromText="bulb suctioning" toID="T12" toText="2014-04-14" type="BEFORE" />
<TLINK id="SECTIME74" fromID="E84" fromText="cesarean section" toID="T12" toText="2014-04-14" type="BEFORE" />
<TLINK id="SECTIME75" fromID="E85" fromText="a tocolytic" toID="T12" toText="2014-04-14" type="BEFORE" />
<TLINK id="SECTIME76" fromID="E86" fromText="nifedipine" toID="T12" toText="2014-04-14" type="BEFORE" />
<TLINK id="SECTIME77" fromID="E87" fromText="magnesium sulfate" toID="T12" toText="2014-04-14" type="BEFORE" />
<TLINK id="SECTIME78" fromID="E88" fromText="course of betamethasone" toID="T12" toText="2014-04-14" type="BEFORE" />
</TAGS>
</ClinicalNarrativeTemporalAnnotation>