<?xml version="1.0" encoding="UTF-8" ?>
<ClinicalNarrativeTemporalAnnotation>
<TEXT><![CDATA[
Admission Date :
2015-06-04
Discharge Date :
2015-06-08
Service :
CCU
HISTORY OF THE PRESENT ILLNESS :
The patient is a 57 - year-old female with a history of hypertension and hypercholesterolemia but no prior coronary artery disease history who presented with chest pain .
The patient reports the pain began at 4:00 p.m. on the day of admission .
She reports that it had essentially started earlier in the day with some GERD-like symptoms .
She had taken Maalox but had no relief with this .
The pain was intermittent through the day and then at 4:00 p.m. increased and was also associated with nausea and diaphoresis .
She reports that the pain shot through her back .
The patient has never had these symptoms in the past .
She arrived in the Emergency Room at 8:00 p.m.
At that time , the pain was unremitting .
In the Emergency Room , the patient was given Lopressor , nitroglycerin , and aspirin .
A TP3A inhibitor was not given for concern for dissection .
The patient was found to have 5057 E. Sixth Blvd. elevations in I , aVL , and V1 through V2 and ST depressions in II , III , and aVF .
The patient was taken emergently to the Cardiac Catheterization Laboratory .
HOSPITAL COURSE :
1. CORONARY ARTERY DISEASE : The patient was taken to Cardiac Catheterization where she was found to have two vessel disease .
The proximal LAD was found to have a 90% lesion with a septal branch with a 95% stenosis and a diagonal branch with 99% stenosis .
The patient had twin LAD stents to the LAD diagonal and LAD septal branches with Taxus stents .
This restored flow appropriately .
The patient also had proximal RCA lesion of 80% and a mid RCA lesion of 80-90% which were not intervened upon .
The patient was given an aspirin and Plavix and in addition started on a beta Elmore , Maxine ACE inhibitor , and these were titrated up as her blood pressure tolerated .
Given the fact that the patient had issues with muscle cramping with Atorvastatin in the past , she was started on Pravastatin which should give less of these side effects .
The patient will follow-up with Cardiology in one months time for further management of her coronary artery disease and further evaluation of her remaining RCA lesions .
2. PUMP : The patient had an echocardiogram to assess her LV function .
She was found to have an ejection fraction of 30-35% as well as an akinetic apex and apical mid and septal akinesis .
Given the fact that the patient had significant apical akinesis , she was started on heparin with a transition to Coumadin for anticoagulation for stroke prevention in the setting of apical akinesis .
On discharge , the patient was given Lovenox injections which should be continued until the patient reaches a therapeutic dose of Coumadin .
3. RHYTHM : The patient was monitored on telemetry throughout her hospitalization with no significant events .
The patient had an EP evaluation and will be followed-up by Dr. Welch .
14-087 , the patient had a signal-averaged EKG .
She will follow-up with Dr. Welch with an echocardiogram on 2015-07-24 in a meeting to discuss risk stratification for sudden cardiac death and possible ICD placement .
4. NEUROLOGY : The patient complained of left lower extremity weakness with ambulation two days after her cardiac catheterization .
The patient had no evidence for weakness on examination with good proximal and distal strength in the lower extremities as well as intact sensation .
The patient worked with Physical Therapy and was able to ambulate without difficulty .
She was also able to ascend stairs without difficulty .
The patient was already on an aspirin and Plavix should this represent a small stroke .
However , there was no evidence for neurologic deficit on examination and this will be followed-up by her primary care physician .
5. HEMATOLOGY : The patient was discharged on Coumadin for apical akinesis and stroke risk .
This will be further monitored by her primary care physician , Dr. Banks , who will adjust her Coumadin dose .
]]></TEXT>
<TAGS>
<EVENT id="E1" start="3458" end="3465" text="Therapy" modality="FACTUAL" polarity="POS" type="CLINICAL_DEPT" />
<EVENT id="E2" start="1256" end="1271" text="Catheterization" modality="FACTUAL" polarity="POS" type="CLINICAL_DEPT" />
<EVENT id="E3" start="1135" end="1138" text="the Cardiac Catheterization Laboratory" modality="FACTUAL" polarity="POS" type="CLINICAL_DEPT" />
<EVENT id="E4" start="819" end="822" text="the Emergency Room" modality="FACTUAL" polarity="POS" type="CLINICAL_DEPT" />
<EVENT id="E5" start="742" end="745" text="the Emergency Room" modality="FACTUAL" polarity="POS" type="CLINICAL_DEPT" />
<EVENT id="E6" start="247" end="256" text="presented" modality="FACTUAL" polarity="POS" type="EVIDENTIAL" />
<EVENT id="E7" start="3170" end="3180" text="complained" modality="FACTUAL" polarity="POS" type="EVIDENTIAL" />
<EVENT id="E8" start="2290" end="2295" text="found" modality="FACTUAL" polarity="POS" type="EVIDENTIAL" />
<EVENT id="E9" start="1342" end="1347" text="found" modality="FACTUAL" polarity="POS" type="EVIDENTIAL" />
<EVENT id="E10" start="980" end="985" text="found" modality="FACTUAL" polarity="POS" type="EVIDENTIAL" />
<EVENT id="E11" start="353" end="360" text="reports" modality="FACTUAL" polarity="POS" type="EVIDENTIAL" />
<EVENT id="E12" start="287" end="294" text="reports" modality="FACTUAL" polarity="POS" type="EVIDENTIAL" />
<EVENT id="E13" start="626" end="633" text="reports" modality="FACTUAL" polarity="POS" type="EVIDENTIAL" />
<EVENT id="E14" start="1" end="10" text="Admission" modality="FACTUAL" polarity="POS" type="OCCURRENCE" />
<EVENT id="E15" start="1115" end="1120" text="taken" modality="FACTUAL" polarity="POS" type="OCCURRENCE" />
<EVENT id="E16" start="731" end="738" text="arrived" modality="FACTUAL" polarity="POS" type="OCCURRENCE" />
<EVENT id="E17" start="1820" end="1828" text="titrated up" modality="FACTUAL" polarity="POS" type="OCCURRENCE" />
<EVENT id="E18" start="1562" end="1566" text="flow" modality="FACTUAL" polarity="POS" type="OCCURRENCE" />
<EVENT id="E19" start="247" end="256" text="presented" modality="FACTUAL" polarity="POS" type="OCCURRENCE" />
<EVENT id="E20" start="29" end="38" text="Discharge" modality="FACTUAL" polarity="POS" type="OCCURRENCE" />
<EVENT id="E21" start="475" end="481" text="relief" modality="FACTUAL" polarity="POS" type="OCCURRENCE" />
<EVENT id="E22" start="337" end="346" text="admission" modality="FACTUAL" polarity="POS" type="OCCURRENCE" />
<EVENT id="E23" start="2804" end="2807" text="her hospitalization" modality="FACTUAL" polarity="POS" type="OCCURRENCE" />
<EVENT id="E24" start="2898" end="2906" text="followed" modality="FACTUAL" polarity="POS" type="OCCURRENCE" />
<EVENT id="E25" start="2983" end="2989" text="follow-up" modality="FACTUAL" polarity="POS" type="OCCURRENCE" />
<EVENT id="E26" start="3219" end="3229" text="ambulation" modality="FACTUAL" polarity="POS" type="OCCURRENCE" />
<EVENT id="E27" start="2057" end="2063" text="follow-up" modality="FACTUAL" polarity="POS" type="OCCURRENCE" />
<EVENT id="E28" start="2271" end="2279" text="function" modality="FACTUAL" polarity="POS" type="OCCURRENCE" />
<EVENT id="E29" start="2604" end="2613" text="discharge" modality="FACTUAL" polarity="POS" type="OCCURRENCE" />
<EVENT id="E30" start="3743" end="3751" text="followed-" modality="FACTUAL" polarity="POS" type="OCCURRENCE" />
<EVENT id="E31" start="3819" end="3829" text="discharged" modality="FACTUAL" polarity="POS" type="OCCURRENCE" />
<EVENT id="E32" start="2498" end="2499" text="a transition" modality="FACTUAL" polarity="POS" type="OCCURRENCE" />
<EVENT id="E33" start="2673" end="2682" text="continued" modality="FACTUAL" polarity="POS" type="OCCURRENCE" />
<EVENT id="E34" start="3336" end="3340" text="good proximal and" modality="FACTUAL" polarity="POS" type="OCCURRENCE" />
<EVENT id="E35" start="3482" end="3490" text="ambulate" modality="FACTUAL" polarity="POS" type="OCCURRENCE" />
<EVENT id="E36" start="3499" end="3509" text="difficulty" modality="FACTUAL" polarity="POS" type="OCCURRENCE" />
<EVENT id="E37" start="3533" end="3539" text="ascend stairs" modality="FACTUAL" polarity="POS" type="OCCURRENCE" />
<EVENT id="E38" start="1300" end="1303" text="two vessel disease" modality="FACTUAL" polarity="POS" type="PROBLEM" />
<EVENT id="E39" start="1197" end="1205" text="CORONARY ARTERY DISEASE" modality="FACTUAL" polarity="POS" type="PROBLEM" />
<EVENT id="E40" start="1060" end="1062" text="ST depressions in II , III , and aVF" modality="FACTUAL" polarity="POS" type="PROBLEM" />
<EVENT id="E41" start="1014" end="1024" text="elevations in I , aVL , and V1 through V2" modality="FACTUAL" polarity="POS" type="PROBLEM" />
<EVENT id="E42" start="951" end="961" text="dissection" modality="FACTUAL" polarity="POS" type="PROBLEM" />
<EVENT id="E43" start="789" end="792" text="the pain" modality="FACTUAL" polarity="POS" type="PROBLEM" />
<EVENT id="E44" start="698" end="703" text="these symptoms" modality="FACTUAL" polarity="POS" type="PROBLEM" />
<EVENT id="E45" start="639" end="642" text="the pain" modality="FACTUAL" polarity="POS" type="PROBLEM" />
<EVENT id="E46" start="2128" end="2131" text="her coronary artery disease" modality="FACTUAL" polarity="POS" type="PROBLEM" />
<EVENT id="E47" start="2019" end="2024" text="these side effects" modality="FACTUAL" polarity="POS" type="PROBLEM" />
<EVENT id="E48" start="1914" end="1920" text="muscle cramping" modality="FACTUAL" polarity="POS" type="PROBLEM" />
<EVENT id="E49" start="1635" end="1636" text="a mid RCA lesion of 80-90%" modality="FACTUAL" polarity="POS" type="PROBLEM" />
<EVENT id="E50" start="1604" end="1612" text="proximal RCA lesion of 80%" modality="FACTUAL" polarity="POS" type="PROBLEM" />
<EVENT id="E51" start="1437" end="1439" text="99% stenosis" modality="FACTUAL" polarity="POS" type="PROBLEM" />
<EVENT id="E52" start="1395" end="1396" text="a 95% stenosis" modality="FACTUAL" polarity="POS" type="PROBLEM" />
<EVENT id="E53" start="1356" end="1357" text="a 90% lesion" modality="FACTUAL" polarity="POS" type="PROBLEM" />
<EVENT id="E54" start="3093" end="3099" text="sudden cardiac death" modality="FACTUAL" polarity="POS" type="PROBLEM" />
<EVENT id="E55" start="3184" end="3188" text="left lower extremity weakness" modality="FACTUAL" polarity="POS" type="PROBLEM" />
<EVENT id="E56" start="2583" end="2589" text="apical akinesis" modality="FACTUAL" polarity="POS" type="PROBLEM" />
<EVENT id="E57" start="2832" end="2843" text="significant events" modality="FACTUAL" polarity="POS" type="PROBLEM" />
<EVENT id="E58" start="2367" end="2373" text="apical mid and septal akinesis" modality="FACTUAL" polarity="POS" type="PROBLEM" />
<EVENT id="E59" start="2436" end="2447" text="significant apical akinesis" modality="FACTUAL" polarity="POS" type="PROBLEM" />
<EVENT id="E60" start="2182" end="2185" text="her remaining RCA lesions" modality="FACTUAL" polarity="POS" type="PROBLEM" />
<EVENT id="E61" start="2346" end="2348" text="an akinetic apex" modality="FACTUAL" polarity="POS" type="PROBLEM" />
<EVENT id="E62" start="3846" end="3852" text="apical akinesis" modality="FACTUAL" polarity="POS" type="PROBLEM" />
<EVENT id="E63" start="3866" end="3872" text="stroke risk" modality="FACTUAL" polarity="POS" type="PROBLEM" />
<EVENT id="E64" start="3639" end="3640" text="a small stroke" modality="FACTUAL" polarity="POS" type="PROBLEM" />
<EVENT id="E65" start="3692" end="3702" text="neurologic deficit" modality="FACTUAL" polarity="POS" type="PROBLEM" />
<EVENT id="E66" start="3307" end="3315" text="weakness" modality="FACTUAL" polarity="POS" type="PROBLEM" />
<EVENT id="E67" start="3555" end="3565" text="difficulty" modality="FACTUAL" polarity="POS" type="PROBLEM" />
<EVENT id="E68" start="160" end="172" text="hypertension" modality="FACTUAL" polarity="POS" type="PROBLEM" />
<EVENT id="E69" start="417" end="421" text="some GERD-like symptoms" modality="FACTUAL" polarity="POS" type="PROBLEM" />
<EVENT id="E70" start="494" end="497" text="The pain" modality="FACTUAL" polarity="POS" type="PROBLEM" />
<EVENT id="E71" start="597" end="603" text="nausea" modality="FACTUAL" polarity="POS" type="PROBLEM" />
<EVENT id="E72" start="608" end="619" text="diaphoresis" modality="FACTUAL" polarity="POS" type="PROBLEM" />
<EVENT id="E73" start="177" end="197" text="hypercholesterolemia" modality="FACTUAL" polarity="POS" type="PROBLEM" />
<EVENT id="E74" start="205" end="210" text="prior coronary artery disease history" modality="FACTUAL" polarity="POS" type="PROBLEM" />
<EVENT id="E75" start="262" end="267" text="chest pain" modality="FACTUAL" polarity="POS" type="PROBLEM" />
<EVENT id="E76" start="295" end="298" text="the pain" modality="FACTUAL" polarity="POS" type="PROBLEM" />
<EVENT id="E77" start="2236" end="2238" text="an echocardiogram" modality="FACTUAL" polarity="POS" type="TEST" />
<EVENT id="E78" start="2160" end="2167" text="further evaluation" modality="FACTUAL" polarity="POS" type="TEST" />
<EVENT id="E79" start="1835" end="1838" text="her blood pressure" modality="FACTUAL" polarity="POS" type="TEST" />
<EVENT id="E80" start="1248" end="1255" text="Cardiac Catheterization" modality="FACTUAL" polarity="POS" type="TEST" />
<EVENT id="E81" start="3245" end="3248" text="her cardiac catheterization" modality="FACTUAL" polarity="POS" type="TEST" />
<EVENT id="E82" start="3013" end="3015" text="an echocardiogram" modality="FACTUAL" polarity="POS" type="TEST" />
<EVENT id="E83" start="3714" end="3725" text="examination" modality="FACTUAL" polarity="POS" type="TEST" />
<EVENT id="E84" start="3319" end="3330" text="examination" modality="FACTUAL" polarity="POS" type="TEST" />
<EVENT id="E85" start="2783" end="2792" text="telemetry" modality="FACTUAL" polarity="POS" type="TEST" />
<EVENT id="E86" start="2304" end="2306" text="an ejection fraction" modality="FACTUAL" polarity="POS" type="TEST" />
<EVENT id="E87" start="2950" end="2951" text="a signal-averaged EKG" modality="FACTUAL" polarity="POS" type="TEST" />
<EVENT id="E88" start="2869" end="2871" text="an EP evaluation" modality="FACTUAL" polarity="POS" type="TEST" />
<EVENT id="E89" start="3971" end="3974" text="her Coumadin dose" modality="FACTUAL" polarity="POS" type="TREATMENT" />
<EVENT id="E90" start="3833" end="3841" text="Coumadin" modality="FACTUAL" polarity="POS" type="TREATMENT" />
<EVENT id="E91" start="904" end="905" text="A TP3A inhibitor" modality="FACTUAL" polarity="POS" type="TREATMENT" />
<EVENT id="E92" start="894" end="901" text="aspirin" modality="FACTUAL" polarity="POS" type="TREATMENT" />
<EVENT id="E93" start="1533" end="1538" text="Taxus stents" modality="FACTUAL" polarity="POS" type="TREATMENT" />
<EVENT id="E94" start="1468" end="1472" text="twin LAD stents" modality="FACTUAL" polarity="POS" type="TREATMENT" />
<EVENT id="E95" start="457" end="463" text="Maalox" modality="FACTUAL" polarity="POS" type="TREATMENT" />
<EVENT id="E96" start="874" end="887" text="nitroglycerin" modality="FACTUAL" polarity="POS" type="TREATMENT" />
<EVENT id="E97" start="862" end="871" text="Lopressor" modality="FACTUAL" polarity="POS" type="TREATMENT" />
<EVENT id="E98" start="1935" end="1947" text="Atorvastatin" modality="FACTUAL" polarity="POS" type="TREATMENT" />
<EVENT id="E99" start="1981" end="1992" text="Pravastatin" modality="FACTUAL" polarity="POS" type="TREATMENT" />
<EVENT id="E100" start="2106" end="2113" text="further management" modality="FACTUAL" polarity="POS" type="TREATMENT" />
<EVENT id="E101" start="2485" end="2492" text="heparin" modality="FACTUAL" polarity="POS" type="TREATMENT" />
<EVENT id="E102" start="1717" end="1719" text="an aspirin" modality="FACTUAL" polarity="POS" type="TREATMENT" />
<EVENT id="E103" start="1732" end="1738" text="Plavix" modality="FACTUAL" polarity="POS" type="TREATMENT" />
<EVENT id="E104" start="1766" end="1767" text="a beta Elmore" modality="FACTUAL" polarity="POS" type="TREATMENT" />
<EVENT id="E105" start="1782" end="1788" text="Maxine ACE inhibitor" modality="FACTUAL" polarity="POS" type="TREATMENT" />
<EVENT id="E106" start="2731" end="2739" text="Coumadin" modality="FACTUAL" polarity="POS" type="TREATMENT" />
<EVENT id="E107" start="3127" end="3130" text="ICD placement" modality="FACTUAL" polarity="POS" type="TREATMENT" />
<EVENT id="E108" start="3595" end="3597" text="an aspirin" modality="FACTUAL" polarity="POS" type="TREATMENT" />
<EVENT id="E109" start="3610" end="3616" text="Plavix" modality="FACTUAL" polarity="POS" type="TREATMENT" />
<EVENT id="E110" start="2514" end="2522" text="Coumadin" modality="FACTUAL" polarity="POS" type="TREATMENT" />
<EVENT id="E111" start="2527" end="2542" text="anticoagulation" modality="FACTUAL" polarity="POS" type="TREATMENT" />
<EVENT id="E112" start="2547" end="2553" text="stroke prevention" modality="FACTUAL" polarity="POS" type="TREATMENT" />
<EVENT id="E113" start="2638" end="2645" text="Lovenox injections" modality="FACTUAL" polarity="POS" type="TREATMENT" />
<TIMEX3 id="T1" start="777" end="781" text="that time" type="DATE" val="2015-06-04" mod="NA" />
<TIMEX3 id="T2" start="2086" end="2089" text="one months" type="DURATION" val="P1M" mod="NA" />
<TIMEX3 id="T3" start="3034" end="3038" text="2015-07-24" type="DATE" val="2015-07-24" mod="NA" />
<TIMEX3 id="T4" start="3230" end="3233" text="two days" type="DURATION" val="P2D" mod="NA" />
<TIMEX3 id="T5" start="18" end="22" text="2015-06-04" type="DATE" val="2015-06-04" mod="NA" />
<TIMEX3 id="T6" start="46" end="50" text="2015-06-08" type="DATE" val="2015-06-08" mod="NA" />
<TIMEX3 id="T7" start="313" end="314" text="4:00 p.m." type="TIME" val="2015-06-04T16:00" mod="NA" />
<TIMEX3 id="T8" start="326" end="329" text="the day of admission" type="DATE" val="2015-06-04" mod="NA" />
<TIMEX3 id="T9" start="404" end="407" text="the day" type="DATE" val="2015-06-04" mod="NA" />
<TIMEX3 id="T10" start="528" end="531" text="the day" type="DATE" val="2015-06-04" mod="NA" />
<TIMEX3 id="T11" start="548" end="549" text="4:00 p.m." type="TIME" val="2015-06-04T16:00" mod="NA" />
<TIMEX3 id="T12" start="764" end="765" text="8:00 p.m." type="TIME" val="2015-06-04T20:00" mod="NA" />
<SECTIME id="S0" start="17" end="21" text="2015-06-04" type="ADMISSION" dvalue="2015-06-04" />
<SECTIME id="S1" start="45" end="49" text="2015-06-08" type="DISCHARGE" dvalue="2015-06-08" />
<TLINK id="TL0" fromID="E19" fromText="presented" toID="E19" toText="presented" type="OVERLAP" />
<TLINK id="TL1" fromID="E68" fromText="hypertension" toID="E19" toText="presented" type="AFTER" />
<TLINK id="TL2" fromID="E73" fromText="hypercholesterolemia" toID="E19" toText="presented" type="AFTER" />
<TLINK id="TL3" fromID="E74" fromText="prior coronary artery disease history" toID="E19" toText="presented" type="AFTER" />
<TLINK id="TL4" fromID="E19" fromText="presented" toID="E75" toText="chest pain" type="AFTER" />
<TLINK id="TL9" fromID="E68" fromText="hypertension" toID="E73" toText="hypercholesterolemia" type="OVERLAP" />
<TLINK id="TL10" fromID="E68" fromText="hypertension" toID="E74" toText="prior coronary artery disease history" type="OVERLAP" />
<TLINK id="TL11" fromID="E68" fromText="hypertension" toID="E75" toText="chest pain" type="OVERLAP" />
<TLINK id="TL12" fromID="E73" fromText="hypercholesterolemia" toID="E74" toText="prior coronary artery disease history" type="OVERLAP" />
<TLINK id="TL13" fromID="E73" fromText="hypercholesterolemia" toID="E75" toText="chest pain" type="OVERLAP" />
<TLINK id="TL14" fromID="E74" fromText="prior coronary artery disease history" toID="E75" toText="chest pain" type="OVERLAP" />
<TLINK id="TL15" fromID="E12" fromText="reports" toID="E22" toText="admission" type="AFTER" />
<TLINK id="TL16" fromID="E12" fromText="reports" toID="E45" toText="the pain" type="BEFORE" />
<TLINK id="TL17" fromID="E45" fromText="the pain" toID="E22" toText="admission" type="AFTER" />
<TLINK id="TL18" fromID="E13" fromText="reports" toID="E69" toText="some GERD-like symptoms" type="AFTER" />
<TLINK id="TL19" fromID="E95" fromText="Maalox" toID="E21" toText="relief" type="AFTER" />
<TLINK id="TL20" fromID="E70" fromText="The pain" toID="E71" toText="nausea" type="OVERLAP" />
<TLINK id="TL21" fromID="E70" fromText="The pain" toID="E72" toText="diaphoresis" type="OVERLAP" />
<TLINK id="TL22" fromID="E71" fromText="nausea" toID="E72" toText="diaphoresis" type="OVERLAP" />
<TLINK id="TL23" fromID="E13" fromText="reports" toID="E45" toText="the pain" type="AFTER" />
<TLINK id="TL24" fromID="E16" fromText="arrived" toID="E5" toText="the Emergency Room" type="AFTER" />
<TLINK id="TL25" fromID="E4" fromText="the Emergency Room" toID="E92" toText="aspirin" type="AFTER" />
<TLINK id="TL26" fromID="E4" fromText="the Emergency Room" toID="E96" toText="nitroglycerin" type="AFTER" />
<TLINK id="TL27" fromID="E4" fromText="the Emergency Room" toID="E97" toText="Lopressor" type="AFTER" />
<TLINK id="TL28" fromID="E96" fromText="nitroglycerin" toID="E92" toText="aspirin" type="OVERLAP" />
<TLINK id="TL29" fromID="E97" fromText="Lopressor" toID="E92" toText="aspirin" type="OVERLAP" />
<TLINK id="TL30" fromID="E97" fromText="Lopressor" toID="E96" toText="nitroglycerin" type="OVERLAP" />
<TLINK id="TL31" fromID="E91" fromText="A TP3A inhibitor" toID="E42" toText="dissection" type="AFTER" />
<TLINK id="TL32" fromID="E10" fromText="found" toID="E40" toText="ST depressions in II , III , and aVF" type="AFTER" />
<TLINK id="TL33" fromID="E10" fromText="found" toID="E41" toText="elevations in I , aVL , and V1 through V2" type="AFTER" />
<TLINK id="TL34" fromID="E41" fromText="elevations in I , aVL , and V1 through V2" toID="E40" toText="ST depressions in II , III , and aVF" type="OVERLAP" />
<TLINK id="TL35" fromID="E15" fromText="taken" toID="E3" toText="the Cardiac Catheterization Laboratory" type="AFTER" />
<TLINK id="TL37" fromID="E2" fromText="Catheterization" toID="E38" toText="two vessel disease" type="AFTER" />
<TLINK id="TL38" fromID="E39" fromText="CORONARY ARTERY DISEASE" toID="E2" toText="Catheterization" type="AFTER" />
<TLINK id="TL39" fromID="E80" fromText="Cardiac Catheterization" toID="E2" toText="Catheterization" type="OVERLAP" />
<TLINK id="TL40" fromID="E39" fromText="CORONARY ARTERY DISEASE" toID="E38" toText="two vessel disease" type="OVERLAP" />
<TLINK id="TL41" fromID="E80" fromText="Cardiac Catheterization" toID="E38" toText="two vessel disease" type="AFTER" />
<TLINK id="TL42" fromID="E39" fromText="CORONARY ARTERY DISEASE" toID="E80" toText="Cardiac Catheterization" type="AFTER" />
<TLINK id="TL43" fromID="E9" fromText="found" toID="E51" toText="99% stenosis" type="AFTER" />
<TLINK id="TL44" fromID="E9" fromText="found" toID="E52" toText="a 95% stenosis" type="AFTER" />
<TLINK id="TL45" fromID="E9" fromText="found" toID="E53" toText="a 90% lesion" type="BEFORE" />
<TLINK id="TL46" fromID="E52" fromText="a 95% stenosis" toID="E51" toText="99% stenosis" type="AFTER" />
<TLINK id="TL47" fromID="E53" fromText="a 90% lesion" toID="E51" toText="99% stenosis" type="AFTER" />
<TLINK id="TL48" fromID="E53" fromText="a 90% lesion" toID="E52" toText="a 95% stenosis" type="OVERLAP" />
<TLINK id="TL49" fromID="E94" fromText="twin LAD stents" toID="E93" toText="Taxus stents" type="OVERLAP" />
<TLINK id="TL50" fromID="E50" fromText="proximal RCA lesion of 80%" toID="E49" toText="a mid RCA lesion of 80-90%" type="OVERLAP" />
<TLINK id="TL51" fromID="E17" fromText="titrated up" toID="E79" toText="her blood pressure" type="AFTER" />
<TLINK id="TL52" fromID="E102" fromText="an aspirin" toID="E17" toText="titrated up" type="AFTER" />
<TLINK id="TL53" fromID="E103" fromText="Plavix" toID="E17" toText="titrated up" type="AFTER" />
<TLINK id="TL54" fromID="E104" fromText="a beta Elmore" toID="E17" toText="titrated up" type="OVERLAP" />
<TLINK id="TL55" fromID="E105" fromText="Maxine ACE inhibitor" toID="E17" toText="titrated up" type="AFTER" />
<TLINK id="TL56" fromID="E102" fromText="an aspirin" toID="E79" toText="her blood pressure" type="AFTER" />
<TLINK id="TL57" fromID="E103" fromText="Plavix" toID="E79" toText="her blood pressure" type="AFTER" />
<TLINK id="TL58" fromID="E104" fromText="a beta Elmore" toID="E79" toText="her blood pressure" type="OVERLAP" />
<TLINK id="TL59" fromID="E105" fromText="Maxine ACE inhibitor" toID="E79" toText="her blood pressure" type="AFTER" />
<TLINK id="TL60" fromID="E102" fromText="an aspirin" toID="E103" toText="Plavix" type="OVERLAP" />
<TLINK id="TL61" fromID="E102" fromText="an aspirin" toID="E104" toText="a beta Elmore" type="OVERLAP" />
<TLINK id="TL62" fromID="E102" fromText="an aspirin" toID="E105" toText="Maxine ACE inhibitor" type="OVERLAP" />
<TLINK id="TL63" fromID="E103" fromText="Plavix" toID="E104" toText="a beta Elmore" type="OVERLAP" />
<TLINK id="TL64" fromID="E103" fromText="Plavix" toID="E105" toText="Maxine ACE inhibitor" type="OVERLAP" />
<TLINK id="TL65" fromID="E104" fromText="a beta Elmore" toID="E105" toText="Maxine ACE inhibitor" type="OVERLAP" />
<TLINK id="TL66" fromID="E48" fromText="muscle cramping" toID="E47" toText="these side effects" type="OVERLAP" />
<TLINK id="TL67" fromID="E98" fromText="Atorvastatin" toID="E47" toText="these side effects" type="AFTER" />
<TLINK id="TL68" fromID="E99" fromText="Pravastatin" toID="E47" toText="these side effects" type="OVERLAP" />
<TLINK id="TL69" fromID="E48" fromText="muscle cramping" toID="E98" toText="Atorvastatin" type="AFTER" />
<TLINK id="TL70" fromID="E48" fromText="muscle cramping" toID="E99" toText="Pravastatin" type="OVERLAP" />
<TLINK id="TL71" fromID="E98" fromText="Atorvastatin" toID="E99" toText="Pravastatin" type="OVERLAP" />
<TLINK id="TL72" fromID="E27" fromText="follow-up" toID="E46" toText="her coronary artery disease" type="AFTER" />
<TLINK id="TL73" fromID="E27" fromText="follow-up" toID="E60" toText="her remaining RCA lesions" type="AFTER" />
<TLINK id="TL74" fromID="E27" fromText="follow-up" toID="E78" toText="further evaluation" type="AFTER" />
<TLINK id="TL75" fromID="E27" fromText="follow-up" toID="E100" toText="further management" type="AFTER" />
<TLINK id="TL76" fromID="E46" fromText="her coronary artery disease" toID="E60" toText="her remaining RCA lesions" type="OVERLAP" />
<TLINK id="TL77" fromID="E46" fromText="her coronary artery disease" toID="E78" toText="further evaluation" type="AFTER" />
<TLINK id="TL78" fromID="E100" fromText="further management" toID="E46" toText="her coronary artery disease" type="AFTER" />
<TLINK id="TL79" fromID="E78" fromText="further evaluation" toID="E60" toText="her remaining RCA lesions" type="AFTER" />
<TLINK id="TL80" fromID="E100" fromText="further management" toID="E60" toText="her remaining RCA lesions" type="AFTER" />
<TLINK id="TL81" fromID="E100" fromText="further management" toID="E78" toText="further evaluation" type="AFTER" />
<TLINK id="TL82" fromID="E77" fromText="an echocardiogram" toID="E28" toText="function" type="AFTER" />
<TLINK id="TL83" fromID="E8" fromText="found" toID="E58" toText="apical mid and septal akinesis" type="AFTER" />
<TLINK id="TL84" fromID="E8" fromText="found" toID="E61" toText="an akinetic apex" type="AFTER" />
<TLINK id="TL85" fromID="E8" fromText="found" toID="E86" toText="an ejection fraction" type="AFTER" />
<TLINK id="TL86" fromID="E61" fromText="an akinetic apex" toID="E58" toText="apical mid and septal akinesis" type="OVERLAP" />
<TLINK id="TL87" fromID="E86" fromText="an ejection fraction" toID="E58" toText="apical mid and septal akinesis" type="AFTER" />
<TLINK id="TL88" fromID="E86" fromText="an ejection fraction" toID="E61" toText="an akinetic apex" type="AFTER" />
<TLINK id="TL89" fromID="E32" fromText="a transition" toID="E56" toText="apical akinesis" type="AFTER" />
<TLINK id="TL90" fromID="E59" fromText="significant apical akinesis" toID="E32" toText="a transition" type="AFTER" />
<TLINK id="TL91" fromID="E101" fromText="heparin" toID="E32" toText="a transition" type="OVERLAP" />
<TLINK id="TL92" fromID="E32" fromText="a transition" toID="E110" toText="Coumadin" type="AFTER" />
<TLINK id="TL93" fromID="E32" fromText="a transition" toID="E111" toText="anticoagulation" type="AFTER" />
<TLINK id="TL94" fromID="E32" fromText="a transition" toID="E112" toText="stroke prevention" type="AFTER" />
<TLINK id="TL95" fromID="E59" fromText="significant apical akinesis" toID="E56" toText="apical akinesis" type="OVERLAP" />
<TLINK id="TL96" fromID="E101" fromText="heparin" toID="E56" toText="apical akinesis" type="OVERLAP" />
<TLINK id="TL97" fromID="E110" fromText="Coumadin" toID="E56" toText="apical akinesis" type="AFTER" />
<TLINK id="TL98" fromID="E111" fromText="anticoagulation" toID="E56" toText="apical akinesis" type="AFTER" />
<TLINK id="TL99" fromID="E112" fromText="stroke prevention" toID="E56" toText="apical akinesis" type="AFTER" />
<TLINK id="TL100" fromID="E59" fromText="significant apical akinesis" toID="E101" toText="heparin" type="OVERLAP" />
<TLINK id="TL101" fromID="E59" fromText="significant apical akinesis" toID="E110" toText="Coumadin" type="AFTER" />
<TLINK id="TL102" fromID="E59" fromText="significant apical akinesis" toID="E111" toText="anticoagulation" type="AFTER" />
<TLINK id="TL103" fromID="E59" fromText="significant apical akinesis" toID="E112" toText="stroke prevention" type="AFTER" />
<TLINK id="TL104" fromID="E101" fromText="heparin" toID="E110" toText="Coumadin" type="OVERLAP" />
<TLINK id="TL105" fromID="E101" fromText="heparin" toID="E111" toText="anticoagulation" type="OVERLAP" />
<TLINK id="TL106" fromID="E101" fromText="heparin" toID="E112" toText="stroke prevention" type="OVERLAP" />
<TLINK id="TL107" fromID="E110" fromText="Coumadin" toID="E111" toText="anticoagulation" type="OVERLAP" />
<TLINK id="TL108" fromID="E110" fromText="Coumadin" toID="E112" toText="stroke prevention" type="OVERLAP" />
<TLINK id="TL109" fromID="E111" fromText="anticoagulation" toID="E112" toText="stroke prevention" type="OVERLAP" />
<TLINK id="TL110" fromID="E29" fromText="discharge" toID="E33" toText="continued" type="AFTER" />
<TLINK id="TL111" fromID="E29" fromText="discharge" toID="E106" toText="Coumadin" type="AFTER" />
<TLINK id="TL112" fromID="E29" fromText="discharge" toID="E113" toText="Lovenox injections" type="AFTER" />
<TLINK id="TL113" fromID="E33" fromText="continued" toID="E106" toText="Coumadin" type="AFTER" />
<TLINK id="TL114" fromID="E113" fromText="Lovenox injections" toID="E33" toText="continued" type="AFTER" />
<TLINK id="TL115" fromID="E113" fromText="Lovenox injections" toID="E106" toText="Coumadin" type="OVERLAP" />
<TLINK id="TL116" fromID="E23" fromText="her hospitalization" toID="E57" toText="significant events" type="OVERLAP" />
<TLINK id="TL117" fromID="E85" fromText="telemetry" toID="E23" toText="her hospitalization" type="OVERLAP" />
<TLINK id="TL118" fromID="E85" fromText="telemetry" toID="E57" toText="significant events" type="OVERLAP" />
<TLINK id="TL119" fromID="E88" fromText="an EP evaluation" toID="E24" toText="followed" type="AFTER" />
<TLINK id="TL120" fromID="E25" fromText="follow-up" toID="E54" toText="sudden cardiac death" type="AFTER" />
<TLINK id="TL121" fromID="E25" fromText="follow-up" toID="E82" toText="an echocardiogram" type="AFTER" />
<TLINK id="TL122" fromID="E25" fromText="follow-up" toID="E107" toText="ICD placement" type="AFTER" />
<TLINK id="TL123" fromID="E82" fromText="an echocardiogram" toID="E54" toText="sudden cardiac death" type="AFTER" />
<TLINK id="TL124" fromID="E54" fromText="sudden cardiac death" toID="E107" toText="ICD placement" type="AFTER" />
<TLINK id="TL125" fromID="E82" fromText="an echocardiogram" toID="E107" toText="ICD placement" type="AFTER" />
<TLINK id="TL126" fromID="E7" fromText="complained" toID="E26" toText="ambulation" type="AFTER" />
<TLINK id="TL127" fromID="E7" fromText="complained" toID="E55" toText="left lower extremity weakness" type="AFTER" />
<TLINK id="TL128" fromID="E7" fromText="complained" toID="E81" toText="her cardiac catheterization" type="AFTER" />
<TLINK id="TL129" fromID="E55" fromText="left lower extremity weakness" toID="E26" toText="ambulation" type="AFTER" />
<TLINK id="TL130" fromID="E26" fromText="ambulation" toID="E81" toText="her cardiac catheterization" type="AFTER" />
<TLINK id="TL131" fromID="E55" fromText="left lower extremity weakness" toID="E81" toText="her cardiac catheterization" type="AFTER" />
<TLINK id="TL132" fromID="E66" fromText="weakness" toID="E34" toText="good proximal and" type="AFTER" />
<TLINK id="TL133" fromID="E84" fromText="examination" toID="E34" toText="good proximal and" type="OVERLAP" />
<TLINK id="TL134" fromID="E66" fromText="weakness" toID="E84" toText="examination" type="OVERLAP" />
<TLINK id="TL135" fromID="E1" fromText="Therapy" toID="E35" toText="ambulate" type="AFTER" />
<TLINK id="TL136" fromID="E1" fromText="Therapy" toID="E36" toText="difficulty" type="AFTER" />
<TLINK id="TL137" fromID="E35" fromText="ambulate" toID="E36" toText="difficulty" type="OVERLAP" />
<TLINK id="TL138" fromID="E37" fromText="ascend stairs" toID="E67" toText="difficulty" type="AFTER" />
<TLINK id="TL139" fromID="E108" fromText="an aspirin" toID="E64" toText="a small stroke" type="OVERLAP" />
<TLINK id="TL140" fromID="E109" fromText="Plavix" toID="E64" toText="a small stroke" type="AFTER" />
<TLINK id="TL141" fromID="E108" fromText="an aspirin" toID="E109" toText="Plavix" type="OVERLAP" />
<TLINK id="TL142" fromID="E65" fromText="neurologic deficit" toID="E30" toText="followed-" type="AFTER" />
<TLINK id="TL143" fromID="E83" fromText="examination" toID="E30" toText="followed-" type="AFTER" />
<TLINK id="TL144" fromID="E65" fromText="neurologic deficit" toID="E83" toText="examination" type="AFTER" />
<TLINK id="TL145" fromID="E31" fromText="discharged" toID="E62" toText="apical akinesis" type="AFTER" />
<TLINK id="TL146" fromID="E31" fromText="discharged" toID="E63" toText="stroke risk" type="AFTER" />
<TLINK id="TL147" fromID="E31" fromText="discharged" toID="E90" toText="Coumadin" type="OVERLAP" />
<TLINK id="TL148" fromID="E62" fromText="apical akinesis" toID="E63" toText="stroke risk" type="OVERLAP" />
<TLINK id="TL149" fromID="E90" fromText="Coumadin" toID="E62" toText="apical akinesis" type="OVERLAP" />
<TLINK id="TL150" fromID="E90" fromText="Coumadin" toID="E63" toText="stroke risk" type="OVERLAP" />
<TLINK id="TL154" fromID="E13" fromText="reports" toID="T9" toText="the day" type="OVERLAP" />
<TLINK id="TL155" fromID="E69" fromText="some GERD-like symptoms" toID="T9" toText="the day" type="OVERLAP" />
<TLINK id="TL161" fromID="E43" fromText="the pain" toID="T1" toText="that time" type="OVERLAP" />
<TLINK id="TL163" fromID="E46" fromText="her coronary artery disease" toID="T2" toText="one months" type="OVERLAP" />
<TLINK id="TL164" fromID="E60" fromText="her remaining RCA lesions" toID="T2" toText="one months" type="OVERLAP" />
<TLINK id="TL165" fromID="E78" fromText="further evaluation" toID="T2" toText="one months" type="OVERLAP" />
<TLINK id="TL166" fromID="E100" fromText="further management" toID="T2" toText="one months" type="OVERLAP" />
<TLINK id="TL167" fromID="E25" fromText="follow-up" toID="T3" toText="2015-07-24" type="OVERLAP" />
<TLINK id="TL168" fromID="E54" fromText="sudden cardiac death" toID="T3" toText="2015-07-24" type="OVERLAP" />
<TLINK id="TL169" fromID="E82" fromText="an echocardiogram" toID="T3" toText="2015-07-24" type="OVERLAP" />
<TLINK id="TL173" fromID="E55" fromText="left lower extremity weakness" toID="T4" toText="two days" type="OVERLAP" />
<TLINK id="TL174" fromID="E81" fromText="her cardiac catheterization" toID="T4" toText="two days" type="OVERLAP" />
<TLINK id="TL175" fromID="E12" fromText="reports" toID="E70" toText="The pain" type="OVERLAP" />
<TLINK id="TL176" fromID="E12" fromText="reports" toID="E71" toText="nausea" type="OVERLAP" />
<TLINK id="TL177" fromID="E12" fromText="reports" toID="E72" toText="diaphoresis" type="OVERLAP" />
<TLINK id="TL178" fromID="E12" fromText="reports" toID="E13" toText="reports" type="OVERLAP" />
<TLINK id="TL179" fromID="E12" fromText="reports" toID="E69" toText="some GERD-like symptoms" type="OVERLAP" />
<TLINK id="TL180" fromID="E12" fromText="reports" toID="E70" toText="The pain" type="OVERLAP" />
<TLINK id="TL181" fromID="E12" fromText="reports" toID="E71" toText="nausea" type="OVERLAP" />
<TLINK id="TL182" fromID="E12" fromText="reports" toID="E72" toText="diaphoresis" type="OVERLAP" />
<TLINK id="TL183" fromID="E12" fromText="reports" toID="E43" toText="the pain" type="OVERLAP" />
<TLINK id="TL184" fromID="E22" fromText="admission" toID="E70" toText="The pain" type="OVERLAP" />
<TLINK id="TL185" fromID="E22" fromText="admission" toID="E71" toText="nausea" type="OVERLAP" />
<TLINK id="TL186" fromID="E22" fromText="admission" toID="E72" toText="diaphoresis" type="OVERLAP" />
<TLINK id="TL187" fromID="E22" fromText="admission" toID="E13" toText="reports" type="OVERLAP" />
<TLINK id="TL188" fromID="E22" fromText="admission" toID="E69" toText="some GERD-like symptoms" type="OVERLAP" />
<TLINK id="TL189" fromID="E22" fromText="admission" toID="E70" toText="The pain" type="OVERLAP" />
<TLINK id="TL190" fromID="E22" fromText="admission" toID="E71" toText="nausea" type="OVERLAP" />
<TLINK id="TL191" fromID="E22" fromText="admission" toID="E72" toText="diaphoresis" type="OVERLAP" />
<TLINK id="TL192" fromID="E22" fromText="admission" toID="E43" toText="the pain" type="OVERLAP" />
<TLINK id="TL193" fromID="E45" fromText="the pain" toID="E70" toText="The pain" type="OVERLAP" />
<TLINK id="TL194" fromID="E45" fromText="the pain" toID="E71" toText="nausea" type="OVERLAP" />
<TLINK id="TL195" fromID="E45" fromText="the pain" toID="E72" toText="diaphoresis" type="OVERLAP" />
<TLINK id="TL196" fromID="E45" fromText="the pain" toID="E13" toText="reports" type="OVERLAP" />
<TLINK id="TL197" fromID="E45" fromText="the pain" toID="E69" toText="some GERD-like symptoms" type="OVERLAP" />
<TLINK id="TL198" fromID="E45" fromText="the pain" toID="E70" toText="The pain" type="OVERLAP" />
<TLINK id="TL199" fromID="E45" fromText="the pain" toID="E71" toText="nausea" type="OVERLAP" />
<TLINK id="TL200" fromID="E45" fromText="the pain" toID="E72" toText="diaphoresis" type="OVERLAP" />
<TLINK id="TL201" fromID="E45" fromText="the pain" toID="E43" toText="the pain" type="OVERLAP" />
<TLINK id="TL202" fromID="E13" fromText="reports" toID="E12" toText="reports" type="OVERLAP" />
<TLINK id="TL203" fromID="E13" fromText="reports" toID="E22" toText="admission" type="OVERLAP" />
<TLINK id="TL204" fromID="E13" fromText="reports" toID="E45" toText="the pain" type="OVERLAP" />
<TLINK id="TL205" fromID="E13" fromText="reports" toID="E70" toText="The pain" type="OVERLAP" />
<TLINK id="TL206" fromID="E13" fromText="reports" toID="E71" toText="nausea" type="OVERLAP" />
<TLINK id="TL207" fromID="E13" fromText="reports" toID="E72" toText="diaphoresis" type="OVERLAP" />
<TLINK id="TL208" fromID="E13" fromText="reports" toID="E43" toText="the pain" type="OVERLAP" />
<TLINK id="TL209" fromID="E69" fromText="some GERD-like symptoms" toID="E12" toText="reports" type="OVERLAP" />
<TLINK id="TL210" fromID="E69" fromText="some GERD-like symptoms" toID="E22" toText="admission" type="OVERLAP" />
<TLINK id="TL211" fromID="E69" fromText="some GERD-like symptoms" toID="E45" toText="the pain" type="OVERLAP" />
<TLINK id="TL212" fromID="E69" fromText="some GERD-like symptoms" toID="E70" toText="The pain" type="OVERLAP" />
<TLINK id="TL213" fromID="E69" fromText="some GERD-like symptoms" toID="E71" toText="nausea" type="OVERLAP" />
<TLINK id="TL214" fromID="E69" fromText="some GERD-like symptoms" toID="E72" toText="diaphoresis" type="OVERLAP" />
<TLINK id="TL215" fromID="E69" fromText="some GERD-like symptoms" toID="E43" toText="the pain" type="OVERLAP" />
<TLINK id="TL216" fromID="E70" fromText="The pain" toID="E12" toText="reports" type="OVERLAP" />
<TLINK id="TL217" fromID="E70" fromText="The pain" toID="E22" toText="admission" type="OVERLAP" />
<TLINK id="TL218" fromID="E70" fromText="The pain" toID="E45" toText="the pain" type="OVERLAP" />
<TLINK id="TL219" fromID="E70" fromText="The pain" toID="E13" toText="reports" type="OVERLAP" />
<TLINK id="TL220" fromID="E70" fromText="The pain" toID="E69" toText="some GERD-like symptoms" type="OVERLAP" />
<TLINK id="TL221" fromID="E70" fromText="The pain" toID="E43" toText="the pain" type="OVERLAP" />
<TLINK id="TL222" fromID="E70" fromText="The pain" toID="E12" toText="reports" type="OVERLAP" />
<TLINK id="TL223" fromID="E70" fromText="The pain" toID="E22" toText="admission" type="OVERLAP" />
<TLINK id="TL224" fromID="E70" fromText="The pain" toID="E45" toText="the pain" type="OVERLAP" />
<TLINK id="TL225" fromID="E71" fromText="nausea" toID="E12" toText="reports" type="OVERLAP" />
<TLINK id="TL226" fromID="E71" fromText="nausea" toID="E22" toText="admission" type="OVERLAP" />
<TLINK id="TL227" fromID="E71" fromText="nausea" toID="E45" toText="the pain" type="OVERLAP" />
<TLINK id="TL228" fromID="E71" fromText="nausea" toID="E13" toText="reports" type="OVERLAP" />
<TLINK id="TL229" fromID="E71" fromText="nausea" toID="E69" toText="some GERD-like symptoms" type="OVERLAP" />
<TLINK id="TL230" fromID="E71" fromText="nausea" toID="E43" toText="the pain" type="OVERLAP" />
<TLINK id="TL231" fromID="E71" fromText="nausea" toID="E12" toText="reports" type="OVERLAP" />
<TLINK id="TL232" fromID="E71" fromText="nausea" toID="E22" toText="admission" type="OVERLAP" />
<TLINK id="TL233" fromID="E71" fromText="nausea" toID="E45" toText="the pain" type="OVERLAP" />
<TLINK id="TL234" fromID="E72" fromText="diaphoresis" toID="E12" toText="reports" type="OVERLAP" />
<TLINK id="TL235" fromID="E72" fromText="diaphoresis" toID="E22" toText="admission" type="OVERLAP" />
<TLINK id="TL236" fromID="E72" fromText="diaphoresis" toID="E45" toText="the pain" type="OVERLAP" />
<TLINK id="TL237" fromID="E72" fromText="diaphoresis" toID="E13" toText="reports" type="OVERLAP" />
<TLINK id="TL238" fromID="E72" fromText="diaphoresis" toID="E69" toText="some GERD-like symptoms" type="OVERLAP" />
<TLINK id="TL239" fromID="E72" fromText="diaphoresis" toID="E43" toText="the pain" type="OVERLAP" />
<TLINK id="TL240" fromID="E72" fromText="diaphoresis" toID="E12" toText="reports" type="OVERLAP" />
<TLINK id="TL241" fromID="E72" fromText="diaphoresis" toID="E22" toText="admission" type="OVERLAP" />
<TLINK id="TL242" fromID="E72" fromText="diaphoresis" toID="E45" toText="the pain" type="OVERLAP" />
<TLINK id="TL243" fromID="E43" fromText="the pain" toID="E12" toText="reports" type="OVERLAP" />
<TLINK id="TL244" fromID="E43" fromText="the pain" toID="E22" toText="admission" type="OVERLAP" />
<TLINK id="TL245" fromID="E43" fromText="the pain" toID="E45" toText="the pain" type="OVERLAP" />
<TLINK id="TL246" fromID="E43" fromText="the pain" toID="E13" toText="reports" type="OVERLAP" />
<TLINK id="TL247" fromID="E43" fromText="the pain" toID="E69" toText="some GERD-like symptoms" type="OVERLAP" />
<TLINK id="TL248" fromID="E43" fromText="the pain" toID="E70" toText="The pain" type="OVERLAP" />
<TLINK id="TL249" fromID="E43" fromText="the pain" toID="E71" toText="nausea" type="OVERLAP" />
<TLINK id="TL250" fromID="E43" fromText="the pain" toID="E72" toText="diaphoresis" type="OVERLAP" />
<TLINK id="TL252" fromID="E12" fromText="reports" toID="T8" toText="the day of admission" type="OVERLAP" />
<TLINK id="TL254" fromID="E22" fromText="admission" toID="T8" toText="the day of admission" type="OVERLAP" />
<TLINK id="TL256" fromID="E45" fromText="the pain" toID="T8" toText="the day of admission" type="OVERLAP" />
<TLINK id="SECTIME0" fromID="E1" fromText="Therapy" toID="T6" toText="2015-06-08" type="BEFORE" />
<TLINK id="SECTIME1" fromID="E2" fromText="Catheterization" toID="T6" toText="2015-06-08" type="BEFORE" />
<TLINK id="SECTIME2" fromID="E3" fromText="the Cardiac Catheterization Laboratory" toID="T5" toText="2015-06-04" type="BEFORE" />
<TLINK id="SECTIME3" fromID="E4" fromText="the Emergency Room" toID="T5" toText="2015-06-04" type="BEFORE" />
<TLINK id="SECTIME4" fromID="E5" fromText="the Emergency Room" toID="T5" toText="2015-06-04" type="BEFORE" />
<TLINK id="SECTIME5" fromID="E19" fromText="presented" toID="T5" toText="2015-06-04" type="BEFORE" />
<TLINK id="SECTIME6" fromID="E7" fromText="complained" toID="T6" toText="2015-06-08" type="BEFORE" />
<TLINK id="SECTIME7" fromID="E8" fromText="found" toID="T6" toText="2015-06-08" type="BEFORE" />
<TLINK id="SECTIME8" fromID="E9" fromText="found" toID="T6" toText="2015-06-08" type="BEFORE" />
<TLINK id="SECTIME9" fromID="E10" fromText="found" toID="T5" toText="2015-06-04" type="BEFORE" />
<TLINK id="SECTIME10" fromID="E13" fromText="reports" toID="T5" toText="2015-06-04" type="BEFORE" />
<TLINK id="SECTIME11" fromID="E12" fromText="reports" toID="T5" toText="2015-06-04" type="BEFORE" />
<TLINK id="SECTIME12" fromID="E13" fromText="reports" toID="T5" toText="2015-06-04" type="BEFORE" />
<TLINK id="SECTIME13" fromID="E15" fromText="taken" toID="T5" toText="2015-06-04" type="BEFORE" />
<TLINK id="SECTIME14" fromID="E16" fromText="arrived" toID="T5" toText="2015-06-04" type="BEFORE" />
<TLINK id="SECTIME15" fromID="E17" fromText="titrated up" toID="T6" toText="2015-06-08" type="BEFORE" />
<TLINK id="SECTIME16" fromID="E18" fromText="flow" toID="T6" toText="2015-06-08" type="BEFORE" />
<TLINK id="SECTIME17" fromID="E19" fromText="presented" toID="T5" toText="2015-06-04" type="BEFORE" />
<TLINK id="SECTIME18" fromID="E21" fromText="relief" toID="T5" toText="2015-06-04" type="BEFORE" />
<TLINK id="SECTIME19" fromID="E22" fromText="admission" toID="T5" toText="2015-06-04" type="BEFORE" />
<TLINK id="SECTIME20" fromID="E23" fromText="her hospitalization" toID="T6" toText="2015-06-08" type="BEFORE" />
<TLINK id="SECTIME21" fromID="E24" fromText="followed" toID="T6" toText="2015-06-08" type="BEFORE" />
<TLINK id="SECTIME22" fromID="E25" fromText="follow-up" toID="T6" toText="2015-06-08" type="BEFORE" />
<TLINK id="SECTIME23" fromID="E26" fromText="ambulation" toID="T6" toText="2015-06-08" type="BEFORE" />
<TLINK id="SECTIME24" fromID="E27" fromText="follow-up" toID="T6" toText="2015-06-08" type="BEFORE" />
<TLINK id="SECTIME25" fromID="E28" fromText="function" toID="T6" toText="2015-06-08" type="BEFORE" />
<TLINK id="SECTIME26" fromID="E29" fromText="discharge" toID="T6" toText="2015-06-08" type="BEFORE" />
<TLINK id="SECTIME27" fromID="E30" fromText="followed-" toID="T6" toText="2015-06-08" type="BEFORE" />
<TLINK id="SECTIME28" fromID="E31" fromText="discharged" toID="T6" toText="2015-06-08" type="BEFORE" />
<TLINK id="SECTIME29" fromID="E32" fromText="a transition" toID="T6" toText="2015-06-08" type="BEFORE" />
<TLINK id="SECTIME30" fromID="E33" fromText="continued" toID="T6" toText="2015-06-08" type="BEFORE" />
<TLINK id="SECTIME31" fromID="E34" fromText="good proximal and" toID="T6" toText="2015-06-08" type="BEFORE" />
<TLINK id="SECTIME32" fromID="E35" fromText="ambulate" toID="T6" toText="2015-06-08" type="BEFORE" />
<TLINK id="SECTIME33" fromID="E36" fromText="difficulty" toID="T6" toText="2015-06-08" type="BEFORE" />
<TLINK id="SECTIME34" fromID="E37" fromText="ascend stairs" toID="T6" toText="2015-06-08" type="BEFORE" />
<TLINK id="SECTIME35" fromID="E38" fromText="two vessel disease" toID="T6" toText="2015-06-08" type="BEFORE" />
<TLINK id="SECTIME36" fromID="E39" fromText="CORONARY ARTERY DISEASE" toID="T6" toText="2015-06-08" type="BEFORE" />
<TLINK id="SECTIME37" fromID="E40" fromText="ST depressions in II , III , and aVF" toID="T5" toText="2015-06-04" type="BEFORE" />
<TLINK id="SECTIME38" fromID="E41" fromText="elevations in I , aVL , and V1 through V2" toID="T5" toText="2015-06-04" type="BEFORE" />
<TLINK id="SECTIME39" fromID="E42" fromText="dissection" toID="T5" toText="2015-06-04" type="BEFORE" />
<TLINK id="SECTIME40" fromID="E43" fromText="the pain" toID="T5" toText="2015-06-04" type="BEFORE" />
<TLINK id="SECTIME41" fromID="E44" fromText="these symptoms" toID="T5" toText="2015-06-04" type="BEFORE" />
<TLINK id="SECTIME42" fromID="E45" fromText="the pain" toID="T5" toText="2015-06-04" type="BEFORE" />
<TLINK id="SECTIME43" fromID="E46" fromText="her coronary artery disease" toID="T6" toText="2015-06-08" type="BEFORE" />
<TLINK id="SECTIME44" fromID="E47" fromText="these side effects" toID="T6" toText="2015-06-08" type="BEFORE" />
<TLINK id="SECTIME45" fromID="E48" fromText="muscle cramping" toID="T6" toText="2015-06-08" type="BEFORE" />
<TLINK id="SECTIME46" fromID="E49" fromText="a mid RCA lesion of 80-90%" toID="T6" toText="2015-06-08" type="BEFORE" />
<TLINK id="SECTIME47" fromID="E50" fromText="proximal RCA lesion of 80%" toID="T6" toText="2015-06-08" type="BEFORE" />
<TLINK id="SECTIME48" fromID="E51" fromText="99% stenosis" toID="T6" toText="2015-06-08" type="BEFORE" />
<TLINK id="SECTIME49" fromID="E52" fromText="a 95% stenosis" toID="T6" toText="2015-06-08" type="BEFORE" />
<TLINK id="SECTIME50" fromID="E53" fromText="a 90% lesion" toID="T6" toText="2015-06-08" type="BEFORE" />
<TLINK id="SECTIME51" fromID="E54" fromText="sudden cardiac death" toID="T6" toText="2015-06-08" type="BEFORE" />
<TLINK id="SECTIME52" fromID="E55" fromText="left lower extremity weakness" toID="T6" toText="2015-06-08" type="BEFORE" />
<TLINK id="SECTIME53" fromID="E56" fromText="apical akinesis" toID="T6" toText="2015-06-08" type="BEFORE" />
<TLINK id="SECTIME54" fromID="E57" fromText="significant events" toID="T6" toText="2015-06-08" type="BEFORE" />
<TLINK id="SECTIME55" fromID="E58" fromText="apical mid and septal akinesis" toID="T6" toText="2015-06-08" type="BEFORE" />
<TLINK id="SECTIME56" fromID="E59" fromText="significant apical akinesis" toID="T6" toText="2015-06-08" type="BEFORE" />
<TLINK id="SECTIME57" fromID="E60" fromText="her remaining RCA lesions" toID="T6" toText="2015-06-08" type="BEFORE" />
<TLINK id="SECTIME58" fromID="E61" fromText="an akinetic apex" toID="T6" toText="2015-06-08" type="BEFORE" />
<TLINK id="SECTIME59" fromID="E62" fromText="apical akinesis" toID="T6" toText="2015-06-08" type="BEFORE" />
<TLINK id="SECTIME60" fromID="E63" fromText="stroke risk" toID="T6" toText="2015-06-08" type="BEFORE" />
<TLINK id="SECTIME61" fromID="E64" fromText="a small stroke" toID="T6" toText="2015-06-08" type="BEFORE" />
<TLINK id="SECTIME62" fromID="E65" fromText="neurologic deficit" toID="T6" toText="2015-06-08" type="BEFORE" />
<TLINK id="SECTIME63" fromID="E66" fromText="weakness" toID="T6" toText="2015-06-08" type="BEFORE" />
<TLINK id="SECTIME64" fromID="E67" fromText="difficulty" toID="T6" toText="2015-06-08" type="BEFORE" />
<TLINK id="SECTIME65" fromID="E68" fromText="hypertension" toID="T5" toText="2015-06-04" type="BEFORE" />
<TLINK id="SECTIME66" fromID="E69" fromText="some GERD-like symptoms" toID="T5" toText="2015-06-04" type="BEFORE" />
<TLINK id="SECTIME67" fromID="E70" fromText="The pain" toID="T5" toText="2015-06-04" type="BEFORE" />
<TLINK id="SECTIME68" fromID="E71" fromText="nausea" toID="T5" toText="2015-06-04" type="BEFORE" />
<TLINK id="SECTIME69" fromID="E72" fromText="diaphoresis" toID="T5" toText="2015-06-04" type="BEFORE" />
<TLINK id="SECTIME70" fromID="E73" fromText="hypercholesterolemia" toID="T5" toText="2015-06-04" type="BEFORE" />
<TLINK id="SECTIME71" fromID="E74" fromText="prior coronary artery disease history" toID="T5" toText="2015-06-04" type="BEFORE" />
<TLINK id="SECTIME72" fromID="E75" fromText="chest pain" toID="T5" toText="2015-06-04" type="BEFORE" />
<TLINK id="SECTIME73" fromID="E45" fromText="the pain" toID="T5" toText="2015-06-04" type="BEFORE" />
<TLINK id="SECTIME74" fromID="E77" fromText="an echocardiogram" toID="T6" toText="2015-06-08" type="BEFORE" />
<TLINK id="SECTIME75" fromID="E78" fromText="further evaluation" toID="T6" toText="2015-06-08" type="BEFORE" />
<TLINK id="SECTIME76" fromID="E79" fromText="her blood pressure" toID="T6" toText="2015-06-08" type="BEFORE" />
<TLINK id="SECTIME77" fromID="E80" fromText="Cardiac Catheterization" toID="T6" toText="2015-06-08" type="BEFORE" />
<TLINK id="SECTIME78" fromID="E81" fromText="her cardiac catheterization" toID="T6" toText="2015-06-08" type="BEFORE" />
<TLINK id="SECTIME79" fromID="E82" fromText="an echocardiogram" toID="T6" toText="2015-06-08" type="BEFORE" />
<TLINK id="SECTIME80" fromID="E83" fromText="examination" toID="T6" toText="2015-06-08" type="BEFORE" />
<TLINK id="SECTIME81" fromID="E84" fromText="examination" toID="T6" toText="2015-06-08" type="BEFORE" />
<TLINK id="SECTIME82" fromID="E85" fromText="telemetry" toID="T6" toText="2015-06-08" type="BEFORE" />
<TLINK id="SECTIME83" fromID="E86" fromText="an ejection fraction" toID="T6" toText="2015-06-08" type="BEFORE" />
<TLINK id="SECTIME84" fromID="E87" fromText="a signal-averaged EKG" toID="T6" toText="2015-06-08" type="BEFORE" />
<TLINK id="SECTIME85" fromID="E88" fromText="an EP evaluation" toID="T6" toText="2015-06-08" type="BEFORE" />
<TLINK id="SECTIME86" fromID="E89" fromText="her Coumadin dose" toID="T6" toText="2015-06-08" type="BEFORE" />
<TLINK id="SECTIME87" fromID="E90" fromText="Coumadin" toID="T6" toText="2015-06-08" type="BEFORE" />
<TLINK id="SECTIME88" fromID="E91" fromText="A TP3A inhibitor" toID="T5" toText="2015-06-04" type="BEFORE" />
<TLINK id="SECTIME89" fromID="E92" fromText="aspirin" toID="T5" toText="2015-06-04" type="BEFORE" />
<TLINK id="SECTIME90" fromID="E93" fromText="Taxus stents" toID="T6" toText="2015-06-08" type="BEFORE" />
<TLINK id="SECTIME91" fromID="E94" fromText="twin LAD stents" toID="T6" toText="2015-06-08" type="BEFORE" />
<TLINK id="SECTIME92" fromID="E95" fromText="Maalox" toID="T5" toText="2015-06-04" type="BEFORE" />
<TLINK id="SECTIME93" fromID="E96" fromText="nitroglycerin" toID="T5" toText="2015-06-04" type="BEFORE" />
<TLINK id="SECTIME94" fromID="E97" fromText="Lopressor" toID="T5" toText="2015-06-04" type="BEFORE" />
<TLINK id="SECTIME95" fromID="E98" fromText="Atorvastatin" toID="T6" toText="2015-06-08" type="BEFORE" />
<TLINK id="SECTIME96" fromID="E99" fromText="Pravastatin" toID="T6" toText="2015-06-08" type="BEFORE" />
<TLINK id="SECTIME97" fromID="E100" fromText="further management" toID="T6" toText="2015-06-08" type="BEFORE" />
<TLINK id="SECTIME98" fromID="E101" fromText="heparin" toID="T6" toText="2015-06-08" type="BEFORE" />
<TLINK id="SECTIME99" fromID="E102" fromText="an aspirin" toID="T6" toText="2015-06-08" type="BEFORE" />
<TLINK id="SECTIME100" fromID="E103" fromText="Plavix" toID="T6" toText="2015-06-08" type="BEFORE" />
<TLINK id="SECTIME101" fromID="E104" fromText="a beta Elmore" toID="T6" toText="2015-06-08" type="BEFORE" />
<TLINK id="SECTIME102" fromID="E105" fromText="Maxine ACE inhibitor" toID="T6" toText="2015-06-08" type="BEFORE" />
<TLINK id="SECTIME103" fromID="E106" fromText="Coumadin" toID="T6" toText="2015-06-08" type="BEFORE" />
<TLINK id="SECTIME104" fromID="E107" fromText="ICD placement" toID="T6" toText="2015-06-08" type="BEFORE" />
<TLINK id="SECTIME105" fromID="E108" fromText="an aspirin" toID="T6" toText="2015-06-08" type="BEFORE" />
<TLINK id="SECTIME106" fromID="E109" fromText="Plavix" toID="T6" toText="2015-06-08" type="BEFORE" />
<TLINK id="SECTIME107" fromID="E110" fromText="Coumadin" toID="T6" toText="2015-06-08" type="BEFORE" />
<TLINK id="SECTIME108" fromID="E111" fromText="anticoagulation" toID="T6" toText="2015-06-08" type="BEFORE" />
<TLINK id="SECTIME109" fromID="E112" fromText="stroke prevention" toID="T6" toText="2015-06-08" type="BEFORE" />
<TLINK id="SECTIME110" fromID="E113" fromText="Lovenox injections" toID="T6" toText="2015-06-08" type="BEFORE" />
</TAGS>
</ClinicalNarrativeTemporalAnnotation>