<?xml version="1.0" encoding="UTF-8" ?>
<ClinicalNarrativeTemporalAnnotation>
<TEXT><![CDATA[
Admission Date :
2011-02-06
Discharge Date :
2011-02-08
Service :
HISTORY OF PRESENT ILLNESS :
HISTORY OF PRESENT ILLNESS :
Mr. Pohl is a 53 - year-old male with history of alcohol use and hypertension .
He was found in his apartment lobby " shouting " and very agitated .
The patient states that he recalls going out alone to a cafe the evening prior to admission .
There he recalls having pizza and two glasses of red wine .
The patient told other staff that he had a few cocktails and drinking a few more glasses of wine when he ran into some friends at a bar .
He denies any other drug or toxin ingestion .
He does not recall walking home , but he states that the way is well known to him .
He has no further recollection , until he presented to the emergency room .
He by emergency room report , was found in his apartment lobby agitated .
EMS was called and the patient was taken to the emergency room .
Blood alcohol level was 383 .
Agitated in emergency room requiring 4 leather restraints , received 5 mg of Haldol , 2 mg of Ativan .
He became hypotensive in the emergency room with a systolic blood pressure in the 80 's and had decreased respiratory rate .
He received a normal saline bolus of 2 liters of good blood pressure response .
The patient was then admitted to the medical Intensive Care Unit for observation of his blood pressure and then transferred to our service on medicine when the blood pressures remained stable overnight .
The patient denies any chest pain , shortness of breath , dysuria , diarrhea , bright red blood per rectum .
He does complain of cold symptoms times one week .
The patient states in the past that he has participated in several alcohol treatment programs , most recently Star which is similar Alcoholics Anonymous .
The patient admits that he has had many stressors in his life lately .
His job as a computer programmer is unstable .
His brother is mentally handicapped and might be sent away from his instate institution .
He is also concerned about the threat of war and is ready to " move to Madagascar ".
He states that he primarily relies on friends .
In the past , he has been very depressed and has seen a counselor at Greenfield Community College Community Health .
HOSPITAL COURSE :
The patient was transferred to medicine service on hospital day #2 after remaining hemodynamically stable in the CMED CCU overnight .
1. Blood pressure :
The patient 's blood pressure remained stable on hospital day #2 through hospital day #3 status post IV hydration with systolic blood pressures in the 120 's to 130 's.
We continued to hold the patient 's home blood pressure medications .
The patient was asymptomatic without chest pain , shortness of breath and no mental status changes .
2. Substance abuse :
On Hospital day #2 through hospital day #3 , the patient had mild tremor on hands , but improved over hospital course .
The patient became notably less anxious throughout hospital stay .
CIWA scale over night was 1 for tremor and the patient did not require any Valium for alcohol withdrawal .
We believe that the patient is able to be discharged and to follow up with Dr. Sandra Rose , addiction services as an outpatient .
Call for further referral .
3. FEN :
Calcium carbonate 500 mg p.o. t.i.d. , Mag oxide 400 mg p.o. times one dose , potassium chloride repleted 40 mEq times one dose .
]]></TEXT>
<TAGS>
<EVENT id="E1" start="1745" end="1755" text="Alcoholics Anonymous" modality="FACTUAL" polarity="POS" type="CLINICAL_DEPT" />
<EVENT id="E2" start="1376" end="1379" text="our service" modality="FACTUAL" polarity="POS" type="CLINICAL_DEPT" />
<EVENT id="E3" start="1282" end="1285" text="the medical Intensive Care Unit" modality="FACTUAL" polarity="POS" type="CLINICAL_DEPT" />
<EVENT id="E4" start="1069" end="1072" text="the emergency room" modality="FACTUAL" polarity="POS" type="CLINICAL_DEPT" />
<EVENT id="E5" start="953" end="962" text="emergency room" modality="FACTUAL" polarity="POS" type="CLINICAL_DEPT" />
<EVENT id="E6" start="890" end="893" text="the emergency room" modality="FACTUAL" polarity="POS" type="CLINICAL_DEPT" />
<EVENT id="E7" start="846" end="849" text="EMS" modality="FACTUAL" polarity="POS" type="CLINICAL_DEPT" />
<EVENT id="E8" start="778" end="787" text="emergency room" modality="FACTUAL" polarity="POS" type="CLINICAL_DEPT" />
<EVENT id="E9" start="2353" end="2356" text="the CMED CCU" modality="FACTUAL" polarity="POS" type="CLINICAL_DEPT" />
<EVENT id="E10" start="2275" end="2283" text="medicine service" modality="FACTUAL" polarity="POS" type="CLINICAL_DEPT" />
<EVENT id="E11" start="2178" end="2188" text="Greenfield Community College Community Health" modality="FACTUAL" polarity="POS" type="CLINICAL_DEPT" />
<EVENT id="E12" start="751" end="754" text="the emergency room" modality="FACTUAL" polarity="POS" type="CLINICAL_DEPT" />
<EVENT id="E13" start="2064" end="2070" text="states" modality="FACTUAL" polarity="POS" type="EVIDENTIAL" />
<EVENT id="E14" start="1625" end="1631" text="states" modality="FACTUAL" polarity="POS" type="EVIDENTIAL" />
<EVENT id="E15" start="1570" end="1578" text="complain" modality="FACTUAL" polarity="POS" type="EVIDENTIAL" />
<EVENT id="E16" start="286" end="292" text="states" modality="FACTUAL" polarity="POS" type="EVIDENTIAL" />
<EVENT id="E17" start="569" end="575" text="denies" modality="FACTUAL" polarity="POS" type="EVIDENTIAL" />
<EVENT id="E18" start="653" end="659" text="states" modality="FACTUAL" polarity="POS" type="EVIDENTIAL" />
<EVENT id="E19" start="738" end="747" text="presented" modality="FACTUAL" polarity="POS" type="EVIDENTIAL" />
<EVENT id="E20" start="1465" end="1471" text="denies" modality="FACTUAL" polarity="POS" type="EVIDENTIAL" />
<EVENT id="E21" start="1270" end="1278" text="admitted" modality="FACTUAL" polarity="POS" type="OCCURRENCE" />
<EVENT id="E22" start="1361" end="1372" text="transferred" modality="FACTUAL" polarity="POS" type="OCCURRENCE" />
<EVENT id="E23" start="881" end="886" text="taken" modality="FACTUAL" polarity="POS" type="OCCURRENCE" />
<EVENT id="E24" start="1218" end="1222" text="good blood pressure response" modality="FACTUAL" polarity="POS" type="OCCURRENCE" />
<EVENT id="E25" start="714" end="726" text="recollection" modality="FACTUAL" polarity="POS" type="OCCURRENCE" />
<EVENT id="E26" start="738" end="747" text="presented" modality="FACTUAL" polarity="POS" type="OCCURRENCE" />
<EVENT id="E27" start="631" end="638" text="walking home" modality="FACTUAL" polarity="POS" type="OCCURRENCE" />
<EVENT id="E28" start="2583" end="2587" text="hold" modality="FACTUAL" polarity="POS" type="OCCURRENCE" />
<EVENT id="E29" start="2847" end="2855" text="improved" modality="FACTUAL" polarity="POS" type="OCCURRENCE" />
<EVENT id="E30" start="2327" end="2342" text="hemodynamically stable" modality="FACTUAL" polarity="POS" type="OCCURRENCE" />
<EVENT id="E31" start="2437" end="2443" text="stable" modality="FACTUAL" polarity="POS" type="OCCURRENCE" />
<EVENT id="E32" start="2260" end="2271" text="transferred" modality="FACTUAL" polarity="POS" type="OCCURRENCE" />
<EVENT id="E33" start="1434" end="1440" text="stable" modality="FACTUAL" polarity="POS" type="OCCURRENCE" />
<EVENT id="E34" start="1935" end="1939" text="sent away" modality="FACTUAL" polarity="POS" type="OCCURRENCE" />
<EVENT id="E35" start="576" end="579" text="any other drug" modality="FACTUAL" polarity="POS" type="OCCURRENCE" />
<EVENT id="E36" start="356" end="365" text="admission" modality="FACTUAL" polarity="POS" type="OCCURRENCE" />
<EVENT id="E37" start="29" end="38" text="Discharge" modality="FACTUAL" polarity="POS" type="OCCURRENCE" />
<EVENT id="E38" start="1" end="10" text="Admission" modality="FACTUAL" polarity="POS" type="OCCURRENCE" />
<EVENT id="E39" start="660" end="664" text="that the way" modality="FACTUAL" polarity="POS" type="OCCURRENCE" />
<EVENT id="E40" start="3156" end="3164" text="services" modality="FACTUAL" polarity="POS" type="OCCURRENCE" />
<EVENT id="E41" start="2570" end="2579" text="continued" modality="FACTUAL" polarity="POS" type="OCCURRENCE" />
<EVENT id="E42" start="2930" end="2938" text="hospital stay" modality="FACTUAL" polarity="POS" type="OCCURRENCE" />
<EVENT id="E43" start="2861" end="2869" text="hospital course" modality="FACTUAL" polarity="POS" type="OCCURRENCE" />
<EVENT id="E44" start="3113" end="3119" text="follow up" modality="FACTUAL" polarity="POS" type="OCCURRENCE" />
<EVENT id="E45" start="3095" end="3105" text="discharged" modality="FACTUAL" polarity="POS" type="OCCURRENCE" />
<EVENT id="E46" start="2135" end="2139" text="very depressed" modality="FACTUAL" polarity="POS" type="PROBLEM" />
<EVENT id="E47" start="2653" end="2665" text="asymptomatic" modality="FACTUAL" polarity="POS" type="PROBLEM" />
<EVENT id="E48" start="1582" end="1586" text="cold symptoms" modality="FACTUAL" polarity="POS" type="PROBLEM" />
<EVENT id="E49" start="1901" end="1909" text="mentally handicapped" modality="FACTUAL" polarity="POS" type="PROBLEM" />
<EVENT id="E50" start="1521" end="1529" text="diarrhea" modality="FACTUAL" polarity="POS" type="PROBLEM" />
<EVENT id="E51" start="1532" end="1538" text="bright red blood per rectum" modality="FACTUAL" polarity="POS" type="PROBLEM" />
<EVENT id="E52" start="1489" end="1498" text="shortness of breath" modality="FACTUAL" polarity="POS" type="PROBLEM" />
<EVENT id="E53" start="1511" end="1518" text="dysuria" modality="FACTUAL" polarity="POS" type="PROBLEM" />
<EVENT id="E54" start="3032" end="3039" text="alcohol withdrawal" modality="FACTUAL" polarity="POS" type="PROBLEM" />
<EVENT id="E55" start="2898" end="2905" text="notably less anxious" modality="FACTUAL" polarity="POS" type="PROBLEM" />
<EVENT id="E56" start="2978" end="2984" text="tremor" modality="FACTUAL" polarity="POS" type="PROBLEM" />
<EVENT id="E57" start="2714" end="2720" text="mental status changes" modality="FACTUAL" polarity="POS" type="PROBLEM" />
<EVENT id="E58" start="2820" end="2824" text="mild tremor on hands" modality="FACTUAL" polarity="POS" type="PROBLEM" />
<EVENT id="E59" start="2674" end="2679" text="chest pain" modality="FACTUAL" polarity="POS" type="PROBLEM" />
<EVENT id="E60" start="2687" end="2696" text="shortness of breath" modality="FACTUAL" polarity="POS" type="PROBLEM" />
<EVENT id="E61" start="1472" end="1475" text="any chest pain" modality="FACTUAL" polarity="POS" type="PROBLEM" />
<EVENT id="E62" start="1140" end="1149" text="decreased respiratory rate" modality="FACTUAL" polarity="POS" type="PROBLEM" />
<EVENT id="E63" start="1054" end="1065" text="hypotensive" modality="FACTUAL" polarity="POS" type="PROBLEM" />
<EVENT id="E64" start="941" end="949" text="Agitated" modality="FACTUAL" polarity="POS" type="PROBLEM" />
<EVENT id="E65" start="835" end="843" text="agitated" modality="FACTUAL" polarity="POS" type="PROBLEM" />
<EVENT id="E66" start="258" end="262" text="very agitated" modality="FACTUAL" polarity="POS" type="PROBLEM" />
<EVENT id="E67" start="190" end="202" text="hypertension" modality="FACTUAL" polarity="POS" type="PROBLEM" />
<EVENT id="E68" start="2946" end="2950" text="CIWA scale" modality="FACTUAL" polarity="POS" type="TEST" />
<EVENT id="E69" start="2517" end="2525" text="systolic blood pressures" modality="FACTUAL" polarity="POS" type="TEST" />
<EVENT id="E70" start="2398" end="2401" text="The patient 's blood pressure" modality="FACTUAL" polarity="POS" type="TEST" />
<EVENT id="E71" start="911" end="916" text="Blood alcohol level" modality="FACTUAL" polarity="POS" type="TEST" />
<EVENT id="E72" start="1093" end="1094" text="a systolic blood pressure" modality="FACTUAL" polarity="POS" type="TEST" />
<EVENT id="E73" start="1333" end="1336" text="his blood pressure" modality="FACTUAL" polarity="POS" type="TEST" />
<EVENT id="E74" start="1405" end="1408" text="the blood pressures" modality="FACTUAL" polarity="POS" type="TEST" />
<EVENT id="E75" start="2381" end="2386" text="Blood pressure" modality="FACTUAL" polarity="POS" type="TEST" />
<EVENT id="E76" start="3021" end="3027" text="Valium" modality="FACTUAL" polarity="POS" type="TREATMENT" />
<EVENT id="E77" start="2603" end="2607" text="home blood pressure medications" modality="FACTUAL" polarity="POS" type="TREATMENT" />
<EVENT id="E78" start="2499" end="2501" text="IV hydration" modality="FACTUAL" polarity="POS" type="TREATMENT" />
<EVENT id="E79" start="2163" end="2164" text="a counselor" modality="FACTUAL" polarity="POS" type="TREATMENT" />
<EVENT id="E80" start="1680" end="1687" text="alcohol treatment programs" modality="FACTUAL" polarity="POS" type="TREATMENT" />
<EVENT id="E81" start="1181" end="1182" text="a normal saline bolus" modality="FACTUAL" polarity="POS" type="TREATMENT" />
<EVENT id="E82" start="1035" end="1041" text="Ativan" modality="FACTUAL" polarity="POS" type="TREATMENT" />
<EVENT id="E83" start="1018" end="1024" text="Haldol" modality="FACTUAL" polarity="POS" type="TREATMENT" />
<EVENT id="E84" start="3299" end="3308" text="potassium chloride" modality="FACTUAL" polarity="POS" type="TREATMENT" />
<EVENT id="E85" start="3260" end="3263" text="Mag oxide" modality="FACTUAL" polarity="POS" type="TREATMENT" />
<EVENT id="E86" start="3221" end="3228" text="Calcium carbonate" modality="FACTUAL" polarity="POS" type="TREATMENT" />
<EVENT id="E87" start="978" end="979" text="4 leather restraints" modality="FACTUAL" polarity="POS" type="TREATMENT" />
<TIMEX3 id="T1" start="3251" end="3257" text="t.i.d." type="FREQUENCY" val="RPT8H" mod="NA" />
<TIMEX3 id="T2" start="2786" end="2794" text="hospital day #3" type="DATE" val="2011-02-09" mod="NA" />
<TIMEX3 id="T3" start="2762" end="2770" text="Hospital day #2" type="DATE" val="2011-02-08" mod="NA" />
<TIMEX3 id="T4" start="18" end="22" text="2011-02-06" type="DATE" val="2011-02-06" mod="NA" />
<TIMEX3 id="T5" start="2295" end="2303" text="hospital day #2" type="DATE" val="2011-02-08" mod="NA" />
<TIMEX3 id="T6" start="2366" end="2375" text="overnight" type="DURATION" val="PT12H" mod="APPROX" />
<TIMEX3 id="T7" start="2447" end="2455" text="hospital day #2" type="DATE" val="2011-02-08" mod="NA" />
<TIMEX3 id="T8" start="2471" end="2479" text="hospital day #3" type="DATE" val="2011-02-09" mod="NA" />
<TIMEX3 id="T9" start="46" end="50" text="2011-02-08" type="DATE" val="2011-02-08" mod="NA" />
<TIMEX3 id="T10" start="335" end="338" text="the evening" type="DATE" val="2011-02-06" mod="NA" />
<TIMEX3 id="T11" start="1441" end="1450" text="overnight" type="DURATION" val="PT12H" mod="APPROX" />
<TIMEX3 id="T12" start="1596" end="1601" text="times one week" type="DURATION" val="P1W" mod="NA" />
<SECTIME id="S0" start="17" end="21" text="2011-02-06" type="ADMISSION" dvalue="2011-02-06" />
<SECTIME id="S1" start="45" end="49" text="2011-02-08" type="DISCHARGE" dvalue="2011-02-08" />
<TLINK id="TL0" fromID="E14" fromText="states" toID="E36" toText="admission" type="AFTER" />
<TLINK id="TL2" fromID="E17" fromText="denies" toID="E35" toText="any other drug" type="AFTER" />
<TLINK id="TL3" fromID="E27" fromText="walking home" toID="E18" toText="states" type="AFTER" />
<TLINK id="TL4" fromID="E18" fromText="states" toID="E39" toText="that the way" type="AFTER" />
<TLINK id="TL5" fromID="E27" fromText="walking home" toID="E39" toText="that the way" type="AFTER" />
<TLINK id="TL6" fromID="E26" fromText="presented" toID="E12" toText="the emergency room" type="AFTER" />
<TLINK id="TL7" fromID="E25" fromText="recollection" toID="E12" toText="the emergency room" type="AFTER" />
<TLINK id="TL9" fromID="E25" fromText="recollection" toID="E26" toText="presented" type="AFTER" />
<TLINK id="TL10" fromID="E26" fromText="presented" toID="E26" toText="presented" type="OVERLAP" />
<TLINK id="TL12" fromID="E5" fromText="emergency room" toID="E65" toText="agitated" type="AFTER" />
<TLINK id="TL13" fromID="E7" fromText="EMS" toID="E6" toText="the emergency room" type="AFTER" />
<TLINK id="TL14" fromID="E23" fromText="taken" toID="E6" toText="the emergency room" type="AFTER" />
<TLINK id="TL15" fromID="E7" fromText="EMS" toID="E23" toText="taken" type="AFTER" />
<TLINK id="TL16" fromID="E64" fromText="Agitated" toID="E5" toText="emergency room" type="OVERLAP" />
<TLINK id="TL17" fromID="E5" fromText="emergency room" toID="E82" toText="Ativan" type="AFTER" />
<TLINK id="TL18" fromID="E5" fromText="emergency room" toID="E83" toText="Haldol" type="AFTER" />
<TLINK id="TL19" fromID="E5" fromText="emergency room" toID="E87" toText="4 leather restraints" type="AFTER" />
<TLINK id="TL20" fromID="E64" fromText="Agitated" toID="E82" toText="Ativan" type="AFTER" />
<TLINK id="TL21" fromID="E64" fromText="Agitated" toID="E83" toText="Haldol" type="AFTER" />
<TLINK id="TL22" fromID="E64" fromText="Agitated" toID="E87" toText="4 leather restraints" type="AFTER" />
<TLINK id="TL23" fromID="E83" fromText="Haldol" toID="E82" toText="Ativan" type="OVERLAP" />
<TLINK id="TL24" fromID="E87" fromText="4 leather restraints" toID="E82" toText="Ativan" type="OVERLAP" />
<TLINK id="TL25" fromID="E87" fromText="4 leather restraints" toID="E83" toText="Haldol" type="OVERLAP" />
<TLINK id="TL26" fromID="E4" fromText="the emergency room" toID="E62" toText="decreased respiratory rate" type="AFTER" />
<TLINK id="TL27" fromID="E63" fromText="hypotensive" toID="E4" toText="the emergency room" type="OVERLAP" />
<TLINK id="TL28" fromID="E4" fromText="the emergency room" toID="E72" toText="a systolic blood pressure" type="OVERLAP" />
<TLINK id="TL29" fromID="E63" fromText="hypotensive" toID="E62" toText="decreased respiratory rate" type="OVERLAP" />
<TLINK id="TL30" fromID="E72" fromText="a systolic blood pressure" toID="E62" toText="decreased respiratory rate" type="AFTER" />
<TLINK id="TL31" fromID="E63" fromText="hypotensive" toID="E72" toText="a systolic blood pressure" type="AFTER" />
<TLINK id="TL32" fromID="E81" fromText="a normal saline bolus" toID="E24" toText="good blood pressure response" type="AFTER" />
<TLINK id="TL33" fromID="E3" fromText="the medical Intensive Care Unit" toID="E2" toText="our service" type="AFTER" />
<TLINK id="TL34" fromID="E21" fromText="admitted" toID="E2" toText="our service" type="AFTER" />
<TLINK id="TL35" fromID="E22" fromText="transferred" toID="E2" toText="our service" type="AFTER" />
<TLINK id="TL36" fromID="E2" fromText="our service" toID="E33" toText="stable" type="AFTER" />
<TLINK id="TL37" fromID="E73" fromText="his blood pressure" toID="E2" toText="our service" type="AFTER" />
<TLINK id="TL38" fromID="E2" fromText="our service" toID="E74" toText="the blood pressures" type="OVERLAP" />
<TLINK id="TL39" fromID="E21" fromText="admitted" toID="E3" toText="the medical Intensive Care Unit" type="AFTER" />
<TLINK id="TL40" fromID="E3" fromText="the medical Intensive Care Unit" toID="E22" toText="transferred" type="AFTER" />
<TLINK id="TL41" fromID="E3" fromText="the medical Intensive Care Unit" toID="E33" toText="stable" type="AFTER" />
<TLINK id="TL42" fromID="E3" fromText="the medical Intensive Care Unit" toID="E73" toText="his blood pressure" type="OVERLAP" />
<TLINK id="TL43" fromID="E3" fromText="the medical Intensive Care Unit" toID="E74" toText="the blood pressures" type="OVERLAP" />
<TLINK id="TL44" fromID="E21" fromText="admitted" toID="E22" toText="transferred" type="AFTER" />
<TLINK id="TL45" fromID="E21" fromText="admitted" toID="E33" toText="stable" type="AFTER" />
<TLINK id="TL46" fromID="E21" fromText="admitted" toID="E73" toText="his blood pressure" type="AFTER" />
<TLINK id="TL47" fromID="E21" fromText="admitted" toID="E74" toText="the blood pressures" type="AFTER" />
<TLINK id="TL48" fromID="E22" fromText="transferred" toID="E33" toText="stable" type="AFTER" />
<TLINK id="TL49" fromID="E73" fromText="his blood pressure" toID="E22" toText="transferred" type="AFTER" />
<TLINK id="TL50" fromID="E22" fromText="transferred" toID="E74" toText="the blood pressures" type="AFTER" />
<TLINK id="TL51" fromID="E73" fromText="his blood pressure" toID="E33" toText="stable" type="AFTER" />
<TLINK id="TL52" fromID="E74" fromText="the blood pressures" toID="E33" toText="stable" type="OVERLAP" />
<TLINK id="TL53" fromID="E73" fromText="his blood pressure" toID="E74" toText="the blood pressures" type="OVERLAP" />
<TLINK id="TL54" fromID="E20" fromText="denies" toID="E50" toText="diarrhea" type="AFTER" />
<TLINK id="TL55" fromID="E20" fromText="denies" toID="E51" toText="bright red blood per rectum" type="AFTER" />
<TLINK id="TL56" fromID="E20" fromText="denies" toID="E52" toText="shortness of breath" type="AFTER" />
<TLINK id="TL57" fromID="E20" fromText="denies" toID="E53" toText="dysuria" type="AFTER" />
<TLINK id="TL58" fromID="E20" fromText="denies" toID="E61" toText="any chest pain" type="BEFORE" />
<TLINK id="TL59" fromID="E50" fromText="diarrhea" toID="E51" toText="bright red blood per rectum" type="OVERLAP" />
<TLINK id="TL60" fromID="E52" fromText="shortness of breath" toID="E50" toText="diarrhea" type="OVERLAP" />
<TLINK id="TL61" fromID="E53" fromText="dysuria" toID="E50" toText="diarrhea" type="OVERLAP" />
<TLINK id="TL62" fromID="E61" fromText="any chest pain" toID="E50" toText="diarrhea" type="OVERLAP" />
<TLINK id="TL63" fromID="E52" fromText="shortness of breath" toID="E51" toText="bright red blood per rectum" type="OVERLAP" />
<TLINK id="TL64" fromID="E53" fromText="dysuria" toID="E51" toText="bright red blood per rectum" type="OVERLAP" />
<TLINK id="TL65" fromID="E61" fromText="any chest pain" toID="E51" toText="bright red blood per rectum" type="OVERLAP" />
<TLINK id="TL66" fromID="E52" fromText="shortness of breath" toID="E53" toText="dysuria" type="OVERLAP" />
<TLINK id="TL67" fromID="E61" fromText="any chest pain" toID="E52" toText="shortness of breath" type="OVERLAP" />
<TLINK id="TL68" fromID="E61" fromText="any chest pain" toID="E53" toText="dysuria" type="OVERLAP" />
<TLINK id="TL69" fromID="E15" fromText="complain" toID="E48" toText="cold symptoms" type="AFTER" />
<TLINK id="TL70" fromID="E14" fromText="states" toID="E1" toText="Alcoholics Anonymous" type="AFTER" />
<TLINK id="TL71" fromID="E80" fromText="alcohol treatment programs" toID="E1" toText="Alcoholics Anonymous" type="AFTER" />
<TLINK id="TL72" fromID="E14" fromText="states" toID="E80" toText="alcohol treatment programs" type="AFTER" />
<TLINK id="TL76" fromID="E49" fromText="mentally handicapped" toID="E34" toText="sent away" type="AFTER" />
<TLINK id="TL78" fromID="E46" fromText="very depressed" toID="E11" toText="Greenfield Community College Community Health" type="AFTER" />
<TLINK id="TL79" fromID="E79" fromText="a counselor" toID="E11" toText="Greenfield Community College Community Health" type="AFTER" />
<TLINK id="TL80" fromID="E46" fromText="very depressed" toID="E79" toText="a counselor" type="AFTER" />
<TLINK id="TL84" fromID="E10" fromText="medicine service" toID="E9" toText="the CMED CCU" type="AFTER" />
<TLINK id="TL85" fromID="E30" fromText="hemodynamically stable" toID="E9" toText="the CMED CCU" type="AFTER" />
<TLINK id="TL86" fromID="E32" fromText="transferred" toID="E9" toText="the CMED CCU" type="AFTER" />
<TLINK id="TL87" fromID="E10" fromText="medicine service" toID="E30" toText="hemodynamically stable" type="AFTER" />
<TLINK id="TL88" fromID="E32" fromText="transferred" toID="E10" toText="medicine service" type="AFTER" />
<TLINK id="TL89" fromID="E32" fromText="transferred" toID="E30" toText="hemodynamically stable" type="AFTER" />
<TLINK id="TL90" fromID="E31" fromText="stable" toID="E69" toText="systolic blood pressures" type="AFTER" />
<TLINK id="TL91" fromID="E70" fromText="The patient 's blood pressure" toID="E31" toText="stable" type="AFTER" />
<TLINK id="TL92" fromID="E31" fromText="stable" toID="E78" toText="IV hydration" type="AFTER" />
<TLINK id="TL93" fromID="E70" fromText="The patient 's blood pressure" toID="E69" toText="systolic blood pressures" type="OVERLAP" />
<TLINK id="TL94" fromID="E78" fromText="IV hydration" toID="E69" toText="systolic blood pressures" type="OVERLAP" />
<TLINK id="TL95" fromID="E70" fromText="The patient 's blood pressure" toID="E78" toText="IV hydration" type="AFTER" />
<TLINK id="TL96" fromID="E41" fromText="continued" toID="E28" toText="hold" type="OVERLAP" />
<TLINK id="TL97" fromID="E28" fromText="hold" toID="E77" toText="home blood pressure medications" type="AFTER" />
<TLINK id="TL98" fromID="E41" fromText="continued" toID="E77" toText="home blood pressure medications" type="AFTER" />
<TLINK id="TL99" fromID="E47" fromText="asymptomatic" toID="E57" toText="mental status changes" type="AFTER" />
<TLINK id="TL100" fromID="E47" fromText="asymptomatic" toID="E59" toText="chest pain" type="AFTER" />
<TLINK id="TL101" fromID="E47" fromText="asymptomatic" toID="E60" toText="shortness of breath" type="AFTER" />
<TLINK id="TL102" fromID="E59" fromText="chest pain" toID="E57" toText="mental status changes" type="AFTER" />
<TLINK id="TL103" fromID="E60" fromText="shortness of breath" toID="E57" toText="mental status changes" type="AFTER" />
<TLINK id="TL104" fromID="E59" fromText="chest pain" toID="E60" toText="shortness of breath" type="AFTER" />
<TLINK id="TL111" fromID="E29" fromText="improved" toID="E43" toText="hospital course" type="OVERLAP" />
<TLINK id="TL112" fromID="E58" fromText="mild tremor on hands" toID="E29" toText="improved" type="AFTER" />
<TLINK id="TL113" fromID="E58" fromText="mild tremor on hands" toID="E43" toText="hospital course" type="AFTER" />
<TLINK id="TL114" fromID="E55" fromText="notably less anxious" toID="E42" toText="hospital stay" type="AFTER" />
<TLINK id="TL115" fromID="E56" fromText="tremor" toID="E54" toText="alcohol withdrawal" type="OVERLAP" />
<TLINK id="TL116" fromID="E68" fromText="CIWA scale" toID="E54" toText="alcohol withdrawal" type="AFTER" />
<TLINK id="TL117" fromID="E76" fromText="Valium" toID="E54" toText="alcohol withdrawal" type="AFTER" />
<TLINK id="TL118" fromID="E68" fromText="CIWA scale" toID="E56" toText="tremor" type="AFTER" />
<TLINK id="TL119" fromID="E56" fromText="tremor" toID="E76" toText="Valium" type="AFTER" />
<TLINK id="TL120" fromID="E68" fromText="CIWA scale" toID="E76" toText="Valium" type="AFTER" />
<TLINK id="TL121" fromID="E44" fromText="follow up" toID="E40" toText="services" type="AFTER" />
<TLINK id="TL122" fromID="E45" fromText="discharged" toID="E40" toText="services" type="AFTER" />
<TLINK id="TL123" fromID="E45" fromText="discharged" toID="E44" toText="follow up" type="AFTER" />
<TLINK id="TL127" fromID="E85" fromText="Mag oxide" toID="E84" toText="potassium chloride" type="OVERLAP" />
<TLINK id="TL128" fromID="E86" fromText="Calcium carbonate" toID="E84" toText="potassium chloride" type="OVERLAP" />
<TLINK id="TL129" fromID="E86" fromText="Calcium carbonate" toID="E85" toText="Mag oxide" type="OVERLAP" />
<TLINK id="TL131" fromID="E36" fromText="admission" toID="T10" toText="the evening" type="BEFORE" />
<TLINK id="TL132" fromID="E2" fromText="our service" toID="T11" toText="overnight" type="OVERLAP" />
<TLINK id="TL133" fromID="E3" fromText="the medical Intensive Care Unit" toID="T11" toText="overnight" type="OVERLAP" />
<TLINK id="TL137" fromID="E73" fromText="his blood pressure" toID="T11" toText="overnight" type="OVERLAP" />
<TLINK id="TL138" fromID="E74" fromText="the blood pressures" toID="T11" toText="overnight" type="OVERLAP" />
<TLINK id="TL140" fromID="E48" fromText="cold symptoms" toID="T12" toText="times one week" type="OVERLAP" />
<TLINK id="TL141" fromID="E9" fromText="the CMED CCU" toID="T6" toText="overnight" type="OVERLAP" />
<TLINK id="TL142" fromID="E10" fromText="medicine service" toID="T7" toText="hospital day #2" type="OVERLAP" />
<TLINK id="TL144" fromID="E32" fromText="transferred" toID="T7" toText="hospital day #2" type="OVERLAP" />
<TLINK id="TL145" fromID="E31" fromText="stable" toID="T7" toText="hospital day #2" type="OVERLAP" />
<TLINK id="TL146" fromID="E69" fromText="systolic blood pressures" toID="T7" toText="hospital day #2" type="OVERLAP" />
<TLINK id="TL147" fromID="E70" fromText="The patient 's blood pressure" toID="T7" toText="hospital day #2" type="OVERLAP" />
<TLINK id="TL152" fromID="E9" fromText="the CMED CCU" toID="E31" toText="stable" type="OVERLAP" />
<TLINK id="TL153" fromID="E9" fromText="the CMED CCU" toID="E69" toText="systolic blood pressures" type="OVERLAP" />
<TLINK id="TL154" fromID="E9" fromText="the CMED CCU" toID="E70" toText="The patient 's blood pressure" type="OVERLAP" />
<TLINK id="TL155" fromID="E9" fromText="the CMED CCU" toID="E78" toText="IV hydration" type="OVERLAP" />
<TLINK id="TL156" fromID="E9" fromText="the CMED CCU" toID="E29" toText="improved" type="OVERLAP" />
<TLINK id="TL157" fromID="E9" fromText="the CMED CCU" toID="E43" toText="hospital course" type="OVERLAP" />
<TLINK id="TL158" fromID="E9" fromText="the CMED CCU" toID="E58" toText="mild tremor on hands" type="OVERLAP" />
<TLINK id="TL159" fromID="E10" fromText="medicine service" toID="E31" toText="stable" type="OVERLAP" />
<TLINK id="TL160" fromID="E10" fromText="medicine service" toID="E69" toText="systolic blood pressures" type="OVERLAP" />
<TLINK id="TL161" fromID="E10" fromText="medicine service" toID="E70" toText="The patient 's blood pressure" type="OVERLAP" />
<TLINK id="TL162" fromID="E10" fromText="medicine service" toID="E78" toText="IV hydration" type="OVERLAP" />
<TLINK id="TL163" fromID="E10" fromText="medicine service" toID="E29" toText="improved" type="OVERLAP" />
<TLINK id="TL164" fromID="E10" fromText="medicine service" toID="E43" toText="hospital course" type="OVERLAP" />
<TLINK id="TL165" fromID="E10" fromText="medicine service" toID="E58" toText="mild tremor on hands" type="OVERLAP" />
<TLINK id="TL166" fromID="E30" fromText="hemodynamically stable" toID="E31" toText="stable" type="OVERLAP" />
<TLINK id="TL167" fromID="E30" fromText="hemodynamically stable" toID="E69" toText="systolic blood pressures" type="OVERLAP" />
<TLINK id="TL168" fromID="E30" fromText="hemodynamically stable" toID="E70" toText="The patient 's blood pressure" type="OVERLAP" />
<TLINK id="TL169" fromID="E30" fromText="hemodynamically stable" toID="E78" toText="IV hydration" type="OVERLAP" />
<TLINK id="TL170" fromID="E30" fromText="hemodynamically stable" toID="E29" toText="improved" type="OVERLAP" />
<TLINK id="TL171" fromID="E30" fromText="hemodynamically stable" toID="E43" toText="hospital course" type="OVERLAP" />
<TLINK id="TL172" fromID="E30" fromText="hemodynamically stable" toID="E58" toText="mild tremor on hands" type="OVERLAP" />
<TLINK id="TL173" fromID="E32" fromText="transferred" toID="E31" toText="stable" type="OVERLAP" />
<TLINK id="TL174" fromID="E32" fromText="transferred" toID="E69" toText="systolic blood pressures" type="OVERLAP" />
<TLINK id="TL175" fromID="E32" fromText="transferred" toID="E70" toText="The patient 's blood pressure" type="OVERLAP" />
<TLINK id="TL176" fromID="E32" fromText="transferred" toID="E78" toText="IV hydration" type="OVERLAP" />
<TLINK id="TL177" fromID="E32" fromText="transferred" toID="E29" toText="improved" type="OVERLAP" />
<TLINK id="TL178" fromID="E32" fromText="transferred" toID="E43" toText="hospital course" type="OVERLAP" />
<TLINK id="TL179" fromID="E32" fromText="transferred" toID="E58" toText="mild tremor on hands" type="OVERLAP" />
<TLINK id="TL180" fromID="E31" fromText="stable" toID="E9" toText="the CMED CCU" type="OVERLAP" />
<TLINK id="TL181" fromID="E31" fromText="stable" toID="E10" toText="medicine service" type="OVERLAP" />
<TLINK id="TL182" fromID="E31" fromText="stable" toID="E30" toText="hemodynamically stable" type="OVERLAP" />
<TLINK id="TL183" fromID="E31" fromText="stable" toID="E32" toText="transferred" type="OVERLAP" />
<TLINK id="TL184" fromID="E31" fromText="stable" toID="E29" toText="improved" type="OVERLAP" />
<TLINK id="TL185" fromID="E31" fromText="stable" toID="E43" toText="hospital course" type="OVERLAP" />
<TLINK id="TL186" fromID="E31" fromText="stable" toID="E58" toText="mild tremor on hands" type="OVERLAP" />
<TLINK id="TL187" fromID="E31" fromText="stable" toID="E29" toText="improved" type="OVERLAP" />
<TLINK id="TL188" fromID="E31" fromText="stable" toID="E43" toText="hospital course" type="OVERLAP" />
<TLINK id="TL189" fromID="E31" fromText="stable" toID="E58" toText="mild tremor on hands" type="OVERLAP" />
<TLINK id="TL190" fromID="E69" fromText="systolic blood pressures" toID="E9" toText="the CMED CCU" type="OVERLAP" />
<TLINK id="TL191" fromID="E69" fromText="systolic blood pressures" toID="E10" toText="medicine service" type="OVERLAP" />
<TLINK id="TL192" fromID="E69" fromText="systolic blood pressures" toID="E30" toText="hemodynamically stable" type="OVERLAP" />
<TLINK id="TL193" fromID="E69" fromText="systolic blood pressures" toID="E32" toText="transferred" type="OVERLAP" />
<TLINK id="TL194" fromID="E69" fromText="systolic blood pressures" toID="E29" toText="improved" type="OVERLAP" />
<TLINK id="TL195" fromID="E69" fromText="systolic blood pressures" toID="E43" toText="hospital course" type="OVERLAP" />
<TLINK id="TL196" fromID="E69" fromText="systolic blood pressures" toID="E58" toText="mild tremor on hands" type="OVERLAP" />
<TLINK id="TL197" fromID="E69" fromText="systolic blood pressures" toID="E29" toText="improved" type="OVERLAP" />
<TLINK id="TL198" fromID="E69" fromText="systolic blood pressures" toID="E43" toText="hospital course" type="OVERLAP" />
<TLINK id="TL199" fromID="E69" fromText="systolic blood pressures" toID="E58" toText="mild tremor on hands" type="OVERLAP" />
<TLINK id="TL200" fromID="E70" fromText="The patient 's blood pressure" toID="E9" toText="the CMED CCU" type="OVERLAP" />
<TLINK id="TL201" fromID="E70" fromText="The patient 's blood pressure" toID="E10" toText="medicine service" type="OVERLAP" />
<TLINK id="TL202" fromID="E70" fromText="The patient 's blood pressure" toID="E30" toText="hemodynamically stable" type="OVERLAP" />
<TLINK id="TL203" fromID="E70" fromText="The patient 's blood pressure" toID="E32" toText="transferred" type="OVERLAP" />
<TLINK id="TL204" fromID="E70" fromText="The patient 's blood pressure" toID="E29" toText="improved" type="OVERLAP" />
<TLINK id="TL205" fromID="E70" fromText="The patient 's blood pressure" toID="E43" toText="hospital course" type="OVERLAP" />
<TLINK id="TL206" fromID="E70" fromText="The patient 's blood pressure" toID="E58" toText="mild tremor on hands" type="OVERLAP" />
<TLINK id="TL207" fromID="E70" fromText="The patient 's blood pressure" toID="E29" toText="improved" type="OVERLAP" />
<TLINK id="TL208" fromID="E70" fromText="The patient 's blood pressure" toID="E43" toText="hospital course" type="OVERLAP" />
<TLINK id="TL209" fromID="E70" fromText="The patient 's blood pressure" toID="E58" toText="mild tremor on hands" type="OVERLAP" />
<TLINK id="TL210" fromID="E78" fromText="IV hydration" toID="E9" toText="the CMED CCU" type="OVERLAP" />
<TLINK id="TL211" fromID="E78" fromText="IV hydration" toID="E10" toText="medicine service" type="OVERLAP" />
<TLINK id="TL212" fromID="E78" fromText="IV hydration" toID="E30" toText="hemodynamically stable" type="OVERLAP" />
<TLINK id="TL213" fromID="E78" fromText="IV hydration" toID="E32" toText="transferred" type="OVERLAP" />
<TLINK id="TL214" fromID="E78" fromText="IV hydration" toID="E29" toText="improved" type="OVERLAP" />
<TLINK id="TL215" fromID="E78" fromText="IV hydration" toID="E43" toText="hospital course" type="OVERLAP" />
<TLINK id="TL216" fromID="E78" fromText="IV hydration" toID="E58" toText="mild tremor on hands" type="OVERLAP" />
<TLINK id="TL217" fromID="E78" fromText="IV hydration" toID="E29" toText="improved" type="OVERLAP" />
<TLINK id="TL218" fromID="E78" fromText="IV hydration" toID="E43" toText="hospital course" type="OVERLAP" />
<TLINK id="TL219" fromID="E78" fromText="IV hydration" toID="E58" toText="mild tremor on hands" type="OVERLAP" />
<TLINK id="TL220" fromID="E29" fromText="improved" toID="E31" toText="stable" type="OVERLAP" />
<TLINK id="TL221" fromID="E29" fromText="improved" toID="E69" toText="systolic blood pressures" type="OVERLAP" />
<TLINK id="TL222" fromID="E29" fromText="improved" toID="E70" toText="The patient 's blood pressure" type="OVERLAP" />
<TLINK id="TL223" fromID="E29" fromText="improved" toID="E78" toText="IV hydration" type="OVERLAP" />
<TLINK id="TL224" fromID="E29" fromText="improved" toID="E9" toText="the CMED CCU" type="OVERLAP" />
<TLINK id="TL225" fromID="E29" fromText="improved" toID="E10" toText="medicine service" type="OVERLAP" />
<TLINK id="TL226" fromID="E29" fromText="improved" toID="E30" toText="hemodynamically stable" type="OVERLAP" />
<TLINK id="TL227" fromID="E29" fromText="improved" toID="E32" toText="transferred" type="OVERLAP" />
<TLINK id="TL228" fromID="E29" fromText="improved" toID="E31" toText="stable" type="OVERLAP" />
<TLINK id="TL229" fromID="E29" fromText="improved" toID="E69" toText="systolic blood pressures" type="OVERLAP" />
<TLINK id="TL230" fromID="E29" fromText="improved" toID="E70" toText="The patient 's blood pressure" type="OVERLAP" />
<TLINK id="TL231" fromID="E29" fromText="improved" toID="E78" toText="IV hydration" type="OVERLAP" />
<TLINK id="TL232" fromID="E43" fromText="hospital course" toID="E31" toText="stable" type="OVERLAP" />
<TLINK id="TL233" fromID="E43" fromText="hospital course" toID="E69" toText="systolic blood pressures" type="OVERLAP" />
<TLINK id="TL234" fromID="E43" fromText="hospital course" toID="E70" toText="The patient 's blood pressure" type="OVERLAP" />
<TLINK id="TL235" fromID="E43" fromText="hospital course" toID="E78" toText="IV hydration" type="OVERLAP" />
<TLINK id="TL236" fromID="E43" fromText="hospital course" toID="E9" toText="the CMED CCU" type="OVERLAP" />
<TLINK id="TL237" fromID="E43" fromText="hospital course" toID="E10" toText="medicine service" type="OVERLAP" />
<TLINK id="TL238" fromID="E43" fromText="hospital course" toID="E30" toText="hemodynamically stable" type="OVERLAP" />
<TLINK id="TL239" fromID="E43" fromText="hospital course" toID="E32" toText="transferred" type="OVERLAP" />
<TLINK id="TL240" fromID="E43" fromText="hospital course" toID="E31" toText="stable" type="OVERLAP" />
<TLINK id="TL241" fromID="E43" fromText="hospital course" toID="E69" toText="systolic blood pressures" type="OVERLAP" />
<TLINK id="TL242" fromID="E43" fromText="hospital course" toID="E70" toText="The patient 's blood pressure" type="OVERLAP" />
<TLINK id="TL243" fromID="E43" fromText="hospital course" toID="E78" toText="IV hydration" type="OVERLAP" />
<TLINK id="TL244" fromID="E58" fromText="mild tremor on hands" toID="E31" toText="stable" type="OVERLAP" />
<TLINK id="TL245" fromID="E58" fromText="mild tremor on hands" toID="E69" toText="systolic blood pressures" type="OVERLAP" />
<TLINK id="TL246" fromID="E58" fromText="mild tremor on hands" toID="E70" toText="The patient 's blood pressure" type="OVERLAP" />
<TLINK id="TL247" fromID="E58" fromText="mild tremor on hands" toID="E78" toText="IV hydration" type="OVERLAP" />
<TLINK id="TL248" fromID="E58" fromText="mild tremor on hands" toID="E9" toText="the CMED CCU" type="OVERLAP" />
<TLINK id="TL249" fromID="E58" fromText="mild tremor on hands" toID="E10" toText="medicine service" type="OVERLAP" />
<TLINK id="TL250" fromID="E58" fromText="mild tremor on hands" toID="E30" toText="hemodynamically stable" type="OVERLAP" />
<TLINK id="TL251" fromID="E58" fromText="mild tremor on hands" toID="E32" toText="transferred" type="OVERLAP" />
<TLINK id="TL252" fromID="E58" fromText="mild tremor on hands" toID="E31" toText="stable" type="OVERLAP" />
<TLINK id="TL253" fromID="E58" fromText="mild tremor on hands" toID="E69" toText="systolic blood pressures" type="OVERLAP" />
<TLINK id="TL254" fromID="E58" fromText="mild tremor on hands" toID="E70" toText="The patient 's blood pressure" type="OVERLAP" />
<TLINK id="TL255" fromID="E58" fromText="mild tremor on hands" toID="E78" toText="IV hydration" type="OVERLAP" />
<TLINK id="TL270" fromID="E10" fromText="medicine service" toID="T6" toText="overnight" type="OVERLAP" />
<TLINK id="TL271" fromID="E30" fromText="hemodynamically stable" toID="T7" toText="hospital day #2" type="OVERLAP" />
<TLINK id="TL284" fromID="E29" fromText="improved" toID="T3" toText="Hospital day #2" type="OVERLAP" />
<TLINK id="TL286" fromID="E43" fromText="hospital course" toID="T3" toText="Hospital day #2" type="OVERLAP" />
<TLINK id="TL288" fromID="E58" fromText="mild tremor on hands" toID="T3" toText="Hospital day #2" type="OVERLAP" />
<TLINK id="SECTIME0" fromID="E1" fromText="Alcoholics Anonymous" toID="T4" toText="2011-02-06" type="BEFORE" />
<TLINK id="SECTIME1" fromID="E2" fromText="our service" toID="T4" toText="2011-02-06" type="BEFORE" />
<TLINK id="SECTIME2" fromID="E3" fromText="the medical Intensive Care Unit" toID="T4" toText="2011-02-06" type="BEFORE" />
<TLINK id="SECTIME3" fromID="E4" fromText="the emergency room" toID="T4" toText="2011-02-06" type="BEFORE" />
<TLINK id="SECTIME4" fromID="E5" fromText="emergency room" toID="T4" toText="2011-02-06" type="BEFORE" />
<TLINK id="SECTIME5" fromID="E6" fromText="the emergency room" toID="T4" toText="2011-02-06" type="BEFORE" />
<TLINK id="SECTIME6" fromID="E7" fromText="EMS" toID="T4" toText="2011-02-06" type="BEFORE" />
<TLINK id="SECTIME7" fromID="E5" fromText="emergency room" toID="T4" toText="2011-02-06" type="BEFORE" />
<TLINK id="SECTIME8" fromID="E9" fromText="the CMED CCU" toID="T9" toText="2011-02-08" type="BEFORE" />
<TLINK id="SECTIME9" fromID="E10" fromText="medicine service" toID="T9" toText="2011-02-08" type="BEFORE" />
<TLINK id="SECTIME10" fromID="E11" fromText="Greenfield Community College Community Health" toID="T4" toText="2011-02-06" type="BEFORE" />
<TLINK id="SECTIME11" fromID="E12" fromText="the emergency room" toID="T4" toText="2011-02-06" type="BEFORE" />
<TLINK id="SECTIME12" fromID="E13" fromText="states" toID="T4" toText="2011-02-06" type="BEFORE" />
<TLINK id="SECTIME13" fromID="E14" fromText="states" toID="T4" toText="2011-02-06" type="BEFORE" />
<TLINK id="SECTIME14" fromID="E15" fromText="complain" toID="T4" toText="2011-02-06" type="BEFORE" />
<TLINK id="SECTIME15" fromID="E14" fromText="states" toID="T4" toText="2011-02-06" type="BEFORE" />
<TLINK id="SECTIME16" fromID="E17" fromText="denies" toID="T4" toText="2011-02-06" type="BEFORE" />
<TLINK id="SECTIME17" fromID="E18" fromText="states" toID="T4" toText="2011-02-06" type="BEFORE" />
<TLINK id="SECTIME18" fromID="E26" fromText="presented" toID="T4" toText="2011-02-06" type="BEFORE" />
<TLINK id="SECTIME19" fromID="E20" fromText="denies" toID="T4" toText="2011-02-06" type="BEFORE" />
<TLINK id="SECTIME20" fromID="E21" fromText="admitted" toID="T4" toText="2011-02-06" type="BEFORE" />
<TLINK id="SECTIME21" fromID="E22" fromText="transferred" toID="T4" toText="2011-02-06" type="BEFORE" />
<TLINK id="SECTIME22" fromID="E23" fromText="taken" toID="T4" toText="2011-02-06" type="BEFORE" />
<TLINK id="SECTIME23" fromID="E24" fromText="good blood pressure response" toID="T4" toText="2011-02-06" type="BEFORE" />
<TLINK id="SECTIME24" fromID="E25" fromText="recollection" toID="T4" toText="2011-02-06" type="BEFORE" />
<TLINK id="SECTIME25" fromID="E26" fromText="presented" toID="T4" toText="2011-02-06" type="BEFORE" />
<TLINK id="SECTIME26" fromID="E27" fromText="walking home" toID="T4" toText="2011-02-06" type="BEFORE" />
<TLINK id="SECTIME27" fromID="E28" fromText="hold" toID="T9" toText="2011-02-08" type="BEFORE" />
<TLINK id="SECTIME28" fromID="E29" fromText="improved" toID="T9" toText="2011-02-08" type="BEFORE" />
<TLINK id="SECTIME29" fromID="E30" fromText="hemodynamically stable" toID="T9" toText="2011-02-08" type="BEFORE" />
<TLINK id="SECTIME30" fromID="E31" fromText="stable" toID="T9" toText="2011-02-08" type="BEFORE" />
<TLINK id="SECTIME31" fromID="E32" fromText="transferred" toID="T9" toText="2011-02-08" type="BEFORE" />
<TLINK id="SECTIME32" fromID="E33" fromText="stable" toID="T4" toText="2011-02-06" type="BEFORE" />
<TLINK id="SECTIME33" fromID="E34" fromText="sent away" toID="T4" toText="2011-02-06" type="BEFORE" />
<TLINK id="SECTIME34" fromID="E35" fromText="any other drug" toID="T4" toText="2011-02-06" type="BEFORE" />
<TLINK id="SECTIME35" fromID="E36" fromText="admission" toID="T4" toText="2011-02-06" type="BEFORE" />
<TLINK id="SECTIME36" fromID="E39" fromText="that the way" toID="T4" toText="2011-02-06" type="BEFORE" />
<TLINK id="SECTIME37" fromID="E40" fromText="services" toID="T9" toText="2011-02-08" type="BEFORE" />
<TLINK id="SECTIME38" fromID="E41" fromText="continued" toID="T9" toText="2011-02-08" type="BEFORE" />
<TLINK id="SECTIME39" fromID="E42" fromText="hospital stay" toID="T9" toText="2011-02-08" type="BEFORE" />
<TLINK id="SECTIME40" fromID="E43" fromText="hospital course" toID="T9" toText="2011-02-08" type="BEFORE" />
<TLINK id="SECTIME41" fromID="E44" fromText="follow up" toID="T9" toText="2011-02-08" type="BEFORE" />
<TLINK id="SECTIME42" fromID="E45" fromText="discharged" toID="T9" toText="2011-02-08" type="BEFORE" />
<TLINK id="SECTIME43" fromID="E46" fromText="very depressed" toID="T4" toText="2011-02-06" type="BEFORE" />
<TLINK id="SECTIME44" fromID="E47" fromText="asymptomatic" toID="T9" toText="2011-02-08" type="BEFORE" />
<TLINK id="SECTIME45" fromID="E48" fromText="cold symptoms" toID="T4" toText="2011-02-06" type="BEFORE" />
<TLINK id="SECTIME46" fromID="E49" fromText="mentally handicapped" toID="T4" toText="2011-02-06" type="BEFORE" />
<TLINK id="SECTIME47" fromID="E50" fromText="diarrhea" toID="T4" toText="2011-02-06" type="BEFORE" />
<TLINK id="SECTIME48" fromID="E51" fromText="bright red blood per rectum" toID="T4" toText="2011-02-06" type="BEFORE" />
<TLINK id="SECTIME49" fromID="E52" fromText="shortness of breath" toID="T4" toText="2011-02-06" type="BEFORE" />
<TLINK id="SECTIME50" fromID="E53" fromText="dysuria" toID="T4" toText="2011-02-06" type="BEFORE" />
<TLINK id="SECTIME51" fromID="E54" fromText="alcohol withdrawal" toID="T9" toText="2011-02-08" type="BEFORE" />
<TLINK id="SECTIME52" fromID="E55" fromText="notably less anxious" toID="T9" toText="2011-02-08" type="BEFORE" />
<TLINK id="SECTIME53" fromID="E56" fromText="tremor" toID="T9" toText="2011-02-08" type="BEFORE" />
<TLINK id="SECTIME54" fromID="E57" fromText="mental status changes" toID="T9" toText="2011-02-08" type="BEFORE" />
<TLINK id="SECTIME55" fromID="E58" fromText="mild tremor on hands" toID="T9" toText="2011-02-08" type="BEFORE" />
<TLINK id="SECTIME56" fromID="E59" fromText="chest pain" toID="T9" toText="2011-02-08" type="BEFORE" />
<TLINK id="SECTIME57" fromID="E60" fromText="shortness of breath" toID="T9" toText="2011-02-08" type="BEFORE" />
<TLINK id="SECTIME58" fromID="E61" fromText="any chest pain" toID="T4" toText="2011-02-06" type="BEFORE" />
<TLINK id="SECTIME59" fromID="E62" fromText="decreased respiratory rate" toID="T4" toText="2011-02-06" type="BEFORE" />
<TLINK id="SECTIME60" fromID="E63" fromText="hypotensive" toID="T4" toText="2011-02-06" type="BEFORE" />
<TLINK id="SECTIME61" fromID="E64" fromText="Agitated" toID="T4" toText="2011-02-06" type="BEFORE" />
<TLINK id="SECTIME62" fromID="E65" fromText="agitated" toID="T4" toText="2011-02-06" type="BEFORE" />
<TLINK id="SECTIME63" fromID="E66" fromText="very agitated" toID="T4" toText="2011-02-06" type="BEFORE" />
<TLINK id="SECTIME64" fromID="E67" fromText="hypertension" toID="T4" toText="2011-02-06" type="BEFORE" />
<TLINK id="SECTIME65" fromID="E68" fromText="CIWA scale" toID="T9" toText="2011-02-08" type="BEFORE" />
<TLINK id="SECTIME66" fromID="E69" fromText="systolic blood pressures" toID="T9" toText="2011-02-08" type="BEFORE" />
<TLINK id="SECTIME67" fromID="E70" fromText="The patient 's blood pressure" toID="T9" toText="2011-02-08" type="BEFORE" />
<TLINK id="SECTIME68" fromID="E71" fromText="Blood alcohol level" toID="T4" toText="2011-02-06" type="BEFORE" />
<TLINK id="SECTIME69" fromID="E72" fromText="a systolic blood pressure" toID="T4" toText="2011-02-06" type="BEFORE" />
<TLINK id="SECTIME70" fromID="E73" fromText="his blood pressure" toID="T4" toText="2011-02-06" type="BEFORE" />
<TLINK id="SECTIME71" fromID="E74" fromText="the blood pressures" toID="T4" toText="2011-02-06" type="BEFORE" />
<TLINK id="SECTIME72" fromID="E75" fromText="Blood pressure" toID="T9" toText="2011-02-08" type="BEFORE" />
<TLINK id="SECTIME73" fromID="E76" fromText="Valium" toID="T9" toText="2011-02-08" type="BEFORE" />
<TLINK id="SECTIME74" fromID="E77" fromText="home blood pressure medications" toID="T9" toText="2011-02-08" type="BEFORE" />
<TLINK id="SECTIME75" fromID="E78" fromText="IV hydration" toID="T9" toText="2011-02-08" type="BEFORE" />
<TLINK id="SECTIME76" fromID="E79" fromText="a counselor" toID="T4" toText="2011-02-06" type="BEFORE" />
<TLINK id="SECTIME77" fromID="E80" fromText="alcohol treatment programs" toID="T4" toText="2011-02-06" type="BEFORE" />
<TLINK id="SECTIME78" fromID="E81" fromText="a normal saline bolus" toID="T4" toText="2011-02-06" type="BEFORE" />
<TLINK id="SECTIME79" fromID="E82" fromText="Ativan" toID="T4" toText="2011-02-06" type="BEFORE" />
<TLINK id="SECTIME80" fromID="E83" fromText="Haldol" toID="T4" toText="2011-02-06" type="BEFORE" />
<TLINK id="SECTIME81" fromID="E84" fromText="potassium chloride" toID="T9" toText="2011-02-08" type="BEFORE" />
<TLINK id="SECTIME82" fromID="E85" fromText="Mag oxide" toID="T9" toText="2011-02-08" type="BEFORE" />
<TLINK id="SECTIME83" fromID="E86" fromText="Calcium carbonate" toID="T9" toText="2011-02-08" type="BEFORE" />
<TLINK id="SECTIME84" fromID="E87" fromText="4 leather restraints" toID="T4" toText="2011-02-06" type="BEFORE" />
</TAGS>
</ClinicalNarrativeTemporalAnnotation>