<?xml version="1.0" encoding="UTF-8" ?>
<ClinicalNarrativeTemporalAnnotation>
<TEXT><![CDATA[
ADMISSION DATE :
12/07/96
DISCHARGE DATE :
12/14/96
DISCHARGE DATE :
12/14/96
HISTORY OF PRESENT ILLNESS :
76-year-old male with right hip pain X five years .
The pain is often severely and increasing at night especially when he is lying on the right side .
HOSPITAL COURSE AND TREATMENT :
The patient was admitted to the hospital as a postoperative admit on December 7 for total hip replacement .
For further details of this procedure see operative note .
Postoperatively he did well initially in the first 12 hours .
However he had a report of emesis of coffee grounds on postoperative night #1 .
This with no electrocardiogram changes .
Due to this GI was consulted and felt that he would be a candidate for esophagogastroduodenoscopy .
He was placed nothing by mouth and the esophagogastroduodenoscopy was done by the GI Service .
Findings showed a Mallory Weiss tear , nonspecific duodenitis .
He was placed on Zantac 150 mg. PO b.i.d. and H Pylori serology was sent .
Post EGD his diet was advanced slowly and he did exceptionally well .
At the time of discharge he was tolerating a full diet , out of bed with pain , tolerated on po. medications .
His wound was intact with no evidence of infection .
Distal neurovascular status was intact .
There was no calf tenderness and lower extremity arterial non-invasive studies were negative .
He was generally well in all regards .
The physical examination was unremarkable and he had no recurrent symptoms of coffee ground emesis .
He was doing exceptionally well at discharge with plans to follow up with Dr. Rhalttland .
Discharge instructions have been given .
ROYNEO WALLA , M.D.
]]></TEXT>
<TAGS>
<EVENT id="E1" start="819" end="822" text="the GI Service" modality="FACTUAL" polarity="POS" type="CLINICAL_DEPT" />
<EVENT id="E2" start="319" end="322" text="the hospital" modality="FACTUAL" polarity="POS" type="CLINICAL_DEPT" />
<EVENT id="E3" start="845" end="851" text="showed" modality="FACTUAL" polarity="POS" type="EVIDENTIAL" />
<EVENT id="E4" start="1362" end="1366" text="well" modality="FACTUAL" polarity="POS" type="OCCURRENCE" />
<EVENT id="E5" start="1241" end="1247" text="intact" modality="FACTUAL" polarity="POS" type="OCCURRENCE" />
<EVENT id="E6" start="1170" end="1176" text="intact" modality="FACTUAL" polarity="POS" type="OCCURRENCE" />
<EVENT id="E7" start="1125" end="1134" text="tolerated" modality="FACTUAL" polarity="POS" type="OCCURRENCE" />
<EVENT id="E8" start="1576" end="1585" text="Discharge" modality="FACTUAL" polarity="POS" type="OCCURRENCE" />
<EVENT id="E9" start="1544" end="1550" text="follow up" modality="FACTUAL" polarity="POS" type="OCCURRENCE" />
<EVENT id="E10" start="1520" end="1529" text="discharge" modality="FACTUAL" polarity="POS" type="OCCURRENCE" />
<EVENT id="E11" start="1498" end="1511" text="exceptionally well" modality="FACTUAL" polarity="POS" type="OCCURRENCE" />
<EVENT id="E12" start="191" end="201" text="increasing" modality="FACTUAL" polarity="POS" type="OCCURRENCE" />
<EVENT id="E13" start="211" end="221" text="especially" modality="FACTUAL" polarity="POS" type="OCCURRENCE" />
<EVENT id="E14" start="307" end="315" text="admitted" modality="FACTUAL" polarity="POS" type="OCCURRENCE" />
<EVENT id="E15" start="477" end="480" text="did well" modality="FACTUAL" polarity="POS" type="OCCURRENCE" />
<EVENT id="E16" start="997" end="1005" text="advanced" modality="FACTUAL" polarity="POS" type="OCCURRENCE" />
<EVENT id="E17" start="1038" end="1042" text="well" modality="FACTUAL" polarity="POS" type="OCCURRENCE" />
<EVENT id="E18" start="1060" end="1069" text="discharge" modality="FACTUAL" polarity="POS" type="OCCURRENCE" />
<EVENT id="E19" start="1088" end="1089" text="a full diet" modality="FACTUAL" polarity="POS" type="OCCURRENCE" />
<EVENT id="E20" start="1" end="10" text="ADMISSION" modality="FACTUAL" polarity="POS" type="OCCURRENCE" />
<EVENT id="E21" start="27" end="36" text="DISCHARGE" modality="FACTUAL" polarity="POS" type="OCCURRENCE" />
<EVENT id="E22" start="53" end="62" text="DISCHARGE" modality="FACTUAL" polarity="POS" type="OCCURRENCE" />
<EVENT id="E23" start="130" end="135" text="right hip pain" modality="FACTUAL" polarity="POS" type="PROBLEM" />
<EVENT id="E24" start="547" end="553" text="emesis of coffee grounds" modality="FACTUAL" polarity="POS" type="PROBLEM" />
<EVENT id="E25" start="160" end="163" text="The pain" modality="FACTUAL" polarity="POS" type="PROBLEM" />
<EVENT id="E26" start="613" end="630" text="electrocardiogram changes" modality="FACTUAL" polarity="POS" type="PROBLEM" />
<EVENT id="E27" start="852" end="853" text="a Mallory Weiss tear" modality="FACTUAL" polarity="POS" type="PROBLEM" />
<EVENT id="E28" start="875" end="886" text="nonspecific duodenitis" modality="FACTUAL" polarity="POS" type="PROBLEM" />
<EVENT id="E29" start="1118" end="1122" text="pain" modality="FACTUAL" polarity="POS" type="PROBLEM" />
<EVENT id="E30" start="1156" end="1159" text="His wound" modality="FACTUAL" polarity="POS" type="PROBLEM" />
<EVENT id="E31" start="1197" end="1206" text="infection" modality="FACTUAL" polarity="POS" type="PROBLEM" />
<EVENT id="E32" start="1263" end="1267" text="calf tenderness" modality="FACTUAL" polarity="POS" type="PROBLEM" />
<EVENT id="E33" start="1462" end="1468" text="coffee ground emesis" modality="FACTUAL" polarity="POS" type="PROBLEM" />
<EVENT id="E34" start="776" end="779" text="the esophagogastroduodenoscopy" modality="FACTUAL" polarity="POS" type="TEST" />
<EVENT id="E35" start="712" end="738" text="esophagogastroduodenoscopy" modality="FACTUAL" polarity="POS" type="TEST" />
<EVENT id="E36" start="980" end="983" text="EGD" modality="FACTUAL" polarity="POS" type="TEST" />
<EVENT id="E37" start="946" end="947" text="H Pylori serology" modality="FACTUAL" polarity="POS" type="TEST" />
<EVENT id="E38" start="1384" end="1387" text="The physical examination" modality="FACTUAL" polarity="POS" type="TEST" />
<EVENT id="E39" start="1283" end="1288" text="lower extremity arterial non-invasive studies" modality="FACTUAL" polarity="POS" type="TEST" />
<EVENT id="E40" start="755" end="762" text="nothing by mouth" modality="FACTUAL" polarity="POS" type="TREATMENT" />
<EVENT id="E41" start="422" end="426" text="this procedure" modality="FACTUAL" polarity="POS" type="TREATMENT" />
<EVENT id="E42" start="1138" end="1141" text="po. medications" modality="FACTUAL" polarity="POS" type="TREATMENT" />
<EVENT id="E43" start="917" end="923" text="Zantac" modality="FACTUAL" polarity="POS" type="TREATMENT" />
<EVENT id="E44" start="375" end="380" text="total hip replacement" modality="FACTUAL" polarity="POS" type="TREATMENT" />
<TIMEX3 id="T1" start="70" end="72" text="12/14/96" type="DATE" val="1996-12-14" mod="NA" />
<TIMEX3 id="T2" start="44" end="46" text="12/14/96" type="DATE" val="1996-12-14" mod="NA" />
<TIMEX3 id="T3" start="18" end="20" text="12/07/96" type="DATE" val="1996-12-07" mod="NA" />
<TIMEX3 id="T4" start="147" end="151" text="five years" type="DURATION" val="P5Y" mod="NA" />
<TIMEX3 id="T5" start="360" end="368" text="December 7" type="DATE" val="1996-12-07" mod="NA" />
<TIMEX3 id="T6" start="575" end="588" text="postoperative night" type="DATE" val="1996-12-07" mod="END" />
<TIMEX3 id="T7" start="935" end="941" text="b.i.d." type="FREQUENCY" val="RPT12H" mod="NA" />
<TIMEX3 id="T8" start="1048" end="1051" text="the time of discharge" type="DATE" val="1996-12-14" mod="NA" />
<TIMEX3 id="T9" start="499" end="502" text="the first 12 hours" type="DURATION" val="PT12H" mod="APPROX" />
<SECTIME id="S0" start="17" end="19" text="12/07/96" type="ADMISSION" dvalue="96-12-07" />
<SECTIME id="S1" start="43" end="45" text="12/14/96" type="DISCHARGE" dvalue="96-12-14" />
<TLINK id="TL0" fromID="E12" fromText="increasing" toID="E13" toText="especially" type="AFTER" />
<TLINK id="TL1" fromID="E25" fromText="The pain" toID="E12" toText="increasing" type="AFTER" />
<TLINK id="TL2" fromID="E25" fromText="The pain" toID="E13" toText="especially" type="AFTER" />
<TLINK id="TL6" fromID="E14" fromText="admitted" toID="E2" toText="the hospital" type="AFTER" />
<TLINK id="TL7" fromID="E2" fromText="the hospital" toID="E44" toText="total hip replacement" type="AFTER" />
<TLINK id="TL8" fromID="E14" fromText="admitted" toID="E44" toText="total hip replacement" type="AFTER" />
<TLINK id="TL9" fromID="E34" fromText="the esophagogastroduodenoscopy" toID="E1" toText="the GI Service" type="OVERLAP" />
<TLINK id="TL10" fromID="E40" fromText="nothing by mouth" toID="E1" toText="the GI Service" type="AFTER" />
<TLINK id="TL11" fromID="E40" fromText="nothing by mouth" toID="E34" toText="the esophagogastroduodenoscopy" type="AFTER" />
<TLINK id="TL12" fromID="E3" fromText="showed" toID="E27" toText="a Mallory Weiss tear" type="BEFORE" />
<TLINK id="TL13" fromID="E3" fromText="showed" toID="E28" toText="nonspecific duodenitis" type="AFTER" />
<TLINK id="TL14" fromID="E27" fromText="a Mallory Weiss tear" toID="E28" toText="nonspecific duodenitis" type="OVERLAP" />
<TLINK id="TL15" fromID="E43" fromText="Zantac" toID="E37" toText="H Pylori serology" type="OVERLAP" />
<TLINK id="TL16" fromID="E16" fromText="advanced" toID="E17" toText="well" type="AFTER" />
<TLINK id="TL17" fromID="E36" fromText="EGD" toID="E16" toText="advanced" type="OVERLAP" />
<TLINK id="TL18" fromID="E36" fromText="EGD" toID="E17" toText="well" type="AFTER" />
<TLINK id="TL19" fromID="E18" fromText="discharge" toID="E7" toText="tolerated" type="AFTER" />
<TLINK id="TL20" fromID="E19" fromText="a full diet" toID="E7" toText="tolerated" type="AFTER" />
<TLINK id="TL21" fromID="E29" fromText="pain" toID="E7" toText="tolerated" type="AFTER" />
<TLINK id="TL22" fromID="E7" fromText="tolerated" toID="E42" toText="po. medications" type="OVERLAP" />
<TLINK id="TL23" fromID="E18" fromText="discharge" toID="E19" toText="a full diet" type="AFTER" />
<TLINK id="TL24" fromID="E18" fromText="discharge" toID="E29" toText="pain" type="AFTER" />
<TLINK id="TL25" fromID="E18" fromText="discharge" toID="E42" toText="po. medications" type="OVERLAP" />
<TLINK id="TL26" fromID="E19" fromText="a full diet" toID="E29" toText="pain" type="AFTER" />
<TLINK id="TL27" fromID="E19" fromText="a full diet" toID="E42" toText="po. medications" type="OVERLAP" />
<TLINK id="TL28" fromID="E29" fromText="pain" toID="E42" toText="po. medications" type="OVERLAP" />
<TLINK id="TL29" fromID="E30" fromText="His wound" toID="E6" toText="intact" type="AFTER" />
<TLINK id="TL30" fromID="E6" fromText="intact" toID="E31" toText="infection" type="AFTER" />
<TLINK id="TL31" fromID="E30" fromText="His wound" toID="E31" toText="infection" type="OVERLAP" />
<TLINK id="TL32" fromID="E32" fromText="calf tenderness" toID="E39" toText="lower extremity arterial non-invasive studies" type="OVERLAP" />
<TLINK id="TL33" fromID="E38" fromText="The physical examination" toID="E33" toText="coffee ground emesis" type="AFTER" />
<TLINK id="TL34" fromID="E10" fromText="discharge" toID="E9" toText="follow up" type="AFTER" />
<TLINK id="TL35" fromID="E11" fromText="exceptionally well" toID="E9" toText="follow up" type="AFTER" />
<TLINK id="TL36" fromID="E11" fromText="exceptionally well" toID="E10" toText="discharge" type="AFTER" />
<TLINK id="TL37" fromID="E23" fromText="right hip pain" toID="T4" toText="five years" type="OVERLAP" />
<TLINK id="TL38" fromID="E2" fromText="the hospital" toID="T5" toText="December 7" type="OVERLAP" />
<TLINK id="TL39" fromID="E14" fromText="admitted" toID="T5" toText="December 7" type="OVERLAP" />
<TLINK id="TL42" fromID="E24" fromText="emesis of coffee grounds" toID="T6" toText="postoperative night" type="OVERLAP" />
<TLINK id="TL43" fromID="E37" fromText="H Pylori serology" toID="T7" toText="b.i.d." type="OVERLAP" />
<TLINK id="TL44" fromID="E43" fromText="Zantac" toID="T7" toText="b.i.d." type="OVERLAP" />
<TLINK id="TL45" fromID="E7" fromText="tolerated" toID="T8" toText="the time of discharge" type="OVERLAP" />
<TLINK id="TL46" fromID="E18" fromText="discharge" toID="T8" toText="the time of discharge" type="OVERLAP" />
<TLINK id="TL47" fromID="E19" fromText="a full diet" toID="T8" toText="the time of discharge" type="OVERLAP" />
<TLINK id="TL48" fromID="E29" fromText="pain" toID="T8" toText="the time of discharge" type="OVERLAP" />
<TLINK id="TL49" fromID="E42" fromText="po. medications" toID="T8" toText="the time of discharge" type="OVERLAP" />
<TLINK id="TL50" fromID="E2" fromText="the hospital" toID="E24" toText="emesis of coffee grounds" type="OVERLAP" />
<TLINK id="TL51" fromID="E14" fromText="admitted" toID="E24" toText="emesis of coffee grounds" type="OVERLAP" />
<TLINK id="TL52" fromID="E44" fromText="total hip replacement" toID="E24" toText="emesis of coffee grounds" type="OVERLAP" />
<TLINK id="TL53" fromID="E24" fromText="emesis of coffee grounds" toID="E2" toText="the hospital" type="OVERLAP" />
<TLINK id="TL54" fromID="E24" fromText="emesis of coffee grounds" toID="E14" toText="admitted" type="OVERLAP" />
<TLINK id="TL55" fromID="E24" fromText="emesis of coffee grounds" toID="E44" toText="total hip replacement" type="OVERLAP" />
<TLINK id="SECTIME0" fromID="E1" fromText="the GI Service" toID="T2" toText="12/14/96" type="BEFORE" />
<TLINK id="SECTIME1" fromID="E2" fromText="the hospital" toID="T2" toText="12/14/96" type="BEFORE" />
<TLINK id="SECTIME2" fromID="E3" fromText="showed" toID="T2" toText="12/14/96" type="BEFORE" />
<TLINK id="SECTIME3" fromID="E4" fromText="well" toID="T2" toText="12/14/96" type="BEFORE" />
<TLINK id="SECTIME4" fromID="E5" fromText="intact" toID="T2" toText="12/14/96" type="BEFORE" />
<TLINK id="SECTIME5" fromID="E6" fromText="intact" toID="T2" toText="12/14/96" type="BEFORE" />
<TLINK id="SECTIME6" fromID="E7" fromText="tolerated" toID="T2" toText="12/14/96" type="BEFORE" />
<TLINK id="SECTIME7" fromID="E8" fromText="Discharge" toID="T2" toText="12/14/96" type="BEFORE" />
<TLINK id="SECTIME8" fromID="E9" fromText="follow up" toID="T2" toText="12/14/96" type="BEFORE" />
<TLINK id="SECTIME9" fromID="E10" fromText="discharge" toID="T2" toText="12/14/96" type="BEFORE" />
<TLINK id="SECTIME10" fromID="E11" fromText="exceptionally well" toID="T2" toText="12/14/96" type="BEFORE" />
<TLINK id="SECTIME11" fromID="E12" fromText="increasing" toID="T3" toText="12/07/96" type="BEFORE" />
<TLINK id="SECTIME12" fromID="E13" fromText="especially" toID="T3" toText="12/07/96" type="BEFORE" />
<TLINK id="SECTIME13" fromID="E14" fromText="admitted" toID="T2" toText="12/14/96" type="BEFORE" />
<TLINK id="SECTIME14" fromID="E15" fromText="did well" toID="T2" toText="12/14/96" type="BEFORE" />
<TLINK id="SECTIME15" fromID="E16" fromText="advanced" toID="T2" toText="12/14/96" type="BEFORE" />
<TLINK id="SECTIME16" fromID="E17" fromText="well" toID="T2" toText="12/14/96" type="BEFORE" />
<TLINK id="SECTIME17" fromID="E18" fromText="discharge" toID="T2" toText="12/14/96" type="BEFORE" />
<TLINK id="SECTIME18" fromID="E19" fromText="a full diet" toID="T2" toText="12/14/96" type="BEFORE" />
<TLINK id="SECTIME19" fromID="E23" fromText="right hip pain" toID="T3" toText="12/07/96" type="BEFORE" />
<TLINK id="SECTIME20" fromID="E24" fromText="emesis of coffee grounds" toID="T2" toText="12/14/96" type="BEFORE" />
<TLINK id="SECTIME21" fromID="E25" fromText="The pain" toID="T3" toText="12/07/96" type="BEFORE" />
<TLINK id="SECTIME22" fromID="E26" fromText="electrocardiogram changes" toID="T2" toText="12/14/96" type="BEFORE" />
<TLINK id="SECTIME23" fromID="E27" fromText="a Mallory Weiss tear" toID="T2" toText="12/14/96" type="BEFORE" />
<TLINK id="SECTIME24" fromID="E28" fromText="nonspecific duodenitis" toID="T2" toText="12/14/96" type="BEFORE" />
<TLINK id="SECTIME25" fromID="E29" fromText="pain" toID="T2" toText="12/14/96" type="BEFORE" />
<TLINK id="SECTIME26" fromID="E30" fromText="His wound" toID="T2" toText="12/14/96" type="BEFORE" />
<TLINK id="SECTIME27" fromID="E31" fromText="infection" toID="T2" toText="12/14/96" type="BEFORE" />
<TLINK id="SECTIME28" fromID="E32" fromText="calf tenderness" toID="T2" toText="12/14/96" type="BEFORE" />
<TLINK id="SECTIME29" fromID="E33" fromText="coffee ground emesis" toID="T2" toText="12/14/96" type="BEFORE" />
<TLINK id="SECTIME30" fromID="E34" fromText="the esophagogastroduodenoscopy" toID="T2" toText="12/14/96" type="BEFORE" />
<TLINK id="SECTIME31" fromID="E35" fromText="esophagogastroduodenoscopy" toID="T2" toText="12/14/96" type="BEFORE" />
<TLINK id="SECTIME32" fromID="E36" fromText="EGD" toID="T2" toText="12/14/96" type="BEFORE" />
<TLINK id="SECTIME33" fromID="E37" fromText="H Pylori serology" toID="T2" toText="12/14/96" type="BEFORE" />
<TLINK id="SECTIME34" fromID="E38" fromText="The physical examination" toID="T2" toText="12/14/96" type="BEFORE" />
<TLINK id="SECTIME35" fromID="E39" fromText="lower extremity arterial non-invasive studies" toID="T2" toText="12/14/96" type="BEFORE" />
<TLINK id="SECTIME36" fromID="E40" fromText="nothing by mouth" toID="T2" toText="12/14/96" type="BEFORE" />
<TLINK id="SECTIME37" fromID="E41" fromText="this procedure" toID="T2" toText="12/14/96" type="BEFORE" />
<TLINK id="SECTIME38" fromID="E42" fromText="po. medications" toID="T2" toText="12/14/96" type="BEFORE" />
<TLINK id="SECTIME39" fromID="E43" fromText="Zantac" toID="T2" toText="12/14/96" type="BEFORE" />
<TLINK id="SECTIME40" fromID="E44" fromText="total hip replacement" toID="T2" toText="12/14/96" type="BEFORE" />
</TAGS>
</ClinicalNarrativeTemporalAnnotation>