<?xml version="1.0" encoding="UTF-8" ?>
<ClinicalNarrativeTemporalAnnotation>
<TEXT><![CDATA[
Admission Date :
2018-08-02
Discharge Date :
2018-08-08
Service :
MEDICINE
History of Present Illness :
Patient is a 77 year old female with a past medical history significant for GI bleeding secondary to arteriovenous malformations , who presents with maroon stool and a hematocrit drop .
Three days ago began to develop black stools .
There was no clear blood in the toilet bowl .
In addition , she developed nausea and decreased PO intake .
She had a cough productive of white sputum and felt warm , although she did not record her temperature .
At dialysis on day of admission , she related these symptoms for the first time and had a bloody bowel movement .
Concerned , the staff sent her directly to the Nantucket Cottage Hospital .
In the Deanna , her temperature was 96.5 , HR 51 , BP 112/60 , RR 18 , and oxygen saturation was 98% on ambient air .
Her hematocrit was measured at 23.5 , while her baseline hematocrit is in the low 30 s.
An NG lavage was performed and there was bilious return .
Rectal examination was notable for guiaiac positive maroon stool .
She was type and crossed and transfused two units of packed red blood cells .
IV PPI was given and the GI team was consulted and she was scheduled for colonoscopy and EGD on the morning of 6/8 .
She was transferred to the CMED CCU for observation .
Brief Hospital Course :
Blood loss anemia from GI bleeding - the bleeding was likely from an AVM .
EGD , colonoscopy and tagged scan results as above .
eventhough uptake was noted in the rt LQ , no clear site of bleeding was noticed on colonoscopy .
hence , no intervention was performed .
she was transfused with 5 units of PRBC in the ICU andsent to the Lahey Clinic - North Shore .
Her hematocrit remained stable for 4 days prior to discharge .
No further bleeding noted .
GI consult team followed pt in hospital .
On discussion with Dr Leigh and Dr White from GI - they recommended that she follow with Dr. Taylor for consideration of argon photocoagulation as out-patient .
Given the innumerable number of AVM 's , it is diffcult to assess which the culprit lesion is and GI may start APL from the fundus of stomach .
Patient to get CBC checked with PCP this week as below .
ASA was held and may be restarted if Hct stable in clinic at the PCP 's discretion .
Chronic thrombocytopenia was noted , however the patient did not require platelet transfusions .
Has a h/o HIT .
The metoprolol was held during acute bleeding phase and restarted prior to discharge as her BP stabilized .
Other medical problems stable .
Dialysis was continued 3 / week .
I personally talked with Dr Pannell at the time of discharge to update him with the hospital events .
]]></TEXT>
<TAGS>
<EVENT id="E1" start="743" end="746" text="the Deanna" modality="FACTUAL" polarity="POS" type="CLINICAL_DEPT" />
<EVENT id="E2" start="707" end="710" text="the Nantucket Cottage Hospital" modality="FACTUAL" polarity="POS" type="CLINICAL_DEPT" />
<EVENT id="E3" start="553" end="561" text="dialysis" modality="FACTUAL" polarity="POS" type="CLINICAL_DEPT" />
<EVENT id="E4" start="1672" end="1675" text="the Lahey Clinic" modality="FACTUAL" polarity="POS" type="CLINICAL_DEPT" />
<EVENT id="E5" start="1653" end="1656" text="the ICU" modality="FACTUAL" polarity="POS" type="CLINICAL_DEPT" />
<EVENT id="E6" start="1289" end="1292" text="the CMED CCU" modality="FACTUAL" polarity="POS" type="CLINICAL_DEPT" />
<EVENT id="E7" start="1174" end="1176" text="GI" modality="FACTUAL" polarity="POS" type="CLINICAL_DEPT" />
<EVENT id="E8" start="2652" end="2655" text="the hospital" modality="FACTUAL" polarity="POS" type="CLINICAL_DEPT" />
<EVENT id="E9" start="2251" end="2257" text="clinic" modality="FACTUAL" polarity="POS" type="CLINICAL_DEPT" />
<EVENT id="E10" start="1827" end="1835" text="hospital" modality="FACTUAL" polarity="POS" type="CLINICAL_DEPT" />
<EVENT id="E11" start="240" end="248" text="presents" modality="FACTUAL" polarity="POS" type="EVIDENTIAL" />
<EVENT id="E12" start="2314" end="2319" text="noted" modality="FACTUAL" polarity="POS" type="EVIDENTIAL" />
<EVENT id="E13" start="1788" end="1793" text="noted" modality="FACTUAL" polarity="POS" type="EVIDENTIAL" />
<EVENT id="E14" start="1494" end="1499" text="noted" modality="FACTUAL" polarity="POS" type="EVIDENTIAL" />
<EVENT id="E15" start="497" end="501" text="warm" modality="FACTUAL" polarity="POS" type="OCCURRENCE" />
<EVENT id="E16" start="240" end="248" text="presents" modality="FACTUAL" polarity="POS" type="OCCURRENCE" />
<EVENT id="E17" start="29" end="38" text="Discharge" modality="FACTUAL" polarity="POS" type="OCCURRENCE" />
<EVENT id="E18" start="1" end="10" text="Admission" modality="FACTUAL" polarity="POS" type="OCCURRENCE" />
<EVENT id="E19" start="1100" end="1110" text="transfused" modality="FACTUAL" polarity="POS" type="OCCURRENCE" />
<EVENT id="E20" start="1186" end="1195" text="consulted" modality="FACTUAL" polarity="POS" type="OCCURRENCE" />
<EVENT id="E21" start="572" end="581" text="admission" modality="FACTUAL" polarity="POS" type="OCCURRENCE" />
<EVENT id="E22" start="686" end="690" text="sent" modality="FACTUAL" polarity="POS" type="OCCURRENCE" />
<EVENT id="E23" start="1756" end="1765" text="discharge" modality="FACTUAL" polarity="POS" type="OCCURRENCE" />
<EVENT id="E24" start="1812" end="1820" text="followed" modality="FACTUAL" polarity="POS" type="OCCURRENCE" />
<EVENT id="E25" start="1274" end="1285" text="transferred" modality="FACTUAL" polarity="POS" type="OCCURRENCE" />
<EVENT id="E26" start="1729" end="1735" text="stable" modality="FACTUAL" polarity="POS" type="OCCURRENCE" />
<EVENT id="E27" start="2473" end="2482" text="discharge" modality="FACTUAL" polarity="POS" type="OCCURRENCE" />
<EVENT id="E28" start="2623" end="2632" text="discharge" modality="FACTUAL" polarity="POS" type="OCCURRENCE" />
<EVENT id="E29" start="1915" end="1921" text="follow" modality="FACTUAL" polarity="POS" type="OCCURRENCE" />
<EVENT id="E30" start="2241" end="2247" text="stable" modality="FACTUAL" polarity="POS" type="OCCURRENCE" />
<EVENT id="E31" start="2665" end="2671" text="events" modality="FACTUAL" polarity="POS" type="OCCURRENCE" />
<EVENT id="E32" start="2551" end="2560" text="continued" modality="FACTUAL" polarity="POS" type="OCCURRENCE" />
<EVENT id="E33" start="1771" end="1778" text="further bleeding" modality="FACTUAL" polarity="POS" type="PROBLEM" />
<EVENT id="E34" start="1518" end="1523" text="clear site of bleeding" modality="FACTUAL" polarity="POS" type="PROBLEM" />
<EVENT id="E35" start="2285" end="2292" text="Chronic thrombocytopenia" modality="FACTUAL" polarity="POS" type="PROBLEM" />
<EVENT id="E36" start="2071" end="2074" text="the culprit lesion" modality="FACTUAL" polarity="POS" type="PROBLEM" />
<EVENT id="E37" start="1367" end="1369" text="GI bleeding" modality="FACTUAL" polarity="POS" type="PROBLEM" />
<EVENT id="E38" start="1344" end="1349" text="Blood loss anemia" modality="FACTUAL" polarity="POS" type="PROBLEM" />
<EVENT id="E39" start="1483" end="1489" text="uptake" modality="FACTUAL" polarity="POS" type="PROBLEM" />
<EVENT id="E40" start="1381" end="1384" text="the bleeding" modality="FACTUAL" polarity="POS" type="PROBLEM" />
<EVENT id="E41" start="2429" end="2434" text="acute bleeding phase" modality="FACTUAL" polarity="POS" type="PROBLEM" />
<EVENT id="E42" start="2392" end="2395" text="HIT" modality="FACTUAL" polarity="POS" type="PROBLEM" />
<EVENT id="E43" start="2506" end="2511" text="Other medical problems" modality="FACTUAL" polarity="POS" type="PROBLEM" />
<EVENT id="E44" start="181" end="183" text="GI bleeding" modality="FACTUAL" polarity="POS" type="PROBLEM" />
<EVENT id="E45" start="271" end="272" text="a hematocrit drop" modality="FACTUAL" polarity="POS" type="PROBLEM" />
<EVENT id="E46" start="323" end="328" text="black stools" modality="FACTUAL" polarity="POS" type="PROBLEM" />
<EVENT id="E47" start="206" end="219" text="arteriovenous malformations" modality="FACTUAL" polarity="POS" type="PROBLEM" />
<EVENT id="E48" start="254" end="260" text="maroon stool" modality="FACTUAL" polarity="POS" type="PROBLEM" />
<EVENT id="E49" start="423" end="432" text="decreased PO intake" modality="FACTUAL" polarity="POS" type="PROBLEM" />
<EVENT id="E50" start="453" end="454" text="a cough" modality="FACTUAL" polarity="POS" type="PROBLEM" />
<EVENT id="E51" start="351" end="356" text="clear blood" modality="FACTUAL" polarity="POS" type="PROBLEM" />
<EVENT id="E52" start="412" end="418" text="nausea" modality="FACTUAL" polarity="POS" type="PROBLEM" />
<EVENT id="E53" start="987" end="994" text="bilious return" modality="FACTUAL" polarity="POS" type="PROBLEM" />
<EVENT id="E54" start="1039" end="1046" text="guiaiac positive maroon stool" modality="FACTUAL" polarity="POS" type="PROBLEM" />
<EVENT id="E55" start="475" end="480" text="white sputum" modality="FACTUAL" polarity="POS" type="PROBLEM" />
<EVENT id="E56" start="638" end="639" text="a bloody bowel movement" modality="FACTUAL" polarity="POS" type="PROBLEM" />
<EVENT id="E57" start="2158" end="2161" text="CBC" modality="FACTUAL" polarity="POS" type="TEST" />
<EVENT id="E58" start="1705" end="1708" text="Her hematocrit" modality="FACTUAL" polarity="POS" type="TEST" />
<EVENT id="E59" start="2486" end="2489" text="her BP" modality="FACTUAL" polarity="POS" type="TEST" />
<EVENT id="E60" start="532" end="535" text="her temperature" modality="FACTUAL" polarity="POS" type="TEST" />
<EVENT id="E61" start="791" end="793" text="BP" modality="FACTUAL" polarity="POS" type="TEST" />
<EVENT id="E62" start="803" end="805" text="RR" modality="FACTUAL" polarity="POS" type="TEST" />
<EVENT id="E63" start="756" end="759" text="her temperature" modality="FACTUAL" polarity="POS" type="TEST" />
<EVENT id="E64" start="783" end="785" text="HR" modality="FACTUAL" polarity="POS" type="TEST" />
<EVENT id="E65" start="902" end="905" text="her baseline hematocrit" modality="FACTUAL" polarity="POS" type="TEST" />
<EVENT id="E66" start="946" end="948" text="An NG lavage" modality="FACTUAL" polarity="POS" type="TEST" />
<EVENT id="E67" start="815" end="821" text="oxygen saturation" modality="FACTUAL" polarity="POS" type="TEST" />
<EVENT id="E68" start="858" end="861" text="Her hematocrit" modality="FACTUAL" polarity="POS" type="TEST" />
<EVENT id="E69" start="1238" end="1241" text="EGD" modality="FACTUAL" polarity="POS" type="TEST" />
<EVENT id="E70" start="1306" end="1317" text="observation" modality="FACTUAL" polarity="POS" type="TEST" />
<EVENT id="E71" start="1004" end="1010" text="Rectal examination" modality="FACTUAL" polarity="POS" type="TEST" />
<EVENT id="E72" start="1222" end="1233" text="colonoscopy" modality="FACTUAL" polarity="POS" type="TEST" />
<EVENT id="E73" start="1441" end="1447" text="tagged scan" modality="FACTUAL" polarity="POS" type="TEST" />
<EVENT id="E74" start="1556" end="1567" text="colonoscopy" modality="FACTUAL" polarity="POS" type="TEST" />
<EVENT id="E75" start="1419" end="1422" text="EGD" modality="FACTUAL" polarity="POS" type="TEST" />
<EVENT id="E76" start="1425" end="1436" text="colonoscopy" modality="FACTUAL" polarity="POS" type="TEST" />
<EVENT id="E77" start="1149" end="1151" text="IV PPI" modality="FACTUAL" polarity="POS" type="TREATMENT" />
<EVENT id="E78" start="1124" end="1130" text="packed red blood cells" modality="FACTUAL" polarity="POS" type="TREATMENT" />
<EVENT id="E79" start="1959" end="1964" text="argon photocoagulation" modality="FACTUAL" polarity="POS" type="TREATMENT" />
<EVENT id="E80" start="1645" end="1649" text="PRBC" modality="FACTUAL" polarity="POS" type="TREATMENT" />
<EVENT id="E81" start="1618" end="1628" text="transfused" modality="FACTUAL" polarity="POS" type="TREATMENT" />
<EVENT id="E82" start="1581" end="1593" text="intervention" modality="FACTUAL" polarity="POS" type="TREATMENT" />
<EVENT id="E83" start="2398" end="2401" text="The metoprolol" modality="FACTUAL" polarity="POS" type="TREATMENT" />
<EVENT id="E84" start="2358" end="2366" text="platelet transfusions" modality="FACTUAL" polarity="POS" type="TREATMENT" />
<EVENT id="E85" start="2200" end="2203" text="ASA" modality="FACTUAL" polarity="POS" type="TREATMENT" />
<EVENT id="E86" start="2031" end="2034" text="AVM" modality="FACTUAL" polarity="POS" type="TREATMENT" />
<EVENT id="E87" start="2538" end="2546" text="Dialysis" modality="FACTUAL" polarity="POS" type="TREATMENT" />
<TIMEX3 id="T1" start="2611" end="2614" text="the time of discharge" type="DATE" val="2018-08-08" mod="NA" />
<TIMEX3 id="T2" start="291" end="296" text="Three days ago" type="DATE" val="2018-07-30" mod="NA" />
<TIMEX3 id="T3" start="18" end="22" text="2018-08-02" type="DATE" val="2018-08-02" mod="NA" />
<TIMEX3 id="T4" start="46" end="50" text="2018-08-08" type="DATE" val="2018-08-08" mod="NA" />
<TIMEX3 id="T5" start="1740" end="1741" text="4 days" type="DURATION" val="P4D" mod="NA" />
<TIMEX3 id="T6" start="2179" end="2183" text="this week" type="DATE" val="2018-W31" mod="NA" />
<TIMEX3 id="T7" start="1245" end="1248" text="the morning" type="DATE" val="2018-08-02" mod="START" />
<SECTIME id="S0" start="17" end="21" text="2018-08-02" type="ADMISSION" dvalue="2018-08-02" />
<SECTIME id="S1" start="45" end="49" text="2018-08-08" type="DISCHARGE" dvalue="2018-08-08" />
<TLINK id="TL0" fromID="E16" fromText="presents" toID="E16" toText="presents" type="OVERLAP" />
<TLINK id="TL1" fromID="E44" fromText="GI bleeding" toID="E16" toText="presents" type="AFTER" />
<TLINK id="TL2" fromID="E16" fromText="presents" toID="E45" toText="a hematocrit drop" type="AFTER" />
<TLINK id="TL3" fromID="E47" fromText="arteriovenous malformations" toID="E16" toText="presents" type="AFTER" />
<TLINK id="TL4" fromID="E16" fromText="presents" toID="E48" toText="maroon stool" type="AFTER" />
<TLINK id="TL9" fromID="E44" fromText="GI bleeding" toID="E45" toText="a hematocrit drop" type="OVERLAP" />
<TLINK id="TL10" fromID="E44" fromText="GI bleeding" toID="E47" toText="arteriovenous malformations" type="OVERLAP" />
<TLINK id="TL11" fromID="E44" fromText="GI bleeding" toID="E48" toText="maroon stool" type="OVERLAP" />
<TLINK id="TL12" fromID="E47" fromText="arteriovenous malformations" toID="E45" toText="a hematocrit drop" type="OVERLAP" />
<TLINK id="TL13" fromID="E48" fromText="maroon stool" toID="E45" toText="a hematocrit drop" type="OVERLAP" />
<TLINK id="TL14" fromID="E47" fromText="arteriovenous malformations" toID="E48" toText="maroon stool" type="OVERLAP" />
<TLINK id="TL15" fromID="E52" fromText="nausea" toID="E49" toText="decreased PO intake" type="OVERLAP" />
<TLINK id="TL16" fromID="E50" fromText="a cough" toID="E15" toText="warm" type="AFTER" />
<TLINK id="TL17" fromID="E55" fromText="white sputum" toID="E15" toText="warm" type="AFTER" />
<TLINK id="TL18" fromID="E15" fromText="warm" toID="E60" toText="her temperature" type="AFTER" />
<TLINK id="TL19" fromID="E50" fromText="a cough" toID="E55" toText="white sputum" type="OVERLAP" />
<TLINK id="TL20" fromID="E50" fromText="a cough" toID="E60" toText="her temperature" type="AFTER" />
<TLINK id="TL21" fromID="E55" fromText="white sputum" toID="E60" toText="her temperature" type="AFTER" />
<TLINK id="TL22" fromID="E3" fromText="dialysis" toID="E21" toText="admission" type="AFTER" />
<TLINK id="TL23" fromID="E3" fromText="dialysis" toID="E56" toText="a bloody bowel movement" type="AFTER" />
<TLINK id="TL24" fromID="E21" fromText="admission" toID="E56" toText="a bloody bowel movement" type="AFTER" />
<TLINK id="TL25" fromID="E22" fromText="sent" toID="E2" toText="the Nantucket Cottage Hospital" type="AFTER" />
<TLINK id="TL26" fromID="E1" fromText="the Deanna" toID="E61" toText="BP" type="OVERLAP" />
<TLINK id="TL27" fromID="E1" fromText="the Deanna" toID="E62" toText="RR" type="OVERLAP" />
<TLINK id="TL28" fromID="E1" fromText="the Deanna" toID="E63" toText="her temperature" type="OVERLAP" />
<TLINK id="TL29" fromID="E1" fromText="the Deanna" toID="E64" toText="HR" type="OVERLAP" />
<TLINK id="TL30" fromID="E1" fromText="the Deanna" toID="E67" toText="oxygen saturation" type="OVERLAP" />
<TLINK id="TL31" fromID="E61" fromText="BP" toID="E62" toText="RR" type="OVERLAP" />
<TLINK id="TL32" fromID="E63" fromText="her temperature" toID="E61" toText="BP" type="OVERLAP" />
<TLINK id="TL33" fromID="E64" fromText="HR" toID="E61" toText="BP" type="OVERLAP" />
<TLINK id="TL34" fromID="E61" fromText="BP" toID="E67" toText="oxygen saturation" type="OVERLAP" />
<TLINK id="TL35" fromID="E63" fromText="her temperature" toID="E62" toText="RR" type="OVERLAP" />
<TLINK id="TL36" fromID="E64" fromText="HR" toID="E62" toText="RR" type="OVERLAP" />
<TLINK id="TL37" fromID="E62" fromText="RR" toID="E67" toText="oxygen saturation" type="OVERLAP" />
<TLINK id="TL38" fromID="E63" fromText="her temperature" toID="E64" toText="HR" type="OVERLAP" />
<TLINK id="TL39" fromID="E63" fromText="her temperature" toID="E67" toText="oxygen saturation" type="OVERLAP" />
<TLINK id="TL40" fromID="E64" fromText="HR" toID="E67" toText="oxygen saturation" type="OVERLAP" />
<TLINK id="TL41" fromID="E58" fromText="Her hematocrit" toID="E65" toText="her baseline hematocrit" type="OVERLAP" />
<TLINK id="TL42" fromID="E66" fromText="An NG lavage" toID="E53" toText="bilious return" type="AFTER" />
<TLINK id="TL43" fromID="E71" fromText="Rectal examination" toID="E54" toText="guiaiac positive maroon stool" type="AFTER" />
<TLINK id="TL44" fromID="E19" fromText="transfused" toID="E78" toText="packed red blood cells" type="AFTER" />
<TLINK id="TL45" fromID="E7" fromText="GI" toID="E20" toText="consulted" type="AFTER" />
<TLINK id="TL46" fromID="E7" fromText="GI" toID="E69" toText="EGD" type="OVERLAP" />
<TLINK id="TL47" fromID="E7" fromText="GI" toID="E72" toText="colonoscopy" type="OVERLAP" />
<TLINK id="TL48" fromID="E77" fromText="IV PPI" toID="E7" toText="GI" type="AFTER" />
<TLINK id="TL49" fromID="E20" fromText="consulted" toID="E69" toText="EGD" type="AFTER" />
<TLINK id="TL50" fromID="E20" fromText="consulted" toID="E72" toText="colonoscopy" type="AFTER" />
<TLINK id="TL51" fromID="E77" fromText="IV PPI" toID="E20" toText="consulted" type="AFTER" />
<TLINK id="TL52" fromID="E72" fromText="colonoscopy" toID="E69" toText="EGD" type="OVERLAP" />
<TLINK id="TL53" fromID="E77" fromText="IV PPI" toID="E69" toText="EGD" type="AFTER" />
<TLINK id="TL54" fromID="E77" fromText="IV PPI" toID="E72" toText="colonoscopy" type="AFTER" />
<TLINK id="TL55" fromID="E25" fromText="transferred" toID="E6" toText="the CMED CCU" type="AFTER" />
<TLINK id="TL56" fromID="E6" fromText="the CMED CCU" toID="E70" toText="observation" type="AFTER" />
<TLINK id="TL57" fromID="E25" fromText="transferred" toID="E70" toText="observation" type="AFTER" />
<TLINK id="TL61" fromID="E38" fromText="Blood loss anemia" toID="E37" toText="GI bleeding" type="OVERLAP" />
<TLINK id="TL62" fromID="E37" fromText="GI bleeding" toID="E40" toText="the bleeding" type="OVERLAP" />
<TLINK id="TL63" fromID="E38" fromText="Blood loss anemia" toID="E40" toText="the bleeding" type="OVERLAP" />
<TLINK id="TL64" fromID="E75" fromText="EGD" toID="E73" toText="tagged scan" type="OVERLAP" />
<TLINK id="TL65" fromID="E76" fromText="colonoscopy" toID="E73" toText="tagged scan" type="OVERLAP" />
<TLINK id="TL66" fromID="E75" fromText="EGD" toID="E76" toText="colonoscopy" type="OVERLAP" />
<TLINK id="TL67" fromID="E13" fromText="noted" toID="E34" toText="clear site of bleeding" type="OVERLAP" />
<TLINK id="TL68" fromID="E39" fromText="uptake" toID="E13" toText="noted" type="AFTER" />
<TLINK id="TL69" fromID="E13" fromText="noted" toID="E74" toText="colonoscopy" type="AFTER" />
<TLINK id="TL70" fromID="E39" fromText="uptake" toID="E34" toText="clear site of bleeding" type="OVERLAP" />
<TLINK id="TL71" fromID="E34" fromText="clear site of bleeding" toID="E74" toText="colonoscopy" type="OVERLAP" />
<TLINK id="TL72" fromID="E39" fromText="uptake" toID="E74" toText="colonoscopy" type="AFTER" />
<TLINK id="TL73" fromID="E5" fromText="the ICU" toID="E4" toText="the Lahey Clinic" type="AFTER" />
<TLINK id="TL74" fromID="E80" fromText="PRBC" toID="E4" toText="the Lahey Clinic" type="AFTER" />
<TLINK id="TL75" fromID="E81" fromText="transfused" toID="E4" toText="the Lahey Clinic" type="AFTER" />
<TLINK id="TL76" fromID="E80" fromText="PRBC" toID="E5" toText="the ICU" type="OVERLAP" />
<TLINK id="TL77" fromID="E81" fromText="transfused" toID="E5" toText="the ICU" type="AFTER" />
<TLINK id="TL78" fromID="E81" fromText="transfused" toID="E80" toText="PRBC" type="OVERLAP" />
<TLINK id="TL79" fromID="E26" fromText="stable" toID="E23" toText="discharge" type="AFTER" />
<TLINK id="TL80" fromID="E58" fromText="Her hematocrit" toID="E23" toText="discharge" type="AFTER" />
<TLINK id="TL81" fromID="E58" fromText="Her hematocrit" toID="E26" toText="stable" type="OVERLAP" />
<TLINK id="TL82" fromID="E33" fromText="further bleeding" toID="E13" toText="noted" type="OVERLAP" />
<TLINK id="TL83" fromID="E24" fromText="followed" toID="E10" toText="hospital" type="AFTER" />
<TLINK id="TL84" fromID="E29" fromText="follow" toID="E79" toText="argon photocoagulation" type="AFTER" />
<TLINK id="TL85" fromID="E86" fromText="AVM" toID="E36" toText="the culprit lesion" type="AFTER" />
<TLINK id="TL86" fromID="E30" fromText="stable" toID="E9" toText="clinic" type="AFTER" />
<TLINK id="TL87" fromID="E85" fromText="ASA" toID="E9" toText="clinic" type="AFTER" />
<TLINK id="TL88" fromID="E85" fromText="ASA" toID="E30" toText="stable" type="AFTER" />
<TLINK id="TL89" fromID="E35" fromText="Chronic thrombocytopenia" toID="E13" toText="noted" type="AFTER" />
<TLINK id="TL90" fromID="E13" fromText="noted" toID="E84" toText="platelet transfusions" type="AFTER" />
<TLINK id="TL91" fromID="E35" fromText="Chronic thrombocytopenia" toID="E84" toText="platelet transfusions" type="AFTER" />
<TLINK id="TL92" fromID="E41" fromText="acute bleeding phase" toID="E27" toText="discharge" type="AFTER" />
<TLINK id="TL93" fromID="E27" fromText="discharge" toID="E59" toText="her BP" type="OVERLAP" />
<TLINK id="TL94" fromID="E83" fromText="The metoprolol" toID="E27" toText="discharge" type="AFTER" />
<TLINK id="TL95" fromID="E41" fromText="acute bleeding phase" toID="E59" toText="her BP" type="AFTER" />
<TLINK id="TL96" fromID="E83" fromText="The metoprolol" toID="E41" toText="acute bleeding phase" type="AFTER" />
<TLINK id="TL97" fromID="E83" fromText="The metoprolol" toID="E59" toText="her BP" type="AFTER" />
<TLINK id="TL98" fromID="E87" fromText="Dialysis" toID="E32" toText="continued" type="BEFORE" />
<TLINK id="TL99" fromID="E28" fromText="discharge" toID="E8" toText="the hospital" type="AFTER" />
<TLINK id="TL100" fromID="E8" fromText="the hospital" toID="E31" toText="events" type="AFTER" />
<TLINK id="TL101" fromID="E28" fromText="discharge" toID="E31" toText="events" type="AFTER" />
<TLINK id="TL103" fromID="E7" fromText="GI" toID="T7" toText="the morning" type="OVERLAP" />
<TLINK id="TL104" fromID="E20" fromText="consulted" toID="T7" toText="the morning" type="OVERLAP" />
<TLINK id="TL105" fromID="E69" fromText="EGD" toID="T7" toText="the morning" type="OVERLAP" />
<TLINK id="TL106" fromID="E72" fromText="colonoscopy" toID="T7" toText="the morning" type="OVERLAP" />
<TLINK id="TL110" fromID="E58" fromText="Her hematocrit" toID="T5" toText="4 days" type="OVERLAP" />
<TLINK id="SECTIME0" fromID="E1" fromText="the Deanna" toID="T3" toText="2018-08-02" type="BEFORE" />
<TLINK id="SECTIME1" fromID="E2" fromText="the Nantucket Cottage Hospital" toID="T3" toText="2018-08-02" type="BEFORE" />
<TLINK id="SECTIME2" fromID="E3" fromText="dialysis" toID="T3" toText="2018-08-02" type="BEFORE" />
<TLINK id="SECTIME3" fromID="E4" fromText="the Lahey Clinic" toID="T4" toText="2018-08-08" type="BEFORE" />
<TLINK id="SECTIME4" fromID="E5" fromText="the ICU" toID="T4" toText="2018-08-08" type="BEFORE" />
<TLINK id="SECTIME5" fromID="E6" fromText="the CMED CCU" toID="T3" toText="2018-08-02" type="BEFORE" />
<TLINK id="SECTIME6" fromID="E7" fromText="GI" toID="T3" toText="2018-08-02" type="BEFORE" />
<TLINK id="SECTIME7" fromID="E8" fromText="the hospital" toID="T4" toText="2018-08-08" type="BEFORE" />
<TLINK id="SECTIME8" fromID="E9" fromText="clinic" toID="T4" toText="2018-08-08" type="BEFORE" />
<TLINK id="SECTIME9" fromID="E10" fromText="hospital" toID="T4" toText="2018-08-08" type="BEFORE" />
<TLINK id="SECTIME10" fromID="E16" fromText="presents" toID="T3" toText="2018-08-02" type="BEFORE" />
<TLINK id="SECTIME11" fromID="E13" fromText="noted" toID="T4" toText="2018-08-08" type="BEFORE" />
<TLINK id="SECTIME12" fromID="E13" fromText="noted" toID="T4" toText="2018-08-08" type="BEFORE" />
<TLINK id="SECTIME13" fromID="E13" fromText="noted" toID="T4" toText="2018-08-08" type="BEFORE" />
<TLINK id="SECTIME14" fromID="E15" fromText="warm" toID="T3" toText="2018-08-02" type="BEFORE" />
<TLINK id="SECTIME15" fromID="E16" fromText="presents" toID="T3" toText="2018-08-02" type="BEFORE" />
<TLINK id="SECTIME16" fromID="E19" fromText="transfused" toID="T3" toText="2018-08-02" type="BEFORE" />
<TLINK id="SECTIME17" fromID="E20" fromText="consulted" toID="T3" toText="2018-08-02" type="BEFORE" />
<TLINK id="SECTIME18" fromID="E21" fromText="admission" toID="T3" toText="2018-08-02" type="BEFORE" />
<TLINK id="SECTIME19" fromID="E22" fromText="sent" toID="T3" toText="2018-08-02" type="BEFORE" />
<TLINK id="SECTIME20" fromID="E23" fromText="discharge" toID="T4" toText="2018-08-08" type="BEFORE" />
<TLINK id="SECTIME21" fromID="E24" fromText="followed" toID="T4" toText="2018-08-08" type="BEFORE" />
<TLINK id="SECTIME22" fromID="E25" fromText="transferred" toID="T3" toText="2018-08-02" type="BEFORE" />
<TLINK id="SECTIME23" fromID="E26" fromText="stable" toID="T4" toText="2018-08-08" type="BEFORE" />
<TLINK id="SECTIME24" fromID="E27" fromText="discharge" toID="T4" toText="2018-08-08" type="BEFORE" />
<TLINK id="SECTIME25" fromID="E28" fromText="discharge" toID="T4" toText="2018-08-08" type="BEFORE" />
<TLINK id="SECTIME26" fromID="E29" fromText="follow" toID="T4" toText="2018-08-08" type="BEFORE" />
<TLINK id="SECTIME27" fromID="E30" fromText="stable" toID="T4" toText="2018-08-08" type="BEFORE" />
<TLINK id="SECTIME28" fromID="E31" fromText="events" toID="T4" toText="2018-08-08" type="BEFORE" />
<TLINK id="SECTIME29" fromID="E32" fromText="continued" toID="T4" toText="2018-08-08" type="BEFORE" />
<TLINK id="SECTIME30" fromID="E33" fromText="further bleeding" toID="T4" toText="2018-08-08" type="BEFORE" />
<TLINK id="SECTIME31" fromID="E34" fromText="clear site of bleeding" toID="T4" toText="2018-08-08" type="BEFORE" />
<TLINK id="SECTIME32" fromID="E35" fromText="Chronic thrombocytopenia" toID="T4" toText="2018-08-08" type="BEFORE" />
<TLINK id="SECTIME33" fromID="E36" fromText="the culprit lesion" toID="T4" toText="2018-08-08" type="BEFORE" />
<TLINK id="SECTIME34" fromID="E37" fromText="GI bleeding" toID="T4" toText="2018-08-08" type="BEFORE" />
<TLINK id="SECTIME35" fromID="E38" fromText="Blood loss anemia" toID="T4" toText="2018-08-08" type="BEFORE" />
<TLINK id="SECTIME36" fromID="E39" fromText="uptake" toID="T4" toText="2018-08-08" type="BEFORE" />
<TLINK id="SECTIME37" fromID="E40" fromText="the bleeding" toID="T4" toText="2018-08-08" type="BEFORE" />
<TLINK id="SECTIME38" fromID="E41" fromText="acute bleeding phase" toID="T4" toText="2018-08-08" type="BEFORE" />
<TLINK id="SECTIME39" fromID="E42" fromText="HIT" toID="T4" toText="2018-08-08" type="BEFORE" />
<TLINK id="SECTIME40" fromID="E43" fromText="Other medical problems" toID="T4" toText="2018-08-08" type="BEFORE" />
<TLINK id="SECTIME41" fromID="E44" fromText="GI bleeding" toID="T3" toText="2018-08-02" type="BEFORE" />
<TLINK id="SECTIME42" fromID="E45" fromText="a hematocrit drop" toID="T3" toText="2018-08-02" type="BEFORE" />
<TLINK id="SECTIME43" fromID="E46" fromText="black stools" toID="T3" toText="2018-08-02" type="BEFORE" />
<TLINK id="SECTIME44" fromID="E47" fromText="arteriovenous malformations" toID="T3" toText="2018-08-02" type="BEFORE" />
<TLINK id="SECTIME45" fromID="E48" fromText="maroon stool" toID="T3" toText="2018-08-02" type="BEFORE" />
<TLINK id="SECTIME46" fromID="E49" fromText="decreased PO intake" toID="T3" toText="2018-08-02" type="BEFORE" />
<TLINK id="SECTIME47" fromID="E50" fromText="a cough" toID="T3" toText="2018-08-02" type="BEFORE" />
<TLINK id="SECTIME48" fromID="E51" fromText="clear blood" toID="T3" toText="2018-08-02" type="BEFORE" />
<TLINK id="SECTIME49" fromID="E52" fromText="nausea" toID="T3" toText="2018-08-02" type="BEFORE" />
<TLINK id="SECTIME50" fromID="E53" fromText="bilious return" toID="T3" toText="2018-08-02" type="BEFORE" />
<TLINK id="SECTIME51" fromID="E54" fromText="guiaiac positive maroon stool" toID="T3" toText="2018-08-02" type="BEFORE" />
<TLINK id="SECTIME52" fromID="E55" fromText="white sputum" toID="T3" toText="2018-08-02" type="BEFORE" />
<TLINK id="SECTIME53" fromID="E56" fromText="a bloody bowel movement" toID="T3" toText="2018-08-02" type="BEFORE" />
<TLINK id="SECTIME54" fromID="E57" fromText="CBC" toID="T4" toText="2018-08-08" type="BEFORE" />
<TLINK id="SECTIME55" fromID="E58" fromText="Her hematocrit" toID="T4" toText="2018-08-08" type="BEFORE" />
<TLINK id="SECTIME56" fromID="E59" fromText="her BP" toID="T4" toText="2018-08-08" type="BEFORE" />
<TLINK id="SECTIME57" fromID="E60" fromText="her temperature" toID="T3" toText="2018-08-02" type="BEFORE" />
<TLINK id="SECTIME58" fromID="E61" fromText="BP" toID="T3" toText="2018-08-02" type="BEFORE" />
<TLINK id="SECTIME59" fromID="E62" fromText="RR" toID="T3" toText="2018-08-02" type="BEFORE" />
<TLINK id="SECTIME60" fromID="E63" fromText="her temperature" toID="T3" toText="2018-08-02" type="BEFORE" />
<TLINK id="SECTIME61" fromID="E64" fromText="HR" toID="T3" toText="2018-08-02" type="BEFORE" />
<TLINK id="SECTIME62" fromID="E65" fromText="her baseline hematocrit" toID="T3" toText="2018-08-02" type="BEFORE" />
<TLINK id="SECTIME63" fromID="E66" fromText="An NG lavage" toID="T3" toText="2018-08-02" type="BEFORE" />
<TLINK id="SECTIME64" fromID="E67" fromText="oxygen saturation" toID="T3" toText="2018-08-02" type="BEFORE" />
<TLINK id="SECTIME65" fromID="E58" fromText="Her hematocrit" toID="T3" toText="2018-08-02" type="BEFORE" />
<TLINK id="SECTIME66" fromID="E69" fromText="EGD" toID="T3" toText="2018-08-02" type="BEFORE" />
<TLINK id="SECTIME67" fromID="E70" fromText="observation" toID="T3" toText="2018-08-02" type="BEFORE" />
<TLINK id="SECTIME68" fromID="E71" fromText="Rectal examination" toID="T3" toText="2018-08-02" type="BEFORE" />
<TLINK id="SECTIME69" fromID="E72" fromText="colonoscopy" toID="T3" toText="2018-08-02" type="BEFORE" />
<TLINK id="SECTIME70" fromID="E73" fromText="tagged scan" toID="T4" toText="2018-08-08" type="BEFORE" />
<TLINK id="SECTIME71" fromID="E74" fromText="colonoscopy" toID="T4" toText="2018-08-08" type="BEFORE" />
<TLINK id="SECTIME72" fromID="E75" fromText="EGD" toID="T4" toText="2018-08-08" type="BEFORE" />
<TLINK id="SECTIME73" fromID="E76" fromText="colonoscopy" toID="T4" toText="2018-08-08" type="BEFORE" />
<TLINK id="SECTIME74" fromID="E77" fromText="IV PPI" toID="T3" toText="2018-08-02" type="BEFORE" />
<TLINK id="SECTIME75" fromID="E78" fromText="packed red blood cells" toID="T3" toText="2018-08-02" type="BEFORE" />
<TLINK id="SECTIME76" fromID="E79" fromText="argon photocoagulation" toID="T4" toText="2018-08-08" type="BEFORE" />
<TLINK id="SECTIME77" fromID="E80" fromText="PRBC" toID="T4" toText="2018-08-08" type="BEFORE" />
<TLINK id="SECTIME78" fromID="E81" fromText="transfused" toID="T4" toText="2018-08-08" type="BEFORE" />
<TLINK id="SECTIME79" fromID="E82" fromText="intervention" toID="T4" toText="2018-08-08" type="BEFORE" />
<TLINK id="SECTIME80" fromID="E83" fromText="The metoprolol" toID="T4" toText="2018-08-08" type="BEFORE" />
<TLINK id="SECTIME81" fromID="E84" fromText="platelet transfusions" toID="T4" toText="2018-08-08" type="BEFORE" />
<TLINK id="SECTIME82" fromID="E85" fromText="ASA" toID="T4" toText="2018-08-08" type="BEFORE" />
<TLINK id="SECTIME83" fromID="E86" fromText="AVM" toID="T4" toText="2018-08-08" type="BEFORE" />
<TLINK id="SECTIME84" fromID="E87" fromText="Dialysis" toID="T4" toText="2018-08-08" type="BEFORE" />
</TAGS>
</ClinicalNarrativeTemporalAnnotation>