<?xml version="1.0" encoding="UTF-8" ?>
<ClinicalNarrativeTemporalAnnotation>
<TEXT><![CDATA[
ADMISSION DATE :
04/27/1998
DISCHARGE DATE :
05/02/1998
HISTORY OF PRESENT ILLNESS :
The patient is a 72 year old white male with a history of coronary artery disease , status post a four vessel coronary artery bypass graft in 1983 , pulmonary hypertension , hepatitis C positive cirrhosis history with history of portal hypertension and status post an upper gastrointestinal bleed on 4-10-98 , who presents from Sondi Memorial for work up of pulmonary infiltrates , acute renal failure and pulmonary hypertension .
The patient presented to Sondi Memorial on 4-10-98 with fatigue and fall , found to have a hematocrit of 29 , baseline 37 .
The patient was transfused two units and an esophagogastroduodenoscopy done where it showed gastritis , candidal esophagitis and portal hypertensive gastropathy without varices .
A colonoscopy showed anteriordysplasia , no bleeding was seen .
The patient was discharged after one week on iron sulfate .
On 4-24 , the patient was seen again at Sondi Memorial when he experienced at home a fall , no loss of consciousness , positive substernal chest pain , pleuritic pain , shortness of breath and cough .
He went to Sondi Memorial where he ruled out for myocardial infarction and was found to have a left lower lobe infiltrate / pneumonia , started on cefuroxime .
His respiratory condition continued to deteriorate despite aggressive chest physical therapy for possible blood , given Lasix for congestive heart failure , became hypotensive , hypoxic and intubated .
The patient was found to have expanding pulmonary infiltrates on chest x-ray , developed acute renal insufficiency with minimal urine output , less than 10 cc an hour , started on dopamine for hemodynamic instability .
An echocardiogram was obtained on 4-26 which showed concentric left ventricular hypertrophy with normal _____ left ventricular function , severe right ventricular dilatation with septal hypokinesis and flattening with a question of right ventricular apical clot raised with mild aortic stenosis , severe tricuspid regurgitation and increased pulmonary artery pressure of approximately 70 millimeters , consistent with fairly severe pulmonary hypertension .
Blood cultures x two sent off with no growth .
The patient ruled out for myocardial infarction with flat creatine kinases and he was sent to Oaksgekesser/ Memorial Hospital for further work up .
HOSPITAL COURSE AND TREATMENT :
At the Oaksgekesser/ Memorial Hospital he was quite hypotensive , requiring dopamine at 1,000 , Levo at 12 .
His chest x-ray showed diffuse patchy infiltrates on left lung with left upper lung patchy infiltrates and right hemidiaphragm elevated , consistent with adult respiratory distress syndrome from possible pneumonia .
A urinalysis was obtained which showed blood , urine sediment was active with positive dysmorphic cells , red cell casts , and 1+ albumin with mild protein uria .
The patient had ANCA , anti-GBM , anti-streptolycin , ANA , UPEP , SPEP , renal ultrasound , hepatitis C cryoglobulin sent out .
He had a bronchoscopy immediately done which showed no fresh blood , just old clot and a pulmonary arterial line placed in the right internal jugular vein .
Question of pulmonary-renal syndrome was raised .
The patient subsequently deteriorated over time , was started on CVVH and suffered significant complications without improvement of his pulmonary / renal situation .
A family meeting was held on 5-2-98 and it was decided that the patient should be made comfort care only .
All CVVH and the ventilator was removed and the patient spontaneously passed away on 5-2-98 , at 4:55 p.m.
Family and primary carephysician informed .
]]></TEXT>
<TAGS>
<EVENT id="E1" start="2413" end="2416" text="the Oaksgekesser/ Memorial Hospital" modality="FACTUAL" polarity="POS" type="CLINICAL_DEPT" />
<EVENT id="E2" start="414" end="419" text="Sondi Memorial" modality="FACTUAL" polarity="POS" type="CLINICAL_DEPT" />
<EVENT id="E3" start="984" end="989" text="Sondi" modality="FACTUAL" polarity="POS" type="CLINICAL_DEPT" />
<EVENT id="E4" start="542" end="547" text="Sondi Memorial" modality="FACTUAL" polarity="POS" type="CLINICAL_DEPT" />
<EVENT id="E5" start="2324" end="2336" text="Oaksgekesser/ Memorial Hospital" modality="FACTUAL" polarity="POS" type="CLINICAL_DEPT" />
<EVENT id="E6" start="1156" end="1161" text="Sondi Memorial" modality="FACTUAL" polarity="POS" type="CLINICAL_DEPT" />
<EVENT id="E7" start="3072" end="3078" text="showed" modality="FACTUAL" polarity="POS" type="EVIDENTIAL" />
<EVENT id="E8" start="2535" end="2541" text="showed" modality="FACTUAL" polarity="POS" type="EVIDENTIAL" />
<EVENT id="E9" start="2767" end="2773" text="showed" modality="FACTUAL" polarity="POS" type="EVIDENTIAL" />
<EVENT id="E10" start="1523" end="1528" text="found" modality="FACTUAL" polarity="POS" type="EVIDENTIAL" />
<EVENT id="E11" start="1771" end="1777" text="showed" modality="FACTUAL" polarity="POS" type="EVIDENTIAL" />
<EVENT id="E12" start="834" end="840" text="showed" modality="FACTUAL" polarity="POS" type="EVIDENTIAL" />
<EVENT id="E13" start="1224" end="1229" text="found" modality="FACTUAL" polarity="POS" type="EVIDENTIAL" />
<EVENT id="E14" start="529" end="538" text="presented" modality="FACTUAL" polarity="POS" type="EVIDENTIAL" />
<EVENT id="E15" start="726" end="732" text="showed" modality="FACTUAL" polarity="POS" type="EVIDENTIAL" />
<EVENT id="E16" start="400" end="408" text="presents" modality="FACTUAL" polarity="POS" type="EVIDENTIAL" />
<EVENT id="E17" start="1331" end="1340" text="continued" modality="FACTUAL" polarity="POS" type="OCCURRENCE" />
<EVENT id="E18" start="3400" end="3401" text="A family meeting" modality="FACTUAL" polarity="POS" type="OCCURRENCE" />
<EVENT id="E19" start="1027" end="1028" text="a fall" modality="FACTUAL" polarity="POS" type="OCCURRENCE" />
<EVENT id="E20" start="3563" end="3576" text="spontaneously passed away" modality="FACTUAL" polarity="POS" type="OCCURRENCE" />
<EVENT id="E21" start="3382" end="3387" text="renal" modality="FACTUAL" polarity="POS" type="OCCURRENCE" />
<EVENT id="E22" start="3351" end="3362" text="improvement" modality="FACTUAL" polarity="POS" type="OCCURRENCE" />
<EVENT id="E23" start="3366" end="3369" text="his pulmonary" modality="FACTUAL" polarity="POS" type="OCCURRENCE" />
<EVENT id="E24" start="3021" end="3024" text="out" modality="FACTUAL" polarity="POS" type="OCCURRENCE" />
<EVENT id="E25" start="1180" end="1185" text="ruled out" modality="FACTUAL" polarity="POS" type="OCCURRENCE" />
<EVENT id="E26" start="529" end="538" text="presented" modality="FACTUAL" polarity="POS" type="OCCURRENCE" />
<EVENT id="E27" start="900" end="910" text="discharged" modality="FACTUAL" polarity="POS" type="OCCURRENCE" />
<EVENT id="E28" start="29" end="38" text="DISCHARGE" modality="FACTUAL" polarity="POS" type="OCCURRENCE" />
<EVENT id="E29" start="400" end="408" text="presents" modality="FACTUAL" polarity="POS" type="OCCURRENCE" />
<EVENT id="E30" start="1" end="10" text="ADMISSION" modality="FACTUAL" polarity="POS" type="OCCURRENCE" />
<EVENT id="E31" start="841" end="858" text="anteriordysplasia" modality="FACTUAL" polarity="POS" type="PROBLEM" />
<EVENT id="E32" start="810" end="817" text="varices" modality="FACTUAL" polarity="POS" type="PROBLEM" />
<EVENT id="E33" start="1039" end="1043" text="loss of consciousness" modality="FACTUAL" polarity="POS" type="PROBLEM" />
<EVENT id="E34" start="864" end="872" text="bleeding" modality="FACTUAL" polarity="POS" type="PROBLEM" />
<EVENT id="E35" start="733" end="742" text="gastritis" modality="FACTUAL" polarity="POS" type="PROBLEM" />
<EVENT id="E36" start="573" end="580" text="fatigue" modality="FACTUAL" polarity="POS" type="PROBLEM" />
<EVENT id="E37" start="770" end="776" text="portal hypertensive gastropathy" modality="FACTUAL" polarity="POS" type="PROBLEM" />
<EVENT id="E38" start="745" end="753" text="candidal esophagitis" modality="FACTUAL" polarity="POS" type="PROBLEM" />
<EVENT id="E39" start="444" end="453" text="pulmonary infiltrates" modality="FACTUAL" polarity="POS" type="PROBLEM" />
<EVENT id="E40" start="351" end="353" text="an upper gastrointestinal bleed" modality="FACTUAL" polarity="POS" type="PROBLEM" />
<EVENT id="E41" start="492" end="501" text="pulmonary hypertension" modality="FACTUAL" polarity="POS" type="PROBLEM" />
<EVENT id="E42" start="468" end="473" text="acute renal failure" modality="FACTUAL" polarity="POS" type="PROBLEM" />
<EVENT id="E43" start="260" end="269" text="hepatitis C" modality="FACTUAL" polarity="POS" type="PROBLEM" />
<EVENT id="E44" start="235" end="244" text="pulmonary hypertension" modality="FACTUAL" polarity="POS" type="PROBLEM" />
<EVENT id="E45" start="315" end="321" text="portal hypertension" modality="FACTUAL" polarity="POS" type="PROBLEM" />
<EVENT id="E46" start="281" end="290" text="cirrhosis" modality="FACTUAL" polarity="POS" type="PROBLEM" />
<EVENT id="E47" start="144" end="152" text="coronary artery disease" modality="FACTUAL" polarity="POS" type="PROBLEM" />
<EVENT id="E48" start="2000" end="2004" text="mild aortic stenosis" modality="FACTUAL" polarity="POS" type="PROBLEM" />
<EVENT id="E49" start="2023" end="2029" text="severe tricuspid regurgitation" modality="FACTUAL" polarity="POS" type="PROBLEM" />
<EVENT id="E50" start="1905" end="1911" text="septal hypokinesis and flattening" modality="FACTUAL" polarity="POS" type="PROBLEM" />
<EVENT id="E51" start="1958" end="1963" text="right ventricular apical clot" modality="FACTUAL" polarity="POS" type="PROBLEM" />
<EVENT id="E52" start="2221" end="2227" text="growth" modality="FACTUAL" polarity="POS" type="PROBLEM" />
<EVENT id="E53" start="2256" end="2266" text="myocardial infarction" modality="FACTUAL" polarity="POS" type="PROBLEM" />
<EVENT id="E54" start="2058" end="2067" text="increased pulmonary artery pressure" modality="FACTUAL" polarity="POS" type="PROBLEM" />
<EVENT id="E55" start="2144" end="2150" text="fairly severe pulmonary hypertension" modality="FACTUAL" polarity="POS" type="PROBLEM" />
<EVENT id="E56" start="2587" end="2591" text="left upper lung patchy infiltrates" modality="FACTUAL" polarity="POS" type="PROBLEM" />
<EVENT id="E57" start="2626" end="2631" text="right hemidiaphragm elevated" modality="FACTUAL" polarity="POS" type="PROBLEM" />
<EVENT id="E58" start="2456" end="2461" text="quite hypotensive" modality="FACTUAL" polarity="POS" type="PROBLEM" />
<EVENT id="E59" start="2542" end="2549" text="diffuse patchy infiltrates on left lung" modality="FACTUAL" polarity="POS" type="PROBLEM" />
<EVENT id="E60" start="2774" end="2779" text="blood" modality="FACTUAL" polarity="POS" type="PROBLEM" />
<EVENT id="E61" start="2782" end="2787" text="urine sediment" modality="FACTUAL" polarity="POS" type="PROBLEM" />
<EVENT id="E62" start="2673" end="2678" text="adult respiratory distress syndrome" modality="FACTUAL" polarity="POS" type="PROBLEM" />
<EVENT id="E63" start="2723" end="2732" text="pneumonia" modality="FACTUAL" polarity="POS" type="PROBLEM" />
<EVENT id="E64" start="1137" end="1142" text="cough" modality="FACTUAL" polarity="POS" type="PROBLEM" />
<EVENT id="E65" start="1113" end="1122" text="shortness of breath" modality="FACTUAL" polarity="POS" type="PROBLEM" />
<EVENT id="E66" start="1096" end="1105" text="pleuritic pain" modality="FACTUAL" polarity="POS" type="PROBLEM" />
<EVENT id="E67" start="1072" end="1082" text="substernal chest pain" modality="FACTUAL" polarity="POS" type="PROBLEM" />
<EVENT id="E68" start="1435" end="1445" text="congestive heart failure" modality="FACTUAL" polarity="POS" type="PROBLEM" />
<EVENT id="E69" start="1269" end="1278" text="pneumonia" modality="FACTUAL" polarity="POS" type="PROBLEM" />
<EVENT id="E70" start="1238" end="1239" text="a left lower lobe infiltrate" modality="FACTUAL" polarity="POS" type="PROBLEM" />
<EVENT id="E71" start="1194" end="1204" text="myocardial infarction" modality="FACTUAL" polarity="POS" type="PROBLEM" />
<EVENT id="E72" start="1596" end="1601" text="acute renal insufficiency" modality="FACTUAL" polarity="POS" type="PROBLEM" />
<EVENT id="E73" start="1537" end="1546" text="expanding pulmonary infiltrates" modality="FACTUAL" polarity="POS" type="PROBLEM" />
<EVENT id="E74" start="1483" end="1490" text="hypoxic" modality="FACTUAL" polarity="POS" type="PROBLEM" />
<EVENT id="E75" start="1469" end="1480" text="hypotensive" modality="FACTUAL" polarity="POS" type="PROBLEM" />
<EVENT id="E76" start="1864" end="1870" text="severe right ventricular dilatation" modality="FACTUAL" polarity="POS" type="PROBLEM" />
<EVENT id="E77" start="1778" end="1788" text="concentric left ventricular hypertrophy" modality="FACTUAL" polarity="POS" type="PROBLEM" />
<EVENT id="E78" start="1700" end="1711" text="hemodynamic instability" modality="FACTUAL" polarity="POS" type="PROBLEM" />
<EVENT id="E79" start="1627" end="1634" text="minimal urine output" modality="FACTUAL" polarity="POS" type="PROBLEM" />
<EVENT id="E80" start="2822" end="2832" text="dysmorphic cells" modality="FACTUAL" polarity="POS" type="PROBLEM" />
<EVENT id="E81" start="2801" end="2807" text="active" modality="FACTUAL" polarity="POS" type="PROBLEM" />
<EVENT id="E82" start="2862" end="2863" text="1+ albumin" modality="FACTUAL" polarity="POS" type="PROBLEM" />
<EVENT id="E83" start="2841" end="2844" text="red cell casts" modality="FACTUAL" polarity="POS" type="PROBLEM" />
<EVENT id="E84" start="3082" end="3087" text="fresh blood" modality="FACTUAL" polarity="POS" type="PROBLEM" />
<EVENT id="E85" start="2878" end="2882" text="mild protein uria" modality="FACTUAL" polarity="POS" type="PROBLEM" />
<EVENT id="E86" start="3196" end="3205" text="pulmonary-renal syndrome" modality="FACTUAL" polarity="POS" type="PROBLEM" />
<EVENT id="E87" start="3101" end="3104" text="old clot" modality="FACTUAL" polarity="POS" type="PROBLEM" />
<EVENT id="E88" start="3317" end="3328" text="significant complications" modality="FACTUAL" polarity="POS" type="PROBLEM" />
<EVENT id="E89" start="3034" end="3035" text="a bronchoscopy" modality="FACTUAL" polarity="POS" type="TEST" />
<EVENT id="E90" start="2991" end="3000" text="hepatitis C cryoglobulin" modality="FACTUAL" polarity="POS" type="TEST" />
<EVENT id="E91" start="2972" end="2977" text="renal ultrasound" modality="FACTUAL" polarity="POS" type="TEST" />
<EVENT id="E92" start="2965" end="2969" text="SPEP" modality="FACTUAL" polarity="POS" type="TEST" />
<EVENT id="E93" start="2958" end="2962" text="UPEP" modality="FACTUAL" polarity="POS" type="TEST" />
<EVENT id="E94" start="2952" end="2955" text="ANA" modality="FACTUAL" polarity="POS" type="TEST" />
<EVENT id="E95" start="2932" end="2949" text="anti-streptolycin" modality="FACTUAL" polarity="POS" type="TEST" />
<EVENT id="E96" start="2921" end="2929" text="anti-GBM" modality="FACTUAL" polarity="POS" type="TEST" />
<EVENT id="E97" start="2914" end="2918" text="ANCA" modality="FACTUAL" polarity="POS" type="TEST" />
<EVENT id="E98" start="2735" end="2736" text="A urinalysis" modality="FACTUAL" polarity="POS" type="TEST" />
<EVENT id="E99" start="2519" end="2522" text="His chest x-ray" modality="FACTUAL" polarity="POS" type="TEST" />
<EVENT id="E100" start="2360" end="2367" text="further work up" modality="FACTUAL" polarity="POS" type="TEST" />
<EVENT id="E101" start="2288" end="2296" text="creatine kinases" modality="FACTUAL" polarity="POS" type="TEST" />
<EVENT id="E102" start="1726" end="1728" text="An echocardiogram" modality="FACTUAL" polarity="POS" type="TEST" />
<EVENT id="E103" start="2183" end="2188" text="Blood cultures" modality="FACTUAL" polarity="POS" type="TEST" />
<EVENT id="E104" start="820" end="821" text="A colonoscopy" modality="FACTUAL" polarity="POS" type="TEST" />
<EVENT id="E105" start="1572" end="1577" text="chest x-ray" modality="FACTUAL" polarity="POS" type="TEST" />
<EVENT id="E106" start="606" end="607" text="a hematocrit" modality="FACTUAL" polarity="POS" type="TEST" />
<EVENT id="E107" start="682" end="684" text="an esophagogastroduodenoscopy" modality="FACTUAL" polarity="POS" type="TEST" />
<EVENT id="E108" start="433" end="437" text="work up" modality="FACTUAL" polarity="POS" type="TEST" />
<EVENT id="E109" start="1495" end="1504" text="intubated" modality="FACTUAL" polarity="POS" type="TREATMENT" />
<EVENT id="E110" start="3520" end="3523" text="the ventilator" modality="FACTUAL" polarity="POS" type="TREATMENT" />
<EVENT id="E111" start="3511" end="3515" text="CVVH" modality="FACTUAL" polarity="POS" type="TREATMENT" />
<EVENT id="E112" start="3487" end="3494" text="comfort care" modality="FACTUAL" polarity="POS" type="TREATMENT" />
<EVENT id="E113" start="3135" end="3139" text="line" modality="FACTUAL" polarity="POS" type="TREATMENT" />
<EVENT id="E114" start="3299" end="3303" text="CVVH" modality="FACTUAL" polarity="POS" type="TREATMENT" />
<EVENT id="E115" start="2486" end="2494" text="dopamine" modality="FACTUAL" polarity="POS" type="TREATMENT" />
<EVENT id="E116" start="2506" end="2510" text="Levo" modality="FACTUAL" polarity="POS" type="TREATMENT" />
<EVENT id="E117" start="1687" end="1695" text="dopamine" modality="FACTUAL" polarity="POS" type="TREATMENT" />
<EVENT id="E118" start="1364" end="1374" text="aggressive chest physical therapy" modality="FACTUAL" polarity="POS" type="TREATMENT" />
<EVENT id="E119" start="1425" end="1430" text="Lasix" modality="FACTUAL" polarity="POS" type="TREATMENT" />
<EVENT id="E120" start="929" end="933" text="iron sulfate" modality="FACTUAL" polarity="POS" type="TREATMENT" />
<EVENT id="E121" start="1292" end="1302" text="cefuroxime" modality="FACTUAL" polarity="POS" type="TREATMENT" />
<EVENT id="E122" start="182" end="183" text="a four vessel coronary artery bypass graft" modality="FACTUAL" polarity="POS" type="TREATMENT" />
<EVENT id="E123" start="668" end="671" text="two units" modality="FACTUAL" polarity="POS" type="TREATMENT" />
<TIMEX3 id="T1" start="1760" end="1761" text="4-26" type="DATE" val="1998-04-26" mod="NA" />
<TIMEX3 id="T2" start="1666" end="1668" text="an hour" type="DURATION" val="PT1H" mod="NA" />
<TIMEX3 id="T3" start="3592" end="3593" text="5-2-98 , at 4:55 p.m." type="TIME" val="1998-05-02T16:55" mod="NA" />
<TIMEX3 id="T4" start="3429" end="3430" text="5-2-98" type="DATE" val="1998-05-02" mod="NA" />
<TIMEX3 id="T5" start="386" end="387" text="4-10-98" type="DATE" val="1998-04-10" mod="NA" />
<TIMEX3 id="T6" start="228" end="232" text="1983" type="DATE" val="1983" mod="NA" />
<TIMEX3 id="T7" start="917" end="920" text="one week" type="DURATION" val="P1W" mod="NA" />
<TIMEX3 id="T8" start="560" end="561" text="4-10-98" type="DATE" val="1998-04-10" mod="NA" />
<TIMEX3 id="T9" start="46" end="48" text="05/02/1998" type="DATE" val="1998-05-02" mod="NA" />
<TIMEX3 id="T10" start="18" end="20" text="04/27/1998" type="DATE" val="1998-04-27" mod="NA" />
<SECTIME id="S0" start="17" end="19" text="04/27/1998" type="ADMISSION" dvalue="1998-04-27" />
<SECTIME id="S1" start="45" end="47" text="05/02/1998" type="DISCHARGE" dvalue="1998-05-02" />
<TLINK id="TL0" fromID="E29" fromText="presents" toID="E2" toText="Sondi Memorial" type="AFTER" />
<TLINK id="TL2" fromID="E2" fromText="Sondi Memorial" toID="E39" toText="pulmonary infiltrates" type="AFTER" />
<TLINK id="TL3" fromID="E40" fromText="an upper gastrointestinal bleed" toID="E2" toText="Sondi Memorial" type="AFTER" />
<TLINK id="TL4" fromID="E2" fromText="Sondi Memorial" toID="E41" toText="pulmonary hypertension" type="AFTER" />
<TLINK id="TL5" fromID="E2" fromText="Sondi Memorial" toID="E42" toText="acute renal failure" type="AFTER" />
<TLINK id="TL6" fromID="E43" fromText="hepatitis C" toID="E2" toText="Sondi Memorial" type="AFTER" />
<TLINK id="TL7" fromID="E44" fromText="pulmonary hypertension" toID="E2" toText="Sondi Memorial" type="AFTER" />
<TLINK id="TL8" fromID="E45" fromText="portal hypertension" toID="E2" toText="Sondi Memorial" type="AFTER" />
<TLINK id="TL9" fromID="E46" fromText="cirrhosis" toID="E2" toText="Sondi Memorial" type="AFTER" />
<TLINK id="TL10" fromID="E47" fromText="coronary artery disease" toID="E2" toText="Sondi Memorial" type="AFTER" />
<TLINK id="TL11" fromID="E2" fromText="Sondi Memorial" toID="E108" toText="work up" type="OVERLAP" />
<TLINK id="TL12" fromID="E122" fromText="a four vessel coronary artery bypass graft" toID="E2" toText="Sondi Memorial" type="AFTER" />
<TLINK id="TL13" fromID="E29" fromText="presents" toID="E29" toText="presents" type="OVERLAP" />
<TLINK id="TL14" fromID="E29" fromText="presents" toID="E39" toText="pulmonary infiltrates" type="AFTER" />
<TLINK id="TL15" fromID="E40" fromText="an upper gastrointestinal bleed" toID="E29" toText="presents" type="AFTER" />
<TLINK id="TL16" fromID="E29" fromText="presents" toID="E41" toText="pulmonary hypertension" type="AFTER" />
<TLINK id="TL17" fromID="E29" fromText="presents" toID="E42" toText="acute renal failure" type="AFTER" />
<TLINK id="TL18" fromID="E43" fromText="hepatitis C" toID="E29" toText="presents" type="AFTER" />
<TLINK id="TL19" fromID="E44" fromText="pulmonary hypertension" toID="E29" toText="presents" type="AFTER" />
<TLINK id="TL20" fromID="E45" fromText="portal hypertension" toID="E29" toText="presents" type="AFTER" />
<TLINK id="TL21" fromID="E46" fromText="cirrhosis" toID="E29" toText="presents" type="AFTER" />
<TLINK id="TL22" fromID="E47" fromText="coronary artery disease" toID="E29" toText="presents" type="AFTER" />
<TLINK id="TL23" fromID="E29" fromText="presents" toID="E108" toText="work up" type="AFTER" />
<TLINK id="TL24" fromID="E122" fromText="a four vessel coronary artery bypass graft" toID="E29" toText="presents" type="AFTER" />
<TLINK id="TL36" fromID="E40" fromText="an upper gastrointestinal bleed" toID="E39" toText="pulmonary infiltrates" type="OVERLAP" />
<TLINK id="TL37" fromID="E39" fromText="pulmonary infiltrates" toID="E41" toText="pulmonary hypertension" type="OVERLAP" />
<TLINK id="TL38" fromID="E39" fromText="pulmonary infiltrates" toID="E42" toText="acute renal failure" type="OVERLAP" />
<TLINK id="TL39" fromID="E43" fromText="hepatitis C" toID="E39" toText="pulmonary infiltrates" type="OVERLAP" />
<TLINK id="TL40" fromID="E44" fromText="pulmonary hypertension" toID="E39" toText="pulmonary infiltrates" type="OVERLAP" />
<TLINK id="TL41" fromID="E45" fromText="portal hypertension" toID="E39" toText="pulmonary infiltrates" type="OVERLAP" />
<TLINK id="TL42" fromID="E46" fromText="cirrhosis" toID="E39" toText="pulmonary infiltrates" type="OVERLAP" />
<TLINK id="TL43" fromID="E47" fromText="coronary artery disease" toID="E39" toText="pulmonary infiltrates" type="OVERLAP" />
<TLINK id="TL44" fromID="E108" fromText="work up" toID="E39" toText="pulmonary infiltrates" type="AFTER" />
<TLINK id="TL45" fromID="E122" fromText="a four vessel coronary artery bypass graft" toID="E39" toText="pulmonary infiltrates" type="AFTER" />
<TLINK id="TL46" fromID="E40" fromText="an upper gastrointestinal bleed" toID="E41" toText="pulmonary hypertension" type="OVERLAP" />
<TLINK id="TL47" fromID="E40" fromText="an upper gastrointestinal bleed" toID="E42" toText="acute renal failure" type="OVERLAP" />
<TLINK id="TL48" fromID="E43" fromText="hepatitis C" toID="E40" toText="an upper gastrointestinal bleed" type="OVERLAP" />
<TLINK id="TL49" fromID="E44" fromText="pulmonary hypertension" toID="E40" toText="an upper gastrointestinal bleed" type="OVERLAP" />
<TLINK id="TL50" fromID="E45" fromText="portal hypertension" toID="E40" toText="an upper gastrointestinal bleed" type="OVERLAP" />
<TLINK id="TL51" fromID="E46" fromText="cirrhosis" toID="E40" toText="an upper gastrointestinal bleed" type="OVERLAP" />
<TLINK id="TL52" fromID="E47" fromText="coronary artery disease" toID="E40" toText="an upper gastrointestinal bleed" type="OVERLAP" />
<TLINK id="TL53" fromID="E40" fromText="an upper gastrointestinal bleed" toID="E108" toText="work up" type="AFTER" />
<TLINK id="TL54" fromID="E122" fromText="a four vessel coronary artery bypass graft" toID="E40" toText="an upper gastrointestinal bleed" type="AFTER" />
<TLINK id="TL55" fromID="E42" fromText="acute renal failure" toID="E41" toText="pulmonary hypertension" type="OVERLAP" />
<TLINK id="TL56" fromID="E43" fromText="hepatitis C" toID="E41" toText="pulmonary hypertension" type="OVERLAP" />
<TLINK id="TL57" fromID="E44" fromText="pulmonary hypertension" toID="E41" toText="pulmonary hypertension" type="OVERLAP" />
<TLINK id="TL58" fromID="E45" fromText="portal hypertension" toID="E41" toText="pulmonary hypertension" type="OVERLAP" />
<TLINK id="TL59" fromID="E46" fromText="cirrhosis" toID="E41" toText="pulmonary hypertension" type="OVERLAP" />
<TLINK id="TL60" fromID="E47" fromText="coronary artery disease" toID="E41" toText="pulmonary hypertension" type="OVERLAP" />
<TLINK id="TL61" fromID="E108" fromText="work up" toID="E41" toText="pulmonary hypertension" type="AFTER" />
<TLINK id="TL62" fromID="E122" fromText="a four vessel coronary artery bypass graft" toID="E41" toText="pulmonary hypertension" type="AFTER" />
<TLINK id="TL63" fromID="E43" fromText="hepatitis C" toID="E42" toText="acute renal failure" type="OVERLAP" />
<TLINK id="TL64" fromID="E44" fromText="pulmonary hypertension" toID="E42" toText="acute renal failure" type="OVERLAP" />
<TLINK id="TL65" fromID="E45" fromText="portal hypertension" toID="E42" toText="acute renal failure" type="OVERLAP" />
<TLINK id="TL66" fromID="E46" fromText="cirrhosis" toID="E42" toText="acute renal failure" type="OVERLAP" />
<TLINK id="TL67" fromID="E47" fromText="coronary artery disease" toID="E42" toText="acute renal failure" type="OVERLAP" />
<TLINK id="TL68" fromID="E108" fromText="work up" toID="E42" toText="acute renal failure" type="AFTER" />
<TLINK id="TL69" fromID="E122" fromText="a four vessel coronary artery bypass graft" toID="E42" toText="acute renal failure" type="AFTER" />
<TLINK id="TL70" fromID="E44" fromText="pulmonary hypertension" toID="E43" toText="hepatitis C" type="OVERLAP" />
<TLINK id="TL71" fromID="E43" fromText="hepatitis C" toID="E45" toText="portal hypertension" type="OVERLAP" />
<TLINK id="TL72" fromID="E43" fromText="hepatitis C" toID="E46" toText="cirrhosis" type="OVERLAP" />
<TLINK id="TL73" fromID="E47" fromText="coronary artery disease" toID="E43" toText="hepatitis C" type="OVERLAP" />
<TLINK id="TL74" fromID="E43" fromText="hepatitis C" toID="E108" toText="work up" type="AFTER" />
<TLINK id="TL75" fromID="E122" fromText="a four vessel coronary artery bypass graft" toID="E43" toText="hepatitis C" type="AFTER" />
<TLINK id="TL76" fromID="E44" fromText="pulmonary hypertension" toID="E45" toText="portal hypertension" type="OVERLAP" />
<TLINK id="TL77" fromID="E44" fromText="pulmonary hypertension" toID="E46" toText="cirrhosis" type="OVERLAP" />
<TLINK id="TL78" fromID="E47" fromText="coronary artery disease" toID="E44" toText="pulmonary hypertension" type="OVERLAP" />
<TLINK id="TL79" fromID="E44" fromText="pulmonary hypertension" toID="E108" toText="work up" type="AFTER" />
<TLINK id="TL80" fromID="E122" fromText="a four vessel coronary artery bypass graft" toID="E44" toText="pulmonary hypertension" type="AFTER" />
<TLINK id="TL81" fromID="E46" fromText="cirrhosis" toID="E45" toText="portal hypertension" type="OVERLAP" />
<TLINK id="TL82" fromID="E47" fromText="coronary artery disease" toID="E45" toText="portal hypertension" type="OVERLAP" />
<TLINK id="TL83" fromID="E45" fromText="portal hypertension" toID="E108" toText="work up" type="AFTER" />
<TLINK id="TL84" fromID="E122" fromText="a four vessel coronary artery bypass graft" toID="E45" toText="portal hypertension" type="AFTER" />
<TLINK id="TL85" fromID="E47" fromText="coronary artery disease" toID="E46" toText="cirrhosis" type="OVERLAP" />
<TLINK id="TL86" fromID="E46" fromText="cirrhosis" toID="E108" toText="work up" type="AFTER" />
<TLINK id="TL87" fromID="E122" fromText="a four vessel coronary artery bypass graft" toID="E46" toText="cirrhosis" type="AFTER" />
<TLINK id="TL88" fromID="E47" fromText="coronary artery disease" toID="E108" toText="work up" type="AFTER" />
<TLINK id="TL89" fromID="E47" fromText="coronary artery disease" toID="E122" toText="a four vessel coronary artery bypass graft" type="AFTER" />
<TLINK id="TL90" fromID="E122" fromText="a four vessel coronary artery bypass graft" toID="E108" toText="work up" type="AFTER" />
<TLINK id="TL91" fromID="E26" fromText="presented" toID="E4" toText="Sondi Memorial" type="AFTER" />
<TLINK id="TL93" fromID="E4" fromText="Sondi Memorial" toID="E36" toText="fatigue" type="AFTER" />
<TLINK id="TL94" fromID="E4" fromText="Sondi Memorial" toID="E106" toText="a hematocrit" type="OVERLAP" />
<TLINK id="TL95" fromID="E26" fromText="presented" toID="E26" toText="presented" type="OVERLAP" />
<TLINK id="TL96" fromID="E26" fromText="presented" toID="E36" toText="fatigue" type="AFTER" />
<TLINK id="TL97" fromID="E26" fromText="presented" toID="E106" toText="a hematocrit" type="AFTER" />
<TLINK id="TL100" fromID="E36" fromText="fatigue" toID="E106" toText="a hematocrit" type="AFTER" />
<TLINK id="TL101" fromID="E15" fromText="showed" toID="E32" toText="varices" type="AFTER" />
<TLINK id="TL102" fromID="E15" fromText="showed" toID="E35" toText="gastritis" type="BEFORE" />
<TLINK id="TL103" fromID="E15" fromText="showed" toID="E37" toText="portal hypertensive gastropathy" type="AFTER" />
<TLINK id="TL104" fromID="E15" fromText="showed" toID="E38" toText="candidal esophagitis" type="AFTER" />
<TLINK id="TL105" fromID="E107" fromText="an esophagogastroduodenoscopy" toID="E15" toText="showed" type="OVERLAP" />
<TLINK id="TL106" fromID="E123" fromText="two units" toID="E15" toText="showed" type="AFTER" />
<TLINK id="TL107" fromID="E35" fromText="gastritis" toID="E32" toText="varices" type="OVERLAP" />
<TLINK id="TL108" fromID="E37" fromText="portal hypertensive gastropathy" toID="E32" toText="varices" type="OVERLAP" />
<TLINK id="TL109" fromID="E38" fromText="candidal esophagitis" toID="E32" toText="varices" type="OVERLAP" />
<TLINK id="TL110" fromID="E107" fromText="an esophagogastroduodenoscopy" toID="E32" toText="varices" type="AFTER" />
<TLINK id="TL111" fromID="E123" fromText="two units" toID="E32" toText="varices" type="AFTER" />
<TLINK id="TL112" fromID="E35" fromText="gastritis" toID="E37" toText="portal hypertensive gastropathy" type="OVERLAP" />
<TLINK id="TL113" fromID="E35" fromText="gastritis" toID="E38" toText="candidal esophagitis" type="OVERLAP" />
<TLINK id="TL114" fromID="E107" fromText="an esophagogastroduodenoscopy" toID="E35" toText="gastritis" type="AFTER" />
<TLINK id="TL115" fromID="E123" fromText="two units" toID="E35" toText="gastritis" type="AFTER" />
<TLINK id="TL116" fromID="E38" fromText="candidal esophagitis" toID="E37" toText="portal hypertensive gastropathy" type="OVERLAP" />
<TLINK id="TL117" fromID="E107" fromText="an esophagogastroduodenoscopy" toID="E37" toText="portal hypertensive gastropathy" type="AFTER" />
<TLINK id="TL118" fromID="E123" fromText="two units" toID="E37" toText="portal hypertensive gastropathy" type="AFTER" />
<TLINK id="TL119" fromID="E107" fromText="an esophagogastroduodenoscopy" toID="E38" toText="candidal esophagitis" type="AFTER" />
<TLINK id="TL120" fromID="E123" fromText="two units" toID="E38" toText="candidal esophagitis" type="AFTER" />
<TLINK id="TL121" fromID="E123" fromText="two units" toID="E107" toText="an esophagogastroduodenoscopy" type="AFTER" />
<TLINK id="TL122" fromID="E12" fromText="showed" toID="E31" toText="anteriordysplasia" type="BEFORE" />
<TLINK id="TL123" fromID="E12" fromText="showed" toID="E34" toText="bleeding" type="OVERLAP" />
<TLINK id="TL124" fromID="E104" fromText="A colonoscopy" toID="E12" toText="showed" type="OVERLAP" />
<TLINK id="TL125" fromID="E31" fromText="anteriordysplasia" toID="E34" toText="bleeding" type="OVERLAP" />
<TLINK id="TL126" fromID="E104" fromText="A colonoscopy" toID="E31" toText="anteriordysplasia" type="BEFORE" />
<TLINK id="TL127" fromID="E104" fromText="A colonoscopy" toID="E34" toText="bleeding" type="BEFORE" />
<TLINK id="TL128" fromID="E27" fromText="discharged" toID="E120" toText="iron sulfate" type="OVERLAP" />
<TLINK id="TL129" fromID="E3" fromText="Sondi" toID="E19" toText="a fall" type="AFTER" />
<TLINK id="TL130" fromID="E3" fromText="Sondi" toID="E33" toText="loss of consciousness" type="OVERLAP" />
<TLINK id="TL131" fromID="E3" fromText="Sondi" toID="E64" toText="cough" type="AFTER" />
<TLINK id="TL132" fromID="E3" fromText="Sondi" toID="E65" toText="shortness of breath" type="AFTER" />
<TLINK id="TL133" fromID="E3" fromText="Sondi" toID="E66" toText="pleuritic pain" type="AFTER" />
<TLINK id="TL134" fromID="E3" fromText="Sondi" toID="E67" toText="substernal chest pain" type="AFTER" />
<TLINK id="TL135" fromID="E19" fromText="a fall" toID="E33" toText="loss of consciousness" type="OVERLAP" />
<TLINK id="TL136" fromID="E19" fromText="a fall" toID="E64" toText="cough" type="AFTER" />
<TLINK id="TL137" fromID="E19" fromText="a fall" toID="E65" toText="shortness of breath" type="AFTER" />
<TLINK id="TL138" fromID="E19" fromText="a fall" toID="E66" toText="pleuritic pain" type="AFTER" />
<TLINK id="TL139" fromID="E19" fromText="a fall" toID="E67" toText="substernal chest pain" type="AFTER" />
<TLINK id="TL140" fromID="E33" fromText="loss of consciousness" toID="E64" toText="cough" type="OVERLAP" />
<TLINK id="TL141" fromID="E33" fromText="loss of consciousness" toID="E65" toText="shortness of breath" type="OVERLAP" />
<TLINK id="TL142" fromID="E33" fromText="loss of consciousness" toID="E66" toText="pleuritic pain" type="OVERLAP" />
<TLINK id="TL143" fromID="E33" fromText="loss of consciousness" toID="E67" toText="substernal chest pain" type="OVERLAP" />
<TLINK id="TL144" fromID="E65" fromText="shortness of breath" toID="E64" toText="cough" type="OVERLAP" />
<TLINK id="TL145" fromID="E66" fromText="pleuritic pain" toID="E64" toText="cough" type="OVERLAP" />
<TLINK id="TL146" fromID="E67" fromText="substernal chest pain" toID="E64" toText="cough" type="OVERLAP" />
<TLINK id="TL147" fromID="E66" fromText="pleuritic pain" toID="E65" toText="shortness of breath" type="OVERLAP" />
<TLINK id="TL148" fromID="E67" fromText="substernal chest pain" toID="E65" toText="shortness of breath" type="OVERLAP" />
<TLINK id="TL149" fromID="E67" fromText="substernal chest pain" toID="E66" toText="pleuritic pain" type="OVERLAP" />
<TLINK id="TL150" fromID="E6" fromText="Sondi Memorial" toID="E13" toText="found" type="AFTER" />
<TLINK id="TL151" fromID="E6" fromText="Sondi Memorial" toID="E25" toText="ruled out" type="AFTER" />
<TLINK id="TL152" fromID="E6" fromText="Sondi Memorial" toID="E69" toText="pneumonia" type="AFTER" />
<TLINK id="TL153" fromID="E6" fromText="Sondi Memorial" toID="E70" toText="a left lower lobe infiltrate" type="AFTER" />
<TLINK id="TL154" fromID="E6" fromText="Sondi Memorial" toID="E71" toText="myocardial infarction" type="AFTER" />
<TLINK id="TL155" fromID="E6" fromText="Sondi Memorial" toID="E121" toText="cefuroxime" type="OVERLAP" />
<TLINK id="TL156" fromID="E25" fromText="ruled out" toID="E13" toText="found" type="AFTER" />
<TLINK id="TL157" fromID="E13" fromText="found" toID="E69" toText="pneumonia" type="AFTER" />
<TLINK id="TL158" fromID="E13" fromText="found" toID="E70" toText="a left lower lobe infiltrate" type="BEFORE" />
<TLINK id="TL159" fromID="E71" fromText="myocardial infarction" toID="E13" toText="found" type="AFTER" />
<TLINK id="TL160" fromID="E13" fromText="found" toID="E121" toText="cefuroxime" type="OVERLAP" />
<TLINK id="TL161" fromID="E25" fromText="ruled out" toID="E69" toText="pneumonia" type="AFTER" />
<TLINK id="TL162" fromID="E25" fromText="ruled out" toID="E70" toText="a left lower lobe infiltrate" type="AFTER" />
<TLINK id="TL163" fromID="E25" fromText="ruled out" toID="E71" toText="myocardial infarction" type="AFTER" />
<TLINK id="TL164" fromID="E25" fromText="ruled out" toID="E121" toText="cefuroxime" type="OVERLAP" />
<TLINK id="TL165" fromID="E70" fromText="a left lower lobe infiltrate" toID="E69" toText="pneumonia" type="OVERLAP" />
<TLINK id="TL166" fromID="E71" fromText="myocardial infarction" toID="E69" toText="pneumonia" type="OVERLAP" />
<TLINK id="TL167" fromID="E69" fromText="pneumonia" toID="E121" toText="cefuroxime" type="OVERLAP" />
<TLINK id="TL168" fromID="E71" fromText="myocardial infarction" toID="E70" toText="a left lower lobe infiltrate" type="OVERLAP" />
<TLINK id="TL169" fromID="E70" fromText="a left lower lobe infiltrate" toID="E121" toText="cefuroxime" type="OVERLAP" />
<TLINK id="TL170" fromID="E71" fromText="myocardial infarction" toID="E121" toText="cefuroxime" type="OVERLAP" />
<TLINK id="TL171" fromID="E17" fromText="continued" toID="E68" toText="congestive heart failure" type="AFTER" />
<TLINK id="TL172" fromID="E17" fromText="continued" toID="E74" toText="hypoxic" type="AFTER" />
<TLINK id="TL173" fromID="E17" fromText="continued" toID="E75" toText="hypotensive" type="AFTER" />
<TLINK id="TL174" fromID="E17" fromText="continued" toID="E109" toText="intubated" type="AFTER" />
<TLINK id="TL175" fromID="E17" fromText="continued" toID="E118" toText="aggressive chest physical therapy" type="AFTER" />
<TLINK id="TL176" fromID="E17" fromText="continued" toID="E119" toText="Lasix" type="AFTER" />
<TLINK id="TL177" fromID="E68" fromText="congestive heart failure" toID="E74" toText="hypoxic" type="OVERLAP" />
<TLINK id="TL178" fromID="E68" fromText="congestive heart failure" toID="E75" toText="hypotensive" type="OVERLAP" />
<TLINK id="TL179" fromID="E68" fromText="congestive heart failure" toID="E109" toText="intubated" type="AFTER" />
<TLINK id="TL180" fromID="E118" fromText="aggressive chest physical therapy" toID="E68" toText="congestive heart failure" type="AFTER" />
<TLINK id="TL181" fromID="E119" fromText="Lasix" toID="E68" toText="congestive heart failure" type="AFTER" />
<TLINK id="TL182" fromID="E75" fromText="hypotensive" toID="E74" toText="hypoxic" type="OVERLAP" />
<TLINK id="TL183" fromID="E74" fromText="hypoxic" toID="E109" toText="intubated" type="AFTER" />
<TLINK id="TL184" fromID="E118" fromText="aggressive chest physical therapy" toID="E74" toText="hypoxic" type="AFTER" />
<TLINK id="TL185" fromID="E119" fromText="Lasix" toID="E74" toText="hypoxic" type="AFTER" />
<TLINK id="TL186" fromID="E75" fromText="hypotensive" toID="E109" toText="intubated" type="AFTER" />
<TLINK id="TL187" fromID="E118" fromText="aggressive chest physical therapy" toID="E75" toText="hypotensive" type="AFTER" />
<TLINK id="TL188" fromID="E119" fromText="Lasix" toID="E75" toText="hypotensive" type="AFTER" />
<TLINK id="TL189" fromID="E118" fromText="aggressive chest physical therapy" toID="E109" toText="intubated" type="OVERLAP" />
<TLINK id="TL190" fromID="E119" fromText="Lasix" toID="E109" toText="intubated" type="OVERLAP" />
<TLINK id="TL191" fromID="E118" fromText="aggressive chest physical therapy" toID="E119" toText="Lasix" type="OVERLAP" />
<TLINK id="TL192" fromID="E10" fromText="found" toID="E72" toText="acute renal insufficiency" type="AFTER" />
<TLINK id="TL193" fromID="E10" fromText="found" toID="E73" toText="expanding pulmonary infiltrates" type="BEFORE" />
<TLINK id="TL194" fromID="E10" fromText="found" toID="E78" toText="hemodynamic instability" type="AFTER" />
<TLINK id="TL195" fromID="E10" fromText="found" toID="E79" toText="minimal urine output" type="AFTER" />
<TLINK id="TL196" fromID="E10" fromText="found" toID="E105" toText="chest x-ray" type="AFTER" />
<TLINK id="TL197" fromID="E10" fromText="found" toID="E117" toText="dopamine" type="OVERLAP" />
<TLINK id="TL198" fromID="E73" fromText="expanding pulmonary infiltrates" toID="E72" toText="acute renal insufficiency" type="OVERLAP" />
<TLINK id="TL199" fromID="E72" fromText="acute renal insufficiency" toID="E78" toText="hemodynamic instability" type="OVERLAP" />
<TLINK id="TL200" fromID="E72" fromText="acute renal insufficiency" toID="E79" toText="minimal urine output" type="OVERLAP" />
<TLINK id="TL201" fromID="E105" fromText="chest x-ray" toID="E72" toText="acute renal insufficiency" type="AFTER" />
<TLINK id="TL202" fromID="E72" fromText="acute renal insufficiency" toID="E117" toText="dopamine" type="OVERLAP" />
<TLINK id="TL203" fromID="E73" fromText="expanding pulmonary infiltrates" toID="E78" toText="hemodynamic instability" type="OVERLAP" />
<TLINK id="TL204" fromID="E73" fromText="expanding pulmonary infiltrates" toID="E79" toText="minimal urine output" type="OVERLAP" />
<TLINK id="TL205" fromID="E73" fromText="expanding pulmonary infiltrates" toID="E105" toText="chest x-ray" type="AFTER" />
<TLINK id="TL206" fromID="E73" fromText="expanding pulmonary infiltrates" toID="E117" toText="dopamine" type="OVERLAP" />
<TLINK id="TL207" fromID="E79" fromText="minimal urine output" toID="E78" toText="hemodynamic instability" type="OVERLAP" />
<TLINK id="TL208" fromID="E105" fromText="chest x-ray" toID="E78" toText="hemodynamic instability" type="AFTER" />
<TLINK id="TL209" fromID="E117" fromText="dopamine" toID="E78" toText="hemodynamic instability" type="OVERLAP" />
<TLINK id="TL210" fromID="E105" fromText="chest x-ray" toID="E79" toText="minimal urine output" type="AFTER" />
<TLINK id="TL211" fromID="E79" fromText="minimal urine output" toID="E117" toText="dopamine" type="OVERLAP" />
<TLINK id="TL212" fromID="E105" fromText="chest x-ray" toID="E117" toText="dopamine" type="OVERLAP" />
<TLINK id="TL213" fromID="E7" fromText="showed" toID="E48" toText="mild aortic stenosis" type="AFTER" />
<TLINK id="TL214" fromID="E7" fromText="showed" toID="E49" toText="severe tricuspid regurgitation" type="AFTER" />
<TLINK id="TL215" fromID="E7" fromText="showed" toID="E50" toText="septal hypokinesis and flattening" type="AFTER" />
<TLINK id="TL216" fromID="E7" fromText="showed" toID="E51" toText="right ventricular apical clot" type="AFTER" />
<TLINK id="TL217" fromID="E7" fromText="showed" toID="E54" toText="increased pulmonary artery pressure" type="AFTER" />
<TLINK id="TL218" fromID="E7" fromText="showed" toID="E55" toText="fairly severe pulmonary hypertension" type="AFTER" />
<TLINK id="TL219" fromID="E7" fromText="showed" toID="E76" toText="severe right ventricular dilatation" type="AFTER" />
<TLINK id="TL220" fromID="E7" fromText="showed" toID="E77" toText="concentric left ventricular hypertrophy" type="BEFORE" />
<TLINK id="TL221" fromID="E102" fromText="An echocardiogram" toID="E7" toText="showed" type="OVERLAP" />
<TLINK id="TL222" fromID="E48" fromText="mild aortic stenosis" toID="E49" toText="severe tricuspid regurgitation" type="OVERLAP" />
<TLINK id="TL223" fromID="E50" fromText="septal hypokinesis and flattening" toID="E48" toText="mild aortic stenosis" type="OVERLAP" />
<TLINK id="TL224" fromID="E51" fromText="right ventricular apical clot" toID="E48" toText="mild aortic stenosis" type="OVERLAP" />
<TLINK id="TL225" fromID="E48" fromText="mild aortic stenosis" toID="E54" toText="increased pulmonary artery pressure" type="OVERLAP" />
<TLINK id="TL226" fromID="E48" fromText="mild aortic stenosis" toID="E55" toText="fairly severe pulmonary hypertension" type="OVERLAP" />
<TLINK id="TL227" fromID="E76" fromText="severe right ventricular dilatation" toID="E48" toText="mild aortic stenosis" type="OVERLAP" />
<TLINK id="TL228" fromID="E77" fromText="concentric left ventricular hypertrophy" toID="E48" toText="mild aortic stenosis" type="OVERLAP" />
<TLINK id="TL229" fromID="E102" fromText="An echocardiogram" toID="E48" toText="mild aortic stenosis" type="AFTER" />
<TLINK id="TL230" fromID="E50" fromText="septal hypokinesis and flattening" toID="E49" toText="severe tricuspid regurgitation" type="OVERLAP" />
<TLINK id="TL231" fromID="E51" fromText="right ventricular apical clot" toID="E49" toText="severe tricuspid regurgitation" type="OVERLAP" />
<TLINK id="TL232" fromID="E49" fromText="severe tricuspid regurgitation" toID="E54" toText="increased pulmonary artery pressure" type="OVERLAP" />
<TLINK id="TL233" fromID="E49" fromText="severe tricuspid regurgitation" toID="E55" toText="fairly severe pulmonary hypertension" type="OVERLAP" />
<TLINK id="TL234" fromID="E76" fromText="severe right ventricular dilatation" toID="E49" toText="severe tricuspid regurgitation" type="OVERLAP" />
<TLINK id="TL235" fromID="E77" fromText="concentric left ventricular hypertrophy" toID="E49" toText="severe tricuspid regurgitation" type="OVERLAP" />
<TLINK id="TL236" fromID="E102" fromText="An echocardiogram" toID="E49" toText="severe tricuspid regurgitation" type="AFTER" />
<TLINK id="TL237" fromID="E50" fromText="septal hypokinesis and flattening" toID="E51" toText="right ventricular apical clot" type="OVERLAP" />
<TLINK id="TL238" fromID="E50" fromText="septal hypokinesis and flattening" toID="E54" toText="increased pulmonary artery pressure" type="OVERLAP" />
<TLINK id="TL239" fromID="E50" fromText="septal hypokinesis and flattening" toID="E55" toText="fairly severe pulmonary hypertension" type="OVERLAP" />
<TLINK id="TL240" fromID="E76" fromText="severe right ventricular dilatation" toID="E50" toText="septal hypokinesis and flattening" type="OVERLAP" />
<TLINK id="TL241" fromID="E77" fromText="concentric left ventricular hypertrophy" toID="E50" toText="septal hypokinesis and flattening" type="OVERLAP" />
<TLINK id="TL242" fromID="E102" fromText="An echocardiogram" toID="E50" toText="septal hypokinesis and flattening" type="AFTER" />
<TLINK id="TL243" fromID="E51" fromText="right ventricular apical clot" toID="E54" toText="increased pulmonary artery pressure" type="OVERLAP" />
<TLINK id="TL244" fromID="E51" fromText="right ventricular apical clot" toID="E55" toText="fairly severe pulmonary hypertension" type="OVERLAP" />
<TLINK id="TL245" fromID="E76" fromText="severe right ventricular dilatation" toID="E51" toText="right ventricular apical clot" type="OVERLAP" />
<TLINK id="TL246" fromID="E77" fromText="concentric left ventricular hypertrophy" toID="E51" toText="right ventricular apical clot" type="OVERLAP" />
<TLINK id="TL247" fromID="E102" fromText="An echocardiogram" toID="E51" toText="right ventricular apical clot" type="AFTER" />
<TLINK id="TL248" fromID="E54" fromText="increased pulmonary artery pressure" toID="E55" toText="fairly severe pulmonary hypertension" type="OVERLAP" />
<TLINK id="TL249" fromID="E76" fromText="severe right ventricular dilatation" toID="E54" toText="increased pulmonary artery pressure" type="OVERLAP" />
<TLINK id="TL250" fromID="E77" fromText="concentric left ventricular hypertrophy" toID="E54" toText="increased pulmonary artery pressure" type="OVERLAP" />
<TLINK id="TL251" fromID="E102" fromText="An echocardiogram" toID="E54" toText="increased pulmonary artery pressure" type="AFTER" />
<TLINK id="TL252" fromID="E76" fromText="severe right ventricular dilatation" toID="E55" toText="fairly severe pulmonary hypertension" type="OVERLAP" />
<TLINK id="TL253" fromID="E77" fromText="concentric left ventricular hypertrophy" toID="E55" toText="fairly severe pulmonary hypertension" type="OVERLAP" />
<TLINK id="TL254" fromID="E102" fromText="An echocardiogram" toID="E55" toText="fairly severe pulmonary hypertension" type="AFTER" />
<TLINK id="TL255" fromID="E77" fromText="concentric left ventricular hypertrophy" toID="E76" toText="severe right ventricular dilatation" type="OVERLAP" />
<TLINK id="TL256" fromID="E102" fromText="An echocardiogram" toID="E76" toText="severe right ventricular dilatation" type="AFTER" />
<TLINK id="TL257" fromID="E102" fromText="An echocardiogram" toID="E77" toText="concentric left ventricular hypertrophy" type="AFTER" />
<TLINK id="TL258" fromID="E103" fromText="Blood cultures" toID="E52" toText="growth" type="OVERLAP" />
<TLINK id="TL259" fromID="E53" fromText="myocardial infarction" toID="E5" toText="Oaksgekesser/ Memorial Hospital" type="AFTER" />
<TLINK id="TL260" fromID="E5" fromText="Oaksgekesser/ Memorial Hospital" toID="E100" toText="further work up" type="AFTER" />
<TLINK id="TL261" fromID="E101" fromText="creatine kinases" toID="E5" toText="Oaksgekesser/ Memorial Hospital" type="AFTER" />
<TLINK id="TL262" fromID="E53" fromText="myocardial infarction" toID="E100" toText="further work up" type="AFTER" />
<TLINK id="TL263" fromID="E53" fromText="myocardial infarction" toID="E101" toText="creatine kinases" type="AFTER" />
<TLINK id="TL264" fromID="E101" fromText="creatine kinases" toID="E100" toText="further work up" type="AFTER" />
<TLINK id="TL271" fromID="E1" fromText="the Oaksgekesser/ Memorial Hospital" toID="E58" toText="quite hypotensive" type="AFTER" />
<TLINK id="TL272" fromID="E1" fromText="the Oaksgekesser/ Memorial Hospital" toID="E115" toText="dopamine" type="AFTER" />
<TLINK id="TL273" fromID="E1" fromText="the Oaksgekesser/ Memorial Hospital" toID="E116" toText="Levo" type="AFTER" />
<TLINK id="TL274" fromID="E58" fromText="quite hypotensive" toID="E115" toText="dopamine" type="AFTER" />
<TLINK id="TL275" fromID="E58" fromText="quite hypotensive" toID="E116" toText="Levo" type="AFTER" />
<TLINK id="TL276" fromID="E115" fromText="dopamine" toID="E116" toText="Levo" type="OVERLAP" />
<TLINK id="TL277" fromID="E8" fromText="showed" toID="E56" toText="left upper lung patchy infiltrates" type="AFTER" />
<TLINK id="TL278" fromID="E8" fromText="showed" toID="E57" toText="right hemidiaphragm elevated" type="AFTER" />
<TLINK id="TL279" fromID="E8" fromText="showed" toID="E59" toText="diffuse patchy infiltrates on left lung" type="BEFORE" />
<TLINK id="TL280" fromID="E8" fromText="showed" toID="E62" toText="adult respiratory distress syndrome" type="AFTER" />
<TLINK id="TL281" fromID="E8" fromText="showed" toID="E63" toText="pneumonia" type="AFTER" />
<TLINK id="TL282" fromID="E99" fromText="His chest x-ray" toID="E8" toText="showed" type="OVERLAP" />
<TLINK id="TL283" fromID="E56" fromText="left upper lung patchy infiltrates" toID="E57" toText="right hemidiaphragm elevated" type="OVERLAP" />
<TLINK id="TL284" fromID="E59" fromText="diffuse patchy infiltrates on left lung" toID="E56" toText="left upper lung patchy infiltrates" type="OVERLAP" />
<TLINK id="TL285" fromID="E56" fromText="left upper lung patchy infiltrates" toID="E62" toText="adult respiratory distress syndrome" type="OVERLAP" />
<TLINK id="TL286" fromID="E56" fromText="left upper lung patchy infiltrates" toID="E63" toText="pneumonia" type="OVERLAP" />
<TLINK id="TL287" fromID="E99" fromText="His chest x-ray" toID="E56" toText="left upper lung patchy infiltrates" type="AFTER" />
<TLINK id="TL288" fromID="E59" fromText="diffuse patchy infiltrates on left lung" toID="E57" toText="right hemidiaphragm elevated" type="OVERLAP" />
<TLINK id="TL289" fromID="E57" fromText="right hemidiaphragm elevated" toID="E62" toText="adult respiratory distress syndrome" type="OVERLAP" />
<TLINK id="TL290" fromID="E57" fromText="right hemidiaphragm elevated" toID="E63" toText="pneumonia" type="OVERLAP" />
<TLINK id="TL291" fromID="E99" fromText="His chest x-ray" toID="E57" toText="right hemidiaphragm elevated" type="AFTER" />
<TLINK id="TL292" fromID="E59" fromText="diffuse patchy infiltrates on left lung" toID="E62" toText="adult respiratory distress syndrome" type="OVERLAP" />
<TLINK id="TL293" fromID="E59" fromText="diffuse patchy infiltrates on left lung" toID="E63" toText="pneumonia" type="OVERLAP" />
<TLINK id="TL294" fromID="E99" fromText="His chest x-ray" toID="E59" toText="diffuse patchy infiltrates on left lung" type="AFTER" />
<TLINK id="TL295" fromID="E62" fromText="adult respiratory distress syndrome" toID="E63" toText="pneumonia" type="OVERLAP" />
<TLINK id="TL296" fromID="E99" fromText="His chest x-ray" toID="E62" toText="adult respiratory distress syndrome" type="AFTER" />
<TLINK id="TL297" fromID="E99" fromText="His chest x-ray" toID="E63" toText="pneumonia" type="AFTER" />
<TLINK id="TL298" fromID="E9" fromText="showed" toID="E60" toText="blood" type="BEFORE" />
<TLINK id="TL299" fromID="E9" fromText="showed" toID="E61" toText="urine sediment" type="AFTER" />
<TLINK id="TL300" fromID="E9" fromText="showed" toID="E80" toText="dysmorphic cells" type="AFTER" />
<TLINK id="TL301" fromID="E9" fromText="showed" toID="E81" toText="active" type="AFTER" />
<TLINK id="TL302" fromID="E9" fromText="showed" toID="E82" toText="1+ albumin" type="AFTER" />
<TLINK id="TL303" fromID="E9" fromText="showed" toID="E83" toText="red cell casts" type="AFTER" />
<TLINK id="TL304" fromID="E9" fromText="showed" toID="E85" toText="mild protein uria" type="AFTER" />
<TLINK id="TL305" fromID="E98" fromText="A urinalysis" toID="E9" toText="showed" type="OVERLAP" />
<TLINK id="TL306" fromID="E60" fromText="blood" toID="E61" toText="urine sediment" type="OVERLAP" />
<TLINK id="TL307" fromID="E60" fromText="blood" toID="E80" toText="dysmorphic cells" type="OVERLAP" />
<TLINK id="TL308" fromID="E60" fromText="blood" toID="E81" toText="active" type="OVERLAP" />
<TLINK id="TL309" fromID="E60" fromText="blood" toID="E82" toText="1+ albumin" type="AFTER" />
<TLINK id="TL310" fromID="E60" fromText="blood" toID="E83" toText="red cell casts" type="OVERLAP" />
<TLINK id="TL311" fromID="E60" fromText="blood" toID="E85" toText="mild protein uria" type="OVERLAP" />
<TLINK id="TL312" fromID="E98" fromText="A urinalysis" toID="E60" toText="blood" type="AFTER" />
<TLINK id="TL313" fromID="E61" fromText="urine sediment" toID="E80" toText="dysmorphic cells" type="OVERLAP" />
<TLINK id="TL314" fromID="E61" fromText="urine sediment" toID="E81" toText="active" type="OVERLAP" />
<TLINK id="TL315" fromID="E61" fromText="urine sediment" toID="E82" toText="1+ albumin" type="AFTER" />
<TLINK id="TL316" fromID="E61" fromText="urine sediment" toID="E83" toText="red cell casts" type="OVERLAP" />
<TLINK id="TL317" fromID="E61" fromText="urine sediment" toID="E85" toText="mild protein uria" type="OVERLAP" />
<TLINK id="TL318" fromID="E98" fromText="A urinalysis" toID="E61" toText="urine sediment" type="AFTER" />
<TLINK id="TL319" fromID="E81" fromText="active" toID="E80" toText="dysmorphic cells" type="OVERLAP" />
<TLINK id="TL320" fromID="E80" fromText="dysmorphic cells" toID="E82" toText="1+ albumin" type="AFTER" />
<TLINK id="TL321" fromID="E80" fromText="dysmorphic cells" toID="E83" toText="red cell casts" type="OVERLAP" />
<TLINK id="TL322" fromID="E80" fromText="dysmorphic cells" toID="E85" toText="mild protein uria" type="OVERLAP" />
<TLINK id="TL323" fromID="E98" fromText="A urinalysis" toID="E80" toText="dysmorphic cells" type="AFTER" />
<TLINK id="TL324" fromID="E81" fromText="active" toID="E82" toText="1+ albumin" type="AFTER" />
<TLINK id="TL325" fromID="E81" fromText="active" toID="E83" toText="red cell casts" type="OVERLAP" />
<TLINK id="TL326" fromID="E81" fromText="active" toID="E85" toText="mild protein uria" type="OVERLAP" />
<TLINK id="TL327" fromID="E98" fromText="A urinalysis" toID="E81" toText="active" type="AFTER" />
<TLINK id="TL328" fromID="E83" fromText="red cell casts" toID="E82" toText="1+ albumin" type="AFTER" />
<TLINK id="TL329" fromID="E82" fromText="1+ albumin" toID="E85" toText="mild protein uria" type="AFTER" />
<TLINK id="TL330" fromID="E98" fromText="A urinalysis" toID="E82" toText="1+ albumin" type="AFTER" />
<TLINK id="TL331" fromID="E83" fromText="red cell casts" toID="E85" toText="mild protein uria" type="OVERLAP" />
<TLINK id="TL332" fromID="E98" fromText="A urinalysis" toID="E83" toText="red cell casts" type="AFTER" />
<TLINK id="TL333" fromID="E98" fromText="A urinalysis" toID="E85" toText="mild protein uria" type="AFTER" />
<TLINK id="TL334" fromID="E90" fromText="hepatitis C cryoglobulin" toID="E24" toText="out" type="OVERLAP" />
<TLINK id="TL335" fromID="E91" fromText="renal ultrasound" toID="E24" toText="out" type="AFTER" />
<TLINK id="TL336" fromID="E92" fromText="SPEP" toID="E24" toText="out" type="AFTER" />
<TLINK id="TL337" fromID="E93" fromText="UPEP" toID="E24" toText="out" type="AFTER" />
<TLINK id="TL338" fromID="E94" fromText="ANA" toID="E24" toText="out" type="AFTER" />
<TLINK id="TL339" fromID="E95" fromText="anti-streptolycin" toID="E24" toText="out" type="AFTER" />
<TLINK id="TL340" fromID="E96" fromText="anti-GBM" toID="E24" toText="out" type="AFTER" />
<TLINK id="TL341" fromID="E97" fromText="ANCA" toID="E24" toText="out" type="AFTER" />
<TLINK id="TL342" fromID="E91" fromText="renal ultrasound" toID="E90" toText="hepatitis C cryoglobulin" type="OVERLAP" />
<TLINK id="TL343" fromID="E92" fromText="SPEP" toID="E90" toText="hepatitis C cryoglobulin" type="OVERLAP" />
<TLINK id="TL344" fromID="E93" fromText="UPEP" toID="E90" toText="hepatitis C cryoglobulin" type="OVERLAP" />
<TLINK id="TL345" fromID="E94" fromText="ANA" toID="E90" toText="hepatitis C cryoglobulin" type="OVERLAP" />
<TLINK id="TL346" fromID="E95" fromText="anti-streptolycin" toID="E90" toText="hepatitis C cryoglobulin" type="OVERLAP" />
<TLINK id="TL347" fromID="E96" fromText="anti-GBM" toID="E90" toText="hepatitis C cryoglobulin" type="OVERLAP" />
<TLINK id="TL348" fromID="E97" fromText="ANCA" toID="E90" toText="hepatitis C cryoglobulin" type="OVERLAP" />
<TLINK id="TL349" fromID="E92" fromText="SPEP" toID="E91" toText="renal ultrasound" type="OVERLAP" />
<TLINK id="TL350" fromID="E93" fromText="UPEP" toID="E91" toText="renal ultrasound" type="OVERLAP" />
<TLINK id="TL351" fromID="E94" fromText="ANA" toID="E91" toText="renal ultrasound" type="OVERLAP" />
<TLINK id="TL352" fromID="E95" fromText="anti-streptolycin" toID="E91" toText="renal ultrasound" type="OVERLAP" />
<TLINK id="TL353" fromID="E96" fromText="anti-GBM" toID="E91" toText="renal ultrasound" type="OVERLAP" />
<TLINK id="TL354" fromID="E97" fromText="ANCA" toID="E91" toText="renal ultrasound" type="OVERLAP" />
<TLINK id="TL355" fromID="E93" fromText="UPEP" toID="E92" toText="SPEP" type="OVERLAP" />
<TLINK id="TL356" fromID="E94" fromText="ANA" toID="E92" toText="SPEP" type="OVERLAP" />
<TLINK id="TL357" fromID="E95" fromText="anti-streptolycin" toID="E92" toText="SPEP" type="OVERLAP" />
<TLINK id="TL358" fromID="E96" fromText="anti-GBM" toID="E92" toText="SPEP" type="OVERLAP" />
<TLINK id="TL359" fromID="E97" fromText="ANCA" toID="E92" toText="SPEP" type="OVERLAP" />
<TLINK id="TL360" fromID="E94" fromText="ANA" toID="E93" toText="UPEP" type="OVERLAP" />
<TLINK id="TL361" fromID="E95" fromText="anti-streptolycin" toID="E93" toText="UPEP" type="OVERLAP" />
<TLINK id="TL362" fromID="E96" fromText="anti-GBM" toID="E93" toText="UPEP" type="OVERLAP" />
<TLINK id="TL363" fromID="E97" fromText="ANCA" toID="E93" toText="UPEP" type="OVERLAP" />
<TLINK id="TL364" fromID="E95" fromText="anti-streptolycin" toID="E94" toText="ANA" type="OVERLAP" />
<TLINK id="TL365" fromID="E96" fromText="anti-GBM" toID="E94" toText="ANA" type="OVERLAP" />
<TLINK id="TL366" fromID="E97" fromText="ANCA" toID="E94" toText="ANA" type="OVERLAP" />
<TLINK id="TL367" fromID="E96" fromText="anti-GBM" toID="E95" toText="anti-streptolycin" type="OVERLAP" />
<TLINK id="TL368" fromID="E97" fromText="ANCA" toID="E95" toText="anti-streptolycin" type="OVERLAP" />
<TLINK id="TL369" fromID="E97" fromText="ANCA" toID="E96" toText="anti-GBM" type="OVERLAP" />
<TLINK id="TL370" fromID="E7" fromText="showed" toID="E84" toText="fresh blood" type="OVERLAP" />
<TLINK id="TL371" fromID="E7" fromText="showed" toID="E87" toText="old clot" type="AFTER" />
<TLINK id="TL372" fromID="E89" fromText="a bronchoscopy" toID="E7" toText="showed" type="OVERLAP" />
<TLINK id="TL373" fromID="E7" fromText="showed" toID="E113" toText="line" type="AFTER" />
<TLINK id="TL374" fromID="E84" fromText="fresh blood" toID="E87" toText="old clot" type="OVERLAP" />
<TLINK id="TL375" fromID="E89" fromText="a bronchoscopy" toID="E84" toText="fresh blood" type="OVERLAP" />
<TLINK id="TL376" fromID="E84" fromText="fresh blood" toID="E113" toText="line" type="OVERLAP" />
<TLINK id="TL377" fromID="E89" fromText="a bronchoscopy" toID="E87" toText="old clot" type="AFTER" />
<TLINK id="TL378" fromID="E87" fromText="old clot" toID="E113" toText="line" type="AFTER" />
<TLINK id="TL379" fromID="E89" fromText="a bronchoscopy" toID="E113" toText="line" type="AFTER" />
<TLINK id="TL380" fromID="E22" fromText="improvement" toID="E21" toText="renal" type="AFTER" />
<TLINK id="TL381" fromID="E23" fromText="his pulmonary" toID="E21" toText="renal" type="AFTER" />
<TLINK id="TL382" fromID="E88" fromText="significant complications" toID="E21" toText="renal" type="AFTER" />
<TLINK id="TL383" fromID="E114" fromText="CVVH" toID="E21" toText="renal" type="OVERLAP" />
<TLINK id="TL384" fromID="E22" fromText="improvement" toID="E23" toText="his pulmonary" type="OVERLAP" />
<TLINK id="TL385" fromID="E88" fromText="significant complications" toID="E22" toText="improvement" type="AFTER" />
<TLINK id="TL386" fromID="E114" fromText="CVVH" toID="E22" toText="improvement" type="OVERLAP" />
<TLINK id="TL387" fromID="E88" fromText="significant complications" toID="E23" toText="his pulmonary" type="AFTER" />
<TLINK id="TL388" fromID="E114" fromText="CVVH" toID="E23" toText="his pulmonary" type="OVERLAP" />
<TLINK id="TL389" fromID="E114" fromText="CVVH" toID="E88" toText="significant complications" type="OVERLAP" />
<TLINK id="TL390" fromID="E18" fromText="A family meeting" toID="E112" toText="comfort care" type="AFTER" />
<TLINK id="TL391" fromID="E110" fromText="the ventilator" toID="E20" toText="spontaneously passed away" type="AFTER" />
<TLINK id="TL392" fromID="E111" fromText="CVVH" toID="E20" toText="spontaneously passed away" type="AFTER" />
<TLINK id="TL393" fromID="E111" fromText="CVVH" toID="E110" toText="the ventilator" type="AFTER" />
<TLINK id="TL398" fromID="E29" fromText="presents" toID="T5" toText="4-10-98" type="OVERLAP" />
<TLINK id="TL400" fromID="E39" fromText="pulmonary infiltrates" toID="T5" toText="4-10-98" type="OVERLAP" />
<TLINK id="TL401" fromID="E40" fromText="an upper gastrointestinal bleed" toID="T5" toText="4-10-98" type="OVERLAP" />
<TLINK id="TL402" fromID="E41" fromText="pulmonary hypertension" toID="T5" toText="4-10-98" type="OVERLAP" />
<TLINK id="TL403" fromID="E42" fromText="acute renal failure" toID="T5" toText="4-10-98" type="OVERLAP" />
<TLINK id="TL404" fromID="E43" fromText="hepatitis C" toID="T5" toText="4-10-98" type="OVERLAP" />
<TLINK id="TL405" fromID="E44" fromText="pulmonary hypertension" toID="T5" toText="4-10-98" type="OVERLAP" />
<TLINK id="TL406" fromID="E45" fromText="portal hypertension" toID="T5" toText="4-10-98" type="OVERLAP" />
<TLINK id="TL407" fromID="E46" fromText="cirrhosis" toID="T5" toText="4-10-98" type="OVERLAP" />
<TLINK id="TL408" fromID="E47" fromText="coronary artery disease" toID="T6" toText="1983" type="OVERLAP" />
<TLINK id="TL409" fromID="E108" fromText="work up" toID="T5" toText="4-10-98" type="OVERLAP" />
<TLINK id="TL410" fromID="E122" fromText="a four vessel coronary artery bypass graft" toID="T6" toText="1983" type="OVERLAP" />
<TLINK id="TL411" fromID="E4" fromText="Sondi Memorial" toID="T8" toText="4-10-98" type="OVERLAP" />
<TLINK id="TL412" fromID="E26" fromText="presented" toID="T8" toText="4-10-98" type="OVERLAP" />
<TLINK id="TL414" fromID="E36" fromText="fatigue" toID="T8" toText="4-10-98" type="OVERLAP" />
<TLINK id="TL415" fromID="E106" fromText="a hematocrit" toID="T8" toText="4-10-98" type="OVERLAP" />
<TLINK id="TL417" fromID="E120" fromText="iron sulfate" toID="T7" toText="one week" type="OVERLAP" />
<TLINK id="TL419" fromID="E72" fromText="acute renal insufficiency" toID="T2" toText="an hour" type="OVERLAP" />
<TLINK id="TL420" fromID="E73" fromText="expanding pulmonary infiltrates" toID="T2" toText="an hour" type="OVERLAP" />
<TLINK id="TL421" fromID="E78" fromText="hemodynamic instability" toID="T2" toText="an hour" type="OVERLAP" />
<TLINK id="TL422" fromID="E79" fromText="minimal urine output" toID="T2" toText="an hour" type="OVERLAP" />
<TLINK id="TL423" fromID="E105" fromText="chest x-ray" toID="T2" toText="an hour" type="OVERLAP" />
<TLINK id="TL424" fromID="E117" fromText="dopamine" toID="T2" toText="an hour" type="OVERLAP" />
<TLINK id="TL425" fromID="E7" fromText="showed" toID="T1" toText="4-26" type="OVERLAP" />
<TLINK id="TL426" fromID="E48" fromText="mild aortic stenosis" toID="T1" toText="4-26" type="OVERLAP" />
<TLINK id="TL427" fromID="E49" fromText="severe tricuspid regurgitation" toID="T1" toText="4-26" type="OVERLAP" />
<TLINK id="TL428" fromID="E50" fromText="septal hypokinesis and flattening" toID="T1" toText="4-26" type="OVERLAP" />
<TLINK id="TL429" fromID="E51" fromText="right ventricular apical clot" toID="T1" toText="4-26" type="OVERLAP" />
<TLINK id="TL430" fromID="E54" fromText="increased pulmonary artery pressure" toID="T1" toText="4-26" type="OVERLAP" />
<TLINK id="TL431" fromID="E55" fromText="fairly severe pulmonary hypertension" toID="T1" toText="4-26" type="OVERLAP" />
<TLINK id="TL432" fromID="E76" fromText="severe right ventricular dilatation" toID="T1" toText="4-26" type="OVERLAP" />
<TLINK id="TL433" fromID="E77" fromText="concentric left ventricular hypertrophy" toID="T1" toText="4-26" type="OVERLAP" />
<TLINK id="TL434" fromID="E102" fromText="An echocardiogram" toID="T1" toText="4-26" type="OVERLAP" />
<TLINK id="TL435" fromID="E18" fromText="A family meeting" toID="T4" toText="5-2-98" type="OVERLAP" />
<TLINK id="TL437" fromID="E20" fromText="spontaneously passed away" toID="T3" toText="5-2-98 , at 4:55 p.m." type="OVERLAP" />
<TLINK id="TL440" fromID="E2" fromText="Sondi Memorial" toID="E4" toText="Sondi Memorial" type="OVERLAP" />
<TLINK id="TL441" fromID="E2" fromText="Sondi Memorial" toID="E26" toText="presented" type="OVERLAP" />
<TLINK id="TL442" fromID="E2" fromText="Sondi Memorial" toID="E26" toText="presented" type="OVERLAP" />
<TLINK id="TL443" fromID="E2" fromText="Sondi Memorial" toID="E36" toText="fatigue" type="OVERLAP" />
<TLINK id="TL444" fromID="E2" fromText="Sondi Memorial" toID="E106" toText="a hematocrit" type="OVERLAP" />
<TLINK id="TL445" fromID="E29" fromText="presents" toID="E4" toText="Sondi Memorial" type="OVERLAP" />
<TLINK id="TL446" fromID="E29" fromText="presents" toID="E26" toText="presented" type="OVERLAP" />
<TLINK id="TL447" fromID="E29" fromText="presents" toID="E26" toText="presented" type="OVERLAP" />
<TLINK id="TL448" fromID="E29" fromText="presents" toID="E36" toText="fatigue" type="OVERLAP" />
<TLINK id="TL449" fromID="E29" fromText="presents" toID="E106" toText="a hematocrit" type="OVERLAP" />
<TLINK id="TL450" fromID="E29" fromText="presents" toID="E4" toText="Sondi Memorial" type="OVERLAP" />
<TLINK id="TL451" fromID="E29" fromText="presents" toID="E26" toText="presented" type="OVERLAP" />
<TLINK id="TL452" fromID="E29" fromText="presents" toID="E26" toText="presented" type="OVERLAP" />
<TLINK id="TL453" fromID="E29" fromText="presents" toID="E36" toText="fatigue" type="OVERLAP" />
<TLINK id="TL454" fromID="E29" fromText="presents" toID="E106" toText="a hematocrit" type="OVERLAP" />
<TLINK id="TL455" fromID="E39" fromText="pulmonary infiltrates" toID="E4" toText="Sondi Memorial" type="OVERLAP" />
<TLINK id="TL456" fromID="E39" fromText="pulmonary infiltrates" toID="E26" toText="presented" type="OVERLAP" />
<TLINK id="TL457" fromID="E39" fromText="pulmonary infiltrates" toID="E26" toText="presented" type="OVERLAP" />
<TLINK id="TL458" fromID="E39" fromText="pulmonary infiltrates" toID="E36" toText="fatigue" type="OVERLAP" />
<TLINK id="TL459" fromID="E39" fromText="pulmonary infiltrates" toID="E106" toText="a hematocrit" type="OVERLAP" />
<TLINK id="TL460" fromID="E40" fromText="an upper gastrointestinal bleed" toID="E4" toText="Sondi Memorial" type="OVERLAP" />
<TLINK id="TL461" fromID="E40" fromText="an upper gastrointestinal bleed" toID="E26" toText="presented" type="OVERLAP" />
<TLINK id="TL462" fromID="E40" fromText="an upper gastrointestinal bleed" toID="E26" toText="presented" type="OVERLAP" />
<TLINK id="TL463" fromID="E40" fromText="an upper gastrointestinal bleed" toID="E36" toText="fatigue" type="OVERLAP" />
<TLINK id="TL464" fromID="E40" fromText="an upper gastrointestinal bleed" toID="E106" toText="a hematocrit" type="OVERLAP" />
<TLINK id="TL465" fromID="E41" fromText="pulmonary hypertension" toID="E4" toText="Sondi Memorial" type="OVERLAP" />
<TLINK id="TL466" fromID="E41" fromText="pulmonary hypertension" toID="E26" toText="presented" type="OVERLAP" />
<TLINK id="TL467" fromID="E41" fromText="pulmonary hypertension" toID="E26" toText="presented" type="OVERLAP" />
<TLINK id="TL468" fromID="E41" fromText="pulmonary hypertension" toID="E36" toText="fatigue" type="OVERLAP" />
<TLINK id="TL469" fromID="E41" fromText="pulmonary hypertension" toID="E106" toText="a hematocrit" type="OVERLAP" />
<TLINK id="TL470" fromID="E42" fromText="acute renal failure" toID="E4" toText="Sondi Memorial" type="OVERLAP" />
<TLINK id="TL471" fromID="E42" fromText="acute renal failure" toID="E26" toText="presented" type="OVERLAP" />
<TLINK id="TL472" fromID="E42" fromText="acute renal failure" toID="E26" toText="presented" type="OVERLAP" />
<TLINK id="TL473" fromID="E42" fromText="acute renal failure" toID="E36" toText="fatigue" type="OVERLAP" />
<TLINK id="TL474" fromID="E42" fromText="acute renal failure" toID="E106" toText="a hematocrit" type="OVERLAP" />
<TLINK id="TL475" fromID="E43" fromText="hepatitis C" toID="E4" toText="Sondi Memorial" type="OVERLAP" />
<TLINK id="TL476" fromID="E43" fromText="hepatitis C" toID="E26" toText="presented" type="OVERLAP" />
<TLINK id="TL477" fromID="E43" fromText="hepatitis C" toID="E26" toText="presented" type="OVERLAP" />
<TLINK id="TL478" fromID="E43" fromText="hepatitis C" toID="E36" toText="fatigue" type="OVERLAP" />
<TLINK id="TL479" fromID="E43" fromText="hepatitis C" toID="E106" toText="a hematocrit" type="OVERLAP" />
<TLINK id="TL480" fromID="E44" fromText="pulmonary hypertension" toID="E4" toText="Sondi Memorial" type="OVERLAP" />
<TLINK id="TL481" fromID="E44" fromText="pulmonary hypertension" toID="E26" toText="presented" type="OVERLAP" />
<TLINK id="TL482" fromID="E44" fromText="pulmonary hypertension" toID="E26" toText="presented" type="OVERLAP" />
<TLINK id="TL483" fromID="E44" fromText="pulmonary hypertension" toID="E36" toText="fatigue" type="OVERLAP" />
<TLINK id="TL484" fromID="E44" fromText="pulmonary hypertension" toID="E106" toText="a hematocrit" type="OVERLAP" />
<TLINK id="TL485" fromID="E45" fromText="portal hypertension" toID="E4" toText="Sondi Memorial" type="OVERLAP" />
<TLINK id="TL486" fromID="E45" fromText="portal hypertension" toID="E26" toText="presented" type="OVERLAP" />
<TLINK id="TL487" fromID="E45" fromText="portal hypertension" toID="E26" toText="presented" type="OVERLAP" />
<TLINK id="TL488" fromID="E45" fromText="portal hypertension" toID="E36" toText="fatigue" type="OVERLAP" />
<TLINK id="TL489" fromID="E45" fromText="portal hypertension" toID="E106" toText="a hematocrit" type="OVERLAP" />
<TLINK id="TL490" fromID="E46" fromText="cirrhosis" toID="E4" toText="Sondi Memorial" type="OVERLAP" />
<TLINK id="TL491" fromID="E46" fromText="cirrhosis" toID="E26" toText="presented" type="OVERLAP" />
<TLINK id="TL492" fromID="E46" fromText="cirrhosis" toID="E26" toText="presented" type="OVERLAP" />
<TLINK id="TL493" fromID="E46" fromText="cirrhosis" toID="E36" toText="fatigue" type="OVERLAP" />
<TLINK id="TL494" fromID="E46" fromText="cirrhosis" toID="E106" toText="a hematocrit" type="OVERLAP" />
<TLINK id="TL495" fromID="E47" fromText="coronary artery disease" toID="E4" toText="Sondi Memorial" type="OVERLAP" />
<TLINK id="TL496" fromID="E47" fromText="coronary artery disease" toID="E26" toText="presented" type="OVERLAP" />
<TLINK id="TL497" fromID="E47" fromText="coronary artery disease" toID="E26" toText="presented" type="OVERLAP" />
<TLINK id="TL498" fromID="E47" fromText="coronary artery disease" toID="E36" toText="fatigue" type="OVERLAP" />
<TLINK id="TL499" fromID="E47" fromText="coronary artery disease" toID="E106" toText="a hematocrit" type="OVERLAP" />
<TLINK id="TL500" fromID="E108" fromText="work up" toID="E4" toText="Sondi Memorial" type="OVERLAP" />
<TLINK id="TL501" fromID="E108" fromText="work up" toID="E26" toText="presented" type="OVERLAP" />
<TLINK id="TL502" fromID="E108" fromText="work up" toID="E26" toText="presented" type="OVERLAP" />
<TLINK id="TL503" fromID="E108" fromText="work up" toID="E36" toText="fatigue" type="OVERLAP" />
<TLINK id="TL504" fromID="E108" fromText="work up" toID="E106" toText="a hematocrit" type="OVERLAP" />
<TLINK id="TL505" fromID="E122" fromText="a four vessel coronary artery bypass graft" toID="E4" toText="Sondi Memorial" type="OVERLAP" />
<TLINK id="TL506" fromID="E122" fromText="a four vessel coronary artery bypass graft" toID="E26" toText="presented" type="OVERLAP" />
<TLINK id="TL507" fromID="E122" fromText="a four vessel coronary artery bypass graft" toID="E26" toText="presented" type="OVERLAP" />
<TLINK id="TL508" fromID="E122" fromText="a four vessel coronary artery bypass graft" toID="E36" toText="fatigue" type="OVERLAP" />
<TLINK id="TL509" fromID="E122" fromText="a four vessel coronary artery bypass graft" toID="E106" toText="a hematocrit" type="OVERLAP" />
<TLINK id="TL510" fromID="E4" fromText="Sondi Memorial" toID="E2" toText="Sondi Memorial" type="OVERLAP" />
<TLINK id="TL511" fromID="E4" fromText="Sondi Memorial" toID="E29" toText="presents" type="OVERLAP" />
<TLINK id="TL512" fromID="E4" fromText="Sondi Memorial" toID="E29" toText="presents" type="OVERLAP" />
<TLINK id="TL513" fromID="E4" fromText="Sondi Memorial" toID="E39" toText="pulmonary infiltrates" type="OVERLAP" />
<TLINK id="TL514" fromID="E4" fromText="Sondi Memorial" toID="E40" toText="an upper gastrointestinal bleed" type="OVERLAP" />
<TLINK id="TL515" fromID="E4" fromText="Sondi Memorial" toID="E41" toText="pulmonary hypertension" type="OVERLAP" />
<TLINK id="TL516" fromID="E4" fromText="Sondi Memorial" toID="E42" toText="acute renal failure" type="OVERLAP" />
<TLINK id="TL517" fromID="E4" fromText="Sondi Memorial" toID="E43" toText="hepatitis C" type="OVERLAP" />
<TLINK id="TL518" fromID="E4" fromText="Sondi Memorial" toID="E44" toText="pulmonary hypertension" type="OVERLAP" />
<TLINK id="TL519" fromID="E4" fromText="Sondi Memorial" toID="E45" toText="portal hypertension" type="OVERLAP" />
<TLINK id="TL520" fromID="E4" fromText="Sondi Memorial" toID="E46" toText="cirrhosis" type="OVERLAP" />
<TLINK id="TL521" fromID="E4" fromText="Sondi Memorial" toID="E47" toText="coronary artery disease" type="OVERLAP" />
<TLINK id="TL522" fromID="E4" fromText="Sondi Memorial" toID="E108" toText="work up" type="OVERLAP" />
<TLINK id="TL523" fromID="E4" fromText="Sondi Memorial" toID="E122" toText="a four vessel coronary artery bypass graft" type="OVERLAP" />
<TLINK id="TL524" fromID="E26" fromText="presented" toID="E2" toText="Sondi Memorial" type="OVERLAP" />
<TLINK id="TL525" fromID="E26" fromText="presented" toID="E29" toText="presents" type="OVERLAP" />
<TLINK id="TL526" fromID="E26" fromText="presented" toID="E29" toText="presents" type="OVERLAP" />
<TLINK id="TL527" fromID="E26" fromText="presented" toID="E39" toText="pulmonary infiltrates" type="OVERLAP" />
<TLINK id="TL528" fromID="E26" fromText="presented" toID="E40" toText="an upper gastrointestinal bleed" type="OVERLAP" />
<TLINK id="TL529" fromID="E26" fromText="presented" toID="E41" toText="pulmonary hypertension" type="OVERLAP" />
<TLINK id="TL530" fromID="E26" fromText="presented" toID="E42" toText="acute renal failure" type="OVERLAP" />
<TLINK id="TL531" fromID="E26" fromText="presented" toID="E43" toText="hepatitis C" type="OVERLAP" />
<TLINK id="TL532" fromID="E26" fromText="presented" toID="E44" toText="pulmonary hypertension" type="OVERLAP" />
<TLINK id="TL533" fromID="E26" fromText="presented" toID="E45" toText="portal hypertension" type="OVERLAP" />
<TLINK id="TL534" fromID="E26" fromText="presented" toID="E46" toText="cirrhosis" type="OVERLAP" />
<TLINK id="TL535" fromID="E26" fromText="presented" toID="E47" toText="coronary artery disease" type="OVERLAP" />
<TLINK id="TL536" fromID="E26" fromText="presented" toID="E108" toText="work up" type="OVERLAP" />
<TLINK id="TL537" fromID="E26" fromText="presented" toID="E122" toText="a four vessel coronary artery bypass graft" type="OVERLAP" />
<TLINK id="TL538" fromID="E26" fromText="presented" toID="E2" toText="Sondi Memorial" type="OVERLAP" />
<TLINK id="TL539" fromID="E26" fromText="presented" toID="E29" toText="presents" type="OVERLAP" />
<TLINK id="TL540" fromID="E26" fromText="presented" toID="E29" toText="presents" type="OVERLAP" />
<TLINK id="TL541" fromID="E26" fromText="presented" toID="E39" toText="pulmonary infiltrates" type="OVERLAP" />
<TLINK id="TL542" fromID="E26" fromText="presented" toID="E40" toText="an upper gastrointestinal bleed" type="OVERLAP" />
<TLINK id="TL543" fromID="E26" fromText="presented" toID="E41" toText="pulmonary hypertension" type="OVERLAP" />
<TLINK id="TL544" fromID="E26" fromText="presented" toID="E42" toText="acute renal failure" type="OVERLAP" />
<TLINK id="TL545" fromID="E26" fromText="presented" toID="E43" toText="hepatitis C" type="OVERLAP" />
<TLINK id="TL546" fromID="E26" fromText="presented" toID="E44" toText="pulmonary hypertension" type="OVERLAP" />
<TLINK id="TL547" fromID="E26" fromText="presented" toID="E45" toText="portal hypertension" type="OVERLAP" />
<TLINK id="TL548" fromID="E26" fromText="presented" toID="E46" toText="cirrhosis" type="OVERLAP" />
<TLINK id="TL549" fromID="E26" fromText="presented" toID="E47" toText="coronary artery disease" type="OVERLAP" />
<TLINK id="TL550" fromID="E26" fromText="presented" toID="E108" toText="work up" type="OVERLAP" />
<TLINK id="TL551" fromID="E26" fromText="presented" toID="E122" toText="a four vessel coronary artery bypass graft" type="OVERLAP" />
<TLINK id="TL552" fromID="E36" fromText="fatigue" toID="E2" toText="Sondi Memorial" type="OVERLAP" />
<TLINK id="TL553" fromID="E36" fromText="fatigue" toID="E29" toText="presents" type="OVERLAP" />
<TLINK id="TL554" fromID="E36" fromText="fatigue" toID="E29" toText="presents" type="OVERLAP" />
<TLINK id="TL555" fromID="E36" fromText="fatigue" toID="E39" toText="pulmonary infiltrates" type="OVERLAP" />
<TLINK id="TL556" fromID="E36" fromText="fatigue" toID="E40" toText="an upper gastrointestinal bleed" type="OVERLAP" />
<TLINK id="TL557" fromID="E36" fromText="fatigue" toID="E41" toText="pulmonary hypertension" type="OVERLAP" />
<TLINK id="TL558" fromID="E36" fromText="fatigue" toID="E42" toText="acute renal failure" type="OVERLAP" />
<TLINK id="TL559" fromID="E36" fromText="fatigue" toID="E43" toText="hepatitis C" type="OVERLAP" />
<TLINK id="TL560" fromID="E36" fromText="fatigue" toID="E44" toText="pulmonary hypertension" type="OVERLAP" />
<TLINK id="TL561" fromID="E36" fromText="fatigue" toID="E45" toText="portal hypertension" type="OVERLAP" />
<TLINK id="TL562" fromID="E36" fromText="fatigue" toID="E46" toText="cirrhosis" type="OVERLAP" />
<TLINK id="TL563" fromID="E36" fromText="fatigue" toID="E47" toText="coronary artery disease" type="OVERLAP" />
<TLINK id="TL564" fromID="E36" fromText="fatigue" toID="E108" toText="work up" type="OVERLAP" />
<TLINK id="TL565" fromID="E36" fromText="fatigue" toID="E122" toText="a four vessel coronary artery bypass graft" type="OVERLAP" />
<TLINK id="TL566" fromID="E106" fromText="a hematocrit" toID="E2" toText="Sondi Memorial" type="OVERLAP" />
<TLINK id="TL567" fromID="E106" fromText="a hematocrit" toID="E29" toText="presents" type="OVERLAP" />
<TLINK id="TL568" fromID="E106" fromText="a hematocrit" toID="E29" toText="presents" type="OVERLAP" />
<TLINK id="TL569" fromID="E106" fromText="a hematocrit" toID="E39" toText="pulmonary infiltrates" type="OVERLAP" />
<TLINK id="TL570" fromID="E106" fromText="a hematocrit" toID="E40" toText="an upper gastrointestinal bleed" type="OVERLAP" />
<TLINK id="TL571" fromID="E106" fromText="a hematocrit" toID="E41" toText="pulmonary hypertension" type="OVERLAP" />
<TLINK id="TL572" fromID="E106" fromText="a hematocrit" toID="E42" toText="acute renal failure" type="OVERLAP" />
<TLINK id="TL573" fromID="E106" fromText="a hematocrit" toID="E43" toText="hepatitis C" type="OVERLAP" />
<TLINK id="TL574" fromID="E106" fromText="a hematocrit" toID="E44" toText="pulmonary hypertension" type="OVERLAP" />
<TLINK id="TL575" fromID="E106" fromText="a hematocrit" toID="E45" toText="portal hypertension" type="OVERLAP" />
<TLINK id="TL576" fromID="E106" fromText="a hematocrit" toID="E46" toText="cirrhosis" type="OVERLAP" />
<TLINK id="TL577" fromID="E106" fromText="a hematocrit" toID="E47" toText="coronary artery disease" type="OVERLAP" />
<TLINK id="TL578" fromID="E106" fromText="a hematocrit" toID="E108" toText="work up" type="OVERLAP" />
<TLINK id="TL579" fromID="E106" fromText="a hematocrit" toID="E122" toText="a four vessel coronary artery bypass graft" type="OVERLAP" />
<TLINK id="TL581" fromID="E2" fromText="Sondi Memorial" toID="T6" toText="1983" type="OVERLAP" />
<TLINK id="TL583" fromID="E29" fromText="presents" toID="T6" toText="1983" type="OVERLAP" />
<TLINK id="TL587" fromID="E39" fromText="pulmonary infiltrates" toID="T6" toText="1983" type="OVERLAP" />
<TLINK id="TL589" fromID="E40" fromText="an upper gastrointestinal bleed" toID="T6" toText="1983" type="OVERLAP" />
<TLINK id="TL591" fromID="E41" fromText="pulmonary hypertension" toID="T6" toText="1983" type="OVERLAP" />
<TLINK id="TL593" fromID="E42" fromText="acute renal failure" toID="T6" toText="1983" type="OVERLAP" />
<TLINK id="TL595" fromID="E43" fromText="hepatitis C" toID="T6" toText="1983" type="OVERLAP" />
<TLINK id="TL597" fromID="E44" fromText="pulmonary hypertension" toID="T6" toText="1983" type="OVERLAP" />
<TLINK id="TL599" fromID="E45" fromText="portal hypertension" toID="T6" toText="1983" type="OVERLAP" />
<TLINK id="TL601" fromID="E46" fromText="cirrhosis" toID="T6" toText="1983" type="OVERLAP" />
<TLINK id="TL602" fromID="E47" fromText="coronary artery disease" toID="T5" toText="4-10-98" type="OVERLAP" />
<TLINK id="TL605" fromID="E108" fromText="work up" toID="T6" toText="1983" type="OVERLAP" />
<TLINK id="SECTIME0" fromID="E1" fromText="the Oaksgekesser/ Memorial Hospital" toID="T9" toText="05/02/1998" type="BEFORE" />
<TLINK id="SECTIME1" fromID="E2" fromText="Sondi Memorial" toID="T10" toText="04/27/1998" type="BEFORE" />
<TLINK id="SECTIME2" fromID="E3" fromText="Sondi" toID="T10" toText="04/27/1998" type="BEFORE" />
<TLINK id="SECTIME3" fromID="E4" fromText="Sondi Memorial" toID="T10" toText="04/27/1998" type="BEFORE" />
<TLINK id="SECTIME4" fromID="E5" fromText="Oaksgekesser/ Memorial Hospital" toID="T10" toText="04/27/1998" type="BEFORE" />
<TLINK id="SECTIME5" fromID="E6" fromText="Sondi Memorial" toID="T10" toText="04/27/1998" type="BEFORE" />
<TLINK id="SECTIME6" fromID="E7" fromText="showed" toID="T9" toText="05/02/1998" type="BEFORE" />
<TLINK id="SECTIME7" fromID="E8" fromText="showed" toID="T9" toText="05/02/1998" type="BEFORE" />
<TLINK id="SECTIME8" fromID="E9" fromText="showed" toID="T9" toText="05/02/1998" type="BEFORE" />
<TLINK id="SECTIME9" fromID="E10" fromText="found" toID="T10" toText="04/27/1998" type="BEFORE" />
<TLINK id="SECTIME10" fromID="E7" fromText="showed" toID="T10" toText="04/27/1998" type="BEFORE" />
<TLINK id="SECTIME11" fromID="E12" fromText="showed" toID="T10" toText="04/27/1998" type="BEFORE" />
<TLINK id="SECTIME12" fromID="E13" fromText="found" toID="T10" toText="04/27/1998" type="BEFORE" />
<TLINK id="SECTIME13" fromID="E26" fromText="presented" toID="T10" toText="04/27/1998" type="BEFORE" />
<TLINK id="SECTIME14" fromID="E15" fromText="showed" toID="T10" toText="04/27/1998" type="BEFORE" />
<TLINK id="SECTIME15" fromID="E29" fromText="presents" toID="T10" toText="04/27/1998" type="BEFORE" />
<TLINK id="SECTIME16" fromID="E17" fromText="continued" toID="T10" toText="04/27/1998" type="BEFORE" />
<TLINK id="SECTIME17" fromID="E18" fromText="A family meeting" toID="T9" toText="05/02/1998" type="BEFORE" />
<TLINK id="SECTIME18" fromID="E19" fromText="a fall" toID="T10" toText="04/27/1998" type="BEFORE" />
<TLINK id="SECTIME19" fromID="E20" fromText="spontaneously passed away" toID="T9" toText="05/02/1998" type="BEFORE" />
<TLINK id="SECTIME20" fromID="E21" fromText="renal" toID="T9" toText="05/02/1998" type="BEFORE" />
<TLINK id="SECTIME21" fromID="E22" fromText="improvement" toID="T9" toText="05/02/1998" type="BEFORE" />
<TLINK id="SECTIME22" fromID="E23" fromText="his pulmonary" toID="T9" toText="05/02/1998" type="BEFORE" />
<TLINK id="SECTIME23" fromID="E24" fromText="out" toID="T9" toText="05/02/1998" type="BEFORE" />
<TLINK id="SECTIME24" fromID="E25" fromText="ruled out" toID="T10" toText="04/27/1998" type="BEFORE" />
<TLINK id="SECTIME25" fromID="E26" fromText="presented" toID="T10" toText="04/27/1998" type="BEFORE" />
<TLINK id="SECTIME26" fromID="E27" fromText="discharged" toID="T10" toText="04/27/1998" type="BEFORE" />
<TLINK id="SECTIME27" fromID="E29" fromText="presents" toID="T10" toText="04/27/1998" type="BEFORE" />
<TLINK id="SECTIME28" fromID="E31" fromText="anteriordysplasia" toID="T10" toText="04/27/1998" type="BEFORE" />
<TLINK id="SECTIME29" fromID="E32" fromText="varices" toID="T10" toText="04/27/1998" type="BEFORE" />
<TLINK id="SECTIME30" fromID="E33" fromText="loss of consciousness" toID="T10" toText="04/27/1998" type="BEFORE" />
<TLINK id="SECTIME31" fromID="E34" fromText="bleeding" toID="T10" toText="04/27/1998" type="BEFORE" />
<TLINK id="SECTIME32" fromID="E35" fromText="gastritis" toID="T10" toText="04/27/1998" type="BEFORE" />
<TLINK id="SECTIME33" fromID="E36" fromText="fatigue" toID="T10" toText="04/27/1998" type="BEFORE" />
<TLINK id="SECTIME34" fromID="E37" fromText="portal hypertensive gastropathy" toID="T10" toText="04/27/1998" type="BEFORE" />
<TLINK id="SECTIME35" fromID="E38" fromText="candidal esophagitis" toID="T10" toText="04/27/1998" type="BEFORE" />
<TLINK id="SECTIME36" fromID="E39" fromText="pulmonary infiltrates" toID="T10" toText="04/27/1998" type="BEFORE" />
<TLINK id="SECTIME37" fromID="E40" fromText="an upper gastrointestinal bleed" toID="T10" toText="04/27/1998" type="BEFORE" />
<TLINK id="SECTIME38" fromID="E41" fromText="pulmonary hypertension" toID="T10" toText="04/27/1998" type="BEFORE" />
<TLINK id="SECTIME39" fromID="E42" fromText="acute renal failure" toID="T10" toText="04/27/1998" type="BEFORE" />
<TLINK id="SECTIME40" fromID="E43" fromText="hepatitis C" toID="T10" toText="04/27/1998" type="BEFORE" />
<TLINK id="SECTIME41" fromID="E44" fromText="pulmonary hypertension" toID="T10" toText="04/27/1998" type="BEFORE" />
<TLINK id="SECTIME42" fromID="E45" fromText="portal hypertension" toID="T10" toText="04/27/1998" type="BEFORE" />
<TLINK id="SECTIME43" fromID="E46" fromText="cirrhosis" toID="T10" toText="04/27/1998" type="BEFORE" />
<TLINK id="SECTIME44" fromID="E47" fromText="coronary artery disease" toID="T10" toText="04/27/1998" type="BEFORE" />
<TLINK id="SECTIME45" fromID="E48" fromText="mild aortic stenosis" toID="T10" toText="04/27/1998" type="BEFORE" />
<TLINK id="SECTIME46" fromID="E49" fromText="severe tricuspid regurgitation" toID="T10" toText="04/27/1998" type="BEFORE" />
<TLINK id="SECTIME47" fromID="E50" fromText="septal hypokinesis and flattening" toID="T10" toText="04/27/1998" type="BEFORE" />
<TLINK id="SECTIME48" fromID="E51" fromText="right ventricular apical clot" toID="T10" toText="04/27/1998" type="BEFORE" />
<TLINK id="SECTIME49" fromID="E52" fromText="growth" toID="T10" toText="04/27/1998" type="BEFORE" />
<TLINK id="SECTIME50" fromID="E53" fromText="myocardial infarction" toID="T10" toText="04/27/1998" type="BEFORE" />
<TLINK id="SECTIME51" fromID="E54" fromText="increased pulmonary artery pressure" toID="T10" toText="04/27/1998" type="BEFORE" />
<TLINK id="SECTIME52" fromID="E55" fromText="fairly severe pulmonary hypertension" toID="T10" toText="04/27/1998" type="BEFORE" />
<TLINK id="SECTIME53" fromID="E56" fromText="left upper lung patchy infiltrates" toID="T9" toText="05/02/1998" type="BEFORE" />
<TLINK id="SECTIME54" fromID="E57" fromText="right hemidiaphragm elevated" toID="T9" toText="05/02/1998" type="BEFORE" />
<TLINK id="SECTIME55" fromID="E58" fromText="quite hypotensive" toID="T9" toText="05/02/1998" type="BEFORE" />
<TLINK id="SECTIME56" fromID="E59" fromText="diffuse patchy infiltrates on left lung" toID="T9" toText="05/02/1998" type="BEFORE" />
<TLINK id="SECTIME57" fromID="E60" fromText="blood" toID="T9" toText="05/02/1998" type="BEFORE" />
<TLINK id="SECTIME58" fromID="E61" fromText="urine sediment" toID="T9" toText="05/02/1998" type="BEFORE" />
<TLINK id="SECTIME59" fromID="E62" fromText="adult respiratory distress syndrome" toID="T9" toText="05/02/1998" type="BEFORE" />
<TLINK id="SECTIME60" fromID="E63" fromText="pneumonia" toID="T9" toText="05/02/1998" type="BEFORE" />
<TLINK id="SECTIME61" fromID="E64" fromText="cough" toID="T10" toText="04/27/1998" type="BEFORE" />
<TLINK id="SECTIME62" fromID="E65" fromText="shortness of breath" toID="T10" toText="04/27/1998" type="BEFORE" />
<TLINK id="SECTIME63" fromID="E66" fromText="pleuritic pain" toID="T10" toText="04/27/1998" type="BEFORE" />
<TLINK id="SECTIME64" fromID="E67" fromText="substernal chest pain" toID="T10" toText="04/27/1998" type="BEFORE" />
<TLINK id="SECTIME65" fromID="E68" fromText="congestive heart failure" toID="T10" toText="04/27/1998" type="BEFORE" />
<TLINK id="SECTIME66" fromID="E69" fromText="pneumonia" toID="T10" toText="04/27/1998" type="BEFORE" />
<TLINK id="SECTIME67" fromID="E70" fromText="a left lower lobe infiltrate" toID="T10" toText="04/27/1998" type="BEFORE" />
<TLINK id="SECTIME68" fromID="E71" fromText="myocardial infarction" toID="T10" toText="04/27/1998" type="BEFORE" />
<TLINK id="SECTIME69" fromID="E72" fromText="acute renal insufficiency" toID="T10" toText="04/27/1998" type="BEFORE" />
<TLINK id="SECTIME70" fromID="E73" fromText="expanding pulmonary infiltrates" toID="T10" toText="04/27/1998" type="BEFORE" />
<TLINK id="SECTIME71" fromID="E74" fromText="hypoxic" toID="T10" toText="04/27/1998" type="BEFORE" />
<TLINK id="SECTIME72" fromID="E75" fromText="hypotensive" toID="T10" toText="04/27/1998" type="BEFORE" />
<TLINK id="SECTIME73" fromID="E76" fromText="severe right ventricular dilatation" toID="T10" toText="04/27/1998" type="BEFORE" />
<TLINK id="SECTIME74" fromID="E77" fromText="concentric left ventricular hypertrophy" toID="T10" toText="04/27/1998" type="BEFORE" />
<TLINK id="SECTIME75" fromID="E78" fromText="hemodynamic instability" toID="T10" toText="04/27/1998" type="BEFORE" />
<TLINK id="SECTIME76" fromID="E79" fromText="minimal urine output" toID="T10" toText="04/27/1998" type="BEFORE" />
<TLINK id="SECTIME77" fromID="E80" fromText="dysmorphic cells" toID="T9" toText="05/02/1998" type="BEFORE" />
<TLINK id="SECTIME78" fromID="E81" fromText="active" toID="T9" toText="05/02/1998" type="BEFORE" />
<TLINK id="SECTIME79" fromID="E82" fromText="1+ albumin" toID="T9" toText="05/02/1998" type="BEFORE" />
<TLINK id="SECTIME80" fromID="E83" fromText="red cell casts" toID="T9" toText="05/02/1998" type="BEFORE" />
<TLINK id="SECTIME81" fromID="E84" fromText="fresh blood" toID="T9" toText="05/02/1998" type="BEFORE" />
<TLINK id="SECTIME82" fromID="E85" fromText="mild protein uria" toID="T9" toText="05/02/1998" type="BEFORE" />
<TLINK id="SECTIME83" fromID="E86" fromText="pulmonary-renal syndrome" toID="T9" toText="05/02/1998" type="BEFORE" />
<TLINK id="SECTIME84" fromID="E87" fromText="old clot" toID="T9" toText="05/02/1998" type="BEFORE" />
<TLINK id="SECTIME85" fromID="E88" fromText="significant complications" toID="T9" toText="05/02/1998" type="BEFORE" />
<TLINK id="SECTIME86" fromID="E89" fromText="a bronchoscopy" toID="T9" toText="05/02/1998" type="BEFORE" />
<TLINK id="SECTIME87" fromID="E90" fromText="hepatitis C cryoglobulin" toID="T9" toText="05/02/1998" type="BEFORE" />
<TLINK id="SECTIME88" fromID="E91" fromText="renal ultrasound" toID="T9" toText="05/02/1998" type="BEFORE" />
<TLINK id="SECTIME89" fromID="E92" fromText="SPEP" toID="T9" toText="05/02/1998" type="BEFORE" />
<TLINK id="SECTIME90" fromID="E93" fromText="UPEP" toID="T9" toText="05/02/1998" type="BEFORE" />
<TLINK id="SECTIME91" fromID="E94" fromText="ANA" toID="T9" toText="05/02/1998" type="BEFORE" />
<TLINK id="SECTIME92" fromID="E95" fromText="anti-streptolycin" toID="T9" toText="05/02/1998" type="BEFORE" />
<TLINK id="SECTIME93" fromID="E96" fromText="anti-GBM" toID="T9" toText="05/02/1998" type="BEFORE" />
<TLINK id="SECTIME94" fromID="E97" fromText="ANCA" toID="T9" toText="05/02/1998" type="BEFORE" />
<TLINK id="SECTIME95" fromID="E98" fromText="A urinalysis" toID="T9" toText="05/02/1998" type="BEFORE" />
<TLINK id="SECTIME96" fromID="E99" fromText="His chest x-ray" toID="T9" toText="05/02/1998" type="BEFORE" />
<TLINK id="SECTIME97" fromID="E100" fromText="further work up" toID="T10" toText="04/27/1998" type="BEFORE" />
<TLINK id="SECTIME98" fromID="E101" fromText="creatine kinases" toID="T10" toText="04/27/1998" type="BEFORE" />
<TLINK id="SECTIME99" fromID="E102" fromText="An echocardiogram" toID="T10" toText="04/27/1998" type="BEFORE" />
<TLINK id="SECTIME100" fromID="E103" fromText="Blood cultures" toID="T10" toText="04/27/1998" type="BEFORE" />
<TLINK id="SECTIME101" fromID="E104" fromText="A colonoscopy" toID="T10" toText="04/27/1998" type="BEFORE" />
<TLINK id="SECTIME102" fromID="E105" fromText="chest x-ray" toID="T10" toText="04/27/1998" type="BEFORE" />
<TLINK id="SECTIME103" fromID="E106" fromText="a hematocrit" toID="T10" toText="04/27/1998" type="BEFORE" />
<TLINK id="SECTIME104" fromID="E107" fromText="an esophagogastroduodenoscopy" toID="T10" toText="04/27/1998" type="BEFORE" />
<TLINK id="SECTIME105" fromID="E108" fromText="work up" toID="T10" toText="04/27/1998" type="BEFORE" />
<TLINK id="SECTIME106" fromID="E109" fromText="intubated" toID="T10" toText="04/27/1998" type="BEFORE" />
<TLINK id="SECTIME107" fromID="E110" fromText="the ventilator" toID="T9" toText="05/02/1998" type="BEFORE" />
<TLINK id="SECTIME108" fromID="E111" fromText="CVVH" toID="T9" toText="05/02/1998" type="BEFORE" />
<TLINK id="SECTIME109" fromID="E112" fromText="comfort care" toID="T9" toText="05/02/1998" type="BEFORE" />
<TLINK id="SECTIME110" fromID="E113" fromText="line" toID="T9" toText="05/02/1998" type="BEFORE" />
<TLINK id="SECTIME111" fromID="E114" fromText="CVVH" toID="T9" toText="05/02/1998" type="BEFORE" />
<TLINK id="SECTIME112" fromID="E115" fromText="dopamine" toID="T9" toText="05/02/1998" type="BEFORE" />
<TLINK id="SECTIME113" fromID="E116" fromText="Levo" toID="T9" toText="05/02/1998" type="BEFORE" />
<TLINK id="SECTIME114" fromID="E117" fromText="dopamine" toID="T10" toText="04/27/1998" type="BEFORE" />
<TLINK id="SECTIME115" fromID="E118" fromText="aggressive chest physical therapy" toID="T10" toText="04/27/1998" type="BEFORE" />
<TLINK id="SECTIME116" fromID="E119" fromText="Lasix" toID="T10" toText="04/27/1998" type="BEFORE" />
<TLINK id="SECTIME117" fromID="E120" fromText="iron sulfate" toID="T10" toText="04/27/1998" type="BEFORE" />
<TLINK id="SECTIME118" fromID="E121" fromText="cefuroxime" toID="T10" toText="04/27/1998" type="BEFORE" />
<TLINK id="SECTIME119" fromID="E122" fromText="a four vessel coronary artery bypass graft" toID="T10" toText="04/27/1998" type="BEFORE" />
<TLINK id="SECTIME120" fromID="E123" fromText="two units" toID="T10" toText="04/27/1998" type="BEFORE" />
</TAGS>
</ClinicalNarrativeTemporalAnnotation>