<?xml version="1.0" encoding="UTF-8" ?>
<ClinicalNarrativeTemporalAnnotation>
<TEXT><![CDATA[
Admission Date :
2015-08-22
Discharge Date :
2015-08-26
Service :
CMED
History of Present Illness :
68 year old right handed man with multiple vascular risk factors , including 2 previous strokes and two myocardial infarctions , hypertension and hypercholesterolemia , who presents with acute onset right sided hemiplegia and dysarthria .
He went to the bathroom on his own at 6:12 AM and then called for help at 6:15 AM .
His wife found him with weak right leg , flaccid right arm , and severe dysarthria .
She called 911 and he was brought to Hahnemann General Hospital Lydia .
ROS :
Wife denies any recent bleeding , surgeries , or upper respiratory infection .
Brief Hospital Course :
Assessment :
68M with multiple vascular risk factors presents with acute onset right-sided hemiparesis and dysarthria , aphasia concerning for acute left MCA infarct .
Patient arrived in Daniel within 3 hours of symptom onset and head CT showed no evidence of bleed .
However , as wife had not seen patient before he became symptomatic , there was some concern that he had symptoms earlier than 6 am , and therefore would be outside the 3 hour window for TPA .
MRI was performed which showed diffusion abnormalities but no hyperintensity on T2 / FLAIR imaging supporting the acute onset .
Therefore , IV tpa thrombolytics were administered within 3 hours of symptom onset .
Within minutes the patient showed decreased right sided weakness and improved from a global aphasia to an anterior aphasia picture .
Given the likely embolic etiology of infarct , carotid doppler and TTE were performed .
Doppler revealed no hemodynamically significant lesions bilaterally .
Echo did not reveal potential source of emboli , but showed striking left ventricle akinesis and hypokinesis presumbly due to past MI x 2 .
Given that the stroke occurred while taking aspirin and plavix , and given the severe akinesis of the left ventricle , we decided to initiate anticoagulation with warfarin to help prevent future strokes .
Anticoagulation therapy was initiated with heparin and coumadin beginning on the evening of 2016-08-23 .
The patient and his wife , a nurse , were educated on low molecular wt heparin , which was started in the hospital on 2015-08-26 with close follow-up scheduled with Dr. Demmert of the Wareham VA primary care clinic the next morning .
His depakote was continued for his bipolar disorder .
On discharge , strength was nearly intact in the limbs , though he still had a right-sided facial droop .
Additionally , he still had mild dysarthria and mild anterior aphasia .
Additionally , risk factor modification was continued .
Lipid panel was checked and showed good control of lipids on his home dose of zocor .
Patient has no history of diabetes , and fasting glucose was 78 , but A1C was slightly elevated at 5.9 .
He may need further glucose monitoring in the future .
His home hypertensive medications were held while in the hospital to help increase cerebral perfusion and prevent further ischemia .
They will be restarted on discharge .
Speech therapy was also consulted , and recommended oupatient speech therapy .
Similarly , outpatient PT was recommended for his gait difficulties from his previous strokes .
Residual deficits include right side facial droop from previous stroke and moderately severe dysarthria and anterior aphasia with word finding difficulties .
]]></TEXT>
<TAGS>
<EVENT id="E1" start="2207" end="2210" text="the hospital" modality="FACTUAL" polarity="POS" type="CLINICAL_DEPT" />
<EVENT id="E2" start="2297" end="2299" text="VA primary care clinic" modality="FACTUAL" polarity="POS" type="CLINICAL_DEPT" />
<EVENT id="E3" start="2926" end="2929" text="the hospital" modality="FACTUAL" polarity="POS" type="CLINICAL_DEPT" />
<EVENT id="E4" start="3044" end="3050" text="Speech therapy" modality="FACTUAL" polarity="POS" type="CLINICAL_DEPT" />
<EVENT id="E5" start="3106" end="3112" text="speech therapy" modality="FACTUAL" polarity="POS" type="CLINICAL_DEPT" />
<EVENT id="E6" start="546" end="555" text="Hahnemann General Hospital" modality="FACTUAL" polarity="POS" type="CLINICAL_DEPT" />
<EVENT id="E7" start="1708" end="1714" text="showed" modality="FACTUAL" polarity="POS" type="EVIDENTIAL" />
<EVENT id="E8" start="1593" end="1601" text="revealed" modality="FACTUAL" polarity="POS" type="EVIDENTIAL" />
<EVENT id="E9" start="2655" end="2661" text="showed" modality="FACTUAL" polarity="POS" type="EVIDENTIAL" />
<EVENT id="E10" start="274" end="282" text="presents" modality="FACTUAL" polarity="POS" type="EVIDENTIAL" />
<EVENT id="E11" start="592" end="598" text="denies" modality="FACTUAL" polarity="POS" type="EVIDENTIAL" />
<EVENT id="E12" start="743" end="751" text="presents" modality="FACTUAL" polarity="POS" type="EVIDENTIAL" />
<EVENT id="E13" start="928" end="934" text="showed" modality="FACTUAL" polarity="POS" type="EVIDENTIAL" />
<EVENT id="E14" start="1175" end="1181" text="showed" modality="FACTUAL" polarity="POS" type="EVIDENTIAL" />
<EVENT id="E15" start="1391" end="1397" text="showed" modality="FACTUAL" polarity="POS" type="EVIDENTIAL" />
<EVENT id="E16" start="2615" end="2624" text="continued" modality="FACTUAL" polarity="POS" type="OCCURRENCE" />
<EVENT id="E17" start="2396" end="2405" text="discharge" modality="FACTUAL" polarity="POS" type="OCCURRENCE" />
<EVENT id="E18" start="2245" end="2251" text="follow-up scheduled" modality="FACTUAL" polarity="POS" type="OCCURRENCE" />
<EVENT id="E19" start="2655" end="2661" text="showed good control" modality="FACTUAL" polarity="POS" type="OCCURRENCE" />
<EVENT id="E20" start="2428" end="2434" text="intact" modality="FACTUAL" polarity="POS" type="OCCURRENCE" />
<EVENT id="E21" start="3032" end="3041" text="discharge" modality="FACTUAL" polarity="POS" type="OCCURRENCE" />
<EVENT id="E22" start="2965" end="2974" text="perfusion" modality="FACTUAL" polarity="POS" type="OCCURRENCE" />
<EVENT id="E23" start="2356" end="2365" text="continued" modality="FACTUAL" polarity="POS" type="OCCURRENCE" />
<EVENT id="E24" start="3068" end="3077" text="consulted" modality="FACTUAL" polarity="POS" type="OCCURRENCE" />
<EVENT id="E25" start="1" end="10" text="Admission" modality="FACTUAL" polarity="POS" type="OCCURRENCE" />
<EVENT id="E26" start="29" end="38" text="Discharge" modality="FACTUAL" polarity="POS" type="OCCURRENCE" />
<EVENT id="E27" start="274" end="282" text="presents" modality="FACTUAL" polarity="POS" type="OCCURRENCE" />
<EVENT id="E28" start="866" end="873" text="arrived" modality="FACTUAL" polarity="POS" type="OCCURRENCE" />
<EVENT id="E29" start="599" end="602" text="any recent bleeding" modality="FACTUAL" polarity="POS" type="PROBLEM" />
<EVENT id="E30" start="489" end="495" text="severe dysarthria" modality="FACTUAL" polarity="POS" type="PROBLEM" />
<EVENT id="E31" start="465" end="472" text="flaccid right arm" modality="FACTUAL" polarity="POS" type="PROBLEM" />
<EVENT id="E32" start="448" end="452" text="weak right leg" modality="FACTUAL" polarity="POS" type="PROBLEM" />
<EVENT id="E33" start="327" end="337" text="dysarthria" modality="FACTUAL" polarity="POS" type="PROBLEM" />
<EVENT id="E34" start="288" end="293" text="acute onset right sided hemiplegia" modality="FACTUAL" polarity="POS" type="PROBLEM" />
<EVENT id="E35" start="247" end="267" text="hypercholesterolemia" modality="FACTUAL" polarity="POS" type="PROBLEM" />
<EVENT id="E36" start="230" end="242" text="hypertension" modality="FACTUAL" polarity="POS" type="PROBLEM" />
<EVENT id="E37" start="201" end="204" text="two myocardial infarctions" modality="FACTUAL" polarity="POS" type="PROBLEM" />
<EVENT id="E38" start="178" end="179" text="2 previous strokes" modality="FACTUAL" polarity="POS" type="PROBLEM" />
<EVENT id="E39" start="135" end="143" text="multiple vascular risk factors" modality="FACTUAL" polarity="POS" type="PROBLEM" />
<EVENT id="E40" start="2547" end="2551" text="mild anterior aphasia" modality="FACTUAL" polarity="POS" type="PROBLEM" />
<EVENT id="E41" start="2527" end="2531" text="mild dysarthria" modality="FACTUAL" polarity="POS" type="PROBLEM" />
<EVENT id="E42" start="2791" end="2799" text="slightly elevated" modality="FACTUAL" polarity="POS" type="PROBLEM" />
<EVENT id="E43" start="2739" end="2747" text="diabetes" modality="FACTUAL" polarity="POS" type="PROBLEM" />
<EVENT id="E44" start="1983" end="1989" text="future strokes" modality="FACTUAL" polarity="POS" type="PROBLEM" />
<EVENT id="E45" start="1870" end="1873" text="the severe akinesis of the left ventricle" modality="FACTUAL" polarity="POS" type="PROBLEM" />
<EVENT id="E46" start="2470" end="2471" text="a right-sided facial droop" modality="FACTUAL" polarity="POS" type="PROBLEM" />
<EVENT id="E47" start="2370" end="2373" text="his bipolar disorder" modality="FACTUAL" polarity="POS" type="PROBLEM" />
<EVENT id="E48" start="1752" end="1763" text="hypokinesis" modality="FACTUAL" polarity="POS" type="PROBLEM" />
<EVENT id="E49" start="1715" end="1723" text="striking left ventricle akinesis" modality="FACTUAL" polarity="POS" type="PROBLEM" />
<EVENT id="E50" start="1806" end="1809" text="the stroke" modality="FACTUAL" polarity="POS" type="PROBLEM" />
<EVENT id="E51" start="1781" end="1785" text="past MI" modality="FACTUAL" polarity="POS" type="PROBLEM" />
<EVENT id="E52" start="1534" end="1541" text="infarct" modality="FACTUAL" polarity="POS" type="PROBLEM" />
<EVENT id="E53" start="1695" end="1701" text="emboli" modality="FACTUAL" polarity="POS" type="PROBLEM" />
<EVENT id="E54" start="1605" end="1620" text="hemodynamically significant lesions bilaterally" modality="FACTUAL" polarity="POS" type="PROBLEM" />
<EVENT id="E55" start="1348" end="1355" text="symptom onset" modality="FACTUAL" polarity="POS" type="PROBLEM" />
<EVENT id="E56" start="1398" end="1407" text="decreased right sided weakness" modality="FACTUAL" polarity="POS" type="PROBLEM" />
<EVENT id="E57" start="1447" end="1448" text="a global aphasia" modality="FACTUAL" polarity="POS" type="PROBLEM" />
<EVENT id="E58" start="1467" end="1469" text="an anterior aphasia picture" modality="FACTUAL" polarity="POS" type="PROBLEM" />
<EVENT id="E59" start="1014" end="1025" text="symptomatic" modality="FACTUAL" polarity="POS" type="PROBLEM" />
<EVENT id="E60" start="1063" end="1071" text="symptoms" modality="FACTUAL" polarity="POS" type="PROBLEM" />
<EVENT id="E61" start="1182" end="1191" text="diffusion abnormalities" modality="FACTUAL" polarity="POS" type="PROBLEM" />
<EVENT id="E62" start="1213" end="1227" text="hyperintensity" modality="FACTUAL" polarity="POS" type="PROBLEM" />
<EVENT id="E63" start="810" end="817" text="aphasia" modality="FACTUAL" polarity="POS" type="PROBLEM" />
<EVENT id="E64" start="833" end="838" text="acute left MCA infarct" modality="FACTUAL" polarity="POS" type="PROBLEM" />
<EVENT id="E65" start="902" end="909" text="symptom onset" modality="FACTUAL" polarity="POS" type="PROBLEM" />
<EVENT id="E66" start="950" end="955" text="bleed" modality="FACTUAL" polarity="POS" type="PROBLEM" />
<EVENT id="E67" start="636" end="641" text="upper respiratory infection" modality="FACTUAL" polarity="POS" type="PROBLEM" />
<EVENT id="E68" start="712" end="720" text="multiple vascular risk factors" modality="FACTUAL" polarity="POS" type="PROBLEM" />
<EVENT id="E69" start="757" end="762" text="acute onset right-sided hemiparesis" modality="FACTUAL" polarity="POS" type="PROBLEM" />
<EVENT id="E70" start="797" end="807" text="dysarthria" modality="FACTUAL" polarity="POS" type="PROBLEM" />
<EVENT id="E71" start="3219" end="3227" text="Residual deficits" modality="FACTUAL" polarity="POS" type="PROBLEM" />
<EVENT id="E72" start="3196" end="3199" text="his previous strokes" modality="FACTUAL" polarity="POS" type="PROBLEM" />
<EVENT id="E73" start="3169" end="3172" text="his gait difficulties" modality="FACTUAL" polarity="POS" type="PROBLEM" />
<EVENT id="E74" start="2987" end="2994" text="further ischemia" modality="FACTUAL" polarity="POS" type="PROBLEM" />
<EVENT id="E75" start="3327" end="3335" text="anterior aphasia" modality="FACTUAL" polarity="POS" type="PROBLEM" />
<EVENT id="E76" start="3294" end="3304" text="moderately severe dysarthria" modality="FACTUAL" polarity="POS" type="PROBLEM" />
<EVENT id="E77" start="3274" end="3282" text="previous stroke" modality="FACTUAL" polarity="POS" type="PROBLEM" />
<EVENT id="E78" start="3245" end="3250" text="right side facial droop" modality="FACTUAL" polarity="POS" type="PROBLEM" />
<EVENT id="E79" start="1503" end="1506" text="the likely embolic etiology" modality="FACTUAL" polarity="POS" type="PROBLEM" />
<EVENT id="E80" start="3349" end="3353" text="word finding difficulties" modality="FACTUAL" polarity="POS" type="PROBLEM" />
<EVENT id="E81" start="1585" end="1592" text="Doppler" modality="FACTUAL" polarity="POS" type="TEST" />
<EVENT id="E82" start="1564" end="1567" text="TTE" modality="FACTUAL" polarity="POS" type="TEST" />
<EVENT id="E83" start="2627" end="2632" text="Lipid panel" modality="FACTUAL" polarity="POS" type="TEST" />
<EVENT id="E84" start="1655" end="1659" text="Echo" modality="FACTUAL" polarity="POS" type="TEST" />
<EVENT id="E85" start="2783" end="2786" text="A1C" modality="FACTUAL" polarity="POS" type="TEST" />
<EVENT id="E86" start="2754" end="2761" text="fasting glucose" modality="FACTUAL" polarity="POS" type="TEST" />
<EVENT id="E87" start="2830" end="2837" text="further glucose monitoring" modality="FACTUAL" polarity="POS" type="TEST" />
<EVENT id="E88" start="920" end="924" text="head CT" modality="FACTUAL" polarity="POS" type="TEST" />
<EVENT id="E89" start="1151" end="1154" text="MRI" modality="FACTUAL" polarity="POS" type="TEST" />
<EVENT id="E90" start="1231" end="1233" text="T2 / FLAIR imaging" modality="FACTUAL" polarity="POS" type="TEST" />
<EVENT id="E91" start="1544" end="1551" text="carotid doppler" modality="FACTUAL" polarity="POS" type="TEST" />
<EVENT id="E92" start="3135" end="3145" text="outpatient PT" modality="FACTUAL" polarity="POS" type="TREATMENT" />
<EVENT id="E93" start="2873" end="2876" text="His home hypertensive medications" modality="FACTUAL" polarity="POS" type="TREATMENT" />
<EVENT id="E94" start="3096" end="3105" text="oupatient speech therapy" modality="FACTUAL" polarity="POS" type="TREATMENT" />
<EVENT id="E95" start="2000" end="2015" text="Anticoagulation therapy" modality="FACTUAL" polarity="POS" type="TREATMENT" />
<EVENT id="E96" start="1958" end="1966" text="warfarin" modality="FACTUAL" polarity="POS" type="TREATMENT" />
<EVENT id="E97" start="2055" end="2063" text="coumadin" modality="FACTUAL" polarity="POS" type="TREATMENT" />
<EVENT id="E98" start="2043" end="2050" text="heparin" modality="FACTUAL" polarity="POS" type="TREATMENT" />
<EVENT id="E99" start="2339" end="2342" text="His depakote" modality="FACTUAL" polarity="POS" type="TREATMENT" />
<EVENT id="E100" start="2159" end="2162" text="low molecular wt heparin" modality="FACTUAL" polarity="POS" type="TREATMENT" />
<EVENT id="E101" start="2688" end="2691" text="his home dose of zocor" modality="FACTUAL" polarity="POS" type="TREATMENT" />
<EVENT id="E102" start="2586" end="2590" text="risk factor modification" modality="FACTUAL" polarity="POS" type="TREATMENT" />
<EVENT id="E103" start="1145" end="1148" text="TPA" modality="FACTUAL" polarity="POS" type="TREATMENT" />
<EVENT id="E104" start="621" end="630" text="surgeries" modality="FACTUAL" polarity="POS" type="TREATMENT" />
<EVENT id="E105" start="1839" end="1846" text="aspirin" modality="FACTUAL" polarity="POS" type="TREATMENT" />
<EVENT id="E106" start="1291" end="1293" text="IV tpa thrombolytics" modality="FACTUAL" polarity="POS" type="TREATMENT" />
<EVENT id="E107" start="1937" end="1952" text="anticoagulation" modality="FACTUAL" polarity="POS" type="TREATMENT" />
<EVENT id="E108" start="1851" end="1857" text="plavix" modality="FACTUAL" polarity="POS" type="TREATMENT" />
<TIMEX3 id="T1" start="2320" end="2323" text="the next morning" type="DATE" val="2015-08-22" mod="START" />
<TIMEX3 id="T2" start="2077" end="2080" text="the evening of 2016-08-23" type="DATE" val="2016-08-23" mod="NA" />
<TIMEX3 id="T3" start="2223" end="2227" text="2015-08-26" type="DATE" val="2015-08-26" mod="NA" />
<TIMEX3 id="T4" start="1337" end="1338" text="3 hours" type="DURATION" val="PT3H" mod="NA" />
<TIMEX3 id="T5" start="1789" end="1790" text="x 2" type="FREQUENCY" val="R2" mod="NA" />
<TIMEX3 id="T6" start="1085" end="1086" text="6 am" type="TIME" val="2015-08-22T06:00" mod="NA" />
<TIMEX3 id="T7" start="1127" end="1128" text="3 hour" type="DURATION" val="PT3H" mod="NA" />
<TIMEX3 id="T8" start="414" end="415" text="6:15 AM" type="TIME" val="2015-08-22T06:15" mod="NA" />
<TIMEX3 id="T9" start="891" end="892" text="3 hours" type="DURATION" val="PT3H" mod="NA" />
<TIMEX3 id="T10" start="46" end="50" text="2015-08-26" type="DATE" val="2015-08-26" mod="NA" />
<TIMEX3 id="T11" start="378" end="379" text="6:12 AM" type="TIME" val="2015-08-22T06:12" mod="NA" />
<TIMEX3 id="T12" start="18" end="22" text="2015-08-22" type="DATE" val="2015-08-22" mod="NA" />
<SECTIME id="S0" start="17" end="21" text="2015-08-22" type="ADMISSION" dvalue="2015-08-22" />
<SECTIME id="S1" start="45" end="49" text="2015-08-26" type="DISCHARGE" dvalue="2015-08-26" />
<TLINK id="TL0" fromID="E27" fromText="presents" toID="E27" toText="presents" type="AFTER" />
<TLINK id="TL1" fromID="E27" fromText="presents" toID="E33" toText="dysarthria" type="AFTER" />
<TLINK id="TL2" fromID="E27" fromText="presents" toID="E34" toText="acute onset right sided hemiplegia" type="AFTER" />
<TLINK id="TL3" fromID="E35" fromText="hypercholesterolemia" toID="E27" toText="presents" type="AFTER" />
<TLINK id="TL4" fromID="E36" fromText="hypertension" toID="E27" toText="presents" type="AFTER" />
<TLINK id="TL5" fromID="E37" fromText="two myocardial infarctions" toID="E27" toText="presents" type="AFTER" />
<TLINK id="TL6" fromID="E38" fromText="2 previous strokes" toID="E27" toText="presents" type="AFTER" />
<TLINK id="TL7" fromID="E39" fromText="multiple vascular risk factors" toID="E27" toText="presents" type="AFTER" />
<TLINK id="TL15" fromID="E34" fromText="acute onset right sided hemiplegia" toID="E33" toText="dysarthria" type="AFTER" />
<TLINK id="TL16" fromID="E35" fromText="hypercholesterolemia" toID="E33" toText="dysarthria" type="AFTER" />
<TLINK id="TL17" fromID="E36" fromText="hypertension" toID="E33" toText="dysarthria" type="AFTER" />
<TLINK id="TL18" fromID="E37" fromText="two myocardial infarctions" toID="E33" toText="dysarthria" type="AFTER" />
<TLINK id="TL19" fromID="E38" fromText="2 previous strokes" toID="E33" toText="dysarthria" type="AFTER" />
<TLINK id="TL20" fromID="E39" fromText="multiple vascular risk factors" toID="E33" toText="dysarthria" type="AFTER" />
<TLINK id="TL21" fromID="E35" fromText="hypercholesterolemia" toID="E34" toText="acute onset right sided hemiplegia" type="AFTER" />
<TLINK id="TL22" fromID="E36" fromText="hypertension" toID="E34" toText="acute onset right sided hemiplegia" type="AFTER" />
<TLINK id="TL23" fromID="E37" fromText="two myocardial infarctions" toID="E34" toText="acute onset right sided hemiplegia" type="AFTER" />
<TLINK id="TL24" fromID="E38" fromText="2 previous strokes" toID="E34" toText="acute onset right sided hemiplegia" type="AFTER" />
<TLINK id="TL25" fromID="E39" fromText="multiple vascular risk factors" toID="E34" toText="acute onset right sided hemiplegia" type="AFTER" />
<TLINK id="TL26" fromID="E36" fromText="hypertension" toID="E35" toText="hypercholesterolemia" type="AFTER" />
<TLINK id="TL27" fromID="E37" fromText="two myocardial infarctions" toID="E35" toText="hypercholesterolemia" type="AFTER" />
<TLINK id="TL28" fromID="E38" fromText="2 previous strokes" toID="E35" toText="hypercholesterolemia" type="AFTER" />
<TLINK id="TL29" fromID="E39" fromText="multiple vascular risk factors" toID="E35" toText="hypercholesterolemia" type="AFTER" />
<TLINK id="TL30" fromID="E37" fromText="two myocardial infarctions" toID="E36" toText="hypertension" type="AFTER" />
<TLINK id="TL31" fromID="E38" fromText="2 previous strokes" toID="E36" toText="hypertension" type="AFTER" />
<TLINK id="TL32" fromID="E39" fromText="multiple vascular risk factors" toID="E36" toText="hypertension" type="AFTER" />
<TLINK id="TL33" fromID="E38" fromText="2 previous strokes" toID="E37" toText="two myocardial infarctions" type="AFTER" />
<TLINK id="TL34" fromID="E39" fromText="multiple vascular risk factors" toID="E37" toText="two myocardial infarctions" type="AFTER" />
<TLINK id="TL35" fromID="E39" fromText="multiple vascular risk factors" toID="E38" toText="2 previous strokes" type="AFTER" />
<TLINK id="TL72" fromID="E31" fromText="flaccid right arm" toID="E30" toText="severe dysarthria" type="OVERLAP" />
<TLINK id="TL73" fromID="E32" fromText="weak right leg" toID="E30" toText="severe dysarthria" type="OVERLAP" />
<TLINK id="TL74" fromID="E32" fromText="weak right leg" toID="E31" toText="flaccid right arm" type="OVERLAP" />
<TLINK id="TL75" fromID="E11" fromText="denies" toID="E29" toText="any recent bleeding" type="AFTER" />
<TLINK id="TL76" fromID="E11" fromText="denies" toID="E67" toText="upper respiratory infection" type="AFTER" />
<TLINK id="TL77" fromID="E11" fromText="denies" toID="E104" toText="surgeries" type="AFTER" />
<TLINK id="TL78" fromID="E29" fromText="any recent bleeding" toID="E67" toText="upper respiratory infection" type="AFTER" />
<TLINK id="TL79" fromID="E29" fromText="any recent bleeding" toID="E104" toText="surgeries" type="AFTER" />
<TLINK id="TL80" fromID="E104" fromText="surgeries" toID="E67" toText="upper respiratory infection" type="AFTER" />
<TLINK id="TL87" fromID="E12" fromText="presents" toID="E63" toText="aphasia" type="AFTER" />
<TLINK id="TL88" fromID="E12" fromText="presents" toID="E64" toText="acute left MCA infarct" type="AFTER" />
<TLINK id="TL89" fromID="E68" fromText="multiple vascular risk factors" toID="E12" toText="presents" type="AFTER" />
<TLINK id="TL90" fromID="E12" fromText="presents" toID="E69" toText="acute onset right-sided hemiparesis" type="BEFORE" />
<TLINK id="TL91" fromID="E12" fromText="presents" toID="E70" toText="dysarthria" type="AFTER" />
<TLINK id="TL92" fromID="E63" fromText="aphasia" toID="E64" toText="acute left MCA infarct" type="OVERLAP" />
<TLINK id="TL93" fromID="E68" fromText="multiple vascular risk factors" toID="E63" toText="aphasia" type="OVERLAP" />
<TLINK id="TL94" fromID="E69" fromText="acute onset right-sided hemiparesis" toID="E63" toText="aphasia" type="OVERLAP" />
<TLINK id="TL95" fromID="E70" fromText="dysarthria" toID="E63" toText="aphasia" type="OVERLAP" />
<TLINK id="TL96" fromID="E68" fromText="multiple vascular risk factors" toID="E64" toText="acute left MCA infarct" type="OVERLAP" />
<TLINK id="TL97" fromID="E69" fromText="acute onset right-sided hemiparesis" toID="E64" toText="acute left MCA infarct" type="OVERLAP" />
<TLINK id="TL98" fromID="E70" fromText="dysarthria" toID="E64" toText="acute left MCA infarct" type="OVERLAP" />
<TLINK id="TL99" fromID="E68" fromText="multiple vascular risk factors" toID="E69" toText="acute onset right-sided hemiparesis" type="OVERLAP" />
<TLINK id="TL100" fromID="E68" fromText="multiple vascular risk factors" toID="E70" toText="dysarthria" type="OVERLAP" />
<TLINK id="TL101" fromID="E69" fromText="acute onset right-sided hemiparesis" toID="E70" toText="dysarthria" type="OVERLAP" />
<TLINK id="TL102" fromID="E28" fromText="arrived" toID="E13" toText="showed" type="AFTER" />
<TLINK id="TL103" fromID="E65" fromText="symptom onset" toID="E13" toText="showed" type="AFTER" />
<TLINK id="TL104" fromID="E13" fromText="showed" toID="E66" toText="bleed" type="AFTER" />
<TLINK id="TL105" fromID="E88" fromText="head CT" toID="E13" toText="showed" type="OVERLAP" />
<TLINK id="TL106" fromID="E28" fromText="arrived" toID="E65" toText="symptom onset" type="AFTER" />
<TLINK id="TL107" fromID="E28" fromText="arrived" toID="E66" toText="bleed" type="AFTER" />
<TLINK id="TL108" fromID="E28" fromText="arrived" toID="E88" toText="head CT" type="AFTER" />
<TLINK id="TL109" fromID="E65" fromText="symptom onset" toID="E66" toText="bleed" type="OVERLAP" />
<TLINK id="TL110" fromID="E65" fromText="symptom onset" toID="E88" toText="head CT" type="AFTER" />
<TLINK id="TL111" fromID="E88" fromText="head CT" toID="E66" toText="bleed" type="BEFORE" />
<TLINK id="TL112" fromID="E59" fromText="symptomatic" toID="E60" toText="symptoms" type="OVERLAP" />
<TLINK id="TL113" fromID="E59" fromText="symptomatic" toID="E103" toText="TPA" type="AFTER" />
<TLINK id="TL114" fromID="E60" fromText="symptoms" toID="E103" toText="TPA" type="AFTER" />
<TLINK id="TL115" fromID="E15" fromText="showed" toID="E61" toText="diffusion abnormalities" type="BEFORE" />
<TLINK id="TL116" fromID="E15" fromText="showed" toID="E62" toText="hyperintensity" type="OVERLAP" />
<TLINK id="TL117" fromID="E89" fromText="MRI" toID="E15" toText="showed" type="OVERLAP" />
<TLINK id="TL118" fromID="E15" fromText="showed" toID="E90" toText="T2 / FLAIR imaging" type="AFTER" />
<TLINK id="TL119" fromID="E61" fromText="diffusion abnormalities" toID="E62" toText="hyperintensity" type="OVERLAP" />
<TLINK id="TL120" fromID="E89" fromText="MRI" toID="E61" toText="diffusion abnormalities" type="AFTER" />
<TLINK id="TL121" fromID="E61" fromText="diffusion abnormalities" toID="E90" toText="T2 / FLAIR imaging" type="AFTER" />
<TLINK id="TL122" fromID="E89" fromText="MRI" toID="E62" toText="hyperintensity" type="OVERLAP" />
<TLINK id="TL123" fromID="E62" fromText="hyperintensity" toID="E90" toText="T2 / FLAIR imaging" type="OVERLAP" />
<TLINK id="TL124" fromID="E89" fromText="MRI" toID="E90" toText="T2 / FLAIR imaging" type="OVERLAP" />
<TLINK id="TL125" fromID="E106" fromText="IV tpa thrombolytics" toID="E55" toText="symptom onset" type="AFTER" />
<TLINK id="TL126" fromID="E15" fromText="showed" toID="E56" toText="decreased right sided weakness" type="BEFORE" />
<TLINK id="TL127" fromID="E15" fromText="showed" toID="E57" toText="a global aphasia" type="AFTER" />
<TLINK id="TL128" fromID="E15" fromText="showed" toID="E58" toText="an anterior aphasia picture" type="AFTER" />
<TLINK id="TL129" fromID="E56" fromText="decreased right sided weakness" toID="E57" toText="a global aphasia" type="OVERLAP" />
<TLINK id="TL130" fromID="E56" fromText="decreased right sided weakness" toID="E58" toText="an anterior aphasia picture" type="OVERLAP" />
<TLINK id="TL131" fromID="E57" fromText="a global aphasia" toID="E58" toText="an anterior aphasia picture" type="OVERLAP" />
<TLINK id="TL132" fromID="E79" fromText="the likely embolic etiology" toID="E52" toText="infarct" type="OVERLAP" />
<TLINK id="TL133" fromID="E52" fromText="infarct" toID="E82" toText="TTE" type="AFTER" />
<TLINK id="TL134" fromID="E52" fromText="infarct" toID="E91" toText="carotid doppler" type="OVERLAP" />
<TLINK id="TL135" fromID="E79" fromText="the likely embolic etiology" toID="E82" toText="TTE" type="AFTER" />
<TLINK id="TL136" fromID="E79" fromText="the likely embolic etiology" toID="E91" toText="carotid doppler" type="AFTER" />
<TLINK id="TL137" fromID="E91" fromText="carotid doppler" toID="E82" toText="TTE" type="OVERLAP" />
<TLINK id="TL138" fromID="E8" fromText="revealed" toID="E54" toText="hemodynamically significant lesions bilaterally" type="OVERLAP" />
<TLINK id="TL139" fromID="E81" fromText="Doppler" toID="E8" toText="revealed" type="OVERLAP" />
<TLINK id="TL140" fromID="E81" fromText="Doppler" toID="E54" toText="hemodynamically significant lesions bilaterally" type="BEFORE" />
<TLINK id="TL141" fromID="E7" fromText="showed" toID="E48" toText="hypokinesis" type="AFTER" />
<TLINK id="TL142" fromID="E7" fromText="showed" toID="E49" toText="striking left ventricle akinesis" type="BEFORE" />
<TLINK id="TL143" fromID="E7" fromText="showed" toID="E51" toText="past MI" type="AFTER" />
<TLINK id="TL144" fromID="E53" fromText="emboli" toID="E7" toText="showed" type="AFTER" />
<TLINK id="TL145" fromID="E84" fromText="Echo" toID="E7" toText="showed" type="OVERLAP" />
<TLINK id="TL146" fromID="E49" fromText="striking left ventricle akinesis" toID="E48" toText="hypokinesis" type="OVERLAP" />
<TLINK id="TL147" fromID="E48" fromText="hypokinesis" toID="E51" toText="past MI" type="OVERLAP" />
<TLINK id="TL148" fromID="E53" fromText="emboli" toID="E48" toText="hypokinesis" type="OVERLAP" />
<TLINK id="TL149" fromID="E84" fromText="Echo" toID="E48" toText="hypokinesis" type="AFTER" />
<TLINK id="TL150" fromID="E49" fromText="striking left ventricle akinesis" toID="E51" toText="past MI" type="OVERLAP" />
<TLINK id="TL151" fromID="E53" fromText="emboli" toID="E49" toText="striking left ventricle akinesis" type="OVERLAP" />
<TLINK id="TL152" fromID="E84" fromText="Echo" toID="E49" toText="striking left ventricle akinesis" type="AFTER" />
<TLINK id="TL153" fromID="E53" fromText="emboli" toID="E51" toText="past MI" type="OVERLAP" />
<TLINK id="TL154" fromID="E84" fromText="Echo" toID="E51" toText="past MI" type="AFTER" />
<TLINK id="TL155" fromID="E84" fromText="Echo" toID="E53" toText="emboli" type="AFTER" />
<TLINK id="TL156" fromID="E45" fromText="the severe akinesis of the left ventricle" toID="E44" toText="future strokes" type="OVERLAP" />
<TLINK id="TL157" fromID="E50" fromText="the stroke" toID="E44" toText="future strokes" type="OVERLAP" />
<TLINK id="TL158" fromID="E96" fromText="warfarin" toID="E44" toText="future strokes" type="AFTER" />
<TLINK id="TL159" fromID="E105" fromText="aspirin" toID="E44" toText="future strokes" type="AFTER" />
<TLINK id="TL160" fromID="E107" fromText="anticoagulation" toID="E44" toText="future strokes" type="AFTER" />
<TLINK id="TL161" fromID="E108" fromText="plavix" toID="E44" toText="future strokes" type="AFTER" />
<TLINK id="TL162" fromID="E50" fromText="the stroke" toID="E45" toText="the severe akinesis of the left ventricle" type="OVERLAP" />
<TLINK id="TL163" fromID="E45" fromText="the severe akinesis of the left ventricle" toID="E96" toText="warfarin" type="AFTER" />
<TLINK id="TL164" fromID="E105" fromText="aspirin" toID="E45" toText="the severe akinesis of the left ventricle" type="AFTER" />
<TLINK id="TL165" fromID="E45" fromText="the severe akinesis of the left ventricle" toID="E107" toText="anticoagulation" type="AFTER" />
<TLINK id="TL166" fromID="E108" fromText="plavix" toID="E45" toText="the severe akinesis of the left ventricle" type="AFTER" />
<TLINK id="TL167" fromID="E50" fromText="the stroke" toID="E96" toText="warfarin" type="AFTER" />
<TLINK id="TL168" fromID="E50" fromText="the stroke" toID="E105" toText="aspirin" type="AFTER" />
<TLINK id="TL169" fromID="E50" fromText="the stroke" toID="E107" toText="anticoagulation" type="AFTER" />
<TLINK id="TL170" fromID="E50" fromText="the stroke" toID="E108" toText="plavix" type="AFTER" />
<TLINK id="TL171" fromID="E105" fromText="aspirin" toID="E96" toText="warfarin" type="OVERLAP" />
<TLINK id="TL172" fromID="E107" fromText="anticoagulation" toID="E96" toText="warfarin" type="OVERLAP" />
<TLINK id="TL173" fromID="E108" fromText="plavix" toID="E96" toText="warfarin" type="OVERLAP" />
<TLINK id="TL174" fromID="E105" fromText="aspirin" toID="E107" toText="anticoagulation" type="OVERLAP" />
<TLINK id="TL175" fromID="E105" fromText="aspirin" toID="E108" toText="plavix" type="OVERLAP" />
<TLINK id="TL176" fromID="E108" fromText="plavix" toID="E107" toText="anticoagulation" type="OVERLAP" />
<TLINK id="TL177" fromID="E95" fromText="Anticoagulation therapy" toID="E97" toText="coumadin" type="OVERLAP" />
<TLINK id="TL178" fromID="E95" fromText="Anticoagulation therapy" toID="E98" toText="heparin" type="OVERLAP" />
<TLINK id="TL179" fromID="E98" fromText="heparin" toID="E97" toText="coumadin" type="OVERLAP" />
<TLINK id="TL180" fromID="E1" fromText="the hospital" toID="E2" toText="VA primary care clinic" type="AFTER" />
<TLINK id="TL181" fromID="E1" fromText="the hospital" toID="E18" toText="follow-up scheduled" type="AFTER" />
<TLINK id="TL182" fromID="E100" fromText="low molecular wt heparin" toID="E1" toText="the hospital" type="OVERLAP" />
<TLINK id="TL183" fromID="E18" fromText="follow-up scheduled" toID="E2" toText="VA primary care clinic" type="AFTER" />
<TLINK id="TL184" fromID="E100" fromText="low molecular wt heparin" toID="E2" toText="VA primary care clinic" type="OVERLAP" />
<TLINK id="TL185" fromID="E100" fromText="low molecular wt heparin" toID="E18" toText="follow-up scheduled" type="OVERLAP" />
<TLINK id="TL186" fromID="E23" fromText="continued" toID="E47" toText="his bipolar disorder" type="AFTER" />
<TLINK id="TL187" fromID="E99" fromText="His depakote" toID="E23" toText="continued" type="AFTER" />
<TLINK id="TL188" fromID="E99" fromText="His depakote" toID="E47" toText="his bipolar disorder" type="AFTER" />
<TLINK id="TL189" fromID="E17" fromText="discharge" toID="E20" toText="intact" type="AFTER" />
<TLINK id="TL190" fromID="E17" fromText="discharge" toID="E46" toText="a right-sided facial droop" type="AFTER" />
<TLINK id="TL191" fromID="E20" fromText="intact" toID="E46" toText="a right-sided facial droop" type="AFTER" />
<TLINK id="TL192" fromID="E41" fromText="mild dysarthria" toID="E40" toText="mild anterior aphasia" type="OVERLAP" />
<TLINK id="TL193" fromID="E102" fromText="risk factor modification" toID="E16" toText="continued" type="AFTER" />
<TLINK id="TL194" fromID="E9" fromText="showed" toID="E19" toText="showed good control" type="OVERLAP" />
<TLINK id="TL195" fromID="E83" fromText="Lipid panel" toID="E9" toText="showed" type="AFTER" />
<TLINK id="TL196" fromID="E9" fromText="showed" toID="E101" toText="his home dose of zocor" type="AFTER" />
<TLINK id="TL199" fromID="E83" fromText="Lipid panel" toID="E101" toText="his home dose of zocor" type="OVERLAP" />
<TLINK id="TL200" fromID="E43" fromText="diabetes" toID="E42" toText="slightly elevated" type="OVERLAP" />
<TLINK id="TL201" fromID="E85" fromText="A1C" toID="E42" toText="slightly elevated" type="AFTER" />
<TLINK id="TL202" fromID="E86" fromText="fasting glucose" toID="E42" toText="slightly elevated" type="AFTER" />
<TLINK id="TL203" fromID="E43" fromText="diabetes" toID="E85" toText="A1C" type="AFTER" />
<TLINK id="TL204" fromID="E43" fromText="diabetes" toID="E86" toText="fasting glucose" type="AFTER" />
<TLINK id="TL205" fromID="E86" fromText="fasting glucose" toID="E85" toText="A1C" type="OVERLAP" />
<TLINK id="TL206" fromID="E3" fromText="the hospital" toID="E22" toText="perfusion" type="AFTER" />
<TLINK id="TL207" fromID="E3" fromText="the hospital" toID="E74" toText="further ischemia" type="AFTER" />
<TLINK id="TL208" fromID="E93" fromText="His home hypertensive medications" toID="E3" toText="the hospital" type="AFTER" />
<TLINK id="TL209" fromID="E22" fromText="perfusion" toID="E74" toText="further ischemia" type="AFTER" />
<TLINK id="TL210" fromID="E93" fromText="His home hypertensive medications" toID="E22" toText="perfusion" type="AFTER" />
<TLINK id="TL211" fromID="E93" fromText="His home hypertensive medications" toID="E74" toText="further ischemia" type="AFTER" />
<TLINK id="TL212" fromID="E4" fromText="Speech therapy" toID="E5" toText="speech therapy" type="AFTER" />
<TLINK id="TL213" fromID="E4" fromText="Speech therapy" toID="E24" toText="consulted" type="AFTER" />
<TLINK id="TL214" fromID="E4" fromText="Speech therapy" toID="E94" toText="oupatient speech therapy" type="AFTER" />
<TLINK id="TL215" fromID="E24" fromText="consulted" toID="E5" toText="speech therapy" type="AFTER" />
<TLINK id="TL216" fromID="E94" fromText="oupatient speech therapy" toID="E5" toText="speech therapy" type="AFTER" />
<TLINK id="TL217" fromID="E24" fromText="consulted" toID="E94" toText="oupatient speech therapy" type="AFTER" />
<TLINK id="TL218" fromID="E73" fromText="his gait difficulties" toID="E72" toText="his previous strokes" type="OVERLAP" />
<TLINK id="TL219" fromID="E92" fromText="outpatient PT" toID="E72" toText="his previous strokes" type="AFTER" />
<TLINK id="TL220" fromID="E92" fromText="outpatient PT" toID="E73" toText="his gait difficulties" type="AFTER" />
<TLINK id="TL221" fromID="E71" fromText="Residual deficits" toID="E75" toText="anterior aphasia" type="OVERLAP" />
<TLINK id="TL222" fromID="E71" fromText="Residual deficits" toID="E76" toText="moderately severe dysarthria" type="OVERLAP" />
<TLINK id="TL223" fromID="E71" fromText="Residual deficits" toID="E77" toText="previous stroke" type="OVERLAP" />
<TLINK id="TL224" fromID="E71" fromText="Residual deficits" toID="E78" toText="right side facial droop" type="OVERLAP" />
<TLINK id="TL225" fromID="E71" fromText="Residual deficits" toID="E80" toText="word finding difficulties" type="OVERLAP" />
<TLINK id="TL226" fromID="E76" fromText="moderately severe dysarthria" toID="E75" toText="anterior aphasia" type="OVERLAP" />
<TLINK id="TL227" fromID="E77" fromText="previous stroke" toID="E75" toText="anterior aphasia" type="OVERLAP" />
<TLINK id="TL228" fromID="E78" fromText="right side facial droop" toID="E75" toText="anterior aphasia" type="OVERLAP" />
<TLINK id="TL229" fromID="E75" fromText="anterior aphasia" toID="E80" toText="word finding difficulties" type="OVERLAP" />
<TLINK id="TL230" fromID="E77" fromText="previous stroke" toID="E76" toText="moderately severe dysarthria" type="OVERLAP" />
<TLINK id="TL231" fromID="E78" fromText="right side facial droop" toID="E76" toText="moderately severe dysarthria" type="OVERLAP" />
<TLINK id="TL232" fromID="E76" fromText="moderately severe dysarthria" toID="E80" toText="word finding difficulties" type="OVERLAP" />
<TLINK id="TL233" fromID="E78" fromText="right side facial droop" toID="E77" toText="previous stroke" type="OVERLAP" />
<TLINK id="TL234" fromID="E77" fromText="previous stroke" toID="E80" toText="word finding difficulties" type="OVERLAP" />
<TLINK id="TL235" fromID="E78" fromText="right side facial droop" toID="E80" toText="word finding difficulties" type="OVERLAP" />
<TLINK id="TL236" fromID="E13" fromText="showed" toID="T9" toText="3 hours" type="OVERLAP" />
<TLINK id="TL238" fromID="E65" fromText="symptom onset" toID="T9" toText="3 hours" type="OVERLAP" />
<TLINK id="TL239" fromID="E66" fromText="bleed" toID="T9" toText="3 hours" type="OVERLAP" />
<TLINK id="TL240" fromID="E88" fromText="head CT" toID="T9" toText="3 hours" type="OVERLAP" />
<TLINK id="TL244" fromID="E55" fromText="symptom onset" toID="T4" toText="3 hours" type="OVERLAP" />
<TLINK id="TL245" fromID="E106" fromText="IV tpa thrombolytics" toID="T4" toText="3 hours" type="OVERLAP" />
<TLINK id="TL246" fromID="E7" fromText="showed" toID="T5" toText="x 2" type="OVERLAP" />
<TLINK id="TL247" fromID="E48" fromText="hypokinesis" toID="T5" toText="x 2" type="OVERLAP" />
<TLINK id="TL248" fromID="E49" fromText="striking left ventricle akinesis" toID="T5" toText="x 2" type="OVERLAP" />
<TLINK id="TL249" fromID="E51" fromText="past MI" toID="T5" toText="x 2" type="OVERLAP" />
<TLINK id="TL250" fromID="E53" fromText="emboli" toID="T5" toText="x 2" type="OVERLAP" />
<TLINK id="TL251" fromID="E84" fromText="Echo" toID="T5" toText="x 2" type="OVERLAP" />
<TLINK id="TL255" fromID="E1" fromText="the hospital" toID="T3" toText="2015-08-26" type="OVERLAP" />
<TLINK id="TL265" fromID="E59" fromText="symptomatic" toID="T7" toText="3 hour" type="OVERLAP" />
<TLINK id="TL267" fromID="E60" fromText="symptoms" toID="T7" toText="3 hour" type="OVERLAP" />
<TLINK id="TL269" fromID="E103" fromText="TPA" toID="T7" toText="3 hour" type="OVERLAP" />
<TLINK id="TL286" fromID="E18" fromText="follow-up scheduled" toID="T3" toText="2015-08-26" type="OVERLAP" />
<TLINK id="SECTIME0" fromID="E1" fromText="the hospital" toID="T10" toText="2015-08-26" type="BEFORE" />
<TLINK id="SECTIME1" fromID="E2" fromText="VA primary care clinic" toID="T10" toText="2015-08-26" type="BEFORE" />
<TLINK id="SECTIME2" fromID="E3" fromText="the hospital" toID="T10" toText="2015-08-26" type="BEFORE" />
<TLINK id="SECTIME3" fromID="E4" fromText="Speech therapy" toID="T10" toText="2015-08-26" type="BEFORE" />
<TLINK id="SECTIME4" fromID="E5" fromText="speech therapy" toID="T10" toText="2015-08-26" type="BEFORE" />
<TLINK id="SECTIME5" fromID="E6" fromText="Hahnemann General Hospital" toID="T12" toText="2015-08-22" type="BEFORE" />
<TLINK id="SECTIME6" fromID="E7" fromText="showed" toID="T10" toText="2015-08-26" type="BEFORE" />
<TLINK id="SECTIME7" fromID="E8" fromText="revealed" toID="T10" toText="2015-08-26" type="BEFORE" />
<TLINK id="SECTIME8" fromID="E9" fromText="showed" toID="T10" toText="2015-08-26" type="BEFORE" />
<TLINK id="SECTIME9" fromID="E27" fromText="presents" toID="T12" toText="2015-08-22" type="BEFORE" />
<TLINK id="SECTIME10" fromID="E11" fromText="denies" toID="T12" toText="2015-08-22" type="BEFORE" />
<TLINK id="SECTIME11" fromID="E12" fromText="presents" toID="T10" toText="2015-08-26" type="BEFORE" />
<TLINK id="SECTIME12" fromID="E13" fromText="showed" toID="T10" toText="2015-08-26" type="BEFORE" />
<TLINK id="SECTIME13" fromID="E15" fromText="showed" toID="T10" toText="2015-08-26" type="BEFORE" />
<TLINK id="SECTIME14" fromID="E15" fromText="showed" toID="T10" toText="2015-08-26" type="BEFORE" />
<TLINK id="SECTIME15" fromID="E16" fromText="continued" toID="T10" toText="2015-08-26" type="BEFORE" />
<TLINK id="SECTIME16" fromID="E17" fromText="discharge" toID="T10" toText="2015-08-26" type="BEFORE" />
<TLINK id="SECTIME17" fromID="E18" fromText="follow-up scheduled" toID="T10" toText="2015-08-26" type="BEFORE" />
<TLINK id="SECTIME18" fromID="E19" fromText="showed good control" toID="T10" toText="2015-08-26" type="BEFORE" />
<TLINK id="SECTIME19" fromID="E20" fromText="intact" toID="T10" toText="2015-08-26" type="BEFORE" />
<TLINK id="SECTIME20" fromID="E21" fromText="discharge" toID="T10" toText="2015-08-26" type="BEFORE" />
<TLINK id="SECTIME21" fromID="E22" fromText="perfusion" toID="T10" toText="2015-08-26" type="BEFORE" />
<TLINK id="SECTIME22" fromID="E23" fromText="continued" toID="T10" toText="2015-08-26" type="BEFORE" />
<TLINK id="SECTIME23" fromID="E24" fromText="consulted" toID="T10" toText="2015-08-26" type="BEFORE" />
<TLINK id="SECTIME24" fromID="E27" fromText="presents" toID="T12" toText="2015-08-22" type="BEFORE" />
<TLINK id="SECTIME25" fromID="E28" fromText="arrived" toID="T10" toText="2015-08-26" type="BEFORE" />
<TLINK id="SECTIME26" fromID="E29" fromText="any recent bleeding" toID="T12" toText="2015-08-22" type="BEFORE" />
<TLINK id="SECTIME27" fromID="E30" fromText="severe dysarthria" toID="T12" toText="2015-08-22" type="BEFORE" />
<TLINK id="SECTIME28" fromID="E31" fromText="flaccid right arm" toID="T12" toText="2015-08-22" type="BEFORE" />
<TLINK id="SECTIME29" fromID="E32" fromText="weak right leg" toID="T12" toText="2015-08-22" type="BEFORE" />
<TLINK id="SECTIME30" fromID="E33" fromText="dysarthria" toID="T12" toText="2015-08-22" type="BEFORE" />
<TLINK id="SECTIME31" fromID="E34" fromText="acute onset right sided hemiplegia" toID="T12" toText="2015-08-22" type="BEFORE" />
<TLINK id="SECTIME32" fromID="E35" fromText="hypercholesterolemia" toID="T12" toText="2015-08-22" type="BEFORE" />
<TLINK id="SECTIME33" fromID="E36" fromText="hypertension" toID="T12" toText="2015-08-22" type="BEFORE" />
<TLINK id="SECTIME34" fromID="E37" fromText="two myocardial infarctions" toID="T12" toText="2015-08-22" type="BEFORE" />
<TLINK id="SECTIME35" fromID="E38" fromText="2 previous strokes" toID="T12" toText="2015-08-22" type="BEFORE" />
<TLINK id="SECTIME36" fromID="E39" fromText="multiple vascular risk factors" toID="T12" toText="2015-08-22" type="BEFORE" />
<TLINK id="SECTIME37" fromID="E40" fromText="mild anterior aphasia" toID="T10" toText="2015-08-26" type="BEFORE" />
<TLINK id="SECTIME38" fromID="E41" fromText="mild dysarthria" toID="T10" toText="2015-08-26" type="BEFORE" />
<TLINK id="SECTIME39" fromID="E42" fromText="slightly elevated" toID="T10" toText="2015-08-26" type="BEFORE" />
<TLINK id="SECTIME40" fromID="E43" fromText="diabetes" toID="T10" toText="2015-08-26" type="BEFORE" />
<TLINK id="SECTIME41" fromID="E44" fromText="future strokes" toID="T10" toText="2015-08-26" type="BEFORE" />
<TLINK id="SECTIME42" fromID="E45" fromText="the severe akinesis of the left ventricle" toID="T10" toText="2015-08-26" type="BEFORE" />
<TLINK id="SECTIME43" fromID="E46" fromText="a right-sided facial droop" toID="T10" toText="2015-08-26" type="BEFORE" />
<TLINK id="SECTIME44" fromID="E47" fromText="his bipolar disorder" toID="T10" toText="2015-08-26" type="BEFORE" />
<TLINK id="SECTIME45" fromID="E48" fromText="hypokinesis" toID="T10" toText="2015-08-26" type="BEFORE" />
<TLINK id="SECTIME46" fromID="E49" fromText="striking left ventricle akinesis" toID="T10" toText="2015-08-26" type="BEFORE" />
<TLINK id="SECTIME47" fromID="E50" fromText="the stroke" toID="T10" toText="2015-08-26" type="BEFORE" />
<TLINK id="SECTIME48" fromID="E51" fromText="past MI" toID="T10" toText="2015-08-26" type="BEFORE" />
<TLINK id="SECTIME49" fromID="E52" fromText="infarct" toID="T10" toText="2015-08-26" type="BEFORE" />
<TLINK id="SECTIME50" fromID="E53" fromText="emboli" toID="T10" toText="2015-08-26" type="BEFORE" />
<TLINK id="SECTIME51" fromID="E54" fromText="hemodynamically significant lesions bilaterally" toID="T10" toText="2015-08-26" type="BEFORE" />
<TLINK id="SECTIME52" fromID="E55" fromText="symptom onset" toID="T10" toText="2015-08-26" type="BEFORE" />
<TLINK id="SECTIME53" fromID="E56" fromText="decreased right sided weakness" toID="T10" toText="2015-08-26" type="BEFORE" />
<TLINK id="SECTIME54" fromID="E57" fromText="a global aphasia" toID="T10" toText="2015-08-26" type="BEFORE" />
<TLINK id="SECTIME55" fromID="E58" fromText="an anterior aphasia picture" toID="T10" toText="2015-08-26" type="BEFORE" />
<TLINK id="SECTIME56" fromID="E59" fromText="symptomatic" toID="T10" toText="2015-08-26" type="BEFORE" />
<TLINK id="SECTIME57" fromID="E60" fromText="symptoms" toID="T10" toText="2015-08-26" type="BEFORE" />
<TLINK id="SECTIME58" fromID="E61" fromText="diffusion abnormalities" toID="T10" toText="2015-08-26" type="BEFORE" />
<TLINK id="SECTIME59" fromID="E62" fromText="hyperintensity" toID="T10" toText="2015-08-26" type="BEFORE" />
<TLINK id="SECTIME60" fromID="E63" fromText="aphasia" toID="T10" toText="2015-08-26" type="BEFORE" />
<TLINK id="SECTIME61" fromID="E64" fromText="acute left MCA infarct" toID="T10" toText="2015-08-26" type="BEFORE" />
<TLINK id="SECTIME62" fromID="E65" fromText="symptom onset" toID="T10" toText="2015-08-26" type="BEFORE" />
<TLINK id="SECTIME63" fromID="E66" fromText="bleed" toID="T10" toText="2015-08-26" type="BEFORE" />
<TLINK id="SECTIME64" fromID="E67" fromText="upper respiratory infection" toID="T12" toText="2015-08-22" type="BEFORE" />
<TLINK id="SECTIME65" fromID="E68" fromText="multiple vascular risk factors" toID="T10" toText="2015-08-26" type="BEFORE" />
<TLINK id="SECTIME66" fromID="E69" fromText="acute onset right-sided hemiparesis" toID="T10" toText="2015-08-26" type="BEFORE" />
<TLINK id="SECTIME67" fromID="E70" fromText="dysarthria" toID="T10" toText="2015-08-26" type="BEFORE" />
<TLINK id="SECTIME68" fromID="E71" fromText="Residual deficits" toID="T10" toText="2015-08-26" type="BEFORE" />
<TLINK id="SECTIME69" fromID="E72" fromText="his previous strokes" toID="T10" toText="2015-08-26" type="BEFORE" />
<TLINK id="SECTIME70" fromID="E73" fromText="his gait difficulties" toID="T10" toText="2015-08-26" type="BEFORE" />
<TLINK id="SECTIME71" fromID="E74" fromText="further ischemia" toID="T10" toText="2015-08-26" type="BEFORE" />
<TLINK id="SECTIME72" fromID="E75" fromText="anterior aphasia" toID="T10" toText="2015-08-26" type="BEFORE" />
<TLINK id="SECTIME73" fromID="E76" fromText="moderately severe dysarthria" toID="T10" toText="2015-08-26" type="BEFORE" />
<TLINK id="SECTIME74" fromID="E77" fromText="previous stroke" toID="T10" toText="2015-08-26" type="BEFORE" />
<TLINK id="SECTIME75" fromID="E78" fromText="right side facial droop" toID="T10" toText="2015-08-26" type="BEFORE" />
<TLINK id="SECTIME76" fromID="E79" fromText="the likely embolic etiology" toID="T10" toText="2015-08-26" type="BEFORE" />
<TLINK id="SECTIME77" fromID="E80" fromText="word finding difficulties" toID="T10" toText="2015-08-26" type="BEFORE" />
<TLINK id="SECTIME78" fromID="E81" fromText="Doppler" toID="T10" toText="2015-08-26" type="BEFORE" />
<TLINK id="SECTIME79" fromID="E82" fromText="TTE" toID="T10" toText="2015-08-26" type="BEFORE" />
<TLINK id="SECTIME80" fromID="E83" fromText="Lipid panel" toID="T10" toText="2015-08-26" type="BEFORE" />
<TLINK id="SECTIME81" fromID="E84" fromText="Echo" toID="T10" toText="2015-08-26" type="BEFORE" />
<TLINK id="SECTIME82" fromID="E85" fromText="A1C" toID="T10" toText="2015-08-26" type="BEFORE" />
<TLINK id="SECTIME83" fromID="E86" fromText="fasting glucose" toID="T10" toText="2015-08-26" type="BEFORE" />
<TLINK id="SECTIME84" fromID="E87" fromText="further glucose monitoring" toID="T10" toText="2015-08-26" type="BEFORE" />
<TLINK id="SECTIME85" fromID="E88" fromText="head CT" toID="T10" toText="2015-08-26" type="BEFORE" />
<TLINK id="SECTIME86" fromID="E89" fromText="MRI" toID="T10" toText="2015-08-26" type="BEFORE" />
<TLINK id="SECTIME87" fromID="E90" fromText="T2 / FLAIR imaging" toID="T10" toText="2015-08-26" type="BEFORE" />
<TLINK id="SECTIME88" fromID="E91" fromText="carotid doppler" toID="T10" toText="2015-08-26" type="BEFORE" />
<TLINK id="SECTIME89" fromID="E92" fromText="outpatient PT" toID="T10" toText="2015-08-26" type="BEFORE" />
<TLINK id="SECTIME90" fromID="E93" fromText="His home hypertensive medications" toID="T10" toText="2015-08-26" type="BEFORE" />
<TLINK id="SECTIME91" fromID="E94" fromText="oupatient speech therapy" toID="T10" toText="2015-08-26" type="BEFORE" />
<TLINK id="SECTIME92" fromID="E95" fromText="Anticoagulation therapy" toID="T10" toText="2015-08-26" type="BEFORE" />
<TLINK id="SECTIME93" fromID="E96" fromText="warfarin" toID="T10" toText="2015-08-26" type="BEFORE" />
<TLINK id="SECTIME94" fromID="E97" fromText="coumadin" toID="T10" toText="2015-08-26" type="BEFORE" />
<TLINK id="SECTIME95" fromID="E98" fromText="heparin" toID="T10" toText="2015-08-26" type="BEFORE" />
<TLINK id="SECTIME96" fromID="E99" fromText="His depakote" toID="T10" toText="2015-08-26" type="BEFORE" />
<TLINK id="SECTIME97" fromID="E100" fromText="low molecular wt heparin" toID="T10" toText="2015-08-26" type="BEFORE" />
<TLINK id="SECTIME98" fromID="E101" fromText="his home dose of zocor" toID="T10" toText="2015-08-26" type="BEFORE" />
<TLINK id="SECTIME99" fromID="E102" fromText="risk factor modification" toID="T10" toText="2015-08-26" type="BEFORE" />
<TLINK id="SECTIME100" fromID="E103" fromText="TPA" toID="T10" toText="2015-08-26" type="BEFORE" />
<TLINK id="SECTIME101" fromID="E104" fromText="surgeries" toID="T12" toText="2015-08-22" type="BEFORE" />
<TLINK id="SECTIME102" fromID="E105" fromText="aspirin" toID="T10" toText="2015-08-26" type="BEFORE" />
<TLINK id="SECTIME103" fromID="E106" fromText="IV tpa thrombolytics" toID="T10" toText="2015-08-26" type="BEFORE" />
<TLINK id="SECTIME104" fromID="E107" fromText="anticoagulation" toID="T10" toText="2015-08-26" type="BEFORE" />
<TLINK id="SECTIME105" fromID="E108" fromText="plavix" toID="T10" toText="2015-08-26" type="BEFORE" />
</TAGS>
</ClinicalNarrativeTemporalAnnotation>