<?xml version="1.0" encoding="UTF-8" ?>
<ClinicalNarrativeTemporalAnnotation>
<TEXT><![CDATA[
ADMISSION DATE :
07-30-93
DISCHARGE DATE :
08-10-93
HISTORY OF PRESENT ILLNESS :
The patient is a 47 year old patient of Dr. Laymie Fournier and Dr. Leebjescobe in Co In Saorlirv Frea , West Virginia who was well until a bout of double pneumonia in May 1992 , at which time he was hospitalized at Centdick Naco Hospital Medical Center .
He also has a history of hypertension and diabetes mellitus .
He had a transient episode of headache and disorientation at that time .
A CT and MRI scan corroborated multiple cerebral infarcts .
He was started on aspirin .
He has a family history of hypertension as well .
He was also placed on Vasotec .
A Holter monitor showed ventricular ectopy .
A thallium stress test showed tachycardia and severe dyspnea as well as a fall in blood pressure with low level exercise .
An echocardiogram showed global hypokinesis .
Accordingly he was referred for further evaluation .
HOSPITAL COURSE :
The patient was taken to the cardiac catheterization laboratory , where he was noted initially to have a pulmonary wedge pressure of 45 with a pulmonary artery pressure of 82/40 .
This lowered with IV nitroglycerin .
Selective coronary angiography showed an occluded right coronary artery in its midportion .
He had an 80% distal left main , a 90% proximal circumflex , and multiple significant lesions in the LAD .
His left ventricle ejection showed diffuse hypokinesis .
The situation was reviewed with his wife , Sligh .
She noted that he was actively working full time and was a sales representative at the Leigh and lives at home with her and his daughter , age 18 .
It was felt that , because of the evidence of congestive heart failure and the critical left main lesion , he should be admitted for further evaluation .
Indeed , he was treated with diuretics and nitrates along with cessation of his aspirin , and he was put on IV Heparin .
He stabilized over the weekend .
He was noted to have some ventricular ectopy on Holter monitor .
He developed epigastric pain on 07/31 which previously had been ignored but in retrospect was probably his anginal equivalent .
He also had multifocal ventricular ectopy at that time .
He had some further anterolateral ST segment changes .
Therefore , he did have unstable angina with his critical coronary anatomy .
The patient was seen in consultation by the Electrophysiology service , Dr. Slusslashgodle , who said that he had no indication for patch placement at the time of surgery .
On 08/02/93 , an intra-aortic balloon pump was placed ; then , Dr. Thorebreutz took him to the operating room , where he had quadruple coronary artery bypass grafting .
He had a left internal mammary artery graft of the LAD , a single saphenous vein to the right coronary artery with 280 cc per minute flow , and a saphenous vein snake graft to the diagonal and circumflex with 150 cc per minute flow .
A paraphimosis was noted and treated by Dr. Ryna Jescdrig .
After surgery he had a ongoing sinus tachycardia .
He was able to be rapidly weaned and extubated .
He had good hemodynamics .
He had occasional atrial and ventricular premature beats .
His intra-aortic balloon pump was weaned the following day and he was transferred out of the Surgical Intensive Care Unit .
He was seen in consultation by the Nutrition Service , who followed him for dietary management of his diabetes mellitus .
On 08/05 it was noted that his platelet count had fallen from 171,000 to 54,000 ; this was thought to be associated with intravenous Heparin and indeed , when Heparin was discontinued , since it had been restarted after surgery , his platelet count rebounded to normal .
Therefore , he does have a thrombocytopenic reaction to Heparin .
He remained in normal sinus rhythm .
He did have runs of nonsustained ventricular tachycardia , which were clinically stable .
He had a right bundle branch block .
He is at increased risk for future events because of his low left ventricular ejection fraction , but he is clinically stable on ACE inhibitors , Digoxin , Coumadin , and aspirin .
Therefore he was able to be discharged home .
He understands that he does have significant left ventricle dysfunction and requires monitoring of his prothrombin times and his arrhythmias ; these will be done in Grovea Co Terburgperv Portnew .
]]></TEXT>
<TAGS>
<EVENT id="E1" start="298" end="306" text="Centdick Naco Hospital Medical Center" modality="FACTUAL" polarity="POS" type="CLINICAL_DEPT" />
<EVENT id="E2" start="953" end="956" text="the cardiac catheterization laboratory" modality="FACTUAL" polarity="POS" type="CLINICAL_DEPT" />
<EVENT id="E3" start="2330" end="2333" text="the Electrophysiology service" modality="FACTUAL" polarity="POS" type="CLINICAL_DEPT" />
<EVENT id="E4" start="2554" end="2557" text="the operating room" modality="FACTUAL" polarity="POS" type="CLINICAL_DEPT" />
<EVENT id="E5" start="3201" end="3204" text="the Surgical Intensive Care Unit" modality="FACTUAL" polarity="POS" type="CLINICAL_DEPT" />
<EVENT id="E6" start="3267" end="3270" text="the Nutrition Service" modality="FACTUAL" polarity="POS" type="CLINICAL_DEPT" />
<EVENT id="E7" start="1372" end="1378" text="showed" modality="FACTUAL" polarity="POS" type="EVIDENTIAL" />
<EVENT id="E8" start="1176" end="1182" text="showed" modality="FACTUAL" polarity="POS" type="EVIDENTIAL" />
<EVENT id="E9" start="1007" end="1012" text="noted" modality="FACTUAL" polarity="POS" type="EVIDENTIAL" />
<EVENT id="E10" start="829" end="835" text="showed" modality="FACTUAL" polarity="POS" type="EVIDENTIAL" />
<EVENT id="E11" start="3374" end="3379" text="noted" modality="FACTUAL" polarity="POS" type="EVIDENTIAL" />
<EVENT id="E12" start="2885" end="2890" text="noted" modality="FACTUAL" polarity="POS" type="EVIDENTIAL" />
<EVENT id="E13" start="1915" end="1920" text="noted" modality="FACTUAL" polarity="POS" type="EVIDENTIAL" />
<EVENT id="E14" start="1456" end="1461" text="noted" modality="FACTUAL" polarity="POS" type="EVIDENTIAL" />
<EVENT id="E15" start="660" end="666" text="showed" modality="FACTUAL" polarity="POS" type="EVIDENTIAL" />
<EVENT id="E16" start="711" end="717" text="showed" modality="FACTUAL" polarity="POS" type="EVIDENTIAL" />
<EVENT id="E17" start="282" end="294" text="hospitalized" modality="FACTUAL" polarity="POS" type="OCCURRENCE" />
<EVENT id="E18" start="209" end="213" text="well" modality="FACTUAL" polarity="POS" type="OCCURRENCE" />
<EVENT id="E19" start="27" end="36" text="DISCHARGE" modality="FACTUAL" polarity="POS" type="OCCURRENCE" />
<EVENT id="E20" start="1" end="10" text="ADMISSION" modality="FACTUAL" polarity="POS" type="OCCURRENCE" />
<EVENT id="E21" start="1419" end="1427" text="reviewed" modality="FACTUAL" polarity="POS" type="OCCURRENCE" />
<EVENT id="E22" start="1720" end="1728" text="admitted" modality="FACTUAL" polarity="POS" type="OCCURRENCE" />
<EVENT id="E23" start="800" end="808" text="exercise" modality="FACTUAL" polarity="POS" type="OCCURRENCE" />
<EVENT id="E24" start="876" end="884" text="referred" modality="FACTUAL" polarity="POS" type="OCCURRENCE" />
<EVENT id="E25" start="2407" end="2417" text="indication" modality="FACTUAL" polarity="POS" type="OCCURRENCE" />
<EVENT id="E26" start="3003" end="3009" text="weaned and extubated" modality="FACTUAL" polarity="POS" type="OCCURRENCE" />
<EVENT id="E27" start="1878" end="1888" text="stabilized" modality="FACTUAL" polarity="POS" type="OCCURRENCE" />
<EVENT id="E28" start="2306" end="2310" text="seen in" modality="FACTUAL" polarity="POS" type="OCCURRENCE" />
<EVENT id="E29" start="3243" end="3247" text="seen in consultation" modality="FACTUAL" polarity="POS" type="OCCURRENCE" />
<EVENT id="E30" start="3295" end="3303" text="followed" modality="FACTUAL" polarity="POS" type="OCCURRENCE" />
<EVENT id="E31" start="3033" end="3037" text="good hemodynamics" modality="FACTUAL" polarity="POS" type="OCCURRENCE" />
<EVENT id="E32" start="3182" end="3193" text="transferred" modality="FACTUAL" polarity="POS" type="OCCURRENCE" />
<EVENT id="E33" start="3710" end="3716" text="normal sinus rhythm" modality="FACTUAL" polarity="POS" type="OCCURRENCE" />
<EVENT id="E34" start="3802" end="3812" text="clinically stable" modality="FACTUAL" polarity="POS" type="OCCURRENCE" />
<EVENT id="E35" start="3562" end="3571" text="restarted" modality="FACTUAL" polarity="POS" type="OCCURRENCE" />
<EVENT id="E36" start="3620" end="3626" text="normal" modality="FACTUAL" polarity="POS" type="OCCURRENCE" />
<EVENT id="E37" start="3978" end="3984" text="stable" modality="FACTUAL" polarity="POS" type="OCCURRENCE" />
<EVENT id="E38" start="4068" end="4078" text="discharged" modality="FACTUAL" polarity="POS" type="OCCURRENCE" />
<EVENT id="E39" start="3868" end="3877" text="increased" modality="FACTUAL" polarity="POS" type="OCCURRENCE" />
<EVENT id="E40" start="3894" end="3900" text="events" modality="FACTUAL" polarity="POS" type="OCCURRENCE" />
<EVENT id="E41" start="363" end="375" text="hypertension" modality="FACTUAL" polarity="POS" type="PROBLEM" />
<EVENT id="E42" start="380" end="388" text="diabetes mellitus" modality="FACTUAL" polarity="POS" type="PROBLEM" />
<EVENT id="E43" start="230" end="236" text="double pneumonia" modality="FACTUAL" polarity="POS" type="PROBLEM" />
<EVENT id="E44" start="504" end="512" text="multiple cerebral infarcts" modality="FACTUAL" polarity="POS" type="PROBLEM" />
<EVENT id="E45" start="588" end="600" text="hypertension" modality="FACTUAL" polarity="POS" type="PROBLEM" />
<EVENT id="E46" start="430" end="438" text="headache" modality="FACTUAL" polarity="POS" type="PROBLEM" />
<EVENT id="E47" start="443" end="457" text="disorientation" modality="FACTUAL" polarity="POS" type="PROBLEM" />
<EVENT id="E48" start="734" end="740" text="severe dyspnea" modality="FACTUAL" polarity="POS" type="PROBLEM" />
<EVENT id="E49" start="760" end="761" text="a fall in blood pressure" modality="FACTUAL" polarity="POS" type="PROBLEM" />
<EVENT id="E50" start="667" end="678" text="ventricular ectopy" modality="FACTUAL" polarity="POS" type="PROBLEM" />
<EVENT id="E51" start="718" end="729" text="tachycardia" modality="FACTUAL" polarity="POS" type="PROBLEM" />
<EVENT id="E52" start="4119" end="4130" text="significant left ventricle dysfunction" modality="FACTUAL" polarity="POS" type="PROBLEM" />
<EVENT id="E53" start="3912" end="3915" text="his low left ventricular ejection fraction" modality="FACTUAL" polarity="POS" type="PROBLEM" />
<EVENT id="E54" start="3829" end="3830" text="a right bundle branch block" modality="FACTUAL" polarity="POS" type="PROBLEM" />
<EVENT id="E55" start="3752" end="3764" text="nonsustained ventricular tachycardia" modality="FACTUAL" polarity="POS" type="PROBLEM" />
<EVENT id="E56" start="3654" end="3655" text="a thrombocytopenic reaction" modality="FACTUAL" polarity="POS" type="PROBLEM" />
<EVENT id="E57" start="3334" end="3337" text="his diabetes mellitus" modality="FACTUAL" polarity="POS" type="PROBLEM" />
<EVENT id="E58" start="2947" end="2948" text="a ongoing sinus tachycardia" modality="FACTUAL" polarity="POS" type="PROBLEM" />
<EVENT id="E59" start="3060" end="3070" text="occasional atrial and ventricular premature beats" modality="FACTUAL" polarity="POS" type="PROBLEM" />
<EVENT id="E60" start="2258" end="2261" text="his critical coronary anatomy" modality="FACTUAL" polarity="POS" type="PROBLEM" />
<EVENT id="E61" start="2866" end="2867" text="A paraphimosis" modality="FACTUAL" polarity="POS" type="PROBLEM" />
<EVENT id="E62" start="2165" end="2169" text="some further anterolateral ST segment changes" modality="FACTUAL" polarity="POS" type="PROBLEM" />
<EVENT id="E63" start="2237" end="2245" text="unstable angina" modality="FACTUAL" polarity="POS" type="PROBLEM" />
<EVENT id="E64" start="2076" end="2079" text="his anginal equivalent" modality="FACTUAL" polarity="POS" type="PROBLEM" />
<EVENT id="E65" start="2113" end="2123" text="multifocal ventricular ectopy" modality="FACTUAL" polarity="POS" type="PROBLEM" />
<EVENT id="E66" start="1929" end="1933" text="some ventricular ectopy" modality="FACTUAL" polarity="POS" type="PROBLEM" />
<EVENT id="E67" start="1986" end="1996" text="epigastric pain" modality="FACTUAL" polarity="POS" type="PROBLEM" />
<EVENT id="E68" start="1646" end="1656" text="congestive heart failure" modality="FACTUAL" polarity="POS" type="PROBLEM" />
<EVENT id="E69" start="1675" end="1678" text="the critical left main lesion" modality="FACTUAL" polarity="POS" type="PROBLEM" />
<EVENT id="E70" start="1302" end="1310" text="multiple significant lesions in the LAD" modality="FACTUAL" polarity="POS" type="PROBLEM" />
<EVENT id="E71" start="1379" end="1386" text="diffuse hypokinesis" modality="FACTUAL" polarity="POS" type="PROBLEM" />
<EVENT id="E72" start="836" end="842" text="global hypokinesis" modality="FACTUAL" polarity="POS" type="PROBLEM" />
<EVENT id="E73" start="1183" end="1185" text="an occluded right coronary artery in its midportion" modality="FACTUAL" polarity="POS" type="PROBLEM" />
<EVENT id="E74" start="482" end="485" text="MRI scan" modality="FACTUAL" polarity="POS" type="TEST" />
<EVENT id="E75" start="473" end="474" text="A CT" modality="FACTUAL" polarity="POS" type="TEST" />
<EVENT id="E76" start="889" end="896" text="further evaluation" modality="FACTUAL" polarity="POS" type="TEST" />
<EVENT id="E77" start="811" end="813" text="An echocardiogram" modality="FACTUAL" polarity="POS" type="TEST" />
<EVENT id="E78" start="688" end="689" text="A thallium stress test" modality="FACTUAL" polarity="POS" type="TEST" />
<EVENT id="E79" start="643" end="644" text="A Holter monitor" modality="FACTUAL" polarity="POS" type="TEST" />
<EVENT id="E80" start="1733" end="1740" text="further evaluation" modality="FACTUAL" polarity="POS" type="TEST" />
<EVENT id="E81" start="1145" end="1154" text="Selective coronary angiography" modality="FACTUAL" polarity="POS" type="TEST" />
<EVENT id="E82" start="1069" end="1070" text="a pulmonary artery pressure" modality="FACTUAL" polarity="POS" type="TEST" />
<EVENT id="E83" start="1031" end="1032" text="a pulmonary wedge pressure" modality="FACTUAL" polarity="POS" type="TEST" />
<EVENT id="E84" start="4171" end="4181" text="monitoring of his prothrombin times and his arrhythmias" modality="FACTUAL" polarity="POS" type="TEST" />
<EVENT id="E85" start="3588" end="3591" text="his platelet count" modality="FACTUAL" polarity="POS" type="TEST" />
<EVENT id="E86" start="3385" end="3388" text="his platelet count" modality="FACTUAL" polarity="POS" type="TEST" />
<EVENT id="E87" start="1956" end="1962" text="Holter monitor" modality="FACTUAL" polarity="POS" type="TEST" />
<EVENT id="E88" start="633" end="640" text="Vasotec" modality="FACTUAL" polarity="POS" type="TREATMENT" />
<EVENT id="E89" start="551" end="558" text="aspirin" modality="FACTUAL" polarity="POS" type="TREATMENT" />
<EVENT id="E90" start="1830" end="1833" text="his aspirin" modality="FACTUAL" polarity="POS" type="TREATMENT" />
<EVENT id="E91" start="1797" end="1805" text="nitrates" modality="FACTUAL" polarity="POS" type="TREATMENT" />
<EVENT id="E92" start="1783" end="1792" text="diuretics" modality="FACTUAL" polarity="POS" type="TREATMENT" />
<EVENT id="E93" start="1126" end="1128" text="IV nitroglycerin" modality="FACTUAL" polarity="POS" type="TREATMENT" />
<EVENT id="E94" start="2453" end="2460" text="surgery" modality="FACTUAL" polarity="POS" type="TREATMENT" />
<EVENT id="E95" start="2477" end="2479" text="an intra-aortic balloon pump" modality="FACTUAL" polarity="POS" type="TREATMENT" />
<EVENT id="E96" start="1862" end="1864" text="IV Heparin" modality="FACTUAL" polarity="POS" type="TREATMENT" />
<EVENT id="E97" start="2422" end="2427" text="patch placement" modality="FACTUAL" polarity="POS" type="TREATMENT" />
<EVENT id="E98" start="2776" end="2777" text="a saphenous vein snake graft to the diagonal" modality="FACTUAL" polarity="POS" type="TREATMENT" />
<EVENT id="E99" start="2932" end="2939" text="surgery" modality="FACTUAL" polarity="POS" type="TREATMENT" />
<EVENT id="E100" start="2588" end="2597" text="quadruple coronary artery bypass grafting" modality="FACTUAL" polarity="POS" type="TREATMENT" />
<EVENT id="E101" start="2639" end="2640" text="a left internal mammary artery graft of the LAD" modality="FACTUAL" polarity="POS" type="TREATMENT" />
<EVENT id="E102" start="3517" end="3524" text="Heparin" modality="FACTUAL" polarity="POS" type="TREATMENT" />
<EVENT id="E103" start="3685" end="3692" text="Heparin" modality="FACTUAL" polarity="POS" type="TREATMENT" />
<EVENT id="E104" start="3112" end="3115" text="His intra-aortic balloon pump" modality="FACTUAL" polarity="POS" type="TREATMENT" />
<EVENT id="E105" start="3479" end="3490" text="intravenous Heparin" modality="FACTUAL" polarity="POS" type="TREATMENT" />
<EVENT id="E106" start="4015" end="4023" text="Coumadin" modality="FACTUAL" polarity="POS" type="TREATMENT" />
<EVENT id="E107" start="4030" end="4037" text="aspirin" modality="FACTUAL" polarity="POS" type="TREATMENT" />
<EVENT id="E108" start="3988" end="3991" text="ACE inhibitors" modality="FACTUAL" polarity="POS" type="TREATMENT" />
<EVENT id="E109" start="4005" end="4012" text="Digoxin" modality="FACTUAL" polarity="POS" type="TREATMENT" />
<EVENT id="E110" start="3014" end="3023" text="extubated" modality="FACTUAL" polarity="POS" type="TREATMENT" />
<TIMEX3 id="T1" start="2146" end="2150" text="that time" type="DATE" val="1993-07-30" mod="NA" />
<TIMEX3 id="T2" start="2005" end="2007" text="07/31" type="DATE" val="1993-07-31" mod="NA" />
<TIMEX3 id="T3" start="1894" end="1897" text="the weekend" type="DATE" val="1993-07-30" mod="END" />
<TIMEX3 id="T4" start="461" end="465" text="that time" type="DATE" val="1993-07-30" mod="NA" />
<TIMEX3 id="T5" start="250" end="253" text="May 1992" type="DATE" val="1992-05" mod="NA" />
<TIMEX3 id="T6" start="44" end="46" text="08-10-93" type="DATE" val="1993-08-10" mod="NA" />
<TIMEX3 id="T7" start="18" end="20" text="07-30-93" type="DATE" val="1993-07-30" mod="NA" />
<TIMEX3 id="T8" start="3361" end="3363" text="08/05" type="DATE" val="1993-08-05" mod="NA" />
<TIMEX3 id="T9" start="3153" end="3156" text="the following day" type="DATE" val="1993-07-31" mod="NA" />
<TIMEX3 id="T10" start="2466" end="2468" text="08/02/93" type="DATE" val="1993-08-02" mod="NA" />
<SECTIME id="S0" start="17" end="19" text="07-30-93" type="ADMISSION" dvalue="07-30-93" />
<SECTIME id="S1" start="43" end="45" text="08-10-93" type="DISCHARGE" dvalue="08-10-93" />
<TLINK id="TL0" fromID="E17" fromText="hospitalized" toID="E1" toText="Centdick Naco Hospital Medical Center" type="AFTER" />
<TLINK id="TL1" fromID="E18" fromText="well" toID="E1" toText="Centdick Naco Hospital Medical Center" type="AFTER" />
<TLINK id="TL2" fromID="E43" fromText="double pneumonia" toID="E1" toText="Centdick Naco Hospital Medical Center" type="AFTER" />
<TLINK id="TL3" fromID="E18" fromText="well" toID="E17" toText="hospitalized" type="AFTER" />
<TLINK id="TL4" fromID="E43" fromText="double pneumonia" toID="E17" toText="hospitalized" type="AFTER" />
<TLINK id="TL5" fromID="E18" fromText="well" toID="E43" toText="double pneumonia" type="AFTER" />
<TLINK id="TL6" fromID="E45" fromText="hypertension" toID="E42" toText="diabetes mellitus" type="OVERLAP" />
<TLINK id="TL7" fromID="E46" fromText="headache" toID="E47" toText="disorientation" type="OVERLAP" />
<TLINK id="TL8" fromID="E74" fromText="MRI scan" toID="E44" toText="multiple cerebral infarcts" type="AFTER" />
<TLINK id="TL9" fromID="E75" fromText="A CT" toID="E44" toText="multiple cerebral infarcts" type="AFTER" />
<TLINK id="TL10" fromID="E75" fromText="A CT" toID="E74" toText="MRI scan" type="OVERLAP" />
<TLINK id="TL11" fromID="E8" fromText="showed" toID="E50" toText="ventricular ectopy" type="BEFORE" />
<TLINK id="TL12" fromID="E79" fromText="A Holter monitor" toID="E8" toText="showed" type="OVERLAP" />
<TLINK id="TL13" fromID="E79" fromText="A Holter monitor" toID="E50" toText="ventricular ectopy" type="AFTER" />
<TLINK id="TL14" fromID="E7" fromText="showed" toID="E23" toText="exercise" type="AFTER" />
<TLINK id="TL15" fromID="E7" fromText="showed" toID="E48" toText="severe dyspnea" type="AFTER" />
<TLINK id="TL16" fromID="E7" fromText="showed" toID="E49" toText="a fall in blood pressure" type="AFTER" />
<TLINK id="TL17" fromID="E7" fromText="showed" toID="E51" toText="tachycardia" type="BEFORE" />
<TLINK id="TL18" fromID="E78" fromText="A thallium stress test" toID="E7" toText="showed" type="OVERLAP" />
<TLINK id="TL19" fromID="E48" fromText="severe dyspnea" toID="E23" toText="exercise" type="AFTER" />
<TLINK id="TL20" fromID="E49" fromText="a fall in blood pressure" toID="E23" toText="exercise" type="AFTER" />
<TLINK id="TL21" fromID="E51" fromText="tachycardia" toID="E23" toText="exercise" type="AFTER" />
<TLINK id="TL22" fromID="E78" fromText="A thallium stress test" toID="E23" toText="exercise" type="AFTER" />
<TLINK id="TL23" fromID="E48" fromText="severe dyspnea" toID="E49" toText="a fall in blood pressure" type="OVERLAP" />
<TLINK id="TL24" fromID="E51" fromText="tachycardia" toID="E48" toText="severe dyspnea" type="OVERLAP" />
<TLINK id="TL25" fromID="E78" fromText="A thallium stress test" toID="E48" toText="severe dyspnea" type="AFTER" />
<TLINK id="TL26" fromID="E51" fromText="tachycardia" toID="E49" toText="a fall in blood pressure" type="OVERLAP" />
<TLINK id="TL27" fromID="E78" fromText="A thallium stress test" toID="E49" toText="a fall in blood pressure" type="AFTER" />
<TLINK id="TL28" fromID="E78" fromText="A thallium stress test" toID="E51" toText="tachycardia" type="AFTER" />
<TLINK id="TL29" fromID="E10" fromText="showed" toID="E72" toText="global hypokinesis" type="BEFORE" />
<TLINK id="TL30" fromID="E77" fromText="An echocardiogram" toID="E10" toText="showed" type="OVERLAP" />
<TLINK id="TL31" fromID="E77" fromText="An echocardiogram" toID="E72" toText="global hypokinesis" type="BEFORE" />
<TLINK id="TL32" fromID="E24" fromText="referred" toID="E76" toText="further evaluation" type="AFTER" />
<TLINK id="TL34" fromID="E2" fromText="the cardiac catheterization laboratory" toID="E9" toText="noted" type="AFTER" />
<TLINK id="TL35" fromID="E2" fromText="the cardiac catheterization laboratory" toID="E82" toText="a pulmonary artery pressure" type="OVERLAP" />
<TLINK id="TL36" fromID="E2" fromText="the cardiac catheterization laboratory" toID="E83" toText="a pulmonary wedge pressure" type="OVERLAP" />
<TLINK id="TL37" fromID="E9" fromText="noted" toID="E82" toText="a pulmonary artery pressure" type="AFTER" />
<TLINK id="TL38" fromID="E9" fromText="noted" toID="E83" toText="a pulmonary wedge pressure" type="AFTER" />
<TLINK id="TL39" fromID="E83" fromText="a pulmonary wedge pressure" toID="E82" toText="a pulmonary artery pressure" type="OVERLAP" />
<TLINK id="TL40" fromID="E8" fromText="showed" toID="E73" toText="an occluded right coronary artery in its midportion" type="BEFORE" />
<TLINK id="TL41" fromID="E81" fromText="Selective coronary angiography" toID="E8" toText="showed" type="OVERLAP" />
<TLINK id="TL42" fromID="E81" fromText="Selective coronary angiography" toID="E73" toText="an occluded right coronary artery in its midportion" type="AFTER" />
<TLINK id="TL43" fromID="E7" fromText="showed" toID="E71" toText="diffuse hypokinesis" type="BEFORE" />
<TLINK id="TL44" fromID="E68" fromText="congestive heart failure" toID="E22" toText="admitted" type="AFTER" />
<TLINK id="TL45" fromID="E69" fromText="the critical left main lesion" toID="E22" toText="admitted" type="AFTER" />
<TLINK id="TL46" fromID="E22" fromText="admitted" toID="E80" toText="further evaluation" type="AFTER" />
<TLINK id="TL47" fromID="E68" fromText="congestive heart failure" toID="E69" toText="the critical left main lesion" type="OVERLAP" />
<TLINK id="TL48" fromID="E68" fromText="congestive heart failure" toID="E80" toText="further evaluation" type="AFTER" />
<TLINK id="TL49" fromID="E69" fromText="the critical left main lesion" toID="E80" toText="further evaluation" type="AFTER" />
<TLINK id="TL50" fromID="E91" fromText="nitrates" toID="E90" toText="his aspirin" type="OVERLAP" />
<TLINK id="TL51" fromID="E92" fromText="diuretics" toID="E90" toText="his aspirin" type="OVERLAP" />
<TLINK id="TL52" fromID="E90" fromText="his aspirin" toID="E96" toText="IV Heparin" type="OVERLAP" />
<TLINK id="TL53" fromID="E92" fromText="diuretics" toID="E91" toText="nitrates" type="OVERLAP" />
<TLINK id="TL54" fromID="E91" fromText="nitrates" toID="E96" toText="IV Heparin" type="OVERLAP" />
<TLINK id="TL55" fromID="E92" fromText="diuretics" toID="E96" toText="IV Heparin" type="OVERLAP" />
<TLINK id="TL56" fromID="E13" fromText="noted" toID="E66" toText="some ventricular ectopy" type="BEFORE" />
<TLINK id="TL57" fromID="E13" fromText="noted" toID="E87" toText="Holter monitor" type="AFTER" />
<TLINK id="TL58" fromID="E66" fromText="some ventricular ectopy" toID="E87" toText="Holter monitor" type="AFTER" />
<TLINK id="TL59" fromID="E67" fromText="epigastric pain" toID="E64" toText="his anginal equivalent" type="OVERLAP" />
<TLINK id="TL60" fromID="E63" fromText="unstable angina" toID="E60" toText="his critical coronary anatomy" type="OVERLAP" />
<TLINK id="TL61" fromID="E3" fromText="the Electrophysiology service" toID="E25" toText="indication" type="AFTER" />
<TLINK id="TL62" fromID="E28" fromText="seen in" toID="E3" toText="the Electrophysiology service" type="AFTER" />
<TLINK id="TL63" fromID="E3" fromText="the Electrophysiology service" toID="E94" toText="surgery" type="AFTER" />
<TLINK id="TL64" fromID="E3" fromText="the Electrophysiology service" toID="E97" toText="patch placement" type="AFTER" />
<TLINK id="TL65" fromID="E28" fromText="seen in" toID="E25" toText="indication" type="AFTER" />
<TLINK id="TL66" fromID="E25" fromText="indication" toID="E94" toText="surgery" type="AFTER" />
<TLINK id="TL67" fromID="E25" fromText="indication" toID="E97" toText="patch placement" type="AFTER" />
<TLINK id="TL68" fromID="E28" fromText="seen in" toID="E94" toText="surgery" type="AFTER" />
<TLINK id="TL69" fromID="E28" fromText="seen in" toID="E97" toText="patch placement" type="AFTER" />
<TLINK id="TL70" fromID="E97" fromText="patch placement" toID="E94" toText="surgery" type="OVERLAP" />
<TLINK id="TL71" fromID="E95" fromText="an intra-aortic balloon pump" toID="E4" toText="the operating room" type="AFTER" />
<TLINK id="TL72" fromID="E4" fromText="the operating room" toID="E100" toText="quadruple coronary artery bypass grafting" type="AFTER" />
<TLINK id="TL73" fromID="E95" fromText="an intra-aortic balloon pump" toID="E100" toText="quadruple coronary artery bypass grafting" type="OVERLAP" />
<TLINK id="TL74" fromID="E101" fromText="a left internal mammary artery graft of the LAD" toID="E98" toText="a saphenous vein snake graft to the diagonal" type="OVERLAP" />
<TLINK id="TL75" fromID="E61" fromText="A paraphimosis" toID="E12" toText="noted" type="AFTER" />
<TLINK id="TL76" fromID="E99" fromText="surgery" toID="E58" toText="a ongoing sinus tachycardia" type="AFTER" />
<TLINK id="TL77" fromID="E26" fromText="weaned and extubated" toID="E110" toText="extubated" type="AFTER" />
<TLINK id="TL78" fromID="E32" fromText="transferred" toID="E5" toText="the Surgical Intensive Care Unit" type="AFTER" />
<TLINK id="TL79" fromID="E104" fromText="His intra-aortic balloon pump" toID="E5" toText="the Surgical Intensive Care Unit" type="AFTER" />
<TLINK id="TL80" fromID="E104" fromText="His intra-aortic balloon pump" toID="E32" toText="transferred" type="AFTER" />
<TLINK id="TL81" fromID="E29" fromText="seen in consultation" toID="E6" toText="the Nutrition Service" type="AFTER" />
<TLINK id="TL82" fromID="E6" fromText="the Nutrition Service" toID="E30" toText="followed" type="AFTER" />
<TLINK id="TL83" fromID="E6" fromText="the Nutrition Service" toID="E57" toText="his diabetes mellitus" type="AFTER" />
<TLINK id="TL84" fromID="E29" fromText="seen in consultation" toID="E30" toText="followed" type="AFTER" />
<TLINK id="TL85" fromID="E29" fromText="seen in consultation" toID="E57" toText="his diabetes mellitus" type="AFTER" />
<TLINK id="TL86" fromID="E30" fromText="followed" toID="E57" toText="his diabetes mellitus" type="AFTER" />
<TLINK id="TL87" fromID="E11" fromText="noted" toID="E35" toText="restarted" type="AFTER" />
<TLINK id="TL88" fromID="E11" fromText="noted" toID="E36" toText="normal" type="AFTER" />
<TLINK id="TL89" fromID="E11" fromText="noted" toID="E85" toText="his platelet count" type="AFTER" />
<TLINK id="TL90" fromID="E11" fromText="noted" toID="E86" toText="his platelet count" type="OVERLAP" />
<TLINK id="TL91" fromID="E11" fromText="noted" toID="E102" toText="Heparin" type="AFTER" />
<TLINK id="TL92" fromID="E11" fromText="noted" toID="E105" toText="intravenous Heparin" type="AFTER" />
<TLINK id="TL93" fromID="E35" fromText="restarted" toID="E36" toText="normal" type="AFTER" />
<TLINK id="TL94" fromID="E35" fromText="restarted" toID="E85" toText="his platelet count" type="AFTER" />
<TLINK id="TL95" fromID="E86" fromText="his platelet count" toID="E35" toText="restarted" type="AFTER" />
<TLINK id="TL96" fromID="E102" fromText="Heparin" toID="E35" toText="restarted" type="AFTER" />
<TLINK id="TL97" fromID="E105" fromText="intravenous Heparin" toID="E35" toText="restarted" type="AFTER" />
<TLINK id="TL98" fromID="E85" fromText="his platelet count" toID="E36" toText="normal" type="AFTER" />
<TLINK id="TL99" fromID="E86" fromText="his platelet count" toID="E36" toText="normal" type="AFTER" />
<TLINK id="TL100" fromID="E102" fromText="Heparin" toID="E36" toText="normal" type="AFTER" />
<TLINK id="TL101" fromID="E105" fromText="intravenous Heparin" toID="E36" toText="normal" type="AFTER" />
<TLINK id="TL102" fromID="E86" fromText="his platelet count" toID="E85" toText="his platelet count" type="OVERLAP" />
<TLINK id="TL103" fromID="E102" fromText="Heparin" toID="E85" toText="his platelet count" type="AFTER" />
<TLINK id="TL104" fromID="E105" fromText="intravenous Heparin" toID="E85" toText="his platelet count" type="AFTER" />
<TLINK id="TL105" fromID="E86" fromText="his platelet count" toID="E102" toText="Heparin" type="AFTER" />
<TLINK id="TL106" fromID="E86" fromText="his platelet count" toID="E105" toText="intravenous Heparin" type="AFTER" />
<TLINK id="TL107" fromID="E105" fromText="intravenous Heparin" toID="E102" toText="Heparin" type="OVERLAP" />
<TLINK id="TL108" fromID="E56" fromText="a thrombocytopenic reaction" toID="E103" toText="Heparin" type="AFTER" />
<TLINK id="TL109" fromID="E55" fromText="nonsustained ventricular tachycardia" toID="E34" toText="clinically stable" type="AFTER" />
<TLINK id="TL110" fromID="E39" fromText="increased" toID="E37" toText="stable" type="AFTER" />
<TLINK id="TL111" fromID="E40" fromText="events" toID="E37" toText="stable" type="AFTER" />
<TLINK id="TL112" fromID="E53" fromText="his low left ventricular ejection fraction" toID="E37" toText="stable" type="AFTER" />
<TLINK id="TL113" fromID="E37" fromText="stable" toID="E106" toText="Coumadin" type="AFTER" />
<TLINK id="TL114" fromID="E37" fromText="stable" toID="E107" toText="aspirin" type="AFTER" />
<TLINK id="TL115" fromID="E37" fromText="stable" toID="E108" toText="ACE inhibitors" type="OVERLAP" />
<TLINK id="TL116" fromID="E37" fromText="stable" toID="E109" toText="Digoxin" type="AFTER" />
<TLINK id="TL117" fromID="E39" fromText="increased" toID="E40" toText="events" type="AFTER" />
<TLINK id="TL118" fromID="E39" fromText="increased" toID="E53" toText="his low left ventricular ejection fraction" type="BEFORE" />
<TLINK id="TL119" fromID="E39" fromText="increased" toID="E106" toText="Coumadin" type="AFTER" />
<TLINK id="TL120" fromID="E39" fromText="increased" toID="E107" toText="aspirin" type="AFTER" />
<TLINK id="TL121" fromID="E39" fromText="increased" toID="E108" toText="ACE inhibitors" type="OVERLAP" />
<TLINK id="TL122" fromID="E39" fromText="increased" toID="E109" toText="Digoxin" type="AFTER" />
<TLINK id="TL123" fromID="E40" fromText="events" toID="E53" toText="his low left ventricular ejection fraction" type="BEFORE" />
<TLINK id="TL124" fromID="E40" fromText="events" toID="E106" toText="Coumadin" type="AFTER" />
<TLINK id="TL125" fromID="E40" fromText="events" toID="E107" toText="aspirin" type="AFTER" />
<TLINK id="TL126" fromID="E40" fromText="events" toID="E108" toText="ACE inhibitors" type="OVERLAP" />
<TLINK id="TL127" fromID="E40" fromText="events" toID="E109" toText="Digoxin" type="AFTER" />
<TLINK id="TL128" fromID="E53" fromText="his low left ventricular ejection fraction" toID="E106" toText="Coumadin" type="AFTER" />
<TLINK id="TL129" fromID="E53" fromText="his low left ventricular ejection fraction" toID="E107" toText="aspirin" type="AFTER" />
<TLINK id="TL130" fromID="E53" fromText="his low left ventricular ejection fraction" toID="E108" toText="ACE inhibitors" type="OVERLAP" />
<TLINK id="TL131" fromID="E53" fromText="his low left ventricular ejection fraction" toID="E109" toText="Digoxin" type="AFTER" />
<TLINK id="TL132" fromID="E106" fromText="Coumadin" toID="E107" toText="aspirin" type="OVERLAP" />
<TLINK id="TL133" fromID="E108" fromText="ACE inhibitors" toID="E106" toText="Coumadin" type="OVERLAP" />
<TLINK id="TL134" fromID="E109" fromText="Digoxin" toID="E106" toText="Coumadin" type="OVERLAP" />
<TLINK id="TL135" fromID="E108" fromText="ACE inhibitors" toID="E107" toText="aspirin" type="OVERLAP" />
<TLINK id="TL136" fromID="E109" fromText="Digoxin" toID="E107" toText="aspirin" type="OVERLAP" />
<TLINK id="TL137" fromID="E108" fromText="ACE inhibitors" toID="E109" toText="Digoxin" type="OVERLAP" />
<TLINK id="TL138" fromID="E52" fromText="significant left ventricle dysfunction" toID="E84" toText="monitoring of his prothrombin times and his arrhythmias" type="AFTER" />
<TLINK id="TL139" fromID="E1" fromText="Centdick Naco Hospital Medical Center" toID="T5" toText="May 1992" type="OVERLAP" />
<TLINK id="TL140" fromID="E17" fromText="hospitalized" toID="T5" toText="May 1992" type="OVERLAP" />
<TLINK id="TL141" fromID="E18" fromText="well" toID="T5" toText="May 1992" type="OVERLAP" />
<TLINK id="TL142" fromID="E43" fromText="double pneumonia" toID="T5" toText="May 1992" type="OVERLAP" />
<TLINK id="TL144" fromID="E47" fromText="disorientation" toID="T4" toText="that time" type="OVERLAP" />
<TLINK id="TL146" fromID="E64" fromText="his anginal equivalent" toID="T2" toText="07/31" type="OVERLAP" />
<TLINK id="TL147" fromID="E67" fromText="epigastric pain" toID="T2" toText="07/31" type="OVERLAP" />
<TLINK id="TL155" fromID="E11" fromText="noted" toID="T8" toText="08/05" type="OVERLAP" />
<TLINK id="TL156" fromID="E35" fromText="restarted" toID="T8" toText="08/05" type="OVERLAP" />
<TLINK id="TL157" fromID="E36" fromText="normal" toID="T8" toText="08/05" type="OVERLAP" />
<TLINK id="TL158" fromID="E85" fromText="his platelet count" toID="T8" toText="08/05" type="OVERLAP" />
<TLINK id="TL159" fromID="E86" fromText="his platelet count" toID="T8" toText="08/05" type="OVERLAP" />
<TLINK id="TL162" fromID="E46" fromText="headache" toID="E27" toText="stabilized" type="OVERLAP" />
<TLINK id="TL163" fromID="E46" fromText="headache" toID="E65" toText="multifocal ventricular ectopy" type="OVERLAP" />
<TLINK id="TL164" fromID="E47" fromText="disorientation" toID="E27" toText="stabilized" type="OVERLAP" />
<TLINK id="TL165" fromID="E47" fromText="disorientation" toID="E65" toText="multifocal ventricular ectopy" type="OVERLAP" />
<TLINK id="TL166" fromID="E27" fromText="stabilized" toID="E46" toText="headache" type="OVERLAP" />
<TLINK id="TL167" fromID="E27" fromText="stabilized" toID="E47" toText="disorientation" type="OVERLAP" />
<TLINK id="TL168" fromID="E27" fromText="stabilized" toID="E65" toText="multifocal ventricular ectopy" type="OVERLAP" />
<TLINK id="TL169" fromID="E64" fromText="his anginal equivalent" toID="E5" toText="the Surgical Intensive Care Unit" type="OVERLAP" />
<TLINK id="TL170" fromID="E64" fromText="his anginal equivalent" toID="E32" toText="transferred" type="OVERLAP" />
<TLINK id="TL171" fromID="E64" fromText="his anginal equivalent" toID="E104" toText="His intra-aortic balloon pump" type="OVERLAP" />
<TLINK id="TL172" fromID="E67" fromText="epigastric pain" toID="E5" toText="the Surgical Intensive Care Unit" type="OVERLAP" />
<TLINK id="TL173" fromID="E67" fromText="epigastric pain" toID="E32" toText="transferred" type="OVERLAP" />
<TLINK id="TL174" fromID="E67" fromText="epigastric pain" toID="E104" toText="His intra-aortic balloon pump" type="OVERLAP" />
<TLINK id="TL175" fromID="E65" fromText="multifocal ventricular ectopy" toID="E46" toText="headache" type="OVERLAP" />
<TLINK id="TL176" fromID="E65" fromText="multifocal ventricular ectopy" toID="E47" toText="disorientation" type="OVERLAP" />
<TLINK id="TL177" fromID="E65" fromText="multifocal ventricular ectopy" toID="E27" toText="stabilized" type="OVERLAP" />
<TLINK id="TL178" fromID="E5" fromText="the Surgical Intensive Care Unit" toID="E64" toText="his anginal equivalent" type="OVERLAP" />
<TLINK id="TL179" fromID="E5" fromText="the Surgical Intensive Care Unit" toID="E67" toText="epigastric pain" type="OVERLAP" />
<TLINK id="TL180" fromID="E32" fromText="transferred" toID="E64" toText="his anginal equivalent" type="OVERLAP" />
<TLINK id="TL181" fromID="E32" fromText="transferred" toID="E67" toText="epigastric pain" type="OVERLAP" />
<TLINK id="TL182" fromID="E104" fromText="His intra-aortic balloon pump" toID="E64" toText="his anginal equivalent" type="OVERLAP" />
<TLINK id="TL183" fromID="E104" fromText="His intra-aortic balloon pump" toID="E67" toText="epigastric pain" type="OVERLAP" />
<TLINK id="SECTIME0" fromID="E1" fromText="Centdick Naco Hospital Medical Center" toID="T7" toText="07-30-93" type="BEFORE" />
<TLINK id="SECTIME1" fromID="E2" fromText="the cardiac catheterization laboratory" toID="T6" toText="08-10-93" type="BEFORE" />
<TLINK id="SECTIME2" fromID="E3" fromText="the Electrophysiology service" toID="T6" toText="08-10-93" type="BEFORE" />
<TLINK id="SECTIME3" fromID="E4" fromText="the operating room" toID="T6" toText="08-10-93" type="BEFORE" />
<TLINK id="SECTIME4" fromID="E5" fromText="the Surgical Intensive Care Unit" toID="T6" toText="08-10-93" type="BEFORE" />
<TLINK id="SECTIME5" fromID="E6" fromText="the Nutrition Service" toID="T6" toText="08-10-93" type="BEFORE" />
<TLINK id="SECTIME6" fromID="E7" fromText="showed" toID="T6" toText="08-10-93" type="BEFORE" />
<TLINK id="SECTIME7" fromID="E8" fromText="showed" toID="T6" toText="08-10-93" type="BEFORE" />
<TLINK id="SECTIME8" fromID="E9" fromText="noted" toID="T6" toText="08-10-93" type="BEFORE" />
<TLINK id="SECTIME9" fromID="E10" fromText="showed" toID="T7" toText="07-30-93" type="BEFORE" />
<TLINK id="SECTIME10" fromID="E11" fromText="noted" toID="T6" toText="08-10-93" type="BEFORE" />
<TLINK id="SECTIME11" fromID="E12" fromText="noted" toID="T6" toText="08-10-93" type="BEFORE" />
<TLINK id="SECTIME12" fromID="E13" fromText="noted" toID="T6" toText="08-10-93" type="BEFORE" />
<TLINK id="SECTIME13" fromID="E14" fromText="noted" toID="T6" toText="08-10-93" type="BEFORE" />
<TLINK id="SECTIME14" fromID="E8" fromText="showed" toID="T7" toText="07-30-93" type="BEFORE" />
<TLINK id="SECTIME15" fromID="E7" fromText="showed" toID="T7" toText="07-30-93" type="BEFORE" />
<TLINK id="SECTIME16" fromID="E17" fromText="hospitalized" toID="T7" toText="07-30-93" type="BEFORE" />
<TLINK id="SECTIME17" fromID="E18" fromText="well" toID="T7" toText="07-30-93" type="BEFORE" />
<TLINK id="SECTIME18" fromID="E21" fromText="reviewed" toID="T6" toText="08-10-93" type="BEFORE" />
<TLINK id="SECTIME19" fromID="E22" fromText="admitted" toID="T6" toText="08-10-93" type="BEFORE" />
<TLINK id="SECTIME20" fromID="E23" fromText="exercise" toID="T7" toText="07-30-93" type="BEFORE" />
<TLINK id="SECTIME21" fromID="E24" fromText="referred" toID="T7" toText="07-30-93" type="BEFORE" />
<TLINK id="SECTIME22" fromID="E25" fromText="indication" toID="T6" toText="08-10-93" type="BEFORE" />
<TLINK id="SECTIME23" fromID="E26" fromText="weaned and extubated" toID="T6" toText="08-10-93" type="BEFORE" />
<TLINK id="SECTIME24" fromID="E27" fromText="stabilized" toID="T6" toText="08-10-93" type="BEFORE" />
<TLINK id="SECTIME25" fromID="E28" fromText="seen in" toID="T6" toText="08-10-93" type="BEFORE" />
<TLINK id="SECTIME26" fromID="E29" fromText="seen in consultation" toID="T6" toText="08-10-93" type="BEFORE" />
<TLINK id="SECTIME27" fromID="E30" fromText="followed" toID="T6" toText="08-10-93" type="BEFORE" />
<TLINK id="SECTIME28" fromID="E31" fromText="good hemodynamics" toID="T6" toText="08-10-93" type="BEFORE" />
<TLINK id="SECTIME29" fromID="E32" fromText="transferred" toID="T6" toText="08-10-93" type="BEFORE" />
<TLINK id="SECTIME30" fromID="E33" fromText="normal sinus rhythm" toID="T6" toText="08-10-93" type="BEFORE" />
<TLINK id="SECTIME31" fromID="E34" fromText="clinically stable" toID="T6" toText="08-10-93" type="BEFORE" />
<TLINK id="SECTIME32" fromID="E35" fromText="restarted" toID="T6" toText="08-10-93" type="BEFORE" />
<TLINK id="SECTIME33" fromID="E36" fromText="normal" toID="T6" toText="08-10-93" type="BEFORE" />
<TLINK id="SECTIME34" fromID="E37" fromText="stable" toID="T6" toText="08-10-93" type="BEFORE" />
<TLINK id="SECTIME35" fromID="E38" fromText="discharged" toID="T6" toText="08-10-93" type="BEFORE" />
<TLINK id="SECTIME36" fromID="E39" fromText="increased" toID="T6" toText="08-10-93" type="BEFORE" />
<TLINK id="SECTIME37" fromID="E40" fromText="events" toID="T6" toText="08-10-93" type="BEFORE" />
<TLINK id="SECTIME38" fromID="E45" fromText="hypertension" toID="T7" toText="07-30-93" type="BEFORE" />
<TLINK id="SECTIME39" fromID="E42" fromText="diabetes mellitus" toID="T7" toText="07-30-93" type="BEFORE" />
<TLINK id="SECTIME40" fromID="E43" fromText="double pneumonia" toID="T7" toText="07-30-93" type="BEFORE" />
<TLINK id="SECTIME41" fromID="E44" fromText="multiple cerebral infarcts" toID="T7" toText="07-30-93" type="BEFORE" />
<TLINK id="SECTIME42" fromID="E45" fromText="hypertension" toID="T7" toText="07-30-93" type="BEFORE" />
<TLINK id="SECTIME43" fromID="E46" fromText="headache" toID="T7" toText="07-30-93" type="BEFORE" />
<TLINK id="SECTIME44" fromID="E47" fromText="disorientation" toID="T7" toText="07-30-93" type="BEFORE" />
<TLINK id="SECTIME45" fromID="E48" fromText="severe dyspnea" toID="T7" toText="07-30-93" type="BEFORE" />
<TLINK id="SECTIME46" fromID="E49" fromText="a fall in blood pressure" toID="T7" toText="07-30-93" type="BEFORE" />
<TLINK id="SECTIME47" fromID="E50" fromText="ventricular ectopy" toID="T7" toText="07-30-93" type="BEFORE" />
<TLINK id="SECTIME48" fromID="E51" fromText="tachycardia" toID="T7" toText="07-30-93" type="BEFORE" />
<TLINK id="SECTIME49" fromID="E52" fromText="significant left ventricle dysfunction" toID="T6" toText="08-10-93" type="BEFORE" />
<TLINK id="SECTIME50" fromID="E53" fromText="his low left ventricular ejection fraction" toID="T6" toText="08-10-93" type="BEFORE" />
<TLINK id="SECTIME51" fromID="E54" fromText="a right bundle branch block" toID="T6" toText="08-10-93" type="BEFORE" />
<TLINK id="SECTIME52" fromID="E55" fromText="nonsustained ventricular tachycardia" toID="T6" toText="08-10-93" type="BEFORE" />
<TLINK id="SECTIME53" fromID="E56" fromText="a thrombocytopenic reaction" toID="T6" toText="08-10-93" type="BEFORE" />
<TLINK id="SECTIME54" fromID="E57" fromText="his diabetes mellitus" toID="T6" toText="08-10-93" type="BEFORE" />
<TLINK id="SECTIME55" fromID="E58" fromText="a ongoing sinus tachycardia" toID="T6" toText="08-10-93" type="BEFORE" />
<TLINK id="SECTIME56" fromID="E59" fromText="occasional atrial and ventricular premature beats" toID="T6" toText="08-10-93" type="BEFORE" />
<TLINK id="SECTIME57" fromID="E60" fromText="his critical coronary anatomy" toID="T6" toText="08-10-93" type="BEFORE" />
<TLINK id="SECTIME58" fromID="E61" fromText="A paraphimosis" toID="T6" toText="08-10-93" type="BEFORE" />
<TLINK id="SECTIME59" fromID="E62" fromText="some further anterolateral ST segment changes" toID="T6" toText="08-10-93" type="BEFORE" />
<TLINK id="SECTIME60" fromID="E63" fromText="unstable angina" toID="T6" toText="08-10-93" type="BEFORE" />
<TLINK id="SECTIME61" fromID="E64" fromText="his anginal equivalent" toID="T6" toText="08-10-93" type="BEFORE" />
<TLINK id="SECTIME62" fromID="E65" fromText="multifocal ventricular ectopy" toID="T6" toText="08-10-93" type="BEFORE" />
<TLINK id="SECTIME63" fromID="E66" fromText="some ventricular ectopy" toID="T6" toText="08-10-93" type="BEFORE" />
<TLINK id="SECTIME64" fromID="E67" fromText="epigastric pain" toID="T6" toText="08-10-93" type="BEFORE" />
<TLINK id="SECTIME65" fromID="E68" fromText="congestive heart failure" toID="T6" toText="08-10-93" type="BEFORE" />
<TLINK id="SECTIME66" fromID="E69" fromText="the critical left main lesion" toID="T6" toText="08-10-93" type="BEFORE" />
<TLINK id="SECTIME67" fromID="E70" fromText="multiple significant lesions in the LAD" toID="T6" toText="08-10-93" type="BEFORE" />
<TLINK id="SECTIME68" fromID="E71" fromText="diffuse hypokinesis" toID="T6" toText="08-10-93" type="BEFORE" />
<TLINK id="SECTIME69" fromID="E72" fromText="global hypokinesis" toID="T7" toText="07-30-93" type="BEFORE" />
<TLINK id="SECTIME70" fromID="E73" fromText="an occluded right coronary artery in its midportion" toID="T6" toText="08-10-93" type="BEFORE" />
<TLINK id="SECTIME71" fromID="E74" fromText="MRI scan" toID="T7" toText="07-30-93" type="BEFORE" />
<TLINK id="SECTIME72" fromID="E75" fromText="A CT" toID="T7" toText="07-30-93" type="BEFORE" />
<TLINK id="SECTIME73" fromID="E76" fromText="further evaluation" toID="T7" toText="07-30-93" type="BEFORE" />
<TLINK id="SECTIME74" fromID="E77" fromText="An echocardiogram" toID="T7" toText="07-30-93" type="BEFORE" />
<TLINK id="SECTIME75" fromID="E78" fromText="A thallium stress test" toID="T7" toText="07-30-93" type="BEFORE" />
<TLINK id="SECTIME76" fromID="E79" fromText="A Holter monitor" toID="T7" toText="07-30-93" type="BEFORE" />
<TLINK id="SECTIME77" fromID="E80" fromText="further evaluation" toID="T6" toText="08-10-93" type="BEFORE" />
<TLINK id="SECTIME78" fromID="E81" fromText="Selective coronary angiography" toID="T6" toText="08-10-93" type="BEFORE" />
<TLINK id="SECTIME79" fromID="E82" fromText="a pulmonary artery pressure" toID="T6" toText="08-10-93" type="BEFORE" />
<TLINK id="SECTIME80" fromID="E83" fromText="a pulmonary wedge pressure" toID="T6" toText="08-10-93" type="BEFORE" />
<TLINK id="SECTIME81" fromID="E84" fromText="monitoring of his prothrombin times and his arrhythmias" toID="T6" toText="08-10-93" type="BEFORE" />
<TLINK id="SECTIME82" fromID="E85" fromText="his platelet count" toID="T6" toText="08-10-93" type="BEFORE" />
<TLINK id="SECTIME83" fromID="E86" fromText="his platelet count" toID="T6" toText="08-10-93" type="BEFORE" />
<TLINK id="SECTIME84" fromID="E87" fromText="Holter monitor" toID="T6" toText="08-10-93" type="BEFORE" />
<TLINK id="SECTIME85" fromID="E88" fromText="Vasotec" toID="T7" toText="07-30-93" type="BEFORE" />
<TLINK id="SECTIME86" fromID="E89" fromText="aspirin" toID="T7" toText="07-30-93" type="BEFORE" />
<TLINK id="SECTIME87" fromID="E90" fromText="his aspirin" toID="T6" toText="08-10-93" type="BEFORE" />
<TLINK id="SECTIME88" fromID="E91" fromText="nitrates" toID="T6" toText="08-10-93" type="BEFORE" />
<TLINK id="SECTIME89" fromID="E92" fromText="diuretics" toID="T6" toText="08-10-93" type="BEFORE" />
<TLINK id="SECTIME90" fromID="E93" fromText="IV nitroglycerin" toID="T6" toText="08-10-93" type="BEFORE" />
<TLINK id="SECTIME91" fromID="E94" fromText="surgery" toID="T6" toText="08-10-93" type="BEFORE" />
<TLINK id="SECTIME92" fromID="E95" fromText="an intra-aortic balloon pump" toID="T6" toText="08-10-93" type="BEFORE" />
<TLINK id="SECTIME93" fromID="E96" fromText="IV Heparin" toID="T6" toText="08-10-93" type="BEFORE" />
<TLINK id="SECTIME94" fromID="E97" fromText="patch placement" toID="T6" toText="08-10-93" type="BEFORE" />
<TLINK id="SECTIME95" fromID="E98" fromText="a saphenous vein snake graft to the diagonal" toID="T6" toText="08-10-93" type="BEFORE" />
<TLINK id="SECTIME96" fromID="E99" fromText="surgery" toID="T6" toText="08-10-93" type="BEFORE" />
<TLINK id="SECTIME97" fromID="E100" fromText="quadruple coronary artery bypass grafting" toID="T6" toText="08-10-93" type="BEFORE" />
<TLINK id="SECTIME98" fromID="E101" fromText="a left internal mammary artery graft of the LAD" toID="T6" toText="08-10-93" type="BEFORE" />
<TLINK id="SECTIME99" fromID="E102" fromText="Heparin" toID="T6" toText="08-10-93" type="BEFORE" />
<TLINK id="SECTIME100" fromID="E103" fromText="Heparin" toID="T6" toText="08-10-93" type="BEFORE" />
<TLINK id="SECTIME101" fromID="E104" fromText="His intra-aortic balloon pump" toID="T6" toText="08-10-93" type="BEFORE" />
<TLINK id="SECTIME102" fromID="E105" fromText="intravenous Heparin" toID="T6" toText="08-10-93" type="BEFORE" />
<TLINK id="SECTIME103" fromID="E106" fromText="Coumadin" toID="T6" toText="08-10-93" type="BEFORE" />
<TLINK id="SECTIME104" fromID="E107" fromText="aspirin" toID="T6" toText="08-10-93" type="BEFORE" />
<TLINK id="SECTIME105" fromID="E108" fromText="ACE inhibitors" toID="T6" toText="08-10-93" type="BEFORE" />
<TLINK id="SECTIME106" fromID="E109" fromText="Digoxin" toID="T6" toText="08-10-93" type="BEFORE" />
<TLINK id="SECTIME107" fromID="E110" fromText="extubated" toID="T6" toText="08-10-93" type="BEFORE" />
</TAGS>
</ClinicalNarrativeTemporalAnnotation>