<?xml version="1.0" encoding="UTF-8" ?>
<ClinicalNarrativeTemporalAnnotation>
<TEXT><![CDATA[
Admission Date :
09/07/1992
Discharge Date :
09/12/1992
HISTORY OF PRESENT ILLNESS :
The patient is a 31 year old gravida 0 with stage IV endometrial cancer and stage III-C ovarian cancer vs metastatic endometrial cancer for line 2 , cycle 1 chemotherapy .
The patient presented in 10-90 , with heavy bleeding per vagina .
D and C showed grade II-III adenocarcinoma with squamous differentiation at Wellla Uxinny : mount Medical Center in Com St. , Tton , Arkansas 32167 .
The patient underwent TAH / BSO , partial omentectomy at CTMC in 10-90 .
At that time , tumor was found to be studding on the right diaphragm , gross tumor in the omentum and large bowel , tumor through the uterine serosa .
Pathology showed grade II-III papillary adenocarcinoma of the endometrium with squamous differentiation which was focally invasive and superficial myometrium .
The ovary showed papillary serous adeno with omental involvement consistent with an endometroid adenocarcinoma .
The question was whether or not whether she had two primaries vs metastatic endometrial cancer .
The patient underwent 6 cycles of CAP in Pemrancetul Tonsst ._
However _, during the fourth cycle _, Cytoxan was dropped .
Her CA-125 on 6-27-91 , was 249 and on 8-29-91 , was 734 .
In 05-92 , the patient was admitted to Wellla Uxinny : mount Medical Center with left leg DVT and started on Heparin therapy .
She was discharged from there on Coumadin therapy .
On admission , the patient has no complaints except anxiety .
HOSPITAL COURSE :
The patient underwent chemotherapy on the following doses :
IFEX 1.2 grams per meter squared x 3 days , MESNA 1.2 grams per meter squared x 3 days continuous IV infusion .
She had VP-16 mixed with 250 cc IV fluid given over 1 hour each day for 3 days .
She also had MESNA dose of .6 grams per meter squared after her IFEX / MESNA were completed .
The patient 's urinalysis on admission was significant for red blood cells which were TNTC as well as uric acid .
Because it was felt the patient was bleeding and the patient was contaminated , she received her IFEX / MESNA .
A repeat straight cath was negative for RBC 's .
After 1 day of chemotherapy , the patient had 8-10 RBC 's in her urine but by the second day of her IFEX infusion , she had 50-80 RBC 's in her urine as well as a few transitional epithelial cells .
Because of this finding , her IFEX was stopped before completion of her second day of infusion .
Her MESNA alone was continued at that time for IV infusion .
She did receive her VP-16 without complication .
Other significant issues were the patient 's hematocrit on admission at 31.1 which dwindled down to 26.2 by 9-10 ._
The patient was counselled and received 2 units of packed RBC 's at that time  .
However , the patient 's hematocrit bumped only to 28.1 and a repeat later on 9-11 , showed hematocrit of 27.6 .
At this time , an additional 2 units of packed RBC 's were transfused .
The third issue was that her anticoagulation was grossly out of control on admission with PT of 25.6 and PTT of 42.2 .
Her repeat on 9-8 , was 36.0 / 68.2 and her Coumadin was held .
She received no Coumadin during her admission and by the time of discharge , her PT was down to 16.2 .
She was restarted on Coumadin 2.5 mg per day .
The patient 's hematocrit on the day of discharge was 35.6 showing significant bump in her count after her second two units of packed RBC 's .
Her PT on the day of discharge was 13.2 and she was started on Coumadin 2.5 mg po q d as mentioned .
The patient was discharged on 9-12-92 , with the approval of her attending physiciana , Dr. Porriede Friednantflirt .
FOLLOW UP CARE :
On 9-28-92 , the patient will return for chemotherapy and she will follow up with her primary doctor , Dr. Jescspald , for repeat PT and Coumadin dosing on Monday , 9-14-02 .
]]></TEXT>
<TAGS>
<EVENT id="E1" start="422" end="429" text="Medical Center" modality="FACTUAL" polarity="POS" type="CLINICAL_DEPT" />
<EVENT id="E2" start="1305" end="1310" text="mount Medical Center" modality="FACTUAL" polarity="POS" type="CLINICAL_DEPT" />
<EVENT id="E3" start="1289" end="1295" text="Wellla Uxinny" modality="FACTUAL" polarity="POS" type="CLINICAL_DEPT" />
<EVENT id="E4" start="270" end="279" text="presented" modality="FACTUAL" polarity="POS" type="EVIDENTIAL" />
<EVENT id="E5" start="332" end="338" text="showed" modality="FACTUAL" polarity="POS" type="EVIDENTIAL" />
<EVENT id="E6" start="708" end="714" text="showed" modality="FACTUAL" polarity="POS" type="EVIDENTIAL" />
<EVENT id="E7" start="868" end="874" text="showed" modality="FACTUAL" polarity="POS" type="EVIDENTIAL" />
<EVENT id="E8" start="1463" end="1473" text="complaints" modality="FACTUAL" polarity="POS" type="EVIDENTIAL" />
<EVENT id="E9" start="2819" end="2825" text="showed" modality="FACTUAL" polarity="POS" type="EVIDENTIAL" />
<EVENT id="E10" start="3311" end="3318" text="showing" modality="FACTUAL" polarity="POS" type="EVIDENTIAL" />
<EVENT id="E11" start="3416" end="3425" text="discharge" modality="FACTUAL" polarity="POS" type="OCCURRENCE" />
<EVENT id="E12" start="3319" end="3330" text="significant bump" modality="FACTUAL" polarity="POS" type="OCCURRENCE" />
<EVENT id="E13" start="3134" end="3137" text="her admission" modality="FACTUAL" polarity="POS" type="OCCURRENCE" />
<EVENT id="E14" start="2994" end="3003" text="admission" modality="FACTUAL" polarity="POS" type="OCCURRENCE" />
<EVENT id="E15" start="2447" end="2456" text="continued" modality="FACTUAL" polarity="POS" type="OCCURRENCE" />
<EVENT id="E16" start="3698" end="3704" text="follow up" modality="FACTUAL" polarity="POS" type="OCCURRENCE" />
<EVENT id="E17" start="3512" end="3522" text="discharged" modality="FACTUAL" polarity="POS" type="OCCURRENCE" />
<EVENT id="E18" start="1" end="10" text="Admission" modality="FACTUAL" polarity="POS" type="OCCURRENCE" />
<EVENT id="E19" start="29" end="38" text="Discharge" modality="FACTUAL" polarity="POS" type="OCCURRENCE" />
<EVENT id="E20" start="270" end="279" text="presented" modality="FACTUAL" polarity="POS" type="OCCURRENCE" />
<EVENT id="E21" start="1277" end="1285" text="admitted" modality="FACTUAL" polarity="POS" type="OCCURRENCE" />
<EVENT id="E22" start="1385" end="1395" text="discharged" modality="FACTUAL" polarity="POS" type="OCCURRENCE" />
<EVENT id="E23" start="1432" end="1441" text="admission" modality="FACTUAL" polarity="POS" type="OCCURRENCE" />
<EVENT id="E24" start="1463" end="1473" text="complaints" modality="FACTUAL" polarity="POS" type="OCCURRENCE" />
<EVENT id="E25" start="1885" end="1894" text="admission" modality="FACTUAL" polarity="POS" type="OCCURRENCE" />
<EVENT id="E26" start="2596" end="2605" text="admission" modality="FACTUAL" polarity="POS" type="OCCURRENCE" />
<EVENT id="E27" start="130" end="135" text="stage IV endometrial cancer" modality="FACTUAL" polarity="POS" type="PROBLEM" />
<EVENT id="E28" start="339" end="344" text="grade II-III adenocarcinoma" modality="FACTUAL" polarity="POS" type="PROBLEM" />
<EVENT id="E29" start="296" end="301" text="heavy bleeding per vagina" modality="FACTUAL" polarity="POS" type="PROBLEM" />
<EVENT id="E30" start="192" end="202" text="metastatic endometrial cancer" modality="FACTUAL" polarity="POS" type="PROBLEM" />
<EVENT id="E31" start="162" end="167" text="stage III-C ovarian cancer" modality="FACTUAL" polarity="POS" type="PROBLEM" />
<EVENT id="E32" start="618" end="623" text="gross tumor in the omentum and large bowel" modality="FACTUAL" polarity="POS" type="PROBLEM" />
<EVENT id="E33" start="584" end="592" text="studding on the right diaphragm" modality="FACTUAL" polarity="POS" type="PROBLEM" />
<EVENT id="E34" start="562" end="567" text="tumor" modality="FACTUAL" polarity="POS" type="PROBLEM" />
<EVENT id="E35" start="372" end="380" text="squamous differentiation" modality="FACTUAL" polarity="POS" type="PROBLEM" />
<EVENT id="E36" start="812" end="819" text="focally invasive" modality="FACTUAL" polarity="POS" type="PROBLEM" />
<EVENT id="E37" start="777" end="785" text="squamous differentiation" modality="FACTUAL" polarity="POS" type="PROBLEM" />
<EVENT id="E38" start="715" end="720" text="grade II-III papillary adenocarcinoma of the endometrium" modality="FACTUAL" polarity="POS" type="PROBLEM" />
<EVENT id="E39" start="663" end="668" text="tumor through the uterine serosa" modality="FACTUAL" polarity="POS" type="PROBLEM" />
<EVENT id="E40" start="903" end="910" text="omental involvement" modality="FACTUAL" polarity="POS" type="PROBLEM" />
<EVENT id="E41" start="939" end="941" text="an endometroid adenocarcinoma" modality="FACTUAL" polarity="POS" type="PROBLEM" />
<EVENT id="E42" start="833" end="844" text="superficial myometrium" modality="FACTUAL" polarity="POS" type="PROBLEM" />
<EVENT id="E43" start="875" end="884" text="papillary serous adeno" modality="FACTUAL" polarity="POS" type="PROBLEM" />
<EVENT id="E44" start="1331" end="1335" text="left leg DVT" modality="FACTUAL" polarity="POS" type="PROBLEM" />
<EVENT id="E45" start="1481" end="1488" text="anxiety" modality="FACTUAL" polarity="POS" type="PROBLEM" />
<EVENT id="E46" start="1019" end="1022" text="two primaries" modality="FACTUAL" polarity="POS" type="PROBLEM" />
<EVENT id="E47" start="1036" end="1046" text="metastatic endometrial cancer" modality="FACTUAL" polarity="POS" type="PROBLEM" />
<EVENT id="E48" start="2177" end="2178" text="8-10 RBC 's in her urine" modality="FACTUAL" polarity="POS" type="PROBLEM" />
<EVENT id="E49" start="2255" end="2257" text="50-80 RBC 's in her urine" modality="FACTUAL" polarity="POS" type="PROBLEM" />
<EVENT id="E50" start="1915" end="1918" text="red blood cells" modality="FACTUAL" polarity="POS" type="PROBLEM" />
<EVENT id="E51" start="2122" end="2125" text="RBC 's" modality="FACTUAL" polarity="POS" type="PROBLEM" />
<EVENT id="E52" start="2292" end="2293" text="a few transitional epithelial cells" modality="FACTUAL" polarity="POS" type="PROBLEM" />
<EVENT id="E53" start="2522" end="2534" text="complication" modality="FACTUAL" polarity="POS" type="PROBLEM" />
<EVENT id="E54" start="3179" end="3182" text="her PT" modality="FACTUAL" polarity="POS" type="TEST" />
<EVENT id="E55" start="3024" end="3027" text="PTT" modality="FACTUAL" polarity="POS" type="TEST" />
<EVENT id="E56" start="3009" end="3011" text="PT" modality="FACTUAL" polarity="POS" type="TEST" />
<EVENT id="E57" start="2826" end="2836" text="hematocrit" modality="FACTUAL" polarity="POS" type="TEST" />
<EVENT id="E58" start="3754" end="3760" text="repeat PT" modality="FACTUAL" polarity="POS" type="TEST" />
<EVENT id="E59" start="3395" end="3398" text="Her PT" modality="FACTUAL" polarity="POS" type="TEST" />
<EVENT id="E60" start="3339" end="3342" text="her count" modality="FACTUAL" polarity="POS" type="TEST" />
<EVENT id="E61" start="3252" end="3255" text="The patient 's hematocrit" modality="FACTUAL" polarity="POS" type="TEST" />
<EVENT id="E62" start="324" end="325" text="D and C" modality="FACTUAL" polarity="POS" type="TEST" />
<EVENT id="E63" start="698" end="707" text="Pathology" modality="FACTUAL" polarity="POS" type="TEST" />
<EVENT id="E64" start="1191" end="1194" text="Her CA-125" modality="FACTUAL" polarity="POS" type="TEST" />
<EVENT id="E65" start="1856" end="1859" text="The patient 's urinalysis" modality="FACTUAL" polarity="POS" type="TEST" />
<EVENT id="E66" start="1958" end="1962" text="uric acid" modality="FACTUAL" polarity="POS" type="TEST" />
<EVENT id="E67" start="2082" end="2083" text="A repeat straight cath" modality="FACTUAL" polarity="POS" type="TEST" />
<EVENT id="E68" start="2567" end="2570" text="the patient 's hematocrit" modality="FACTUAL" polarity="POS" type="TEST" />
<EVENT id="E69" start="2744" end="2747" text="the patient 's hematocrit" modality="FACTUAL" polarity="POS" type="TEST" />
<EVENT id="E70" start="508" end="515" text="partial omentectomy" modality="FACTUAL" polarity="POS" type="TREATMENT" />
<EVENT id="E71" start="502" end="505" text="BSO" modality="FACTUAL" polarity="POS" type="TREATMENT" />
<EVENT id="E72" start="496" end="499" text="TAH" modality="FACTUAL" polarity="POS" type="TREATMENT" />
<EVENT id="E73" start="235" end="240" text="cycle 1 chemotherapy" modality="FACTUAL" polarity="POS" type="TREATMENT" />
<EVENT id="E74" start="1359" end="1366" text="Heparin therapy" modality="FACTUAL" polarity="POS" type="TREATMENT" />
<EVENT id="E75" start="1410" end="1418" text="Coumadin therapy" modality="FACTUAL" polarity="POS" type="TREATMENT" />
<EVENT id="E76" start="1102" end="1105" text="CAP" modality="FACTUAL" polarity="POS" type="TREATMENT" />
<EVENT id="E77" start="1169" end="1176" text="Cytoxan" modality="FACTUAL" polarity="POS" type="TREATMENT" />
<EVENT id="E78" start="1613" end="1618" text="MESNA" modality="FACTUAL" polarity="POS" type="TREATMENT" />
<EVENT id="E79" start="1656" end="1666" text="continuous IV infusion" modality="FACTUAL" polarity="POS" type="TREATMENT" />
<EVENT id="E80" start="1531" end="1543" text="chemotherapy" modality="FACTUAL" polarity="POS" type="TREATMENT" />
<EVENT id="E81" start="1569" end="1573" text="IFEX" modality="FACTUAL" polarity="POS" type="TREATMENT" />
<EVENT id="E82" start="1775" end="1780" text="MESNA dose" modality="FACTUAL" polarity="POS" type="TREATMENT" />
<EVENT id="E83" start="1822" end="1825" text="her IFEX" modality="FACTUAL" polarity="POS" type="TREATMENT" />
<EVENT id="E84" start="1689" end="1691" text="VP-16" modality="FACTUAL" polarity="POS" type="TREATMENT" />
<EVENT id="E85" start="1713" end="1715" text="IV fluid" modality="FACTUAL" polarity="POS" type="TREATMENT" />
<EVENT id="E86" start="2074" end="2079" text="MESNA" modality="FACTUAL" polarity="POS" type="TREATMENT" />
<EVENT id="E87" start="2146" end="2158" text="chemotherapy" modality="FACTUAL" polarity="POS" type="TREATMENT" />
<EVENT id="E88" start="1833" end="1838" text="MESNA" modality="FACTUAL" polarity="POS" type="TREATMENT" />
<EVENT id="E89" start="2063" end="2066" text="her IFEX" modality="FACTUAL" polarity="POS" type="TREATMENT" />
<EVENT id="E90" start="3672" end="3684" text="chemotherapy" modality="FACTUAL" polarity="POS" type="TREATMENT" />
<EVENT id="E91" start="3768" end="3776" text="Coumadin dosing" modality="FACTUAL" polarity="POS" type="TREATMENT" />
<EVENT id="E92" start="3379" end="3385" text="packed RBC 's" modality="FACTUAL" polarity="POS" type="TREATMENT" />
<EVENT id="E93" start="3458" end="3466" text="Coumadin" modality="FACTUAL" polarity="POS" type="TREATMENT" />
<EVENT id="E94" start="3118" end="3126" text="Coumadin" modality="FACTUAL" polarity="POS" type="TREATMENT" />
<EVENT id="E95" start="3226" end="3234" text="Coumadin" modality="FACTUAL" polarity="POS" type="TREATMENT" />
<EVENT id="E96" start="2944" end="2947" text="her anticoagulation" modality="FACTUAL" polarity="POS" type="TREATMENT" />
<EVENT id="E97" start="3078" end="3081" text="her Coumadin" modality="FACTUAL" polarity="POS" type="TREATMENT" />
<EVENT id="E98" start="2704" end="2710" text="packed RBC 's" modality="FACTUAL" polarity="POS" type="TREATMENT" />
<EVENT id="E99" start="2887" end="2893" text="packed RBC 's" modality="FACTUAL" polarity="POS" type="TREATMENT" />
<EVENT id="E100" start="2474" end="2476" text="IV infusion" modality="FACTUAL" polarity="POS" type="TREATMENT" />
<EVENT id="E101" start="2504" end="2507" text="her VP-16" modality="FACTUAL" polarity="POS" type="TREATMENT" />
<EVENT id="E102" start="2416" end="2424" text="infusion" modality="FACTUAL" polarity="POS" type="TREATMENT" />
<EVENT id="E103" start="2427" end="2430" text="Her MESNA" modality="FACTUAL" polarity="POS" type="TREATMENT" />
<EVENT id="E104" start="2227" end="2230" text="her IFEX infusion" modality="FACTUAL" polarity="POS" type="TREATMENT" />
<EVENT id="E105" start="2356" end="2359" text="her IFEX" modality="FACTUAL" polarity="POS" type="TREATMENT" />
<TIMEX3 id="T1" start="3526" end="3527" text="9-12-92" type="DATE" val="1992-09-12" mod="NA" />
<TIMEX3 id="T2" start="3477" end="3478" text="q d" type="DATE" val="NONE" mod="NA" />
<TIMEX3 id="T3" start="3787" end="3793" text="Monday , 9-14-02" type="DATE" val="2002-09-14" mod="NA" />
<TIMEX3 id="T4" start="3634" end="3635" text="9-28-92" type="DATE" val="1992-09-28" mod="NA" />
<TIMEX3 id="T5" start="1733" end="1734" text="1 hour each day" type="DURATION" val="PT1H" mod="APPROX" />
<TIMEX3 id="T6" start="1230" end="1231" text="8-29-91" type="DATE" val="1991-08-29" mod="NA" />
<TIMEX3 id="T7" start="1205" end="1206" text="6-27-91" type="DATE" val="1991-06-27" mod="NA" />
<TIMEX3 id="T8" start="550" end="554" text="that time" type="DATE" val="1992-09-07" mod="NA" />
<TIMEX3 id="T9" start="539" end="541" text="10-90" type="DATE" val="1990-10" mod="NA" />
<TIMEX3 id="T10" start="283" end="285" text="10-90" type="DATE" val="1990-10" mod="NA" />
<TIMEX3 id="T11" start="46" end="48" text="09/12/1992" type="DATE" val="1992-09-12" mod="NA" />
<TIMEX3 id="T12" start="18" end="20" text="09/07/1992" type="DATE" val="1992-09-07" mod="NA" />
<TIMEX3 id="T13" start="2137" end="2138" text="1 day" type="DURATION" val="P1D" mod="NA" />
<TIMEX3 id="T14" start="2209" end="2212" text="the second day" type="DURATION" val="P3D" mod="NA" />
<TIMEX3 id="T15" start="1753" end="1754" text="3 days" type="DURATION" val="P3D" mod="NA" />
<TIMEX3 id="T16" start="1647" end="1648" text="x 3 days" type="DURATION" val="P3D" mod="APPROX" />
<TIMEX3 id="T17" start="1253" end="1255" text="05-92" type="DATE" val="1992-05" mod="NA" />
<TIMEX3 id="T18" start="1602" end="1603" text="x 3 days" type="DURATION" val="P3D" mod="APPROX" />
<TIMEX3 id="T19" start="3281" end="3284" text="the day of discharge" type="DATE" val="1992-09-12" mod="NA" />
<TIMEX3 id="T20" start="3405" end="3408" text="the day of discharge" type="DATE" val="1992-09-12" mod="NA" />
<TIMEX3 id="T21" start="3155" end="3158" text="the time of discharge" type="DATE" val="1992-09-12" mod="NA" />
<TIMEX3 id="T22" start="3242" end="3245" text="per day" type="FREQUENCY" val="RP24H" mod="NA" />
<TIMEX3 id="T23" start="2721" end="2725" text="that time" type="DATE" val="1992-09-07" mod="NA" />
<TIMEX3 id="T24" start="2850" end="2854" text="this time" type="DATE" val="1992-09-07" mod="NA" />
<TIMEX3 id="T25" start="2460" end="2464" text="that time" type="DATE" val="1992-09-07" mod="NA" />
<SECTIME id="S0" start="17" end="19" text="09/07/1992" type="ADMISSION" dvalue="1992-09-07" />
<SECTIME id="S1" start="45" end="47" text="09/12/1992" type="DISCHARGE" dvalue="1992-09-12" />
<TLINK id="TL0" fromID="E27" fromText="stage IV endometrial cancer" toID="E30" toText="metastatic endometrial cancer" type="OVERLAP" />
<TLINK id="TL1" fromID="E27" fromText="stage IV endometrial cancer" toID="E31" toText="stage III-C ovarian cancer" type="OVERLAP" />
<TLINK id="TL2" fromID="E27" fromText="stage IV endometrial cancer" toID="E73" toText="cycle 1 chemotherapy" type="AFTER" />
<TLINK id="TL3" fromID="E31" fromText="stage III-C ovarian cancer" toID="E30" toText="metastatic endometrial cancer" type="OVERLAP" />
<TLINK id="TL4" fromID="E30" fromText="metastatic endometrial cancer" toID="E73" toText="cycle 1 chemotherapy" type="AFTER" />
<TLINK id="TL5" fromID="E31" fromText="stage III-C ovarian cancer" toID="E73" toText="cycle 1 chemotherapy" type="AFTER" />
<TLINK id="TL6" fromID="E20" fromText="presented" toID="E20" toText="presented" type="OVERLAP" />
<TLINK id="TL7" fromID="E20" fromText="presented" toID="E29" toText="heavy bleeding per vagina" type="AFTER" />
<TLINK id="TL9" fromID="E5" fromText="showed" toID="E1" toText="Medical Center" type="AFTER" />
<TLINK id="TL10" fromID="E28" fromText="grade II-III adenocarcinoma" toID="E1" toText="Medical Center" type="AFTER" />
<TLINK id="TL11" fromID="E35" fromText="squamous differentiation" toID="E1" toText="Medical Center" type="AFTER" />
<TLINK id="TL12" fromID="E62" fromText="D and C" toID="E1" toText="Medical Center" type="AFTER" />
<TLINK id="TL13" fromID="E5" fromText="showed" toID="E28" toText="grade II-III adenocarcinoma" type="BEFORE" />
<TLINK id="TL14" fromID="E5" fromText="showed" toID="E35" toText="squamous differentiation" type="AFTER" />
<TLINK id="TL15" fromID="E62" fromText="D and C" toID="E5" toText="showed" type="OVERLAP" />
<TLINK id="TL16" fromID="E28" fromText="grade II-III adenocarcinoma" toID="E35" toText="squamous differentiation" type="OVERLAP" />
<TLINK id="TL17" fromID="E62" fromText="D and C" toID="E28" toText="grade II-III adenocarcinoma" type="AFTER" />
<TLINK id="TL18" fromID="E62" fromText="D and C" toID="E35" toText="squamous differentiation" type="AFTER" />
<TLINK id="TL19" fromID="E71" fromText="BSO" toID="E70" toText="partial omentectomy" type="OVERLAP" />
<TLINK id="TL20" fromID="E72" fromText="TAH" toID="E70" toText="partial omentectomy" type="OVERLAP" />
<TLINK id="TL21" fromID="E72" fromText="TAH" toID="E71" toText="BSO" type="OVERLAP" />
<TLINK id="TL22" fromID="E33" fromText="studding on the right diaphragm" toID="E32" toText="gross tumor in the omentum and large bowel" type="OVERLAP" />
<TLINK id="TL23" fromID="E34" fromText="tumor" toID="E32" toText="gross tumor in the omentum and large bowel" type="OVERLAP" />
<TLINK id="TL24" fromID="E32" fromText="gross tumor in the omentum and large bowel" toID="E39" toText="tumor through the uterine serosa" type="OVERLAP" />
<TLINK id="TL25" fromID="E34" fromText="tumor" toID="E33" toText="studding on the right diaphragm" type="OVERLAP" />
<TLINK id="TL26" fromID="E33" fromText="studding on the right diaphragm" toID="E39" toText="tumor through the uterine serosa" type="OVERLAP" />
<TLINK id="TL27" fromID="E34" fromText="tumor" toID="E39" toText="tumor through the uterine serosa" type="OVERLAP" />
<TLINK id="TL28" fromID="E6" fromText="showed" toID="E36" toText="focally invasive" type="AFTER" />
<TLINK id="TL29" fromID="E6" fromText="showed" toID="E37" toText="squamous differentiation" type="AFTER" />
<TLINK id="TL30" fromID="E6" fromText="showed" toID="E38" toText="grade II-III papillary adenocarcinoma of the endometrium" type="BEFORE" />
<TLINK id="TL31" fromID="E6" fromText="showed" toID="E42" toText="superficial myometrium" type="AFTER" />
<TLINK id="TL32" fromID="E63" fromText="Pathology" toID="E6" toText="showed" type="OVERLAP" />
<TLINK id="TL33" fromID="E37" fromText="squamous differentiation" toID="E36" toText="focally invasive" type="OVERLAP" />
<TLINK id="TL34" fromID="E38" fromText="grade II-III papillary adenocarcinoma of the endometrium" toID="E36" toText="focally invasive" type="OVERLAP" />
<TLINK id="TL35" fromID="E36" fromText="focally invasive" toID="E42" toText="superficial myometrium" type="OVERLAP" />
<TLINK id="TL36" fromID="E63" fromText="Pathology" toID="E36" toText="focally invasive" type="BEFORE" />
<TLINK id="TL37" fromID="E38" fromText="grade II-III papillary adenocarcinoma of the endometrium" toID="E37" toText="squamous differentiation" type="OVERLAP" />
<TLINK id="TL38" fromID="E37" fromText="squamous differentiation" toID="E42" toText="superficial myometrium" type="OVERLAP" />
<TLINK id="TL39" fromID="E63" fromText="Pathology" toID="E37" toText="squamous differentiation" type="BEFORE" />
<TLINK id="TL40" fromID="E38" fromText="grade II-III papillary adenocarcinoma of the endometrium" toID="E42" toText="superficial myometrium" type="OVERLAP" />
<TLINK id="TL41" fromID="E63" fromText="Pathology" toID="E38" toText="grade II-III papillary adenocarcinoma of the endometrium" type="BEFORE" />
<TLINK id="TL42" fromID="E63" fromText="Pathology" toID="E42" toText="superficial myometrium" type="BEFORE" />
<TLINK id="TL43" fromID="E7" fromText="showed" toID="E40" toText="omental involvement" type="AFTER" />
<TLINK id="TL44" fromID="E7" fromText="showed" toID="E41" toText="an endometroid adenocarcinoma" type="AFTER" />
<TLINK id="TL45" fromID="E7" fromText="showed" toID="E43" toText="papillary serous adeno" type="BEFORE" />
<TLINK id="TL46" fromID="E40" fromText="omental involvement" toID="E41" toText="an endometroid adenocarcinoma" type="OVERLAP" />
<TLINK id="TL47" fromID="E43" fromText="papillary serous adeno" toID="E40" toText="omental involvement" type="OVERLAP" />
<TLINK id="TL48" fromID="E43" fromText="papillary serous adeno" toID="E41" toText="an endometroid adenocarcinoma" type="OVERLAP" />
<TLINK id="TL49" fromID="E46" fromText="two primaries" toID="E47" toText="metastatic endometrial cancer" type="OVERLAP" />
<TLINK id="TL50" fromID="E3" fromText="Wellla Uxinny" toID="E2" toText="mount Medical Center" type="AFTER" />
<TLINK id="TL51" fromID="E21" fromText="admitted" toID="E2" toText="mount Medical Center" type="AFTER" />
<TLINK id="TL52" fromID="E2" fromText="mount Medical Center" toID="E44" toText="left leg DVT" type="AFTER" />
<TLINK id="TL53" fromID="E2" fromText="mount Medical Center" toID="E74" toText="Heparin therapy" type="OVERLAP" />
<TLINK id="TL54" fromID="E21" fromText="admitted" toID="E3" toText="Wellla Uxinny" type="AFTER" />
<TLINK id="TL55" fromID="E3" fromText="Wellla Uxinny" toID="E44" toText="left leg DVT" type="AFTER" />
<TLINK id="TL56" fromID="E3" fromText="Wellla Uxinny" toID="E74" toText="Heparin therapy" type="OVERLAP" />
<TLINK id="TL57" fromID="E21" fromText="admitted" toID="E44" toText="left leg DVT" type="AFTER" />
<TLINK id="TL58" fromID="E21" fromText="admitted" toID="E74" toText="Heparin therapy" type="OVERLAP" />
<TLINK id="TL59" fromID="E44" fromText="left leg DVT" toID="E74" toText="Heparin therapy" type="OVERLAP" />
<TLINK id="TL60" fromID="E22" fromText="discharged" toID="E75" toText="Coumadin therapy" type="OVERLAP" />
<TLINK id="TL61" fromID="E23" fromText="admission" toID="E24" toText="complaints" type="AFTER" />
<TLINK id="TL62" fromID="E24" fromText="complaints" toID="E24" toText="complaints" type="AFTER" />
<TLINK id="TL63" fromID="E24" fromText="complaints" toID="E45" toText="anxiety" type="AFTER" />
<TLINK id="TL65" fromID="E23" fromText="admission" toID="E45" toText="anxiety" type="AFTER" />
<TLINK id="TL73" fromID="E78" fromText="MESNA" toID="E79" toText="continuous IV infusion" type="OVERLAP" />
<TLINK id="TL74" fromID="E81" fromText="IFEX" toID="E78" toText="MESNA" type="OVERLAP" />
<TLINK id="TL75" fromID="E81" fromText="IFEX" toID="E79" toText="continuous IV infusion" type="OVERLAP" />
<TLINK id="TL76" fromID="E84" fromText="VP-16" toID="E85" toText="IV fluid" type="AFTER" />
<TLINK id="TL77" fromID="E82" fromText="MESNA dose" toID="E83" toText="her IFEX" type="AFTER" />
<TLINK id="TL78" fromID="E82" fromText="MESNA dose" toID="E88" toText="MESNA" type="OVERLAP" />
<TLINK id="TL79" fromID="E83" fromText="her IFEX" toID="E88" toText="MESNA" type="OVERLAP" />
<TLINK id="TL80" fromID="E25" fromText="admission" toID="E50" toText="red blood cells" type="AFTER" />
<TLINK id="TL81" fromID="E65" fromText="The patient 's urinalysis" toID="E25" toText="admission" type="AFTER" />
<TLINK id="TL82" fromID="E25" fromText="admission" toID="E66" toText="uric acid" type="AFTER" />
<TLINK id="TL83" fromID="E65" fromText="The patient 's urinalysis" toID="E50" toText="red blood cells" type="AFTER" />
<TLINK id="TL84" fromID="E50" fromText="red blood cells" toID="E66" toText="uric acid" type="AFTER" />
<TLINK id="TL85" fromID="E65" fromText="The patient 's urinalysis" toID="E66" toText="uric acid" type="OVERLAP" />
<TLINK id="TL86" fromID="E89" fromText="her IFEX" toID="E86" toText="MESNA" type="OVERLAP" />
<TLINK id="TL87" fromID="E67" fromText="A repeat straight cath" toID="E51" toText="RBC 's" type="AFTER" />
<TLINK id="TL88" fromID="E48" fromText="8-10 RBC 's in her urine" toID="E49" toText="50-80 RBC 's in her urine" type="AFTER" />
<TLINK id="TL89" fromID="E48" fromText="8-10 RBC 's in her urine" toID="E52" toText="a few transitional epithelial cells" type="AFTER" />
<TLINK id="TL90" fromID="E87" fromText="chemotherapy" toID="E48" toText="8-10 RBC 's in her urine" type="AFTER" />
<TLINK id="TL91" fromID="E48" fromText="8-10 RBC 's in her urine" toID="E104" toText="her IFEX infusion" type="AFTER" />
<TLINK id="TL92" fromID="E49" fromText="50-80 RBC 's in her urine" toID="E52" toText="a few transitional epithelial cells" type="AFTER" />
<TLINK id="TL93" fromID="E87" fromText="chemotherapy" toID="E49" toText="50-80 RBC 's in her urine" type="AFTER" />
<TLINK id="TL94" fromID="E104" fromText="her IFEX infusion" toID="E49" toText="50-80 RBC 's in her urine" type="AFTER" />
<TLINK id="TL95" fromID="E87" fromText="chemotherapy" toID="E52" toText="a few transitional epithelial cells" type="AFTER" />
<TLINK id="TL96" fromID="E104" fromText="her IFEX infusion" toID="E52" toText="a few transitional epithelial cells" type="AFTER" />
<TLINK id="TL97" fromID="E87" fromText="chemotherapy" toID="E104" toText="her IFEX infusion" type="OVERLAP" />
<TLINK id="TL98" fromID="E105" fromText="her IFEX" toID="E102" toText="infusion" type="OVERLAP" />
<TLINK id="TL99" fromID="E15" fromText="continued" toID="E100" toText="IV infusion" type="AFTER" />
<TLINK id="TL100" fromID="E103" fromText="Her MESNA" toID="E15" toText="continued" type="AFTER" />
<TLINK id="TL101" fromID="E103" fromText="Her MESNA" toID="E100" toText="IV infusion" type="OVERLAP" />
<TLINK id="TL102" fromID="E101" fromText="her VP-16" toID="E53" toText="complication" type="AFTER" />
<TLINK id="TL103" fromID="E68" fromText="the patient 's hematocrit" toID="E26" toText="admission" type="AFTER" />
<TLINK id="TL104" fromID="E9" fromText="showed" toID="E57" toText="hematocrit" type="OVERLAP" />
<TLINK id="TL105" fromID="E69" fromText="the patient 's hematocrit" toID="E9" toText="showed" type="OVERLAP" />
<TLINK id="TL106" fromID="E69" fromText="the patient 's hematocrit" toID="E57" toText="hematocrit" type="OVERLAP" />
<TLINK id="TL107" fromID="E14" fromText="admission" toID="E55" toText="PTT" type="AFTER" />
<TLINK id="TL108" fromID="E14" fromText="admission" toID="E56" toText="PT" type="OVERLAP" />
<TLINK id="TL109" fromID="E96" fromText="her anticoagulation" toID="E14" toText="admission" type="AFTER" />
<TLINK id="TL110" fromID="E56" fromText="PT" toID="E55" toText="PTT" type="OVERLAP" />
<TLINK id="TL111" fromID="E96" fromText="her anticoagulation" toID="E55" toText="PTT" type="AFTER" />
<TLINK id="TL112" fromID="E96" fromText="her anticoagulation" toID="E56" toText="PT" type="AFTER" />
<TLINK id="TL113" fromID="E13" fromText="her admission" toID="E54" toText="her PT" type="AFTER" />
<TLINK id="TL114" fromID="E94" fromText="Coumadin" toID="E13" toText="her admission" type="AFTER" />
<TLINK id="TL115" fromID="E94" fromText="Coumadin" toID="E54" toText="her PT" type="AFTER" />
<TLINK id="TL116" fromID="E10" fromText="showing" toID="E12" toText="significant bump" type="AFTER" />
<TLINK id="TL117" fromID="E10" fromText="showing" toID="E60" toText="her count" type="AFTER" />
<TLINK id="TL118" fromID="E61" fromText="The patient 's hematocrit" toID="E10" toText="showing" type="OVERLAP" />
<TLINK id="TL119" fromID="E10" fromText="showing" toID="E92" toText="packed RBC 's" type="AFTER" />
<TLINK id="TL120" fromID="E12" fromText="significant bump" toID="E60" toText="her count" type="AFTER" />
<TLINK id="TL121" fromID="E61" fromText="The patient 's hematocrit" toID="E12" toText="significant bump" type="AFTER" />
<TLINK id="TL122" fromID="E12" fromText="significant bump" toID="E92" toText="packed RBC 's" type="AFTER" />
<TLINK id="TL123" fromID="E61" fromText="The patient 's hematocrit" toID="E60" toText="her count" type="OVERLAP" />
<TLINK id="TL124" fromID="E60" fromText="her count" toID="E92" toText="packed RBC 's" type="AFTER" />
<TLINK id="TL125" fromID="E61" fromText="The patient 's hematocrit" toID="E92" toText="packed RBC 's" type="AFTER" />
<TLINK id="TL126" fromID="E59" fromText="Her PT" toID="E11" toText="discharge" type="AFTER" />
<TLINK id="TL127" fromID="E11" fromText="discharge" toID="E93" toText="Coumadin" type="OVERLAP" />
<TLINK id="TL128" fromID="E59" fromText="Her PT" toID="E93" toText="Coumadin" type="OVERLAP" />
<TLINK id="TL129" fromID="E16" fromText="follow up" toID="E58" toText="repeat PT" type="AFTER" />
<TLINK id="TL130" fromID="E90" fromText="chemotherapy" toID="E16" toText="follow up" type="AFTER" />
<TLINK id="TL131" fromID="E16" fromText="follow up" toID="E91" toText="Coumadin dosing" type="AFTER" />
<TLINK id="TL132" fromID="E90" fromText="chemotherapy" toID="E58" toText="repeat PT" type="AFTER" />
<TLINK id="TL133" fromID="E58" fromText="repeat PT" toID="E91" toText="Coumadin dosing" type="AFTER" />
<TLINK id="TL134" fromID="E90" fromText="chemotherapy" toID="E91" toText="Coumadin dosing" type="OVERLAP" />
<TLINK id="TL135" fromID="E20" fromText="presented" toID="T10" toText="10-90" type="OVERLAP" />
<TLINK id="TL137" fromID="E29" fromText="heavy bleeding per vagina" toID="T10" toText="10-90" type="OVERLAP" />
<TLINK id="TL138" fromID="E70" fromText="partial omentectomy" toID="T9" toText="10-90" type="OVERLAP" />
<TLINK id="TL139" fromID="E71" fromText="BSO" toID="T9" toText="10-90" type="OVERLAP" />
<TLINK id="TL140" fromID="E72" fromText="TAH" toID="T9" toText="10-90" type="OVERLAP" />
<TLINK id="TL141" fromID="E32" fromText="gross tumor in the omentum and large bowel" toID="T8" toText="that time" type="OVERLAP" />
<TLINK id="TL142" fromID="E33" fromText="studding on the right diaphragm" toID="T8" toText="that time" type="OVERLAP" />
<TLINK id="TL143" fromID="E34" fromText="tumor" toID="T8" toText="that time" type="OVERLAP" />
<TLINK id="TL144" fromID="E39" fromText="tumor through the uterine serosa" toID="T8" toText="that time" type="OVERLAP" />
<TLINK id="TL145" fromID="E64" fromText="Her CA-125" toID="T7" toText="6-27-91" type="OVERLAP" />
<TLINK id="TL146" fromID="E2" fromText="mount Medical Center" toID="T17" toText="05-92" type="OVERLAP" />
<TLINK id="TL147" fromID="E3" fromText="Wellla Uxinny" toID="T17" toText="05-92" type="OVERLAP" />
<TLINK id="TL148" fromID="E21" fromText="admitted" toID="T17" toText="05-92" type="OVERLAP" />
<TLINK id="TL149" fromID="E44" fromText="left leg DVT" toID="T17" toText="05-92" type="OVERLAP" />
<TLINK id="TL150" fromID="E74" fromText="Heparin therapy" toID="T17" toText="05-92" type="OVERLAP" />
<TLINK id="TL151" fromID="E78" fromText="MESNA" toID="T16" toText="x 3 days" type="OVERLAP" />
<TLINK id="TL152" fromID="E79" fromText="continuous IV infusion" toID="T16" toText="x 3 days" type="OVERLAP" />
<TLINK id="TL153" fromID="E81" fromText="IFEX" toID="T18" toText="x 3 days" type="OVERLAP" />
<TLINK id="TL154" fromID="E84" fromText="VP-16" toID="T5" toText="1 hour each day" type="OVERLAP" />
<TLINK id="TL155" fromID="E85" fromText="IV fluid" toID="T5" toText="1 hour each day" type="OVERLAP" />
<TLINK id="TL156" fromID="E48" fromText="8-10 RBC 's in her urine" toID="T14" toText="the second day" type="OVERLAP" />
<TLINK id="TL157" fromID="E49" fromText="50-80 RBC 's in her urine" toID="T13" toText="1 day" type="OVERLAP" />
<TLINK id="TL158" fromID="E52" fromText="a few transitional epithelial cells" toID="T13" toText="1 day" type="OVERLAP" />
<TLINK id="TL159" fromID="E87" fromText="chemotherapy" toID="T14" toText="the second day" type="OVERLAP" />
<TLINK id="TL160" fromID="E104" fromText="her IFEX infusion" toID="T13" toText="1 day" type="OVERLAP" />
<TLINK id="TL161" fromID="E15" fromText="continued" toID="T25" toText="that time" type="OVERLAP" />
<TLINK id="TL162" fromID="E100" fromText="IV infusion" toID="T25" toText="that time" type="OVERLAP" />
<TLINK id="TL163" fromID="E103" fromText="Her MESNA" toID="T25" toText="that time" type="OVERLAP" />
<TLINK id="TL164" fromID="E99" fromText="packed RBC 's" toID="T23" toText="that time" type="OVERLAP" />
<TLINK id="TL165" fromID="E99" fromText="packed RBC 's" toID="T24" toText="this time" type="OVERLAP" />
<TLINK id="TL169" fromID="E95" fromText="Coumadin" toID="T22" toText="per day" type="OVERLAP" />
<TLINK id="TL170" fromID="E10" fromText="showing" toID="T19" toText="the day of discharge" type="OVERLAP" />
<TLINK id="TL171" fromID="E12" fromText="significant bump" toID="T19" toText="the day of discharge" type="OVERLAP" />
<TLINK id="TL172" fromID="E60" fromText="her count" toID="T19" toText="the day of discharge" type="OVERLAP" />
<TLINK id="TL173" fromID="E61" fromText="The patient 's hematocrit" toID="T19" toText="the day of discharge" type="OVERLAP" />
<TLINK id="TL176" fromID="E59" fromText="Her PT" toID="T20" toText="the day of discharge" type="OVERLAP" />
<TLINK id="TL178" fromID="E17" fromText="discharged" toID="T1" toText="9-12-92" type="OVERLAP" />
<TLINK id="TL179" fromID="E20" fromText="presented" toID="E70" toText="partial omentectomy" type="OVERLAP" />
<TLINK id="TL180" fromID="E20" fromText="presented" toID="E71" toText="BSO" type="OVERLAP" />
<TLINK id="TL181" fromID="E20" fromText="presented" toID="E72" toText="TAH" type="OVERLAP" />
<TLINK id="TL182" fromID="E20" fromText="presented" toID="E70" toText="partial omentectomy" type="OVERLAP" />
<TLINK id="TL183" fromID="E20" fromText="presented" toID="E71" toText="BSO" type="OVERLAP" />
<TLINK id="TL184" fromID="E20" fromText="presented" toID="E72" toText="TAH" type="OVERLAP" />
<TLINK id="TL185" fromID="E29" fromText="heavy bleeding per vagina" toID="E70" toText="partial omentectomy" type="OVERLAP" />
<TLINK id="TL186" fromID="E29" fromText="heavy bleeding per vagina" toID="E71" toText="BSO" type="OVERLAP" />
<TLINK id="TL187" fromID="E29" fromText="heavy bleeding per vagina" toID="E72" toText="TAH" type="OVERLAP" />
<TLINK id="TL188" fromID="E70" fromText="partial omentectomy" toID="E20" toText="presented" type="OVERLAP" />
<TLINK id="TL189" fromID="E70" fromText="partial omentectomy" toID="E20" toText="presented" type="OVERLAP" />
<TLINK id="TL190" fromID="E70" fromText="partial omentectomy" toID="E29" toText="heavy bleeding per vagina" type="OVERLAP" />
<TLINK id="TL191" fromID="E71" fromText="BSO" toID="E20" toText="presented" type="OVERLAP" />
<TLINK id="TL192" fromID="E71" fromText="BSO" toID="E20" toText="presented" type="OVERLAP" />
<TLINK id="TL193" fromID="E71" fromText="BSO" toID="E29" toText="heavy bleeding per vagina" type="OVERLAP" />
<TLINK id="TL194" fromID="E72" fromText="TAH" toID="E20" toText="presented" type="OVERLAP" />
<TLINK id="TL195" fromID="E72" fromText="TAH" toID="E20" toText="presented" type="OVERLAP" />
<TLINK id="TL196" fromID="E72" fromText="TAH" toID="E29" toText="heavy bleeding per vagina" type="OVERLAP" />
<TLINK id="TL197" fromID="E32" fromText="gross tumor in the omentum and large bowel" toID="E15" toText="continued" type="OVERLAP" />
<TLINK id="TL198" fromID="E32" fromText="gross tumor in the omentum and large bowel" toID="E100" toText="IV infusion" type="OVERLAP" />
<TLINK id="TL199" fromID="E32" fromText="gross tumor in the omentum and large bowel" toID="E103" toText="Her MESNA" type="OVERLAP" />
<TLINK id="TL200" fromID="E32" fromText="gross tumor in the omentum and large bowel" toID="E99" toText="packed RBC 's" type="OVERLAP" />
<TLINK id="TL201" fromID="E32" fromText="gross tumor in the omentum and large bowel" toID="E99" toText="packed RBC 's" type="OVERLAP" />
<TLINK id="TL202" fromID="E33" fromText="studding on the right diaphragm" toID="E15" toText="continued" type="OVERLAP" />
<TLINK id="TL203" fromID="E33" fromText="studding on the right diaphragm" toID="E100" toText="IV infusion" type="OVERLAP" />
<TLINK id="TL204" fromID="E33" fromText="studding on the right diaphragm" toID="E103" toText="Her MESNA" type="OVERLAP" />
<TLINK id="TL205" fromID="E33" fromText="studding on the right diaphragm" toID="E99" toText="packed RBC 's" type="OVERLAP" />
<TLINK id="TL206" fromID="E33" fromText="studding on the right diaphragm" toID="E99" toText="packed RBC 's" type="OVERLAP" />
<TLINK id="TL207" fromID="E34" fromText="tumor" toID="E15" toText="continued" type="OVERLAP" />
<TLINK id="TL208" fromID="E34" fromText="tumor" toID="E100" toText="IV infusion" type="OVERLAP" />
<TLINK id="TL209" fromID="E34" fromText="tumor" toID="E103" toText="Her MESNA" type="OVERLAP" />
<TLINK id="TL210" fromID="E34" fromText="tumor" toID="E99" toText="packed RBC 's" type="OVERLAP" />
<TLINK id="TL211" fromID="E34" fromText="tumor" toID="E99" toText="packed RBC 's" type="OVERLAP" />
<TLINK id="TL212" fromID="E39" fromText="tumor through the uterine serosa" toID="E15" toText="continued" type="OVERLAP" />
<TLINK id="TL213" fromID="E39" fromText="tumor through the uterine serosa" toID="E100" toText="IV infusion" type="OVERLAP" />
<TLINK id="TL214" fromID="E39" fromText="tumor through the uterine serosa" toID="E103" toText="Her MESNA" type="OVERLAP" />
<TLINK id="TL215" fromID="E39" fromText="tumor through the uterine serosa" toID="E99" toText="packed RBC 's" type="OVERLAP" />
<TLINK id="TL216" fromID="E39" fromText="tumor through the uterine serosa" toID="E99" toText="packed RBC 's" type="OVERLAP" />
<TLINK id="TL217" fromID="E15" fromText="continued" toID="E32" toText="gross tumor in the omentum and large bowel" type="OVERLAP" />
<TLINK id="TL218" fromID="E15" fromText="continued" toID="E33" toText="studding on the right diaphragm" type="OVERLAP" />
<TLINK id="TL219" fromID="E15" fromText="continued" toID="E34" toText="tumor" type="OVERLAP" />
<TLINK id="TL220" fromID="E15" fromText="continued" toID="E39" toText="tumor through the uterine serosa" type="OVERLAP" />
<TLINK id="TL221" fromID="E15" fromText="continued" toID="E99" toText="packed RBC 's" type="OVERLAP" />
<TLINK id="TL222" fromID="E15" fromText="continued" toID="E99" toText="packed RBC 's" type="OVERLAP" />
<TLINK id="TL223" fromID="E100" fromText="IV infusion" toID="E32" toText="gross tumor in the omentum and large bowel" type="OVERLAP" />
<TLINK id="TL224" fromID="E100" fromText="IV infusion" toID="E33" toText="studding on the right diaphragm" type="OVERLAP" />
<TLINK id="TL225" fromID="E100" fromText="IV infusion" toID="E34" toText="tumor" type="OVERLAP" />
<TLINK id="TL226" fromID="E100" fromText="IV infusion" toID="E39" toText="tumor through the uterine serosa" type="OVERLAP" />
<TLINK id="TL227" fromID="E100" fromText="IV infusion" toID="E99" toText="packed RBC 's" type="OVERLAP" />
<TLINK id="TL228" fromID="E100" fromText="IV infusion" toID="E99" toText="packed RBC 's" type="OVERLAP" />
<TLINK id="TL229" fromID="E103" fromText="Her MESNA" toID="E32" toText="gross tumor in the omentum and large bowel" type="OVERLAP" />
<TLINK id="TL230" fromID="E103" fromText="Her MESNA" toID="E33" toText="studding on the right diaphragm" type="OVERLAP" />
<TLINK id="TL231" fromID="E103" fromText="Her MESNA" toID="E34" toText="tumor" type="OVERLAP" />
<TLINK id="TL232" fromID="E103" fromText="Her MESNA" toID="E39" toText="tumor through the uterine serosa" type="OVERLAP" />
<TLINK id="TL233" fromID="E103" fromText="Her MESNA" toID="E99" toText="packed RBC 's" type="OVERLAP" />
<TLINK id="TL234" fromID="E103" fromText="Her MESNA" toID="E99" toText="packed RBC 's" type="OVERLAP" />
<TLINK id="TL235" fromID="E99" fromText="packed RBC 's" toID="E32" toText="gross tumor in the omentum and large bowel" type="OVERLAP" />
<TLINK id="TL236" fromID="E99" fromText="packed RBC 's" toID="E33" toText="studding on the right diaphragm" type="OVERLAP" />
<TLINK id="TL237" fromID="E99" fromText="packed RBC 's" toID="E34" toText="tumor" type="OVERLAP" />
<TLINK id="TL238" fromID="E99" fromText="packed RBC 's" toID="E39" toText="tumor through the uterine serosa" type="OVERLAP" />
<TLINK id="TL239" fromID="E99" fromText="packed RBC 's" toID="E15" toText="continued" type="OVERLAP" />
<TLINK id="TL240" fromID="E99" fromText="packed RBC 's" toID="E100" toText="IV infusion" type="OVERLAP" />
<TLINK id="TL241" fromID="E99" fromText="packed RBC 's" toID="E103" toText="Her MESNA" type="OVERLAP" />
<TLINK id="TL242" fromID="E99" fromText="packed RBC 's" toID="E99" toText="packed RBC 's" type="OVERLAP" />
<TLINK id="TL243" fromID="E99" fromText="packed RBC 's" toID="E32" toText="gross tumor in the omentum and large bowel" type="OVERLAP" />
<TLINK id="TL244" fromID="E99" fromText="packed RBC 's" toID="E33" toText="studding on the right diaphragm" type="OVERLAP" />
<TLINK id="TL245" fromID="E99" fromText="packed RBC 's" toID="E34" toText="tumor" type="OVERLAP" />
<TLINK id="TL246" fromID="E99" fromText="packed RBC 's" toID="E39" toText="tumor through the uterine serosa" type="OVERLAP" />
<TLINK id="TL247" fromID="E99" fromText="packed RBC 's" toID="E15" toText="continued" type="OVERLAP" />
<TLINK id="TL248" fromID="E99" fromText="packed RBC 's" toID="E100" toText="IV infusion" type="OVERLAP" />
<TLINK id="TL249" fromID="E99" fromText="packed RBC 's" toID="E103" toText="Her MESNA" type="OVERLAP" />
<TLINK id="TL250" fromID="E99" fromText="packed RBC 's" toID="E99" toText="packed RBC 's" type="OVERLAP" />
<TLINK id="TL251" fromID="E13" fromText="her admission" toID="E10" toText="showing" type="OVERLAP" />
<TLINK id="TL252" fromID="E13" fromText="her admission" toID="E12" toText="significant bump" type="OVERLAP" />
<TLINK id="TL253" fromID="E13" fromText="her admission" toID="E60" toText="her count" type="OVERLAP" />
<TLINK id="TL254" fromID="E13" fromText="her admission" toID="E61" toText="The patient 's hematocrit" type="OVERLAP" />
<TLINK id="TL255" fromID="E13" fromText="her admission" toID="E92" toText="packed RBC 's" type="OVERLAP" />
<TLINK id="TL256" fromID="E13" fromText="her admission" toID="E11" toText="discharge" type="OVERLAP" />
<TLINK id="TL257" fromID="E13" fromText="her admission" toID="E59" toText="Her PT" type="OVERLAP" />
<TLINK id="TL258" fromID="E13" fromText="her admission" toID="E93" toText="Coumadin" type="OVERLAP" />
<TLINK id="TL259" fromID="E13" fromText="her admission" toID="E17" toText="discharged" type="OVERLAP" />
<TLINK id="TL260" fromID="E54" fromText="her PT" toID="E10" toText="showing" type="OVERLAP" />
<TLINK id="TL261" fromID="E54" fromText="her PT" toID="E12" toText="significant bump" type="OVERLAP" />
<TLINK id="TL262" fromID="E54" fromText="her PT" toID="E60" toText="her count" type="OVERLAP" />
<TLINK id="TL263" fromID="E54" fromText="her PT" toID="E61" toText="The patient 's hematocrit" type="OVERLAP" />
<TLINK id="TL264" fromID="E54" fromText="her PT" toID="E92" toText="packed RBC 's" type="OVERLAP" />
<TLINK id="TL265" fromID="E54" fromText="her PT" toID="E11" toText="discharge" type="OVERLAP" />
<TLINK id="TL266" fromID="E54" fromText="her PT" toID="E59" toText="Her PT" type="OVERLAP" />
<TLINK id="TL267" fromID="E54" fromText="her PT" toID="E93" toText="Coumadin" type="OVERLAP" />
<TLINK id="TL268" fromID="E54" fromText="her PT" toID="E17" toText="discharged" type="OVERLAP" />
<TLINK id="TL269" fromID="E94" fromText="Coumadin" toID="E10" toText="showing" type="OVERLAP" />
<TLINK id="TL270" fromID="E94" fromText="Coumadin" toID="E12" toText="significant bump" type="OVERLAP" />
<TLINK id="TL271" fromID="E94" fromText="Coumadin" toID="E60" toText="her count" type="OVERLAP" />
<TLINK id="TL272" fromID="E94" fromText="Coumadin" toID="E61" toText="The patient 's hematocrit" type="OVERLAP" />
<TLINK id="TL273" fromID="E94" fromText="Coumadin" toID="E92" toText="packed RBC 's" type="OVERLAP" />
<TLINK id="TL274" fromID="E94" fromText="Coumadin" toID="E11" toText="discharge" type="OVERLAP" />
<TLINK id="TL275" fromID="E94" fromText="Coumadin" toID="E59" toText="Her PT" type="OVERLAP" />
<TLINK id="TL276" fromID="E94" fromText="Coumadin" toID="E93" toText="Coumadin" type="OVERLAP" />
<TLINK id="TL277" fromID="E94" fromText="Coumadin" toID="E17" toText="discharged" type="OVERLAP" />
<TLINK id="TL278" fromID="E10" fromText="showing" toID="E13" toText="her admission" type="OVERLAP" />
<TLINK id="TL279" fromID="E10" fromText="showing" toID="E54" toText="her PT" type="OVERLAP" />
<TLINK id="TL280" fromID="E10" fromText="showing" toID="E94" toText="Coumadin" type="OVERLAP" />
<TLINK id="TL281" fromID="E10" fromText="showing" toID="E11" toText="discharge" type="OVERLAP" />
<TLINK id="TL282" fromID="E10" fromText="showing" toID="E59" toText="Her PT" type="OVERLAP" />
<TLINK id="TL283" fromID="E10" fromText="showing" toID="E93" toText="Coumadin" type="OVERLAP" />
<TLINK id="TL284" fromID="E10" fromText="showing" toID="E17" toText="discharged" type="OVERLAP" />
<TLINK id="TL285" fromID="E12" fromText="significant bump" toID="E13" toText="her admission" type="OVERLAP" />
<TLINK id="TL286" fromID="E12" fromText="significant bump" toID="E54" toText="her PT" type="OVERLAP" />
<TLINK id="TL287" fromID="E12" fromText="significant bump" toID="E94" toText="Coumadin" type="OVERLAP" />
<TLINK id="TL288" fromID="E12" fromText="significant bump" toID="E11" toText="discharge" type="OVERLAP" />
<TLINK id="TL289" fromID="E12" fromText="significant bump" toID="E59" toText="Her PT" type="OVERLAP" />
<TLINK id="TL290" fromID="E12" fromText="significant bump" toID="E93" toText="Coumadin" type="OVERLAP" />
<TLINK id="TL291" fromID="E12" fromText="significant bump" toID="E17" toText="discharged" type="OVERLAP" />
<TLINK id="TL292" fromID="E60" fromText="her count" toID="E13" toText="her admission" type="OVERLAP" />
<TLINK id="TL293" fromID="E60" fromText="her count" toID="E54" toText="her PT" type="OVERLAP" />
<TLINK id="TL294" fromID="E60" fromText="her count" toID="E94" toText="Coumadin" type="OVERLAP" />
<TLINK id="TL295" fromID="E60" fromText="her count" toID="E11" toText="discharge" type="OVERLAP" />
<TLINK id="TL296" fromID="E60" fromText="her count" toID="E59" toText="Her PT" type="OVERLAP" />
<TLINK id="TL297" fromID="E60" fromText="her count" toID="E93" toText="Coumadin" type="OVERLAP" />
<TLINK id="TL298" fromID="E60" fromText="her count" toID="E17" toText="discharged" type="OVERLAP" />
<TLINK id="TL299" fromID="E61" fromText="The patient 's hematocrit" toID="E13" toText="her admission" type="OVERLAP" />
<TLINK id="TL300" fromID="E61" fromText="The patient 's hematocrit" toID="E54" toText="her PT" type="OVERLAP" />
<TLINK id="TL301" fromID="E61" fromText="The patient 's hematocrit" toID="E94" toText="Coumadin" type="OVERLAP" />
<TLINK id="TL302" fromID="E61" fromText="The patient 's hematocrit" toID="E11" toText="discharge" type="OVERLAP" />
<TLINK id="TL303" fromID="E61" fromText="The patient 's hematocrit" toID="E59" toText="Her PT" type="OVERLAP" />
<TLINK id="TL304" fromID="E61" fromText="The patient 's hematocrit" toID="E93" toText="Coumadin" type="OVERLAP" />
<TLINK id="TL305" fromID="E61" fromText="The patient 's hematocrit" toID="E17" toText="discharged" type="OVERLAP" />
<TLINK id="TL306" fromID="E92" fromText="packed RBC 's" toID="E13" toText="her admission" type="OVERLAP" />
<TLINK id="TL307" fromID="E92" fromText="packed RBC 's" toID="E54" toText="her PT" type="OVERLAP" />
<TLINK id="TL308" fromID="E92" fromText="packed RBC 's" toID="E94" toText="Coumadin" type="OVERLAP" />
<TLINK id="TL309" fromID="E92" fromText="packed RBC 's" toID="E11" toText="discharge" type="OVERLAP" />
<TLINK id="TL310" fromID="E92" fromText="packed RBC 's" toID="E59" toText="Her PT" type="OVERLAP" />
<TLINK id="TL311" fromID="E92" fromText="packed RBC 's" toID="E93" toText="Coumadin" type="OVERLAP" />
<TLINK id="TL312" fromID="E92" fromText="packed RBC 's" toID="E17" toText="discharged" type="OVERLAP" />
<TLINK id="TL313" fromID="E11" fromText="discharge" toID="E13" toText="her admission" type="OVERLAP" />
<TLINK id="TL314" fromID="E11" fromText="discharge" toID="E54" toText="her PT" type="OVERLAP" />
<TLINK id="TL315" fromID="E11" fromText="discharge" toID="E94" toText="Coumadin" type="OVERLAP" />
<TLINK id="TL316" fromID="E11" fromText="discharge" toID="E10" toText="showing" type="OVERLAP" />
<TLINK id="TL317" fromID="E11" fromText="discharge" toID="E12" toText="significant bump" type="OVERLAP" />
<TLINK id="TL318" fromID="E11" fromText="discharge" toID="E60" toText="her count" type="OVERLAP" />
<TLINK id="TL319" fromID="E11" fromText="discharge" toID="E61" toText="The patient 's hematocrit" type="OVERLAP" />
<TLINK id="TL320" fromID="E11" fromText="discharge" toID="E92" toText="packed RBC 's" type="OVERLAP" />
<TLINK id="TL321" fromID="E11" fromText="discharge" toID="E17" toText="discharged" type="OVERLAP" />
<TLINK id="TL322" fromID="E59" fromText="Her PT" toID="E13" toText="her admission" type="OVERLAP" />
<TLINK id="TL323" fromID="E59" fromText="Her PT" toID="E54" toText="her PT" type="OVERLAP" />
<TLINK id="TL324" fromID="E59" fromText="Her PT" toID="E94" toText="Coumadin" type="OVERLAP" />
<TLINK id="TL325" fromID="E59" fromText="Her PT" toID="E10" toText="showing" type="OVERLAP" />
<TLINK id="TL326" fromID="E59" fromText="Her PT" toID="E12" toText="significant bump" type="OVERLAP" />
<TLINK id="TL327" fromID="E59" fromText="Her PT" toID="E60" toText="her count" type="OVERLAP" />
<TLINK id="TL328" fromID="E59" fromText="Her PT" toID="E61" toText="The patient 's hematocrit" type="OVERLAP" />
<TLINK id="TL329" fromID="E59" fromText="Her PT" toID="E92" toText="packed RBC 's" type="OVERLAP" />
<TLINK id="TL330" fromID="E59" fromText="Her PT" toID="E17" toText="discharged" type="OVERLAP" />
<TLINK id="TL331" fromID="E93" fromText="Coumadin" toID="E13" toText="her admission" type="OVERLAP" />
<TLINK id="TL332" fromID="E93" fromText="Coumadin" toID="E54" toText="her PT" type="OVERLAP" />
<TLINK id="TL333" fromID="E93" fromText="Coumadin" toID="E94" toText="Coumadin" type="OVERLAP" />
<TLINK id="TL334" fromID="E93" fromText="Coumadin" toID="E10" toText="showing" type="OVERLAP" />
<TLINK id="TL335" fromID="E93" fromText="Coumadin" toID="E12" toText="significant bump" type="OVERLAP" />
<TLINK id="TL336" fromID="E93" fromText="Coumadin" toID="E60" toText="her count" type="OVERLAP" />
<TLINK id="TL337" fromID="E93" fromText="Coumadin" toID="E61" toText="The patient 's hematocrit" type="OVERLAP" />
<TLINK id="TL338" fromID="E93" fromText="Coumadin" toID="E92" toText="packed RBC 's" type="OVERLAP" />
<TLINK id="TL339" fromID="E93" fromText="Coumadin" toID="E17" toText="discharged" type="OVERLAP" />
<TLINK id="TL340" fromID="E17" fromText="discharged" toID="E13" toText="her admission" type="OVERLAP" />
<TLINK id="TL341" fromID="E17" fromText="discharged" toID="E54" toText="her PT" type="OVERLAP" />
<TLINK id="TL342" fromID="E17" fromText="discharged" toID="E94" toText="Coumadin" type="OVERLAP" />
<TLINK id="TL343" fromID="E17" fromText="discharged" toID="E10" toText="showing" type="OVERLAP" />
<TLINK id="TL344" fromID="E17" fromText="discharged" toID="E12" toText="significant bump" type="OVERLAP" />
<TLINK id="TL345" fromID="E17" fromText="discharged" toID="E60" toText="her count" type="OVERLAP" />
<TLINK id="TL346" fromID="E17" fromText="discharged" toID="E61" toText="The patient 's hematocrit" type="OVERLAP" />
<TLINK id="TL347" fromID="E17" fromText="discharged" toID="E92" toText="packed RBC 's" type="OVERLAP" />
<TLINK id="TL348" fromID="E17" fromText="discharged" toID="E11" toText="discharge" type="OVERLAP" />
<TLINK id="TL349" fromID="E17" fromText="discharged" toID="E59" toText="Her PT" type="OVERLAP" />
<TLINK id="TL350" fromID="E17" fromText="discharged" toID="E93" toText="Coumadin" type="OVERLAP" />
<TLINK id="TL361" fromID="E64" fromText="Her CA-125" toID="T6" toText="8-29-91" type="OVERLAP" />
<TLINK id="TL369" fromID="E78" fromText="MESNA" toID="T18" toText="x 3 days" type="OVERLAP" />
<TLINK id="TL371" fromID="E79" fromText="continuous IV infusion" toID="T18" toText="x 3 days" type="OVERLAP" />
<TLINK id="TL372" fromID="E81" fromText="IFEX" toID="T16" toText="x 3 days" type="OVERLAP" />
<TLINK id="TL375" fromID="E84" fromText="VP-16" toID="T15" toText="3 days" type="OVERLAP" />
<TLINK id="TL377" fromID="E85" fromText="IV fluid" toID="T15" toText="3 days" type="OVERLAP" />
<TLINK id="TL378" fromID="E48" fromText="8-10 RBC 's in her urine" toID="T13" toText="1 day" type="OVERLAP" />
<TLINK id="TL381" fromID="E49" fromText="50-80 RBC 's in her urine" toID="T14" toText="the second day" type="OVERLAP" />
<TLINK id="TL383" fromID="E52" fromText="a few transitional epithelial cells" toID="T14" toText="the second day" type="OVERLAP" />
<TLINK id="TL384" fromID="E87" fromText="chemotherapy" toID="T13" toText="1 day" type="OVERLAP" />
<TLINK id="TL387" fromID="E104" fromText="her IFEX infusion" toID="T14" toText="the second day" type="OVERLAP" />
<TLINK id="TL403" fromID="E11" fromText="discharge" toID="T20" toText="the day of discharge" type="OVERLAP" />
<TLINK id="TL407" fromID="E93" fromText="Coumadin" toID="T20" toText="the day of discharge" type="AFTER" />
<TLINK id="SECTIME0" fromID="E1" fromText="Medical Center" toID="T12" toText="09/07/1992" type="BEFORE" />
<TLINK id="SECTIME1" fromID="E2" fromText="mount Medical Center" toID="T12" toText="09/07/1992" type="BEFORE" />
<TLINK id="SECTIME2" fromID="E3" fromText="Wellla Uxinny" toID="T12" toText="09/07/1992" type="BEFORE" />
<TLINK id="SECTIME3" fromID="E20" fromText="presented" toID="T12" toText="09/07/1992" type="BEFORE" />
<TLINK id="SECTIME4" fromID="E5" fromText="showed" toID="T12" toText="09/07/1992" type="BEFORE" />
<TLINK id="SECTIME5" fromID="E6" fromText="showed" toID="T12" toText="09/07/1992" type="BEFORE" />
<TLINK id="SECTIME6" fromID="E7" fromText="showed" toID="T12" toText="09/07/1992" type="BEFORE" />
<TLINK id="SECTIME7" fromID="E24" fromText="complaints" toID="T12" toText="09/07/1992" type="BEFORE" />
<TLINK id="SECTIME8" fromID="E9" fromText="showed" toID="T11" toText="09/12/1992" type="BEFORE" />
<TLINK id="SECTIME9" fromID="E10" fromText="showing" toID="T11" toText="09/12/1992" type="BEFORE" />
<TLINK id="SECTIME10" fromID="E11" fromText="discharge" toID="T11" toText="09/12/1992" type="BEFORE" />
<TLINK id="SECTIME11" fromID="E12" fromText="significant bump" toID="T11" toText="09/12/1992" type="BEFORE" />
<TLINK id="SECTIME12" fromID="E13" fromText="her admission" toID="T11" toText="09/12/1992" type="BEFORE" />
<TLINK id="SECTIME13" fromID="E14" fromText="admission" toID="T11" toText="09/12/1992" type="BEFORE" />
<TLINK id="SECTIME14" fromID="E15" fromText="continued" toID="T11" toText="09/12/1992" type="BEFORE" />
<TLINK id="SECTIME15" fromID="E16" fromText="follow up" toID="T11" toText="09/12/1992" type="BEFORE" />
<TLINK id="SECTIME16" fromID="E17" fromText="discharged" toID="T11" toText="09/12/1992" type="BEFORE" />
<TLINK id="SECTIME17" fromID="E20" fromText="presented" toID="T12" toText="09/07/1992" type="BEFORE" />
<TLINK id="SECTIME18" fromID="E21" fromText="admitted" toID="T12" toText="09/07/1992" type="BEFORE" />
<TLINK id="SECTIME19" fromID="E22" fromText="discharged" toID="T12" toText="09/07/1992" type="BEFORE" />
<TLINK id="SECTIME20" fromID="E23" fromText="admission" toID="T12" toText="09/07/1992" type="BEFORE" />
<TLINK id="SECTIME21" fromID="E24" fromText="complaints" toID="T12" toText="09/07/1992" type="BEFORE" />
<TLINK id="SECTIME22" fromID="E25" fromText="admission" toID="T11" toText="09/12/1992" type="BEFORE" />
<TLINK id="SECTIME23" fromID="E26" fromText="admission" toID="T11" toText="09/12/1992" type="BEFORE" />
<TLINK id="SECTIME24" fromID="E27" fromText="stage IV endometrial cancer" toID="T12" toText="09/07/1992" type="BEFORE" />
<TLINK id="SECTIME25" fromID="E28" fromText="grade II-III adenocarcinoma" toID="T12" toText="09/07/1992" type="BEFORE" />
<TLINK id="SECTIME26" fromID="E29" fromText="heavy bleeding per vagina" toID="T12" toText="09/07/1992" type="BEFORE" />
<TLINK id="SECTIME27" fromID="E30" fromText="metastatic endometrial cancer" toID="T12" toText="09/07/1992" type="BEFORE" />
<TLINK id="SECTIME28" fromID="E31" fromText="stage III-C ovarian cancer" toID="T12" toText="09/07/1992" type="BEFORE" />
<TLINK id="SECTIME29" fromID="E32" fromText="gross tumor in the omentum and large bowel" toID="T12" toText="09/07/1992" type="BEFORE" />
<TLINK id="SECTIME30" fromID="E33" fromText="studding on the right diaphragm" toID="T12" toText="09/07/1992" type="BEFORE" />
<TLINK id="SECTIME31" fromID="E34" fromText="tumor" toID="T12" toText="09/07/1992" type="BEFORE" />
<TLINK id="SECTIME32" fromID="E35" fromText="squamous differentiation" toID="T12" toText="09/07/1992" type="BEFORE" />
<TLINK id="SECTIME33" fromID="E36" fromText="focally invasive" toID="T12" toText="09/07/1992" type="BEFORE" />
<TLINK id="SECTIME34" fromID="E37" fromText="squamous differentiation" toID="T12" toText="09/07/1992" type="BEFORE" />
<TLINK id="SECTIME35" fromID="E38" fromText="grade II-III papillary adenocarcinoma of the endometrium" toID="T12" toText="09/07/1992" type="BEFORE" />
<TLINK id="SECTIME36" fromID="E39" fromText="tumor through the uterine serosa" toID="T12" toText="09/07/1992" type="BEFORE" />
<TLINK id="SECTIME37" fromID="E40" fromText="omental involvement" toID="T12" toText="09/07/1992" type="BEFORE" />
<TLINK id="SECTIME38" fromID="E41" fromText="an endometroid adenocarcinoma" toID="T12" toText="09/07/1992" type="BEFORE" />
<TLINK id="SECTIME39" fromID="E42" fromText="superficial myometrium" toID="T12" toText="09/07/1992" type="BEFORE" />
<TLINK id="SECTIME40" fromID="E43" fromText="papillary serous adeno" toID="T12" toText="09/07/1992" type="BEFORE" />
<TLINK id="SECTIME41" fromID="E44" fromText="left leg DVT" toID="T12" toText="09/07/1992" type="BEFORE" />
<TLINK id="SECTIME42" fromID="E45" fromText="anxiety" toID="T12" toText="09/07/1992" type="BEFORE" />
<TLINK id="SECTIME43" fromID="E46" fromText="two primaries" toID="T12" toText="09/07/1992" type="BEFORE" />
<TLINK id="SECTIME44" fromID="E47" fromText="metastatic endometrial cancer" toID="T12" toText="09/07/1992" type="BEFORE" />
<TLINK id="SECTIME45" fromID="E48" fromText="8-10 RBC 's in her urine" toID="T11" toText="09/12/1992" type="BEFORE" />
<TLINK id="SECTIME46" fromID="E49" fromText="50-80 RBC 's in her urine" toID="T11" toText="09/12/1992" type="BEFORE" />
<TLINK id="SECTIME47" fromID="E50" fromText="red blood cells" toID="T11" toText="09/12/1992" type="BEFORE" />
<TLINK id="SECTIME48" fromID="E51" fromText="RBC 's" toID="T11" toText="09/12/1992" type="BEFORE" />
<TLINK id="SECTIME49" fromID="E52" fromText="a few transitional epithelial cells" toID="T11" toText="09/12/1992" type="BEFORE" />
<TLINK id="SECTIME50" fromID="E53" fromText="complication" toID="T11" toText="09/12/1992" type="BEFORE" />
<TLINK id="SECTIME51" fromID="E54" fromText="her PT" toID="T11" toText="09/12/1992" type="BEFORE" />
<TLINK id="SECTIME52" fromID="E55" fromText="PTT" toID="T11" toText="09/12/1992" type="BEFORE" />
<TLINK id="SECTIME53" fromID="E56" fromText="PT" toID="T11" toText="09/12/1992" type="BEFORE" />
<TLINK id="SECTIME54" fromID="E57" fromText="hematocrit" toID="T11" toText="09/12/1992" type="BEFORE" />
<TLINK id="SECTIME55" fromID="E58" fromText="repeat PT" toID="T11" toText="09/12/1992" type="BEFORE" />
<TLINK id="SECTIME56" fromID="E59" fromText="Her PT" toID="T11" toText="09/12/1992" type="BEFORE" />
<TLINK id="SECTIME57" fromID="E60" fromText="her count" toID="T11" toText="09/12/1992" type="BEFORE" />
<TLINK id="SECTIME58" fromID="E61" fromText="The patient 's hematocrit" toID="T11" toText="09/12/1992" type="BEFORE" />
<TLINK id="SECTIME59" fromID="E62" fromText="D and C" toID="T12" toText="09/07/1992" type="BEFORE" />
<TLINK id="SECTIME60" fromID="E63" fromText="Pathology" toID="T12" toText="09/07/1992" type="BEFORE" />
<TLINK id="SECTIME61" fromID="E64" fromText="Her CA-125" toID="T12" toText="09/07/1992" type="BEFORE" />
<TLINK id="SECTIME62" fromID="E65" fromText="The patient 's urinalysis" toID="T11" toText="09/12/1992" type="BEFORE" />
<TLINK id="SECTIME63" fromID="E66" fromText="uric acid" toID="T11" toText="09/12/1992" type="BEFORE" />
<TLINK id="SECTIME64" fromID="E67" fromText="A repeat straight cath" toID="T11" toText="09/12/1992" type="BEFORE" />
<TLINK id="SECTIME65" fromID="E68" fromText="the patient 's hematocrit" toID="T11" toText="09/12/1992" type="BEFORE" />
<TLINK id="SECTIME66" fromID="E69" fromText="the patient 's hematocrit" toID="T11" toText="09/12/1992" type="BEFORE" />
<TLINK id="SECTIME67" fromID="E70" fromText="partial omentectomy" toID="T12" toText="09/07/1992" type="BEFORE" />
<TLINK id="SECTIME68" fromID="E71" fromText="BSO" toID="T12" toText="09/07/1992" type="BEFORE" />
<TLINK id="SECTIME69" fromID="E72" fromText="TAH" toID="T12" toText="09/07/1992" type="BEFORE" />
<TLINK id="SECTIME70" fromID="E73" fromText="cycle 1 chemotherapy" toID="T12" toText="09/07/1992" type="BEFORE" />
<TLINK id="SECTIME71" fromID="E74" fromText="Heparin therapy" toID="T12" toText="09/07/1992" type="BEFORE" />
<TLINK id="SECTIME72" fromID="E75" fromText="Coumadin therapy" toID="T12" toText="09/07/1992" type="BEFORE" />
<TLINK id="SECTIME73" fromID="E76" fromText="CAP" toID="T12" toText="09/07/1992" type="BEFORE" />
<TLINK id="SECTIME74" fromID="E77" fromText="Cytoxan" toID="T12" toText="09/07/1992" type="BEFORE" />
<TLINK id="SECTIME75" fromID="E78" fromText="MESNA" toID="T11" toText="09/12/1992" type="BEFORE" />
<TLINK id="SECTIME76" fromID="E79" fromText="continuous IV infusion" toID="T11" toText="09/12/1992" type="BEFORE" />
<TLINK id="SECTIME77" fromID="E80" fromText="chemotherapy" toID="T11" toText="09/12/1992" type="BEFORE" />
<TLINK id="SECTIME78" fromID="E81" fromText="IFEX" toID="T11" toText="09/12/1992" type="BEFORE" />
<TLINK id="SECTIME79" fromID="E82" fromText="MESNA dose" toID="T11" toText="09/12/1992" type="BEFORE" />
<TLINK id="SECTIME80" fromID="E83" fromText="her IFEX" toID="T11" toText="09/12/1992" type="BEFORE" />
<TLINK id="SECTIME81" fromID="E84" fromText="VP-16" toID="T11" toText="09/12/1992" type="BEFORE" />
<TLINK id="SECTIME82" fromID="E85" fromText="IV fluid" toID="T11" toText="09/12/1992" type="BEFORE" />
<TLINK id="SECTIME83" fromID="E86" fromText="MESNA" toID="T11" toText="09/12/1992" type="BEFORE" />
<TLINK id="SECTIME84" fromID="E87" fromText="chemotherapy" toID="T11" toText="09/12/1992" type="BEFORE" />
<TLINK id="SECTIME85" fromID="E88" fromText="MESNA" toID="T11" toText="09/12/1992" type="BEFORE" />
<TLINK id="SECTIME86" fromID="E89" fromText="her IFEX" toID="T11" toText="09/12/1992" type="BEFORE" />
<TLINK id="SECTIME87" fromID="E90" fromText="chemotherapy" toID="T11" toText="09/12/1992" type="BEFORE" />
<TLINK id="SECTIME88" fromID="E91" fromText="Coumadin dosing" toID="T11" toText="09/12/1992" type="BEFORE" />
<TLINK id="SECTIME89" fromID="E92" fromText="packed RBC 's" toID="T11" toText="09/12/1992" type="BEFORE" />
<TLINK id="SECTIME90" fromID="E93" fromText="Coumadin" toID="T11" toText="09/12/1992" type="BEFORE" />
<TLINK id="SECTIME91" fromID="E94" fromText="Coumadin" toID="T11" toText="09/12/1992" type="BEFORE" />
<TLINK id="SECTIME92" fromID="E95" fromText="Coumadin" toID="T11" toText="09/12/1992" type="BEFORE" />
<TLINK id="SECTIME93" fromID="E96" fromText="her anticoagulation" toID="T11" toText="09/12/1992" type="BEFORE" />
<TLINK id="SECTIME94" fromID="E97" fromText="her Coumadin" toID="T11" toText="09/12/1992" type="BEFORE" />
<TLINK id="SECTIME95" fromID="E99" fromText="packed RBC 's" toID="T11" toText="09/12/1992" type="BEFORE" />
<TLINK id="SECTIME96" fromID="E99" fromText="packed RBC 's" toID="T11" toText="09/12/1992" type="BEFORE" />
<TLINK id="SECTIME97" fromID="E100" fromText="IV infusion" toID="T11" toText="09/12/1992" type="BEFORE" />
<TLINK id="SECTIME98" fromID="E101" fromText="her VP-16" toID="T11" toText="09/12/1992" type="BEFORE" />
<TLINK id="SECTIME99" fromID="E102" fromText="infusion" toID="T11" toText="09/12/1992" type="BEFORE" />
<TLINK id="SECTIME100" fromID="E103" fromText="Her MESNA" toID="T11" toText="09/12/1992" type="BEFORE" />
<TLINK id="SECTIME101" fromID="E104" fromText="her IFEX infusion" toID="T11" toText="09/12/1992" type="BEFORE" />
<TLINK id="SECTIME102" fromID="E105" fromText="her IFEX" toID="T11" toText="09/12/1992" type="BEFORE" />
</TAGS>
</ClinicalNarrativeTemporalAnnotation>