<?xml version="1.0" encoding="UTF-8" ?>
<ClinicalNarrativeTemporalAnnotation>
<TEXT><![CDATA[
Admission Date :
2016-03-30
Discharge Date :
2016-04-03
Service :
CCU
HISTORY OF PRESENT ILLNESS :
This is a 64-year-old female with a history of hypertension , hypercholesterolemia , diabetes mellitus , and dilated cardiomyopathy ( with a transthoracic echocardiogram in 2016-01-13 showing an ejection fraction of 40% , posterior and inferior apical akinesis , and large left ventricular thrombus ).
The patient was admitted from 2016-01-21 to 2016-02-03 ; at which time she was ruled out for a myocardial infarction .
She had a cardiac catheterization which revealed 3-vessel disease with normal left main , mid left anterior descending artery 60% , diffuse 90% mid distal stenosis at the origin of the diagonal , serial 70% and 90% left circumflex lesions , and 90% first obtuse marginal , and mid right coronary artery 60% .
During initial evaluation for a coronary artery bypass graft , 80% to 90% of the right coronary artery stenosis was found ; for which she underwent a right internal carotid artery stent .
She was discharged on Coumadin for a goal INR of 2.5 to 3 .
She was then admitted again on 2016-03-30 for an elective coronary artery bypass graft .
At surgery , the descending aorta was noted to be calcified , and an intraoperative transesophageal echocardiogram revealed an irregular intra-aortic pedunculated lesion .
Given the elevated stroke risk of aortic cross-clamping in the setting of this finding , the plan for a bypass graft was aborted .
The patient was then transferred to the Coronary Care Unit Service for medical management in anticipation of possible percutaneous coronary intervention later in the admission .
HOSPITAL COURSE :
The patient is a 64-year-old female with 3-vessel disease who was admitted to the Coronary Care Unit Service for Western Mass . Hospital medical optimization and management following an aborted coronary artery bypass graft when a mobile aortic atheroma was noted .
The patient was continued on aspirin , Plavix , and statin .
Once the patient was titrated off dopamine , the beta blocker and ACE inhibitor were restarted .
With regard to the left ventricular thrombus , her goal INR remained 2.5 to 3 ; and the goal was to start heparin once the patient was stable from a thoracotomy and chest tube
standpoint .
The patient remained comfortable .
By 04-01 , on postoperative day two , the patient was doing well and the chest tube was discontinued .
The patient still had transcutaneous pacing wires in place .
Likewise , on 04-01 , the patient was weaned off surgery without difficulty .
Thus , the beta blocker and ACE inhibitor were started to be titrated up .
In addition , the patient was started on Wellbutrin for smoking cessation .
At this point , it was determined that the patient would not receive percutaneous coronary intervention on this admission and would likely be discharged to the floor for stabilization with followup .
The patient did well and was transferred to the floor on 04-02 .
After evaluation and a discussion with Dr. Gunter , it was determined that the patient no longer needed anticoagulation since there was no aortic thrombus but only an aortic plaque , and there was no anterior/apical akinesis noted .
At this point , the left ventricular thrombus ( for which she was initially started therapy for ) was no longer present .
The patient was noted to have a slight hematocrit drop and was transfused one unit of packed red blood cells for a goal hematocrit of greater than 30 .
By 04-03 , captopril and atenolol were started , and the patient 's leg bandage from the vein harvest was removed .
The patient continued to do well on the medical regimen and was without chest pain , shortness of breath , or any other symptoms .
]]></TEXT>
<TAGS>
<EVENT id="E1" start="2950" end="2953" text="the floor" modality="FACTUAL" polarity="POS" type="CLINICAL_DEPT" />
<EVENT id="E2" start="2862" end="2865" text="the floor" modality="FACTUAL" polarity="POS" type="CLINICAL_DEPT" />
<EVENT id="E3" start="1787" end="1791" text="Mass . Hospital" modality="FACTUAL" polarity="POS" type="CLINICAL_DEPT" />
<EVENT id="E4" start="1744" end="1747" text="the Coronary Care Unit Service" modality="FACTUAL" polarity="POS" type="CLINICAL_DEPT" />
<EVENT id="E5" start="1506" end="1509" text="the Coronary Care Unit Service" modality="FACTUAL" polarity="POS" type="CLINICAL_DEPT" />
<EVENT id="E6" start="3342" end="3347" text="noted" modality="FACTUAL" polarity="POS" type="EVIDENTIAL" />
<EVENT id="E7" start="3622" end="3626" text="well" modality="FACTUAL" polarity="POS" type="EVIDENTIAL" />
<EVENT id="E8" start="2922" end="2926" text="well" modality="FACTUAL" polarity="POS" type="EVIDENTIAL" />
<EVENT id="E9" start="3196" end="3201" text="noted" modality="FACTUAL" polarity="POS" type="EVIDENTIAL" />
<EVENT id="E10" start="1923" end="1928" text="noted" modality="FACTUAL" polarity="POS" type="EVIDENTIAL" />
<EVENT id="E11" start="2373" end="2377" text="well" modality="FACTUAL" polarity="POS" type="EVIDENTIAL" />
<EVENT id="E12" start="1282" end="1290" text="revealed" modality="FACTUAL" polarity="POS" type="EVIDENTIAL" />
<EVENT id="E13" start="1205" end="1210" text="noted" modality="FACTUAL" polarity="POS" type="EVIDENTIAL" />
<EVENT id="E14" start="561" end="569" text="revealed" modality="FACTUAL" polarity="POS" type="EVIDENTIAL" />
<EVENT id="E15" start="284" end="291" text="showing" modality="FACTUAL" polarity="POS" type="EVIDENTIAL" />
<EVENT id="E16" start="29" end="38" text="Discharge" modality="FACTUAL" polarity="POS" type="OCCURRENCE" />
<EVENT id="E17" start="418" end="426" text="admitted" modality="FACTUAL" polarity="POS" type="OCCURRENCE" />
<EVENT id="E18" start="1" end="10" text="Admission" modality="FACTUAL" polarity="POS" type="OCCURRENCE" />
<EVENT id="E19" start="2224" end="2230" text="stable" modality="FACTUAL" polarity="POS" type="OCCURRENCE" />
<EVENT id="E20" start="2367" end="2372" text="doing well" modality="FACTUAL" polarity="POS" type="OCCURRENCE" />
<EVENT id="E21" start="1732" end="1740" text="admitted" modality="FACTUAL" polarity="POS" type="OCCURRENCE" />
<EVENT id="E22" start="2013" end="2021" text="titrated" modality="FACTUAL" polarity="POS" type="OCCURRENCE" />
<EVENT id="E23" start="1491" end="1502" text="transferred" modality="FACTUAL" polarity="POS" type="OCCURRENCE" />
<EVENT id="E24" start="1632" end="1635" text="the admission" modality="FACTUAL" polarity="POS" type="OCCURRENCE" />
<EVENT id="E25" start="1026" end="1036" text="discharged" modality="FACTUAL" polarity="POS" type="OCCURRENCE" />
<EVENT id="E26" start="1091" end="1099" text="admitted" modality="FACTUAL" polarity="POS" type="OCCURRENCE" />
<EVENT id="E27" start="2918" end="2921" text="did well" modality="FACTUAL" polarity="POS" type="OCCURRENCE" />
<EVENT id="E28" start="2895" end="2903" text="followup" modality="FACTUAL" polarity="POS" type="OCCURRENCE" />
<EVENT id="E29" start="3316" end="3323" text="present" modality="FACTUAL" polarity="POS" type="OCCURRENCE" />
<EVENT id="E30" start="2935" end="2946" text="transferred" modality="FACTUAL" polarity="POS" type="OCCURRENCE" />
<EVENT id="E31" start="2686" end="2693" text="smoking cessation" modality="FACTUAL" polarity="POS" type="OCCURRENCE" />
<EVENT id="E32" start="2515" end="2521" text="weaned" modality="FACTUAL" polarity="POS" type="OCCURRENCE" />
<EVENT id="E33" start="2848" end="2858" text="discharged" modality="FACTUAL" polarity="POS" type="OCCURRENCE" />
<EVENT id="E34" start="2813" end="2817" text="this admission" modality="FACTUAL" polarity="POS" type="OCCURRENCE" />
<EVENT id="E35" start="3606" end="3615" text="continued" modality="FACTUAL" polarity="POS" type="OCCURRENCE" />
<EVENT id="E36" start="1947" end="1956" text="continued" modality="FACTUAL" polarity="POS" type="OCCURRENCE" />
<EVENT id="E37" start="209" end="216" text="dilated cardiomyopathy" modality="FACTUAL" polarity="POS" type="PROBLEM" />
<EVENT id="E38" start="322" end="331" text="posterior and inferior apical akinesis" modality="FACTUAL" polarity="POS" type="PROBLEM" />
<EVENT id="E39" start="162" end="182" text="hypercholesterolemia" modality="FACTUAL" polarity="POS" type="PROBLEM" />
<EVENT id="E40" start="185" end="193" text="diabetes mellitus" modality="FACTUAL" polarity="POS" type="PROBLEM" />
<EVENT id="E41" start="147" end="159" text="hypertension" modality="FACTUAL" polarity="POS" type="PROBLEM" />
<EVENT id="E42" start="3356" end="3357" text="a slight hematocrit drop" modality="FACTUAL" polarity="POS" type="PROBLEM" />
<EVENT id="E43" start="3666" end="3671" text="chest pain" modality="FACTUAL" polarity="POS" type="PROBLEM" />
<EVENT id="E44" start="3679" end="3688" text="shortness of breath" modality="FACTUAL" polarity="POS" type="PROBLEM" />
<EVENT id="E45" start="3704" end="3707" text="any other symptoms" modality="FACTUAL" polarity="POS" type="PROBLEM" />
<EVENT id="E46" start="907" end="910" text="the right coronary artery stenosis" modality="FACTUAL" polarity="POS" type="PROBLEM" />
<EVENT id="E47" start="732" end="734" text="90% left circumflex lesions" modality="FACTUAL" polarity="POS" type="PROBLEM" />
<EVENT id="E48" start="1291" end="1293" text="an irregular intra-aortic pedunculated lesion" modality="FACTUAL" polarity="POS" type="PROBLEM" />
<EVENT id="E49" start="1217" end="1226" text="calcified" modality="FACTUAL" polarity="POS" type="PROBLEM" />
<EVENT id="E50" start="495" end="496" text="a myocardial infarction" modality="FACTUAL" polarity="POS" type="PROBLEM" />
<EVENT id="E51" start="367" end="372" text="large left ventricular thrombus" modality="FACTUAL" polarity="POS" type="PROBLEM" />
<EVENT id="E52" start="653" end="660" text="diffuse 90% mid distal stenosis" modality="FACTUAL" polarity="POS" type="PROBLEM" />
<EVENT id="E53" start="570" end="571" text="3-vessel disease" modality="FACTUAL" polarity="POS" type="PROBLEM" />
<EVENT id="E54" start="3135" end="3137" text="an aortic plaque" modality="FACTUAL" polarity="POS" type="PROBLEM" />
<EVENT id="E55" start="3110" end="3116" text="aortic thrombus" modality="FACTUAL" polarity="POS" type="PROBLEM" />
<EVENT id="E56" start="3220" end="3223" text="the left ventricular thrombus" modality="FACTUAL" polarity="POS" type="PROBLEM" />
<EVENT id="E57" start="3171" end="3179" text="anterior/apical akinesis" modality="FACTUAL" polarity="POS" type="PROBLEM" />
<EVENT id="E58" start="1707" end="1708" text="3-vessel disease" modality="FACTUAL" polarity="POS" type="PROBLEM" />
<EVENT id="E59" start="1345" end="1348" text="the elevated stroke risk" modality="FACTUAL" polarity="POS" type="PROBLEM" />
<EVENT id="E60" start="2104" end="2107" text="the left ventricular thrombus" modality="FACTUAL" polarity="POS" type="PROBLEM" />
<EVENT id="E61" start="1894" end="1895" text="a mobile aortic atheroma" modality="FACTUAL" polarity="POS" type="PROBLEM" />
<EVENT id="E62" start="3439" end="3440" text="a goal hematocrit" modality="FACTUAL" polarity="POS" type="TEST" />
<EVENT id="E63" start="1053" end="1054" text="a goal INR" modality="FACTUAL" polarity="POS" type="TEST" />
<EVENT id="E64" start="2136" end="2139" text="her goal INR" modality="FACTUAL" polarity="POS" type="TEST" />
<EVENT id="E65" start="2977" end="2987" text="evaluation" modality="FACTUAL" polarity="POS" type="TEST" />
<EVENT id="E66" start="1233" end="1235" text="an intraoperative transesophageal echocardiogram" modality="FACTUAL" polarity="POS" type="TEST" />
<EVENT id="E67" start="837" end="844" text="initial evaluation" modality="FACTUAL" polarity="POS" type="TEST" />
<EVENT id="E68" start="529" end="530" text="a cardiac catheterization" modality="FACTUAL" polarity="POS" type="TEST" />
<EVENT id="E69" start="292" end="294" text="an ejection fraction" modality="FACTUAL" polarity="POS" type="TEST" />
<EVENT id="E70" start="239" end="240" text="a transthoracic echocardiogram" modality="FACTUAL" polarity="POS" type="TEST" />
<EVENT id="E71" start="2236" end="2237" text="a thoracotomy" modality="FACTUAL" polarity="POS" type="TREATMENT" />
<EVENT id="E72" start="2254" end="2259" text="chest tube" modality="FACTUAL" polarity="POS" type="TREATMENT" />
<EVENT id="E73" start="2382" end="2385" text="the chest tube" modality="FACTUAL" polarity="POS" type="TREATMENT" />
<EVENT id="E74" start="2438" end="2452" text="transcutaneous pacing wires" modality="FACTUAL" polarity="POS" type="TREATMENT" />
<EVENT id="E75" start="2026" end="2034" text="dopamine" modality="FACTUAL" polarity="POS" type="TREATMENT" />
<EVENT id="E76" start="2037" end="2040" text="the beta blocker" modality="FACTUAL" polarity="POS" type="TREATMENT" />
<EVENT id="E77" start="2058" end="2061" text="ACE inhibitor" modality="FACTUAL" polarity="POS" type="TREATMENT" />
<EVENT id="E78" start="2195" end="2202" text="heparin" modality="FACTUAL" polarity="POS" type="TREATMENT" />
<EVENT id="E79" start="2775" end="2787" text="percutaneous coronary intervention" modality="FACTUAL" polarity="POS" type="TREATMENT" />
<EVENT id="E80" start="3075" end="3090" text="anticoagulation" modality="FACTUAL" polarity="POS" type="TREATMENT" />
<EVENT id="E81" start="3288" end="3295" text="therapy" modality="FACTUAL" polarity="POS" type="TREATMENT" />
<EVENT id="E82" start="3400" end="3403" text="one unit" modality="FACTUAL" polarity="POS" type="TREATMENT" />
<EVENT id="E83" start="2526" end="2533" text="surgery" modality="FACTUAL" polarity="POS" type="TREATMENT" />
<EVENT id="E84" start="2562" end="2565" text="the beta blocker" modality="FACTUAL" polarity="POS" type="TREATMENT" />
<EVENT id="E85" start="2583" end="2586" text="ACE inhibitor" modality="FACTUAL" polarity="POS" type="TREATMENT" />
<EVENT id="E86" start="2671" end="2681" text="Wellbutrin" modality="FACTUAL" polarity="POS" type="TREATMENT" />
<EVENT id="E87" start="978" end="979" text="a right internal carotid artery stent" modality="FACTUAL" polarity="POS" type="TREATMENT" />
<EVENT id="E88" start="860" end="861" text="a coronary artery bypass graft" modality="FACTUAL" polarity="POS" type="TREATMENT" />
<EVENT id="E89" start="1124" end="1126" text="an elective coronary artery bypass graft" modality="FACTUAL" polarity="POS" type="TREATMENT" />
<EVENT id="E90" start="1040" end="1048" text="Coumadin" modality="FACTUAL" polarity="POS" type="TREATMENT" />
<EVENT id="E91" start="1960" end="1967" text="aspirin" modality="FACTUAL" polarity="POS" type="TREATMENT" />
<EVENT id="E92" start="1849" end="1851" text="an aborted coronary artery bypass graft" modality="FACTUAL" polarity="POS" type="TREATMENT" />
<EVENT id="E93" start="1983" end="1989" text="statin" modality="FACTUAL" polarity="POS" type="TREATMENT" />
<EVENT id="E94" start="1970" end="1976" text="Plavix" modality="FACTUAL" polarity="POS" type="TREATMENT" />
<EVENT id="E95" start="1373" end="1379" text="aortic cross-clamping" modality="FACTUAL" polarity="POS" type="TREATMENT" />
<EVENT id="E96" start="1170" end="1177" text="surgery" modality="FACTUAL" polarity="POS" type="TREATMENT" />
<EVENT id="E97" start="1588" end="1600" text="percutaneous coronary intervention" modality="FACTUAL" polarity="POS" type="TREATMENT" />
<EVENT id="E98" start="1441" end="1442" text="a bypass graft" modality="FACTUAL" polarity="POS" type="TREATMENT" />
<EVENT id="E99" start="3563" end="3566" text="the vein harvest" modality="FACTUAL" polarity="POS" type="TREATMENT" />
<EVENT id="E100" start="3630" end="3633" text="the medical regimen" modality="FACTUAL" polarity="POS" type="TREATMENT" />
<EVENT id="E101" start="3412" end="3418" text="packed red blood cells" modality="FACTUAL" polarity="POS" type="TREATMENT" />
<EVENT id="E102" start="3489" end="3498" text="captopril" modality="FACTUAL" polarity="POS" type="TREATMENT" />
<EVENT id="E103" start="3503" end="3511" text="atenolol" modality="FACTUAL" polarity="POS" type="TREATMENT" />
<EVENT id="E104" start="3531" end="3534" text="the patient 's leg bandage" modality="FACTUAL" polarity="POS" type="TREATMENT" />
<TIMEX3 id="T1" start="273" end="277" text="2016-01-13" type="DATE" val="2016-01-13" mod="NA" />
<TIMEX3 id="T2" start="432" end="436" text="2016-01-21" type="DATE" val="2016-01-21" mod="NA" />
<TIMEX3 id="T3" start="18" end="22" text="2016-03-30" type="DATE" val="2016-03-30" mod="NA" />
<TIMEX3 id="T4" start="46" end="50" text="2016-04-03" type="DATE" val="2016-04-03" mod="NA" />
<TIMEX3 id="T5" start="3481" end="3483" text="04-03" type="DATE" val="2016-04-03" mod="NA" />
<TIMEX3 id="T6" start="2963" end="2965" text="04-02" type="DATE" val="2016-04-02" mod="NA" />
<TIMEX3 id="T7" start="2491" end="2493" text="04-01" type="DATE" val="2016-04-01" mod="NA" />
<TIMEX3 id="T8" start="2327" end="2340" text="postoperative day two" type="DATE" val="2016-04-01" mod="NA" />
<TIMEX3 id="T9" start="2316" end="2318" text="04-01" type="DATE" val="2016-04-01" mod="NA" />
<TIMEX3 id="T10" start="1109" end="1113" text="2016-03-30" type="DATE" val="2016-03-30" mod="NA" />
<TIMEX3 id="T11" start="446" end="450" text="2016-02-03" type="DATE" val="2016-02-03" mod="NA" />
<SECTIME id="S0" start="17" end="21" text="2016-03-30" type="ADMISSION" dvalue="2016-03-30" />
<SECTIME id="S1" start="45" end="49" text="2016-04-03" type="DISCHARGE" dvalue="2016-04-03" />
<TLINK id="TL0" fromID="E37" fromText="dilated cardiomyopathy" toID="E15" toText="showing" type="AFTER" />
<TLINK id="TL1" fromID="E15" fromText="showing" toID="E38" toText="posterior and inferior apical akinesis" type="AFTER" />
<TLINK id="TL2" fromID="E39" fromText="hypercholesterolemia" toID="E15" toText="showing" type="AFTER" />
<TLINK id="TL3" fromID="E40" fromText="diabetes mellitus" toID="E15" toText="showing" type="AFTER" />
<TLINK id="TL4" fromID="E41" fromText="hypertension" toID="E15" toText="showing" type="AFTER" />
<TLINK id="TL5" fromID="E15" fromText="showing" toID="E51" toText="large left ventricular thrombus" type="AFTER" />
<TLINK id="TL6" fromID="E15" fromText="showing" toID="E69" toText="an ejection fraction" type="OVERLAP" />
<TLINK id="TL7" fromID="E70" fromText="a transthoracic echocardiogram" toID="E15" toText="showing" type="OVERLAP" />
<TLINK id="TL8" fromID="E37" fromText="dilated cardiomyopathy" toID="E38" toText="posterior and inferior apical akinesis" type="OVERLAP" />
<TLINK id="TL9" fromID="E39" fromText="hypercholesterolemia" toID="E37" toText="dilated cardiomyopathy" type="OVERLAP" />
<TLINK id="TL10" fromID="E40" fromText="diabetes mellitus" toID="E37" toText="dilated cardiomyopathy" type="OVERLAP" />
<TLINK id="TL11" fromID="E41" fromText="hypertension" toID="E37" toText="dilated cardiomyopathy" type="OVERLAP" />
<TLINK id="TL12" fromID="E37" fromText="dilated cardiomyopathy" toID="E51" toText="large left ventricular thrombus" type="OVERLAP" />
<TLINK id="TL13" fromID="E37" fromText="dilated cardiomyopathy" toID="E69" toText="an ejection fraction" type="AFTER" />
<TLINK id="TL14" fromID="E37" fromText="dilated cardiomyopathy" toID="E70" toText="a transthoracic echocardiogram" type="AFTER" />
<TLINK id="TL15" fromID="E39" fromText="hypercholesterolemia" toID="E38" toText="posterior and inferior apical akinesis" type="OVERLAP" />
<TLINK id="TL16" fromID="E40" fromText="diabetes mellitus" toID="E38" toText="posterior and inferior apical akinesis" type="OVERLAP" />
<TLINK id="TL17" fromID="E41" fromText="hypertension" toID="E38" toText="posterior and inferior apical akinesis" type="OVERLAP" />
<TLINK id="TL18" fromID="E38" fromText="posterior and inferior apical akinesis" toID="E51" toText="large left ventricular thrombus" type="OVERLAP" />
<TLINK id="TL19" fromID="E69" fromText="an ejection fraction" toID="E38" toText="posterior and inferior apical akinesis" type="AFTER" />
<TLINK id="TL20" fromID="E70" fromText="a transthoracic echocardiogram" toID="E38" toText="posterior and inferior apical akinesis" type="AFTER" />
<TLINK id="TL21" fromID="E39" fromText="hypercholesterolemia" toID="E40" toText="diabetes mellitus" type="OVERLAP" />
<TLINK id="TL22" fromID="E41" fromText="hypertension" toID="E39" toText="hypercholesterolemia" type="OVERLAP" />
<TLINK id="TL23" fromID="E39" fromText="hypercholesterolemia" toID="E51" toText="large left ventricular thrombus" type="OVERLAP" />
<TLINK id="TL24" fromID="E39" fromText="hypercholesterolemia" toID="E69" toText="an ejection fraction" type="AFTER" />
<TLINK id="TL25" fromID="E39" fromText="hypercholesterolemia" toID="E70" toText="a transthoracic echocardiogram" type="AFTER" />
<TLINK id="TL26" fromID="E41" fromText="hypertension" toID="E40" toText="diabetes mellitus" type="OVERLAP" />
<TLINK id="TL27" fromID="E40" fromText="diabetes mellitus" toID="E51" toText="large left ventricular thrombus" type="OVERLAP" />
<TLINK id="TL28" fromID="E40" fromText="diabetes mellitus" toID="E69" toText="an ejection fraction" type="AFTER" />
<TLINK id="TL29" fromID="E40" fromText="diabetes mellitus" toID="E70" toText="a transthoracic echocardiogram" type="AFTER" />
<TLINK id="TL30" fromID="E41" fromText="hypertension" toID="E51" toText="large left ventricular thrombus" type="OVERLAP" />
<TLINK id="TL31" fromID="E41" fromText="hypertension" toID="E69" toText="an ejection fraction" type="AFTER" />
<TLINK id="TL32" fromID="E41" fromText="hypertension" toID="E70" toText="a transthoracic echocardiogram" type="AFTER" />
<TLINK id="TL33" fromID="E69" fromText="an ejection fraction" toID="E51" toText="large left ventricular thrombus" type="AFTER" />
<TLINK id="TL34" fromID="E70" fromText="a transthoracic echocardiogram" toID="E51" toText="large left ventricular thrombus" type="AFTER" />
<TLINK id="TL35" fromID="E70" fromText="a transthoracic echocardiogram" toID="E69" toText="an ejection fraction" type="OVERLAP" />
<TLINK id="TL36" fromID="E26" fromText="admitted" toID="E50" toText="a myocardial infarction" type="BEFORE" />
<TLINK id="TL37" fromID="E14" fromText="revealed" toID="E47" toText="90% left circumflex lesions" type="AFTER" />
<TLINK id="TL38" fromID="E14" fromText="revealed" toID="E52" toText="diffuse 90% mid distal stenosis" type="AFTER" />
<TLINK id="TL39" fromID="E14" fromText="revealed" toID="E58" toText="3-vessel disease" type="AFTER" />
<TLINK id="TL40" fromID="E68" fromText="a cardiac catheterization" toID="E14" toText="revealed" type="OVERLAP" />
<TLINK id="TL41" fromID="E52" fromText="diffuse 90% mid distal stenosis" toID="E47" toText="90% left circumflex lesions" type="AFTER" />
<TLINK id="TL42" fromID="E58" fromText="3-vessel disease" toID="E47" toText="90% left circumflex lesions" type="AFTER" />
<TLINK id="TL43" fromID="E68" fromText="a cardiac catheterization" toID="E47" toText="90% left circumflex lesions" type="AFTER" />
<TLINK id="TL44" fromID="E58" fromText="3-vessel disease" toID="E52" toText="diffuse 90% mid distal stenosis" type="AFTER" />
<TLINK id="TL45" fromID="E68" fromText="a cardiac catheterization" toID="E52" toText="diffuse 90% mid distal stenosis" type="AFTER" />
<TLINK id="TL46" fromID="E68" fromText="a cardiac catheterization" toID="E58" toText="3-vessel disease" type="AFTER" />
<TLINK id="TL47" fromID="E67" fromText="initial evaluation" toID="E46" toText="the right coronary artery stenosis" type="AFTER" />
<TLINK id="TL48" fromID="E46" fromText="the right coronary artery stenosis" toID="E87" toText="a right internal carotid artery stent" type="AFTER" />
<TLINK id="TL49" fromID="E88" fromText="a coronary artery bypass graft" toID="E46" toText="the right coronary artery stenosis" type="AFTER" />
<TLINK id="TL50" fromID="E67" fromText="initial evaluation" toID="E87" toText="a right internal carotid artery stent" type="AFTER" />
<TLINK id="TL51" fromID="E67" fromText="initial evaluation" toID="E88" toText="a coronary artery bypass graft" type="AFTER" />
<TLINK id="TL52" fromID="E88" fromText="a coronary artery bypass graft" toID="E87" toText="a right internal carotid artery stent" type="OVERLAP" />
<TLINK id="TL53" fromID="E25" fromText="discharged" toID="E63" toText="a goal INR" type="AFTER" />
<TLINK id="TL54" fromID="E25" fromText="discharged" toID="E90" toText="Coumadin" type="OVERLAP" />
<TLINK id="TL55" fromID="E90" fromText="Coumadin" toID="E63" toText="a goal INR" type="OVERLAP" />
<TLINK id="TL56" fromID="E26" fromText="admitted" toID="E89" toText="an elective coronary artery bypass graft" type="AFTER" />
<TLINK id="TL57" fromID="E13" fromText="noted" toID="E12" toText="revealed" type="OVERLAP" />
<TLINK id="TL58" fromID="E12" fromText="revealed" toID="E48" toText="an irregular intra-aortic pedunculated lesion" type="BEFORE" />
<TLINK id="TL59" fromID="E49" fromText="calcified" toID="E12" toText="revealed" type="AFTER" />
<TLINK id="TL60" fromID="E66" fromText="an intraoperative transesophageal echocardiogram" toID="E12" toText="revealed" type="OVERLAP" />
<TLINK id="TL61" fromID="E96" fromText="surgery" toID="E12" toText="revealed" type="AFTER" />
<TLINK id="TL62" fromID="E13" fromText="noted" toID="E48" toText="an irregular intra-aortic pedunculated lesion" type="AFTER" />
<TLINK id="TL63" fromID="E13" fromText="noted" toID="E49" toText="calcified" type="AFTER" />
<TLINK id="TL64" fromID="E13" fromText="noted" toID="E66" toText="an intraoperative transesophageal echocardiogram" type="AFTER" />
<TLINK id="TL65" fromID="E96" fromText="surgery" toID="E13" toText="noted" type="AFTER" />
<TLINK id="TL66" fromID="E49" fromText="calcified" toID="E48" toText="an irregular intra-aortic pedunculated lesion" type="OVERLAP" />
<TLINK id="TL67" fromID="E66" fromText="an intraoperative transesophageal echocardiogram" toID="E48" toText="an irregular intra-aortic pedunculated lesion" type="AFTER" />
<TLINK id="TL68" fromID="E96" fromText="surgery" toID="E48" toText="an irregular intra-aortic pedunculated lesion" type="AFTER" />
<TLINK id="TL69" fromID="E49" fromText="calcified" toID="E66" toText="an intraoperative transesophageal echocardiogram" type="AFTER" />
<TLINK id="TL70" fromID="E96" fromText="surgery" toID="E49" toText="calcified" type="AFTER" />
<TLINK id="TL71" fromID="E96" fromText="surgery" toID="E66" toText="an intraoperative transesophageal echocardiogram" type="AFTER" />
<TLINK id="TL72" fromID="E59" fromText="the elevated stroke risk" toID="E95" toText="aortic cross-clamping" type="AFTER" />
<TLINK id="TL73" fromID="E59" fromText="the elevated stroke risk" toID="E98" toText="a bypass graft" type="AFTER" />
<TLINK id="TL74" fromID="E95" fromText="aortic cross-clamping" toID="E98" toText="a bypass graft" type="OVERLAP" />
<TLINK id="TL75" fromID="E23" fromText="transferred" toID="E5" toText="the Coronary Care Unit Service" type="AFTER" />
<TLINK id="TL76" fromID="E5" fromText="the Coronary Care Unit Service" toID="E24" toText="the admission" type="AFTER" />
<TLINK id="TL77" fromID="E5" fromText="the Coronary Care Unit Service" toID="E97" toText="percutaneous coronary intervention" type="AFTER" />
<TLINK id="TL78" fromID="E23" fromText="transferred" toID="E24" toText="the admission" type="AFTER" />
<TLINK id="TL79" fromID="E23" fromText="transferred" toID="E97" toText="percutaneous coronary intervention" type="AFTER" />
<TLINK id="TL80" fromID="E97" fromText="percutaneous coronary intervention" toID="E24" toText="the admission" type="AFTER" />
<TLINK id="TL87" fromID="E4" fromText="the Coronary Care Unit Service" toID="E3" toText="Mass . Hospital" type="AFTER" />
<TLINK id="TL88" fromID="E3" fromText="Mass . Hospital" toID="E10" toText="noted" type="AFTER" />
<TLINK id="TL89" fromID="E21" fromText="admitted" toID="E3" toText="Mass . Hospital" type="AFTER" />
<TLINK id="TL90" fromID="E58" fromText="3-vessel disease" toID="E3" toText="Mass . Hospital" type="AFTER" />
<TLINK id="TL91" fromID="E3" fromText="Mass . Hospital" toID="E61" toText="a mobile aortic atheroma" type="AFTER" />
<TLINK id="TL92" fromID="E3" fromText="Mass . Hospital" toID="E92" toText="an aborted coronary artery bypass graft" type="AFTER" />
<TLINK id="TL93" fromID="E4" fromText="the Coronary Care Unit Service" toID="E10" toText="noted" type="AFTER" />
<TLINK id="TL94" fromID="E21" fromText="admitted" toID="E4" toText="the Coronary Care Unit Service" type="AFTER" />
<TLINK id="TL95" fromID="E58" fromText="3-vessel disease" toID="E4" toText="the Coronary Care Unit Service" type="AFTER" />
<TLINK id="TL96" fromID="E4" fromText="the Coronary Care Unit Service" toID="E61" toText="a mobile aortic atheroma" type="AFTER" />
<TLINK id="TL97" fromID="E4" fromText="the Coronary Care Unit Service" toID="E92" toText="an aborted coronary artery bypass graft" type="AFTER" />
<TLINK id="TL98" fromID="E21" fromText="admitted" toID="E10" toText="noted" type="AFTER" />
<TLINK id="TL99" fromID="E58" fromText="3-vessel disease" toID="E10" toText="noted" type="AFTER" />
<TLINK id="TL100" fromID="E61" fromText="a mobile aortic atheroma" toID="E10" toText="noted" type="AFTER" />
<TLINK id="TL101" fromID="E92" fromText="an aborted coronary artery bypass graft" toID="E10" toText="noted" type="AFTER" />
<TLINK id="TL102" fromID="E58" fromText="3-vessel disease" toID="E21" toText="admitted" type="AFTER" />
<TLINK id="TL103" fromID="E21" fromText="admitted" toID="E61" toText="a mobile aortic atheroma" type="AFTER" />
<TLINK id="TL104" fromID="E21" fromText="admitted" toID="E92" toText="an aborted coronary artery bypass graft" type="AFTER" />
<TLINK id="TL105" fromID="E58" fromText="3-vessel disease" toID="E61" toText="a mobile aortic atheroma" type="AFTER" />
<TLINK id="TL106" fromID="E58" fromText="3-vessel disease" toID="E92" toText="an aborted coronary artery bypass graft" type="AFTER" />
<TLINK id="TL107" fromID="E92" fromText="an aborted coronary artery bypass graft" toID="E61" toText="a mobile aortic atheroma" type="AFTER" />
<TLINK id="TL108" fromID="E36" fromText="continued" toID="E91" toText="aspirin" type="OVERLAP" />
<TLINK id="TL109" fromID="E36" fromText="continued" toID="E93" toText="statin" type="AFTER" />
<TLINK id="TL110" fromID="E36" fromText="continued" toID="E94" toText="Plavix" type="AFTER" />
<TLINK id="TL111" fromID="E91" fromText="aspirin" toID="E93" toText="statin" type="OVERLAP" />
<TLINK id="TL112" fromID="E91" fromText="aspirin" toID="E94" toText="Plavix" type="OVERLAP" />
<TLINK id="TL113" fromID="E94" fromText="Plavix" toID="E93" toText="statin" type="OVERLAP" />
<TLINK id="TL114" fromID="E22" fromText="titrated" toID="E75" toText="dopamine" type="AFTER" />
<TLINK id="TL115" fromID="E22" fromText="titrated" toID="E76" toText="the beta blocker" type="AFTER" />
<TLINK id="TL116" fromID="E22" fromText="titrated" toID="E77" toText="ACE inhibitor" type="AFTER" />
<TLINK id="TL117" fromID="E75" fromText="dopamine" toID="E76" toText="the beta blocker" type="OVERLAP" />
<TLINK id="TL118" fromID="E75" fromText="dopamine" toID="E77" toText="ACE inhibitor" type="OVERLAP" />
<TLINK id="TL119" fromID="E76" fromText="the beta blocker" toID="E77" toText="ACE inhibitor" type="OVERLAP" />
<TLINK id="TL120" fromID="E60" fromText="the left ventricular thrombus" toID="E19" toText="stable" type="AFTER" />
<TLINK id="TL121" fromID="E64" fromText="her goal INR" toID="E19" toText="stable" type="AFTER" />
<TLINK id="TL122" fromID="E19" fromText="stable" toID="E71" toText="a thoracotomy" type="AFTER" />
<TLINK id="TL123" fromID="E19" fromText="stable" toID="E72" toText="chest tube" type="AFTER" />
<TLINK id="TL124" fromID="E78" fromText="heparin" toID="E19" toText="stable" type="AFTER" />
<TLINK id="TL125" fromID="E60" fromText="the left ventricular thrombus" toID="E64" toText="her goal INR" type="AFTER" />
<TLINK id="TL126" fromID="E60" fromText="the left ventricular thrombus" toID="E71" toText="a thoracotomy" type="AFTER" />
<TLINK id="TL127" fromID="E60" fromText="the left ventricular thrombus" toID="E72" toText="chest tube" type="AFTER" />
<TLINK id="TL128" fromID="E60" fromText="the left ventricular thrombus" toID="E78" toText="heparin" type="AFTER" />
<TLINK id="TL129" fromID="E64" fromText="her goal INR" toID="E71" toText="a thoracotomy" type="AFTER" />
<TLINK id="TL130" fromID="E64" fromText="her goal INR" toID="E72" toText="chest tube" type="AFTER" />
<TLINK id="TL131" fromID="E64" fromText="her goal INR" toID="E78" toText="heparin" type="AFTER" />
<TLINK id="TL132" fromID="E71" fromText="a thoracotomy" toID="E72" toText="chest tube" type="AFTER" />
<TLINK id="TL133" fromID="E78" fromText="heparin" toID="E71" toText="a thoracotomy" type="AFTER" />
<TLINK id="TL134" fromID="E78" fromText="heparin" toID="E72" toText="chest tube" type="AFTER" />
<TLINK id="TL150" fromID="E20" fromText="doing well" toID="E11" toText="well" type="AFTER" />
<TLINK id="TL151" fromID="E11" fromText="well" toID="E73" toText="the chest tube" type="AFTER" />
<TLINK id="TL152" fromID="E20" fromText="doing well" toID="E73" toText="the chest tube" type="AFTER" />
<TLINK id="TL153" fromID="E32" fromText="weaned" toID="E83" toText="surgery" type="AFTER" />
<TLINK id="TL154" fromID="E84" fromText="the beta blocker" toID="E85" toText="ACE inhibitor" type="OVERLAP" />
<TLINK id="TL155" fromID="E86" fromText="Wellbutrin" toID="E31" toText="smoking cessation" type="OVERLAP" />
<TLINK id="TL156" fromID="E2" fromText="the floor" toID="E28" toText="followup" type="AFTER" />
<TLINK id="TL157" fromID="E33" fromText="discharged" toID="E2" toText="the floor" type="AFTER" />
<TLINK id="TL158" fromID="E34" fromText="this admission" toID="E2" toText="the floor" type="AFTER" />
<TLINK id="TL159" fromID="E79" fromText="percutaneous coronary intervention" toID="E2" toText="the floor" type="AFTER" />
<TLINK id="TL160" fromID="E33" fromText="discharged" toID="E28" toText="followup" type="AFTER" />
<TLINK id="TL161" fromID="E34" fromText="this admission" toID="E28" toText="followup" type="AFTER" />
<TLINK id="TL162" fromID="E79" fromText="percutaneous coronary intervention" toID="E28" toText="followup" type="AFTER" />
<TLINK id="TL163" fromID="E34" fromText="this admission" toID="E33" toText="discharged" type="AFTER" />
<TLINK id="TL164" fromID="E79" fromText="percutaneous coronary intervention" toID="E33" toText="discharged" type="AFTER" />
<TLINK id="TL165" fromID="E79" fromText="percutaneous coronary intervention" toID="E34" toText="this admission" type="AFTER" />
<TLINK id="TL166" fromID="E8" fromText="well" toID="E1" toText="the floor" type="AFTER" />
<TLINK id="TL167" fromID="E27" fromText="did well" toID="E1" toText="the floor" type="AFTER" />
<TLINK id="TL168" fromID="E30" fromText="transferred" toID="E1" toText="the floor" type="AFTER" />
<TLINK id="TL169" fromID="E27" fromText="did well" toID="E8" toText="well" type="AFTER" />
<TLINK id="TL170" fromID="E8" fromText="well" toID="E30" toText="transferred" type="AFTER" />
<TLINK id="TL171" fromID="E27" fromText="did well" toID="E30" toText="transferred" type="AFTER" />
<TLINK id="TL172" fromID="E54" fromText="an aortic plaque" toID="E9" toText="noted" type="AFTER" />
<TLINK id="TL173" fromID="E55" fromText="aortic thrombus" toID="E9" toText="noted" type="OVERLAP" />
<TLINK id="TL174" fromID="E57" fromText="anterior/apical akinesis" toID="E9" toText="noted" type="AFTER" />
<TLINK id="TL175" fromID="E65" fromText="evaluation" toID="E9" toText="noted" type="OVERLAP" />
<TLINK id="TL176" fromID="E80" fromText="anticoagulation" toID="E9" toText="noted" type="AFTER" />
<TLINK id="TL177" fromID="E55" fromText="aortic thrombus" toID="E54" toText="an aortic plaque" type="OVERLAP" />
<TLINK id="TL178" fromID="E54" fromText="an aortic plaque" toID="E57" toText="anterior/apical akinesis" type="AFTER" />
<TLINK id="TL179" fromID="E65" fromText="evaluation" toID="E54" toText="an aortic plaque" type="AFTER" />
<TLINK id="TL180" fromID="E80" fromText="anticoagulation" toID="E54" toText="an aortic plaque" type="AFTER" />
<TLINK id="TL181" fromID="E55" fromText="aortic thrombus" toID="E57" toText="anterior/apical akinesis" type="OVERLAP" />
<TLINK id="TL182" fromID="E65" fromText="evaluation" toID="E55" toText="aortic thrombus" type="OVERLAP" />
<TLINK id="TL183" fromID="E80" fromText="anticoagulation" toID="E55" toText="aortic thrombus" type="OVERLAP" />
<TLINK id="TL184" fromID="E65" fromText="evaluation" toID="E57" toText="anterior/apical akinesis" type="AFTER" />
<TLINK id="TL185" fromID="E80" fromText="anticoagulation" toID="E57" toText="anterior/apical akinesis" type="AFTER" />
<TLINK id="TL186" fromID="E65" fromText="evaluation" toID="E80" toText="anticoagulation" type="AFTER" />
<TLINK id="TL187" fromID="E56" fromText="the left ventricular thrombus" toID="E29" toText="present" type="AFTER" />
<TLINK id="TL188" fromID="E81" fromText="therapy" toID="E29" toText="present" type="AFTER" />
<TLINK id="TL189" fromID="E56" fromText="the left ventricular thrombus" toID="E81" toText="therapy" type="AFTER" />
<TLINK id="TL190" fromID="E6" fromText="noted" toID="E42" toText="a slight hematocrit drop" type="BEFORE" />
<TLINK id="TL191" fromID="E6" fromText="noted" toID="E62" toText="a goal hematocrit" type="AFTER" />
<TLINK id="TL192" fromID="E6" fromText="noted" toID="E82" toText="one unit" type="AFTER" />
<TLINK id="TL193" fromID="E6" fromText="noted" toID="E101" toText="packed red blood cells" type="AFTER" />
<TLINK id="TL194" fromID="E42" fromText="a slight hematocrit drop" toID="E62" toText="a goal hematocrit" type="AFTER" />
<TLINK id="TL195" fromID="E42" fromText="a slight hematocrit drop" toID="E82" toText="one unit" type="AFTER" />
<TLINK id="TL196" fromID="E42" fromText="a slight hematocrit drop" toID="E101" toText="packed red blood cells" type="AFTER" />
<TLINK id="TL197" fromID="E82" fromText="one unit" toID="E62" toText="a goal hematocrit" type="AFTER" />
<TLINK id="TL198" fromID="E101" fromText="packed red blood cells" toID="E62" toText="a goal hematocrit" type="AFTER" />
<TLINK id="TL199" fromID="E82" fromText="one unit" toID="E101" toText="packed red blood cells" type="OVERLAP" />
<TLINK id="TL200" fromID="E102" fromText="captopril" toID="E99" toText="the vein harvest" type="OVERLAP" />
<TLINK id="TL201" fromID="E103" fromText="atenolol" toID="E99" toText="the vein harvest" type="OVERLAP" />
<TLINK id="TL202" fromID="E104" fromText="the patient 's leg bandage" toID="E99" toText="the vein harvest" type="OVERLAP" />
<TLINK id="TL203" fromID="E102" fromText="captopril" toID="E103" toText="atenolol" type="OVERLAP" />
<TLINK id="TL204" fromID="E102" fromText="captopril" toID="E104" toText="the patient 's leg bandage" type="OVERLAP" />
<TLINK id="TL205" fromID="E103" fromText="atenolol" toID="E104" toText="the patient 's leg bandage" type="OVERLAP" />
<TLINK id="TL206" fromID="E35" fromText="continued" toID="E7" toText="well" type="AFTER" />
<TLINK id="TL207" fromID="E7" fromText="well" toID="E43" toText="chest pain" type="AFTER" />
<TLINK id="TL208" fromID="E7" fromText="well" toID="E44" toText="shortness of breath" type="AFTER" />
<TLINK id="TL209" fromID="E7" fromText="well" toID="E45" toText="any other symptoms" type="AFTER" />
<TLINK id="TL210" fromID="E7" fromText="well" toID="E100" toText="the medical regimen" type="OVERLAP" />
<TLINK id="TL211" fromID="E35" fromText="continued" toID="E43" toText="chest pain" type="AFTER" />
<TLINK id="TL212" fromID="E35" fromText="continued" toID="E44" toText="shortness of breath" type="AFTER" />
<TLINK id="TL213" fromID="E35" fromText="continued" toID="E45" toText="any other symptoms" type="AFTER" />
<TLINK id="TL214" fromID="E35" fromText="continued" toID="E100" toText="the medical regimen" type="OVERLAP" />
<TLINK id="TL215" fromID="E43" fromText="chest pain" toID="E44" toText="shortness of breath" type="OVERLAP" />
<TLINK id="TL216" fromID="E43" fromText="chest pain" toID="E45" toText="any other symptoms" type="OVERLAP" />
<TLINK id="TL217" fromID="E100" fromText="the medical regimen" toID="E43" toText="chest pain" type="OVERLAP" />
<TLINK id="TL218" fromID="E44" fromText="shortness of breath" toID="E45" toText="any other symptoms" type="OVERLAP" />
<TLINK id="TL219" fromID="E100" fromText="the medical regimen" toID="E44" toText="shortness of breath" type="OVERLAP" />
<TLINK id="TL220" fromID="E100" fromText="the medical regimen" toID="E45" toText="any other symptoms" type="OVERLAP" />
<TLINK id="TL221" fromID="E15" fromText="showing" toID="T1" toText="2016-01-13" type="OVERLAP" />
<TLINK id="TL222" fromID="E37" fromText="dilated cardiomyopathy" toID="T1" toText="2016-01-13" type="OVERLAP" />
<TLINK id="TL223" fromID="E38" fromText="posterior and inferior apical akinesis" toID="T1" toText="2016-01-13" type="OVERLAP" />
<TLINK id="TL224" fromID="E39" fromText="hypercholesterolemia" toID="T1" toText="2016-01-13" type="OVERLAP" />
<TLINK id="TL225" fromID="E40" fromText="diabetes mellitus" toID="T1" toText="2016-01-13" type="OVERLAP" />
<TLINK id="TL226" fromID="E41" fromText="hypertension" toID="T1" toText="2016-01-13" type="OVERLAP" />
<TLINK id="TL227" fromID="E51" fromText="large left ventricular thrombus" toID="T1" toText="2016-01-13" type="OVERLAP" />
<TLINK id="TL228" fromID="E69" fromText="an ejection fraction" toID="T1" toText="2016-01-13" type="OVERLAP" />
<TLINK id="TL229" fromID="E70" fromText="a transthoracic echocardiogram" toID="T1" toText="2016-01-13" type="OVERLAP" />
<TLINK id="TL232" fromID="E26" fromText="admitted" toID="T10" toText="2016-03-30" type="OVERLAP" />
<TLINK id="TL234" fromID="E11" fromText="well" toID="T8" toText="postoperative day two" type="OVERLAP" />
<TLINK id="TL235" fromID="E20" fromText="doing well" toID="T8" toText="postoperative day two" type="OVERLAP" />
<TLINK id="TL237" fromID="E32" fromText="weaned" toID="T7" toText="04-01" type="OVERLAP" />
<TLINK id="TL239" fromID="E1" fromText="the floor" toID="T6" toText="04-02" type="OVERLAP" />
<TLINK id="TL240" fromID="E8" fromText="well" toID="T6" toText="04-02" type="OVERLAP" />
<TLINK id="TL241" fromID="E27" fromText="did well" toID="T6" toText="04-02" type="OVERLAP" />
<TLINK id="TL242" fromID="E30" fromText="transferred" toID="T6" toText="04-02" type="OVERLAP" />
<TLINK id="TL244" fromID="E102" fromText="captopril" toID="T5" toText="04-03" type="BEFORE" />
<TLINK id="TL245" fromID="E103" fromText="atenolol" toID="T5" toText="04-03" type="BEFORE" />
<TLINK id="TL247" fromID="E11" fromText="well" toID="E32" toText="weaned" type="OVERLAP" />
<TLINK id="TL248" fromID="E11" fromText="well" toID="E83" toText="surgery" type="OVERLAP" />
<TLINK id="TL249" fromID="E11" fromText="well" toID="E32" toText="weaned" type="OVERLAP" />
<TLINK id="TL250" fromID="E11" fromText="well" toID="E83" toText="surgery" type="OVERLAP" />
<TLINK id="TL251" fromID="E20" fromText="doing well" toID="E32" toText="weaned" type="OVERLAP" />
<TLINK id="TL252" fromID="E20" fromText="doing well" toID="E83" toText="surgery" type="OVERLAP" />
<TLINK id="TL253" fromID="E20" fromText="doing well" toID="E32" toText="weaned" type="OVERLAP" />
<TLINK id="TL254" fromID="E20" fromText="doing well" toID="E83" toText="surgery" type="OVERLAP" />
<TLINK id="TL255" fromID="E73" fromText="the chest tube" toID="E32" toText="weaned" type="OVERLAP" />
<TLINK id="TL256" fromID="E73" fromText="the chest tube" toID="E83" toText="surgery" type="OVERLAP" />
<TLINK id="TL257" fromID="E73" fromText="the chest tube" toID="E32" toText="weaned" type="OVERLAP" />
<TLINK id="TL258" fromID="E73" fromText="the chest tube" toID="E83" toText="surgery" type="OVERLAP" />
<TLINK id="TL259" fromID="E32" fromText="weaned" toID="E11" toText="well" type="OVERLAP" />
<TLINK id="TL260" fromID="E32" fromText="weaned" toID="E11" toText="well" type="OVERLAP" />
<TLINK id="TL261" fromID="E32" fromText="weaned" toID="E20" toText="doing well" type="OVERLAP" />
<TLINK id="TL262" fromID="E32" fromText="weaned" toID="E20" toText="doing well" type="OVERLAP" />
<TLINK id="TL263" fromID="E32" fromText="weaned" toID="E73" toText="the chest tube" type="OVERLAP" />
<TLINK id="TL264" fromID="E32" fromText="weaned" toID="E73" toText="the chest tube" type="OVERLAP" />
<TLINK id="TL265" fromID="E83" fromText="surgery" toID="E11" toText="well" type="OVERLAP" />
<TLINK id="TL266" fromID="E83" fromText="surgery" toID="E11" toText="well" type="OVERLAP" />
<TLINK id="TL267" fromID="E83" fromText="surgery" toID="E20" toText="doing well" type="OVERLAP" />
<TLINK id="TL268" fromID="E83" fromText="surgery" toID="E20" toText="doing well" type="OVERLAP" />
<TLINK id="TL269" fromID="E83" fromText="surgery" toID="E73" toText="the chest tube" type="OVERLAP" />
<TLINK id="TL270" fromID="E83" fromText="surgery" toID="E73" toText="the chest tube" type="OVERLAP" />
<TLINK id="SECTIME0" fromID="E1" fromText="the floor" toID="T4" toText="2016-04-03" type="BEFORE" />
<TLINK id="SECTIME1" fromID="E2" fromText="the floor" toID="T4" toText="2016-04-03" type="BEFORE" />
<TLINK id="SECTIME2" fromID="E3" fromText="Mass . Hospital" toID="T4" toText="2016-04-03" type="BEFORE" />
<TLINK id="SECTIME3" fromID="E4" fromText="the Coronary Care Unit Service" toID="T4" toText="2016-04-03" type="BEFORE" />
<TLINK id="SECTIME4" fromID="E5" fromText="the Coronary Care Unit Service" toID="T3" toText="2016-03-30" type="BEFORE" />
<TLINK id="SECTIME5" fromID="E6" fromText="noted" toID="T4" toText="2016-04-03" type="BEFORE" />
<TLINK id="SECTIME6" fromID="E7" fromText="well" toID="T4" toText="2016-04-03" type="BEFORE" />
<TLINK id="SECTIME7" fromID="E8" fromText="well" toID="T4" toText="2016-04-03" type="BEFORE" />
<TLINK id="SECTIME8" fromID="E9" fromText="noted" toID="T4" toText="2016-04-03" type="BEFORE" />
<TLINK id="SECTIME9" fromID="E10" fromText="noted" toID="T4" toText="2016-04-03" type="BEFORE" />
<TLINK id="SECTIME10" fromID="E11" fromText="well" toID="T4" toText="2016-04-03" type="BEFORE" />
<TLINK id="SECTIME11" fromID="E12" fromText="revealed" toID="T3" toText="2016-03-30" type="BEFORE" />
<TLINK id="SECTIME12" fromID="E13" fromText="noted" toID="T3" toText="2016-03-30" type="BEFORE" />
<TLINK id="SECTIME13" fromID="E14" fromText="revealed" toID="T3" toText="2016-03-30" type="BEFORE" />
<TLINK id="SECTIME14" fromID="E15" fromText="showing" toID="T3" toText="2016-03-30" type="BEFORE" />
<TLINK id="SECTIME15" fromID="E26" fromText="admitted" toID="T3" toText="2016-03-30" type="BEFORE" />
<TLINK id="SECTIME16" fromID="E19" fromText="stable" toID="T4" toText="2016-04-03" type="BEFORE" />
<TLINK id="SECTIME17" fromID="E20" fromText="doing well" toID="T4" toText="2016-04-03" type="BEFORE" />
<TLINK id="SECTIME18" fromID="E21" fromText="admitted" toID="T4" toText="2016-04-03" type="BEFORE" />
<TLINK id="SECTIME19" fromID="E22" fromText="titrated" toID="T4" toText="2016-04-03" type="BEFORE" />
<TLINK id="SECTIME20" fromID="E23" fromText="transferred" toID="T3" toText="2016-03-30" type="BEFORE" />
<TLINK id="SECTIME21" fromID="E24" fromText="the admission" toID="T3" toText="2016-03-30" type="BEFORE" />
<TLINK id="SECTIME22" fromID="E25" fromText="discharged" toID="T3" toText="2016-03-30" type="BEFORE" />
<TLINK id="SECTIME23" fromID="E26" fromText="admitted" toID="T3" toText="2016-03-30" type="BEFORE" />
<TLINK id="SECTIME24" fromID="E27" fromText="did well" toID="T4" toText="2016-04-03" type="BEFORE" />
<TLINK id="SECTIME25" fromID="E28" fromText="followup" toID="T4" toText="2016-04-03" type="BEFORE" />
<TLINK id="SECTIME26" fromID="E29" fromText="present" toID="T4" toText="2016-04-03" type="BEFORE" />
<TLINK id="SECTIME27" fromID="E30" fromText="transferred" toID="T4" toText="2016-04-03" type="BEFORE" />
<TLINK id="SECTIME28" fromID="E31" fromText="smoking cessation" toID="T4" toText="2016-04-03" type="BEFORE" />
<TLINK id="SECTIME29" fromID="E32" fromText="weaned" toID="T4" toText="2016-04-03" type="BEFORE" />
<TLINK id="SECTIME30" fromID="E33" fromText="discharged" toID="T4" toText="2016-04-03" type="BEFORE" />
<TLINK id="SECTIME31" fromID="E34" fromText="this admission" toID="T4" toText="2016-04-03" type="BEFORE" />
<TLINK id="SECTIME32" fromID="E35" fromText="continued" toID="T4" toText="2016-04-03" type="BEFORE" />
<TLINK id="SECTIME33" fromID="E36" fromText="continued" toID="T4" toText="2016-04-03" type="BEFORE" />
<TLINK id="SECTIME34" fromID="E37" fromText="dilated cardiomyopathy" toID="T3" toText="2016-03-30" type="BEFORE" />
<TLINK id="SECTIME35" fromID="E38" fromText="posterior and inferior apical akinesis" toID="T3" toText="2016-03-30" type="BEFORE" />
<TLINK id="SECTIME36" fromID="E39" fromText="hypercholesterolemia" toID="T3" toText="2016-03-30" type="BEFORE" />
<TLINK id="SECTIME37" fromID="E40" fromText="diabetes mellitus" toID="T3" toText="2016-03-30" type="BEFORE" />
<TLINK id="SECTIME38" fromID="E41" fromText="hypertension" toID="T3" toText="2016-03-30" type="BEFORE" />
<TLINK id="SECTIME39" fromID="E42" fromText="a slight hematocrit drop" toID="T4" toText="2016-04-03" type="BEFORE" />
<TLINK id="SECTIME40" fromID="E43" fromText="chest pain" toID="T4" toText="2016-04-03" type="BEFORE" />
<TLINK id="SECTIME41" fromID="E44" fromText="shortness of breath" toID="T4" toText="2016-04-03" type="BEFORE" />
<TLINK id="SECTIME42" fromID="E45" fromText="any other symptoms" toID="T4" toText="2016-04-03" type="BEFORE" />
<TLINK id="SECTIME43" fromID="E46" fromText="the right coronary artery stenosis" toID="T3" toText="2016-03-30" type="BEFORE" />
<TLINK id="SECTIME44" fromID="E47" fromText="90% left circumflex lesions" toID="T3" toText="2016-03-30" type="BEFORE" />
<TLINK id="SECTIME45" fromID="E48" fromText="an irregular intra-aortic pedunculated lesion" toID="T3" toText="2016-03-30" type="BEFORE" />
<TLINK id="SECTIME46" fromID="E49" fromText="calcified" toID="T3" toText="2016-03-30" type="BEFORE" />
<TLINK id="SECTIME47" fromID="E50" fromText="a myocardial infarction" toID="T3" toText="2016-03-30" type="BEFORE" />
<TLINK id="SECTIME48" fromID="E51" fromText="large left ventricular thrombus" toID="T3" toText="2016-03-30" type="BEFORE" />
<TLINK id="SECTIME49" fromID="E52" fromText="diffuse 90% mid distal stenosis" toID="T3" toText="2016-03-30" type="BEFORE" />
<TLINK id="SECTIME50" fromID="E58" fromText="3-vessel disease" toID="T3" toText="2016-03-30" type="BEFORE" />
<TLINK id="SECTIME51" fromID="E54" fromText="an aortic plaque" toID="T4" toText="2016-04-03" type="BEFORE" />
<TLINK id="SECTIME52" fromID="E55" fromText="aortic thrombus" toID="T4" toText="2016-04-03" type="BEFORE" />
<TLINK id="SECTIME53" fromID="E56" fromText="the left ventricular thrombus" toID="T4" toText="2016-04-03" type="BEFORE" />
<TLINK id="SECTIME54" fromID="E57" fromText="anterior/apical akinesis" toID="T4" toText="2016-04-03" type="BEFORE" />
<TLINK id="SECTIME55" fromID="E58" fromText="3-vessel disease" toID="T4" toText="2016-04-03" type="BEFORE" />
<TLINK id="SECTIME56" fromID="E59" fromText="the elevated stroke risk" toID="T3" toText="2016-03-30" type="BEFORE" />
<TLINK id="SECTIME57" fromID="E60" fromText="the left ventricular thrombus" toID="T4" toText="2016-04-03" type="BEFORE" />
<TLINK id="SECTIME58" fromID="E61" fromText="a mobile aortic atheroma" toID="T4" toText="2016-04-03" type="BEFORE" />
<TLINK id="SECTIME59" fromID="E62" fromText="a goal hematocrit" toID="T4" toText="2016-04-03" type="BEFORE" />
<TLINK id="SECTIME60" fromID="E63" fromText="a goal INR" toID="T3" toText="2016-03-30" type="BEFORE" />
<TLINK id="SECTIME61" fromID="E64" fromText="her goal INR" toID="T4" toText="2016-04-03" type="BEFORE" />
<TLINK id="SECTIME62" fromID="E65" fromText="evaluation" toID="T4" toText="2016-04-03" type="BEFORE" />
<TLINK id="SECTIME63" fromID="E66" fromText="an intraoperative transesophageal echocardiogram" toID="T3" toText="2016-03-30" type="BEFORE" />
<TLINK id="SECTIME64" fromID="E67" fromText="initial evaluation" toID="T3" toText="2016-03-30" type="BEFORE" />
<TLINK id="SECTIME65" fromID="E68" fromText="a cardiac catheterization" toID="T3" toText="2016-03-30" type="BEFORE" />
<TLINK id="SECTIME66" fromID="E69" fromText="an ejection fraction" toID="T3" toText="2016-03-30" type="BEFORE" />
<TLINK id="SECTIME67" fromID="E70" fromText="a transthoracic echocardiogram" toID="T3" toText="2016-03-30" type="BEFORE" />
<TLINK id="SECTIME68" fromID="E71" fromText="a thoracotomy" toID="T4" toText="2016-04-03" type="BEFORE" />
<TLINK id="SECTIME69" fromID="E72" fromText="chest tube" toID="T4" toText="2016-04-03" type="BEFORE" />
<TLINK id="SECTIME70" fromID="E73" fromText="the chest tube" toID="T4" toText="2016-04-03" type="BEFORE" />
<TLINK id="SECTIME71" fromID="E74" fromText="transcutaneous pacing wires" toID="T4" toText="2016-04-03" type="BEFORE" />
<TLINK id="SECTIME72" fromID="E75" fromText="dopamine" toID="T4" toText="2016-04-03" type="BEFORE" />
<TLINK id="SECTIME73" fromID="E76" fromText="the beta blocker" toID="T4" toText="2016-04-03" type="BEFORE" />
<TLINK id="SECTIME74" fromID="E77" fromText="ACE inhibitor" toID="T4" toText="2016-04-03" type="BEFORE" />
<TLINK id="SECTIME75" fromID="E78" fromText="heparin" toID="T4" toText="2016-04-03" type="BEFORE" />
<TLINK id="SECTIME76" fromID="E79" fromText="percutaneous coronary intervention" toID="T4" toText="2016-04-03" type="BEFORE" />
<TLINK id="SECTIME77" fromID="E80" fromText="anticoagulation" toID="T4" toText="2016-04-03" type="BEFORE" />
<TLINK id="SECTIME78" fromID="E81" fromText="therapy" toID="T4" toText="2016-04-03" type="BEFORE" />
<TLINK id="SECTIME79" fromID="E82" fromText="one unit" toID="T4" toText="2016-04-03" type="BEFORE" />
<TLINK id="SECTIME80" fromID="E83" fromText="surgery" toID="T4" toText="2016-04-03" type="BEFORE" />
<TLINK id="SECTIME81" fromID="E84" fromText="the beta blocker" toID="T4" toText="2016-04-03" type="BEFORE" />
<TLINK id="SECTIME82" fromID="E85" fromText="ACE inhibitor" toID="T4" toText="2016-04-03" type="BEFORE" />
<TLINK id="SECTIME83" fromID="E86" fromText="Wellbutrin" toID="T4" toText="2016-04-03" type="BEFORE" />
<TLINK id="SECTIME84" fromID="E87" fromText="a right internal carotid artery stent" toID="T3" toText="2016-03-30" type="BEFORE" />
<TLINK id="SECTIME85" fromID="E88" fromText="a coronary artery bypass graft" toID="T3" toText="2016-03-30" type="BEFORE" />
<TLINK id="SECTIME86" fromID="E89" fromText="an elective coronary artery bypass graft" toID="T3" toText="2016-03-30" type="BEFORE" />
<TLINK id="SECTIME87" fromID="E90" fromText="Coumadin" toID="T3" toText="2016-03-30" type="BEFORE" />
<TLINK id="SECTIME88" fromID="E91" fromText="aspirin" toID="T4" toText="2016-04-03" type="BEFORE" />
<TLINK id="SECTIME89" fromID="E92" fromText="an aborted coronary artery bypass graft" toID="T4" toText="2016-04-03" type="BEFORE" />
<TLINK id="SECTIME90" fromID="E93" fromText="statin" toID="T4" toText="2016-04-03" type="BEFORE" />
<TLINK id="SECTIME91" fromID="E94" fromText="Plavix" toID="T4" toText="2016-04-03" type="BEFORE" />
<TLINK id="SECTIME92" fromID="E95" fromText="aortic cross-clamping" toID="T3" toText="2016-03-30" type="BEFORE" />
<TLINK id="SECTIME93" fromID="E96" fromText="surgery" toID="T3" toText="2016-03-30" type="BEFORE" />
<TLINK id="SECTIME94" fromID="E97" fromText="percutaneous coronary intervention" toID="T3" toText="2016-03-30" type="BEFORE" />
<TLINK id="SECTIME95" fromID="E98" fromText="a bypass graft" toID="T3" toText="2016-03-30" type="BEFORE" />
<TLINK id="SECTIME96" fromID="E99" fromText="the vein harvest" toID="T4" toText="2016-04-03" type="BEFORE" />
<TLINK id="SECTIME97" fromID="E100" fromText="the medical regimen" toID="T4" toText="2016-04-03" type="BEFORE" />
<TLINK id="SECTIME98" fromID="E101" fromText="packed red blood cells" toID="T4" toText="2016-04-03" type="BEFORE" />
<TLINK id="SECTIME99" fromID="E102" fromText="captopril" toID="T4" toText="2016-04-03" type="BEFORE" />
<TLINK id="SECTIME100" fromID="E103" fromText="atenolol" toID="T4" toText="2016-04-03" type="BEFORE" />
<TLINK id="SECTIME101" fromID="E104" fromText="the patient 's leg bandage" toID="T4" toText="2016-04-03" type="BEFORE" />
</TAGS>
</ClinicalNarrativeTemporalAnnotation>