<?xml version="1.0" encoding="UTF-8" ?>
<ClinicalNarrativeTemporalAnnotation>
<TEXT><![CDATA[
Admission Date :
2010-07-15
Discharge Date :
2010-07-18
Service :
KULAND
HISTORY OF PRESENT ILLNESS :
The patient is a 32-year-old white female with history of diabetes type 1 and migraines who presented with complaints of nausea , diarrhea and vomiting for 24 hours .
Patient states she was unable to take her usual insulin regimen because she was vomiting .
The patient denied any fevers , chills , chest pain , shortness of breath or dysuria but does state she had her usual migraine headache the night prior to admission .
The patient 's arterial blood gases in the Emergency Department were 7.19 , 22 and 109 with a bicarbonate of 9 and a fingerstick of greater than 500 .
Patient was given two boluses of 15 units of regular insulin and was started on an insulin drip of one unit per hour and given a total of five liters of normal saline .
Her fingersticks decreased with the insulin drip and the intravenous fluids .
The patient was admitted to the Intensive Care Unit for an insulin drip and frequent blood sugar monitoring and Chem-7 monitoring .
The patient did well overnight in the Medical Intensive Care Unit .
Her anion gap closed and her fingersticks were less than 200 .
Her NPH and a regular sliding scale were started and her drip was discontinued .
The patient denied any more gastrointestinal symptoms .
HOSPITAL COURSE :
As above , and once transferred to the floor , patient had fingersticks monitored every four hours with a sliding scale .
Patient reached goal of fingersticks between 50 and 300 , which is what she maintains at home .
Sliding scale was adjusted as necessary .
Patient was continued on intravenous fluids until taking good po .
Infectious Disease :
The patient had an elevated white count upon admission , however , white count came down to 7.1 and prior to discharge , patient was afebrile and no clear etiology for elevated white blood cell on admission , questionably secondary to short gastrointestinal infection , however , patient is completely symptom free upon discharge .
Fluid , electrolytes and nutrition :
The patient 's electrolytes were repleted as necessary .
Potassium was given with her intravenous fluids and phosphate will be repleted as patient increases her po intake .
]]></TEXT>
<TAGS>
<EVENT id="E1" start="1379" end="1382" text="the floor" modality="FACTUAL" polarity="POS" type="CLINICAL_DEPT" />
<EVENT id="E2" start="1092" end="1095" text="the Medical Intensive Care Unit" modality="FACTUAL" polarity="POS" type="CLINICAL_DEPT" />
<EVENT id="E3" start="954" end="957" text="the Intensive Care Unit" modality="FACTUAL" polarity="POS" type="CLINICAL_DEPT" />
<EVENT id="E4" start="567" end="570" text="the Emergency Department" modality="FACTUAL" polarity="POS" type="CLINICAL_DEPT" />
<EVENT id="E5" start="1282" end="1288" text="denied" modality="FACTUAL" polarity="POS" type="EVIDENTIAL" />
<EVENT id="E6" start="373" end="379" text="denied" modality="FACTUAL" polarity="POS" type="EVIDENTIAL" />
<EVENT id="E7" start="278" end="284" text="states" modality="FACTUAL" polarity="POS" type="EVIDENTIAL" />
<EVENT id="E8" start="195" end="204" text="presented" modality="FACTUAL" polarity="POS" type="EVIDENTIAL" />
<EVENT id="E9" start="2218" end="2221" text="her po intake" modality="FACTUAL" polarity="POS" type="OCCURRENCE" />
<EVENT id="E10" start="1616" end="1625" text="continued" modality="FACTUAL" polarity="POS" type="OCCURRENCE" />
<EVENT id="E11" start="1889" end="1898" text="admission" modality="FACTUAL" polarity="POS" type="OCCURRENCE" />
<EVENT id="E12" start="1841" end="1846" text="clear" modality="FACTUAL" polarity="POS" type="OCCURRENCE" />
<EVENT id="E13" start="2012" end="2021" text="discharge" modality="FACTUAL" polarity="POS" type="OCCURRENCE" />
<EVENT id="E14" start="1983" end="1993" text="completely symptom" modality="FACTUAL" polarity="POS" type="OCCURRENCE" />
<EVENT id="E15" start="1737" end="1746" text="admission" modality="FACTUAL" polarity="POS" type="OCCURRENCE" />
<EVENT id="E16" start="1801" end="1810" text="discharge" modality="FACTUAL" polarity="POS" type="OCCURRENCE" />
<EVENT id="E17" start="1580" end="1588" text="adjusted" modality="FACTUAL" polarity="POS" type="OCCURRENCE" />
<EVENT id="E18" start="1661" end="1665" text="good" modality="FACTUAL" polarity="POS" type="OCCURRENCE" />
<EVENT id="E19" start="1140" end="1146" text="closed" modality="FACTUAL" polarity="POS" type="OCCURRENCE" />
<EVENT id="E20" start="1364" end="1375" text="transferred" modality="FACTUAL" polarity="POS" type="OCCURRENCE" />
<EVENT id="E21" start="942" end="950" text="admitted" modality="FACTUAL" polarity="POS" type="OCCURRENCE" />
<EVENT id="E22" start="1070" end="1073" text="did well" modality="FACTUAL" polarity="POS" type="OCCURRENCE" />
<EVENT id="E23" start="195" end="204" text="presented" modality="FACTUAL" polarity="POS" type="OCCURRENCE" />
<EVENT id="E24" start="516" end="525" text="admission" modality="FACTUAL" polarity="POS" type="OCCURRENCE" />
<EVENT id="E25" start="1" end="10" text="Admission" modality="FACTUAL" polarity="POS" type="OCCURRENCE" />
<EVENT id="E26" start="29" end="38" text="Discharge" modality="FACTUAL" polarity="POS" type="OCCURRENCE" />
<EVENT id="E27" start="1927" end="1932" text="short gastrointestinal infection" modality="FACTUAL" polarity="POS" type="PROBLEM" />
<EVENT id="E28" start="1708" end="1710" text="an elevated white count" modality="FACTUAL" polarity="POS" type="PROBLEM" />
<EVENT id="E29" start="1289" end="1292" text="any more gastrointestinal symptoms" modality="FACTUAL" polarity="POS" type="PROBLEM" />
<EVENT id="E30" start="1860" end="1868" text="elevated white blood cell" modality="FACTUAL" polarity="POS" type="PROBLEM" />
<EVENT id="E31" start="1825" end="1833" text="afebrile" modality="FACTUAL" polarity="POS" type="PROBLEM" />
<EVENT id="E32" start="438" end="445" text="dysuria" modality="FACTUAL" polarity="POS" type="PROBLEM" />
<EVENT id="E33" start="469" end="472" text="her usual migraine headache" modality="FACTUAL" polarity="POS" type="PROBLEM" />
<EVENT id="E34" start="402" end="407" text="chest pain" modality="FACTUAL" polarity="POS" type="PROBLEM" />
<EVENT id="E35" start="415" end="424" text="shortness of breath" modality="FACTUAL" polarity="POS" type="PROBLEM" />
<EVENT id="E36" start="384" end="390" text="fevers" modality="FACTUAL" polarity="POS" type="PROBLEM" />
<EVENT id="E37" start="393" end="399" text="chills" modality="FACTUAL" polarity="POS" type="PROBLEM" />
<EVENT id="E38" start="246" end="254" text="vomiting" modality="FACTUAL" polarity="POS" type="PROBLEM" />
<EVENT id="E39" start="350" end="358" text="vomiting" modality="FACTUAL" polarity="POS" type="PROBLEM" />
<EVENT id="E40" start="224" end="230" text="nausea" modality="FACTUAL" polarity="POS" type="PROBLEM" />
<EVENT id="E41" start="233" end="241" text="diarrhea" modality="FACTUAL" polarity="POS" type="PROBLEM" />
<EVENT id="E42" start="161" end="169" text="diabetes type 1" modality="FACTUAL" polarity="POS" type="PROBLEM" />
<EVENT id="E43" start="181" end="190" text="migraines" modality="FACTUAL" polarity="POS" type="PROBLEM" />
<EVENT id="E44" start="2061" end="2064" text="The patient 's electrolytes" modality="FACTUAL" polarity="POS" type="TEST" />
<EVENT id="E45" start="1490" end="1502" text="fingersticks" modality="FACTUAL" polarity="POS" type="TEST" />
<EVENT id="E46" start="1759" end="1764" text="white count" modality="FACTUAL" polarity="POS" type="TEST" />
<EVENT id="E47" start="1151" end="1154" text="her fingersticks" modality="FACTUAL" polarity="POS" type="TEST" />
<EVENT id="E48" start="1403" end="1415" text="fingersticks" modality="FACTUAL" polarity="POS" type="TEST" />
<EVENT id="E49" start="1038" end="1042" text="Chem-7 monitoring" modality="FACTUAL" polarity="POS" type="TEST" />
<EVENT id="E50" start="1126" end="1129" text="Her anion gap" modality="FACTUAL" polarity="POS" type="TEST" />
<EVENT id="E51" start="848" end="851" text="Her fingersticks" modality="FACTUAL" polarity="POS" type="TEST" />
<EVENT id="E52" start="1002" end="1010" text="frequent blood sugar monitoring" modality="FACTUAL" polarity="POS" type="TEST" />
<EVENT id="E53" start="620" end="621" text="a bicarbonate" modality="FACTUAL" polarity="POS" type="TEST" />
<EVENT id="E54" start="643" end="644" text="a fingerstick" modality="FACTUAL" polarity="POS" type="TEST" />
<EVENT id="E55" start="528" end="531" text="The patient 's arterial blood gases" modality="FACTUAL" polarity="POS" type="TEST" />
<EVENT id="E56" start="2143" end="2146" text="her intravenous fluids" modality="FACTUAL" polarity="POS" type="TREATMENT" />
<EVENT id="E57" start="2118" end="2127" text="Potassium" modality="FACTUAL" polarity="POS" type="TREATMENT" />
<EVENT id="E58" start="2170" end="2179" text="phosphate" modality="FACTUAL" polarity="POS" type="TREATMENT" />
<EVENT id="E59" start="1562" end="1569" text="Sliding scale" modality="FACTUAL" polarity="POS" type="TREATMENT" />
<EVENT id="E60" start="1629" end="1640" text="intravenous fluids" modality="FACTUAL" polarity="POS" type="TREATMENT" />
<EVENT id="E61" start="1242" end="1245" text="her drip" modality="FACTUAL" polarity="POS" type="TREATMENT" />
<EVENT id="E62" start="1448" end="1449" text="a sliding scale" modality="FACTUAL" polarity="POS" type="TREATMENT" />
<EVENT id="E63" start="1189" end="1192" text="Her NPH" modality="FACTUAL" polarity="POS" type="TREATMENT" />
<EVENT id="E64" start="1201" end="1202" text="a regular sliding scale" modality="FACTUAL" polarity="POS" type="TREATMENT" />
<EVENT id="E65" start="901" end="904" text="the intravenous fluids" modality="FACTUAL" polarity="POS" type="TREATMENT" />
<EVENT id="E66" start="982" end="984" text="an insulin drip" modality="FACTUAL" polarity="POS" type="TREATMENT" />
<EVENT id="E67" start="806" end="807" text="a total of five liters of normal saline" modality="FACTUAL" polarity="POS" type="TREATMENT" />
<EVENT id="E68" start="880" end="883" text="the insulin drip" modality="FACTUAL" polarity="POS" type="TREATMENT" />
<EVENT id="E69" start="697" end="700" text="two boluses of 15 units of regular insulin" modality="FACTUAL" polarity="POS" type="TREATMENT" />
<EVENT id="E70" start="759" end="761" text="an insulin drip" modality="FACTUAL" polarity="POS" type="TREATMENT" />
<EVENT id="E71" start="308" end="311" text="her usual insulin regimen" modality="FACTUAL" polarity="POS" type="TREATMENT" />
<TIMEX3 id="T1" start="46" end="50" text="2010-07-18" type="DATE" val="2010-07-18" mod="NA" />
<TIMEX3 id="T2" start="18" end="22" text="2010-07-15" type="DATE" val="2010-07-15" mod="NA" />
<TIMEX3 id="T3" start="497" end="500" text="the night" type="DATE" val="2010-07-15" mod="END" />
<TIMEX3 id="T4" start="259" end="261" text="24 hours" type="DURATION" val="PT24H" mod="NA" />
<TIMEX3 id="T5" start="1079" end="1088" text="overnight" type="DURATION" val="PT12H" mod="APPROX" />
<TIMEX3 id="T6" start="1426" end="1431" text="every four hours" type="FREQUENCY" val="RPT4H" mod="NA" />
<SECTIME id="S0" start="17" end="21" text="2010-07-15" type="ADMISSION" dvalue="2010-07-15" />
<SECTIME id="S1" start="45" end="49" text="2010-07-18" type="DISCHARGE" dvalue="2010-07-18" />
<TLINK id="TL0" fromID="E23" fromText="presented" toID="E23" toText="presented" type="OVERLAP" />
<TLINK id="TL1" fromID="E23" fromText="presented" toID="E38" toText="vomiting" type="AFTER" />
<TLINK id="TL2" fromID="E23" fromText="presented" toID="E40" toText="nausea" type="AFTER" />
<TLINK id="TL3" fromID="E23" fromText="presented" toID="E41" toText="diarrhea" type="AFTER" />
<TLINK id="TL4" fromID="E42" fromText="diabetes type 1" toID="E23" toText="presented" type="AFTER" />
<TLINK id="TL5" fromID="E43" fromText="migraines" toID="E23" toText="presented" type="AFTER" />
<TLINK id="TL11" fromID="E40" fromText="nausea" toID="E38" toText="vomiting" type="OVERLAP" />
<TLINK id="TL12" fromID="E41" fromText="diarrhea" toID="E38" toText="vomiting" type="OVERLAP" />
<TLINK id="TL13" fromID="E42" fromText="diabetes type 1" toID="E38" toText="vomiting" type="OVERLAP" />
<TLINK id="TL14" fromID="E43" fromText="migraines" toID="E38" toText="vomiting" type="OVERLAP" />
<TLINK id="TL15" fromID="E40" fromText="nausea" toID="E41" toText="diarrhea" type="OVERLAP" />
<TLINK id="TL16" fromID="E42" fromText="diabetes type 1" toID="E40" toText="nausea" type="OVERLAP" />
<TLINK id="TL17" fromID="E43" fromText="migraines" toID="E40" toText="nausea" type="OVERLAP" />
<TLINK id="TL18" fromID="E42" fromText="diabetes type 1" toID="E41" toText="diarrhea" type="OVERLAP" />
<TLINK id="TL19" fromID="E43" fromText="migraines" toID="E41" toText="diarrhea" type="OVERLAP" />
<TLINK id="TL20" fromID="E42" fromText="diabetes type 1" toID="E43" toText="migraines" type="OVERLAP" />
<TLINK id="TL21" fromID="E7" fromText="states" toID="E39" toText="vomiting" type="AFTER" />
<TLINK id="TL22" fromID="E7" fromText="states" toID="E71" toText="her usual insulin regimen" type="AFTER" />
<TLINK id="TL23" fromID="E71" fromText="her usual insulin regimen" toID="E39" toText="vomiting" type="AFTER" />
<TLINK id="TL24" fromID="E5" fromText="denied" toID="E24" toText="admission" type="AFTER" />
<TLINK id="TL25" fromID="E5" fromText="denied" toID="E32" toText="dysuria" type="AFTER" />
<TLINK id="TL26" fromID="E5" fromText="denied" toID="E33" toText="her usual migraine headache" type="AFTER" />
<TLINK id="TL27" fromID="E5" fromText="denied" toID="E34" toText="chest pain" type="AFTER" />
<TLINK id="TL28" fromID="E5" fromText="denied" toID="E35" toText="shortness of breath" type="AFTER" />
<TLINK id="TL29" fromID="E5" fromText="denied" toID="E36" toText="fevers" type="BEFORE" />
<TLINK id="TL30" fromID="E5" fromText="denied" toID="E37" toText="chills" type="AFTER" />
<TLINK id="TL31" fromID="E32" fromText="dysuria" toID="E24" toText="admission" type="AFTER" />
<TLINK id="TL32" fromID="E33" fromText="her usual migraine headache" toID="E24" toText="admission" type="AFTER" />
<TLINK id="TL33" fromID="E34" fromText="chest pain" toID="E24" toText="admission" type="AFTER" />
<TLINK id="TL34" fromID="E35" fromText="shortness of breath" toID="E24" toText="admission" type="AFTER" />
<TLINK id="TL35" fromID="E36" fromText="fevers" toID="E24" toText="admission" type="AFTER" />
<TLINK id="TL36" fromID="E37" fromText="chills" toID="E24" toText="admission" type="AFTER" />
<TLINK id="TL37" fromID="E32" fromText="dysuria" toID="E33" toText="her usual migraine headache" type="OVERLAP" />
<TLINK id="TL38" fromID="E34" fromText="chest pain" toID="E32" toText="dysuria" type="OVERLAP" />
<TLINK id="TL39" fromID="E35" fromText="shortness of breath" toID="E32" toText="dysuria" type="OVERLAP" />
<TLINK id="TL40" fromID="E36" fromText="fevers" toID="E32" toText="dysuria" type="OVERLAP" />
<TLINK id="TL41" fromID="E37" fromText="chills" toID="E32" toText="dysuria" type="OVERLAP" />
<TLINK id="TL42" fromID="E34" fromText="chest pain" toID="E33" toText="her usual migraine headache" type="OVERLAP" />
<TLINK id="TL43" fromID="E35" fromText="shortness of breath" toID="E33" toText="her usual migraine headache" type="OVERLAP" />
<TLINK id="TL44" fromID="E36" fromText="fevers" toID="E33" toText="her usual migraine headache" type="OVERLAP" />
<TLINK id="TL45" fromID="E37" fromText="chills" toID="E33" toText="her usual migraine headache" type="OVERLAP" />
<TLINK id="TL46" fromID="E34" fromText="chest pain" toID="E35" toText="shortness of breath" type="OVERLAP" />
<TLINK id="TL47" fromID="E36" fromText="fevers" toID="E34" toText="chest pain" type="OVERLAP" />
<TLINK id="TL48" fromID="E37" fromText="chills" toID="E34" toText="chest pain" type="OVERLAP" />
<TLINK id="TL49" fromID="E36" fromText="fevers" toID="E35" toText="shortness of breath" type="OVERLAP" />
<TLINK id="TL50" fromID="E37" fromText="chills" toID="E35" toText="shortness of breath" type="OVERLAP" />
<TLINK id="TL51" fromID="E36" fromText="fevers" toID="E37" toText="chills" type="OVERLAP" />
<TLINK id="TL52" fromID="E4" fromText="the Emergency Department" toID="E53" toText="a bicarbonate" type="OVERLAP" />
<TLINK id="TL53" fromID="E4" fromText="the Emergency Department" toID="E54" toText="a fingerstick" type="OVERLAP" />
<TLINK id="TL54" fromID="E55" fromText="The patient 's arterial blood gases" toID="E4" toText="the Emergency Department" type="AFTER" />
<TLINK id="TL55" fromID="E53" fromText="a bicarbonate" toID="E54" toText="a fingerstick" type="OVERLAP" />
<TLINK id="TL56" fromID="E55" fromText="The patient 's arterial blood gases" toID="E53" toText="a bicarbonate" type="OVERLAP" />
<TLINK id="TL57" fromID="E55" fromText="The patient 's arterial blood gases" toID="E54" toText="a fingerstick" type="OVERLAP" />
<TLINK id="TL58" fromID="E69" fromText="two boluses of 15 units of regular insulin" toID="E67" toText="a total of five liters of normal saline" type="OVERLAP" />
<TLINK id="TL59" fromID="E70" fromText="an insulin drip" toID="E67" toText="a total of five liters of normal saline" type="OVERLAP" />
<TLINK id="TL60" fromID="E69" fromText="two boluses of 15 units of regular insulin" toID="E70" toText="an insulin drip" type="OVERLAP" />
<TLINK id="TL61" fromID="E51" fromText="Her fingersticks" toID="E65" toText="the intravenous fluids" type="AFTER" />
<TLINK id="TL62" fromID="E51" fromText="Her fingersticks" toID="E68" toText="the insulin drip" type="AFTER" />
<TLINK id="TL63" fromID="E68" fromText="the insulin drip" toID="E65" toText="the intravenous fluids" type="OVERLAP" />
<TLINK id="TL64" fromID="E21" fromText="admitted" toID="E3" toText="the Intensive Care Unit" type="AFTER" />
<TLINK id="TL65" fromID="E3" fromText="the Intensive Care Unit" toID="E49" toText="Chem-7 monitoring" type="AFTER" />
<TLINK id="TL66" fromID="E3" fromText="the Intensive Care Unit" toID="E52" toText="frequent blood sugar monitoring" type="OVERLAP" />
<TLINK id="TL67" fromID="E3" fromText="the Intensive Care Unit" toID="E66" toText="an insulin drip" type="AFTER" />
<TLINK id="TL68" fromID="E21" fromText="admitted" toID="E49" toText="Chem-7 monitoring" type="AFTER" />
<TLINK id="TL69" fromID="E21" fromText="admitted" toID="E52" toText="frequent blood sugar monitoring" type="AFTER" />
<TLINK id="TL70" fromID="E21" fromText="admitted" toID="E66" toText="an insulin drip" type="AFTER" />
<TLINK id="TL71" fromID="E52" fromText="frequent blood sugar monitoring" toID="E49" toText="Chem-7 monitoring" type="AFTER" />
<TLINK id="TL72" fromID="E66" fromText="an insulin drip" toID="E49" toText="Chem-7 monitoring" type="AFTER" />
<TLINK id="TL73" fromID="E66" fromText="an insulin drip" toID="E52" toText="frequent blood sugar monitoring" type="AFTER" />
<TLINK id="TL74" fromID="E22" fromText="did well" toID="E2" toText="the Medical Intensive Care Unit" type="AFTER" />
<TLINK id="TL75" fromID="E19" fromText="closed" toID="E47" toText="her fingersticks" type="OVERLAP" />
<TLINK id="TL76" fromID="E50" fromText="Her anion gap" toID="E19" toText="closed" type="OVERLAP" />
<TLINK id="TL77" fromID="E50" fromText="Her anion gap" toID="E47" toText="her fingersticks" type="OVERLAP" />
<TLINK id="TL78" fromID="E63" fromText="Her NPH" toID="E61" toText="her drip" type="OVERLAP" />
<TLINK id="TL79" fromID="E64" fromText="a regular sliding scale" toID="E61" toText="her drip" type="OVERLAP" />
<TLINK id="TL80" fromID="E63" fromText="Her NPH" toID="E64" toText="a regular sliding scale" type="OVERLAP" />
<TLINK id="TL81" fromID="E5" fromText="denied" toID="E29" toText="any more gastrointestinal symptoms" type="AFTER" />
<TLINK id="TL83" fromID="E20" fromText="transferred" toID="E1" toText="the floor" type="AFTER" />
<TLINK id="TL84" fromID="E1" fromText="the floor" toID="E48" toText="fingersticks" type="OVERLAP" />
<TLINK id="TL85" fromID="E1" fromText="the floor" toID="E62" toText="a sliding scale" type="AFTER" />
<TLINK id="TL86" fromID="E20" fromText="transferred" toID="E48" toText="fingersticks" type="AFTER" />
<TLINK id="TL87" fromID="E20" fromText="transferred" toID="E62" toText="a sliding scale" type="AFTER" />
<TLINK id="TL88" fromID="E48" fromText="fingersticks" toID="E62" toText="a sliding scale" type="AFTER" />
<TLINK id="TL89" fromID="E59" fromText="Sliding scale" toID="E17" toText="adjusted" type="AFTER" />
<TLINK id="TL90" fromID="E10" fromText="continued" toID="E18" toText="good" type="AFTER" />
<TLINK id="TL91" fromID="E10" fromText="continued" toID="E60" toText="intravenous fluids" type="AFTER" />
<TLINK id="TL92" fromID="E60" fromText="intravenous fluids" toID="E18" toText="good" type="AFTER" />
<TLINK id="TL96" fromID="E12" fromText="clear" toID="E11" toText="admission" type="AFTER" />
<TLINK id="TL97" fromID="E11" fromText="admission" toID="E13" toText="discharge" type="AFTER" />
<TLINK id="TL98" fromID="E11" fromText="admission" toID="E14" toText="completely symptom" type="AFTER" />
<TLINK id="TL99" fromID="E15" fromText="admission" toID="E11" toText="admission" type="AFTER" />
<TLINK id="TL100" fromID="E16" fromText="discharge" toID="E11" toText="admission" type="AFTER" />
<TLINK id="TL101" fromID="E11" fromText="admission" toID="E27" toText="short gastrointestinal infection" type="AFTER" />
<TLINK id="TL102" fromID="E28" fromText="an elevated white count" toID="E11" toText="admission" type="AFTER" />
<TLINK id="TL103" fromID="E30" fromText="elevated white blood cell" toID="E11" toText="admission" type="AFTER" />
<TLINK id="TL104" fromID="E31" fromText="afebrile" toID="E11" toText="admission" type="AFTER" />
<TLINK id="TL105" fromID="E46" fromText="white count" toID="E11" toText="admission" type="AFTER" />
<TLINK id="TL106" fromID="E12" fromText="clear" toID="E13" toText="discharge" type="AFTER" />
<TLINK id="TL107" fromID="E12" fromText="clear" toID="E14" toText="completely symptom" type="AFTER" />
<TLINK id="TL108" fromID="E15" fromText="admission" toID="E12" toText="clear" type="AFTER" />
<TLINK id="TL109" fromID="E16" fromText="discharge" toID="E12" toText="clear" type="AFTER" />
<TLINK id="TL110" fromID="E12" fromText="clear" toID="E27" toText="short gastrointestinal infection" type="AFTER" />
<TLINK id="TL111" fromID="E28" fromText="an elevated white count" toID="E12" toText="clear" type="AFTER" />
<TLINK id="TL112" fromID="E12" fromText="clear" toID="E30" toText="elevated white blood cell" type="AFTER" />
<TLINK id="TL113" fromID="E31" fromText="afebrile" toID="E12" toText="clear" type="AFTER" />
<TLINK id="TL114" fromID="E46" fromText="white count" toID="E12" toText="clear" type="AFTER" />
<TLINK id="TL115" fromID="E14" fromText="completely symptom" toID="E13" toText="discharge" type="AFTER" />
<TLINK id="TL116" fromID="E15" fromText="admission" toID="E13" toText="discharge" type="AFTER" />
<TLINK id="TL117" fromID="E16" fromText="discharge" toID="E13" toText="discharge" type="AFTER" />
<TLINK id="TL118" fromID="E27" fromText="short gastrointestinal infection" toID="E13" toText="discharge" type="AFTER" />
<TLINK id="TL119" fromID="E28" fromText="an elevated white count" toID="E13" toText="discharge" type="AFTER" />
<TLINK id="TL120" fromID="E30" fromText="elevated white blood cell" toID="E13" toText="discharge" type="AFTER" />
<TLINK id="TL121" fromID="E31" fromText="afebrile" toID="E13" toText="discharge" type="AFTER" />
<TLINK id="TL122" fromID="E46" fromText="white count" toID="E13" toText="discharge" type="AFTER" />
<TLINK id="TL123" fromID="E15" fromText="admission" toID="E14" toText="completely symptom" type="AFTER" />
<TLINK id="TL124" fromID="E16" fromText="discharge" toID="E14" toText="completely symptom" type="AFTER" />
<TLINK id="TL125" fromID="E27" fromText="short gastrointestinal infection" toID="E14" toText="completely symptom" type="AFTER" />
<TLINK id="TL126" fromID="E28" fromText="an elevated white count" toID="E14" toText="completely symptom" type="AFTER" />
<TLINK id="TL127" fromID="E30" fromText="elevated white blood cell" toID="E14" toText="completely symptom" type="AFTER" />
<TLINK id="TL128" fromID="E31" fromText="afebrile" toID="E14" toText="completely symptom" type="AFTER" />
<TLINK id="TL129" fromID="E46" fromText="white count" toID="E14" toText="completely symptom" type="AFTER" />
<TLINK id="TL130" fromID="E15" fromText="admission" toID="E16" toText="discharge" type="AFTER" />
<TLINK id="TL131" fromID="E15" fromText="admission" toID="E27" toText="short gastrointestinal infection" type="AFTER" />
<TLINK id="TL132" fromID="E28" fromText="an elevated white count" toID="E15" toText="admission" type="AFTER" />
<TLINK id="TL133" fromID="E15" fromText="admission" toID="E30" toText="elevated white blood cell" type="AFTER" />
<TLINK id="TL134" fromID="E15" fromText="admission" toID="E31" toText="afebrile" type="AFTER" />
<TLINK id="TL135" fromID="E15" fromText="admission" toID="E46" toText="white count" type="AFTER" />
<TLINK id="TL136" fromID="E16" fromText="discharge" toID="E27" toText="short gastrointestinal infection" type="AFTER" />
<TLINK id="TL137" fromID="E28" fromText="an elevated white count" toID="E16" toText="discharge" type="AFTER" />
<TLINK id="TL138" fromID="E16" fromText="discharge" toID="E30" toText="elevated white blood cell" type="AFTER" />
<TLINK id="TL139" fromID="E16" fromText="discharge" toID="E31" toText="afebrile" type="AFTER" />
<TLINK id="TL140" fromID="E46" fromText="white count" toID="E16" toText="discharge" type="AFTER" />
<TLINK id="TL141" fromID="E28" fromText="an elevated white count" toID="E27" toText="short gastrointestinal infection" type="AFTER" />
<TLINK id="TL142" fromID="E30" fromText="elevated white blood cell" toID="E27" toText="short gastrointestinal infection" type="AFTER" />
<TLINK id="TL143" fromID="E31" fromText="afebrile" toID="E27" toText="short gastrointestinal infection" type="AFTER" />
<TLINK id="TL144" fromID="E46" fromText="white count" toID="E27" toText="short gastrointestinal infection" type="AFTER" />
<TLINK id="TL145" fromID="E28" fromText="an elevated white count" toID="E30" toText="elevated white blood cell" type="AFTER" />
<TLINK id="TL146" fromID="E28" fromText="an elevated white count" toID="E31" toText="afebrile" type="AFTER" />
<TLINK id="TL147" fromID="E28" fromText="an elevated white count" toID="E46" toText="white count" type="AFTER" />
<TLINK id="TL148" fromID="E31" fromText="afebrile" toID="E30" toText="elevated white blood cell" type="AFTER" />
<TLINK id="TL149" fromID="E46" fromText="white count" toID="E30" toText="elevated white blood cell" type="AFTER" />
<TLINK id="TL150" fromID="E46" fromText="white count" toID="E31" toText="afebrile" type="AFTER" />
<TLINK id="TL206" fromID="E56" fromText="her intravenous fluids" toID="E9" toText="her po intake" type="AFTER" />
<TLINK id="TL207" fromID="E57" fromText="Potassium" toID="E9" toText="her po intake" type="AFTER" />
<TLINK id="TL208" fromID="E58" fromText="phosphate" toID="E9" toText="her po intake" type="AFTER" />
<TLINK id="TL209" fromID="E57" fromText="Potassium" toID="E56" toText="her intravenous fluids" type="OVERLAP" />
<TLINK id="TL210" fromID="E56" fromText="her intravenous fluids" toID="E58" toText="phosphate" type="OVERLAP" />
<TLINK id="TL211" fromID="E57" fromText="Potassium" toID="E58" toText="phosphate" type="OVERLAP" />
<TLINK id="TL214" fromID="E38" fromText="vomiting" toID="T4" toText="24 hours" type="OVERLAP" />
<TLINK id="TL215" fromID="E40" fromText="nausea" toID="T4" toText="24 hours" type="OVERLAP" />
<TLINK id="TL216" fromID="E41" fromText="diarrhea" toID="T4" toText="24 hours" type="OVERLAP" />
<TLINK id="TL217" fromID="E42" fromText="diabetes type 1" toID="T4" toText="24 hours" type="OVERLAP" />
<TLINK id="TL218" fromID="E43" fromText="migraines" toID="T4" toText="24 hours" type="OVERLAP" />
<TLINK id="TL220" fromID="E24" fromText="admission" toID="T3" toText="the night" type="BEFORE" />
<TLINK id="TL227" fromID="E2" fromText="the Medical Intensive Care Unit" toID="T5" toText="overnight" type="OVERLAP" />
<TLINK id="TL229" fromID="E1" fromText="the floor" toID="T6" toText="every four hours" type="OVERLAP" />
<TLINK id="TL230" fromID="E20" fromText="transferred" toID="T6" toText="every four hours" type="OVERLAP" />
<TLINK id="TL231" fromID="E48" fromText="fingersticks" toID="T6" toText="every four hours" type="OVERLAP" />
<TLINK id="TL232" fromID="E62" fromText="a sliding scale" toID="T6" toText="every four hours" type="OVERLAP" />
<TLINK id="SECTIME0" fromID="E1" fromText="the floor" toID="T1" toText="2010-07-18" type="BEFORE" />
<TLINK id="SECTIME1" fromID="E2" fromText="the Medical Intensive Care Unit" toID="T2" toText="2010-07-15" type="BEFORE" />
<TLINK id="SECTIME2" fromID="E3" fromText="the Intensive Care Unit" toID="T2" toText="2010-07-15" type="BEFORE" />
<TLINK id="SECTIME3" fromID="E4" fromText="the Emergency Department" toID="T2" toText="2010-07-15" type="BEFORE" />
<TLINK id="SECTIME4" fromID="E5" fromText="denied" toID="T2" toText="2010-07-15" type="BEFORE" />
<TLINK id="SECTIME5" fromID="E5" fromText="denied" toID="T2" toText="2010-07-15" type="BEFORE" />
<TLINK id="SECTIME6" fromID="E7" fromText="states" toID="T2" toText="2010-07-15" type="BEFORE" />
<TLINK id="SECTIME7" fromID="E23" fromText="presented" toID="T2" toText="2010-07-15" type="BEFORE" />
<TLINK id="SECTIME8" fromID="E9" fromText="her po intake" toID="T1" toText="2010-07-18" type="BEFORE" />
<TLINK id="SECTIME9" fromID="E10" fromText="continued" toID="T1" toText="2010-07-18" type="BEFORE" />
<TLINK id="SECTIME10" fromID="E11" fromText="admission" toID="T1" toText="2010-07-18" type="BEFORE" />
<TLINK id="SECTIME11" fromID="E12" fromText="clear" toID="T1" toText="2010-07-18" type="BEFORE" />
<TLINK id="SECTIME12" fromID="E13" fromText="discharge" toID="T1" toText="2010-07-18" type="BEFORE" />
<TLINK id="SECTIME13" fromID="E14" fromText="completely symptom" toID="T1" toText="2010-07-18" type="BEFORE" />
<TLINK id="SECTIME14" fromID="E15" fromText="admission" toID="T1" toText="2010-07-18" type="BEFORE" />
<TLINK id="SECTIME15" fromID="E16" fromText="discharge" toID="T1" toText="2010-07-18" type="BEFORE" />
<TLINK id="SECTIME16" fromID="E17" fromText="adjusted" toID="T1" toText="2010-07-18" type="BEFORE" />
<TLINK id="SECTIME17" fromID="E18" fromText="good" toID="T1" toText="2010-07-18" type="BEFORE" />
<TLINK id="SECTIME18" fromID="E19" fromText="closed" toID="T2" toText="2010-07-15" type="BEFORE" />
<TLINK id="SECTIME19" fromID="E20" fromText="transferred" toID="T1" toText="2010-07-18" type="BEFORE" />
<TLINK id="SECTIME20" fromID="E21" fromText="admitted" toID="T2" toText="2010-07-15" type="BEFORE" />
<TLINK id="SECTIME21" fromID="E22" fromText="did well" toID="T2" toText="2010-07-15" type="BEFORE" />
<TLINK id="SECTIME22" fromID="E23" fromText="presented" toID="T2" toText="2010-07-15" type="BEFORE" />
<TLINK id="SECTIME23" fromID="E24" fromText="admission" toID="T2" toText="2010-07-15" type="BEFORE" />
<TLINK id="SECTIME24" fromID="E27" fromText="short gastrointestinal infection" toID="T1" toText="2010-07-18" type="BEFORE" />
<TLINK id="SECTIME25" fromID="E28" fromText="an elevated white count" toID="T1" toText="2010-07-18" type="BEFORE" />
<TLINK id="SECTIME26" fromID="E29" fromText="any more gastrointestinal symptoms" toID="T2" toText="2010-07-15" type="BEFORE" />
<TLINK id="SECTIME27" fromID="E30" fromText="elevated white blood cell" toID="T1" toText="2010-07-18" type="BEFORE" />
<TLINK id="SECTIME28" fromID="E31" fromText="afebrile" toID="T1" toText="2010-07-18" type="BEFORE" />
<TLINK id="SECTIME29" fromID="E32" fromText="dysuria" toID="T2" toText="2010-07-15" type="BEFORE" />
<TLINK id="SECTIME30" fromID="E33" fromText="her usual migraine headache" toID="T2" toText="2010-07-15" type="BEFORE" />
<TLINK id="SECTIME31" fromID="E34" fromText="chest pain" toID="T2" toText="2010-07-15" type="BEFORE" />
<TLINK id="SECTIME32" fromID="E35" fromText="shortness of breath" toID="T2" toText="2010-07-15" type="BEFORE" />
<TLINK id="SECTIME33" fromID="E36" fromText="fevers" toID="T2" toText="2010-07-15" type="BEFORE" />
<TLINK id="SECTIME34" fromID="E37" fromText="chills" toID="T2" toText="2010-07-15" type="BEFORE" />
<TLINK id="SECTIME35" fromID="E38" fromText="vomiting" toID="T2" toText="2010-07-15" type="BEFORE" />
<TLINK id="SECTIME36" fromID="E39" fromText="vomiting" toID="T2" toText="2010-07-15" type="BEFORE" />
<TLINK id="SECTIME37" fromID="E40" fromText="nausea" toID="T2" toText="2010-07-15" type="BEFORE" />
<TLINK id="SECTIME38" fromID="E41" fromText="diarrhea" toID="T2" toText="2010-07-15" type="BEFORE" />
<TLINK id="SECTIME39" fromID="E42" fromText="diabetes type 1" toID="T2" toText="2010-07-15" type="BEFORE" />
<TLINK id="SECTIME40" fromID="E43" fromText="migraines" toID="T2" toText="2010-07-15" type="BEFORE" />
<TLINK id="SECTIME41" fromID="E44" fromText="The patient 's electrolytes" toID="T1" toText="2010-07-18" type="BEFORE" />
<TLINK id="SECTIME42" fromID="E45" fromText="fingersticks" toID="T1" toText="2010-07-18" type="BEFORE" />
<TLINK id="SECTIME43" fromID="E46" fromText="white count" toID="T1" toText="2010-07-18" type="BEFORE" />
<TLINK id="SECTIME44" fromID="E47" fromText="her fingersticks" toID="T2" toText="2010-07-15" type="BEFORE" />
<TLINK id="SECTIME45" fromID="E48" fromText="fingersticks" toID="T1" toText="2010-07-18" type="BEFORE" />
<TLINK id="SECTIME46" fromID="E49" fromText="Chem-7 monitoring" toID="T2" toText="2010-07-15" type="BEFORE" />
<TLINK id="SECTIME47" fromID="E50" fromText="Her anion gap" toID="T2" toText="2010-07-15" type="BEFORE" />
<TLINK id="SECTIME48" fromID="E51" fromText="Her fingersticks" toID="T2" toText="2010-07-15" type="BEFORE" />
<TLINK id="SECTIME49" fromID="E52" fromText="frequent blood sugar monitoring" toID="T2" toText="2010-07-15" type="BEFORE" />
<TLINK id="SECTIME50" fromID="E53" fromText="a bicarbonate" toID="T2" toText="2010-07-15" type="BEFORE" />
<TLINK id="SECTIME51" fromID="E54" fromText="a fingerstick" toID="T2" toText="2010-07-15" type="BEFORE" />
<TLINK id="SECTIME52" fromID="E55" fromText="The patient 's arterial blood gases" toID="T2" toText="2010-07-15" type="BEFORE" />
<TLINK id="SECTIME53" fromID="E56" fromText="her intravenous fluids" toID="T1" toText="2010-07-18" type="BEFORE" />
<TLINK id="SECTIME54" fromID="E57" fromText="Potassium" toID="T1" toText="2010-07-18" type="BEFORE" />
<TLINK id="SECTIME55" fromID="E58" fromText="phosphate" toID="T1" toText="2010-07-18" type="BEFORE" />
<TLINK id="SECTIME56" fromID="E59" fromText="Sliding scale" toID="T1" toText="2010-07-18" type="BEFORE" />
<TLINK id="SECTIME57" fromID="E60" fromText="intravenous fluids" toID="T1" toText="2010-07-18" type="BEFORE" />
<TLINK id="SECTIME58" fromID="E61" fromText="her drip" toID="T2" toText="2010-07-15" type="BEFORE" />
<TLINK id="SECTIME59" fromID="E62" fromText="a sliding scale" toID="T1" toText="2010-07-18" type="BEFORE" />
<TLINK id="SECTIME60" fromID="E63" fromText="Her NPH" toID="T2" toText="2010-07-15" type="BEFORE" />
<TLINK id="SECTIME61" fromID="E64" fromText="a regular sliding scale" toID="T2" toText="2010-07-15" type="BEFORE" />
<TLINK id="SECTIME62" fromID="E65" fromText="the intravenous fluids" toID="T2" toText="2010-07-15" type="BEFORE" />
<TLINK id="SECTIME63" fromID="E66" fromText="an insulin drip" toID="T2" toText="2010-07-15" type="BEFORE" />
<TLINK id="SECTIME64" fromID="E67" fromText="a total of five liters of normal saline" toID="T2" toText="2010-07-15" type="BEFORE" />
<TLINK id="SECTIME65" fromID="E68" fromText="the insulin drip" toID="T2" toText="2010-07-15" type="BEFORE" />
<TLINK id="SECTIME66" fromID="E69" fromText="two boluses of 15 units of regular insulin" toID="T2" toText="2010-07-15" type="BEFORE" />
<TLINK id="SECTIME67" fromID="E70" fromText="an insulin drip" toID="T2" toText="2010-07-15" type="BEFORE" />
<TLINK id="SECTIME68" fromID="E71" fromText="her usual insulin regimen" toID="T2" toText="2010-07-15" type="BEFORE" />
</TAGS>
</ClinicalNarrativeTemporalAnnotation>