<?xml version="1.0" encoding="UTF-8" ?>
<ClinicalNarrativeTemporalAnnotation>
<TEXT><![CDATA[
Admission Date :
2012-05-08
Discharge Date :
2012-05-18
Service :
Neonatology
HISTORY :
Baby Barbara Stead is a term infant admitted with increasing head circumference and bruising .
He was born to a 31-year-old G1 P0 now 1 mother with unremarkable prenatal screens as follows :
O positive , antibody negative , hepatitis B surface antigen negative , RPR nonreactive , rubella immune
PREGNANCY HISTORY :
Estimated date of delivery was 2012-05-14 for estimated gestational age of 39-1/7 weeks .
Pregnancy was complicated by oligohydramnios with an AFI of 3.5 and by multiple evaluations for decreased fetal movement .
There was spontaneous onset of labor progressing through vacuum assisted vaginal delivery under epidural anesthesia .
clear amniotic fluid , no antepartum maternal fever or fetal tachycardia , no antepartum antibiotic prophylaxis .
Baby was vigorous at delivery , was bulb suction , dried , and had free flow oxygen administered briefly .
Apgars were nine and nine .
In the Newborn Nursery , he initially had a caput which increased in the amount of swelling and bruising in the subsequent 24 hours .
He was then referred to the CMED CCU for assessment and management of the increased bleeding .
SUMMARY OF HOSPITAL COURSE BY SYSTEMS :
1. Respiratory :
Patient has been on room air maintaining sats above 95% .
No apnea or bradycardia .
2. Cardiovascular :
There was an initial murmur on admission likely secondary to severe anemia which has since resolved .
He remained hemodynamically stable throughout this admission .
3. FEN :
Patient was restarted on po feeds as of day of life three after the bleeding had stabilized .
He has been taking breast milk or Enfamil 20 po adlib .
His admission weight was 3850 grams .
His weight on discharge was 4055 .
4. GI :
Given the significant amount of bleeding , baby was started prophylactically on phototherapy .
His bilirubin peaked on day of life three at 5.4 with a subsequent bilirubin of 4.6 at which time phototherapy was discontinued .
5. Hematology :
Given the rapid extension of the subgaleal bleed , coagulopathy workup was initiated revealing an elevated PTT level of 77 as well as factor 8 level that was below detection in the presence of normal factors 5 , 9 , 10 , and 11 .
He was started on a 50 units / kg bolus of factor 8 followed by continuous factor 8 infusions at 50 units / kg / day divided until hourly infusion rates at 05-10 .
Subsequent factor 8 levels varied with an initial factor 8 level of 18 after the bolus with which he received another bolus of factor 8 of 50 units / kg and increased factor 8 infusion rate to 65 units / kg / day .
As of 05-17 , he was switched over to bolus infusion in preparation of continued home factor 8 administration .
His peak level after a bolus of 75 units / kg of factor 8 was 131 .
A trough level at 20 hours after the bolus on day of discharge was 29 .
He will continue to receive factor 8 bolus q day for a total of 2-3 weeks in light of the intracranial hemorrhage , and will be followed by Hematology visiting nurse Michael Edwards level checks at home .
Currently , the infusion of factor 8 are going through a jugular Broviac which was placed on 05-15 for administration of factor .
His last PTT on 05-16 was 68.3 .
The last hematocrit was on 05-16 of 54.5 .
6. Neurology :
Baby Mary Stead initially presented with significant subgaleal bleed as well as a small subdural hemorrhage .
A repeat head CT scan on 05-15 had shown the resolution of the subdural hematoma and significant improvement of the subgaleal bleed .
His head ultrasound on 05-14 reveals no interventricular hemorrhage .
He had remained neurologically stable .
His head circumference on 05-18 was 36.5 cm with a maximum head circumference on
admission of 40.5 cm .
7. Social :
Both parents are very involved in the care of Baby Norman Stead .
They have been informed up to date on his needs , discharge from the hospital .
Teaching has been completed on the care of the Boviak as well as administration of factor 8 .
8. Sensory :
Audiology :
Hearing screen was performed automated auditory brain stem responses and Baby David Stead
passed bilaterally .
]]></TEXT>
<TAGS>
<EVENT id="E1" start="988" end="991" text="the Newborn Nursery" modality="FACTUAL" polarity="POS" type="CLINICAL_DEPT" />
<EVENT id="E2" start="1143" end="1146" text="the CMED CCU" modality="FACTUAL" polarity="POS" type="CLINICAL_DEPT" />
<EVENT id="E3" start="3909" end="3912" text="the hospital" modality="FACTUAL" polarity="POS" type="CLINICAL_DEPT" />
<EVENT id="E4" start="3334" end="3343" text="presented" modality="FACTUAL" polarity="POS" type="EVIDENTIAL" />
<EVENT id="E5" start="3453" end="3458" text="shown" modality="FACTUAL" polarity="POS" type="EVIDENTIAL" />
<EVENT id="E6" start="3894" end="3903" text="discharge" modality="FACTUAL" polarity="POS" type="OCCURRENCE" />
<EVENT id="E7" start="4133" end="4139" text="passed" modality="FACTUAL" polarity="POS" type="OCCURRENCE" />
<EVENT id="E8" start="111" end="112" text="a term" modality="FACTUAL" polarity="POS" type="OCCURRENCE" />
<EVENT id="E9" start="2701" end="2710" text="continued" modality="FACTUAL" polarity="POS" type="OCCURRENCE" />
<EVENT id="E10" start="3334" end="3343" text="presented" modality="FACTUAL" polarity="POS" type="OCCURRENCE" />
<EVENT id="E11" start="3515" end="3526" text="improvement" modality="FACTUAL" polarity="POS" type="OCCURRENCE" />
<EVENT id="E12" start="3638" end="3652" text="neurologically stable" modality="FACTUAL" polarity="POS" type="OCCURRENCE" />
<EVENT id="E13" start="3743" end="3752" text="admission" modality="FACTUAL" polarity="POS" type="OCCURRENCE" />
<EVENT id="E14" start="1630" end="1640" text="stabilized" modality="FACTUAL" polarity="POS" type="OCCURRENCE" />
<EVENT id="E15" start="1662" end="1668" text="breast" modality="FACTUAL" polarity="POS" type="OCCURRENCE" />
<EVENT id="E16" start="1751" end="1760" text="discharge" modality="FACTUAL" polarity="POS" type="OCCURRENCE" />
<EVENT id="E17" start="2651" end="2659" text="switched" modality="FACTUAL" polarity="POS" type="OCCURRENCE" />
<EVENT id="E18" start="1523" end="1527" text="this admission" modality="FACTUAL" polarity="POS" type="OCCURRENCE" />
<EVENT id="E19" start="1489" end="1504" text="hemodynamically stable" modality="FACTUAL" polarity="POS" type="OCCURRENCE" />
<EVENT id="E20" start="1406" end="1415" text="admission" modality="FACTUAL" polarity="POS" type="OCCURRENCE" />
<EVENT id="E21" start="1131" end="1139" text="referred" modality="FACTUAL" polarity="POS" type="OCCURRENCE" />
<EVENT id="E22" start="1041" end="1050" text="increased" modality="FACTUAL" polarity="POS" type="OCCURRENCE" />
<EVENT id="E23" start="871" end="879" text="delivery" modality="FACTUAL" polarity="POS" type="OCCURRENCE" />
<EVENT id="E24" start="736" end="741" text="clear" modality="FACTUAL" polarity="POS" type="OCCURRENCE" />
<EVENT id="E25" start="495" end="504" text="Pregnancy" modality="FACTUAL" polarity="POS" type="OCCURRENCE" />
<EVENT id="E26" start="423" end="431" text="delivery" modality="FACTUAL" polarity="POS" type="OCCURRENCE" />
<EVENT id="E27" start="280" end="281" text="O positive" modality="FACTUAL" polarity="POS" type="OCCURRENCE" />
<EVENT id="E28" start="191" end="195" text="born" modality="FACTUAL" polarity="POS" type="OCCURRENCE" />
<EVENT id="E29" start="125" end="133" text="admitted" modality="FACTUAL" polarity="POS" type="OCCURRENCE" />
<EVENT id="E30" start="29" end="38" text="Discharge" modality="FACTUAL" polarity="POS" type="OCCURRENCE" />
<EVENT id="E31" start="1" end="10" text="Admission" modality="FACTUAL" polarity="POS" type="OCCURRENCE" />
<EVENT id="E32" start="3477" end="3480" text="the subdural hematoma" modality="FACTUAL" polarity="POS" type="PROBLEM" />
<EVENT id="E33" start="3592" end="3608" text="interventricular hemorrhage" modality="FACTUAL" polarity="POS" type="PROBLEM" />
<EVENT id="E34" start="3726" end="3739" text="circumference" modality="FACTUAL" polarity="POS" type="PROBLEM" />
<EVENT id="E35" start="1613" end="1616" text="the bleeding" modality="FACTUAL" polarity="POS" type="PROBLEM" />
<EVENT id="E36" start="2027" end="2030" text="the rapid extension of the subgaleal bleed" modality="FACTUAL" polarity="POS" type="PROBLEM" />
<EVENT id="E37" start="3349" end="3360" text="significant subgaleal bleed" modality="FACTUAL" polarity="POS" type="PROBLEM" />
<EVENT id="E38" start="3388" end="3389" text="a small subdural hemorrhage" modality="FACTUAL" polarity="POS" type="PROBLEM" />
<EVENT id="E39" start="3530" end="3533" text="the subgaleal bleed" modality="FACTUAL" polarity="POS" type="PROBLEM" />
<EVENT id="E40" start="2116" end="2118" text="an elevated PTT level" modality="FACTUAL" polarity="POS" type="PROBLEM" />
<EVENT id="E41" start="2572" end="2581" text="increased" modality="FACTUAL" polarity="POS" type="PROBLEM" />
<EVENT id="E42" start="2965" end="2967" text="of the intracranial hemorrhage" modality="FACTUAL" polarity="POS" type="PROBLEM" />
<EVENT id="E43" start="1385" end="1387" text="an initial murmur" modality="FACTUAL" polarity="POS" type="PROBLEM" />
<EVENT id="E44" start="1436" end="1442" text="severe anemia" modality="FACTUAL" polarity="POS" type="PROBLEM" />
<EVENT id="E45" start="1812" end="1820" text="bleeding" modality="FACTUAL" polarity="POS" type="PROBLEM" />
<EVENT id="E46" start="1341" end="1352" text="bradycardia" modality="FACTUAL" polarity="POS" type="PROBLEM" />
<EVENT id="E47" start="1332" end="1337" text="apnea" modality="FACTUAL" polarity="POS" type="PROBLEM" />
<EVENT id="E48" start="1189" end="1192" text="the increased bleeding" modality="FACTUAL" polarity="POS" type="PROBLEM" />
<EVENT id="E49" start="1081" end="1089" text="bruising" modality="FACTUAL" polarity="POS" type="PROBLEM" />
<EVENT id="E50" start="1068" end="1076" text="swelling" modality="FACTUAL" polarity="POS" type="PROBLEM" />
<EVENT id="E51" start="1027" end="1028" text="a caput" modality="FACTUAL" polarity="POS" type="PROBLEM" />
<EVENT id="E52" start="791" end="796" text="fetal tachycardia" modality="FACTUAL" polarity="POS" type="PROBLEM" />
<EVENT id="E53" start="762" end="772" text="antepartum maternal fever" modality="FACTUAL" polarity="POS" type="PROBLEM" />
<EVENT id="E54" start="628" end="639" text="spontaneous onset of labor" modality="FACTUAL" polarity="POS" type="PROBLEM" />
<EVENT id="E55" start="591" end="600" text="decreased fetal movement" modality="FACTUAL" polarity="POS" type="PROBLEM" />
<EVENT id="E56" start="524" end="539" text="oligohydramnios" modality="FACTUAL" polarity="POS" type="PROBLEM" />
<EVENT id="E57" start="173" end="181" text="bruising" modality="FACTUAL" polarity="POS" type="PROBLEM" />
<EVENT id="E58" start="139" end="149" text="increasing head circumference" modality="FACTUAL" polarity="POS" type="PROBLEM" />
<EVENT id="E59" start="3250" end="3253" text="The last hematocrit" modality="FACTUAL" polarity="POS" type="TEST" />
<EVENT id="E60" start="3217" end="3220" text="His last PTT" modality="FACTUAL" polarity="POS" type="TEST" />
<EVENT id="E61" start="3662" end="3665" text="His head circumference" modality="FACTUAL" polarity="POS" type="TEST" />
<EVENT id="E62" start="3726" end="3739" text="circumference" modality="FACTUAL" polarity="POS" type="TEST" />
<EVENT id="E63" start="4043" end="4050" text="Hearing screen" modality="FACTUAL" polarity="POS" type="TEST" />
<EVENT id="E64" start="4091" end="4096" text="brain stem responses" modality="FACTUAL" polarity="POS" type="TEST" />
<EVENT id="E65" start="3418" end="3419" text="A repeat head CT scan" modality="FACTUAL" polarity="POS" type="TEST" />
<EVENT id="E66" start="3552" end="3555" text="His head ultrasound" modality="FACTUAL" polarity="POS" type="TEST" />
<EVENT id="E67" start="2454" end="2456" text="an initial factor" modality="FACTUAL" polarity="POS" type="TEST" />
<EVENT id="E68" start="2742" end="2745" text="His peak level" modality="FACTUAL" polarity="POS" type="TEST" />
<EVENT id="E69" start="2810" end="2811" text="A trough level" modality="FACTUAL" polarity="POS" type="TEST" />
<EVENT id="E70" start="3056" end="3063" text="Edwards level" modality="FACTUAL" polarity="POS" type="TEST" />
<EVENT id="E71" start="1929" end="1930" text="a subsequent bilirubin" modality="FACTUAL" polarity="POS" type="TEST" />
<EVENT id="E72" start="2072" end="2084" text="coagulopathy workup" modality="FACTUAL" polarity="POS" type="TEST" />
<EVENT id="E73" start="2315" end="2325" text="continuous factor" modality="FACTUAL" polarity="POS" type="TEST" />
<EVENT id="E74" start="2415" end="2425" text="Subsequent factor" modality="FACTUAL" polarity="POS" type="TEST" />
<EVENT id="E75" start="1875" end="1878" text="His bilirubin" modality="FACTUAL" polarity="POS" type="TEST" />
<EVENT id="E76" start="1737" end="1740" text="His weight" modality="FACTUAL" polarity="POS" type="TEST" />
<EVENT id="E77" start="1699" end="1702" text="His admission weight" modality="FACTUAL" polarity="POS" type="TEST" />
<EVENT id="E78" start="1312" end="1316" text="sats" modality="FACTUAL" polarity="POS" type="TEST" />
<EVENT id="E79" start="1160" end="1170" text="assessment" modality="FACTUAL" polarity="POS" type="TEST" />
<EVENT id="E80" start="957" end="963" text="Apgars" modality="FACTUAL" polarity="POS" type="TEST" />
<EVENT id="E81" start="566" end="574" text="multiple evaluations" modality="FACTUAL" polarity="POS" type="TEST" />
<EVENT id="E82" start="545" end="547" text="an AFI" modality="FACTUAL" polarity="POS" type="TEST" />
<EVENT id="E83" start="370" end="377" text="rubella immune" modality="FACTUAL" polarity="POS" type="TEST" />
<EVENT id="E84" start="352" end="355" text="RPR" modality="FACTUAL" polarity="POS" type="TEST" />
<EVENT id="E85" start="313" end="322" text="hepatitis B surface antigen" modality="FACTUAL" polarity="POS" type="TEST" />
<EVENT id="E86" start="293" end="301" text="antibody" modality="FACTUAL" polarity="POS" type="TEST" />
<EVENT id="E87" start="2763" end="2764" text="a bolus" modality="FACTUAL" polarity="POS" type="TREATMENT" />
<EVENT id="E88" start="3142" end="3143" text="a jugular" modality="FACTUAL" polarity="POS" type="TREATMENT" />
<EVENT id="E89" start="3208" end="3214" text="factor" modality="FACTUAL" polarity="POS" type="TREATMENT" />
<EVENT id="E90" start="2910" end="2916" text="factor" modality="FACTUAL" polarity="POS" type="TREATMENT" />
<EVENT id="E91" start="2716" end="2722" text="factor" modality="FACTUAL" polarity="POS" type="TREATMENT" />
<EVENT id="E92" start="2668" end="2673" text="bolus infusion" modality="FACTUAL" polarity="POS" type="TREATMENT" />
<EVENT id="E93" start="2582" end="2588" text="factor" modality="FACTUAL" polarity="POS" type="TREATMENT" />
<EVENT id="E94" start="2525" end="2532" text="another" modality="FACTUAL" polarity="POS" type="TREATMENT" />
<EVENT id="E95" start="2492" end="2495" text="the" modality="FACTUAL" polarity="POS" type="TREATMENT" />
<EVENT id="E96" start="2382" end="2388" text="hourly infusion rates" modality="FACTUAL" polarity="POS" type="TREATMENT" />
<EVENT id="E97" start="2315" end="2325" text="continuous factor" modality="FACTUAL" polarity="POS" type="TREATMENT" />
<EVENT id="E98" start="1973" end="1985" text="phototherapy" modality="FACTUAL" polarity="POS" type="TREATMENT" />
<EVENT id="E99" start="1860" end="1872" text="phototherapy" modality="FACTUAL" polarity="POS" type="TREATMENT" />
<EVENT id="E100" start="1677" end="1684" text="Enfamil" modality="FACTUAL" polarity="POS" type="TREATMENT" />
<EVENT id="E101" start="1175" end="1185" text="management" modality="FACTUAL" polarity="POS" type="TREATMENT" />
<EVENT id="E102" start="917" end="921" text="free flow oxygen" modality="FACTUAL" polarity="POS" type="TREATMENT" />
<EVENT id="E103" start="814" end="824" text="antepartum antibiotic prophylaxis" modality="FACTUAL" polarity="POS" type="TREATMENT" />
<EVENT id="E104" start="886" end="890" text="bulb suction" modality="FACTUAL" polarity="POS" type="TREATMENT" />
<EVENT id="E105" start="675" end="681" text="vacuum assisted vaginal delivery" modality="FACTUAL" polarity="POS" type="TREATMENT" />
<EVENT id="E106" start="714" end="722" text="epidural anesthesia" modality="FACTUAL" polarity="POS" type="TREATMENT" />
<TIMEX3 id="T1" start="3688" end="3690" text="05-18" type="DATE" val="2012-05-18" mod="NA" />
<TIMEX3 id="T2" start="480" end="482" text="39-1/7 weeks" type="DURATION" val="P39W" mod="APPROX" />
<TIMEX3 id="T3" start="3443" end="3445" text="05-15" type="DATE" val="2012-05-15" mod="NA" />
<TIMEX3 id="T4" start="3575" end="3577" text="05-14" type="DATE" val="2012-05-14" mod="NA" />
<TIMEX3 id="T5" start="3180" end="3182" text="05-15" type="DATE" val="2012-05-15" mod="NA" />
<TIMEX3 id="T6" start="2946" end="2947" text="2-3 weeks" type="DURATION" val="P2.5W" mod="APPROX" />
<TIMEX3 id="T7" start="3277" end="3279" text="05-16" type="DATE" val="2012-05-16" mod="NA" />
<TIMEX3 id="T8" start="3233" end="3235" text="05-16" type="DATE" val="2012-05-16" mod="NA" />
<TIMEX3 id="T9" start="2723" end="2724" text="8 administration" type="DATE" val="NONE" mod="NA" />
<TIMEX3 id="T10" start="2636" end="2638" text="05-17" type="DATE" val="2012-05-17" mod="NA" />
<TIMEX3 id="T11" start="2925" end="2926" text="q day" type="FREQUENCY" val="RP24H" mod="NA" />
<TIMEX3 id="T12" start="2828" end="2830" text="20 hours" type="DURATION" val="PT20H" mod="NA" />
<TIMEX3 id="T13" start="1589" end="1592" text="day of life three" type="DATE" val="2012-05-11" mod="NA" />
<TIMEX3 id="T14" start="1108" end="1110" text="24 hours" type="DURATION" val="PT24H" mod="NA" />
<TIMEX3 id="T15" start="2407" end="2409" text="05-10" type="DATE" val="2012-05-10" mod="NA" />
<TIMEX3 id="T16" start="1899" end="1902" text="day of life three" type="DATE" val="2012-05-11" mod="NA" />
<TIMEX3 id="T17" start="46" end="50" text="2012-05-18" type="DATE" val="2012-05-18" mod="NA" />
<TIMEX3 id="T18" start="18" end="22" text="2012-05-08" type="DATE" val="2012-05-08" mod="NA" />
<TIMEX3 id="T19" start="436" end="440" text="2012-05-14" type="DATE" val="2012-05-14" mod="NA" />
<SECTIME id="S0" start="17" end="21" text="2012-05-08" type="ADMISSION" dvalue="2012-05-08" />
<SECTIME id="S1" start="45" end="49" text="2012-05-18" type="DISCHARGE" dvalue="2012-05-18" />
<TLINK id="TL0" fromID="E8" fromText="a term" toID="E29" toText="admitted" type="AFTER" />
<TLINK id="TL1" fromID="E8" fromText="a term" toID="E57" toText="bruising" type="AFTER" />
<TLINK id="TL2" fromID="E8" fromText="a term" toID="E58" toText="increasing head circumference" type="AFTER" />
<TLINK id="TL3" fromID="E29" fromText="admitted" toID="E57" toText="bruising" type="AFTER" />
<TLINK id="TL4" fromID="E29" fromText="admitted" toID="E58" toText="increasing head circumference" type="BEFORE" />
<TLINK id="TL5" fromID="E58" fromText="increasing head circumference" toID="E57" toText="bruising" type="OVERLAP" />
<TLINK id="TL6" fromID="E27" fromText="O positive" toID="E83" toText="rubella immune" type="AFTER" />
<TLINK id="TL7" fromID="E27" fromText="O positive" toID="E84" toText="RPR" type="AFTER" />
<TLINK id="TL8" fromID="E27" fromText="O positive" toID="E85" toText="hepatitis B surface antigen" type="AFTER" />
<TLINK id="TL9" fromID="E27" fromText="O positive" toID="E86" toText="antibody" type="AFTER" />
<TLINK id="TL10" fromID="E84" fromText="RPR" toID="E83" toText="rubella immune" type="AFTER" />
<TLINK id="TL11" fromID="E85" fromText="hepatitis B surface antigen" toID="E83" toText="rubella immune" type="AFTER" />
<TLINK id="TL12" fromID="E86" fromText="antibody" toID="E83" toText="rubella immune" type="AFTER" />
<TLINK id="TL13" fromID="E85" fromText="hepatitis B surface antigen" toID="E84" toText="RPR" type="AFTER" />
<TLINK id="TL14" fromID="E86" fromText="antibody" toID="E84" toText="RPR" type="AFTER" />
<TLINK id="TL15" fromID="E86" fromText="antibody" toID="E85" toText="hepatitis B surface antigen" type="AFTER" />
<TLINK id="TL26" fromID="E25" fromText="Pregnancy" toID="E55" toText="decreased fetal movement" type="AFTER" />
<TLINK id="TL27" fromID="E25" fromText="Pregnancy" toID="E56" toText="oligohydramnios" type="AFTER" />
<TLINK id="TL28" fromID="E25" fromText="Pregnancy" toID="E81" toText="multiple evaluations" type="AFTER" />
<TLINK id="TL29" fromID="E25" fromText="Pregnancy" toID="E82" toText="an AFI" type="AFTER" />
<TLINK id="TL30" fromID="E56" fromText="oligohydramnios" toID="E55" toText="decreased fetal movement" type="OVERLAP" />
<TLINK id="TL31" fromID="E81" fromText="multiple evaluations" toID="E55" toText="decreased fetal movement" type="AFTER" />
<TLINK id="TL32" fromID="E82" fromText="an AFI" toID="E55" toText="decreased fetal movement" type="AFTER" />
<TLINK id="TL33" fromID="E56" fromText="oligohydramnios" toID="E81" toText="multiple evaluations" type="AFTER" />
<TLINK id="TL34" fromID="E56" fromText="oligohydramnios" toID="E82" toText="an AFI" type="OVERLAP" />
<TLINK id="TL35" fromID="E82" fromText="an AFI" toID="E81" toText="multiple evaluations" type="OVERLAP" />
<TLINK id="TL36" fromID="E54" fromText="spontaneous onset of labor" toID="E105" toText="vacuum assisted vaginal delivery" type="AFTER" />
<TLINK id="TL37" fromID="E54" fromText="spontaneous onset of labor" toID="E106" toText="epidural anesthesia" type="AFTER" />
<TLINK id="TL38" fromID="E105" fromText="vacuum assisted vaginal delivery" toID="E106" toText="epidural anesthesia" type="OVERLAP" />
<TLINK id="TL39" fromID="E24" fromText="clear" toID="E52" toText="fetal tachycardia" type="AFTER" />
<TLINK id="TL40" fromID="E24" fromText="clear" toID="E53" toText="antepartum maternal fever" type="OVERLAP" />
<TLINK id="TL41" fromID="E24" fromText="clear" toID="E103" toText="antepartum antibiotic prophylaxis" type="AFTER" />
<TLINK id="TL42" fromID="E53" fromText="antepartum maternal fever" toID="E52" toText="fetal tachycardia" type="OVERLAP" />
<TLINK id="TL43" fromID="E52" fromText="fetal tachycardia" toID="E103" toText="antepartum antibiotic prophylaxis" type="AFTER" />
<TLINK id="TL44" fromID="E53" fromText="antepartum maternal fever" toID="E103" toText="antepartum antibiotic prophylaxis" type="OVERLAP" />
<TLINK id="TL45" fromID="E23" fromText="delivery" toID="E102" toText="free flow oxygen" type="AFTER" />
<TLINK id="TL46" fromID="E23" fromText="delivery" toID="E104" toText="bulb suction" type="AFTER" />
<TLINK id="TL47" fromID="E104" fromText="bulb suction" toID="E102" toText="free flow oxygen" type="OVERLAP" />
<TLINK id="TL48" fromID="E1" fromText="the Newborn Nursery" toID="E22" toText="increased" type="AFTER" />
<TLINK id="TL49" fromID="E1" fromText="the Newborn Nursery" toID="E49" toText="bruising" type="AFTER" />
<TLINK id="TL50" fromID="E1" fromText="the Newborn Nursery" toID="E50" toText="swelling" type="AFTER" />
<TLINK id="TL51" fromID="E1" fromText="the Newborn Nursery" toID="E51" toText="a caput" type="AFTER" />
<TLINK id="TL52" fromID="E22" fromText="increased" toID="E49" toText="bruising" type="AFTER" />
<TLINK id="TL53" fromID="E22" fromText="increased" toID="E50" toText="swelling" type="AFTER" />
<TLINK id="TL54" fromID="E51" fromText="a caput" toID="E22" toText="increased" type="AFTER" />
<TLINK id="TL55" fromID="E50" fromText="swelling" toID="E49" toText="bruising" type="OVERLAP" />
<TLINK id="TL56" fromID="E51" fromText="a caput" toID="E49" toText="bruising" type="OVERLAP" />
<TLINK id="TL57" fromID="E51" fromText="a caput" toID="E50" toText="swelling" type="OVERLAP" />
<TLINK id="TL58" fromID="E21" fromText="referred" toID="E2" toText="the CMED CCU" type="AFTER" />
<TLINK id="TL59" fromID="E2" fromText="the CMED CCU" toID="E48" toText="the increased bleeding" type="AFTER" />
<TLINK id="TL60" fromID="E2" fromText="the CMED CCU" toID="E79" toText="assessment" type="AFTER" />
<TLINK id="TL61" fromID="E2" fromText="the CMED CCU" toID="E101" toText="management" type="AFTER" />
<TLINK id="TL62" fromID="E21" fromText="referred" toID="E48" toText="the increased bleeding" type="AFTER" />
<TLINK id="TL63" fromID="E21" fromText="referred" toID="E79" toText="assessment" type="AFTER" />
<TLINK id="TL64" fromID="E21" fromText="referred" toID="E101" toText="management" type="AFTER" />
<TLINK id="TL65" fromID="E79" fromText="assessment" toID="E48" toText="the increased bleeding" type="AFTER" />
<TLINK id="TL66" fromID="E101" fromText="management" toID="E48" toText="the increased bleeding" type="AFTER" />
<TLINK id="TL67" fromID="E79" fromText="assessment" toID="E101" toText="management" type="AFTER" />
<TLINK id="TL78" fromID="E47" fromText="apnea" toID="E46" toText="bradycardia" type="AFTER" />
<TLINK id="TL80" fromID="E43" fromText="an initial murmur" toID="E20" toText="admission" type="AFTER" />
<TLINK id="TL81" fromID="E20" fromText="admission" toID="E44" toText="severe anemia" type="AFTER" />
<TLINK id="TL82" fromID="E43" fromText="an initial murmur" toID="E44" toText="severe anemia" type="OVERLAP" />
<TLINK id="TL83" fromID="E19" fromText="hemodynamically stable" toID="E18" toText="this admission" type="AFTER" />
<TLINK id="TL85" fromID="E35" fromText="the bleeding" toID="E14" toText="stabilized" type="AFTER" />
<TLINK id="TL86" fromID="E15" fromText="breast" toID="E100" toText="Enfamil" type="AFTER" />
<TLINK id="TL87" fromID="E76" fromText="His weight" toID="E16" toText="discharge" type="AFTER" />
<TLINK id="TL89" fromID="E45" fromText="bleeding" toID="E99" toText="phototherapy" type="OVERLAP" />
<TLINK id="TL90" fromID="E75" fromText="His bilirubin" toID="E71" toText="a subsequent bilirubin" type="AFTER" />
<TLINK id="TL91" fromID="E71" fromText="a subsequent bilirubin" toID="E98" toText="phototherapy" type="AFTER" />
<TLINK id="TL92" fromID="E75" fromText="His bilirubin" toID="E98" toText="phototherapy" type="AFTER" />
<TLINK id="TL96" fromID="E36" fromText="the rapid extension of the subgaleal bleed" toID="E40" toText="an elevated PTT level" type="OVERLAP" />
<TLINK id="TL97" fromID="E36" fromText="the rapid extension of the subgaleal bleed" toID="E72" toText="coagulopathy workup" type="AFTER" />
<TLINK id="TL98" fromID="E72" fromText="coagulopathy workup" toID="E40" toText="an elevated PTT level" type="AFTER" />
<TLINK id="TL99" fromID="E97" fromText="continuous factor" toID="E96" toText="hourly infusion rates" type="AFTER" />
<TLINK id="TL100" fromID="E97" fromText="continuous factor" toID="E97" toText="continuous factor" type="OVERLAP" />
<TLINK id="TL102" fromID="E67" fromText="an initial factor" toID="E41" toText="increased" type="AFTER" />
<TLINK id="TL103" fromID="E74" fromText="Subsequent factor" toID="E41" toText="increased" type="AFTER" />
<TLINK id="TL104" fromID="E41" fromText="increased" toID="E93" toText="factor" type="AFTER" />
<TLINK id="TL105" fromID="E94" fromText="another" toID="E41" toText="increased" type="AFTER" />
<TLINK id="TL106" fromID="E95" fromText="the" toID="E41" toText="increased" type="AFTER" />
<TLINK id="TL107" fromID="E74" fromText="Subsequent factor" toID="E67" toText="an initial factor" type="OVERLAP" />
<TLINK id="TL108" fromID="E67" fromText="an initial factor" toID="E93" toText="factor" type="AFTER" />
<TLINK id="TL109" fromID="E67" fromText="an initial factor" toID="E94" toText="another" type="AFTER" />
<TLINK id="TL110" fromID="E67" fromText="an initial factor" toID="E95" toText="the" type="AFTER" />
<TLINK id="TL111" fromID="E74" fromText="Subsequent factor" toID="E93" toText="factor" type="AFTER" />
<TLINK id="TL112" fromID="E74" fromText="Subsequent factor" toID="E94" toText="another" type="AFTER" />
<TLINK id="TL113" fromID="E74" fromText="Subsequent factor" toID="E95" toText="the" type="AFTER" />
<TLINK id="TL114" fromID="E94" fromText="another" toID="E93" toText="factor" type="OVERLAP" />
<TLINK id="TL115" fromID="E95" fromText="the" toID="E93" toText="factor" type="OVERLAP" />
<TLINK id="TL116" fromID="E95" fromText="the" toID="E94" toText="another" type="OVERLAP" />
<TLINK id="TL117" fromID="E17" fromText="switched" toID="E9" toText="continued" type="AFTER" />
<TLINK id="TL118" fromID="E9" fromText="continued" toID="E91" toText="factor" type="AFTER" />
<TLINK id="TL119" fromID="E92" fromText="bolus infusion" toID="E9" toText="continued" type="AFTER" />
<TLINK id="TL120" fromID="E17" fromText="switched" toID="E91" toText="factor" type="AFTER" />
<TLINK id="TL121" fromID="E17" fromText="switched" toID="E92" toText="bolus infusion" type="AFTER" />
<TLINK id="TL122" fromID="E92" fromText="bolus infusion" toID="E91" toText="factor" type="OVERLAP" />
<TLINK id="TL123" fromID="E68" fromText="His peak level" toID="E87" toText="a bolus" type="AFTER" />
<TLINK id="TL124" fromID="E42" fromText="of the intracranial hemorrhage" toID="E70" toText="Edwards level" type="AFTER" />
<TLINK id="TL125" fromID="E90" fromText="factor" toID="E42" toText="of the intracranial hemorrhage" type="AFTER" />
<TLINK id="TL126" fromID="E90" fromText="factor" toID="E70" toText="Edwards level" type="AFTER" />
<TLINK id="TL127" fromID="E88" fromText="a jugular" toID="E89" toText="factor" type="OVERLAP" />
<TLINK id="TL128" fromID="E10" fromText="presented" toID="E10" toText="presented" type="OVERLAP" />
<TLINK id="TL129" fromID="E10" fromText="presented" toID="E37" toText="significant subgaleal bleed" type="AFTER" />
<TLINK id="TL130" fromID="E10" fromText="presented" toID="E38" toText="a small subdural hemorrhage" type="AFTER" />
<TLINK id="TL133" fromID="E37" fromText="significant subgaleal bleed" toID="E38" toText="a small subdural hemorrhage" type="OVERLAP" />
<TLINK id="TL134" fromID="E5" fromText="shown" toID="E11" toText="improvement" type="AFTER" />
<TLINK id="TL135" fromID="E5" fromText="shown" toID="E32" toText="the subdural hematoma" type="AFTER" />
<TLINK id="TL136" fromID="E5" fromText="shown" toID="E39" toText="the subgaleal bleed" type="AFTER" />
<TLINK id="TL137" fromID="E65" fromText="A repeat head CT scan" toID="E5" toText="shown" type="OVERLAP" />
<TLINK id="TL138" fromID="E32" fromText="the subdural hematoma" toID="E11" toText="improvement" type="AFTER" />
<TLINK id="TL139" fromID="E11" fromText="improvement" toID="E39" toText="the subgaleal bleed" type="AFTER" />
<TLINK id="TL140" fromID="E65" fromText="A repeat head CT scan" toID="E11" toText="improvement" type="AFTER" />
<TLINK id="TL141" fromID="E32" fromText="the subdural hematoma" toID="E39" toText="the subgaleal bleed" type="OVERLAP" />
<TLINK id="TL142" fromID="E65" fromText="A repeat head CT scan" toID="E32" toText="the subdural hematoma" type="AFTER" />
<TLINK id="TL143" fromID="E65" fromText="A repeat head CT scan" toID="E39" toText="the subgaleal bleed" type="AFTER" />
<TLINK id="TL144" fromID="E66" fromText="His head ultrasound" toID="E33" toText="interventricular hemorrhage" type="OVERLAP" />
<TLINK id="TL145" fromID="E61" fromText="His head circumference" toID="E62" toText="circumference" type="AFTER" />
<TLINK id="TL146" fromID="E62" fromText="circumference" toID="E62" toText="circumference" type="OVERLAP" />
<TLINK id="TL148" fromID="E6" fromText="discharge" toID="E3" toText="the hospital" type="AFTER" />
<TLINK id="TL150" fromID="E63" fromText="Hearing screen" toID="E64" toText="brain stem responses" type="OVERLAP" />
<TLINK id="TL152" fromID="E1" fromText="the Newborn Nursery" toID="T14" toText="24 hours" type="OVERLAP" />
<TLINK id="TL154" fromID="E49" fromText="bruising" toID="T14" toText="24 hours" type="OVERLAP" />
<TLINK id="TL155" fromID="E50" fromText="swelling" toID="T14" toText="24 hours" type="OVERLAP" />
<TLINK id="TL156" fromID="E51" fromText="a caput" toID="T14" toText="24 hours" type="OVERLAP" />
<TLINK id="TL159" fromID="E71" fromText="a subsequent bilirubin" toID="T16" toText="day of life three" type="OVERLAP" />
<TLINK id="TL160" fromID="E75" fromText="His bilirubin" toID="T16" toText="day of life three" type="OVERLAP" />
<TLINK id="TL162" fromID="E97" fromText="continuous factor" toID="T15" toText="05-10" type="OVERLAP" />
<TLINK id="TL163" fromID="E96" fromText="hourly infusion rates" toID="T15" toText="05-10" type="OVERLAP" />
<TLINK id="TL169" fromID="E69" fromText="A trough level" toID="T12" toText="20 hours" type="OVERLAP" />
<TLINK id="TL170" fromID="E42" fromText="of the intracranial hemorrhage" toID="T6" toText="2-3 weeks" type="OVERLAP" />
<TLINK id="TL171" fromID="E70" fromText="Edwards level" toID="T6" toText="2-3 weeks" type="OVERLAP" />
<TLINK id="TL172" fromID="E90" fromText="factor" toID="T11" toText="q day" type="OVERLAP" />
<TLINK id="TL175" fromID="E60" fromText="His last PTT" toID="T8" toText="05-16" type="OVERLAP" />
<TLINK id="TL176" fromID="E59" fromText="The last hematocrit" toID="T7" toText="05-16" type="OVERLAP" />
<TLINK id="TL177" fromID="E5" fromText="shown" toID="T3" toText="05-15" type="OVERLAP" />
<TLINK id="TL178" fromID="E11" fromText="improvement" toID="T3" toText="05-15" type="OVERLAP" />
<TLINK id="TL179" fromID="E32" fromText="the subdural hematoma" toID="T3" toText="05-15" type="OVERLAP" />
<TLINK id="TL180" fromID="E39" fromText="the subgaleal bleed" toID="T3" toText="05-15" type="OVERLAP" />
<TLINK id="TL181" fromID="E65" fromText="A repeat head CT scan" toID="T3" toText="05-15" type="OVERLAP" />
<TLINK id="TL182" fromID="E33" fromText="interventricular hemorrhage" toID="T4" toText="05-14" type="OVERLAP" />
<TLINK id="TL183" fromID="E66" fromText="His head ultrasound" toID="T4" toText="05-14" type="OVERLAP" />
<TLINK id="TL184" fromID="E62" fromText="circumference" toID="T1" toText="05-18" type="OVERLAP" />
<TLINK id="TL185" fromID="E61" fromText="His head circumference" toID="T1" toText="05-18" type="OVERLAP" />
<TLINK id="TL187" fromID="E26" fromText="delivery" toID="E33" toText="interventricular hemorrhage" type="OVERLAP" />
<TLINK id="TL188" fromID="E26" fromText="delivery" toID="E66" toText="His head ultrasound" type="OVERLAP" />
<TLINK id="TL189" fromID="E14" fromText="stabilized" toID="E71" toText="a subsequent bilirubin" type="OVERLAP" />
<TLINK id="TL190" fromID="E14" fromText="stabilized" toID="E75" toText="His bilirubin" type="OVERLAP" />
<TLINK id="TL191" fromID="E14" fromText="stabilized" toID="E98" toText="phototherapy" type="OVERLAP" />
<TLINK id="TL192" fromID="E35" fromText="the bleeding" toID="E71" toText="a subsequent bilirubin" type="OVERLAP" />
<TLINK id="TL193" fromID="E35" fromText="the bleeding" toID="E75" toText="His bilirubin" type="OVERLAP" />
<TLINK id="TL194" fromID="E35" fromText="the bleeding" toID="E98" toText="phototherapy" type="OVERLAP" />
<TLINK id="TL195" fromID="E71" fromText="a subsequent bilirubin" toID="E14" toText="stabilized" type="OVERLAP" />
<TLINK id="TL196" fromID="E71" fromText="a subsequent bilirubin" toID="E35" toText="the bleeding" type="OVERLAP" />
<TLINK id="TL197" fromID="E75" fromText="His bilirubin" toID="E14" toText="stabilized" type="OVERLAP" />
<TLINK id="TL198" fromID="E75" fromText="His bilirubin" toID="E35" toText="the bleeding" type="OVERLAP" />
<TLINK id="TL199" fromID="E98" fromText="phototherapy" toID="E14" toText="stabilized" type="OVERLAP" />
<TLINK id="TL200" fromID="E98" fromText="phototherapy" toID="E35" toText="the bleeding" type="OVERLAP" />
<TLINK id="TL201" fromID="E88" fromText="a jugular" toID="E5" toText="shown" type="OVERLAP" />
<TLINK id="TL202" fromID="E88" fromText="a jugular" toID="E11" toText="improvement" type="OVERLAP" />
<TLINK id="TL203" fromID="E88" fromText="a jugular" toID="E32" toText="the subdural hematoma" type="OVERLAP" />
<TLINK id="TL204" fromID="E88" fromText="a jugular" toID="E39" toText="the subgaleal bleed" type="OVERLAP" />
<TLINK id="TL205" fromID="E88" fromText="a jugular" toID="E65" toText="A repeat head CT scan" type="OVERLAP" />
<TLINK id="TL206" fromID="E89" fromText="factor" toID="E5" toText="shown" type="OVERLAP" />
<TLINK id="TL207" fromID="E89" fromText="factor" toID="E11" toText="improvement" type="OVERLAP" />
<TLINK id="TL208" fromID="E89" fromText="factor" toID="E32" toText="the subdural hematoma" type="OVERLAP" />
<TLINK id="TL209" fromID="E89" fromText="factor" toID="E39" toText="the subgaleal bleed" type="OVERLAP" />
<TLINK id="TL210" fromID="E89" fromText="factor" toID="E65" toText="A repeat head CT scan" type="OVERLAP" />
<TLINK id="TL211" fromID="E60" fromText="His last PTT" toID="E59" toText="The last hematocrit" type="OVERLAP" />
<TLINK id="TL212" fromID="E59" fromText="The last hematocrit" toID="E60" toText="His last PTT" type="OVERLAP" />
<TLINK id="TL213" fromID="E5" fromText="shown" toID="E88" toText="a jugular" type="OVERLAP" />
<TLINK id="TL214" fromID="E5" fromText="shown" toID="E89" toText="factor" type="OVERLAP" />
<TLINK id="TL215" fromID="E11" fromText="improvement" toID="E88" toText="a jugular" type="OVERLAP" />
<TLINK id="TL216" fromID="E11" fromText="improvement" toID="E89" toText="factor" type="OVERLAP" />
<TLINK id="TL217" fromID="E32" fromText="the subdural hematoma" toID="E88" toText="a jugular" type="OVERLAP" />
<TLINK id="TL218" fromID="E32" fromText="the subdural hematoma" toID="E89" toText="factor" type="OVERLAP" />
<TLINK id="TL219" fromID="E39" fromText="the subgaleal bleed" toID="E88" toText="a jugular" type="OVERLAP" />
<TLINK id="TL220" fromID="E39" fromText="the subgaleal bleed" toID="E89" toText="factor" type="OVERLAP" />
<TLINK id="TL221" fromID="E65" fromText="A repeat head CT scan" toID="E88" toText="a jugular" type="OVERLAP" />
<TLINK id="TL222" fromID="E65" fromText="A repeat head CT scan" toID="E89" toText="factor" type="OVERLAP" />
<TLINK id="TL223" fromID="E33" fromText="interventricular hemorrhage" toID="E26" toText="delivery" type="OVERLAP" />
<TLINK id="TL224" fromID="E66" fromText="His head ultrasound" toID="E26" toText="delivery" type="OVERLAP" />
<TLINK id="TL250" fromID="E42" fromText="of the intracranial hemorrhage" toID="T11" toText="q day" type="OVERLAP" />
<TLINK id="TL252" fromID="E70" fromText="Edwards level" toID="T11" toText="q day" type="OVERLAP" />
<TLINK id="TL253" fromID="E90" fromText="factor" toID="T6" toText="2-3 weeks" type="OVERLAP" />
<TLINK id="SECTIME0" fromID="E1" fromText="the Newborn Nursery" toID="T18" toText="2012-05-08" type="BEFORE" />
<TLINK id="SECTIME1" fromID="E2" fromText="the CMED CCU" toID="T18" toText="2012-05-08" type="BEFORE" />
<TLINK id="SECTIME2" fromID="E3" fromText="the hospital" toID="T17" toText="2012-05-18" type="BEFORE" />
<TLINK id="SECTIME3" fromID="E10" fromText="presented" toID="T17" toText="2012-05-18" type="BEFORE" />
<TLINK id="SECTIME4" fromID="E5" fromText="shown" toID="T17" toText="2012-05-18" type="BEFORE" />
<TLINK id="SECTIME5" fromID="E6" fromText="discharge" toID="T17" toText="2012-05-18" type="BEFORE" />
<TLINK id="SECTIME6" fromID="E7" fromText="passed" toID="T17" toText="2012-05-18" type="BEFORE" />
<TLINK id="SECTIME7" fromID="E9" fromText="continued" toID="T17" toText="2012-05-18" type="BEFORE" />
<TLINK id="SECTIME8" fromID="E10" fromText="presented" toID="T17" toText="2012-05-18" type="BEFORE" />
<TLINK id="SECTIME9" fromID="E11" fromText="improvement" toID="T17" toText="2012-05-18" type="BEFORE" />
<TLINK id="SECTIME10" fromID="E12" fromText="neurologically stable" toID="T17" toText="2012-05-18" type="BEFORE" />
<TLINK id="SECTIME11" fromID="E13" fromText="admission" toID="T17" toText="2012-05-18" type="BEFORE" />
<TLINK id="SECTIME12" fromID="E14" fromText="stabilized" toID="T17" toText="2012-05-18" type="BEFORE" />
<TLINK id="SECTIME13" fromID="E15" fromText="breast" toID="T17" toText="2012-05-18" type="BEFORE" />
<TLINK id="SECTIME14" fromID="E16" fromText="discharge" toID="T17" toText="2012-05-18" type="BEFORE" />
<TLINK id="SECTIME15" fromID="E17" fromText="switched" toID="T17" toText="2012-05-18" type="BEFORE" />
<TLINK id="SECTIME16" fromID="E18" fromText="this admission" toID="T17" toText="2012-05-18" type="BEFORE" />
<TLINK id="SECTIME17" fromID="E19" fromText="hemodynamically stable" toID="T17" toText="2012-05-18" type="BEFORE" />
<TLINK id="SECTIME18" fromID="E20" fromText="admission" toID="T17" toText="2012-05-18" type="BEFORE" />
<TLINK id="SECTIME19" fromID="E21" fromText="referred" toID="T18" toText="2012-05-08" type="BEFORE" />
<TLINK id="SECTIME20" fromID="E22" fromText="increased" toID="T18" toText="2012-05-08" type="BEFORE" />
<TLINK id="SECTIME21" fromID="E23" fromText="delivery" toID="T18" toText="2012-05-08" type="BEFORE" />
<TLINK id="SECTIME22" fromID="E24" fromText="clear" toID="T18" toText="2012-05-08" type="BEFORE" />
<TLINK id="SECTIME23" fromID="E25" fromText="Pregnancy" toID="T18" toText="2012-05-08" type="BEFORE" />
<TLINK id="SECTIME24" fromID="E26" fromText="delivery" toID="T18" toText="2012-05-08" type="BEFORE" />
<TLINK id="SECTIME25" fromID="E32" fromText="the subdural hematoma" toID="T17" toText="2012-05-18" type="BEFORE" />
<TLINK id="SECTIME26" fromID="E33" fromText="interventricular hemorrhage" toID="T17" toText="2012-05-18" type="BEFORE" />
<TLINK id="SECTIME27" fromID="E62" fromText="circumference" toID="T17" toText="2012-05-18" type="BEFORE" />
<TLINK id="SECTIME28" fromID="E35" fromText="the bleeding" toID="T17" toText="2012-05-18" type="BEFORE" />
<TLINK id="SECTIME29" fromID="E36" fromText="the rapid extension of the subgaleal bleed" toID="T17" toText="2012-05-18" type="BEFORE" />
<TLINK id="SECTIME30" fromID="E37" fromText="significant subgaleal bleed" toID="T17" toText="2012-05-18" type="BEFORE" />
<TLINK id="SECTIME31" fromID="E38" fromText="a small subdural hemorrhage" toID="T17" toText="2012-05-18" type="BEFORE" />
<TLINK id="SECTIME32" fromID="E39" fromText="the subgaleal bleed" toID="T17" toText="2012-05-18" type="BEFORE" />
<TLINK id="SECTIME33" fromID="E40" fromText="an elevated PTT level" toID="T17" toText="2012-05-18" type="BEFORE" />
<TLINK id="SECTIME34" fromID="E41" fromText="increased" toID="T17" toText="2012-05-18" type="BEFORE" />
<TLINK id="SECTIME35" fromID="E42" fromText="of the intracranial hemorrhage" toID="T17" toText="2012-05-18" type="BEFORE" />
<TLINK id="SECTIME36" fromID="E43" fromText="an initial murmur" toID="T17" toText="2012-05-18" type="BEFORE" />
<TLINK id="SECTIME37" fromID="E44" fromText="severe anemia" toID="T17" toText="2012-05-18" type="BEFORE" />
<TLINK id="SECTIME38" fromID="E45" fromText="bleeding" toID="T17" toText="2012-05-18" type="BEFORE" />
<TLINK id="SECTIME39" fromID="E46" fromText="bradycardia" toID="T17" toText="2012-05-18" type="BEFORE" />
<TLINK id="SECTIME40" fromID="E47" fromText="apnea" toID="T17" toText="2012-05-18" type="BEFORE" />
<TLINK id="SECTIME41" fromID="E48" fromText="the increased bleeding" toID="T18" toText="2012-05-08" type="BEFORE" />
<TLINK id="SECTIME42" fromID="E49" fromText="bruising" toID="T18" toText="2012-05-08" type="BEFORE" />
<TLINK id="SECTIME43" fromID="E50" fromText="swelling" toID="T18" toText="2012-05-08" type="BEFORE" />
<TLINK id="SECTIME44" fromID="E51" fromText="a caput" toID="T18" toText="2012-05-08" type="BEFORE" />
<TLINK id="SECTIME45" fromID="E52" fromText="fetal tachycardia" toID="T18" toText="2012-05-08" type="BEFORE" />
<TLINK id="SECTIME46" fromID="E53" fromText="antepartum maternal fever" toID="T18" toText="2012-05-08" type="BEFORE" />
<TLINK id="SECTIME47" fromID="E54" fromText="spontaneous onset of labor" toID="T18" toText="2012-05-08" type="BEFORE" />
<TLINK id="SECTIME48" fromID="E55" fromText="decreased fetal movement" toID="T18" toText="2012-05-08" type="BEFORE" />
<TLINK id="SECTIME49" fromID="E56" fromText="oligohydramnios" toID="T18" toText="2012-05-08" type="BEFORE" />
<TLINK id="SECTIME50" fromID="E59" fromText="The last hematocrit" toID="T17" toText="2012-05-18" type="BEFORE" />
<TLINK id="SECTIME51" fromID="E60" fromText="His last PTT" toID="T17" toText="2012-05-18" type="BEFORE" />
<TLINK id="SECTIME52" fromID="E61" fromText="His head circumference" toID="T17" toText="2012-05-18" type="BEFORE" />
<TLINK id="SECTIME53" fromID="E62" fromText="circumference" toID="T17" toText="2012-05-18" type="BEFORE" />
<TLINK id="SECTIME54" fromID="E63" fromText="Hearing screen" toID="T17" toText="2012-05-18" type="BEFORE" />
<TLINK id="SECTIME55" fromID="E64" fromText="brain stem responses" toID="T17" toText="2012-05-18" type="BEFORE" />
<TLINK id="SECTIME56" fromID="E65" fromText="A repeat head CT scan" toID="T17" toText="2012-05-18" type="BEFORE" />
<TLINK id="SECTIME57" fromID="E66" fromText="His head ultrasound" toID="T17" toText="2012-05-18" type="BEFORE" />
<TLINK id="SECTIME58" fromID="E67" fromText="an initial factor" toID="T17" toText="2012-05-18" type="BEFORE" />
<TLINK id="SECTIME59" fromID="E68" fromText="His peak level" toID="T17" toText="2012-05-18" type="BEFORE" />
<TLINK id="SECTIME60" fromID="E69" fromText="A trough level" toID="T17" toText="2012-05-18" type="BEFORE" />
<TLINK id="SECTIME61" fromID="E70" fromText="Edwards level" toID="T17" toText="2012-05-18" type="BEFORE" />
<TLINK id="SECTIME62" fromID="E71" fromText="a subsequent bilirubin" toID="T17" toText="2012-05-18" type="BEFORE" />
<TLINK id="SECTIME63" fromID="E72" fromText="coagulopathy workup" toID="T17" toText="2012-05-18" type="BEFORE" />
<TLINK id="SECTIME64" fromID="E97" fromText="continuous factor" toID="T17" toText="2012-05-18" type="BEFORE" />
<TLINK id="SECTIME65" fromID="E74" fromText="Subsequent factor" toID="T17" toText="2012-05-18" type="BEFORE" />
<TLINK id="SECTIME66" fromID="E75" fromText="His bilirubin" toID="T17" toText="2012-05-18" type="BEFORE" />
<TLINK id="SECTIME67" fromID="E76" fromText="His weight" toID="T17" toText="2012-05-18" type="BEFORE" />
<TLINK id="SECTIME68" fromID="E77" fromText="His admission weight" toID="T17" toText="2012-05-18" type="BEFORE" />
<TLINK id="SECTIME69" fromID="E78" fromText="sats" toID="T17" toText="2012-05-18" type="BEFORE" />
<TLINK id="SECTIME70" fromID="E79" fromText="assessment" toID="T18" toText="2012-05-08" type="BEFORE" />
<TLINK id="SECTIME71" fromID="E80" fromText="Apgars" toID="T18" toText="2012-05-08" type="BEFORE" />
<TLINK id="SECTIME72" fromID="E81" fromText="multiple evaluations" toID="T18" toText="2012-05-08" type="BEFORE" />
<TLINK id="SECTIME73" fromID="E82" fromText="an AFI" toID="T18" toText="2012-05-08" type="BEFORE" />
<TLINK id="SECTIME74" fromID="E87" fromText="a bolus" toID="T17" toText="2012-05-18" type="BEFORE" />
<TLINK id="SECTIME75" fromID="E88" fromText="a jugular" toID="T17" toText="2012-05-18" type="BEFORE" />
<TLINK id="SECTIME76" fromID="E89" fromText="factor" toID="T17" toText="2012-05-18" type="BEFORE" />
<TLINK id="SECTIME77" fromID="E90" fromText="factor" toID="T17" toText="2012-05-18" type="BEFORE" />
<TLINK id="SECTIME78" fromID="E91" fromText="factor" toID="T17" toText="2012-05-18" type="BEFORE" />
<TLINK id="SECTIME79" fromID="E92" fromText="bolus infusion" toID="T17" toText="2012-05-18" type="BEFORE" />
<TLINK id="SECTIME80" fromID="E93" fromText="factor" toID="T17" toText="2012-05-18" type="BEFORE" />
<TLINK id="SECTIME81" fromID="E94" fromText="another" toID="T17" toText="2012-05-18" type="BEFORE" />
<TLINK id="SECTIME82" fromID="E95" fromText="the" toID="T17" toText="2012-05-18" type="BEFORE" />
<TLINK id="SECTIME83" fromID="E96" fromText="hourly infusion rates" toID="T17" toText="2012-05-18" type="BEFORE" />
<TLINK id="SECTIME84" fromID="E97" fromText="continuous factor" toID="T17" toText="2012-05-18" type="BEFORE" />
<TLINK id="SECTIME85" fromID="E98" fromText="phototherapy" toID="T17" toText="2012-05-18" type="BEFORE" />
<TLINK id="SECTIME86" fromID="E99" fromText="phototherapy" toID="T17" toText="2012-05-18" type="BEFORE" />
<TLINK id="SECTIME87" fromID="E100" fromText="Enfamil" toID="T17" toText="2012-05-18" type="BEFORE" />
<TLINK id="SECTIME88" fromID="E101" fromText="management" toID="T18" toText="2012-05-08" type="BEFORE" />
<TLINK id="SECTIME89" fromID="E102" fromText="free flow oxygen" toID="T18" toText="2012-05-08" type="BEFORE" />
<TLINK id="SECTIME90" fromID="E103" fromText="antepartum antibiotic prophylaxis" toID="T18" toText="2012-05-08" type="BEFORE" />
<TLINK id="SECTIME91" fromID="E104" fromText="bulb suction" toID="T18" toText="2012-05-08" type="BEFORE" />
<TLINK id="SECTIME92" fromID="E105" fromText="vacuum assisted vaginal delivery" toID="T18" toText="2012-05-08" type="BEFORE" />
<TLINK id="SECTIME93" fromID="E106" fromText="epidural anesthesia" toID="T18" toText="2012-05-08" type="BEFORE" />
</TAGS>
</ClinicalNarrativeTemporalAnnotation>