<?xml version="1.0" encoding="UTF-8" ?>
<ClinicalNarrativeTemporalAnnotation>
<TEXT><![CDATA[
ADMISSION DATE :
20041031
DISCHARGE DATE :
20041103
ASSOCIATED PROCEDURES OR OPERATIONS :
POSTPARTUM DIAGNOSTIC PROCEDURES :
None
POSTPARTUM THERAPEUTIC PROCEDURES :
None
OTHER POSTPARTUM THERAPIES :
Routine Post Partum Care
HISTORY AND REASON FOR HOSPITALIZATION :
Premature Rupture Of Membranes
HOSPITAL COURSE ( include complications if any ) :
This 27 year old Gravida 1 Para 0000 was admitted to the Life Valley Medical Center Obstetrical service on 10/31/2004 at 08:45 pm for the indication ( s ) :
premature rupture of membranes .
She delivered a 3235 gram male infant on 11/01/2004 at 09:31 am with apgar scores of 9 and 9 at one and five minutes respectively at 39.0 weeks gestation via spontaneous vertex vaginal delivery .
During her labor she encountered the following complication ( s ) :
none .
During her delivery she encountered the following complication ( s ) :
none .
Postpartum she encountered the following complication ( s ) :
none .
She was discharged on 11/03/2004 at 11:18 am in good condition .
]]></TEXT>
<TAGS>
<EVENT id="E1" start="402" end="405" text="the Life Valley Medical Center Obstetrical service" modality="FACTUAL" polarity="POS" type="CLINICAL_DEPT" />
<EVENT id="E2" start="1005" end="1009" text="good condition" modality="FACTUAL" polarity="POS" type="OCCURRENCE" />
<EVENT id="E3" start="965" end="975" text="discharged" modality="FACTUAL" polarity="POS" type="OCCURRENCE" />
<EVENT id="E4" start="817" end="820" text="her delivery" modality="FACTUAL" polarity="POS" type="OCCURRENCE" />
<EVENT id="E5" start="543" end="552" text="delivered" modality="FACTUAL" polarity="POS" type="OCCURRENCE" />
<EVENT id="E6" start="390" end="398" text="admitted" modality="FACTUAL" polarity="POS" type="OCCURRENCE" />
<EVENT id="E7" start="27" end="36" text="DISCHARGE" modality="FACTUAL" polarity="POS" type="OCCURRENCE" />
<EVENT id="E8" start="1" end="10" text="ADMISSION" modality="FACTUAL" polarity="POS" type="OCCURRENCE" />
<EVENT id="E9" start="267" end="276" text="Premature Rupture Of Membranes" modality="FACTUAL" polarity="POS" type="PROBLEM" />
<EVENT id="E10" start="506" end="515" text="premature rupture of membranes" modality="FACTUAL" polarity="POS" type="PROBLEM" />
<EVENT id="E11" start="608" end="613" text="apgar scores" modality="FACTUAL" polarity="POS" type="TEST" />
<EVENT id="E12" start="201" end="208" text="Routine Post Partum Care" modality="FACTUAL" polarity="POS" type="TREATMENT" />
<EVENT id="E13" start="697" end="708" text="spontaneous vertex vaginal delivery" modality="FACTUAL" polarity="POS" type="TREATMENT" />
<TIMEX3 id="T1" start="677" end="682" text="0 weeks" type="DURATION" val="P0W" mod="NA" />
<TIMEX3 id="T2" start="643" end="647" text="five minutes" type="DURATION" val="PT5M" mod="NA" />
<TIMEX3 id="T3" start="580" end="582" text="11/01/2004 at 09:31 am" type="TIME" val="2004-11-01:31" mod="NA" />
<TIMEX3 id="T4" start="456" end="458" text="10/31/2004 at 08:45 pm" type="TIME" val="2004-10-31:45" mod="NA" />
<TIMEX3 id="T5" start="979" end="981" text="11/03/2004 at 11:18 am" type="TIME" val="2004-11-03:18" mod="NA" />
<TIMEX3 id="T6" start="18" end="26" text="20041031" type="DATE" val="2004-10-31" mod="NA" />
<TIMEX3 id="T7" start="44" end="52" text="20041103" type="DATE" val="2004-11-03" mod="NA" />
<SECTIME id="S0" start="17" end="25" text="20041031" type="ADMISSION" dvalue="20041031" />
<SECTIME id="S1" start="43" end="51" text="20041103" type="DISCHARGE" dvalue="20041103" />
<TLINK id="TL0" fromID="E6" fromText="admitted" toID="E1" toText="the Life Valley Medical Center Obstetrical service" type="AFTER" />
<TLINK id="TL1" fromID="E5" fromText="delivered" toID="E11" toText="apgar scores" type="AFTER" />
<TLINK id="TL2" fromID="E5" fromText="delivered" toID="E13" toText="spontaneous vertex vaginal delivery" type="AFTER" />
<TLINK id="TL3" fromID="E11" fromText="apgar scores" toID="E13" toText="spontaneous vertex vaginal delivery" type="AFTER" />
<TLINK id="TL7" fromID="E3" fromText="discharged" toID="E2" toText="good condition" type="AFTER" />
<TLINK id="TL11" fromID="E11" fromText="apgar scores" toID="T2" toText="five minutes" type="OVERLAP" />
<TLINK id="TL12" fromID="E13" fromText="spontaneous vertex vaginal delivery" toID="T1" toText="0 weeks" type="OVERLAP" />
<TLINK id="TL18" fromID="E11" fromText="apgar scores" toID="T1" toText="0 weeks" type="OVERLAP" />
<TLINK id="TL22" fromID="E13" fromText="spontaneous vertex vaginal delivery" toID="T2" toText="five minutes" type="OVERLAP" />
<TLINK id="SECTIME0" fromID="E1" fromText="the Life Valley Medical Center Obstetrical service" toID="T7" toText="20041103" type="BEFORE" />
<TLINK id="SECTIME1" fromID="E2" fromText="good condition" toID="T7" toText="20041103" type="BEFORE" />
<TLINK id="SECTIME2" fromID="E3" fromText="discharged" toID="T7" toText="20041103" type="BEFORE" />
<TLINK id="SECTIME3" fromID="E4" fromText="her delivery" toID="T7" toText="20041103" type="BEFORE" />
<TLINK id="SECTIME4" fromID="E5" fromText="delivered" toID="T7" toText="20041103" type="BEFORE" />
<TLINK id="SECTIME5" fromID="E6" fromText="admitted" toID="T7" toText="20041103" type="BEFORE" />
<TLINK id="SECTIME6" fromID="E10" fromText="Premature Rupture Of Membranes" toID="T6" toText="20041031" type="BEFORE" />
<TLINK id="SECTIME7" fromID="E10" fromText="premature rupture of membranes" toID="T7" toText="20041103" type="BEFORE" />
<TLINK id="SECTIME8" fromID="E11" fromText="apgar scores" toID="T7" toText="20041103" type="BEFORE" />
<TLINK id="SECTIME9" fromID="E13" fromText="spontaneous vertex vaginal delivery" toID="T7" toText="20041103" type="BEFORE" />
</TAGS>
</ClinicalNarrativeTemporalAnnotation>