<?xml version="1.0" encoding="UTF-8" ?>
<ClinicalNarrativeTemporalAnnotation>
<TEXT><![CDATA[
Admission Date :
12/23/2009
Discharge Date :
12/30/2009
HISTORY OF PRESENT ILLNESS :
Patient is a 64 year old white male with a past medical history of smoking , coronary artery disese , hypertension , and hypercholesterolemia with a l0 cm abdominal aortic aneurysm .
Patient presented to his private medical doctor in Gewestster with transient calf pain on walking less than fifty yards .
Abdominal aortic aneurysm was discovered on examination and patient was referred to Retelk County Medical Center .
He was admitted on 10/17/09 and echocardiogram done on 11/13/09 revealed poor left ventricular function and cardiac catheterization was done on admission which showed three vessel disease .
Patient was referred to Cardiology and underwent a three vessel coronary artery bypass graft on 11/25/09 .
His post-operative course was complicated by an E. coli urinary tract infection and transient acute renal failure with increasing creatinine .
Patient &apos;s renal function returned to normal over several days , however .
The patient &apos;s last ultrasound of his aorta revealed a l0 cm aneurysm and he presented at the time of admission for an abdominal aortic aneurysm repair .
HOSPITAL COURSE :
Patient was admitted and taken to the Operating Room the next day on 12/24/09 where patient underwent an abdominal aortic aneurysm repair .
In his post-operative course , patient was sent to the unit and was put on perioperative Vancomycin .
Post-operatively , patient was found to have frequent aberrant atrial premature beats and some rare ventricular premature beats .
His lungs were found to have decreased breath sounds with a question of fluid overload .
There was a question of whether to start him on Quinidine versus beta blockers .
An echocardiogram was obtained which showed moderate left ventricular dysfunction with hypokinetic and akinetic areas throughout the left and right ventricle .
Patient was loaded with Quinidine and then started on a maintenance dose .
Patient converted to normal sinus rhythm once on Quinidine .
Patient was discharged from the unit on 12/30/09 and was sent to the floor .
His digoxin was found to be elevated so his Digoxin was held for four days while levels slowly came down .
Patient was restarted on Digoxin just prior to discharge .
Patient also was found to have elevated LDH , alkaline phosphatase , and amylase prior to admission .
Lipase was within normal limits .
Ultrasound was obtained of the biliary tree which demonstrated no abnormalities .
Patient was also found to have several complaints of awaking in the middle of the night with tachypnea and some bilateral chest pain associated with breathing .
Serial EKG and CK were obtained which were negative .
A chest X-Ray demonstrated some pulmonary edema .
An arterial blood gas at that time showed pO2 of 68 , saturation of 95% , a pH of 7.5l , pCO2 of 37 , a bicarbonate of 37 , and a pCO2 of 3l with a +7 base .
Patient &apos;s chest X-Ray , as mentioned above , showed pulmonary edema .
Patient was aggressively diuresed with resolution of symptoms .
]]></TEXT>
<TAGS>
<EVENT id="E1" start="1237" end="1240" text="the Operating Room" modality="FACTUAL" polarity="POS" type="CLINICAL_DEPT" />
<EVENT id="E2" start="720" end="730" text="Cardiology" modality="FACTUAL" polarity="POS" type="CLINICAL_DEPT" />
<EVENT id="E3" start="2069" end="2072" text="the unit" modality="FACTUAL" polarity="POS" type="CLINICAL_DEPT" />
<EVENT id="E4" start="1394" end="1397" text="the unit" modality="FACTUAL" polarity="POS" type="CLINICAL_DEPT" />
<EVENT id="E5" start="475" end="481" text="Retelk County Medical Center" modality="FACTUAL" polarity="POS" type="CLINICAL_DEPT" />
<EVENT id="E6" start="2106" end="2109" text="the floor" modality="FACTUAL" polarity="POS" type="CLINICAL_DEPT" />
<EVENT id="E7" start="570" end="578" text="revealed" modality="FACTUAL" polarity="POS" type="EVIDENTIAL" />
<EVENT id="E8" start="277" end="286" text="presented" modality="FACTUAL" polarity="POS" type="EVIDENTIAL" />
<EVENT id="E9" start="1075" end="1083" text="revealed" modality="FACTUAL" polarity="POS" type="EVIDENTIAL" />
<EVENT id="E10" start="666" end="672" text="showed" modality="FACTUAL" polarity="POS" type="EVIDENTIAL" />
<EVENT id="E11" start="2301" end="2306" text="found" modality="FACTUAL" polarity="POS" type="EVIDENTIAL" />
<EVENT id="E12" start="2470" end="2482" text="demonstrated" modality="FACTUAL" polarity="POS" type="EVIDENTIAL" />
<EVENT id="E13" start="2519" end="2524" text="found" modality="FACTUAL" polarity="POS" type="EVIDENTIAL" />
<EVENT id="E14" start="2541" end="2551" text="complaints" modality="FACTUAL" polarity="POS" type="EVIDENTIAL" />
<EVENT id="E15" start="1108" end="1117" text="presented" modality="FACTUAL" polarity="POS" type="EVIDENTIAL" />
<EVENT id="E16" start="1476" end="1481" text="found" modality="FACTUAL" polarity="POS" type="EVIDENTIAL" />
<EVENT id="E17" start="1590" end="1595" text="found" modality="FACTUAL" polarity="POS" type="EVIDENTIAL" />
<EVENT id="E18" start="1782" end="1788" text="showed" modality="FACTUAL" polarity="POS" type="EVIDENTIAL" />
<EVENT id="E19" start="2731" end="2743" text="demonstrated" modality="FACTUAL" polarity="POS" type="EVIDENTIAL" />
<EVENT id="E20" start="2802" end="2808" text="showed" modality="FACTUAL" polarity="POS" type="EVIDENTIAL" />
<EVENT id="E21" start="2976" end="2982" text="showed" modality="FACTUAL" polarity="POS" type="EVIDENTIAL" />
<EVENT id="E22" start="29" end="38" text="Discharge" modality="FACTUAL" polarity="POS" type="OCCURRENCE" />
<EVENT id="E23" start="153" end="160" text="smoking" modality="FACTUAL" polarity="POS" type="OCCURRENCE" />
<EVENT id="E24" start="277" end="286" text="presented" modality="FACTUAL" polarity="POS" type="OCCURRENCE" />
<EVENT id="E25" start="359" end="366" text="walking" modality="FACTUAL" polarity="POS" type="OCCURRENCE" />
<EVENT id="E26" start="1" end="10" text="Admission" modality="FACTUAL" polarity="POS" type="OCCURRENCE" />
<EVENT id="E27" start="989" end="995" text="normal" modality="FACTUAL" polarity="POS" type="OCCURRENCE" />
<EVENT id="E28" start="1108" end="1117" text="presented" modality="FACTUAL" polarity="POS" type="OCCURRENCE" />
<EVENT id="E29" start="1133" end="1142" text="admission" modality="FACTUAL" polarity="POS" type="OCCURRENCE" />
<EVENT id="E30" start="1215" end="1223" text="admitted" modality="FACTUAL" polarity="POS" type="OCCURRENCE" />
<EVENT id="E31" start="513" end="521" text="admitted" modality="FACTUAL" polarity="POS" type="OCCURRENCE" />
<EVENT id="E32" start="650" end="659" text="admission" modality="FACTUAL" polarity="POS" type="OCCURRENCE" />
<EVENT id="E33" start="708" end="716" text="referred" modality="FACTUAL" polarity="POS" type="OCCURRENCE" />
<EVENT id="E34" start="803" end="806" text="His post-operative course" modality="FACTUAL" polarity="POS" type="OCCURRENCE" />
<EVENT id="E35" start="2651" end="2660" text="breathing" modality="FACTUAL" polarity="POS" type="OCCURRENCE" />
<EVENT id="E36" start="2555" end="2562" text="awaking" modality="FACTUAL" polarity="POS" type="OCCURRENCE" />
<EVENT id="E37" start="2374" end="2383" text="admission" modality="FACTUAL" polarity="POS" type="OCCURRENCE" />
<EVENT id="E38" start="2272" end="2281" text="discharge" modality="FACTUAL" polarity="POS" type="OCCURRENCE" />
<EVENT id="E39" start="2218" end="2222" text="down" modality="FACTUAL" polarity="POS" type="OCCURRENCE" />
<EVENT id="E40" start="2053" end="2063" text="discharged" modality="FACTUAL" polarity="POS" type="OCCURRENCE" />
<EVENT id="E41" start="1988" end="1997" text="converted to normal sinus rhythm" modality="FACTUAL" polarity="POS" type="OCCURRENCE" />
<EVENT id="E42" start="1365" end="1371" text="course" modality="FACTUAL" polarity="POS" type="OCCURRENCE" />
<EVENT id="E43" start="3026" end="3034" text="diuresed" modality="FACTUAL" polarity="POS" type="OCCURRENCE" />
<EVENT id="E44" start="336" end="345" text="transient calf pain" modality="FACTUAL" polarity="POS" type="PROBLEM" />
<EVENT id="E45" start="391" end="400" text="Abdominal aortic aneurysm" modality="FACTUAL" polarity="POS" type="PROBLEM" />
<EVENT id="E46" start="579" end="583" text="poor left ventricular function" modality="FACTUAL" polarity="POS" type="PROBLEM" />
<EVENT id="E47" start="673" end="678" text="three vessel disease" modality="FACTUAL" polarity="POS" type="PROBLEM" />
<EVENT id="E48" start="163" end="171" text="coronary artery disese" modality="FACTUAL" polarity="POS" type="PROBLEM" />
<EVENT id="E49" start="188" end="200" text="hypertension" modality="FACTUAL" polarity="POS" type="PROBLEM" />
<EVENT id="E50" start="207" end="227" text="hypercholesterolemia" modality="FACTUAL" polarity="POS" type="PROBLEM" />
<EVENT id="E51" start="233" end="234" text="a l0 cm abdominal aortic aneurysm" modality="FACTUAL" polarity="POS" type="PROBLEM" />
<EVENT id="E52" start="1604" end="1613" text="decreased breath sounds" modality="FACTUAL" polarity="POS" type="PROBLEM" />
<EVENT id="E53" start="1535" end="1539" text="some rare ventricular premature beats" modality="FACTUAL" polarity="POS" type="PROBLEM" />
<EVENT id="E54" start="1490" end="1498" text="frequent aberrant atrial premature beats" modality="FACTUAL" polarity="POS" type="PROBLEM" />
<EVENT id="E55" start="1084" end="1085" text="a l0 cm aneurysm" modality="FACTUAL" polarity="POS" type="PROBLEM" />
<EVENT id="E56" start="922" end="932" text="increasing creatinine" modality="FACTUAL" polarity="POS" type="PROBLEM" />
<EVENT id="E57" start="887" end="896" text="transient acute renal failure" modality="FACTUAL" polarity="POS" type="PROBLEM" />
<EVENT id="E58" start="854" end="858" text="coli urinary tract infection" modality="FACTUAL" polarity="POS" type="PROBLEM" />
<EVENT id="E59" start="848" end="850" text="an E." modality="FACTUAL" polarity="POS" type="PROBLEM" />
<EVENT id="E60" start="2609" end="2613" text="some bilateral chest pain" modality="FACTUAL" polarity="POS" type="PROBLEM" />
<EVENT id="E61" start="2595" end="2604" text="tachypnea" modality="FACTUAL" polarity="POS" type="PROBLEM" />
<EVENT id="E62" start="2486" end="2499" text="abnormalities" modality="FACTUAL" polarity="POS" type="PROBLEM" />
<EVENT id="E63" start="2315" end="2323" text="elevated LDH , alkaline phosphatase , and amylase" modality="FACTUAL" polarity="POS" type="PROBLEM" />
<EVENT id="E64" start="2146" end="2154" text="elevated" modality="FACTUAL" polarity="POS" type="PROBLEM" />
<EVENT id="E65" start="1832" end="1843" text="hypokinetic and akinetic areas throughout the left and right ventricle" modality="FACTUAL" polarity="POS" type="PROBLEM" />
<EVENT id="E66" start="1789" end="1797" text="moderate left ventricular dysfunction" modality="FACTUAL" polarity="POS" type="PROBLEM" />
<EVENT id="E67" start="1647" end="1652" text="fluid overload" modality="FACTUAL" polarity="POS" type="PROBLEM" />
<EVENT id="E68" start="3054" end="3062" text="symptoms" modality="FACTUAL" polarity="POS" type="PROBLEM" />
<EVENT id="E69" start="2744" end="2748" text="some pulmonary edema" modality="FACTUAL" polarity="POS" type="PROBLEM" />
<EVENT id="E70" start="2983" end="2992" text="pulmonary edema" modality="FACTUAL" polarity="POS" type="PROBLEM" />
<EVENT id="E71" start="614" end="621" text="cardiac catheterization" modality="FACTUAL" polarity="POS" type="TEST" />
<EVENT id="E72" start="955" end="959" text="apos;s renal function" modality="FACTUAL" polarity="POS" type="TEST" />
<EVENT id="E73" start="1039" end="1043" text="apos;s last ultrasound of his aorta" modality="FACTUAL" polarity="POS" type="TEST" />
<EVENT id="E74" start="1745" end="1747" text="An echocardiogram" modality="FACTUAL" polarity="POS" type="TEST" />
<EVENT id="E75" start="435" end="446" text="examination" modality="FACTUAL" polarity="POS" type="TEST" />
<EVENT id="E76" start="538" end="552" text="echocardiogram" modality="FACTUAL" polarity="POS" type="TEST" />
<EVENT id="E77" start="2663" end="2669" text="Serial EKG and CK" modality="FACTUAL" polarity="POS" type="TEST" />
<EVENT id="E78" start="2717" end="2718" text="A chest X-Ray" modality="FACTUAL" polarity="POS" type="TEST" />
<EVENT id="E79" start="2767" end="2769" text="An arterial blood gas" modality="FACTUAL" polarity="POS" type="TEST" />
<EVENT id="E80" start="2809" end="2812" text="pO2" modality="FACTUAL" polarity="POS" type="TEST" />
<EVENT id="E81" start="2199" end="2205" text="levels" modality="FACTUAL" polarity="POS" type="TEST" />
<EVENT id="E82" start="2330" end="2338" text="alkaline" modality="FACTUAL" polarity="POS" type="TEST" />
<EVENT id="E83" start="2386" end="2392" text="Lipase" modality="FACTUAL" polarity="POS" type="TEST" />
<EVENT id="E84" start="2420" end="2430" text="Ultrasound" modality="FACTUAL" polarity="POS" type="TEST" />
<EVENT id="E85" start="2925" end="2932" text="Patient &apos;s chest X-Ray" modality="FACTUAL" polarity="POS" type="TEST" />
<EVENT id="E86" start="2913" end="2914" text="a +7 base" modality="FACTUAL" polarity="POS" type="TEST" />
<EVENT id="E87" start="2895" end="2896" text="a pCO2" modality="FACTUAL" polarity="POS" type="TEST" />
<EVENT id="E88" start="2869" end="2870" text="a bicarbonate" modality="FACTUAL" polarity="POS" type="TEST" />
<EVENT id="E89" start="2856" end="2860" text="pCO2" modality="FACTUAL" polarity="POS" type="TEST" />
<EVENT id="E90" start="2841" end="2842" text="a pH" modality="FACTUAL" polarity="POS" type="TEST" />
<EVENT id="E91" start="2821" end="2831" text="saturation" modality="FACTUAL" polarity="POS" type="TEST" />
<EVENT id="E92" start="1712" end="1721" text="Quinidine" modality="FACTUAL" polarity="POS" type="TREATMENT" />
<EVENT id="E93" start="1418" end="1431" text="perioperative Vancomycin" modality="FACTUAL" polarity="POS" type="TREATMENT" />
<EVENT id="E94" start="1929" end="1938" text="Quinidine" modality="FACTUAL" polarity="POS" type="TREATMENT" />
<EVENT id="E95" start="1729" end="1733" text="beta blockers" modality="FACTUAL" polarity="POS" type="TREATMENT" />
<EVENT id="E96" start="745" end="746" text="a three vessel coronary artery bypass graft" modality="FACTUAL" polarity="POS" type="TREATMENT" />
<EVENT id="E97" start="1305" end="1307" text="an abdominal aortic aneurysm repair" modality="FACTUAL" polarity="POS" type="TREATMENT" />
<EVENT id="E98" start="1147" end="1149" text="an abdominal aortic aneurysm repair" modality="FACTUAL" polarity="POS" type="TREATMENT" />
<EVENT id="E99" start="2250" end="2257" text="Digoxin" modality="FACTUAL" polarity="POS" type="TREATMENT" />
<EVENT id="E100" start="1959" end="1960" text="a maintenance dose" modality="FACTUAL" polarity="POS" type="TREATMENT" />
<EVENT id="E101" start="2029" end="2038" text="Quinidine" modality="FACTUAL" polarity="POS" type="TREATMENT" />
<EVENT id="E102" start="2118" end="2121" text="His digoxin" modality="FACTUAL" polarity="POS" type="TREATMENT" />
<EVENT id="E103" start="2158" end="2161" text="his Digoxin" modality="FACTUAL" polarity="POS" type="TREATMENT" />
<TIMEX3 id="T1" start="46" end="48" text="12/30/2009" type="DATE" val="2009-12-30" mod="NA" />
<TIMEX3 id="T2" start="18" end="20" text="12/23/2009" type="DATE" val="2009-12-23" mod="NA" />
<TIMEX3 id="T3" start="561" end="563" text="11/13/09" type="DATE" val="2009-11-13" mod="NA" />
<TIMEX3 id="T4" start="525" end="527" text="10/17/09" type="DATE" val="2009-10-17" mod="NA" />
<TIMEX3 id="T5" start="1001" end="1008" text="several days" type="DURATION" val="P3D" mod="APPROX" />
<TIMEX3 id="T6" start="792" end="794" text="11/25/09" type="DATE" val="2009-11-25" mod="NA" />
<TIMEX3 id="T7" start="1256" end="1259" text="the next day" type="DATE" val="2009-12-24" mod="NA" />
<TIMEX3 id="T8" start="1121" end="1124" text="the time of admission" type="DATE" val="2009-12-23" mod="NA" />
<TIMEX3 id="T9" start="2081" end="2083" text="12/30/09" type="DATE" val="2009-12-30" mod="NA" />
<TIMEX3 id="T10" start="1272" end="1274" text="12/24/09" type="DATE" val="2009-12-24" mod="NA" />
<TIMEX3 id="T11" start="2580" end="2583" text="the night" type="DATE" val="2009-12-23" mod="END" />
<TIMEX3 id="T12" start="2183" end="2187" text="four days" type="DURATION" val="P4D" mod="NA" />
<TIMEX3 id="T13" start="2792" end="2796" text="that time" type="DATE" val="2009-12-23" mod="NA" />
<SECTIME id="S0" start="17" end="19" text="12/23/2009" type="ADMISSION" dvalue="2009-12-23" />
<SECTIME id="S1" start="45" end="47" text="12/30/2009" type="DISCHARGE" dvalue="2009-12-30" />
<TLINK id="TL0" fromID="E23" fromText="smoking" toID="E48" toText="coronary artery disese" type="AFTER" />
<TLINK id="TL1" fromID="E23" fromText="smoking" toID="E49" toText="hypertension" type="AFTER" />
<TLINK id="TL2" fromID="E23" fromText="smoking" toID="E50" toText="hypercholesterolemia" type="AFTER" />
<TLINK id="TL3" fromID="E23" fromText="smoking" toID="E51" toText="a l0 cm abdominal aortic aneurysm" type="AFTER" />
<TLINK id="TL4" fromID="E48" fromText="coronary artery disese" toID="E49" toText="hypertension" type="OVERLAP" />
<TLINK id="TL5" fromID="E48" fromText="coronary artery disese" toID="E50" toText="hypercholesterolemia" type="OVERLAP" />
<TLINK id="TL6" fromID="E48" fromText="coronary artery disese" toID="E51" toText="a l0 cm abdominal aortic aneurysm" type="OVERLAP" />
<TLINK id="TL7" fromID="E49" fromText="hypertension" toID="E50" toText="hypercholesterolemia" type="OVERLAP" />
<TLINK id="TL8" fromID="E49" fromText="hypertension" toID="E51" toText="a l0 cm abdominal aortic aneurysm" type="OVERLAP" />
<TLINK id="TL9" fromID="E50" fromText="hypercholesterolemia" toID="E51" toText="a l0 cm abdominal aortic aneurysm" type="OVERLAP" />
<TLINK id="TL10" fromID="E24" fromText="presented" toID="E24" toText="presented" type="OVERLAP" />
<TLINK id="TL11" fromID="E24" fromText="presented" toID="E25" toText="walking" type="AFTER" />
<TLINK id="TL12" fromID="E24" fromText="presented" toID="E44" toText="transient calf pain" type="AFTER" />
<TLINK id="TL15" fromID="E44" fromText="transient calf pain" toID="E25" toText="walking" type="AFTER" />
<TLINK id="TL16" fromID="E45" fromText="Abdominal aortic aneurysm" toID="E5" toText="Retelk County Medical Center" type="AFTER" />
<TLINK id="TL17" fromID="E75" fromText="examination" toID="E5" toText="Retelk County Medical Center" type="AFTER" />
<TLINK id="TL18" fromID="E45" fromText="Abdominal aortic aneurysm" toID="E75" toText="examination" type="AFTER" />
<TLINK id="TL19" fromID="E7" fromText="revealed" toID="E10" toText="showed" type="OVERLAP" />
<TLINK id="TL20" fromID="E30" fromText="admitted" toID="E7" toText="revealed" type="AFTER" />
<TLINK id="TL21" fromID="E7" fromText="revealed" toID="E32" toText="admission" type="AFTER" />
<TLINK id="TL22" fromID="E7" fromText="revealed" toID="E46" toText="poor left ventricular function" type="BEFORE" />
<TLINK id="TL23" fromID="E7" fromText="revealed" toID="E47" toText="three vessel disease" type="AFTER" />
<TLINK id="TL24" fromID="E7" fromText="revealed" toID="E71" toText="cardiac catheterization" type="AFTER" />
<TLINK id="TL25" fromID="E76" fromText="echocardiogram" toID="E7" toText="revealed" type="OVERLAP" />
<TLINK id="TL26" fromID="E30" fromText="admitted" toID="E10" toText="showed" type="AFTER" />
<TLINK id="TL27" fromID="E32" fromText="admission" toID="E10" toText="showed" type="AFTER" />
<TLINK id="TL28" fromID="E46" fromText="poor left ventricular function" toID="E10" toText="showed" type="AFTER" />
<TLINK id="TL29" fromID="E10" fromText="showed" toID="E47" toText="three vessel disease" type="BEFORE" />
<TLINK id="TL30" fromID="E71" fromText="cardiac catheterization" toID="E10" toText="showed" type="OVERLAP" />
<TLINK id="TL31" fromID="E76" fromText="echocardiogram" toID="E10" toText="showed" type="OVERLAP" />
<TLINK id="TL32" fromID="E30" fromText="admitted" toID="E32" toText="admission" type="AFTER" />
<TLINK id="TL33" fromID="E30" fromText="admitted" toID="E46" toText="poor left ventricular function" type="AFTER" />
<TLINK id="TL34" fromID="E30" fromText="admitted" toID="E47" toText="three vessel disease" type="AFTER" />
<TLINK id="TL35" fromID="E30" fromText="admitted" toID="E71" toText="cardiac catheterization" type="AFTER" />
<TLINK id="TL36" fromID="E30" fromText="admitted" toID="E76" toText="echocardiogram" type="AFTER" />
<TLINK id="TL37" fromID="E46" fromText="poor left ventricular function" toID="E32" toText="admission" type="AFTER" />
<TLINK id="TL38" fromID="E32" fromText="admission" toID="E47" toText="three vessel disease" type="AFTER" />
<TLINK id="TL39" fromID="E71" fromText="cardiac catheterization" toID="E32" toText="admission" type="AFTER" />
<TLINK id="TL40" fromID="E76" fromText="echocardiogram" toID="E32" toText="admission" type="AFTER" />
<TLINK id="TL41" fromID="E46" fromText="poor left ventricular function" toID="E47" toText="three vessel disease" type="OVERLAP" />
<TLINK id="TL42" fromID="E46" fromText="poor left ventricular function" toID="E71" toText="cardiac catheterization" type="AFTER" />
<TLINK id="TL43" fromID="E76" fromText="echocardiogram" toID="E46" toText="poor left ventricular function" type="AFTER" />
<TLINK id="TL44" fromID="E71" fromText="cardiac catheterization" toID="E47" toText="three vessel disease" type="AFTER" />
<TLINK id="TL45" fromID="E76" fromText="echocardiogram" toID="E47" toText="three vessel disease" type="AFTER" />
<TLINK id="TL46" fromID="E76" fromText="echocardiogram" toID="E71" toText="cardiac catheterization" type="OVERLAP" />
<TLINK id="TL47" fromID="E33" fromText="referred" toID="E2" toText="Cardiology" type="AFTER" />
<TLINK id="TL48" fromID="E2" fromText="Cardiology" toID="E96" toText="a three vessel coronary artery bypass graft" type="AFTER" />
<TLINK id="TL49" fromID="E33" fromText="referred" toID="E96" toText="a three vessel coronary artery bypass graft" type="AFTER" />
<TLINK id="TL50" fromID="E34" fromText="His post-operative course" toID="E56" toText="increasing creatinine" type="AFTER" />
<TLINK id="TL51" fromID="E34" fromText="His post-operative course" toID="E57" toText="transient acute renal failure" type="AFTER" />
<TLINK id="TL52" fromID="E34" fromText="His post-operative course" toID="E58" toText="coli urinary tract infection" type="AFTER" />
<TLINK id="TL53" fromID="E34" fromText="His post-operative course" toID="E59" toText="an E." type="AFTER" />
<TLINK id="TL54" fromID="E57" fromText="transient acute renal failure" toID="E56" toText="increasing creatinine" type="OVERLAP" />
<TLINK id="TL55" fromID="E58" fromText="coli urinary tract infection" toID="E56" toText="increasing creatinine" type="OVERLAP" />
<TLINK id="TL56" fromID="E59" fromText="an E." toID="E56" toText="increasing creatinine" type="OVERLAP" />
<TLINK id="TL57" fromID="E58" fromText="coli urinary tract infection" toID="E57" toText="transient acute renal failure" type="OVERLAP" />
<TLINK id="TL58" fromID="E59" fromText="an E." toID="E57" toText="transient acute renal failure" type="OVERLAP" />
<TLINK id="TL59" fromID="E59" fromText="an E." toID="E58" toText="coli urinary tract infection" type="OVERLAP" />
<TLINK id="TL60" fromID="E72" fromText="apos;s renal function" toID="E27" toText="normal" type="AFTER" />
<TLINK id="TL61" fromID="E9" fromText="revealed" toID="E28" toText="presented" type="AFTER" />
<TLINK id="TL63" fromID="E9" fromText="revealed" toID="E29" toText="admission" type="AFTER" />
<TLINK id="TL64" fromID="E9" fromText="revealed" toID="E55" toText="a l0 cm aneurysm" type="AFTER" />
<TLINK id="TL65" fromID="E73" fromText="apos;s last ultrasound of his aorta" toID="E9" toText="revealed" type="AFTER" />
<TLINK id="TL66" fromID="E9" fromText="revealed" toID="E98" toText="an abdominal aortic aneurysm repair" type="AFTER" />
<TLINK id="TL67" fromID="E28" fromText="presented" toID="E28" toText="presented" type="AFTER" />
<TLINK id="TL68" fromID="E28" fromText="presented" toID="E29" toText="admission" type="AFTER" />
<TLINK id="TL69" fromID="E55" fromText="a l0 cm aneurysm" toID="E28" toText="presented" type="AFTER" />
<TLINK id="TL70" fromID="E73" fromText="apos;s last ultrasound of his aorta" toID="E28" toText="presented" type="AFTER" />
<TLINK id="TL71" fromID="E28" fromText="presented" toID="E98" toText="an abdominal aortic aneurysm repair" type="AFTER" />
<TLINK id="TL76" fromID="E55" fromText="a l0 cm aneurysm" toID="E29" toText="admission" type="AFTER" />
<TLINK id="TL77" fromID="E73" fromText="apos;s last ultrasound of his aorta" toID="E29" toText="admission" type="AFTER" />
<TLINK id="TL78" fromID="E29" fromText="admission" toID="E98" toText="an abdominal aortic aneurysm repair" type="AFTER" />
<TLINK id="TL79" fromID="E73" fromText="apos;s last ultrasound of his aorta" toID="E55" toText="a l0 cm aneurysm" type="AFTER" />
<TLINK id="TL80" fromID="E55" fromText="a l0 cm aneurysm" toID="E98" toText="an abdominal aortic aneurysm repair" type="AFTER" />
<TLINK id="TL81" fromID="E73" fromText="apos;s last ultrasound of his aorta" toID="E98" toText="an abdominal aortic aneurysm repair" type="AFTER" />
<TLINK id="TL103" fromID="E30" fromText="admitted" toID="E1" toText="the Operating Room" type="AFTER" />
<TLINK id="TL104" fromID="E1" fromText="the Operating Room" toID="E97" toText="an abdominal aortic aneurysm repair" type="AFTER" />
<TLINK id="TL105" fromID="E30" fromText="admitted" toID="E97" toText="an abdominal aortic aneurysm repair" type="AFTER" />
<TLINK id="TL106" fromID="E42" fromText="course" toID="E4" toText="the unit" type="AFTER" />
<TLINK id="TL107" fromID="E4" fromText="the unit" toID="E93" toText="perioperative Vancomycin" type="OVERLAP" />
<TLINK id="TL108" fromID="E42" fromText="course" toID="E93" toText="perioperative Vancomycin" type="OVERLAP" />
<TLINK id="TL109" fromID="E16" fromText="found" toID="E53" toText="some rare ventricular premature beats" type="AFTER" />
<TLINK id="TL110" fromID="E16" fromText="found" toID="E54" toText="frequent aberrant atrial premature beats" type="BEFORE" />
<TLINK id="TL111" fromID="E54" fromText="frequent aberrant atrial premature beats" toID="E53" toText="some rare ventricular premature beats" type="OVERLAP" />
<TLINK id="TL112" fromID="E13" fromText="found" toID="E52" toText="decreased breath sounds" type="BEFORE" />
<TLINK id="TL113" fromID="E13" fromText="found" toID="E67" toText="fluid overload" type="AFTER" />
<TLINK id="TL114" fromID="E52" fromText="decreased breath sounds" toID="E67" toText="fluid overload" type="OVERLAP" />
<TLINK id="TL115" fromID="E92" fromText="Quinidine" toID="E95" toText="beta blockers" type="OVERLAP" />
<TLINK id="TL116" fromID="E18" fromText="showed" toID="E65" toText="hypokinetic and akinetic areas throughout the left and right ventricle" type="AFTER" />
<TLINK id="TL117" fromID="E18" fromText="showed" toID="E66" toText="moderate left ventricular dysfunction" type="BEFORE" />
<TLINK id="TL118" fromID="E74" fromText="An echocardiogram" toID="E18" toText="showed" type="OVERLAP" />
<TLINK id="TL119" fromID="E66" fromText="moderate left ventricular dysfunction" toID="E65" toText="hypokinetic and akinetic areas throughout the left and right ventricle" type="OVERLAP" />
<TLINK id="TL120" fromID="E74" fromText="An echocardiogram" toID="E65" toText="hypokinetic and akinetic areas throughout the left and right ventricle" type="AFTER" />
<TLINK id="TL121" fromID="E74" fromText="An echocardiogram" toID="E66" toText="moderate left ventricular dysfunction" type="AFTER" />
<TLINK id="TL122" fromID="E94" fromText="Quinidine" toID="E100" toText="a maintenance dose" type="OVERLAP" />
<TLINK id="TL123" fromID="E41" fromText="converted to normal sinus rhythm" toID="E101" toText="Quinidine" type="OVERLAP" />
<TLINK id="TL124" fromID="E3" fromText="the unit" toID="E6" toText="the floor" type="AFTER" />
<TLINK id="TL125" fromID="E40" fromText="discharged" toID="E3" toText="the unit" type="BEFORE" />
<TLINK id="TL126" fromID="E40" fromText="discharged" toID="E6" toText="the floor" type="AFTER" />
<TLINK id="TL127" fromID="E64" fromText="elevated" toID="E39" toText="down" type="AFTER" />
<TLINK id="TL128" fromID="E81" fromText="levels" toID="E39" toText="down" type="OVERLAP" />
<TLINK id="TL129" fromID="E102" fromText="His digoxin" toID="E39" toText="down" type="AFTER" />
<TLINK id="TL130" fromID="E103" fromText="his Digoxin" toID="E39" toText="down" type="AFTER" />
<TLINK id="TL131" fromID="E64" fromText="elevated" toID="E81" toText="levels" type="AFTER" />
<TLINK id="TL132" fromID="E102" fromText="His digoxin" toID="E64" toText="elevated" type="AFTER" />
<TLINK id="TL133" fromID="E64" fromText="elevated" toID="E103" toText="his Digoxin" type="AFTER" />
<TLINK id="TL134" fromID="E102" fromText="His digoxin" toID="E81" toText="levels" type="AFTER" />
<TLINK id="TL135" fromID="E103" fromText="his Digoxin" toID="E81" toText="levels" type="AFTER" />
<TLINK id="TL136" fromID="E102" fromText="His digoxin" toID="E103" toText="his Digoxin" type="OVERLAP" />
<TLINK id="TL137" fromID="E99" fromText="Digoxin" toID="E38" toText="discharge" type="OVERLAP" />
<TLINK id="TL138" fromID="E13" fromText="found" toID="E37" toText="admission" type="AFTER" />
<TLINK id="TL139" fromID="E13" fromText="found" toID="E63" toText="elevated LDH , alkaline phosphatase , and amylase" type="BEFORE" />
<TLINK id="TL140" fromID="E13" fromText="found" toID="E82" toText="alkaline" type="AFTER" />
<TLINK id="TL141" fromID="E63" fromText="elevated LDH , alkaline phosphatase , and amylase" toID="E37" toText="admission" type="AFTER" />
<TLINK id="TL142" fromID="E82" fromText="alkaline" toID="E37" toText="admission" type="AFTER" />
<TLINK id="TL143" fromID="E63" fromText="elevated LDH , alkaline phosphatase , and amylase" toID="E82" toText="alkaline" type="AFTER" />
<TLINK id="TL144" fromID="E12" fromText="demonstrated" toID="E62" toText="abnormalities" type="OVERLAP" />
<TLINK id="TL145" fromID="E84" fromText="Ultrasound" toID="E12" toText="demonstrated" type="OVERLAP" />
<TLINK id="TL146" fromID="E84" fromText="Ultrasound" toID="E62" toText="abnormalities" type="OVERLAP" />
<TLINK id="TL147" fromID="E13" fromText="found" toID="E14" toText="complaints" type="OVERLAP" />
<TLINK id="TL148" fromID="E13" fromText="found" toID="E35" toText="breathing" type="AFTER" />
<TLINK id="TL149" fromID="E13" fromText="found" toID="E36" toText="awaking" type="AFTER" />
<TLINK id="TL150" fromID="E13" fromText="found" toID="E60" toText="some bilateral chest pain" type="AFTER" />
<TLINK id="TL151" fromID="E13" fromText="found" toID="E61" toText="tachypnea" type="AFTER" />
<TLINK id="TL152" fromID="E14" fromText="complaints" toID="E35" toText="breathing" type="AFTER" />
<TLINK id="TL153" fromID="E14" fromText="complaints" toID="E36" toText="awaking" type="AFTER" />
<TLINK id="TL154" fromID="E14" fromText="complaints" toID="E60" toText="some bilateral chest pain" type="AFTER" />
<TLINK id="TL155" fromID="E14" fromText="complaints" toID="E61" toText="tachypnea" type="AFTER" />
<TLINK id="TL156" fromID="E36" fromText="awaking" toID="E35" toText="breathing" type="AFTER" />
<TLINK id="TL157" fromID="E60" fromText="some bilateral chest pain" toID="E35" toText="breathing" type="AFTER" />
<TLINK id="TL158" fromID="E61" fromText="tachypnea" toID="E35" toText="breathing" type="AFTER" />
<TLINK id="TL159" fromID="E36" fromText="awaking" toID="E60" toText="some bilateral chest pain" type="AFTER" />
<TLINK id="TL160" fromID="E36" fromText="awaking" toID="E61" toText="tachypnea" type="AFTER" />
<TLINK id="TL161" fromID="E61" fromText="tachypnea" toID="E60" toText="some bilateral chest pain" type="OVERLAP" />
<TLINK id="TL162" fromID="E19" fromText="demonstrated" toID="E69" toText="some pulmonary edema" type="BEFORE" />
<TLINK id="TL163" fromID="E78" fromText="A chest X-Ray" toID="E19" toText="demonstrated" type="OVERLAP" />
<TLINK id="TL164" fromID="E78" fromText="A chest X-Ray" toID="E69" toText="some pulmonary edema" type="AFTER" />
<TLINK id="TL165" fromID="E79" fromText="An arterial blood gas" toID="E20" toText="showed" type="OVERLAP" />
<TLINK id="TL166" fromID="E20" fromText="showed" toID="E80" toText="pO2" type="OVERLAP" />
<TLINK id="TL167" fromID="E20" fromText="showed" toID="E86" toText="a +7 base" type="AFTER" />
<TLINK id="TL168" fromID="E20" fromText="showed" toID="E87" toText="a pCO2" type="AFTER" />
<TLINK id="TL169" fromID="E20" fromText="showed" toID="E88" toText="a bicarbonate" type="AFTER" />
<TLINK id="TL170" fromID="E20" fromText="showed" toID="E89" toText="pCO2" type="AFTER" />
<TLINK id="TL171" fromID="E20" fromText="showed" toID="E90" toText="a pH" type="AFTER" />
<TLINK id="TL172" fromID="E20" fromText="showed" toID="E91" toText="saturation" type="AFTER" />
<TLINK id="TL173" fromID="E79" fromText="An arterial blood gas" toID="E80" toText="pO2" type="OVERLAP" />
<TLINK id="TL174" fromID="E79" fromText="An arterial blood gas" toID="E86" toText="a +7 base" type="OVERLAP" />
<TLINK id="TL175" fromID="E79" fromText="An arterial blood gas" toID="E87" toText="a pCO2" type="OVERLAP" />
<TLINK id="TL176" fromID="E79" fromText="An arterial blood gas" toID="E88" toText="a bicarbonate" type="OVERLAP" />
<TLINK id="TL177" fromID="E79" fromText="An arterial blood gas" toID="E89" toText="pCO2" type="OVERLAP" />
<TLINK id="TL178" fromID="E79" fromText="An arterial blood gas" toID="E90" toText="a pH" type="OVERLAP" />
<TLINK id="TL179" fromID="E79" fromText="An arterial blood gas" toID="E91" toText="saturation" type="OVERLAP" />
<TLINK id="TL180" fromID="E80" fromText="pO2" toID="E86" toText="a +7 base" type="OVERLAP" />
<TLINK id="TL181" fromID="E80" fromText="pO2" toID="E87" toText="a pCO2" type="OVERLAP" />
<TLINK id="TL182" fromID="E80" fromText="pO2" toID="E88" toText="a bicarbonate" type="OVERLAP" />
<TLINK id="TL183" fromID="E80" fromText="pO2" toID="E89" toText="pCO2" type="OVERLAP" />
<TLINK id="TL184" fromID="E80" fromText="pO2" toID="E90" toText="a pH" type="OVERLAP" />
<TLINK id="TL185" fromID="E80" fromText="pO2" toID="E91" toText="saturation" type="OVERLAP" />
<TLINK id="TL186" fromID="E87" fromText="a pCO2" toID="E86" toText="a +7 base" type="OVERLAP" />
<TLINK id="TL187" fromID="E88" fromText="a bicarbonate" toID="E86" toText="a +7 base" type="OVERLAP" />
<TLINK id="TL188" fromID="E89" fromText="pCO2" toID="E86" toText="a +7 base" type="OVERLAP" />
<TLINK id="TL189" fromID="E90" fromText="a pH" toID="E86" toText="a +7 base" type="OVERLAP" />
<TLINK id="TL190" fromID="E91" fromText="saturation" toID="E86" toText="a +7 base" type="OVERLAP" />
<TLINK id="TL191" fromID="E88" fromText="a bicarbonate" toID="E87" toText="a pCO2" type="OVERLAP" />
<TLINK id="TL192" fromID="E89" fromText="pCO2" toID="E87" toText="a pCO2" type="OVERLAP" />
<TLINK id="TL193" fromID="E90" fromText="a pH" toID="E87" toText="a pCO2" type="OVERLAP" />
<TLINK id="TL194" fromID="E91" fromText="saturation" toID="E87" toText="a pCO2" type="OVERLAP" />
<TLINK id="TL195" fromID="E89" fromText="pCO2" toID="E88" toText="a bicarbonate" type="OVERLAP" />
<TLINK id="TL196" fromID="E90" fromText="a pH" toID="E88" toText="a bicarbonate" type="OVERLAP" />
<TLINK id="TL197" fromID="E91" fromText="saturation" toID="E88" toText="a bicarbonate" type="OVERLAP" />
<TLINK id="TL198" fromID="E90" fromText="a pH" toID="E89" toText="pCO2" type="OVERLAP" />
<TLINK id="TL199" fromID="E91" fromText="saturation" toID="E89" toText="pCO2" type="OVERLAP" />
<TLINK id="TL200" fromID="E91" fromText="saturation" toID="E90" toText="a pH" type="OVERLAP" />
<TLINK id="TL201" fromID="E21" fromText="showed" toID="E70" toText="pulmonary edema" type="BEFORE" />
<TLINK id="TL202" fromID="E85" fromText="Patient &apos;s chest X-Ray" toID="E21" toText="showed" type="OVERLAP" />
<TLINK id="TL203" fromID="E85" fromText="Patient &apos;s chest X-Ray" toID="E70" toText="pulmonary edema" type="AFTER" />
<TLINK id="TL204" fromID="E43" fromText="diuresed" toID="E68" toText="symptoms" type="AFTER" />
<TLINK id="TL205" fromID="E7" fromText="revealed" toID="T3" toText="11/13/09" type="OVERLAP" />
<TLINK id="TL206" fromID="E10" fromText="showed" toID="T3" toText="11/13/09" type="OVERLAP" />
<TLINK id="TL207" fromID="E30" fromText="admitted" toID="T4" toText="10/17/09" type="OVERLAP" />
<TLINK id="TL208" fromID="E32" fromText="admission" toID="T3" toText="11/13/09" type="OVERLAP" />
<TLINK id="TL209" fromID="E46" fromText="poor left ventricular function" toID="T3" toText="11/13/09" type="OVERLAP" />
<TLINK id="TL210" fromID="E47" fromText="three vessel disease" toID="T3" toText="11/13/09" type="OVERLAP" />
<TLINK id="TL211" fromID="E71" fromText="cardiac catheterization" toID="T3" toText="11/13/09" type="OVERLAP" />
<TLINK id="TL212" fromID="E76" fromText="echocardiogram" toID="T3" toText="11/13/09" type="OVERLAP" />
<TLINK id="TL213" fromID="E2" fromText="Cardiology" toID="T6" toText="11/25/09" type="OVERLAP" />
<TLINK id="TL214" fromID="E33" fromText="referred" toID="T6" toText="11/25/09" type="OVERLAP" />
<TLINK id="TL216" fromID="E27" fromText="normal" toID="T5" toText="several days" type="OVERLAP" />
<TLINK id="TL218" fromID="E9" fromText="revealed" toID="T8" toText="the time of admission" type="OVERLAP" />
<TLINK id="TL219" fromID="E28" fromText="presented" toID="T8" toText="the time of admission" type="OVERLAP" />
<TLINK id="TL221" fromID="E29" fromText="admission" toID="T8" toText="the time of admission" type="OVERLAP" />
<TLINK id="TL224" fromID="E98" fromText="an abdominal aortic aneurysm repair" toID="T8" toText="the time of admission" type="OVERLAP" />
<TLINK id="TL228" fromID="E3" fromText="the unit" toID="T9" toText="12/30/09" type="OVERLAP" />
<TLINK id="TL230" fromID="E40" fromText="discharged" toID="T9" toText="12/30/09" type="OVERLAP" />
<TLINK id="TL232" fromID="E64" fromText="elevated" toID="T12" toText="four days" type="OVERLAP" />
<TLINK id="TL233" fromID="E81" fromText="levels" toID="T12" toText="four days" type="OVERLAP" />
<TLINK id="TL234" fromID="E102" fromText="His digoxin" toID="T12" toText="four days" type="OVERLAP" />
<TLINK id="TL235" fromID="E103" fromText="his Digoxin" toID="T12" toText="four days" type="OVERLAP" />
<TLINK id="TL242" fromID="E20" fromText="showed" toID="T13" toText="that time" type="OVERLAP" />
<TLINK id="TL244" fromID="E80" fromText="pO2" toID="T13" toText="that time" type="OVERLAP" />
<TLINK id="TL251" fromID="E9" fromText="revealed" toID="E13" toText="found" type="OVERLAP" />
<TLINK id="TL252" fromID="E9" fromText="revealed" toID="E14" toText="complaints" type="OVERLAP" />
<TLINK id="TL253" fromID="E9" fromText="revealed" toID="E35" toText="breathing" type="OVERLAP" />
<TLINK id="TL254" fromID="E9" fromText="revealed" toID="E36" toText="awaking" type="OVERLAP" />
<TLINK id="TL255" fromID="E9" fromText="revealed" toID="E60" toText="some bilateral chest pain" type="OVERLAP" />
<TLINK id="TL256" fromID="E9" fromText="revealed" toID="E61" toText="tachypnea" type="OVERLAP" />
<TLINK id="TL257" fromID="E9" fromText="revealed" toID="E20" toText="showed" type="OVERLAP" />
<TLINK id="TL258" fromID="E9" fromText="revealed" toID="E79" toText="An arterial blood gas" type="OVERLAP" />
<TLINK id="TL259" fromID="E9" fromText="revealed" toID="E80" toText="pO2" type="OVERLAP" />
<TLINK id="TL260" fromID="E9" fromText="revealed" toID="E86" toText="a +7 base" type="OVERLAP" />
<TLINK id="TL261" fromID="E9" fromText="revealed" toID="E87" toText="a pCO2" type="OVERLAP" />
<TLINK id="TL262" fromID="E9" fromText="revealed" toID="E88" toText="a bicarbonate" type="OVERLAP" />
<TLINK id="TL263" fromID="E9" fromText="revealed" toID="E89" toText="pCO2" type="OVERLAP" />
<TLINK id="TL264" fromID="E9" fromText="revealed" toID="E90" toText="a pH" type="OVERLAP" />
<TLINK id="TL265" fromID="E9" fromText="revealed" toID="E91" toText="saturation" type="OVERLAP" />
<TLINK id="TL266" fromID="E28" fromText="presented" toID="E13" toText="found" type="OVERLAP" />
<TLINK id="TL267" fromID="E28" fromText="presented" toID="E14" toText="complaints" type="OVERLAP" />
<TLINK id="TL268" fromID="E28" fromText="presented" toID="E35" toText="breathing" type="OVERLAP" />
<TLINK id="TL269" fromID="E28" fromText="presented" toID="E36" toText="awaking" type="OVERLAP" />
<TLINK id="TL270" fromID="E28" fromText="presented" toID="E60" toText="some bilateral chest pain" type="OVERLAP" />
<TLINK id="TL271" fromID="E28" fromText="presented" toID="E61" toText="tachypnea" type="OVERLAP" />
<TLINK id="TL272" fromID="E28" fromText="presented" toID="E20" toText="showed" type="OVERLAP" />
<TLINK id="TL273" fromID="E28" fromText="presented" toID="E79" toText="An arterial blood gas" type="OVERLAP" />
<TLINK id="TL274" fromID="E28" fromText="presented" toID="E80" toText="pO2" type="OVERLAP" />
<TLINK id="TL275" fromID="E28" fromText="presented" toID="E86" toText="a +7 base" type="OVERLAP" />
<TLINK id="TL276" fromID="E28" fromText="presented" toID="E87" toText="a pCO2" type="OVERLAP" />
<TLINK id="TL277" fromID="E28" fromText="presented" toID="E88" toText="a bicarbonate" type="OVERLAP" />
<TLINK id="TL278" fromID="E28" fromText="presented" toID="E89" toText="pCO2" type="OVERLAP" />
<TLINK id="TL279" fromID="E28" fromText="presented" toID="E90" toText="a pH" type="OVERLAP" />
<TLINK id="TL280" fromID="E28" fromText="presented" toID="E91" toText="saturation" type="OVERLAP" />
<TLINK id="TL281" fromID="E28" fromText="presented" toID="E13" toText="found" type="OVERLAP" />
<TLINK id="TL282" fromID="E28" fromText="presented" toID="E14" toText="complaints" type="OVERLAP" />
<TLINK id="TL283" fromID="E28" fromText="presented" toID="E35" toText="breathing" type="OVERLAP" />
<TLINK id="TL284" fromID="E28" fromText="presented" toID="E36" toText="awaking" type="OVERLAP" />
<TLINK id="TL285" fromID="E28" fromText="presented" toID="E60" toText="some bilateral chest pain" type="OVERLAP" />
<TLINK id="TL286" fromID="E28" fromText="presented" toID="E61" toText="tachypnea" type="OVERLAP" />
<TLINK id="TL287" fromID="E28" fromText="presented" toID="E20" toText="showed" type="OVERLAP" />
<TLINK id="TL288" fromID="E28" fromText="presented" toID="E79" toText="An arterial blood gas" type="OVERLAP" />
<TLINK id="TL289" fromID="E28" fromText="presented" toID="E80" toText="pO2" type="OVERLAP" />
<TLINK id="TL290" fromID="E28" fromText="presented" toID="E86" toText="a +7 base" type="OVERLAP" />
<TLINK id="TL291" fromID="E28" fromText="presented" toID="E87" toText="a pCO2" type="OVERLAP" />
<TLINK id="TL292" fromID="E28" fromText="presented" toID="E88" toText="a bicarbonate" type="OVERLAP" />
<TLINK id="TL293" fromID="E28" fromText="presented" toID="E89" toText="pCO2" type="OVERLAP" />
<TLINK id="TL294" fromID="E28" fromText="presented" toID="E90" toText="a pH" type="OVERLAP" />
<TLINK id="TL295" fromID="E28" fromText="presented" toID="E91" toText="saturation" type="OVERLAP" />
<TLINK id="TL296" fromID="E29" fromText="admission" toID="E13" toText="found" type="OVERLAP" />
<TLINK id="TL297" fromID="E29" fromText="admission" toID="E14" toText="complaints" type="OVERLAP" />
<TLINK id="TL298" fromID="E29" fromText="admission" toID="E35" toText="breathing" type="OVERLAP" />
<TLINK id="TL299" fromID="E29" fromText="admission" toID="E36" toText="awaking" type="OVERLAP" />
<TLINK id="TL300" fromID="E29" fromText="admission" toID="E60" toText="some bilateral chest pain" type="OVERLAP" />
<TLINK id="TL301" fromID="E29" fromText="admission" toID="E61" toText="tachypnea" type="OVERLAP" />
<TLINK id="TL302" fromID="E29" fromText="admission" toID="E20" toText="showed" type="OVERLAP" />
<TLINK id="TL303" fromID="E29" fromText="admission" toID="E79" toText="An arterial blood gas" type="OVERLAP" />
<TLINK id="TL304" fromID="E29" fromText="admission" toID="E80" toText="pO2" type="OVERLAP" />
<TLINK id="TL305" fromID="E29" fromText="admission" toID="E86" toText="a +7 base" type="OVERLAP" />
<TLINK id="TL306" fromID="E29" fromText="admission" toID="E87" toText="a pCO2" type="OVERLAP" />
<TLINK id="TL307" fromID="E29" fromText="admission" toID="E88" toText="a bicarbonate" type="OVERLAP" />
<TLINK id="TL308" fromID="E29" fromText="admission" toID="E89" toText="pCO2" type="OVERLAP" />
<TLINK id="TL309" fromID="E29" fromText="admission" toID="E90" toText="a pH" type="OVERLAP" />
<TLINK id="TL310" fromID="E29" fromText="admission" toID="E91" toText="saturation" type="OVERLAP" />
<TLINK id="TL311" fromID="E55" fromText="a l0 cm aneurysm" toID="E13" toText="found" type="OVERLAP" />
<TLINK id="TL312" fromID="E55" fromText="a l0 cm aneurysm" toID="E14" toText="complaints" type="OVERLAP" />
<TLINK id="TL313" fromID="E55" fromText="a l0 cm aneurysm" toID="E35" toText="breathing" type="OVERLAP" />
<TLINK id="TL314" fromID="E55" fromText="a l0 cm aneurysm" toID="E36" toText="awaking" type="OVERLAP" />
<TLINK id="TL315" fromID="E55" fromText="a l0 cm aneurysm" toID="E60" toText="some bilateral chest pain" type="OVERLAP" />
<TLINK id="TL316" fromID="E55" fromText="a l0 cm aneurysm" toID="E61" toText="tachypnea" type="OVERLAP" />
<TLINK id="TL317" fromID="E55" fromText="a l0 cm aneurysm" toID="E20" toText="showed" type="OVERLAP" />
<TLINK id="TL318" fromID="E55" fromText="a l0 cm aneurysm" toID="E79" toText="An arterial blood gas" type="OVERLAP" />
<TLINK id="TL319" fromID="E55" fromText="a l0 cm aneurysm" toID="E80" toText="pO2" type="OVERLAP" />
<TLINK id="TL320" fromID="E55" fromText="a l0 cm aneurysm" toID="E86" toText="a +7 base" type="OVERLAP" />
<TLINK id="TL321" fromID="E55" fromText="a l0 cm aneurysm" toID="E87" toText="a pCO2" type="OVERLAP" />
<TLINK id="TL322" fromID="E55" fromText="a l0 cm aneurysm" toID="E88" toText="a bicarbonate" type="OVERLAP" />
<TLINK id="TL323" fromID="E55" fromText="a l0 cm aneurysm" toID="E89" toText="pCO2" type="OVERLAP" />
<TLINK id="TL324" fromID="E55" fromText="a l0 cm aneurysm" toID="E90" toText="a pH" type="OVERLAP" />
<TLINK id="TL325" fromID="E55" fromText="a l0 cm aneurysm" toID="E91" toText="saturation" type="OVERLAP" />
<TLINK id="TL326" fromID="E73" fromText="apos;s last ultrasound of his aorta" toID="E13" toText="found" type="OVERLAP" />
<TLINK id="TL327" fromID="E73" fromText="apos;s last ultrasound of his aorta" toID="E14" toText="complaints" type="OVERLAP" />
<TLINK id="TL328" fromID="E73" fromText="apos;s last ultrasound of his aorta" toID="E35" toText="breathing" type="OVERLAP" />
<TLINK id="TL329" fromID="E73" fromText="apos;s last ultrasound of his aorta" toID="E36" toText="awaking" type="OVERLAP" />
<TLINK id="TL330" fromID="E73" fromText="apos;s last ultrasound of his aorta" toID="E60" toText="some bilateral chest pain" type="OVERLAP" />
<TLINK id="TL331" fromID="E73" fromText="apos;s last ultrasound of his aorta" toID="E61" toText="tachypnea" type="OVERLAP" />
<TLINK id="TL332" fromID="E73" fromText="apos;s last ultrasound of his aorta" toID="E20" toText="showed" type="OVERLAP" />
<TLINK id="TL333" fromID="E73" fromText="apos;s last ultrasound of his aorta" toID="E79" toText="An arterial blood gas" type="OVERLAP" />
<TLINK id="TL334" fromID="E73" fromText="apos;s last ultrasound of his aorta" toID="E80" toText="pO2" type="OVERLAP" />
<TLINK id="TL335" fromID="E73" fromText="apos;s last ultrasound of his aorta" toID="E86" toText="a +7 base" type="OVERLAP" />
<TLINK id="TL336" fromID="E73" fromText="apos;s last ultrasound of his aorta" toID="E87" toText="a pCO2" type="OVERLAP" />
<TLINK id="TL337" fromID="E73" fromText="apos;s last ultrasound of his aorta" toID="E88" toText="a bicarbonate" type="OVERLAP" />
<TLINK id="TL338" fromID="E73" fromText="apos;s last ultrasound of his aorta" toID="E89" toText="pCO2" type="OVERLAP" />
<TLINK id="TL339" fromID="E73" fromText="apos;s last ultrasound of his aorta" toID="E90" toText="a pH" type="OVERLAP" />
<TLINK id="TL340" fromID="E73" fromText="apos;s last ultrasound of his aorta" toID="E91" toText="saturation" type="OVERLAP" />
<TLINK id="TL341" fromID="E98" fromText="an abdominal aortic aneurysm repair" toID="E13" toText="found" type="OVERLAP" />
<TLINK id="TL342" fromID="E98" fromText="an abdominal aortic aneurysm repair" toID="E14" toText="complaints" type="OVERLAP" />
<TLINK id="TL343" fromID="E98" fromText="an abdominal aortic aneurysm repair" toID="E35" toText="breathing" type="OVERLAP" />
<TLINK id="TL344" fromID="E98" fromText="an abdominal aortic aneurysm repair" toID="E36" toText="awaking" type="OVERLAP" />
<TLINK id="TL345" fromID="E98" fromText="an abdominal aortic aneurysm repair" toID="E60" toText="some bilateral chest pain" type="OVERLAP" />
<TLINK id="TL346" fromID="E98" fromText="an abdominal aortic aneurysm repair" toID="E61" toText="tachypnea" type="OVERLAP" />
<TLINK id="TL347" fromID="E98" fromText="an abdominal aortic aneurysm repair" toID="E20" toText="showed" type="OVERLAP" />
<TLINK id="TL348" fromID="E98" fromText="an abdominal aortic aneurysm repair" toID="E79" toText="An arterial blood gas" type="OVERLAP" />
<TLINK id="TL349" fromID="E98" fromText="an abdominal aortic aneurysm repair" toID="E80" toText="pO2" type="OVERLAP" />
<TLINK id="TL350" fromID="E98" fromText="an abdominal aortic aneurysm repair" toID="E86" toText="a +7 base" type="OVERLAP" />
<TLINK id="TL351" fromID="E98" fromText="an abdominal aortic aneurysm repair" toID="E87" toText="a pCO2" type="OVERLAP" />
<TLINK id="TL352" fromID="E98" fromText="an abdominal aortic aneurysm repair" toID="E88" toText="a bicarbonate" type="OVERLAP" />
<TLINK id="TL353" fromID="E98" fromText="an abdominal aortic aneurysm repair" toID="E89" toText="pCO2" type="OVERLAP" />
<TLINK id="TL354" fromID="E98" fromText="an abdominal aortic aneurysm repair" toID="E90" toText="a pH" type="OVERLAP" />
<TLINK id="TL355" fromID="E98" fromText="an abdominal aortic aneurysm repair" toID="E91" toText="saturation" type="OVERLAP" />
<TLINK id="TL356" fromID="E13" fromText="found" toID="E9" toText="revealed" type="OVERLAP" />
<TLINK id="TL357" fromID="E13" fromText="found" toID="E28" toText="presented" type="OVERLAP" />
<TLINK id="TL358" fromID="E13" fromText="found" toID="E28" toText="presented" type="OVERLAP" />
<TLINK id="TL359" fromID="E13" fromText="found" toID="E29" toText="admission" type="OVERLAP" />
<TLINK id="TL360" fromID="E13" fromText="found" toID="E55" toText="a l0 cm aneurysm" type="OVERLAP" />
<TLINK id="TL361" fromID="E13" fromText="found" toID="E73" toText="apos;s last ultrasound of his aorta" type="OVERLAP" />
<TLINK id="TL362" fromID="E13" fromText="found" toID="E98" toText="an abdominal aortic aneurysm repair" type="OVERLAP" />
<TLINK id="TL363" fromID="E13" fromText="found" toID="E20" toText="showed" type="OVERLAP" />
<TLINK id="TL364" fromID="E13" fromText="found" toID="E79" toText="An arterial blood gas" type="OVERLAP" />
<TLINK id="TL365" fromID="E13" fromText="found" toID="E80" toText="pO2" type="OVERLAP" />
<TLINK id="TL366" fromID="E13" fromText="found" toID="E86" toText="a +7 base" type="OVERLAP" />
<TLINK id="TL367" fromID="E13" fromText="found" toID="E87" toText="a pCO2" type="OVERLAP" />
<TLINK id="TL368" fromID="E13" fromText="found" toID="E88" toText="a bicarbonate" type="OVERLAP" />
<TLINK id="TL369" fromID="E13" fromText="found" toID="E89" toText="pCO2" type="OVERLAP" />
<TLINK id="TL370" fromID="E13" fromText="found" toID="E90" toText="a pH" type="OVERLAP" />
<TLINK id="TL371" fromID="E13" fromText="found" toID="E91" toText="saturation" type="OVERLAP" />
<TLINK id="TL372" fromID="E14" fromText="complaints" toID="E9" toText="revealed" type="OVERLAP" />
<TLINK id="TL373" fromID="E14" fromText="complaints" toID="E28" toText="presented" type="OVERLAP" />
<TLINK id="TL374" fromID="E14" fromText="complaints" toID="E28" toText="presented" type="OVERLAP" />
<TLINK id="TL375" fromID="E14" fromText="complaints" toID="E29" toText="admission" type="OVERLAP" />
<TLINK id="TL376" fromID="E14" fromText="complaints" toID="E55" toText="a l0 cm aneurysm" type="OVERLAP" />
<TLINK id="TL377" fromID="E14" fromText="complaints" toID="E73" toText="apos;s last ultrasound of his aorta" type="OVERLAP" />
<TLINK id="TL378" fromID="E14" fromText="complaints" toID="E98" toText="an abdominal aortic aneurysm repair" type="OVERLAP" />
<TLINK id="TL379" fromID="E14" fromText="complaints" toID="E20" toText="showed" type="OVERLAP" />
<TLINK id="TL380" fromID="E14" fromText="complaints" toID="E79" toText="An arterial blood gas" type="OVERLAP" />
<TLINK id="TL381" fromID="E14" fromText="complaints" toID="E80" toText="pO2" type="OVERLAP" />
<TLINK id="TL382" fromID="E14" fromText="complaints" toID="E86" toText="a +7 base" type="OVERLAP" />
<TLINK id="TL383" fromID="E14" fromText="complaints" toID="E87" toText="a pCO2" type="OVERLAP" />
<TLINK id="TL384" fromID="E14" fromText="complaints" toID="E88" toText="a bicarbonate" type="OVERLAP" />
<TLINK id="TL385" fromID="E14" fromText="complaints" toID="E89" toText="pCO2" type="OVERLAP" />
<TLINK id="TL386" fromID="E14" fromText="complaints" toID="E90" toText="a pH" type="OVERLAP" />
<TLINK id="TL387" fromID="E14" fromText="complaints" toID="E91" toText="saturation" type="OVERLAP" />
<TLINK id="TL388" fromID="E35" fromText="breathing" toID="E9" toText="revealed" type="OVERLAP" />
<TLINK id="TL389" fromID="E35" fromText="breathing" toID="E28" toText="presented" type="OVERLAP" />
<TLINK id="TL390" fromID="E35" fromText="breathing" toID="E28" toText="presented" type="OVERLAP" />
<TLINK id="TL391" fromID="E35" fromText="breathing" toID="E29" toText="admission" type="OVERLAP" />
<TLINK id="TL392" fromID="E35" fromText="breathing" toID="E55" toText="a l0 cm aneurysm" type="OVERLAP" />
<TLINK id="TL393" fromID="E35" fromText="breathing" toID="E73" toText="apos;s last ultrasound of his aorta" type="OVERLAP" />
<TLINK id="TL394" fromID="E35" fromText="breathing" toID="E98" toText="an abdominal aortic aneurysm repair" type="OVERLAP" />
<TLINK id="TL395" fromID="E35" fromText="breathing" toID="E20" toText="showed" type="OVERLAP" />
<TLINK id="TL396" fromID="E35" fromText="breathing" toID="E79" toText="An arterial blood gas" type="OVERLAP" />
<TLINK id="TL397" fromID="E35" fromText="breathing" toID="E80" toText="pO2" type="OVERLAP" />
<TLINK id="TL398" fromID="E35" fromText="breathing" toID="E86" toText="a +7 base" type="OVERLAP" />
<TLINK id="TL399" fromID="E35" fromText="breathing" toID="E87" toText="a pCO2" type="OVERLAP" />
<TLINK id="TL400" fromID="E35" fromText="breathing" toID="E88" toText="a bicarbonate" type="OVERLAP" />
<TLINK id="TL401" fromID="E35" fromText="breathing" toID="E89" toText="pCO2" type="OVERLAP" />
<TLINK id="TL402" fromID="E35" fromText="breathing" toID="E90" toText="a pH" type="OVERLAP" />
<TLINK id="TL403" fromID="E35" fromText="breathing" toID="E91" toText="saturation" type="OVERLAP" />
<TLINK id="TL404" fromID="E36" fromText="awaking" toID="E9" toText="revealed" type="OVERLAP" />
<TLINK id="TL405" fromID="E36" fromText="awaking" toID="E28" toText="presented" type="OVERLAP" />
<TLINK id="TL406" fromID="E36" fromText="awaking" toID="E28" toText="presented" type="OVERLAP" />
<TLINK id="TL407" fromID="E36" fromText="awaking" toID="E29" toText="admission" type="OVERLAP" />
<TLINK id="TL408" fromID="E36" fromText="awaking" toID="E55" toText="a l0 cm aneurysm" type="OVERLAP" />
<TLINK id="TL409" fromID="E36" fromText="awaking" toID="E73" toText="apos;s last ultrasound of his aorta" type="OVERLAP" />
<TLINK id="TL410" fromID="E36" fromText="awaking" toID="E98" toText="an abdominal aortic aneurysm repair" type="OVERLAP" />
<TLINK id="TL411" fromID="E36" fromText="awaking" toID="E20" toText="showed" type="OVERLAP" />
<TLINK id="TL412" fromID="E36" fromText="awaking" toID="E79" toText="An arterial blood gas" type="OVERLAP" />
<TLINK id="TL413" fromID="E36" fromText="awaking" toID="E80" toText="pO2" type="OVERLAP" />
<TLINK id="TL414" fromID="E36" fromText="awaking" toID="E86" toText="a +7 base" type="OVERLAP" />
<TLINK id="TL415" fromID="E36" fromText="awaking" toID="E87" toText="a pCO2" type="OVERLAP" />
<TLINK id="TL416" fromID="E36" fromText="awaking" toID="E88" toText="a bicarbonate" type="OVERLAP" />
<TLINK id="TL417" fromID="E36" fromText="awaking" toID="E89" toText="pCO2" type="OVERLAP" />
<TLINK id="TL418" fromID="E36" fromText="awaking" toID="E90" toText="a pH" type="OVERLAP" />
<TLINK id="TL419" fromID="E36" fromText="awaking" toID="E91" toText="saturation" type="OVERLAP" />
<TLINK id="TL420" fromID="E60" fromText="some bilateral chest pain" toID="E9" toText="revealed" type="OVERLAP" />
<TLINK id="TL421" fromID="E60" fromText="some bilateral chest pain" toID="E28" toText="presented" type="OVERLAP" />
<TLINK id="TL422" fromID="E60" fromText="some bilateral chest pain" toID="E28" toText="presented" type="OVERLAP" />
<TLINK id="TL423" fromID="E60" fromText="some bilateral chest pain" toID="E29" toText="admission" type="OVERLAP" />
<TLINK id="TL424" fromID="E60" fromText="some bilateral chest pain" toID="E55" toText="a l0 cm aneurysm" type="OVERLAP" />
<TLINK id="TL425" fromID="E60" fromText="some bilateral chest pain" toID="E73" toText="apos;s last ultrasound of his aorta" type="OVERLAP" />
<TLINK id="TL426" fromID="E60" fromText="some bilateral chest pain" toID="E98" toText="an abdominal aortic aneurysm repair" type="OVERLAP" />
<TLINK id="TL427" fromID="E60" fromText="some bilateral chest pain" toID="E20" toText="showed" type="OVERLAP" />
<TLINK id="TL428" fromID="E60" fromText="some bilateral chest pain" toID="E79" toText="An arterial blood gas" type="OVERLAP" />
<TLINK id="TL429" fromID="E60" fromText="some bilateral chest pain" toID="E80" toText="pO2" type="OVERLAP" />
<TLINK id="TL430" fromID="E60" fromText="some bilateral chest pain" toID="E86" toText="a +7 base" type="OVERLAP" />
<TLINK id="TL431" fromID="E60" fromText="some bilateral chest pain" toID="E87" toText="a pCO2" type="OVERLAP" />
<TLINK id="TL432" fromID="E60" fromText="some bilateral chest pain" toID="E88" toText="a bicarbonate" type="OVERLAP" />
<TLINK id="TL433" fromID="E60" fromText="some bilateral chest pain" toID="E89" toText="pCO2" type="OVERLAP" />
<TLINK id="TL434" fromID="E60" fromText="some bilateral chest pain" toID="E90" toText="a pH" type="OVERLAP" />
<TLINK id="TL435" fromID="E60" fromText="some bilateral chest pain" toID="E91" toText="saturation" type="OVERLAP" />
<TLINK id="TL436" fromID="E61" fromText="tachypnea" toID="E9" toText="revealed" type="OVERLAP" />
<TLINK id="TL437" fromID="E61" fromText="tachypnea" toID="E28" toText="presented" type="OVERLAP" />
<TLINK id="TL438" fromID="E61" fromText="tachypnea" toID="E28" toText="presented" type="OVERLAP" />
<TLINK id="TL439" fromID="E61" fromText="tachypnea" toID="E29" toText="admission" type="OVERLAP" />
<TLINK id="TL440" fromID="E61" fromText="tachypnea" toID="E55" toText="a l0 cm aneurysm" type="OVERLAP" />
<TLINK id="TL441" fromID="E61" fromText="tachypnea" toID="E73" toText="apos;s last ultrasound of his aorta" type="OVERLAP" />
<TLINK id="TL442" fromID="E61" fromText="tachypnea" toID="E98" toText="an abdominal aortic aneurysm repair" type="OVERLAP" />
<TLINK id="TL443" fromID="E61" fromText="tachypnea" toID="E20" toText="showed" type="OVERLAP" />
<TLINK id="TL444" fromID="E61" fromText="tachypnea" toID="E79" toText="An arterial blood gas" type="OVERLAP" />
<TLINK id="TL445" fromID="E61" fromText="tachypnea" toID="E80" toText="pO2" type="OVERLAP" />
<TLINK id="TL446" fromID="E61" fromText="tachypnea" toID="E86" toText="a +7 base" type="OVERLAP" />
<TLINK id="TL447" fromID="E61" fromText="tachypnea" toID="E87" toText="a pCO2" type="OVERLAP" />
<TLINK id="TL448" fromID="E61" fromText="tachypnea" toID="E88" toText="a bicarbonate" type="OVERLAP" />
<TLINK id="TL449" fromID="E61" fromText="tachypnea" toID="E89" toText="pCO2" type="OVERLAP" />
<TLINK id="TL450" fromID="E61" fromText="tachypnea" toID="E90" toText="a pH" type="OVERLAP" />
<TLINK id="TL451" fromID="E61" fromText="tachypnea" toID="E91" toText="saturation" type="OVERLAP" />
<TLINK id="TL452" fromID="E20" fromText="showed" toID="E9" toText="revealed" type="OVERLAP" />
<TLINK id="TL453" fromID="E20" fromText="showed" toID="E28" toText="presented" type="OVERLAP" />
<TLINK id="TL454" fromID="E20" fromText="showed" toID="E28" toText="presented" type="OVERLAP" />
<TLINK id="TL455" fromID="E20" fromText="showed" toID="E29" toText="admission" type="OVERLAP" />
<TLINK id="TL456" fromID="E20" fromText="showed" toID="E55" toText="a l0 cm aneurysm" type="OVERLAP" />
<TLINK id="TL457" fromID="E20" fromText="showed" toID="E73" toText="apos;s last ultrasound of his aorta" type="OVERLAP" />
<TLINK id="TL458" fromID="E20" fromText="showed" toID="E98" toText="an abdominal aortic aneurysm repair" type="OVERLAP" />
<TLINK id="TL459" fromID="E20" fromText="showed" toID="E13" toText="found" type="OVERLAP" />
<TLINK id="TL460" fromID="E20" fromText="showed" toID="E14" toText="complaints" type="OVERLAP" />
<TLINK id="TL461" fromID="E20" fromText="showed" toID="E35" toText="breathing" type="OVERLAP" />
<TLINK id="TL462" fromID="E20" fromText="showed" toID="E36" toText="awaking" type="OVERLAP" />
<TLINK id="TL463" fromID="E20" fromText="showed" toID="E60" toText="some bilateral chest pain" type="OVERLAP" />
<TLINK id="TL464" fromID="E20" fromText="showed" toID="E61" toText="tachypnea" type="OVERLAP" />
<TLINK id="TL465" fromID="E79" fromText="An arterial blood gas" toID="E9" toText="revealed" type="OVERLAP" />
<TLINK id="TL466" fromID="E79" fromText="An arterial blood gas" toID="E28" toText="presented" type="OVERLAP" />
<TLINK id="TL467" fromID="E79" fromText="An arterial blood gas" toID="E28" toText="presented" type="OVERLAP" />
<TLINK id="TL468" fromID="E79" fromText="An arterial blood gas" toID="E29" toText="admission" type="OVERLAP" />
<TLINK id="TL469" fromID="E79" fromText="An arterial blood gas" toID="E55" toText="a l0 cm aneurysm" type="OVERLAP" />
<TLINK id="TL470" fromID="E79" fromText="An arterial blood gas" toID="E73" toText="apos;s last ultrasound of his aorta" type="OVERLAP" />
<TLINK id="TL471" fromID="E79" fromText="An arterial blood gas" toID="E98" toText="an abdominal aortic aneurysm repair" type="OVERLAP" />
<TLINK id="TL472" fromID="E79" fromText="An arterial blood gas" toID="E13" toText="found" type="OVERLAP" />
<TLINK id="TL473" fromID="E79" fromText="An arterial blood gas" toID="E14" toText="complaints" type="OVERLAP" />
<TLINK id="TL474" fromID="E79" fromText="An arterial blood gas" toID="E35" toText="breathing" type="OVERLAP" />
<TLINK id="TL475" fromID="E79" fromText="An arterial blood gas" toID="E36" toText="awaking" type="OVERLAP" />
<TLINK id="TL476" fromID="E79" fromText="An arterial blood gas" toID="E60" toText="some bilateral chest pain" type="OVERLAP" />
<TLINK id="TL477" fromID="E79" fromText="An arterial blood gas" toID="E61" toText="tachypnea" type="OVERLAP" />
<TLINK id="TL478" fromID="E80" fromText="pO2" toID="E9" toText="revealed" type="OVERLAP" />
<TLINK id="TL479" fromID="E80" fromText="pO2" toID="E28" toText="presented" type="OVERLAP" />
<TLINK id="TL480" fromID="E80" fromText="pO2" toID="E28" toText="presented" type="OVERLAP" />
<TLINK id="TL481" fromID="E80" fromText="pO2" toID="E29" toText="admission" type="OVERLAP" />
<TLINK id="TL482" fromID="E80" fromText="pO2" toID="E55" toText="a l0 cm aneurysm" type="OVERLAP" />
<TLINK id="TL483" fromID="E80" fromText="pO2" toID="E73" toText="apos;s last ultrasound of his aorta" type="OVERLAP" />
<TLINK id="TL484" fromID="E80" fromText="pO2" toID="E98" toText="an abdominal aortic aneurysm repair" type="OVERLAP" />
<TLINK id="TL485" fromID="E80" fromText="pO2" toID="E13" toText="found" type="OVERLAP" />
<TLINK id="TL486" fromID="E80" fromText="pO2" toID="E14" toText="complaints" type="OVERLAP" />
<TLINK id="TL487" fromID="E80" fromText="pO2" toID="E35" toText="breathing" type="OVERLAP" />
<TLINK id="TL488" fromID="E80" fromText="pO2" toID="E36" toText="awaking" type="OVERLAP" />
<TLINK id="TL489" fromID="E80" fromText="pO2" toID="E60" toText="some bilateral chest pain" type="OVERLAP" />
<TLINK id="TL490" fromID="E80" fromText="pO2" toID="E61" toText="tachypnea" type="OVERLAP" />
<TLINK id="TL491" fromID="E86" fromText="a +7 base" toID="E9" toText="revealed" type="OVERLAP" />
<TLINK id="TL492" fromID="E86" fromText="a +7 base" toID="E28" toText="presented" type="OVERLAP" />
<TLINK id="TL493" fromID="E86" fromText="a +7 base" toID="E28" toText="presented" type="OVERLAP" />
<TLINK id="TL494" fromID="E86" fromText="a +7 base" toID="E29" toText="admission" type="OVERLAP" />
<TLINK id="TL495" fromID="E86" fromText="a +7 base" toID="E55" toText="a l0 cm aneurysm" type="OVERLAP" />
<TLINK id="TL496" fromID="E86" fromText="a +7 base" toID="E73" toText="apos;s last ultrasound of his aorta" type="OVERLAP" />
<TLINK id="TL497" fromID="E86" fromText="a +7 base" toID="E98" toText="an abdominal aortic aneurysm repair" type="OVERLAP" />
<TLINK id="TL498" fromID="E86" fromText="a +7 base" toID="E13" toText="found" type="OVERLAP" />
<TLINK id="TL499" fromID="E86" fromText="a +7 base" toID="E14" toText="complaints" type="OVERLAP" />
<TLINK id="TL500" fromID="E86" fromText="a +7 base" toID="E35" toText="breathing" type="OVERLAP" />
<TLINK id="TL501" fromID="E86" fromText="a +7 base" toID="E36" toText="awaking" type="OVERLAP" />
<TLINK id="TL502" fromID="E86" fromText="a +7 base" toID="E60" toText="some bilateral chest pain" type="OVERLAP" />
<TLINK id="TL503" fromID="E86" fromText="a +7 base" toID="E61" toText="tachypnea" type="OVERLAP" />
<TLINK id="TL504" fromID="E87" fromText="a pCO2" toID="E9" toText="revealed" type="OVERLAP" />
<TLINK id="TL505" fromID="E87" fromText="a pCO2" toID="E28" toText="presented" type="OVERLAP" />
<TLINK id="TL506" fromID="E87" fromText="a pCO2" toID="E28" toText="presented" type="OVERLAP" />
<TLINK id="TL507" fromID="E87" fromText="a pCO2" toID="E29" toText="admission" type="OVERLAP" />
<TLINK id="TL508" fromID="E87" fromText="a pCO2" toID="E55" toText="a l0 cm aneurysm" type="OVERLAP" />
<TLINK id="TL509" fromID="E87" fromText="a pCO2" toID="E73" toText="apos;s last ultrasound of his aorta" type="OVERLAP" />
<TLINK id="TL510" fromID="E87" fromText="a pCO2" toID="E98" toText="an abdominal aortic aneurysm repair" type="OVERLAP" />
<TLINK id="TL511" fromID="E87" fromText="a pCO2" toID="E13" toText="found" type="OVERLAP" />
<TLINK id="TL512" fromID="E87" fromText="a pCO2" toID="E14" toText="complaints" type="OVERLAP" />
<TLINK id="TL513" fromID="E87" fromText="a pCO2" toID="E35" toText="breathing" type="OVERLAP" />
<TLINK id="TL514" fromID="E87" fromText="a pCO2" toID="E36" toText="awaking" type="OVERLAP" />
<TLINK id="TL515" fromID="E87" fromText="a pCO2" toID="E60" toText="some bilateral chest pain" type="OVERLAP" />
<TLINK id="TL516" fromID="E87" fromText="a pCO2" toID="E61" toText="tachypnea" type="OVERLAP" />
<TLINK id="TL517" fromID="E88" fromText="a bicarbonate" toID="E9" toText="revealed" type="OVERLAP" />
<TLINK id="TL518" fromID="E88" fromText="a bicarbonate" toID="E28" toText="presented" type="OVERLAP" />
<TLINK id="TL519" fromID="E88" fromText="a bicarbonate" toID="E28" toText="presented" type="OVERLAP" />
<TLINK id="TL520" fromID="E88" fromText="a bicarbonate" toID="E29" toText="admission" type="OVERLAP" />
<TLINK id="TL521" fromID="E88" fromText="a bicarbonate" toID="E55" toText="a l0 cm aneurysm" type="OVERLAP" />
<TLINK id="TL522" fromID="E88" fromText="a bicarbonate" toID="E73" toText="apos;s last ultrasound of his aorta" type="OVERLAP" />
<TLINK id="TL523" fromID="E88" fromText="a bicarbonate" toID="E98" toText="an abdominal aortic aneurysm repair" type="OVERLAP" />
<TLINK id="TL524" fromID="E88" fromText="a bicarbonate" toID="E13" toText="found" type="OVERLAP" />
<TLINK id="TL525" fromID="E88" fromText="a bicarbonate" toID="E14" toText="complaints" type="OVERLAP" />
<TLINK id="TL526" fromID="E88" fromText="a bicarbonate" toID="E35" toText="breathing" type="OVERLAP" />
<TLINK id="TL527" fromID="E88" fromText="a bicarbonate" toID="E36" toText="awaking" type="OVERLAP" />
<TLINK id="TL528" fromID="E88" fromText="a bicarbonate" toID="E60" toText="some bilateral chest pain" type="OVERLAP" />
<TLINK id="TL529" fromID="E88" fromText="a bicarbonate" toID="E61" toText="tachypnea" type="OVERLAP" />
<TLINK id="TL530" fromID="E89" fromText="pCO2" toID="E9" toText="revealed" type="OVERLAP" />
<TLINK id="TL531" fromID="E89" fromText="pCO2" toID="E28" toText="presented" type="OVERLAP" />
<TLINK id="TL532" fromID="E89" fromText="pCO2" toID="E28" toText="presented" type="OVERLAP" />
<TLINK id="TL533" fromID="E89" fromText="pCO2" toID="E29" toText="admission" type="OVERLAP" />
<TLINK id="TL534" fromID="E89" fromText="pCO2" toID="E55" toText="a l0 cm aneurysm" type="OVERLAP" />
<TLINK id="TL535" fromID="E89" fromText="pCO2" toID="E73" toText="apos;s last ultrasound of his aorta" type="OVERLAP" />
<TLINK id="TL536" fromID="E89" fromText="pCO2" toID="E98" toText="an abdominal aortic aneurysm repair" type="OVERLAP" />
<TLINK id="TL537" fromID="E89" fromText="pCO2" toID="E13" toText="found" type="OVERLAP" />
<TLINK id="TL538" fromID="E89" fromText="pCO2" toID="E14" toText="complaints" type="OVERLAP" />
<TLINK id="TL539" fromID="E89" fromText="pCO2" toID="E35" toText="breathing" type="OVERLAP" />
<TLINK id="TL540" fromID="E89" fromText="pCO2" toID="E36" toText="awaking" type="OVERLAP" />
<TLINK id="TL541" fromID="E89" fromText="pCO2" toID="E60" toText="some bilateral chest pain" type="OVERLAP" />
<TLINK id="TL542" fromID="E89" fromText="pCO2" toID="E61" toText="tachypnea" type="OVERLAP" />
<TLINK id="TL543" fromID="E90" fromText="a pH" toID="E9" toText="revealed" type="OVERLAP" />
<TLINK id="TL544" fromID="E90" fromText="a pH" toID="E28" toText="presented" type="OVERLAP" />
<TLINK id="TL545" fromID="E90" fromText="a pH" toID="E28" toText="presented" type="OVERLAP" />
<TLINK id="TL546" fromID="E90" fromText="a pH" toID="E29" toText="admission" type="OVERLAP" />
<TLINK id="TL547" fromID="E90" fromText="a pH" toID="E55" toText="a l0 cm aneurysm" type="OVERLAP" />
<TLINK id="TL548" fromID="E90" fromText="a pH" toID="E73" toText="apos;s last ultrasound of his aorta" type="OVERLAP" />
<TLINK id="TL549" fromID="E90" fromText="a pH" toID="E98" toText="an abdominal aortic aneurysm repair" type="OVERLAP" />
<TLINK id="TL550" fromID="E90" fromText="a pH" toID="E13" toText="found" type="OVERLAP" />
<TLINK id="TL551" fromID="E90" fromText="a pH" toID="E14" toText="complaints" type="OVERLAP" />
<TLINK id="TL552" fromID="E90" fromText="a pH" toID="E35" toText="breathing" type="OVERLAP" />
<TLINK id="TL553" fromID="E90" fromText="a pH" toID="E36" toText="awaking" type="OVERLAP" />
<TLINK id="TL554" fromID="E90" fromText="a pH" toID="E60" toText="some bilateral chest pain" type="OVERLAP" />
<TLINK id="TL555" fromID="E90" fromText="a pH" toID="E61" toText="tachypnea" type="OVERLAP" />
<TLINK id="TL556" fromID="E91" fromText="saturation" toID="E9" toText="revealed" type="OVERLAP" />
<TLINK id="TL557" fromID="E91" fromText="saturation" toID="E28" toText="presented" type="OVERLAP" />
<TLINK id="TL558" fromID="E91" fromText="saturation" toID="E28" toText="presented" type="OVERLAP" />
<TLINK id="TL559" fromID="E91" fromText="saturation" toID="E29" toText="admission" type="OVERLAP" />
<TLINK id="TL560" fromID="E91" fromText="saturation" toID="E55" toText="a l0 cm aneurysm" type="OVERLAP" />
<TLINK id="TL561" fromID="E91" fromText="saturation" toID="E73" toText="apos;s last ultrasound of his aorta" type="OVERLAP" />
<TLINK id="TL562" fromID="E91" fromText="saturation" toID="E98" toText="an abdominal aortic aneurysm repair" type="OVERLAP" />
<TLINK id="TL563" fromID="E91" fromText="saturation" toID="E13" toText="found" type="OVERLAP" />
<TLINK id="TL564" fromID="E91" fromText="saturation" toID="E14" toText="complaints" type="OVERLAP" />
<TLINK id="TL565" fromID="E91" fromText="saturation" toID="E35" toText="breathing" type="OVERLAP" />
<TLINK id="TL566" fromID="E91" fromText="saturation" toID="E36" toText="awaking" type="OVERLAP" />
<TLINK id="TL567" fromID="E91" fromText="saturation" toID="E60" toText="some bilateral chest pain" type="OVERLAP" />
<TLINK id="TL568" fromID="E91" fromText="saturation" toID="E61" toText="tachypnea" type="OVERLAP" />
<TLINK id="TL570" fromID="E7" fromText="revealed" toID="T4" toText="10/17/09" type="OVERLAP" />
<TLINK id="TL572" fromID="E10" fromText="showed" toID="T4" toText="10/17/09" type="OVERLAP" />
<TLINK id="TL573" fromID="E30" fromText="admitted" toID="T3" toText="11/13/09" type="OVERLAP" />
<TLINK id="TL576" fromID="E32" fromText="admission" toID="T4" toText="10/17/09" type="OVERLAP" />
<TLINK id="TL578" fromID="E46" fromText="poor left ventricular function" toID="T4" toText="10/17/09" type="OVERLAP" />
<TLINK id="TL580" fromID="E47" fromText="three vessel disease" toID="T4" toText="10/17/09" type="OVERLAP" />
<TLINK id="TL582" fromID="E71" fromText="cardiac catheterization" toID="T4" toText="10/17/09" type="OVERLAP" />
<TLINK id="TL584" fromID="E76" fromText="echocardiogram" toID="T4" toText="10/17/09" type="OVERLAP" />
<TLINK id="TL598" fromID="E1" fromText="the Operating Room" toID="T10" toText="12/24/09" type="OVERLAP" />
<TLINK id="TL600" fromID="E30" fromText="admitted" toID="T10" toText="12/24/09" type="OVERLAP" />
<TLINK id="SECTIME0" fromID="E1" fromText="the Operating Room" toID="T1" toText="12/30/2009" type="BEFORE" />
<TLINK id="SECTIME1" fromID="E2" fromText="Cardiology" toID="T2" toText="12/23/2009" type="BEFORE" />
<TLINK id="SECTIME2" fromID="E3" fromText="the unit" toID="T1" toText="12/30/2009" type="BEFORE" />
<TLINK id="SECTIME3" fromID="E4" fromText="the unit" toID="T1" toText="12/30/2009" type="BEFORE" />
<TLINK id="SECTIME4" fromID="E5" fromText="Retelk County Medical Center" toID="T2" toText="12/23/2009" type="BEFORE" />
<TLINK id="SECTIME5" fromID="E6" fromText="the floor" toID="T1" toText="12/30/2009" type="BEFORE" />
<TLINK id="SECTIME6" fromID="E7" fromText="revealed" toID="T2" toText="12/23/2009" type="BEFORE" />
<TLINK id="SECTIME7" fromID="E24" fromText="presented" toID="T2" toText="12/23/2009" type="BEFORE" />
<TLINK id="SECTIME8" fromID="E9" fromText="revealed" toID="T2" toText="12/23/2009" type="BEFORE" />
<TLINK id="SECTIME9" fromID="E10" fromText="showed" toID="T2" toText="12/23/2009" type="BEFORE" />
<TLINK id="SECTIME10" fromID="E13" fromText="found" toID="T1" toText="12/30/2009" type="BEFORE" />
<TLINK id="SECTIME11" fromID="E12" fromText="demonstrated" toID="T1" toText="12/30/2009" type="BEFORE" />
<TLINK id="SECTIME12" fromID="E13" fromText="found" toID="T1" toText="12/30/2009" type="BEFORE" />
<TLINK id="SECTIME13" fromID="E14" fromText="complaints" toID="T1" toText="12/30/2009" type="BEFORE" />
<TLINK id="SECTIME14" fromID="E28" fromText="presented" toID="T2" toText="12/23/2009" type="BEFORE" />
<TLINK id="SECTIME15" fromID="E16" fromText="found" toID="T1" toText="12/30/2009" type="BEFORE" />
<TLINK id="SECTIME16" fromID="E13" fromText="found" toID="T1" toText="12/30/2009" type="BEFORE" />
<TLINK id="SECTIME17" fromID="E18" fromText="showed" toID="T1" toText="12/30/2009" type="BEFORE" />
<TLINK id="SECTIME18" fromID="E19" fromText="demonstrated" toID="T1" toText="12/30/2009" type="BEFORE" />
<TLINK id="SECTIME19" fromID="E20" fromText="showed" toID="T1" toText="12/30/2009" type="BEFORE" />
<TLINK id="SECTIME20" fromID="E21" fromText="showed" toID="T1" toText="12/30/2009" type="BEFORE" />
<TLINK id="SECTIME21" fromID="E23" fromText="smoking" toID="T2" toText="12/23/2009" type="BEFORE" />
<TLINK id="SECTIME22" fromID="E24" fromText="presented" toID="T2" toText="12/23/2009" type="BEFORE" />
<TLINK id="SECTIME23" fromID="E25" fromText="walking" toID="T2" toText="12/23/2009" type="BEFORE" />
<TLINK id="SECTIME24" fromID="E27" fromText="normal" toID="T2" toText="12/23/2009" type="BEFORE" />
<TLINK id="SECTIME25" fromID="E28" fromText="presented" toID="T2" toText="12/23/2009" type="BEFORE" />
<TLINK id="SECTIME26" fromID="E29" fromText="admission" toID="T2" toText="12/23/2009" type="BEFORE" />
<TLINK id="SECTIME27" fromID="E30" fromText="admitted" toID="T1" toText="12/30/2009" type="BEFORE" />
<TLINK id="SECTIME28" fromID="E30" fromText="admitted" toID="T2" toText="12/23/2009" type="BEFORE" />
<TLINK id="SECTIME29" fromID="E32" fromText="admission" toID="T2" toText="12/23/2009" type="BEFORE" />
<TLINK id="SECTIME30" fromID="E33" fromText="referred" toID="T2" toText="12/23/2009" type="BEFORE" />
<TLINK id="SECTIME31" fromID="E34" fromText="His post-operative course" toID="T2" toText="12/23/2009" type="BEFORE" />
<TLINK id="SECTIME32" fromID="E35" fromText="breathing" toID="T1" toText="12/30/2009" type="BEFORE" />
<TLINK id="SECTIME33" fromID="E36" fromText="awaking" toID="T1" toText="12/30/2009" type="BEFORE" />
<TLINK id="SECTIME34" fromID="E37" fromText="admission" toID="T1" toText="12/30/2009" type="BEFORE" />
<TLINK id="SECTIME35" fromID="E38" fromText="discharge" toID="T1" toText="12/30/2009" type="BEFORE" />
<TLINK id="SECTIME36" fromID="E39" fromText="down" toID="T1" toText="12/30/2009" type="BEFORE" />
<TLINK id="SECTIME37" fromID="E40" fromText="discharged" toID="T1" toText="12/30/2009" type="BEFORE" />
<TLINK id="SECTIME38" fromID="E41" fromText="converted to normal sinus rhythm" toID="T1" toText="12/30/2009" type="BEFORE" />
<TLINK id="SECTIME39" fromID="E42" fromText="course" toID="T1" toText="12/30/2009" type="BEFORE" />
<TLINK id="SECTIME40" fromID="E43" fromText="diuresed" toID="T1" toText="12/30/2009" type="BEFORE" />
<TLINK id="SECTIME41" fromID="E44" fromText="transient calf pain" toID="T2" toText="12/23/2009" type="BEFORE" />
<TLINK id="SECTIME42" fromID="E45" fromText="Abdominal aortic aneurysm" toID="T2" toText="12/23/2009" type="BEFORE" />
<TLINK id="SECTIME43" fromID="E46" fromText="poor left ventricular function" toID="T2" toText="12/23/2009" type="BEFORE" />
<TLINK id="SECTIME44" fromID="E47" fromText="three vessel disease" toID="T2" toText="12/23/2009" type="BEFORE" />
<TLINK id="SECTIME45" fromID="E48" fromText="coronary artery disese" toID="T2" toText="12/23/2009" type="BEFORE" />
<TLINK id="SECTIME46" fromID="E49" fromText="hypertension" toID="T2" toText="12/23/2009" type="BEFORE" />
<TLINK id="SECTIME47" fromID="E50" fromText="hypercholesterolemia" toID="T2" toText="12/23/2009" type="BEFORE" />
<TLINK id="SECTIME48" fromID="E51" fromText="a l0 cm abdominal aortic aneurysm" toID="T2" toText="12/23/2009" type="BEFORE" />
<TLINK id="SECTIME49" fromID="E52" fromText="decreased breath sounds" toID="T1" toText="12/30/2009" type="BEFORE" />
<TLINK id="SECTIME50" fromID="E53" fromText="some rare ventricular premature beats" toID="T1" toText="12/30/2009" type="BEFORE" />
<TLINK id="SECTIME51" fromID="E54" fromText="frequent aberrant atrial premature beats" toID="T1" toText="12/30/2009" type="BEFORE" />
<TLINK id="SECTIME52" fromID="E55" fromText="a l0 cm aneurysm" toID="T2" toText="12/23/2009" type="BEFORE" />
<TLINK id="SECTIME53" fromID="E56" fromText="increasing creatinine" toID="T2" toText="12/23/2009" type="BEFORE" />
<TLINK id="SECTIME54" fromID="E57" fromText="transient acute renal failure" toID="T2" toText="12/23/2009" type="BEFORE" />
<TLINK id="SECTIME55" fromID="E58" fromText="coli urinary tract infection" toID="T2" toText="12/23/2009" type="BEFORE" />
<TLINK id="SECTIME56" fromID="E59" fromText="an E." toID="T2" toText="12/23/2009" type="BEFORE" />
<TLINK id="SECTIME57" fromID="E60" fromText="some bilateral chest pain" toID="T1" toText="12/30/2009" type="BEFORE" />
<TLINK id="SECTIME58" fromID="E61" fromText="tachypnea" toID="T1" toText="12/30/2009" type="BEFORE" />
<TLINK id="SECTIME59" fromID="E62" fromText="abnormalities" toID="T1" toText="12/30/2009" type="BEFORE" />
<TLINK id="SECTIME60" fromID="E63" fromText="elevated LDH , alkaline phosphatase , and amylase" toID="T1" toText="12/30/2009" type="BEFORE" />
<TLINK id="SECTIME61" fromID="E64" fromText="elevated" toID="T1" toText="12/30/2009" type="BEFORE" />
<TLINK id="SECTIME62" fromID="E65" fromText="hypokinetic and akinetic areas throughout the left and right ventricle" toID="T1" toText="12/30/2009" type="BEFORE" />
<TLINK id="SECTIME63" fromID="E66" fromText="moderate left ventricular dysfunction" toID="T1" toText="12/30/2009" type="BEFORE" />
<TLINK id="SECTIME64" fromID="E67" fromText="fluid overload" toID="T1" toText="12/30/2009" type="BEFORE" />
<TLINK id="SECTIME65" fromID="E68" fromText="symptoms" toID="T1" toText="12/30/2009" type="BEFORE" />
<TLINK id="SECTIME66" fromID="E69" fromText="some pulmonary edema" toID="T1" toText="12/30/2009" type="BEFORE" />
<TLINK id="SECTIME67" fromID="E70" fromText="pulmonary edema" toID="T1" toText="12/30/2009" type="BEFORE" />
<TLINK id="SECTIME68" fromID="E71" fromText="cardiac catheterization" toID="T2" toText="12/23/2009" type="BEFORE" />
<TLINK id="SECTIME69" fromID="E72" fromText="apos;s renal function" toID="T2" toText="12/23/2009" type="BEFORE" />
<TLINK id="SECTIME70" fromID="E73" fromText="apos;s last ultrasound of his aorta" toID="T2" toText="12/23/2009" type="BEFORE" />
<TLINK id="SECTIME71" fromID="E74" fromText="An echocardiogram" toID="T1" toText="12/30/2009" type="BEFORE" />
<TLINK id="SECTIME72" fromID="E75" fromText="examination" toID="T2" toText="12/23/2009" type="BEFORE" />
<TLINK id="SECTIME73" fromID="E76" fromText="echocardiogram" toID="T2" toText="12/23/2009" type="BEFORE" />
<TLINK id="SECTIME74" fromID="E77" fromText="Serial EKG and CK" toID="T1" toText="12/30/2009" type="BEFORE" />
<TLINK id="SECTIME75" fromID="E78" fromText="A chest X-Ray" toID="T1" toText="12/30/2009" type="BEFORE" />
<TLINK id="SECTIME76" fromID="E79" fromText="An arterial blood gas" toID="T1" toText="12/30/2009" type="BEFORE" />
<TLINK id="SECTIME77" fromID="E80" fromText="pO2" toID="T1" toText="12/30/2009" type="BEFORE" />
<TLINK id="SECTIME78" fromID="E81" fromText="levels" toID="T1" toText="12/30/2009" type="BEFORE" />
<TLINK id="SECTIME79" fromID="E82" fromText="alkaline" toID="T1" toText="12/30/2009" type="BEFORE" />
<TLINK id="SECTIME80" fromID="E83" fromText="Lipase" toID="T1" toText="12/30/2009" type="BEFORE" />
<TLINK id="SECTIME81" fromID="E84" fromText="Ultrasound" toID="T1" toText="12/30/2009" type="BEFORE" />
<TLINK id="SECTIME82" fromID="E85" fromText="Patient &apos;s chest X-Ray" toID="T1" toText="12/30/2009" type="BEFORE" />
<TLINK id="SECTIME83" fromID="E86" fromText="a +7 base" toID="T1" toText="12/30/2009" type="BEFORE" />
<TLINK id="SECTIME84" fromID="E87" fromText="a pCO2" toID="T1" toText="12/30/2009" type="BEFORE" />
<TLINK id="SECTIME85" fromID="E88" fromText="a bicarbonate" toID="T1" toText="12/30/2009" type="BEFORE" />
<TLINK id="SECTIME86" fromID="E89" fromText="pCO2" toID="T1" toText="12/30/2009" type="BEFORE" />
<TLINK id="SECTIME87" fromID="E90" fromText="a pH" toID="T1" toText="12/30/2009" type="BEFORE" />
<TLINK id="SECTIME88" fromID="E91" fromText="saturation" toID="T1" toText="12/30/2009" type="BEFORE" />
<TLINK id="SECTIME89" fromID="E92" fromText="Quinidine" toID="T1" toText="12/30/2009" type="BEFORE" />
<TLINK id="SECTIME90" fromID="E93" fromText="perioperative Vancomycin" toID="T1" toText="12/30/2009" type="BEFORE" />
<TLINK id="SECTIME91" fromID="E94" fromText="Quinidine" toID="T1" toText="12/30/2009" type="BEFORE" />
<TLINK id="SECTIME92" fromID="E95" fromText="beta blockers" toID="T1" toText="12/30/2009" type="BEFORE" />
<TLINK id="SECTIME93" fromID="E96" fromText="a three vessel coronary artery bypass graft" toID="T2" toText="12/23/2009" type="BEFORE" />
<TLINK id="SECTIME94" fromID="E97" fromText="an abdominal aortic aneurysm repair" toID="T1" toText="12/30/2009" type="BEFORE" />
<TLINK id="SECTIME95" fromID="E98" fromText="an abdominal aortic aneurysm repair" toID="T2" toText="12/23/2009" type="BEFORE" />
<TLINK id="SECTIME96" fromID="E99" fromText="Digoxin" toID="T1" toText="12/30/2009" type="BEFORE" />
<TLINK id="SECTIME97" fromID="E100" fromText="a maintenance dose" toID="T1" toText="12/30/2009" type="BEFORE" />
<TLINK id="SECTIME98" fromID="E101" fromText="Quinidine" toID="T1" toText="12/30/2009" type="BEFORE" />
<TLINK id="SECTIME99" fromID="E102" fromText="His digoxin" toID="T1" toText="12/30/2009" type="BEFORE" />
<TLINK id="SECTIME100" fromID="E103" fromText="his Digoxin" toID="T1" toText="12/30/2009" type="BEFORE" />
</TAGS>
</ClinicalNarrativeTemporalAnnotation>