<?xml version="1.0" encoding="UTF-8" ?>
<ClinicalNarrativeTemporalAnnotation>
<TEXT><![CDATA[
Admission Date :
2016-09-05
Discharge Date :
2016-09-14
Service :
CSU
HISTORY OF PRESENT ILLNESS :
Mr. Hohlt is a 76 - year-old man with a history of hypertension , hyperlipidemia and prior myocardial infarction with a percutaneous transluminal coronary angioplasty of the right coronary artery in 2005 at the Cambridge Health Alliance .
He states that he has experienced pain and tightness in his back radiating into both shoulders starting on 2016-09-02 .
The patient denies shortness of breath , dizziness , diaphoresis , or nausea .
The pain lasted for 30 seconds following pushing a wheelbarrow and resolved with rest .
The patient denied any prior episodes of pain or any since 2005 following the initial episode of pain .
The patient informs his primary care provider who referred him to the emergency room .
He then presented to Mass. Mental Health Center where he was ruled out for an myocardial infarction by enzymes and electrocardiograms .
The patient also underwent a negative evaluation for dissecting aortic aneurysm .
On 2016-09-03 , the patient began experiencing continuing chest pain of increasing intensity .
He was treated with nitroglycerin paste and IV Integrelin as well as Plavix .
At that time , he ruled in for an NST EMI with a peak CK of 412 and a troponin of 6.23 .
Electrocardiograms progressed to inverted T waves in V5 and V6 .
The patient is now transferred to Cambridge Health Alliance for cardiac catheterization .
]]></TEXT>
<TAGS>
<EVENT id="E1" start="750" end="753" text="his primary care provider" modality="FACTUAL" polarity="POS" type="CLINICAL_DEPT" />
<EVENT id="E2" start="307" end="310" text="the Cambridge Health Alliance" modality="FACTUAL" polarity="POS" type="CLINICAL_DEPT" />
<EVENT id="E3" start="838" end="842" text="Mass." modality="FACTUAL" polarity="POS" type="CLINICAL_DEPT" />
<EVENT id="E4" start="796" end="799" text="the emergency room" modality="FACTUAL" polarity="POS" type="CLINICAL_DEPT" />
<EVENT id="E5" start="1396" end="1405" text="Cambridge Health Alliance" modality="FACTUAL" polarity="POS" type="CLINICAL_DEPT" />
<EVENT id="E6" start="844" end="850" text="Mental Health Center" modality="FACTUAL" polarity="POS" type="CLINICAL_DEPT" />
<EVENT id="E7" start="342" end="348" text="states" modality="FACTUAL" polarity="POS" type="EVIDENTIAL" />
<EVENT id="E8" start="471" end="477" text="denies" modality="FACTUAL" polarity="POS" type="EVIDENTIAL" />
<EVENT id="E9" start="825" end="834" text="presented" modality="FACTUAL" polarity="POS" type="EVIDENTIAL" />
<EVENT id="E10" start="638" end="644" text="denied" modality="FACTUAL" polarity="POS" type="EVIDENTIAL" />
<EVENT id="E11" start="1" end="10" text="Admission" modality="FACTUAL" polarity="POS" type="OCCURRENCE" />
<EVENT id="E12" start="780" end="788" text="referred" modality="FACTUAL" polarity="POS" type="OCCURRENCE" />
<EVENT id="E13" start="29" end="38" text="Discharge" modality="FACTUAL" polarity="POS" type="OCCURRENCE" />
<EVENT id="E14" start="1381" end="1392" text="transferred" modality="FACTUAL" polarity="POS" type="OCCURRENCE" />
<EVENT id="E15" start="825" end="834" text="presented" modality="FACTUAL" polarity="POS" type="OCCURRENCE" />
<EVENT id="E16" start="529" end="535" text="nausea" modality="FACTUAL" polarity="POS" type="PROBLEM" />
<EVENT id="E17" start="538" end="541" text="The pain" modality="FACTUAL" polarity="POS" type="PROBLEM" />
<EVENT id="E18" start="500" end="509" text="dizziness" modality="FACTUAL" polarity="POS" type="PROBLEM" />
<EVENT id="E19" start="512" end="523" text="diaphoresis" modality="FACTUAL" polarity="POS" type="PROBLEM" />
<EVENT id="E20" start="892" end="894" text="an myocardial infarction" modality="FACTUAL" polarity="POS" type="PROBLEM" />
<EVENT id="E21" start="1006" end="1016" text="dissecting aortic aneurysm" modality="FACTUAL" polarity="POS" type="PROBLEM" />
<EVENT id="E22" start="667" end="671" text="pain" modality="FACTUAL" polarity="POS" type="PROBLEM" />
<EVENT id="E23" start="723" end="727" text="pain" modality="FACTUAL" polarity="POS" type="PROBLEM" />
<EVENT id="E24" start="1330" end="1338" text="inverted T waves" modality="FACTUAL" polarity="POS" type="PROBLEM" />
<EVENT id="E25" start="1350" end="1352" text="V5" modality="FACTUAL" polarity="POS" type="PROBLEM" />
<EVENT id="E26" start="1082" end="1092" text="continuing chest pain" modality="FACTUAL" polarity="POS" type="PROBLEM" />
<EVENT id="E27" start="1107" end="1117" text="increasing intensity" modality="FACTUAL" polarity="POS" type="PROBLEM" />
<EVENT id="E28" start="151" end="163" text="hypertension" modality="FACTUAL" polarity="POS" type="PROBLEM" />
<EVENT id="E29" start="185" end="190" text="prior myocardial infarction" modality="FACTUAL" polarity="POS" type="PROBLEM" />
<EVENT id="E30" start="166" end="180" text="hyperlipidemia" modality="FACTUAL" polarity="POS" type="PROBLEM" />
<EVENT id="E31" start="478" end="487" text="shortness of breath" modality="FACTUAL" polarity="POS" type="PROBLEM" />
<EVENT id="E32" start="373" end="377" text="pain and tightness in his back radiating" modality="FACTUAL" polarity="POS" type="PROBLEM" />
<EVENT id="E33" start="920" end="927" text="enzymes" modality="FACTUAL" polarity="POS" type="TEST" />
<EVENT id="E34" start="932" end="950" text="electrocardiograms" modality="FACTUAL" polarity="POS" type="TEST" />
<EVENT id="E35" start="1276" end="1277" text="a troponin" modality="FACTUAL" polarity="POS" type="TEST" />
<EVENT id="E36" start="1255" end="1256" text="a peak CK" modality="FACTUAL" polarity="POS" type="TEST" />
<EVENT id="E37" start="1426" end="1433" text="cardiac catheterization" modality="FACTUAL" polarity="POS" type="TEST" />
<EVENT id="E38" start="1297" end="1315" text="Electrocardiograms" modality="FACTUAL" polarity="POS" type="TEST" />
<EVENT id="E39" start="980" end="981" text="a negative evaluation" modality="FACTUAL" polarity="POS" type="TEST" />
<EVENT id="E40" start="218" end="219" text="a percutaneous transluminal coronary angioplasty of the right coronary" modality="FACTUAL" polarity="POS" type="TREATMENT" />
<EVENT id="E41" start="1150" end="1163" text="nitroglycerin paste" modality="FACTUAL" polarity="POS" type="TREATMENT" />
<EVENT id="E42" start="619" end="623" text="rest" modality="FACTUAL" polarity="POS" type="TREATMENT" />
<EVENT id="E43" start="1199" end="1205" text="Plavix" modality="FACTUAL" polarity="POS" type="TREATMENT" />
<EVENT id="E44" start="1174" end="1176" text="IV Integrelin" modality="FACTUAL" polarity="POS" type="TREATMENT" />
<TIMEX3 id="T1" start="685" end="689" text="2005" type="DATE" val="2005" mod="NA" />
<TIMEX3 id="T2" start="558" end="560" text="30 seconds" type="DURATION" val="PT30S" mod="NA" />
<TIMEX3 id="T3" start="1211" end="1215" text="that time" type="DATE" val="2016-09-05" mod="NA" />
<TIMEX3 id="T4" start="1038" end="1042" text="2016-09-03" type="DATE" val="2016-09-03" mod="NA" />
<TIMEX3 id="T5" start="46" end="50" text="2016-09-14" type="DATE" val="2016-09-14" mod="NA" />
<TIMEX3 id="T6" start="18" end="22" text="2016-09-05" type="DATE" val="2016-09-05" mod="NA" />
<TIMEX3 id="T7" start="446" end="450" text="2016-09-02" type="DATE" val="2016-09-02" mod="NA" />
<TIMEX3 id="T8" start="299" end="303" text="2005" type="DATE" val="2005" mod="NA" />
<SECTIME id="S0" start="17" end="21" text="2016-09-05" type="ADMISSION" dvalue="2016-09-05" />
<SECTIME id="S1" start="45" end="49" text="2016-09-14" type="DISCHARGE" dvalue="2016-09-14" />
<TLINK id="TL4" fromID="E28" fromText="hypertension" toID="E29" toText="prior myocardial infarction" type="OVERLAP" />
<TLINK id="TL5" fromID="E28" fromText="hypertension" toID="E30" toText="hyperlipidemia" type="OVERLAP" />
<TLINK id="TL7" fromID="E30" fromText="hyperlipidemia" toID="E29" toText="prior myocardial infarction" type="OVERLAP" />
<TLINK id="TL14" fromID="E8" fromText="denies" toID="E31" toText="shortness of breath" type="BEFORE" />
<TLINK id="TL15" fromID="E18" fromText="dizziness" toID="E16" toText="nausea" type="OVERLAP" />
<TLINK id="TL16" fromID="E19" fromText="diaphoresis" toID="E16" toText="nausea" type="OVERLAP" />
<TLINK id="TL17" fromID="E31" fromText="shortness of breath" toID="E16" toText="nausea" type="OVERLAP" />
<TLINK id="TL18" fromID="E18" fromText="dizziness" toID="E19" toText="diaphoresis" type="OVERLAP" />
<TLINK id="TL19" fromID="E31" fromText="shortness of breath" toID="E18" toText="dizziness" type="OVERLAP" />
<TLINK id="TL20" fromID="E31" fromText="shortness of breath" toID="E19" toText="diaphoresis" type="OVERLAP" />
<TLINK id="TL24" fromID="E22" fromText="pain" toID="E23" toText="pain" type="OVERLAP" />
<TLINK id="TL27" fromID="E12" fromText="referred" toID="E4" toText="the emergency room" type="AFTER" />
<TLINK id="TL37" fromID="E6" fromText="Mental Health Center" toID="E33" toText="enzymes" type="OVERLAP" />
<TLINK id="TL38" fromID="E6" fromText="Mental Health Center" toID="E34" toText="electrocardiograms" type="OVERLAP" />
<TLINK id="TL39" fromID="E15" fromText="presented" toID="E15" toText="presented" type="OVERLAP" />
<TLINK id="TL48" fromID="E33" fromText="enzymes" toID="E34" toText="electrocardiograms" type="OVERLAP" />
<TLINK id="TL50" fromID="E26" fromText="continuing chest pain" toID="E27" toText="increasing intensity" type="OVERLAP" />
<TLINK id="TL51" fromID="E41" fromText="nitroglycerin paste" toID="E43" toText="Plavix" type="OVERLAP" />
<TLINK id="TL52" fromID="E41" fromText="nitroglycerin paste" toID="E44" toText="IV Integrelin" type="OVERLAP" />
<TLINK id="TL53" fromID="E44" fromText="IV Integrelin" toID="E43" toText="Plavix" type="OVERLAP" />
<TLINK id="TL54" fromID="E36" fromText="a peak CK" toID="E35" toText="a troponin" type="OVERLAP" />
<TLINK id="TL55" fromID="E24" fromText="inverted T waves" toID="E25" toText="V5" type="OVERLAP" />
<TLINK id="TL58" fromID="E14" fromText="transferred" toID="E5" toText="Cambridge Health Alliance" type="AFTER" />
<TLINK id="TL59" fromID="E5" fromText="Cambridge Health Alliance" toID="E37" toText="cardiac catheterization" type="OVERLAP" />
<TLINK id="TL61" fromID="E2" fromText="the Cambridge Health Alliance" toID="T8" toText="2005" type="OVERLAP" />
<TLINK id="TL62" fromID="E28" fromText="hypertension" toID="T8" toText="2005" type="OVERLAP" />
<TLINK id="TL63" fromID="E29" fromText="prior myocardial infarction" toID="T8" toText="2005" type="OVERLAP" />
<TLINK id="TL64" fromID="E30" fromText="hyperlipidemia" toID="T8" toText="2005" type="OVERLAP" />
<TLINK id="TL65" fromID="E40" fromText="a percutaneous transluminal coronary angioplasty of the right coronary" toID="T8" toText="2005" type="OVERLAP" />
<TLINK id="TL66" fromID="E7" fromText="states" toID="T7" toText="2016-09-02" type="OVERLAP" />
<TLINK id="TL67" fromID="E32" fromText="pain and tightness in his back radiating" toID="T7" toText="2016-09-02" type="OVERLAP" />
<TLINK id="TL68" fromID="E17" fromText="The pain" toID="T2" toText="30 seconds" type="OVERLAP" />
<TLINK id="TL69" fromID="E42" fromText="rest" toID="T2" toText="30 seconds" type="OVERLAP" />
<TLINK id="TL71" fromID="E22" fromText="pain" toID="T1" toText="2005" type="AFTER" />
<TLINK id="TL73" fromID="E26" fromText="continuing chest pain" toID="T4" toText="2016-09-03" type="OVERLAP" />
<TLINK id="TL74" fromID="E27" fromText="increasing intensity" toID="T4" toText="2016-09-03" type="OVERLAP" />
<TLINK id="TL77" fromID="E2" fromText="the Cambridge Health Alliance" toID="E10" toText="denied" type="OVERLAP" />
<TLINK id="TL78" fromID="E2" fromText="the Cambridge Health Alliance" toID="E22" toText="pain" type="OVERLAP" />
<TLINK id="TL79" fromID="E2" fromText="the Cambridge Health Alliance" toID="E23" toText="pain" type="OVERLAP" />
<TLINK id="TL80" fromID="E28" fromText="hypertension" toID="E10" toText="denied" type="OVERLAP" />
<TLINK id="TL81" fromID="E28" fromText="hypertension" toID="E22" toText="pain" type="OVERLAP" />
<TLINK id="TL82" fromID="E28" fromText="hypertension" toID="E23" toText="pain" type="OVERLAP" />
<TLINK id="TL83" fromID="E29" fromText="prior myocardial infarction" toID="E10" toText="denied" type="OVERLAP" />
<TLINK id="TL84" fromID="E29" fromText="prior myocardial infarction" toID="E22" toText="pain" type="OVERLAP" />
<TLINK id="TL85" fromID="E29" fromText="prior myocardial infarction" toID="E23" toText="pain" type="OVERLAP" />
<TLINK id="TL86" fromID="E30" fromText="hyperlipidemia" toID="E10" toText="denied" type="OVERLAP" />
<TLINK id="TL87" fromID="E30" fromText="hyperlipidemia" toID="E22" toText="pain" type="OVERLAP" />
<TLINK id="TL88" fromID="E30" fromText="hyperlipidemia" toID="E23" toText="pain" type="OVERLAP" />
<TLINK id="TL89" fromID="E40" fromText="a percutaneous transluminal coronary angioplasty of the right coronary" toID="E10" toText="denied" type="OVERLAP" />
<TLINK id="TL90" fromID="E40" fromText="a percutaneous transluminal coronary angioplasty of the right coronary" toID="E22" toText="pain" type="OVERLAP" />
<TLINK id="TL91" fromID="E40" fromText="a percutaneous transluminal coronary angioplasty of the right coronary" toID="E23" toText="pain" type="OVERLAP" />
<TLINK id="TL92" fromID="E10" fromText="denied" toID="E2" toText="the Cambridge Health Alliance" type="OVERLAP" />
<TLINK id="TL93" fromID="E10" fromText="denied" toID="E28" toText="hypertension" type="OVERLAP" />
<TLINK id="TL94" fromID="E10" fromText="denied" toID="E29" toText="prior myocardial infarction" type="OVERLAP" />
<TLINK id="TL95" fromID="E10" fromText="denied" toID="E30" toText="hyperlipidemia" type="OVERLAP" />
<TLINK id="TL96" fromID="E10" fromText="denied" toID="E40" toText="a percutaneous transluminal coronary angioplasty of the right coronary" type="OVERLAP" />
<TLINK id="TL97" fromID="E22" fromText="pain" toID="E2" toText="the Cambridge Health Alliance" type="OVERLAP" />
<TLINK id="TL98" fromID="E22" fromText="pain" toID="E28" toText="hypertension" type="OVERLAP" />
<TLINK id="TL99" fromID="E22" fromText="pain" toID="E29" toText="prior myocardial infarction" type="OVERLAP" />
<TLINK id="TL100" fromID="E22" fromText="pain" toID="E30" toText="hyperlipidemia" type="OVERLAP" />
<TLINK id="TL101" fromID="E22" fromText="pain" toID="E40" toText="a percutaneous transluminal coronary angioplasty of the right coronary" type="OVERLAP" />
<TLINK id="TL102" fromID="E23" fromText="pain" toID="E2" toText="the Cambridge Health Alliance" type="OVERLAP" />
<TLINK id="TL103" fromID="E23" fromText="pain" toID="E28" toText="hypertension" type="OVERLAP" />
<TLINK id="TL104" fromID="E23" fromText="pain" toID="E29" toText="prior myocardial infarction" type="OVERLAP" />
<TLINK id="TL105" fromID="E23" fromText="pain" toID="E30" toText="hyperlipidemia" type="OVERLAP" />
<TLINK id="TL106" fromID="E23" fromText="pain" toID="E40" toText="a percutaneous transluminal coronary angioplasty of the right coronary" type="OVERLAP" />
<TLINK id="SECTIME0" fromID="E1" fromText="his primary care provider" toID="T5" toText="2016-09-14" type="BEFORE" />
<TLINK id="SECTIME1" fromID="E2" fromText="the Cambridge Health Alliance" toID="T5" toText="2016-09-14" type="BEFORE" />
<TLINK id="SECTIME2" fromID="E3" fromText="Mass." toID="T5" toText="2016-09-14" type="BEFORE" />
<TLINK id="SECTIME3" fromID="E4" fromText="the emergency room" toID="T5" toText="2016-09-14" type="BEFORE" />
<TLINK id="SECTIME4" fromID="E5" fromText="Cambridge Health Alliance" toID="T5" toText="2016-09-14" type="BEFORE" />
<TLINK id="SECTIME5" fromID="E6" fromText="Mental Health Center" toID="T5" toText="2016-09-14" type="BEFORE" />
<TLINK id="SECTIME6" fromID="E7" fromText="states" toID="T5" toText="2016-09-14" type="BEFORE" />
<TLINK id="SECTIME7" fromID="E8" fromText="denies" toID="T5" toText="2016-09-14" type="BEFORE" />
<TLINK id="SECTIME8" fromID="E15" fromText="presented" toID="T5" toText="2016-09-14" type="BEFORE" />
<TLINK id="SECTIME9" fromID="E10" fromText="denied" toID="T5" toText="2016-09-14" type="BEFORE" />
<TLINK id="TL177" fromID="E11" fromText="Admission" toID="T6" toText="2016-09-05" type="OVERLAP" />
<TLINK id="SECTIME10" fromID="E12" fromText="referred" toID="T5" toText="2016-09-14" type="BEFORE" />
<TLINK id="TL180" fromID="E13" fromText="Discharge" toID="T5" toText="2016-09-14" type="OVERLAP" />
<TLINK id="SECTIME11" fromID="E14" fromText="transferred" toID="T5" toText="2016-09-14" type="BEFORE" />
<TLINK id="SECTIME12" fromID="E15" fromText="presented" toID="T5" toText="2016-09-14" type="BEFORE" />
<TLINK id="SECTIME13" fromID="E16" fromText="nausea" toID="T5" toText="2016-09-14" type="BEFORE" />
<TLINK id="SECTIME14" fromID="E17" fromText="The pain" toID="T5" toText="2016-09-14" type="BEFORE" />
<TLINK id="SECTIME15" fromID="E18" fromText="dizziness" toID="T5" toText="2016-09-14" type="BEFORE" />
<TLINK id="SECTIME16" fromID="E19" fromText="diaphoresis" toID="T5" toText="2016-09-14" type="BEFORE" />
<TLINK id="SECTIME17" fromID="E20" fromText="an myocardial infarction" toID="T5" toText="2016-09-14" type="BEFORE" />
<TLINK id="SECTIME18" fromID="E21" fromText="dissecting aortic aneurysm" toID="T5" toText="2016-09-14" type="BEFORE" />
<TLINK id="SECTIME19" fromID="E22" fromText="pain" toID="T5" toText="2016-09-14" type="BEFORE" />
<TLINK id="SECTIME20" fromID="E23" fromText="pain" toID="T5" toText="2016-09-14" type="BEFORE" />
<TLINK id="SECTIME21" fromID="E24" fromText="inverted T waves" toID="T5" toText="2016-09-14" type="BEFORE" />
<TLINK id="SECTIME22" fromID="E25" fromText="V5" toID="T5" toText="2016-09-14" type="BEFORE" />
<TLINK id="SECTIME23" fromID="E26" fromText="continuing chest pain" toID="T5" toText="2016-09-14" type="BEFORE" />
<TLINK id="SECTIME24" fromID="E27" fromText="increasing intensity" toID="T5" toText="2016-09-14" type="BEFORE" />
<TLINK id="SECTIME25" fromID="E28" fromText="hypertension" toID="T5" toText="2016-09-14" type="BEFORE" />
<TLINK id="SECTIME26" fromID="E29" fromText="prior myocardial infarction" toID="T5" toText="2016-09-14" type="BEFORE" />
<TLINK id="SECTIME27" fromID="E30" fromText="hyperlipidemia" toID="T5" toText="2016-09-14" type="BEFORE" />
<TLINK id="SECTIME28" fromID="E31" fromText="shortness of breath" toID="T5" toText="2016-09-14" type="BEFORE" />
<TLINK id="SECTIME29" fromID="E32" fromText="pain and tightness in his back radiating" toID="T5" toText="2016-09-14" type="BEFORE" />
<TLINK id="SECTIME30" fromID="E33" fromText="enzymes" toID="T5" toText="2016-09-14" type="BEFORE" />
<TLINK id="SECTIME31" fromID="E34" fromText="electrocardiograms" toID="T5" toText="2016-09-14" type="BEFORE" />
<TLINK id="SECTIME32" fromID="E35" fromText="a troponin" toID="T5" toText="2016-09-14" type="BEFORE" />
<TLINK id="SECTIME33" fromID="E36" fromText="a peak CK" toID="T5" toText="2016-09-14" type="BEFORE" />
<TLINK id="SECTIME34" fromID="E37" fromText="cardiac catheterization" toID="T5" toText="2016-09-14" type="BEFORE" />
<TLINK id="SECTIME35" fromID="E38" fromText="Electrocardiograms" toID="T5" toText="2016-09-14" type="BEFORE" />
<TLINK id="SECTIME36" fromID="E39" fromText="a negative evaluation" toID="T5" toText="2016-09-14" type="BEFORE" />
<TLINK id="SECTIME37" fromID="E40" fromText="a percutaneous transluminal coronary angioplasty of the right coronary" toID="T5" toText="2016-09-14" type="BEFORE" />
<TLINK id="SECTIME38" fromID="E41" fromText="nitroglycerin paste" toID="T5" toText="2016-09-14" type="BEFORE" />
<TLINK id="SECTIME39" fromID="E42" fromText="rest" toID="T5" toText="2016-09-14" type="BEFORE" />
<TLINK id="SECTIME40" fromID="E43" fromText="Plavix" toID="T5" toText="2016-09-14" type="BEFORE" />
<TLINK id="SECTIME41" fromID="E44" fromText="IV Integrelin" toID="T5" toText="2016-09-14" type="BEFORE" />
</TAGS>
</ClinicalNarrativeTemporalAnnotation>