<?xml version="1.0" encoding="UTF-8" ?>
<ClinicalNarrativeTemporalAnnotation>
<TEXT><![CDATA[
Admission Date :
2016-03-18
Discharge Date :
2016-04-01
Service : 
SURGERY
History of Present Illness :
_Mr. Morton is a 86 yo male transferred from Kindred Park View Specialty Hospital of Springfield-Sample .
He developed right foot pain the Sunday prior to admission and was seen by his Podiatrist , who diagnosed him with gout .
He was given colchicine and prednisone .
Mr. Morton then developed more pain and warmth to his right foot later in the week and presented to the Youville Hospital - Woody Monica .
At this hospital he underwent an I&D ( 03-17 ) of a right foot infection and subsequently underwent 
re-exploration ( 03-18 ) for developing necrotizing fascitis .
He was transferred to Hallmark Health System for further care .
Brief Hospital Course :
Mr. Morton was admitted to the TSICU .
He was placed on Penicillin G , Clindamycin , for empiric coverage of his wound , with Group A strep growth from the New England Baptist Hospital-Bryce cultures .
He was transferred to the floor on HD#2 .
He continued to undergo BID dressing changes .
Plastic surgery was asked to evaluate the patient .
Per their recommendations , silvadine was applied to the tendons to prevent dessication .
Vascular surgery was also asked to evaluate the patient 's right lower extremity blood flow .
An angiogram on HD#4 showed severe tibial disease and moderate SFA disease , no DP artery was seen .
The vascular team recommended a femoral-peroneal bypass for revascularization and performed this operation on HD#5 .
He tolerated the procedure well , please see Dr. Allgood Operative Note for detail .
On POD#1 , Mr. Morton received 2 units of pRBCs for post-op anemia ( Hct 25 ).
Mr. Morton continued to be followed by Infectious Disease , whose recommendations were to complete a 01-28 week course of Penicillin G and Clindamycin after the foot was completely debrided and the skin flaps completed .
His wound continued to heal well and by POD #6 a VAC dressing was placed .
He received a PICC on POD#7 for his long-term antibiotic therapy .
At the time of discharge , Mr. Morton had good pain control , was tolerating a regular diet , had a well-healing wound treated with a VAC dressing , and was to continue his IV PCN G and Clindamycin .
He was discharged to a rehab facility in fair condition .
]]></TEXT>
<TAGS>
<EVENT id="E1" start="1198" end="1206" text="Vascular surgery" modality="FACTUAL" polarity="POS" type="CLINICAL_DEPT" />
<EVENT id="E2" start="1056" end="1063" text="Plastic surgery" modality="FACTUAL" polarity="POS" type="CLINICAL_DEPT" />
<EVENT id="E3" start="2260" end="2265" text="rehab facility" modality="FACTUAL" polarity="POS" type="CLINICAL_DEPT" />
<EVENT id="E4" start="474" end="477" text="the Youville Hospital -" modality="FACTUAL" polarity="POS" type="CLINICAL_DEPT" />
<EVENT id="E5" start="521" end="529" text="hospital" modality="FACTUAL" polarity="POS" type="CLINICAL_DEPT" />
<EVENT id="E6" start="150" end="157" text="Kindred Park View Specialty Hospital" modality="FACTUAL" polarity="POS" type="CLINICAL_DEPT" />
<EVENT id="E7" start="190" end="201" text="Springfield" modality="FACTUAL" polarity="POS" type="CLINICAL_DEPT" />
<EVENT id="E8" start="917" end="920" text="the New England Baptist Hospital-Bryce" modality="FACTUAL" polarity="POS" type="CLINICAL_DEPT" />
<EVENT id="E9" start="989" end="992" text="the floor" modality="FACTUAL" polarity="POS" type="CLINICAL_DEPT" />
<EVENT id="E10" start="699" end="707" text="Hallmark Health System" modality="FACTUAL" polarity="POS" type="CLINICAL_DEPT" />
<EVENT id="E11" start="792" end="795" text="the TSICU" modality="FACTUAL" polarity="POS" type="CLINICAL_DEPT" />
<EVENT id="E12" start="1923" end="1927" text="well" modality="FACTUAL" polarity="POS" type="EVIDENTIAL" />
<EVENT id="E13" start="461" end="470" text="presented" modality="FACTUAL" polarity="POS" type="EVIDENTIAL" />
<EVENT id="E14" start="1313" end="1319" text="showed" modality="FACTUAL" polarity="POS" type="EVIDENTIAL" />
<EVENT id="E15" start="1701" end="1709" text="followed" modality="FACTUAL" polarity="POS" type="OCCURRENCE" />
<EVENT id="E16" start="1537" end="1541" text="well" modality="FACTUAL" polarity="POS" type="OCCURRENCE" />
<EVENT id="E17" start="2103" end="2113" text="tolerating a regular diet" modality="FACTUAL" polarity="POS" type="OCCURRENCE" />
<EVENT id="E18" start="1918" end="1922" text="heal well" modality="FACTUAL" polarity="POS" type="OCCURRENCE" />
<EVENT id="E19" start="1012" end="1021" text="continued" modality="FACTUAL" polarity="POS" type="OCCURRENCE" />
<EVENT id="E20" start="2244" end="2254" text="discharged" modality="FACTUAL" polarity="POS" type="OCCURRENCE" />
<EVENT id="E21" start="1905" end="1914" text="continued" modality="FACTUAL" polarity="POS" type="OCCURRENCE" />
<EVENT id="E22" start="1685" end="1694" text="continued" modality="FACTUAL" polarity="POS" type="OCCURRENCE" />
<EVENT id="E23" start="461" end="470" text="presented" modality="FACTUAL" polarity="POS" type="OCCURRENCE" />
<EVENT id="E24" start="260" end="269" text="admission" modality="FACTUAL" polarity="POS" type="OCCURRENCE" />
<EVENT id="E25" start="726" end="733" text="further" modality="FACTUAL" polarity="POS" type="OCCURRENCE" />
<EVENT id="E26" start="684" end="695" text="transferred" modality="FACTUAL" polarity="POS" type="OCCURRENCE" />
<EVENT id="E27" start="974" end="985" text="transferred" modality="FACTUAL" polarity="POS" type="OCCURRENCE" />
<EVENT id="E28" start="780" end="788" text="admitted" modality="FACTUAL" polarity="POS" type="OCCURRENCE" />
<EVENT id="E29" start="1233" end="1241" text="evaluate" modality="FACTUAL" polarity="POS" type="OCCURRENCE" />
<EVENT id="E30" start="1118" end="1133" text="recommendations" modality="FACTUAL" polarity="POS" type="OCCURRENCE" />
<EVENT id="E31" start="29" end="38" text="Discharge" modality="FACTUAL" polarity="POS" type="OCCURRENCE" />
<EVENT id="E32" start="133" end="144" text="transferred" modality="FACTUAL" polarity="POS" type="OCCURRENCE" />
<EVENT id="E33" start="1" end="10" text="Admission" modality="FACTUAL" polarity="POS" type="OCCURRENCE" />
<EVENT id="E34" start="1647" end="1654" text="post-op anemia" modality="FACTUAL" polarity="POS" type="PROBLEM" />
<EVENT id="E35" start="1895" end="1898" text="His wound" modality="FACTUAL" polarity="POS" type="PROBLEM" />
<EVENT id="E36" start="2135" end="2136" text="a well-healing wound" modality="FACTUAL" polarity="POS" type="PROBLEM" />
<EVENT id="E37" start="563" end="564" text="a right foot infection" modality="FACTUAL" polarity="POS" type="PROBLEM" />
<EVENT id="E38" start="414" end="420" text="warmth to his right foot" modality="FACTUAL" polarity="POS" type="PROBLEM" />
<EVENT id="E39" start="874" end="877" text="his wound" modality="FACTUAL" polarity="POS" type="PROBLEM" />
<EVENT id="E40" start="643" end="653" text="developing necrotizing fascitis" modality="FACTUAL" polarity="POS" type="PROBLEM" />
<EVENT id="E41" start="1320" end="1326" text="severe tibial disease" modality="FACTUAL" polarity="POS" type="PROBLEM" />
<EVENT id="E42" start="1269" end="1278" text="extremity" modality="FACTUAL" polarity="POS" type="PROBLEM" />
<EVENT id="E43" start="1372" end="1374" text="DP artery" modality="FACTUAL" polarity="POS" type="PROBLEM" />
<EVENT id="E44" start="1346" end="1354" text="moderate SFA disease" modality="FACTUAL" polarity="POS" type="PROBLEM" />
<EVENT id="E45" start="326" end="330" text="gout" modality="FACTUAL" polarity="POS" type="PROBLEM" />
<EVENT id="E46" start="400" end="404" text="more pain" modality="FACTUAL" polarity="POS" type="PROBLEM" />
<EVENT id="E47" start="224" end="229" text="right foot pain" modality="FACTUAL" polarity="POS" type="PROBLEM" />
<EVENT id="E48" start="950" end="955" text="Bryce cultures" modality="FACTUAL" polarity="POS" type="TEST" />
<EVENT id="E49" start="1292" end="1294" text="An angiogram" modality="FACTUAL" polarity="POS" type="TEST" />
<EVENT id="E50" start="614" end="628" text="re-exploration" modality="FACTUAL" polarity="POS" type="TEST" />
<EVENT id="E51" start="1664" end="1667" text="Hct" modality="FACTUAL" polarity="POS" type="TEST" />
<EVENT id="E52" start="1813" end="1824" text="Clindamycin" modality="FACTUAL" polarity="POS" type="TREATMENT" />
<EVENT id="E53" start="1942" end="1943" text="a VAC dressing" modality="FACTUAL" polarity="POS" type="TREATMENT" />
<EVENT id="E54" start="1982" end="1983" text="a PICC" modality="FACTUAL" polarity="POS" type="TREATMENT" />
<EVENT id="E55" start="2010" end="2011" text="-term antibiotic therapy" modality="FACTUAL" polarity="POS" type="TREATMENT" />
<EVENT id="E56" start="2084" end="2088" text="pain" modality="FACTUAL" polarity="POS" type="TREATMENT" />
<EVENT id="E57" start="2169" end="2170" text="a VAC dressing" modality="FACTUAL" polarity="POS" type="TREATMENT" />
<EVENT id="E58" start="2206" end="2209" text="his IV PCN G" modality="FACTUAL" polarity="POS" type="TREATMENT" />
<EVENT id="E59" start="1423" end="1424" text="a femoral" modality="FACTUAL" polarity="POS" type="TREATMENT" />
<EVENT id="E60" start="1433" end="1441" text="peroneal bypass" modality="FACTUAL" polarity="POS" type="TREATMENT" />
<EVENT id="E61" start="1453" end="1470" text="revascularization" modality="FACTUAL" polarity="POS" type="TREATMENT" />
<EVENT id="E62" start="1485" end="1489" text="this operation" modality="FACTUAL" polarity="POS" type="TREATMENT" />
<EVENT id="E63" start="1503" end="1505" text="HD" modality="FACTUAL" polarity="POS" type="TREATMENT" />
<EVENT id="E64" start="1523" end="1526" text="the procedure" modality="FACTUAL" polarity="POS" type="TREATMENT" />
<EVENT id="E65" start="1637" end="1642" text="pRBCs" modality="FACTUAL" polarity="POS" type="TREATMENT" />
<EVENT id="E66" start="1796" end="1806" text="Penicillin" modality="FACTUAL" polarity="POS" type="TREATMENT" />
<EVENT id="E67" start="543" end="545" text="an I&D" modality="FACTUAL" polarity="POS" type="TREATMENT" />
<EVENT id="E68" start="361" end="371" text="prednisone" modality="FACTUAL" polarity="POS" type="TREATMENT" />
<EVENT id="E69" start="836" end="847" text="Clindamycin" modality="FACTUAL" polarity="POS" type="TREATMENT" />
<EVENT id="E70" start="821" end="831" text="Penicillin" modality="FACTUAL" polarity="POS" type="TREATMENT" />
<EVENT id="E71" start="1033" end="1036" text="BID dressing changes" modality="FACTUAL" polarity="POS" type="TREATMENT" />
<EVENT id="E72" start="1002" end="1004" text="HD" modality="FACTUAL" polarity="POS" type="TREATMENT" />
<EVENT id="E73" start="1198" end="1206" text="Vascular" modality="FACTUAL" polarity="POS" type="TREATMENT" />
<EVENT id="E74" start="1056" end="1063" text="Plastic surgery" modality="FACTUAL" polarity="POS" type="TREATMENT" />
<EVENT id="E75" start="346" end="356" text="colchicine" modality="FACTUAL" polarity="POS" type="TREATMENT" />
<EVENT id="E76" start="2223" end="2234" text="Clindamycin" modality="FACTUAL" polarity="POS" type="TREATMENT" />
<EVENT id="E77" start="1868" end="1871" text="the skin" modality="FACTUAL" polarity="POS" type="TREATMENT" />
<TIMEX3 id="T1" start="1002" end="1004" text="HD#2" type="DATE" val="2016-03-20" mod="NA" />
<TIMEX3 id="T2" start="631" end="633" text="03-18" type="DATE" val="2016-03-18" mod="NA" />
<TIMEX3 id="T3" start="1308" end="1310" text="HD#4" type="DATE" val="2016-03-22" mod="NA" />
<TIMEX3 id="T4" start="1033" end="1036" text="BID" type="FREQUENCY" val="RPT12H" mod="NA" />
<TIMEX3 id="T5" start="1598" end="1601" text="POD#1" type="DATE" val="2016-03-19" mod="NA" />
<TIMEX3 id="T6" start="1503" end="1505" text="HD#5" type="DATE" val="2016-03-23" mod="NA" />
<TIMEX3 id="T7" start="1935" end="1938" text="POD #6" type="DATE" val="2016-03-24" mod="NA" />
<TIMEX3 id="T8" start="1775" end="1777" text="01-28 week" type="DURATION" val="P14.5W" mod="APPROX" />
<TIMEX3 id="T9" start="18" end="22" text="2016-03-18" type="DATE" val="2016-03-18" mod="NA" />
<TIMEX3 id="T10" start="240" end="243" text="the Sunday" type="DATE" val="2016-03-13" mod="NA" />
<TIMEX3 id="T11" start="46" end="50" text="2016-04-01" type="DATE" val="2016-04-01" mod="NA" />
<TIMEX3 id="T12" start="552" end="554" text="03-17" type="DATE" val="2016-03-17" mod="NA" />
<TIMEX3 id="T13" start="448" end="451" text="the week" type="DURATION" val="2016-03-18" mod="NA" />
<TIMEX3 id="T14" start="2040" end="2043" text="the time of discharge" type="DATE" val="2016-04-01" mod="NA" />
<TIMEX3 id="T15" start="1992" end="1995" text="POD#7" type="DATE" val="2016-03-25" mod="NA" />
<SECTIME id="S0" start="17" end="21" text="2016-03-18" type="ADMISSION" dvalue="2016-03-18" />
<SECTIME id="S1" start="45" end="49" text="2016-04-01" type="DISCHARGE" dvalue="2016-04-01" />
<TLINK id="TL1" fromID="E32" fromText="transferred" toID="E6" toText="Kindred Park View Specialty Hospital" type="BEFORE" />
<TLINK id="TL5" fromID="E47" fromText="right foot pain" toID="E45" toText="gout" type="OVERLAP" />
<TLINK id="TL6" fromID="E75" fromText="colchicine" toID="E68" toText="prednisone" type="OVERLAP" />
<TLINK id="TL7" fromID="E23" fromText="presented" toID="E4" toText="the Youville Hospital -" type="AFTER" />
<TLINK id="TL11" fromID="E23" fromText="presented" toID="E23" toText="presented" type="OVERLAP" />
<TLINK id="TL16" fromID="E46" fromText="more pain" toID="E38" toText="warmth to his right foot" type="OVERLAP" />
<TLINK id="TL22" fromID="E27" fromText="transferred" toID="E10" toText="Hallmark Health System" type="AFTER" />
<TLINK id="TL27" fromID="E28" fromText="admitted" toID="E11" toText="the TSICU" type="AFTER" />
<TLINK id="TL29" fromID="E8" fromText="the New England Baptist Hospital-Bryce" toID="E48" toText="Bryce cultures" type="OVERLAP" />
<TLINK id="TL31" fromID="E70" fromText="Penicillin" toID="E8" toText="the New England Baptist Hospital-Bryce" type="OVERLAP" />
<TLINK id="TL34" fromID="E70" fromText="Penicillin" toID="E39" toText="his wound" type="OVERLAP" />
<TLINK id="TL36" fromID="E70" fromText="Penicillin" toID="E48" toText="Bryce cultures" type="OVERLAP" />
<TLINK id="TL37" fromID="E70" fromText="Penicillin" toID="E69" toText="Clindamycin" type="OVERLAP" />
<TLINK id="TL38" fromID="E27" fromText="transferred" toID="E9" toText="the floor" type="AFTER" />
<TLINK id="TL42" fromID="E74" fromText="Plastic surgery" toID="E74" toText="Plastic surgery" type="OVERLAP" />
<TLINK id="TL45" fromID="E1" fromText="Vascular surgery" toID="E73" toText="Vascular" type="OVERLAP" />
<TLINK id="TL49" fromID="E14" fromText="showed" toID="E41" toText="severe tibial disease" type="BEFORE" />
<TLINK id="TL50" fromID="E14" fromText="showed" toID="E43" toText="DP artery" type="OVERLAP" />
<TLINK id="TL52" fromID="E49" fromText="An angiogram" toID="E14" toText="showed" type="OVERLAP" />
<TLINK id="TL53" fromID="E41" fromText="severe tibial disease" toID="E43" toText="DP artery" type="OVERLAP" />
<TLINK id="TL54" fromID="E41" fromText="severe tibial disease" toID="E44" toText="moderate SFA disease" type="OVERLAP" />
<TLINK id="TL56" fromID="E44" fromText="moderate SFA disease" toID="E43" toText="DP artery" type="OVERLAP" />
<TLINK id="TL57" fromID="E49" fromText="An angiogram" toID="E43" toText="DP artery" type="OVERLAP" />
<TLINK id="TL59" fromID="E59" fromText="a femoral" toID="E60" toText="peroneal bypass" type="OVERLAP" />
<TLINK id="TL60" fromID="E59" fromText="a femoral" toID="E61" toText="revascularization" type="OVERLAP" />
<TLINK id="TL61" fromID="E59" fromText="a femoral" toID="E62" toText="this operation" type="OVERLAP" />
<TLINK id="TL63" fromID="E60" fromText="peroneal bypass" toID="E61" toText="revascularization" type="OVERLAP" />
<TLINK id="TL64" fromID="E60" fromText="peroneal bypass" toID="E62" toText="this operation" type="OVERLAP" />
<TLINK id="TL66" fromID="E61" fromText="revascularization" toID="E62" toText="this operation" type="OVERLAP" />
<TLINK id="TL80" fromID="E66" fromText="Penicillin" toID="E52" toText="Clindamycin" type="OVERLAP" />
<TLINK id="TL81" fromID="E52" fromText="Clindamycin" toID="E77" toText="the skin" type="OVERLAP" />
<TLINK id="TL82" fromID="E66" fromText="Penicillin" toID="E77" toText="the skin" type="OVERLAP" />
<TLINK id="TL87" fromID="E21" fromText="continued" toID="E18" toText="heal well" type="OVERLAP" />
<TLINK id="TL103" fromID="E56" fromText="pain" toID="E57" toText="a VAC dressing" type="OVERLAP" />
<TLINK id="TL104" fromID="E56" fromText="pain" toID="E58" toText="his IV PCN G" type="OVERLAP" />
<TLINK id="TL105" fromID="E56" fromText="pain" toID="E76" toText="Clindamycin" type="OVERLAP" />
<TLINK id="TL106" fromID="E57" fromText="a VAC dressing" toID="E58" toText="his IV PCN G" type="OVERLAP" />
<TLINK id="TL107" fromID="E57" fromText="a VAC dressing" toID="E76" toText="Clindamycin" type="OVERLAP" />
<TLINK id="TL108" fromID="E58" fromText="his IV PCN G" toID="E76" toText="Clindamycin" type="OVERLAP" />
<TLINK id="TL110" fromID="E24" fromText="admission" toID="T10" toText="the Sunday" type="BEFORE" />
<TLINK id="TL113" fromID="E4" fromText="the Youville Hospital -" toID="T13" toText="the week" type="OVERLAP" />
<TLINK id="TL116" fromID="E38" fromText="warmth to his right foot" toID="T13" toText="the week" type="OVERLAP" />
<TLINK id="TL117" fromID="E46" fromText="more pain" toID="T13" toText="the week" type="OVERLAP" />
<TLINK id="TL128" fromID="E14" fromText="showed" toID="T3" toText="HD#4" type="OVERLAP" />
<TLINK id="TL129" fromID="E41" fromText="severe tibial disease" toID="T3" toText="HD#4" type="OVERLAP" />
<TLINK id="TL130" fromID="E43" fromText="DP artery" toID="T3" toText="HD#4" type="OVERLAP" />
<TLINK id="TL131" fromID="E44" fromText="moderate SFA disease" toID="T3" toText="HD#4" type="OVERLAP" />
<TLINK id="TL132" fromID="E49" fromText="An angiogram" toID="T3" toText="HD#4" type="OVERLAP" />
<TLINK id="TL138" fromID="E34" fromText="post-op anemia" toID="T5" toText="POD#1" type="OVERLAP" />
<TLINK id="TL139" fromID="E51" fromText="Hct" toID="T5" toText="POD#1" type="OVERLAP" />
<TLINK id="TL143" fromID="E52" fromText="Clindamycin" toID="T8" toText="01-28 week" type="OVERLAP" />
<TLINK id="TL144" fromID="E66" fromText="Penicillin" toID="T8" toText="01-28 week" type="OVERLAP" />
<TLINK id="TL145" fromID="E77" fromText="the skin" toID="T8" toText="01-28 week" type="OVERLAP" />
<TLINK id="TL153" fromID="E17" fromText="tolerating a regular diet" toID="T14" toText="the time of discharge" type="OVERLAP" />
<TLINK id="TL154" fromID="E36" fromText="a well-healing wound" toID="T14" toText="the time of discharge" type="OVERLAP" />
<TLINK id="TL155" fromID="E56" fromText="pain" toID="T14" toText="the time of discharge" type="OVERLAP" />
<TLINK id="TL156" fromID="E57" fromText="a VAC dressing" toID="T14" toText="the time of discharge" type="OVERLAP" />
<TLINK id="TL157" fromID="E58" fromText="his IV PCN G" toID="T14" toText="the time of discharge" type="OVERLAP" />
<TLINK id="TL158" fromID="E76" fromText="Clindamycin" toID="T14" toText="the time of discharge" type="OVERLAP" />
<TLINK id="TL159" fromID="E40" fromText="developing necrotizing fascitis" toID="E4" toText="the Youville Hospital -" type="OVERLAP" />
<TLINK id="TL160" fromID="E40" fromText="developing necrotizing fascitis" toID="E23" toText="presented" type="OVERLAP" />
<TLINK id="TL161" fromID="E40" fromText="developing necrotizing fascitis" toID="E23" toText="presented" type="OVERLAP" />
<TLINK id="TL162" fromID="E40" fromText="developing necrotizing fascitis" toID="E38" toText="warmth to his right foot" type="OVERLAP" />
<TLINK id="TL163" fromID="E40" fromText="developing necrotizing fascitis" toID="E46" toText="more pain" type="OVERLAP" />
<TLINK id="TL164" fromID="E50" fromText="re-exploration" toID="E4" toText="the Youville Hospital -" type="OVERLAP" />
<TLINK id="TL165" fromID="E50" fromText="re-exploration" toID="E23" toText="presented" type="OVERLAP" />
<TLINK id="TL166" fromID="E50" fromText="re-exploration" toID="E23" toText="presented" type="OVERLAP" />
<TLINK id="TL167" fromID="E50" fromText="re-exploration" toID="E38" toText="warmth to his right foot" type="OVERLAP" />
<TLINK id="TL168" fromID="E50" fromText="re-exploration" toID="E46" toText="more pain" type="OVERLAP" />
<TLINK id="SECTIME0" fromID="E1" fromText="Vascular surgery" toID="T11" toText="2016-04-01" type="BEFORE" />
<TLINK id="SECTIME1" fromID="E74" fromText="Plastic surgery" toID="T11" toText="2016-04-01" type="BEFORE" />
<TLINK id="SECTIME2" fromID="E3" fromText="rehab facility" toID="T11" toText="2016-04-01" type="BEFORE" />
<TLINK id="SECTIME3" fromID="E4" fromText="the Youville Hospital -" toID="T9" toText="2016-03-18" type="BEFORE" />
<TLINK id="SECTIME4" fromID="E5" fromText="hospital" toID="T9" toText="2016-03-18" type="BEFORE" />
<TLINK id="SECTIME5" fromID="E6" fromText="Kindred Park View Specialty Hospital" toID="T9" toText="2016-03-18" type="BEFORE" />
<TLINK id="SECTIME6" fromID="E7" fromText="Springfield" toID="T9" toText="2016-03-18" type="BEFORE" />
<TLINK id="SECTIME7" fromID="E8" fromText="the New England Baptist Hospital-Bryce" toID="T11" toText="2016-04-01" type="BEFORE" />
<TLINK id="SECTIME8" fromID="E9" fromText="the floor" toID="T11" toText="2016-04-01" type="BEFORE" />
<TLINK id="SECTIME9" fromID="E10" fromText="Hallmark Health System" toID="T9" toText="2016-03-18" type="BEFORE" />
<TLINK id="SECTIME10" fromID="E11" fromText="the TSICU" toID="T11" toText="2016-04-01" type="BEFORE" />
<TLINK id="SECTIME11" fromID="E12" fromText="well" toID="T11" toText="2016-04-01" type="BEFORE" />
<TLINK id="SECTIME12" fromID="E23" fromText="presented" toID="T9" toText="2016-03-18" type="BEFORE" />
<TLINK id="SECTIME13" fromID="E14" fromText="showed" toID="T11" toText="2016-04-01" type="BEFORE" />
<TLINK id="SECTIME14" fromID="E15" fromText="followed" toID="T11" toText="2016-04-01" type="BEFORE" />
<TLINK id="SECTIME15" fromID="E16" fromText="well" toID="T11" toText="2016-04-01" type="BEFORE" />
<TLINK id="SECTIME16" fromID="E17" fromText="tolerating a regular diet" toID="T11" toText="2016-04-01" type="BEFORE" />
<TLINK id="SECTIME17" fromID="E18" fromText="heal well" toID="T11" toText="2016-04-01" type="BEFORE" />
<TLINK id="SECTIME18" fromID="E19" fromText="continued" toID="T11" toText="2016-04-01" type="BEFORE" />
<TLINK id="SECTIME19" fromID="E20" fromText="discharged" toID="T11" toText="2016-04-01" type="BEFORE" />
<TLINK id="SECTIME20" fromID="E21" fromText="continued" toID="T11" toText="2016-04-01" type="BEFORE" />
<TLINK id="SECTIME21" fromID="E21" fromText="continued" toID="T11" toText="2016-04-01" type="BEFORE" />
<TLINK id="SECTIME22" fromID="E23" fromText="presented" toID="T9" toText="2016-03-18" type="BEFORE" />
<TLINK id="SECTIME23" fromID="E24" fromText="admission" toID="T9" toText="2016-03-18" type="BEFORE" />
<TLINK id="SECTIME24" fromID="E25" fromText="further" toID="T9" toText="2016-03-18" type="BEFORE" />
<TLINK id="SECTIME25" fromID="E27" fromText="transferred" toID="T9" toText="2016-03-18" type="BEFORE" />
<TLINK id="SECTIME26" fromID="E27" fromText="transferred" toID="T11" toText="2016-04-01" type="BEFORE" />
<TLINK id="SECTIME27" fromID="E28" fromText="admitted" toID="T11" toText="2016-04-01" type="BEFORE" />
<TLINK id="SECTIME28" fromID="E29" fromText="evaluate" toID="T11" toText="2016-04-01" type="BEFORE" />
<TLINK id="SECTIME29" fromID="E30" fromText="recommendations" toID="T11" toText="2016-04-01" type="BEFORE" />
<TLINK id="SECTIME30" fromID="E32" fromText="transferred" toID="T9" toText="2016-03-18" type="BEFORE" />
<TLINK id="SECTIME31" fromID="E34" fromText="post-op anemia" toID="T11" toText="2016-04-01" type="BEFORE" />
<TLINK id="SECTIME32" fromID="E35" fromText="His wound" toID="T11" toText="2016-04-01" type="BEFORE" />
<TLINK id="SECTIME33" fromID="E36" fromText="a well-healing wound" toID="T11" toText="2016-04-01" type="BEFORE" />
<TLINK id="SECTIME34" fromID="E37" fromText="a right foot infection" toID="T9" toText="2016-03-18" type="BEFORE" />
<TLINK id="SECTIME35" fromID="E38" fromText="warmth to his right foot" toID="T9" toText="2016-03-18" type="BEFORE" />
<TLINK id="SECTIME36" fromID="E39" fromText="his wound" toID="T11" toText="2016-04-01" type="BEFORE" />
<TLINK id="SECTIME37" fromID="E40" fromText="developing necrotizing fascitis" toID="T9" toText="2016-03-18" type="BEFORE" />
<TLINK id="SECTIME38" fromID="E41" fromText="severe tibial disease" toID="T11" toText="2016-04-01" type="BEFORE" />
<TLINK id="SECTIME39" fromID="E42" fromText="extremity" toID="T11" toText="2016-04-01" type="BEFORE" />
<TLINK id="SECTIME40" fromID="E43" fromText="DP artery" toID="T11" toText="2016-04-01" type="BEFORE" />
<TLINK id="SECTIME41" fromID="E44" fromText="moderate SFA disease" toID="T11" toText="2016-04-01" type="BEFORE" />
<TLINK id="SECTIME42" fromID="E45" fromText="gout" toID="T9" toText="2016-03-18" type="BEFORE" />
<TLINK id="SECTIME43" fromID="E46" fromText="more pain" toID="T9" toText="2016-03-18" type="BEFORE" />
<TLINK id="SECTIME44" fromID="E47" fromText="right foot pain" toID="T9" toText="2016-03-18" type="BEFORE" />
<TLINK id="SECTIME45" fromID="E48" fromText="Bryce cultures" toID="T11" toText="2016-04-01" type="BEFORE" />
<TLINK id="SECTIME46" fromID="E49" fromText="An angiogram" toID="T11" toText="2016-04-01" type="BEFORE" />
<TLINK id="SECTIME47" fromID="E50" fromText="re-exploration" toID="T9" toText="2016-03-18" type="BEFORE" />
<TLINK id="SECTIME48" fromID="E51" fromText="Hct" toID="T11" toText="2016-04-01" type="BEFORE" />
<TLINK id="SECTIME49" fromID="E52" fromText="Clindamycin" toID="T11" toText="2016-04-01" type="BEFORE" />
<TLINK id="SECTIME50" fromID="E53" fromText="a VAC dressing" toID="T11" toText="2016-04-01" type="BEFORE" />
<TLINK id="SECTIME51" fromID="E54" fromText="a PICC" toID="T11" toText="2016-04-01" type="BEFORE" />
<TLINK id="SECTIME52" fromID="E55" fromText="-term antibiotic therapy" toID="T11" toText="2016-04-01" type="BEFORE" />
<TLINK id="SECTIME53" fromID="E56" fromText="pain" toID="T11" toText="2016-04-01" type="BEFORE" />
<TLINK id="SECTIME54" fromID="E57" fromText="a VAC dressing" toID="T11" toText="2016-04-01" type="BEFORE" />
<TLINK id="SECTIME55" fromID="E58" fromText="his IV PCN G" toID="T11" toText="2016-04-01" type="BEFORE" />
<TLINK id="SECTIME56" fromID="E59" fromText="a femoral" toID="T11" toText="2016-04-01" type="BEFORE" />
<TLINK id="SECTIME57" fromID="E60" fromText="peroneal bypass" toID="T11" toText="2016-04-01" type="BEFORE" />
<TLINK id="SECTIME58" fromID="E61" fromText="revascularization" toID="T11" toText="2016-04-01" type="BEFORE" />
<TLINK id="SECTIME59" fromID="E62" fromText="this operation" toID="T11" toText="2016-04-01" type="BEFORE" />
<TLINK id="SECTIME60" fromID="E63" fromText="HD" toID="T11" toText="2016-04-01" type="BEFORE" />
<TLINK id="SECTIME61" fromID="E64" fromText="the procedure" toID="T11" toText="2016-04-01" type="BEFORE" />
<TLINK id="SECTIME62" fromID="E65" fromText="pRBCs" toID="T11" toText="2016-04-01" type="BEFORE" />
<TLINK id="SECTIME63" fromID="E66" fromText="Penicillin" toID="T11" toText="2016-04-01" type="BEFORE" />
<TLINK id="SECTIME64" fromID="E67" fromText="an I&D" toID="T9" toText="2016-03-18" type="BEFORE" />
<TLINK id="SECTIME65" fromID="E68" fromText="prednisone" toID="T9" toText="2016-03-18" type="BEFORE" />
<TLINK id="SECTIME66" fromID="E69" fromText="Clindamycin" toID="T11" toText="2016-04-01" type="BEFORE" />
<TLINK id="SECTIME67" fromID="E70" fromText="Penicillin" toID="T11" toText="2016-04-01" type="BEFORE" />
<TLINK id="SECTIME68" fromID="E71" fromText="BID dressing changes" toID="T11" toText="2016-04-01" type="BEFORE" />
<TLINK id="SECTIME69" fromID="E72" fromText="HD" toID="T11" toText="2016-04-01" type="BEFORE" />
<TLINK id="SECTIME70" fromID="E73" fromText="Vascular" toID="T11" toText="2016-04-01" type="BEFORE" />
<TLINK id="SECTIME71" fromID="E74" fromText="Plastic surgery" toID="T11" toText="2016-04-01" type="BEFORE" />
<TLINK id="SECTIME72" fromID="E75" fromText="colchicine" toID="T9" toText="2016-03-18" type="BEFORE" />
<TLINK id="SECTIME73" fromID="E76" fromText="Clindamycin" toID="T11" toText="2016-04-01" type="BEFORE" />
<TLINK id="SECTIME74" fromID="E77" fromText="the skin" toID="T11" toText="2016-04-01" type="BEFORE" />
</TAGS>
</ClinicalNarrativeTemporalAnnotation>