<?xml version="1.0" encoding="UTF-8" ?>
<ClinicalNarrativeTemporalAnnotation>
<TEXT><![CDATA[
Admission Date :
10/22/2000
Discharge Date :
11/17/2000
HISTORY OF PRESENT ILLNESS :
The patient is a 47-year-old man with advanced stage chronic lymphocytic leukemia who was admitted for autologous bone marrow transplant as per protocol 94-055 of the Santusli Hospital .
The patient was originally diagnosed in 06/98 during a routine physical when he was noted to have a white blood cell count of 20,000 , weight loss , and swelling in his neck and groin .
He was watched after his initial diagnosis , but six months later he developed rapidly increasing leukocytosis and he became more symptomatic .
After treatment with three cycles of fludarabine he had 90% involvement of his intratrabecular space .
He was therefore treated with three cycles of fludarabine in combination with cytoxan .
After this therapy he achieved a protocol eligible minimal disease state .
However , he did have relative pancytopenia following this therapy .
He was taken to bone marrow harvest in 08/22 at which time insufficient cells were obtained to proceed .
He was returned previous to this admission for repeat bone marrow harvest and at that time he was given Neupogen prior to his harvest , and sufficient cells were not obtained to proceed with autologous bone marrow transplantation .
His most recent bone marrow biopsy revealed less than 5% of intratrabecular space involvement .
Recent CT scan showed no significant lymphadenopathy .
The spleen was within normal limits .
HOSPITAL COURSE :
1 ) Oncology :
The patient was admitted on 10/22/00 and received cytoxan and total body irradiation per protocol .
Autologous bone marrow infusion occurred on 10/29/00 and was uneventful .
His post-transplant course was complicated by pain from mucositis and recalcitrant nausea and vomiting .
The patient did not tolerate antiemetics well and it was subsequently decided to avoid phenothiazides secondary to jitteryness and restless legs .
2 ) Infectious Disease :
The patient remained afebrile until day +11 when he spiked and was started on ceftazidime .
Blood cultures and urine cultures were all negative .
3 ) Heme :
The patient acquired intermittent transfusions for pancytopenia .
4 ) FEN :
The patient was unable to tolerate adequate p.o.&apos;s in the last several days .
He was well nourished so TPN was not started .
I &apos;s and O &apos;s were balanced and maintained with IV fluids .
]]></TEXT>
<TAGS>
<EVENT id="E1" start="249" end="252" text="the Santusli Hospital" modality="FACTUAL" polarity="POS" type="CLINICAL_DEPT" />
<EVENT id="E2" start="357" end="362" text="noted" modality="FACTUAL" polarity="POS" type="EVIDENTIAL" />
<EVENT id="E3" start="1310" end="1318" text="revealed" modality="FACTUAL" polarity="POS" type="EVIDENTIAL" />
<EVENT id="E4" start="1386" end="1392" text="showed" modality="FACTUAL" polarity="POS" type="EVIDENTIAL" />
<EVENT id="E5" start="2207" end="2215" text="tolerate adequate p.o.&apos;s" modality="FACTUAL" polarity="POS" type="OCCURRENCE" />
<EVENT id="E6" start="1194" end="1199" text="cells" modality="FACTUAL" polarity="POS" type="OCCURRENCE" />
<EVENT id="E7" start="1071" end="1075" text="this admission" modality="FACTUAL" polarity="POS" type="OCCURRENCE" />
<EVENT id="E8" start="466" end="473" text="watched" modality="FACTUAL" polarity="POS" type="OCCURRENCE" />
<EVENT id="E9" start="300" end="309" text="diagnosed" modality="FACTUAL" polarity="POS" type="OCCURRENCE" />
<EVENT id="E10" start="1796" end="1804" text="tolerate antiemetics well" modality="FACTUAL" polarity="POS" type="OCCURRENCE" />
<EVENT id="E11" start="1671" end="1674" text="His post-transplant course" modality="FACTUAL" polarity="POS" type="OCCURRENCE" />
<EVENT id="E12" start="1658" end="1668" text="uneventful" modality="FACTUAL" polarity="POS" type="OCCURRENCE" />
<EVENT id="E13" start="1513" end="1521" text="admitted" modality="FACTUAL" polarity="POS" type="OCCURRENCE" />
<EVENT id="E14" start="176" end="184" text="admitted" modality="FACTUAL" polarity="POS" type="OCCURRENCE" />
<EVENT id="E15" start="29" end="38" text="Discharge" modality="FACTUAL" polarity="POS" type="OCCURRENCE" />
<EVENT id="E16" start="1" end="10" text="Admission" modality="FACTUAL" polarity="POS" type="OCCURRENCE" />
<EVENT id="E17" start="2156" end="2168" text="pancytopenia" modality="FACTUAL" polarity="POS" type="PROBLEM" />
<EVENT id="E18" start="1727" end="1736" text="mucositis" modality="FACTUAL" polarity="POS" type="PROBLEM" />
<EVENT id="E19" start="1754" end="1760" text="nausea" modality="FACTUAL" polarity="POS" type="PROBLEM" />
<EVENT id="E20" start="1396" end="1407" text="significant lymphadenopathy" modality="FACTUAL" polarity="POS" type="PROBLEM" />
<EVENT id="E21" start="1717" end="1721" text="pain" modality="FACTUAL" polarity="POS" type="PROBLEM" />
<EVENT id="E22" start="1907" end="1915" text="restless legs" modality="FACTUAL" polarity="POS" type="PROBLEM" />
<EVENT id="E23" start="1969" end="1977" text="afebrile" modality="FACTUAL" polarity="POS" type="PROBLEM" />
<EVENT id="E24" start="1765" end="1773" text="vomiting" modality="FACTUAL" polarity="POS" type="PROBLEM" />
<EVENT id="E25" start="1891" end="1902" text="jitteryness" modality="FACTUAL" polarity="POS" type="PROBLEM" />
<EVENT id="E26" start="584" end="588" text="more symptomatic" modality="FACTUAL" polarity="POS" type="PROBLEM" />
<EVENT id="E27" start="659" end="661" text="90% involvement of his intratrabecular space" modality="FACTUAL" polarity="POS" type="PROBLEM" />
<EVENT id="E28" start="480" end="483" text="his initial diagnosis" modality="FACTUAL" polarity="POS" type="PROBLEM" />
<EVENT id="E29" start="538" end="545" text="rapidly increasing leukocytosis" modality="FACTUAL" polarity="POS" type="PROBLEM" />
<EVENT id="E30" start="997" end="1009" text="insufficient cells" modality="FACTUAL" polarity="POS" type="PROBLEM" />
<EVENT id="E31" start="1319" end="1323" text="less than 5% of intratrabecular space involvement" modality="FACTUAL" polarity="POS" type="PROBLEM" />
<EVENT id="E32" start="825" end="826" text="a protocol eligible minimal disease state" modality="FACTUAL" polarity="POS" type="PROBLEM" />
<EVENT id="E33" start="891" end="899" text="relative pancytopenia" modality="FACTUAL" polarity="POS" type="PROBLEM" />
<EVENT id="E34" start="426" end="434" text="swelling in his neck and groin" modality="FACTUAL" polarity="POS" type="PROBLEM" />
<EVENT id="E35" start="408" end="414" text="weight loss" modality="FACTUAL" polarity="POS" type="PROBLEM" />
<EVENT id="E36" start="124" end="132" text="advanced stage chronic lymphocytic leukemia" modality="FACTUAL" polarity="POS" type="PROBLEM" />
<EVENT id="E37" start="326" end="327" text="a routine physical" modality="FACTUAL" polarity="POS" type="TEST" />
<EVENT id="E38" start="2040" end="2045" text="Blood cultures" modality="FACTUAL" polarity="POS" type="TEST" />
<EVENT id="E39" start="1371" end="1377" text="Recent CT scan" modality="FACTUAL" polarity="POS" type="TEST" />
<EVENT id="E40" start="1275" end="1278" text="His most recent bone marrow biopsy" modality="FACTUAL" polarity="POS" type="TEST" />
<EVENT id="E41" start="371" end="372" text="a white blood cell count" modality="FACTUAL" polarity="POS" type="TEST" />
<EVENT id="E42" start="2059" end="2064" text="urine cultures" modality="FACTUAL" polarity="POS" type="TEST" />
<EVENT id="E43" start="2126" end="2138" text="intermittent transfusions" modality="FACTUAL" polarity="POS" type="TREATMENT" />
<EVENT id="E44" start="2289" end="2292" text="TPN" modality="FACTUAL" polarity="POS" type="TREATMENT" />
<EVENT id="E45" start="1597" end="1607" text="Autologous bone marrow infusion" modality="FACTUAL" polarity="POS" type="TREATMENT" />
<EVENT id="E46" start="2026" end="2037" text="ceftazidime" modality="FACTUAL" polarity="POS" type="TREATMENT" />
<EVENT id="E47" start="2369" end="2371" text="IV fluids" modality="FACTUAL" polarity="POS" type="TREATMENT" />
<EVENT id="E48" start="1090" end="1096" text="repeat bone marrow harvest" modality="FACTUAL" polarity="POS" type="TREATMENT" />
<EVENT id="E49" start="1147" end="1155" text="Neupogen" modality="FACTUAL" polarity="POS" type="TREATMENT" />
<EVENT id="E50" start="923" end="927" text="this therapy" modality="FACTUAL" polarity="POS" type="TREATMENT" />
<EVENT id="E51" start="954" end="958" text="bone marrow harvest" modality="FACTUAL" polarity="POS" type="TREATMENT" />
<EVENT id="E52" start="1547" end="1554" text="cytoxan" modality="FACTUAL" polarity="POS" type="TREATMENT" />
<EVENT id="E53" start="1559" end="1564" text="total body irradiation" modality="FACTUAL" polarity="POS" type="TREATMENT" />
<EVENT id="E54" start="1165" end="1168" text="his harvest" modality="FACTUAL" polarity="POS" type="TREATMENT" />
<EVENT id="E55" start="1234" end="1244" text="autologous bone marrow transplantation" modality="FACTUAL" polarity="POS" type="TREATMENT" />
<EVENT id="E56" start="189" end="199" text="autologous bone marrow transplant" modality="FACTUAL" polarity="POS" type="TREATMENT" />
<EVENT id="E57" start="800" end="804" text="this therapy" modality="FACTUAL" polarity="POS" type="TREATMENT" />
<EVENT id="E58" start="784" end="791" text="cytoxan" modality="FACTUAL" polarity="POS" type="TREATMENT" />
<EVENT id="E59" start="736" end="741" text="three cycles of fludarabine" modality="FACTUAL" polarity="POS" type="TREATMENT" />
<EVENT id="E60" start="609" end="618" text="treatment with three cycles of fludarabine" modality="FACTUAL" polarity="POS" type="TREATMENT" />
<TIMEX3 id="T1" start="1525" end="1527" text="10/22/00" type="DATE" val="2000-10-22" mod="NA" />
<TIMEX3 id="T2" start="1641" end="1643" text="10/29/00" type="DATE" val="2000-10-29" mod="NA" />
<TIMEX3 id="T3" start="2240" end="2243" text="the last several days" type="DURATION" val="P3D" mod="APPROX" />
<TIMEX3 id="T4" start="46" end="48" text="11/17/2000" type="DATE" val="2000-11-17" mod="NA" />
<TIMEX3 id="T5" start="18" end="20" text="10/22/2000" type="DATE" val="2000-10-22" mod="NA" />
<TIMEX3 id="T6" start="508" end="511" text="six months" type="DURATION" val="P6M" mod="NA" />
<TIMEX3 id="T7" start="313" end="315" text="06/98" type="DATE" val="1998-06" mod="NA" />
<TIMEX3 id="T8" start="1124" end="1128" text="that time" type="DATE" val="2000-10-22" mod="NA" />
<TIMEX3 id="T9" start="977" end="979" text="08/22" type="DATE" val="2000-08-22" mod="NA" />
<SECTIME id="S0" start="17" end="19" text="10/22/2000" type="ADMISSION" dvalue="2000-10-22" />
<SECTIME id="S1" start="45" end="47" text="11/17/2000" type="DISCHARGE" dvalue="2000-11-17" />
<TLINK id="TL9" fromID="E37" fromText="a routine physical" toID="E2" toText="noted" type="OVERLAP" />
<TLINK id="TL15" fromID="E35" fromText="weight loss" toID="E34" toText="swelling in his neck and groin" type="OVERLAP" />
<TLINK id="TL20" fromID="E37" fromText="a routine physical" toID="E41" toText="a white blood cell count" type="OVERLAP" />
<TLINK id="TL22" fromID="E8" fromText="watched" toID="E28" toText="his initial diagnosis" type="AFTER" />
<TLINK id="TL24" fromID="E28" fromText="his initial diagnosis" toID="E26" toText="more symptomatic" type="OVERLAP" />
<TLINK id="TL25" fromID="E29" fromText="rapidly increasing leukocytosis" toID="E26" toText="more symptomatic" type="OVERLAP" />
<TLINK id="TL26" fromID="E28" fromText="his initial diagnosis" toID="E29" toText="rapidly increasing leukocytosis" type="OVERLAP" />
<TLINK id="TL28" fromID="E59" fromText="three cycles of fludarabine" toID="E58" toText="cytoxan" type="OVERLAP" />
<TLINK id="TL41" fromID="E48" fromText="repeat bone marrow harvest" toID="E49" toText="Neupogen" type="OVERLAP" />
<TLINK id="TL42" fromID="E48" fromText="repeat bone marrow harvest" toID="E54" toText="his harvest" type="OVERLAP" />
<TLINK id="TL43" fromID="E48" fromText="repeat bone marrow harvest" toID="E55" toText="autologous bone marrow transplantation" type="OVERLAP" />
<TLINK id="TL44" fromID="E49" fromText="Neupogen" toID="E54" toText="his harvest" type="BEFORE" />
<TLINK id="TL45" fromID="E49" fromText="Neupogen" toID="E55" toText="autologous bone marrow transplantation" type="OVERLAP" />
<TLINK id="TL46" fromID="E54" fromText="his harvest" toID="E55" toText="autologous bone marrow transplantation" type="OVERLAP" />
<TLINK id="TL47" fromID="E3" fromText="revealed" toID="E31" toText="less than 5% of intratrabecular space involvement" type="BEFORE" />
<TLINK id="TL48" fromID="E40" fromText="His most recent bone marrow biopsy" toID="E3" toText="revealed" type="OVERLAP" />
<TLINK id="TL50" fromID="E4" fromText="showed" toID="E20" toText="significant lymphadenopathy" type="OVERLAP" />
<TLINK id="TL51" fromID="E39" fromText="Recent CT scan" toID="E4" toText="showed" type="OVERLAP" />
<TLINK id="TL52" fromID="E39" fromText="Recent CT scan" toID="E20" toText="significant lymphadenopathy" type="OVERLAP" />
<TLINK id="TL58" fromID="E52" fromText="cytoxan" toID="E53" toText="total body irradiation" type="OVERLAP" />
<TLINK id="TL64" fromID="E18" fromText="mucositis" toID="E19" toText="nausea" type="OVERLAP" />
<TLINK id="TL65" fromID="E21" fromText="pain" toID="E18" toText="mucositis" type="OVERLAP" />
<TLINK id="TL66" fromID="E18" fromText="mucositis" toID="E24" toText="vomiting" type="OVERLAP" />
<TLINK id="TL67" fromID="E21" fromText="pain" toID="E19" toText="nausea" type="OVERLAP" />
<TLINK id="TL68" fromID="E19" fromText="nausea" toID="E24" toText="vomiting" type="OVERLAP" />
<TLINK id="TL69" fromID="E21" fromText="pain" toID="E24" toText="vomiting" type="OVERLAP" />
<TLINK id="TL72" fromID="E25" fromText="jitteryness" toID="E22" toText="restless legs" type="OVERLAP" />
<TLINK id="TL76" fromID="E23" fromText="afebrile" toID="E46" toText="ceftazidime" type="OVERLAP" />
<TLINK id="TL77" fromID="E38" fromText="Blood cultures" toID="E42" toText="urine cultures" type="OVERLAP" />
<TLINK id="TL81" fromID="E2" fromText="noted" toID="T7" toText="06/98" type="OVERLAP" />
<TLINK id="TL82" fromID="E9" fromText="diagnosed" toID="T7" toText="06/98" type="OVERLAP" />
<TLINK id="TL83" fromID="E34" fromText="swelling in his neck and groin" toID="T7" toText="06/98" type="OVERLAP" />
<TLINK id="TL84" fromID="E35" fromText="weight loss" toID="T7" toText="06/98" type="OVERLAP" />
<TLINK id="TL85" fromID="E37" fromText="a routine physical" toID="T7" toText="06/98" type="OVERLAP" />
<TLINK id="TL86" fromID="E41" fromText="a white blood cell count" toID="T7" toText="06/98" type="OVERLAP" />
<TLINK id="TL88" fromID="E26" fromText="more symptomatic" toID="T6" toText="six months" type="OVERLAP" />
<TLINK id="TL89" fromID="E28" fromText="his initial diagnosis" toID="T6" toText="six months" type="OVERLAP" />
<TLINK id="TL90" fromID="E29" fromText="rapidly increasing leukocytosis" toID="T6" toText="six months" type="OVERLAP" />
<TLINK id="TL91" fromID="E30" fromText="insufficient cells" toID="T9" toText="08/22" type="OVERLAP" />
<TLINK id="TL92" fromID="E51" fromText="bone marrow harvest" toID="T9" toText="08/22" type="OVERLAP" />
<TLINK id="TL93" fromID="E6" fromText="cells" toID="T8" toText="that time" type="OVERLAP" />
<TLINK id="TL94" fromID="E7" fromText="this admission" toID="T8" toText="that time" type="OVERLAP" />
<TLINK id="TL95" fromID="E48" fromText="repeat bone marrow harvest" toID="T8" toText="that time" type="OVERLAP" />
<TLINK id="TL96" fromID="E49" fromText="Neupogen" toID="T8" toText="that time" type="OVERLAP" />
<TLINK id="TL97" fromID="E54" fromText="his harvest" toID="T8" toText="that time" type="OVERLAP" />
<TLINK id="TL98" fromID="E55" fromText="autologous bone marrow transplantation" toID="T8" toText="that time" type="OVERLAP" />
<TLINK id="TL99" fromID="E13" fromText="admitted" toID="T1" toText="10/22/00" type="OVERLAP" />
<TLINK id="TL102" fromID="E12" fromText="uneventful" toID="T2" toText="10/29/00" type="OVERLAP" />
<TLINK id="TL105" fromID="E6" fromText="cells" toID="E13" toText="admitted" type="OVERLAP" />
<TLINK id="TL106" fromID="E6" fromText="cells" toID="E52" toText="cytoxan" type="OVERLAP" />
<TLINK id="TL107" fromID="E6" fromText="cells" toID="E53" toText="total body irradiation" type="OVERLAP" />
<TLINK id="TL108" fromID="E7" fromText="this admission" toID="E13" toText="admitted" type="OVERLAP" />
<TLINK id="TL109" fromID="E7" fromText="this admission" toID="E52" toText="cytoxan" type="OVERLAP" />
<TLINK id="TL110" fromID="E7" fromText="this admission" toID="E53" toText="total body irradiation" type="OVERLAP" />
<TLINK id="TL111" fromID="E48" fromText="repeat bone marrow harvest" toID="E13" toText="admitted" type="OVERLAP" />
<TLINK id="TL112" fromID="E48" fromText="repeat bone marrow harvest" toID="E52" toText="cytoxan" type="OVERLAP" />
<TLINK id="TL113" fromID="E48" fromText="repeat bone marrow harvest" toID="E53" toText="total body irradiation" type="OVERLAP" />
<TLINK id="TL114" fromID="E49" fromText="Neupogen" toID="E13" toText="admitted" type="OVERLAP" />
<TLINK id="TL115" fromID="E49" fromText="Neupogen" toID="E52" toText="cytoxan" type="OVERLAP" />
<TLINK id="TL116" fromID="E49" fromText="Neupogen" toID="E53" toText="total body irradiation" type="OVERLAP" />
<TLINK id="TL117" fromID="E54" fromText="his harvest" toID="E13" toText="admitted" type="OVERLAP" />
<TLINK id="TL118" fromID="E54" fromText="his harvest" toID="E52" toText="cytoxan" type="OVERLAP" />
<TLINK id="TL119" fromID="E54" fromText="his harvest" toID="E53" toText="total body irradiation" type="OVERLAP" />
<TLINK id="TL120" fromID="E55" fromText="autologous bone marrow transplantation" toID="E13" toText="admitted" type="OVERLAP" />
<TLINK id="TL121" fromID="E55" fromText="autologous bone marrow transplantation" toID="E52" toText="cytoxan" type="OVERLAP" />
<TLINK id="TL122" fromID="E55" fromText="autologous bone marrow transplantation" toID="E53" toText="total body irradiation" type="OVERLAP" />
<TLINK id="TL123" fromID="E13" fromText="admitted" toID="E6" toText="cells" type="OVERLAP" />
<TLINK id="TL124" fromID="E13" fromText="admitted" toID="E7" toText="this admission" type="OVERLAP" />
<TLINK id="TL125" fromID="E13" fromText="admitted" toID="E48" toText="repeat bone marrow harvest" type="OVERLAP" />
<TLINK id="TL126" fromID="E13" fromText="admitted" toID="E49" toText="Neupogen" type="OVERLAP" />
<TLINK id="TL127" fromID="E13" fromText="admitted" toID="E54" toText="his harvest" type="OVERLAP" />
<TLINK id="TL128" fromID="E13" fromText="admitted" toID="E55" toText="autologous bone marrow transplantation" type="OVERLAP" />
<TLINK id="TL129" fromID="E52" fromText="cytoxan" toID="E6" toText="cells" type="OVERLAP" />
<TLINK id="TL130" fromID="E52" fromText="cytoxan" toID="E7" toText="this admission" type="OVERLAP" />
<TLINK id="TL131" fromID="E52" fromText="cytoxan" toID="E48" toText="repeat bone marrow harvest" type="OVERLAP" />
<TLINK id="TL132" fromID="E52" fromText="cytoxan" toID="E49" toText="Neupogen" type="OVERLAP" />
<TLINK id="TL133" fromID="E52" fromText="cytoxan" toID="E54" toText="his harvest" type="OVERLAP" />
<TLINK id="TL134" fromID="E52" fromText="cytoxan" toID="E55" toText="autologous bone marrow transplantation" type="OVERLAP" />
<TLINK id="TL135" fromID="E53" fromText="total body irradiation" toID="E6" toText="cells" type="OVERLAP" />
<TLINK id="TL136" fromID="E53" fromText="total body irradiation" toID="E7" toText="this admission" type="OVERLAP" />
<TLINK id="TL137" fromID="E53" fromText="total body irradiation" toID="E48" toText="repeat bone marrow harvest" type="OVERLAP" />
<TLINK id="TL138" fromID="E53" fromText="total body irradiation" toID="E49" toText="Neupogen" type="OVERLAP" />
<TLINK id="TL139" fromID="E53" fromText="total body irradiation" toID="E54" toText="his harvest" type="OVERLAP" />
<TLINK id="TL140" fromID="E53" fromText="total body irradiation" toID="E55" toText="autologous bone marrow transplantation" type="OVERLAP" />
<TLINK id="SECTIME0" fromID="E1" fromText="the Santusli Hospital" toID="T5" toText="10/22/2000" type="BEFORE" />
<TLINK id="SECTIME1" fromID="E2" fromText="noted" toID="T5" toText="10/22/2000" type="BEFORE" />
<TLINK id="SECTIME2" fromID="E3" fromText="revealed" toID="T5" toText="10/22/2000" type="BEFORE" />
<TLINK id="SECTIME3" fromID="E4" fromText="showed" toID="T5" toText="10/22/2000" type="BEFORE" />
<TLINK id="SECTIME4" fromID="E5" fromText="tolerate adequate p.o.&apos;s" toID="T4" toText="11/17/2000" type="BEFORE" />
<TLINK id="SECTIME5" fromID="E6" fromText="cells" toID="T5" toText="10/22/2000" type="BEFORE" />
<TLINK id="SECTIME6" fromID="E7" fromText="this admission" toID="T5" toText="10/22/2000" type="BEFORE" />
<TLINK id="SECTIME7" fromID="E8" fromText="watched" toID="T5" toText="10/22/2000" type="BEFORE" />
<TLINK id="SECTIME8" fromID="E9" fromText="diagnosed" toID="T5" toText="10/22/2000" type="BEFORE" />
<TLINK id="SECTIME9" fromID="E10" fromText="tolerate antiemetics well" toID="T4" toText="11/17/2000" type="BEFORE" />
<TLINK id="SECTIME10" fromID="E11" fromText="His post-transplant course" toID="T4" toText="11/17/2000" type="BEFORE" />
<TLINK id="SECTIME11" fromID="E12" fromText="uneventful" toID="T4" toText="11/17/2000" type="BEFORE" />
<TLINK id="SECTIME12" fromID="E13" fromText="admitted" toID="T4" toText="11/17/2000" type="BEFORE" />
<TLINK id="SECTIME13" fromID="E14" fromText="admitted" toID="T5" toText="10/22/2000" type="BEFORE" />
<TLINK id="SECTIME14" fromID="E17" fromText="pancytopenia" toID="T4" toText="11/17/2000" type="BEFORE" />
<TLINK id="SECTIME15" fromID="E18" fromText="mucositis" toID="T4" toText="11/17/2000" type="BEFORE" />
<TLINK id="SECTIME16" fromID="E19" fromText="nausea" toID="T4" toText="11/17/2000" type="BEFORE" />
<TLINK id="SECTIME17" fromID="E20" fromText="significant lymphadenopathy" toID="T5" toText="10/22/2000" type="BEFORE" />
<TLINK id="SECTIME18" fromID="E21" fromText="pain" toID="T4" toText="11/17/2000" type="BEFORE" />
<TLINK id="SECTIME19" fromID="E22" fromText="restless legs" toID="T4" toText="11/17/2000" type="BEFORE" />
<TLINK id="SECTIME20" fromID="E23" fromText="afebrile" toID="T4" toText="11/17/2000" type="BEFORE" />
<TLINK id="SECTIME21" fromID="E24" fromText="vomiting" toID="T4" toText="11/17/2000" type="BEFORE" />
<TLINK id="SECTIME22" fromID="E25" fromText="jitteryness" toID="T4" toText="11/17/2000" type="BEFORE" />
<TLINK id="SECTIME23" fromID="E26" fromText="more symptomatic" toID="T5" toText="10/22/2000" type="BEFORE" />
<TLINK id="SECTIME24" fromID="E27" fromText="90% involvement of his intratrabecular space" toID="T5" toText="10/22/2000" type="BEFORE" />
<TLINK id="SECTIME25" fromID="E28" fromText="his initial diagnosis" toID="T5" toText="10/22/2000" type="BEFORE" />
<TLINK id="SECTIME26" fromID="E29" fromText="rapidly increasing leukocytosis" toID="T5" toText="10/22/2000" type="BEFORE" />
<TLINK id="SECTIME27" fromID="E30" fromText="insufficient cells" toID="T5" toText="10/22/2000" type="BEFORE" />
<TLINK id="SECTIME28" fromID="E31" fromText="less than 5% of intratrabecular space involvement" toID="T5" toText="10/22/2000" type="BEFORE" />
<TLINK id="SECTIME29" fromID="E32" fromText="a protocol eligible minimal disease state" toID="T5" toText="10/22/2000" type="BEFORE" />
<TLINK id="SECTIME30" fromID="E33" fromText="relative pancytopenia" toID="T5" toText="10/22/2000" type="BEFORE" />
<TLINK id="SECTIME31" fromID="E34" fromText="swelling in his neck and groin" toID="T5" toText="10/22/2000" type="BEFORE" />
<TLINK id="SECTIME32" fromID="E35" fromText="weight loss" toID="T5" toText="10/22/2000" type="BEFORE" />
<TLINK id="SECTIME33" fromID="E36" fromText="advanced stage chronic lymphocytic leukemia" toID="T5" toText="10/22/2000" type="BEFORE" />
<TLINK id="SECTIME34" fromID="E37" fromText="a routine physical" toID="T5" toText="10/22/2000" type="BEFORE" />
<TLINK id="SECTIME35" fromID="E38" fromText="Blood cultures" toID="T4" toText="11/17/2000" type="BEFORE" />
<TLINK id="SECTIME36" fromID="E39" fromText="Recent CT scan" toID="T5" toText="10/22/2000" type="BEFORE" />
<TLINK id="SECTIME37" fromID="E40" fromText="His most recent bone marrow biopsy" toID="T5" toText="10/22/2000" type="BEFORE" />
<TLINK id="SECTIME38" fromID="E41" fromText="a white blood cell count" toID="T5" toText="10/22/2000" type="BEFORE" />
<TLINK id="SECTIME39" fromID="E42" fromText="urine cultures" toID="T4" toText="11/17/2000" type="BEFORE" />
<TLINK id="SECTIME40" fromID="E43" fromText="intermittent transfusions" toID="T4" toText="11/17/2000" type="BEFORE" />
<TLINK id="SECTIME41" fromID="E44" fromText="TPN" toID="T4" toText="11/17/2000" type="BEFORE" />
<TLINK id="SECTIME42" fromID="E45" fromText="Autologous bone marrow infusion" toID="T4" toText="11/17/2000" type="BEFORE" />
<TLINK id="SECTIME43" fromID="E46" fromText="ceftazidime" toID="T4" toText="11/17/2000" type="BEFORE" />
<TLINK id="SECTIME44" fromID="E47" fromText="IV fluids" toID="T4" toText="11/17/2000" type="BEFORE" />
<TLINK id="SECTIME45" fromID="E48" fromText="repeat bone marrow harvest" toID="T5" toText="10/22/2000" type="BEFORE" />
<TLINK id="SECTIME46" fromID="E49" fromText="Neupogen" toID="T5" toText="10/22/2000" type="BEFORE" />
<TLINK id="SECTIME47" fromID="E50" fromText="this therapy" toID="T5" toText="10/22/2000" type="BEFORE" />
<TLINK id="SECTIME48" fromID="E51" fromText="bone marrow harvest" toID="T5" toText="10/22/2000" type="BEFORE" />
<TLINK id="SECTIME49" fromID="E52" fromText="cytoxan" toID="T4" toText="11/17/2000" type="BEFORE" />
<TLINK id="SECTIME50" fromID="E53" fromText="total body irradiation" toID="T4" toText="11/17/2000" type="BEFORE" />
<TLINK id="SECTIME51" fromID="E54" fromText="his harvest" toID="T5" toText="10/22/2000" type="BEFORE" />
<TLINK id="SECTIME52" fromID="E55" fromText="autologous bone marrow transplantation" toID="T5" toText="10/22/2000" type="BEFORE" />
<TLINK id="SECTIME53" fromID="E56" fromText="autologous bone marrow transplant" toID="T5" toText="10/22/2000" type="BEFORE" />
<TLINK id="SECTIME54" fromID="E57" fromText="this therapy" toID="T5" toText="10/22/2000" type="BEFORE" />
<TLINK id="SECTIME55" fromID="E58" fromText="cytoxan" toID="T5" toText="10/22/2000" type="BEFORE" />
<TLINK id="SECTIME56" fromID="E59" fromText="three cycles of fludarabine" toID="T5" toText="10/22/2000" type="BEFORE" />
<TLINK id="SECTIME57" fromID="E60" fromText="treatment with three cycles of fludarabine" toID="T5" toText="10/22/2000" type="BEFORE" />
</TAGS>
</ClinicalNarrativeTemporalAnnotation>