<?xml version="1.0" encoding="UTF-8" ?>
<ClinicalNarrativeTemporalAnnotation>
<TEXT><![CDATA[
Admission Date :
2015-06-10
Discharge Date :
2015-06-11
Service :
HISTORY OF PRESENT ILLNESS :
HISTORY OF PRESENT ILLNESS :
This is a 44 - year-old male with a history of coronary artery disease , status post myocardial infarction in 9/02 , status post stent proximal and mid-RCA lesion and OM lesion .
He had a Myoview on 05-04 which showed fixed inferior wall defect but no evidence of ischemia .
He has been getting short of breath with exertion times one month and also has occasional chest tightness .
He denies orthopnea , edema , paroxysmal nocturnal dyspnea , diaphoresis , claudication .
He also has history of hypertension , high cholesterol and noninsulin dependent diabetes mellitus .
He underwent cardiac catheterization today which revealed OM , no obstructive disease , left anterior descending minimal disease , left circumflex 40% mid-stenosis .
Right coronary artery 100% mid-stenosis .
Echo in 9/02 showed LVF of 75% with moderate dilatation of the descending aorta .
He is now preop for a coronary artery bypass graft .
]]></TEXT>
<TAGS>
<EVENT id="E1" start="747" end="755" text="revealed" modality="FACTUAL" polarity="POS" type="EVIDENTIAL" />
<EVENT id="E2" start="511" end="517" text="denies" modality="FACTUAL" polarity="POS" type="EVIDENTIAL" />
<EVENT id="E3" start="919" end="925" text="showed" modality="FACTUAL" polarity="POS" type="EVIDENTIAL" />
<EVENT id="E4" start="336" end="342" text="showed" modality="FACTUAL" polarity="POS" type="EVIDENTIAL" />
<EVENT id="E5" start="1" end="10" text="Admission" modality="FACTUAL" polarity="POS" type="OCCURRENCE" />
<EVENT id="E6" start="29" end="38" text="Discharge" modality="FACTUAL" polarity="POS" type="OCCURRENCE" />
<EVENT id="E7" start="172" end="180" text="coronary artery disease" modality="FACTUAL" polarity="POS" type="PROBLEM" />
<EVENT id="E8" start="210" end="220" text="myocardial infarction" modality="FACTUAL" polarity="POS" type="PROBLEM" />
<EVENT id="E9" start="260" end="268" text="proximal and mid-RCA lesion" modality="FACTUAL" polarity="POS" type="PROBLEM" />
<EVENT id="E10" start="292" end="294" text="OM lesion" modality="FACTUAL" polarity="POS" type="PROBLEM" />
<EVENT id="E11" start="343" end="348" text="fixed inferior wall defect" modality="FACTUAL" polarity="POS" type="PROBLEM" />
<EVENT id="E12" start="389" end="397" text="ischemia" modality="FACTUAL" polarity="POS" type="PROBLEM" />
<EVENT id="E13" start="420" end="425" text="short of breath" modality="FACTUAL" polarity="POS" type="PROBLEM" />
<EVENT id="E14" start="479" end="489" text="occasional chest tightness" modality="FACTUAL" polarity="POS" type="PROBLEM" />
<EVENT id="E15" start="942" end="950" text="moderate dilatation of the descending aorta" modality="FACTUAL" polarity="POS" type="PROBLEM" />
<EVENT id="E16" start="864" end="869" text="Right coronary artery 100% mid-stenosis" modality="FACTUAL" polarity="POS" type="PROBLEM" />
<EVENT id="E17" start="829" end="833" text="left circumflex 40% mid-stenosis" modality="FACTUAL" polarity="POS" type="PROBLEM" />
<EVENT id="E18" start="786" end="790" text="left anterior descending minimal disease" modality="FACTUAL" polarity="POS" type="PROBLEM" />
<EVENT id="E19" start="764" end="775" text="obstructive disease" modality="FACTUAL" polarity="POS" type="PROBLEM" />
<EVENT id="E20" start="657" end="667" text="noninsulin dependent diabetes mellitus" modality="FACTUAL" polarity="POS" type="PROBLEM" />
<EVENT id="E21" start="636" end="640" text="high cholesterol" modality="FACTUAL" polarity="POS" type="PROBLEM" />
<EVENT id="E22" start="621" end="633" text="hypertension" modality="FACTUAL" polarity="POS" type="PROBLEM" />
<EVENT id="E23" start="583" end="595" text="claudication" modality="FACTUAL" polarity="POS" type="PROBLEM" />
<EVENT id="E24" start="569" end="580" text="diaphoresis" modality="FACTUAL" polarity="POS" type="PROBLEM" />
<EVENT id="E25" start="538" end="548" text="paroxysmal nocturnal dyspnea" modality="FACTUAL" polarity="POS" type="PROBLEM" />
<EVENT id="E26" start="530" end="535" text="edema" modality="FACTUAL" polarity="POS" type="PROBLEM" />
<EVENT id="E27" start="518" end="527" text="orthopnea" modality="FACTUAL" polarity="POS" type="PROBLEM" />
<EVENT id="E28" start="906" end="910" text="Echo" modality="FACTUAL" polarity="POS" type="TEST" />
<EVENT id="E29" start="711" end="718" text="cardiac catheterization" modality="FACTUAL" polarity="POS" type="TEST" />
<EVENT id="E30" start="926" end="929" text="LVF" modality="FACTUAL" polarity="POS" type="TEST" />
<EVENT id="E31" start="311" end="312" text="a Myoview" modality="FACTUAL" polarity="POS" type="TEST" />
<EVENT id="E32" start="254" end="259" text="stent" modality="FACTUAL" polarity="POS" type="TREATMENT" />
<EVENT id="E33" start="1008" end="1009" text="a coronary artery bypass graft" modality="FACTUAL" polarity="POS" type="TREATMENT" />
<TIMEX3 id="T1" start="324" end="326" text="05-04" type="DATE" val="2015-05-04" mod="NA" />
<TIMEX3 id="T2" start="914" end="915" text="9/02" type="DATE" val="2015-09-02" mod="NA" />
<TIMEX3 id="T3" start="735" end="740" text="today" type="DATE" val="2015-06-10" mod="NA" />
<TIMEX3 id="T4" start="450" end="455" text="times one month" type="DURATION" val="P1M" mod="NA" />
<TIMEX3 id="T5" start="46" end="50" text="2015-06-11" type="DATE" val="2015-06-11" mod="NA" />
<TIMEX3 id="T6" start="18" end="22" text="2015-06-10" type="DATE" val="2015-06-10" mod="NA" />
<SECTIME id="S0" start="17" end="21" text="2015-06-10" type="ADMISSION" dvalue="2015-06-10" />
<SECTIME id="S1" start="45" end="49" text="2015-06-11" type="DISCHARGE" dvalue="2015-06-11" />
<TLINK id="TL0" fromID="E7" fromText="coronary artery disease" toID="E8" toText="myocardial infarction" type="OVERLAP" />
<TLINK id="TL1" fromID="E7" fromText="coronary artery disease" toID="E9" toText="proximal and mid-RCA lesion" type="OVERLAP" />
<TLINK id="TL2" fromID="E7" fromText="coronary artery disease" toID="E10" toText="OM lesion" type="OVERLAP" />
<TLINK id="TL4" fromID="E8" fromText="myocardial infarction" toID="E9" toText="proximal and mid-RCA lesion" type="OVERLAP" />
<TLINK id="TL5" fromID="E8" fromText="myocardial infarction" toID="E10" toText="OM lesion" type="OVERLAP" />
<TLINK id="TL7" fromID="E9" fromText="proximal and mid-RCA lesion" toID="E10" toText="OM lesion" type="OVERLAP" />
<TLINK id="TL10" fromID="E4" fromText="showed" toID="E11" toText="fixed inferior wall defect" type="BEFORE" />
<TLINK id="TL12" fromID="E31" fromText="a Myoview" toID="E4" toText="showed" type="OVERLAP" />
<TLINK id="TL13" fromID="E11" fromText="fixed inferior wall defect" toID="E12" toText="ischemia" type="OVERLAP" />
<TLINK id="TL16" fromID="E13" fromText="short of breath" toID="E14" toText="occasional chest tightness" type="OVERLAP" />
<TLINK id="TL21" fromID="E2" fromText="denies" toID="E27" toText="orthopnea" type="BEFORE" />
<TLINK id="TL22" fromID="E24" fromText="diaphoresis" toID="E23" toText="claudication" type="OVERLAP" />
<TLINK id="TL23" fromID="E25" fromText="paroxysmal nocturnal dyspnea" toID="E23" toText="claudication" type="OVERLAP" />
<TLINK id="TL24" fromID="E26" fromText="edema" toID="E23" toText="claudication" type="OVERLAP" />
<TLINK id="TL25" fromID="E27" fromText="orthopnea" toID="E23" toText="claudication" type="OVERLAP" />
<TLINK id="TL26" fromID="E25" fromText="paroxysmal nocturnal dyspnea" toID="E24" toText="diaphoresis" type="OVERLAP" />
<TLINK id="TL27" fromID="E26" fromText="edema" toID="E24" toText="diaphoresis" type="OVERLAP" />
<TLINK id="TL28" fromID="E27" fromText="orthopnea" toID="E24" toText="diaphoresis" type="OVERLAP" />
<TLINK id="TL29" fromID="E26" fromText="edema" toID="E25" toText="paroxysmal nocturnal dyspnea" type="OVERLAP" />
<TLINK id="TL30" fromID="E27" fromText="orthopnea" toID="E25" toText="paroxysmal nocturnal dyspnea" type="OVERLAP" />
<TLINK id="TL31" fromID="E27" fromText="orthopnea" toID="E26" toText="edema" type="OVERLAP" />
<TLINK id="TL32" fromID="E21" fromText="high cholesterol" toID="E20" toText="noninsulin dependent diabetes mellitus" type="OVERLAP" />
<TLINK id="TL33" fromID="E22" fromText="hypertension" toID="E20" toText="noninsulin dependent diabetes mellitus" type="OVERLAP" />
<TLINK id="TL34" fromID="E22" fromText="hypertension" toID="E21" toText="high cholesterol" type="OVERLAP" />
<TLINK id="TL37" fromID="E1" fromText="revealed" toID="E19" toText="obstructive disease" type="OVERLAP" />
<TLINK id="TL38" fromID="E29" fromText="cardiac catheterization" toID="E1" toText="revealed" type="OVERLAP" />
<TLINK id="TL39" fromID="E18" fromText="left anterior descending minimal disease" toID="E17" toText="left circumflex 40% mid-stenosis" type="OVERLAP" />
<TLINK id="TL40" fromID="E19" fromText="obstructive disease" toID="E17" toText="left circumflex 40% mid-stenosis" type="OVERLAP" />
<TLINK id="TL42" fromID="E19" fromText="obstructive disease" toID="E18" toText="left anterior descending minimal disease" type="OVERLAP" />
<TLINK id="TL44" fromID="E29" fromText="cardiac catheterization" toID="E19" toText="obstructive disease" type="OVERLAP" />
<TLINK id="TL46" fromID="E28" fromText="Echo" toID="E3" toText="showed" type="OVERLAP" />
<TLINK id="TL47" fromID="E3" fromText="showed" toID="E30" toText="LVF" type="OVERLAP" />
<TLINK id="TL50" fromID="E28" fromText="Echo" toID="E30" toText="LVF" type="OVERLAP" />
<TLINK id="TL51" fromID="E4" fromText="showed" toID="T1" toText="05-04" type="OVERLAP" />
<TLINK id="TL52" fromID="E11" fromText="fixed inferior wall defect" toID="T1" toText="05-04" type="OVERLAP" />
<TLINK id="TL53" fromID="E12" fromText="ischemia" toID="T1" toText="05-04" type="OVERLAP" />
<TLINK id="TL54" fromID="E31" fromText="a Myoview" toID="T1" toText="05-04" type="OVERLAP" />
<TLINK id="TL55" fromID="E13" fromText="short of breath" toID="T4" toText="times one month" type="OVERLAP" />
<TLINK id="TL56" fromID="E14" fromText="occasional chest tightness" toID="T4" toText="times one month" type="OVERLAP" />
<TLINK id="TL62" fromID="E3" fromText="showed" toID="T2" toText="9/02" type="OVERLAP" />
<TLINK id="TL63" fromID="E15" fromText="moderate dilatation of the descending aorta" toID="T2" toText="9/02" type="OVERLAP" />
<TLINK id="TL64" fromID="E28" fromText="Echo" toID="T2" toText="9/02" type="OVERLAP" />
<TLINK id="TL65" fromID="E30" fromText="LVF" toID="T2" toText="9/02" type="OVERLAP" />
<TLINK id="SECTIME0" fromID="E1" fromText="revealed" toID="T5" toText="2015-06-11" type="BEFORE" />
<TLINK id="SECTIME1" fromID="E2" fromText="denies" toID="T5" toText="2015-06-11" type="BEFORE" />
<TLINK id="SECTIME2" fromID="E3" fromText="showed" toID="T5" toText="2015-06-11" type="BEFORE" />
<TLINK id="SECTIME3" fromID="E4" fromText="showed" toID="T5" toText="2015-06-11" type="BEFORE" />
<TLINK id="TL118" fromID="E5" fromText="Admission" toID="T6" toText="2015-06-10" type="OVERLAP" />
<TLINK id="TL120" fromID="E6" fromText="Discharge" toID="T5" toText="2015-06-11" type="OVERLAP" />
<TLINK id="SECTIME4" fromID="E7" fromText="coronary artery disease" toID="T5" toText="2015-06-11" type="BEFORE" />
<TLINK id="SECTIME5" fromID="E8" fromText="myocardial infarction" toID="T5" toText="2015-06-11" type="BEFORE" />
<TLINK id="SECTIME6" fromID="E9" fromText="proximal and mid-RCA lesion" toID="T5" toText="2015-06-11" type="BEFORE" />
<TLINK id="SECTIME7" fromID="E10" fromText="OM lesion" toID="T5" toText="2015-06-11" type="BEFORE" />
<TLINK id="SECTIME8" fromID="E11" fromText="fixed inferior wall defect" toID="T5" toText="2015-06-11" type="BEFORE" />
<TLINK id="SECTIME9" fromID="E12" fromText="ischemia" toID="T5" toText="2015-06-11" type="BEFORE" />
<TLINK id="SECTIME10" fromID="E13" fromText="short of breath" toID="T5" toText="2015-06-11" type="BEFORE" />
<TLINK id="SECTIME11" fromID="E14" fromText="occasional chest tightness" toID="T5" toText="2015-06-11" type="BEFORE" />
<TLINK id="SECTIME12" fromID="E15" fromText="moderate dilatation of the descending aorta" toID="T5" toText="2015-06-11" type="BEFORE" />
<TLINK id="SECTIME13" fromID="E16" fromText="Right coronary artery 100% mid-stenosis" toID="T5" toText="2015-06-11" type="BEFORE" />
<TLINK id="SECTIME14" fromID="E17" fromText="left circumflex 40% mid-stenosis" toID="T5" toText="2015-06-11" type="BEFORE" />
<TLINK id="SECTIME15" fromID="E18" fromText="left anterior descending minimal disease" toID="T5" toText="2015-06-11" type="BEFORE" />
<TLINK id="SECTIME16" fromID="E19" fromText="obstructive disease" toID="T5" toText="2015-06-11" type="BEFORE" />
<TLINK id="SECTIME17" fromID="E20" fromText="noninsulin dependent diabetes mellitus" toID="T5" toText="2015-06-11" type="BEFORE" />
<TLINK id="SECTIME18" fromID="E21" fromText="high cholesterol" toID="T5" toText="2015-06-11" type="BEFORE" />
<TLINK id="SECTIME19" fromID="E22" fromText="hypertension" toID="T5" toText="2015-06-11" type="BEFORE" />
<TLINK id="SECTIME20" fromID="E23" fromText="claudication" toID="T5" toText="2015-06-11" type="BEFORE" />
<TLINK id="SECTIME21" fromID="E24" fromText="diaphoresis" toID="T5" toText="2015-06-11" type="BEFORE" />
<TLINK id="SECTIME22" fromID="E25" fromText="paroxysmal nocturnal dyspnea" toID="T5" toText="2015-06-11" type="BEFORE" />
<TLINK id="SECTIME23" fromID="E26" fromText="edema" toID="T5" toText="2015-06-11" type="BEFORE" />
<TLINK id="SECTIME24" fromID="E27" fromText="orthopnea" toID="T5" toText="2015-06-11" type="BEFORE" />
<TLINK id="SECTIME25" fromID="E28" fromText="Echo" toID="T5" toText="2015-06-11" type="BEFORE" />
<TLINK id="SECTIME26" fromID="E29" fromText="cardiac catheterization" toID="T5" toText="2015-06-11" type="BEFORE" />
<TLINK id="SECTIME27" fromID="E30" fromText="LVF" toID="T5" toText="2015-06-11" type="BEFORE" />
<TLINK id="SECTIME28" fromID="E31" fromText="a Myoview" toID="T5" toText="2015-06-11" type="BEFORE" />
<TLINK id="SECTIME29" fromID="E32" fromText="stent" toID="T5" toText="2015-06-11" type="BEFORE" />
<TLINK id="SECTIME30" fromID="E33" fromText="a coronary artery bypass graft" toID="T5" toText="2015-06-11" type="BEFORE" />
</TAGS>
</ClinicalNarrativeTemporalAnnotation>