<?xml version="1.0" encoding="UTF-8" ?>
<ClinicalNarrativeTemporalAnnotation>
<TEXT><![CDATA[
Admission Date :
2015-06-05
Discharge Date :
2015-06-10
Service :
Neonatology
HISTORY :
The patient is a 1,770 gram male infant born by stat cesarean section for fetal bradycardia at 30-6/7 weeks gestation to a 29-year-old gravida 3 , para 0 now 1 mother .
The pregnancy was unremarkable until 2015-06-01 when the mother presented to Shriner 's Hospital for Crippled Children for increased blood pressure and proteinuria .
She was transferred to Charles River Hospital and was treated with magnesium sulfate and betamethasone .
The morning of admission the mother developed vaginal bleeding and fetal bradycardia was noted .
Therefore , a stat cesarean section was performed .
The infant emerged limp and without spontaneous respiratory effort .
He was given bag mask ventilation with good response .
Apgar scores were 6 at one minute and 8 at five minutes .
PRENATAL SCREENS :
O+ , hepatitis B surface antigen negative ,
RPR nonreactive , rubella immune .
HOSPITAL COURSE :
1. Cardiovascular :
The patient remained cardiovascularly stable throughout the admission .
He was noted to have some apnea and bradycardic spells of prematurity and was therefore started on caffeine .
With the initiation of caffeine therapy the patient has had no more apnea or bradycardic events .
2. Respiratory :
The patient was initially started on nasal prong CPAP at 6 and required additional oxygen to 35% .
However by 24 hours he transitioned to low-flow nasal cannula and on day of life five transitioned to room air where he currently remains .
3. Fluids , electrolytes and nutrition :
The patient was initially maintained on intravenous fluids only and when his respiratory distress resolved he was transitioned to enteral feeds .
The morning of transfer his IV came out so he has just been advanced to 120 cc per kg per day of PE-20 and his tolerating these PG feedings without difficulty .
Last set of electrolytes on 06-08 , DOL3 :
Na 145 , K 4.3 , Cl 110 , tCO2 25 .
Discharge Wt 1645 gms .
4. Hematology :
His admission complete blood count was notable for a white count of 11.8 , 25 polys and no bands .
Hematocrit was 45 , platelet count 270 .
He developed physiologic hyperbilirubinemia ( peak bili 8.6/0.3 on 06-08 , DOL3 ) for which he was treated with a single phototherapy .
His most recent bilirubin was 6.6 on day of life six , the day of discharge , and his phototherapy was discontinued. He will need a rebound bilirubin level in am .
5. Infectious disease :
Blood culture was sent but he was never started on antibiotics .
The blood culture remained sterile .
He was noted to have an erythematous perianal rash and for this was started on Nystatin powder .
The parents were updated throughout the admission and a family meeting was held on 2015-06-09 .
6. Sensory :
The patient has not had an CMED examination or hearing test .
]]></TEXT>
<TAGS>
<EVENT id="E1" start="335" end="342" text="Shriner 's Hospital" modality="FACTUAL" polarity="POS" type="CLINICAL_DEPT" />
<EVENT id="E2" start="447" end="454" text="Charles River Hospital" modality="FACTUAL" polarity="POS" type="CLINICAL_DEPT" />
<EVENT id="E3" start="2798" end="2802" text="CMED" modality="FACTUAL" polarity="POS" type="CLINICAL_DEPT" />
<EVENT id="E4" start="1075" end="1080" text="noted" modality="FACTUAL" polarity="POS" type="EVIDENTIAL" />
<EVENT id="E5" start="2572" end="2577" text="noted" modality="FACTUAL" polarity="POS" type="EVIDENTIAL" />
<EVENT id="E6" start="276" end="288" text="unremarkable" modality="FACTUAL" polarity="POS" type="EVIDENTIAL" />
<EVENT id="E7" start="322" end="331" text="presented" modality="FACTUAL" polarity="POS" type="EVIDENTIAL" />
<EVENT id="E8" start="618" end="623" text="noted" modality="FACTUAL" polarity="POS" type="EVIDENTIAL" />
<EVENT id="E9" start="368" end="376" text="Children" modality="FACTUAL" polarity="POS" type="OCCURRENCE" />
<EVENT id="E10" start="322" end="331" text="presented" modality="FACTUAL" polarity="POS" type="OCCURRENCE" />
<EVENT id="E11" start="258" end="261" text="The pregnancy" modality="FACTUAL" polarity="POS" type="OCCURRENCE" />
<EVENT id="E12" start="224" end="231" text="gravida" modality="FACTUAL" polarity="POS" type="OCCURRENCE" />
<EVENT id="E13" start="197" end="206" text="gestation" modality="FACTUAL" polarity="POS" type="OCCURRENCE" />
<EVENT id="E14" start="129" end="133" text="born" modality="FACTUAL" polarity="POS" type="OCCURRENCE" />
<EVENT id="E15" start="29" end="38" text="Discharge" modality="FACTUAL" polarity="POS" type="OCCURRENCE" />
<EVENT id="E16" start="1" end="10" text="Admission" modality="FACTUAL" polarity="POS" type="OCCURRENCE" />
<EVENT id="E17" start="1779" end="1787" text="advanced" modality="FACTUAL" polarity="POS" type="OCCURRENCE" />
<EVENT id="E18" start="1687" end="1699" text="transitioned" modality="FACTUAL" polarity="POS" type="OCCURRENCE" />
<EVENT id="E19" start="1052" end="1055" text="the admission" modality="FACTUAL" polarity="POS" type="OCCURRENCE" />
<EVENT id="E20" start="1017" end="1033" text="cardiovascularly stable" modality="FACTUAL" polarity="POS" type="OCCURRENCE" />
<EVENT id="E21" start="927" end="938" text="nonreactive" modality="FACTUAL" polarity="POS" type="OCCURRENCE" />
<EVENT id="E22" start="786" end="790" text="good response" modality="FACTUAL" polarity="POS" type="OCCURRENCE" />
<EVENT id="E23" start="544" end="553" text="admission" modality="FACTUAL" polarity="POS" type="OCCURRENCE" />
<EVENT id="E24" start="432" end="443" text="transferred" modality="FACTUAL" polarity="POS" type="OCCURRENCE" />
<EVENT id="E25" start="2716" end="2717" text="a family meeting" modality="FACTUAL" polarity="POS" type="OCCURRENCE" />
<EVENT id="E26" start="1826" end="1829" text="his tolerating" modality="FACTUAL" polarity="POS" type="OCCURRENCE" />
<EVENT id="E27" start="2698" end="2701" text="the admission" modality="FACTUAL" polarity="POS" type="OCCURRENCE" />
<EVENT id="E28" start="1959" end="1968" text="Discharge" modality="FACTUAL" polarity="POS" type="OCCURRENCE" />
<EVENT id="E29" start="381" end="390" text="increased blood pressure" modality="FACTUAL" polarity="POS" type="PROBLEM" />
<EVENT id="E30" start="410" end="421" text="proteinuria" modality="FACTUAL" polarity="POS" type="PROBLEM" />
<EVENT id="E31" start="575" end="582" text="vaginal bleeding" modality="FACTUAL" polarity="POS" type="PROBLEM" />
<EVENT id="E32" start="596" end="601" text="fetal bradycardia" modality="FACTUAL" polarity="POS" type="PROBLEM" />
<EVENT id="E33" start="163" end="168" text="fetal bradycardia" modality="FACTUAL" polarity="POS" type="PROBLEM" />
<EVENT id="E34" start="2090" end="2095" text="bands" modality="FACTUAL" polarity="POS" type="PROBLEM" />
<EVENT id="E35" start="1646" end="1649" text="his respiratory distress" modality="FACTUAL" polarity="POS" type="PROBLEM" />
<EVENT id="E36" start="1255" end="1266" text="bradycardic events" modality="FACTUAL" polarity="POS" type="PROBLEM" />
<EVENT id="E37" start="1246" end="1251" text="apnea" modality="FACTUAL" polarity="POS" type="PROBLEM" />
<EVENT id="E38" start="1104" end="1115" text="bradycardic spells of prematurity" modality="FACTUAL" polarity="POS" type="PROBLEM" />
<EVENT id="E39" start="1089" end="1093" text="some apnea" modality="FACTUAL" polarity="POS" type="PROBLEM" />
<EVENT id="E40" start="714" end="725" text="spontaneous respiratory effort" modality="FACTUAL" polarity="POS" type="PROBLEM" />
<EVENT id="E41" start="697" end="701" text="limp" modality="FACTUAL" polarity="POS" type="PROBLEM" />
<EVENT id="E42" start="2586" end="2588" text="an erythematous perianal rash" modality="FACTUAL" polarity="POS" type="PROBLEM" />
<EVENT id="E43" start="2152" end="2163" text="physiologic hyperbilirubinemia" modality="FACTUAL" polarity="POS" type="PROBLEM" />
<EVENT id="E44" start="802" end="807" text="Apgar scores" modality="FACTUAL" polarity="POS" type="TEST" />
<EVENT id="E45" start="2050" end="2051" text="a white count" modality="FACTUAL" polarity="POS" type="TEST" />
<EVENT id="E46" start="1999" end="2002" text="His admission complete blood count" modality="FACTUAL" polarity="POS" type="TEST" />
<EVENT id="E47" start="1949" end="1953" text="tCO2" modality="FACTUAL" polarity="POS" type="TEST" />
<EVENT id="E48" start="1940" end="1942" text="Cl" modality="FACTUAL" polarity="POS" type="TEST" />
<EVENT id="E49" start="1923" end="1925" text="Na" modality="FACTUAL" polarity="POS" type="TEST" />
<EVENT id="E50" start="1880" end="1884" text="Last set of electrolytes" modality="FACTUAL" polarity="POS" type="TEST" />
<EVENT id="E51" start="923" end="926" text="RPR" modality="FACTUAL" polarity="POS" type="TEST" />
<EVENT id="E52" start="884" end="893" text="hepatitis B surface antigen" modality="FACTUAL" polarity="POS" type="TEST" />
<EVENT id="E53" start="2528" end="2531" text="The blood culture" modality="FACTUAL" polarity="POS" type="TEST" />
<EVENT id="E54" start="2463" end="2468" text="Blood culture" modality="FACTUAL" polarity="POS" type="TEST" />
<EVENT id="E55" start="2405" end="2406" text="a rebound bilirubin level" modality="FACTUAL" polarity="POS" type="TEST" />
<EVENT id="E56" start="2275" end="2278" text="His most recent bilirubin" modality="FACTUAL" polarity="POS" type="TEST" />
<EVENT id="E57" start="2185" end="2189" text="peak bili" modality="FACTUAL" polarity="POS" type="TEST" />
<EVENT id="E58" start="2118" end="2126" text="platelet count" modality="FACTUAL" polarity="POS" type="TEST" />
<EVENT id="E59" start="2098" end="2108" text="Hematocrit" modality="FACTUAL" polarity="POS" type="TEST" />
<EVENT id="E60" start="2074" end="2076" text="25 polys" modality="FACTUAL" polarity="POS" type="TEST" />
<EVENT id="E61" start="2795" end="2797" text="an CMED examination" modality="FACTUAL" polarity="POS" type="TEST" />
<EVENT id="E62" start="2818" end="2825" text="hearing test" modality="FACTUAL" polarity="POS" type="TEST" />
<EVENT id="E63" start="137" end="141" text="stat cesarean section" modality="FACTUAL" polarity="POS" type="TREATMENT" />
<EVENT id="E64" start="1365" end="1375" text="additional oxygen" modality="FACTUAL" polarity="POS" type="TREATMENT" />
<EVENT id="E65" start="1330" end="1335" text="nasal prong CPAP" modality="FACTUAL" polarity="POS" type="TREATMENT" />
<EVENT id="E66" start="1201" end="1209" text="caffeine therapy" modality="FACTUAL" polarity="POS" type="TREATMENT" />
<EVENT id="E67" start="1167" end="1175" text="caffeine" modality="FACTUAL" polarity="POS" type="TREATMENT" />
<EVENT id="E68" start="760" end="763" text="bag mask ventilation" modality="FACTUAL" polarity="POS" type="TREATMENT" />
<EVENT id="E69" start="638" end="639" text="a stat cesarean section" modality="FACTUAL" polarity="POS" type="TREATMENT" />
<EVENT id="E70" start="513" end="526" text="betamethasone" modality="FACTUAL" polarity="POS" type="TREATMENT" />
<EVENT id="E71" start="491" end="500" text="magnesium sulfate" modality="FACTUAL" polarity="POS" type="TREATMENT" />
<EVENT id="E72" start="2357" end="2360" text="his phototherapy" modality="FACTUAL" polarity="POS" type="TREATMENT" />
<EVENT id="E73" start="2251" end="2252" text="a single phototherapy" modality="FACTUAL" polarity="POS" type="TREATMENT" />
<EVENT id="E74" start="1841" end="1846" text="these PG feedings" modality="FACTUAL" polarity="POS" type="TREATMENT" />
<EVENT id="E75" start="1816" end="1818" text="PE-20" modality="FACTUAL" polarity="POS" type="TREATMENT" />
<EVENT id="E76" start="1743" end="1746" text="his IV" modality="FACTUAL" polarity="POS" type="TREATMENT" />
<EVENT id="E77" start="1703" end="1710" text="enteral feeds" modality="FACTUAL" polarity="POS" type="TREATMENT" />
<EVENT id="E78" start="1613" end="1624" text="intravenous fluids" modality="FACTUAL" polarity="POS" type="TREATMENT" />
<EVENT id="E79" start="1431" end="1434" text="low-flow nasal cannula" modality="FACTUAL" polarity="POS" type="TREATMENT" />
<EVENT id="E80" start="2514" end="2525" text="antibiotics" modality="FACTUAL" polarity="POS" type="TREATMENT" />
<EVENT id="E81" start="2644" end="2652" text="Nystatin powder" modality="FACTUAL" polarity="POS" type="TREATMENT" />
<TIMEX3 id="T1" start="1719" end="1722" text="The morning of transfer" type="DATE" val="2015-06-01" mod="START" />
<TIMEX3 id="T2" start="1805" end="1808" text="per day" type="FREQUENCY" val="RP24H" mod="NA" />
<TIMEX3 id="T3" start="1403" end="1405" text="24 hours" type="DURATION" val="PT24H" mod="NA" />
<TIMEX3 id="T4" start="1461" end="1464" text="day of life five" type="DATE" val="2015-06-10" mod="NA" />
<TIMEX3 id="T5" start="2312" end="2315" text="day of life six" type="DATE" val="2015-06-11" mod="NA" />
<TIMEX3 id="T6" start="2330" end="2333" text="the day of discharge" type="DATE" val="2015-06-10" mod="NA" />
<TIMEX3 id="T7" start="1908" end="1910" text="06-08" type="DATE" val="2015-06-08" mod="NA" />
<TIMEX3 id="T8" start="2206" end="2208" text="06-08" type="DATE" val="2015-06-08" mod="NA" />
<TIMEX3 id="T9" start="46" end="50" text="2015-06-10" type="DATE" val="2015-06-10" mod="NA" />
<TIMEX3 id="T10" start="18" end="22" text="2015-06-05" type="DATE" val="2015-06-05" mod="NA" />
<TIMEX3 id="T11" start="825" end="828" text="one minute" type="DURATION" val="PT1M" mod="NA" />
<TIMEX3 id="T12" start="845" end="849" text="five minutes" type="DURATION" val="PT5M" mod="NA" />
<TIMEX3 id="T13" start="295" end="299" text="2015-06-01" type="DATE" val="2015-06-01" mod="NA" />
<TIMEX3 id="T14" start="529" end="532" text="The morning of admission" type="DATE" val="2015-06-05" mod="START" />
<TIMEX3 id="T15" start="184" end="186" text="30-6/7 weeks" type="DURATION" val="P30W" mod="APPROX" />
<TIMEX3 id="T16" start="2745" end="2749" text="2015-06-09" type="DATE" val="2015-06-09" mod="NA" />
<TIMEX3 id="T17" start="2434" end="2436" text="am" type="DATE" val="2015-06-05" mod="START" />
<SECTIME id="S0" start="17" end="21" text="2015-06-05" type="ADMISSION" dvalue="2015-06-05" />
<SECTIME id="S1" start="45" end="49" text="2015-06-10" type="DISCHARGE" dvalue="2015-06-10" />
<TLINK id="TL11" fromID="E10" fromText="presented" toID="E1" toText="Shriner 's Hospital" type="AFTER" />
<TLINK id="TL24" fromID="E10" fromText="presented" toID="E10" toText="presented" type="OVERLAP" />
<TLINK id="TL37" fromID="E29" fromText="increased blood pressure" toID="E30" toText="proteinuria" type="OVERLAP" />
<TLINK id="TL38" fromID="E24" fromText="transferred" toID="E2" toText="Charles River Hospital" type="AFTER" />
<TLINK id="TL43" fromID="E71" fromText="magnesium sulfate" toID="E70" toText="betamethasone" type="OVERLAP" />
<TLINK id="TL49" fromID="E31" fromText="vaginal bleeding" toID="E32" toText="fetal bradycardia" type="OVERLAP" />
<TLINK id="TL50" fromID="E41" fromText="limp" toID="E40" toText="spontaneous respiratory effort" type="OVERLAP" />
<TLINK id="TL52" fromID="E51" fromText="RPR" toID="E21" toText="nonreactive" type="OVERLAP" />
<TLINK id="TL56" fromID="E5" fromText="noted" toID="E39" toText="some apnea" type="BEFORE" />
<TLINK id="TL57" fromID="E5" fromText="noted" toID="E67" toText="caffeine" type="OVERLAP" />
<TLINK id="TL58" fromID="E39" fromText="some apnea" toID="E38" toText="bradycardic spells of prematurity" type="OVERLAP" />
<TLINK id="TL59" fromID="E38" fromText="bradycardic spells of prematurity" toID="E67" toText="caffeine" type="OVERLAP" />
<TLINK id="TL60" fromID="E39" fromText="some apnea" toID="E67" toText="caffeine" type="OVERLAP" />
<TLINK id="TL61" fromID="E37" fromText="apnea" toID="E36" toText="bradycardic events" type="OVERLAP" />
<TLINK id="TL67" fromID="E65" fromText="nasal prong CPAP" toID="E64" toText="additional oxygen" type="OVERLAP" />
<TLINK id="TL70" fromID="E78" fromText="intravenous fluids" toID="E18" toText="transitioned" type="OVERLAP" />
<TLINK id="TL72" fromID="E78" fromText="intravenous fluids" toID="E35" toText="his respiratory distress" type="OVERLAP" />
<TLINK id="TL73" fromID="E78" fromText="intravenous fluids" toID="E77" toText="enteral feeds" type="OVERLAP" />
<TLINK id="TL82" fromID="E76" fromText="his IV" toID="E74" toText="these PG feedings" type="OVERLAP" />
<TLINK id="TL84" fromID="E48" fromText="Cl" toID="E47" toText="tCO2" type="OVERLAP" />
<TLINK id="TL85" fromID="E49" fromText="Na" toID="E47" toText="tCO2" type="OVERLAP" />
<TLINK id="TL86" fromID="E49" fromText="Na" toID="E48" toText="Cl" type="OVERLAP" />
<TLINK id="TL87" fromID="E45" fromText="a white count" toID="E34" toText="bands" type="OVERLAP" />
<TLINK id="TL88" fromID="E46" fromText="His admission complete blood count" toID="E34" toText="bands" type="OVERLAP" />
<TLINK id="TL89" fromID="E60" fromText="25 polys" toID="E34" toText="bands" type="OVERLAP" />
<TLINK id="TL90" fromID="E46" fromText="His admission complete blood count" toID="E45" toText="a white count" type="OVERLAP" />
<TLINK id="TL91" fromID="E45" fromText="a white count" toID="E60" toText="25 polys" type="OVERLAP" />
<TLINK id="TL92" fromID="E46" fromText="His admission complete blood count" toID="E60" toText="25 polys" type="OVERLAP" />
<TLINK id="TL93" fromID="E59" fromText="Hematocrit" toID="E58" toText="platelet count" type="OVERLAP" />
<TLINK id="TL97" fromID="E56" fromText="His most recent bilirubin" toID="E55" toText="a rebound bilirubin level" type="OVERLAP" />
<TLINK id="TL103" fromID="E54" fromText="Blood culture" toID="E80" toText="antibiotics" type="OVERLAP" />
<TLINK id="TL104" fromID="E5" fromText="noted" toID="E42" toText="an erythematous perianal rash" type="BEFORE" />
<TLINK id="TL105" fromID="E5" fromText="noted" toID="E81" toText="Nystatin powder" type="OVERLAP" />
<TLINK id="TL106" fromID="E42" fromText="an erythematous perianal rash" toID="E81" toText="Nystatin powder" type="OVERLAP" />
<TLINK id="TL109" fromID="E61" fromText="an CMED examination" toID="E3" toText="CMED" type="OVERLAP" />
<TLINK id="TL110" fromID="E3" fromText="CMED" toID="E62" toText="hearing test" type="OVERLAP" />
<TLINK id="TL111" fromID="E61" fromText="an CMED examination" toID="E62" toText="hearing test" type="OVERLAP" />
<TLINK id="TL115" fromID="E33" fromText="fetal bradycardia" toID="T15" toText="30-6/7 weeks" type="OVERLAP" />
<TLINK id="TL116" fromID="E63" fromText="stat cesarean section" toID="T15" toText="30-6/7 weeks" type="OVERLAP" />
<TLINK id="TL118" fromID="E6" fromText="unremarkable" toID="T13" toText="2015-06-01" type="BEFORE" />
<TLINK id="TL122" fromID="E11" fromText="The pregnancy" toID="T13" toText="2015-06-01" type="BEFORE" />
<TLINK id="TL127" fromID="E31" fromText="vaginal bleeding" toID="T14" toText="The morning of admission" type="AFTER" />
<TLINK id="TL129" fromID="E44" fromText="Apgar scores" toID="T11" toText="one minute" type="OVERLAP" />
<TLINK id="TL131" fromID="E17" fromText="advanced" toID="T2" toText="per day" type="OVERLAP" />
<TLINK id="TL135" fromID="E76" fromText="his IV" toID="T2" toText="per day" type="OVERLAP" />
<TLINK id="TL136" fromID="E50" fromText="Last set of electrolytes" toID="T7" toText="06-08" type="OVERLAP" />
<TLINK id="TL137" fromID="E43" fromText="physiologic hyperbilirubinemia" toID="T8" toText="06-08" type="OVERLAP" />
<TLINK id="TL138" fromID="E57" fromText="peak bili" toID="T8" toText="06-08" type="OVERLAP" />
<TLINK id="TL140" fromID="E55" fromText="a rebound bilirubin level" toID="T17" toText="am" type="OVERLAP" />
<TLINK id="TL141" fromID="E56" fromText="His most recent bilirubin" toID="T5" toText="day of life six" type="OVERLAP" />
<TLINK id="TL142" fromID="E72" fromText="his phototherapy" toID="T17" toText="am" type="BEFORE" />
<TLINK id="TL143" fromID="E25" fromText="a family meeting" toID="T16" toText="2015-06-09" type="OVERLAP" />
<TLINK id="TL144" fromID="E27" fromText="the admission" toID="T16" toText="2015-06-09" type="OVERLAP" />
<TLINK id="TL145" fromID="E1" fromText="Shriner 's Hospital" toID="E17" toText="advanced" type="OVERLAP" />
<TLINK id="TL146" fromID="E1" fromText="Shriner 's Hospital" toID="E26" toText="his tolerating" type="OVERLAP" />
<TLINK id="TL147" fromID="E1" fromText="Shriner 's Hospital" toID="E74" toText="these PG feedings" type="OVERLAP" />
<TLINK id="TL148" fromID="E1" fromText="Shriner 's Hospital" toID="E75" toText="PE-20" type="OVERLAP" />
<TLINK id="TL149" fromID="E1" fromText="Shriner 's Hospital" toID="E76" toText="his IV" type="OVERLAP" />
<TLINK id="TL150" fromID="E6" fromText="unremarkable" toID="E17" toText="advanced" type="OVERLAP" />
<TLINK id="TL151" fromID="E6" fromText="unremarkable" toID="E26" toText="his tolerating" type="OVERLAP" />
<TLINK id="TL152" fromID="E6" fromText="unremarkable" toID="E74" toText="these PG feedings" type="OVERLAP" />
<TLINK id="TL153" fromID="E6" fromText="unremarkable" toID="E75" toText="PE-20" type="OVERLAP" />
<TLINK id="TL154" fromID="E6" fromText="unremarkable" toID="E76" toText="his IV" type="OVERLAP" />
<TLINK id="TL155" fromID="E10" fromText="presented" toID="E17" toText="advanced" type="OVERLAP" />
<TLINK id="TL156" fromID="E10" fromText="presented" toID="E26" toText="his tolerating" type="OVERLAP" />
<TLINK id="TL157" fromID="E10" fromText="presented" toID="E74" toText="these PG feedings" type="OVERLAP" />
<TLINK id="TL158" fromID="E10" fromText="presented" toID="E75" toText="PE-20" type="OVERLAP" />
<TLINK id="TL159" fromID="E10" fromText="presented" toID="E76" toText="his IV" type="OVERLAP" />
<TLINK id="TL160" fromID="E9" fromText="Children" toID="E17" toText="advanced" type="OVERLAP" />
<TLINK id="TL161" fromID="E9" fromText="Children" toID="E26" toText="his tolerating" type="OVERLAP" />
<TLINK id="TL162" fromID="E9" fromText="Children" toID="E74" toText="these PG feedings" type="OVERLAP" />
<TLINK id="TL163" fromID="E9" fromText="Children" toID="E75" toText="PE-20" type="OVERLAP" />
<TLINK id="TL164" fromID="E9" fromText="Children" toID="E76" toText="his IV" type="OVERLAP" />
<TLINK id="TL165" fromID="E10" fromText="presented" toID="E17" toText="advanced" type="OVERLAP" />
<TLINK id="TL166" fromID="E10" fromText="presented" toID="E26" toText="his tolerating" type="OVERLAP" />
<TLINK id="TL167" fromID="E10" fromText="presented" toID="E74" toText="these PG feedings" type="OVERLAP" />
<TLINK id="TL168" fromID="E10" fromText="presented" toID="E75" toText="PE-20" type="OVERLAP" />
<TLINK id="TL169" fromID="E10" fromText="presented" toID="E76" toText="his IV" type="OVERLAP" />
<TLINK id="TL170" fromID="E11" fromText="The pregnancy" toID="E17" toText="advanced" type="OVERLAP" />
<TLINK id="TL171" fromID="E11" fromText="The pregnancy" toID="E26" toText="his tolerating" type="OVERLAP" />
<TLINK id="TL172" fromID="E11" fromText="The pregnancy" toID="E74" toText="these PG feedings" type="OVERLAP" />
<TLINK id="TL173" fromID="E11" fromText="The pregnancy" toID="E75" toText="PE-20" type="OVERLAP" />
<TLINK id="TL174" fromID="E11" fromText="The pregnancy" toID="E76" toText="his IV" type="OVERLAP" />
<TLINK id="TL175" fromID="E29" fromText="increased blood pressure" toID="E17" toText="advanced" type="OVERLAP" />
<TLINK id="TL176" fromID="E29" fromText="increased blood pressure" toID="E26" toText="his tolerating" type="OVERLAP" />
<TLINK id="TL177" fromID="E29" fromText="increased blood pressure" toID="E74" toText="these PG feedings" type="OVERLAP" />
<TLINK id="TL178" fromID="E29" fromText="increased blood pressure" toID="E75" toText="PE-20" type="OVERLAP" />
<TLINK id="TL179" fromID="E29" fromText="increased blood pressure" toID="E76" toText="his IV" type="OVERLAP" />
<TLINK id="TL180" fromID="E30" fromText="proteinuria" toID="E17" toText="advanced" type="OVERLAP" />
<TLINK id="TL181" fromID="E30" fromText="proteinuria" toID="E26" toText="his tolerating" type="OVERLAP" />
<TLINK id="TL182" fromID="E30" fromText="proteinuria" toID="E74" toText="these PG feedings" type="OVERLAP" />
<TLINK id="TL183" fromID="E30" fromText="proteinuria" toID="E75" toText="PE-20" type="OVERLAP" />
<TLINK id="TL184" fromID="E30" fromText="proteinuria" toID="E76" toText="his IV" type="OVERLAP" />
<TLINK id="TL185" fromID="E8" fromText="noted" toID="E55" toText="a rebound bilirubin level" type="OVERLAP" />
<TLINK id="TL186" fromID="E8" fromText="noted" toID="E56" toText="His most recent bilirubin" type="OVERLAP" />
<TLINK id="TL187" fromID="E8" fromText="noted" toID="E72" toText="his phototherapy" type="OVERLAP" />
<TLINK id="TL188" fromID="E23" fromText="admission" toID="E55" toText="a rebound bilirubin level" type="OVERLAP" />
<TLINK id="TL189" fromID="E23" fromText="admission" toID="E56" toText="His most recent bilirubin" type="OVERLAP" />
<TLINK id="TL190" fromID="E23" fromText="admission" toID="E72" toText="his phototherapy" type="OVERLAP" />
<TLINK id="TL191" fromID="E31" fromText="vaginal bleeding" toID="E55" toText="a rebound bilirubin level" type="OVERLAP" />
<TLINK id="TL192" fromID="E31" fromText="vaginal bleeding" toID="E56" toText="His most recent bilirubin" type="OVERLAP" />
<TLINK id="TL193" fromID="E31" fromText="vaginal bleeding" toID="E72" toText="his phototherapy" type="OVERLAP" />
<TLINK id="TL194" fromID="E32" fromText="fetal bradycardia" toID="E55" toText="a rebound bilirubin level" type="OVERLAP" />
<TLINK id="TL195" fromID="E32" fromText="fetal bradycardia" toID="E56" toText="His most recent bilirubin" type="OVERLAP" />
<TLINK id="TL196" fromID="E32" fromText="fetal bradycardia" toID="E72" toText="his phototherapy" type="OVERLAP" />
<TLINK id="TL197" fromID="E79" fromText="low-flow nasal cannula" toID="E55" toText="a rebound bilirubin level" type="OVERLAP" />
<TLINK id="TL198" fromID="E79" fromText="low-flow nasal cannula" toID="E56" toText="His most recent bilirubin" type="OVERLAP" />
<TLINK id="TL199" fromID="E79" fromText="low-flow nasal cannula" toID="E72" toText="his phototherapy" type="OVERLAP" />
<TLINK id="TL200" fromID="E17" fromText="advanced" toID="E1" toText="Shriner 's Hospital" type="OVERLAP" />
<TLINK id="TL201" fromID="E17" fromText="advanced" toID="E6" toText="unremarkable" type="OVERLAP" />
<TLINK id="TL202" fromID="E17" fromText="advanced" toID="E10" toText="presented" type="OVERLAP" />
<TLINK id="TL203" fromID="E17" fromText="advanced" toID="E9" toText="Children" type="OVERLAP" />
<TLINK id="TL204" fromID="E17" fromText="advanced" toID="E10" toText="presented" type="OVERLAP" />
<TLINK id="TL205" fromID="E17" fromText="advanced" toID="E11" toText="The pregnancy" type="OVERLAP" />
<TLINK id="TL206" fromID="E17" fromText="advanced" toID="E29" toText="increased blood pressure" type="OVERLAP" />
<TLINK id="TL207" fromID="E17" fromText="advanced" toID="E30" toText="proteinuria" type="OVERLAP" />
<TLINK id="TL208" fromID="E26" fromText="his tolerating" toID="E1" toText="Shriner 's Hospital" type="OVERLAP" />
<TLINK id="TL209" fromID="E26" fromText="his tolerating" toID="E6" toText="unremarkable" type="OVERLAP" />
<TLINK id="TL210" fromID="E26" fromText="his tolerating" toID="E10" toText="presented" type="OVERLAP" />
<TLINK id="TL211" fromID="E26" fromText="his tolerating" toID="E9" toText="Children" type="OVERLAP" />
<TLINK id="TL212" fromID="E26" fromText="his tolerating" toID="E10" toText="presented" type="OVERLAP" />
<TLINK id="TL213" fromID="E26" fromText="his tolerating" toID="E11" toText="The pregnancy" type="OVERLAP" />
<TLINK id="TL214" fromID="E26" fromText="his tolerating" toID="E29" toText="increased blood pressure" type="OVERLAP" />
<TLINK id="TL215" fromID="E26" fromText="his tolerating" toID="E30" toText="proteinuria" type="OVERLAP" />
<TLINK id="TL216" fromID="E74" fromText="these PG feedings" toID="E1" toText="Shriner 's Hospital" type="OVERLAP" />
<TLINK id="TL217" fromID="E74" fromText="these PG feedings" toID="E6" toText="unremarkable" type="OVERLAP" />
<TLINK id="TL218" fromID="E74" fromText="these PG feedings" toID="E10" toText="presented" type="OVERLAP" />
<TLINK id="TL219" fromID="E74" fromText="these PG feedings" toID="E9" toText="Children" type="OVERLAP" />
<TLINK id="TL220" fromID="E74" fromText="these PG feedings" toID="E10" toText="presented" type="OVERLAP" />
<TLINK id="TL221" fromID="E74" fromText="these PG feedings" toID="E11" toText="The pregnancy" type="OVERLAP" />
<TLINK id="TL222" fromID="E74" fromText="these PG feedings" toID="E29" toText="increased blood pressure" type="OVERLAP" />
<TLINK id="TL223" fromID="E74" fromText="these PG feedings" toID="E30" toText="proteinuria" type="OVERLAP" />
<TLINK id="TL224" fromID="E75" fromText="PE-20" toID="E1" toText="Shriner 's Hospital" type="OVERLAP" />
<TLINK id="TL225" fromID="E75" fromText="PE-20" toID="E6" toText="unremarkable" type="OVERLAP" />
<TLINK id="TL226" fromID="E75" fromText="PE-20" toID="E10" toText="presented" type="OVERLAP" />
<TLINK id="TL227" fromID="E75" fromText="PE-20" toID="E9" toText="Children" type="OVERLAP" />
<TLINK id="TL228" fromID="E75" fromText="PE-20" toID="E10" toText="presented" type="OVERLAP" />
<TLINK id="TL229" fromID="E75" fromText="PE-20" toID="E11" toText="The pregnancy" type="OVERLAP" />
<TLINK id="TL230" fromID="E75" fromText="PE-20" toID="E29" toText="increased blood pressure" type="OVERLAP" />
<TLINK id="TL231" fromID="E75" fromText="PE-20" toID="E30" toText="proteinuria" type="OVERLAP" />
<TLINK id="TL232" fromID="E76" fromText="his IV" toID="E1" toText="Shriner 's Hospital" type="OVERLAP" />
<TLINK id="TL233" fromID="E76" fromText="his IV" toID="E6" toText="unremarkable" type="OVERLAP" />
<TLINK id="TL234" fromID="E76" fromText="his IV" toID="E10" toText="presented" type="OVERLAP" />
<TLINK id="TL235" fromID="E76" fromText="his IV" toID="E9" toText="Children" type="OVERLAP" />
<TLINK id="TL236" fromID="E76" fromText="his IV" toID="E10" toText="presented" type="OVERLAP" />
<TLINK id="TL237" fromID="E76" fromText="his IV" toID="E11" toText="The pregnancy" type="OVERLAP" />
<TLINK id="TL238" fromID="E76" fromText="his IV" toID="E29" toText="increased blood pressure" type="OVERLAP" />
<TLINK id="TL239" fromID="E76" fromText="his IV" toID="E30" toText="proteinuria" type="OVERLAP" />
<TLINK id="TL240" fromID="E50" fromText="Last set of electrolytes" toID="E43" toText="physiologic hyperbilirubinemia" type="OVERLAP" />
<TLINK id="TL241" fromID="E50" fromText="Last set of electrolytes" toID="E57" toText="peak bili" type="OVERLAP" />
<TLINK id="TL242" fromID="E50" fromText="Last set of electrolytes" toID="E73" toText="a single phototherapy" type="OVERLAP" />
<TLINK id="TL243" fromID="E43" fromText="physiologic hyperbilirubinemia" toID="E50" toText="Last set of electrolytes" type="OVERLAP" />
<TLINK id="TL244" fromID="E57" fromText="peak bili" toID="E50" toText="Last set of electrolytes" type="OVERLAP" />
<TLINK id="TL245" fromID="E73" fromText="a single phototherapy" toID="E50" toText="Last set of electrolytes" type="OVERLAP" />
<TLINK id="TL246" fromID="E55" fromText="a rebound bilirubin level" toID="E79" toText="low-flow nasal cannula" type="OVERLAP" />
<TLINK id="TL247" fromID="E55" fromText="a rebound bilirubin level" toID="E8" toText="noted" type="OVERLAP" />
<TLINK id="TL248" fromID="E55" fromText="a rebound bilirubin level" toID="E23" toText="admission" type="OVERLAP" />
<TLINK id="TL249" fromID="E55" fromText="a rebound bilirubin level" toID="E31" toText="vaginal bleeding" type="OVERLAP" />
<TLINK id="TL250" fromID="E55" fromText="a rebound bilirubin level" toID="E32" toText="fetal bradycardia" type="OVERLAP" />
<TLINK id="TL251" fromID="E56" fromText="His most recent bilirubin" toID="E79" toText="low-flow nasal cannula" type="OVERLAP" />
<TLINK id="TL252" fromID="E56" fromText="His most recent bilirubin" toID="E8" toText="noted" type="OVERLAP" />
<TLINK id="TL253" fromID="E56" fromText="His most recent bilirubin" toID="E23" toText="admission" type="OVERLAP" />
<TLINK id="TL254" fromID="E56" fromText="His most recent bilirubin" toID="E31" toText="vaginal bleeding" type="OVERLAP" />
<TLINK id="TL255" fromID="E56" fromText="His most recent bilirubin" toID="E32" toText="fetal bradycardia" type="OVERLAP" />
<TLINK id="TL256" fromID="E72" fromText="his phototherapy" toID="E79" toText="low-flow nasal cannula" type="OVERLAP" />
<TLINK id="TL257" fromID="E72" fromText="his phototherapy" toID="E8" toText="noted" type="OVERLAP" />
<TLINK id="TL258" fromID="E72" fromText="his phototherapy" toID="E23" toText="admission" type="OVERLAP" />
<TLINK id="TL259" fromID="E72" fromText="his phototherapy" toID="E31" toText="vaginal bleeding" type="OVERLAP" />
<TLINK id="TL260" fromID="E72" fromText="his phototherapy" toID="E32" toText="fetal bradycardia" type="OVERLAP" />
<TLINK id="TL279" fromID="E44" fromText="Apgar scores" toID="T12" toText="five minutes" type="OVERLAP" />
<TLINK id="TL280" fromID="E79" fromText="low-flow nasal cannula" toID="T3" toText="24 hours" type="OVERLAP" />
<TLINK id="TL285" fromID="E26" fromText="his tolerating" toID="T2" toText="per day" type="OVERLAP" />
<TLINK id="TL287" fromID="E74" fromText="these PG feedings" toID="T2" toText="per day" type="OVERLAP" />
<TLINK id="TL289" fromID="E75" fromText="PE-20" toID="T2" toText="per day" type="OVERLAP" />
<TLINK id="TL296" fromID="E55" fromText="a rebound bilirubin level" toID="T5" toText="day of life six" type="OVERLAP" />
<TLINK id="TL301" fromID="E56" fromText="His most recent bilirubin" toID="T17" toText="am" type="OVERLAP" />
<TLINK id="SECTIME0" fromID="E1" fromText="Shriner 's Hospital" toID="T10" toText="2015-06-05" type="BEFORE" />
<TLINK id="SECTIME1" fromID="E2" fromText="Charles River Hospital" toID="T10" toText="2015-06-05" type="BEFORE" />
<TLINK id="SECTIME2" fromID="E3" fromText="CMED" toID="T9" toText="2015-06-10" type="BEFORE" />
<TLINK id="SECTIME3" fromID="E5" fromText="noted" toID="T9" toText="2015-06-10" type="BEFORE" />
<TLINK id="SECTIME4" fromID="E5" fromText="noted" toID="T9" toText="2015-06-10" type="BEFORE" />
<TLINK id="SECTIME5" fromID="E6" fromText="unremarkable" toID="T10" toText="2015-06-05" type="BEFORE" />
<TLINK id="SECTIME6" fromID="E10" fromText="presented" toID="T10" toText="2015-06-05" type="BEFORE" />
<TLINK id="SECTIME7" fromID="E8" fromText="noted" toID="T10" toText="2015-06-05" type="BEFORE" />
<TLINK id="SECTIME8" fromID="E9" fromText="Children" toID="T10" toText="2015-06-05" type="BEFORE" />
<TLINK id="SECTIME9" fromID="E10" fromText="presented" toID="T10" toText="2015-06-05" type="BEFORE" />
<TLINK id="SECTIME10" fromID="E11" fromText="The pregnancy" toID="T10" toText="2015-06-05" type="BEFORE" />
<TLINK id="SECTIME11" fromID="E12" fromText="gravida" toID="T10" toText="2015-06-05" type="BEFORE" />
<TLINK id="SECTIME12" fromID="E13" fromText="gestation" toID="T10" toText="2015-06-05" type="BEFORE" />
<TLINK id="SECTIME13" fromID="E14" fromText="born" toID="T10" toText="2015-06-05" type="BEFORE" />
<TLINK id="SECTIME14" fromID="E17" fromText="advanced" toID="T9" toText="2015-06-10" type="BEFORE" />
<TLINK id="SECTIME15" fromID="E18" fromText="transitioned" toID="T9" toText="2015-06-10" type="BEFORE" />
<TLINK id="SECTIME16" fromID="E19" fromText="the admission" toID="T9" toText="2015-06-10" type="BEFORE" />
<TLINK id="SECTIME17" fromID="E20" fromText="cardiovascularly stable" toID="T9" toText="2015-06-10" type="BEFORE" />
<TLINK id="SECTIME18" fromID="E21" fromText="nonreactive" toID="T10" toText="2015-06-05" type="BEFORE" />
<TLINK id="SECTIME19" fromID="E22" fromText="good response" toID="T10" toText="2015-06-05" type="BEFORE" />
<TLINK id="SECTIME20" fromID="E23" fromText="admission" toID="T10" toText="2015-06-05" type="BEFORE" />
<TLINK id="SECTIME21" fromID="E24" fromText="transferred" toID="T10" toText="2015-06-05" type="BEFORE" />
<TLINK id="SECTIME22" fromID="E25" fromText="a family meeting" toID="T9" toText="2015-06-10" type="BEFORE" />
<TLINK id="SECTIME23" fromID="E26" fromText="his tolerating" toID="T9" toText="2015-06-10" type="BEFORE" />
<TLINK id="SECTIME24" fromID="E27" fromText="the admission" toID="T9" toText="2015-06-10" type="BEFORE" />
<TLINK id="SECTIME25" fromID="E28" fromText="Discharge" toID="T9" toText="2015-06-10" type="BEFORE" />
<TLINK id="SECTIME26" fromID="E29" fromText="increased blood pressure" toID="T10" toText="2015-06-05" type="BEFORE" />
<TLINK id="SECTIME27" fromID="E30" fromText="proteinuria" toID="T10" toText="2015-06-05" type="BEFORE" />
<TLINK id="SECTIME28" fromID="E31" fromText="vaginal bleeding" toID="T10" toText="2015-06-05" type="BEFORE" />
<TLINK id="SECTIME29" fromID="E32" fromText="fetal bradycardia" toID="T10" toText="2015-06-05" type="BEFORE" />
<TLINK id="SECTIME30" fromID="E33" fromText="fetal bradycardia" toID="T10" toText="2015-06-05" type="BEFORE" />
<TLINK id="SECTIME31" fromID="E34" fromText="bands" toID="T9" toText="2015-06-10" type="BEFORE" />
<TLINK id="SECTIME32" fromID="E35" fromText="his respiratory distress" toID="T9" toText="2015-06-10" type="BEFORE" />
<TLINK id="SECTIME33" fromID="E36" fromText="bradycardic events" toID="T9" toText="2015-06-10" type="BEFORE" />
<TLINK id="SECTIME34" fromID="E37" fromText="apnea" toID="T9" toText="2015-06-10" type="BEFORE" />
<TLINK id="SECTIME35" fromID="E38" fromText="bradycardic spells of prematurity" toID="T9" toText="2015-06-10" type="BEFORE" />
<TLINK id="SECTIME36" fromID="E39" fromText="some apnea" toID="T9" toText="2015-06-10" type="BEFORE" />
<TLINK id="SECTIME37" fromID="E40" fromText="spontaneous respiratory effort" toID="T10" toText="2015-06-05" type="BEFORE" />
<TLINK id="SECTIME38" fromID="E41" fromText="limp" toID="T10" toText="2015-06-05" type="BEFORE" />
<TLINK id="SECTIME39" fromID="E42" fromText="an erythematous perianal rash" toID="T9" toText="2015-06-10" type="BEFORE" />
<TLINK id="SECTIME40" fromID="E43" fromText="physiologic hyperbilirubinemia" toID="T9" toText="2015-06-10" type="BEFORE" />
<TLINK id="SECTIME41" fromID="E44" fromText="Apgar scores" toID="T10" toText="2015-06-05" type="BEFORE" />
<TLINK id="SECTIME42" fromID="E45" fromText="a white count" toID="T9" toText="2015-06-10" type="BEFORE" />
<TLINK id="SECTIME43" fromID="E46" fromText="His admission complete blood count" toID="T9" toText="2015-06-10" type="BEFORE" />
<TLINK id="SECTIME44" fromID="E47" fromText="tCO2" toID="T9" toText="2015-06-10" type="BEFORE" />
<TLINK id="SECTIME45" fromID="E48" fromText="Cl" toID="T9" toText="2015-06-10" type="BEFORE" />
<TLINK id="SECTIME46" fromID="E49" fromText="Na" toID="T9" toText="2015-06-10" type="BEFORE" />
<TLINK id="SECTIME47" fromID="E50" fromText="Last set of electrolytes" toID="T9" toText="2015-06-10" type="BEFORE" />
<TLINK id="SECTIME48" fromID="E51" fromText="RPR" toID="T10" toText="2015-06-05" type="BEFORE" />
<TLINK id="SECTIME49" fromID="E52" fromText="hepatitis B surface antigen" toID="T10" toText="2015-06-05" type="BEFORE" />
<TLINK id="SECTIME50" fromID="E53" fromText="The blood culture" toID="T9" toText="2015-06-10" type="BEFORE" />
<TLINK id="SECTIME51" fromID="E54" fromText="Blood culture" toID="T9" toText="2015-06-10" type="BEFORE" />
<TLINK id="SECTIME52" fromID="E55" fromText="a rebound bilirubin level" toID="T9" toText="2015-06-10" type="BEFORE" />
<TLINK id="SECTIME53" fromID="E56" fromText="His most recent bilirubin" toID="T9" toText="2015-06-10" type="BEFORE" />
<TLINK id="SECTIME54" fromID="E57" fromText="peak bili" toID="T9" toText="2015-06-10" type="BEFORE" />
<TLINK id="SECTIME55" fromID="E58" fromText="platelet count" toID="T9" toText="2015-06-10" type="BEFORE" />
<TLINK id="SECTIME56" fromID="E59" fromText="Hematocrit" toID="T9" toText="2015-06-10" type="BEFORE" />
<TLINK id="SECTIME57" fromID="E60" fromText="25 polys" toID="T9" toText="2015-06-10" type="BEFORE" />
<TLINK id="SECTIME58" fromID="E61" fromText="an CMED examination" toID="T9" toText="2015-06-10" type="BEFORE" />
<TLINK id="SECTIME59" fromID="E62" fromText="hearing test" toID="T9" toText="2015-06-10" type="BEFORE" />
<TLINK id="SECTIME60" fromID="E63" fromText="stat cesarean section" toID="T10" toText="2015-06-05" type="BEFORE" />
<TLINK id="SECTIME61" fromID="E64" fromText="additional oxygen" toID="T9" toText="2015-06-10" type="BEFORE" />
<TLINK id="SECTIME62" fromID="E65" fromText="nasal prong CPAP" toID="T9" toText="2015-06-10" type="BEFORE" />
<TLINK id="SECTIME63" fromID="E66" fromText="caffeine therapy" toID="T9" toText="2015-06-10" type="BEFORE" />
<TLINK id="SECTIME64" fromID="E67" fromText="caffeine" toID="T9" toText="2015-06-10" type="BEFORE" />
<TLINK id="SECTIME65" fromID="E68" fromText="bag mask ventilation" toID="T10" toText="2015-06-05" type="BEFORE" />
<TLINK id="SECTIME66" fromID="E69" fromText="a stat cesarean section" toID="T10" toText="2015-06-05" type="BEFORE" />
<TLINK id="SECTIME67" fromID="E70" fromText="betamethasone" toID="T10" toText="2015-06-05" type="BEFORE" />
<TLINK id="SECTIME68" fromID="E71" fromText="magnesium sulfate" toID="T10" toText="2015-06-05" type="BEFORE" />
<TLINK id="SECTIME69" fromID="E72" fromText="his phototherapy" toID="T9" toText="2015-06-10" type="BEFORE" />
<TLINK id="SECTIME70" fromID="E73" fromText="a single phototherapy" toID="T9" toText="2015-06-10" type="BEFORE" />
<TLINK id="SECTIME71" fromID="E74" fromText="these PG feedings" toID="T9" toText="2015-06-10" type="BEFORE" />
<TLINK id="SECTIME72" fromID="E75" fromText="PE-20" toID="T9" toText="2015-06-10" type="BEFORE" />
<TLINK id="SECTIME73" fromID="E76" fromText="his IV" toID="T9" toText="2015-06-10" type="BEFORE" />
<TLINK id="SECTIME74" fromID="E77" fromText="enteral feeds" toID="T9" toText="2015-06-10" type="BEFORE" />
<TLINK id="SECTIME75" fromID="E78" fromText="intravenous fluids" toID="T9" toText="2015-06-10" type="BEFORE" />
<TLINK id="SECTIME76" fromID="E79" fromText="low-flow nasal cannula" toID="T9" toText="2015-06-10" type="BEFORE" />
<TLINK id="SECTIME77" fromID="E80" fromText="antibiotics" toID="T9" toText="2015-06-10" type="BEFORE" />
<TLINK id="SECTIME78" fromID="E81" fromText="Nystatin powder" toID="T9" toText="2015-06-10" type="BEFORE" />
</TAGS>
</ClinicalNarrativeTemporalAnnotation>