<?xml version="1.0" encoding="UTF-8" ?>
<ClinicalNarrativeTemporalAnnotation>
<TEXT><![CDATA[
ADMISSION DATE :
20041012
DISCHARGE DATE :
20041015
ASSOCIATED PROCEDURES OR OPERATIONS :
POSTPARTUM DIAGNOSTIC PROCEDURES :
None
OTHER POSTPARTUM THERAPIES :
Antimicrobial Therapy
HISTORY AND REASON FOR HOSPITALIZATION :
Srom In Labor
HOSPITAL COURSE ( include complications if any ) :
This 21 year old Gravida 2 Para 0010 was admitted to the Life Valley Medical Center Obstetrical service on 10/12/2004 at 08:41 am for the indication ( s ) :
srom in labor .
She delivered a 3680 gram male infant on 10/12/2004 at 10:17 pm with apgar scores of 9 and 9 at one and five minutes respectively at 40.0 weeks gestation via spontaneous vertex vaginal delivery .
During her labor she encountered the following complication ( s ) :
srom .
During her delivery she encountered the following complication ( s ) :
none .
Postpartum she encountered the following complication ( s ) :
none .
She was discharged on 10/15/2004 at 01:52 pm in good condition .
]]></TEXT>
<TAGS>
<EVENT id="E1" start="341" end="344" text="the Life Valley Medical Center Obstetrical service" modality="FACTUAL" polarity="POS" type="CLINICAL_DEPT" />
<EVENT id="E2" start="927" end="931" text="good condition" modality="FACTUAL" polarity="POS" type="OCCURRENCE" />
<EVENT id="E3" start="27" end="36" text="DISCHARGE" modality="FACTUAL" polarity="POS" type="OCCURRENCE" />
<EVENT id="E4" start="1" end="10" text="ADMISSION" modality="FACTUAL" polarity="POS" type="OCCURRENCE" />
<EVENT id="E5" start="465" end="474" text="delivered" modality="FACTUAL" polarity="POS" type="OCCURRENCE" />
<EVENT id="E6" start="329" end="337" text="admitted" modality="FACTUAL" polarity="POS" type="OCCURRENCE" />
<EVENT id="E7" start="887" end="897" text="discharged" modality="FACTUAL" polarity="POS" type="OCCURRENCE" />
<EVENT id="E8" start="739" end="742" text="her delivery" modality="FACTUAL" polarity="POS" type="OCCURRENCE" />
<EVENT id="E9" start="231" end="236" text="Labor" modality="FACTUAL" polarity="POS" type="PROBLEM" />
<EVENT id="E10" start="223" end="227" text="Srom" modality="FACTUAL" polarity="POS" type="PROBLEM" />
<EVENT id="E11" start="453" end="458" text="labor" modality="FACTUAL" polarity="POS" type="PROBLEM" />
<EVENT id="E12" start="445" end="449" text="srom" modality="FACTUAL" polarity="POS" type="PROBLEM" />
<EVENT id="E13" start="725" end="729" text="srom" modality="FACTUAL" polarity="POS" type="PROBLEM" />
<EVENT id="E14" start="530" end="535" text="apgar scores" modality="FACTUAL" polarity="POS" type="TEST" />
<EVENT id="E15" start="160" end="173" text="Antimicrobial Therapy" modality="FACTUAL" polarity="POS" type="TREATMENT" />
<EVENT id="E16" start="619" end="630" text="spontaneous vertex vaginal delivery" modality="FACTUAL" polarity="POS" type="TREATMENT" />
<TIMEX3 id="T1" start="599" end="604" text="0 weeks" type="DURATION" val="P0W" mod="NA" />
<TIMEX3 id="T2" start="565" end="569" text="five minutes" type="DURATION" val="PT5M" mod="NA" />
<TIMEX3 id="T3" start="901" end="903" text="10/15/2004 at 01:52 pm" type="TIME" val="2004-10-15:52" mod="NA" />
<TIMEX3 id="T4" start="44" end="52" text="20041015" type="DATE" val="2004-10-15" mod="NA" />
<TIMEX3 id="T5" start="18" end="26" text="20041012" type="DATE" val="2004-10-12" mod="NA" />
<TIMEX3 id="T6" start="502" end="504" text="10/12/2004 at 10:17 pm" type="TIME" val="2004-10-12:17" mod="NA" />
<TIMEX3 id="T7" start="395" end="397" text="10/12/2004 at 08:41 am" type="TIME" val="2004-10-12:41" mod="NA" />
<SECTIME id="S0" start="17" end="25" text="20041012" type="ADMISSION" dvalue="20041012" />
<SECTIME id="S1" start="43" end="51" text="20041015" type="DISCHARGE" dvalue="20041015" />
<TLINK id="TL0" fromID="E13" fromText="Srom" toID="E11" toText="Labor" type="OVERLAP" />
<TLINK id="TL2" fromID="E6" fromText="admitted" toID="E1" toText="the Life Valley Medical Center Obstetrical service" type="AFTER" />
<TLINK id="TL3" fromID="E13" fromText="srom" toID="E11" toText="labor" type="OVERLAP" />
<TLINK id="TL14" fromID="E14" fromText="apgar scores" toID="T2" toText="five minutes" type="OVERLAP" />
<TLINK id="TL15" fromID="E16" fromText="spontaneous vertex vaginal delivery" toID="T1" toText="0 weeks" type="OVERLAP" />
<TLINK id="TL21" fromID="E14" fromText="apgar scores" toID="T1" toText="0 weeks" type="OVERLAP" />
<TLINK id="TL25" fromID="E16" fromText="spontaneous vertex vaginal delivery" toID="T2" toText="five minutes" type="OVERLAP" />
<TLINK id="SECTIME0" fromID="E1" fromText="the Life Valley Medical Center Obstetrical service" toID="T4" toText="20041015" type="BEFORE" />
<TLINK id="SECTIME1" fromID="E2" fromText="good condition" toID="T4" toText="20041015" type="BEFORE" />
<TLINK id="SECTIME2" fromID="E5" fromText="delivered" toID="T4" toText="20041015" type="BEFORE" />
<TLINK id="SECTIME3" fromID="E6" fromText="admitted" toID="T4" toText="20041015" type="BEFORE" />
<TLINK id="SECTIME4" fromID="E7" fromText="discharged" toID="T4" toText="20041015" type="BEFORE" />
<TLINK id="SECTIME5" fromID="E8" fromText="her delivery" toID="T4" toText="20041015" type="BEFORE" />
<TLINK id="SECTIME6" fromID="E11" fromText="Labor" toID="T5" toText="20041012" type="BEFORE" />
<TLINK id="SECTIME7" fromID="E13" fromText="Srom" toID="T5" toText="20041012" type="BEFORE" />
<TLINK id="SECTIME8" fromID="E11" fromText="labor" toID="T4" toText="20041015" type="BEFORE" />
<TLINK id="SECTIME9" fromID="E13" fromText="srom" toID="T4" toText="20041015" type="BEFORE" />
<TLINK id="SECTIME10" fromID="E13" fromText="srom" toID="T4" toText="20041015" type="BEFORE" />
<TLINK id="SECTIME11" fromID="E14" fromText="apgar scores" toID="T4" toText="20041015" type="BEFORE" />
<TLINK id="SECTIME12" fromID="E16" fromText="spontaneous vertex vaginal delivery" toID="T4" toText="20041015" type="BEFORE" />
</TAGS>
</ClinicalNarrativeTemporalAnnotation>