<?xml version="1.0" encoding="UTF-8" ?>
<ClinicalNarrativeTemporalAnnotation>
<TEXT><![CDATA[
Admission Date :
2020-03-11
Discharge Date :
2020-03-23
Service :
MEDICINE
History of Present Illness :
73 yo M transferred from Newton-Wellesley Hospital hospital for epidural abscess .
Pt has h/o colon can to liver , s/p resxn with serosal implants in 9/03 .
Pt states he has been receiving chemotherapy up until 1 week ago .
States he first developed back pain 5 weeks ago but was still able to ambulate with his cane .
Last week it was worse and he was seen in clinic .
An MRI was done and this showed a signal abno in L3 L4 ? disciitis vs osteo without a definitive epidural abscess .
Initially on Vanc and Cipro on Friday but then seen by ID who reccommended no abx but a bone biopsy , blood cx .
He was also seen by spine who repeated the MRI and this showed L3-4 osteomyelitis and discitis and an epidural abscess , 5cm .
He was subsequently restared on Vancomycin for Corynebacterium in blood cx from Fri ; Followup cx has been NGTD .
CXR also showed small pleural effusion and attempt was made to tap it , but pt did not tolerate the procedure and asked that it be deferred .
He did undergo a CT-guided aspiration / biopsy at the L3-4 disc space on 2020-03-11 and the pt was transferred to Mediplex Rehab Hospital immediately following this .
No results from this were sent .
Currently pt denies sensory deficits or weakness .
States he is not able to walk because of severe pain .
States pain is worst when he sits up or twists his back .
No bowel or bladder incontinence .
Brief Hospital Course :
73 yo M transferred from Youville Hospital with h/o colon cancer with known liver mets now with epidural abscess and corynebacterium bacteremia :
# Epidural abscess : The patient was evaluated by orthopedic spine consult service and ID .
He was continued on IV vancomycin throughout his course and had therapeutic troughs .
The patient was taken to the OR twice with orthopaedics .
Please see the operation notes for details about the surgeries .
The patient was briefly admitted to the ICU for low hematocrit and hyponatremia immediately following the surgery but was then transferred back to the floor in stable condition .
The patient had a PICC line placed and will continue a 8 week course of antibiotics .
The patient will also wear a back brace at all times while out of bed .
# Candidemia :: The patient was noted to have a positive blood culture from 03-12 .
The patient was started on Diflucan .
Ophthalmology was consulted and ruled out ocular spread .
The patient 's portocath was removed .
The tip was culture negative .
The patient will get a total of a two week course of Diflucan .
# Corynebacterium bacteremia : presumably Corynebacterium in epidural abscess as well .
The patient had no blood cultures to grow corynebacterium while hospitalized .
# Pleural effusion : The patient was noted have an effusion on CXR .
IP was consulted and did a thoracentesis .
The tap was negative for malignant cells .
A repeat CT was done showing nodular thickening along the right major and minor fissure , concerning for intrapleural tumor implants .
IP reviewed the films and recommended continue oncologic care according to 
outpatient course and pleurodesis if the pt becomes symptomatic 02-07 fluid accumulation .
The patient will follow up with his oncologist .
# Foot ulcer : diabetic ulcer s/p surgery but never healed .
Wound care was consulted and made recommendations for ulcer care .
His dressings were changed by the nursing staff accordingly .
# Anemia : His HCT remained stable post-surgery .
The patient was continued on his iron supplements .
]]></TEXT>
<TAGS>
<EVENT id="E1" start="1" end="10" text="Admission" modality="FACTUAL" polarity="POS" type="OCCURRENCE" />
<EVENT id="E2" start="29" end="38" text="Discharge" modality="FACTUAL" polarity="POS" type="OCCURRENCE" />
<EVENT id="E3" start="113" end="124" text="transferred" modality="FACTUAL" polarity="POS" type="OCCURRENCE" />
<EVENT id="E4" start="130" end="164" text="Newton-Wellesley Hospital hospital" modality="FACTUAL" polarity="POS" type="CLINICAL_DEPT" />
<EVENT id="E5" start="294" end="309" text="chemotherapy" modality="FACTUAL" polarity="POS" type="TREATMENT" />
<EVENT id="E6" start="345" end="354" text="developed" modality="FACTUAL" polarity="POS" type="OCCURRENCE" />
<EVENT id="E7" start="355" end="364" text="back pain" modality="FACTUAL" polarity="POS" type="PROBLEM" />
<EVENT id="E8" start="399" end="407" text="ambulate" modality="FACTUAL" polarity="POS" type="OCCURRENCE" />
<EVENT id="E9" start="441" end="446" text="worse" modality="FACTUAL" polarity="POS" type="OCCURRENCE" />
<EVENT id="E10" start="466" end="472" text="clinic" modality="FACTUAL" polarity="POS" type="CLINICAL_DEPT" />
<EVENT id="E11" start="475" end="481" text="An MRI" modality="FACTUAL" polarity="POS" type="TEST" />
<EVENT id="E12" start="500" end="529" text="showed" modality="FACTUAL" polarity="POS" type="EVIDENTIAL" />
<EVENT id="E13" start="646" end="648" text="ID" modality="FACTUAL" polarity="POS" type="CLINICAL_DEPT" />
<EVENT id="E14" start="724" end="729" text="spine" modality="FACTUAL" polarity="POS" type="CLINICAL_DEPT" />
<EVENT id="E15" start="760" end="785" text="showed" modality="FACTUAL" polarity="POS" type="EVIDENTIAL" />
<EVENT id="E16" start="954" end="960" text="showed" modality="FACTUAL" polarity="POS" type="EVIDENTIAL" />
<EVENT id="E17" start="961" end="983" text="small pleural effusion" modality="FACTUAL" polarity="POS" type="PROBLEM" />
<EVENT id="E18" start="1041" end="1054" text="the procedure" modality="FACTUAL" polarity="NEG" type="TREATMENT" />
<EVENT id="E19" start="1186" end="1197" text="transferred" modality="FACTUAL" polarity="POS" type="OCCURRENCE" />
<EVENT id="E20" start="1201" end="1224" text="Mediplex Rehab Hospital" modality="FACTUAL" polarity="POS" type="CLINICAL_DEPT" />
<EVENT id="E21" start="1307" end="1323" text="sensory deficits" modality="FACTUAL" polarity="NEG" type="PROBLEM" />
<EVENT id="E22" start="1327" end="1335" text="weakness" modality="FACTUAL" polarity="NEG" type="PROBLEM" />
<EVENT id="E23" start="1355" end="1367" text="able to walk" modality="FACTUAL" polarity="NEG" type="OCCURRENCE" />
<EVENT id="E24" start="1379" end="1390" text="severe pain" modality="FACTUAL" polarity="POS" type="PROBLEM" />
<EVENT id="E25" start="1408" end="1413" text="worst" modality="FACTUAL" polarity="POS" type="OCCURRENCE" />
<EVENT id="E26" start="1518" end="1529" text="transferred" modality="FACTUAL" polarity="POS" type="OCCURRENCE" />
<EVENT id="E27" start="1535" end="1552" text="Youville Hospital" modality="FACTUAL" polarity="POS" type="CLINICAL_DEPT" />
<EVENT id="E28" start="1558" end="1561" text="h/o" modality="FACTUAL" polarity="POS" type="OCCURRENCE" />
<EVENT id="E29" start="1562" end="1574" text="colon cancer" modality="FACTUAL" polarity="POS" type="PROBLEM" />
<EVENT id="E30" start="1580" end="1596" text="known liver mets" modality="FACTUAL" polarity="POS" type="PROBLEM" />
<EVENT id="E31" start="1606" end="1622" text="epidural abscess" modality="FACTUAL" polarity="POS" type="PROBLEM" />
<EVENT id="E32" start="1706" end="1730" text="orthopedic spine consult" modality="FACTUAL" polarity="POS" type="OCCURRENCE" />
<EVENT id="E33" start="1768" end="1781" text="IV vancomycin" modality="FACTUAL" polarity="POS" type="TREATMENT" />
<EVENT id="E34" start="1793" end="1803" text="his course" modality="FACTUAL" polarity="POS" type="OCCURRENCE" />
<EVENT id="E35" start="1859" end="1865" text="the OR" modality="FACTUAL" polarity="POS" type="CLINICAL_DEPT" />
<EVENT id="E36" start="1917" end="1922" text="notes" modality="FACTUAL" polarity="POS" type="EVIDENTIAL" />
<EVENT id="E37" start="1941" end="1954" text="the surgeries" modality="FACTUAL" polarity="POS" type="TREATMENT" />
<EVENT id="E38" start="1981" end="1989" text="admitted" modality="FACTUAL" polarity="POS" type="OCCURRENCE" />
<EVENT id="E39" start="1993" end="2000" text="the ICU" modality="FACTUAL" polarity="POS" type="CLINICAL_DEPT" />
<EVENT id="E40" start="2005" end="2019" text="low hematocrit" modality="FACTUAL" polarity="POS" type="PROBLEM" />
<EVENT id="E41" start="2024" end="2036" text="hyponatremia" modality="FACTUAL" polarity="POS" type="PROBLEM" />
<EVENT id="E42" start="2059" end="2070" text="the surgery" modality="FACTUAL" polarity="POS" type="TREATMENT" />
<EVENT id="E43" start="2084" end="2095" text="transferred" modality="FACTUAL" polarity="POS" type="OCCURRENCE" />
<EVENT id="E44" start="2104" end="2113" text="the floor" modality="FACTUAL" polarity="POS" type="CLINICAL_DEPT" />
<EVENT id="E45" start="2117" end="2133" text="stable condition" modality="FACTUAL" polarity="POS" type="OCCURRENCE" />
<EVENT id="E46" start="2208" end="2219" text="antibiotics" modality="FACTUAL" polarity="POS" type="TREATMENT" />
<EVENT id="E47" start="2281" end="2291" text="out of bed" modality="FACTUAL" polarity="POS" type="OCCURRENCE" />
<EVENT id="E48" start="2326" end="2331" text="noted" modality="FACTUAL" polarity="POS" type="EVIDENTIAL" />
<EVENT id="E49" start="2340" end="2364" text="a positive blood culture" modality="FACTUAL" polarity="POS" type="PROBLEM" />
<EVENT id="E50" start="2405" end="2413" text="Diflucan" modality="FACTUAL" polarity="POS" type="TREATMENT" />
<EVENT id="E51" start="2434" end="2443" text="consulted" modality="FACTUAL" polarity="POS" type="OCCURRENCE" />
<EVENT id="E52" start="2448" end="2457" text="ruled out" modality="FACTUAL" polarity="POS" type="OCCURRENCE" />
<EVENT id="E53" start="2458" end="2471" text="ocular spread" modality="FACTUAL" polarity="POS" type="PROBLEM" />
<EVENT id="E54" start="2715" end="2729" text="blood cultures" modality="FACTUAL" polarity="NEG" type="TEST" />
<EVENT id="E55" start="2777" end="2793" text="Pleural effusion" modality="FACTUAL" polarity="POS" type="PROBLEM" />
<EVENT id="E56" start="2887" end="2894" text="The tap" modality="FACTUAL" polarity="POS" type="TEST" />
<EVENT id="E57" start="2912" end="2927" text="malignant cells" modality="FACTUAL" polarity="NEG" type="PROBLEM" />
<EVENT id="E58" start="2930" end="2941" text="A repeat CT" modality="FACTUAL" polarity="POS" type="TEST" />
<EVENT id="E59" start="2951" end="2977" text="showing" modality="FACTUAL" polarity="POS" type="OCCURRENCE" />
<EVENT id="E60" start="3211" end="3229" text="fluid accumulation" modality="FACTUAL" polarity="POS" type="PROBLEM" />
<EVENT id="E61" start="3249" end="3258" text="follow up" modality="FACTUAL" polarity="POS" type="OCCURRENCE" />
<EVENT id="E62" start="3283" end="3293" text="Foot ulcer" modality="FACTUAL" polarity="POS" type="PROBLEM" />
<EVENT id="E63" start="3296" end="3310" text="diabetic ulcer" modality="FACTUAL" polarity="POS" type="PROBLEM" />
<EVENT id="E64" start="3315" end="3322" text="surgery" modality="FACTUAL" polarity="POS" type="TREATMENT" />
<EVENT id="E65" start="3357" end="3366" text="consulted" modality="FACTUAL" polarity="POS" type="OCCURRENCE" />
<EVENT id="E66" start="3396" end="3406" text="ulcer care" modality="FACTUAL" polarity="POS" type="TREATMENT" />
<EVENT id="E67" start="3499" end="3518" text="stable post-surgery" modality="FACTUAL" polarity="POS" type="OCCURRENCE" />
<EVENT id="E68" start="3550" end="3570" text="his iron supplements" modality="FACTUAL" polarity="POS" type="TREATMENT" />
<TIMEX3 id="T1" start="18" end="28" text="2020-03-11" type="DATE" val="2020-03-11" mod="NA" />
<SECTIME id="S1" start="18" end="28" text="2020-03-11" type="ADMISSION" dvalue="2020-03-11" />
<TIMEX3 id="T2" start="46" end="56" text="2020-03-23" type="DATE" val="2020-03-23" mod="NA" />
<SECTIME id="S2" start="46" end="56" text="2020-03-23" type="DISCHARGE" dvalue="2020-03-23" />
<TIMEX3 id="T3" start="255" end="259" text="9/03" type="DATE" val="2020-09-03" mod="NA" />
<TIMEX3 id="T4" start="316" end="326" text="1 week ago" type="DATE" val="2020-03-04" mod="APPROX" />
<TIMEX3 id="T5" start="365" end="376" text="5 weeks ago" type="DATE" val="2020-02-05" mod="APPROX" />
<TIMEX3 id="T6" start="424" end="433" text="Last week" type="DURATION" val="P1W" mod="NA" />
<TIMEX3 id="T7" start="622" end="628" text="Friday" type="DATE" val="Friday" mod="NA" />
<TIMEX3 id="T8" start="911" end="914" text="Fri" type="DATE" val="Fri" mod="NA" />
<TIMEX3 id="T9" start="1160" end="1170" text="2020-03-11" type="DATE" val="2020-03-11" mod="NA" />
<TIMEX3 id="T10" start="2189" end="2204" text="a 8 week course" type="DURATION" val="P8D" mod="NA" />
<TIMEX3 id="T11" start="2370" end="2375" text="03-12" type="DATE" val="2020-03-12" mod="NA" />
<TIMEX3 id="T12" start="2576" end="2593" text="a two week course" type="DURATION" val="P2W" mod="NA" />
<TIMEX3 id="T13" start="3205" end="3210" text="02-07" type="DATE" val="2020-02-07" mod="NA" />
<TIMEX3 id="T14" start="1597" end="1600" text="now" type="DATE" val="2020-03-11" mod="NA" />
</TAGS>
</ClinicalNarrativeTemporalAnnotation>