<?xml version="1.0" encoding="UTF-8" ?>
<ClinicalNarrativeTemporalAnnotation>
<TEXT><![CDATA[
Admission Date :
02/17/2000
Report Status :
Signed
HISTORY OF PRESENT ILLNESS :
Ri Strength is a 40 year old man with a history of GERD , who presents with abdominal pain of seven days duration .
The patient was in general good health until seven days ago ( 2/11/00 ) , when he had a sudden onset of sharp left flank pain with radiation to the lower abdomen and then to the epigastrium .
The patient described the pain as &quot; knife-like &quot; with a severity of 1/25 at its worse .
The patient was exacerbated when eating and when lying flat .
The patient also reports blood-streaked diarrhea for two days .
He denies nausea and vomiting .
He has had no fevers or chills .
He has had no recent weight loss , no light-headedness or dizziness .
He denies increased urinary frequent or urgency .
The patient presented to the Sloan- Center Emergency Department , where he was resuscitated with normal saline and received morphine for pain .
He was then transferred to the general medicine service for further management .
HOSPITAL COURSE :
On admission , the patient was diagnosed with acute pancreatitis .
He was made NPO and was resuscitated with IV fluids .
Pain control was initiated with morphine but was then changed to Demerol , which gave the patient better relief of his epigastric pain .
From 2/17/00 to 2/21/00 , the patient complained of persistent and occasionally severe epigastric pain .
His pain medication was then changed to Dilaudid IV in an attempt to better alleviate his symptoms .
Dilaudid IV was continued for the remainder of the patient &apos;s hospitalization .
The does was titrated to the patient &apos;s need for comfort and was eventually tapered .
The severity and persistent of the patient &apos;s epigastric pain was concerning for a pancreatic complication such as necrosis or abscess .
The patient had a CT scan , which revealed a mass in the gallbladder neck , but no biliary dilatation .
There was stranding along the pancreas , but no necrosis , abscess , or pseudocyst .
On 2/22/00 , the patient had fevers to 103.5 .
Blood and urine cultures were sent .
A chest x-ray was done , which revealed no infiltrate or effusion .
The patient was started on cefotaxime 1 gm IV for empiric antibiotic treatment .
All cultures were negative .
On 2/23/00 , the high grade fever persisted .
An ultrasound was done to R / O cholestasis or cholangitis .
The ultrasound showed biliary sludge and swelling of the body and tail of the pancreas .
No other abnormalities were noted .
On 2/24/00 , the patient had an episode of exacerbation of epigastric pain with radiation to the left upper quadrant .
The pain was subsequently relieved with high dose Dilaudid .
The patient had a follow-up chest x-ray , which was essentially unchanged from previously , showing a normal heart and lungs without infiltrate .
From 2/25 - 2/27/00 , the patient &apos;s fever defervesced and his abdominal pain gradually subsided .
The cefotaxime was discontinued since no infection was identified .
On 2/28/00 , the patient &apos;s diet was advanced to a low fat solids ( per pancreatitis study ) , which the patient tolerated well .
The patient was discharged home on 2/29/00 , with much improvement of his symptoms .
]]></TEXT>
<TAGS>
<EVENT id="E1" start="1" end="10" text="Admission" modality="FACTUAL" polarity="POS" type="OCCURRENCE" />
<EVENT id="E2" start="132" end="136" text="GERD" modality="FACTUAL" polarity="POS" type="PROBLEM" />
<EVENT id="E3" start="143" end="151" text="presents" modality="FACTUAL" polarity="POS" type="EVIDENTIAL" />
<EVENT id="E4" start="157" end="171" text="abdominal pain" modality="FACTUAL" polarity="POS" type="PROBLEM" />
<EVENT id="E5" start="216" end="235" text="general good health" modality="FACTUAL" polarity="POS" type="OCCURRENCE" />
<EVENT id="E6" start="301" end="322" text="sharp left flank pain" modality="FACTUAL" polarity="POS" type="PROBLEM" />
<EVENT id="E7" start="328" end="358" text="radiation to the lower abdomen" modality="FACTUAL" polarity="POS" type="PROBLEM" />
<EVENT id="E8" start="401" end="410" text="described" modality="FACTUAL" polarity="POS" type="EVIDENTIAL" />
<EVENT id="E9" start="411" end="419" text="the pain" modality="FACTUAL" polarity="POS" type="PROBLEM" />
<EVENT id="E10" start="503" end="514" text="exacerbated" modality="FACTUAL" polarity="POS" type="OCCURRENCE" />
<EVENT id="E11" start="520" end="546" text="eating and when lying flat" modality="FACTUAL" polarity="POS" type="OCCURRENCE" />
<EVENT id="E12" start="566" end="573" text="reports" modality="FACTUAL" polarity="POS" type="EVIDENTIAL" />
<EVENT id="E13" start="574" end="597" text="blood-streaked diarrhea" modality="FACTUAL" polarity="POS" type="PROBLEM" />
<EVENT id="E14" start="616" end="622" text="denies" modality="FACTUAL" polarity="POS" type="EVIDENTIAL" />
<EVENT id="E15" start="623" end="629" text="nausea" modality="FACTUAL" polarity="NEG" type="PROBLEM" />
<EVENT id="E16" start="634" end="642" text="vomiting" modality="FACTUAL" polarity="NEG" type="PROBLEM" />
<EVENT id="E17" start="659" end="665" text="fevers" modality="FACTUAL" polarity="NEG" type="PROBLEM" />
<EVENT id="E18" start="669" end="675" text="chills" modality="FACTUAL" polarity="NEG" type="PROBLEM" />
<EVENT id="E19" start="692" end="710" text="recent weight loss" modality="FACTUAL" polarity="NEG" type="PROBLEM" />
<EVENT id="E20" start="716" end="732" text="light-headedness" modality="FACTUAL" polarity="NEG" type="PROBLEM" />
<EVENT id="E21" start="736" end="745" text="dizziness" modality="FACTUAL" polarity="NEG" type="PROBLEM" />
<EVENT id="E22" start="751" end="757" text="denies" modality="FACTUAL" polarity="POS" type="EVIDENTIAL" />
<EVENT id="E23" start="758" end="784" text="increased urinary frequent" modality="FACTUAL" polarity="NEG" type="PROBLEM" />
<EVENT id="E24" start="788" end="795" text="urgency" modality="FACTUAL" polarity="NEG" type="PROBLEM" />
<EVENT id="E25" start="823" end="861" text="the Sloan- Center Emergency Department" modality="FACTUAL" polarity="POS" type="CLINICAL_DEPT" />
<EVENT id="E26" start="895" end="908" text="normal saline" modality="FACTUAL" polarity="POS" type="TREATMENT" />
<EVENT id="E27" start="922" end="930" text="morphine" modality="FACTUAL" polarity="POS" type="TREATMENT" />
<EVENT id="E28" start="935" end="939" text="pain" modality="FACTUAL" polarity="POS" type="PROBLEM" />
<EVENT id="E29" start="954" end="965" text="transferred" modality="FACTUAL" polarity="POS" type="OCCURRENCE" />
<EVENT id="E30" start="969" end="997" text="the general medicine service" modality="FACTUAL" polarity="POS" type="CLINICAL_DEPT" />
<EVENT id="E31" start="1002" end="1020" text="further management" modality="FACTUAL" polarity="POS" type="TREATMENT" />
<EVENT id="E32" start="1044" end="1053" text="admission" modality="FACTUAL" polarity="POS" type="OCCURRENCE" />
<EVENT id="E33" start="1087" end="1105" text="acute pancreatitis" modality="FACTUAL" polarity="POS" type="PROBLEM" />
<EVENT id="E34" start="1120" end="1123" text="NPO" modality="FACTUAL" polarity="POS" type="TREATMENT" />
<EVENT id="E35" start="1150" end="1159" text="IV fluids" modality="FACTUAL" polarity="POS" type="TREATMENT" />
<EVENT id="E36" start="1162" end="1174" text="Pain control" modality="FACTUAL" polarity="POS" type="TREATMENT" />
<EVENT id="E37" start="1194" end="1202" text="morphine" modality="FACTUAL" polarity="POS" type="TREATMENT" />
<EVENT id="E38" start="1227" end="1234" text="Demerol" modality="FACTUAL" polarity="POS" type="TREATMENT" />
<EVENT id="E39" start="1260" end="1276" text="better relief of" modality="FACTUAL" polarity="POS" type="OCCURRENCE" />
<EVENT id="E40" start="1277" end="1296" text="his epigastric pain" modality="FACTUAL" polarity="POS" type="PROBLEM" />
<EVENT id="E41" start="1337" end="1347" text="complained" modality="FACTUAL" polarity="POS" type="EVIDENTIAL" />
<EVENT id="E42" start="1366" end="1401" text="occasionally severe epigastric pain" modality="FACTUAL" polarity="POS" type="PROBLEM" />
<EVENT id="E43" start="1404" end="1423" text="His pain medication" modality="FACTUAL" polarity="POS" type="TREATMENT" />
<EVENT id="E44" start="1444" end="1455" text="Dilaudid IV" modality="FACTUAL" polarity="POS" type="TREATMENT" />
<EVENT id="E45" start="1490" end="1502" text="his symptoms" modality="FACTUAL" polarity="POS" type="PROBLEM" />
<EVENT id="E46" start="1505" end="1516" text="Dilaudid IV" modality="FACTUAL" polarity="POS" type="TREATMENT" />
<EVENT id="E47" start="1603" end="1611" text="titrated" modality="FACTUAL" polarity="POS" type="OCCURRENCE" />
<EVENT id="E48" start="1644" end="1651" text="comfort" modality="FACTUAL" polarity="POS" type="TREATMENT" />
<EVENT id="E49" start="1712" end="1747" text="the patient &apos;s epigastric pain" modality="FACTUAL" polarity="POS" type="PROBLEM" />
<EVENT id="E50" start="1767" end="1792" text="a pancreatic complication" modality="FACTUAL" polarity="POS" type="PROBLEM" />
<EVENT id="E51" start="1801" end="1809" text="necrosis" modality="FACTUAL" polarity="POS" type="PROBLEM" />
<EVENT id="E52" start="1813" end="1820" text="abscess" modality="FACTUAL" polarity="POS" type="PROBLEM" />
<EVENT id="E53" start="1839" end="1848" text="a CT scan" modality="FACTUAL" polarity="POS" type="TEST" />
<EVENT id="E54" start="1857" end="1865" text="revealed" modality="FACTUAL" polarity="POS" type="EVIDENTIAL" />
<EVENT id="E55" start="1866" end="1896" text="a mass in the gallbladder neck" modality="FACTUAL" polarity="POS" type="PROBLEM" />
<EVENT id="E56" start="1906" end="1924" text="biliary dilatation" modality="FACTUAL" polarity="NEG" type="PROBLEM" />
<EVENT id="E57" start="1937" end="1965" text="stranding along the pancreas" modality="FACTUAL" polarity="POS" type="PROBLEM" />
<EVENT id="E58" start="1975" end="1983" text="necrosis" modality="FACTUAL" polarity="NEG" type="PROBLEM" />
<EVENT id="E59" start="1986" end="1993" text="abscess" modality="FACTUAL" polarity="NEG" type="PROBLEM" />
<EVENT id="E60" start="1999" end="2009" text="pseudocyst" modality="FACTUAL" polarity="NEG" type="PROBLEM" />
<EVENT id="E61" start="2041" end="2047" text="fevers" modality="FACTUAL" polarity="POS" type="PROBLEM" />
<EVENT id="E62" start="2059" end="2064" text="Blood" modality="FACTUAL" polarity="POS" type="TEST" />
<EVENT id="E63" start="2069" end="2083" text="urine cultures" modality="FACTUAL" polarity="POS" type="TEST" />
<EVENT id="E64" start="2096" end="2109" text="A chest x-ray" modality="FACTUAL" polarity="POS" type="TEST" />
<EVENT id="E65" start="2127" end="2135" text="revealed" modality="FACTUAL" polarity="POS" type="EVIDENTIAL" />
<EVENT id="E66" start="2139" end="2149" text="infiltrate" modality="FACTUAL" polarity="NEG" type="PROBLEM" />
<EVENT id="E67" start="2153" end="2161" text="effusion" modality="FACTUAL" polarity="NEG" type="PROBLEM" />
<EVENT id="E68" start="2191" end="2201" text="cefotaxime" modality="FACTUAL" polarity="POS" type="TREATMENT" />
<EVENT id="E69" start="2214" end="2242" text="empiric antibiotic treatment" modality="FACTUAL" polarity="POS" type="TREATMENT" />
<EVENT id="E70" start="2245" end="2257" text="All cultures" modality="FACTUAL" polarity="POS" type="TEST" />
<EVENT id="E71" start="2287" end="2307" text="the high grade fever" modality="FACTUAL" polarity="POS" type="PROBLEM" />
<EVENT id="E72" start="2320" end="2333" text="An ultrasound" modality="FACTUAL" polarity="POS" type="TEST" />
<EVENT id="E73" start="2352" end="2363" text="cholestasis" modality="FACTUAL" polarity="POS" type="PROBLEM" />
<EVENT id="E74" start="2367" end="2378" text="cholangitis" modality="FACTUAL" polarity="POS" type="PROBLEM" />
<EVENT id="E75" start="2381" end="2395" text="The ultrasound" modality="FACTUAL" polarity="POS" type="TEST" />
<EVENT id="E76" start="2396" end="2402" text="showed" modality="FACTUAL" polarity="POS" type="EVIDENTIAL" />
<EVENT id="E77" start="2403" end="2417" text="biliary sludge" modality="FACTUAL" polarity="POS" type="PROBLEM" />
<EVENT id="E78" start="2422" end="2442" text="swelling of the body" modality="FACTUAL" polarity="POS" type="PROBLEM" />
<EVENT id="E79" start="2473" end="2492" text="other abnormalities" modality="FACTUAL" polarity="NEG" type="PROBLEM" />
<EVENT id="E80" start="2565" end="2580" text="epigastric pain" modality="FACTUAL" polarity="POS" type="PROBLEM" />
<EVENT id="E81" start="2586" end="2622" text="radiation to the left upper quadrant" modality="FACTUAL" polarity="POS" type="PROBLEM" />
<EVENT id="E82" start="2625" end="2633" text="The pain" modality="FACTUAL" polarity="POS" type="PROBLEM" />
<EVENT id="E83" start="2665" end="2683" text="high dose Dilaudid" modality="FACTUAL" polarity="POS" type="TREATMENT" />
<EVENT id="E84" start="2702" end="2725" text="a follow-up chest x-ray" modality="FACTUAL" polarity="POS" type="TEST" />
<EVENT id="E85" start="2778" end="2800" text="showing a normal heart" modality="FACTUAL" polarity="POS" type="OCCURRENCE" />
<EVENT id="E86" start="2819" end="2829" text="infiltrate" modality="FACTUAL" polarity="NEG" type="PROBLEM" />
<EVENT id="E87" start="2854" end="2879" text="the patient &apos;s fever" modality="FACTUAL" polarity="POS" type="PROBLEM" />
<EVENT id="E88" start="2896" end="2933" text="his abdominal pain" modality="FACTUAL" polarity="POS" type="PROBLEM" />
<EVENT id="E89" start="2936" end="2950" text="The cefotaxime" modality="FACTUAL" polarity="POS" type="TREATMENT" />
<EVENT id="E90" start="2977" end="2986" text="infection" modality="FACTUAL" polarity="NEG" type="PROBLEM" />
<EVENT id="E91" start="3058" end="3074" text="a low fat solids" modality="FACTUAL" polarity="POS" type="TREATMENT" />
<EVENT id="E92" start="3081" end="3099" text="pancreatitis study" modality="FACTUAL" polarity="POS" type="TEST" />
<EVENT id="E93" start="3122" end="3136" text="tolerated well" modality="FACTUAL" polarity="POS" type="OCCURRENCE" />
<EVENT id="E94" start="3155" end="3165" text="discharged" modality="FACTUAL" polarity="POS" type="OCCURRENCE" />
<EVENT id="E95" start="3209" end="3221" text="his symptoms" modality="FACTUAL" polarity="POS" type="PROBLEM" />
<TIMEX3 id="T1" start="18" end="28" text="02/17/2000" type="DATE" val="2000-02-17" mod="NA" />
<SECTIME id="S1" start="18" end="28" text="02/17/2000" type="ADMISSION" dvalue="2000-02-17" />
<TIMEX3 id="T2" start="175" end="185" text="seven days" type="DURATION" val="P7D" mod="NA" />
<TIMEX3 id="T3" start="242" end="256" text="seven days ago" type="DATE" val="2000-02-10" mod="NA" />
<TIMEX3 id="T4" start="259" end="266" text="2/11/00" type="DATE" val="2000-02-11" mod="NA" />
<TIMEX3 id="T5" start="467" end="471" text="1/25" type="DATE" val="2000-01-25" mod="NA" />
<TIMEX3 id="T6" start="598" end="610" text="for two days" type="DURATION" val="P2D" mod="NA" />
<TIMEX3 id="T7" start="1304" end="1311" text="2/17/00" type="DATE" val="2000-02-17" mod="NA" />
<TIMEX3 id="T8" start="1315" end="1322" text="2/21/00" type="DATE" val="2000-02-21" mod="NA" />
<TIMEX3 id="T9" start="2015" end="2022" text="2/22/00" type="DATE" val="2000-02-22" mod="NA" />
<TIMEX3 id="T10" start="2277" end="2284" text="2/23/00" type="DATE" val="2000-02-23" mod="NA" />
<TIMEX3 id="T11" start="2509" end="2516" text="2/24/00" type="DATE" val="2000-02-24" mod="NA" />
<TIMEX3 id="T12" start="2837" end="2851" text="2/25 - 2/27/00" type="DURATION" val="P2D" mod="NA" />
<TIMEX3 id="T13" start="3007" end="3014" text="2/28/00" type="DATE" val="2000-02-28" mod="NA" />
<TIMEX3 id="T14" start="3174" end="3181" text="2/29/00" type="DATE" val="2000-02-29" mod="NA" />
</TAGS>
</ClinicalNarrativeTemporalAnnotation>