<?xml version="1.0" encoding="UTF-8" ?>
<ClinicalNarrativeTemporalAnnotation>
<TEXT><![CDATA[
Admission Date :
2015-08-22
Discharge Date :
2015-08-26
Service :
CMED
History of Present Illness :
68 year old right handed man with multiple vascular risk factors , including 2 previous strokes and two myocardial infarctions , hypertension and hypercholesterolemia , who presents with acute onset right sided hemiplegia and dysarthria .
He went to the bathroom on his own at 6:12 AM and then called for help at 6:15 AM .
His wife found him with weak right leg , flaccid right arm , and severe dysarthria .
She called 911 and he was brought to Hahnemann General Hospital Lydia .
ROS :
Wife denies any recent bleeding , surgeries , or upper respiratory infection .
Brief Hospital Course :
Assessment :
68M with multiple vascular risk factors presents with acute onset right-sided hemiparesis and dysarthria , aphasia concerning for acute left MCA infarct .
Patient arrived in Daniel within 3 hours of symptom onset and head CT showed no evidence of bleed .
However , as wife had not seen patient before he became symptomatic , there was some concern that he had symptoms earlier than 6 am , and therefore would be outside the 3 hour window for TPA .
MRI was performed which showed diffusion abnormalities but no hyperintensity on T2 / FLAIR imaging supporting the acute onset .
Therefore , IV tpa thrombolytics were administered within 3 hours of symptom onset .
Within minutes the patient showed decreased right sided weakness and improved from a global aphasia to an anterior aphasia picture .
Given the likely embolic etiology of infarct , carotid doppler and TTE were performed .
Doppler revealed no hemodynamically significant lesions bilaterally .
Echo did not reveal potential source of emboli , but showed striking left ventricle akinesis and hypokinesis presumbly due to past MI x 2 .
Given that the stroke occurred while taking aspirin and plavix , and given the severe akinesis of the left ventricle , we decided to initiate anticoagulation with warfarin to help prevent future strokes .
Anticoagulation therapy was initiated with heparin and coumadin beginning on the evening of 2016-08-23 .
The patient and his wife , a nurse , were educated on low molecular wt heparin , which was started in the hospital on 2015-08-26 with close follow-up scheduled with Dr. Demmert of the Wareham VA primary care clinic the next morning .
His depakote was continued for his bipolar disorder .
On discharge , strength was nearly intact in the limbs , though he still had a right-sided facial droop .
Additionally , he still had mild dysarthria and mild anterior aphasia .
Additionally , risk factor modification was continued .
Lipid panel was checked and showed good control of lipids on his home dose of zocor .
Patient has no history of diabetes , and fasting glucose was 78 , but A1C was slightly elevated at 5.9 .
He may need further glucose monitoring in the future .
His home hypertensive medications were held while in the hospital to help increase cerebral perfusion and prevent further ischemia .
They will be restarted on discharge .
Speech therapy was also consulted , and recommended oupatient speech therapy .
Similarly , outpatient PT was recommended for his gait difficulties from his previous strokes .
Residual deficits include right side facial droop from previous stroke and moderately severe dysarthria and anterior aphasia with word finding difficulties .
]]></TEXT>
<TAGS>
<EVENT id="E1" start="1" end="10" text="Admission" modality="FACTUAL" polarity="POS" type="OCCURRENCE" />
<EVENT id="E2" start="29" end="38" text="Discharge" modality="FACTUAL" polarity="POS" type="OCCURRENCE" />
<EVENT id="E3" start="135" end="165" text="multiple vascular risk factors" modality="FACTUAL" polarity="POS" type="PROBLEM" />
<EVENT id="E4" start="178" end="196" text="2 previous strokes" modality="FACTUAL" polarity="POS" type="PROBLEM" />
<EVENT id="E5" start="201" end="227" text="two myocardial infarctions" modality="FACTUAL" polarity="POS" type="PROBLEM" />
<EVENT id="E6" start="230" end="242" text="hypertension" modality="FACTUAL" polarity="POS" type="PROBLEM" />
<EVENT id="E7" start="247" end="267" text="hypercholesterolemia" modality="FACTUAL" polarity="POS" type="PROBLEM" />
<EVENT id="E8" start="274" end="282" text="presents" modality="FACTUAL" polarity="POS" type="EVIDENTIAL" />
<EVENT id="E9" start="288" end="322" text="acute onset right sided hemiplegia" modality="FACTUAL" polarity="POS" type="PROBLEM" />
<EVENT id="E10" start="327" end="337" text="dysarthria" modality="FACTUAL" polarity="POS" type="PROBLEM" />
<EVENT id="E11" start="351" end="363" text="the bathroom" modality="FACTUAL" polarity="POS" type="CLINICAL_DEPT" />
<EVENT id="E12" start="448" end="462" text="weak right leg" modality="FACTUAL" polarity="POS" type="PROBLEM" />
<EVENT id="E13" start="465" end="482" text="flaccid right arm" modality="FACTUAL" polarity="POS" type="PROBLEM" />
<EVENT id="E14" start="489" end="506" text="severe dysarthria" modality="FACTUAL" polarity="POS" type="PROBLEM" />
<EVENT id="E15" start="546" end="578" text="Hahnemann General Hospital Lydia" modality="FACTUAL" polarity="POS" type="CLINICAL_DEPT" />
<EVENT id="E16" start="599" end="618" text="any recent bleeding" modality="FACTUAL" polarity="NEG" type="PROBLEM" />
<EVENT id="E17" start="621" end="630" text="surgeries" modality="FACTUAL" polarity="NEG" type="TREATMENT" />
<EVENT id="E18" start="636" end="663" text="upper respiratory infection" modality="FACTUAL" polarity="NEG" type="PROBLEM" />
<EVENT id="E19" start="712" end="742" text="multiple vascular risk factors" modality="FACTUAL" polarity="POS" type="PROBLEM" />
<EVENT id="E20" start="757" end="792" text="acute onset right-sided hemiparesis" modality="FACTUAL" polarity="POS" type="PROBLEM" />
<EVENT id="E21" start="797" end="807" text="dysarthria" modality="FACTUAL" polarity="POS" type="PROBLEM" />
<EVENT id="E22" start="810" end="817" text="aphasia" modality="FACTUAL" polarity="POS" type="PROBLEM" />
<EVENT id="E23" start="833" end="855" text="acute left MCA infarct" modality="FACTUAL" polarity="POS" type="PROBLEM" />
<EVENT id="E24" start="902" end="915" text="symptom onset" modality="FACTUAL" polarity="POS" type="PROBLEM" />
<EVENT id="E25" start="920" end="927" text="head CT" modality="FACTUAL" polarity="POS" type="TEST" />
<EVENT id="E26" start="928" end="934" text="showed" modality="FACTUAL" polarity="POS" type="EVIDENTIAL" />
<EVENT id="E27" start="950" end="955" text="bleed" modality="FACTUAL" polarity="NEG" type="PROBLEM" />
<EVENT id="E28" start="1014" end="1025" text="symptomatic" modality="FACTUAL" polarity="POS" type="PROBLEM" />
<EVENT id="E29" start="1063" end="1071" text="symptoms" modality="FACTUAL" polarity="POS" type="PROBLEM" />
<EVENT id="E30" start="1145" end="1148" text="TPA" modality="FACTUAL" polarity="POS" type="TREATMENT" />
<EVENT id="E31" start="1151" end="1154" text="MRI" modality="FACTUAL" polarity="POS" type="TEST" />
<EVENT id="E32" start="1175" end="1181" text="showed" modality="FACTUAL" polarity="POS" type="EVIDENTIAL" />
<EVENT id="E33" start="1182" end="1205" text="diffusion abnormalities" modality="FACTUAL" polarity="POS" type="PROBLEM" />
<EVENT id="E34" start="1213" end="1227" text="hyperintensity" modality="FACTUAL" polarity="NEG" type="PROBLEM" />
<EVENT id="E35" start="1231" end="1249" text="T2 / FLAIR imaging" modality="FACTUAL" polarity="POS" type="TEST" />
<EVENT id="E36" start="1291" end="1311" text="IV tpa thrombolytics" modality="FACTUAL" polarity="POS" type="TREATMENT" />
<EVENT id="E37" start="1348" end="1361" text="symptom onset" modality="FACTUAL" polarity="POS" type="PROBLEM" />
<EVENT id="E38" start="1391" end="1397" text="showed" modality="FACTUAL" polarity="POS" type="EVIDENTIAL" />
<EVENT id="E39" start="1398" end="1428" text="decreased right sided weakness" modality="FACTUAL" polarity="POS" type="PROBLEM" />
<EVENT id="E40" start="1433" end="1441" text="improved" modality="FACTUAL" polarity="POS" type="OCCURRENCE" />
<EVENT id="E41" start="1447" end="1463" text="a global aphasia" modality="FACTUAL" polarity="POS" type="PROBLEM" />
<EVENT id="E42" start="1467" end="1494" text="an anterior aphasia picture" modality="FACTUAL" polarity="POS" type="PROBLEM" />
<EVENT id="E43" start="1514" end="1530" text="embolic etiology" modality="FACTUAL" polarity="POS" type="PROBLEM" />
<EVENT id="E44" start="1534" end="1541" text="infarct" modality="FACTUAL" polarity="POS" type="PROBLEM" />
<EVENT id="E45" start="1544" end="1559" text="carotid doppler" modality="FACTUAL" polarity="POS" type="TEST" />
<EVENT id="E46" start="1564" end="1567" text="TTE" modality="FACTUAL" polarity="POS" type="TEST" />
<EVENT id="E47" start="1585" end="1592" text="Doppler" modality="FACTUAL" polarity="POS" type="TEST" />
<EVENT id="E48" start="1605" end="1652" text="hemodynamically significant lesions bilaterally" modality="FACTUAL" polarity="NEG" type="PROBLEM" />
<EVENT id="E49" start="1655" end="1659" text="Echo" modality="FACTUAL" polarity="POS" type="TEST" />
<EVENT id="E50" start="1695" end="1701" text="emboli" modality="FACTUAL" polarity="POS" type="PROBLEM" />
<EVENT id="E51" start="1708" end="1714" text="showed" modality="FACTUAL" polarity="POS" type="EVIDENTIAL" />
<EVENT id="E52" start="1715" end="1747" text="striking left ventricle akinesis" modality="FACTUAL" polarity="POS" type="PROBLEM" />
<EVENT id="E53" start="1752" end="1763" text="hypokinesis" modality="FACTUAL" polarity="POS" type="PROBLEM" />
<EVENT id="E54" start="1781" end="1788" text="past MI" modality="FACTUAL" polarity="POS" type="PROBLEM" />
<EVENT id="E55" start="1806" end="1816" text="the stroke" modality="FACTUAL" polarity="POS" type="PROBLEM" />
<EVENT id="E56" start="1839" end="1846" text="aspirin" modality="FACTUAL" polarity="POS" type="TREATMENT" />
<EVENT id="E57" start="1851" end="1857" text="plavix" modality="FACTUAL" polarity="POS" type="TREATMENT" />
<EVENT id="E58" start="1870" end="1911" text="the severe akinesis of the left ventricle" modality="FACTUAL" polarity="POS" type="PROBLEM" />
<EVENT id="E59" start="1937" end="1952" text="anticoagulation" modality="FACTUAL" polarity="POS" type="TREATMENT" />
<EVENT id="E60" start="1958" end="1966" text="warfarin" modality="FACTUAL" polarity="POS" type="TREATMENT" />
<EVENT id="E61" start="1983" end="1997" text="future strokes" modality="FACTUAL" polarity="POS" type="PROBLEM" />
<EVENT id="E62" start="2000" end="2023" text="Anticoagulation therapy" modality="FACTUAL" polarity="POS" type="TREATMENT" />
<EVENT id="E63" start="2043" end="2050" text="heparin" modality="FACTUAL" polarity="POS" type="TREATMENT" />
<EVENT id="E64" start="2055" end="2063" text="coumadin" modality="FACTUAL" polarity="POS" type="TREATMENT" />
<EVENT id="E65" start="2159" end="2183" text="low molecular wt heparin" modality="FACTUAL" polarity="POS" type="TREATMENT" />
<EVENT id="E66" start="2207" end="2219" text="the hospital" modality="FACTUAL" polarity="POS" type="CLINICAL_DEPT" />
<EVENT id="E67" start="2285" end="2319" text="the Wareham VA primary care clinic" modality="FACTUAL" polarity="POS" type="CLINICAL_DEPT" />
<EVENT id="E68" start="2339" end="2351" text="His depakote" modality="FACTUAL" polarity="POS" type="TREATMENT" />
<EVENT id="E69" start="2370" end="2390" text="his bipolar disorder" modality="FACTUAL" polarity="POS" type="PROBLEM" />
<EVENT id="E70" start="2396" end="2405" text="discharge" modality="FACTUAL" polarity="POS" type="OCCURRENCE" />
<EVENT id="E71" start="2470" end="2496" text="a right-sided facial droop" modality="FACTUAL" polarity="POS" type="PROBLEM" />
<EVENT id="E72" start="2527" end="2542" text="mild dysarthria" modality="FACTUAL" polarity="POS" type="PROBLEM" />
<EVENT id="E73" start="2547" end="2568" text="mild anterior aphasia" modality="FACTUAL" polarity="POS" type="PROBLEM" />
<EVENT id="E74" start="2586" end="2610" text="risk factor modification" modality="FACTUAL" polarity="POS" type="TEST" />
<EVENT id="E75" start="2627" end="2638" text="Lipid panel" modality="FACTUAL" polarity="POS" type="TEST" />
<EVENT id="E76" start="2655" end="2661" text="showed" modality="FACTUAL" polarity="POS" type="EVIDENTIAL" />
<EVENT id="E77" start="2662" end="2674" text="good control" modality="FACTUAL" polarity="POS" type="OCCURRENCE" />
<EVENT id="E78" start="2688" end="2710" text="his home dose of zocor" modality="FACTUAL" polarity="POS" type="TREATMENT" />
<EVENT id="E79" start="2739" end="2747" text="diabetes" modality="FACTUAL" polarity="NEG" type="PROBLEM" />
<EVENT id="E80" start="2754" end="2769" text="fasting glucose" modality="FACTUAL" polarity="POS" type="TEST" />
<EVENT id="E81" start="2783" end="2786" text="A1C" modality="FACTUAL" polarity="POS" type="TEST" />
<EVENT id="E82" start="2791" end="2808" text="slightly elevated" modality="FACTUAL" polarity="POS" type="PROBLEM" />
<EVENT id="E83" start="2830" end="2856" text="further glucose monitoring" modality="FACTUAL" polarity="POS" type="TEST" />
<EVENT id="E84" start="2873" end="2906" text="His home hypertensive medications" modality="FACTUAL" polarity="POS" type="TREATMENT" />
<EVENT id="E85" start="2926" end="2938" text="the hospital" modality="FACTUAL" polarity="POS" type="CLINICAL_DEPT" />
<EVENT id="E86" start="2987" end="3003" text="further ischemia" modality="FACTUAL" polarity="POS" type="PROBLEM" />
<EVENT id="E87" start="3032" end="3041" text="discharge" modality="FACTUAL" polarity="POS" type="OCCURRENCE" />
<EVENT id="E88" start="3068" end="3077" text="consulted" modality="FACTUAL" polarity="POS" type="OCCURRENCE" />
<EVENT id="E89" start="3096" end="3120" text="oupatient speech therapy" modality="FACTUAL" polarity="POS" type="TREATMENT" />
<EVENT id="E90" start="3135" end="3148" text="outpatient PT" modality="FACTUAL" polarity="POS" type="TREATMENT" />
<EVENT id="E91" start="3169" end="3190" text="his gait difficulties" modality="FACTUAL" polarity="POS" type="PROBLEM" />
<EVENT id="E92" start="3196" end="3216" text="his previous strokes" modality="FACTUAL" polarity="POS" type="PROBLEM" />
<EVENT id="E93" start="3219" end="3236" text="Residual deficits" modality="FACTUAL" polarity="POS" type="PROBLEM" />
<EVENT id="E94" start="3245" end="3268" text="right side facial droop" modality="FACTUAL" polarity="POS" type="PROBLEM" />
<EVENT id="E95" start="3274" end="3289" text="previous stroke" modality="FACTUAL" polarity="POS" type="PROBLEM" />
<EVENT id="E96" start="3294" end="3322" text="moderately severe dysarthria" modality="FACTUAL" polarity="POS" type="PROBLEM" />
<EVENT id="E97" start="3327" end="3343" text="anterior aphasia" modality="FACTUAL" polarity="POS" type="PROBLEM" />
<EVENT id="E98" start="3349" end="3374" text="word finding difficulties" modality="FACTUAL" polarity="POS" type="PROBLEM" />
<TIMEX3 id="T1" start="18" end="28" text="2015-08-22" type="DATE" val="2015-08-22" mod="NA" />
<SECTIME id="S1" start="18" end="28" text="2015-08-22" type="ADMISSION" dvalue="2015-08-22" />
<TIMEX3 id="T2" start="46" end="56" text="2015-08-26" type="DATE" val="2015-08-26" mod="NA" />
<SECTIME id="S2" start="46" end="56" text="2015-08-26" type="DISCHARGE" dvalue="2015-08-26" />
<TIMEX3 id="T3" start="375" end="382" text="at 6:12" type="TIME" val="2015-08-22T06:12" mod="NA" />
<TIMEX3 id="T4" start="411" end="418" text="at 6:15" type="TIME" val="2015-08-22T06:15" mod="NA" />
<TIMEX3 id="T5" start="891" end="898" text="3 hours" type="DURATION" val="PT3H" mod="NA" />
<TIMEX3 id="T6" start="1085" end="1089" text="6 am" type="TIME" val="2015-08-22T06:00" mod="NA" />
<TIMEX3 id="T7" start="1127" end="1133" text="3 hour" type="DURATION" val="PT3H" mod="NA" />
<TIMEX3 id="T8" start="1337" end="1344" text="3 hours" type="DURATION" val="PT3H" mod="NA" />
<TIMEX3 id="T9" start="1789" end="1792" text="x 2" type="FREQUENCY" val="r2" mod="NA" />
<TIMEX3 id="T10" start="2077" end="2102" text="the evening of 2016-08-23" type="DATE" val="2016-08-23" mod="END" />
<TIMEX3 id="T11" start="2223" end="2233" text="2015-08-26" type="DATE" val="2015-08-26" mod="NA" />
<TIMEX3 id="T12" start="2320" end="2336" text="the next morning" type="DATE" val="2015-08-23" mod="START" />
<TIMEX3 id="T13" start="383" end="385" text="AM" type="DATE" val="2015-08-26" mod="START" />
<TIMEX3 id="T14" start="419" end="421" text="AM" type="DATE" val="2015-08-26" mod="START" />
</TAGS>
</ClinicalNarrativeTemporalAnnotation>