<?xml version="1.0" encoding="UTF-8" ?>
<ClinicalNarrativeTemporalAnnotation>
<TEXT><![CDATA[
ADMISSION DATE :
9/14/93
DISCHARGE DATE :
9/15/93
HISTORY OF PRESENT ILLNESS :
Patient is a 49 year old previously healthy female , who was diagnosed in June , 1992 , with a breast carcinoma , after she presented with some breast discomfort on the left side .
She underwent a wide resection of a left breast mass by Dr. Ausguall on 8/17/93 .
Pathology of this resection revealed a Grade III / III infiltrating ductal carcinoma .
She now presents for left axillary node dissection , to complete her staging .
She has no complaints at the time of presentation .
REVIEW OF SYSTEMS :
noncontributory , her last menstrual period was regular , and last week .
MEDICATIONS ON ADMISSION :
:w
:q
none .
HOSPITAL COURSE :
The patient was admitted on 9/14/93 , and underwent on that same day , a left axillary lymph nodes dissection , by Dr. Ausguall .
The patient tolerated the procedure well , there were no complications .
Postoperative course was unremarkable .
The patient was discharged home on 9/15/93 .
At that time her JP was still in place .
]]></TEXT>
<TAGS>
<EVENT id="E1" start="1" end="10" text="ADMISSION" modality="FACTUAL" polarity="POS" type="OCCURRENCE" />
<EVENT id="E2" start="26" end="35" text="DISCHARGE" modality="FACTUAL" polarity="POS" type="OCCURRENCE" />
<EVENT id="E3" start="141" end="150" text="diagnosed" modality="FACTUAL" polarity="POS" type="OCCURRENCE" />
<EVENT id="E4" start="173" end="191" text="a breast carcinoma" modality="FACTUAL" polarity="POS" type="PROBLEM" />
<EVENT id="E5" start="204" end="213" text="presented" modality="FACTUAL" polarity="POS" type="OCCURRENCE" />
<EVENT id="E6" start="219" end="258" text="some breast discomfort on the left side" modality="FACTUAL" polarity="POS" type="PROBLEM" />
<EVENT id="E7" start="275" end="294" text="a wide resection" modality="FACTUAL" polarity="POS" type="TREATMENT" />
<EVENT id="E8" start="295" end="313" text="a left breast mass" modality="FACTUAL" polarity="POS" type="PROBLEM" />
<EVENT id="E9" start="356" end="370" text="this resection" modality="FACTUAL" polarity="POS" type="TREATMENT" />
<EVENT id="E10" start="371" end="379" text="revealed" modality="FACTUAL" polarity="POS" type="EVIDENTIAL" />
<EVENT id="E11" start="380" end="427" text="a Grade III / III infiltrating ductal carcinoma" modality="FACTUAL" polarity="POS" type="PROBLEM" />
<EVENT id="E12" start="438" end="446" text="presents" modality="FACTUAL" polarity="POS" type="EVIDENTIAL" />
<EVENT id="E13" start="451" end="480" text="left axillary node dissection" modality="FACTUAL" polarity="POS" type="TREATMENT" />
<EVENT id="E14" start="729" end="737" text="admitted" modality="FACTUAL" polarity="POS" type="OCCURRENCE" />
<EVENT id="E15" start="784" end="822" text="a left axillary lymph nodes dissection" modality="FACTUAL" polarity="POS" type="TREATMENT" />
<EVENT id="E16" start="855" end="864" text="tolerated" modality="FACTUAL" polarity="POS" type="OCCURRENCE" />
<EVENT id="E17" start="865" end="883" text="the procedure" modality="FACTUAL" polarity="POS" type="TREATMENT" />
<EVENT id="E18" start="900" end="913" text="complications" modality="FACTUAL" polarity="NEG" type="PROBLEM" />
<EVENT id="E19" start="916" end="936" text="Postoperative course" modality="FACTUAL" polarity="POS" type="OCCURRENCE" />
<EVENT id="E20" start="941" end="953" text="unremarkable" modality="FACTUAL" polarity="POS" type="OCCURRENCE" />
<EVENT id="E21" start="972" end="982" text="discharged" modality="FACTUAL" polarity="POS" type="OCCURRENCE" />
<EVENT id="E22" start="1014" end="1020" text="her JP" modality="FACTUAL" polarity="POS" type="TREATMENT" />
<TIMEX3 id="T1" start="18" end="25" text="9/14/93" type="DATE" val="1993-09-14" mod="NA" />
<SECTIME id="S1" start="18" end="25" text="9/14/93" type="ADMISSION" dvalue="1993-09-14" />
<TIMEX3 id="T2" start="43" end="50" text="9/15/93" type="DATE" val="1993-09-15" mod="NA" />
<SECTIME id="S2" start="43" end="50" text="9/15/93" type="DISCHARGE" dvalue="1993-09-15" />
<TIMEX3 id="T3" start="154" end="165" text="June , 1992" type="DATE" val="1992-06" mod="NA" />
<TIMEX3 id="T4" start="333" end="340" text="8/17/93" type="DATE" val="1993-08-17" mod="NA" />
<TIMEX3 id="T5" start="741" end="748" text="9/14/93" type="DATE" val="1993-09-14" mod="NA" />
<TIMEX3 id="T6" start="773" end="781" text="same day" type="DATE" val="D" mod="NA" />
<TIMEX3 id="T7" start="916" end="936" text="Postoperative course" type="DATE" val="1993-09-15" mod="APPROX" />
<TIMEX3 id="T8" start="991" end="998" text="9/15/93" type="DATE" val="1993-09-15" mod="NA" />
<TIMEX3 id="T9" start="434" end="437" text="now" type="DATE" val="1993-08-17" mod="NA" />
<TIMEX3 id="T10" start="534" end="542" text="the time" type="DATE" val="1993-08-17" mod="NA" />
<TIMEX3 id="T11" start="1004" end="1013" text="that time" type="DATE" val="1993-09-15" mod="NA" />
</TAGS>
</ClinicalNarrativeTemporalAnnotation>