<?xml version="1.0" encoding="UTF-8" ?>
<ClinicalNarrativeTemporalAnnotation>
<TEXT><![CDATA[
Admission Date :
2010-06-07
Discharge Date :
2010-06-12
Service :
CARDIOTHORACIC SURGERY
HISTORY OF THE PRESENT ILLNESS :
This is a 55 - year-old male with critical aortic stenosis who was referred to Dr. Brenda Hummer for discussion for surgical options to free this condition .
The patient reportedly had been experiencing increasing fatigue and dyspnea with exertion for the year prior to his admission .
The patient reported increasingly frequent episodes of dizziness and shortness of breath accompanied with coughing spells after walking approximately a half a mile or climbing three flights of stairs .
On 2010-05-27 , an echocardiogram was done which revealed critical fibrocalcific aortic stenosis with a peak gradient of 125 mmHg , a mean gradient of 74 mmHg , an Oak Bluffs of 0.44 , and 1+ aortic and mitral insufficiency .
The patient subsequently underwent a cardiac catheterization on 2010-06-01 , which demonstrated no hemodynamically significant coronary artery disease , but critical aortic stenosis consistent with his echocardiogram study results .
The patient was subsequently scheduled for a mechanical aortic valve replacement procedure with aortic replacement on 2010-06-07 .
HOSPITAL COURSE :
On 2010-06-07 , the patient underwent a mechanical aortic valve replacement with a 23 mm Carbomedics mechanical valve and a Supra coronary aortic graft with gelweave 28 mm .
The patient tolerated the procedure well with a bypass time of 155 minutes and a crossclamp time of
130 minutes , and a rest time of 16 minutes .
The patient 's pericardium was left open ; lines placed included a right radial line and a right IJ line ; both ventricular and atrial wires were placed ; two mediastinal tubes were placed .
The patient was subsequently transferred to the Cardiac Surgery Recovery Unit , intubated , for further evaluation and management .
On transfer , the patient 's mean arterial pressure was 76 , CVP 12 , PAD 17 , and his Bennie was 25 .
The patient was AV paced at a rate of 88 beats per minute .
Active drips included milrinone , Levophed , propofol , and insulin .
On postoperative day number one , the patient was successfully weaned and extubated without complication .
The patient was then advanced to oral intake which he tolerated without complication .
On postoperative day number two , the patient 's chest tubes were removed without complication and the patient was subsequently cleared for transfer to the floor .
The patient was subsequently admitted to the cardiothoracic service under the direction of Dr. Brenda Hummer .
Postoperatively , the patient 's clinical course was largely unremarkable .
The patient was evaluated by Physical Therapy , who declared him a suitable candidate for discharge directly to home following resolution of his medical therapy .
The patient was advanced to a full regular diet , which he tolerated without complication , and had adequate pain control provided via oral pain medications .
The patient was begun on anticoagulation therapy for a target INR of 2.5 .
On the evening of postoperative day number four , the patient had a transient episode of disorientation and confusion which subsequently resolved spontaneously .
By postoperative day number five , the patient was noted to be afebrile and stable .
His incision was noted to be clean , dry , and intact with no evidence of cellulitis or purulent drainage .
The patient was noted to be independently ambulatory and was productive of adequate amounts of urine .
The patient was tolerant of a full regular diet and had his pain well controlled via oral pain medications .
The patient 's INR was noted to be 2.3 .
The patient was subsequently cleared for discharge to home with instructions for follow-up on postoperative day number five , 2010-06-12 .
]]></TEXT>
<TAGS>
<EVENT id="E1" start="1" end="10" text="Admission" modality="FACTUAL" polarity="POS" type="OCCURRENCE" />
<EVENT id="E2" start="29" end="38" text="Discharge" modality="FACTUAL" polarity="POS" type="OCCURRENCE" />
<EVENT id="E3" start="157" end="181" text="critical aortic stenosis" modality="FACTUAL" polarity="POS" type="PROBLEM" />
<EVENT id="E4" start="239" end="255" text="surgical options" modality="FACTUAL" polarity="POS" type="TREATMENT" />
<EVENT id="E5" start="264" end="278" text="this condition" modality="FACTUAL" polarity="POS" type="PROBLEM" />
<EVENT id="E6" start="326" end="344" text="increasing fatigue" modality="FACTUAL" polarity="POS" type="PROBLEM" />
<EVENT id="E7" start="349" end="356" text="dyspnea" modality="FACTUAL" polarity="POS" type="PROBLEM" />
<EVENT id="E8" start="393" end="406" text="his admission" modality="FACTUAL" polarity="POS" type="OCCURRENCE" />
<EVENT id="E9" start="421" end="429" text="reported" modality="FACTUAL" polarity="POS" type="EVIDENTIAL" />
<EVENT id="E10" start="464" end="473" text="dizziness" modality="FACTUAL" polarity="POS" type="PROBLEM" />
<EVENT id="E11" start="478" end="497" text="shortness of breath" modality="FACTUAL" polarity="POS" type="PROBLEM" />
<EVENT id="E12" start="515" end="544" text="coughing spells" modality="FACTUAL" polarity="POS" type="PROBLEM" />
<EVENT id="E13" start="627" end="644" text="an echocardiogram" modality="FACTUAL" polarity="POS" type="TEST" />
<EVENT id="E14" start="660" end="668" text="revealed" modality="FACTUAL" polarity="POS" type="EVIDENTIAL" />
<EVENT id="E15" start="669" end="707" text="critical fibrocalcific aortic stenosis" modality="FACTUAL" polarity="POS" type="PROBLEM" />
<EVENT id="E16" start="713" end="728" text="a peak gradient" modality="FACTUAL" polarity="POS" type="TEST" />
<EVENT id="E17" start="743" end="758" text="a mean gradient" modality="FACTUAL" polarity="POS" type="TEST" />
<EVENT id="E18" start="772" end="785" text="an Oak Bluffs" modality="FACTUAL" polarity="POS" type="TEST" />
<EVENT id="E19" start="800" end="834" text="1+ aortic and mitral insufficiency" modality="FACTUAL" polarity="POS" type="PROBLEM" />
<EVENT id="E20" start="872" end="897" text="a cardiac catheterization" modality="FACTUAL" polarity="POS" type="TEST" />
<EVENT id="E21" start="920" end="932" text="demonstrated" modality="FACTUAL" polarity="POS" type="EVIDENTIAL" />
<EVENT id="E22" start="936" end="987" text="hemodynamically significant coronary artery disease" modality="FACTUAL" polarity="NEG" type="PROBLEM" />
<EVENT id="E23" start="994" end="1018" text="critical aortic stenosis" modality="FACTUAL" polarity="POS" type="PROBLEM" />
<EVENT id="E24" start="1035" end="1067" text="his echocardiogram study results" modality="FACTUAL" polarity="POS" type="TEST" />
<EVENT id="E25" start="1113" end="1160" text="a mechanical aortic valve replacement procedure" modality="FACTUAL" polarity="POS" type="TREATMENT" />
<EVENT id="E26" start="1166" end="1184" text="aortic replacement" modality="FACTUAL" polarity="POS" type="TREATMENT" />
<EVENT id="E27" start="1257" end="1294" text="a mechanical aortic valve replacement" modality="FACTUAL" polarity="POS" type="TREATMENT" />
<EVENT id="E28" start="1300" end="1336" text="a 23 mm Carbomedics mechanical valve" modality="FACTUAL" polarity="POS" type="TREATMENT" />
<EVENT id="E29" start="1341" end="1370" text="a Supra coronary aortic graft" modality="FACTUAL" polarity="POS" type="TREATMENT" />
<EVENT id="E30" start="1376" end="1384" text="gelweave" modality="FACTUAL" polarity="POS" type="TREATMENT" />
<EVENT id="E31" start="1405" end="1414" text="tolerated" modality="FACTUAL" polarity="POS" type="OCCURRENCE" />
<EVENT id="E32" start="1415" end="1433" text="the procedure" modality="FACTUAL" polarity="POS" type="TREATMENT" />
<EVENT id="E33" start="1439" end="1447" text="a bypass" modality="FACTUAL" polarity="POS" type="TREATMENT" />
<EVENT id="E34" start="1582" end="1587" text="lines" modality="FACTUAL" polarity="POS" type="TREATMENT" />
<EVENT id="E35" start="1604" end="1623" text="a right radial line" modality="FACTUAL" polarity="POS" type="TREATMENT" />
<EVENT id="E36" start="1628" end="1643" text="a right IJ line" modality="FACTUAL" polarity="POS" type="TREATMENT" />
<EVENT id="E37" start="1651" end="1679" text="ventricular and atrial wires" modality="FACTUAL" polarity="POS" type="TREATMENT" />
<EVENT id="E38" start="1694" end="1715" text="two mediastinal tubes" modality="FACTUAL" polarity="POS" type="TREATMENT" />
<EVENT id="E39" start="1759" end="1770" text="transferred" modality="FACTUAL" polarity="POS" type="OCCURRENCE" />
<EVENT id="E40" start="1774" end="1807" text="the Cardiac Surgery Recovery Unit" modality="FACTUAL" polarity="POS" type="CLINICAL_DEPT" />
<EVENT id="E41" start="1810" end="1819" text="intubated" modality="FACTUAL" polarity="POS" type="TREATMENT" />
<EVENT id="E42" start="1826" end="1844" text="further evaluation" modality="FACTUAL" polarity="POS" type="TEST" />
<EVENT id="E43" start="1849" end="1859" text="management" modality="FACTUAL" polarity="POS" type="TREATMENT" />
<EVENT id="E44" start="1876" end="1913" text="the patient 's mean arterial pressure" modality="FACTUAL" polarity="POS" type="TEST" />
<EVENT id="E45" start="1923" end="1926" text="CVP" modality="FACTUAL" polarity="POS" type="TEST" />
<EVENT id="E46" start="1932" end="1935" text="PAD" modality="FACTUAL" polarity="POS" type="TEST" />
<EVENT id="E47" start="1945" end="1955" text="his Bennie" modality="FACTUAL" polarity="POS" type="TEST" />
<EVENT id="E48" start="1981" end="1989" text="AV paced" modality="FACTUAL" polarity="POS" type="TREATMENT" />
<EVENT id="E49" start="2025" end="2037" text="Active drips" modality="FACTUAL" polarity="POS" type="TREATMENT" />
<EVENT id="E50" start="2047" end="2056" text="milrinone" modality="FACTUAL" polarity="POS" type="TREATMENT" />
<EVENT id="E51" start="2059" end="2067" text="Levophed" modality="FACTUAL" polarity="POS" type="TREATMENT" />
<EVENT id="E52" start="2070" end="2078" text="propofol" modality="FACTUAL" polarity="POS" type="TREATMENT" />
<EVENT id="E53" start="2085" end="2092" text="insulin" modality="FACTUAL" polarity="POS" type="TREATMENT" />
<EVENT id="E54" start="2158" end="2178" text="weaned and extubated" modality="FACTUAL" polarity="POS" type="OCCURRENCE" />
<EVENT id="E55" start="2187" end="2199" text="complication" modality="FACTUAL" polarity="NEG" type="PROBLEM" />
<EVENT id="E56" start="2223" end="2246" text="advanced to oral intake" modality="FACTUAL" polarity="POS" type="OCCURRENCE" />
<EVENT id="E57" start="2256" end="2265" text="tolerated" modality="FACTUAL" polarity="POS" type="OCCURRENCE" />
<EVENT id="E58" start="2274" end="2286" text="complication" modality="FACTUAL" polarity="NEG" type="PROBLEM" />
<EVENT id="E59" start="2323" end="2349" text="the patient 's chest tubes" modality="FACTUAL" polarity="POS" type="TREATMENT" />
<EVENT id="E60" start="2371" end="2383" text="complication" modality="FACTUAL" polarity="NEG" type="PROBLEM" />
<EVENT id="E61" start="2429" end="2437" text="transfer" modality="FACTUAL" polarity="POS" type="OCCURRENCE" />
<EVENT id="E62" start="2441" end="2450" text="the floor" modality="FACTUAL" polarity="POS" type="CLINICAL_DEPT" />
<EVENT id="E63" start="2482" end="2490" text="admitted" modality="FACTUAL" polarity="POS" type="OCCURRENCE" />
<EVENT id="E64" start="2494" end="2520" text="the cardiothoracic service" modality="FACTUAL" polarity="POS" type="CLINICAL_DEPT" />
<EVENT id="E65" start="2597" end="2612" text="clinical course" modality="FACTUAL" polarity="POS" type="OCCURRENCE" />
<EVENT id="E66" start="2669" end="2685" text="Physical Therapy" modality="FACTUAL" polarity="POS" type="CLINICAL_DEPT" />
<EVENT id="E67" start="2730" end="2739" text="discharge" modality="FACTUAL" polarity="POS" type="OCCURRENCE" />
<EVENT id="E68" start="2781" end="2800" text="his medical therapy" modality="FACTUAL" polarity="POS" type="TREATMENT" />
<EVENT id="E69" start="2831" end="2850" text="a full regular diet" modality="FACTUAL" polarity="POS" type="TREATMENT" />
<EVENT id="E70" start="2862" end="2871" text="tolerated" modality="FACTUAL" polarity="POS" type="OCCURRENCE" />
<EVENT id="E71" start="2880" end="2892" text="complication" modality="FACTUAL" polarity="NEG" type="PROBLEM" />
<EVENT id="E72" start="2903" end="2933" text="adequate pain control provided" modality="FACTUAL" polarity="POS" type="OCCURRENCE" />
<EVENT id="E73" start="2938" end="2959" text="oral pain medications" modality="FACTUAL" polarity="POS" type="TREATMENT" />
<EVENT id="E74" start="2987" end="3010" text="anticoagulation therapy" modality="FACTUAL" polarity="POS" type="TREATMENT" />
<EVENT id="E75" start="3015" end="3027" text="a target INR" modality="FACTUAL" polarity="POS" type="TEST" />
<EVENT id="E76" start="3126" end="3140" text="disorientation" modality="FACTUAL" polarity="POS" type="PROBLEM" />
<EVENT id="E77" start="3145" end="3154" text="confusion" modality="FACTUAL" polarity="POS" type="PROBLEM" />
<EVENT id="E78" start="3250" end="3255" text="noted" modality="FACTUAL" polarity="POS" type="EVIDENTIAL" />
<EVENT id="E79" start="3262" end="3270" text="afebrile" modality="FACTUAL" polarity="POS" type="PROBLEM" />
<EVENT id="E80" start="3275" end="3281" text="stable" modality="FACTUAL" polarity="POS" type="OCCURRENCE" />
<EVENT id="E81" start="3284" end="3296" text="His incision" modality="FACTUAL" polarity="POS" type="PROBLEM" />
<EVENT id="E82" start="3313" end="3337" text="clean , dry , and intact" modality="FACTUAL" polarity="POS" type="OCCURRENCE" />
<EVENT id="E83" start="3358" end="3368" text="cellulitis" modality="FACTUAL" polarity="NEG" type="PROBLEM" />
<EVENT id="E84" start="3372" end="3389" text="purulent drainage" modality="FACTUAL" polarity="NEG" type="PROBLEM" />
<EVENT id="E85" start="3408" end="3413" text="noted" modality="FACTUAL" polarity="POS" type="EVIDENTIAL" />
<EVENT id="E86" start="3434" end="3444" text="ambulatory" modality="FACTUAL" polarity="POS" type="OCCURRENCE" />
<EVENT id="E87" start="3523" end="3542" text="a full regular diet" modality="FACTUAL" polarity="POS" type="TREATMENT" />
<EVENT id="E88" start="3551" end="3575" text="his pain" modality="FACTUAL" polarity="POS" type="PROBLEM" />
<EVENT id="E89" start="3580" end="3601" text="oral pain medications" modality="FACTUAL" polarity="POS" type="TREATMENT" />
<EVENT id="E90" start="3604" end="3622" text="The patient 's INR" modality="FACTUAL" polarity="POS" type="TEST" />
<EVENT id="E91" start="3627" end="3632" text="noted" modality="FACTUAL" polarity="POS" type="EVIDENTIAL" />
<EVENT id="E92" start="3686" end="3695" text="discharge" modality="FACTUAL" polarity="POS" type="OCCURRENCE" />
<TIMEX3 id="T1" start="18" end="28" text="2010-06-07" type="DATE" val="2010-06-07" mod="NA" />
<SECTIME id="S1" start="18" end="28" text="2010-06-07" type="ADMISSION" dvalue="2010-06-07" />
<TIMEX3 id="T2" start="46" end="56" text="2010-06-12" type="DATE" val="2010-06-12" mod="NA" />
<SECTIME id="S2" start="46" end="56" text="2010-06-12" type="DISCHARGE" dvalue="2010-06-12" />
<TIMEX3 id="T3" start="375" end="406" text="the year prior to his admission" type="DATE" val="2009-06-07" mod="NA" />
<TIMEX3 id="T4" start="614" end="624" text="2010-05-27" type="DATE" val="2010-05-27" mod="NA" />
<TIMEX3 id="T5" start="901" end="911" text="2010-06-01" type="DATE" val="2010-06-01" mod="NA" />
<TIMEX3 id="T6" start="1188" end="1198" text="2010-06-07" type="DATE" val="2010-06-07" mod="NA" />
<TIMEX3 id="T7" start="1222" end="1232" text="2010-06-07" type="DATE" val="2010-06-07" mod="NA" />
<TIMEX3 id="T8" start="1456" end="1467" text="155 minutes" type="DURATION" val="PT155M" mod="NA" />
<TIMEX3 id="T9" start="1493" end="1504" text="130 minutes" type="DURATION" val="PT130M" mod="NA" />
<TIMEX3 id="T10" start="1526" end="1536" text="16 minutes" type="DURATION" val="PT16M" mod="NA" />
<TIMEX3 id="T11" start="3040" end="3051" text="the evening" type="DATE" val="2010-06-07" mod="END" />
<TIMEX3 id="T12" start="3771" end="3781" text="2010-06-12" type="DATE" val="2010-06-12" mod="NA" />
<TIMEX3 id="T13" start="2098" end="2126" text="postoperative day number one" type="DATE" val="2010-06-08" mod="NA" />
<TIMEX3 id="T14" start="2292" end="2320" text="postoperative day number two" type="DATE" val="2010-06-09" mod="NA" />
<TIMEX3 id="T15" start="3055" end="3084" text="postoperative day number four" type="DATE" val="2010-06-11" mod="NA" />
<TIMEX3 id="T16" start="3202" end="3231" text="postoperative day number five" type="DATE" val="2010-06-12" mod="NA" />
<TIMEX3 id="T17" start="3739" end="3768" text="postoperative day number five" type="DATE" val="2010-06-12" mod="NA" />
</TAGS>
</ClinicalNarrativeTemporalAnnotation>