<?xml version="1.0" encoding="UTF-8" ?>
<ClinicalNarrativeTemporalAnnotation>
<TEXT><![CDATA[
Admission Date :
2010-06-28
Discharge Date :
2010-07-01
Service :
ORTHOPEDIC
HISTORY OF THE PRESENT ILLNESS :
This is a 20-year-old female with no significant past medical history , who was the unrestrained passenger in a high speed rollover motor vehicle accident on 2010-06-27 .
By report , the patient was ejected from the vehicle on impact and found curled in the fetal position at the rear of the vehicle at the scene .
The vehicle was noted to be extensively damaged .
By report , the patient was noted to be awake , but confused at the scene of the accident with no memory of the incident .
She was immobilized in the C-spine collar at the scene of the accident and subsequently transported by EMS to the New England Sinai Hospital & Rehab Center Emergency Department for further management .
HOSPITAL COURSE :
The patient was evaluated by the Trauma Service in the emergency room , where she received four liters
crystalloid and four units packed red blood cells with good response .
In addition , the patient received the above-described diagnostic procedures , which demonstrated injuries limited to a posterior scalp laceration , left fractured clavicle , left fractured radius , right thigh hematoma , and right leg laceration .
The patient was subsequently admitted to the Trauma Service on 2010-06-28 under the direction of Dr. Lowery .
Given the patient 's right thigh hematoma , a duplex evaluation of the right lower extremity was performed on 2010-06-28 and demonstrated no evidence of major arterial or venous injury in the level of
the right inguinal region .
On 06-28 , the patient was also cleared for removal of her C-spine collar and deemed stable for transfer to the Orthopedic Service under the direction of Dr. Ronda Lopez .
The patient remained stable through 2010-06-29 at which point she was sent to the operating room to undergo a left radial fracture open reduction and internal fixation procedure .
The patient tolerated the procedure well and demonstrated a postoperative hematocrit of 40.9 .
Of note , the scalp and right lower leg lacerations were closed primarily by the trauma team on admission and on hospital day #1 were noted to be clean , dry , and intact .
Nonoperative treatment was elected for the patient 's left clavicular fracture .
On postoperative day #1 , 2010-06-30 , the patient was noted to be clinically stable , tolerating oral intake , and expressive of adequate amounts of urine independent of a Foley catheter .
The patient 's head wound laceration was noted to be clean and dry with intact staples .
There was no erythema or purulence .
The left clavicle was noted to have continued ecchymosis decreased from prior examination with a minor stepoff and mild tenderness to palpation decreased from prior examinations .
The left forearm dressing was noted to be in place , clean , dry , and intact with no saturation .
The patient was noted to be able to wiggle her fingers with intact flexor , extensor , abductor , and adductor function .
Mild swelling was noted in the left hand .
Sensation was intact in the median , radius , and ulnar-nerve distributions .
Fingers were warm and well perfused with capillary refill less than 3 seconds .
The patient 's right anterior tibial wound was noted to be clean , dry , and intact with sutures intact and no erythema or purulence noted .
On 06-30 , the patient was evaluated by Occupational Therapy and fitted for a left upper extremity splint .
The patient was also administered adaptive training for activities of daily life and advised regarding wound care .
In addition , the patient was also fitted with a figure-of-eight clavicular splint and instructed in its
proper use .
On 2010-07-01 , the patient was discharged from the hospital with instructions for follow up care on return to the United Kingdom .
]]></TEXT>
<TAGS>
<EVENT id="E1" start="1" end="10" text="Admission" modality="FACTUAL" polarity="POS" type="OCCURRENCE" />
<EVENT id="E2" start="29" end="38" text="Discharge" modality="FACTUAL" polarity="POS" type="OCCURRENCE" />
<EVENT id="E3" start="191" end="217" text="the unrestrained passenger" modality="FACTUAL" polarity="POS" type="OCCURRENCE" />
<EVENT id="E4" start="228" end="265" text="speed rollover motor vehicle accident" modality="FACTUAL" polarity="POS" type="OCCURRENCE" />
<EVENT id="E5" start="310" end="317" text="ejected" modality="FACTUAL" polarity="POS" type="OCCURRENCE" />
<EVENT id="E6" start="442" end="447" text="noted" modality="FACTUAL" polarity="POS" type="EVIDENTIAL" />
<EVENT id="E7" start="504" end="509" text="noted" modality="FACTUAL" polarity="POS" type="EVIDENTIAL" />
<EVENT id="E8" start="516" end="521" text="awake" modality="FACTUAL" polarity="POS" type="OCCURRENCE" />
<EVENT id="E9" start="574" end="596" text="memory of the incident" modality="FACTUAL" polarity="NEG" type="OCCURRENCE" />
<EVENT id="E10" start="702" end="705" text="EMS" modality="FACTUAL" polarity="POS" type="CLINICAL_DEPT" />
<EVENT id="E11" start="709" end="775" text="the New England Sinai Hospital & Rehab Center Emergency Department" modality="FACTUAL" polarity="POS" type="CLINICAL_DEPT" />
<EVENT id="E12" start="870" end="888" text="the emergency room" modality="FACTUAL" polarity="POS" type="CLINICAL_DEPT" />
<EVENT id="E13" start="922" end="933" text="crystalloid" modality="FACTUAL" polarity="POS" type="PROBLEM" />
<EVENT id="E14" start="949" end="971" text="packed red blood cells" modality="FACTUAL" polarity="POS" type="TREATMENT" />
<EVENT id="E15" start="977" end="990" text="good response" modality="FACTUAL" polarity="POS" type="OCCURRENCE" />
<EVENT id="E16" start="1078" end="1099" text="demonstrated" modality="FACTUAL" polarity="POS" type="EVIDENTIAL" />
<EVENT id="E17" start="1271" end="1279" text="admitted" modality="FACTUAL" polarity="POS" type="OCCURRENCE" />
<EVENT id="E18" start="1283" end="1301" text="the Trauma Service" modality="FACTUAL" polarity="POS" type="CLINICAL_DEPT" />
<EVENT id="E19" start="1477" end="1489" text="demonstrated" modality="FACTUAL" polarity="POS" type="EVIDENTIAL" />
<EVENT id="E20" start="1505" end="1536" text="major arterial or venous injury" modality="FACTUAL" polarity="POS" type="PROBLEM" />
<EVENT id="E21" start="1625" end="1632" text="removal" modality="FACTUAL" polarity="POS" type="TREATMENT" />
<EVENT id="E22" start="1636" end="1654" text="her C-spine collar" modality="FACTUAL" polarity="POS" type="TREATMENT" />
<EVENT id="E23" start="1677" end="1685" text="transfer" modality="FACTUAL" polarity="POS" type="OCCURRENCE" />
<EVENT id="E24" start="1765" end="1780" text="remained stable" modality="FACTUAL" polarity="POS" type="OCCURRENCE" />
<EVENT id="E25" start="1831" end="1849" text="the operating room" modality="FACTUAL" polarity="POS" type="CLINICAL_DEPT" />
<EVENT id="E26" start="1945" end="1954" text="tolerated" modality="FACTUAL" polarity="POS" type="OCCURRENCE" />
<EVENT id="E27" start="1955" end="1973" text="the procedure" modality="FACTUAL" polarity="POS" type="TREATMENT" />
<EVENT id="E28" start="2124" end="2133" text="admission" modality="FACTUAL" polarity="POS" type="OCCURRENCE" />
<EVENT id="E29" start="2174" end="2185" text="clean , dry" modality="FACTUAL" polarity="POS" type="OCCURRENCE" />
<EVENT id="E30" start="2337" end="2342" text="noted" modality="FACTUAL" polarity="POS" type="EVIDENTIAL" />
<EVENT id="E31" start="2349" end="2366" text="clinically stable" modality="FACTUAL" polarity="POS" type="OCCURRENCE" />
<EVENT id="E32" start="2369" end="2391" text="tolerating oral intake" modality="FACTUAL" polarity="POS" type="OCCURRENCE" />
<EVENT id="E33" start="2453" end="2469" text="a Foley catheter" modality="FACTUAL" polarity="POS" type="TREATMENT" />
<EVENT id="E34" start="2620" end="2625" text="noted" modality="FACTUAL" polarity="POS" type="EVIDENTIAL" />
<EVENT id="E35" start="2808" end="2813" text="noted" modality="FACTUAL" polarity="POS" type="EVIDENTIAL" />
<EVENT id="E36" start="2831" end="2855" text="clean , dry , and intact" modality="FACTUAL" polarity="POS" type="OCCURRENCE" />
<EVENT id="E37" start="2893" end="2898" text="noted" modality="FACTUAL" polarity="POS" type="EVIDENTIAL" />
<EVENT id="E38" start="2913" end="2931" text="wiggle her fingers" modality="FACTUAL" polarity="POS" type="OCCURRENCE" />
<EVENT id="E39" start="3017" end="3022" text="noted" modality="FACTUAL" polarity="POS" type="EVIDENTIAL" />
<EVENT id="E40" start="3161" end="3177" text="capillary refill" modality="FACTUAL" polarity="POS" type="TEST" />
<EVENT id="E41" start="3259" end="3270" text="clean , dry" modality="FACTUAL" polarity="POS" type="OCCURRENCE" />
<EVENT id="E42" start="3381" end="3401" text="Occupational Therapy" modality="FACTUAL" polarity="POS" type="CLINICAL_DEPT" />
<EVENT id="E43" start="3552" end="3562" text="wound care" modality="FACTUAL" polarity="POS" type="TREATMENT" />
<EVENT id="E44" start="3715" end="3725" text="discharged" modality="FACTUAL" polarity="POS" type="OCCURRENCE" />
<EVENT id="E45" start="3731" end="3743" text="the hospital" modality="FACTUAL" polarity="POS" type="CLINICAL_DEPT" />
<TIMEX3 id="T1" start="18" end="28" text="2010-06-28" type="DATE" val="2010-06-28" mod="NA" />
<SECTIME id="S1" start="18" end="28" text="2010-06-28" type="ADMISSION" dvalue="2010-06-28" />
<TIMEX3 id="T2" start="46" end="56" text="2010-07-01" type="DATE" val="2010-07-01" mod="NA" />
<SECTIME id="S2" start="46" end="56" text="2010-07-01" type="DISCHARGE" dvalue="2010-07-01" />
<TIMEX3 id="T3" start="269" end="279" text="2010-06-27" type="DATE" val="2010-06-27" mod="NA" />
<TIMEX3 id="T4" start="1305" end="1315" text="2010-06-28" type="DATE" val="2010-06-28" mod="NA" />
<TIMEX3 id="T5" start="1462" end="1472" text="2010-06-28" type="DATE" val="2010-06-28" mod="NA" />
<TIMEX3 id="T6" start="1584" end="1589" text="06-28" type="DATE" val="2010-06-28" mod="NA" />
<TIMEX3 id="T7" start="1789" end="1799" text="2010-06-29" type="DATE" val="2010-06-29" mod="NA" />
<TIMEX3 id="T8" start="2141" end="2156" text="hospital day #1" type="DATE" val="2010-06-28" mod="NA" />
<TIMEX3 id="T9" start="2308" end="2318" text="2010-06-30" type="DATE" val="2010-06-30" mod="NA" />
<TIMEX3 id="T10" start="3188" end="3197" text="3 seconds" type="DURATION" val="PT3S" mod="NA" />
<TIMEX3 id="T11" start="3344" end="3349" text="06-30" type="DATE" val="2010-06-30" mod="NA" />
<TIMEX3 id="T12" start="3519" end="3524" text="daily" type="FREQUENCY" val="r24h" mod="NA" />
<TIMEX3 id="T13" start="3686" end="3696" text="2010-07-01" type="DATE" val="2010-07-01" mod="NA" />
<TIMEX3 id="T14" start="2285" end="2305" text="postoperative day #1" type="DATE" val="2010-06-30" mod="NA" />
</TAGS>
</ClinicalNarrativeTemporalAnnotation>