<?xml version="1.0" encoding="UTF-8" ?>
<ClinicalNarrativeTemporalAnnotation>
<TEXT><![CDATA[
ADMISSION DATE :
20010614
DISCHARGE DATE :
20010616
ASSOCIATED PROCEDURES OR OPERATIONS :
POSTPARTUM DIAGNOSTIC PROCEDURES :
None
POSTPARTUM THERAPEUTIC PROCEDURES :
None
OTHER POSTPARTUM THERAPIES :
Routine Post Partum Care
HISTORY AND REASON FOR HOSPITALIZATION :
Active Labor
HOSPITAL COURSE ( include complications if any ) :
This 23 year old Gravida 2 Para 1001 was admitted to the Naliheall County Memorial Hospital Obstetrical service on 06/14/2001 at 01:29 pm for the indication ( s ) :
active labor .
She delivered a 3263 gram female infant at 06/14/2001 at 06:40 pm with apgar scores of 8 and 8 at one and five minutes respectively at 40.3 weeks gestation via vacuum extraction .
During her labor she encountered the following complication ( s ) :
fetal bradycardia .
During her delivery she encountered the following complication ( s ) :
nuchal cord , times two .
Postpartum she encountered the following complication ( s ) :
none .
She was discharged on 06/16/2001 at 12:00 pm in stable condition .
]]></TEXT>
<TAGS>
<EVENT id="E1" start="1" end="10" text="ADMISSION" modality="FACTUAL" polarity="POS" type="OCCURRENCE" />
<EVENT id="E2" start="27" end="36" text="DISCHARGE" modality="FACTUAL" polarity="POS" type="OCCURRENCE" />
<EVENT id="E3" start="267" end="279" text="Active Labor" modality="FACTUAL" polarity="POS" type="PROBLEM" />
<EVENT id="E4" start="372" end="380" text="admitted" modality="FACTUAL" polarity="POS" type="OCCURRENCE" />
<EVENT id="E5" start="384" end="442" text="the Naliheall County Memorial Hospital Obstetrical service" modality="FACTUAL" polarity="POS" type="CLINICAL_DEPT" />
<EVENT id="E6" start="582" end="594" text="apgar scores" modality="FACTUAL" polarity="POS" type="TEST" />
<EVENT id="E7" start="657" end="666" text="gestation" modality="FACTUAL" polarity="POS" type="OCCURRENCE" />
<EVENT id="E8" start="953" end="963" text="discharged" modality="FACTUAL" polarity="POS" type="OCCURRENCE" />
<EVENT id="E9" start="993" end="1009" text="stable condition" modality="FACTUAL" polarity="POS" type="OCCURRENCE" />
<TIMEX3 id="T1" start="18" end="26" text="20010614" type="DATE" val="2001-06-14" mod="NA" />
<SECTIME id="S1" start="18" end="26" text="20010614" type="ADMISSION" dvalue="2001-06-14" />
<TIMEX3 id="T2" start="44" end="52" text="20010616" type="DATE" val="2001-06-16" mod="NA" />
<SECTIME id="S2" start="44" end="52" text="20010616" type="DISCHARGE" dvalue="2001-06-16" />
<TIMEX3 id="T3" start="446" end="456" text="06/14/2001" type="DATE" val="2001-06-14" mod="NA" />
<TIMEX3 id="T4" start="554" end="564" text="06/14/2001" type="DATE" val="2001-06-14" mod="NA" />
<TIMEX3 id="T5" start="617" end="629" text="five minutes" type="DURATION" val="PT5M" mod="NA" />
<TIMEX3 id="T6" start="864" end="873" text="times two" type="FREQUENCY" val="RP2H" mod="NA" />
<TIMEX3 id="T7" start="967" end="989" text="06/16/2001 at 12:00 pm" type="TIME" val="2001-06-16t00:00" mod="NA" />
<TIMEX3 id="T8" start="466" end="468" text="pm" type="DATE" val="2001-06-14" mod="END" />
<TIMEX3 id="T9" start="574" end="576" text="pm" type="DATE" val="2001-06-14" mod="END" />
</TAGS>
</ClinicalNarrativeTemporalAnnotation>