<?xml version="1.0" encoding="UTF-8" ?>
<ClinicalNarrativeTemporalAnnotation>
<TEXT><![CDATA[
Admission Date :
2015-06-05
Discharge Date :
2015-06-10
Service :
Neonatology
HISTORY :
The patient is a 1,770 gram male infant born by stat cesarean section for fetal bradycardia at 30-6/7 weeks gestation to a 29-year-old gravida 3 , para 0 now 1 mother .
The pregnancy was unremarkable until 2015-06-01 when the mother presented to Shriner 's Hospital for Crippled Children for increased blood pressure and proteinuria .
She was transferred to Charles River Hospital and was treated with magnesium sulfate and betamethasone .
The morning of admission the mother developed vaginal bleeding and fetal bradycardia was noted .
Therefore , a stat cesarean section was performed .
The infant emerged limp and without spontaneous respiratory effort .
He was given bag mask ventilation with good response .
Apgar scores were 6 at one minute and 8 at five minutes .
PRENATAL SCREENS :
O+ , hepatitis B surface antigen negative ,
RPR nonreactive , rubella immune .
HOSPITAL COURSE :
1. Cardiovascular :
The patient remained cardiovascularly stable throughout the admission .
He was noted to have some apnea and bradycardic spells of prematurity and was therefore started on caffeine .
With the initiation of caffeine therapy the patient has had no more apnea or bradycardic events .
2. Respiratory :
The patient was initially started on nasal prong CPAP at 6 and required additional oxygen to 35% .
However by 24 hours he transitioned to low-flow nasal cannula and on day of life five transitioned to room air where he currently remains .
3. Fluids , electrolytes and nutrition :
The patient was initially maintained on intravenous fluids only and when his respiratory distress resolved he was transitioned to enteral feeds .
The morning of transfer his IV came out so he has just been advanced to 120 cc per kg per day of PE-20 and his tolerating these PG feedings without difficulty .
Last set of electrolytes on 06-08 , DOL3 :
Na 145 , K 4.3 , Cl 110 , tCO2 25 .
Discharge Wt 1645 gms .
4. Hematology :
His admission complete blood count was notable for a white count of 11.8 , 25 polys and no bands .
Hematocrit was 45 , platelet count 270 .
He developed physiologic hyperbilirubinemia ( peak bili 8.6/0.3 on 06-08 , DOL3 ) for which he was treated with a single phototherapy .
His most recent bilirubin was 6.6 on day of life six , the day of discharge , and his phototherapy was discontinued. He will need a rebound bilirubin level in am .
5. Infectious disease :
Blood culture was sent but he was never started on antibiotics .
The blood culture remained sterile .
He was noted to have an erythematous perianal rash and for this was started on Nystatin powder .
The parents were updated throughout the admission and a family meeting was held on 2015-06-09 .
6. Sensory :
The patient has not had an CMED examination or hearing test .
]]></TEXT>
<TAGS>
<EVENT id="E1" start="1" end="10" text="Admission" modality="FACTUAL" polarity="POS" type="OCCURRENCE" />
<EVENT id="E2" start="29" end="38" text="Discharge" modality="FACTUAL" polarity="POS" type="OCCURRENCE" />
<EVENT id="E3" start="137" end="158" text="stat cesarean section" modality="FACTUAL" polarity="POS" type="TREATMENT" />
<EVENT id="E4" start="163" end="180" text="fetal bradycardia" modality="FACTUAL" polarity="POS" type="PROBLEM" />
<EVENT id="E5" start="197" end="206" text="gestation" modality="FACTUAL" polarity="POS" type="OCCURRENCE" />
<EVENT id="E6" start="258" end="271" text="The pregnancy" modality="FACTUAL" polarity="POS" type="OCCURRENCE" />
<EVENT id="E7" start="322" end="331" text="presented" modality="FACTUAL" polarity="POS" type="OCCURRENCE" />
<EVENT id="E8" start="335" end="354" text="Shriner 's Hospital" modality="FACTUAL" polarity="POS" type="CLINICAL_DEPT" />
<EVENT id="E9" start="381" end="405" text="increased blood pressure" modality="FACTUAL" polarity="POS" type="PROBLEM" />
<EVENT id="E10" start="410" end="421" text="proteinuria" modality="FACTUAL" polarity="POS" type="PROBLEM" />
<EVENT id="E11" start="432" end="443" text="transferred" modality="FACTUAL" polarity="POS" type="OCCURRENCE" />
<EVENT id="E12" start="447" end="469" text="Charles River Hospital" modality="FACTUAL" polarity="POS" type="CLINICAL_DEPT" />
<EVENT id="E13" start="491" end="508" text="magnesium sulfate" modality="FACTUAL" polarity="POS" type="TREATMENT" />
<EVENT id="E14" start="513" end="526" text="betamethasone" modality="FACTUAL" polarity="POS" type="TREATMENT" />
<EVENT id="E15" start="575" end="591" text="vaginal bleeding" modality="FACTUAL" polarity="POS" type="PROBLEM" />
<EVENT id="E16" start="596" end="613" text="fetal bradycardia" modality="FACTUAL" polarity="POS" type="PROBLEM" />
<EVENT id="E17" start="638" end="661" text="a stat cesarean section" modality="FACTUAL" polarity="POS" type="TREATMENT" />
<EVENT id="E18" start="689" end="701" text="emerged" modality="FACTUAL" polarity="POS" type="OCCURRENCE" />
<EVENT id="E19" start="714" end="744" text="spontaneous respiratory effort" modality="FACTUAL" polarity="NEG" type="PROBLEM" />
<EVENT id="E20" start="760" end="780" text="bag mask ventilation" modality="FACTUAL" polarity="POS" type="TREATMENT" />
<EVENT id="E21" start="786" end="799" text="good response" modality="FACTUAL" polarity="POS" type="OCCURRENCE" />
<EVENT id="E22" start="802" end="814" text="Apgar scores" modality="FACTUAL" polarity="POS" type="TEST" />
<EVENT id="E23" start="884" end="911" text="hepatitis B surface antigen" modality="FACTUAL" polarity="POS" type="TEST" />
<EVENT id="E24" start="941" end="948" text="rubella" modality="FACTUAL" polarity="POS" type="TEST" />
<EVENT id="E25" start="1017" end="1040" text="cardiovascularly stable" modality="FACTUAL" polarity="POS" type="OCCURRENCE" />
<EVENT id="E26" start="1052" end="1065" text="the admission" modality="FACTUAL" polarity="POS" type="OCCURRENCE" />
<EVENT id="E27" start="1075" end="1080" text="noted" modality="FACTUAL" polarity="POS" type="EVIDENTIAL" />
<EVENT id="E28" start="1167" end="1175" text="caffeine" modality="FACTUAL" polarity="POS" type="TREATMENT" />
<EVENT id="E29" start="1201" end="1217" text="caffeine therapy" modality="FACTUAL" polarity="POS" type="TREATMENT" />
<EVENT id="E30" start="1246" end="1251" text="apnea" modality="FACTUAL" polarity="NEG" type="PROBLEM" />
<EVENT id="E31" start="1330" end="1346" text="nasal prong CPAP" modality="FACTUAL" polarity="POS" type="TREATMENT" />
<EVENT id="E32" start="1415" end="1427" text="transitioned" modality="FACTUAL" polarity="POS" type="OCCURRENCE" />
<EVENT id="E33" start="1613" end="1631" text="intravenous fluids" modality="FACTUAL" polarity="POS" type="TREATMENT" />
<EVENT id="E34" start="1646" end="1670" text="his respiratory distress" modality="FACTUAL" polarity="POS" type="PROBLEM" />
<EVENT id="E35" start="1687" end="1699" text="transitioned" modality="FACTUAL" polarity="POS" type="OCCURRENCE" />
<EVENT id="E36" start="1826" end="1858" text="his tolerating" modality="FACTUAL" polarity="POS" type="OCCURRENCE" />
<EVENT id="E37" start="1932" end="1933" text="K" modality="FACTUAL" polarity="POS" type="TEST" />
<EVENT id="E38" start="1999" end="2033" text="His admission complete blood count" modality="FACTUAL" polarity="POS" type="TEST" />
<EVENT id="E39" start="2050" end="2063" text="a white count" modality="FACTUAL" polarity="POS" type="TEST" />
<EVENT id="E40" start="2098" end="2108" text="Hematocrit" modality="FACTUAL" polarity="POS" type="TEST" />
<EVENT id="E41" start="2118" end="2132" text="platelet count" modality="FACTUAL" polarity="POS" type="TEST" />
<EVENT id="E42" start="2251" end="2272" text="a single phototherapy" modality="FACTUAL" polarity="POS" type="TREATMENT" />
<EVENT id="E43" start="2275" end="2300" text="His most recent bilirubin" modality="FACTUAL" polarity="POS" type="TEST" />
<EVENT id="E44" start="2341" end="2350" text="discharge" modality="FACTUAL" polarity="POS" type="OCCURRENCE" />
<EVENT id="E45" start="2405" end="2430" text="a rebound bilirubin level" modality="FACTUAL" polarity="POS" type="TEST" />
<EVENT id="E46" start="2463" end="2476" text="Blood culture" modality="FACTUAL" polarity="POS" type="TEST" />
<EVENT id="E47" start="2514" end="2525" text="antibiotics" modality="FACTUAL" polarity="NEG" type="TREATMENT" />
<EVENT id="E48" start="2528" end="2545" text="The blood culture" modality="FACTUAL" polarity="POS" type="TEST" />
<EVENT id="E49" start="2572" end="2577" text="noted" modality="FACTUAL" polarity="POS" type="EVIDENTIAL" />
<EVENT id="E50" start="2644" end="2659" text="Nystatin powder" modality="FACTUAL" polarity="POS" type="TREATMENT" />
<EVENT id="E51" start="2698" end="2711" text="the admission" modality="FACTUAL" polarity="POS" type="OCCURRENCE" />
<EVENT id="E52" start="2795" end="2814" text="an" modality="FACTUAL" polarity="NEG" type="CLINICAL_DEPT" />
<EVENT id="E53" start="2818" end="2830" text="hearing test" modality="FACTUAL" polarity="NEG" type="TEST" />
<TIMEX3 id="T1" start="18" end="28" text="2015-06-05" type="DATE" val="2015-06-05" mod="NA" />
<SECTIME id="S1" start="18" end="28" text="2015-06-05" type="ADMISSION" dvalue="2015-06-05" />
<TIMEX3 id="T2" start="46" end="56" text="2015-06-10" type="DATE" val="2015-06-10" mod="NA" />
<SECTIME id="S2" start="46" end="56" text="2015-06-10" type="DISCHARGE" dvalue="2015-06-10" />
<TIMEX3 id="T3" start="184" end="196" text="30-6/7 weeks" type="DURATION" val="P30.8571428571W" mod="NA" />
<TIMEX3 id="T4" start="295" end="305" text="2015-06-01" type="DATE" val="2015-06-01" mod="NA" />
<TIMEX3 id="T5" start="529" end="540" text="The morning" type="DATE" val="2015-06-05" mod="START" />
<TIMEX3 id="T6" start="825" end="835" text="one minute" type="DURATION" val="PT1M" mod="NA" />
<TIMEX3 id="T7" start="845" end="857" text="five minutes" type="DURATION" val="PT5M" mod="NA" />
<TIMEX3 id="T8" start="1403" end="1411" text="24 hours" type="DURATION" val="PT24H" mod="NA" />
<TIMEX3 id="T9" start="1461" end="1477" text="day of life five" type="DATE" val="2015-06-09" mod="NA" />
<TIMEX3 id="T10" start="1719" end="1730" text="The morning" type="DATE" val="2015-06-05" mod="START" />
<TIMEX3 id="T11" start="1805" end="1812" text="per day" type="FREQUENCY" val="RP1D" mod="NA" />
<TIMEX3 id="T12" start="1908" end="1913" text="06-08" type="DATE" val="2015-06-08" mod="NA" />
<TIMEX3 id="T13" start="1972" end="1976" text="1645" type="DATE" val="1645" mod="NA" />
<TIMEX3 id="T14" start="2206" end="2211" text="06-08" type="DATE" val="2015-06-08" mod="NA" />
<TIMEX3 id="T15" start="2312" end="2327" text="day of life six" type="DATE" val="2015-06-10" mod="NA" />
<TIMEX3 id="T16" start="2745" end="2755" text="2015-06-09" type="DATE" val="2015-06-09" mod="NA" />
<TIMEX3 id="T17" start="243" end="246" text="now" type="DATE" val="2015-06-10" mod="NA" />
<TIMEX3 id="T18" start="2330" end="2337" text="the day" type="DATE" val="2015-06-10" mod="NA" />
<TIMEX3 id="T19" start="2434" end="2436" text="am" type="DATE" val="2015-06-10" mod="START" />
</TAGS>
</ClinicalNarrativeTemporalAnnotation>