<?xml version="1.0" encoding="UTF-8" ?>
<ClinicalNarrativeTemporalAnnotation>
<TEXT><![CDATA[
Admission Date :
2016-05-05
Discharge Date :
2016-06-15
Service :
NEONATOLOGY
HISTORY OF PRESENT ILLNESS :
The patient is a 30 and 08-01 week gestation female , triplet number two , delivered by cesarean section due to progressive preterm labor and triplet gestation .
PERINATAL HISTORY :
Mother is a 29 year-old gravida 4 , para 1 mother , Marian Jane conception , EDC 2016-07-08 .
Prenatal screen , O positive , antibody negative , RPR nonreactive , hepatitis B surface antigen negative , reportedly GBS negative , Rubella immune .
Pregnancy complicated by gestational diabetes mellitus , then possible preterm labor .
Mother presented with abdominal discomfort and vaginal pressure at 23 and 1/7 weeks .
At that time she was admitted and received a full course of betamethasone at 24 weeks and remained in house until delivery .
Mother presented on day of delivery with preterm labor , cervical dilation , therefore delivered by repeat cesarean section .
This triplet required only blow by oxygen and routine care in delivery room .
Apgars were 8 at one minute and 9 at five minutes .
Infant demonstrated mild increased work of breathing in the delivery room .
Infant transported to Neonatal Intensive Care Unit on facial CPAP .
HOSPITAL COURSE :
1. Pulmonary :
On admission the infant required CPAP 6 cm of water , 30% oxygen .
Initial capillary blood gas was pH 7.29 , CO2 47 .
Infant was intubated on day of life two for increased respiratory distress and received one dose of surfactant .
Infant was extubated on day of life four to CPAP and transitioned to room air on day of life six .
The infant has remained in room air throughout the hospitalization .
Caffeine citrate was started on day of life six and was discontinued on 05-23 ( day of life 18 ).
The last apnea and bradycardia was on 06-10 .
2. Cardiovascular :
The infant has remained hemodynamically stable throughout this hospitalization , no murmur .
Heart rate 150 to 160 , mean blood pressure 40 to 54 .
3. Fluid , electrolytes and nutrition :
Infant was initially nothing by mouth receiving 80 cc per kilogram per day of D10W intravenously .
Infant was started on enteral feedings on day of life four and advanced to full volume feedings of 150 cc per kilogram per day by day of life seven .
During feeding advancement infant was given parenteral nutrition and intralipids .
The infant tolerated feeding advancement without difficulty .
Infant was advanced to maximum caloric density of breast milk or premature Enfamil 26 calories per ounce with ProMod by day of life 11 .
Infant is currently on breast milk or Enfamil 24 calories per ounce po minimum 140 cc per kilogram per day .
The most recent weight is 2525 g.
Head circumference 24.5 cm , length 45.5 cm .
The most recent electrolytes on day of life five were sodium 145 , chloride 115 , potassium 4 , TCO2 of 21 .
On day of life 25 , calcium 10.1 , phosphorus 6.9 , alkaline phosphatase 341 .
4. Gastrointestinal :
Infant was started on double phototherapy on day of life two for a maximum bilirubin level of 8.1 with a direct of 0.3 .
Infant decreased to single phototherapy and phototherapy was discontinued on day of life six .
Rebound bilirubin level on day of life seven was 5.3 with a direct of 0.3 .
5. Hematology :
The infant did not receive any blood transfusions this hospitalization .
The most recent hematocrit on day of life two was 47% .
CBC on admission white blood cell count 8.9 , hematocrit 47% , platelets 243,000 , 6% neutrophils , 0 bands .
Repeat CBC on day of life two showed a white blood cell count of 8.4 , platelets 95 , 41% neutrophils , 0 bands .
Repeat platelet count on day of life three was 229 .
6. Infectious disease :
The infant received 48 hours of ampicillin and gentamicin for rule out sepsis .
Blood cultures remained negative to date .
Infant has not had any issues with sepsis this hospitalization .
7. Neurology :
Head ultrasound on day of life seven showed no intraventricular hemorrhage .
A repeat head ultrasound on day of life 33 06-07 showed a slight increase of echogenicity in the caudothalamic groove , which may represent tiny bilateral germinal matrix hemorrhages , no periventricular leukomalacia .
A repeat head ultrasound is recommended in one month .
Normal neurological examination .
Sensory , hearing screening was performed with automated auditory brain stem responses .
Infant passed both ears .
Ophthalmology , eyes examined most recently on 05-30 revealing immaturity of the retinal vessels , but no ROP as of yet .
A follow up examination should be scheduled for the week of 06-20 .
Ophthalmologist is Dr. Cruea Franklin .
8. Psycho / social :
Parents involved .
Triplet number one is still in the Neonatal Intensive Care Unit and triplet number three is home with family and there is also a 2 year-old sibling .
]]></TEXT>
<TAGS>
<EVENT id="E0" start="1" end="10" text="Admission" modality="FACTUAL" polarity="POS" type="OCCURRENCE" />
<EVENT id="E1" start="29" end="38" text="Discharge" modality="FACTUAL" polarity="POS" type="OCCURRENCE" />
<EVENT id="E2" start="183" end="212" text="delivered by cesarean section" modality="FACTUAL" polarity="POS" type="PROBLEM" />
<EVENT id="E3" start="232" end="245" text="preterm labor" modality="FACTUAL" polarity="POS" type="PROBLEM" />
<EVENT id="E4" start="393" end="401" text="screen ," modality="FACTUAL" polarity="POS" type="PROBLEM" />
<EVENT id="E5" start="415" end="423" text="antibody" modality="FACTUAL" polarity="POS" type="TEST" />
<EVENT id="E6" start="435" end="438" text="RPR" modality="FACTUAL" polarity="POS" type="TEST" />
<EVENT id="E7" start="453" end="480" text="hepatitis B surface antigen" modality="FACTUAL" polarity="POS" type="TEST" />
<EVENT id="E8" start="503" end="506" text="GBS" modality="FACTUAL" polarity="POS" type="TEST" />
<EVENT id="E9" start="560" end="589" text="gestational diabetes mellitus" modality="FACTUAL" polarity="POS" type="PROBLEM" />
<EVENT id="E10" start="606" end="619" text="preterm labor" modality="FACTUAL" polarity="POS" type="PROBLEM" />
<EVENT id="E11" start="629" end="638" text="presented" modality="FACTUAL" polarity="POS" type="OCCURRENCE" />
<EVENT id="E12" start="644" end="664" text="abdominal discomfort" modality="FACTUAL" polarity="POS" type="OCCURRENCE" />
<EVENT id="E13" start="669" end="685" text="vaginal pressure" modality="FACTUAL" polarity="POS" type="PROBLEM" />
<EVENT id="E14" start="729" end="737" text="admitted" modality="FACTUAL" polarity="POS" type="OCCURRENCE" />
<EVENT id="E15" start="768" end="781" text="betamethasone" modality="FACTUAL" polarity="POS" type="TREATMENT" />
<EVENT id="E16" start="822" end="830" text="delivery" modality="FACTUAL" polarity="POS" type="TREATMENT" />
<EVENT id="E17" start="840" end="849" text="presented" modality="FACTUAL" polarity="POS" type="OCCURRENCE" />
<EVENT id="E18" start="860" end="868" text="delivery" modality="FACTUAL" polarity="POS" type="TREATMENT" />
<EVENT id="E19" start="874" end="887" text="preterm labor" modality="FACTUAL" polarity="POS" type="PROBLEM" />
<EVENT id="E20" start="933" end="956" text="repeat cesarean section" modality="FACTUAL" polarity="POS" type="TREATMENT" />
<EVENT id="E21" start="994" end="1000" text="oxygen" modality="FACTUAL" polarity="POS" type="TREATMENT" />
<EVENT id="E22" start="1005" end="1017" text="routine care" modality="FACTUAL" polarity="POS" type="TREATMENT" />
<EVENT id="E23" start="1021" end="1034" text="delivery room" modality="FACTUAL" polarity="POS" type="OCCURRENCE" />
<EVENT id="E24" start="1037" end="1043" text="Apgars" modality="FACTUAL" polarity="POS" type="TEST" />
<EVENT id="E25" start="1096" end="1108" text="demonstrated" modality="FACTUAL" polarity="POS" type="EVIDENTIAL" />
<EVENT id="E26" start="1114" end="1141" text="increased work of breathing" modality="FACTUAL" polarity="POS" type="PROBLEM" />
<EVENT id="E27" start="1145" end="1162" text="the delivery room" modality="FACTUAL" polarity="POS" type="CLINICAL_DEPT" />
<EVENT id="E28" start="1172" end="1215" text="transported to Neonatal Intensive Care Unit" modality="FACTUAL" polarity="POS" type="OCCURRENCE" />
<EVENT id="E29" start="1226" end="1230" text="CPAP" modality="FACTUAL" polarity="POS" type="TREATMENT" />
<EVENT id="E30" start="1320" end="1330" text="30% oxygen" modality="FACTUAL" polarity="POS" type="TREATMENT" />
<EVENT id="E31" start="1351" end="1360" text="blood gas" modality="FACTUAL" polarity="POS" type="TREATMENT" />
<EVENT id="E32" start="1365" end="1367" text="pH" modality="FACTUAL" polarity="POS" type="TEST" />
<EVENT id="E33" start="1375" end="1378" text="CO2" modality="FACTUAL" polarity="POS" type="TREATMENT" />
<EVENT id="E34" start="1395" end="1404" text="intubated" modality="FACTUAL" polarity="POS" type="TREATMENT" />
<EVENT id="E35" start="1428" end="1458" text="increased respiratory distress" modality="FACTUAL" polarity="POS" type="PROBLEM" />
<EVENT id="E36" start="1508" end="1517" text="extubated" modality="FACTUAL" polarity="POS" type="TREATMENT" />
<EVENT id="E37" start="1541" end="1545" text="CPAP" modality="FACTUAL" polarity="POS" type="TREATMENT" />
<EVENT id="E38" start="1643" end="1662" text="the hospitalization" modality="FACTUAL" polarity="POS" type="OCCURRENCE" />
<EVENT id="E39" start="1665" end="1681" text="Caffeine citrate" modality="FACTUAL" polarity="POS" type="TREATMENT" />
<EVENT id="E40" start="1772" end="1777" text="apnea" modality="FACTUAL" polarity="POS" type="PROBLEM" />
<EVENT id="E41" start="1782" end="1793" text="bradycardia" modality="FACTUAL" polarity="POS" type="PROBLEM" />
<EVENT id="E42" start="1853" end="1875" text="hemodynamically stable" modality="FACTUAL" polarity="POS" type="OCCURRENCE" />
<EVENT id="E43" start="1887" end="1907" text="this hospitalization" modality="FACTUAL" polarity="POS" type="OCCURRENCE" />
<EVENT id="E44" start="1913" end="1919" text="murmur" modality="FACTUAL" polarity="NEG" type="PROBLEM" />
<EVENT id="E45" start="1922" end="1932" text="Heart rate" modality="FACTUAL" polarity="POS" type="TEST" />
<EVENT id="E46" start="1946" end="1965" text="mean blood pressure" modality="FACTUAL" polarity="POS" type="TEST" />
<EVENT id="E47" start="2095" end="2113" text="D10W intravenously" modality="FACTUAL" polarity="POS" type="PROBLEM" />
<EVENT id="E48" start="2138" end="2154" text="enteral feedings" modality="FACTUAL" polarity="POS" type="TREATMENT" />
<EVENT id="E49" start="2179" end="2187" text="advanced" modality="FACTUAL" polarity="POS" type="TREATMENT" />
<EVENT id="E50" start="2191" end="2211" text="full volume feedings" modality="FACTUAL" polarity="POS" type="TREATMENT" />
<EVENT id="E51" start="2310" end="2330" text="parenteral nutrition" modality="FACTUAL" polarity="POS" type="TREATMENT" />
<EVENT id="E52" start="2370" end="2389" text="tolerated feeding advancement" modality="FACTUAL" polarity="POS" type="PROBLEM" />
<EVENT id="E53" start="2486" end="2493" text="Enfamil" modality="FACTUAL" polarity="POS" type="TREATMENT" />
<EVENT id="E54" start="2586" end="2593" text="Enfamil" modality="FACTUAL" polarity="POS" type="TREATMENT" />
<EVENT id="E55" start="2661" end="2679" text="most recent weight" modality="FACTUAL" polarity="POS" type="PROBLEM" />
<EVENT id="E56" start="2720" end="2726" text="length" modality="FACTUAL" polarity="POS" type="TEST" />
<EVENT id="E57" start="2741" end="2765" text="most recent electrolytes" modality="FACTUAL" polarity="POS" type="TREATMENT" />
<EVENT id="E58" start="2791" end="2797" text="sodium" modality="FACTUAL" polarity="POS" type="TREATMENT" />
<EVENT id="E59" start="2804" end="2812" text="chloride" modality="FACTUAL" polarity="POS" type="TREATMENT" />
<EVENT id="E60" start="2819" end="2828" text="potassium" modality="FACTUAL" polarity="POS" type="TREATMENT" />
<EVENT id="E61" start="2866" end="2873" text="calcium" modality="FACTUAL" polarity="POS" type="TREATMENT" />
<EVENT id="E62" start="2881" end="2891" text="phosphorus" modality="FACTUAL" polarity="POS" type="TREATMENT" />
<EVENT id="E63" start="2898" end="2918" text="alkaline phosphatase" modality="FACTUAL" polarity="POS" type="TEST" />
<EVENT id="E64" start="2969" end="2988" text="double phototherapy" modality="FACTUAL" polarity="POS" type="TREATMENT" />
<EVENT id="E65" start="3022" end="3037" text="bilirubin level" modality="FACTUAL" polarity="POS" type="PROBLEM" />
<EVENT id="E66" start="3050" end="3058" text="a direct" modality="FACTUAL" polarity="POS" type="TEST" />
<EVENT id="E67" start="3095" end="3107" text="phototherapy" modality="FACTUAL" polarity="POS" type="TREATMENT" />
<EVENT id="E68" start="3112" end="3124" text="phototherapy" modality="FACTUAL" polarity="POS" type="TREATMENT" />
<EVENT id="E69" start="3163" end="3186" text="Rebound bilirubin level" modality="FACTUAL" polarity="POS" type="PROBLEM" />
<EVENT id="E70" start="3221" end="3229" text="a direct" modality="FACTUAL" polarity="POS" type="TEST" />
<EVENT id="E71" start="3305" end="3325" text="any blood transfusions this hospitalization" modality="FACTUAL" polarity="NEG" type="PROBLEM" />
<EVENT id="E72" start="3332" end="3354" text="most recent hematocrit" modality="FACTUAL" polarity="POS" type="PROBLEM" />
<EVENT id="E73" start="3384" end="3387" text="CBC" modality="FACTUAL" polarity="POS" type="TEST" />
<EVENT id="E74" start="3391" end="3423" text="admission white blood cell count" modality="FACTUAL" polarity="POS" type="PROBLEM" />
<EVENT id="E75" start="3430" end="3440" text="hematocrit" modality="FACTUAL" polarity="POS" type="TEST" />
<EVENT id="E76" start="3447" end="3456" text="platelets" modality="FACTUAL" polarity="POS" type="TREATMENT" />
<EVENT id="E77" start="3470" end="3481" text="neutrophils" modality="FACTUAL" polarity="POS" type="TEST" />
<EVENT id="E78" start="3486" end="3491" text="bands" modality="FACTUAL" polarity="POS" type="TEST" />
<EVENT id="E79" start="3494" end="3504" text="Repeat CBC" modality="FACTUAL" polarity="POS" type="PROBLEM" />
<EVENT id="E80" start="3531" end="3555" text="showed a white blood cell count" modality="FACTUAL" polarity="POS" type="PROBLEM" />
<EVENT id="E81" start="3565" end="3574" text="platelets" modality="FACTUAL" polarity="POS" type="TREATMENT" />
<EVENT id="E82" start="3584" end="3595" text="neutrophils" modality="FACTUAL" polarity="POS" type="TEST" />
<EVENT id="E83" start="3600" end="3605" text="bands" modality="FACTUAL" polarity="POS" type="TEST" />
<EVENT id="E84" start="3608" end="3629" text="Repeat platelet count" modality="FACTUAL" polarity="POS" type="PROBLEM" />
<EVENT id="E85" start="3717" end="3727" text="ampicillin" modality="FACTUAL" polarity="POS" type="TREATMENT" />
<EVENT id="E86" start="3732" end="3742" text="gentamicin" modality="FACTUAL" polarity="POS" type="TREATMENT" />
<EVENT id="E87" start="3756" end="3762" text="rule out sepsis" modality="FACTUAL" polarity="POS" type="PROBLEM" />
<EVENT id="E88" start="3765" end="3779" text="Blood cultures" modality="FACTUAL" polarity="POS" type="TEST" />
<EVENT id="E89" start="3850" end="3870" text="this hospitalization" modality="FACTUAL" polarity="NEG" type="OCCURRENCE" />
<EVENT id="E90" start="3888" end="3903" text="Head ultrasound" modality="FACTUAL" polarity="POS" type="TEST" />
<EVENT id="E91" start="3925" end="3931" text="showed" modality="FACTUAL" polarity="POS" type="OCCURRENCE" />
<EVENT id="E92" start="3965" end="3989" text="intraventricular hemorrhage . A repeat head ultrasound" modality="FACTUAL" polarity="POS" type="PROBLEM" />
<EVENT id="E93" start="4136" end="4147" text="hemorrhages" modality="FACTUAL" polarity="POS" type="PROBLEM" />
<EVENT id="E94" start="4184" end="4208" text="A repeat head ultrasound" modality="FACTUAL" polarity="POS" type="PROBLEM" />
<EVENT id="E95" start="4246" end="4270" text="neurological examination" modality="FACTUAL" polarity="POS" type="TEST" />
<EVENT id="E96" start="4273" end="4300" text="Sensory , hearing screening" modality="FACTUAL" polarity="POS" type="EVIDENTIAL" />
<EVENT id="E97" start="4320" end="4359" text="automated auditory brain stem responses" modality="FACTUAL" polarity="POS" type="TEST" />
<EVENT id="E98" start="4369" end="4385" text="passed both ears" modality="FACTUAL" polarity="POS" type="TEST" />
<EVENT id="E99" start="4510" end="4533" text="A follow up examination" modality="FACTUAL" polarity="POS" type="PROBLEM" />
<EVENT id="E100" start="4689" end="4721" text="the Neonatal Intensive Care Unit" modality="FACTUAL" polarity="POS" type="CLINICAL_DEPT" />
<EVENT id="E101" start="4750" end="4766" text="home with family" modality="FACTUAL" polarity="POS" type="PROBLEM" />
<SECTIME id="S0" start="18" end="28" text="2016-05-05" type="ADMISSION" dvalue="2016-05-05" />
<SECTIME id="S1" start="46" end="56" text="2016-06-15" type="DISCHARGE" dvalue="2016-06-15" />
<TIMEX3 id="T0" start="18" end="28" text="2016-05-05" type="DATE" val="2016-05-05" mod="NA" />
<TIMEX3 id="T1" start="46" end="56" text="2016-06-15" type="DATE" val="2016-06-15" mod="NA" />
<TIMEX3 id="T2" start="125" end="142" text="30 and 08-01 week" type="DURATION" val="P30w8d" mod="APPROX" />
<TIMEX3 id="T3" start="371" end="381" text="2016-07-08" type="DATE" val="2016-07-08" mod="NA" />
<TIMEX3 id="T4" start="689" end="705" text="23 and 1/7 weeks" type="DURATION" val="P23.1W" mod="APPROX" />
<TIMEX3 id="T5" start="711" end="720" text="that time" type="DATE" val="2016-07-08" mod="NA" />
<TIMEX3 id="T6" start="785" end="793" text="24 weeks" type="DURATION" val="P24W" mod="NA" />
<TIMEX3 id="T7" start="1054" end="1064" text="one minute" type="DURATION" val="PT1M" mod="NA" />
<TIMEX3 id="T8" start="1074" end="1086" text="five minutes" type="DURATION" val="PT5M" mod="NA" />
<TIMEX3 id="T9" start="1408" end="1423" text="day of life two" type="DATE" val="2016-05-06" mod="NA" />
<TIMEX3 id="T10" start="1472" end="1480" text="one dose" type="FREQUENCY" val="R1" mod="NA" />
<TIMEX3 id="T11" start="1521" end="1537" text="day of life four" type="DATE" val="2016-05-08" mod="NA" />
<TIMEX3 id="T12" start="1578" end="1593" text="day of life six" type="DATE" val="2016-05-10" mod="NA" />
<TIMEX3 id="T13" start="1697" end="1712" text="day of life six" type="DATE" val="2016-05-10" mod="NA" />
<TIMEX3 id="T14" start="1737" end="1742" text="05-23" type="DATE" val="2016-05-23" mod="NA" />
<TIMEX3 id="T15" start="1745" end="1759" text="day of life 18" type="DATE" val="2016-05-22" mod="NA" />
<TIMEX3 id="T16" start="1801" end="1806" text="06-10" type="DATE" val="2016-06-10" mod="NA" />
<TIMEX3 id="T17" start="2084" end="2091" text="per day" type="FREQUENCY" val="RP1D" mod="NA" />
<TIMEX3 id="T18" start="2158" end="2174" text="day of life four" type="DATE" val="2016-05-08" mod="NA" />
<TIMEX3 id="T19" start="2235" end="2242" text="per day" type="FREQUENCY" val="RP1D" mod="NA" />
<TIMEX3 id="T20" start="2246" end="2263" text="day of life seven" type="DATE" val="2016-05-11" mod="NA" />
<TIMEX3 id="T21" start="2531" end="2545" text="day of life 11" type="DATE" val="2016-05-15" mod="NA" />
<TIMEX3 id="T22" start="2647" end="2654" text="per day" type="FREQUENCY" val="RP1D" mod="NA" />
<TIMEX3 id="T23" start="2769" end="2785" text="day of life five" type="DATE" val="2016-05-09" mod="NA" />
<TIMEX3 id="T24" start="2849" end="2863" text="day of life 25" type="DATE" val="2016-05-29" mod="NA" />
<TIMEX3 id="T25" start="2992" end="3007" text="day of life two" type="DATE" val="2016-05-06" mod="NA" />
<TIMEX3 id="T26" start="3145" end="3160" text="day of life six" type="DATE" val="2016-05-10" mod="NA" />
<TIMEX3 id="T27" start="3190" end="3207" text="day of life seven" type="DATE" val="2016-05-11" mod="NA" />
<TIMEX3 id="T28" start="3358" end="3373" text="day of life two" type="DATE" val="2016-05-06" mod="NA" />
<TIMEX3 id="T29" start="3508" end="3523" text="day of life two" type="DATE" val="2016-05-06" mod="NA" />
<TIMEX3 id="T30" start="3633" end="3650" text="day of life three" type="DATE" val="2016-05-07" mod="NA" />
<TIMEX3 id="T31" start="3705" end="3713" text="48 hours" type="DURATION" val="PT48H" mod="NA" />
<TIMEX3 id="T32" start="3907" end="3924" text="day of life seven" type="DATE" val="2016-05-11" mod="NA" />
<TIMEX3 id="T33" start="3993" end="4007" text="day of life 33" type="DATE" val="2016-06-06" mod="NA" />
<TIMEX3 id="T34" start="4091" end="4094" text="may" type="DATE" val="2016-05" mod="NA" />
<TIMEX3 id="T35" start="4227" end="4237" text="one month " type="DURATION" val="P1M" mod="NA" />
<TIMEX3 id="T36" start="4435" end="4440" text="05-30" type="DATE" val="2016-05-30" mod="NA" />
</TAGS>
</ClinicalNarrativeTemporalAnnotation>