<?xml version="1.0" encoding="UTF-8" ?>
<ClinicalNarrativeTemporalAnnotation>
<TEXT><![CDATA[
ADMISSION DATE :
09/21/92
DISCHARGE DATE :
09/24/92
DISCHARGE DATE :
09/24/92
HISTORY OF PRESENT ILLNESS :
The patient is a seventy-one year old white female with stenotic area on her mid sigmoid , noticed on barium enema .
The ultrasound showed ascites and question of pelvic mass .
The patient was explored by General surgery , who saw the 3C ovarian carcinoma .
The patient also had an omentectomy and ileostomy .
The patient was admitted for one cycle of Cytoxan and Cisplatin , and subsequently underwent debulking in June 1992 , as well as a total abdominal hysterectomy/ bilateral salpingo-oophorectomy , omentectomy , splenectomy , rectosigmoid resection with a take down of the ileostomy .
Also ileal cecal resection , MDR showed that Cisplatin and VP 16 were more effective .
The patient now presents for line 1 , cycle 4 to 15 of VP 16 and Cisplatin chemotherapy .
HOSPITAL COURSE :
The patient was admitted to the hospital and received two units of packed red blood cells for her hematocrit of 26 , and had a magnesium repleted .
The patient received three days of chemotherapy , consisting of 45 mg. of Cisplatin 160 mg. of VP 16 , and tolerated chemotherapy resonably well .
Serial PTs were obtained , and the patient was noted to have an initial PT of 10.9 on admission , despite Coumadin at home .
She was given 10 mg. on hospital day # 1 , and 5 mg. on hospital day 2 , and back to 2.5 qhs .
The patient &apos;s pro time bumped to 19.5 on hospital day # 3 , and the patient was instructed to continue with 2 1/2 mg. qhs and is to followup with Anticoagulation Clinic in one week for further pro time checks and adjustments .
The patient did develop some hypertension during infusion of her VP 16 to the 170/100 range , which apparently happened during her prior chemotherapy .
The patient was instructed to followup with her internist regarding further evaluation of her hypertension , and should be assessed regarding further management , as an inpatient , or while receiving chemotherapy .
]]></TEXT>
<TAGS>
<EVENT id="E0" start="1" end="10" text="ADMISSION" modality="FACTUAL" polarity="POS" type="OCCURRENCE" />
<EVENT id="E1" start="27" end="36" text="DISCHARGE" modality="FACTUAL" polarity="POS" type="OCCURRENCE" />
<EVENT id="E2" start="53" end="62" text="DISCHARGE" modality="FACTUAL" polarity="POS" type="OCCURRENCE" />
<EVENT id="E3" start="210" end="222" text="barium enema" modality="FACTUAL" polarity="POS" type="TEST" />
<EVENT id="E4" start="240" end="254" text="The ultrasound showed ascites" modality="FACTUAL" polarity="POS" type="PROBLEM" />
<EVENT id="E5" start="271" end="282" text="pelvic mass" modality="FACTUAL" polarity="POS" type="PROBLEM" />
<EVENT id="E6" start="346" end="363" text="ovarian carcinoma" modality="FACTUAL" polarity="POS" type="PROBLEM" />
<EVENT id="E7" start="387" end="401" text="an omentectomy" modality="FACTUAL" polarity="POS" type="PROBLEM" />
<EVENT id="E8" start="406" end="415" text="ileostomy" modality="FACTUAL" polarity="POS" type="PROBLEM" />
<EVENT id="E9" start="434" end="442" text="admitted" modality="FACTUAL" polarity="POS" type="OCCURRENCE" />
<EVENT id="E10" start="460" end="467" text="Cytoxan" modality="FACTUAL" polarity="POS" type="TREATMENT" />
<EVENT id="E11" start="472" end="481" text="Cisplatin" modality="FACTUAL" polarity="POS" type="TREATMENT" />
<EVENT id="E12" start="511" end="520" text="debulking" modality="FACTUAL" polarity="POS" type="PROBLEM" />
<EVENT id="E13" start="579" end="610" text="bilateral salpingo-oophorectomy" modality="FACTUAL" polarity="POS" type="TREATMENT" />
<EVENT id="E14" start="613" end="624" text="omentectomy" modality="FACTUAL" polarity="POS" type="TREATMENT" />
<EVENT id="E15" start="627" end="638" text="splenectomy" modality="FACTUAL" polarity="POS" type="TREATMENT" />
<EVENT id="E16" start="654" end="663" text="resection" modality="FACTUAL" polarity="POS" type="TREATMENT" />
<EVENT id="E17" start="688" end="697" text="ileostomy" modality="FACTUAL" polarity="POS" type="PROBLEM" />
<EVENT id="E18" start="705" end="716" text="ileal cecal" modality="FACTUAL" polarity="POS" type="PROBLEM" />
<EVENT id="E19" start="733" end="739" text="showed" modality="FACTUAL" polarity="POS" type="OCCURRENCE" />
<EVENT id="E20" start="745" end="754" text="Cisplatin" modality="FACTUAL" polarity="POS" type="TREATMENT" />
<EVENT id="E21" start="803" end="811" text="presents" modality="FACTUAL" polarity="POS" type="OCCURRENCE" />
<EVENT id="E22" start="852" end="874" text="Cisplatin chemotherapy" modality="FACTUAL" polarity="POS" type="TREATMENT" />
<EVENT id="E23" start="911" end="919" text="admitted" modality="FACTUAL" polarity="POS" type="OCCURRENCE" />
<EVENT id="E24" start="923" end="935" text="the hospital" modality="FACTUAL" polarity="POS" type="OCCURRENCE" />
<EVENT id="E25" start="989" end="1003" text="her hematocrit" modality="FACTUAL" polarity="POS" type="TEST" />
<EVENT id="E26" start="1020" end="1040" text="a magnesium repleted" modality="FACTUAL" polarity="POS" type="PROBLEM" />
<EVENT id="E27" start="1078" end="1090" text="chemotherapy" modality="FACTUAL" polarity="POS" type="TREATMENT" />
<EVENT id="E28" start="1117" end="1126" text="Cisplatin" modality="FACTUAL" polarity="POS" type="TREATMENT" />
<EVENT id="E29" start="1150" end="1172" text="tolerated chemotherapy" modality="FACTUAL" polarity="POS" type="PROBLEM" />
<EVENT id="E30" start="1237" end="1242" text="noted" modality="FACTUAL" polarity="POS" type="OCCURRENCE" />
<EVENT id="E31" start="1276" end="1285" text="admission" modality="FACTUAL" polarity="POS" type="OCCURRENCE" />
<EVENT id="E32" start="1296" end="1304" text="Coumadin" modality="FACTUAL" polarity="POS" type="TREATMENT" />
<EVENT id="E33" start="1548" end="1556" text="followup" modality="FACTUAL" polarity="POS" type="OCCURRENCE" />
<EVENT id="E34" start="1562" end="1587" text="Anticoagulation Clinic in" modality="FACTUAL" polarity="POS" type="OCCURRENCE" />
<EVENT id="E35" start="1618" end="1640" text="checks and adjustments" modality="FACTUAL" polarity="POS" type="PROBLEM" />
<EVENT id="E36" start="1667" end="1684" text="some hypertension" modality="FACTUAL" polarity="POS" type="PROBLEM" />
<EVENT id="E37" start="1692" end="1700" text="infusion" modality="FACTUAL" polarity="POS" type="TREATMENT" />
<EVENT id="E38" start="1770" end="1792" text="her prior chemotherapy" modality="FACTUAL" polarity="POS" type="CLINICAL_DEPT" />
<EVENT id="E39" start="1871" end="1881" text="evaluation" modality="FACTUAL" polarity="POS" type="TEST" />
<EVENT id="E40" start="1885" end="1901" text="her hypertension" modality="FACTUAL" polarity="POS" type="PROBLEM" />
<EVENT id="E41" start="1995" end="2007" text="chemotherapy" modality="FACTUAL" polarity="POS" type="TREATMENT" />
<SECTIME id="S0" start="18" end="26" text="09/21/92" type="ADMISSION" dvalue="1992-09-21" />
<SECTIME id="S1" start="44" end="52" text="09/24/92" type="DISCHARGE" dvalue="1992-09-24" />
<TIMEX3 id="T0" start="18" end="26" text="09/21/92" type="DATE" val="1992-09-21" mod="NA" />
<TIMEX3 id="T1" start="44" end="52" text="09/24/92" type="DATE" val="1992-09-24" mod="NA" />
<TIMEX3 id="T2" start="70" end="78" text="09/24/92" type="DATE" val="1992-09-24" mod="NA" />
<TIMEX3 id="T3" start="524" end="533" text="June 1992" type="DATE" val="1992-06" mod="NA" />
<TIMEX3 id="T4" start="1064" end="1074" text="three days" type="DURATION" val="P3D" mod="NA" />
<TIMEX3 id="T5" start="1339" end="1355" text="hospital day # 1" type="DATE" val="1992-09-22" mod="NA" />
<TIMEX3 id="T6" start="1371" end="1385" text="hospital day 2" type="DATE" val="1992-09-23" mod="NA" />
<TIMEX3 id="T7" start="1404" end="1409" text="qhs ." type="FREQUENCY" val="RP1D" mod="NA" />
<TIMEX3 id="T8" start="1457" end="1473" text="hospital day # 3" type="DATE" val="1992-09-24" mod="NA" />
<TIMEX3 id="T9" start="1534" end="1537" text="qhs" type="FREQUENCY" val="RP1D" mod="NA" />
<TIMEX3 id="T10" start="1588" end="1596" text="one week" type="DURATION" val="P1W" mod="NA" />
</TAGS>
</ClinicalNarrativeTemporalAnnotation>