<?xml version="1.0" encoding="UTF-8" ?>
<ClinicalNarrativeTemporalAnnotation>
<TEXT><![CDATA[
Admission Date :
2012-03-23
Discharge Date :
2012-03-26
Service :
MEDICINE
History of Present Illness :
39 year old male w/ h/o low back pain on chronic narcotics presents after being found unresponsive at home .
His daughter awoke him at 7 a.m. , reports he said he felt " cold and shivery ," vomited several times , then drove her to school .
According to his wife , he came home and went to sleep .
When she tried to awaken him at 11 a.m. , she was unable to do so and called EMS .
She did not notice any blood / urine / emesis / stool in the bed .
EMS found him with agonal respirations and pinpoint pupils .
FS 420 .
He received 1 mg IV Narcan ( numerous bottles of oxycontin , percocet were found in room ); his pupils dilated to ~ 8 mm and he became combative / agitated .
He was then intubated for airway protection ( etomidate / succinate ); it was a traumatic intubation 
and one of his teeth was chipped .
He was transported to Hallmark Health System Monica , where ABG 7.14/82/44 while bagging on 100% FiO2 .
Wife reports that he drank a large amt of alcohol ( 12 bottles of beer ) night PTA .
For 2 days PTA , he has expressed a wish to kill himself ( no clear plan , but fixing things around the house " so things will be ready when I 'm gone ").
In Monica , pt received charcoal , 500 mg IV levofloxacin , 500 mg IV metronidazole for presumed aspiration pna .
Brief Hospital Course :
A : 39 year old male w/ HTN , chronic LBP on narcotics presents after being found unresponsive at home .
P :
1) Unresponsiveness : This is likely due todrug overdose ( known oxycontin use , (+) BNZ on tox screen ).
Ddx : cardiac ischemia ( no ischemic EKG changes noted ), seizure w/ post-ictal state , CVA ( head CT neg ).
His cardiac enzymes include only elevated CK , but not Shaffer , Juan he ruled out for MI .
His mental status gradually improved from 03-23 to 03-24 .
He was able to communicate appropriately as his level of narcotic medications waned in his blood .
He was able to maintain a stable mental level for extubation on 03-24 .
As of 3/21 , he was alert , appropriate and answers questions and follows command on exam .
2) Pulmonary infiltrates : THere was initially concern that he was developing ARDS from aspiration pneumonia in the setting of being found unconscious .
He was intubated and was on mechanical ventilation from 9/13 10/11 , but he was started on levofloxacin 
and flagyl for total of 4 days .
ON 03-26 , his antibiotics were started as this most likely represent a transiet aspiration episode and not ARDS .
3) Airway protection : He was intubated in the field for airway protection
He was extubated on 03-24 and was weaned off oxygen slowly from 03-24 to 03-26 without significant event .
4) Hypertension : He was restarted on his atenolol and verapamil once his blood pressure stabilized on 03-25 .
5) Depression : He was restarted on his paxil on 03-25 and was given 1:1 sitter for suicidal ideation leading up to his suicide leading up to this admission .
He has not had further episodes while he was in the hospital .
- plan to restart Paxil when taking PO
6) Hyperglycemia : Although he has no known history of_ diabetes , his elevated FS noted in field with glycosuria prompted fingerstick check but he has not required insulin coverage .
7) High amylase : He was admitted on 03-23 with elevated amylase but non-elevated lipase .
This likely is not concerning of pancreatic process .
His amylase trended down .
He was restarted on regular diet on 4/14 4/17 after his extubation
8) Anemia - He was admitted with borderline anemia with Fe studies suggestive of anemia of chronic disease and his hct decreased in the setting fluid resucitation .
His hct has stabilized and improved to close to 30 at the time of 3/21 .
He reports that his primary physician is aware of his anemia and was in the process of followup .
]]></TEXT>
<TAGS>
<EVENT id="E0" start="1" end="10" text="Admission" modality="FACTUAL" polarity="POS" type="OCCURRENCE" />
<EVENT id="E1" start="29" end="38" text="Discharge" modality="FACTUAL" polarity="POS" type="OCCURRENCE" />
<EVENT id="E2" start="129" end="142" text="low back pain" modality="FACTUAL" polarity="POS" type="OCCURRENCE" />
<EVENT id="E3" start="154" end="172" text="narcotics presents" modality="FACTUAL" polarity="POS" type="TREATMENT" />
<EVENT id="E4" start="191" end="203" text="unresponsive" modality="FACTUAL" polarity="POS" type="PROBLEM" />
<EVENT id="E5" start="275" end="279" text="cold" modality="FACTUAL" polarity="POS" type="PROBLEM" />
<EVENT id="E6" start="295" end="302" text="vomited" modality="FACTUAL" polarity="POS" type="PROBLEM" />
<EVENT id="E7" start="473" end="483" text="called EMS" modality="FACTUAL" polarity="POS" type="PROBLEM" />
<EVENT id="E8" start="505" end="514" text="any blood" modality="FACTUAL" polarity="NEG" type="PROBLEM" />
<EVENT id="E9" start="553" end="562" text="EMS found" modality="FACTUAL" polarity="POS" type="OCCURRENCE" />
<EVENT id="E10" start="579" end="591" text="respirations" modality="FACTUAL" polarity="POS" type="TEST" />
<EVENT id="E11" start="643" end="649" text="Narcan" modality="FACTUAL" polarity="POS" type="TREATMENT" />
<EVENT id="E12" start="672" end="681" text="oxycontin" modality="FACTUAL" polarity="POS" type="TREATMENT" />
<EVENT id="E13" start="684" end="692" text="percocet" modality="FACTUAL" polarity="POS" type="TREATMENT" />
<EVENT id="E14" start="758" end="767" text="combative" modality="FACTUAL" polarity="POS" type="PROBLEM" />
<EVENT id="E15" start="770" end="778" text="agitated" modality="FACTUAL" polarity="POS" type="PROBLEM" />
<EVENT id="E16" start="793" end="802" text="intubated" modality="FACTUAL" polarity="POS" type="TREATMENT" />
<EVENT id="E17" start="807" end="824" text="airway protection" modality="FACTUAL" polarity="POS" type="TREATMENT" />
<EVENT id="E18" start="871" end="885" text="intubation and" modality="FACTUAL" polarity="POS" type="PROBLEM" />
<EVENT id="E19" start="924" end="968" text="transported to Hallmark Health System Monica" modality="FACTUAL" polarity="POS" type="PROBLEM" />
<EVENT id="E20" start="1009" end="1018" text="100% FiO2" modality="FACTUAL" polarity="POS" type="PROBLEM" />
<EVENT id="E21" start="1026" end="1033" text="reports" modality="FACTUAL" polarity="POS" type="OCCURRENCE" />
<EVENT id="E22" start="1285" end="1293" text="charcoal" modality="FACTUAL" polarity="POS" type="TREATMENT" />
<EVENT id="E23" start="1306" end="1318" text="levofloxacin" modality="FACTUAL" polarity="POS" type="TREATMENT" />
<EVENT id="E24" start="1331" end="1344" text="metronidazole" modality="FACTUAL" polarity="POS" type="TREATMENT" />
<EVENT id="E25" start="1358" end="1372" text="aspiration pna" modality="FACTUAL" polarity="POS" type="PROBLEM" />
<EVENT id="E26" start="1423" end="1426" text="HTN" modality="FACTUAL" polarity="POS" type="PROBLEM" />
<EVENT id="E27" start="1444" end="1462" text="narcotics presents" modality="FACTUAL" polarity="POS" type="TREATMENT" />
<EVENT id="E28" start="1481" end="1493" text="unresponsive" modality="FACTUAL" polarity="POS" type="PROBLEM" />
<EVENT id="E29" start="1573" end="1586" text="oxycontin use" modality="FACTUAL" polarity="POS" type="PROBLEM" />
<EVENT id="E30" start="1620" end="1636" text="cardiac ischemia" modality="FACTUAL" polarity="POS" type="PROBLEM" />
<EVENT id="E31" start="1651" end="1662" text="EKG changes" modality="FACTUAL" polarity="NEG" type="PROBLEM" />
<EVENT id="E32" start="1672" end="1679" text="seizure" modality="FACTUAL" polarity="NEG" type="PROBLEM" />
<EVENT id="E33" start="1683" end="1699" text="post-ictal state" modality="FACTUAL" polarity="NEG" type="PROBLEM" />
<EVENT id="E34" start="1723" end="1742" text="His cardiac enzymes" modality="FACTUAL" polarity="POS" type="PROBLEM" />
<EVENT id="E35" start="1756" end="1764" text="elevated" modality="FACTUAL" polarity="POS" type="PROBLEM" />
<EVENT id="E36" start="1889" end="1914" text="communicate appropriately" modality="FACTUAL" polarity="POS" type="PROBLEM" />
<EVENT id="E37" start="1940" end="1972" text="medications waned in his blood ." modality="FACTUAL" polarity="POS" type="TREATMENT" />
<EVENT id="E38" start="1999" end="2018" text="stable mental level" modality="FACTUAL" polarity="POS" type="EVIDENTIAL" />
<EVENT id="E39" start="2065" end="2070" text="alert" modality="FACTUAL" polarity="POS" type="OCCURRENCE" />
<EVENT id="E40" start="2130" end="2134" text="exam" modality="FACTUAL" polarity="POS" type="TEST" />
<EVENT id="E41" start="2140" end="2161" text="Pulmonary infiltrates" modality="FACTUAL" polarity="POS" type="PROBLEM" />
<EVENT id="E42" start="2225" end="2245" text="aspiration pneumonia" modality="FACTUAL" polarity="POS" type="PROBLEM" />
<EVENT id="E43" start="2297" end="2306" text="intubated" modality="FACTUAL" polarity="POS" type="TREATMENT" />
<EVENT id="E44" start="2318" end="2340" text="mechanical ventilation" modality="FACTUAL" polarity="POS" type="TREATMENT" />
<EVENT id="E45" start="2381" end="2393" text="levofloxacin" modality="FACTUAL" polarity="POS" type="TREATMENT" />
<EVENT id="E46" start="2398" end="2404" text="flagyl" modality="FACTUAL" polarity="POS" type="TREATMENT" />
<EVENT id="E47" start="2438" end="2453" text="his antibiotics" modality="FACTUAL" polarity="POS" type="TREATMENT" />
<EVENT id="E48" start="2519" end="2526" text="episode" modality="FACTUAL" polarity="POS" type="EVIDENTIAL" />
<EVENT id="E49" start="2535" end="2539" text="ARDS" modality="FACTUAL" polarity="NEG" type="PROBLEM" />
<EVENT id="E50" start="2572" end="2581" text="intubated" modality="FACTUAL" polarity="POS" type="TREATMENT" />
<EVENT id="E51" start="2599" end="2616" text="airway protection" modality="FACTUAL" polarity="POS" type="TREATMENT" />
<EVENT id="E52" start="2624" end="2633" text="extubated" modality="FACTUAL" polarity="POS" type="TREATMENT" />
<EVENT id="E53" start="2651" end="2657" text="weaned" modality="FACTUAL" polarity="POS" type="TREATMENT" />
<EVENT id="E54" start="2662" end="2668" text="oxygen" modality="FACTUAL" polarity="POS" type="TREATMENT" />
<EVENT id="E55" start="2704" end="2721" text="significant event" modality="FACTUAL" polarity="NEG" type="PROBLEM" />
<EVENT id="E56" start="2762" end="2774" text="his atenolol" modality="FACTUAL" polarity="POS" type="TREATMENT" />
<EVENT id="E57" start="2794" end="2812" text="his blood pressure" modality="FACTUAL" polarity="POS" type="TEST" />
<EVENT id="E58" start="2838" end="2848" text="Depression" modality="FACTUAL" polarity="POS" type="PROBLEM" />
<EVENT id="E59" start="2919" end="2936" text="suicidal ideation" modality="FACTUAL" polarity="POS" type="PROBLEM" />
<EVENT id="E60" start="2951" end="2962" text="his suicide" modality="FACTUAL" polarity="POS" type="PROBLEM" />
<EVENT id="E61" start="3163" end="3178" text="his elevated FS" modality="FACTUAL" polarity="NEG" type="EVIDENTIAL" />
<EVENT id="E62" start="3219" end="3236" text="fingerstick check" modality="FACTUAL" polarity="NEG" type="PROBLEM" />
<EVENT id="E63" start="3261" end="3277" text="insulin coverage" modality="FACTUAL" polarity="NEG" type="PROBLEM" />
<EVENT id="E64" start="3305" end="3313" text="admitted" modality="FACTUAL" polarity="POS" type="OCCURRENCE" />
<EVENT id="E65" start="3328" end="3344" text="elevated amylase" modality="FACTUAL" polarity="POS" type="PROBLEM" />
<EVENT id="E66" start="3404" end="3422" text="pancreatic process" modality="FACTUAL" polarity="NEG" type="PROBLEM" />
<EVENT id="E67" start="3425" end="3449" text="His amylase trended down" modality="FACTUAL" polarity="POS" type="TREATMENT" />
<EVENT id="E68" start="3472" end="3484" text="regular diet" modality="FACTUAL" polarity="POS" type="OCCURRENCE" />
<EVENT id="E69" start="3504" end="3518" text="his extubation" modality="FACTUAL" polarity="POS" type="PROBLEM" />
<EVENT id="E70" start="3538" end="3546" text="admitted" modality="FACTUAL" polarity="POS" type="OCCURRENCE" />
<EVENT id="E71" start="3552" end="3569" text="borderline anemia" modality="FACTUAL" polarity="POS" type="PROBLEM" />
<EVENT id="E72" start="3610" end="3625" text="chronic disease" modality="FACTUAL" polarity="POS" type="PROBLEM" />
<EVENT id="E73" start="3630" end="3637" text="his hct" modality="FACTUAL" polarity="POS" type="TEST" />
<EVENT id="E74" start="3696" end="3706" text="stabilized" modality="FACTUAL" polarity="POS" type="OCCURRENCE" />
<EVENT id="E75" start="3760" end="3767" text="reports" modality="FACTUAL" polarity="POS" type="OCCURRENCE" />
<EVENT id="E76" start="3773" end="3794" text="his primary physician" modality="FACTUAL" polarity="POS" type="PROBLEM" />
<EVENT id="E77" start="3807" end="3817" text="his anemia" modality="FACTUAL" polarity="POS" type="PROBLEM" />
<EVENT id="E78" start="3829" end="3840" text="the process" modality="FACTUAL" polarity="POS" type="PROBLEM" />
<EVENT id="E79" start="3844" end="3852" text="followup" modality="FACTUAL" polarity="POS" type="OCCURRENCE" />
<SECTIME id="S0" start="18" end="28" text="2012-03-23" type="ADMISSION" dvalue="2012-03-23" />
<SECTIME id="S1" start="46" end="56" text="2012-03-26" type="DISCHARGE" dvalue="2012-03-26" />
<TIMEX3 id="T0" start="18" end="28" text="2012-03-23" type="DATE" val="2012-03-23" mod="NA" />
<TIMEX3 id="T1" start="46" end="56" text="2012-03-26" type="DATE" val="2012-03-26" mod="NA" />
<TIMEX3 id="T2" start="240" end="246" text="7 a.m." type="TIME" val="2012-03-26T07:00" mod="NA" />
<TIMEX3 id="T3" start="435" end="442" text="11 a.m." type="TIME" val="2012-03-26T11:00" mod="NA" />
<TIMEX3 id="T4" start="1111" end="1117" text="2 days" type="DURATION" val="P2D" mod="NA" />
<TIMEX3 id="T5" start="1867" end="1872" text="03-24" type="DATE" val="2012-03-24" mod="NA" />
<TIMEX3 id="T6" start="2038" end="2043" text="03-24" type="DATE" val="2012-03-24" mod="NA" />
<TIMEX3 id="T7" start="2420" end="2426" text="4 days" type="DURATION" val="P4D" mod="NA" />
<TIMEX3 id="T8" start="2432" end="2437" text="03-26" type="DATE" val="2012-03-26" mod="NA" />
<TIMEX3 id="T9" start="2639" end="2644" text="03-24" type="DATE" val="2012-03-24" mod="NA" />
<TIMEX3 id="T10" start="2829" end="2834" text="03-25" type="DATE" val="2012-03-25" mod="NA" />
<TIMEX3 id="T11" start="2886" end="2891" text="03-25" type="DATE" val="2012-03-25" mod="NA" />
<TIMEX3 id="T12" start="3319" end="3324" text="03-23" type="DATE" val="2012-03-23" mod="NA" />
<TIMEX3 id="T13" start="3490" end="3494" text="4/14" type="DATE" val="2011-04-14" mod="NA" />
<TIMEX3 id="T14" start="3740" end="3748" text="the time" type="DATE" val="2011-04-14" mod="NA" />
</TAGS>
</ClinicalNarrativeTemporalAnnotation>