<?xml version="1.0" encoding="UTF-8" ?>
<ClinicalNarrativeTemporalAnnotation>
<TEXT><![CDATA[
Admission Date :
2015-06-04
Discharge Date :
2015-06-08
Service :
CCU
HISTORY OF THE PRESENT ILLNESS :
The patient is a 57 - year-old female with a history of hypertension and hypercholesterolemia but no prior coronary artery disease history who presented with chest pain .
The patient reports the pain began at 4:00 p.m. on the day of admission .
She reports that it had essentially started earlier in the day with some GERD-like symptoms .
She had taken Maalox but had no relief with this .
The pain was intermittent through the day and then at 4:00 p.m. increased and was also associated with nausea and diaphoresis .
She reports that the pain shot through her back .
The patient has never had these symptoms in the past .
She arrived in the Emergency Room at 8:00 p.m.
At that time , the pain was unremitting .
In the Emergency Room , the patient was given Lopressor , nitroglycerin , and aspirin .
A TP3A inhibitor was not given for concern for dissection .
The patient was found to have 5057 E. Sixth Blvd. elevations in I , aVL , and V1 through V2 and ST depressions in II , III , and aVF .
The patient was taken emergently to the Cardiac Catheterization Laboratory .
HOSPITAL COURSE :
1. CORONARY ARTERY DISEASE : The patient was taken to Cardiac Catheterization where she was found to have two vessel disease .
The proximal LAD was found to have a 90% lesion with a septal branch with a 95% stenosis and a diagonal branch with 99% stenosis .
The patient had twin LAD stents to the LAD diagonal and LAD septal branches with Taxus stents .
This restored flow appropriately .
The patient also had proximal RCA lesion of 80% and a mid RCA lesion of 80-90% which were not intervened upon .
The patient was given an aspirin and Plavix and in addition started on a beta Elmore , Maxine ACE inhibitor , and these were titrated up as her blood pressure tolerated .
Given the fact that the patient had issues with muscle cramping with Atorvastatin in the past , she was started on Pravastatin which should give less of these side effects .
The patient will follow-up with Cardiology in one months time for further management of her coronary artery disease and further evaluation of her remaining RCA lesions .
2. PUMP : The patient had an echocardiogram to assess her LV function .
She was found to have an ejection fraction of 30-35% as well as an akinetic apex and apical mid and septal akinesis .
Given the fact that the patient had significant apical akinesis , she was started on heparin with a transition to Coumadin for anticoagulation for stroke prevention in the setting of apical akinesis .
On discharge , the patient was given Lovenox injections which should be continued until the patient reaches a therapeutic dose of Coumadin .
3. RHYTHM : The patient was monitored on telemetry throughout her hospitalization with no significant events .
The patient had an EP evaluation and will be followed-up by Dr. Welch .
14-087 , the patient had a signal-averaged EKG .
She will follow-up with Dr. Welch with an echocardiogram on 2015-07-24 in a meeting to discuss risk stratification for sudden cardiac death and possible ICD placement .
4. NEUROLOGY : The patient complained of left lower extremity weakness with ambulation two days after her cardiac catheterization .
The patient had no evidence for weakness on examination with good proximal and distal strength in the lower extremities as well as intact sensation .
The patient worked with Physical Therapy and was able to ambulate without difficulty .
She was also able to ascend stairs without difficulty .
The patient was already on an aspirin and Plavix should this represent a small stroke .
However , there was no evidence for neurologic deficit on examination and this will be followed-up by her primary care physician .
5. HEMATOLOGY : The patient was discharged on Coumadin for apical akinesis and stroke risk .
This will be further monitored by her primary care physician , Dr. Banks , who will adjust her Coumadin dose .
]]></TEXT>
<TAGS>
<EVENT id="E0" start="1" end="10" text="Admission" modality="FACTUAL" polarity="POS" type="OCCURRENCE" />
<EVENT id="E1" start="29" end="38" text="Discharge" modality="FACTUAL" polarity="POS" type="OCCURRENCE" />
<EVENT id="E2" start="160" end="172" text="hypertension" modality="FACTUAL" polarity="POS" type="PROBLEM" />
<EVENT id="E3" start="177" end="197" text="hypercholesterolemia" modality="FACTUAL" polarity="POS" type="PROBLEM" />
<EVENT id="E4" start="211" end="242" text="coronary artery disease history" modality="FACTUAL" polarity="NEG" type="PROBLEM" />
<EVENT id="E5" start="247" end="256" text="presented" modality="FACTUAL" polarity="NEG" type="OCCURRENCE" />
<EVENT id="E6" start="262" end="272" text="chest pain" modality="FACTUAL" polarity="NEG" type="PROBLEM" />
<EVENT id="E7" start="299" end="303" text="pain" modality="FACTUAL" polarity="POS" type="PROBLEM" />
<EVENT id="E8" start="353" end="360" text="reports" modality="FACTUAL" polarity="POS" type="OCCURRENCE" />
<EVENT id="E9" start="494" end="502" text="The pain" modality="FACTUAL" polarity="POS" type="PROBLEM" />
<EVENT id="E10" start="558" end="567" text="increased" modality="FACTUAL" polarity="POS" type="PROBLEM" />
<EVENT id="E11" start="597" end="603" text="nausea" modality="FACTUAL" polarity="POS" type="PROBLEM" />
<EVENT id="E12" start="608" end="619" text="diaphoresis" modality="FACTUAL" polarity="POS" type="PROBLEM" />
<EVENT id="E13" start="626" end="633" text="reports" modality="FACTUAL" polarity="POS" type="OCCURRENCE" />
<EVENT id="E14" start="639" end="669" text="the pain shot through her back" modality="FACTUAL" polarity="POS" type="PROBLEM" />
<EVENT id="E15" start="698" end="712" text="these symptoms" modality="FACTUAL" polarity="NEG" type="PROBLEM" />
<EVENT id="E16" start="731" end="738" text="arrived" modality="FACTUAL" polarity="POS" type="OCCURRENCE" />
<EVENT id="E17" start="742" end="760" text="the Emergency Room" modality="FACTUAL" polarity="POS" type="CLINICAL_DEPT" />
<EVENT id="E18" start="789" end="797" text="the pain" modality="FACTUAL" polarity="POS" type="PROBLEM" />
<EVENT id="E19" start="819" end="837" text="the Emergency Room" modality="FACTUAL" polarity="POS" type="CLINICAL_DEPT" />
<EVENT id="E20" start="862" end="871" text="Lopressor" modality="FACTUAL" polarity="POS" type="TREATMENT" />
<EVENT id="E21" start="874" end="887" text="nitroglycerin" modality="FACTUAL" polarity="POS" type="TREATMENT" />
<EVENT id="E22" start="894" end="901" text="aspirin" modality="FACTUAL" polarity="POS" type="TREATMENT" />
<EVENT id="E23" start="980" end="985" text="found" modality="FACTUAL" polarity="POS" type="OCCURRENCE" />
<EVENT id="E24" start="1038" end="1088" text="and V1 through V2 and ST depressions in II , III ," modality="FACTUAL" polarity="POS" type="PROBLEM" />
<EVENT id="E25" start="1135" end="1173" text="the Cardiac Catheterization Laboratory" modality="FACTUAL" polarity="POS" type="CLINICAL_DEPT" />
<EVENT id="E26" start="1248" end="1271" text="Cardiac Catheterization" modality="FACTUAL" polarity="POS" type="TEST" />
<EVENT id="E27" start="1286" end="1291" text="found" modality="FACTUAL" polarity="POS" type="OCCURRENCE" />
<EVENT id="E28" start="1300" end="1318" text="two vessel disease" modality="FACTUAL" polarity="POS" type="PROBLEM" />
<EVENT id="E29" start="1342" end="1347" text="found" modality="FACTUAL" polarity="POS" type="OCCURRENCE" />
<EVENT id="E30" start="1356" end="1368" text="a 90% lesion" modality="FACTUAL" polarity="POS" type="PROBLEM" />
<EVENT id="E31" start="1395" end="1409" text="a 95% stenosis" modality="FACTUAL" polarity="POS" type="PROBLEM" />
<EVENT id="E32" start="1437" end="1449" text="99% stenosis" modality="FACTUAL" polarity="POS" type="PROBLEM" />
<EVENT id="E33" start="1491" end="1503" text="LAD diagonal" modality="FACTUAL" polarity="POS" type="PROBLEM" />
<EVENT id="E34" start="1562" end="1580" text="flow appropriately" modality="FACTUAL" polarity="POS" type="PROBLEM" />
<EVENT id="E35" start="1677" end="1687" text="intervened" modality="FACTUAL" polarity="NEG" type="TREATMENT" />
<EVENT id="E36" start="1717" end="1727" text="an aspirin" modality="FACTUAL" polarity="POS" type="TREATMENT" />
<EVENT id="E37" start="1732" end="1738" text="Plavix" modality="FACTUAL" polarity="POS" type="TREATMENT" />
<EVENT id="E38" start="1766" end="1772" text="a beta" modality="FACTUAL" polarity="POS" type="PROBLEM" />
<EVENT id="E39" start="1789" end="1802" text="ACE inhibitor" modality="FACTUAL" polarity="POS" type="TREATMENT" />
<EVENT id="E40" start="1820" end="1831" text="titrated up" modality="FACTUAL" polarity="POS" type="TREATMENT" />
<EVENT id="E41" start="1835" end="1853" text="her blood pressure" modality="FACTUAL" polarity="POS" type="TEST" />
<EVENT id="E42" start="1914" end="1929" text="muscle cramping" modality="FACTUAL" polarity="POS" type="OCCURRENCE" />
<EVENT id="E43" start="1935" end="1947" text="Atorvastatin" modality="FACTUAL" polarity="POS" type="TREATMENT" />
<EVENT id="E44" start="2106" end="2124" text="further management" modality="FACTUAL" polarity="POS" type="TREATMENT" />
<EVENT id="E45" start="2128" end="2155" text="her coronary artery disease" modality="FACTUAL" polarity="POS" type="PROBLEM" />
<EVENT id="E46" start="2168" end="2178" text="evaluation" modality="FACTUAL" polarity="POS" type="TEST" />
<EVENT id="E47" start="2182" end="2207" text="her remaining RCA lesions" modality="FACTUAL" polarity="POS" type="PROBLEM" />
<EVENT id="E48" start="2236" end="2253" text="an echocardiogram" modality="FACTUAL" polarity="POS" type="TEST" />
<EVENT id="E49" start="2264" end="2279" text="her LV function" modality="FACTUAL" polarity="POS" type="PROBLEM" />
<EVENT id="E50" start="2290" end="2295" text="found" modality="FACTUAL" polarity="POS" type="OCCURRENCE" />
<EVENT id="E51" start="2307" end="2324" text="ejection fraction" modality="FACTUAL" polarity="POS" type="TEST" />
<EVENT id="E52" start="2346" end="2397" text="an akinetic apex and apical mid and septal akinesis" modality="FACTUAL" polarity="POS" type="EVIDENTIAL" />
<EVENT id="E53" start="2436" end="2463" text="significant apical akinesis" modality="FACTUAL" polarity="POS" type="PROBLEM" />
<EVENT id="E54" start="2485" end="2492" text="heparin" modality="FACTUAL" polarity="POS" type="TREATMENT" />
<EVENT id="E55" start="2498" end="2510" text="a transition" modality="FACTUAL" polarity="POS" type="PROBLEM" />
<EVENT id="E56" start="2514" end="2522" text="Coumadin" modality="FACTUAL" polarity="POS" type="TREATMENT" />
<EVENT id="E57" start="2527" end="2542" text="anticoagulation" modality="FACTUAL" polarity="POS" type="TREATMENT" />
<EVENT id="E58" start="2547" end="2564" text="stroke prevention" modality="FACTUAL" polarity="POS" type="PROBLEM" />
<EVENT id="E59" start="2590" end="2598" text="akinesis" modality="FACTUAL" polarity="POS" type="PROBLEM" />
<EVENT id="E60" start="2638" end="2656" text="Lovenox injections" modality="FACTUAL" polarity="POS" type="TREATMENT" />
<EVENT id="E61" start="2709" end="2722" text="a therapeutic" modality="FACTUAL" polarity="POS" type="PROBLEM" />
<EVENT id="E62" start="2731" end="2739" text="Coumadin" modality="FACTUAL" polarity="POS" type="TREATMENT" />
<EVENT id="E63" start="2770" end="2779" text="monitored" modality="FACTUAL" polarity="POS" type="TREATMENT" />
<EVENT id="E64" start="2783" end="2792" text="telemetry" modality="FACTUAL" polarity="POS" type="TEST" />
<EVENT id="E65" start="2804" end="2823" text="her hospitalization" modality="FACTUAL" polarity="POS" type="TREATMENT" />
<EVENT id="E66" start="2832" end="2850" text="significant events" modality="FACTUAL" polarity="NEG" type="PROBLEM" />
<EVENT id="E67" start="2875" end="2885" text="evaluation" modality="FACTUAL" polarity="POS" type="TEST" />
<EVENT id="E68" start="2968" end="2971" text="EKG" modality="FACTUAL" polarity="POS" type="TEST" />
<EVENT id="E69" start="2983" end="2992" text="follow-up" modality="FACTUAL" polarity="POS" type="TREATMENT" />
<EVENT id="E70" start="3013" end="3030" text="an echocardiogram" modality="FACTUAL" polarity="POS" type="TEST" />
<EVENT id="E71" start="3048" end="3057" text="a meeting" modality="FACTUAL" polarity="POS" type="PROBLEM" />
<EVENT id="E72" start="3093" end="3113" text="sudden cardiac death" modality="FACTUAL" polarity="POS" type="PROBLEM" />
<EVENT id="E73" start="3127" end="3140" text="ICD placement" modality="FACTUAL" polarity="POS" type="TREATMENT" />
<EVENT id="E74" start="3184" end="3213" text="left lower extremity weakness" modality="FACTUAL" polarity="POS" type="OCCURRENCE" />
<EVENT id="E75" start="3245" end="3272" text="her cardiac catheterization" modality="FACTUAL" polarity="POS" type="PROBLEM" />
<EVENT id="E76" start="3307" end="3349" text="weakness on examination with good proximal" modality="FACTUAL" polarity="NEG" type="OCCURRENCE" />
<EVENT id="E77" start="3370" end="3394" text="in the lower extremities" modality="FACTUAL" polarity="NEG" type="PROBLEM" />
<EVENT id="E78" start="3406" end="3422" text="intact sensation" modality="FACTUAL" polarity="NEG" type="PROBLEM" />
<EVENT id="E79" start="3458" end="3465" text="Therapy" modality="FACTUAL" polarity="POS" type="OCCURRENCE" />
<EVENT id="E80" start="3482" end="3490" text="ambulate" modality="FACTUAL" polarity="POS" type="OCCURRENCE" />
<EVENT id="E81" start="3540" end="3546" text="stairs" modality="FACTUAL" polarity="POS" type="OCCURRENCE" />
<EVENT id="E82" start="3598" end="3605" text="aspirin" modality="FACTUAL" polarity="POS" type="TREATMENT" />
<EVENT id="E83" start="3610" end="3616" text="Plavix" modality="FACTUAL" polarity="POS" type="TREATMENT" />
<EVENT id="E84" start="3639" end="3653" text="a small stroke" modality="FACTUAL" polarity="POS" type="PROBLEM" />
<EVENT id="E85" start="3692" end="3725" text="neurologic deficit on examination" modality="FACTUAL" polarity="NEG" type="PROBLEM" />
<EVENT id="E86" start="3819" end="3829" text="discharged" modality="FACTUAL" polarity="POS" type="OCCURRENCE" />
<EVENT id="E87" start="3833" end="3841" text="Coumadin" modality="FACTUAL" polarity="POS" type="TREATMENT" />
<EVENT id="E88" start="3853" end="3861" text="akinesis" modality="FACTUAL" polarity="POS" type="PROBLEM" />
<EVENT id="E89" start="3893" end="3910" text="further monitored" modality="FACTUAL" polarity="POS" type="PROBLEM" />
<EVENT id="E90" start="3975" end="3988" text="Coumadin dose" modality="FACTUAL" polarity="POS" type="PROBLEM" />
<SECTIME id="S0" start="18" end="28" text="2015-06-04" type="ADMISSION" dvalue="2015-06-04" />
<SECTIME id="S1" start="46" end="56" text="2015-06-08" type="DISCHARGE" dvalue="2015-06-08" />
<TIMEX3 id="T0" start="18" end="28" text="2015-06-04" type="DATE" val="2015-06-04" mod="NA" />
<TIMEX3 id="T1" start="46" end="56" text="2015-06-08" type="DATE" val="2015-06-08" mod="NA" />
<TIMEX3 id="T2" start="313" end="333" text="4:00 p.m. on the day" type="TIME" val="2015-06-04T16:00" mod="NA" />
<TIMEX3 id="T3" start="326" end="346" text="the day of admission" type="DATE" val="2015-06-04" mod="NA" />
<TIMEX3 id="T4" start="548" end="557" text="4:00 p.m." type="TIME" val="2015-06-04T16:00" mod="NA" />
<TIMEX3 id="T5" start="764" end="773" text="8:00 p.m." type="TIME" val="2015-06-04T20:00" mod="NA" />
<TIMEX3 id="T6" start="777" end="786" text="that time" type="DATE" val="2015-06-04" mod="NA" />
<TIMEX3 id="T7" start="2086" end="2097" text="one months " type="DURATION" val="P1M" mod="NA" />
<TIMEX3 id="T8" start="3034" end="3044" text="2015-07-24" type="DATE" val="2015-07-24" mod="NA" />
<TIMEX3 id="T9" start="3230" end="3244" text="two days after" type="DURATION" val="P2D" mod="NA" />
</TAGS>
</ClinicalNarrativeTemporalAnnotation>