<?xml version="1.0" encoding="UTF-8" ?>
<ClinicalNarrativeTemporalAnnotation>
<TEXT><![CDATA[
Admission Date :
2015-12-03
Discharge Date :
2015-12-08
Service :
MEDICINE
History of Present Illness :
55 yo M w/ h/o recurrent bladder ca s/p cystectomy w/ ileal conduit p/w BRBPR to OSH .
Hct dropped 34 -> 22 .
EGD normal .
Cscope unable to complete due to blood but tics seen .
Tagged RBC + activity in RLQ .
Transferred to Mediplex Rehab Hospital ICU where Hct has remained stable .
Seen by GI and plan is to continue holding anticoagulation and repeat scope on Monday .
Pt feeling well , denies abd pain , N/V , LH , SOB , CP .
Brief Hospital Course :
55 year old man with history of metastatic bladder cancer and recurrent DVT s on Lovenox admitted with lower GI bleeding .
Right lower quadrant source of bleed on red blood cell scan .
Attempts to visualize colon by conventional and CT virtual colonoscopy failed because of sigmoid angulation and inadequate preparation , respectively .
On Ct scan , a right psoas mass , most consistent with a hematoma , was seen .
Since the hematocrit of the patient was stable and outside records from 2015-03-28 mentioned a mass in the right pelvis , the patient was discharged .
Lovenox was held until follow-up with primary care doctor .
Also , a repeat outpatient CT colonoscopy with better preparation should be considered .
]]></TEXT>
<TAGS>
<EVENT id="E0" start="1" end="10" text="Admission" modality="FACTUAL" polarity="POS" type="OCCURRENCE" />
<EVENT id="E1" start="29" end="38" text="Discharge" modality="FACTUAL" polarity="POS" type="OCCURRENCE" />
<EVENT id="E2" start="173" end="182" text="p/w BRBPR" modality="FACTUAL" polarity="POS" type="PROBLEM" />
<EVENT id="E3" start="192" end="206" text="Hct dropped 34" modality="FACTUAL" polarity="POS" type="PROBLEM" />
<EVENT id="E4" start="215" end="225" text="EGD normal" modality="FACTUAL" polarity="POS" type="EVIDENTIAL" />
<EVENT id="E5" start="261" end="266" text="blood" modality="FACTUAL" polarity="POS" type="PROBLEM" />
<EVENT id="E6" start="314" end="325" text="Transferred" modality="FACTUAL" polarity="POS" type="OCCURRENCE" />
<EVENT id="E7" start="329" end="356" text="Mediplex Rehab Hospital ICU" modality="FACTUAL" polarity="POS" type="OCCURRENCE" />
<EVENT id="E8" start="363" end="366" text="Hct" modality="FACTUAL" polarity="POS" type="TEST" />
<EVENT id="E9" start="371" end="386" text="remained stable" modality="FACTUAL" polarity="POS" type="OCCURRENCE" />
<EVENT id="E10" start="424" end="447" text="holding anticoagulation" modality="FACTUAL" polarity="POS" type="PROBLEM" />
<EVENT id="E11" start="506" end="510" text="pain" modality="FACTUAL" polarity="NEG" type="PROBLEM" />
<EVENT id="E12" start="513" end="516" text="N/V" modality="FACTUAL" polarity="NEG" type="PROBLEM" />
<EVENT id="E13" start="524" end="527" text="SOB" modality="FACTUAL" polarity="NEG" type="PROBLEM" />
<EVENT id="E14" start="591" end="616" text="metastatic bladder cancer" modality="FACTUAL" polarity="POS" type="PROBLEM" />
<EVENT id="E15" start="621" end="636" text="recurrent DVT s" modality="FACTUAL" polarity="POS" type="PROBLEM" />
<EVENT id="E16" start="640" end="656" text="Lovenox admitted" modality="FACTUAL" polarity="POS" type="TREATMENT" />
<EVENT id="E17" start="662" end="679" text="lower GI bleeding" modality="FACTUAL" polarity="POS" type="PROBLEM" />
<EVENT id="E18" start="703" end="718" text="source of bleed" modality="FACTUAL" polarity="POS" type="PROBLEM" />
<EVENT id="E19" start="722" end="741" text="red blood cell scan" modality="FACTUAL" polarity="POS" type="PROBLEM" />
<EVENT id="E20" start="803" end="821" text="colonoscopy failed" modality="FACTUAL" polarity="POS" type="PROBLEM" />
<EVENT id="E21" start="856" end="878" text="inadequate preparation" modality="FACTUAL" polarity="POS" type="PROBLEM" />
<EVENT id="E22" start="899" end="906" text="Ct scan" modality="FACTUAL" polarity="POS" type="TEST" />
<EVENT id="E23" start="923" end="927" text="mass" modality="FACTUAL" polarity="POS" type="PROBLEM" />
<EVENT id="E24" start="951" end="961" text="a hematoma" modality="FACTUAL" polarity="POS" type="PROBLEM" />
<EVENT id="E25" start="981" end="995" text="the hematocrit" modality="FACTUAL" polarity="POS" type="TEST" />
<EVENT id="E26" start="1015" end="1021" text="stable" modality="FACTUAL" polarity="POS" type="OCCURRENCE" />
<EVENT id="E27" start="1113" end="1123" text="discharged" modality="FACTUAL" polarity="POS" type="OCCURRENCE" />
<EVENT id="E28" start="1126" end="1133" text="Lovenox" modality="FACTUAL" polarity="POS" type="TREATMENT" />
<EVENT id="E29" start="1193" end="1251" text="a repeat outpatient CT colonoscopy with better preparation" modality="FACTUAL" polarity="POS" type="PROBLEM" />
<SECTIME id="S0" start="18" end="28" text="2015-12-03" type="ADMISSION" dvalue="2015-12-03" />
<SECTIME id="S1" start="46" end="56" text="2015-12-08" type="DISCHARGE" dvalue="2015-12-08" />
<TIMEX3 id="T0" start="18" end="28" text="2015-12-03" type="DATE" val="2015-12-03" mod="NA" />
<TIMEX3 id="T1" start="46" end="56" text="2015-12-08" type="DATE" val="2015-12-08" mod="NA" />
<TIMEX3 id="T2" start="1047" end="1057" text="2015-03-28" type="DATE" val="2015-03-28" mod="NA" />
</TAGS>
</ClinicalNarrativeTemporalAnnotation>