<?xml version="1.0" encoding="UTF-8" ?>
<ClinicalNarrativeTemporalAnnotation>
<TEXT><![CDATA[
Admission Date :
2018-08-04
Discharge Date :
2018-08-16
Service :
SURGERY
History of Present Illness :
This is a 32 year old male who was recently discharged from Mediplex Rehab Hospital and presents again to us with chief complaint of abdominal pain ( sudden onset left-sided abdominal pain ).
Of note , he had a recent kidney biopsy on 2018-07-30 and his Cr bumped from 4.7 to 5.7 .
Also , HCT on admission 21 from 25 .
Brief Hospital Course :
This patient was admitted on 08-04 after a recent discharge from the hospital for sudden onset of left sided abdominal pain .
In the emergency room , his ultrasound showed mild hydronephrosis with new perinephric fluid surrounding the transplant kidney and hence , underwent a CT scan of his abdomen / pelvis which showed a large left-sided of retroperitoneal hemorrhage extending down to the level of the renal transplant possibly related to recent transplant biopsy .
Renal transplant medicine and transplant surgery were made aware and the pt was admitted to transplant
CMED and to the ICU .
Serial hematocrits and abdominal exams were performed .
He was not taken to the OR .
On 08-06 , he received 2 units of pRBC and underwent plasmaphersis , followed by 10mg of IVIG .
He received another unit pRBC on 08-07 .
By 08-07 , it was thought there was improvement of his labs .
In the am of 8-08 , he was given 1 unit pRBC for a Hct of 21.8 .
His Hct was stable on 08-09 at 24.4 ; he had plasmapheresis on 08-09 ( followed by 10 mg IVIG ).
He was transfered to the floor on 08-09 .
On 08-10 , his am Hct was 21.9 , hence , he received 1 unit pRBC .
On 08-10 class I and II antibody levels were sent .
He had plasmapheresis on 08-11 , followed by 10 mg IVIG .
This was repeated on 08-13 .
Hct remained stable .
On 08-15 , he went for pheresis / IVIG .
No new issues .
LLQ pain has improved over the course of this hospitalization .
He is eating and ambulating w/o difficulties .
Pheresis to continue as an outpatient with supervision of transplant nephrology on 08-17 , 08-20 and 08-22 .
Prograf was increased to 12 mg bid on 08-16 for a trough level of 7.1 .
He was instructed to have labs drawn on 08-17 to check trough level of prograf as well as cbc , chem 10 , coags .
]]></TEXT>
<TAGS>
<EVENT id="E0" start="1" end="10" text="Admission" modality="FACTUAL" polarity="POS" type="OCCURRENCE" />
<EVENT id="E1" start="29" end="38" text="Discharge" modality="FACTUAL" polarity="POS" type="OCCURRENCE" />
<EVENT id="E2" start="148" end="158" text="discharged" modality="FACTUAL" polarity="POS" type="OCCURRENCE" />
<EVENT id="E3" start="164" end="187" text="Mediplex Rehab Hospital" modality="FACTUAL" polarity="POS" type="CLINICAL_DEPT" />
<EVENT id="E4" start="192" end="200" text="presents" modality="FACTUAL" polarity="POS" type="OCCURRENCE" />
<EVENT id="E5" start="224" end="233" text="complaint" modality="FACTUAL" polarity="POS" type="EVIDENTIAL" />
<EVENT id="E6" start="237" end="251" text="abdominal pain" modality="FACTUAL" polarity="POS" type="PROBLEM" />
<EVENT id="E7" start="267" end="292" text="left-sided abdominal pain" modality="FACTUAL" polarity="POS" type="OCCURRENCE" />
<EVENT id="E8" start="313" end="335" text="a recent kidney biopsy" modality="FACTUAL" polarity="POS" type="PROBLEM" />
<EVENT id="E9" start="391" end="396" text=", HCT" modality="FACTUAL" polarity="POS" type="PROBLEM" />
<EVENT id="E10" start="400" end="409" text="admission" modality="FACTUAL" polarity="POS" type="OCCURRENCE" />
<EVENT id="E11" start="464" end="472" text="admitted" modality="FACTUAL" polarity="POS" type="OCCURRENCE" />
<EVENT id="E12" start="512" end="524" text="the hospital" modality="FACTUAL" polarity="POS" type="OCCURRENCE" />
<EVENT id="E13" start="545" end="570" text="left sided abdominal pain" modality="FACTUAL" polarity="POS" type="OCCURRENCE" />
<EVENT id="E14" start="576" end="594" text="the emergency room" modality="FACTUAL" polarity="POS" type="CLINICAL_DEPT" />
<EVENT id="E15" start="619" end="638" text="his ultrasound showed mild hydronephrosis" modality="FACTUAL" polarity="POS" type="PROBLEM" />
<EVENT id="E16" start="660" end="699" text="fluid surrounding the transplant kidney" modality="FACTUAL" polarity="POS" type="PROBLEM" />
<EVENT id="E17" start="722" end="731" text="a CT scan" modality="FACTUAL" polarity="POS" type="TEST" />
<EVENT id="E18" start="769" end="817" text="showed a large left-sided of retroperitoneal hemorrhage" modality="FACTUAL" polarity="POS" type="PROBLEM" />
<EVENT id="E19" start="859" end="886" text="transplant possibly related" modality="FACTUAL" polarity="POS" type="PROBLEM" />
<EVENT id="E20" start="897" end="914" text="transplant biopsy" modality="FACTUAL" polarity="POS" type="PROBLEM" />
<EVENT id="E21" start="917" end="933" text="Renal transplant" modality="FACTUAL" polarity="POS" type="OCCURRENCE" />
<EVENT id="E22" start="947" end="965" text="transplant surgery" modality="FACTUAL" polarity="POS" type="PROBLEM" />
<EVENT id="E23" start="1009" end="1019" text="transplant" modality="FACTUAL" polarity="POS" type="TREATMENT" />
<EVENT id="E24" start="1032" end="1039" text="the ICU" modality="FACTUAL" polarity="POS" type="CLINICAL_DEPT" />
<EVENT id="E25" start="1042" end="1060" text="Serial hematocrits" modality="FACTUAL" polarity="POS" type="TEST" />
<EVENT id="E26" start="1065" end="1080" text="abdominal exams" modality="FACTUAL" polarity="POS" type="PROBLEM" />
<EVENT id="E27" start="1118" end="1124" text="the OR" modality="FACTUAL" polarity="NEG" type="CLINICAL_DEPT" />
<EVENT id="E28" start="1300" end="1311" text="improvement" modality="FACTUAL" polarity="POS" type="OCCURRENCE" />
<EVENT id="E29" start="1315" end="1323" text="his labs" modality="FACTUAL" polarity="POS" type="PROBLEM" />
<EVENT id="E30" start="1375" end="1380" text="a Hct" modality="FACTUAL" polarity="POS" type="PROBLEM" />
<EVENT id="E31" start="1391" end="1398" text="His Hct" modality="FACTUAL" polarity="POS" type="TEST" />
<EVENT id="E32" start="1495" end="1505" text="transfered" modality="FACTUAL" polarity="POS" type="OCCURRENCE" />
<EVENT id="E33" start="1509" end="1518" text="the floor" modality="FACTUAL" polarity="POS" type="CLINICAL_DEPT" />
<EVENT id="E34" start="1548" end="1551" text="Hct" modality="FACTUAL" polarity="POS" type="TEST" />
<EVENT id="E35" start="1606" end="1613" text="class I" modality="FACTUAL" polarity="POS" type="PROBLEM" />
<EVENT id="E36" start="1621" end="1636" text="antibody levels" modality="FACTUAL" polarity="POS" type="PROBLEM" />
<EVENT id="E37" start="1736" end="1755" text="Hct remained stable" modality="FACTUAL" polarity="POS" type="EVIDENTIAL" />
<EVENT id="E38" start="1819" end="1823" text="pain" modality="FACTUAL" polarity="POS" type="PROBLEM" />
<EVENT id="E39" start="1856" end="1876" text="this hospitalization" modality="FACTUAL" polarity="POS" type="OCCURRENCE" />
<EVENT id="E40" start="1885" end="1891" text="eating" modality="FACTUAL" polarity="POS" type="OCCURRENCE" />
<EVENT id="E41" start="1896" end="1906" text="ambulating" modality="FACTUAL" polarity="POS" type="OCCURRENCE" />
<EVENT id="E42" start="1911" end="1923" text="difficulties" modality="FACTUAL" polarity="POS" type="PROBLEM" />
<EVENT id="E43" start="2035" end="2042" text="Prograf" modality="FACTUAL" polarity="POS" type="TREATMENT" />
<EVENT id="E44" start="2047" end="2056" text="increased" modality="FACTUAL" polarity="POS" type="PROBLEM" />
<EVENT id="E45" start="2133" end="2137" text="labs" modality="FACTUAL" polarity="POS" type="TEST" />
<SECTIME id="S0" start="18" end="28" text="2018-08-04" type="ADMISSION" dvalue="2018-08-04" />
<SECTIME id="S1" start="46" end="56" text="2018-08-16" type="DISCHARGE" dvalue="2018-08-16" />
<TIMEX3 id="T0" start="18" end="28" text="2018-08-04" type="DATE" val="2018-08-04" mod="NA" />
<TIMEX3 id="T1" start="46" end="56" text="2018-08-16" type="DATE" val="2018-08-16" mod="NA" />
<TIMEX3 id="T2" start="339" end="349" text="2018-07-30" type="DATE" val="2018-07-30" mod="NA" />
<TIMEX3 id="T3" start="476" end="481" text="08-04" type="DATE" val="2018-08-04" mod="NA" />
<TIMEX3 id="T4" start="1130" end="1135" text="08-06" type="DATE" val="2018-08-06" mod="NA" />
<TIMEX3 id="T5" start="1256" end="1261" text="08-07" type="DATE" val="2018-08-07" mod="NA" />
<TIMEX3 id="T6" start="1375" end="1378" text="a H" type="DURATION" val="" mod="NA" />
<TIMEX3 id="T7" start="1413" end="1418" text="08-09" type="DATE" val="2018-08-09" mod="NA" />
<TIMEX3 id="T8" start="1454" end="1459" text="08-09" type="DATE" val="2018-08-09" mod="NA" />
<TIMEX3 id="T9" start="1522" end="1527" text="08-09" type="DATE" val="2018-08-09" mod="NA" />
<TIMEX3 id="T10" start="1533" end="1538" text="08-10" type="DATE" val="2018-08-10" mod="NA" />
<TIMEX3 id="T11" start="1600" end="1605" text="08-10" type="DATE" val="2018-08-10" mod="NA" />
<TIMEX3 id="T12" start="1674" end="1679" text="08-11" type="DATE" val="2018-08-11" mod="NA" />
<TIMEX3 id="T13" start="1728" end="1733" text="08-13" type="DATE" val="2018-08-13" mod="NA" />
<TIMEX3 id="T14" start="1761" end="1766" text="08-15" type="DATE" val="2018-08-15" mod="NA" />
<TIMEX3 id="T15" start="2009" end="2014" text="08-17" type="DATE" val="2017-08-17" mod="NA" />
<TIMEX3 id="T16" start="2066" end="2069" text="bid" type="FREQUENCY" val="RPT12H" mod="NA" />
<TIMEX3 id="T17" start="2073" end="2078" text="08-16" type="DATE" val="2018-08-16" mod="NA" />
<TIMEX3 id="T18" start="2147" end="2152" text="08-17" type="DATE" val="2017-08-17" mod="NA" />
</TAGS>
</ClinicalNarrativeTemporalAnnotation>