<?xml version="1.0" encoding="UTF-8" ?>
<ClinicalNarrativeTemporalAnnotation>
<TEXT><![CDATA[
Admission Date :
03/13/2006
Discharge Date :
03/19/2006
Service :
MED
HPI :
75 y / o F with DM , COPD on 2L NC and Bipap at night p / w generalized weakness and fatigue , urinary incontinence and shaking as well as increased sputum production .
Per daughter these symptoms are typical of COPD flare .
ROS otherwise negative .
Admission Status :
ED :
REc&apos;d duonebs , solumedrol 125
Vitals :
t97.5 , hr 117 , bp156/81 , rr28 , o2 sats 87% RA ; 95% 4L
Exam :
NAD , pleasant , speaking in complete sentences , poor air movement bilaterally , L &gt; R , no wheezes or rales , rrr , distant , abd benign , no edema , alert and oriented times three , no focal deficits , conversant Studies :
- EKG sinus 92 , no ST changes
- CXR no focal consolidation or edema , old biapical scarring ABG 7.34/79/74 U / A negative
Daily Status :
improving , but still poor air movement , diffusely wheezy on exam , at baseline 2L o2 requirement
A / P :
75 y / o F with h / o COPD c / b frequent exacerbations p / w typical flare symptoms .
Problem List :
CV - Ischemia ASA , lisinopril Pump no evidence of failure
Rhythm Resp - COPD
flare - steroids , cont prednisone 60 , taper slowly as tolerated , duonebs , advair , singulair , spiriva , claritin azithromycin for atypical bronchitis to complete a 5 day course , keep o2 sat 90-94 , home nocturnal CPAP not tolerated in house , does well on nc , appears ato be at baseline
Renal -
Cr 0.8 , stress incontinence by symptoms with increased cough , no evidence of uti , cont to closely monitor
GI - Bowel regimen
Heme - Chronic Fe deficiency anemia , cont iron
Endo - DM on insulin with steroids
ID - afebrile , no wbc , started on Azithromycin for COPD flare
FEN - ADA diet
PPx - Lovenox , PPI
Dispo - to rehab when resp status improved , PT consulted
Code - FC
ADDITIONAL COMMENTS :
DISCHARGE CONDITION :
Stable
TO DO / PLAN :
f / u with PCP and Dr. Pump as scheduled , return to ED with worsening sob or increased cough or sputum production
]]></TEXT>
<TAGS>
<EVENT id="E0" start="1" end="10" text="Admission" modality="FACTUAL" polarity="POS" type="OCCURRENCE" />
<EVENT id="E1" start="29" end="38" text="Discharge" modality="FACTUAL" polarity="POS" type="OCCURRENCE" />
<EVENT id="E2" start="93" end="95" text="DM" modality="FACTUAL" polarity="POS" type="PROBLEM" />
<EVENT id="E3" start="98" end="102" text="COPD" modality="FACTUAL" polarity="POS" type="PROBLEM" />
<EVENT id="E4" start="137" end="157" text="generalized weakness" modality="FACTUAL" polarity="POS" type="PROBLEM" />
<EVENT id="E5" start="162" end="169" text="fatigue" modality="FACTUAL" polarity="POS" type="PROBLEM" />
<EVENT id="E6" start="172" end="204" text="urinary incontinence and shaking" modality="FACTUAL" polarity="POS" type="OCCURRENCE" />
<EVENT id="E7" start="216" end="243" text="increased sputum production" modality="FACTUAL" polarity="POS" type="TREATMENT" />
<EVENT id="E8" start="259" end="273" text="these symptoms" modality="FACTUAL" polarity="POS" type="PROBLEM" />
<EVENT id="E9" start="289" end="299" text="COPD flare" modality="FACTUAL" polarity="POS" type="OCCURRENCE" />
<EVENT id="E10" start="327" end="336" text="Admission" modality="FACTUAL" polarity="POS" type="OCCURRENCE" />
<EVENT id="E11" start="346" end="348" text="ED" modality="FACTUAL" polarity="POS" type="PROBLEM" />
<EVENT id="E12" start="512" end="529" text="poor air movement" modality="FACTUAL" polarity="POS" type="PROBLEM" />
<EVENT id="E13" start="569" end="574" text="rales" modality="FACTUAL" polarity="NEG" type="PROBLEM" />
<EVENT id="E14" start="597" end="603" text="benign" modality="FACTUAL" polarity="NEG" type="TEST" />
<EVENT id="E15" start="609" end="614" text="edema" modality="FACTUAL" polarity="NEG" type="PROBLEM" />
<EVENT id="E16" start="617" end="622" text="alert" modality="FACTUAL" polarity="NEG" type="OCCURRENCE" />
<EVENT id="E17" start="627" end="647" text="oriented times three" modality="FACTUAL" polarity="NEG" type="PROBLEM" />
<EVENT id="E18" start="653" end="667" text="focal deficits" modality="FACTUAL" polarity="NEG" type="PROBLEM" />
<EVENT id="E19" start="693" end="696" text="EKG" modality="FACTUAL" polarity="POS" type="TEST" />
<EVENT id="E20" start="711" end="721" text="ST changes" modality="FACTUAL" polarity="NEG" type="PROBLEM" />
<EVENT id="E21" start="724" end="727" text="CXR" modality="FACTUAL" polarity="POS" type="TEST" />
<EVENT id="E22" start="737" end="750" text="consolidation" modality="FACTUAL" polarity="NEG" type="PROBLEM" />
<EVENT id="E23" start="754" end="759" text="edema" modality="FACTUAL" polarity="NEG" type="PROBLEM" />
<EVENT id="E24" start="829" end="838" text="improving" modality="FACTUAL" polarity="POS" type="OCCURRENCE" />
<EVENT id="E25" start="851" end="868" text="poor air movement" modality="FACTUAL" polarity="POS" type="PROBLEM" />
<EVENT id="E26" start="891" end="895" text="exam" modality="FACTUAL" polarity="POS" type="TEST" />
<EVENT id="E27" start="958" end="962" text="COPD" modality="FACTUAL" polarity="POS" type="PROBLEM" />
<EVENT id="E28" start="1006" end="1020" text="flare symptoms" modality="FACTUAL" polarity="POS" type="PROBLEM" />
<EVENT id="E29" start="1052" end="1055" text="ASA" modality="FACTUAL" polarity="POS" type="TREATMENT" />
<EVENT id="E30" start="1058" end="1068" text="lisinopril" modality="FACTUAL" polarity="POS" type="TREATMENT" />
<EVENT id="E31" start="1097" end="1115" text="failure Rhythm Resp - COPD" modality="FACTUAL" polarity="POS" type="PROBLEM" />
<EVENT id="E32" start="1124" end="1132" text="steroids" modality="FACTUAL" polarity="POS" type="TREATMENT" />
<EVENT id="E33" start="1140" end="1150" text="prednisone" modality="FACTUAL" polarity="POS" type="TREATMENT" />
<EVENT id="E34" start="1234" end="1246" text="azithromycin" modality="FACTUAL" polarity="POS" type="TREATMENT" />
<EVENT id="E35" start="1260" end="1270" text="bronchitis" modality="FACTUAL" polarity="POS" type="PROBLEM" />
<EVENT id="E36" start="1320" end="1362" text="home nocturnal CPAP not tolerated in house" modality="FACTUAL" polarity="POS" type="PROBLEM" />
<EVENT id="E37" start="1410" end="1417" text="Renal -" modality="FACTUAL" polarity="POS" type="PROBLEM" />
<EVENT id="E38" start="1427" end="1446" text="stress incontinence" modality="FACTUAL" polarity="POS" type="PROBLEM" />
<EVENT id="E39" start="1464" end="1479" text="increased cough" modality="FACTUAL" polarity="POS" type="OCCURRENCE" />
<EVENT id="E40" start="1511" end="1526" text="closely monitor" modality="FACTUAL" polarity="NEG" type="PROBLEM" />
<EVENT id="E41" start="1564" end="1581" text="deficiency anemia" modality="FACTUAL" polarity="POS" type="PROBLEM" />
<EVENT id="E42" start="1589" end="1600" text="iron Endo -" modality="FACTUAL" polarity="POS" type="TREATMENT" />
<EVENT id="E43" start="1607" end="1628" text="insulin with steroids" modality="FACTUAL" polarity="POS" type="TREATMENT" />
<EVENT id="E44" start="1634" end="1642" text="afebrile" modality="FACTUAL" polarity="POS" type="PROBLEM" />
<EVENT id="E45" start="1648" end="1651" text="wbc" modality="FACTUAL" polarity="NEG" type="PROBLEM" />
<EVENT id="E46" start="1665" end="1677" text="Azithromycin" modality="FACTUAL" polarity="NEG" type="TREATMENT" />
<EVENT id="E47" start="1682" end="1692" text="COPD flare" modality="FACTUAL" polarity="NEG" type="OCCURRENCE" />
<EVENT id="E48" start="1708" end="1711" text="ADA diet PPx" modality="FACTUAL" polarity="POS" type="PROBLEM" />
<EVENT id="E49" start="1714" end="1721" text="Lovenox" modality="FACTUAL" polarity="POS" type="TREATMENT" />
<EVENT id="E50" start="1724" end="1727" text="PPI" modality="FACTUAL" polarity="POS" type="TREATMENT" />
<EVENT id="E51" start="1739" end="1744" text="rehab" modality="FACTUAL" polarity="POS" type="TREATMENT" />
<EVENT id="E52" start="1773" end="1785" text="PT consulted" modality="FACTUAL" polarity="POS" type="PROBLEM" />
<EVENT id="E53" start="1840" end="1846" text="Stable" modality="FACTUAL" polarity="POS" type="OCCURRENCE" />
<EVENT id="E54" start="1893" end="1902" text="scheduled" modality="FACTUAL" polarity="POS" type="OCCURRENCE" />
<EVENT id="E55" start="1923" end="1936" text="worsening sob" modality="FACTUAL" polarity="POS" type="OCCURRENCE" />
<EVENT id="E56" start="1940" end="1955" text="increased cough" modality="FACTUAL" polarity="POS" type="OCCURRENCE" />
<SECTIME id="S0" start="18" end="28" text="03/13/2006" type="ADMISSION" dvalue="2006-03-13" />
<SECTIME id="S1" start="46" end="56" text="03/19/2006" type="DISCHARGE" dvalue="2006-03-19" />
<TIMEX3 id="T0" start="18" end="28" text="03/13/2006" type="DATE" val="2006-03-13" mod="NA" />
<TIMEX3 id="T1" start="46" end="56" text="03/19/2006" type="DATE" val="2006-03-19" mod="NA" />
<TIMEX3 id="T2" start="636" end="647" text="times three" type="FREQUENCY" val="R3" mod="NA" />
<TIMEX3 id="T3" start="1283" end="1290" text="a 5 day" type="DURATION" val="P5D" mod="NA" />
</TAGS>
</ClinicalNarrativeTemporalAnnotation>