<?xml version="1.0" encoding="UTF-8" ?>
<ClinicalNarrativeTemporalAnnotation>
<TEXT><![CDATA[
Admission Date :
06/09/1998
Discharge Date :
06/12/1998
HISTORY OF PRESENT ILLNESS :
The patient is an 82 year-old right handed gentleman who has a past medical history of hypertension and tobacco use presented to the emergency room with acute change in mental status .
He was well until the evening prior to presentation to the emergency room when he complained of headache across the forehead .
On the day of presentation , he was then found by his daughter lying on his bed groaning , being relatively unresponsive and unable to speak .
The family reported one episode of vomiting at home .
HOSPITAL COURSE :
The patient was admitted to a telemetry bed and started on heparin .
Around 4:00 AM the next day , an acute decompensation in respiratory status was noted .
Lung examination at that point showed good air entry , no wheezing , coarse breath sounds throughout .
Neurologically , the patient was not following commands .
Eyes were closed .
He was moving the right arm and leg spontaneously , though less than before .
Withdrawal to pain was still present .
Both plantars were upgoing .
A blood gas at this point showed a pH of 7.49 , pO2 61 , pCO2 of 33 on 100% non-rebreather mask .
EKG showed sinus tachycardia .
The patient &apos;s temperature was 102 degrees .
A repeat CAT scan of the head was performed .
This showed continued evolution of the right posterior cerebral artery infarction now extending into the right cerebellar hemisphere .
There was also a high density adjacent to the right cerebellar infarction suggesting the presence of hemorrhage .
At this point , the patient was transferred to the intensive care unit .
An MRI and MRA of the head was arranged to evaluate the extent of his stroke and the posterior circulation .
The MRI showed infarct of the cerebellar hemispheres bilaterally , the right occipital lobe , the right thalamus and bilateral pons .
The MRA of the intracranial circulation demonstrated gross patency of the internal carotid arteries bilaterally and the basilar arteries .
The left vertebral artery was not visualized .
There was a dominant right vertebral artery .
There was mildly reduced flow in the branches of the right middle cerebral artery compared to the left .
There was visualization of flow within both posterior cerebral arteries .
Clinically , the patient continued to deteriorate .
Neurosurgery was consulted , however the neurosurgeons felt that there was no surgical option , since even in the case of cerebellar swelling , there would be no improvement from decompensation .
The patient was therefore treated conservatively with fluid restriction and blood pressure management .
Heparin was discontinued because of the risk of intercerebral hemorrhage .
The aspiration pneumonia was treated with Cefotaxime and Metronidazole .
The patient &apos;s family was involved and they decided to opt for DNR / DNI in view of the poor prognosis .
The patient passed away at 6:45 AM on June 12 , 1998 .
]]></TEXT>
<TAGS>
<EVENT id="E0" start="1" end="10" text="Admission" modality="FACTUAL" polarity="POS" type="OCCURRENCE" />
<EVENT id="E1" start="29" end="38" text="Discharge" modality="FACTUAL" polarity="POS" type="OCCURRENCE" />
<EVENT id="E2" start="173" end="185" text="hypertension" modality="FACTUAL" polarity="POS" type="PROBLEM" />
<EVENT id="E3" start="190" end="211" text="tobacco use presented" modality="FACTUAL" polarity="POS" type="PROBLEM" />
<EVENT id="E4" start="215" end="233" text="the emergency room" modality="FACTUAL" polarity="POS" type="CLINICAL_DEPT" />
<EVENT id="E5" start="239" end="268" text="acute change in mental status" modality="FACTUAL" polarity="POS" type="PROBLEM" />
<EVENT id="E6" start="326" end="344" text="the emergency room" modality="FACTUAL" polarity="POS" type="CLINICAL_DEPT" />
<EVENT id="E7" start="353" end="363" text="complained" modality="FACTUAL" polarity="POS" type="EVIDENTIAL" />
<EVENT id="E8" start="367" end="375" text="headache" modality="FACTUAL" polarity="POS" type="PROBLEM" />
<EVENT id="E9" start="506" end="518" text="unresponsive" modality="FACTUAL" polarity="POS" type="PROBLEM" />
<EVENT id="E10" start="576" end="584" text="vomiting" modality="FACTUAL" polarity="POS" type="PROBLEM" />
<EVENT id="E11" start="629" end="637" text="admitted" modality="FACTUAL" polarity="POS" type="OCCURRENCE" />
<EVENT id="E12" start="641" end="656" text="a telemetry bed" modality="FACTUAL" polarity="POS" type="OCCURRENCE" />
<EVENT id="E13" start="672" end="679" text="heparin" modality="FACTUAL" polarity="POS" type="TREATMENT" />
<EVENT id="E14" start="739" end="757" text="respiratory status" modality="FACTUAL" polarity="POS" type="TEST" />
<EVENT id="E15" start="770" end="786" text="Lung examination" modality="FACTUAL" polarity="POS" type="PROBLEM" />
<EVENT id="E16" start="801" end="812" text="showed good" modality="FACTUAL" polarity="POS" type="PROBLEM" />
<EVENT id="E17" start="828" end="836" text="wheezing" modality="FACTUAL" polarity="NEG" type="PROBLEM" />
<EVENT id="E18" start="839" end="859" text="coarse breath sounds" modality="FACTUAL" polarity="NEG" type="CLINICAL_DEPT" />
<EVENT id="E19" start="910" end="928" text="following commands" modality="FACTUAL" polarity="NEG" type="PROBLEM" />
<EVENT id="E20" start="1042" end="1046" text="pain" modality="FACTUAL" polarity="POS" type="PROBLEM" />
<EVENT id="E21" start="1096" end="1107" text="A blood gas" modality="FACTUAL" polarity="POS" type="TREATMENT" />
<EVENT id="E22" start="1129" end="1133" text="showed a pH" modality="FACTUAL" polarity="POS" type="PROBLEM" />
<EVENT id="E23" start="1144" end="1147" text="pO2" modality="FACTUAL" polarity="POS" type="TEST" />
<EVENT id="E24" start="1153" end="1157" text="pCO2" modality="FACTUAL" polarity="POS" type="TEST" />
<EVENT id="E25" start="1167" end="1191" text="100% non-rebreather mask" modality="FACTUAL" polarity="POS" type="TREATMENT" />
<EVENT id="E26" start="1205" end="1222" text="EKG showed sinus tachycardia" modality="FACTUAL" polarity="POS" type="PROBLEM" />
<EVENT id="E27" start="1225" end="1256" text="The patient &apos;s temperature" modality="FACTUAL" polarity="POS" type="PROBLEM" />
<EVENT id="E28" start="1275" end="1304" text="A repeat CAT scan of the head" modality="FACTUAL" polarity="POS" type="PROBLEM" />
<EVENT id="E29" start="1360" end="1402" text="right posterior cerebral artery infarction" modality="FACTUAL" polarity="POS" type="PROBLEM" />
<EVENT id="E30" start="1519" end="1529" text="infarction" modality="FACTUAL" polarity="POS" type="PROBLEM" />
<EVENT id="E31" start="1554" end="1567" text="of hemorrhage" modality="FACTUAL" polarity="POS" type="PROBLEM" />
<EVENT id="E32" start="1602" end="1613" text="transferred" modality="FACTUAL" polarity="POS" type="OCCURRENCE" />
<EVENT id="E33" start="1617" end="1640" text="the intensive care unit" modality="FACTUAL" polarity="POS" type="CLINICAL_DEPT" />
<EVENT id="E34" start="1643" end="1657" text="An MRI and MRA" modality="FACTUAL" polarity="POS" type="PROBLEM" />
<EVENT id="E35" start="1709" end="1719" text="his stroke" modality="FACTUAL" polarity="POS" type="PROBLEM" />
<EVENT id="E36" start="1724" end="1749" text="the posterior circulation" modality="FACTUAL" polarity="POS" type="PROBLEM" />
<EVENT id="E37" start="1760" end="1816" text="The MRI showed infarct of the cerebellar hemispheres bilaterally" modality="FACTUAL" polarity="POS" type="PROBLEM" />
<EVENT id="E38" start="1890" end="1938" text="MRA of the intracranial circulation demonstrated" modality="FACTUAL" polarity="POS" type="PROBLEM" />
<EVENT id="E39" start="2082" end="2115" text="a dominant right vertebral artery" modality="FACTUAL" polarity="POS" type="PROBLEM" />
<EVENT id="E40" start="2135" end="2147" text="reduced flow" modality="FACTUAL" polarity="POS" type="PROBLEM" />
<EVENT id="E41" start="2366" end="2375" text="consulted" modality="FACTUAL" polarity="POS" type="OCCURRENCE" />
<EVENT id="E42" start="2482" end="2490" text="swelling" modality="FACTUAL" polarity="NEG" type="PROBLEM" />
<EVENT id="E43" start="2511" end="2522" text="improvement" modality="FACTUAL" polarity="NEG" type="OCCURRENCE" />
<EVENT id="E44" start="2571" end="2593" text="treated conservatively" modality="FACTUAL" polarity="POS" type="TREATMENT" />
<EVENT id="E45" start="2599" end="2616" text="fluid restriction" modality="FACTUAL" polarity="POS" type="TREATMENT" />
<EVENT id="E46" start="2621" end="2646" text="blood pressure management" modality="FACTUAL" polarity="POS" type="PROBLEM" />
<EVENT id="E47" start="2649" end="2656" text="Heparin" modality="FACTUAL" polarity="POS" type="TREATMENT" />
<EVENT id="E48" start="2711" end="2721" text="hemorrhage" modality="FACTUAL" polarity="POS" type="PROBLEM" />
<EVENT id="E49" start="2724" end="2748" text="The aspiration pneumonia" modality="FACTUAL" polarity="POS" type="PROBLEM" />
<EVENT id="E50" start="2919" end="2930" text="passed away" modality="FACTUAL" polarity="POS" type="PROBLEM" />
<SECTIME id="S0" start="18" end="28" text="06/09/1998" type="ADMISSION" dvalue="1998-06-09" />
<SECTIME id="S1" start="46" end="56" text="06/12/1998" type="DISCHARGE" dvalue="1998-06-12" />
<TIMEX3 id="T0" start="18" end="28" text="06/09/1998" type="DATE" val="1998-06-09" mod="NA" />
<TIMEX3 id="T1" start="46" end="56" text="06/12/1998" type="DATE" val="1998-06-12" mod="NA" />
<TIMEX3 id="T2" start="289" end="300" text="the evening" type="DATE" val="1998-06-09" mod="END" />
<TIMEX3 id="T3" start="561" end="572" text="one episode" type="FREQUENCY" val="R1" mod="NA" />
<TIMEX3 id="T4" start="689" end="709" text="4:00 AM the next day" type="TIME" val="1998-06-13T04:00" mod="NA" />
<TIMEX3 id="T5" start="2934" end="2959" text="6:45 AM on June 12 , 1998" type="TIME" val="1998-06-12T06:45" mod="NA" />
</TAGS>
</ClinicalNarrativeTemporalAnnotation>