<?xml version="1.0" encoding="UTF-8" ?>
<ClinicalNarrativeTemporalAnnotation>
<TEXT><![CDATA[
Admission Date :
10/22/2000
Discharge Date :
11/17/2000
HISTORY OF PRESENT ILLNESS :
The patient is a 47-year-old man with advanced stage chronic lymphocytic leukemia who was admitted for autologous bone marrow transplant as per protocol 94-055 of the Santusli Hospital .
The patient was originally diagnosed in 06/98 during a routine physical when he was noted to have a white blood cell count of 20,000 , weight loss , and swelling in his neck and groin .
He was watched after his initial diagnosis , but six months later he developed rapidly increasing leukocytosis and he became more symptomatic .
After treatment with three cycles of fludarabine he had 90% involvement of his intratrabecular space .
He was therefore treated with three cycles of fludarabine in combination with cytoxan .
After this therapy he achieved a protocol eligible minimal disease state .
However , he did have relative pancytopenia following this therapy .
He was taken to bone marrow harvest in 08/22 at which time insufficient cells were obtained to proceed .
He was returned previous to this admission for repeat bone marrow harvest and at that time he was given Neupogen prior to his harvest , and sufficient cells were not obtained to proceed with autologous bone marrow transplantation .
His most recent bone marrow biopsy revealed less than 5% of intratrabecular space involvement .
Recent CT scan showed no significant lymphadenopathy .
The spleen was within normal limits .
HOSPITAL COURSE :
1 ) Oncology :
The patient was admitted on 10/22/00 and received cytoxan and total body irradiation per protocol .
Autologous bone marrow infusion occurred on 10/29/00 and was uneventful .
His post-transplant course was complicated by pain from mucositis and recalcitrant nausea and vomiting .
The patient did not tolerate antiemetics well and it was subsequently decided to avoid phenothiazides secondary to jitteryness and restless legs .
2 ) Infectious Disease :
The patient remained afebrile until day +11 when he spiked and was started on ceftazidime .
Blood cultures and urine cultures were all negative .
3 ) Heme :
The patient acquired intermittent transfusions for pancytopenia .
4 ) FEN :
The patient was unable to tolerate adequate p.o.&apos;s in the last several days .
He was well nourished so TPN was not started .
I &apos;s and O &apos;s were balanced and maintained with IV fluids .
]]></TEXT>
<TAGS>
<EVENT id="E0" start="1" end="10" text="Admission" modality="FACTUAL" polarity="POS" type="OCCURRENCE" />
<EVENT id="E1" start="29" end="38" text="Discharge" modality="FACTUAL" polarity="POS" type="OCCURRENCE" />
<EVENT id="E2" start="124" end="167" text="advanced stage chronic lymphocytic leukemia" modality="FACTUAL" polarity="POS" type="PROBLEM" />
<EVENT id="E3" start="176" end="184" text="admitted" modality="FACTUAL" polarity="POS" type="OCCURRENCE" />
<EVENT id="E4" start="189" end="222" text="autologous bone marrow transplant" modality="FACTUAL" polarity="POS" type="PROBLEM" />
<EVENT id="E5" start="300" end="309" text="diagnosed" modality="FACTUAL" polarity="POS" type="OCCURRENCE" />
<EVENT id="E6" start="326" end="344" text="a routine physical" modality="FACTUAL" polarity="POS" type="PROBLEM" />
<EVENT id="E7" start="357" end="362" text="noted" modality="FACTUAL" polarity="POS" type="OCCURRENCE" />
<EVENT id="E8" start="371" end="395" text="a white blood cell count" modality="FACTUAL" polarity="POS" type="TEST" />
<EVENT id="E9" start="408" end="419" text="weight loss" modality="FACTUAL" polarity="POS" type="PROBLEM" />
<EVENT id="E10" start="422" end="456" text="and swelling in his neck and groin" modality="FACTUAL" polarity="POS" type="PROBLEM" />
<EVENT id="E11" start="466" end="473" text="watched" modality="FACTUAL" polarity="POS" type="OCCURRENCE" />
<EVENT id="E12" start="480" end="501" text="his initial diagnosis" modality="FACTUAL" polarity="POS" type="PROBLEM" />
<EVENT id="E13" start="546" end="569" text="increasing leukocytosis" modality="FACTUAL" polarity="POS" type="PROBLEM" />
<EVENT id="E14" start="589" end="600" text="symptomatic" modality="FACTUAL" polarity="POS" type="PROBLEM" />
<EVENT id="E15" start="609" end="618" text="treatment" modality="FACTUAL" polarity="POS" type="TREATMENT" />
<EVENT id="E16" start="659" end="674" text="90% involvement" modality="FACTUAL" polarity="POS" type="PROBLEM" />
<EVENT id="E17" start="800" end="812" text="this therapy" modality="FACTUAL" polarity="POS" type="PROBLEM" />
<EVENT id="E18" start="853" end="866" text="disease state" modality="FACTUAL" polarity="POS" type="PROBLEM" />
<EVENT id="E19" start="900" end="912" text="pancytopenia" modality="FACTUAL" polarity="POS" type="PROBLEM" />
<EVENT id="E20" start="954" end="973" text="bone marrow harvest" modality="FACTUAL" polarity="POS" type="PROBLEM" />
<EVENT id="E21" start="1071" end="1085" text="this admission" modality="FACTUAL" polarity="POS" type="TREATMENT" />
<EVENT id="E22" start="1090" end="1116" text="repeat bone marrow harvest" modality="FACTUAL" polarity="POS" type="PROBLEM" />
<EVENT id="E23" start="1165" end="1176" text="his harvest" modality="FACTUAL" polarity="POS" type="PROBLEM" />
<EVENT id="E24" start="1234" end="1272" text="autologous bone marrow transplantation" modality="FACTUAL" polarity="NEG" type="PROBLEM" />
<EVENT id="E25" start="1279" end="1309" text="most recent bone marrow biopsy" modality="FACTUAL" polarity="POS" type="PROBLEM" />
<EVENT id="E26" start="1378" end="1385" text="CT scan" modality="FACTUAL" polarity="POS" type="TEST" />
<EVENT id="E27" start="1396" end="1423" text="significant lymphadenopathy" modality="FACTUAL" polarity="NEG" type="PROBLEM" />
<EVENT id="E28" start="1513" end="1521" text="admitted" modality="FACTUAL" polarity="POS" type="OCCURRENCE" />
<EVENT id="E29" start="1559" end="1581" text="total body irradiation" modality="FACTUAL" polarity="POS" type="TREATMENT" />
<EVENT id="E30" start="1717" end="1736" text="pain from mucositis" modality="FACTUAL" polarity="POS" type="OCCURRENCE" />
<EVENT id="E31" start="1754" end="1760" text="nausea" modality="FACTUAL" polarity="POS" type="PROBLEM" />
<EVENT id="E32" start="1765" end="1773" text="vomiting" modality="FACTUAL" polarity="POS" type="PROBLEM" />
<EVENT id="E33" start="1916" end="1920" text="legs" modality="FACTUAL" polarity="POS" type="PROBLEM" />
<EVENT id="E34" start="1969" end="1977" text="afebrile" modality="FACTUAL" polarity="POS" type="PROBLEM" />
<EVENT id="E35" start="2026" end="2037" text="ceftazidime" modality="FACTUAL" polarity="POS" type="TREATMENT" />
<EVENT id="E36" start="2040" end="2054" text="Blood cultures" modality="FACTUAL" polarity="POS" type="TEST" />
<EVENT id="E37" start="2059" end="2073" text="urine cultures" modality="FACTUAL" polarity="POS" type="TEST" />
<EVENT id="E38" start="2139" end="2151" text="transfusions" modality="FACTUAL" polarity="POS" type="TREATMENT" />
<EVENT id="E39" start="2156" end="2168" text="pancytopenia" modality="FACTUAL" polarity="POS" type="PROBLEM" />
<EVENT id="E40" start="2216" end="2236" text="adequate p.o.&apos;s" modality="FACTUAL" polarity="POS" type="EVIDENTIAL" />
<EVENT id="E41" start="2289" end="2292" text="TPN" modality="FACTUAL" polarity="POS" type="TREATMENT" />
<EVENT id="E42" start="2353" end="2363" text="maintained" modality="FACTUAL" polarity="POS" type="TREATMENT" />
<EVENT id="E43" start="2369" end="2378" text="IV fluids" modality="FACTUAL" polarity="POS" type="TREATMENT" />
<SECTIME id="S0" start="18" end="28" text="10/22/2000" type="ADMISSION" dvalue="2000-10-22" />
<SECTIME id="S1" start="46" end="56" text="11/17/2000" type="DISCHARGE" dvalue="2000-11-17" />
<TIMEX3 id="T0" start="18" end="28" text="10/22/2000" type="DATE" val="2000-10-22" mod="NA" />
<TIMEX3 id="T1" start="46" end="56" text="11/17/2000" type="DATE" val="2000-11-17" mod="NA" />
<TIMEX3 id="T2" start="313" end="318" text="06/98" type="DATE" val="1998-06" mod="NA" />
<TIMEX3 id="T3" start="508" end="519" text="six months " type="DURATION" val="P6M" mod="NA" />
<TIMEX3 id="T4" start="977" end="982" text="08/22" type="DATE" val="2000-08-22" mod="NA" />
<TIMEX3 id="T5" start="1124" end="1133" text="that time" type="DATE" val="2000-08-22" mod="NA" />
<TIMEX3 id="T6" start="1525" end="1533" text="10/22/00" type="DATE" val="2000-10-22" mod="NA" />
<TIMEX3 id="T7" start="1641" end="1649" text="10/29/00" type="DATE" val="2000-10-29" mod="NA" />
</TAGS>
</ClinicalNarrativeTemporalAnnotation>