<?xml version="1.0" encoding="UTF-8" ?>
<ClinicalNarrativeTemporalAnnotation>
<TEXT><![CDATA[
Admission Date:
2014-03-31
Discharge Date :
2014-04-01
Service :
CMED
HISTORY :
Baby Alfonso Carroll is a full term infant born at 3.325 kg to a 35-year-old G2 , P1 , now 2 mother .
Prenatal screens - blood type O positive , antibody screen negative , hepatitis B surface antigen negative , RPR nonreactive , rubella immune .
GBS negative .
Maternal history notable for hypothyroidism on Levoxyl .
Primary cesarean section with previous pregnancy for arrest of descent .
Other meds : Paxil .
This pregnancy is complicated by a cyst noted on the umbilical cord on fetal ultrasound study at 18 weeks gestation .
Mother presented in spontaneous labor .
No perineal sepsis risk factors .
No maternal fever .
No prolonged rupture of membranes .
Clear amniotic fluid .
Anesthesia by epidural .
Vaginal delivery .
Apgars were 8 and 9 .
SUMMARY OF HOSPITAL COURSE BY SYSTEMS :
RESPIRATORY : He has been stable in room air throughout hospital course .
CARDIOVASCULAR : No cardiovascular issues .
FLUIDS , ELECTROLYTES AND NUTRITION : Infant initiated on 60 cc per kg per day of D10W .
D-sticks have been stable . Infant is allowed to ad lib breast feed which he is doing vigorously .
GASTROINTESTINAL : Infant is ad lib feeding .
An abdominal ultrasound was performed .
Initial impression included omphalocele with further imaging of the bowel to be done .
Surgery was consulted and Dr. Boston took patient to OR for exploration of cord on 04-01 .
Urachal duct remnanr found , removed and bladder repaired .
Post op course unremrakable .
PAtient began feeding first post op day and has done well .
HEMATOLOGY : Hematocrit on admission was 52.8 .
The infant does not require a new blood transfusion .
INFECTIOUS DISEASE : CBC and blood culture obtained on admission .
Initial CBC had a white count of 20 , platelet count of 386 , 63 polys , 2 bands , 23 lymphs .
Blood cultures remained negative at this time .
Infant has not received any antibiotics .
NEUROLOGIC : Infant has been appropriate for gestational age .
SENSORY : Hearing screen has not yet been performed but should be done prior to discharge .
]]></TEXT>
<TAGS>
<EVENT id="E0" start="1" end="10" text="Admission" modality="FACTUAL" polarity="POS" type="OCCURRENCE" />
<EVENT id="E1" start="28" end="37" text="Discharge" modality="FACTUAL" polarity="POS" type="OCCURRENCE" />
<EVENT id="E2" start="124" end="128" text="born" modality="FACTUAL" polarity="POS" type="TREATMENT" />
<EVENT id="E3" start="161" end="165" text=", P1" modality="FACTUAL" polarity="POS" type="PROBLEM" />
<EVENT id="E4" start="202" end="223" text="blood type O positive" modality="FACTUAL" polarity="POS" type="PROBLEM" />
<EVENT id="E5" start="226" end="234" text="antibody" modality="FACTUAL" polarity="POS" type="TEST" />
<EVENT id="E6" start="253" end="280" text="hepatitis B surface antigen" modality="FACTUAL" polarity="POS" type="TEST" />
<EVENT id="E7" start="292" end="295" text="RPR" modality="FACTUAL" polarity="POS" type="TEST" />
<EVENT id="E8" start="310" end="317" text="rubella" modality="FACTUAL" polarity="POS" type="TEST" />
<EVENT id="E9" start="327" end="330" text="GBS" modality="FACTUAL" polarity="POS" type="TEST" />
<EVENT id="E10" start="371" end="385" text="hypothyroidism" modality="FACTUAL" polarity="POS" type="PROBLEM" />
<EVENT id="E11" start="389" end="396" text="Levoxyl" modality="FACTUAL" polarity="POS" type="TREATMENT" />
<EVENT id="E12" start="407" end="423" text="cesarean section" modality="FACTUAL" polarity="POS" type="TREATMENT" />
<EVENT id="E13" start="448" end="458" text="for arrest" modality="FACTUAL" polarity="POS" type="PROBLEM" />
<EVENT id="E14" start="493" end="507" text="This pregnancy" modality="FACTUAL" polarity="POS" type="OCCURRENCE" />
<EVENT id="E15" start="526" end="538" text="a cyst noted" modality="FACTUAL" polarity="POS" type="PROBLEM" />
<EVENT id="E16" start="570" end="586" text="ultrasound study" modality="FACTUAL" polarity="POS" type="PROBLEM" />
<EVENT id="E17" start="599" end="608" text="gestation" modality="FACTUAL" polarity="POS" type="OCCURRENCE" />
<EVENT id="E18" start="618" end="648" text="presented in spontaneous labor" modality="FACTUAL" polarity="POS" type="PROBLEM" />
<EVENT id="E19" start="688" end="702" text="maternal fever" modality="FACTUAL" polarity="NEG" type="PROBLEM" />
<EVENT id="E20" start="708" end="738" text="prolonged rupture of membranes" modality="FACTUAL" polarity="NEG" type="PROBLEM" />
<EVENT id="E21" start="778" end="786" text="epidural" modality="FACTUAL" polarity="POS" type="PROBLEM" />
<EVENT id="E22" start="797" end="805" text="delivery" modality="FACTUAL" polarity="POS" type="TREATMENT" />
<EVENT id="E23" start="808" end="814" text="Apgars" modality="FACTUAL" polarity="POS" type="TEST" />
<EVENT id="E24" start="896" end="902" text="stable" modality="FACTUAL" polarity="POS" type="OCCURRENCE" />
<EVENT id="E25" start="1070" end="1074" text="D10W" modality="FACTUAL" polarity="POS" type="TREATMENT" />
<EVENT id="E26" start="1096" end="1102" text="stable" modality="FACTUAL" polarity="POS" type="OCCURRENCE" />
<EVENT id="E27" start="1176" end="1192" text="GASTROINTESTINAL" modality="FACTUAL" polarity="POS" type="PROBLEM" />
<EVENT id="E28" start="1222" end="1245" text="An abdominal ultrasound" modality="FACTUAL" polarity="POS" type="TEST" />
<EVENT id="E29" start="1315" end="1322" text="imaging" modality="FACTUAL" polarity="POS" type="TEST" />
<EVENT id="E30" start="1361" end="1370" text="consulted" modality="FACTUAL" polarity="POS" type="OCCURRENCE" />
<EVENT id="E31" start="1409" end="1420" text="exploration" modality="FACTUAL" polarity="POS" type="PROBLEM" />
<EVENT id="E32" start="1461" end="1466" text="found" modality="FACTUAL" polarity="POS" type="OCCURRENCE" />
<EVENT id="E33" start="1469" end="1476" text="removed" modality="FACTUAL" polarity="POS" type="TREATMENT" />
<EVENT id="E34" start="1489" end="1497" text="repaired" modality="FACTUAL" polarity="POS" type="TREATMENT" />
<EVENT id="E35" start="1583" end="1587" text="well" modality="FACTUAL" polarity="POS" type="OCCURRENCE" />
<EVENT id="E36" start="1590" end="1613" text="HEMATOLOGY : Hematocrit" modality="FACTUAL" polarity="POS" type="OCCURRENCE" />
<EVENT id="E37" start="1672" end="1689" text="blood transfusion" modality="FACTUAL" polarity="NEG" type="TREATMENT" />
<EVENT id="E38" start="1713" end="1716" text="CBC" modality="FACTUAL" polarity="POS" type="TEST" />
<EVENT id="E39" start="1721" end="1734" text="blood culture" modality="FACTUAL" polarity="POS" type="TEST" />
<EVENT id="E40" start="1747" end="1756" text="admission" modality="FACTUAL" polarity="POS" type="OCCURRENCE" />
<EVENT id="E41" start="1775" end="1788" text="a white count" modality="FACTUAL" polarity="POS" type="TEST" />
<EVENT id="E42" start="1795" end="1811" text=", platelet count" modality="FACTUAL" polarity="POS" type="PROBLEM" />
<EVENT id="E43" start="1824" end="1829" text="polys" modality="FACTUAL" polarity="POS" type="PROBLEM" />
<EVENT id="E44" start="1832" end="1839" text="2 bands" modality="FACTUAL" polarity="POS" type="PROBLEM" />
<EVENT id="E45" start="1845" end="1851" text="lymphs" modality="FACTUAL" polarity="POS" type="TEST" />
<EVENT id="E46" start="1854" end="1868" text="Blood cultures" modality="FACTUAL" polarity="POS" type="TEST" />
<EVENT id="E47" start="1926" end="1941" text="any antibiotics" modality="FACTUAL" polarity="NEG" type="PROBLEM" />
<EVENT id="E48" start="1985" end="2004" text="for gestational age" modality="FACTUAL" polarity="POS" type="PROBLEM" />
<EVENT id="E49" start="2007" end="2031" text="SENSORY : Hearing screen" modality="FACTUAL" polarity="POS" type="EVIDENTIAL" />
<SECTIME id="S0" start="17" end="27" text="2014-03-31" type="ADMISSION" dvalue="2014-03-31" />
<SECTIME id="S1" start="45" end="55" text="2014-04-01" type="DISCHARGE" dvalue="2014-04-01" />
<TIMEX3 id="T0" start="17" end="27" text="2014-03-31" type="DATE" val="2014-03-31" mod="NA" />
<TIMEX3 id="T1" start="45" end="55" text="2014-04-01" type="DATE" val="2014-04-01" mod="NA" />
<TIMEX3 id="T2" start="590" end="598" text="18 weeks" type="DURATION" val="P18W" mod="NA" />
<TIMEX3 id="T3" start="1059" end="1066" text="per day" type="FREQUENCY" val="RP1D" mod="NA" />
<TIMEX3 id="T4" start="1126" end="1132" text="ad lib" type="FREQUENCY" val="R" mod="NA" />
<TIMEX3 id="T5" start="1205" end="1211" text="ad lib" type="FREQUENCY" val="R" mod="NA" />
<TIMEX3 id="T6" start="1432" end="1437" text="04-01" type="DATE" val="2014-04-01" mod="NA" />
<TIMEX3 id="T7" start="1890" end="1899" text="this time" type="DATE" val="2014-03-31" mod="NA" />
</TAGS>
</ClinicalNarrativeTemporalAnnotation>