<?xml version="1.0" encoding="UTF-8" ?>
<ClinicalNarrativeTemporalAnnotation>
<TEXT><![CDATA[
Admission Date :
2017-06-13
Discharge Date :
2017-06-17
Service :
CARDIOTHORACIC
History of Present Illness :
61 yo African-American-Hispanic male had abnormal EKG found as part of pre-op eval. for ventral hernia repair .
Had subsequent abnormal stress test and pefusion imaging showed EF 38% with perfusion defects .
Echo prior to scheduled cath showed mild LVH , inferior HK , EF 40% , mild MR , mild LAE .
Cath at Kindred/North Shore today showed 80% LM lesion with normal LAD , CX , RCA .
Severe systolic HTN also noted .
Transferred in urgently for cabg with Dr. Howard .
Brief Hospital Course:
Admitted directly to OR from ambulance transfer and underwent cabg x3 with Dr. Howard on 06-13 .
Transferred to the CSRU in stable condition on phenylephrine and propofol drips .
Extubated early the next morning and chest tubes removed .
Gentle diuresis and beta blockade started , and he was transferred to the floor to begin increasing his activity level .
Foley removed on POD #2 and had scattered rales with temp 101.2 .
Afebrile the next day and pacing wires removed without incident .
He made excellent progress and was discharged to home with VNA services on POD #4 .
He is to follow up with providers as per discharge instructions .
]]></TEXT>
<TAGS>
<EVENT id="E0" start="1" end="10" text="Admission" modality="FACTUAL" polarity="POS" type="OCCURRENCE" />
<EVENT id="E1" start="29" end="38" text="Discharge" modality="FACTUAL" polarity="POS" type="OCCURRENCE" />
<EVENT id="E2" start="161" end="170" text="EKG found" modality="FACTUAL" polarity="POS" type="OCCURRENCE" />
<EVENT id="E3" start="199" end="220" text="ventral hernia repair" modality="FACTUAL" polarity="POS" type="TREATMENT" />
<EVENT id="E4" start="227" end="258" text="subsequent abnormal stress test" modality="FACTUAL" polarity="POS" type="PROBLEM" />
<EVENT id="E5" start="272" end="286" text="imaging showed" modality="FACTUAL" polarity="POS" type="PROBLEM" />
<EVENT id="E6" start="319" end="323" text="Echo" modality="FACTUAL" polarity="POS" type="TEST" />
<EVENT id="E7" start="348" end="363" text="scheduled cath showed mild LVH" modality="FACTUAL" polarity="POS" type="PROBLEM" />
<EVENT id="E8" start="380" end="386" text="EF 40%" modality="FACTUAL" polarity="POS" type="PROBLEM" />
<EVENT id="E9" start="394" end="396" text="MR" modality="FACTUAL" polarity="POS" type="PROBLEM" />
<EVENT id="E10" start="399" end="407" text="mild LAE" modality="FACTUAL" polarity="POS" type="PROBLEM" />
<EVENT id="E11" start="444" end="450" text="showed" modality="FACTUAL" polarity="POS" type="OCCURRENCE" />
<EVENT id="E12" start="501" end="513" text="systolic HTN" modality="FACTUAL" polarity="POS" type="PROBLEM" />
<EVENT id="E13" start="527" end="538" text="Transferred" modality="FACTUAL" polarity="POS" type="OCCURRENCE" />
<EVENT id="E14" start="601" end="609" text="Admitted" modality="FACTUAL" polarity="POS" type="OCCURRENCE" />
<EVENT id="E15" start="640" end="648" text="transfer" modality="FACTUAL" polarity="POS" type="OCCURRENCE" />
<EVENT id="E16" start="698" end="709" text="Transferred" modality="FACTUAL" polarity="POS" type="OCCURRENCE" />
<EVENT id="E17" start="717" end="721" text="CSRU" modality="FACTUAL" polarity="POS" type="CLINICAL_DEPT" />
<EVENT id="E18" start="725" end="741" text="stable condition" modality="FACTUAL" polarity="POS" type="TEST" />
<EVENT id="E19" start="745" end="758" text="phenylephrine" modality="FACTUAL" polarity="POS" type="TREATMENT" />
<EVENT id="E20" start="763" end="777" text="propofol drips" modality="FACTUAL" polarity="POS" type="TREATMENT" />
<EVENT id="E21" start="780" end="789" text="Extubated" modality="FACTUAL" polarity="POS" type="TREATMENT" />
<EVENT id="E22" start="817" end="836" text="chest tubes removed" modality="FACTUAL" polarity="POS" type="EVIDENTIAL" />
<EVENT id="E23" start="846" end="854" text="diuresis" modality="FACTUAL" polarity="POS" type="TREATMENT" />
<EVENT id="E24" start="859" end="880" text="beta blockade started" modality="FACTUAL" polarity="POS" type="EVIDENTIAL" />
<EVENT id="E25" start="894" end="905" text="transferred" modality="FACTUAL" polarity="POS" type="OCCURRENCE" />
<EVENT id="E26" start="909" end="918" text="the floor" modality="FACTUAL" polarity="POS" type="CLINICAL_DEPT" />
<EVENT id="E27" start="960" end="973" text="activity level . Foley removed" modality="FACTUAL" polarity="POS" type="EVIDENTIAL" />
<EVENT id="E28" start="1002" end="1007" text="rales" modality="FACTUAL" polarity="POS" type="PROBLEM" />
<EVENT id="E29" start="1026" end="1034" text="Afebrile" modality="FACTUAL" polarity="POS" type="PROBLEM" />
<EVENT id="E30" start="1052" end="1064" text="pacing wires" modality="FACTUAL" polarity="POS" type="TREATMENT" />
<EVENT id="E31" start="1081" end="1089" text="incident" modality="FACTUAL" polarity="NEG" type="PROBLEM" />
<EVENT id="E32" start="1110" end="1118" text="progress" modality="FACTUAL" polarity="POS" type="OCCURRENCE" />
<EVENT id="E33" start="1151" end="1163" text="VNA services" modality="FACTUAL" polarity="POS" type="TREATMENT" />
<EVENT id="E34" start="1185" end="1194" text="follow up" modality="FACTUAL" polarity="POS" type="TREATMENT" />
<SECTIME id="S0" start="18" end="28" text="2017-06-13" type="ADMISSION" dvalue="2017-06-13" />
<SECTIME id="S1" start="46" end="56" text="2017-06-17" type="DISCHARGE" dvalue="2017-06-17" />
<TIMEX3 id="T0" start="18" end="28" text="2017-06-13" type="DATE" val="2017-06-13" mod="NA" />
<TIMEX3 id="T1" start="46" end="56" text="2017-06-17" type="DATE" val="2017-06-17" mod="NA" />
<TIMEX3 id="T2" start="438" end="443" text="today" type="DATE" val="2017-06-13" mod="NA" />
<TIMEX3 id="T3" start="668" end="670" text="x3" type="FREQUENCY" val="R3" mod="NA" />
<TIMEX3 id="T4" start="690" end="695" text="06-13" type="DATE" val="2017-06-13" mod="NA" />
<TIMEX3 id="T5" start="977" end="983" text="POD #2" type="DATE" val="2017-06-15" mod="NA" />
<TIMEX3 id="T6" start="1035" end="1047" text="the next day" type="DATE" val="2017-06-16" mod="NA" />
<TIMEX3 id="T7" start="1167" end="1173" text="POD #4" type="DATE" val="2017-06-17" mod="NA" />
</TAGS>
</ClinicalNarrativeTemporalAnnotation>