<?xml version="1.0" encoding="UTF-8" ?>
<ClinicalNarrativeTemporalAnnotation>
<TEXT><![CDATA[
Admission Date :
2016-11-21
Discharge Date :
2016-11-30
Service :
CMED CCU
CHIEF COMPLAINT AND HISTORY OF PRESENT ILLNESS :
Mr. Jackson is a 63-year-old male with squamous cell carcinoma of the floor of mouth ( stage T2 N0 ) that was biopsied by his dentist .
Pathology was reviewed revealing invasive squamous cell carcinoma .
He presented on 2016-11-21 for resection .
He was admitted on 2016-11-21 following his surgery .
He underwent a joint procedure by Otolaryngology and Plastic Surgery .
SUMMARY OF HOSPITAL COURSE :
Surgeon was Dr. Kelsey K Sanchez .
Assistant was Dr. Justin K.. Velez .
Frozen section sent to pathology revealing invasive squamous cell carcinoma .
No complications .
The Plastic Team then took over for reconstruction consisting of radial forearm free flap to floor of mouth .
Surgeon was Dr. Jude. Christopher Swinney .
Total intravenous fluids of 7300 cc .
Estimated blood loss of 300 cc .
Urine output of 900 cc .
No complications .
In addition , the patient was prepared for an attempted percutaneous endoscopic gastrostomy tube .
The percutaneous endoscopic gastrostomy was unsuccessful , and the procedure was converted to an open gastrostomy tube which then proceeded without complications .
The patient was admitted to the Surgical Intensive Care Unit postoperatively .
He was sedated and ventilated by his tracheostomy 6 cuff Shiley tube .
He had three Westwood-Pocasset drains - two in the neck and one in his right arm .
G-tube was to gravity , Foley to gravity , left radial A-line .
The flap was pink with a strong Doppler signal .
He underwent flap checks every 15 minutes initially with a dextran infusion .
He was placed on Unasyn 3 grams IV q.6h.
Nothing by mouth initially with morphine as needed for pain and Ativan around the clock for delirium tremens prophylaxis .
In addition , he received metoprolol q.4.h. , a regular insulin sliding scale , and adequate gastrointestinal prophylaxis with Protonix .
Postoperative laboratories revealed sodium was 134 , potassium was 4.1 , chloride was 102 , bicarbonate was 28 , blood urea nitrogen was 18 , creatinine was 0.8 , and glucose was 148 .
Calcium was 7.6 .
Magnesium was 2.2 .
Complete blood count revealed white count was 5.4 , hematocrit was 31.3 , and platelets were 160 .
ALT was 14 , AST was 31 , alkaline phosphatase was 42 , total bilirubin was 0.9 , albumin was 2.2 .
A chest x-ray postoperatively showed clear lung fields .
Tracheostomy tube in good position .
No pneumothorax .
By systems :
CMED CSRU and Plastic Surgery flap checks , tracheostomy care , and Westwood-Pocasset management. 
Cardiovascular :
Lopressor 5 intravenously q.4.h.
Respiratory :
Nebulizers as needed , weaning from ventilation .
Gastrointestinal :
Medications per gastrostomy tube on postoperative day one .
Genitourinary :
Foley catheter for strict monitoring of ins and outs .
Hematologic :
Hematocrit stable .
Infectious Disease :
Unasyn for antibiotic coverage .
Flap checks carried out q.2h. initially in the Surgical Intensive Care Unit showing positive biphasic Doppler signals .
Pink flap with good refill .
Right arm neurovascularly intact .
He was weaned from ventilation on postoperative day one to pressure support ventilation and then to spontaneous breathing on postoperative day two .
His Westwood-Pocasset output for postoperative day one on the left was 60 , right neck 93 , in the arm 20 .
Tube feedings were started 48 hours after the procedure .
The cuff on his tracheostomy tube was put down on 11-23 , postoperative day two which he tolerated well with minimal secretions and a strong adequate cough .
Due to bed issues , he was transferred from the Surgical Intensive Care Unit to the Medical Intensive Care Unit on postoperative day three .
His tube feedings were advanced .
He was out of bed to a chair .
He continued with pulmonary toilet and q.2h. flap checks .
The Westwood-Pocasset in his right arm was removed on 2016-11-25 .
His tracheostomy was changed to a 6 cuffless Shiley on 2016-11-26 and sutures in place with a 3-0 silk .
The patient tolerated this procedure well .
]]></TEXT>
<TAGS>
<EVENT id="E0" start="1" end="10" text="Admission" modality="FACTUAL" polarity="POS" type="OCCURRENCE" />
<EVENT id="E1" start="29" end="38" text="Discharge" modality="FACTUAL" polarity="POS" type="OCCURRENCE" />
<EVENT id="E2" start="164" end="200" text="squamous cell carcinoma of the floor" modality="FACTUAL" polarity="POS" type="OCCURRENCE" />
<EVENT id="E3" start="235" end="243" text="biopsied" modality="FACTUAL" polarity="POS" type="TEST" />
<EVENT id="E4" start="261" end="270" text="Pathology" modality="FACTUAL" polarity="POS" type="PROBLEM" />
<EVENT id="E5" start="275" end="328" text="reviewed revealing invasive squamous cell carcinoma ." modality="FACTUAL" polarity="POS" type="EVIDENTIAL" />
<EVENT id="E6" start="332" end="341" text="presented" modality="FACTUAL" polarity="POS" type="OCCURRENCE" />
<EVENT id="E7" start="360" end="369" text="resection" modality="FACTUAL" polarity="POS" type="TREATMENT" />
<EVENT id="E8" start="379" end="387" text="admitted" modality="FACTUAL" polarity="POS" type="OCCURRENCE" />
<EVENT id="E9" start="412" end="423" text="his surgery" modality="FACTUAL" polarity="POS" type="TREATMENT" />
<EVENT id="E10" start="479" end="494" text="Plastic Surgery" modality="FACTUAL" polarity="POS" type="OCCURRENCE" />
<EVENT id="E11" start="549" end="550" text="K" modality="FACTUAL" polarity="POS" type="TREATMENT" />
<EVENT id="E12" start="631" end="675" text="revealing invasive squamous cell carcinoma ." modality="FACTUAL" polarity="POS" type="EVIDENTIAL" />
<EVENT id="E13" start="679" end="692" text="complications" modality="FACTUAL" polarity="NEG" type="PROBLEM" />
<EVENT id="E14" start="731" end="745" text="reconstruction" modality="FACTUAL" polarity="NEG" type="TREATMENT" />
<EVENT id="E15" start="855" end="873" text="intravenous fluids" modality="FACTUAL" polarity="POS" type="TREATMENT" />
<EVENT id="E16" start="887" end="907" text="Estimated blood loss" modality="FACTUAL" polarity="POS" type="TEST" />
<EVENT id="E17" start="920" end="932" text="Urine output" modality="FACTUAL" polarity="POS" type="TEST" />
<EVENT id="E18" start="948" end="961" text="complications" modality="FACTUAL" polarity="NEG" type="PROBLEM" />
<EVENT id="E19" start="994" end="1002" text="prepared" modality="FACTUAL" polarity="POS" type="OCCURRENCE" />
<EVENT id="E20" start="1056" end="1060" text="tube" modality="FACTUAL" polarity="POS" type="PROBLEM" />
<EVENT id="E21" start="1067" end="1090" text="percutaneous endoscopic" modality="FACTUAL" polarity="POS" type="PROBLEM" />
<EVENT id="E22" start="1120" end="1121" text="," modality="FACTUAL" polarity="POS" type="PROBLEM" />
<EVENT id="E23" start="1126" end="1139" text="the procedure" modality="FACTUAL" polarity="POS" type="TREATMENT" />
<EVENT id="E24" start="1177" end="1181" text="tube" modality="FACTUAL" polarity="POS" type="PROBLEM" />
<EVENT id="E25" start="1211" end="1224" text="complications" modality="FACTUAL" polarity="NEG" type="PROBLEM" />
<EVENT id="E26" start="1255" end="1287" text="the Surgical Intensive Care Unit" modality="FACTUAL" polarity="POS" type="CLINICAL_DEPT" />
<EVENT id="E27" start="1313" end="1320" text="sedated" modality="FACTUAL" polarity="POS" type="TREATMENT" />
<EVENT id="E28" start="1343" end="1355" text="tracheostomy" modality="FACTUAL" polarity="POS" type="TREATMENT" />
<EVENT id="E29" start="1471" end="1481" text="to gravity" modality="FACTUAL" polarity="POS" type="PROBLEM" />
<EVENT id="E30" start="1484" end="1500" text="Foley to gravity" modality="FACTUAL" polarity="POS" type="PROBLEM" />
<EVENT id="E31" start="1640" end="1648" text="infusion" modality="FACTUAL" polarity="POS" type="TREATMENT" />
<EVENT id="E32" start="1668" end="1674" text="Unasyn" modality="FACTUAL" polarity="POS" type="TREATMENT" />
<EVENT id="E33" start="1724" end="1732" text="morphine" modality="FACTUAL" polarity="POS" type="TREATMENT" />
<EVENT id="E34" start="1747" end="1751" text="pain" modality="FACTUAL" polarity="POS" type="PROBLEM" />
<EVENT id="E35" start="1756" end="1762" text="Ativan" modality="FACTUAL" polarity="POS" type="TREATMENT" />
<EVENT id="E36" start="1801" end="1812" text="prophylaxis" modality="FACTUAL" polarity="POS" type="TREATMENT" />
<EVENT id="E37" start="1841" end="1851" text="metoprolol" modality="FACTUAL" polarity="POS" type="TREATMENT" />
<EVENT id="E38" start="1861" end="1892" text="a regular insulin sliding scale" modality="FACTUAL" polarity="POS" type="PROBLEM" />
<EVENT id="E39" start="1925" end="1936" text="prophylaxis" modality="FACTUAL" polarity="POS" type="TREATMENT" />
<EVENT id="E40" start="1942" end="1950" text="Protonix" modality="FACTUAL" polarity="POS" type="TREATMENT" />
<EVENT id="E41" start="1980" end="1995" text="revealed sodium" modality="FACTUAL" polarity="POS" type="EVIDENTIAL" />
<EVENT id="E42" start="2006" end="2015" text="potassium" modality="FACTUAL" polarity="POS" type="TREATMENT" />
<EVENT id="E43" start="2026" end="2034" text="chloride" modality="FACTUAL" polarity="POS" type="TREATMENT" />
<EVENT id="E44" start="2045" end="2056" text="bicarbonate" modality="FACTUAL" polarity="POS" type="TREATMENT" />
<EVENT id="E45" start="2066" end="2085" text="blood urea nitrogen" modality="FACTUAL" polarity="POS" type="PROBLEM" />
<EVENT id="E46" start="2095" end="2105" text="creatinine" modality="FACTUAL" polarity="POS" type="TEST" />
<EVENT id="E47" start="2120" end="2127" text="glucose" modality="FACTUAL" polarity="POS" type="TREATMENT" />
<EVENT id="E48" start="2138" end="2145" text="Calcium" modality="FACTUAL" polarity="POS" type="TREATMENT" />
<EVENT id="E49" start="2156" end="2165" text="Magnesium" modality="FACTUAL" polarity="POS" type="TREATMENT" />
<EVENT id="E50" start="2197" end="2217" text="blood count revealed white count" modality="FACTUAL" polarity="POS" type="PROBLEM" />
<EVENT id="E51" start="2228" end="2238" text="hematocrit" modality="FACTUAL" polarity="POS" type="TEST" />
<EVENT id="E52" start="2254" end="2263" text="platelets" modality="FACTUAL" polarity="POS" type="TREATMENT" />
<EVENT id="E53" start="2275" end="2278" text="ALT" modality="FACTUAL" polarity="POS" type="TEST" />
<EVENT id="E54" start="2301" end="2321" text="alkaline phosphatase" modality="FACTUAL" polarity="POS" type="TEST" />
<EVENT id="E55" start="2331" end="2346" text="total bilirubin" modality="FACTUAL" polarity="POS" type="TEST" />
<EVENT id="E56" start="2357" end="2364" text="albumin" modality="FACTUAL" polarity="POS" type="TREATMENT" />
<EVENT id="E57" start="2375" end="2388" text="A chest x-ray" modality="FACTUAL" polarity="POS" type="TEST" />
<EVENT id="E58" start="2405" end="2429" text="showed clear lung fields" modality="FACTUAL" polarity="POS" type="PROBLEM" />
<EVENT id="E59" start="2445" end="2466" text="tube in good position" modality="FACTUAL" polarity="POS" type="PROBLEM" />
<EVENT id="E60" start="2472" end="2484" text="pneumothorax" modality="FACTUAL" polarity="NEG" type="PROBLEM" />
<EVENT id="E61" start="2514" end="2541" text="Plastic Surgery flap checks" modality="FACTUAL" polarity="POS" type="PROBLEM" />
<EVENT id="E62" start="2544" end="2561" text="tracheostomy care" modality="FACTUAL" polarity="POS" type="PROBLEM" />
<EVENT id="E63" start="2615" end="2624" text="Lopressor" modality="FACTUAL" polarity="POS" type="TREATMENT" />
<EVENT id="E64" start="2731" end="2742" text="Medications" modality="FACTUAL" polarity="POS" type="TREATMENT" />
<EVENT id="E65" start="2807" end="2821" text="Foley catheter" modality="FACTUAL" polarity="POS" type="TREATMENT" />
<EVENT id="E66" start="2876" end="2893" text="Hematocrit stable" modality="FACTUAL" polarity="POS" type="EVIDENTIAL" />
<EVENT id="E67" start="2917" end="2923" text="Unasyn" modality="FACTUAL" polarity="POS" type="TREATMENT" />
<EVENT id="E68" start="2928" end="2947" text="antibiotic coverage" modality="FACTUAL" polarity="POS" type="TREATMENT" />
<EVENT id="E69" start="3026" end="3042" text="the Surgical Intensive Care Unit showing positive" modality="FACTUAL" polarity="POS" type="PROBLEM" />
<EVENT id="E70" start="3109" end="3131" text="neurovascularly intact" modality="FACTUAL" polarity="POS" type="OCCURRENCE" />
<EVENT id="E71" start="3193" end="3221" text="pressure support ventilation" modality="FACTUAL" polarity="POS" type="PROBLEM" />
<EVENT id="E72" start="3396" end="3404" text="feedings" modality="FACTUAL" polarity="POS" type="PROBLEM" />
<EVENT id="E73" start="3433" end="3446" text="the procedure" modality="FACTUAL" polarity="POS" type="TREATMENT" />
<EVENT id="E74" start="3465" end="3482" text="tracheostomy tube" modality="FACTUAL" polarity="POS" type="PROBLEM" />
<EVENT id="E75" start="3566" end="3576" text="secretions" modality="FACTUAL" polarity="POS" type="PROBLEM" />
<EVENT id="E76" start="3590" end="3604" text="adequate cough" modality="FACTUAL" polarity="POS" type="OCCURRENCE" />
<EVENT id="E77" start="3651" end="3683" text="the Surgical Intensive Care Unit" modality="FACTUAL" polarity="POS" type="CLINICAL_DEPT" />
<EVENT id="E78" start="3687" end="3718" text="the Medical Intensive Care Unit" modality="FACTUAL" polarity="POS" type="CLINICAL_DEPT" />
<EVENT id="E79" start="3752" end="3765" text="tube feedings" modality="FACTUAL" polarity="POS" type="TREATMENT" />
<EVENT id="E80" start="3771" end="3779" text="advanced" modality="FACTUAL" polarity="POS" type="TREATMENT" />
<EVENT id="E81" start="3789" end="3799" text="out of bed" modality="FACTUAL" polarity="POS" type="TREATMENT" />
<EVENT id="E82" start="3831" end="3847" text="pulmonary toilet" modality="FACTUAL" polarity="POS" type="TREATMENT" />
<EVENT id="E83" start="3939" end="3955" text="His tracheostomy" modality="FACTUAL" polarity="POS" type="PROBLEM" />
<EVENT id="E84" start="4071" end="4080" text="procedure" modality="FACTUAL" polarity="POS" type="TREATMENT" />
<SECTIME id="S0" start="18" end="28" text="2016-11-21" type="ADMISSION" dvalue="2016-11-21" />
<SECTIME id="S1" start="46" end="56" text="2016-11-30" type="DISCHARGE" dvalue="2016-11-30" />
<TIMEX3 id="T0" start="18" end="28" text="2016-11-21" type="DATE" val="2016-11-21" mod="NA" />
<TIMEX3 id="T1" start="46" end="56" text="2016-11-30" type="DATE" val="2016-11-30" mod="NA" />
<TIMEX3 id="T2" start="345" end="355" text="2016-11-21" type="DATE" val="2016-11-21" mod="NA" />
<TIMEX3 id="T3" start="391" end="401" text="2016-11-21" type="DATE" val="2016-11-21" mod="NA" />
<TIMEX3 id="T4" start="1604" end="1614" text="15 minutes" type="DURATION" val="PT15M" mod="NA" />
<TIMEX3 id="T5" start="1686" end="1690" text="q.6h" type="FREQUENCY" val="RPT6H" mod="NA" />
<TIMEX3 id="T7" start="1733" end="1742" text="as needed" type="FREQUENCY" val="R" mod="NA" />
<TIMEX3 id="T8" start="1852" end="1855" text="q.4" type="FREQUENCY" val="RPT4H" mod="NA" />
<TIMEX3 id="T9" start="2642" end="2645" text="q.4" type="FREQUENCY" val="RPT4H" mod="NA" />
<TIMEX3 id="T10" start="2674" end="2683" text="as needed" type="FREQUENCY" val="R" mod="NA" />
<TIMEX3 id="T11" start="2768" end="2789" text="postoperative day one" type="DATE" val="2016-11-22" mod="NA" />
<TIMEX3 id="T11" start="2975" end="2979" text="q.2h" type="FREQUENCY" val="RPT2H" mod="NA" />
<TIMEX3 id="T14" start="3169" end="3190" text="postoperative day one" type="DATE" val="2016-11-22" mod="NA" />
<TIMEX3 id="T15" start="3260" end="3281" text="postoperative day two" type="DATE" val="2016-11-23" mod="NA" />
<TIMEX3 id="T16" start="3317" end="3338" text="postoperative day one" type="DATE" val="2016-11-22" mod="NA" />
<TIMEX3 id="T17" start="3419" end="3433" text="48 hours after" type="DURATION" val="PT48H" mod="NA" />
<TIMEX3 id="T18" start="3500" end="3505" text="11-23" type="DATE" val="2016-11-23" mod="NA" />
<TIMEX3 id="T19" start="3508" end="3529" text="postoperative day two" type="DATE" val="2016-11-23" mod="NA" />
<TIMEX3 id="T20" start="3723" end="3746" text="postoperative day three" type="DATE" val="2016-11-24" mod="NA" />
<TIMEX3 id="T19" start="3853" end="3857" text="q.2h" type="FREQUENCY" val="RPT2H" mod="NA" />
<TIMEX3 id="T23" start="3927" end="3937" text="2016-11-25" type="DATE" val="2016-11-25" mod="NA" />
<TIMEX3 id="T24" start="3995" end="4005" text="2016-11-26" type="DATE" val="2016-11-26" mod="NA" />
</TAGS>
</ClinicalNarrativeTemporalAnnotation>