<?xml version="1.0" encoding="UTF-8" ?>
<ClinicalNarrativeTemporalAnnotation>
<TEXT><![CDATA[
Admission Date :
2016-03-04
Discharge Date :
2016-03-22
Service :
HISTORY OF PRESENT ILLNESS :
HISTORY OF PRESENT ILLNESS :
This is an 85 year old man initially admitted to the Plastic Surgery Service for evaluation of a left facial mass .
Subsequently , CMED CCU was consulted and he was transferred to our Service postoperatively .
HOSPITAL COURSE :
He was initially admitted to CMED for resection and repair of this left facial lesion .
He also had consults from Urology for his hematuria as well as Medicine preoperatively and CMED CCU .
He went to the Operating Room on 2016-03-10 with Urology for hematuria where he had a cystoscopy transurethral resection of prostate placement .
He then went to the Operating Room on 2016-03-14 where he had resection of the left face squamous cell cancer by Dr. Langhorne and split thickness and full thickness skin grafting of the defects on 2016-03-14 .
He tolerated the procedure well with no complications except postoperatively , his voice was hoarse .
On scoping him he had significant supraglottic edema .
He was kept in the Unit for observation of his airway and b.i.d. laryngoscopy .
This revealed some supraglottic edema which revealed with time , without further intervention .
He was followed by Plastic Surgery for his split thickness skin graft and his bolster was discontinued on postoperative day #5 with good take up of his skin graft .
Urology also followed him and kept him on antibiotics until postoperative day #7 at which point antibiotics were discontinued .
His
Foley was also discontinued .
He is being discharged to rehabilitation to follow up for XRT given the fact that his pathology revealed squamous cell cancer extending deep to the margin as well as positive level II nodes .
Dr. Navarrete has been e-mailed and his secretary contacted for as soon as possible appointment for XRT follow up .
He should also follow up with Dr. Rankin and Dr. Langhorne .
He is being discharged , most likely , to Falmouth Hospital .
]]></TEXT>
<TAGS>
<EVENT id="E0" start="1" end="10" text="Admission" modality="FACTUAL" polarity="POS" type="OCCURRENCE" />
<EVENT id="E1" start="29" end="38" text="Discharge" modality="FACTUAL" polarity="POS" type="OCCURRENCE" />
<EVENT id="E2" start="162" end="170" text="admitted" modality="FACTUAL" polarity="POS" type="OCCURRENCE" />
<EVENT id="E3" start="174" end="201" text="the Plastic Surgery Service" modality="FACTUAL" polarity="POS" type="OCCURRENCE" />
<EVENT id="E4" start="206" end="216" text="evaluation" modality="FACTUAL" polarity="POS" type="TEST" />
<EVENT id="E5" start="220" end="238" text="a left facial mass" modality="FACTUAL" polarity="POS" type="PROBLEM" />
<EVENT id="E6" start="269" end="278" text="consulted" modality="FACTUAL" polarity="POS" type="OCCURRENCE" />
<EVENT id="E7" start="290" end="301" text="transferred" modality="FACTUAL" polarity="POS" type="OCCURRENCE" />
<EVENT id="E8" start="370" end="378" text="admitted" modality="FACTUAL" polarity="POS" type="OCCURRENCE" />
<EVENT id="E9" start="382" end="386" text="CMED" modality="FACTUAL" polarity="POS" type="CLINICAL_DEPT" />
<EVENT id="E10" start="391" end="400" text="resection" modality="FACTUAL" polarity="POS" type="TREATMENT" />
<EVENT id="E11" start="405" end="411" text="repair" modality="FACTUAL" polarity="POS" type="TREATMENT" />
<EVENT id="E12" start="415" end="438" text="this left facial lesion" modality="FACTUAL" polarity="POS" type="PROBLEM" />
<EVENT id="E13" start="467" end="474" text="Urology" modality="FACTUAL" polarity="POS" type="OCCURRENCE" />
<EVENT id="E14" start="479" end="492" text="his hematuria" modality="FACTUAL" polarity="POS" type="PROBLEM" />
<EVENT id="E15" start="532" end="540" text="CMED CCU" modality="FACTUAL" polarity="POS" type="CLINICAL_DEPT" />
<EVENT id="E16" start="558" end="572" text="Operating Room" modality="FACTUAL" polarity="POS" type="OCCURRENCE" />
<EVENT id="E17" start="592" end="599" text="Urology" modality="FACTUAL" polarity="POS" type="OCCURRENCE" />
<EVENT id="E18" start="604" end="613" text="hematuria" modality="FACTUAL" polarity="POS" type="PROBLEM" />
<EVENT id="E19" start="627" end="653" text="a cystoscopy transurethral" modality="FACTUAL" polarity="POS" type="PROBLEM" />
<EVENT id="E20" start="667" end="685" text="prostate placement" modality="FACTUAL" polarity="POS" type="PROBLEM" />
<EVENT id="E21" start="708" end="722" text="Operating Room" modality="FACTUAL" polarity="POS" type="OCCURRENCE" />
<EVENT id="E22" start="750" end="759" text="resection" modality="FACTUAL" polarity="POS" type="TREATMENT" />
<EVENT id="E23" start="777" end="797" text="squamous cell cancer" modality="FACTUAL" polarity="POS" type="PROBLEM" />
<EVENT id="E24" start="854" end="867" text="skin grafting" modality="FACTUAL" polarity="POS" type="PROBLEM" />
<EVENT id="E25" start="916" end="925" text="procedure" modality="FACTUAL" polarity="POS" type="TREATMENT" />
<EVENT id="E26" start="939" end="952" text="complications" modality="FACTUAL" polarity="NEG" type="PROBLEM" />
<EVENT id="E27" start="1048" end="1053" text="edema" modality="FACTUAL" polarity="POS" type="PROBLEM" />
<EVENT id="E28" start="1168" end="1173" text="edema" modality="FACTUAL" polarity="POS" type="PROBLEM" />
<EVENT id="E29" start="1217" end="1229" text="intervention" modality="FACTUAL" polarity="NEG" type="TREATMENT" />
<EVENT id="E30" start="1251" end="1266" text="Plastic Surgery" modality="FACTUAL" polarity="POS" type="OCCURRENCE" />
<EVENT id="E31" start="1291" end="1301" text="skin graft" modality="FACTUAL" polarity="POS" type="PROBLEM" />
<EVENT id="E32" start="1380" end="1394" text="his skin graft" modality="FACTUAL" polarity="POS" type="PROBLEM" />
<EVENT id="E33" start="1410" end="1422" text="followed him" modality="FACTUAL" polarity="POS" type="PROBLEM" />
<EVENT id="E34" start="1439" end="1450" text="antibiotics" modality="FACTUAL" polarity="POS" type="TREATMENT" />
<EVENT id="E35" start="1493" end="1504" text="antibiotics" modality="FACTUAL" polarity="POS" type="TREATMENT" />
<EVENT id="E36" start="1510" end="1522" text="discontinued" modality="FACTUAL" polarity="POS" type="OCCURRENCE" />
<EVENT id="E37" start="1529" end="1534" text="Foley" modality="FACTUAL" polarity="POS" type="TREATMENT" />
<EVENT id="E38" start="1571" end="1581" text="discharged" modality="FACTUAL" polarity="POS" type="OCCURRENCE" />
<EVENT id="E39" start="1585" end="1599" text="rehabilitation" modality="FACTUAL" polarity="POS" type="TREATMENT" />
<EVENT id="E40" start="1603" end="1612" text="follow up" modality="FACTUAL" polarity="POS" type="TREATMENT" />
<EVENT id="E41" start="1641" end="1684" text="his pathology revealed squamous cell cancer" modality="FACTUAL" polarity="POS" type="OCCURRENCE" />
<EVENT id="E42" start="1707" end="1713" text="margin" modality="FACTUAL" polarity="POS" type="PROBLEM" />
<EVENT id="E43" start="1725" end="1748" text="positive level II nodes" modality="FACTUAL" polarity="POS" type="PROBLEM" />
<EVENT id="E44" start="1801" end="1810" text="contacted" modality="FACTUAL" polarity="POS" type="OCCURRENCE" />
<EVENT id="E45" start="1855" end="1864" text="follow up" modality="FACTUAL" polarity="POS" type="TREATMENT" />
<EVENT id="E46" start="1882" end="1891" text="follow up" modality="FACTUAL" polarity="POS" type="TREATMENT" />
<EVENT id="E47" start="1940" end="1950" text="discharged" modality="FACTUAL" polarity="POS" type="OCCURRENCE" />
<SECTIME id="S0" start="18" end="28" text="2016-03-04" type="ADMISSION" dvalue="2016-03-04" />
<SECTIME id="S1" start="46" end="56" text="2016-03-22" type="DISCHARGE" dvalue="2016-03-22" />
<TIMEX3 id="T0" start="18" end="28" text="2016-03-04" type="DATE" val="2016-03-04" mod="NA" />
<TIMEX3 id="T1" start="46" end="56" text="2016-03-22" type="DATE" val="2016-03-22" mod="NA" />
<TIMEX3 id="T2" start="576" end="586" text="2016-03-10" type="DATE" val="2016-03-10" mod="NA" />
<TIMEX3 id="T3" start="726" end="736" text="2016-03-14" type="DATE" val="2016-03-14" mod="NA" />
<TIMEX3 id="T4" start="886" end="896" text="2016-03-14" type="DATE" val="2016-03-14" mod="NA" />
<TIMEX3 id="T5" start="1114" end="1120" text="b.i.d." type="FREQUENCY" val="RPT12H" mod="NA" />
<TIMEX3 id="T6" start="1338" end="1358" text="postoperative day #5" type="DATE" val="2016-03-09" mod="NA" />
<TIMEX3 id="T7" start="1457" end="1477" text="postoperative day #7" type="DATE" val="2016-03-11" mod="NA" />
</TAGS>
</ClinicalNarrativeTemporalAnnotation>