<?xml version="1.0" encoding="UTF-8" ?>
<ClinicalNarrativeTemporalAnnotation>
<TEXT><![CDATA[
Admission Date :
2011-03-10
Discharge Date :
2011-03-15
Service :
Medford
HISTORY OF PRESENT ILLNESS :
This is an 83 year old woman with a history of hypertension who presents with slurred speech when dehydrated .
She has paraplegia secondary to HTLV exposure while on vacation in the Bahamas six years ago .
She presented with three days of general malaise , nausea , vomiting , shortness of breath , cough productive of white sputum .
She awoke with nausea on the day of admission and pleuritic chest pain .
She reports no sick contacts.
The patient has some difficulty talking and grasping right hand .
She came to the Emergency Department on the 2011-03-10 , with temperature of 99.0 F .; blood pressure of 97/50 ; heart rate 100 ; respirations 27 ; O2 saturation 84% on room air and 94% on two liters .
The patient had coarse rhonchi on examination .
Chest x-ray revealed mild pulmonary edema .
Chest CT scan was negative for pulmonary embolism but positive for consolidation .
She was started on Levofloxacin but the patient became hypotensive at that point with blood pressure of 70/45 and received a normal saline bolus to boost her blood pressure to 99/60 ; however the patient was admitted to the Medical Intensive Care Unit for overnight observation because of her somnolence and hypotension .
She was transferred to the Everett Firm on the 2011-03-11 and was mentating well and was stable for transfer .
HOSPITAL COURSE :
After transfer to the Floor , the patient was continued on Levofloxacin for a ten to 14 day course for presumptive pneumonia .
Due to her chronic diarrhea she was repleted with intravenous fluids .
For her depression , continued on Citalopram 10 mg daily .
For her paraplegia and associated muscle spasticity she was continued on her Zanaflex .
For deep vein thrombosis prophylaxis she was treated with subcutaneous heparin and for gastrointestinal prophylaxis she was treated with Protonix .
She was also evaluated by Physical Therapy and Speech and Swallow because of some report of dysphagia .
Physical Therapy felt that the patient was cleared for transfer home with services .
Occupational Therapy was also in agreement with the patient 's disposition home with services .
The patient was able to advance her diet well from liquids to solids , however , she was plagued with a persistent cough and some low grade fevers to 99.0 F .
Speech and Swallow evaluated the patient at bedside and recommended advancing to regular diet with regular consistency and saw no evidence of any dysphagia .
There was some question regarding restarting of the patient 's Coumadin given her positive lupus anti-coagulant status as well as the presence of her basilar artery stenosis .
The patient was discharged on the 2011-03-15 on the following medications .
]]></TEXT>
<TAGS>
<EVENT id="E0" start="1" end="10" text="Admission" modality="FACTUAL" polarity="POS" type="OCCURRENCE" />
<EVENT id="E1" start="29" end="38" text="Discharge" modality="FACTUAL" polarity="POS" type="OCCURRENCE" />
<EVENT id="E2" start="151" end="163" text="hypertension" modality="FACTUAL" polarity="POS" type="PROBLEM" />
<EVENT id="E3" start="182" end="196" text="slurred speech" modality="FACTUAL" polarity="POS" type="PROBLEM" />
<EVENT id="E4" start="202" end="212" text="dehydrated" modality="FACTUAL" polarity="POS" type="PROBLEM" />
<EVENT id="E5" start="252" end="260" text="exposure" modality="FACTUAL" polarity="POS" type="PROBLEM" />
<EVENT id="E6" start="314" end="323" text="presented" modality="FACTUAL" polarity="POS" type="OCCURRENCE" />
<EVENT id="E7" start="351" end="358" text="malaise" modality="FACTUAL" polarity="POS" type="PROBLEM" />
<EVENT id="E8" start="361" end="367" text="nausea" modality="FACTUAL" polarity="POS" type="PROBLEM" />
<EVENT id="E9" start="370" end="378" text="vomiting" modality="FACTUAL" polarity="POS" type="PROBLEM" />
<EVENT id="E10" start="381" end="400" text="shortness of breath" modality="FACTUAL" polarity="POS" type="PROBLEM" />
<EVENT id="E11" start="403" end="435" text="cough productive of white sputum" modality="FACTUAL" polarity="POS" type="OCCURRENCE" />
<EVENT id="E12" start="453" end="459" text="nausea" modality="FACTUAL" polarity="POS" type="PROBLEM" />
<EVENT id="E13" start="488" end="508" text="pleuritic chest pain" modality="FACTUAL" polarity="POS" type="PROBLEM" />
<EVENT id="E14" start="562" end="580" text="difficulty talking" modality="FACTUAL" polarity="POS" type="PROBLEM" />
<EVENT id="E15" start="619" end="643" text="the Emergency Department" modality="FACTUAL" polarity="POS" type="CLINICAL_DEPT" />
<EVENT id="E16" start="669" end="680" text="temperature" modality="FACTUAL" polarity="POS" type="TEST" />
<EVENT id="E17" start="694" end="708" text="blood pressure" modality="FACTUAL" polarity="POS" type="TEST" />
<EVENT id="E18" start="720" end="734" text="heart rate 100" modality="FACTUAL" polarity="POS" type="PROBLEM" />
<EVENT id="E19" start="737" end="749" text="respirations" modality="FACTUAL" polarity="POS" type="TEST" />
<EVENT id="E20" start="755" end="768" text="O2 saturation" modality="FACTUAL" polarity="POS" type="TEST" />
<EVENT id="E21" start="857" end="868" text="Chest x-ray" modality="FACTUAL" polarity="POS" type="TEST" />
<EVENT id="E22" start="883" end="898" text="pulmonary edema" modality="FACTUAL" polarity="POS" type="PROBLEM" />
<EVENT id="E23" start="901" end="914" text="Chest CT scan" modality="FACTUAL" polarity="POS" type="PROBLEM" />
<EVENT id="E24" start="932" end="950" text="pulmonary embolism" modality="FACTUAL" polarity="NEG" type="PROBLEM" />
<EVENT id="E25" start="968" end="981" text="consolidation" modality="FACTUAL" polarity="POS" type="PROBLEM" />
<EVENT id="E26" start="1003" end="1015" text="Levofloxacin" modality="FACTUAL" polarity="POS" type="TREATMENT" />
<EVENT id="E27" start="1039" end="1050" text="hypotensive" modality="FACTUAL" polarity="POS" type="PROBLEM" />
<EVENT id="E28" start="1070" end="1084" text="blood pressure" modality="FACTUAL" polarity="POS" type="TEST" />
<EVENT id="E29" start="1138" end="1156" text="her blood pressure" modality="FACTUAL" polarity="POS" type="TEST" />
<EVENT id="E30" start="1192" end="1200" text="admitted" modality="FACTUAL" polarity="POS" type="OCCURRENCE" />
<EVENT id="E31" start="1204" end="1235" text="the Medical Intensive Care Unit" modality="FACTUAL" polarity="POS" type="CLINICAL_DEPT" />
<EVENT id="E32" start="1273" end="1287" text="her somnolence" modality="FACTUAL" polarity="POS" type="PROBLEM" />
<EVENT id="E33" start="1292" end="1303" text="hypotension" modality="FACTUAL" polarity="POS" type="PROBLEM" />
<EVENT id="E34" start="1314" end="1325" text="transferred" modality="FACTUAL" polarity="POS" type="OCCURRENCE" />
<EVENT id="E35" start="1406" end="1414" text="transfer" modality="FACTUAL" polarity="POS" type="OCCURRENCE" />
<EVENT id="E36" start="1441" end="1449" text="transfer" modality="FACTUAL" polarity="POS" type="OCCURRENCE" />
<EVENT id="E37" start="1453" end="1462" text="the Floor" modality="FACTUAL" polarity="POS" type="CLINICAL_DEPT" />
<EVENT id="E38" start="1494" end="1506" text="Levofloxacin" modality="FACTUAL" polarity="POS" type="TREATMENT" />
<EVENT id="E39" start="1550" end="1559" text="pneumonia" modality="FACTUAL" polarity="POS" type="PROBLEM" />
<EVENT id="E40" start="1569" end="1589" text="her chronic diarrhea" modality="FACTUAL" polarity="POS" type="PROBLEM" />
<EVENT id="E41" start="1612" end="1630" text="intravenous fluids" modality="FACTUAL" polarity="POS" type="TREATMENT" />
<EVENT id="E42" start="1637" end="1651" text="her depression" modality="FACTUAL" polarity="POS" type="PROBLEM" />
<EVENT id="E43" start="1690" end="1691" text="." modality="FACTUAL" polarity="POS" type="PROBLEM" />
<EVENT id="E44" start="1726" end="1743" text="muscle spasticity" modality="FACTUAL" polarity="POS" type="OCCURRENCE" />
<EVENT id="E45" start="1794" end="1816" text="thrombosis prophylaxis" modality="FACTUAL" polarity="POS" type="PROBLEM" />
<EVENT id="E46" start="1838" end="1858" text="subcutaneous heparin" modality="FACTUAL" polarity="POS" type="TREATMENT" />
<EVENT id="E47" start="1884" end="1895" text="prophylaxis" modality="FACTUAL" polarity="POS" type="TREATMENT" />
<EVENT id="E48" start="1917" end="1925" text="Protonix" modality="FACTUAL" polarity="POS" type="TREATMENT" />
<EVENT id="E49" start="1941" end="1970" text="evaluated by Physical Therapy" modality="FACTUAL" polarity="POS" type="OCCURRENCE" />
<EVENT id="E50" start="2020" end="2029" text="dysphagia" modality="FACTUAL" polarity="POS" type="PROBLEM" />
<EVENT id="E51" start="2075" end="2082" text="cleared" modality="FACTUAL" polarity="POS" type="OCCURRENCE" />
<EVENT id="E52" start="2087" end="2114" text="transfer home with services" modality="FACTUAL" polarity="POS" type="PROBLEM" />
<EVENT id="E53" start="2117" end="2137" text="Occupational Therapy" modality="FACTUAL" polarity="POS" type="TREATMENT" />
<EVENT id="E54" start="2192" end="2210" text="home with services" modality="FACTUAL" polarity="POS" type="TREATMENT" />
<EVENT id="E55" start="2315" end="2333" text="a persistent cough" modality="FACTUAL" polarity="POS" type="PROBLEM" />
<EVENT id="E56" start="2343" end="2359" text="low grade fevers" modality="FACTUAL" polarity="POS" type="PROBLEM" />
<EVENT id="E57" start="2372" end="2378" text="Speech" modality="FACTUAL" polarity="POS" type="PROBLEM" />
<EVENT id="E58" start="2391" end="2400" text="evaluated" modality="FACTUAL" polarity="POS" type="TEST" />
<EVENT id="E59" start="2495" end="2498" text="saw" modality="FACTUAL" polarity="POS" type="OCCURRENCE" />
<EVENT id="E60" start="2514" end="2527" text="any dysphagia" modality="FACTUAL" polarity="NEG" type="PROBLEM" />
<EVENT id="E61" start="2578" end="2601" text="the patient 's Coumadin" modality="FACTUAL" polarity="POS" type="TREATMENT" />
<EVENT id="E62" start="2642" end="2648" text="status" modality="FACTUAL" polarity="POS" type="OCCURRENCE" />
<EVENT id="E63" start="2676" end="2703" text="her basilar artery stenosis" modality="FACTUAL" polarity="POS" type="PROBLEM" />
<EVENT id="E64" start="2722" end="2732" text="discharged" modality="FACTUAL" polarity="POS" type="OCCURRENCE" />
<EVENT id="E65" start="2754" end="2779" text="the following medications" modality="FACTUAL" polarity="POS" type="TREATMENT" />
<SECTIME id="S0" start="18" end="28" text="2011-03-10" type="ADMISSION" dvalue="2011-03-10" />
<SECTIME id="S1" start="46" end="56" text="2011-03-15" type="DISCHARGE" dvalue="2011-03-15" />
<TIMEX3 id="T0" start="18" end="28" text="2011-03-10" type="DATE" val="2011-03-10" mod="NA" />
<TIMEX3 id="T1" start="46" end="56" text="2011-03-15" type="DATE" val="2011-03-15" mod="NA" />
<TIMEX3 id="T2" start="329" end="339" text="three days" type="DURATION" val="P3D" mod="NA" />
<TIMEX3 id="T3" start="463" end="483" text="the day of admission" type="DATE" val="2011-03-10" mod="NA" />
<TIMEX3 id="T4" start="651" end="661" text="2011-03-10" type="DATE" val="2011-03-10" mod="NA" />
<TIMEX3 id="T5" start="1353" end="1363" text="2011-03-11" type="DATE" val="2011-03-11" mod="NA" />
<TIMEX3 id="T6" start="1520" end="1526" text="14 day" type="DURATION" val="P14D" mod="NA" />
<TIMEX3 id="T7" start="2740" end="2750" text="2011-03-15" type="DATE" val="2011-03-15" mod="NA" />
</TAGS>
</ClinicalNarrativeTemporalAnnotation>