<?xml version="1.0" encoding="UTF-8" ?>
<ClinicalNarrativeTemporalAnnotation>
<TEXT><![CDATA[
Admission Date :
2008-12-24
Discharge Date :
2009-02-06
Service :
Neonatology
HISTORY OF PRESENT ILLNESS :
Gerardo is the 1400 gm product of a 32 05-03 week twin gestation born to a 37 year old gravida 1 , para 0 mother .
SUMMARY OF HOSPITAL COURSE :
1. Respiratory - Gerardo was initially placed in nasal cannula oxygen to maintain oxygen saturation greater than 94 .
On day of life #1 , caffeine was started .
Gerardo weaned to room air on day of life #6 .
Caffeine was discontinued on day of life #19 .
Breath sounds , clear and equal , without retractions , respiratory rate 30 s to 60 s.
2. Cardiovascular - The patient has been cardiovascularly stable without murmur .
3. Fluids , electrolytes and nutrition - Birthweight was 1400 gm , 25th percentile .
The patient was initially started on D10 / W at 80 cc / kg / day .
She began enteral feeds on day of life #2 advancing to mother 's breastmilk 30 with ProMod at 150 cc / kg / day .
Baby received parenteral nutrition and lipids for four days .
No hypoglycemia issues noted .
Baby is presently tolerating mother 's breastmilk with Enfamil powder to make 24 cal / oz at 130 cc / kg / day .
The baby is breastfeeding well .
The plan is for alternating feeds .
4. Gastrointestinal , genitourinary - Peak bilirubin 8.5 , phototherapy times 24 hours .
Rebound bilirubin 6.4 .
5. Hematology - Most recent hematocrit was 42.8 on 50-05-25 .
The baby received no blood products .
6. Infectious disease - No sepsis risk factors .
Initial complete blood count with white blood cell count 14 , hemoglobin 21.6 , hematocrit 62.9 , 65 neutrophils , no bands , 28 lymphocytes .
Blood cultures negative .
7. Neurology - Normal head ultrasound on 2009-01-08 .
8. Sensory - Audiology , hearing screening was performed with automated auditory brain stem responses .
Baby passed hearing test on 2009-01-21 .
Follow up recommended in eight months .
Ophthalmology :: eyes were examined most recently on 2009-01-14 , revealing mature retinal vessels .
A follow up examination is recommended in six to eight months .
9. Psychosocial - Bridgewater State Hospital Center 's social work involved with family .
The contact social worker is Barbara Cole and she can be reached at ( 972 ) 433-8086 .
]]></TEXT>
<TAGS>
<TLINK id="TL1" fromID="E30" fromText="Admission" toID="T1" toText="2008-12-24" type="OVERLAP" />
<TLINK id="TL2" fromID="E0" fromText="Discharge" toID="T1" toText="2008-12-24" type="OVERLAP" />
<TLINK id="TL3" fromID="E0" fromText="Discharge" toID="T2" toText="2009-02-06" type="OVERLAP" />
<TLINK id="TL4" fromID="E34" fromText="twin gestation" toID="T0" toText="32 05-03 week" type="OVERLAP" />
<TLINK id="TL5" fromID="E34" fromText="twin gestation" toID="E35" toText="born" type="OVERLAP" />
<TLINK id="TL6" fromID="E1" fromText="nasal cannula oxygen" toID="E2" toText="oxygen saturation" type="OVERLAP" />
<TLINK id="TL7" fromID="E2" fromText="oxygen saturation" toID="T3" toText="day of life #1" type="OVERLAP" />
<TLINK id="TL8" fromID="E3" fromText="caffeine" toID="T3" toText="day of life #1" type="OVERLAP" />
<TLINK id="TL9" fromID="E3" fromText="caffeine" toID="E36" toText="weaned" type="OVERLAP" />
<TLINK id="TL10" fromID="E57" fromText="room air" toID="E36" toText="weaned" type="OVERLAP" />
<TLINK id="TL11" fromID="E57" fromText="room air" toID="T4" toText="day of life #6" type="OVERLAP" />
<TLINK id="TL12" fromID="E4" fromText="Caffeine" toID="T4" toText="day of life #6" type="OVERLAP" />
<TLINK id="TL13" fromID="E4" fromText="Caffeine" toID="T5" toText="day of life #19" type="OVERLAP" />
<TLINK id="TL14" fromID="E5" fromText="Breath sounds" toID="T5" toText="day of life #19" type="OVERLAP" />
<TLINK id="TL15" fromID="E5" fromText="Breath sounds" toID="E37" toText="clear" type="OVERLAP" />
<TLINK id="TL16" fromID="E38" fromText="equal" toID="E37" toText="clear" type="OVERLAP" />
<TLINK id="TL17" fromID="E6" fromText="retractions" toID="E38" toText="equal" type="OVERLAP" />
<TLINK id="TL18" fromID="E7" fromText="respiratory rate" toID="E37" toText="clear" type="OVERLAP" />
<TLINK id="TL19" fromID="E39" fromText="cardiovascularly stable" toID="E7" toText="respiratory rate" type="OVERLAP" />
<TLINK id="TL20" fromID="E8" fromText="murmur" toID="E39" toText="cardiovascularly stable" type="OVERLAP" />
<TLINK id="TL21" fromID="E8" fromText="murmur" toID="E9" toText="Birthweight" type="OVERLAP" />
<TLINK id="TL22" fromID="E9" fromText="Birthweight" toID="E10" toText="D10 / W" type="OVERLAP" />
<TLINK id="TL23" fromID="E11" fromText="enteral feeds" toID="E10" toText="D10 / W" type="OVERLAP" />
<TLINK id="TL24" fromID="E11" fromText="enteral feeds" toID="T6" toText="day of life #2" type="AFTER" />
<TLINK id="TL25" fromID="E11" fromText="enteral feeds" toID="E40" toText="mother 's breastmilk" type="AFTER" />
<TLINK id="TL26" fromID="E12" fromText="ProMod" toID="E40" toText="mother 's breastmilk" type="OVERLAP" />
<TLINK id="TL27" fromID="E13" fromText="parenteral nutrition" toID="E12" toText="ProMod" type="OVERLAP" />
<TLINK id="TL28" fromID="E13" fromText="parenteral nutrition" toID="E14" toText="lipids" type="OVERLAP" />
<TLINK id="TL29" fromID="E14" fromText="lipids" toID="T10" toText="four days" type="OVERLAP" />
<TLINK id="TL30" fromID="E15" fromText="hypoglycemia issues" toID="E14" toText="lipids" type="OVERLAP" />
<TLINK id="TL31" fromID="E15" fromText="hypoglycemia issues" toID="E41" toText="noted" type="OVERLAP" />
<TLINK id="TL32" fromID="E42" fromText="tolerating" toID="E41" toText="noted" type="OVERLAP" />
<TLINK id="TL33" fromID="E42" fromText="tolerating" toID="E43" toText="mother 's breastmilk" type="OVERLAP" />
<TLINK id="TL34" fromID="E44" fromText="Enfamil powder" toID="E43" toText="mother 's breastmilk" type="OVERLAP" />
<TLINK id="TL35" fromID="E45" fromText="breastfeeding" toID="E43" toText="mother 's breastmilk" type="OVERLAP" />
<TLINK id="TL36" fromID="E46" fromText="alternating feeds" toID="E45" toText="breastfeeding" type="OVERLAP" />
<TLINK id="TL37" fromID="E16" fromText="Peak bilirubin" toID="E46" toText="alternating feeds" type="OVERLAP" />
<TLINK id="TL38" fromID="E16" fromText="Peak bilirubin" toID="E17" toText="phototherapy" type="OVERLAP" />
<TLINK id="TL39" fromID="E18" fromText="Rebound bilirubin" toID="E17" toText="phototherapy" type="BEFORE" />
<TLINK id="TL40" fromID="E19" fromText="hematocrit" toID="E18" toText="Rebound bilirubin" type="OVERLAP" />
<TLINK id="TL41" fromID="E19" fromText="hematocrit" toID="T11" toText="50-05-25" type="OVERLAP" />
<TLINK id="TL42" fromID="E20" fromText="blood products" toID="T11" toText="50-05-25" type="OVERLAP" />
<TLINK id="TL43" fromID="E21" fromText="sepsis risk factors" toID="E20" toText="blood products" type="BEFORE" />
<TLINK id="TL44" fromID="E21" fromText="sepsis risk factors" toID="E22" toText="Initial complete blood count" type="OVERLAP" />
<TLINK id="TL45" fromID="E23" fromText="white blood cell count" toID="E22" toText="Initial complete blood count" type="OVERLAP" />
<TLINK id="TL46" fromID="E23" fromText="white blood cell count" toID="E24" toText="hemoglobin" type="OVERLAP" />
<TLINK id="TL47" fromID="E25" fromText="hematocrit" toID="E24" toText="hemoglobin" type="OVERLAP" />
<TLINK id="TL48" fromID="E25" fromText="hematocrit" toID="E26" toText="neutrophils" type="OVERLAP" />
<TLINK id="TL49" fromID="E47" fromText="bands" toID="E26" toText="neutrophils" type="OVERLAP" />
<TLINK id="TL50" fromID="E47" fromText="bands" toID="E27" toText="lymphocytes" type="OVERLAP" />
<TLINK id="TL51" fromID="E27" fromText="lymphocytes" toID="E48" toText="Blood cultures" type="OVERLAP" />
<TLINK id="TL52" fromID="E49" fromText="Normal head ultrasound" toID="E48" toText="Blood cultures" type="OVERLAP" />
<TLINK id="TL53" fromID="E49" fromText="Normal head ultrasound" toID="T7" toText="2009-01-08" type="OVERLAP" />
<TLINK id="TL54" fromID="E49" fromText="Normal head ultrasound" toID="E28" toText="hearing screening" type="OVERLAP" />
<TLINK id="TL55" fromID="E50" fromText="automated auditory brain stem responses" toID="E28" toText="hearing screening" type="OVERLAP" />
<TLINK id="TL56" fromID="E29" fromText="hearing test" toID="E50" toText="automated auditory brain stem responses" type="OVERLAP" />
<TLINK id="TL57" fromID="E29" fromText="hearing test" toID="T8" toText="2009-01-21" type="OVERLAP" />
<TLINK id="TL58" fromID="E51" fromText="Follow up" toID="E29" toText="hearing test" type="OVERLAP" />
<TLINK id="TL59" fromID="E51" fromText="Follow up" toID="E31" toText="recommended" type="OVERLAP" />
<TLINK id="TL60" fromID="T13" fromText="eight months" toID="E31" toText="recommended" type="OVERLAP" />
<TLINK id="TL61" fromID="E52" fromText="examined" toID="E31" toText="recommended" type="OVERLAP" />
<TLINK id="TL62" fromID="E52" fromText="examined" toID="T9" toText="2009-01-14" type="OVERLAP" />
<TLINK id="TL63" fromID="E32" fromText="revealing" toID="E52" toText="examined" type="OVERLAP" />
<TLINK id="TL64" fromID="E53" fromText="mature retinal vessels" toID="E32" toText="revealing" type="OVERLAP" />
<TLINK id="TL65" fromID="E54" fromText="A follow up examination" toID="E53" toText="mature retinal vessels" type="OVERLAP" />
<TLINK id="TL66" fromID="E54" fromText="A follow up examination" toID="E33" toText="recommended" type="OVERLAP" />
<TLINK id="TL67" fromID="T14" fromText="six to eight months" toID="E33" toText="recommended" type="OVERLAP" />
<TLINK id="TL68" fromID="E55" fromText="Bridgewater State Hospital Center" toID="E33" toText="recommended" type="AFTER" />
<TLINK id="TL69" fromID="E56" fromText="social work" toID="E55" toText="Bridgewater State Hospital Center" type="OVERLAP" />
<TLINK id="SECTIME0" fromID="E30" fromText="Admission" toID="T1" toText="2008-12-24" type="BEFORE" />
<TLINK id="SECTIME1" fromID="E15" fromText="hypoglycemia issues" toID="T2" toText="2009-02-06" type="BEFORE" />
<TLINK id="SECTIME2" fromID="E41" fromText="noted" toID="T2" toText="2009-02-06" type="BEFORE" />
<TLINK id="SECTIME3" fromID="E42" fromText="tolerating" toID="T2" toText="2009-02-06" type="OVERLAP" />
<TLINK id="SECTIME4" fromID="E43" fromText="mother 's breastmilk" toID="T2" toText="2009-02-06" type="OVERLAP" />
<TLINK id="SECTIME5" fromID="E44" fromText="Enfamil powder" toID="T2" toText="2009-02-06" type="OVERLAP" />
<TLINK id="SECTIME6" fromID="E45" fromText="breastfeeding" toID="T2" toText="2009-02-06" type="OVERLAP" />
<TLINK id="SECTIME7" fromID="E46" fromText="alternating feeds" toID="T2" toText="2009-02-06" type="BEFORE" />
<TLINK id="SECTIME8" fromID="E16" fromText="Peak bilirubin" toID="T2" toText="2009-02-06" type="BEFORE" />
<TLINK id="SECTIME9" fromID="E17" fromText="phototherapy" toID="T2" toText="2009-02-06" type="BEFORE" />
<TLINK id="SECTIME10" fromID="E18" fromText="Rebound bilirubin" toID="T2" toText="2009-02-06" type="BEFORE" />
<TLINK id="SECTIME11" fromID="E19" fromText="hematocrit" toID="T2" toText="2009-02-06" type="BEFORE" />
<TLINK id="SECTIME12" fromID="E20" fromText="blood products" toID="T2" toText="2009-02-06" type="BEFORE" />
<TLINK id="SECTIME13" fromID="E21" fromText="sepsis risk factors" toID="T2" toText="2009-02-06" type="BEFORE" />
<TLINK id="SECTIME14" fromID="E22" fromText="Initial complete blood count" toID="T2" toText="2009-02-06" type="BEFORE" />
<TLINK id="SECTIME15" fromID="E23" fromText="white blood cell count" toID="T2" toText="2009-02-06" type="BEFORE" />
<TLINK id="SECTIME16" fromID="E24" fromText="hemoglobin" toID="T2" toText="2009-02-06" type="BEFORE" />
<TLINK id="SECTIME17" fromID="E25" fromText="hematocrit" toID="T2" toText="2009-02-06" type="BEFORE" />
<TLINK id="SECTIME18" fromID="E26" fromText="neutrophils" toID="T2" toText="2009-02-06" type="BEFORE" />
<TLINK id="SECTIME19" fromID="E34" fromText="twin gestation" toID="T1" toText="2008-12-24" type="BEFORE" />
<TLINK id="SECTIME20" fromID="E47" fromText="bands" toID="T2" toText="2009-02-06" type="BEFORE" />
<TLINK id="SECTIME21" fromID="E27" fromText="lymphocytes" toID="T2" toText="2009-02-06" type="BEFORE" />
<TLINK id="SECTIME22" fromID="E48" fromText="Blood cultures" toID="T2" toText="2009-02-06" type="BEFORE" />
<TLINK id="SECTIME23" fromID="E49" fromText="Normal head ultrasound" toID="T2" toText="2009-02-06" type="BEFORE" />
<TLINK id="SECTIME24" fromID="E28" fromText="hearing screening" toID="T2" toText="2009-02-06" type="BEFORE" />
<TLINK id="SECTIME25" fromID="E35" fromText="born" toID="T1" toText="2008-12-24" type="BEFORE" />
<TLINK id="SECTIME26" fromID="E50" fromText="automated auditory brain stem responses" toID="T2" toText="2009-02-06" type="BEFORE" />
<TLINK id="SECTIME27" fromID="E29" fromText="hearing test" toID="T2" toText="2009-02-06" type="OVERLAP" />
<TLINK id="SECTIME28" fromID="E51" fromText="Follow up" toID="T2" toText="2009-02-06" type="AFTER" />
<TLINK id="SECTIME29" fromID="E31" fromText="recommended" toID="T2" toText="2009-02-06" type="BEFORE" />
<TLINK id="SECTIME30" fromID="E52" fromText="examined" toID="T2" toText="2009-02-06" type="BEFORE" />
<TLINK id="SECTIME31" fromID="E32" fromText="revealing" toID="T2" toText="2009-02-06" type="BEFORE" />
<TLINK id="SECTIME32" fromID="E53" fromText="mature retinal vessels" toID="T2" toText="2009-02-06" type="BEFORE" />
<TLINK id="SECTIME33" fromID="E54" fromText="A follow up examination" toID="T2" toText="2009-02-06" type="AFTER" />
<TLINK id="SECTIME34" fromID="E33" fromText="recommended" toID="T2" toText="2009-02-06" type="BEFORE" />
<TLINK id="SECTIME35" fromID="E55" fromText="Bridgewater State Hospital Center" toID="T2" toText="2009-02-06" type="BEFORE" />
<TLINK id="SECTIME36" fromID="E56" fromText="social work" toID="T2" toText="2009-02-06" type="BEFORE" />
<TLINK id="SECTIME37" fromID="E0" fromText="Discharge" toID="T1" toText="2008-12-24" type="BEFORE" />
<TLINK id="SECTIME38" fromID="E1" fromText="nasal cannula oxygen" toID="T2" toText="2009-02-06" type="BEFORE" />
<TLINK id="SECTIME39" fromID="E2" fromText="oxygen saturation" toID="T2" toText="2009-02-06" type="BEFORE" />
<TLINK id="SECTIME40" fromID="E3" fromText="caffeine" toID="T2" toText="2009-02-06" type="BEFORE" />
<TLINK id="SECTIME41" fromID="E36" fromText="weaned" toID="T2" toText="2009-02-06" type="BEFORE" />
<TLINK id="SECTIME42" fromID="E57" fromText="room air" toID="T2" toText="2009-02-06" type="BEFORE" />
<TLINK id="SECTIME43" fromID="E4" fromText="Caffeine" toID="T2" toText="2009-02-06" type="BEFORE" />
<TLINK id="SECTIME44" fromID="E5" fromText="Breath sounds" toID="T2" toText="2009-02-06" type="BEFORE" />
<TLINK id="SECTIME45" fromID="E37" fromText="clear" toID="T2" toText="2009-02-06" type="BEFORE" />
<TLINK id="SECTIME46" fromID="E38" fromText="equal" toID="T2" toText="2009-02-06" type="BEFORE" />
<TLINK id="SECTIME47" fromID="E6" fromText="retractions" toID="T2" toText="2009-02-06" type="BEFORE" />
<TLINK id="SECTIME48" fromID="E7" fromText="respiratory rate" toID="T2" toText="2009-02-06" type="BEFORE" />
<TLINK id="SECTIME49" fromID="E39" fromText="cardiovascularly stable" toID="T2" toText="2009-02-06" type="BEFORE" />
<TLINK id="SECTIME50" fromID="E8" fromText="murmur" toID="T2" toText="2009-02-06" type="BEFORE" />
<TLINK id="SECTIME51" fromID="E9" fromText="Birthweight" toID="T2" toText="2009-02-06" type="BEFORE" />
<TLINK id="SECTIME52" fromID="E10" fromText="D10 / W" toID="T2" toText="2009-02-06" type="BEFORE" />
<TLINK id="SECTIME53" fromID="E11" fromText="enteral feeds" toID="T2" toText="2009-02-06" type="BEFORE" />
<TLINK id="SECTIME54" fromID="E40" fromText="mother 's breastmilk" toID="T2" toText="2009-02-06" type="BEFORE" />
<TLINK id="SECTIME55" fromID="E12" fromText="ProMod" toID="T2" toText="2009-02-06" type="BEFORE" />
<TLINK id="SECTIME56" fromID="E13" fromText="parenteral nutrition" toID="T2" toText="2009-02-06" type="BEFORE" />
<TLINK id="SECTIME57" fromID="E14" fromText="lipids" toID="T2" toText="2009-02-06" type="BEFORE" />
</TAGS>
</ClinicalNarrativeTemporalAnnotation>