<?xml version="1.0" encoding="UTF-8" ?>
<ClinicalNarrativeTemporalAnnotation>
<TEXT><![CDATA[
Admission Date :
01/05/1994
Discharge Date :
01/25/1994
HISTORY OF PRESENT ILLNESS :
The patient is a 49 year old woman with a metastatic adenocarcinoma of the breast who is status post high dose chemotherapy with PBSE and CCSS support ending June 1994 .
She was admitted on 1-5-94 for fever , chest wall ulceration , cellulitis and pain control .
The patient first presented in October 1991 with a tender right axillary mass .
A mammogram done in November 1990 was negative .
However , mammography repeated in October 1991 showed bilateral breast masses , suspicious for carcinoma .
Fine needle aspiration on October 23 , 1991 demonstrated atypical cells which occurred singly and in clusters .
Staging evaluation included normal liver function tests , normal blood counts and normal chest x-ray .
Bone scan showed degenerative joint disease in the shoulders and lumbar spine as well as increased radio chaser uptake in the breast bilaterally .
Dr. Berca Gachfrum performed a right modified mastectomy and left simple mastectomy on November 4 , 1991 .
The right modified radical mastectomy contained a 5.5 cm poorly differentiated , Grade III out of III infiltrating ductal carcinoma .
The margins were free of tumor , but 10 out of 21 lymph nodes were positive for metastatic carcinoma .
Furthermore there was a mass on the right pectoralis muscle which is supposed to be metastatic cancer .
The left simple mastectomy also contained 5.5 cm poorly differentiated infiltrating ductal and intraductal carcinoma with extensive lymphatic vessel invasion .
Estrogen receptor was 0% by ERICA .
The patient developed a large hematoma requiring surgical drainage .
Therefore she had a Stage III-A adenocarcinoma of the breast .
Since she was at high risk for both local and metastatic recurrence of her tumor , she received both systemic chemotherapy and radiation therapy .
The patient was treated with CMSAP , which is Cytoxan , Methotrexate , Leukovoranrescue , 5-FU , Adriamycin and Prednisone for four cycles .
There were no dose reductions for mucositis or myelosuppression .
However , following cycle 4 , she developed a flu-like illness , followed by fever , nonproductive cough and dyspnea on exertion .
ABGs showed a pO2 of 79 , pH 7.44 , pO2 33 .
Chest x-ray showed diffuse interstitial infiltrates .
The differential diagnosis included viral pneumonitis , Mycoplasma , Chlamydia .
Basically in December 1993 , she returned to the Hem / Onc Clinic with chest wall nodules which turned out to be tumor recurrences and biopsied .
Although she had mediastinal recurrence , bone scan , head and liver CT were negative for metastatic disease .
She was thus started on a Protocol of high dose chemotherapy with GCSF and peripheral stem cell support .
Complications has mainly included myelosuppression and mucositis .
She also developed Klebsiella UTI after the second cycle of high dose chemotherapy .
It was treated with gent and Cipro .
Re-staging done in April 1993 showed a decrease in the pretracheal nodes with question of some lymphangitic spread versus some pneumonitis .
In May 1994 she received her first course of thiotepa and Velban and Methotrexate , which required some red cell transfusions .
In mid May she was admitted for fever and neutropenia and at that time had a UTI with blood clots in the urine .
The patient presents today with complaints of fever and a temperature of 100 .
She has also been having diarrhea since November and her other complaints of admission include confusion , nausea and vomiting .
We will include a very thorough HPI with this dictation that was done by Dr. Wedleung .
]]></TEXT>
<TAGS>
<TLINK id="TL1" fromID="E0" fromText="Admission" toID="T1" toText="01/05/1994" type="OVERLAP" />
<TLINK id="TL2" fromID="E87" fromText="Discharge" toID="T1" toText="01/05/1994" type="OVERLAP" />
<TLINK id="TL3" fromID="E87" fromText="Discharge" toID="T2" toText="01/25/1994" type="OVERLAP" />
<TLINK id="TL4" fromID="E1" fromText="a metastatic adenocarcinoma of the breast" toID="E2" toText="high dose chemotherapy" type="BEFORE" />
<TLINK id="TL5" fromID="E3" fromText="PBSE" toID="E2" toText="high dose chemotherapy" type="OVERLAP" />
<TLINK id="TL6" fromID="E4" fromText="CCSS support" toID="E3" toText="PBSE" type="OVERLAP" />
<TLINK id="TL7" fromID="E4" fromText="CCSS support" toID="T3" toText="June 1994" type="OVERLAP" />
<TLINK id="TL8" fromID="E4" fromText="CCSS support" toID="E88" toText="admitted" type="OVERLAP" />
<TLINK id="TL9" fromID="E88" fromText="admitted" toID="T9" toText="1-5-94" type="OVERLAP" />
<TLINK id="TL10" fromID="E5" fromText="fever" toID="E88" toText="admitted" type="OVERLAP" />
<TLINK id="TL11" fromID="E6" fromText="chest wall ulceration" toID="E5" toText="fever" type="OVERLAP" />
<TLINK id="TL12" fromID="E7" fromText="cellulitis" toID="E6" toText="chest wall ulceration" type="OVERLAP" />
<TLINK id="TL13" fromID="E7" fromText="cellulitis" toID="E8" toText="pain control" type="OVERLAP" />
<TLINK id="TL14" fromID="E8" fromText="pain control" toID="E94" toText="presented" type="OVERLAP" />
<TLINK id="TL15" fromID="E94" fromText="presented" toID="T4" toText="October 1991" type="OVERLAP" />
<TLINK id="TL16" fromID="E9" fromText="a tender right axillary mass" toID="E94" toText="presented" type="OVERLAP" />
<TLINK id="TL17" fromID="E95" fromText="A mammogram" toID="E94" toText="presented" type="AFTER" />
<TLINK id="TL18" fromID="E95" fromText="A mammogram" toID="T5" toText="November 1990" type="OVERLAP" />
<TLINK id="TL19" fromID="E95" fromText="A mammogram" toID="E96" toText="negative" type="OVERLAP" />
<TLINK id="TL20" fromID="E10" fromText="mammography" toID="E96" toText="negative" type="OVERLAP" />
<TLINK id="TL21" fromID="E10" fromText="mammography" toID="T6" toText="October 1991" type="OVERLAP" />
<TLINK id="TL22" fromID="E97" fromText="showed" toID="E10" toText="mammography" type="OVERLAP" />
<TLINK id="TL23" fromID="E11" fromText="bilateral breast masses" toID="E97" toText="showed" type="BEFORE" />
<TLINK id="TL24" fromID="E12" fromText="carcinoma" toID="E11" toText="bilateral breast masses" type="OVERLAP" />
<TLINK id="TL25" fromID="E13" fromText="Fine needle aspiration" toID="E10" toText="mammography" type="OVERLAP" />
<TLINK id="TL26" fromID="E13" fromText="Fine needle aspiration" toID="T10" toText="October 23 , 1991" type="OVERLAP" />
<TLINK id="TL27" fromID="E98" fromText="demonstrated" toID="E13" toText="Fine needle aspiration" type="OVERLAP" />
<TLINK id="TL28" fromID="E14" fromText="atypical cells" toID="E98" toText="demonstrated" type="BEFORE" />
<TLINK id="TL29" fromID="E15" fromText="Staging evaluation" toID="E98" toText="demonstrated" type="OVERLAP" />
<TLINK id="TL30" fromID="E15" fromText="Staging evaluation" toID="E89" toText="normal liver function tests" type="OVERLAP" />
<TLINK id="TL31" fromID="E90" fromText="normal blood counts" toID="E89" toText="normal liver function tests" type="OVERLAP" />
<TLINK id="TL32" fromID="E99" fromText="normal chest x-ray" toID="E90" toText="normal blood counts" type="OVERLAP" />
<TLINK id="TL33" fromID="E16" fromText="Bone scan" toID="E99" toText="normal chest x-ray" type="OVERLAP" />
<TLINK id="TL34" fromID="E100" fromText="showed" toID="E16" toText="Bone scan" type="OVERLAP" />
<TLINK id="TL35" fromID="E101" fromText="degenerative joint disease" toID="E100" toText="showed" type="BEFORE" />
<TLINK id="TL36" fromID="E103" fromText="increased radio chaser uptake" toID="E100" toText="showed" type="BEFORE" />
<TLINK id="TL37" fromID="E103" fromText="increased radio chaser uptake" toID="E19" toText="a right modified mastectomy" type="OVERLAP" />
<TLINK id="TL38" fromID="E19" fromText="a right modified mastectomy" toID="E20" toText="left simple mastectomy" type="OVERLAP" />
<TLINK id="TL39" fromID="E20" fromText="left simple mastectomy" toID="T7" toText="November 4 , 1991" type="OVERLAP" />
<TLINK id="TL40" fromID="E21" fromText="The right modified radical mastectomy" toID="T7" toText="November 4 , 1991" type="OVERLAP" />
<TLINK id="TL41" fromID="E22" fromText="a 5.5 cm poorly differentiated , Grade III out of III infiltrating ductal carcinoma" toID="E21" toText="The right modified radical mastectomy" type="BEFORE" />
<TLINK id="TL42" fromID="E23" fromText="tumor" toID="E22" toText="a 5.5 cm poorly differentiated , Grade III out of III infiltrating ductal carcinoma" type="OVERLAP" />
<TLINK id="TL43" fromID="E24" fromText="metastatic carcinoma" toID="E23" toText="tumor" type="OVERLAP" />
<TLINK id="TL44" fromID="E104" fromText="a mass" toID="E24" toText="metastatic carcinoma" type="OVERLAP" />
<TLINK id="TL45" fromID="E105" fromText="metastatic cancer" toID="E104" toText="a mass" type="OVERLAP" />
<TLINK id="TL46" fromID="E105" fromText="metastatic cancer" toID="E26" toText="The left simple mastectomy" type="OVERLAP" />
<TLINK id="TL47" fromID="E27" fromText="5.5 cm poorly differentiated infiltrating ductal and intraductal carcinoma" toID="E26" toText="The left simple mastectomy" type="BEFORE" />
<TLINK id="TL48" fromID="E28" fromText="extensive lymphatic vessel invasion" toID="E27" toText="5.5 cm poorly differentiated infiltrating ductal and intraductal carcinoma" type="OVERLAP" />
<TLINK id="TL49" fromID="E28" fromText="extensive lymphatic vessel invasion" toID="E29" toText="Estrogen receptor" type="OVERLAP" />
<TLINK id="TL50" fromID="E30" fromText="a large hematoma" toID="E29" toText="Estrogen receptor" type="OVERLAP" />
<TLINK id="TL51" fromID="E30" fromText="a large hematoma" toID="E31" toText="surgical drainage" type="BEFORE" />
<TLINK id="TL52" fromID="E32" fromText="a Stage III-A adenocarcinoma of the breast" toID="E31" toText="surgical drainage" type="OVERLAP" />
<TLINK id="TL53" fromID="E106" fromText="local and metastatic recurrence" toID="E32" toText="a Stage III-A adenocarcinoma of the breast" type="OVERLAP" />
<TLINK id="TL54" fromID="E106" fromText="local and metastatic recurrence" toID="E33" toText="her tumor" type="OVERLAP" />
<TLINK id="TL55" fromID="E33" fromText="her tumor" toID="E34" toText="systemic chemotherapy" type="OVERLAP" />
<TLINK id="TL56" fromID="E34" fromText="systemic chemotherapy" toID="E35" toText="radiation therapy" type="OVERLAP" />
<TLINK id="TL57" fromID="E36" fromText="CMSAP" toID="E35" toText="radiation therapy" type="OVERLAP" />
<TLINK id="TL58" fromID="E37" fromText="Cytoxan" toID="E36" toText="CMSAP" type="OVERLAP" />
<TLINK id="TL59" fromID="E37" fromText="Cytoxan" toID="E38" toText="Methotrexate" type="OVERLAP" />
<TLINK id="TL60" fromID="E39" fromText="Leukovoranrescue" toID="E38" toText="Methotrexate" type="OVERLAP" />
<TLINK id="TL61" fromID="E40" fromText="5-FU" toID="E39" toText="Leukovoranrescue" type="OVERLAP" />
<TLINK id="TL62" fromID="E40" fromText="5-FU" toID="E41" toText="Adriamycin" type="OVERLAP" />
<TLINK id="TL63" fromID="E42" fromText="Prednisone" toID="E41" toText="Adriamycin" type="OVERLAP" />
<TLINK id="TL64" fromID="E42" fromText="Prednisone" toID="T11" toText="four cycles" type="OVERLAP" />
<TLINK id="TL65" fromID="E107" fromText="dose reductions" toID="E41" toText="Adriamycin" type="OVERLAP" />
<TLINK id="TL66" fromID="E43" fromText="mucositis" toID="E107" toText="dose reductions" type="BEFORE" />
<TLINK id="TL67" fromID="E44" fromText="myelosuppression" toID="E43" toText="mucositis" type="OVERLAP" />
<TLINK id="TL68" fromID="E44" fromText="myelosuppression" toID="E108" toText="cycle 4" type="OVERLAP" />
<TLINK id="TL69" fromID="E45" fromText="a flu-like illness" toID="E108" toText="cycle 4" type="BEFORE" />
<TLINK id="TL70" fromID="E46" fromText="fever" toID="E45" toText="a flu-like illness" type="OVERLAP" />
<TLINK id="TL71" fromID="E47" fromText="nonproductive cough" toID="E46" toText="fever" type="OVERLAP" />
<TLINK id="TL72" fromID="E48" fromText="dyspnea" toID="E47" toText="nonproductive cough" type="OVERLAP" />
<TLINK id="TL73" fromID="E48" fromText="dyspnea" toID="E49" toText="ABGs" type="OVERLAP" />
<TLINK id="TL74" fromID="E109" fromText="showed" toID="E49" toText="ABGs" type="OVERLAP" />
<TLINK id="TL75" fromID="E50" fromText="a pO2" toID="E109" toText="showed" type="OVERLAP" />
<TLINK id="TL76" fromID="E51" fromText="pH" toID="E50" toText="a pO2" type="OVERLAP" />
<TLINK id="TL77" fromID="E51" fromText="pH" toID="E110" toText="pO2" type="OVERLAP" />
<TLINK id="TL78" fromID="E52" fromText="Chest x-ray" toID="E110" toText="pO2" type="OVERLAP" />
<TLINK id="TL79" fromID="E111" fromText="showed" toID="E52" toText="Chest x-ray" type="OVERLAP" />
<TLINK id="TL80" fromID="E53" fromText="diffuse interstitial infiltrates" toID="E111" toText="showed" type="BEFORE" />
<TLINK id="TL81" fromID="E53" fromText="diffuse interstitial infiltrates" toID="E91" toText="The differential diagnosis" type="OVERLAP" />
<TLINK id="TL82" fromID="E112" fromText="viral pneumonitis" toID="E91" toText="The differential diagnosis" type="OVERLAP" />
<TLINK id="TL83" fromID="E113" fromText="Mycoplasma" toID="E112" toText="viral pneumonitis" type="OVERLAP" />
<TLINK id="TL84" fromID="E114" fromText="Chlamydia" toID="E113" toText="Mycoplasma" type="OVERLAP" />
<TLINK id="TL85" fromID="E114" fromText="Chlamydia" toID="T8" toText="December 1993" type="AFTER" />
<TLINK id="TL86" fromID="E92" fromText="the Hem / Onc Clinic" toID="T8" toText="December 1993" type="OVERLAP" />
<TLINK id="TL87" fromID="E54" fromText="chest wall nodules" toID="E92" toText="the Hem / Onc Clinic" type="BEFORE" />
<TLINK id="TL88" fromID="E55" fromText="tumor recurrences" toID="E54" toText="chest wall nodules" type="OVERLAP" />
<TLINK id="TL89" fromID="E55" fromText="tumor recurrences" toID="E115" toText="biopsied" type="OVERLAP" />
<TLINK id="TL90" fromID="E56" fromText="mediastinal recurrence" toID="E115" toText="biopsied" type="BEFORE" />
<TLINK id="TL91" fromID="E56" fromText="mediastinal recurrence" toID="E57" toText="bone scan" type="OVERLAP" />
<TLINK id="TL92" fromID="E58" fromText="head and liver CT" toID="E57" toText="bone scan" type="OVERLAP" />
<TLINK id="TL93" fromID="E58" fromText="head and liver CT" toID="E116" toText="negative" type="OVERLAP" />
<TLINK id="TL94" fromID="E59" fromText="metastatic disease" toID="E116" toText="negative" type="BEFORE" />
<TLINK id="TL95" fromID="E59" fromText="metastatic disease" toID="E60" toText="high dose chemotherapy" type="OVERLAP" />
<TLINK id="TL96" fromID="E60" fromText="high dose chemotherapy" toID="E61" toText="GCSF" type="OVERLAP" />
<TLINK id="TL97" fromID="E62" fromText="peripheral stem cell support" toID="E61" toText="GCSF" type="OVERLAP" />
<TLINK id="TL98" fromID="E63" fromText="Complications" toID="E62" toText="peripheral stem cell support" type="OVERLAP" />
<TLINK id="TL99" fromID="E64" fromText="myelosuppression" toID="E63" toText="Complications" type="OVERLAP" />
<TLINK id="TL100" fromID="E65" fromText="mucositis" toID="E64" toText="myelosuppression" type="OVERLAP" />
<TLINK id="TL101" fromID="E66" fromText="Klebsiella UTI" toID="E65" toText="mucositis" type="OVERLAP" />
<TLINK id="TL102" fromID="E66" fromText="Klebsiella UTI" toID="E117" toText="the second cycle" type="BEFORE" />
<TLINK id="TL103" fromID="E67" fromText="high dose chemotherapy" toID="E117" toText="the second cycle" type="OVERLAP" />
<TLINK id="TL104" fromID="E68" fromText="gent" toID="E67" toText="high dose chemotherapy" type="OVERLAP" />
<TLINK id="TL105" fromID="E69" fromText="Cipro" toID="E68" toText="gent" type="OVERLAP" />
<TLINK id="TL106" fromID="E69" fromText="Cipro" toID="E70" toText="Re-staging" type="OVERLAP" />
<TLINK id="TL107" fromID="E70" fromText="Re-staging" toID="T12" toText="April 1993" type="OVERLAP" />
<TLINK id="TL108" fromID="E118" fromText="showed" toID="E70" toText="Re-staging" type="OVERLAP" />
<TLINK id="TL109" fromID="E119" fromText="a decrease in the pretracheal nodes" toID="E118" toText="showed" type="OVERLAP" />
<TLINK id="TL110" fromID="E71" fromText="some lymphangitic spread" toID="E119" toText="a decrease in the pretracheal nodes" type="OVERLAP" />
<TLINK id="TL111" fromID="E72" fromText="some pneumonitis" toID="E71" toText="some lymphangitic spread" type="OVERLAP" />
<TLINK id="TL112" fromID="E72" fromText="some pneumonitis" toID="T0" toText="May 1994" type="AFTER" />
<TLINK id="TL113" fromID="T0" fromText="May 1994" toID="E120" toText="her first course" type="OVERLAP" />
<TLINK id="TL114" fromID="E73" fromText="thiotepa" toID="E120" toText="her first course" type="OVERLAP" />
<TLINK id="TL115" fromID="E74" fromText="Velban" toID="E73" toText="thiotepa" type="OVERLAP" />
<TLINK id="TL116" fromID="E74" fromText="Velban" toID="E75" toText="Methotrexate" type="OVERLAP" />
<TLINK id="TL117" fromID="E76" fromText="some red cell transfusions" toID="E75" toText="Methotrexate" type="OVERLAP" />
<TLINK id="TL118" fromID="E76" fromText="some red cell transfusions" toID="T13" toText="mid May" type="OVERLAP" />
<TLINK id="TL119" fromID="T13" fromText="mid May" toID="E121" toText="admitted" type="OVERLAP" />
<TLINK id="TL120" fromID="E77" fromText="fever" toID="E121" toText="admitted" type="OVERLAP" />
<TLINK id="TL121" fromID="E78" fromText="neutropenia" toID="E77" toText="fever" type="OVERLAP" />
<TLINK id="TL122" fromID="E78" fromText="neutropenia" toID="T16" toText="that time" type="BEFORE" />
<TLINK id="TL123" fromID="E78" fromText="neutropenia" toID="E79" toText="a UTI" type="OVERLAP" />
<TLINK id="TL124" fromID="E80" fromText="blood clots in the urine" toID="E79" toText="a UTI" type="OVERLAP" />
<TLINK id="TL125" fromID="E80" fromText="blood clots in the urine" toID="E122" toText="presents" type="OVERLAP" />
<TLINK id="TL126" fromID="E122" fromText="presents" toID="T14" toText="today" type="OVERLAP" />
<TLINK id="TL127" fromID="E123" fromText="complaints" toID="E122" toText="presents" type="OVERLAP" />
<TLINK id="TL128" fromID="E81" fromText="fever" toID="E123" toText="complaints" type="BEFORE" />
<TLINK id="TL129" fromID="E82" fromText="a temperature" toID="E123" toText="complaints" type="OVERLAP" />
<TLINK id="TL130" fromID="E83" fromText="diarrhea" toID="E82" toText="a temperature" type="OVERLAP" />
<TLINK id="TL131" fromID="E83" fromText="diarrhea" toID="T15" toText="November" type="AFTER" />
<TLINK id="TL132" fromID="E83" fromText="diarrhea" toID="E124" toText="complaints" type="OVERLAP" />
<TLINK id="TL133" fromID="E124" fromText="complaints" toID="E93" toText="admission" type="OVERLAP" />
<TLINK id="TL134" fromID="E84" fromText="confusion" toID="E93" toText="admission" type="OVERLAP" />
<TLINK id="TL135" fromID="E85" fromText="nausea" toID="E124" toText="complaints" type="BEFORE" />
<TLINK id="TL136" fromID="E86" fromText="vomiting" toID="E85" toText="nausea" type="OVERLAP" />
<TLINK id="SECTIME0" fromID="E0" fromText="Admission" toID="T1" toText="01/05/1994" type="BEFORE" />
<TLINK id="SECTIME1" fromID="E20" fromText="left simple mastectomy" toID="T1" toText="01/05/1994" type="BEFORE" />
<TLINK id="SECTIME2" fromID="E21" fromText="The right modified radical mastectomy" toID="T1" toText="01/05/1994" type="BEFORE" />
<TLINK id="SECTIME3" fromID="E22" fromText="a 5.5 cm poorly differentiated , Grade III out of III infiltrating ductal carcinoma" toID="T1" toText="01/05/1994" type="BEFORE" />
<TLINK id="SECTIME4" fromID="E23" fromText="tumor" toID="T1" toText="01/05/1994" type="OVERLAP" />
<TLINK id="SECTIME5" fromID="E1" fromText="a metastatic adenocarcinoma of the breast" toID="T1" toText="01/05/1994" type="BEFORE" />
<TLINK id="SECTIME6" fromID="E24" fromText="metastatic carcinoma" toID="T1" toText="01/05/1994" type="BEFORE" />
<TLINK id="SECTIME7" fromID="E104" fromText="a mass" toID="T1" toText="01/05/1994" type="BEFORE" />
<TLINK id="SECTIME8" fromID="E105" fromText="metastatic cancer" toID="T1" toText="01/05/1994" type="BEFORE" />
<TLINK id="SECTIME9" fromID="E26" fromText="The left simple mastectomy" toID="T1" toText="01/05/1994" type="BEFORE" />
<TLINK id="SECTIME10" fromID="E27" fromText="5.5 cm poorly differentiated infiltrating ductal and intraductal carcinoma" toID="T1" toText="01/05/1994" type="BEFORE" />
<TLINK id="SECTIME11" fromID="E28" fromText="extensive lymphatic vessel invasion" toID="T1" toText="01/05/1994" type="BEFORE" />
<TLINK id="SECTIME12" fromID="E29" fromText="Estrogen receptor" toID="T1" toText="01/05/1994" type="BEFORE" />
<TLINK id="SECTIME13" fromID="E30" fromText="a large hematoma" toID="T1" toText="01/05/1994" type="BEFORE" />
<TLINK id="SECTIME14" fromID="E31" fromText="surgical drainage" toID="T1" toText="01/05/1994" type="AFTER" />
<TLINK id="SECTIME15" fromID="E32" fromText="a Stage III-A adenocarcinoma of the breast" toID="T1" toText="01/05/1994" type="BEFORE" />
<TLINK id="SECTIME16" fromID="E106" fromText="local and metastatic recurrence" toID="T1" toText="01/05/1994" type="BEFORE" />
<TLINK id="SECTIME17" fromID="E33" fromText="her tumor" toID="T1" toText="01/05/1994" type="BEFORE" />
<TLINK id="SECTIME18" fromID="E34" fromText="systemic chemotherapy" toID="T1" toText="01/05/1994" type="BEFORE" />
<TLINK id="SECTIME19" fromID="E35" fromText="radiation therapy" toID="T1" toText="01/05/1994" type="BEFORE" />
<TLINK id="SECTIME20" fromID="E2" fromText="high dose chemotherapy" toID="T1" toText="01/05/1994" type="BEFORE" />
<TLINK id="SECTIME21" fromID="E36" fromText="CMSAP" toID="T1" toText="01/05/1994" type="BEFORE" />
<TLINK id="SECTIME22" fromID="E37" fromText="Cytoxan" toID="T1" toText="01/05/1994" type="BEFORE" />
<TLINK id="SECTIME23" fromID="E38" fromText="Methotrexate" toID="T1" toText="01/05/1994" type="BEFORE" />
<TLINK id="SECTIME24" fromID="E39" fromText="Leukovoranrescue" toID="T1" toText="01/05/1994" type="BEFORE" />
<TLINK id="SECTIME25" fromID="E40" fromText="5-FU" toID="T1" toText="01/05/1994" type="BEFORE" />
<TLINK id="SECTIME26" fromID="E41" fromText="Adriamycin" toID="T1" toText="01/05/1994" type="BEFORE" />
<TLINK id="SECTIME27" fromID="E42" fromText="Prednisone" toID="T1" toText="01/05/1994" type="BEFORE" />
<TLINK id="SECTIME28" fromID="E107" fromText="dose reductions" toID="T1" toText="01/05/1994" type="BEFORE" />
<TLINK id="SECTIME29" fromID="E43" fromText="mucositis" toID="T1" toText="01/05/1994" type="BEFORE" />
<TLINK id="SECTIME30" fromID="E44" fromText="myelosuppression" toID="T1" toText="01/05/1994" type="BEFORE" />
<TLINK id="SECTIME31" fromID="E108" fromText="cycle 4" toID="T1" toText="01/05/1994" type="BEFORE" />
<TLINK id="SECTIME32" fromID="E45" fromText="a flu-like illness" toID="T1" toText="01/05/1994" type="BEFORE" />
<TLINK id="SECTIME33" fromID="E3" fromText="PBSE" toID="T1" toText="01/05/1994" type="BEFORE" />
<TLINK id="SECTIME34" fromID="E46" fromText="fever" toID="T1" toText="01/05/1994" type="BEFORE" />
<TLINK id="SECTIME35" fromID="E47" fromText="nonproductive cough" toID="T1" toText="01/05/1994" type="BEFORE" />
<TLINK id="SECTIME36" fromID="E48" fromText="dyspnea" toID="T1" toText="01/05/1994" type="BEFORE" />
<TLINK id="SECTIME37" fromID="E49" fromText="ABGs" toID="T1" toText="01/05/1994" type="BEFORE" />
<TLINK id="SECTIME38" fromID="E109" fromText="showed" toID="T1" toText="01/05/1994" type="BEFORE" />
<TLINK id="SECTIME39" fromID="E50" fromText="a pO2" toID="T1" toText="01/05/1994" type="BEFORE" />
<TLINK id="SECTIME40" fromID="E4" fromText="CCSS support" toID="T1" toText="01/05/1994" type="BEFORE" />
<TLINK id="SECTIME41" fromID="E51" fromText="pH" toID="T1" toText="01/05/1994" type="BEFORE" />
<TLINK id="SECTIME42" fromID="E110" fromText="pO2" toID="T1" toText="01/05/1994" type="BEFORE" />
<TLINK id="SECTIME43" fromID="E52" fromText="Chest x-ray" toID="T1" toText="01/05/1994" type="BEFORE" />
<TLINK id="SECTIME44" fromID="E111" fromText="showed" toID="T1" toText="01/05/1994" type="BEFORE" />
<TLINK id="SECTIME45" fromID="E53" fromText="diffuse interstitial infiltrates" toID="T1" toText="01/05/1994" type="BEFORE" />
<TLINK id="SECTIME46" fromID="E91" fromText="The differential diagnosis" toID="T1" toText="01/05/1994" type="BEFORE" />
<TLINK id="SECTIME47" fromID="E112" fromText="viral pneumonitis" toID="T1" toText="01/05/1994" type="BEFORE" />
<TLINK id="SECTIME48" fromID="E113" fromText="Mycoplasma" toID="T1" toText="01/05/1994" type="BEFORE" />
<TLINK id="SECTIME49" fromID="E114" fromText="Chlamydia" toID="T1" toText="01/05/1994" type="BEFORE" />
<TLINK id="SECTIME50" fromID="E92" fromText="the Hem / Onc Clinic" toID="T1" toText="01/05/1994" type="BEFORE" />
<TLINK id="SECTIME51" fromID="E54" fromText="chest wall nodules" toID="T1" toText="01/05/1994" type="BEFORE" />
<TLINK id="SECTIME52" fromID="E55" fromText="tumor recurrences" toID="T1" toText="01/05/1994" type="BEFORE" />
<TLINK id="SECTIME53" fromID="E115" fromText="biopsied" toID="T1" toText="01/05/1994" type="BEFORE" />
<TLINK id="SECTIME54" fromID="E56" fromText="mediastinal recurrence" toID="T1" toText="01/05/1994" type="BEFORE" />
<TLINK id="SECTIME55" fromID="E57" fromText="bone scan" toID="T1" toText="01/05/1994" type="BEFORE" />
<TLINK id="SECTIME56" fromID="E58" fromText="head and liver CT" toID="T1" toText="01/05/1994" type="BEFORE" />
<TLINK id="SECTIME57" fromID="E116" fromText="negative" toID="T1" toText="01/05/1994" type="BEFORE" />
<TLINK id="SECTIME58" fromID="E59" fromText="metastatic disease" toID="T1" toText="01/05/1994" type="BEFORE" />
<TLINK id="SECTIME59" fromID="E88" fromText="admitted" toID="T1" toText="01/05/1994" type="BEFORE" />
<TLINK id="SECTIME60" fromID="E60" fromText="high dose chemotherapy" toID="T1" toText="01/05/1994" type="BEFORE" />
<TLINK id="SECTIME61" fromID="E61" fromText="GCSF" toID="T1" toText="01/05/1994" type="BEFORE" />
<TLINK id="SECTIME62" fromID="E62" fromText="peripheral stem cell support" toID="T1" toText="01/05/1994" type="BEFORE" />
<TLINK id="SECTIME63" fromID="E63" fromText="Complications" toID="T1" toText="01/05/1994" type="BEFORE" />
<TLINK id="SECTIME64" fromID="E64" fromText="myelosuppression" toID="T1" toText="01/05/1994" type="BEFORE" />
<TLINK id="SECTIME65" fromID="E65" fromText="mucositis" toID="T1" toText="01/05/1994" type="BEFORE" />
<TLINK id="SECTIME66" fromID="E66" fromText="Klebsiella UTI" toID="T1" toText="01/05/1994" type="BEFORE" />
<TLINK id="SECTIME67" fromID="E5" fromText="fever" toID="T1" toText="01/05/1994" type="BEFORE" />
<TLINK id="SECTIME68" fromID="E117" fromText="the second cycle" toID="T1" toText="01/05/1994" type="OVERLAP" />
<TLINK id="SECTIME69" fromID="E67" fromText="high dose chemotherapy" toID="T1" toText="01/05/1994" type="BEFORE" />
<TLINK id="SECTIME70" fromID="E87" fromText="Discharge" toID="T1" toText="01/05/1994" type="BEFORE" />
<TLINK id="SECTIME71" fromID="E68" fromText="gent" toID="T1" toText="01/05/1994" type="BEFORE" />
<TLINK id="SECTIME72" fromID="E69" fromText="Cipro" toID="T1" toText="01/05/1994" type="BEFORE" />
<TLINK id="SECTIME73" fromID="E70" fromText="Re-staging" toID="T1" toText="01/05/1994" type="BEFORE" />
<TLINK id="SECTIME74" fromID="E6" fromText="chest wall ulceration" toID="T1" toText="01/05/1994" type="BEFORE" />
<TLINK id="SECTIME75" fromID="E118" fromText="showed" toID="T1" toText="01/05/1994" type="BEFORE" />
<TLINK id="SECTIME76" fromID="E119" fromText="a decrease in the pretracheal nodes" toID="T1" toText="01/05/1994" type="BEFORE" />
<TLINK id="SECTIME77" fromID="E71" fromText="some lymphangitic spread" toID="T1" toText="01/05/1994" type="BEFORE" />
<TLINK id="SECTIME78" fromID="E72" fromText="some pneumonitis" toID="T1" toText="01/05/1994" type="BEFORE" />
<TLINK id="SECTIME79" fromID="E120" fromText="her first course" toID="T1" toText="01/05/1994" type="BEFORE" />
<TLINK id="SECTIME80" fromID="E73" fromText="thiotepa" toID="T1" toText="01/05/1994" type="BEFORE" />
<TLINK id="SECTIME81" fromID="E74" fromText="Velban" toID="T1" toText="01/05/1994" type="BEFORE" />
<TLINK id="SECTIME82" fromID="E75" fromText="Methotrexate" toID="T1" toText="01/05/1994" type="BEFORE" />
<TLINK id="SECTIME83" fromID="E76" fromText="some red cell transfusions" toID="T1" toText="01/05/1994" type="BEFORE" />
<TLINK id="SECTIME84" fromID="E7" fromText="cellulitis" toID="T1" toText="01/05/1994" type="BEFORE" />
<TLINK id="SECTIME85" fromID="E121" fromText="admitted" toID="T1" toText="01/05/1994" type="OVERLAP" />
<TLINK id="SECTIME86" fromID="E77" fromText="fever" toID="T1" toText="01/05/1994" type="BEFORE" />
<TLINK id="SECTIME87" fromID="E78" fromText="neutropenia" toID="T1" toText="01/05/1994" type="BEFORE" />
<TLINK id="SECTIME88" fromID="E79" fromText="a UTI" toID="T1" toText="01/05/1994" type="BEFORE" />
<TLINK id="SECTIME89" fromID="E80" fromText="blood clots in the urine" toID="T1" toText="01/05/1994" type="BEFORE" />
<TLINK id="SECTIME90" fromID="E8" fromText="pain control" toID="T1" toText="01/05/1994" type="BEFORE" />
<TLINK id="SECTIME91" fromID="E122" fromText="presents" toID="T1" toText="01/05/1994" type="OVERLAP" />
<TLINK id="SECTIME92" fromID="E123" fromText="complaints" toID="T1" toText="01/05/1994" type="BEFORE" />
<TLINK id="SECTIME93" fromID="E81" fromText="fever" toID="T1" toText="01/05/1994" type="BEFORE" />
<TLINK id="SECTIME94" fromID="E82" fromText="a temperature" toID="T1" toText="01/05/1994" type="BEFORE" />
<TLINK id="SECTIME95" fromID="E83" fromText="diarrhea" toID="T1" toText="01/05/1994" type="BEFORE" />
<TLINK id="SECTIME96" fromID="E124" fromText="complaints" toID="T1" toText="01/05/1994" type="OVERLAP" />
<TLINK id="SECTIME97" fromID="E93" fromText="admission" toID="T1" toText="01/05/1994" type="OVERLAP" />
<TLINK id="SECTIME98" fromID="E84" fromText="confusion" toID="T1" toText="01/05/1994" type="OVERLAP" />
<TLINK id="SECTIME99" fromID="E85" fromText="nausea" toID="T1" toText="01/05/1994" type="BEFORE" />
<TLINK id="SECTIME100" fromID="E86" fromText="vomiting" toID="T1" toText="01/05/1994" type="BEFORE" />
<TLINK id="SECTIME101" fromID="E94" fromText="presented" toID="T1" toText="01/05/1994" type="OVERLAP" />
<TLINK id="SECTIME102" fromID="E9" fromText="a tender right axillary mass" toID="T1" toText="01/05/1994" type="BEFORE" />
<TLINK id="SECTIME103" fromID="E95" fromText="A mammogram" toID="T1" toText="01/05/1994" type="BEFORE" />
<TLINK id="SECTIME104" fromID="E96" fromText="negative" toID="T1" toText="01/05/1994" type="BEFORE" />
<TLINK id="SECTIME105" fromID="E10" fromText="mammography" toID="T1" toText="01/05/1994" type="BEFORE" />
<TLINK id="SECTIME106" fromID="E97" fromText="showed" toID="T1" toText="01/05/1994" type="BEFORE" />
<TLINK id="SECTIME107" fromID="E11" fromText="bilateral breast masses" toID="T1" toText="01/05/1994" type="BEFORE" />
<TLINK id="SECTIME108" fromID="E12" fromText="carcinoma" toID="T1" toText="01/05/1994" type="BEFORE" />
<TLINK id="SECTIME109" fromID="E13" fromText="Fine needle aspiration" toID="T1" toText="01/05/1994" type="OVERLAP" />
<TLINK id="SECTIME110" fromID="E98" fromText="demonstrated" toID="T1" toText="01/05/1994" type="OVERLAP" />
<TLINK id="SECTIME111" fromID="E14" fromText="atypical cells" toID="T1" toText="01/05/1994" type="OVERLAP" />
<TLINK id="SECTIME112" fromID="E15" fromText="Staging evaluation" toID="T1" toText="01/05/1994" type="BEFORE" />
<TLINK id="SECTIME113" fromID="E89" fromText="normal liver function tests" toID="T1" toText="01/05/1994" type="BEFORE" />
<TLINK id="SECTIME114" fromID="E90" fromText="normal blood counts" toID="T1" toText="01/05/1994" type="BEFORE" />
<TLINK id="SECTIME115" fromID="E99" fromText="normal chest x-ray" toID="T1" toText="01/05/1994" type="BEFORE" />
<TLINK id="SECTIME116" fromID="E16" fromText="Bone scan" toID="T1" toText="01/05/1994" type="BEFORE" />
<TLINK id="SECTIME117" fromID="E100" fromText="showed" toID="T1" toText="01/05/1994" type="BEFORE" />
<TLINK id="SECTIME118" fromID="E101" fromText="degenerative joint disease" toID="T1" toText="01/05/1994" type="BEFORE" />
<TLINK id="SECTIME119" fromID="E103" fromText="increased radio chaser uptake" toID="T1" toText="01/05/1994" type="BEFORE" />
<TLINK id="SECTIME120" fromID="E19" fromText="a right modified mastectomy" toID="T1" toText="01/05/1994" type="OVERLAP" />
</TAGS>
</ClinicalNarrativeTemporalAnnotation>