<?xml version="1.0" encoding="UTF-8" ?>
<ClinicalNarrativeTemporalAnnotation>
<TEXT><![CDATA[
Admission Date :
2014-04-14
Discharge Date :
2014-04-19
Service :
CMED
HISTORY OF PRESENT ILLNESS :
Baby boy Liles is the 2.985 kg product of a 34 week gestation born to a 30-year-old G3 , P0 , now 1 mother .
Prenatal screens - A positive , antibody negative , hepatitis surface antigen negative , RPR nonreactive , rubella immune , GBS unknown .
PAST OBSTETRICAL HISTORY :
Remarkable for an intrauterine fetal demise at 30 weeks gestation . 
This pregnancy complicated by hydramnios also .
The baby 's autopsy was reported to be normal .
Dates are by first trimester ultrasound .
Pregnancy was complicated by severe polyhydramnios with an AFI of 45 just prior to delivery .
Mother has had multiple ultrasounds and fetal surveys at 17 and 21 weeks that had been unremarkable .
Mother was transferred to the Debbie-Monaco from Western Mass. Hospital Hospital in the middle of January with increasing polyhydramnios and preterm labor .
She received a full course of betamethasone on 03-28 and was treated with magnesium sulfate until 04-12 .
She was given 1 dose of nifedipine 2 days ago as a tocolytic without effect .
Delivery by cesarean section was prompted by ongoing labor .
Preterm labor with new onset of late decelerations and breech presentation .
Nuchal cord was noted at delivery .
The infant cried after bulb suctioning and stimulation .
Apgars were 8 and 8 .
SUMMARY OF HOSPITAL COURSE BY SYSTEMS :
RESPIRATORY :
Jacqueline has been admitted to the newborn intensive care unit and has been stable in room air since admission .
CARDIOVASCULAR :
Infant has an audible murmur .
Cardiology consult of the infant on 04-18 .
Echocardiogram results were within normal limits revealing a PPS murmur .
FLUIDS , ELECTROLYTES AND NUTRITION :
Birth weight was 2.985 kg .
Discharge weight ..
The infant was initially started on 60 cc per kg per day of D10W .
Enteral feedings were initiated on day of life No.1 .
The infant is currently on a 120 cc per kg per day of premature Enfamil 20 calorie or breast milk , tolerating feeds well .
Electrolytes on day of life 1 showed a sodium of 142 , potassium of 5.1 , chloride of 108 , and total CO2 of 23 .
GASTROINTESTINAL :
Bilirubin on 04-17 was 8.2/0.3 .
Surgery was consulted to rule out a TE fistula as the infant had an incidental pass of a gavage tube into his right bronchus .
TEF was primarily ruled out as Baker was passed easily to stomach and x-ray revealed good position .
HEMATOLOGY :
Hematocrit on admission was 38.2 .
The infant has not required any blood transfusions .
INFECTIOUS DISEASE :
CBC and blood cultures were obtained on admission .
CBC was benign and blood cultures remained negative at 48 hours at which time ampicillin and gentamicin were discontinued .
Initial CBC had a white count of 16 , platelet count of 204 , 53 polys and 0 bands .
NEUROLOGY :
Appropriate for gestational age .
MUSCULOSKELETAL :
Of note incidental finding on x-ray , the infant has a hemivertebra at T11 .
AUDIOLOGY :
Hearing screen has not been done but should be done prior to discharge .
]]></TEXT>
<TAGS>
<TLINK id="TL1" fromID="E0" fromText="Admission" toID="T1" toText="2014-04-14" type="OVERLAP" />
<TLINK id="TL2" fromID="E60" fromText="Discharge" toID="T1" toText="2014-04-14" type="OVERLAP" />
<TLINK id="TL3" fromID="E60" fromText="Discharge" toID="T2" toText="2014-04-19" type="OVERLAP" />
<TLINK id="TL4" fromID="T0" fromText="34 week" toID="E1" toText="Prenatal screens" type="OVERLAP" />
<TLINK id="TL5" fromID="E1" fromText="Prenatal screens" toID="E61" toText="antibody" type="OVERLAP" />
<TLINK id="TL6" fromID="E62" fromText="hepatitis surface antigen" toID="E61" toText="antibody" type="OVERLAP" />
<TLINK id="TL7" fromID="E63" fromText="RPR" toID="E62" toText="hepatitis surface antigen" type="OVERLAP" />
<TLINK id="TL8" fromID="E2" fromText="rubella" toID="E63" toText="RPR" type="OVERLAP" />
<TLINK id="TL9" fromID="E2" fromText="rubella" toID="E3" toText="GBS" type="OVERLAP" />
<TLINK id="TL10" fromID="E4" fromText="an intrauterine fetal demise" toID="T5" toText="30 weeks" type="OVERLAP" />
<TLINK id="TL11" fromID="E94" fromText="This pregnancy" toID="T5" toText="30 weeks" type="OVERLAP" />
<TLINK id="TL12" fromID="E5" fromText="hydramnios" toID="E94" toText="This pregnancy" type="OVERLAP" />
<TLINK id="TL13" fromID="E5" fromText="hydramnios" toID="E6" toText="The baby 's autopsy" type="OVERLAP" />
<TLINK id="TL14" fromID="E64" fromText="reported" toID="E6" toText="The baby 's autopsy" type="OVERLAP" />
<TLINK id="TL15" fromID="E65" fromText="normal" toID="E64" toText="reported" type="BEFORE" />
<TLINK id="TL16" fromID="E7" fromText="first trimester ultrasound" toID="E65" toText="normal" type="AFTER" />
<TLINK id="TL17" fromID="E7" fromText="first trimester ultrasound" toID="E66" toText="Pregnancy" type="OVERLAP" />
<TLINK id="TL18" fromID="E8" fromText="severe polyhydramnios" toID="E66" toText="Pregnancy" type="OVERLAP" />
<TLINK id="TL19" fromID="E8" fromText="severe polyhydramnios" toID="E9" toText="an AFI" type="OVERLAP" />
<TLINK id="TL20" fromID="E9" fromText="an AFI" toID="E67" toText="delivery" type="OVERLAP" />
<TLINK id="TL21" fromID="E10" fromText="multiple ultrasounds" toID="E67" toText="delivery" type="OVERLAP" />
<TLINK id="TL22" fromID="E10" fromText="multiple ultrasounds" toID="E11" toText="fetal surveys" type="OVERLAP" />
<TLINK id="TL23" fromID="E11" fromText="fetal surveys" toID="T6" toText="17" type="OVERLAP" />
<TLINK id="TL24" fromID="T7" fromText="21 weeks" toID="T6" toText="17" type="OVERLAP" />
<TLINK id="TL25" fromID="E57" fromText="transferred" toID="T7" toText="21 weeks" type="OVERLAP" />
<TLINK id="TL26" fromID="E57" fromText="transferred" toID="E68" toText="the Debbie-Monaco" type="OVERLAP" />
<TLINK id="TL27" fromID="E69" fromText="Western Mass. Hospital Hospital" toID="E68" toText="the Debbie-Monaco" type="OVERLAP" />
<TLINK id="TL28" fromID="E57" fromText="transferred" toID="T8" toText="the middle of January" type="OVERLAP" />
<TLINK id="TL29" fromID="E70" fromText="increasing polyhydramnios" toID="E69" toText="Western Mass. Hospital Hospital" type="OVERLAP" />
<TLINK id="TL30" fromID="E12" fromText="preterm labor" toID="E70" toText="increasing polyhydramnios" type="OVERLAP" />
<TLINK id="TL31" fromID="E13" fromText="a full course of betamethasone" toID="E57" toText="transferred" type="AFTER" />
<TLINK id="TL32" fromID="E13" fromText="a full course of betamethasone" toID="T3" toText="03-28" type="OVERLAP" />
<TLINK id="TL33" fromID="E14" fromText="magnesium sulfate" toID="T3" toText="03-28" type="OVERLAP" />
<TLINK id="TL34" fromID="E14" fromText="magnesium sulfate" toID="T9" toText="04-12" type="OVERLAP" />
<TLINK id="TL35" fromID="E15" fromText="nifedipine" toID="T9" toText="04-12" type="OVERLAP" />
<TLINK id="TL36" fromID="E15" fromText="nifedipine" toID="T10" toText="2 days ago" type="OVERLAP" />
<TLINK id="TL37" fromID="E16" fromText="a tocolytic" toID="T10" toText="2 days ago" type="OVERLAP" />
<TLINK id="TL38" fromID="E16" fromText="a tocolytic" toID="E71" toText="Delivery" type="OVERLAP" />
<TLINK id="TL39" fromID="E71" fromText="Delivery" toID="E17" toText="cesarean section" type="OVERLAP" />
<TLINK id="TL40" fromID="E18" fromText="ongoing labor" toID="E17" toText="cesarean section" type="BEFORE" />
<TLINK id="TL41" fromID="E19" fromText="Preterm labor" toID="E17" toText="cesarean section" type="BEFORE" />
<TLINK id="TL42" fromID="E20" fromText="late decelerations" toID="E19" toText="Preterm labor" type="OVERLAP" />
<TLINK id="TL43" fromID="E21" fromText="breech presentation" toID="E20" toText="late decelerations" type="OVERLAP" />
<TLINK id="TL44" fromID="E22" fromText="Nuchal cord" toID="E21" toText="breech presentation" type="OVERLAP" />
<TLINK id="TL45" fromID="E22" fromText="Nuchal cord" toID="E72" toText="noted" type="OVERLAP" />
<TLINK id="TL46" fromID="E73" fromText="delivery" toID="E72" toText="noted" type="OVERLAP" />
<TLINK id="TL47" fromID="E74" fromText="cried" toID="E73" toText="delivery" type="OVERLAP" />
<TLINK id="TL48" fromID="E23" fromText="bulb suctioning" toID="E74" toText="cried" type="OVERLAP" />
<TLINK id="TL49" fromID="E24" fromText="stimulation" toID="E23" toText="bulb suctioning" type="OVERLAP" />
<TLINK id="TL50" fromID="E25" fromText="Apgars" toID="E24" toText="stimulation" type="AFTER" />
<TLINK id="TL51" fromID="E75" fromText="the newborn intensive care unit" toID="E58" toText="admitted" type="OVERLAP" />
<TLINK id="TL52" fromID="E76" fromText="stable" toID="E58" toText="admitted" type="OVERLAP" />
<TLINK id="TL53" fromID="E76" fromText="stable" toID="E77" toText="admission" type="OVERLAP" />
<TLINK id="TL54" fromID="E26" fromText="an audible murmur" toID="E85" toText="Cardiology" type="OVERLAP" />
<TLINK id="TL55" fromID="E78" fromText="consult" toID="E85" toText="Cardiology" type="BEFORE" />
<TLINK id="TL56" fromID="E78" fromText="consult" toID="T4" toText="04-18" type="OVERLAP" />
<TLINK id="TL57" fromID="E27" fromText="Echocardiogram results" toID="T4" toText="04-18" type="OVERLAP" />
<TLINK id="TL58" fromID="E79" fromText="revealing" toID="E27" toText="Echocardiogram results" type="OVERLAP" />
<TLINK id="TL59" fromID="E28" fromText="a PPS murmur" toID="E79" toText="revealing" type="BEFORE" />
<TLINK id="TL60" fromID="E30" fromText="Discharge weight" toID="E29" toText="Birth weight" type="OVERLAP" />
<TLINK id="TL61" fromID="E30" fromText="Discharge weight" toID="T11" toText="per day" type="OVERLAP" />
<TLINK id="TL62" fromID="E31" fromText="D10W" toID="T11" toText="per day" type="OVERLAP" />
<TLINK id="TL63" fromID="E32" fromText="Enteral feedings" toID="E31" toText="D10W" type="OVERLAP" />
<TLINK id="TL64" fromID="E32" fromText="Enteral feedings" toID="T12" toText="day of life No.1" type="AFTER" />
<TLINK id="TL65" fromID="E32" fromText="Enteral feedings" toID="T13" toText="currently" type="AFTER" />
<TLINK id="TL66" fromID="T14" fromText="per day" toID="T13" toText="currently" type="OVERLAP" />
<TLINK id="TL67" fromID="E33" fromText="premature Enfamil" toID="T13" toText="currently" type="_NONE_" />
<TLINK id="TL68" fromID="E33" fromText="premature Enfamil" toID="E81" toText="tolerating feeds well" type="OVERLAP" />
<TLINK id="TL69" fromID="E34" fromText="Electrolytes" toID="E81" toText="tolerating feeds well" type="OVERLAP" />
<TLINK id="TL70" fromID="E34" fromText="Electrolytes" toID="T15" toText="day of life 1" type="OVERLAP" />
<TLINK id="TL71" fromID="E34" fromText="Electrolytes" toID="E82" toText="showed" type="OVERLAP" />
<TLINK id="TL72" fromID="E35" fromText="a sodium" toID="E82" toText="showed" type="OVERLAP" />
<TLINK id="TL73" fromID="E35" fromText="a sodium" toID="E36" toText="potassium" type="OVERLAP" />
<TLINK id="TL74" fromID="E37" fromText="chloride" toID="E36" toText="potassium" type="OVERLAP" />
<TLINK id="TL75" fromID="E38" fromText="total CO2" toID="E37" toText="chloride" type="OVERLAP" />
<TLINK id="TL76" fromID="E39" fromText="Bilirubin" toID="T16" toText="04-17" type="OVERLAP" />
<TLINK id="TL77" fromID="E39" fromText="Bilirubin" toID="E84" toText="Surgery" type="OVERLAP" />
<TLINK id="TL78" fromID="E83" fromText="consulted" toID="E84" toText="Surgery" type="BEFORE" />
<TLINK id="TL79" fromID="E86" fromText="a TE fistula" toID="E83" toText="consulted" type="OVERLAP" />
<TLINK id="TL80" fromID="E40" fromText="an incidental pass" toID="E86" toText="a TE fistula" type="OVERLAP" />
<TLINK id="TL81" fromID="E40" fromText="an incidental pass" toID="E41" toText="a gavage tube" type="BEFORE" />
<TLINK id="TL82" fromID="E42" fromText="TEF" toID="E41" toText="a gavage tube" type="OVERLAP" />
<TLINK id="TL83" fromID="E42" fromText="TEF" toID="E43" toText="x-ray" type="BEFORE" />
<TLINK id="TL84" fromID="E87" fromText="revealed" toID="E43" toText="x-ray" type="OVERLAP" />
<TLINK id="TL85" fromID="E42" fromText="TEF" toID="E88" toText="good position" type="OVERLAP" />
<TLINK id="TL86" fromID="E89" fromText="Hematocrit" toID="E90" toText="admission" type="OVERLAP" />
<TLINK id="TL87" fromID="E44" fromText="any blood transfusions" toID="E90" toText="admission" type="OVERLAP" />
<TLINK id="TL88" fromID="E46" fromText="blood cultures" toID="E45" toText="CBC" type="OVERLAP" />
<TLINK id="TL89" fromID="E46" fromText="blood cultures" toID="E59" toText="admission" type="OVERLAP" />
<TLINK id="TL90" fromID="E47" fromText="CBC" toID="E45" toText="CBC" type="OVERLAP" />
<TLINK id="TL91" fromID="E91" fromText="blood cultures" toID="E47" toText="CBC" type="OVERLAP" />
<TLINK id="TL92" fromID="E91" fromText="blood cultures" toID="T17" toText="48 hours" type="OVERLAP" />
<TLINK id="TL93" fromID="E48" fromText="ampicillin" toID="T17" toText="48 hours" type="OVERLAP" />
<TLINK id="TL94" fromID="E49" fromText="gentamicin" toID="E47" toText="CBC" type="OVERLAP" />
<TLINK id="TL95" fromID="E50" fromText="Initial CBC" toID="E47" toText="CBC" type="OVERLAP" />
<TLINK id="TL96" fromID="E50" fromText="Initial CBC" toID="E51" toText="a white count" type="OVERLAP" />
<TLINK id="TL97" fromID="E52" fromText="platelet count" toID="E51" toText="a white count" type="OVERLAP" />
<TLINK id="TL98" fromID="E52" fromText="platelet count" toID="E53" toText="polys" type="OVERLAP" />
<TLINK id="TL99" fromID="E54" fromText="bands" toID="E53" toText="polys" type="OVERLAP" />
<TLINK id="TL100" fromID="E56" fromText="a hemivertebra at T11" toID="E55" toText="x-ray" type="OVERLAP" />
<TLINK id="TL101" fromID="E92" fromText="Hearing screen" toID="E93" toText="discharge" type="OVERLAP" />
<TLINK id="SECTIME0" fromID="E0" fromText="Admission" toID="T1" toText="2014-04-14" type="BEFORE" />
<TLINK id="SECTIME1" fromID="E14" fromText="magnesium sulfate" toID="T1" toText="2014-04-14" type="BEFORE" />
<TLINK id="SECTIME2" fromID="E15" fromText="nifedipine" toID="T1" toText="2014-04-14" type="BEFORE" />
<TLINK id="SECTIME3" fromID="E16" fromText="a tocolytic" toID="T1" toText="2014-04-14" type="BEFORE" />
<TLINK id="SECTIME4" fromID="E71" fromText="Delivery" toID="T1" toText="2014-04-14" type="OVERLAP" />
<TLINK id="SECTIME5" fromID="E17" fromText="cesarean section" toID="T1" toText="2014-04-14" type="OVERLAP" />
<TLINK id="SECTIME6" fromID="E18" fromText="ongoing labor" toID="T1" toText="2014-04-14" type="BEFORE" />
<TLINK id="SECTIME7" fromID="E19" fromText="Preterm labor" toID="T1" toText="2014-04-14" type="BEFORE" />
<TLINK id="SECTIME8" fromID="E20" fromText="late decelerations" toID="T1" toText="2014-04-14" type="BEFORE" />
<TLINK id="SECTIME9" fromID="E21" fromText="breech presentation" toID="T1" toText="2014-04-14" type="OVERLAP" />
<TLINK id="SECTIME10" fromID="E22" fromText="Nuchal cord" toID="T1" toText="2014-04-14" type="BEFORE" />
<TLINK id="SECTIME11" fromID="E72" fromText="noted" toID="T1" toText="2014-04-14" type="BEFORE" />
<TLINK id="SECTIME12" fromID="E73" fromText="delivery" toID="T1" toText="2014-04-14" type="BEFORE" />
<TLINK id="SECTIME13" fromID="E74" fromText="cried" toID="T1" toText="2014-04-14" type="BEFORE" />
<TLINK id="SECTIME14" fromID="E23" fromText="bulb suctioning" toID="T1" toText="2014-04-14" type="BEFORE" />
<TLINK id="SECTIME15" fromID="E24" fromText="stimulation" toID="T1" toText="2014-04-14" type="BEFORE" />
<TLINK id="SECTIME16" fromID="E25" fromText="Apgars" toID="T1" toText="2014-04-14" type="BEFORE" />
<TLINK id="SECTIME17" fromID="E58" fromText="admitted" toID="T2" toText="2014-04-19" type="BEFORE" />
<TLINK id="SECTIME18" fromID="E75" fromText="the newborn intensive care unit" toID="T2" toText="2014-04-19" type="BEFORE" />
<TLINK id="SECTIME19" fromID="E76" fromText="stable" toID="T2" toText="2014-04-19" type="BEFORE" />
<TLINK id="SECTIME20" fromID="E77" fromText="admission" toID="T2" toText="2014-04-19" type="BEFORE" />
<TLINK id="SECTIME21" fromID="E26" fromText="an audible murmur" toID="T2" toText="2014-04-19" type="BEFORE" />
<TLINK id="SECTIME22" fromID="E85" fromText="Cardiology" toID="T2" toText="2014-04-19" type="BEFORE" />
<TLINK id="SECTIME23" fromID="E78" fromText="consult" toID="T2" toText="2014-04-19" type="BEFORE" />
<TLINK id="SECTIME24" fromID="E27" fromText="Echocardiogram results" toID="T2" toText="2014-04-19" type="BEFORE" />
<TLINK id="SECTIME25" fromID="E79" fromText="revealing" toID="T2" toText="2014-04-19" type="BEFORE" />
<TLINK id="SECTIME26" fromID="E28" fromText="a PPS murmur" toID="T2" toText="2014-04-19" type="BEFORE" />
<TLINK id="SECTIME27" fromID="E29" fromText="Birth weight" toID="T2" toText="2014-04-19" type="BEFORE" />
<TLINK id="SECTIME28" fromID="E30" fromText="Discharge weight" toID="T2" toText="2014-04-19" type="OVERLAP" />
<TLINK id="SECTIME29" fromID="E31" fromText="D10W" toID="T2" toText="2014-04-19" type="BEFORE" />
<TLINK id="SECTIME30" fromID="E32" fromText="Enteral feedings" toID="T2" toText="2014-04-19" type="BEFORE" />
<TLINK id="SECTIME31" fromID="E33" fromText="premature Enfamil" toID="T2" toText="2014-04-19" type="BEFORE" />
<TLINK id="SECTIME32" fromID="E81" fromText="tolerating feeds well" toID="T2" toText="2014-04-19" type="BEFORE" />
<TLINK id="SECTIME33" fromID="E34" fromText="Electrolytes" toID="T2" toText="2014-04-19" type="BEFORE" />
<TLINK id="SECTIME34" fromID="E82" fromText="showed" toID="T2" toText="2014-04-19" type="BEFORE" />
<TLINK id="SECTIME35" fromID="E35" fromText="a sodium" toID="T2" toText="2014-04-19" type="BEFORE" />
<TLINK id="SECTIME36" fromID="E1" fromText="Prenatal screens" toID="T1" toText="2014-04-14" type="BEFORE" />
<TLINK id="SECTIME37" fromID="E36" fromText="potassium" toID="T2" toText="2014-04-19" type="BEFORE" />
<TLINK id="SECTIME38" fromID="E37" fromText="chloride" toID="T2" toText="2014-04-19" type="BEFORE" />
<TLINK id="SECTIME39" fromID="E38" fromText="total CO2" toID="T2" toText="2014-04-19" type="BEFORE" />
<TLINK id="SECTIME40" fromID="E39" fromText="Bilirubin" toID="T2" toText="2014-04-19" type="BEFORE" />
<TLINK id="SECTIME41" fromID="E84" fromText="Surgery" toID="T2" toText="2014-04-19" type="BEFORE" />
<TLINK id="SECTIME42" fromID="E83" fromText="consulted" toID="T2" toText="2014-04-19" type="BEFORE" />
<TLINK id="SECTIME43" fromID="E86" fromText="a TE fistula" toID="T2" toText="2014-04-19" type="BEFORE" />
<TLINK id="SECTIME44" fromID="E40" fromText="an incidental pass" toID="T2" toText="2014-04-19" type="BEFORE" />
<TLINK id="SECTIME45" fromID="E41" fromText="a gavage tube" toID="T2" toText="2014-04-19" type="BEFORE" />
<TLINK id="SECTIME46" fromID="E42" fromText="TEF" toID="T2" toText="2014-04-19" type="BEFORE" />
<TLINK id="SECTIME47" fromID="E43" fromText="x-ray" toID="T2" toText="2014-04-19" type="BEFORE" />
<TLINK id="SECTIME48" fromID="E87" fromText="revealed" toID="T2" toText="2014-04-19" type="BEFORE" />
<TLINK id="SECTIME49" fromID="E61" fromText="antibody" toID="T1" toText="2014-04-14" type="BEFORE" />
<TLINK id="SECTIME50" fromID="E88" fromText="good position" toID="T2" toText="2014-04-19" type="BEFORE" />
<TLINK id="SECTIME51" fromID="E89" fromText="Hematocrit" toID="T2" toText="2014-04-19" type="BEFORE" />
<TLINK id="SECTIME52" fromID="E90" fromText="admission" toID="T2" toText="2014-04-19" type="BEFORE" />
<TLINK id="SECTIME53" fromID="E44" fromText="any blood transfusions" toID="T2" toText="2014-04-19" type="BEFORE" />
<TLINK id="SECTIME54" fromID="E45" fromText="CBC" toID="T2" toText="2014-04-19" type="BEFORE" />
<TLINK id="SECTIME55" fromID="E46" fromText="blood cultures" toID="T2" toText="2014-04-19" type="BEFORE" />
<TLINK id="SECTIME56" fromID="E59" fromText="admission" toID="T2" toText="2014-04-19" type="BEFORE" />
<TLINK id="SECTIME57" fromID="E47" fromText="CBC" toID="T2" toText="2014-04-19" type="BEFORE" />
<TLINK id="SECTIME58" fromID="E62" fromText="hepatitis surface antigen" toID="T1" toText="2014-04-14" type="BEFORE" />
<TLINK id="SECTIME59" fromID="E91" fromText="blood cultures" toID="T2" toText="2014-04-19" type="BEFORE" />
<TLINK id="SECTIME60" fromID="E48" fromText="ampicillin" toID="T2" toText="2014-04-19" type="BEFORE" />
<TLINK id="SECTIME61" fromID="E49" fromText="gentamicin" toID="T2" toText="2014-04-19" type="BEFORE" />
<TLINK id="SECTIME62" fromID="E50" fromText="Initial CBC" toID="T2" toText="2014-04-19" type="BEFORE" />
<TLINK id="SECTIME63" fromID="E51" fromText="a white count" toID="T2" toText="2014-04-19" type="BEFORE" />
<TLINK id="SECTIME64" fromID="E52" fromText="platelet count" toID="T2" toText="2014-04-19" type="BEFORE" />
<TLINK id="SECTIME65" fromID="E53" fromText="polys" toID="T2" toText="2014-04-19" type="BEFORE" />
<TLINK id="SECTIME66" fromID="E54" fromText="bands" toID="T2" toText="2014-04-19" type="BEFORE" />
<TLINK id="SECTIME67" fromID="E60" fromText="Discharge" toID="T1" toText="2014-04-14" type="BEFORE" />
<TLINK id="SECTIME68" fromID="E55" fromText="x-ray" toID="T2" toText="2014-04-19" type="BEFORE" />
<TLINK id="SECTIME69" fromID="E56" fromText="a hemivertebra at T11" toID="T2" toText="2014-04-19" type="BEFORE" />
<TLINK id="SECTIME70" fromID="E92" fromText="Hearing screen" toID="T2" toText="2014-04-19" type="BEFORE" />
<TLINK id="SECTIME71" fromID="E63" fromText="RPR" toID="T1" toText="2014-04-14" type="BEFORE" />
<TLINK id="SECTIME72" fromID="E93" fromText="discharge" toID="T2" toText="2014-04-19" type="BEFORE" />
<TLINK id="SECTIME73" fromID="E2" fromText="rubella" toID="T1" toText="2014-04-14" type="BEFORE" />
<TLINK id="SECTIME74" fromID="E3" fromText="GBS" toID="T1" toText="2014-04-14" type="BEFORE" />
<TLINK id="SECTIME75" fromID="E4" fromText="an intrauterine fetal demise" toID="T1" toText="2014-04-14" type="OVERLAP" />
<TLINK id="SECTIME76" fromID="E94" fromText="This pregnancy" toID="T1" toText="2014-04-14" type="BEFORE" />
<TLINK id="SECTIME77" fromID="E5" fromText="hydramnios" toID="T1" toText="2014-04-14" type="BEFORE" />
<TLINK id="SECTIME78" fromID="E6" fromText="The baby 's autopsy" toID="T1" toText="2014-04-14" type="AFTER" />
<TLINK id="SECTIME79" fromID="E64" fromText="reported" toID="T1" toText="2014-04-14" type="OVERLAP" />
<TLINK id="SECTIME80" fromID="E65" fromText="normal" toID="T1" toText="2014-04-14" type="AFTER" />
<TLINK id="SECTIME81" fromID="E7" fromText="first trimester ultrasound" toID="T1" toText="2014-04-14" type="BEFORE" />
<TLINK id="SECTIME82" fromID="E66" fromText="Pregnancy" toID="T1" toText="2014-04-14" type="BEFORE" />
<TLINK id="SECTIME83" fromID="E8" fromText="severe polyhydramnios" toID="T1" toText="2014-04-14" type="BEFORE" />
<TLINK id="SECTIME84" fromID="E9" fromText="an AFI" toID="T1" toText="2014-04-14" type="BEFORE" />
<TLINK id="SECTIME85" fromID="E67" fromText="delivery" toID="T1" toText="2014-04-14" type="BEFORE" />
<TLINK id="SECTIME86" fromID="E10" fromText="multiple ultrasounds" toID="T1" toText="2014-04-14" type="BEFORE" />
<TLINK id="SECTIME87" fromID="E11" fromText="fetal surveys" toID="T1" toText="2014-04-14" type="BEFORE" />
<TLINK id="SECTIME88" fromID="E57" fromText="transferred" toID="T1" toText="2014-04-14" type="BEFORE" />
<TLINK id="SECTIME89" fromID="E68" fromText="the Debbie-Monaco" toID="T1" toText="2014-04-14" type="BEFORE" />
<TLINK id="SECTIME90" fromID="E69" fromText="Western Mass. Hospital Hospital" toID="T1" toText="2014-04-14" type="BEFORE" />
<TLINK id="SECTIME91" fromID="E70" fromText="increasing polyhydramnios" toID="T1" toText="2014-04-14" type="BEFORE" />
<TLINK id="SECTIME92" fromID="E12" fromText="preterm labor" toID="T1" toText="2014-04-14" type="BEFORE" />
<TLINK id="SECTIME93" fromID="E13" fromText="a full course of betamethasone" toID="T1" toText="2014-04-14" type="BEFORE" />
</TAGS>
</ClinicalNarrativeTemporalAnnotation>