<?xml version="1.0" encoding="UTF-8" ?>
<ClinicalNarrativeTemporalAnnotation>
<TEXT><![CDATA[
ADMISSION DATE :
10/17/95
DISCHARGE DATE :
10/20/95
HISTORY OF PRESENT ILLNESS :
This is a 73-year-old man with squamous cell carcinoma of the lung , status post lobectomy and resection of left cervical recurrence , admitted here with fever and neutropenia .
Recently he had been receiving a combination of outpatient chemotherapy with the CAMP Program .
Other medical problems include hypothyroidism , hypercholesterolemia , hypertension and neuropathy from Taxol .
HOSPITAL COURSE :
He was started on Neupogen , 400 mcg. subq. q.d.
He was initially treated with antibiotic therapy .
Chest x-ray showed questionable nodule in the right lower lobe , reasonably stable .
Calcium 8.7 , bilirubin 0.3/1.3 , creatinine 1.1 , glucose 128 .
Hematocrit 24.6 .
WBC rose to 1.7 on 10/19 .
The patient had some diarrhea .
There was no diarrhea on 10/20 .
He was feeling well and afebrile .
The neutropenia resolved and he was felt to be in satisfactory condition on discharge on 10/20/95 .
He was discharged home on Neupogen .
]]></TEXT>
<TAGS>
<TLINK id="TL1" fromID="E0" fromText="ADMISSION" toID="T0" toText="10/17/95" type="OVERLAP" />
<TLINK id="TL2" fromID="E1" fromText="DISCHARGE" toID="T1" toText="10/20/95" type="OVERLAP" />
<TLINK id="TL3" fromID="E2" fromText="squamous cell carcinoma of the lung" toID="E3" toText="lobectomy" type="OVERLAP" />
<TLINK id="TL4" fromID="E4" fromText="resection" toID="E3" toText="lobectomy" type="OVERLAP" />
<TLINK id="TL5" fromID="E5" fromText="left cervical recurrence" toID="E4" toText="resection" type="BEFORE" />
<TLINK id="TL6" fromID="E5" fromText="left cervical recurrence" toID="E6" toText="admitted" type="OVERLAP" />
<TLINK id="TL7" fromID="E7" fromText="fever" toID="E6" toText="admitted" type="OVERLAP" />
<TLINK id="TL8" fromID="E8" fromText="neutropenia" toID="E7" toText="fever" type="OVERLAP" />
<TLINK id="TL9" fromID="E8" fromText="neutropenia" toID="E9" toText="outpatient chemotherapy" type="BEFORE" />
<TLINK id="TL10" fromID="E9" fromText="outpatient chemotherapy" toID="E10" toText="the CAMP Program" type="OVERLAP" />
<TLINK id="TL11" fromID="E11" fromText="Other medical problems" toID="E10" toText="the CAMP Program" type="OVERLAP" />
<TLINK id="TL12" fromID="E11" fromText="Other medical problems" toID="E12" toText="hypothyroidism" type="OVERLAP" />
<TLINK id="TL13" fromID="E12" fromText="hypothyroidism" toID="E13" toText="hypercholesterolemia" type="OVERLAP" />
<TLINK id="TL14" fromID="E13" fromText="hypercholesterolemia" toID="E14" toText="hypertension" type="OVERLAP" />
<TLINK id="TL15" fromID="E15" fromText="neuropathy" toID="E14" toText="hypertension" type="OVERLAP" />
<TLINK id="TL16" fromID="E15" fromText="neuropathy" toID="E16" toText="Taxol" type="BEFORE" />
<TLINK id="TL17" fromID="E17" fromText="Neupogen" toID="T2" toText="q.d." type="OVERLAP" />
<TLINK id="TL18" fromID="E18" fromText="antibiotic therapy" toID="E17" toText="Neupogen" type="OVERLAP" />
<TLINK id="TL19" fromID="E19" fromText="Chest x-ray" toID="E18" toText="antibiotic therapy" type="OVERLAP" />
<TLINK id="TL20" fromID="E20" fromText="showed" toID="E19" toText="Chest x-ray" type="OVERLAP" />
<TLINK id="TL21" fromID="E21" fromText="nodule in the right lower lobe" toID="E20" toText="showed" type="BEFORE" />
<TLINK id="TL22" fromID="E21" fromText="nodule in the right lower lobe" toID="E22" toText="stable" type="OVERLAP" />
<TLINK id="TL23" fromID="E19" fromText="Chest x-ray" toID="E23" toText="Calcium" type="OVERLAP" />
<TLINK id="TL24" fromID="E24" fromText="bilirubin" toID="E23" toText="Calcium" type="OVERLAP" />
<TLINK id="TL25" fromID="E25" fromText="creatinine" toID="E24" toText="bilirubin" type="OVERLAP" />
<TLINK id="TL26" fromID="E25" fromText="creatinine" toID="E26" toText="glucose" type="OVERLAP" />
<TLINK id="TL27" fromID="E27" fromText="Hematocrit" toID="E26" toText="glucose" type="OVERLAP" />
<TLINK id="TL28" fromID="E28" fromText="WBC" toID="E27" toText="Hematocrit" type="OVERLAP" />
<TLINK id="TL29" fromID="E28" fromText="WBC" toID="T3" toText="10/19" type="OVERLAP" />
<TLINK id="TL30" fromID="E29" fromText="some diarrhea" toID="E28" toText="WBC" type="OVERLAP" />
<TLINK id="TL31" fromID="E30" fromText="diarrhea" toID="E29" toText="some diarrhea" type="OVERLAP" />
<TLINK id="TL32" fromID="E30" fromText="diarrhea" toID="T4" toText="10/20" type="AFTER" />
<TLINK id="TL33" fromID="E31" fromText="well" toID="E30" toText="diarrhea" type="OVERLAP" />
<TLINK id="TL34" fromID="E32" fromText="afebrile" toID="E31" toText="well" type="OVERLAP" />
<TLINK id="TL35" fromID="E33" fromText="The neutropenia" toID="E32" toText="afebrile" type="OVERLAP" />
<TLINK id="TL36" fromID="E33" fromText="The neutropenia" toID="E38" toText="resolved" type="OVERLAP" />
<TLINK id="TL37" fromID="E34" fromText="satisfactory condition" toID="E38" toText="resolved" type="BEFORE" />
<TLINK id="TL38" fromID="E34" fromText="satisfactory condition" toID="E35" toText="discharge" type="OVERLAP" />
<TLINK id="TL39" fromID="E34" fromText="satisfactory condition" toID="T5" toText="10/20/95" type="OVERLAP" />
<TLINK id="TL40" fromID="E36" fromText="discharged" toID="E35" toText="discharge" type="OVERLAP" />
<TLINK id="TL41" fromID="E37" fromText="Neupogen" toID="E36" toText="discharged" type="BEFORE" />
<TLINK id="SECTIME0" fromID="E0" fromText="ADMISSION" toID="T0" toText="10/17/95" type="BEFORE" />
<TLINK id="SECTIME1" fromID="E37" fromText="Neupogen" toID="T1" toText="10/20/95" type="BEFORE" />
<TLINK id="SECTIME2" fromID="E2" fromText="squamous cell carcinoma of the lung" toID="T0" toText="10/17/95" type="BEFORE" />
<TLINK id="SECTIME3" fromID="E3" fromText="lobectomy" toID="T0" toText="10/17/95" type="OVERLAP" />
<TLINK id="SECTIME4" fromID="E4" fromText="resection" toID="T0" toText="10/17/95" type="BEFORE" />
<TLINK id="SECTIME5" fromID="E5" fromText="left cervical recurrence" toID="T0" toText="10/17/95" type="BEFORE" />
<TLINK id="SECTIME6" fromID="E6" fromText="admitted" toID="T0" toText="10/17/95" type="OVERLAP" />
<TLINK id="SECTIME7" fromID="E7" fromText="fever" toID="T0" toText="10/17/95" type="OVERLAP" />
<TLINK id="SECTIME8" fromID="E8" fromText="neutropenia" toID="T0" toText="10/17/95" type="BEFORE" />
<TLINK id="SECTIME9" fromID="E1" fromText="DISCHARGE" toID="T0" toText="10/17/95" type="BEFORE" />
<TLINK id="SECTIME10" fromID="E9" fromText="outpatient chemotherapy" toID="T0" toText="10/17/95" type="BEFORE" />
<TLINK id="SECTIME11" fromID="E10" fromText="the CAMP Program" toID="T0" toText="10/17/95" type="BEFORE" />
<TLINK id="SECTIME12" fromID="E11" fromText="Other medical problems" toID="T0" toText="10/17/95" type="OVERLAP" />
<TLINK id="SECTIME13" fromID="E12" fromText="hypothyroidism" toID="T0" toText="10/17/95" type="BEFORE" />
<TLINK id="SECTIME14" fromID="E13" fromText="hypercholesterolemia" toID="T0" toText="10/17/95" type="BEFORE" />
<TLINK id="SECTIME15" fromID="E14" fromText="hypertension" toID="T0" toText="10/17/95" type="BEFORE" />
<TLINK id="SECTIME16" fromID="E15" fromText="neuropathy" toID="T0" toText="10/17/95" type="BEFORE" />
<TLINK id="SECTIME17" fromID="E16" fromText="Taxol" toID="T0" toText="10/17/95" type="BEFORE" />
<TLINK id="SECTIME18" fromID="E17" fromText="Neupogen" toID="T1" toText="10/20/95" type="BEFORE" />
<TLINK id="SECTIME19" fromID="E18" fromText="antibiotic therapy" toID="T1" toText="10/20/95" type="BEFORE" />
<TLINK id="SECTIME20" fromID="E19" fromText="Chest x-ray" toID="T1" toText="10/20/95" type="BEFORE" />
<TLINK id="SECTIME21" fromID="E20" fromText="showed" toID="T1" toText="10/20/95" type="BEFORE" />
<TLINK id="SECTIME22" fromID="E21" fromText="nodule in the right lower lobe" toID="T1" toText="10/20/95" type="BEFORE" />
<TLINK id="SECTIME23" fromID="E22" fromText="stable" toID="T1" toText="10/20/95" type="BEFORE" />
<TLINK id="SECTIME24" fromID="E23" fromText="Calcium" toID="T1" toText="10/20/95" type="BEFORE" />
<TLINK id="SECTIME25" fromID="E24" fromText="bilirubin" toID="T1" toText="10/20/95" type="BEFORE" />
<TLINK id="SECTIME26" fromID="E25" fromText="creatinine" toID="T1" toText="10/20/95" type="BEFORE" />
<TLINK id="SECTIME27" fromID="E26" fromText="glucose" toID="T1" toText="10/20/95" type="BEFORE" />
<TLINK id="SECTIME28" fromID="E27" fromText="Hematocrit" toID="T1" toText="10/20/95" type="BEFORE" />
<TLINK id="SECTIME29" fromID="E28" fromText="WBC" toID="T1" toText="10/20/95" type="BEFORE" />
<TLINK id="SECTIME30" fromID="E29" fromText="some diarrhea" toID="T1" toText="10/20/95" type="BEFORE" />
<TLINK id="SECTIME31" fromID="E30" fromText="diarrhea" toID="T1" toText="10/20/95" type="BEFORE" />
<TLINK id="SECTIME32" fromID="E31" fromText="well" toID="T1" toText="10/20/95" type="BEFORE" />
<TLINK id="SECTIME33" fromID="E32" fromText="afebrile" toID="T1" toText="10/20/95" type="BEFORE" />
<TLINK id="SECTIME34" fromID="E33" fromText="The neutropenia" toID="T1" toText="10/20/95" type="BEFORE" />
<TLINK id="SECTIME35" fromID="E38" fromText="resolved" toID="T1" toText="10/20/95" type="BEFORE" />
<TLINK id="SECTIME36" fromID="E34" fromText="satisfactory condition" toID="T1" toText="10/20/95" type="BEFORE" />
<TLINK id="SECTIME37" fromID="E35" fromText="discharge" toID="T1" toText="10/20/95" type="BEFORE" />
<TLINK id="SECTIME38" fromID="E36" fromText="discharged" toID="T1" toText="10/20/95" type="OVERLAP" />
</TAGS>
</ClinicalNarrativeTemporalAnnotation>