<?xml version="1.0" encoding="UTF-8" ?>
<ClinicalNarrativeTemporalAnnotation>
<TEXT><![CDATA[
Admission Date :
2011-02-06
Discharge Date :
2011-02-08
Service :
HISTORY OF PRESENT ILLNESS :
HISTORY OF PRESENT ILLNESS :
Mr. Pohl is a 53 - year-old male with history of alcohol use and hypertension .
He was found in his apartment lobby " shouting " and very agitated .
The patient states that he recalls going out alone to a cafe the evening prior to admission .
There he recalls having pizza and two glasses of red wine .
The patient told other staff that he had a few cocktails and drinking a few more glasses of wine when he ran into some friends at a bar .
He denies any other drug or toxin ingestion .
He does not recall walking home , but he states that the way is well known to him .
He has no further recollection , until he presented to the emergency room .
He by emergency room report , was found in his apartment lobby agitated .
EMS was called and the patient was taken to the emergency room .
Blood alcohol level was 383 .
Agitated in emergency room requiring 4 leather restraints , received 5 mg of Haldol , 2 mg of Ativan .
He became hypotensive in the emergency room with a systolic blood pressure in the 80 's and had decreased respiratory rate .
He received a normal saline bolus of 2 liters of good blood pressure response .
The patient was then admitted to the medical Intensive Care Unit for observation of his blood pressure and then transferred to our service on medicine when the blood pressures remained stable overnight .
The patient denies any chest pain , shortness of breath , dysuria , diarrhea , bright red blood per rectum .
He does complain of cold symptoms times one week .
The patient states in the past that he has participated in several alcohol treatment programs , most recently Star which is similar Alcoholics Anonymous .
The patient admits that he has had many stressors in his life lately .
His job as a computer programmer is unstable .
His brother is mentally handicapped and might be sent away from his instate institution .
He is also concerned about the threat of war and is ready to " move to Madagascar ".
He states that he primarily relies on friends .
In the past , he has been very depressed and has seen a counselor at Greenfield Community College Community Health .
HOSPITAL COURSE :
The patient was transferred to medicine service on hospital day #2 after remaining hemodynamically stable in the CMED CCU overnight .
1. Blood pressure :
The patient 's blood pressure remained stable on hospital day #2 through hospital day #3 status post IV hydration with systolic blood pressures in the 120 's to 130 's.
We continued to hold the patient 's home blood pressure medications .
The patient was asymptomatic without chest pain , shortness of breath and no mental status changes .
2. Substance abuse :
On Hospital day #2 through hospital day #3 , the patient had mild tremor on hands , but improved over hospital course .
The patient became notably less anxious throughout hospital stay .
CIWA scale over night was 1 for tremor and the patient did not require any Valium for alcohol withdrawal .
We believe that the patient is able to be discharged and to follow up with Dr. Sandra Rose , addiction services as an outpatient .
Call for further referral .
3. FEN :
Calcium carbonate 500 mg p.o. t.i.d. , Mag oxide 400 mg p.o. times one dose , potassium chloride repleted 40 mEq times one dose .
]]></TEXT>
<TAGS>
<TLINK id="TL1" fromID="E0" fromText="Admission" toID="T0" toText="2011-02-06" type="OVERLAP" />
<TLINK id="TL2" fromID="E1" fromText="Discharge" toID="T1" toText="2011-02-08" type="OVERLAP" />
<TLINK id="TL3" fromID="E2" fromText="alcohol use" toID="E3" toText="hypertension" type="OVERLAP" />
<TLINK id="TL4" fromID="E4" fromText="shouting" toID="E3" toText="hypertension" type="OVERLAP" />
<TLINK id="TL5" fromID="E5" fromText="very agitated" toID="E4" toText="shouting" type="OVERLAP" />
<TLINK id="TL6" fromID="E5" fromText="very agitated" toID="E6" toText="states" type="OVERLAP" />
<TLINK id="TL7" fromID="E7" fromText="going out alone" toID="E6" toText="states" type="OVERLAP" />
<TLINK id="TL8" fromID="E8" fromText="the evening" toID="E7" toText="going out alone" type="OVERLAP" />
<TLINK id="TL9" fromID="E7" fromText="going out alone" toID="T2" toText="the evening" type="OVERLAP" />
<TLINK id="TL10" fromID="E8" fromText="the evening" toID="E9" toText="admission" type="OVERLAP" />
<TLINK id="TL11" fromID="E10" fromText="two glasses of red wine" toID="E9" toText="admission" type="OVERLAP" />
<TLINK id="TL12" fromID="E10" fromText="two glasses of red wine" toID="E11" toText="told" type="OVERLAP" />
<TLINK id="TL13" fromID="E12" fromText="a few cocktails" toID="E11" toText="told" type="OVERLAP" />
<TLINK id="TL14" fromID="E13" fromText="a few more glasses of wine" toID="E12" toText="a few cocktails" type="OVERLAP" />
<TLINK id="TL15" fromID="E14" fromText="ran into some friends" toID="E13" toText="a few more glasses of wine" type="OVERLAP" />
<TLINK id="TL16" fromID="E97" fromText="denies" toID="E11" toText="told" type="OVERLAP" />
<TLINK id="TL17" fromID="E15" fromText="other drug" toID="E97" toText="denies" type="BEFORE" />
<TLINK id="TL18" fromID="E16" fromText="toxin ingestion" toID="E97" toText="denies" type="BEFORE" />
<TLINK id="TL19" fromID="E17" fromText="does not recall walking home" toID="E16" toText="toxin ingestion" type="OVERLAP" />
<TLINK id="TL20" fromID="E17" fromText="does not recall walking home" toID="E18" toText="states" type="OVERLAP" />
<TLINK id="TL21" fromID="E98" fromText="further recollection" toID="E18" toText="states" type="BEFORE" />
<TLINK id="TL22" fromID="E98" fromText="further recollection" toID="E20" toText="presented" type="OVERLAP" />
<TLINK id="TL23" fromID="E21" fromText="the emergency room" toID="E20" toText="presented" type="OVERLAP" />
<TLINK id="TL24" fromID="E21" fromText="the emergency room" toID="E22" toText="emergency room" type="OVERLAP" />
<TLINK id="TL25" fromID="E23" fromText="found" toID="E22" toText="emergency room" type="BEFORE" />
<TLINK id="TL26" fromID="E24" fromText="agitated" toID="E23" toText="found" type="OVERLAP" />
<TLINK id="TL27" fromID="E24" fromText="agitated" toID="E25" toText="EMS was called" type="OVERLAP" />
<TLINK id="TL28" fromID="E25" fromText="EMS was called" toID="E26" toText="the emergency room" type="OVERLAP" />
<TLINK id="TL29" fromID="E27" fromText="Blood alcohol level" toID="E26" toText="the emergency room" type="OVERLAP" />
<TLINK id="TL30" fromID="E28" fromText="Agitated" toID="E27" toText="Blood alcohol level" type="OVERLAP" />
<TLINK id="TL31" fromID="E28" fromText="Agitated" toID="E29" toText="emergency room" type="BEFORE" />
<TLINK id="TL32" fromID="E30" fromText="4 leather restraints" toID="E29" toText="emergency room" type="OVERLAP" />
<TLINK id="TL33" fromID="E31" fromText="Haldol" toID="E30" toText="4 leather restraints" type="OVERLAP" />
<TLINK id="TL34" fromID="E31" fromText="Haldol" toID="E32" toText="Ativan" type="OVERLAP" />
<TLINK id="TL35" fromID="E33" fromText="hypotensive" toID="E32" toText="Ativan" type="OVERLAP" />
<TLINK id="TL36" fromID="E33" fromText="hypotensive" toID="E34" toText="the emergency room" type="OVERLAP" />
<TLINK id="TL37" fromID="E35" fromText="a systolic blood pressure" toID="E34" toText="the emergency room" type="OVERLAP" />
<TLINK id="TL38" fromID="E36" fromText="decreased respiratory rate" toID="E35" toText="a systolic blood pressure" type="BEFORE" />
<TLINK id="TL39" fromID="E36" fromText="decreased respiratory rate" toID="E37" toText="a normal saline bolus" type="OVERLAP" />
<TLINK id="TL40" fromID="E37" fromText="a normal saline bolus" toID="E38" toText="good blood pressure response" type="OVERLAP" />
<TLINK id="TL41" fromID="E38" fromText="good blood pressure response" toID="E39" toText="admitted" type="OVERLAP" />
<TLINK id="TL42" fromID="E39" fromText="admitted" toID="E40" toText="the medical Intensive Care Unit" type="OVERLAP" />
<TLINK id="TL43" fromID="E41" fromText="observation" toID="E40" toText="the medical Intensive Care Unit" type="OVERLAP" />
<TLINK id="TL44" fromID="E41" fromText="observation" toID="E42" toText="his blood pressure" type="OVERLAP" />
<TLINK id="TL45" fromID="E42" fromText="his blood pressure" toID="E43" toText="transferred" type="OVERLAP" />
<TLINK id="TL46" fromID="E43" fromText="transferred" toID="E44" toText="service on medicine" type="OVERLAP" />
<TLINK id="TL47" fromID="E45" fromText="the blood pressures" toID="E44" toText="service on medicine" type="OVERLAP" />
<TLINK id="TL48" fromID="E46" fromText="stable" toID="E45" toText="the blood pressures" type="OVERLAP" />
<TLINK id="TL49" fromID="E46" fromText="stable" toID="T3" toText="overnight" type="OVERLAP" />
<TLINK id="TL50" fromID="E47" fromText="denies" toID="T3" toText="overnight" type="OVERLAP" />
<TLINK id="TL51" fromID="E48" fromText="any chest pain" toID="E47" toText="denies" type="BEFORE" />
<TLINK id="TL52" fromID="E49" fromText="shortness of breath" toID="E47" toText="denies" type="BEFORE" />
<TLINK id="TL53" fromID="E50" fromText="dysuria" toID="E49" toText="shortness of breath" type="OVERLAP" />
<TLINK id="TL54" fromID="E51" fromText="diarrhea" toID="E50" toText="dysuria" type="OVERLAP" />
<TLINK id="TL55" fromID="E52" fromText="bright red blood per rectum" toID="E51" toText="diarrhea" type="OVERLAP" />
<TLINK id="TL56" fromID="E53" fromText="complain" toID="E47" toText="denies" type="OVERLAP" />
<TLINK id="TL57" fromID="E54" fromText="cold symptoms" toID="E53" toText="complain" type="BEFORE" />
<TLINK id="TL58" fromID="T4" fromText="one week" toID="E53" toText="complain" type="OVERLAP" />
<TLINK id="TL59" fromID="E55" fromText="states" toID="E53" toText="complain" type="OVERLAP" />
<TLINK id="TL60" fromID="E56" fromText="alcohol treatment programs" toID="E55" toText="states" type="OVERLAP" />
<TLINK id="TL61" fromID="E57" fromText="Star" toID="E56" toText="alcohol treatment programs" type="OVERLAP" />
<TLINK id="TL62" fromID="E58" fromText="admits" toID="E55" toText="states" type="OVERLAP" />
<TLINK id="TL63" fromID="E59" fromText="stressors" toID="E58" toText="admits" type="BEFORE" />
<TLINK id="TL64" fromID="E60" fromText="unstable" toID="E59" toText="stressors" type="OVERLAP" />
<TLINK id="TL65" fromID="E61" fromText="mentally handicapped" toID="E60" toText="unstable" type="OVERLAP" />
<TLINK id="TL66" fromID="E61" fromText="mentally handicapped" toID="E62" toText="sent away" type="OVERLAP" />
<TLINK id="TL67" fromID="E63" fromText="the threat of war" toID="E62" toText="sent away" type="OVERLAP" />
<TLINK id="TL68" fromID="E63" fromText="the threat of war" toID="E64" toText="states" type="OVERLAP" />
<TLINK id="TL69" fromID="E65" fromText="relies on friends" toID="E64" toText="states" type="OVERLAP" />
<TLINK id="TL70" fromID="E66" fromText="very depressed" toID="E65" toText="relies on friends" type="OVERLAP" />
<TLINK id="TL71" fromID="E66" fromText="very depressed" toID="E67" toText="a counselor" type="BEFORE" />
<TLINK id="TL72" fromID="E67" fromText="a counselor" toID="E68" toText="Greenfield Community College Community Health" type="OVERLAP" />
<TLINK id="TL73" fromID="E69" fromText="transferred" toID="E70" toText="medicine service" type="OVERLAP" />
<TLINK id="TL74" fromID="E69" fromText="transferred" toID="T5" toText="hospital day #2" type="OVERLAP" />
<TLINK id="TL75" fromID="E71" fromText="hemodynamically stable" toID="E70" toText="medicine service" type="OVERLAP" />
<TLINK id="TL76" fromID="E71" fromText="hemodynamically stable" toID="E72" toText="the CMED CCU" type="OVERLAP" />
<TLINK id="TL77" fromID="E72" fromText="the CMED CCU" toID="T6" toText="overnight" type="OVERLAP" />
<TLINK id="TL78" fromID="E73" fromText="Blood pressure" toID="T5" toText="hospital day #2" type="_NONE_" />
<TLINK id="TL79" fromID="E74" fromText="The patient 's blood pressure" toID="E73" toText="Blood pressure" type="OVERLAP" />
<TLINK id="TL80" fromID="E74" fromText="The patient 's blood pressure" toID="E75" toText="stable" type="OVERLAP" />
<TLINK id="TL81" fromID="E74" fromText="The patient 's blood pressure" toID="T7" toText="hospital day #2" type="OVERLAP" />
<TLINK id="TL82" fromID="T8" fromText="hospital day #3" toID="T7" toText="hospital day #2" type="OVERLAP" />
<TLINK id="TL83" fromID="E76" fromText="IV hydration" toID="T8" toText="hospital day #3" type="OVERLAP" />
<TLINK id="TL84" fromID="E77" fromText="systolic blood pressures" toID="E74" toText="The patient 's blood pressure" type="OVERLAP" />
<TLINK id="TL85" fromID="E77" fromText="systolic blood pressures" toID="E78" toText="home blood pressure medications" type="OVERLAP" />
<TLINK id="TL86" fromID="E79" fromText="asymptomatic" toID="E78" toText="home blood pressure medications" type="OVERLAP" />
<TLINK id="TL87" fromID="E79" fromText="asymptomatic" toID="E80" toText="chest pain" type="OVERLAP" />
<TLINK id="TL88" fromID="E81" fromText="shortness of breath" toID="E80" toText="chest pain" type="OVERLAP" />
<TLINK id="TL89" fromID="E82" fromText="mental status changes" toID="E81" toText="shortness of breath" type="OVERLAP" />
<TLINK id="TL90" fromID="E82" fromText="mental status changes" toID="E83" toText="Substance abuse" type="OVERLAP" />
<TLINK id="TL91" fromID="E83" fromText="Substance abuse" toID="T9" toText="Hospital day #2" type="AFTER" />
<TLINK id="TL92" fromID="T10" fromText="hospital day #3" toID="T9" toText="Hospital day #2" type="OVERLAP" />
<TLINK id="TL93" fromID="E84" fromText="mild tremor on hands" toID="T9" toText="Hospital day #2" type="BEFORE" />
<TLINK id="TL94" fromID="E84" fromText="mild tremor on hands" toID="E99" toText="hospital course" type="OVERLAP" />
<TLINK id="TL95" fromID="E85" fromText="notably less anxious" toID="E99" toText="hospital course" type="OVERLAP" />
<TLINK id="TL96" fromID="E85" fromText="notably less anxious" toID="E86" toText="hospital stay" type="OVERLAP" />
<TLINK id="TL97" fromID="E87" fromText="CIWA scale" toID="E86" toText="hospital stay" type="OVERLAP" />
<TLINK id="TL98" fromID="E87" fromText="CIWA scale" toID="T11" toText="over night" type="OVERLAP" />
<TLINK id="TL99" fromID="E88" fromText="tremor" toID="E87" toText="CIWA scale" type="OVERLAP" />
<TLINK id="TL100" fromID="E88" fromText="tremor" toID="E89" toText="Valium" type="OVERLAP" />
<TLINK id="TL101" fromID="E90" fromText="alcohol withdrawal" toID="E89" toText="Valium" type="OVERLAP" />
<TLINK id="TL102" fromID="E90" fromText="alcohol withdrawal" toID="E91" toText="discharged" type="OVERLAP" />
<TLINK id="TL103" fromID="E92" fromText="follow up" toID="E91" toText="discharged" type="OVERLAP" />
<TLINK id="TL104" fromID="E92" fromText="follow up" toID="E93" toText="Call" type="OVERLAP" />
<TLINK id="TL105" fromID="E94" fromText="Calcium carbonate" toID="T12" toText="t.i.d." type="OVERLAP" />
<TLINK id="TL106" fromID="E95" fromText="Mag oxide" toID="E94" toText="Calcium carbonate" type="OVERLAP" />
<TLINK id="TL107" fromID="E95" fromText="Mag oxide" toID="T13" toText="times one dose" type="OVERLAP" />
<TLINK id="TL108" fromID="E96" fromText="potassium chloride" toID="E95" toText="Mag oxide" type="OVERLAP" />
<TLINK id="TL109" fromID="E96" fromText="potassium chloride" toID="T14" toText="times one dose" type="OVERLAP" />
<TLINK id="SECTIME0" fromID="E0" fromText="Admission" toID="T0" toText="2011-02-06" type="BEFORE" />
<TLINK id="SECTIME1" fromID="E31" fromText="Haldol" toID="T0" toText="2011-02-06" type="BEFORE" />
<TLINK id="SECTIME2" fromID="E32" fromText="Ativan" toID="T0" toText="2011-02-06" type="BEFORE" />
<TLINK id="SECTIME3" fromID="E33" fromText="hypotensive" toID="T0" toText="2011-02-06" type="BEFORE" />
<TLINK id="SECTIME4" fromID="E34" fromText="the emergency room" toID="T0" toText="2011-02-06" type="BEFORE" />
<TLINK id="SECTIME5" fromID="E35" fromText="a systolic blood pressure" toID="T0" toText="2011-02-06" type="BEFORE" />
<TLINK id="SECTIME6" fromID="E36" fromText="decreased respiratory rate" toID="T0" toText="2011-02-06" type="BEFORE" />
<TLINK id="SECTIME7" fromID="E37" fromText="a normal saline bolus" toID="T0" toText="2011-02-06" type="OVERLAP" />
<TLINK id="SECTIME8" fromID="E38" fromText="good blood pressure response" toID="T0" toText="2011-02-06" type="OVERLAP" />
<TLINK id="SECTIME9" fromID="E39" fromText="admitted" toID="T0" toText="2011-02-06" type="BEFORE" />
<TLINK id="SECTIME10" fromID="E40" fromText="the medical Intensive Care Unit" toID="T0" toText="2011-02-06" type="BEFORE" />
<TLINK id="SECTIME11" fromID="E41" fromText="observation" toID="T0" toText="2011-02-06" type="BEFORE" />
<TLINK id="SECTIME12" fromID="E42" fromText="his blood pressure" toID="T0" toText="2011-02-06" type="BEFORE" />
<TLINK id="SECTIME13" fromID="E43" fromText="transferred" toID="T0" toText="2011-02-06" type="BEFORE" />
<TLINK id="SECTIME14" fromID="E44" fromText="service on medicine" toID="T0" toText="2011-02-06" type="BEFORE" />
<TLINK id="SECTIME15" fromID="E45" fromText="the blood pressures" toID="T0" toText="2011-02-06" type="BEFORE" />
<TLINK id="SECTIME16" fromID="E46" fromText="stable" toID="T0" toText="2011-02-06" type="BEFORE" />
<TLINK id="SECTIME17" fromID="E47" fromText="denies" toID="T0" toText="2011-02-06" type="OVERLAP" />
<TLINK id="SECTIME18" fromID="E48" fromText="any chest pain" toID="T0" toText="2011-02-06" type="BEFORE" />
<TLINK id="SECTIME19" fromID="E49" fromText="shortness of breath" toID="T0" toText="2011-02-06" type="BEFORE" />
<TLINK id="SECTIME20" fromID="E50" fromText="dysuria" toID="T0" toText="2011-02-06" type="BEFORE" />
<TLINK id="SECTIME21" fromID="E51" fromText="diarrhea" toID="T0" toText="2011-02-06" type="BEFORE" />
<TLINK id="SECTIME22" fromID="E52" fromText="bright red blood per rectum" toID="T0" toText="2011-02-06" type="BEFORE" />
<TLINK id="SECTIME23" fromID="E53" fromText="complain" toID="T0" toText="2011-02-06" type="BEFORE" />
<TLINK id="SECTIME24" fromID="E54" fromText="cold symptoms" toID="T0" toText="2011-02-06" type="BEFORE" />
<TLINK id="SECTIME25" fromID="E55" fromText="states" toID="T0" toText="2011-02-06" type="BEFORE" />
<TLINK id="SECTIME26" fromID="E56" fromText="alcohol treatment programs" toID="T0" toText="2011-02-06" type="BEFORE" />
<TLINK id="SECTIME27" fromID="E57" fromText="Star" toID="T0" toText="2011-02-06" type="BEFORE" />
<TLINK id="SECTIME28" fromID="E2" fromText="alcohol use" toID="T0" toText="2011-02-06" type="BEFORE" />
<TLINK id="SECTIME29" fromID="E58" fromText="admits" toID="T0" toText="2011-02-06" type="BEFORE" />
<TLINK id="SECTIME30" fromID="E59" fromText="stressors" toID="T0" toText="2011-02-06" type="BEFORE" />
<TLINK id="SECTIME31" fromID="E60" fromText="unstable" toID="T0" toText="2011-02-06" type="BEFORE" />
<TLINK id="SECTIME32" fromID="E3" fromText="hypertension" toID="T0" toText="2011-02-06" type="BEFORE" />
<TLINK id="SECTIME33" fromID="E61" fromText="mentally handicapped" toID="T0" toText="2011-02-06" type="BEFORE" />
<TLINK id="SECTIME34" fromID="E62" fromText="sent away" toID="T0" toText="2011-02-06" type="OVERLAP" />
<TLINK id="SECTIME35" fromID="E63" fromText="the threat of war" toID="T0" toText="2011-02-06" type="BEFORE" />
<TLINK id="SECTIME36" fromID="E64" fromText="states" toID="T0" toText="2011-02-06" type="OVERLAP" />
<TLINK id="SECTIME37" fromID="E65" fromText="relies on friends" toID="T0" toText="2011-02-06" type="BEFORE" />
<TLINK id="SECTIME38" fromID="E66" fromText="very depressed" toID="T0" toText="2011-02-06" type="BEFORE" />
<TLINK id="SECTIME39" fromID="E67" fromText="a counselor" toID="T0" toText="2011-02-06" type="BEFORE" />
<TLINK id="SECTIME40" fromID="E68" fromText="Greenfield Community College Community Health" toID="T0" toText="2011-02-06" type="BEFORE" />
<TLINK id="SECTIME41" fromID="E69" fromText="transferred" toID="T1" toText="2011-02-08" type="BEFORE" />
<TLINK id="SECTIME42" fromID="E70" fromText="medicine service" toID="T1" toText="2011-02-08" type="BEFORE" />
<TLINK id="SECTIME43" fromID="E71" fromText="hemodynamically stable" toID="T1" toText="2011-02-08" type="BEFORE" />
<TLINK id="SECTIME44" fromID="E72" fromText="the CMED CCU" toID="T1" toText="2011-02-08" type="BEFORE" />
<TLINK id="SECTIME45" fromID="E73" fromText="Blood pressure" toID="T1" toText="2011-02-08" type="BEFORE" />
<TLINK id="SECTIME46" fromID="E74" fromText="The patient 's blood pressure" toID="T1" toText="2011-02-08" type="BEFORE" />
<TLINK id="SECTIME47" fromID="E4" fromText="shouting" toID="T0" toText="2011-02-06" type="BEFORE" />
<TLINK id="SECTIME48" fromID="E75" fromText="stable" toID="T1" toText="2011-02-08" type="BEFORE" />
<TLINK id="SECTIME49" fromID="E76" fromText="IV hydration" toID="T1" toText="2011-02-08" type="BEFORE" />
<TLINK id="SECTIME50" fromID="E77" fromText="systolic blood pressures" toID="T1" toText="2011-02-08" type="BEFORE" />
<TLINK id="SECTIME51" fromID="E5" fromText="very agitated" toID="T0" toText="2011-02-06" type="BEFORE" />
<TLINK id="SECTIME52" fromID="E78" fromText="home blood pressure medications" toID="T1" toText="2011-02-08" type="BEFORE" />
<TLINK id="SECTIME53" fromID="E79" fromText="asymptomatic" toID="T1" toText="2011-02-08" type="BEFORE" />
<TLINK id="SECTIME54" fromID="E80" fromText="chest pain" toID="T1" toText="2011-02-08" type="BEFORE" />
<TLINK id="SECTIME55" fromID="E81" fromText="shortness of breath" toID="T1" toText="2011-02-08" type="BEFORE" />
<TLINK id="SECTIME56" fromID="E82" fromText="mental status changes" toID="T1" toText="2011-02-08" type="BEFORE" />
<TLINK id="SECTIME57" fromID="E83" fromText="Substance abuse" toID="T1" toText="2011-02-08" type="BEFORE" />
<TLINK id="SECTIME58" fromID="E84" fromText="mild tremor on hands" toID="T1" toText="2011-02-08" type="BEFORE" />
<TLINK id="SECTIME59" fromID="E6" fromText="states" toID="T0" toText="2011-02-06" type="OVERLAP" />
<TLINK id="SECTIME60" fromID="E99" fromText="hospital course" toID="T1" toText="2011-02-08" type="BEFORE" />
<TLINK id="SECTIME61" fromID="E85" fromText="notably less anxious" toID="T1" toText="2011-02-08" type="BEFORE" />
<TLINK id="SECTIME62" fromID="E1" fromText="Discharge" toID="T0" toText="2011-02-06" type="BEFORE" />
<TLINK id="SECTIME63" fromID="E86" fromText="hospital stay" toID="T1" toText="2011-02-08" type="OVERLAP" />
<TLINK id="SECTIME64" fromID="E87" fromText="CIWA scale" toID="T1" toText="2011-02-08" type="BEFORE" />
<TLINK id="SECTIME65" fromID="E88" fromText="tremor" toID="T1" toText="2011-02-08" type="BEFORE" />
<TLINK id="SECTIME66" fromID="E89" fromText="Valium" toID="T1" toText="2011-02-08" type="BEFORE" />
<TLINK id="SECTIME67" fromID="E90" fromText="alcohol withdrawal" toID="T1" toText="2011-02-08" type="BEFORE" />
<TLINK id="SECTIME68" fromID="E7" fromText="going out alone" toID="T0" toText="2011-02-06" type="BEFORE" />
<TLINK id="SECTIME69" fromID="E91" fromText="discharged" toID="T1" toText="2011-02-08" type="OVERLAP" />
<TLINK id="SECTIME70" fromID="E92" fromText="follow up" toID="T1" toText="2011-02-08" type="AFTER" />
<TLINK id="SECTIME71" fromID="E93" fromText="Call" toID="T1" toText="2011-02-08" type="BEFORE" />
<TLINK id="SECTIME72" fromID="E94" fromText="Calcium carbonate" toID="T1" toText="2011-02-08" type="OVERLAP" />
<TLINK id="SECTIME73" fromID="E95" fromText="Mag oxide" toID="T1" toText="2011-02-08" type="OVERLAP" />
<TLINK id="SECTIME74" fromID="E96" fromText="potassium chloride" toID="T1" toText="2011-02-08" type="OVERLAP" />
<TLINK id="SECTIME75" fromID="E8" fromText="the evening" toID="T0" toText="2011-02-06" type="BEFORE" />
<TLINK id="SECTIME76" fromID="E9" fromText="admission" toID="T0" toText="2011-02-06" type="OVERLAP" />
<TLINK id="SECTIME77" fromID="E10" fromText="two glasses of red wine" toID="T0" toText="2011-02-06" type="OVERLAP" />
<TLINK id="SECTIME78" fromID="E11" fromText="told" toID="T0" toText="2011-02-06" type="AFTER" />
<TLINK id="SECTIME79" fromID="E12" fromText="a few cocktails" toID="T0" toText="2011-02-06" type="BEFORE" />
<TLINK id="SECTIME80" fromID="E13" fromText="a few more glasses of wine" toID="T0" toText="2011-02-06" type="OVERLAP" />
<TLINK id="SECTIME81" fromID="E14" fromText="ran into some friends" toID="T0" toText="2011-02-06" type="OVERLAP" />
<TLINK id="SECTIME82" fromID="E97" fromText="denies" toID="T0" toText="2011-02-06" type="OVERLAP" />
<TLINK id="SECTIME83" fromID="E15" fromText="other drug" toID="T0" toText="2011-02-06" type="BEFORE" />
<TLINK id="SECTIME84" fromID="E16" fromText="toxin ingestion" toID="T0" toText="2011-02-06" type="BEFORE" />
<TLINK id="SECTIME85" fromID="E17" fromText="does not recall walking home" toID="T0" toText="2011-02-06" type="OVERLAP" />
<TLINK id="SECTIME86" fromID="E18" fromText="states" toID="T0" toText="2011-02-06" type="OVERLAP" />
<TLINK id="SECTIME87" fromID="E98" fromText="further recollection" toID="T0" toText="2011-02-06" type="BEFORE" />
<TLINK id="SECTIME88" fromID="E20" fromText="presented" toID="T0" toText="2011-02-06" type="OVERLAP" />
<TLINK id="SECTIME89" fromID="E21" fromText="the emergency room" toID="T0" toText="2011-02-06" type="BEFORE" />
<TLINK id="SECTIME90" fromID="E22" fromText="emergency room" toID="T0" toText="2011-02-06" type="BEFORE" />
<TLINK id="SECTIME91" fromID="E23" fromText="found" toID="T0" toText="2011-02-06" type="BEFORE" />
<TLINK id="SECTIME92" fromID="E24" fromText="agitated" toID="T0" toText="2011-02-06" type="OVERLAP" />
<TLINK id="SECTIME93" fromID="E25" fromText="EMS was called" toID="T0" toText="2011-02-06" type="BEFORE" />
<TLINK id="SECTIME94" fromID="E26" fromText="the emergency room" toID="T0" toText="2011-02-06" type="BEFORE" />
<TLINK id="SECTIME95" fromID="E27" fromText="Blood alcohol level" toID="T0" toText="2011-02-06" type="BEFORE" />
<TLINK id="SECTIME96" fromID="E28" fromText="Agitated" toID="T0" toText="2011-02-06" type="OVERLAP" />
<TLINK id="SECTIME97" fromID="E29" fromText="emergency room" toID="T0" toText="2011-02-06" type="BEFORE" />
<TLINK id="SECTIME98" fromID="E30" fromText="4 leather restraints" toID="T0" toText="2011-02-06" type="BEFORE" />
</TAGS>
</ClinicalNarrativeTemporalAnnotation>