<?xml version="1.0" encoding="UTF-8" ?>
<ClinicalNarrativeTemporalAnnotation>
<TEXT><![CDATA[
Admission Date :
2015-03-16
Discharge Date :
2015-03-19
Service :
HISTORY OF PRESENT ILLNESS :
HISTORY OF PRESENT ILLNESS :
The patient is an 82 - year-old male with a history of hypertension , remote tobacco abuse , chronic renal insufficiency , and a history of a TIA who was in his usual state of health until five nights prior to admission when he awoke at midnight with severe epigastric pain radiating to both arms .
He also had bilateral arm numbness .
The symptoms were associated with diaphoresis and shortness of breath but no nausea or vomiting .
After approximately one hour , he presented to the Bristol County Tuberculosis Hospital Dana-Farber Cancer Institute Campus where he ruled in for a non-ST elevation MI with a CK of 438 with a peak CK MB of 19.8 and troponin that peaked at 10.2 .
He was started on nitrates there as well as heparin and Integrelin and remained pain-free .
He denied any history of similar symptoms in the past and has had no prior history of angina or myocardial infarction .
The patient was subsequently transferred to Youville Hospital for cardiac catheterization .
At the time of transfer , he was initially admitted to the CMI Service after undergoing cardiac catheterization which revealed a long LAD lesion that was angioplastied without stent placement , and a total occlusion of the RCA with collaterals .
He subsequently became hypotensive and bradycardiac in the Catheterization Laboratory which responded to IV fluids , dopamine , Atropine , and he was then transferred to the CCU for further monitoring .
He had a bedside transthoracic echocardiogram done in the Cardiac Catheterization laboratory without evidence of an effusion .
A Swan was also placed .
There were no stents deployed at all throughout the catheterization .
By the time he was admitted , he was off pressors and hemodynamically stable and pain-free .
HOSPITAL COURSE :
1. CARDIOVASCULAR :
As summarized above , the patient had a non-ST elevation MI with evidence of an 80 percent mid LAD lesion for which he underwent angioplasty without stent placement .
He was initially continued on aspirin , Plavix , beta blocker , statin , and ACE inhibitor .
At the time of discharge , his Plavix was held due to Guaiac positive stools and hematocrit drop throughout admission .
He had a transthoracic echocardiogram the day after admission showing an ejection fraction of greater than 60 percent .
No focal wall motion abnormalities .
He had no recurrent chest pain or shortness of breath throughout admission .
In regards to his rhythm , he has an underlying right bundle branch block and first-degree AV block which were stable throughout this admission .
He will be followed-up by his cardiologist after discharge .
1. PULMONARY :
He had a history of COPD for which he is on baseline 2 liters of 02 by nasal cannula at home and Albuterol and Atrovent MDI s p.r.n. at home .
He is also on Flovent MDI at home as well .
He was continued on his MDI and was at his baseline 02 requirement throughout admission .
1. RENAL :
He has a history of chronic renal insufficiency likely secondary to hypertension and was admitted with a creatinine of 1.6 .
His ACE inhibitor post MI was initially held due to his creatinine .
However , this responded to IV fluids and his ACE inhibitor was restarted at the time of discharge .
He will need close monitoring of his creatinine post discharge in the setting of reinstitution of his ACE inhibitor .
1. GASTROINTESTINAL :
His stools were noted to be Guaiac positive at the outside hospital and there was still concern for possible GI bleed given continued Guaiac positive stools during this admission and a slight drop in his hematocrit from 39 to 33 .
It was felt most appropriate for him to have an outpatient GI workup , and his PCP was contacted and will arrange for outpatient colonoscopy .
His Plavix was held at the time of discharge due to a question of GI bleed and in the setting of not having a stent placed at the time of catheterization .
He was continued on his aspirin , however .
]]></TEXT>
<TAGS>
<TLINK id="TL1" fromID="E0" fromText="Admission" toID="T1" toText="2015-03-16" type="OVERLAP" />
<TLINK id="TL2" fromID="E67" fromText="Discharge" toID="T1" toText="2015-03-16" type="OVERLAP" />
<TLINK id="TL3" fromID="E67" fromText="Discharge" toID="T2" toText="2015-03-19" type="OVERLAP" />
<TLINK id="TL4" fromID="E68" fromText="tobacco abuse" toID="E1" toText="hypertension" type="OVERLAP" />
<TLINK id="TL5" fromID="E68" fromText="tobacco abuse" toID="E2" toText="chronic renal insufficiency" type="OVERLAP" />
<TLINK id="TL6" fromID="E3" fromText="a TIA" toID="E2" toText="chronic renal insufficiency" type="OVERLAP" />
<TLINK id="TL7" fromID="E3" fromText="a TIA" toID="E69" toText="his usual state of health" type="OVERLAP" />
<TLINK id="TL8" fromID="E69" fromText="his usual state of health" toID="T3" toText="five nights prior" type="OVERLAP" />
<TLINK id="TL9" fromID="E69" fromText="his usual state of health" toID="E56" toText="admission" type="OVERLAP" />
<TLINK id="TL10" fromID="E69" fromText="his usual state of health" toID="T4" toText="midnight" type="OVERLAP" />
<TLINK id="TL11" fromID="E4" fromText="severe epigastric pain" toID="T4" toText="midnight" type="OVERLAP" />
<TLINK id="TL12" fromID="E5" fromText="bilateral arm numbness" toID="E4" toText="severe epigastric pain" type="OVERLAP" />
<TLINK id="TL13" fromID="E6" fromText="The symptoms" toID="E5" toText="bilateral arm numbness" type="OVERLAP" />
<TLINK id="TL14" fromID="E6" fromText="The symptoms" toID="E7" toText="diaphoresis" type="OVERLAP" />
<TLINK id="TL15" fromID="E8" fromText="shortness of breath" toID="E7" toText="diaphoresis" type="OVERLAP" />
<TLINK id="TL16" fromID="E9" fromText="nausea" toID="E8" toText="shortness of breath" type="OVERLAP" />
<TLINK id="TL17" fromID="E10" fromText="vomiting" toID="E9" toText="nausea" type="OVERLAP" />
<TLINK id="TL18" fromID="E10" fromText="vomiting" toID="T5" toText="one hour" type="OVERLAP" />
<TLINK id="TL19" fromID="T5" fromText="one hour" toID="E57" toText="presented" type="OVERLAP" />
<TLINK id="TL20" fromID="E70" fromText="the Bristol County Tuberculosis Hospital Dana-Farber Cancer Institute Campus" toID="E57" toText="presented" type="OVERLAP" />
<TLINK id="TL21" fromID="E11" fromText="a non-ST elevation MI" toID="E70" toText="the Bristol County Tuberculosis Hospital Dana-Farber Cancer Institute Campus" type="BEFORE" />
<TLINK id="TL22" fromID="E12" fromText="a CK" toID="E57" toText="presented" type="AFTER" />
<TLINK id="TL23" fromID="E13" fromText="a peak CK MB" toID="E12" toText="a CK" type="OVERLAP" />
<TLINK id="TL24" fromID="E71" fromText="troponin" toID="E13" toText="a peak CK MB" type="OVERLAP" />
<TLINK id="TL25" fromID="E71" fromText="troponin" toID="E14" toText="nitrates" type="OVERLAP" />
<TLINK id="TL26" fromID="E15" fromText="heparin" toID="E14" toText="nitrates" type="OVERLAP" />
<TLINK id="TL27" fromID="E15" fromText="heparin" toID="E16" toText="Integrelin" type="OVERLAP" />
<TLINK id="TL28" fromID="E72" fromText="pain-free" toID="E16" toText="Integrelin" type="OVERLAP" />
<TLINK id="TL29" fromID="E72" fromText="pain-free" toID="E73" toText="denied" type="OVERLAP" />
<TLINK id="TL30" fromID="E17" fromText="similar symptoms" toID="E73" toText="denied" type="BEFORE" />
<TLINK id="TL31" fromID="E18" fromText="angina" toID="E73" toText="denied" type="BEFORE" />
<TLINK id="TL32" fromID="E19" fromText="myocardial infarction" toID="E18" toText="angina" type="OVERLAP" />
<TLINK id="TL33" fromID="E19" fromText="myocardial infarction" toID="E74" toText="transferred" type="OVERLAP" />
<TLINK id="TL34" fromID="E74" fromText="transferred" toID="E75" toText="Youville Hospital" type="OVERLAP" />
<TLINK id="TL35" fromID="E20" fromText="cardiac catheterization" toID="E75" toText="Youville Hospital" type="OVERLAP" />
<TLINK id="TL36" fromID="E20" fromText="cardiac catheterization" toID="T6" toText="the time of transfer" type="OVERLAP" />
<TLINK id="TL37" fromID="T6" fromText="the time of transfer" toID="E77" toText="admitted" type="OVERLAP" />
<TLINK id="TL38" fromID="E78" fromText="the CMI Service" toID="E77" toText="admitted" type="OVERLAP" />
<TLINK id="TL39" fromID="E79" fromText="cardiac catheterization" toID="E78" toText="the CMI Service" type="OVERLAP" />
<TLINK id="TL40" fromID="E80" fromText="revealed" toID="E79" toText="cardiac catheterization" type="OVERLAP" />
<TLINK id="TL41" fromID="E81" fromText="a long LAD lesion" toID="E80" toText="revealed" type="BEFORE" />
<TLINK id="TL42" fromID="E81" fromText="a long LAD lesion" toID="E82" toText="angioplastied" type="OVERLAP" />
<TLINK id="TL43" fromID="E83" fromText="stent placement" toID="E82" toText="angioplastied" type="OVERLAP" />
<TLINK id="TL44" fromID="E84" fromText="a total occlusion of the RCA" toID="E83" toText="stent placement" type="BEFORE" />
<TLINK id="TL45" fromID="E85" fromText="hypotensive" toID="E83" toText="stent placement" type="OVERLAP" />
<TLINK id="TL46" fromID="E85" fromText="hypotensive" toID="E86" toText="bradycardiac" type="OVERLAP" />
<TLINK id="TL47" fromID="E86" fromText="bradycardiac" toID="E87" toText="the Catheterization Laboratory" type="OVERLAP" />
<TLINK id="TL48" fromID="E88" fromText="IV fluids" toID="E87" toText="the Catheterization Laboratory" type="OVERLAP" />
<TLINK id="TL49" fromID="E89" fromText="dopamine" toID="E88" toText="IV fluids" type="OVERLAP" />
<TLINK id="TL50" fromID="E89" fromText="dopamine" toID="E90" toText="Atropine" type="OVERLAP" />
<TLINK id="TL51" fromID="E90" fromText="Atropine" toID="E91" toText="transferred" type="OVERLAP" />
<TLINK id="TL52" fromID="E92" fromText="the CCU" toID="E91" toText="transferred" type="AFTER" />
<TLINK id="TL53" fromID="E93" fromText="further monitoring" toID="E92" toText="the CCU" type="OVERLAP" />
<TLINK id="TL54" fromID="E94" fromText="a bedside transthoracic echocardiogram" toID="E93" toText="further monitoring" type="OVERLAP" />
<TLINK id="TL55" fromID="E94" fromText="a bedside transthoracic echocardiogram" toID="E95" toText="the Cardiac Catheterization laboratory" type="OVERLAP" />
<TLINK id="TL56" fromID="E97" fromText="an effusion" toID="E95" toText="the Cardiac Catheterization laboratory" type="BEFORE" />
<TLINK id="TL57" fromID="E97" fromText="an effusion" toID="E98" toText="A Swan" type="OVERLAP" />
<TLINK id="TL58" fromID="E99" fromText="stents" toID="E98" toText="A Swan" type="OVERLAP" />
<TLINK id="TL59" fromID="E99" fromText="stents" toID="E100" toText="the catheterization" type="AFTER" />
<TLINK id="TL60" fromID="E58" fromText="admitted" toID="E100" toText="the catheterization" type="OVERLAP" />
<TLINK id="TL61" fromID="E101" fromText="pressors" toID="E58" toText="admitted" type="AFTER" />
<TLINK id="TL62" fromID="E102" fromText="hemodynamically stable" toID="E58" toText="admitted" type="OVERLAP" />
<TLINK id="TL63" fromID="E103" fromText="pain-free" toID="E58" toText="admitted" type="AFTER" />
<TLINK id="TL64" fromID="E21" fromText="a non-ST elevation MI" toID="E22" toText="an 80 percent mid LAD lesion" type="OVERLAP" />
<TLINK id="TL65" fromID="E22" fromText="an 80 percent mid LAD lesion" toID="E23" toText="angioplasty" type="OVERLAP" />
<TLINK id="TL66" fromID="E23" fromText="angioplasty" toID="E24" toText="stent placement" type="OVERLAP" />
<TLINK id="TL67" fromID="E25" fromText="aspirin" toID="E24" toText="stent placement" type="OVERLAP" />
<TLINK id="TL68" fromID="E25" fromText="aspirin" toID="E26" toText="Plavix" type="OVERLAP" />
<TLINK id="TL69" fromID="E26" fromText="Plavix" toID="E27" toText="beta blocker" type="OVERLAP" />
<TLINK id="TL70" fromID="E28" fromText="statin" toID="E27" toText="beta blocker" type="OVERLAP" />
<TLINK id="TL71" fromID="E28" fromText="statin" toID="E29" toText="ACE inhibitor" type="OVERLAP" />
<TLINK id="TL72" fromID="E29" fromText="ACE inhibitor" toID="T0" toText="the time of discharge" type="OVERLAP" />
<TLINK id="TL73" fromID="E104" fromText="his Plavix" toID="T0" toText="the time of discharge" type="OVERLAP" />
<TLINK id="TL74" fromID="E104" fromText="his Plavix" toID="E30" toText="Guaiac positive stools" type="OVERLAP" />
<TLINK id="TL75" fromID="E31" fromText="hematocrit drop" toID="E30" toText="Guaiac positive stools" type="OVERLAP" />
<TLINK id="TL76" fromID="E31" fromText="hematocrit drop" toID="E105" toText="admission" type="OVERLAP" />
<TLINK id="TL77" fromID="E32" fromText="a transthoracic echocardiogram" toID="E105" toText="admission" type="OVERLAP" />
<TLINK id="TL78" fromID="E32" fromText="a transthoracic echocardiogram" toID="T7" toText="the day after admission" type="OVERLAP" />
<TLINK id="TL79" fromID="E66" fromText="showing" toID="E32" toText="a transthoracic echocardiogram" type="OVERLAP" />
<TLINK id="TL80" fromID="E33" fromText="an ejection fraction" toID="E66" toText="showing" type="BEFORE" />
<TLINK id="TL81" fromID="E34" fromText="focal wall motion abnormalities" toID="E33" toText="an ejection fraction" type="OVERLAP" />
<TLINK id="TL82" fromID="E106" fromText="recurrent chest pain" toID="E34" toText="focal wall motion abnormalities" type="OVERLAP" />
<TLINK id="TL83" fromID="E107" fromText="shortness of breath" toID="E106" toText="recurrent chest pain" type="OVERLAP" />
<TLINK id="TL84" fromID="E107" fromText="shortness of breath" toID="E108" toText="admission" type="OVERLAP" />
<TLINK id="TL85" fromID="E35" fromText="an underlying right bundle branch block" toID="E108" toText="admission" type="OVERLAP" />
<TLINK id="TL86" fromID="E35" fromText="an underlying right bundle branch block" toID="E36" toText="first-degree AV block" type="OVERLAP" />
<TLINK id="TL87" fromID="E36" fromText="first-degree AV block" toID="E109" toText="stable" type="OVERLAP" />
<TLINK id="TL88" fromID="E109" fromText="stable" toID="E110" toText="this admission" type="OVERLAP" />
<TLINK id="TL89" fromID="E111" fromText="followed-up" toID="E110" toText="this admission" type="OVERLAP" />
<TLINK id="TL90" fromID="E111" fromText="followed-up" toID="E112" toText="his cardiologist" type="OVERLAP" />
<TLINK id="TL91" fromID="E112" fromText="his cardiologist" toID="E60" toText="discharge" type="BEFORE" />
<TLINK id="TL92" fromID="E37" fromText="COPD" toID="E38" toText="02" type="OVERLAP" />
<TLINK id="TL93" fromID="E39" fromText="nasal cannula" toID="E38" toText="02" type="OVERLAP" />
<TLINK id="TL94" fromID="E39" fromText="nasal cannula" toID="E40" toText="Albuterol" type="OVERLAP" />
<TLINK id="TL95" fromID="E41" fromText="Atrovent MDI" toID="E40" toText="Albuterol" type="OVERLAP" />
<TLINK id="TL96" fromID="E41" fromText="Atrovent MDI" toID="T10" toText="p.r.n." type="OVERLAP" />
<TLINK id="TL97" fromID="E42" fromText="Flovent MDI" toID="E41" toText="Atrovent MDI" type="OVERLAP" />
<TLINK id="TL98" fromID="E43" fromText="his MDI" toID="E42" toText="Flovent MDI" type="OVERLAP" />
<TLINK id="TL99" fromID="E113" fromText="his baseline 02 requirement" toID="E43" toText="his MDI" type="BEFORE" />
<TLINK id="TL100" fromID="E113" fromText="his baseline 02 requirement" toID="E114" toText="admission" type="OVERLAP" />
<TLINK id="TL101" fromID="E44" fromText="chronic renal insufficiency" toID="E45" toText="hypertension" type="OVERLAP" />
<TLINK id="TL102" fromID="E45" fromText="hypertension" toID="E61" toText="admitted" type="OVERLAP" />
<TLINK id="TL103" fromID="E46" fromText="a creatinine" toID="E61" toText="admitted" type="AFTER" />
<TLINK id="TL104" fromID="E115" fromText="His ACE inhibitor" toID="E46" toText="a creatinine" type="AFTER" />
<TLINK id="TL105" fromID="E115" fromText="His ACE inhibitor" toID="E47" toText="MI" type="OVERLAP" />
<TLINK id="TL106" fromID="E47" fromText="MI" toID="E116" toText="his creatinine" type="OVERLAP" />
<TLINK id="TL107" fromID="E117" fromText="this" toID="E116" toText="his creatinine" type="OVERLAP" />
<TLINK id="TL108" fromID="E117" fromText="this" toID="E48" toText="IV fluids" type="BEFORE" />
<TLINK id="TL109" fromID="E118" fromText="his ACE inhibitor" toID="E48" toText="IV fluids" type="OVERLAP" />
<TLINK id="TL110" fromID="E118" fromText="his ACE inhibitor" toID="T8" toText="the time of discharge" type="OVERLAP" />
<TLINK id="TL111" fromID="E49" fromText="close monitoring" toID="T8" toText="the time of discharge" type="OVERLAP" />
<TLINK id="TL112" fromID="E49" fromText="close monitoring" toID="E119" toText="his creatinine" type="OVERLAP" />
<TLINK id="TL113" fromID="E119" fromText="his creatinine" toID="E63" toText="discharge" type="OVERLAP" />
<TLINK id="TL114" fromID="E120" fromText="his ACE inhibitor" toID="E63" toText="discharge" type="AFTER" />
<TLINK id="TL115" fromID="E121" fromText="Guaiac positive" toID="E122" toText="the outside hospital" type="OVERLAP" />
<TLINK id="TL116" fromID="E123" fromText="GI bleed" toID="E121" toText="Guaiac positive" type="OVERLAP" />
<TLINK id="TL117" fromID="E123" fromText="GI bleed" toID="E50" toText="Guaiac positive stools" type="OVERLAP" />
<TLINK id="TL118" fromID="E50" fromText="Guaiac positive stools" toID="E124" toText="this admission" type="OVERLAP" />
<TLINK id="TL119" fromID="E125" fromText="a slight drop in his hematocrit" toID="E124" toText="this admission" type="OVERLAP" />
<TLINK id="TL120" fromID="E51" fromText="an outpatient GI workup" toID="E50" toText="Guaiac positive stools" type="OVERLAP" />
<TLINK id="TL121" fromID="E51" fromText="an outpatient GI workup" toID="E128" toText="his PCP" type="OVERLAP" />
<TLINK id="TL122" fromID="E52" fromText="outpatient colonoscopy" toID="E128" toText="his PCP" type="OVERLAP" />
<TLINK id="TL123" fromID="E126" fromText="His Plavix" toID="E128" toText="his PCP" type="AFTER" />
<TLINK id="TL124" fromID="E126" fromText="His Plavix" toID="T9" toText="the time of discharge" type="OVERLAP" />
<TLINK id="TL125" fromID="E127" fromText="GI bleed" toID="E126" toText="His Plavix" type="OVERLAP" />
<TLINK id="TL126" fromID="E53" fromText="a stent" toID="T9" toText="the time of discharge" type="OVERLAP" />
<TLINK id="TL127" fromID="E53" fromText="a stent" toID="E54" toText="catheterization" type="OVERLAP" />
<TLINK id="TL128" fromID="E55" fromText="his aspirin" toID="E54" toText="catheterization" type="OVERLAP" />
<TLINK id="SECTIME0" fromID="E0" fromText="Admission" toID="T1" toText="2015-03-16" type="BEFORE" />
<TLINK id="SECTIME1" fromID="E74" fromText="transferred" toID="T1" toText="2015-03-16" type="OVERLAP" />
<TLINK id="SECTIME2" fromID="E75" fromText="Youville Hospital" toID="T1" toText="2015-03-16" type="OVERLAP" />
<TLINK id="SECTIME3" fromID="E20" fromText="cardiac catheterization" toID="T1" toText="2015-03-16" type="BEFORE" />
<TLINK id="SECTIME4" fromID="E77" fromText="admitted" toID="T1" toText="2015-03-16" type="BEFORE" />
<TLINK id="SECTIME5" fromID="E78" fromText="the CMI Service" toID="T1" toText="2015-03-16" type="BEFORE" />
<TLINK id="SECTIME6" fromID="E79" fromText="cardiac catheterization" toID="T1" toText="2015-03-16" type="BEFORE" />
<TLINK id="SECTIME7" fromID="E80" fromText="revealed" toID="T1" toText="2015-03-16" type="BEFORE" />
<TLINK id="SECTIME8" fromID="E81" fromText="a long LAD lesion" toID="T1" toText="2015-03-16" type="BEFORE" />
<TLINK id="SECTIME9" fromID="E82" fromText="angioplastied" toID="T1" toText="2015-03-16" type="BEFORE" />
<TLINK id="SECTIME10" fromID="E83" fromText="stent placement" toID="T1" toText="2015-03-16" type="BEFORE" />
<TLINK id="SECTIME11" fromID="E84" fromText="a total occlusion of the RCA" toID="T1" toText="2015-03-16" type="BEFORE" />
<TLINK id="SECTIME12" fromID="E85" fromText="hypotensive" toID="T1" toText="2015-03-16" type="OVERLAP" />
<TLINK id="SECTIME13" fromID="E86" fromText="bradycardiac" toID="T1" toText="2015-03-16" type="AFTER" />
<TLINK id="SECTIME14" fromID="E87" fromText="the Catheterization Laboratory" toID="T1" toText="2015-03-16" type="OVERLAP" />
<TLINK id="SECTIME15" fromID="E88" fromText="IV fluids" toID="T1" toText="2015-03-16" type="OVERLAP" />
<TLINK id="SECTIME16" fromID="E89" fromText="dopamine" toID="T1" toText="2015-03-16" type="AFTER" />
<TLINK id="SECTIME17" fromID="E90" fromText="Atropine" toID="T1" toText="2015-03-16" type="AFTER" />
<TLINK id="SECTIME18" fromID="E91" fromText="transferred" toID="T1" toText="2015-03-16" type="OVERLAP" />
<TLINK id="SECTIME19" fromID="E92" fromText="the CCU" toID="T1" toText="2015-03-16" type="OVERLAP" />
<TLINK id="SECTIME20" fromID="E93" fromText="further monitoring" toID="T1" toText="2015-03-16" type="AFTER" />
<TLINK id="SECTIME21" fromID="E94" fromText="a bedside transthoracic echocardiogram" toID="T1" toText="2015-03-16" type="BEFORE" />
<TLINK id="SECTIME22" fromID="E95" fromText="the Cardiac Catheterization laboratory" toID="T1" toText="2015-03-16" type="BEFORE" />
<TLINK id="SECTIME23" fromID="E97" fromText="an effusion" toID="T1" toText="2015-03-16" type="BEFORE" />
<TLINK id="SECTIME24" fromID="E98" fromText="A Swan" toID="T1" toText="2015-03-16" type="BEFORE" />
<TLINK id="SECTIME25" fromID="E99" fromText="stents" toID="T1" toText="2015-03-16" type="BEFORE" />
<TLINK id="SECTIME26" fromID="E100" fromText="the catheterization" toID="T1" toText="2015-03-16" type="BEFORE" />
<TLINK id="SECTIME27" fromID="E1" fromText="hypertension" toID="T1" toText="2015-03-16" type="BEFORE" />
<TLINK id="SECTIME28" fromID="E58" fromText="admitted" toID="T1" toText="2015-03-16" type="BEFORE" />
<TLINK id="SECTIME29" fromID="E101" fromText="pressors" toID="T1" toText="2015-03-16" type="BEFORE" />
<TLINK id="SECTIME30" fromID="E102" fromText="hemodynamically stable" toID="T1" toText="2015-03-16" type="BEFORE" />
<TLINK id="SECTIME31" fromID="E103" fromText="pain-free" toID="T1" toText="2015-03-16" type="BEFORE" />
<TLINK id="SECTIME32" fromID="E21" fromText="a non-ST elevation MI" toID="T2" toText="2015-03-19" type="BEFORE" />
<TLINK id="SECTIME33" fromID="E22" fromText="an 80 percent mid LAD lesion" toID="T2" toText="2015-03-19" type="BEFORE" />
<TLINK id="SECTIME34" fromID="E68" fromText="tobacco abuse" toID="T1" toText="2015-03-16" type="BEFORE" />
<TLINK id="SECTIME35" fromID="E23" fromText="angioplasty" toID="T2" toText="2015-03-19" type="BEFORE" />
<TLINK id="SECTIME36" fromID="E24" fromText="stent placement" toID="T2" toText="2015-03-19" type="BEFORE" />
<TLINK id="SECTIME37" fromID="E25" fromText="aspirin" toID="T2" toText="2015-03-19" type="BEFORE" />
<TLINK id="SECTIME38" fromID="E26" fromText="Plavix" toID="T2" toText="2015-03-19" type="BEFORE" />
<TLINK id="SECTIME39" fromID="E27" fromText="beta blocker" toID="T2" toText="2015-03-19" type="BEFORE" />
<TLINK id="SECTIME40" fromID="E28" fromText="statin" toID="T2" toText="2015-03-19" type="BEFORE" />
<TLINK id="SECTIME41" fromID="E29" fromText="ACE inhibitor" toID="T2" toText="2015-03-19" type="BEFORE" />
<TLINK id="SECTIME42" fromID="E2" fromText="chronic renal insufficiency" toID="T1" toText="2015-03-16" type="BEFORE" />
<TLINK id="SECTIME43" fromID="E104" fromText="his Plavix" toID="T2" toText="2015-03-19" type="BEFORE" />
<TLINK id="SECTIME44" fromID="E30" fromText="Guaiac positive stools" toID="T2" toText="2015-03-19" type="BEFORE" />
<TLINK id="SECTIME45" fromID="E31" fromText="hematocrit drop" toID="T2" toText="2015-03-19" type="BEFORE" />
<TLINK id="SECTIME46" fromID="E105" fromText="admission" toID="T2" toText="2015-03-19" type="BEFORE" />
<TLINK id="SECTIME47" fromID="E32" fromText="a transthoracic echocardiogram" toID="T2" toText="2015-03-19" type="BEFORE" />
<TLINK id="SECTIME48" fromID="E66" fromText="showing" toID="T2" toText="2015-03-19" type="BEFORE" />
<TLINK id="SECTIME49" fromID="E33" fromText="an ejection fraction" toID="T2" toText="2015-03-19" type="BEFORE" />
<TLINK id="SECTIME50" fromID="E34" fromText="focal wall motion abnormalities" toID="T2" toText="2015-03-19" type="BEFORE" />
<TLINK id="SECTIME51" fromID="E106" fromText="recurrent chest pain" toID="T2" toText="2015-03-19" type="BEFORE" />
<TLINK id="SECTIME52" fromID="E107" fromText="shortness of breath" toID="T2" toText="2015-03-19" type="BEFORE" />
<TLINK id="SECTIME53" fromID="E108" fromText="admission" toID="T2" toText="2015-03-19" type="BEFORE" />
<TLINK id="SECTIME54" fromID="E35" fromText="an underlying right bundle branch block" toID="T2" toText="2015-03-19" type="BEFORE" />
<TLINK id="SECTIME55" fromID="E36" fromText="first-degree AV block" toID="T2" toText="2015-03-19" type="BEFORE" />
<TLINK id="SECTIME56" fromID="E109" fromText="stable" toID="T2" toText="2015-03-19" type="BEFORE" />
<TLINK id="SECTIME57" fromID="E3" fromText="a TIA" toID="T1" toText="2015-03-16" type="BEFORE" />
<TLINK id="SECTIME58" fromID="E110" fromText="this admission" toID="T2" toText="2015-03-19" type="BEFORE" />
<TLINK id="SECTIME59" fromID="E111" fromText="followed-up" toID="T2" toText="2015-03-19" type="AFTER" />
<TLINK id="SECTIME60" fromID="E112" fromText="his cardiologist" toID="T2" toText="2015-03-19" type="BEFORE" />
<TLINK id="SECTIME61" fromID="E60" fromText="discharge" toID="T2" toText="2015-03-19" type="AFTER" />
<TLINK id="SECTIME62" fromID="E37" fromText="COPD" toID="T2" toText="2015-03-19" type="BEFORE" />
<TLINK id="SECTIME63" fromID="E38" fromText="02" toID="T2" toText="2015-03-19" type="BEFORE" />
<TLINK id="SECTIME64" fromID="E39" fromText="nasal cannula" toID="T2" toText="2015-03-19" type="BEFORE" />
<TLINK id="SECTIME65" fromID="E69" fromText="his usual state of health" toID="T1" toText="2015-03-16" type="BEFORE" />
<TLINK id="SECTIME66" fromID="E40" fromText="Albuterol" toID="T2" toText="2015-03-19" type="BEFORE" />
<TLINK id="SECTIME67" fromID="E41" fromText="Atrovent MDI" toID="T2" toText="2015-03-19" type="BEFORE" />
<TLINK id="SECTIME68" fromID="E67" fromText="Discharge" toID="T1" toText="2015-03-16" type="BEFORE" />
<TLINK id="SECTIME69" fromID="E42" fromText="Flovent MDI" toID="T2" toText="2015-03-19" type="BEFORE" />
<TLINK id="SECTIME70" fromID="E43" fromText="his MDI" toID="T2" toText="2015-03-19" type="BEFORE" />
<TLINK id="SECTIME71" fromID="E113" fromText="his baseline 02 requirement" toID="T2" toText="2015-03-19" type="BEFORE" />
<TLINK id="SECTIME72" fromID="E114" fromText="admission" toID="T2" toText="2015-03-19" type="BEFORE" />
<TLINK id="SECTIME73" fromID="E44" fromText="chronic renal insufficiency" toID="T2" toText="2015-03-19" type="BEFORE" />
<TLINK id="SECTIME74" fromID="E45" fromText="hypertension" toID="T2" toText="2015-03-19" type="BEFORE" />
<TLINK id="SECTIME75" fromID="E61" fromText="admitted" toID="T2" toText="2015-03-19" type="BEFORE" />
<TLINK id="SECTIME76" fromID="E46" fromText="a creatinine" toID="T2" toText="2015-03-19" type="BEFORE" />
<TLINK id="SECTIME77" fromID="E115" fromText="His ACE inhibitor" toID="T2" toText="2015-03-19" type="BEFORE" />
<TLINK id="SECTIME78" fromID="E47" fromText="MI" toID="T2" toText="2015-03-19" type="BEFORE" />
<TLINK id="SECTIME79" fromID="E116" fromText="his creatinine" toID="T2" toText="2015-03-19" type="BEFORE" />
<TLINK id="SECTIME80" fromID="E117" fromText="this" toID="T2" toText="2015-03-19" type="BEFORE" />
<TLINK id="SECTIME81" fromID="E48" fromText="IV fluids" toID="T2" toText="2015-03-19" type="OVERLAP" />
<TLINK id="SECTIME82" fromID="E118" fromText="his ACE inhibitor" toID="T2" toText="2015-03-19" type="BEFORE" />
<TLINK id="SECTIME83" fromID="E49" fromText="close monitoring" toID="T2" toText="2015-03-19" type="BEFORE" />
<TLINK id="SECTIME84" fromID="E56" fromText="admission" toID="T1" toText="2015-03-16" type="BEFORE" />
<TLINK id="SECTIME85" fromID="E119" fromText="his creatinine" toID="T2" toText="2015-03-19" type="BEFORE" />
<TLINK id="SECTIME86" fromID="E63" fromText="discharge" toID="T2" toText="2015-03-19" type="BEFORE" />
<TLINK id="SECTIME87" fromID="E120" fromText="his ACE inhibitor" toID="T2" toText="2015-03-19" type="BEFORE" />
<TLINK id="SECTIME88" fromID="E121" fromText="Guaiac positive" toID="T2" toText="2015-03-19" type="BEFORE" />
<TLINK id="SECTIME89" fromID="E122" fromText="the outside hospital" toID="T2" toText="2015-03-19" type="BEFORE" />
<TLINK id="SECTIME90" fromID="E123" fromText="GI bleed" toID="T2" toText="2015-03-19" type="BEFORE" />
<TLINK id="SECTIME91" fromID="E50" fromText="Guaiac positive stools" toID="T2" toText="2015-03-19" type="BEFORE" />
<TLINK id="SECTIME92" fromID="E124" fromText="this admission" toID="T2" toText="2015-03-19" type="BEFORE" />
<TLINK id="SECTIME93" fromID="E125" fromText="a slight drop in his hematocrit" toID="T2" toText="2015-03-19" type="BEFORE" />
<TLINK id="SECTIME94" fromID="E51" fromText="an outpatient GI workup" toID="T2" toText="2015-03-19" type="AFTER" />
<TLINK id="SECTIME95" fromID="E4" fromText="severe epigastric pain" toID="T1" toText="2015-03-16" type="BEFORE" />
<TLINK id="SECTIME96" fromID="E128" fromText="his PCP" toID="T2" toText="2015-03-19" type="BEFORE" />
<TLINK id="SECTIME97" fromID="E52" fromText="outpatient colonoscopy" toID="T2" toText="2015-03-19" type="AFTER" />
<TLINK id="SECTIME98" fromID="E126" fromText="His Plavix" toID="T2" toText="2015-03-19" type="BEFORE" />
<TLINK id="SECTIME99" fromID="E127" fromText="GI bleed" toID="T2" toText="2015-03-19" type="BEFORE" />
<TLINK id="SECTIME100" fromID="E53" fromText="a stent" toID="T2" toText="2015-03-19" type="BEFORE" />
<TLINK id="SECTIME101" fromID="E54" fromText="catheterization" toID="T2" toText="2015-03-19" type="BEFORE" />
<TLINK id="SECTIME102" fromID="E55" fromText="his aspirin" toID="T2" toText="2015-03-19" type="BEFORE" />
<TLINK id="SECTIME103" fromID="E5" fromText="bilateral arm numbness" toID="T1" toText="2015-03-16" type="BEFORE" />
<TLINK id="SECTIME104" fromID="E6" fromText="The symptoms" toID="T1" toText="2015-03-16" type="BEFORE" />
<TLINK id="SECTIME105" fromID="E7" fromText="diaphoresis" toID="T1" toText="2015-03-16" type="BEFORE" />
<TLINK id="SECTIME106" fromID="E8" fromText="shortness of breath" toID="T1" toText="2015-03-16" type="BEFORE" />
<TLINK id="SECTIME107" fromID="E9" fromText="nausea" toID="T1" toText="2015-03-16" type="BEFORE" />
<TLINK id="SECTIME108" fromID="E10" fromText="vomiting" toID="T1" toText="2015-03-16" type="BEFORE" />
<TLINK id="SECTIME109" fromID="E57" fromText="presented" toID="T1" toText="2015-03-16" type="BEFORE" />
<TLINK id="SECTIME110" fromID="E70" fromText="the Bristol County Tuberculosis Hospital Dana-Farber Cancer Institute Campus" toID="T1" toText="2015-03-16" type="BEFORE" />
<TLINK id="SECTIME111" fromID="E11" fromText="a non-ST elevation MI" toID="T1" toText="2015-03-16" type="BEFORE" />
<TLINK id="SECTIME112" fromID="E12" fromText="a CK" toID="T1" toText="2015-03-16" type="BEFORE" />
<TLINK id="SECTIME113" fromID="E13" fromText="a peak CK MB" toID="T1" toText="2015-03-16" type="BEFORE" />
<TLINK id="SECTIME114" fromID="E71" fromText="troponin" toID="T1" toText="2015-03-16" type="BEFORE" />
<TLINK id="SECTIME115" fromID="E14" fromText="nitrates" toID="T1" toText="2015-03-16" type="BEFORE" />
<TLINK id="SECTIME116" fromID="E15" fromText="heparin" toID="T1" toText="2015-03-16" type="BEFORE" />
<TLINK id="SECTIME117" fromID="E16" fromText="Integrelin" toID="T1" toText="2015-03-16" type="BEFORE" />
<TLINK id="SECTIME118" fromID="E72" fromText="pain-free" toID="T1" toText="2015-03-16" type="BEFORE" />
<TLINK id="SECTIME119" fromID="E73" fromText="denied" toID="T1" toText="2015-03-16" type="OVERLAP" />
<TLINK id="SECTIME120" fromID="E17" fromText="similar symptoms" toID="T1" toText="2015-03-16" type="BEFORE" />
<TLINK id="SECTIME121" fromID="E18" fromText="angina" toID="T1" toText="2015-03-16" type="BEFORE" />
<TLINK id="SECTIME122" fromID="E19" fromText="myocardial infarction" toID="T1" toText="2015-03-16" type="BEFORE" />
</TAGS>
</ClinicalNarrativeTemporalAnnotation>