<?xml version="1.0" encoding="UTF-8" ?>
<ClinicalNarrativeTemporalAnnotation>
<TEXT><![CDATA[
ADMISSION DATE :
10-27-93
DISCHARGE DATE :
11-1-93
HISTORY OF PRESENT ILLNESS :
This 68 year old white male who had a seven to eight year history of knee pain .
In 1984 , he had the right knee aspirated and was noted to have some uric acid crystals , although serum uric acid was normal and erythrocyte sedimentation rate .
He continued to have intermittent symptoms and was noted to have some fullness in the suprapatellar pouch .
Plain films taken by his orthopedist in Mongcana Ster Staarv revealed some soft tissue calcification within the medial and lateral compartments of the joint .
an magnetic resonance imaging study demonstrated calcification densities in the suprapatellar bursa region , also with hypertrophia of the synovium .
It was felt that the patient had synovial chondromatosis and would benefit from an open synovectomy and debridement .
He was admitted for that procedure .
HOSPITAL COURSE :
He underwent right knee open synovectomy and debridement of synovial chondromatosis on 10-28-93 .
Postoperatively , he has done well .
He is mobilized with the help of physical therapy , on a continuous passive motion machine .
His discharge range of motion is from zero to 40 degrees .
He was on pain medication and he was also on Percocet , but now he can manage without the Percocet .
He is on Coumadin which is to be continued for six weeks .
]]></TEXT>
<TAGS>
<TLINK id="TL1" fromID="E0" fromText="ADMISSION" toID="T1" toText="10-27-93" type="OVERLAP" />
<TLINK id="TL2" fromID="E21" fromText="DISCHARGE" toID="T1" toText="10-27-93" type="OVERLAP" />
<TLINK id="TL3" fromID="E21" fromText="DISCHARGE" toID="T2" toText="11-1-93" type="OVERLAP" />
<TLINK id="TL4" fromID="E22" fromText="knee pain" toID="T0" toText="seven to eight year" type="OVERLAP" />
<TLINK id="TL5" fromID="E22" fromText="knee pain" toID="T3" toText="1984" type="BEFORE" />
<TLINK id="TL6" fromID="E20" fromText="aspirated" toID="T3" toText="1984" type="OVERLAP" />
<TLINK id="TL7" fromID="E1" fromText="uric acid crystals" toID="E20" toText="aspirated" type="OVERLAP" />
<TLINK id="TL8" fromID="E2" fromText="serum uric acid" toID="T3" toText="1984" type="OVERLAP" />
<TLINK id="TL9" fromID="E3" fromText="erythrocyte sedimentation rate" toID="E2" toText="serum uric acid" type="OVERLAP" />
<TLINK id="TL10" fromID="E23" fromText="intermittent symptoms" toID="E3" toText="erythrocyte sedimentation rate" type="OVERLAP" />
<TLINK id="TL11" fromID="E23" fromText="intermittent symptoms" toID="E4" toText="some fullness in the suprapatellar pouch" type="OVERLAP" />
<TLINK id="TL12" fromID="E4" fromText="some fullness in the suprapatellar pouch" toID="E5" toText="Plain films" type="OVERLAP" />
<TLINK id="TL13" fromID="E24" fromText="revealed" toID="E5" toText="Plain films" type="OVERLAP" />
<TLINK id="TL14" fromID="E6" fromText="some soft tissue calcification" toID="E24" toText="revealed" type="BEFORE" />
<TLINK id="TL15" fromID="E7" fromText="an magnetic resonance imaging study" toID="E24" toText="revealed" type="OVERLAP" />
<TLINK id="TL16" fromID="E25" fromText="demonstrated" toID="E7" toText="an magnetic resonance imaging study" type="OVERLAP" />
<TLINK id="TL17" fromID="E8" fromText="calcification densities in the suprapatellar bursa region" toID="E25" toText="demonstrated" type="BEFORE" />
<TLINK id="TL18" fromID="E9" fromText="hypertrophia of the synovium" toID="E8" toText="calcification densities in the suprapatellar bursa region" type="OVERLAP" />
<TLINK id="TL19" fromID="E26" fromText="synovial chondromatosis" toID="E9" toText="hypertrophia of the synovium" type="OVERLAP" />
<TLINK id="TL20" fromID="E26" fromText="synovial chondromatosis" toID="E10" toText="an open synovectomy" type="BEFORE" />
<TLINK id="TL21" fromID="E10" fromText="an open synovectomy" toID="E11" toText="debridement" type="OVERLAP" />
<TLINK id="TL22" fromID="E11" fromText="debridement" toID="E27" toText="admitted" type="OVERLAP" />
<TLINK id="TL23" fromID="E28" fromText="that procedure" toID="E27" toText="admitted" type="AFTER" />
<TLINK id="TL24" fromID="E12" fromText="right knee open synovectomy" toID="E13" toText="debridement" type="OVERLAP" />
<TLINK id="TL25" fromID="E14" fromText="synovial chondromatosis" toID="E13" toText="debridement" type="OVERLAP" />
<TLINK id="TL26" fromID="E14" fromText="synovial chondromatosis" toID="T4" toText="10-28-93" type="AFTER" />
<TLINK id="TL27" fromID="E29" fromText="done well" toID="E14" toText="synovial chondromatosis" type="OVERLAP" />
<TLINK id="TL28" fromID="E29" fromText="done well" toID="E30" toText="mobilized" type="BEFORE" />
<TLINK id="TL29" fromID="E15" fromText="physical therapy" toID="E30" toText="mobilized" type="OVERLAP" />
<TLINK id="TL30" fromID="E16" fromText="a continuous passive motion machine" toID="E15" toText="physical therapy" type="OVERLAP" />
<TLINK id="TL31" fromID="E16" fromText="a continuous passive motion machine" toID="E31" toText="His discharge" type="BEFORE" />
<TLINK id="TL32" fromID="E32" fromText="range of motion" toID="E31" toText="His discharge" type="OVERLAP" />
<TLINK id="TL33" fromID="E32" fromText="range of motion" toID="E17" toText="pain medication" type="OVERLAP" />
<TLINK id="TL34" fromID="E19" fromText="Percocet" toID="E17" toText="pain medication" type="OVERLAP" />
<TLINK id="TL35" fromID="E19" fromText="Percocet" toID="E33" toText="the Percocet" type="OVERLAP" />
<TLINK id="TL36" fromID="E34" fromText="Coumadin" toID="E33" toText="the Percocet" type="OVERLAP" />
<TLINK id="TL37" fromID="E34" fromText="Coumadin" toID="T5" toText="six weeks" type="OVERLAP" />
<TLINK id="SECTIME0" fromID="E0" fromText="ADMISSION" toID="T1" toText="10-27-93" type="BEFORE" />
<TLINK id="SECTIME1" fromID="E29" fromText="done well" toID="T2" toText="11-1-93" type="BEFORE" />
<TLINK id="SECTIME2" fromID="E30" fromText="mobilized" toID="T2" toText="11-1-93" type="BEFORE" />
<TLINK id="SECTIME3" fromID="E15" fromText="physical therapy" toID="T2" toText="11-1-93" type="BEFORE" />
<TLINK id="SECTIME4" fromID="E16" fromText="a continuous passive motion machine" toID="T2" toText="11-1-93" type="BEFORE" />
<TLINK id="SECTIME5" fromID="E31" fromText="His discharge" toID="T2" toText="11-1-93" type="BEFORE" />
<TLINK id="SECTIME6" fromID="E32" fromText="range of motion" toID="T2" toText="11-1-93" type="BEFORE" />
<TLINK id="SECTIME7" fromID="E17" fromText="pain medication" toID="T2" toText="11-1-93" type="OVERLAP" />
<TLINK id="SECTIME8" fromID="E19" fromText="Percocet" toID="T2" toText="11-1-93" type="OVERLAP" />
<TLINK id="SECTIME9" fromID="E33" fromText="the Percocet" toID="T2" toText="11-1-93" type="OVERLAP" />
<TLINK id="SECTIME10" fromID="E34" fromText="Coumadin" toID="T2" toText="11-1-93" type="BEFORE" />
<TLINK id="SECTIME11" fromID="E22" fromText="knee pain" toID="T1" toText="10-27-93" type="BEFORE" />
<TLINK id="SECTIME12" fromID="E20" fromText="aspirated" toID="T1" toText="10-27-93" type="OVERLAP" />
<TLINK id="SECTIME13" fromID="E1" fromText="uric acid crystals" toID="T1" toText="10-27-93" type="BEFORE" />
<TLINK id="SECTIME14" fromID="E2" fromText="serum uric acid" toID="T1" toText="10-27-93" type="OVERLAP" />
<TLINK id="SECTIME15" fromID="E21" fromText="DISCHARGE" toID="T1" toText="10-27-93" type="BEFORE" />
<TLINK id="SECTIME16" fromID="E3" fromText="erythrocyte sedimentation rate" toID="T1" toText="10-27-93" type="OVERLAP" />
<TLINK id="SECTIME17" fromID="E23" fromText="intermittent symptoms" toID="T1" toText="10-27-93" type="BEFORE" />
<TLINK id="SECTIME18" fromID="E4" fromText="some fullness in the suprapatellar pouch" toID="T1" toText="10-27-93" type="BEFORE" />
<TLINK id="SECTIME19" fromID="E5" fromText="Plain films" toID="T1" toText="10-27-93" type="BEFORE" />
<TLINK id="SECTIME20" fromID="E24" fromText="revealed" toID="T1" toText="10-27-93" type="BEFORE" />
<TLINK id="SECTIME21" fromID="E6" fromText="some soft tissue calcification" toID="T1" toText="10-27-93" type="BEFORE" />
<TLINK id="SECTIME22" fromID="E7" fromText="an magnetic resonance imaging study" toID="T1" toText="10-27-93" type="BEFORE" />
<TLINK id="SECTIME23" fromID="E25" fromText="demonstrated" toID="T1" toText="10-27-93" type="BEFORE" />
<TLINK id="SECTIME24" fromID="E8" fromText="calcification densities in the suprapatellar bursa region" toID="T1" toText="10-27-93" type="BEFORE" />
<TLINK id="SECTIME25" fromID="E9" fromText="hypertrophia of the synovium" toID="T1" toText="10-27-93" type="BEFORE" />
<TLINK id="SECTIME26" fromID="E26" fromText="synovial chondromatosis" toID="T1" toText="10-27-93" type="BEFORE" />
<TLINK id="SECTIME27" fromID="E10" fromText="an open synovectomy" toID="T1" toText="10-27-93" type="BEFORE" />
<TLINK id="SECTIME28" fromID="E11" fromText="debridement" toID="T1" toText="10-27-93" type="BEFORE" />
<TLINK id="SECTIME29" fromID="E27" fromText="admitted" toID="T1" toText="10-27-93" type="OVERLAP" />
<TLINK id="SECTIME30" fromID="E28" fromText="that procedure" toID="T1" toText="10-27-93" type="BEFORE" />
<TLINK id="SECTIME31" fromID="E12" fromText="right knee open synovectomy" toID="T2" toText="11-1-93" type="BEFORE" />
<TLINK id="SECTIME32" fromID="E13" fromText="debridement" toID="T2" toText="11-1-93" type="BEFORE" />
<TLINK id="SECTIME33" fromID="E14" fromText="synovial chondromatosis" toID="T2" toText="11-1-93" type="BEFORE" />
</TAGS>
</ClinicalNarrativeTemporalAnnotation>