<?xml version="1.0" encoding="UTF-8" ?>
<ClinicalNarrativeTemporalAnnotation>
<TEXT><![CDATA[
ADMISSION DATE :
1-3-94
DISCHARGE DATE :
1-9-94
HISTORY OF PRESENT ILLNESS :
The patient is a 66 year old white female with metastatic colon carcinoma with a mass in the left superhilar region , who presents for bronchoscopy , mediastinal exploration and resection .
The patient was in her usual state of health until she experienced the onset of abdominal pain in early 1992 .
In December of 1992 , she underwent a transverse colectomy for colon carcinoma which was Duke &apos;s grade B-II , lymph nodes were negative .
She received postoperative chemotherapy .
In September of 1992 , she underwent an exploratory laparotomy because of an increased level of CEA in her blood with the presence of a liver abnormality on computerized tomography scan .
The exploratory laparotomy was negative .
She continued to have a rise in her CEA level which prompted a further work up .
In September of 1993 , an abdominal and pelvic computerized tomography scan was negative and in June of 1993 , she had a negative bone scan .
In December of 1994 , a thoracic computerized tomography scan showed a four centimeter soft tissue mass on the left suprahilar region , adjacent to the aortopulmonary window .
She also experienced increased hoarseness over the preceding months , which was due to left vocal cord paralysis .
She also complains of increased shortness of breath for the preceding month and now presents for mediastinal exploration and resection of her probable metastatic mass .
HOSPITAL COURSE :
The patient was admitted to the Fairm of Ijordcompmac Hospital .
The patient was brought to the Operating Room on January 3 , 1994 where she underwent a median sternotomy with removal of her mediastinal mass .
This mass was situated in the aortopulmonary window and was sent to pathology .
The frozen section analysis revealed this to be adenocarcinoma , metastatic disease from the colon most likely .
She had a chest tube placed intraoperatively and another placed postoperatively in the recovery room , for what was presumed to be a left pleural effusion .
This tube drained only a small amount of fluid and it was likely that the effusion was made to look more severe in the presence of left hemidiaphragm elevation .
This additional chest tube was removed the following day .
Her postoperative hematocrit was 31 , compared to a preoperative level of 43 .
Her postoperative recovery was really quite remarkable .
Mediastinal chest tube was removed on postoperative day three .
The patient was discharged home in stable condition on postoperative day six .
]]></TEXT>
<TAGS>
<TLINK id="TL1" fromID="E0" fromText="ADMISSION" toID="T1" toText="1-3-94" type="OVERLAP" />
<TLINK id="TL2" fromID="E35" fromText="DISCHARGE" toID="T1" toText="1-3-94" type="OVERLAP" />
<TLINK id="TL3" fromID="E35" fromText="DISCHARGE" toID="T2" toText="1-9-94" type="OVERLAP" />
<TLINK id="TL4" fromID="E36" fromText="metastatic colon carcinoma" toID="E37" toText="a mass in the left superhilar region" type="OVERLAP" />
<TLINK id="TL5" fromID="E37" fromText="a mass in the left superhilar region" toID="E38" toText="presents" type="OVERLAP" />
<TLINK id="TL6" fromID="E39" fromText="bronchoscopy" toID="E38" toText="presents" type="BEFORE" />
<TLINK id="TL7" fromID="E40" fromText="mediastinal exploration" toID="E39" toText="bronchoscopy" type="OVERLAP" />
<TLINK id="TL8" fromID="E40" fromText="mediastinal exploration" toID="E41" toText="resection" type="OVERLAP" />
<TLINK id="TL9" fromID="E42" fromText="her usual state of health" toID="E39" toText="bronchoscopy" type="OVERLAP" />
<TLINK id="TL10" fromID="E42" fromText="her usual state of health" toID="E1" toText="abdominal pain" type="BEFORE" />
<TLINK id="TL11" fromID="E1" fromText="abdominal pain" toID="T3" toText="early 1992" type="BEFORE" />
<TLINK id="TL12" fromID="E1" fromText="abdominal pain" toID="T0" toText="December of 1992" type="OVERLAP" />
<TLINK id="TL13" fromID="E2" fromText="a transverse colectomy" toID="T0" toText="December of 1992" type="OVERLAP" />
<TLINK id="TL14" fromID="E3" fromText="colon carcinoma" toID="E2" toText="a transverse colectomy" type="BEFORE" />
<TLINK id="TL15" fromID="E4" fromText="Duke &apos;s grade B-II" toID="E2" toText="a transverse colectomy" type="BEFORE" />
<TLINK id="TL16" fromID="E4" fromText="Duke &apos;s grade B-II" toID="E43" toText="lymph nodes" type="OVERLAP" />
<TLINK id="TL17" fromID="E43" fromText="lymph nodes" toID="E5" toText="postoperative chemotherapy" type="OVERLAP" />
<TLINK id="TL18" fromID="E5" fromText="postoperative chemotherapy" toID="T4" toText="September of 1992" type="OVERLAP" />
<TLINK id="TL19" fromID="E6" fromText="an exploratory laparotomy" toID="T4" toText="September of 1992" type="OVERLAP" />
<TLINK id="TL20" fromID="E7" fromText="an increased level of CEA" toID="E6" toText="an exploratory laparotomy" type="OVERLAP" />
<TLINK id="TL21" fromID="E8" fromText="her blood" toID="E6" toText="an exploratory laparotomy" type="OVERLAP" />
<TLINK id="TL22" fromID="E9" fromText="a liver abnormality" toID="E8" toText="her blood" type="OVERLAP" />
<TLINK id="TL23" fromID="E10" fromText="computerized tomography scan" toID="E8" toText="her blood" type="OVERLAP" />
<TLINK id="TL24" fromID="E11" fromText="The exploratory laparotomy" toID="E10" toText="computerized tomography scan" type="OVERLAP" />
<TLINK id="TL25" fromID="E12" fromText="a rise" toID="E11" toText="The exploratory laparotomy" type="OVERLAP" />
<TLINK id="TL26" fromID="E12" fromText="a rise" toID="E13" toText="her CEA level" type="OVERLAP" />
<TLINK id="TL27" fromID="E14" fromText="a further work up" toID="E13" toText="her CEA level" type="OVERLAP" />
<TLINK id="TL28" fromID="E14" fromText="a further work up" toID="T5" toText="September of 1993" type="OVERLAP" />
<TLINK id="TL29" fromID="E15" fromText="an abdominal and pelvic computerized tomography scan" toID="T5" toText="September of 1993" type="OVERLAP" />
<TLINK id="TL30" fromID="E15" fromText="an abdominal and pelvic computerized tomography scan" toID="T6" toText="June of 1993" type="OVERLAP" />
<TLINK id="TL31" fromID="E16" fromText="a negative bone scan" toID="E15" toText="an abdominal and pelvic computerized tomography scan" type="OVERLAP" />
<TLINK id="TL32" fromID="E16" fromText="a negative bone scan" toID="T9" toText="December of 1994" type="OVERLAP" />
<TLINK id="TL33" fromID="E17" fromText="a thoracic computerized tomography scan" toID="T9" toText="December of 1994" type="OVERLAP" />
<TLINK id="TL34" fromID="E44" fromText="showed" toID="E17" toText="a thoracic computerized tomography scan" type="OVERLAP" />
<TLINK id="TL35" fromID="E45" fromText="a four centimeter soft tissue mass on the left suprahilar region" toID="E44" toText="showed" type="BEFORE" />
<TLINK id="TL36" fromID="E18" fromText="increased hoarseness" toID="E45" toText="a four centimeter soft tissue mass on the left suprahilar region" type="OVERLAP" />
<TLINK id="TL37" fromID="E18" fromText="increased hoarseness" toID="T10" toText="the preceding months" type="OVERLAP" />
<TLINK id="TL38" fromID="E18" fromText="increased hoarseness" toID="E19" toText="left vocal cord paralysis" type="OVERLAP" />
<TLINK id="TL39" fromID="E19" fromText="left vocal cord paralysis" toID="E46" toText="complains" type="OVERLAP" />
<TLINK id="TL40" fromID="E20" fromText="increased shortness of breath" toID="E46" toText="complains" type="BEFORE" />
<TLINK id="TL41" fromID="E20" fromText="increased shortness of breath" toID="T11" toText="the preceding month" type="OVERLAP" />
<TLINK id="TL42" fromID="E20" fromText="increased shortness of breath" toID="E47" toText="presents" type="OVERLAP" />
<TLINK id="TL43" fromID="E48" fromText="mediastinal exploration" toID="E47" toText="presents" type="BEFORE" />
<TLINK id="TL44" fromID="E48" fromText="mediastinal exploration" toID="E49" toText="resection" type="OVERLAP" />
<TLINK id="TL45" fromID="E50" fromText="metastatic mass" toID="E49" toText="resection" type="BEFORE" />
<TLINK id="TL46" fromID="E51" fromText="admitted" toID="E52" toText="the Fairm of Ijordcompmac Hospital" type="AFTER" />
<TLINK id="TL47" fromID="E53" fromText="the Operating Room" toID="E52" toText="the Fairm of Ijordcompmac Hospital" type="OVERLAP" />
<TLINK id="TL48" fromID="E53" fromText="the Operating Room" toID="T7" toText="January 3 , 1994" type="OVERLAP" />
<TLINK id="TL49" fromID="E21" fromText="a median sternotomy" toID="E53" toText="the Operating Room" type="OVERLAP" />
<TLINK id="TL50" fromID="E21" fromText="a median sternotomy" toID="E22" toText="removal" type="OVERLAP" />
<TLINK id="TL51" fromID="E23" fromText="her mediastinal mass" toID="E22" toText="removal" type="BEFORE" />
<TLINK id="TL52" fromID="E23" fromText="her mediastinal mass" toID="E24" toText="This mass" type="OVERLAP" />
<TLINK id="TL53" fromID="E24" fromText="This mass" toID="E25" toText="The frozen section analysis" type="OVERLAP" />
<TLINK id="TL54" fromID="E54" fromText="revealed" toID="E25" toText="The frozen section analysis" type="OVERLAP" />
<TLINK id="TL55" fromID="E26" fromText="adenocarcinoma" toID="E54" toText="revealed" type="BEFORE" />
<TLINK id="TL56" fromID="E27" fromText="metastatic disease from the colon" toID="E26" toText="adenocarcinoma" type="OVERLAP" />
<TLINK id="TL57" fromID="E27" fromText="metastatic disease from the colon" toID="E28" toText="a chest tube" type="OVERLAP" />
<TLINK id="TL58" fromID="E28" fromText="a chest tube" toID="E55" toText="the recovery room" type="OVERLAP" />
<TLINK id="TL59" fromID="E29" fromText="a left pleural effusion" toID="E55" toText="the recovery room" type="OVERLAP" />
<TLINK id="TL60" fromID="E29" fromText="a left pleural effusion" toID="E30" toText="This tube" type="OVERLAP" />
<TLINK id="TL61" fromID="E56" fromText="fluid" toID="E30" toText="This tube" type="BEFORE" />
<TLINK id="TL62" fromID="E57" fromText="the effusion" toID="E30" toText="This tube" type="OVERLAP" />
<TLINK id="TL63" fromID="E57" fromText="the effusion" toID="E58" toText="left hemidiaphragm elevation" type="OVERLAP" />
<TLINK id="TL64" fromID="E58" fromText="left hemidiaphragm elevation" toID="E31" toText="This additional chest tube" type="OVERLAP" />
<TLINK id="TL65" fromID="E31" fromText="This additional chest tube" toID="T15" toText="the following day" type="AFTER" />
<TLINK id="TL66" fromID="E32" fromText="Her postoperative hematocrit" toID="T15" toText="the following day" type="OVERLAP" />
<TLINK id="TL67" fromID="E32" fromText="Her postoperative hematocrit" toID="E33" toText="a preoperative level" type="OVERLAP" />
<TLINK id="TL68" fromID="E59" fromText="Her postoperative recovery" toID="E33" toText="a preoperative level" type="OVERLAP" />
<TLINK id="TL69" fromID="E34" fromText="Mediastinal chest tube" toID="E59" toText="Her postoperative recovery" type="OVERLAP" />
<TLINK id="TL70" fromID="E34" fromText="Mediastinal chest tube" toID="T16" toText="postoperative day three" type="OVERLAP" />
<TLINK id="TL71" fromID="T16" fromText="postoperative day three" toID="E60" toText="discharged" type="OVERLAP" />
<TLINK id="TL72" fromID="E61" fromText="stable condition" toID="E60" toText="discharged" type="BEFORE" />
<TLINK id="TL73" fromID="E60" fromText="discharged" toID="T8" toText="postoperative day six" type="OVERLAP" />
<TLINK id="SECTIME0" fromID="E0" fromText="ADMISSION" toID="T1" toText="1-3-94" type="BEFORE" />
<TLINK id="SECTIME1" fromID="E17" fromText="a thoracic computerized tomography scan" toID="T1" toText="1-3-94" type="BEFORE" />
<TLINK id="SECTIME2" fromID="E44" fromText="showed" toID="T1" toText="1-3-94" type="BEFORE" />
<TLINK id="SECTIME3" fromID="E45" fromText="a four centimeter soft tissue mass on the left suprahilar region" toID="T1" toText="1-3-94" type="BEFORE" />
<TLINK id="SECTIME4" fromID="E18" fromText="increased hoarseness" toID="T1" toText="1-3-94" type="BEFORE" />
<TLINK id="SECTIME5" fromID="E36" fromText="metastatic colon carcinoma" toID="T1" toText="1-3-94" type="BEFORE" />
<TLINK id="SECTIME6" fromID="E19" fromText="left vocal cord paralysis" toID="T1" toText="1-3-94" type="BEFORE" />
<TLINK id="SECTIME7" fromID="E46" fromText="complains" toID="T1" toText="1-3-94" type="BEFORE" />
<TLINK id="SECTIME8" fromID="E20" fromText="increased shortness of breath" toID="T1" toText="1-3-94" type="BEFORE" />
<TLINK id="SECTIME9" fromID="E47" fromText="presents" toID="T1" toText="1-3-94" type="OVERLAP" />
<TLINK id="SECTIME10" fromID="E48" fromText="mediastinal exploration" toID="T1" toText="1-3-94" type="BEFORE" />
<TLINK id="SECTIME11" fromID="E49" fromText="resection" toID="T1" toText="1-3-94" type="BEFORE" />
<TLINK id="SECTIME12" fromID="E50" fromText="metastatic mass" toID="T1" toText="1-3-94" type="BEFORE" />
<TLINK id="SECTIME13" fromID="E51" fromText="admitted" toID="T2" toText="1-9-94" type="OVERLAP" />
<TLINK id="SECTIME14" fromID="E52" fromText="the Fairm of Ijordcompmac Hospital" toID="T2" toText="1-9-94" type="OVERLAP" />
<TLINK id="SECTIME15" fromID="E37" fromText="a mass in the left superhilar region" toID="T1" toText="1-3-94" type="BEFORE" />
<TLINK id="SECTIME16" fromID="E53" fromText="the Operating Room" toID="T2" toText="1-9-94" type="BEFORE" />
<TLINK id="SECTIME17" fromID="E21" fromText="a median sternotomy" toID="T2" toText="1-9-94" type="BEFORE" />
<TLINK id="SECTIME18" fromID="E22" fromText="removal" toID="T2" toText="1-9-94" type="BEFORE" />
<TLINK id="SECTIME19" fromID="E23" fromText="her mediastinal mass" toID="T2" toText="1-9-94" type="BEFORE" />
<TLINK id="SECTIME20" fromID="E24" fromText="This mass" toID="T2" toText="1-9-94" type="BEFORE" />
<TLINK id="SECTIME21" fromID="E25" fromText="The frozen section analysis" toID="T2" toText="1-9-94" type="BEFORE" />
<TLINK id="SECTIME22" fromID="E54" fromText="revealed" toID="T2" toText="1-9-94" type="BEFORE" />
<TLINK id="SECTIME23" fromID="E26" fromText="adenocarcinoma" toID="T2" toText="1-9-94" type="BEFORE" />
<TLINK id="SECTIME24" fromID="E27" fromText="metastatic disease from the colon" toID="T2" toText="1-9-94" type="BEFORE" />
<TLINK id="SECTIME25" fromID="E28" fromText="a chest tube" toID="T2" toText="1-9-94" type="BEFORE" />
<TLINK id="SECTIME26" fromID="E55" fromText="the recovery room" toID="T2" toText="1-9-94" type="BEFORE" />
<TLINK id="SECTIME27" fromID="E38" fromText="presents" toID="T1" toText="1-3-94" type="OVERLAP" />
<TLINK id="SECTIME28" fromID="E29" fromText="a left pleural effusion" toID="T2" toText="1-9-94" type="BEFORE" />
<TLINK id="SECTIME29" fromID="E30" fromText="This tube" toID="T2" toText="1-9-94" type="BEFORE" />
<TLINK id="SECTIME30" fromID="E56" fromText="fluid" toID="T2" toText="1-9-94" type="BEFORE" />
<TLINK id="SECTIME31" fromID="E39" fromText="bronchoscopy" toID="T1" toText="1-3-94" type="BEFORE" />
<TLINK id="SECTIME32" fromID="E57" fromText="the effusion" toID="T2" toText="1-9-94" type="BEFORE" />
<TLINK id="SECTIME33" fromID="E58" fromText="left hemidiaphragm elevation" toID="T2" toText="1-9-94" type="BEFORE" />
<TLINK id="SECTIME34" fromID="E31" fromText="This additional chest tube" toID="T2" toText="1-9-94" type="BEFORE" />
<TLINK id="SECTIME35" fromID="E40" fromText="mediastinal exploration" toID="T1" toText="1-3-94" type="BEFORE" />
<TLINK id="SECTIME36" fromID="E32" fromText="Her postoperative hematocrit" toID="T2" toText="1-9-94" type="BEFORE" />
<TLINK id="SECTIME37" fromID="E33" fromText="a preoperative level" toID="T2" toText="1-9-94" type="BEFORE" />
<TLINK id="SECTIME38" fromID="E59" fromText="Her postoperative recovery" toID="T2" toText="1-9-94" type="OVERLAP" />
<TLINK id="SECTIME39" fromID="E34" fromText="Mediastinal chest tube" toID="T2" toText="1-9-94" type="BEFORE" />
<TLINK id="SECTIME40" fromID="E60" fromText="discharged" toID="T2" toText="1-9-94" type="OVERLAP" />
<TLINK id="SECTIME41" fromID="E35" fromText="DISCHARGE" toID="T1" toText="1-3-94" type="BEFORE" />
<TLINK id="SECTIME42" fromID="E61" fromText="stable condition" toID="T2" toText="1-9-94" type="BEFORE" />
<TLINK id="SECTIME43" fromID="E41" fromText="resection" toID="T1" toText="1-3-94" type="BEFORE" />
<TLINK id="SECTIME44" fromID="E42" fromText="her usual state of health" toID="T1" toText="1-3-94" type="BEFORE" />
<TLINK id="SECTIME45" fromID="E1" fromText="abdominal pain" toID="T1" toText="1-3-94" type="BEFORE" />
<TLINK id="SECTIME46" fromID="E2" fromText="a transverse colectomy" toID="T1" toText="1-3-94" type="BEFORE" />
<TLINK id="SECTIME47" fromID="E3" fromText="colon carcinoma" toID="T1" toText="1-3-94" type="BEFORE" />
<TLINK id="SECTIME48" fromID="E4" fromText="Duke &apos;s grade B-II" toID="T1" toText="1-3-94" type="BEFORE" />
<TLINK id="SECTIME49" fromID="E43" fromText="lymph nodes" toID="T1" toText="1-3-94" type="BEFORE" />
<TLINK id="SECTIME50" fromID="E5" fromText="postoperative chemotherapy" toID="T1" toText="1-3-94" type="BEFORE" />
<TLINK id="SECTIME51" fromID="E6" fromText="an exploratory laparotomy" toID="T1" toText="1-3-94" type="BEFORE" />
<TLINK id="SECTIME52" fromID="E7" fromText="an increased level of CEA" toID="T1" toText="1-3-94" type="OVERLAP" />
<TLINK id="SECTIME53" fromID="E8" fromText="her blood" toID="T1" toText="1-3-94" type="OVERLAP" />
<TLINK id="SECTIME54" fromID="E9" fromText="a liver abnormality" toID="T1" toText="1-3-94" type="OVERLAP" />
<TLINK id="SECTIME55" fromID="E10" fromText="computerized tomography scan" toID="T1" toText="1-3-94" type="OVERLAP" />
<TLINK id="SECTIME56" fromID="E11" fromText="The exploratory laparotomy" toID="T1" toText="1-3-94" type="BEFORE" />
<TLINK id="SECTIME57" fromID="E12" fromText="a rise" toID="T1" toText="1-3-94" type="BEFORE" />
<TLINK id="SECTIME58" fromID="E13" fromText="her CEA level" toID="T1" toText="1-3-94" type="BEFORE" />
<TLINK id="SECTIME59" fromID="E14" fromText="a further work up" toID="T1" toText="1-3-94" type="BEFORE" />
<TLINK id="SECTIME60" fromID="E15" fromText="an abdominal and pelvic computerized tomography scan" toID="T1" toText="1-3-94" type="BEFORE" />
<TLINK id="SECTIME61" fromID="E16" fromText="a negative bone scan" toID="T1" toText="1-3-94" type="BEFORE" />
</TAGS>
</ClinicalNarrativeTemporalAnnotation>