<?xml version="1.0" encoding="UTF-8" ?>
<ClinicalNarrativeTemporalAnnotation>
<TEXT><![CDATA[
Admission Date :
01/23/1992
Discharge Date :
01/26/1992
HISTORY OF PRESENT ILLNESS :
The patient is a 20 year old black female who was a pedestrian when struck by a car at apparent high speed .
There was apparent loss of consciousness at the scene and significant deformity of the anterior portion of the motorvehicle with positive starring of the windshield .
The patient was conscious on the scene when evaluated by EMT &apos;s but at the scene , the patient was apparently paraplegic below the umbilicus with absence of movement and sensation below the umbilicus .
HOSPITAL COURSE :
A Neurosurgery consultation was obtained , and it was their impression that the patient &apos;s paraplegia might possibly represent a cord concussion , and recommended treatment with intravenous steroids for 24 hours .
The patient &apos;s paraplegia resolved by the morning of her second hospital day , and she maintained 5/5 motor strength in all groups .
A Urology consultation was obtained , and it was recommended that an IVP be obtained .
This was obtained on the day of discharge , however , due to residual contrast in the colon from the patient &apos;s prior abdominal CT scan , the exam was postponed after a scout film was obtained .
The patient fell well on the day of discharge .
She remained afebrile throughout her hospital course .
Additionally on the night before discharge , flexion and extension views of the lumbosacral spine were obtained , and showed no fracture or instability .
]]></TEXT>
<TAGS>
<TLINK id="TL1" fromID="E13" fromText="Admission" toID="T1" toText="01/23/1992" type="OVERLAP" />
<TLINK id="TL2" fromID="E14" fromText="Discharge" toID="T1" toText="01/23/1992" type="OVERLAP" />
<TLINK id="TL3" fromID="E14" fromText="Discharge" toID="T2" toText="01/26/1992" type="OVERLAP" />
<TLINK id="TL4" fromID="E0" fromText="loss of consciousness" toID="E15" toText="struck by a car" type="OVERLAP" />
<TLINK id="TL5" fromID="E16" fromText="conscious" toID="E0" toText="loss of consciousness" type="OVERLAP" />
<TLINK id="TL6" fromID="E16" fromText="conscious" toID="E17" toText="evaluated" type="OVERLAP" />
<TLINK id="TL7" fromID="E19" fromText="paraplegic below the umbilicus" toID="E17" toText="evaluated" type="OVERLAP" />
<TLINK id="TL8" fromID="E20" fromText="absence of movement and sensation below the umbilicus" toID="E19" toText="paraplegic below the umbilicus" type="OVERLAP" />
<TLINK id="TL9" fromID="E2" fromText="the patient &apos;s paraplegia" toID="E21" toText="A Neurosurgery consultation" type="OVERLAP" />
<TLINK id="TL10" fromID="E3" fromText="a cord concussion" toID="E2" toText="the patient &apos;s paraplegia" type="OVERLAP" />
<TLINK id="TL11" fromID="E3" fromText="a cord concussion" toID="E22" toText="intravenous steroids" type="BEFORE" />
<TLINK id="TL12" fromID="E22" fromText="intravenous steroids" toID="T0" toText="24 hours" type="OVERLAP" />
<TLINK id="TL13" fromID="E4" fromText="The patient &apos;s paraplegia" toID="T0" toText="24 hours" type="OVERLAP" />
<TLINK id="TL14" fromID="E4" fromText="The patient &apos;s paraplegia" toID="T3" toText="her second hospital day" type="AFTER" />
<TLINK id="TL15" fromID="E23" fromText="maintained 5/5 motor strength" toID="E4" toText="The patient &apos;s paraplegia" type="OVERLAP" />
<TLINK id="TL16" fromID="E24" fromText="A Urology consultation" toID="E23" toText="maintained 5/5 motor strength" type="OVERLAP" />
<TLINK id="TL17" fromID="E25" fromText="an IVP" toID="E24" toText="A Urology consultation" type="OVERLAP" />
<TLINK id="TL18" fromID="E26" fromText="This" toID="E25" toText="an IVP" type="OVERLAP" />
<TLINK id="TL19" fromID="E26" fromText="This" toID="T4" toText="the day" type="OVERLAP" />
<TLINK id="TL20" fromID="E26" fromText="This" toID="E27" toText="discharge" type="OVERLAP" />
<TLINK id="TL21" fromID="E5" fromText="residual contrast in the colon" toID="E27" toText="discharge" type="OVERLAP" />
<TLINK id="TL22" fromID="E26" fromText="This" toID="E6" toText="the patient &apos;s prior abdominal CT scan" type="OVERLAP" />
<TLINK id="TL23" fromID="E6" fromText="the patient &apos;s prior abdominal CT scan" toID="E7" toText="the exam" type="OVERLAP" />
<TLINK id="TL24" fromID="E18" fromText="postponed" toID="E7" toText="the exam" type="OVERLAP" />
<TLINK id="TL25" fromID="E8" fromText="a scout film" toID="E18" toText="postponed" type="OVERLAP" />
<TLINK id="TL26" fromID="E28" fromText="well" toID="E8" toText="a scout film" type="OVERLAP" />
<TLINK id="TL27" fromID="E28" fromText="well" toID="T5" toText="the day" type="OVERLAP" />
<TLINK id="TL28" fromID="T5" fromText="the day" toID="E29" toText="discharge" type="OVERLAP" />
<TLINK id="TL29" fromID="E9" fromText="afebrile" toID="E29" toText="discharge" type="OVERLAP" />
<TLINK id="TL30" fromID="E9" fromText="afebrile" toID="E30" toText="her hospital course" type="OVERLAP" />
<TLINK id="TL31" fromID="E9" fromText="afebrile" toID="T6" toText="the night" type="OVERLAP" />
<TLINK id="TL32" fromID="T6" fromText="the night" toID="E31" toText="discharge" type="OVERLAP" />
<TLINK id="TL33" fromID="E10" fromText="flexion and extension views of the lumbosacral spine" toID="E31" toText="discharge" type="OVERLAP" />
<TLINK id="TL34" fromID="E32" fromText="showed" toID="E10" toText="flexion and extension views of the lumbosacral spine" type="OVERLAP" />
<TLINK id="TL35" fromID="E11" fromText="fracture" toID="E32" toText="showed" type="BEFORE" />
<TLINK id="TL36" fromID="E12" fromText="instability" toID="E32" toText="showed" type="BEFORE" />
<TLINK id="SECTIME0" fromID="E13" fromText="Admission" toID="T1" toText="01/23/1992" type="BEFORE" />
<TLINK id="SECTIME1" fromID="E25" fromText="an IVP" toID="T2" toText="01/26/1992" type="BEFORE" />
<TLINK id="SECTIME2" fromID="E26" fromText="This" toID="T2" toText="01/26/1992" type="BEFORE" />
<TLINK id="SECTIME3" fromID="E27" fromText="discharge" toID="T2" toText="01/26/1992" type="BEFORE" />
<TLINK id="SECTIME4" fromID="E5" fromText="residual contrast in the colon" toID="T2" toText="01/26/1992" type="BEFORE" />
<TLINK id="SECTIME5" fromID="E6" fromText="the patient &apos;s prior abdominal CT scan" toID="T2" toText="01/26/1992" type="BEFORE" />
<TLINK id="SECTIME6" fromID="E7" fromText="the exam" toID="T2" toText="01/26/1992" type="BEFORE" />
<TLINK id="SECTIME7" fromID="E18" fromText="postponed" toID="T2" toText="01/26/1992" type="BEFORE" />
<TLINK id="SECTIME8" fromID="E8" fromText="a scout film" toID="T2" toText="01/26/1992" type="BEFORE" />
<TLINK id="SECTIME9" fromID="E28" fromText="well" toID="T2" toText="01/26/1992" type="BEFORE" />
<TLINK id="SECTIME10" fromID="E29" fromText="discharge" toID="T2" toText="01/26/1992" type="BEFORE" />
<TLINK id="SECTIME11" fromID="E9" fromText="afebrile" toID="T2" toText="01/26/1992" type="BEFORE" />
<TLINK id="SECTIME12" fromID="E30" fromText="her hospital course" toID="T2" toText="01/26/1992" type="BEFORE" />
<TLINK id="SECTIME13" fromID="E31" fromText="discharge" toID="T2" toText="01/26/1992" type="BEFORE" />
<TLINK id="SECTIME14" fromID="E10" fromText="flexion and extension views of the lumbosacral spine" toID="T2" toText="01/26/1992" type="BEFORE" />
<TLINK id="SECTIME15" fromID="E32" fromText="showed" toID="T2" toText="01/26/1992" type="BEFORE" />
<TLINK id="SECTIME16" fromID="E11" fromText="fracture" toID="T2" toText="01/26/1992" type="BEFORE" />
<TLINK id="SECTIME17" fromID="E12" fromText="instability" toID="T2" toText="01/26/1992" type="BEFORE" />
<TLINK id="SECTIME18" fromID="E15" fromText="struck by a car" toID="T1" toText="01/23/1992" type="BEFORE" />
<TLINK id="SECTIME19" fromID="E0" fromText="loss of consciousness" toID="T1" toText="01/23/1992" type="BEFORE" />
<TLINK id="SECTIME20" fromID="E14" fromText="Discharge" toID="T1" toText="01/23/1992" type="BEFORE" />
<TLINK id="SECTIME21" fromID="E16" fromText="conscious" toID="T1" toText="01/23/1992" type="OVERLAP" />
<TLINK id="SECTIME22" fromID="E17" fromText="evaluated" toID="T1" toText="01/23/1992" type="OVERLAP" />
<TLINK id="SECTIME23" fromID="E19" fromText="paraplegic below the umbilicus" toID="T1" toText="01/23/1992" type="OVERLAP" />
<TLINK id="SECTIME24" fromID="E20" fromText="absence of movement and sensation below the umbilicus" toID="T1" toText="01/23/1992" type="OVERLAP" />
<TLINK id="SECTIME25" fromID="E21" fromText="A Neurosurgery consultation" toID="T2" toText="01/26/1992" type="BEFORE" />
<TLINK id="SECTIME26" fromID="E2" fromText="the patient &apos;s paraplegia" toID="T2" toText="01/26/1992" type="BEFORE" />
<TLINK id="SECTIME27" fromID="E3" fromText="a cord concussion" toID="T2" toText="01/26/1992" type="BEFORE" />
<TLINK id="SECTIME28" fromID="E22" fromText="intravenous steroids" toID="T2" toText="01/26/1992" type="BEFORE" />
<TLINK id="SECTIME29" fromID="E4" fromText="The patient &apos;s paraplegia" toID="T2" toText="01/26/1992" type="BEFORE" />
<TLINK id="SECTIME30" fromID="E23" fromText="maintained 5/5 motor strength" toID="T2" toText="01/26/1992" type="BEFORE" />
<TLINK id="SECTIME31" fromID="E24" fromText="A Urology consultation" toID="T2" toText="01/26/1992" type="BEFORE" />
</TAGS>
</ClinicalNarrativeTemporalAnnotation>