<?xml version="1.0" encoding="UTF-8" ?>
<ClinicalNarrativeTemporalAnnotation>
<TEXT><![CDATA[
Admission Date :
2013-07-23
Discharge Date :
2013-08-01
Service :
CMED CSRU
HISTORY :
Baby Girl Kathryn Frazier , triplet III , delivered at 32 - 5/7 weeks gestation was admitted to the newborn intensive care unit for management of prematurity .
Birth weight was 1630 grams .
The mother is a 31 - year-old Gravida 5 , para 1 , now 4 woman with estimated date of delivery 2013-09-12 .
Prenatal screens included blood type A+ , antibody screen negative , rubella immune , RPR nonreactive .
Hepatitis B surface antigen negative , cystic fibrosis negative , and Group B strep unknown .
Mother 's medical history was notable for depression treated with Zoloft .
OB history notable for infertility treated with Clomid .
This pregnancy was complicate by triplet gestation , cervical shortening , and pregnancy induced hypertension .
Delivery was by cesarean section under spinal anesthesia for pre-eclampsia .
There was no labor or maternal fever .
Membranes were ruptured at delivery for clear fluid .
Mother did not receive any antibiotics prior to delivery .
The infant emerged vigorous , was dried , bulb suctioned and given free flow oxygen .
Apgar scores were 7 at one minute and 8 at 5 minutes .
SUMMARY OF HOSPITAL COURSE BY SYSTEMS :
Initially was placed on continuous positive airway pressure 40% oxygen .
Due to increasing respiratory distress was intubated , placed on conventional ventilation and pressures of 24/6 , rate of 25 .
She received one dose of Survanta and then weaned well on ventilator settings .
She was extubated to room air at 13 hours of age .
Has remained in room air since with comfortable work of breathing , respiratory rates in the 40 's to 70 's.
No apnea .
Cardiovascular has been hemodynamically stable throughout hospital stay .
Heart rates range in the 140 to 160 's , no heart murmur .
Recent blood pressure 71/31 with a mean of 48 .
Fluids , electrolytes , nutrition :
Was initially NPO on receiving D10-W by peripheral intravenous .
Enteral feeds were started on day of life one and she advanced to full volume feeds of breast milk or special care formula on day of life six ( 2013-07-29 ) without problems .
She is presently receiving breast milk or special care formula 24 cal at 150 mls per kilo per day with tolerance .
Voiding and stooling appropriately .
Most recent electrolytes done on day of life one showed a sodium of 132 , potassium 6.1 , chloride 100 , Co2 20 .
Discharge weight is 1700 grams up 15 grams ..
Gastrointestinal :
Received phototherapy from 07-27 to 2013-07-28 for a peak bilirubin of 8.1 .
Phototherapy was discontinued when bilirubin was a total of 4.7 .
Most recent bilirubin on 2013-07-29 total of 4.2 , direct .4 .
Hematology :
Hematocrit on admission 47% .
No transfusions given .
Infectious Disease :
Received 48 hours of Ampicillin and gentamicin for rule out sepsis .
CBC on admission showed a white count of 9.3 with 37 polys , 0 bands , platelets 399,000 .
The blood culture was negative .
Neurology :
Head ultrasound not indicated .
Sensory :
A hearing screening has not been performed , will need prior to discharge home .
]]></TEXT>
<TAGS>
<TLINK id="TL1" fromID="E0" fromText="Admission" toID="T0" toText="2013-07-23" type="OVERLAP" />
<TLINK id="TL2" fromID="E1" fromText="Discharge" toID="T1" toText="2013-08-01" type="OVERLAP" />
<TLINK id="TL3" fromID="E2" fromText="delivered" toID="T2" toText="32 - 5/7 weeks" type="OVERLAP" />
<TLINK id="TL4" fromID="E3" fromText="gestation" toID="T2" toText="32 - 5/7 weeks" type="OVERLAP" />
<TLINK id="TL5" fromID="E3" fromText="gestation" toID="E4" toText="admitted" type="OVERLAP" />
<TLINK id="TL6" fromID="E5" fromText="the newborn intensive care unit" toID="E4" toText="admitted" type="OVERLAP" />
<TLINK id="TL7" fromID="E5" fromText="the newborn intensive care unit" toID="E6" toText="management" type="OVERLAP" />
<TLINK id="TL8" fromID="E7" fromText="prematurity" toID="E6" toText="management" type="BEFORE" />
<TLINK id="TL9" fromID="E8" fromText="Birth weight" toID="E4" toText="admitted" type="AFTER" />
<TLINK id="TL10" fromID="E8" fromText="Birth weight" toID="E9" toText="Gravida 5 , para 1" type="OVERLAP" />
<TLINK id="TL11" fromID="E10" fromText="delivery" toID="E9" toText="Gravida 5 , para 1" type="OVERLAP" />
<TLINK id="TL12" fromID="E10" fromText="delivery" toID="T3" toText="2013-09-12" type="OVERLAP" />
<TLINK id="TL13" fromID="E11" fromText="Prenatal screens" toID="T3" toText="2013-09-12" type="OVERLAP" />
<TLINK id="TL14" fromID="E11" fromText="Prenatal screens" toID="E12" toText="blood type" type="OVERLAP" />
<TLINK id="TL15" fromID="E13" fromText="antibody screen" toID="E12" toText="blood type" type="OVERLAP" />
<TLINK id="TL16" fromID="E14" fromText="rubella" toID="E13" toText="antibody screen" type="OVERLAP" />
<TLINK id="TL17" fromID="E15" fromText="RPR" toID="E14" toText="rubella" type="OVERLAP" />
<TLINK id="TL18" fromID="E16" fromText="Hepatitis B surface antigen" toID="E15" toText="RPR" type="OVERLAP" />
<TLINK id="TL19" fromID="E17" fromText="cystic fibrosis" toID="E16" toText="Hepatitis B surface antigen" type="OVERLAP" />
<TLINK id="TL20" fromID="E18" fromText="Group B strep" toID="E17" toText="cystic fibrosis" type="OVERLAP" />
<TLINK id="TL21" fromID="E19" fromText="depression" toID="E18" toText="Group B strep" type="OVERLAP" />
<TLINK id="TL22" fromID="E19" fromText="depression" toID="E20" toText="Zoloft" type="BEFORE" />
<TLINK id="TL23" fromID="E21" fromText="infertility" toID="E20" toText="Zoloft" type="OVERLAP" />
<TLINK id="TL24" fromID="E21" fromText="infertility" toID="E22" toText="Clomid" type="BEFORE" />
<TLINK id="TL25" fromID="E23" fromText="triplet gestation" toID="E22" toText="Clomid" type="OVERLAP" />
<TLINK id="TL26" fromID="E23" fromText="triplet gestation" toID="E24" toText="cervical shortening" type="OVERLAP" />
<TLINK id="TL27" fromID="E25" fromText="pregnancy induced hypertension" toID="E24" toText="cervical shortening" type="OVERLAP" />
<TLINK id="TL28" fromID="E25" fromText="pregnancy induced hypertension" toID="E26" toText="Delivery" type="OVERLAP" />
<TLINK id="TL29" fromID="E26" fromText="Delivery" toID="E27" toText="cesarean section" type="OVERLAP" />
<TLINK id="TL30" fromID="E28" fromText="spinal anesthesia" toID="E27" toText="cesarean section" type="OVERLAP" />
<TLINK id="TL31" fromID="E29" fromText="pre-eclampsia" toID="E28" toText="spinal anesthesia" type="OVERLAP" />
<TLINK id="TL32" fromID="E30" fromText="labor or maternal fever" toID="E29" toText="pre-eclampsia" type="OVERLAP" />
<TLINK id="TL33" fromID="E30" fromText="labor or maternal fever" toID="E31" toText="ruptured" type="OVERLAP" />
<TLINK id="TL34" fromID="E31" fromText="ruptured" toID="E32" toText="delivery" type="OVERLAP" />
<TLINK id="TL35" fromID="E33" fromText="any antibiotics" toID="E32" toText="delivery" type="OVERLAP" />
<TLINK id="TL36" fromID="E33" fromText="any antibiotics" toID="E34" toText="delivery" type="OVERLAP" />
<TLINK id="TL37" fromID="E34" fromText="delivery" toID="E35" toText="dried" type="OVERLAP" />
<TLINK id="TL38" fromID="E36" fromText="bulb suctioned" toID="E35" toText="dried" type="OVERLAP" />
<TLINK id="TL39" fromID="E37" fromText="free flow oxygen" toID="E36" toText="bulb suctioned" type="OVERLAP" />
<TLINK id="TL40" fromID="E38" fromText="Apgar scores" toID="E37" toText="free flow oxygen" type="AFTER" />
<TLINK id="TL41" fromID="E38" fromText="Apgar scores" toID="T4" toText="one minute" type="OVERLAP" />
<TLINK id="TL42" fromID="E38" fromText="Apgar scores" toID="T5" toText="5 minutes" type="OVERLAP" />
<TLINK id="TL43" fromID="E39" fromText="continuous positive airway pressure" toID="E40" toText="40% oxygen" type="OVERLAP" />
<TLINK id="TL44" fromID="E41" fromText="increasing respiratory distress" toID="E40" toText="40% oxygen" type="OVERLAP" />
<TLINK id="TL45" fromID="E41" fromText="increasing respiratory distress" toID="E42" toText="intubated" type="OVERLAP" />
<TLINK id="TL46" fromID="E43" fromText="conventional ventilation" toID="E42" toText="intubated" type="OVERLAP" />
<TLINK id="TL47" fromID="E44" fromText="pressures" toID="E43" toText="conventional ventilation" type="OVERLAP" />
<TLINK id="TL48" fromID="E45" fromText="rate" toID="E44" toText="pressures" type="OVERLAP" />
<TLINK id="TL49" fromID="E46" fromText="Survanta" toID="E45" toText="rate" type="OVERLAP" />
<TLINK id="TL50" fromID="E46" fromText="Survanta" toID="E47" toText="weaned" type="OVERLAP" />
<TLINK id="TL51" fromID="E48" fromText="well" toID="E47" toText="weaned" type="OVERLAP" />
<TLINK id="TL52" fromID="E49" fromText="ventilator settings" toID="E47" toText="weaned" type="OVERLAP" />
<TLINK id="TL53" fromID="E49" fromText="ventilator settings" toID="E50" toText="extubated" type="OVERLAP" />
<TLINK id="TL54" fromID="E50" fromText="extubated" toID="E51" toText="room air" type="OVERLAP" />
<TLINK id="TL55" fromID="E51" fromText="room air" toID="T6" toText="13 hours" type="OVERLAP" />
<TLINK id="TL56" fromID="E52" fromText="room air" toID="T6" toText="13 hours" type="OVERLAP" />
<TLINK id="TL57" fromID="E52" fromText="room air" toID="E53" toText="comfortable work of breathing" type="OVERLAP" />
<TLINK id="TL58" fromID="E54" fromText="respiratory rates" toID="E53" toText="comfortable work of breathing" type="OVERLAP" />
<TLINK id="TL59" fromID="E54" fromText="respiratory rates" toID="E55" toText="apnea" type="OVERLAP" />
<TLINK id="TL60" fromID="E56" fromText="hemodynamically stable" toID="E55" toText="apnea" type="OVERLAP" />
<TLINK id="TL61" fromID="E56" fromText="hemodynamically stable" toID="E57" toText="hospital stay" type="OVERLAP" />
<TLINK id="TL62" fromID="E58" fromText="Heart rates" toID="E57" toText="hospital stay" type="OVERLAP" />
<TLINK id="TL63" fromID="E59" fromText="heart murmur" toID="E58" toText="Heart rates" type="OVERLAP" />
<TLINK id="TL64" fromID="E58" fromText="Heart rates" toID="E60" toText="Recent blood pressure" type="OVERLAP" />
<TLINK id="TL65" fromID="E61" fromText="NPO" toID="E62" toText="D10-W" type="OVERLAP" />
<TLINK id="TL66" fromID="E63" fromText="Enteral feeds" toID="E62" toText="D10-W" type="OVERLAP" />
<TLINK id="TL67" fromID="E63" fromText="Enteral feeds" toID="T8" toText="day of life one" type="AFTER" />
<TLINK id="TL68" fromID="E64" fromText="full volume feeds" toID="T8" toText="day of life one" type="OVERLAP" />
<TLINK id="TL69" fromID="E65" fromText="breast milk" toID="E64" toText="full volume feeds" type="OVERLAP" />
<TLINK id="TL70" fromID="E65" fromText="breast milk" toID="E66" toText="special care formula" type="OVERLAP" />
<TLINK id="TL71" fromID="E66" fromText="special care formula" toID="T9" toText="day of life six ( 2013-07-29" type="OVERLAP" />
<TLINK id="TL72" fromID="E67" fromText="problems" toID="E66" toText="special care formula" type="OVERLAP" />
<TLINK id="TL73" fromID="E68" fromText="breast milk" toID="E67" toText="problems" type="OVERLAP" />
<TLINK id="TL74" fromID="E68" fromText="breast milk" toID="E69" toText="special care formula" type="OVERLAP" />
<TLINK id="TL75" fromID="E69" fromText="special care formula" toID="T10" toText="day" type="OVERLAP" />
<TLINK id="TL76" fromID="E69" fromText="special care formula" toID="E70" toText="tolerance" type="OVERLAP" />
<TLINK id="TL77" fromID="E71" fromText="Voiding" toID="E70" toText="tolerance" type="OVERLAP" />
<TLINK id="TL78" fromID="E71" fromText="Voiding" toID="E72" toText="stooling" type="OVERLAP" />
<TLINK id="TL79" fromID="E73" fromText="Most recent electrolytes" toID="E72" toText="stooling" type="OVERLAP" />
<TLINK id="TL80" fromID="E73" fromText="Most recent electrolytes" toID="T11" toText="day of life one" type="OVERLAP" />
<TLINK id="TL81" fromID="E74" fromText="showed" toID="E73" toText="Most recent electrolytes" type="OVERLAP" />
<TLINK id="TL82" fromID="E75" fromText="a sodium" toID="E74" toText="showed" type="OVERLAP" />
<TLINK id="TL83" fromID="E75" fromText="a sodium" toID="E76" toText="potassium" type="OVERLAP" />
<TLINK id="TL84" fromID="E77" fromText="chloride" toID="E76" toText="potassium" type="OVERLAP" />
<TLINK id="TL85" fromID="E78" fromText="Co2" toID="E77" toText="chloride" type="OVERLAP" />
<TLINK id="TL86" fromID="E79" fromText="Discharge weight" toID="E78" toText="Co2" type="OVERLAP" />
<TLINK id="TL87" fromID="E80" fromText="phototherapy" toID="T12" toText="07-27" type="BEFORE" />
<TLINK id="TL88" fromID="E80" fromText="phototherapy" toID="T13" toText="2013-07-28" type="BEFORE" />
<TLINK id="TL89" fromID="E81" fromText="a peak bilirubin" toID="T13" toText="2013-07-28" type="OVERLAP" />
<TLINK id="TL90" fromID="E81" fromText="a peak bilirubin" toID="E82" toText="Phototherapy" type="OVERLAP" />
<TLINK id="TL91" fromID="E83" fromText="bilirubin" toID="E82" toText="Phototherapy" type="BEFORE" />
<TLINK id="TL92" fromID="E83" fromText="bilirubin" toID="E84" toText="a total" type="OVERLAP" />
<TLINK id="TL93" fromID="E84" fromText="a total" toID="E85" toText="Most recent bilirubin" type="OVERLAP" />
<TLINK id="TL94" fromID="E85" fromText="Most recent bilirubin" toID="T14" toText="2013-07-29" type="OVERLAP" />
<TLINK id="TL95" fromID="E86" fromText="total" toID="E85" toText="Most recent bilirubin" type="OVERLAP" />
<TLINK id="TL96" fromID="E87" fromText="direct" toID="E85" toText="Most recent bilirubin" type="OVERLAP" />
<TLINK id="TL97" fromID="E88" fromText="Hematocrit" toID="E89" toText="admission" type="OVERLAP" />
<TLINK id="TL98" fromID="E90" fromText="transfusions" toID="E89" toText="admission" type="AFTER" />
<TLINK id="TL99" fromID="E91" fromText="Ampicillin" toID="T15" toText="48 hours" type="OVERLAP" />
<TLINK id="TL100" fromID="E92" fromText="gentamicin" toID="T15" toText="48 hours" type="OVERLAP" />
<TLINK id="TL101" fromID="E93" fromText="sepsis" toID="E92" toText="gentamicin" type="BEFORE" />
<TLINK id="TL102" fromID="E93" fromText="sepsis" toID="E94" toText="CBC" type="OVERLAP" />
<TLINK id="TL103" fromID="E94" fromText="CBC" toID="E95" toText="admission" type="OVERLAP" />
<TLINK id="TL104" fromID="E94" fromText="CBC" toID="E96" toText="showed" type="OVERLAP" />
<TLINK id="TL105" fromID="E97" fromText="a white count" toID="E94" toText="CBC" type="OVERLAP" />
<TLINK id="TL106" fromID="E98" fromText="37 polys" toID="E97" toText="a white count" type="OVERLAP" />
<TLINK id="TL107" fromID="E99" fromText="0 bands" toID="E94" toText="CBC" type="OVERLAP" />
<TLINK id="TL108" fromID="E100" fromText="platelets" toID="E94" toText="CBC" type="OVERLAP" />
<TLINK id="TL109" fromID="E101" fromText="The blood culture" toID="E94" toText="CBC" type="OVERLAP" />
<TLINK id="TL110" fromID="E103" fromText="A hearing screening" toID="E104" toText="discharge" type="OVERLAP" />
<TLINK id="SECTIME0" fromID="E0" fromText="Admission" toID="T0" toText="2013-07-23" type="BEFORE" />
<TLINK id="SECTIME1" fromID="E33" fromText="any antibiotics" toID="T0" toText="2013-07-23" type="BEFORE" />
<TLINK id="SECTIME2" fromID="E34" fromText="delivery" toID="T0" toText="2013-07-23" type="BEFORE" />
<TLINK id="SECTIME3" fromID="E35" fromText="dried" toID="T0" toText="2013-07-23" type="BEFORE" />
<TLINK id="SECTIME4" fromID="E36" fromText="bulb suctioned" toID="T0" toText="2013-07-23" type="BEFORE" />
<TLINK id="SECTIME5" fromID="E37" fromText="free flow oxygen" toID="T0" toText="2013-07-23" type="BEFORE" />
<TLINK id="SECTIME6" fromID="E38" fromText="Apgar scores" toID="T0" toText="2013-07-23" type="BEFORE" />
<TLINK id="SECTIME7" fromID="E39" fromText="continuous positive airway pressure" toID="T1" toText="2013-08-01" type="BEFORE" />
<TLINK id="SECTIME8" fromID="E2" fromText="delivered" toID="T0" toText="2013-07-23" type="OVERLAP" />
<TLINK id="SECTIME9" fromID="E40" fromText="40% oxygen" toID="T1" toText="2013-08-01" type="BEFORE" />
<TLINK id="SECTIME10" fromID="E41" fromText="increasing respiratory distress" toID="T1" toText="2013-08-01" type="BEFORE" />
<TLINK id="SECTIME11" fromID="E42" fromText="intubated" toID="T1" toText="2013-08-01" type="BEFORE" />
<TLINK id="SECTIME12" fromID="E43" fromText="conventional ventilation" toID="T1" toText="2013-08-01" type="BEFORE" />
<TLINK id="SECTIME13" fromID="E44" fromText="pressures" toID="T1" toText="2013-08-01" type="BEFORE" />
<TLINK id="SECTIME14" fromID="E45" fromText="rate" toID="T1" toText="2013-08-01" type="BEFORE" />
<TLINK id="SECTIME15" fromID="E46" fromText="Survanta" toID="T1" toText="2013-08-01" type="BEFORE" />
<TLINK id="SECTIME16" fromID="E47" fromText="weaned" toID="T1" toText="2013-08-01" type="BEFORE" />
<TLINK id="SECTIME17" fromID="E48" fromText="well" toID="T1" toText="2013-08-01" type="BEFORE" />
<TLINK id="SECTIME18" fromID="E49" fromText="ventilator settings" toID="T1" toText="2013-08-01" type="BEFORE" />
<TLINK id="SECTIME19" fromID="E50" fromText="extubated" toID="T1" toText="2013-08-01" type="BEFORE" />
<TLINK id="SECTIME20" fromID="E51" fromText="room air" toID="T1" toText="2013-08-01" type="BEFORE" />
<TLINK id="SECTIME21" fromID="E3" fromText="gestation" toID="T0" toText="2013-07-23" type="OVERLAP" />
<TLINK id="SECTIME22" fromID="E52" fromText="room air" toID="T1" toText="2013-08-01" type="BEFORE" />
<TLINK id="SECTIME23" fromID="E53" fromText="comfortable work of breathing" toID="T1" toText="2013-08-01" type="BEFORE" />
<TLINK id="SECTIME24" fromID="E54" fromText="respiratory rates" toID="T1" toText="2013-08-01" type="BEFORE" />
<TLINK id="SECTIME25" fromID="E55" fromText="apnea" toID="T1" toText="2013-08-01" type="BEFORE" />
<TLINK id="SECTIME26" fromID="E4" fromText="admitted" toID="T0" toText="2013-07-23" type="OVERLAP" />
<TLINK id="SECTIME27" fromID="E56" fromText="hemodynamically stable" toID="T1" toText="2013-08-01" type="BEFORE" />
<TLINK id="SECTIME28" fromID="E57" fromText="hospital stay" toID="T1" toText="2013-08-01" type="BEFORE" />
<TLINK id="SECTIME29" fromID="E58" fromText="Heart rates" toID="T1" toText="2013-08-01" type="BEFORE" />
<TLINK id="SECTIME30" fromID="E59" fromText="heart murmur" toID="T1" toText="2013-08-01" type="BEFORE" />
<TLINK id="SECTIME31" fromID="E60" fromText="Recent blood pressure" toID="T1" toText="2013-08-01" type="BEFORE" />
<TLINK id="SECTIME32" fromID="E5" fromText="the newborn intensive care unit" toID="T0" toText="2013-07-23" type="OVERLAP" />
<TLINK id="SECTIME33" fromID="E61" fromText="NPO" toID="T1" toText="2013-08-01" type="BEFORE" />
<TLINK id="SECTIME34" fromID="E62" fromText="D10-W" toID="T1" toText="2013-08-01" type="BEFORE" />
<TLINK id="SECTIME35" fromID="E63" fromText="Enteral feeds" toID="T1" toText="2013-08-01" type="BEFORE" />
<TLINK id="SECTIME36" fromID="E64" fromText="full volume feeds" toID="T1" toText="2013-08-01" type="BEFORE" />
<TLINK id="SECTIME37" fromID="E65" fromText="breast milk" toID="T1" toText="2013-08-01" type="BEFORE" />
<TLINK id="SECTIME38" fromID="E66" fromText="special care formula" toID="T1" toText="2013-08-01" type="BEFORE" />
<TLINK id="SECTIME39" fromID="E67" fromText="problems" toID="T1" toText="2013-08-01" type="BEFORE" />
<TLINK id="SECTIME40" fromID="E68" fromText="breast milk" toID="T1" toText="2013-08-01" type="BEFORE" />
<TLINK id="SECTIME41" fromID="E6" fromText="management" toID="T0" toText="2013-07-23" type="OVERLAP" />
<TLINK id="SECTIME42" fromID="E69" fromText="special care formula" toID="T1" toText="2013-08-01" type="BEFORE" />
<TLINK id="SECTIME43" fromID="E70" fromText="tolerance" toID="T1" toText="2013-08-01" type="BEFORE" />
<TLINK id="SECTIME44" fromID="E71" fromText="Voiding" toID="T1" toText="2013-08-01" type="BEFORE" />
<TLINK id="SECTIME45" fromID="E72" fromText="stooling" toID="T1" toText="2013-08-01" type="BEFORE" />
<TLINK id="SECTIME46" fromID="E73" fromText="Most recent electrolytes" toID="T1" toText="2013-08-01" type="BEFORE" />
<TLINK id="SECTIME47" fromID="E7" fromText="prematurity" toID="T0" toText="2013-07-23" type="OVERLAP" />
<TLINK id="SECTIME48" fromID="E74" fromText="showed" toID="T1" toText="2013-08-01" type="BEFORE" />
<TLINK id="SECTIME49" fromID="E75" fromText="a sodium" toID="T1" toText="2013-08-01" type="BEFORE" />
<TLINK id="SECTIME50" fromID="E76" fromText="potassium" toID="T1" toText="2013-08-01" type="BEFORE" />
<TLINK id="SECTIME51" fromID="E77" fromText="chloride" toID="T1" toText="2013-08-01" type="BEFORE" />
<TLINK id="SECTIME52" fromID="E78" fromText="Co2" toID="T1" toText="2013-08-01" type="BEFORE" />
<TLINK id="SECTIME53" fromID="E79" fromText="Discharge weight" toID="T1" toText="2013-08-01" type="OVERLAP" />
<TLINK id="SECTIME54" fromID="E8" fromText="Birth weight" toID="T0" toText="2013-07-23" type="BEFORE" />
<TLINK id="SECTIME55" fromID="E80" fromText="phototherapy" toID="T1" toText="2013-08-01" type="BEFORE" />
<TLINK id="SECTIME56" fromID="E81" fromText="a peak bilirubin" toID="T1" toText="2013-08-01" type="BEFORE" />
<TLINK id="SECTIME57" fromID="E82" fromText="Phototherapy" toID="T1" toText="2013-08-01" type="BEFORE" />
<TLINK id="SECTIME58" fromID="E83" fromText="bilirubin" toID="T1" toText="2013-08-01" type="BEFORE" />
<TLINK id="SECTIME59" fromID="E84" fromText="a total" toID="T1" toText="2013-08-01" type="BEFORE" />
<TLINK id="SECTIME60" fromID="E85" fromText="Most recent bilirubin" toID="T1" toText="2013-08-01" type="BEFORE" />
<TLINK id="SECTIME61" fromID="E86" fromText="total" toID="T1" toText="2013-08-01" type="BEFORE" />
<TLINK id="SECTIME62" fromID="E87" fromText="direct" toID="T1" toText="2013-08-01" type="OVERLAP" />
<TLINK id="SECTIME63" fromID="E88" fromText="Hematocrit" toID="T1" toText="2013-08-01" type="BEFORE" />
<TLINK id="SECTIME64" fromID="E89" fromText="admission" toID="T1" toText="2013-08-01" type="BEFORE" />
<TLINK id="SECTIME65" fromID="E90" fromText="transfusions" toID="T1" toText="2013-08-01" type="BEFORE" />
<TLINK id="SECTIME66" fromID="E91" fromText="Ampicillin" toID="T1" toText="2013-08-01" type="BEFORE" />
<TLINK id="SECTIME67" fromID="E92" fromText="gentamicin" toID="T1" toText="2013-08-01" type="BEFORE" />
<TLINK id="SECTIME68" fromID="E93" fromText="sepsis" toID="T1" toText="2013-08-01" type="BEFORE" />
<TLINK id="SECTIME69" fromID="E94" fromText="CBC" toID="T1" toText="2013-08-01" type="BEFORE" />
<TLINK id="SECTIME70" fromID="E95" fromText="admission" toID="T1" toText="2013-08-01" type="BEFORE" />
<TLINK id="SECTIME71" fromID="E96" fromText="showed" toID="T1" toText="2013-08-01" type="BEFORE" />
<TLINK id="SECTIME72" fromID="E97" fromText="a white count" toID="T1" toText="2013-08-01" type="BEFORE" />
<TLINK id="SECTIME73" fromID="E98" fromText="37 polys" toID="T1" toText="2013-08-01" type="BEFORE" />
<TLINK id="SECTIME74" fromID="E1" fromText="Discharge" toID="T0" toText="2013-07-23" type="BEFORE" />
<TLINK id="SECTIME75" fromID="E99" fromText="0 bands" toID="T1" toText="2013-08-01" type="BEFORE" />
<TLINK id="SECTIME76" fromID="E100" fromText="platelets" toID="T1" toText="2013-08-01" type="BEFORE" />
<TLINK id="SECTIME77" fromID="E101" fromText="The blood culture" toID="T1" toText="2013-08-01" type="BEFORE" />
<TLINK id="SECTIME78" fromID="E102" fromText="Head ultrasound" toID="T1" toText="2013-08-01" type="BEFORE" />
<TLINK id="SECTIME79" fromID="E103" fromText="A hearing screening" toID="T1" toText="2013-08-01" type="BEFORE" />
<TLINK id="SECTIME80" fromID="E9" fromText="Gravida 5 , para 1" toID="T0" toText="2013-07-23" type="BEFORE" />
<TLINK id="SECTIME81" fromID="E104" fromText="discharge" toID="T1" toText="2013-08-01" type="BEFORE" />
<TLINK id="SECTIME82" fromID="E10" fromText="delivery" toID="T0" toText="2013-07-23" type="OVERLAP" />
<TLINK id="SECTIME83" fromID="E11" fromText="Prenatal screens" toID="T0" toText="2013-07-23" type="BEFORE" />
<TLINK id="SECTIME84" fromID="E12" fromText="blood type" toID="T0" toText="2013-07-23" type="BEFORE" />
<TLINK id="SECTIME85" fromID="E13" fromText="antibody screen" toID="T0" toText="2013-07-23" type="BEFORE" />
<TLINK id="SECTIME86" fromID="E14" fromText="rubella" toID="T0" toText="2013-07-23" type="BEFORE" />
<TLINK id="SECTIME87" fromID="E15" fromText="RPR" toID="T0" toText="2013-07-23" type="BEFORE" />
<TLINK id="SECTIME88" fromID="E16" fromText="Hepatitis B surface antigen" toID="T0" toText="2013-07-23" type="BEFORE" />
<TLINK id="SECTIME89" fromID="E17" fromText="cystic fibrosis" toID="T0" toText="2013-07-23" type="BEFORE" />
<TLINK id="SECTIME90" fromID="E18" fromText="Group B strep" toID="T0" toText="2013-07-23" type="BEFORE" />
<TLINK id="SECTIME91" fromID="E19" fromText="depression" toID="T0" toText="2013-07-23" type="BEFORE" />
<TLINK id="SECTIME92" fromID="E20" fromText="Zoloft" toID="T0" toText="2013-07-23" type="BEFORE" />
<TLINK id="SECTIME93" fromID="E21" fromText="infertility" toID="T0" toText="2013-07-23" type="BEFORE" />
<TLINK id="SECTIME94" fromID="E22" fromText="Clomid" toID="T0" toText="2013-07-23" type="BEFORE" />
<TLINK id="SECTIME95" fromID="E23" fromText="triplet gestation" toID="T0" toText="2013-07-23" type="BEFORE" />
<TLINK id="SECTIME96" fromID="E24" fromText="cervical shortening" toID="T0" toText="2013-07-23" type="BEFORE" />
<TLINK id="SECTIME97" fromID="E25" fromText="pregnancy induced hypertension" toID="T0" toText="2013-07-23" type="BEFORE" />
<TLINK id="SECTIME98" fromID="E26" fromText="Delivery" toID="T0" toText="2013-07-23" type="BEFORE" />
<TLINK id="SECTIME99" fromID="E27" fromText="cesarean section" toID="T0" toText="2013-07-23" type="BEFORE" />
<TLINK id="SECTIME100" fromID="E28" fromText="spinal anesthesia" toID="T0" toText="2013-07-23" type="BEFORE" />
<TLINK id="SECTIME101" fromID="E29" fromText="pre-eclampsia" toID="T0" toText="2013-07-23" type="BEFORE" />
<TLINK id="SECTIME102" fromID="E30" fromText="labor or maternal fever" toID="T0" toText="2013-07-23" type="BEFORE" />
<TLINK id="SECTIME103" fromID="E31" fromText="ruptured" toID="T0" toText="2013-07-23" type="BEFORE" />
<TLINK id="SECTIME104" fromID="E32" fromText="delivery" toID="T0" toText="2013-07-23" type="OVERLAP" />
</TAGS>
</ClinicalNarrativeTemporalAnnotation>