<?xml version="1.0" encoding="UTF-8" ?>
<ClinicalNarrativeTemporalAnnotation>
<TEXT><![CDATA[
Admission Date :
2015-06-29
Discharge Date :
2015-07-09
Service :
MEDICINE
History of Present Illness :
74 yo M with lung cancer DVT who presents with 1 day of substernal chest pain .
Patient developed chest pain the night prior to admission .
The pain was substernal 07-08 , did not radiate .
He reports that the pain was similar to his prior MI .
The patient had shortness of breath .
In the Amanda the patients pain resolved with NTG and morphine .
he was given ASA and bblocker .
At time of my evaluation , the patient denied nausea , vomitting , abdominal pain , dysuria , dizziness , changes in vision /hearing
Brief Hospital Course :
A/P 74 yo M with lung cancer , DVT , CAD s/p MI presents with chest pain shortness of breath .
# Chest Pain / Ischemia - Patient with history of CAD a/p MI .
Now with an episode of pain consistent with his anginal equivalent .
No changes on EKG but not in pain at time of EKG .
Patient was ruled out by enzymes .
He also had a stress test which revealed an irreversible deficit from his prior known IMI .
Continued on asa , bblocker , Hicks , statin , plavix .
BP meds held while was unstable .
ASA , plavix held during hemothorax .
# CHF - patient does not seem volume overloaded at this time .
He has no JVD , no edema in legs ( other than swelling from DVT ) .
Last Echo with EF 55% .
Does have increased effusion although loculated .
Continued on lasix , bblocker Robertson .
BP meds held while unstable .
# Afib - In sinus during admission .
Patients anticoag held during hemothorax .
# Shortness of Breath / loculated Effusion - patient with increaing loculated pleural effusion .
Has chronic shortness of breath which has worsened over the past few days .
No sign of infeciton at this time .
Had thoracentesis by interventional pumonology on 2015-07-01 revealing almost 2 L of serous exudative fluid .
Patient had improved breathing .
Cytology was negative .
However on 07-02 Hct dropped .
CT revealed hemothorax .
All anticoagulation stopped despite the risk of DVT , afib .
Risk discussed with family .
Thoracics consulted and chest tube placed .
Frank blood was taken out .
Patient continued to bleed in and around the tube .
Patient sent to CMED for observation after Hct continued to drop .
Patient spontaneously stablized and output of CT became more serous .
Output resent for cytology which was pending at time of discharge .
When output became < 100 cc the tube was removed .
Patient follwed with serial CXR that did not demonstrate reaccumulation .
Hct also remained stable .
# DVT - patient therapeutic on heparin .
Improving clots on LENI .
CTA neg for PE .
Anticoagulaiton held during hemothorax .
Patient restarted on coumadin and will be discharged on 3mg coumadin qday .
# Lung Cancer - patient currently with no evidence of disease .
s/p neoadjuvant chemo/XRT now s/p surgery .
1st cytology negative .
2ng cytology pending .
WIll follow up tih outpatient oncologist .
Contacts - son 506-1596
]]></TEXT>
<TAGS>
<TLINK id="TL1" fromID="E0" fromText="Admission" toID="T1" toText="2015-06-29" type="OVERLAP" />
<TLINK id="TL2" fromID="E95" fromText="Discharge" toID="T1" toText="2015-06-29" type="OVERLAP" />
<TLINK id="TL3" fromID="E95" fromText="Discharge" toID="T2" toText="2015-07-09" type="OVERLAP" />
<TLINK id="TL4" fromID="E1" fromText="lung cancer" toID="E2" toText="DVT" type="OVERLAP" />
<TLINK id="TL5" fromID="E2" fromText="DVT" toID="E96" toText="presents" type="OVERLAP" />
<TLINK id="TL6" fromID="E1" fromText="lung cancer" toID="T0" toText="1 day" type="OVERLAP" />
<TLINK id="TL7" fromID="E3" fromText="substernal chest pain" toID="E96" toText="presents" type="OVERLAP" />
<TLINK id="TL8" fromID="E4" fromText="chest pain" toID="E3" toText="substernal chest pain" type="OVERLAP" />
<TLINK id="TL9" fromID="E4" fromText="chest pain" toID="T4" toText="the night" type="OVERLAP" />
<TLINK id="TL10" fromID="E4" fromText="chest pain" toID="E97" toText="admission" type="OVERLAP" />
<TLINK id="TL11" fromID="E5" fromText="The pain" toID="E97" toText="admission" type="OVERLAP" />
<TLINK id="TL12" fromID="E98" fromText="radiate" toID="E5" toText="The pain" type="OVERLAP" />
<TLINK id="TL13" fromID="E5" fromText="The pain" toID="E99" toText="reports" type="BEFORE" />
<TLINK id="TL14" fromID="E6" fromText="the pain" toID="E99" toText="reports" type="BEFORE" />
<TLINK id="TL15" fromID="E7" fromText="his prior MI" toID="E6" toText="the pain" type="OVERLAP" />
<TLINK id="TL16" fromID="E8" fromText="shortness of breath" toID="E7" toText="his prior MI" type="OVERLAP" />
<TLINK id="TL17" fromID="E8" fromText="shortness of breath" toID="E100" toText="the Amanda" type="OVERLAP" />
<TLINK id="TL18" fromID="E9" fromText="the patients pain" toID="E100" toText="the Amanda" type="BEFORE" />
<TLINK id="TL19" fromID="E9" fromText="the patients pain" toID="E10" toText="NTG" type="BEFORE" />
<TLINK id="TL20" fromID="E11" fromText="morphine" toID="E10" toText="NTG" type="OVERLAP" />
<TLINK id="TL21" fromID="E12" fromText="ASA" toID="E11" toText="morphine" type="OVERLAP" />
<TLINK id="TL22" fromID="E12" fromText="ASA" toID="E13" toText="bblocker" type="OVERLAP" />
<TLINK id="TL23" fromID="E101" fromText="my evaluation" toID="E13" toText="bblocker" type="OVERLAP" />
<TLINK id="TL24" fromID="E102" fromText="denied" toID="E101" toText="my evaluation" type="OVERLAP" />
<TLINK id="TL25" fromID="E103" fromText="nausea" toID="E102" toText="denied" type="BEFORE" />
<TLINK id="TL26" fromID="E104" fromText="vomitting" toID="E102" toText="denied" type="BEFORE" />
<TLINK id="TL27" fromID="E105" fromText="abdominal pain" toID="E104" toText="vomitting" type="OVERLAP" />
<TLINK id="TL28" fromID="E106" fromText="dysuria" toID="E105" toText="abdominal pain" type="OVERLAP" />
<TLINK id="TL29" fromID="E107" fromText="dizziness" toID="E106" toText="dysuria" type="OVERLAP" />
<TLINK id="TL30" fromID="E108" fromText="changes in vision /hearing" toID="E107" toText="dizziness" type="OVERLAP" />
<TLINK id="TL31" fromID="E14" fromText="lung cancer" toID="E15" toText="DVT" type="OVERLAP" />
<TLINK id="TL32" fromID="E16" fromText="CAD" toID="E15" toText="DVT" type="OVERLAP" />
<TLINK id="TL33" fromID="E16" fromText="CAD" toID="E17" toText="MI" type="OVERLAP" />
<TLINK id="TL34" fromID="E17" fromText="MI" toID="E109" toText="presents" type="OVERLAP" />
<TLINK id="TL35" fromID="E18" fromText="chest pain" toID="E109" toText="presents" type="BEFORE" />
<TLINK id="TL36" fromID="E19" fromText="shortness of breath" toID="E18" toText="chest pain" type="OVERLAP" />
<TLINK id="TL37" fromID="E20" fromText="Chest Pain" toID="E19" toText="shortness of breath" type="OVERLAP" />
<TLINK id="TL38" fromID="E20" fromText="Chest Pain" toID="E21" toText="Ischemia" type="OVERLAP" />
<TLINK id="TL39" fromID="E22" fromText="CAD" toID="E21" toText="Ischemia" type="OVERLAP" />
<TLINK id="TL40" fromID="E22" fromText="CAD" toID="E23" toText="MI" type="OVERLAP" />
<TLINK id="TL41" fromID="E24" fromText="pain" toID="E23" toText="MI" type="OVERLAP" />
<TLINK id="TL42" fromID="E25" fromText="his anginal equivalent" toID="E24" toText="pain" type="OVERLAP" />
<TLINK id="TL43" fromID="E26" fromText="changes" toID="E25" toText="his anginal equivalent" type="OVERLAP" />
<TLINK id="TL44" fromID="E26" fromText="changes" toID="E27" toText="EKG" type="AFTER" />
<TLINK id="TL45" fromID="E28" fromText="pain" toID="E27" toText="EKG" type="OVERLAP" />
<TLINK id="TL46" fromID="E28" fromText="pain" toID="E110" toText="EKG" type="OVERLAP" />
<TLINK id="TL47" fromID="E29" fromText="enzymes" toID="E110" toText="EKG" type="OVERLAP" />
<TLINK id="TL48" fromID="E29" fromText="enzymes" toID="E30" toText="a stress test" type="OVERLAP" />
<TLINK id="TL49" fromID="E111" fromText="revealed" toID="E30" toText="a stress test" type="OVERLAP" />
<TLINK id="TL50" fromID="E31" fromText="an irreversible deficit" toID="E111" toText="revealed" type="BEFORE" />
<TLINK id="TL51" fromID="E32" fromText="his prior known IMI" toID="E31" toText="an irreversible deficit" type="OVERLAP" />
<TLINK id="TL52" fromID="E32" fromText="his prior known IMI" toID="E33" toText="asa" type="BEFORE" />
<TLINK id="TL53" fromID="E33" fromText="asa" toID="E34" toText="bblocker" type="OVERLAP" />
<TLINK id="TL54" fromID="E35" fromText="Hicks" toID="E34" toText="bblocker" type="OVERLAP" />
<TLINK id="TL55" fromID="E36" fromText="statin" toID="E35" toText="Hicks" type="OVERLAP" />
<TLINK id="TL56" fromID="E37" fromText="plavix" toID="E36" toText="statin" type="OVERLAP" />
<TLINK id="TL57" fromID="E38" fromText="BP meds" toID="E37" toText="plavix" type="OVERLAP" />
<TLINK id="TL58" fromID="E39" fromText="unstable" toID="E38" toText="BP meds" type="BEFORE" />
<TLINK id="TL59" fromID="E40" fromText="ASA" toID="E38" toText="BP meds" type="OVERLAP" />
<TLINK id="TL60" fromID="E41" fromText="plavix" toID="E40" toText="ASA" type="OVERLAP" />
<TLINK id="TL61" fromID="E42" fromText="hemothorax" toID="E41" toText="plavix" type="BEFORE" />
<TLINK id="TL62" fromID="E43" fromText="CHF" toID="E42" toText="hemothorax" type="OVERLAP" />
<TLINK id="TL63" fromID="E43" fromText="CHF" toID="E112" toText="volume overloaded" type="OVERLAP" />
<TLINK id="TL64" fromID="E44" fromText="JVD" toID="E112" toText="volume overloaded" type="OVERLAP" />
<TLINK id="TL65" fromID="E44" fromText="JVD" toID="E45" toText="edema in legs" type="OVERLAP" />
<TLINK id="TL66" fromID="E45" fromText="edema in legs" toID="E46" toText="swelling" type="OVERLAP" />
<TLINK id="TL67" fromID="E47" fromText="DVT" toID="E46" toText="swelling" type="OVERLAP" />
<TLINK id="TL68" fromID="E48" fromText="Last Echo" toID="E46" toText="swelling" type="OVERLAP" />
<TLINK id="TL69" fromID="E49" fromText="EF" toID="E48" toText="Last Echo" type="OVERLAP" />
<TLINK id="TL70" fromID="E113" fromText="increased effusion" toID="E49" toText="EF" type="OVERLAP" />
<TLINK id="TL71" fromID="E113" fromText="increased effusion" toID="E50" toText="lasix" type="OVERLAP" />
<TLINK id="TL72" fromID="E51" fromText="bblocker" toID="E50" toText="lasix" type="OVERLAP" />
<TLINK id="TL73" fromID="E52" fromText="BP meds" toID="E51" toText="bblocker" type="OVERLAP" />
<TLINK id="TL74" fromID="E53" fromText="unstable" toID="E52" toText="BP meds" type="BEFORE" />
<TLINK id="TL75" fromID="E54" fromText="Afib" toID="E53" toText="unstable" type="OVERLAP" />
<TLINK id="TL76" fromID="E54" fromText="Afib" toID="E93" toText="admission" type="OVERLAP" />
<TLINK id="TL77" fromID="E55" fromText="Patients anticoag" toID="E93" toText="admission" type="OVERLAP" />
<TLINK id="TL78" fromID="E56" fromText="hemothorax" toID="E55" toText="Patients anticoag" type="BEFORE" />
<TLINK id="TL79" fromID="E57" fromText="Shortness of Breath" toID="E56" toText="hemothorax" type="OVERLAP" />
<TLINK id="TL80" fromID="E57" fromText="Shortness of Breath" toID="E58" toText="loculated Effusion" type="OVERLAP" />
<TLINK id="TL81" fromID="E59" fromText="increaing loculated pleural effusion" toID="E58" toText="loculated Effusion" type="OVERLAP" />
<TLINK id="TL82" fromID="E60" fromText="chronic shortness of breath" toID="E59" toText="increaing loculated pleural effusion" type="OVERLAP" />
<TLINK id="TL83" fromID="E60" fromText="chronic shortness of breath" toID="E114" toText="worsened" type="OVERLAP" />
<TLINK id="TL84" fromID="E114" fromText="worsened" toID="T5" toText="the past few days" type="OVERLAP" />
<TLINK id="TL85" fromID="E116" fromText="infeciton" toID="E114" toText="worsened" type="OVERLAP" />
<TLINK id="TL86" fromID="E116" fromText="infeciton" toID="E61" toText="thoracentesis" type="OVERLAP" />
<TLINK id="TL87" fromID="E61" fromText="thoracentesis" toID="T6" toText="2015-07-01" type="OVERLAP" />
<TLINK id="TL88" fromID="E61" fromText="thoracentesis" toID="E117" toText="revealing" type="OVERLAP" />
<TLINK id="TL89" fromID="E62" fromText="serous exudative fluid" toID="E117" toText="revealing" type="BEFORE" />
<TLINK id="TL90" fromID="E62" fromText="serous exudative fluid" toID="E118" toText="improved breathing" type="OVERLAP" />
<TLINK id="TL91" fromID="E63" fromText="Cytology" toID="E118" toText="improved breathing" type="AFTER" />
<TLINK id="TL92" fromID="E63" fromText="Cytology" toID="T3" toText="07-02" type="OVERLAP" />
<TLINK id="TL93" fromID="E64" fromText="Hct" toID="T3" toText="07-02" type="OVERLAP" />
<TLINK id="TL94" fromID="E119" fromText="dropped" toID="E64" toText="Hct" type="OVERLAP" />
<TLINK id="TL95" fromID="E119" fromText="dropped" toID="E65" toText="CT" type="OVERLAP" />
<TLINK id="TL96" fromID="E120" fromText="revealed" toID="E65" toText="CT" type="OVERLAP" />
<TLINK id="TL97" fromID="E66" fromText="hemothorax" toID="E120" toText="revealed" type="BEFORE" />
<TLINK id="TL98" fromID="E66" fromText="hemothorax" toID="E67" toText="All anticoagulation" type="OVERLAP" />
<TLINK id="TL99" fromID="E121" fromText="DVT" toID="E67" toText="All anticoagulation" type="OVERLAP" />
<TLINK id="TL100" fromID="E122" fromText="afib" toID="E121" toText="DVT" type="OVERLAP" />
<TLINK id="TL101" fromID="E122" fromText="afib" toID="E123" toText="discussed" type="OVERLAP" />
<TLINK id="TL102" fromID="E123" fromText="discussed" toID="E124" toText="Thoracics consulted" type="OVERLAP" />
<TLINK id="TL103" fromID="E68" fromText="chest tube" toID="E124" toText="Thoracics consulted" type="OVERLAP" />
<TLINK id="TL104" fromID="E69" fromText="Frank blood" toID="E68" toText="chest tube" type="OVERLAP" />
<TLINK id="TL105" fromID="E125" fromText="continued to bleed" toID="E69" toText="Frank blood" type="OVERLAP" />
<TLINK id="TL106" fromID="E125" fromText="continued to bleed" toID="E70" toText="the tube" type="BEFORE" />
<TLINK id="TL107" fromID="E70" fromText="the tube" toID="E126" toText="CMED" type="OVERLAP" />
<TLINK id="TL108" fromID="E71" fromText="observation" toID="E126" toText="CMED" type="OVERLAP" />
<TLINK id="TL109" fromID="E72" fromText="Hct" toID="E71" toText="observation" type="OVERLAP" />
<TLINK id="TL110" fromID="E72" fromText="Hct" toID="E127" toText="continued to drop" type="OVERLAP" />
<TLINK id="TL111" fromID="E127" fromText="continued to drop" toID="E128" toText="stablized" type="OVERLAP" />
<TLINK id="TL112" fromID="E129" fromText="output" toID="E128" toText="stablized" type="OVERLAP" />
<TLINK id="TL113" fromID="E129" fromText="output" toID="E73" toText="CT" type="OVERLAP" />
<TLINK id="TL114" fromID="E130" fromText="serous" toID="E73" toText="CT" type="OVERLAP" />
<TLINK id="TL115" fromID="E74" fromText="Output" toID="E73" toText="CT" type="OVERLAP" />
<TLINK id="TL116" fromID="E75" fromText="cytology" toID="E74" toText="Output" type="OVERLAP" />
<TLINK id="TL117" fromID="E75" fromText="cytology" toID="E131" toText="discharge" type="OVERLAP" />
<TLINK id="TL118" fromID="E132" fromText="output" toID="E131" toText="discharge" type="OVERLAP" />
<TLINK id="TL119" fromID="E132" fromText="output" toID="E76" toText="the tube" type="OVERLAP" />
<TLINK id="TL120" fromID="E76" fromText="the tube" toID="E133" toText="removed" type="OVERLAP" />
<TLINK id="TL121" fromID="E77" fromText="serial CXR" toID="E133" toText="removed" type="OVERLAP" />
<TLINK id="TL122" fromID="E78" fromText="reaccumulation" toID="E77" toText="serial CXR" type="OVERLAP" />
<TLINK id="TL123" fromID="E79" fromText="Hct" toID="E77" toText="serial CXR" type="OVERLAP" />
<TLINK id="TL124" fromID="E79" fromText="Hct" toID="E134" toText="remained stable" type="OVERLAP" />
<TLINK id="TL125" fromID="E80" fromText="DVT" toID="E134" toText="remained stable" type="OVERLAP" />
<TLINK id="TL126" fromID="E80" fromText="DVT" toID="E81" toText="heparin" type="OVERLAP" />
<TLINK id="TL127" fromID="E81" fromText="heparin" toID="E82" toText="clots" type="OVERLAP" />
<TLINK id="TL128" fromID="E82" fromText="clots" toID="E83" toText="LENI" type="BEFORE" />
<TLINK id="TL129" fromID="E83" fromText="LENI" toID="E84" toText="CTA" type="AFTER" />
<TLINK id="TL130" fromID="E135" fromText="PE" toID="E84" toText="CTA" type="BEFORE" />
<TLINK id="TL131" fromID="E85" fromText="Anticoagulaiton" toID="E84" toText="CTA" type="AFTER" />
<TLINK id="TL132" fromID="E86" fromText="hemothorax" toID="E85" toText="Anticoagulaiton" type="BEFORE" />
<TLINK id="TL133" fromID="E87" fromText="coumadin" toID="E85" toText="Anticoagulaiton" type="OVERLAP" />
<TLINK id="TL134" fromID="E87" fromText="coumadin" toID="E94" toText="discharged" type="OVERLAP" />
<TLINK id="TL135" fromID="E136" fromText="coumadin" toID="E94" toText="discharged" type="BEFORE" />
<TLINK id="TL136" fromID="E136" fromText="coumadin" toID="T7" toText="qday" type="OVERLAP" />
<TLINK id="TL137" fromID="E136" fromText="coumadin" toID="E88" toText="Lung Cancer" type="OVERLAP" />
<TLINK id="TL138" fromID="E89" fromText="disease" toID="E88" toText="Lung Cancer" type="OVERLAP" />
<TLINK id="TL139" fromID="E89" fromText="disease" toID="E90" toText="neoadjuvant chemo/XRT" type="BEFORE" />
<TLINK id="TL140" fromID="E90" fromText="neoadjuvant chemo/XRT" toID="E91" toText="surgery" type="OVERLAP" />
<TLINK id="TL141" fromID="E92" fromText="1st cytology" toID="E91" toText="surgery" type="AFTER" />
<TLINK id="TL142" fromID="E137" fromText="2ng cytology" toID="E92" toText="1st cytology" type="OVERLAP" />
<TLINK id="TL143" fromID="E138" fromText="follow up" toID="E137" toText="2ng cytology" type="OVERLAP" />
<TLINK id="SECTIME0" fromID="E0" fromText="Admission" toID="T1" toText="2015-06-29" type="BEFORE" />
<TLINK id="SECTIME1" fromID="E32" fromText="his prior known IMI" toID="T2" toText="2015-07-09" type="BEFORE" />
<TLINK id="SECTIME2" fromID="E33" fromText="asa" toID="T2" toText="2015-07-09" type="BEFORE" />
<TLINK id="SECTIME3" fromID="E34" fromText="bblocker" toID="T2" toText="2015-07-09" type="BEFORE" />
<TLINK id="SECTIME4" fromID="E35" fromText="Hicks" toID="T2" toText="2015-07-09" type="BEFORE" />
<TLINK id="SECTIME5" fromID="E36" fromText="statin" toID="T2" toText="2015-07-09" type="BEFORE" />
<TLINK id="SECTIME6" fromID="E37" fromText="plavix" toID="T2" toText="2015-07-09" type="BEFORE" />
<TLINK id="SECTIME7" fromID="E38" fromText="BP meds" toID="T2" toText="2015-07-09" type="BEFORE" />
<TLINK id="SECTIME8" fromID="E39" fromText="unstable" toID="T2" toText="2015-07-09" type="BEFORE" />
<TLINK id="SECTIME9" fromID="E40" fromText="ASA" toID="T2" toText="2015-07-09" type="BEFORE" />
<TLINK id="SECTIME10" fromID="E41" fromText="plavix" toID="T2" toText="2015-07-09" type="BEFORE" />
<TLINK id="SECTIME11" fromID="E42" fromText="hemothorax" toID="T2" toText="2015-07-09" type="BEFORE" />
<TLINK id="SECTIME12" fromID="E1" fromText="lung cancer" toID="T1" toText="2015-06-29" type="BEFORE" />
<TLINK id="SECTIME13" fromID="E43" fromText="CHF" toID="T2" toText="2015-07-09" type="BEFORE" />
<TLINK id="SECTIME14" fromID="E112" fromText="volume overloaded" toID="T2" toText="2015-07-09" type="BEFORE" />
<TLINK id="SECTIME15" fromID="E44" fromText="JVD" toID="T2" toText="2015-07-09" type="BEFORE" />
<TLINK id="SECTIME16" fromID="E45" fromText="edema in legs" toID="T2" toText="2015-07-09" type="BEFORE" />
<TLINK id="SECTIME17" fromID="E46" fromText="swelling" toID="T2" toText="2015-07-09" type="BEFORE" />
<TLINK id="SECTIME18" fromID="E2" fromText="DVT" toID="T1" toText="2015-06-29" type="BEFORE" />
<TLINK id="SECTIME19" fromID="E47" fromText="DVT" toID="T2" toText="2015-07-09" type="BEFORE" />
<TLINK id="SECTIME20" fromID="E48" fromText="Last Echo" toID="T2" toText="2015-07-09" type="BEFORE" />
<TLINK id="SECTIME21" fromID="E49" fromText="EF" toID="T2" toText="2015-07-09" type="BEFORE" />
<TLINK id="SECTIME22" fromID="E113" fromText="increased effusion" toID="T2" toText="2015-07-09" type="BEFORE" />
<TLINK id="SECTIME23" fromID="E96" fromText="presents" toID="T1" toText="2015-06-29" type="OVERLAP" />
<TLINK id="SECTIME24" fromID="E50" fromText="lasix" toID="T2" toText="2015-07-09" type="BEFORE" />
<TLINK id="SECTIME25" fromID="E51" fromText="bblocker" toID="T2" toText="2015-07-09" type="BEFORE" />
<TLINK id="SECTIME26" fromID="E52" fromText="BP meds" toID="T2" toText="2015-07-09" type="BEFORE" />
<TLINK id="SECTIME27" fromID="E53" fromText="unstable" toID="T2" toText="2015-07-09" type="BEFORE" />
<TLINK id="SECTIME28" fromID="E54" fromText="Afib" toID="T2" toText="2015-07-09" type="BEFORE" />
<TLINK id="SECTIME29" fromID="E93" fromText="admission" toID="T2" toText="2015-07-09" type="BEFORE" />
<TLINK id="SECTIME30" fromID="E55" fromText="Patients anticoag" toID="T2" toText="2015-07-09" type="BEFORE" />
<TLINK id="SECTIME31" fromID="E56" fromText="hemothorax" toID="T2" toText="2015-07-09" type="BEFORE" />
<TLINK id="SECTIME32" fromID="E57" fromText="Shortness of Breath" toID="T2" toText="2015-07-09" type="BEFORE" />
<TLINK id="SECTIME33" fromID="E58" fromText="loculated Effusion" toID="T2" toText="2015-07-09" type="BEFORE" />
<TLINK id="SECTIME34" fromID="E59" fromText="increaing loculated pleural effusion" toID="T2" toText="2015-07-09" type="BEFORE" />
<TLINK id="SECTIME35" fromID="E3" fromText="substernal chest pain" toID="T1" toText="2015-06-29" type="BEFORE" />
<TLINK id="SECTIME36" fromID="E60" fromText="chronic shortness of breath" toID="T2" toText="2015-07-09" type="BEFORE" />
<TLINK id="SECTIME37" fromID="E114" fromText="worsened" toID="T2" toText="2015-07-09" type="BEFORE" />
<TLINK id="SECTIME38" fromID="E116" fromText="infeciton" toID="T2" toText="2015-07-09" type="BEFORE" />
<TLINK id="SECTIME39" fromID="E61" fromText="thoracentesis" toID="T2" toText="2015-07-09" type="BEFORE" />
<TLINK id="SECTIME40" fromID="E117" fromText="revealing" toID="T2" toText="2015-07-09" type="BEFORE" />
<TLINK id="SECTIME41" fromID="E62" fromText="serous exudative fluid" toID="T2" toText="2015-07-09" type="BEFORE" />
<TLINK id="SECTIME42" fromID="E118" fromText="improved breathing" toID="T2" toText="2015-07-09" type="BEFORE" />
<TLINK id="SECTIME43" fromID="E63" fromText="Cytology" toID="T2" toText="2015-07-09" type="BEFORE" />
<TLINK id="SECTIME44" fromID="E64" fromText="Hct" toID="T2" toText="2015-07-09" type="BEFORE" />
<TLINK id="SECTIME45" fromID="E119" fromText="dropped" toID="T2" toText="2015-07-09" type="BEFORE" />
<TLINK id="SECTIME46" fromID="E65" fromText="CT" toID="T2" toText="2015-07-09" type="BEFORE" />
<TLINK id="SECTIME47" fromID="E120" fromText="revealed" toID="T2" toText="2015-07-09" type="BEFORE" />
<TLINK id="SECTIME48" fromID="E66" fromText="hemothorax" toID="T2" toText="2015-07-09" type="BEFORE" />
<TLINK id="SECTIME49" fromID="E67" fromText="All anticoagulation" toID="T2" toText="2015-07-09" type="BEFORE" />
<TLINK id="SECTIME50" fromID="E121" fromText="DVT" toID="T2" toText="2015-07-09" type="BEFORE" />
<TLINK id="SECTIME51" fromID="E122" fromText="afib" toID="T2" toText="2015-07-09" type="BEFORE" />
<TLINK id="SECTIME52" fromID="E4" fromText="chest pain" toID="T1" toText="2015-06-29" type="BEFORE" />
<TLINK id="SECTIME53" fromID="E123" fromText="discussed" toID="T2" toText="2015-07-09" type="OVERLAP" />
<TLINK id="SECTIME54" fromID="E124" fromText="Thoracics consulted" toID="T2" toText="2015-07-09" type="BEFORE" />
<TLINK id="SECTIME55" fromID="E68" fromText="chest tube" toID="T2" toText="2015-07-09" type="BEFORE" />
<TLINK id="SECTIME56" fromID="E69" fromText="Frank blood" toID="T2" toText="2015-07-09" type="BEFORE" />
<TLINK id="SECTIME57" fromID="E125" fromText="continued to bleed" toID="T2" toText="2015-07-09" type="BEFORE" />
<TLINK id="SECTIME58" fromID="E70" fromText="the tube" toID="T2" toText="2015-07-09" type="BEFORE" />
<TLINK id="SECTIME59" fromID="E126" fromText="CMED" toID="T2" toText="2015-07-09" type="BEFORE" />
<TLINK id="SECTIME60" fromID="E71" fromText="observation" toID="T2" toText="2015-07-09" type="BEFORE" />
<TLINK id="SECTIME61" fromID="E72" fromText="Hct" toID="T2" toText="2015-07-09" type="BEFORE" />
<TLINK id="SECTIME62" fromID="E127" fromText="continued to drop" toID="T2" toText="2015-07-09" type="BEFORE" />
<TLINK id="SECTIME63" fromID="E128" fromText="stablized" toID="T2" toText="2015-07-09" type="BEFORE" />
<TLINK id="SECTIME64" fromID="E129" fromText="output" toID="T2" toText="2015-07-09" type="BEFORE" />
<TLINK id="SECTIME65" fromID="E73" fromText="CT" toID="T2" toText="2015-07-09" type="BEFORE" />
<TLINK id="SECTIME66" fromID="E130" fromText="serous" toID="T2" toText="2015-07-09" type="BEFORE" />
<TLINK id="SECTIME67" fromID="E74" fromText="Output" toID="T2" toText="2015-07-09" type="BEFORE" />
<TLINK id="SECTIME68" fromID="E97" fromText="admission" toID="T1" toText="2015-06-29" type="BEFORE" />
<TLINK id="SECTIME69" fromID="E75" fromText="cytology" toID="T2" toText="2015-07-09" type="BEFORE" />
<TLINK id="SECTIME70" fromID="E131" fromText="discharge" toID="T2" toText="2015-07-09" type="OVERLAP" />
<TLINK id="SECTIME71" fromID="E132" fromText="output" toID="T2" toText="2015-07-09" type="BEFORE" />
<TLINK id="SECTIME72" fromID="E76" fromText="the tube" toID="T2" toText="2015-07-09" type="BEFORE" />
<TLINK id="SECTIME73" fromID="E133" fromText="removed" toID="T2" toText="2015-07-09" type="BEFORE" />
<TLINK id="SECTIME74" fromID="E5" fromText="The pain" toID="T1" toText="2015-06-29" type="BEFORE" />
<TLINK id="SECTIME75" fromID="E77" fromText="serial CXR" toID="T2" toText="2015-07-09" type="BEFORE" />
<TLINK id="SECTIME76" fromID="E78" fromText="reaccumulation" toID="T2" toText="2015-07-09" type="BEFORE" />
<TLINK id="SECTIME77" fromID="E79" fromText="Hct" toID="T2" toText="2015-07-09" type="BEFORE" />
<TLINK id="SECTIME78" fromID="E134" fromText="remained stable" toID="T2" toText="2015-07-09" type="BEFORE" />
<TLINK id="SECTIME79" fromID="E80" fromText="DVT" toID="T2" toText="2015-07-09" type="BEFORE" />
<TLINK id="SECTIME80" fromID="E81" fromText="heparin" toID="T2" toText="2015-07-09" type="BEFORE" />
<TLINK id="SECTIME81" fromID="E82" fromText="clots" toID="T2" toText="2015-07-09" type="BEFORE" />
<TLINK id="SECTIME82" fromID="E83" fromText="LENI" toID="T2" toText="2015-07-09" type="BEFORE" />
<TLINK id="SECTIME83" fromID="E84" fromText="CTA" toID="T2" toText="2015-07-09" type="BEFORE" />
<TLINK id="SECTIME84" fromID="E135" fromText="PE" toID="T2" toText="2015-07-09" type="BEFORE" />
<TLINK id="SECTIME85" fromID="E85" fromText="Anticoagulaiton" toID="T2" toText="2015-07-09" type="BEFORE" />
<TLINK id="SECTIME86" fromID="E86" fromText="hemothorax" toID="T2" toText="2015-07-09" type="BEFORE" />
<TLINK id="SECTIME87" fromID="E87" fromText="coumadin" toID="T2" toText="2015-07-09" type="BEFORE" />
<TLINK id="SECTIME88" fromID="E94" fromText="discharged" toID="T2" toText="2015-07-09" type="OVERLAP" />
<TLINK id="SECTIME89" fromID="E136" fromText="coumadin" toID="T2" toText="2015-07-09" type="BEFORE" />
<TLINK id="SECTIME90" fromID="E88" fromText="Lung Cancer" toID="T2" toText="2015-07-09" type="BEFORE" />
<TLINK id="SECTIME91" fromID="E89" fromText="disease" toID="T2" toText="2015-07-09" type="BEFORE" />
<TLINK id="SECTIME92" fromID="E90" fromText="neoadjuvant chemo/XRT" toID="T2" toText="2015-07-09" type="BEFORE" />
<TLINK id="SECTIME93" fromID="E91" fromText="surgery" toID="T2" toText="2015-07-09" type="BEFORE" />
<TLINK id="SECTIME94" fromID="E92" fromText="1st cytology" toID="T2" toText="2015-07-09" type="BEFORE" />
<TLINK id="SECTIME95" fromID="E98" fromText="radiate" toID="T1" toText="2015-06-29" type="BEFORE" />
<TLINK id="SECTIME96" fromID="E137" fromText="2ng cytology" toID="T2" toText="2015-07-09" type="BEFORE" />
<TLINK id="SECTIME97" fromID="E138" fromText="follow up" toID="T2" toText="2015-07-09" type="AFTER" />
<TLINK id="SECTIME98" fromID="E95" fromText="Discharge" toID="T1" toText="2015-06-29" type="BEFORE" />
<TLINK id="SECTIME99" fromID="E99" fromText="reports" toID="T1" toText="2015-06-29" type="OVERLAP" />
<TLINK id="SECTIME100" fromID="E6" fromText="the pain" toID="T1" toText="2015-06-29" type="BEFORE" />
<TLINK id="SECTIME101" fromID="E7" fromText="his prior MI" toID="T1" toText="2015-06-29" type="BEFORE" />
<TLINK id="SECTIME102" fromID="E8" fromText="shortness of breath" toID="T1" toText="2015-06-29" type="BEFORE" />
<TLINK id="SECTIME103" fromID="E100" fromText="the Amanda" toID="T1" toText="2015-06-29" type="BEFORE" />
<TLINK id="SECTIME104" fromID="E9" fromText="the patients pain" toID="T1" toText="2015-06-29" type="BEFORE" />
<TLINK id="SECTIME105" fromID="E10" fromText="NTG" toID="T1" toText="2015-06-29" type="BEFORE" />
<TLINK id="SECTIME106" fromID="E11" fromText="morphine" toID="T1" toText="2015-06-29" type="BEFORE" />
<TLINK id="SECTIME107" fromID="E12" fromText="ASA" toID="T1" toText="2015-06-29" type="BEFORE" />
<TLINK id="SECTIME108" fromID="E13" fromText="bblocker" toID="T1" toText="2015-06-29" type="BEFORE" />
<TLINK id="SECTIME109" fromID="E101" fromText="my evaluation" toID="T1" toText="2015-06-29" type="OVERLAP" />
<TLINK id="SECTIME110" fromID="E102" fromText="denied" toID="T1" toText="2015-06-29" type="OVERLAP" />
<TLINK id="SECTIME111" fromID="E103" fromText="nausea" toID="T1" toText="2015-06-29" type="BEFORE" />
<TLINK id="SECTIME112" fromID="E104" fromText="vomitting" toID="T1" toText="2015-06-29" type="OVERLAP" />
<TLINK id="SECTIME113" fromID="E105" fromText="abdominal pain" toID="T1" toText="2015-06-29" type="BEFORE" />
<TLINK id="SECTIME114" fromID="E106" fromText="dysuria" toID="T1" toText="2015-06-29" type="OVERLAP" />
<TLINK id="SECTIME115" fromID="E107" fromText="dizziness" toID="T1" toText="2015-06-29" type="OVERLAP" />
<TLINK id="SECTIME116" fromID="E108" fromText="changes in vision /hearing" toID="T1" toText="2015-06-29" type="OVERLAP" />
<TLINK id="SECTIME117" fromID="E14" fromText="lung cancer" toID="T2" toText="2015-07-09" type="BEFORE" />
<TLINK id="SECTIME118" fromID="E15" fromText="DVT" toID="T2" toText="2015-07-09" type="BEFORE" />
<TLINK id="SECTIME119" fromID="E16" fromText="CAD" toID="T2" toText="2015-07-09" type="BEFORE" />
<TLINK id="SECTIME120" fromID="E17" fromText="MI" toID="T2" toText="2015-07-09" type="BEFORE" />
<TLINK id="SECTIME121" fromID="E109" fromText="presents" toID="T2" toText="2015-07-09" type="BEFORE" />
<TLINK id="SECTIME122" fromID="E18" fromText="chest pain" toID="T2" toText="2015-07-09" type="BEFORE" />
<TLINK id="SECTIME123" fromID="E19" fromText="shortness of breath" toID="T2" toText="2015-07-09" type="BEFORE" />
<TLINK id="SECTIME124" fromID="E20" fromText="Chest Pain" toID="T2" toText="2015-07-09" type="BEFORE" />
<TLINK id="SECTIME125" fromID="E21" fromText="Ischemia" toID="T2" toText="2015-07-09" type="BEFORE" />
<TLINK id="SECTIME126" fromID="E22" fromText="CAD" toID="T2" toText="2015-07-09" type="BEFORE" />
<TLINK id="SECTIME127" fromID="E23" fromText="MI" toID="T2" toText="2015-07-09" type="BEFORE" />
<TLINK id="SECTIME128" fromID="E24" fromText="pain" toID="T2" toText="2015-07-09" type="BEFORE" />
<TLINK id="SECTIME129" fromID="E25" fromText="his anginal equivalent" toID="T2" toText="2015-07-09" type="BEFORE" />
<TLINK id="SECTIME130" fromID="E26" fromText="changes" toID="T2" toText="2015-07-09" type="BEFORE" />
<TLINK id="SECTIME131" fromID="E27" fromText="EKG" toID="T2" toText="2015-07-09" type="BEFORE" />
<TLINK id="SECTIME132" fromID="E28" fromText="pain" toID="T2" toText="2015-07-09" type="BEFORE" />
<TLINK id="SECTIME133" fromID="E110" fromText="EKG" toID="T2" toText="2015-07-09" type="BEFORE" />
<TLINK id="SECTIME134" fromID="E29" fromText="enzymes" toID="T2" toText="2015-07-09" type="BEFORE" />
<TLINK id="SECTIME135" fromID="E30" fromText="a stress test" toID="T2" toText="2015-07-09" type="BEFORE" />
<TLINK id="SECTIME136" fromID="E111" fromText="revealed" toID="T2" toText="2015-07-09" type="BEFORE" />
<TLINK id="SECTIME137" fromID="E31" fromText="an irreversible deficit" toID="T2" toText="2015-07-09" type="BEFORE" />
</TAGS>
</ClinicalNarrativeTemporalAnnotation>