<?xml version="1.0" encoding="UTF-8" ?>
<ClinicalNarrativeTemporalAnnotation>
<TEXT><![CDATA[
ADMISSION DATE :
06/26/94
DISCHARGE DATE :
06/30/94
HISTORY OF PRESENT ILLNESS :
The patient is an 81 year old female , G2 , P2 , who status post total abdominal hysterectomy-bilateral salpingo-oophorectomy one years ago for a mixed mesodermal cancer who presents with vaginal apex recurrence .
She had a normal pelvic examination and CT scan in February of 1993 but one month prior to this admission starting bleeding per vagina .
An examination revealed an apicovaginal lesion consistent with recurrent tumor .
A computerized tomography scan was performed which showed a central recurrence and biopsy of this lesion was positive .
She presents now for excision of her local cancer recurrence .
HOSPITAL COURSE :
The patient was admitted to the GYN / Oncology Service under the care of Dr. Top on June 26 , 1994 .
On that day she was taken to the operating room where she underwent an exam under anesthesia , an exploratory laparotomy with lysis of adhesions , tumor debulking and bilateral pelvic lymph node dissection .
An abdominal wall hernia was also repaired .
The patient tolerated the procedure well without any complications .
Her postoperative course was unremarkable .
Her vaginal pack was removed on the second postoperative day as well as the Foley catheter .
By postoperative day three she had return of normal bowel function and was able to tolerate a regular diet without any difficulty .
Her Jackson-Pratt drain was removed on June 30 , 1994 , postoperative day four .
On that day she was feeling well enough , eating well , and voiding without difficulty .
As a result she was able to be discharged home on June 30 , 1994 .
FOLLOW-UP :
She will follow up with Dr. Top in his office .
]]></TEXT>
<TAGS>
<TLINK id="TL1" fromID="E0" fromText="ADMISSION" toID="T0" toText="06/26/94" type="OVERLAP" />
<TLINK id="TL2" fromID="E1" fromText="DISCHARGE" toID="T1" toText="06/30/94" type="OVERLAP" />
<TLINK id="TL3" fromID="E3" fromText="a mixed mesodermal cancer" toID="E2" toText="total abdominal hysterectomy-bilateral salpingo-oophorectomy" type="BEFORE" />
<TLINK id="TL4" fromID="E3" fromText="a mixed mesodermal cancer" toID="E4" toText="presents" type="OVERLAP" />
<TLINK id="TL5" fromID="E5" fromText="vaginal apex recurrence" toID="E4" toText="presents" type="BEFORE" />
<TLINK id="TL6" fromID="E6" fromText="pelvic examination" toID="E4" toText="presents" type="OVERLAP" />
<TLINK id="TL7" fromID="E7" fromText="CT scan" toID="E6" toText="pelvic examination" type="OVERLAP" />
<TLINK id="TL8" fromID="E7" fromText="CT scan" toID="T2" toText="February of 1993" type="OVERLAP" />
<TLINK id="TL9" fromID="E7" fromText="CT scan" toID="T3" toText="one month" type="OVERLAP" />
<TLINK id="TL10" fromID="E7" fromText="CT scan" toID="E8" toText="this admission" type="AFTER" />
<TLINK id="TL11" fromID="E9" fromText="bleeding per vagina" toID="E8" toText="this admission" type="OVERLAP" />
<TLINK id="TL12" fromID="E10" fromText="An examination" toID="E7" toText="CT scan" type="OVERLAP" />
<TLINK id="TL13" fromID="E11" fromText="revealed" toID="E10" toText="An examination" type="OVERLAP" />
<TLINK id="TL14" fromID="E12" fromText="an apicovaginal lesion" toID="E11" toText="revealed" type="BEFORE" />
<TLINK id="TL15" fromID="E13" fromText="recurrent tumor" toID="E12" toText="an apicovaginal lesion" type="OVERLAP" />
<TLINK id="TL16" fromID="E13" fromText="recurrent tumor" toID="E14" toText="A computerized tomography scan" type="OVERLAP" />
<TLINK id="TL17" fromID="E15" fromText="showed" toID="E14" toText="A computerized tomography scan" type="OVERLAP" />
<TLINK id="TL18" fromID="E16" fromText="a central recurrence" toID="E15" toText="showed" type="BEFORE" />
<TLINK id="TL19" fromID="E17" fromText="biopsy" toID="E14" toText="A computerized tomography scan" type="OVERLAP" />
<TLINK id="TL20" fromID="E18" fromText="this lesion" toID="E17" toText="biopsy" type="BEFORE" />
<TLINK id="TL21" fromID="E19" fromText="presents" toID="E15" toText="showed" type="OVERLAP" />
<TLINK id="TL22" fromID="E20" fromText="excision" toID="E19" toText="presents" type="OVERLAP" />
<TLINK id="TL23" fromID="E21" fromText="her local cancer recurrence" toID="E20" toText="excision" type="BEFORE" />
<TLINK id="TL24" fromID="E22" fromText="admitted" toID="E23" toText="the GYN / Oncology Service" type="OVERLAP" />
<TLINK id="TL25" fromID="E22" fromText="admitted" toID="T4" toText="June 26 , 1994" type="OVERLAP" />
<TLINK id="TL26" fromID="T5" fromText="day" toID="T4" toText="June 26 , 1994" type="OVERLAP" />
<TLINK id="TL27" fromID="E24" fromText="the operating room" toID="T5" toText="day" type="OVERLAP" />
<TLINK id="TL28" fromID="E25" fromText="an exam" toID="E24" toText="the operating room" type="OVERLAP" />
<TLINK id="TL29" fromID="E25" fromText="an exam" toID="E26" toText="anesthesia" type="AFTER" />
<TLINK id="TL30" fromID="E27" fromText="an exploratory laparotomy" toID="E26" toText="anesthesia" type="OVERLAP" />
<TLINK id="TL31" fromID="E28" fromText="lysis" toID="E26" toText="anesthesia" type="OVERLAP" />
<TLINK id="TL32" fromID="E28" fromText="lysis" toID="E29" toText="adhesions" type="OVERLAP" />
<TLINK id="TL33" fromID="E30" fromText="tumor debulking" toID="E26" toText="anesthesia" type="OVERLAP" />
<TLINK id="TL34" fromID="E31" fromText="bilateral pelvic lymph node dissection" toID="E30" toText="tumor debulking" type="OVERLAP" />
<TLINK id="TL35" fromID="E32" fromText="An abdominal wall hernia" toID="E31" toText="bilateral pelvic lymph node dissection" type="OVERLAP" />
<TLINK id="TL36" fromID="E32" fromText="An abdominal wall hernia" toID="E33" toText="repaired" type="BEFORE" />
<TLINK id="TL37" fromID="E34" fromText="tolerated" toID="E33" toText="repaired" type="OVERLAP" />
<TLINK id="TL38" fromID="E34" fromText="tolerated" toID="E35" toText="the procedure" type="OVERLAP" />
<TLINK id="TL39" fromID="E36" fromText="any complications" toID="E35" toText="the procedure" type="OVERLAP" />
<TLINK id="TL40" fromID="E36" fromText="any complications" toID="E37" toText="Her postoperative course" type="OVERLAP" />
<TLINK id="TL41" fromID="E38" fromText="Her vaginal pack" toID="E37" toText="Her postoperative course" type="OVERLAP" />
<TLINK id="TL42" fromID="E38" fromText="Her vaginal pack" toID="E39" toText="removed" type="BEFORE" />
<TLINK id="TL43" fromID="E38" fromText="Her vaginal pack" toID="T6" toText="the second postoperative day" type="BEFORE" />
<TLINK id="TL44" fromID="E40" fromText="the Foley catheter" toID="E39" toText="removed" type="OVERLAP" />
<TLINK id="TL45" fromID="T7" fromText="postoperative day three" toID="T6" toText="the second postoperative day" type="AFTER" />
<TLINK id="TL46" fromID="T7" fromText="postoperative day three" toID="E41" toText="return of normal bowel function" type="OVERLAP" />
<TLINK id="TL47" fromID="E41" fromText="return of normal bowel function" toID="E42" toText="tolerate" type="OVERLAP" />
<TLINK id="TL48" fromID="E43" fromText="a regular diet" toID="E42" toText="tolerate" type="OVERLAP" />
<TLINK id="TL49" fromID="E44" fromText="any difficulty" toID="E43" toText="a regular diet" type="OVERLAP" />
<TLINK id="TL50" fromID="E45" fromText="Her Jackson-Pratt drain" toID="E42" toText="tolerate" type="AFTER" />
<TLINK id="TL51" fromID="E45" fromText="Her Jackson-Pratt drain" toID="E46" toText="removed" type="OVERLAP" />
<TLINK id="TL52" fromID="E46" fromText="removed" toID="T8" toText="June 30 , 1994" type="OVERLAP" />
<TLINK id="TL53" fromID="T9" fromText="postoperative day four" toID="T8" toText="June 30 , 1994" type="OVERLAP" />
<TLINK id="TL54" fromID="E46" fromText="removed" toID="T10" toText="day" type="OVERLAP" />
<TLINK id="TL55" fromID="T10" fromText="day" toID="E47" toText="feeling well" type="OVERLAP" />
<TLINK id="TL56" fromID="E48" fromText="eating well" toID="E47" toText="feeling well" type="OVERLAP" />
<TLINK id="TL57" fromID="E49" fromText="voiding" toID="E48" toText="eating well" type="OVERLAP" />
<TLINK id="TL58" fromID="E50" fromText="difficulty" toID="E49" toText="voiding" type="OVERLAP" />
<TLINK id="TL59" fromID="E50" fromText="difficulty" toID="E51" toText="discharged" type="OVERLAP" />
<TLINK id="TL60" fromID="E51" fromText="discharged" toID="T11" toText="June 30 , 1994" type="OVERLAP" />
<TLINK id="SECTIME0" fromID="E0" fromText="ADMISSION" toID="T0" toText="06/26/94" type="BEFORE" />
<TLINK id="SECTIME1" fromID="E32" fromText="An abdominal wall hernia" toID="T1" toText="06/30/94" type="BEFORE" />
<TLINK id="SECTIME2" fromID="E33" fromText="repaired" toID="T1" toText="06/30/94" type="BEFORE" />
<TLINK id="SECTIME3" fromID="E34" fromText="tolerated" toID="T1" toText="06/30/94" type="BEFORE" />
<TLINK id="SECTIME4" fromID="E35" fromText="the procedure" toID="T1" toText="06/30/94" type="BEFORE" />
<TLINK id="SECTIME5" fromID="E36" fromText="any complications" toID="T1" toText="06/30/94" type="BEFORE" />
<TLINK id="SECTIME6" fromID="E37" fromText="Her postoperative course" toID="T1" toText="06/30/94" type="BEFORE" />
<TLINK id="SECTIME7" fromID="E38" fromText="Her vaginal pack" toID="T1" toText="06/30/94" type="BEFORE" />
<TLINK id="SECTIME8" fromID="E39" fromText="removed" toID="T1" toText="06/30/94" type="BEFORE" />
<TLINK id="SECTIME9" fromID="E40" fromText="the Foley catheter" toID="T1" toText="06/30/94" type="BEFORE" />
<TLINK id="SECTIME10" fromID="E41" fromText="return of normal bowel function" toID="T1" toText="06/30/94" type="BEFORE" />
<TLINK id="SECTIME11" fromID="E42" fromText="tolerate" toID="T1" toText="06/30/94" type="BEFORE" />
<TLINK id="SECTIME12" fromID="E43" fromText="a regular diet" toID="T1" toText="06/30/94" type="BEFORE" />
<TLINK id="SECTIME13" fromID="E44" fromText="any difficulty" toID="T1" toText="06/30/94" type="BEFORE" />
<TLINK id="SECTIME14" fromID="E45" fromText="Her Jackson-Pratt drain" toID="T1" toText="06/30/94" type="BEFORE" />
<TLINK id="SECTIME15" fromID="E46" fromText="removed" toID="T1" toText="06/30/94" type="BEFORE" />
<TLINK id="SECTIME16" fromID="E2" fromText="total abdominal hysterectomy-bilateral salpingo-oophorectomy" toID="T0" toText="06/26/94" type="BEFORE" />
<TLINK id="SECTIME17" fromID="E47" fromText="feeling well" toID="T1" toText="06/30/94" type="BEFORE" />
<TLINK id="SECTIME18" fromID="E48" fromText="eating well" toID="T1" toText="06/30/94" type="BEFORE" />
<TLINK id="SECTIME19" fromID="E49" fromText="voiding" toID="T1" toText="06/30/94" type="BEFORE" />
<TLINK id="SECTIME20" fromID="E50" fromText="difficulty" toID="T1" toText="06/30/94" type="BEFORE" />
<TLINK id="SECTIME21" fromID="E51" fromText="discharged" toID="T1" toText="06/30/94" type="OVERLAP" />
<TLINK id="SECTIME22" fromID="E52" fromText="follow up" toID="T1" toText="06/30/94" type="AFTER" />
<TLINK id="SECTIME23" fromID="E3" fromText="a mixed mesodermal cancer" toID="T0" toText="06/26/94" type="BEFORE" />
<TLINK id="SECTIME24" fromID="E4" fromText="presents" toID="T0" toText="06/26/94" type="BEFORE" />
<TLINK id="SECTIME25" fromID="E5" fromText="vaginal apex recurrence" toID="T0" toText="06/26/94" type="BEFORE" />
<TLINK id="SECTIME26" fromID="E1" fromText="DISCHARGE" toID="T0" toText="06/26/94" type="BEFORE" />
<TLINK id="SECTIME27" fromID="E6" fromText="pelvic examination" toID="T0" toText="06/26/94" type="BEFORE" />
<TLINK id="SECTIME28" fromID="E7" fromText="CT scan" toID="T0" toText="06/26/94" type="BEFORE" />
<TLINK id="SECTIME29" fromID="E8" fromText="this admission" toID="T0" toText="06/26/94" type="BEFORE" />
<TLINK id="SECTIME30" fromID="E9" fromText="bleeding per vagina" toID="T0" toText="06/26/94" type="BEFORE" />
<TLINK id="SECTIME31" fromID="E10" fromText="An examination" toID="T0" toText="06/26/94" type="BEFORE" />
<TLINK id="SECTIME32" fromID="E11" fromText="revealed" toID="T0" toText="06/26/94" type="BEFORE" />
<TLINK id="SECTIME33" fromID="E12" fromText="an apicovaginal lesion" toID="T0" toText="06/26/94" type="BEFORE" />
<TLINK id="SECTIME34" fromID="E13" fromText="recurrent tumor" toID="T0" toText="06/26/94" type="BEFORE" />
<TLINK id="SECTIME35" fromID="E14" fromText="A computerized tomography scan" toID="T0" toText="06/26/94" type="BEFORE" />
<TLINK id="SECTIME36" fromID="E15" fromText="showed" toID="T0" toText="06/26/94" type="BEFORE" />
<TLINK id="SECTIME37" fromID="E16" fromText="a central recurrence" toID="T0" toText="06/26/94" type="BEFORE" />
<TLINK id="SECTIME38" fromID="E17" fromText="biopsy" toID="T0" toText="06/26/94" type="BEFORE" />
<TLINK id="SECTIME39" fromID="E18" fromText="this lesion" toID="T0" toText="06/26/94" type="BEFORE" />
<TLINK id="SECTIME40" fromID="E19" fromText="presents" toID="T0" toText="06/26/94" type="OVERLAP" />
<TLINK id="SECTIME41" fromID="E20" fromText="excision" toID="T0" toText="06/26/94" type="AFTER" />
<TLINK id="SECTIME42" fromID="E21" fromText="her local cancer recurrence" toID="T0" toText="06/26/94" type="BEFORE" />
<TLINK id="SECTIME43" fromID="E22" fromText="admitted" toID="T1" toText="06/30/94" type="BEFORE" />
<TLINK id="SECTIME44" fromID="E23" fromText="the GYN / Oncology Service" toID="T1" toText="06/30/94" type="BEFORE" />
<TLINK id="SECTIME45" fromID="E24" fromText="the operating room" toID="T1" toText="06/30/94" type="BEFORE" />
<TLINK id="SECTIME46" fromID="E25" fromText="an exam" toID="T1" toText="06/30/94" type="BEFORE" />
<TLINK id="SECTIME47" fromID="E26" fromText="anesthesia" toID="T1" toText="06/30/94" type="BEFORE" />
<TLINK id="SECTIME48" fromID="E27" fromText="an exploratory laparotomy" toID="T1" toText="06/30/94" type="BEFORE" />
<TLINK id="SECTIME49" fromID="E28" fromText="lysis" toID="T1" toText="06/30/94" type="BEFORE" />
<TLINK id="SECTIME50" fromID="E29" fromText="adhesions" toID="T1" toText="06/30/94" type="BEFORE" />
<TLINK id="SECTIME51" fromID="E30" fromText="tumor debulking" toID="T1" toText="06/30/94" type="BEFORE" />
<TLINK id="SECTIME52" fromID="E31" fromText="bilateral pelvic lymph node dissection" toID="T1" toText="06/30/94" type="BEFORE" />
</TAGS>
</ClinicalNarrativeTemporalAnnotation>