<?xml version="1.0" encoding="UTF-8" ?>
<ClinicalNarrativeTemporalAnnotation>
<TEXT><![CDATA[
Admission Date :
2010-06-07
Discharge Date :
2010-06-12
Service :
CARDIOTHORACIC SURGERY
HISTORY OF THE PRESENT ILLNESS :
This is a 55 - year-old male with critical aortic stenosis who was referred to Dr. Brenda Hummer for discussion for surgical options to free this condition .
The patient reportedly had been experiencing increasing fatigue and dyspnea with exertion for the year prior to his admission .
The patient reported increasingly frequent episodes of dizziness and shortness of breath accompanied with coughing spells after walking approximately a half a mile or climbing three flights of stairs .
On 2010-05-27 , an echocardiogram was done which revealed critical fibrocalcific aortic stenosis with a peak gradient of 125 mmHg , a mean gradient of 74 mmHg , an Oak Bluffs of 0.44 , and 1+ aortic and mitral insufficiency .
The patient subsequently underwent a cardiac catheterization on 2010-06-01 , which demonstrated no hemodynamically significant coronary artery disease , but critical aortic stenosis consistent with his echocardiogram study results .
The patient was subsequently scheduled for a mechanical aortic valve replacement procedure with aortic replacement on 2010-06-07 .
HOSPITAL COURSE :
On 2010-06-07 , the patient underwent a mechanical aortic valve replacement with a 23 mm Carbomedics mechanical valve and a Supra coronary aortic graft with gelweave 28 mm .
The patient tolerated the procedure well with a bypass time of 155 minutes and a crossclamp time of
130 minutes , and a rest time of 16 minutes .
The patient 's pericardium was left open ; lines placed included a right radial line and a right IJ line ; both ventricular and atrial wires were placed ; two mediastinal tubes were placed .
The patient was subsequently transferred to the Cardiac Surgery Recovery Unit , intubated , for further evaluation and management .
On transfer , the patient 's mean arterial pressure was 76 , CVP 12 , PAD 17 , and his Bennie was 25 .
The patient was AV paced at a rate of 88 beats per minute .
Active drips included milrinone , Levophed , propofol , and insulin .
On postoperative day number one , the patient was successfully weaned and extubated without complication .
The patient was then advanced to oral intake which he tolerated without complication .
On postoperative day number two , the patient 's chest tubes were removed without complication and the patient was subsequently cleared for transfer to the floor .
The patient was subsequently admitted to the cardiothoracic service under the direction of Dr. Brenda Hummer .
Postoperatively , the patient 's clinical course was largely unremarkable .
The patient was evaluated by Physical Therapy , who declared him a suitable candidate for discharge directly to home following resolution of his medical therapy .
The patient was advanced to a full regular diet , which he tolerated without complication , and had adequate pain control provided via oral pain medications .
The patient was begun on anticoagulation therapy for a target INR of 2.5 .
On the evening of postoperative day number four , the patient had a transient episode of disorientation and confusion which subsequently resolved spontaneously .
By postoperative day number five , the patient was noted to be afebrile and stable .
His incision was noted to be clean , dry , and intact with no evidence of cellulitis or purulent drainage .
The patient was noted to be independently ambulatory and was productive of adequate amounts of urine .
The patient was tolerant of a full regular diet and had his pain well controlled via oral pain medications .
The patient 's INR was noted to be 2.3 .
The patient was subsequently cleared for discharge to home with instructions for follow-up on postoperative day number five , 2010-06-12 .
]]></TEXT>
<TAGS>
<TLINK id="TL1" fromID="E0" fromText="Admission" toID="T0" toText="2010-06-07" type="OVERLAP" />
<TLINK id="TL2" fromID="E1" fromText="Discharge" toID="T1" toText="2010-06-12" type="OVERLAP" />
<TLINK id="TL3" fromID="E2" fromText="critical aortic stenosis" toID="E3" toText="surgical options" type="BEFORE" />
<TLINK id="TL4" fromID="E2" fromText="critical aortic stenosis" toID="E4" toText="this condition" type="OVERLAP" />
<TLINK id="TL5" fromID="E2" fromText="critical aortic stenosis" toID="E5" toText="increasing fatigue" type="OVERLAP" />
<TLINK id="TL6" fromID="E6" fromText="dyspnea" toID="E5" toText="increasing fatigue" type="OVERLAP" />
<TLINK id="TL7" fromID="E6" fromText="dyspnea" toID="T2" toText="the year" type="OVERLAP" />
<TLINK id="TL8" fromID="T2" fromText="the year" toID="E7" toText="his admission" type="OVERLAP" />
<TLINK id="TL9" fromID="E8" fromText="reported" toID="E7" toText="his admission" type="OVERLAP" />
<TLINK id="TL10" fromID="E9" fromText="dizziness" toID="E8" toText="reported" type="BEFORE" />
<TLINK id="TL11" fromID="E10" fromText="shortness of breath" toID="E8" toText="reported" type="BEFORE" />
<TLINK id="TL12" fromID="E11" fromText="coughing spells" toID="E10" toText="shortness of breath" type="OVERLAP" />
<TLINK id="TL13" fromID="E11" fromText="coughing spells" toID="T3" toText="2010-05-27" type="AFTER" />
<TLINK id="TL14" fromID="E12" fromText="an echocardiogram" toID="T3" toText="2010-05-27" type="OVERLAP" />
<TLINK id="TL15" fromID="E13" fromText="revealed" toID="E12" toText="an echocardiogram" type="OVERLAP" />
<TLINK id="TL16" fromID="E14" fromText="critical fibrocalcific aortic stenosis" toID="E13" toText="revealed" type="BEFORE" />
<TLINK id="TL17" fromID="E15" fromText="a peak gradient" toID="E12" toText="an echocardiogram" type="OVERLAP" />
<TLINK id="TL18" fromID="E16" fromText="a mean gradient" toID="E15" toText="a peak gradient" type="OVERLAP" />
<TLINK id="TL19" fromID="E16" fromText="a mean gradient" toID="E17" toText="an Oak Bluffs" type="OVERLAP" />
<TLINK id="TL20" fromID="E18" fromText="1+ aortic and mitral insufficiency" toID="E17" toText="an Oak Bluffs" type="OVERLAP" />
<TLINK id="TL21" fromID="E19" fromText="a cardiac catheterization" toID="E12" toText="an echocardiogram" type="OVERLAP" />
<TLINK id="TL22" fromID="E19" fromText="a cardiac catheterization" toID="T4" toText="2010-06-01" type="OVERLAP" />
<TLINK id="TL23" fromID="E20" fromText="demonstrated" toID="E19" toText="a cardiac catheterization" type="OVERLAP" />
<TLINK id="TL24" fromID="E21" fromText="hemodynamically significant coronary artery disease" toID="E20" toText="demonstrated" type="BEFORE" />
<TLINK id="TL25" fromID="E22" fromText="critical aortic stenosis" toID="E19" toText="a cardiac catheterization" type="BEFORE" />
<TLINK id="TL26" fromID="E22" fromText="critical aortic stenosis" toID="E23" toText="his echocardiogram study results" type="OVERLAP" />
<TLINK id="TL27" fromID="E23" fromText="his echocardiogram study results" toID="E24" toText="a mechanical aortic valve replacement procedure" type="OVERLAP" />
<TLINK id="TL28" fromID="E24" fromText="a mechanical aortic valve replacement procedure" toID="E25" toText="aortic replacement" type="OVERLAP" />
<TLINK id="TL29" fromID="E25" fromText="aortic replacement" toID="T5" toText="2010-06-07" type="OVERLAP" />
<TLINK id="TL30" fromID="E26" fromText="a mechanical aortic valve replacement" toID="T6" toText="2010-06-07" type="OVERLAP" />
<TLINK id="TL31" fromID="E94" fromText="a 23 mm Carbomedics mechanical valve" toID="E26" toText="a mechanical aortic valve replacement" type="OVERLAP" />
<TLINK id="TL32" fromID="E28" fromText="a Supra coronary aortic graft" toID="E94" toText="a 23 mm Carbomedics mechanical valve" type="OVERLAP" />
<TLINK id="TL33" fromID="E95" fromText="gelweave" toID="E28" toText="a Supra coronary aortic graft" type="OVERLAP" />
<TLINK id="TL34" fromID="E95" fromText="gelweave" toID="E29" toText="the procedure" type="OVERLAP" />
<TLINK id="TL35" fromID="E30" fromText="a bypass time" toID="E29" toText="the procedure" type="OVERLAP" />
<TLINK id="TL36" fromID="E30" fromText="a bypass time" toID="T7" toText="155 minutes" type="OVERLAP" />
<TLINK id="TL37" fromID="E31" fromText="a crossclamp time" toID="T7" toText="155 minutes" type="OVERLAP" />
<TLINK id="TL38" fromID="E31" fromText="a crossclamp time" toID="T8" toText="130 minutes" type="OVERLAP" />
<TLINK id="TL39" fromID="E92" fromText="a rest time" toID="T8" toText="130 minutes" type="OVERLAP" />
<TLINK id="TL40" fromID="E92" fromText="a rest time" toID="T9" toText="16 minutes" type="OVERLAP" />
<TLINK id="TL41" fromID="E93" fromText="pericardium was left open" toID="T9" toText="16 minutes" type="OVERLAP" />
<TLINK id="TL42" fromID="E32" fromText="lines" toID="E93" toText="pericardium was left open" type="OVERLAP" />
<TLINK id="TL43" fromID="E32" fromText="lines" toID="E33" toText="a right radial line" type="OVERLAP" />
<TLINK id="TL44" fromID="E34" fromText="a right IJ line" toID="E33" toText="a right radial line" type="OVERLAP" />
<TLINK id="TL45" fromID="E35" fromText="ventricular and atrial wires" toID="E34" toText="a right IJ line" type="OVERLAP" />
<TLINK id="TL46" fromID="E36" fromText="two mediastinal tubes" toID="E35" toText="ventricular and atrial wires" type="OVERLAP" />
<TLINK id="TL47" fromID="E36" fromText="two mediastinal tubes" toID="E41" toText="transferred" type="OVERLAP" />
<TLINK id="TL48" fromID="E37" fromText="the Cardiac Surgery Recovery Unit" toID="E41" toText="transferred" type="BEFORE" />
<TLINK id="TL49" fromID="E38" fromText="intubated" toID="E41" toText="transferred" type="AFTER" />
<TLINK id="TL50" fromID="E38" fromText="intubated" toID="E39" toText="further evaluation" type="AFTER" />
<TLINK id="TL51" fromID="E40" fromText="management" toID="E39" toText="further evaluation" type="OVERLAP" />
<TLINK id="TL52" fromID="E42" fromText="transfer" toID="E40" toText="management" type="OVERLAP" />
<TLINK id="TL53" fromID="E43" fromText="the patient 's mean arterial pressure" toID="E42" toText="transfer" type="OVERLAP" />
<TLINK id="TL54" fromID="E43" fromText="the patient 's mean arterial pressure" toID="E44" toText="CVP" type="OVERLAP" />
<TLINK id="TL55" fromID="E45" fromText="PAD" toID="E44" toText="CVP" type="OVERLAP" />
<TLINK id="TL56" fromID="E46" fromText="his Bennie" toID="E45" toText="PAD" type="OVERLAP" />
<TLINK id="TL57" fromID="E46" fromText="his Bennie" toID="E47" toText="AV paced" type="OVERLAP" />
<TLINK id="TL58" fromID="E48" fromText="Active drips" toID="E47" toText="AV paced" type="OVERLAP" />
<TLINK id="TL59" fromID="E49" fromText="milrinone" toID="E48" toText="Active drips" type="OVERLAP" />
<TLINK id="TL60" fromID="E49" fromText="milrinone" toID="E50" toText="Levophed" type="OVERLAP" />
<TLINK id="TL61" fromID="E50" fromText="Levophed" toID="E51" toText="propofol" type="OVERLAP" />
<TLINK id="TL62" fromID="E51" fromText="propofol" toID="E52" toText="insulin" type="OVERLAP" />
<TLINK id="TL63" fromID="E52" fromText="insulin" toID="T15" toText="postoperative day number one" type="OVERLAP" />
<TLINK id="TL64" fromID="E53" fromText="weaned" toID="T15" toText="postoperative day number one" type="OVERLAP" />
<TLINK id="TL65" fromID="E54" fromText="extubated" toID="E53" toText="weaned" type="OVERLAP" />
<TLINK id="TL66" fromID="E55" fromText="complication" toID="E54" toText="extubated" type="OVERLAP" />
<TLINK id="TL67" fromID="E56" fromText="advanced to oral intake" toID="E53" toText="weaned" type="OVERLAP" />
<TLINK id="TL68" fromID="E56" fromText="advanced to oral intake" toID="E57" toText="tolerated" type="OVERLAP" />
<TLINK id="TL69" fromID="E58" fromText="complication" toID="E57" toText="tolerated" type="OVERLAP" />
<TLINK id="TL70" fromID="E56" fromText="advanced to oral intake" toID="T14" toText="postoperative day number two" type="OVERLAP" />
<TLINK id="TL71" fromID="T14" fromText="postoperative day number two" toID="E59" toText="the patient 's chest tubes" type="OVERLAP" />
<TLINK id="TL72" fromID="E60" fromText="removed" toID="E59" toText="the patient 's chest tubes" type="OVERLAP" />
<TLINK id="TL73" fromID="E61" fromText="complication" toID="E60" toText="removed" type="OVERLAP" />
<TLINK id="TL74" fromID="E61" fromText="complication" toID="E62" toText="transfer" type="OVERLAP" />
<TLINK id="TL75" fromID="E62" fromText="transfer" toID="E63" toText="the floor" type="OVERLAP" />
<TLINK id="TL76" fromID="E64" fromText="admitted" toID="E63" toText="the floor" type="BEFORE" />
<TLINK id="TL77" fromID="E64" fromText="admitted" toID="E65" toText="the cardiothoracic service" type="OVERLAP" />
<TLINK id="TL78" fromID="E66" fromText="clinical course" toID="E64" toText="admitted" type="OVERLAP" />
<TLINK id="TL79" fromID="E67" fromText="unremarkable" toID="E66" toText="clinical course" type="OVERLAP" />
<TLINK id="TL80" fromID="E68" fromText="evaluated" toID="E67" toText="unremarkable" type="AFTER" />
<TLINK id="TL81" fromID="E68" fromText="evaluated" toID="E69" toText="discharge" type="OVERLAP" />
<TLINK id="TL82" fromID="E70" fromText="his medical therapy" toID="E69" toText="discharge" type="OVERLAP" />
<TLINK id="TL83" fromID="E71" fromText="advanced to a full regular diet" toID="E70" toText="his medical therapy" type="OVERLAP" />
<TLINK id="TL84" fromID="E71" fromText="advanced to a full regular diet" toID="E72" toText="tolerated" type="OVERLAP" />
<TLINK id="TL85" fromID="E96" fromText="complication" toID="E72" toText="tolerated" type="OVERLAP" />
<TLINK id="TL86" fromID="E96" fromText="complication" toID="E73" toText="adequate pain control" type="OVERLAP" />
<TLINK id="TL87" fromID="E74" fromText="oral pain medications" toID="E73" toText="adequate pain control" type="OVERLAP" />
<TLINK id="TL88" fromID="E75" fromText="anticoagulation therapy" toID="E74" toText="oral pain medications" type="OVERLAP" />
<TLINK id="TL89" fromID="E76" fromText="a target INR" toID="E75" toText="anticoagulation therapy" type="OVERLAP" />
<TLINK id="TL90" fromID="E76" fromText="a target INR" toID="T13" toText="the evening of postoperative day number four" type="OVERLAP" />
<TLINK id="TL91" fromID="E77" fromText="disorientation" toID="T13" toText="the evening of postoperative day number four" type="OVERLAP" />
<TLINK id="TL92" fromID="E78" fromText="confusion" toID="E77" toText="disorientation" type="OVERLAP" />
<TLINK id="TL93" fromID="E78" fromText="confusion" toID="E79" toText="resolved" type="OVERLAP" />
<TLINK id="TL94" fromID="E79" fromText="resolved" toID="T12" toText="postoperative day number five" type="OVERLAP" />
<TLINK id="TL95" fromID="E80" fromText="afebrile" toID="T12" toText="postoperative day number five" type="OVERLAP" />
<TLINK id="TL96" fromID="E81" fromText="stable" toID="T12" toText="postoperative day number five" type="OVERLAP" />
<TLINK id="TL97" fromID="E82" fromText="His incision" toID="E81" toText="stable" type="OVERLAP" />
<TLINK id="TL98" fromID="E82" fromText="His incision" toID="E83" toText="clean , dry , and intact" type="OVERLAP" />
<TLINK id="TL99" fromID="E84" fromText="cellulitis" toID="E83" toText="clean , dry , and intact" type="OVERLAP" />
<TLINK id="TL100" fromID="E84" fromText="cellulitis" toID="E85" toText="purulent drainage" type="OVERLAP" />
<TLINK id="TL101" fromID="E87" fromText="his pain" toID="E86" toText="tolerant of a full regular diet" type="OVERLAP" />
<TLINK id="TL102" fromID="E87" fromText="his pain" toID="E88" toText="oral pain medications" type="OVERLAP" />
<TLINK id="TL103" fromID="E89" fromText="The patient 's INR" toID="E88" toText="oral pain medications" type="OVERLAP" />
<TLINK id="TL104" fromID="E89" fromText="The patient 's INR" toID="E90" toText="discharge" type="OVERLAP" />
<TLINK id="TL105" fromID="E91" fromText="follow-up" toID="E90" toText="discharge" type="OVERLAP" />
<TLINK id="TL106" fromID="E91" fromText="follow-up" toID="T10" toText="postoperative day number five" type="OVERLAP" />
<TLINK id="TL107" fromID="E91" fromText="follow-up" toID="T11" toText="2010-06-12" type="OVERLAP" />
<TLINK id="SECTIME0" fromID="E0" fromText="Admission" toID="T0" toText="2010-06-07" type="BEFORE" />
<TLINK id="SECTIME1" fromID="E23" fromText="his echocardiogram study results" toID="T0" toText="2010-06-07" type="BEFORE" />
<TLINK id="SECTIME2" fromID="E24" fromText="a mechanical aortic valve replacement procedure" toID="T0" toText="2010-06-07" type="BEFORE" />
<TLINK id="SECTIME3" fromID="E25" fromText="aortic replacement" toID="T0" toText="2010-06-07" type="BEFORE" />
<TLINK id="SECTIME4" fromID="E26" fromText="a mechanical aortic valve replacement" toID="T1" toText="2010-06-12" type="BEFORE" />
<TLINK id="SECTIME5" fromID="E94" fromText="a 23 mm Carbomedics mechanical valve" toID="T1" toText="2010-06-12" type="BEFORE" />
<TLINK id="SECTIME6" fromID="E28" fromText="a Supra coronary aortic graft" toID="T1" toText="2010-06-12" type="BEFORE" />
<TLINK id="SECTIME7" fromID="E95" fromText="gelweave" toID="T1" toText="2010-06-12" type="BEFORE" />
<TLINK id="SECTIME8" fromID="E29" fromText="the procedure" toID="T1" toText="2010-06-12" type="BEFORE" />
<TLINK id="SECTIME9" fromID="E30" fromText="a bypass time" toID="T1" toText="2010-06-12" type="BEFORE" />
<TLINK id="SECTIME10" fromID="E31" fromText="a crossclamp time" toID="T1" toText="2010-06-12" type="BEFORE" />
<TLINK id="SECTIME11" fromID="E92" fromText="a rest time" toID="T1" toText="2010-06-12" type="OVERLAP" />
<TLINK id="SECTIME12" fromID="E93" fromText="pericardium was left open" toID="T1" toText="2010-06-12" type="BEFORE" />
<TLINK id="SECTIME13" fromID="E2" fromText="critical aortic stenosis" toID="T0" toText="2010-06-07" type="BEFORE" />
<TLINK id="SECTIME14" fromID="E32" fromText="lines" toID="T1" toText="2010-06-12" type="BEFORE" />
<TLINK id="SECTIME15" fromID="E33" fromText="a right radial line" toID="T1" toText="2010-06-12" type="BEFORE" />
<TLINK id="SECTIME16" fromID="E34" fromText="a right IJ line" toID="T1" toText="2010-06-12" type="BEFORE" />
<TLINK id="SECTIME17" fromID="E35" fromText="ventricular and atrial wires" toID="T1" toText="2010-06-12" type="BEFORE" />
<TLINK id="SECTIME18" fromID="E36" fromText="two mediastinal tubes" toID="T1" toText="2010-06-12" type="BEFORE" />
<TLINK id="SECTIME19" fromID="E41" fromText="transferred" toID="T1" toText="2010-06-12" type="BEFORE" />
<TLINK id="SECTIME20" fromID="E37" fromText="the Cardiac Surgery Recovery Unit" toID="T1" toText="2010-06-12" type="OVERLAP" />
<TLINK id="SECTIME21" fromID="E38" fromText="intubated" toID="T1" toText="2010-06-12" type="BEFORE" />
<TLINK id="SECTIME22" fromID="E39" fromText="further evaluation" toID="T1" toText="2010-06-12" type="OVERLAP" />
<TLINK id="SECTIME23" fromID="E40" fromText="management" toID="T1" toText="2010-06-12" type="BEFORE" />
<TLINK id="SECTIME24" fromID="E42" fromText="transfer" toID="T1" toText="2010-06-12" type="OVERLAP" />
<TLINK id="SECTIME25" fromID="E43" fromText="the patient 's mean arterial pressure" toID="T1" toText="2010-06-12" type="BEFORE" />
<TLINK id="SECTIME26" fromID="E44" fromText="CVP" toID="T1" toText="2010-06-12" type="OVERLAP" />
<TLINK id="SECTIME27" fromID="E45" fromText="PAD" toID="T1" toText="2010-06-12" type="OVERLAP" />
<TLINK id="SECTIME28" fromID="E46" fromText="his Bennie" toID="T1" toText="2010-06-12" type="OVERLAP" />
<TLINK id="SECTIME29" fromID="E47" fromText="AV paced" toID="T1" toText="2010-06-12" type="BEFORE" />
<TLINK id="SECTIME30" fromID="E48" fromText="Active drips" toID="T1" toText="2010-06-12" type="BEFORE" />
<TLINK id="SECTIME31" fromID="E49" fromText="milrinone" toID="T1" toText="2010-06-12" type="BEFORE" />
<TLINK id="SECTIME32" fromID="E50" fromText="Levophed" toID="T1" toText="2010-06-12" type="BEFORE" />
<TLINK id="SECTIME33" fromID="E51" fromText="propofol" toID="T1" toText="2010-06-12" type="BEFORE" />
<TLINK id="SECTIME34" fromID="E52" fromText="insulin" toID="T1" toText="2010-06-12" type="BEFORE" />
<TLINK id="SECTIME35" fromID="E53" fromText="weaned" toID="T1" toText="2010-06-12" type="BEFORE" />
<TLINK id="SECTIME36" fromID="E54" fromText="extubated" toID="T1" toText="2010-06-12" type="BEFORE" />
<TLINK id="SECTIME37" fromID="E55" fromText="complication" toID="T1" toText="2010-06-12" type="BEFORE" />
<TLINK id="SECTIME38" fromID="E56" fromText="advanced to oral intake" toID="T1" toText="2010-06-12" type="BEFORE" />
<TLINK id="SECTIME39" fromID="E57" fromText="tolerated" toID="T1" toText="2010-06-12" type="BEFORE" />
<TLINK id="SECTIME40" fromID="E58" fromText="complication" toID="T1" toText="2010-06-12" type="BEFORE" />
<TLINK id="SECTIME41" fromID="E59" fromText="the patient 's chest tubes" toID="T1" toText="2010-06-12" type="BEFORE" />
<TLINK id="SECTIME42" fromID="E60" fromText="removed" toID="T1" toText="2010-06-12" type="BEFORE" />
<TLINK id="SECTIME43" fromID="E61" fromText="complication" toID="T1" toText="2010-06-12" type="BEFORE" />
<TLINK id="SECTIME44" fromID="E3" fromText="surgical options" toID="T0" toText="2010-06-07" type="AFTER" />
<TLINK id="SECTIME45" fromID="E62" fromText="transfer" toID="T1" toText="2010-06-12" type="BEFORE" />
<TLINK id="SECTIME46" fromID="E63" fromText="the floor" toID="T1" toText="2010-06-12" type="BEFORE" />
<TLINK id="SECTIME47" fromID="E64" fromText="admitted" toID="T1" toText="2010-06-12" type="OVERLAP" />
<TLINK id="SECTIME48" fromID="E65" fromText="the cardiothoracic service" toID="T1" toText="2010-06-12" type="BEFORE" />
<TLINK id="SECTIME49" fromID="E66" fromText="clinical course" toID="T1" toText="2010-06-12" type="BEFORE" />
<TLINK id="SECTIME50" fromID="E67" fromText="unremarkable" toID="T1" toText="2010-06-12" type="BEFORE" />
<TLINK id="SECTIME51" fromID="E4" fromText="this condition" toID="T0" toText="2010-06-07" type="OVERLAP" />
<TLINK id="SECTIME52" fromID="E68" fromText="evaluated" toID="T1" toText="2010-06-12" type="BEFORE" />
<TLINK id="SECTIME53" fromID="E69" fromText="discharge" toID="T1" toText="2010-06-12" type="BEFORE" />
<TLINK id="SECTIME54" fromID="E70" fromText="his medical therapy" toID="T1" toText="2010-06-12" type="BEFORE" />
<TLINK id="SECTIME55" fromID="E71" fromText="advanced to a full regular diet" toID="T1" toText="2010-06-12" type="BEFORE" />
<TLINK id="SECTIME56" fromID="E72" fromText="tolerated" toID="T1" toText="2010-06-12" type="BEFORE" />
<TLINK id="SECTIME57" fromID="E96" fromText="complication" toID="T1" toText="2010-06-12" type="BEFORE" />
<TLINK id="SECTIME58" fromID="E1" fromText="Discharge" toID="T0" toText="2010-06-07" type="BEFORE" />
<TLINK id="SECTIME59" fromID="E73" fromText="adequate pain control" toID="T1" toText="2010-06-12" type="BEFORE" />
<TLINK id="SECTIME60" fromID="E74" fromText="oral pain medications" toID="T1" toText="2010-06-12" type="BEFORE" />
<TLINK id="SECTIME61" fromID="E75" fromText="anticoagulation therapy" toID="T1" toText="2010-06-12" type="BEFORE" />
<TLINK id="SECTIME62" fromID="E76" fromText="a target INR" toID="T1" toText="2010-06-12" type="BEFORE" />
<TLINK id="SECTIME63" fromID="E77" fromText="disorientation" toID="T1" toText="2010-06-12" type="BEFORE" />
<TLINK id="SECTIME64" fromID="E78" fromText="confusion" toID="T1" toText="2010-06-12" type="BEFORE" />
<TLINK id="SECTIME65" fromID="E79" fromText="resolved" toID="T1" toText="2010-06-12" type="BEFORE" />
<TLINK id="SECTIME66" fromID="E5" fromText="increasing fatigue" toID="T0" toText="2010-06-07" type="BEFORE" />
<TLINK id="SECTIME67" fromID="E80" fromText="afebrile" toID="T1" toText="2010-06-12" type="BEFORE" />
<TLINK id="SECTIME68" fromID="E81" fromText="stable" toID="T1" toText="2010-06-12" type="BEFORE" />
<TLINK id="SECTIME69" fromID="E82" fromText="His incision" toID="T1" toText="2010-06-12" type="BEFORE" />
<TLINK id="SECTIME70" fromID="E83" fromText="clean , dry , and intact" toID="T1" toText="2010-06-12" type="BEFORE" />
<TLINK id="SECTIME71" fromID="E84" fromText="cellulitis" toID="T1" toText="2010-06-12" type="BEFORE" />
<TLINK id="SECTIME72" fromID="E85" fromText="purulent drainage" toID="T1" toText="2010-06-12" type="BEFORE" />
<TLINK id="SECTIME73" fromID="E6" fromText="dyspnea" toID="T0" toText="2010-06-07" type="BEFORE" />
<TLINK id="SECTIME74" fromID="E86" fromText="tolerant of a full regular diet" toID="T1" toText="2010-06-12" type="BEFORE" />
<TLINK id="SECTIME75" fromID="E87" fromText="his pain" toID="T1" toText="2010-06-12" type="BEFORE" />
<TLINK id="SECTIME76" fromID="E88" fromText="oral pain medications" toID="T1" toText="2010-06-12" type="BEFORE" />
<TLINK id="SECTIME77" fromID="E89" fromText="The patient 's INR" toID="T1" toText="2010-06-12" type="BEFORE" />
<TLINK id="SECTIME78" fromID="E90" fromText="discharge" toID="T1" toText="2010-06-12" type="BEFORE" />
<TLINK id="SECTIME79" fromID="E91" fromText="follow-up" toID="T1" toText="2010-06-12" type="BEFORE" />
<TLINK id="SECTIME80" fromID="E7" fromText="his admission" toID="T0" toText="2010-06-07" type="BEFORE" />
<TLINK id="SECTIME81" fromID="E8" fromText="reported" toID="T0" toText="2010-06-07" type="BEFORE" />
<TLINK id="SECTIME82" fromID="E9" fromText="dizziness" toID="T0" toText="2010-06-07" type="BEFORE" />
<TLINK id="SECTIME83" fromID="E10" fromText="shortness of breath" toID="T0" toText="2010-06-07" type="BEFORE" />
<TLINK id="SECTIME84" fromID="E11" fromText="coughing spells" toID="T0" toText="2010-06-07" type="BEFORE" />
<TLINK id="SECTIME85" fromID="E12" fromText="an echocardiogram" toID="T0" toText="2010-06-07" type="BEFORE" />
<TLINK id="SECTIME86" fromID="E13" fromText="revealed" toID="T0" toText="2010-06-07" type="BEFORE" />
<TLINK id="SECTIME87" fromID="E14" fromText="critical fibrocalcific aortic stenosis" toID="T0" toText="2010-06-07" type="BEFORE" />
<TLINK id="SECTIME88" fromID="E15" fromText="a peak gradient" toID="T0" toText="2010-06-07" type="BEFORE" />
<TLINK id="SECTIME89" fromID="E16" fromText="a mean gradient" toID="T0" toText="2010-06-07" type="BEFORE" />
<TLINK id="SECTIME90" fromID="E17" fromText="an Oak Bluffs" toID="T0" toText="2010-06-07" type="BEFORE" />
<TLINK id="SECTIME91" fromID="E18" fromText="1+ aortic and mitral insufficiency" toID="T0" toText="2010-06-07" type="BEFORE" />
<TLINK id="SECTIME92" fromID="E19" fromText="a cardiac catheterization" toID="T0" toText="2010-06-07" type="BEFORE" />
<TLINK id="SECTIME93" fromID="E20" fromText="demonstrated" toID="T0" toText="2010-06-07" type="BEFORE" />
<TLINK id="SECTIME94" fromID="E21" fromText="hemodynamically significant coronary artery disease" toID="T0" toText="2010-06-07" type="BEFORE" />
<TLINK id="SECTIME95" fromID="E22" fromText="critical aortic stenosis" toID="T0" toText="2010-06-07" type="BEFORE" />
</TAGS>
</ClinicalNarrativeTemporalAnnotation>