<?xml version="1.0" encoding="UTF-8" ?>
<ClinicalNarrativeTemporalAnnotation>
<TEXT><![CDATA[
Admission Date :
2010-06-28
Discharge Date :
2010-07-01
Service :
ORTHOPEDIC
HISTORY OF THE PRESENT ILLNESS :
This is a 20-year-old female with no significant past medical history , who was the unrestrained passenger in a high speed rollover motor vehicle accident on 2010-06-27 .
By report , the patient was ejected from the vehicle on impact and found curled in the fetal position at the rear of the vehicle at the scene .
The vehicle was noted to be extensively damaged .
By report , the patient was noted to be awake , but confused at the scene of the accident with no memory of the incident .
She was immobilized in the C-spine collar at the scene of the accident and subsequently transported by EMS to the New England Sinai Hospital & Rehab Center Emergency Department for further management .
HOSPITAL COURSE :
The patient was evaluated by the Trauma Service in the emergency room , where she received four liters
crystalloid and four units packed red blood cells with good response .
In addition , the patient received the above-described diagnostic procedures , which demonstrated injuries limited to a posterior scalp laceration , left fractured clavicle , left fractured radius , right thigh hematoma , and right leg laceration .
The patient was subsequently admitted to the Trauma Service on 2010-06-28 under the direction of Dr. Lowery .
Given the patient 's right thigh hematoma , a duplex evaluation of the right lower extremity was performed on 2010-06-28 and demonstrated no evidence of major arterial or venous injury in the level of
the right inguinal region .
On 06-28 , the patient was also cleared for removal of her C-spine collar and deemed stable for transfer to the Orthopedic Service under the direction of Dr. Ronda Lopez .
The patient remained stable through 2010-06-29 at which point she was sent to the operating room to undergo a left radial fracture open reduction and internal fixation procedure .
The patient tolerated the procedure well and demonstrated a postoperative hematocrit of 40.9 .
Of note , the scalp and right lower leg lacerations were closed primarily by the trauma team on admission and on hospital day #1 were noted to be clean , dry , and intact .
Nonoperative treatment was elected for the patient 's left clavicular fracture .
On postoperative day #1 , 2010-06-30 , the patient was noted to be clinically stable , tolerating oral intake , and expressive of adequate amounts of urine independent of a Foley catheter .
The patient 's head wound laceration was noted to be clean and dry with intact staples .
There was no erythema or purulence .
The left clavicle was noted to have continued ecchymosis decreased from prior examination with a minor stepoff and mild tenderness to palpation decreased from prior examinations .
The left forearm dressing was noted to be in place , clean , dry , and intact with no saturation .
The patient was noted to be able to wiggle her fingers with intact flexor , extensor , abductor , and adductor function .
Mild swelling was noted in the left hand .
Sensation was intact in the median , radius , and ulnar-nerve distributions .
Fingers were warm and well perfused with capillary refill less than 3 seconds .
The patient 's right anterior tibial wound was noted to be clean , dry , and intact with sutures intact and no erythema or purulence noted .
On 06-30 , the patient was evaluated by Occupational Therapy and fitted for a left upper extremity splint .
The patient was also administered adaptive training for activities of daily life and advised regarding wound care .
In addition , the patient was also fitted with a figure-of-eight clavicular splint and instructed in its
proper use .
On 2010-07-01 , the patient was discharged from the hospital with instructions for follow up care on return to the United Kingdom .
]]></TEXT>
<TAGS>
<TLINK id="TL1" fromID="E44" fromText="Admission" toID="T1" toText="2010-06-28" type="OVERLAP" />
<TLINK id="TL2" fromID="E45" fromText="Discharge" toID="T1" toText="2010-06-28" type="OVERLAP" />
<TLINK id="TL3" fromID="E45" fromText="Discharge" toID="T2" toText="2010-07-01" type="OVERLAP" />
<TLINK id="TL4" fromID="E0" fromText="motor vehicle accident" toID="T3" toText="2010-06-27" type="AFTER" />
<TLINK id="TL5" fromID="E51" fromText="report" toID="E0" toText="motor vehicle accident" type="OVERLAP" />
<TLINK id="TL6" fromID="E52" fromText="ejected from the vehicle" toID="E51" toText="report" type="BEFORE" />
<TLINK id="TL7" fromID="E51" fromText="report" toID="E54" toText="found" type="OVERLAP" />
<TLINK id="TL8" fromID="E53" fromText="curled in the fetal position" toID="E54" toText="found" type="OVERLAP" />
<TLINK id="TL9" fromID="E55" fromText="report" toID="E56" toText="noted" type="OVERLAP" />
<TLINK id="TL10" fromID="E57" fromText="awake" toID="E56" toText="noted" type="OVERLAP" />
<TLINK id="TL11" fromID="E57" fromText="awake" toID="E1" toText="confused" type="OVERLAP" />
<TLINK id="TL12" fromID="E1" fromText="confused" toID="E58" toText="memory of the incident" type="OVERLAP" />
<TLINK id="TL13" fromID="E59" fromText="immobilized" toID="E58" toText="memory of the incident" type="OVERLAP" />
<TLINK id="TL14" fromID="E59" fromText="immobilized" toID="E2" toText="the C-spine collar" type="OVERLAP" />
<TLINK id="TL15" fromID="E2" fromText="the C-spine collar" toID="E49" toText="transported" type="OVERLAP" />
<TLINK id="TL16" fromID="E49" fromText="transported" toID="E60" toText="EMS" type="OVERLAP" />
<TLINK id="TL17" fromID="E61" fromText="the New England Sinai Hospital & Rehab Center Emergency Department" toID="E60" toText="EMS" type="OVERLAP" />
<TLINK id="TL18" fromID="E3" fromText="further management" toID="E61" toText="the New England Sinai Hospital & Rehab Center Emergency Department" type="OVERLAP" />
<TLINK id="TL19" fromID="E62" fromText="evaluated" toID="E63" toText="the Trauma Service" type="OVERLAP" />
<TLINK id="TL20" fromID="E65" fromText="the emergency room" toID="E63" toText="the Trauma Service" type="OVERLAP" />
<TLINK id="TL21" fromID="E4" fromText="crystalloid" toID="E65" toText="the emergency room" type="OVERLAP" />
<TLINK id="TL22" fromID="E4" fromText="crystalloid" toID="E5" toText="packed red blood cells" type="OVERLAP" />
<TLINK id="TL23" fromID="E6" fromText="diagnostic procedures" toID="E4" toText="crystalloid" type="AFTER" />
<TLINK id="TL24" fromID="E7" fromText="injuries" toID="E6" toText="diagnostic procedures" type="OVERLAP" />
<TLINK id="TL25" fromID="E8" fromText="a posterior scalp laceration" toID="E7" toText="injuries" type="OVERLAP" />
<TLINK id="TL26" fromID="E9" fromText="left fractured clavicle" toID="E8" toText="a posterior scalp laceration" type="OVERLAP" />
<TLINK id="TL27" fromID="E10" fromText="left fractured radius" toID="E9" toText="left fractured clavicle" type="OVERLAP" />
<TLINK id="TL28" fromID="E11" fromText="right thigh hematoma" toID="E10" toText="left fractured radius" type="OVERLAP" />
<TLINK id="TL29" fromID="E12" fromText="right leg laceration" toID="E11" toText="right thigh hematoma" type="OVERLAP" />
<TLINK id="TL30" fromID="E12" fromText="right leg laceration" toID="E66" toText="admitted" type="OVERLAP" />
<TLINK id="TL31" fromID="E66" fromText="admitted" toID="E67" toText="the Trauma Service" type="OVERLAP" />
<TLINK id="TL32" fromID="E66" fromText="admitted" toID="T4" toText="2010-06-28" type="OVERLAP" />
<TLINK id="TL33" fromID="E13" fromText="the patient 's right thigh hematoma" toID="E67" toText="the Trauma Service" type="OVERLAP" />
<TLINK id="TL34" fromID="E13" fromText="the patient 's right thigh hematoma" toID="E14" toText="a duplex evaluation of the right lower extremity" type="OVERLAP" />
<TLINK id="TL35" fromID="E14" fromText="a duplex evaluation of the right lower extremity" toID="T0" toText="2010-06-28" type="OVERLAP" />
<TLINK id="TL36" fromID="E68" fromText="demonstrated" toID="E14" toText="a duplex evaluation of the right lower extremity" type="OVERLAP" />
<TLINK id="TL37" fromID="E69" fromText="evidence" toID="E68" toText="demonstrated" type="OVERLAP" />
<TLINK id="TL38" fromID="E15" fromText="major arterial or venous injury" toID="E69" toText="evidence" type="OVERLAP" />
<TLINK id="TL39" fromID="E70" fromText="removal" toID="T5" toText="06-28" type="OVERLAP" />
<TLINK id="TL40" fromID="E16" fromText="her C-spine collar" toID="E70" toText="removal" type="OVERLAP" />
<TLINK id="TL41" fromID="E71" fromText="stable" toID="T5" toText="06-28" type="OVERLAP" />
<TLINK id="TL42" fromID="E71" fromText="stable" toID="E72" toText="transfer" type="OVERLAP" />
<TLINK id="TL43" fromID="E72" fromText="transfer" toID="E74" toText="the Orthopedic Service" type="OVERLAP" />
<TLINK id="TL44" fromID="E75" fromText="remained stable" toID="E72" toText="transfer" type="OVERLAP" />
<TLINK id="TL45" fromID="E75" fromText="remained stable" toID="T6" toText="2010-06-29" type="OVERLAP" />
<TLINK id="TL46" fromID="E76" fromText="the operating room" toID="E75" toText="remained stable" type="OVERLAP" />
<TLINK id="TL47" fromID="E17" fromText="a left radial fracture open reduction" toID="E76" toText="the operating room" type="OVERLAP" />
<TLINK id="TL48" fromID="E18" fromText="internal fixation procedure" toID="E17" toText="a left radial fracture open reduction" type="OVERLAP" />
<TLINK id="TL49" fromID="E77" fromText="tolerated" toID="E75" toText="remained stable" type="OVERLAP" />
<TLINK id="TL50" fromID="E77" fromText="tolerated" toID="E19" toText="the procedure" type="OVERLAP" />
<TLINK id="TL51" fromID="E78" fromText="well" toID="E19" toText="the procedure" type="AFTER" />
<TLINK id="TL52" fromID="E20" fromText="a postoperative hematocrit" toID="E78" toText="well" type="OVERLAP" />
<TLINK id="TL53" fromID="E21" fromText="the scalp and right lower leg lacerations" toID="E20" toText="a postoperative hematocrit" type="OVERLAP" />
<TLINK id="TL54" fromID="E21" fromText="the scalp and right lower leg lacerations" toID="E79" toText="closed" type="BEFORE" />
<TLINK id="TL55" fromID="E79" fromText="closed" toID="E80" toText="the trauma team" type="OVERLAP" />
<TLINK id="TL56" fromID="E79" fromText="closed" toID="E50" toText="admission" type="OVERLAP" />
<TLINK id="TL57" fromID="E79" fromText="closed" toID="T7" toText="hospital day #1" type="OVERLAP" />
<TLINK id="TL58" fromID="E81" fromText="noted" toID="E50" toText="admission" type="OVERLAP" />
<TLINK id="TL59" fromID="E46" fromText="clean , dry , and intact" toID="E81" toText="noted" type="OVERLAP" />
<TLINK id="TL60" fromID="E22" fromText="Nonoperative treatment" toID="E46" toText="clean , dry , and intact" type="OVERLAP" />
<TLINK id="TL61" fromID="E23" fromText="the patient 's left clavicular fracture" toID="E22" toText="Nonoperative treatment" type="BEFORE" />
<TLINK id="TL62" fromID="E23" fromText="the patient 's left clavicular fracture" toID="T8" toText="postoperative day #1" type="BEFORE" />
<TLINK id="TL63" fromID="T9" fromText="2010-06-30" toID="T8" toText="postoperative day #1" type="OVERLAP" />
<TLINK id="TL64" fromID="E82" fromText="noted" toID="T8" toText="postoperative day #1" type="OVERLAP" />
<TLINK id="TL65" fromID="E83" fromText="clinically stable" toID="E82" toText="noted" type="OVERLAP" />
<TLINK id="TL66" fromID="E84" fromText="tolerating oral intake" toID="E83" toText="clinically stable" type="OVERLAP" />
<TLINK id="TL67" fromID="E85" fromText="adequate amounts of urine" toID="E84" toText="tolerating oral intake" type="OVERLAP" />
<TLINK id="TL68" fromID="E86" fromText="a Foley catheter" toID="E85" toText="adequate amounts of urine" type="OVERLAP" />
<TLINK id="TL69" fromID="E24" fromText="The patient 's head wound laceration" toID="E86" toText="a Foley catheter" type="OVERLAP" />
<TLINK id="TL70" fromID="E24" fromText="The patient 's head wound laceration" toID="E87" toText="noted" type="OVERLAP" />
<TLINK id="TL71" fromID="E47" fromText="clean and dry" toID="E87" toText="noted" type="OVERLAP" />
<TLINK id="TL72" fromID="E25" fromText="intact staples" toID="E47" toText="clean and dry" type="OVERLAP" />
<TLINK id="TL73" fromID="E26" fromText="erythema" toID="E25" toText="intact staples" type="OVERLAP" />
<TLINK id="TL74" fromID="E26" fromText="erythema" toID="E27" toText="purulence" type="OVERLAP" />
<TLINK id="TL75" fromID="E27" fromText="purulence" toID="E88" toText="noted" type="OVERLAP" />
<TLINK id="TL76" fromID="E28" fromText="continued ecchymosis" toID="E88" toText="noted" type="BEFORE" />
<TLINK id="TL77" fromID="E28" fromText="continued ecchymosis" toID="E89" toText="decreased" type="OVERLAP" />
<TLINK id="TL78" fromID="E29" fromText="prior examination" toID="E89" toText="decreased" type="AFTER" />
<TLINK id="TL79" fromID="E112" fromText="stepoff" toID="E29" toText="prior examination" type="OVERLAP" />
<TLINK id="TL80" fromID="E112" fromText="stepoff" toID="E113" toText="tenderness" type="OVERLAP" />
<TLINK id="TL81" fromID="E32" fromText="palpation" toID="E113" toText="tenderness" type="OVERLAP" />
<TLINK id="TL82" fromID="E32" fromText="palpation" toID="E92" toText="decreased" type="OVERLAP" />
<TLINK id="TL83" fromID="E33" fromText="prior examinations" toID="E92" toText="decreased" type="AFTER" />
<TLINK id="TL84" fromID="E33" fromText="prior examinations" toID="E34" toText="The left forearm dressing" type="OVERLAP" />
<TLINK id="TL85" fromID="E34" fromText="The left forearm dressing" toID="E93" toText="noted" type="OVERLAP" />
<TLINK id="TL86" fromID="E94" fromText="place , clean , dry , and intact" toID="E93" toText="noted" type="OVERLAP" />
<TLINK id="TL87" fromID="E35" fromText="saturation" toID="E94" toText="place , clean , dry , and intact" type="OVERLAP" />
<TLINK id="TL88" fromID="E95" fromText="noted" toID="E93" toText="noted" type="OVERLAP" />
<TLINK id="TL89" fromID="E96" fromText="wiggle her fingers" toID="E95" toText="noted" type="OVERLAP" />
<TLINK id="TL90" fromID="E96" fromText="wiggle her fingers" toID="E97" toText="intact flexor , extensor , abductor , and adductor function" type="OVERLAP" />
<TLINK id="TL91" fromID="E97" fromText="intact flexor , extensor , abductor , and adductor function" toID="E114" toText="swelling" type="OVERLAP" />
<TLINK id="TL92" fromID="E99" fromText="noted" toID="E114" toText="swelling" type="OVERLAP" />
<TLINK id="TL93" fromID="E100" fromText="Sensation" toID="E99" toText="noted" type="OVERLAP" />
<TLINK id="TL94" fromID="E100" fromText="Sensation" toID="E101" toText="intact" type="OVERLAP" />
<TLINK id="TL95" fromID="E102" fromText="Fingers were warm and well perfused" toID="E101" toText="intact" type="OVERLAP" />
<TLINK id="TL96" fromID="E37" fromText="capillary refill" toID="E102" toText="Fingers were warm and well perfused" type="OVERLAP" />
<TLINK id="TL97" fromID="E38" fromText="The patient 's right anterior tibial wound" toID="E37" toText="capillary refill" type="OVERLAP" />
<TLINK id="TL98" fromID="E38" fromText="The patient 's right anterior tibial wound" toID="E103" toText="noted" type="OVERLAP" />
<TLINK id="TL99" fromID="E104" fromText="clean , dry , and intact" toID="E103" toText="noted" type="OVERLAP" />
<TLINK id="TL100" fromID="E39" fromText="sutures" toID="E104" toText="clean , dry , and intact" type="OVERLAP" />
<TLINK id="TL101" fromID="E105" fromText="erythema" toID="E39" toText="sutures" type="OVERLAP" />
<TLINK id="TL102" fromID="E106" fromText="purulence" toID="E105" toText="erythema" type="OVERLAP" />
<TLINK id="TL103" fromID="E107" fromText="noted" toID="E103" toText="noted" type="OVERLAP" />
<TLINK id="TL104" fromID="E107" fromText="noted" toID="T11" toText="06-30" type="OVERLAP" />
<TLINK id="TL105" fromID="E109" fromText="evaluated" toID="T11" toText="06-30" type="OVERLAP" />
<TLINK id="TL106" fromID="E109" fromText="evaluated" toID="E108" toText="Occupational Therapy" type="OVERLAP" />
<TLINK id="TL107" fromID="E40" fromText="a left upper extremity splint" toID="E108" toText="Occupational Therapy" type="OVERLAP" />
<TLINK id="TL108" fromID="E41" fromText="adaptive training" toID="E40" toText="a left upper extremity splint" type="OVERLAP" />
<TLINK id="TL109" fromID="E41" fromText="adaptive training" toID="E42" toText="activities of daily life" type="OVERLAP" />
<TLINK id="TL110" fromID="E110" fromText="wound care" toID="E42" toText="activities of daily life" type="OVERLAP" />
<TLINK id="TL111" fromID="E43" fromText="a figure-of-eight clavicular splint" toID="E110" toText="wound care" type="OVERLAP" />
<TLINK id="TL112" fromID="T10" fromText="2010-07-01" toID="E48" toText="discharged" type="OVERLAP" />
<TLINK id="TL113" fromID="E111" fromText="follow up care" toID="E48" toText="discharged" type="BEFORE" />
<TLINK id="SECTIME0" fromID="E44" fromText="Admission" toID="T1" toText="2010-06-28" type="BEFORE" />
<TLINK id="SECTIME1" fromID="E6" fromText="diagnostic procedures" toID="T2" toText="2010-07-01" type="BEFORE" />
<TLINK id="SECTIME2" fromID="E7" fromText="injuries" toID="T2" toText="2010-07-01" type="BEFORE" />
<TLINK id="SECTIME3" fromID="E8" fromText="a posterior scalp laceration" toID="T2" toText="2010-07-01" type="BEFORE" />
<TLINK id="SECTIME4" fromID="E9" fromText="left fractured clavicle" toID="T2" toText="2010-07-01" type="BEFORE" />
<TLINK id="SECTIME5" fromID="E10" fromText="left fractured radius" toID="T2" toText="2010-07-01" type="BEFORE" />
<TLINK id="SECTIME6" fromID="E11" fromText="right thigh hematoma" toID="T2" toText="2010-07-01" type="BEFORE" />
<TLINK id="SECTIME7" fromID="E12" fromText="right leg laceration" toID="T2" toText="2010-07-01" type="BEFORE" />
<TLINK id="SECTIME8" fromID="E66" fromText="admitted" toID="T2" toText="2010-07-01" type="BEFORE" />
<TLINK id="SECTIME9" fromID="E67" fromText="the Trauma Service" toID="T2" toText="2010-07-01" type="BEFORE" />
<TLINK id="SECTIME10" fromID="E13" fromText="the patient 's right thigh hematoma" toID="T2" toText="2010-07-01" type="BEFORE" />
<TLINK id="SECTIME11" fromID="E14" fromText="a duplex evaluation of the right lower extremity" toID="T2" toText="2010-07-01" type="BEFORE" />
<TLINK id="SECTIME12" fromID="E68" fromText="demonstrated" toID="T2" toText="2010-07-01" type="BEFORE" />
<TLINK id="SECTIME13" fromID="E69" fromText="evidence" toID="T2" toText="2010-07-01" type="BEFORE" />
<TLINK id="SECTIME14" fromID="E15" fromText="major arterial or venous injury" toID="T2" toText="2010-07-01" type="BEFORE" />
<TLINK id="SECTIME15" fromID="E70" fromText="removal" toID="T2" toText="2010-07-01" type="BEFORE" />
<TLINK id="SECTIME16" fromID="E16" fromText="her C-spine collar" toID="T2" toText="2010-07-01" type="BEFORE" />
<TLINK id="SECTIME17" fromID="E71" fromText="stable" toID="T2" toText="2010-07-01" type="BEFORE" />
<TLINK id="SECTIME18" fromID="E72" fromText="transfer" toID="T2" toText="2010-07-01" type="BEFORE" />
<TLINK id="SECTIME19" fromID="E74" fromText="the Orthopedic Service" toID="T2" toText="2010-07-01" type="BEFORE" />
<TLINK id="SECTIME20" fromID="E75" fromText="remained stable" toID="T2" toText="2010-07-01" type="BEFORE" />
<TLINK id="SECTIME21" fromID="E76" fromText="the operating room" toID="T2" toText="2010-07-01" type="BEFORE" />
<TLINK id="SECTIME22" fromID="E17" fromText="a left radial fracture open reduction" toID="T2" toText="2010-07-01" type="BEFORE" />
<TLINK id="SECTIME23" fromID="E18" fromText="internal fixation procedure" toID="T2" toText="2010-07-01" type="BEFORE" />
<TLINK id="SECTIME24" fromID="E77" fromText="tolerated" toID="T2" toText="2010-07-01" type="BEFORE" />
<TLINK id="SECTIME25" fromID="E19" fromText="the procedure" toID="T2" toText="2010-07-01" type="BEFORE" />
<TLINK id="SECTIME26" fromID="E78" fromText="well" toID="T2" toText="2010-07-01" type="BEFORE" />
<TLINK id="SECTIME27" fromID="E20" fromText="a postoperative hematocrit" toID="T2" toText="2010-07-01" type="BEFORE" />
<TLINK id="SECTIME28" fromID="E21" fromText="the scalp and right lower leg lacerations" toID="T2" toText="2010-07-01" type="BEFORE" />
<TLINK id="SECTIME29" fromID="E79" fromText="closed" toID="T2" toText="2010-07-01" type="BEFORE" />
<TLINK id="SECTIME30" fromID="E80" fromText="the trauma team" toID="T2" toText="2010-07-01" type="BEFORE" />
<TLINK id="SECTIME31" fromID="E50" fromText="admission" toID="T2" toText="2010-07-01" type="BEFORE" />
<TLINK id="SECTIME32" fromID="E81" fromText="noted" toID="T2" toText="2010-07-01" type="BEFORE" />
<TLINK id="SECTIME33" fromID="E46" fromText="clean , dry , and intact" toID="T2" toText="2010-07-01" type="BEFORE" />
<TLINK id="SECTIME34" fromID="E22" fromText="Nonoperative treatment" toID="T2" toText="2010-07-01" type="BEFORE" />
<TLINK id="SECTIME35" fromID="E23" fromText="the patient 's left clavicular fracture" toID="T2" toText="2010-07-01" type="BEFORE" />
<TLINK id="SECTIME36" fromID="E82" fromText="noted" toID="T2" toText="2010-07-01" type="BEFORE" />
<TLINK id="SECTIME37" fromID="E83" fromText="clinically stable" toID="T2" toText="2010-07-01" type="BEFORE" />
<TLINK id="SECTIME38" fromID="E84" fromText="tolerating oral intake" toID="T2" toText="2010-07-01" type="BEFORE" />
<TLINK id="SECTIME39" fromID="E85" fromText="adequate amounts of urine" toID="T2" toText="2010-07-01" type="BEFORE" />
<TLINK id="SECTIME40" fromID="E0" fromText="motor vehicle accident" toID="T1" toText="2010-06-28" type="BEFORE" />
<TLINK id="SECTIME41" fromID="E86" fromText="a Foley catheter" toID="T2" toText="2010-07-01" type="BEFORE" />
<TLINK id="SECTIME42" fromID="E24" fromText="The patient 's head wound laceration" toID="T2" toText="2010-07-01" type="BEFORE" />
<TLINK id="SECTIME43" fromID="E87" fromText="noted" toID="T2" toText="2010-07-01" type="BEFORE" />
<TLINK id="SECTIME44" fromID="E47" fromText="clean and dry" toID="T2" toText="2010-07-01" type="BEFORE" />
<TLINK id="SECTIME45" fromID="E25" fromText="intact staples" toID="T2" toText="2010-07-01" type="BEFORE" />
<TLINK id="SECTIME46" fromID="E26" fromText="erythema" toID="T2" toText="2010-07-01" type="BEFORE" />
<TLINK id="SECTIME47" fromID="E27" fromText="purulence" toID="T2" toText="2010-07-01" type="BEFORE" />
<TLINK id="SECTIME48" fromID="E88" fromText="noted" toID="T2" toText="2010-07-01" type="BEFORE" />
<TLINK id="SECTIME49" fromID="E28" fromText="continued ecchymosis" toID="T2" toText="2010-07-01" type="BEFORE" />
<TLINK id="SECTIME50" fromID="E89" fromText="decreased" toID="T2" toText="2010-07-01" type="BEFORE" />
<TLINK id="SECTIME51" fromID="E29" fromText="prior examination" toID="T2" toText="2010-07-01" type="BEFORE" />
<TLINK id="SECTIME52" fromID="E112" fromText="stepoff" toID="T2" toText="2010-07-01" type="BEFORE" />
<TLINK id="SECTIME53" fromID="E113" fromText="tenderness" toID="T2" toText="2010-07-01" type="BEFORE" />
<TLINK id="SECTIME54" fromID="E32" fromText="palpation" toID="T2" toText="2010-07-01" type="BEFORE" />
<TLINK id="SECTIME55" fromID="E92" fromText="decreased" toID="T2" toText="2010-07-01" type="BEFORE" />
<TLINK id="SECTIME56" fromID="E33" fromText="prior examinations" toID="T2" toText="2010-07-01" type="BEFORE" />
<TLINK id="SECTIME57" fromID="E34" fromText="The left forearm dressing" toID="T2" toText="2010-07-01" type="BEFORE" />
<TLINK id="SECTIME58" fromID="E93" fromText="noted" toID="T2" toText="2010-07-01" type="BEFORE" />
<TLINK id="SECTIME59" fromID="E94" fromText="place , clean , dry , and intact" toID="T2" toText="2010-07-01" type="BEFORE" />
<TLINK id="SECTIME60" fromID="E51" fromText="report" toID="T1" toText="2010-06-28" type="BEFORE" />
<TLINK id="SECTIME61" fromID="E35" fromText="saturation" toID="T2" toText="2010-07-01" type="BEFORE" />
<TLINK id="SECTIME62" fromID="E95" fromText="noted" toID="T2" toText="2010-07-01" type="BEFORE" />
<TLINK id="SECTIME63" fromID="E45" fromText="Discharge" toID="T1" toText="2010-06-28" type="BEFORE" />
<TLINK id="SECTIME64" fromID="E96" fromText="wiggle her fingers" toID="T2" toText="2010-07-01" type="BEFORE" />
<TLINK id="SECTIME65" fromID="E97" fromText="intact flexor , extensor , abductor , and adductor function" toID="T2" toText="2010-07-01" type="BEFORE" />
<TLINK id="SECTIME66" fromID="E114" fromText="swelling" toID="T2" toText="2010-07-01" type="BEFORE" />
<TLINK id="SECTIME67" fromID="E99" fromText="noted" toID="T2" toText="2010-07-01" type="BEFORE" />
<TLINK id="SECTIME68" fromID="E100" fromText="Sensation" toID="T2" toText="2010-07-01" type="BEFORE" />
<TLINK id="SECTIME69" fromID="E101" fromText="intact" toID="T2" toText="2010-07-01" type="BEFORE" />
<TLINK id="SECTIME70" fromID="E52" fromText="ejected from the vehicle" toID="T1" toText="2010-06-28" type="BEFORE" />
<TLINK id="SECTIME71" fromID="E102" fromText="Fingers were warm and well perfused" toID="T2" toText="2010-07-01" type="BEFORE" />
<TLINK id="SECTIME72" fromID="E37" fromText="capillary refill" toID="T2" toText="2010-07-01" type="BEFORE" />
<TLINK id="SECTIME73" fromID="E38" fromText="The patient 's right anterior tibial wound" toID="T2" toText="2010-07-01" type="BEFORE" />
<TLINK id="SECTIME74" fromID="E103" fromText="noted" toID="T2" toText="2010-07-01" type="BEFORE" />
<TLINK id="SECTIME75" fromID="E104" fromText="clean , dry , and intact" toID="T2" toText="2010-07-01" type="BEFORE" />
<TLINK id="SECTIME76" fromID="E39" fromText="sutures" toID="T2" toText="2010-07-01" type="BEFORE" />
<TLINK id="SECTIME77" fromID="E105" fromText="erythema" toID="T2" toText="2010-07-01" type="BEFORE" />
<TLINK id="SECTIME78" fromID="E106" fromText="purulence" toID="T2" toText="2010-07-01" type="BEFORE" />
<TLINK id="SECTIME79" fromID="E107" fromText="noted" toID="T2" toText="2010-07-01" type="BEFORE" />
<TLINK id="SECTIME80" fromID="E109" fromText="evaluated" toID="T2" toText="2010-07-01" type="BEFORE" />
<TLINK id="SECTIME81" fromID="E108" fromText="Occupational Therapy" toID="T2" toText="2010-07-01" type="BEFORE" />
<TLINK id="SECTIME82" fromID="E40" fromText="a left upper extremity splint" toID="T2" toText="2010-07-01" type="BEFORE" />
<TLINK id="SECTIME83" fromID="E41" fromText="adaptive training" toID="T2" toText="2010-07-01" type="OVERLAP" />
<TLINK id="SECTIME84" fromID="E54" fromText="found" toID="T1" toText="2010-06-28" type="BEFORE" />
<TLINK id="SECTIME85" fromID="E42" fromText="activities of daily life" toID="T2" toText="2010-07-01" type="BEFORE" />
<TLINK id="SECTIME86" fromID="E53" fromText="curled in the fetal position" toID="T1" toText="2010-06-28" type="BEFORE" />
<TLINK id="SECTIME87" fromID="E110" fromText="wound care" toID="T2" toText="2010-07-01" type="OVERLAP" />
<TLINK id="SECTIME88" fromID="E43" fromText="a figure-of-eight clavicular splint" toID="T2" toText="2010-07-01" type="BEFORE" />
<TLINK id="SECTIME89" fromID="E48" fromText="discharged" toID="T2" toText="2010-07-01" type="OVERLAP" />
<TLINK id="SECTIME90" fromID="E111" fromText="follow up care" toID="T2" toText="2010-07-01" type="AFTER" />
<TLINK id="SECTIME91" fromID="E55" fromText="report" toID="T1" toText="2010-06-28" type="BEFORE" />
<TLINK id="SECTIME92" fromID="E56" fromText="noted" toID="T1" toText="2010-06-28" type="BEFORE" />
<TLINK id="SECTIME93" fromID="E57" fromText="awake" toID="T1" toText="2010-06-28" type="BEFORE" />
<TLINK id="SECTIME94" fromID="E1" fromText="confused" toID="T1" toText="2010-06-28" type="BEFORE" />
<TLINK id="SECTIME95" fromID="E58" fromText="memory of the incident" toID="T1" toText="2010-06-28" type="BEFORE" />
<TLINK id="SECTIME96" fromID="E59" fromText="immobilized" toID="T1" toText="2010-06-28" type="OVERLAP" />
<TLINK id="SECTIME97" fromID="E2" fromText="the C-spine collar" toID="T1" toText="2010-06-28" type="OVERLAP" />
<TLINK id="SECTIME98" fromID="E49" fromText="transported" toID="T1" toText="2010-06-28" type="OVERLAP" />
<TLINK id="SECTIME99" fromID="E60" fromText="EMS" toID="T1" toText="2010-06-28" type="OVERLAP" />
<TLINK id="SECTIME100" fromID="E61" fromText="the New England Sinai Hospital & Rehab Center Emergency Department" toID="T1" toText="2010-06-28" type="OVERLAP" />
<TLINK id="SECTIME101" fromID="E3" fromText="further management" toID="T1" toText="2010-06-28" type="OVERLAP" />
<TLINK id="SECTIME102" fromID="E62" fromText="evaluated" toID="T2" toText="2010-07-01" type="OVERLAP" />
<TLINK id="SECTIME103" fromID="E63" fromText="the Trauma Service" toID="T2" toText="2010-07-01" type="OVERLAP" />
<TLINK id="SECTIME104" fromID="E65" fromText="the emergency room" toID="T2" toText="2010-07-01" type="OVERLAP" />
<TLINK id="SECTIME105" fromID="E4" fromText="crystalloid" toID="T2" toText="2010-07-01" type="BEFORE" />
<TLINK id="SECTIME106" fromID="E5" fromText="packed red blood cells" toID="T2" toText="2010-07-01" type="BEFORE" />
</TAGS>
</ClinicalNarrativeTemporalAnnotation>