<?xml version="1.0" encoding="UTF-8" ?>
<ClinicalNarrativeTemporalAnnotation>
<TEXT><![CDATA[
Admission Date :
2016-03-30
Discharge Date :
2016-04-03
Service :
CCU
HISTORY OF PRESENT ILLNESS :
This is a 64-year-old female with a history of hypertension , hypercholesterolemia , diabetes mellitus , and dilated cardiomyopathy ( with a transthoracic echocardiogram in 2016-01-13 showing an ejection fraction of 40% , posterior and inferior apical akinesis , and large left ventricular thrombus ).
The patient was admitted from 2016-01-21 to 2016-02-03 ; at which time she was ruled out for a myocardial infarction .
She had a cardiac catheterization which revealed 3-vessel disease with normal left main , mid left anterior descending artery 60% , diffuse 90% mid distal stenosis at the origin of the diagonal , serial 70% and 90% left circumflex lesions , and 90% first obtuse marginal , and mid right coronary artery 60% .
During initial evaluation for a coronary artery bypass graft , 80% to 90% of the right coronary artery stenosis was found ; for which she underwent a right internal carotid artery stent .
She was discharged on Coumadin for a goal INR of 2.5 to 3 .
She was then admitted again on 2016-03-30 for an elective coronary artery bypass graft .
At surgery , the descending aorta was noted to be calcified , and an intraoperative transesophageal echocardiogram revealed an irregular intra-aortic pedunculated lesion .
Given the elevated stroke risk of aortic cross-clamping in the setting of this finding , the plan for a bypass graft was aborted .
The patient was then transferred to the Coronary Care Unit Service for medical management in anticipation of possible percutaneous coronary intervention later in the admission .
HOSPITAL COURSE :
The patient is a 64-year-old female with 3-vessel disease who was admitted to the Coronary Care Unit Service for Western Mass . Hospital medical optimization and management following an aborted coronary artery bypass graft when a mobile aortic atheroma was noted .
The patient was continued on aspirin , Plavix , and statin .
Once the patient was titrated off dopamine , the beta blocker and ACE inhibitor were restarted .
With regard to the left ventricular thrombus , her goal INR remained 2.5 to 3 ; and the goal was to start heparin once the patient was stable from a thoracotomy and chest tube
standpoint .
The patient remained comfortable .
By 04-01 , on postoperative day two , the patient was doing well and the chest tube was discontinued .
The patient still had transcutaneous pacing wires in place .
Likewise , on 04-01 , the patient was weaned off surgery without difficulty .
Thus , the beta blocker and ACE inhibitor were started to be titrated up .
In addition , the patient was started on Wellbutrin for smoking cessation .
At this point , it was determined that the patient would not receive percutaneous coronary intervention on this admission and would likely be discharged to the floor for stabilization with followup .
The patient did well and was transferred to the floor on 04-02 .
After evaluation and a discussion with Dr. Gunter , it was determined that the patient no longer needed anticoagulation since there was no aortic thrombus but only an aortic plaque , and there was no anterior/apical akinesis noted .
At this point , the left ventricular thrombus ( for which she was initially started therapy for ) was no longer present .
The patient was noted to have a slight hematocrit drop and was transfused one unit of packed red blood cells for a goal hematocrit of greater than 30 .
By 04-03 , captopril and atenolol were started , and the patient 's leg bandage from the vein harvest was removed .
The patient continued to do well on the medical regimen and was without chest pain , shortness of breath , or any other symptoms .
]]></TEXT>
<TAGS>
<TLINK id="TL1" fromID="E0" fromText="Admission" toID="T0" toText="2016-03-30" type="OVERLAP" />
<TLINK id="TL2" fromID="E1" fromText="Discharge" toID="T1" toText="2016-04-03" type="OVERLAP" />
<TLINK id="TL3" fromID="E4" fromText="hypercholesterolemia" toID="E3" toText="hypertension" type="OVERLAP" />
<TLINK id="TL4" fromID="E5" fromText="diabetes mellitus" toID="E4" toText="hypercholesterolemia" type="OVERLAP" />
<TLINK id="TL5" fromID="E6" fromText="dilated cardiomyopathy" toID="E5" toText="diabetes mellitus" type="OVERLAP" />
<TLINK id="TL6" fromID="E6" fromText="dilated cardiomyopathy" toID="E7" toText="a transthoracic echocardiogram" type="OVERLAP" />
<TLINK id="TL7" fromID="E7" fromText="a transthoracic echocardiogram" toID="T2" toText="2016-01-13" type="OVERLAP" />
<TLINK id="TL8" fromID="E8" fromText="showing" toID="E7" toText="a transthoracic echocardiogram" type="OVERLAP" />
<TLINK id="TL9" fromID="E9" fromText="an ejection fraction" toID="E8" toText="showing" type="BEFORE" />
<TLINK id="TL10" fromID="E10" fromText="posterior and inferior apical akinesis" toID="E9" toText="an ejection fraction" type="OVERLAP" />
<TLINK id="TL11" fromID="E11" fromText="large left ventricular thrombus" toID="E10" toText="posterior and inferior apical akinesis" type="OVERLAP" />
<TLINK id="TL12" fromID="E11" fromText="large left ventricular thrombus" toID="E12" toText="admitted" type="OVERLAP" />
<TLINK id="TL13" fromID="E12" fromText="admitted" toID="T3" toText="2016-01-21" type="OVERLAP" />
<TLINK id="TL14" fromID="E12" fromText="admitted" toID="T4" toText="2016-02-03" type="OVERLAP" />
<TLINK id="TL15" fromID="T5" fromText="which time" toID="E12" toText="admitted" type="BEFORE" />
<TLINK id="TL16" fromID="E14" fromText="ruled" toID="E12" toText="admitted" type="OVERLAP" />
<TLINK id="TL17" fromID="E13" fromText="a myocardial infarction" toID="E14" toText="ruled" type="BEFORE" />
<TLINK id="TL18" fromID="E13" fromText="a myocardial infarction" toID="E15" toText="a cardiac catheterization" type="OVERLAP" />
<TLINK id="TL19" fromID="E16" fromText="which" toID="E15" toText="a cardiac catheterization" type="OVERLAP" />
<TLINK id="TL20" fromID="E17" fromText="revealed" toID="E15" toText="a cardiac catheterization" type="OVERLAP" />
<TLINK id="TL21" fromID="E18" fromText="3-vessel disease" toID="E17" toText="revealed" type="BEFORE" />
<TLINK id="TL22" fromID="E19" fromText="diffuse 90% mid distal stenosis" toID="E15" toText="a cardiac catheterization" type="BEFORE" />
<TLINK id="TL23" fromID="E20" fromText="90% left circumflex lesions" toID="E15" toText="a cardiac catheterization" type="BEFORE" />
<TLINK id="TL24" fromID="E21" fromText="initial evaluation" toID="E15" toText="a cardiac catheterization" type="OVERLAP" />
<TLINK id="TL25" fromID="E21" fromText="initial evaluation" toID="E22" toText="a coronary artery bypass graft" type="OVERLAP" />
<TLINK id="TL26" fromID="E23" fromText="the right coronary artery stenosis" toID="E22" toText="a coronary artery bypass graft" type="BEFORE" />
<TLINK id="TL27" fromID="E23" fromText="the right coronary artery stenosis" toID="E24" toText="found" type="OVERLAP" />
<TLINK id="TL28" fromID="E25" fromText="which" toID="E24" toText="found" type="BEFORE" />
<TLINK id="TL29" fromID="E26" fromText="a right internal carotid artery stent" toID="E22" toText="a coronary artery bypass graft" type="OVERLAP" />
<TLINK id="TL30" fromID="E26" fromText="a right internal carotid artery stent" toID="E27" toText="discharged" type="OVERLAP" />
<TLINK id="TL31" fromID="E28" fromText="Coumadin" toID="E27" toText="discharged" type="BEFORE" />
<TLINK id="TL32" fromID="E29" fromText="a goal INR" toID="E27" toText="discharged" type="BEFORE" />
<TLINK id="TL33" fromID="E29" fromText="a goal INR" toID="E30" toText="admitted" type="OVERLAP" />
<TLINK id="TL34" fromID="E30" fromText="admitted" toID="T6" toText="2016-03-30" type="OVERLAP" />
<TLINK id="TL35" fromID="E31" fromText="an elective coronary artery bypass graft" toID="E30" toText="admitted" type="AFTER" />
<TLINK id="TL36" fromID="E31" fromText="an elective coronary artery bypass graft" toID="E32" toText="surgery" type="OVERLAP" />
<TLINK id="TL37" fromID="E32" fromText="surgery" toID="E33" toText="noted" type="OVERLAP" />
<TLINK id="TL38" fromID="E34" fromText="calcified" toID="E33" toText="noted" type="BEFORE" />
<TLINK id="TL39" fromID="E35" fromText="an intraoperative transesophageal echocardiogram" toID="E33" toText="noted" type="OVERLAP" />
<TLINK id="TL40" fromID="E36" fromText="revealed" toID="E35" toText="an intraoperative transesophageal echocardiogram" type="OVERLAP" />
<TLINK id="TL41" fromID="E37" fromText="an irregular intra-aortic pedunculated lesion" toID="E36" toText="revealed" type="BEFORE" />
<TLINK id="TL42" fromID="E38" fromText="the elevated stroke risk" toID="E37" toText="an irregular intra-aortic pedunculated lesion" type="OVERLAP" />
<TLINK id="TL43" fromID="E38" fromText="the elevated stroke risk" toID="E39" toText="aortic cross-clamping" type="BEFORE" />
<TLINK id="TL44" fromID="E40" fromText="this finding" toID="E39" toText="aortic cross-clamping" type="OVERLAP" />
<TLINK id="TL45" fromID="E40" fromText="this finding" toID="E41" toText="a bypass graft" type="BEFORE" />
<TLINK id="TL46" fromID="E41" fromText="a bypass graft" toID="E42" toText="transferred" type="OVERLAP" />
<TLINK id="TL47" fromID="E42" fromText="transferred" toID="E43" toText="the Coronary Care Unit Service" type="OVERLAP" />
<TLINK id="TL48" fromID="E44" fromText="medical management" toID="E43" toText="the Coronary Care Unit Service" type="OVERLAP" />
<TLINK id="TL49" fromID="E44" fromText="medical management" toID="E45" toText="percutaneous coronary intervention" type="OVERLAP" />
<TLINK id="TL50" fromID="E45" fromText="percutaneous coronary intervention" toID="E46" toText="the admission" type="OVERLAP" />
<TLINK id="TL51" fromID="E47" fromText="3-vessel disease" toID="E48" toText="admitted" type="OVERLAP" />
<TLINK id="TL52" fromID="E49" fromText="the Coronary Care Unit Service for Western Mass . Hospital" toID="E48" toText="admitted" type="OVERLAP" />
<TLINK id="TL53" fromID="E50" fromText="an aborted coronary artery bypass graft" toID="E49" toText="the Coronary Care Unit Service for Western Mass . Hospital" type="OVERLAP" />
<TLINK id="TL54" fromID="E51" fromText="a mobile aortic atheroma" toID="E50" toText="an aborted coronary artery bypass graft" type="OVERLAP" />
<TLINK id="TL55" fromID="E52" fromText="aspirin" toID="E50" toText="an aborted coronary artery bypass graft" type="OVERLAP" />
<TLINK id="TL56" fromID="E52" fromText="aspirin" toID="E53" toText="Plavix" type="OVERLAP" />
<TLINK id="TL57" fromID="E54" fromText="statin" toID="E53" toText="Plavix" type="OVERLAP" />
<TLINK id="TL58" fromID="E54" fromText="statin" toID="E55" toText="dopamine" type="OVERLAP" />
<TLINK id="TL59" fromID="E56" fromText="the beta blocker" toID="E55" toText="dopamine" type="OVERLAP" />
<TLINK id="TL60" fromID="E56" fromText="the beta blocker" toID="E57" toText="ACE inhibitor" type="OVERLAP" />
<TLINK id="TL61" fromID="E58" fromText="the left ventricular thrombus" toID="E57" toText="ACE inhibitor" type="OVERLAP" />
<TLINK id="TL62" fromID="E58" fromText="the left ventricular thrombus" toID="E59" toText="her goal INR" type="OVERLAP" />
<TLINK id="TL63" fromID="E59" fromText="her goal INR" toID="E60" toText="heparin" type="OVERLAP" />
<TLINK id="TL64" fromID="E60" fromText="heparin" toID="E61" toText="stable" type="OVERLAP" />
<TLINK id="TL65" fromID="E61" fromText="stable" toID="E62" toText="a thoracotomy" type="OVERLAP" />
<TLINK id="TL66" fromID="E63" fromText="chest tube" toID="E62" toText="a thoracotomy" type="OVERLAP" />
<TLINK id="TL67" fromID="E64" fromText="comfortable" toID="T7" toText="04-01" type="OVERLAP" />
<TLINK id="TL68" fromID="T7" fromText="04-01" toID="T8" toText="postoperative day two" type="OVERLAP" />
<TLINK id="TL69" fromID="E65" fromText="doing well" toID="T7" toText="04-01" type="BEFORE" />
<TLINK id="TL70" fromID="E65" fromText="doing well" toID="E66" toText="the chest tube" type="OVERLAP" />
<TLINK id="TL71" fromID="E67" fromText="transcutaneous pacing wires" toID="E66" toText="the chest tube" type="OVERLAP" />
<TLINK id="TL72" fromID="E67" fromText="transcutaneous pacing wires" toID="T9" toText="04-01" type="OVERLAP" />
<TLINK id="TL73" fromID="T9" fromText="04-01" toID="E68" toText="surgery" type="OVERLAP" />
<TLINK id="TL74" fromID="E69" fromText="difficulty" toID="E68" toText="surgery" type="OVERLAP" />
<TLINK id="TL75" fromID="E70" fromText="the beta blocker" toID="E68" toText="surgery" type="OVERLAP" />
<TLINK id="TL76" fromID="E70" fromText="the beta blocker" toID="E71" toText="ACE inhibitor" type="OVERLAP" />
<TLINK id="TL77" fromID="E72" fromText="Wellbutrin" toID="E71" toText="ACE inhibitor" type="OVERLAP" />
<TLINK id="TL78" fromID="E72" fromText="Wellbutrin" toID="E73" toText="smoking cessation" type="OVERLAP" />
<TLINK id="TL79" fromID="E74" fromText="percutaneous coronary intervention" toID="E73" toText="smoking cessation" type="OVERLAP" />
<TLINK id="TL80" fromID="E74" fromText="percutaneous coronary intervention" toID="E75" toText="this admission" type="OVERLAP" />
<TLINK id="TL81" fromID="E76" fromText="discharged" toID="E75" toText="this admission" type="OVERLAP" />
<TLINK id="TL82" fromID="E76" fromText="discharged" toID="E77" toText="the floor" type="OVERLAP" />
<TLINK id="TL83" fromID="E78" fromText="stabilization" toID="E77" toText="the floor" type="OVERLAP" />
<TLINK id="TL84" fromID="E79" fromText="followup" toID="E76" toText="discharged" type="OVERLAP" />
<TLINK id="TL85" fromID="E80" fromText="did well" toID="E79" toText="followup" type="OVERLAP" />
<TLINK id="TL86" fromID="E80" fromText="did well" toID="E81" toText="transferred" type="OVERLAP" />
<TLINK id="TL87" fromID="E81" fromText="transferred" toID="E82" toText="the floor" type="AFTER" />
<TLINK id="TL88" fromID="E80" fromText="did well" toID="T10" toText="04-02" type="OVERLAP" />
<TLINK id="TL89" fromID="E83" fromText="evaluation" toID="E82" toText="the floor" type="OVERLAP" />
<TLINK id="TL90" fromID="E84" fromText="anticoagulation" toID="E83" toText="evaluation" type="BEFORE" />
<TLINK id="TL91" fromID="E85" fromText="aortic thrombus" toID="E84" toText="anticoagulation" type="OVERLAP" />
<TLINK id="TL92" fromID="E86" fromText="an aortic plaque" toID="E85" toText="aortic thrombus" type="OVERLAP" />
<TLINK id="TL93" fromID="E87" fromText="anterior/apical akinesis noted" toID="E86" toText="an aortic plaque" type="OVERLAP" />
<TLINK id="TL94" fromID="E88" fromText="the left ventricular thrombus" toID="E87" toText="anterior/apical akinesis noted" type="OVERLAP" />
<TLINK id="TL95" fromID="E88" fromText="the left ventricular thrombus" toID="E89" toText="which" type="OVERLAP" />
<TLINK id="TL96" fromID="E88" fromText="the left ventricular thrombus" toID="E90" toText="therapy" type="BEFORE" />
<TLINK id="TL97" fromID="E90" fromText="therapy" toID="E91" toText="present" type="OVERLAP" />
<TLINK id="TL98" fromID="E92" fromText="a slight hematocrit drop" toID="E91" toText="present" type="OVERLAP" />
<TLINK id="TL99" fromID="E92" fromText="a slight hematocrit drop" toID="E93" toText="transfused one unit of packed red blood cells" type="BEFORE" />
<TLINK id="TL100" fromID="E94" fromText="a goal hematocrit" toID="E93" toText="transfused one unit of packed red blood cells" type="OVERLAP" />
<TLINK id="TL101" fromID="E94" fromText="a goal hematocrit" toID="T11" toText="04-03" type="OVERLAP" />
<TLINK id="TL102" fromID="E95" fromText="captopril" toID="T11" toText="04-03" type="OVERLAP" />
<TLINK id="TL103" fromID="E96" fromText="atenolol" toID="E95" toText="captopril" type="OVERLAP" />
<TLINK id="TL104" fromID="E96" fromText="atenolol" toID="E97" toText="the patient 's leg bandage" type="OVERLAP" />
<TLINK id="TL105" fromID="E98" fromText="the vein harvest" toID="E97" toText="the patient 's leg bandage" type="OVERLAP" />
<TLINK id="TL106" fromID="E99" fromText="do well" toID="T11" toText="04-03" type="_NONE_" />
<TLINK id="TL107" fromID="E99" fromText="do well" toID="E100" toText="the medical regimen" type="OVERLAP" />
<TLINK id="TL108" fromID="E101" fromText="chest pain" toID="E100" toText="the medical regimen" type="OVERLAP" />
<TLINK id="TL109" fromID="E102" fromText="shortness of breath" toID="E101" toText="chest pain" type="OVERLAP" />
<TLINK id="TL110" fromID="E103" fromText="any other symptoms" toID="E102" toText="shortness of breath" type="OVERLAP" />
<TLINK id="SECTIME0" fromID="E0" fromText="Admission" toID="T0" toText="2016-03-30" type="BEFORE" />
<TLINK id="SECTIME1" fromID="E27" fromText="discharged" toID="T0" toText="2016-03-30" type="OVERLAP" />
<TLINK id="SECTIME2" fromID="E28" fromText="Coumadin" toID="T0" toText="2016-03-30" type="BEFORE" />
<TLINK id="SECTIME3" fromID="E29" fromText="a goal INR" toID="T0" toText="2016-03-30" type="AFTER" />
<TLINK id="SECTIME4" fromID="E30" fromText="admitted" toID="T0" toText="2016-03-30" type="OVERLAP" />
<TLINK id="SECTIME5" fromID="E31" fromText="an elective coronary artery bypass graft" toID="T0" toText="2016-03-30" type="AFTER" />
<TLINK id="SECTIME6" fromID="E32" fromText="surgery" toID="T0" toText="2016-03-30" type="BEFORE" />
<TLINK id="SECTIME7" fromID="E33" fromText="noted" toID="T0" toText="2016-03-30" type="BEFORE" />
<TLINK id="SECTIME8" fromID="E34" fromText="calcified" toID="T0" toText="2016-03-30" type="BEFORE" />
<TLINK id="SECTIME9" fromID="E35" fromText="an intraoperative transesophageal echocardiogram" toID="T0" toText="2016-03-30" type="BEFORE" />
<TLINK id="SECTIME10" fromID="E36" fromText="revealed" toID="T0" toText="2016-03-30" type="BEFORE" />
<TLINK id="SECTIME11" fromID="E37" fromText="an irregular intra-aortic pedunculated lesion" toID="T0" toText="2016-03-30" type="BEFORE" />
<TLINK id="SECTIME12" fromID="E38" fromText="the elevated stroke risk" toID="T0" toText="2016-03-30" type="BEFORE" />
<TLINK id="SECTIME13" fromID="E39" fromText="aortic cross-clamping" toID="T0" toText="2016-03-30" type="BEFORE" />
<TLINK id="SECTIME14" fromID="E40" fromText="this finding" toID="T0" toText="2016-03-30" type="BEFORE" />
<TLINK id="SECTIME15" fromID="E41" fromText="a bypass graft" toID="T0" toText="2016-03-30" type="BEFORE" />
<TLINK id="SECTIME16" fromID="E3" fromText="hypertension" toID="T0" toText="2016-03-30" type="BEFORE" />
<TLINK id="SECTIME17" fromID="E42" fromText="transferred" toID="T0" toText="2016-03-30" type="BEFORE" />
<TLINK id="SECTIME18" fromID="E43" fromText="the Coronary Care Unit Service" toID="T0" toText="2016-03-30" type="AFTER" />
<TLINK id="SECTIME19" fromID="E44" fromText="medical management" toID="T0" toText="2016-03-30" type="AFTER" />
<TLINK id="SECTIME20" fromID="E45" fromText="percutaneous coronary intervention" toID="T0" toText="2016-03-30" type="BEFORE" />
<TLINK id="SECTIME21" fromID="E4" fromText="hypercholesterolemia" toID="T0" toText="2016-03-30" type="BEFORE" />
<TLINK id="SECTIME22" fromID="E46" fromText="the admission" toID="T0" toText="2016-03-30" type="BEFORE" />
<TLINK id="SECTIME23" fromID="E47" fromText="3-vessel disease" toID="T1" toText="2016-04-03" type="BEFORE" />
<TLINK id="SECTIME24" fromID="E48" fromText="admitted" toID="T1" toText="2016-04-03" type="BEFORE" />
<TLINK id="SECTIME25" fromID="E49" fromText="the Coronary Care Unit Service for Western Mass . Hospital" toID="T1" toText="2016-04-03" type="BEFORE" />
<TLINK id="SECTIME26" fromID="E50" fromText="an aborted coronary artery bypass graft" toID="T1" toText="2016-04-03" type="BEFORE" />
<TLINK id="SECTIME27" fromID="E5" fromText="diabetes mellitus" toID="T0" toText="2016-03-30" type="BEFORE" />
<TLINK id="SECTIME28" fromID="E51" fromText="a mobile aortic atheroma" toID="T1" toText="2016-04-03" type="BEFORE" />
<TLINK id="SECTIME29" fromID="E52" fromText="aspirin" toID="T1" toText="2016-04-03" type="BEFORE" />
<TLINK id="SECTIME30" fromID="E53" fromText="Plavix" toID="T1" toText="2016-04-03" type="BEFORE" />
<TLINK id="SECTIME31" fromID="E54" fromText="statin" toID="T1" toText="2016-04-03" type="BEFORE" />
<TLINK id="SECTIME32" fromID="E55" fromText="dopamine" toID="T1" toText="2016-04-03" type="BEFORE" />
<TLINK id="SECTIME33" fromID="E56" fromText="the beta blocker" toID="T1" toText="2016-04-03" type="BEFORE" />
<TLINK id="SECTIME34" fromID="E57" fromText="ACE inhibitor" toID="T1" toText="2016-04-03" type="BEFORE" />
<TLINK id="SECTIME35" fromID="E6" fromText="dilated cardiomyopathy" toID="T0" toText="2016-03-30" type="BEFORE" />
<TLINK id="SECTIME36" fromID="E58" fromText="the left ventricular thrombus" toID="T1" toText="2016-04-03" type="BEFORE" />
<TLINK id="SECTIME37" fromID="E59" fromText="her goal INR" toID="T1" toText="2016-04-03" type="OVERLAP" />
<TLINK id="SECTIME38" fromID="E60" fromText="heparin" toID="T1" toText="2016-04-03" type="BEFORE" />
<TLINK id="SECTIME39" fromID="E61" fromText="stable" toID="T1" toText="2016-04-03" type="BEFORE" />
<TLINK id="SECTIME40" fromID="E62" fromText="a thoracotomy" toID="T1" toText="2016-04-03" type="BEFORE" />
<TLINK id="SECTIME41" fromID="E63" fromText="chest tube" toID="T1" toText="2016-04-03" type="BEFORE" />
<TLINK id="SECTIME42" fromID="E64" fromText="comfortable" toID="T1" toText="2016-04-03" type="BEFORE" />
<TLINK id="SECTIME43" fromID="E65" fromText="doing well" toID="T1" toText="2016-04-03" type="BEFORE" />
<TLINK id="SECTIME44" fromID="E66" fromText="the chest tube" toID="T1" toText="2016-04-03" type="BEFORE" />
<TLINK id="SECTIME45" fromID="E7" fromText="a transthoracic echocardiogram" toID="T0" toText="2016-03-30" type="BEFORE" />
<TLINK id="SECTIME46" fromID="E67" fromText="transcutaneous pacing wires" toID="T1" toText="2016-04-03" type="BEFORE" />
<TLINK id="SECTIME47" fromID="E68" fromText="surgery" toID="T1" toText="2016-04-03" type="BEFORE" />
<TLINK id="SECTIME48" fromID="E69" fromText="difficulty" toID="T1" toText="2016-04-03" type="BEFORE" />
<TLINK id="SECTIME49" fromID="E70" fromText="the beta blocker" toID="T1" toText="2016-04-03" type="BEFORE" />
<TLINK id="SECTIME50" fromID="E71" fromText="ACE inhibitor" toID="T1" toText="2016-04-03" type="BEFORE" />
<TLINK id="SECTIME51" fromID="E72" fromText="Wellbutrin" toID="T1" toText="2016-04-03" type="BEFORE" />
<TLINK id="SECTIME52" fromID="E73" fromText="smoking cessation" toID="T1" toText="2016-04-03" type="BEFORE" />
<TLINK id="SECTIME53" fromID="E74" fromText="percutaneous coronary intervention" toID="T1" toText="2016-04-03" type="BEFORE" />
<TLINK id="SECTIME54" fromID="E75" fromText="this admission" toID="T1" toText="2016-04-03" type="BEFORE" />
<TLINK id="SECTIME55" fromID="E76" fromText="discharged" toID="T1" toText="2016-04-03" type="BEFORE" />
<TLINK id="SECTIME56" fromID="E8" fromText="showing" toID="T0" toText="2016-03-30" type="BEFORE" />
<TLINK id="SECTIME57" fromID="E77" fromText="the floor" toID="T1" toText="2016-04-03" type="BEFORE" />
<TLINK id="SECTIME58" fromID="E78" fromText="stabilization" toID="T1" toText="2016-04-03" type="BEFORE" />
<TLINK id="SECTIME59" fromID="E79" fromText="followup" toID="T1" toText="2016-04-03" type="BEFORE" />
<TLINK id="SECTIME60" fromID="E80" fromText="did well" toID="T1" toText="2016-04-03" type="BEFORE" />
<TLINK id="SECTIME61" fromID="E81" fromText="transferred" toID="T1" toText="2016-04-03" type="BEFORE" />
<TLINK id="SECTIME62" fromID="E9" fromText="an ejection fraction" toID="T0" toText="2016-03-30" type="BEFORE" />
<TLINK id="SECTIME63" fromID="E82" fromText="the floor" toID="T1" toText="2016-04-03" type="BEFORE" />
<TLINK id="SECTIME64" fromID="E83" fromText="evaluation" toID="T1" toText="2016-04-03" type="BEFORE" />
<TLINK id="SECTIME65" fromID="E1" fromText="Discharge" toID="T0" toText="2016-03-30" type="BEFORE" />
<TLINK id="SECTIME66" fromID="E84" fromText="anticoagulation" toID="T1" toText="2016-04-03" type="BEFORE" />
<TLINK id="SECTIME67" fromID="E85" fromText="aortic thrombus" toID="T1" toText="2016-04-03" type="BEFORE" />
<TLINK id="SECTIME68" fromID="E86" fromText="an aortic plaque" toID="T1" toText="2016-04-03" type="BEFORE" />
<TLINK id="SECTIME69" fromID="E87" fromText="anterior/apical akinesis noted" toID="T1" toText="2016-04-03" type="BEFORE" />
<TLINK id="SECTIME70" fromID="E88" fromText="the left ventricular thrombus" toID="T1" toText="2016-04-03" type="BEFORE" />
<TLINK id="SECTIME71" fromID="E10" fromText="posterior and inferior apical akinesis" toID="T0" toText="2016-03-30" type="BEFORE" />
<TLINK id="SECTIME72" fromID="E89" fromText="which" toID="T1" toText="2016-04-03" type="OVERLAP" />
<TLINK id="SECTIME73" fromID="E90" fromText="therapy" toID="T1" toText="2016-04-03" type="BEFORE" />
<TLINK id="SECTIME74" fromID="E91" fromText="present" toID="T1" toText="2016-04-03" type="OVERLAP" />
<TLINK id="SECTIME75" fromID="E92" fromText="a slight hematocrit drop" toID="T1" toText="2016-04-03" type="BEFORE" />
<TLINK id="SECTIME76" fromID="E93" fromText="transfused one unit of packed red blood cells" toID="T1" toText="2016-04-03" type="BEFORE" />
<TLINK id="SECTIME77" fromID="E94" fromText="a goal hematocrit" toID="T1" toText="2016-04-03" type="BEFORE" />
<TLINK id="SECTIME78" fromID="E95" fromText="captopril" toID="T1" toText="2016-04-03" type="BEFORE" />
<TLINK id="SECTIME79" fromID="E96" fromText="atenolol" toID="T1" toText="2016-04-03" type="BEFORE" />
<TLINK id="SECTIME80" fromID="E97" fromText="the patient 's leg bandage" toID="T1" toText="2016-04-03" type="BEFORE" />
<TLINK id="SECTIME81" fromID="E98" fromText="the vein harvest" toID="T1" toText="2016-04-03" type="BEFORE" />
<TLINK id="SECTIME82" fromID="E99" fromText="do well" toID="T1" toText="2016-04-03" type="BEFORE" />
<TLINK id="SECTIME83" fromID="E100" fromText="the medical regimen" toID="T1" toText="2016-04-03" type="BEFORE" />
<TLINK id="SECTIME84" fromID="E101" fromText="chest pain" toID="T1" toText="2016-04-03" type="BEFORE" />
<TLINK id="SECTIME85" fromID="E11" fromText="large left ventricular thrombus" toID="T0" toText="2016-03-30" type="BEFORE" />
<TLINK id="SECTIME86" fromID="E102" fromText="shortness of breath" toID="T1" toText="2016-04-03" type="BEFORE" />
<TLINK id="SECTIME87" fromID="E103" fromText="any other symptoms" toID="T1" toText="2016-04-03" type="BEFORE" />
<TLINK id="SECTIME88" fromID="E12" fromText="admitted" toID="T0" toText="2016-03-30" type="OVERLAP" />
<TLINK id="SECTIME89" fromID="E14" fromText="ruled" toID="T0" toText="2016-03-30" type="OVERLAP" />
<TLINK id="SECTIME90" fromID="E13" fromText="a myocardial infarction" toID="T0" toText="2016-03-30" type="BEFORE" />
<TLINK id="SECTIME91" fromID="E15" fromText="a cardiac catheterization" toID="T0" toText="2016-03-30" type="BEFORE" />
<TLINK id="SECTIME92" fromID="E16" fromText="which" toID="T0" toText="2016-03-30" type="BEFORE" />
<TLINK id="SECTIME93" fromID="E17" fromText="revealed" toID="T0" toText="2016-03-30" type="BEFORE" />
<TLINK id="SECTIME94" fromID="E18" fromText="3-vessel disease" toID="T0" toText="2016-03-30" type="BEFORE" />
<TLINK id="SECTIME95" fromID="E19" fromText="diffuse 90% mid distal stenosis" toID="T0" toText="2016-03-30" type="BEFORE" />
<TLINK id="SECTIME96" fromID="E2" fromText="CCU" toID="T0" toText="2016-03-30" type="AFTER" />
<TLINK id="SECTIME97" fromID="E20" fromText="90% left circumflex lesions" toID="T0" toText="2016-03-30" type="BEFORE" />
<TLINK id="SECTIME98" fromID="E21" fromText="initial evaluation" toID="T0" toText="2016-03-30" type="OVERLAP" />
<TLINK id="SECTIME99" fromID="E22" fromText="a coronary artery bypass graft" toID="T0" toText="2016-03-30" type="BEFORE" />
<TLINK id="SECTIME100" fromID="E23" fromText="the right coronary artery stenosis" toID="T0" toText="2016-03-30" type="BEFORE" />
<TLINK id="SECTIME101" fromID="E24" fromText="found" toID="T0" toText="2016-03-30" type="BEFORE" />
<TLINK id="SECTIME102" fromID="E25" fromText="which" toID="T0" toText="2016-03-30" type="BEFORE" />
<TLINK id="SECTIME103" fromID="E26" fromText="a right internal carotid artery stent" toID="T0" toText="2016-03-30" type="BEFORE" />
</TAGS>
</ClinicalNarrativeTemporalAnnotation>