<?xml version="1.0" encoding="UTF-8" ?>
<ClinicalNarrativeTemporalAnnotation>
<TEXT><![CDATA[
ADMISSION DATE :
20041031
DISCHARGE DATE :
20041103
ASSOCIATED PROCEDURES OR OPERATIONS :
POSTPARTUM DIAGNOSTIC PROCEDURES :
None
POSTPARTUM THERAPEUTIC PROCEDURES :
None
OTHER POSTPARTUM THERAPIES :
Routine Post Partum Care
HISTORY AND REASON FOR HOSPITALIZATION :
Premature Rupture Of Membranes
HOSPITAL COURSE ( include complications if any ) :
This 27 year old Gravida 1 Para 0000 was admitted to the Life Valley Medical Center Obstetrical service on 10/31/2004 at 08:45 pm for the indication ( s ) :
premature rupture of membranes .
She delivered a 3235 gram male infant on 11/01/2004 at 09:31 am with apgar scores of 9 and 9 at one and five minutes respectively at 39.0 weeks gestation via spontaneous vertex vaginal delivery .
During her labor she encountered the following complication ( s ) :
none .
During her delivery she encountered the following complication ( s ) :
none .
Postpartum she encountered the following complication ( s ) :
none .
She was discharged on 11/03/2004 at 11:18 am in good condition .
]]></TEXT>
<TAGS>
<TLINK id="TL1" fromID="E0" fromText="ADMISSION" toID="T0" toText="20041031" type="OVERLAP" />
<TLINK id="TL2" fromID="E1" fromText="DISCHARGE" toID="T1" toText="20041103" type="OVERLAP" />
<TLINK id="TL3" fromID="E4" fromText="admitted" toID="E5" toText="the Life Valley Medical Center Obstetrical service" type="OVERLAP" />
<TLINK id="TL4" fromID="E5" fromText="the Life Valley Medical Center Obstetrical service" toID="T2" toText="10/31/2004 at 08:45 pm" type="OVERLAP" />
<TLINK id="TL5" fromID="E6" fromText="premature rupture of membranes" toID="T2" toText="10/31/2004 at 08:45 pm" type="OVERLAP" />
<TLINK id="TL6" fromID="E6" fromText="premature rupture of membranes" toID="E7" toText="delivered" type="OVERLAP" />
<TLINK id="TL7" fromID="E7" fromText="delivered" toID="T3" toText="11/01/2004 at 09:31 am" type="OVERLAP" />
<TLINK id="TL8" fromID="E8" fromText="apgar scores" toID="T3" toText="11/01/2004 at 09:31 am" type="OVERLAP" />
<TLINK id="TL9" fromID="E8" fromText="apgar scores" toID="T4" toText="one" type="OVERLAP" />
<TLINK id="TL10" fromID="T5" fromText="five minutes" toID="T4" toText="one" type="OVERLAP" />
<TLINK id="TL11" fromID="T6" fromText="39.0 weeks" toID="T4" toText="one" type="BEFORE" />
<TLINK id="TL12" fromID="E9" fromText="gestation" toID="T6" toText="39.0 weeks" type="OVERLAP" />
<TLINK id="TL13" fromID="E10" fromText="spontaneous vertex vaginal delivery" toID="T6" toText="39.0 weeks" type="OVERLAP" />
<TLINK id="TL14" fromID="E11" fromText="her labor" toID="T5" toText="five minutes" type="AFTER" />
<TLINK id="TL15" fromID="E12" fromText="the following complication ( s )" toID="E11" toText="her labor" type="OVERLAP" />
<TLINK id="TL16" fromID="E14" fromText="the following complication ( s )" toID="E13" toText="her delivery" type="OVERLAP" />
<TLINK id="TL17" fromID="E16" fromText="the following complication ( s )" toID="E15" toText="Postpartum" type="OVERLAP" />
<TLINK id="TL18" fromID="E17" fromText="discharged" toID="T7" toText="11/03/2004 at 11:18 am" type="OVERLAP" />
<TLINK id="TL19" fromID="E18" fromText="good condition" toID="E17" toText="discharged" type="OVERLAP" />
<TLINK id="SECTIME0" fromID="E0" fromText="ADMISSION" toID="T0" toText="20041031" type="BEFORE" />
<TLINK id="SECTIME1" fromID="E18" fromText="good condition" toID="T1" toText="20041103" type="BEFORE" />
<TLINK id="SECTIME2" fromID="E2" fromText="Routine Post Partum Care" toID="T0" toText="20041031" type="BEFORE" />
<TLINK id="SECTIME3" fromID="E3" fromText="Premature Rupture Of Membranes" toID="T0" toText="20041031" type="BEFORE" />
<TLINK id="SECTIME4" fromID="E1" fromText="DISCHARGE" toID="T0" toText="20041031" type="BEFORE" />
<TLINK id="SECTIME5" fromID="E4" fromText="admitted" toID="T1" toText="20041103" type="OVERLAP" />
<TLINK id="SECTIME6" fromID="E5" fromText="the Life Valley Medical Center Obstetrical service" toID="T1" toText="20041103" type="OVERLAP" />
<TLINK id="SECTIME7" fromID="E6" fromText="premature rupture of membranes" toID="T1" toText="20041103" type="BEFORE" />
<TLINK id="SECTIME8" fromID="E7" fromText="delivered" toID="T1" toText="20041103" type="BEFORE" />
<TLINK id="SECTIME9" fromID="E8" fromText="apgar scores" toID="T1" toText="20041103" type="BEFORE" />
<TLINK id="SECTIME10" fromID="E9" fromText="gestation" toID="T1" toText="20041103" type="BEFORE" />
<TLINK id="SECTIME11" fromID="E10" fromText="spontaneous vertex vaginal delivery" toID="T1" toText="20041103" type="BEFORE" />
<TLINK id="SECTIME12" fromID="E11" fromText="her labor" toID="T1" toText="20041103" type="BEFORE" />
<TLINK id="SECTIME13" fromID="E12" fromText="the following complication ( s )" toID="T1" toText="20041103" type="BEFORE" />
<TLINK id="SECTIME14" fromID="E13" fromText="her delivery" toID="T1" toText="20041103" type="OVERLAP" />
<TLINK id="SECTIME15" fromID="E14" fromText="the following complication ( s )" toID="T1" toText="20041103" type="BEFORE" />
<TLINK id="SECTIME16" fromID="E15" fromText="Postpartum" toID="T1" toText="20041103" type="BEFORE" />
<TLINK id="SECTIME17" fromID="E16" fromText="the following complication ( s )" toID="T1" toText="20041103" type="BEFORE" />
<TLINK id="SECTIME18" fromID="E17" fromText="discharged" toID="T1" toText="20041103" type="OVERLAP" />
</TAGS>
</ClinicalNarrativeTemporalAnnotation>