<?xml version="1.0" encoding="UTF-8" ?>
<ClinicalNarrativeTemporalAnnotation>
<TEXT><![CDATA[
Admission Date :
2014-07-30
Discharge Date :
2014-08-04
Service :
MEDICINE
History of Present Illness :
This is an 83 y/o female with moderate AS , s/p MVR 27 years ago , s/p PPM , DM , CHF , p/w dsypnea and increased work of breathing x 4-5 days .
Per family , the patient has had worsening CHF/volume overload over the last several weeks , requiring supplemental O2 at rehab .
Over the last few days , she has been noted to be more short of breath and having sats to 60% on RA .
Her lasix was increased to 60 mg bid .
Beginning today , she was noted to be in hypoxic respiratory distress , 87-91% on 2L/NC .
She was increased to 5L , with her sats going up to 97% .
She was also noted to be more confused over the last few days and especially today .
She was given lasix and 2 mg IV morphine at New England Sinai Hospital & Rehab Center Rehab , and sent to Nantucket Cottage Hospital for further evaluation .
En route , she was given additional lasix of 60 mg IV and nitro spray x 2 .
In the Deanna , her VS were Tc 97.2 , BP 146/25 , HR 70 , RR 27 , SaO2 95%/NRB .
Foley was placed in Deanna .
She was given 40 mg IV lasix and 325 mg ASA .
She was placed on BiPAP for comfort at 30% FiO2 , 5 PEEP , 12 PS .
Admitted to the CMED CSRU for further management .
Per family , besides the dyspnea and SOB , the patient has had no other symptoms , including f/c/s , CP , palpitations , abd pain , n/v/diarrhea .
She has had decreased appetite over the last few days in the context of increasing confusion .
Brief Hospital Course :
A/P - 83yo F with valvular disorder , AF , and h/o CAD a/w hypercarbic respiratory failure .
# Respiratory failure - She was admitted to the CMED CSRU for her repiratory failure which was thought to be secondary to CHF .
Pt was diuresed with iv lasix / acetazolamide and given iv morphine / prn for respiratory distress and BIPAP was tried .
However , hypercarbia ( 04-11 metabolic alkalosis ) remained in the 90s .
Pt was mentating okay , having conversations with intermittent somnolence despite hypercarbia .
TTE showed preserved EF with moderate AS and moderate MS and mod pulm HTN .
Cardiology was consulted and thought MS Harold Holcomb to her pulm edema and pulm HTN .
Cardiology recommended d/cing digoxin and starting amiodarone .
Family declined valvuloplasty .
For possible COPD , pt was started on steroids and nebs on 08-03 .
Pt is currently satting 90s on 1 L NC while sitting in a chair but needs more O2 when supine .
Pt is a mouth breather and occasionally needs a face mask .
Pt will need I/Os monitored to goal even to slightly negative as she was diursed 4.8 L during her CMED stay .
Depending on her I/O , lasix and acetazolamide can be decreased or discontinued .
If she were to decompensate at the rehab , goals of care will need to be readdressed .
# h/o CAD - There were new changes on EKG but pt was ruled out with 3 sets of negative cardiac enzymes .
Pt was continued on BB , ASA , and nitrates .
# Acid / base status - Respiratory acidosis with metabolic compensation .
Appears to be chronic in nature given degree of metabolic compensation with acute component earlier today .
Pt failed BIPAP and pCO2 remained in the 90s but maintaining mentation .
# Renal insufficiency - baseline Cr unknown , may have CRI from DM .
Creatinine stayed stable from 1.3-1.5 .
Will need to renally dose all medications .
# A fib - continued BB .
Per cardiology consult recs , discontinued digoxin and started amiodarone .
Due to elevated INR , coumadin was held .
Pt is also paced .
Pt needs to be on amiodarone 400mg BID x 7 days ( loading dose ) and then 400mg daily for maintenance .
# DM - insulin standing + HISS , FS qid
# Depression - continued home regimen
# F/E/N - NPO initially while on BIPAP and now low sodium cardiac diet .
# PPx - supratherpeutic INR
# Access - PIV
# Code - DNR/DNI .
No pressors or central line per HCP .
If she were to decompensate at the rehab , goals of care will need to be readressed .
# Communication - Evelyn Matos ( niece ) 492 - 9977 , cell ( 921 ) 815 - 7040
]]></TEXT>
<TAGS>
<TLINK id="TL1" fromID="E0" fromText="Admission" toID="T1" toText="2014-07-30" type="OVERLAP" />
<TLINK id="TL2" fromID="E97" fromText="Discharge" toID="T1" toText="2014-07-30" type="OVERLAP" />
<TLINK id="TL3" fromID="E97" fromText="Discharge" toID="T2" toText="2014-08-04" type="OVERLAP" />
<TLINK id="TL4" fromID="E98" fromText="moderate AS" toID="E1" toText="MVR" type="OVERLAP" />
<TLINK id="TL5" fromID="E1" fromText="MVR" toID="T0" toText="27 years" type="OVERLAP" />
<TLINK id="TL6" fromID="E99" fromText="PPM" toID="T0" toText="27 years" type="OVERLAP" />
<TLINK id="TL7" fromID="E100" fromText="DM" toID="E99" toText="PPM" type="OVERLAP" />
<TLINK id="TL8" fromID="E101" fromText="CHF" toID="E99" toText="PPM" type="OVERLAP" />
<TLINK id="TL9" fromID="E102" fromText="dsypnea" toID="E101" toText="CHF" type="OVERLAP" />
<TLINK id="TL10" fromID="E103" fromText="increased work of breathing" toID="E102" toText="dsypnea" type="OVERLAP" />
<TLINK id="TL11" fromID="E103" fromText="increased work of breathing" toID="T5" toText="4-5 days" type="OVERLAP" />
<TLINK id="TL12" fromID="E104" fromText="worsening CHF/volume overload" toID="T5" toText="4-5 days" type="OVERLAP" />
<TLINK id="TL13" fromID="E104" fromText="worsening CHF/volume overload" toID="T6" toText="the last several weeks" type="OVERLAP" />
<TLINK id="TL14" fromID="E2" fromText="supplemental O2" toID="T6" toText="the last several weeks" type="OVERLAP" />
<TLINK id="TL15" fromID="E2" fromText="supplemental O2" toID="E105" toText="rehab" type="OVERLAP" />
<TLINK id="TL16" fromID="E105" fromText="rehab" toID="T7" toText="the last few days" type="OVERLAP" />
<TLINK id="TL17" fromID="E106" fromText="more short of breath" toID="T7" toText="the last few days" type="OVERLAP" />
<TLINK id="TL18" fromID="E106" fromText="more short of breath" toID="E3" toText="sats" type="OVERLAP" />
<TLINK id="TL19" fromID="E3" fromText="sats" toID="E107" toText="RA" type="OVERLAP" />
<TLINK id="TL20" fromID="E4" fromText="Her lasix" toID="E107" toText="RA" type="OVERLAP" />
<TLINK id="TL21" fromID="E4" fromText="Her lasix" toID="E108" toText="increased" type="BEFORE" />
<TLINK id="TL22" fromID="E108" fromText="increased" toID="T8" toText="bid" type="OVERLAP" />
<TLINK id="TL23" fromID="E108" fromText="increased" toID="T3" toText="today" type="OVERLAP" />
<TLINK id="TL24" fromID="E5" fromText="hypoxic respiratory distress" toID="T3" toText="today" type="OVERLAP" />
<TLINK id="TL25" fromID="E5" fromText="hypoxic respiratory distress" toID="E6" toText="2L/NC" type="OVERLAP" />
<TLINK id="TL26" fromID="E6" fromText="2L/NC" toID="E109" toText="increased" type="OVERLAP" />
<TLINK id="TL27" fromID="E7" fromText="her sats" toID="E109" toText="increased" type="AFTER" />
<TLINK id="TL28" fromID="E110" fromText="going up" toID="E7" toText="her sats" type="OVERLAP" />
<TLINK id="TL29" fromID="E111" fromText="more confused" toID="E110" toText="going up" type="OVERLAP" />
<TLINK id="TL30" fromID="E111" fromText="more confused" toID="T9" toText="the last few days" type="OVERLAP" />
<TLINK id="TL31" fromID="E111" fromText="more confused" toID="T4" toText="today" type="OVERLAP" />
<TLINK id="TL32" fromID="E8" fromText="lasix" toID="T4" toText="today" type="OVERLAP" />
<TLINK id="TL33" fromID="E9" fromText="2 mg IV morphine" toID="E8" toText="lasix" type="OVERLAP" />
<TLINK id="TL34" fromID="E9" fromText="2 mg IV morphine" toID="E112" toText="New England Sinai Hospital & Rehab Center Rehab" type="OVERLAP" />
<TLINK id="TL35" fromID="E112" fromText="New England Sinai Hospital & Rehab Center Rehab" toID="E113" toText="Nantucket Cottage Hospital" type="OVERLAP" />
<TLINK id="TL36" fromID="E10" fromText="further evaluation" toID="E113" toText="Nantucket Cottage Hospital" type="OVERLAP" />
<TLINK id="TL37" fromID="E11" fromText="additional lasix" toID="E113" toText="Nantucket Cottage Hospital" type="OVERLAP" />
<TLINK id="TL38" fromID="E11" fromText="additional lasix" toID="E12" toText="nitro spray" type="OVERLAP" />
<TLINK id="TL39" fromID="E12" fromText="nitro spray" toID="T10" toText="x 2" type="OVERLAP" />
<TLINK id="TL40" fromID="E12" fromText="nitro spray" toID="E114" toText="the Deanna" type="OVERLAP" />
<TLINK id="TL41" fromID="E13" fromText="her VS" toID="E114" toText="the Deanna" type="OVERLAP" />
<TLINK id="TL42" fromID="E14" fromText="Tc" toID="E13" toText="her VS" type="OVERLAP" />
<TLINK id="TL43" fromID="E14" fromText="Tc" toID="E15" toText="BP" type="OVERLAP" />
<TLINK id="TL44" fromID="E16" fromText="HR" toID="E15" toText="BP" type="OVERLAP" />
<TLINK id="TL45" fromID="E16" fromText="HR" toID="E17" toText="RR" type="OVERLAP" />
<TLINK id="TL46" fromID="E18" fromText="SaO2" toID="E17" toText="RR" type="OVERLAP" />
<TLINK id="TL47" fromID="E18" fromText="SaO2" toID="E19" toText="95%/NRB" type="OVERLAP" />
<TLINK id="TL48" fromID="E115" fromText="Foley" toID="E19" toText="95%/NRB" type="OVERLAP" />
<TLINK id="TL49" fromID="E115" fromText="Foley" toID="E116" toText="Deanna" type="OVERLAP" />
<TLINK id="TL50" fromID="E20" fromText="IV lasix" toID="E116" toText="Deanna" type="OVERLAP" />
<TLINK id="TL51" fromID="E21" fromText="ASA" toID="E20" toText="IV lasix" type="OVERLAP" />
<TLINK id="TL52" fromID="E22" fromText="BiPAP" toID="E21" toText="ASA" type="OVERLAP" />
<TLINK id="TL53" fromID="E22" fromText="BiPAP" toID="E23" toText="FiO2" type="OVERLAP" />
<TLINK id="TL54" fromID="E24" fromText="PEEP" toID="E23" toText="FiO2" type="OVERLAP" />
<TLINK id="TL55" fromID="E25" fromText="PS" toID="E24" toText="PEEP" type="OVERLAP" />
<TLINK id="TL56" fromID="E25" fromText="PS" toID="E117" toText="Admitted" type="OVERLAP" />
<TLINK id="TL57" fromID="E117" fromText="Admitted" toID="E118" toText="the CMED CSRU" type="OVERLAP" />
<TLINK id="TL58" fromID="E119" fromText="further management" toID="E118" toText="the CMED CSRU" type="OVERLAP" />
<TLINK id="TL59" fromID="E120" fromText="the dyspnea" toID="E119" toText="further management" type="OVERLAP" />
<TLINK id="TL60" fromID="E121" fromText="SOB" toID="E120" toText="the dyspnea" type="OVERLAP" />
<TLINK id="TL61" fromID="E121" fromText="SOB" toID="E122" toText="other symptoms" type="OVERLAP" />
<TLINK id="TL62" fromID="E123" fromText="f/c/s" toID="E122" toText="other symptoms" type="OVERLAP" />
<TLINK id="TL63" fromID="E124" fromText="CP" toID="E123" toText="f/c/s" type="OVERLAP" />
<TLINK id="TL64" fromID="E124" fromText="CP" toID="E125" toText="palpitations" type="OVERLAP" />
<TLINK id="TL65" fromID="E126" fromText="abd pain" toID="E125" toText="palpitations" type="OVERLAP" />
<TLINK id="TL66" fromID="E126" fromText="abd pain" toID="E127" toText="n/v/diarrhea" type="OVERLAP" />
<TLINK id="TL67" fromID="E26" fromText="decreased appetite" toID="E127" toText="n/v/diarrhea" type="OVERLAP" />
<TLINK id="TL68" fromID="E26" fromText="decreased appetite" toID="T11" toText="the last few days" type="OVERLAP" />
<TLINK id="TL69" fromID="E26" fromText="decreased appetite" toID="E128" toText="increasing confusion" type="OVERLAP" />
<TLINK id="TL70" fromID="E27" fromText="valvular disorder" toID="E28" toText="AF" type="OVERLAP" />
<TLINK id="TL71" fromID="E28" fromText="AF" toID="E29" toText="CAD" type="OVERLAP" />
<TLINK id="TL72" fromID="E30" fromText="hypercarbic respiratory failure" toID="E29" toText="CAD" type="OVERLAP" />
<TLINK id="TL73" fromID="E31" fromText="Respiratory failure" toID="E30" toText="hypercarbic respiratory failure" type="OVERLAP" />
<TLINK id="TL74" fromID="E31" fromText="Respiratory failure" toID="E129" toText="admitted" type="OVERLAP" />
<TLINK id="TL75" fromID="E129" fromText="admitted" toID="E130" toText="the CMED CSRU" type="OVERLAP" />
<TLINK id="TL76" fromID="E32" fromText="her repiratory failure" toID="E130" toText="the CMED CSRU" type="BEFORE" />
<TLINK id="TL77" fromID="E33" fromText="CHF" toID="E32" toText="her repiratory failure" type="OVERLAP" />
<TLINK id="TL78" fromID="E33" fromText="CHF" toID="E96" toText="diuresed" type="AFTER" />
<TLINK id="TL79" fromID="E34" fromText="iv lasix" toID="E96" toText="diuresed" type="OVERLAP" />
<TLINK id="TL80" fromID="E35" fromText="acetazolamide" toID="E34" toText="iv lasix" type="OVERLAP" />
<TLINK id="TL81" fromID="E36" fromText="iv morphine" toID="E35" toText="acetazolamide" type="OVERLAP" />
<TLINK id="TL82" fromID="E37" fromText="respiratory distress" toID="E36" toText="iv morphine" type="BEFORE" />
<TLINK id="TL83" fromID="E38" fromText="BIPAP" toID="E96" toText="diuresed" type="OVERLAP" />
<TLINK id="TL84" fromID="E39" fromText="hypercarbia" toID="E38" toText="BIPAP" type="OVERLAP" />
<TLINK id="TL85" fromID="E39" fromText="hypercarbia" toID="E40" toText="metabolic alkalosis" type="OVERLAP" />
<TLINK id="TL86" fromID="E40" fromText="metabolic alkalosis" toID="E131" toText="mentating okay" type="OVERLAP" />
<TLINK id="TL87" fromID="E131" fromText="mentating okay" toID="E132" toText="having conversations" type="OVERLAP" />
<TLINK id="TL88" fromID="E133" fromText="intermittent somnolence" toID="E132" toText="having conversations" type="OVERLAP" />
<TLINK id="TL89" fromID="E41" fromText="hypercarbia" toID="E133" toText="intermittent somnolence" type="OVERLAP" />
<TLINK id="TL90" fromID="E41" fromText="hypercarbia" toID="E42" toText="TTE" type="OVERLAP" />
<TLINK id="TL91" fromID="E134" fromText="showed" toID="E42" toText="TTE" type="OVERLAP" />
<TLINK id="TL92" fromID="E135" fromText="preserved EF" toID="E134" toText="showed" type="BEFORE" />
<TLINK id="TL93" fromID="E43" fromText="moderate AS" toID="E42" toText="TTE" type="BEFORE" />
<TLINK id="TL94" fromID="E44" fromText="moderate MS" toID="E43" toText="moderate AS" type="OVERLAP" />
<TLINK id="TL95" fromID="E45" fromText="mod pulm HTN" toID="E44" toText="moderate MS" type="OVERLAP" />
<TLINK id="TL96" fromID="E45" fromText="mod pulm HTN" toID="E136" toText="consulted" type="OVERLAP" />
<TLINK id="TL97" fromID="E137" fromText="MS" toID="E136" toText="consulted" type="BEFORE" />
<TLINK id="TL98" fromID="E46" fromText="her pulm edema" toID="E137" toText="MS" type="OVERLAP" />
<TLINK id="TL99" fromID="E47" fromText="pulm HTN" toID="E46" toText="her pulm edema" type="OVERLAP" />
<TLINK id="TL100" fromID="E47" fromText="pulm HTN" toID="E138" toText="recommended" type="OVERLAP" />
<TLINK id="TL101" fromID="E48" fromText="digoxin" toID="E138" toText="recommended" type="AFTER" />
<TLINK id="TL102" fromID="E49" fromText="amiodarone" toID="E48" toText="digoxin" type="OVERLAP" />
<TLINK id="TL103" fromID="E50" fromText="valvuloplasty" toID="E49" toText="amiodarone" type="OVERLAP" />
<TLINK id="TL104" fromID="E51" fromText="COPD" toID="E50" toText="valvuloplasty" type="OVERLAP" />
<TLINK id="TL105" fromID="E52" fromText="steroids" toID="E51" toText="COPD" type="OVERLAP" />
<TLINK id="TL106" fromID="E52" fromText="steroids" toID="E53" toText="nebs" type="OVERLAP" />
<TLINK id="TL107" fromID="E52" fromText="steroids" toID="T12" toText="08-03" type="OVERLAP" />
<TLINK id="TL108" fromID="E54" fromText="satting" toID="T12" toText="08-03" type="OVERLAP" />
<TLINK id="TL109" fromID="E54" fromText="satting" toID="E55" toText="NC" type="OVERLAP" />
<TLINK id="TL110" fromID="E55" fromText="NC" toID="E139" toText="sitting in a chair" type="OVERLAP" />
<TLINK id="TL111" fromID="E140" fromText="more O2" toID="E139" toText="sitting in a chair" type="OVERLAP" />
<TLINK id="TL112" fromID="E141" fromText="supine" toID="E139" toText="sitting in a chair" type="OVERLAP" />
<TLINK id="TL113" fromID="E56" fromText="a face mask" toID="E141" toText="supine" type="OVERLAP" />
<TLINK id="TL114" fromID="E57" fromText="I/Os" toID="E56" toText="a face mask" type="AFTER" />
<TLINK id="TL115" fromID="E57" fromText="I/Os" toID="E95" toText="diursed" type="OVERLAP" />
<TLINK id="TL116" fromID="E95" fromText="diursed" toID="E142" toText="her CMED stay" type="OVERLAP" />
<TLINK id="TL117" fromID="E58" fromText="her I/O" toID="E57" toText="I/Os" type="OVERLAP" />
<TLINK id="TL118" fromID="E58" fromText="her I/O" toID="E59" toText="lasix" type="OVERLAP" />
<TLINK id="TL119" fromID="E60" fromText="acetazolamide" toID="E59" toText="lasix" type="OVERLAP" />
<TLINK id="TL120" fromID="E60" fromText="acetazolamide" toID="E143" toText="decreased" type="OVERLAP" />
<TLINK id="TL121" fromID="E144" fromText="decompensate" toID="E143" toText="decreased" type="OVERLAP" />
<TLINK id="TL122" fromID="E144" fromText="decompensate" toID="E145" toText="the rehab" type="OVERLAP" />
<TLINK id="TL123" fromID="E146" fromText="readdressed" toID="E145" toText="the rehab" type="BEFORE" />
<TLINK id="TL124" fromID="E61" fromText="CAD" toID="E146" toText="readdressed" type="OVERLAP" />
<TLINK id="TL125" fromID="E147" fromText="changes" toID="E61" toText="CAD" type="OVERLAP" />
<TLINK id="TL126" fromID="E147" fromText="changes" toID="E62" toText="EKG" type="OVERLAP" />
<TLINK id="TL127" fromID="E148" fromText="ruled out" toID="E62" toText="EKG" type="OVERLAP" />
<TLINK id="TL128" fromID="E148" fromText="ruled out" toID="T13" toText="3" type="OVERLAP" />
<TLINK id="TL129" fromID="E149" fromText="cardiac enzymes" toID="E148" toText="ruled out" type="OVERLAP" />
<TLINK id="TL130" fromID="E149" fromText="cardiac enzymes" toID="E63" toText="BB" type="OVERLAP" />
<TLINK id="TL131" fromID="E64" fromText="ASA" toID="E63" toText="BB" type="OVERLAP" />
<TLINK id="TL132" fromID="E64" fromText="ASA" toID="E65" toText="nitrates" type="OVERLAP" />
<TLINK id="TL133" fromID="E66" fromText="Respiratory acidosis" toID="E65" toText="nitrates" type="OVERLAP" />
<TLINK id="TL134" fromID="E93" fromText="metabolic compensation" toID="E66" toText="Respiratory acidosis" type="OVERLAP" />
<TLINK id="TL135" fromID="E92" fromText="metabolic compensation" toID="E93" toText="metabolic compensation" type="OVERLAP" />
<TLINK id="TL136" fromID="E92" fromText="metabolic compensation" toID="E150" toText="acute component" type="OVERLAP" />
<TLINK id="TL137" fromID="E150" fromText="acute component" toID="T14" toText="today" type="AFTER" />
<TLINK id="TL138" fromID="E67" fromText="BIPAP" toID="T14" toText="today" type="OVERLAP" />
<TLINK id="TL139" fromID="E68" fromText="pCO2" toID="E67" toText="BIPAP" type="OVERLAP" />
<TLINK id="TL140" fromID="E68" fromText="pCO2" toID="E151" toText="maintaining mentation" type="OVERLAP" />
<TLINK id="TL141" fromID="E69" fromText="Renal insufficiency" toID="E151" toText="maintaining mentation" type="OVERLAP" />
<TLINK id="TL142" fromID="E69" fromText="Renal insufficiency" toID="E70" toText="baseline Cr" type="OVERLAP" />
<TLINK id="TL143" fromID="E69" fromText="Renal insufficiency" toID="E71" toText="CRI" type="OVERLAP" />
<TLINK id="TL144" fromID="E69" fromText="Renal insufficiency" toID="E72" toText="DM" type="OVERLAP" />
<TLINK id="TL145" fromID="E69" fromText="Renal insufficiency" toID="E73" toText="Creatinine" type="OVERLAP" />
<TLINK id="TL146" fromID="E73" fromText="Creatinine" toID="E152" toText="stable" type="OVERLAP" />
<TLINK id="TL147" fromID="E74" fromText="all medications" toID="E152" toText="stable" type="OVERLAP" />
<TLINK id="TL148" fromID="E74" fromText="all medications" toID="E75" toText="A fib" type="OVERLAP" />
<TLINK id="TL149" fromID="E76" fromText="BB" toID="E75" toText="A fib" type="BEFORE" />
<TLINK id="TL150" fromID="E76" fromText="BB" toID="E153" toText="cardiology consult" type="OVERLAP" />
<TLINK id="TL151" fromID="E153" fromText="cardiology consult" toID="E77" toText="digoxin" type="OVERLAP" />
<TLINK id="TL152" fromID="E78" fromText="amiodarone" toID="E77" toText="digoxin" type="OVERLAP" />
<TLINK id="TL153" fromID="E79" fromText="elevated INR" toID="E78" toText="amiodarone" type="OVERLAP" />
<TLINK id="TL154" fromID="E79" fromText="elevated INR" toID="E80" toText="coumadin" type="BEFORE" />
<TLINK id="TL155" fromID="E158" fromText="paced" toID="E80" toText="coumadin" type="OVERLAP" />
<TLINK id="TL156" fromID="E158" fromText="paced" toID="E81" toText="amiodarone" type="OVERLAP" />
<TLINK id="TL157" fromID="E81" fromText="amiodarone" toID="T15" toText="BID x 7 days" type="OVERLAP" />
<TLINK id="TL158" fromID="E154" fromText="loading dose" toID="E81" toText="amiodarone" type="OVERLAP" />
<TLINK id="TL159" fromID="E154" fromText="loading dose" toID="T16" toText="daily" type="OVERLAP" />
<TLINK id="TL160" fromID="E154" fromText="loading dose" toID="E82" toText="DM" type="BEFORE" />
<TLINK id="TL161" fromID="E82" fromText="DM" toID="E83" toText="insulin" type="OVERLAP" />
<TLINK id="TL162" fromID="E83" fromText="insulin" toID="T17" toText="qid" type="OVERLAP" />
<TLINK id="TL163" fromID="E84" fromText="Depression" toID="E83" toText="insulin" type="OVERLAP" />
<TLINK id="TL164" fromID="E84" fromText="Depression" toID="E85" toText="continued home regimen" type="BEFORE" />
<TLINK id="TL165" fromID="E94" fromText="NPO" toID="E85" toText="continued home regimen" type="OVERLAP" />
<TLINK id="TL166" fromID="E94" fromText="NPO" toID="E86" toText="BIPAP" type="OVERLAP" />
<TLINK id="TL167" fromID="E86" fromText="BIPAP" toID="E87" toText="low sodium cardiac diet" type="OVERLAP" />
<TLINK id="TL168" fromID="E88" fromText="supratherpeutic INR" toID="E87" toText="low sodium cardiac diet" type="OVERLAP" />
<TLINK id="TL169" fromID="E88" fromText="supratherpeutic INR" toID="E89" toText="PIV" type="OVERLAP" />
<TLINK id="TL170" fromID="E91" fromText="central line" toID="E90" toText="pressors" type="OVERLAP" />
<TLINK id="TL171" fromID="E155" fromText="decompensate" toID="E91" toText="central line" type="OVERLAP" />
<TLINK id="TL172" fromID="E155" fromText="decompensate" toID="E156" toText="the rehab" type="OVERLAP" />
<TLINK id="TL173" fromID="E157" fromText="readressed" toID="E156" toText="the rehab" type="BEFORE" />
<TLINK id="SECTIME0" fromID="E13" fromText="her VS" toID="T1" toText="2014-07-30" type="BEFORE" />
<TLINK id="SECTIME1" fromID="E14" fromText="Tc" toID="T1" toText="2014-07-30" type="BEFORE" />
<TLINK id="SECTIME2" fromID="E15" fromText="BP" toID="T1" toText="2014-07-30" type="BEFORE" />
<TLINK id="SECTIME3" fromID="E16" fromText="HR" toID="T1" toText="2014-07-30" type="BEFORE" />
<TLINK id="SECTIME4" fromID="E17" fromText="RR" toID="T1" toText="2014-07-30" type="BEFORE" />
<TLINK id="SECTIME5" fromID="E18" fromText="SaO2" toID="T1" toText="2014-07-30" type="BEFORE" />
<TLINK id="SECTIME6" fromID="E19" fromText="95%/NRB" toID="T1" toText="2014-07-30" type="BEFORE" />
<TLINK id="SECTIME7" fromID="E115" fromText="Foley" toID="T1" toText="2014-07-30" type="BEFORE" />
<TLINK id="SECTIME8" fromID="E116" fromText="Deanna" toID="T1" toText="2014-07-30" type="BEFORE" />
<TLINK id="SECTIME9" fromID="E20" fromText="IV lasix" toID="T1" toText="2014-07-30" type="BEFORE" />
<TLINK id="SECTIME10" fromID="E21" fromText="ASA" toID="T1" toText="2014-07-30" type="BEFORE" />
<TLINK id="SECTIME11" fromID="E22" fromText="BiPAP" toID="T1" toText="2014-07-30" type="OVERLAP" />
<TLINK id="SECTIME12" fromID="E23" fromText="FiO2" toID="T1" toText="2014-07-30" type="OVERLAP" />
<TLINK id="SECTIME13" fromID="E24" fromText="PEEP" toID="T1" toText="2014-07-30" type="OVERLAP" />
<TLINK id="SECTIME14" fromID="E25" fromText="PS" toID="T1" toText="2014-07-30" type="OVERLAP" />
<TLINK id="SECTIME15" fromID="E117" fromText="Admitted" toID="T1" toText="2014-07-30" type="BEFORE" />
<TLINK id="SECTIME16" fromID="E118" fromText="the CMED CSRU" toID="T1" toText="2014-07-30" type="BEFORE" />
<TLINK id="SECTIME17" fromID="E119" fromText="further management" toID="T1" toText="2014-07-30" type="BEFORE" />
<TLINK id="SECTIME18" fromID="E120" fromText="the dyspnea" toID="T1" toText="2014-07-30" type="OVERLAP" />
<TLINK id="SECTIME19" fromID="E121" fromText="SOB" toID="T1" toText="2014-07-30" type="OVERLAP" />
<TLINK id="SECTIME20" fromID="E122" fromText="other symptoms" toID="T1" toText="2014-07-30" type="OVERLAP" />
<TLINK id="SECTIME21" fromID="E123" fromText="f/c/s" toID="T1" toText="2014-07-30" type="OVERLAP" />
<TLINK id="SECTIME22" fromID="E124" fromText="CP" toID="T1" toText="2014-07-30" type="OVERLAP" />
<TLINK id="SECTIME23" fromID="E98" fromText="moderate AS" toID="T1" toText="2014-07-30" type="BEFORE" />
<TLINK id="SECTIME24" fromID="E125" fromText="palpitations" toID="T1" toText="2014-07-30" type="OVERLAP" />
<TLINK id="SECTIME25" fromID="E126" fromText="abd pain" toID="T1" toText="2014-07-30" type="OVERLAP" />
<TLINK id="SECTIME26" fromID="E127" fromText="n/v/diarrhea" toID="T1" toText="2014-07-30" type="AFTER" />
<TLINK id="SECTIME27" fromID="E26" fromText="decreased appetite" toID="T1" toText="2014-07-30" type="BEFORE" />
<TLINK id="SECTIME28" fromID="E128" fromText="increasing confusion" toID="T1" toText="2014-07-30" type="OVERLAP" />
<TLINK id="SECTIME29" fromID="E27" fromText="valvular disorder" toID="T2" toText="2014-08-04" type="BEFORE" />
<TLINK id="SECTIME30" fromID="E1" fromText="MVR" toID="T1" toText="2014-07-30" type="BEFORE" />
<TLINK id="SECTIME31" fromID="E28" fromText="AF" toID="T2" toText="2014-08-04" type="BEFORE" />
<TLINK id="SECTIME32" fromID="E29" fromText="CAD" toID="T2" toText="2014-08-04" type="BEFORE" />
<TLINK id="SECTIME33" fromID="E30" fromText="hypercarbic respiratory failure" toID="T2" toText="2014-08-04" type="BEFORE" />
<TLINK id="SECTIME34" fromID="E31" fromText="Respiratory failure" toID="T2" toText="2014-08-04" type="BEFORE" />
<TLINK id="SECTIME35" fromID="E129" fromText="admitted" toID="T2" toText="2014-08-04" type="BEFORE" />
<TLINK id="SECTIME36" fromID="E130" fromText="the CMED CSRU" toID="T2" toText="2014-08-04" type="BEFORE" />
<TLINK id="SECTIME37" fromID="E32" fromText="her repiratory failure" toID="T2" toText="2014-08-04" type="BEFORE" />
<TLINK id="SECTIME38" fromID="E33" fromText="CHF" toID="T2" toText="2014-08-04" type="BEFORE" />
<TLINK id="SECTIME39" fromID="E96" fromText="diuresed" toID="T2" toText="2014-08-04" type="BEFORE" />
<TLINK id="SECTIME40" fromID="E34" fromText="iv lasix" toID="T2" toText="2014-08-04" type="BEFORE" />
<TLINK id="SECTIME41" fromID="E99" fromText="PPM" toID="T1" toText="2014-07-30" type="BEFORE" />
<TLINK id="SECTIME42" fromID="E35" fromText="acetazolamide" toID="T2" toText="2014-08-04" type="BEFORE" />
<TLINK id="SECTIME43" fromID="E36" fromText="iv morphine" toID="T2" toText="2014-08-04" type="OVERLAP" />
<TLINK id="SECTIME44" fromID="E37" fromText="respiratory distress" toID="T2" toText="2014-08-04" type="BEFORE" />
<TLINK id="SECTIME45" fromID="E100" fromText="DM" toID="T1" toText="2014-07-30" type="BEFORE" />
<TLINK id="SECTIME46" fromID="E38" fromText="BIPAP" toID="T2" toText="2014-08-04" type="OVERLAP" />
<TLINK id="SECTIME47" fromID="E39" fromText="hypercarbia" toID="T2" toText="2014-08-04" type="BEFORE" />
<TLINK id="SECTIME48" fromID="E101" fromText="CHF" toID="T1" toText="2014-07-30" type="BEFORE" />
<TLINK id="SECTIME49" fromID="E40" fromText="metabolic alkalosis" toID="T2" toText="2014-08-04" type="BEFORE" />
<TLINK id="SECTIME50" fromID="E131" fromText="mentating okay" toID="T2" toText="2014-08-04" type="BEFORE" />
<TLINK id="SECTIME51" fromID="E132" fromText="having conversations" toID="T2" toText="2014-08-04" type="BEFORE" />
<TLINK id="SECTIME52" fromID="E102" fromText="dsypnea" toID="T1" toText="2014-07-30" type="BEFORE" />
<TLINK id="SECTIME53" fromID="E133" fromText="intermittent somnolence" toID="T2" toText="2014-08-04" type="BEFORE" />
<TLINK id="SECTIME54" fromID="E41" fromText="hypercarbia" toID="T2" toText="2014-08-04" type="BEFORE" />
<TLINK id="SECTIME55" fromID="E42" fromText="TTE" toID="T2" toText="2014-08-04" type="BEFORE" />
<TLINK id="SECTIME56" fromID="E134" fromText="showed" toID="T2" toText="2014-08-04" type="BEFORE" />
<TLINK id="SECTIME57" fromID="E135" fromText="preserved EF" toID="T2" toText="2014-08-04" type="BEFORE" />
<TLINK id="SECTIME58" fromID="E43" fromText="moderate AS" toID="T2" toText="2014-08-04" type="BEFORE" />
<TLINK id="SECTIME59" fromID="E44" fromText="moderate MS" toID="T2" toText="2014-08-04" type="BEFORE" />
<TLINK id="SECTIME60" fromID="E45" fromText="mod pulm HTN" toID="T2" toText="2014-08-04" type="BEFORE" />
<TLINK id="SECTIME61" fromID="E103" fromText="increased work of breathing" toID="T1" toText="2014-07-30" type="BEFORE" />
<TLINK id="SECTIME62" fromID="E136" fromText="consulted" toID="T2" toText="2014-08-04" type="BEFORE" />
<TLINK id="SECTIME63" fromID="E137" fromText="MS" toID="T2" toText="2014-08-04" type="BEFORE" />
<TLINK id="SECTIME64" fromID="E46" fromText="her pulm edema" toID="T2" toText="2014-08-04" type="BEFORE" />
<TLINK id="SECTIME65" fromID="E47" fromText="pulm HTN" toID="T2" toText="2014-08-04" type="BEFORE" />
<TLINK id="SECTIME66" fromID="E138" fromText="recommended" toID="T2" toText="2014-08-04" type="BEFORE" />
<TLINK id="SECTIME67" fromID="E48" fromText="digoxin" toID="T2" toText="2014-08-04" type="BEFORE" />
<TLINK id="SECTIME68" fromID="E49" fromText="amiodarone" toID="T2" toText="2014-08-04" type="BEFORE" />
<TLINK id="SECTIME69" fromID="E50" fromText="valvuloplasty" toID="T2" toText="2014-08-04" type="BEFORE" />
<TLINK id="SECTIME70" fromID="E51" fromText="COPD" toID="T2" toText="2014-08-04" type="BEFORE" />
<TLINK id="SECTIME71" fromID="E52" fromText="steroids" toID="T2" toText="2014-08-04" type="BEFORE" />
<TLINK id="SECTIME72" fromID="E53" fromText="nebs" toID="T2" toText="2014-08-04" type="BEFORE" />
<TLINK id="SECTIME73" fromID="E54" fromText="satting" toID="T2" toText="2014-08-04" type="BEFORE" />
<TLINK id="SECTIME74" fromID="E55" fromText="NC" toID="T2" toText="2014-08-04" type="BEFORE" />
<TLINK id="SECTIME75" fromID="E139" fromText="sitting in a chair" toID="T2" toText="2014-08-04" type="BEFORE" />
<TLINK id="SECTIME76" fromID="E140" fromText="more O2" toID="T2" toText="2014-08-04" type="BEFORE" />
<TLINK id="SECTIME77" fromID="E141" fromText="supine" toID="T2" toText="2014-08-04" type="BEFORE" />
<TLINK id="SECTIME78" fromID="E56" fromText="a face mask" toID="T2" toText="2014-08-04" type="BEFORE" />
<TLINK id="SECTIME79" fromID="E57" fromText="I/Os" toID="T2" toText="2014-08-04" type="BEFORE" />
<TLINK id="SECTIME80" fromID="E95" fromText="diursed" toID="T2" toText="2014-08-04" type="BEFORE" />
<TLINK id="SECTIME81" fromID="E142" fromText="her CMED stay" toID="T2" toText="2014-08-04" type="BEFORE" />
<TLINK id="SECTIME82" fromID="E58" fromText="her I/O" toID="T2" toText="2014-08-04" type="BEFORE" />
<TLINK id="SECTIME83" fromID="E59" fromText="lasix" toID="T2" toText="2014-08-04" type="BEFORE" />
<TLINK id="SECTIME84" fromID="E60" fromText="acetazolamide" toID="T2" toText="2014-08-04" type="BEFORE" />
<TLINK id="SECTIME85" fromID="E143" fromText="decreased" toID="T2" toText="2014-08-04" type="BEFORE" />
<TLINK id="SECTIME86" fromID="E144" fromText="decompensate" toID="T2" toText="2014-08-04" type="AFTER" />
<TLINK id="SECTIME87" fromID="E145" fromText="the rehab" toID="T2" toText="2014-08-04" type="AFTER" />
<TLINK id="SECTIME88" fromID="E146" fromText="readdressed" toID="T2" toText="2014-08-04" type="AFTER" />
<TLINK id="SECTIME89" fromID="E61" fromText="CAD" toID="T2" toText="2014-08-04" type="BEFORE" />
<TLINK id="SECTIME90" fromID="E147" fromText="changes" toID="T2" toText="2014-08-04" type="BEFORE" />
<TLINK id="SECTIME91" fromID="E62" fromText="EKG" toID="T2" toText="2014-08-04" type="BEFORE" />
<TLINK id="SECTIME92" fromID="E104" fromText="worsening CHF/volume overload" toID="T1" toText="2014-07-30" type="BEFORE" />
<TLINK id="SECTIME93" fromID="E148" fromText="ruled out" toID="T2" toText="2014-08-04" type="BEFORE" />
<TLINK id="SECTIME94" fromID="E149" fromText="cardiac enzymes" toID="T2" toText="2014-08-04" type="BEFORE" />
<TLINK id="SECTIME95" fromID="E63" fromText="BB" toID="T2" toText="2014-08-04" type="BEFORE" />
<TLINK id="SECTIME96" fromID="E64" fromText="ASA" toID="T2" toText="2014-08-04" type="BEFORE" />
<TLINK id="SECTIME97" fromID="E65" fromText="nitrates" toID="T2" toText="2014-08-04" type="BEFORE" />
<TLINK id="SECTIME98" fromID="E66" fromText="Respiratory acidosis" toID="T2" toText="2014-08-04" type="BEFORE" />
<TLINK id="SECTIME99" fromID="E0" fromText="Admission" toID="T1" toText="2014-07-30" type="BEFORE" />
<TLINK id="SECTIME100" fromID="E93" fromText="metabolic compensation" toID="T2" toText="2014-08-04" type="BEFORE" />
<TLINK id="SECTIME101" fromID="E92" fromText="metabolic compensation" toID="T2" toText="2014-08-04" type="BEFORE" />
<TLINK id="SECTIME102" fromID="E97" fromText="Discharge" toID="T1" toText="2014-07-30" type="BEFORE" />
<TLINK id="SECTIME103" fromID="E150" fromText="acute component" toID="T2" toText="2014-08-04" type="BEFORE" />
<TLINK id="SECTIME104" fromID="E67" fromText="BIPAP" toID="T2" toText="2014-08-04" type="BEFORE" />
<TLINK id="SECTIME105" fromID="E68" fromText="pCO2" toID="T2" toText="2014-08-04" type="BEFORE" />
<TLINK id="SECTIME106" fromID="E151" fromText="maintaining mentation" toID="T2" toText="2014-08-04" type="BEFORE" />
<TLINK id="SECTIME107" fromID="E69" fromText="Renal insufficiency" toID="T2" toText="2014-08-04" type="BEFORE" />
<TLINK id="SECTIME108" fromID="E70" fromText="baseline Cr" toID="T2" toText="2014-08-04" type="BEFORE" />
<TLINK id="SECTIME109" fromID="E71" fromText="CRI" toID="T2" toText="2014-08-04" type="BEFORE" />
<TLINK id="SECTIME110" fromID="E72" fromText="DM" toID="T2" toText="2014-08-04" type="BEFORE" />
<TLINK id="SECTIME111" fromID="E73" fromText="Creatinine" toID="T2" toText="2014-08-04" type="BEFORE" />
<TLINK id="SECTIME112" fromID="E152" fromText="stable" toID="T2" toText="2014-08-04" type="BEFORE" />
<TLINK id="SECTIME113" fromID="E74" fromText="all medications" toID="T2" toText="2014-08-04" type="BEFORE" />
<TLINK id="SECTIME114" fromID="E75" fromText="A fib" toID="T2" toText="2014-08-04" type="BEFORE" />
<TLINK id="SECTIME115" fromID="E76" fromText="BB" toID="T2" toText="2014-08-04" type="BEFORE" />
<TLINK id="SECTIME116" fromID="E153" fromText="cardiology consult" toID="T2" toText="2014-08-04" type="BEFORE" />
<TLINK id="SECTIME117" fromID="E77" fromText="digoxin" toID="T2" toText="2014-08-04" type="BEFORE" />
<TLINK id="SECTIME118" fromID="E78" fromText="amiodarone" toID="T2" toText="2014-08-04" type="BEFORE" />
<TLINK id="SECTIME119" fromID="E79" fromText="elevated INR" toID="T2" toText="2014-08-04" type="BEFORE" />
<TLINK id="SECTIME120" fromID="E80" fromText="coumadin" toID="T2" toText="2014-08-04" type="BEFORE" />
<TLINK id="SECTIME121" fromID="E158" fromText="paced" toID="T2" toText="2014-08-04" type="BEFORE" />
<TLINK id="SECTIME122" fromID="E81" fromText="amiodarone" toID="T2" toText="2014-08-04" type="BEFORE" />
<TLINK id="SECTIME123" fromID="E2" fromText="supplemental O2" toID="T1" toText="2014-07-30" type="BEFORE" />
<TLINK id="SECTIME124" fromID="E154" fromText="loading dose" toID="T2" toText="2014-08-04" type="BEFORE" />
<TLINK id="SECTIME125" fromID="E82" fromText="DM" toID="T2" toText="2014-08-04" type="BEFORE" />
<TLINK id="SECTIME126" fromID="E83" fromText="insulin" toID="T2" toText="2014-08-04" type="BEFORE" />
<TLINK id="SECTIME127" fromID="E84" fromText="Depression" toID="T2" toText="2014-08-04" type="BEFORE" />
<TLINK id="SECTIME128" fromID="E85" fromText="continued home regimen" toID="T2" toText="2014-08-04" type="BEFORE" />
<TLINK id="SECTIME129" fromID="E94" fromText="NPO" toID="T2" toText="2014-08-04" type="BEFORE" />
<TLINK id="SECTIME130" fromID="E86" fromText="BIPAP" toID="T2" toText="2014-08-04" type="BEFORE" />
<TLINK id="SECTIME131" fromID="E105" fromText="rehab" toID="T1" toText="2014-07-30" type="BEFORE" />
<TLINK id="SECTIME132" fromID="E87" fromText="low sodium cardiac diet" toID="T2" toText="2014-08-04" type="BEFORE" />
<TLINK id="SECTIME133" fromID="E88" fromText="supratherpeutic INR" toID="T2" toText="2014-08-04" type="BEFORE" />
<TLINK id="SECTIME134" fromID="E89" fromText="PIV" toID="T2" toText="2014-08-04" type="BEFORE" />
<TLINK id="SECTIME135" fromID="E90" fromText="pressors" toID="T2" toText="2014-08-04" type="OVERLAP" />
<TLINK id="SECTIME136" fromID="E91" fromText="central line" toID="T2" toText="2014-08-04" type="BEFORE" />
<TLINK id="SECTIME137" fromID="E155" fromText="decompensate" toID="T2" toText="2014-08-04" type="AFTER" />
<TLINK id="SECTIME138" fromID="E156" fromText="the rehab" toID="T2" toText="2014-08-04" type="AFTER" />
<TLINK id="SECTIME139" fromID="E157" fromText="readressed" toID="T2" toText="2014-08-04" type="AFTER" />
<TLINK id="SECTIME140" fromID="E106" fromText="more short of breath" toID="T1" toText="2014-07-30" type="OVERLAP" />
<TLINK id="SECTIME141" fromID="E3" fromText="sats" toID="T1" toText="2014-07-30" type="BEFORE" />
<TLINK id="SECTIME142" fromID="E107" fromText="RA" toID="T1" toText="2014-07-30" type="BEFORE" />
<TLINK id="SECTIME143" fromID="E4" fromText="Her lasix" toID="T1" toText="2014-07-30" type="BEFORE" />
<TLINK id="SECTIME144" fromID="E108" fromText="increased" toID="T1" toText="2014-07-30" type="BEFORE" />
<TLINK id="SECTIME145" fromID="E5" fromText="hypoxic respiratory distress" toID="T1" toText="2014-07-30" type="BEFORE" />
<TLINK id="SECTIME146" fromID="E6" fromText="2L/NC" toID="T1" toText="2014-07-30" type="BEFORE" />
<TLINK id="SECTIME147" fromID="E109" fromText="increased" toID="T1" toText="2014-07-30" type="BEFORE" />
<TLINK id="SECTIME148" fromID="E7" fromText="her sats" toID="T1" toText="2014-07-30" type="BEFORE" />
<TLINK id="SECTIME149" fromID="E110" fromText="going up" toID="T1" toText="2014-07-30" type="OVERLAP" />
<TLINK id="SECTIME150" fromID="E111" fromText="more confused" toID="T1" toText="2014-07-30" type="BEFORE" />
<TLINK id="SECTIME151" fromID="E8" fromText="lasix" toID="T1" toText="2014-07-30" type="BEFORE" />
<TLINK id="SECTIME152" fromID="E9" fromText="2 mg IV morphine" toID="T1" toText="2014-07-30" type="BEFORE" />
<TLINK id="SECTIME153" fromID="E112" fromText="New England Sinai Hospital & Rehab Center Rehab" toID="T1" toText="2014-07-30" type="OVERLAP" />
<TLINK id="SECTIME154" fromID="E113" fromText="Nantucket Cottage Hospital" toID="T1" toText="2014-07-30" type="BEFORE" />
<TLINK id="SECTIME155" fromID="E10" fromText="further evaluation" toID="T1" toText="2014-07-30" type="AFTER" />
<TLINK id="SECTIME156" fromID="E11" fromText="additional lasix" toID="T1" toText="2014-07-30" type="BEFORE" />
<TLINK id="SECTIME157" fromID="E12" fromText="nitro spray" toID="T1" toText="2014-07-30" type="BEFORE" />
<TLINK id="SECTIME158" fromID="E114" fromText="the Deanna" toID="T1" toText="2014-07-30" type="BEFORE" />
</TAGS>
</ClinicalNarrativeTemporalAnnotation>