<?xml version="1.0" encoding="UTF-8" ?>
<ClinicalNarrativeTemporalAnnotation>
<TEXT><![CDATA[
Admission Date :
2016-03-18
Discharge Date :
2016-04-01
Service : 
SURGERY
History of Present Illness :
_Mr. Morton is a 86 yo male transferred from Kindred Park View Specialty Hospital of Springfield-Sample .
He developed right foot pain the Sunday prior to admission and was seen by his Podiatrist , who diagnosed him with gout .
He was given colchicine and prednisone .
Mr. Morton then developed more pain and warmth to his right foot later in the week and presented to the Youville Hospital - Woody Monica .
At this hospital he underwent an I&D ( 03-17 ) of a right foot infection and subsequently underwent 
re-exploration ( 03-18 ) for developing necrotizing fascitis .
He was transferred to Hallmark Health System for further care .
Brief Hospital Course :
Mr. Morton was admitted to the TSICU .
He was placed on Penicillin G , Clindamycin , for empiric coverage of his wound , with Group A strep growth from the New England Baptist Hospital-Bryce cultures .
He was transferred to the floor on HD#2 .
He continued to undergo BID dressing changes .
Plastic surgery was asked to evaluate the patient .
Per their recommendations , silvadine was applied to the tendons to prevent dessication .
Vascular surgery was also asked to evaluate the patient 's right lower extremity blood flow .
An angiogram on HD#4 showed severe tibial disease and moderate SFA disease , no DP artery was seen .
The vascular team recommended a femoral-peroneal bypass for revascularization and performed this operation on HD#5 .
He tolerated the procedure well , please see Dr. Allgood Operative Note for detail .
On POD#1 , Mr. Morton received 2 units of pRBCs for post-op anemia ( Hct 25 ).
Mr. Morton continued to be followed by Infectious Disease , whose recommendations were to complete a 01-28 week course of Penicillin G and Clindamycin after the foot was completely debrided and the skin flaps completed .
His wound continued to heal well and by POD #6 a VAC dressing was placed .
He received a PICC on POD#7 for his long-term antibiotic therapy .
At the time of discharge , Mr. Morton had good pain control , was tolerating a regular diet , had a well-healing wound treated with a VAC dressing , and was to continue his IV PCN G and Clindamycin .
He was discharged to a rehab facility in fair condition .
]]></TEXT>
<TAGS>
<TLINK id="TL1" fromID="E0" fromText="Admission" toID="T0" toText="2016-03-18" type="OVERLAP" />
<TLINK id="TL2" fromID="E1" fromText="Discharge" toID="T1" toText="2016-04-01" type="OVERLAP" />
<TLINK id="TL3" fromID="E2" fromText="transferred" toID="E3" toText="Kindred Park View Specialty Hospital of Springfield-Sample" type="OVERLAP" />
<TLINK id="TL4" fromID="E4" fromText="right foot pain" toID="E3" toText="Kindred Park View Specialty Hospital of Springfield-Sample" type="OVERLAP" />
<TLINK id="TL5" fromID="E4" fromText="right foot pain" toID="T2" toText="the Sunday" type="OVERLAP" />
<TLINK id="TL6" fromID="E4" fromText="right foot pain" toID="E5" toText="admission" type="OVERLAP" />
<TLINK id="TL7" fromID="E6" fromText="his Podiatrist" toID="E5" toText="admission" type="OVERLAP" />
<TLINK id="TL8" fromID="E7" fromText="gout" toID="E6" toText="his Podiatrist" type="OVERLAP" />
<TLINK id="TL9" fromID="E8" fromText="colchicine" toID="E5" toText="admission" type="AFTER" />
<TLINK id="TL10" fromID="E9" fromText="prednisone" toID="E8" toText="colchicine" type="OVERLAP" />
<TLINK id="TL11" fromID="E10" fromText="more pain" toID="E9" toText="prednisone" type="OVERLAP" />
<TLINK id="TL12" fromID="E12" fromText="warmth" toID="E10" toText="more pain" type="OVERLAP" />
<TLINK id="TL13" fromID="E12" fromText="warmth" toID="T3" toText="the week" type="OVERLAP" />
<TLINK id="TL14" fromID="T3" fromText="the week" toID="E13" toText="presented" type="OVERLAP" />
<TLINK id="TL15" fromID="E14" fromText="the Youville Hospital - Woody Monica" toID="E13" toText="presented" type="OVERLAP" />
<TLINK id="TL16" fromID="E15" fromText="this hospital" toID="E14" toText="the Youville Hospital - Woody Monica" type="OVERLAP" />
<TLINK id="TL17" fromID="E16" fromText="an I&D" toID="E15" toText="this hospital" type="OVERLAP" />
<TLINK id="TL18" fromID="E16" fromText="an I&D" toID="T4" toText="03-17" type="OVERLAP" />
<TLINK id="TL19" fromID="E17" fromText="a right foot infection" toID="E16" toText="an I&D" type="OVERLAP" />
<TLINK id="TL20" fromID="E17" fromText="a right foot infection" toID="E18" toText="re-exploration" type="OVERLAP" />
<TLINK id="TL21" fromID="E18" fromText="re-exploration" toID="T5" toText="03-18" type="OVERLAP" />
<TLINK id="TL22" fromID="E19" fromText="necrotizing fascitis" toID="E18" toText="re-exploration" type="OVERLAP" />
<TLINK id="TL23" fromID="E19" fromText="necrotizing fascitis" toID="E20" toText="transferred" type="OVERLAP" />
<TLINK id="TL24" fromID="E20" fromText="transferred" toID="E21" toText="Hallmark Health System" type="OVERLAP" />
<TLINK id="TL25" fromID="E22" fromText="admitted" toID="E23" toText="the TSICU" type="OVERLAP" />
<TLINK id="TL26" fromID="E24" fromText="Penicillin G" toID="E23" toText="the TSICU" type="OVERLAP" />
<TLINK id="TL27" fromID="E24" fromText="Penicillin G" toID="E25" toText="Clindamycin" type="OVERLAP" />
<TLINK id="TL28" fromID="E26" fromText="his wound" toID="E25" toText="Clindamycin" type="AFTER" />
<TLINK id="TL29" fromID="E27" fromText="Group A strep growth" toID="E26" toText="his wound" type="OVERLAP" />
<TLINK id="TL30" fromID="E27" fromText="Group A strep growth" toID="E28" toText="the New England Baptist Hospital-Bryce" type="OVERLAP" />
<TLINK id="TL31" fromID="E29" fromText="cultures" toID="E28" toText="the New England Baptist Hospital-Bryce" type="OVERLAP" />
<TLINK id="TL32" fromID="E29" fromText="cultures" toID="E30" toText="transferred" type="OVERLAP" />
<TLINK id="TL33" fromID="E30" fromText="transferred" toID="E31" toText="the floor" type="AFTER" />
<TLINK id="TL34" fromID="E30" fromText="transferred" toID="T6" toText="HD#2" type="OVERLAP" />
<TLINK id="TL35" fromID="T7" fromText="BID" toID="T6" toText="HD#2" type="OVERLAP" />
<TLINK id="TL36" fromID="E32" fromText="dressing changes" toID="T7" toText="BID" type="OVERLAP" />
<TLINK id="TL37" fromID="E32" fromText="dressing changes" toID="E33" toText="Plastic surgery" type="OVERLAP" />
<TLINK id="TL38" fromID="E34" fromText="silvadine" toID="E33" toText="Plastic surgery" type="OVERLAP" />
<TLINK id="TL39" fromID="E35" fromText="dessication" toID="E34" toText="silvadine" type="BEFORE" />
<TLINK id="TL40" fromID="E35" fromText="dessication" toID="E36" toText="Vascular surgery" type="OVERLAP" />
<TLINK id="TL41" fromID="E37" fromText="An angiogram" toID="E36" toText="Vascular surgery" type="OVERLAP" />
<TLINK id="TL42" fromID="E37" fromText="An angiogram" toID="T8" toText="HD#4" type="OVERLAP" />
<TLINK id="TL43" fromID="E38" fromText="showed" toID="E37" toText="An angiogram" type="OVERLAP" />
<TLINK id="TL44" fromID="E39" fromText="severe tibial disease" toID="E38" toText="showed" type="BEFORE" />
<TLINK id="TL45" fromID="E40" fromText="moderate SFA disease" toID="E39" toText="severe tibial disease" type="OVERLAP" />
<TLINK id="TL46" fromID="E40" fromText="moderate SFA disease" toID="E42" toText="a femoral-peroneal bypass" type="OVERLAP" />
<TLINK id="TL47" fromID="E42" fromText="a femoral-peroneal bypass" toID="E43" toText="this operation" type="OVERLAP" />
<TLINK id="TL48" fromID="E43" fromText="this operation" toID="T9" toText="HD#5" type="AFTER" />
<TLINK id="TL49" fromID="E44" fromText="the procedure" toID="E43" toText="this operation" type="OVERLAP" />
<TLINK id="TL50" fromID="E44" fromText="the procedure" toID="T10" toText="POD#1" type="AFTER" />
<TLINK id="TL51" fromID="E45" fromText="pRBCs" toID="T10" toText="POD#1" type="OVERLAP" />
<TLINK id="TL52" fromID="E46" fromText="post-op anemia" toID="E45" toText="pRBCs" type="OVERLAP" />
<TLINK id="TL53" fromID="E47" fromText="Hct" toID="T10" toText="POD#1" type="OVERLAP" />
<TLINK id="TL54" fromID="E47" fromText="Hct" toID="E48" toText="Infectious Disease" type="OVERLAP" />
<TLINK id="TL55" fromID="E48" fromText="Infectious Disease" toID="T11" toText="01-28 week" type="OVERLAP" />
<TLINK id="TL56" fromID="E49" fromText="Penicillin G" toID="T11" toText="01-28 week" type="OVERLAP" />
<TLINK id="TL57" fromID="E49" fromText="Penicillin G" toID="E50" toText="Clindamycin" type="OVERLAP" />
<TLINK id="TL58" fromID="E51" fromText="debrided" toID="E50" toText="Clindamycin" type="OVERLAP" />
<TLINK id="TL59" fromID="E53" fromText="the skin flaps" toID="E51" toText="debrided" type="OVERLAP" />
<TLINK id="TL60" fromID="E54" fromText="His wound" toID="E53" toText="the skin flaps" type="AFTER" />
<TLINK id="TL61" fromID="E54" fromText="His wound" toID="E55" toText="heal well" type="OVERLAP" />
<TLINK id="TL62" fromID="E54" fromText="His wound" toID="T12" toText="POD #6" type="OVERLAP" />
<TLINK id="TL63" fromID="E56" fromText="a VAC dressing" toID="T12" toText="POD #6" type="OVERLAP" />
<TLINK id="TL64" fromID="E57" fromText="a PICC" toID="E56" toText="a VAC dressing" type="OVERLAP" />
<TLINK id="TL65" fromID="E57" fromText="a PICC" toID="T13" toText="POD#7" type="AFTER" />
<TLINK id="TL66" fromID="E58" fromText="his long-term antibiotic therapy" toID="T13" toText="POD#7" type="OVERLAP" />
<TLINK id="TL67" fromID="T14" fromText="the time" toID="T13" toText="POD#7" type="OVERLAP" />
<TLINK id="TL68" fromID="T14" fromText="the time" toID="E59" toText="discharge" type="OVERLAP" />
<TLINK id="TL69" fromID="E60" fromText="good pain control" toID="E59" toText="discharge" type="OVERLAP" />
<TLINK id="TL70" fromID="E61" fromText="a regular diet" toID="E60" toText="good pain control" type="OVERLAP" />
<TLINK id="TL71" fromID="E62" fromText="a well-healing wound" toID="E61" toText="a regular diet" type="AFTER" />
<TLINK id="TL72" fromID="E62" fromText="a well-healing wound" toID="E63" toText="a VAC dressing" type="OVERLAP" />
<TLINK id="TL73" fromID="E64" fromText="his IV PCN G" toID="E63" toText="a VAC dressing" type="OVERLAP" />
<TLINK id="TL74" fromID="E64" fromText="his IV PCN G" toID="E65" toText="Clindamycin" type="OVERLAP" />
<TLINK id="TL75" fromID="E65" fromText="Clindamycin" toID="E66" toText="discharged" type="OVERLAP" />
<TLINK id="TL76" fromID="E67" fromText="a rehab facility" toID="E66" toText="discharged" type="AFTER" />
<TLINK id="TL77" fromID="E68" fromText="fair condition" toID="E66" toText="discharged" type="OVERLAP" />
<TLINK id="SECTIME0" fromID="E0" fromText="Admission" toID="T0" toText="2016-03-18" type="BEFORE" />
<TLINK id="SECTIME1" fromID="E32" fromText="dressing changes" toID="T1" toText="2016-04-01" type="BEFORE" />
<TLINK id="SECTIME2" fromID="E33" fromText="Plastic surgery" toID="T1" toText="2016-04-01" type="BEFORE" />
<TLINK id="SECTIME3" fromID="E34" fromText="silvadine" toID="T1" toText="2016-04-01" type="BEFORE" />
<TLINK id="SECTIME4" fromID="E35" fromText="dessication" toID="T1" toText="2016-04-01" type="AFTER" />
<TLINK id="SECTIME5" fromID="E36" fromText="Vascular surgery" toID="T1" toText="2016-04-01" type="BEFORE" />
<TLINK id="SECTIME6" fromID="E37" fromText="An angiogram" toID="T1" toText="2016-04-01" type="BEFORE" />
<TLINK id="SECTIME7" fromID="E38" fromText="showed" toID="T1" toText="2016-04-01" type="BEFORE" />
<TLINK id="SECTIME8" fromID="E39" fromText="severe tibial disease" toID="T1" toText="2016-04-01" type="BEFORE" />
<TLINK id="SECTIME9" fromID="E2" fromText="transferred" toID="T0" toText="2016-03-18" type="BEFORE" />
<TLINK id="SECTIME10" fromID="E40" fromText="moderate SFA disease" toID="T1" toText="2016-04-01" type="BEFORE" />
<TLINK id="SECTIME11" fromID="E42" fromText="a femoral-peroneal bypass" toID="T1" toText="2016-04-01" type="BEFORE" />
<TLINK id="SECTIME12" fromID="E43" fromText="this operation" toID="T1" toText="2016-04-01" type="BEFORE" />
<TLINK id="SECTIME13" fromID="E3" fromText="Kindred Park View Specialty Hospital of Springfield-Sample" toID="T0" toText="2016-03-18" type="BEFORE" />
<TLINK id="SECTIME14" fromID="E44" fromText="the procedure" toID="T1" toText="2016-04-01" type="BEFORE" />
<TLINK id="SECTIME15" fromID="E45" fromText="pRBCs" toID="T1" toText="2016-04-01" type="BEFORE" />
<TLINK id="SECTIME16" fromID="E46" fromText="post-op anemia" toID="T1" toText="2016-04-01" type="BEFORE" />
<TLINK id="SECTIME17" fromID="E47" fromText="Hct" toID="T1" toText="2016-04-01" type="BEFORE" />
<TLINK id="SECTIME18" fromID="E48" fromText="Infectious Disease" toID="T1" toText="2016-04-01" type="BEFORE" />
<TLINK id="SECTIME19" fromID="E49" fromText="Penicillin G" toID="T1" toText="2016-04-01" type="BEFORE" />
<TLINK id="SECTIME20" fromID="E50" fromText="Clindamycin" toID="T1" toText="2016-04-01" type="BEFORE" />
<TLINK id="SECTIME21" fromID="E51" fromText="debrided" toID="T1" toText="2016-04-01" type="BEFORE" />
<TLINK id="SECTIME22" fromID="E53" fromText="the skin flaps" toID="T1" toText="2016-04-01" type="BEFORE" />
<TLINK id="SECTIME23" fromID="E54" fromText="His wound" toID="T1" toText="2016-04-01" type="BEFORE" />
<TLINK id="SECTIME24" fromID="E55" fromText="heal well" toID="T1" toText="2016-04-01" type="BEFORE" />
<TLINK id="SECTIME25" fromID="E56" fromText="a VAC dressing" toID="T1" toText="2016-04-01" type="BEFORE" />
<TLINK id="SECTIME26" fromID="E57" fromText="a PICC" toID="T1" toText="2016-04-01" type="BEFORE" />
<TLINK id="SECTIME27" fromID="E58" fromText="his long-term antibiotic therapy" toID="T1" toText="2016-04-01" type="BEFORE" />
<TLINK id="SECTIME28" fromID="E59" fromText="discharge" toID="T1" toText="2016-04-01" type="BEFORE" />
<TLINK id="SECTIME29" fromID="E60" fromText="good pain control" toID="T1" toText="2016-04-01" type="BEFORE" />
<TLINK id="SECTIME30" fromID="E61" fromText="a regular diet" toID="T1" toText="2016-04-01" type="BEFORE" />
<TLINK id="SECTIME31" fromID="E62" fromText="a well-healing wound" toID="T1" toText="2016-04-01" type="BEFORE" />
<TLINK id="SECTIME32" fromID="E63" fromText="a VAC dressing" toID="T1" toText="2016-04-01" type="BEFORE" />
<TLINK id="SECTIME33" fromID="E64" fromText="his IV PCN G" toID="T1" toText="2016-04-01" type="BEFORE" />
<TLINK id="SECTIME34" fromID="E65" fromText="Clindamycin" toID="T1" toText="2016-04-01" type="BEFORE" />
<TLINK id="SECTIME35" fromID="E66" fromText="discharged" toID="T1" toText="2016-04-01" type="OVERLAP" />
<TLINK id="SECTIME36" fromID="E4" fromText="right foot pain" toID="T0" toText="2016-03-18" type="BEFORE" />
<TLINK id="SECTIME37" fromID="E67" fromText="a rehab facility" toID="T1" toText="2016-04-01" type="AFTER" />
<TLINK id="SECTIME38" fromID="E68" fromText="fair condition" toID="T1" toText="2016-04-01" type="BEFORE" />
<TLINK id="SECTIME39" fromID="E5" fromText="admission" toID="T0" toText="2016-03-18" type="BEFORE" />
<TLINK id="SECTIME40" fromID="E6" fromText="his Podiatrist" toID="T0" toText="2016-03-18" type="BEFORE" />
<TLINK id="SECTIME41" fromID="E1" fromText="Discharge" toID="T0" toText="2016-03-18" type="BEFORE" />
<TLINK id="SECTIME42" fromID="E7" fromText="gout" toID="T0" toText="2016-03-18" type="BEFORE" />
<TLINK id="SECTIME43" fromID="E8" fromText="colchicine" toID="T0" toText="2016-03-18" type="BEFORE" />
<TLINK id="SECTIME44" fromID="E9" fromText="prednisone" toID="T0" toText="2016-03-18" type="BEFORE" />
<TLINK id="SECTIME45" fromID="E10" fromText="more pain" toID="T0" toText="2016-03-18" type="BEFORE" />
<TLINK id="SECTIME46" fromID="E12" fromText="warmth" toID="T0" toText="2016-03-18" type="BEFORE" />
<TLINK id="SECTIME47" fromID="E13" fromText="presented" toID="T0" toText="2016-03-18" type="BEFORE" />
<TLINK id="SECTIME48" fromID="E14" fromText="the Youville Hospital - Woody Monica" toID="T0" toText="2016-03-18" type="BEFORE" />
<TLINK id="SECTIME49" fromID="E15" fromText="this hospital" toID="T0" toText="2016-03-18" type="BEFORE" />
<TLINK id="SECTIME50" fromID="E16" fromText="an I&D" toID="T0" toText="2016-03-18" type="BEFORE" />
<TLINK id="SECTIME51" fromID="E17" fromText="a right foot infection" toID="T0" toText="2016-03-18" type="BEFORE" />
<TLINK id="SECTIME52" fromID="E18" fromText="re-exploration" toID="T0" toText="2016-03-18" type="BEFORE" />
<TLINK id="SECTIME53" fromID="E19" fromText="necrotizing fascitis" toID="T0" toText="2016-03-18" type="BEFORE" />
<TLINK id="SECTIME54" fromID="E20" fromText="transferred" toID="T0" toText="2016-03-18" type="BEFORE" />
<TLINK id="SECTIME55" fromID="E21" fromText="Hallmark Health System" toID="T0" toText="2016-03-18" type="OVERLAP" />
<TLINK id="SECTIME56" fromID="E22" fromText="admitted" toID="T1" toText="2016-04-01" type="BEFORE" />
<TLINK id="SECTIME57" fromID="E23" fromText="the TSICU" toID="T1" toText="2016-04-01" type="BEFORE" />
<TLINK id="SECTIME58" fromID="E24" fromText="Penicillin G" toID="T1" toText="2016-04-01" type="BEFORE" />
<TLINK id="SECTIME59" fromID="E25" fromText="Clindamycin" toID="T1" toText="2016-04-01" type="BEFORE" />
<TLINK id="SECTIME60" fromID="E26" fromText="his wound" toID="T1" toText="2016-04-01" type="BEFORE" />
<TLINK id="SECTIME61" fromID="E27" fromText="Group A strep growth" toID="T1" toText="2016-04-01" type="BEFORE" />
<TLINK id="SECTIME62" fromID="E28" fromText="the New England Baptist Hospital-Bryce" toID="T1" toText="2016-04-01" type="BEFORE" />
<TLINK id="SECTIME63" fromID="E29" fromText="cultures" toID="T1" toText="2016-04-01" type="BEFORE" />
<TLINK id="SECTIME64" fromID="E30" fromText="transferred" toID="T1" toText="2016-04-01" type="BEFORE" />
<TLINK id="SECTIME65" fromID="E31" fromText="the floor" toID="T1" toText="2016-04-01" type="BEFORE" />
</TAGS>
</ClinicalNarrativeTemporalAnnotation>