<?xml version="1.0" encoding="UTF-8" ?>
<ClinicalNarrativeTemporalAnnotation>
<TEXT><![CDATA[
Admission Date :
2015-04-21
Discharge Date :
2015-04-29
Service :
CMED
HISTORY :
Baby Daniel Holman was born at 39 and 3/7 weeks gestation ( EDC 2015-04-25 ).
His mother is a 31-year-old female gravida 2 , para 1 , now 2 .
Prenatal screens : blood type A positive , antibody negative , rubella immune , RPR nonreactive , hepatitis B surface antigen negative , GBS unknown .
He was born by repeat C-section .
There was artificial rupture of membranes was performed at the delivery .
Amniotic fluid was clear .
Mother received epidural and spinal anesthesia .
Baby was vigorous at birth and received routine DR Johnson .
Apgars were 9 and 9 at 1 and 5 minutes .
He was transferred to the newborn nursery for further care .
In the newborn nursery he was started on PO feedings on demand .
He was noted to be large for gestational age with a weight of 4525 grams .
His d-sticks were greater than 80 .
At 5 hours of life he was noted to have grunting and flaring and E.C. Bovell consult was done .
He was in mild respiratory distress and a diagnosis of transient tachypnea of the newborn was made .
He was observed in the nursery for progression of symptoms .
At 16 hours of life he was noted to have increased work of breathing with tachypnea , flaring and grunting .
He was also noted to have axillary temperature of 100.4 and a rectal temperature of 100.9 .
At this point CMED was consulted again and he was transferred to the CMED triage for further care .
SUMMARY OF HOSPITAL COURSE BY SYSTEMS :
RESPIRATORY : The infant was placed on CPAP on admission to the CMED and remained on CPAP until day of life 2 at which time he weaned to nasal cannula and then subsequently to room air on day of life 3 .
He has remained on room air since that time and has had no issues with apnea or desaturation since being on room air .
Initial chest x-ray in the CMED showed haziness in the left lower lobe and patchy areas on the right side consistent with concerns for pneumonia .
The infant was treated for pneumonia from admission to the CMED .
CARDIOVASCULAR : The infant has maintained stable cardiovascular status with normal heart rates and blood pressures and no murmurs .
FLUIDS , ELECTROLYTES AND NUTRITION : The infant was started on IV fluids on admission to the CMED .
Electrolytes were measured on day of life 2 and were stable at that time .
No further electrolytes have been measured .
Enteral feedings were initiated on day of life 3 and the infant has been ad lib PO feeding on demand since that time .
His discharge weight is 4180 grams .
GASTROINTESTINAL :
Bilirubin level was peaked on day of life 4 to 10.9/0.3 .
He has required no phototherapy .
HEMATOLOGY : Hematocrit was done on admission to the CMED .
Hematocrit was 41 , platelet count of 404,000 .
No further hematocrit or platelets have been measured .
Blood typing has been done on this infant .
The baby 's blood type is B negative , antibody negative .
INFECTIOUS DISEASE : CBC and blood culture were screened on admission .
CBC was benign with 22,000 whites , 80 poly 's, 0 bands , 15 lymphs .
Ampicillin and gentamycin were initiated on admission and an LP was done due to the clinical issues of respiratory distress and fever on admission to the CMED .
CSF showed white count of 7 , reds 4 , protein 119 , glucose 69 .
The infant was treated for 7 days of presumed pneumonia with ampicillin and gentamycin .
Antibiotics were discontinued on the evening of 2015-04-28 .
NEUROLOGY : The infant has maintained a normal neurologic examination .
SENSORY : Hearing screen was performed with automated auditory brain stem responses and the results was the infant passing in both ears .
PSYCHOSOCIAL : A Arbour Hospital social worker has been involved with the family .
The contact social worker can be reached at ( 374 ) 419-2007 .
There are no active ongoing issues at this time .
]]></TEXT>
<TAGS>
<TLINK id="TL1" fromID="E0" fromText="Admission" toID="T0" toText="2015-04-21" type="OVERLAP" />
<TLINK id="TL2" fromID="E1" fromText="Discharge" toID="T1" toText="2015-04-29" type="OVERLAP" />
<TLINK id="TL3" fromID="T2" fromText="39 and 3/7 weeks" toID="E2" toText="born" type="OVERLAP" />
<TLINK id="TL4" fromID="E3" fromText="gestation" toID="E2" toText="born" type="OVERLAP" />
<TLINK id="TL5" fromID="E4" fromText="EDC" toID="E2" toText="born" type="OVERLAP" />
<TLINK id="TL6" fromID="E4" fromText="EDC" toID="T3" toText="2015-04-25" type="OVERLAP" />
<TLINK id="TL7" fromID="E5" fromText="Prenatal screens" toID="E6" toText="blood type" type="OVERLAP" />
<TLINK id="TL8" fromID="E7" fromText="antibody" toID="E6" toText="blood type" type="OVERLAP" />
<TLINK id="TL9" fromID="E8" fromText="rubella" toID="E7" toText="antibody" type="OVERLAP" />
<TLINK id="TL10" fromID="E9" fromText="RPR" toID="E8" toText="rubella" type="OVERLAP" />
<TLINK id="TL11" fromID="E10" fromText="hepatitis B surface antigen" toID="E9" toText="RPR" type="OVERLAP" />
<TLINK id="TL12" fromID="E10" fromText="hepatitis B surface antigen" toID="E11" toText="GBS" type="OVERLAP" />
<TLINK id="TL13" fromID="E11" fromText="GBS" toID="E12" toText="born" type="OVERLAP" />
<TLINK id="TL14" fromID="E13" fromText="repeat C-section" toID="E12" toText="born" type="AFTER" />
<TLINK id="TL15" fromID="E14" fromText="artificial rupture of membranes" toID="E13" toText="repeat C-section" type="OVERLAP" />
<TLINK id="TL16" fromID="E14" fromText="artificial rupture of membranes" toID="E15" toText="the delivery" type="OVERLAP" />
<TLINK id="TL17" fromID="E17" fromText="spinal anesthesia" toID="E16" toText="epidural" type="OVERLAP" />
<TLINK id="TL18" fromID="E17" fromText="spinal anesthesia" toID="E18" toText="vigorous" type="OVERLAP" />
<TLINK id="TL19" fromID="E18" fromText="vigorous" toID="E19" toText="birth" type="OVERLAP" />
<TLINK id="TL20" fromID="E20" fromText="Apgars" toID="E19" toText="birth" type="AFTER" />
<TLINK id="TL21" fromID="E20" fromText="Apgars" toID="T4" toText="1" type="OVERLAP" />
<TLINK id="TL22" fromID="E20" fromText="Apgars" toID="T5" toText="5 minutes" type="OVERLAP" />
<TLINK id="TL23" fromID="E21" fromText="transferred" toID="T5" toText="5 minutes" type="OVERLAP" />
<TLINK id="TL24" fromID="E21" fromText="transferred" toID="E22" toText="the newborn nursery" type="AFTER" />
<TLINK id="TL25" fromID="E23" fromText="further care" toID="E22" toText="the newborn nursery" type="OVERLAP" />
<TLINK id="TL26" fromID="E24" fromText="the newborn nursery" toID="E21" toText="transferred" type="AFTER" />
<TLINK id="TL27" fromID="E25" fromText="PO feedings" toID="E24" toText="the newborn nursery" type="OVERLAP" />
<TLINK id="TL28" fromID="E26" fromText="large for gestational age" toID="E25" toText="PO feedings" type="OVERLAP" />
<TLINK id="TL29" fromID="E26" fromText="large for gestational age" toID="E27" toText="a weight" type="OVERLAP" />
<TLINK id="TL30" fromID="E28" fromText="His d-sticks" toID="E27" toText="a weight" type="OVERLAP" />
<TLINK id="TL31" fromID="E28" fromText="His d-sticks" toID="T6" toText="5 hours of life" type="OVERLAP" />
<TLINK id="TL32" fromID="E29" fromText="grunting" toID="T6" toText="5 hours of life" type="OVERLAP" />
<TLINK id="TL33" fromID="E30" fromText="flaring" toID="E29" toText="grunting" type="OVERLAP" />
<TLINK id="TL34" fromID="E31" fromText="mild respiratory distress" toID="E30" toText="flaring" type="OVERLAP" />
<TLINK id="TL35" fromID="E31" fromText="mild respiratory distress" toID="E32" toText="transient tachypnea of the newborn" type="OVERLAP" />
<TLINK id="TL36" fromID="E33" fromText="observed" toID="E32" toText="transient tachypnea of the newborn" type="OVERLAP" />
<TLINK id="TL37" fromID="E33" fromText="observed" toID="E34" toText="the nursery" type="OVERLAP" />
<TLINK id="TL38" fromID="E35" fromText="progression of symptoms" toID="E34" toText="the nursery" type="BEFORE" />
<TLINK id="TL39" fromID="E33" fromText="observed" toID="T7" toText="16 hours of life" type="OVERLAP" />
<TLINK id="TL40" fromID="E36" fromText="increased work of breathing" toID="T7" toText="16 hours of life" type="OVERLAP" />
<TLINK id="TL41" fromID="E36" fromText="increased work of breathing" toID="E37" toText="tachypnea" type="OVERLAP" />
<TLINK id="TL42" fromID="E38" fromText="flaring" toID="E37" toText="tachypnea" type="OVERLAP" />
<TLINK id="TL43" fromID="E38" fromText="flaring" toID="E39" toText="grunting" type="OVERLAP" />
<TLINK id="TL44" fromID="E40" fromText="axillary temperature" toID="T7" toText="16 hours of life" type="OVERLAP" />
<TLINK id="TL45" fromID="E40" fromText="axillary temperature" toID="E41" toText="a rectal temperature" type="OVERLAP" />
<TLINK id="TL46" fromID="E41" fromText="a rectal temperature" toID="E42" toText="transferred" type="OVERLAP" />
<TLINK id="TL47" fromID="E42" fromText="transferred" toID="E43" toText="the CMED triage" type="OVERLAP" />
<TLINK id="TL48" fromID="E44" fromText="further care" toID="E43" toText="the CMED triage" type="OVERLAP" />
<TLINK id="TL49" fromID="E45" fromText="CPAP" toID="E46" toText="admission" type="OVERLAP" />
<TLINK id="TL50" fromID="E45" fromText="CPAP" toID="E47" toText="the CMED" type="OVERLAP" />
<TLINK id="TL51" fromID="E48" fromText="CPAP" toID="E47" toText="the CMED" type="OVERLAP" />
<TLINK id="TL52" fromID="E48" fromText="CPAP" toID="T8" toText="day of life 2" type="AFTER" />
<TLINK id="TL53" fromID="E49" fromText="nasal cannula" toID="T8" toText="day of life 2" type="OVERLAP" />
<TLINK id="TL54" fromID="E49" fromText="nasal cannula" toID="E50" toText="room air" type="OVERLAP" />
<TLINK id="TL55" fromID="E49" fromText="nasal cannula" toID="T9" toText="day of life 3" type="BEFORE" />
<TLINK id="TL56" fromID="E51" fromText="room air" toID="E50" toText="room air" type="OVERLAP" />
<TLINK id="TL57" fromID="E51" fromText="room air" toID="T18" toText="that time" type="OVERLAP" />
<TLINK id="TL58" fromID="E53" fromText="apnea" toID="E51" toText="room air" type="OVERLAP" />
<TLINK id="TL59" fromID="E53" fromText="apnea" toID="E54" toText="desaturation" type="OVERLAP" />
<TLINK id="TL60" fromID="E123" fromText="room air" toID="E54" toText="desaturation" type="OVERLAP" />
<TLINK id="TL61" fromID="E55" fromText="Initial chest x-ray" toID="E123" toText="room air" type="OVERLAP" />
<TLINK id="TL62" fromID="E55" fromText="Initial chest x-ray" toID="E56" toText="the CMED" type="OVERLAP" />
<TLINK id="TL63" fromID="E57" fromText="showed" toID="E55" toText="Initial chest x-ray" type="OVERLAP" />
<TLINK id="TL64" fromID="E58" fromText="haziness in the left lower lobe" toID="E57" toText="showed" type="BEFORE" />
<TLINK id="TL65" fromID="E59" fromText="patchy areas on the right side" toID="E55" toText="Initial chest x-ray" type="BEFORE" />
<TLINK id="TL66" fromID="E60" fromText="pneumonia" toID="E55" toText="Initial chest x-ray" type="BEFORE" />
<TLINK id="TL67" fromID="E60" fromText="pneumonia" toID="E64" toText="treated" type="OVERLAP" />
<TLINK id="TL68" fromID="E61" fromText="pneumonia" toID="E64" toText="treated" type="BEFORE" />
<TLINK id="TL69" fromID="E61" fromText="pneumonia" toID="E62" toText="admission" type="OVERLAP" />
<TLINK id="TL70" fromID="E64" fromText="treated" toID="E63" toText="the CMED" type="OVERLAP" />
<TLINK id="TL71" fromID="E65" fromText="stable cardiovascular status" toID="E63" toText="the CMED" type="BEFORE" />
<TLINK id="TL72" fromID="E65" fromText="stable cardiovascular status" toID="E67" toText="normal heart rates" type="OVERLAP" />
<TLINK id="TL73" fromID="E68" fromText="blood pressures" toID="E67" toText="normal heart rates" type="OVERLAP" />
<TLINK id="TL74" fromID="E68" fromText="blood pressures" toID="E69" toText="murmurs" type="OVERLAP" />
<TLINK id="TL75" fromID="E70" fromText="IV fluids" toID="E69" toText="murmurs" type="OVERLAP" />
<TLINK id="TL76" fromID="E70" fromText="IV fluids" toID="E71" toText="admission" type="OVERLAP" />
<TLINK id="TL77" fromID="E70" fromText="IV fluids" toID="E72" toText="the CMED" type="OVERLAP" />
<TLINK id="TL78" fromID="E73" fromText="Electrolytes" toID="E72" toText="the CMED" type="OVERLAP" />
<TLINK id="TL79" fromID="E73" fromText="Electrolytes" toID="T17" toText="day of life 2" type="OVERLAP" />
<TLINK id="TL80" fromID="E73" fromText="Electrolytes" toID="E74" toText="stable" type="OVERLAP" />
<TLINK id="TL81" fromID="E74" fromText="stable" toID="T16" toText="that time" type="OVERLAP" />
<TLINK id="TL82" fromID="E73" fromText="Electrolytes" toID="E75" toText="further electrolytes" type="OVERLAP" />
<TLINK id="TL83" fromID="E76" fromText="Enteral feedings" toID="E75" toText="further electrolytes" type="BEFORE" />
<TLINK id="TL84" fromID="E76" fromText="Enteral feedings" toID="T14" toText="day of life 3" type="AFTER" />
<TLINK id="TL85" fromID="E76" fromText="Enteral feedings" toID="E77" toText="ad lib PO feeding" type="OVERLAP" />
<TLINK id="TL86" fromID="E77" fromText="ad lib PO feeding" toID="T15" toText="that time" type="OVERLAP" />
<TLINK id="TL87" fromID="E78" fromText="His discharge weight" toID="T15" toText="that time" type="OVERLAP" />
<TLINK id="TL88" fromID="E80" fromText="peaked" toID="E79" toText="Bilirubin level" type="OVERLAP" />
<TLINK id="TL89" fromID="E80" fromText="peaked" toID="T13" toText="day of life 4" type="OVERLAP" />
<TLINK id="TL90" fromID="E81" fromText="phototherapy" toID="T13" toText="day of life 4" type="OVERLAP" />
<TLINK id="TL91" fromID="E82" fromText="Hematocrit" toID="E81" toText="phototherapy" type="BEFORE" />
<TLINK id="TL92" fromID="E82" fromText="Hematocrit" toID="E83" toText="admission" type="OVERLAP" />
<TLINK id="TL93" fromID="E82" fromText="Hematocrit" toID="E84" toText="the CMED" type="OVERLAP" />
<TLINK id="TL94" fromID="E85" fromText="Hematocrit" toID="E84" toText="the CMED" type="OVERLAP" />
<TLINK id="TL95" fromID="E86" fromText="platelet count" toID="E85" toText="Hematocrit" type="OVERLAP" />
<TLINK id="TL96" fromID="E86" fromText="platelet count" toID="E87" toText="hematocrit" type="OVERLAP" />
<TLINK id="TL97" fromID="E87" fromText="hematocrit" toID="E88" toText="platelets" type="OVERLAP" />
<TLINK id="TL98" fromID="E89" fromText="Blood typing" toID="E88" toText="platelets" type="OVERLAP" />
<TLINK id="TL99" fromID="E90" fromText="The baby 's blood type" toID="E89" toText="Blood typing" type="OVERLAP" />
<TLINK id="TL100" fromID="E91" fromText="antibody" toID="E90" toText="The baby 's blood type" type="OVERLAP" />
<TLINK id="TL101" fromID="E91" fromText="antibody" toID="E92" toText="CBC" type="OVERLAP" />
<TLINK id="TL102" fromID="E93" fromText="blood culture" toID="E92" toText="CBC" type="OVERLAP" />
<TLINK id="TL103" fromID="E93" fromText="blood culture" toID="E94" toText="admission ." type="OVERLAP" />
<TLINK id="TL104" fromID="E95" fromText="CBC" toID="E92" toText="CBC" type="OVERLAP" />
<TLINK id="TL105" fromID="E96" fromText="whites" toID="E95" toText="CBC" type="OVERLAP" />
<TLINK id="TL106" fromID="E97" fromText="poly 's," toID="E96" toText="whites" type="OVERLAP" />
<TLINK id="TL107" fromID="E98" fromText="bands" toID="E97" toText="poly 's," type="OVERLAP" />
<TLINK id="TL108" fromID="E98" fromText="bands" toID="E99" toText="lymphs" type="OVERLAP" />
<TLINK id="TL109" fromID="E100" fromText="Ampicillin" toID="E95" toText="CBC" type="OVERLAP" />
<TLINK id="TL110" fromID="E101" fromText="gentamycin" toID="E100" toText="Ampicillin" type="OVERLAP" />
<TLINK id="TL111" fromID="E101" fromText="gentamycin" toID="E102" toText="admission" type="OVERLAP" />
<TLINK id="TL112" fromID="E103" fromText="an LP" toID="E102" toText="admission" type="OVERLAP" />
<TLINK id="TL113" fromID="E104" fromText="respiratory distress" toID="E103" toText="an LP" type="OVERLAP" />
<TLINK id="TL114" fromID="E105" fromText="fever" toID="E104" toText="respiratory distress" type="OVERLAP" />
<TLINK id="TL115" fromID="E105" fromText="fever" toID="E106" toText="admission" type="OVERLAP" />
<TLINK id="TL116" fromID="E100" fromText="Ampicillin" toID="E107" toText="the CMED" type="OVERLAP" />
<TLINK id="TL117" fromID="E108" fromText="CSF" toID="E107" toText="the CMED" type="OVERLAP" />
<TLINK id="TL118" fromID="E109" fromText="showed" toID="E108" toText="CSF" type="OVERLAP" />
<TLINK id="TL119" fromID="E110" fromText="white count" toID="E109" toText="showed" type="OVERLAP" />
<TLINK id="TL120" fromID="E111" fromText="reds" toID="E110" toText="white count" type="OVERLAP" />
<TLINK id="TL121" fromID="E112" fromText="protein" toID="E111" toText="reds" type="OVERLAP" />
<TLINK id="TL122" fromID="E112" fromText="protein" toID="E113" toText="glucose" type="OVERLAP" />
<TLINK id="TL123" fromID="E113" fromText="glucose" toID="E114" toText="treated" type="AFTER" />
<TLINK id="TL124" fromID="E114" fromText="treated" toID="T11" toText="7 days" type="OVERLAP" />
<TLINK id="TL125" fromID="E115" fromText="pneumonia" toID="E114" toText="treated" type="OVERLAP" />
<TLINK id="TL126" fromID="E116" fromText="ampicillin" toID="T11" toText="7 days" type="OVERLAP" />
<TLINK id="TL127" fromID="E117" fromText="gentamycin" toID="E116" toText="ampicillin" type="OVERLAP" />
<TLINK id="TL128" fromID="E117" fromText="gentamycin" toID="E118" toText="Antibiotics" type="OVERLAP" />
<TLINK id="TL129" fromID="E118" fromText="Antibiotics" toID="T10" toText="the evening of 2015-04-28" type="OVERLAP" />
<TLINK id="TL130" fromID="E118" fromText="Antibiotics" toID="E119" toText="a normal neurologic examination" type="OVERLAP" />
<TLINK id="TL131" fromID="E120" fromText="Hearing screen" toID="E119" toText="a normal neurologic examination" type="OVERLAP" />
<TLINK id="TL132" fromID="E120" fromText="Hearing screen" toID="E121" toText="automated auditory brain stem responses" type="OVERLAP" />
<TLINK id="TL133" fromID="E122" fromText="active ongoing issues" toID="T12" toText="this time" type="OVERLAP" />
<TLINK id="SECTIME0" fromID="E0" fromText="Admission" toID="T0" toText="2015-04-21" type="BEFORE" />
<TLINK id="SECTIME1" fromID="E31" fromText="mild respiratory distress" toID="T0" toText="2015-04-21" type="BEFORE" />
<TLINK id="SECTIME2" fromID="E32" fromText="transient tachypnea of the newborn" toID="T0" toText="2015-04-21" type="BEFORE" />
<TLINK id="SECTIME3" fromID="E2" fromText="born" toID="T0" toText="2015-04-21" type="BEFORE" />
<TLINK id="SECTIME4" fromID="E33" fromText="observed" toID="T0" toText="2015-04-21" type="BEFORE" />
<TLINK id="SECTIME5" fromID="E34" fromText="the nursery" toID="T0" toText="2015-04-21" type="BEFORE" />
<TLINK id="SECTIME6" fromID="E35" fromText="progression of symptoms" toID="T0" toText="2015-04-21" type="BEFORE" />
<TLINK id="SECTIME7" fromID="E36" fromText="increased work of breathing" toID="T0" toText="2015-04-21" type="BEFORE" />
<TLINK id="SECTIME8" fromID="E37" fromText="tachypnea" toID="T0" toText="2015-04-21" type="BEFORE" />
<TLINK id="SECTIME9" fromID="E38" fromText="flaring" toID="T0" toText="2015-04-21" type="BEFORE" />
<TLINK id="SECTIME10" fromID="E39" fromText="grunting" toID="T0" toText="2015-04-21" type="BEFORE" />
<TLINK id="SECTIME11" fromID="E40" fromText="axillary temperature" toID="T0" toText="2015-04-21" type="BEFORE" />
<TLINK id="SECTIME12" fromID="E3" fromText="gestation" toID="T0" toText="2015-04-21" type="BEFORE" />
<TLINK id="SECTIME13" fromID="E41" fromText="a rectal temperature" toID="T0" toText="2015-04-21" type="BEFORE" />
<TLINK id="SECTIME14" fromID="E42" fromText="transferred" toID="T0" toText="2015-04-21" type="BEFORE" />
<TLINK id="SECTIME15" fromID="E4" fromText="EDC" toID="T0" toText="2015-04-21" type="BEFORE" />
<TLINK id="SECTIME16" fromID="E43" fromText="the CMED triage" toID="T0" toText="2015-04-21" type="BEFORE" />
<TLINK id="SECTIME17" fromID="E44" fromText="further care" toID="T0" toText="2015-04-21" type="BEFORE" />
<TLINK id="SECTIME18" fromID="E45" fromText="CPAP" toID="T1" toText="2015-04-29" type="BEFORE" />
<TLINK id="SECTIME19" fromID="E46" fromText="admission" toID="T1" toText="2015-04-29" type="BEFORE" />
<TLINK id="SECTIME20" fromID="E47" fromText="the CMED" toID="T1" toText="2015-04-29" type="BEFORE" />
<TLINK id="SECTIME21" fromID="E48" fromText="CPAP" toID="T1" toText="2015-04-29" type="BEFORE" />
<TLINK id="SECTIME22" fromID="E49" fromText="nasal cannula" toID="T1" toText="2015-04-29" type="BEFORE" />
<TLINK id="SECTIME23" fromID="E50" fromText="room air" toID="T1" toText="2015-04-29" type="BEFORE" />
<TLINK id="SECTIME24" fromID="E51" fromText="room air" toID="T1" toText="2015-04-29" type="BEFORE" />
<TLINK id="SECTIME25" fromID="E53" fromText="apnea" toID="T1" toText="2015-04-29" type="BEFORE" />
<TLINK id="SECTIME26" fromID="E54" fromText="desaturation" toID="T1" toText="2015-04-29" type="BEFORE" />
<TLINK id="SECTIME27" fromID="E123" fromText="room air" toID="T1" toText="2015-04-29" type="BEFORE" />
<TLINK id="SECTIME28" fromID="E55" fromText="Initial chest x-ray" toID="T1" toText="2015-04-29" type="BEFORE" />
<TLINK id="SECTIME29" fromID="E56" fromText="the CMED" toID="T1" toText="2015-04-29" type="BEFORE" />
<TLINK id="SECTIME30" fromID="E57" fromText="showed" toID="T1" toText="2015-04-29" type="BEFORE" />
<TLINK id="SECTIME31" fromID="E58" fromText="haziness in the left lower lobe" toID="T1" toText="2015-04-29" type="BEFORE" />
<TLINK id="SECTIME32" fromID="E59" fromText="patchy areas on the right side" toID="T1" toText="2015-04-29" type="BEFORE" />
<TLINK id="SECTIME33" fromID="E60" fromText="pneumonia" toID="T1" toText="2015-04-29" type="BEFORE" />
<TLINK id="SECTIME34" fromID="E64" fromText="treated" toID="T1" toText="2015-04-29" type="BEFORE" />
<TLINK id="SECTIME35" fromID="E61" fromText="pneumonia" toID="T1" toText="2015-04-29" type="BEFORE" />
<TLINK id="SECTIME36" fromID="E62" fromText="admission" toID="T1" toText="2015-04-29" type="BEFORE" />
<TLINK id="SECTIME37" fromID="E63" fromText="the CMED" toID="T1" toText="2015-04-29" type="BEFORE" />
<TLINK id="SECTIME38" fromID="E65" fromText="stable cardiovascular status" toID="T1" toText="2015-04-29" type="BEFORE" />
<TLINK id="SECTIME39" fromID="E67" fromText="normal heart rates" toID="T1" toText="2015-04-29" type="BEFORE" />
<TLINK id="SECTIME40" fromID="E68" fromText="blood pressures" toID="T1" toText="2015-04-29" type="BEFORE" />
<TLINK id="SECTIME41" fromID="E69" fromText="murmurs" toID="T1" toText="2015-04-29" type="BEFORE" />
<TLINK id="SECTIME42" fromID="E70" fromText="IV fluids" toID="T1" toText="2015-04-29" type="BEFORE" />
<TLINK id="SECTIME43" fromID="E5" fromText="Prenatal screens" toID="T0" toText="2015-04-21" type="BEFORE" />
<TLINK id="SECTIME44" fromID="E71" fromText="admission" toID="T1" toText="2015-04-29" type="BEFORE" />
<TLINK id="SECTIME45" fromID="E72" fromText="the CMED" toID="T1" toText="2015-04-29" type="BEFORE" />
<TLINK id="SECTIME46" fromID="E73" fromText="Electrolytes" toID="T1" toText="2015-04-29" type="BEFORE" />
<TLINK id="SECTIME47" fromID="E74" fromText="stable" toID="T1" toText="2015-04-29" type="BEFORE" />
<TLINK id="SECTIME48" fromID="E75" fromText="further electrolytes" toID="T1" toText="2015-04-29" type="BEFORE" />
<TLINK id="SECTIME49" fromID="E76" fromText="Enteral feedings" toID="T1" toText="2015-04-29" type="BEFORE" />
<TLINK id="SECTIME50" fromID="E6" fromText="blood type" toID="T0" toText="2015-04-21" type="BEFORE" />
<TLINK id="SECTIME51" fromID="E77" fromText="ad lib PO feeding" toID="T1" toText="2015-04-29" type="BEFORE" />
<TLINK id="SECTIME52" fromID="E78" fromText="His discharge weight" toID="T1" toText="2015-04-29" type="OVERLAP" />
<TLINK id="SECTIME53" fromID="E79" fromText="Bilirubin level" toID="T1" toText="2015-04-29" type="BEFORE" />
<TLINK id="SECTIME54" fromID="E80" fromText="peaked" toID="T1" toText="2015-04-29" type="BEFORE" />
<TLINK id="SECTIME55" fromID="E81" fromText="phototherapy" toID="T1" toText="2015-04-29" type="BEFORE" />
<TLINK id="SECTIME56" fromID="E7" fromText="antibody" toID="T0" toText="2015-04-21" type="BEFORE" />
<TLINK id="SECTIME57" fromID="E82" fromText="Hematocrit" toID="T1" toText="2015-04-29" type="BEFORE" />
<TLINK id="SECTIME58" fromID="E83" fromText="admission" toID="T1" toText="2015-04-29" type="BEFORE" />
<TLINK id="SECTIME59" fromID="E84" fromText="the CMED" toID="T1" toText="2015-04-29" type="BEFORE" />
<TLINK id="SECTIME60" fromID="E85" fromText="Hematocrit" toID="T1" toText="2015-04-29" type="BEFORE" />
<TLINK id="SECTIME61" fromID="E86" fromText="platelet count" toID="T1" toText="2015-04-29" type="BEFORE" />
<TLINK id="SECTIME62" fromID="E87" fromText="hematocrit" toID="T1" toText="2015-04-29" type="BEFORE" />
<TLINK id="SECTIME63" fromID="E88" fromText="platelets" toID="T1" toText="2015-04-29" type="BEFORE" />
<TLINK id="SECTIME64" fromID="E89" fromText="Blood typing" toID="T1" toText="2015-04-29" type="BEFORE" />
<TLINK id="SECTIME65" fromID="E8" fromText="rubella" toID="T0" toText="2015-04-21" type="BEFORE" />
<TLINK id="SECTIME66" fromID="E90" fromText="The baby 's blood type" toID="T1" toText="2015-04-29" type="BEFORE" />
<TLINK id="SECTIME67" fromID="E1" fromText="Discharge" toID="T0" toText="2015-04-21" type="BEFORE" />
<TLINK id="SECTIME68" fromID="E91" fromText="antibody" toID="T1" toText="2015-04-29" type="BEFORE" />
<TLINK id="SECTIME69" fromID="E92" fromText="CBC" toID="T1" toText="2015-04-29" type="BEFORE" />
<TLINK id="SECTIME70" fromID="E93" fromText="blood culture" toID="T1" toText="2015-04-29" type="BEFORE" />
<TLINK id="SECTIME71" fromID="E94" fromText="admission ." toID="T1" toText="2015-04-29" type="BEFORE" />
<TLINK id="SECTIME72" fromID="E95" fromText="CBC" toID="T1" toText="2015-04-29" type="BEFORE" />
<TLINK id="SECTIME73" fromID="E96" fromText="whites" toID="T1" toText="2015-04-29" type="BEFORE" />
<TLINK id="SECTIME74" fromID="E9" fromText="RPR" toID="T0" toText="2015-04-21" type="BEFORE" />
<TLINK id="SECTIME75" fromID="E97" fromText="poly 's," toID="T1" toText="2015-04-29" type="BEFORE" />
<TLINK id="SECTIME76" fromID="E98" fromText="bands" toID="T1" toText="2015-04-29" type="BEFORE" />
<TLINK id="SECTIME77" fromID="E99" fromText="lymphs" toID="T1" toText="2015-04-29" type="BEFORE" />
<TLINK id="SECTIME78" fromID="E100" fromText="Ampicillin" toID="T1" toText="2015-04-29" type="BEFORE" />
<TLINK id="SECTIME79" fromID="E101" fromText="gentamycin" toID="T1" toText="2015-04-29" type="BEFORE" />
<TLINK id="SECTIME80" fromID="E102" fromText="admission" toID="T1" toText="2015-04-29" type="BEFORE" />
<TLINK id="SECTIME81" fromID="E103" fromText="an LP" toID="T1" toText="2015-04-29" type="BEFORE" />
<TLINK id="SECTIME82" fromID="E104" fromText="respiratory distress" toID="T1" toText="2015-04-29" type="BEFORE" />
<TLINK id="SECTIME83" fromID="E105" fromText="fever" toID="T1" toText="2015-04-29" type="BEFORE" />
<TLINK id="SECTIME84" fromID="E106" fromText="admission" toID="T1" toText="2015-04-29" type="BEFORE" />
<TLINK id="SECTIME85" fromID="E10" fromText="hepatitis B surface antigen" toID="T0" toText="2015-04-21" type="BEFORE" />
<TLINK id="SECTIME86" fromID="E107" fromText="the CMED" toID="T1" toText="2015-04-29" type="BEFORE" />
<TLINK id="SECTIME87" fromID="E108" fromText="CSF" toID="T1" toText="2015-04-29" type="BEFORE" />
<TLINK id="SECTIME88" fromID="E109" fromText="showed" toID="T1" toText="2015-04-29" type="BEFORE" />
<TLINK id="SECTIME89" fromID="E110" fromText="white count" toID="T1" toText="2015-04-29" type="BEFORE" />
<TLINK id="SECTIME90" fromID="E111" fromText="reds" toID="T1" toText="2015-04-29" type="BEFORE" />
<TLINK id="SECTIME91" fromID="E112" fromText="protein" toID="T1" toText="2015-04-29" type="BEFORE" />
<TLINK id="SECTIME92" fromID="E113" fromText="glucose" toID="T1" toText="2015-04-29" type="BEFORE" />
<TLINK id="SECTIME93" fromID="E114" fromText="treated" toID="T1" toText="2015-04-29" type="BEFORE" />
<TLINK id="SECTIME94" fromID="E115" fromText="pneumonia" toID="T1" toText="2015-04-29" type="BEFORE" />
<TLINK id="SECTIME95" fromID="E116" fromText="ampicillin" toID="T1" toText="2015-04-29" type="BEFORE" />
<TLINK id="SECTIME96" fromID="E117" fromText="gentamycin" toID="T1" toText="2015-04-29" type="BEFORE" />
<TLINK id="SECTIME97" fromID="E118" fromText="Antibiotics" toID="T1" toText="2015-04-29" type="BEFORE" />
<TLINK id="SECTIME98" fromID="E119" fromText="a normal neurologic examination" toID="T1" toText="2015-04-29" type="BEFORE" />
<TLINK id="SECTIME99" fromID="E120" fromText="Hearing screen" toID="T1" toText="2015-04-29" type="BEFORE" />
<TLINK id="SECTIME100" fromID="E121" fromText="automated auditory brain stem responses" toID="T1" toText="2015-04-29" type="BEFORE" />
<TLINK id="SECTIME101" fromID="E11" fromText="GBS" toID="T0" toText="2015-04-21" type="BEFORE" />
<TLINK id="SECTIME102" fromID="E122" fromText="active ongoing issues" toID="T1" toText="2015-04-29" type="BEFORE" />
<TLINK id="SECTIME103" fromID="E12" fromText="born" toID="T0" toText="2015-04-21" type="BEFORE" />
<TLINK id="SECTIME104" fromID="E13" fromText="repeat C-section" toID="T0" toText="2015-04-21" type="BEFORE" />
<TLINK id="SECTIME105" fromID="E14" fromText="artificial rupture of membranes" toID="T0" toText="2015-04-21" type="BEFORE" />
<TLINK id="SECTIME106" fromID="E15" fromText="the delivery" toID="T0" toText="2015-04-21" type="OVERLAP" />
<TLINK id="SECTIME107" fromID="E16" fromText="epidural" toID="T0" toText="2015-04-21" type="BEFORE" />
<TLINK id="SECTIME108" fromID="E17" fromText="spinal anesthesia" toID="T0" toText="2015-04-21" type="BEFORE" />
<TLINK id="SECTIME109" fromID="E18" fromText="vigorous" toID="T0" toText="2015-04-21" type="BEFORE" />
<TLINK id="SECTIME110" fromID="E19" fromText="birth" toID="T0" toText="2015-04-21" type="BEFORE" />
<TLINK id="SECTIME111" fromID="E20" fromText="Apgars" toID="T0" toText="2015-04-21" type="OVERLAP" />
<TLINK id="SECTIME112" fromID="E21" fromText="transferred" toID="T0" toText="2015-04-21" type="OVERLAP" />
<TLINK id="SECTIME113" fromID="E22" fromText="the newborn nursery" toID="T0" toText="2015-04-21" type="AFTER" />
<TLINK id="SECTIME114" fromID="E23" fromText="further care" toID="T0" toText="2015-04-21" type="AFTER" />
<TLINK id="SECTIME115" fromID="E24" fromText="the newborn nursery" toID="T0" toText="2015-04-21" type="BEFORE" />
<TLINK id="SECTIME116" fromID="E25" fromText="PO feedings" toID="T0" toText="2015-04-21" type="BEFORE" />
<TLINK id="SECTIME117" fromID="E26" fromText="large for gestational age" toID="T0" toText="2015-04-21" type="BEFORE" />
<TLINK id="SECTIME118" fromID="E27" fromText="a weight" toID="T0" toText="2015-04-21" type="BEFORE" />
<TLINK id="SECTIME119" fromID="E28" fromText="His d-sticks" toID="T0" toText="2015-04-21" type="BEFORE" />
<TLINK id="SECTIME120" fromID="E29" fromText="grunting" toID="T0" toText="2015-04-21" type="BEFORE" />
<TLINK id="SECTIME121" fromID="E30" fromText="flaring" toID="T0" toText="2015-04-21" type="BEFORE" />
</TAGS>
</ClinicalNarrativeTemporalAnnotation>