<?xml version="1.0" encoding="UTF-8" ?>
<ClinicalNarrativeTemporalAnnotation>
<TEXT><![CDATA[
ADMISSION DATE :
20010614
DISCHARGE DATE :
20010616
ASSOCIATED PROCEDURES OR OPERATIONS :
POSTPARTUM DIAGNOSTIC PROCEDURES :
None
POSTPARTUM THERAPEUTIC PROCEDURES :
None
OTHER POSTPARTUM THERAPIES :
Routine Post Partum Care
HISTORY AND REASON FOR HOSPITALIZATION :
Active Labor
HOSPITAL COURSE ( include complications if any ) :
This 23 year old Gravida 2 Para 1001 was admitted to the Naliheall County Memorial Hospital Obstetrical service on 06/14/2001 at 01:29 pm for the indication ( s ) :
active labor .
She delivered a 3263 gram female infant at 06/14/2001 at 06:40 pm with apgar scores of 8 and 8 at one and five minutes respectively at 40.3 weeks gestation via vacuum extraction .
During her labor she encountered the following complication ( s ) :
fetal bradycardia .
During her delivery she encountered the following complication ( s ) :
nuchal cord , times two .
Postpartum she encountered the following complication ( s ) :
none .
She was discharged on 06/16/2001 at 12:00 pm in stable condition .
]]></TEXT>
<TAGS>
<TLINK id="TL1" fromID="E0" fromText="ADMISSION" toID="T0" toText="20010614" type="OVERLAP" />
<TLINK id="TL2" fromID="E1" fromText="DISCHARGE" toID="T1" toText="20010616" type="OVERLAP" />
<TLINK id="TL3" fromID="E4" fromText="admitted" toID="E5" toText="the Naliheall County Memorial Hospital Obstetrical service" type="OVERLAP" />
<TLINK id="TL4" fromID="E5" fromText="the Naliheall County Memorial Hospital Obstetrical service" toID="T2" toText="06/14/2001 at 01:29 pm" type="OVERLAP" />
<TLINK id="TL5" fromID="E6" fromText="active labor" toID="T2" toText="06/14/2001 at 01:29 pm" type="OVERLAP" />
<TLINK id="TL6" fromID="E6" fromText="active labor" toID="E7" toText="delivered" type="OVERLAP" />
<TLINK id="TL7" fromID="E7" fromText="delivered" toID="T3" toText="06/14/2001 at 06:40 pm" type="OVERLAP" />
<TLINK id="TL8" fromID="E8" fromText="apgar scores" toID="T3" toText="06/14/2001 at 06:40 pm" type="OVERLAP" />
<TLINK id="TL9" fromID="E8" fromText="apgar scores" toID="T4" toText="one" type="OVERLAP" />
<TLINK id="TL10" fromID="T5" fromText="five minutes" toID="T4" toText="one" type="OVERLAP" />
<TLINK id="TL11" fromID="T6" fromText="40.3 weeks" toID="T4" toText="one" type="BEFORE" />
<TLINK id="TL12" fromID="E10" fromText="gestation" toID="T6" toText="40.3 weeks" type="OVERLAP" />
<TLINK id="TL13" fromID="E9" fromText="vacuum extraction" toID="T6" toText="40.3 weeks" type="OVERLAP" />
<TLINK id="TL14" fromID="E11" fromText="her labor" toID="T5" toText="five minutes" type="AFTER" />
<TLINK id="TL15" fromID="E12" fromText="the following complication ( s )" toID="E11" toText="her labor" type="OVERLAP" />
<TLINK id="TL16" fromID="E13" fromText="fetal bradycardia" toID="E12" toText="the following complication ( s )" type="OVERLAP" />
<TLINK id="TL17" fromID="E13" fromText="fetal bradycardia" toID="E14" toText="her delivery" type="OVERLAP" />
<TLINK id="TL18" fromID="E15" fromText="the following complication ( s )" toID="E14" toText="her delivery" type="OVERLAP" />
<TLINK id="TL19" fromID="E16" fromText="nuchal cord" toID="E15" toText="the following complication ( s )" type="OVERLAP" />
<TLINK id="TL20" fromID="E16" fromText="nuchal cord" toID="T7" toText="times two" type="OVERLAP" />
<TLINK id="TL21" fromID="E16" fromText="nuchal cord" toID="E17" toText="Postpartum" type="OVERLAP" />
<TLINK id="TL22" fromID="E18" fromText="the following complication ( s )" toID="E17" toText="Postpartum" type="OVERLAP" />
<TLINK id="TL23" fromID="E19" fromText="discharged" toID="T8" toText="06/16/2001 at 12:00 pm" type="OVERLAP" />
<TLINK id="TL24" fromID="E20" fromText="stable condition" toID="E19" toText="discharged" type="OVERLAP" />
<TLINK id="SECTIME0" fromID="E0" fromText="ADMISSION" toID="T0" toText="20010614" type="BEFORE" />
<TLINK id="SECTIME1" fromID="E2" fromText="Routine Post Partum Care" toID="T0" toText="20010614" type="BEFORE" />
<TLINK id="SECTIME2" fromID="E3" fromText="Active Labor" toID="T0" toText="20010614" type="BEFORE" />
<TLINK id="SECTIME3" fromID="E1" fromText="DISCHARGE" toID="T0" toText="20010614" type="BEFORE" />
<TLINK id="SECTIME4" fromID="E4" fromText="admitted" toID="T1" toText="20010616" type="OVERLAP" />
<TLINK id="SECTIME5" fromID="E5" fromText="the Naliheall County Memorial Hospital Obstetrical service" toID="T1" toText="20010616" type="OVERLAP" />
<TLINK id="SECTIME6" fromID="E6" fromText="active labor" toID="T1" toText="20010616" type="BEFORE" />
<TLINK id="SECTIME7" fromID="E7" fromText="delivered" toID="T1" toText="20010616" type="BEFORE" />
<TLINK id="SECTIME8" fromID="E8" fromText="apgar scores" toID="T1" toText="20010616" type="BEFORE" />
<TLINK id="SECTIME9" fromID="E10" fromText="gestation" toID="T1" toText="20010616" type="BEFORE" />
<TLINK id="SECTIME10" fromID="E9" fromText="vacuum extraction" toID="T1" toText="20010616" type="BEFORE" />
<TLINK id="SECTIME11" fromID="E11" fromText="her labor" toID="T1" toText="20010616" type="BEFORE" />
<TLINK id="SECTIME12" fromID="E12" fromText="the following complication ( s )" toID="T1" toText="20010616" type="BEFORE" />
<TLINK id="SECTIME13" fromID="E13" fromText="fetal bradycardia" toID="T1" toText="20010616" type="BEFORE" />
<TLINK id="SECTIME14" fromID="E14" fromText="her delivery" toID="T1" toText="20010616" type="OVERLAP" />
<TLINK id="SECTIME15" fromID="E15" fromText="the following complication ( s )" toID="T1" toText="20010616" type="BEFORE" />
<TLINK id="SECTIME16" fromID="E16" fromText="nuchal cord" toID="T1" toText="20010616" type="BEFORE" />
<TLINK id="SECTIME17" fromID="E17" fromText="Postpartum" toID="T1" toText="20010616" type="BEFORE" />
<TLINK id="SECTIME18" fromID="E18" fromText="the following complication ( s )" toID="T1" toText="20010616" type="BEFORE" />
<TLINK id="SECTIME19" fromID="E19" fromText="discharged" toID="T1" toText="20010616" type="OVERLAP" />
<TLINK id="SECTIME20" fromID="E20" fromText="stable condition" toID="T1" toText="20010616" type="BEFORE" />
</TAGS>
</ClinicalNarrativeTemporalAnnotation>