<?xml version="1.0" encoding="UTF-8" ?>
<ClinicalNarrativeTemporalAnnotation>
<TEXT><![CDATA[
Admission Date:
2014-03-31
Discharge Date :
2014-04-01
Service :
CMED
HISTORY :
Baby Alfonso Carroll is a full term infant born at 3.325 kg to a 35-year-old G2 , P1 , now 2 mother .
Prenatal screens - blood type O positive , antibody screen negative , hepatitis B surface antigen negative , RPR nonreactive , rubella immune .
GBS negative .
Maternal history notable for hypothyroidism on Levoxyl .
Primary cesarean section with previous pregnancy for arrest of descent .
Other meds : Paxil .
This pregnancy is complicated by a cyst noted on the umbilical cord on fetal ultrasound study at 18 weeks gestation .
Mother presented in spontaneous labor .
No perineal sepsis risk factors .
No maternal fever .
No prolonged rupture of membranes .
Clear amniotic fluid .
Anesthesia by epidural .
Vaginal delivery .
Apgars were 8 and 9 .
SUMMARY OF HOSPITAL COURSE BY SYSTEMS :
RESPIRATORY : He has been stable in room air throughout hospital course .
CARDIOVASCULAR : No cardiovascular issues .
FLUIDS , ELECTROLYTES AND NUTRITION : Infant initiated on 60 cc per kg per day of D10W .
D-sticks have been stable . Infant is allowed to ad lib breast feed which he is doing vigorously .
GASTROINTESTINAL : Infant is ad lib feeding .
An abdominal ultrasound was performed .
Initial impression included omphalocele with further imaging of the bowel to be done .
Surgery was consulted and Dr. Boston took patient to OR for exploration of cord on 04-01 .
Urachal duct remnanr found , removed and bladder repaired .
Post op course unremrakable .
PAtient began feeding first post op day and has done well .
HEMATOLOGY : Hematocrit on admission was 52.8 .
The infant does not require a new blood transfusion .
INFECTIOUS DISEASE : CBC and blood culture obtained on admission .
Initial CBC had a white count of 20 , platelet count of 386 , 63 polys , 2 bands , 23 lymphs .
Blood cultures remained negative at this time .
Infant has not received any antibiotics .
NEUROLOGIC : Infant has been appropriate for gestational age .
SENSORY : Hearing screen has not yet been performed but should be done prior to discharge .
]]></TEXT>
<TAGS>
<TLINK id="TL1" fromID="E0" fromText="Admission" toID="T0" toText="2014-03-31" type="OVERLAP" />
<TLINK id="TL2" fromID="E1" fromText="Discharge" toID="T1" toText="2014-04-01" type="OVERLAP" />
<TLINK id="TL3" fromID="E3" fromText="Prenatal screens" toID="E2" toText="born" type="BEFORE" />
<TLINK id="TL4" fromID="E3" fromText="Prenatal screens" toID="E4" toText="blood type" type="OVERLAP" />
<TLINK id="TL5" fromID="E5" fromText="antibody screen" toID="E4" toText="blood type" type="OVERLAP" />
<TLINK id="TL6" fromID="E6" fromText="hepatitis B surface antigen" toID="E5" toText="antibody screen" type="OVERLAP" />
<TLINK id="TL7" fromID="E7" fromText="RPR" toID="E6" toText="hepatitis B surface antigen" type="OVERLAP" />
<TLINK id="TL8" fromID="E8" fromText="rubella" toID="E7" toText="RPR" type="OVERLAP" />
<TLINK id="TL9" fromID="E9" fromText="GBS" toID="E8" toText="rubella" type="OVERLAP" />
<TLINK id="TL10" fromID="E10" fromText="hypothyroidism" toID="E9" toText="GBS" type="OVERLAP" />
<TLINK id="TL11" fromID="E10" fromText="hypothyroidism" toID="E11" toText="Levoxyl" type="BEFORE" />
<TLINK id="TL12" fromID="E12" fromText="Primary cesarean section" toID="E11" toText="Levoxyl" type="OVERLAP" />
<TLINK id="TL13" fromID="E12" fromText="Primary cesarean section" toID="E13" toText="previous pregnancy" type="OVERLAP" />
<TLINK id="TL14" fromID="E14" fromText="arrest of descent" toID="E13" toText="previous pregnancy" type="OVERLAP" />
<TLINK id="TL15" fromID="E15" fromText="Other meds" toID="E12" toText="Primary cesarean section" type="OVERLAP" />
<TLINK id="TL16" fromID="E15" fromText="Other meds" toID="E16" toText="Paxil" type="OVERLAP" />
<TLINK id="TL17" fromID="E16" fromText="Paxil" toID="E17" toText="This pregnancy" type="OVERLAP" />
<TLINK id="TL18" fromID="E18" fromText="a cyst" toID="E17" toText="This pregnancy" type="OVERLAP" />
<TLINK id="TL19" fromID="E18" fromText="a cyst" toID="E19" toText="fetal ultrasound study" type="OVERLAP" />
<TLINK id="TL20" fromID="E19" fromText="fetal ultrasound study" toID="T2" toText="18 weeks" type="OVERLAP" />
<TLINK id="TL21" fromID="E19" fromText="fetal ultrasound study" toID="E20" toText="presented" type="OVERLAP" />
<TLINK id="TL22" fromID="E21" fromText="spontaneous labor ." toID="E20" toText="presented" type="OVERLAP" />
<TLINK id="TL23" fromID="E22" fromText="perineal sepsis risk factors" toID="E20" toText="presented" type="BEFORE" />
<TLINK id="TL24" fromID="E23" fromText="maternal fever" toID="E22" toText="perineal sepsis risk factors" type="OVERLAP" />
<TLINK id="TL25" fromID="E23" fromText="maternal fever" toID="E24" toText="prolonged rupture of membranes" type="OVERLAP" />
<TLINK id="TL26" fromID="E24" fromText="prolonged rupture of membranes" toID="E25" toText="Clear amniotic fluid" type="OVERLAP" />
<TLINK id="TL27" fromID="E25" fromText="Clear amniotic fluid" toID="E26" toText="Anesthesia" type="AFTER" />
<TLINK id="TL28" fromID="E27" fromText="epidural" toID="E26" toText="Anesthesia" type="OVERLAP" />
<TLINK id="TL29" fromID="E28" fromText="Vaginal delivery" toID="E27" toText="epidural" type="OVERLAP" />
<TLINK id="TL30" fromID="E29" fromText="Apgars" toID="E28" toText="Vaginal delivery" type="AFTER" />
<TLINK id="TL31" fromID="E30" fromText="stable" toID="E31" toText="hospital course" type="OVERLAP" />
<TLINK id="TL32" fromID="E32" fromText="cardiovascular issues" toID="E31" toText="hospital course" type="OVERLAP" />
<TLINK id="TL33" fromID="E32" fromText="cardiovascular issues" toID="E33" toText="D10W" type="BEFORE" />
<TLINK id="TL34" fromID="E33" fromText="D10W" toID="E34" toText="D-sticks" type="OVERLAP" />
<TLINK id="TL35" fromID="E34" fromText="D-sticks" toID="E35" toText="stable" type="OVERLAP" />
<TLINK id="TL36" fromID="E35" fromText="stable" toID="T3" toText="ad lib" type="OVERLAP" />
<TLINK id="TL37" fromID="E36" fromText="breast feed" toID="E35" toText="stable" type="OVERLAP" />
<TLINK id="TL38" fromID="E36" fromText="breast feed" toID="T4" toText="ad lib" type="OVERLAP" />
<TLINK id="TL39" fromID="E37" fromText="feeding" toID="T4" toText="ad lib" type="OVERLAP" />
<TLINK id="TL40" fromID="E38" fromText="An abdominal ultrasound" toID="E37" toText="feeding" type="OVERLAP" />
<TLINK id="TL41" fromID="E39" fromText="omphalocele" toID="E38" toText="An abdominal ultrasound" type="OVERLAP" />
<TLINK id="TL42" fromID="E39" fromText="omphalocele" toID="E40" toText="further imaging of the bowel" type="OVERLAP" />
<TLINK id="TL43" fromID="E40" fromText="further imaging of the bowel" toID="E41" toText="OR" type="OVERLAP" />
<TLINK id="TL44" fromID="E42" fromText="exploration of cord" toID="E41" toText="OR" type="OVERLAP" />
<TLINK id="TL45" fromID="E42" fromText="exploration of cord" toID="T5" toText="04-01" type="OVERLAP" />
<TLINK id="TL46" fromID="E43" fromText="Urachal duct remnanr" toID="E42" toText="exploration of cord" type="OVERLAP" />
<TLINK id="TL47" fromID="E43" fromText="Urachal duct remnanr" toID="E44" toText="removed" type="BEFORE" />
<TLINK id="TL48" fromID="E45" fromText="bladder repaired" toID="E44" toText="removed" type="OVERLAP" />
<TLINK id="TL49" fromID="E45" fromText="bladder repaired" toID="E46" toText="Post op course" type="OVERLAP" />
<TLINK id="TL50" fromID="E46" fromText="Post op course" toID="E47" toText="unremrakable" type="OVERLAP" />
<TLINK id="TL51" fromID="E48" fromText="feeding" toID="E47" toText="unremrakable" type="OVERLAP" />
<TLINK id="TL52" fromID="E48" fromText="feeding" toID="T6" toText="first post op day" type="OVERLAP" />
<TLINK id="TL53" fromID="E49" fromText="done well" toID="E48" toText="feeding" type="OVERLAP" />
<TLINK id="TL54" fromID="E50" fromText="Hematocrit" toID="E49" toText="done well" type="OVERLAP" />
<TLINK id="TL55" fromID="E50" fromText="Hematocrit" toID="E51" toText="admission" type="OVERLAP" />
<TLINK id="TL56" fromID="E52" fromText="a new blood transfusion" toID="E51" toText="admission" type="OVERLAP" />
<TLINK id="TL57" fromID="E52" fromText="a new blood transfusion" toID="E53" toText="CBC" type="AFTER" />
<TLINK id="TL58" fromID="E54" fromText="blood culture" toID="E53" toText="CBC" type="OVERLAP" />
<TLINK id="TL59" fromID="E54" fromText="blood culture" toID="E55" toText="admission" type="OVERLAP" />
<TLINK id="TL60" fromID="E56" fromText="Initial CBC" toID="E53" toText="CBC" type="OVERLAP" />
<TLINK id="TL61" fromID="E56" fromText="Initial CBC" toID="E57" toText="a white count" type="OVERLAP" />
<TLINK id="TL62" fromID="E58" fromText="platelet count" toID="E57" toText="a white count" type="OVERLAP" />
<TLINK id="TL63" fromID="E58" fromText="platelet count" toID="E59" toText="polys" type="OVERLAP" />
<TLINK id="TL64" fromID="E60" fromText="bands" toID="E59" toText="polys" type="OVERLAP" />
<TLINK id="TL65" fromID="E60" fromText="bands" toID="E61" toText="lymphs" type="OVERLAP" />
<TLINK id="TL66" fromID="E62" fromText="Blood cultures" toID="E61" toText="lymphs" type="OVERLAP" />
<TLINK id="TL67" fromID="E62" fromText="Blood cultures" toID="E63" toText="any antibiotics" type="BEFORE" />
<TLINK id="TL68" fromID="E63" fromText="any antibiotics" toID="E64" toText="appropriate for gestational age" type="OVERLAP" />
<TLINK id="TL69" fromID="E65" fromText="Hearing screen" toID="E64" toText="appropriate for gestational age" type="OVERLAP" />
<TLINK id="TL70" fromID="E65" fromText="Hearing screen" toID="E66" toText="discharge" type="OVERLAP" />
<TLINK id="SECTIME0" fromID="E0" fromText="Admission" toID="T0" toText="2014-03-31" type="BEFORE" />
<TLINK id="SECTIME1" fromID="E33" fromText="D10W" toID="T0" toText="2014-03-31" type="BEFORE" />
<TLINK id="SECTIME2" fromID="E34" fromText="D-sticks" toID="T0" toText="2014-03-31" type="BEFORE" />
<TLINK id="SECTIME3" fromID="E35" fromText="stable" toID="T0" toText="2014-03-31" type="BEFORE" />
<TLINK id="SECTIME4" fromID="E36" fromText="breast feed" toID="T0" toText="2014-03-31" type="BEFORE" />
<TLINK id="SECTIME5" fromID="E37" fromText="feeding" toID="T0" toText="2014-03-31" type="BEFORE" />
<TLINK id="SECTIME6" fromID="E38" fromText="An abdominal ultrasound" toID="T0" toText="2014-03-31" type="BEFORE" />
<TLINK id="SECTIME7" fromID="E2" fromText="born" toID="T0" toText="2014-03-31" type="BEFORE" />
<TLINK id="SECTIME8" fromID="E39" fromText="omphalocele" toID="T1" toText="2014-04-01" type="BEFORE" />
<TLINK id="SECTIME9" fromID="E40" fromText="further imaging of the bowel" toID="T1" toText="2014-04-01" type="BEFORE" />
<TLINK id="SECTIME10" fromID="E41" fromText="OR" toID="T1" toText="2014-04-01" type="BEFORE" />
<TLINK id="SECTIME11" fromID="E42" fromText="exploration of cord" toID="T1" toText="2014-04-01" type="BEFORE" />
<TLINK id="SECTIME12" fromID="E43" fromText="Urachal duct remnanr" toID="T1" toText="2014-04-01" type="BEFORE" />
<TLINK id="SECTIME13" fromID="E44" fromText="removed" toID="T1" toText="2014-04-01" type="BEFORE" />
<TLINK id="SECTIME14" fromID="E45" fromText="bladder repaired" toID="T1" toText="2014-04-01" type="BEFORE" />
<TLINK id="SECTIME15" fromID="E46" fromText="Post op course" toID="T1" toText="2014-04-01" type="BEFORE" />
<TLINK id="SECTIME16" fromID="E47" fromText="unremrakable" toID="T1" toText="2014-04-01" type="BEFORE" />
<TLINK id="SECTIME17" fromID="E48" fromText="feeding" toID="T1" toText="2014-04-01" type="BEFORE" />
<TLINK id="SECTIME18" fromID="E49" fromText="done well" toID="T1" toText="2014-04-01" type="BEFORE" />
<TLINK id="SECTIME19" fromID="E50" fromText="Hematocrit" toID="T1" toText="2014-04-01" type="BEFORE" />
<TLINK id="SECTIME20" fromID="E51" fromText="admission" toID="T1" toText="2014-04-01" type="BEFORE" />
<TLINK id="SECTIME21" fromID="E52" fromText="a new blood transfusion" toID="T1" toText="2014-04-01" type="BEFORE" />
<TLINK id="SECTIME22" fromID="E53" fromText="CBC" toID="T1" toText="2014-04-01" type="BEFORE" />
<TLINK id="SECTIME23" fromID="E54" fromText="blood culture" toID="T1" toText="2014-04-01" type="BEFORE" />
<TLINK id="SECTIME24" fromID="E55" fromText="admission" toID="T1" toText="2014-04-01" type="BEFORE" />
<TLINK id="SECTIME25" fromID="E56" fromText="Initial CBC" toID="T1" toText="2014-04-01" type="BEFORE" />
<TLINK id="SECTIME26" fromID="E57" fromText="a white count" toID="T1" toText="2014-04-01" type="BEFORE" />
<TLINK id="SECTIME27" fromID="E58" fromText="platelet count" toID="T1" toText="2014-04-01" type="BEFORE" />
<TLINK id="SECTIME28" fromID="E3" fromText="Prenatal screens" toID="T0" toText="2014-03-31" type="BEFORE" />
<TLINK id="SECTIME29" fromID="E59" fromText="polys" toID="T1" toText="2014-04-01" type="BEFORE" />
<TLINK id="SECTIME30" fromID="E60" fromText="bands" toID="T1" toText="2014-04-01" type="BEFORE" />
<TLINK id="SECTIME31" fromID="E61" fromText="lymphs" toID="T1" toText="2014-04-01" type="BEFORE" />
<TLINK id="SECTIME32" fromID="E62" fromText="Blood cultures" toID="T1" toText="2014-04-01" type="BEFORE" />
<TLINK id="SECTIME33" fromID="E63" fromText="any antibiotics" toID="T1" toText="2014-04-01" type="BEFORE" />
<TLINK id="SECTIME34" fromID="E64" fromText="appropriate for gestational age" toID="T1" toText="2014-04-01" type="BEFORE" />
<TLINK id="SECTIME35" fromID="E4" fromText="blood type" toID="T0" toText="2014-03-31" type="BEFORE" />
<TLINK id="SECTIME36" fromID="E65" fromText="Hearing screen" toID="T1" toText="2014-04-01" type="BEFORE" />
<TLINK id="SECTIME37" fromID="E66" fromText="discharge" toID="T1" toText="2014-04-01" type="BEFORE" />
<TLINK id="SECTIME38" fromID="E5" fromText="antibody screen" toID="T0" toText="2014-03-31" type="BEFORE" />
<TLINK id="SECTIME39" fromID="E6" fromText="hepatitis B surface antigen" toID="T0" toText="2014-03-31" type="BEFORE" />
<TLINK id="SECTIME40" fromID="E1" fromText="Discharge" toID="T0" toText="2014-03-31" type="BEFORE" />
<TLINK id="SECTIME41" fromID="E7" fromText="RPR" toID="T0" toText="2014-03-31" type="BEFORE" />
<TLINK id="SECTIME42" fromID="E8" fromText="rubella" toID="T0" toText="2014-03-31" type="BEFORE" />
<TLINK id="SECTIME43" fromID="E9" fromText="GBS" toID="T0" toText="2014-03-31" type="BEFORE" />
<TLINK id="SECTIME44" fromID="E10" fromText="hypothyroidism" toID="T0" toText="2014-03-31" type="BEFORE" />
<TLINK id="SECTIME45" fromID="E11" fromText="Levoxyl" toID="T0" toText="2014-03-31" type="BEFORE" />
<TLINK id="SECTIME46" fromID="E12" fromText="Primary cesarean section" toID="T0" toText="2014-03-31" type="BEFORE" />
<TLINK id="SECTIME47" fromID="E13" fromText="previous pregnancy" toID="T0" toText="2014-03-31" type="BEFORE" />
<TLINK id="SECTIME48" fromID="E14" fromText="arrest of descent" toID="T0" toText="2014-03-31" type="BEFORE" />
<TLINK id="SECTIME49" fromID="E15" fromText="Other meds" toID="T0" toText="2014-03-31" type="BEFORE" />
<TLINK id="SECTIME50" fromID="E16" fromText="Paxil" toID="T0" toText="2014-03-31" type="BEFORE" />
<TLINK id="SECTIME51" fromID="E17" fromText="This pregnancy" toID="T0" toText="2014-03-31" type="BEFORE" />
<TLINK id="SECTIME52" fromID="E18" fromText="a cyst" toID="T0" toText="2014-03-31" type="BEFORE" />
<TLINK id="SECTIME53" fromID="E19" fromText="fetal ultrasound study" toID="T0" toText="2014-03-31" type="BEFORE" />
<TLINK id="SECTIME54" fromID="E20" fromText="presented" toID="T0" toText="2014-03-31" type="OVERLAP" />
<TLINK id="SECTIME55" fromID="E21" fromText="spontaneous labor ." toID="T0" toText="2014-03-31" type="BEFORE" />
<TLINK id="SECTIME56" fromID="E22" fromText="perineal sepsis risk factors" toID="T0" toText="2014-03-31" type="BEFORE" />
<TLINK id="SECTIME57" fromID="E23" fromText="maternal fever" toID="T0" toText="2014-03-31" type="BEFORE" />
<TLINK id="SECTIME58" fromID="E24" fromText="prolonged rupture of membranes" toID="T0" toText="2014-03-31" type="BEFORE" />
<TLINK id="SECTIME59" fromID="E25" fromText="Clear amniotic fluid" toID="T0" toText="2014-03-31" type="BEFORE" />
<TLINK id="SECTIME60" fromID="E26" fromText="Anesthesia" toID="T0" toText="2014-03-31" type="BEFORE" />
<TLINK id="SECTIME61" fromID="E27" fromText="epidural" toID="T0" toText="2014-03-31" type="BEFORE" />
<TLINK id="SECTIME62" fromID="E28" fromText="Vaginal delivery" toID="T0" toText="2014-03-31" type="BEFORE" />
<TLINK id="SECTIME63" fromID="E29" fromText="Apgars" toID="T0" toText="2014-03-31" type="BEFORE" />
<TLINK id="SECTIME64" fromID="E30" fromText="stable" toID="T0" toText="2014-03-31" type="BEFORE" />
<TLINK id="SECTIME65" fromID="E31" fromText="hospital course" toID="T0" toText="2014-03-31" type="BEFORE" />
<TLINK id="SECTIME66" fromID="E32" fromText="cardiovascular issues" toID="T0" toText="2014-03-31" type="BEFORE" />
</TAGS>
</ClinicalNarrativeTemporalAnnotation>