<?xml version="1.0" encoding="UTF-8" ?>
<ClinicalNarrativeTemporalAnnotation>
<TEXT><![CDATA[
Admission Date :
2017-06-13
Discharge Date :
2017-06-17
Service :
CARDIOTHORACIC
History of Present Illness :
61 yo African-American-Hispanic male had abnormal EKG found as part of pre-op eval. for ventral hernia repair .
Had subsequent abnormal stress test and pefusion imaging showed EF 38% with perfusion defects .
Echo prior to scheduled cath showed mild LVH , inferior HK , EF 40% , mild MR , mild LAE .
Cath at Kindred/North Shore today showed 80% LM lesion with normal LAD , CX , RCA .
Severe systolic HTN also noted .
Transferred in urgently for cabg with Dr. Howard .
Brief Hospital Course:
Admitted directly to OR from ambulance transfer and underwent cabg x3 with Dr. Howard on 06-13 .
Transferred to the CSRU in stable condition on phenylephrine and propofol drips .
Extubated early the next morning and chest tubes removed .
Gentle diuresis and beta blockade started , and he was transferred to the floor to begin increasing his activity level .
Foley removed on POD #2 and had scattered rales with temp 101.2 .
Afebrile the next day and pacing wires removed without incident .
He made excellent progress and was discharged to home with VNA services on POD #4 .
He is to follow up with providers as per discharge instructions .
]]></TEXT>
<TAGS>
<TLINK id="TL1" fromID="E19" fromText="Admission" toID="T1" toText="2017-06-13" type="OVERLAP" />
<TLINK id="TL2" fromID="E0" fromText="Discharge" toID="T1" toText="2017-06-13" type="OVERLAP" />
<TLINK id="TL3" fromID="E0" fromText="Discharge" toID="T2" toText="2017-06-17" type="OVERLAP" />
<TLINK id="TL4" fromID="E1" fromText="abnormal EKG" toID="E2" toText="pre-op eval." type="OVERLAP" />
<TLINK id="TL5" fromID="E2" fromText="pre-op eval." toID="E28" toText="ventral hernia repair" type="OVERLAP" />
<TLINK id="TL6" fromID="E3" fromText="abnormal stress test" toID="E28" toText="ventral hernia repair" type="OVERLAP" />
<TLINK id="TL7" fromID="E3" fromText="abnormal stress test" toID="E4" toText="pefusion imaging" type="OVERLAP" />
<TLINK id="TL8" fromID="E20" fromText="showed" toID="E4" toText="pefusion imaging" type="OVERLAP" />
<TLINK id="TL9" fromID="E29" fromText="EF" toID="E20" toText="showed" type="OVERLAP" />
<TLINK id="TL10" fromID="E5" fromText="perfusion defects" toID="E29" toText="EF" type="OVERLAP" />
<TLINK id="TL11" fromID="E5" fromText="perfusion defects" toID="E6" toText="Echo" type="OVERLAP" />
<TLINK id="TL12" fromID="E30" fromText="scheduled cath" toID="E6" toText="Echo" type="OVERLAP" />
<TLINK id="TL13" fromID="E21" fromText="showed" toID="E30" toText="scheduled cath" type="OVERLAP" />
<TLINK id="TL14" fromID="E31" fromText="mild LVH" toID="E21" toText="showed" type="BEFORE" />
<TLINK id="TL15" fromID="E7" fromText="inferior HK" toID="E6" toText="Echo" type="BEFORE" />
<TLINK id="TL16" fromID="E32" fromText="EF" toID="E6" toText="Echo" type="OVERLAP" />
<TLINK id="TL17" fromID="E33" fromText="mild MR" toID="E6" toText="Echo" type="BEFORE" />
<TLINK id="TL18" fromID="E34" fromText="mild LAE" toID="E6" toText="Echo" type="BEFORE" />
<TLINK id="TL19" fromID="E35" fromText="Cath" toID="E6" toText="Echo" type="OVERLAP" />
<TLINK id="TL20" fromID="E35" fromText="Cath" toID="E36" toText="Kindred/North Shore" type="OVERLAP" />
<TLINK id="TL21" fromID="E35" fromText="Cath" toID="T0" toText="today" type="OVERLAP" />
<TLINK id="TL22" fromID="E37" fromText="showed" toID="T0" toText="today" type="OVERLAP" />
<TLINK id="TL23" fromID="E8" fromText="80% LM lesion" toID="E37" toText="showed" type="BEFORE" />
<TLINK id="TL24" fromID="E8" fromText="80% LM lesion" toID="E38" toText="normal LAD , CX , RCA" type="OVERLAP" />
<TLINK id="TL25" fromID="E9" fromText="Severe systolic HTN" toID="E38" toText="normal LAD , CX , RCA" type="OVERLAP" />
<TLINK id="TL26" fromID="E9" fromText="Severe systolic HTN" toID="E39" toText="noted" type="OVERLAP" />
<TLINK id="TL27" fromID="E40" fromText="Transferred in" toID="E39" toText="noted" type="OVERLAP" />
<TLINK id="TL28" fromID="E41" fromText="cabg" toID="E40" toText="Transferred in" type="AFTER" />
<TLINK id="TL29" fromID="E23" fromText="OR" toID="E22" toText="Admitted" type="OVERLAP" />
<TLINK id="TL30" fromID="E42" fromText="ambulance transfer" toID="E22" toText="Admitted" type="OVERLAP" />
<TLINK id="TL31" fromID="E10" fromText="cabg" toID="E42" toText="ambulance transfer" type="AFTER" />
<TLINK id="TL32" fromID="E10" fromText="cabg" toID="T3" toText="06-13" type="OVERLAP" />
<TLINK id="TL33" fromID="E10" fromText="cabg" toID="E24" toText="Transferred" type="OVERLAP" />
<TLINK id="TL34" fromID="E24" fromText="Transferred" toID="E43" toText="the CSRU" type="AFTER" />
<TLINK id="TL35" fromID="E44" fromText="stable condition" toID="E24" toText="Transferred" type="BEFORE" />
<TLINK id="TL36" fromID="E11" fromText="phenylephrine" toID="E43" toText="the CSRU" type="BEFORE" />
<TLINK id="TL37" fromID="E11" fromText="phenylephrine" toID="E12" toText="propofol drips" type="OVERLAP" />
<TLINK id="TL38" fromID="E25" fromText="Extubated" toID="E12" toText="propofol drips" type="OVERLAP" />
<TLINK id="TL39" fromID="E25" fromText="Extubated" toID="T7" toText="early the next morning" type="OVERLAP" />
<TLINK id="TL40" fromID="E13" fromText="chest tubes" toID="E25" toText="Extubated" type="OVERLAP" />
<TLINK id="TL41" fromID="E45" fromText="Gentle diuresis" toID="E13" toText="chest tubes" type="OVERLAP" />
<TLINK id="TL42" fromID="E46" fromText="beta blockade" toID="E45" toText="Gentle diuresis" type="OVERLAP" />
<TLINK id="TL43" fromID="E46" fromText="beta blockade" toID="E47" toText="started" type="OVERLAP" />
<TLINK id="TL44" fromID="E47" fromText="started" toID="E26" toText="transferred" type="OVERLAP" />
<TLINK id="TL45" fromID="E26" fromText="transferred" toID="E48" toText="the floor" type="AFTER" />
<TLINK id="TL46" fromID="E49" fromText="increasing his activity level" toID="E48" toText="the floor" type="BEFORE" />
<TLINK id="TL47" fromID="E14" fromText="Foley" toID="E49" toText="increasing his activity level" type="OVERLAP" />
<TLINK id="TL48" fromID="E14" fromText="Foley" toID="T4" toText="POD #2" type="OVERLAP" />
<TLINK id="TL49" fromID="E14" fromText="Foley" toID="E15" toText="scattered rales" type="OVERLAP" />
<TLINK id="TL50" fromID="E16" fromText="temp" toID="T4" toText="POD #2" type="OVERLAP" />
<TLINK id="TL51" fromID="E17" fromText="Afebrile" toID="E16" toText="temp" type="OVERLAP" />
<TLINK id="TL52" fromID="E17" fromText="Afebrile" toID="T5" toText="the next day" type="AFTER" />
<TLINK id="TL53" fromID="E18" fromText="pacing wires" toID="T5" toText="the next day" type="OVERLAP" />
<TLINK id="TL54" fromID="E50" fromText="incident" toID="E18" toText="pacing wires" type="OVERLAP" />
<TLINK id="TL55" fromID="E51" fromText="excellent progress" toID="T5" toText="the next day" type="OVERLAP" />
<TLINK id="TL56" fromID="E51" fromText="excellent progress" toID="E27" toText="discharged" type="OVERLAP" />
<TLINK id="TL57" fromID="E52" fromText="VNA services" toID="E27" toText="discharged" type="AFTER" />
<TLINK id="TL58" fromID="E52" fromText="VNA services" toID="T6" toText="POD #4" type="OVERLAP" />
<TLINK id="TL59" fromID="E53" fromText="follow up" toID="T6" toText="POD #4" type="OVERLAP" />
<TLINK id="TL60" fromID="E53" fromText="follow up" toID="E54" toText="providers" type="OVERLAP" />
<TLINK id="SECTIME0" fromID="E19" fromText="Admission" toID="T1" toText="2017-06-13" type="BEFORE" />
<TLINK id="SECTIME1" fromID="E16" fromText="temp" toID="T2" toText="2017-06-17" type="BEFORE" />
<TLINK id="SECTIME2" fromID="E17" fromText="Afebrile" toID="T2" toText="2017-06-17" type="BEFORE" />
<TLINK id="SECTIME3" fromID="E18" fromText="pacing wires" toID="T2" toText="2017-06-17" type="BEFORE" />
<TLINK id="SECTIME4" fromID="E50" fromText="incident" toID="T2" toText="2017-06-17" type="BEFORE" />
<TLINK id="SECTIME5" fromID="E51" fromText="excellent progress" toID="T2" toText="2017-06-17" type="BEFORE" />
<TLINK id="SECTIME6" fromID="E27" fromText="discharged" toID="T2" toText="2017-06-17" type="OVERLAP" />
<TLINK id="SECTIME7" fromID="E52" fromText="VNA services" toID="T2" toText="2017-06-17" type="BEFORE" />
<TLINK id="SECTIME8" fromID="E53" fromText="follow up" toID="T2" toText="2017-06-17" type="AFTER" />
<TLINK id="SECTIME9" fromID="E54" fromText="providers" toID="T2" toText="2017-06-17" type="BEFORE" />
<TLINK id="SECTIME10" fromID="E1" fromText="abnormal EKG" toID="T1" toText="2017-06-13" type="BEFORE" />
<TLINK id="SECTIME11" fromID="E2" fromText="pre-op eval." toID="T1" toText="2017-06-13" type="BEFORE" />
<TLINK id="SECTIME12" fromID="E28" fromText="ventral hernia repair" toID="T1" toText="2017-06-13" type="BEFORE" />
<TLINK id="SECTIME13" fromID="E3" fromText="abnormal stress test" toID="T1" toText="2017-06-13" type="BEFORE" />
<TLINK id="SECTIME14" fromID="E4" fromText="pefusion imaging" toID="T1" toText="2017-06-13" type="BEFORE" />
<TLINK id="SECTIME15" fromID="E20" fromText="showed" toID="T1" toText="2017-06-13" type="BEFORE" />
<TLINK id="SECTIME16" fromID="E29" fromText="EF" toID="T1" toText="2017-06-13" type="BEFORE" />
<TLINK id="SECTIME17" fromID="E0" fromText="Discharge" toID="T1" toText="2017-06-13" type="BEFORE" />
<TLINK id="SECTIME18" fromID="E5" fromText="perfusion defects" toID="T1" toText="2017-06-13" type="BEFORE" />
<TLINK id="SECTIME19" fromID="E6" fromText="Echo" toID="T1" toText="2017-06-13" type="BEFORE" />
<TLINK id="SECTIME20" fromID="E30" fromText="scheduled cath" toID="T1" toText="2017-06-13" type="BEFORE" />
<TLINK id="SECTIME21" fromID="E21" fromText="showed" toID="T1" toText="2017-06-13" type="BEFORE" />
<TLINK id="SECTIME22" fromID="E31" fromText="mild LVH" toID="T1" toText="2017-06-13" type="BEFORE" />
<TLINK id="SECTIME23" fromID="E7" fromText="inferior HK" toID="T1" toText="2017-06-13" type="BEFORE" />
<TLINK id="SECTIME24" fromID="E32" fromText="EF" toID="T1" toText="2017-06-13" type="BEFORE" />
<TLINK id="SECTIME25" fromID="E33" fromText="mild MR" toID="T1" toText="2017-06-13" type="BEFORE" />
<TLINK id="SECTIME26" fromID="E34" fromText="mild LAE" toID="T1" toText="2017-06-13" type="BEFORE" />
<TLINK id="SECTIME27" fromID="E35" fromText="Cath" toID="T1" toText="2017-06-13" type="OVERLAP" />
<TLINK id="SECTIME28" fromID="E36" fromText="Kindred/North Shore" toID="T1" toText="2017-06-13" type="OVERLAP" />
<TLINK id="SECTIME29" fromID="E37" fromText="showed" toID="T1" toText="2017-06-13" type="OVERLAP" />
<TLINK id="SECTIME30" fromID="E8" fromText="80% LM lesion" toID="T1" toText="2017-06-13" type="OVERLAP" />
<TLINK id="SECTIME31" fromID="E38" fromText="normal LAD , CX , RCA" toID="T1" toText="2017-06-13" type="OVERLAP" />
<TLINK id="SECTIME32" fromID="E9" fromText="Severe systolic HTN" toID="T1" toText="2017-06-13" type="BEFORE" />
<TLINK id="SECTIME33" fromID="E39" fromText="noted" toID="T1" toText="2017-06-13" type="BEFORE" />
<TLINK id="SECTIME34" fromID="E40" fromText="Transferred in" toID="T1" toText="2017-06-13" type="BEFORE" />
<TLINK id="SECTIME35" fromID="E41" fromText="cabg" toID="T1" toText="2017-06-13" type="BEFORE" />
<TLINK id="SECTIME36" fromID="E22" fromText="Admitted" toID="T2" toText="2017-06-17" type="BEFORE" />
<TLINK id="SECTIME37" fromID="E23" fromText="OR" toID="T2" toText="2017-06-17" type="BEFORE" />
<TLINK id="SECTIME38" fromID="E42" fromText="ambulance transfer" toID="T2" toText="2017-06-17" type="BEFORE" />
<TLINK id="SECTIME39" fromID="E10" fromText="cabg" toID="T2" toText="2017-06-17" type="BEFORE" />
<TLINK id="SECTIME40" fromID="E24" fromText="Transferred" toID="T2" toText="2017-06-17" type="BEFORE" />
<TLINK id="SECTIME41" fromID="E43" fromText="the CSRU" toID="T2" toText="2017-06-17" type="BEFORE" />
<TLINK id="SECTIME42" fromID="E44" fromText="stable condition" toID="T2" toText="2017-06-17" type="BEFORE" />
<TLINK id="SECTIME43" fromID="E11" fromText="phenylephrine" toID="T2" toText="2017-06-17" type="BEFORE" />
<TLINK id="SECTIME44" fromID="E12" fromText="propofol drips" toID="T2" toText="2017-06-17" type="BEFORE" />
<TLINK id="SECTIME45" fromID="E25" fromText="Extubated" toID="T2" toText="2017-06-17" type="BEFORE" />
<TLINK id="SECTIME46" fromID="E13" fromText="chest tubes" toID="T2" toText="2017-06-17" type="BEFORE" />
<TLINK id="SECTIME47" fromID="E45" fromText="Gentle diuresis" toID="T2" toText="2017-06-17" type="BEFORE" />
<TLINK id="SECTIME48" fromID="E46" fromText="beta blockade" toID="T2" toText="2017-06-17" type="BEFORE" />
<TLINK id="SECTIME49" fromID="E47" fromText="started" toID="T2" toText="2017-06-17" type="BEFORE" />
<TLINK id="SECTIME50" fromID="E26" fromText="transferred" toID="T2" toText="2017-06-17" type="BEFORE" />
<TLINK id="SECTIME51" fromID="E48" fromText="the floor" toID="T2" toText="2017-06-17" type="BEFORE" />
<TLINK id="SECTIME52" fromID="E49" fromText="increasing his activity level" toID="T2" toText="2017-06-17" type="BEFORE" />
<TLINK id="SECTIME53" fromID="E14" fromText="Foley" toID="T2" toText="2017-06-17" type="BEFORE" />
<TLINK id="SECTIME54" fromID="E15" fromText="scattered rales" toID="T2" toText="2017-06-17" type="BEFORE" />
</TAGS>
</ClinicalNarrativeTemporalAnnotation>