<?xml version="1.0" encoding="UTF-8" ?>
<ClinicalNarrativeTemporalAnnotation>
<TEXT><![CDATA[
Admission Date :
2016-11-21
Discharge Date :
2016-11-30
Service :
CMED CCU
CHIEF COMPLAINT AND HISTORY OF PRESENT ILLNESS :
Mr. Jackson is a 63-year-old male with squamous cell carcinoma of the floor of mouth ( stage T2 N0 ) that was biopsied by his dentist .
Pathology was reviewed revealing invasive squamous cell carcinoma .
He presented on 2016-11-21 for resection .
He was admitted on 2016-11-21 following his surgery .
He underwent a joint procedure by Otolaryngology and Plastic Surgery .
SUMMARY OF HOSPITAL COURSE :
Surgeon was Dr. Kelsey K Sanchez .
Assistant was Dr. Justin K.. Velez .
Frozen section sent to pathology revealing invasive squamous cell carcinoma .
No complications .
The Plastic Team then took over for reconstruction consisting of radial forearm free flap to floor of mouth .
Surgeon was Dr. Jude. Christopher Swinney .
Total intravenous fluids of 7300 cc .
Estimated blood loss of 300 cc .
Urine output of 900 cc .
No complications .
In addition , the patient was prepared for an attempted percutaneous endoscopic gastrostomy tube .
The percutaneous endoscopic gastrostomy was unsuccessful , and the procedure was converted to an open gastrostomy tube which then proceeded without complications .
The patient was admitted to the Surgical Intensive Care Unit postoperatively .
He was sedated and ventilated by his tracheostomy 6 cuff Shiley tube .
He had three Westwood-Pocasset drains - two in the neck and one in his right arm .
G-tube was to gravity , Foley to gravity , left radial A-line .
The flap was pink with a strong Doppler signal .
He underwent flap checks every 15 minutes initially with a dextran infusion .
He was placed on Unasyn 3 grams IV q.6h.
Nothing by mouth initially with morphine as needed for pain and Ativan around the clock for delirium tremens prophylaxis .
In addition , he received metoprolol q.4.h. , a regular insulin sliding scale , and adequate gastrointestinal prophylaxis with Protonix .
Postoperative laboratories revealed sodium was 134 , potassium was 4.1 , chloride was 102 , bicarbonate was 28 , blood urea nitrogen was 18 , creatinine was 0.8 , and glucose was 148 .
Calcium was 7.6 .
Magnesium was 2.2 .
Complete blood count revealed white count was 5.4 , hematocrit was 31.3 , and platelets were 160 .
ALT was 14 , AST was 31 , alkaline phosphatase was 42 , total bilirubin was 0.9 , albumin was 2.2 .
A chest x-ray postoperatively showed clear lung fields .
Tracheostomy tube in good position .
No pneumothorax .
By systems :
CMED CSRU and Plastic Surgery flap checks , tracheostomy care , and Westwood-Pocasset management. 
Cardiovascular :
Lopressor 5 intravenously q.4.h.
Respiratory :
Nebulizers as needed , weaning from ventilation .
Gastrointestinal :
Medications per gastrostomy tube on postoperative day one .
Genitourinary :
Foley catheter for strict monitoring of ins and outs .
Hematologic :
Hematocrit stable .
Infectious Disease :
Unasyn for antibiotic coverage .
Flap checks carried out q.2h. initially in the Surgical Intensive Care Unit showing positive biphasic Doppler signals .
Pink flap with good refill .
Right arm neurovascularly intact .
He was weaned from ventilation on postoperative day one to pressure support ventilation and then to spontaneous breathing on postoperative day two .
His Westwood-Pocasset output for postoperative day one on the left was 60 , right neck 93 , in the arm 20 .
Tube feedings were started 48 hours after the procedure .
The cuff on his tracheostomy tube was put down on 11-23 , postoperative day two which he tolerated well with minimal secretions and a strong adequate cough .
Due to bed issues , he was transferred from the Surgical Intensive Care Unit to the Medical Intensive Care Unit on postoperative day three .
His tube feedings were advanced .
He was out of bed to a chair .
He continued with pulmonary toilet and q.2h. flap checks .
The Westwood-Pocasset in his right arm was removed on 2016-11-25 .
His tracheostomy was changed to a 6 cuffless Shiley on 2016-11-26 and sutures in place with a 3-0 silk .
The patient tolerated this procedure well .
]]></TEXT>
<TAGS>
<TLINK id="TL1" fromID="E90" fromText="Admission" toID="T1" toText="2016-11-21" type="OVERLAP" />
<TLINK id="TL2" fromID="E91" fromText="Discharge" toID="T1" toText="2016-11-21" type="OVERLAP" />
<TLINK id="TL3" fromID="E91" fromText="Discharge" toID="T2" toText="2016-11-30" type="OVERLAP" />
<TLINK id="TL4" fromID="E1" fromText="squamous cell carcinoma" toID="E98" toText="stage T2 N0" type="OVERLAP" />
<TLINK id="TL5" fromID="E98" fromText="stage T2 N0" toID="E0" toText="biopsied" type="OVERLAP" />
<TLINK id="TL6" fromID="E2" fromText="Pathology" toID="E0" toText="biopsied" type="OVERLAP" />
<TLINK id="TL7" fromID="E93" fromText="revealing" toID="E2" toText="Pathology" type="OVERLAP" />
<TLINK id="TL8" fromID="E3" fromText="invasive squamous cell carcinoma" toID="E93" toText="revealing" type="BEFORE" />
<TLINK id="TL9" fromID="E3" fromText="invasive squamous cell carcinoma" toID="E94" toText="presented" type="OVERLAP" />
<TLINK id="TL10" fromID="E94" fromText="presented" toID="T3" toText="2016-11-21" type="OVERLAP" />
<TLINK id="TL11" fromID="E95" fromText="resection" toID="E94" toText="presented" type="OVERLAP" />
<TLINK id="TL12" fromID="E95" fromText="resection" toID="E96" toText="admitted" type="OVERLAP" />
<TLINK id="TL13" fromID="E96" fromText="admitted" toID="T4" toText="2016-11-21" type="OVERLAP" />
<TLINK id="TL14" fromID="E4" fromText="his surgery" toID="E96" toText="admitted" type="OVERLAP" />
<TLINK id="TL15" fromID="E5" fromText="a joint procedure" toID="E4" toText="his surgery" type="OVERLAP" />
<TLINK id="TL16" fromID="E97" fromText="revealing" toID="E6" toText="Frozen section" type="OVERLAP" />
<TLINK id="TL17" fromID="E7" fromText="invasive squamous cell carcinoma" toID="E97" toText="revealing" type="BEFORE" />
<TLINK id="TL18" fromID="E8" fromText="complications" toID="E7" toText="invasive squamous cell carcinoma" type="OVERLAP" />
<TLINK id="TL19" fromID="E8" fromText="complications" toID="E9" toText="reconstruction" type="OVERLAP" />
<TLINK id="TL20" fromID="E9" fromText="reconstruction" toID="E10" toText="radial forearm free flap" type="OVERLAP" />
<TLINK id="TL21" fromID="E12" fromText="Estimated blood loss" toID="E11" toText="Total intravenous fluids" type="OVERLAP" />
<TLINK id="TL22" fromID="E12" fromText="Estimated blood loss" toID="E13" toText="Urine output" type="OVERLAP" />
<TLINK id="TL23" fromID="E14" fromText="complications" toID="E13" toText="Urine output" type="OVERLAP" />
<TLINK id="TL24" fromID="E14" fromText="complications" toID="E15" toText="an attempted percutaneous endoscopic gastrostomy tube" type="OVERLAP" />
<TLINK id="TL25" fromID="E16" fromText="The percutaneous endoscopic gastrostomy" toID="E15" toText="an attempted percutaneous endoscopic gastrostomy tube" type="OVERLAP" />
<TLINK id="TL26" fromID="E16" fromText="The percutaneous endoscopic gastrostomy" toID="E99" toText="unsuccessful" type="OVERLAP" />
<TLINK id="TL27" fromID="E16" fromText="The percutaneous endoscopic gastrostomy" toID="E17" toText="the procedure" type="OVERLAP" />
<TLINK id="TL28" fromID="E18" fromText="an open gastrostomy tube" toID="E17" toText="the procedure" type="OVERLAP" />
<TLINK id="TL29" fromID="E19" fromText="complications" toID="E18" toText="an open gastrostomy tube" type="OVERLAP" />
<TLINK id="TL30" fromID="E19" fromText="complications" toID="E100" toText="admitted" type="OVERLAP" />
<TLINK id="TL31" fromID="E101" fromText="the Surgical Intensive Care Unit" toID="E100" toText="admitted" type="OVERLAP" />
<TLINK id="TL32" fromID="E101" fromText="the Surgical Intensive Care Unit" toID="E20" toText="sedated" type="OVERLAP" />
<TLINK id="TL33" fromID="E21" fromText="ventilated" toID="E20" toText="sedated" type="OVERLAP" />
<TLINK id="TL34" fromID="E22" fromText="his tracheostomy 6 cuff Shiley tube" toID="E21" toText="ventilated" type="OVERLAP" />
<TLINK id="TL35" fromID="E23" fromText="Westwood-Pocasset drains" toID="E22" toText="his tracheostomy 6 cuff Shiley tube" type="OVERLAP" />
<TLINK id="TL36" fromID="E24" fromText="G-tube" toID="E23" toText="Westwood-Pocasset drains" type="OVERLAP" />
<TLINK id="TL37" fromID="E25" fromText="Foley" toID="E24" toText="G-tube" type="OVERLAP" />
<TLINK id="TL38" fromID="E25" fromText="Foley" toID="E26" toText="left radial A-line" type="OVERLAP" />
<TLINK id="TL39" fromID="E27" fromText="The flap" toID="E26" toText="left radial A-line" type="OVERLAP" />
<TLINK id="TL40" fromID="E27" fromText="The flap" toID="E102" toText="pink" type="OVERLAP" />
<TLINK id="TL41" fromID="E28" fromText="a strong Doppler signal" toID="E102" toText="pink" type="OVERLAP" />
<TLINK id="TL42" fromID="E29" fromText="flap checks" toID="E28" toText="a strong Doppler signal" type="OVERLAP" />
<TLINK id="TL43" fromID="E29" fromText="flap checks" toID="T0" toText="every 15 minutes" type="OVERLAP" />
<TLINK id="TL44" fromID="E30" fromText="a dextran infusion" toID="E29" toText="flap checks" type="OVERLAP" />
<TLINK id="TL45" fromID="E31" fromText="Unasyn" toID="E30" toText="a dextran infusion" type="OVERLAP" />
<TLINK id="TL46" fromID="E31" fromText="Unasyn" toID="T13" toText="q.6h." type="OVERLAP" />
<TLINK id="TL47" fromID="E31" fromText="Unasyn" toID="E103" toText="Nothing by mouth" type="OVERLAP" />
<TLINK id="TL48" fromID="E32" fromText="morphine" toID="E103" toText="Nothing by mouth" type="OVERLAP" />
<TLINK id="TL49" fromID="E33" fromText="pain" toID="E32" toText="morphine" type="OVERLAP" />
<TLINK id="TL50" fromID="E33" fromText="pain" toID="E34" toText="Ativan" type="OVERLAP" />
<TLINK id="TL51" fromID="E35" fromText="delirium tremens prophylaxis" toID="E34" toText="Ativan" type="OVERLAP" />
<TLINK id="TL52" fromID="E36" fromText="metoprolol" toID="E35" toText="delirium tremens prophylaxis" type="OVERLAP" />
<TLINK id="TL53" fromID="E36" fromText="metoprolol" toID="T14" toText="q.4.h." type="OVERLAP" />
<TLINK id="TL54" fromID="E37" fromText="a regular insulin sliding scale" toID="E36" toText="metoprolol" type="OVERLAP" />
<TLINK id="TL55" fromID="E104" fromText="gastrointestinal prophylaxis" toID="E37" toText="a regular insulin sliding scale" type="OVERLAP" />
<TLINK id="TL56" fromID="E104" fromText="gastrointestinal prophylaxis" toID="E38" toText="Protonix" type="OVERLAP" />
<TLINK id="TL57" fromID="E39" fromText="Postoperative laboratories" toID="E38" toText="Protonix" type="OVERLAP" />
<TLINK id="TL58" fromID="E105" fromText="revealed" toID="E39" toText="Postoperative laboratories" type="OVERLAP" />
<TLINK id="TL59" fromID="E40" fromText="sodium" toID="E105" toText="revealed" type="BEFORE" />
<TLINK id="TL60" fromID="E40" fromText="sodium" toID="E41" toText="potassium" type="OVERLAP" />
<TLINK id="TL61" fromID="E42" fromText="chloride" toID="E41" toText="potassium" type="OVERLAP" />
<TLINK id="TL62" fromID="E42" fromText="chloride" toID="E43" toText="bicarbonate" type="OVERLAP" />
<TLINK id="TL63" fromID="E44" fromText="blood urea nitrogen" toID="E43" toText="bicarbonate" type="OVERLAP" />
<TLINK id="TL64" fromID="E45" fromText="creatinine" toID="E44" toText="blood urea nitrogen" type="OVERLAP" />
<TLINK id="TL65" fromID="E45" fromText="creatinine" toID="E46" toText="glucose" type="OVERLAP" />
<TLINK id="TL66" fromID="E46" fromText="glucose" toID="E47" toText="Calcium" type="OVERLAP" />
<TLINK id="TL67" fromID="E48" fromText="Magnesium" toID="E47" toText="Calcium" type="OVERLAP" />
<TLINK id="TL68" fromID="E49" fromText="Complete blood count" toID="E48" toText="Magnesium" type="OVERLAP" />
<TLINK id="TL69" fromID="E106" fromText="revealed" toID="E49" toText="Complete blood count" type="OVERLAP" />
<TLINK id="TL70" fromID="E50" fromText="white count" toID="E106" toText="revealed" type="OVERLAP" />
<TLINK id="TL71" fromID="E51" fromText="hematocrit" toID="E50" toText="white count" type="OVERLAP" />
<TLINK id="TL72" fromID="E51" fromText="hematocrit" toID="E52" toText="platelets" type="OVERLAP" />
<TLINK id="TL73" fromID="E53" fromText="ALT" toID="E52" toText="platelets" type="OVERLAP" />
<TLINK id="TL74" fromID="E53" fromText="ALT" toID="E54" toText="AST" type="OVERLAP" />
<TLINK id="TL75" fromID="E55" fromText="alkaline phosphatase" toID="E54" toText="AST" type="OVERLAP" />
<TLINK id="TL76" fromID="E56" fromText="total bilirubin" toID="E55" toText="alkaline phosphatase" type="OVERLAP" />
<TLINK id="TL77" fromID="E57" fromText="albumin" toID="E56" toText="total bilirubin" type="OVERLAP" />
<TLINK id="TL78" fromID="E58" fromText="A chest x-ray" toID="E57" toText="albumin" type="OVERLAP" />
<TLINK id="TL79" fromID="E107" fromText="showed" toID="E58" toText="A chest x-ray" type="OVERLAP" />
<TLINK id="TL80" fromID="E108" fromText="clear lung fields" toID="E107" toText="showed" type="OVERLAP" />
<TLINK id="TL81" fromID="E59" fromText="Tracheostomy tube" toID="E58" toText="A chest x-ray" type="AFTER" />
<TLINK id="TL82" fromID="E59" fromText="Tracheostomy tube" toID="E109" toText="good position" type="OVERLAP" />
<TLINK id="TL83" fromID="E60" fromText="pneumothorax" toID="E109" toText="good position" type="OVERLAP" />
<TLINK id="TL84" fromID="E61" fromText="flap checks" toID="E62" toText="tracheostomy care" type="OVERLAP" />
<TLINK id="TL85" fromID="E63" fromText="Westwood-Pocasset management." toID="E62" toText="tracheostomy care" type="OVERLAP" />
<TLINK id="TL86" fromID="E64" fromText="Lopressor" toID="T15" toText="q.4.h." type="OVERLAP" />
<TLINK id="TL87" fromID="E65" fromText="Nebulizers" toID="T20" toText="as needed" type="OVERLAP" />
<TLINK id="TL88" fromID="E65" fromText="Nebulizers" toID="E110" toText="weaning" type="OVERLAP" />
<TLINK id="TL89" fromID="E65" fromText="Nebulizers" toID="E66" toText="ventilation" type="OVERLAP" />
<TLINK id="TL90" fromID="E68" fromText="gastrostomy tube" toID="E67" toText="Medications" type="OVERLAP" />
<TLINK id="TL91" fromID="E68" fromText="gastrostomy tube" toID="T5" toText="postoperative day one" type="OVERLAP" />
<TLINK id="TL92" fromID="E70" fromText="strict monitoring of ins and outs" toID="E69" toText="Foley catheter" type="OVERLAP" />
<TLINK id="TL93" fromID="E72" fromText="Unasyn" toID="E73" toText="antibiotic coverage" type="OVERLAP" />
<TLINK id="TL94" fromID="E74" fromText="Flap checks" toID="E73" toText="antibiotic coverage" type="OVERLAP" />
<TLINK id="TL95" fromID="E74" fromText="Flap checks" toID="T16" toText="q.2h." type="OVERLAP" />
<TLINK id="TL96" fromID="E74" fromText="Flap checks" toID="E111" toText="the Surgical Intensive Care Unit" type="OVERLAP" />
<TLINK id="TL97" fromID="E111" fromText="the Surgical Intensive Care Unit" toID="E112" toText="showing" type="OVERLAP" />
<TLINK id="TL98" fromID="E113" fromText="biphasic Doppler signals" toID="E112" toText="showing" type="OVERLAP" />
<TLINK id="TL99" fromID="E75" fromText="Pink flap" toID="E112" toText="showing" type="AFTER" />
<TLINK id="TL100" fromID="E75" fromText="Pink flap" toID="E114" toText="good refill" type="OVERLAP" />
<TLINK id="TL101" fromID="E115" fromText="neurovascularly intact" toID="E114" toText="good refill" type="OVERLAP" />
<TLINK id="TL102" fromID="E76" fromText="ventilation" toID="E115" toText="neurovascularly intact" type="OVERLAP" />
<TLINK id="TL103" fromID="E76" fromText="ventilation" toID="T6" toText="postoperative day one" type="OVERLAP" />
<TLINK id="TL104" fromID="E77" fromText="pressure support ventilation" toID="T6" toText="postoperative day one" type="OVERLAP" />
<TLINK id="TL105" fromID="E77" fromText="pressure support ventilation" toID="E117" toText="spontaneous breathing" type="OVERLAP" />
<TLINK id="TL106" fromID="E117" fromText="spontaneous breathing" toID="T7" toText="postoperative day two" type="OVERLAP" />
<TLINK id="TL107" fromID="E78" fromText="His Westwood-Pocasset output" toID="T6" toText="postoperative day one" type="OVERLAP" />
<TLINK id="TL108" fromID="E78" fromText="His Westwood-Pocasset output" toID="T8" toText="postoperative day one" type="OVERLAP" />
<TLINK id="TL109" fromID="E79" fromText="Tube feedings" toID="T8" toText="postoperative day one" type="OVERLAP" />
<TLINK id="TL110" fromID="E79" fromText="Tube feedings" toID="T19" toText="48 hours" type="AFTER" />
<TLINK id="TL111" fromID="E79" fromText="Tube feedings" toID="E80" toText="the procedure" type="OVERLAP" />
<TLINK id="TL112" fromID="E128" fromText="The cuff" toID="E80" toText="the procedure" type="OVERLAP" />
<TLINK id="TL113" fromID="E128" fromText="The cuff" toID="E81" toText="his tracheostomy tube" type="OVERLAP" />
<TLINK id="TL114" fromID="E81" fromText="his tracheostomy tube" toID="T21" toText="11-23 , postoperative day two" type="OVERLAP" />
<TLINK id="TL115" fromID="E118" fromText="tolerated well" toID="T21" toText="11-23 , postoperative day two" type="OVERLAP" />
<TLINK id="TL116" fromID="E82" fromText="minimal secretions" toID="E118" toText="tolerated well" type="OVERLAP" />
<TLINK id="TL117" fromID="E82" fromText="minimal secretions" toID="E119" toText="a strong adequate cough" type="OVERLAP" />
<TLINK id="TL118" fromID="E119" fromText="a strong adequate cough" toID="E92" toText="transferred" type="OVERLAP" />
<TLINK id="TL119" fromID="E120" fromText="the Surgical Intensive Care Unit" toID="E92" toText="transferred" type="OVERLAP" />
<TLINK id="TL120" fromID="E120" fromText="the Surgical Intensive Care Unit" toID="E121" toText="the Medical Intensive Care Unit" type="OVERLAP" />
<TLINK id="TL121" fromID="T10" fromText="postoperative day three" toID="E121" toText="the Medical Intensive Care Unit" type="OVERLAP" />
<TLINK id="TL122" fromID="E83" fromText="His tube feedings" toID="E121" toText="the Medical Intensive Care Unit" type="OVERLAP" />
<TLINK id="TL123" fromID="E83" fromText="His tube feedings" toID="E122" toText="advanced" type="OVERLAP" />
<TLINK id="TL124" fromID="E123" fromText="out of bed" toID="E122" toText="advanced" type="OVERLAP" />
<TLINK id="TL125" fromID="E123" fromText="out of bed" toID="E84" toText="pulmonary toilet" type="OVERLAP" />
<TLINK id="TL126" fromID="E84" fromText="pulmonary toilet" toID="T18" toText="q.2h." type="OVERLAP" />
<TLINK id="TL127" fromID="E124" fromText="flap checks" toID="E84" toText="pulmonary toilet" type="OVERLAP" />
<TLINK id="TL128" fromID="E124" fromText="flap checks" toID="E85" toText="The Westwood-Pocasset in his right arm" type="OVERLAP" />
<TLINK id="TL129" fromID="E85" fromText="The Westwood-Pocasset in his right arm" toID="T11" toText="2016-11-25" type="OVERLAP" />
<TLINK id="TL130" fromID="E86" fromText="His tracheostomy" toID="T11" toText="2016-11-25" type="OVERLAP" />
<TLINK id="TL131" fromID="E86" fromText="His tracheostomy" toID="E125" toText="a 6 cuffless Shiley" type="OVERLAP" />
<TLINK id="TL132" fromID="E125" fromText="a 6 cuffless Shiley" toID="T12" toText="2016-11-26" type="OVERLAP" />
<TLINK id="TL133" fromID="E87" fromText="sutures" toID="T12" toText="2016-11-26" type="OVERLAP" />
<TLINK id="TL134" fromID="E88" fromText="a 3-0 silk" toID="E87" toText="sutures" type="OVERLAP" />
<TLINK id="TL135" fromID="E127" fromText="tolerated" toID="E88" toText="a 3-0 silk" type="OVERLAP" />
<TLINK id="TL136" fromID="E127" fromText="tolerated" toID="E89" toText="this procedure" type="OVERLAP" />
<TLINK id="TL137" fromID="E127" fromText="tolerated" toID="E126" toText="well" type="OVERLAP" />
<TLINK id="SECTIME0" fromID="E90" fromText="Admission" toID="T1" toText="2016-11-21" type="BEFORE" />
<TLINK id="SECTIME1" fromID="E15" fromText="an attempted percutaneous endoscopic gastrostomy tube" toID="T2" toText="2016-11-30" type="BEFORE" />
<TLINK id="SECTIME2" fromID="E16" fromText="The percutaneous endoscopic gastrostomy" toID="T2" toText="2016-11-30" type="BEFORE" />
<TLINK id="SECTIME3" fromID="E99" fromText="unsuccessful" toID="T2" toText="2016-11-30" type="BEFORE" />
<TLINK id="SECTIME4" fromID="E17" fromText="the procedure" toID="T2" toText="2016-11-30" type="BEFORE" />
<TLINK id="SECTIME5" fromID="E18" fromText="an open gastrostomy tube" toID="T2" toText="2016-11-30" type="BEFORE" />
<TLINK id="SECTIME6" fromID="E19" fromText="complications" toID="T2" toText="2016-11-30" type="BEFORE" />
<TLINK id="SECTIME7" fromID="E100" fromText="admitted" toID="T2" toText="2016-11-30" type="BEFORE" />
<TLINK id="SECTIME8" fromID="E101" fromText="the Surgical Intensive Care Unit" toID="T2" toText="2016-11-30" type="BEFORE" />
<TLINK id="SECTIME9" fromID="E20" fromText="sedated" toID="T2" toText="2016-11-30" type="BEFORE" />
<TLINK id="SECTIME10" fromID="E21" fromText="ventilated" toID="T2" toText="2016-11-30" type="BEFORE" />
<TLINK id="SECTIME11" fromID="E22" fromText="his tracheostomy 6 cuff Shiley tube" toID="T2" toText="2016-11-30" type="BEFORE" />
<TLINK id="SECTIME12" fromID="E23" fromText="Westwood-Pocasset drains" toID="T2" toText="2016-11-30" type="BEFORE" />
<TLINK id="SECTIME13" fromID="E24" fromText="G-tube" toID="T2" toText="2016-11-30" type="BEFORE" />
<TLINK id="SECTIME14" fromID="E25" fromText="Foley" toID="T2" toText="2016-11-30" type="BEFORE" />
<TLINK id="SECTIME15" fromID="E26" fromText="left radial A-line" toID="T2" toText="2016-11-30" type="BEFORE" />
<TLINK id="SECTIME16" fromID="E27" fromText="The flap" toID="T2" toText="2016-11-30" type="BEFORE" />
<TLINK id="SECTIME17" fromID="E102" fromText="pink" toID="T2" toText="2016-11-30" type="BEFORE" />
<TLINK id="SECTIME18" fromID="E28" fromText="a strong Doppler signal" toID="T2" toText="2016-11-30" type="BEFORE" />
<TLINK id="SECTIME19" fromID="E29" fromText="flap checks" toID="T2" toText="2016-11-30" type="BEFORE" />
<TLINK id="SECTIME20" fromID="E30" fromText="a dextran infusion" toID="T2" toText="2016-11-30" type="BEFORE" />
<TLINK id="SECTIME21" fromID="E1" fromText="squamous cell carcinoma" toID="T1" toText="2016-11-21" type="BEFORE" />
<TLINK id="SECTIME22" fromID="E31" fromText="Unasyn" toID="T2" toText="2016-11-30" type="BEFORE" />
<TLINK id="SECTIME23" fromID="E103" fromText="Nothing by mouth" toID="T2" toText="2016-11-30" type="BEFORE" />
<TLINK id="SECTIME24" fromID="E32" fromText="morphine" toID="T2" toText="2016-11-30" type="BEFORE" />
<TLINK id="SECTIME25" fromID="E33" fromText="pain" toID="T2" toText="2016-11-30" type="BEFORE" />
<TLINK id="SECTIME26" fromID="E34" fromText="Ativan" toID="T2" toText="2016-11-30" type="BEFORE" />
<TLINK id="SECTIME27" fromID="E35" fromText="delirium tremens prophylaxis" toID="T2" toText="2016-11-30" type="BEFORE" />
<TLINK id="SECTIME28" fromID="E36" fromText="metoprolol" toID="T2" toText="2016-11-30" type="BEFORE" />
<TLINK id="SECTIME29" fromID="E37" fromText="a regular insulin sliding scale" toID="T2" toText="2016-11-30" type="BEFORE" />
<TLINK id="SECTIME30" fromID="E104" fromText="gastrointestinal prophylaxis" toID="T2" toText="2016-11-30" type="BEFORE" />
<TLINK id="SECTIME31" fromID="E38" fromText="Protonix" toID="T2" toText="2016-11-30" type="BEFORE" />
<TLINK id="SECTIME32" fromID="E39" fromText="Postoperative laboratories" toID="T2" toText="2016-11-30" type="BEFORE" />
<TLINK id="SECTIME33" fromID="E105" fromText="revealed" toID="T2" toText="2016-11-30" type="BEFORE" />
<TLINK id="SECTIME34" fromID="E40" fromText="sodium" toID="T2" toText="2016-11-30" type="BEFORE" />
<TLINK id="SECTIME35" fromID="E41" fromText="potassium" toID="T2" toText="2016-11-30" type="BEFORE" />
<TLINK id="SECTIME36" fromID="E42" fromText="chloride" toID="T2" toText="2016-11-30" type="BEFORE" />
<TLINK id="SECTIME37" fromID="E43" fromText="bicarbonate" toID="T2" toText="2016-11-30" type="BEFORE" />
<TLINK id="SECTIME38" fromID="E44" fromText="blood urea nitrogen" toID="T2" toText="2016-11-30" type="BEFORE" />
<TLINK id="SECTIME39" fromID="E45" fromText="creatinine" toID="T2" toText="2016-11-30" type="BEFORE" />
<TLINK id="SECTIME40" fromID="E98" fromText="stage T2 N0" toID="T1" toText="2016-11-21" type="BEFORE" />
<TLINK id="SECTIME41" fromID="E46" fromText="glucose" toID="T2" toText="2016-11-30" type="BEFORE" />
<TLINK id="SECTIME42" fromID="E47" fromText="Calcium" toID="T2" toText="2016-11-30" type="BEFORE" />
<TLINK id="SECTIME43" fromID="E48" fromText="Magnesium" toID="T2" toText="2016-11-30" type="BEFORE" />
<TLINK id="SECTIME44" fromID="E49" fromText="Complete blood count" toID="T2" toText="2016-11-30" type="BEFORE" />
<TLINK id="SECTIME45" fromID="E106" fromText="revealed" toID="T2" toText="2016-11-30" type="BEFORE" />
<TLINK id="SECTIME46" fromID="E50" fromText="white count" toID="T2" toText="2016-11-30" type="BEFORE" />
<TLINK id="SECTIME47" fromID="E51" fromText="hematocrit" toID="T2" toText="2016-11-30" type="BEFORE" />
<TLINK id="SECTIME48" fromID="E52" fromText="platelets" toID="T2" toText="2016-11-30" type="BEFORE" />
<TLINK id="SECTIME49" fromID="E53" fromText="ALT" toID="T2" toText="2016-11-30" type="AFTER" />
<TLINK id="SECTIME50" fromID="E54" fromText="AST" toID="T2" toText="2016-11-30" type="AFTER" />
<TLINK id="SECTIME51" fromID="E55" fromText="alkaline phosphatase" toID="T2" toText="2016-11-30" type="AFTER" />
<TLINK id="SECTIME52" fromID="E56" fromText="total bilirubin" toID="T2" toText="2016-11-30" type="AFTER" />
<TLINK id="SECTIME53" fromID="E0" fromText="biopsied" toID="T1" toText="2016-11-21" type="BEFORE" />
<TLINK id="SECTIME54" fromID="E57" fromText="albumin" toID="T2" toText="2016-11-30" type="AFTER" />
<TLINK id="SECTIME55" fromID="E58" fromText="A chest x-ray" toID="T2" toText="2016-11-30" type="BEFORE" />
<TLINK id="SECTIME56" fromID="E107" fromText="showed" toID="T2" toText="2016-11-30" type="BEFORE" />
<TLINK id="SECTIME57" fromID="E108" fromText="clear lung fields" toID="T2" toText="2016-11-30" type="BEFORE" />
<TLINK id="SECTIME58" fromID="E59" fromText="Tracheostomy tube" toID="T2" toText="2016-11-30" type="BEFORE" />
<TLINK id="SECTIME59" fromID="E109" fromText="good position" toID="T2" toText="2016-11-30" type="BEFORE" />
<TLINK id="SECTIME60" fromID="E60" fromText="pneumothorax" toID="T2" toText="2016-11-30" type="BEFORE" />
<TLINK id="SECTIME61" fromID="E61" fromText="flap checks" toID="T2" toText="2016-11-30" type="BEFORE" />
<TLINK id="SECTIME62" fromID="E62" fromText="tracheostomy care" toID="T2" toText="2016-11-30" type="BEFORE" />
<TLINK id="SECTIME63" fromID="E63" fromText="Westwood-Pocasset management." toID="T2" toText="2016-11-30" type="BEFORE" />
<TLINK id="SECTIME64" fromID="E2" fromText="Pathology" toID="T1" toText="2016-11-21" type="BEFORE" />
<TLINK id="SECTIME65" fromID="E64" fromText="Lopressor" toID="T2" toText="2016-11-30" type="BEFORE" />
<TLINK id="SECTIME66" fromID="E65" fromText="Nebulizers" toID="T2" toText="2016-11-30" type="BEFORE" />
<TLINK id="SECTIME67" fromID="E110" fromText="weaning" toID="T2" toText="2016-11-30" type="BEFORE" />
<TLINK id="SECTIME68" fromID="E66" fromText="ventilation" toID="T2" toText="2016-11-30" type="BEFORE" />
<TLINK id="SECTIME69" fromID="E67" fromText="Medications" toID="T2" toText="2016-11-30" type="BEFORE" />
<TLINK id="SECTIME70" fromID="E68" fromText="gastrostomy tube" toID="T2" toText="2016-11-30" type="BEFORE" />
<TLINK id="SECTIME71" fromID="E69" fromText="Foley catheter" toID="T2" toText="2016-11-30" type="BEFORE" />
<TLINK id="SECTIME72" fromID="E70" fromText="strict monitoring of ins and outs" toID="T2" toText="2016-11-30" type="BEFORE" />
<TLINK id="SECTIME73" fromID="E93" fromText="revealing" toID="T1" toText="2016-11-21" type="BEFORE" />
<TLINK id="SECTIME74" fromID="E71" fromText="Hematocrit" toID="T2" toText="2016-11-30" type="BEFORE" />
<TLINK id="SECTIME75" fromID="E91" fromText="Discharge" toID="T1" toText="2016-11-21" type="BEFORE" />
<TLINK id="SECTIME76" fromID="E72" fromText="Unasyn" toID="T2" toText="2016-11-30" type="BEFORE" />
<TLINK id="SECTIME77" fromID="E73" fromText="antibiotic coverage" toID="T2" toText="2016-11-30" type="BEFORE" />
<TLINK id="SECTIME78" fromID="E3" fromText="invasive squamous cell carcinoma" toID="T1" toText="2016-11-21" type="BEFORE" />
<TLINK id="SECTIME79" fromID="E74" fromText="Flap checks" toID="T2" toText="2016-11-30" type="BEFORE" />
<TLINK id="SECTIME80" fromID="E111" fromText="the Surgical Intensive Care Unit" toID="T2" toText="2016-11-30" type="BEFORE" />
<TLINK id="SECTIME81" fromID="E112" fromText="showing" toID="T2" toText="2016-11-30" type="BEFORE" />
<TLINK id="SECTIME82" fromID="E113" fromText="biphasic Doppler signals" toID="T2" toText="2016-11-30" type="BEFORE" />
<TLINK id="SECTIME83" fromID="E75" fromText="Pink flap" toID="T2" toText="2016-11-30" type="BEFORE" />
<TLINK id="SECTIME84" fromID="E114" fromText="good refill" toID="T2" toText="2016-11-30" type="BEFORE" />
<TLINK id="SECTIME85" fromID="E115" fromText="neurovascularly intact" toID="T2" toText="2016-11-30" type="BEFORE" />
<TLINK id="SECTIME86" fromID="E76" fromText="ventilation" toID="T2" toText="2016-11-30" type="BEFORE" />
<TLINK id="SECTIME87" fromID="E77" fromText="pressure support ventilation" toID="T2" toText="2016-11-30" type="OVERLAP" />
<TLINK id="SECTIME88" fromID="E117" fromText="spontaneous breathing" toID="T2" toText="2016-11-30" type="BEFORE" />
<TLINK id="SECTIME89" fromID="E78" fromText="His Westwood-Pocasset output" toID="T2" toText="2016-11-30" type="BEFORE" />
<TLINK id="SECTIME90" fromID="E94" fromText="presented" toID="T1" toText="2016-11-21" type="OVERLAP" />
<TLINK id="SECTIME91" fromID="E79" fromText="Tube feedings" toID="T2" toText="2016-11-30" type="BEFORE" />
<TLINK id="SECTIME92" fromID="E80" fromText="the procedure" toID="T2" toText="2016-11-30" type="BEFORE" />
<TLINK id="SECTIME93" fromID="E128" fromText="The cuff" toID="T2" toText="2016-11-30" type="BEFORE" />
<TLINK id="SECTIME94" fromID="E81" fromText="his tracheostomy tube" toID="T2" toText="2016-11-30" type="BEFORE" />
<TLINK id="SECTIME95" fromID="E118" fromText="tolerated well" toID="T2" toText="2016-11-30" type="BEFORE" />
<TLINK id="SECTIME96" fromID="E82" fromText="minimal secretions" toID="T2" toText="2016-11-30" type="BEFORE" />
<TLINK id="SECTIME97" fromID="E119" fromText="a strong adequate cough" toID="T2" toText="2016-11-30" type="BEFORE" />
<TLINK id="SECTIME98" fromID="E95" fromText="resection" toID="T1" toText="2016-11-21" type="BEFORE" />
<TLINK id="SECTIME99" fromID="E92" fromText="transferred" toID="T2" toText="2016-11-30" type="BEFORE" />
<TLINK id="SECTIME100" fromID="E120" fromText="the Surgical Intensive Care Unit" toID="T2" toText="2016-11-30" type="BEFORE" />
<TLINK id="SECTIME101" fromID="E121" fromText="the Medical Intensive Care Unit" toID="T2" toText="2016-11-30" type="BEFORE" />
<TLINK id="SECTIME102" fromID="E83" fromText="His tube feedings" toID="T2" toText="2016-11-30" type="BEFORE" />
<TLINK id="SECTIME103" fromID="E122" fromText="advanced" toID="T2" toText="2016-11-30" type="BEFORE" />
<TLINK id="SECTIME104" fromID="E96" fromText="admitted" toID="T1" toText="2016-11-21" type="BEFORE" />
<TLINK id="SECTIME105" fromID="E123" fromText="out of bed" toID="T2" toText="2016-11-30" type="BEFORE" />
<TLINK id="SECTIME106" fromID="E84" fromText="pulmonary toilet" toID="T2" toText="2016-11-30" type="BEFORE" />
<TLINK id="SECTIME107" fromID="E124" fromText="flap checks" toID="T2" toText="2016-11-30" type="BEFORE" />
<TLINK id="SECTIME108" fromID="E85" fromText="The Westwood-Pocasset in his right arm" toID="T2" toText="2016-11-30" type="BEFORE" />
<TLINK id="SECTIME109" fromID="E86" fromText="His tracheostomy" toID="T2" toText="2016-11-30" type="BEFORE" />
<TLINK id="SECTIME110" fromID="E125" fromText="a 6 cuffless Shiley" toID="T2" toText="2016-11-30" type="BEFORE" />
<TLINK id="SECTIME111" fromID="E87" fromText="sutures" toID="T2" toText="2016-11-30" type="BEFORE" />
<TLINK id="SECTIME112" fromID="E88" fromText="a 3-0 silk" toID="T2" toText="2016-11-30" type="BEFORE" />
<TLINK id="SECTIME113" fromID="E127" fromText="tolerated" toID="T2" toText="2016-11-30" type="BEFORE" />
<TLINK id="SECTIME114" fromID="E89" fromText="this procedure" toID="T2" toText="2016-11-30" type="BEFORE" />
<TLINK id="SECTIME115" fromID="E126" fromText="well" toID="T2" toText="2016-11-30" type="BEFORE" />
<TLINK id="SECTIME116" fromID="E4" fromText="his surgery" toID="T1" toText="2016-11-21" type="BEFORE" />
<TLINK id="SECTIME117" fromID="E5" fromText="a joint procedure" toID="T1" toText="2016-11-21" type="BEFORE" />
<TLINK id="SECTIME118" fromID="E6" fromText="Frozen section" toID="T2" toText="2016-11-30" type="BEFORE" />
<TLINK id="SECTIME119" fromID="E97" fromText="revealing" toID="T2" toText="2016-11-30" type="BEFORE" />
<TLINK id="SECTIME120" fromID="E7" fromText="invasive squamous cell carcinoma" toID="T2" toText="2016-11-30" type="BEFORE" />
<TLINK id="SECTIME121" fromID="E8" fromText="complications" toID="T2" toText="2016-11-30" type="BEFORE" />
<TLINK id="SECTIME122" fromID="E9" fromText="reconstruction" toID="T2" toText="2016-11-30" type="BEFORE" />
<TLINK id="SECTIME123" fromID="E10" fromText="radial forearm free flap" toID="T2" toText="2016-11-30" type="BEFORE" />
<TLINK id="SECTIME124" fromID="E11" fromText="Total intravenous fluids" toID="T2" toText="2016-11-30" type="BEFORE" />
<TLINK id="SECTIME125" fromID="E12" fromText="Estimated blood loss" toID="T2" toText="2016-11-30" type="BEFORE" />
<TLINK id="SECTIME126" fromID="E13" fromText="Urine output" toID="T2" toText="2016-11-30" type="BEFORE" />
<TLINK id="SECTIME127" fromID="E14" fromText="complications" toID="T2" toText="2016-11-30" type="BEFORE" />
</TAGS>
</ClinicalNarrativeTemporalAnnotation>