<?xml version="1.0" encoding="UTF-8" ?>
<ClinicalNarrativeTemporalAnnotation>
<TEXT><![CDATA[
Admission Date :
2011-03-10
Discharge Date :
2011-03-15
Service :
Medford
HISTORY OF PRESENT ILLNESS :
This is an 83 year old woman with a history of hypertension who presents with slurred speech when dehydrated .
She has paraplegia secondary to HTLV exposure while on vacation in the Bahamas six years ago .
She presented with three days of general malaise , nausea , vomiting , shortness of breath , cough productive of white sputum .
She awoke with nausea on the day of admission and pleuritic chest pain .
She reports no sick contacts.
The patient has some difficulty talking and grasping right hand .
She came to the Emergency Department on the 2011-03-10 , with temperature of 99.0 F .; blood pressure of 97/50 ; heart rate 100 ; respirations 27 ; O2 saturation 84% on room air and 94% on two liters .
The patient had coarse rhonchi on examination .
Chest x-ray revealed mild pulmonary edema .
Chest CT scan was negative for pulmonary embolism but positive for consolidation .
She was started on Levofloxacin but the patient became hypotensive at that point with blood pressure of 70/45 and received a normal saline bolus to boost her blood pressure to 99/60 ; however the patient was admitted to the Medical Intensive Care Unit for overnight observation because of her somnolence and hypotension .
She was transferred to the Everett Firm on the 2011-03-11 and was mentating well and was stable for transfer .
HOSPITAL COURSE :
After transfer to the Floor , the patient was continued on Levofloxacin for a ten to 14 day course for presumptive pneumonia .
Due to her chronic diarrhea she was repleted with intravenous fluids .
For her depression , continued on Citalopram 10 mg daily .
For her paraplegia and associated muscle spasticity she was continued on her Zanaflex .
For deep vein thrombosis prophylaxis she was treated with subcutaneous heparin and for gastrointestinal prophylaxis she was treated with Protonix .
She was also evaluated by Physical Therapy and Speech and Swallow because of some report of dysphagia .
Physical Therapy felt that the patient was cleared for transfer home with services .
Occupational Therapy was also in agreement with the patient 's disposition home with services .
The patient was able to advance her diet well from liquids to solids , however , she was plagued with a persistent cough and some low grade fevers to 99.0 F .
Speech and Swallow evaluated the patient at bedside and recommended advancing to regular diet with regular consistency and saw no evidence of any dysphagia .
There was some question regarding restarting of the patient 's Coumadin given her positive lupus anti-coagulant status as well as the presence of her basilar artery stenosis .
The patient was discharged on the 2011-03-15 on the following medications .
]]></TEXT>
<TAGS>
<TLINK id="TL1" fromID="E0" fromText="Admission" toID="T1" toText="2011-03-10" type="OVERLAP" />
<TLINK id="TL2" fromID="E33" fromText="Discharge" toID="T1" toText="2011-03-10" type="OVERLAP" />
<TLINK id="TL3" fromID="E33" fromText="Discharge" toID="T2" toText="2011-03-15" type="OVERLAP" />
<TLINK id="TL4" fromID="E34" fromText="hypertension" toID="E35" toText="presents" type="OVERLAP" />
<TLINK id="TL5" fromID="E1" fromText="slurred speech" toID="E35" toText="presents" type="OVERLAP" />
<TLINK id="TL6" fromID="E2" fromText="dehydrated" toID="E35" toText="presents" type="BEFORE" />
<TLINK id="TL7" fromID="E3" fromText="paraplegia" toID="E2" toText="dehydrated" type="OVERLAP" />
<TLINK id="TL8" fromID="E3" fromText="paraplegia" toID="E4" toText="HTLV exposure" type="OVERLAP" />
<TLINK id="TL9" fromID="E4" fromText="HTLV exposure" toID="T0" toText="six years ago" type="BEFORE" />
<TLINK id="TL10" fromID="E36" fromText="presented" toID="E4" toText="HTLV exposure" type="OVERLAP" />
<TLINK id="TL11" fromID="T6" fromText="three days" toID="E36" toText="presented" type="AFTER" />
<TLINK id="TL12" fromID="E5" fromText="general malaise" toID="E36" toText="presented" type="OVERLAP" />
<TLINK id="TL13" fromID="E6" fromText="nausea" toID="E5" toText="general malaise" type="OVERLAP" />
<TLINK id="TL14" fromID="E7" fromText="vomiting" toID="E6" toText="nausea" type="OVERLAP" />
<TLINK id="TL15" fromID="E8" fromText="shortness of breath" toID="E7" toText="vomiting" type="OVERLAP" />
<TLINK id="TL16" fromID="E9" fromText="cough" toID="E8" toText="shortness of breath" type="OVERLAP" />
<TLINK id="TL17" fromID="E10" fromText="white sputum" toID="E9" toText="cough" type="OVERLAP" />
<TLINK id="TL18" fromID="E10" fromText="white sputum" toID="E37" toText="awoke" type="OVERLAP" />
<TLINK id="TL19" fromID="E11" fromText="nausea" toID="E37" toText="awoke" type="OVERLAP" />
<TLINK id="TL20" fromID="E11" fromText="nausea" toID="T7" toText="the day" type="OVERLAP" />
<TLINK id="TL21" fromID="E12" fromText="pleuritic chest pain" toID="E11" toText="nausea" type="OVERLAP" />
<TLINK id="TL22" fromID="E12" fromText="pleuritic chest pain" toID="E39" toText="reports" type="OVERLAP" />
<TLINK id="TL23" fromID="E38" fromText="sick contacts." toID="E39" toText="reports" type="BEFORE" />
<TLINK id="TL24" fromID="E40" fromText="some difficulty" toID="E38" toText="sick contacts." type="OVERLAP" />
<TLINK id="TL25" fromID="E40" fromText="some difficulty" toID="E41" toText="the Emergency Department" type="OVERLAP" />
<TLINK id="TL26" fromID="E41" fromText="the Emergency Department" toID="T3" toText="the 2011-03-10" type="OVERLAP" />
<TLINK id="TL27" fromID="E42" fromText="temperature" toID="E41" toText="the Emergency Department" type="OVERLAP" />
<TLINK id="TL28" fromID="E43" fromText="blood pressure" toID="E42" toText="temperature" type="OVERLAP" />
<TLINK id="TL29" fromID="E43" fromText="blood pressure" toID="E44" toText="heart rate" type="OVERLAP" />
<TLINK id="TL30" fromID="E45" fromText="respirations" toID="E44" toText="heart rate" type="OVERLAP" />
<TLINK id="TL31" fromID="E46" fromText="O2 saturation" toID="E45" toText="respirations" type="OVERLAP" />
<TLINK id="TL32" fromID="E46" fromText="O2 saturation" toID="E47" toText="two liters" type="OVERLAP" />
<TLINK id="TL33" fromID="E48" fromText="coarse rhonchi" toID="E47" toText="two liters" type="OVERLAP" />
<TLINK id="TL34" fromID="E48" fromText="coarse rhonchi" toID="E49" toText="examination" type="OVERLAP" />
<TLINK id="TL35" fromID="E50" fromText="Chest x-ray" toID="E49" toText="examination" type="OVERLAP" />
<TLINK id="TL36" fromID="E51" fromText="revealed" toID="E50" toText="Chest x-ray" type="OVERLAP" />
<TLINK id="TL37" fromID="E52" fromText="mild pulmonary edema" toID="E51" toText="revealed" type="BEFORE" />
<TLINK id="TL38" fromID="E53" fromText="Chest CT scan" toID="E51" toText="revealed" type="OVERLAP" />
<TLINK id="TL39" fromID="E54" fromText="pulmonary embolism" toID="E53" toText="Chest CT scan" type="OVERLAP" />
<TLINK id="TL40" fromID="E55" fromText="consolidation" toID="E54" toText="pulmonary embolism" type="OVERLAP" />
<TLINK id="TL41" fromID="E55" fromText="consolidation" toID="E56" toText="Levofloxacin" type="OVERLAP" />
<TLINK id="TL42" fromID="E57" fromText="hypotensive" toID="E56" toText="Levofloxacin" type="OVERLAP" />
<TLINK id="TL43" fromID="E57" fromText="hypotensive" toID="E58" toText="blood pressure" type="OVERLAP" />
<TLINK id="TL44" fromID="E58" fromText="blood pressure" toID="E59" toText="a normal saline bolus" type="OVERLAP" />
<TLINK id="TL45" fromID="E60" fromText="her blood pressure" toID="E59" toText="a normal saline bolus" type="OVERLAP" />
<TLINK id="TL46" fromID="E60" fromText="her blood pressure" toID="E61" toText="admitted" type="OVERLAP" />
<TLINK id="TL47" fromID="E61" fromText="admitted" toID="E62" toText="the Medical Intensive Care Unit" type="OVERLAP" />
<TLINK id="TL48" fromID="E63" fromText="overnight observation" toID="E62" toText="the Medical Intensive Care Unit" type="OVERLAP" />
<TLINK id="TL49" fromID="E64" fromText="her somnolence" toID="E63" toText="overnight observation" type="OVERLAP" />
<TLINK id="TL50" fromID="E64" fromText="her somnolence" toID="E65" toText="hypotension" type="OVERLAP" />
<TLINK id="TL51" fromID="E65" fromText="hypotension" toID="E66" toText="transferred" type="OVERLAP" />
<TLINK id="TL52" fromID="E66" fromText="transferred" toID="E67" toText="the Everett Firm" type="OVERLAP" />
<TLINK id="TL53" fromID="E66" fromText="transferred" toID="T4" toText="the 2011-03-11" type="OVERLAP" />
<TLINK id="TL54" fromID="E68" fromText="mentating well" toID="E67" toText="the Everett Firm" type="OVERLAP" />
<TLINK id="TL55" fromID="E69" fromText="stable" toID="E68" toText="mentating well" type="OVERLAP" />
<TLINK id="TL56" fromID="E69" fromText="stable" toID="E70" toText="transfer" type="OVERLAP" />
<TLINK id="TL57" fromID="E71" fromText="transfer" toID="E72" toText="the Floor" type="OVERLAP" />
<TLINK id="TL58" fromID="E13" fromText="Levofloxacin" toID="E72" toText="the Floor" type="OVERLAP" />
<TLINK id="TL59" fromID="E13" fromText="Levofloxacin" toID="T8" toText="ten to 14 day" type="OVERLAP" />
<TLINK id="TL60" fromID="E14" fromText="pneumonia" toID="E13" toText="Levofloxacin" type="OVERLAP" />
<TLINK id="TL61" fromID="E15" fromText="her chronic diarrhea" toID="E14" toText="pneumonia" type="OVERLAP" />
<TLINK id="TL62" fromID="E15" fromText="her chronic diarrhea" toID="E16" toText="intravenous fluids" type="OVERLAP" />
<TLINK id="TL63" fromID="E17" fromText="her depression" toID="E16" toText="intravenous fluids" type="BEFORE" />
<TLINK id="TL64" fromID="E17" fromText="her depression" toID="E18" toText="Citalopram" type="BEFORE" />
<TLINK id="TL65" fromID="E18" fromText="Citalopram" toID="T9" toText="daily" type="OVERLAP" />
<TLINK id="TL66" fromID="E18" fromText="Citalopram" toID="E19" toText="her paraplegia" type="OVERLAP" />
<TLINK id="TL67" fromID="E19" fromText="her paraplegia" toID="E20" toText="muscle spasticity" type="OVERLAP" />
<TLINK id="TL68" fromID="E20" fromText="muscle spasticity" toID="E21" toText="her Zanaflex" type="BEFORE" />
<TLINK id="TL69" fromID="E22" fromText="deep vein thrombosis prophylaxis" toID="E21" toText="her Zanaflex" type="OVERLAP" />
<TLINK id="TL70" fromID="E22" fromText="deep vein thrombosis prophylaxis" toID="E23" toText="subcutaneous heparin" type="OVERLAP" />
<TLINK id="TL71" fromID="E24" fromText="gastrointestinal prophylaxis" toID="E23" toText="subcutaneous heparin" type="OVERLAP" />
<TLINK id="TL72" fromID="E24" fromText="gastrointestinal prophylaxis" toID="E25" toText="Protonix" type="OVERLAP" />
<TLINK id="TL73" fromID="E26" fromText="dysphagia" toID="E25" toText="Protonix" type="BEFORE" />
<TLINK id="TL74" fromID="E26" fromText="dysphagia" toID="E73" toText="transfer" type="OVERLAP" />
<TLINK id="TL75" fromID="E74" fromText="home" toID="E73" toText="transfer" type="OVERLAP" />
<TLINK id="TL76" fromID="E75" fromText="services" toID="E74" toText="home" type="OVERLAP" />
<TLINK id="TL77" fromID="E76" fromText="services" toID="E75" toText="services" type="OVERLAP" />
<TLINK id="TL78" fromID="E76" fromText="services" toID="E77" toText="advance" type="OVERLAP" />
<TLINK id="TL79" fromID="E86" fromText="her diet" toID="E77" toText="advance" type="OVERLAP" />
<TLINK id="TL80" fromID="E79" fromText="well" toID="E77" toText="advance" type="OVERLAP" />
<TLINK id="TL81" fromID="E80" fromText="liquids" toID="E79" toText="well" type="OVERLAP" />
<TLINK id="TL82" fromID="E81" fromText="solids" toID="E80" toText="liquids" type="OVERLAP" />
<TLINK id="TL83" fromID="E27" fromText="a persistent cough" toID="E81" toText="solids" type="OVERLAP" />
<TLINK id="TL84" fromID="E28" fromText="some low grade fevers" toID="E81" toText="solids" type="BEFORE" />
<TLINK id="TL85" fromID="E28" fromText="some low grade fevers" toID="E82" toText="regular diet" type="BEFORE" />
<TLINK id="TL86" fromID="E83" fromText="regular consistency" toID="E82" toText="regular diet" type="OVERLAP" />
<TLINK id="TL87" fromID="E29" fromText="any dysphagia" toID="E83" toText="regular consistency" type="OVERLAP" />
<TLINK id="TL88" fromID="E30" fromText="the patient 's Coumadin" toID="E82" toText="regular diet" type="OVERLAP" />
<TLINK id="TL89" fromID="E31" fromText="her positive lupus anti-coagulant" toID="E30" toText="the patient 's Coumadin" type="BEFORE" />
<TLINK id="TL90" fromID="E32" fromText="her basilar artery stenosis" toID="E31" toText="her positive lupus anti-coagulant" type="OVERLAP" />
<TLINK id="TL91" fromID="E32" fromText="her basilar artery stenosis" toID="E84" toText="discharged" type="OVERLAP" />
<TLINK id="TL92" fromID="E84" fromText="discharged" toID="T5" toText="the 2011-03-15" type="OVERLAP" />
<TLINK id="TL93" fromID="E85" fromText="the following medications" toID="E84" toText="discharged" type="BEFORE" />
<TLINK id="SECTIME0" fromID="E0" fromText="Admission" toID="T1" toText="2011-03-10" type="BEFORE" />
<TLINK id="SECTIME1" fromID="E56" fromText="Levofloxacin" toID="T1" toText="2011-03-10" type="BEFORE" />
<TLINK id="SECTIME2" fromID="E57" fromText="hypotensive" toID="T1" toText="2011-03-10" type="BEFORE" />
<TLINK id="SECTIME3" fromID="E58" fromText="blood pressure" toID="T1" toText="2011-03-10" type="BEFORE" />
<TLINK id="SECTIME4" fromID="E59" fromText="a normal saline bolus" toID="T1" toText="2011-03-10" type="BEFORE" />
<TLINK id="SECTIME5" fromID="E60" fromText="her blood pressure" toID="T1" toText="2011-03-10" type="BEFORE" />
<TLINK id="SECTIME6" fromID="E61" fromText="admitted" toID="T1" toText="2011-03-10" type="OVERLAP" />
<TLINK id="SECTIME7" fromID="E62" fromText="the Medical Intensive Care Unit" toID="T1" toText="2011-03-10" type="BEFORE" />
<TLINK id="SECTIME8" fromID="E63" fromText="overnight observation" toID="T1" toText="2011-03-10" type="BEFORE" />
<TLINK id="SECTIME9" fromID="E64" fromText="her somnolence" toID="T1" toText="2011-03-10" type="BEFORE" />
<TLINK id="SECTIME10" fromID="E65" fromText="hypotension" toID="T1" toText="2011-03-10" type="BEFORE" />
<TLINK id="SECTIME11" fromID="E66" fromText="transferred" toID="T1" toText="2011-03-10" type="OVERLAP" />
<TLINK id="SECTIME12" fromID="E67" fromText="the Everett Firm" toID="T1" toText="2011-03-10" type="BEFORE" />
<TLINK id="SECTIME13" fromID="E68" fromText="mentating well" toID="T1" toText="2011-03-10" type="BEFORE" />
<TLINK id="SECTIME14" fromID="E69" fromText="stable" toID="T1" toText="2011-03-10" type="BEFORE" />
<TLINK id="SECTIME15" fromID="E70" fromText="transfer" toID="T1" toText="2011-03-10" type="OVERLAP" />
<TLINK id="SECTIME16" fromID="E71" fromText="transfer" toID="T2" toText="2011-03-15" type="BEFORE" />
<TLINK id="SECTIME17" fromID="E72" fromText="the Floor" toID="T2" toText="2011-03-15" type="BEFORE" />
<TLINK id="SECTIME18" fromID="E13" fromText="Levofloxacin" toID="T2" toText="2011-03-15" type="BEFORE" />
<TLINK id="SECTIME19" fromID="E34" fromText="hypertension" toID="T1" toText="2011-03-10" type="BEFORE" />
<TLINK id="SECTIME20" fromID="E14" fromText="pneumonia" toID="T2" toText="2011-03-15" type="BEFORE" />
<TLINK id="SECTIME21" fromID="E15" fromText="her chronic diarrhea" toID="T2" toText="2011-03-15" type="BEFORE" />
<TLINK id="SECTIME22" fromID="E16" fromText="intravenous fluids" toID="T2" toText="2011-03-15" type="BEFORE" />
<TLINK id="SECTIME23" fromID="E17" fromText="her depression" toID="T2" toText="2011-03-15" type="BEFORE" />
<TLINK id="SECTIME24" fromID="E18" fromText="Citalopram" toID="T2" toText="2011-03-15" type="BEFORE" />
<TLINK id="SECTIME25" fromID="E35" fromText="presents" toID="T1" toText="2011-03-10" type="OVERLAP" />
<TLINK id="SECTIME26" fromID="E19" fromText="her paraplegia" toID="T2" toText="2011-03-15" type="BEFORE" />
<TLINK id="SECTIME27" fromID="E20" fromText="muscle spasticity" toID="T2" toText="2011-03-15" type="BEFORE" />
<TLINK id="SECTIME28" fromID="E21" fromText="her Zanaflex" toID="T2" toText="2011-03-15" type="BEFORE" />
<TLINK id="SECTIME29" fromID="E22" fromText="deep vein thrombosis prophylaxis" toID="T2" toText="2011-03-15" type="BEFORE" />
<TLINK id="SECTIME30" fromID="E1" fromText="slurred speech" toID="T1" toText="2011-03-10" type="BEFORE" />
<TLINK id="SECTIME31" fromID="E23" fromText="subcutaneous heparin" toID="T2" toText="2011-03-15" type="BEFORE" />
<TLINK id="SECTIME32" fromID="E24" fromText="gastrointestinal prophylaxis" toID="T2" toText="2011-03-15" type="BEFORE" />
<TLINK id="SECTIME33" fromID="E25" fromText="Protonix" toID="T2" toText="2011-03-15" type="BEFORE" />
<TLINK id="SECTIME34" fromID="E2" fromText="dehydrated" toID="T1" toText="2011-03-10" type="BEFORE" />
<TLINK id="SECTIME35" fromID="E26" fromText="dysphagia" toID="T2" toText="2011-03-15" type="BEFORE" />
<TLINK id="SECTIME36" fromID="E73" fromText="transfer" toID="T2" toText="2011-03-15" type="OVERLAP" />
<TLINK id="SECTIME37" fromID="E74" fromText="home" toID="T2" toText="2011-03-15" type="OVERLAP" />
<TLINK id="SECTIME38" fromID="E75" fromText="services" toID="T2" toText="2011-03-15" type="OVERLAP" />
<TLINK id="SECTIME39" fromID="E76" fromText="services" toID="T2" toText="2011-03-15" type="AFTER" />
<TLINK id="SECTIME40" fromID="E3" fromText="paraplegia" toID="T1" toText="2011-03-10" type="BEFORE" />
<TLINK id="SECTIME41" fromID="E77" fromText="advance" toID="T2" toText="2011-03-15" type="BEFORE" />
<TLINK id="SECTIME42" fromID="E86" fromText="her diet" toID="T2" toText="2011-03-15" type="BEFORE" />
<TLINK id="SECTIME43" fromID="E79" fromText="well" toID="T2" toText="2011-03-15" type="BEFORE" />
<TLINK id="SECTIME44" fromID="E80" fromText="liquids" toID="T2" toText="2011-03-15" type="BEFORE" />
<TLINK id="SECTIME45" fromID="E81" fromText="solids" toID="T2" toText="2011-03-15" type="BEFORE" />
<TLINK id="SECTIME46" fromID="E27" fromText="a persistent cough" toID="T2" toText="2011-03-15" type="BEFORE" />
<TLINK id="SECTIME47" fromID="E28" fromText="some low grade fevers" toID="T2" toText="2011-03-15" type="BEFORE" />
<TLINK id="SECTIME48" fromID="E82" fromText="regular diet" toID="T2" toText="2011-03-15" type="BEFORE" />
<TLINK id="SECTIME49" fromID="E4" fromText="HTLV exposure" toID="T1" toText="2011-03-10" type="BEFORE" />
<TLINK id="SECTIME50" fromID="E83" fromText="regular consistency" toID="T2" toText="2011-03-15" type="BEFORE" />
<TLINK id="SECTIME51" fromID="E29" fromText="any dysphagia" toID="T2" toText="2011-03-15" type="BEFORE" />
<TLINK id="SECTIME52" fromID="E30" fromText="the patient 's Coumadin" toID="T2" toText="2011-03-15" type="BEFORE" />
<TLINK id="SECTIME53" fromID="E31" fromText="her positive lupus anti-coagulant" toID="T2" toText="2011-03-15" type="BEFORE" />
<TLINK id="SECTIME54" fromID="E32" fromText="her basilar artery stenosis" toID="T2" toText="2011-03-15" type="BEFORE" />
<TLINK id="SECTIME55" fromID="E84" fromText="discharged" toID="T2" toText="2011-03-15" type="OVERLAP" />
<TLINK id="SECTIME56" fromID="E85" fromText="the following medications" toID="T2" toText="2011-03-15" type="OVERLAP" />
<TLINK id="SECTIME57" fromID="E33" fromText="Discharge" toID="T1" toText="2011-03-10" type="BEFORE" />
<TLINK id="SECTIME58" fromID="E36" fromText="presented" toID="T1" toText="2011-03-10" type="BEFORE" />
<TLINK id="SECTIME59" fromID="E5" fromText="general malaise" toID="T1" toText="2011-03-10" type="BEFORE" />
<TLINK id="SECTIME60" fromID="E6" fromText="nausea" toID="T1" toText="2011-03-10" type="BEFORE" />
<TLINK id="SECTIME61" fromID="E7" fromText="vomiting" toID="T1" toText="2011-03-10" type="BEFORE" />
<TLINK id="SECTIME62" fromID="E8" fromText="shortness of breath" toID="T1" toText="2011-03-10" type="BEFORE" />
<TLINK id="SECTIME63" fromID="E9" fromText="cough" toID="T1" toText="2011-03-10" type="BEFORE" />
<TLINK id="SECTIME64" fromID="E10" fromText="white sputum" toID="T1" toText="2011-03-10" type="BEFORE" />
<TLINK id="SECTIME65" fromID="E37" fromText="awoke" toID="T1" toText="2011-03-10" type="BEFORE" />
<TLINK id="SECTIME66" fromID="E11" fromText="nausea" toID="T1" toText="2011-03-10" type="BEFORE" />
<TLINK id="SECTIME67" fromID="E12" fromText="pleuritic chest pain" toID="T1" toText="2011-03-10" type="BEFORE" />
<TLINK id="SECTIME68" fromID="E39" fromText="reports" toID="T1" toText="2011-03-10" type="OVERLAP" />
<TLINK id="SECTIME69" fromID="E38" fromText="sick contacts." toID="T1" toText="2011-03-10" type="BEFORE" />
<TLINK id="SECTIME70" fromID="E40" fromText="some difficulty" toID="T1" toText="2011-03-10" type="BEFORE" />
<TLINK id="SECTIME71" fromID="E41" fromText="the Emergency Department" toID="T1" toText="2011-03-10" type="BEFORE" />
<TLINK id="SECTIME72" fromID="E42" fromText="temperature" toID="T1" toText="2011-03-10" type="BEFORE" />
<TLINK id="SECTIME73" fromID="E43" fromText="blood pressure" toID="T1" toText="2011-03-10" type="BEFORE" />
<TLINK id="SECTIME74" fromID="E44" fromText="heart rate" toID="T1" toText="2011-03-10" type="BEFORE" />
<TLINK id="SECTIME75" fromID="E45" fromText="respirations" toID="T1" toText="2011-03-10" type="BEFORE" />
<TLINK id="SECTIME76" fromID="E46" fromText="O2 saturation" toID="T1" toText="2011-03-10" type="BEFORE" />
<TLINK id="SECTIME77" fromID="E47" fromText="two liters" toID="T1" toText="2011-03-10" type="BEFORE" />
<TLINK id="SECTIME78" fromID="E48" fromText="coarse rhonchi" toID="T1" toText="2011-03-10" type="BEFORE" />
<TLINK id="SECTIME79" fromID="E49" fromText="examination" toID="T1" toText="2011-03-10" type="BEFORE" />
<TLINK id="SECTIME80" fromID="E50" fromText="Chest x-ray" toID="T1" toText="2011-03-10" type="BEFORE" />
<TLINK id="SECTIME81" fromID="E51" fromText="revealed" toID="T1" toText="2011-03-10" type="BEFORE" />
<TLINK id="SECTIME82" fromID="E52" fromText="mild pulmonary edema" toID="T1" toText="2011-03-10" type="BEFORE" />
<TLINK id="SECTIME83" fromID="E53" fromText="Chest CT scan" toID="T1" toText="2011-03-10" type="BEFORE" />
<TLINK id="SECTIME84" fromID="E54" fromText="pulmonary embolism" toID="T1" toText="2011-03-10" type="BEFORE" />
<TLINK id="SECTIME85" fromID="E55" fromText="consolidation" toID="T1" toText="2011-03-10" type="BEFORE" />
</TAGS>
</ClinicalNarrativeTemporalAnnotation>