<?xml version="1.0" encoding="UTF-8" ?>
<ClinicalNarrativeTemporalAnnotation>
<TEXT><![CDATA[
Admission Date :
2014-02-21
Discharge Date :
2014-03-25
Service :
SURGERY
History of Present Illness :
Ms Crossman is an 84 year old female with complaints of abdominal pain , diarrhea , nausea and vomiting x 1 week , who presented to an outside hospital .
She was transferred to Arbour Hospital on 2015-02-21 for bowel obstruction , ischemia and worsening abdominal distention and pain .
Brief Hospital Course :
Ms Crossman was admitted on 2015-02-21 from an outside hospital to the ICU .
Neuro : Developed confusion during her first 5 days in the ICU .
Post-operatively mental status improved .
Intermitent delirium throughout admission .
Required restraints to prevent DC of pertinent therapies while in the ICU .
Currently AAOx3 .
Cardiovascular : Complained of chest pain during first few days of admission , a cardiology consult was obtained .
She recieved serial enzymes and EKGs .
Troponins remained mildly elevated as high as 0.6 throughout her admission , and most recent result now 0.1 .
She was treated in IUC for unstable angina with nitroglycerin .
It was recommended to maximize her medical treatment with Beta blockers , aspirin , a statin and an ACE Inhibitor .
Required diuresis of > 9 L while in the ICU , after 2nd surgery .
Continues to have trace lower extremity edema , and recieves lasix po .
Respiratory : She was intubated briefly post-op subtotal colectomy and again for several days after second surgery .
Recieved nebulizer treatments post-op in the ICU , after successfully extubated .
Gastrointestinal : Her initial CT scan showed dilated Turner colon , wall thickening and pneumatosis see pertinent results .
She was initially treated nonoperatively with IV fluids , antibiotics , serial exams and NGT decompression .
On HD#5 flexible sigmoidoscopy was performed for colonic decompression .
On HD#6 , colonscopy was performed for decompression , and revealed pseudomembrane and friable colonic tissue .
Her abdomen remained tender and distended despite attempted decompression .
She was taken to the OR for Subtotal Colectomy , G tube and ileostomy due to unresponsiveness to non-operative treatment .
Ileostomy remains pink and intact , draining green-brown soft stool .
Her post-operative course continued uneventfully in the ICU , and she was transferred to the floor POD#6 .
She developed additional abdominal tenderness and distention .
Her HCT dropped and she recieved 1 unit PRBCs .
Geriatric consult was obtained to assist with management .
On POD#8 a CT scan was obtained which revealed an abcess with a colovesicular fistula .
She was taken to the OR for exploration and drainage .
She recieved further resection of remaining colon , repair of a leak from Relaford pouch and repair of colovesicular fistula .
After her 2nd surgery she returned to the ICU and improved steadily .
Abdomen remained soft and nontender .
She remained on IV antibiotics x 14 days and required pressors for the first few days post-op .
Her incision has remained clean , dry , intact , with staples removed on POD# 27/18 .
Genitourinary : She had a foley catheter from the time of admission .
POD# 23/14 she recieved a cystoscopy which revealed no leak .
Her foley was subsequently dc 'd .
Musculoskeletal : Has suffered significant deconditioning since admission , but has consisitently recieved PT .
See PT note for further assessment and discussion .
Nutrition : She was held NPO at admission , and initiated on TPN by HD#3 .
Post-operatively she began on TF s, and the TPN was weaned down .
By POD# 05-29 she was having high residuals on TF s, so TPN was reinitiated .
Tf 's were dc 'ed prior to second surgery .
POD# 15/6 , she resumed TF 's and TPN was tapered again .
TF goals were achieved and TPN dc 'ed.
A diet by mouth was initiated .
At time of discharge she is tolerating a regular diet with TF 's at goal .
Patient is an insulin dependent diabetic .
She was followed by Cape Cod Hospital Clinic for treatment of persistent hyperglycemia .
Pain : Her pain was controlled with IV pain medicines while in ICU .
She has been adequately controlled with Tylenol , Motrin & Oxycodone by mouth , per recommendations by Geriatrics .
POD# 22/15 Ms Crossman was transferred to 3 North where she continued to progress well with PT , increasing PO intake , tolerating TF s, and weaning from nasal cannula oxygen .
She has remained stable with no acute events .
She is discharged to rehab on POD# 27/18 .
]]></TEXT>
<TAGS>
<TLINK id="TL1" fromID="E0" fromText="Admission" toID="T1" toText="2014-02-21" type="OVERLAP" />
<TLINK id="TL2" fromID="E114" fromText="Discharge" toID="T1" toText="2014-02-21" type="OVERLAP" />
<TLINK id="TL3" fromID="E114" fromText="Discharge" toID="T2" toText="2014-03-25" type="OVERLAP" />
<TLINK id="TL4" fromID="E2" fromText="diarrhea" toID="E1" toText="abdominal pain" type="OVERLAP" />
<TLINK id="TL5" fromID="E3" fromText="nausea" toID="E2" toText="diarrhea" type="OVERLAP" />
<TLINK id="TL6" fromID="E4" fromText="vomiting" toID="E3" toText="nausea" type="OVERLAP" />
<TLINK id="TL7" fromID="E4" fromText="vomiting" toID="T0" toText="x 1 week" type="OVERLAP" />
<TLINK id="TL8" fromID="E4" fromText="vomiting" toID="E115" toText="presented" type="OVERLAP" />
<TLINK id="TL9" fromID="E116" fromText="an outside hospital" toID="E115" toText="presented" type="OVERLAP" />
<TLINK id="TL10" fromID="E117" fromText="transferred" toID="E116" toText="an outside hospital" type="BEFORE" />
<TLINK id="TL11" fromID="E117" fromText="transferred" toID="E118" toText="Arbour Hospital" type="OVERLAP" />
<TLINK id="TL12" fromID="E117" fromText="transferred" toID="T3" toText="2015-02-21" type="OVERLAP" />
<TLINK id="TL13" fromID="E5" fromText="bowel obstruction" toID="E118" toText="Arbour Hospital" type="OVERLAP" />
<TLINK id="TL14" fromID="E6" fromText="ischemia" toID="E5" toText="bowel obstruction" type="OVERLAP" />
<TLINK id="TL15" fromID="E7" fromText="worsening abdominal distention" toID="E6" toText="ischemia" type="OVERLAP" />
<TLINK id="TL16" fromID="E8" fromText="pain" toID="E7" toText="worsening abdominal distention" type="OVERLAP" />
<TLINK id="TL17" fromID="E103" fromText="admitted" toID="T4" toText="2015-02-21" type="OVERLAP" />
<TLINK id="TL18" fromID="E119" fromText="an outside hospital" toID="E103" toText="admitted" type="OVERLAP" />
<TLINK id="TL19" fromID="E120" fromText="the ICU" toID="E119" toText="an outside hospital" type="OVERLAP" />
<TLINK id="TL20" fromID="E9" fromText="confusion" toID="E120" toText="the ICU" type="BEFORE" />
<TLINK id="TL21" fromID="E9" fromText="confusion" toID="T5" toText="5 days" type="OVERLAP" />
<TLINK id="TL22" fromID="E9" fromText="confusion" toID="E121" toText="the ICU" type="OVERLAP" />
<TLINK id="TL23" fromID="E123" fromText="mental status" toID="E121" toText="the ICU" type="OVERLAP" />
<TLINK id="TL24" fromID="E124" fromText="improved" toID="E123" toText="mental status" type="OVERLAP" />
<TLINK id="TL25" fromID="E124" fromText="improved" toID="E125" toText="delirium" type="OVERLAP" />
<TLINK id="TL26" fromID="E125" fromText="delirium" toID="E104" toText="admission" type="OVERLAP" />
<TLINK id="TL27" fromID="E10" fromText="restraints" toID="E104" toText="admission" type="OVERLAP" />
<TLINK id="TL28" fromID="E11" fromText="pertinent therapies" toID="E10" toText="restraints" type="OVERLAP" />
<TLINK id="TL29" fromID="E11" fromText="pertinent therapies" toID="E126" toText="the ICU" type="OVERLAP" />
<TLINK id="TL30" fromID="E127" fromText="AAOx3" toID="E126" toText="the ICU" type="BEFORE" />
<TLINK id="TL31" fromID="E128" fromText="Complained" toID="E127" toText="AAOx3" type="OVERLAP" />
<TLINK id="TL32" fromID="E12" fromText="chest pain" toID="E128" toText="Complained" type="BEFORE" />
<TLINK id="TL33" fromID="E12" fromText="chest pain" toID="T6" toText="first few days" type="OVERLAP" />
<TLINK id="TL34" fromID="T6" fromText="first few days" toID="E129" toText="admission" type="OVERLAP" />
<TLINK id="TL35" fromID="E130" fromText="a cardiology consult" toID="E129" toText="admission" type="OVERLAP" />
<TLINK id="TL36" fromID="E13" fromText="serial enzymes" toID="E130" toText="a cardiology consult" type="OVERLAP" />
<TLINK id="TL37" fromID="E14" fromText="EKGs" toID="E13" toText="serial enzymes" type="OVERLAP" />
<TLINK id="TL38" fromID="E14" fromText="EKGs" toID="E15" toText="Troponins" type="OVERLAP" />
<TLINK id="TL39" fromID="E131" fromText="elevated" toID="E15" toText="Troponins" type="BEFORE" />
<TLINK id="TL40" fromID="E131" fromText="elevated" toID="E132" toText="her admission" type="OVERLAP" />
<TLINK id="TL41" fromID="E133" fromText="IUC" toID="E132" toText="her admission" type="OVERLAP" />
<TLINK id="TL42" fromID="E17" fromText="unstable angina" toID="E133" toText="IUC" type="BEFORE" />
<TLINK id="TL43" fromID="E17" fromText="unstable angina" toID="E18" toText="nitroglycerin" type="OVERLAP" />
<TLINK id="TL44" fromID="E134" fromText="her medical treatment" toID="E18" toText="nitroglycerin" type="OVERLAP" />
<TLINK id="TL45" fromID="E134" fromText="her medical treatment" toID="E19" toText="Beta blockers" type="OVERLAP" />
<TLINK id="TL46" fromID="E20" fromText="aspirin" toID="E19" toText="Beta blockers" type="OVERLAP" />
<TLINK id="TL47" fromID="E20" fromText="aspirin" toID="E21" toText="a statin" type="OVERLAP" />
<TLINK id="TL48" fromID="E22" fromText="an ACE Inhibitor" toID="E21" toText="a statin" type="OVERLAP" />
<TLINK id="TL49" fromID="E23" fromText="diuresis" toID="E22" toText="an ACE Inhibitor" type="OVERLAP" />
<TLINK id="TL50" fromID="E23" fromText="diuresis" toID="E135" toText="the ICU" type="OVERLAP" />
<TLINK id="TL51" fromID="E24" fromText="2nd surgery" toID="E135" toText="the ICU" type="OVERLAP" />
<TLINK id="TL52" fromID="E25" fromText="trace lower extremity edema" toID="E24" toText="2nd surgery" type="OVERLAP" />
<TLINK id="TL53" fromID="E25" fromText="trace lower extremity edema" toID="E26" toText="lasix po" type="BEFORE" />
<TLINK id="TL54" fromID="E27" fromText="intubated" toID="E26" toText="lasix po" type="OVERLAP" />
<TLINK id="TL55" fromID="E28" fromText="subtotal colectomy" toID="E27" toText="intubated" type="OVERLAP" />
<TLINK id="TL56" fromID="E28" fromText="subtotal colectomy" toID="T7" toText="several days" type="OVERLAP" />
<TLINK id="TL57" fromID="E29" fromText="second surgery" toID="T7" toText="several days" type="OVERLAP" />
<TLINK id="TL58" fromID="E30" fromText="nebulizer treatments" toID="E29" toText="second surgery" type="OVERLAP" />
<TLINK id="TL59" fromID="E30" fromText="nebulizer treatments" toID="E136" toText="the ICU" type="OVERLAP" />
<TLINK id="TL60" fromID="E30" fromText="nebulizer treatments" toID="E105" toText="extubated" type="OVERLAP" />
<TLINK id="TL61" fromID="E31" fromText="Her initial CT scan" toID="E105" toText="extubated" type="AFTER" />
<TLINK id="TL62" fromID="E137" fromText="showed" toID="E31" toText="Her initial CT scan" type="OVERLAP" />
<TLINK id="TL63" fromID="E32" fromText="dilated Turner colon" toID="E137" toText="showed" type="BEFORE" />
<TLINK id="TL64" fromID="E33" fromText="wall thickening" toID="E32" toText="dilated Turner colon" type="OVERLAP" />
<TLINK id="TL65" fromID="E34" fromText="pneumatosis" toID="E33" toText="wall thickening" type="OVERLAP" />
<TLINK id="TL66" fromID="E34" fromText="pneumatosis" toID="E35" toText="IV fluids" type="OVERLAP" />
<TLINK id="TL67" fromID="E35" fromText="IV fluids" toID="E36" toText="antibiotics" type="OVERLAP" />
<TLINK id="TL68" fromID="E37" fromText="serial exams" toID="E36" toText="antibiotics" type="OVERLAP" />
<TLINK id="TL69" fromID="E37" fromText="serial exams" toID="E38" toText="NGT decompression" type="OVERLAP" />
<TLINK id="TL70" fromID="E38" fromText="NGT decompression" toID="T8" toText="HD#5" type="OVERLAP" />
<TLINK id="TL71" fromID="E39" fromText="flexible sigmoidoscopy" toID="T8" toText="HD#5" type="OVERLAP" />
<TLINK id="TL72" fromID="E39" fromText="flexible sigmoidoscopy" toID="E40" toText="colonic decompression" type="OVERLAP" />
<TLINK id="TL73" fromID="E40" fromText="colonic decompression" toID="T9" toText="HD#6" type="OVERLAP" />
<TLINK id="TL74" fromID="E41" fromText="colonscopy" toID="T9" toText="HD#6" type="OVERLAP" />
<TLINK id="TL75" fromID="E41" fromText="colonscopy" toID="E42" toText="decompression" type="OVERLAP" />
<TLINK id="TL76" fromID="E42" fromText="decompression" toID="E138" toText="revealed" type="OVERLAP" />
<TLINK id="TL77" fromID="E43" fromText="pseudomembrane" toID="E138" toText="revealed" type="BEFORE" />
<TLINK id="TL78" fromID="E44" fromText="friable colonic tissue" toID="E43" toText="pseudomembrane" type="OVERLAP" />
<TLINK id="TL79" fromID="E45" fromText="tender" toID="E44" toText="friable colonic tissue" type="OVERLAP" />
<TLINK id="TL80" fromID="E45" fromText="tender" toID="E46" toText="distended" type="OVERLAP" />
<TLINK id="TL81" fromID="E46" fromText="distended" toID="E47" toText="decompression" type="OVERLAP" />
<TLINK id="TL82" fromID="E48" fromText="Subtotal Colectomy" toID="E47" toText="decompression" type="OVERLAP" />
<TLINK id="TL83" fromID="E48" fromText="Subtotal Colectomy" toID="E49" toText="G tube" type="OVERLAP" />
<TLINK id="TL84" fromID="E50" fromText="ileostomy" toID="E49" toText="G tube" type="OVERLAP" />
<TLINK id="TL85" fromID="E51" fromText="unresponsiveness" toID="E50" toText="ileostomy" type="OVERLAP" />
<TLINK id="TL86" fromID="E52" fromText="non-operative treatment" toID="E50" toText="ileostomy" type="OVERLAP" />
<TLINK id="TL87" fromID="E53" fromText="Ileostomy" toID="E52" toText="non-operative treatment" type="OVERLAP" />
<TLINK id="TL88" fromID="E53" fromText="Ileostomy" toID="E139" toText="pink and intact" type="OVERLAP" />
<TLINK id="TL89" fromID="E140" fromText="green-brown soft stool" toID="E139" toText="pink and intact" type="OVERLAP" />
<TLINK id="TL90" fromID="E141" fromText="Her post-operative course" toID="E140" toText="green-brown soft stool" type="OVERLAP" />
<TLINK id="TL91" fromID="E141" fromText="Her post-operative course" toID="E142" toText="uneventfully" type="OVERLAP" />
<TLINK id="TL92" fromID="E142" fromText="uneventfully" toID="E143" toText="the ICU" type="OVERLAP" />
<TLINK id="TL93" fromID="E141" fromText="Her post-operative course" toID="E144" toText="transferred" type="OVERLAP" />
<TLINK id="TL94" fromID="E144" fromText="transferred" toID="E145" toText="the floor" type="AFTER" />
<TLINK id="TL95" fromID="E141" fromText="Her post-operative course" toID="T11" toText="POD#6" type="OVERLAP" />
<TLINK id="TL96" fromID="E54" fromText="additional abdominal tenderness" toID="E145" toText="the floor" type="OVERLAP" />
<TLINK id="TL97" fromID="E54" fromText="additional abdominal tenderness" toID="E55" toText="distention" type="OVERLAP" />
<TLINK id="TL98" fromID="E56" fromText="Her HCT" toID="E55" toText="distention" type="OVERLAP" />
<TLINK id="TL99" fromID="E146" fromText="dropped" toID="E56" toText="Her HCT" type="OVERLAP" />
<TLINK id="TL100" fromID="E146" fromText="dropped" toID="E57" toText="1 unit PRBCs" type="OVERLAP" />
<TLINK id="TL101" fromID="E58" fromText="a CT scan" toID="T12" toText="POD#8" type="OVERLAP" />
<TLINK id="TL102" fromID="E148" fromText="revealed" toID="E58" toText="a CT scan" type="OVERLAP" />
<TLINK id="TL103" fromID="E59" fromText="an abcess" toID="E148" toText="revealed" type="BEFORE" />
<TLINK id="TL104" fromID="E60" fromText="a colovesicular fistula" toID="E59" toText="an abcess" type="OVERLAP" />
<TLINK id="TL105" fromID="E60" fromText="a colovesicular fistula" toID="E149" toText="the OR" type="OVERLAP" />
<TLINK id="TL106" fromID="E61" fromText="exploration" toID="E149" toText="the OR" type="OVERLAP" />
<TLINK id="TL107" fromID="E62" fromText="drainage" toID="E149" toText="the OR" type="OVERLAP" />
<TLINK id="TL108" fromID="E63" fromText="further resection of remaining colon" toID="E62" toText="drainage" type="OVERLAP" />
<TLINK id="TL109" fromID="E63" fromText="further resection of remaining colon" toID="E66" toText="repair" type="OVERLAP" />
<TLINK id="TL110" fromID="E65" fromText="a leak from Relaford pouch" toID="E66" toText="repair" type="BEFORE" />
<TLINK id="TL111" fromID="E65" fromText="a leak from Relaford pouch" toID="E16" toText="repair" type="OVERLAP" />
<TLINK id="TL112" fromID="E67" fromText="colovesicular fistula" toID="E16" toText="repair" type="BEFORE" />
<TLINK id="TL113" fromID="E68" fromText="her 2nd surgery" toID="E16" toText="repair" type="OVERLAP" />
<TLINK id="TL114" fromID="E68" fromText="her 2nd surgery" toID="E150" toText="the ICU" type="OVERLAP" />
<TLINK id="TL115" fromID="E151" fromText="improved steadily" toID="E150" toText="the ICU" type="BEFORE" />
<TLINK id="TL116" fromID="E151" fromText="improved steadily" toID="E152" toText="soft" type="OVERLAP" />
<TLINK id="TL117" fromID="E69" fromText="nontender" toID="E152" toText="soft" type="OVERLAP" />
<TLINK id="TL118" fromID="E70" fromText="IV antibiotics" toID="E152" toText="soft" type="AFTER" />
<TLINK id="TL119" fromID="E70" fromText="IV antibiotics" toID="T13" toText="14 days" type="OVERLAP" />
<TLINK id="TL120" fromID="E70" fromText="IV antibiotics" toID="E71" toText="pressors" type="OVERLAP" />
<TLINK id="TL121" fromID="E71" fromText="pressors" toID="T14" toText="few days" type="OVERLAP" />
<TLINK id="TL122" fromID="E72" fromText="Her incision" toID="E71" toText="pressors" type="OVERLAP" />
<TLINK id="TL123" fromID="E72" fromText="Her incision" toID="E153" toText="clean , dry , intact" type="OVERLAP" />
<TLINK id="TL124" fromID="E73" fromText="staples" toID="E153" toText="clean , dry , intact" type="OVERLAP" />
<TLINK id="TL125" fromID="E73" fromText="staples" toID="T10" toText="POD# 27/18" type="OVERLAP" />
<TLINK id="TL126" fromID="E74" fromText="a foley catheter" toID="T10" toText="POD# 27/18" type="OVERLAP" />
<TLINK id="TL127" fromID="E74" fromText="a foley catheter" toID="T15" toText="the time" type="OVERLAP" />
<TLINK id="TL128" fromID="E74" fromText="a foley catheter" toID="E154" toText="admission" type="OVERLAP" />
<TLINK id="TL129" fromID="E74" fromText="a foley catheter" toID="T20" toText="POD# 23/14" type="OVERLAP" />
<TLINK id="TL130" fromID="E75" fromText="a cystoscopy" toID="T20" toText="POD# 23/14" type="OVERLAP" />
<TLINK id="TL131" fromID="E155" fromText="revealed" toID="E75" toText="a cystoscopy" type="OVERLAP" />
<TLINK id="TL132" fromID="E76" fromText="leak" toID="E155" toText="revealed" type="BEFORE" />
<TLINK id="TL133" fromID="E76" fromText="leak" toID="E77" toText="Her foley" type="BEFORE" />
<TLINK id="TL134" fromID="E77" fromText="Her foley" toID="E156" toText="dc 'd" type="OVERLAP" />
<TLINK id="TL135" fromID="E78" fromText="significant deconditioning" toID="E156" toText="dc 'd" type="OVERLAP" />
<TLINK id="TL136" fromID="E78" fromText="significant deconditioning" toID="E106" toText="admission" type="OVERLAP" />
<TLINK id="TL137" fromID="E79" fromText="PT" toID="E106" toText="admission" type="OVERLAP" />
<TLINK id="TL138" fromID="E157" fromText="further assessment" toID="E79" toText="PT" type="AFTER" />
<TLINK id="TL139" fromID="E157" fromText="further assessment" toID="E158" toText="discussion" type="OVERLAP" />
<TLINK id="TL140" fromID="E80" fromText="NPO" toID="E158" toText="discussion" type="BEFORE" />
<TLINK id="TL141" fromID="E80" fromText="NPO" toID="E107" toText="admission" type="BEFORE" />
<TLINK id="TL142" fromID="E81" fromText="TPN" toID="E107" toText="admission" type="OVERLAP" />
<TLINK id="TL143" fromID="E81" fromText="TPN" toID="T16" toText="HD#3" type="OVERLAP" />
<TLINK id="TL144" fromID="E82" fromText="TF" toID="T16" toText="HD#3" type="OVERLAP" />
<TLINK id="TL145" fromID="E82" fromText="TF" toID="E83" toText="the TPN" type="OVERLAP" />
<TLINK id="TL146" fromID="E159" fromText="weaned down" toID="E83" toText="the TPN" type="OVERLAP" />
<TLINK id="TL147" fromID="E159" fromText="weaned down" toID="T21" toText="POD# 05-29" type="OVERLAP" />
<TLINK id="TL148" fromID="T21" fromText="POD# 05-29" toID="E84" toText="high residuals" type="OVERLAP" />
<TLINK id="TL149" fromID="E85" fromText="TF" toID="E84" toText="high residuals" type="BEFORE" />
<TLINK id="TL150" fromID="E86" fromText="TPN" toID="E85" toText="TF" type="OVERLAP" />
<TLINK id="TL151" fromID="E86" fromText="TPN" toID="E160" toText="reinitiated" type="OVERLAP" />
<TLINK id="TL152" fromID="E87" fromText="Tf" toID="E160" toText="reinitiated" type="OVERLAP" />
<TLINK id="TL153" fromID="E87" fromText="Tf" toID="E108" toText="dc 'ed" type="OVERLAP" />
<TLINK id="TL154" fromID="E88" fromText="second surgery" toID="E108" toText="dc 'ed" type="OVERLAP" />
<TLINK id="TL155" fromID="E88" fromText="second surgery" toID="T22" toText="POD# 15/6" type="OVERLAP" />
<TLINK id="TL156" fromID="E89" fromText="TF" toID="T22" toText="POD# 15/6" type="OVERLAP" />
<TLINK id="TL157" fromID="E90" fromText="TPN" toID="E89" toText="TF" type="OVERLAP" />
<TLINK id="TL158" fromID="E90" fromText="TPN" toID="E161" toText="tapered" type="OVERLAP" />
<TLINK id="TL159" fromID="E162" fromText="TF goals" toID="E161" toText="tapered" type="OVERLAP" />
<TLINK id="TL160" fromID="E91" fromText="TPN" toID="E162" toText="TF goals" type="OVERLAP" />
<TLINK id="TL161" fromID="E162" fromText="TF goals" toID="E163" toText="dc 'ed." type="OVERLAP" />
<TLINK id="TL162" fromID="E164" fromText="A diet by mouth" toID="E163" toText="dc 'ed." type="OVERLAP" />
<TLINK id="TL163" fromID="E164" fromText="A diet by mouth" toID="E165" toText="initiated" type="OVERLAP" />
<TLINK id="TL164" fromID="E164" fromText="A diet by mouth" toID="T17" toText="time" type="OVERLAP" />
<TLINK id="TL165" fromID="T17" fromText="time" toID="E166" toText="discharge" type="OVERLAP" />
<TLINK id="TL166" fromID="E167" fromText="tolerating" toID="E166" toText="discharge" type="OVERLAP" />
<TLINK id="TL167" fromID="E167" fromText="tolerating" toID="E168" toText="a regular diet" type="OVERLAP" />
<TLINK id="TL168" fromID="E92" fromText="TF" toID="E168" toText="a regular diet" type="OVERLAP" />
<TLINK id="TL169" fromID="E169" fromText="an insulin dependent diabetic" toID="E92" toText="TF" type="OVERLAP" />
<TLINK id="TL170" fromID="E169" fromText="an insulin dependent diabetic" toID="E109" toText="Cape Cod Hospital Clinic" type="OVERLAP" />
<TLINK id="TL171" fromID="E93" fromText="treatment" toID="E109" toText="Cape Cod Hospital Clinic" type="OVERLAP" />
<TLINK id="TL172" fromID="E94" fromText="persistent hyperglycemia" toID="E93" toText="treatment" type="OVERLAP" />
<TLINK id="TL173" fromID="E170" fromText="Pain" toID="E94" toText="persistent hyperglycemia" type="OVERLAP" />
<TLINK id="TL174" fromID="E95" fromText="Her pain" toID="E170" toText="Pain" type="OVERLAP" />
<TLINK id="TL175" fromID="E95" fromText="Her pain" toID="E96" toText="IV pain medicines" type="BEFORE" />
<TLINK id="TL176" fromID="E96" fromText="IV pain medicines" toID="E110" toText="ICU" type="OVERLAP" />
<TLINK id="TL177" fromID="E97" fromText="Tylenol" toID="E110" toText="ICU" type="OVERLAP" />
<TLINK id="TL178" fromID="E97" fromText="Tylenol" toID="E98" toText="Motrin" type="OVERLAP" />
<TLINK id="TL179" fromID="E99" fromText="Oxycodone" toID="E98" toText="Motrin" type="OVERLAP" />
<TLINK id="TL180" fromID="E99" fromText="Oxycodone" toID="T19" toText="POD# 22/15" type="OVERLAP" />
<TLINK id="TL181" fromID="T19" fromText="POD# 22/15" toID="E111" toText="transferred" type="OVERLAP" />
<TLINK id="TL182" fromID="E111" fromText="transferred" toID="E112" toText="3 North" type="OVERLAP" />
<TLINK id="TL183" fromID="E171" fromText="progress well" toID="E111" toText="transferred" type="OVERLAP" />
<TLINK id="TL184" fromID="E100" fromText="PT" toID="E171" toText="progress well" type="OVERLAP" />
<TLINK id="TL185" fromID="E172" fromText="PO intake" toID="E100" toText="PT" type="BEFORE" />
<TLINK id="TL186" fromID="E172" fromText="PO intake" toID="E101" toText="TF" type="BEFORE" />
<TLINK id="TL187" fromID="E102" fromText="nasal cannula oxygen" toID="E101" toText="TF" type="OVERLAP" />
<TLINK id="TL188" fromID="E102" fromText="nasal cannula oxygen" toID="E173" toText="remained stable" type="OVERLAP" />
<TLINK id="TL189" fromID="E174" fromText="acute events" toID="E173" toText="remained stable" type="OVERLAP" />
<TLINK id="TL190" fromID="E174" fromText="acute events" toID="E175" toText="discharged" type="OVERLAP" />
<TLINK id="TL191" fromID="E175" fromText="discharged" toID="E176" toText="rehab" type="AFTER" />
<TLINK id="TL192" fromID="E175" fromText="discharged" toID="T18" toText="POD# 27/18" type="OVERLAP" />
<TLINK id="SECTIME0" fromID="E0" fromText="Admission" toID="T1" toText="2014-02-21" type="BEFORE" />
<TLINK id="SECTIME1" fromID="E133" fromText="IUC" toID="T2" toText="2014-03-25" type="BEFORE" />
<TLINK id="SECTIME2" fromID="E17" fromText="unstable angina" toID="T2" toText="2014-03-25" type="BEFORE" />
<TLINK id="SECTIME3" fromID="E18" fromText="nitroglycerin" toID="T2" toText="2014-03-25" type="BEFORE" />
<TLINK id="SECTIME4" fromID="E134" fromText="her medical treatment" toID="T2" toText="2014-03-25" type="BEFORE" />
<TLINK id="SECTIME5" fromID="E19" fromText="Beta blockers" toID="T2" toText="2014-03-25" type="BEFORE" />
<TLINK id="SECTIME6" fromID="E20" fromText="aspirin" toID="T2" toText="2014-03-25" type="BEFORE" />
<TLINK id="SECTIME7" fromID="E21" fromText="a statin" toID="T2" toText="2014-03-25" type="BEFORE" />
<TLINK id="SECTIME8" fromID="E22" fromText="an ACE Inhibitor" toID="T2" toText="2014-03-25" type="BEFORE" />
<TLINK id="SECTIME9" fromID="E23" fromText="diuresis" toID="T2" toText="2014-03-25" type="BEFORE" />
<TLINK id="SECTIME10" fromID="E135" fromText="the ICU" toID="T2" toText="2014-03-25" type="BEFORE" />
<TLINK id="SECTIME11" fromID="E24" fromText="2nd surgery" toID="T2" toText="2014-03-25" type="BEFORE" />
<TLINK id="SECTIME12" fromID="E25" fromText="trace lower extremity edema" toID="T2" toText="2014-03-25" type="BEFORE" />
<TLINK id="SECTIME13" fromID="E26" fromText="lasix po" toID="T2" toText="2014-03-25" type="BEFORE" />
<TLINK id="SECTIME14" fromID="E27" fromText="intubated" toID="T2" toText="2014-03-25" type="BEFORE" />
<TLINK id="SECTIME15" fromID="E28" fromText="subtotal colectomy" toID="T2" toText="2014-03-25" type="BEFORE" />
<TLINK id="SECTIME16" fromID="E29" fromText="second surgery" toID="T2" toText="2014-03-25" type="BEFORE" />
<TLINK id="SECTIME17" fromID="E30" fromText="nebulizer treatments" toID="T2" toText="2014-03-25" type="BEFORE" />
<TLINK id="SECTIME18" fromID="E136" fromText="the ICU" toID="T2" toText="2014-03-25" type="BEFORE" />
<TLINK id="SECTIME19" fromID="E105" fromText="extubated" toID="T2" toText="2014-03-25" type="BEFORE" />
<TLINK id="SECTIME20" fromID="E31" fromText="Her initial CT scan" toID="T2" toText="2014-03-25" type="BEFORE" />
<TLINK id="SECTIME21" fromID="E137" fromText="showed" toID="T2" toText="2014-03-25" type="BEFORE" />
<TLINK id="SECTIME22" fromID="E32" fromText="dilated Turner colon" toID="T2" toText="2014-03-25" type="BEFORE" />
<TLINK id="SECTIME23" fromID="E33" fromText="wall thickening" toID="T2" toText="2014-03-25" type="BEFORE" />
<TLINK id="SECTIME24" fromID="E1" fromText="abdominal pain" toID="T1" toText="2014-02-21" type="BEFORE" />
<TLINK id="SECTIME25" fromID="E34" fromText="pneumatosis" toID="T2" toText="2014-03-25" type="BEFORE" />
<TLINK id="SECTIME26" fromID="E35" fromText="IV fluids" toID="T2" toText="2014-03-25" type="BEFORE" />
<TLINK id="SECTIME27" fromID="E36" fromText="antibiotics" toID="T2" toText="2014-03-25" type="BEFORE" />
<TLINK id="SECTIME28" fromID="E37" fromText="serial exams" toID="T2" toText="2014-03-25" type="BEFORE" />
<TLINK id="SECTIME29" fromID="E38" fromText="NGT decompression" toID="T2" toText="2014-03-25" type="BEFORE" />
<TLINK id="SECTIME30" fromID="E39" fromText="flexible sigmoidoscopy" toID="T2" toText="2014-03-25" type="BEFORE" />
<TLINK id="SECTIME31" fromID="E2" fromText="diarrhea" toID="T1" toText="2014-02-21" type="BEFORE" />
<TLINK id="SECTIME32" fromID="E40" fromText="colonic decompression" toID="T2" toText="2014-03-25" type="BEFORE" />
<TLINK id="SECTIME33" fromID="E41" fromText="colonscopy" toID="T2" toText="2014-03-25" type="BEFORE" />
<TLINK id="SECTIME34" fromID="E42" fromText="decompression" toID="T2" toText="2014-03-25" type="BEFORE" />
<TLINK id="SECTIME35" fromID="E3" fromText="nausea" toID="T1" toText="2014-02-21" type="BEFORE" />
<TLINK id="SECTIME36" fromID="E138" fromText="revealed" toID="T2" toText="2014-03-25" type="BEFORE" />
<TLINK id="SECTIME37" fromID="E43" fromText="pseudomembrane" toID="T2" toText="2014-03-25" type="BEFORE" />
<TLINK id="SECTIME38" fromID="E44" fromText="friable colonic tissue" toID="T2" toText="2014-03-25" type="BEFORE" />
<TLINK id="SECTIME39" fromID="E45" fromText="tender" toID="T2" toText="2014-03-25" type="BEFORE" />
<TLINK id="SECTIME40" fromID="E46" fromText="distended" toID="T2" toText="2014-03-25" type="BEFORE" />
<TLINK id="SECTIME41" fromID="E4" fromText="vomiting" toID="T1" toText="2014-02-21" type="BEFORE" />
<TLINK id="SECTIME42" fromID="E47" fromText="decompression" toID="T2" toText="2014-03-25" type="BEFORE" />
<TLINK id="SECTIME43" fromID="E48" fromText="Subtotal Colectomy" toID="T2" toText="2014-03-25" type="BEFORE" />
<TLINK id="SECTIME44" fromID="E49" fromText="G tube" toID="T2" toText="2014-03-25" type="BEFORE" />
<TLINK id="SECTIME45" fromID="E50" fromText="ileostomy" toID="T2" toText="2014-03-25" type="BEFORE" />
<TLINK id="SECTIME46" fromID="E51" fromText="unresponsiveness" toID="T2" toText="2014-03-25" type="BEFORE" />
<TLINK id="SECTIME47" fromID="E52" fromText="non-operative treatment" toID="T2" toText="2014-03-25" type="BEFORE" />
<TLINK id="SECTIME48" fromID="E53" fromText="Ileostomy" toID="T2" toText="2014-03-25" type="BEFORE" />
<TLINK id="SECTIME49" fromID="E139" fromText="pink and intact" toID="T2" toText="2014-03-25" type="BEFORE" />
<TLINK id="SECTIME50" fromID="E140" fromText="green-brown soft stool" toID="T2" toText="2014-03-25" type="BEFORE" />
<TLINK id="SECTIME51" fromID="E141" fromText="Her post-operative course" toID="T2" toText="2014-03-25" type="BEFORE" />
<TLINK id="SECTIME52" fromID="E115" fromText="presented" toID="T1" toText="2014-02-21" type="OVERLAP" />
<TLINK id="SECTIME53" fromID="E142" fromText="uneventfully" toID="T2" toText="2014-03-25" type="BEFORE" />
<TLINK id="SECTIME54" fromID="E143" fromText="the ICU" toID="T2" toText="2014-03-25" type="BEFORE" />
<TLINK id="SECTIME55" fromID="E144" fromText="transferred" toID="T2" toText="2014-03-25" type="BEFORE" />
<TLINK id="SECTIME56" fromID="E145" fromText="the floor" toID="T2" toText="2014-03-25" type="BEFORE" />
<TLINK id="SECTIME57" fromID="E54" fromText="additional abdominal tenderness" toID="T2" toText="2014-03-25" type="BEFORE" />
<TLINK id="SECTIME58" fromID="E116" fromText="an outside hospital" toID="T1" toText="2014-02-21" type="BEFORE" />
<TLINK id="SECTIME59" fromID="E55" fromText="distention" toID="T2" toText="2014-03-25" type="BEFORE" />
<TLINK id="SECTIME60" fromID="E56" fromText="Her HCT" toID="T2" toText="2014-03-25" type="BEFORE" />
<TLINK id="SECTIME61" fromID="E146" fromText="dropped" toID="T2" toText="2014-03-25" type="BEFORE" />
<TLINK id="SECTIME62" fromID="E57" fromText="1 unit PRBCs" toID="T2" toText="2014-03-25" type="BEFORE" />
<TLINK id="SECTIME63" fromID="E58" fromText="a CT scan" toID="T2" toText="2014-03-25" type="BEFORE" />
<TLINK id="SECTIME64" fromID="E148" fromText="revealed" toID="T2" toText="2014-03-25" type="BEFORE" />
<TLINK id="SECTIME65" fromID="E59" fromText="an abcess" toID="T2" toText="2014-03-25" type="BEFORE" />
<TLINK id="SECTIME66" fromID="E60" fromText="a colovesicular fistula" toID="T2" toText="2014-03-25" type="BEFORE" />
<TLINK id="SECTIME67" fromID="E149" fromText="the OR" toID="T2" toText="2014-03-25" type="BEFORE" />
<TLINK id="SECTIME68" fromID="E61" fromText="exploration" toID="T2" toText="2014-03-25" type="BEFORE" />
<TLINK id="SECTIME69" fromID="E62" fromText="drainage" toID="T2" toText="2014-03-25" type="BEFORE" />
<TLINK id="SECTIME70" fromID="E63" fromText="further resection of remaining colon" toID="T2" toText="2014-03-25" type="BEFORE" />
<TLINK id="SECTIME71" fromID="E117" fromText="transferred" toID="T1" toText="2014-02-21" type="BEFORE" />
<TLINK id="SECTIME72" fromID="E66" fromText="repair" toID="T2" toText="2014-03-25" type="BEFORE" />
<TLINK id="SECTIME73" fromID="E65" fromText="a leak from Relaford pouch" toID="T2" toText="2014-03-25" type="BEFORE" />
<TLINK id="SECTIME74" fromID="E16" fromText="repair" toID="T2" toText="2014-03-25" type="BEFORE" />
<TLINK id="SECTIME75" fromID="E67" fromText="colovesicular fistula" toID="T2" toText="2014-03-25" type="BEFORE" />
<TLINK id="SECTIME76" fromID="E68" fromText="her 2nd surgery" toID="T2" toText="2014-03-25" type="BEFORE" />
<TLINK id="SECTIME77" fromID="E150" fromText="the ICU" toID="T2" toText="2014-03-25" type="BEFORE" />
<TLINK id="SECTIME78" fromID="E151" fromText="improved steadily" toID="T2" toText="2014-03-25" type="BEFORE" />
<TLINK id="SECTIME79" fromID="E118" fromText="Arbour Hospital" toID="T1" toText="2014-02-21" type="BEFORE" />
<TLINK id="SECTIME80" fromID="E152" fromText="soft" toID="T2" toText="2014-03-25" type="BEFORE" />
<TLINK id="SECTIME81" fromID="E69" fromText="nontender" toID="T2" toText="2014-03-25" type="BEFORE" />
<TLINK id="SECTIME82" fromID="E70" fromText="IV antibiotics" toID="T2" toText="2014-03-25" type="BEFORE" />
<TLINK id="SECTIME83" fromID="E114" fromText="Discharge" toID="T1" toText="2014-02-21" type="BEFORE" />
<TLINK id="SECTIME84" fromID="E71" fromText="pressors" toID="T2" toText="2014-03-25" type="BEFORE" />
<TLINK id="SECTIME85" fromID="E72" fromText="Her incision" toID="T2" toText="2014-03-25" type="BEFORE" />
<TLINK id="SECTIME86" fromID="E153" fromText="clean , dry , intact" toID="T2" toText="2014-03-25" type="BEFORE" />
<TLINK id="SECTIME87" fromID="E73" fromText="staples" toID="T2" toText="2014-03-25" type="BEFORE" />
<TLINK id="SECTIME88" fromID="E74" fromText="a foley catheter" toID="T2" toText="2014-03-25" type="BEFORE" />
<TLINK id="SECTIME89" fromID="E154" fromText="admission" toID="T2" toText="2014-03-25" type="BEFORE" />
<TLINK id="SECTIME90" fromID="E75" fromText="a cystoscopy" toID="T2" toText="2014-03-25" type="BEFORE" />
<TLINK id="SECTIME91" fromID="E5" fromText="bowel obstruction" toID="T1" toText="2014-02-21" type="BEFORE" />
<TLINK id="SECTIME92" fromID="E155" fromText="revealed" toID="T2" toText="2014-03-25" type="BEFORE" />
<TLINK id="SECTIME93" fromID="E76" fromText="leak" toID="T2" toText="2014-03-25" type="BEFORE" />
<TLINK id="SECTIME94" fromID="E77" fromText="Her foley" toID="T2" toText="2014-03-25" type="BEFORE" />
<TLINK id="SECTIME95" fromID="E156" fromText="dc 'd" toID="T2" toText="2014-03-25" type="BEFORE" />
<TLINK id="SECTIME96" fromID="E78" fromText="significant deconditioning" toID="T2" toText="2014-03-25" type="BEFORE" />
<TLINK id="SECTIME97" fromID="E106" fromText="admission" toID="T2" toText="2014-03-25" type="BEFORE" />
<TLINK id="SECTIME98" fromID="E79" fromText="PT" toID="T2" toText="2014-03-25" type="BEFORE" />
<TLINK id="SECTIME99" fromID="E157" fromText="further assessment" toID="T2" toText="2014-03-25" type="BEFORE" />
<TLINK id="SECTIME100" fromID="E6" fromText="ischemia" toID="T1" toText="2014-02-21" type="BEFORE" />
<TLINK id="SECTIME101" fromID="E158" fromText="discussion" toID="T2" toText="2014-03-25" type="BEFORE" />
<TLINK id="SECTIME102" fromID="E80" fromText="NPO" toID="T2" toText="2014-03-25" type="BEFORE" />
<TLINK id="SECTIME103" fromID="E107" fromText="admission" toID="T2" toText="2014-03-25" type="BEFORE" />
<TLINK id="SECTIME104" fromID="E81" fromText="TPN" toID="T2" toText="2014-03-25" type="BEFORE" />
<TLINK id="SECTIME105" fromID="E7" fromText="worsening abdominal distention" toID="T1" toText="2014-02-21" type="BEFORE" />
<TLINK id="SECTIME106" fromID="E82" fromText="TF" toID="T2" toText="2014-03-25" type="BEFORE" />
<TLINK id="SECTIME107" fromID="E83" fromText="the TPN" toID="T2" toText="2014-03-25" type="BEFORE" />
<TLINK id="SECTIME108" fromID="E159" fromText="weaned down" toID="T2" toText="2014-03-25" type="BEFORE" />
<TLINK id="SECTIME109" fromID="E84" fromText="high residuals" toID="T2" toText="2014-03-25" type="BEFORE" />
<TLINK id="SECTIME110" fromID="E85" fromText="TF" toID="T2" toText="2014-03-25" type="BEFORE" />
<TLINK id="SECTIME111" fromID="E86" fromText="TPN" toID="T2" toText="2014-03-25" type="BEFORE" />
<TLINK id="SECTIME112" fromID="E160" fromText="reinitiated" toID="T2" toText="2014-03-25" type="BEFORE" />
<TLINK id="SECTIME113" fromID="E87" fromText="Tf" toID="T2" toText="2014-03-25" type="BEFORE" />
<TLINK id="SECTIME114" fromID="E108" fromText="dc 'ed" toID="T2" toText="2014-03-25" type="BEFORE" />
<TLINK id="SECTIME115" fromID="E88" fromText="second surgery" toID="T2" toText="2014-03-25" type="BEFORE" />
<TLINK id="SECTIME116" fromID="E89" fromText="TF" toID="T2" toText="2014-03-25" type="BEFORE" />
<TLINK id="SECTIME117" fromID="E90" fromText="TPN" toID="T2" toText="2014-03-25" type="BEFORE" />
<TLINK id="SECTIME118" fromID="E161" fromText="tapered" toID="T2" toText="2014-03-25" type="BEFORE" />
<TLINK id="SECTIME119" fromID="E162" fromText="TF goals" toID="T2" toText="2014-03-25" type="BEFORE" />
<TLINK id="SECTIME120" fromID="E91" fromText="TPN" toID="T2" toText="2014-03-25" type="BEFORE" />
<TLINK id="SECTIME121" fromID="E163" fromText="dc 'ed." toID="T2" toText="2014-03-25" type="BEFORE" />
<TLINK id="SECTIME122" fromID="E164" fromText="A diet by mouth" toID="T2" toText="2014-03-25" type="BEFORE" />
<TLINK id="SECTIME123" fromID="E165" fromText="initiated" toID="T2" toText="2014-03-25" type="BEFORE" />
<TLINK id="SECTIME124" fromID="E166" fromText="discharge" toID="T2" toText="2014-03-25" type="OVERLAP" />
<TLINK id="SECTIME125" fromID="E167" fromText="tolerating" toID="T2" toText="2014-03-25" type="BEFORE" />
<TLINK id="SECTIME126" fromID="E168" fromText="a regular diet" toID="T2" toText="2014-03-25" type="BEFORE" />
<TLINK id="SECTIME127" fromID="E8" fromText="pain" toID="T1" toText="2014-02-21" type="BEFORE" />
<TLINK id="SECTIME128" fromID="E92" fromText="TF" toID="T2" toText="2014-03-25" type="BEFORE" />
<TLINK id="SECTIME129" fromID="E169" fromText="an insulin dependent diabetic" toID="T2" toText="2014-03-25" type="BEFORE" />
<TLINK id="SECTIME130" fromID="E109" fromText="Cape Cod Hospital Clinic" toID="T2" toText="2014-03-25" type="BEFORE" />
<TLINK id="SECTIME131" fromID="E93" fromText="treatment" toID="T2" toText="2014-03-25" type="BEFORE" />
<TLINK id="SECTIME132" fromID="E94" fromText="persistent hyperglycemia" toID="T2" toText="2014-03-25" type="BEFORE" />
<TLINK id="SECTIME133" fromID="E170" fromText="Pain" toID="T2" toText="2014-03-25" type="BEFORE" />
<TLINK id="SECTIME134" fromID="E95" fromText="Her pain" toID="T2" toText="2014-03-25" type="BEFORE" />
<TLINK id="SECTIME135" fromID="E96" fromText="IV pain medicines" toID="T2" toText="2014-03-25" type="BEFORE" />
<TLINK id="SECTIME136" fromID="E110" fromText="ICU" toID="T2" toText="2014-03-25" type="BEFORE" />
<TLINK id="SECTIME137" fromID="E97" fromText="Tylenol" toID="T2" toText="2014-03-25" type="BEFORE" />
<TLINK id="SECTIME138" fromID="E98" fromText="Motrin" toID="T2" toText="2014-03-25" type="BEFORE" />
<TLINK id="SECTIME139" fromID="E99" fromText="Oxycodone" toID="T2" toText="2014-03-25" type="BEFORE" />
<TLINK id="SECTIME140" fromID="E111" fromText="transferred" toID="T2" toText="2014-03-25" type="BEFORE" />
<TLINK id="SECTIME141" fromID="E112" fromText="3 North" toID="T2" toText="2014-03-25" type="BEFORE" />
<TLINK id="SECTIME142" fromID="E171" fromText="progress well" toID="T2" toText="2014-03-25" type="BEFORE" />
<TLINK id="SECTIME143" fromID="E100" fromText="PT" toID="T2" toText="2014-03-25" type="BEFORE" />
<TLINK id="SECTIME144" fromID="E172" fromText="PO intake" toID="T2" toText="2014-03-25" type="BEFORE" />
<TLINK id="SECTIME145" fromID="E101" fromText="TF" toID="T2" toText="2014-03-25" type="BEFORE" />
<TLINK id="SECTIME146" fromID="E103" fromText="admitted" toID="T2" toText="2014-03-25" type="BEFORE" />
<TLINK id="SECTIME147" fromID="E102" fromText="nasal cannula oxygen" toID="T2" toText="2014-03-25" type="BEFORE" />
<TLINK id="SECTIME148" fromID="E173" fromText="remained stable" toID="T2" toText="2014-03-25" type="BEFORE" />
<TLINK id="SECTIME149" fromID="E174" fromText="acute events" toID="T2" toText="2014-03-25" type="BEFORE" />
<TLINK id="SECTIME150" fromID="E175" fromText="discharged" toID="T2" toText="2014-03-25" type="OVERLAP" />
<TLINK id="SECTIME151" fromID="E176" fromText="rehab" toID="T2" toText="2014-03-25" type="AFTER" />
<TLINK id="SECTIME152" fromID="E119" fromText="an outside hospital" toID="T2" toText="2014-03-25" type="BEFORE" />
<TLINK id="SECTIME153" fromID="E120" fromText="the ICU" toID="T2" toText="2014-03-25" type="BEFORE" />
<TLINK id="SECTIME154" fromID="E9" fromText="confusion" toID="T2" toText="2014-03-25" type="BEFORE" />
<TLINK id="SECTIME155" fromID="E121" fromText="the ICU" toID="T2" toText="2014-03-25" type="BEFORE" />
<TLINK id="SECTIME156" fromID="E123" fromText="mental status" toID="T2" toText="2014-03-25" type="BEFORE" />
<TLINK id="SECTIME157" fromID="E124" fromText="improved" toID="T2" toText="2014-03-25" type="BEFORE" />
<TLINK id="SECTIME158" fromID="E125" fromText="delirium" toID="T2" toText="2014-03-25" type="BEFORE" />
<TLINK id="SECTIME159" fromID="E104" fromText="admission" toID="T2" toText="2014-03-25" type="BEFORE" />
<TLINK id="SECTIME160" fromID="E10" fromText="restraints" toID="T2" toText="2014-03-25" type="BEFORE" />
<TLINK id="SECTIME161" fromID="E11" fromText="pertinent therapies" toID="T2" toText="2014-03-25" type="BEFORE" />
<TLINK id="SECTIME162" fromID="E126" fromText="the ICU" toID="T2" toText="2014-03-25" type="BEFORE" />
<TLINK id="SECTIME163" fromID="E127" fromText="AAOx3" toID="T2" toText="2014-03-25" type="BEFORE" />
<TLINK id="SECTIME164" fromID="E128" fromText="Complained" toID="T2" toText="2014-03-25" type="BEFORE" />
<TLINK id="SECTIME165" fromID="E12" fromText="chest pain" toID="T2" toText="2014-03-25" type="BEFORE" />
<TLINK id="SECTIME166" fromID="E129" fromText="admission" toID="T2" toText="2014-03-25" type="BEFORE" />
<TLINK id="SECTIME167" fromID="E130" fromText="a cardiology consult" toID="T2" toText="2014-03-25" type="BEFORE" />
<TLINK id="SECTIME168" fromID="E13" fromText="serial enzymes" toID="T2" toText="2014-03-25" type="BEFORE" />
<TLINK id="SECTIME169" fromID="E14" fromText="EKGs" toID="T2" toText="2014-03-25" type="BEFORE" />
<TLINK id="SECTIME170" fromID="E15" fromText="Troponins" toID="T2" toText="2014-03-25" type="BEFORE" />
<TLINK id="SECTIME171" fromID="E131" fromText="elevated" toID="T2" toText="2014-03-25" type="BEFORE" />
<TLINK id="SECTIME172" fromID="E132" fromText="her admission" toID="T2" toText="2014-03-25" type="BEFORE" />
</TAGS>
</ClinicalNarrativeTemporalAnnotation>