<?xml version="1.0" encoding="UTF-8" ?>
<ClinicalNarrativeTemporalAnnotation>
<TEXT><![CDATA[
Admission Date :
07/10/1991
Discharge Date :
07/18/1991
PROCEDURES :
Thoracentesis was performed on 7-12-91 .
REASON FOR ADMISSION :
The patient is an 85-year-old white male with a history of ischemic bowel status post recent admission for urosepsis and C. difficile colitis .
He returns from the nursing home with fever , leukocytosis , and azotemia .
PRESENT ILLNESS :
Briefly , the patient has a history of chronic obstructive pulmonary disease , ethanol abuse , chronic pleural effusions , and chronic renal insufficiency .
He presented to Gaanvantsir on 04-17-92 with abdominal pain and bloody diarrhea .
Workup revealed ischemic bowel secondary to Celiac and SMA stenoses .
The patient underwent an angioplasty of his SMA from 90-20% residual .
The patient was also found to have gram negative rod sepsis with blood cultures times two growing E. coli and B. fragilis .
The patient was treated with ampicillin , gentamicin , and Flagyl .
The patient was readmitted on 5-21-91 with a falling hematocrit from 36 to 22 , mild congestive heart failure , and guaiac positive stool .
The colonoscopy and upper gastrointestinal series were negative .
The patient was given two units of packed red blood cells and H2 blockers .
His hematocrit was 31 on discharge .
His hematocrit was 31 on discharge .
On 6-12-91 the patient was admitted to Ingtermst.gay Health Center with fever , hypertension , and diarrhea .
The BUN and creatinine equalled 128/8.6 , CO2 equaled 12 .
The patient was treated with intravenous fluids , Kefzol , gentamicin , Vancomycin , and he was transferred to Gaanvantsir .
He was hospitalized from 6-12-91 to 7-9-91 with a prolonged course notable for :
1) Serratia urosepsis treated with ceftizoxime .
2) Azotemia presumed secondary to sepsis and dehydration , creatinine decreased to 2.1 with intravenous fluids and antibiotics .
Renal ultrasound was negative for abscess orhydronephrosis .
3) Loculated pleural effusions .
Thoracentesis revealed a pH of 7.18 , glucose 52 , white blood cell count 200 ; evaluated by thoracic surgery , no chest tube placed .
4) C. difficile colitis with white blood cell count rising to 51,000 , treated with intravenous and p.o. Flagyl .
C. difficile was negative times three prior to discharge .
The patient went to his nursing home on 7-9-91 but the next day he developed a temperature to 102.4 degrees , diarrhea , and orthostasis and he was transferred back to Gaanvantsir .
The patient was admitted to the medical intensive care unit with question of sepsis .
White blood cell count was 40,000 with left shift .
The BUN was 35 , creatinine 4.3 .
Urinalysis had 5-10 white blood cells and 2+ bacteria .
The patient underwent thoracentesis without evidence of empyema .
He was treated with intravenous fluids and intravenous antibiotics with ceftizoxime , gentamicin , and Flagyl .
He was also started on p.o. Vancomycin for question C. difficile colitis .
He is now transferred to the medicine service for further care .
HOSPITAL COURSE :
1. Colitis .
The patient has a history of ischemic bowel status post SMA Percutaneous Transluminal Coronary Angioplasty with recent admission for gram negative rod urosepsis complicated by C. difficile colitis .
The patient received a full course of Flagyl and was C. difficile toxin negative times three prior to transfer .
He now returns with fever , rising white count , diarrhea , and dehydration .
Initially treated with intravenous ceftizoxime , gentamicin , and Flagyl for presumed sepsis , either with urine or bowel source .
He was also started on p.o. Vancomycin .
Blood cultures and urine cultures came back negative .
Stool for C. difficile returned positive .
The diagnosis , therefore , was relapsed C. difficile colitis .
Intravenous antibiotics were discontinued and the patient was continued on p.o. Vancomycin .
He improved clinically with defervescence , decreased white blood cell count to 10,000 with resolution of left shift , and some decrease in abdominal distention on exam .
An abdominal CAT scan revealed thickened bowel wall and thumb printing , primarily involving the cecum and right colon greater than the left , consistent with C. difficile colitis .
The diagnosis of recurrent bowel ischemia , however , was not ruled out and this will continue to be a concern in the future .
The patient was initially n.p.o. and was then advanced to clear liquids which he tolerated .
He will be advanced to soft solids prior to discharge .
2. Azotemia .
The patient has chronic renal insufficiency with baseline creatinine 1.8-2 .
Creatinine had risen to 4.3 on admission presumed secondary to sepsis and dehydration .
With intravenous hydration the BUN and creatinine fell to 12/1.9 which is within normal limits for this patient .
The abdominal CAT scan showed no evidence of hydronephrosis orrenal abscess .
3. Mental status .
The patient was alert and oriented throughout the admission ; however , by personality , he is somewhat cantankerous and demanding of the nurses .
He was written for Haldol 1 mg p.o b.i.d. p.r.n. to help with this problem .
]]></TEXT>
<TAGS>
<EVENT id="E0" start="1" end="15" text="Admission Date" modality="FACTUAL" polarity="POS" type="OCCURRENCE" />
<EVENT id="E1" start="29" end="43" text="Discharge Date" modality="FACTUAL" polarity="POS" type="OCCURRENCE" />
<EVENT id="E2" start="57" end="67" text="PROCEDURES" modality="FACTUAL" polarity="POS" type="TREATMENT" />
<EVENT id="E3" start="70" end="83" text="Thoracentesis" modality="FACTUAL" polarity="POS" type="TREATMENT" />
<EVENT id="E4" start="122" end="131" text="ADMISSION" modality="FACTUAL" polarity="POS" type="OCCURRENCE" />
<EVENT id="E5" start="193" end="214" text="ischemic bowel status" modality="FACTUAL" polarity="POS" type="PROBLEM" />
<EVENT id="E6" start="220" end="236" text="recent admission" modality="FACTUAL" polarity="POS" type="OCCURRENCE" />
<EVENT id="E7" start="241" end="250" text="urosepsis" modality="FACTUAL" polarity="POS" type="PROBLEM" />
<EVENT id="E8" start="258" end="267" text="difficile" modality="FACTUAL" polarity="POS" type="PROBLEM" />
<EVENT id="E9" start="268" end="275" text="colitis" modality="FACTUAL" polarity="POS" type="PROBLEM" />
<EVENT id="E10" start="281" end="288" text="returns" modality="FACTUAL" polarity="POS" type="OCCURRENCE" />
<EVENT id="E11" start="294" end="310" text="the nursing home" modality="FACTUAL" polarity="POS" type="CLINICAL_DEPT" />
<EVENT id="E12" start="316" end="321" text="fever" modality="FACTUAL" polarity="POS" type="PROBLEM" />
<EVENT id="E13" start="324" end="336" text="leukocytosis" modality="FACTUAL" polarity="POS" type="PROBLEM" />
<EVENT id="E14" start="343" end="351" text="azotemia" modality="FACTUAL" polarity="POS" type="PROBLEM" />
<EVENT id="E15" start="411" end="448" text="chronic obstructive pulmonary disease" modality="FACTUAL" polarity="POS" type="PROBLEM" />
<EVENT id="E16" start="451" end="464" text="ethanol abuse" modality="FACTUAL" polarity="POS" type="PROBLEM" />
<EVENT id="E17" start="467" end="492" text="chronic pleural effusions" modality="FACTUAL" polarity="POS" type="PROBLEM" />
<EVENT id="E18" start="499" end="526" text="chronic renal insufficiency" modality="FACTUAL" polarity="POS" type="PROBLEM" />
<EVENT id="E19" start="532" end="541" text="presented" modality="FACTUAL" polarity="POS" type="OCCURRENCE" />
<EVENT id="E20" start="574" end="588" text="abdominal pain" modality="FACTUAL" polarity="POS" type="PROBLEM" />
<EVENT id="E21" start="593" end="608" text="bloody diarrhea" modality="FACTUAL" polarity="POS" type="PROBLEM" />
<EVENT id="E22" start="611" end="617" text="Workup" modality="FACTUAL" polarity="POS" type="TEST" />
<EVENT id="E23" start="618" end="626" text="revealed" modality="FACTUAL" polarity="POS" type="EVIDENTIAL" />
<EVENT id="E24" start="627" end="641" text="ischemic bowel" modality="FACTUAL" polarity="POS" type="PROBLEM" />
<EVENT id="E25" start="703" end="717" text="an angioplasty" modality="FACTUAL" polarity="POS" type="TREATMENT" />
<EVENT id="E26" start="721" end="728" text="his SMA" modality="FACTUAL" polarity="POS" type="PROBLEM" />
<EVENT id="E27" start="787" end="811" text="gram negative rod sepsis" modality="FACTUAL" polarity="POS" type="PROBLEM" />
<EVENT id="E28" start="817" end="857" text="blood cultures times two growing E. coli" modality="FACTUAL" polarity="POS" type="TEST" />
<EVENT id="E29" start="905" end="915" text="ampicillin" modality="FACTUAL" polarity="POS" type="TREATMENT" />
<EVENT id="E30" start="918" end="928" text="gentamicin" modality="FACTUAL" polarity="POS" type="TREATMENT" />
<EVENT id="E31" start="935" end="941" text="Flagyl" modality="FACTUAL" polarity="POS" type="TREATMENT" />
<EVENT id="E32" start="956" end="970" text="was readmitted" modality="FACTUAL" polarity="POS" type="OCCURRENCE" />
<EVENT id="E33" start="987" end="1007" text="a falling hematocrit" modality="FACTUAL" polarity="POS" type="TEST" />
<EVENT id="E34" start="1024" end="1053" text="mild congestive heart failure" modality="FACTUAL" polarity="POS" type="PROBLEM" />
<EVENT id="E35" start="1060" end="1081" text="guaiac positive stool" modality="FACTUAL" polarity="POS" type="PROBLEM" />
<EVENT id="E36" start="1084" end="1133" text="The colonoscopy and upper gastrointestinal series" modality="FACTUAL" polarity="POS" type="TEST" />
<EVENT id="E37" start="1185" end="1207" text="packed red blood cells" modality="FACTUAL" polarity="POS" type="TREATMENT" />
<EVENT id="E38" start="1212" end="1223" text="H2 blockers" modality="FACTUAL" polarity="POS" type="TREATMENT" />
<EVENT id="E39" start="1226" end="1240" text="His hematocrit" modality="FACTUAL" polarity="POS" type="TEST" />
<EVENT id="E40" start="1251" end="1260" text="discharge" modality="FACTUAL" polarity="POS" type="OCCURRENCE" />
<EVENT id="E41" start="1263" end="1277" text="His hematocrit" modality="FACTUAL" polarity="POS" type="TEST" />
<EVENT id="E42" start="1288" end="1297" text="discharge" modality="FACTUAL" polarity="POS" type="OCCURRENCE" />
<EVENT id="E43" start="1323" end="1335" text="was admitted" modality="FACTUAL" polarity="POS" type="OCCURRENCE" />
<EVENT id="E44" start="1339" end="1366" text="Ingtermst.gay Health Center" modality="FACTUAL" polarity="POS" type="CLINICAL_DEPT" />
<EVENT id="E45" start="1372" end="1377" text="fever" modality="FACTUAL" polarity="POS" type="PROBLEM" />
<EVENT id="E46" start="1380" end="1392" text="hypertension" modality="FACTUAL" polarity="POS" type="PROBLEM" />
<EVENT id="E47" start="1399" end="1407" text="diarrhea" modality="FACTUAL" polarity="POS" type="PROBLEM" />
<EVENT id="E48" start="1410" end="1449" text="The BUN and creatinine equalled 128/8.6" modality="FACTUAL" polarity="POS" type="TEST" />
<EVENT id="E49" start="1452" end="1455" text="CO2" modality="FACTUAL" polarity="POS" type="TEST" />
<EVENT id="E50" start="1498" end="1516" text="intravenous fluids" modality="FACTUAL" polarity="POS" type="TREATMENT" />
<EVENT id="E51" start="1519" end="1525" text="Kefzol" modality="FACTUAL" polarity="POS" type="TREATMENT" />
<EVENT id="E52" start="1528" end="1538" text="gentamicin" modality="FACTUAL" polarity="POS" type="TREATMENT" />
<EVENT id="E53" start="1541" end="1551" text="Vancomycin" modality="FACTUAL" polarity="POS" type="TREATMENT" />
<EVENT id="E54" start="1561" end="1576" text="was transferred" modality="FACTUAL" polarity="POS" type="OCCURRENCE" />
<EVENT id="E55" start="1597" end="1613" text="was hospitalized" modality="FACTUAL" polarity="POS" type="OCCURRENCE" />
<EVENT id="E56" start="1642" end="1660" text="a prolonged course" modality="FACTUAL" polarity="POS" type="PROBLEM" />
<EVENT id="E57" start="1675" end="1696" text="1) Serratia urosepsis" modality="FACTUAL" polarity="POS" type="PROBLEM" />
<EVENT id="E58" start="1710" end="1721" text="ceftizoxime" modality="FACTUAL" polarity="POS" type="TREATMENT" />
<EVENT id="E59" start="1724" end="1735" text="2) Azotemia" modality="FACTUAL" polarity="POS" type="PROBLEM" />
<EVENT id="E60" start="1758" end="1780" text="sepsis and dehydration" modality="FACTUAL" polarity="POS" type="PROBLEM" />
<EVENT id="E61" start="1783" end="1793" text="creatinine" modality="FACTUAL" polarity="POS" type="TEST" />
<EVENT id="E62" start="1816" end="1850" text="intravenous fluids and antibiotics" modality="FACTUAL" polarity="POS" type="TREATMENT" />
<EVENT id="E63" start="1853" end="1869" text="Renal ultrasound" modality="FACTUAL" polarity="NEG" type="TEST" />
<EVENT id="E64" start="1914" end="1944" text="3) Loculated pleural effusions" modality="FACTUAL" polarity="POS" type="PROBLEM" />
<EVENT id="E65" start="1947" end="1960" text="Thoracentesis" modality="FACTUAL" polarity="POS" type="TREATMENT" />
<EVENT id="E66" start="1961" end="1969" text="revealed" modality="FACTUAL" polarity="POS" type="EVIDENTIAL" />
<EVENT id="E67" start="1970" end="1974" text="a pH" modality="FACTUAL" polarity="POS" type="TEST" />
<EVENT id="E68" start="1998" end="2024" text="white blood cell count 200" modality="FACTUAL" polarity="POS" type="TEST" />
<EVENT id="E69" start="2027" end="2036" text="evaluated" modality="FACTUAL" polarity="POS" type="TEST" />
<EVENT id="E70" start="2040" end="2056" text="thoracic surgery" modality="FACTUAL" polarity="POS" type="CLINICAL_DEPT" />
<EVENT id="E71" start="2059" end="2072" text="no chest tube" modality="FACTUAL" polarity="POS" type="TREATMENT" />
<EVENT id="E72" start="2088" end="2097" text="difficile" modality="FACTUAL" polarity="POS" type="PROBLEM" />
<EVENT id="E73" start="2098" end="2105" text="colitis" modality="FACTUAL" polarity="POS" type="PROBLEM" />
<EVENT id="E74" start="2111" end="2133" text="white blood cell count" modality="FACTUAL" polarity="POS" type="TEST" />
<EVENT id="E75" start="2134" end="2140" text="rising" modality="FACTUAL" polarity="POS" type="PROBLEM" />
<EVENT id="E76" start="2166" end="2193" text="intravenous and p.o. Flagyl" modality="FACTUAL" polarity="POS" type="TREATMENT" />
<EVENT id="E77" start="2243" end="2252" text="discharge" modality="FACTUAL" polarity="POS" type="OCCURRENCE" />
<EVENT id="E78" start="2275" end="2291" text="his nursing home" modality="FACTUAL" polarity="POS" type="OCCURRENCE" />
<EVENT id="E79" start="2332" end="2345" text="a temperature" modality="FACTUAL" polarity="POS" type="TEST" />
<EVENT id="E80" start="2365" end="2373" text="diarrhea" modality="FACTUAL" polarity="POS" type="PROBLEM" />
<EVENT id="E81" start="2380" end="2391" text="orthostasis" modality="FACTUAL" polarity="POS" type="PROBLEM" />
<EVENT id="E82" start="2399" end="2414" text="was transferred" modality="FACTUAL" polarity="POS" type="OCCURRENCE" />
<EVENT id="E83" start="2449" end="2461" text="was admitted" modality="FACTUAL" polarity="POS" type="OCCURRENCE" />
<EVENT id="E84" start="2465" end="2496" text="the medical intensive care unit" modality="FACTUAL" polarity="POS" type="CLINICAL_DEPT" />
<EVENT id="E85" start="2514" end="2520" text="sepsis" modality="FACTUAL" polarity="POS" type="PROBLEM" />
<EVENT id="E86" start="2523" end="2545" text="White blood cell count" modality="FACTUAL" polarity="POS" type="TEST" />
<EVENT id="E87" start="2562" end="2572" text="left shift" modality="FACTUAL" polarity="POS" type="PROBLEM" />
<EVENT id="E88" start="2575" end="2582" text="The BUN" modality="FACTUAL" polarity="POS" type="TEST" />
<EVENT id="E89" start="2592" end="2606" text="creatinine 4.3" modality="FACTUAL" polarity="POS" type="TEST" />
<EVENT id="E90" start="2609" end="2619" text="Urinalysis" modality="FACTUAL" polarity="POS" type="TEST" />
<EVENT id="E91" start="2624" end="2646" text="5-10 white blood cells" modality="FACTUAL" polarity="POS" type="TEST" />
<EVENT id="E92" start="2651" end="2662" text="2+ bacteria" modality="FACTUAL" polarity="POS" type="PROBLEM" />
<EVENT id="E93" start="2687" end="2700" text="thoracentesis" modality="FACTUAL" polarity="POS" type="TREATMENT" />
<EVENT id="E94" start="2751" end="2769" text="intravenous fluids" modality="FACTUAL" polarity="POS" type="TREATMENT" />
<EVENT id="E95" start="2774" end="2797" text="intravenous antibiotics" modality="FACTUAL" polarity="POS" type="TREATMENT" />
<EVENT id="E96" start="2803" end="2814" text="ceftizoxime" modality="FACTUAL" polarity="POS" type="TREATMENT" />
<EVENT id="E97" start="2817" end="2827" text="gentamicin" modality="FACTUAL" polarity="POS" type="TREATMENT" />
<EVENT id="E98" start="2834" end="2840" text="Flagyl" modality="FACTUAL" polarity="POS" type="TREATMENT" />
<EVENT id="E99" start="2866" end="2881" text="p.o. Vancomycin" modality="FACTUAL" polarity="POS" type="TREATMENT" />
<EVENT id="E100" start="2898" end="2907" text="difficile" modality="FACTUAL" polarity="POS" type="PROBLEM" />
<EVENT id="E101" start="2908" end="2915" text="colitis" modality="FACTUAL" polarity="POS" type="PROBLEM" />
<EVENT id="E102" start="2921" end="2939" text="is now transferred" modality="FACTUAL" polarity="POS" type="OCCURRENCE" />
<EVENT id="E103" start="2943" end="2963" text="the medicine service" modality="FACTUAL" polarity="POS" type="CLINICAL_DEPT" />
<EVENT id="E104" start="2968" end="2980" text="further care" modality="FACTUAL" polarity="POS" type="TREATMENT" />
<EVENT id="E105" start="3001" end="3011" text="1. Colitis" modality="FACTUAL" polarity="POS" type="PROBLEM" />
<EVENT id="E106" start="3043" end="3120" text="ischemic bowel status post SMA Percutaneous Transluminal Coronary Angioplasty" modality="FACTUAL" polarity="POS" type="TREATMENT" />
<EVENT id="E107" start="3126" end="3142" text="recent admission" modality="FACTUAL" polarity="POS" type="OCCURRENCE" />
<EVENT id="E108" start="3147" end="3174" text="gram negative rod urosepsis" modality="FACTUAL" polarity="POS" type="PROBLEM" />
<EVENT id="E109" start="3193" end="3202" text="difficile" modality="FACTUAL" polarity="POS" type="PROBLEM" />
<EVENT id="E110" start="3203" end="3210" text="colitis" modality="FACTUAL" polarity="POS" type="PROBLEM" />
<EVENT id="E111" start="3251" end="3257" text="Flagyl" modality="FACTUAL" polarity="POS" type="TREATMENT" />
<EVENT id="E112" start="3266" end="3311" text="C. difficile toxin negative times three prior" modality="FACTUAL" polarity="POS" type="TEST" />
<EVENT id="E113" start="3312" end="3323" text="to transfer" modality="FACTUAL" polarity="POS" type="OCCURRENCE" />
<EVENT id="E114" start="3333" end="3340" text="returns" modality="FACTUAL" polarity="POS" type="OCCURRENCE" />
<EVENT id="E115" start="3346" end="3351" text="fever" modality="FACTUAL" polarity="POS" type="PROBLEM" />
<EVENT id="E116" start="3354" end="3360" text="rising" modality="FACTUAL" polarity="POS" type="PROBLEM" />
<EVENT id="E117" start="3361" end="3372" text="white count" modality="FACTUAL" polarity="POS" type="TEST" />
<EVENT id="E118" start="3375" end="3383" text="diarrhea" modality="FACTUAL" polarity="POS" type="PROBLEM" />
<EVENT id="E119" start="3390" end="3401" text="dehydration" modality="FACTUAL" polarity="POS" type="PROBLEM" />
<EVENT id="E120" start="3427" end="3450" text="intravenous ceftizoxime" modality="FACTUAL" polarity="POS" type="TREATMENT" />
<EVENT id="E121" start="3453" end="3463" text="gentamicin" modality="FACTUAL" polarity="POS" type="TREATMENT" />
<EVENT id="E122" start="3470" end="3476" text="Flagyl" modality="FACTUAL" polarity="POS" type="TREATMENT" />
<EVENT id="E123" start="3481" end="3496" text="presumed sepsis" modality="FACTUAL" polarity="POS" type="PROBLEM" />
<EVENT id="E124" start="3558" end="3573" text="p.o. Vancomycin" modality="FACTUAL" polarity="POS" type="TREATMENT" />
<EVENT id="E125" start="3576" end="3609" text="Blood cultures and urine cultures" modality="FACTUAL" polarity="POS" type="TEST" />
<EVENT id="E126" start="3631" end="3636" text="Stool" modality="FACTUAL" polarity="POS" type="PROBLEM" />
<EVENT id="E127" start="3644" end="3653" text="difficile" modality="FACTUAL" polarity="POS" type="PROBLEM" />
<EVENT id="E128" start="3718" end="3727" text="difficile" modality="FACTUAL" polarity="POS" type="PROBLEM" />
<EVENT id="E129" start="3728" end="3735" text="colitis" modality="FACTUAL" polarity="POS" type="PROBLEM" />
<EVENT id="E130" start="3738" end="3761" text="Intravenous antibiotics" modality="FACTUAL" polarity="POS" type="TREATMENT" />
<EVENT id="E131" start="3813" end="3828" text="p.o. Vancomycin" modality="FACTUAL" polarity="POS" type="TREATMENT" />
<EVENT id="E132" start="3834" end="3842" text="improved" modality="FACTUAL" polarity="POS" type="OCCURRENCE" />
<EVENT id="E133" start="3885" end="3907" text="white blood cell count" modality="FACTUAL" polarity="POS" type="TEST" />
<EVENT id="E134" start="3937" end="3947" text="left shift" modality="FACTUAL" polarity="POS" type="PROBLEM" />
<EVENT id="E135" start="3971" end="3991" text="abdominal distention" modality="FACTUAL" polarity="POS" type="PROBLEM" />
<EVENT id="E136" start="3995" end="3999" text="exam" modality="FACTUAL" polarity="POS" type="TEST" />
<EVENT id="E137" start="4002" end="4023" text="An abdominal CAT scan" modality="FACTUAL" polarity="POS" type="TEST" />
<EVENT id="E138" start="4024" end="4042" text="revealed thickened" modality="FACTUAL" polarity="POS" type="EVIDENTIAL" />
<EVENT id="E139" start="4134" end="4142" text="the left" modality="FACTUAL" polarity="POS" type="PROBLEM" />
<EVENT id="E140" start="4164" end="4173" text="difficile" modality="FACTUAL" polarity="POS" type="PROBLEM" />
<EVENT id="E141" start="4174" end="4181" text="colitis" modality="FACTUAL" polarity="POS" type="PROBLEM" />
<EVENT id="E142" start="4201" end="4225" text="recurrent bowel ischemia" modality="FACTUAL" polarity="POS" type="PROBLEM" />
<EVENT id="E143" start="4337" end="4343" text="n.p.o." modality="FACTUAL" polarity="POS" type="TREATMENT" />
<EVENT id="E144" start="4348" end="4365" text="was then advanced" modality="FACTUAL" polarity="POS" type="OCCURRENCE" />
<EVENT id="E145" start="4369" end="4382" text="clear liquids" modality="FACTUAL" polarity="POS" type="TREATMENT" />
<EVENT id="E146" start="4392" end="4401" text="tolerated" modality="FACTUAL" polarity="POS" type="OCCURRENCE" />
<EVENT id="E147" start="4407" end="4423" text="will be advanced" modality="FACTUAL" polarity="POS" type="OCCURRENCE" />
<EVENT id="E148" start="4427" end="4438" text="soft solids" modality="FACTUAL" polarity="POS" type="TREATMENT" />
<EVENT id="E149" start="4448" end="4457" text="discharge" modality="FACTUAL" polarity="POS" type="OCCURRENCE" />
<EVENT id="E150" start="4460" end="4471" text="2. Azotemia" modality="FACTUAL" polarity="POS" type="PROBLEM" />
<EVENT id="E151" start="4490" end="4517" text="chronic renal insufficiency" modality="FACTUAL" polarity="POS" type="PROBLEM" />
<EVENT id="E152" start="4523" end="4548" text="baseline creatinine 1.8-2" modality="FACTUAL" polarity="POS" type="TEST" />
<EVENT id="E153" start="4551" end="4561" text="Creatinine" modality="FACTUAL" polarity="POS" type="TEST" />
<EVENT id="E154" start="4582" end="4591" text="admission" modality="FACTUAL" polarity="POS" type="OCCURRENCE" />
<EVENT id="E155" start="4614" end="4636" text="sepsis and dehydration" modality="FACTUAL" polarity="POS" type="PROBLEM" />
<EVENT id="E156" start="4644" end="4665" text="intravenous hydration" modality="FACTUAL" polarity="POS" type="TREATMENT" />
<EVENT id="E157" start="4666" end="4673" text="the BUN" modality="FACTUAL" polarity="POS" type="TEST" />
<EVENT id="E158" start="4678" end="4688" text="creatinine" modality="FACTUAL" polarity="POS" type="TEST" />
<EVENT id="E159" start="4753" end="4775" text="The abdominal CAT scan" modality="FACTUAL" polarity="POS" type="TEST" />
<EVENT id="E160" start="4776" end="4782" text="showed" modality="FACTUAL" polarity="POS" type="EVIDENTIAL" />
<EVENT id="E161" start="4798" end="4828" text="hydronephrosis orrenal abscess" modality="FACTUAL" polarity="NEG" type="PROBLEM" />
<EVENT id="E162" start="4831" end="4847" text="3. Mental status" modality="FACTUAL" polarity="POS" type="PROBLEM" />
<EVENT id="E163" start="4866" end="4871" text="alert" modality="FACTUAL" polarity="POS" type="OCCURRENCE" />
<EVENT id="E164" start="4876" end="4884" text="oriented" modality="FACTUAL" polarity="POS" type="OCCURRENCE" />
<EVENT id="E165" start="4896" end="4909" text="the admission" modality="FACTUAL" polarity="POS" type="OCCURRENCE" />
<EVENT id="E166" start="4984" end="4994" text="the nurses" modality="FACTUAL" polarity="POS" type="OCCURRENCE" />
<EVENT id="E167" start="5016" end="5045" text="Haldol 1 mg p.o b.i.d. p.r.n." modality="FACTUAL" polarity="POS" type="TREATMENT" />
<EVENT id="E168" start="5059" end="5071" text="this problem" modality="FACTUAL" polarity="POS" type="PROBLEM" />
<TIMEX3 id="T1" start="18" end="18" text="07/10/1991" type="DATE" val="1991-07-10" mod="NA" />
<TIMEX3 id="T3" start="46" end="46" text="07/18/1991" type="DATE" val="1991-07-18" mod="NA" />
<TIMEX3 id="T4" start="101" end="108" text="7-12-91" type="DATE" val="1891-7-12" mod="NA" />
<TIMEX3 id="T5" start="220" end="226" text="recent" type="DATE" val="PAST_REF" mod="NA" />
<TIMEX3 id="T6" start="560" end="568" text="04-17-92" type="DATE" val="1892-04-17" mod="NA" />
<TIMEX3 id="T7" start="974" end="981" text="5-21-91" type="DATE" val="1891-5-21" mod="NA" />
<TIMEX3 id="T8" start="1303" end="1310" text="6-12-91" type="DATE" val="1891-6-12" mod="NA" />
<TIMEX3 id="T9" start="1619" end="1626" text="6-12-91" type="DATE" val="1891-6-12" mod="NA" />
<TIMEX3 id="T10" start="1630" end="1636" text="7-9-91" type="DATE" val="1891-7-9" mod="NA" />
<TIMEX3 id="T11" start="2295" end="2301" text="7-9-91" type="DATE" val="1891-7-9" mod="NA" />
<TIMEX3 id="T12" start="2306" end="2318" text="the next day" type="DATE" val="1991-07-19" mod="NA" />
<TIMEX3 id="T13" start="3126" end="3132" text="recent" type="DATE" val="PAST_REF" mod="NA" />
<TIMEX3 id="T14" start="2624" end="2646" text="5-10 white blood cells" type="DATE" val="1991-05-10" mod="NA" />
<TIMEX3 id="T15" start="5016" end="5045" text="Haldol 1 mg p.o b.i.d. p.r.n." type="FREQUENCY" val="RPT12H" mod="NA" />
</TAGS>
</ClinicalNarrativeTemporalAnnotation>
