<?xml version="1.0" encoding="UTF-8" ?>
<ClinicalNarrativeTemporalAnnotation>
<TEXT><![CDATA[
Admission Date :
2011-10-28
Discharge Date :
2011-12-01
Service :
Bone marrow transplant service
HOSPITAL COURSE OVER THESE PREVIOUS DAYS :
1. Liver lesions :
The patient went for a repeat MRI which showed no change in the previously noted enumerable hepatic cyst in her liver .
A Hepatology consult was obtained who felt that the most likely etiology of these cysts were from hepatic candidiasis , although one could not rule out lymphoma involving from Burkitt's .
She will be discharged on AmBisome 300 mg IV q.d. for treatment of her hepatic candidiasis .
This regimen , that being AmBisome , was recommended by the Infectious Disease physicians , who felt that AmBisome was a better drug of choice as compared to fluconazole .
2. Heme :
The patient 's platelets , white count , and hematocrit have all been stable .
Her white count remained elevated despite discontinuing her G-CSF .
However , the patient is not febrile and her white count should be continued to be watched .
3. On the morning of 12-01 , the patient had some transient episodes of hypotension with SBP s in the 70 s.
Her captopril was discontinued , and she was given two IV fluid boluses with appropriate response .
Her blood pressures and all of her vital signs are stable .
4. FEN :
The patient was continued on TPN over the past couple days .
She is also started on marinol 2.5 mg p.o. b.i.d. and encouraged p.o. intake .
]]></TEXT>
<TAGS>
<EVENT id="E0" start="1" end="15" text="Admission Date" modality="FACTUAL" polarity="POS" type="OCCURRENCE" />
<EVENT id="E1" start="29" end="43" text="Discharge Date" modality="FACTUAL" polarity="POS" type="OCCURRENCE" />
<EVENT id="E2" start="67" end="97" text="Bone marrow transplant service" modality="FACTUAL" polarity="POS" type="CLINICAL_DEPT" />
<EVENT id="E3" start="141" end="157" text="1. Liver lesions" modality="FACTUAL" polarity="POS" type="PROBLEM" />
<EVENT id="E4" start="181" end="193" text="a repeat MRI" modality="FACTUAL" polarity="POS" type="TEST" />
<EVENT id="E5" start="200" end="206" text="showed" modality="FACTUAL" polarity="POS" type="EVIDENTIAL" />
<EVENT id="E6" start="207" end="216" text="no change" modality="FACTUAL" polarity="POS" type="OCCURRENCE" />
<EVENT id="E7" start="220" end="264" text="the previously noted enumerable hepatic cyst" modality="FACTUAL" polarity="POS" type="PROBLEM" />
<EVENT id="E8" start="268" end="277" text="her liver" modality="FACTUAL" polarity="POS" type="PROBLEM" />
<EVENT id="E9" start="356" end="367" text="these cysts" modality="FACTUAL" polarity="POS" type="PROBLEM" />
<EVENT id="E10" start="378" end="397" text="hepatic candidiasis" modality="FACTUAL" polarity="POS" type="PROBLEM" />
<EVENT id="E11" start="432" end="440" text="lymphoma" modality="FACTUAL" polarity="NEG" type="PROBLEM" />
<EVENT id="E12" start="472" end="490" text="will be discharged" modality="FACTUAL" polarity="POS" type="OCCURRENCE" />
<EVENT id="E13" start="494" end="517" text="AmBisome 300 mg IV q.d." modality="FACTUAL" polarity="POS" type="TREATMENT" />
<EVENT id="E14" start="522" end="531" text="treatment" modality="FACTUAL" polarity="POS" type="TREATMENT" />
<EVENT id="E15" start="535" end="558" text="her hepatic candidiasis" modality="FACTUAL" polarity="POS" type="PROBLEM" />
<EVENT id="E16" start="561" end="573" text="This regimen" modality="FACTUAL" polarity="POS" type="TREATMENT" />
<EVENT id="E17" start="587" end="595" text="AmBisome" modality="FACTUAL" polarity="POS" type="TREATMENT" />
<EVENT id="E18" start="667" end="675" text="AmBisome" modality="FACTUAL" polarity="POS" type="TREATMENT" />
<EVENT id="E19" start="680" end="693" text="a better drug" modality="FACTUAL" polarity="POS" type="TREATMENT" />
<EVENT id="E20" start="697" end="703" text="choice" modality="FACTUAL" polarity="POS" type="PROBLEM" />
<EVENT id="E21" start="719" end="730" text="fluconazole" modality="FACTUAL" polarity="POS" type="TREATMENT" />
<EVENT id="E22" start="755" end="767" text="'s platelets" modality="FACTUAL" polarity="POS" type="TEST" />
<EVENT id="E23" start="770" end="781" text="white count" modality="FACTUAL" polarity="POS" type="TEST" />
<EVENT id="E24" start="788" end="798" text="hematocrit" modality="FACTUAL" polarity="POS" type="TEST" />
<EVENT id="E25" start="813" end="819" text="stable" modality="FACTUAL" polarity="POS" type="OCCURRENCE" />
<EVENT id="E26" start="822" end="837" text="Her white count" modality="FACTUAL" polarity="POS" type="TEST" />
<EVENT id="E27" start="847" end="855" text="elevated" modality="FACTUAL" polarity="POS" type="PROBLEM" />
<EVENT id="E28" start="882" end="887" text="G-CSF" modality="FACTUAL" polarity="POS" type="TREATMENT" />
<EVENT id="E29" start="919" end="926" text="febrile" modality="FACTUAL" polarity="NEG" type="PROBLEM" />
<EVENT id="E30" start="931" end="946" text="her white count" modality="FACTUAL" polarity="NEG" type="TEST" />
<EVENT id="E31" start="947" end="980" text="should be continued to be watched" modality="FACTUAL" polarity="NEG" type="OCCURRENCE" />
<EVENT id="E32" start="1055" end="1066" text="hypotension" modality="FACTUAL" polarity="POS" type="PROBLEM" />
<EVENT id="E33" start="1072" end="1075" text="SBP" modality="FACTUAL" polarity="POS" type="PROBLEM" />
<EVENT id="E34" start="1091" end="1104" text="Her captopril" modality="FACTUAL" polarity="POS" type="TREATMENT" />
<EVENT id="E35" start="1142" end="1154" text="two IV fluid" modality="FACTUAL" polarity="POS" type="TREATMENT" />
<EVENT id="E36" start="1155" end="1162" text="boluses" modality="FACTUAL" polarity="POS" type="TREATMENT" />
<EVENT id="E37" start="1168" end="1188" text="appropriate response" modality="FACTUAL" polarity="POS" type="OCCURRENCE" />
<EVENT id="E38" start="1191" end="1210" text="Her blood pressures" modality="FACTUAL" polarity="POS" type="TEST" />
<EVENT id="E39" start="1222" end="1237" text="her vital signs" modality="FACTUAL" polarity="POS" type="TEST" />
<EVENT id="E40" start="1242" end="1248" text="stable" modality="FACTUAL" polarity="POS" type="OCCURRENCE" />
<EVENT id="E41" start="1289" end="1292" text="TPN" modality="FACTUAL" polarity="POS" type="TREATMENT" />
<EVENT id="E42" start="1344" end="1370" text="marinol 2.5 mg p.o. b.i.d." modality="FACTUAL" polarity="POS" type="TREATMENT" />
<EVENT id="E43" start="1386" end="1397" text="p.o. intake" modality="FACTUAL" polarity="POS" type="PROBLEM" />
<TIMEX3 id="T1" start="18" end="18" text="2011-10-28" type="DATE" val="2011-10-28" mod="NA" />
<TIMEX3 id="T3" start="46" end="46" text="2011-12-01" type="DATE" val="2011-12-01" mod="NA" />
<TIMEX3 id="T4" start="494" end="517" text="AmBisome 300 mg IV q.d." type="FREQUENCY" val="RPT24H" mod="NA" />
<TIMEX3 id="T5" start="1004" end="1009" text="12-01" type="DATE" val="2011-12-01" mod="NA" />
<TIMEX3 id="T6" start="1344" end="1370" text="marinol 2.5 mg p.o. b.i.d." type="FREQUENCY" val="RPT12H" mod="NA" />
</TAGS>
</ClinicalNarrativeTemporalAnnotation>
