<?xml version="1.0" encoding="UTF-8" ?>
<ClinicalNarrativeTemporalAnnotation>
<TEXT><![CDATA[
Admission Date :
2014-04-14
Discharge Date :
2014-04-19
Service :
CMED
HISTORY OF PRESENT ILLNESS :
Baby boy Liles is the 2.985 kg product of a 34 week gestation born to a 30-year-old G3 , P0 , now 1 mother .
Prenatal screens - A positive , antibody negative , hepatitis surface antigen negative , RPR nonreactive , rubella immune , GBS unknown .
PAST OBSTETRICAL HISTORY :
Remarkable for an intrauterine fetal demise at 30 weeks gestation . 
This pregnancy complicated by hydramnios also .
The baby 's autopsy was reported to be normal .
Dates are by first trimester ultrasound .
Pregnancy was complicated by severe polyhydramnios with an AFI of 45 just prior to delivery .
Mother has had multiple ultrasounds and fetal surveys at 17 and 21 weeks that had been unremarkable .
Mother was transferred to the Debbie-Monaco from Western Mass. Hospital Hospital in the middle of January with increasing polyhydramnios and preterm labor .
She received a full course of betamethasone on 03-28 and was treated with magnesium sulfate until 04-12 .
She was given 1 dose of nifedipine 2 days ago as a tocolytic without effect .
Delivery by cesarean section was prompted by ongoing labor .
Preterm labor with new onset of late decelerations and breech presentation .
Nuchal cord was noted at delivery .
The infant cried after bulb suctioning and stimulation .
Apgars were 8 and 8 .
SUMMARY OF HOSPITAL COURSE BY SYSTEMS :
RESPIRATORY :
Jacqueline has been admitted to the newborn intensive care unit and has been stable in room air since admission .
CARDIOVASCULAR :
Infant has an audible murmur .
Cardiology consult of the infant on 04-18 .
Echocardiogram results were within normal limits revealing a PPS murmur .
FLUIDS , ELECTROLYTES AND NUTRITION :
Birth weight was 2.985 kg .
Discharge weight ..
The infant was initially started on 60 cc per kg per day of D10W .
Enteral feedings were initiated on day of life No.1 .
The infant is currently on a 120 cc per kg per day of premature Enfamil 20 calorie or breast milk , tolerating feeds well .
Electrolytes on day of life 1 showed a sodium of 142 , potassium of 5.1 , chloride of 108 , and total CO2 of 23 .
GASTROINTESTINAL :
Bilirubin on 04-17 was 8.2/0.3 .
Surgery was consulted to rule out a TE fistula as the infant had an incidental pass of a gavage tube into his right bronchus .
TEF was primarily ruled out as Baker was passed easily to stomach and x-ray revealed good position .
HEMATOLOGY :
Hematocrit on admission was 38.2 .
The infant has not required any blood transfusions .
INFECTIOUS DISEASE :
CBC and blood cultures were obtained on admission .
CBC was benign and blood cultures remained negative at 48 hours at which time ampicillin and gentamicin were discontinued .
Initial CBC had a white count of 16 , platelet count of 204 , 53 polys and 0 bands .
NEUROLOGY :
Appropriate for gestational age .
MUSCULOSKELETAL :
Of note incidental finding on x-ray , the infant has a hemivertebra at T11 .
AUDIOLOGY :
Hearing screen has not been done but should be done prior to discharge .
]]></TEXT>
<TAGS>
<EVENT id="E0" start="1" end="15" text="Admission Date" modality="FACTUAL" polarity="POS" type="OCCURRENCE" />
<EVENT id="E1" start="29" end="43" text="Discharge Date" modality="FACTUAL" polarity="POS" type="OCCURRENCE" />
<EVENT id="E2" start="67" end="71" text="CMED" modality="FACTUAL" polarity="POS" type="CLINICAL_DEPT" />
<EVENT id="E3" start="143" end="162" text="a 34 week gestation" modality="FACTUAL" polarity="POS" type="OCCURRENCE" />
<EVENT id="E4" start="163" end="167" text="born" modality="FACTUAL" polarity="POS" type="OCCURRENCE" />
<EVENT id="E5" start="210" end="226" text="Prenatal screens" modality="FACTUAL" polarity="POS" type="TEST" />
<EVENT id="E6" start="229" end="287" text="A positive , antibody negative , hepatitis surface antigen" modality="FACTUAL" polarity="POS" type="TEST" />
<EVENT id="E7" start="299" end="331" text="RPR nonreactive , rubella immune" modality="FACTUAL" polarity="POS" type="TEST" />
<EVENT id="E8" start="334" end="345" text="GBS unknown" modality="FACTUAL" polarity="POS" type="TEST" />
<EVENT id="E9" start="390" end="418" text="an intrauterine fetal demise" modality="FACTUAL" polarity="POS" type="OCCURRENCE" />
<EVENT id="E10" start="422" end="440" text="30 weeks gestation" modality="FACTUAL" polarity="POS" type="OCCURRENCE" />
<EVENT id="E11" start="444" end="458" text="This pregnancy" modality="FACTUAL" polarity="POS" type="OCCURRENCE" />
<EVENT id="E12" start="474" end="484" text="hydramnios" modality="FACTUAL" polarity="POS" type="PROBLEM" />
<EVENT id="E13" start="501" end="511" text="'s autopsy" modality="FACTUAL" polarity="POS" type="TEST" />
<EVENT id="E14" start="512" end="530" text="was reported to be" modality="FACTUAL" polarity="POS" type="EVIDENTIAL" />
<EVENT id="E15" start="553" end="579" text="first trimester ultrasound" modality="FACTUAL" polarity="POS" type="TEST" />
<EVENT id="E16" start="582" end="591" text="Pregnancy" modality="FACTUAL" polarity="POS" type="OCCURRENCE" />
<EVENT id="E17" start="611" end="632" text="severe polyhydramnios" modality="FACTUAL" polarity="POS" type="PROBLEM" />
<EVENT id="E18" start="665" end="673" text="delivery" modality="FACTUAL" polarity="POS" type="OCCURRENCE" />
<EVENT id="E19" start="691" end="711" text="multiple ultrasounds" modality="FACTUAL" polarity="POS" type="TEST" />
<EVENT id="E20" start="785" end="800" text="was transferred" modality="FACTUAL" polarity="POS" type="OCCURRENCE" />
<EVENT id="E21" start="827" end="858" text="Western Mass. Hospital Hospital" modality="FACTUAL" polarity="POS" type="CLINICAL_DEPT" />
<EVENT id="E22" start="889" end="899" text="increasing" modality="FACTUAL" polarity="POS" type="PROBLEM" />
<EVENT id="E23" start="900" end="932" text="polyhydramnios and preterm labor" modality="FACTUAL" polarity="POS" type="PROBLEM" />
<EVENT id="E24" start="965" end="978" text="betamethasone" modality="FACTUAL" polarity="POS" type="TREATMENT" />
<EVENT id="E25" start="1009" end="1026" text="magnesium sulfate" modality="FACTUAL" polarity="POS" type="TREATMENT" />
<EVENT id="E26" start="1065" end="1075" text="nifedipine" modality="FACTUAL" polarity="POS" type="TREATMENT" />
<EVENT id="E27" start="1090" end="1101" text="a tocolytic" modality="FACTUAL" polarity="POS" type="TREATMENT" />
<EVENT id="E28" start="1110" end="1116" text="effect" modality="FACTUAL" polarity="NEG" type="PROBLEM" />
<EVENT id="E29" start="1119" end="1127" text="Delivery" modality="FACTUAL" polarity="POS" type="OCCURRENCE" />
<EVENT id="E30" start="1131" end="1147" text="cesarean section" modality="FACTUAL" polarity="POS" type="TREATMENT" />
<EVENT id="E31" start="1164" end="1177" text="ongoing labor" modality="FACTUAL" polarity="POS" type="OCCURRENCE" />
<EVENT id="E32" start="1180" end="1193" text="Preterm labor" modality="FACTUAL" polarity="POS" type="PROBLEM" />
<EVENT id="E33" start="1235" end="1254" text="breech presentation" modality="FACTUAL" polarity="POS" type="PROBLEM" />
<EVENT id="E34" start="1257" end="1268" text="Nuchal cord" modality="FACTUAL" polarity="POS" type="PROBLEM" />
<EVENT id="E35" start="1282" end="1290" text="delivery" modality="FACTUAL" polarity="POS" type="OCCURRENCE" />
<EVENT id="E36" start="1304" end="1309" text="cried" modality="FACTUAL" polarity="POS" type="OCCURRENCE" />
<EVENT id="E37" start="1316" end="1347" text="bulb suctioning and stimulation" modality="FACTUAL" polarity="POS" type="PROBLEM" />
<EVENT id="E38" start="1350" end="1356" text="Apgars" modality="FACTUAL" polarity="POS" type="TEST" />
<EVENT id="E39" start="1437" end="1454" text="has been admitted" modality="FACTUAL" polarity="POS" type="OCCURRENCE" />
<EVENT id="E40" start="1458" end="1489" text="the newborn intensive care unit" modality="FACTUAL" polarity="POS" type="CLINICAL_DEPT" />
<EVENT id="E41" start="1503" end="1509" text="stable" modality="FACTUAL" polarity="POS" type="OCCURRENCE" />
<EVENT id="E42" start="1528" end="1537" text="admission" modality="FACTUAL" polarity="POS" type="OCCURRENCE" />
<EVENT id="E43" start="1568" end="1585" text="an audible murmur" modality="FACTUAL" polarity="POS" type="PROBLEM" />
<EVENT id="E44" start="1588" end="1598" text="Cardiology" modality="FACTUAL" polarity="POS" type="OCCURRENCE" />
<EVENT id="E45" start="1632" end="1654" text="Echocardiogram results" modality="FACTUAL" polarity="POS" type="TEST" />
<EVENT id="E46" start="1691" end="1703" text="a PPS murmur" modality="FACTUAL" polarity="POS" type="PROBLEM" />
<EVENT id="E47" start="1744" end="1756" text="Birth weight" modality="FACTUAL" polarity="POS" type="TEST" />
<EVENT id="E48" start="1852" end="1856" text="D10W" modality="FACTUAL" polarity="POS" type="TREATMENT" />
<EVENT id="E49" start="1859" end="1875" text="Enteral feedings" modality="FACTUAL" polarity="POS" type="TREATMENT" />
<EVENT id="E50" start="1967" end="2010" text="premature Enfamil 20 calorie or breast milk" modality="FACTUAL" polarity="POS" type="TREATMENT" />
<EVENT id="E51" start="2013" end="2023" text="tolerating" modality="FACTUAL" polarity="POS" type="OCCURRENCE" />
<EVENT id="E52" start="2024" end="2029" text="feeds" modality="FACTUAL" polarity="POS" type="TREATMENT" />
<EVENT id="E53" start="2030" end="2034" text="well" modality="FACTUAL" polarity="POS" type="OCCURRENCE" />
<EVENT id="E54" start="2037" end="2049" text="Electrolytes" modality="FACTUAL" polarity="POS" type="TEST" />
<EVENT id="E55" start="2067" end="2073" text="showed" modality="FACTUAL" polarity="POS" type="EVIDENTIAL" />
<EVENT id="E56" start="2074" end="2082" text="a sodium" modality="FACTUAL" polarity="POS" type="TEST" />
<EVENT id="E57" start="2092" end="2101" text="potassium" modality="FACTUAL" polarity="POS" type="TEST" />
<EVENT id="E58" start="2111" end="2119" text="chloride" modality="FACTUAL" polarity="POS" type="TEST" />
<EVENT id="E59" start="2133" end="2142" text="total CO2" modality="FACTUAL" polarity="POS" type="TEST" />
<EVENT id="E60" start="2170" end="2179" text="Bilirubin" modality="FACTUAL" polarity="POS" type="TEST" />
<EVENT id="E61" start="2203" end="2210" text="Surgery" modality="FACTUAL" polarity="POS" type="TREATMENT" />
<EVENT id="E62" start="2237" end="2249" text="a TE fistula" modality="FACTUAL" polarity="NEG" type="PROBLEM" />
<EVENT id="E63" start="2290" end="2303" text="a gavage tube" modality="FACTUAL" polarity="NEG" type="TREATMENT" />
<EVENT id="E64" start="2367" end="2377" text="was passed" modality="FACTUAL" polarity="POS" type="OCCURRENCE" />
<EVENT id="E65" start="2388" end="2405" text="stomach and x-ray" modality="FACTUAL" polarity="POS" type="PROBLEM" />
<EVENT id="E66" start="2406" end="2414" text="revealed" modality="FACTUAL" polarity="POS" type="EVIDENTIAL" />
<EVENT id="E67" start="2415" end="2428" text="good position" modality="FACTUAL" polarity="POS" type="OCCURRENCE" />
<EVENT id="E68" start="2444" end="2454" text="Hematocrit" modality="FACTUAL" polarity="POS" type="TEST" />
<EVENT id="E69" start="2458" end="2467" text="admission" modality="FACTUAL" polarity="POS" type="OCCURRENCE" />
<EVENT id="E70" start="2507" end="2529" text="any blood transfusions" modality="FACTUAL" polarity="NEG" type="TREATMENT" />
<EVENT id="E71" start="2553" end="2575" text="CBC and blood cultures" modality="FACTUAL" polarity="POS" type="TEST" />
<EVENT id="E72" start="2593" end="2602" text="admission" modality="FACTUAL" polarity="POS" type="OCCURRENCE" />
<EVENT id="E73" start="2605" end="2608" text="CBC" modality="FACTUAL" polarity="POS" type="TEST" />
<EVENT id="E74" start="2624" end="2638" text="blood cultures" modality="FACTUAL" polarity="POS" type="TEST" />
<EVENT id="E75" start="2678" end="2708" text="time ampicillin and gentamicin" modality="FACTUAL" polarity="POS" type="TREATMENT" />
<EVENT id="E76" start="2729" end="2740" text="Initial CBC" modality="FACTUAL" polarity="POS" type="TEST" />
<EVENT id="E77" start="2745" end="2758" text="a white count" modality="FACTUAL" polarity="POS" type="TEST" />
<EVENT id="E78" start="2767" end="2781" text="platelet count" modality="FACTUAL" polarity="POS" type="TEST" />
<EVENT id="E79" start="2791" end="2799" text="53 polys" modality="FACTUAL" polarity="POS" type="TEST" />
<EVENT id="E80" start="2804" end="2811" text="0 bands" modality="FACTUAL" polarity="POS" type="TEST" />
<EVENT id="E81" start="2814" end="2823" text="NEUROLOGY" modality="FACTUAL" polarity="POS" type="CLINICAL_DEPT" />
<EVENT id="E82" start="2860" end="2875" text="MUSCULOSKELETAL" modality="FACTUAL" polarity="POS" type="OCCURRENCE" />
<EVENT id="E83" start="2886" end="2904" text="incidental finding" modality="FACTUAL" polarity="POS" type="PROBLEM" />
<EVENT id="E84" start="2908" end="2913" text="x-ray" modality="FACTUAL" polarity="POS" type="TEST" />
<EVENT id="E85" start="2931" end="2945" text="a hemivertebra" modality="FACTUAL" polarity="POS" type="PROBLEM" />
<EVENT id="E86" start="2967" end="2981" text="Hearing screen" modality="FACTUAL" polarity="POS" type="TEST" />
<EVENT id="E87" start="3028" end="3037" text="discharge" modality="FACTUAL" polarity="POS" type="OCCURRENCE" />
<TIMEX3 id="T1" start="18" end="18" text="2014-04-14" type="DATE" val="2014-04-14" mod="NA" />
<TIMEX3 id="T3" start="46" end="46" text="2014-04-19" type="DATE" val="2014-04-19" mod="NA" />
<TIMEX3 id="T4" start="145" end="152" text="34 week" type="DURATION" val="P34W" mod="NA" />
<TIMEX3 id="T5" start="422" end="430" text="30 weeks" type="DURATION" val="P30W" mod="NA" />
<TIMEX3 id="T6" start="740" end="748" text="21 weeks" type="DURATION" val="P21W" mod="NA" />
<TIMEX3 id="T7" start="862" end="883" text="the middle of January" type="DATE" val="2014-01" mod="MIDDLE" />
<TIMEX3 id="T8" start="1076" end="1086" text="2 days ago" type="DATE" val="2014-04-17" mod="NA" />
<TIMEX3 id="T9" start="2660" end="2668" text="48 hours" type="DURATION" val="P2D" mod="NA" />
<TIMEX3 id="T10" start="982" end="987" text="03-28" type="DATE" val="2014-03-28" mod="NA" />
<TIMEX3 id="T11" start="1033" end="1038" text="04-12" type="DATE" val="2014-04-12" mod="NA" />
<TIMEX3 id="T12" start="1624" end="1629" text="04-18" type="DATE" val="2014-04-18" mod="NA" />
<TIMEX3 id="T13" start="2183" end="2188" text="04-17" type="DATE" val="2014-04-17" mod="NA" />
</TAGS>
</ClinicalNarrativeTemporalAnnotation>
