<?xml version="1.0" encoding="UTF-8" ?>
<ClinicalNarrativeTemporalAnnotation>
<TEXT><![CDATA[
Admission Date :
2015-12-03
Discharge Date :
2015-12-08
Service :
MEDICINE
History of Present Illness :
55 yo M w/ h/o recurrent bladder ca s/p cystectomy w/ ileal conduit p/w BRBPR to OSH .
Hct dropped 34 -> 22 .
EGD normal .
Cscope unable to complete due to blood but tics seen .
Tagged RBC + activity in RLQ .
Transferred to Mediplex Rehab Hospital ICU where Hct has remained stable .
Seen by GI and plan is to continue holding anticoagulation and repeat scope on Monday .
Pt feeling well , denies abd pain , N/V , LH , SOB , CP .
Brief Hospital Course :
55 year old man with history of metastatic bladder cancer and recurrent DVT s on Lovenox admitted with lower GI bleeding .
Right lower quadrant source of bleed on red blood cell scan .
Attempts to visualize colon by conventional and CT virtual colonoscopy failed because of sigmoid angulation and inadequate preparation , respectively .
On Ct scan , a right psoas mass , most consistent with a hematoma , was seen .
Since the hematocrit of the patient was stable and outside records from 2015-03-28 mentioned a mass in the right pelvis , the patient was discharged .
Lovenox was held until follow-up with primary care doctor .
Also , a repeat outpatient CT colonoscopy with better preparation should be considered .
]]></TEXT>
<TAGS>
<EVENT id="E0" start="1" end="15" text="Admission Date" modality="FACTUAL" polarity="POS" type="OCCURRENCE" />
<EVENT id="E1" start="29" end="43" text="Discharge Date" modality="FACTUAL" polarity="POS" type="OCCURRENCE" />
<EVENT id="E2" start="141" end="182" text="s/p cystectomy w/ ileal conduit p/w BRBPR" modality="FACTUAL" polarity="POS" type="PROBLEM" />
<EVENT id="E3" start="186" end="189" text="OSH" modality="FACTUAL" polarity="POS" type="CLINICAL_DEPT" />
<EVENT id="E4" start="192" end="195" text="Hct" modality="FACTUAL" polarity="POS" type="TEST" />
<EVENT id="E5" start="215" end="225" text="EGD normal" modality="FACTUAL" polarity="POS" type="OCCURRENCE" />
<EVENT id="E6" start="228" end="241" text="Cscope unable" modality="FACTUAL" polarity="POS" type="PROBLEM" />
<EVENT id="E7" start="261" end="275" text="blood but tics" modality="FACTUAL" polarity="POS" type="PROBLEM" />
<EVENT id="E8" start="283" end="304" text="Tagged RBC + activity" modality="FACTUAL" polarity="POS" type="OCCURRENCE" />
<EVENT id="E9" start="314" end="325" text="Transferred" modality="FACTUAL" polarity="POS" type="OCCURRENCE" />
<EVENT id="E10" start="329" end="356" text="Mediplex Rehab Hospital ICU" modality="FACTUAL" polarity="POS" type="CLINICAL_DEPT" />
<EVENT id="E11" start="363" end="366" text="Hct" modality="FACTUAL" polarity="POS" type="TEST" />
<EVENT id="E12" start="380" end="386" text="stable" modality="FACTUAL" polarity="POS" type="OCCURRENCE" />
<EVENT id="E13" start="432" end="464" text="anticoagulation and repeat scope" modality="FACTUAL" polarity="POS" type="TREATMENT" />
<EVENT id="E14" start="488" end="492" text="well" modality="FACTUAL" polarity="POS" type="OCCURRENCE" />
<EVENT id="E15" start="495" end="501" text="denies" modality="FACTUAL" polarity="POS" type="EVIDENTIAL" />
<EVENT id="E16" start="502" end="510" text="abd pain" modality="FACTUAL" polarity="NEG" type="PROBLEM" />
<EVENT id="E17" start="513" end="516" text="N/V" modality="FACTUAL" polarity="NEG" type="PROBLEM" />
<EVENT id="E18" start="519" end="521" text="LH" modality="FACTUAL" polarity="NEG" type="PROBLEM" />
<EVENT id="E19" start="524" end="527" text="SOB" modality="FACTUAL" polarity="NEG" type="PROBLEM" />
<EVENT id="E20" start="530" end="532" text="CP" modality="FACTUAL" polarity="NEG" type="PROBLEM" />
<EVENT id="E21" start="591" end="616" text="metastatic bladder cancer" modality="FACTUAL" polarity="POS" type="PROBLEM" />
<EVENT id="E22" start="621" end="634" text="recurrent DVT" modality="FACTUAL" polarity="POS" type="PROBLEM" />
<EVENT id="E23" start="640" end="647" text="Lovenox" modality="FACTUAL" polarity="POS" type="TREATMENT" />
<EVENT id="E24" start="648" end="656" text="admitted" modality="FACTUAL" polarity="POS" type="OCCURRENCE" />
<EVENT id="E25" start="662" end="679" text="lower GI bleeding" modality="FACTUAL" polarity="POS" type="PROBLEM" />
<EVENT id="E26" start="682" end="693" text="Right lower" modality="FACTUAL" polarity="POS" type="PROBLEM" />
<EVENT id="E27" start="713" end="718" text="bleed" modality="FACTUAL" polarity="POS" type="PROBLEM" />
<EVENT id="E28" start="722" end="736" text="red blood cell" modality="FACTUAL" polarity="POS" type="TEST" />
<EVENT id="E29" start="737" end="741" text="scan" modality="FACTUAL" polarity="POS" type="TEST" />
<EVENT id="E30" start="775" end="814" text="conventional and CT virtual colonoscopy" modality="FACTUAL" polarity="POS" type="TEST" />
<EVENT id="E31" start="833" end="851" text="sigmoid angulation" modality="FACTUAL" polarity="POS" type="PROBLEM" />
<EVENT id="E32" start="899" end="901" text="Ct" modality="FACTUAL" polarity="POS" type="TEST" />
<EVENT id="E33" start="902" end="906" text="scan" modality="FACTUAL" polarity="POS" type="TEST" />
<EVENT id="E34" start="909" end="927" text="a right psoas mass" modality="FACTUAL" polarity="POS" type="PROBLEM" />
<EVENT id="E35" start="951" end="961" text="a hematoma" modality="FACTUAL" polarity="POS" type="PROBLEM" />
<EVENT id="E36" start="981" end="995" text="the hematocrit" modality="FACTUAL" polarity="POS" type="TEST" />
<EVENT id="E37" start="1015" end="1033" text="stable and outside" modality="FACTUAL" polarity="POS" type="OCCURRENCE" />
<EVENT id="E38" start="1068" end="1074" text="a mass" modality="FACTUAL" polarity="POS" type="PROBLEM" />
<EVENT id="E39" start="1109" end="1123" text="was discharged" modality="FACTUAL" polarity="POS" type="OCCURRENCE" />
<EVENT id="E40" start="1126" end="1133" text="Lovenox" modality="FACTUAL" polarity="POS" type="TREATMENT" />
<EVENT id="E41" start="1149" end="1158" text="follow-up" modality="FACTUAL" polarity="POS" type="OCCURRENCE" />
<EVENT id="E42" start="1193" end="1212" text="a repeat outpatient" modality="FACTUAL" polarity="POS" type="OCCURRENCE" />
<EVENT id="E43" start="1213" end="1227" text="CT colonoscopy" modality="FACTUAL" polarity="POS" type="TEST" />
<EVENT id="E44" start="1233" end="1251" text="better preparation" modality="FACTUAL" polarity="POS" type="TREATMENT" />
<TIMEX3 id="T1" start="18" end="18" text="2015-12-03" type="DATE" val="2015-12-03" mod="NA" />
<TIMEX3 id="T3" start="46" end="46" text="2015-12-08" type="DATE" val="2015-12-08" mod="NA" />
<TIMEX3 id="T4" start="468" end="474" text="Monday" type="DATE" val="2015-12-07" mod="NA" />
<TIMEX3 id="T5" start="1047" end="1057" text="2015-03-28" type="DATE" val="2015-03-28" mod="NA" />
</TAGS>
</ClinicalNarrativeTemporalAnnotation>
