<?xml version="1.0" encoding="UTF-8" ?>
<ClinicalNarrativeTemporalAnnotation>
<TEXT><![CDATA[
Admission Date : 
02/03/1992 
Discharge Date : 
02/07/1992 
HISTORY OF PRESENT ILLNESS : 
The patient is a 48-year-old white man who is 20 days status post orthotopic cardiac transplant who was readmitted for sternal wound infection . 
He has insulin dependent diabetes mellitus and a history of a dilated cardiomyopathy . 
He had progressive symptoms of congestive heart failure which led to his evaluation of his cardiac transplant in Jan , of 1992 . 
Preoperatively , he had a severely dilated left ventricle with markedly diminished function . 
His post transplant course was initially complicated by hyperglycemia and seizure on postoperative day number one . 
He was , however , extubted without difficulty and after that did quite well . 
He had a predischarge biopsy . 
He felt well at home without fevers , chills or rigors . 
There were no rashes . 
He had no chest pain or shortness of breath . 
When he was seen on 2/3 in the Transplant Clinic , his incision was noted to be more erythematous . 
He was referred to the Surgical Clinic where the wound was opened and the patient was admitted for intravenous antibiotics . 
HOSPITAL COURSE : 
The patient was admitted and pancultured . 
He was treated with vancomycin and ceftazidime while awaiting wound cultures . 
He had dressing changes twice a day . 
Surgery was consulted and followed him while he was in house . 
Cyclosporin levels were followed and his sugars were followed with a sliding scale . 
During the first two days , he required 14 and 22 units of additional coverage . 
However , by day three he required no additional insulin coverage . 
On the day prior to discharge , his intravenous antibiotics were discontinued and he was begun on tetracycline . 
]]></TEXT>
<TAGS>
<EVENT id="E0" start="1" end="15" text="Admission Date" modality="FACTUAL" polarity="POS" type="OCCURRENCE" />
<EVENT id="E1" start="31" end="45" text="Discharge Date" modality="FACTUAL" polarity="POS" type="OCCURRENCE" />
<EVENT id="E2" start="137" end="186" text="20 days status post orthotopic cardiac transplant" modality="FACTUAL" polarity="POS" type="TREATMENT" />
<EVENT id="E3" start="191" end="205" text="was readmitted" modality="FACTUAL" polarity="POS" type="OCCURRENCE" />
<EVENT id="E4" start="210" end="233" text="sternal wound infection" modality="FACTUAL" polarity="POS" type="PROBLEM" />
<EVENT id="E5" start="244" end="279" text="insulin dependent diabetes mellitus" modality="FACTUAL" polarity="POS" type="PROBLEM" />
<EVENT id="E6" start="297" end="321" text="a dilated cardiomyopathy" modality="FACTUAL" polarity="POS" type="PROBLEM" />
<EVENT id="E7" start="332" end="352" text="progressive symptoms" modality="FACTUAL" polarity="POS" type="PROBLEM" />
<EVENT id="E8" start="356" end="380" text="congestive heart failure" modality="FACTUAL" polarity="POS" type="PROBLEM" />
<EVENT id="E9" start="394" end="408" text="his evaluation" modality="FACTUAL" polarity="POS" type="TEST" />
<EVENT id="E10" start="412" end="434" text="his cardiac transplant" modality="FACTUAL" polarity="POS" type="TREATMENT" />
<EVENT id="E11" start="479" end="512" text="a severely dilated left ventricle" modality="FACTUAL" polarity="POS" type="PROBLEM" />
<EVENT id="E12" start="518" end="546" text="markedly diminished function" modality="FACTUAL" polarity="POS" type="PROBLEM" />
<EVENT id="E13" start="606" end="631" text="hyperglycemia and seizure" modality="FACTUAL" polarity="POS" type="PROBLEM" />
<EVENT id="E14" start="703" end="713" text="difficulty" modality="FACTUAL" polarity="NEG" type="PROBLEM" />
<EVENT id="E15" start="733" end="743" text="quite well" modality="FACTUAL" polarity="POS" type="OCCURRENCE" />
<EVENT id="E16" start="754" end="775" text="a predischarge biopsy" modality="FACTUAL" polarity="POS" type="TEST" />
<EVENT id="E17" start="787" end="791" text="well" modality="FACTUAL" polarity="POS" type="OCCURRENCE" />
<EVENT id="E18" start="808" end="833" text="fevers , chills or rigors" modality="FACTUAL" polarity="NEG" type="PROBLEM" />
<EVENT id="E19" start="848" end="857" text="no rashes" modality="FACTUAL" polarity="POS" type="PROBLEM" />
<EVENT id="E20" start="868" end="894" text="no chest pain or shortness" modality="FACTUAL" polarity="POS" type="PROBLEM" />
<EVENT id="E21" start="898" end="904" text="breath" modality="FACTUAL" polarity="NEG" type="PROBLEM" />
<EVENT id="E22" start="935" end="956" text="the Transplant Clinic" modality="FACTUAL" polarity="POS" type="CLINICAL_DEPT" />
<EVENT id="E23" start="959" end="971" text="his incision" modality="FACTUAL" polarity="POS" type="PROBLEM" />
<EVENT id="E24" start="988" end="1005" text="more erythematous" modality="FACTUAL" polarity="POS" type="PROBLEM" />
<EVENT id="E25" start="1012" end="1024" text="was referred" modality="FACTUAL" polarity="POS" type="OCCURRENCE" />
<EVENT id="E26" start="1028" end="1047" text="the Surgical Clinic" modality="FACTUAL" polarity="POS" type="CLINICAL_DEPT" />
<EVENT id="E27" start="1054" end="1063" text="the wound" modality="FACTUAL" polarity="POS" type="PROBLEM" />
<EVENT id="E28" start="1064" end="1074" text="was opened" modality="FACTUAL" polarity="POS" type="PROBLEM" />
<EVENT id="E29" start="1091" end="1103" text="was admitted" modality="FACTUAL" polarity="POS" type="OCCURRENCE" />
<EVENT id="E30" start="1108" end="1131" text="intravenous antibiotics" modality="FACTUAL" polarity="POS" type="TREATMENT" />
<EVENT id="E31" start="1166" end="1194" text="was admitted and pancultured" modality="FACTUAL" polarity="POS" type="OCCURRENCE" />
<EVENT id="E32" start="1218" end="1228" text="vancomycin" modality="FACTUAL" polarity="POS" type="TREATMENT" />
<EVENT id="E33" start="1260" end="1274" text="wound cultures" modality="FACTUAL" polarity="POS" type="TEST" />
<EVENT id="E34" start="1281" end="1293" text="had dressing" modality="FACTUAL" polarity="POS" type="TREATMENT" />
<EVENT id="E35" start="1294" end="1301" text="changes" modality="FACTUAL" polarity="POS" type="PROBLEM" />
<EVENT id="E36" start="1317" end="1324" text="Surgery" modality="FACTUAL" polarity="POS" type="TREATMENT" />
<EVENT id="E37" start="1325" end="1338" text="was consulted" modality="FACTUAL" polarity="POS" type="OCCURRENCE" />
<EVENT id="E38" start="1372" end="1377" text="house" modality="FACTUAL" polarity="POS" type="OCCURRENCE" />
<EVENT id="E39" start="1381" end="1399" text="Cyclosporin levels" modality="FACTUAL" polarity="POS" type="TEST" />
<EVENT id="E40" start="1418" end="1428" text="his sugars" modality="FACTUAL" polarity="POS" type="TEST" />
<EVENT id="E41" start="1448" end="1463" text="a sliding scale" modality="FACTUAL" polarity="POS" type="TREATMENT" />
<EVENT id="E42" start="1526" end="1545" text="additional coverage" modality="FACTUAL" polarity="POS" type="TREATMENT" />
<EVENT id="E43" start="1584" end="1614" text="no additional insulin coverage" modality="FACTUAL" polarity="POS" type="TREATMENT" />
<EVENT id="E44" start="1638" end="1647" text="discharge" modality="FACTUAL" polarity="POS" type="OCCURRENCE" />
<EVENT id="E45" start="1650" end="1677" text="his intravenous antibiotics" modality="FACTUAL" polarity="POS" type="TREATMENT" />
<EVENT id="E46" start="1716" end="1728" text="tetracycline" modality="FACTUAL" polarity="POS" type="TREATMENT" />
<TIMEX3 id="T1" start="19" end="19" text="02/03/1992" type="DATE" val="1992-02-03" mod="NA" />
<TIMEX3 id="T3" start="49" end="49" text="02/07/1992" type="DATE" val="1992-02-07" mod="NA" />
<TIMEX3 id="T4" start="137" end="144" text="20 days" type="DURATION" val="P20D" mod="NA" />
<TIMEX3 id="T5" start="438" end="441" text="Jan" type="DATE" val="1992-01" mod="NA" />
<TIMEX3 id="T6" start="447" end="451" text="1992" type="DATE" val="1992" mod="NA" />
<TIMEX3 id="T7" start="1302" end="1313" text="twice a day" type="FREQUENCY" val="PD" mod="NA" />
<TIMEX3 id="T8" start="1484" end="1492" text="two days" type="DURATION" val="P2D" mod="NA" />
<TIMEX3 id="T9" start="635" end="659" text="postoperative day number" type="DATE" val="1992-02-04" mod="NA" />
<TIMEX3 id="T10" start="928" end="931" text="2/3" type="DATE" val="1992-02-03" mod="NA" />
</TAGS>
</ClinicalNarrativeTemporalAnnotation>
