<?xml version="1.0" encoding="UTF-8" ?>
<ClinicalNarrativeTemporalAnnotation>
<TEXT><![CDATA[
Admission Date :
07/03/1998
Discharge Date :
07/10/1998
HISTORY OF PRESENT ILLNESS :
This is a 50 year old man in his usual state of health until two weeks prior to admission when the patient developed epigastric pain after meals .
The next morning , the patient felt dizzy and went to his private medical doctor at Eifro Medical Center , and was found to have elevated bilirubins , alkaline phosphatase , and transaminases .
The patient reported fatigue and nausea , as well as noted coca cola colored urine .
The patient has been constipated with hard stool , but no bright red blood per rectum .
The patient also reported an 18 lb weight loss over the last 4-5 months .
HOSPITAL COURSE :
The patient was admitted preoperatively for surgery on 7/4/98 .
The patient &apos;s workup up until that time included a diagnosis of periampullary adenocarcinoma , which was proven by EGD directed biopsy , and a left renal mass , which was biopsied and found to be an oncocytoma .
On 7/4/98 , the patient underwent a Whipple procedure , which proceeded without complications .
Postoperatively , the patient did extremely well and was extubated the following morning .
The NG tube was D/C&apos;d on postoperative day #2 .
The patient was to be transferred to the floor on postoperative day #2 , however , due to the lack of beds , he remained in the ICU until postoperative day #3 .
On postoperative day #4 , the patient began tolerating clear liquids and his diet was advanced as tolerated by postoperative day #6 and 7 .
The patient was out of bed , doing fine , and tolerating a regular diet on 7/10/98 .
The patient is to be discharged to home with services and in stable condition .
]]></TEXT>
<TAGS>
<EVENT id="E0" start="1" end="15" text="Admission Date" modality="FACTUAL" polarity="POS" type="OCCURRENCE" />
<EVENT id="E1" start="29" end="43" text="Discharge Date" modality="FACTUAL" polarity="POS" type="OCCURRENCE" />
<EVENT id="E2" start="115" end="130" text="his usual state" modality="FACTUAL" polarity="POS" type="OCCURRENCE" />
<EVENT id="E3" start="134" end="140" text="health" modality="FACTUAL" polarity="POS" type="OCCURRENCE" />
<EVENT id="E4" start="166" end="175" text="admission" modality="FACTUAL" polarity="POS" type="OCCURRENCE" />
<EVENT id="E5" start="203" end="218" text="epigastric pain" modality="FACTUAL" polarity="POS" type="PROBLEM" />
<EVENT id="E6" start="225" end="230" text="meals" modality="FACTUAL" polarity="POS" type="OCCURRENCE" />
<EVENT id="E7" start="269" end="274" text="dizzy" modality="FACTUAL" polarity="POS" type="PROBLEM" />
<EVENT id="E8" start="317" end="337" text="Eifro Medical Center" modality="FACTUAL" polarity="POS" type="CLINICAL_DEPT" />
<EVENT id="E9" start="362" end="381" text="elevated bilirubins" modality="FACTUAL" polarity="POS" type="TEST" />
<EVENT id="E10" start="393" end="404" text="phosphatase" modality="FACTUAL" polarity="POS" type="TEST" />
<EVENT id="E11" start="411" end="424" text="transaminases" modality="FACTUAL" polarity="POS" type="TEST" />
<EVENT id="E12" start="439" end="447" text="reported" modality="FACTUAL" polarity="POS" type="EVIDENTIAL" />
<EVENT id="E13" start="448" end="466" text="fatigue and nausea" modality="FACTUAL" polarity="POS" type="PROBLEM" />
<EVENT id="E14" start="480" end="495" text="noted coca cola" modality="FACTUAL" polarity="POS" type="PROBLEM" />
<EVENT id="E15" start="504" end="509" text="urine" modality="FACTUAL" polarity="POS" type="PROBLEM" />
<EVENT id="E16" start="524" end="544" text="has been constipated" modality="FACTUAL" polarity="POS" type="PROBLEM" />
<EVENT id="E17" start="550" end="560" text="hard stool" modality="FACTUAL" polarity="POS" type="PROBLEM" />
<EVENT id="E18" start="567" end="586" text="no bright red blood" modality="FACTUAL" polarity="POS" type="PROBLEM" />
<EVENT id="E19" start="591" end="597" text="rectum" modality="FACTUAL" polarity="NEG" type="PROBLEM" />
<EVENT id="E20" start="617" end="625" text="reported" modality="FACTUAL" polarity="POS" type="EVIDENTIAL" />
<EVENT id="E21" start="626" end="646" text="an 18 lb weight loss" modality="FACTUAL" polarity="POS" type="PROBLEM" />
<EVENT id="E22" start="704" end="716" text="was admitted" modality="FACTUAL" polarity="POS" type="OCCURRENCE" />
<EVENT id="E23" start="736" end="743" text="surgery" modality="FACTUAL" polarity="POS" type="TREATMENT" />
<EVENT id="E24" start="776" end="782" text="workup" modality="FACTUAL" polarity="POS" type="TEST" />
<EVENT id="E25" start="877" end="880" text="EGD" modality="FACTUAL" polarity="POS" type="TEST" />
<EVENT id="E26" start="890" end="896" text="biopsy" modality="FACTUAL" polarity="POS" type="TEST" />
<EVENT id="E27" start="903" end="920" text="a left renal mass" modality="FACTUAL" polarity="POS" type="PROBLEM" />
<EVENT id="E28" start="958" end="971" text="an oncocytoma" modality="FACTUAL" polarity="POS" type="PROBLEM" />
<EVENT id="E29" start="1008" end="1027" text="a Whipple procedure" modality="FACTUAL" polarity="POS" type="TREATMENT" />
<EVENT id="E30" start="1054" end="1067" text="complications" modality="FACTUAL" polarity="NEG" type="PROBLEM" />
<EVENT id="E31" start="1104" end="1118" text="extremely well" modality="FACTUAL" polarity="POS" type="OCCURRENCE" />
<EVENT id="E32" start="1123" end="1136" text="was extubated" modality="FACTUAL" polarity="POS" type="TREATMENT" />
<EVENT id="E33" start="1161" end="1172" text="The NG tube" modality="FACTUAL" polarity="POS" type="TREATMENT" />
<EVENT id="E34" start="1251" end="1260" text="the floor" modality="FACTUAL" polarity="POS" type="CLINICAL_DEPT" />
<EVENT id="E35" start="1338" end="1345" text="the ICU" modality="FACTUAL" polarity="NEG" type="CLINICAL_DEPT" />
<EVENT id="E36" start="1413" end="1429" text="began tolerating" modality="FACTUAL" polarity="POS" type="OCCURRENCE" />
<EVENT id="E37" start="1430" end="1443" text="clear liquids" modality="FACTUAL" polarity="POS" type="TREATMENT" />
<EVENT id="E38" start="1448" end="1456" text="his diet" modality="FACTUAL" polarity="POS" type="TREATMENT" />
<EVENT id="E39" start="1457" end="1469" text="was advanced" modality="FACTUAL" polarity="POS" type="OCCURRENCE" />
<EVENT id="E40" start="1473" end="1482" text="tolerated" modality="FACTUAL" polarity="POS" type="OCCURRENCE" />
<EVENT id="E41" start="1550" end="1554" text="fine" modality="FACTUAL" polarity="POS" type="OCCURRENCE" />
<EVENT id="E42" start="1561" end="1571" text="tolerating" modality="FACTUAL" polarity="POS" type="OCCURRENCE" />
<EVENT id="E43" start="1572" end="1586" text="a regular diet" modality="FACTUAL" polarity="POS" type="OCCURRENCE" />
<EVENT id="E44" start="1612" end="1631" text="is to be discharged" modality="FACTUAL" polarity="POS" type="OCCURRENCE" />
<EVENT id="E45" start="1645" end="1653" text="services" modality="FACTUAL" polarity="POS" type="TREATMENT" />
<EVENT id="E46" start="1661" end="1677" text="stable condition" modality="FACTUAL" polarity="POS" type="OCCURRENCE" />
<TIMEX3 id="T1" start="18" end="18" text="07/03/1998" type="DATE" val="1998-07-03" mod="NA" />
<TIMEX3 id="T3" start="46" end="46" text="07/10/1998" type="DATE" val="1998-07-10" mod="NA" />
<TIMEX3 id="T4" start="147" end="156" text="two weeks" type="DURATION" val="P2W" mod="NA" />
<TIMEX3 id="T5" start="237" end="249" text="next morning" type="TIME" val="1998-07-04TMO" mod="NA" />
<TIMEX3 id="T6" start="661" end="671" text="4-5 months" type="DURATION" val="P5M" mod="NA" />
<TIMEX3 id="T7" start="747" end="753" text="7/4/98" type="DATE" val="1898-07-04" mod="NA" />
<TIMEX3 id="T8" start="977" end="983" text="7/4/98" type="DATE" val="1898-07-04" mod="NA" />
<TIMEX3 id="T9" start="1590" end="1597" text="7/10/98" type="DATE" val="1898-07-10" mod="NA" />
<TIMEX3 id="T10" start="1191" end="1211" text="postoperative day #2" type="DATE" val="1998-07-05" mod="NA" />
<TIMEX3 id="T11" start="1264" end="1284" text="postoperative day #2" type="DATE" val="1998-07-05" mod="NA" />
<TIMEX3 id="T12" start="1352" end="1372" text="postoperative day #3" type="DATE" val="1998-07-06" mod="NA" />
<TIMEX3 id="T13" start="1378" end="1398" text="postoperative day #4" type="DATE" val="1998-07-07" mod="NA" />
<TIMEX3 id="T14" start="1486" end="1512" text="postoperative day #6 and 7" type="DATE" val="1998-07-09" mod="NA" />
</TAGS>
</ClinicalNarrativeTemporalAnnotation>
