<?xml version="1.0" encoding="UTF-8" ?>
<ClinicalNarrativeTemporalAnnotation>
<TEXT><![CDATA[
Admission Date :
11/09/2003
Discharge Date :
11/16/2003
SERVICE :
GMS 1 Medical Service .
HOSPITAL COURSE :
1. GI :
Patient was transfused 2 units of packed red blood cells overnight , the first night after admission and his hematocrit bumped up appropriately .
He remained hemodynamically stable throughout his admission .
He was continued on a proton pump inhibitor and on iron sulfate and vitamin C .
His Coumadin was held at the time given the bleeding , even though it was important to keep his INR 2.5-3.5 , given his artificial valve it was felt that the risk of continued bleeding was to great to continue the Coumadin .
He was subsequently seen by the GI team who performed an upper endoscopy which demonstrated the following :
In the esophagus , there was a small hiatal hernia and in the stomach there is evidence of erosive gastritis of the body of the stomach and the antrum , the mucous appeared edematous .
A small polyp was found in the fundus which stigmata of old bleeding ; an Endoclip was applied to this .
Another polyp was found in the antrum and cold biopsies were obtained there .
In the duodenum , a small AVM was noted in the second portion of the duodenum and was cauterized .
The biopsy subsequently demonstrated a hyperplastic polyp with acute and chronic inflammation and erosion and reactive epithelial changes but no dysplasia .
Also of note , prior to the upper endoscopy , the patient received fresh frozen plasma to reverse his anticoagulation .
Patient remained hemodynamically stable during and after the upper endoscopy and his hematocrit remained above 30 following this until the point of discharge .
His last recorded hematocrit on discharge was 31.3 .
His last BUN and creatinine were 42 and 1.5 with an INR of 2.5 .
Consideration was given to performing a repeat colonoscopy .
This was discussed with the GI Service who felt that this was not necessary given the recent colonoscopy that he had had in 05/2003 .
2. Cardiovascular :
A :
Ischemia :
Patient &apos;s troponin bump was found to be likely to demand ischemia in the setting of his GI bleed , it was not felt that he was having acute coronary syndrome .
On discharge , he was continued on his aspirin , simvastatin and his Lopressor which was initially held , and subsequently restarted .
B :
Rhythm :
Patient continued to be in A-fib. throughout the admission and was restarted on his Coumadin concurrently with heparin .
Heparin was subsequently DCd once his INR reached a therapeutic level between 2.5-3.5 .
His last reported INR on discharge was 2.5 .
C :
Valves :
Patient had , as noted above , his anticoagulation was initially reversed despite his having artificial valves .
However , his Coumadin was subsequently restarted and he achieved therapeutic INR levels before discharge .
D :
Pump :
Patient , during this hospital course , became hypervolemic likely due to his diuretics being held and due to his receiving blood products .
He was diuresed initially with one dose of Lasix and subsequently with one dose of torsemide after it was discovered that he developed thrombocytopenia on a prior admission in reaction to Lasix .
He subsequently was diuresed to a euvolemic state .
Of note , he did not become thrombocytopenic on this admission .
]]></TEXT>
<TAGS>
<EVENT id="E0" start="1" end="15" text="Admission Date" modality="FACTUAL" polarity="POS" type="OCCURRENCE" />
<EVENT id="E1" start="29" end="43" text="Discharge Date" modality="FACTUAL" polarity="POS" type="OCCURRENCE" />
<EVENT id="E2" start="67" end="88" text="GMS 1 Medical Service" modality="FACTUAL" polarity="POS" type="CLINICAL_DEPT" />
<EVENT id="E3" start="125" end="139" text="was transfused" modality="FACTUAL" polarity="POS" type="TREATMENT" />
<EVENT id="E4" start="140" end="147" text="2 units" modality="FACTUAL" polarity="POS" type="TREATMENT" />
<EVENT id="E5" start="151" end="173" text="packed red blood cells" modality="FACTUAL" polarity="POS" type="TREATMENT" />
<EVENT id="E6" start="208" end="217" text="admission" modality="FACTUAL" polarity="POS" type="OCCURRENCE" />
<EVENT id="E7" start="222" end="236" text="his hematocrit" modality="FACTUAL" polarity="POS" type="TEST" />
<EVENT id="E8" start="237" end="243" text="bumped" modality="FACTUAL" polarity="POS" type="OCCURRENCE" />
<EVENT id="E9" start="275" end="290" text="hemodynamically" modality="FACTUAL" polarity="POS" type="OCCURRENCE" />
<EVENT id="E10" start="291" end="297" text="stable" modality="FACTUAL" polarity="POS" type="OCCURRENCE" />
<EVENT id="E11" start="309" end="322" text="his admission" modality="FACTUAL" polarity="POS" type="OCCURRENCE" />
<EVENT id="E12" start="345" end="368" text="a proton pump inhibitor" modality="FACTUAL" polarity="POS" type="TREATMENT" />
<EVENT id="E13" start="376" end="388" text="iron sulfate" modality="FACTUAL" polarity="POS" type="TREATMENT" />
<EVENT id="E14" start="393" end="402" text="vitamin C" modality="FACTUAL" polarity="POS" type="TREATMENT" />
<EVENT id="E15" start="405" end="417" text="His Coumadin" modality="FACTUAL" polarity="POS" type="TREATMENT" />
<EVENT id="E16" start="445" end="457" text="the bleeding" modality="FACTUAL" polarity="POS" type="PROBLEM" />
<EVENT id="E17" start="497" end="512" text="his INR 2.5-3.5" modality="FACTUAL" polarity="POS" type="TEST" />
<EVENT id="E18" start="571" end="589" text="continued bleeding" modality="FACTUAL" polarity="POS" type="PROBLEM" />
<EVENT id="E19" start="615" end="627" text="the Coumadin" modality="FACTUAL" polarity="POS" type="TREATMENT" />
<EVENT id="E20" start="684" end="702" text="an upper endoscopy" modality="FACTUAL" polarity="POS" type="TEST" />
<EVENT id="E21" start="709" end="721" text="demonstrated" modality="FACTUAL" polarity="POS" type="EVIDENTIAL" />
<EVENT id="E22" start="741" end="754" text="the esophagus" modality="FACTUAL" polarity="POS" type="PROBLEM" />
<EVENT id="E23" start="767" end="788" text="a small hiatal hernia" modality="FACTUAL" polarity="POS" type="PROBLEM" />
<EVENT id="E24" start="796" end="807" text="the stomach" modality="FACTUAL" polarity="POS" type="PROBLEM" />
<EVENT id="E25" start="829" end="846" text="erosive gastritis" modality="FACTUAL" polarity="POS" type="PROBLEM" />
<EVENT id="E26" start="862" end="873" text="the stomach" modality="FACTUAL" polarity="POS" type="PROBLEM" />
<EVENT id="E27" start="878" end="888" text="the antrum" modality="FACTUAL" polarity="POS" type="PROBLEM" />
<EVENT id="E28" start="891" end="901" text="the mucous" modality="FACTUAL" polarity="POS" type="PROBLEM" />
<EVENT id="E29" start="911" end="920" text="edematous" modality="FACTUAL" polarity="POS" type="PROBLEM" />
<EVENT id="E30" start="923" end="936" text="A small polyp" modality="FACTUAL" polarity="POS" type="PROBLEM" />
<EVENT id="E31" start="950" end="960" text="the fundus" modality="FACTUAL" polarity="POS" type="PROBLEM" />
<EVENT id="E32" start="961" end="975" text="which stigmata" modality="FACTUAL" polarity="POS" type="PROBLEM" />
<EVENT id="E33" start="979" end="991" text="old bleeding" modality="FACTUAL" polarity="POS" type="PROBLEM" />
<EVENT id="E34" start="1028" end="1041" text="Another polyp" modality="FACTUAL" polarity="POS" type="TEST" />
<EVENT id="E35" start="1055" end="1083" text="the antrum and cold biopsies" modality="FACTUAL" polarity="POS" type="PROBLEM" />
<EVENT id="E36" start="1109" end="1121" text="the duodenum" modality="FACTUAL" polarity="POS" type="PROBLEM" />
<EVENT id="E37" start="1124" end="1135" text="a small AVM" modality="FACTUAL" polarity="POS" type="PROBLEM" />
<EVENT id="E38" start="1171" end="1183" text="the duodenum" modality="FACTUAL" polarity="POS" type="PROBLEM" />
<EVENT id="E39" start="1188" end="1202" text="was cauterized" modality="FACTUAL" polarity="POS" type="TREATMENT" />
<EVENT id="E40" start="1205" end="1215" text="The biopsy" modality="FACTUAL" polarity="POS" type="TEST" />
<EVENT id="E41" start="1229" end="1241" text="demonstrated" modality="FACTUAL" polarity="POS" type="EVIDENTIAL" />
<EVENT id="E42" start="1242" end="1262" text="a hyperplastic polyp" modality="FACTUAL" polarity="POS" type="PROBLEM" />
<EVENT id="E43" start="1268" end="1342" text="acute and chronic inflammation and erosion and reactive epithelial changes" modality="FACTUAL" polarity="POS" type="PROBLEM" />
<EVENT id="E44" start="1347" end="1359" text="no dysplasia" modality="FACTUAL" polarity="POS" type="PROBLEM" />
<EVENT id="E45" start="1386" end="1405" text="the upper endoscopy" modality="FACTUAL" polarity="POS" type="TEST" />
<EVENT id="E46" start="1429" end="1448" text="fresh frozen plasma" modality="FACTUAL" polarity="POS" type="TREATMENT" />
<EVENT id="E47" start="1460" end="1479" text="his anticoagulation" modality="FACTUAL" polarity="POS" type="TREATMENT" />
<EVENT id="E48" start="1499" end="1514" text="hemodynamically" modality="FACTUAL" polarity="POS" type="OCCURRENCE" />
<EVENT id="E49" start="1515" end="1521" text="stable" modality="FACTUAL" polarity="POS" type="OCCURRENCE" />
<EVENT id="E50" start="1539" end="1558" text="the upper endoscopy" modality="FACTUAL" polarity="POS" type="TEST" />
<EVENT id="E51" start="1563" end="1577" text="his hematocrit" modality="FACTUAL" polarity="POS" type="TEST" />
<EVENT id="E52" start="1630" end="1639" text="discharge" modality="FACTUAL" polarity="POS" type="OCCURRENCE" />
<EVENT id="E53" start="1660" end="1670" text="hematocrit" modality="FACTUAL" polarity="POS" type="TEST" />
<EVENT id="E54" start="1674" end="1683" text="discharge" modality="FACTUAL" polarity="POS" type="OCCURRENCE" />
<EVENT id="E55" start="1695" end="1722" text="His last BUN and creatinine" modality="FACTUAL" polarity="POS" type="TEST" />
<EVENT id="E56" start="1744" end="1750" text="an INR" modality="FACTUAL" polarity="POS" type="TEST" />
<EVENT id="E57" start="1798" end="1818" text="a repeat colonoscopy" modality="FACTUAL" polarity="POS" type="TEST" />
<EVENT id="E58" start="1903" end="1925" text="the recent colonoscopy" modality="FACTUAL" polarity="NEG" type="TEST" />
<EVENT id="E59" start="1979" end="1987" text="Ischemia" modality="FACTUAL" polarity="POS" type="PROBLEM" />
<EVENT id="E60" start="2043" end="2052" text="to demand" modality="FACTUAL" polarity="POS" type="PROBLEM" />
<EVENT id="E61" start="2053" end="2061" text="ischemia" modality="FACTUAL" polarity="POS" type="PROBLEM" />
<EVENT id="E62" start="2087" end="2092" text="bleed" modality="FACTUAL" polarity="POS" type="PROBLEM" />
<EVENT id="E63" start="2130" end="2153" text="acute coronary syndrome" modality="FACTUAL" polarity="NEG" type="PROBLEM" />
<EVENT id="E64" start="2159" end="2168" text="discharge" modality="FACTUAL" polarity="POS" type="OCCURRENCE" />
<EVENT id="E65" start="2191" end="2202" text="his aspirin" modality="FACTUAL" polarity="POS" type="TREATMENT" />
<EVENT id="E66" start="2205" end="2216" text="simvastatin" modality="FACTUAL" polarity="POS" type="TREATMENT" />
<EVENT id="E67" start="2221" end="2234" text="his Lopressor" modality="FACTUAL" polarity="POS" type="TREATMENT" />
<EVENT id="E68" start="2295" end="2301" text="Rhythm" modality="FACTUAL" polarity="POS" type="TEST" />
<EVENT id="E69" start="2349" end="2362" text="the admission" modality="FACTUAL" polarity="POS" type="OCCURRENCE" />
<EVENT id="E70" start="2384" end="2396" text="his Coumadin" modality="FACTUAL" polarity="POS" type="TREATMENT" />
<EVENT id="E71" start="2415" end="2422" text="heparin" modality="FACTUAL" polarity="POS" type="TREATMENT" />
<EVENT id="E72" start="2425" end="2432" text="Heparin" modality="FACTUAL" polarity="POS" type="TREATMENT" />
<EVENT id="E73" start="2459" end="2466" text="his INR" modality="FACTUAL" polarity="POS" type="TEST" />
<EVENT id="E74" start="2522" end="2530" text="reported" modality="FACTUAL" polarity="POS" type="EVIDENTIAL" />
<EVENT id="E75" start="2531" end="2534" text="INR" modality="FACTUAL" polarity="POS" type="TEST" />
<EVENT id="E76" start="2538" end="2547" text="discharge" modality="FACTUAL" polarity="POS" type="OCCURRENCE" />
<EVENT id="E77" start="2562" end="2568" text="Valves" modality="FACTUAL" polarity="POS" type="TREATMENT" />
<EVENT id="E78" start="2602" end="2621" text="his anticoagulation" modality="FACTUAL" polarity="POS" type="TREATMENT" />
<EVENT id="E79" start="2622" end="2644" text="was initially reversed" modality="FACTUAL" polarity="POS" type="OCCURRENCE" />
<EVENT id="E80" start="2664" end="2681" text="artificial valves" modality="FACTUAL" polarity="POS" type="TREATMENT" />
<EVENT id="E81" start="2694" end="2706" text="his Coumadin" modality="FACTUAL" polarity="POS" type="TREATMENT" />
<EVENT id="E82" start="2750" end="2772" text="therapeutic INR levels" modality="FACTUAL" polarity="POS" type="TEST" />
<EVENT id="E83" start="2780" end="2789" text="discharge" modality="FACTUAL" polarity="POS" type="OCCURRENCE" />
<EVENT id="E84" start="2877" end="2890" text="his diuretics" modality="FACTUAL" polarity="POS" type="TREATMENT" />
<EVENT id="E85" start="2913" end="2941" text="his receiving blood products" modality="FACTUAL" polarity="POS" type="TEST" />
<EVENT id="E86" start="2947" end="2959" text="was diuresed" modality="FACTUAL" polarity="POS" type="TREATMENT" />
<EVENT id="E87" start="2987" end="2992" text="Lasix" modality="FACTUAL" polarity="POS" type="TREATMENT" />
<EVENT id="E88" start="3027" end="3036" text="torsemide" modality="FACTUAL" polarity="POS" type="TREATMENT" />
<EVENT id="E89" start="3079" end="3095" text="thrombocytopenia" modality="FACTUAL" polarity="POS" type="PROBLEM" />
<EVENT id="E90" start="3099" end="3116" text="a prior admission" modality="FACTUAL" polarity="POS" type="OCCURRENCE" />
<EVENT id="E91" start="3120" end="3128" text="reaction" modality="FACTUAL" polarity="POS" type="PROBLEM" />
<EVENT id="E92" start="3132" end="3137" text="Lasix" modality="FACTUAL" polarity="POS" type="TREATMENT" />
<EVENT id="E93" start="3156" end="3168" text="was diuresed" modality="FACTUAL" polarity="POS" type="TREATMENT" />
<EVENT id="E94" start="3172" end="3189" text="a euvolemic state" modality="FACTUAL" polarity="POS" type="OCCURRENCE" />
<EVENT id="E95" start="3220" end="3236" text="thrombocytopenic" modality="FACTUAL" polarity="NEG" type="TREATMENT" />
<EVENT id="E96" start="3240" end="3254" text="this admission" modality="FACTUAL" polarity="NEG" type="OCCURRENCE" />
<TIMEX3 id="T1" start="18" end="18" text="11/09/2003" type="DATE" val="2003-11-09" mod="NA" />
<TIMEX3 id="T3" start="46" end="46" text="11/16/2003" type="DATE" val="2003-11-16" mod="NA" />
<TIMEX3 id="T4" start="1907" end="1913" text="recent" type="DATE" val="PAST_REF" mod="NA" />
<TIMEX3 id="T5" start="1945" end="1952" text="05/2003" type="DATE" val="2003" mod="NA" />
</TAGS>
</ClinicalNarrativeTemporalAnnotation>
