<?xml version="1.0" encoding="UTF-8" ?>
<ClinicalNarrativeTemporalAnnotation>
<TEXT><![CDATA[
Admission Date :
2014-01-20
Discharge Date :
2014-01-21
Service :
MEDICINE
History of Present Illness :
CC : dyspnea
HPI :
86 yo man with h/o CVA , CHF , recent episodes of aspiration pneumonia , who p/w dyspnea from his NH .
Per the pt 's daughter , the patient has had 2-3 episodes of asp pna in the last 2 months , for which he has received IV abx at the NH with apparent resolution of symptoms .
The daughter says that on the day PTA , when she visited the patient at the NH , he was " having a good day ," more interactive than usual and in good spirits .
She was called at 430 am today from the NH with the news that the pt was not doing well , and she came to the Deanna to meet up with her father .
Of note , the patient 's daughter and son-in-law confirm his desire to be DNR/DNI , stating that they want him to be comfortable .
However , when asked if she thinks he would want comfort measures even if it meant that his respiratory status would worsen , the pt 's daughter says that he would not .
In particular , she feels that the pt would not want a morphine drip if it would negatively impact his respiratory function .
ROS : patient unable to communicate at current time
Brief Hospital Course :
This 86 yo man with h/o CVA , CHF , recent episodes of aspiration pneumonia , presented with dyspnea from his NH , likely from new RLL pneumonia .
He was started on Zosyn and Vanco for his presumed aspiration , ' hospital ' aquired PNA .
PE was considered but less likely given his fevers and clear pneumonia on CXR .
He was supported on BIPAP for his respiratory status .
An ABG was attempted in the Deanna however it was limited by pt discomfort .
ABG on arrival to the ICU was 7.29/56/75 .
He was continued on BIPAP .
Blood cultures and sputum cultures were sent .
Over the course of the day he continued to decline .
He was given some prn Morphine for comfort .
In the evening of the day of admission he was noted to be increasingly somnolent .
A repeat ABG was performed which was 7.03/129/148 .
His family was notified that he was doing worse and came in to visit him .
It was his family 's wish that he be made comfortable .
Based upon this wish the BIPAP was removed and he was placed on nasal cannula .
He was written for a morphine drip however he expired before this could be initiated .
Secondary issues
Elevated lactate :
This was concerning for early sepsis given RLL PNA .
His blood pressures remained elevated and he was hydrated with NS conservatively , given h/o CHF and dyspnea .
DM2 :
He was covered with a Insulin drip while unstable
CV :
CAD :
He was not taking any PO medications per Hunt Center Rehab so all medications were held .
]]></TEXT>
<TAGS>
<EVENT id="E0" start="1" end="15" text="Admission Date" modality="FACTUAL" polarity="POS" type="OCCURRENCE" />
<EVENT id="E1" start="29" end="43" text="Discharge Date" modality="FACTUAL" polarity="POS" type="OCCURRENCE" />
<EVENT id="E2" start="110" end="117" text="dyspnea" modality="FACTUAL" polarity="POS" type="PROBLEM" />
<EVENT id="E3" start="139" end="146" text="h/o CVA" modality="FACTUAL" polarity="POS" type="PROBLEM" />
<EVENT id="E4" start="149" end="152" text="CHF" modality="FACTUAL" polarity="POS" type="PROBLEM" />
<EVENT id="E5" start="174" end="194" text="aspiration pneumonia" modality="POSSIBLE" polarity="POS" type="PROBLEM" />
<EVENT id="E6" start="197" end="212" text="who p/w dyspnea" modality="FACTUAL" polarity="POS" type="PROBLEM" />
<EVENT id="E7" start="218" end="224" text="his NH" modality="FACTUAL" polarity="POS" type="PROBLEM" />
<EVENT id="E8" start="288" end="295" text="asp pna" modality="FACTUAL" polarity="POS" type="PROBLEM" />
<EVENT id="E9" start="345" end="351" text="IV abx" modality="FACTUAL" polarity="POS" type="TREATMENT" />
<EVENT id="E10" start="355" end="361" text="the NH" modality="FACTUAL" polarity="POS" type="PROBLEM" />
<EVENT id="E11" start="367" end="386" text="apparent resolution" modality="FACTUAL" polarity="POS" type="OCCURRENCE" />
<EVENT id="E12" start="390" end="398" text="symptoms" modality="FACTUAL" polarity="POS" type="PROBLEM" />
<EVENT id="E13" start="473" end="479" text="the NH" modality="FACTUAL" polarity="POS" type="PROBLEM" />
<EVENT id="E14" start="512" end="528" text="more interactive" modality="FACTUAL" polarity="POS" type="OCCURRENCE" />
<EVENT id="E15" start="547" end="559" text="good spirits" modality="FACTUAL" polarity="POS" type="TREATMENT" />
<EVENT id="E16" start="598" end="604" text="the NH" modality="FACTUAL" polarity="POS" type="PROBLEM" />
<EVENT id="E17" start="645" end="649" text="well" modality="FACTUAL" polarity="NEG" type="OCCURRENCE" />
<EVENT id="E18" start="668" end="678" text="the Deanna" modality="FACTUAL" polarity="NEG" type="CLINICAL_DEPT" />
<EVENT id="E19" start="765" end="775" text="his desire" modality="FACTUAL" polarity="POS" type="PROBLEM" />
<EVENT id="E20" start="825" end="836" text="comfortable" modality="FACTUAL" polarity="POS" type="OCCURRENCE" />
<EVENT id="E21" start="888" end="904" text="comfort measures" modality="FACTUAL" polarity="NEG" type="TREATMENT" />
<EVENT id="E22" start="927" end="949" text="his respiratory status" modality="FACTUAL" polarity="NEG" type="OCCURRENCE" />
<EVENT id="E23" start="950" end="962" text="would worsen" modality="FACTUAL" polarity="NEG" type="OCCURRENCE" />
<EVENT id="E24" start="1062" end="1077" text="a morphine drip" modality="FACTUAL" polarity="NEG" type="TREATMENT" />
<EVENT id="E25" start="1108" end="1132" text="his respiratory function" modality="FACTUAL" polarity="NEG" type="PROBLEM" />
<EVENT id="E26" start="1135" end="1138" text="ROS" modality="FACTUAL" polarity="POS" type="TEST" />
<EVENT id="E27" start="1149" end="1155" text="unable" modality="FACTUAL" polarity="POS" type="PROBLEM" />
<EVENT id="E28" start="1231" end="1238" text="h/o CVA" modality="FACTUAL" polarity="POS" type="PROBLEM" />
<EVENT id="E29" start="1241" end="1244" text="CHF" modality="FACTUAL" polarity="POS" type="PROBLEM" />
<EVENT id="E30" start="1266" end="1286" text="aspiration pneumonia" modality="POSSIBLE" polarity="POS" type="PROBLEM" />
<EVENT id="E31" start="1289" end="1298" text="presented" modality="FACTUAL" polarity="POS" type="OCCURRENCE" />
<EVENT id="E32" start="1304" end="1311" text="dyspnea" modality="FACTUAL" polarity="POS" type="PROBLEM" />
<EVENT id="E33" start="1317" end="1323" text="his NH" modality="FACTUAL" polarity="POS" type="PROBLEM" />
<EVENT id="E34" start="1338" end="1355" text="new RLL pneumonia" modality="FACTUAL" polarity="POS" type="PROBLEM" />
<EVENT id="E35" start="1376" end="1391" text="Zosyn and Vanco" modality="FACTUAL" polarity="POS" type="TREATMENT" />
<EVENT id="E36" start="1396" end="1419" text="his presumed aspiration" modality="POSSIBLE" polarity="POS" type="TREATMENT" />
<EVENT id="E37" start="1422" end="1432" text="' hospital" modality="FACTUAL" polarity="POS" type="CLINICAL_DEPT" />
<EVENT id="E38" start="1443" end="1446" text="PNA" modality="FACTUAL" polarity="POS" type="PROBLEM" />
<EVENT id="E39" start="1449" end="1451" text="PE" modality="FACTUAL" polarity="POS" type="PROBLEM" />
<EVENT id="E40" start="1489" end="1499" text="his fevers" modality="FACTUAL" polarity="POS" type="PROBLEM" />
<EVENT id="E41" start="1504" end="1519" text="clear pneumonia" modality="FACTUAL" polarity="POS" type="PROBLEM" />
<EVENT id="E42" start="1523" end="1526" text="CXR" modality="FACTUAL" polarity="POS" type="TEST" />
<EVENT id="E43" start="1549" end="1554" text="BIPAP" modality="FACTUAL" polarity="POS" type="TREATMENT" />
<EVENT id="E44" start="1559" end="1581" text="his respiratory status" modality="FACTUAL" polarity="POS" type="OCCURRENCE" />
<EVENT id="E45" start="1584" end="1590" text="An ABG" modality="FACTUAL" polarity="POS" type="TEST" />
<EVENT id="E46" start="1608" end="1618" text="the Deanna" modality="FACTUAL" polarity="POS" type="CLINICAL_DEPT" />
<EVENT id="E47" start="1645" end="1658" text="pt discomfort" modality="FACTUAL" polarity="POS" type="PROBLEM" />
<EVENT id="E48" start="1661" end="1664" text="ABG" modality="FACTUAL" polarity="POS" type="TEST" />
<EVENT id="E49" start="1668" end="1675" text="arrival" modality="FACTUAL" polarity="POS" type="OCCURRENCE" />
<EVENT id="E50" start="1679" end="1686" text="the ICU" modality="FACTUAL" polarity="POS" type="CLINICAL_DEPT" />
<EVENT id="E51" start="1724" end="1729" text="BIPAP" modality="FACTUAL" polarity="POS" type="TREATMENT" />
<EVENT id="E52" start="1732" end="1766" text="Blood cultures and sputum cultures" modality="FACTUAL" polarity="POS" type="TEST" />
<EVENT id="E53" start="1809" end="1829" text="continued to decline" modality="FACTUAL" polarity="POS" type="PROBLEM" />
<EVENT id="E54" start="1845" end="1862" text="some prn Morphine" modality="FACTUAL" polarity="POS" type="TREATMENT" />
<EVENT id="E55" start="1867" end="1874" text="comfort" modality="FACTUAL" polarity="POS" type="TREATMENT" />
<EVENT id="E56" start="1906" end="1915" text="admission" modality="FACTUAL" polarity="POS" type="OCCURRENCE" />
<EVENT id="E57" start="1935" end="1957" text="increasingly somnolent" modality="FACTUAL" polarity="POS" type="PROBLEM" />
<EVENT id="E58" start="1960" end="1972" text="A repeat ABG" modality="FACTUAL" polarity="POS" type="TEST" />
<EVENT id="E59" start="2054" end="2059" text="worse" modality="FACTUAL" polarity="POS" type="OCCURRENCE" />
<EVENT id="E60" start="2129" end="2140" text="comfortable" modality="FACTUAL" polarity="POS" type="OCCURRENCE" />
<EVENT id="E61" start="2164" end="2173" text="the BIPAP" modality="FACTUAL" polarity="POS" type="TREATMENT" />
<EVENT id="E62" start="2207" end="2220" text="nasal cannula" modality="FACTUAL" polarity="POS" type="TREATMENT" />
<EVENT id="E63" start="2242" end="2257" text="a morphine drip" modality="FACTUAL" polarity="POS" type="TREATMENT" />
<EVENT id="E64" start="2269" end="2276" text="expired" modality="FACTUAL" polarity="POS" type="OCCURRENCE" />
<EVENT id="E65" start="2310" end="2326" text="Secondary issues" modality="FACTUAL" polarity="POS" type="PROBLEM" />
<EVENT id="E66" start="2327" end="2343" text="Elevated lactate" modality="FACTUAL" polarity="POS" type="TREATMENT" />
<EVENT id="E67" start="2370" end="2382" text="early sepsis" modality="FACTUAL" polarity="POS" type="PROBLEM" />
<EVENT id="E68" start="2389" end="2396" text="RLL PNA" modality="FACTUAL" polarity="POS" type="PROBLEM" />
<EVENT id="E69" start="2399" end="2418" text="His blood pressures" modality="FACTUAL" polarity="POS" type="TEST" />
<EVENT id="E70" start="2428" end="2436" text="elevated" modality="FACTUAL" polarity="POS" type="PROBLEM" />
<EVENT id="E71" start="2462" end="2464" text="NS" modality="FACTUAL" polarity="POS" type="TREATMENT" />
<EVENT id="E72" start="2465" end="2479" text="conservatively" modality="FACTUAL" polarity="POS" type="TREATMENT" />
<EVENT id="E73" start="2488" end="2507" text="h/o CHF and dyspnea" modality="FACTUAL" polarity="POS" type="PROBLEM" />
<EVENT id="E74" start="2536" end="2550" text="a Insulin drip" modality="FACTUAL" polarity="POS" type="TREATMENT" />
<EVENT id="E75" start="2557" end="2565" text="unstable" modality="FACTUAL" polarity="POS" type="PROBLEM" />
<EVENT id="E76" start="2571" end="2574" text="CAD" modality="FACTUAL" polarity="POS" type="PROBLEM" />
<EVENT id="E77" start="2595" end="2613" text="any PO medications" modality="FACTUAL" polarity="NEG" type="TREATMENT" />
<EVENT id="E78" start="2618" end="2635" text="Hunt Center Rehab" modality="FACTUAL" polarity="NEG" type="CLINICAL_DEPT" />
<EVENT id="E79" start="2639" end="2654" text="all medications" modality="FACTUAL" polarity="NEG" type="TREATMENT" />
<TIMEX3 id="T1" start="18" end="18" text="2014-01-20" type="DATE" val="2014-01-20" mod="NA" />
<TIMEX3 id="T3" start="46" end="46" text="2014-01-21" type="DATE" val="2014-01-21" mod="NA" />
<TIMEX3 id="T4" start="155" end="161" text="recent" type="DATE" val="PAST_REF" mod="NA" />
<TIMEX3 id="T5" start="299" end="316" text="the last 2 months" type="DURATION" val="P2M" mod="NA" />
<TIMEX3 id="T6" start="587" end="592" text="today" type="DATE" val="2014-01-21" mod="NA" />
<TIMEX3 id="T7" start="1247" end="1253" text="recent" type="DATE" val="PAST_REF" mod="NA" />
<TIMEX3 id="T8" start="272" end="284" text="2-3 episodes" type="DATE" val="2014-02-03" mod="NA" />
<TIMEX3 id="T9" start="1845" end="1862" text="some prn Morphine" type="FREQUENCY" val="R" mod="NA" />
</TAGS>
</ClinicalNarrativeTemporalAnnotation>
