<?xml version="1.0" encoding="UTF-8" ?>
<ClinicalNarrativeTemporalAnnotation>
<TEXT><![CDATA[
Admission Date :
06/09/1998
Discharge Date :
06/12/1998
HISTORY OF PRESENT ILLNESS :
The patient is an 82 year-old right handed gentleman who has a past medical history of hypertension and tobacco use presented to the emergency room with acute change in mental status .
He was well until the evening prior to presentation to the emergency room when he complained of headache across the forehead .
On the day of presentation , he was then found by his daughter lying on his bed groaning , being relatively unresponsive and unable to speak .
The family reported one episode of vomiting at home .
HOSPITAL COURSE :
The patient was admitted to a telemetry bed and started on heparin .
Around 4:00 AM the next day , an acute decompensation in respiratory status was noted .
Lung examination at that point showed good air entry , no wheezing , coarse breath sounds throughout .
Neurologically , the patient was not following commands .
Eyes were closed .
He was moving the right arm and leg spontaneously , though less than before .
Withdrawal to pain was still present .
Both plantars were upgoing .
A blood gas at this point showed a pH of 7.49 , pO2 61 , pCO2 of 33 on 100% non-rebreather mask .
EKG showed sinus tachycardia .
The patient &apos;s temperature was 102 degrees .
A repeat CAT scan of the head was performed .
This showed continued evolution of the right posterior cerebral artery infarction now extending into the right cerebellar hemisphere .
There was also a high density adjacent to the right cerebellar infarction suggesting the presence of hemorrhage .
At this point , the patient was transferred to the intensive care unit .
An MRI and MRA of the head was arranged to evaluate the extent of his stroke and the posterior circulation .
The MRI showed infarct of the cerebellar hemispheres bilaterally , the right occipital lobe , the right thalamus and bilateral pons .
The MRA of the intracranial circulation demonstrated gross patency of the internal carotid arteries bilaterally and the basilar arteries .
The left vertebral artery was not visualized .
There was a dominant right vertebral artery .
There was mildly reduced flow in the branches of the right middle cerebral artery compared to the left .
There was visualization of flow within both posterior cerebral arteries .
Clinically , the patient continued to deteriorate .
Neurosurgery was consulted , however the neurosurgeons felt that there was no surgical option , since even in the case of cerebellar swelling , there would be no improvement from decompensation .
The patient was therefore treated conservatively with fluid restriction and blood pressure management .
Heparin was discontinued because of the risk of intercerebral hemorrhage .
The aspiration pneumonia was treated with Cefotaxime and Metronidazole .
The patient &apos;s family was involved and they decided to opt for DNR / DNI in view of the poor prognosis .
The patient passed away at 6:45 AM on June 12 , 1998 .
]]></TEXT>
<TAGS>
<EVENT id="E0" start="1" end="15" text="Admission Date" modality="FACTUAL" polarity="POS" type="OCCURRENCE" />
<EVENT id="E1" start="29" end="43" text="Discharge Date" modality="FACTUAL" polarity="POS" type="OCCURRENCE" />
<EVENT id="E2" start="173" end="201" text="hypertension and tobacco use" modality="FACTUAL" polarity="POS" type="PROBLEM" />
<EVENT id="E3" start="202" end="211" text="presented" modality="FACTUAL" polarity="POS" type="OCCURRENCE" />
<EVENT id="E4" start="215" end="233" text="the emergency room" modality="FACTUAL" polarity="POS" type="CLINICAL_DEPT" />
<EVENT id="E5" start="239" end="251" text="acute change" modality="FACTUAL" polarity="POS" type="PROBLEM" />
<EVENT id="E6" start="255" end="268" text="mental status" modality="FACTUAL" polarity="POS" type="PROBLEM" />
<EVENT id="E7" start="278" end="282" text="well" modality="FACTUAL" polarity="POS" type="OCCURRENCE" />
<EVENT id="E8" start="310" end="322" text="presentation" modality="FACTUAL" polarity="POS" type="OCCURRENCE" />
<EVENT id="E9" start="326" end="344" text="the emergency room" modality="FACTUAL" polarity="POS" type="CLINICAL_DEPT" />
<EVENT id="E10" start="353" end="363" text="complained" modality="FACTUAL" polarity="POS" type="EVIDENTIAL" />
<EVENT id="E11" start="367" end="375" text="headache" modality="FACTUAL" polarity="POS" type="PROBLEM" />
<EVENT id="E12" start="376" end="382" text="across" modality="FACTUAL" polarity="POS" type="PROBLEM" />
<EVENT id="E13" start="383" end="395" text="the forehead" modality="FACTUAL" polarity="POS" type="PROBLEM" />
<EVENT id="E14" start="412" end="424" text="presentation" modality="FACTUAL" polarity="POS" type="OCCURRENCE" />
<EVENT id="E15" start="495" end="518" text="relatively unresponsive" modality="FACTUAL" polarity="POS" type="PROBLEM" />
<EVENT id="E16" start="523" end="529" text="unable" modality="FACTUAL" polarity="POS" type="PROBLEM" />
<EVENT id="E17" start="552" end="560" text="reported" modality="FACTUAL" polarity="POS" type="EVIDENTIAL" />
<EVENT id="E18" start="576" end="584" text="vomiting" modality="FACTUAL" polarity="POS" type="PROBLEM" />
<EVENT id="E19" start="625" end="637" text="was admitted" modality="FACTUAL" polarity="POS" type="OCCURRENCE" />
<EVENT id="E20" start="672" end="679" text="heparin" modality="FACTUAL" polarity="POS" type="TREATMENT" />
<EVENT id="E21" start="712" end="735" text="an acute decompensation" modality="FACTUAL" polarity="POS" type="PROBLEM" />
<EVENT id="E22" start="739" end="757" text="respiratory status" modality="FACTUAL" polarity="POS" type="OCCURRENCE" />
<EVENT id="E23" start="770" end="786" text="Lung examination" modality="FACTUAL" polarity="POS" type="TEST" />
<EVENT id="E24" start="801" end="807" text="showed" modality="FACTUAL" polarity="POS" type="EVIDENTIAL" />
<EVENT id="E25" start="808" end="822" text="good air entry" modality="FACTUAL" polarity="POS" type="OCCURRENCE" />
<EVENT id="E26" start="825" end="852" text="no wheezing , coarse breath" modality="FACTUAL" polarity="POS" type="PROBLEM" />
<EVENT id="E27" start="853" end="859" text="sounds" modality="FACTUAL" polarity="NEG" type="TEST" />
<EVENT id="E28" start="920" end="928" text="commands" modality="FACTUAL" polarity="NEG" type="OCCURRENCE" />
<EVENT id="E29" start="964" end="985" text="the right arm and leg" modality="FACTUAL" polarity="POS" type="PROBLEM" />
<EVENT id="E30" start="1028" end="1038" text="Withdrawal" modality="FACTUAL" polarity="POS" type="PROBLEM" />
<EVENT id="E31" start="1042" end="1046" text="pain" modality="FACTUAL" polarity="POS" type="PROBLEM" />
<EVENT id="E32" start="1067" end="1080" text="Both plantars" modality="FACTUAL" polarity="POS" type="PROBLEM" />
<EVENT id="E33" start="1096" end="1107" text="A blood gas" modality="FACTUAL" polarity="POS" type="TEST" />
<EVENT id="E34" start="1122" end="1128" text="showed" modality="FACTUAL" polarity="POS" type="EVIDENTIAL" />
<EVENT id="E35" start="1129" end="1133" text="a pH" modality="FACTUAL" polarity="POS" type="TEST" />
<EVENT id="E36" start="1153" end="1157" text="pCO2" modality="FACTUAL" polarity="POS" type="TEST" />
<EVENT id="E37" start="1167" end="1191" text="100% non-rebreather mask" modality="FACTUAL" polarity="POS" type="TREATMENT" />
<EVENT id="E38" start="1194" end="1197" text="EKG" modality="FACTUAL" polarity="POS" type="TEST" />
<EVENT id="E39" start="1198" end="1204" text="showed" modality="FACTUAL" polarity="POS" type="EVIDENTIAL" />
<EVENT id="E40" start="1205" end="1222" text="sinus tachycardia" modality="FACTUAL" polarity="POS" type="PROBLEM" />
<EVENT id="E41" start="1225" end="1256" text="The patient s temperature" modality="FACTUAL" polarity="POS" type="TEST" />
<EVENT id="E42" start="1275" end="1287" text="A repeat CAT" modality="FACTUAL" polarity="POS" type="TEST" />
<EVENT id="E43" start="1288" end="1292" text="scan" modality="FACTUAL" polarity="POS" type="TEST" />
<EVENT id="E44" start="1296" end="1304" text="the head" modality="FACTUAL" polarity="POS" type="TEST" />
<EVENT id="E45" start="1326" end="1332" text="showed" modality="FACTUAL" polarity="POS" type="EVIDENTIAL" />
<EVENT id="E46" start="1333" end="1352" text="continued evolution" modality="FACTUAL" polarity="POS" type="PROBLEM" />
<EVENT id="E47" start="1356" end="1402" text="the right posterior cerebral artery infarction" modality="FACTUAL" polarity="POS" type="PROBLEM" />
<EVENT id="E48" start="1471" end="1485" text="a high density" modality="PROPOSED" polarity="POS" type="PROBLEM" />
<EVENT id="E49" start="1498" end="1529" text="the right cerebellar infarction" modality="FACTUAL" polarity="POS" type="PROBLEM" />
<EVENT id="E50" start="1557" end="1567" text="hemorrhage" modality="FACTUAL" polarity="POS" type="PROBLEM" />
<EVENT id="E51" start="1598" end="1613" text="was transferred" modality="FACTUAL" polarity="POS" type="OCCURRENCE" />
<EVENT id="E52" start="1617" end="1640" text="the intensive care unit" modality="FACTUAL" polarity="POS" type="CLINICAL_DEPT" />
<EVENT id="E53" start="1643" end="1657" text="An MRI and MRA" modality="FACTUAL" polarity="POS" type="TEST" />
<EVENT id="E54" start="1661" end="1669" text="the head" modality="FACTUAL" polarity="POS" type="TEST" />
<EVENT id="E55" start="1709" end="1719" text="his stroke" modality="FACTUAL" polarity="POS" type="PROBLEM" />
<EVENT id="E56" start="1724" end="1749" text="the posterior circulation" modality="FACTUAL" polarity="POS" type="TEST" />
<EVENT id="E57" start="1752" end="1759" text="The MRI" modality="FACTUAL" polarity="POS" type="TEST" />
<EVENT id="E58" start="1760" end="1766" text="showed" modality="FACTUAL" polarity="POS" type="EVIDENTIAL" />
<EVENT id="E59" start="1767" end="1774" text="infarct" modality="FACTUAL" polarity="POS" type="PROBLEM" />
<EVENT id="E60" start="1819" end="1843" text="the right occipital lobe" modality="FACTUAL" polarity="POS" type="PROBLEM" />
<EVENT id="E61" start="1869" end="1883" text="bilateral pons" modality="FACTUAL" polarity="POS" type="PROBLEM" />
<EVENT id="E62" start="1886" end="1893" text="The MRA" modality="FACTUAL" polarity="POS" type="TEST" />
<EVENT id="E63" start="1897" end="1925" text="the intracranial circulation" modality="FACTUAL" polarity="POS" type="TEST" />
<EVENT id="E64" start="1926" end="1938" text="demonstrated" modality="FACTUAL" polarity="POS" type="EVIDENTIAL" />
<EVENT id="E65" start="2025" end="2050" text="The left vertebral artery" modality="FACTUAL" polarity="POS" type="PROBLEM" />
<EVENT id="E66" start="2082" end="2115" text="a dominant right vertebral artery" modality="FACTUAL" polarity="POS" type="PROBLEM" />
<EVENT id="E67" start="2128" end="2134" text="mildly" modality="FACTUAL" polarity="POS" type="PROBLEM" />
<EVENT id="E68" start="2135" end="2147" text="reduced flow" modality="FACTUAL" polarity="POS" type="OCCURRENCE" />
<EVENT id="E69" start="2212" end="2220" text="the left" modality="FACTUAL" polarity="POS" type="PROBLEM" />
<EVENT id="E70" start="2250" end="2254" text="flow" modality="FACTUAL" polarity="POS" type="PROBLEM" />
<EVENT id="E71" start="2349" end="2361" text="Neurosurgery" modality="FACTUAL" polarity="POS" type="CLINICAL_DEPT" />
<EVENT id="E72" start="2362" end="2375" text="was consulted" modality="FACTUAL" polarity="POS" type="OCCURRENCE" />
<EVENT id="E73" start="2471" end="2490" text="cerebellar swelling" modality="FACTUAL" polarity="NEG" type="PROBLEM" />
<EVENT id="E74" start="2508" end="2522" text="no improvement" modality="FACTUAL" polarity="NEG" type="OCCURRENCE" />
<EVENT id="E75" start="2528" end="2542" text="decompensation" modality="FACTUAL" polarity="NEG" type="PROBLEM" />
<EVENT id="E76" start="2579" end="2593" text="conservatively" modality="FACTUAL" polarity="POS" type="TREATMENT" />
<EVENT id="E77" start="2599" end="2646" text="fluid restriction and blood pressure management" modality="FACTUAL" polarity="POS" type="TREATMENT" />
<EVENT id="E78" start="2649" end="2656" text="Heparin" modality="FACTUAL" polarity="POS" type="TREATMENT" />
<EVENT id="E79" start="2711" end="2721" text="hemorrhage" modality="FACTUAL" polarity="POS" type="PROBLEM" />
<EVENT id="E80" start="2724" end="2748" text="The aspiration pneumonia" modality="POSSIBLE" polarity="POS" type="PROBLEM" />
<EVENT id="E81" start="2766" end="2794" text="Cefotaxime and Metronidazole" modality="FACTUAL" polarity="POS" type="TREATMENT" />
<EVENT id="E82" start="2865" end="2874" text="DNR / DNI" modality="FACTUAL" polarity="POS" type="TREATMENT" />
<EVENT id="E83" start="2886" end="2904" text="the poor prognosis" modality="FACTUAL" polarity="POS" type="PROBLEM" />
<EVENT id="E84" start="2919" end="2925" text="passed" modality="FACTUAL" polarity="POS" type="OCCURRENCE" />
<EVENT id="E85" start="2926" end="2930" text="away" modality="FACTUAL" polarity="POS" type="OCCURRENCE" />
<TIMEX3 id="T1" start="18" end="18" text="06/09/1998" type="DATE" val="1998-06-09" mod="NA" />
<TIMEX3 id="T3" start="46" end="46" text="06/12/1998" type="DATE" val="1998-06-12" mod="NA" />
<TIMEX3 id="T4" start="104" end="106" text="82" type="DURATION" val="P82Y" mod="NA" />
<TIMEX3 id="T5" start="682" end="696" text="Around 4:00 AM" type="TIME" val="1998-06-12T04:00" mod="APPROX" />
<TIMEX3 id="T6" start="697" end="709" text="the next day" type="DATE" val="1998-06-13" mod="NA" />
<TIMEX3 id="T7" start="2934" end="2941" text="6:45 AM" type="TIME" val="1998-06-12T06:45" mod="NA" />
<TIMEX3 id="T8" start="2945" end="2959" text="June 12 , 1998" type="DATE" val="1998-06-12" mod="NA" />
</TAGS>
</ClinicalNarrativeTemporalAnnotation>
