<?xml version="1.0" encoding="UTF-8" ?>
<ClinicalNarrativeTemporalAnnotation>
<TEXT><![CDATA[
Admission Date :
2017-06-13
Discharge Date :
2017-06-17
Service :
CARDIOTHORACIC
History of Present Illness :
61 yo African-American-Hispanic male had abnormal EKG found as part of pre-op eval. for ventral hernia repair .
Had subsequent abnormal stress test and pefusion imaging showed EF 38% with perfusion defects .
Echo prior to scheduled cath showed mild LVH , inferior HK , EF 40% , mild MR , mild LAE .
Cath at Kindred/North Shore today showed 80% LM lesion with normal LAD , CX , RCA .
Severe systolic HTN also noted .
Transferred in urgently for cabg with Dr. Howard .
Brief Hospital Course:
Admitted directly to OR from ambulance transfer and underwent cabg x3 with Dr. Howard on 06-13 .
Transferred to the CSRU in stable condition on phenylephrine and propofol drips .
Extubated early the next morning and chest tubes removed .
Gentle diuresis and beta blockade started , and he was transferred to the floor to begin increasing his activity level .
Foley removed on POD #2 and had scattered rales with temp 101.2 .
Afebrile the next day and pacing wires removed without incident .
He made excellent progress and was discharged to home with VNA services on POD #4 .
He is to follow up with providers as per discharge instructions .
]]></TEXT>
<TAGS>
<EVENT id="E0" start="1" end="15" text="Admission Date" modality="FACTUAL" polarity="POS" type="OCCURRENCE" />
<EVENT id="E1" start="29" end="43" text="Discharge Date" modality="FACTUAL" polarity="POS" type="OCCURRENCE" />
<EVENT id="E2" start="152" end="164" text="abnormal EKG" modality="FACTUAL" polarity="POS" type="PROBLEM" />
<EVENT id="E3" start="199" end="220" text="ventral hernia repair" modality="FACTUAL" polarity="POS" type="TREATMENT" />
<EVENT id="E4" start="227" end="279" text="subsequent abnormal stress test and pefusion imaging" modality="FACTUAL" polarity="POS" type="PROBLEM" />
<EVENT id="E5" start="280" end="286" text="showed" modality="FACTUAL" polarity="POS" type="EVIDENTIAL" />
<EVENT id="E6" start="287" end="293" text="EF 38%" modality="FACTUAL" polarity="POS" type="TEST" />
<EVENT id="E7" start="319" end="323" text="Echo" modality="FACTUAL" polarity="POS" type="TEST" />
<EVENT id="E8" start="333" end="347" text="scheduled cath" modality="FACTUAL" polarity="POS" type="TEST" />
<EVENT id="E9" start="348" end="354" text="showed" modality="FACTUAL" polarity="POS" type="EVIDENTIAL" />
<EVENT id="E10" start="355" end="363" text="mild LVH" modality="FACTUAL" polarity="POS" type="PROBLEM" />
<EVENT id="E11" start="380" end="386" text="EF 40%" modality="FACTUAL" polarity="POS" type="TEST" />
<EVENT id="E12" start="399" end="407" text="mild LAE" modality="FACTUAL" polarity="POS" type="PROBLEM" />
<EVENT id="E13" start="410" end="414" text="Cath" modality="FACTUAL" polarity="POS" type="TEST" />
<EVENT id="E14" start="444" end="450" text="showed" modality="FACTUAL" polarity="POS" type="EVIDENTIAL" />
<EVENT id="E15" start="451" end="464" text="80% LM lesion" modality="FACTUAL" polarity="POS" type="PROBLEM" />
<EVENT id="E16" start="483" end="485" text="CX" modality="FACTUAL" polarity="POS" type="TEST" />
<EVENT id="E17" start="488" end="491" text="RCA" modality="FACTUAL" polarity="POS" type="TREATMENT" />
<EVENT id="E18" start="494" end="513" text="Severe systolic HTN" modality="FACTUAL" polarity="POS" type="PROBLEM" />
<EVENT id="E19" start="527" end="538" text="Transferred" modality="FACTUAL" polarity="POS" type="OCCURRENCE" />
<EVENT id="E20" start="555" end="559" text="cabg" modality="FACTUAL" polarity="POS" type="TREATMENT" />
<EVENT id="E21" start="601" end="609" text="Admitted" modality="FACTUAL" polarity="POS" type="OCCURRENCE" />
<EVENT id="E22" start="622" end="624" text="OR" modality="FACTUAL" polarity="POS" type="CLINICAL_DEPT" />
<EVENT id="E23" start="630" end="648" text="ambulance transfer" modality="FACTUAL" polarity="POS" type="OCCURRENCE" />
<EVENT id="E24" start="663" end="670" text="cabg x3" modality="FACTUAL" polarity="POS" type="TREATMENT" />
<EVENT id="E25" start="698" end="709" text="Transferred" modality="FACTUAL" polarity="POS" type="OCCURRENCE" />
<EVENT id="E26" start="713" end="721" text="the CSRU" modality="FACTUAL" polarity="POS" type="CLINICAL_DEPT" />
<EVENT id="E27" start="725" end="741" text="stable condition" modality="FACTUAL" polarity="POS" type="OCCURRENCE" />
<EVENT id="E28" start="745" end="777" text="phenylephrine and propofol drips" modality="FACTUAL" polarity="POS" type="TREATMENT" />
<EVENT id="E29" start="780" end="789" text="Extubated" modality="FACTUAL" polarity="POS" type="TREATMENT" />
<EVENT id="E30" start="796" end="828" text="the next morning and chest tubes" modality="FACTUAL" polarity="POS" type="TREATMENT" />
<EVENT id="E31" start="839" end="872" text="Gentle diuresis and beta blockade" modality="FACTUAL" polarity="POS" type="TREATMENT" />
<EVENT id="E32" start="890" end="905" text="was transferred" modality="FACTUAL" polarity="POS" type="OCCURRENCE" />
<EVENT id="E33" start="909" end="918" text="the floor" modality="FACTUAL" polarity="POS" type="CLINICAL_DEPT" />
<EVENT id="E34" start="939" end="957" text="his activity level" modality="FACTUAL" polarity="POS" type="OCCURRENCE" />
<EVENT id="E35" start="960" end="965" text="Foley" modality="FACTUAL" polarity="POS" type="TREATMENT" />
<EVENT id="E36" start="1002" end="1007" text="rales" modality="FACTUAL" polarity="POS" type="PROBLEM" />
<EVENT id="E37" start="1026" end="1034" text="Afebrile" modality="FACTUAL" polarity="POS" type="PROBLEM" />
<EVENT id="E38" start="1035" end="1064" text="the next day and pacing wires" modality="FACTUAL" polarity="POS" type="TREATMENT" />
<EVENT id="E39" start="1081" end="1089" text="incident" modality="FACTUAL" polarity="NEG" type="PROBLEM" />
<EVENT id="E40" start="1100" end="1118" text="excellent progress" modality="FACTUAL" polarity="POS" type="OCCURRENCE" />
<EVENT id="E41" start="1123" end="1137" text="was discharged" modality="FACTUAL" polarity="POS" type="OCCURRENCE" />
<EVENT id="E42" start="1151" end="1163" text="VNA services" modality="FACTUAL" polarity="POS" type="TREATMENT" />
<EVENT id="E43" start="1179" end="1191" text="is to follow" modality="FACTUAL" polarity="POS" type="OCCURRENCE" />
<TIMEX3 id="T1" start="18" end="18" text="2017-06-13" type="DATE" val="2017-06-13" mod="NA" />
<TIMEX3 id="T3" start="46" end="46" text="2017-06-17" type="DATE" val="2017-06-17" mod="NA" />
<TIMEX3 id="T4" start="438" end="443" text="today" type="DATE" val="2017-06-13" mod="NA" />
<TIMEX3 id="T5" start="800" end="812" text="next morning" type="TIME" val="2017-06-14TMO" mod="NA" />
<TIMEX3 id="T6" start="1035" end="1047" text="the next day" type="DATE" val="2017-06-14" mod="NA" />
<TIMEX3 id="T7" start="663" end="670" text="cabg x3" type="FREQUENCY" val="R3" mod="NA" />
<TIMEX3 id="T8" start="690" end="695" text="06-13" type="DATE" val="2017-06-13" mod="NA" />
<TIMEX3 id="T9" start="977" end="983" text="POD #2" type="DATE" val="2017-06-15" mod="NA" />
<TIMEX3 id="T10" start="1167" end="1173" text="POD #4" type="DATE" val="2017-06-17" mod="NA" />
</TAGS>
</ClinicalNarrativeTemporalAnnotation>
