<?xml version="1.0" encoding="UTF-8" ?>
<ClinicalNarrativeTemporalAnnotation>
<TEXT><![CDATA[
Admission Date :
2015-06-05
Discharge Date :
2015-06-10
Service :
Neonatology
HISTORY :
The patient is a 1,770 gram male infant born by stat cesarean section for fetal bradycardia at 30-6/7 weeks gestation to a 29-year-old gravida 3 , para 0 now 1 mother .
The pregnancy was unremarkable until 2015-06-01 when the mother presented to Shriner 's Hospital for Crippled Children for increased blood pressure and proteinuria .
She was transferred to Charles River Hospital and was treated with magnesium sulfate and betamethasone .
The morning of admission the mother developed vaginal bleeding and fetal bradycardia was noted .
Therefore , a stat cesarean section was performed .
The infant emerged limp and without spontaneous respiratory effort .
He was given bag mask ventilation with good response .
Apgar scores were 6 at one minute and 8 at five minutes .
PRENATAL SCREENS :
O+ , hepatitis B surface antigen negative ,
RPR nonreactive , rubella immune .
HOSPITAL COURSE :
1. Cardiovascular :
The patient remained cardiovascularly stable throughout the admission .
He was noted to have some apnea and bradycardic spells of prematurity and was therefore started on caffeine .
With the initiation of caffeine therapy the patient has had no more apnea or bradycardic events .
2. Respiratory :
The patient was initially started on nasal prong CPAP at 6 and required additional oxygen to 35% .
However by 24 hours he transitioned to low-flow nasal cannula and on day of life five transitioned to room air where he currently remains .
3. Fluids , electrolytes and nutrition :
The patient was initially maintained on intravenous fluids only and when his respiratory distress resolved he was transitioned to enteral feeds .
The morning of transfer his IV came out so he has just been advanced to 120 cc per kg per day of PE-20 and his tolerating these PG feedings without difficulty .
Last set of electrolytes on 06-08 , DOL3 :
Na 145 , K 4.3 , Cl 110 , tCO2 25 .
Discharge Wt 1645 gms .
4. Hematology :
His admission complete blood count was notable for a white count of 11.8 , 25 polys and no bands .
Hematocrit was 45 , platelet count 270 .
He developed physiologic hyperbilirubinemia ( peak bili 8.6/0.3 on 06-08 , DOL3 ) for which he was treated with a single phototherapy .
His most recent bilirubin was 6.6 on day of life six , the day of discharge , and his phototherapy was discontinued. He will need a rebound bilirubin level in am .
5. Infectious disease :
Blood culture was sent but he was never started on antibiotics .
The blood culture remained sterile .
He was noted to have an erythematous perianal rash and for this was started on Nystatin powder .
The parents were updated throughout the admission and a family meeting was held on 2015-06-09 .
6. Sensory :
The patient has not had an CMED examination or hearing test .
]]></TEXT>
<TAGS>
<EVENT id="E0" start="1" end="15" text="Admission Date" modality="FACTUAL" polarity="POS" type="OCCURRENCE" />
<EVENT id="E1" start="29" end="43" text="Discharge Date" modality="FACTUAL" polarity="POS" type="OCCURRENCE" />
<EVENT id="E2" start="129" end="133" text="born" modality="FACTUAL" polarity="POS" type="OCCURRENCE" />
<EVENT id="E3" start="137" end="158" text="stat cesarean section" modality="FACTUAL" polarity="POS" type="TREATMENT" />
<EVENT id="E4" start="163" end="180" text="fetal bradycardia" modality="FACTUAL" polarity="POS" type="PROBLEM" />
<EVENT id="E5" start="184" end="206" text="30-6/7 weeks gestation" modality="FACTUAL" polarity="POS" type="OCCURRENCE" />
<EVENT id="E6" start="258" end="271" text="The pregnancy" modality="FACTUAL" polarity="POS" type="OCCURRENCE" />
<EVENT id="E7" start="322" end="331" text="presented" modality="FACTUAL" polarity="POS" type="OCCURRENCE" />
<EVENT id="E8" start="343" end="354" text="'s Hospital" modality="FACTUAL" polarity="POS" type="CLINICAL_DEPT" />
<EVENT id="E9" start="359" end="376" text="Crippled Children" modality="FACTUAL" polarity="POS" type="PROBLEM" />
<EVENT id="E10" start="381" end="421" text="increased blood pressure and proteinuria" modality="FACTUAL" polarity="POS" type="PROBLEM" />
<EVENT id="E11" start="428" end="443" text="was transferred" modality="FACTUAL" polarity="POS" type="OCCURRENCE" />
<EVENT id="E12" start="447" end="469" text="Charles River Hospital" modality="FACTUAL" polarity="POS" type="CLINICAL_DEPT" />
<EVENT id="E13" start="491" end="500" text="magnesium" modality="FACTUAL" polarity="POS" type="TREATMENT" />
<EVENT id="E14" start="501" end="508" text="sulfate" modality="FACTUAL" polarity="POS" type="TREATMENT" />
<EVENT id="E15" start="509" end="526" text="and betamethasone" modality="FACTUAL" polarity="POS" type="TREATMENT" />
<EVENT id="E16" start="544" end="553" text="admission" modality="FACTUAL" polarity="POS" type="OCCURRENCE" />
<EVENT id="E17" start="575" end="591" text="vaginal bleeding" modality="FACTUAL" polarity="POS" type="PROBLEM" />
<EVENT id="E18" start="596" end="613" text="fetal bradycardia" modality="FACTUAL" polarity="POS" type="PROBLEM" />
<EVENT id="E19" start="638" end="661" text="a stat cesarean section" modality="FACTUAL" polarity="POS" type="TREATMENT" />
<EVENT id="E20" start="689" end="696" text="emerged" modality="FACTUAL" polarity="POS" type="OCCURRENCE" />
<EVENT id="E21" start="697" end="701" text="limp" modality="FACTUAL" polarity="POS" type="PROBLEM" />
<EVENT id="E22" start="714" end="744" text="spontaneous respiratory effort" modality="FACTUAL" polarity="NEG" type="PROBLEM" />
<EVENT id="E23" start="760" end="780" text="bag mask ventilation" modality="FACTUAL" polarity="POS" type="TREATMENT" />
<EVENT id="E24" start="786" end="799" text="good response" modality="FACTUAL" polarity="POS" type="OCCURRENCE" />
<EVENT id="E25" start="802" end="814" text="Apgar scores" modality="FACTUAL" polarity="POS" type="TEST" />
<EVENT id="E26" start="860" end="876" text="PRENATAL SCREENS" modality="FACTUAL" polarity="POS" type="TEST" />
<EVENT id="E27" start="884" end="911" text="hepatitis B surface antigen" modality="FACTUAL" polarity="POS" type="TEST" />
<EVENT id="E28" start="923" end="938" text="RPR nonreactive" modality="FACTUAL" polarity="POS" type="TEST" />
<EVENT id="E29" start="941" end="948" text="rubella" modality="FACTUAL" polarity="POS" type="PROBLEM" />
<EVENT id="E30" start="949" end="955" text="immune" modality="FACTUAL" polarity="POS" type="TEST" />
<EVENT id="E31" start="1034" end="1040" text="stable" modality="FACTUAL" polarity="POS" type="OCCURRENCE" />
<EVENT id="E32" start="1052" end="1065" text="the admission" modality="FACTUAL" polarity="POS" type="OCCURRENCE" />
<EVENT id="E33" start="1089" end="1122" text="some apnea and bradycardic spells" modality="FACTUAL" polarity="POS" type="PROBLEM" />
<EVENT id="E34" start="1126" end="1137" text="prematurity" modality="FACTUAL" polarity="POS" type="PROBLEM" />
<EVENT id="E35" start="1167" end="1175" text="caffeine" modality="FACTUAL" polarity="POS" type="TREATMENT" />
<EVENT id="E36" start="1201" end="1217" text="caffeine therapy" modality="FACTUAL" polarity="POS" type="TREATMENT" />
<EVENT id="E37" start="1238" end="1273" text="no more apnea or bradycardic events" modality="FACTUAL" polarity="POS" type="PROBLEM" />
<EVENT id="E38" start="1330" end="1335" text="nasal" modality="FACTUAL" polarity="POS" type="PROBLEM" />
<EVENT id="E39" start="1342" end="1346" text="CPAP" modality="FACTUAL" polarity="POS" type="TREATMENT" />
<EVENT id="E40" start="1365" end="1382" text="additional oxygen" modality="FACTUAL" polarity="POS" type="TREATMENT" />
<EVENT id="E41" start="1415" end="1427" text="transitioned" modality="FACTUAL" polarity="POS" type="OCCURRENCE" />
<EVENT id="E42" start="1431" end="1453" text="low-flow nasal cannula" modality="FACTUAL" polarity="POS" type="TREATMENT" />
<EVENT id="E43" start="1478" end="1490" text="transitioned" modality="FACTUAL" polarity="POS" type="OCCURRENCE" />
<EVENT id="E44" start="1613" end="1631" text="intravenous fluids" modality="FACTUAL" polarity="POS" type="TREATMENT" />
<EVENT id="E45" start="1646" end="1670" text="his respiratory distress" modality="FACTUAL" polarity="POS" type="PROBLEM" />
<EVENT id="E46" start="1683" end="1699" text="was transitioned" modality="FACTUAL" polarity="NEG" type="OCCURRENCE" />
<EVENT id="E47" start="1703" end="1716" text="enteral feeds" modality="FACTUAL" polarity="NEG" type="TREATMENT" />
<EVENT id="E48" start="1734" end="1742" text="transfer" modality="FACTUAL" polarity="POS" type="OCCURRENCE" />
<EVENT id="E49" start="1743" end="1749" text="his IV" modality="FACTUAL" polarity="POS" type="TREATMENT" />
<EVENT id="E50" start="1826" end="1840" text="his tolerating" modality="FACTUAL" polarity="POS" type="OCCURRENCE" />
<EVENT id="E51" start="1841" end="1858" text="these PG feedings" modality="FACTUAL" polarity="POS" type="TREATMENT" />
<EVENT id="E52" start="1867" end="1877" text="difficulty" modality="FACTUAL" polarity="NEG" type="PROBLEM" />
<EVENT id="E53" start="1892" end="1904" text="electrolytes" modality="FACTUAL" polarity="POS" type="TEST" />
<EVENT id="E54" start="1999" end="2033" text="His admission complete blood count" modality="FACTUAL" polarity="POS" type="TEST" />
<EVENT id="E55" start="2050" end="2063" text="a white count" modality="FACTUAL" polarity="POS" type="TEST" />
<EVENT id="E56" start="2074" end="2082" text="25 polys" modality="FACTUAL" polarity="POS" type="TEST" />
<EVENT id="E57" start="2087" end="2095" text="no bands" modality="FACTUAL" polarity="POS" type="TEST" />
<EVENT id="E58" start="2098" end="2108" text="Hematocrit" modality="FACTUAL" polarity="POS" type="TEST" />
<EVENT id="E59" start="2118" end="2136" text="platelet count 270" modality="FACTUAL" polarity="POS" type="TEST" />
<EVENT id="E60" start="2152" end="2182" text="physiologic hyperbilirubinemia" modality="FACTUAL" polarity="POS" type="PROBLEM" />
<EVENT id="E61" start="2251" end="2272" text="a single phototherapy" modality="FACTUAL" polarity="POS" type="TREATMENT" />
<EVENT id="E62" start="2275" end="2300" text="His most recent bilirubin" modality="FACTUAL" polarity="POS" type="TEST" />
<EVENT id="E63" start="2341" end="2350" text="discharge" modality="FACTUAL" polarity="POS" type="OCCURRENCE" />
<EVENT id="E64" start="2357" end="2373" text="his phototherapy" modality="FACTUAL" polarity="POS" type="TREATMENT" />
<EVENT id="E65" start="2405" end="2430" text="a rebound bilirubin level" modality="FACTUAL" polarity="POS" type="TEST" />
<EVENT id="E66" start="2463" end="2476" text="Blood culture" modality="FACTUAL" polarity="POS" type="TEST" />
<EVENT id="E67" start="2514" end="2525" text="antibiotics" modality="FACTUAL" polarity="POS" type="TREATMENT" />
<EVENT id="E68" start="2528" end="2545" text="The blood culture" modality="FACTUAL" polarity="POS" type="TEST" />
<EVENT id="E69" start="2586" end="2615" text="an erythematous perianal rash" modality="FACTUAL" polarity="POS" type="PROBLEM" />
<EVENT id="E70" start="2674" end="2686" text="were updated" modality="FACTUAL" polarity="POS" type="OCCURRENCE" />
<EVENT id="E71" start="2698" end="2711" text="the admission" modality="FACTUAL" polarity="POS" type="OCCURRENCE" />
<EVENT id="E72" start="2716" end="2732" text="a family meeting" modality="FACTUAL" polarity="POS" type="OCCURRENCE" />
<EVENT id="E73" start="2795" end="2830" text="an CMED examination or hearing test" modality="FACTUAL" polarity="NEG" type="CLINICAL_DEPT" />
<TIMEX3 id="T1" start="18" end="18" text="2015-06-05" type="DATE" val="2015-06-05" mod="NA" />
<TIMEX3 id="T3" start="46" end="46" text="2015-06-10" type="DATE" val="2015-06-10" mod="NA" />
<TIMEX3 id="T4" start="184" end="196" text="30-6/7 weeks" type="DURATION" val="P7W" mod="NA" />
<TIMEX3 id="T5" start="295" end="305" text="2015-06-01" type="DATE" val="2015-06-01" mod="NA" />
<TIMEX3 id="T6" start="825" end="835" text="one minute" type="DURATION" val="PT1M" mod="NA" />
<TIMEX3 id="T7" start="845" end="857" text="five minutes" type="DURATION" val="PT5M" mod="NA" />
<TIMEX3 id="T8" start="1403" end="1411" text="24 hours" type="DURATION" val="P1D" mod="NA" />
<TIMEX3 id="T9" start="1972" end="1976" text="1645" type="DATE" val="1645" mod="NA" />
<TIMEX3 id="T10" start="2284" end="2290" text="recent" type="DATE" val="PAST_REF" mod="NA" />
<TIMEX3 id="T11" start="2745" end="2755" text="2015-06-09" type="DATE" val="2015-06-09" mod="NA" />
<TIMEX3 id="T12" start="1908" end="1913" text="06-08" type="DATE" val="2015-06-08" mod="NA" />
<TIMEX3 id="T13" start="2206" end="2211" text="06-08" type="DATE" val="2015-06-08" mod="NA" />
</TAGS>
</ClinicalNarrativeTemporalAnnotation>
