<?xml version="1.0" encoding="UTF-8" ?>
<ClinicalNarrativeTemporalAnnotation>
<TEXT><![CDATA[
Admission Date :
07/03/1999
Discharge Date :
EHC9
HISTORY OF PRESENT ILLNESS :
The patient is a 71-year-old police chief who presents with painless jaundice x1 day .
The patient was generally in excellent health with a past medical history significant only for noninsulin dependent diabetes mellitus who was presented with painless jaundice x2 days .
He also noted a 23 pound weight loss in the past 11 months despite having an increased appetite .
The patient also complained of fatigue and &quot; feeling down &quot; .
His wife noted personality changes with increased irritability .
Patient denies night sweats in the past month .
The patient denies melena , hematochezia , nausea , and abdominal pain .
The patient states that he is occasionally constipated .
Also denies tenesmus .
On the day prior to admission , the patient &apos;s family noted that &quot; he looked yellow &quot; and presented to the Lorough Medical Center &apos;s Emergency Department this after noon .
HOSPITAL COURSE :
The patient presented to the Emergency Department with a complaint of painless jaundice , weight loss , and fatigue .
Abdominal CT while in the Emergency Department revealed likely primary colorectal adenocarcinoma with multiple liver metastases .
Hematocrit was 24 in the Emergency Department .
The patient received two units of packed red blood cells and the hematocrit rose to 30 the following day .
The patient was seen by both Gastroenterology and Oncology .
Biopsy was taken at colonoscopy on 7/5/99 .
Head CT was done with final results pending on discharge .
The patient was to follow-up with the Petersly Hospital And Medical Center as an outpatient for further treatment .
The patient is discharged to home .
His condition is stable and he was discharged with the following medications :
Iron 300 mg p.o. t.i.d. , Glucotrol , Acel 10 mg p.o. q.d. , and Bactrim SS 1 tablet p.o. b.i.d.
]]></TEXT>
<TAGS>
<EVENT id="E0" start="1" end="15" text="Admission Date" modality="FACTUAL" polarity="POS" type="OCCURRENCE" />
<EVENT id="E1" start="29" end="43" text="Discharge Date" modality="FACTUAL" polarity="POS" type="OCCURRENCE" />
<EVENT id="E2" start="126" end="134" text="presents" modality="FACTUAL" polarity="POS" type="OCCURRENCE" />
<EVENT id="E3" start="196" end="212" text="excellent health" modality="FACTUAL" polarity="POS" type="OCCURRENCE" />
<EVENT id="E4" start="262" end="300" text="noninsulin dependent diabetes mellitus" modality="FACTUAL" polarity="POS" type="PROBLEM" />
<EVENT id="E5" start="305" end="318" text="was presented" modality="FACTUAL" polarity="POS" type="OCCURRENCE" />
<EVENT id="E6" start="366" end="388" text="a 23 pound weight loss" modality="FACTUAL" polarity="POS" type="PROBLEM" />
<EVENT id="E7" start="426" end="447" text="an increased appetite" modality="FACTUAL" polarity="POS" type="PROBLEM" />
<EVENT id="E8" start="467" end="477" text="complained" modality="FACTUAL" polarity="POS" type="EVIDENTIAL" />
<EVENT id="E9" start="481" end="507" text="fatigue and  feeling" modality="FACTUAL" polarity="POS" type="PROBLEM" />
<EVENT id="E10" start="537" end="556" text="personality changes" modality="FACTUAL" polarity="POS" type="PROBLEM" />
<EVENT id="E11" start="562" end="584" text="increased irritability" modality="FACTUAL" polarity="POS" type="PROBLEM" />
<EVENT id="E12" start="595" end="601" text="denies" modality="FACTUAL" polarity="POS" type="EVIDENTIAL" />
<EVENT id="E13" start="608" end="614" text="sweats" modality="FACTUAL" polarity="NEG" type="PROBLEM" />
<EVENT id="E14" start="647" end="653" text="denies" modality="FACTUAL" polarity="POS" type="EVIDENTIAL" />
<EVENT id="E15" start="654" end="660" text="melena" modality="FACTUAL" polarity="NEG" type="PROBLEM" />
<EVENT id="E16" start="663" end="675" text="hematochezia" modality="FACTUAL" polarity="NEG" type="PROBLEM" />
<EVENT id="E17" start="678" end="684" text="nausea" modality="FACTUAL" polarity="NEG" type="PROBLEM" />
<EVENT id="E18" start="691" end="705" text="abdominal pain" modality="FACTUAL" polarity="NEG" type="PROBLEM" />
<EVENT id="E19" start="708" end="726" text="The patient states" modality="FACTUAL" polarity="POS" type="EVIDENTIAL" />
<EVENT id="E20" start="735" end="762" text="is occasionally constipated" modality="FACTUAL" polarity="POS" type="PROBLEM" />
<EVENT id="E21" start="770" end="776" text="denies" modality="FACTUAL" polarity="POS" type="EVIDENTIAL" />
<EVENT id="E22" start="777" end="785" text="tenesmus" modality="FACTUAL" polarity="NEG" type="PROBLEM" />
<EVENT id="E23" start="808" end="817" text="admission" modality="FACTUAL" polarity="POS" type="OCCURRENCE" />
<EVENT id="E24" start="875" end="888" text="yellow " modality="FACTUAL" polarity="POS" type="PROBLEM" />
<EVENT id="E25" start="893" end="902" text="presented" modality="FACTUAL" polarity="POS" type="OCCURRENCE" />
<EVENT id="E26" start="906" end="961" text="the Lorough Medical Center s Emergency Department" modality="FACTUAL" polarity="POS" type="CLINICAL_DEPT" />
<EVENT id="E27" start="1010" end="1019" text="presented" modality="FACTUAL" polarity="POS" type="OCCURRENCE" />
<EVENT id="E28" start="1023" end="1047" text="the Emergency Department" modality="FACTUAL" polarity="POS" type="CLINICAL_DEPT" />
<EVENT id="E29" start="1053" end="1064" text="a complaint" modality="FACTUAL" polarity="POS" type="PROBLEM" />
<EVENT id="E30" start="1088" end="1099" text="weight loss" modality="FACTUAL" polarity="POS" type="PROBLEM" />
<EVENT id="E31" start="1106" end="1113" text="fatigue" modality="FACTUAL" polarity="POS" type="PROBLEM" />
<EVENT id="E32" start="1116" end="1128" text="Abdominal CT" modality="FACTUAL" polarity="POS" type="TEST" />
<EVENT id="E33" start="1138" end="1162" text="the Emergency Department" modality="FACTUAL" polarity="POS" type="CLINICAL_DEPT" />
<EVENT id="E34" start="1163" end="1171" text="revealed" modality="FACTUAL" polarity="POS" type="EVIDENTIAL" />
<EVENT id="E35" start="1198" end="1212" text="adenocarcinoma" modality="FACTUAL" polarity="POS" type="PROBLEM" />
<EVENT id="E36" start="1218" end="1243" text="multiple liver metastases" modality="FACTUAL" polarity="POS" type="PROBLEM" />
<EVENT id="E37" start="1246" end="1256" text="Hematocrit" modality="FACTUAL" polarity="POS" type="TEST" />
<EVENT id="E38" start="1267" end="1291" text="the Emergency Department" modality="FACTUAL" polarity="POS" type="CLINICAL_DEPT" />
<EVENT id="E39" start="1328" end="1350" text="packed red blood cells" modality="FACTUAL" polarity="POS" type="TREATMENT" />
<EVENT id="E40" start="1355" end="1369" text="the hematocrit" modality="FACTUAL" polarity="POS" type="TEST" />
<EVENT id="E41" start="1370" end="1374" text="rose" modality="FACTUAL" polarity="POS" type="OCCURRENCE" />
<EVENT id="E42" start="1462" end="1468" text="Biopsy" modality="FACTUAL" polarity="POS" type="TEST" />
<EVENT id="E43" start="1482" end="1493" text="colonoscopy" modality="FACTUAL" polarity="POS" type="TEST" />
<EVENT id="E44" start="1506" end="1513" text="Head CT" modality="FACTUAL" polarity="POS" type="TEST" />
<EVENT id="E45" start="1528" end="1541" text="final results" modality="FACTUAL" polarity="POS" type="TEST" />
<EVENT id="E46" start="1553" end="1562" text="discharge" modality="FACTUAL" polarity="POS" type="OCCURRENCE" />
<EVENT id="E47" start="1584" end="1593" text="follow-up" modality="FACTUAL" polarity="POS" type="OCCURRENCE" />
<EVENT id="E48" start="1599" end="1639" text="the Petersly Hospital And Medical Center" modality="FACTUAL" polarity="POS" type="CLINICAL_DEPT" />
<EVENT id="E49" start="1661" end="1678" text="further treatment" modality="FACTUAL" polarity="POS" type="TREATMENT" />
<EVENT id="E50" start="1693" end="1706" text="is discharged" modality="FACTUAL" polarity="POS" type="OCCURRENCE" />
<EVENT id="E51" start="1717" end="1730" text="His condition" modality="FACTUAL" polarity="POS" type="PROBLEM" />
<EVENT id="E52" start="1734" end="1740" text="stable" modality="FACTUAL" polarity="POS" type="OCCURRENCE" />
<EVENT id="E53" start="1748" end="1762" text="was discharged" modality="FACTUAL" polarity="POS" type="OCCURRENCE" />
<EVENT id="E54" start="1768" end="1793" text="the following medications" modality="FACTUAL" polarity="POS" type="TREATMENT" />
<EVENT id="E55" start="1796" end="1819" text="Iron 300 mg p.o. t.i.d." modality="FACTUAL" polarity="POS" type="TREATMENT" />
<EVENT id="E56" start="1822" end="1831" text="Glucotrol" modality="FACTUAL" polarity="POS" type="TREATMENT" />
<EVENT id="E57" start="1834" end="1854" text="Acel 10 mg p.o. q.d." modality="FACTUAL" polarity="POS" type="TREATMENT" />
<EVENT id="E58" start="1861" end="1892" text="Bactrim SS 1 tablet p.o. b.i.d." modality="FACTUAL" polarity="POS" type="TREATMENT" />
<TIMEX3 id="T1" start="18" end="18" text="07/03/1999" type="DATE" val="1999-07-03" mod="NA" />
<TIMEX3 id="T4" start="392" end="410" text="the past 11 months" type="DURATION" val="P11M" mod="NA" />
<TIMEX3 id="T5" start="618" end="632" text="the past month" type="DATE" val="1999-06" mod="NA" />
<TIMEX3 id="T6" start="1381" end="1398" text="the following day" type="DATE" val="3333-33-33" mod="APPROX" />
<TIMEX3 id="T7" start="1497" end="1503" text="7/5/99" type="DATE" val="1899-07-05" mod="NA" />
<TIMEX3 id="T8" start="140" end="164" text="painless jaundice x1 day" type="FREQUENCY" val="R1" mod="NA" />
<TIMEX3 id="T9" start="324" end="349" text="painless jaundice x2 days" type="FREQUENCY" val="R2" mod="NA" />
<TIMEX3 id="T10" start="1796" end="1819" text="Iron 300 mg p.o. t.i.d." type="FREQUENCY" val="RPT8H" mod="NA" />
<TIMEX3 id="T11" start="1834" end="1854" text="Acel 10 mg p.o. q.d." type="FREQUENCY" val="RPT24H" mod="NA" />
<TIMEX3 id="T12" start="1861" end="1892" text="Bactrim SS 1 tablet p.o. b.i.d." type="FREQUENCY" val="RPT12H" mod="NA" />
</TAGS>
</ClinicalNarrativeTemporalAnnotation>
