<?xml version="1.0" encoding="UTF-8" ?>
<ClinicalNarrativeTemporalAnnotation>
<TEXT><![CDATA[
Admission Date :
2012-04-20
Discharge Date :
2012-05-01
Service :
Medicine
HISTORY OF PRESENT ILLNESS :
This is a 59 year old male with a past medical history significant for an atrioseptal defect repair at age 18 , congestive heart failure with an ejection fraction of 45% and a recent cardiac myocardial infarction , pulmonary hypertension and mitral regurgitation , and atrial fibrillation .
He was seen by his primary care physician the day before admission and complained of two weeks of increasing shortness of breath and fatigue , weight gain and abdominal fullness .
He was sent to the Emergency Department for further evaluation .
The patient reported feeling at his baseline with chronic mild dyspnea on exertion until two weeks prior to admission .
During this period he had also been weaned off of his Digoxin starting early in February .
Over the two weeks prior to admission he had noticed an increasing heart rate from his baseline in the 60s to a heart rate in the 120s .
He had also some increased shortness of breath and a 10 pound weight gain and new three to four pillow orthopnea with a dry cough .
He denied fevers , chills , nausea or vomiting , chest pain or diaphoresis .
HOSPITAL COURSE :
1. Hypotension - The patient was initially mildly hypotensive with systolic blood pressures in the 80s .
Upon admission it was unclear whether or not the patient was volume overloaded or volume depleted .
Initially he was treated with intravenous fluids with a dramatic response in his systolic blood pressure .
However , subsequent it was determined that the patient 's hypotension may have been related to his rapid ventricular response and right heart failure .
Therefore the focus of treatment was changed to controlling his rate .
2. Atrial fibrillation - The patient 's Digoxin had been weaned off prior to his admission .
It was felt that this potentially had lead to his atrial flutter and atrial fibrillation with rapid ventricular response .
The patient was loaded once again with Digoxin and his beta blocker was increased to 100 mg of Lopressor , three times a day .
In addition the patient was started on Verapamil since his heart rate had remained mildly tachycardiac in the low 100s .
3. Congestive heart failure - During the initial course of the patient 's admission , it was unclear as to whether or not he was volume overloaded or volume depleted .
The patient was initially treated with intravenous fluids , however , subsequently he was diuresed when he became symptomatic and short of breath .
Chest x-rays revealed evidence of congestive heart failure .
The decision was made to have the patient undergo a cardiac catheterization to fully evaluate the hemodynamics to determine the etiology of the patient 's heart failure .
In addition , plans were made to evaluate the patient 's cardiac arteries to determine if he had any component of ischemic cardiomyopathy .
4. Abnormal liver function tests - The patient had an isolated , elevated alkaline phosphatase with a confirmatory elevation in his gamma glutamyl transferase .
An ultrasound of the right upper quadrant did not reveal any cholelithiasis or cholecystitis , however , an irregular hepatic contour was seen which is suggestive of underlying chronic liver disease .
There was some concern that the patient may have a partial biliary obstruction and the patient was sent for an magnetic resonance cholangiopancreatography to further evaluate the biliary system .
Magnetic resonance cholangiopancreatography did not reveal any evidence of biliary dilatation or of any obstructing pancreatic mass .
Again seen was a slightly irregular contour of the liver with dilated hepatic veins suggesting chronic hepatic vascular congestion .
The patient also revealed a prior history of heavy alcohol use for approximately 20 years , during the mid 1950s to mid 1970s .
It was felt that he may have had some component of vascular congestion from his congestive heart failure as well as possibly some mild cirrhotic changes secondary to his previous alcohol use .
5. Fall - The patient had a mechanical fall during his admission .
He did not sleep at all the night before and was extremely fatigued .
He was walking in the hall , dragging his intravenous pole when he tripped over the foot of the pole and lost his balance .
He fell backwards , landing on his buttocks and bumped his head .
His neurological examination at that time was nonfocal and the head was atraumatic without any evidence of a hematoma .
A computerized axial tomography scan of his head at that time did not reveal any extra or intracranial hemorrhage .
6. Rectal bleeding - The patient has a history of rectal bleeding , ever since his brachytherapy for his prostate cancer .
The patient has been treated with Argon laser therapy in the past for his rectal bleeding and it is recommended that he follow up with his gastroenterologist for repeat Argon laser therapy .
]]></TEXT>
<TAGS>
<EVENT id="E0" start="1" end="15" text="Admission Date" modality="FACTUAL" polarity="POS" type="OCCURRENCE" />
<EVENT id="E1" start="29" end="43" text="Discharge Date" modality="FACTUAL" polarity="POS" type="OCCURRENCE" />
<EVENT id="E2" start="176" end="204" text="an atrioseptal defect repair" modality="FACTUAL" polarity="POS" type="TREATMENT" />
<EVENT id="E3" start="217" end="241" text="congestive heart failure" modality="FACTUAL" polarity="POS" type="PROBLEM" />
<EVENT id="E4" start="247" end="267" text="an ejection fraction" modality="FACTUAL" polarity="POS" type="TEST" />
<EVENT id="E5" start="279" end="317" text="a recent cardiac myocardial infarction" modality="FACTUAL" polarity="POS" type="OCCURRENCE" />
<EVENT id="E6" start="320" end="367" text="pulmonary hypertension and mitral regurgitation" modality="FACTUAL" polarity="POS" type="PROBLEM" />
<EVENT id="E7" start="374" end="393" text="atrial fibrillation" modality="FACTUAL" polarity="POS" type="PROBLEM" />
<EVENT id="E8" start="453" end="462" text="admission" modality="FACTUAL" polarity="POS" type="OCCURRENCE" />
<EVENT id="E9" start="467" end="477" text="complained" modality="FACTUAL" polarity="POS" type="EVIDENTIAL" />
<EVENT id="E10" start="494" end="504" text="increasing" modality="FACTUAL" polarity="POS" type="PROBLEM" />
<EVENT id="E11" start="505" end="514" text="shortness" modality="FACTUAL" polarity="POS" type="PROBLEM" />
<EVENT id="E12" start="518" end="573" text="breath and fatigue , weight gain and abdominal fullness" modality="FACTUAL" polarity="POS" type="PROBLEM" />
<EVENT id="E13" start="591" end="615" text="the Emergency Department" modality="FACTUAL" polarity="POS" type="CLINICAL_DEPT" />
<EVENT id="E14" start="620" end="638" text="further evaluation" modality="FACTUAL" polarity="POS" type="TEST" />
<EVENT id="E15" start="653" end="669" text="reported feeling" modality="FACTUAL" polarity="POS" type="EVIDENTIAL" />
<EVENT id="E16" start="691" end="711" text="chronic mild dyspnea" modality="FACTUAL" polarity="POS" type="PROBLEM" />
<EVENT id="E17" start="749" end="758" text="admission" modality="FACTUAL" polarity="POS" type="OCCURRENCE" />
<EVENT id="E18" start="783" end="803" text="had also been weaned" modality="FACTUAL" polarity="POS" type="OCCURRENCE" />
<EVENT id="E19" start="811" end="822" text="his Digoxin" modality="FACTUAL" polarity="POS" type="TREATMENT" />
<EVENT id="E20" start="880" end="889" text="admission" modality="FACTUAL" polarity="POS" type="OCCURRENCE" />
<EVENT id="E21" start="905" end="929" text="an increasing heart rate" modality="FACTUAL" polarity="POS" type="TEST" />
<EVENT id="E22" start="962" end="974" text="a heart rate" modality="FACTUAL" polarity="POS" type="TEST" />
<EVENT id="E23" start="1001" end="1025" text="some increased shortness" modality="FACTUAL" polarity="POS" type="PROBLEM" />
<EVENT id="E24" start="1029" end="1035" text="breath" modality="FACTUAL" polarity="POS" type="PROBLEM" />
<EVENT id="E25" start="1040" end="1062" text="a 10 pound weight gain" modality="FACTUAL" polarity="POS" type="PROBLEM" />
<EVENT id="E26" start="1107" end="1118" text="a dry cough" modality="FACTUAL" polarity="POS" type="PROBLEM" />
<EVENT id="E27" start="1124" end="1130" text="denied" modality="FACTUAL" polarity="POS" type="EVIDENTIAL" />
<EVENT id="E28" start="1131" end="1137" text="fevers" modality="FACTUAL" polarity="NEG" type="PROBLEM" />
<EVENT id="E29" start="1140" end="1146" text="chills" modality="FACTUAL" polarity="NEG" type="PROBLEM" />
<EVENT id="E30" start="1149" end="1195" text="nausea or vomiting , chest pain or diaphoresis" modality="FACTUAL" polarity="NEG" type="PROBLEM" />
<EVENT id="E31" start="1216" end="1230" text="1. Hypotension" modality="FACTUAL" polarity="POS" type="PROBLEM" />
<EVENT id="E32" start="1259" end="1277" text="mildly hypotensive" modality="FACTUAL" polarity="POS" type="PROBLEM" />
<EVENT id="E33" start="1283" end="1307" text="systolic blood pressures" modality="FACTUAL" polarity="POS" type="TEST" />
<EVENT id="E34" start="1326" end="1335" text="admission" modality="FACTUAL" polarity="POS" type="OCCURRENCE" />
<EVENT id="E35" start="1382" end="1409" text="volume overloaded or volume" modality="FACTUAL" polarity="NEG" type="PROBLEM" />
<EVENT id="E36" start="1410" end="1418" text="depleted" modality="FACTUAL" polarity="NEG" type="PROBLEM" />
<EVENT id="E37" start="1451" end="1469" text="intravenous fluids" modality="FACTUAL" polarity="POS" type="TREATMENT" />
<EVENT id="E38" start="1475" end="1494" text="a dramatic response" modality="FACTUAL" polarity="POS" type="OCCURRENCE" />
<EVENT id="E39" start="1498" end="1525" text="his systolic blood pressure" modality="FACTUAL" polarity="POS" type="TEST" />
<EVENT id="E40" start="1584" end="1598" text="'s hypotension" modality="FACTUAL" polarity="POS" type="PROBLEM" />
<EVENT id="E41" start="1624" end="1654" text="his rapid ventricular response" modality="FACTUAL" polarity="POS" type="PROBLEM" />
<EVENT id="E42" start="1665" end="1678" text="heart failure" modality="FACTUAL" polarity="POS" type="PROBLEM" />
<EVENT id="E43" start="1704" end="1713" text="treatment" modality="FACTUAL" polarity="POS" type="TREATMENT" />
<EVENT id="E44" start="1729" end="1740" text="controlling" modality="FACTUAL" polarity="POS" type="OCCURRENCE" />
<EVENT id="E45" start="1752" end="1774" text="2. Atrial fibrillation" modality="FACTUAL" polarity="POS" type="PROBLEM" />
<EVENT id="E46" start="1789" end="1799" text="'s Digoxin" modality="FACTUAL" polarity="POS" type="TREATMENT" />
<EVENT id="E47" start="1800" end="1815" text="had been weaned" modality="FACTUAL" polarity="POS" type="OCCURRENCE" />
<EVENT id="E48" start="1829" end="1842" text="his admission" modality="FACTUAL" polarity="POS" type="OCCURRENCE" />
<EVENT id="E49" start="1891" end="1933" text="his atrial flutter and atrial fibrillation" modality="FACTUAL" polarity="POS" type="PROBLEM" />
<EVENT id="E50" start="1939" end="1965" text="rapid ventricular response" modality="FACTUAL" polarity="POS" type="PROBLEM" />
<EVENT id="E51" start="2007" end="2014" text="Digoxin" modality="FACTUAL" polarity="POS" type="TREATMENT" />
<EVENT id="E52" start="2019" end="2035" text="his beta blocker" modality="FACTUAL" polarity="POS" type="TREATMENT" />
<EVENT id="E53" start="2063" end="2072" text="Lopressor" modality="FACTUAL" polarity="POS" type="TREATMENT" />
<EVENT id="E54" start="2134" end="2143" text="Verapamil" modality="FACTUAL" polarity="POS" type="TREATMENT" />
<EVENT id="E55" start="2150" end="2164" text="his heart rate" modality="FACTUAL" polarity="POS" type="TEST" />
<EVENT id="E56" start="2178" end="2197" text="mildly tachycardiac" modality="FACTUAL" polarity="POS" type="PROBLEM" />
<EVENT id="E57" start="2201" end="2213" text="the low 100s" modality="FACTUAL" polarity="POS" type="PROBLEM" />
<EVENT id="E58" start="2216" end="2243" text="3. Congestive heart failure" modality="FACTUAL" polarity="POS" type="PROBLEM" />
<EVENT id="E59" start="2287" end="2299" text="'s admission" modality="FACTUAL" polarity="POS" type="OCCURRENCE" />
<EVENT id="E60" start="2345" end="2351" text="volume" modality="FACTUAL" polarity="NEG" type="PROBLEM" />
<EVENT id="E61" start="2352" end="2362" text="overloaded" modality="FACTUAL" polarity="NEG" type="PROBLEM" />
<EVENT id="E62" start="2366" end="2372" text="volume" modality="FACTUAL" polarity="NEG" type="PROBLEM" />
<EVENT id="E63" start="2373" end="2381" text="depleted" modality="FACTUAL" polarity="NEG" type="PROBLEM" />
<EVENT id="E64" start="2423" end="2441" text="intravenous fluids" modality="FACTUAL" polarity="POS" type="TREATMENT" />
<EVENT id="E65" start="2470" end="2482" text="was diuresed" modality="FACTUAL" polarity="POS" type="TREATMENT" />
<EVENT id="E66" start="2498" end="2509" text="symptomatic" modality="FACTUAL" polarity="POS" type="PROBLEM" />
<EVENT id="E67" start="2514" end="2519" text="short" modality="FACTUAL" polarity="POS" type="PROBLEM" />
<EVENT id="E68" start="2523" end="2529" text="breath" modality="FACTUAL" polarity="POS" type="PROBLEM" />
<EVENT id="E69" start="2532" end="2562" text="Chest x-rays revealed evidence" modality="FACTUAL" polarity="POS" type="EVIDENTIAL" />
<EVENT id="E70" start="2566" end="2590" text="congestive heart failure" modality="FACTUAL" polarity="POS" type="PROBLEM" />
<EVENT id="E71" start="2643" end="2668" text="a cardiac catheterization" modality="FACTUAL" polarity="POS" type="TEST" />
<EVENT id="E72" start="2745" end="2761" text="'s heart failure" modality="FACTUAL" polarity="POS" type="PROBLEM" />
<EVENT id="E73" start="2818" end="2837" text="'s cardiac arteries" modality="FACTUAL" polarity="POS" type="OCCURRENCE" />
<EVENT id="E74" start="2878" end="2901" text="ischemic cardiomyopathy" modality="FACTUAL" polarity="POS" type="PROBLEM" />
<EVENT id="E75" start="2904" end="2930" text="4. Abnormal liver function" modality="FACTUAL" polarity="POS" type="PROBLEM" />
<EVENT id="E76" start="2931" end="2936" text="tests" modality="FACTUAL" polarity="POS" type="TEST" />
<EVENT id="E77" start="2969" end="2977" text="elevated" modality="FACTUAL" polarity="POS" type="PROBLEM" />
<EVENT id="E78" start="2978" end="2998" text="alkaline phosphatase" modality="FACTUAL" polarity="POS" type="TEST" />
<EVENT id="E79" start="3004" end="3028" text="a confirmatory elevation" modality="FACTUAL" polarity="POS" type="PROBLEM" />
<EVENT id="E80" start="3032" end="3062" text="his gamma glutamyl transferase" modality="FACTUAL" polarity="POS" type="TEST" />
<EVENT id="E81" start="3065" end="3078" text="An ultrasound" modality="FACTUAL" polarity="POS" type="TEST" />
<EVENT id="E82" start="3082" end="3106" text="the right upper quadrant" modality="FACTUAL" polarity="POS" type="PROBLEM" />
<EVENT id="E83" start="3107" end="3121" text="did not reveal" modality="FACTUAL" polarity="POS" type="EVIDENTIAL" />
<EVENT id="E84" start="3122" end="3157" text="any cholelithiasis or cholecystitis" modality="FACTUAL" polarity="NEG" type="PROBLEM" />
<EVENT id="E85" start="3231" end="3241" text="underlying" modality="FACTUAL" polarity="POS" type="PROBLEM" />
<EVENT id="E86" start="3242" end="3263" text="chronic liver disease" modality="FACTUAL" polarity="POS" type="PROBLEM" />
<EVENT id="E87" start="3315" end="3344" text="a partial biliary obstruction" modality="FACTUAL" polarity="POS" type="PROBLEM" />
<EVENT id="E88" start="3374" end="3420" text="an magnetic resonance cholangiopancreatography" modality="FACTUAL" polarity="POS" type="TEST" />
<EVENT id="E89" start="3424" end="3440" text="further evaluate" modality="FACTUAL" polarity="POS" type="TEST" />
<EVENT id="E90" start="3462" end="3505" text="Magnetic resonance cholangiopancreatography" modality="FACTUAL" polarity="POS" type="TEST" />
<EVENT id="E91" start="3506" end="3520" text="did not reveal" modality="FACTUAL" polarity="POS" type="EVIDENTIAL" />
<EVENT id="E92" start="3537" end="3555" text="biliary dilatation" modality="FACTUAL" polarity="NEG" type="TREATMENT" />
<EVENT id="E93" start="3556" end="3558" text="or" modality="FACTUAL" polarity="NEG" type="CLINICAL_DEPT" />
<EVENT id="E94" start="3562" end="3593" text="any obstructing pancreatic mass" modality="FACTUAL" polarity="NEG" type="PROBLEM" />
<EVENT id="E95" start="3596" end="3606" text="Again seen" modality="FACTUAL" polarity="POS" type="CLINICAL_DEPT" />
<EVENT id="E96" start="3611" end="3639" text="a slightly irregular contour" modality="FACTUAL" polarity="POS" type="PROBLEM" />
<EVENT id="E97" start="3643" end="3652" text="the liver" modality="FACTUAL" polarity="POS" type="PROBLEM" />
<EVENT id="E98" start="3658" end="3679" text="dilated hepatic veins" modality="FACTUAL" polarity="POS" type="PROBLEM" />
<EVENT id="E99" start="3691" end="3726" text="chronic hepatic vascular congestion" modality="FACTUAL" polarity="POS" type="PROBLEM" />
<EVENT id="E100" start="3746" end="3754" text="revealed" modality="FACTUAL" polarity="POS" type="EVIDENTIAL" />
<EVENT id="E101" start="3828" end="3835" text="the mid" modality="FACTUAL" polarity="POS" type="PROBLEM" />
<EVENT id="E102" start="3908" end="3927" text="vascular congestion" modality="FACTUAL" polarity="POS" type="PROBLEM" />
<EVENT id="E103" start="3933" end="3961" text="his congestive heart failure" modality="FACTUAL" polarity="POS" type="PROBLEM" />
<EVENT id="E104" start="3962" end="3969" text="as well" modality="FACTUAL" polarity="POS" type="OCCURRENCE" />
<EVENT id="E105" start="3973" end="4009" text="possibly some mild cirrhotic changes" modality="FACTUAL" polarity="POS" type="PROBLEM" />
<EVENT id="E106" start="4023" end="4047" text="his previous alcohol use" modality="FACTUAL" polarity="POS" type="PROBLEM" />
<EVENT id="E107" start="4050" end="4057" text="5. Fall" modality="FACTUAL" polarity="POS" type="PROBLEM" />
<EVENT id="E108" start="4076" end="4093" text="a mechanical fall" modality="FACTUAL" polarity="POS" type="OCCURRENCE" />
<EVENT id="E109" start="4101" end="4114" text="his admission" modality="FACTUAL" polarity="POS" type="OCCURRENCE" />
<EVENT id="E110" start="4166" end="4184" text="extremely fatigued" modality="FACTUAL" polarity="NEG" type="PROBLEM" />
<EVENT id="E111" start="4190" end="4201" text="was walking" modality="FACTUAL" polarity="POS" type="OCCURRENCE" />
<EVENT id="E112" start="4216" end="4224" text="dragging" modality="FACTUAL" polarity="POS" type="PROBLEM" />
<EVENT id="E113" start="4254" end="4261" text="tripped" modality="FACTUAL" polarity="POS" type="OCCURRENCE" />
<EVENT id="E114" start="4292" end="4296" text="lost" modality="FACTUAL" polarity="POS" type="PROBLEM" />
<EVENT id="E115" start="4297" end="4308" text="his balance" modality="FACTUAL" polarity="POS" type="PROBLEM" />
<EVENT id="E116" start="4319" end="4328" text="backwards" modality="FACTUAL" polarity="POS" type="PROBLEM" />
<EVENT id="E117" start="4342" end="4354" text="his buttocks" modality="FACTUAL" polarity="POS" type="PROBLEM" />
<EVENT id="E118" start="4359" end="4365" text="bumped" modality="FACTUAL" polarity="POS" type="OCCURRENCE" />
<EVENT id="E119" start="4366" end="4374" text="his head" modality="FACTUAL" polarity="POS" type="TEST" />
<EVENT id="E120" start="4377" end="4405" text="His neurological examination" modality="FACTUAL" polarity="POS" type="TEST" />
<EVENT id="E121" start="4436" end="4444" text="the head" modality="FACTUAL" polarity="POS" type="TEST" />
<EVENT id="E122" start="4484" end="4494" text="a hematoma" modality="FACTUAL" polarity="NEG" type="PROBLEM" />
<EVENT id="E123" start="4497" end="4528" text="A computerized axial tomography" modality="FACTUAL" polarity="POS" type="TEST" />
<EVENT id="E124" start="4529" end="4533" text="scan" modality="FACTUAL" polarity="POS" type="TEST" />
<EVENT id="E125" start="4537" end="4545" text="his head" modality="FACTUAL" polarity="POS" type="TEST" />
<EVENT id="E126" start="4559" end="4573" text="did not reveal" modality="FACTUAL" polarity="POS" type="EVIDENTIAL" />
<EVENT id="E127" start="4574" end="4610" text="any extra or intracranial hemorrhage" modality="FACTUAL" polarity="NEG" type="PROBLEM" />
<EVENT id="E128" start="4613" end="4631" text="6. Rectal bleeding" modality="FACTUAL" polarity="POS" type="PROBLEM" />
<EVENT id="E129" start="4663" end="4678" text="rectal bleeding" modality="FACTUAL" polarity="POS" type="PROBLEM" />
<EVENT id="E130" start="4692" end="4709" text="his brachytherapy" modality="FACTUAL" polarity="POS" type="TREATMENT" />
<EVENT id="E131" start="4714" end="4733" text="his prostate cancer" modality="FACTUAL" polarity="POS" type="PROBLEM" />
<EVENT id="E132" start="4748" end="4764" text="has been treated" modality="FACTUAL" polarity="POS" type="TREATMENT" />
<EVENT id="E133" start="4770" end="4789" text="Argon laser therapy" modality="FACTUAL" polarity="POS" type="TREATMENT" />
<EVENT id="E134" start="4806" end="4825" text="his rectal bleeding" modality="FACTUAL" polarity="POS" type="PROBLEM" />
<EVENT id="E135" start="4856" end="4862" text="follow" modality="FACTUAL" polarity="POS" type="OCCURRENCE" />
<EVENT id="E136" start="4898" end="4924" text="repeat Argon laser therapy" modality="FACTUAL" polarity="POS" type="TREATMENT" />
<TIMEX3 id="T1" start="18" end="18" text="2012-04-20" type="DATE" val="2012-04-20" mod="NA" />
<TIMEX3 id="T3" start="46" end="46" text="2012-05-01" type="DATE" val="2012-05-01" mod="NA" />
<TIMEX3 id="T4" start="281" end="287" text="recent" type="DATE" val="PAST_REF" mod="NA" />
<TIMEX3 id="T5" start="481" end="490" text="two weeks" type="DURATION" val="P2W" mod="NA" />
<TIMEX3 id="T6" start="730" end="739" text="two weeks" type="DURATION" val="P2W" mod="NA" />
<TIMEX3 id="T7" start="841" end="849" text="February" type="DATE" val="2012-02" mod="NA" />
<TIMEX3 id="T8" start="861" end="870" text="two weeks" type="DURATION" val="P2W" mod="NA" />
<TIMEX3 id="T9" start="951" end="958" text="the 60s" type="DATE" val="1963" mod="APPROX" />
<TIMEX3 id="T10" start="1311" end="1318" text="the 80s" type="DATE" val="1983" mod="APPROX" />
<TIMEX3 id="T11" start="2075" end="2092" text="three times a day" type="FREQUENCY" val="P1D" mod="NA" />
<TIMEX3 id="T12" start="3796" end="3818" text="approximately 20 years" type="DURATION" val="P20Y" mod="APPROX" />
<TIMEX3 id="T13" start="3828" end="3841" text="the mid 1950s" type="DATE" val="1953" mod="APPROX" />
<TIMEX3 id="T14" start="3845" end="3854" text="mid 1970s" type="DATE" val="1973" mod="APPROX" />
<TIMEX3 id="T15" start="4053" end="4057" text="Fall" type="DATE" val="2012-FA" mod="NA" />
<TIMEX3 id="T16" start="4089" end="4093" text="fall" type="DATE" val="2012-FA" mod="NA" />
</TAGS>
</ClinicalNarrativeTemporalAnnotation>
