<?xml version="1.0" encoding="UTF-8" ?>
<ClinicalNarrativeTemporalAnnotation>
<TEXT><![CDATA[
Admission Date :
2016-12-24
Discharge Date :
2016-12-27
HISTORY OF PRESENT ILLNESS :
The patient is an 80 year old female with breast cancer , status post lumpectomy / radiation therapy / Tamoxifen ( 2000 ) , hypertension , hyperlipidemia , multiple urinary tract infections who presents with a four day prodrome of dry cough , rhinorrhea , coryza , malaise , chills , headache , decreased p.o. intake , loose bowel movements with diarrhea and no blood , decreased urine output , no sick contacts , had flu shot this year .
In the Emergency Department , she had labile blood pressure with systolic blood pressure in the 80 s .  
Her usual is systolic blood pressure in the 120 s , this was despite two liters of intravenous fluids and she was transferred to the Medical Intensive Care Unit for closer monitoring for possible early sepsis .
The Intensive Care Unit course was notable for initially receiving broad spectrum antibiotics as well as a white blood cell count of 11.0 with 15 bands .
She was ultimately changed to Levaquin for a possible early pneumonia pending cultures .
The Intensive Care Unit course was also notable for negative chest x-ray , two units of packed red blood cells for a hematocrit of 24.0 with appropriate bump in her hematocrit and no evidence of bleeding , stable blood pressure despite a net fluid balance of negative 2.5 liters .
No central access was needed .
The sepsis protocol was aborted .
Also of note , her liver function tests had been normal .
Random cortisol was 17 and her DFA was positive for influenzae A with a viral culture pending at the time of discharge .
Blood and urine cultures were no growth at the time of discharge as well .
She also had a right lower extremity noninvasive ultrasound that was negative for deep venous thrombosis .
HOSPITAL COURSE :
This is an 80 year old female with a history of Stage I breast cancer , hypertension , hyperlipidemia , who presents with a leukocytosis/bandemia , hypotension in the setting of dehydration and influenza .
After a short Medical Intensive Care Unit course where she remained hemodynamically stable , she was transferred to the floor .

]]></TEXT>
<TAGS>
<EVENT id="E0" start="1" end="10" text="Admission" modality="OCCURRENCE" polarity="POS" type="OCCURRENCE" />
<EVENT id="E34" start="1025" end="1033" text="Levaquin" modality="TREATMENT" polarity="POS" type="TREATMENT" />
<EVENT id="E35" start="1049" end="1064" text="early pneumonia" modality="PROBLEM" polarity="POS" type="PROBLEM" />
<EVENT id="E36" start="1073" end="1081" text="cultures" modality="PROBLEM" polarity="POS" type="TEST" />
<EVENT id="E37" start="1084" end="1107" text="The Intensive Care Unit" modality="CLINICAL_DEPT" polarity="POS" type="CLINICAL_DEPT" />
<EVENT id="E38" start="1136" end="1156" text="negative chest x-ray" modality="TEST" polarity="POS" type="TEST" />
<EVENT id="E39" start="1172" end="1194" text="packed red blood cells" modality="TREATMENT" polarity="POS" type="TREATMENT" />
<EVENT id="E40" start="1199" end="1211" text="a hematocrit" modality="TEST" polarity="POS" type="TEST" />
<EVENT id="E41" start="1225" end="1259" text="appropriate bump in her hematocrit" modality="PROBLEM" polarity="POS" type="PROBLEM" />
<EVENT id="E2" start="128" end="141" text="breast cancer" modality="PROBLEM" polarity="POS" type="PROBLEM" />
<EVENT id="E42" start="1279" end="1287" text="bleeding" modality="PROBLEM" polarity="NEG" type="PROBLEM" />
<EVENT id="E43" start="1290" end="1311" text="stable blood pressure" modality="TEST" polarity="POS" type="TEST" />
<EVENT id="E44" start="1320" end="1339" text="a net fluid balance" modality="FACTUAL" polarity="POS" type="TEST" />
<EVENT id="E45" start="1368" end="1382" text="central access" modality="FACTUAL" polarity="NEG" type="PROBLEM" />
<EVENT id="E46" start="1396" end="1415" text="The sepsis protocol" modality="TREATMENT" polarity="POS" type="TREATMENT" />
<EVENT id="E47" start="1445" end="1469" text="her liver function tests" modality="TEST" polarity="POS" type="TEST" />
<EVENT id="E48" start="1488" end="1503" text="Random cortisol" modality="TEST" polarity="POS" type="TEST" />
<EVENT id="E49" start="1515" end="1522" text="her DFA" modality="TEST" polarity="POS" type="TEST" />
<EVENT id="E50" start="1540" end="1552" text="influenzae A" modality="PROBLEM" polarity="POS" type="PROBLEM" />
<EVENT id="E3" start="156" end="166" text="lumpectomy" modality="TREATMENT" polarity="POS" type="TREATMENT" />
<EVENT id="E51" start="1558" end="1573" text="a viral culture" modality="TEST" polarity="POS" type="PROBLEM" />
<EVENT id="E52" start="1597" end="1606" text="discharge" modality="OCCURRENCE" polarity="POS" type="OCCURRENCE" />
<EVENT id="E53" start="1619" end="1633" text="urine cultures" modality="TEST" polarity="POS" type="TEST" />
<EVENT id="E54" start="1642" end="1648" text="growth" modality="PROBLEM" polarity="NEG" type="PROBLEM" />
<EVENT id="E55" start="1664" end="1673" text="discharge" modality="OCCURRENCE" polarity="POS" type="OCCURRENCE" />
<EVENT id="E4" start="169" end="186" text="radiation therapy" modality="TREATMENT" polarity="POS" type="TREATMENT" />
<EVENT id="E56" start="1697" end="1743" text="a right lower extremity noninvasive ultrasound" modality="TEST" polarity="POS" type="PROBLEM" />
<EVENT id="E57" start="1766" end="1788" text="deep venous thrombosis" modality="PROBLEM" polarity="NEG" type="PROBLEM" />
<EVENT id="E58" start="1857" end="1878" text="Stage I breast cancer" modality="PROBLEM" polarity="POS" type="PROBLEM" />
<EVENT id="E59" start="1881" end="1893" text="hypertension" modality="PROBLEM" polarity="POS" type="PROBLEM" />
<EVENT id="E60" start="1896" end="1910" text="hyperlipidemia" modality="PROBLEM" polarity="POS" type="PROBLEM" />
<EVENT id="E61" start="1917" end="1925" text="presents" modality="OCCURRENCE" polarity="POS" type="OCCURRENCE" />
<EVENT id="E62" start="1931" end="1954" text="a leukocytosis/bandemia" modality="PROBLEM" polarity="POS" type="PROBLEM" />
<EVENT id="E63" start="1957" end="1968" text="hypotension" modality="PROBLEM" polarity="POS" type="PROBLEM" />
<EVENT id="E64" start="1987" end="1998" text="dehydration" modality="PROBLEM" polarity="POS" type="PROBLEM" />
<EVENT id="E65" start="2003" end="2012" text="influenza" modality="PROBLEM" polarity="POS" type="PROBLEM" />
<EVENT id="E66" start="2021" end="2063" text="a short Medical Intensive Care Unit course" modality="OCCURRENCE" polarity="POS" type="TREATMENT" />
<EVENT id="E67" start="2074" end="2105" text="remained hemodynamically stable" modality="OCCURRENCE" polarity="POS" type="OCCURRENCE" />
<EVENT id="E5" start="210" end="222" text="hypertension" modality="PROBLEM" polarity="POS" type="PROBLEM" />
<EVENT id="E68" start="2116" end="2127" text="transferred" modality="OCCURRENCE" polarity="POS" type="OCCURRENCE" />
<EVENT id="E69" start="2131" end="2140" text="the floor" modality="CLINICAL_DEPT" polarity="POS" type="CLINICAL_DEPT" />
<EVENT id="E6" start="225" end="239" text="hyperlipidemia" modality="PROBLEM" polarity="POS" type="PROBLEM" />
<EVENT id="E7" start="242" end="275" text="multiple urinary tract infections" modality="PROBLEM" polarity="POS" type="PROBLEM" />
<EVENT id="E8" start="280" end="288" text="presents" modality="OCCURRENCE" polarity="POS" type="OCCURRENCE" />
<EVENT id="E1" start="29" end="38" text="Discharge" modality="OCCURRENCE" polarity="POS" type="OCCURRENCE" />
<EVENT id="E9" start="317" end="326" text="dry cough" modality="PROBLEM" polarity="POS" type="PROBLEM" />
<EVENT id="E10" start="329" end="339" text="rhinorrhea" modality="PROBLEM" polarity="POS" type="PROBLEM" />
<EVENT id="E11" start="342" end="348" text="coryza" modality="PROBLEM" polarity="NEG" type="PROBLEM" />
<EVENT id="E12" start="351" end="358" text="malaise" modality="PROBLEM" polarity="POS" type="PROBLEM" />
<EVENT id="E13" start="361" end="367" text="chills" modality="PROBLEM" polarity="NEG" type="PROBLEM" />
<EVENT id="E14" start="370" end="378" text="headache" modality="PROBLEM" polarity="POS" type="PROBLEM" />
<EVENT id="E15" start="381" end="402" text="decreased p.o. intake" modality="PROBLEM" polarity="POS" type="PROBLEM" />
<EVENT id="E16" start="405" end="426" text="loose bowel movements" modality="PROBLEM" polarity="POS" type="PROBLEM" />
<EVENT id="E17" start="432" end="440" text="diarrhea" modality="PROBLEM" polarity="POS" type="PROBLEM" />
<EVENT id="E18" start="448" end="453" text="blood" modality="PROBLEM" polarity="NEG" type="PROBLEM" />
<EVENT id="E19" start="456" end="478" text="decreased urine output" modality="PROBLEM" polarity="POS" type="PROBLEM" />
<EVENT id="E20" start="484" end="497" text="sick contacts" modality="PROBLEM" polarity="NEG" type="PROBLEM" />
<EVENT id="E21" start="528" end="552" text="the Emergency Department" modality="CLINICAL_DEPT" polarity="POS" type="CLINICAL_DEPT" />
<EVENT id="E22" start="563" end="584" text="labile blood pressure" modality="TEST" polarity="POS" type="PROBLEM" />
<EVENT id="E23" start="590" end="613" text="systolic blood pressure" modality="TEST" polarity="POS" type="TEST" />
<EVENT id="E24" start="630" end="666" text="Her usual is systolic blood pressure" modality="TEST" polarity="POS" type="TEST" />
<EVENT id="E25" start="713" end="731" text="intravenous fluids" modality="TREATMENT" polarity="POS" type="TREATMENT" />
<EVENT id="E26" start="744" end="755" text="transferred" modality="OCCURRENCE" polarity="POS" type="OCCURRENCE" />
<EVENT id="E27" start="759" end="790" text="the Medical Intensive Care Unit" modality="CLINICAL_DEPT" polarity="POS" type="CLINICAL_DEPT" />
<EVENT id="E28" start="802" end="812" text="monitoring" modality="TEST" polarity="POS" type="TEST" />
<EVENT id="E29" start="832" end="838" text="sepsis" modality="PROBLEM" polarity="POS" type="PROBLEM" />
<EVENT id="E30" start="841" end="864" text="The Intensive Care Unit" modality="CLINICAL_DEPT" polarity="POS" type="CLINICAL_DEPT" />
<EVENT id="E31" start="908" end="934" text="broad spectrum antibiotics" modality="TREATMENT" polarity="POS" type="TREATMENT" />
<EVENT id="E32" start="946" end="970" text="a white blood cell count" modality="TEST" polarity="POS" type="TEST" />
<EVENT id="E33" start="984" end="992" text="15 bands" modality="FACTUAL" polarity="POS" type="TREATMENT" />
<TIMEX3 id="T5" start="1585" end="1593" text="the time" type="DATE" val="2016-12-27" mod="NA" />
<TIMEX3 id="T6" start="1652" end="1660" text="the time" type="DATE" val="2016-12-27" mod="NA" />
<TIMEX3 id="T0" start="18" end="28" text="2016-12-24" type="DATE" val="2016-12-24" mod="NA" />
<TIMEX3 id="T2" start="201" end="205" text="2000" type="DATE" val="2000" mod="NA" />
<TIMEX3 id="T3" start="296" end="313" text="four day prodrome" type="DURATION" val="P4D" mod="NA" />
<TIMEX3 id="T1" start="46" end="56" text="2016-12-27" type="DATE" val="2016-12-27" mod="NA" />
<TIMEX3 id="T4" start="513" end="522" text="this year" type="DATE" val="this year" mod="NA" />
<SECTIME id="S0" start="18" end="28" text="2016-12-24" type="ADMISSION" dvalue="2016-12-24" />
<SECTIME id="S1" start="46" end="56" text="2016-12-27" type="DISCHARGE" dvalue="2016-12-27" />
</TAGS>
</ClinicalNarrativeTemporalAnnotation>
