<?xml version="1.0" encoding="UTF-8" ?>
<ClinicalNarrativeTemporalAnnotation>
<TEXT><![CDATA[
ADMISSION DATE :
10-27-93
DISCHARGE DATE :
11-1-93
HISTORY OF PRESENT ILLNESS :
This 68 year old white male who had a seven to eight year history of knee pain .
In 1984 , he had the right knee aspirated and was noted to have some uric acid crystals , although serum uric acid was normal and erythrocyte sedimentation rate .
He continued to have intermittent symptoms and was noted to have some fullness in the suprapatellar pouch .
Plain films taken by his orthopedist in Mongcana Ster Staarv revealed some soft tissue calcification within the medial and lateral compartments of the joint .
an magnetic resonance imaging study demonstrated calcification densities in the suprapatellar bursa region , also with hypertrophia of the synovium .
It was felt that the patient had synovial chondromatosis and would benefit from an open synovectomy and debridement .
He was admitted for that procedure .
HOSPITAL COURSE :
He underwent right knee open synovectomy and debridement of synovial chondromatosis on 10-28-93 .
Postoperatively , he has done well .
He is mobilized with the help of physical therapy , on a continuous passive motion machine .
His discharge range of motion is from zero to 40 degrees .
He was on pain medication and he was also on Percocet , but now he can manage without the Percocet .
He is on Coumadin which is to be continued for six weeks .
]]></TEXT>
<TAGS>
<EVENT id="E0" start="1" end="10" text="ADMISSION" modality="OCCURRENCE" polarity="POS" type="OCCURRENCE" />
<EVENT id="E28" start="1043" end="1047" text="well" modality="OCCURRENCE" polarity="POS" type="OCCURRENCE" />
<EVENT id="E29" start="1083" end="1099" text="physical therapy" modality="CLINICAL_DEPT" polarity="POS" type="CLINICAL_DEPT" />
<EVENT id="E30" start="1105" end="1140" text="a continuous passive motion machine" modality="TREATMENT" polarity="POS" type="TREATMENT" />
<EVENT id="E31" start="1143" end="1172" text="His discharge range of motion" modality="PROBLEM" polarity="POS" type="TEST" />
<EVENT id="E32" start="1212" end="1227" text="pain medication" modality="TREATMENT" polarity="POS" type="TREATMENT" />
<EVENT id="E33" start="1247" end="1255" text="Percocet" modality="TREATMENT" polarity="POS" type="TREATMENT" />
<EVENT id="E34" start="1288" end="1300" text="the Percocet" modality="TREATMENT" polarity="POS" type="TREATMENT" />
<EVENT id="E35" start="1312" end="1320" text="Coumadin" modality="TREATMENT" polarity="POS" type="TREATMENT" />
<EVENT id="E2" start="150" end="159" text="knee pain" modality="PROBLEM" polarity="POS" type="PROBLEM" />
<EVENT id="E3" start="179" end="203" text="the right knee aspirated" modality="PROBLEM" polarity="POS" type="PROBLEM" />
<EVENT id="E4" start="212" end="217" text="noted" modality="EVIDENTIAL" polarity="POS" type="EVIDENTIAL" />
<EVENT id="E5" start="226" end="249" text="some uric acid crystals" modality="PROBLEM" polarity="POS" type="PROBLEM" />
<EVENT id="E1" start="27" end="36" text="DISCHARGE" modality="OCCURRENCE" polarity="POS" type="OCCURRENCE" />
<EVENT id="E6" start="261" end="276" text="serum uric acid" modality="FACTUAL" polarity="POS" type="PROBLEM" />
<EVENT id="E7" start="292" end="322" text="erythrocyte sedimentation rate" modality="TEST" polarity="POS" type="PROBLEM" />
<EVENT id="E8" start="346" end="367" text="intermittent symptoms" modality="PROBLEM" polarity="POS" type="PROBLEM" />
<EVENT id="E9" start="376" end="381" text="noted" modality="EVIDENTIAL" polarity="POS" type="EVIDENTIAL" />
<EVENT id="E10" start="390" end="403" text="some fullness" modality="PROBLEM" polarity="POS" type="PROBLEM" />
<EVENT id="E11" start="433" end="444" text="Plain films" modality="PROBLEM" polarity="POS" type="TEST" />
<EVENT id="E12" start="473" end="493" text="Mongcana Ster Staarv" modality="CLINICAL_DEPT" polarity="POS" type="CLINICAL_DEPT" />
<EVENT id="E13" start="494" end="502" text="revealed" modality="EVIDENTIAL" polarity="POS" type="EVIDENTIAL" />
<EVENT id="E14" start="503" end="533" text="some soft tissue calcification" modality="PROBLEM" polarity="POS" type="PROBLEM" />
<EVENT id="E15" start="592" end="627" text="an magnetic resonance imaging study" modality="TEST" polarity="POS" type="TEST" />
<EVENT id="E16" start="628" end="640" text="demonstrated" modality="EVIDENTIAL" polarity="POS" type="EVIDENTIAL" />
<EVENT id="E17" start="641" end="664" text="calcification densities" modality="PROBLEM" polarity="POS" type="PROBLEM" />
<EVENT id="E18" start="668" end="698" text="the suprapatellar bursa region" modality="PROBLEM" polarity="POS" type="PROBLEM" />
<EVENT id="E19" start="711" end="739" text="hypertrophia of the synovium" modality="PROBLEM" polarity="POS" type="PROBLEM" />
<EVENT id="E20" start="775" end="798" text="synovial chondromatosis" modality="PROBLEM" polarity="POS" type="PROBLEM" />
<EVENT id="E21" start="822" end="841" text="an open synovectomy" modality="TREATMENT" polarity="POS" type="PROBLEM" />
<EVENT id="E22" start="846" end="857" text="debridement" modality="TREATMENT" polarity="POS" type="TREATMENT" />
<EVENT id="E23" start="867" end="875" text="admitted" modality="OCCURRENCE" polarity="POS" type="OCCURRENCE" />
<EVENT id="E24" start="880" end="894" text="that procedure" modality="TREATMENT" polarity="POS" type="TREATMENT" />
<EVENT id="E25" start="928" end="955" text="right knee open synovectomy" modality="TREATMENT" polarity="POS" type="TREATMENT" />
<EVENT id="E26" start="960" end="971" text="debridement" modality="TREATMENT" polarity="POS" type="TREATMENT" />
<EVENT id="E27" start="975" end="998" text="synovial chondromatosis" modality="TREATMENT" polarity="POS" type="PROBLEM" />
<TIMEX3 id="T4" start="1002" end="1010" text="10-28-93" type="DATE" val="1993-10-28" mod="NA" />
<TIMEX3 id="T2" start="128" end="138" text="eight year" type="DURATION" val="P8Y" mod="NA" />
<TIMEX3 id="T5" start="1350" end="1359" text="six weeks" type="DURATION" val="P6W" mod="NA" />
<TIMEX3 id="T3" start="165" end="169" text="1984" type="DATE" val="1984" mod="NA" />
<TIMEX3 id="T0" start="18" end="26" text="10-27-93" type="DATE" val="1993-10-27" mod="NA" />
<TIMEX3 id="T1" start="44" end="51" text="11-1-93" type="DATE" val="1993-11-01" mod="NA" />
<SECTIME id="S0" start="18" end="26" text="10-27-93" type="ADMISSION" dvalue="1993-10-27" />
<SECTIME id="S1" start="44" end="51" text="11-1-93" type="DISCHARGE" dvalue="1993-11-01" />
</TAGS>
</ClinicalNarrativeTemporalAnnotation>
