<?xml version="1.0" encoding="UTF-8" ?>
<ClinicalNarrativeTemporalAnnotation>
<TEXT><![CDATA[
ADMISSION DATE :
11-03-93
DISCHARGE DATE :
11-06-93
HISTORY OF PRESENT ILLNESS :
This 68-year-old patient of Dr. Naka Jesc had two episodes of rheumatic fever as a teenager .
She has had chronic atrial fibrillation .
Coumadin has caused bleeding from the mouth and nose on two occasions , on one occasion with prothrombin time 13 , and has been replaced by anti-platelet agents .
She has had recurrent syncope since age 6 .
She has now had progressive heart failure .
A Holter showed atrial fibrillation with period of ventricular bigemini .
She cut down dramatically on smoking two years ago , but has continued to smoke , although , very recently , she admits to only &quot; two puffs &quot; per day .
She has not had hypertension or diabetes , and says he has lowered her cholesterol from 333 to 197 by changing her diet .
There is no family history of heart disease .
She has been treated with Vanceril for chronic obstructive pulmonary disease .
She has had one gram per day proteinuria with normal creatinine .
She had a partial gastrectomy in 1972 for a &quot; tumor &quot; .
She has had an appendectomy and cholecystectomy .
MEDICATIONS ON ADMISSION :
Digoxin 0.125 mg po q.d. , Lasix 40 mg b.i.d. , aspirin held , and Vanceril three puffs b.i.d.
ALLERGIES :
Transdermal nitroglycerin caused headache .
SOCIAL HISTORY :
She does not drink .
HOSPITAL COURSE :
Cardiac catheterization was performed without complication from the right neck and right groin on the day of admission .
Right atrial pressure was 12 with a wave form consistent with tricuspid regurgitation .
There was no tricuspid valve gradient .
Pulmonary artery pressure was markedly elevated at 120/60 .
Pulmonary capillary wedge pressure was markedly elevated at 38 , with a very large mitral valve gradient .
There was little or no aortic valve gradient .
Fich cardiac output was 3.0 and indexed 2.0 .
Arterial oxygen saturation was 85 percent .
There was minimal mitral valve calcification , normal left ventricular contraction , and 2+ mitral regurgitation into a large left atrium .
There was minimal aortic valve calcification , mild ______________ thickening , normal open , and mild aortic regurgitation .
There was mild atherosclerosis of the mid left anterior descending .
FVC was 1.6 or 58 percent of predicted and FEV1 0.95 or 45 percent of predicted .
Room air arterial blood gas was 56/40/7.45 .
Because it would be ideal to place a mechanical valve if valve replacement rather that commissurotomy is needed , she was seen by Dr. Ca Shuff of ENT for her history of epistaxis .
He identified no bleeding source , but felt that the risk of nasal hemorrhage on Coumadin could be minimized interventional neuroradiology occlusion of the arteries to the nose bilaterally .
The patient was therefore referred to the Dr. A Eu Wave .
The procedure could not be scheduled during this admission .
The patient is , therefore , discharged after a three day hospitalization , with plans for re-admission for the neuroradiology procedure .
This will be followed by a trial of Coumadin , and then by mitral commissurotomy or replacement and probable tricuspid annuloplasty by Dr. Riemund C. Wave .
In the meantime , Lasix dosage is increased .
Potassium replacement has caused , according to the patient , marked hyperkalemia in the past .
]]></TEXT>
<TAGS>
<EVENT id="E0" start="1" end="10" text="ADMISSION" modality="OCCURRENCE" polarity="POS" type="OCCURRENCE" />
<EVENT id="E25" start="1026" end="1047" text="a partial gastrectomy" modality="TREATMENT" polarity="POS" type="TREATMENT" />
<EVENT id="E26" start="1060" end="1074" text="a &amp;quot; tumor" modality="PROBLEM" polarity="POS" type="PROBLEM" />
<EVENT id="E27" start="1096" end="1111" text="an appendectomy" modality="TREATMENT" polarity="POS" type="PROBLEM" />
<EVENT id="E28" start="1116" end="1131" text="cholecystectomy" modality="TREATMENT" polarity="POS" type="TREATMENT" />
<EVENT id="E29" start="1161" end="1168" text="Digoxin" modality="TREATMENT" polarity="POS" type="TREATMENT" />
<EVENT id="E30" start="1188" end="1193" text="Lasix" modality="TREATMENT" polarity="POS" type="TREATMENT" />
<EVENT id="E31" start="1209" end="1216" text="aspirin" modality="TREATMENT" polarity="POS" type="TREATMENT" />
<EVENT id="E32" start="1228" end="1236" text="Vanceril" modality="TREATMENT" polarity="POS" type="TREATMENT" />
<EVENT id="E33" start="1268" end="1293" text="Transdermal nitroglycerin" modality="TREATMENT" polarity="POS" type="TEST" />
<EVENT id="E34" start="1301" end="1309" text="headache" modality="PROBLEM" polarity="POS" type="PROBLEM" />
<EVENT id="E35" start="1342" end="1347" text="drink" modality="PROBLEM" polarity="NEG" type="PROBLEM" />
<EVENT id="E36" start="1368" end="1391" text="Cardiac catheterization" modality="TEST" polarity="POS" type="TEST" />
<EVENT id="E37" start="1414" end="1456" text="complication from the right neck and right" modality="PROBLEM" polarity="POS" type="PROBLEM" />
<EVENT id="E2" start="144" end="159" text="rheumatic fever" modality="PROBLEM" polarity="POS" type="PROBLEM" />
<EVENT id="E38" start="1477" end="1486" text="admission" modality="OCCURRENCE" polarity="POS" type="OCCURRENCE" />
<EVENT id="E39" start="1495" end="1510" text="atrial pressure" modality="TEST" polarity="POS" type="TEST" />
<EVENT id="E40" start="1523" end="1534" text="a wave form" modality="PROBLEM" polarity="POS" type="TEST" />
<EVENT id="E41" start="1551" end="1574" text="tricuspid regurgitation" modality="PROBLEM" polarity="POS" type="PROBLEM" />
<EVENT id="E42" start="1590" end="1614" text="tricuspid valve gradient" modality="PROBLEM" polarity="NEG" type="PROBLEM" />
<EVENT id="E43" start="1617" end="1642" text="Pulmonary artery pressure" modality="TEST" polarity="POS" type="TEST" />
<EVENT id="E44" start="1647" end="1664" text="markedly elevated" modality="PROBLEM" polarity="POS" type="PROBLEM" />
<EVENT id="E45" start="1677" end="1711" text="Pulmonary capillary wedge pressure" modality="TEST" polarity="POS" type="TEST" />
<EVENT id="E46" start="1716" end="1733" text="markedly elevated" modality="PROBLEM" polarity="POS" type="PROBLEM" />
<EVENT id="E47" start="1747" end="1781" text="a very large mitral valve gradient" modality="TREATMENT" polarity="POS" type="PROBLEM" />
<EVENT id="E48" start="1807" end="1828" text="aortic valve gradient" modality="PROBLEM" polarity="NEG" type="PROBLEM" />
<EVENT id="E49" start="1831" end="1850" text="Fich cardiac output" modality="TEST" polarity="POS" type="TEST" />
<EVENT id="E50" start="1863" end="1870" text="indexed" modality="FACTUAL" polarity="POS" type="TREATMENT" />
<EVENT id="E3" start="188" end="215" text="chronic atrial fibrillation" modality="PROBLEM" polarity="POS" type="PROBLEM" />
<EVENT id="E51" start="1877" end="1903" text="Arterial oxygen saturation" modality="TEST" polarity="POS" type="TEST" />
<EVENT id="E52" start="1931" end="1965" text="minimal mitral valve calcification" modality="PROBLEM" polarity="POS" type="PROBLEM" />
<EVENT id="E53" start="1968" end="2003" text="normal left ventricular contraction" modality="FACTUAL" polarity="POS" type="PROBLEM" />
<EVENT id="E54" start="2010" end="2033" text="2+ mitral regurgitation" modality="PROBLEM" polarity="POS" type="PROBLEM" />
<EVENT id="E55" start="2039" end="2058" text="a large left atrium" modality="FACTUAL" polarity="POS" type="PROBLEM" />
<EVENT id="E56" start="2071" end="2105" text="minimal aortic valve calcification" modality="PROBLEM" polarity="POS" type="PROBLEM" />
<EVENT id="E57" start="2108" end="2138" text="mild ______________ thickening" modality="PROBLEM" polarity="POS" type="PROBLEM" />
<EVENT id="E58" start="2159" end="2184" text="mild aortic regurgitation" modality="PROBLEM" polarity="POS" type="PROBLEM" />
<EVENT id="E4" start="218" end="226" text="Coumadin" modality="TREATMENT" polarity="POS" type="TREATMENT" />
<EVENT id="E59" start="2197" end="2253" text="mild atherosclerosis of the mid left anterior descending" modality="PROBLEM" polarity="POS" type="PROBLEM" />
<EVENT id="E60" start="2256" end="2259" text="FVC" modality="TEST" polarity="POS" type="TEST" />
<EVENT id="E61" start="2299" end="2303" text="FEV1" modality="TREATMENT" polarity="POS" type="TREATMENT" />
<EVENT id="E62" start="2338" end="2365" text="Room air arterial blood gas" modality="TEST" polarity="POS" type="TEST" />
<EVENT id="E5" start="238" end="261" text="bleeding from the mouth" modality="PROBLEM" polarity="POS" type="PROBLEM" />
<EVENT id="E63" start="2418" end="2436" text="a mechanical valve" modality="TREATMENT" polarity="POS" type="TREATMENT" />
<EVENT id="E64" start="2440" end="2457" text="valve replacement" modality="TREATMENT" polarity="POS" type="TREATMENT" />
<EVENT id="E65" start="2470" end="2484" text="commissurotomy" modality="TREATMENT" polarity="POS" type="TREATMENT" />
<EVENT id="E66" start="2529" end="2532" text="ENT" modality="CLINICAL_DEPT" polarity="POS" type="CLINICAL_DEPT" />
<EVENT id="E67" start="2552" end="2561" text="epistaxis" modality="PROBLEM" polarity="POS" type="PROBLEM" />
<EVENT id="E68" start="2581" end="2596" text="bleeding source" modality="PROBLEM" polarity="NEG" type="PROBLEM" />
<EVENT id="E1" start="27" end="36" text="DISCHARGE" modality="OCCURRENCE" polarity="POS" type="OCCURRENCE" />
<EVENT id="E69" start="2625" end="2641" text="nasal hemorrhage" modality="PROBLEM" polarity="POS" type="TREATMENT" />
<EVENT id="E70" start="2645" end="2653" text="Coumadin" modality="TREATMENT" polarity="POS" type="TREATMENT" />
<EVENT id="E71" start="2673" end="2712" text="interventional neuroradiology occlusion" modality="FACTUAL" polarity="POS" type="PROBLEM" />
<EVENT id="E72" start="2813" end="2826" text="The procedure" modality="TREATMENT" polarity="POS" type="TREATMENT" />
<EVENT id="E73" start="2857" end="2871" text="this admission" modality="OCCURRENCE" polarity="POS" type="OCCURRENCE" />
<EVENT id="E74" start="2903" end="2913" text="discharged" modality="OCCURRENCE" polarity="POS" type="OCCURRENCE" />
<EVENT id="E75" start="2965" end="2977" text="re-admission" modality="TREATMENT" polarity="POS" type="TREATMENT" />
<EVENT id="E76" start="2982" end="3010" text="the neuroradiology procedure" modality="TREATMENT" polarity="POS" type="PROBLEM" />
<EVENT id="E77" start="3013" end="3017" text="This" modality="FACTUAL" polarity="POS" type="PROBLEM" />
<EVENT id="E78" start="3049" end="3057" text="Coumadin" modality="TREATMENT" polarity="POS" type="TREATMENT" />
<EVENT id="E79" start="3072" end="3093" text="mitral commissurotomy" modality="TREATMENT" polarity="POS" type="PROBLEM" />
<EVENT id="E80" start="3097" end="3108" text="replacement" modality="TREATMENT" polarity="NEG" type="PROBLEM" />
<EVENT id="E6" start="311" end="327" text="prothrombin time" modality="TEST" polarity="POS" type="TEST" />
<EVENT id="E81" start="3113" end="3144" text="probable tricuspid annuloplasty" modality="TREATMENT" polarity="POS" type="TREATMENT" />
<EVENT id="E82" start="3188" end="3193" text="Lasix" modality="TREATMENT" polarity="POS" type="TREATMENT" />
<EVENT id="E83" start="3216" end="3237" text="Potassium replacement" modality="TEST" polarity="POS" type="TEST" />
<EVENT id="E84" start="3278" end="3297" text="marked hyperkalemia" modality="PROBLEM" polarity="POS" type="PROBLEM" />
<EVENT id="E7" start="358" end="378" text="anti-platelet agents" modality="TREATMENT" polarity="POS" type="PROBLEM" />
<EVENT id="E8" start="393" end="410" text="recurrent syncope" modality="PROBLEM" polarity="POS" type="PROBLEM" />
<EVENT id="E9" start="441" end="466" text="progressive heart failure" modality="PROBLEM" polarity="POS" type="PROBLEM" />
<EVENT id="E10" start="469" end="477" text="A Holter" modality="TEST" polarity="POS" type="TEST" />
<EVENT id="E11" start="478" end="484" text="showed" modality="EVIDENTIAL" polarity="POS" type="EVIDENTIAL" />
<EVENT id="E12" start="485" end="504" text="atrial fibrillation" modality="PROBLEM" polarity="POS" type="PROBLEM" />
<EVENT id="E13" start="520" end="540" text="ventricular bigemini" modality="PROBLEM" polarity="POS" type="PROBLEM" />
<EVENT id="E14" start="572" end="579" text="smoking" modality="TEST" polarity="POS" type="TEST" />
<EVENT id="E15" start="604" end="622" text="continued to smoke" modality="OCCURRENCE" polarity="POS" type="PROBLEM" />
<EVENT id="E16" start="656" end="662" text="admits" modality="FACTUAL" polarity="POS" type="OCCURRENCE" />
<EVENT id="E17" start="721" end="733" text="hypertension" modality="PROBLEM" polarity="NEG" type="PROBLEM" />
<EVENT id="E18" start="737" end="745" text="diabetes" modality="PROBLEM" polarity="POS" type="PROBLEM" />
<EVENT id="E19" start="772" end="787" text="her cholesterol" modality="OCCURRENCE" polarity="POS" type="TEST" />
<EVENT id="E20" start="857" end="870" text="heart disease" modality="PROBLEM" polarity="POS" type="PROBLEM" />
<EVENT id="E21" start="899" end="907" text="Vanceril" modality="TREATMENT" polarity="POS" type="TREATMENT" />
<EVENT id="E22" start="912" end="949" text="chronic obstructive pulmonary disease" modality="PROBLEM" polarity="POS" type="PROBLEM" />
<EVENT id="E23" start="964" end="972" text="one gram" modality="FACTUAL" polarity="POS" type="PROBLEM" />
<EVENT id="E24" start="998" end="1015" text="normal creatinine" modality="TEST" polarity="POS" type="PROBLEM" />
<TIMEX3 id="T2" start="1051" end="1055" text="1972" type="DATE" val="1972" mod="NA" />
<TIMEX3 id="T3" start="1181" end="1185" text="q.d." type="FREQUENCY" val="RP1D" mod="NA" />
<TIMEX3 id="T4" start="1200" end="1206" text="b.i.d." type="FREQUENCY" val="RPT12H" mod="NA" />
<TIMEX3 id="T5" start="1249" end="1255" text="b.i.d." type="FREQUENCY" val="RPT12H" mod="NA" />
<TIMEX3 id="T6" start="1466" end="1473" text="the day" type="DATE" val="2010-07-15" mod="NA" />
<TIMEX3 id="T0" start="580" end="593" text="two years ago" type="DATE" val="two years ago" mod="APPROX" />
<TIMEX3 id="T1" start="678" end="702" text="two puffs &amp;quot; per day" type="DATE" val="two puffs &amp;quot; per day" mod="NA" />
</TAGS>
</ClinicalNarrativeTemporalAnnotation>
