<?xml version="1.0" encoding="UTF-8" ?>
<ClinicalNarrativeTemporalAnnotation>
<TEXT><![CDATA[
ADMISSION DATE :
20041031
DISCHARGE DATE :
20041103
ASSOCIATED PROCEDURES OR OPERATIONS :
POSTPARTUM DIAGNOSTIC PROCEDURES :
None
POSTPARTUM THERAPEUTIC PROCEDURES :
None
OTHER POSTPARTUM THERAPIES :
Routine Post Partum Care
HISTORY AND REASON FOR HOSPITALIZATION :
Premature Rupture Of Membranes
HOSPITAL COURSE ( include complications if any ) :
This 27 year old Gravida 1 Para 0000 was admitted to the Life Valley Medical Center Obstetrical service on 10/31/2004 at 08:45 pm for the indication ( s ) :
premature rupture of membranes .
She delivered a 3235 gram male infant on 11/01/2004 at 09:31 am with apgar scores of 9 and 9 at one and five minutes respectively at 39.0 weeks gestation via spontaneous vertex vaginal delivery .
During her labor she encountered the following complication ( s ) :
none .
During her delivery she encountered the following complication ( s ) :
none .
Postpartum she encountered the following complication ( s ) :
none .
She was discharged on 11/03/2004 at 11:18 am in good condition .
]]></TEXT>
<TAGS>
<EVENT id="E0" start="1" end="10" text="ADMISSION" modality="OCCURRENCE" polarity="POS" type="OCCURRENCE" />
<EVENT id="E17" start="1005" end="1019" text="good condition" modality="OCCURRENCE" polarity="POS" type="OCCURRENCE" />
<EVENT id="E1" start="27" end="36" text="DISCHARGE" modality="OCCURRENCE" polarity="POS" type="OCCURRENCE" />
<EVENT id="E2" start="324" end="337" text="complications" modality="PROBLEM" polarity="POS" type="PROBLEM" />
<EVENT id="E3" start="390" end="398" text="admitted" modality="OCCURRENCE" polarity="POS" type="OCCURRENCE" />
<EVENT id="E4" start="402" end="452" text="the Life Valley Medical Center Obstetrical service" modality="CLINICAL_DEPT" polarity="POS" type="CLINICAL_DEPT" />
<EVENT id="E5" start="483" end="497" text="the indication" modality="FACTUAL" polarity="POS" type="PROBLEM" />
<EVENT id="E6" start="506" end="536" text="premature rupture of membranes" modality="PROBLEM" polarity="POS" type="PROBLEM" />
<EVENT id="E7" start="543" end="552" text="delivered" modality="FACTUAL" polarity="POS" type="EVIDENTIAL" />
<EVENT id="E8" start="608" end="620" text="apgar scores" modality="TEST" polarity="POS" type="TEST" />
<EVENT id="E9" start="683" end="692" text="gestation" modality="OCCURRENCE" polarity="POS" type="OCCURRENCE" />
<EVENT id="E10" start="697" end="732" text="spontaneous vertex vaginal delivery" modality="OCCURRENCE" polarity="POS" type="PROBLEM" />
<EVENT id="E11" start="742" end="751" text="her labor" modality="TEST" polarity="POS" type="TEST" />
<EVENT id="E12" start="768" end="794" text="the following complication" modality="PROBLEM" polarity="POS" type="PROBLEM" />
<EVENT id="E13" start="817" end="829" text="her delivery" modality="OCCURRENCE" polarity="POS" type="OCCURRENCE" />
<EVENT id="E14" start="846" end="872" text="the following complication" modality="PROBLEM" polarity="POS" type="PROBLEM" />
<EVENT id="E15" start="903" end="914" text="encountered" modality="OCCURRENCE" polarity="POS" type="OCCURRENCE" />
<EVENT id="E16" start="965" end="975" text="discharged" modality="OCCURRENCE" polarity="POS" type="OCCURRENCE" />
<TIMEX3 id="T0" start="456" end="478" text="10/31/2004 at 08:45 pm" type="DATE" val="08:45" mod="NA" />
<TIMEX3 id="T1" start="580" end="599" text="11/01/2004 at 09:31" type="DATE" val="09:31" mod="NA" />
<TIMEX3 id="T2" start="635" end="638" text="one" type="DURATION" val="one" mod="NA" />
<TIMEX3 id="T3" start="643" end="655" text="five minutes" type="DURATION" val="PT5M" mod="NA" />
<TIMEX3 id="T4" start="979" end="989" text="11/03/2004" type="DATE" val="2004-11-03" mod="NA" />
</TAGS>
</ClinicalNarrativeTemporalAnnotation>
