<?xml version="1.0" encoding="UTF-8" ?>
<ClinicalNarrativeTemporalAnnotation>
<TEXT><![CDATA[
Admission Date :
2011-10-28
Discharge Date :
2011-12-01
Service :
Bone marrow transplant service
HOSPITAL COURSE OVER THESE PREVIOUS DAYS :
1. Liver lesions :
The patient went for a repeat MRI which showed no change in the previously noted enumerable hepatic cyst in her liver .
A Hepatology consult was obtained who felt that the most likely etiology of these cysts were from hepatic candidiasis , although one could not rule out lymphoma involving from Burkitt's .
She will be discharged on AmBisome 300 mg IV q.d. for treatment of her hepatic candidiasis .
This regimen , that being AmBisome , was recommended by the Infectious Disease physicians , who felt that AmBisome was a better drug of choice as compared to fluconazole .
2. Heme :
The patient 's platelets , white count , and hematocrit have all been stable .
Her white count remained elevated despite discontinuing her G-CSF .
However , the patient is not febrile and her white count should be continued to be watched .
3. On the morning of 12-01 , the patient had some transient episodes of hypotension with SBP s in the 70 s.
Her captopril was discontinued , and she was given two IV fluid boluses with appropriate response .
Her blood pressures and all of her vital signs are stable .
4. FEN :
The patient was continued on TPN over the past couple days .
She is also started on marinol 2.5 mg p.o. b.i.d. and encouraged p.o. intake .
]]></TEXT>
<TAGS>
<EVENT id="E0" start="1" end="10" text="Admission" modality="FACTUAL" polarity="POS" type="OCCURRENCE" />
<EVENT id="E1" start="29" end="38" text="Discharge" modality="FACTUAL" polarity="POS" type="OCCURRENCE" />
<EVENT id="E2" start="144" end="157" text="Liver lesions" modality="FACTUAL" polarity="POS" type="PROBLEM" />
<EVENT id="E3" start="181" end="193" text="a repeat MRI" modality="FACTUAL" polarity="NEG" type="TEST" />
<EVENT id="E4" start="200" end="206" text="showed" modality="FACTUAL" polarity="POS" type="EVIDENTIAL" />
<EVENT id="E5" start="210" end="216" text="change" modality="FACTUAL" polarity="NEG" type="OCCURRENCE" />
<EVENT id="E6" start="220" end="277" text="the previously noted enumerable hepatic cyst in her liver" modality="FACTUAL" polarity="POS" type="PROBLEM" />
<EVENT id="E7" start="280" end="300" text="A Hepatology consult" modality="FACTUAL" polarity="POS" type="CLINICAL_DEPT" />
<EVENT id="E8" start="356" end="367" text="these cysts" modality="FACTUAL" polarity="POS" type="PROBLEM" />
<EVENT id="E9" start="378" end="397" text="hepatic candidiasis" modality="POSSIBLE" polarity="POS" type="PROBLEM" />
<EVENT id="E10" start="432" end="440" text="lymphoma" modality="FACTUAL" polarity="POS" type="PROBLEM" />
<EVENT id="E11" start="456" end="465" text="Burkitt's" modality="POSSIBLE" polarity="POS" type="PROBLEM" />
<EVENT id="E12" start="480" end="490" text="discharged" modality="FACTUAL" polarity="POS" type="OCCURRENCE" />
<EVENT id="E13" start="494" end="502" text="AmBisome" modality="FACTUAL" polarity="POS" type="TREATMENT" />
<EVENT id="E14" start="522" end="531" text="treatment" modality="FACTUAL" polarity="POS" type="TREATMENT" />
<EVENT id="E15" start="535" end="558" text="her hepatic candidiasis" modality="FACTUAL" polarity="POS" type="PROBLEM" />
<EVENT id="E16" start="587" end="595" text="AmBisome" modality="PROPOSED" polarity="POS" type="TREATMENT" />
<EVENT id="E17" start="667" end="675" text="AmBisome" modality="FACTUAL" polarity="POS" type="TREATMENT" />
<EVENT id="E18" start="689" end="693" text="drug" modality="FACTUAL" polarity="POS" type="TREATMENT" />
<EVENT id="E19" start="719" end="730" text="fluconazole" modality="FACTUAL" polarity="POS" type="TREATMENT" />
<EVENT id="E20" start="743" end="767" text="The patient 's platelets" modality="FACTUAL" polarity="POS" type="TEST" />
<EVENT id="E21" start="770" end="781" text="white count" modality="FACTUAL" polarity="POS" type="TEST" />
<EVENT id="E22" start="788" end="798" text="hematocrit" modality="FACTUAL" polarity="POS" type="TEST" />
<EVENT id="E23" start="813" end="819" text="stable" modality="FACTUAL" polarity="POS" type="OCCURRENCE" />
<EVENT id="E24" start="822" end="837" text="Her white count" modality="FACTUAL" polarity="POS" type="TEST" />
<EVENT id="E25" start="847" end="855" text="elevated" modality="FACTUAL" polarity="POS" type="PROBLEM" />
<EVENT id="E26" start="878" end="887" text="her G-CSF" modality="FACTUAL" polarity="POS" type="TREATMENT" />
<EVENT id="E27" start="919" end="926" text="febrile" modality="FACTUAL" polarity="NEG" type="PROBLEM" />
<EVENT id="E28" start="931" end="946" text="her white count" modality="FACTUAL" polarity="NEG" type="TEST" />
<EVENT id="E29" start="1055" end="1066" text="hypotension" modality="FACTUAL" polarity="POS" type="PROBLEM" />
<EVENT id="E30" start="1072" end="1077" text="SBP s" modality="FACTUAL" polarity="POS" type="TEST" />
<EVENT id="E31" start="1091" end="1104" text="Her captopril" modality="FACTUAL" polarity="NEG" type="TREATMENT" />
<EVENT id="E32" start="1142" end="1162" text="two IV fluid boluses" modality="FACTUAL" polarity="POS" type="TREATMENT" />
<EVENT id="E33" start="1168" end="1188" text="appropriate response" modality="FACTUAL" polarity="POS" type="OCCURRENCE" />
<EVENT id="E34" start="1191" end="1210" text="Her blood pressures" modality="FACTUAL" polarity="POS" type="TEST" />
<EVENT id="E35" start="1222" end="1237" text="her vital signs" modality="FACTUAL" polarity="POS" type="TEST" />
<EVENT id="E36" start="1242" end="1248" text="stable" modality="FACTUAL" polarity="POS" type="OCCURRENCE" />
<EVENT id="E37" start="1289" end="1292" text="TPN" modality="FACTUAL" polarity="POS" type="TREATMENT" />
<EVENT id="E38" start="1344" end="1351" text="marinol" modality="FACTUAL" polarity="POS" type="TREATMENT" />
<EVENT id="E39" start="1386" end="1397" text="p.o. intake" modality="FACTUAL" polarity="POS" type="TEST" />
<TIMEX3 id="T0" start="18" end="28" text="2011-10-28" type="DATE" val="2011-10-28" mod="NA" />
<TIMEX3 id="T1" start="46" end="56" text="2011-12-01" type="DATE" val="2011-12-01" mod="NA" />
<TIMEX3 id="T2" start="513" end="517" text="q.d." type="FREQUENCY" val="RPT24H" mod="NA" />
<TIMEX3 id="T3" start="989" end="1009" text="the morning of 12-01" type="DATE" val="2011-12-01" mod="START" />
<TIMEX3 id="T4" start="1298" end="1318" text="the past couple days" type="DATE" val="2011-11-30" mod="APPROX" />
<TIMEX3 id="T5" start="1364" end="1370" text="b.i.d." type="FREQUENCY" val="RPT12H" mod="NA" />
<TLINK id="TL0" fromID="E3" fromText="a repeat MRI" toID="E4" toText="showed" type="OVERLAP" />
<TLINK id="TL1" fromID="E4" fromText="showed" toID="E3" toText="a repeat MRI" type="OVERLAP" />
<TLINK id="TL2" fromID="E5" fromText="change" toID="E6" toText="the previously noted enumerable hepatic cyst in her liver" type="OVERLAP" />
<TLINK id="TL3" fromID="E6" fromText="the previously noted enumerable hepatic cyst in her liver" toID="E5" toText="change" type="OVERLAP" />
<TLINK id="TL4" fromID="E8" fromText="these cysts" toID="E9" toText="hepatic candidiasis" type="AFTER" />
<TLINK id="TL5" fromID="E9" fromText="hepatic candidiasis" toID="E8" toText="these cysts" type="BEFORE" />
<TLINK id="TL6" fromID="E10" fromText="lymphoma" toID="E11" toText="Burkitt's" type="OVERLAP" />
<TLINK id="TL7" fromID="E11" fromText="Burkitt's" toID="E10" toText="lymphoma" type="OVERLAP" />
<TLINK id="TL8" fromID="E12" fromText="discharged" toID="E13" toText="AmBisome" type="AFTER" />
<TLINK id="TL9" fromID="E13" fromText="AmBisome" toID="E12" toText="discharged" type="BEFORE" />
<TLINK id="TL10" fromID="E14" fromText="treatment" toID="E15" toText="her hepatic candidiasis" type="AFTER" />
<TLINK id="TL11" fromID="E15" fromText="her hepatic candidiasis" toID="E14" toText="treatment" type="BEFORE" />
<TLINK id="TL12" fromID="E16" fromText="AmBisome" toID="E17" toText="AmBisome" type="OVERLAP" />
<TLINK id="TL13" fromID="E17" fromText="AmBisome" toID="E16" toText="AmBisome" type="OVERLAP" />
<TLINK id="TL14" fromID="E17" fromText="AmBisome" toID="E18" toText="drug" type="OVERLAP" />
<TLINK id="TL15" fromID="E18" fromText="drug" toID="E17" toText="AmBisome" type="OVERLAP" />
<TLINK id="TL16" fromID="E18" fromText="drug" toID="E19" toText="fluconazole" type="OVERLAP" />
<TLINK id="TL17" fromID="E19" fromText="fluconazole" toID="E18" toText="drug" type="OVERLAP" />
<TLINK id="TL18" fromID="E20" fromText="The patient 's platelets" toID="E21" toText="white count" type="OVERLAP" />
<TLINK id="TL19" fromID="E21" fromText="white count" toID="E20" toText="The patient 's platelets" type="OVERLAP" />
<TLINK id="TL20" fromID="E21" fromText="white count" toID="E22" toText="hematocrit" type="OVERLAP" />
<TLINK id="TL21" fromID="E22" fromText="hematocrit" toID="E21" toText="white count" type="OVERLAP" />
<TLINK id="TL22" fromID="E22" fromText="hematocrit" toID="E23" toText="stable" type="OVERLAP" />
<TLINK id="TL23" fromID="E23" fromText="stable" toID="E22" toText="hematocrit" type="OVERLAP" />
<TLINK id="TL24" fromID="E24" fromText="Her white count" toID="E25" toText="elevated" type="BEFORE" />
<TLINK id="TL25" fromID="E25" fromText="elevated" toID="E24" toText="Her white count" type="AFTER" />
<TLINK id="TL26" fromID="E29" fromText="hypotension" toID="E30" toText="SBP s" type="OVERLAP" />
<TLINK id="TL27" fromID="E30" fromText="SBP s" toID="E29" toText="hypotension" type="OVERLAP" />
<TLINK id="TL28" fromID="E32" fromText="two IV fluid boluses" toID="E33" toText="appropriate response" type="OVERLAP" />
<TLINK id="TL29" fromID="E33" fromText="appropriate response" toID="E32" toText="two IV fluid boluses" type="OVERLAP" />
<TLINK id="TL30" fromID="E34" fromText="Her blood pressures" toID="E35" toText="her vital signs" type="OVERLAP" />
<TLINK id="TL31" fromID="E35" fromText="her vital signs" toID="E34" toText="Her blood pressures" type="OVERLAP" />
<TLINK id="TL32" fromID="E35" fromText="her vital signs" toID="E36" toText="stable" type="OVERLAP" />
<TLINK id="TL33" fromID="E36" fromText="stable" toID="E35" toText="her vital signs" type="OVERLAP" />
<TLINK id="TL34" fromID="E13" fromText="AmBisome" toID="T2" toText="q.d." type="OVERLAP" />
<TLINK id="TL35" fromID="T2" fromText="q.d." toID="E13" toText="AmBisome" type="OVERLAP" />
<TLINK id="TL36" fromID="T3" fromText="the morning of 12-01" toID="E29" toText="hypotension" type="OVERLAP" />
<TLINK id="TL37" fromID="E29" fromText="hypotension" toID="T3" toText="the morning of 12-01" type="OVERLAP" />
<TLINK id="TL38" fromID="E37" fromText="TPN" toID="T4" toText="the past couple days" type="OVERLAP" />
<TLINK id="TL39" fromID="T4" fromText="the past couple days" toID="E37" toText="TPN" type="OVERLAP" />
<TLINK id="TL40" fromID="E38" fromText="marinol" toID="T5" toText="b.i.d." type="OVERLAP" />
<TLINK id="TL41" fromID="T5" fromText="b.i.d." toID="E38" toText="marinol" type="OVERLAP" />
<TLINK id="TL42" fromID="T0" fromText="2011-10-28" toID="T3" toText="the morning of 12-01" type="BEFORE" />
<TLINK id="TL43" fromID="T0" fromText="2011-10-28" toID="T4" toText="the past couple days" type="BEFORE" />
<TLINK id="SECTIME0" fromID="T1" fromText="2011-12-01" toID="E2" toText="Liver lesions" type="AFTER" />
<TLINK id="SECTIME1" fromID="T1" fromText="2011-12-01" toID="E3" toText="a repeat MRI" type="AFTER" />
<TLINK id="SECTIME2" fromID="T1" fromText="2011-12-01" toID="E4" toText="showed" type="AFTER" />
<TLINK id="SECTIME3" fromID="T1" fromText="2011-12-01" toID="E5" toText="change" type="AFTER" />
<TLINK id="SECTIME4" fromID="T1" fromText="2011-12-01" toID="E6" toText="the previously noted enumerable hepatic cyst in her liver" type="AFTER" />
<TLINK id="SECTIME5" fromID="T1" fromText="2011-12-01" toID="E7" toText="A Hepatology consult" type="AFTER" />
<TLINK id="SECTIME6" fromID="T1" fromText="2011-12-01" toID="E8" toText="these cysts" type="AFTER" />
<TLINK id="SECTIME7" fromID="T1" fromText="2011-12-01" toID="E9" toText="hepatic candidiasis" type="AFTER" />
<TLINK id="SECTIME8" fromID="T1" fromText="2011-12-01" toID="E10" toText="lymphoma" type="AFTER" />
<TLINK id="SECTIME9" fromID="T1" fromText="2011-12-01" toID="E11" toText="Burkitt's" type="AFTER" />
<TLINK id="SECTIME10" fromID="T1" fromText="2011-12-01" toID="E12" toText="discharged" type="OVERLAP" />
<TLINK id="SECTIME11" fromID="T1" fromText="2011-12-01" toID="E13" toText="AmBisome" type="AFTER" />
<TLINK id="SECTIME12" fromID="T1" fromText="2011-12-01" toID="E14" toText="treatment" type="AFTER" />
<TLINK id="SECTIME13" fromID="T1" fromText="2011-12-01" toID="E15" toText="her hepatic candidiasis" type="AFTER" />
<TLINK id="SECTIME14" fromID="T1" fromText="2011-12-01" toID="E16" toText="AmBisome" type="AFTER" />
<TLINK id="SECTIME15" fromID="T1" fromText="2011-12-01" toID="E17" toText="AmBisome" type="AFTER" />
<TLINK id="SECTIME16" fromID="T1" fromText="2011-12-01" toID="E18" toText="drug" type="AFTER" />
<TLINK id="SECTIME17" fromID="T1" fromText="2011-12-01" toID="E19" toText="fluconazole" type="AFTER" />
<TLINK id="SECTIME18" fromID="T1" fromText="2011-12-01" toID="E20" toText="The patient 's platelets" type="AFTER" />
<TLINK id="SECTIME19" fromID="T1" fromText="2011-12-01" toID="E21" toText="white count" type="AFTER" />
<TLINK id="SECTIME20" fromID="T1" fromText="2011-12-01" toID="E22" toText="hematocrit" type="AFTER" />
<TLINK id="SECTIME21" fromID="T1" fromText="2011-12-01" toID="E23" toText="stable" type="AFTER" />
<TLINK id="SECTIME22" fromID="T1" fromText="2011-12-01" toID="E24" toText="Her white count" type="AFTER" />
<TLINK id="SECTIME23" fromID="T1" fromText="2011-12-01" toID="E25" toText="elevated" type="AFTER" />
<TLINK id="SECTIME24" fromID="T1" fromText="2011-12-01" toID="E26" toText="her G-CSF" type="AFTER" />
<TLINK id="SECTIME25" fromID="T1" fromText="2011-12-01" toID="E27" toText="febrile" type="AFTER" />
<TLINK id="SECTIME26" fromID="T1" fromText="2011-12-01" toID="E28" toText="her white count" type="AFTER" />
<TLINK id="TL44" fromID="T1" fromText="2011-12-01" toID="T3" toText="the morning of 12-01" type="OVERLAP" />
<TLINK id="SECTIME27" fromID="T1" fromText="2011-12-01" toID="E29" toText="hypotension" type="AFTER" />
<TLINK id="SECTIME28" fromID="T1" fromText="2011-12-01" toID="E30" toText="SBP s" type="AFTER" />
<TLINK id="SECTIME29" fromID="T1" fromText="2011-12-01" toID="E31" toText="Her captopril" type="AFTER" />
<TLINK id="SECTIME30" fromID="T1" fromText="2011-12-01" toID="E32" toText="two IV fluid boluses" type="AFTER" />
<TLINK id="SECTIME31" fromID="T1" fromText="2011-12-01" toID="E33" toText="appropriate response" type="AFTER" />
<TLINK id="SECTIME32" fromID="T1" fromText="2011-12-01" toID="E34" toText="Her blood pressures" type="AFTER" />
<TLINK id="SECTIME33" fromID="T1" fromText="2011-12-01" toID="E35" toText="her vital signs" type="AFTER" />
<TLINK id="SECTIME34" fromID="T1" fromText="2011-12-01" toID="E36" toText="stable" type="AFTER" />
<TLINK id="SECTIME35" fromID="T1" fromText="2011-12-01" toID="E37" toText="TPN" type="AFTER" />
<TLINK id="TL45" fromID="T1" fromText="2011-12-01" toID="T4" toText="the past couple days" type="AFTER" />
<TLINK id="SECTIME36" fromID="T1" fromText="2011-12-01" toID="E38" toText="marinol" type="AFTER" />
<TLINK id="SECTIME37" fromID="T1" fromText="2011-12-01" toID="E39" toText="p.o. intake" type="AFTER" />
<TLINK id="TL46" fromID="E2" fromText="Liver lesions" toID="E3" toText="a repeat MRI" type="OVERLAP" />
<TLINK id="TL47" fromID="E2" fromText="Liver lesions" toID="E6" toText="the previously noted enumerable hepatic cyst in her liver" type="OVERLAP" />
<TLINK id="TL48" fromID="E6" fromText="the previously noted enumerable hepatic cyst in her liver" toID="E2" toText="Liver lesions" type="OVERLAP" />
<TLINK id="TL49" fromID="E6" fromText="the previously noted enumerable hepatic cyst in her liver" toID="E8" toText="these cysts" type="OVERLAP" />
<TLINK id="TL50" fromID="E8" fromText="these cysts" toID="E6" toText="the previously noted enumerable hepatic cyst in her liver" type="OVERLAP" />
<TLINK id="TL51" fromID="E9" fromText="hepatic candidiasis" toID="E15" toText="her hepatic candidiasis" type="OVERLAP" />
<TLINK id="TL52" fromID="E13" fromText="AmBisome" toID="E16" toText="AmBisome" type="OVERLAP" />
<TLINK id="TL53" fromID="E13" fromText="AmBisome" toID="E17" toText="AmBisome" type="OVERLAP" />
<TLINK id="TL54" fromID="E14" fromText="treatment" toID="E17" toText="AmBisome" type="OVERLAP" />
<TLINK id="TL55" fromID="E15" fromText="her hepatic candidiasis" toID="E9" toText="hepatic candidiasis" type="OVERLAP" />
<TLINK id="TL56" fromID="E16" fromText="AmBisome" toID="E13" toText="AmBisome" type="OVERLAP" />
<TLINK id="TL57" fromID="E17" fromText="AmBisome" toID="E13" toText="AmBisome" type="OVERLAP" />
<TLINK id="TL58" fromID="E21" fromText="white count" toID="E24" toText="Her white count" type="OVERLAP" />
<TLINK id="TL59" fromID="E24" fromText="Her white count" toID="E21" toText="white count" type="OVERLAP" />
<TLINK id="TL60" fromID="E24" fromText="Her white count" toID="E28" toText="her white count" type="OVERLAP" />
<TLINK id="TL61" fromID="E28" fromText="her white count" toID="E24" toText="Her white count" type="OVERLAP" />
<TLINK id="TL62" fromID="E30" fromText="SBP s" toID="E31" toText="Her captopril" type="OVERLAP" />
<TLINK id="TL63" fromID="E30" fromText="SBP s" toID="E32" toText="two IV fluid boluses" type="OVERLAP" />
<TLINK id="TL64" fromID="E30" fromText="SBP s" toID="E33" toText="appropriate response" type="OVERLAP" />
<TLINK id="SECTIME38" fromID="E0" fromText="Admission" toID="T0" toText="2011-10-28" type="OVERLAP" />
<TLINK id="SECTIME39" fromID="T0" fromText="2011-10-28" toID="E0" toText="Admission" type="OVERLAP" />
<TLINK id="SECTIME40" fromID="T0" fromText="2011-10-28" toID="E1" toText="Discharge" type="BEFORE" />
<TLINK id="SECTIME41" fromID="E1" fromText="Discharge" toID="T0" toText="2011-10-28" type="AFTER" />
<TLINK id="SECTIME42" fromID="E1" fromText="Discharge" toID="T1" toText="2011-12-01" type="OVERLAP" />
<TLINK id="SECTIME43" fromID="T1" fromText="2011-12-01" toID="E1" toText="Discharge" type="OVERLAP" />
<TLINK id="TL65" fromID="E2" fromText="Liver lesions" toID="E6" toText="the previously noted enumerable hepatic cyst in her liver" type="OVERLAP" />
<TLINK id="TL66" fromID="E2" fromText="Liver lesions" toID="E8" toText="these cysts" type="OVERLAP" />
<TLINK id="TL67" fromID="E6" fromText="the previously noted enumerable hepatic cyst in her liver" toID="E2" toText="Liver lesions" type="OVERLAP" />
<TLINK id="TL68" fromID="E6" fromText="the previously noted enumerable hepatic cyst in her liver" toID="E8" toText="these cysts" type="OVERLAP" />
<TLINK id="TL69" fromID="E8" fromText="these cysts" toID="E2" toText="Liver lesions" type="OVERLAP" />
<TLINK id="TL70" fromID="E8" fromText="these cysts" toID="E6" toText="the previously noted enumerable hepatic cyst in her liver" type="OVERLAP" />
<TLINK id="TL71" fromID="E9" fromText="hepatic candidiasis" toID="E15" toText="her hepatic candidiasis" type="OVERLAP" />
<TLINK id="TL72" fromID="E13" fromText="AmBisome" toID="E16" toText="AmBisome" type="OVERLAP" />
<TLINK id="TL73" fromID="E13" fromText="AmBisome" toID="E17" toText="AmBisome" type="OVERLAP" />
<TLINK id="TL74" fromID="E15" fromText="her hepatic candidiasis" toID="E9" toText="hepatic candidiasis" type="OVERLAP" />
<TLINK id="TL75" fromID="E16" fromText="AmBisome" toID="E13" toText="AmBisome" type="OVERLAP" />
<TLINK id="TL76" fromID="E16" fromText="AmBisome" toID="E17" toText="AmBisome" type="OVERLAP" />
<TLINK id="TL77" fromID="E17" fromText="AmBisome" toID="E13" toText="AmBisome" type="OVERLAP" />
<TLINK id="TL78" fromID="E17" fromText="AmBisome" toID="E16" toText="AmBisome" type="OVERLAP" />
<TLINK id="TL79" fromID="E9" fromText="hepatic candidiasis" toID="E11" toText="Burkitt's" type="OVERLAP" />
<TLINK id="TL80" fromID="E11" fromText="Burkitt's" toID="E9" toText="hepatic candidiasis" type="OVERLAP" />
<TLINK id="TL81" fromID="T2" fromText="q.d." toID="E12" toText="discharged" type="OVERLAP" />
<TLINK id="TL82" fromID="T2" fromText="q.d." toID="E14" toText="treatment" type="OVERLAP" />
<TLINK id="TL83" fromID="T2" fromText="q.d." toID="E15" toText="her hepatic candidiasis" type="AFTER" />
<TLINK id="TL84" fromID="E12" fromText="discharged" toID="T2" toText="q.d." type="OVERLAP" />
<TLINK id="TL85" fromID="E12" fromText="discharged" toID="E14" toText="treatment" type="OVERLAP" />
<TLINK id="TL86" fromID="E12" fromText="discharged" toID="E15" toText="her hepatic candidiasis" type="OVERLAP" />
<TLINK id="TL87" fromID="E13" fromText="AmBisome" toID="E14" toText="treatment" type="AFTER" />
<TLINK id="TL88" fromID="E14" fromText="treatment" toID="T2" toText="q.d." type="OVERLAP" />
<TLINK id="TL89" fromID="E14" fromText="treatment" toID="E12" toText="discharged" type="OVERLAP" />
<TLINK id="TL90" fromID="E14" fromText="treatment" toID="E13" toText="AmBisome" type="BEFORE" />
<TLINK id="TL91" fromID="E15" fromText="her hepatic candidiasis" toID="T2" toText="q.d." type="BEFORE" />
<TLINK id="TL92" fromID="E15" fromText="her hepatic candidiasis" toID="E12" toText="discharged" type="OVERLAP" />
<TLINK id="TL93" fromID="E16" fromText="AmBisome" toID="E19" toText="fluconazole" type="OVERLAP" />
<TLINK id="TL94" fromID="E17" fromText="AmBisome" toID="E19" toText="fluconazole" type="OVERLAP" />
<TLINK id="TL95" fromID="E19" fromText="fluconazole" toID="E16" toText="AmBisome" type="OVERLAP" />
<TLINK id="TL96" fromID="E19" fromText="fluconazole" toID="E17" toText="AmBisome" type="OVERLAP" />
<TLINK id="TL97" fromID="E25" fromText="elevated" toID="E26" toText="her G-CSF" type="OVERLAP" />
<TLINK id="TL98" fromID="E26" fromText="her G-CSF" toID="E25" toText="elevated" type="OVERLAP" />
<TLINK id="TL99" fromID="E27" fromText="febrile" toID="E28" toText="her white count" type="OVERLAP" />
<TLINK id="TL100" fromID="E28" fromText="her white count" toID="E27" toText="febrile" type="OVERLAP" />
<TLINK id="TL101" fromID="E31" fromText="Her captopril" toID="E32" toText="two IV fluid boluses" type="OVERLAP" />
<TLINK id="TL102" fromID="E32" fromText="two IV fluid boluses" toID="E31" toText="Her captopril" type="OVERLAP" />
<TLINK id="TL103" fromID="E38" fromText="marinol" toID="E39" toText="p.o. intake" type="OVERLAP" />
<TLINK id="TL104" fromID="E39" fromText="p.o. intake" toID="E38" toText="marinol" type="OVERLAP" />
</TAGS>
</ClinicalNarrativeTemporalAnnotation>
