<?xml version="1.0" encoding="UTF-8" ?>
<ClinicalNarrativeTemporalAnnotation>
<TEXT><![CDATA[
ADMISSION DATE :
09/21/92
DISCHARGE DATE :
09/24/92
DISCHARGE DATE :
09/24/92
HISTORY OF PRESENT ILLNESS :
The patient is a seventy-one year old white female with stenotic area on her mid sigmoid , noticed on barium enema .
The ultrasound showed ascites and question of pelvic mass .
The patient was explored by General surgery , who saw the 3C ovarian carcinoma .
The patient also had an omentectomy and ileostomy .
The patient was admitted for one cycle of Cytoxan and Cisplatin , and subsequently underwent debulking in June 1992 , as well as a total abdominal hysterectomy/ bilateral salpingo-oophorectomy , omentectomy , splenectomy , rectosigmoid resection with a take down of the ileostomy .
Also ileal cecal resection , MDR showed that Cisplatin and VP 16 were more effective .
The patient now presents for line 1 , cycle 4 to 15 of VP 16 and Cisplatin chemotherapy .
HOSPITAL COURSE :
The patient was admitted to the hospital and received two units of packed red blood cells for her hematocrit of 26 , and had a magnesium repleted .
The patient received three days of chemotherapy , consisting of 45 mg. of Cisplatin 160 mg. of VP 16 , and tolerated chemotherapy resonably well .
Serial PTs were obtained , and the patient was noted to have an initial PT of 10.9 on admission , despite Coumadin at home .
She was given 10 mg. on hospital day # 1 , and 5 mg. on hospital day 2 , and back to 2.5 qhs .
The patient &apos;s pro time bumped to 19.5 on hospital day # 3 , and the patient was instructed to continue with 2 1/2 mg. qhs and is to followup with Anticoagulation Clinic in one week for further pro time checks and adjustments .
The patient did develop some hypertension during infusion of her VP 16 to the 170/100 range , which apparently happened during her prior chemotherapy .
The patient was instructed to followup with her internist regarding further evaluation of her hypertension , and should be assessed regarding further management , as an inpatient , or while receiving chemotherapy .
]]></TEXT>
<TAGS>
<EVENT id="E0" start="1" end="10" text="ADMISSION" modality="FACTUAL" polarity="POS" type="OCCURRENCE" />
<EVENT id="E1" start="27" end="36" text="DISCHARGE" modality="FACTUAL" polarity="POS" type="OCCURRENCE" />
<EVENT id="E2" start="53" end="62" text="DISCHARGE" modality="FACTUAL" polarity="POS" type="OCCURRENCE" />
<EVENT id="E3" start="164" end="196" text="stenotic area on her mid sigmoid" modality="FACTUAL" polarity="POS" type="PROBLEM" />
<EVENT id="E4" start="210" end="222" text="barium enema" modality="FACTUAL" polarity="POS" type="TEST" />
<EVENT id="E5" start="225" end="239" text="The ultrasound" modality="FACTUAL" polarity="POS" type="TEST" />
<EVENT id="E6" start="240" end="246" text="showed" modality="FACTUAL" polarity="POS" type="EVIDENTIAL" />
<EVENT id="E7" start="247" end="254" text="ascites" modality="FACTUAL" polarity="POS" type="PROBLEM" />
<EVENT id="E8" start="271" end="282" text="pelvic mass" modality="POSSIBLE" polarity="POS" type="PROBLEM" />
<EVENT id="E9" start="313" end="328" text="General surgery" modality="FACTUAL" polarity="POS" type="CLINICAL_DEPT" />
<EVENT id="E10" start="339" end="363" text="the 3C ovarian carcinoma" modality="FACTUAL" polarity="POS" type="PROBLEM" />
<EVENT id="E11" start="387" end="401" text="an omentectomy" modality="FACTUAL" polarity="POS" type="TREATMENT" />
<EVENT id="E12" start="406" end="415" text="ileostomy" modality="FACTUAL" polarity="POS" type="TREATMENT" />
<EVENT id="E13" start="434" end="442" text="admitted" modality="FACTUAL" polarity="POS" type="OCCURRENCE" />
<EVENT id="E14" start="460" end="467" text="Cytoxan" modality="FACTUAL" polarity="POS" type="TREATMENT" />
<EVENT id="E15" start="472" end="481" text="Cisplatin" modality="FACTUAL" polarity="POS" type="TREATMENT" />
<EVENT id="E16" start="511" end="520" text="debulking" modality="FACTUAL" polarity="POS" type="TREATMENT" />
<EVENT id="E17" start="547" end="610" text="a total abdominal hysterectomy/ bilateral salpingo-oophorectomy" modality="FACTUAL" polarity="POS" type="TREATMENT" />
<EVENT id="E18" start="613" end="624" text="omentectomy" modality="FACTUAL" polarity="POS" type="TREATMENT" />
<EVENT id="E19" start="627" end="638" text="splenectomy" modality="FACTUAL" polarity="POS" type="TREATMENT" />
<EVENT id="E20" start="641" end="663" text="rectosigmoid resection" modality="FACTUAL" polarity="POS" type="TREATMENT" />
<EVENT id="E21" start="669" end="697" text="a take down of the ileostomy" modality="FACTUAL" polarity="POS" type="TREATMENT" />
<EVENT id="E22" start="705" end="726" text="ileal cecal resection" modality="FACTUAL" polarity="POS" type="TREATMENT" />
<EVENT id="E23" start="729" end="732" text="MDR" modality="FACTUAL" polarity="POS" type="TEST" />
<EVENT id="E24" start="733" end="739" text="showed" modality="FACTUAL" polarity="POS" type="EVIDENTIAL" />
<EVENT id="E25" start="745" end="754" text="Cisplatin" modality="FACTUAL" polarity="POS" type="TREATMENT" />
<EVENT id="E26" start="759" end="761" text="VP" modality="FACTUAL" polarity="POS" type="TREATMENT" />
<EVENT id="E27" start="803" end="811" text="presents" modality="FACTUAL" polarity="POS" type="EVIDENTIAL" />
<EVENT id="E28" start="842" end="874" text="VP 16 and Cisplatin chemotherapy" modality="FACTUAL" polarity="POS" type="TREATMENT" />
<EVENT id="E29" start="911" end="919" text="admitted" modality="FACTUAL" polarity="POS" type="OCCURRENCE" />
<EVENT id="E30" start="923" end="935" text="the hospital" modality="FACTUAL" polarity="POS" type="CLINICAL_DEPT" />
<EVENT id="E31" start="949" end="958" text="two units" modality="FACTUAL" polarity="POS" type="TREATMENT" />
<EVENT id="E32" start="962" end="984" text="packed red blood cells" modality="FACTUAL" polarity="POS" type="TREATMENT" />
<EVENT id="E33" start="989" end="1003" text="her hematocrit" modality="FACTUAL" polarity="POS" type="TEST" />
<EVENT id="E34" start="1020" end="1040" text="a magnesium repleted" modality="FACTUAL" polarity="POS" type="TREATMENT" />
<EVENT id="E35" start="1078" end="1090" text="chemotherapy" modality="FACTUAL" polarity="POS" type="TREATMENT" />
<EVENT id="E36" start="1117" end="1126" text="Cisplatin" modality="FACTUAL" polarity="POS" type="TREATMENT" />
<EVENT id="E37" start="1138" end="1140" text="VP" modality="FACTUAL" polarity="POS" type="TREATMENT" />
<EVENT id="E38" start="1150" end="1187" text="tolerated chemotherapy resonably well" modality="FACTUAL" polarity="POS" type="OCCURRENCE" />
<EVENT id="E39" start="1190" end="1200" text="Serial PTs" modality="FACTUAL" polarity="POS" type="TEST" />
<EVENT id="E40" start="1237" end="1242" text="noted" modality="FACTUAL" polarity="POS" type="EVIDENTIAL" />
<EVENT id="E41" start="1251" end="1264" text="an initial PT" modality="FACTUAL" polarity="POS" type="TEST" />
<EVENT id="E42" start="1276" end="1285" text="admission" modality="FACTUAL" polarity="POS" type="OCCURRENCE" />
<EVENT id="E43" start="1296" end="1304" text="Coumadin" modality="FACTUAL" polarity="POS" type="TREATMENT" />
<EVENT id="E44" start="1410" end="1438" text="The patient &apos;s pro time" modality="FACTUAL" polarity="POS" type="TEST" />
<EVENT id="E45" start="1601" end="1624" text="further pro time checks" modality="FACTUAL" polarity="POS" type="TEST" />
<EVENT id="E46" start="1629" end="1640" text="adjustments" modality="FACTUAL" polarity="POS" type="TREATMENT" />
<EVENT id="E47" start="1667" end="1684" text="some hypertension" modality="FACTUAL" polarity="POS" type="PROBLEM" />
<EVENT id="E48" start="1692" end="1710" text="infusion of her VP" modality="FACTUAL" polarity="POS" type="TREATMENT" />
<EVENT id="E49" start="1770" end="1792" text="her prior chemotherapy" modality="FACTUAL" polarity="POS" type="TREATMENT" />
<EVENT id="E50" start="1863" end="1881" text="further evaluation" modality="FACTUAL" polarity="POS" type="TEST" />
<EVENT id="E51" start="1885" end="1901" text="her hypertension" modality="FACTUAL" polarity="POS" type="PROBLEM" />
<EVENT id="E52" start="1937" end="1955" text="further management" modality="FACTUAL" polarity="POS" type="TREATMENT" />
<EVENT id="E53" start="1995" end="2007" text="chemotherapy" modality="FACTUAL" polarity="POS" type="TREATMENT" />
<TIMEX3 id="T0" start="18" end="26" text="09/21/92" type="DATE" val="1992-09-21" mod="NA" />
<TIMEX3 id="T1" start="44" end="52" text="09/24/92" type="DATE" val="1992-09-24" mod="NA" />
<TIMEX3 id="T2" start="70" end="78" text="09/24/92" type="DATE" val="1992-09-24" mod="NA" />
<TIMEX3 id="T3" start="524" end="533" text="June 1992" type="DATE" val="1992-06" mod="NA" />
<TIMEX3 id="T4" start="1064" end="1074" text="three days" type="DURATION" val="P3D" mod="NA" />
<TIMEX3 id="T5" start="1339" end="1355" text="hospital day # 1" type="DATE" val="1992-09-21" mod="NA" />
<TIMEX3 id="T6" start="1371" end="1385" text="hospital day 2" type="DATE" val="1992-09-22" mod="NA" />
<TIMEX3 id="T7" start="1404" end="1407" text="qhs" type="FREQUENCY" val="RPT24H" mod="NA" />
<TIMEX3 id="T8" start="1457" end="1473" text="hospital day # 3" type="DATE" val="1992-09-23" mod="NA" />
<TIMEX3 id="T9" start="1526" end="1529" text="1/2" type="DATE" val="1993-01-02" mod="NA" />
<TIMEX3 id="T10" start="1534" end="1537" text="qhs" type="FREQUENCY" val="RPT24H" mod="APPROX" />
<TIMEX3 id="T11" start="1588" end="1596" text="one week" type="DURATION" val="P1W" mod="NA" />
<TLINK id="TL0" fromID="E5" fromText="The ultrasound" toID="E6" toText="showed" type="OVERLAP" />
<TLINK id="TL1" fromID="E6" fromText="showed" toID="E5" toText="The ultrasound" type="OVERLAP" />
<TLINK id="TL2" fromID="E6" fromText="showed" toID="E7" toText="ascites" type="AFTER" />
<TLINK id="TL3" fromID="E7" fromText="ascites" toID="E6" toText="showed" type="BEFORE" />
<TLINK id="TL4" fromID="E11" fromText="an omentectomy" toID="E12" toText="ileostomy" type="OVERLAP" />
<TLINK id="TL5" fromID="E12" fromText="ileostomy" toID="E11" toText="an omentectomy" type="OVERLAP" />
<TLINK id="TL6" fromID="E13" fromText="admitted" toID="E14" toText="Cytoxan" type="BEFORE" />
<TLINK id="TL7" fromID="E14" fromText="Cytoxan" toID="E13" toText="admitted" type="AFTER" />
<TLINK id="TL8" fromID="E14" fromText="Cytoxan" toID="E15" toText="Cisplatin" type="OVERLAP" />
<TLINK id="TL9" fromID="E15" fromText="Cisplatin" toID="E14" toText="Cytoxan" type="OVERLAP" />
<TLINK id="TL10" fromID="E17" fromText="a total abdominal hysterectomy/ bilateral salpingo-oophorectomy" toID="E18" toText="omentectomy" type="OVERLAP" />
<TLINK id="TL11" fromID="E18" fromText="omentectomy" toID="E17" toText="a total abdominal hysterectomy/ bilateral salpingo-oophorectomy" type="OVERLAP" />
<TLINK id="TL12" fromID="E18" fromText="omentectomy" toID="E19" toText="splenectomy" type="OVERLAP" />
<TLINK id="TL13" fromID="E19" fromText="splenectomy" toID="E18" toText="omentectomy" type="OVERLAP" />
<TLINK id="TL14" fromID="E19" fromText="splenectomy" toID="E20" toText="rectosigmoid resection" type="OVERLAP" />
<TLINK id="TL15" fromID="E20" fromText="rectosigmoid resection" toID="E19" toText="splenectomy" type="OVERLAP" />
<TLINK id="TL16" fromID="E20" fromText="rectosigmoid resection" toID="E21" toText="a take down of the ileostomy" type="OVERLAP" />
<TLINK id="TL17" fromID="E21" fromText="a take down of the ileostomy" toID="E20" toText="rectosigmoid resection" type="OVERLAP" />
<TLINK id="TL18" fromID="E22" fromText="ileal cecal resection" toID="E23" toText="MDR" type="OVERLAP" />
<TLINK id="TL19" fromID="E23" fromText="MDR" toID="E22" toText="ileal cecal resection" type="OVERLAP" />
<TLINK id="TL20" fromID="E23" fromText="MDR" toID="E24" toText="showed" type="OVERLAP" />
<TLINK id="TL21" fromID="E24" fromText="showed" toID="E23" toText="MDR" type="OVERLAP" />
<TLINK id="TL22" fromID="E25" fromText="Cisplatin" toID="E26" toText="VP" type="OVERLAP" />
<TLINK id="TL23" fromID="E26" fromText="VP" toID="E25" toText="Cisplatin" type="OVERLAP" />
<TLINK id="TL24" fromID="E27" fromText="presents" toID="E28" toText="VP 16 and Cisplatin chemotherapy" type="OVERLAP" />
<TLINK id="TL25" fromID="E28" fromText="VP 16 and Cisplatin chemotherapy" toID="E27" toText="presents" type="OVERLAP" />
<TLINK id="TL26" fromID="E29" fromText="admitted" toID="E30" toText="the hospital" type="BEFORE" />
<TLINK id="TL27" fromID="E30" fromText="the hospital" toID="E29" toText="admitted" type="AFTER" />
<TLINK id="TL28" fromID="E31" fromText="two units" toID="E32" toText="packed red blood cells" type="OVERLAP" />
<TLINK id="TL29" fromID="E32" fromText="packed red blood cells" toID="E31" toText="two units" type="OVERLAP" />
<TLINK id="TL30" fromID="E35" fromText="chemotherapy" toID="E36" toText="Cisplatin" type="OVERLAP" />
<TLINK id="TL31" fromID="E36" fromText="Cisplatin" toID="E35" toText="chemotherapy" type="OVERLAP" />
<TLINK id="TL32" fromID="E36" fromText="Cisplatin" toID="E37" toText="VP" type="OVERLAP" />
<TLINK id="TL33" fromID="E37" fromText="VP" toID="E36" toText="Cisplatin" type="OVERLAP" />
<TLINK id="TL34" fromID="E39" fromText="Serial PTs" toID="E40" toText="noted" type="OVERLAP" />
<TLINK id="TL35" fromID="E40" fromText="noted" toID="E39" toText="Serial PTs" type="OVERLAP" />
<TLINK id="TL36" fromID="E40" fromText="noted" toID="E41" toText="an initial PT" type="OVERLAP" />
<TLINK id="TL37" fromID="E41" fromText="an initial PT" toID="E40" toText="noted" type="OVERLAP" />
<TLINK id="TL38" fromID="E41" fromText="an initial PT" toID="E42" toText="admission" type="OVERLAP" />
<TLINK id="TL39" fromID="E42" fromText="admission" toID="E41" toText="an initial PT" type="OVERLAP" />
<TLINK id="TL40" fromID="E45" fromText="further pro time checks" toID="E46" toText="adjustments" type="OVERLAP" />
<TLINK id="TL41" fromID="E46" fromText="adjustments" toID="E45" toText="further pro time checks" type="OVERLAP" />
<TLINK id="TL42" fromID="E47" fromText="some hypertension" toID="E48" toText="infusion of her VP" type="OVERLAP" />
<TLINK id="TL43" fromID="E48" fromText="infusion of her VP" toID="E47" toText="some hypertension" type="OVERLAP" />
<TLINK id="TL44" fromID="E48" fromText="infusion of her VP" toID="E49" toText="her prior chemotherapy" type="OVERLAP" />
<TLINK id="TL45" fromID="E49" fromText="her prior chemotherapy" toID="E48" toText="infusion of her VP" type="OVERLAP" />
<TLINK id="TL46" fromID="E50" fromText="further evaluation" toID="E51" toText="her hypertension" type="AFTER" />
<TLINK id="TL47" fromID="E51" fromText="her hypertension" toID="E50" toText="further evaluation" type="BEFORE" />
<TLINK id="TL48" fromID="E52" fromText="further management" toID="E53" toText="chemotherapy" type="OVERLAP" />
<TLINK id="TL49" fromID="E53" fromText="chemotherapy" toID="E52" toText="further management" type="OVERLAP" />
<TLINK id="TL50" fromID="E16" fromText="debulking" toID="T3" toText="June 1992" type="OVERLAP" />
<TLINK id="TL51" fromID="T3" fromText="June 1992" toID="E16" toText="debulking" type="OVERLAP" />
<TLINK id="TL52" fromID="T4" fromText="three days" toID="E35" toText="chemotherapy" type="OVERLAP" />
<TLINK id="TL53" fromID="E35" fromText="chemotherapy" toID="T4" toText="three days" type="OVERLAP" />
<TLINK id="TL54" fromID="E44" fromText="The patient &apos;s pro time" toID="T8" toText="hospital day # 3" type="OVERLAP" />
<TLINK id="TL55" fromID="T8" fromText="hospital day # 3" toID="E44" toText="The patient &apos;s pro time" type="OVERLAP" />
<TLINK id="TL56" fromID="T0" fromText="09/21/92" toID="T2" toText="09/24/92" type="BEFORE" />
<TLINK id="SECTIME0" fromID="T0" fromText="09/21/92" toID="E3" toText="stenotic area on her mid sigmoid" type="AFTER" />
<TLINK id="SECTIME1" fromID="T0" fromText="09/21/92" toID="E4" toText="barium enema" type="AFTER" />
<TLINK id="SECTIME2" fromID="T0" fromText="09/21/92" toID="E5" toText="The ultrasound" type="AFTER" />
<TLINK id="SECTIME3" fromID="T0" fromText="09/21/92" toID="E6" toText="showed" type="AFTER" />
<TLINK id="SECTIME4" fromID="T0" fromText="09/21/92" toID="E7" toText="ascites" type="AFTER" />
<TLINK id="SECTIME5" fromID="T0" fromText="09/21/92" toID="E8" toText="pelvic mass" type="AFTER" />
<TLINK id="SECTIME6" fromID="T0" fromText="09/21/92" toID="E9" toText="General surgery" type="AFTER" />
<TLINK id="SECTIME7" fromID="T0" fromText="09/21/92" toID="E10" toText="the 3C ovarian carcinoma" type="AFTER" />
<TLINK id="SECTIME8" fromID="T0" fromText="09/21/92" toID="E11" toText="an omentectomy" type="AFTER" />
<TLINK id="SECTIME9" fromID="T0" fromText="09/21/92" toID="E12" toText="ileostomy" type="AFTER" />
<TLINK id="SECTIME10" fromID="T0" fromText="09/21/92" toID="E13" toText="admitted" type="OVERLAP" />
<TLINK id="SECTIME11" fromID="T0" fromText="09/21/92" toID="E14" toText="Cytoxan" type="AFTER" />
<TLINK id="SECTIME12" fromID="T0" fromText="09/21/92" toID="E15" toText="Cisplatin" type="AFTER" />
<TLINK id="SECTIME13" fromID="T0" fromText="09/21/92" toID="E16" toText="debulking" type="AFTER" />
<TLINK id="TL57" fromID="T0" fromText="09/21/92" toID="T3" toText="June 1992" type="AFTER" />
<TLINK id="SECTIME14" fromID="T0" fromText="09/21/92" toID="E17" toText="a total abdominal hysterectomy/ bilateral salpingo-oophorectomy" type="AFTER" />
<TLINK id="SECTIME15" fromID="T0" fromText="09/21/92" toID="E18" toText="omentectomy" type="AFTER" />
<TLINK id="SECTIME16" fromID="T0" fromText="09/21/92" toID="E19" toText="splenectomy" type="AFTER" />
<TLINK id="SECTIME17" fromID="T0" fromText="09/21/92" toID="E20" toText="rectosigmoid resection" type="AFTER" />
<TLINK id="SECTIME18" fromID="T0" fromText="09/21/92" toID="E21" toText="a take down of the ileostomy" type="AFTER" />
<TLINK id="SECTIME19" fromID="T0" fromText="09/21/92" toID="E22" toText="ileal cecal resection" type="AFTER" />
<TLINK id="SECTIME20" fromID="T0" fromText="09/21/92" toID="E23" toText="MDR" type="AFTER" />
<TLINK id="SECTIME21" fromID="T0" fromText="09/21/92" toID="E24" toText="showed" type="AFTER" />
<TLINK id="SECTIME22" fromID="T0" fromText="09/21/92" toID="E25" toText="Cisplatin" type="AFTER" />
<TLINK id="SECTIME23" fromID="T0" fromText="09/21/92" toID="E26" toText="VP" type="AFTER" />
<TLINK id="SECTIME24" fromID="T0" fromText="09/21/92" toID="E27" toText="presents" type="OVERLAP" />
<TLINK id="SECTIME25" fromID="T0" fromText="09/21/92" toID="E28" toText="VP 16 and Cisplatin chemotherapy" type="OVERLAP" />
<TLINK id="TL58" fromID="T0" fromText="09/21/92" toID="T5" toText="hospital day # 1" type="OVERLAP" />
<TLINK id="TL59" fromID="T0" fromText="09/21/92" toID="T6" toText="hospital day 2" type="BEFORE" />
<TLINK id="TL60" fromID="T0" fromText="09/21/92" toID="T8" toText="hospital day # 3" type="BEFORE" />
<TLINK id="TL61" fromID="T0" fromText="09/21/92" toID="T9" toText="1/2" type="BEFORE" />
<TLINK id="TL62" fromID="E11" fromText="an omentectomy" toID="E18" toText="omentectomy" type="OVERLAP" />
<TLINK id="TL63" fromID="E12" fromText="ileostomy" toID="E21" toText="a take down of the ileostomy" type="OVERLAP" />
<TLINK id="TL64" fromID="E15" fromText="Cisplatin" toID="E25" toText="Cisplatin" type="OVERLAP" />
<TLINK id="TL65" fromID="E18" fromText="omentectomy" toID="E11" toText="an omentectomy" type="OVERLAP" />
<TLINK id="TL66" fromID="E21" fromText="a take down of the ileostomy" toID="E12" toText="ileostomy" type="OVERLAP" />
<TLINK id="TL67" fromID="E25" fromText="Cisplatin" toID="E15" toText="Cisplatin" type="OVERLAP" />
<TLINK id="TL68" fromID="E47" fromText="some hypertension" toID="E51" toText="her hypertension" type="OVERLAP" />
<TLINK id="TL69" fromID="E49" fromText="her prior chemotherapy" toID="E53" toText="chemotherapy" type="OVERLAP" />
<TLINK id="TL70" fromID="E51" fromText="her hypertension" toID="E47" toText="some hypertension" type="OVERLAP" />
<TLINK id="TL71" fromID="E53" fromText="chemotherapy" toID="E49" toText="her prior chemotherapy" type="OVERLAP" />
<TLINK id="SECTIME26" fromID="E0" fromText="ADMISSION" toID="T0" toText="09/21/92" type="OVERLAP" />
<TLINK id="SECTIME27" fromID="T0" fromText="09/21/92" toID="E0" toText="ADMISSION" type="OVERLAP" />
<TLINK id="SECTIME28" fromID="T0" fromText="09/21/92" toID="E1" toText="DISCHARGE" type="BEFORE" />
<TLINK id="SECTIME29" fromID="E1" fromText="DISCHARGE" toID="T0" toText="09/21/92" type="AFTER" />
<TLINK id="SECTIME30" fromID="E1" fromText="DISCHARGE" toID="T1" toText="09/24/92" type="OVERLAP" />
<TLINK id="SECTIME31" fromID="T1" fromText="09/24/92" toID="E1" toText="DISCHARGE" type="OVERLAP" />
<TLINK id="SECTIME32" fromID="T1" fromText="09/24/92" toID="E2" toText="DISCHARGE" type="BEFORE" />
<TLINK id="SECTIME33" fromID="E2" fromText="DISCHARGE" toID="T1" toText="09/24/92" type="AFTER" />
<TLINK id="SECTIME34" fromID="E2" fromText="DISCHARGE" toID="T2" toText="09/24/92" type="OVERLAP" />
<TLINK id="SECTIME35" fromID="T2" fromText="09/24/92" toID="E2" toText="DISCHARGE" type="OVERLAP" />
<TLINK id="TL72" fromID="E11" fromText="an omentectomy" toID="E18" toText="omentectomy" type="OVERLAP" />
<TLINK id="TL73" fromID="E12" fromText="ileostomy" toID="E21" toText="a take down of the ileostomy" type="OVERLAP" />
<TLINK id="TL74" fromID="E15" fromText="Cisplatin" toID="E25" toText="Cisplatin" type="OVERLAP" />
<TLINK id="TL75" fromID="E15" fromText="Cisplatin" toID="E36" toText="Cisplatin" type="OVERLAP" />
<TLINK id="TL76" fromID="E18" fromText="omentectomy" toID="E11" toText="an omentectomy" type="OVERLAP" />
<TLINK id="TL77" fromID="E21" fromText="a take down of the ileostomy" toID="E12" toText="ileostomy" type="OVERLAP" />
<TLINK id="TL78" fromID="E25" fromText="Cisplatin" toID="E15" toText="Cisplatin" type="OVERLAP" />
<TLINK id="TL79" fromID="E25" fromText="Cisplatin" toID="E36" toText="Cisplatin" type="OVERLAP" />
<TLINK id="TL80" fromID="E28" fromText="VP 16 and Cisplatin chemotherapy" toID="E35" toText="chemotherapy" type="OVERLAP" />
<TLINK id="TL81" fromID="E35" fromText="chemotherapy" toID="E28" toText="VP 16 and Cisplatin chemotherapy" type="OVERLAP" />
<TLINK id="TL82" fromID="E36" fromText="Cisplatin" toID="E15" toText="Cisplatin" type="OVERLAP" />
<TLINK id="TL83" fromID="E36" fromText="Cisplatin" toID="E25" toText="Cisplatin" type="OVERLAP" />
<TLINK id="TL84" fromID="E47" fromText="some hypertension" toID="E51" toText="her hypertension" type="OVERLAP" />
<TLINK id="TL85" fromID="E51" fromText="her hypertension" toID="E47" toText="some hypertension" type="OVERLAP" />
<TLINK id="TL86" fromID="T3" fromText="June 1992" toID="E13" toText="admitted" type="AFTER" />
<TLINK id="TL87" fromID="T3" fromText="June 1992" toID="E14" toText="Cytoxan" type="AFTER" />
<TLINK id="TL88" fromID="T3" fromText="June 1992" toID="E15" toText="Cisplatin" type="AFTER" />
<TLINK id="TL89" fromID="T3" fromText="June 1992" toID="E21" toText="a take down of the ileostomy" type="OVERLAP" />
<TLINK id="TL90" fromID="E13" fromText="admitted" toID="T3" toText="June 1992" type="BEFORE" />
<TLINK id="TL91" fromID="E13" fromText="admitted" toID="E15" toText="Cisplatin" type="BEFORE" />
<TLINK id="TL92" fromID="E13" fromText="admitted" toID="E17" toText="a total abdominal hysterectomy/ bilateral salpingo-oophorectomy" type="BEFORE" />
<TLINK id="TL93" fromID="E13" fromText="admitted" toID="E18" toText="omentectomy" type="BEFORE" />
<TLINK id="TL94" fromID="E13" fromText="admitted" toID="E19" toText="splenectomy" type="BEFORE" />
<TLINK id="TL95" fromID="E14" fromText="Cytoxan" toID="T3" toText="June 1992" type="BEFORE" />
<TLINK id="TL96" fromID="E14" fromText="Cytoxan" toID="E16" toText="debulking" type="BEFORE" />
<TLINK id="TL97" fromID="E14" fromText="Cytoxan" toID="E17" toText="a total abdominal hysterectomy/ bilateral salpingo-oophorectomy" type="BEFORE" />
<TLINK id="TL98" fromID="E14" fromText="Cytoxan" toID="E18" toText="omentectomy" type="BEFORE" />
<TLINK id="TL99" fromID="E14" fromText="Cytoxan" toID="E19" toText="splenectomy" type="BEFORE" />
<TLINK id="TL100" fromID="E15" fromText="Cisplatin" toID="T3" toText="June 1992" type="BEFORE" />
<TLINK id="TL101" fromID="E15" fromText="Cisplatin" toID="E13" toText="admitted" type="AFTER" />
<TLINK id="TL102" fromID="E15" fromText="Cisplatin" toID="E17" toText="a total abdominal hysterectomy/ bilateral salpingo-oophorectomy" type="BEFORE" />
<TLINK id="TL103" fromID="E15" fromText="Cisplatin" toID="E18" toText="omentectomy" type="BEFORE" />
<TLINK id="TL104" fromID="E15" fromText="Cisplatin" toID="E19" toText="splenectomy" type="BEFORE" />
<TLINK id="TL105" fromID="E15" fromText="Cisplatin" toID="E20" toText="rectosigmoid resection" type="BEFORE" />
<TLINK id="TL106" fromID="E15" fromText="Cisplatin" toID="E21" toText="a take down of the ileostomy" type="BEFORE" />
<TLINK id="TL107" fromID="E16" fromText="debulking" toID="E14" toText="Cytoxan" type="AFTER" />
<TLINK id="TL108" fromID="E16" fromText="debulking" toID="E21" toText="a take down of the ileostomy" type="OVERLAP" />
<TLINK id="TL109" fromID="E17" fromText="a total abdominal hysterectomy/ bilateral salpingo-oophorectomy" toID="E13" toText="admitted" type="AFTER" />
<TLINK id="TL110" fromID="E17" fromText="a total abdominal hysterectomy/ bilateral salpingo-oophorectomy" toID="E14" toText="Cytoxan" type="AFTER" />
<TLINK id="TL111" fromID="E17" fromText="a total abdominal hysterectomy/ bilateral salpingo-oophorectomy" toID="E15" toText="Cisplatin" type="AFTER" />
<TLINK id="TL112" fromID="E17" fromText="a total abdominal hysterectomy/ bilateral salpingo-oophorectomy" toID="E21" toText="a take down of the ileostomy" type="OVERLAP" />
<TLINK id="TL113" fromID="E18" fromText="omentectomy" toID="E13" toText="admitted" type="AFTER" />
<TLINK id="TL114" fromID="E18" fromText="omentectomy" toID="E14" toText="Cytoxan" type="AFTER" />
<TLINK id="TL115" fromID="E18" fromText="omentectomy" toID="E15" toText="Cisplatin" type="AFTER" />
<TLINK id="TL116" fromID="E18" fromText="omentectomy" toID="E21" toText="a take down of the ileostomy" type="OVERLAP" />
<TLINK id="TL117" fromID="E19" fromText="splenectomy" toID="E13" toText="admitted" type="AFTER" />
<TLINK id="TL118" fromID="E19" fromText="splenectomy" toID="E14" toText="Cytoxan" type="AFTER" />
<TLINK id="TL119" fromID="E19" fromText="splenectomy" toID="E15" toText="Cisplatin" type="AFTER" />
<TLINK id="TL120" fromID="E19" fromText="splenectomy" toID="E21" toText="a take down of the ileostomy" type="OVERLAP" />
<TLINK id="TL121" fromID="E20" fromText="rectosigmoid resection" toID="E15" toText="Cisplatin" type="AFTER" />
<TLINK id="TL122" fromID="E21" fromText="a take down of the ileostomy" toID="T3" toText="June 1992" type="OVERLAP" />
<TLINK id="TL123" fromID="E21" fromText="a take down of the ileostomy" toID="E15" toText="Cisplatin" type="AFTER" />
<TLINK id="TL124" fromID="E21" fromText="a take down of the ileostomy" toID="E16" toText="debulking" type="OVERLAP" />
<TLINK id="TL125" fromID="E21" fromText="a take down of the ileostomy" toID="E17" toText="a total abdominal hysterectomy/ bilateral salpingo-oophorectomy" type="OVERLAP" />
<TLINK id="TL126" fromID="E21" fromText="a take down of the ileostomy" toID="E18" toText="omentectomy" type="OVERLAP" />
<TLINK id="TL127" fromID="E21" fromText="a take down of the ileostomy" toID="E19" toText="splenectomy" type="OVERLAP" />
<TLINK id="TL128" fromID="E22" fromText="ileal cecal resection" toID="E24" toText="showed" type="OVERLAP" />
<TLINK id="TL129" fromID="E22" fromText="ileal cecal resection" toID="E25" toText="Cisplatin" type="OVERLAP" />
<TLINK id="TL130" fromID="E22" fromText="ileal cecal resection" toID="E26" toText="VP" type="OVERLAP" />
<TLINK id="TL131" fromID="E24" fromText="showed" toID="E22" toText="ileal cecal resection" type="OVERLAP" />
<TLINK id="TL132" fromID="E25" fromText="Cisplatin" toID="E22" toText="ileal cecal resection" type="OVERLAP" />
<TLINK id="TL133" fromID="E26" fromText="VP" toID="E22" toText="ileal cecal resection" type="OVERLAP" />
<TLINK id="TL134" fromID="E31" fromText="two units" toID="E33" toText="her hematocrit" type="OVERLAP" />
<TLINK id="TL135" fromID="E31" fromText="two units" toID="E34" toText="a magnesium repleted" type="OVERLAP" />
<TLINK id="TL136" fromID="E32" fromText="packed red blood cells" toID="E34" toText="a magnesium repleted" type="OVERLAP" />
<TLINK id="TL137" fromID="E33" fromText="her hematocrit" toID="E31" toText="two units" type="OVERLAP" />
<TLINK id="TL138" fromID="E33" fromText="her hematocrit" toID="E34" toText="a magnesium repleted" type="OVERLAP" />
<TLINK id="TL139" fromID="E34" fromText="a magnesium repleted" toID="E31" toText="two units" type="OVERLAP" />
<TLINK id="TL140" fromID="E34" fromText="a magnesium repleted" toID="E32" toText="packed red blood cells" type="OVERLAP" />
<TLINK id="TL141" fromID="E34" fromText="a magnesium repleted" toID="E33" toText="her hematocrit" type="OVERLAP" />
<TLINK id="TL142" fromID="T4" fromText="three days" toID="E38" toText="tolerated chemotherapy resonably well" type="OVERLAP" />
<TLINK id="TL143" fromID="E35" fromText="chemotherapy" toID="E37" toText="VP" type="OVERLAP" />
<TLINK id="TL144" fromID="E35" fromText="chemotherapy" toID="E38" toText="tolerated chemotherapy resonably well" type="OVERLAP" />
<TLINK id="TL145" fromID="E36" fromText="Cisplatin" toID="E38" toText="tolerated chemotherapy resonably well" type="OVERLAP" />
<TLINK id="TL146" fromID="E37" fromText="VP" toID="E35" toText="chemotherapy" type="OVERLAP" />
<TLINK id="TL147" fromID="E37" fromText="VP" toID="E38" toText="tolerated chemotherapy resonably well" type="OVERLAP" />
<TLINK id="TL148" fromID="E38" fromText="tolerated chemotherapy resonably well" toID="T4" toText="three days" type="OVERLAP" />
<TLINK id="TL149" fromID="E38" fromText="tolerated chemotherapy resonably well" toID="E35" toText="chemotherapy" type="OVERLAP" />
<TLINK id="TL150" fromID="E38" fromText="tolerated chemotherapy resonably well" toID="E36" toText="Cisplatin" type="OVERLAP" />
<TLINK id="TL151" fromID="E38" fromText="tolerated chemotherapy resonably well" toID="E37" toText="VP" type="OVERLAP" />
<TLINK id="TL152" fromID="E39" fromText="Serial PTs" toID="E41" toText="an initial PT" type="OVERLAP" />
<TLINK id="TL153" fromID="E39" fromText="Serial PTs" toID="E42" toText="admission" type="OVERLAP" />
<TLINK id="TL154" fromID="E39" fromText="Serial PTs" toID="E43" toText="Coumadin" type="OVERLAP" />
<TLINK id="TL155" fromID="E41" fromText="an initial PT" toID="E39" toText="Serial PTs" type="OVERLAP" />
<TLINK id="TL156" fromID="E42" fromText="admission" toID="E39" toText="Serial PTs" type="OVERLAP" />
<TLINK id="TL157" fromID="E42" fromText="admission" toID="E43" toText="Coumadin" type="OVERLAP" />
<TLINK id="TL158" fromID="E43" fromText="Coumadin" toID="E39" toText="Serial PTs" type="OVERLAP" />
<TLINK id="TL159" fromID="E43" fromText="Coumadin" toID="E42" toText="admission" type="OVERLAP" />
<TLINK id="TL160" fromID="T8" fromText="hospital day # 3" toID="E45" toText="further pro time checks" type="BEFORE" />
<TLINK id="TL161" fromID="T8" fromText="hospital day # 3" toID="E46" toText="adjustments" type="BEFORE" />
<TLINK id="TL162" fromID="T9" fromText="1/2" toID="E44" toText="The patient &apos;s pro time" type="AFTER" />
<TLINK id="TL163" fromID="T9" fromText="1/2" toID="E45" toText="further pro time checks" type="BEFORE" />
<TLINK id="TL164" fromID="T9" fromText="1/2" toID="E46" toText="adjustments" type="BEFORE" />
<TLINK id="TL165" fromID="T11" fromText="one week" toID="E44" toText="The patient &apos;s pro time" type="AFTER" />
<TLINK id="TL166" fromID="T11" fromText="one week" toID="E46" toText="adjustments" type="BEFORE" />
<TLINK id="TL167" fromID="E44" fromText="The patient &apos;s pro time" toID="T9" toText="1/2" type="BEFORE" />
<TLINK id="TL168" fromID="E44" fromText="The patient &apos;s pro time" toID="T11" toText="one week" type="BEFORE" />
<TLINK id="TL169" fromID="E45" fromText="further pro time checks" toID="T8" toText="hospital day # 3" type="AFTER" />
<TLINK id="TL170" fromID="E45" fromText="further pro time checks" toID="T9" toText="1/2" type="AFTER" />
<TLINK id="TL171" fromID="E46" fromText="adjustments" toID="T8" toText="hospital day # 3" type="AFTER" />
<TLINK id="TL172" fromID="E46" fromText="adjustments" toID="T9" toText="1/2" type="AFTER" />
<TLINK id="TL173" fromID="E46" fromText="adjustments" toID="T11" toText="one week" type="AFTER" />
<TLINK id="TL174" fromID="E50" fromText="further evaluation" toID="E52" toText="further management" type="OVERLAP" />
<TLINK id="TL175" fromID="E50" fromText="further evaluation" toID="E53" toText="chemotherapy" type="OVERLAP" />
<TLINK id="TL176" fromID="E52" fromText="further management" toID="E50" toText="further evaluation" type="OVERLAP" />
<TLINK id="TL177" fromID="E53" fromText="chemotherapy" toID="E50" toText="further evaluation" type="OVERLAP" />
</TAGS>
</ClinicalNarrativeTemporalAnnotation>
