<?xml version="1.0" encoding="UTF-8" ?>
<ClinicalNarrativeTemporalAnnotation>
<TEXT><![CDATA[
Admission Date :
2019-09-27
Discharge Date :
2019-10-07
Service :
CARDIOTHORACIC
History of Present Illness :
60 yo M with exertional angina -> positive ETT -> cath with severe 3VD
Brief Hospital Course :
He was taken to the operating room on 2019-10-01 where he underwent a CABG x 3 .
He was transferred to the CMED CCU in critical but stable condition .
He was extubated by POD #1 .
He was weaned from his vasoactive drips and transferred to the floor on POD #2 .
He was seen by speech and swallowing who recommended NPO , he then underwent a video swallow after which he was changed to a diet of thin liquids and soft solids , and felt that his eeating may be limited by his loose teeth .
Dentistry and OMFS were consulted , and he had four front teeth removed on 10-04 .
He did well post operatively and he was ready for discharge on 2019-10-07 .
]]></TEXT>
<TAGS>
<EVENT id="E0" start="1" end="10" text="Admission" modality="FACTUAL" polarity="POS" type="OCCURRENCE" />
<EVENT id="E1" start="29" end="38" text="Discharge" modality="FACTUAL" polarity="POS" type="OCCURRENCE" />
<EVENT id="E2" start="124" end="141" text="exertional angina" modality="FACTUAL" polarity="POS" type="PROBLEM" />
<EVENT id="E3" start="145" end="157" text="positive ETT" modality="FACTUAL" polarity="POS" type="PROBLEM" />
<EVENT id="E4" start="161" end="165" text="cath" modality="FACTUAL" polarity="POS" type="TEST" />
<EVENT id="E5" start="171" end="181" text="severe 3VD" modality="FACTUAL" polarity="POS" type="PROBLEM" />
<EVENT id="E6" start="222" end="240" text="the operating room" modality="FACTUAL" polarity="POS" type="CLINICAL_DEPT" />
<EVENT id="E7" start="274" end="280" text="a CABG" modality="FACTUAL" polarity="POS" type="TREATMENT" />
<EVENT id="E8" start="294" end="305" text="transferred" modality="FACTUAL" polarity="POS" type="OCCURRENCE" />
<EVENT id="E9" start="309" end="321" text="the CMED CCU" modality="FACTUAL" polarity="POS" type="CLINICAL_DEPT" />
<EVENT id="E10" start="338" end="354" text="stable condition" modality="FACTUAL" polarity="POS" type="OCCURRENCE" />
<EVENT id="E11" start="364" end="373" text="extubated" modality="FACTUAL" polarity="POS" type="TREATMENT" />
<EVENT id="E12" start="393" end="399" text="weaned" modality="FACTUAL" polarity="POS" type="OCCURRENCE" />
<EVENT id="E13" start="405" end="425" text="his vasoactive drips" modality="FACTUAL" polarity="POS" type="TREATMENT" />
<EVENT id="E14" start="430" end="441" text="transferred" modality="FACTUAL" polarity="POS" type="OCCURRENCE" />
<EVENT id="E15" start="445" end="454" text="the floor" modality="FACTUAL" polarity="POS" type="CLINICAL_DEPT" />
<EVENT id="E16" start="482" end="488" text="speech" modality="FACTUAL" polarity="POS" type="TREATMENT" />
<EVENT id="E17" start="520" end="523" text="NPO" modality="PROPOSED" polarity="POS" type="TREATMENT" />
<EVENT id="E18" start="544" end="559" text="a video swallow" modality="FACTUAL" polarity="POS" type="TEST" />
<EVENT id="E19" start="590" end="628" text="a diet of thin liquids and soft solids" modality="FACTUAL" polarity="POS" type="TREATMENT" />
<EVENT id="E20" start="675" end="690" text="his loose teeth" modality="FACTUAL" polarity="POS" type="PROBLEM" />
<EVENT id="E21" start="717" end="726" text="consulted" modality="FACTUAL" polarity="POS" type="OCCURRENCE" />
<EVENT id="E22" start="779" end="787" text="did well" modality="FACTUAL" polarity="POS" type="OCCURRENCE" />
<EVENT id="E23" start="826" end="835" text="discharge" modality="FACTUAL" polarity="POS" type="OCCURRENCE" />
<TIMEX3 id="T0" start="18" end="28" text="2019-09-27" type="DATE" val="2019-09-27" mod="NA" />
<TIMEX3 id="T1" start="46" end="56" text="2019-10-07" type="DATE" val="2019-10-07" mod="NA" />
<TIMEX3 id="T2" start="244" end="254" text="2019-10-01" type="DATE" val="2019-10-01" mod="NA" />
<TIMEX3 id="T3" start="281" end="284" text="x 3" type="FREQUENCY" val="R3" mod="NA" />
<TIMEX3 id="T4" start="377" end="383" text="POD #1" type="DATE" val="2019-10-01" mod="NA" />
<TIMEX3 id="T5" start="458" end="464" text="POD #2" type="DATE" val="2019-10-02" mod="NA" />
<TIMEX3 id="T6" start="768" end="773" text="10-04" type="DATE" val="2019-10-04" mod="NA" />
<TIMEX3 id="T7" start="839" end="849" text="2019-10-07" type="DATE" val="2019-10-07" mod="NA" />
<TLINK id="TL0" fromID="E2" fromText="exertional angina" toID="E3" toText="positive ETT" type="OVERLAP" />
<TLINK id="TL1" fromID="E3" fromText="positive ETT" toID="E2" toText="exertional angina" type="OVERLAP" />
<TLINK id="TL2" fromID="E4" fromText="cath" toID="E5" toText="severe 3VD" type="AFTER" />
<TLINK id="TL3" fromID="E5" fromText="severe 3VD" toID="E4" toText="cath" type="BEFORE" />
<TLINK id="TL4" fromID="E6" fromText="the operating room" toID="E7" toText="a CABG" type="OVERLAP" />
<TLINK id="TL5" fromID="E7" fromText="a CABG" toID="E6" toText="the operating room" type="OVERLAP" />
<TLINK id="TL6" fromID="E8" fromText="transferred" toID="E9" toText="the CMED CCU" type="BEFORE" />
<TLINK id="TL7" fromID="E9" fromText="the CMED CCU" toID="E8" toText="transferred" type="AFTER" />
<TLINK id="TL8" fromID="E9" fromText="the CMED CCU" toID="E10" toText="stable condition" type="OVERLAP" />
<TLINK id="TL9" fromID="E10" fromText="stable condition" toID="E9" toText="the CMED CCU" type="OVERLAP" />
<TLINK id="TL10" fromID="E12" fromText="weaned" toID="E13" toText="his vasoactive drips" type="AFTER" />
<TLINK id="TL11" fromID="E13" fromText="his vasoactive drips" toID="E12" toText="weaned" type="BEFORE" />
<TLINK id="TL12" fromID="E14" fromText="transferred" toID="E15" toText="the floor" type="BEFORE" />
<TLINK id="TL13" fromID="E15" fromText="the floor" toID="E14" toText="transferred" type="AFTER" />
<TLINK id="TL14" fromID="E17" fromText="NPO" toID="E18" toText="a video swallow" type="OVERLAP" />
<TLINK id="TL15" fromID="E18" fromText="a video swallow" toID="E17" toText="NPO" type="OVERLAP" />
<TLINK id="TL16" fromID="E18" fromText="a video swallow" toID="E19" toText="a diet of thin liquids and soft solids" type="AFTER" />
<TLINK id="TL17" fromID="E19" fromText="a diet of thin liquids and soft solids" toID="E18" toText="a video swallow" type="BEFORE" />
<TLINK id="TL18" fromID="E6" fromText="the operating room" toID="T2" toText="2019-10-01" type="OVERLAP" />
<TLINK id="TL19" fromID="T2" fromText="2019-10-01" toID="E6" toText="the operating room" type="OVERLAP" />
<TLINK id="TL20" fromID="E7" fromText="a CABG" toID="T3" toText="x 3" type="OVERLAP" />
<TLINK id="TL21" fromID="T3" fromText="x 3" toID="E7" toText="a CABG" type="OVERLAP" />
<TLINK id="TL22" fromID="E11" fromText="extubated" toID="T4" toText="POD #1" type="OVERLAP" />
<TLINK id="TL23" fromID="T4" fromText="POD #1" toID="E11" toText="extubated" type="OVERLAP" />
<TLINK id="TL24" fromID="E12" fromText="weaned" toID="T5" toText="POD #2" type="OVERLAP" />
<TLINK id="TL25" fromID="E14" fromText="transferred" toID="T5" toText="POD #2" type="OVERLAP" />
<TLINK id="TL26" fromID="T5" fromText="POD #2" toID="E12" toText="weaned" type="OVERLAP" />
<TLINK id="TL27" fromID="T5" fromText="POD #2" toID="E14" toText="transferred" type="OVERLAP" />
<TLINK id="TL28" fromID="E23" fromText="discharge" toID="T7" toText="2019-10-07" type="OVERLAP" />
<TLINK id="TL29" fromID="T7" fromText="2019-10-07" toID="E23" toText="discharge" type="OVERLAP" />
<TLINK id="SECTIME0" fromID="T0" fromText="2019-09-27" toID="E2" toText="exertional angina" type="AFTER" />
<TLINK id="SECTIME1" fromID="T0" fromText="2019-09-27" toID="E3" toText="positive ETT" type="AFTER" />
<TLINK id="SECTIME2" fromID="T0" fromText="2019-09-27" toID="E4" toText="cath" type="AFTER" />
<TLINK id="SECTIME3" fromID="T0" fromText="2019-09-27" toID="E5" toText="severe 3VD" type="AFTER" />
<TLINK id="TL30" fromID="T0" fromText="2019-09-27" toID="T2" toText="2019-10-01" type="BEFORE" />
<TLINK id="TL31" fromID="T0" fromText="2019-09-27" toID="T4" toText="POD #1" type="BEFORE" />
<TLINK id="TL32" fromID="T0" fromText="2019-09-27" toID="T5" toText="POD #2" type="BEFORE" />
<TLINK id="TL33" fromID="T0" fromText="2019-09-27" toID="T6" toText="10-04" type="BEFORE" />
<TLINK id="TL34" fromID="T0" fromText="2019-09-27" toID="T7" toText="2019-10-07" type="BEFORE" />
<TLINK id="SECTIME4" fromID="T1" fromText="2019-10-07" toID="E6" toText="the operating room" type="AFTER" />
<TLINK id="TL35" fromID="T1" fromText="2019-10-07" toID="T2" toText="2019-10-01" type="AFTER" />
<TLINK id="SECTIME5" fromID="T1" fromText="2019-10-07" toID="E7" toText="a CABG" type="AFTER" />
<TLINK id="SECTIME6" fromID="T1" fromText="2019-10-07" toID="E8" toText="transferred" type="AFTER" />
<TLINK id="SECTIME7" fromID="T1" fromText="2019-10-07" toID="E9" toText="the CMED CCU" type="AFTER" />
<TLINK id="SECTIME8" fromID="T1" fromText="2019-10-07" toID="E10" toText="stable condition" type="AFTER" />
<TLINK id="SECTIME9" fromID="T1" fromText="2019-10-07" toID="E11" toText="extubated" type="AFTER" />
<TLINK id="TL36" fromID="T1" fromText="2019-10-07" toID="T4" toText="POD #1" type="AFTER" />
<TLINK id="SECTIME10" fromID="T1" fromText="2019-10-07" toID="E12" toText="weaned" type="AFTER" />
<TLINK id="SECTIME11" fromID="T1" fromText="2019-10-07" toID="E13" toText="his vasoactive drips" type="AFTER" />
<TLINK id="SECTIME12" fromID="T1" fromText="2019-10-07" toID="E14" toText="transferred" type="AFTER" />
<TLINK id="SECTIME13" fromID="T1" fromText="2019-10-07" toID="E15" toText="the floor" type="AFTER" />
<TLINK id="TL37" fromID="T1" fromText="2019-10-07" toID="T5" toText="POD #2" type="AFTER" />
<TLINK id="SECTIME14" fromID="T1" fromText="2019-10-07" toID="E16" toText="speech" type="AFTER" />
<TLINK id="SECTIME15" fromID="T1" fromText="2019-10-07" toID="E17" toText="NPO" type="AFTER" />
<TLINK id="SECTIME16" fromID="T1" fromText="2019-10-07" toID="E18" toText="a video swallow" type="AFTER" />
<TLINK id="SECTIME17" fromID="T1" fromText="2019-10-07" toID="E19" toText="a diet of thin liquids and soft solids" type="AFTER" />
<TLINK id="SECTIME18" fromID="T1" fromText="2019-10-07" toID="E20" toText="his loose teeth" type="AFTER" />
<TLINK id="SECTIME19" fromID="T1" fromText="2019-10-07" toID="E21" toText="consulted" type="AFTER" />
<TLINK id="TL38" fromID="T1" fromText="2019-10-07" toID="T6" toText="10-04" type="AFTER" />
<TLINK id="SECTIME20" fromID="T1" fromText="2019-10-07" toID="E22" toText="did well" type="AFTER" />
<TLINK id="SECTIME21" fromID="T1" fromText="2019-10-07" toID="E23" toText="discharge" type="OVERLAP" />
<TLINK id="TL39" fromID="T1" fromText="2019-10-07" toID="T7" toText="2019-10-07" type="OVERLAP" />
<TLINK id="TL40" fromID="E6" fromText="the operating room" toID="E9" toText="the CMED CCU" type="OVERLAP" />
<TLINK id="TL41" fromID="E8" fromText="transferred" toID="E6" toText="the operating room" type="AFTER" />
<TLINK id="TL42" fromID="E9" fromText="the CMED CCU" toID="E6" toText="the operating room" type="OVERLAP" />
<TLINK id="SECTIME22" fromID="E0" fromText="Admission" toID="T0" toText="2019-09-27" type="OVERLAP" />
<TLINK id="SECTIME23" fromID="T0" fromText="2019-09-27" toID="E0" toText="Admission" type="OVERLAP" />
<TLINK id="SECTIME24" fromID="T0" fromText="2019-09-27" toID="E1" toText="Discharge" type="BEFORE" />
<TLINK id="SECTIME25" fromID="E1" fromText="Discharge" toID="T0" toText="2019-09-27" type="AFTER" />
<TLINK id="SECTIME26" fromID="E1" fromText="Discharge" toID="T1" toText="2019-10-07" type="OVERLAP" />
<TLINK id="SECTIME27" fromID="T1" fromText="2019-10-07" toID="E1" toText="Discharge" type="OVERLAP" />
</TAGS>
</ClinicalNarrativeTemporalAnnotation>
