<?xml version="1.0" encoding="UTF-8" ?>
<ClinicalNarrativeTemporalAnnotation>
<TEXT><![CDATA[
Admission Date :
2011-02-06
Discharge Date :
2011-02-08
Service :
HISTORY OF PRESENT ILLNESS :
HISTORY OF PRESENT ILLNESS :
Mr. Pohl is a 53 - year-old male with history of alcohol use and hypertension .
He was found in his apartment lobby " shouting " and very agitated .
The patient states that he recalls going out alone to a cafe the evening prior to admission .
There he recalls having pizza and two glasses of red wine .
The patient told other staff that he had a few cocktails and drinking a few more glasses of wine when he ran into some friends at a bar .
He denies any other drug or toxin ingestion .
He does not recall walking home , but he states that the way is well known to him .
He has no further recollection , until he presented to the emergency room .
He by emergency room report , was found in his apartment lobby agitated .
EMS was called and the patient was taken to the emergency room .
Blood alcohol level was 383 .
Agitated in emergency room requiring 4 leather restraints , received 5 mg of Haldol , 2 mg of Ativan .
He became hypotensive in the emergency room with a systolic blood pressure in the 80 's and had decreased respiratory rate .
He received a normal saline bolus of 2 liters of good blood pressure response .
The patient was then admitted to the medical Intensive Care Unit for observation of his blood pressure and then transferred to our service on medicine when the blood pressures remained stable overnight .
The patient denies any chest pain , shortness of breath , dysuria , diarrhea , bright red blood per rectum .
He does complain of cold symptoms times one week .
The patient states in the past that he has participated in several alcohol treatment programs , most recently Star which is similar Alcoholics Anonymous .
The patient admits that he has had many stressors in his life lately .
His job as a computer programmer is unstable .
His brother is mentally handicapped and might be sent away from his instate institution .
He is also concerned about the threat of war and is ready to " move to Madagascar ".
He states that he primarily relies on friends .
In the past , he has been very depressed and has seen a counselor at Greenfield Community College Community Health .
HOSPITAL COURSE :
The patient was transferred to medicine service on hospital day #2 after remaining hemodynamically stable in the CMED CCU overnight .
1. Blood pressure :
The patient 's blood pressure remained stable on hospital day #2 through hospital day #3 status post IV hydration with systolic blood pressures in the 120 's to 130 's.
We continued to hold the patient 's home blood pressure medications .
The patient was asymptomatic without chest pain , shortness of breath and no mental status changes .
2. Substance abuse :
On Hospital day #2 through hospital day #3 , the patient had mild tremor on hands , but improved over hospital course .
The patient became notably less anxious throughout hospital stay .
CIWA scale over night was 1 for tremor and the patient did not require any Valium for alcohol withdrawal .
We believe that the patient is able to be discharged and to follow up with Dr. Sandra Rose , addiction services as an outpatient .
Call for further referral .
3. FEN :
Calcium carbonate 500 mg p.o. t.i.d. , Mag oxide 400 mg p.o. times one dose , potassium chloride repleted 40 mEq times one dose .
]]></TEXT>
<TAGS>
<EVENT id="E0" start="1" end="10" text="Admission" modality="FACTUAL" polarity="POS" type="OCCURRENCE" />
<EVENT id="E1" start="29" end="38" text="Discharge" modality="FACTUAL" polarity="POS" type="OCCURRENCE" />
<EVENT id="E2" start="190" end="202" text="hypertension" modality="FACTUAL" polarity="POS" type="PROBLEM" />
<EVENT id="E3" start="258" end="271" text="very agitated" modality="FACTUAL" polarity="POS" type="PROBLEM" />
<EVENT id="E4" start="286" end="292" text="states" modality="FACTUAL" polarity="POS" type="EVIDENTIAL" />
<EVENT id="E5" start="356" end="365" text="admission" modality="FACTUAL" polarity="POS" type="OCCURRENCE" />
<EVENT id="E6" start="417" end="425" text="red wine" modality="FACTUAL" polarity="POS" type="PROBLEM" />
<EVENT id="E7" start="569" end="575" text="denies" modality="FACTUAL" polarity="POS" type="EVIDENTIAL" />
<EVENT id="E8" start="586" end="590" text="drug" modality="FACTUAL" polarity="POS" type="TREATMENT" />
<EVENT id="E9" start="594" end="609" text="toxin ingestion" modality="FACTUAL" polarity="POS" type="PROBLEM" />
<EVENT id="E10" start="624" end="643" text="recall walking home" modality="FACTUAL" polarity="POS" type="PROBLEM" />
<EVENT id="E11" start="653" end="659" text="states" modality="FACTUAL" polarity="POS" type="EVIDENTIAL" />
<EVENT id="E12" start="738" end="747" text="presented" modality="FACTUAL" polarity="POS" type="OCCURRENCE" />
<EVENT id="E13" start="751" end="769" text="the emergency room" modality="FACTUAL" polarity="POS" type="CLINICAL_DEPT" />
<EVENT id="E14" start="835" end="843" text="agitated" modality="FACTUAL" polarity="POS" type="PROBLEM" />
<EVENT id="E15" start="890" end="908" text="the emergency room" modality="FACTUAL" polarity="POS" type="CLINICAL_DEPT" />
<EVENT id="E16" start="911" end="930" text="Blood alcohol level" modality="FACTUAL" polarity="POS" type="TEST" />
<EVENT id="E17" start="941" end="949" text="Agitated" modality="FACTUAL" polarity="POS" type="PROBLEM" />
<EVENT id="E18" start="953" end="967" text="emergency room" modality="FACTUAL" polarity="POS" type="CLINICAL_DEPT" />
<EVENT id="E19" start="978" end="998" text="4 leather restraints" modality="FACTUAL" polarity="POS" type="TREATMENT" />
<EVENT id="E20" start="1018" end="1024" text="Haldol" modality="FACTUAL" polarity="POS" type="TREATMENT" />
<EVENT id="E21" start="1035" end="1041" text="Ativan" modality="FACTUAL" polarity="POS" type="TREATMENT" />
<EVENT id="E22" start="1054" end="1065" text="hypotensive" modality="FACTUAL" polarity="POS" type="PROBLEM" />
<EVENT id="E23" start="1069" end="1087" text="the emergency room" modality="FACTUAL" polarity="POS" type="CLINICAL_DEPT" />
<EVENT id="E24" start="1093" end="1118" text="a systolic blood pressure" modality="FACTUAL" polarity="POS" type="TEST" />
<EVENT id="E25" start="1140" end="1166" text="decreased respiratory rate" modality="FACTUAL" polarity="POS" type="PROBLEM" />
<EVENT id="E26" start="1181" end="1202" text="a normal saline bolus" modality="FACTUAL" polarity="POS" type="TREATMENT" />
<EVENT id="E27" start="1218" end="1246" text="good blood pressure response" modality="FACTUAL" polarity="POS" type="OCCURRENCE" />
<EVENT id="E28" start="1270" end="1278" text="admitted" modality="FACTUAL" polarity="POS" type="OCCURRENCE" />
<EVENT id="E29" start="1282" end="1313" text="the medical Intensive Care Unit" modality="FACTUAL" polarity="POS" type="CLINICAL_DEPT" />
<EVENT id="E30" start="1318" end="1329" text="observation" modality="FACTUAL" polarity="POS" type="TEST" />
<EVENT id="E31" start="1333" end="1351" text="his blood pressure" modality="FACTUAL" polarity="POS" type="TEST" />
<EVENT id="E32" start="1361" end="1372" text="transferred" modality="FACTUAL" polarity="POS" type="OCCURRENCE" />
<EVENT id="E33" start="1405" end="1424" text="the blood pressures" modality="FACTUAL" polarity="POS" type="TEST" />
<EVENT id="E34" start="1434" end="1440" text="stable" modality="FACTUAL" polarity="POS" type="OCCURRENCE" />
<EVENT id="E35" start="1465" end="1471" text="denies" modality="FACTUAL" polarity="POS" type="EVIDENTIAL" />
<EVENT id="E36" start="1472" end="1486" text="any chest pain" modality="FACTUAL" polarity="NEG" type="PROBLEM" />
<EVENT id="E37" start="1489" end="1508" text="shortness of breath" modality="FACTUAL" polarity="NEG" type="PROBLEM" />
<EVENT id="E38" start="1511" end="1518" text="dysuria" modality="FACTUAL" polarity="NEG" type="PROBLEM" />
<EVENT id="E39" start="1521" end="1529" text="diarrhea" modality="FACTUAL" polarity="NEG" type="PROBLEM" />
<EVENT id="E40" start="1532" end="1559" text="bright red blood per rectum" modality="FACTUAL" polarity="NEG" type="PROBLEM" />
<EVENT id="E41" start="1570" end="1578" text="complain" modality="FACTUAL" polarity="POS" type="EVIDENTIAL" />
<EVENT id="E42" start="1582" end="1595" text="cold symptoms" modality="FACTUAL" polarity="POS" type="PROBLEM" />
<EVENT id="E43" start="1625" end="1631" text="states" modality="FACTUAL" polarity="POS" type="EVIDENTIAL" />
<EVENT id="E44" start="1680" end="1706" text="alcohol treatment programs" modality="FACTUAL" polarity="POS" type="TREATMENT" />
<EVENT id="E45" start="1780" end="1786" text="admits" modality="FACTUAL" polarity="POS" type="OCCURRENCE" />
<EVENT id="E46" start="1875" end="1883" text="unstable" modality="FACTUAL" polarity="POS" type="PROBLEM" />
<EVENT id="E47" start="1901" end="1921" text="mentally handicapped" modality="FACTUAL" polarity="POS" type="PROBLEM" />
<EVENT id="E48" start="1935" end="1944" text="sent away" modality="FACTUAL" polarity="POS" type="OCCURRENCE" />
<EVENT id="E49" start="2064" end="2070" text="states" modality="FACTUAL" polarity="POS" type="EVIDENTIAL" />
<EVENT id="E50" start="2135" end="2149" text="very depressed" modality="FACTUAL" polarity="POS" type="PROBLEM" />
<EVENT id="E51" start="2163" end="2174" text="a counselor" modality="FACTUAL" polarity="POS" type="TREATMENT" />
<EVENT id="E52" start="2178" end="2223" text="Greenfield Community College Community Health" modality="FACTUAL" polarity="POS" type="CLINICAL_DEPT" />
<EVENT id="E53" start="2260" end="2271" text="transferred" modality="FACTUAL" polarity="POS" type="OCCURRENCE" />
<EVENT id="E54" start="2275" end="2291" text="medicine service" modality="FACTUAL" polarity="POS" type="CLINICAL_DEPT" />
<EVENT id="E55" start="2327" end="2349" text="hemodynamically stable" modality="FACTUAL" polarity="POS" type="OCCURRENCE" />
<EVENT id="E56" start="2353" end="2365" text="the CMED CCU" modality="FACTUAL" polarity="POS" type="CLINICAL_DEPT" />
<EVENT id="E57" start="2381" end="2395" text="Blood pressure" modality="FACTUAL" polarity="POS" type="TEST" />
<EVENT id="E58" start="2398" end="2427" text="The patient 's blood pressure" modality="FACTUAL" polarity="POS" type="TEST" />
<EVENT id="E59" start="2437" end="2443" text="stable" modality="FACTUAL" polarity="POS" type="OCCURRENCE" />
<EVENT id="E60" start="2499" end="2511" text="IV hydration" modality="FACTUAL" polarity="POS" type="TREATMENT" />
<EVENT id="E61" start="2517" end="2541" text="systolic blood pressures" modality="FACTUAL" polarity="POS" type="TEST" />
<EVENT id="E62" start="2603" end="2634" text="home blood pressure medications" modality="FACTUAL" polarity="POS" type="TREATMENT" />
<EVENT id="E63" start="2653" end="2665" text="asymptomatic" modality="FACTUAL" polarity="POS" type="PROBLEM" />
<EVENT id="E64" start="2674" end="2684" text="chest pain" modality="FACTUAL" polarity="POS" type="PROBLEM" />
<EVENT id="E65" start="2687" end="2706" text="shortness of breath" modality="FACTUAL" polarity="NEG" type="PROBLEM" />
<EVENT id="E66" start="2714" end="2735" text="mental status changes" modality="FACTUAL" polarity="NEG" type="PROBLEM" />
<EVENT id="E67" start="2820" end="2840" text="mild tremor on hands" modality="FACTUAL" polarity="POS" type="PROBLEM" />
<EVENT id="E68" start="2861" end="2876" text="hospital course" modality="FACTUAL" polarity="POS" type="OCCURRENCE" />
<EVENT id="E69" start="2898" end="2918" text="notably less anxious" modality="FACTUAL" polarity="POS" type="PROBLEM" />
<EVENT id="E70" start="2930" end="2943" text="hospital stay" modality="FACTUAL" polarity="POS" type="OCCURRENCE" />
<EVENT id="E71" start="2946" end="2956" text="CIWA scale" modality="FACTUAL" polarity="POS" type="TEST" />
<EVENT id="E72" start="2978" end="2984" text="tremor" modality="FACTUAL" polarity="POS" type="PROBLEM" />
<EVENT id="E73" start="3021" end="3027" text="Valium" modality="FACTUAL" polarity="NEG" type="TREATMENT" />
<EVENT id="E74" start="3032" end="3050" text="alcohol withdrawal" modality="CONDITIONAL" polarity="POS" type="PROBLEM" />
<EVENT id="E75" start="3095" end="3105" text="discharged" modality="FACTUAL" polarity="POS" type="OCCURRENCE" />
<EVENT id="E76" start="3113" end="3122" text="follow up" modality="PROPOSED" polarity="POS" type="OCCURRENCE" />
<EVENT id="E77" start="3146" end="3164" text="addiction services" modality="FACTUAL" polarity="POS" type="OCCURRENCE" />
<EVENT id="E78" start="3221" end="3238" text="Calcium carbonate" modality="FACTUAL" polarity="POS" type="TREATMENT" />
<EVENT id="E79" start="3260" end="3269" text="Mag oxide" modality="FACTUAL" polarity="POS" type="TREATMENT" />
<EVENT id="E80" start="3299" end="3317" text="potassium chloride" modality="FACTUAL" polarity="POS" type="TREATMENT" />
<TIMEX3 id="T0" start="18" end="28" text="2011-02-06" type="DATE" val="2011-02-06" mod="NA" />
<TIMEX3 id="T1" start="46" end="56" text="2011-02-08" type="DATE" val="2011-02-08" mod="NA" />
<TIMEX3 id="T2" start="335" end="346" text="the evening" type="DATE" val="2011-02-05" mod="END" />
<TIMEX3 id="T3" start="1441" end="1450" text="overnight" type="DURATION" val="PT12H" mod="APPROX" />
<TIMEX3 id="T4" start="1596" end="1610" text="times one week" type="DURATION" val="P1W" mod="NA" />
<TIMEX3 id="T5" start="2295" end="2310" text="hospital day #2" type="DATE" val="2011-02-08" mod="NA" />
<TIMEX3 id="T6" start="2366" end="2375" text="overnight" type="DURATION" val="PT12H" mod="APPROX" />
<TIMEX3 id="T7" start="2447" end="2486" text="hospital day #2 through hospital day #3" type="DATE" val="2011-02-06" mod="NA" />
<TIMEX3 id="T8" start="2762" end="2777" text="Hospital day #2" type="DATE" val="2011-02-06" mod="NA" />
<TIMEX3 id="T9" start="2786" end="2801" text="hospital day #3" type="DATE" val="2011-02-09" mod="NA" />
<TIMEX3 id="T10" start="2957" end="2967" text="over night" type="DATE" val="2011-02-08" mod="APPROX" />
<TIMEX3 id="T11" start="3251" end="3257" text="t.i.d." type="FREQUENCY" val="RPT8H" mod="NA" />
<TIMEX3 id="T12" start="3282" end="3291" text="times one" type="FREQUENCY" val="R1" mod="NA" />
<TIMEX3 id="T13" start="3334" end="3343" text="times one" type="FREQUENCY" val="R1" mod="NA" />
<TLINK id="TL0" fromID="E7" fromText="denies" toID="E8" toText="drug" type="AFTER" />
<TLINK id="TL1" fromID="E8" fromText="drug" toID="E7" toText="denies" type="BEFORE" />
<TLINK id="TL2" fromID="E8" fromText="drug" toID="E9" toText="toxin ingestion" type="OVERLAP" />
<TLINK id="TL3" fromID="E9" fromText="toxin ingestion" toID="E8" toText="drug" type="OVERLAP" />
<TLINK id="TL4" fromID="E12" fromText="presented" toID="E13" toText="the emergency room" type="BEFORE" />
<TLINK id="TL5" fromID="E13" fromText="the emergency room" toID="E12" toText="presented" type="AFTER" />
<TLINK id="TL6" fromID="E17" fromText="Agitated" toID="E18" toText="emergency room" type="OVERLAP" />
<TLINK id="TL7" fromID="E18" fromText="emergency room" toID="E17" toText="Agitated" type="OVERLAP" />
<TLINK id="TL8" fromID="E18" fromText="emergency room" toID="E19" toText="4 leather restraints" type="OVERLAP" />
<TLINK id="TL9" fromID="E19" fromText="4 leather restraints" toID="E18" toText="emergency room" type="OVERLAP" />
<TLINK id="TL10" fromID="E19" fromText="4 leather restraints" toID="E20" toText="Haldol" type="OVERLAP" />
<TLINK id="TL11" fromID="E20" fromText="Haldol" toID="E19" toText="4 leather restraints" type="OVERLAP" />
<TLINK id="TL12" fromID="E20" fromText="Haldol" toID="E21" toText="Ativan" type="OVERLAP" />
<TLINK id="TL13" fromID="E21" fromText="Ativan" toID="E20" toText="Haldol" type="OVERLAP" />
<TLINK id="TL14" fromID="E22" fromText="hypotensive" toID="E23" toText="the emergency room" type="OVERLAP" />
<TLINK id="TL15" fromID="E23" fromText="the emergency room" toID="E22" toText="hypotensive" type="OVERLAP" />
<TLINK id="TL16" fromID="E23" fromText="the emergency room" toID="E24" toText="a systolic blood pressure" type="OVERLAP" />
<TLINK id="TL17" fromID="E24" fromText="a systolic blood pressure" toID="E23" toText="the emergency room" type="OVERLAP" />
<TLINK id="TL18" fromID="E26" fromText="a normal saline bolus" toID="E27" toText="good blood pressure response" type="OVERLAP" />
<TLINK id="TL19" fromID="E27" fromText="good blood pressure response" toID="E26" toText="a normal saline bolus" type="OVERLAP" />
<TLINK id="TL20" fromID="E28" fromText="admitted" toID="E29" toText="the medical Intensive Care Unit" type="BEFORE" />
<TLINK id="TL21" fromID="E29" fromText="the medical Intensive Care Unit" toID="E28" toText="admitted" type="AFTER" />
<TLINK id="TL22" fromID="E29" fromText="the medical Intensive Care Unit" toID="E30" toText="observation" type="OVERLAP" />
<TLINK id="TL23" fromID="E30" fromText="observation" toID="E29" toText="the medical Intensive Care Unit" type="OVERLAP" />
<TLINK id="TL24" fromID="E30" fromText="observation" toID="E31" toText="his blood pressure" type="OVERLAP" />
<TLINK id="TL25" fromID="E31" fromText="his blood pressure" toID="E30" toText="observation" type="OVERLAP" />
<TLINK id="TL26" fromID="E32" fromText="transferred" toID="E33" toText="the blood pressures" type="OVERLAP" />
<TLINK id="TL27" fromID="E33" fromText="the blood pressures" toID="E32" toText="transferred" type="OVERLAP" />
<TLINK id="TL28" fromID="E33" fromText="the blood pressures" toID="E34" toText="stable" type="OVERLAP" />
<TLINK id="TL29" fromID="E34" fromText="stable" toID="E33" toText="the blood pressures" type="OVERLAP" />
<TLINK id="TL30" fromID="E35" fromText="denies" toID="E36" toText="any chest pain" type="AFTER" />
<TLINK id="TL31" fromID="E35" fromText="denies" toID="E38" toText="dysuria" type="AFTER" />
<TLINK id="TL32" fromID="E35" fromText="denies" toID="E39" toText="diarrhea" type="AFTER" />
<TLINK id="TL33" fromID="E35" fromText="denies" toID="E40" toText="bright red blood per rectum" type="AFTER" />
<TLINK id="TL34" fromID="E36" fromText="any chest pain" toID="E35" toText="denies" type="BEFORE" />
<TLINK id="TL35" fromID="E36" fromText="any chest pain" toID="E37" toText="shortness of breath" type="OVERLAP" />
<TLINK id="TL36" fromID="E37" fromText="shortness of breath" toID="E36" toText="any chest pain" type="OVERLAP" />
<TLINK id="TL37" fromID="E37" fromText="shortness of breath" toID="E38" toText="dysuria" type="OVERLAP" />
<TLINK id="TL38" fromID="E38" fromText="dysuria" toID="E35" toText="denies" type="BEFORE" />
<TLINK id="TL39" fromID="E38" fromText="dysuria" toID="E37" toText="shortness of breath" type="OVERLAP" />
<TLINK id="TL40" fromID="E38" fromText="dysuria" toID="E39" toText="diarrhea" type="OVERLAP" />
<TLINK id="TL41" fromID="E39" fromText="diarrhea" toID="E35" toText="denies" type="BEFORE" />
<TLINK id="TL42" fromID="E39" fromText="diarrhea" toID="E38" toText="dysuria" type="OVERLAP" />
<TLINK id="TL43" fromID="E39" fromText="diarrhea" toID="E40" toText="bright red blood per rectum" type="OVERLAP" />
<TLINK id="TL44" fromID="E40" fromText="bright red blood per rectum" toID="E35" toText="denies" type="BEFORE" />
<TLINK id="TL45" fromID="E40" fromText="bright red blood per rectum" toID="E39" toText="diarrhea" type="OVERLAP" />
<TLINK id="TL46" fromID="E41" fromText="complain" toID="E42" toText="cold symptoms" type="AFTER" />
<TLINK id="TL47" fromID="E42" fromText="cold symptoms" toID="E41" toText="complain" type="BEFORE" />
<TLINK id="TL48" fromID="E43" fromText="states" toID="E44" toText="alcohol treatment programs" type="OVERLAP" />
<TLINK id="TL49" fromID="E44" fromText="alcohol treatment programs" toID="E43" toText="states" type="OVERLAP" />
<TLINK id="TL50" fromID="E47" fromText="mentally handicapped" toID="E48" toText="sent away" type="OVERLAP" />
<TLINK id="TL51" fromID="E48" fromText="sent away" toID="E47" toText="mentally handicapped" type="OVERLAP" />
<TLINK id="TL52" fromID="E51" fromText="a counselor" toID="E52" toText="Greenfield Community College Community Health" type="OVERLAP" />
<TLINK id="TL53" fromID="E52" fromText="Greenfield Community College Community Health" toID="E51" toText="a counselor" type="OVERLAP" />
<TLINK id="TL54" fromID="E53" fromText="transferred" toID="E54" toText="medicine service" type="BEFORE" />
<TLINK id="TL55" fromID="E54" fromText="medicine service" toID="E53" toText="transferred" type="AFTER" />
<TLINK id="TL56" fromID="E55" fromText="hemodynamically stable" toID="E56" toText="the CMED CCU" type="OVERLAP" />
<TLINK id="TL57" fromID="E56" fromText="the CMED CCU" toID="E55" toText="hemodynamically stable" type="OVERLAP" />
<TLINK id="TL58" fromID="E58" fromText="The patient 's blood pressure" toID="E59" toText="stable" type="OVERLAP" />
<TLINK id="TL59" fromID="E59" fromText="stable" toID="E58" toText="The patient 's blood pressure" type="OVERLAP" />
<TLINK id="TL60" fromID="E60" fromText="IV hydration" toID="E61" toText="systolic blood pressures" type="OVERLAP" />
<TLINK id="TL61" fromID="E61" fromText="systolic blood pressures" toID="E60" toText="IV hydration" type="OVERLAP" />
<TLINK id="TL62" fromID="E63" fromText="asymptomatic" toID="E64" toText="chest pain" type="OVERLAP" />
<TLINK id="TL63" fromID="E64" fromText="chest pain" toID="E63" toText="asymptomatic" type="OVERLAP" />
<TLINK id="TL64" fromID="E69" fromText="notably less anxious" toID="E70" toText="hospital stay" type="OVERLAP" />
<TLINK id="TL65" fromID="E70" fromText="hospital stay" toID="E69" toText="notably less anxious" type="OVERLAP" />
<TLINK id="TL66" fromID="E73" fromText="Valium" toID="E74" toText="alcohol withdrawal" type="AFTER" />
<TLINK id="TL67" fromID="E74" fromText="alcohol withdrawal" toID="E73" toText="Valium" type="BEFORE" />
<TLINK id="TL68" fromID="E76" fromText="follow up" toID="E77" toText="addiction services" type="OVERLAP" />
<TLINK id="TL69" fromID="E77" fromText="addiction services" toID="E76" toText="follow up" type="OVERLAP" />
<TLINK id="TL70" fromID="E4" fromText="states" toID="T2" toText="the evening" type="AFTER" />
<TLINK id="TL71" fromID="T2" fromText="the evening" toID="E4" toText="states" type="BEFORE" />
<TLINK id="TL72" fromID="T2" fromText="the evening" toID="E5" toText="admission" type="BEFORE" />
<TLINK id="TL73" fromID="E5" fromText="admission" toID="T2" toText="the evening" type="AFTER" />
<TLINK id="TL74" fromID="E34" fromText="stable" toID="T3" toText="overnight" type="OVERLAP" />
<TLINK id="TL75" fromID="T3" fromText="overnight" toID="E34" toText="stable" type="OVERLAP" />
<TLINK id="TL76" fromID="E42" fromText="cold symptoms" toID="T4" toText="times one week" type="OVERLAP" />
<TLINK id="TL77" fromID="T4" fromText="times one week" toID="E42" toText="cold symptoms" type="OVERLAP" />
<TLINK id="TL78" fromID="E53" fromText="transferred" toID="T5" toText="hospital day #2" type="OVERLAP" />
<TLINK id="TL79" fromID="T5" fromText="hospital day #2" toID="E53" toText="transferred" type="OVERLAP" />
<TLINK id="TL80" fromID="E55" fromText="hemodynamically stable" toID="T6" toText="overnight" type="OVERLAP" />
<TLINK id="TL81" fromID="E56" fromText="the CMED CCU" toID="T6" toText="overnight" type="OVERLAP" />
<TLINK id="TL82" fromID="T6" fromText="overnight" toID="E55" toText="hemodynamically stable" type="OVERLAP" />
<TLINK id="TL83" fromID="T6" fromText="overnight" toID="E56" toText="the CMED CCU" type="OVERLAP" />
<TLINK id="TL84" fromID="E59" fromText="stable" toID="T7" toText="hospital day #2 through hospital day #3" type="OVERLAP" />
<TLINK id="TL85" fromID="T7" fromText="hospital day #2 through hospital day #3" toID="E59" toText="stable" type="OVERLAP" />
<TLINK id="TL86" fromID="T7" fromText="hospital day #2 through hospital day #3" toID="E60" toText="IV hydration" type="BEFORE" />
<TLINK id="TL87" fromID="E60" fromText="IV hydration" toID="T7" toText="hospital day #2 through hospital day #3" type="AFTER" />
<TLINK id="TL88" fromID="E71" fromText="CIWA scale" toID="T10" toText="over night" type="OVERLAP" />
<TLINK id="TL89" fromID="T10" fromText="over night" toID="E71" toText="CIWA scale" type="OVERLAP" />
<TLINK id="TL90" fromID="E78" fromText="Calcium carbonate" toID="T11" toText="t.i.d." type="OVERLAP" />
<TLINK id="TL91" fromID="E78" fromText="Calcium carbonate" toID="T13" toText="times one" type="OVERLAP" />
<TLINK id="TL92" fromID="T11" fromText="t.i.d." toID="E78" toText="Calcium carbonate" type="OVERLAP" />
<TLINK id="TL93" fromID="E79" fromText="Mag oxide" toID="T12" toText="times one" type="OVERLAP" />
<TLINK id="TL94" fromID="T12" fromText="times one" toID="E79" toText="Mag oxide" type="OVERLAP" />
<TLINK id="TL95" fromID="E80" fromText="potassium chloride" toID="T13" toText="times one" type="OVERLAP" />
<TLINK id="TL96" fromID="T13" fromText="times one" toID="E78" toText="Calcium carbonate" type="OVERLAP" />
<TLINK id="TL97" fromID="T13" fromText="times one" toID="E80" toText="potassium chloride" type="OVERLAP" />
<TLINK id="SECTIME0" fromID="T0" fromText="2011-02-06" toID="E2" toText="hypertension" type="AFTER" />
<TLINK id="SECTIME1" fromID="T0" fromText="2011-02-06" toID="E3" toText="very agitated" type="AFTER" />
<TLINK id="SECTIME2" fromID="T0" fromText="2011-02-06" toID="E4" toText="states" type="AFTER" />
<TLINK id="TL98" fromID="T0" fromText="2011-02-06" toID="T2" toText="the evening" type="AFTER" />
<TLINK id="SECTIME3" fromID="T0" fromText="2011-02-06" toID="E5" toText="admission" type="OVERLAP" />
<TLINK id="SECTIME4" fromID="T0" fromText="2011-02-06" toID="E6" toText="red wine" type="AFTER" />
<TLINK id="SECTIME5" fromID="T0" fromText="2011-02-06" toID="E7" toText="denies" type="OVERLAP" />
<TLINK id="SECTIME6" fromID="T0" fromText="2011-02-06" toID="E8" toText="drug" type="AFTER" />
<TLINK id="SECTIME7" fromID="T0" fromText="2011-02-06" toID="E9" toText="toxin ingestion" type="AFTER" />
<TLINK id="SECTIME8" fromID="T0" fromText="2011-02-06" toID="E10" toText="recall walking home" type="AFTER" />
<TLINK id="SECTIME9" fromID="T0" fromText="2011-02-06" toID="E11" toText="states" type="OVERLAP" />
<TLINK id="SECTIME10" fromID="T0" fromText="2011-02-06" toID="E12" toText="presented" type="OVERLAP" />
<TLINK id="SECTIME11" fromID="T0" fromText="2011-02-06" toID="E13" toText="the emergency room" type="AFTER" />
<TLINK id="SECTIME12" fromID="T0" fromText="2011-02-06" toID="E14" toText="agitated" type="AFTER" />
<TLINK id="SECTIME13" fromID="T0" fromText="2011-02-06" toID="E15" toText="the emergency room" type="AFTER" />
<TLINK id="SECTIME14" fromID="T0" fromText="2011-02-06" toID="E16" toText="Blood alcohol level" type="AFTER" />
<TLINK id="SECTIME15" fromID="T0" fromText="2011-02-06" toID="E17" toText="Agitated" type="AFTER" />
<TLINK id="SECTIME16" fromID="T0" fromText="2011-02-06" toID="E18" toText="emergency room" type="AFTER" />
<TLINK id="SECTIME17" fromID="T0" fromText="2011-02-06" toID="E19" toText="4 leather restraints" type="AFTER" />
<TLINK id="SECTIME18" fromID="T0" fromText="2011-02-06" toID="E20" toText="Haldol" type="AFTER" />
<TLINK id="SECTIME19" fromID="T0" fromText="2011-02-06" toID="E21" toText="Ativan" type="AFTER" />
<TLINK id="SECTIME20" fromID="T0" fromText="2011-02-06" toID="E22" toText="hypotensive" type="AFTER" />
<TLINK id="SECTIME21" fromID="T0" fromText="2011-02-06" toID="E23" toText="the emergency room" type="AFTER" />
<TLINK id="SECTIME22" fromID="T0" fromText="2011-02-06" toID="E24" toText="a systolic blood pressure" type="AFTER" />
<TLINK id="SECTIME23" fromID="T0" fromText="2011-02-06" toID="E25" toText="decreased respiratory rate" type="AFTER" />
<TLINK id="SECTIME24" fromID="T0" fromText="2011-02-06" toID="E26" toText="a normal saline bolus" type="AFTER" />
<TLINK id="SECTIME25" fromID="T0" fromText="2011-02-06" toID="E27" toText="good blood pressure response" type="AFTER" />
<TLINK id="SECTIME26" fromID="T0" fromText="2011-02-06" toID="E28" toText="admitted" type="OVERLAP" />
<TLINK id="SECTIME27" fromID="T0" fromText="2011-02-06" toID="E29" toText="the medical Intensive Care Unit" type="OVERLAP" />
<TLINK id="SECTIME28" fromID="T0" fromText="2011-02-06" toID="E30" toText="observation" type="OVERLAP" />
<TLINK id="SECTIME29" fromID="T0" fromText="2011-02-06" toID="E31" toText="his blood pressure" type="OVERLAP" />
<TLINK id="SECTIME30" fromID="T0" fromText="2011-02-06" toID="E32" toText="transferred" type="OVERLAP" />
<TLINK id="SECTIME31" fromID="T0" fromText="2011-02-06" toID="E33" toText="the blood pressures" type="OVERLAP" />
<TLINK id="SECTIME32" fromID="T0" fromText="2011-02-06" toID="E34" toText="stable" type="OVERLAP" />
<TLINK id="SECTIME33" fromID="T0" fromText="2011-02-06" toID="E35" toText="denies" type="OVERLAP" />
<TLINK id="SECTIME34" fromID="T0" fromText="2011-02-06" toID="E36" toText="any chest pain" type="AFTER" />
<TLINK id="SECTIME35" fromID="T0" fromText="2011-02-06" toID="E37" toText="shortness of breath" type="AFTER" />
<TLINK id="SECTIME36" fromID="T0" fromText="2011-02-06" toID="E38" toText="dysuria" type="AFTER" />
<TLINK id="SECTIME37" fromID="T0" fromText="2011-02-06" toID="E39" toText="diarrhea" type="AFTER" />
<TLINK id="SECTIME38" fromID="T0" fromText="2011-02-06" toID="E40" toText="bright red blood per rectum" type="AFTER" />
<TLINK id="SECTIME39" fromID="T0" fromText="2011-02-06" toID="E41" toText="complain" type="AFTER" />
<TLINK id="SECTIME40" fromID="T0" fromText="2011-02-06" toID="E42" toText="cold symptoms" type="AFTER" />
<TLINK id="SECTIME41" fromID="T0" fromText="2011-02-06" toID="E43" toText="states" type="AFTER" />
<TLINK id="SECTIME42" fromID="T0" fromText="2011-02-06" toID="E44" toText="alcohol treatment programs" type="AFTER" />
<TLINK id="SECTIME43" fromID="T0" fromText="2011-02-06" toID="E45" toText="admits" type="OVERLAP" />
<TLINK id="SECTIME44" fromID="T0" fromText="2011-02-06" toID="E46" toText="unstable" type="AFTER" />
<TLINK id="SECTIME45" fromID="T0" fromText="2011-02-06" toID="E47" toText="mentally handicapped" type="AFTER" />
<TLINK id="SECTIME46" fromID="T0" fromText="2011-02-06" toID="E48" toText="sent away" type="AFTER" />
<TLINK id="SECTIME47" fromID="T0" fromText="2011-02-06" toID="E49" toText="states" type="OVERLAP" />
<TLINK id="SECTIME48" fromID="T0" fromText="2011-02-06" toID="E50" toText="very depressed" type="AFTER" />
<TLINK id="SECTIME49" fromID="T0" fromText="2011-02-06" toID="E51" toText="a counselor" type="AFTER" />
<TLINK id="SECTIME50" fromID="T0" fromText="2011-02-06" toID="E52" toText="Greenfield Community College Community Health" type="AFTER" />
<TLINK id="TL99" fromID="T0" fromText="2011-02-06" toID="T5" toText="hospital day #2" type="BEFORE" />
<TLINK id="TL100" fromID="T0" fromText="2011-02-06" toID="T7" toText="hospital day #2 through hospital day #3" type="OVERLAP" />
<TLINK id="TL101" fromID="T0" fromText="2011-02-06" toID="T8" toText="Hospital day #2" type="OVERLAP" />
<TLINK id="TL102" fromID="T0" fromText="2011-02-06" toID="T9" toText="hospital day #3" type="BEFORE" />
<TLINK id="TL103" fromID="T0" fromText="2011-02-06" toID="T10" toText="over night" type="BEFORE" />
<TLINK id="TL104" fromID="T1" fromText="2011-02-08" toID="T2" toText="the evening" type="AFTER" />
<TLINK id="SECTIME51" fromID="T1" fromText="2011-02-08" toID="E53" toText="transferred" type="AFTER" />
<TLINK id="SECTIME52" fromID="T1" fromText="2011-02-08" toID="E54" toText="medicine service" type="AFTER" />
<TLINK id="TL105" fromID="T1" fromText="2011-02-08" toID="T5" toText="hospital day #2" type="OVERLAP" />
<TLINK id="SECTIME53" fromID="T1" fromText="2011-02-08" toID="E55" toText="hemodynamically stable" type="AFTER" />
<TLINK id="SECTIME54" fromID="T1" fromText="2011-02-08" toID="E56" toText="the CMED CCU" type="AFTER" />
<TLINK id="SECTIME55" fromID="T1" fromText="2011-02-08" toID="E57" toText="Blood pressure" type="AFTER" />
<TLINK id="SECTIME56" fromID="T1" fromText="2011-02-08" toID="E58" toText="The patient 's blood pressure" type="AFTER" />
<TLINK id="SECTIME57" fromID="T1" fromText="2011-02-08" toID="E59" toText="stable" type="AFTER" />
<TLINK id="TL106" fromID="T1" fromText="2011-02-08" toID="T7" toText="hospital day #2 through hospital day #3" type="AFTER" />
<TLINK id="SECTIME58" fromID="T1" fromText="2011-02-08" toID="E60" toText="IV hydration" type="AFTER" />
<TLINK id="SECTIME59" fromID="T1" fromText="2011-02-08" toID="E61" toText="systolic blood pressures" type="AFTER" />
<TLINK id="SECTIME60" fromID="T1" fromText="2011-02-08" toID="E62" toText="home blood pressure medications" type="AFTER" />
<TLINK id="SECTIME61" fromID="T1" fromText="2011-02-08" toID="E63" toText="asymptomatic" type="AFTER" />
<TLINK id="SECTIME62" fromID="T1" fromText="2011-02-08" toID="E64" toText="chest pain" type="AFTER" />
<TLINK id="SECTIME63" fromID="T1" fromText="2011-02-08" toID="E65" toText="shortness of breath" type="AFTER" />
<TLINK id="SECTIME64" fromID="T1" fromText="2011-02-08" toID="E66" toText="mental status changes" type="AFTER" />
<TLINK id="TL107" fromID="T1" fromText="2011-02-08" toID="T8" toText="Hospital day #2" type="AFTER" />
<TLINK id="TL108" fromID="T1" fromText="2011-02-08" toID="T9" toText="hospital day #3" type="BEFORE" />
<TLINK id="SECTIME65" fromID="T1" fromText="2011-02-08" toID="E67" toText="mild tremor on hands" type="AFTER" />
<TLINK id="SECTIME66" fromID="T1" fromText="2011-02-08" toID="E68" toText="hospital course" type="AFTER" />
<TLINK id="SECTIME67" fromID="T1" fromText="2011-02-08" toID="E69" toText="notably less anxious" type="AFTER" />
<TLINK id="SECTIME68" fromID="T1" fromText="2011-02-08" toID="E70" toText="hospital stay" type="AFTER" />
<TLINK id="SECTIME69" fromID="T1" fromText="2011-02-08" toID="E71" toText="CIWA scale" type="AFTER" />
<TLINK id="TL109" fromID="T1" fromText="2011-02-08" toID="T10" toText="over night" type="OVERLAP" />
<TLINK id="SECTIME70" fromID="T1" fromText="2011-02-08" toID="E72" toText="tremor" type="AFTER" />
<TLINK id="SECTIME71" fromID="T1" fromText="2011-02-08" toID="E73" toText="Valium" type="AFTER" />
<TLINK id="SECTIME72" fromID="T1" fromText="2011-02-08" toID="E74" toText="alcohol withdrawal" type="AFTER" />
<TLINK id="SECTIME73" fromID="T1" fromText="2011-02-08" toID="E75" toText="discharged" type="OVERLAP" />
<TLINK id="SECTIME74" fromID="T1" fromText="2011-02-08" toID="E76" toText="follow up" type="BEFORE" />
<TLINK id="SECTIME75" fromID="T1" fromText="2011-02-08" toID="E77" toText="addiction services" type="BEFORE" />
<TLINK id="SECTIME76" fromID="T1" fromText="2011-02-08" toID="E78" toText="Calcium carbonate" type="AFTER" />
<TLINK id="SECTIME77" fromID="T1" fromText="2011-02-08" toID="E79" toText="Mag oxide" type="AFTER" />
<TLINK id="SECTIME78" fromID="T1" fromText="2011-02-08" toID="E80" toText="potassium chloride" type="AFTER" />
<TLINK id="TL110" fromID="E2" fromText="hypertension" toID="E3" toText="very agitated" type="OVERLAP" />
<TLINK id="TL111" fromID="E4" fromText="states" toID="E6" toText="red wine" type="OVERLAP" />
<TLINK id="TL112" fromID="E7" fromText="denies" toID="E11" toText="states" type="OVERLAP" />
<TLINK id="TL113" fromID="E10" fromText="recall walking home" toID="E9" toText="toxin ingestion" type="OVERLAP" />
<TLINK id="TL114" fromID="E11" fromText="states" toID="E7" toText="denies" type="OVERLAP" />
<TLINK id="TL115" fromID="E11" fromText="states" toID="E8" toText="drug" type="OVERLAP" />
<TLINK id="TL116" fromID="E15" fromText="the emergency room" toID="E16" toText="Blood alcohol level" type="OVERLAP" />
<TLINK id="TL117" fromID="E16" fromText="Blood alcohol level" toID="E15" toText="the emergency room" type="OVERLAP" />
<TLINK id="TL118" fromID="E18" fromText="emergency room" toID="E23" toText="the emergency room" type="OVERLAP" />
<TLINK id="TL119" fromID="E23" fromText="the emergency room" toID="E18" toText="emergency room" type="OVERLAP" />
<TLINK id="TL120" fromID="E35" fromText="denies" toID="E41" toText="complain" type="OVERLAP" />
<TLINK id="TL121" fromID="E45" fromText="admits" toID="E46" toText="unstable" type="OVERLAP" />
<TLINK id="TL122" fromID="E46" fromText="unstable" toID="E47" toText="mentally handicapped" type="OVERLAP" />
<TLINK id="TL123" fromID="E54" fromText="medicine service" toID="E57" toText="Blood pressure" type="OVERLAP" />
<TLINK id="TL124" fromID="E56" fromText="the CMED CCU" toID="E57" toText="Blood pressure" type="OVERLAP" />
<TLINK id="TL125" fromID="E57" fromText="Blood pressure" toID="E58" toText="The patient 's blood pressure" type="OVERLAP" />
<TLINK id="TL126" fromID="E57" fromText="Blood pressure" toID="E61" toText="systolic blood pressures" type="OVERLAP" />
<TLINK id="TL127" fromID="E58" fromText="The patient 's blood pressure" toID="E57" toText="Blood pressure" type="OVERLAP" />
<TLINK id="TL128" fromID="E61" fromText="systolic blood pressures" toID="E57" toText="Blood pressure" type="OVERLAP" />
<TLINK id="SECTIME79" fromID="E0" fromText="Admission" toID="T0" toText="2011-02-06" type="OVERLAP" />
<TLINK id="SECTIME80" fromID="T0" fromText="2011-02-06" toID="E0" toText="Admission" type="OVERLAP" />
<TLINK id="SECTIME81" fromID="T0" fromText="2011-02-06" toID="E1" toText="Discharge" type="BEFORE" />
<TLINK id="SECTIME82" fromID="E1" fromText="Discharge" toID="T0" toText="2011-02-06" type="AFTER" />
<TLINK id="SECTIME83" fromID="E1" fromText="Discharge" toID="T1" toText="2011-02-08" type="OVERLAP" />
<TLINK id="SECTIME84" fromID="T1" fromText="2011-02-08" toID="E1" toText="Discharge" type="OVERLAP" />
<TLINK id="TL129" fromID="E3" fromText="very agitated" toID="E14" toText="agitated" type="OVERLAP" />
<TLINK id="TL130" fromID="E3" fromText="very agitated" toID="E17" toText="Agitated" type="OVERLAP" />
<TLINK id="TL131" fromID="E14" fromText="agitated" toID="E3" toText="very agitated" type="OVERLAP" />
<TLINK id="TL132" fromID="E14" fromText="agitated" toID="E17" toText="Agitated" type="OVERLAP" />
<TLINK id="TL133" fromID="E17" fromText="Agitated" toID="E3" toText="very agitated" type="OVERLAP" />
<TLINK id="TL134" fromID="E17" fromText="Agitated" toID="E14" toText="agitated" type="OVERLAP" />
<TLINK id="TL135" fromID="E31" fromText="his blood pressure" toID="E33" toText="the blood pressures" type="OVERLAP" />
<TLINK id="TL136" fromID="E33" fromText="the blood pressures" toID="E31" toText="his blood pressure" type="OVERLAP" />
<TLINK id="TL137" fromID="E36" fromText="any chest pain" toID="E64" toText="chest pain" type="OVERLAP" />
<TLINK id="TL138" fromID="E37" fromText="shortness of breath" toID="E65" toText="shortness of breath" type="OVERLAP" />
<TLINK id="TL139" fromID="E64" fromText="chest pain" toID="E36" toText="any chest pain" type="OVERLAP" />
<TLINK id="TL140" fromID="E65" fromText="shortness of breath" toID="E37" toText="shortness of breath" type="OVERLAP" />
<TLINK id="TL141" fromID="E22" fromText="hypotensive" toID="E25" toText="decreased respiratory rate" type="OVERLAP" />
<TLINK id="TL142" fromID="E25" fromText="decreased respiratory rate" toID="E22" toText="hypotensive" type="OVERLAP" />
<TLINK id="TL143" fromID="T3" fromText="overnight" toID="E28" toText="admitted" type="AFTER" />
<TLINK id="TL144" fromID="T3" fromText="overnight" toID="E29" toText="the medical Intensive Care Unit" type="AFTER" />
<TLINK id="TL145" fromID="T3" fromText="overnight" toID="E30" toText="observation" type="AFTER" />
<TLINK id="TL146" fromID="T3" fromText="overnight" toID="E31" toText="his blood pressure" type="OVERLAP" />
<TLINK id="TL147" fromID="T3" fromText="overnight" toID="E32" toText="transferred" type="AFTER" />
<TLINK id="TL148" fromID="E28" fromText="admitted" toID="T3" toText="overnight" type="BEFORE" />
<TLINK id="TL149" fromID="E28" fromText="admitted" toID="E34" toText="stable" type="BEFORE" />
<TLINK id="TL150" fromID="E29" fromText="the medical Intensive Care Unit" toID="T3" toText="overnight" type="BEFORE" />
<TLINK id="TL151" fromID="E29" fromText="the medical Intensive Care Unit" toID="E34" toText="stable" type="BEFORE" />
<TLINK id="TL152" fromID="E30" fromText="observation" toID="T3" toText="overnight" type="BEFORE" />
<TLINK id="TL153" fromID="E30" fromText="observation" toID="E34" toText="stable" type="BEFORE" />
<TLINK id="TL154" fromID="E31" fromText="his blood pressure" toID="T3" toText="overnight" type="OVERLAP" />
<TLINK id="TL155" fromID="E31" fromText="his blood pressure" toID="E34" toText="stable" type="OVERLAP" />
<TLINK id="TL156" fromID="E32" fromText="transferred" toID="T3" toText="overnight" type="BEFORE" />
<TLINK id="TL157" fromID="E32" fromText="transferred" toID="E34" toText="stable" type="BEFORE" />
<TLINK id="TL158" fromID="E34" fromText="stable" toID="E28" toText="admitted" type="AFTER" />
<TLINK id="TL159" fromID="E34" fromText="stable" toID="E29" toText="the medical Intensive Care Unit" type="AFTER" />
<TLINK id="TL160" fromID="E34" fromText="stable" toID="E30" toText="observation" type="AFTER" />
<TLINK id="TL161" fromID="E34" fromText="stable" toID="E31" toText="his blood pressure" type="OVERLAP" />
<TLINK id="TL162" fromID="E34" fromText="stable" toID="E32" toText="transferred" type="AFTER" />
<TLINK id="TL163" fromID="T5" fromText="hospital day #2" toID="T6" toText="overnight" type="AFTER" />
<TLINK id="TL164" fromID="T5" fromText="hospital day #2" toID="E54" toText="medicine service" type="BEFORE" />
<TLINK id="TL165" fromID="T5" fromText="hospital day #2" toID="E55" toText="hemodynamically stable" type="AFTER" />
<TLINK id="TL166" fromID="T5" fromText="hospital day #2" toID="E56" toText="the CMED CCU" type="AFTER" />
<TLINK id="TL167" fromID="T6" fromText="overnight" toID="T5" toText="hospital day #2" type="BEFORE" />
<TLINK id="TL168" fromID="T6" fromText="overnight" toID="E53" toText="transferred" type="BEFORE" />
<TLINK id="TL169" fromID="T6" fromText="overnight" toID="E54" toText="medicine service" type="BEFORE" />
<TLINK id="TL170" fromID="E53" fromText="transferred" toID="T6" toText="overnight" type="AFTER" />
<TLINK id="TL171" fromID="E53" fromText="transferred" toID="E56" toText="the CMED CCU" type="AFTER" />
<TLINK id="TL172" fromID="E54" fromText="medicine service" toID="T5" toText="hospital day #2" type="AFTER" />
<TLINK id="TL173" fromID="E54" fromText="medicine service" toID="T6" toText="overnight" type="AFTER" />
<TLINK id="TL174" fromID="E54" fromText="medicine service" toID="E56" toText="the CMED CCU" type="AFTER" />
<TLINK id="TL175" fromID="E55" fromText="hemodynamically stable" toID="T5" toText="hospital day #2" type="BEFORE" />
<TLINK id="TL176" fromID="E56" fromText="the CMED CCU" toID="T5" toText="hospital day #2" type="BEFORE" />
<TLINK id="TL177" fromID="E56" fromText="the CMED CCU" toID="E53" toText="transferred" type="BEFORE" />
<TLINK id="TL178" fromID="E56" fromText="the CMED CCU" toID="E54" toText="medicine service" type="BEFORE" />
<TLINK id="TL179" fromID="T7" fromText="hospital day #2 through hospital day #3" toID="E61" toText="systolic blood pressures" type="BEFORE" />
<TLINK id="TL180" fromID="E61" fromText="systolic blood pressures" toID="T7" toText="hospital day #2 through hospital day #3" type="AFTER" />
<TLINK id="TL181" fromID="T8" fromText="Hospital day #2" toID="E67" toText="mild tremor on hands" type="BEFORE" />
<TLINK id="TL182" fromID="T8" fromText="Hospital day #2" toID="E68" toText="hospital course" type="BEFORE" />
<TLINK id="TL183" fromID="T9" fromText="hospital day #3" toID="E67" toText="mild tremor on hands" type="AFTER" />
<TLINK id="TL184" fromID="T9" fromText="hospital day #3" toID="E68" toText="hospital course" type="BEFORE" />
<TLINK id="TL185" fromID="E67" fromText="mild tremor on hands" toID="T8" toText="Hospital day #2" type="AFTER" />
<TLINK id="TL186" fromID="E67" fromText="mild tremor on hands" toID="T9" toText="hospital day #3" type="BEFORE" />
<TLINK id="TL187" fromID="E68" fromText="hospital course" toID="T8" toText="Hospital day #2" type="AFTER" />
<TLINK id="TL188" fromID="E68" fromText="hospital course" toID="T9" toText="hospital day #3" type="AFTER" />
<TLINK id="TL189" fromID="T10" fromText="over night" toID="E73" toText="Valium" type="OVERLAP" />
<TLINK id="TL190" fromID="T10" fromText="over night" toID="E74" toText="alcohol withdrawal" type="OVERLAP" />
<TLINK id="TL191" fromID="E71" fromText="CIWA scale" toID="E73" toText="Valium" type="OVERLAP" />
<TLINK id="TL192" fromID="E71" fromText="CIWA scale" toID="E74" toText="alcohol withdrawal" type="OVERLAP" />
<TLINK id="TL193" fromID="E73" fromText="Valium" toID="T10" toText="over night" type="OVERLAP" />
<TLINK id="TL194" fromID="E73" fromText="Valium" toID="E71" toText="CIWA scale" type="OVERLAP" />
<TLINK id="TL195" fromID="E74" fromText="alcohol withdrawal" toID="T10" toText="over night" type="OVERLAP" />
<TLINK id="TL196" fromID="E74" fromText="alcohol withdrawal" toID="E71" toText="CIWA scale" type="OVERLAP" />
<TLINK id="TL197" fromID="T11" fromText="t.i.d." toID="E79" toText="Mag oxide" type="OVERLAP" />
<TLINK id="TL198" fromID="T11" fromText="t.i.d." toID="E80" toText="potassium chloride" type="OVERLAP" />
<TLINK id="TL199" fromID="T12" fromText="times one" toID="E78" toText="Calcium carbonate" type="OVERLAP" />
<TLINK id="TL200" fromID="T12" fromText="times one" toID="E80" toText="potassium chloride" type="OVERLAP" />
<TLINK id="TL201" fromID="E78" fromText="Calcium carbonate" toID="T12" toText="times one" type="OVERLAP" />
<TLINK id="TL202" fromID="E79" fromText="Mag oxide" toID="T11" toText="t.i.d." type="OVERLAP" />
<TLINK id="TL203" fromID="E80" fromText="potassium chloride" toID="T11" toText="t.i.d." type="OVERLAP" />
<TLINK id="TL204" fromID="E80" fromText="potassium chloride" toID="T12" toText="times one" type="OVERLAP" />
</TAGS>
</ClinicalNarrativeTemporalAnnotation>
