<?xml version="1.0" encoding="UTF-8" ?>
<ClinicalNarrativeTemporalAnnotation>
<TEXT><![CDATA[
ADMISSION DATE :
10-27-93
DISCHARGE DATE :
11-1-93
HISTORY OF PRESENT ILLNESS :
This 68 year old white male who had a seven to eight year history of knee pain .
In 1984 , he had the right knee aspirated and was noted to have some uric acid crystals , although serum uric acid was normal and erythrocyte sedimentation rate .
He continued to have intermittent symptoms and was noted to have some fullness in the suprapatellar pouch .
Plain films taken by his orthopedist in Mongcana Ster Staarv revealed some soft tissue calcification within the medial and lateral compartments of the joint .
an magnetic resonance imaging study demonstrated calcification densities in the suprapatellar bursa region , also with hypertrophia of the synovium .
It was felt that the patient had synovial chondromatosis and would benefit from an open synovectomy and debridement .
He was admitted for that procedure .
HOSPITAL COURSE :
He underwent right knee open synovectomy and debridement of synovial chondromatosis on 10-28-93 .
Postoperatively , he has done well .
He is mobilized with the help of physical therapy , on a continuous passive motion machine .
His discharge range of motion is from zero to 40 degrees .
He was on pain medication and he was also on Percocet , but now he can manage without the Percocet .
He is on Coumadin which is to be continued for six weeks .
]]></TEXT>
<TAGS>
<EVENT id="E0" start="1" end="10" text="ADMISSION" modality="FACTUAL" polarity="POS" type="OCCURRENCE" />
<EVENT id="E1" start="27" end="36" text="DISCHARGE" modality="FACTUAL" polarity="POS" type="OCCURRENCE" />
<EVENT id="E2" start="150" end="159" text="knee pain" modality="FACTUAL" polarity="POS" type="PROBLEM" />
<EVENT id="E3" start="212" end="217" text="noted" modality="FACTUAL" polarity="POS" type="EVIDENTIAL" />
<EVENT id="E4" start="231" end="249" text="uric acid crystals" modality="FACTUAL" polarity="POS" type="PROBLEM" />
<EVENT id="E5" start="261" end="276" text="serum uric acid" modality="FACTUAL" polarity="POS" type="TEST" />
<EVENT id="E6" start="292" end="322" text="erythrocyte sedimentation rate" modality="FACTUAL" polarity="POS" type="TEST" />
<EVENT id="E7" start="346" end="367" text="intermittent symptoms" modality="FACTUAL" polarity="POS" type="PROBLEM" />
<EVENT id="E8" start="376" end="381" text="noted" modality="FACTUAL" polarity="POS" type="EVIDENTIAL" />
<EVENT id="E9" start="390" end="430" text="some fullness in the suprapatellar pouch" modality="FACTUAL" polarity="POS" type="PROBLEM" />
<EVENT id="E10" start="433" end="444" text="Plain films" modality="FACTUAL" polarity="POS" type="TEST" />
<EVENT id="E11" start="494" end="502" text="revealed" modality="FACTUAL" polarity="POS" type="EVIDENTIAL" />
<EVENT id="E12" start="503" end="533" text="some soft tissue calcification" modality="FACTUAL" polarity="POS" type="PROBLEM" />
<EVENT id="E13" start="592" end="627" text="an magnetic resonance imaging study" modality="FACTUAL" polarity="POS" type="TEST" />
<EVENT id="E14" start="628" end="640" text="demonstrated" modality="FACTUAL" polarity="POS" type="EVIDENTIAL" />
<EVENT id="E15" start="641" end="698" text="calcification densities in the suprapatellar bursa region" modality="FACTUAL" polarity="POS" type="PROBLEM" />
<EVENT id="E16" start="711" end="739" text="hypertrophia of the synovium" modality="FACTUAL" polarity="POS" type="PROBLEM" />
<EVENT id="E17" start="775" end="798" text="synovial chondromatosis" modality="POSSIBLE" polarity="POS" type="PROBLEM" />
<EVENT id="E18" start="822" end="841" text="an open synovectomy" modality="FACTUAL" polarity="POS" type="TREATMENT" />
<EVENT id="E19" start="846" end="857" text="debridement" modality="FACTUAL" polarity="POS" type="TREATMENT" />
<EVENT id="E20" start="867" end="875" text="admitted" modality="FACTUAL" polarity="POS" type="OCCURRENCE" />
<EVENT id="E21" start="880" end="894" text="that procedure" modality="FACTUAL" polarity="POS" type="TREATMENT" />
<EVENT id="E22" start="928" end="955" text="right knee open synovectomy" modality="FACTUAL" polarity="POS" type="TREATMENT" />
<EVENT id="E23" start="960" end="971" text="debridement" modality="FACTUAL" polarity="POS" type="TREATMENT" />
<EVENT id="E24" start="975" end="998" text="synovial chondromatosis" modality="FACTUAL" polarity="POS" type="PROBLEM" />
<EVENT id="E25" start="1043" end="1047" text="well" modality="FACTUAL" polarity="POS" type="OCCURRENCE" />
<EVENT id="E26" start="1083" end="1099" text="physical therapy" modality="FACTUAL" polarity="POS" type="TREATMENT" />
<EVENT id="E27" start="1105" end="1140" text="a continuous passive motion machine" modality="FACTUAL" polarity="POS" type="TREATMENT" />
<EVENT id="E28" start="1212" end="1227" text="pain medication" modality="FACTUAL" polarity="POS" type="TREATMENT" />
<EVENT id="E29" start="1247" end="1255" text="Percocet" modality="FACTUAL" polarity="POS" type="TREATMENT" />
<EVENT id="E30" start="1292" end="1300" text="Percocet" modality="FACTUAL" polarity="NEG" type="TREATMENT" />
<EVENT id="E31" start="1312" end="1320" text="Coumadin" modality="FACTUAL" polarity="POS" type="TREATMENT" />
<TIMEX3 id="T0" start="18" end="26" text="10-27-93" type="DATE" val="1993-10-27" mod="NA" />
<TIMEX3 id="T1" start="44" end="51" text="11-1-93" type="DATE" val="1993-11-01" mod="NA" />
<TIMEX3 id="T2" start="119" end="138" text="seven to eight year" type="DURATION" val="P7.5Y" mod="APPROX" />
<TIMEX3 id="T3" start="165" end="169" text="1984" type="DATE" val="1984" mod="NA" />
<TIMEX3 id="T4" start="1002" end="1010" text="10-28-93" type="DATE" val="1993-10-28" mod="NA" />
<TIMEX3 id="T5" start="1350" end="1359" text="six weeks" type="DURATION" val="P6W" mod="NA" />
<TLINK id="TL0" fromID="E3" fromText="noted" toID="E4" toText="uric acid crystals" type="AFTER" />
<TLINK id="TL1" fromID="E4" fromText="uric acid crystals" toID="E3" toText="noted" type="BEFORE" />
<TLINK id="TL2" fromID="E4" fromText="uric acid crystals" toID="E5" toText="serum uric acid" type="OVERLAP" />
<TLINK id="TL3" fromID="E5" fromText="serum uric acid" toID="E4" toText="uric acid crystals" type="OVERLAP" />
<TLINK id="TL4" fromID="E5" fromText="serum uric acid" toID="E6" toText="erythrocyte sedimentation rate" type="OVERLAP" />
<TLINK id="TL5" fromID="E6" fromText="erythrocyte sedimentation rate" toID="E5" toText="serum uric acid" type="OVERLAP" />
<TLINK id="TL6" fromID="E8" fromText="noted" toID="E9" toText="some fullness in the suprapatellar pouch" type="AFTER" />
<TLINK id="TL7" fromID="E9" fromText="some fullness in the suprapatellar pouch" toID="E8" toText="noted" type="BEFORE" />
<TLINK id="TL8" fromID="E10" fromText="Plain films" toID="E11" toText="revealed" type="OVERLAP" />
<TLINK id="TL9" fromID="E11" fromText="revealed" toID="E10" toText="Plain films" type="OVERLAP" />
<TLINK id="TL10" fromID="E11" fromText="revealed" toID="E12" toText="some soft tissue calcification" type="AFTER" />
<TLINK id="TL11" fromID="E12" fromText="some soft tissue calcification" toID="E11" toText="revealed" type="BEFORE" />
<TLINK id="TL12" fromID="E13" fromText="an magnetic resonance imaging study" toID="E14" toText="demonstrated" type="OVERLAP" />
<TLINK id="TL13" fromID="E14" fromText="demonstrated" toID="E13" toText="an magnetic resonance imaging study" type="OVERLAP" />
<TLINK id="TL14" fromID="E14" fromText="demonstrated" toID="E15" toText="calcification densities in the suprapatellar bursa region" type="AFTER" />
<TLINK id="TL15" fromID="E15" fromText="calcification densities in the suprapatellar bursa region" toID="E14" toText="demonstrated" type="BEFORE" />
<TLINK id="TL16" fromID="E15" fromText="calcification densities in the suprapatellar bursa region" toID="E16" toText="hypertrophia of the synovium" type="OVERLAP" />
<TLINK id="TL17" fromID="E16" fromText="hypertrophia of the synovium" toID="E15" toText="calcification densities in the suprapatellar bursa region" type="OVERLAP" />
<TLINK id="TL18" fromID="E18" fromText="an open synovectomy" toID="E19" toText="debridement" type="OVERLAP" />
<TLINK id="TL19" fromID="E19" fromText="debridement" toID="E18" toText="an open synovectomy" type="OVERLAP" />
<TLINK id="TL20" fromID="E20" fromText="admitted" toID="E21" toText="that procedure" type="BEFORE" />
<TLINK id="TL21" fromID="E21" fromText="that procedure" toID="E20" toText="admitted" type="AFTER" />
<TLINK id="TL22" fromID="E22" fromText="right knee open synovectomy" toID="E23" toText="debridement" type="OVERLAP" />
<TLINK id="TL23" fromID="E23" fromText="debridement" toID="E22" toText="right knee open synovectomy" type="OVERLAP" />
<TLINK id="TL24" fromID="E23" fromText="debridement" toID="E24" toText="synovial chondromatosis" type="AFTER" />
<TLINK id="TL25" fromID="E24" fromText="synovial chondromatosis" toID="E23" toText="debridement" type="BEFORE" />
<TLINK id="TL26" fromID="E26" fromText="physical therapy" toID="E27" toText="a continuous passive motion machine" type="OVERLAP" />
<TLINK id="TL27" fromID="E27" fromText="a continuous passive motion machine" toID="E26" toText="physical therapy" type="OVERLAP" />
<TLINK id="TL28" fromID="E28" fromText="pain medication" toID="E29" toText="Percocet" type="OVERLAP" />
<TLINK id="TL29" fromID="E29" fromText="Percocet" toID="E28" toText="pain medication" type="OVERLAP" />
<TLINK id="TL30" fromID="E29" fromText="Percocet" toID="E30" toText="Percocet" type="BEFORE" />
<TLINK id="TL31" fromID="E30" fromText="Percocet" toID="E29" toText="Percocet" type="AFTER" />
<TLINK id="TL32" fromID="T2" fromText="seven to eight year" toID="E2" toText="knee pain" type="OVERLAP" />
<TLINK id="TL33" fromID="E2" fromText="knee pain" toID="T2" toText="seven to eight year" type="OVERLAP" />
<TLINK id="TL34" fromID="E22" fromText="right knee open synovectomy" toID="T4" toText="10-28-93" type="OVERLAP" />
<TLINK id="TL35" fromID="E23" fromText="debridement" toID="T4" toText="10-28-93" type="OVERLAP" />
<TLINK id="TL36" fromID="T4" fromText="10-28-93" toID="E22" toText="right knee open synovectomy" type="OVERLAP" />
<TLINK id="TL37" fromID="T4" fromText="10-28-93" toID="E23" toText="debridement" type="OVERLAP" />
<TLINK id="TL38" fromID="E31" fromText="Coumadin" toID="T5" toText="six weeks" type="OVERLAP" />
<TLINK id="TL39" fromID="T5" fromText="six weeks" toID="E31" toText="Coumadin" type="OVERLAP" />
<TLINK id="SECTIME0" fromID="T0" fromText="10-27-93" toID="E2" toText="knee pain" type="AFTER" />
<TLINK id="TL40" fromID="T0" fromText="10-27-93" toID="T3" toText="1984" type="AFTER" />
<TLINK id="SECTIME1" fromID="T0" fromText="10-27-93" toID="E3" toText="noted" type="AFTER" />
<TLINK id="SECTIME2" fromID="T0" fromText="10-27-93" toID="E4" toText="uric acid crystals" type="AFTER" />
<TLINK id="SECTIME3" fromID="T0" fromText="10-27-93" toID="E5" toText="serum uric acid" type="AFTER" />
<TLINK id="SECTIME4" fromID="T0" fromText="10-27-93" toID="E6" toText="erythrocyte sedimentation rate" type="AFTER" />
<TLINK id="SECTIME5" fromID="T0" fromText="10-27-93" toID="E7" toText="intermittent symptoms" type="AFTER" />
<TLINK id="SECTIME6" fromID="T0" fromText="10-27-93" toID="E8" toText="noted" type="AFTER" />
<TLINK id="SECTIME7" fromID="T0" fromText="10-27-93" toID="E9" toText="some fullness in the suprapatellar pouch" type="AFTER" />
<TLINK id="SECTIME8" fromID="T0" fromText="10-27-93" toID="E10" toText="Plain films" type="AFTER" />
<TLINK id="SECTIME9" fromID="T0" fromText="10-27-93" toID="E11" toText="revealed" type="AFTER" />
<TLINK id="SECTIME10" fromID="T0" fromText="10-27-93" toID="E12" toText="some soft tissue calcification" type="AFTER" />
<TLINK id="SECTIME11" fromID="T0" fromText="10-27-93" toID="E13" toText="an magnetic resonance imaging study" type="AFTER" />
<TLINK id="SECTIME12" fromID="T0" fromText="10-27-93" toID="E14" toText="demonstrated" type="AFTER" />
<TLINK id="SECTIME13" fromID="T0" fromText="10-27-93" toID="E15" toText="calcification densities in the suprapatellar bursa region" type="AFTER" />
<TLINK id="SECTIME14" fromID="T0" fromText="10-27-93" toID="E16" toText="hypertrophia of the synovium" type="AFTER" />
<TLINK id="SECTIME15" fromID="T0" fromText="10-27-93" toID="E17" toText="synovial chondromatosis" type="AFTER" />
<TLINK id="SECTIME16" fromID="T0" fromText="10-27-93" toID="E18" toText="an open synovectomy" type="AFTER" />
<TLINK id="SECTIME17" fromID="T0" fromText="10-27-93" toID="E19" toText="debridement" type="AFTER" />
<TLINK id="SECTIME18" fromID="T0" fromText="10-27-93" toID="E20" toText="admitted" type="OVERLAP" />
<TLINK id="SECTIME19" fromID="T0" fromText="10-27-93" toID="E21" toText="that procedure" type="BEFORE" />
<TLINK id="TL41" fromID="T0" fromText="10-27-93" toID="T4" toText="10-28-93" type="BEFORE" />
<TLINK id="TL42" fromID="T1" fromText="11-1-93" toID="T3" toText="1984" type="AFTER" />
<TLINK id="SECTIME20" fromID="T1" fromText="11-1-93" toID="E22" toText="right knee open synovectomy" type="AFTER" />
<TLINK id="SECTIME21" fromID="T1" fromText="11-1-93" toID="E23" toText="debridement" type="AFTER" />
<TLINK id="SECTIME22" fromID="T1" fromText="11-1-93" toID="E24" toText="synovial chondromatosis" type="AFTER" />
<TLINK id="TL43" fromID="T1" fromText="11-1-93" toID="T4" toText="10-28-93" type="AFTER" />
<TLINK id="SECTIME23" fromID="T1" fromText="11-1-93" toID="E25" toText="well" type="AFTER" />
<TLINK id="SECTIME24" fromID="T1" fromText="11-1-93" toID="E26" toText="physical therapy" type="AFTER" />
<TLINK id="SECTIME25" fromID="T1" fromText="11-1-93" toID="E27" toText="a continuous passive motion machine" type="AFTER" />
<TLINK id="SECTIME26" fromID="T1" fromText="11-1-93" toID="E28" toText="pain medication" type="AFTER" />
<TLINK id="SECTIME27" fromID="T1" fromText="11-1-93" toID="E29" toText="Percocet" type="AFTER" />
<TLINK id="SECTIME28" fromID="T1" fromText="11-1-93" toID="E30" toText="Percocet" type="AFTER" />
<TLINK id="SECTIME29" fromID="T1" fromText="11-1-93" toID="E31" toText="Coumadin" type="AFTER" />
<TLINK id="TL44" fromID="E3" fromText="noted" toID="E8" toText="noted" type="OVERLAP" />
<TLINK id="TL45" fromID="E8" fromText="noted" toID="E3" toText="noted" type="OVERLAP" />
<TLINK id="SECTIME30" fromID="E0" fromText="ADMISSION" toID="T0" toText="10-27-93" type="OVERLAP" />
<TLINK id="SECTIME31" fromID="T0" fromText="10-27-93" toID="E0" toText="ADMISSION" type="OVERLAP" />
<TLINK id="SECTIME32" fromID="T0" fromText="10-27-93" toID="E1" toText="DISCHARGE" type="BEFORE" />
<TLINK id="SECTIME33" fromID="E1" fromText="DISCHARGE" toID="T0" toText="10-27-93" type="AFTER" />
<TLINK id="SECTIME34" fromID="E1" fromText="DISCHARGE" toID="T1" toText="11-1-93" type="OVERLAP" />
<TLINK id="SECTIME35" fromID="T1" fromText="11-1-93" toID="E1" toText="DISCHARGE" type="OVERLAP" />
<TLINK id="TL46" fromID="E17" fromText="synovial chondromatosis" toID="E24" toText="synovial chondromatosis" type="OVERLAP" />
<TLINK id="TL47" fromID="E18" fromText="an open synovectomy" toID="E22" toText="right knee open synovectomy" type="OVERLAP" />
<TLINK id="TL48" fromID="E19" fromText="debridement" toID="E23" toText="debridement" type="OVERLAP" />
<TLINK id="TL49" fromID="E22" fromText="right knee open synovectomy" toID="E18" toText="an open synovectomy" type="OVERLAP" />
<TLINK id="TL50" fromID="E23" fromText="debridement" toID="E19" toText="debridement" type="OVERLAP" />
<TLINK id="TL51" fromID="E24" fromText="synovial chondromatosis" toID="E17" toText="synovial chondromatosis" type="OVERLAP" />
<TLINK id="TL52" fromID="E29" fromText="Percocet" toID="E30" toText="Percocet" type="OVERLAP" />
<TLINK id="TL53" fromID="E30" fromText="Percocet" toID="E29" toText="Percocet" type="OVERLAP" />
<TLINK id="TL54" fromID="T3" fromText="1984" toID="E4" toText="uric acid crystals" type="OVERLAP" />
<TLINK id="TL55" fromID="T3" fromText="1984" toID="E5" toText="serum uric acid" type="OVERLAP" />
<TLINK id="TL56" fromID="E4" fromText="uric acid crystals" toID="T3" toText="1984" type="OVERLAP" />
<TLINK id="TL57" fromID="E5" fromText="serum uric acid" toID="T3" toText="1984" type="OVERLAP" />
<TLINK id="TL58" fromID="E28" fromText="pain medication" toID="E30" toText="Percocet" type="BEFORE" />
<TLINK id="TL59" fromID="E30" fromText="Percocet" toID="E28" toText="pain medication" type="AFTER" />
</TAGS>
</ClinicalNarrativeTemporalAnnotation>
