<?xml version="1.0" encoding="UTF-8" ?>
<ClinicalNarrativeTemporalAnnotation>
<TEXT><![CDATA[
Admission Date :
2018-08-02
Discharge Date :
2018-08-08
Service :
MEDICINE
History of Present Illness :
Patient is a 77 year old female with a past medical history significant for GI bleeding secondary to arteriovenous malformations , who presents with maroon stool and a hematocrit drop .
Three days ago began to develop black stools .
There was no clear blood in the toilet bowl .
In addition , she developed nausea and decreased PO intake .
She had a cough productive of white sputum and felt warm , although she did not record her temperature .
At dialysis on day of admission , she related these symptoms for the first time and had a bloody bowel movement .
Concerned , the staff sent her directly to the Nantucket Cottage Hospital .
In the Deanna , her temperature was 96.5 , HR 51 , BP 112/60 , RR 18 , and oxygen saturation was 98% on ambient air .
Her hematocrit was measured at 23.5 , while her baseline hematocrit is in the low 30 s.
An NG lavage was performed and there was bilious return .
Rectal examination was notable for guiaiac positive maroon stool .
She was type and crossed and transfused two units of packed red blood cells .
IV PPI was given and the GI team was consulted and she was scheduled for colonoscopy and EGD on the morning of 6/8 .
She was transferred to the CMED CCU for observation .
Brief Hospital Course :
Blood loss anemia from GI bleeding - the bleeding was likely from an AVM .
EGD , colonoscopy and tagged scan results as above .
eventhough uptake was noted in the rt LQ , no clear site of bleeding was noticed on colonoscopy .
hence , no intervention was performed .
she was transfused with 5 units of PRBC in the ICU andsent to the Lahey Clinic - North Shore .
Her hematocrit remained stable for 4 days prior to discharge .
No further bleeding noted .
GI consult team followed pt in hospital .
On discussion with Dr Leigh and Dr White from GI - they recommended that she follow with Dr. Taylor for consideration of argon photocoagulation as out-patient .
Given the innumerable number of AVM 's , it is diffcult to assess which the culprit lesion is and GI may start APL from the fundus of stomach .
Patient to get CBC checked with PCP this week as below .
ASA was held and may be restarted if Hct stable in clinic at the PCP 's discretion .
Chronic thrombocytopenia was noted , however the patient did not require platelet transfusions .
Has a h/o HIT .
The metoprolol was held during acute bleeding phase and restarted prior to discharge as her BP stabilized .
Other medical problems stable .
Dialysis was continued 3 / week .
I personally talked with Dr Pannell at the time of discharge to update him with the hospital events .
]]></TEXT>
<TAGS>
<EVENT id="E0" start="1" end="10" text="Admission" modality="FACTUAL" polarity="POS" type="OCCURRENCE" />
<EVENT id="E1" start="29" end="38" text="Discharge" modality="FACTUAL" polarity="POS" type="OCCURRENCE" />
<EVENT id="E2" start="181" end="192" text="GI bleeding" modality="FACTUAL" polarity="POS" type="PROBLEM" />
<EVENT id="E3" start="206" end="233" text="arteriovenous malformations" modality="FACTUAL" polarity="POS" type="PROBLEM" />
<EVENT id="E4" start="240" end="248" text="presents" modality="FACTUAL" polarity="POS" type="OCCURRENCE" />
<EVENT id="E5" start="254" end="266" text="maroon stool" modality="FACTUAL" polarity="POS" type="PROBLEM" />
<EVENT id="E6" start="271" end="288" text="a hematocrit drop" modality="FACTUAL" polarity="POS" type="PROBLEM" />
<EVENT id="E7" start="323" end="335" text="black stools" modality="FACTUAL" polarity="POS" type="PROBLEM" />
<EVENT id="E8" start="351" end="362" text="clear blood" modality="FACTUAL" polarity="NEG" type="PROBLEM" />
<EVENT id="E9" start="412" end="418" text="nausea" modality="FACTUAL" polarity="POS" type="PROBLEM" />
<EVENT id="E10" start="423" end="442" text="decreased PO intake" modality="FACTUAL" polarity="POS" type="PROBLEM" />
<EVENT id="E11" start="453" end="460" text="a cough" modality="FACTUAL" polarity="POS" type="PROBLEM" />
<EVENT id="E12" start="475" end="487" text="white sputum" modality="FACTUAL" polarity="POS" type="PROBLEM" />
<EVENT id="E13" start="497" end="501" text="warm" modality="CONDITIONAL" polarity="POS" type="PROBLEM" />
<EVENT id="E14" start="532" end="547" text="her temperature" modality="FACTUAL" polarity="NEG" type="TEST" />
<EVENT id="E15" start="553" end="561" text="dialysis" modality="FACTUAL" polarity="POS" type="OCCURRENCE" />
<EVENT id="E16" start="572" end="581" text="admission" modality="FACTUAL" polarity="POS" type="OCCURRENCE" />
<EVENT id="E17" start="596" end="610" text="these symptoms" modality="FACTUAL" polarity="POS" type="PROBLEM" />
<EVENT id="E18" start="638" end="661" text="a bloody bowel movement" modality="FACTUAL" polarity="POS" type="PROBLEM" />
<EVENT id="E19" start="707" end="737" text="the Nantucket Cottage Hospital" modality="FACTUAL" polarity="POS" type="CLINICAL_DEPT" />
<EVENT id="E20" start="743" end="753" text="the Deanna" modality="FACTUAL" polarity="POS" type="CLINICAL_DEPT" />
<EVENT id="E21" start="756" end="771" text="her temperature" modality="FACTUAL" polarity="POS" type="TEST" />
<EVENT id="E22" start="783" end="785" text="HR" modality="FACTUAL" polarity="POS" type="TEST" />
<EVENT id="E23" start="791" end="793" text="BP" modality="FACTUAL" polarity="POS" type="TEST" />
<EVENT id="E24" start="803" end="805" text="RR" modality="FACTUAL" polarity="POS" type="TEST" />
<EVENT id="E25" start="815" end="832" text="oxygen saturation" modality="FACTUAL" polarity="POS" type="TEST" />
<EVENT id="E26" start="858" end="872" text="Her hematocrit" modality="FACTUAL" polarity="POS" type="TEST" />
<EVENT id="E27" start="902" end="925" text="her baseline hematocrit" modality="FACTUAL" polarity="POS" type="TEST" />
<EVENT id="E28" start="946" end="958" text="An NG lavage" modality="FACTUAL" polarity="POS" type="TEST" />
<EVENT id="E29" start="987" end="1001" text="bilious return" modality="FACTUAL" polarity="POS" type="PROBLEM" />
<EVENT id="E30" start="1004" end="1022" text="Rectal examination" modality="FACTUAL" polarity="POS" type="TEST" />
<EVENT id="E31" start="1039" end="1068" text="guiaiac positive maroon stool" modality="FACTUAL" polarity="POS" type="PROBLEM" />
<EVENT id="E32" start="1100" end="1110" text="transfused" modality="FACTUAL" polarity="POS" type="TREATMENT" />
<EVENT id="E33" start="1124" end="1146" text="packed red blood cells" modality="FACTUAL" polarity="POS" type="TREATMENT" />
<EVENT id="E34" start="1149" end="1155" text="IV PPI" modality="FACTUAL" polarity="POS" type="TREATMENT" />
<EVENT id="E35" start="1222" end="1233" text="colonoscopy" modality="PROPOSED" polarity="POS" type="TEST" />
<EVENT id="E36" start="1238" end="1241" text="EGD" modality="FACTUAL" polarity="POS" type="TEST" />
<EVENT id="E37" start="1274" end="1285" text="transferred" modality="FACTUAL" polarity="POS" type="OCCURRENCE" />
<EVENT id="E38" start="1289" end="1301" text="the CMED CCU" modality="FACTUAL" polarity="POS" type="CLINICAL_DEPT" />
<EVENT id="E39" start="1306" end="1317" text="observation" modality="FACTUAL" polarity="POS" type="TEST" />
<EVENT id="E40" start="1344" end="1361" text="Blood loss anemia" modality="FACTUAL" polarity="POS" type="PROBLEM" />
<EVENT id="E41" start="1367" end="1378" text="GI bleeding" modality="FACTUAL" polarity="POS" type="PROBLEM" />
<EVENT id="E42" start="1381" end="1393" text="the bleeding" modality="FACTUAL" polarity="POS" type="PROBLEM" />
<EVENT id="E43" start="1410" end="1416" text="an AVM" modality="FACTUAL" polarity="POS" type="PROBLEM" />
<EVENT id="E44" start="1419" end="1422" text="EGD" modality="FACTUAL" polarity="POS" type="TEST" />
<EVENT id="E45" start="1425" end="1436" text="colonoscopy" modality="FACTUAL" polarity="POS" type="TEST" />
<EVENT id="E46" start="1441" end="1452" text="tagged scan" modality="FACTUAL" polarity="POS" type="TEST" />
<EVENT id="E47" start="1494" end="1499" text="noted" modality="FACTUAL" polarity="POS" type="EVIDENTIAL" />
<EVENT id="E48" start="1532" end="1540" text="bleeding" modality="FACTUAL" polarity="NEG" type="PROBLEM" />
<EVENT id="E49" start="1556" end="1567" text="colonoscopy" modality="FACTUAL" polarity="POS" type="TEST" />
<EVENT id="E50" start="1581" end="1593" text="intervention" modality="FACTUAL" polarity="NEG" type="TREATMENT" />
<EVENT id="E51" start="1618" end="1628" text="transfused" modality="FACTUAL" polarity="POS" type="TREATMENT" />
<EVENT id="E52" start="1645" end="1649" text="PRBC" modality="FACTUAL" polarity="POS" type="TREATMENT" />
<EVENT id="E53" start="1653" end="1660" text="the ICU" modality="FACTUAL" polarity="POS" type="CLINICAL_DEPT" />
<EVENT id="E54" start="1672" end="1688" text="the Lahey Clinic" modality="FACTUAL" polarity="POS" type="CLINICAL_DEPT" />
<EVENT id="E55" start="1705" end="1719" text="Her hematocrit" modality="FACTUAL" polarity="POS" type="TEST" />
<EVENT id="E56" start="1729" end="1735" text="stable" modality="FACTUAL" polarity="POS" type="OCCURRENCE" />
<EVENT id="E57" start="1756" end="1765" text="discharge" modality="FACTUAL" polarity="POS" type="OCCURRENCE" />
<EVENT id="E58" start="1771" end="1787" text="further bleeding" modality="FACTUAL" polarity="NEG" type="PROBLEM" />
<EVENT id="E59" start="1812" end="1820" text="followed" modality="FACTUAL" polarity="POS" type="OCCURRENCE" />
<EVENT id="E60" start="1827" end="1835" text="hospital" modality="FACTUAL" polarity="POS" type="CLINICAL_DEPT" />
<EVENT id="E61" start="1959" end="1981" text="argon photocoagulation" modality="FACTUAL" polarity="POS" type="TREATMENT" />
<EVENT id="E62" start="2031" end="2037" text="AVM 's" modality="FACTUAL" polarity="POS" type="PROBLEM" />
<EVENT id="E63" start="2071" end="2089" text="the culprit lesion" modality="FACTUAL" polarity="POS" type="PROBLEM" />
<EVENT id="E64" start="2097" end="2099" text="GI" modality="FACTUAL" polarity="POS" type="CLINICAL_DEPT" />
<EVENT id="E65" start="2110" end="2129" text="APL from the fundus" modality="FACTUAL" polarity="POS" type="TREATMENT" />
<EVENT id="E66" start="2158" end="2161" text="CBC" modality="FACTUAL" polarity="POS" type="TEST" />
<EVENT id="E67" start="2175" end="2178" text="PCP" modality="FACTUAL" polarity="POS" type="CLINICAL_DEPT" />
<EVENT id="E68" start="2200" end="2203" text="ASA" modality="FACTUAL" polarity="POS" type="TREATMENT" />
<EVENT id="E69" start="2237" end="2240" text="Hct" modality="FACTUAL" polarity="POS" type="TEST" />
<EVENT id="E70" start="2241" end="2247" text="stable" modality="FACTUAL" polarity="POS" type="OCCURRENCE" />
<EVENT id="E71" start="2261" end="2268" text="the PCP" modality="FACTUAL" polarity="POS" type="CLINICAL_DEPT" />
<EVENT id="E72" start="2285" end="2309" text="Chronic thrombocytopenia" modality="FACTUAL" polarity="POS" type="PROBLEM" />
<EVENT id="E73" start="2314" end="2319" text="noted" modality="FACTUAL" polarity="POS" type="EVIDENTIAL" />
<EVENT id="E74" start="2358" end="2379" text="platelet transfusions" modality="FACTUAL" polarity="NEG" type="TREATMENT" />
<EVENT id="E75" start="2392" end="2395" text="HIT" modality="FACTUAL" polarity="POS" type="PROBLEM" />
<EVENT id="E76" start="2398" end="2412" text="The metoprolol" modality="FACTUAL" polarity="POS" type="TREATMENT" />
<EVENT id="E77" start="2429" end="2449" text="acute bleeding phase" modality="FACTUAL" polarity="POS" type="PROBLEM" />
<EVENT id="E78" start="2454" end="2463" text="restarted" modality="FACTUAL" polarity="POS" type="OCCURRENCE" />
<EVENT id="E79" start="2486" end="2492" text="her BP" modality="FACTUAL" polarity="POS" type="TEST" />
<EVENT id="E80" start="2493" end="2503" text="stabilized" modality="FACTUAL" polarity="POS" type="OCCURRENCE" />
<EVENT id="E81" start="2506" end="2528" text="Other medical problems" modality="FACTUAL" polarity="POS" type="PROBLEM" />
<EVENT id="E82" start="2529" end="2535" text="stable" modality="FACTUAL" polarity="POS" type="OCCURRENCE" />
<EVENT id="E83" start="2538" end="2546" text="Dialysis" modality="FACTUAL" polarity="POS" type="TREATMENT" />
<EVENT id="E84" start="2585" end="2591" text="talked" modality="FACTUAL" polarity="POS" type="OCCURRENCE" />
<EVENT id="E85" start="2623" end="2632" text="discharge" modality="FACTUAL" polarity="POS" type="OCCURRENCE" />
<EVENT id="E86" start="2652" end="2671" text="the hospital events" modality="FACTUAL" polarity="POS" type="CLINICAL_DEPT" />
<TIMEX3 id="T0" start="18" end="28" text="2018-08-02" type="DATE" val="2018-08-02" mod="NA" />
<TIMEX3 id="T1" start="46" end="56" text="2018-08-08" type="DATE" val="2018-08-08" mod="NA" />
<TIMEX3 id="T2" start="291" end="305" text="Three days ago" type="DATE" val="2018-07-30" mod="NA" />
<TIMEX3 id="T3" start="565" end="568" text="day" type="DATE" val="2018-08-02" mod="NA" />
<TIMEX3 id="T4" start="1245" end="1263" text="the morning of 6/8" type="DATE" val="2018-06-08" mod="START" />
<TIMEX3 id="T5" start="1740" end="1746" text="4 days" type="DURATION" val="P4D" mod="NA" />
<TIMEX3 id="T6" start="2179" end="2188" text="this week" type="DURATION" val="P1W" mod="APPROX" />
<TIMEX3 id="T7" start="2561" end="2569" text="3 / week" type="DURATION" val="P3W" mod="NA" />
<TIMEX3 id="T8" start="2611" end="2619" text="the time" type="DATE" val="2018-08-08" mod="NA" />
<TLINK id="TL0" fromID="E2" fromText="GI bleeding" toID="E3" toText="arteriovenous malformations" type="AFTER" />
<TLINK id="TL1" fromID="E3" fromText="arteriovenous malformations" toID="E2" toText="GI bleeding" type="BEFORE" />
<TLINK id="TL2" fromID="E4" fromText="presents" toID="E5" toText="maroon stool" type="AFTER" />
<TLINK id="TL3" fromID="E5" fromText="maroon stool" toID="E4" toText="presents" type="BEFORE" />
<TLINK id="TL4" fromID="E5" fromText="maroon stool" toID="E6" toText="a hematocrit drop" type="OVERLAP" />
<TLINK id="TL5" fromID="E6" fromText="a hematocrit drop" toID="E5" toText="maroon stool" type="OVERLAP" />
<TLINK id="TL6" fromID="E9" fromText="nausea" toID="E10" toText="decreased PO intake" type="OVERLAP" />
<TLINK id="TL7" fromID="E10" fromText="decreased PO intake" toID="E9" toText="nausea" type="OVERLAP" />
<TLINK id="TL8" fromID="E11" fromText="a cough" toID="E12" toText="white sputum" type="OVERLAP" />
<TLINK id="TL9" fromID="E12" fromText="white sputum" toID="E11" toText="a cough" type="OVERLAP" />
<TLINK id="TL10" fromID="E13" fromText="warm" toID="E14" toText="her temperature" type="OVERLAP" />
<TLINK id="TL11" fromID="E14" fromText="her temperature" toID="E13" toText="warm" type="OVERLAP" />
<TLINK id="TL12" fromID="E17" fromText="these symptoms" toID="E18" toText="a bloody bowel movement" type="OVERLAP" />
<TLINK id="TL13" fromID="E18" fromText="a bloody bowel movement" toID="E17" toText="these symptoms" type="OVERLAP" />
<TLINK id="TL14" fromID="E20" fromText="the Deanna" toID="E21" toText="her temperature" type="OVERLAP" />
<TLINK id="TL15" fromID="E21" fromText="her temperature" toID="E20" toText="the Deanna" type="OVERLAP" />
<TLINK id="TL16" fromID="E21" fromText="her temperature" toID="E22" toText="HR" type="OVERLAP" />
<TLINK id="TL17" fromID="E22" fromText="HR" toID="E21" toText="her temperature" type="OVERLAP" />
<TLINK id="TL18" fromID="E22" fromText="HR" toID="E23" toText="BP" type="OVERLAP" />
<TLINK id="TL19" fromID="E23" fromText="BP" toID="E22" toText="HR" type="OVERLAP" />
<TLINK id="TL20" fromID="E23" fromText="BP" toID="E24" toText="RR" type="OVERLAP" />
<TLINK id="TL21" fromID="E24" fromText="RR" toID="E23" toText="BP" type="OVERLAP" />
<TLINK id="TL22" fromID="E24" fromText="RR" toID="E25" toText="oxygen saturation" type="OVERLAP" />
<TLINK id="TL23" fromID="E25" fromText="oxygen saturation" toID="E24" toText="RR" type="OVERLAP" />
<TLINK id="TL24" fromID="E26" fromText="Her hematocrit" toID="E27" toText="her baseline hematocrit" type="OVERLAP" />
<TLINK id="TL25" fromID="E27" fromText="her baseline hematocrit" toID="E26" toText="Her hematocrit" type="OVERLAP" />
<TLINK id="TL26" fromID="E28" fromText="An NG lavage" toID="E29" toText="bilious return" type="OVERLAP" />
<TLINK id="TL27" fromID="E29" fromText="bilious return" toID="E28" toText="An NG lavage" type="OVERLAP" />
<TLINK id="TL28" fromID="E30" fromText="Rectal examination" toID="E31" toText="guiaiac positive maroon stool" type="OVERLAP" />
<TLINK id="TL29" fromID="E31" fromText="guiaiac positive maroon stool" toID="E30" toText="Rectal examination" type="OVERLAP" />
<TLINK id="TL30" fromID="E32" fromText="transfused" toID="E33" toText="packed red blood cells" type="OVERLAP" />
<TLINK id="TL31" fromID="E33" fromText="packed red blood cells" toID="E32" toText="transfused" type="OVERLAP" />
<TLINK id="TL32" fromID="E35" fromText="colonoscopy" toID="E36" toText="EGD" type="OVERLAP" />
<TLINK id="TL33" fromID="E36" fromText="EGD" toID="E35" toText="colonoscopy" type="OVERLAP" />
<TLINK id="TL34" fromID="E37" fromText="transferred" toID="E38" toText="the CMED CCU" type="BEFORE" />
<TLINK id="TL35" fromID="E38" fromText="the CMED CCU" toID="E37" toText="transferred" type="AFTER" />
<TLINK id="TL36" fromID="E38" fromText="the CMED CCU" toID="E39" toText="observation" type="OVERLAP" />
<TLINK id="TL37" fromID="E39" fromText="observation" toID="E38" toText="the CMED CCU" type="OVERLAP" />
<TLINK id="TL38" fromID="E40" fromText="Blood loss anemia" toID="E41" toText="GI bleeding" type="AFTER" />
<TLINK id="TL39" fromID="E41" fromText="GI bleeding" toID="E40" toText="Blood loss anemia" type="BEFORE" />
<TLINK id="TL40" fromID="E41" fromText="GI bleeding" toID="E42" toText="the bleeding" type="OVERLAP" />
<TLINK id="TL41" fromID="E42" fromText="the bleeding" toID="E41" toText="GI bleeding" type="OVERLAP" />
<TLINK id="TL42" fromID="E42" fromText="the bleeding" toID="E43" toText="an AVM" type="AFTER" />
<TLINK id="TL43" fromID="E43" fromText="an AVM" toID="E42" toText="the bleeding" type="OVERLAP" />
<TLINK id="TL44" fromID="E44" fromText="EGD" toID="E45" toText="colonoscopy" type="OVERLAP" />
<TLINK id="TL45" fromID="E45" fromText="colonoscopy" toID="E44" toText="EGD" type="OVERLAP" />
<TLINK id="TL46" fromID="E45" fromText="colonoscopy" toID="E46" toText="tagged scan" type="OVERLAP" />
<TLINK id="TL47" fromID="E46" fromText="tagged scan" toID="E45" toText="colonoscopy" type="OVERLAP" />
<TLINK id="TL48" fromID="E49" fromText="colonoscopy" toID="E48" toText="bleeding" type="OVERLAP" />
<TLINK id="TL49" fromID="E51" fromText="transfused" toID="E52" toText="PRBC" type="OVERLAP" />
<TLINK id="TL50" fromID="E52" fromText="PRBC" toID="E51" toText="transfused" type="OVERLAP" />
<TLINK id="TL51" fromID="E52" fromText="PRBC" toID="E53" toText="the ICU" type="OVERLAP" />
<TLINK id="TL52" fromID="E53" fromText="the ICU" toID="E52" toText="PRBC" type="OVERLAP" />
<TLINK id="TL53" fromID="E55" fromText="Her hematocrit" toID="E56" toText="stable" type="OVERLAP" />
<TLINK id="TL54" fromID="E56" fromText="stable" toID="E55" toText="Her hematocrit" type="OVERLAP" />
<TLINK id="TL55" fromID="E59" fromText="followed" toID="E60" toText="hospital" type="OVERLAP" />
<TLINK id="TL56" fromID="E60" fromText="hospital" toID="E59" toText="followed" type="OVERLAP" />
<TLINK id="TL57" fromID="E64" fromText="GI" toID="E65" toText="APL from the fundus" type="OVERLAP" />
<TLINK id="TL58" fromID="E65" fromText="APL from the fundus" toID="E64" toText="GI" type="OVERLAP" />
<TLINK id="TL59" fromID="E66" fromText="CBC" toID="E67" toText="PCP" type="OVERLAP" />
<TLINK id="TL60" fromID="E67" fromText="PCP" toID="E66" toText="CBC" type="OVERLAP" />
<TLINK id="TL61" fromID="E69" fromText="Hct" toID="E70" toText="stable" type="OVERLAP" />
<TLINK id="TL62" fromID="E70" fromText="stable" toID="E69" toText="Hct" type="OVERLAP" />
<TLINK id="TL63" fromID="E70" fromText="stable" toID="E71" toText="the PCP" type="OVERLAP" />
<TLINK id="TL64" fromID="E71" fromText="the PCP" toID="E70" toText="stable" type="OVERLAP" />
<TLINK id="TL65" fromID="E72" fromText="Chronic thrombocytopenia" toID="E73" toText="noted" type="OVERLAP" />
<TLINK id="TL66" fromID="E73" fromText="noted" toID="E72" toText="Chronic thrombocytopenia" type="OVERLAP" />
<TLINK id="TL67" fromID="E76" fromText="The metoprolol" toID="E77" toText="acute bleeding phase" type="OVERLAP" />
<TLINK id="TL68" fromID="E77" fromText="acute bleeding phase" toID="E76" toText="The metoprolol" type="OVERLAP" />
<TLINK id="TL69" fromID="E78" fromText="restarted" toID="E79" toText="her BP" type="BEFORE" />
<TLINK id="TL70" fromID="E79" fromText="her BP" toID="E78" toText="restarted" type="AFTER" />
<TLINK id="TL71" fromID="E79" fromText="her BP" toID="E80" toText="stabilized" type="OVERLAP" />
<TLINK id="TL72" fromID="E80" fromText="stabilized" toID="E79" toText="her BP" type="OVERLAP" />
<TLINK id="TL73" fromID="E81" fromText="Other medical problems" toID="E82" toText="stable" type="OVERLAP" />
<TLINK id="TL74" fromID="E82" fromText="stable" toID="E81" toText="Other medical problems" type="OVERLAP" />
<TLINK id="TL75" fromID="T2" fromText="Three days ago" toID="E7" toText="black stools" type="BEFORE" />
<TLINK id="TL76" fromID="E7" fromText="black stools" toID="T2" toText="Three days ago" type="AFTER" />
<TLINK id="TL77" fromID="E15" fromText="dialysis" toID="T3" toText="day" type="OVERLAP" />
<TLINK id="TL78" fromID="T3" fromText="day" toID="E15" toText="dialysis" type="OVERLAP" />
<TLINK id="TL79" fromID="E36" fromText="EGD" toID="T4" toText="the morning of 6/8" type="OVERLAP" />
<TLINK id="TL80" fromID="T4" fromText="the morning of 6/8" toID="E36" toText="EGD" type="OVERLAP" />
<TLINK id="TL81" fromID="E56" fromText="stable" toID="T5" toText="4 days" type="OVERLAP" />
<TLINK id="TL82" fromID="T5" fromText="4 days" toID="E56" toText="stable" type="OVERLAP" />
<TLINK id="TL83" fromID="T5" fromText="4 days" toID="E57" toText="discharge" type="BEFORE" />
<TLINK id="TL84" fromID="E57" fromText="discharge" toID="T5" toText="4 days" type="AFTER" />
<TLINK id="TL85" fromID="E67" fromText="PCP" toID="T6" toText="this week" type="OVERLAP" />
<TLINK id="TL86" fromID="T6" fromText="this week" toID="E67" toText="PCP" type="OVERLAP" />
<TLINK id="TL87" fromID="E83" fromText="Dialysis" toID="T7" toText="3 / week" type="OVERLAP" />
<TLINK id="TL88" fromID="T7" fromText="3 / week" toID="E83" toText="Dialysis" type="OVERLAP" />
<TLINK id="TL89" fromID="E84" fromText="talked" toID="T8" toText="the time" type="OVERLAP" />
<TLINK id="TL90" fromID="T8" fromText="the time" toID="E84" toText="talked" type="OVERLAP" />
<TLINK id="TL91" fromID="T8" fromText="the time" toID="E85" toText="discharge" type="OVERLAP" />
<TLINK id="TL92" fromID="E85" fromText="discharge" toID="T8" toText="the time" type="OVERLAP" />
<TLINK id="SECTIME0" fromID="T0" fromText="2018-08-02" toID="E2" toText="GI bleeding" type="AFTER" />
<TLINK id="SECTIME1" fromID="T0" fromText="2018-08-02" toID="E3" toText="arteriovenous malformations" type="AFTER" />
<TLINK id="SECTIME2" fromID="T0" fromText="2018-08-02" toID="E4" toText="presents" type="AFTER" />
<TLINK id="SECTIME3" fromID="T0" fromText="2018-08-02" toID="E5" toText="maroon stool" type="AFTER" />
<TLINK id="SECTIME4" fromID="T0" fromText="2018-08-02" toID="E6" toText="a hematocrit drop" type="AFTER" />
<TLINK id="TL93" fromID="T0" fromText="2018-08-02" toID="T2" toText="Three days ago" type="AFTER" />
<TLINK id="SECTIME5" fromID="T0" fromText="2018-08-02" toID="E7" toText="black stools" type="AFTER" />
<TLINK id="SECTIME6" fromID="T0" fromText="2018-08-02" toID="E8" toText="clear blood" type="AFTER" />
<TLINK id="SECTIME7" fromID="T0" fromText="2018-08-02" toID="E9" toText="nausea" type="AFTER" />
<TLINK id="SECTIME8" fromID="T0" fromText="2018-08-02" toID="E10" toText="decreased PO intake" type="AFTER" />
<TLINK id="SECTIME9" fromID="T0" fromText="2018-08-02" toID="E11" toText="a cough" type="AFTER" />
<TLINK id="SECTIME10" fromID="T0" fromText="2018-08-02" toID="E12" toText="white sputum" type="AFTER" />
<TLINK id="SECTIME11" fromID="T0" fromText="2018-08-02" toID="E13" toText="warm" type="AFTER" />
<TLINK id="SECTIME12" fromID="T0" fromText="2018-08-02" toID="E14" toText="her temperature" type="AFTER" />
<TLINK id="SECTIME13" fromID="T0" fromText="2018-08-02" toID="E15" toText="dialysis" type="AFTER" />
<TLINK id="TL94" fromID="T0" fromText="2018-08-02" toID="T3" toText="day" type="OVERLAP" />
<TLINK id="SECTIME14" fromID="T0" fromText="2018-08-02" toID="E16" toText="admission" type="OVERLAP" />
<TLINK id="SECTIME15" fromID="T0" fromText="2018-08-02" toID="E17" toText="these symptoms" type="AFTER" />
<TLINK id="SECTIME16" fromID="T0" fromText="2018-08-02" toID="E18" toText="a bloody bowel movement" type="AFTER" />
<TLINK id="SECTIME17" fromID="T0" fromText="2018-08-02" toID="E19" toText="the Nantucket Cottage Hospital" type="AFTER" />
<TLINK id="SECTIME18" fromID="T0" fromText="2018-08-02" toID="E20" toText="the Deanna" type="OVERLAP" />
<TLINK id="SECTIME19" fromID="T0" fromText="2018-08-02" toID="E21" toText="her temperature" type="OVERLAP" />
<TLINK id="SECTIME20" fromID="T0" fromText="2018-08-02" toID="E22" toText="HR" type="OVERLAP" />
<TLINK id="SECTIME21" fromID="T0" fromText="2018-08-02" toID="E23" toText="BP" type="OVERLAP" />
<TLINK id="SECTIME22" fromID="T0" fromText="2018-08-02" toID="E24" toText="RR" type="OVERLAP" />
<TLINK id="SECTIME23" fromID="T0" fromText="2018-08-02" toID="E25" toText="oxygen saturation" type="OVERLAP" />
<TLINK id="SECTIME24" fromID="T0" fromText="2018-08-02" toID="E26" toText="Her hematocrit" type="AFTER" />
<TLINK id="SECTIME25" fromID="T0" fromText="2018-08-02" toID="E27" toText="her baseline hematocrit" type="AFTER" />
<TLINK id="SECTIME26" fromID="T0" fromText="2018-08-02" toID="E28" toText="An NG lavage" type="AFTER" />
<TLINK id="SECTIME27" fromID="T0" fromText="2018-08-02" toID="E29" toText="bilious return" type="AFTER" />
<TLINK id="SECTIME28" fromID="T0" fromText="2018-08-02" toID="E30" toText="Rectal examination" type="AFTER" />
<TLINK id="SECTIME29" fromID="T0" fromText="2018-08-02" toID="E31" toText="guiaiac positive maroon stool" type="AFTER" />
<TLINK id="SECTIME30" fromID="T0" fromText="2018-08-02" toID="E32" toText="transfused" type="AFTER" />
<TLINK id="SECTIME31" fromID="T0" fromText="2018-08-02" toID="E33" toText="packed red blood cells" type="AFTER" />
<TLINK id="SECTIME32" fromID="T0" fromText="2018-08-02" toID="E34" toText="IV PPI" type="AFTER" />
<TLINK id="SECTIME33" fromID="T0" fromText="2018-08-02" toID="E35" toText="colonoscopy" type="AFTER" />
<TLINK id="SECTIME34" fromID="T0" fromText="2018-08-02" toID="E36" toText="EGD" type="AFTER" />
<TLINK id="TL95" fromID="T0" fromText="2018-08-02" toID="T4" toText="the morning of 6/8" type="AFTER" />
<TLINK id="SECTIME35" fromID="T0" fromText="2018-08-02" toID="E37" toText="transferred" type="OVERLAP" />
<TLINK id="SECTIME36" fromID="T0" fromText="2018-08-02" toID="E38" toText="the CMED CCU" type="OVERLAP" />
<TLINK id="SECTIME37" fromID="T0" fromText="2018-08-02" toID="E39" toText="observation" type="OVERLAP" />
<TLINK id="TL96" fromID="T0" fromText="2018-08-02" toID="T8" toText="the time" type="BEFORE" />
<TLINK id="TL97" fromID="T1" fromText="2018-08-08" toID="T2" toText="Three days ago" type="AFTER" />
<TLINK id="TL98" fromID="T1" fromText="2018-08-08" toID="T3" toText="day" type="AFTER" />
<TLINK id="TL99" fromID="T1" fromText="2018-08-08" toID="T4" toText="the morning of 6/8" type="AFTER" />
<TLINK id="SECTIME38" fromID="T1" fromText="2018-08-08" toID="E40" toText="Blood loss anemia" type="AFTER" />
<TLINK id="SECTIME39" fromID="T1" fromText="2018-08-08" toID="E41" toText="GI bleeding" type="AFTER" />
<TLINK id="SECTIME40" fromID="T1" fromText="2018-08-08" toID="E42" toText="the bleeding" type="AFTER" />
<TLINK id="SECTIME41" fromID="T1" fromText="2018-08-08" toID="E43" toText="an AVM" type="AFTER" />
<TLINK id="SECTIME42" fromID="T1" fromText="2018-08-08" toID="E44" toText="EGD" type="AFTER" />
<TLINK id="SECTIME43" fromID="T1" fromText="2018-08-08" toID="E45" toText="colonoscopy" type="AFTER" />
<TLINK id="SECTIME44" fromID="T1" fromText="2018-08-08" toID="E46" toText="tagged scan" type="AFTER" />
<TLINK id="SECTIME45" fromID="T1" fromText="2018-08-08" toID="E47" toText="noted" type="AFTER" />
<TLINK id="SECTIME46" fromID="T1" fromText="2018-08-08" toID="E48" toText="bleeding" type="AFTER" />
<TLINK id="SECTIME47" fromID="T1" fromText="2018-08-08" toID="E49" toText="colonoscopy" type="AFTER" />
<TLINK id="SECTIME48" fromID="T1" fromText="2018-08-08" toID="E50" toText="intervention" type="AFTER" />
<TLINK id="SECTIME49" fromID="T1" fromText="2018-08-08" toID="E51" toText="transfused" type="AFTER" />
<TLINK id="SECTIME50" fromID="T1" fromText="2018-08-08" toID="E52" toText="PRBC" type="AFTER" />
<TLINK id="SECTIME51" fromID="T1" fromText="2018-08-08" toID="E53" toText="the ICU" type="AFTER" />
<TLINK id="SECTIME52" fromID="T1" fromText="2018-08-08" toID="E54" toText="the Lahey Clinic" type="AFTER" />
<TLINK id="SECTIME53" fromID="T1" fromText="2018-08-08" toID="E55" toText="Her hematocrit" type="AFTER" />
<TLINK id="SECTIME54" fromID="T1" fromText="2018-08-08" toID="E56" toText="stable" type="AFTER" />
<TLINK id="SECTIME55" fromID="T1" fromText="2018-08-08" toID="E57" toText="discharge" type="OVERLAP" />
<TLINK id="SECTIME56" fromID="T1" fromText="2018-08-08" toID="E58" toText="further bleeding" type="AFTER" />
<TLINK id="SECTIME57" fromID="T1" fromText="2018-08-08" toID="E59" toText="followed" type="AFTER" />
<TLINK id="SECTIME58" fromID="T1" fromText="2018-08-08" toID="E60" toText="hospital" type="AFTER" />
<TLINK id="SECTIME59" fromID="T1" fromText="2018-08-08" toID="E61" toText="argon photocoagulation" type="AFTER" />
<TLINK id="SECTIME60" fromID="T1" fromText="2018-08-08" toID="E62" toText="AVM 's" type="AFTER" />
<TLINK id="SECTIME61" fromID="T1" fromText="2018-08-08" toID="E63" toText="the culprit lesion" type="AFTER" />
<TLINK id="SECTIME62" fromID="T1" fromText="2018-08-08" toID="E64" toText="GI" type="AFTER" />
<TLINK id="SECTIME63" fromID="T1" fromText="2018-08-08" toID="E65" toText="APL from the fundus" type="AFTER" />
<TLINK id="SECTIME64" fromID="T1" fromText="2018-08-08" toID="E66" toText="CBC" type="AFTER" />
<TLINK id="SECTIME65" fromID="T1" fromText="2018-08-08" toID="E67" toText="PCP" type="AFTER" />
<TLINK id="SECTIME66" fromID="T1" fromText="2018-08-08" toID="E68" toText="ASA" type="AFTER" />
<TLINK id="SECTIME67" fromID="T1" fromText="2018-08-08" toID="E69" toText="Hct" type="AFTER" />
<TLINK id="SECTIME68" fromID="T1" fromText="2018-08-08" toID="E70" toText="stable" type="AFTER" />
<TLINK id="SECTIME69" fromID="T1" fromText="2018-08-08" toID="E71" toText="the PCP" type="AFTER" />
<TLINK id="SECTIME70" fromID="T1" fromText="2018-08-08" toID="E72" toText="Chronic thrombocytopenia" type="AFTER" />
<TLINK id="SECTIME71" fromID="T1" fromText="2018-08-08" toID="E73" toText="noted" type="AFTER" />
<TLINK id="SECTIME72" fromID="T1" fromText="2018-08-08" toID="E74" toText="platelet transfusions" type="AFTER" />
<TLINK id="SECTIME73" fromID="T1" fromText="2018-08-08" toID="E75" toText="HIT" type="AFTER" />
<TLINK id="SECTIME74" fromID="T1" fromText="2018-08-08" toID="E76" toText="The metoprolol" type="AFTER" />
<TLINK id="SECTIME75" fromID="T1" fromText="2018-08-08" toID="E77" toText="acute bleeding phase" type="AFTER" />
<TLINK id="SECTIME76" fromID="T1" fromText="2018-08-08" toID="E78" toText="restarted" type="AFTER" />
<TLINK id="SECTIME77" fromID="T1" fromText="2018-08-08" toID="E79" toText="her BP" type="AFTER" />
<TLINK id="SECTIME78" fromID="T1" fromText="2018-08-08" toID="E80" toText="stabilized" type="AFTER" />
<TLINK id="SECTIME79" fromID="T1" fromText="2018-08-08" toID="E81" toText="Other medical problems" type="AFTER" />
<TLINK id="SECTIME80" fromID="T1" fromText="2018-08-08" toID="E82" toText="stable" type="AFTER" />
<TLINK id="SECTIME81" fromID="T1" fromText="2018-08-08" toID="E83" toText="Dialysis" type="AFTER" />
<TLINK id="SECTIME82" fromID="T1" fromText="2018-08-08" toID="E84" toText="talked" type="AFTER" />
<TLINK id="TL100" fromID="T1" fromText="2018-08-08" toID="T8" toText="the time" type="OVERLAP" />
<TLINK id="SECTIME83" fromID="T1" fromText="2018-08-08" toID="E85" toText="discharge" type="OVERLAP" />
<TLINK id="SECTIME84" fromID="T1" fromText="2018-08-08" toID="E86" toText="the hospital events" type="AFTER" />
<TLINK id="TL101" fromID="E7" fromText="black stools" toID="E8" toText="clear blood" type="OVERLAP" />
<TLINK id="TL102" fromID="E8" fromText="clear blood" toID="E7" toText="black stools" type="OVERLAP" />
<TLINK id="TL103" fromID="E19" fromText="the Nantucket Cottage Hospital" toID="E20" toText="the Deanna" type="OVERLAP" />
<TLINK id="TL104" fromID="E20" fromText="the Deanna" toID="E19" toText="the Nantucket Cottage Hospital" type="OVERLAP" />
<TLINK id="TL105" fromID="E26" fromText="Her hematocrit" toID="E28" toText="An NG lavage" type="OVERLAP" />
<TLINK id="TL106" fromID="E27" fromText="her baseline hematocrit" toID="E28" toText="An NG lavage" type="OVERLAP" />
<TLINK id="TL107" fromID="E28" fromText="An NG lavage" toID="E26" toText="Her hematocrit" type="OVERLAP" />
<TLINK id="TL108" fromID="E28" fromText="An NG lavage" toID="E27" toText="her baseline hematocrit" type="OVERLAP" />
<TLINK id="TL109" fromID="E28" fromText="An NG lavage" toID="E30" toText="Rectal examination" type="OVERLAP" />
<TLINK id="TL110" fromID="E30" fromText="Rectal examination" toID="E28" toText="An NG lavage" type="OVERLAP" />
<TLINK id="TL111" fromID="E44" fromText="EGD" toID="E49" toText="colonoscopy" type="OVERLAP" />
<TLINK id="TL112" fromID="E45" fromText="colonoscopy" toID="E49" toText="colonoscopy" type="OVERLAP" />
<TLINK id="TL113" fromID="E46" fromText="tagged scan" toID="E49" toText="colonoscopy" type="OVERLAP" />
<TLINK id="TL114" fromID="E49" fromText="colonoscopy" toID="E45" toText="colonoscopy" type="OVERLAP" />
<TLINK id="TL115" fromID="E61" fromText="argon photocoagulation" toID="E65" toText="APL from the fundus" type="OVERLAP" />
<TLINK id="TL116" fromID="E64" fromText="GI" toID="E67" toText="PCP" type="OVERLAP" />
<TLINK id="TL117" fromID="E65" fromText="APL from the fundus" toID="E61" toText="argon photocoagulation" type="OVERLAP" />
<TLINK id="TL118" fromID="E67" fromText="PCP" toID="E64" toText="GI" type="OVERLAP" />
<TLINK id="TL119" fromID="E67" fromText="PCP" toID="E71" toText="the PCP" type="OVERLAP" />
<TLINK id="TL120" fromID="E71" fromText="the PCP" toID="E67" toText="PCP" type="OVERLAP" />
<TLINK id="TL121" fromID="E79" fromText="her BP" toID="E82" toText="stable" type="BEFORE" />
<TLINK id="TL122" fromID="E82" fromText="stable" toID="E79" toText="her BP" type="AFTER" />
<TLINK id="TL123" fromID="E82" fromText="stable" toID="E83" toText="Dialysis" type="OVERLAP" />
<TLINK id="SECTIME85" fromID="E0" fromText="Admission" toID="T0" toText="2018-08-02" type="OVERLAP" />
<TLINK id="SECTIME86" fromID="T0" fromText="2018-08-02" toID="E0" toText="Admission" type="OVERLAP" />
<TLINK id="SECTIME87" fromID="T0" fromText="2018-08-02" toID="E1" toText="Discharge" type="BEFORE" />
<TLINK id="SECTIME88" fromID="E1" fromText="Discharge" toID="T0" toText="2018-08-02" type="AFTER" />
<TLINK id="SECTIME89" fromID="E1" fromText="Discharge" toID="T1" toText="2018-08-08" type="OVERLAP" />
<TLINK id="SECTIME90" fromID="T1" fromText="2018-08-08" toID="E1" toText="Discharge" type="OVERLAP" />
<TLINK id="TL124" fromID="E5" fromText="maroon stool" toID="E31" toText="guiaiac positive maroon stool" type="OVERLAP" />
<TLINK id="TL125" fromID="E31" fromText="guiaiac positive maroon stool" toID="E5" toText="maroon stool" type="OVERLAP" />
<TLINK id="TL126" fromID="E35" fromText="colonoscopy" toID="E45" toText="colonoscopy" type="OVERLAP" />
<TLINK id="TL127" fromID="E35" fromText="colonoscopy" toID="E49" toText="colonoscopy" type="OVERLAP" />
<TLINK id="TL128" fromID="E36" fromText="EGD" toID="E44" toText="EGD" type="OVERLAP" />
<TLINK id="TL129" fromID="E41" fromText="GI bleeding" toID="E42" toText="the bleeding" type="OVERLAP" />
<TLINK id="TL130" fromID="E41" fromText="GI bleeding" toID="E48" toText="bleeding" type="OVERLAP" />
<TLINK id="TL131" fromID="E42" fromText="the bleeding" toID="E41" toText="GI bleeding" type="OVERLAP" />
<TLINK id="TL132" fromID="E42" fromText="the bleeding" toID="E48" toText="bleeding" type="OVERLAP" />
<TLINK id="TL133" fromID="E44" fromText="EGD" toID="E36" toText="EGD" type="OVERLAP" />
<TLINK id="TL134" fromID="E45" fromText="colonoscopy" toID="E35" toText="colonoscopy" type="OVERLAP" />
<TLINK id="TL135" fromID="E45" fromText="colonoscopy" toID="E49" toText="colonoscopy" type="OVERLAP" />
<TLINK id="TL136" fromID="E48" fromText="bleeding" toID="E41" toText="GI bleeding" type="OVERLAP" />
<TLINK id="TL137" fromID="E48" fromText="bleeding" toID="E42" toText="the bleeding" type="OVERLAP" />
<TLINK id="TL138" fromID="E49" fromText="colonoscopy" toID="E35" toText="colonoscopy" type="OVERLAP" />
<TLINK id="TL139" fromID="E49" fromText="colonoscopy" toID="E45" toText="colonoscopy" type="OVERLAP" />
<TLINK id="TL140" fromID="E61" fromText="argon photocoagulation" toID="E65" toText="APL from the fundus" type="OVERLAP" />
<TLINK id="TL141" fromID="E65" fromText="APL from the fundus" toID="E61" toText="argon photocoagulation" type="OVERLAP" />
<TLINK id="TL142" fromID="T4" fromText="the morning of 6/8" toID="E34" toText="IV PPI" type="AFTER" />
<TLINK id="TL143" fromID="E34" fromText="IV PPI" toID="T4" toText="the morning of 6/8" type="BEFORE" />
<TLINK id="TL144" fromID="T8" fromText="the time" toID="E86" toText="the hospital events" type="AFTER" />
<TLINK id="TL145" fromID="E86" fromText="the hospital events" toID="T8" toText="the time" type="BEFORE" />
</TAGS>
</ClinicalNarrativeTemporalAnnotation>
