<?xml version="1.0" encoding="UTF-8" ?>
<ClinicalNarrativeTemporalAnnotation>
<TEXT><![CDATA[
Admission Date :
2019-03-29
Discharge Date :
2019-04-01
Service :
NEUROLOGY
History of Present Illness :
The patient is a 83 yo R-handed man with a history of multiple intracranial hemorrhages during the last few years , pacemaker , hyperlipidemia , arrhythmia who now presents with gradual decline in gait and slowing of mentation over the last week .
The patient had a fall about ten days ago , when he was walking the dog .
The leash got wrapped around his legs .
According to his wife he had a small abrasion on the top of his head , but nothing major .
He did not complain about a headache .
He was at baseline with respect to his gait ( at baseline unsteady , though he refuses to walk with a walker ) and his mentation ( at baseline difficulties with memory since months ; keeps forgetting appointments ).
Then about a week ago , the patient and his wife noted that his gait became even more unsteady , though he did not fall .
He also had difficulties navigating through his apartment , having difficulties finding the fridge for example .
They were concerned that the fall might have caused another bleed , as had happened in the past , and this prompted them to come to the Deanna .
No headache , neckpain , nausea , vomiting or focal weakness / numbness .
Review of systems : denies any fever , chills , weight loss , visual changes , hearing changes , dysphagia , tingling , numbness , bowel-bladder dysfunction , chest pain , shortness of breath , abdominal pain , dysuria , hematuria , or bright red blood per rectum .
His legs have been feeling weaker , bilaterally since the last week .
Brief Hospital Course :
The patient is a 83 yo man with a history of past intracranial hemorrhages ( most recent 07-01 with R-frontal hemorrhage ) who presented with gradually slowing of mentation and increased gait instability since one week .
On initial exam the patient was not oriented to time , seemed somewhat slow , and had difficulties generating a list of animals .
His cranial nerves and strength were full , and the sensory exam showed mildly decreased vibration and proprioception in both LE , suggesting peripheral neuropathy .
A CT was performed in the Deanna that showed a new significant R-frontal intraparenchymal hemorrhage in the same location as the prior bleed .
The patient was seen by both neurology and neurosurgery , and the two teams agreed that the etiology seemed to be related to underlying amyloidosis .
During the last admission the question of a mass underlying a hemorrhage in the R-frontal region was raised .
The location of the hemorrhage was not felt to be typical for hypertensive bleed ( cortical ) and it was felt to be unlikely that the recent fall was related to the bleed .
The patient could not undergo an MRI due to his pacer .
He was admitted to the neurology ICU for closer monitoring and was stable overnight - BP was initially elevated and required a labetalol drip for < 24 hours , then stabilized .
The goal SBP of < 150 was achieved .
Coags and UA were checked and were normal .
For the question of seizure activity associated with a cortical bleed , he was started prophylactically on Keppra ( given questionable allergy to dilantin ) , at 500 mg bid ; no seizure activity was seen .
This medication should be continued as an outpatient at least while the bleed has time to clear up , with planned titration up to 1000 mg bid on 04-05 .
Head CT repeated on 03-30 was unchanged , and the patient remained stable with only very suble focal exam findings ( very mild right pronator drift ) as well as his persistently poor memory related to dementia .
The plan after 24 hours was to transfer him to the floor , but the hospital was full and he never got a bed .
Cardiovascularly , lipitor and amiodarone were continued .
He could not get an MRI due to his pacemaker .
There were no telemetry events , and he ruled out by enzyme .
Pulmonlologically , his chest xray was negative and he complained of no breathing problems .
Endocrinologically , BG was monitored to improve outcome in ICU setting though he had no history of DM .
Of note , Hba1c done 03-04 was slightly elevated ( " borderline DM " ) at 6.3 ; this was repeated and was still pending on the day of discharge .
Ins / outs and electrolytes were monitored and were not abnormal ; he was on a bowel regimen , VD boots and PUD prophylaxis with protonix during the admission .
Walking was assessed later and the patient was unstable on his feet .
PT was asked to see him for this gait problem .
Brandon felt well and was seen by PT who suggested a rehab/Hahnemann Hospital ( Worcester ) to work on walking with the eventual goal of returning to assisted living with his wife when walking improved .
Follow-up was arranged with neurosurgery in 5-6 weeks with repeat head ct to be arranged by neurosurgery office to make sure blood has cleared , and if indicated , to look for a possible underlying lesion ( although unlikely ) .
]]></TEXT>
<TAGS>
<EVENT id="E0" start="1" end="10" text="Admission" modality="FACTUAL" polarity="POS" type="OCCURRENCE" />
<EVENT id="E1" start="29" end="38" text="Discharge" modality="FACTUAL" polarity="POS" type="OCCURRENCE" />
<EVENT id="E2" start="160" end="193" text="multiple intracranial hemorrhages" modality="FACTUAL" polarity="POS" type="PROBLEM" />
<EVENT id="E3" start="222" end="231" text="pacemaker" modality="FACTUAL" polarity="POS" type="TREATMENT" />
<EVENT id="E4" start="234" end="248" text="hyperlipidemia" modality="FACTUAL" polarity="POS" type="PROBLEM" />
<EVENT id="E5" start="251" end="261" text="arrhythmia" modality="FACTUAL" polarity="POS" type="PROBLEM" />
<EVENT id="E6" start="270" end="278" text="presents" modality="FACTUAL" polarity="POS" type="EVIDENTIAL" />
<EVENT id="E7" start="284" end="307" text="gradual decline in gait" modality="FACTUAL" polarity="POS" type="PROBLEM" />
<EVENT id="E8" start="312" end="332" text="slowing of mentation" modality="FACTUAL" polarity="POS" type="PROBLEM" />
<EVENT id="E9" start="410" end="425" text="walking the dog" modality="FACTUAL" polarity="POS" type="OCCURRENCE" />
<EVENT id="E10" start="497" end="513" text="a small abrasion" modality="FACTUAL" polarity="POS" type="PROBLEM" />
<EVENT id="E11" start="585" end="595" text="a headache" modality="FACTUAL" polarity="NEG" type="PROBLEM" />
<EVENT id="E12" start="677" end="692" text="refuses to walk" modality="FACTUAL" polarity="NEG" type="OCCURRENCE" />
<EVENT id="E13" start="698" end="706" text="a walker" modality="FACTUAL" polarity="POS" type="TREATMENT" />
<EVENT id="E14" start="741" end="765" text="difficulties with memory" modality="FACTUAL" polarity="POS" type="PROBLEM" />
<EVENT id="E15" start="890" end="908" text="even more unsteady" modality="FACTUAL" polarity="POS" type="PROBLEM" />
<EVENT id="E16" start="929" end="933" text="fall" modality="FACTUAL" polarity="POS" type="PROBLEM" />
<EVENT id="E17" start="948" end="960" text="difficulties" modality="FACTUAL" polarity="POS" type="PROBLEM" />
<EVENT id="E18" start="1003" end="1015" text="difficulties" modality="FACTUAL" polarity="POS" type="PROBLEM" />
<EVENT id="E19" start="1101" end="1114" text="another bleed" modality="POSSIBLE" polarity="POS" type="PROBLEM" />
<EVENT id="E20" start="1181" end="1191" text="the Deanna" modality="FACTUAL" polarity="POS" type="CLINICAL_DEPT" />
<EVENT id="E21" start="1197" end="1205" text="headache" modality="FACTUAL" polarity="NEG" type="PROBLEM" />
<EVENT id="E22" start="1208" end="1216" text="neckpain" modality="FACTUAL" polarity="NEG" type="PROBLEM" />
<EVENT id="E23" start="1219" end="1225" text="nausea" modality="FACTUAL" polarity="NEG" type="PROBLEM" />
<EVENT id="E24" start="1228" end="1236" text="vomiting" modality="FACTUAL" polarity="NEG" type="PROBLEM" />
<EVENT id="E25" start="1240" end="1254" text="focal weakness" modality="FACTUAL" polarity="NEG" type="PROBLEM" />
<EVENT id="E26" start="1257" end="1265" text="numbness" modality="FACTUAL" polarity="NEG" type="PROBLEM" />
<EVENT id="E27" start="1288" end="1294" text="denies" modality="FACTUAL" polarity="POS" type="EVIDENTIAL" />
<EVENT id="E28" start="1295" end="1304" text="any fever" modality="FACTUAL" polarity="NEG" type="PROBLEM" />
<EVENT id="E29" start="1307" end="1313" text="chills" modality="FACTUAL" polarity="NEG" type="PROBLEM" />
<EVENT id="E30" start="1316" end="1327" text="weight loss" modality="FACTUAL" polarity="NEG" type="PROBLEM" />
<EVENT id="E31" start="1330" end="1344" text="visual changes" modality="FACTUAL" polarity="NEG" type="PROBLEM" />
<EVENT id="E32" start="1347" end="1362" text="hearing changes" modality="FACTUAL" polarity="NEG" type="PROBLEM" />
<EVENT id="E33" start="1365" end="1374" text="dysphagia" modality="FACTUAL" polarity="NEG" type="PROBLEM" />
<EVENT id="E34" start="1377" end="1385" text="tingling" modality="FACTUAL" polarity="NEG" type="PROBLEM" />
<EVENT id="E35" start="1388" end="1396" text="numbness" modality="FACTUAL" polarity="NEG" type="PROBLEM" />
<EVENT id="E36" start="1399" end="1424" text="bowel-bladder dysfunction" modality="FACTUAL" polarity="NEG" type="PROBLEM" />
<EVENT id="E37" start="1427" end="1437" text="chest pain" modality="FACTUAL" polarity="NEG" type="PROBLEM" />
<EVENT id="E38" start="1440" end="1459" text="shortness of breath" modality="FACTUAL" polarity="NEG" type="PROBLEM" />
<EVENT id="E39" start="1462" end="1476" text="abdominal pain" modality="FACTUAL" polarity="NEG" type="PROBLEM" />
<EVENT id="E40" start="1479" end="1486" text="dysuria" modality="FACTUAL" polarity="NEG" type="PROBLEM" />
<EVENT id="E41" start="1489" end="1498" text="hematuria" modality="FACTUAL" polarity="NEG" type="PROBLEM" />
<EVENT id="E42" start="1504" end="1531" text="bright red blood per rectum" modality="FACTUAL" polarity="NEG" type="PROBLEM" />
<EVENT id="E43" start="1561" end="1567" text="weaker" modality="FACTUAL" polarity="POS" type="PROBLEM" />
<EVENT id="E44" start="1673" end="1702" text="past intracranial hemorrhages" modality="FACTUAL" polarity="POS" type="PROBLEM" />
<EVENT id="E45" start="1728" end="1748" text="R-frontal hemorrhage" modality="FACTUAL" polarity="POS" type="PROBLEM" />
<EVENT id="E46" start="1755" end="1764" text="presented" modality="FACTUAL" polarity="POS" type="OCCURRENCE" />
<EVENT id="E47" start="1770" end="1800" text="gradually slowing of mentation" modality="FACTUAL" polarity="POS" type="PROBLEM" />
<EVENT id="E48" start="1805" end="1831" text="increased gait instability" modality="FACTUAL" polarity="POS" type="PROBLEM" />
<EVENT id="E49" start="1852" end="1864" text="initial exam" modality="FACTUAL" polarity="POS" type="TEST" />
<EVENT id="E50" start="1881" end="1901" text="not oriented to time" modality="FACTUAL" polarity="POS" type="PROBLEM" />
<EVENT id="E51" start="1911" end="1924" text="somewhat slow" modality="FACTUAL" polarity="POS" type="PROBLEM" />
<EVENT id="E52" start="1935" end="1976" text="difficulties generating a list of animals" modality="FACTUAL" polarity="POS" type="PROBLEM" />
<EVENT id="E53" start="2027" end="2043" text="the sensory exam" modality="FACTUAL" polarity="POS" type="TEST" />
<EVENT id="E54" start="2044" end="2050" text="showed" modality="FACTUAL" polarity="POS" type="EVIDENTIAL" />
<EVENT id="E55" start="2051" end="2107" text="mildly decreased vibration and proprioception in both LE" modality="FACTUAL" polarity="POS" type="PROBLEM" />
<EVENT id="E56" start="2121" end="2142" text="peripheral neuropathy" modality="POSSIBLE" polarity="POS" type="PROBLEM" />
<EVENT id="E57" start="2145" end="2149" text="A CT" modality="FACTUAL" polarity="POS" type="TEST" />
<EVENT id="E58" start="2167" end="2177" text="the Deanna" modality="FACTUAL" polarity="POS" type="CLINICAL_DEPT" />
<EVENT id="E59" start="2183" end="2189" text="showed" modality="FACTUAL" polarity="POS" type="EVIDENTIAL" />
<EVENT id="E60" start="2190" end="2266" text="a new significant R-frontal intraparenchymal hemorrhage in the same location" modality="FACTUAL" polarity="POS" type="PROBLEM" />
<EVENT id="E61" start="2270" end="2285" text="the prior bleed" modality="FACTUAL" polarity="POS" type="PROBLEM" />
<EVENT id="E62" start="2331" end="2343" text="neurosurgery" modality="FACTUAL" polarity="POS" type="CLINICAL_DEPT" />
<EVENT id="E63" start="2413" end="2435" text="underlying amyloidosis" modality="FACTUAL" polarity="POS" type="PROBLEM" />
<EVENT id="E64" start="2454" end="2463" text="admission" modality="FACTUAL" polarity="POS" type="OCCURRENCE" />
<EVENT id="E65" start="2480" end="2486" text="a mass" modality="POSSIBLE" polarity="POS" type="PROBLEM" />
<EVENT id="E66" start="2498" end="2534" text="a hemorrhage in the R-frontal region" modality="FACTUAL" polarity="POS" type="PROBLEM" />
<EVENT id="E67" start="2564" end="2578" text="the hemorrhage" modality="FACTUAL" polarity="POS" type="PROBLEM" />
<EVENT id="E68" start="2610" end="2641" text="hypertensive bleed ( cortical )" modality="POSSIBLE" polarity="POS" type="PROBLEM" />
<EVENT id="E69" start="2678" end="2693" text="the recent fall" modality="FACTUAL" polarity="POS" type="OCCURRENCE" />
<EVENT id="E70" start="2709" end="2718" text="the bleed" modality="FACTUAL" polarity="POS" type="PROBLEM" />
<EVENT id="E71" start="2751" end="2757" text="an MRI" modality="FACTUAL" polarity="NEG" type="TEST" />
<EVENT id="E72" start="2765" end="2774" text="his pacer" modality="FACTUAL" polarity="POS" type="TREATMENT" />
<EVENT id="E73" start="2784" end="2792" text="admitted" modality="FACTUAL" polarity="POS" type="OCCURRENCE" />
<EVENT id="E74" start="2796" end="2813" text="the neurology ICU" modality="FACTUAL" polarity="POS" type="CLINICAL_DEPT" />
<EVENT id="E75" start="2818" end="2835" text="closer monitoring" modality="FACTUAL" polarity="POS" type="TEST" />
<EVENT id="E76" start="2844" end="2850" text="stable" modality="FACTUAL" polarity="POS" type="OCCURRENCE" />
<EVENT id="E77" start="2863" end="2865" text="BP" modality="FACTUAL" polarity="POS" type="TEST" />
<EVENT id="E78" start="2870" end="2888" text="initially elevated" modality="FACTUAL" polarity="POS" type="PROBLEM" />
<EVENT id="E79" start="2902" end="2918" text="a labetalol drip" modality="FACTUAL" polarity="POS" type="TREATMENT" />
<EVENT id="E80" start="2941" end="2951" text="stabilized" modality="FACTUAL" polarity="POS" type="OCCURRENCE" />
<EVENT id="E81" start="2954" end="2966" text="The goal SBP" modality="FACTUAL" polarity="POS" type="TEST" />
<EVENT id="E82" start="2991" end="2996" text="Coags" modality="FACTUAL" polarity="POS" type="TEST" />
<EVENT id="E83" start="3001" end="3003" text="UA" modality="FACTUAL" polarity="POS" type="TEST" />
<EVENT id="E84" start="3055" end="3071" text="seizure activity" modality="POSSIBLE" polarity="POS" type="PROBLEM" />
<EVENT id="E85" start="3088" end="3104" text="a cortical bleed" modality="FACTUAL" polarity="POS" type="PROBLEM" />
<EVENT id="E86" start="3142" end="3148" text="Keppra" modality="FACTUAL" polarity="POS" type="TREATMENT" />
<EVENT id="E87" start="3181" end="3189" text="dilantin" modality="FACTUAL" polarity="POS" type="TREATMENT" />
<EVENT id="E88" start="3213" end="3229" text="seizure activity" modality="FACTUAL" polarity="NEG" type="PROBLEM" />
<EVENT id="E89" start="3241" end="3256" text="This medication" modality="FACTUAL" polarity="POS" type="TREATMENT" />
<EVENT id="E90" start="3309" end="3318" text="the bleed" modality="FACTUAL" polarity="POS" type="PROBLEM" />
<EVENT id="E91" start="3355" end="3364" text="titration" modality="FACTUAL" polarity="POS" type="TREATMENT" />
<EVENT id="E92" start="3394" end="3401" text="Head CT" modality="FACTUAL" polarity="POS" type="TEST" />
<EVENT id="E93" start="3452" end="3467" text="remained stable" modality="FACTUAL" polarity="POS" type="OCCURRENCE" />
<EVENT id="E94" start="3495" end="3499" text="exam" modality="FACTUAL" polarity="POS" type="TEST" />
<EVENT id="E95" start="3511" end="3541" text="very mild right pronator drift" modality="FACTUAL" polarity="POS" type="PROBLEM" />
<EVENT id="E96" start="3555" end="3583" text="his persistently poor memory" modality="FACTUAL" polarity="POS" type="PROBLEM" />
<EVENT id="E97" start="3595" end="3603" text="dementia" modality="FACTUAL" polarity="POS" type="PROBLEM" />
<EVENT id="E98" start="3637" end="3645" text="transfer" modality="FACTUAL" polarity="POS" type="OCCURRENCE" />
<EVENT id="E99" start="3653" end="3662" text="the floor" modality="FACTUAL" polarity="POS" type="CLINICAL_DEPT" />
<EVENT id="E100" start="3708" end="3713" text="a bed" modality="FACTUAL" polarity="POS" type="OCCURRENCE" />
<EVENT id="E101" start="3735" end="3742" text="lipitor" modality="FACTUAL" polarity="POS" type="TREATMENT" />
<EVENT id="E102" start="3747" end="3757" text="amiodarone" modality="FACTUAL" polarity="POS" type="TREATMENT" />
<EVENT id="E103" start="3792" end="3798" text="an MRI" modality="FACTUAL" polarity="NEG" type="TEST" />
<EVENT id="E104" start="3806" end="3819" text="his pacemaker" modality="FACTUAL" polarity="POS" type="TREATMENT" />
<EVENT id="E105" start="3836" end="3852" text="telemetry events" modality="FACTUAL" polarity="NEG" type="PROBLEM" />
<EVENT id="E106" start="3862" end="3871" text="ruled out" modality="FACTUAL" polarity="POS" type="OCCURRENCE" />
<EVENT id="E107" start="3875" end="3881" text="enzyme" modality="FACTUAL" polarity="POS" type="TEST" />
<EVENT id="E108" start="3904" end="3918" text="his chest xray" modality="FACTUAL" polarity="POS" type="TEST" />
<EVENT id="E109" start="3939" end="3949" text="complained" modality="FACTUAL" polarity="POS" type="EVIDENTIAL" />
<EVENT id="E110" start="3956" end="3974" text="breathing problems" modality="FACTUAL" polarity="NEG" type="PROBLEM" />
<EVENT id="E111" start="3998" end="4000" text="BG" modality="FACTUAL" polarity="POS" type="TEST" />
<EVENT id="E112" start="4037" end="4040" text="ICU" modality="FACTUAL" polarity="POS" type="CLINICAL_DEPT" />
<EVENT id="E113" start="4077" end="4079" text="DM" modality="FACTUAL" polarity="NEG" type="PROBLEM" />
<EVENT id="E114" start="4092" end="4097" text="Hba1c" modality="FACTUAL" polarity="POS" type="TEST" />
<EVENT id="E115" start="4113" end="4130" text="slightly elevated" modality="FACTUAL" polarity="POS" type="PROBLEM" />
<EVENT id="E116" start="4135" end="4148" text="borderline DM" modality="FACTUAL" polarity="POS" type="PROBLEM" />
<EVENT id="E117" start="4216" end="4225" text="discharge" modality="FACTUAL" polarity="POS" type="OCCURRENCE" />
<EVENT id="E118" start="4228" end="4238" text="Ins / outs" modality="FACTUAL" polarity="POS" type="TEST" />
<EVENT id="E119" start="4243" end="4255" text="electrolytes" modality="FACTUAL" polarity="POS" type="TEST" />
<EVENT id="E120" start="4284" end="4292" text="abnormal" modality="FACTUAL" polarity="NEG" type="PROBLEM" />
<EVENT id="E121" start="4305" end="4320" text="a bowel regimen" modality="FACTUAL" polarity="POS" type="TREATMENT" />
<EVENT id="E122" start="4323" end="4331" text="VD boots" modality="FACTUAL" polarity="POS" type="TREATMENT" />
<EVENT id="E123" start="4336" end="4351" text="PUD prophylaxis" modality="FACTUAL" polarity="POS" type="TREATMENT" />
<EVENT id="E124" start="4357" end="4365" text="protonix" modality="FACTUAL" polarity="POS" type="TREATMENT" />
<EVENT id="E125" start="4373" end="4386" text="the admission" modality="FACTUAL" polarity="POS" type="OCCURRENCE" />
<EVENT id="E126" start="4436" end="4456" text="unstable on his feet" modality="FACTUAL" polarity="POS" type="PROBLEM" />
<EVENT id="E127" start="4487" end="4504" text="this gait problem" modality="FACTUAL" polarity="POS" type="PROBLEM" />
<EVENT id="E128" start="4548" end="4557" text="suggested" modality="FACTUAL" polarity="POS" type="EVIDENTIAL" />
<EVENT id="E129" start="4558" end="4596" text="a rehab/Hahnemann Hospital ( Worcester" modality="FACTUAL" polarity="POS" type="CLINICAL_DEPT" />
<EVENT id="E130" start="4610" end="4617" text="walking" modality="FACTUAL" polarity="POS" type="OCCURRENCE" />
<EVENT id="E131" start="4692" end="4708" text="walking improved" modality="FACTUAL" polarity="POS" type="OCCURRENCE" />
<EVENT id="E132" start="4711" end="4720" text="Follow-up" modality="PROPOSED" polarity="POS" type="OCCURRENCE" />
<EVENT id="E133" start="4739" end="4751" text="neurosurgery" modality="FACTUAL" polarity="POS" type="CLINICAL_DEPT" />
<EVENT id="E134" start="4770" end="4784" text="repeat head ct" modality="PROPOSED" polarity="POS" type="TEST" />
<EVENT id="E135" start="4803" end="4822" text="neurosurgery office" modality="FACTUAL" polarity="POS" type="CLINICAL_DEPT" />
<EVENT id="E136" start="4836" end="4841" text="blood" modality="FACTUAL" polarity="POS" type="PROBLEM" />
<EVENT id="E137" start="4898" end="4915" text="underlying lesion" modality="POSSIBLE" polarity="POS" type="PROBLEM" />
<TIMEX3 id="T0" start="18" end="28" text="2019-03-29" type="DATE" val="2019-03-29" mod="NA" />
<TIMEX3 id="T1" start="46" end="56" text="2019-04-01" type="DATE" val="2019-04-01" mod="NA" />
<TIMEX3 id="T2" start="201" end="219" text="the last few years" type="DURATION" val="P3Y" mod="APPROX" />
<TIMEX3 id="T3" start="338" end="351" text="the last week" type="DURATION" val="P1W" mod="NA" />
<TIMEX3 id="T4" start="383" end="395" text="ten days ago" type="DATE" val="2019-03-19" mod="APPROX" />
<TIMEX3 id="T5" start="772" end="778" text="months" type="DATE" val="2019-04-19" mod="NA" />
<TIMEX3 id="T6" start="825" end="835" text="a week ago" type="DATE" val="2019-03-29" mod="APPROX" />
<TIMEX3 id="T8" start="1588" end="1601" text="the last week" type="DURATION" val="P1W" mod="NA" />
<TIMEX3 id="T9" start="1717" end="1722" text="07-01" type="DATE" val="2019-07-01" mod="NA" />
<TIMEX3 id="T10" start="1838" end="1846" text="one week" type="DURATION" val="P1W" mod="NA" />
<TIMEX3 id="T11" start="2851" end="2860" text="overnight" type="DURATION" val="PT12H" mod="APPROX" />
<TIMEX3 id="T12" start="2925" end="2933" text="24 hours" type="DURATION" val="PT24H" mod="NA" />
<TIMEX3 id="T13" start="3204" end="3207" text="bid" type="FREQUENCY" val="RPT12H" mod="NA" />
<TIMEX3 id="T14" start="3379" end="3391" text="bid on 04-05" type="FREQUENCY" val="RPT12H" mod="APPROX" />
<TIMEX3 id="T15" start="3414" end="3419" text="03-30" type="DATE" val="2019-03-30" mod="NA" />
<TIMEX3 id="T16" start="3621" end="3629" text="24 hours" type="DURATION" val="PT24H" mod="NA" />
<TIMEX3 id="T17" start="4103" end="4108" text="03-04" type="DATE" val="2019-03-04" mod="NA" />
<TIMEX3 id="T18" start="4205" end="4212" text="the day" type="DATE" val="2019-04-01" mod="NA" />
<TIMEX3 id="T19" start="4755" end="4764" text="5-6 weeks" type="DURATION" val="P5.5W" mod="APPROX" />
<TLINK id="TL0" fromID="E4" fromText="hyperlipidemia" toID="E5" toText="arrhythmia" type="OVERLAP" />
<TLINK id="TL1" fromID="E5" fromText="arrhythmia" toID="E4" toText="hyperlipidemia" type="OVERLAP" />
<TLINK id="TL2" fromID="E6" fromText="presents" toID="E7" toText="gradual decline in gait" type="AFTER" />
<TLINK id="TL3" fromID="E7" fromText="gradual decline in gait" toID="E6" toText="presents" type="BEFORE" />
<TLINK id="TL4" fromID="E7" fromText="gradual decline in gait" toID="E8" toText="slowing of mentation" type="OVERLAP" />
<TLINK id="TL5" fromID="E8" fromText="slowing of mentation" toID="E7" toText="gradual decline in gait" type="OVERLAP" />
<TLINK id="TL6" fromID="E15" fromText="even more unsteady" toID="E16" toText="fall" type="OVERLAP" />
<TLINK id="TL7" fromID="E16" fromText="fall" toID="E15" toText="even more unsteady" type="OVERLAP" />
<TLINK id="TL8" fromID="E17" fromText="difficulties" toID="E18" toText="difficulties" type="OVERLAP" />
<TLINK id="TL9" fromID="E18" fromText="difficulties" toID="E17" toText="difficulties" type="OVERLAP" />
<TLINK id="TL10" fromID="E21" fromText="headache" toID="E22" toText="neckpain" type="OVERLAP" />
<TLINK id="TL11" fromID="E22" fromText="neckpain" toID="E21" toText="headache" type="OVERLAP" />
<TLINK id="TL12" fromID="E22" fromText="neckpain" toID="E23" toText="nausea" type="OVERLAP" />
<TLINK id="TL13" fromID="E23" fromText="nausea" toID="E22" toText="neckpain" type="OVERLAP" />
<TLINK id="TL14" fromID="E23" fromText="nausea" toID="E24" toText="vomiting" type="OVERLAP" />
<TLINK id="TL15" fromID="E24" fromText="vomiting" toID="E23" toText="nausea" type="OVERLAP" />
<TLINK id="TL16" fromID="E24" fromText="vomiting" toID="E25" toText="focal weakness" type="OVERLAP" />
<TLINK id="TL17" fromID="E25" fromText="focal weakness" toID="E24" toText="vomiting" type="OVERLAP" />
<TLINK id="TL18" fromID="E25" fromText="focal weakness" toID="E26" toText="numbness" type="OVERLAP" />
<TLINK id="TL19" fromID="E26" fromText="numbness" toID="E25" toText="focal weakness" type="OVERLAP" />
<TLINK id="TL20" fromID="E27" fromText="denies" toID="E28" toText="any fever" type="AFTER" />
<TLINK id="TL21" fromID="E28" fromText="any fever" toID="E27" toText="denies" type="BEFORE" />
<TLINK id="TL22" fromID="E28" fromText="any fever" toID="E29" toText="chills" type="OVERLAP" />
<TLINK id="TL23" fromID="E29" fromText="chills" toID="E28" toText="any fever" type="OVERLAP" />
<TLINK id="TL24" fromID="E29" fromText="chills" toID="E30" toText="weight loss" type="OVERLAP" />
<TLINK id="TL25" fromID="E30" fromText="weight loss" toID="E29" toText="chills" type="OVERLAP" />
<TLINK id="TL26" fromID="E30" fromText="weight loss" toID="E31" toText="visual changes" type="OVERLAP" />
<TLINK id="TL27" fromID="E31" fromText="visual changes" toID="E30" toText="weight loss" type="OVERLAP" />
<TLINK id="TL28" fromID="E31" fromText="visual changes" toID="E32" toText="hearing changes" type="OVERLAP" />
<TLINK id="TL29" fromID="E32" fromText="hearing changes" toID="E31" toText="visual changes" type="OVERLAP" />
<TLINK id="TL30" fromID="E32" fromText="hearing changes" toID="E33" toText="dysphagia" type="OVERLAP" />
<TLINK id="TL31" fromID="E33" fromText="dysphagia" toID="E32" toText="hearing changes" type="OVERLAP" />
<TLINK id="TL32" fromID="E33" fromText="dysphagia" toID="E34" toText="tingling" type="OVERLAP" />
<TLINK id="TL33" fromID="E34" fromText="tingling" toID="E33" toText="dysphagia" type="OVERLAP" />
<TLINK id="TL34" fromID="E34" fromText="tingling" toID="E35" toText="numbness" type="OVERLAP" />
<TLINK id="TL35" fromID="E35" fromText="numbness" toID="E34" toText="tingling" type="OVERLAP" />
<TLINK id="TL36" fromID="E35" fromText="numbness" toID="E36" toText="bowel-bladder dysfunction" type="OVERLAP" />
<TLINK id="TL37" fromID="E36" fromText="bowel-bladder dysfunction" toID="E35" toText="numbness" type="OVERLAP" />
<TLINK id="TL38" fromID="E36" fromText="bowel-bladder dysfunction" toID="E37" toText="chest pain" type="OVERLAP" />
<TLINK id="TL39" fromID="E37" fromText="chest pain" toID="E36" toText="bowel-bladder dysfunction" type="OVERLAP" />
<TLINK id="TL40" fromID="E37" fromText="chest pain" toID="E38" toText="shortness of breath" type="OVERLAP" />
<TLINK id="TL41" fromID="E38" fromText="shortness of breath" toID="E37" toText="chest pain" type="OVERLAP" />
<TLINK id="TL42" fromID="E38" fromText="shortness of breath" toID="E39" toText="abdominal pain" type="OVERLAP" />
<TLINK id="TL43" fromID="E39" fromText="abdominal pain" toID="E38" toText="shortness of breath" type="OVERLAP" />
<TLINK id="TL44" fromID="E39" fromText="abdominal pain" toID="E40" toText="dysuria" type="OVERLAP" />
<TLINK id="TL45" fromID="E40" fromText="dysuria" toID="E39" toText="abdominal pain" type="OVERLAP" />
<TLINK id="TL46" fromID="E40" fromText="dysuria" toID="E41" toText="hematuria" type="OVERLAP" />
<TLINK id="TL47" fromID="E41" fromText="hematuria" toID="E40" toText="dysuria" type="OVERLAP" />
<TLINK id="TL48" fromID="E41" fromText="hematuria" toID="E42" toText="bright red blood per rectum" type="OVERLAP" />
<TLINK id="TL49" fromID="E42" fromText="bright red blood per rectum" toID="E41" toText="hematuria" type="OVERLAP" />
<TLINK id="TL50" fromID="E46" fromText="presented" toID="E47" toText="gradually slowing of mentation" type="AFTER" />
<TLINK id="TL51" fromID="E47" fromText="gradually slowing of mentation" toID="E46" toText="presented" type="BEFORE" />
<TLINK id="TL52" fromID="E47" fromText="gradually slowing of mentation" toID="E48" toText="increased gait instability" type="OVERLAP" />
<TLINK id="TL53" fromID="E48" fromText="increased gait instability" toID="E47" toText="gradually slowing of mentation" type="OVERLAP" />
<TLINK id="TL54" fromID="E49" fromText="initial exam" toID="E50" toText="not oriented to time" type="OVERLAP" />
<TLINK id="TL55" fromID="E50" fromText="not oriented to time" toID="E49" toText="initial exam" type="OVERLAP" />
<TLINK id="TL56" fromID="E50" fromText="not oriented to time" toID="E51" toText="somewhat slow" type="OVERLAP" />
<TLINK id="TL57" fromID="E51" fromText="somewhat slow" toID="E50" toText="not oriented to time" type="OVERLAP" />
<TLINK id="TL58" fromID="E53" fromText="the sensory exam" toID="E54" toText="showed" type="OVERLAP" />
<TLINK id="TL59" fromID="E54" fromText="showed" toID="E53" toText="the sensory exam" type="OVERLAP" />
<TLINK id="TL60" fromID="E54" fromText="showed" toID="E55" toText="mildly decreased vibration and proprioception in both LE" type="AFTER" />
<TLINK id="TL61" fromID="E55" fromText="mildly decreased vibration and proprioception in both LE" toID="E54" toText="showed" type="BEFORE" />
<TLINK id="TL62" fromID="E55" fromText="mildly decreased vibration and proprioception in both LE" toID="E56" toText="peripheral neuropathy" type="OVERLAP" />
<TLINK id="TL63" fromID="E56" fromText="peripheral neuropathy" toID="E55" toText="mildly decreased vibration and proprioception in both LE" type="OVERLAP" />
<TLINK id="TL64" fromID="E57" fromText="A CT" toID="E58" toText="the Deanna" type="OVERLAP" />
<TLINK id="TL65" fromID="E58" fromText="the Deanna" toID="E57" toText="A CT" type="OVERLAP" />
<TLINK id="TL66" fromID="E58" fromText="the Deanna" toID="E59" toText="showed" type="OVERLAP" />
<TLINK id="TL67" fromID="E59" fromText="showed" toID="E58" toText="the Deanna" type="OVERLAP" />
<TLINK id="TL68" fromID="E59" fromText="showed" toID="E60" toText="a new significant R-frontal intraparenchymal hemorrhage in the same location" type="AFTER" />
<TLINK id="TL69" fromID="E60" fromText="a new significant R-frontal intraparenchymal hemorrhage in the same location" toID="E59" toText="showed" type="BEFORE" />
<TLINK id="TL70" fromID="E60" fromText="a new significant R-frontal intraparenchymal hemorrhage in the same location" toID="E61" toText="the prior bleed" type="OVERLAP" />
<TLINK id="TL71" fromID="E61" fromText="the prior bleed" toID="E60" toText="a new significant R-frontal intraparenchymal hemorrhage in the same location" type="OVERLAP" />
<TLINK id="TL72" fromID="E64" fromText="admission" toID="E65" toText="a mass" type="OVERLAP" />
<TLINK id="TL73" fromID="E65" fromText="a mass" toID="E64" toText="admission" type="OVERLAP" />
<TLINK id="TL74" fromID="E65" fromText="a mass" toID="E66" toText="a hemorrhage in the R-frontal region" type="OVERLAP" />
<TLINK id="TL75" fromID="E66" fromText="a hemorrhage in the R-frontal region" toID="E65" toText="a mass" type="OVERLAP" />
<TLINK id="TL76" fromID="E67" fromText="the hemorrhage" toID="E68" toText="hypertensive bleed ( cortical )" type="OVERLAP" />
<TLINK id="TL77" fromID="E68" fromText="hypertensive bleed ( cortical )" toID="E67" toText="the hemorrhage" type="OVERLAP" />
<TLINK id="TL78" fromID="E69" fromText="the recent fall" toID="E70" toText="the bleed" type="OVERLAP" />
<TLINK id="TL79" fromID="E70" fromText="the bleed" toID="E69" toText="the recent fall" type="OVERLAP" />
<TLINK id="TL80" fromID="E71" fromText="an MRI" toID="E72" toText="his pacer" type="OVERLAP" />
<TLINK id="TL81" fromID="E72" fromText="his pacer" toID="E71" toText="an MRI" type="OVERLAP" />
<TLINK id="TL82" fromID="E73" fromText="admitted" toID="E74" toText="the neurology ICU" type="BEFORE" />
<TLINK id="TL83" fromID="E74" fromText="the neurology ICU" toID="E73" toText="admitted" type="AFTER" />
<TLINK id="TL84" fromID="E74" fromText="the neurology ICU" toID="E75" toText="closer monitoring" type="OVERLAP" />
<TLINK id="TL85" fromID="E75" fromText="closer monitoring" toID="E74" toText="the neurology ICU" type="OVERLAP" />
<TLINK id="TL86" fromID="E77" fromText="BP" toID="E78" toText="initially elevated" type="OVERLAP" />
<TLINK id="TL87" fromID="E78" fromText="initially elevated" toID="E77" toText="BP" type="OVERLAP" />
<TLINK id="TL88" fromID="E82" fromText="Coags" toID="E83" toText="UA" type="OVERLAP" />
<TLINK id="TL89" fromID="E83" fromText="UA" toID="E82" toText="Coags" type="OVERLAP" />
<TLINK id="TL90" fromID="E84" fromText="seizure activity" toID="E85" toText="a cortical bleed" type="OVERLAP" />
<TLINK id="TL91" fromID="E85" fromText="a cortical bleed" toID="E84" toText="seizure activity" type="OVERLAP" />
<TLINK id="TL92" fromID="E93" fromText="remained stable" toID="E94" toText="exam" type="OVERLAP" />
<TLINK id="TL93" fromID="E94" fromText="exam" toID="E93" toText="remained stable" type="OVERLAP" />
<TLINK id="TL94" fromID="E95" fromText="very mild right pronator drift" toID="E96" toText="his persistently poor memory" type="OVERLAP" />
<TLINK id="TL95" fromID="E96" fromText="his persistently poor memory" toID="E95" toText="very mild right pronator drift" type="OVERLAP" />
<TLINK id="TL96" fromID="E96" fromText="his persistently poor memory" toID="E97" toText="dementia" type="OVERLAP" />
<TLINK id="TL97" fromID="E97" fromText="dementia" toID="E96" toText="his persistently poor memory" type="OVERLAP" />
<TLINK id="TL98" fromID="E98" fromText="transfer" toID="E99" toText="the floor" type="BEFORE" />
<TLINK id="TL99" fromID="E99" fromText="the floor" toID="E98" toText="transfer" type="AFTER" />
<TLINK id="TL100" fromID="E101" fromText="lipitor" toID="E102" toText="amiodarone" type="OVERLAP" />
<TLINK id="TL101" fromID="E102" fromText="amiodarone" toID="E101" toText="lipitor" type="OVERLAP" />
<TLINK id="TL102" fromID="E106" fromText="ruled out" toID="E107" toText="enzyme" type="OVERLAP" />
<TLINK id="TL103" fromID="E107" fromText="enzyme" toID="E106" toText="ruled out" type="OVERLAP" />
<TLINK id="TL104" fromID="E108" fromText="his chest xray" toID="E109" toText="complained" type="OVERLAP" />
<TLINK id="TL105" fromID="E109" fromText="complained" toID="E108" toText="his chest xray" type="OVERLAP" />
<TLINK id="TL106" fromID="E109" fromText="complained" toID="E110" toText="breathing problems" type="OVERLAP" />
<TLINK id="TL107" fromID="E110" fromText="breathing problems" toID="E109" toText="complained" type="OVERLAP" />
<TLINK id="TL108" fromID="E111" fromText="BG" toID="E112" toText="ICU" type="OVERLAP" />
<TLINK id="TL109" fromID="E112" fromText="ICU" toID="E111" toText="BG" type="OVERLAP" />
<TLINK id="TL110" fromID="E115" fromText="slightly elevated" toID="E116" toText="borderline DM" type="OVERLAP" />
<TLINK id="TL111" fromID="E116" fromText="borderline DM" toID="E115" toText="slightly elevated" type="OVERLAP" />
<TLINK id="TL112" fromID="E118" fromText="Ins / outs" toID="E119" toText="electrolytes" type="OVERLAP" />
<TLINK id="TL113" fromID="E119" fromText="electrolytes" toID="E118" toText="Ins / outs" type="OVERLAP" />
<TLINK id="TL114" fromID="E119" fromText="electrolytes" toID="E120" toText="abnormal" type="OVERLAP" />
<TLINK id="TL115" fromID="E120" fromText="abnormal" toID="E119" toText="electrolytes" type="OVERLAP" />
<TLINK id="TL116" fromID="E121" fromText="a bowel regimen" toID="E122" toText="VD boots" type="OVERLAP" />
<TLINK id="TL117" fromID="E122" fromText="VD boots" toID="E121" toText="a bowel regimen" type="OVERLAP" />
<TLINK id="TL118" fromID="E122" fromText="VD boots" toID="E123" toText="PUD prophylaxis" type="OVERLAP" />
<TLINK id="TL119" fromID="E123" fromText="PUD prophylaxis" toID="E122" toText="VD boots" type="OVERLAP" />
<TLINK id="TL120" fromID="E123" fromText="PUD prophylaxis" toID="E124" toText="protonix" type="OVERLAP" />
<TLINK id="TL121" fromID="E124" fromText="protonix" toID="E123" toText="PUD prophylaxis" type="OVERLAP" />
<TLINK id="TL122" fromID="E124" fromText="protonix" toID="E125" toText="the admission" type="OVERLAP" />
<TLINK id="TL123" fromID="E125" fromText="the admission" toID="E124" toText="protonix" type="OVERLAP" />
<TLINK id="TL124" fromID="E128" fromText="suggested" toID="E129" toText="a rehab/Hahnemann Hospital ( Worcester" type="OVERLAP" />
<TLINK id="TL125" fromID="E129" fromText="a rehab/Hahnemann Hospital ( Worcester" toID="E128" toText="suggested" type="OVERLAP" />
<TLINK id="TL126" fromID="E130" fromText="walking" toID="E131" toText="walking improved" type="OVERLAP" />
<TLINK id="TL127" fromID="E131" fromText="walking improved" toID="E130" toText="walking" type="OVERLAP" />
<TLINK id="TL128" fromID="E132" fromText="Follow-up" toID="E133" toText="neurosurgery" type="OVERLAP" />
<TLINK id="TL129" fromID="E133" fromText="neurosurgery" toID="E132" toText="Follow-up" type="OVERLAP" />
<TLINK id="TL130" fromID="E134" fromText="repeat head ct" toID="E135" toText="neurosurgery office" type="OVERLAP" />
<TLINK id="TL131" fromID="E135" fromText="neurosurgery office" toID="E134" toText="repeat head ct" type="OVERLAP" />
<TLINK id="TL132" fromID="E2" fromText="multiple intracranial hemorrhages" toID="T2" toText="the last few years" type="OVERLAP" />
<TLINK id="TL133" fromID="T2" fromText="the last few years" toID="E2" toText="multiple intracranial hemorrhages" type="OVERLAP" />
<TLINK id="TL134" fromID="E8" fromText="slowing of mentation" toID="T3" toText="the last week" type="OVERLAP" />
<TLINK id="TL135" fromID="T3" fromText="the last week" toID="E8" toText="slowing of mentation" type="OVERLAP" />
<TLINK id="TL136" fromID="E43" fromText="weaker" toID="T8" toText="the last week" type="AFTER" />
<TLINK id="TL137" fromID="T8" fromText="the last week" toID="E43" toText="weaker" type="BEFORE" />
<TLINK id="TL138" fromID="E44" fromText="past intracranial hemorrhages" toID="T9" toText="07-01" type="OVERLAP" />
<TLINK id="TL139" fromID="T9" fromText="07-01" toID="E44" toText="past intracranial hemorrhages" type="OVERLAP" />
<TLINK id="TL140" fromID="E48" fromText="increased gait instability" toID="T10" toText="one week" type="AFTER" />
<TLINK id="TL141" fromID="T10" fromText="one week" toID="E48" toText="increased gait instability" type="BEFORE" />
<TLINK id="TL142" fromID="E76" fromText="stable" toID="T11" toText="overnight" type="OVERLAP" />
<TLINK id="TL143" fromID="T11" fromText="overnight" toID="E76" toText="stable" type="OVERLAP" />
<TLINK id="TL144" fromID="T11" fromText="overnight" toID="E77" toText="BP" type="OVERLAP" />
<TLINK id="TL145" fromID="E77" fromText="BP" toID="T11" toText="overnight" type="OVERLAP" />
<TLINK id="TL146" fromID="E79" fromText="a labetalol drip" toID="T12" toText="24 hours" type="OVERLAP" />
<TLINK id="TL147" fromID="T12" fromText="24 hours" toID="E79" toText="a labetalol drip" type="OVERLAP" />
<TLINK id="TL148" fromID="E91" fromText="titration" toID="T14" toText="bid on 04-05" type="OVERLAP" />
<TLINK id="TL149" fromID="T14" fromText="bid on 04-05" toID="E91" toText="titration" type="OVERLAP" />
<TLINK id="TL150" fromID="E92" fromText="Head CT" toID="T15" toText="03-30" type="OVERLAP" />
<TLINK id="TL151" fromID="T15" fromText="03-30" toID="E92" toText="Head CT" type="OVERLAP" />
<TLINK id="TL152" fromID="E114" fromText="Hba1c" toID="T17" toText="03-04" type="OVERLAP" />
<TLINK id="TL153" fromID="T17" fromText="03-04" toID="E114" toText="Hba1c" type="OVERLAP" />
<TLINK id="TL154" fromID="T17" fromText="03-04" toID="E115" toText="slightly elevated" type="OVERLAP" />
<TLINK id="TL155" fromID="E115" fromText="slightly elevated" toID="T17" toText="03-04" type="OVERLAP" />
<TLINK id="TL156" fromID="E116" fromText="borderline DM" toID="T18" toText="the day" type="BEFORE" />
<TLINK id="TL157" fromID="T18" fromText="the day" toID="E116" toText="borderline DM" type="AFTER" />
<TLINK id="TL158" fromID="T18" fromText="the day" toID="E117" toText="discharge" type="OVERLAP" />
<TLINK id="TL159" fromID="E117" fromText="discharge" toID="T18" toText="the day" type="OVERLAP" />
<TLINK id="TL160" fromID="E133" fromText="neurosurgery" toID="T19" toText="5-6 weeks" type="OVERLAP" />
<TLINK id="TL161" fromID="T19" fromText="5-6 weeks" toID="E133" toText="neurosurgery" type="OVERLAP" />
<TLINK id="SECTIME0" fromID="T0" fromText="2019-03-29" toID="E2" toText="multiple intracranial hemorrhages" type="AFTER" />
<TLINK id="SECTIME1" fromID="T0" fromText="2019-03-29" toID="E3" toText="pacemaker" type="AFTER" />
<TLINK id="SECTIME2" fromID="T0" fromText="2019-03-29" toID="E4" toText="hyperlipidemia" type="AFTER" />
<TLINK id="SECTIME3" fromID="T0" fromText="2019-03-29" toID="E5" toText="arrhythmia" type="AFTER" />
<TLINK id="SECTIME4" fromID="T0" fromText="2019-03-29" toID="E6" toText="presents" type="OVERLAP" />
<TLINK id="SECTIME5" fromID="T0" fromText="2019-03-29" toID="E7" toText="gradual decline in gait" type="AFTER" />
<TLINK id="SECTIME6" fromID="T0" fromText="2019-03-29" toID="E8" toText="slowing of mentation" type="AFTER" />
<TLINK id="TL162" fromID="T0" fromText="2019-03-29" toID="T4" toText="ten days ago" type="AFTER" />
<TLINK id="SECTIME7" fromID="T0" fromText="2019-03-29" toID="E9" toText="walking the dog" type="AFTER" />
<TLINK id="SECTIME8" fromID="T0" fromText="2019-03-29" toID="E10" toText="a small abrasion" type="AFTER" />
<TLINK id="SECTIME9" fromID="T0" fromText="2019-03-29" toID="E11" toText="a headache" type="AFTER" />
<TLINK id="SECTIME10" fromID="T0" fromText="2019-03-29" toID="E12" toText="refuses to walk" type="AFTER" />
<TLINK id="SECTIME11" fromID="T0" fromText="2019-03-29" toID="E13" toText="a walker" type="AFTER" />
<TLINK id="SECTIME12" fromID="T0" fromText="2019-03-29" toID="E14" toText="difficulties with memory" type="AFTER" />
<TLINK id="TL163" fromID="T0" fromText="2019-03-29" toID="T5" toText="months" type="BEFORE" />
<TLINK id="TL164" fromID="T0" fromText="2019-03-29" toID="T6" toText="a week ago" type="OVERLAP" />
<TLINK id="SECTIME13" fromID="T0" fromText="2019-03-29" toID="E15" toText="even more unsteady" type="AFTER" />
<TLINK id="SECTIME14" fromID="T0" fromText="2019-03-29" toID="E16" toText="fall" type="AFTER" />
<TLINK id="SECTIME15" fromID="T0" fromText="2019-03-29" toID="E17" toText="difficulties" type="AFTER" />
<TLINK id="SECTIME16" fromID="T0" fromText="2019-03-29" toID="E18" toText="difficulties" type="AFTER" />
<TLINK id="SECTIME17" fromID="T0" fromText="2019-03-29" toID="E19" toText="another bleed" type="AFTER" />
<TLINK id="SECTIME18" fromID="T0" fromText="2019-03-29" toID="E20" toText="the Deanna" type="AFTER" />
<TLINK id="SECTIME19" fromID="T0" fromText="2019-03-29" toID="E21" toText="headache" type="AFTER" />
<TLINK id="SECTIME20" fromID="T0" fromText="2019-03-29" toID="E22" toText="neckpain" type="AFTER" />
<TLINK id="SECTIME21" fromID="T0" fromText="2019-03-29" toID="E23" toText="nausea" type="AFTER" />
<TLINK id="SECTIME22" fromID="T0" fromText="2019-03-29" toID="E24" toText="vomiting" type="AFTER" />
<TLINK id="SECTIME23" fromID="T0" fromText="2019-03-29" toID="E25" toText="focal weakness" type="AFTER" />
<TLINK id="SECTIME24" fromID="T0" fromText="2019-03-29" toID="E26" toText="numbness" type="AFTER" />
<TLINK id="SECTIME25" fromID="T0" fromText="2019-03-29" toID="E27" toText="denies" type="OVERLAP" />
<TLINK id="SECTIME26" fromID="T0" fromText="2019-03-29" toID="E28" toText="any fever" type="AFTER" />
<TLINK id="SECTIME27" fromID="T0" fromText="2019-03-29" toID="E29" toText="chills" type="AFTER" />
<TLINK id="SECTIME28" fromID="T0" fromText="2019-03-29" toID="E30" toText="weight loss" type="AFTER" />
<TLINK id="SECTIME29" fromID="T0" fromText="2019-03-29" toID="E31" toText="visual changes" type="AFTER" />
<TLINK id="SECTIME30" fromID="T0" fromText="2019-03-29" toID="E32" toText="hearing changes" type="AFTER" />
<TLINK id="SECTIME31" fromID="T0" fromText="2019-03-29" toID="E33" toText="dysphagia" type="AFTER" />
<TLINK id="SECTIME32" fromID="T0" fromText="2019-03-29" toID="E34" toText="tingling" type="AFTER" />
<TLINK id="SECTIME33" fromID="T0" fromText="2019-03-29" toID="E35" toText="numbness" type="AFTER" />
<TLINK id="SECTIME34" fromID="T0" fromText="2019-03-29" toID="E36" toText="bowel-bladder dysfunction" type="AFTER" />
<TLINK id="SECTIME35" fromID="T0" fromText="2019-03-29" toID="E37" toText="chest pain" type="AFTER" />
<TLINK id="SECTIME36" fromID="T0" fromText="2019-03-29" toID="E38" toText="shortness of breath" type="AFTER" />
<TLINK id="SECTIME37" fromID="T0" fromText="2019-03-29" toID="E39" toText="abdominal pain" type="AFTER" />
<TLINK id="SECTIME38" fromID="T0" fromText="2019-03-29" toID="E40" toText="dysuria" type="AFTER" />
<TLINK id="SECTIME39" fromID="T0" fromText="2019-03-29" toID="E41" toText="hematuria" type="AFTER" />
<TLINK id="SECTIME40" fromID="T0" fromText="2019-03-29" toID="E42" toText="bright red blood per rectum" type="AFTER" />
<TLINK id="SECTIME41" fromID="T0" fromText="2019-03-29" toID="E43" toText="weaker" type="AFTER" />
<TLINK id="TL165" fromID="T0" fromText="2019-03-29" toID="T9" toText="07-01" type="BEFORE" />
<TLINK id="TL166" fromID="T0" fromText="2019-03-29" toID="T15" toText="03-30" type="BEFORE" />
<TLINK id="TL167" fromID="T0" fromText="2019-03-29" toID="T17" toText="03-04" type="BEFORE" />
<TLINK id="TL168" fromID="T0" fromText="2019-03-29" toID="T18" toText="the day" type="BEFORE" />
<TLINK id="TL169" fromID="T1" fromText="2019-04-01" toID="T4" toText="ten days ago" type="AFTER" />
<TLINK id="TL170" fromID="T1" fromText="2019-04-01" toID="T5" toText="months" type="BEFORE" />
<TLINK id="TL171" fromID="T1" fromText="2019-04-01" toID="T6" toText="a week ago" type="AFTER" />
<TLINK id="SECTIME42" fromID="T1" fromText="2019-04-01" toID="E44" toText="past intracranial hemorrhages" type="AFTER" />
<TLINK id="TL172" fromID="T1" fromText="2019-04-01" toID="T9" toText="07-01" type="BEFORE" />
<TLINK id="SECTIME43" fromID="T1" fromText="2019-04-01" toID="E45" toText="R-frontal hemorrhage" type="AFTER" />
<TLINK id="SECTIME44" fromID="T1" fromText="2019-04-01" toID="E46" toText="presented" type="AFTER" />
<TLINK id="SECTIME45" fromID="T1" fromText="2019-04-01" toID="E47" toText="gradually slowing of mentation" type="AFTER" />
<TLINK id="SECTIME46" fromID="T1" fromText="2019-04-01" toID="E48" toText="increased gait instability" type="AFTER" />
<TLINK id="SECTIME47" fromID="T1" fromText="2019-04-01" toID="E49" toText="initial exam" type="AFTER" />
<TLINK id="SECTIME48" fromID="T1" fromText="2019-04-01" toID="E50" toText="not oriented to time" type="AFTER" />
<TLINK id="SECTIME49" fromID="T1" fromText="2019-04-01" toID="E51" toText="somewhat slow" type="AFTER" />
<TLINK id="SECTIME50" fromID="T1" fromText="2019-04-01" toID="E52" toText="difficulties generating a list of animals" type="AFTER" />
<TLINK id="SECTIME51" fromID="T1" fromText="2019-04-01" toID="E53" toText="the sensory exam" type="AFTER" />
<TLINK id="SECTIME52" fromID="T1" fromText="2019-04-01" toID="E54" toText="showed" type="AFTER" />
<TLINK id="SECTIME53" fromID="T1" fromText="2019-04-01" toID="E55" toText="mildly decreased vibration and proprioception in both LE" type="AFTER" />
<TLINK id="SECTIME54" fromID="T1" fromText="2019-04-01" toID="E56" toText="peripheral neuropathy" type="AFTER" />
<TLINK id="SECTIME55" fromID="T1" fromText="2019-04-01" toID="E57" toText="A CT" type="AFTER" />
<TLINK id="SECTIME56" fromID="T1" fromText="2019-04-01" toID="E58" toText="the Deanna" type="AFTER" />
<TLINK id="SECTIME57" fromID="T1" fromText="2019-04-01" toID="E59" toText="showed" type="AFTER" />
<TLINK id="SECTIME58" fromID="T1" fromText="2019-04-01" toID="E60" toText="a new significant R-frontal intraparenchymal hemorrhage in the same location" type="AFTER" />
<TLINK id="SECTIME59" fromID="T1" fromText="2019-04-01" toID="E61" toText="the prior bleed" type="AFTER" />
<TLINK id="SECTIME60" fromID="T1" fromText="2019-04-01" toID="E62" toText="neurosurgery" type="AFTER" />
<TLINK id="SECTIME61" fromID="T1" fromText="2019-04-01" toID="E63" toText="underlying amyloidosis" type="AFTER" />
<TLINK id="SECTIME62" fromID="T1" fromText="2019-04-01" toID="E64" toText="admission" type="AFTER" />
<TLINK id="SECTIME63" fromID="T1" fromText="2019-04-01" toID="E65" toText="a mass" type="AFTER" />
<TLINK id="SECTIME64" fromID="T1" fromText="2019-04-01" toID="E66" toText="a hemorrhage in the R-frontal region" type="AFTER" />
<TLINK id="SECTIME65" fromID="T1" fromText="2019-04-01" toID="E67" toText="the hemorrhage" type="AFTER" />
<TLINK id="SECTIME66" fromID="T1" fromText="2019-04-01" toID="E68" toText="hypertensive bleed ( cortical )" type="AFTER" />
<TLINK id="SECTIME67" fromID="T1" fromText="2019-04-01" toID="E69" toText="the recent fall" type="AFTER" />
<TLINK id="SECTIME68" fromID="T1" fromText="2019-04-01" toID="E70" toText="the bleed" type="AFTER" />
<TLINK id="SECTIME69" fromID="T1" fromText="2019-04-01" toID="E71" toText="an MRI" type="AFTER" />
<TLINK id="SECTIME70" fromID="T1" fromText="2019-04-01" toID="E72" toText="his pacer" type="AFTER" />
<TLINK id="SECTIME71" fromID="T1" fromText="2019-04-01" toID="E73" toText="admitted" type="AFTER" />
<TLINK id="SECTIME72" fromID="T1" fromText="2019-04-01" toID="E74" toText="the neurology ICU" type="AFTER" />
<TLINK id="SECTIME73" fromID="T1" fromText="2019-04-01" toID="E75" toText="closer monitoring" type="AFTER" />
<TLINK id="SECTIME74" fromID="T1" fromText="2019-04-01" toID="E76" toText="stable" type="AFTER" />
<TLINK id="SECTIME75" fromID="T1" fromText="2019-04-01" toID="E77" toText="BP" type="AFTER" />
<TLINK id="SECTIME76" fromID="T1" fromText="2019-04-01" toID="E78" toText="initially elevated" type="AFTER" />
<TLINK id="SECTIME77" fromID="T1" fromText="2019-04-01" toID="E79" toText="a labetalol drip" type="AFTER" />
<TLINK id="SECTIME78" fromID="T1" fromText="2019-04-01" toID="E80" toText="stabilized" type="AFTER" />
<TLINK id="SECTIME79" fromID="T1" fromText="2019-04-01" toID="E81" toText="The goal SBP" type="AFTER" />
<TLINK id="SECTIME80" fromID="T1" fromText="2019-04-01" toID="E82" toText="Coags" type="AFTER" />
<TLINK id="SECTIME81" fromID="T1" fromText="2019-04-01" toID="E83" toText="UA" type="AFTER" />
<TLINK id="SECTIME82" fromID="T1" fromText="2019-04-01" toID="E84" toText="seizure activity" type="AFTER" />
<TLINK id="SECTIME83" fromID="T1" fromText="2019-04-01" toID="E85" toText="a cortical bleed" type="AFTER" />
<TLINK id="SECTIME84" fromID="T1" fromText="2019-04-01" toID="E86" toText="Keppra" type="AFTER" />
<TLINK id="SECTIME85" fromID="T1" fromText="2019-04-01" toID="E87" toText="dilantin" type="AFTER" />
<TLINK id="SECTIME86" fromID="T1" fromText="2019-04-01" toID="E88" toText="seizure activity" type="AFTER" />
<TLINK id="SECTIME87" fromID="T1" fromText="2019-04-01" toID="E89" toText="This medication" type="AFTER" />
<TLINK id="SECTIME88" fromID="T1" fromText="2019-04-01" toID="E90" toText="the bleed" type="AFTER" />
<TLINK id="SECTIME89" fromID="T1" fromText="2019-04-01" toID="E91" toText="titration" type="AFTER" />
<TLINK id="SECTIME90" fromID="T1" fromText="2019-04-01" toID="E92" toText="Head CT" type="AFTER" />
<TLINK id="TL173" fromID="T1" fromText="2019-04-01" toID="T15" toText="03-30" type="AFTER" />
<TLINK id="SECTIME91" fromID="T1" fromText="2019-04-01" toID="E93" toText="remained stable" type="AFTER" />
<TLINK id="SECTIME92" fromID="T1" fromText="2019-04-01" toID="E94" toText="exam" type="AFTER" />
<TLINK id="SECTIME93" fromID="T1" fromText="2019-04-01" toID="E95" toText="very mild right pronator drift" type="AFTER" />
<TLINK id="SECTIME94" fromID="T1" fromText="2019-04-01" toID="E96" toText="his persistently poor memory" type="AFTER" />
<TLINK id="SECTIME95" fromID="T1" fromText="2019-04-01" toID="E97" toText="dementia" type="AFTER" />
<TLINK id="SECTIME96" fromID="T1" fromText="2019-04-01" toID="E98" toText="transfer" type="AFTER" />
<TLINK id="SECTIME97" fromID="T1" fromText="2019-04-01" toID="E99" toText="the floor" type="AFTER" />
<TLINK id="SECTIME98" fromID="T1" fromText="2019-04-01" toID="E100" toText="a bed" type="AFTER" />
<TLINK id="SECTIME99" fromID="T1" fromText="2019-04-01" toID="E101" toText="lipitor" type="AFTER" />
<TLINK id="SECTIME100" fromID="T1" fromText="2019-04-01" toID="E102" toText="amiodarone" type="AFTER" />
<TLINK id="SECTIME101" fromID="T1" fromText="2019-04-01" toID="E103" toText="an MRI" type="AFTER" />
<TLINK id="SECTIME102" fromID="T1" fromText="2019-04-01" toID="E104" toText="his pacemaker" type="AFTER" />
<TLINK id="SECTIME103" fromID="T1" fromText="2019-04-01" toID="E105" toText="telemetry events" type="AFTER" />
<TLINK id="SECTIME104" fromID="T1" fromText="2019-04-01" toID="E106" toText="ruled out" type="AFTER" />
<TLINK id="SECTIME105" fromID="T1" fromText="2019-04-01" toID="E107" toText="enzyme" type="AFTER" />
<TLINK id="SECTIME106" fromID="T1" fromText="2019-04-01" toID="E108" toText="his chest xray" type="AFTER" />
<TLINK id="SECTIME107" fromID="T1" fromText="2019-04-01" toID="E109" toText="complained" type="AFTER" />
<TLINK id="SECTIME108" fromID="T1" fromText="2019-04-01" toID="E110" toText="breathing problems" type="AFTER" />
<TLINK id="SECTIME109" fromID="T1" fromText="2019-04-01" toID="E111" toText="BG" type="AFTER" />
<TLINK id="SECTIME110" fromID="T1" fromText="2019-04-01" toID="E112" toText="ICU" type="AFTER" />
<TLINK id="SECTIME111" fromID="T1" fromText="2019-04-01" toID="E113" toText="DM" type="AFTER" />
<TLINK id="SECTIME112" fromID="T1" fromText="2019-04-01" toID="E114" toText="Hba1c" type="AFTER" />
<TLINK id="TL174" fromID="T1" fromText="2019-04-01" toID="T17" toText="03-04" type="AFTER" />
<TLINK id="SECTIME113" fromID="T1" fromText="2019-04-01" toID="E115" toText="slightly elevated" type="AFTER" />
<TLINK id="SECTIME114" fromID="T1" fromText="2019-04-01" toID="E116" toText="borderline DM" type="AFTER" />
<TLINK id="TL175" fromID="T1" fromText="2019-04-01" toID="T18" toText="the day" type="OVERLAP" />
<TLINK id="SECTIME115" fromID="T1" fromText="2019-04-01" toID="E117" toText="discharge" type="OVERLAP" />
<TLINK id="SECTIME116" fromID="T1" fromText="2019-04-01" toID="E118" toText="Ins / outs" type="AFTER" />
<TLINK id="SECTIME117" fromID="T1" fromText="2019-04-01" toID="E119" toText="electrolytes" type="AFTER" />
<TLINK id="SECTIME118" fromID="T1" fromText="2019-04-01" toID="E120" toText="abnormal" type="AFTER" />
<TLINK id="SECTIME119" fromID="T1" fromText="2019-04-01" toID="E121" toText="a bowel regimen" type="AFTER" />
<TLINK id="SECTIME120" fromID="T1" fromText="2019-04-01" toID="E122" toText="VD boots" type="AFTER" />
<TLINK id="SECTIME121" fromID="T1" fromText="2019-04-01" toID="E123" toText="PUD prophylaxis" type="AFTER" />
<TLINK id="SECTIME122" fromID="T1" fromText="2019-04-01" toID="E124" toText="protonix" type="AFTER" />
<TLINK id="SECTIME123" fromID="T1" fromText="2019-04-01" toID="E125" toText="the admission" type="AFTER" />
<TLINK id="SECTIME124" fromID="T1" fromText="2019-04-01" toID="E126" toText="unstable on his feet" type="AFTER" />
<TLINK id="SECTIME125" fromID="T1" fromText="2019-04-01" toID="E127" toText="this gait problem" type="AFTER" />
<TLINK id="SECTIME126" fromID="T1" fromText="2019-04-01" toID="E128" toText="suggested" type="AFTER" />
<TLINK id="SECTIME127" fromID="T1" fromText="2019-04-01" toID="E129" toText="a rehab/Hahnemann Hospital ( Worcester" type="AFTER" />
<TLINK id="SECTIME128" fromID="T1" fromText="2019-04-01" toID="E130" toText="walking" type="AFTER" />
<TLINK id="SECTIME129" fromID="T1" fromText="2019-04-01" toID="E131" toText="walking improved" type="AFTER" />
<TLINK id="SECTIME130" fromID="T1" fromText="2019-04-01" toID="E132" toText="Follow-up" type="BEFORE" />
<TLINK id="SECTIME131" fromID="T1" fromText="2019-04-01" toID="E133" toText="neurosurgery" type="BEFORE" />
<TLINK id="TL176" fromID="T1" fromText="2019-04-01" toID="T19" toText="5-6 weeks" type="BEFORE" />
<TLINK id="SECTIME132" fromID="T1" fromText="2019-04-01" toID="E134" toText="repeat head ct" type="BEFORE" />
<TLINK id="SECTIME133" fromID="T1" fromText="2019-04-01" toID="E135" toText="neurosurgery office" type="BEFORE" />
<TLINK id="SECTIME134" fromID="T1" fromText="2019-04-01" toID="E136" toText="blood" type="AFTER" />
<TLINK id="SECTIME135" fromID="T1" fromText="2019-04-01" toID="E137" toText="underlying lesion" type="BEFORE" />
<TLINK id="TL177" fromID="E10" fromText="a small abrasion" toID="E11" toText="a headache" type="OVERLAP" />
<TLINK id="TL178" fromID="E49" fromText="initial exam" toID="E53" toText="the sensory exam" type="OVERLAP" />
<TLINK id="TL179" fromID="E53" fromText="the sensory exam" toID="E49" toText="initial exam" type="OVERLAP" />
<TLINK id="TL180" fromID="E54" fromText="showed" toID="E59" toText="showed" type="OVERLAP" />
<TLINK id="TL181" fromID="E58" fromText="the Deanna" toID="E62" toText="neurosurgery" type="OVERLAP" />
<TLINK id="TL182" fromID="E59" fromText="showed" toID="E54" toText="showed" type="OVERLAP" />
<TLINK id="TL183" fromID="E62" fromText="neurosurgery" toID="E58" toText="the Deanna" type="OVERLAP" />
<TLINK id="TL184" fromID="E66" fromText="a hemorrhage in the R-frontal region" toID="E67" toText="the hemorrhage" type="OVERLAP" />
<TLINK id="TL185" fromID="E66" fromText="a hemorrhage in the R-frontal region" toID="E70" toText="the bleed" type="OVERLAP" />
<TLINK id="TL186" fromID="E67" fromText="the hemorrhage" toID="E66" toText="a hemorrhage in the R-frontal region" type="OVERLAP" />
<TLINK id="TL187" fromID="E70" fromText="the bleed" toID="E66" toText="a hemorrhage in the R-frontal region" type="OVERLAP" />
<TLINK id="TL188" fromID="E81" fromText="The goal SBP" toID="E82" toText="Coags" type="OVERLAP" />
<TLINK id="TL189" fromID="E81" fromText="The goal SBP" toID="E83" toText="UA" type="OVERLAP" />
<TLINK id="TL190" fromID="E82" fromText="Coags" toID="E81" toText="The goal SBP" type="OVERLAP" />
<TLINK id="TL191" fromID="E83" fromText="UA" toID="E81" toText="The goal SBP" type="OVERLAP" />
<TLINK id="TL192" fromID="E86" fromText="Keppra" toID="E89" toText="This medication" type="OVERLAP" />
<TLINK id="TL193" fromID="E89" fromText="This medication" toID="E86" toText="Keppra" type="OVERLAP" />
<TLINK id="TL194" fromID="E103" fromText="an MRI" toID="E107" toText="enzyme" type="OVERLAP" />
<TLINK id="TL195" fromID="E107" fromText="enzyme" toID="E108" toText="his chest xray" type="OVERLAP" />
<TLINK id="TL196" fromID="E126" fromText="unstable on his feet" toID="E127" toText="this gait problem" type="OVERLAP" />
<TLINK id="TL197" fromID="E127" fromText="this gait problem" toID="E126" toText="unstable on his feet" type="OVERLAP" />
<TLINK id="SECTIME136" fromID="E0" fromText="Admission" toID="T0" toText="2019-03-29" type="OVERLAP" />
<TLINK id="SECTIME137" fromID="T0" fromText="2019-03-29" toID="E0" toText="Admission" type="OVERLAP" />
<TLINK id="SECTIME138" fromID="T0" fromText="2019-03-29" toID="E1" toText="Discharge" type="BEFORE" />
<TLINK id="SECTIME139" fromID="E1" fromText="Discharge" toID="T0" toText="2019-03-29" type="AFTER" />
<TLINK id="SECTIME140" fromID="E1" fromText="Discharge" toID="T1" toText="2019-04-01" type="OVERLAP" />
<TLINK id="SECTIME141" fromID="T1" fromText="2019-04-01" toID="E1" toText="Discharge" type="OVERLAP" />
<TLINK id="TL198" fromID="E2" fromText="multiple intracranial hemorrhages" toID="E44" toText="past intracranial hemorrhages" type="OVERLAP" />
<TLINK id="TL199" fromID="E3" fromText="pacemaker" toID="E72" toText="his pacer" type="OVERLAP" />
<TLINK id="TL200" fromID="E3" fromText="pacemaker" toID="E104" toText="his pacemaker" type="OVERLAP" />
<TLINK id="TL201" fromID="E7" fromText="gradual decline in gait" toID="E15" toText="even more unsteady" type="OVERLAP" />
<TLINK id="TL202" fromID="E7" fromText="gradual decline in gait" toID="E48" toText="increased gait instability" type="OVERLAP" />
<TLINK id="TL203" fromID="E7" fromText="gradual decline in gait" toID="E126" toText="unstable on his feet" type="OVERLAP" />
<TLINK id="TL204" fromID="E7" fromText="gradual decline in gait" toID="E127" toText="this gait problem" type="OVERLAP" />
<TLINK id="TL205" fromID="E11" fromText="a headache" toID="E21" toText="headache" type="OVERLAP" />
<TLINK id="TL206" fromID="E14" fromText="difficulties with memory" toID="E47" toText="gradually slowing of mentation" type="OVERLAP" />
<TLINK id="TL207" fromID="E14" fromText="difficulties with memory" toID="E96" toText="his persistently poor memory" type="OVERLAP" />
<TLINK id="TL208" fromID="E15" fromText="even more unsteady" toID="E7" toText="gradual decline in gait" type="OVERLAP" />
<TLINK id="TL209" fromID="E15" fromText="even more unsteady" toID="E48" toText="increased gait instability" type="OVERLAP" />
<TLINK id="TL210" fromID="E15" fromText="even more unsteady" toID="E126" toText="unstable on his feet" type="OVERLAP" />
<TLINK id="TL211" fromID="E15" fromText="even more unsteady" toID="E127" toText="this gait problem" type="OVERLAP" />
<TLINK id="TL212" fromID="E17" fromText="difficulties" toID="E18" toText="difficulties" type="OVERLAP" />
<TLINK id="TL213" fromID="E18" fromText="difficulties" toID="E17" toText="difficulties" type="OVERLAP" />
<TLINK id="TL214" fromID="E21" fromText="headache" toID="E11" toText="a headache" type="OVERLAP" />
<TLINK id="TL215" fromID="E44" fromText="past intracranial hemorrhages" toID="E2" toText="multiple intracranial hemorrhages" type="OVERLAP" />
<TLINK id="TL216" fromID="E45" fromText="R-frontal hemorrhage" toID="E61" toText="the prior bleed" type="OVERLAP" />
<TLINK id="TL217" fromID="E45" fromText="R-frontal hemorrhage" toID="E66" toText="a hemorrhage in the R-frontal region" type="OVERLAP" />
<TLINK id="TL218" fromID="E45" fromText="R-frontal hemorrhage" toID="E67" toText="the hemorrhage" type="OVERLAP" />
<TLINK id="TL219" fromID="E45" fromText="R-frontal hemorrhage" toID="E70" toText="the bleed" type="OVERLAP" />
<TLINK id="TL220" fromID="E47" fromText="gradually slowing of mentation" toID="E14" toText="difficulties with memory" type="OVERLAP" />
<TLINK id="TL221" fromID="E47" fromText="gradually slowing of mentation" toID="E96" toText="his persistently poor memory" type="OVERLAP" />
<TLINK id="TL222" fromID="E48" fromText="increased gait instability" toID="E7" toText="gradual decline in gait" type="OVERLAP" />
<TLINK id="TL223" fromID="E48" fromText="increased gait instability" toID="E15" toText="even more unsteady" type="OVERLAP" />
<TLINK id="TL224" fromID="E48" fromText="increased gait instability" toID="E126" toText="unstable on his feet" type="OVERLAP" />
<TLINK id="TL225" fromID="E48" fromText="increased gait instability" toID="E127" toText="this gait problem" type="OVERLAP" />
<TLINK id="TL226" fromID="E60" fromText="a new significant R-frontal intraparenchymal hemorrhage in the same location" toID="E90" toText="the bleed" type="OVERLAP" />
<TLINK id="TL227" fromID="E61" fromText="the prior bleed" toID="E45" toText="R-frontal hemorrhage" type="OVERLAP" />
<TLINK id="TL228" fromID="E61" fromText="the prior bleed" toID="E66" toText="a hemorrhage in the R-frontal region" type="OVERLAP" />
<TLINK id="TL229" fromID="E61" fromText="the prior bleed" toID="E67" toText="the hemorrhage" type="OVERLAP" />
<TLINK id="TL230" fromID="E61" fromText="the prior bleed" toID="E70" toText="the bleed" type="OVERLAP" />
<TLINK id="TL231" fromID="E66" fromText="a hemorrhage in the R-frontal region" toID="E45" toText="R-frontal hemorrhage" type="OVERLAP" />
<TLINK id="TL232" fromID="E66" fromText="a hemorrhage in the R-frontal region" toID="E61" toText="the prior bleed" type="OVERLAP" />
<TLINK id="TL233" fromID="E66" fromText="a hemorrhage in the R-frontal region" toID="E67" toText="the hemorrhage" type="OVERLAP" />
<TLINK id="TL234" fromID="E66" fromText="a hemorrhage in the R-frontal region" toID="E70" toText="the bleed" type="OVERLAP" />
<TLINK id="TL235" fromID="E67" fromText="the hemorrhage" toID="E45" toText="R-frontal hemorrhage" type="OVERLAP" />
<TLINK id="TL236" fromID="E67" fromText="the hemorrhage" toID="E61" toText="the prior bleed" type="OVERLAP" />
<TLINK id="TL237" fromID="E67" fromText="the hemorrhage" toID="E66" toText="a hemorrhage in the R-frontal region" type="OVERLAP" />
<TLINK id="TL238" fromID="E67" fromText="the hemorrhage" toID="E70" toText="the bleed" type="OVERLAP" />
<TLINK id="TL239" fromID="E68" fromText="hypertensive bleed ( cortical )" toID="E85" toText="a cortical bleed" type="OVERLAP" />
<TLINK id="TL240" fromID="E70" fromText="the bleed" toID="E45" toText="R-frontal hemorrhage" type="OVERLAP" />
<TLINK id="TL241" fromID="E70" fromText="the bleed" toID="E61" toText="the prior bleed" type="OVERLAP" />
<TLINK id="TL242" fromID="E70" fromText="the bleed" toID="E66" toText="a hemorrhage in the R-frontal region" type="OVERLAP" />
<TLINK id="TL243" fromID="E70" fromText="the bleed" toID="E67" toText="the hemorrhage" type="OVERLAP" />
<TLINK id="TL244" fromID="E72" fromText="his pacer" toID="E3" toText="pacemaker" type="OVERLAP" />
<TLINK id="TL245" fromID="E72" fromText="his pacer" toID="E104" toText="his pacemaker" type="OVERLAP" />
<TLINK id="TL246" fromID="E84" fromText="seizure activity" toID="E88" toText="seizure activity" type="OVERLAP" />
<TLINK id="TL247" fromID="E85" fromText="a cortical bleed" toID="E68" toText="hypertensive bleed ( cortical )" type="OVERLAP" />
<TLINK id="TL248" fromID="E86" fromText="Keppra" toID="E89" toText="This medication" type="OVERLAP" />
<TLINK id="TL249" fromID="E88" fromText="seizure activity" toID="E84" toText="seizure activity" type="OVERLAP" />
<TLINK id="TL250" fromID="E89" fromText="This medication" toID="E86" toText="Keppra" type="OVERLAP" />
<TLINK id="TL251" fromID="E90" fromText="the bleed" toID="E60" toText="a new significant R-frontal intraparenchymal hemorrhage in the same location" type="OVERLAP" />
<TLINK id="TL252" fromID="E96" fromText="his persistently poor memory" toID="E14" toText="difficulties with memory" type="OVERLAP" />
<TLINK id="TL253" fromID="E96" fromText="his persistently poor memory" toID="E47" toText="gradually slowing of mentation" type="OVERLAP" />
<TLINK id="TL254" fromID="E104" fromText="his pacemaker" toID="E3" toText="pacemaker" type="OVERLAP" />
<TLINK id="TL255" fromID="E104" fromText="his pacemaker" toID="E72" toText="his pacer" type="OVERLAP" />
<TLINK id="TL256" fromID="E123" fromText="PUD prophylaxis" toID="E124" toText="protonix" type="OVERLAP" />
<TLINK id="TL257" fromID="E124" fromText="protonix" toID="E123" toText="PUD prophylaxis" type="OVERLAP" />
<TLINK id="TL258" fromID="E126" fromText="unstable on his feet" toID="E7" toText="gradual decline in gait" type="OVERLAP" />
<TLINK id="TL259" fromID="E126" fromText="unstable on his feet" toID="E15" toText="even more unsteady" type="OVERLAP" />
<TLINK id="TL260" fromID="E126" fromText="unstable on his feet" toID="E48" toText="increased gait instability" type="OVERLAP" />
<TLINK id="TL261" fromID="E126" fromText="unstable on his feet" toID="E127" toText="this gait problem" type="OVERLAP" />
<TLINK id="TL262" fromID="E127" fromText="this gait problem" toID="E7" toText="gradual decline in gait" type="OVERLAP" />
<TLINK id="TL263" fromID="E127" fromText="this gait problem" toID="E15" toText="even more unsteady" type="OVERLAP" />
<TLINK id="TL264" fromID="E127" fromText="this gait problem" toID="E48" toText="increased gait instability" type="OVERLAP" />
<TLINK id="TL265" fromID="E127" fromText="this gait problem" toID="E126" toText="unstable on his feet" type="OVERLAP" />
<TLINK id="TL266" fromID="T2" fromText="the last few years" toID="E3" toText="pacemaker" type="OVERLAP" />
<TLINK id="TL267" fromID="T2" fromText="the last few years" toID="E4" toText="hyperlipidemia" type="OVERLAP" />
<TLINK id="TL268" fromID="T2" fromText="the last few years" toID="E5" toText="arrhythmia" type="OVERLAP" />
<TLINK id="TL269" fromID="T2" fromText="the last few years" toID="E6" toText="presents" type="BEFORE" />
<TLINK id="TL270" fromID="T2" fromText="the last few years" toID="E7" toText="gradual decline in gait" type="BEFORE" />
<TLINK id="TL271" fromID="T2" fromText="the last few years" toID="E8" toText="slowing of mentation" type="BEFORE" />
<TLINK id="TL272" fromID="T3" fromText="the last week" toID="E2" toText="multiple intracranial hemorrhages" type="AFTER" />
<TLINK id="TL273" fromID="T3" fromText="the last week" toID="E3" toText="pacemaker" type="AFTER" />
<TLINK id="TL274" fromID="T3" fromText="the last week" toID="E4" toText="hyperlipidemia" type="AFTER" />
<TLINK id="TL275" fromID="T3" fromText="the last week" toID="E5" toText="arrhythmia" type="AFTER" />
<TLINK id="TL276" fromID="T3" fromText="the last week" toID="E6" toText="presents" type="OVERLAP" />
<TLINK id="TL277" fromID="T3" fromText="the last week" toID="E7" toText="gradual decline in gait" type="OVERLAP" />
<TLINK id="TL278" fromID="E2" fromText="multiple intracranial hemorrhages" toID="T3" toText="the last week" type="BEFORE" />
<TLINK id="TL279" fromID="E2" fromText="multiple intracranial hemorrhages" toID="E3" toText="pacemaker" type="BEFORE" />
<TLINK id="TL280" fromID="E2" fromText="multiple intracranial hemorrhages" toID="E4" toText="hyperlipidemia" type="BEFORE" />
<TLINK id="TL281" fromID="E2" fromText="multiple intracranial hemorrhages" toID="E5" toText="arrhythmia" type="BEFORE" />
<TLINK id="TL282" fromID="E3" fromText="pacemaker" toID="T2" toText="the last few years" type="OVERLAP" />
<TLINK id="TL283" fromID="E3" fromText="pacemaker" toID="T3" toText="the last week" type="BEFORE" />
<TLINK id="TL284" fromID="E3" fromText="pacemaker" toID="E2" toText="multiple intracranial hemorrhages" type="AFTER" />
<TLINK id="TL285" fromID="E4" fromText="hyperlipidemia" toID="T2" toText="the last few years" type="OVERLAP" />
<TLINK id="TL286" fromID="E4" fromText="hyperlipidemia" toID="T3" toText="the last week" type="BEFORE" />
<TLINK id="TL287" fromID="E4" fromText="hyperlipidemia" toID="E2" toText="multiple intracranial hemorrhages" type="AFTER" />
<TLINK id="TL288" fromID="E5" fromText="arrhythmia" toID="T2" toText="the last few years" type="OVERLAP" />
<TLINK id="TL289" fromID="E5" fromText="arrhythmia" toID="T3" toText="the last week" type="BEFORE" />
<TLINK id="TL290" fromID="E5" fromText="arrhythmia" toID="E2" toText="multiple intracranial hemorrhages" type="AFTER" />
<TLINK id="TL291" fromID="E6" fromText="presents" toID="T2" toText="the last few years" type="AFTER" />
<TLINK id="TL292" fromID="E6" fromText="presents" toID="T3" toText="the last week" type="OVERLAP" />
<TLINK id="TL293" fromID="E7" fromText="gradual decline in gait" toID="T2" toText="the last few years" type="AFTER" />
<TLINK id="TL294" fromID="E7" fromText="gradual decline in gait" toID="T3" toText="the last week" type="OVERLAP" />
<TLINK id="TL295" fromID="E8" fromText="slowing of mentation" toID="T2" toText="the last few years" type="AFTER" />
<TLINK id="TL296" fromID="T4" fromText="ten days ago" toID="E9" toText="walking the dog" type="OVERLAP" />
<TLINK id="TL297" fromID="E9" fromText="walking the dog" toID="T4" toText="ten days ago" type="OVERLAP" />
<TLINK id="TL298" fromID="T5" fromText="months" toID="E12" toText="refuses to walk" type="BEFORE" />
<TLINK id="TL299" fromID="T5" fromText="months" toID="E13" toText="a walker" type="BEFORE" />
<TLINK id="TL300" fromID="T5" fromText="months" toID="E14" toText="difficulties with memory" type="OVERLAP" />
<TLINK id="TL301" fromID="E12" fromText="refuses to walk" toID="T5" toText="months" type="AFTER" />
<TLINK id="TL302" fromID="E13" fromText="a walker" toID="T5" toText="months" type="AFTER" />
<TLINK id="TL303" fromID="E14" fromText="difficulties with memory" toID="T5" toText="months" type="OVERLAP" />
<TLINK id="TL304" fromID="T6" fromText="a week ago" toID="E15" toText="even more unsteady" type="AFTER" />
<TLINK id="TL305" fromID="T6" fromText="a week ago" toID="E16" toText="fall" type="OVERLAP" />
<TLINK id="TL306" fromID="E15" fromText="even more unsteady" toID="T6" toText="a week ago" type="BEFORE" />
<TLINK id="TL307" fromID="E16" fromText="fall" toID="T6" toText="a week ago" type="OVERLAP" />
<TLINK id="TL308" fromID="T9" fromText="07-01" toID="E45" toText="R-frontal hemorrhage" type="OVERLAP" />
<TLINK id="TL309" fromID="T9" fromText="07-01" toID="E46" toText="presented" type="BEFORE" />
<TLINK id="TL310" fromID="T9" fromText="07-01" toID="E47" toText="gradually slowing of mentation" type="BEFORE" />
<TLINK id="TL311" fromID="T9" fromText="07-01" toID="E48" toText="increased gait instability" type="BEFORE" />
<TLINK id="TL312" fromID="T10" fromText="one week" toID="E44" toText="past intracranial hemorrhages" type="AFTER" />
<TLINK id="TL313" fromID="T10" fromText="one week" toID="E45" toText="R-frontal hemorrhage" type="AFTER" />
<TLINK id="TL314" fromID="T10" fromText="one week" toID="E46" toText="presented" type="BEFORE" />
<TLINK id="TL315" fromID="T10" fromText="one week" toID="E47" toText="gradually slowing of mentation" type="BEFORE" />
<TLINK id="TL316" fromID="E44" fromText="past intracranial hemorrhages" toID="T10" toText="one week" type="BEFORE" />
<TLINK id="TL317" fromID="E45" fromText="R-frontal hemorrhage" toID="T9" toText="07-01" type="OVERLAP" />
<TLINK id="TL318" fromID="E45" fromText="R-frontal hemorrhage" toID="T10" toText="one week" type="BEFORE" />
<TLINK id="TL319" fromID="E46" fromText="presented" toID="T9" toText="07-01" type="AFTER" />
<TLINK id="TL320" fromID="E46" fromText="presented" toID="T10" toText="one week" type="AFTER" />
<TLINK id="TL321" fromID="E47" fromText="gradually slowing of mentation" toID="T9" toText="07-01" type="AFTER" />
<TLINK id="TL322" fromID="E47" fromText="gradually slowing of mentation" toID="T10" toText="one week" type="AFTER" />
<TLINK id="TL323" fromID="E48" fromText="increased gait instability" toID="T9" toText="07-01" type="AFTER" />
<TLINK id="TL324" fromID="E51" fromText="somewhat slow" toID="E52" toText="difficulties generating a list of animals" type="OVERLAP" />
<TLINK id="TL325" fromID="E52" fromText="difficulties generating a list of animals" toID="E51" toText="somewhat slow" type="OVERLAP" />
<TLINK id="TL326" fromID="T11" fromText="overnight" toID="T12" toText="24 hours" type="BEFORE" />
<TLINK id="TL327" fromID="T11" fromText="overnight" toID="E73" toText="admitted" type="AFTER" />
<TLINK id="TL328" fromID="T11" fromText="overnight" toID="E74" toText="the neurology ICU" type="AFTER" />
<TLINK id="TL329" fromID="T11" fromText="overnight" toID="E75" toText="closer monitoring" type="AFTER" />
<TLINK id="TL330" fromID="T11" fromText="overnight" toID="E79" toText="a labetalol drip" type="BEFORE" />
<TLINK id="TL331" fromID="T11" fromText="overnight" toID="E80" toText="stabilized" type="BEFORE" />
<TLINK id="TL332" fromID="T12" fromText="24 hours" toID="T11" toText="overnight" type="AFTER" />
<TLINK id="TL333" fromID="T12" fromText="24 hours" toID="E73" toText="admitted" type="AFTER" />
<TLINK id="TL334" fromID="T12" fromText="24 hours" toID="E74" toText="the neurology ICU" type="AFTER" />
<TLINK id="TL335" fromID="T12" fromText="24 hours" toID="E75" toText="closer monitoring" type="AFTER" />
<TLINK id="TL336" fromID="T12" fromText="24 hours" toID="E76" toText="stable" type="AFTER" />
<TLINK id="TL337" fromID="T12" fromText="24 hours" toID="E77" toText="BP" type="OVERLAP" />
<TLINK id="TL338" fromID="T12" fromText="24 hours" toID="E78" toText="initially elevated" type="AFTER" />
<TLINK id="TL339" fromID="T12" fromText="24 hours" toID="E80" toText="stabilized" type="OVERLAP" />
<TLINK id="TL340" fromID="E73" fromText="admitted" toID="T11" toText="overnight" type="BEFORE" />
<TLINK id="TL341" fromID="E73" fromText="admitted" toID="T12" toText="24 hours" type="BEFORE" />
<TLINK id="TL342" fromID="E73" fromText="admitted" toID="E76" toText="stable" type="BEFORE" />
<TLINK id="TL343" fromID="E74" fromText="the neurology ICU" toID="T11" toText="overnight" type="BEFORE" />
<TLINK id="TL344" fromID="E74" fromText="the neurology ICU" toID="T12" toText="24 hours" type="BEFORE" />
<TLINK id="TL345" fromID="E74" fromText="the neurology ICU" toID="E76" toText="stable" type="BEFORE" />
<TLINK id="TL346" fromID="E75" fromText="closer monitoring" toID="T11" toText="overnight" type="BEFORE" />
<TLINK id="TL347" fromID="E75" fromText="closer monitoring" toID="T12" toText="24 hours" type="BEFORE" />
<TLINK id="TL348" fromID="E75" fromText="closer monitoring" toID="E76" toText="stable" type="BEFORE" />
<TLINK id="TL349" fromID="E76" fromText="stable" toID="T12" toText="24 hours" type="BEFORE" />
<TLINK id="TL350" fromID="E76" fromText="stable" toID="E73" toText="admitted" type="AFTER" />
<TLINK id="TL351" fromID="E76" fromText="stable" toID="E74" toText="the neurology ICU" type="AFTER" />
<TLINK id="TL352" fromID="E76" fromText="stable" toID="E75" toText="closer monitoring" type="AFTER" />
<TLINK id="TL353" fromID="E76" fromText="stable" toID="E79" toText="a labetalol drip" type="BEFORE" />
<TLINK id="TL354" fromID="E76" fromText="stable" toID="E80" toText="stabilized" type="BEFORE" />
<TLINK id="TL355" fromID="E77" fromText="BP" toID="T12" toText="24 hours" type="OVERLAP" />
<TLINK id="TL356" fromID="E78" fromText="initially elevated" toID="T12" toText="24 hours" type="BEFORE" />
<TLINK id="TL357" fromID="E79" fromText="a labetalol drip" toID="T11" toText="overnight" type="AFTER" />
<TLINK id="TL358" fromID="E79" fromText="a labetalol drip" toID="E76" toText="stable" type="AFTER" />
<TLINK id="TL359" fromID="E80" fromText="stabilized" toID="T11" toText="overnight" type="AFTER" />
<TLINK id="TL360" fromID="E80" fromText="stabilized" toID="T12" toText="24 hours" type="OVERLAP" />
<TLINK id="TL361" fromID="E80" fromText="stabilized" toID="E76" toText="stable" type="AFTER" />
<TLINK id="TL362" fromID="T13" fromText="bid" toID="E84" toText="seizure activity" type="AFTER" />
<TLINK id="TL363" fromID="T13" fromText="bid" toID="E85" toText="a cortical bleed" type="AFTER" />
<TLINK id="TL364" fromID="T13" fromText="bid" toID="E86" toText="Keppra" type="OVERLAP" />
<TLINK id="TL365" fromID="T13" fromText="bid" toID="E87" toText="dilantin" type="OVERLAP" />
<TLINK id="TL366" fromID="T13" fromText="bid" toID="E88" toText="seizure activity" type="OVERLAP" />
<TLINK id="TL367" fromID="E84" fromText="seizure activity" toID="T13" toText="bid" type="BEFORE" />
<TLINK id="TL368" fromID="E85" fromText="a cortical bleed" toID="T13" toText="bid" type="BEFORE" />
<TLINK id="TL369" fromID="E86" fromText="Keppra" toID="T13" toText="bid" type="OVERLAP" />
<TLINK id="TL370" fromID="E87" fromText="dilantin" toID="T13" toText="bid" type="OVERLAP" />
<TLINK id="TL371" fromID="E88" fromText="seizure activity" toID="T13" toText="bid" type="OVERLAP" />
<TLINK id="TL372" fromID="T14" fromText="bid on 04-05" toID="E89" toText="This medication" type="AFTER" />
<TLINK id="TL373" fromID="T14" fromText="bid on 04-05" toID="E90" toText="the bleed" type="AFTER" />
<TLINK id="TL374" fromID="E89" fromText="This medication" toID="T14" toText="bid on 04-05" type="BEFORE" />
<TLINK id="TL375" fromID="E90" fromText="the bleed" toID="T14" toText="bid on 04-05" type="BEFORE" />
<TLINK id="TL376" fromID="T15" fromText="03-30" toID="E93" toText="remained stable" type="AFTER" />
<TLINK id="TL377" fromID="T15" fromText="03-30" toID="E94" toText="exam" type="OVERLAP" />
<TLINK id="TL378" fromID="T15" fromText="03-30" toID="E95" toText="very mild right pronator drift" type="AFTER" />
<TLINK id="TL379" fromID="T15" fromText="03-30" toID="E96" toText="his persistently poor memory" type="AFTER" />
<TLINK id="TL380" fromID="T15" fromText="03-30" toID="E97" toText="dementia" type="AFTER" />
<TLINK id="TL381" fromID="E93" fromText="remained stable" toID="T15" toText="03-30" type="BEFORE" />
<TLINK id="TL382" fromID="E94" fromText="exam" toID="T15" toText="03-30" type="OVERLAP" />
<TLINK id="TL383" fromID="E95" fromText="very mild right pronator drift" toID="T15" toText="03-30" type="BEFORE" />
<TLINK id="TL384" fromID="E96" fromText="his persistently poor memory" toID="T15" toText="03-30" type="BEFORE" />
<TLINK id="TL385" fromID="E97" fromText="dementia" toID="T15" toText="03-30" type="BEFORE" />
<TLINK id="TL386" fromID="T16" fromText="24 hours" toID="E98" toText="transfer" type="BEFORE" />
<TLINK id="TL387" fromID="T16" fromText="24 hours" toID="E99" toText="the floor" type="BEFORE" />
<TLINK id="TL388" fromID="T16" fromText="24 hours" toID="E100" toText="a bed" type="BEFORE" />
<TLINK id="TL389" fromID="E98" fromText="transfer" toID="T16" toText="24 hours" type="AFTER" />
<TLINK id="TL390" fromID="E99" fromText="the floor" toID="T16" toText="24 hours" type="AFTER" />
<TLINK id="TL391" fromID="E100" fromText="a bed" toID="T16" toText="24 hours" type="AFTER" />
<TLINK id="TL392" fromID="E108" fromText="his chest xray" toID="E110" toText="breathing problems" type="OVERLAP" />
<TLINK id="TL393" fromID="E110" fromText="breathing problems" toID="E108" toText="his chest xray" type="OVERLAP" />
<TLINK id="TL394" fromID="T17" fromText="03-04" toID="E116" toText="borderline DM" type="OVERLAP" />
<TLINK id="TL395" fromID="T18" fromText="the day" toID="E114" toText="Hba1c" type="AFTER" />
<TLINK id="TL396" fromID="T18" fromText="the day" toID="E115" toText="slightly elevated" type="AFTER" />
<TLINK id="TL397" fromID="E114" fromText="Hba1c" toID="T18" toText="the day" type="BEFORE" />
<TLINK id="TL398" fromID="E114" fromText="Hba1c" toID="E117" toText="discharge" type="BEFORE" />
<TLINK id="TL399" fromID="E115" fromText="slightly elevated" toID="T18" toText="the day" type="BEFORE" />
<TLINK id="TL400" fromID="E115" fromText="slightly elevated" toID="E117" toText="discharge" type="BEFORE" />
<TLINK id="TL401" fromID="E116" fromText="borderline DM" toID="T17" toText="03-04" type="OVERLAP" />
<TLINK id="TL402" fromID="E116" fromText="borderline DM" toID="E117" toText="discharge" type="BEFORE" />
<TLINK id="TL403" fromID="E117" fromText="discharge" toID="E114" toText="Hba1c" type="AFTER" />
<TLINK id="TL404" fromID="E117" fromText="discharge" toID="E115" toText="slightly elevated" type="AFTER" />
<TLINK id="TL405" fromID="E117" fromText="discharge" toID="E116" toText="borderline DM" type="AFTER" />
<TLINK id="TL406" fromID="E118" fromText="Ins / outs" toID="E122" toText="VD boots" type="OVERLAP" />
<TLINK id="TL407" fromID="E118" fromText="Ins / outs" toID="E123" toText="PUD prophylaxis" type="OVERLAP" />
<TLINK id="TL408" fromID="E118" fromText="Ins / outs" toID="E124" toText="protonix" type="OVERLAP" />
<TLINK id="TL409" fromID="E118" fromText="Ins / outs" toID="E125" toText="the admission" type="OVERLAP" />
<TLINK id="TL410" fromID="E119" fromText="electrolytes" toID="E121" toText="a bowel regimen" type="OVERLAP" />
<TLINK id="TL411" fromID="E119" fromText="electrolytes" toID="E122" toText="VD boots" type="OVERLAP" />
<TLINK id="TL412" fromID="E119" fromText="electrolytes" toID="E123" toText="PUD prophylaxis" type="OVERLAP" />
<TLINK id="TL413" fromID="E119" fromText="electrolytes" toID="E124" toText="protonix" type="OVERLAP" />
<TLINK id="TL414" fromID="E119" fromText="electrolytes" toID="E125" toText="the admission" type="OVERLAP" />
<TLINK id="TL415" fromID="E120" fromText="abnormal" toID="E121" toText="a bowel regimen" type="OVERLAP" />
<TLINK id="TL416" fromID="E120" fromText="abnormal" toID="E122" toText="VD boots" type="OVERLAP" />
<TLINK id="TL417" fromID="E120" fromText="abnormal" toID="E123" toText="PUD prophylaxis" type="OVERLAP" />
<TLINK id="TL418" fromID="E120" fromText="abnormal" toID="E124" toText="protonix" type="OVERLAP" />
<TLINK id="TL419" fromID="E120" fromText="abnormal" toID="E125" toText="the admission" type="OVERLAP" />
<TLINK id="TL420" fromID="E121" fromText="a bowel regimen" toID="E119" toText="electrolytes" type="OVERLAP" />
<TLINK id="TL421" fromID="E121" fromText="a bowel regimen" toID="E120" toText="abnormal" type="OVERLAP" />
<TLINK id="TL422" fromID="E122" fromText="VD boots" toID="E118" toText="Ins / outs" type="OVERLAP" />
<TLINK id="TL423" fromID="E122" fromText="VD boots" toID="E119" toText="electrolytes" type="OVERLAP" />
<TLINK id="TL424" fromID="E122" fromText="VD boots" toID="E120" toText="abnormal" type="OVERLAP" />
<TLINK id="TL425" fromID="E123" fromText="PUD prophylaxis" toID="E118" toText="Ins / outs" type="OVERLAP" />
<TLINK id="TL426" fromID="E123" fromText="PUD prophylaxis" toID="E119" toText="electrolytes" type="OVERLAP" />
<TLINK id="TL427" fromID="E123" fromText="PUD prophylaxis" toID="E120" toText="abnormal" type="OVERLAP" />
<TLINK id="TL428" fromID="E124" fromText="protonix" toID="E118" toText="Ins / outs" type="OVERLAP" />
<TLINK id="TL429" fromID="E124" fromText="protonix" toID="E119" toText="electrolytes" type="OVERLAP" />
<TLINK id="TL430" fromID="E124" fromText="protonix" toID="E120" toText="abnormal" type="OVERLAP" />
<TLINK id="TL431" fromID="E125" fromText="the admission" toID="E118" toText="Ins / outs" type="OVERLAP" />
<TLINK id="TL432" fromID="E125" fromText="the admission" toID="E119" toText="electrolytes" type="OVERLAP" />
<TLINK id="TL433" fromID="E125" fromText="the admission" toID="E120" toText="abnormal" type="OVERLAP" />
<TLINK id="TL434" fromID="T19" fromText="5-6 weeks" toID="E135" toText="neurosurgery office" type="BEFORE" />
<TLINK id="TL435" fromID="T19" fromText="5-6 weeks" toID="E136" toText="blood" type="OVERLAP" />
<TLINK id="TL436" fromID="T19" fromText="5-6 weeks" toID="E137" toText="underlying lesion" type="AFTER" />
<TLINK id="TL437" fromID="E135" fromText="neurosurgery office" toID="T19" toText="5-6 weeks" type="AFTER" />
<TLINK id="TL438" fromID="E136" fromText="blood" toID="T19" toText="5-6 weeks" type="OVERLAP" />
<TLINK id="TL439" fromID="E137" fromText="underlying lesion" toID="T19" toText="5-6 weeks" type="BEFORE" />
</TAGS>
</ClinicalNarrativeTemporalAnnotation>
