<?xml version="1.0" encoding="UTF-8" ?>
<ClinicalNarrativeTemporalAnnotation>
<TEXT><![CDATA[
ADMISSION DATE :
04/27/1998
DISCHARGE DATE :
05/02/1998
HISTORY OF PRESENT ILLNESS :
The patient is a 72 year old white male with a history of coronary artery disease , status post a four vessel coronary artery bypass graft in 1983 , pulmonary hypertension , hepatitis C positive cirrhosis history with history of portal hypertension and status post an upper gastrointestinal bleed on 4-10-98 , who presents from Sondi Memorial for work up of pulmonary infiltrates , acute renal failure and pulmonary hypertension .
The patient presented to Sondi Memorial on 4-10-98 with fatigue and fall , found to have a hematocrit of 29 , baseline 37 .
The patient was transfused two units and an esophagogastroduodenoscopy done where it showed gastritis , candidal esophagitis and portal hypertensive gastropathy without varices .
A colonoscopy showed anteriordysplasia , no bleeding was seen .
The patient was discharged after one week on iron sulfate .
On 4-24 , the patient was seen again at Sondi Memorial when he experienced at home a fall , no loss of consciousness , positive substernal chest pain , pleuritic pain , shortness of breath and cough .
He went to Sondi Memorial where he ruled out for myocardial infarction and was found to have a left lower lobe infiltrate / pneumonia , started on cefuroxime .
His respiratory condition continued to deteriorate despite aggressive chest physical therapy for possible blood , given Lasix for congestive heart failure , became hypotensive , hypoxic and intubated .
The patient was found to have expanding pulmonary infiltrates on chest x-ray , developed acute renal insufficiency with minimal urine output , less than 10 cc an hour , started on dopamine for hemodynamic instability .
An echocardiogram was obtained on 4-26 which showed concentric left ventricular hypertrophy with normal _____ left ventricular function , severe right ventricular dilatation with septal hypokinesis and flattening with a question of right ventricular apical clot raised with mild aortic stenosis , severe tricuspid regurgitation and increased pulmonary artery pressure of approximately 70 millimeters , consistent with fairly severe pulmonary hypertension .
Blood cultures x two sent off with no growth .
The patient ruled out for myocardial infarction with flat creatine kinases and he was sent to Oaksgekesser/ Memorial Hospital for further work up .
HOSPITAL COURSE AND TREATMENT :
At the Oaksgekesser/ Memorial Hospital he was quite hypotensive , requiring dopamine at 1,000 , Levo at 12 .
His chest x-ray showed diffuse patchy infiltrates on left lung with left upper lung patchy infiltrates and right hemidiaphragm elevated , consistent with adult respiratory distress syndrome from possible pneumonia .
A urinalysis was obtained which showed blood , urine sediment was active with positive dysmorphic cells , red cell casts , and 1+ albumin with mild protein uria .
The patient had ANCA , anti-GBM , anti-streptolycin , ANA , UPEP , SPEP , renal ultrasound , hepatitis C cryoglobulin sent out .
He had a bronchoscopy immediately done which showed no fresh blood , just old clot and a pulmonary arterial line placed in the right internal jugular vein .
Question of pulmonary-renal syndrome was raised .
The patient subsequently deteriorated over time , was started on CVVH and suffered significant complications without improvement of his pulmonary / renal situation .
A family meeting was held on 5-2-98 and it was decided that the patient should be made comfort care only .
All CVVH and the ventilator was removed and the patient spontaneously passed away on 5-2-98 , at 4:55 p.m.
Family and primary carephysician informed .
]]></TEXT>
<TAGS>
<EVENT id="E0" start="1" end="10" text="ADMISSION" modality="FACTUAL" polarity="POS" type="OCCURRENCE" />
<EVENT id="E1" start="29" end="38" text="DISCHARGE" modality="FACTUAL" polarity="POS" type="OCCURRENCE" />
<EVENT id="E2" start="144" end="167" text="coronary artery disease" modality="FACTUAL" polarity="POS" type="PROBLEM" />
<EVENT id="E3" start="182" end="224" text="a four vessel coronary artery bypass graft" modality="FACTUAL" polarity="POS" type="TREATMENT" />
<EVENT id="E4" start="235" end="257" text="pulmonary hypertension" modality="FACTUAL" polarity="POS" type="PROBLEM" />
<EVENT id="E5" start="260" end="271" text="hepatitis C" modality="FACTUAL" polarity="POS" type="PROBLEM" />
<EVENT id="E6" start="281" end="298" text="cirrhosis history" modality="FACTUAL" polarity="POS" type="PROBLEM" />
<EVENT id="E7" start="315" end="334" text="portal hypertension" modality="FACTUAL" polarity="POS" type="PROBLEM" />
<EVENT id="E8" start="351" end="382" text="an upper gastrointestinal bleed" modality="FACTUAL" polarity="POS" type="PROBLEM" />
<EVENT id="E9" start="400" end="408" text="presents" modality="FACTUAL" polarity="POS" type="OCCURRENCE" />
<EVENT id="E10" start="433" end="440" text="work up" modality="FACTUAL" polarity="POS" type="TEST" />
<EVENT id="E11" start="444" end="465" text="pulmonary infiltrates" modality="FACTUAL" polarity="POS" type="PROBLEM" />
<EVENT id="E12" start="468" end="487" text="acute renal failure" modality="FACTUAL" polarity="POS" type="PROBLEM" />
<EVENT id="E13" start="492" end="514" text="pulmonary hypertension" modality="FACTUAL" polarity="POS" type="PROBLEM" />
<EVENT id="E14" start="573" end="580" text="fatigue" modality="FACTUAL" polarity="POS" type="PROBLEM" />
<EVENT id="E15" start="585" end="589" text="fall" modality="FACTUAL" polarity="POS" type="PROBLEM" />
<EVENT id="E16" start="592" end="597" text="found" modality="FACTUAL" polarity="POS" type="EVIDENTIAL" />
<EVENT id="E17" start="606" end="618" text="a hematocrit" modality="FACTUAL" polarity="POS" type="TEST" />
<EVENT id="E18" start="627" end="635" text="baseline" modality="FACTUAL" polarity="POS" type="TEST" />
<EVENT id="E19" start="657" end="667" text="transfused" modality="FACTUAL" polarity="POS" type="TREATMENT" />
<EVENT id="E20" start="682" end="711" text="an esophagogastroduodenoscopy" modality="FACTUAL" polarity="POS" type="TEST" />
<EVENT id="E21" start="726" end="732" text="showed" modality="FACTUAL" polarity="POS" type="EVIDENTIAL" />
<EVENT id="E22" start="733" end="742" text="gastritis" modality="FACTUAL" polarity="POS" type="PROBLEM" />
<EVENT id="E23" start="745" end="765" text="candidal esophagitis" modality="FACTUAL" polarity="POS" type="PROBLEM" />
<EVENT id="E24" start="770" end="801" text="portal hypertensive gastropathy" modality="FACTUAL" polarity="POS" type="PROBLEM" />
<EVENT id="E25" start="810" end="817" text="varices" modality="FACTUAL" polarity="NEG" type="PROBLEM" />
<EVENT id="E26" start="820" end="833" text="A colonoscopy" modality="FACTUAL" polarity="POS" type="TEST" />
<EVENT id="E27" start="834" end="840" text="showed" modality="FACTUAL" polarity="POS" type="EVIDENTIAL" />
<EVENT id="E28" start="841" end="858" text="anteriordysplasia" modality="FACTUAL" polarity="POS" type="PROBLEM" />
<EVENT id="E29" start="864" end="872" text="bleeding" modality="FACTUAL" polarity="NEG" type="PROBLEM" />
<EVENT id="E30" start="900" end="910" text="discharged" modality="FACTUAL" polarity="POS" type="OCCURRENCE" />
<EVENT id="E31" start="929" end="941" text="iron sulfate" modality="FACTUAL" polarity="POS" type="TREATMENT" />
<EVENT id="E32" start="1039" end="1060" text="loss of consciousness" modality="FACTUAL" polarity="NEG" type="PROBLEM" />
<EVENT id="E33" start="1072" end="1093" text="substernal chest pain" modality="FACTUAL" polarity="POS" type="PROBLEM" />
<EVENT id="E34" start="1096" end="1110" text="pleuritic pain" modality="FACTUAL" polarity="POS" type="PROBLEM" />
<EVENT id="E35" start="1113" end="1132" text="shortness of breath" modality="FACTUAL" polarity="POS" type="PROBLEM" />
<EVENT id="E36" start="1137" end="1142" text="cough" modality="FACTUAL" polarity="POS" type="PROBLEM" />
<EVENT id="E37" start="1156" end="1170" text="Sondi Memorial" modality="FACTUAL" polarity="POS" type="CLINICAL_DEPT" />
<EVENT id="E38" start="1180" end="1189" text="ruled out" modality="FACTUAL" polarity="POS" type="OCCURRENCE" />
<EVENT id="E39" start="1194" end="1215" text="myocardial infarction" modality="FACTUAL" polarity="NEG" type="PROBLEM" />
<EVENT id="E40" start="1238" end="1266" text="a left lower lobe infiltrate" modality="FACTUAL" polarity="POS" type="PROBLEM" />
<EVENT id="E41" start="1269" end="1278" text="pneumonia" modality="FACTUAL" polarity="POS" type="PROBLEM" />
<EVENT id="E42" start="1292" end="1302" text="cefuroxime" modality="FACTUAL" polarity="POS" type="TREATMENT" />
<EVENT id="E43" start="1305" end="1330" text="His respiratory condition" modality="FACTUAL" polarity="POS" type="TEST" />
<EVENT id="E44" start="1364" end="1397" text="aggressive chest physical therapy" modality="POSSIBLE" polarity="POS" type="TREATMENT" />
<EVENT id="E45" start="1411" end="1416" text="blood" modality="FACTUAL" polarity="NEG" type="PROBLEM" />
<EVENT id="E46" start="1425" end="1430" text="Lasix" modality="FACTUAL" polarity="POS" type="TREATMENT" />
<EVENT id="E47" start="1435" end="1459" text="congestive heart failure" modality="FACTUAL" polarity="POS" type="PROBLEM" />
<EVENT id="E48" start="1469" end="1480" text="hypotensive" modality="FACTUAL" polarity="POS" type="PROBLEM" />
<EVENT id="E49" start="1483" end="1490" text="hypoxic" modality="FACTUAL" polarity="POS" type="PROBLEM" />
<EVENT id="E50" start="1495" end="1504" text="intubated" modality="FACTUAL" polarity="POS" type="TREATMENT" />
<EVENT id="E51" start="1523" end="1528" text="found" modality="FACTUAL" polarity="POS" type="EVIDENTIAL" />
<EVENT id="E52" start="1537" end="1568" text="expanding pulmonary infiltrates" modality="FACTUAL" polarity="POS" type="PROBLEM" />
<EVENT id="E53" start="1572" end="1583" text="chest x-ray" modality="FACTUAL" polarity="POS" type="TEST" />
<EVENT id="E54" start="1596" end="1621" text="acute renal insufficiency" modality="FACTUAL" polarity="POS" type="PROBLEM" />
<EVENT id="E55" start="1627" end="1647" text="minimal urine output" modality="FACTUAL" polarity="POS" type="PROBLEM" />
<EVENT id="E56" start="1687" end="1695" text="dopamine" modality="FACTUAL" polarity="POS" type="TREATMENT" />
<EVENT id="E57" start="1700" end="1723" text="hemodynamic instability" modality="FACTUAL" polarity="POS" type="PROBLEM" />
<EVENT id="E58" start="1726" end="1743" text="An echocardiogram" modality="FACTUAL" polarity="POS" type="TEST" />
<EVENT id="E59" start="1771" end="1777" text="showed" modality="FACTUAL" polarity="POS" type="EVIDENTIAL" />
<EVENT id="E60" start="1778" end="1817" text="concentric left ventricular hypertrophy" modality="FACTUAL" polarity="POS" type="PROBLEM" />
<EVENT id="E61" start="1823" end="1861" text="normal _____ left ventricular function" modality="FACTUAL" polarity="POS" type="OCCURRENCE" />
<EVENT id="E62" start="1864" end="1899" text="severe right ventricular dilatation" modality="FACTUAL" polarity="POS" type="PROBLEM" />
<EVENT id="E63" start="1905" end="1938" text="septal hypokinesis and flattening" modality="FACTUAL" polarity="POS" type="PROBLEM" />
<EVENT id="E64" start="1958" end="1987" text="right ventricular apical clot" modality="POSSIBLE" polarity="POS" type="PROBLEM" />
<EVENT id="E65" start="2000" end="2020" text="mild aortic stenosis" modality="FACTUAL" polarity="POS" type="PROBLEM" />
<EVENT id="E66" start="2023" end="2053" text="severe tricuspid regurgitation" modality="FACTUAL" polarity="POS" type="PROBLEM" />
<EVENT id="E67" start="2058" end="2093" text="increased pulmonary artery pressure" modality="FACTUAL" polarity="POS" type="PROBLEM" />
<EVENT id="E68" start="2144" end="2180" text="fairly severe pulmonary hypertension" modality="FACTUAL" polarity="POS" type="PROBLEM" />
<EVENT id="E69" start="2183" end="2197" text="Blood cultures" modality="FACTUAL" polarity="POS" type="TEST" />
<EVENT id="E70" start="2221" end="2227" text="growth" modality="FACTUAL" polarity="NEG" type="PROBLEM" />
<EVENT id="E71" start="2256" end="2277" text="myocardial infarction" modality="FACTUAL" polarity="NEG" type="PROBLEM" />
<EVENT id="E72" start="2288" end="2304" text="creatine kinases" modality="FACTUAL" polarity="POS" type="TEST" />
<EVENT id="E73" start="2324" end="2355" text="Oaksgekesser/ Memorial Hospital" modality="FACTUAL" polarity="POS" type="CLINICAL_DEPT" />
<EVENT id="E74" start="2360" end="2375" text="further work up" modality="FACTUAL" polarity="POS" type="TEST" />
<EVENT id="E75" start="2413" end="2448" text="the Oaksgekesser/ Memorial Hospital" modality="FACTUAL" polarity="POS" type="CLINICAL_DEPT" />
<EVENT id="E76" start="2456" end="2473" text="quite hypotensive" modality="FACTUAL" polarity="POS" type="PROBLEM" />
<EVENT id="E77" start="2486" end="2494" text="dopamine" modality="FACTUAL" polarity="POS" type="TREATMENT" />
<EVENT id="E78" start="2506" end="2510" text="Levo" modality="FACTUAL" polarity="POS" type="TREATMENT" />
<EVENT id="E79" start="2519" end="2534" text="His chest x-ray" modality="FACTUAL" polarity="POS" type="TEST" />
<EVENT id="E80" start="2535" end="2541" text="showed" modality="FACTUAL" polarity="POS" type="EVIDENTIAL" />
<EVENT id="E81" start="2542" end="2581" text="diffuse patchy infiltrates on left lung" modality="FACTUAL" polarity="POS" type="PROBLEM" />
<EVENT id="E82" start="2587" end="2621" text="left upper lung patchy infiltrates" modality="FACTUAL" polarity="POS" type="PROBLEM" />
<EVENT id="E83" start="2626" end="2654" text="right hemidiaphragm elevated" modality="FACTUAL" polarity="POS" type="PROBLEM" />
<EVENT id="E84" start="2673" end="2708" text="adult respiratory distress syndrome" modality="FACTUAL" polarity="POS" type="PROBLEM" />
<EVENT id="E85" start="2723" end="2732" text="pneumonia" modality="POSSIBLE" polarity="POS" type="PROBLEM" />
<EVENT id="E86" start="2735" end="2747" text="A urinalysis" modality="FACTUAL" polarity="POS" type="TEST" />
<EVENT id="E87" start="2767" end="2773" text="showed" modality="FACTUAL" polarity="POS" type="EVIDENTIAL" />
<EVENT id="E88" start="2774" end="2779" text="blood" modality="FACTUAL" polarity="POS" type="PROBLEM" />
<EVENT id="E89" start="2782" end="2796" text="urine sediment" modality="FACTUAL" polarity="POS" type="PROBLEM" />
<EVENT id="E90" start="2801" end="2807" text="active" modality="FACTUAL" polarity="POS" type="PROBLEM" />
<EVENT id="E91" start="2822" end="2838" text="dysmorphic cells" modality="FACTUAL" polarity="POS" type="PROBLEM" />
<EVENT id="E92" start="2841" end="2855" text="red cell casts" modality="FACTUAL" polarity="POS" type="PROBLEM" />
<EVENT id="E93" start="2862" end="2872" text="1+ albumin" modality="FACTUAL" polarity="POS" type="PROBLEM" />
<EVENT id="E94" start="2878" end="2895" text="mild protein uria" modality="FACTUAL" polarity="POS" type="PROBLEM" />
<EVENT id="E95" start="2914" end="2918" text="ANCA" modality="FACTUAL" polarity="POS" type="TEST" />
<EVENT id="E96" start="2921" end="2929" text="anti-GBM" modality="FACTUAL" polarity="POS" type="TEST" />
<EVENT id="E97" start="2932" end="2949" text="anti-streptolycin" modality="FACTUAL" polarity="POS" type="TEST" />
<EVENT id="E98" start="2952" end="2955" text="ANA" modality="FACTUAL" polarity="POS" type="TEST" />
<EVENT id="E99" start="2958" end="2962" text="UPEP" modality="FACTUAL" polarity="POS" type="TEST" />
<EVENT id="E100" start="2965" end="2969" text="SPEP" modality="FACTUAL" polarity="POS" type="TEST" />
<EVENT id="E101" start="2972" end="2988" text="renal ultrasound" modality="FACTUAL" polarity="POS" type="TEST" />
<EVENT id="E102" start="2991" end="3015" text="hepatitis C cryoglobulin" modality="FACTUAL" polarity="POS" type="TEST" />
<EVENT id="E103" start="3034" end="3048" text="a bronchoscopy" modality="FACTUAL" polarity="POS" type="TEST" />
<EVENT id="E104" start="3072" end="3078" text="showed" modality="FACTUAL" polarity="POS" type="EVIDENTIAL" />
<EVENT id="E105" start="3082" end="3093" text="fresh blood" modality="FACTUAL" polarity="NEG" type="PROBLEM" />
<EVENT id="E106" start="3101" end="3109" text="old clot" modality="FACTUAL" polarity="POS" type="PROBLEM" />
<EVENT id="E107" start="3114" end="3139" text="a pulmonary arterial line" modality="FACTUAL" polarity="POS" type="TREATMENT" />
<EVENT id="E108" start="3196" end="3220" text="pulmonary-renal syndrome" modality="POSSIBLE" polarity="POS" type="PROBLEM" />
<EVENT id="E109" start="3259" end="3271" text="deteriorated" modality="FACTUAL" polarity="POS" type="OCCURRENCE" />
<EVENT id="E110" start="3299" end="3303" text="CVVH" modality="FACTUAL" polarity="POS" type="TREATMENT" />
<EVENT id="E111" start="3317" end="3342" text="significant complications" modality="FACTUAL" polarity="POS" type="PROBLEM" />
<EVENT id="E112" start="3351" end="3362" text="improvement" modality="FACTUAL" polarity="NEG" type="OCCURRENCE" />
<EVENT id="E113" start="3400" end="3416" text="A family meeting" modality="FACTUAL" polarity="POS" type="OCCURRENCE" />
<EVENT id="E114" start="3487" end="3499" text="comfort care" modality="FACTUAL" polarity="POS" type="TREATMENT" />
<EVENT id="E115" start="3511" end="3515" text="CVVH" modality="FACTUAL" polarity="POS" type="TREATMENT" />
<EVENT id="E116" start="3520" end="3534" text="the ventilator" modality="FACTUAL" polarity="NEG" type="TREATMENT" />
<EVENT id="E117" start="3539" end="3546" text="removed" modality="FACTUAL" polarity="NEG" type="TREATMENT" />
<EVENT id="E118" start="3577" end="3588" text="passed away" modality="FACTUAL" polarity="POS" type="OCCURRENCE" />
<TIMEX3 id="T0" start="18" end="28" text="04/27/1998" type="DATE" val="1998-04-27" mod="NA" />
<TIMEX3 id="T1" start="46" end="56" text="05/02/1998" type="DATE" val="1998-05-02" mod="NA" />
<TIMEX3 id="T2" start="228" end="232" text="1983" type="DATE" val="1983" mod="NA" />
<TIMEX3 id="T3" start="386" end="393" text="4-10-98" type="DATE" val="1998-04-10" mod="NA" />
<TIMEX3 id="T4" start="560" end="567" text="4-10-98" type="DATE" val="1998-04-10" mod="NA" />
<TIMEX3 id="T5" start="917" end="925" text="one week" type="DURATION" val="P1W" mod="NA" />
<TIMEX3 id="T6" start="947" end="951" text="4-24" type="DATE" val="1998-04-24" mod="NA" />
<TIMEX3 id="T7" start="1666" end="1673" text="an hour" type="DURATION" val="PT1H" mod="NA" />
<TIMEX3 id="T8" start="1760" end="1764" text="4-26" type="DATE" val="1998-04-26" mod="NA" />
<TIMEX3 id="T9" start="2198" end="2203" text="x two" type="FREQUENCY" val="R2" mod="NA" />
<TIMEX3 id="T10" start="3429" end="3435" text="5-2-98" type="DATE" val="1998-05-02" mod="NA" />
<TIMEX3 id="T11" start="3592" end="3613" text="5-2-98 , at 4:55 p.m." type="TIME" val="1998-05-02T16:55" mod="NA" />
<TLINK id="TL0" fromID="E9" fromText="presents" toID="E10" toText="work up" type="OVERLAP" />
<TLINK id="TL1" fromID="E10" fromText="work up" toID="E9" toText="presents" type="OVERLAP" />
<TLINK id="TL2" fromID="E10" fromText="work up" toID="E11" toText="pulmonary infiltrates" type="AFTER" />
<TLINK id="TL3" fromID="E11" fromText="pulmonary infiltrates" toID="E10" toText="work up" type="BEFORE" />
<TLINK id="TL4" fromID="E14" fromText="fatigue" toID="E15" toText="fall" type="OVERLAP" />
<TLINK id="TL5" fromID="E15" fromText="fall" toID="E14" toText="fatigue" type="OVERLAP" />
<TLINK id="TL6" fromID="E16" fromText="found" toID="E17" toText="a hematocrit" type="AFTER" />
<TLINK id="TL7" fromID="E17" fromText="a hematocrit" toID="E16" toText="found" type="BEFORE" />
<TLINK id="TL8" fromID="E17" fromText="a hematocrit" toID="E18" toText="baseline" type="OVERLAP" />
<TLINK id="TL9" fromID="E18" fromText="baseline" toID="E17" toText="a hematocrit" type="OVERLAP" />
<TLINK id="TL10" fromID="E19" fromText="transfused" toID="E20" toText="an esophagogastroduodenoscopy" type="OVERLAP" />
<TLINK id="TL11" fromID="E20" fromText="an esophagogastroduodenoscopy" toID="E19" toText="transfused" type="OVERLAP" />
<TLINK id="TL12" fromID="E20" fromText="an esophagogastroduodenoscopy" toID="E21" toText="showed" type="OVERLAP" />
<TLINK id="TL13" fromID="E21" fromText="showed" toID="E20" toText="an esophagogastroduodenoscopy" type="OVERLAP" />
<TLINK id="TL14" fromID="E21" fromText="showed" toID="E22" toText="gastritis" type="AFTER" />
<TLINK id="TL15" fromID="E22" fromText="gastritis" toID="E21" toText="showed" type="BEFORE" />
<TLINK id="TL16" fromID="E24" fromText="portal hypertensive gastropathy" toID="E25" toText="varices" type="OVERLAP" />
<TLINK id="TL17" fromID="E25" fromText="varices" toID="E24" toText="portal hypertensive gastropathy" type="OVERLAP" />
<TLINK id="TL18" fromID="E26" fromText="A colonoscopy" toID="E27" toText="showed" type="OVERLAP" />
<TLINK id="TL19" fromID="E27" fromText="showed" toID="E26" toText="A colonoscopy" type="OVERLAP" />
<TLINK id="TL20" fromID="E27" fromText="showed" toID="E28" toText="anteriordysplasia" type="AFTER" />
<TLINK id="TL21" fromID="E28" fromText="anteriordysplasia" toID="E27" toText="showed" type="BEFORE" />
<TLINK id="TL22" fromID="E32" fromText="loss of consciousness" toID="E33" toText="substernal chest pain" type="OVERLAP" />
<TLINK id="TL23" fromID="E33" fromText="substernal chest pain" toID="E32" toText="loss of consciousness" type="OVERLAP" />
<TLINK id="TL24" fromID="E33" fromText="substernal chest pain" toID="E34" toText="pleuritic pain" type="OVERLAP" />
<TLINK id="TL25" fromID="E34" fromText="pleuritic pain" toID="E33" toText="substernal chest pain" type="OVERLAP" />
<TLINK id="TL26" fromID="E35" fromText="shortness of breath" toID="E36" toText="cough" type="OVERLAP" />
<TLINK id="TL27" fromID="E36" fromText="cough" toID="E35" toText="shortness of breath" type="OVERLAP" />
<TLINK id="TL28" fromID="E37" fromText="Sondi Memorial" toID="E38" toText="ruled out" type="OVERLAP" />
<TLINK id="TL29" fromID="E38" fromText="ruled out" toID="E37" toText="Sondi Memorial" type="OVERLAP" />
<TLINK id="TL30" fromID="E38" fromText="ruled out" toID="E39" toText="myocardial infarction" type="AFTER" />
<TLINK id="TL31" fromID="E39" fromText="myocardial infarction" toID="E38" toText="ruled out" type="BEFORE" />
<TLINK id="TL32" fromID="E40" fromText="a left lower lobe infiltrate" toID="E41" toText="pneumonia" type="OVERLAP" />
<TLINK id="TL33" fromID="E41" fromText="pneumonia" toID="E40" toText="a left lower lobe infiltrate" type="OVERLAP" />
<TLINK id="TL34" fromID="E43" fromText="His respiratory condition" toID="E44" toText="aggressive chest physical therapy" type="OVERLAP" />
<TLINK id="TL35" fromID="E44" fromText="aggressive chest physical therapy" toID="E43" toText="His respiratory condition" type="OVERLAP" />
<TLINK id="TL36" fromID="E46" fromText="Lasix" toID="E47" toText="congestive heart failure" type="AFTER" />
<TLINK id="TL37" fromID="E47" fromText="congestive heart failure" toID="E46" toText="Lasix" type="BEFORE" />
<TLINK id="TL38" fromID="E48" fromText="hypotensive" toID="E49" toText="hypoxic" type="OVERLAP" />
<TLINK id="TL39" fromID="E49" fromText="hypoxic" toID="E48" toText="hypotensive" type="OVERLAP" />
<TLINK id="TL40" fromID="E51" fromText="found" toID="E52" toText="expanding pulmonary infiltrates" type="AFTER" />
<TLINK id="TL41" fromID="E52" fromText="expanding pulmonary infiltrates" toID="E51" toText="found" type="BEFORE" />
<TLINK id="TL42" fromID="E52" fromText="expanding pulmonary infiltrates" toID="E53" toText="chest x-ray" type="OVERLAP" />
<TLINK id="TL43" fromID="E53" fromText="chest x-ray" toID="E52" toText="expanding pulmonary infiltrates" type="OVERLAP" />
<TLINK id="TL44" fromID="E54" fromText="acute renal insufficiency" toID="E55" toText="minimal urine output" type="OVERLAP" />
<TLINK id="TL45" fromID="E55" fromText="minimal urine output" toID="E54" toText="acute renal insufficiency" type="OVERLAP" />
<TLINK id="TL46" fromID="E56" fromText="dopamine" toID="E57" toText="hemodynamic instability" type="AFTER" />
<TLINK id="TL47" fromID="E57" fromText="hemodynamic instability" toID="E56" toText="dopamine" type="BEFORE" />
<TLINK id="TL48" fromID="E58" fromText="An echocardiogram" toID="E59" toText="showed" type="OVERLAP" />
<TLINK id="TL49" fromID="E59" fromText="showed" toID="E58" toText="An echocardiogram" type="OVERLAP" />
<TLINK id="TL50" fromID="E59" fromText="showed" toID="E60" toText="concentric left ventricular hypertrophy" type="AFTER" />
<TLINK id="TL51" fromID="E60" fromText="concentric left ventricular hypertrophy" toID="E59" toText="showed" type="BEFORE" />
<TLINK id="TL52" fromID="E60" fromText="concentric left ventricular hypertrophy" toID="E61" toText="normal _____ left ventricular function" type="OVERLAP" />
<TLINK id="TL53" fromID="E61" fromText="normal _____ left ventricular function" toID="E60" toText="concentric left ventricular hypertrophy" type="OVERLAP" />
<TLINK id="TL54" fromID="E62" fromText="severe right ventricular dilatation" toID="E63" toText="septal hypokinesis and flattening" type="OVERLAP" />
<TLINK id="TL55" fromID="E63" fromText="septal hypokinesis and flattening" toID="E62" toText="severe right ventricular dilatation" type="OVERLAP" />
<TLINK id="TL56" fromID="E63" fromText="septal hypokinesis and flattening" toID="E64" toText="right ventricular apical clot" type="OVERLAP" />
<TLINK id="TL57" fromID="E64" fromText="right ventricular apical clot" toID="E63" toText="septal hypokinesis and flattening" type="OVERLAP" />
<TLINK id="TL58" fromID="E64" fromText="right ventricular apical clot" toID="E65" toText="mild aortic stenosis" type="OVERLAP" />
<TLINK id="TL59" fromID="E65" fromText="mild aortic stenosis" toID="E64" toText="right ventricular apical clot" type="OVERLAP" />
<TLINK id="TL60" fromID="E65" fromText="mild aortic stenosis" toID="E66" toText="severe tricuspid regurgitation" type="OVERLAP" />
<TLINK id="TL61" fromID="E66" fromText="severe tricuspid regurgitation" toID="E65" toText="mild aortic stenosis" type="OVERLAP" />
<TLINK id="TL62" fromID="E66" fromText="severe tricuspid regurgitation" toID="E67" toText="increased pulmonary artery pressure" type="OVERLAP" />
<TLINK id="TL63" fromID="E67" fromText="increased pulmonary artery pressure" toID="E66" toText="severe tricuspid regurgitation" type="OVERLAP" />
<TLINK id="TL64" fromID="E67" fromText="increased pulmonary artery pressure" toID="E68" toText="fairly severe pulmonary hypertension" type="OVERLAP" />
<TLINK id="TL65" fromID="E68" fromText="fairly severe pulmonary hypertension" toID="E67" toText="increased pulmonary artery pressure" type="OVERLAP" />
<TLINK id="TL66" fromID="E71" fromText="myocardial infarction" toID="E72" toText="creatine kinases" type="OVERLAP" />
<TLINK id="TL67" fromID="E72" fromText="creatine kinases" toID="E71" toText="myocardial infarction" type="OVERLAP" />
<TLINK id="TL68" fromID="E73" fromText="Oaksgekesser/ Memorial Hospital" toID="E74" toText="further work up" type="OVERLAP" />
<TLINK id="TL69" fromID="E74" fromText="further work up" toID="E73" toText="Oaksgekesser/ Memorial Hospital" type="OVERLAP" />
<TLINK id="TL70" fromID="E75" fromText="the Oaksgekesser/ Memorial Hospital" toID="E76" toText="quite hypotensive" type="OVERLAP" />
<TLINK id="TL71" fromID="E76" fromText="quite hypotensive" toID="E75" toText="the Oaksgekesser/ Memorial Hospital" type="OVERLAP" />
<TLINK id="TL72" fromID="E76" fromText="quite hypotensive" toID="E77" toText="dopamine" type="BEFORE" />
<TLINK id="TL73" fromID="E77" fromText="dopamine" toID="E76" toText="quite hypotensive" type="AFTER" />
<TLINK id="TL74" fromID="E77" fromText="dopamine" toID="E78" toText="Levo" type="OVERLAP" />
<TLINK id="TL75" fromID="E78" fromText="Levo" toID="E77" toText="dopamine" type="OVERLAP" />
<TLINK id="TL76" fromID="E79" fromText="His chest x-ray" toID="E80" toText="showed" type="OVERLAP" />
<TLINK id="TL77" fromID="E80" fromText="showed" toID="E79" toText="His chest x-ray" type="OVERLAP" />
<TLINK id="TL78" fromID="E81" fromText="diffuse patchy infiltrates on left lung" toID="E82" toText="left upper lung patchy infiltrates" type="OVERLAP" />
<TLINK id="TL79" fromID="E82" fromText="left upper lung patchy infiltrates" toID="E81" toText="diffuse patchy infiltrates on left lung" type="OVERLAP" />
<TLINK id="TL80" fromID="E82" fromText="left upper lung patchy infiltrates" toID="E83" toText="right hemidiaphragm elevated" type="OVERLAP" />
<TLINK id="TL81" fromID="E83" fromText="right hemidiaphragm elevated" toID="E82" toText="left upper lung patchy infiltrates" type="OVERLAP" />
<TLINK id="TL82" fromID="E83" fromText="right hemidiaphragm elevated" toID="E84" toText="adult respiratory distress syndrome" type="OVERLAP" />
<TLINK id="TL83" fromID="E84" fromText="adult respiratory distress syndrome" toID="E83" toText="right hemidiaphragm elevated" type="OVERLAP" />
<TLINK id="TL84" fromID="E84" fromText="adult respiratory distress syndrome" toID="E85" toText="pneumonia" type="OVERLAP" />
<TLINK id="TL85" fromID="E85" fromText="pneumonia" toID="E84" toText="adult respiratory distress syndrome" type="OVERLAP" />
<TLINK id="TL86" fromID="E86" fromText="A urinalysis" toID="E87" toText="showed" type="OVERLAP" />
<TLINK id="TL87" fromID="E87" fromText="showed" toID="E86" toText="A urinalysis" type="OVERLAP" />
<TLINK id="TL88" fromID="E87" fromText="showed" toID="E88" toText="blood" type="AFTER" />
<TLINK id="TL89" fromID="E88" fromText="blood" toID="E87" toText="showed" type="BEFORE" />
<TLINK id="TL90" fromID="E88" fromText="blood" toID="E89" toText="urine sediment" type="OVERLAP" />
<TLINK id="TL91" fromID="E89" fromText="urine sediment" toID="E88" toText="blood" type="OVERLAP" />
<TLINK id="TL92" fromID="E89" fromText="urine sediment" toID="E90" toText="active" type="OVERLAP" />
<TLINK id="TL93" fromID="E90" fromText="active" toID="E89" toText="urine sediment" type="OVERLAP" />
<TLINK id="TL94" fromID="E90" fromText="active" toID="E91" toText="dysmorphic cells" type="OVERLAP" />
<TLINK id="TL95" fromID="E91" fromText="dysmorphic cells" toID="E90" toText="active" type="OVERLAP" />
<TLINK id="TL96" fromID="E91" fromText="dysmorphic cells" toID="E92" toText="red cell casts" type="OVERLAP" />
<TLINK id="TL97" fromID="E92" fromText="red cell casts" toID="E91" toText="dysmorphic cells" type="OVERLAP" />
<TLINK id="TL98" fromID="E92" fromText="red cell casts" toID="E93" toText="1+ albumin" type="OVERLAP" />
<TLINK id="TL99" fromID="E93" fromText="1+ albumin" toID="E92" toText="red cell casts" type="OVERLAP" />
<TLINK id="TL100" fromID="E93" fromText="1+ albumin" toID="E94" toText="mild protein uria" type="OVERLAP" />
<TLINK id="TL101" fromID="E94" fromText="mild protein uria" toID="E93" toText="1+ albumin" type="OVERLAP" />
<TLINK id="TL102" fromID="E95" fromText="ANCA" toID="E96" toText="anti-GBM" type="OVERLAP" />
<TLINK id="TL103" fromID="E96" fromText="anti-GBM" toID="E95" toText="ANCA" type="OVERLAP" />
<TLINK id="TL104" fromID="E96" fromText="anti-GBM" toID="E97" toText="anti-streptolycin" type="OVERLAP" />
<TLINK id="TL105" fromID="E97" fromText="anti-streptolycin" toID="E96" toText="anti-GBM" type="OVERLAP" />
<TLINK id="TL106" fromID="E97" fromText="anti-streptolycin" toID="E98" toText="ANA" type="OVERLAP" />
<TLINK id="TL107" fromID="E98" fromText="ANA" toID="E97" toText="anti-streptolycin" type="OVERLAP" />
<TLINK id="TL108" fromID="E98" fromText="ANA" toID="E99" toText="UPEP" type="OVERLAP" />
<TLINK id="TL109" fromID="E99" fromText="UPEP" toID="E98" toText="ANA" type="OVERLAP" />
<TLINK id="TL110" fromID="E99" fromText="UPEP" toID="E100" toText="SPEP" type="OVERLAP" />
<TLINK id="TL111" fromID="E100" fromText="SPEP" toID="E99" toText="UPEP" type="OVERLAP" />
<TLINK id="TL112" fromID="E100" fromText="SPEP" toID="E101" toText="renal ultrasound" type="OVERLAP" />
<TLINK id="TL113" fromID="E101" fromText="renal ultrasound" toID="E100" toText="SPEP" type="OVERLAP" />
<TLINK id="TL114" fromID="E101" fromText="renal ultrasound" toID="E102" toText="hepatitis C cryoglobulin" type="OVERLAP" />
<TLINK id="TL115" fromID="E102" fromText="hepatitis C cryoglobulin" toID="E101" toText="renal ultrasound" type="OVERLAP" />
<TLINK id="TL116" fromID="E103" fromText="a bronchoscopy" toID="E104" toText="showed" type="OVERLAP" />
<TLINK id="TL117" fromID="E104" fromText="showed" toID="E103" toText="a bronchoscopy" type="OVERLAP" />
<TLINK id="TL118" fromID="E104" fromText="showed" toID="E105" toText="fresh blood" type="AFTER" />
<TLINK id="TL119" fromID="E105" fromText="fresh blood" toID="E104" toText="showed" type="BEFORE" />
<TLINK id="TL120" fromID="E109" fromText="deteriorated" toID="E110" toText="CVVH" type="BEFORE" />
<TLINK id="TL121" fromID="E110" fromText="CVVH" toID="E109" toText="deteriorated" type="AFTER" />
<TLINK id="TL122" fromID="E111" fromText="significant complications" toID="E112" toText="improvement" type="OVERLAP" />
<TLINK id="TL123" fromID="E112" fromText="improvement" toID="E111" toText="significant complications" type="OVERLAP" />
<TLINK id="TL124" fromID="E115" fromText="CVVH" toID="E116" toText="the ventilator" type="OVERLAP" />
<TLINK id="TL125" fromID="E116" fromText="the ventilator" toID="E115" toText="CVVH" type="OVERLAP" />
<TLINK id="TL126" fromID="E116" fromText="the ventilator" toID="E117" toText="removed" type="OVERLAP" />
<TLINK id="TL127" fromID="E117" fromText="removed" toID="E116" toText="the ventilator" type="OVERLAP" />
<TLINK id="TL128" fromID="E3" fromText="a four vessel coronary artery bypass graft" toID="T2" toText="1983" type="OVERLAP" />
<TLINK id="TL129" fromID="T2" fromText="1983" toID="E3" toText="a four vessel coronary artery bypass graft" type="OVERLAP" />
<TLINK id="TL130" fromID="E8" fromText="an upper gastrointestinal bleed" toID="T3" toText="4-10-98" type="OVERLAP" />
<TLINK id="TL131" fromID="T3" fromText="4-10-98" toID="E8" toText="an upper gastrointestinal bleed" type="OVERLAP" />
<TLINK id="TL132" fromID="E30" fromText="discharged" toID="T5" toText="one week" type="AFTER" />
<TLINK id="TL133" fromID="T5" fromText="one week" toID="E30" toText="discharged" type="BEFORE" />
<TLINK id="TL134" fromID="T6" fromText="4-24" toID="E32" toText="loss of consciousness" type="OVERLAP" />
<TLINK id="TL135" fromID="E32" fromText="loss of consciousness" toID="T6" toText="4-24" type="OVERLAP" />
<TLINK id="TL136" fromID="E55" fromText="minimal urine output" toID="T7" toText="an hour" type="OVERLAP" />
<TLINK id="TL137" fromID="T7" fromText="an hour" toID="E55" toText="minimal urine output" type="OVERLAP" />
<TLINK id="TL138" fromID="E58" fromText="An echocardiogram" toID="T8" toText="4-26" type="OVERLAP" />
<TLINK id="TL139" fromID="T8" fromText="4-26" toID="E58" toText="An echocardiogram" type="OVERLAP" />
<TLINK id="TL140" fromID="E69" fromText="Blood cultures" toID="T9" toText="x two" type="OVERLAP" />
<TLINK id="TL141" fromID="T9" fromText="x two" toID="E69" toText="Blood cultures" type="OVERLAP" />
<TLINK id="TL142" fromID="E113" fromText="A family meeting" toID="T10" toText="5-2-98" type="OVERLAP" />
<TLINK id="TL143" fromID="T10" fromText="5-2-98" toID="E113" toText="A family meeting" type="OVERLAP" />
<TLINK id="TL144" fromID="E118" fromText="passed away" toID="T11" toText="5-2-98 , at 4:55 p.m." type="OVERLAP" />
<TLINK id="TL145" fromID="T11" fromText="5-2-98 , at 4:55 p.m." toID="E118" toText="passed away" type="OVERLAP" />
<TLINK id="SECTIME0" fromID="T0" fromText="04/27/1998" toID="E2" toText="coronary artery disease" type="AFTER" />
<TLINK id="SECTIME1" fromID="T0" fromText="04/27/1998" toID="E3" toText="a four vessel coronary artery bypass graft" type="AFTER" />
<TLINK id="TL146" fromID="T0" fromText="04/27/1998" toID="T2" toText="1983" type="AFTER" />
<TLINK id="SECTIME2" fromID="T0" fromText="04/27/1998" toID="E4" toText="pulmonary hypertension" type="AFTER" />
<TLINK id="SECTIME3" fromID="T0" fromText="04/27/1998" toID="E5" toText="hepatitis C" type="AFTER" />
<TLINK id="SECTIME4" fromID="T0" fromText="04/27/1998" toID="E6" toText="cirrhosis history" type="AFTER" />
<TLINK id="SECTIME5" fromID="T0" fromText="04/27/1998" toID="E7" toText="portal hypertension" type="AFTER" />
<TLINK id="SECTIME6" fromID="T0" fromText="04/27/1998" toID="E8" toText="an upper gastrointestinal bleed" type="AFTER" />
<TLINK id="TL147" fromID="T0" fromText="04/27/1998" toID="T3" toText="4-10-98" type="AFTER" />
<TLINK id="SECTIME7" fromID="T0" fromText="04/27/1998" toID="E9" toText="presents" type="AFTER" />
<TLINK id="SECTIME8" fromID="T0" fromText="04/27/1998" toID="E10" toText="work up" type="AFTER" />
<TLINK id="SECTIME9" fromID="T0" fromText="04/27/1998" toID="E11" toText="pulmonary infiltrates" type="AFTER" />
<TLINK id="SECTIME10" fromID="T0" fromText="04/27/1998" toID="E12" toText="acute renal failure" type="AFTER" />
<TLINK id="SECTIME11" fromID="T0" fromText="04/27/1998" toID="E13" toText="pulmonary hypertension" type="AFTER" />
<TLINK id="TL148" fromID="T0" fromText="04/27/1998" toID="T4" toText="4-10-98" type="AFTER" />
<TLINK id="SECTIME12" fromID="T0" fromText="04/27/1998" toID="E14" toText="fatigue" type="AFTER" />
<TLINK id="SECTIME13" fromID="T0" fromText="04/27/1998" toID="E15" toText="fall" type="AFTER" />
<TLINK id="SECTIME14" fromID="T0" fromText="04/27/1998" toID="E16" toText="found" type="AFTER" />
<TLINK id="SECTIME15" fromID="T0" fromText="04/27/1998" toID="E17" toText="a hematocrit" type="AFTER" />
<TLINK id="SECTIME16" fromID="T0" fromText="04/27/1998" toID="E18" toText="baseline" type="AFTER" />
<TLINK id="SECTIME17" fromID="T0" fromText="04/27/1998" toID="E19" toText="transfused" type="AFTER" />
<TLINK id="SECTIME18" fromID="T0" fromText="04/27/1998" toID="E20" toText="an esophagogastroduodenoscopy" type="AFTER" />
<TLINK id="SECTIME19" fromID="T0" fromText="04/27/1998" toID="E21" toText="showed" type="AFTER" />
<TLINK id="SECTIME20" fromID="T0" fromText="04/27/1998" toID="E22" toText="gastritis" type="AFTER" />
<TLINK id="SECTIME21" fromID="T0" fromText="04/27/1998" toID="E23" toText="candidal esophagitis" type="AFTER" />
<TLINK id="SECTIME22" fromID="T0" fromText="04/27/1998" toID="E24" toText="portal hypertensive gastropathy" type="AFTER" />
<TLINK id="SECTIME23" fromID="T0" fromText="04/27/1998" toID="E25" toText="varices" type="AFTER" />
<TLINK id="SECTIME24" fromID="T0" fromText="04/27/1998" toID="E26" toText="A colonoscopy" type="AFTER" />
<TLINK id="SECTIME25" fromID="T0" fromText="04/27/1998" toID="E27" toText="showed" type="AFTER" />
<TLINK id="SECTIME26" fromID="T0" fromText="04/27/1998" toID="E28" toText="anteriordysplasia" type="AFTER" />
<TLINK id="SECTIME27" fromID="T0" fromText="04/27/1998" toID="E29" toText="bleeding" type="AFTER" />
<TLINK id="SECTIME28" fromID="T0" fromText="04/27/1998" toID="E30" toText="discharged" type="AFTER" />
<TLINK id="SECTIME29" fromID="T0" fromText="04/27/1998" toID="E31" toText="iron sulfate" type="AFTER" />
<TLINK id="TL149" fromID="T0" fromText="04/27/1998" toID="T6" toText="4-24" type="AFTER" />
<TLINK id="SECTIME30" fromID="T0" fromText="04/27/1998" toID="E32" toText="loss of consciousness" type="AFTER" />
<TLINK id="SECTIME31" fromID="T0" fromText="04/27/1998" toID="E33" toText="substernal chest pain" type="AFTER" />
<TLINK id="SECTIME32" fromID="T0" fromText="04/27/1998" toID="E34" toText="pleuritic pain" type="AFTER" />
<TLINK id="SECTIME33" fromID="T0" fromText="04/27/1998" toID="E35" toText="shortness of breath" type="AFTER" />
<TLINK id="SECTIME34" fromID="T0" fromText="04/27/1998" toID="E36" toText="cough" type="AFTER" />
<TLINK id="SECTIME35" fromID="T0" fromText="04/27/1998" toID="E37" toText="Sondi Memorial" type="AFTER" />
<TLINK id="SECTIME36" fromID="T0" fromText="04/27/1998" toID="E38" toText="ruled out" type="AFTER" />
<TLINK id="SECTIME37" fromID="T0" fromText="04/27/1998" toID="E39" toText="myocardial infarction" type="AFTER" />
<TLINK id="SECTIME38" fromID="T0" fromText="04/27/1998" toID="E40" toText="a left lower lobe infiltrate" type="AFTER" />
<TLINK id="SECTIME39" fromID="T0" fromText="04/27/1998" toID="E41" toText="pneumonia" type="AFTER" />
<TLINK id="SECTIME40" fromID="T0" fromText="04/27/1998" toID="E42" toText="cefuroxime" type="AFTER" />
<TLINK id="SECTIME41" fromID="T0" fromText="04/27/1998" toID="E43" toText="His respiratory condition" type="AFTER" />
<TLINK id="SECTIME42" fromID="T0" fromText="04/27/1998" toID="E44" toText="aggressive chest physical therapy" type="AFTER" />
<TLINK id="SECTIME43" fromID="T0" fromText="04/27/1998" toID="E45" toText="blood" type="AFTER" />
<TLINK id="SECTIME44" fromID="T0" fromText="04/27/1998" toID="E46" toText="Lasix" type="AFTER" />
<TLINK id="SECTIME45" fromID="T0" fromText="04/27/1998" toID="E47" toText="congestive heart failure" type="AFTER" />
<TLINK id="SECTIME46" fromID="T0" fromText="04/27/1998" toID="E48" toText="hypotensive" type="AFTER" />
<TLINK id="SECTIME47" fromID="T0" fromText="04/27/1998" toID="E49" toText="hypoxic" type="AFTER" />
<TLINK id="SECTIME48" fromID="T0" fromText="04/27/1998" toID="E50" toText="intubated" type="AFTER" />
<TLINK id="SECTIME49" fromID="T0" fromText="04/27/1998" toID="E51" toText="found" type="AFTER" />
<TLINK id="SECTIME50" fromID="T0" fromText="04/27/1998" toID="E52" toText="expanding pulmonary infiltrates" type="AFTER" />
<TLINK id="SECTIME51" fromID="T0" fromText="04/27/1998" toID="E53" toText="chest x-ray" type="AFTER" />
<TLINK id="SECTIME52" fromID="T0" fromText="04/27/1998" toID="E54" toText="acute renal insufficiency" type="AFTER" />
<TLINK id="SECTIME53" fromID="T0" fromText="04/27/1998" toID="E55" toText="minimal urine output" type="AFTER" />
<TLINK id="SECTIME54" fromID="T0" fromText="04/27/1998" toID="E56" toText="dopamine" type="AFTER" />
<TLINK id="SECTIME55" fromID="T0" fromText="04/27/1998" toID="E57" toText="hemodynamic instability" type="AFTER" />
<TLINK id="SECTIME56" fromID="T0" fromText="04/27/1998" toID="E58" toText="An echocardiogram" type="AFTER" />
<TLINK id="TL150" fromID="T0" fromText="04/27/1998" toID="T8" toText="4-26" type="AFTER" />
<TLINK id="SECTIME57" fromID="T0" fromText="04/27/1998" toID="E59" toText="showed" type="AFTER" />
<TLINK id="SECTIME58" fromID="T0" fromText="04/27/1998" toID="E60" toText="concentric left ventricular hypertrophy" type="AFTER" />
<TLINK id="SECTIME59" fromID="T0" fromText="04/27/1998" toID="E61" toText="normal _____ left ventricular function" type="AFTER" />
<TLINK id="SECTIME60" fromID="T0" fromText="04/27/1998" toID="E62" toText="severe right ventricular dilatation" type="AFTER" />
<TLINK id="SECTIME61" fromID="T0" fromText="04/27/1998" toID="E63" toText="septal hypokinesis and flattening" type="AFTER" />
<TLINK id="SECTIME62" fromID="T0" fromText="04/27/1998" toID="E64" toText="right ventricular apical clot" type="AFTER" />
<TLINK id="SECTIME63" fromID="T0" fromText="04/27/1998" toID="E65" toText="mild aortic stenosis" type="AFTER" />
<TLINK id="SECTIME64" fromID="T0" fromText="04/27/1998" toID="E66" toText="severe tricuspid regurgitation" type="AFTER" />
<TLINK id="SECTIME65" fromID="T0" fromText="04/27/1998" toID="E67" toText="increased pulmonary artery pressure" type="AFTER" />
<TLINK id="SECTIME66" fromID="T0" fromText="04/27/1998" toID="E68" toText="fairly severe pulmonary hypertension" type="AFTER" />
<TLINK id="SECTIME67" fromID="T0" fromText="04/27/1998" toID="E69" toText="Blood cultures" type="AFTER" />
<TLINK id="SECTIME68" fromID="T0" fromText="04/27/1998" toID="E70" toText="growth" type="AFTER" />
<TLINK id="SECTIME69" fromID="T0" fromText="04/27/1998" toID="E71" toText="myocardial infarction" type="AFTER" />
<TLINK id="SECTIME70" fromID="T0" fromText="04/27/1998" toID="E72" toText="creatine kinases" type="AFTER" />
<TLINK id="SECTIME71" fromID="T0" fromText="04/27/1998" toID="E73" toText="Oaksgekesser/ Memorial Hospital" type="AFTER" />
<TLINK id="SECTIME72" fromID="T0" fromText="04/27/1998" toID="E74" toText="further work up" type="AFTER" />
<TLINK id="SECTIME73" fromID="T0" fromText="04/27/1998" toID="E75" toText="the Oaksgekesser/ Memorial Hospital" type="AFTER" />
<TLINK id="SECTIME74" fromID="T0" fromText="04/27/1998" toID="E76" toText="quite hypotensive" type="AFTER" />
<TLINK id="SECTIME75" fromID="T0" fromText="04/27/1998" toID="E77" toText="dopamine" type="AFTER" />
<TLINK id="SECTIME76" fromID="T0" fromText="04/27/1998" toID="E78" toText="Levo" type="AFTER" />
<TLINK id="SECTIME77" fromID="T0" fromText="04/27/1998" toID="E79" toText="His chest x-ray" type="AFTER" />
<TLINK id="SECTIME78" fromID="T0" fromText="04/27/1998" toID="E80" toText="showed" type="AFTER" />
<TLINK id="SECTIME79" fromID="T0" fromText="04/27/1998" toID="E81" toText="diffuse patchy infiltrates on left lung" type="AFTER" />
<TLINK id="SECTIME80" fromID="T0" fromText="04/27/1998" toID="E82" toText="left upper lung patchy infiltrates" type="AFTER" />
<TLINK id="SECTIME81" fromID="T0" fromText="04/27/1998" toID="E83" toText="right hemidiaphragm elevated" type="AFTER" />
<TLINK id="SECTIME82" fromID="T0" fromText="04/27/1998" toID="E84" toText="adult respiratory distress syndrome" type="AFTER" />
<TLINK id="SECTIME83" fromID="T0" fromText="04/27/1998" toID="E85" toText="pneumonia" type="AFTER" />
<TLINK id="SECTIME84" fromID="T0" fromText="04/27/1998" toID="E86" toText="A urinalysis" type="AFTER" />
<TLINK id="SECTIME85" fromID="T0" fromText="04/27/1998" toID="E87" toText="showed" type="AFTER" />
<TLINK id="SECTIME86" fromID="T0" fromText="04/27/1998" toID="E88" toText="blood" type="AFTER" />
<TLINK id="SECTIME87" fromID="T0" fromText="04/27/1998" toID="E89" toText="urine sediment" type="AFTER" />
<TLINK id="SECTIME88" fromID="T0" fromText="04/27/1998" toID="E90" toText="active" type="AFTER" />
<TLINK id="SECTIME89" fromID="T0" fromText="04/27/1998" toID="E91" toText="dysmorphic cells" type="AFTER" />
<TLINK id="SECTIME90" fromID="T0" fromText="04/27/1998" toID="E92" toText="red cell casts" type="AFTER" />
<TLINK id="SECTIME91" fromID="T0" fromText="04/27/1998" toID="E93" toText="1+ albumin" type="AFTER" />
<TLINK id="SECTIME92" fromID="T0" fromText="04/27/1998" toID="E94" toText="mild protein uria" type="AFTER" />
<TLINK id="SECTIME93" fromID="T0" fromText="04/27/1998" toID="E95" toText="ANCA" type="AFTER" />
<TLINK id="SECTIME94" fromID="T0" fromText="04/27/1998" toID="E96" toText="anti-GBM" type="AFTER" />
<TLINK id="SECTIME95" fromID="T0" fromText="04/27/1998" toID="E97" toText="anti-streptolycin" type="AFTER" />
<TLINK id="SECTIME96" fromID="T0" fromText="04/27/1998" toID="E98" toText="ANA" type="AFTER" />
<TLINK id="SECTIME97" fromID="T0" fromText="04/27/1998" toID="E99" toText="UPEP" type="AFTER" />
<TLINK id="SECTIME98" fromID="T0" fromText="04/27/1998" toID="E100" toText="SPEP" type="AFTER" />
<TLINK id="SECTIME99" fromID="T0" fromText="04/27/1998" toID="E101" toText="renal ultrasound" type="AFTER" />
<TLINK id="SECTIME100" fromID="T0" fromText="04/27/1998" toID="E102" toText="hepatitis C cryoglobulin" type="AFTER" />
<TLINK id="SECTIME101" fromID="T0" fromText="04/27/1998" toID="E103" toText="a bronchoscopy" type="AFTER" />
<TLINK id="SECTIME102" fromID="T0" fromText="04/27/1998" toID="E104" toText="showed" type="AFTER" />
<TLINK id="SECTIME103" fromID="T0" fromText="04/27/1998" toID="E105" toText="fresh blood" type="AFTER" />
<TLINK id="SECTIME104" fromID="T0" fromText="04/27/1998" toID="E106" toText="old clot" type="AFTER" />
<TLINK id="SECTIME105" fromID="T0" fromText="04/27/1998" toID="E107" toText="a pulmonary arterial line" type="AFTER" />
<TLINK id="SECTIME106" fromID="T0" fromText="04/27/1998" toID="E108" toText="pulmonary-renal syndrome" type="AFTER" />
<TLINK id="SECTIME107" fromID="T0" fromText="04/27/1998" toID="E109" toText="deteriorated" type="AFTER" />
<TLINK id="SECTIME108" fromID="T0" fromText="04/27/1998" toID="E110" toText="CVVH" type="AFTER" />
<TLINK id="SECTIME109" fromID="T0" fromText="04/27/1998" toID="E111" toText="significant complications" type="AFTER" />
<TLINK id="SECTIME110" fromID="T0" fromText="04/27/1998" toID="E112" toText="improvement" type="AFTER" />
<TLINK id="TL151" fromID="T0" fromText="04/27/1998" toID="T10" toText="5-2-98" type="BEFORE" />
<TLINK id="SECTIME111" fromID="T0" fromText="04/27/1998" toID="E115" toText="CVVH" type="AFTER" />
<TLINK id="SECTIME112" fromID="T0" fromText="04/27/1998" toID="E116" toText="the ventilator" type="AFTER" />
<TLINK id="SECTIME113" fromID="T0" fromText="04/27/1998" toID="E118" toText="passed away" type="AFTER" />
<TLINK id="TL152" fromID="T0" fromText="04/27/1998" toID="T11" toText="5-2-98 , at 4:55 p.m." type="BEFORE" />
<TLINK id="TL153" fromID="T1" fromText="05/02/1998" toID="T2" toText="1983" type="AFTER" />
<TLINK id="TL154" fromID="T1" fromText="05/02/1998" toID="T3" toText="4-10-98" type="AFTER" />
<TLINK id="TL155" fromID="T1" fromText="05/02/1998" toID="T4" toText="4-10-98" type="AFTER" />
<TLINK id="TL156" fromID="T1" fromText="05/02/1998" toID="T6" toText="4-24" type="AFTER" />
<TLINK id="TL157" fromID="T1" fromText="05/02/1998" toID="T8" toText="4-26" type="AFTER" />
<TLINK id="TL158" fromID="T1" fromText="05/02/1998" toID="T10" toText="5-2-98" type="OVERLAP" />
<TLINK id="TL159" fromID="T1" fromText="05/02/1998" toID="T11" toText="5-2-98 , at 4:55 p.m." type="OVERLAP" />
<TLINK id="TL160" fromID="E21" fromText="showed" toID="E27" toText="showed" type="OVERLAP" />
<TLINK id="TL161" fromID="E27" fromText="showed" toID="E21" toText="showed" type="OVERLAP" />
<TLINK id="TL162" fromID="E58" fromText="An echocardiogram" toID="E69" toText="Blood cultures" type="OVERLAP" />
<TLINK id="TL163" fromID="E86" fromText="A urinalysis" toID="E95" toText="ANCA" type="OVERLAP" />
<TLINK id="TL164" fromID="E86" fromText="A urinalysis" toID="E96" toText="anti-GBM" type="OVERLAP" />
<TLINK id="TL165" fromID="E86" fromText="A urinalysis" toID="E97" toText="anti-streptolycin" type="OVERLAP" />
<TLINK id="TL166" fromID="E86" fromText="A urinalysis" toID="E98" toText="ANA" type="OVERLAP" />
<TLINK id="TL167" fromID="E86" fromText="A urinalysis" toID="E99" toText="UPEP" type="OVERLAP" />
<TLINK id="TL168" fromID="E86" fromText="A urinalysis" toID="E100" toText="SPEP" type="OVERLAP" />
<TLINK id="TL169" fromID="E86" fromText="A urinalysis" toID="E101" toText="renal ultrasound" type="OVERLAP" />
<TLINK id="TL170" fromID="E86" fromText="A urinalysis" toID="E102" toText="hepatitis C cryoglobulin" type="OVERLAP" />
<TLINK id="TL171" fromID="E95" fromText="ANCA" toID="E103" toText="a bronchoscopy" type="OVERLAP" />
<TLINK id="SECTIME114" fromID="E0" fromText="ADMISSION" toID="T0" toText="04/27/1998" type="OVERLAP" />
<TLINK id="SECTIME115" fromID="T0" fromText="04/27/1998" toID="E0" toText="ADMISSION" type="OVERLAP" />
<TLINK id="SECTIME116" fromID="T0" fromText="04/27/1998" toID="E1" toText="DISCHARGE" type="BEFORE" />
<TLINK id="SECTIME117" fromID="E1" fromText="DISCHARGE" toID="T0" toText="04/27/1998" type="AFTER" />
<TLINK id="SECTIME118" fromID="E1" fromText="DISCHARGE" toID="T1" toText="05/02/1998" type="OVERLAP" />
<TLINK id="SECTIME119" fromID="T1" fromText="05/02/1998" toID="E1" toText="DISCHARGE" type="OVERLAP" />
<TLINK id="TL172" fromID="E4" fromText="pulmonary hypertension" toID="E13" toText="pulmonary hypertension" type="OVERLAP" />
<TLINK id="TL173" fromID="E4" fromText="pulmonary hypertension" toID="E68" toText="fairly severe pulmonary hypertension" type="OVERLAP" />
<TLINK id="TL174" fromID="E12" fromText="acute renal failure" toID="E54" toText="acute renal insufficiency" type="OVERLAP" />
<TLINK id="TL175" fromID="E13" fromText="pulmonary hypertension" toID="E4" toText="pulmonary hypertension" type="OVERLAP" />
<TLINK id="TL176" fromID="E13" fromText="pulmonary hypertension" toID="E68" toText="fairly severe pulmonary hypertension" type="OVERLAP" />
<TLINK id="TL177" fromID="E39" fromText="myocardial infarction" toID="E71" toText="myocardial infarction" type="OVERLAP" />
<TLINK id="TL178" fromID="E41" fromText="pneumonia" toID="E85" toText="pneumonia" type="OVERLAP" />
<TLINK id="TL179" fromID="E48" fromText="hypotensive" toID="E76" toText="quite hypotensive" type="OVERLAP" />
<TLINK id="TL180" fromID="E52" fromText="expanding pulmonary infiltrates" toID="E81" toText="diffuse patchy infiltrates on left lung" type="OVERLAP" />
<TLINK id="TL181" fromID="E52" fromText="expanding pulmonary infiltrates" toID="E82" toText="left upper lung patchy infiltrates" type="OVERLAP" />
<TLINK id="TL182" fromID="E54" fromText="acute renal insufficiency" toID="E12" toText="acute renal failure" type="OVERLAP" />
<TLINK id="TL183" fromID="E68" fromText="fairly severe pulmonary hypertension" toID="E4" toText="pulmonary hypertension" type="OVERLAP" />
<TLINK id="TL184" fromID="E68" fromText="fairly severe pulmonary hypertension" toID="E13" toText="pulmonary hypertension" type="OVERLAP" />
<TLINK id="TL185" fromID="E71" fromText="myocardial infarction" toID="E39" toText="myocardial infarction" type="OVERLAP" />
<TLINK id="TL186" fromID="E76" fromText="quite hypotensive" toID="E48" toText="hypotensive" type="OVERLAP" />
<TLINK id="TL187" fromID="E81" fromText="diffuse patchy infiltrates on left lung" toID="E52" toText="expanding pulmonary infiltrates" type="OVERLAP" />
<TLINK id="TL188" fromID="E81" fromText="diffuse patchy infiltrates on left lung" toID="E82" toText="left upper lung patchy infiltrates" type="OVERLAP" />
<TLINK id="TL189" fromID="E82" fromText="left upper lung patchy infiltrates" toID="E52" toText="expanding pulmonary infiltrates" type="OVERLAP" />
<TLINK id="TL190" fromID="E82" fromText="left upper lung patchy infiltrates" toID="E81" toText="diffuse patchy infiltrates on left lung" type="OVERLAP" />
<TLINK id="TL191" fromID="E85" fromText="pneumonia" toID="E41" toText="pneumonia" type="OVERLAP" />
<TLINK id="TL192" fromID="E110" fromText="CVVH" toID="E115" toText="CVVH" type="OVERLAP" />
<TLINK id="TL193" fromID="E115" fromText="CVVH" toID="E110" toText="CVVH" type="OVERLAP" />
<TLINK id="TL194" fromID="T2" fromText="1983" toID="E2" toText="coronary artery disease" type="AFTER" />
<TLINK id="TL195" fromID="T2" fromText="1983" toID="E4" toText="pulmonary hypertension" type="OVERLAP" />
<TLINK id="TL196" fromID="T2" fromText="1983" toID="E5" toText="hepatitis C" type="OVERLAP" />
<TLINK id="TL197" fromID="T2" fromText="1983" toID="E6" toText="cirrhosis history" type="OVERLAP" />
<TLINK id="TL198" fromID="T2" fromText="1983" toID="E8" toText="an upper gastrointestinal bleed" type="OVERLAP" />
<TLINK id="TL199" fromID="T2" fromText="1983" toID="E9" toText="presents" type="BEFORE" />
<TLINK id="TL200" fromID="T2" fromText="1983" toID="E10" toText="work up" type="BEFORE" />
<TLINK id="TL201" fromID="T2" fromText="1983" toID="E11" toText="pulmonary infiltrates" type="BEFORE" />
<TLINK id="TL202" fromID="T2" fromText="1983" toID="E12" toText="acute renal failure" type="BEFORE" />
<TLINK id="TL203" fromID="T3" fromText="4-10-98" toID="E2" toText="coronary artery disease" type="OVERLAP" />
<TLINK id="TL204" fromID="T3" fromText="4-10-98" toID="E3" toText="a four vessel coronary artery bypass graft" type="AFTER" />
<TLINK id="TL205" fromID="T3" fromText="4-10-98" toID="E4" toText="pulmonary hypertension" type="OVERLAP" />
<TLINK id="TL206" fromID="T3" fromText="4-10-98" toID="E5" toText="hepatitis C" type="AFTER" />
<TLINK id="TL207" fromID="T3" fromText="4-10-98" toID="E6" toText="cirrhosis history" type="AFTER" />
<TLINK id="TL208" fromID="T3" fromText="4-10-98" toID="E7" toText="portal hypertension" type="OVERLAP" />
<TLINK id="TL209" fromID="T3" fromText="4-10-98" toID="E9" toText="presents" type="BEFORE" />
<TLINK id="TL210" fromID="T3" fromText="4-10-98" toID="E10" toText="work up" type="BEFORE" />
<TLINK id="TL211" fromID="T3" fromText="4-10-98" toID="E11" toText="pulmonary infiltrates" type="BEFORE" />
<TLINK id="TL212" fromID="T3" fromText="4-10-98" toID="E12" toText="acute renal failure" type="BEFORE" />
<TLINK id="TL213" fromID="T3" fromText="4-10-98" toID="E13" toText="pulmonary hypertension" type="BEFORE" />
<TLINK id="TL214" fromID="E2" fromText="coronary artery disease" toID="T2" toText="1983" type="BEFORE" />
<TLINK id="TL215" fromID="E2" fromText="coronary artery disease" toID="T3" toText="4-10-98" type="OVERLAP" />
<TLINK id="TL216" fromID="E3" fromText="a four vessel coronary artery bypass graft" toID="T3" toText="4-10-98" type="BEFORE" />
<TLINK id="TL217" fromID="E3" fromText="a four vessel coronary artery bypass graft" toID="E4" toText="pulmonary hypertension" type="OVERLAP" />
<TLINK id="TL218" fromID="E4" fromText="pulmonary hypertension" toID="T2" toText="1983" type="OVERLAP" />
<TLINK id="TL219" fromID="E4" fromText="pulmonary hypertension" toID="T3" toText="4-10-98" type="OVERLAP" />
<TLINK id="TL220" fromID="E4" fromText="pulmonary hypertension" toID="E3" toText="a four vessel coronary artery bypass graft" type="OVERLAP" />
<TLINK id="TL221" fromID="E4" fromText="pulmonary hypertension" toID="E7" toText="portal hypertension" type="OVERLAP" />
<TLINK id="TL222" fromID="E5" fromText="hepatitis C" toID="T2" toText="1983" type="OVERLAP" />
<TLINK id="TL223" fromID="E5" fromText="hepatitis C" toID="T3" toText="4-10-98" type="BEFORE" />
<TLINK id="TL224" fromID="E6" fromText="cirrhosis history" toID="T2" toText="1983" type="OVERLAP" />
<TLINK id="TL225" fromID="E6" fromText="cirrhosis history" toID="T3" toText="4-10-98" type="BEFORE" />
<TLINK id="TL226" fromID="E7" fromText="portal hypertension" toID="T3" toText="4-10-98" type="OVERLAP" />
<TLINK id="TL227" fromID="E7" fromText="portal hypertension" toID="E4" toText="pulmonary hypertension" type="OVERLAP" />
<TLINK id="TL228" fromID="E8" fromText="an upper gastrointestinal bleed" toID="T2" toText="1983" type="OVERLAP" />
<TLINK id="TL229" fromID="E9" fromText="presents" toID="T2" toText="1983" type="AFTER" />
<TLINK id="TL230" fromID="E9" fromText="presents" toID="T3" toText="4-10-98" type="AFTER" />
<TLINK id="TL231" fromID="E10" fromText="work up" toID="T2" toText="1983" type="AFTER" />
<TLINK id="TL232" fromID="E10" fromText="work up" toID="T3" toText="4-10-98" type="AFTER" />
<TLINK id="TL233" fromID="E11" fromText="pulmonary infiltrates" toID="T2" toText="1983" type="AFTER" />
<TLINK id="TL234" fromID="E11" fromText="pulmonary infiltrates" toID="T3" toText="4-10-98" type="AFTER" />
<TLINK id="TL235" fromID="E11" fromText="pulmonary infiltrates" toID="E13" toText="pulmonary hypertension" type="OVERLAP" />
<TLINK id="TL236" fromID="E12" fromText="acute renal failure" toID="T2" toText="1983" type="AFTER" />
<TLINK id="TL237" fromID="E12" fromText="acute renal failure" toID="T3" toText="4-10-98" type="AFTER" />
<TLINK id="TL238" fromID="E13" fromText="pulmonary hypertension" toID="T3" toText="4-10-98" type="AFTER" />
<TLINK id="TL239" fromID="E13" fromText="pulmonary hypertension" toID="E11" toText="pulmonary infiltrates" type="OVERLAP" />
<TLINK id="TL240" fromID="T4" fromText="4-10-98" toID="E14" toText="fatigue" type="AFTER" />
<TLINK id="TL241" fromID="T4" fromText="4-10-98" toID="E15" toText="fall" type="AFTER" />
<TLINK id="TL242" fromID="T4" fromText="4-10-98" toID="E16" toText="found" type="OVERLAP" />
<TLINK id="TL243" fromID="E14" fromText="fatigue" toID="T4" toText="4-10-98" type="BEFORE" />
<TLINK id="TL244" fromID="E15" fromText="fall" toID="T4" toText="4-10-98" type="BEFORE" />
<TLINK id="TL245" fromID="E16" fromText="found" toID="T4" toText="4-10-98" type="OVERLAP" />
<TLINK id="TL246" fromID="E19" fromText="transfused" toID="E25" toText="varices" type="OVERLAP" />
<TLINK id="TL247" fromID="E25" fromText="varices" toID="E19" toText="transfused" type="OVERLAP" />
<TLINK id="TL248" fromID="T5" fromText="one week" toID="E31" toText="iron sulfate" type="OVERLAP" />
<TLINK id="TL249" fromID="E31" fromText="iron sulfate" toID="T5" toText="one week" type="OVERLAP" />
<TLINK id="TL250" fromID="E37" fromText="Sondi Memorial" toID="E42" toText="cefuroxime" type="OVERLAP" />
<TLINK id="TL251" fromID="E42" fromText="cefuroxime" toID="E37" toText="Sondi Memorial" type="OVERLAP" />
<TLINK id="TL252" fromID="E45" fromText="blood" toID="E47" toText="congestive heart failure" type="OVERLAP" />
<TLINK id="TL253" fromID="E45" fromText="blood" toID="E48" toText="hypotensive" type="OVERLAP" />
<TLINK id="TL254" fromID="E47" fromText="congestive heart failure" toID="E45" toText="blood" type="OVERLAP" />
<TLINK id="TL255" fromID="E48" fromText="hypotensive" toID="E45" toText="blood" type="OVERLAP" />
<TLINK id="TL256" fromID="T7" fromText="an hour" toID="E51" toText="found" type="OVERLAP" />
<TLINK id="TL257" fromID="T7" fromText="an hour" toID="E52" toText="expanding pulmonary infiltrates" type="OVERLAP" />
<TLINK id="TL258" fromID="T7" fromText="an hour" toID="E53" toText="chest x-ray" type="OVERLAP" />
<TLINK id="TL259" fromID="T7" fromText="an hour" toID="E54" toText="acute renal insufficiency" type="OVERLAP" />
<TLINK id="TL260" fromID="T7" fromText="an hour" toID="E56" toText="dopamine" type="OVERLAP" />
<TLINK id="TL261" fromID="T7" fromText="an hour" toID="E57" toText="hemodynamic instability" type="OVERLAP" />
<TLINK id="TL262" fromID="E51" fromText="found" toID="T7" toText="an hour" type="OVERLAP" />
<TLINK id="TL263" fromID="E52" fromText="expanding pulmonary infiltrates" toID="T7" toText="an hour" type="OVERLAP" />
<TLINK id="TL264" fromID="E53" fromText="chest x-ray" toID="T7" toText="an hour" type="OVERLAP" />
<TLINK id="TL265" fromID="E53" fromText="chest x-ray" toID="E55" toText="minimal urine output" type="OVERLAP" />
<TLINK id="TL266" fromID="E54" fromText="acute renal insufficiency" toID="T7" toText="an hour" type="OVERLAP" />
<TLINK id="TL267" fromID="E55" fromText="minimal urine output" toID="E53" toText="chest x-ray" type="OVERLAP" />
<TLINK id="TL268" fromID="E56" fromText="dopamine" toID="T7" toText="an hour" type="OVERLAP" />
<TLINK id="TL269" fromID="E57" fromText="hemodynamic instability" toID="T7" toText="an hour" type="OVERLAP" />
<TLINK id="TL270" fromID="T8" fromText="4-26" toID="E59" toText="showed" type="AFTER" />
<TLINK id="TL271" fromID="T8" fromText="4-26" toID="E60" toText="concentric left ventricular hypertrophy" type="AFTER" />
<TLINK id="TL272" fromID="T8" fromText="4-26" toID="E61" toText="normal _____ left ventricular function" type="AFTER" />
<TLINK id="TL273" fromID="T8" fromText="4-26" toID="E62" toText="severe right ventricular dilatation" type="AFTER" />
<TLINK id="TL274" fromID="T8" fromText="4-26" toID="E63" toText="septal hypokinesis and flattening" type="AFTER" />
<TLINK id="TL275" fromID="T8" fromText="4-26" toID="E64" toText="right ventricular apical clot" type="AFTER" />
<TLINK id="TL276" fromID="T8" fromText="4-26" toID="E65" toText="mild aortic stenosis" type="AFTER" />
<TLINK id="TL277" fromID="T8" fromText="4-26" toID="E66" toText="severe tricuspid regurgitation" type="AFTER" />
<TLINK id="TL278" fromID="T8" fromText="4-26" toID="E67" toText="increased pulmonary artery pressure" type="AFTER" />
<TLINK id="TL279" fromID="T8" fromText="4-26" toID="E68" toText="fairly severe pulmonary hypertension" type="AFTER" />
<TLINK id="TL280" fromID="E59" fromText="showed" toID="T8" toText="4-26" type="BEFORE" />
<TLINK id="TL281" fromID="E60" fromText="concentric left ventricular hypertrophy" toID="T8" toText="4-26" type="BEFORE" />
<TLINK id="TL282" fromID="E61" fromText="normal _____ left ventricular function" toID="T8" toText="4-26" type="BEFORE" />
<TLINK id="TL283" fromID="E61" fromText="normal _____ left ventricular function" toID="E63" toText="septal hypokinesis and flattening" type="OVERLAP" />
<TLINK id="TL284" fromID="E61" fromText="normal _____ left ventricular function" toID="E64" toText="right ventricular apical clot" type="OVERLAP" />
<TLINK id="TL285" fromID="E62" fromText="severe right ventricular dilatation" toID="T8" toText="4-26" type="BEFORE" />
<TLINK id="TL286" fromID="E62" fromText="severe right ventricular dilatation" toID="E64" toText="right ventricular apical clot" type="OVERLAP" />
<TLINK id="TL287" fromID="E62" fromText="severe right ventricular dilatation" toID="E67" toText="increased pulmonary artery pressure" type="OVERLAP" />
<TLINK id="TL288" fromID="E63" fromText="septal hypokinesis and flattening" toID="T8" toText="4-26" type="BEFORE" />
<TLINK id="TL289" fromID="E63" fromText="septal hypokinesis and flattening" toID="E61" toText="normal _____ left ventricular function" type="OVERLAP" />
<TLINK id="TL290" fromID="E63" fromText="septal hypokinesis and flattening" toID="E67" toText="increased pulmonary artery pressure" type="OVERLAP" />
<TLINK id="TL291" fromID="E64" fromText="right ventricular apical clot" toID="T8" toText="4-26" type="BEFORE" />
<TLINK id="TL292" fromID="E64" fromText="right ventricular apical clot" toID="E61" toText="normal _____ left ventricular function" type="OVERLAP" />
<TLINK id="TL293" fromID="E64" fromText="right ventricular apical clot" toID="E62" toText="severe right ventricular dilatation" type="OVERLAP" />
<TLINK id="TL294" fromID="E65" fromText="mild aortic stenosis" toID="T8" toText="4-26" type="BEFORE" />
<TLINK id="TL295" fromID="E65" fromText="mild aortic stenosis" toID="E67" toText="increased pulmonary artery pressure" type="OVERLAP" />
<TLINK id="TL296" fromID="E65" fromText="mild aortic stenosis" toID="E68" toText="fairly severe pulmonary hypertension" type="OVERLAP" />
<TLINK id="TL297" fromID="E66" fromText="severe tricuspid regurgitation" toID="T8" toText="4-26" type="BEFORE" />
<TLINK id="TL298" fromID="E66" fromText="severe tricuspid regurgitation" toID="E68" toText="fairly severe pulmonary hypertension" type="OVERLAP" />
<TLINK id="TL299" fromID="E67" fromText="increased pulmonary artery pressure" toID="T8" toText="4-26" type="BEFORE" />
<TLINK id="TL300" fromID="E67" fromText="increased pulmonary artery pressure" toID="E62" toText="severe right ventricular dilatation" type="OVERLAP" />
<TLINK id="TL301" fromID="E67" fromText="increased pulmonary artery pressure" toID="E63" toText="septal hypokinesis and flattening" type="OVERLAP" />
<TLINK id="TL302" fromID="E67" fromText="increased pulmonary artery pressure" toID="E65" toText="mild aortic stenosis" type="OVERLAP" />
<TLINK id="TL303" fromID="E68" fromText="fairly severe pulmonary hypertension" toID="T8" toText="4-26" type="BEFORE" />
<TLINK id="TL304" fromID="E68" fromText="fairly severe pulmonary hypertension" toID="E65" toText="mild aortic stenosis" type="OVERLAP" />
<TLINK id="TL305" fromID="E68" fromText="fairly severe pulmonary hypertension" toID="E66" toText="severe tricuspid regurgitation" type="OVERLAP" />
<TLINK id="TL306" fromID="E82" fromText="left upper lung patchy infiltrates" toID="E84" toText="adult respiratory distress syndrome" type="OVERLAP" />
<TLINK id="TL307" fromID="E82" fromText="left upper lung patchy infiltrates" toID="E85" toText="pneumonia" type="OVERLAP" />
<TLINK id="TL308" fromID="E83" fromText="right hemidiaphragm elevated" toID="E85" toText="pneumonia" type="OVERLAP" />
<TLINK id="TL309" fromID="E84" fromText="adult respiratory distress syndrome" toID="E82" toText="left upper lung patchy infiltrates" type="OVERLAP" />
<TLINK id="TL310" fromID="E85" fromText="pneumonia" toID="E82" toText="left upper lung patchy infiltrates" type="OVERLAP" />
<TLINK id="TL311" fromID="E85" fromText="pneumonia" toID="E83" toText="right hemidiaphragm elevated" type="OVERLAP" />
<TLINK id="TL312" fromID="E87" fromText="showed" toID="E91" toText="dysmorphic cells" type="OVERLAP" />
<TLINK id="TL313" fromID="E87" fromText="showed" toID="E93" toText="1+ albumin" type="OVERLAP" />
<TLINK id="TL314" fromID="E88" fromText="blood" toID="E91" toText="dysmorphic cells" type="OVERLAP" />
<TLINK id="TL315" fromID="E88" fromText="blood" toID="E93" toText="1+ albumin" type="OVERLAP" />
<TLINK id="TL316" fromID="E91" fromText="dysmorphic cells" toID="E87" toText="showed" type="OVERLAP" />
<TLINK id="TL317" fromID="E91" fromText="dysmorphic cells" toID="E88" toText="blood" type="OVERLAP" />
<TLINK id="TL318" fromID="E91" fromText="dysmorphic cells" toID="E94" toText="mild protein uria" type="OVERLAP" />
<TLINK id="TL319" fromID="E92" fromText="red cell casts" toID="E94" toText="mild protein uria" type="OVERLAP" />
<TLINK id="TL320" fromID="E93" fromText="1+ albumin" toID="E87" toText="showed" type="OVERLAP" />
<TLINK id="TL321" fromID="E93" fromText="1+ albumin" toID="E88" toText="blood" type="OVERLAP" />
<TLINK id="TL322" fromID="E94" fromText="mild protein uria" toID="E91" toText="dysmorphic cells" type="OVERLAP" />
<TLINK id="TL323" fromID="E94" fromText="mild protein uria" toID="E92" toText="red cell casts" type="OVERLAP" />
<TLINK id="TL324" fromID="T10" fromText="5-2-98" toID="E114" toText="comfort care" type="BEFORE" />
<TLINK id="TL325" fromID="E114" fromText="comfort care" toID="T10" toText="5-2-98" type="AFTER" />
<TLINK id="TL326" fromID="T11" fromText="5-2-98 , at 4:55 p.m." toID="E115" toText="CVVH" type="AFTER" />
<TLINK id="TL327" fromID="T11" fromText="5-2-98 , at 4:55 p.m." toID="E116" toText="the ventilator" type="AFTER" />
<TLINK id="TL328" fromID="T11" fromText="5-2-98 , at 4:55 p.m." toID="E117" toText="removed" type="AFTER" />
<TLINK id="TL329" fromID="E115" fromText="CVVH" toID="T11" toText="5-2-98 , at 4:55 p.m." type="BEFORE" />
<TLINK id="TL330" fromID="E116" fromText="the ventilator" toID="T11" toText="5-2-98 , at 4:55 p.m." type="BEFORE" />
<TLINK id="TL331" fromID="E117" fromText="removed" toID="T11" toText="5-2-98 , at 4:55 p.m." type="BEFORE" />
</TAGS>
</ClinicalNarrativeTemporalAnnotation>
