<?xml version="1.0" encoding="UTF-8" ?>
<ClinicalNarrativeTemporalAnnotation>
<TEXT><![CDATA[
Admission Date :
2019-10-10
Discharge Date :
2019-10-19
Service :
ORTHOPAEDICS
History of Present Illness :
Mr. Steadman is a 25 year old man who was locked out of his apartment and tried to enter by climbing up two stories to get in by a window .
He fell 15-20 feet onto concrete , denies any loss of consiousness .
Brief Hospital Course :
Mr. Steadman is a 25 year old man who presented to the The Hospital for Orthopedics on
2019-10-10 via ambulance after falling 15-20 feet onto concrete .
He was evaluated by the trauma surgery department and the orthopaedic surgery department .
He was intoxicated and tachycardic in the trauma bay .
His injuries were identified as a left elbow disloaction with was reduced and splinted .
Also a left distal radius fracture with was reduced and splinted .
Also a Left non displaced sacral wing fracture and left inferior pubic ramus fx extending the to inferior acetabulum .
He was admitted to the trauma intensive care unit due to his tachycardia which was not resolved with pain medication .
On 2019-10-11 he was started on lopressor for his tachycardia which had good effect .
He was then transfered to the floor in the care of the orthopaedic surgery service .
Also on 2019-10-11 he was taken to the operating room for an ORIF of his left distal radius fracture .
His pelvis fracture are closed treated and he can be weight bearing as tolerated on his right leg and and nonweight bearing on his left leg .
He tolerated the procedure without difficulty .
He begain to work with physical therapy to improve his strenght and mobility .
His heart rate continued to be well controlled with his lopressor .
Throught the stay his labs remained normal and his pain controlled .
He was discharged home in stable conditions .
He was instructed to follow up with Dr. Conway in 2 weeks and an appointment was made on 11-15 for him at the Louis Schubert Community Health Center to follow his heart rate and continued need for lopressor .
]]></TEXT>
<TAGS>
<EVENT id="E0" start="1" end="10" text="Admission" modality="FACTUAL" polarity="POS" type="OCCURRENCE" />
<EVENT id="E1" start="29" end="38" text="Discharge" modality="FACTUAL" polarity="POS" type="OCCURRENCE" />
<EVENT id="E2" start="201" end="212" text="climbing up" modality="FACTUAL" polarity="POS" type="OCCURRENCE" />
<EVENT id="E3" start="284" end="290" text="denies" modality="FACTUAL" polarity="POS" type="EVIDENTIAL" />
<EVENT id="E4" start="295" end="315" text="loss of consiousness" modality="FACTUAL" polarity="NEG" type="PROBLEM" />
<EVENT id="E5" start="380" end="389" text="presented" modality="FACTUAL" polarity="POS" type="OCCURRENCE" />
<EVENT id="E6" start="393" end="425" text="the The Hospital for Orthopedics" modality="FACTUAL" polarity="POS" type="CLINICAL_DEPT" />
<EVENT id="E7" start="444" end="453" text="ambulance" modality="FACTUAL" polarity="POS" type="OCCURRENCE" />
<EVENT id="E8" start="460" end="467" text="falling" modality="FACTUAL" polarity="POS" type="PROBLEM" />
<EVENT id="E9" start="502" end="511" text="evaluated" modality="FACTUAL" polarity="POS" type="TEST" />
<EVENT id="E10" start="515" end="544" text="the trauma surgery department" modality="FACTUAL" polarity="POS" type="CLINICAL_DEPT" />
<EVENT id="E11" start="549" end="583" text="the orthopaedic surgery department" modality="FACTUAL" polarity="POS" type="CLINICAL_DEPT" />
<EVENT id="E12" start="609" end="620" text="tachycardic" modality="FACTUAL" polarity="POS" type="PROBLEM" />
<EVENT id="E13" start="624" end="638" text="the trauma bay" modality="FACTUAL" polarity="POS" type="CLINICAL_DEPT" />
<EVENT id="E14" start="641" end="653" text="His injuries" modality="FACTUAL" polarity="POS" type="PROBLEM" />
<EVENT id="E15" start="673" end="697" text="a left elbow disloaction" modality="FACTUAL" polarity="POS" type="PROBLEM" />
<EVENT id="E16" start="707" end="714" text="reduced" modality="FACTUAL" polarity="POS" type="TREATMENT" />
<EVENT id="E17" start="735" end="764" text="a left distal radius fracture" modality="FACTUAL" polarity="POS" type="PROBLEM" />
<EVENT id="E18" start="774" end="781" text="reduced" modality="FACTUAL" polarity="POS" type="TREATMENT" />
<EVENT id="E19" start="802" end="843" text="a Left non displaced sacral wing fracture" modality="FACTUAL" polarity="POS" type="PROBLEM" />
<EVENT id="E20" start="848" end="876" text="left inferior pubic ramus fx" modality="FACTUAL" polarity="POS" type="PROBLEM" />
<EVENT id="E21" start="923" end="931" text="admitted" modality="FACTUAL" polarity="POS" type="OCCURRENCE" />
<EVENT id="E22" start="935" end="965" text="the trauma intensive care unit" modality="FACTUAL" polarity="POS" type="CLINICAL_DEPT" />
<EVENT id="E23" start="973" end="988" text="his tachycardia" modality="FACTUAL" polarity="POS" type="PROBLEM" />
<EVENT id="E24" start="1017" end="1032" text="pain medication" modality="FACTUAL" polarity="NEG" type="TREATMENT" />
<EVENT id="E25" start="1067" end="1076" text="lopressor" modality="FACTUAL" polarity="POS" type="TREATMENT" />
<EVENT id="E26" start="1081" end="1096" text="his tachycardia" modality="FACTUAL" polarity="POS" type="PROBLEM" />
<EVENT id="E27" start="1107" end="1118" text="good effect" modality="FACTUAL" polarity="POS" type="OCCURRENCE" />
<EVENT id="E28" start="1133" end="1143" text="transfered" modality="FACTUAL" polarity="POS" type="OCCURRENCE" />
<EVENT id="E29" start="1147" end="1156" text="the floor" modality="FACTUAL" polarity="POS" type="CLINICAL_DEPT" />
<EVENT id="E30" start="1241" end="1259" text="the operating room" modality="FACTUAL" polarity="POS" type="CLINICAL_DEPT" />
<EVENT id="E31" start="1264" end="1271" text="an ORIF" modality="FACTUAL" polarity="POS" type="TREATMENT" />
<EVENT id="E32" start="1275" end="1306" text="his left distal radius fracture" modality="FACTUAL" polarity="POS" type="PROBLEM" />
<EVENT id="E33" start="1309" end="1328" text="His pelvis fracture" modality="FACTUAL" polarity="POS" type="PROBLEM" />
<EVENT id="E34" start="1362" end="1376" text="weight bearing" modality="FACTUAL" polarity="POS" type="OCCURRENCE" />
<EVENT id="E35" start="1380" end="1389" text="tolerated" modality="FACTUAL" polarity="POS" type="OCCURRENCE" />
<EVENT id="E36" start="1464" end="1477" text="the procedure" modality="FACTUAL" polarity="NEG" type="TREATMENT" />
<EVENT id="E37" start="1486" end="1496" text="difficulty" modality="FACTUAL" polarity="NEG" type="PROBLEM" />
<EVENT id="E38" start="1522" end="1538" text="physical therapy" modality="FACTUAL" polarity="POS" type="CLINICAL_DEPT" />
<EVENT id="E39" start="1578" end="1592" text="His heart rate" modality="FACTUAL" polarity="POS" type="TEST" />
<EVENT id="E40" start="1609" end="1624" text="well controlled" modality="FACTUAL" polarity="POS" type="OCCURRENCE" />
<EVENT id="E41" start="1630" end="1643" text="his lopressor" modality="FACTUAL" polarity="POS" type="TREATMENT" />
<EVENT id="E42" start="1664" end="1672" text="his labs" modality="FACTUAL" polarity="POS" type="TEST" />
<EVENT id="E43" start="1693" end="1701" text="his pain" modality="FACTUAL" polarity="POS" type="PROBLEM" />
<EVENT id="E44" start="1722" end="1732" text="discharged" modality="FACTUAL" polarity="POS" type="OCCURRENCE" />
<EVENT id="E45" start="1741" end="1758" text="stable conditions" modality="FACTUAL" polarity="POS" type="OCCURRENCE" />
<EVENT id="E46" start="1782" end="1791" text="follow up" modality="PROPOSED" polarity="POS" type="OCCURRENCE" />
<EVENT id="E47" start="1867" end="1909" text="the Louis Schubert Community Health Center" modality="FACTUAL" polarity="POS" type="CLINICAL_DEPT" />
<EVENT id="E48" start="1920" end="1934" text="his heart rate" modality="PROPOSED" polarity="POS" type="TEST" />
<EVENT id="E49" start="1958" end="1967" text="lopressor" modality="PROPOSED" polarity="POS" type="TREATMENT" />
<TIMEX3 id="T0" start="18" end="28" text="2019-10-10" type="DATE" val="2019-10-10" mod="NA" />
<TIMEX3 id="T1" start="46" end="56" text="2019-10-19" type="DATE" val="2019-10-19" mod="NA" />
<TIMEX3 id="T2" start="429" end="439" text="2019-10-10" type="DATE" val="2019-10-10" mod="NA" />
<TIMEX3 id="T3" start="1038" end="1048" text="2019-10-11" type="DATE" val="2019-10-11" mod="NA" />
<TIMEX3 id="T4" start="1214" end="1224" text="2019-10-11" type="DATE" val="2019-10-11" mod="NA" />
<TIMEX3 id="T5" start="1811" end="1818" text="2 weeks" type="DURATION" val="P2W" mod="NA" />
<TIMEX3 id="T6" start="1850" end="1855" text="11-15" type="DATE" val="2019-11-15" mod="NA" />
<TLINK id="TL0" fromID="E3" fromText="denies" toID="E4" toText="loss of consiousness" type="AFTER" />
<TLINK id="TL1" fromID="E4" fromText="loss of consiousness" toID="E3" toText="denies" type="BEFORE" />
<TLINK id="TL2" fromID="E5" fromText="presented" toID="E6" toText="the The Hospital for Orthopedics" type="BEFORE" />
<TLINK id="TL3" fromID="E6" fromText="the The Hospital for Orthopedics" toID="E5" toText="presented" type="AFTER" />
<TLINK id="TL4" fromID="E7" fromText="ambulance" toID="E8" toText="falling" type="AFTER" />
<TLINK id="TL5" fromID="E8" fromText="falling" toID="E7" toText="ambulance" type="BEFORE" />
<TLINK id="TL6" fromID="E9" fromText="evaluated" toID="E10" toText="the trauma surgery department" type="OVERLAP" />
<TLINK id="TL7" fromID="E10" fromText="the trauma surgery department" toID="E9" toText="evaluated" type="OVERLAP" />
<TLINK id="TL8" fromID="E12" fromText="tachycardic" toID="E13" toText="the trauma bay" type="OVERLAP" />
<TLINK id="TL9" fromID="E13" fromText="the trauma bay" toID="E12" toText="tachycardic" type="OVERLAP" />
<TLINK id="TL10" fromID="E14" fromText="His injuries" toID="E15" toText="a left elbow disloaction" type="OVERLAP" />
<TLINK id="TL11" fromID="E15" fromText="a left elbow disloaction" toID="E14" toText="His injuries" type="OVERLAP" />
<TLINK id="TL12" fromID="E15" fromText="a left elbow disloaction" toID="E16" toText="reduced" type="OVERLAP" />
<TLINK id="TL13" fromID="E16" fromText="reduced" toID="E15" toText="a left elbow disloaction" type="OVERLAP" />
<TLINK id="TL14" fromID="E17" fromText="a left distal radius fracture" toID="E18" toText="reduced" type="OVERLAP" />
<TLINK id="TL15" fromID="E18" fromText="reduced" toID="E17" toText="a left distal radius fracture" type="OVERLAP" />
<TLINK id="TL16" fromID="E19" fromText="a Left non displaced sacral wing fracture" toID="E20" toText="left inferior pubic ramus fx" type="OVERLAP" />
<TLINK id="TL17" fromID="E20" fromText="left inferior pubic ramus fx" toID="E19" toText="a Left non displaced sacral wing fracture" type="OVERLAP" />
<TLINK id="TL18" fromID="E21" fromText="admitted" toID="E22" toText="the trauma intensive care unit" type="BEFORE" />
<TLINK id="TL19" fromID="E22" fromText="the trauma intensive care unit" toID="E21" toText="admitted" type="AFTER" />
<TLINK id="TL20" fromID="E25" fromText="lopressor" toID="E26" toText="his tachycardia" type="AFTER" />
<TLINK id="TL21" fromID="E26" fromText="his tachycardia" toID="E25" toText="lopressor" type="BEFORE" />
<TLINK id="TL22" fromID="E26" fromText="his tachycardia" toID="E27" toText="good effect" type="OVERLAP" />
<TLINK id="TL23" fromID="E27" fromText="good effect" toID="E26" toText="his tachycardia" type="OVERLAP" />
<TLINK id="TL24" fromID="E28" fromText="transfered" toID="E29" toText="the floor" type="BEFORE" />
<TLINK id="TL25" fromID="E29" fromText="the floor" toID="E28" toText="transfered" type="AFTER" />
<TLINK id="TL26" fromID="E30" fromText="the operating room" toID="E31" toText="an ORIF" type="OVERLAP" />
<TLINK id="TL27" fromID="E31" fromText="an ORIF" toID="E30" toText="the operating room" type="OVERLAP" />
<TLINK id="TL28" fromID="E31" fromText="an ORIF" toID="E32" toText="his left distal radius fracture" type="AFTER" />
<TLINK id="TL29" fromID="E32" fromText="his left distal radius fracture" toID="E31" toText="an ORIF" type="BEFORE" />
<TLINK id="TL30" fromID="E34" fromText="weight bearing" toID="E35" toText="tolerated" type="OVERLAP" />
<TLINK id="TL31" fromID="E35" fromText="tolerated" toID="E34" toText="weight bearing" type="OVERLAP" />
<TLINK id="TL32" fromID="E36" fromText="the procedure" toID="E37" toText="difficulty" type="OVERLAP" />
<TLINK id="TL33" fromID="E37" fromText="difficulty" toID="E36" toText="the procedure" type="OVERLAP" />
<TLINK id="TL34" fromID="E39" fromText="His heart rate" toID="E40" toText="well controlled" type="OVERLAP" />
<TLINK id="TL35" fromID="E40" fromText="well controlled" toID="E39" toText="His heart rate" type="OVERLAP" />
<TLINK id="TL36" fromID="E40" fromText="well controlled" toID="E41" toText="his lopressor" type="OVERLAP" />
<TLINK id="TL37" fromID="E41" fromText="his lopressor" toID="E40" toText="well controlled" type="OVERLAP" />
<TLINK id="TL38" fromID="E44" fromText="discharged" toID="E45" toText="stable conditions" type="AFTER" />
<TLINK id="TL39" fromID="E45" fromText="stable conditions" toID="E44" toText="discharged" type="BEFORE" />
<TLINK id="TL40" fromID="E47" fromText="the Louis Schubert Community Health Center" toID="E48" toText="his heart rate" type="OVERLAP" />
<TLINK id="TL41" fromID="E48" fromText="his heart rate" toID="E47" toText="the Louis Schubert Community Health Center" type="OVERLAP" />
<TLINK id="TL42" fromID="E48" fromText="his heart rate" toID="E49" toText="lopressor" type="OVERLAP" />
<TLINK id="TL43" fromID="E49" fromText="lopressor" toID="E48" toText="his heart rate" type="OVERLAP" />
<TLINK id="TL44" fromID="T2" fromText="2019-10-10" toID="E7" toText="ambulance" type="OVERLAP" />
<TLINK id="TL45" fromID="E7" fromText="ambulance" toID="T2" toText="2019-10-10" type="OVERLAP" />
<TLINK id="TL46" fromID="T3" fromText="2019-10-11" toID="E25" toText="lopressor" type="BEFORE" />
<TLINK id="TL47" fromID="E25" fromText="lopressor" toID="T3" toText="2019-10-11" type="AFTER" />
<TLINK id="TL48" fromID="T4" fromText="2019-10-11" toID="E30" toText="the operating room" type="OVERLAP" />
<TLINK id="TL49" fromID="E30" fromText="the operating room" toID="T4" toText="2019-10-11" type="OVERLAP" />
<TLINK id="TL50" fromID="E46" fromText="follow up" toID="T5" toText="2 weeks" type="AFTER" />
<TLINK id="TL51" fromID="T5" fromText="2 weeks" toID="E46" toText="follow up" type="BEFORE" />
<TLINK id="SECTIME0" fromID="T0" fromText="2019-10-10" toID="E2" toText="climbing up" type="AFTER" />
<TLINK id="SECTIME1" fromID="T0" fromText="2019-10-10" toID="E3" toText="denies" type="OVERLAP" />
<TLINK id="SECTIME2" fromID="T0" fromText="2019-10-10" toID="E4" toText="loss of consiousness" type="AFTER" />
<TLINK id="TL52" fromID="T0" fromText="2019-10-10" toID="T2" toText="2019-10-10" type="OVERLAP" />
<TLINK id="TL53" fromID="T0" fromText="2019-10-10" toID="T3" toText="2019-10-11" type="BEFORE" />
<TLINK id="TL54" fromID="T0" fromText="2019-10-10" toID="T4" toText="2019-10-11" type="BEFORE" />
<TLINK id="TL55" fromID="T0" fromText="2019-10-10" toID="T6" toText="11-15" type="BEFORE" />
<TLINK id="SECTIME3" fromID="T1" fromText="2019-10-19" toID="E5" toText="presented" type="AFTER" />
<TLINK id="SECTIME4" fromID="T1" fromText="2019-10-19" toID="E6" toText="the The Hospital for Orthopedics" type="AFTER" />
<TLINK id="TL56" fromID="T1" fromText="2019-10-19" toID="T2" toText="2019-10-10" type="AFTER" />
<TLINK id="SECTIME5" fromID="T1" fromText="2019-10-19" toID="E7" toText="ambulance" type="AFTER" />
<TLINK id="SECTIME6" fromID="T1" fromText="2019-10-19" toID="E8" toText="falling" type="AFTER" />
<TLINK id="SECTIME7" fromID="T1" fromText="2019-10-19" toID="E9" toText="evaluated" type="AFTER" />
<TLINK id="SECTIME8" fromID="T1" fromText="2019-10-19" toID="E10" toText="the trauma surgery department" type="AFTER" />
<TLINK id="SECTIME9" fromID="T1" fromText="2019-10-19" toID="E11" toText="the orthopaedic surgery department" type="AFTER" />
<TLINK id="SECTIME10" fromID="T1" fromText="2019-10-19" toID="E12" toText="tachycardic" type="AFTER" />
<TLINK id="SECTIME11" fromID="T1" fromText="2019-10-19" toID="E13" toText="the trauma bay" type="AFTER" />
<TLINK id="SECTIME12" fromID="T1" fromText="2019-10-19" toID="E14" toText="His injuries" type="AFTER" />
<TLINK id="SECTIME13" fromID="T1" fromText="2019-10-19" toID="E15" toText="a left elbow disloaction" type="AFTER" />
<TLINK id="SECTIME14" fromID="T1" fromText="2019-10-19" toID="E16" toText="reduced" type="AFTER" />
<TLINK id="SECTIME15" fromID="T1" fromText="2019-10-19" toID="E17" toText="a left distal radius fracture" type="AFTER" />
<TLINK id="SECTIME16" fromID="T1" fromText="2019-10-19" toID="E18" toText="reduced" type="AFTER" />
<TLINK id="SECTIME17" fromID="T1" fromText="2019-10-19" toID="E19" toText="a Left non displaced sacral wing fracture" type="AFTER" />
<TLINK id="SECTIME18" fromID="T1" fromText="2019-10-19" toID="E20" toText="left inferior pubic ramus fx" type="AFTER" />
<TLINK id="SECTIME19" fromID="T1" fromText="2019-10-19" toID="E21" toText="admitted" type="AFTER" />
<TLINK id="SECTIME20" fromID="T1" fromText="2019-10-19" toID="E22" toText="the trauma intensive care unit" type="AFTER" />
<TLINK id="SECTIME21" fromID="T1" fromText="2019-10-19" toID="E23" toText="his tachycardia" type="AFTER" />
<TLINK id="SECTIME22" fromID="T1" fromText="2019-10-19" toID="E24" toText="pain medication" type="AFTER" />
<TLINK id="TL57" fromID="T1" fromText="2019-10-19" toID="T3" toText="2019-10-11" type="AFTER" />
<TLINK id="SECTIME23" fromID="T1" fromText="2019-10-19" toID="E25" toText="lopressor" type="AFTER" />
<TLINK id="SECTIME24" fromID="T1" fromText="2019-10-19" toID="E26" toText="his tachycardia" type="AFTER" />
<TLINK id="SECTIME25" fromID="T1" fromText="2019-10-19" toID="E27" toText="good effect" type="AFTER" />
<TLINK id="SECTIME26" fromID="T1" fromText="2019-10-19" toID="E28" toText="transfered" type="AFTER" />
<TLINK id="SECTIME27" fromID="T1" fromText="2019-10-19" toID="E29" toText="the floor" type="AFTER" />
<TLINK id="TL58" fromID="T1" fromText="2019-10-19" toID="T4" toText="2019-10-11" type="AFTER" />
<TLINK id="SECTIME28" fromID="T1" fromText="2019-10-19" toID="E30" toText="the operating room" type="AFTER" />
<TLINK id="SECTIME29" fromID="T1" fromText="2019-10-19" toID="E31" toText="an ORIF" type="AFTER" />
<TLINK id="SECTIME30" fromID="T1" fromText="2019-10-19" toID="E32" toText="his left distal radius fracture" type="AFTER" />
<TLINK id="SECTIME31" fromID="T1" fromText="2019-10-19" toID="E33" toText="His pelvis fracture" type="AFTER" />
<TLINK id="SECTIME32" fromID="T1" fromText="2019-10-19" toID="E34" toText="weight bearing" type="AFTER" />
<TLINK id="SECTIME33" fromID="T1" fromText="2019-10-19" toID="E35" toText="tolerated" type="AFTER" />
<TLINK id="SECTIME34" fromID="T1" fromText="2019-10-19" toID="E36" toText="the procedure" type="AFTER" />
<TLINK id="SECTIME35" fromID="T1" fromText="2019-10-19" toID="E37" toText="difficulty" type="AFTER" />
<TLINK id="SECTIME36" fromID="T1" fromText="2019-10-19" toID="E38" toText="physical therapy" type="AFTER" />
<TLINK id="SECTIME37" fromID="T1" fromText="2019-10-19" toID="E39" toText="His heart rate" type="AFTER" />
<TLINK id="SECTIME38" fromID="T1" fromText="2019-10-19" toID="E40" toText="well controlled" type="AFTER" />
<TLINK id="SECTIME39" fromID="T1" fromText="2019-10-19" toID="E41" toText="his lopressor" type="AFTER" />
<TLINK id="SECTIME40" fromID="T1" fromText="2019-10-19" toID="E42" toText="his labs" type="AFTER" />
<TLINK id="SECTIME41" fromID="T1" fromText="2019-10-19" toID="E43" toText="his pain" type="AFTER" />
<TLINK id="SECTIME42" fromID="T1" fromText="2019-10-19" toID="E44" toText="discharged" type="OVERLAP" />
<TLINK id="SECTIME43" fromID="T1" fromText="2019-10-19" toID="E45" toText="stable conditions" type="AFTER" />
<TLINK id="SECTIME44" fromID="T1" fromText="2019-10-19" toID="E46" toText="follow up" type="BEFORE" />
<TLINK id="TL59" fromID="T1" fromText="2019-10-19" toID="T5" toText="2 weeks" type="BEFORE" />
<TLINK id="TL60" fromID="T1" fromText="2019-10-19" toID="T6" toText="11-15" type="BEFORE" />
<TLINK id="SECTIME45" fromID="T1" fromText="2019-10-19" toID="E47" toText="the Louis Schubert Community Health Center" type="BEFORE" />
<TLINK id="SECTIME46" fromID="T1" fromText="2019-10-19" toID="E48" toText="his heart rate" type="BEFORE" />
<TLINK id="SECTIME47" fromID="T1" fromText="2019-10-19" toID="E49" toText="lopressor" type="BEFORE" />
<TLINK id="TL61" fromID="E5" fromText="presented" toID="E7" toText="ambulance" type="BEFORE" />
<TLINK id="TL62" fromID="E6" fromText="the The Hospital for Orthopedics" toID="E7" toText="ambulance" type="BEFORE" />
<TLINK id="TL63" fromID="E7" fromText="ambulance" toID="E6" toText="the The Hospital for Orthopedics" type="AFTER" />
<TLINK id="TL64" fromID="E7" fromText="ambulance" toID="E9" toText="evaluated" type="OVERLAP" />
<TLINK id="TL65" fromID="E9" fromText="evaluated" toID="E7" toText="ambulance" type="OVERLAP" />
<TLINK id="TL66" fromID="E10" fromText="the trauma surgery department" toID="E13" toText="the trauma bay" type="OVERLAP" />
<TLINK id="TL67" fromID="E11" fromText="the orthopaedic surgery department" toID="E13" toText="the trauma bay" type="OVERLAP" />
<TLINK id="TL68" fromID="E13" fromText="the trauma bay" toID="E10" toText="the trauma surgery department" type="OVERLAP" />
<TLINK id="TL69" fromID="E13" fromText="the trauma bay" toID="E11" toText="the orthopaedic surgery department" type="OVERLAP" />
<TLINK id="TL70" fromID="E16" fromText="reduced" toID="E18" toText="reduced" type="OVERLAP" />
<TLINK id="TL71" fromID="E18" fromText="reduced" toID="E16" toText="reduced" type="OVERLAP" />
<TLINK id="TL72" fromID="E23" fromText="his tachycardia" toID="E26" toText="his tachycardia" type="OVERLAP" />
<TLINK id="TL73" fromID="E26" fromText="his tachycardia" toID="E23" toText="his tachycardia" type="OVERLAP" />
<TLINK id="TL74" fromID="E27" fromText="good effect" toID="E28" toText="transfered" type="BEFORE" />
<TLINK id="TL75" fromID="E29" fromText="the floor" toID="E30" toText="the operating room" type="OVERLAP" />
<TLINK id="TL76" fromID="E30" fromText="the operating room" toID="E29" toText="the floor" type="OVERLAP" />
<TLINK id="TL77" fromID="E30" fromText="the operating room" toID="E34" toText="weight bearing" type="OVERLAP" />
<TLINK id="TL78" fromID="E30" fromText="the operating room" toID="E35" toText="tolerated" type="OVERLAP" />
<TLINK id="TL79" fromID="E33" fromText="His pelvis fracture" toID="E32" toText="his left distal radius fracture" type="OVERLAP" />
<TLINK id="TL80" fromID="E35" fromText="tolerated" toID="E30" toText="the operating room" type="OVERLAP" />
<TLINK id="TL81" fromID="E38" fromText="physical therapy" toID="E39" toText="His heart rate" type="OVERLAP" />
<TLINK id="TL82" fromID="E39" fromText="His heart rate" toID="E38" toText="physical therapy" type="OVERLAP" />
<TLINK id="TL83" fromID="E39" fromText="His heart rate" toID="E42" toText="his labs" type="OVERLAP" />
<TLINK id="TL84" fromID="E42" fromText="his labs" toID="E39" toText="His heart rate" type="OVERLAP" />
<TLINK id="SECTIME48" fromID="E0" fromText="Admission" toID="T0" toText="2019-10-10" type="OVERLAP" />
<TLINK id="SECTIME49" fromID="T0" fromText="2019-10-10" toID="E0" toText="Admission" type="OVERLAP" />
<TLINK id="SECTIME50" fromID="T0" fromText="2019-10-10" toID="E1" toText="Discharge" type="BEFORE" />
<TLINK id="SECTIME51" fromID="E1" fromText="Discharge" toID="T0" toText="2019-10-10" type="AFTER" />
<TLINK id="SECTIME52" fromID="E1" fromText="Discharge" toID="T1" toText="2019-10-19" type="OVERLAP" />
<TLINK id="SECTIME53" fromID="T1" fromText="2019-10-19" toID="E1" toText="Discharge" type="OVERLAP" />
<TLINK id="TL85" fromID="E12" fromText="tachycardic" toID="E23" toText="his tachycardia" type="OVERLAP" />
<TLINK id="TL86" fromID="E12" fromText="tachycardic" toID="E26" toText="his tachycardia" type="OVERLAP" />
<TLINK id="TL87" fromID="E17" fromText="a left distal radius fracture" toID="E32" toText="his left distal radius fracture" type="OVERLAP" />
<TLINK id="TL88" fromID="E20" fromText="left inferior pubic ramus fx" toID="E33" toText="His pelvis fracture" type="OVERLAP" />
<TLINK id="TL89" fromID="E23" fromText="his tachycardia" toID="E12" toText="tachycardic" type="OVERLAP" />
<TLINK id="TL90" fromID="E23" fromText="his tachycardia" toID="E26" toText="his tachycardia" type="OVERLAP" />
<TLINK id="TL91" fromID="E25" fromText="lopressor" toID="E41" toText="his lopressor" type="OVERLAP" />
<TLINK id="TL92" fromID="E25" fromText="lopressor" toID="E49" toText="lopressor" type="OVERLAP" />
<TLINK id="TL93" fromID="E26" fromText="his tachycardia" toID="E12" toText="tachycardic" type="OVERLAP" />
<TLINK id="TL94" fromID="E26" fromText="his tachycardia" toID="E23" toText="his tachycardia" type="OVERLAP" />
<TLINK id="TL95" fromID="E31" fromText="an ORIF" toID="E36" toText="the procedure" type="OVERLAP" />
<TLINK id="TL96" fromID="E32" fromText="his left distal radius fracture" toID="E17" toText="a left distal radius fracture" type="OVERLAP" />
<TLINK id="TL97" fromID="E33" fromText="His pelvis fracture" toID="E20" toText="left inferior pubic ramus fx" type="OVERLAP" />
<TLINK id="TL98" fromID="E36" fromText="the procedure" toID="E31" toText="an ORIF" type="OVERLAP" />
<TLINK id="TL99" fromID="E41" fromText="his lopressor" toID="E25" toText="lopressor" type="OVERLAP" />
<TLINK id="TL100" fromID="E41" fromText="his lopressor" toID="E49" toText="lopressor" type="OVERLAP" />
<TLINK id="TL101" fromID="E49" fromText="lopressor" toID="E25" toText="lopressor" type="OVERLAP" />
<TLINK id="TL102" fromID="E49" fromText="lopressor" toID="E41" toText="his lopressor" type="OVERLAP" />
<TLINK id="TL103" fromID="T2" fromText="2019-10-10" toID="E8" toText="falling" type="AFTER" />
<TLINK id="TL104" fromID="E8" fromText="falling" toID="T2" toText="2019-10-10" type="BEFORE" />
<TLINK id="TL105" fromID="T3" fromText="2019-10-11" toID="E26" toText="his tachycardia" type="AFTER" />
<TLINK id="TL106" fromID="E26" fromText="his tachycardia" toID="T3" toText="2019-10-11" type="BEFORE" />
<TLINK id="TL107" fromID="T4" fromText="2019-10-11" toID="E32" toText="his left distal radius fracture" type="AFTER" />
<TLINK id="TL108" fromID="E32" fromText="his left distal radius fracture" toID="T4" toText="2019-10-11" type="BEFORE" />
<TLINK id="TL109" fromID="T5" fromText="2 weeks" toID="E47" toText="the Louis Schubert Community Health Center" type="BEFORE" />
<TLINK id="TL110" fromID="T5" fromText="2 weeks" toID="E48" toText="his heart rate" type="BEFORE" />
<TLINK id="TL111" fromID="T5" fromText="2 weeks" toID="E49" toText="lopressor" type="BEFORE" />
<TLINK id="TL112" fromID="T6" fromText="11-15" toID="E46" toText="follow up" type="OVERLAP" />
<TLINK id="TL113" fromID="T6" fromText="11-15" toID="E49" toText="lopressor" type="BEFORE" />
<TLINK id="TL114" fromID="E46" fromText="follow up" toID="T6" toText="11-15" type="OVERLAP" />
<TLINK id="TL115" fromID="E47" fromText="the Louis Schubert Community Health Center" toID="T5" toText="2 weeks" type="AFTER" />
<TLINK id="TL116" fromID="E47" fromText="the Louis Schubert Community Health Center" toID="E49" toText="lopressor" type="OVERLAP" />
<TLINK id="TL117" fromID="E48" fromText="his heart rate" toID="T5" toText="2 weeks" type="AFTER" />
<TLINK id="TL118" fromID="E49" fromText="lopressor" toID="T5" toText="2 weeks" type="AFTER" />
<TLINK id="TL119" fromID="E49" fromText="lopressor" toID="T6" toText="11-15" type="AFTER" />
<TLINK id="TL120" fromID="E49" fromText="lopressor" toID="E47" toText="the Louis Schubert Community Health Center" type="OVERLAP" />
</TAGS>
</ClinicalNarrativeTemporalAnnotation>
