<?xml version="1.0" encoding="UTF-8" ?>
<ClinicalNarrativeTemporalAnnotation>
<TEXT><![CDATA[
Admission Date : 
02/03/1992 
Discharge Date : 
02/07/1992 
HISTORY OF PRESENT ILLNESS : 
The patient is a 48-year-old white man who is 20 days status post orthotopic cardiac transplant who was readmitted for sternal wound infection . 
He has insulin dependent diabetes mellitus and a history of a dilated cardiomyopathy . 
He had progressive symptoms of congestive heart failure which led to his evaluation of his cardiac transplant in Jan , of 1992 . 
Preoperatively , he had a severely dilated left ventricle with markedly diminished function . 
His post transplant course was initially complicated by hyperglycemia and seizure on postoperative day number one . 
He was , however , extubted without difficulty and after that did quite well . 
He had a predischarge biopsy . 
He felt well at home without fevers , chills or rigors . 
There were no rashes . 
He had no chest pain or shortness of breath . 
When he was seen on 2/3 in the Transplant Clinic , his incision was noted to be more erythematous . 
He was referred to the Surgical Clinic where the wound was opened and the patient was admitted for intravenous antibiotics . 
HOSPITAL COURSE : 
The patient was admitted and pancultured . 
He was treated with vancomycin and ceftazidime while awaiting wound cultures . 
He had dressing changes twice a day . 
Surgery was consulted and followed him while he was in house . 
Cyclosporin levels were followed and his sugars were followed with a sliding scale . 
During the first two days , he required 14 and 22 units of additional coverage . 
However , by day three he required no additional insulin coverage . 
On the day prior to discharge , his intravenous antibiotics were discontinued and he was begun on tetracycline . 
]]></TEXT>
<TAGS>
<EVENT id="E0" start="1" end="10" text="Admission" modality="FACTUAL" polarity="POS" type="OCCURRENCE" />
<EVENT id="E1" start="31" end="40" text="Discharge" modality="FACTUAL" polarity="POS" type="OCCURRENCE" />
<EVENT id="E2" start="157" end="186" text="orthotopic cardiac transplant" modality="FACTUAL" polarity="POS" type="TREATMENT" />
<EVENT id="E3" start="195" end="205" text="readmitted" modality="FACTUAL" polarity="POS" type="OCCURRENCE" />
<EVENT id="E4" start="210" end="233" text="sternal wound infection" modality="FACTUAL" polarity="POS" type="PROBLEM" />
<EVENT id="E5" start="244" end="279" text="insulin dependent diabetes mellitus" modality="FACTUAL" polarity="POS" type="PROBLEM" />
<EVENT id="E6" start="297" end="321" text="a dilated cardiomyopathy" modality="FACTUAL" polarity="POS" type="PROBLEM" />
<EVENT id="E7" start="356" end="380" text="congestive heart failure" modality="FACTUAL" polarity="POS" type="PROBLEM" />
<EVENT id="E8" start="394" end="408" text="his evaluation" modality="FACTUAL" polarity="POS" type="TEST" />
<EVENT id="E9" start="412" end="434" text="his cardiac transplant" modality="FACTUAL" polarity="POS" type="TREATMENT" />
<EVENT id="E10" start="470" end="471" text="," modality="FACTUAL" polarity="POS" type="OCCURRENCE" />
<EVENT id="E11" start="479" end="512" text="a severely dilated left ventricle" modality="FACTUAL" polarity="POS" type="PROBLEM" />
<EVENT id="E12" start="518" end="546" text="markedly diminished function" modality="FACTUAL" polarity="POS" type="PROBLEM" />
<EVENT id="E13" start="554" end="576" text="post transplant course" modality="FACTUAL" polarity="POS" type="OCCURRENCE" />
<EVENT id="E14" start="606" end="619" text="hyperglycemia" modality="FACTUAL" polarity="POS" type="PROBLEM" />
<EVENT id="E15" start="624" end="631" text="seizure" modality="FACTUAL" polarity="POS" type="PROBLEM" />
<EVENT id="E16" start="686" end="694" text="extubted" modality="FACTUAL" polarity="NEG" type="TREATMENT" />
<EVENT id="E17" start="703" end="713" text="difficulty" modality="FACTUAL" polarity="NEG" type="PROBLEM" />
<EVENT id="E18" start="733" end="743" text="quite well" modality="FACTUAL" polarity="POS" type="OCCURRENCE" />
<EVENT id="E19" start="754" end="775" text="a predischarge biopsy" modality="FACTUAL" polarity="POS" type="TEST" />
<EVENT id="E20" start="795" end="799" text="home" modality="FACTUAL" polarity="NEG" type="OCCURRENCE" />
<EVENT id="E21" start="808" end="814" text="fevers" modality="FACTUAL" polarity="NEG" type="PROBLEM" />
<EVENT id="E22" start="817" end="823" text="chills" modality="FACTUAL" polarity="NEG" type="PROBLEM" />
<EVENT id="E23" start="827" end="833" text="rigors" modality="FACTUAL" polarity="NEG" type="PROBLEM" />
<EVENT id="E24" start="851" end="857" text="rashes" modality="FACTUAL" polarity="NEG" type="PROBLEM" />
<EVENT id="E25" start="871" end="881" text="chest pain" modality="FACTUAL" polarity="NEG" type="PROBLEM" />
<EVENT id="E26" start="885" end="904" text="shortness of breath" modality="FACTUAL" polarity="NEG" type="PROBLEM" />
<EVENT id="E27" start="939" end="958" text="Transplant Clinic ," modality="FACTUAL" polarity="POS" type="CLINICAL_DEPT" />
<EVENT id="E28" start="959" end="971" text="his incision" modality="FACTUAL" polarity="POS" type="PROBLEM" />
<EVENT id="E29" start="976" end="981" text="noted" modality="FACTUAL" polarity="POS" type="EVIDENTIAL" />
<EVENT id="E30" start="988" end="1005" text="more erythematous" modality="FACTUAL" polarity="POS" type="PROBLEM" />
<EVENT id="E31" start="1028" end="1047" text="the Surgical Clinic" modality="FACTUAL" polarity="POS" type="CLINICAL_DEPT" />
<EVENT id="E32" start="1054" end="1063" text="the wound" modality="FACTUAL" polarity="POS" type="PROBLEM" />
<EVENT id="E33" start="1068" end="1074" text="opened" modality="FACTUAL" polarity="POS" type="TREATMENT" />
<EVENT id="E34" start="1095" end="1103" text="admitted" modality="FACTUAL" polarity="POS" type="OCCURRENCE" />
<EVENT id="E35" start="1108" end="1131" text="intravenous antibiotics" modality="FACTUAL" polarity="POS" type="TREATMENT" />
<EVENT id="E36" start="1170" end="1178" text="admitted" modality="FACTUAL" polarity="POS" type="OCCURRENCE" />
<EVENT id="E37" start="1195" end="1196" text="." modality="FACTUAL" polarity="POS" type="TEST" />
<EVENT id="E38" start="1218" end="1228" text="vancomycin" modality="FACTUAL" polarity="POS" type="TREATMENT" />
<EVENT id="E39" start="1233" end="1244" text="ceftazidime" modality="FACTUAL" polarity="POS" type="TREATMENT" />
<EVENT id="E40" start="1260" end="1274" text="wound cultures" modality="FACTUAL" polarity="POS" type="TEST" />
<EVENT id="E41" start="1285" end="1301" text="dressing changes" modality="FACTUAL" polarity="POS" type="TREATMENT" />
<EVENT id="E42" start="1317" end="1324" text="Surgery" modality="FACTUAL" polarity="POS" type="OCCURRENCE" />
<EVENT id="E43" start="1372" end="1379" text="house ." modality="FACTUAL" polarity="POS" type="CLINICAL_DEPT" />
<EVENT id="E44" start="1381" end="1399" text="Cyclosporin levels" modality="FACTUAL" polarity="POS" type="TEST" />
<EVENT id="E45" start="1418" end="1428" text="his sugars" modality="FACTUAL" polarity="POS" type="TEST" />
<EVENT id="E46" start="1448" end="1463" text="a sliding scale" modality="FACTUAL" polarity="POS" type="TREATMENT" />
<EVENT id="E47" start="1507" end="1545" text="14 and 22 units of additional coverage" modality="FACTUAL" polarity="POS" type="TREATMENT" />
<EVENT id="E48" start="1587" end="1614" text="additional insulin coverage" modality="FACTUAL" polarity="NEG" type="TREATMENT" />
<EVENT id="E49" start="1648" end="1649" text="," modality="FACTUAL" polarity="POS" type="OCCURRENCE" />
<EVENT id="E50" start="1650" end="1677" text="his intravenous antibiotics" modality="FACTUAL" polarity="NEG" type="TREATMENT" />
<EVENT id="E51" start="1716" end="1728" text="tetracycline" modality="FACTUAL" polarity="POS" type="TREATMENT" />
<TIMEX3 id="T0" start="19" end="29" text="02/03/1992" type="DATE" val="1992-02-03" mod="NA" />
<TIMEX3 id="T1" start="49" end="59" text="02/07/1992" type="DATE" val="1992-02-07" mod="NA" />
<TIMEX3 id="T2" start="137" end="144" text="20 days" type="DURATION" val="P20D" mod="NA" />
<TIMEX3 id="T3" start="438" end="451" text="Jan , of 1992" type="DATE" val="1992-01" mod="NA" />
<TIMEX3 id="T4" start="635" end="663" text="postoperative day number one" type="DATE" val="1992-02-03" mod="NA" />
<TIMEX3 id="T5" start="928" end="931" text="2/3" type="DATE" val="1992-02-03" mod="NA" />
<TIMEX3 id="T6" start="1302" end="1313" text="twice a day" type="FREQUENCY" val="RP0.5D" mod="NA" />
<TIMEX3 id="T7" start="1484" end="1492" text="two days" type="DURATION" val="P2D" mod="NA" />
<TIMEX3 id="T8" start="1562" end="1571" text="day three" type="DATE" val="1992-02-05" mod="NA" />
<TIMEX3 id="T9" start="1621" end="1628" text="the day" type="DATE" val="1992-02-06" mod="NA" />
<TLINK id="TL0" fromID="E3" fromText="readmitted" toID="E4" toText="sternal wound infection" type="AFTER" />
<TLINK id="TL1" fromID="E4" fromText="sternal wound infection" toID="E3" toText="readmitted" type="BEFORE" />
<TLINK id="TL2" fromID="E7" fromText="congestive heart failure" toID="E8" toText="his evaluation" type="BEFORE" />
<TLINK id="TL3" fromID="E8" fromText="his evaluation" toID="E7" toText="congestive heart failure" type="AFTER" />
<TLINK id="TL4" fromID="E8" fromText="his evaluation" toID="E9" toText="his cardiac transplant" type="AFTER" />
<TLINK id="TL5" fromID="E9" fromText="his cardiac transplant" toID="E8" toText="his evaluation" type="BEFORE" />
<TLINK id="TL6" fromID="E10" fromText="," toID="E11" toText="a severely dilated left ventricle" type="OVERLAP" />
<TLINK id="TL7" fromID="E11" fromText="a severely dilated left ventricle" toID="E10" toText="," type="OVERLAP" />
<TLINK id="TL8" fromID="E11" fromText="a severely dilated left ventricle" toID="E12" toText="markedly diminished function" type="OVERLAP" />
<TLINK id="TL9" fromID="E12" fromText="markedly diminished function" toID="E11" toText="a severely dilated left ventricle" type="OVERLAP" />
<TLINK id="TL10" fromID="E13" fromText="post transplant course" toID="E14" toText="hyperglycemia" type="OVERLAP" />
<TLINK id="TL11" fromID="E14" fromText="hyperglycemia" toID="E13" toText="post transplant course" type="OVERLAP" />
<TLINK id="TL12" fromID="E14" fromText="hyperglycemia" toID="E15" toText="seizure" type="OVERLAP" />
<TLINK id="TL13" fromID="E15" fromText="seizure" toID="E14" toText="hyperglycemia" type="OVERLAP" />
<TLINK id="TL14" fromID="E16" fromText="extubted" toID="E17" toText="difficulty" type="OVERLAP" />
<TLINK id="TL15" fromID="E17" fromText="difficulty" toID="E16" toText="extubted" type="OVERLAP" />
<TLINK id="TL16" fromID="E20" fromText="home" toID="E21" toText="fevers" type="OVERLAP" />
<TLINK id="TL17" fromID="E21" fromText="fevers" toID="E20" toText="home" type="OVERLAP" />
<TLINK id="TL18" fromID="E21" fromText="fevers" toID="E22" toText="chills" type="OVERLAP" />
<TLINK id="TL19" fromID="E22" fromText="chills" toID="E21" toText="fevers" type="OVERLAP" />
<TLINK id="TL20" fromID="E22" fromText="chills" toID="E23" toText="rigors" type="OVERLAP" />
<TLINK id="TL21" fromID="E23" fromText="rigors" toID="E22" toText="chills" type="OVERLAP" />
<TLINK id="TL22" fromID="E25" fromText="chest pain" toID="E26" toText="shortness of breath" type="OVERLAP" />
<TLINK id="TL23" fromID="E26" fromText="shortness of breath" toID="E25" toText="chest pain" type="OVERLAP" />
<TLINK id="TL24" fromID="E31" fromText="the Surgical Clinic" toID="E32" toText="the wound" type="OVERLAP" />
<TLINK id="TL25" fromID="E32" fromText="the wound" toID="E31" toText="the Surgical Clinic" type="OVERLAP" />
<TLINK id="TL26" fromID="E32" fromText="the wound" toID="E33" toText="opened" type="OVERLAP" />
<TLINK id="TL27" fromID="E33" fromText="opened" toID="E32" toText="the wound" type="OVERLAP" />
<TLINK id="TL28" fromID="E34" fromText="admitted" toID="E35" toText="intravenous antibiotics" type="BEFORE" />
<TLINK id="TL29" fromID="E35" fromText="intravenous antibiotics" toID="E34" toText="admitted" type="AFTER" />
<TLINK id="TL30" fromID="E36" fromText="admitted" toID="E37" toText="." type="OVERLAP" />
<TLINK id="TL31" fromID="E37" fromText="." toID="E36" toText="admitted" type="OVERLAP" />
<TLINK id="TL32" fromID="E38" fromText="vancomycin" toID="E39" toText="ceftazidime" type="OVERLAP" />
<TLINK id="TL33" fromID="E39" fromText="ceftazidime" toID="E38" toText="vancomycin" type="OVERLAP" />
<TLINK id="TL34" fromID="E39" fromText="ceftazidime" toID="E40" toText="wound cultures" type="OVERLAP" />
<TLINK id="TL35" fromID="E40" fromText="wound cultures" toID="E39" toText="ceftazidime" type="OVERLAP" />
<TLINK id="TL36" fromID="E42" fromText="Surgery" toID="E43" toText="house ." type="OVERLAP" />
<TLINK id="TL37" fromID="E43" fromText="house ." toID="E42" toText="Surgery" type="OVERLAP" />
<TLINK id="TL38" fromID="E44" fromText="Cyclosporin levels" toID="E45" toText="his sugars" type="OVERLAP" />
<TLINK id="TL39" fromID="E45" fromText="his sugars" toID="E44" toText="Cyclosporin levels" type="OVERLAP" />
<TLINK id="TL40" fromID="E45" fromText="his sugars" toID="E46" toText="a sliding scale" type="OVERLAP" />
<TLINK id="TL41" fromID="E46" fromText="a sliding scale" toID="E45" toText="his sugars" type="OVERLAP" />
<TLINK id="TL42" fromID="T2" fromText="20 days" toID="E2" toText="orthotopic cardiac transplant" type="AFTER" />
<TLINK id="TL43" fromID="E2" fromText="orthotopic cardiac transplant" toID="T2" toText="20 days" type="BEFORE" />
<TLINK id="TL44" fromID="T5" fromText="2/3" toID="E27" toText="Transplant Clinic ," type="OVERLAP" />
<TLINK id="TL45" fromID="T5" fromText="2/3" toID="E28" toText="his incision" type="AFTER" />
<TLINK id="TL46" fromID="E27" fromText="Transplant Clinic ," toID="T5" toText="2/3" type="OVERLAP" />
<TLINK id="TL47" fromID="E28" fromText="his incision" toID="T5" toText="2/3" type="BEFORE" />
<TLINK id="TL48" fromID="E41" fromText="dressing changes" toID="T6" toText="twice a day" type="OVERLAP" />
<TLINK id="TL49" fromID="T6" fromText="twice a day" toID="E41" toText="dressing changes" type="OVERLAP" />
<TLINK id="TL50" fromID="T7" fromText="two days" toID="E47" toText="14 and 22 units of additional coverage" type="OVERLAP" />
<TLINK id="TL51" fromID="E47" fromText="14 and 22 units of additional coverage" toID="T7" toText="two days" type="OVERLAP" />
<TLINK id="TL52" fromID="T8" fromText="day three" toID="E48" toText="additional insulin coverage" type="AFTER" />
<TLINK id="TL53" fromID="E48" fromText="additional insulin coverage" toID="T8" toText="day three" type="BEFORE" />
<TLINK id="TL54" fromID="T9" fromText="the day" toID="E49" toText="," type="OVERLAP" />
<TLINK id="TL55" fromID="T9" fromText="the day" toID="E50" toText="his intravenous antibiotics" type="AFTER" />
<TLINK id="TL56" fromID="T9" fromText="the day" toID="E51" toText="tetracycline" type="BEFORE" />
<TLINK id="TL57" fromID="E49" fromText="," toID="T9" toText="the day" type="OVERLAP" />
<TLINK id="TL58" fromID="E50" fromText="his intravenous antibiotics" toID="T9" toText="the day" type="BEFORE" />
<TLINK id="TL59" fromID="E51" fromText="tetracycline" toID="T9" toText="the day" type="AFTER" />
<TLINK id="SECTIME0" fromID="T0" fromText="02/03/1992" toID="E2" toText="orthotopic cardiac transplant" type="AFTER" />
<TLINK id="SECTIME1" fromID="T0" fromText="02/03/1992" toID="E3" toText="readmitted" type="OVERLAP" />
<TLINK id="SECTIME2" fromID="T0" fromText="02/03/1992" toID="E4" toText="sternal wound infection" type="AFTER" />
<TLINK id="SECTIME3" fromID="T0" fromText="02/03/1992" toID="E5" toText="insulin dependent diabetes mellitus" type="AFTER" />
<TLINK id="SECTIME4" fromID="T0" fromText="02/03/1992" toID="E6" toText="a dilated cardiomyopathy" type="AFTER" />
<TLINK id="SECTIME5" fromID="T0" fromText="02/03/1992" toID="E7" toText="congestive heart failure" type="AFTER" />
<TLINK id="SECTIME6" fromID="T0" fromText="02/03/1992" toID="E8" toText="his evaluation" type="AFTER" />
<TLINK id="SECTIME7" fromID="T0" fromText="02/03/1992" toID="E9" toText="his cardiac transplant" type="AFTER" />
<TLINK id="TL60" fromID="T0" fromText="02/03/1992" toID="T3" toText="Jan , of 1992" type="AFTER" />
<TLINK id="SECTIME8" fromID="T0" fromText="02/03/1992" toID="E11" toText="a severely dilated left ventricle" type="AFTER" />
<TLINK id="SECTIME9" fromID="T0" fromText="02/03/1992" toID="E12" toText="markedly diminished function" type="AFTER" />
<TLINK id="TL61" fromID="T0" fromText="02/03/1992" toID="T4" toText="postoperative day number one" type="OVERLAP" />
<TLINK id="SECTIME10" fromID="T0" fromText="02/03/1992" toID="E19" toText="a predischarge biopsy" type="OVERLAP" />
<TLINK id="SECTIME11" fromID="T0" fromText="02/03/1992" toID="E20" toText="home" type="AFTER" />
<TLINK id="SECTIME12" fromID="T0" fromText="02/03/1992" toID="E21" toText="fevers" type="AFTER" />
<TLINK id="SECTIME13" fromID="T0" fromText="02/03/1992" toID="E22" toText="chills" type="AFTER" />
<TLINK id="SECTIME14" fromID="T0" fromText="02/03/1992" toID="E23" toText="rigors" type="AFTER" />
<TLINK id="SECTIME15" fromID="T0" fromText="02/03/1992" toID="E24" toText="rashes" type="AFTER" />
<TLINK id="SECTIME16" fromID="T0" fromText="02/03/1992" toID="E25" toText="chest pain" type="AFTER" />
<TLINK id="SECTIME17" fromID="T0" fromText="02/03/1992" toID="E26" toText="shortness of breath" type="AFTER" />
<TLINK id="TL62" fromID="T0" fromText="02/03/1992" toID="T5" toText="2/3" type="OVERLAP" />
<TLINK id="SECTIME18" fromID="T0" fromText="02/03/1992" toID="E28" toText="his incision" type="AFTER" />
<TLINK id="SECTIME19" fromID="T0" fromText="02/03/1992" toID="E30" toText="more erythematous" type="AFTER" />
<TLINK id="TL63" fromID="T0" fromText="02/03/1992" toID="T8" toText="day three" type="BEFORE" />
<TLINK id="TL64" fromID="T0" fromText="02/03/1992" toID="T9" toText="the day" type="BEFORE" />
<TLINK id="TL65" fromID="T1" fromText="02/07/1992" toID="T3" toText="Jan , of 1992" type="AFTER" />
<TLINK id="TL66" fromID="T1" fromText="02/07/1992" toID="T4" toText="postoperative day number one" type="AFTER" />
<TLINK id="TL67" fromID="T1" fromText="02/07/1992" toID="T5" toText="2/3" type="AFTER" />
<TLINK id="SECTIME20" fromID="T1" fromText="02/07/1992" toID="E36" toText="admitted" type="AFTER" />
<TLINK id="SECTIME21" fromID="T1" fromText="02/07/1992" toID="E37" toText="." type="AFTER" />
<TLINK id="SECTIME22" fromID="T1" fromText="02/07/1992" toID="E38" toText="vancomycin" type="AFTER" />
<TLINK id="SECTIME23" fromID="T1" fromText="02/07/1992" toID="E39" toText="ceftazidime" type="AFTER" />
<TLINK id="SECTIME24" fromID="T1" fromText="02/07/1992" toID="E40" toText="wound cultures" type="AFTER" />
<TLINK id="SECTIME25" fromID="T1" fromText="02/07/1992" toID="E41" toText="dressing changes" type="AFTER" />
<TLINK id="SECTIME26" fromID="T1" fromText="02/07/1992" toID="E42" toText="Surgery" type="AFTER" />
<TLINK id="SECTIME27" fromID="T1" fromText="02/07/1992" toID="E43" toText="house ." type="AFTER" />
<TLINK id="SECTIME28" fromID="T1" fromText="02/07/1992" toID="E44" toText="Cyclosporin levels" type="AFTER" />
<TLINK id="SECTIME29" fromID="T1" fromText="02/07/1992" toID="E45" toText="his sugars" type="AFTER" />
<TLINK id="SECTIME30" fromID="T1" fromText="02/07/1992" toID="E46" toText="a sliding scale" type="AFTER" />
<TLINK id="SECTIME31" fromID="T1" fromText="02/07/1992" toID="E47" toText="14 and 22 units of additional coverage" type="AFTER" />
<TLINK id="TL68" fromID="T1" fromText="02/07/1992" toID="T8" toText="day three" type="AFTER" />
<TLINK id="SECTIME32" fromID="T1" fromText="02/07/1992" toID="E48" toText="additional insulin coverage" type="AFTER" />
<TLINK id="TL69" fromID="T1" fromText="02/07/1992" toID="T9" toText="the day" type="AFTER" />
<TLINK id="SECTIME33" fromID="T1" fromText="02/07/1992" toID="E49" toText="," type="AFTER" />
<TLINK id="SECTIME34" fromID="T1" fromText="02/07/1992" toID="E50" toText="his intravenous antibiotics" type="AFTER" />
<TLINK id="SECTIME35" fromID="T1" fromText="02/07/1992" toID="E51" toText="tetracycline" type="AFTER" />
<TLINK id="TL70" fromID="E13" fromText="post transplant course" toID="E18" toText="quite well" type="BEFORE" />
<TLINK id="TL71" fromID="E14" fromText="hyperglycemia" toID="E18" toText="quite well" type="BEFORE" />
<TLINK id="TL72" fromID="E15" fromText="seizure" toID="E18" toText="quite well" type="BEFORE" />
<TLINK id="TL73" fromID="E17" fromText="difficulty" toID="E14" toText="hyperglycemia" type="OVERLAP" />
<TLINK id="TL74" fromID="E17" fromText="difficulty" toID="E15" toText="seizure" type="OVERLAP" />
<TLINK id="TL75" fromID="E18" fromText="quite well" toID="E13" toText="post transplant course" type="OVERLAP" />
<TLINK id="TL76" fromID="E18" fromText="quite well" toID="E14" toText="hyperglycemia" type="AFTER" />
<TLINK id="TL77" fromID="E18" fromText="quite well" toID="E15" toText="seizure" type="AFTER" />
<TLINK id="TL78" fromID="E18" fromText="quite well" toID="E19" toText="a predischarge biopsy" type="OVERLAP" />
<TLINK id="TL79" fromID="E21" fromText="fevers" toID="E24" toText="rashes" type="OVERLAP" />
<TLINK id="TL80" fromID="E28" fromText="his incision" toID="E32" toText="the wound" type="OVERLAP" />
<TLINK id="TL81" fromID="E32" fromText="the wound" toID="E28" toText="his incision" type="OVERLAP" />
<TLINK id="TL82" fromID="E36" fromText="admitted" toID="E38" toText="vancomycin" type="BEFORE" />
<TLINK id="TL83" fromID="E36" fromText="admitted" toID="E39" toText="ceftazidime" type="BEFORE" />
<TLINK id="TL84" fromID="E37" fromText="." toID="E38" toText="vancomycin" type="BEFORE" />
<TLINK id="TL85" fromID="E37" fromText="." toID="E39" toText="ceftazidime" type="BEFORE" />
<TLINK id="TL86" fromID="E37" fromText="." toID="E40" toText="wound cultures" type="OVERLAP" />
<TLINK id="TL87" fromID="E40" fromText="wound cultures" toID="E37" toText="." type="AFTER" />
<TLINK id="SECTIME36" fromID="E0" fromText="Admission" toID="T0" toText="02/03/1992" type="OVERLAP" />
<TLINK id="SECTIME37" fromID="T0" fromText="02/03/1992" toID="E0" toText="Admission" type="OVERLAP" />
<TLINK id="SECTIME38" fromID="T0" fromText="02/03/1992" toID="E1" toText="Discharge" type="BEFORE" />
<TLINK id="SECTIME39" fromID="E1" fromText="Discharge" toID="T0" toText="02/03/1992" type="AFTER" />
<TLINK id="SECTIME40" fromID="E1" fromText="Discharge" toID="T1" toText="02/07/1992" type="OVERLAP" />
<TLINK id="SECTIME41" fromID="T1" fromText="02/07/1992" toID="E1" toText="Discharge" type="OVERLAP" />
<TLINK id="TL88" fromID="E28" fromText="his incision" toID="E32" toText="the wound" type="OVERLAP" />
<TLINK id="TL89" fromID="E32" fromText="the wound" toID="E28" toText="his incision" type="OVERLAP" />
<TLINK id="TL90" fromID="E35" fromText="intravenous antibiotics" toID="E50" toText="his intravenous antibiotics" type="OVERLAP" />
<TLINK id="TL91" fromID="E50" fromText="his intravenous antibiotics" toID="E35" toText="intravenous antibiotics" type="OVERLAP" />
</TAGS>
</ClinicalNarrativeTemporalAnnotation>
