<?xml version="1.0" encoding="UTF-8" ?>
<ClinicalNarrativeTemporalAnnotation>
<TEXT><![CDATA[
Admission Date :
2015-07-12
Discharge Date :
2015-07-19
Service :
HISTORY OF PRESENT ILLNESS :
HISTORY OF PRESENT ILLNESS :
The patient is a 48 - year-old woman who was transferred from Shaugnessy-Kaplan Rehab Hospital .
The patient originally presented to her PCP approximately one week prior to admission here with increasing cough , dyspnea and fatigue .
She was given a Z-Pak for treatment along with albuterol .
Despite this , she continued to worsen and became febrile .
So , she was admitted to Shaugnessy-Kaplan Rehab Hospital on 2015-07-10 .
At the hospital , she was started on Rocephin and Levaquin for a right lower lobe pneumonia seen on chest x-ray .
She continued to have increasing respiratory distress with hypoxia .
She was also significantly tachypneic .
At this time , repeat chest x-ray showed bilateral diffuse infiltrates consistent with ARDS .
The patient was intubated and then transferred to Hahnemann General Hospital CMED .
SUMMARY OF HOSPITAL COURSE :
Respiratory :
On admission , the patient had what appeared to be acute respiratory distress syndrome secondary to community - acquired pneumonia .
She was maintained on a ventilator and ventilated according to ARDSNet protocol .
For antibiotic coverage of her pneumonia , she was started on Levaquin , ceftriaxone , and vancomycin .
Over the next two days after admission , the patient 's vent settings were gradually weaned , and she was extubated two days after being transferred to this hospital .
After extubation , the patient was oxygenating well on face mask .
She did continue to have a persistent fairly severe cough ; however , her cough was weak due to abdominal muscle pain from repeated coughing .
The cough was mostly nonproductive .
The patient was breathing comfortably .
As there was no identified bacterial pathogen on any cultures , the patient was continued on the triple antibiotics for first several days of the hospitalization .
She was also on round-the-clock Atrovent and albuterol nebulizers .
Once the patient was transferred out of the ICU and after extubation , the antibiotics were gradually narrowed .
The vancomycin and Levaquin were discontinued after approximately four days in the hospital .
The ceftriaxone was discontinued after four days in the hospital , and the patient was to continue on Levaquin .
The patient had gradual improvement in her oxygenation .
Pain control :
The patient had fairly significant abdominal pain secondary to persistent cough .
She was started on a regimen of MS Contin with oxycodone for breakthrough pain .
This helped her somewhat though she has continued to have difficulty coughing due to the pain .
Tylenol and ibuprofen were also added for better control .
Transaminitis :
The patient was noted to have mild transaminitis on admission .
However , this was felt to be due to her significant infection .
This should continue to be followed as an outpatient to assure that it returns back to normal .
Anemia :
The patient 's reticulocyte count showed inadequate production .
Iron studies showed a mixed picture with decreased iron and decreased iron to TIBC ratio suggestive of iron-deficiency anemia , but also normal to high MCV .
B12 was noted to be low and the patient was given an injection of IM B12 while in the hospital .
She was also started on iron supplementation .
Hypothyroidism :
The patient was continued on Synthroid for her chronic hypothyroidism .
]]></TEXT>
<TAGS>
<EVENT id="E0" start="1" end="10" text="Admission" modality="FACTUAL" polarity="POS" type="OCCURRENCE" />
<EVENT id="E1" start="29" end="38" text="Discharge" modality="FACTUAL" polarity="POS" type="OCCURRENCE" />
<EVENT id="E2" start="170" end="181" text="transferred" modality="FACTUAL" polarity="POS" type="OCCURRENCE" />
<EVENT id="E3" start="187" end="219" text="Shaugnessy-Kaplan Rehab Hospital" modality="FACTUAL" polarity="POS" type="CLINICAL_DEPT" />
<EVENT id="E4" start="245" end="254" text="presented" modality="FACTUAL" polarity="POS" type="OCCURRENCE" />
<EVENT id="E5" start="258" end="265" text="her PCP" modality="FACTUAL" polarity="POS" type="CLINICAL_DEPT" />
<EVENT id="E6" start="298" end="307" text="admission" modality="FACTUAL" polarity="POS" type="OCCURRENCE" />
<EVENT id="E7" start="318" end="334" text="increasing cough" modality="FACTUAL" polarity="POS" type="PROBLEM" />
<EVENT id="E8" start="337" end="344" text="dyspnea" modality="FACTUAL" polarity="POS" type="PROBLEM" />
<EVENT id="E9" start="349" end="356" text="fatigue" modality="FACTUAL" polarity="POS" type="PROBLEM" />
<EVENT id="E10" start="373" end="380" text="a Z-Pak" modality="FACTUAL" polarity="POS" type="TREATMENT" />
<EVENT id="E11" start="385" end="394" text="treatment" modality="FACTUAL" polarity="POS" type="TREATMENT" />
<EVENT id="E12" start="406" end="415" text="albuterol" modality="FACTUAL" polarity="POS" type="TREATMENT" />
<EVENT id="E13" start="468" end="475" text="febrile" modality="FACTUAL" polarity="POS" type="PROBLEM" />
<EVENT id="E14" start="491" end="499" text="admitted" modality="FACTUAL" polarity="POS" type="OCCURRENCE" />
<EVENT id="E15" start="503" end="535" text="Shaugnessy-Kaplan Rehab Hospital" modality="FACTUAL" polarity="POS" type="CLINICAL_DEPT" />
<EVENT id="E16" start="555" end="567" text="the hospital" modality="FACTUAL" polarity="POS" type="CLINICAL_DEPT" />
<EVENT id="E17" start="589" end="597" text="Rocephin" modality="FACTUAL" polarity="POS" type="TREATMENT" />
<EVENT id="E18" start="602" end="610" text="Levaquin" modality="FACTUAL" polarity="POS" type="TREATMENT" />
<EVENT id="E19" start="615" end="643" text="a right lower lobe pneumonia" modality="FACTUAL" polarity="POS" type="PROBLEM" />
<EVENT id="E20" start="652" end="663" text="chest x-ray" modality="FACTUAL" polarity="POS" type="TEST" />
<EVENT id="E21" start="688" end="719" text="increasing respiratory distress" modality="FACTUAL" polarity="POS" type="PROBLEM" />
<EVENT id="E22" start="725" end="732" text="hypoxia" modality="FACTUAL" polarity="POS" type="PROBLEM" />
<EVENT id="E23" start="748" end="772" text="significantly tachypneic" modality="FACTUAL" polarity="POS" type="PROBLEM" />
<EVENT id="E24" start="790" end="808" text="repeat chest x-ray" modality="FACTUAL" polarity="POS" type="TEST" />
<EVENT id="E25" start="809" end="815" text="showed" modality="FACTUAL" polarity="POS" type="EVIDENTIAL" />
<EVENT id="E26" start="816" end="845" text="bilateral diffuse infiltrates" modality="FACTUAL" polarity="POS" type="PROBLEM" />
<EVENT id="E27" start="862" end="866" text="ARDS" modality="FACTUAL" polarity="POS" type="PROBLEM" />
<EVENT id="E28" start="885" end="894" text="intubated" modality="FACTUAL" polarity="POS" type="TREATMENT" />
<EVENT id="E29" start="904" end="915" text="transferred" modality="FACTUAL" polarity="POS" type="OCCURRENCE" />
<EVENT id="E30" start="919" end="950" text="Hahnemann General Hospital CMED" modality="FACTUAL" polarity="POS" type="CLINICAL_DEPT" />
<EVENT id="E31" start="999" end="1008" text="admission" modality="FACTUAL" polarity="POS" type="OCCURRENCE" />
<EVENT id="E32" start="1047" end="1082" text="acute respiratory distress syndrome" modality="FACTUAL" polarity="POS" type="PROBLEM" />
<EVENT id="E33" start="1096" end="1126" text="community - acquired pneumonia" modality="FACTUAL" polarity="POS" type="PROBLEM" />
<EVENT id="E34" start="1151" end="1163" text="a ventilator" modality="FACTUAL" polarity="POS" type="TREATMENT" />
<EVENT id="E35" start="1168" end="1178" text="ventilated" modality="FACTUAL" polarity="POS" type="TREATMENT" />
<EVENT id="E36" start="1215" end="1234" text="antibiotic coverage" modality="FACTUAL" polarity="POS" type="TREATMENT" />
<EVENT id="E37" start="1238" end="1251" text="her pneumonia" modality="FACTUAL" polarity="POS" type="PROBLEM" />
<EVENT id="E38" start="1273" end="1281" text="Levaquin" modality="FACTUAL" polarity="POS" type="TREATMENT" />
<EVENT id="E39" start="1284" end="1295" text="ceftriaxone" modality="FACTUAL" polarity="POS" type="TREATMENT" />
<EVENT id="E40" start="1302" end="1312" text="vancomycin" modality="FACTUAL" polarity="POS" type="TREATMENT" />
<EVENT id="E41" start="1344" end="1353" text="admission" modality="FACTUAL" polarity="POS" type="OCCURRENCE" />
<EVENT id="E42" start="1356" end="1384" text="the patient 's vent settings" modality="FACTUAL" polarity="POS" type="TREATMENT" />
<EVENT id="E43" start="1400" end="1406" text="weaned" modality="FACTUAL" polarity="POS" type="TREATMENT" />
<EVENT id="E44" start="1421" end="1430" text="extubated" modality="FACTUAL" polarity="POS" type="TREATMENT" />
<EVENT id="E45" start="1452" end="1463" text="transferred" modality="FACTUAL" polarity="POS" type="OCCURRENCE" />
<EVENT id="E46" start="1489" end="1499" text="extubation" modality="FACTUAL" polarity="POS" type="TREATMENT" />
<EVENT id="E47" start="1518" end="1529" text="oxygenating" modality="FACTUAL" polarity="POS" type="OCCURRENCE" />
<EVENT id="E48" start="1538" end="1547" text="face mask" modality="FACTUAL" polarity="POS" type="TREATMENT" />
<EVENT id="E49" start="1575" end="1607" text="a persistent fairly severe cough" modality="FACTUAL" polarity="POS" type="PROBLEM" />
<EVENT id="E50" start="1620" end="1629" text="her cough" modality="FACTUAL" polarity="POS" type="PROBLEM" />
<EVENT id="E51" start="1634" end="1638" text="weak" modality="FACTUAL" polarity="POS" type="PROBLEM" />
<EVENT id="E52" start="1646" end="1667" text="abdominal muscle pain" modality="FACTUAL" polarity="POS" type="PROBLEM" />
<EVENT id="E53" start="1673" end="1690" text="repeated coughing" modality="FACTUAL" polarity="POS" type="PROBLEM" />
<EVENT id="E54" start="1693" end="1702" text="The cough" modality="FACTUAL" polarity="POS" type="PROBLEM" />
<EVENT id="E55" start="1707" end="1727" text="mostly nonproductive" modality="FACTUAL" polarity="POS" type="PROBLEM" />
<EVENT id="E56" start="1746" end="1767" text="breathing comfortably" modality="FACTUAL" polarity="POS" type="OCCURRENCE" />
<EVENT id="E57" start="1786" end="1815" text="identified bacterial pathogen" modality="FACTUAL" polarity="NEG" type="PROBLEM" />
<EVENT id="E58" start="1819" end="1831" text="any cultures" modality="FACTUAL" polarity="POS" type="TEST" />
<EVENT id="E59" start="1863" end="1885" text="the triple antibiotics" modality="FACTUAL" polarity="POS" type="TREATMENT" />
<EVENT id="E60" start="1912" end="1931" text="the hospitalization" modality="FACTUAL" polarity="POS" type="OCCURRENCE" />
<EVENT id="E61" start="1950" end="1974" text="round-the-clock Atrovent" modality="FACTUAL" polarity="POS" type="TREATMENT" />
<EVENT id="E62" start="1979" end="1999" text="albuterol nebulizers" modality="FACTUAL" polarity="POS" type="TREATMENT" />
<EVENT id="E63" start="2023" end="2034" text="transferred" modality="FACTUAL" polarity="POS" type="OCCURRENCE" />
<EVENT id="E64" start="2042" end="2049" text="the ICU" modality="FACTUAL" polarity="POS" type="CLINICAL_DEPT" />
<EVENT id="E65" start="2060" end="2070" text="extubation" modality="FACTUAL" polarity="POS" type="TREATMENT" />
<EVENT id="E66" start="2073" end="2088" text="the antibiotics" modality="FACTUAL" polarity="POS" type="TREATMENT" />
<EVENT id="E67" start="2104" end="2112" text="narrowed" modality="FACTUAL" polarity="POS" type="PROBLEM" />
<EVENT id="E68" start="2115" end="2129" text="The vancomycin" modality="FACTUAL" polarity="POS" type="TREATMENT" />
<EVENT id="E69" start="2134" end="2142" text="Levaquin" modality="FACTUAL" polarity="NEG" type="TREATMENT" />
<EVENT id="E70" start="2194" end="2206" text="the hospital" modality="FACTUAL" polarity="POS" type="CLINICAL_DEPT" />
<EVENT id="E71" start="2209" end="2224" text="The ceftriaxone" modality="FACTUAL" polarity="NEG" type="TREATMENT" />
<EVENT id="E72" start="2261" end="2273" text="the hospital" modality="FACTUAL" polarity="POS" type="CLINICAL_DEPT" />
<EVENT id="E73" start="2311" end="2319" text="Levaquin" modality="FACTUAL" polarity="POS" type="TREATMENT" />
<EVENT id="E74" start="2338" end="2357" text="gradual improvement" modality="FACTUAL" polarity="POS" type="OCCURRENCE" />
<EVENT id="E75" start="2361" end="2376" text="her oxygenation" modality="FACTUAL" polarity="POS" type="TEST" />
<EVENT id="E76" start="2379" end="2391" text="Pain control" modality="FACTUAL" polarity="POS" type="TREATMENT" />
<EVENT id="E77" start="2410" end="2443" text="fairly significant abdominal pain" modality="FACTUAL" polarity="POS" type="PROBLEM" />
<EVENT id="E78" start="2457" end="2473" text="persistent cough" modality="FACTUAL" polarity="POS" type="PROBLEM" />
<EVENT id="E79" start="2508" end="2517" text="MS Contin" modality="FACTUAL" polarity="POS" type="TREATMENT" />
<EVENT id="E80" start="2523" end="2532" text="oxycodone" modality="FACTUAL" polarity="POS" type="TREATMENT" />
<EVENT id="E81" start="2537" end="2554" text="breakthrough pain" modality="FACTUAL" polarity="POS" type="PROBLEM" />
<EVENT id="E82" start="2615" end="2634" text="difficulty coughing" modality="FACTUAL" polarity="POS" type="PROBLEM" />
<EVENT id="E83" start="2642" end="2650" text="the pain" modality="FACTUAL" polarity="POS" type="PROBLEM" />
<EVENT id="E84" start="2653" end="2660" text="Tylenol" modality="FACTUAL" polarity="POS" type="TREATMENT" />
<EVENT id="E85" start="2665" end="2674" text="ibuprofen" modality="FACTUAL" polarity="POS" type="TREATMENT" />
<EVENT id="E86" start="2695" end="2709" text="better control" modality="FACTUAL" polarity="POS" type="OCCURRENCE" />
<EVENT id="E87" start="2712" end="2725" text="Transaminitis" modality="FACTUAL" polarity="POS" type="PROBLEM" />
<EVENT id="E88" start="2744" end="2749" text="noted" modality="FACTUAL" polarity="POS" type="EVIDENTIAL" />
<EVENT id="E89" start="2758" end="2776" text="mild transaminitis" modality="FACTUAL" polarity="POS" type="PROBLEM" />
<EVENT id="E90" start="2780" end="2789" text="admission" modality="FACTUAL" polarity="POS" type="OCCURRENCE" />
<EVENT id="E91" start="2829" end="2854" text="her significant infection" modality="FACTUAL" polarity="POS" type="PROBLEM" />
<EVENT id="E92" start="2884" end="2892" text="followed" modality="FACTUAL" polarity="POS" type="OCCURRENCE" />
<EVENT id="E93" start="2944" end="2950" text="normal" modality="FACTUAL" polarity="POS" type="OCCURRENCE" />
<EVENT id="E94" start="2953" end="2959" text="Anemia" modality="FACTUAL" polarity="POS" type="PROBLEM" />
<EVENT id="E95" start="2962" end="2995" text="The patient 's reticulocyte count" modality="FACTUAL" polarity="POS" type="TEST" />
<EVENT id="E96" start="2996" end="3002" text="showed" modality="FACTUAL" polarity="POS" type="EVIDENTIAL" />
<EVENT id="E97" start="3003" end="3024" text="inadequate production" modality="FACTUAL" polarity="POS" type="PROBLEM" />
<EVENT id="E98" start="3027" end="3039" text="Iron studies" modality="FACTUAL" polarity="POS" type="TEST" />
<EVENT id="E99" start="3040" end="3046" text="showed" modality="FACTUAL" polarity="POS" type="EVIDENTIAL" />
<EVENT id="E100" start="3068" end="3082" text="decreased iron" modality="FACTUAL" polarity="POS" type="PROBLEM" />
<EVENT id="E101" start="3087" end="3115" text="decreased iron to TIBC ratio" modality="FACTUAL" polarity="POS" type="PROBLEM" />
<EVENT id="E102" start="3130" end="3152" text="iron-deficiency anemia" modality="FACTUAL" polarity="POS" type="PROBLEM" />
<EVENT id="E103" start="3174" end="3182" text="high MCV" modality="FACTUAL" polarity="POS" type="PROBLEM" />
<EVENT id="E104" start="3185" end="3188" text="B12" modality="FACTUAL" polarity="POS" type="TEST" />
<EVENT id="E105" start="3205" end="3208" text="low" modality="FACTUAL" polarity="POS" type="PROBLEM" />
<EVENT id="E106" start="3238" end="3247" text="injection" modality="FACTUAL" polarity="POS" type="TREATMENT" />
<EVENT id="E107" start="3251" end="3257" text="IM B12" modality="FACTUAL" polarity="POS" type="TREATMENT" />
<EVENT id="E108" start="3267" end="3279" text="the hospital" modality="FACTUAL" polarity="POS" type="CLINICAL_DEPT" />
<EVENT id="E109" start="3306" end="3326" text="iron supplementation" modality="FACTUAL" polarity="POS" type="TREATMENT" />
<EVENT id="E110" start="3329" end="3343" text="Hypothyroidism" modality="FACTUAL" polarity="POS" type="PROBLEM" />
<EVENT id="E111" start="3375" end="3384" text="Synthroid" modality="FACTUAL" polarity="POS" type="TREATMENT" />
<EVENT id="E112" start="3389" end="3415" text="her chronic hypothyroidism" modality="FACTUAL" polarity="POS" type="PROBLEM" />
<TIMEX3 id="T0" start="18" end="28" text="2015-07-12" type="DATE" val="2015-07-12" mod="NA" />
<TIMEX3 id="T1" start="46" end="56" text="2015-07-19" type="DATE" val="2015-07-19" mod="NA" />
<TIMEX3 id="T2" start="280" end="288" text="one week" type="DURATION" val="P1W" mod="APPROX" />
<TIMEX3 id="T3" start="539" end="549" text="2015-07-10" type="DATE" val="2015-07-10" mod="NA" />
<TIMEX3 id="T4" start="778" end="787" text="this time" type="DATE" val="2015-07-12" mod="NA" />
<TIMEX3 id="T5" start="1320" end="1337" text="the next two days" type="DATE" val="2015-07-13" mod="NA" />
<TIMEX3 id="T6" start="1431" end="1439" text="two days" type="DURATION" val="P2D" mod="NA" />
<TIMEX3 id="T7" start="1890" end="1908" text="first several days" type="DURATION" val="P3D" mod="APPROX" />
<TIMEX3 id="T8" start="2181" end="2190" text="four days" type="DURATION" val="P4D" mod="APPROX" />
<TIMEX3 id="T9" start="2248" end="2257" text="four days" type="DURATION" val="P4D" mod="NA" />
<TLINK id="TL0" fromID="E2" fromText="transferred" toID="E3" toText="Shaugnessy-Kaplan Rehab Hospital" type="AFTER" />
<TLINK id="TL1" fromID="E3" fromText="Shaugnessy-Kaplan Rehab Hospital" toID="E2" toText="transferred" type="BEFORE" />
<TLINK id="TL2" fromID="E4" fromText="presented" toID="E5" toText="her PCP" type="BEFORE" />
<TLINK id="TL3" fromID="E5" fromText="her PCP" toID="E4" toText="presented" type="AFTER" />
<TLINK id="TL4" fromID="E7" fromText="increasing cough" toID="E8" toText="dyspnea" type="OVERLAP" />
<TLINK id="TL5" fromID="E8" fromText="dyspnea" toID="E7" toText="increasing cough" type="OVERLAP" />
<TLINK id="TL6" fromID="E8" fromText="dyspnea" toID="E9" toText="fatigue" type="OVERLAP" />
<TLINK id="TL7" fromID="E9" fromText="fatigue" toID="E8" toText="dyspnea" type="OVERLAP" />
<TLINK id="TL8" fromID="E10" fromText="a Z-Pak" toID="E11" toText="treatment" type="OVERLAP" />
<TLINK id="TL9" fromID="E11" fromText="treatment" toID="E10" toText="a Z-Pak" type="OVERLAP" />
<TLINK id="TL10" fromID="E11" fromText="treatment" toID="E12" toText="albuterol" type="OVERLAP" />
<TLINK id="TL11" fromID="E12" fromText="albuterol" toID="E11" toText="treatment" type="OVERLAP" />
<TLINK id="TL12" fromID="E14" fromText="admitted" toID="E15" toText="Shaugnessy-Kaplan Rehab Hospital" type="BEFORE" />
<TLINK id="TL13" fromID="E15" fromText="Shaugnessy-Kaplan Rehab Hospital" toID="E14" toText="admitted" type="AFTER" />
<TLINK id="TL14" fromID="E16" fromText="the hospital" toID="E17" toText="Rocephin" type="OVERLAP" />
<TLINK id="TL15" fromID="E17" fromText="Rocephin" toID="E16" toText="the hospital" type="OVERLAP" />
<TLINK id="TL16" fromID="E17" fromText="Rocephin" toID="E18" toText="Levaquin" type="OVERLAP" />
<TLINK id="TL17" fromID="E18" fromText="Levaquin" toID="E17" toText="Rocephin" type="OVERLAP" />
<TLINK id="TL18" fromID="E21" fromText="increasing respiratory distress" toID="E22" toText="hypoxia" type="OVERLAP" />
<TLINK id="TL19" fromID="E22" fromText="hypoxia" toID="E21" toText="increasing respiratory distress" type="OVERLAP" />
<TLINK id="TL20" fromID="E24" fromText="repeat chest x-ray" toID="E25" toText="showed" type="OVERLAP" />
<TLINK id="TL21" fromID="E25" fromText="showed" toID="E24" toText="repeat chest x-ray" type="OVERLAP" />
<TLINK id="TL22" fromID="E26" fromText="bilateral diffuse infiltrates" toID="E27" toText="ARDS" type="OVERLAP" />
<TLINK id="TL23" fromID="E27" fromText="ARDS" toID="E26" toText="bilateral diffuse infiltrates" type="OVERLAP" />
<TLINK id="TL24" fromID="E28" fromText="intubated" toID="E29" toText="transferred" type="BEFORE" />
<TLINK id="TL25" fromID="E29" fromText="transferred" toID="E28" toText="intubated" type="AFTER" />
<TLINK id="TL26" fromID="E29" fromText="transferred" toID="E30" toText="Hahnemann General Hospital CMED" type="BEFORE" />
<TLINK id="TL27" fromID="E30" fromText="Hahnemann General Hospital CMED" toID="E29" toText="transferred" type="AFTER" />
<TLINK id="TL28" fromID="E31" fromText="admission" toID="E32" toText="acute respiratory distress syndrome" type="OVERLAP" />
<TLINK id="TL29" fromID="E32" fromText="acute respiratory distress syndrome" toID="E31" toText="admission" type="OVERLAP" />
<TLINK id="TL30" fromID="E32" fromText="acute respiratory distress syndrome" toID="E33" toText="community - acquired pneumonia" type="OVERLAP" />
<TLINK id="TL31" fromID="E33" fromText="community - acquired pneumonia" toID="E32" toText="acute respiratory distress syndrome" type="OVERLAP" />
<TLINK id="TL32" fromID="E34" fromText="a ventilator" toID="E35" toText="ventilated" type="OVERLAP" />
<TLINK id="TL33" fromID="E35" fromText="ventilated" toID="E34" toText="a ventilator" type="OVERLAP" />
<TLINK id="TL34" fromID="E36" fromText="antibiotic coverage" toID="E37" toText="her pneumonia" type="AFTER" />
<TLINK id="TL35" fromID="E37" fromText="her pneumonia" toID="E36" toText="antibiotic coverage" type="BEFORE" />
<TLINK id="TL36" fromID="E38" fromText="Levaquin" toID="E39" toText="ceftriaxone" type="OVERLAP" />
<TLINK id="TL37" fromID="E39" fromText="ceftriaxone" toID="E38" toText="Levaquin" type="OVERLAP" />
<TLINK id="TL38" fromID="E39" fromText="ceftriaxone" toID="E40" toText="vancomycin" type="OVERLAP" />
<TLINK id="TL39" fromID="E40" fromText="vancomycin" toID="E39" toText="ceftriaxone" type="OVERLAP" />
<TLINK id="TL40" fromID="E42" fromText="the patient 's vent settings" toID="E43" toText="weaned" type="OVERLAP" />
<TLINK id="TL41" fromID="E43" fromText="weaned" toID="E42" toText="the patient 's vent settings" type="OVERLAP" />
<TLINK id="TL42" fromID="E46" fromText="extubation" toID="E47" toText="oxygenating" type="BEFORE" />
<TLINK id="TL43" fromID="E47" fromText="oxygenating" toID="E46" toText="extubation" type="AFTER" />
<TLINK id="TL44" fromID="E47" fromText="oxygenating" toID="E48" toText="face mask" type="OVERLAP" />
<TLINK id="TL45" fromID="E48" fromText="face mask" toID="E47" toText="oxygenating" type="OVERLAP" />
<TLINK id="TL46" fromID="E49" fromText="a persistent fairly severe cough" toID="E50" toText="her cough" type="OVERLAP" />
<TLINK id="TL47" fromID="E50" fromText="her cough" toID="E49" toText="a persistent fairly severe cough" type="OVERLAP" />
<TLINK id="TL48" fromID="E50" fromText="her cough" toID="E51" toText="weak" type="OVERLAP" />
<TLINK id="TL49" fromID="E51" fromText="weak" toID="E50" toText="her cough" type="OVERLAP" />
<TLINK id="TL50" fromID="E51" fromText="weak" toID="E52" toText="abdominal muscle pain" type="OVERLAP" />
<TLINK id="TL51" fromID="E52" fromText="abdominal muscle pain" toID="E51" toText="weak" type="OVERLAP" />
<TLINK id="TL52" fromID="E52" fromText="abdominal muscle pain" toID="E53" toText="repeated coughing" type="AFTER" />
<TLINK id="TL53" fromID="E53" fromText="repeated coughing" toID="E52" toText="abdominal muscle pain" type="BEFORE" />
<TLINK id="TL54" fromID="E54" fromText="The cough" toID="E55" toText="mostly nonproductive" type="OVERLAP" />
<TLINK id="TL55" fromID="E55" fromText="mostly nonproductive" toID="E54" toText="The cough" type="OVERLAP" />
<TLINK id="TL56" fromID="E57" fromText="identified bacterial pathogen" toID="E58" toText="any cultures" type="OVERLAP" />
<TLINK id="TL57" fromID="E58" fromText="any cultures" toID="E57" toText="identified bacterial pathogen" type="OVERLAP" />
<TLINK id="TL58" fromID="E58" fromText="any cultures" toID="E59" toText="the triple antibiotics" type="OVERLAP" />
<TLINK id="TL59" fromID="E61" fromText="round-the-clock Atrovent" toID="E62" toText="albuterol nebulizers" type="OVERLAP" />
<TLINK id="TL60" fromID="E62" fromText="albuterol nebulizers" toID="E61" toText="round-the-clock Atrovent" type="OVERLAP" />
<TLINK id="TL61" fromID="E63" fromText="transferred" toID="E64" toText="the ICU" type="AFTER" />
<TLINK id="TL62" fromID="E64" fromText="the ICU" toID="E63" toText="transferred" type="BEFORE" />
<TLINK id="TL63" fromID="E66" fromText="the antibiotics" toID="E67" toText="narrowed" type="OVERLAP" />
<TLINK id="TL64" fromID="E67" fromText="narrowed" toID="E66" toText="the antibiotics" type="OVERLAP" />
<TLINK id="TL65" fromID="E68" fromText="The vancomycin" toID="E69" toText="Levaquin" type="OVERLAP" />
<TLINK id="TL66" fromID="E69" fromText="Levaquin" toID="E68" toText="The vancomycin" type="OVERLAP" />
<TLINK id="TL67" fromID="E74" fromText="gradual improvement" toID="E75" toText="her oxygenation" type="OVERLAP" />
<TLINK id="TL68" fromID="E75" fromText="her oxygenation" toID="E74" toText="gradual improvement" type="OVERLAP" />
<TLINK id="TL69" fromID="E77" fromText="fairly significant abdominal pain" toID="E78" toText="persistent cough" type="OVERLAP" />
<TLINK id="TL70" fromID="E78" fromText="persistent cough" toID="E77" toText="fairly significant abdominal pain" type="OVERLAP" />
<TLINK id="TL71" fromID="E79" fromText="MS Contin" toID="E80" toText="oxycodone" type="OVERLAP" />
<TLINK id="TL72" fromID="E80" fromText="oxycodone" toID="E79" toText="MS Contin" type="OVERLAP" />
<TLINK id="TL73" fromID="E80" fromText="oxycodone" toID="E81" toText="breakthrough pain" type="OVERLAP" />
<TLINK id="TL74" fromID="E81" fromText="breakthrough pain" toID="E80" toText="oxycodone" type="OVERLAP" />
<TLINK id="TL75" fromID="E82" fromText="difficulty coughing" toID="E83" toText="the pain" type="OVERLAP" />
<TLINK id="TL76" fromID="E83" fromText="the pain" toID="E82" toText="difficulty coughing" type="OVERLAP" />
<TLINK id="TL77" fromID="E84" fromText="Tylenol" toID="E85" toText="ibuprofen" type="OVERLAP" />
<TLINK id="TL78" fromID="E85" fromText="ibuprofen" toID="E84" toText="Tylenol" type="OVERLAP" />
<TLINK id="TL79" fromID="E85" fromText="ibuprofen" toID="E86" toText="better control" type="OVERLAP" />
<TLINK id="TL80" fromID="E86" fromText="better control" toID="E85" toText="ibuprofen" type="OVERLAP" />
<TLINK id="TL81" fromID="E88" fromText="noted" toID="E89" toText="mild transaminitis" type="AFTER" />
<TLINK id="TL82" fromID="E89" fromText="mild transaminitis" toID="E88" toText="noted" type="BEFORE" />
<TLINK id="TL83" fromID="E89" fromText="mild transaminitis" toID="E90" toText="admission" type="OVERLAP" />
<TLINK id="TL84" fromID="E90" fromText="admission" toID="E89" toText="mild transaminitis" type="OVERLAP" />
<TLINK id="TL85" fromID="E92" fromText="followed" toID="E93" toText="normal" type="BEFORE" />
<TLINK id="TL86" fromID="E93" fromText="normal" toID="E92" toText="followed" type="AFTER" />
<TLINK id="TL87" fromID="E95" fromText="The patient 's reticulocyte count" toID="E96" toText="showed" type="OVERLAP" />
<TLINK id="TL88" fromID="E96" fromText="showed" toID="E95" toText="The patient 's reticulocyte count" type="OVERLAP" />
<TLINK id="TL89" fromID="E96" fromText="showed" toID="E97" toText="inadequate production" type="AFTER" />
<TLINK id="TL90" fromID="E97" fromText="inadequate production" toID="E96" toText="showed" type="BEFORE" />
<TLINK id="TL91" fromID="E98" fromText="Iron studies" toID="E99" toText="showed" type="OVERLAP" />
<TLINK id="TL92" fromID="E99" fromText="showed" toID="E98" toText="Iron studies" type="OVERLAP" />
<TLINK id="TL93" fromID="E99" fromText="showed" toID="E100" toText="decreased iron" type="OVERLAP" />
<TLINK id="TL94" fromID="E100" fromText="decreased iron" toID="E99" toText="showed" type="OVERLAP" />
<TLINK id="TL95" fromID="E100" fromText="decreased iron" toID="E101" toText="decreased iron to TIBC ratio" type="OVERLAP" />
<TLINK id="TL96" fromID="E101" fromText="decreased iron to TIBC ratio" toID="E100" toText="decreased iron" type="OVERLAP" />
<TLINK id="TL97" fromID="E101" fromText="decreased iron to TIBC ratio" toID="E102" toText="iron-deficiency anemia" type="OVERLAP" />
<TLINK id="TL98" fromID="E102" fromText="iron-deficiency anemia" toID="E101" toText="decreased iron to TIBC ratio" type="OVERLAP" />
<TLINK id="TL99" fromID="E104" fromText="B12" toID="E105" toText="low" type="OVERLAP" />
<TLINK id="TL100" fromID="E105" fromText="low" toID="E104" toText="B12" type="OVERLAP" />
<TLINK id="TL101" fromID="E106" fromText="injection" toID="E107" toText="IM B12" type="OVERLAP" />
<TLINK id="TL102" fromID="E107" fromText="IM B12" toID="E106" toText="injection" type="OVERLAP" />
<TLINK id="TL103" fromID="E107" fromText="IM B12" toID="E108" toText="the hospital" type="OVERLAP" />
<TLINK id="TL104" fromID="E108" fromText="the hospital" toID="E107" toText="IM B12" type="OVERLAP" />
<TLINK id="TL105" fromID="E111" fromText="Synthroid" toID="E112" toText="her chronic hypothyroidism" type="AFTER" />
<TLINK id="TL106" fromID="E112" fromText="her chronic hypothyroidism" toID="E111" toText="Synthroid" type="BEFORE" />
<TLINK id="TL107" fromID="E4" fromText="presented" toID="T2" toText="one week" type="OVERLAP" />
<TLINK id="TL108" fromID="T2" fromText="one week" toID="E4" toText="presented" type="OVERLAP" />
<TLINK id="TL109" fromID="T2" fromText="one week" toID="E6" toText="admission" type="BEFORE" />
<TLINK id="TL110" fromID="E6" fromText="admission" toID="T2" toText="one week" type="AFTER" />
<TLINK id="TL111" fromID="E14" fromText="admitted" toID="T3" toText="2015-07-10" type="OVERLAP" />
<TLINK id="TL112" fromID="T3" fromText="2015-07-10" toID="E14" toText="admitted" type="OVERLAP" />
<TLINK id="TL113" fromID="T4" fromText="this time" toID="E24" toText="repeat chest x-ray" type="OVERLAP" />
<TLINK id="TL114" fromID="E24" fromText="repeat chest x-ray" toID="T4" toText="this time" type="OVERLAP" />
<TLINK id="TL115" fromID="T5" fromText="the next two days" toID="E41" toText="admission" type="AFTER" />
<TLINK id="TL116" fromID="E41" fromText="admission" toID="T5" toText="the next two days" type="BEFORE" />
<TLINK id="TL117" fromID="E44" fromText="extubated" toID="T6" toText="two days" type="OVERLAP" />
<TLINK id="TL118" fromID="T6" fromText="two days" toID="E44" toText="extubated" type="OVERLAP" />
<TLINK id="TL119" fromID="E59" fromText="the triple antibiotics" toID="T7" toText="first several days" type="OVERLAP" />
<TLINK id="TL120" fromID="T7" fromText="first several days" toID="E59" toText="the triple antibiotics" type="OVERLAP" />
<TLINK id="TL121" fromID="T7" fromText="first several days" toID="E60" toText="the hospitalization" type="OVERLAP" />
<TLINK id="TL122" fromID="E60" fromText="the hospitalization" toID="T7" toText="first several days" type="OVERLAP" />
<TLINK id="TL123" fromID="E69" fromText="Levaquin" toID="T8" toText="four days" type="OVERLAP" />
<TLINK id="TL124" fromID="T8" fromText="four days" toID="E69" toText="Levaquin" type="OVERLAP" />
<TLINK id="TL125" fromID="E71" fromText="The ceftriaxone" toID="T9" toText="four days" type="OVERLAP" />
<TLINK id="TL126" fromID="T9" fromText="four days" toID="E71" toText="The ceftriaxone" type="OVERLAP" />
<TLINK id="SECTIME0" fromID="T0" fromText="2015-07-12" toID="E2" toText="transferred" type="AFTER" />
<TLINK id="SECTIME1" fromID="T0" fromText="2015-07-12" toID="E3" toText="Shaugnessy-Kaplan Rehab Hospital" type="AFTER" />
<TLINK id="SECTIME2" fromID="T0" fromText="2015-07-12" toID="E4" toText="presented" type="AFTER" />
<TLINK id="SECTIME3" fromID="T0" fromText="2015-07-12" toID="E5" toText="her PCP" type="AFTER" />
<TLINK id="SECTIME4" fromID="T0" fromText="2015-07-12" toID="E6" toText="admission" type="OVERLAP" />
<TLINK id="SECTIME5" fromID="T0" fromText="2015-07-12" toID="E7" toText="increasing cough" type="AFTER" />
<TLINK id="SECTIME6" fromID="T0" fromText="2015-07-12" toID="E8" toText="dyspnea" type="AFTER" />
<TLINK id="SECTIME7" fromID="T0" fromText="2015-07-12" toID="E9" toText="fatigue" type="AFTER" />
<TLINK id="SECTIME8" fromID="T0" fromText="2015-07-12" toID="E10" toText="a Z-Pak" type="AFTER" />
<TLINK id="SECTIME9" fromID="T0" fromText="2015-07-12" toID="E11" toText="treatment" type="AFTER" />
<TLINK id="SECTIME10" fromID="T0" fromText="2015-07-12" toID="E12" toText="albuterol" type="AFTER" />
<TLINK id="SECTIME11" fromID="T0" fromText="2015-07-12" toID="E13" toText="febrile" type="AFTER" />
<TLINK id="SECTIME12" fromID="T0" fromText="2015-07-12" toID="E14" toText="admitted" type="AFTER" />
<TLINK id="SECTIME13" fromID="T0" fromText="2015-07-12" toID="E15" toText="Shaugnessy-Kaplan Rehab Hospital" type="AFTER" />
<TLINK id="TL127" fromID="T0" fromText="2015-07-12" toID="T3" toText="2015-07-10" type="AFTER" />
<TLINK id="SECTIME14" fromID="T0" fromText="2015-07-12" toID="E16" toText="the hospital" type="AFTER" />
<TLINK id="SECTIME15" fromID="T0" fromText="2015-07-12" toID="E17" toText="Rocephin" type="AFTER" />
<TLINK id="SECTIME16" fromID="T0" fromText="2015-07-12" toID="E18" toText="Levaquin" type="AFTER" />
<TLINK id="SECTIME17" fromID="T0" fromText="2015-07-12" toID="E19" toText="a right lower lobe pneumonia" type="AFTER" />
<TLINK id="SECTIME18" fromID="T0" fromText="2015-07-12" toID="E20" toText="chest x-ray" type="AFTER" />
<TLINK id="SECTIME19" fromID="T0" fromText="2015-07-12" toID="E21" toText="increasing respiratory distress" type="AFTER" />
<TLINK id="SECTIME20" fromID="T0" fromText="2015-07-12" toID="E22" toText="hypoxia" type="AFTER" />
<TLINK id="SECTIME21" fromID="T0" fromText="2015-07-12" toID="E23" toText="significantly tachypneic" type="AFTER" />
<TLINK id="TL128" fromID="T0" fromText="2015-07-12" toID="T4" toText="this time" type="OVERLAP" />
<TLINK id="SECTIME22" fromID="T0" fromText="2015-07-12" toID="E24" toText="repeat chest x-ray" type="AFTER" />
<TLINK id="SECTIME23" fromID="T0" fromText="2015-07-12" toID="E25" toText="showed" type="AFTER" />
<TLINK id="SECTIME24" fromID="T0" fromText="2015-07-12" toID="E26" toText="bilateral diffuse infiltrates" type="AFTER" />
<TLINK id="SECTIME25" fromID="T0" fromText="2015-07-12" toID="E27" toText="ARDS" type="AFTER" />
<TLINK id="SECTIME26" fromID="T0" fromText="2015-07-12" toID="E28" toText="intubated" type="AFTER" />
<TLINK id="SECTIME27" fromID="T0" fromText="2015-07-12" toID="E29" toText="transferred" type="AFTER" />
<TLINK id="SECTIME28" fromID="T0" fromText="2015-07-12" toID="E30" toText="Hahnemann General Hospital CMED" type="OVERLAP" />
<TLINK id="TL129" fromID="T0" fromText="2015-07-12" toID="T5" toText="the next two days" type="BEFORE" />
<TLINK id="TL130" fromID="T1" fromText="2015-07-19" toID="T3" toText="2015-07-10" type="AFTER" />
<TLINK id="TL131" fromID="T1" fromText="2015-07-19" toID="T4" toText="this time" type="AFTER" />
<TLINK id="SECTIME29" fromID="T1" fromText="2015-07-19" toID="E31" toText="admission" type="AFTER" />
<TLINK id="SECTIME30" fromID="T1" fromText="2015-07-19" toID="E32" toText="acute respiratory distress syndrome" type="AFTER" />
<TLINK id="SECTIME31" fromID="T1" fromText="2015-07-19" toID="E33" toText="community - acquired pneumonia" type="AFTER" />
<TLINK id="SECTIME32" fromID="T1" fromText="2015-07-19" toID="E34" toText="a ventilator" type="AFTER" />
<TLINK id="SECTIME33" fromID="T1" fromText="2015-07-19" toID="E35" toText="ventilated" type="AFTER" />
<TLINK id="SECTIME34" fromID="T1" fromText="2015-07-19" toID="E36" toText="antibiotic coverage" type="AFTER" />
<TLINK id="SECTIME35" fromID="T1" fromText="2015-07-19" toID="E37" toText="her pneumonia" type="AFTER" />
<TLINK id="SECTIME36" fromID="T1" fromText="2015-07-19" toID="E38" toText="Levaquin" type="AFTER" />
<TLINK id="SECTIME37" fromID="T1" fromText="2015-07-19" toID="E39" toText="ceftriaxone" type="AFTER" />
<TLINK id="SECTIME38" fromID="T1" fromText="2015-07-19" toID="E40" toText="vancomycin" type="AFTER" />
<TLINK id="TL132" fromID="T1" fromText="2015-07-19" toID="T5" toText="the next two days" type="AFTER" />
<TLINK id="SECTIME39" fromID="T1" fromText="2015-07-19" toID="E41" toText="admission" type="AFTER" />
<TLINK id="SECTIME40" fromID="T1" fromText="2015-07-19" toID="E42" toText="the patient 's vent settings" type="AFTER" />
<TLINK id="SECTIME41" fromID="T1" fromText="2015-07-19" toID="E43" toText="weaned" type="AFTER" />
<TLINK id="SECTIME42" fromID="T1" fromText="2015-07-19" toID="E44" toText="extubated" type="AFTER" />
<TLINK id="SECTIME43" fromID="T1" fromText="2015-07-19" toID="E45" toText="transferred" type="AFTER" />
<TLINK id="SECTIME44" fromID="T1" fromText="2015-07-19" toID="E46" toText="extubation" type="AFTER" />
<TLINK id="SECTIME45" fromID="T1" fromText="2015-07-19" toID="E47" toText="oxygenating" type="AFTER" />
<TLINK id="SECTIME46" fromID="T1" fromText="2015-07-19" toID="E48" toText="face mask" type="AFTER" />
<TLINK id="SECTIME47" fromID="T1" fromText="2015-07-19" toID="E49" toText="a persistent fairly severe cough" type="AFTER" />
<TLINK id="SECTIME48" fromID="T1" fromText="2015-07-19" toID="E50" toText="her cough" type="AFTER" />
<TLINK id="SECTIME49" fromID="T1" fromText="2015-07-19" toID="E51" toText="weak" type="AFTER" />
<TLINK id="SECTIME50" fromID="T1" fromText="2015-07-19" toID="E52" toText="abdominal muscle pain" type="AFTER" />
<TLINK id="SECTIME51" fromID="T1" fromText="2015-07-19" toID="E53" toText="repeated coughing" type="AFTER" />
<TLINK id="SECTIME52" fromID="T1" fromText="2015-07-19" toID="E54" toText="The cough" type="AFTER" />
<TLINK id="SECTIME53" fromID="T1" fromText="2015-07-19" toID="E55" toText="mostly nonproductive" type="AFTER" />
<TLINK id="SECTIME54" fromID="T1" fromText="2015-07-19" toID="E56" toText="breathing comfortably" type="AFTER" />
<TLINK id="SECTIME55" fromID="T1" fromText="2015-07-19" toID="E57" toText="identified bacterial pathogen" type="AFTER" />
<TLINK id="SECTIME56" fromID="T1" fromText="2015-07-19" toID="E58" toText="any cultures" type="AFTER" />
<TLINK id="SECTIME57" fromID="T1" fromText="2015-07-19" toID="E59" toText="the triple antibiotics" type="AFTER" />
<TLINK id="SECTIME58" fromID="T1" fromText="2015-07-19" toID="E60" toText="the hospitalization" type="AFTER" />
<TLINK id="SECTIME59" fromID="T1" fromText="2015-07-19" toID="E61" toText="round-the-clock Atrovent" type="AFTER" />
<TLINK id="SECTIME60" fromID="T1" fromText="2015-07-19" toID="E62" toText="albuterol nebulizers" type="AFTER" />
<TLINK id="SECTIME61" fromID="T1" fromText="2015-07-19" toID="E63" toText="transferred" type="AFTER" />
<TLINK id="SECTIME62" fromID="T1" fromText="2015-07-19" toID="E64" toText="the ICU" type="AFTER" />
<TLINK id="SECTIME63" fromID="T1" fromText="2015-07-19" toID="E65" toText="extubation" type="AFTER" />
<TLINK id="SECTIME64" fromID="T1" fromText="2015-07-19" toID="E66" toText="the antibiotics" type="AFTER" />
<TLINK id="SECTIME65" fromID="T1" fromText="2015-07-19" toID="E67" toText="narrowed" type="AFTER" />
<TLINK id="SECTIME66" fromID="T1" fromText="2015-07-19" toID="E68" toText="The vancomycin" type="AFTER" />
<TLINK id="SECTIME67" fromID="T1" fromText="2015-07-19" toID="E69" toText="Levaquin" type="AFTER" />
<TLINK id="SECTIME68" fromID="T1" fromText="2015-07-19" toID="E70" toText="the hospital" type="AFTER" />
<TLINK id="SECTIME69" fromID="T1" fromText="2015-07-19" toID="E71" toText="The ceftriaxone" type="AFTER" />
<TLINK id="SECTIME70" fromID="T1" fromText="2015-07-19" toID="E72" toText="the hospital" type="AFTER" />
<TLINK id="SECTIME71" fromID="T1" fromText="2015-07-19" toID="E73" toText="Levaquin" type="AFTER" />
<TLINK id="SECTIME72" fromID="T1" fromText="2015-07-19" toID="E74" toText="gradual improvement" type="AFTER" />
<TLINK id="SECTIME73" fromID="T1" fromText="2015-07-19" toID="E75" toText="her oxygenation" type="AFTER" />
<TLINK id="SECTIME74" fromID="T1" fromText="2015-07-19" toID="E76" toText="Pain control" type="AFTER" />
<TLINK id="SECTIME75" fromID="T1" fromText="2015-07-19" toID="E77" toText="fairly significant abdominal pain" type="AFTER" />
<TLINK id="SECTIME76" fromID="T1" fromText="2015-07-19" toID="E78" toText="persistent cough" type="AFTER" />
<TLINK id="SECTIME77" fromID="T1" fromText="2015-07-19" toID="E79" toText="MS Contin" type="AFTER" />
<TLINK id="SECTIME78" fromID="T1" fromText="2015-07-19" toID="E80" toText="oxycodone" type="AFTER" />
<TLINK id="SECTIME79" fromID="T1" fromText="2015-07-19" toID="E81" toText="breakthrough pain" type="AFTER" />
<TLINK id="SECTIME80" fromID="T1" fromText="2015-07-19" toID="E82" toText="difficulty coughing" type="AFTER" />
<TLINK id="SECTIME81" fromID="T1" fromText="2015-07-19" toID="E83" toText="the pain" type="AFTER" />
<TLINK id="SECTIME82" fromID="T1" fromText="2015-07-19" toID="E84" toText="Tylenol" type="AFTER" />
<TLINK id="SECTIME83" fromID="T1" fromText="2015-07-19" toID="E85" toText="ibuprofen" type="AFTER" />
<TLINK id="SECTIME84" fromID="T1" fromText="2015-07-19" toID="E86" toText="better control" type="AFTER" />
<TLINK id="SECTIME85" fromID="T1" fromText="2015-07-19" toID="E87" toText="Transaminitis" type="AFTER" />
<TLINK id="SECTIME86" fromID="T1" fromText="2015-07-19" toID="E88" toText="noted" type="AFTER" />
<TLINK id="SECTIME87" fromID="T1" fromText="2015-07-19" toID="E89" toText="mild transaminitis" type="AFTER" />
<TLINK id="SECTIME88" fromID="T1" fromText="2015-07-19" toID="E90" toText="admission" type="AFTER" />
<TLINK id="SECTIME89" fromID="T1" fromText="2015-07-19" toID="E91" toText="her significant infection" type="AFTER" />
<TLINK id="SECTIME90" fromID="T1" fromText="2015-07-19" toID="E92" toText="followed" type="BEFORE" />
<TLINK id="SECTIME91" fromID="T1" fromText="2015-07-19" toID="E93" toText="normal" type="AFTER" />
<TLINK id="SECTIME92" fromID="T1" fromText="2015-07-19" toID="E94" toText="Anemia" type="AFTER" />
<TLINK id="SECTIME93" fromID="T1" fromText="2015-07-19" toID="E95" toText="The patient 's reticulocyte count" type="AFTER" />
<TLINK id="SECTIME94" fromID="T1" fromText="2015-07-19" toID="E96" toText="showed" type="AFTER" />
<TLINK id="SECTIME95" fromID="T1" fromText="2015-07-19" toID="E97" toText="inadequate production" type="AFTER" />
<TLINK id="SECTIME96" fromID="T1" fromText="2015-07-19" toID="E98" toText="Iron studies" type="AFTER" />
<TLINK id="SECTIME97" fromID="T1" fromText="2015-07-19" toID="E99" toText="showed" type="AFTER" />
<TLINK id="SECTIME98" fromID="T1" fromText="2015-07-19" toID="E100" toText="decreased iron" type="AFTER" />
<TLINK id="SECTIME99" fromID="T1" fromText="2015-07-19" toID="E101" toText="decreased iron to TIBC ratio" type="AFTER" />
<TLINK id="SECTIME100" fromID="T1" fromText="2015-07-19" toID="E102" toText="iron-deficiency anemia" type="AFTER" />
<TLINK id="SECTIME101" fromID="T1" fromText="2015-07-19" toID="E103" toText="high MCV" type="AFTER" />
<TLINK id="SECTIME102" fromID="T1" fromText="2015-07-19" toID="E104" toText="B12" type="AFTER" />
<TLINK id="SECTIME103" fromID="T1" fromText="2015-07-19" toID="E105" toText="low" type="AFTER" />
<TLINK id="SECTIME104" fromID="T1" fromText="2015-07-19" toID="E106" toText="injection" type="AFTER" />
<TLINK id="SECTIME105" fromID="T1" fromText="2015-07-19" toID="E107" toText="IM B12" type="AFTER" />
<TLINK id="SECTIME106" fromID="T1" fromText="2015-07-19" toID="E108" toText="the hospital" type="AFTER" />
<TLINK id="SECTIME107" fromID="T1" fromText="2015-07-19" toID="E109" toText="iron supplementation" type="AFTER" />
<TLINK id="SECTIME108" fromID="T1" fromText="2015-07-19" toID="E110" toText="Hypothyroidism" type="AFTER" />
<TLINK id="SECTIME109" fromID="T1" fromText="2015-07-19" toID="E111" toText="Synthroid" type="AFTER" />
<TLINK id="SECTIME110" fromID="T1" fromText="2015-07-19" toID="E112" toText="her chronic hypothyroidism" type="AFTER" />
<TLINK id="TL133" fromID="E3" fromText="Shaugnessy-Kaplan Rehab Hospital" toID="E5" toText="her PCP" type="OVERLAP" />
<TLINK id="TL134" fromID="E21" fromText="increasing respiratory distress" toID="E23" toText="significantly tachypneic" type="OVERLAP" />
<TLINK id="TL135" fromID="E22" fromText="hypoxia" toID="E23" toText="significantly tachypneic" type="OVERLAP" />
<TLINK id="TL136" fromID="E23" fromText="significantly tachypneic" toID="E21" toText="increasing respiratory distress" type="OVERLAP" />
<TLINK id="TL137" fromID="E23" fromText="significantly tachypneic" toID="E22" toText="hypoxia" type="OVERLAP" />
<TLINK id="TL138" fromID="E49" fromText="a persistent fairly severe cough" toID="E54" toText="The cough" type="OVERLAP" />
<TLINK id="TL139" fromID="E50" fromText="her cough" toID="E54" toText="The cough" type="OVERLAP" />
<TLINK id="TL140" fromID="E53" fromText="repeated coughing" toID="E54" toText="The cough" type="OVERLAP" />
<TLINK id="TL141" fromID="E54" fromText="The cough" toID="E49" toText="a persistent fairly severe cough" type="OVERLAP" />
<TLINK id="TL142" fromID="E54" fromText="The cough" toID="E50" toText="her cough" type="OVERLAP" />
<TLINK id="TL143" fromID="E54" fromText="The cough" toID="E53" toText="repeated coughing" type="OVERLAP" />
<TLINK id="TL144" fromID="E56" fromText="breathing comfortably" toID="E58" toText="any cultures" type="OVERLAP" />
<TLINK id="TL145" fromID="E56" fromText="breathing comfortably" toID="E60" toText="the hospitalization" type="OVERLAP" />
<TLINK id="TL146" fromID="E69" fromText="Levaquin" toID="E73" toText="Levaquin" type="OVERLAP" />
<TLINK id="TL147" fromID="E70" fromText="the hospital" toID="E72" toText="the hospital" type="OVERLAP" />
<TLINK id="TL148" fromID="E72" fromText="the hospital" toID="E70" toText="the hospital" type="OVERLAP" />
<TLINK id="TL149" fromID="E72" fromText="the hospital" toID="E75" toText="her oxygenation" type="OVERLAP" />
<TLINK id="TL150" fromID="E73" fromText="Levaquin" toID="E69" toText="Levaquin" type="OVERLAP" />
<TLINK id="TL151" fromID="E74" fromText="gradual improvement" toID="E76" toText="Pain control" type="OVERLAP" />
<TLINK id="TL152" fromID="E75" fromText="her oxygenation" toID="E76" toText="Pain control" type="OVERLAP" />
<TLINK id="TL153" fromID="E76" fromText="Pain control" toID="E77" toText="fairly significant abdominal pain" type="OVERLAP" />
<TLINK id="TL154" fromID="E76" fromText="Pain control" toID="E78" toText="persistent cough" type="OVERLAP" />
<TLINK id="TL155" fromID="E81" fromText="breakthrough pain" toID="E83" toText="the pain" type="OVERLAP" />
<TLINK id="TL156" fromID="E83" fromText="the pain" toID="E81" toText="breakthrough pain" type="OVERLAP" />
<TLINK id="TL157" fromID="E87" fromText="Transaminitis" toID="E88" toText="noted" type="OVERLAP" />
<TLINK id="TL158" fromID="E87" fromText="Transaminitis" toID="E89" toText="mild transaminitis" type="OVERLAP" />
<TLINK id="TL159" fromID="E87" fromText="Transaminitis" toID="E90" toText="admission" type="OVERLAP" />
<TLINK id="TL160" fromID="E88" fromText="noted" toID="E87" toText="Transaminitis" type="OVERLAP" />
<TLINK id="TL161" fromID="E89" fromText="mild transaminitis" toID="E87" toText="Transaminitis" type="OVERLAP" />
<TLINK id="TL162" fromID="E89" fromText="mild transaminitis" toID="E91" toText="her significant infection" type="OVERLAP" />
<TLINK id="TL163" fromID="E90" fromText="admission" toID="E91" toText="her significant infection" type="OVERLAP" />
<TLINK id="TL164" fromID="E91" fromText="her significant infection" toID="E89" toText="mild transaminitis" type="OVERLAP" />
<TLINK id="TL165" fromID="E94" fromText="Anemia" toID="E95" toText="The patient 's reticulocyte count" type="OVERLAP" />
<TLINK id="TL166" fromID="E94" fromText="Anemia" toID="E97" toText="inadequate production" type="OVERLAP" />
<TLINK id="TL167" fromID="E95" fromText="The patient 's reticulocyte count" toID="E94" toText="Anemia" type="OVERLAP" />
<TLINK id="TL168" fromID="E96" fromText="showed" toID="E99" toText="showed" type="OVERLAP" />
<TLINK id="TL169" fromID="E97" fromText="inadequate production" toID="E94" toText="Anemia" type="OVERLAP" />
<TLINK id="TL170" fromID="E99" fromText="showed" toID="E96" toText="showed" type="OVERLAP" />
<TLINK id="TL171" fromID="E110" fromText="Hypothyroidism" toID="E111" toText="Synthroid" type="OVERLAP" />
<TLINK id="TL172" fromID="E110" fromText="Hypothyroidism" toID="E112" toText="her chronic hypothyroidism" type="OVERLAP" />
<TLINK id="TL173" fromID="E112" fromText="her chronic hypothyroidism" toID="E110" toText="Hypothyroidism" type="OVERLAP" />
<TLINK id="SECTIME111" fromID="E0" fromText="Admission" toID="T0" toText="2015-07-12" type="OVERLAP" />
<TLINK id="SECTIME112" fromID="T0" fromText="2015-07-12" toID="E0" toText="Admission" type="OVERLAP" />
<TLINK id="SECTIME113" fromID="T0" fromText="2015-07-12" toID="E1" toText="Discharge" type="BEFORE" />
<TLINK id="SECTIME114" fromID="E1" fromText="Discharge" toID="T0" toText="2015-07-12" type="AFTER" />
<TLINK id="SECTIME115" fromID="E1" fromText="Discharge" toID="T1" toText="2015-07-19" type="OVERLAP" />
<TLINK id="SECTIME116" fromID="T1" fromText="2015-07-19" toID="E1" toText="Discharge" type="OVERLAP" />
<TLINK id="TL174" fromID="E7" fromText="increasing cough" toID="E49" toText="a persistent fairly severe cough" type="OVERLAP" />
<TLINK id="TL175" fromID="E7" fromText="increasing cough" toID="E50" toText="her cough" type="OVERLAP" />
<TLINK id="TL176" fromID="E7" fromText="increasing cough" toID="E53" toText="repeated coughing" type="OVERLAP" />
<TLINK id="TL177" fromID="E7" fromText="increasing cough" toID="E54" toText="The cough" type="OVERLAP" />
<TLINK id="TL178" fromID="E7" fromText="increasing cough" toID="E78" toText="persistent cough" type="OVERLAP" />
<TLINK id="TL179" fromID="E12" fromText="albuterol" toID="E62" toText="albuterol nebulizers" type="OVERLAP" />
<TLINK id="TL180" fromID="E18" fromText="Levaquin" toID="E38" toText="Levaquin" type="OVERLAP" />
<TLINK id="TL181" fromID="E18" fromText="Levaquin" toID="E69" toText="Levaquin" type="OVERLAP" />
<TLINK id="TL182" fromID="E18" fromText="Levaquin" toID="E73" toText="Levaquin" type="OVERLAP" />
<TLINK id="TL183" fromID="E19" fromText="a right lower lobe pneumonia" toID="E33" toText="community - acquired pneumonia" type="OVERLAP" />
<TLINK id="TL184" fromID="E19" fromText="a right lower lobe pneumonia" toID="E37" toText="her pneumonia" type="OVERLAP" />
<TLINK id="TL185" fromID="E27" fromText="ARDS" toID="E32" toText="acute respiratory distress syndrome" type="OVERLAP" />
<TLINK id="TL186" fromID="E32" fromText="acute respiratory distress syndrome" toID="E27" toText="ARDS" type="OVERLAP" />
<TLINK id="TL187" fromID="E33" fromText="community - acquired pneumonia" toID="E19" toText="a right lower lobe pneumonia" type="OVERLAP" />
<TLINK id="TL188" fromID="E33" fromText="community - acquired pneumonia" toID="E37" toText="her pneumonia" type="OVERLAP" />
<TLINK id="TL189" fromID="E36" fromText="antibiotic coverage" toID="E59" toText="the triple antibiotics" type="OVERLAP" />
<TLINK id="TL190" fromID="E36" fromText="antibiotic coverage" toID="E66" toText="the antibiotics" type="OVERLAP" />
<TLINK id="TL191" fromID="E37" fromText="her pneumonia" toID="E19" toText="a right lower lobe pneumonia" type="OVERLAP" />
<TLINK id="TL192" fromID="E37" fromText="her pneumonia" toID="E33" toText="community - acquired pneumonia" type="OVERLAP" />
<TLINK id="TL193" fromID="E38" fromText="Levaquin" toID="E18" toText="Levaquin" type="OVERLAP" />
<TLINK id="TL194" fromID="E38" fromText="Levaquin" toID="E69" toText="Levaquin" type="OVERLAP" />
<TLINK id="TL195" fromID="E38" fromText="Levaquin" toID="E73" toText="Levaquin" type="OVERLAP" />
<TLINK id="TL196" fromID="E39" fromText="ceftriaxone" toID="E71" toText="The ceftriaxone" type="OVERLAP" />
<TLINK id="TL197" fromID="E40" fromText="vancomycin" toID="E68" toText="The vancomycin" type="OVERLAP" />
<TLINK id="TL198" fromID="E46" fromText="extubation" toID="E65" toText="extubation" type="OVERLAP" />
<TLINK id="TL199" fromID="E49" fromText="a persistent fairly severe cough" toID="E7" toText="increasing cough" type="OVERLAP" />
<TLINK id="TL200" fromID="E49" fromText="a persistent fairly severe cough" toID="E50" toText="her cough" type="OVERLAP" />
<TLINK id="TL201" fromID="E49" fromText="a persistent fairly severe cough" toID="E53" toText="repeated coughing" type="OVERLAP" />
<TLINK id="TL202" fromID="E49" fromText="a persistent fairly severe cough" toID="E54" toText="The cough" type="OVERLAP" />
<TLINK id="TL203" fromID="E49" fromText="a persistent fairly severe cough" toID="E78" toText="persistent cough" type="OVERLAP" />
<TLINK id="TL204" fromID="E50" fromText="her cough" toID="E7" toText="increasing cough" type="OVERLAP" />
<TLINK id="TL205" fromID="E50" fromText="her cough" toID="E49" toText="a persistent fairly severe cough" type="OVERLAP" />
<TLINK id="TL206" fromID="E50" fromText="her cough" toID="E53" toText="repeated coughing" type="OVERLAP" />
<TLINK id="TL207" fromID="E50" fromText="her cough" toID="E54" toText="The cough" type="OVERLAP" />
<TLINK id="TL208" fromID="E50" fromText="her cough" toID="E78" toText="persistent cough" type="OVERLAP" />
<TLINK id="TL209" fromID="E52" fromText="abdominal muscle pain" toID="E77" toText="fairly significant abdominal pain" type="OVERLAP" />
<TLINK id="TL210" fromID="E52" fromText="abdominal muscle pain" toID="E83" toText="the pain" type="OVERLAP" />
<TLINK id="TL211" fromID="E53" fromText="repeated coughing" toID="E7" toText="increasing cough" type="OVERLAP" />
<TLINK id="TL212" fromID="E53" fromText="repeated coughing" toID="E49" toText="a persistent fairly severe cough" type="OVERLAP" />
<TLINK id="TL213" fromID="E53" fromText="repeated coughing" toID="E50" toText="her cough" type="OVERLAP" />
<TLINK id="TL214" fromID="E53" fromText="repeated coughing" toID="E54" toText="The cough" type="OVERLAP" />
<TLINK id="TL215" fromID="E53" fromText="repeated coughing" toID="E78" toText="persistent cough" type="OVERLAP" />
<TLINK id="TL216" fromID="E54" fromText="The cough" toID="E7" toText="increasing cough" type="OVERLAP" />
<TLINK id="TL217" fromID="E54" fromText="The cough" toID="E49" toText="a persistent fairly severe cough" type="OVERLAP" />
<TLINK id="TL218" fromID="E54" fromText="The cough" toID="E50" toText="her cough" type="OVERLAP" />
<TLINK id="TL219" fromID="E54" fromText="The cough" toID="E53" toText="repeated coughing" type="OVERLAP" />
<TLINK id="TL220" fromID="E54" fromText="The cough" toID="E78" toText="persistent cough" type="OVERLAP" />
<TLINK id="TL221" fromID="E59" fromText="the triple antibiotics" toID="E36" toText="antibiotic coverage" type="OVERLAP" />
<TLINK id="TL222" fromID="E59" fromText="the triple antibiotics" toID="E66" toText="the antibiotics" type="OVERLAP" />
<TLINK id="TL223" fromID="E62" fromText="albuterol nebulizers" toID="E12" toText="albuterol" type="OVERLAP" />
<TLINK id="TL224" fromID="E65" fromText="extubation" toID="E46" toText="extubation" type="OVERLAP" />
<TLINK id="TL225" fromID="E66" fromText="the antibiotics" toID="E36" toText="antibiotic coverage" type="OVERLAP" />
<TLINK id="TL226" fromID="E66" fromText="the antibiotics" toID="E59" toText="the triple antibiotics" type="OVERLAP" />
<TLINK id="TL227" fromID="E68" fromText="The vancomycin" toID="E40" toText="vancomycin" type="OVERLAP" />
<TLINK id="TL228" fromID="E69" fromText="Levaquin" toID="E18" toText="Levaquin" type="OVERLAP" />
<TLINK id="TL229" fromID="E69" fromText="Levaquin" toID="E38" toText="Levaquin" type="OVERLAP" />
<TLINK id="TL230" fromID="E69" fromText="Levaquin" toID="E73" toText="Levaquin" type="OVERLAP" />
<TLINK id="TL231" fromID="E71" fromText="The ceftriaxone" toID="E39" toText="ceftriaxone" type="OVERLAP" />
<TLINK id="TL232" fromID="E73" fromText="Levaquin" toID="E18" toText="Levaquin" type="OVERLAP" />
<TLINK id="TL233" fromID="E73" fromText="Levaquin" toID="E38" toText="Levaquin" type="OVERLAP" />
<TLINK id="TL234" fromID="E73" fromText="Levaquin" toID="E69" toText="Levaquin" type="OVERLAP" />
<TLINK id="TL235" fromID="E77" fromText="fairly significant abdominal pain" toID="E52" toText="abdominal muscle pain" type="OVERLAP" />
<TLINK id="TL236" fromID="E77" fromText="fairly significant abdominal pain" toID="E83" toText="the pain" type="OVERLAP" />
<TLINK id="TL237" fromID="E78" fromText="persistent cough" toID="E7" toText="increasing cough" type="OVERLAP" />
<TLINK id="TL238" fromID="E78" fromText="persistent cough" toID="E49" toText="a persistent fairly severe cough" type="OVERLAP" />
<TLINK id="TL239" fromID="E78" fromText="persistent cough" toID="E50" toText="her cough" type="OVERLAP" />
<TLINK id="TL240" fromID="E78" fromText="persistent cough" toID="E53" toText="repeated coughing" type="OVERLAP" />
<TLINK id="TL241" fromID="E78" fromText="persistent cough" toID="E54" toText="The cough" type="OVERLAP" />
<TLINK id="TL242" fromID="E83" fromText="the pain" toID="E52" toText="abdominal muscle pain" type="OVERLAP" />
<TLINK id="TL243" fromID="E83" fromText="the pain" toID="E77" toText="fairly significant abdominal pain" type="OVERLAP" />
<TLINK id="TL244" fromID="E87" fromText="Transaminitis" toID="E89" toText="mild transaminitis" type="OVERLAP" />
<TLINK id="TL245" fromID="E89" fromText="mild transaminitis" toID="E87" toText="Transaminitis" type="OVERLAP" />
<TLINK id="TL246" fromID="E94" fromText="Anemia" toID="E102" toText="iron-deficiency anemia" type="OVERLAP" />
<TLINK id="TL247" fromID="E102" fromText="iron-deficiency anemia" toID="E94" toText="Anemia" type="OVERLAP" />
<TLINK id="TL248" fromID="E110" fromText="Hypothyroidism" toID="E112" toText="her chronic hypothyroidism" type="OVERLAP" />
<TLINK id="TL249" fromID="E112" fromText="her chronic hypothyroidism" toID="E110" toText="Hypothyroidism" type="OVERLAP" />
<TLINK id="TL250" fromID="T2" fromText="one week" toID="E5" toText="her PCP" type="AFTER" />
<TLINK id="TL251" fromID="T2" fromText="one week" toID="E7" toText="increasing cough" type="AFTER" />
<TLINK id="TL252" fromID="T2" fromText="one week" toID="E8" toText="dyspnea" type="AFTER" />
<TLINK id="TL253" fromID="T2" fromText="one week" toID="E9" toText="fatigue" type="AFTER" />
<TLINK id="TL254" fromID="E5" fromText="her PCP" toID="T2" toText="one week" type="BEFORE" />
<TLINK id="TL255" fromID="E7" fromText="increasing cough" toID="T2" toText="one week" type="BEFORE" />
<TLINK id="TL256" fromID="E8" fromText="dyspnea" toID="T2" toText="one week" type="BEFORE" />
<TLINK id="TL257" fromID="E9" fromText="fatigue" toID="T2" toText="one week" type="BEFORE" />
<TLINK id="TL258" fromID="T3" fromText="2015-07-10" toID="E15" toText="Shaugnessy-Kaplan Rehab Hospital" type="BEFORE" />
<TLINK id="TL259" fromID="E15" fromText="Shaugnessy-Kaplan Rehab Hospital" toID="T3" toText="2015-07-10" type="AFTER" />
<TLINK id="TL260" fromID="E17" fromText="Rocephin" toID="E20" toText="chest x-ray" type="AFTER" />
<TLINK id="TL261" fromID="E20" fromText="chest x-ray" toID="E17" toText="Rocephin" type="BEFORE" />
<TLINK id="TL262" fromID="T4" fromText="this time" toID="E25" toText="showed" type="AFTER" />
<TLINK id="TL263" fromID="T4" fromText="this time" toID="E26" toText="bilateral diffuse infiltrates" type="AFTER" />
<TLINK id="TL264" fromID="T4" fromText="this time" toID="E27" toText="ARDS" type="AFTER" />
<TLINK id="TL265" fromID="E25" fromText="showed" toID="T4" toText="this time" type="BEFORE" />
<TLINK id="TL266" fromID="E26" fromText="bilateral diffuse infiltrates" toID="T4" toText="this time" type="BEFORE" />
<TLINK id="TL267" fromID="E27" fromText="ARDS" toID="T4" toText="this time" type="BEFORE" />
<TLINK id="TL268" fromID="T5" fromText="the next two days" toID="T6" toText="two days" type="OVERLAP" />
<TLINK id="TL269" fromID="T5" fromText="the next two days" toID="E44" toText="extubated" type="OVERLAP" />
<TLINK id="TL270" fromID="T5" fromText="the next two days" toID="E45" toText="transferred" type="BEFORE" />
<TLINK id="TL271" fromID="T6" fromText="two days" toID="T5" toText="the next two days" type="OVERLAP" />
<TLINK id="TL272" fromID="T6" fromText="two days" toID="E41" toText="admission" type="AFTER" />
<TLINK id="TL273" fromID="T6" fromText="two days" toID="E42" toText="the patient 's vent settings" type="AFTER" />
<TLINK id="TL274" fromID="T6" fromText="two days" toID="E43" toText="weaned" type="AFTER" />
<TLINK id="TL275" fromID="T6" fromText="two days" toID="E45" toText="transferred" type="BEFORE" />
<TLINK id="TL276" fromID="E41" fromText="admission" toID="T6" toText="two days" type="BEFORE" />
<TLINK id="TL277" fromID="E41" fromText="admission" toID="E42" toText="the patient 's vent settings" type="BEFORE" />
<TLINK id="TL278" fromID="E41" fromText="admission" toID="E43" toText="weaned" type="BEFORE" />
<TLINK id="TL279" fromID="E41" fromText="admission" toID="E44" toText="extubated" type="BEFORE" />
<TLINK id="TL280" fromID="E42" fromText="the patient 's vent settings" toID="T6" toText="two days" type="BEFORE" />
<TLINK id="TL281" fromID="E42" fromText="the patient 's vent settings" toID="E41" toText="admission" type="AFTER" />
<TLINK id="TL282" fromID="E42" fromText="the patient 's vent settings" toID="E44" toText="extubated" type="BEFORE" />
<TLINK id="TL283" fromID="E43" fromText="weaned" toID="T6" toText="two days" type="BEFORE" />
<TLINK id="TL284" fromID="E43" fromText="weaned" toID="E41" toText="admission" type="AFTER" />
<TLINK id="TL285" fromID="E43" fromText="weaned" toID="E44" toText="extubated" type="BEFORE" />
<TLINK id="TL286" fromID="E44" fromText="extubated" toID="T5" toText="the next two days" type="OVERLAP" />
<TLINK id="TL287" fromID="E44" fromText="extubated" toID="E41" toText="admission" type="AFTER" />
<TLINK id="TL288" fromID="E44" fromText="extubated" toID="E42" toText="the patient 's vent settings" type="AFTER" />
<TLINK id="TL289" fromID="E44" fromText="extubated" toID="E43" toText="weaned" type="AFTER" />
<TLINK id="TL290" fromID="E44" fromText="extubated" toID="E45" toText="transferred" type="BEFORE" />
<TLINK id="TL291" fromID="E45" fromText="transferred" toID="T5" toText="the next two days" type="AFTER" />
<TLINK id="TL292" fromID="E45" fromText="transferred" toID="T6" toText="two days" type="AFTER" />
<TLINK id="TL293" fromID="E45" fromText="transferred" toID="E44" toText="extubated" type="AFTER" />
<TLINK id="TL294" fromID="T7" fromText="first several days" toID="E57" toText="identified bacterial pathogen" type="OVERLAP" />
<TLINK id="TL295" fromID="T7" fromText="first several days" toID="E58" toText="any cultures" type="OVERLAP" />
<TLINK id="TL296" fromID="E57" fromText="identified bacterial pathogen" toID="T7" toText="first several days" type="OVERLAP" />
<TLINK id="TL297" fromID="E58" fromText="any cultures" toID="T7" toText="first several days" type="OVERLAP" />
<TLINK id="TL298" fromID="E64" fromText="the ICU" toID="E65" toText="extubation" type="AFTER" />
<TLINK id="TL299" fromID="E65" fromText="extubation" toID="E64" toText="the ICU" type="BEFORE" />
<TLINK id="TL300" fromID="T8" fromText="four days" toID="E68" toText="The vancomycin" type="OVERLAP" />
<TLINK id="TL301" fromID="E68" fromText="The vancomycin" toID="T8" toText="four days" type="OVERLAP" />
<TLINK id="TL302" fromID="T9" fromText="four days" toID="E73" toText="Levaquin" type="BEFORE" />
<TLINK id="TL303" fromID="E72" fromText="the hospital" toID="E73" toText="Levaquin" type="OVERLAP" />
<TLINK id="TL304" fromID="E73" fromText="Levaquin" toID="T9" toText="four days" type="AFTER" />
<TLINK id="TL305" fromID="E73" fromText="Levaquin" toID="E72" toText="the hospital" type="OVERLAP" />
</TAGS>
</ClinicalNarrativeTemporalAnnotation>
