<?xml version="1.0" encoding="UTF-8" ?>
<ClinicalNarrativeTemporalAnnotation>
<TEXT><![CDATA[
Admission Date :
2010-07-15
Discharge Date :
2010-07-18
Service :
KULAND
HISTORY OF PRESENT ILLNESS :
The patient is a 32-year-old white female with history of diabetes type 1 and migraines who presented with complaints of nausea , diarrhea and vomiting for 24 hours .
Patient states she was unable to take her usual insulin regimen because she was vomiting .
The patient denied any fevers , chills , chest pain , shortness of breath or dysuria but does state she had her usual migraine headache the night prior to admission .
The patient 's arterial blood gases in the Emergency Department were 7.19 , 22 and 109 with a bicarbonate of 9 and a fingerstick of greater than 500 .
Patient was given two boluses of 15 units of regular insulin and was started on an insulin drip of one unit per hour and given a total of five liters of normal saline .
Her fingersticks decreased with the insulin drip and the intravenous fluids .
The patient was admitted to the Intensive Care Unit for an insulin drip and frequent blood sugar monitoring and Chem-7 monitoring .
The patient did well overnight in the Medical Intensive Care Unit .
Her anion gap closed and her fingersticks were less than 200 .
Her NPH and a regular sliding scale were started and her drip was discontinued .
The patient denied any more gastrointestinal symptoms .
HOSPITAL COURSE :
As above , and once transferred to the floor , patient had fingersticks monitored every four hours with a sliding scale .
Patient reached goal of fingersticks between 50 and 300 , which is what she maintains at home .
Sliding scale was adjusted as necessary .
Patient was continued on intravenous fluids until taking good po .
Infectious Disease :
The patient had an elevated white count upon admission , however , white count came down to 7.1 and prior to discharge , patient was afebrile and no clear etiology for elevated white blood cell on admission , questionably secondary to short gastrointestinal infection , however , patient is completely symptom free upon discharge .
Fluid , electrolytes and nutrition :
The patient 's electrolytes were repleted as necessary .
Potassium was given with her intravenous fluids and phosphate will be repleted as patient increases her po intake .
]]></TEXT>
<TAGS>
<EVENT id="E0" start="1" end="10" text="Admission" modality="FACTUAL" polarity="POS" type="OCCURRENCE" />
<EVENT id="E1" start="29" end="38" text="Discharge" modality="FACTUAL" polarity="POS" type="OCCURRENCE" />
<EVENT id="E2" start="161" end="174" text="diabetes type" modality="FACTUAL" polarity="POS" type="PROBLEM" />
<EVENT id="E3" start="181" end="190" text="migraines" modality="FACTUAL" polarity="POS" type="PROBLEM" />
<EVENT id="E4" start="195" end="204" text="presented" modality="FACTUAL" polarity="POS" type="OCCURRENCE" />
<EVENT id="E5" start="210" end="220" text="complaints" modality="FACTUAL" polarity="NEG" type="PROBLEM" />
<EVENT id="E6" start="224" end="230" text="nausea" modality="FACTUAL" polarity="POS" type="PROBLEM" />
<EVENT id="E7" start="233" end="241" text="diarrhea" modality="FACTUAL" polarity="POS" type="PROBLEM" />
<EVENT id="E8" start="246" end="254" text="vomiting" modality="FACTUAL" polarity="POS" type="PROBLEM" />
<EVENT id="E9" start="278" end="284" text="states" modality="FACTUAL" polarity="POS" type="EVIDENTIAL" />
<EVENT id="E10" start="308" end="333" text="her usual insulin regimen" modality="FACTUAL" polarity="POS" type="TREATMENT" />
<EVENT id="E11" start="350" end="358" text="vomiting" modality="FACTUAL" polarity="POS" type="PROBLEM" />
<EVENT id="E12" start="373" end="379" text="denied" modality="FACTUAL" polarity="POS" type="EVIDENTIAL" />
<EVENT id="E13" start="384" end="390" text="fevers" modality="FACTUAL" polarity="NEG" type="PROBLEM" />
<EVENT id="E14" start="393" end="399" text="chills" modality="FACTUAL" polarity="NEG" type="PROBLEM" />
<EVENT id="E15" start="402" end="412" text="chest pain" modality="FACTUAL" polarity="NEG" type="PROBLEM" />
<EVENT id="E16" start="415" end="434" text="shortness of breath" modality="FACTUAL" polarity="NEG" type="PROBLEM" />
<EVENT id="E17" start="438" end="445" text="dysuria" modality="FACTUAL" polarity="NEG" type="PROBLEM" />
<EVENT id="E18" start="455" end="460" text="state" modality="FACTUAL" polarity="POS" type="EVIDENTIAL" />
<EVENT id="E19" start="469" end="496" text="her usual migraine headache" modality="FACTUAL" polarity="POS" type="PROBLEM" />
<EVENT id="E20" start="516" end="525" text="admission" modality="FACTUAL" polarity="POS" type="OCCURRENCE" />
<EVENT id="E21" start="528" end="563" text="The patient 's arterial blood gases" modality="FACTUAL" polarity="POS" type="TEST" />
<EVENT id="E22" start="567" end="591" text="the Emergency Department" modality="FACTUAL" polarity="POS" type="CLINICAL_DEPT" />
<EVENT id="E23" start="620" end="633" text="a bicarbonate" modality="FACTUAL" polarity="POS" type="TEST" />
<EVENT id="E24" start="643" end="656" text="a fingerstick" modality="FACTUAL" polarity="POS" type="TEST" />
<EVENT id="E25" start="697" end="739" text="two boluses of 15 units of regular insulin" modality="FACTUAL" polarity="POS" type="TREATMENT" />
<EVENT id="E26" start="759" end="774" text="an insulin drip" modality="FACTUAL" polarity="POS" type="TREATMENT" />
<EVENT id="E27" start="806" end="845" text="a total of five liters of normal saline" modality="FACTUAL" polarity="POS" type="TREATMENT" />
<EVENT id="E28" start="848" end="864" text="Her fingersticks" modality="FACTUAL" polarity="POS" type="TEST" />
<EVENT id="E29" start="865" end="874" text="decreased" modality="FACTUAL" polarity="POS" type="OCCURRENCE" />
<EVENT id="E30" start="880" end="896" text="the insulin drip" modality="FACTUAL" polarity="POS" type="TREATMENT" />
<EVENT id="E31" start="901" end="923" text="the intravenous fluids" modality="FACTUAL" polarity="POS" type="TREATMENT" />
<EVENT id="E32" start="942" end="950" text="admitted" modality="FACTUAL" polarity="POS" type="OCCURRENCE" />
<EVENT id="E33" start="954" end="977" text="the Intensive Care Unit" modality="FACTUAL" polarity="POS" type="CLINICAL_DEPT" />
<EVENT id="E34" start="982" end="997" text="an insulin drip" modality="FACTUAL" polarity="POS" type="TREATMENT" />
<EVENT id="E35" start="1002" end="1033" text="frequent blood sugar monitoring" modality="FACTUAL" polarity="POS" type="TEST" />
<EVENT id="E36" start="1038" end="1055" text="Chem-7 monitoring" modality="FACTUAL" polarity="POS" type="TEST" />
<EVENT id="E37" start="1074" end="1078" text="well" modality="FACTUAL" polarity="POS" type="OCCURRENCE" />
<EVENT id="E38" start="1092" end="1123" text="the Medical Intensive Care Unit" modality="FACTUAL" polarity="POS" type="CLINICAL_DEPT" />
<EVENT id="E39" start="1126" end="1139" text="Her anion gap" modality="FACTUAL" polarity="POS" type="TEST" />
<EVENT id="E40" start="1151" end="1167" text="her fingersticks" modality="FACTUAL" polarity="POS" type="TEST" />
<EVENT id="E41" start="1189" end="1196" text="Her NPH" modality="FACTUAL" polarity="POS" type="TREATMENT" />
<EVENT id="E42" start="1201" end="1224" text="a regular sliding scale" modality="FACTUAL" polarity="POS" type="TREATMENT" />
<EVENT id="E43" start="1242" end="1250" text="her drip" modality="FACTUAL" polarity="NEG" type="TREATMENT" />
<EVENT id="E44" start="1282" end="1288" text="denied" modality="FACTUAL" polarity="POS" type="EVIDENTIAL" />
<EVENT id="E45" start="1289" end="1323" text="any more gastrointestinal symptoms" modality="FACTUAL" polarity="NEG" type="PROBLEM" />
<EVENT id="E46" start="1364" end="1375" text="transferred" modality="FACTUAL" polarity="POS" type="OCCURRENCE" />
<EVENT id="E47" start="1379" end="1388" text="the floor" modality="FACTUAL" polarity="POS" type="CLINICAL_DEPT" />
<EVENT id="E48" start="1403" end="1425" text="fingersticks monitored" modality="FACTUAL" polarity="POS" type="TEST" />
<EVENT id="E49" start="1448" end="1463" text="a sliding scale" modality="FACTUAL" polarity="POS" type="TREATMENT" />
<EVENT id="E50" start="1490" end="1502" text="fingersticks" modality="FACTUAL" polarity="POS" type="TEST" />
<EVENT id="E51" start="1562" end="1575" text="Sliding scale" modality="FACTUAL" polarity="POS" type="TREATMENT" />
<EVENT id="E52" start="1580" end="1588" text="adjusted" modality="FACTUAL" polarity="POS" type="OCCURRENCE" />
<EVENT id="E53" start="1629" end="1647" text="intravenous fluids" modality="FACTUAL" polarity="POS" type="TREATMENT" />
<EVENT id="E54" start="1661" end="1668" text="good po" modality="FACTUAL" polarity="POS" type="OCCURRENCE" />
<EVENT id="E55" start="1708" end="1731" text="an elevated white count" modality="FACTUAL" polarity="POS" type="PROBLEM" />
<EVENT id="E56" start="1737" end="1746" text="admission" modality="FACTUAL" polarity="POS" type="OCCURRENCE" />
<EVENT id="E57" start="1759" end="1770" text="white count" modality="FACTUAL" polarity="POS" type="TEST" />
<EVENT id="E58" start="1825" end="1833" text="afebrile" modality="FACTUAL" polarity="POS" type="PROBLEM" />
<EVENT id="E59" start="1841" end="1855" text="clear etiology" modality="FACTUAL" polarity="NEG" type="OCCURRENCE" />
<EVENT id="E60" start="1860" end="1885" text="elevated white blood cell" modality="FACTUAL" polarity="POS" type="PROBLEM" />
<EVENT id="E61" start="1889" end="1898" text="admission" modality="FACTUAL" polarity="POS" type="OCCURRENCE" />
<EVENT id="E62" start="1927" end="1959" text="short gastrointestinal infection" modality="FACTUAL" polarity="POS" type="PROBLEM" />
<EVENT id="E63" start="2012" end="2021" text="discharge" modality="FACTUAL" polarity="POS" type="OCCURRENCE" />
<EVENT id="E64" start="2061" end="2088" text="The patient 's electrolytes" modality="FACTUAL" polarity="POS" type="TEST" />
<EVENT id="E65" start="2118" end="2127" text="Potassium" modality="FACTUAL" polarity="POS" type="TREATMENT" />
<EVENT id="E66" start="2143" end="2165" text="her intravenous fluids" modality="FACTUAL" polarity="POS" type="TREATMENT" />
<EVENT id="E67" start="2170" end="2179" text="phosphate" modality="FACTUAL" polarity="POS" type="TREATMENT" />
<EVENT id="E68" start="2218" end="2231" text="her po intake" modality="FACTUAL" polarity="POS" type="OCCURRENCE" />
<TIMEX3 id="T0" start="18" end="28" text="2010-07-15" type="DATE" val="2010-07-15" mod="NA" />
<TIMEX3 id="T1" start="46" end="56" text="2010-07-18" type="DATE" val="2010-07-18" mod="NA" />
<TIMEX3 id="T2" start="259" end="267" text="24 hours" type="DURATION" val="PT24H" mod="NA" />
<TIMEX3 id="T3" start="497" end="506" text="the night" type="DATE" val="2010-07-14" mod="END" />
<TIMEX3 id="T4" start="787" end="795" text="per hour" type="FREQUENCY" val="RPT1H" mod="NA" />
<TIMEX3 id="T5" start="1079" end="1088" text="overnight" type="DURATION" val="PT12H" mod="APPROX" />
<TIMEX3 id="T6" start="1426" end="1442" text="every four hours" type="FREQUENCY" val="RPT4H" mod="NA" />
<TLINK id="TL0" fromID="E2" fromText="diabetes type" toID="E3" toText="migraines" type="OVERLAP" />
<TLINK id="TL1" fromID="E3" fromText="migraines" toID="E2" toText="diabetes type" type="OVERLAP" />
<TLINK id="TL2" fromID="E4" fromText="presented" toID="E5" toText="complaints" type="AFTER" />
<TLINK id="TL3" fromID="E5" fromText="complaints" toID="E4" toText="presented" type="BEFORE" />
<TLINK id="TL4" fromID="E5" fromText="complaints" toID="E6" toText="nausea" type="OVERLAP" />
<TLINK id="TL5" fromID="E6" fromText="nausea" toID="E5" toText="complaints" type="OVERLAP" />
<TLINK id="TL6" fromID="E9" fromText="states" toID="E10" toText="her usual insulin regimen" type="AFTER" />
<TLINK id="TL7" fromID="E10" fromText="her usual insulin regimen" toID="E9" toText="states" type="BEFORE" />
<TLINK id="TL8" fromID="E10" fromText="her usual insulin regimen" toID="E11" toText="vomiting" type="BEFORE" />
<TLINK id="TL9" fromID="E11" fromText="vomiting" toID="E10" toText="her usual insulin regimen" type="AFTER" />
<TLINK id="TL10" fromID="E12" fromText="denied" toID="E13" toText="fevers" type="AFTER" />
<TLINK id="TL11" fromID="E13" fromText="fevers" toID="E12" toText="denied" type="BEFORE" />
<TLINK id="TL12" fromID="E13" fromText="fevers" toID="E14" toText="chills" type="OVERLAP" />
<TLINK id="TL13" fromID="E14" fromText="chills" toID="E13" toText="fevers" type="OVERLAP" />
<TLINK id="TL14" fromID="E14" fromText="chills" toID="E15" toText="chest pain" type="OVERLAP" />
<TLINK id="TL15" fromID="E15" fromText="chest pain" toID="E14" toText="chills" type="OVERLAP" />
<TLINK id="TL16" fromID="E17" fromText="dysuria" toID="E16" toText="shortness of breath" type="OVERLAP" />
<TLINK id="TL17" fromID="E18" fromText="state" toID="E19" toText="her usual migraine headache" type="AFTER" />
<TLINK id="TL18" fromID="E19" fromText="her usual migraine headache" toID="E18" toText="state" type="BEFORE" />
<TLINK id="TL19" fromID="E21" fromText="The patient 's arterial blood gases" toID="E22" toText="the Emergency Department" type="OVERLAP" />
<TLINK id="TL20" fromID="E22" fromText="the Emergency Department" toID="E21" toText="The patient 's arterial blood gases" type="OVERLAP" />
<TLINK id="TL21" fromID="E22" fromText="the Emergency Department" toID="E23" toText="a bicarbonate" type="OVERLAP" />
<TLINK id="TL22" fromID="E23" fromText="a bicarbonate" toID="E22" toText="the Emergency Department" type="OVERLAP" />
<TLINK id="TL23" fromID="E23" fromText="a bicarbonate" toID="E24" toText="a fingerstick" type="OVERLAP" />
<TLINK id="TL24" fromID="E24" fromText="a fingerstick" toID="E23" toText="a bicarbonate" type="OVERLAP" />
<TLINK id="TL25" fromID="E28" fromText="Her fingersticks" toID="E29" toText="decreased" type="OVERLAP" />
<TLINK id="TL26" fromID="E29" fromText="decreased" toID="E28" toText="Her fingersticks" type="OVERLAP" />
<TLINK id="TL27" fromID="E29" fromText="decreased" toID="E30" toText="the insulin drip" type="OVERLAP" />
<TLINK id="TL28" fromID="E30" fromText="the insulin drip" toID="E29" toText="decreased" type="OVERLAP" />
<TLINK id="TL29" fromID="E30" fromText="the insulin drip" toID="E31" toText="the intravenous fluids" type="OVERLAP" />
<TLINK id="TL30" fromID="E31" fromText="the intravenous fluids" toID="E30" toText="the insulin drip" type="OVERLAP" />
<TLINK id="TL31" fromID="E32" fromText="admitted" toID="E33" toText="the Intensive Care Unit" type="BEFORE" />
<TLINK id="TL32" fromID="E33" fromText="the Intensive Care Unit" toID="E32" toText="admitted" type="AFTER" />
<TLINK id="TL33" fromID="E33" fromText="the Intensive Care Unit" toID="E34" toText="an insulin drip" type="OVERLAP" />
<TLINK id="TL34" fromID="E34" fromText="an insulin drip" toID="E33" toText="the Intensive Care Unit" type="OVERLAP" />
<TLINK id="TL35" fromID="E35" fromText="frequent blood sugar monitoring" toID="E36" toText="Chem-7 monitoring" type="OVERLAP" />
<TLINK id="TL36" fromID="E36" fromText="Chem-7 monitoring" toID="E35" toText="frequent blood sugar monitoring" type="OVERLAP" />
<TLINK id="TL37" fromID="E39" fromText="Her anion gap" toID="E40" toText="her fingersticks" type="OVERLAP" />
<TLINK id="TL38" fromID="E40" fromText="her fingersticks" toID="E39" toText="Her anion gap" type="OVERLAP" />
<TLINK id="TL39" fromID="E41" fromText="Her NPH" toID="E42" toText="a regular sliding scale" type="OVERLAP" />
<TLINK id="TL40" fromID="E42" fromText="a regular sliding scale" toID="E41" toText="Her NPH" type="OVERLAP" />
<TLINK id="TL41" fromID="E42" fromText="a regular sliding scale" toID="E43" toText="her drip" type="AFTER" />
<TLINK id="TL42" fromID="E43" fromText="her drip" toID="E42" toText="a regular sliding scale" type="BEFORE" />
<TLINK id="TL43" fromID="E44" fromText="denied" toID="E45" toText="any more gastrointestinal symptoms" type="AFTER" />
<TLINK id="TL44" fromID="E45" fromText="any more gastrointestinal symptoms" toID="E44" toText="denied" type="BEFORE" />
<TLINK id="TL45" fromID="E46" fromText="transferred" toID="E47" toText="the floor" type="BEFORE" />
<TLINK id="TL46" fromID="E47" fromText="the floor" toID="E46" toText="transferred" type="AFTER" />
<TLINK id="TL47" fromID="E47" fromText="the floor" toID="E48" toText="fingersticks monitored" type="OVERLAP" />
<TLINK id="TL48" fromID="E48" fromText="fingersticks monitored" toID="E47" toText="the floor" type="OVERLAP" />
<TLINK id="TL49" fromID="E48" fromText="fingersticks monitored" toID="E49" toText="a sliding scale" type="OVERLAP" />
<TLINK id="TL50" fromID="E49" fromText="a sliding scale" toID="E48" toText="fingersticks monitored" type="OVERLAP" />
<TLINK id="TL51" fromID="E51" fromText="Sliding scale" toID="E52" toText="adjusted" type="BEFORE" />
<TLINK id="TL52" fromID="E52" fromText="adjusted" toID="E51" toText="Sliding scale" type="OVERLAP" />
<TLINK id="TL53" fromID="E53" fromText="intravenous fluids" toID="E54" toText="good po" type="OVERLAP" />
<TLINK id="TL54" fromID="E54" fromText="good po" toID="E53" toText="intravenous fluids" type="OVERLAP" />
<TLINK id="TL55" fromID="E55" fromText="an elevated white count" toID="E56" toText="admission" type="OVERLAP" />
<TLINK id="TL56" fromID="E56" fromText="admission" toID="E55" toText="an elevated white count" type="OVERLAP" />
<TLINK id="TL57" fromID="E60" fromText="elevated white blood cell" toID="E61" toText="admission" type="OVERLAP" />
<TLINK id="TL58" fromID="E61" fromText="admission" toID="E60" toText="elevated white blood cell" type="OVERLAP" />
<TLINK id="TL59" fromID="E65" fromText="Potassium" toID="E66" toText="her intravenous fluids" type="OVERLAP" />
<TLINK id="TL60" fromID="E66" fromText="her intravenous fluids" toID="E65" toText="Potassium" type="OVERLAP" />
<TLINK id="TL61" fromID="E66" fromText="her intravenous fluids" toID="E67" toText="phosphate" type="OVERLAP" />
<TLINK id="TL62" fromID="E67" fromText="phosphate" toID="E66" toText="her intravenous fluids" type="OVERLAP" />
<TLINK id="TL63" fromID="E8" fromText="vomiting" toID="T2" toText="24 hours" type="OVERLAP" />
<TLINK id="TL64" fromID="T2" fromText="24 hours" toID="E8" toText="vomiting" type="OVERLAP" />
<TLINK id="TL65" fromID="E19" fromText="her usual migraine headache" toID="T3" toText="the night" type="OVERLAP" />
<TLINK id="TL66" fromID="T3" fromText="the night" toID="E19" toText="her usual migraine headache" type="OVERLAP" />
<TLINK id="TL67" fromID="T3" fromText="the night" toID="E20" toText="admission" type="BEFORE" />
<TLINK id="TL68" fromID="E20" fromText="admission" toID="T3" toText="the night" type="AFTER" />
<TLINK id="TL69" fromID="E26" fromText="an insulin drip" toID="T4" toText="per hour" type="OVERLAP" />
<TLINK id="TL70" fromID="T4" fromText="per hour" toID="E26" toText="an insulin drip" type="OVERLAP" />
<TLINK id="TL71" fromID="E37" fromText="well" toID="T5" toText="overnight" type="OVERLAP" />
<TLINK id="TL72" fromID="T5" fromText="overnight" toID="E37" toText="well" type="OVERLAP" />
<TLINK id="TL73" fromID="T5" fromText="overnight" toID="E38" toText="the Medical Intensive Care Unit" type="OVERLAP" />
<TLINK id="TL74" fromID="E38" fromText="the Medical Intensive Care Unit" toID="T5" toText="overnight" type="OVERLAP" />
<TLINK id="TL75" fromID="E48" fromText="fingersticks monitored" toID="T6" toText="every four hours" type="OVERLAP" />
<TLINK id="TL76" fromID="T6" fromText="every four hours" toID="E48" toText="fingersticks monitored" type="OVERLAP" />
<TLINK id="SECTIME0" fromID="T0" fromText="2010-07-15" toID="E2" toText="diabetes type" type="AFTER" />
<TLINK id="SECTIME1" fromID="T0" fromText="2010-07-15" toID="E3" toText="migraines" type="AFTER" />
<TLINK id="SECTIME2" fromID="T0" fromText="2010-07-15" toID="E4" toText="presented" type="AFTER" />
<TLINK id="SECTIME3" fromID="T0" fromText="2010-07-15" toID="E5" toText="complaints" type="AFTER" />
<TLINK id="SECTIME4" fromID="T0" fromText="2010-07-15" toID="E6" toText="nausea" type="AFTER" />
<TLINK id="SECTIME5" fromID="T0" fromText="2010-07-15" toID="E7" toText="diarrhea" type="AFTER" />
<TLINK id="SECTIME6" fromID="T0" fromText="2010-07-15" toID="E8" toText="vomiting" type="AFTER" />
<TLINK id="SECTIME7" fromID="T0" fromText="2010-07-15" toID="E9" toText="states" type="AFTER" />
<TLINK id="SECTIME8" fromID="T0" fromText="2010-07-15" toID="E10" toText="her usual insulin regimen" type="AFTER" />
<TLINK id="SECTIME9" fromID="T0" fromText="2010-07-15" toID="E11" toText="vomiting" type="AFTER" />
<TLINK id="SECTIME10" fromID="T0" fromText="2010-07-15" toID="E12" toText="denied" type="AFTER" />
<TLINK id="SECTIME11" fromID="T0" fromText="2010-07-15" toID="E13" toText="fevers" type="AFTER" />
<TLINK id="SECTIME12" fromID="T0" fromText="2010-07-15" toID="E14" toText="chills" type="AFTER" />
<TLINK id="SECTIME13" fromID="T0" fromText="2010-07-15" toID="E15" toText="chest pain" type="AFTER" />
<TLINK id="SECTIME14" fromID="T0" fromText="2010-07-15" toID="E16" toText="shortness of breath" type="AFTER" />
<TLINK id="SECTIME15" fromID="T0" fromText="2010-07-15" toID="E17" toText="dysuria" type="AFTER" />
<TLINK id="SECTIME16" fromID="T0" fromText="2010-07-15" toID="E18" toText="state" type="AFTER" />
<TLINK id="SECTIME17" fromID="T0" fromText="2010-07-15" toID="E19" toText="her usual migraine headache" type="AFTER" />
<TLINK id="TL77" fromID="T0" fromText="2010-07-15" toID="T3" toText="the night" type="AFTER" />
<TLINK id="SECTIME18" fromID="T0" fromText="2010-07-15" toID="E20" toText="admission" type="OVERLAP" />
<TLINK id="SECTIME19" fromID="T0" fromText="2010-07-15" toID="E21" toText="The patient 's arterial blood gases" type="AFTER" />
<TLINK id="SECTIME20" fromID="T0" fromText="2010-07-15" toID="E22" toText="the Emergency Department" type="AFTER" />
<TLINK id="SECTIME21" fromID="T0" fromText="2010-07-15" toID="E23" toText="a bicarbonate" type="AFTER" />
<TLINK id="SECTIME22" fromID="T0" fromText="2010-07-15" toID="E24" toText="a fingerstick" type="AFTER" />
<TLINK id="SECTIME23" fromID="T0" fromText="2010-07-15" toID="E25" toText="two boluses of 15 units of regular insulin" type="AFTER" />
<TLINK id="SECTIME24" fromID="T0" fromText="2010-07-15" toID="E26" toText="an insulin drip" type="AFTER" />
<TLINK id="SECTIME25" fromID="T0" fromText="2010-07-15" toID="E27" toText="a total of five liters of normal saline" type="AFTER" />
<TLINK id="SECTIME26" fromID="T0" fromText="2010-07-15" toID="E28" toText="Her fingersticks" type="AFTER" />
<TLINK id="SECTIME27" fromID="T0" fromText="2010-07-15" toID="E29" toText="decreased" type="AFTER" />
<TLINK id="SECTIME28" fromID="T0" fromText="2010-07-15" toID="E30" toText="the insulin drip" type="AFTER" />
<TLINK id="SECTIME29" fromID="T0" fromText="2010-07-15" toID="E31" toText="the intravenous fluids" type="AFTER" />
<TLINK id="SECTIME30" fromID="T0" fromText="2010-07-15" toID="E32" toText="admitted" type="OVERLAP" />
<TLINK id="SECTIME31" fromID="T0" fromText="2010-07-15" toID="E33" toText="the Intensive Care Unit" type="OVERLAP" />
<TLINK id="SECTIME32" fromID="T0" fromText="2010-07-15" toID="E37" toText="well" type="AFTER" />
<TLINK id="SECTIME33" fromID="T0" fromText="2010-07-15" toID="E38" toText="the Medical Intensive Care Unit" type="AFTER" />
<TLINK id="SECTIME34" fromID="T0" fromText="2010-07-15" toID="E39" toText="Her anion gap" type="AFTER" />
<TLINK id="SECTIME35" fromID="T0" fromText="2010-07-15" toID="E40" toText="her fingersticks" type="AFTER" />
<TLINK id="SECTIME36" fromID="T0" fromText="2010-07-15" toID="E41" toText="Her NPH" type="AFTER" />
<TLINK id="SECTIME37" fromID="T0" fromText="2010-07-15" toID="E42" toText="a regular sliding scale" type="AFTER" />
<TLINK id="SECTIME38" fromID="T0" fromText="2010-07-15" toID="E43" toText="her drip" type="AFTER" />
<TLINK id="SECTIME39" fromID="T0" fromText="2010-07-15" toID="E44" toText="denied" type="OVERLAP" />
<TLINK id="SECTIME40" fromID="T0" fromText="2010-07-15" toID="E45" toText="any more gastrointestinal symptoms" type="AFTER" />
<TLINK id="TL78" fromID="T1" fromText="2010-07-18" toID="T3" toText="the night" type="AFTER" />
<TLINK id="SECTIME41" fromID="T1" fromText="2010-07-18" toID="E46" toText="transferred" type="AFTER" />
<TLINK id="SECTIME42" fromID="T1" fromText="2010-07-18" toID="E47" toText="the floor" type="AFTER" />
<TLINK id="SECTIME43" fromID="T1" fromText="2010-07-18" toID="E48" toText="fingersticks monitored" type="AFTER" />
<TLINK id="SECTIME44" fromID="T1" fromText="2010-07-18" toID="E49" toText="a sliding scale" type="AFTER" />
<TLINK id="SECTIME45" fromID="T1" fromText="2010-07-18" toID="E50" toText="fingersticks" type="AFTER" />
<TLINK id="SECTIME46" fromID="T1" fromText="2010-07-18" toID="E51" toText="Sliding scale" type="AFTER" />
<TLINK id="SECTIME47" fromID="T1" fromText="2010-07-18" toID="E52" toText="adjusted" type="AFTER" />
<TLINK id="SECTIME48" fromID="T1" fromText="2010-07-18" toID="E53" toText="intravenous fluids" type="AFTER" />
<TLINK id="SECTIME49" fromID="T1" fromText="2010-07-18" toID="E54" toText="good po" type="AFTER" />
<TLINK id="SECTIME50" fromID="T1" fromText="2010-07-18" toID="E55" toText="an elevated white count" type="AFTER" />
<TLINK id="SECTIME51" fromID="T1" fromText="2010-07-18" toID="E56" toText="admission" type="AFTER" />
<TLINK id="SECTIME52" fromID="T1" fromText="2010-07-18" toID="E57" toText="white count" type="AFTER" />
<TLINK id="SECTIME53" fromID="T1" fromText="2010-07-18" toID="E58" toText="afebrile" type="AFTER" />
<TLINK id="SECTIME54" fromID="T1" fromText="2010-07-18" toID="E59" toText="clear etiology" type="AFTER" />
<TLINK id="SECTIME55" fromID="T1" fromText="2010-07-18" toID="E60" toText="elevated white blood cell" type="AFTER" />
<TLINK id="SECTIME56" fromID="T1" fromText="2010-07-18" toID="E61" toText="admission" type="AFTER" />
<TLINK id="SECTIME57" fromID="T1" fromText="2010-07-18" toID="E62" toText="short gastrointestinal infection" type="AFTER" />
<TLINK id="SECTIME58" fromID="T1" fromText="2010-07-18" toID="E63" toText="discharge" type="OVERLAP" />
<TLINK id="SECTIME59" fromID="T1" fromText="2010-07-18" toID="E64" toText="The patient 's electrolytes" type="AFTER" />
<TLINK id="SECTIME60" fromID="T1" fromText="2010-07-18" toID="E65" toText="Potassium" type="AFTER" />
<TLINK id="SECTIME61" fromID="T1" fromText="2010-07-18" toID="E66" toText="her intravenous fluids" type="AFTER" />
<TLINK id="SECTIME62" fromID="T1" fromText="2010-07-18" toID="E67" toText="phosphate" type="AFTER" />
<TLINK id="SECTIME63" fromID="T1" fromText="2010-07-18" toID="E68" toText="her po intake" type="AFTER" />
<TLINK id="TL79" fromID="E8" fromText="vomiting" toID="E11" toText="vomiting" type="OVERLAP" />
<TLINK id="TL80" fromID="E9" fromText="states" toID="E18" toText="state" type="OVERLAP" />
<TLINK id="TL81" fromID="E11" fromText="vomiting" toID="E8" toText="vomiting" type="OVERLAP" />
<TLINK id="TL82" fromID="E18" fromText="state" toID="E9" toText="states" type="OVERLAP" />
<TLINK id="TL83" fromID="E26" fromText="an insulin drip" toID="E30" toText="the insulin drip" type="OVERLAP" />
<TLINK id="TL84" fromID="E27" fromText="a total of five liters of normal saline" toID="E31" toText="the intravenous fluids" type="OVERLAP" />
<TLINK id="TL85" fromID="E30" fromText="the insulin drip" toID="E26" toText="an insulin drip" type="OVERLAP" />
<TLINK id="TL86" fromID="E30" fromText="the insulin drip" toID="E34" toText="an insulin drip" type="OVERLAP" />
<TLINK id="TL87" fromID="E31" fromText="the intravenous fluids" toID="E27" toText="a total of five liters of normal saline" type="OVERLAP" />
<TLINK id="TL88" fromID="E33" fromText="the Intensive Care Unit" toID="E38" toText="the Medical Intensive Care Unit" type="OVERLAP" />
<TLINK id="TL89" fromID="E34" fromText="an insulin drip" toID="E30" toText="the insulin drip" type="OVERLAP" />
<TLINK id="TL90" fromID="E37" fromText="well" toID="E39" toText="Her anion gap" type="OVERLAP" />
<TLINK id="TL91" fromID="E37" fromText="well" toID="E40" toText="her fingersticks" type="OVERLAP" />
<TLINK id="TL92" fromID="E38" fromText="the Medical Intensive Care Unit" toID="E33" toText="the Intensive Care Unit" type="OVERLAP" />
<TLINK id="TL93" fromID="E38" fromText="the Medical Intensive Care Unit" toID="E39" toText="Her anion gap" type="OVERLAP" />
<TLINK id="TL94" fromID="E38" fromText="the Medical Intensive Care Unit" toID="E40" toText="her fingersticks" type="OVERLAP" />
<TLINK id="TL95" fromID="E39" fromText="Her anion gap" toID="E38" toText="the Medical Intensive Care Unit" type="OVERLAP" />
<TLINK id="TL96" fromID="E40" fromText="her fingersticks" toID="E38" toText="the Medical Intensive Care Unit" type="OVERLAP" />
<TLINK id="TL97" fromID="E51" fromText="Sliding scale" toID="E53" toText="intravenous fluids" type="OVERLAP" />
<TLINK id="SECTIME64" fromID="E0" fromText="Admission" toID="T0" toText="2010-07-15" type="OVERLAP" />
<TLINK id="SECTIME65" fromID="T0" fromText="2010-07-15" toID="E0" toText="Admission" type="OVERLAP" />
<TLINK id="SECTIME66" fromID="T0" fromText="2010-07-15" toID="E1" toText="Discharge" type="BEFORE" />
<TLINK id="SECTIME67" fromID="E1" fromText="Discharge" toID="T0" toText="2010-07-15" type="AFTER" />
<TLINK id="SECTIME68" fromID="E1" fromText="Discharge" toID="T1" toText="2010-07-18" type="OVERLAP" />
<TLINK id="SECTIME69" fromID="T1" fromText="2010-07-18" toID="E1" toText="Discharge" type="OVERLAP" />
<TLINK id="TL98" fromID="E8" fromText="vomiting" toID="E11" toText="vomiting" type="OVERLAP" />
<TLINK id="TL99" fromID="E11" fromText="vomiting" toID="E8" toText="vomiting" type="OVERLAP" />
<TLINK id="TL100" fromID="E26" fromText="an insulin drip" toID="E30" toText="the insulin drip" type="OVERLAP" />
<TLINK id="TL101" fromID="E26" fromText="an insulin drip" toID="E34" toText="an insulin drip" type="OVERLAP" />
<TLINK id="TL102" fromID="E26" fromText="an insulin drip" toID="E43" toText="her drip" type="OVERLAP" />
<TLINK id="TL103" fromID="E27" fromText="a total of five liters of normal saline" toID="E31" toText="the intravenous fluids" type="OVERLAP" />
<TLINK id="TL104" fromID="E30" fromText="the insulin drip" toID="E26" toText="an insulin drip" type="OVERLAP" />
<TLINK id="TL105" fromID="E30" fromText="the insulin drip" toID="E34" toText="an insulin drip" type="OVERLAP" />
<TLINK id="TL106" fromID="E30" fromText="the insulin drip" toID="E43" toText="her drip" type="OVERLAP" />
<TLINK id="TL107" fromID="E31" fromText="the intravenous fluids" toID="E27" toText="a total of five liters of normal saline" type="OVERLAP" />
<TLINK id="TL108" fromID="E34" fromText="an insulin drip" toID="E26" toText="an insulin drip" type="OVERLAP" />
<TLINK id="TL109" fromID="E34" fromText="an insulin drip" toID="E30" toText="the insulin drip" type="OVERLAP" />
<TLINK id="TL110" fromID="E34" fromText="an insulin drip" toID="E43" toText="her drip" type="OVERLAP" />
<TLINK id="TL111" fromID="E42" fromText="a regular sliding scale" toID="E49" toText="a sliding scale" type="OVERLAP" />
<TLINK id="TL112" fromID="E42" fromText="a regular sliding scale" toID="E51" toText="Sliding scale" type="OVERLAP" />
<TLINK id="TL113" fromID="E43" fromText="her drip" toID="E26" toText="an insulin drip" type="OVERLAP" />
<TLINK id="TL114" fromID="E43" fromText="her drip" toID="E30" toText="the insulin drip" type="OVERLAP" />
<TLINK id="TL115" fromID="E43" fromText="her drip" toID="E34" toText="an insulin drip" type="OVERLAP" />
<TLINK id="TL116" fromID="E49" fromText="a sliding scale" toID="E42" toText="a regular sliding scale" type="OVERLAP" />
<TLINK id="TL117" fromID="E49" fromText="a sliding scale" toID="E51" toText="Sliding scale" type="OVERLAP" />
<TLINK id="TL118" fromID="E51" fromText="Sliding scale" toID="E42" toText="a regular sliding scale" type="OVERLAP" />
<TLINK id="TL119" fromID="E51" fromText="Sliding scale" toID="E49" toText="a sliding scale" type="OVERLAP" />
<TLINK id="TL120" fromID="E53" fromText="intravenous fluids" toID="E66" toText="her intravenous fluids" type="OVERLAP" />
<TLINK id="TL121" fromID="E55" fromText="an elevated white count" toID="E60" toText="elevated white blood cell" type="OVERLAP" />
<TLINK id="TL122" fromID="E60" fromText="elevated white blood cell" toID="E55" toText="an elevated white count" type="OVERLAP" />
<TLINK id="TL123" fromID="E66" fromText="her intravenous fluids" toID="E53" toText="intravenous fluids" type="OVERLAP" />
<TLINK id="TL124" fromID="T2" fromText="24 hours" toID="E2" toText="diabetes type" type="AFTER" />
<TLINK id="TL125" fromID="T2" fromText="24 hours" toID="E3" toText="migraines" type="AFTER" />
<TLINK id="TL126" fromID="E2" fromText="diabetes type" toID="T2" toText="24 hours" type="BEFORE" />
<TLINK id="TL127" fromID="E3" fromText="migraines" toID="T2" toText="24 hours" type="BEFORE" />
<TLINK id="TL128" fromID="T3" fromText="the night" toID="E12" toText="denied" type="BEFORE" />
<TLINK id="TL129" fromID="T3" fromText="the night" toID="E13" toText="fevers" type="OVERLAP" />
<TLINK id="TL130" fromID="T3" fromText="the night" toID="E14" toText="chills" type="OVERLAP" />
<TLINK id="TL131" fromID="T3" fromText="the night" toID="E15" toText="chest pain" type="OVERLAP" />
<TLINK id="TL132" fromID="T3" fromText="the night" toID="E16" toText="shortness of breath" type="OVERLAP" />
<TLINK id="TL133" fromID="T3" fromText="the night" toID="E17" toText="dysuria" type="OVERLAP" />
<TLINK id="TL134" fromID="E12" fromText="denied" toID="T3" toText="the night" type="AFTER" />
<TLINK id="TL135" fromID="E12" fromText="denied" toID="E18" toText="state" type="OVERLAP" />
<TLINK id="TL136" fromID="E12" fromText="denied" toID="E19" toText="her usual migraine headache" type="AFTER" />
<TLINK id="TL137" fromID="E13" fromText="fevers" toID="T3" toText="the night" type="OVERLAP" />
<TLINK id="TL138" fromID="E13" fromText="fevers" toID="E19" toText="her usual migraine headache" type="OVERLAP" />
<TLINK id="TL139" fromID="E14" fromText="chills" toID="T3" toText="the night" type="OVERLAP" />
<TLINK id="TL140" fromID="E14" fromText="chills" toID="E19" toText="her usual migraine headache" type="OVERLAP" />
<TLINK id="TL141" fromID="E15" fromText="chest pain" toID="T3" toText="the night" type="OVERLAP" />
<TLINK id="TL142" fromID="E15" fromText="chest pain" toID="E19" toText="her usual migraine headache" type="OVERLAP" />
<TLINK id="TL143" fromID="E16" fromText="shortness of breath" toID="T3" toText="the night" type="OVERLAP" />
<TLINK id="TL144" fromID="E16" fromText="shortness of breath" toID="E19" toText="her usual migraine headache" type="OVERLAP" />
<TLINK id="TL145" fromID="E17" fromText="dysuria" toID="T3" toText="the night" type="OVERLAP" />
<TLINK id="TL146" fromID="E17" fromText="dysuria" toID="E19" toText="her usual migraine headache" type="OVERLAP" />
<TLINK id="TL147" fromID="E18" fromText="state" toID="E12" toText="denied" type="OVERLAP" />
<TLINK id="TL148" fromID="E19" fromText="her usual migraine headache" toID="E12" toText="denied" type="BEFORE" />
<TLINK id="TL149" fromID="E19" fromText="her usual migraine headache" toID="E13" toText="fevers" type="OVERLAP" />
<TLINK id="TL150" fromID="E19" fromText="her usual migraine headache" toID="E14" toText="chills" type="OVERLAP" />
<TLINK id="TL151" fromID="E19" fromText="her usual migraine headache" toID="E15" toText="chest pain" type="OVERLAP" />
<TLINK id="TL152" fromID="E19" fromText="her usual migraine headache" toID="E16" toText="shortness of breath" type="OVERLAP" />
<TLINK id="TL153" fromID="E19" fromText="her usual migraine headache" toID="E17" toText="dysuria" type="OVERLAP" />
<TLINK id="TL154" fromID="E19" fromText="her usual migraine headache" toID="E20" toText="admission" type="BEFORE" />
<TLINK id="TL155" fromID="E20" fromText="admission" toID="E19" toText="her usual migraine headache" type="AFTER" />
<TLINK id="TL156" fromID="T4" fromText="per hour" toID="E25" toText="two boluses of 15 units of regular insulin" type="OVERLAP" />
<TLINK id="TL157" fromID="T4" fromText="per hour" toID="E27" toText="a total of five liters of normal saline" type="OVERLAP" />
<TLINK id="TL158" fromID="E25" fromText="two boluses of 15 units of regular insulin" toID="T4" toText="per hour" type="OVERLAP" />
<TLINK id="TL159" fromID="E25" fromText="two boluses of 15 units of regular insulin" toID="E26" toText="an insulin drip" type="OVERLAP" />
<TLINK id="TL160" fromID="E25" fromText="two boluses of 15 units of regular insulin" toID="E27" toText="a total of five liters of normal saline" type="OVERLAP" />
<TLINK id="TL161" fromID="E26" fromText="an insulin drip" toID="E25" toText="two boluses of 15 units of regular insulin" type="OVERLAP" />
<TLINK id="TL162" fromID="E27" fromText="a total of five liters of normal saline" toID="T4" toText="per hour" type="OVERLAP" />
<TLINK id="TL163" fromID="E27" fromText="a total of five liters of normal saline" toID="E25" toText="two boluses of 15 units of regular insulin" type="OVERLAP" />
<TLINK id="TL164" fromID="E41" fromText="Her NPH" toID="E43" toText="her drip" type="AFTER" />
<TLINK id="TL165" fromID="E43" fromText="her drip" toID="E41" toText="Her NPH" type="BEFORE" />
<TLINK id="TL166" fromID="T6" fromText="every four hours" toID="E46" toText="transferred" type="AFTER" />
<TLINK id="TL167" fromID="T6" fromText="every four hours" toID="E47" toText="the floor" type="OVERLAP" />
<TLINK id="TL168" fromID="E46" fromText="transferred" toID="T6" toText="every four hours" type="BEFORE" />
<TLINK id="TL169" fromID="E46" fromText="transferred" toID="E48" toText="fingersticks monitored" type="BEFORE" />
<TLINK id="TL170" fromID="E47" fromText="the floor" toID="T6" toText="every four hours" type="OVERLAP" />
<TLINK id="TL171" fromID="E48" fromText="fingersticks monitored" toID="E46" toText="transferred" type="AFTER" />
<TLINK id="TL172" fromID="E55" fromText="an elevated white count" toID="E58" toText="afebrile" type="AFTER" />
<TLINK id="TL173" fromID="E55" fromText="an elevated white count" toID="E62" toText="short gastrointestinal infection" type="AFTER" />
<TLINK id="TL174" fromID="E56" fromText="admission" toID="E61" toText="admission" type="OVERLAP" />
<TLINK id="TL175" fromID="E57" fromText="white count" toID="E58" toText="afebrile" type="OVERLAP" />
<TLINK id="TL176" fromID="E57" fromText="white count" toID="E60" toText="elevated white blood cell" type="OVERLAP" />
<TLINK id="TL177" fromID="E58" fromText="afebrile" toID="E55" toText="an elevated white count" type="BEFORE" />
<TLINK id="TL178" fromID="E58" fromText="afebrile" toID="E57" toText="white count" type="OVERLAP" />
<TLINK id="TL179" fromID="E58" fromText="afebrile" toID="E60" toText="elevated white blood cell" type="OVERLAP" />
<TLINK id="TL180" fromID="E58" fromText="afebrile" toID="E62" toText="short gastrointestinal infection" type="AFTER" />
<TLINK id="TL181" fromID="E60" fromText="elevated white blood cell" toID="E57" toText="white count" type="OVERLAP" />
<TLINK id="TL182" fromID="E60" fromText="elevated white blood cell" toID="E58" toText="afebrile" type="OVERLAP" />
<TLINK id="TL183" fromID="E61" fromText="admission" toID="E56" toText="admission" type="OVERLAP" />
<TLINK id="TL184" fromID="E61" fromText="admission" toID="E63" toText="discharge" type="BEFORE" />
<TLINK id="TL185" fromID="E62" fromText="short gastrointestinal infection" toID="E55" toText="an elevated white count" type="BEFORE" />
<TLINK id="TL186" fromID="E62" fromText="short gastrointestinal infection" toID="E58" toText="afebrile" type="BEFORE" />
<TLINK id="TL187" fromID="E62" fromText="short gastrointestinal infection" toID="E63" toText="discharge" type="OVERLAP" />
<TLINK id="TL188" fromID="E63" fromText="discharge" toID="E61" toText="admission" type="AFTER" />
<TLINK id="TL189" fromID="E63" fromText="discharge" toID="E62" toText="short gastrointestinal infection" type="OVERLAP" />
<TLINK id="TL190" fromID="E65" fromText="Potassium" toID="E67" toText="phosphate" type="OVERLAP" />
<TLINK id="TL191" fromID="E65" fromText="Potassium" toID="E68" toText="her po intake" type="OVERLAP" />
<TLINK id="TL192" fromID="E66" fromText="her intravenous fluids" toID="E68" toText="her po intake" type="OVERLAP" />
<TLINK id="TL193" fromID="E67" fromText="phosphate" toID="E65" toText="Potassium" type="OVERLAP" />
<TLINK id="TL194" fromID="E68" fromText="her po intake" toID="E65" toText="Potassium" type="OVERLAP" />
<TLINK id="TL195" fromID="E68" fromText="her po intake" toID="E66" toText="her intravenous fluids" type="OVERLAP" />
</TAGS>
</ClinicalNarrativeTemporalAnnotation>
