<?xml version="1.0" encoding="UTF-8" ?>
<ClinicalNarrativeTemporalAnnotation>
<TEXT><![CDATA[
ADMISSION DATE :
11-03-93
DISCHARGE DATE :
11-06-93
HISTORY OF PRESENT ILLNESS :
This 68-year-old patient of Dr. Naka Jesc had two episodes of rheumatic fever as a teenager .
She has had chronic atrial fibrillation .
Coumadin has caused bleeding from the mouth and nose on two occasions , on one occasion with prothrombin time 13 , and has been replaced by anti-platelet agents .
She has had recurrent syncope since age 6 .
She has now had progressive heart failure .
A Holter showed atrial fibrillation with period of ventricular bigemini .
She cut down dramatically on smoking two years ago , but has continued to smoke , although , very recently , she admits to only &quot; two puffs &quot; per day .
She has not had hypertension or diabetes , and says he has lowered her cholesterol from 333 to 197 by changing her diet .
There is no family history of heart disease .
She has been treated with Vanceril for chronic obstructive pulmonary disease .
She has had one gram per day proteinuria with normal creatinine .
She had a partial gastrectomy in 1972 for a &quot; tumor &quot; .
She has had an appendectomy and cholecystectomy .
MEDICATIONS ON ADMISSION :
Digoxin 0.125 mg po q.d. , Lasix 40 mg b.i.d. , aspirin held , and Vanceril three puffs b.i.d.
ALLERGIES :
Transdermal nitroglycerin caused headache .
SOCIAL HISTORY :
She does not drink .
HOSPITAL COURSE :
Cardiac catheterization was performed without complication from the right neck and right groin on the day of admission .
Right atrial pressure was 12 with a wave form consistent with tricuspid regurgitation .
There was no tricuspid valve gradient .
Pulmonary artery pressure was markedly elevated at 120/60 .
Pulmonary capillary wedge pressure was markedly elevated at 38 , with a very large mitral valve gradient .
There was little or no aortic valve gradient .
Fich cardiac output was 3.0 and indexed 2.0 .
Arterial oxygen saturation was 85 percent .
There was minimal mitral valve calcification , normal left ventricular contraction , and 2+ mitral regurgitation into a large left atrium .
There was minimal aortic valve calcification , mild ______________ thickening , normal open , and mild aortic regurgitation .
There was mild atherosclerosis of the mid left anterior descending .
FVC was 1.6 or 58 percent of predicted and FEV1 0.95 or 45 percent of predicted .
Room air arterial blood gas was 56/40/7.45 .
Because it would be ideal to place a mechanical valve if valve replacement rather that commissurotomy is needed , she was seen by Dr. Ca Shuff of ENT for her history of epistaxis .
He identified no bleeding source , but felt that the risk of nasal hemorrhage on Coumadin could be minimized interventional neuroradiology occlusion of the arteries to the nose bilaterally .
The patient was therefore referred to the Dr. A Eu Wave .
The procedure could not be scheduled during this admission .
The patient is , therefore , discharged after a three day hospitalization , with plans for re-admission for the neuroradiology procedure .
This will be followed by a trial of Coumadin , and then by mitral commissurotomy or replacement and probable tricuspid annuloplasty by Dr. Riemund C. Wave .
In the meantime , Lasix dosage is increased .
Potassium replacement has caused , according to the patient , marked hyperkalemia in the past .
]]></TEXT>
<TAGS>
<EVENT id="E0" start="1" end="10" text="ADMISSION" modality="FACTUAL" polarity="POS" type="OCCURRENCE" />
<EVENT id="E1" start="27" end="36" text="DISCHARGE" modality="FACTUAL" polarity="POS" type="OCCURRENCE" />
<EVENT id="E2" start="144" end="159" text="rheumatic fever" modality="FACTUAL" polarity="POS" type="PROBLEM" />
<EVENT id="E3" start="188" end="215" text="chronic atrial fibrillation" modality="FACTUAL" polarity="POS" type="PROBLEM" />
<EVENT id="E4" start="218" end="226" text="Coumadin" modality="FACTUAL" polarity="POS" type="TREATMENT" />
<EVENT id="E5" start="238" end="270" text="bleeding from the mouth and nose" modality="CONDITIONAL" polarity="POS" type="PROBLEM" />
<EVENT id="E6" start="311" end="327" text="prothrombin time" modality="FACTUAL" polarity="POS" type="TEST" />
<EVENT id="E7" start="358" end="378" text="anti-platelet agents" modality="FACTUAL" polarity="POS" type="TREATMENT" />
<EVENT id="E8" start="393" end="410" text="recurrent syncope" modality="FACTUAL" polarity="POS" type="PROBLEM" />
<EVENT id="E9" start="441" end="466" text="progressive heart failure" modality="FACTUAL" polarity="POS" type="PROBLEM" />
<EVENT id="E10" start="469" end="477" text="A Holter" modality="FACTUAL" polarity="POS" type="TEST" />
<EVENT id="E11" start="478" end="484" text="showed" modality="FACTUAL" polarity="POS" type="EVIDENTIAL" />
<EVENT id="E12" start="485" end="504" text="atrial fibrillation" modality="FACTUAL" polarity="POS" type="PROBLEM" />
<EVENT id="E13" start="520" end="540" text="ventricular bigemini" modality="FACTUAL" polarity="POS" type="PROBLEM" />
<EVENT id="E14" start="656" end="662" text="admits" modality="FACTUAL" polarity="POS" type="OCCURRENCE" />
<EVENT id="E15" start="721" end="733" text="hypertension" modality="FACTUAL" polarity="NEG" type="PROBLEM" />
<EVENT id="E16" start="737" end="745" text="diabetes" modality="FACTUAL" polarity="NEG" type="PROBLEM" />
<EVENT id="E17" start="772" end="787" text="her cholesterol" modality="FACTUAL" polarity="POS" type="TEST" />
<EVENT id="E18" start="816" end="824" text="her diet" modality="FACTUAL" polarity="POS" type="TREATMENT" />
<EVENT id="E19" start="857" end="870" text="heart disease" modality="FACTUAL" polarity="POS" type="PROBLEM" />
<EVENT id="E20" start="899" end="907" text="Vanceril" modality="FACTUAL" polarity="POS" type="TREATMENT" />
<EVENT id="E21" start="912" end="949" text="chronic obstructive pulmonary disease" modality="FACTUAL" polarity="POS" type="PROBLEM" />
<EVENT id="E22" start="981" end="992" text="proteinuria" modality="FACTUAL" polarity="POS" type="TREATMENT" />
<EVENT id="E23" start="1005" end="1015" text="creatinine" modality="FACTUAL" polarity="POS" type="TEST" />
<EVENT id="E24" start="1026" end="1047" text="a partial gastrectomy" modality="FACTUAL" polarity="POS" type="TREATMENT" />
<EVENT id="E25" start="1060" end="1081" text="a &quot; tumor &quot;" modality="FACTUAL" polarity="POS" type="PROBLEM" />
<EVENT id="E26" start="1096" end="1111" text="an appendectomy" modality="FACTUAL" polarity="POS" type="TREATMENT" />
<EVENT id="E27" start="1116" end="1131" text="cholecystectomy" modality="FACTUAL" polarity="POS" type="TREATMENT" />
<EVENT id="E28" start="1161" end="1168" text="Digoxin" modality="FACTUAL" polarity="POS" type="TREATMENT" />
<EVENT id="E29" start="1188" end="1193" text="Lasix" modality="FACTUAL" polarity="POS" type="TREATMENT" />
<EVENT id="E30" start="1209" end="1216" text="aspirin" modality="FACTUAL" polarity="POS" type="TREATMENT" />
<EVENT id="E31" start="1228" end="1236" text="Vanceril" modality="FACTUAL" polarity="POS" type="TREATMENT" />
<EVENT id="E32" start="1268" end="1293" text="Transdermal nitroglycerin" modality="FACTUAL" polarity="POS" type="TREATMENT" />
<EVENT id="E33" start="1301" end="1309" text="headache" modality="CONDITIONAL" polarity="POS" type="PROBLEM" />
<EVENT id="E34" start="1342" end="1347" text="drink" modality="FACTUAL" polarity="POS" type="PROBLEM" />
<EVENT id="E35" start="1368" end="1391" text="Cardiac catheterization" modality="FACTUAL" polarity="NEG" type="TREATMENT" />
<EVENT id="E36" start="1414" end="1426" text="complication" modality="FACTUAL" polarity="NEG" type="PROBLEM" />
<EVENT id="E37" start="1477" end="1486" text="admission" modality="FACTUAL" polarity="POS" type="OCCURRENCE" />
<EVENT id="E38" start="1489" end="1510" text="Right atrial pressure" modality="FACTUAL" polarity="POS" type="TEST" />
<EVENT id="E39" start="1551" end="1574" text="tricuspid regurgitation" modality="FACTUAL" polarity="POS" type="PROBLEM" />
<EVENT id="E40" start="1590" end="1614" text="tricuspid valve gradient" modality="FACTUAL" polarity="NEG" type="PROBLEM" />
<EVENT id="E41" start="1617" end="1642" text="Pulmonary artery pressure" modality="FACTUAL" polarity="POS" type="TEST" />
<EVENT id="E42" start="1647" end="1664" text="markedly elevated" modality="FACTUAL" polarity="POS" type="PROBLEM" />
<EVENT id="E43" start="1677" end="1711" text="Pulmonary capillary wedge pressure" modality="FACTUAL" polarity="POS" type="TEST" />
<EVENT id="E44" start="1716" end="1733" text="markedly elevated" modality="FACTUAL" polarity="POS" type="PROBLEM" />
<EVENT id="E45" start="1747" end="1781" text="a very large mitral valve gradient" modality="FACTUAL" polarity="POS" type="PROBLEM" />
<EVENT id="E46" start="1807" end="1828" text="aortic valve gradient" modality="FACTUAL" polarity="NEG" type="PROBLEM" />
<EVENT id="E47" start="1831" end="1850" text="Fich cardiac output" modality="FACTUAL" polarity="POS" type="TEST" />
<EVENT id="E48" start="1877" end="1903" text="Arterial oxygen saturation" modality="FACTUAL" polarity="POS" type="TEST" />
<EVENT id="E49" start="1931" end="1965" text="minimal mitral valve calcification" modality="FACTUAL" polarity="POS" type="PROBLEM" />
<EVENT id="E50" start="2010" end="2058" text="2+ mitral regurgitation into a large left atrium" modality="FACTUAL" polarity="POS" type="PROBLEM" />
<EVENT id="E51" start="2071" end="2105" text="minimal aortic valve calcification" modality="FACTUAL" polarity="POS" type="PROBLEM" />
<EVENT id="E52" start="2108" end="2138" text="mild ______________ thickening" modality="FACTUAL" polarity="POS" type="PROBLEM" />
<EVENT id="E53" start="2159" end="2184" text="mild aortic regurgitation" modality="FACTUAL" polarity="POS" type="PROBLEM" />
<EVENT id="E54" start="2197" end="2253" text="mild atherosclerosis of the mid left anterior descending" modality="FACTUAL" polarity="POS" type="PROBLEM" />
<EVENT id="E55" start="2256" end="2259" text="FVC" modality="FACTUAL" polarity="POS" type="TEST" />
<EVENT id="E56" start="2299" end="2303" text="FEV1" modality="FACTUAL" polarity="POS" type="TEST" />
<EVENT id="E57" start="2338" end="2365" text="Room air arterial blood gas" modality="FACTUAL" polarity="POS" type="TEST" />
<EVENT id="E58" start="2418" end="2436" text="a mechanical valve" modality="FACTUAL" polarity="POS" type="TREATMENT" />
<EVENT id="E59" start="2440" end="2457" text="valve replacement" modality="FACTUAL" polarity="POS" type="TREATMENT" />
<EVENT id="E60" start="2470" end="2484" text="commissurotomy" modality="PROPOSED" polarity="POS" type="TREATMENT" />
<EVENT id="E61" start="2529" end="2532" text="ENT" modality="FACTUAL" polarity="POS" type="CLINICAL_DEPT" />
<EVENT id="E62" start="2552" end="2561" text="epistaxis" modality="FACTUAL" polarity="POS" type="PROBLEM" />
<EVENT id="E63" start="2581" end="2596" text="bleeding source" modality="FACTUAL" polarity="NEG" type="PROBLEM" />
<EVENT id="E64" start="2625" end="2641" text="nasal hemorrhage" modality="CONDITIONAL" polarity="POS" type="PROBLEM" />
<EVENT id="E65" start="2645" end="2653" text="Coumadin" modality="FACTUAL" polarity="POS" type="TREATMENT" />
<EVENT id="E66" start="2673" end="2712" text="interventional neuroradiology occlusion" modality="FACTUAL" polarity="POS" type="TREATMENT" />
<EVENT id="E67" start="2781" end="2789" text="referred" modality="PROPOSED" polarity="POS" type="OCCURRENCE" />
<EVENT id="E68" start="2813" end="2826" text="The procedure" modality="FACTUAL" polarity="NEG" type="TREATMENT" />
<EVENT id="E69" start="2857" end="2871" text="this admission" modality="PROPOSED" polarity="POS" type="OCCURRENCE" />
<EVENT id="E70" start="2903" end="2913" text="discharged" modality="FACTUAL" polarity="POS" type="OCCURRENCE" />
<EVENT id="E71" start="2932" end="2947" text="hospitalization" modality="FACTUAL" polarity="POS" type="OCCURRENCE" />
<EVENT id="E72" start="2982" end="3010" text="the neuroradiology procedure" modality="FACTUAL" polarity="POS" type="TREATMENT" />
<EVENT id="E73" start="3049" end="3057" text="Coumadin" modality="FACTUAL" polarity="POS" type="TREATMENT" />
<EVENT id="E74" start="3072" end="3093" text="mitral commissurotomy" modality="FACTUAL" polarity="POS" type="TREATMENT" />
<EVENT id="E75" start="3097" end="3108" text="replacement" modality="POSSIBLE" polarity="POS" type="TREATMENT" />
<EVENT id="E76" start="3122" end="3144" text="tricuspid annuloplasty" modality="POSSIBLE" polarity="POS" type="TREATMENT" />
<EVENT id="E77" start="3188" end="3193" text="Lasix" modality="FACTUAL" polarity="POS" type="TREATMENT" />
<EVENT id="E78" start="3216" end="3237" text="Potassium replacement" modality="FACTUAL" polarity="POS" type="TREATMENT" />
<EVENT id="E79" start="3278" end="3297" text="marked hyperkalemia" modality="CONDITIONAL" polarity="POS" type="PROBLEM" />
<TIMEX3 id="T0" start="18" end="26" text="11-03-93" type="DATE" val="1993-11-03" mod="NA" />
<TIMEX3 id="T1" start="44" end="52" text="11-06-93" type="DATE" val="1993-11-06" mod="NA" />
<TIMEX3 id="T2" start="128" end="140" text="two episodes" type="FREQUENCY" val="R2" mod="NA" />
<TIMEX3 id="T6" start="580" end="593" text="two years ago" type="DATE" val="1991-11-03" mod="NA" />
<TIMEX3 id="T7" start="695" end="702" text="per day" type="FREQUENCY" val="RP1D" mod="NA" />
<TIMEX3 id="T8" start="973" end="980" text="per day" type="FREQUENCY" val="RP1D" mod="NA" />
<TIMEX3 id="T9" start="1051" end="1055" text="1972" type="DATE" val="1972" mod="NA" />
<TIMEX3 id="T10" start="1181" end="1185" text="q.d." type="FREQUENCY" val="RPT24H" mod="NA" />
<TIMEX3 id="T11" start="1200" end="1206" text="b.i.d." type="FREQUENCY" val="RPT12H" mod="NA" />
<TIMEX3 id="T12" start="1249" end="1255" text="b.i.d." type="FREQUENCY" val="RPT12H" mod="NA" />
<TIMEX3 id="T13" start="1466" end="1473" text="the day" type="DATE" val="1993-11-03" mod="NA" />
<TIMEX3 id="T14" start="2920" end="2931" text="a three day" type="DURATION" val="P3D" mod="NA" />
<TLINK id="TL0" fromID="E4" fromText="Coumadin" toID="E5" toText="bleeding from the mouth and nose" type="BEFORE" />
<TLINK id="TL1" fromID="E5" fromText="bleeding from the mouth and nose" toID="E4" toText="Coumadin" type="AFTER" />
<TLINK id="TL2" fromID="E5" fromText="bleeding from the mouth and nose" toID="E6" toText="prothrombin time" type="OVERLAP" />
<TLINK id="TL3" fromID="E6" fromText="prothrombin time" toID="E5" toText="bleeding from the mouth and nose" type="OVERLAP" />
<TLINK id="TL4" fromID="E10" fromText="A Holter" toID="E11" toText="showed" type="OVERLAP" />
<TLINK id="TL5" fromID="E11" fromText="showed" toID="E10" toText="A Holter" type="OVERLAP" />
<TLINK id="TL6" fromID="E11" fromText="showed" toID="E12" toText="atrial fibrillation" type="AFTER" />
<TLINK id="TL7" fromID="E12" fromText="atrial fibrillation" toID="E11" toText="showed" type="BEFORE" />
<TLINK id="TL8" fromID="E12" fromText="atrial fibrillation" toID="E13" toText="ventricular bigemini" type="OVERLAP" />
<TLINK id="TL9" fromID="E13" fromText="ventricular bigemini" toID="E12" toText="atrial fibrillation" type="OVERLAP" />
<TLINK id="TL10" fromID="E15" fromText="hypertension" toID="E16" toText="diabetes" type="OVERLAP" />
<TLINK id="TL11" fromID="E16" fromText="diabetes" toID="E15" toText="hypertension" type="OVERLAP" />
<TLINK id="TL12" fromID="E17" fromText="her cholesterol" toID="E18" toText="her diet" type="OVERLAP" />
<TLINK id="TL13" fromID="E18" fromText="her diet" toID="E17" toText="her cholesterol" type="OVERLAP" />
<TLINK id="TL14" fromID="E20" fromText="Vanceril" toID="E21" toText="chronic obstructive pulmonary disease" type="AFTER" />
<TLINK id="TL15" fromID="E21" fromText="chronic obstructive pulmonary disease" toID="E20" toText="Vanceril" type="BEFORE" />
<TLINK id="TL16" fromID="E22" fromText="proteinuria" toID="E23" toText="creatinine" type="OVERLAP" />
<TLINK id="TL17" fromID="E23" fromText="creatinine" toID="E22" toText="proteinuria" type="OVERLAP" />
<TLINK id="TL18" fromID="E26" fromText="an appendectomy" toID="E27" toText="cholecystectomy" type="OVERLAP" />
<TLINK id="TL19" fromID="E27" fromText="cholecystectomy" toID="E26" toText="an appendectomy" type="OVERLAP" />
<TLINK id="TL20" fromID="E30" fromText="aspirin" toID="E31" toText="Vanceril" type="OVERLAP" />
<TLINK id="TL21" fromID="E31" fromText="Vanceril" toID="E30" toText="aspirin" type="OVERLAP" />
<TLINK id="TL22" fromID="E32" fromText="Transdermal nitroglycerin" toID="E33" toText="headache" type="OVERLAP" />
<TLINK id="TL23" fromID="E33" fromText="headache" toID="E32" toText="Transdermal nitroglycerin" type="OVERLAP" />
<TLINK id="TL24" fromID="E35" fromText="Cardiac catheterization" toID="E36" toText="complication" type="OVERLAP" />
<TLINK id="TL25" fromID="E36" fromText="complication" toID="E35" toText="Cardiac catheterization" type="OVERLAP" />
<TLINK id="TL26" fromID="E38" fromText="Right atrial pressure" toID="E39" toText="tricuspid regurgitation" type="OVERLAP" />
<TLINK id="TL27" fromID="E39" fromText="tricuspid regurgitation" toID="E38" toText="Right atrial pressure" type="OVERLAP" />
<TLINK id="TL28" fromID="E41" fromText="Pulmonary artery pressure" toID="E42" toText="markedly elevated" type="OVERLAP" />
<TLINK id="TL29" fromID="E42" fromText="markedly elevated" toID="E41" toText="Pulmonary artery pressure" type="OVERLAP" />
<TLINK id="TL30" fromID="E43" fromText="Pulmonary capillary wedge pressure" toID="E44" toText="markedly elevated" type="OVERLAP" />
<TLINK id="TL31" fromID="E44" fromText="markedly elevated" toID="E43" toText="Pulmonary capillary wedge pressure" type="OVERLAP" />
<TLINK id="TL32" fromID="E44" fromText="markedly elevated" toID="E45" toText="a very large mitral valve gradient" type="OVERLAP" />
<TLINK id="TL33" fromID="E45" fromText="a very large mitral valve gradient" toID="E44" toText="markedly elevated" type="OVERLAP" />
<TLINK id="TL34" fromID="E49" fromText="minimal mitral valve calcification" toID="E50" toText="2+ mitral regurgitation into a large left atrium" type="OVERLAP" />
<TLINK id="TL35" fromID="E50" fromText="2+ mitral regurgitation into a large left atrium" toID="E49" toText="minimal mitral valve calcification" type="OVERLAP" />
<TLINK id="TL36" fromID="E51" fromText="minimal aortic valve calcification" toID="E52" toText="mild ______________ thickening" type="OVERLAP" />
<TLINK id="TL37" fromID="E52" fromText="mild ______________ thickening" toID="E51" toText="minimal aortic valve calcification" type="OVERLAP" />
<TLINK id="TL38" fromID="E52" fromText="mild ______________ thickening" toID="E53" toText="mild aortic regurgitation" type="OVERLAP" />
<TLINK id="TL39" fromID="E53" fromText="mild aortic regurgitation" toID="E52" toText="mild ______________ thickening" type="OVERLAP" />
<TLINK id="TL40" fromID="E55" fromText="FVC" toID="E56" toText="FEV1" type="OVERLAP" />
<TLINK id="TL41" fromID="E56" fromText="FEV1" toID="E55" toText="FVC" type="OVERLAP" />
<TLINK id="TL42" fromID="E58" fromText="a mechanical valve" toID="E59" toText="valve replacement" type="OVERLAP" />
<TLINK id="TL43" fromID="E59" fromText="valve replacement" toID="E58" toText="a mechanical valve" type="OVERLAP" />
<TLINK id="TL44" fromID="E59" fromText="valve replacement" toID="E60" toText="commissurotomy" type="OVERLAP" />
<TLINK id="TL45" fromID="E60" fromText="commissurotomy" toID="E59" toText="valve replacement" type="OVERLAP" />
<TLINK id="TL46" fromID="E65" fromText="Coumadin" toID="E66" toText="interventional neuroradiology occlusion" type="OVERLAP" />
<TLINK id="TL47" fromID="E66" fromText="interventional neuroradiology occlusion" toID="E65" toText="Coumadin" type="OVERLAP" />
<TLINK id="TL48" fromID="E68" fromText="The procedure" toID="E69" toText="this admission" type="OVERLAP" />
<TLINK id="TL49" fromID="E69" fromText="this admission" toID="E68" toText="The procedure" type="OVERLAP" />
<TLINK id="TL50" fromID="E74" fromText="mitral commissurotomy" toID="E75" toText="replacement" type="OVERLAP" />
<TLINK id="TL51" fromID="E75" fromText="replacement" toID="E74" toText="mitral commissurotomy" type="OVERLAP" />
<TLINK id="TL52" fromID="E75" fromText="replacement" toID="E76" toText="tricuspid annuloplasty" type="OVERLAP" />
<TLINK id="TL53" fromID="E76" fromText="tricuspid annuloplasty" toID="E75" toText="replacement" type="OVERLAP" />
<TLINK id="TL54" fromID="T2" fromText="two episodes" toID="E2" toText="rheumatic fever" type="OVERLAP" />
<TLINK id="TL55" fromID="E2" fromText="rheumatic fever" toID="T2" toText="two episodes" type="OVERLAP" />
<TLINK id="TL56" fromID="E14" fromText="admits" toID="T7" toText="per day" type="OVERLAP" />
<TLINK id="TL57" fromID="T7" fromText="per day" toID="E14" toText="admits" type="OVERLAP" />
<TLINK id="TL58" fromID="T8" fromText="per day" toID="E22" toText="proteinuria" type="OVERLAP" />
<TLINK id="TL59" fromID="E22" fromText="proteinuria" toID="T8" toText="per day" type="OVERLAP" />
<TLINK id="TL60" fromID="E24" fromText="a partial gastrectomy" toID="T9" toText="1972" type="OVERLAP" />
<TLINK id="TL61" fromID="T9" fromText="1972" toID="E24" toText="a partial gastrectomy" type="OVERLAP" />
<TLINK id="TL62" fromID="E28" fromText="Digoxin" toID="T10" toText="q.d." type="OVERLAP" />
<TLINK id="TL63" fromID="T10" fromText="q.d." toID="E28" toText="Digoxin" type="OVERLAP" />
<TLINK id="TL64" fromID="E29" fromText="Lasix" toID="T11" toText="b.i.d." type="OVERLAP" />
<TLINK id="TL65" fromID="T11" fromText="b.i.d." toID="E29" toText="Lasix" type="OVERLAP" />
<TLINK id="TL66" fromID="E31" fromText="Vanceril" toID="T12" toText="b.i.d." type="OVERLAP" />
<TLINK id="TL67" fromID="T12" fromText="b.i.d." toID="E31" toText="Vanceril" type="OVERLAP" />
<TLINK id="TL68" fromID="T13" fromText="the day" toID="E37" toText="admission" type="OVERLAP" />
<TLINK id="TL69" fromID="E37" fromText="admission" toID="T13" toText="the day" type="OVERLAP" />
<TLINK id="TL70" fromID="E70" fromText="discharged" toID="T14" toText="a three day" type="AFTER" />
<TLINK id="TL71" fromID="T14" fromText="a three day" toID="E70" toText="discharged" type="BEFORE" />
<TLINK id="TL72" fromID="T14" fromText="a three day" toID="E71" toText="hospitalization" type="OVERLAP" />
<TLINK id="TL73" fromID="E71" fromText="hospitalization" toID="T14" toText="a three day" type="OVERLAP" />
<TLINK id="SECTIME0" fromID="T0" fromText="11-03-93" toID="E2" toText="rheumatic fever" type="AFTER" />
<TLINK id="SECTIME1" fromID="T0" fromText="11-03-93" toID="E3" toText="chronic atrial fibrillation" type="AFTER" />
<TLINK id="SECTIME2" fromID="T0" fromText="11-03-93" toID="E4" toText="Coumadin" type="AFTER" />
<TLINK id="SECTIME3" fromID="T0" fromText="11-03-93" toID="E5" toText="bleeding from the mouth and nose" type="AFTER" />
<TLINK id="SECTIME4" fromID="T0" fromText="11-03-93" toID="E6" toText="prothrombin time" type="AFTER" />
<TLINK id="SECTIME5" fromID="T0" fromText="11-03-93" toID="E7" toText="anti-platelet agents" type="AFTER" />
<TLINK id="SECTIME6" fromID="T0" fromText="11-03-93" toID="E8" toText="recurrent syncope" type="AFTER" />
<TLINK id="SECTIME7" fromID="T0" fromText="11-03-93" toID="E9" toText="progressive heart failure" type="AFTER" />
<TLINK id="SECTIME8" fromID="T0" fromText="11-03-93" toID="E10" toText="A Holter" type="AFTER" />
<TLINK id="SECTIME9" fromID="T0" fromText="11-03-93" toID="E11" toText="showed" type="AFTER" />
<TLINK id="SECTIME10" fromID="T0" fromText="11-03-93" toID="E12" toText="atrial fibrillation" type="AFTER" />
<TLINK id="SECTIME11" fromID="T0" fromText="11-03-93" toID="E13" toText="ventricular bigemini" type="AFTER" />
<TLINK id="TL74" fromID="T0" fromText="11-03-93" toID="T6" toText="two years ago" type="AFTER" />
<TLINK id="SECTIME12" fromID="T0" fromText="11-03-93" toID="E14" toText="admits" type="AFTER" />
<TLINK id="TL75" fromID="T0" fromText="11-03-93" toID="T7" toText="per day" type="AFTER" />
<TLINK id="SECTIME13" fromID="T0" fromText="11-03-93" toID="E15" toText="hypertension" type="AFTER" />
<TLINK id="SECTIME14" fromID="T0" fromText="11-03-93" toID="E16" toText="diabetes" type="AFTER" />
<TLINK id="SECTIME15" fromID="T0" fromText="11-03-93" toID="E17" toText="her cholesterol" type="AFTER" />
<TLINK id="SECTIME16" fromID="T0" fromText="11-03-93" toID="E18" toText="her diet" type="AFTER" />
<TLINK id="SECTIME17" fromID="T0" fromText="11-03-93" toID="E19" toText="heart disease" type="AFTER" />
<TLINK id="SECTIME18" fromID="T0" fromText="11-03-93" toID="E20" toText="Vanceril" type="AFTER" />
<TLINK id="SECTIME19" fromID="T0" fromText="11-03-93" toID="E21" toText="chronic obstructive pulmonary disease" type="AFTER" />
<TLINK id="TL76" fromID="T0" fromText="11-03-93" toID="T8" toText="per day" type="AFTER" />
<TLINK id="SECTIME20" fromID="T0" fromText="11-03-93" toID="E22" toText="proteinuria" type="AFTER" />
<TLINK id="SECTIME21" fromID="T0" fromText="11-03-93" toID="E23" toText="creatinine" type="AFTER" />
<TLINK id="SECTIME22" fromID="T0" fromText="11-03-93" toID="E24" toText="a partial gastrectomy" type="AFTER" />
<TLINK id="TL77" fromID="T0" fromText="11-03-93" toID="T9" toText="1972" type="AFTER" />
<TLINK id="SECTIME23" fromID="T0" fromText="11-03-93" toID="E25" toText="a &quot; tumor &quot;" type="AFTER" />
<TLINK id="SECTIME24" fromID="T0" fromText="11-03-93" toID="E26" toText="an appendectomy" type="AFTER" />
<TLINK id="SECTIME25" fromID="T0" fromText="11-03-93" toID="E27" toText="cholecystectomy" type="AFTER" />
<TLINK id="TL78" fromID="T0" fromText="11-03-93" toID="T13" toText="the day" type="OVERLAP" />
<TLINK id="TL79" fromID="T1" fromText="11-06-93" toID="T6" toText="two years ago" type="AFTER" />
<TLINK id="TL80" fromID="T1" fromText="11-06-93" toID="T9" toText="1972" type="AFTER" />
<TLINK id="SECTIME26" fromID="T1" fromText="11-06-93" toID="E28" toText="Digoxin" type="AFTER" />
<TLINK id="SECTIME27" fromID="T1" fromText="11-06-93" toID="E29" toText="Lasix" type="AFTER" />
<TLINK id="SECTIME28" fromID="T1" fromText="11-06-93" toID="E30" toText="aspirin" type="AFTER" />
<TLINK id="SECTIME29" fromID="T1" fromText="11-06-93" toID="E31" toText="Vanceril" type="AFTER" />
<TLINK id="SECTIME30" fromID="T1" fromText="11-06-93" toID="E32" toText="Transdermal nitroglycerin" type="AFTER" />
<TLINK id="SECTIME31" fromID="T1" fromText="11-06-93" toID="E33" toText="headache" type="AFTER" />
<TLINK id="SECTIME32" fromID="T1" fromText="11-06-93" toID="E34" toText="drink" type="AFTER" />
<TLINK id="SECTIME33" fromID="T1" fromText="11-06-93" toID="E35" toText="Cardiac catheterization" type="AFTER" />
<TLINK id="SECTIME34" fromID="T1" fromText="11-06-93" toID="E36" toText="complication" type="AFTER" />
<TLINK id="TL81" fromID="T1" fromText="11-06-93" toID="T13" toText="the day" type="AFTER" />
<TLINK id="SECTIME35" fromID="T1" fromText="11-06-93" toID="E37" toText="admission" type="AFTER" />
<TLINK id="SECTIME36" fromID="T1" fromText="11-06-93" toID="E38" toText="Right atrial pressure" type="AFTER" />
<TLINK id="SECTIME37" fromID="T1" fromText="11-06-93" toID="E39" toText="tricuspid regurgitation" type="AFTER" />
<TLINK id="SECTIME38" fromID="T1" fromText="11-06-93" toID="E40" toText="tricuspid valve gradient" type="AFTER" />
<TLINK id="SECTIME39" fromID="T1" fromText="11-06-93" toID="E41" toText="Pulmonary artery pressure" type="AFTER" />
<TLINK id="SECTIME40" fromID="T1" fromText="11-06-93" toID="E42" toText="markedly elevated" type="AFTER" />
<TLINK id="SECTIME41" fromID="T1" fromText="11-06-93" toID="E43" toText="Pulmonary capillary wedge pressure" type="AFTER" />
<TLINK id="SECTIME42" fromID="T1" fromText="11-06-93" toID="E44" toText="markedly elevated" type="AFTER" />
<TLINK id="SECTIME43" fromID="T1" fromText="11-06-93" toID="E45" toText="a very large mitral valve gradient" type="AFTER" />
<TLINK id="SECTIME44" fromID="T1" fromText="11-06-93" toID="E46" toText="aortic valve gradient" type="AFTER" />
<TLINK id="SECTIME45" fromID="T1" fromText="11-06-93" toID="E47" toText="Fich cardiac output" type="AFTER" />
<TLINK id="SECTIME46" fromID="T1" fromText="11-06-93" toID="E48" toText="Arterial oxygen saturation" type="AFTER" />
<TLINK id="SECTIME47" fromID="T1" fromText="11-06-93" toID="E49" toText="minimal mitral valve calcification" type="AFTER" />
<TLINK id="SECTIME48" fromID="T1" fromText="11-06-93" toID="E50" toText="2+ mitral regurgitation into a large left atrium" type="AFTER" />
<TLINK id="SECTIME49" fromID="T1" fromText="11-06-93" toID="E51" toText="minimal aortic valve calcification" type="AFTER" />
<TLINK id="SECTIME50" fromID="T1" fromText="11-06-93" toID="E52" toText="mild ______________ thickening" type="AFTER" />
<TLINK id="SECTIME51" fromID="T1" fromText="11-06-93" toID="E53" toText="mild aortic regurgitation" type="AFTER" />
<TLINK id="SECTIME52" fromID="T1" fromText="11-06-93" toID="E54" toText="mild atherosclerosis of the mid left anterior descending" type="AFTER" />
<TLINK id="SECTIME53" fromID="T1" fromText="11-06-93" toID="E55" toText="FVC" type="AFTER" />
<TLINK id="SECTIME54" fromID="T1" fromText="11-06-93" toID="E56" toText="FEV1" type="AFTER" />
<TLINK id="SECTIME55" fromID="T1" fromText="11-06-93" toID="E57" toText="Room air arterial blood gas" type="AFTER" />
<TLINK id="SECTIME56" fromID="T1" fromText="11-06-93" toID="E58" toText="a mechanical valve" type="AFTER" />
<TLINK id="SECTIME57" fromID="T1" fromText="11-06-93" toID="E59" toText="valve replacement" type="AFTER" />
<TLINK id="SECTIME58" fromID="T1" fromText="11-06-93" toID="E60" toText="commissurotomy" type="AFTER" />
<TLINK id="SECTIME59" fromID="T1" fromText="11-06-93" toID="E61" toText="ENT" type="AFTER" />
<TLINK id="SECTIME60" fromID="T1" fromText="11-06-93" toID="E62" toText="epistaxis" type="AFTER" />
<TLINK id="SECTIME61" fromID="T1" fromText="11-06-93" toID="E63" toText="bleeding source" type="AFTER" />
<TLINK id="SECTIME62" fromID="T1" fromText="11-06-93" toID="E64" toText="nasal hemorrhage" type="AFTER" />
<TLINK id="SECTIME63" fromID="T1" fromText="11-06-93" toID="E65" toText="Coumadin" type="AFTER" />
<TLINK id="SECTIME64" fromID="T1" fromText="11-06-93" toID="E66" toText="interventional neuroradiology occlusion" type="AFTER" />
<TLINK id="SECTIME65" fromID="T1" fromText="11-06-93" toID="E67" toText="referred" type="AFTER" />
<TLINK id="SECTIME66" fromID="T1" fromText="11-06-93" toID="E68" toText="The procedure" type="AFTER" />
<TLINK id="SECTIME67" fromID="T1" fromText="11-06-93" toID="E69" toText="this admission" type="AFTER" />
<TLINK id="SECTIME68" fromID="T1" fromText="11-06-93" toID="E70" toText="discharged" type="OVERLAP" />
<TLINK id="SECTIME69" fromID="T1" fromText="11-06-93" toID="E71" toText="hospitalization" type="AFTER" />
<TLINK id="SECTIME70" fromID="T1" fromText="11-06-93" toID="E72" toText="the neuroradiology procedure" type="AFTER" />
<TLINK id="SECTIME71" fromID="T1" fromText="11-06-93" toID="E73" toText="Coumadin" type="AFTER" />
<TLINK id="SECTIME72" fromID="T1" fromText="11-06-93" toID="E74" toText="mitral commissurotomy" type="AFTER" />
<TLINK id="SECTIME73" fromID="T1" fromText="11-06-93" toID="E75" toText="replacement" type="AFTER" />
<TLINK id="SECTIME74" fromID="T1" fromText="11-06-93" toID="E76" toText="tricuspid annuloplasty" type="AFTER" />
<TLINK id="SECTIME75" fromID="T1" fromText="11-06-93" toID="E77" toText="Lasix" type="AFTER" />
<TLINK id="SECTIME76" fromID="T1" fromText="11-06-93" toID="E78" toText="Potassium replacement" type="AFTER" />
<TLINK id="SECTIME77" fromID="T1" fromText="11-06-93" toID="E79" toText="marked hyperkalemia" type="AFTER" />
<TLINK id="TL82" fromID="E2" fromText="rheumatic fever" toID="E3" toText="chronic atrial fibrillation" type="OVERLAP" />
<TLINK id="TL83" fromID="E37" fromText="admission" toID="E38" toText="Right atrial pressure" type="OVERLAP" />
<TLINK id="TL84" fromID="E38" fromText="Right atrial pressure" toID="E40" toText="tricuspid valve gradient" type="OVERLAP" />
<TLINK id="TL85" fromID="E39" fromText="tricuspid regurgitation" toID="E40" toText="tricuspid valve gradient" type="OVERLAP" />
<TLINK id="TL86" fromID="E41" fromText="Pulmonary artery pressure" toID="E43" toText="Pulmonary capillary wedge pressure" type="OVERLAP" />
<TLINK id="TL87" fromID="E42" fromText="markedly elevated" toID="E44" toText="markedly elevated" type="OVERLAP" />
<TLINK id="TL88" fromID="E43" fromText="Pulmonary capillary wedge pressure" toID="E41" toText="Pulmonary artery pressure" type="OVERLAP" />
<TLINK id="TL89" fromID="E44" fromText="markedly elevated" toID="E42" toText="markedly elevated" type="OVERLAP" />
<TLINK id="TL90" fromID="E44" fromText="markedly elevated" toID="E46" toText="aortic valve gradient" type="OVERLAP" />
<TLINK id="TL91" fromID="E45" fromText="a very large mitral valve gradient" toID="E46" toText="aortic valve gradient" type="OVERLAP" />
<TLINK id="TL92" fromID="E47" fromText="Fich cardiac output" toID="E48" toText="Arterial oxygen saturation" type="OVERLAP" />
<TLINK id="TL93" fromID="E48" fromText="Arterial oxygen saturation" toID="E47" toText="Fich cardiac output" type="OVERLAP" />
<TLINK id="TL94" fromID="E51" fromText="minimal aortic valve calcification" toID="E54" toText="mild atherosclerosis of the mid left anterior descending" type="OVERLAP" />
<TLINK id="TL95" fromID="E52" fromText="mild ______________ thickening" toID="E54" toText="mild atherosclerosis of the mid left anterior descending" type="OVERLAP" />
<TLINK id="TL96" fromID="E53" fromText="mild aortic regurgitation" toID="E54" toText="mild atherosclerosis of the mid left anterior descending" type="OVERLAP" />
<TLINK id="TL97" fromID="E55" fromText="FVC" toID="E57" toText="Room air arterial blood gas" type="OVERLAP" />
<TLINK id="TL98" fromID="E56" fromText="FEV1" toID="E57" toText="Room air arterial blood gas" type="OVERLAP" />
<TLINK id="TL99" fromID="E57" fromText="Room air arterial blood gas" toID="E55" toText="FVC" type="OVERLAP" />
<TLINK id="TL100" fromID="E57" fromText="Room air arterial blood gas" toID="E56" toText="FEV1" type="OVERLAP" />
<TLINK id="TL101" fromID="E62" fromText="epistaxis" toID="E64" toText="nasal hemorrhage" type="OVERLAP" />
<TLINK id="TL102" fromID="E64" fromText="nasal hemorrhage" toID="E62" toText="epistaxis" type="OVERLAP" />
<TLINK id="TL103" fromID="E65" fromText="Coumadin" toID="E67" toText="referred" type="BEFORE" />
<TLINK id="TL104" fromID="E66" fromText="interventional neuroradiology occlusion" toID="E67" toText="referred" type="BEFORE" />
<TLINK id="TL105" fromID="E68" fromText="The procedure" toID="E72" toText="the neuroradiology procedure" type="OVERLAP" />
<TLINK id="TL106" fromID="E72" fromText="the neuroradiology procedure" toID="E68" toText="The procedure" type="OVERLAP" />
<TLINK id="SECTIME78" fromID="E0" fromText="ADMISSION" toID="T0" toText="11-03-93" type="OVERLAP" />
<TLINK id="SECTIME79" fromID="T0" fromText="11-03-93" toID="E0" toText="ADMISSION" type="OVERLAP" />
<TLINK id="SECTIME80" fromID="T0" fromText="11-03-93" toID="E1" toText="DISCHARGE" type="BEFORE" />
<TLINK id="SECTIME81" fromID="E1" fromText="DISCHARGE" toID="T0" toText="11-03-93" type="AFTER" />
<TLINK id="SECTIME82" fromID="E1" fromText="DISCHARGE" toID="T1" toText="11-06-93" type="OVERLAP" />
<TLINK id="SECTIME83" fromID="T1" fromText="11-06-93" toID="E1" toText="DISCHARGE" type="OVERLAP" />
<TLINK id="TL107" fromID="E3" fromText="chronic atrial fibrillation" toID="E12" toText="atrial fibrillation" type="OVERLAP" />
<TLINK id="TL108" fromID="E4" fromText="Coumadin" toID="E65" toText="Coumadin" type="OVERLAP" />
<TLINK id="TL109" fromID="E4" fromText="Coumadin" toID="E73" toText="Coumadin" type="OVERLAP" />
<TLINK id="TL110" fromID="E12" fromText="atrial fibrillation" toID="E3" toText="chronic atrial fibrillation" type="OVERLAP" />
<TLINK id="TL111" fromID="E29" fromText="Lasix" toID="E77" toText="Lasix" type="OVERLAP" />
<TLINK id="TL112" fromID="E60" fromText="commissurotomy" toID="E74" toText="mitral commissurotomy" type="OVERLAP" />
<TLINK id="TL113" fromID="E62" fromText="epistaxis" toID="E64" toText="nasal hemorrhage" type="OVERLAP" />
<TLINK id="TL114" fromID="E64" fromText="nasal hemorrhage" toID="E62" toText="epistaxis" type="OVERLAP" />
<TLINK id="TL115" fromID="E65" fromText="Coumadin" toID="E4" toText="Coumadin" type="OVERLAP" />
<TLINK id="TL116" fromID="E65" fromText="Coumadin" toID="E73" toText="Coumadin" type="OVERLAP" />
<TLINK id="TL117" fromID="E66" fromText="interventional neuroradiology occlusion" toID="E68" toText="The procedure" type="OVERLAP" />
<TLINK id="TL118" fromID="E66" fromText="interventional neuroradiology occlusion" toID="E72" toText="the neuroradiology procedure" type="OVERLAP" />
<TLINK id="TL119" fromID="E68" fromText="The procedure" toID="E66" toText="interventional neuroradiology occlusion" type="OVERLAP" />
<TLINK id="TL120" fromID="E68" fromText="The procedure" toID="E72" toText="the neuroradiology procedure" type="OVERLAP" />
<TLINK id="TL121" fromID="E72" fromText="the neuroradiology procedure" toID="E66" toText="interventional neuroradiology occlusion" type="OVERLAP" />
<TLINK id="TL122" fromID="E72" fromText="the neuroradiology procedure" toID="E68" toText="The procedure" type="OVERLAP" />
<TLINK id="TL123" fromID="E73" fromText="Coumadin" toID="E4" toText="Coumadin" type="OVERLAP" />
<TLINK id="TL124" fromID="E73" fromText="Coumadin" toID="E65" toText="Coumadin" type="OVERLAP" />
<TLINK id="TL125" fromID="E74" fromText="mitral commissurotomy" toID="E60" toText="commissurotomy" type="OVERLAP" />
<TLINK id="TL126" fromID="E77" fromText="Lasix" toID="E29" toText="Lasix" type="OVERLAP" />
<TLINK id="TL127" fromID="T6" fromText="two years ago" toID="E14" toText="admits" type="BEFORE" />
<TLINK id="TL128" fromID="E14" fromText="admits" toID="T6" toText="two years ago" type="AFTER" />
<TLINK id="TL129" fromID="E15" fromText="hypertension" toID="E17" toText="her cholesterol" type="OVERLAP" />
<TLINK id="TL130" fromID="E15" fromText="hypertension" toID="E18" toText="her diet" type="OVERLAP" />
<TLINK id="TL131" fromID="E16" fromText="diabetes" toID="E17" toText="her cholesterol" type="OVERLAP" />
<TLINK id="TL132" fromID="E16" fromText="diabetes" toID="E18" toText="her diet" type="OVERLAP" />
<TLINK id="TL133" fromID="E17" fromText="her cholesterol" toID="E15" toText="hypertension" type="OVERLAP" />
<TLINK id="TL134" fromID="E17" fromText="her cholesterol" toID="E16" toText="diabetes" type="OVERLAP" />
<TLINK id="TL135" fromID="E18" fromText="her diet" toID="E15" toText="hypertension" type="OVERLAP" />
<TLINK id="TL136" fromID="E18" fromText="her diet" toID="E16" toText="diabetes" type="OVERLAP" />
<TLINK id="TL137" fromID="T9" fromText="1972" toID="E25" toText="a &quot; tumor &quot;" type="AFTER" />
<TLINK id="TL138" fromID="E25" fromText="a &quot; tumor &quot;" toID="T9" toText="1972" type="BEFORE" />
<TLINK id="TL139" fromID="T10" fromText="q.d." toID="E29" toText="Lasix" type="OVERLAP" />
<TLINK id="TL140" fromID="T10" fromText="q.d." toID="E30" toText="aspirin" type="OVERLAP" />
<TLINK id="TL141" fromID="T10" fromText="q.d." toID="E31" toText="Vanceril" type="OVERLAP" />
<TLINK id="TL142" fromID="T11" fromText="b.i.d." toID="E28" toText="Digoxin" type="OVERLAP" />
<TLINK id="TL143" fromID="T11" fromText="b.i.d." toID="E30" toText="aspirin" type="OVERLAP" />
<TLINK id="TL144" fromID="T11" fromText="b.i.d." toID="E31" toText="Vanceril" type="OVERLAP" />
<TLINK id="TL145" fromID="T12" fromText="b.i.d." toID="E28" toText="Digoxin" type="OVERLAP" />
<TLINK id="TL146" fromID="T12" fromText="b.i.d." toID="E29" toText="Lasix" type="OVERLAP" />
<TLINK id="TL147" fromID="T12" fromText="b.i.d." toID="E30" toText="aspirin" type="OVERLAP" />
<TLINK id="TL148" fromID="E28" fromText="Digoxin" toID="T11" toText="b.i.d." type="OVERLAP" />
<TLINK id="TL149" fromID="E28" fromText="Digoxin" toID="T12" toText="b.i.d." type="OVERLAP" />
<TLINK id="TL150" fromID="E29" fromText="Lasix" toID="T10" toText="q.d." type="OVERLAP" />
<TLINK id="TL151" fromID="E29" fromText="Lasix" toID="T12" toText="b.i.d." type="OVERLAP" />
<TLINK id="TL152" fromID="E30" fromText="aspirin" toID="T10" toText="q.d." type="OVERLAP" />
<TLINK id="TL153" fromID="E30" fromText="aspirin" toID="T11" toText="b.i.d." type="OVERLAP" />
<TLINK id="TL154" fromID="E30" fromText="aspirin" toID="T12" toText="b.i.d." type="OVERLAP" />
<TLINK id="TL155" fromID="E31" fromText="Vanceril" toID="T10" toText="q.d." type="OVERLAP" />
<TLINK id="TL156" fromID="E31" fromText="Vanceril" toID="T11" toText="b.i.d." type="OVERLAP" />
<TLINK id="TL157" fromID="E64" fromText="nasal hemorrhage" toID="E66" toText="interventional neuroradiology occlusion" type="OVERLAP" />
<TLINK id="TL158" fromID="E66" fromText="interventional neuroradiology occlusion" toID="E64" toText="nasal hemorrhage" type="OVERLAP" />
<TLINK id="TL159" fromID="E70" fromText="discharged" toID="E71" toText="hospitalization" type="AFTER" />
<TLINK id="TL160" fromID="E70" fromText="discharged" toID="E72" toText="the neuroradiology procedure" type="BEFORE" />
<TLINK id="TL161" fromID="E71" fromText="hospitalization" toID="E70" toText="discharged" type="BEFORE" />
<TLINK id="TL162" fromID="E72" fromText="the neuroradiology procedure" toID="E70" toText="discharged" type="AFTER" />
</TAGS>
</ClinicalNarrativeTemporalAnnotation>
