<?xml version="1.0" encoding="UTF-8" ?>
<ClinicalNarrativeTemporalAnnotation>
<TEXT><![CDATA[
Admission Date :
2019-02-01
Discharge Date :
2019-02-09
Service :
MEDICINE
History of Present Illness :
Pt is a 78 yo male with h/o A fib , s/p multiple CVA s, CHF , HTN , DM2 admitted to Mediplex Rehab Hospital Robert on 02-01 with abdominal pain and n/v since that morning .
Pt 's vitals on admission wer significant for T 104 , SBP 100 s, HR in the 120 s.
RUQ U/s demonstrated multiple small gallstones with sludges without evidence of pericholecystic fluid or significant dilatation of the gallbladder .
Surgery was consulted for concern of cholangitis with probable sepsis .
Pt was admitted to the CMED CCU , intubated overnight for ERCP procedure and fluid resuscitation .
The patient was placed on zosyn .
Pt 's INR was eleveted as he was on home coumadin .
He was given 4 units FFP in anticipation of ERCP the following day .
On 02-02 ERCP demonstrated a large filling defect in the distal duct representing a stone with CBD dilatation .
A biliary stent was placed after the removal of the stone .
Pt was extubated the next day .
He was then transferred to the medicine service .
Brief Hospital Course :
Pt is a 78 yo male with atrial fibrillation , s/p multiple CVA s, CHF , HTN , DM2 transferred from the CMED CCU s/p intervention for cholangitis .
1) Acute cholangitis : Pt was admitted to the ICU , intubated , and ERCP performed , likely stone obstructing CBD .
Stent was placed and patient was treated with antibiotics ( Zosyn - > Ciprofloxacin ).
Per ERCP fellow , plan is for patient to return in four weeks to see Dr. Suzanne Davis , at which time he will likely have repeat cholangiogram and removal of stent and stone .
If this is still problematic , pt may also need a sphincterotomy .
Dr.Demby secretary will contact patient at home the week after discharge to schedule this for the end of January .
Pt is to continue ciprofloxacin for a complete 14 day course .
2) Mechanical mitral valve : Anticoagulation was reversed for ERCP .
After this he was anticoagulated with heparin drip .
INR was 1.9 on discharge .
He was given sc lovenox x 1 and will continue this the day after discharge bid for one day .
VNA will check his INR at home and page his PCP with the results .
3) Atrial fibrillation : Rate controlled and on warfarin .
While in the hospital he had several episodes of pauses , none longer than 2.5 seconds .
His digoxin was held and his metoprolol was titrated down from his home dose .
Once the digoxin was no longer having effect , metoprolol was titrated back to home dose .
4) CHF : Pt was oxygen dependent for most of the hospital course , CXR was consistent with pulmonary edema .
He was diuresed with lasix with good effect .
Volume overload likely ocurred in the setting of IV fluids given in the ICU .
Did not require lasix on discharge .
5) E. coli bacteremia / sepsis : Source of acute cholangitis as above .
Pt required 3 day stay in the surgical ICU and intubation as above .
6) Intubation : Pt was 97% on room air on arrival to Cindy , developed rapid ventricular reponse to a fib which was treated , but after that period of time required oxygen , presumably for pulmonary edema .
In the Lori pt was given 3L NS as well as 1 unit of FFP , and oxygen requirements contimued to climb .
In the CMED CCU pt was intubated for ERCP procedure .
He was extubated the next morning .
]]></TEXT>
<TAGS>
<EVENT id="E0" start="1" end="10" text="Admission" modality="FACTUAL" polarity="POS" type="OCCURRENCE" />
<EVENT id="E1" start="29" end="38" text="Discharge" modality="FACTUAL" polarity="POS" type="OCCURRENCE" />
<EVENT id="E2" start="133" end="138" text="A fib" modality="FACTUAL" polarity="POS" type="PROBLEM" />
<EVENT id="E3" start="145" end="164" text="multiple CVA s, CHF" modality="FACTUAL" polarity="POS" type="PROBLEM" />
<EVENT id="E4" start="167" end="170" text="HTN" modality="FACTUAL" polarity="POS" type="PROBLEM" />
<EVENT id="E5" start="173" end="176" text="DM2" modality="FACTUAL" polarity="POS" type="PROBLEM" />
<EVENT id="E6" start="177" end="185" text="admitted" modality="FACTUAL" polarity="POS" type="OCCURRENCE" />
<EVENT id="E7" start="189" end="219" text="Mediplex Rehab Hospital Robert" modality="FACTUAL" polarity="POS" type="CLINICAL_DEPT" />
<EVENT id="E8" start="234" end="248" text="abdominal pain" modality="FACTUAL" polarity="POS" type="PROBLEM" />
<EVENT id="E9" start="253" end="256" text="n/v" modality="FACTUAL" polarity="POS" type="PROBLEM" />
<EVENT id="E10" start="278" end="290" text="Pt 's vitals" modality="FACTUAL" polarity="POS" type="TEST" />
<EVENT id="E11" start="294" end="303" text="admission" modality="FACTUAL" polarity="POS" type="OCCURRENCE" />
<EVENT id="E12" start="324" end="325" text="T" modality="FACTUAL" polarity="POS" type="TEST" />
<EVENT id="E13" start="332" end="335" text="SBP" modality="FACTUAL" polarity="POS" type="TEST" />
<EVENT id="E14" start="343" end="345" text="HR" modality="FACTUAL" polarity="POS" type="TEST" />
<EVENT id="E15" start="360" end="367" text="RUQ U/s" modality="FACTUAL" polarity="POS" type="TEST" />
<EVENT id="E16" start="368" end="380" text="demonstrated" modality="FACTUAL" polarity="POS" type="EVIDENTIAL" />
<EVENT id="E17" start="381" end="406" text="multiple small gallstones" modality="FACTUAL" polarity="POS" type="PROBLEM" />
<EVENT id="E18" start="412" end="419" text="sludges" modality="FACTUAL" polarity="POS" type="PROBLEM" />
<EVENT id="E19" start="440" end="461" text="pericholecystic fluid" modality="FACTUAL" polarity="NEG" type="PROBLEM" />
<EVENT id="E20" start="465" end="506" text="significant dilatation of the gallbladder" modality="FACTUAL" polarity="NEG" type="PROBLEM" />
<EVENT id="E21" start="509" end="516" text="Surgery" modality="FACTUAL" polarity="POS" type="OCCURRENCE" />
<EVENT id="E22" start="546" end="557" text="cholangitis" modality="FACTUAL" polarity="POS" type="PROBLEM" />
<EVENT id="E23" start="572" end="578" text="sepsis" modality="POSSIBLE" polarity="POS" type="PROBLEM" />
<EVENT id="E24" start="588" end="596" text="admitted" modality="FACTUAL" polarity="POS" type="OCCURRENCE" />
<EVENT id="E25" start="600" end="612" text="the CMED CCU" modality="FACTUAL" polarity="POS" type="CLINICAL_DEPT" />
<EVENT id="E26" start="615" end="624" text="intubated" modality="FACTUAL" polarity="POS" type="TREATMENT" />
<EVENT id="E27" start="639" end="653" text="ERCP procedure" modality="FACTUAL" polarity="POS" type="TEST" />
<EVENT id="E28" start="658" end="677" text="fluid resuscitation" modality="FACTUAL" polarity="POS" type="TREATMENT" />
<EVENT id="E29" start="706" end="711" text="zosyn" modality="FACTUAL" polarity="POS" type="TREATMENT" />
<EVENT id="E30" start="714" end="723" text="Pt 's INR" modality="FACTUAL" polarity="POS" type="TEST" />
<EVENT id="E31" start="728" end="736" text="eleveted" modality="FACTUAL" polarity="POS" type="PROBLEM" />
<EVENT id="E32" start="750" end="763" text="home coumadin" modality="FACTUAL" polarity="POS" type="TREATMENT" />
<EVENT id="E33" start="779" end="790" text="4 units FFP" modality="FACTUAL" polarity="POS" type="TREATMENT" />
<EVENT id="E34" start="810" end="814" text="ERCP" modality="FACTUAL" polarity="POS" type="TEST" />
<EVENT id="E35" start="844" end="848" text="ERCP" modality="FACTUAL" polarity="POS" type="TEST" />
<EVENT id="E36" start="849" end="861" text="demonstrated" modality="FACTUAL" polarity="POS" type="EVIDENTIAL" />
<EVENT id="E37" start="862" end="903" text="a large filling defect in the distal duct" modality="FACTUAL" polarity="POS" type="PROBLEM" />
<EVENT id="E38" start="917" end="924" text="a stone" modality="FACTUAL" polarity="POS" type="PROBLEM" />
<EVENT id="E39" start="930" end="944" text="CBD dilatation" modality="FACTUAL" polarity="POS" type="PROBLEM" />
<EVENT id="E40" start="947" end="962" text="A biliary stent" modality="FACTUAL" polarity="POS" type="TREATMENT" />
<EVENT id="E41" start="980" end="991" text="the removal" modality="FACTUAL" polarity="POS" type="TREATMENT" />
<EVENT id="E42" start="995" end="1004" text="the stone" modality="FACTUAL" polarity="POS" type="PROBLEM" />
<EVENT id="E43" start="1014" end="1023" text="extubated" modality="FACTUAL" polarity="POS" type="TREATMENT" />
<EVENT id="E44" start="1051" end="1062" text="transferred" modality="FACTUAL" polarity="POS" type="OCCURRENCE" />
<EVENT id="E45" start="1137" end="1156" text="atrial fibrillation" modality="FACTUAL" polarity="POS" type="PROBLEM" />
<EVENT id="E46" start="1163" end="1182" text="multiple CVA s, CHF" modality="FACTUAL" polarity="POS" type="PROBLEM" />
<EVENT id="E47" start="1185" end="1188" text="HTN" modality="FACTUAL" polarity="POS" type="PROBLEM" />
<EVENT id="E48" start="1191" end="1194" text="DM2" modality="FACTUAL" polarity="POS" type="PROBLEM" />
<EVENT id="E49" start="1212" end="1224" text="the CMED CCU" modality="FACTUAL" polarity="POS" type="CLINICAL_DEPT" />
<EVENT id="E50" start="1229" end="1241" text="intervention" modality="FACTUAL" polarity="POS" type="TREATMENT" />
<EVENT id="E51" start="1246" end="1257" text="cholangitis" modality="FACTUAL" polarity="POS" type="PROBLEM" />
<EVENT id="E52" start="1263" end="1280" text="Acute cholangitis" modality="FACTUAL" polarity="POS" type="PROBLEM" />
<EVENT id="E53" start="1290" end="1298" text="admitted" modality="FACTUAL" polarity="POS" type="OCCURRENCE" />
<EVENT id="E54" start="1302" end="1309" text="the ICU" modality="FACTUAL" polarity="POS" type="CLINICAL_DEPT" />
<EVENT id="E55" start="1312" end="1321" text="intubated" modality="FACTUAL" polarity="POS" type="TREATMENT" />
<EVENT id="E56" start="1328" end="1332" text="ERCP" modality="POSSIBLE" polarity="POS" type="TEST" />
<EVENT id="E57" start="1358" end="1373" text="obstructing CBD" modality="FACTUAL" polarity="POS" type="PROBLEM" />
<EVENT id="E58" start="1376" end="1381" text="Stent" modality="FACTUAL" polarity="POS" type="TREATMENT" />
<EVENT id="E59" start="1422" end="1433" text="antibiotics" modality="FACTUAL" polarity="POS" type="TREATMENT" />
<EVENT id="E60" start="1436" end="1441" text="Zosyn" modality="FACTUAL" polarity="POS" type="TREATMENT" />
<EVENT id="E61" start="1446" end="1459" text="Ciprofloxacin" modality="FACTUAL" polarity="POS" type="TREATMENT" />
<EVENT id="E62" start="1586" end="1606" text="repeat cholangiogram" modality="POSSIBLE" polarity="POS" type="TEST" />
<EVENT id="E63" start="1611" end="1618" text="removal" modality="FACTUAL" polarity="POS" type="TREATMENT" />
<EVENT id="E64" start="1622" end="1627" text="stent" modality="FACTUAL" polarity="POS" type="TREATMENT" />
<EVENT id="E65" start="1632" end="1637" text="stone" modality="FACTUAL" polarity="POS" type="PROBLEM" />
<EVENT id="E66" start="1657" end="1668" text="problematic" modality="FACTUAL" polarity="POS" type="PROBLEM" />
<EVENT id="E67" start="1688" end="1704" text="a sphincterotomy" modality="PROPOSED" polarity="POS" type="TREATMENT" />
<EVENT id="E68" start="1770" end="1779" text="discharge" modality="PROPOSED" polarity="POS" type="OCCURRENCE" />
<EVENT id="E69" start="1840" end="1853" text="ciprofloxacin" modality="FACTUAL" polarity="POS" type="TREATMENT" />
<EVENT id="E70" start="1888" end="1911" text="Mechanical mitral valve" modality="FACTUAL" polarity="POS" type="TREATMENT" />
<EVENT id="E71" start="1914" end="1929" text="Anticoagulation" modality="FACTUAL" polarity="POS" type="TREATMENT" />
<EVENT id="E72" start="1947" end="1951" text="ERCP" modality="FACTUAL" polarity="POS" type="TEST" />
<EVENT id="E73" start="1972" end="1986" text="anticoagulated" modality="FACTUAL" polarity="POS" type="TREATMENT" />
<EVENT id="E74" start="1992" end="2004" text="heparin drip" modality="FACTUAL" polarity="POS" type="TREATMENT" />
<EVENT id="E75" start="2007" end="2010" text="INR" modality="FACTUAL" polarity="POS" type="TEST" />
<EVENT id="E76" start="2022" end="2031" text="discharge" modality="FACTUAL" polarity="POS" type="OCCURRENCE" />
<EVENT id="E77" start="2047" end="2057" text="sc lovenox" modality="FACTUAL" polarity="POS" type="TREATMENT" />
<EVENT id="E78" start="2099" end="2108" text="discharge" modality="FACTUAL" polarity="POS" type="OCCURRENCE" />
<EVENT id="E79" start="2142" end="2149" text="his INR" modality="FACTUAL" polarity="POS" type="TEST" />
<EVENT id="E80" start="2197" end="2216" text="Atrial fibrillation" modality="FACTUAL" polarity="POS" type="PROBLEM" />
<EVENT id="E81" start="2242" end="2250" text="warfarin" modality="FACTUAL" polarity="POS" type="TREATMENT" />
<EVENT id="E82" start="2262" end="2274" text="the hospital" modality="FACTUAL" polarity="POS" type="CLINICAL_DEPT" />
<EVENT id="E83" start="2302" end="2308" text="pauses" modality="FACTUAL" polarity="POS" type="PROBLEM" />
<EVENT id="E84" start="2342" end="2353" text="His digoxin" modality="FACTUAL" polarity="POS" type="TREATMENT" />
<EVENT id="E85" start="2367" end="2381" text="his metoprolol" modality="FACTUAL" polarity="POS" type="TREATMENT" />
<EVENT id="E86" start="2386" end="2399" text="titrated down" modality="FACTUAL" polarity="POS" type="OCCURRENCE" />
<EVENT id="E87" start="2405" end="2418" text="his home dose" modality="FACTUAL" polarity="POS" type="TREATMENT" />
<EVENT id="E88" start="2426" end="2437" text="the digoxin" modality="FACTUAL" polarity="NEG" type="TREATMENT" />
<EVENT id="E89" start="2468" end="2478" text="metoprolol" modality="FACTUAL" polarity="POS" type="TREATMENT" />
<EVENT id="E90" start="2500" end="2509" text="home dose" modality="FACTUAL" polarity="POS" type="TREATMENT" />
<EVENT id="E91" start="2515" end="2518" text="CHF" modality="FACTUAL" polarity="POS" type="PROBLEM" />
<EVENT id="E92" start="2528" end="2544" text="oxygen dependent" modality="FACTUAL" polarity="POS" type="PROBLEM" />
<EVENT id="E93" start="2557" end="2576" text="the hospital course" modality="FACTUAL" polarity="POS" type="OCCURRENCE" />
<EVENT id="E94" start="2579" end="2582" text="CXR" modality="FACTUAL" polarity="POS" type="TEST" />
<EVENT id="E95" start="2603" end="2618" text="pulmonary edema" modality="FACTUAL" polarity="POS" type="PROBLEM" />
<EVENT id="E96" start="2628" end="2636" text="diuresed" modality="FACTUAL" polarity="POS" type="TREATMENT" />
<EVENT id="E97" start="2642" end="2647" text="lasix" modality="FACTUAL" polarity="POS" type="TREATMENT" />
<EVENT id="E98" start="2653" end="2664" text="good effect" modality="FACTUAL" polarity="POS" type="OCCURRENCE" />
<EVENT id="E99" start="2667" end="2682" text="Volume overload" modality="FACTUAL" polarity="POS" type="PROBLEM" />
<EVENT id="E100" start="2716" end="2725" text="IV fluids" modality="FACTUAL" polarity="POS" type="TREATMENT" />
<EVENT id="E101" start="2735" end="2742" text="the ICU" modality="FACTUAL" polarity="POS" type="CLINICAL_DEPT" />
<EVENT id="E102" start="2761" end="2766" text="lasix" modality="FACTUAL" polarity="NEG" type="TREATMENT" />
<EVENT id="E103" start="2770" end="2779" text="discharge" modality="FACTUAL" polarity="POS" type="OCCURRENCE" />
<EVENT id="E104" start="2785" end="2803" text="E. coli bacteremia" modality="FACTUAL" polarity="POS" type="PROBLEM" />
<EVENT id="E105" start="2806" end="2812" text="sepsis" modality="FACTUAL" polarity="POS" type="PROBLEM" />
<EVENT id="E106" start="2825" end="2842" text="acute cholangitis" modality="FACTUAL" polarity="POS" type="PROBLEM" />
<EVENT id="E107" start="2880" end="2896" text="the surgical ICU" modality="FACTUAL" polarity="POS" type="CLINICAL_DEPT" />
<EVENT id="E108" start="2901" end="2911" text="intubation" modality="FACTUAL" polarity="POS" type="TREATMENT" />
<EVENT id="E109" start="2926" end="2936" text="Intubation" modality="FACTUAL" polarity="POS" type="TREATMENT" />
<EVENT id="E110" start="2994" end="3019" text="rapid ventricular reponse" modality="FACTUAL" polarity="POS" type="PROBLEM" />
<EVENT id="E111" start="3023" end="3028" text="a fib" modality="FACTUAL" polarity="POS" type="PROBLEM" />
<EVENT id="E112" start="3088" end="3094" text="oxygen" modality="FACTUAL" polarity="POS" type="TREATMENT" />
<EVENT id="E113" start="3112" end="3127" text="pulmonary edema" modality="POSSIBLE" polarity="POS" type="PROBLEM" />
<EVENT id="E114" start="3155" end="3160" text="3L NS" modality="FACTUAL" polarity="POS" type="TREATMENT" />
<EVENT id="E115" start="3182" end="3185" text="FFP" modality="FACTUAL" polarity="POS" type="TREATMENT" />
<EVENT id="E116" start="3192" end="3211" text="oxygen requirements" modality="FACTUAL" polarity="POS" type="PROBLEM" />
<EVENT id="E117" start="3225" end="3230" text="climb" modality="FACTUAL" polarity="POS" type="PROBLEM" />
<EVENT id="E118" start="3236" end="3248" text="the CMED CCU" modality="FACTUAL" polarity="POS" type="CLINICAL_DEPT" />
<EVENT id="E119" start="3256" end="3265" text="intubated" modality="FACTUAL" polarity="POS" type="TREATMENT" />
<EVENT id="E120" start="3270" end="3284" text="ERCP procedure" modality="FACTUAL" polarity="POS" type="TEST" />
<EVENT id="E121" start="3294" end="3303" text="extubated" modality="FACTUAL" polarity="POS" type="TREATMENT" />
<TIMEX3 id="T0" start="18" end="28" text="2019-02-01" type="DATE" val="2019-02-01" mod="NA" />
<TIMEX3 id="T1" start="46" end="56" text="2019-02-09" type="DATE" val="2019-02-09" mod="NA" />
<TIMEX3 id="T2" start="223" end="228" text="02-01" type="DATE" val="2019-02-01" mod="NA" />
<TIMEX3 id="T3" start="263" end="275" text="that morning" type="DATE" val="2019-02-01" mod="START" />
<TIMEX3 id="T4" start="625" end="634" text="overnight" type="DURATION" val="PT12H" mod="APPROX" />
<TIMEX3 id="T5" start="815" end="832" text="the following day" type="DATE" val="2019-02-02" mod="NA" />
<TIMEX3 id="T6" start="838" end="843" text="02-02" type="DATE" val="2019-02-02" mod="NA" />
<TIMEX3 id="T7" start="1024" end="1036" text="the next day" type="DATE" val="2019-02-03" mod="NA" />
<TIMEX3 id="T8" start="1514" end="1524" text="four weeks" type="DURATION" val="P4W" mod="NA" />
<TIMEX3 id="T9" start="1755" end="1763" text="the week" type="DATE" val="2019-03-16" mod="NA" />
<TIMEX3 id="T10" start="1812" end="1819" text="January" type="DATE" val="2019-01" mod="END" />
<TIMEX3 id="T11" start="1869" end="1882" text="14 day course" type="DURATION" val="P14D" mod="NA" />
<TIMEX3 id="T12" start="2058" end="2061" text="x 1" type="FREQUENCY" val="R1" mod="NA" />
<TIMEX3 id="T13" start="2080" end="2092" text="this the day" type="DATE" val="2019-02-10" mod="NA" />
<TIMEX3 id="T14" start="2109" end="2124" text="bid for one day" type="FREQUENCY" val="RPT12H" mod="NA" />
<TIMEX3 id="T15" start="2866" end="2871" text="3 day" type="DURATION" val="P3D" mod="NA" />
<TIMEX3 id="T16" start="3304" end="3320" text="the next morning" type="DATE" val="2019-02-10" mod="START" />
<TLINK id="TL0" fromID="E5" fromText="DM2" toID="E6" toText="admitted" type="BEFORE" />
<TLINK id="TL1" fromID="E6" fromText="admitted" toID="E5" toText="DM2" type="AFTER" />
<TLINK id="TL2" fromID="E6" fromText="admitted" toID="E7" toText="Mediplex Rehab Hospital Robert" type="BEFORE" />
<TLINK id="TL3" fromID="E7" fromText="Mediplex Rehab Hospital Robert" toID="E6" toText="admitted" type="AFTER" />
<TLINK id="TL4" fromID="E8" fromText="abdominal pain" toID="E9" toText="n/v" type="OVERLAP" />
<TLINK id="TL5" fromID="E9" fromText="n/v" toID="E8" toText="abdominal pain" type="OVERLAP" />
<TLINK id="TL6" fromID="E10" fromText="Pt 's vitals" toID="E11" toText="admission" type="OVERLAP" />
<TLINK id="TL7" fromID="E11" fromText="admission" toID="E10" toText="Pt 's vitals" type="OVERLAP" />
<TLINK id="TL8" fromID="E11" fromText="admission" toID="E12" toText="T" type="OVERLAP" />
<TLINK id="TL9" fromID="E12" fromText="T" toID="E11" toText="admission" type="OVERLAP" />
<TLINK id="TL10" fromID="E12" fromText="T" toID="E13" toText="SBP" type="OVERLAP" />
<TLINK id="TL11" fromID="E13" fromText="SBP" toID="E12" toText="T" type="OVERLAP" />
<TLINK id="TL12" fromID="E13" fromText="SBP" toID="E14" toText="HR" type="OVERLAP" />
<TLINK id="TL13" fromID="E14" fromText="HR" toID="E13" toText="SBP" type="OVERLAP" />
<TLINK id="TL14" fromID="E15" fromText="RUQ U/s" toID="E16" toText="demonstrated" type="OVERLAP" />
<TLINK id="TL15" fromID="E16" fromText="demonstrated" toID="E15" toText="RUQ U/s" type="OVERLAP" />
<TLINK id="TL16" fromID="E17" fromText="multiple small gallstones" toID="E18" toText="sludges" type="OVERLAP" />
<TLINK id="TL17" fromID="E18" fromText="sludges" toID="E17" toText="multiple small gallstones" type="OVERLAP" />
<TLINK id="TL18" fromID="E18" fromText="sludges" toID="E19" toText="pericholecystic fluid" type="OVERLAP" />
<TLINK id="TL19" fromID="E19" fromText="pericholecystic fluid" toID="E18" toText="sludges" type="OVERLAP" />
<TLINK id="TL20" fromID="E21" fromText="Surgery" toID="E22" toText="cholangitis" type="OVERLAP" />
<TLINK id="TL21" fromID="E22" fromText="cholangitis" toID="E21" toText="Surgery" type="OVERLAP" />
<TLINK id="TL22" fromID="E22" fromText="cholangitis" toID="E23" toText="sepsis" type="OVERLAP" />
<TLINK id="TL23" fromID="E23" fromText="sepsis" toID="E22" toText="cholangitis" type="OVERLAP" />
<TLINK id="TL24" fromID="E24" fromText="admitted" toID="E25" toText="the CMED CCU" type="BEFORE" />
<TLINK id="TL25" fromID="E25" fromText="the CMED CCU" toID="E24" toText="admitted" type="AFTER" />
<TLINK id="TL26" fromID="E25" fromText="the CMED CCU" toID="E26" toText="intubated" type="OVERLAP" />
<TLINK id="TL27" fromID="E26" fromText="intubated" toID="E25" toText="the CMED CCU" type="OVERLAP" />
<TLINK id="TL28" fromID="E27" fromText="ERCP procedure" toID="E28" toText="fluid resuscitation" type="OVERLAP" />
<TLINK id="TL29" fromID="E28" fromText="fluid resuscitation" toID="E27" toText="ERCP procedure" type="OVERLAP" />
<TLINK id="TL30" fromID="E30" fromText="Pt 's INR" toID="E31" toText="eleveted" type="OVERLAP" />
<TLINK id="TL31" fromID="E31" fromText="eleveted" toID="E30" toText="Pt 's INR" type="OVERLAP" />
<TLINK id="TL32" fromID="E31" fromText="eleveted" toID="E32" toText="home coumadin" type="OVERLAP" />
<TLINK id="TL33" fromID="E32" fromText="home coumadin" toID="E31" toText="eleveted" type="OVERLAP" />
<TLINK id="TL34" fromID="E35" fromText="ERCP" toID="E36" toText="demonstrated" type="OVERLAP" />
<TLINK id="TL35" fromID="E36" fromText="demonstrated" toID="E35" toText="ERCP" type="OVERLAP" />
<TLINK id="TL36" fromID="E36" fromText="demonstrated" toID="E37" toText="a large filling defect in the distal duct" type="AFTER" />
<TLINK id="TL37" fromID="E37" fromText="a large filling defect in the distal duct" toID="E36" toText="demonstrated" type="BEFORE" />
<TLINK id="TL38" fromID="E37" fromText="a large filling defect in the distal duct" toID="E38" toText="a stone" type="OVERLAP" />
<TLINK id="TL39" fromID="E38" fromText="a stone" toID="E37" toText="a large filling defect in the distal duct" type="OVERLAP" />
<TLINK id="TL40" fromID="E38" fromText="a stone" toID="E39" toText="CBD dilatation" type="OVERLAP" />
<TLINK id="TL41" fromID="E39" fromText="CBD dilatation" toID="E38" toText="a stone" type="OVERLAP" />
<TLINK id="TL42" fromID="E40" fromText="A biliary stent" toID="E41" toText="the removal" type="OVERLAP" />
<TLINK id="TL43" fromID="E41" fromText="the removal" toID="E40" toText="A biliary stent" type="OVERLAP" />
<TLINK id="TL44" fromID="E41" fromText="the removal" toID="E42" toText="the stone" type="AFTER" />
<TLINK id="TL45" fromID="E42" fromText="the stone" toID="E41" toText="the removal" type="BEFORE" />
<TLINK id="TL46" fromID="E45" fromText="atrial fibrillation" toID="E46" toText="multiple CVA s, CHF" type="OVERLAP" />
<TLINK id="TL47" fromID="E46" fromText="multiple CVA s, CHF" toID="E45" toText="atrial fibrillation" type="OVERLAP" />
<TLINK id="TL48" fromID="E52" fromText="Acute cholangitis" toID="E53" toText="admitted" type="BEFORE" />
<TLINK id="TL49" fromID="E53" fromText="admitted" toID="E52" toText="Acute cholangitis" type="AFTER" />
<TLINK id="TL50" fromID="E53" fromText="admitted" toID="E54" toText="the ICU" type="BEFORE" />
<TLINK id="TL51" fromID="E54" fromText="the ICU" toID="E53" toText="admitted" type="AFTER" />
<TLINK id="TL52" fromID="E54" fromText="the ICU" toID="E55" toText="intubated" type="OVERLAP" />
<TLINK id="TL53" fromID="E55" fromText="intubated" toID="E54" toText="the ICU" type="OVERLAP" />
<TLINK id="TL54" fromID="E56" fromText="ERCP" toID="E57" toText="obstructing CBD" type="OVERLAP" />
<TLINK id="TL55" fromID="E57" fromText="obstructing CBD" toID="E56" toText="ERCP" type="OVERLAP" />
<TLINK id="TL56" fromID="E59" fromText="antibiotics" toID="E60" toText="Zosyn" type="OVERLAP" />
<TLINK id="TL57" fromID="E60" fromText="Zosyn" toID="E59" toText="antibiotics" type="OVERLAP" />
<TLINK id="TL58" fromID="E60" fromText="Zosyn" toID="E61" toText="Ciprofloxacin" type="OVERLAP" />
<TLINK id="TL59" fromID="E61" fromText="Ciprofloxacin" toID="E60" toText="Zosyn" type="OVERLAP" />
<TLINK id="TL60" fromID="E62" fromText="repeat cholangiogram" toID="E63" toText="removal" type="OVERLAP" />
<TLINK id="TL61" fromID="E63" fromText="removal" toID="E62" toText="repeat cholangiogram" type="OVERLAP" />
<TLINK id="TL62" fromID="E63" fromText="removal" toID="E64" toText="stent" type="OVERLAP" />
<TLINK id="TL63" fromID="E64" fromText="stent" toID="E63" toText="removal" type="OVERLAP" />
<TLINK id="TL64" fromID="E70" fromText="Mechanical mitral valve" toID="E71" toText="Anticoagulation" type="OVERLAP" />
<TLINK id="TL65" fromID="E71" fromText="Anticoagulation" toID="E70" toText="Mechanical mitral valve" type="OVERLAP" />
<TLINK id="TL66" fromID="E73" fromText="anticoagulated" toID="E74" toText="heparin drip" type="OVERLAP" />
<TLINK id="TL67" fromID="E74" fromText="heparin drip" toID="E73" toText="anticoagulated" type="OVERLAP" />
<TLINK id="TL68" fromID="E75" fromText="INR" toID="E76" toText="discharge" type="OVERLAP" />
<TLINK id="TL69" fromID="E76" fromText="discharge" toID="E75" toText="INR" type="OVERLAP" />
<TLINK id="TL70" fromID="E80" fromText="Atrial fibrillation" toID="E81" toText="warfarin" type="OVERLAP" />
<TLINK id="TL71" fromID="E81" fromText="warfarin" toID="E80" toText="Atrial fibrillation" type="OVERLAP" />
<TLINK id="TL72" fromID="E82" fromText="the hospital" toID="E83" toText="pauses" type="OVERLAP" />
<TLINK id="TL73" fromID="E83" fromText="pauses" toID="E82" toText="the hospital" type="OVERLAP" />
<TLINK id="TL74" fromID="E84" fromText="His digoxin" toID="E85" toText="his metoprolol" type="OVERLAP" />
<TLINK id="TL75" fromID="E85" fromText="his metoprolol" toID="E84" toText="His digoxin" type="OVERLAP" />
<TLINK id="TL76" fromID="E85" fromText="his metoprolol" toID="E86" toText="titrated down" type="BEFORE" />
<TLINK id="TL77" fromID="E86" fromText="titrated down" toID="E85" toText="his metoprolol" type="AFTER" />
<TLINK id="TL78" fromID="E86" fromText="titrated down" toID="E87" toText="his home dose" type="AFTER" />
<TLINK id="TL79" fromID="E87" fromText="his home dose" toID="E86" toText="titrated down" type="BEFORE" />
<TLINK id="TL80" fromID="E88" fromText="the digoxin" toID="E89" toText="metoprolol" type="OVERLAP" />
<TLINK id="TL81" fromID="E89" fromText="metoprolol" toID="E88" toText="the digoxin" type="OVERLAP" />
<TLINK id="TL82" fromID="E89" fromText="metoprolol" toID="E90" toText="home dose" type="OVERLAP" />
<TLINK id="TL83" fromID="E90" fromText="home dose" toID="E89" toText="metoprolol" type="OVERLAP" />
<TLINK id="TL84" fromID="E91" fromText="CHF" toID="E92" toText="oxygen dependent" type="OVERLAP" />
<TLINK id="TL85" fromID="E92" fromText="oxygen dependent" toID="E91" toText="CHF" type="OVERLAP" />
<TLINK id="TL86" fromID="E92" fromText="oxygen dependent" toID="E93" toText="the hospital course" type="OVERLAP" />
<TLINK id="TL87" fromID="E93" fromText="the hospital course" toID="E92" toText="oxygen dependent" type="OVERLAP" />
<TLINK id="TL88" fromID="E93" fromText="the hospital course" toID="E94" toText="CXR" type="OVERLAP" />
<TLINK id="TL89" fromID="E94" fromText="CXR" toID="E93" toText="the hospital course" type="OVERLAP" />
<TLINK id="TL90" fromID="E94" fromText="CXR" toID="E95" toText="pulmonary edema" type="OVERLAP" />
<TLINK id="TL91" fromID="E95" fromText="pulmonary edema" toID="E94" toText="CXR" type="OVERLAP" />
<TLINK id="TL92" fromID="E96" fromText="diuresed" toID="E97" toText="lasix" type="OVERLAP" />
<TLINK id="TL93" fromID="E97" fromText="lasix" toID="E96" toText="diuresed" type="OVERLAP" />
<TLINK id="TL94" fromID="E97" fromText="lasix" toID="E98" toText="good effect" type="OVERLAP" />
<TLINK id="TL95" fromID="E98" fromText="good effect" toID="E97" toText="lasix" type="OVERLAP" />
<TLINK id="TL96" fromID="E99" fromText="Volume overload" toID="E100" toText="IV fluids" type="OVERLAP" />
<TLINK id="TL97" fromID="E100" fromText="IV fluids" toID="E99" toText="Volume overload" type="OVERLAP" />
<TLINK id="TL98" fromID="E102" fromText="lasix" toID="E103" toText="discharge" type="OVERLAP" />
<TLINK id="TL99" fromID="E103" fromText="discharge" toID="E102" toText="lasix" type="OVERLAP" />
<TLINK id="TL100" fromID="E104" fromText="E. coli bacteremia" toID="E105" toText="sepsis" type="OVERLAP" />
<TLINK id="TL101" fromID="E105" fromText="sepsis" toID="E104" toText="E. coli bacteremia" type="OVERLAP" />
<TLINK id="TL102" fromID="E105" fromText="sepsis" toID="E106" toText="acute cholangitis" type="OVERLAP" />
<TLINK id="TL103" fromID="E106" fromText="acute cholangitis" toID="E105" toText="sepsis" type="OVERLAP" />
<TLINK id="TL104" fromID="E107" fromText="the surgical ICU" toID="E108" toText="intubation" type="OVERLAP" />
<TLINK id="TL105" fromID="E108" fromText="intubation" toID="E107" toText="the surgical ICU" type="OVERLAP" />
<TLINK id="TL106" fromID="E109" fromText="Intubation" toID="E110" toText="rapid ventricular reponse" type="OVERLAP" />
<TLINK id="TL107" fromID="E110" fromText="rapid ventricular reponse" toID="E109" toText="Intubation" type="OVERLAP" />
<TLINK id="TL108" fromID="E110" fromText="rapid ventricular reponse" toID="E111" toText="a fib" type="OVERLAP" />
<TLINK id="TL109" fromID="E111" fromText="a fib" toID="E110" toText="rapid ventricular reponse" type="OVERLAP" />
<TLINK id="TL110" fromID="E114" fromText="3L NS" toID="E115" toText="FFP" type="OVERLAP" />
<TLINK id="TL111" fromID="E115" fromText="FFP" toID="E114" toText="3L NS" type="OVERLAP" />
<TLINK id="TL112" fromID="E116" fromText="oxygen requirements" toID="E117" toText="climb" type="OVERLAP" />
<TLINK id="TL113" fromID="E117" fromText="climb" toID="E116" toText="oxygen requirements" type="OVERLAP" />
<TLINK id="TL114" fromID="E118" fromText="the CMED CCU" toID="E119" toText="intubated" type="OVERLAP" />
<TLINK id="TL115" fromID="E119" fromText="intubated" toID="E118" toText="the CMED CCU" type="OVERLAP" />
<TLINK id="TL116" fromID="E119" fromText="intubated" toID="E120" toText="ERCP procedure" type="OVERLAP" />
<TLINK id="TL117" fromID="E120" fromText="ERCP procedure" toID="E119" toText="intubated" type="OVERLAP" />
<TLINK id="TL118" fromID="E6" fromText="admitted" toID="T2" toText="02-01" type="OVERLAP" />
<TLINK id="TL119" fromID="T2" fromText="02-01" toID="E6" toText="admitted" type="OVERLAP" />
<TLINK id="TL120" fromID="E9" fromText="n/v" toID="T3" toText="that morning" type="AFTER" />
<TLINK id="TL121" fromID="T3" fromText="that morning" toID="E9" toText="n/v" type="BEFORE" />
<TLINK id="TL122" fromID="E26" fromText="intubated" toID="T4" toText="overnight" type="OVERLAP" />
<TLINK id="TL123" fromID="T4" fromText="overnight" toID="E26" toText="intubated" type="OVERLAP" />
<TLINK id="TL124" fromID="E34" fromText="ERCP" toID="T5" toText="the following day" type="OVERLAP" />
<TLINK id="TL125" fromID="T5" fromText="the following day" toID="E34" toText="ERCP" type="OVERLAP" />
<TLINK id="TL126" fromID="T6" fromText="02-02" toID="E35" toText="ERCP" type="OVERLAP" />
<TLINK id="TL127" fromID="E35" fromText="ERCP" toID="T6" toText="02-02" type="OVERLAP" />
<TLINK id="TL128" fromID="E43" fromText="extubated" toID="T7" toText="the next day" type="OVERLAP" />
<TLINK id="TL129" fromID="T7" fromText="the next day" toID="E43" toText="extubated" type="OVERLAP" />
<TLINK id="TL130" fromID="T9" fromText="the week" toID="E68" toText="discharge" type="OVERLAP" />
<TLINK id="TL131" fromID="E68" fromText="discharge" toID="T9" toText="the week" type="OVERLAP" />
<TLINK id="TL132" fromID="E68" fromText="discharge" toID="T10" toText="January" type="OVERLAP" />
<TLINK id="TL133" fromID="T10" fromText="January" toID="E68" toText="discharge" type="OVERLAP" />
<TLINK id="TL134" fromID="E69" fromText="ciprofloxacin" toID="T11" toText="14 day course" type="OVERLAP" />
<TLINK id="TL135" fromID="T11" fromText="14 day course" toID="E69" toText="ciprofloxacin" type="OVERLAP" />
<TLINK id="TL136" fromID="E77" fromText="sc lovenox" toID="T12" toText="x 1" type="OVERLAP" />
<TLINK id="TL137" fromID="T12" fromText="x 1" toID="E77" toText="sc lovenox" type="OVERLAP" />
<TLINK id="TL138" fromID="T13" fromText="this the day" toID="E78" toText="discharge" type="OVERLAP" />
<TLINK id="TL139" fromID="E78" fromText="discharge" toID="T13" toText="this the day" type="OVERLAP" />
<TLINK id="TL140" fromID="E78" fromText="discharge" toID="T14" toText="bid for one day" type="OVERLAP" />
<TLINK id="TL141" fromID="T14" fromText="bid for one day" toID="E78" toText="discharge" type="OVERLAP" />
<TLINK id="TL142" fromID="E121" fromText="extubated" toID="T16" toText="the next morning" type="OVERLAP" />
<TLINK id="TL143" fromID="T16" fromText="the next morning" toID="E121" toText="extubated" type="OVERLAP" />
<TLINK id="SECTIME0" fromID="T0" fromText="2019-02-01" toID="E2" toText="A fib" type="AFTER" />
<TLINK id="SECTIME1" fromID="T0" fromText="2019-02-01" toID="E3" toText="multiple CVA s, CHF" type="AFTER" />
<TLINK id="SECTIME2" fromID="T0" fromText="2019-02-01" toID="E4" toText="HTN" type="AFTER" />
<TLINK id="SECTIME3" fromID="T0" fromText="2019-02-01" toID="E5" toText="DM2" type="AFTER" />
<TLINK id="SECTIME4" fromID="T0" fromText="2019-02-01" toID="E6" toText="admitted" type="OVERLAP" />
<TLINK id="SECTIME5" fromID="T0" fromText="2019-02-01" toID="E7" toText="Mediplex Rehab Hospital Robert" type="AFTER" />
<TLINK id="TL144" fromID="T0" fromText="2019-02-01" toID="T2" toText="02-01" type="OVERLAP" />
<TLINK id="SECTIME6" fromID="T0" fromText="2019-02-01" toID="E8" toText="abdominal pain" type="AFTER" />
<TLINK id="SECTIME7" fromID="T0" fromText="2019-02-01" toID="E9" toText="n/v" type="AFTER" />
<TLINK id="TL145" fromID="T0" fromText="2019-02-01" toID="T3" toText="that morning" type="OVERLAP" />
<TLINK id="SECTIME8" fromID="T0" fromText="2019-02-01" toID="E10" toText="Pt 's vitals" type="AFTER" />
<TLINK id="SECTIME9" fromID="T0" fromText="2019-02-01" toID="E11" toText="admission" type="OVERLAP" />
<TLINK id="SECTIME10" fromID="T0" fromText="2019-02-01" toID="E12" toText="T" type="AFTER" />
<TLINK id="SECTIME11" fromID="T0" fromText="2019-02-01" toID="E13" toText="SBP" type="AFTER" />
<TLINK id="SECTIME12" fromID="T0" fromText="2019-02-01" toID="E14" toText="HR" type="AFTER" />
<TLINK id="SECTIME13" fromID="T0" fromText="2019-02-01" toID="E15" toText="RUQ U/s" type="AFTER" />
<TLINK id="SECTIME14" fromID="T0" fromText="2019-02-01" toID="E16" toText="demonstrated" type="AFTER" />
<TLINK id="SECTIME15" fromID="T0" fromText="2019-02-01" toID="E17" toText="multiple small gallstones" type="AFTER" />
<TLINK id="SECTIME16" fromID="T0" fromText="2019-02-01" toID="E18" toText="sludges" type="AFTER" />
<TLINK id="SECTIME17" fromID="T0" fromText="2019-02-01" toID="E19" toText="pericholecystic fluid" type="AFTER" />
<TLINK id="SECTIME18" fromID="T0" fromText="2019-02-01" toID="E20" toText="significant dilatation of the gallbladder" type="AFTER" />
<TLINK id="SECTIME19" fromID="T0" fromText="2019-02-01" toID="E21" toText="Surgery" type="AFTER" />
<TLINK id="SECTIME20" fromID="T0" fromText="2019-02-01" toID="E22" toText="cholangitis" type="AFTER" />
<TLINK id="SECTIME21" fromID="T0" fromText="2019-02-01" toID="E23" toText="sepsis" type="AFTER" />
<TLINK id="SECTIME22" fromID="T0" fromText="2019-02-01" toID="E24" toText="admitted" type="OVERLAP" />
<TLINK id="SECTIME23" fromID="T0" fromText="2019-02-01" toID="E25" toText="the CMED CCU" type="OVERLAP" />
<TLINK id="SECTIME24" fromID="T0" fromText="2019-02-01" toID="E26" toText="intubated" type="BEFORE" />
<TLINK id="SECTIME25" fromID="T0" fromText="2019-02-01" toID="E27" toText="ERCP procedure" type="BEFORE" />
<TLINK id="SECTIME26" fromID="T0" fromText="2019-02-01" toID="E28" toText="fluid resuscitation" type="BEFORE" />
<TLINK id="SECTIME27" fromID="T0" fromText="2019-02-01" toID="E29" toText="zosyn" type="AFTER" />
<TLINK id="SECTIME28" fromID="T0" fromText="2019-02-01" toID="E30" toText="Pt 's INR" type="AFTER" />
<TLINK id="SECTIME29" fromID="T0" fromText="2019-02-01" toID="E31" toText="eleveted" type="AFTER" />
<TLINK id="SECTIME30" fromID="T0" fromText="2019-02-01" toID="E32" toText="home coumadin" type="AFTER" />
<TLINK id="SECTIME31" fromID="T0" fromText="2019-02-01" toID="E33" toText="4 units FFP" type="BEFORE" />
<TLINK id="TL146" fromID="T0" fromText="2019-02-01" toID="T5" toText="the following day" type="BEFORE" />
<TLINK id="TL147" fromID="T0" fromText="2019-02-01" toID="T6" toText="02-02" type="BEFORE" />
<TLINK id="SECTIME32" fromID="T0" fromText="2019-02-01" toID="E35" toText="ERCP" type="AFTER" />
<TLINK id="SECTIME33" fromID="T0" fromText="2019-02-01" toID="E36" toText="demonstrated" type="AFTER" />
<TLINK id="SECTIME34" fromID="T0" fromText="2019-02-01" toID="E37" toText="a large filling defect in the distal duct" type="AFTER" />
<TLINK id="SECTIME35" fromID="T0" fromText="2019-02-01" toID="E38" toText="a stone" type="AFTER" />
<TLINK id="SECTIME36" fromID="T0" fromText="2019-02-01" toID="E39" toText="CBD dilatation" type="AFTER" />
<TLINK id="SECTIME37" fromID="T0" fromText="2019-02-01" toID="E40" toText="A biliary stent" type="AFTER" />
<TLINK id="SECTIME38" fromID="T0" fromText="2019-02-01" toID="E41" toText="the removal" type="AFTER" />
<TLINK id="SECTIME39" fromID="T0" fromText="2019-02-01" toID="E42" toText="the stone" type="AFTER" />
<TLINK id="TL148" fromID="T0" fromText="2019-02-01" toID="T7" toText="the next day" type="BEFORE" />
<TLINK id="SECTIME40" fromID="T0" fromText="2019-02-01" toID="E44" toText="transferred" type="OVERLAP" />
<TLINK id="TL149" fromID="T0" fromText="2019-02-01" toID="T9" toText="the week" type="BEFORE" />
<TLINK id="TL150" fromID="T0" fromText="2019-02-01" toID="T10" toText="January" type="AFTER" />
<TLINK id="TL151" fromID="T0" fromText="2019-02-01" toID="T13" toText="this the day" type="BEFORE" />
<TLINK id="TL152" fromID="T0" fromText="2019-02-01" toID="T16" toText="the next morning" type="BEFORE" />
<TLINK id="TL153" fromID="T1" fromText="2019-02-09" toID="T2" toText="02-01" type="AFTER" />
<TLINK id="TL154" fromID="T1" fromText="2019-02-09" toID="T3" toText="that morning" type="AFTER" />
<TLINK id="TL155" fromID="T1" fromText="2019-02-09" toID="T5" toText="the following day" type="AFTER" />
<TLINK id="TL156" fromID="T1" fromText="2019-02-09" toID="T6" toText="02-02" type="AFTER" />
<TLINK id="TL157" fromID="T1" fromText="2019-02-09" toID="T7" toText="the next day" type="AFTER" />
<TLINK id="SECTIME41" fromID="T1" fromText="2019-02-09" toID="E45" toText="atrial fibrillation" type="AFTER" />
<TLINK id="SECTIME42" fromID="T1" fromText="2019-02-09" toID="E46" toText="multiple CVA s, CHF" type="AFTER" />
<TLINK id="SECTIME43" fromID="T1" fromText="2019-02-09" toID="E47" toText="HTN" type="AFTER" />
<TLINK id="SECTIME44" fromID="T1" fromText="2019-02-09" toID="E48" toText="DM2" type="AFTER" />
<TLINK id="SECTIME45" fromID="T1" fromText="2019-02-09" toID="E49" toText="the CMED CCU" type="AFTER" />
<TLINK id="SECTIME46" fromID="T1" fromText="2019-02-09" toID="E50" toText="intervention" type="AFTER" />
<TLINK id="SECTIME47" fromID="T1" fromText="2019-02-09" toID="E51" toText="cholangitis" type="AFTER" />
<TLINK id="SECTIME48" fromID="T1" fromText="2019-02-09" toID="E52" toText="Acute cholangitis" type="AFTER" />
<TLINK id="SECTIME49" fromID="T1" fromText="2019-02-09" toID="E53" toText="admitted" type="AFTER" />
<TLINK id="SECTIME50" fromID="T1" fromText="2019-02-09" toID="E54" toText="the ICU" type="AFTER" />
<TLINK id="SECTIME51" fromID="T1" fromText="2019-02-09" toID="E55" toText="intubated" type="AFTER" />
<TLINK id="SECTIME52" fromID="T1" fromText="2019-02-09" toID="E56" toText="ERCP" type="AFTER" />
<TLINK id="SECTIME53" fromID="T1" fromText="2019-02-09" toID="E57" toText="obstructing CBD" type="AFTER" />
<TLINK id="SECTIME54" fromID="T1" fromText="2019-02-09" toID="E58" toText="Stent" type="AFTER" />
<TLINK id="SECTIME55" fromID="T1" fromText="2019-02-09" toID="E59" toText="antibiotics" type="AFTER" />
<TLINK id="SECTIME56" fromID="T1" fromText="2019-02-09" toID="E60" toText="Zosyn" type="AFTER" />
<TLINK id="SECTIME57" fromID="T1" fromText="2019-02-09" toID="E61" toText="Ciprofloxacin" type="AFTER" />
<TLINK id="TL158" fromID="T1" fromText="2019-02-09" toID="T8" toText="four weeks" type="BEFORE" />
<TLINK id="SECTIME58" fromID="T1" fromText="2019-02-09" toID="E62" toText="repeat cholangiogram" type="BEFORE" />
<TLINK id="SECTIME59" fromID="T1" fromText="2019-02-09" toID="E63" toText="removal" type="AFTER" />
<TLINK id="SECTIME60" fromID="T1" fromText="2019-02-09" toID="E64" toText="stent" type="AFTER" />
<TLINK id="SECTIME61" fromID="T1" fromText="2019-02-09" toID="E65" toText="stone" type="AFTER" />
<TLINK id="SECTIME62" fromID="T1" fromText="2019-02-09" toID="E66" toText="problematic" type="AFTER" />
<TLINK id="SECTIME63" fromID="T1" fromText="2019-02-09" toID="E67" toText="a sphincterotomy" type="AFTER" />
<TLINK id="TL159" fromID="T1" fromText="2019-02-09" toID="T9" toText="the week" type="BEFORE" />
<TLINK id="SECTIME64" fromID="T1" fromText="2019-02-09" toID="E68" toText="discharge" type="OVERLAP" />
<TLINK id="TL160" fromID="T1" fromText="2019-02-09" toID="T10" toText="January" type="AFTER" />
<TLINK id="SECTIME65" fromID="T1" fromText="2019-02-09" toID="E69" toText="ciprofloxacin" type="AFTER" />
<TLINK id="SECTIME66" fromID="T1" fromText="2019-02-09" toID="E70" toText="Mechanical mitral valve" type="AFTER" />
<TLINK id="SECTIME67" fromID="T1" fromText="2019-02-09" toID="E71" toText="Anticoagulation" type="AFTER" />
<TLINK id="SECTIME68" fromID="T1" fromText="2019-02-09" toID="E72" toText="ERCP" type="AFTER" />
<TLINK id="SECTIME69" fromID="T1" fromText="2019-02-09" toID="E73" toText="anticoagulated" type="AFTER" />
<TLINK id="SECTIME70" fromID="T1" fromText="2019-02-09" toID="E74" toText="heparin drip" type="AFTER" />
<TLINK id="SECTIME71" fromID="T1" fromText="2019-02-09" toID="E75" toText="INR" type="AFTER" />
<TLINK id="SECTIME72" fromID="T1" fromText="2019-02-09" toID="E76" toText="discharge" type="OVERLAP" />
<TLINK id="SECTIME73" fromID="T1" fromText="2019-02-09" toID="E77" toText="sc lovenox" type="AFTER" />
<TLINK id="TL161" fromID="T1" fromText="2019-02-09" toID="T13" toText="this the day" type="BEFORE" />
<TLINK id="SECTIME74" fromID="T1" fromText="2019-02-09" toID="E78" toText="discharge" type="OVERLAP" />
<TLINK id="SECTIME75" fromID="T1" fromText="2019-02-09" toID="E79" toText="his INR" type="AFTER" />
<TLINK id="SECTIME76" fromID="T1" fromText="2019-02-09" toID="E80" toText="Atrial fibrillation" type="AFTER" />
<TLINK id="SECTIME77" fromID="T1" fromText="2019-02-09" toID="E81" toText="warfarin" type="AFTER" />
<TLINK id="SECTIME78" fromID="T1" fromText="2019-02-09" toID="E82" toText="the hospital" type="AFTER" />
<TLINK id="SECTIME79" fromID="T1" fromText="2019-02-09" toID="E83" toText="pauses" type="AFTER" />
<TLINK id="SECTIME80" fromID="T1" fromText="2019-02-09" toID="E84" toText="His digoxin" type="AFTER" />
<TLINK id="SECTIME81" fromID="T1" fromText="2019-02-09" toID="E85" toText="his metoprolol" type="AFTER" />
<TLINK id="SECTIME82" fromID="T1" fromText="2019-02-09" toID="E86" toText="titrated down" type="AFTER" />
<TLINK id="SECTIME83" fromID="T1" fromText="2019-02-09" toID="E87" toText="his home dose" type="AFTER" />
<TLINK id="SECTIME84" fromID="T1" fromText="2019-02-09" toID="E88" toText="the digoxin" type="AFTER" />
<TLINK id="SECTIME85" fromID="T1" fromText="2019-02-09" toID="E89" toText="metoprolol" type="AFTER" />
<TLINK id="SECTIME86" fromID="T1" fromText="2019-02-09" toID="E90" toText="home dose" type="AFTER" />
<TLINK id="SECTIME87" fromID="T1" fromText="2019-02-09" toID="E91" toText="CHF" type="AFTER" />
<TLINK id="SECTIME88" fromID="T1" fromText="2019-02-09" toID="E92" toText="oxygen dependent" type="AFTER" />
<TLINK id="SECTIME89" fromID="T1" fromText="2019-02-09" toID="E93" toText="the hospital course" type="AFTER" />
<TLINK id="SECTIME90" fromID="T1" fromText="2019-02-09" toID="E94" toText="CXR" type="AFTER" />
<TLINK id="SECTIME91" fromID="T1" fromText="2019-02-09" toID="E95" toText="pulmonary edema" type="AFTER" />
<TLINK id="SECTIME92" fromID="T1" fromText="2019-02-09" toID="E96" toText="diuresed" type="AFTER" />
<TLINK id="SECTIME93" fromID="T1" fromText="2019-02-09" toID="E97" toText="lasix" type="AFTER" />
<TLINK id="SECTIME94" fromID="T1" fromText="2019-02-09" toID="E98" toText="good effect" type="AFTER" />
<TLINK id="SECTIME95" fromID="T1" fromText="2019-02-09" toID="E99" toText="Volume overload" type="AFTER" />
<TLINK id="SECTIME96" fromID="T1" fromText="2019-02-09" toID="E100" toText="IV fluids" type="AFTER" />
<TLINK id="SECTIME97" fromID="T1" fromText="2019-02-09" toID="E101" toText="the ICU" type="AFTER" />
<TLINK id="SECTIME98" fromID="T1" fromText="2019-02-09" toID="E102" toText="lasix" type="AFTER" />
<TLINK id="SECTIME99" fromID="T1" fromText="2019-02-09" toID="E103" toText="discharge" type="OVERLAP" />
<TLINK id="SECTIME100" fromID="T1" fromText="2019-02-09" toID="E104" toText="E. coli bacteremia" type="AFTER" />
<TLINK id="SECTIME101" fromID="T1" fromText="2019-02-09" toID="E105" toText="sepsis" type="AFTER" />
<TLINK id="SECTIME102" fromID="T1" fromText="2019-02-09" toID="E106" toText="acute cholangitis" type="AFTER" />
<TLINK id="SECTIME103" fromID="T1" fromText="2019-02-09" toID="E107" toText="the surgical ICU" type="AFTER" />
<TLINK id="SECTIME104" fromID="T1" fromText="2019-02-09" toID="E108" toText="intubation" type="AFTER" />
<TLINK id="SECTIME105" fromID="T1" fromText="2019-02-09" toID="E109" toText="Intubation" type="AFTER" />
<TLINK id="SECTIME106" fromID="T1" fromText="2019-02-09" toID="E110" toText="rapid ventricular reponse" type="AFTER" />
<TLINK id="SECTIME107" fromID="T1" fromText="2019-02-09" toID="E111" toText="a fib" type="AFTER" />
<TLINK id="SECTIME108" fromID="T1" fromText="2019-02-09" toID="E112" toText="oxygen" type="AFTER" />
<TLINK id="SECTIME109" fromID="T1" fromText="2019-02-09" toID="E113" toText="pulmonary edema" type="AFTER" />
<TLINK id="SECTIME110" fromID="T1" fromText="2019-02-09" toID="E114" toText="3L NS" type="AFTER" />
<TLINK id="SECTIME111" fromID="T1" fromText="2019-02-09" toID="E115" toText="FFP" type="AFTER" />
<TLINK id="SECTIME112" fromID="T1" fromText="2019-02-09" toID="E116" toText="oxygen requirements" type="AFTER" />
<TLINK id="SECTIME113" fromID="T1" fromText="2019-02-09" toID="E117" toText="climb" type="AFTER" />
<TLINK id="SECTIME114" fromID="T1" fromText="2019-02-09" toID="E118" toText="the CMED CCU" type="AFTER" />
<TLINK id="SECTIME115" fromID="T1" fromText="2019-02-09" toID="E119" toText="intubated" type="AFTER" />
<TLINK id="SECTIME116" fromID="T1" fromText="2019-02-09" toID="E120" toText="ERCP procedure" type="AFTER" />
<TLINK id="SECTIME117" fromID="T1" fromText="2019-02-09" toID="E121" toText="extubated" type="AFTER" />
<TLINK id="TL162" fromID="T1" fromText="2019-02-09" toID="T16" toText="the next morning" type="BEFORE" />
<TLINK id="TL163" fromID="E7" fromText="Mediplex Rehab Hospital Robert" toID="E10" toText="Pt 's vitals" type="OVERLAP" />
<TLINK id="TL164" fromID="E7" fromText="Mediplex Rehab Hospital Robert" toID="E12" toText="T" type="OVERLAP" />
<TLINK id="TL165" fromID="E7" fromText="Mediplex Rehab Hospital Robert" toID="E13" toText="SBP" type="OVERLAP" />
<TLINK id="TL166" fromID="E7" fromText="Mediplex Rehab Hospital Robert" toID="E14" toText="HR" type="OVERLAP" />
<TLINK id="TL167" fromID="E10" fromText="Pt 's vitals" toID="E15" toText="RUQ U/s" type="OVERLAP" />
<TLINK id="TL168" fromID="E12" fromText="T" toID="E15" toText="RUQ U/s" type="OVERLAP" />
<TLINK id="TL169" fromID="E13" fromText="SBP" toID="E15" toText="RUQ U/s" type="OVERLAP" />
<TLINK id="TL170" fromID="E14" fromText="HR" toID="E15" toText="RUQ U/s" type="OVERLAP" />
<TLINK id="TL171" fromID="E15" fromText="RUQ U/s" toID="E10" toText="Pt 's vitals" type="OVERLAP" />
<TLINK id="TL172" fromID="E15" fromText="RUQ U/s" toID="E12" toText="T" type="OVERLAP" />
<TLINK id="TL173" fromID="E15" fromText="RUQ U/s" toID="E13" toText="SBP" type="OVERLAP" />
<TLINK id="TL174" fromID="E15" fromText="RUQ U/s" toID="E14" toText="HR" type="OVERLAP" />
<TLINK id="TL175" fromID="E29" fromText="zosyn" toID="E30" toText="Pt 's INR" type="OVERLAP" />
<TLINK id="TL176" fromID="E29" fromText="zosyn" toID="E32" toText="home coumadin" type="OVERLAP" />
<TLINK id="TL177" fromID="E30" fromText="Pt 's INR" toID="E29" toText="zosyn" type="OVERLAP" />
<TLINK id="TL178" fromID="E32" fromText="home coumadin" toID="E29" toText="zosyn" type="OVERLAP" />
<TLINK id="TL179" fromID="E34" fromText="ERCP" toID="E35" toText="ERCP" type="OVERLAP" />
<TLINK id="TL180" fromID="E35" fromText="ERCP" toID="E34" toText="ERCP" type="OVERLAP" />
<TLINK id="TL181" fromID="E38" fromText="a stone" toID="E42" toText="the stone" type="OVERLAP" />
<TLINK id="TL182" fromID="E42" fromText="the stone" toID="E38" toText="a stone" type="OVERLAP" />
<TLINK id="TL183" fromID="E43" fromText="extubated" toID="E44" toText="transferred" type="BEFORE" />
<TLINK id="TL184" fromID="E51" fromText="cholangitis" toID="E52" toText="Acute cholangitis" type="OVERLAP" />
<TLINK id="TL185" fromID="E52" fromText="Acute cholangitis" toID="E51" toText="cholangitis" type="OVERLAP" />
<TLINK id="TL186" fromID="E54" fromText="the ICU" toID="E58" toText="Stent" type="OVERLAP" />
<TLINK id="TL187" fromID="E55" fromText="intubated" toID="E58" toText="Stent" type="OVERLAP" />
<TLINK id="TL188" fromID="E58" fromText="Stent" toID="E54" toText="the ICU" type="OVERLAP" />
<TLINK id="TL189" fromID="E58" fromText="Stent" toID="E64" toText="stent" type="OVERLAP" />
<TLINK id="TL190" fromID="E59" fromText="antibiotics" toID="E54" toText="the ICU" type="OVERLAP" />
<TLINK id="TL191" fromID="E60" fromText="Zosyn" toID="E54" toText="the ICU" type="OVERLAP" />
<TLINK id="TL192" fromID="E61" fromText="Ciprofloxacin" toID="E54" toText="the ICU" type="OVERLAP" />
<TLINK id="TL193" fromID="E64" fromText="stent" toID="E58" toText="Stent" type="OVERLAP" />
<TLINK id="TL194" fromID="E76" fromText="discharge" toID="E78" toText="discharge" type="OVERLAP" />
<TLINK id="TL195" fromID="E78" fromText="discharge" toID="E76" toText="discharge" type="OVERLAP" />
<TLINK id="TL196" fromID="E82" fromText="the hospital" toID="E84" toText="His digoxin" type="OVERLAP" />
<TLINK id="TL197" fromID="E82" fromText="the hospital" toID="E85" toText="his metoprolol" type="OVERLAP" />
<TLINK id="TL198" fromID="E82" fromText="the hospital" toID="E86" toText="titrated down" type="OVERLAP" />
<TLINK id="TL199" fromID="E82" fromText="the hospital" toID="E87" toText="his home dose" type="OVERLAP" />
<TLINK id="TL200" fromID="E84" fromText="His digoxin" toID="E88" toText="the digoxin" type="OVERLAP" />
<TLINK id="TL201" fromID="E85" fromText="his metoprolol" toID="E89" toText="metoprolol" type="OVERLAP" />
<TLINK id="TL202" fromID="E87" fromText="his home dose" toID="E90" toText="home dose" type="OVERLAP" />
<TLINK id="TL203" fromID="E88" fromText="the digoxin" toID="E84" toText="His digoxin" type="OVERLAP" />
<TLINK id="TL204" fromID="E89" fromText="metoprolol" toID="E85" toText="his metoprolol" type="OVERLAP" />
<TLINK id="TL205" fromID="E90" fromText="home dose" toID="E87" toText="his home dose" type="OVERLAP" />
<TLINK id="TL206" fromID="E93" fromText="the hospital course" toID="E98" toText="good effect" type="OVERLAP" />
<TLINK id="TL207" fromID="E94" fromText="CXR" toID="E96" toText="diuresed" type="OVERLAP" />
<TLINK id="TL208" fromID="E94" fromText="CXR" toID="E97" toText="lasix" type="OVERLAP" />
<TLINK id="TL209" fromID="E94" fromText="CXR" toID="E98" toText="good effect" type="OVERLAP" />
<TLINK id="TL210" fromID="E96" fromText="diuresed" toID="E94" toText="CXR" type="OVERLAP" />
<TLINK id="TL211" fromID="E97" fromText="lasix" toID="E94" toText="CXR" type="OVERLAP" />
<TLINK id="TL212" fromID="E98" fromText="good effect" toID="E93" toText="the hospital course" type="OVERLAP" />
<TLINK id="TL213" fromID="E98" fromText="good effect" toID="E94" toText="CXR" type="OVERLAP" />
<TLINK id="TL214" fromID="E108" fromText="intubation" toID="E109" toText="Intubation" type="OVERLAP" />
<TLINK id="TL215" fromID="E109" fromText="Intubation" toID="E108" toText="intubation" type="OVERLAP" />
<TLINK id="TL216" fromID="E109" fromText="Intubation" toID="E114" toText="3L NS" type="OVERLAP" />
<TLINK id="TL217" fromID="E109" fromText="Intubation" toID="E115" toText="FFP" type="OVERLAP" />
<TLINK id="TL218" fromID="E110" fromText="rapid ventricular reponse" toID="E116" toText="oxygen requirements" type="OVERLAP" />
<TLINK id="TL219" fromID="E111" fromText="a fib" toID="E116" toText="oxygen requirements" type="OVERLAP" />
<TLINK id="TL220" fromID="E112" fromText="oxygen" toID="E114" toText="3L NS" type="OVERLAP" />
<TLINK id="TL221" fromID="E112" fromText="oxygen" toID="E115" toText="FFP" type="OVERLAP" />
<TLINK id="SECTIME118" fromID="E0" fromText="Admission" toID="T0" toText="2019-02-01" type="OVERLAP" />
<TLINK id="SECTIME119" fromID="T0" fromText="2019-02-01" toID="E0" toText="Admission" type="OVERLAP" />
<TLINK id="SECTIME120" fromID="T0" fromText="2019-02-01" toID="E1" toText="Discharge" type="BEFORE" />
<TLINK id="SECTIME121" fromID="E1" fromText="Discharge" toID="T0" toText="2019-02-01" type="AFTER" />
<TLINK id="SECTIME122" fromID="E1" fromText="Discharge" toID="T1" toText="2019-02-09" type="OVERLAP" />
<TLINK id="SECTIME123" fromID="T1" fromText="2019-02-09" toID="E1" toText="Discharge" type="OVERLAP" />
<TLINK id="TL222" fromID="E2" fromText="A fib" toID="E45" toText="atrial fibrillation" type="OVERLAP" />
<TLINK id="TL223" fromID="E2" fromText="A fib" toID="E80" toText="Atrial fibrillation" type="OVERLAP" />
<TLINK id="TL224" fromID="E2" fromText="A fib" toID="E111" toText="a fib" type="OVERLAP" />
<TLINK id="TL225" fromID="E4" fromText="HTN" toID="E47" toText="HTN" type="OVERLAP" />
<TLINK id="TL226" fromID="E5" fromText="DM2" toID="E48" toText="DM2" type="OVERLAP" />
<TLINK id="TL227" fromID="E22" fromText="cholangitis" toID="E51" toText="cholangitis" type="OVERLAP" />
<TLINK id="TL228" fromID="E22" fromText="cholangitis" toID="E52" toText="Acute cholangitis" type="OVERLAP" />
<TLINK id="TL229" fromID="E22" fromText="cholangitis" toID="E106" toText="acute cholangitis" type="OVERLAP" />
<TLINK id="TL230" fromID="E23" fromText="sepsis" toID="E105" toText="sepsis" type="OVERLAP" />
<TLINK id="TL231" fromID="E27" fromText="ERCP procedure" toID="E34" toText="ERCP" type="OVERLAP" />
<TLINK id="TL232" fromID="E27" fromText="ERCP procedure" toID="E35" toText="ERCP" type="OVERLAP" />
<TLINK id="TL233" fromID="E27" fromText="ERCP procedure" toID="E56" toText="ERCP" type="OVERLAP" />
<TLINK id="TL234" fromID="E27" fromText="ERCP procedure" toID="E72" toText="ERCP" type="OVERLAP" />
<TLINK id="TL235" fromID="E27" fromText="ERCP procedure" toID="E120" toText="ERCP procedure" type="OVERLAP" />
<TLINK id="TL236" fromID="E29" fromText="zosyn" toID="E60" toText="Zosyn" type="OVERLAP" />
<TLINK id="TL237" fromID="E32" fromText="home coumadin" toID="E81" toText="warfarin" type="OVERLAP" />
<TLINK id="TL238" fromID="E34" fromText="ERCP" toID="E27" toText="ERCP procedure" type="OVERLAP" />
<TLINK id="TL239" fromID="E34" fromText="ERCP" toID="E35" toText="ERCP" type="OVERLAP" />
<TLINK id="TL240" fromID="E34" fromText="ERCP" toID="E56" toText="ERCP" type="OVERLAP" />
<TLINK id="TL241" fromID="E34" fromText="ERCP" toID="E72" toText="ERCP" type="OVERLAP" />
<TLINK id="TL242" fromID="E34" fromText="ERCP" toID="E120" toText="ERCP procedure" type="OVERLAP" />
<TLINK id="TL243" fromID="E35" fromText="ERCP" toID="E27" toText="ERCP procedure" type="OVERLAP" />
<TLINK id="TL244" fromID="E35" fromText="ERCP" toID="E34" toText="ERCP" type="OVERLAP" />
<TLINK id="TL245" fromID="E35" fromText="ERCP" toID="E56" toText="ERCP" type="OVERLAP" />
<TLINK id="TL246" fromID="E35" fromText="ERCP" toID="E72" toText="ERCP" type="OVERLAP" />
<TLINK id="TL247" fromID="E35" fromText="ERCP" toID="E120" toText="ERCP procedure" type="OVERLAP" />
<TLINK id="TL248" fromID="E38" fromText="a stone" toID="E42" toText="the stone" type="OVERLAP" />
<TLINK id="TL249" fromID="E38" fromText="a stone" toID="E65" toText="stone" type="OVERLAP" />
<TLINK id="TL250" fromID="E40" fromText="A biliary stent" toID="E58" toText="Stent" type="OVERLAP" />
<TLINK id="TL251" fromID="E40" fromText="A biliary stent" toID="E64" toText="stent" type="OVERLAP" />
<TLINK id="TL252" fromID="E42" fromText="the stone" toID="E38" toText="a stone" type="OVERLAP" />
<TLINK id="TL253" fromID="E42" fromText="the stone" toID="E65" toText="stone" type="OVERLAP" />
<TLINK id="TL254" fromID="E45" fromText="atrial fibrillation" toID="E2" toText="A fib" type="OVERLAP" />
<TLINK id="TL255" fromID="E45" fromText="atrial fibrillation" toID="E80" toText="Atrial fibrillation" type="OVERLAP" />
<TLINK id="TL256" fromID="E45" fromText="atrial fibrillation" toID="E111" toText="a fib" type="OVERLAP" />
<TLINK id="TL257" fromID="E47" fromText="HTN" toID="E4" toText="HTN" type="OVERLAP" />
<TLINK id="TL258" fromID="E48" fromText="DM2" toID="E5" toText="DM2" type="OVERLAP" />
<TLINK id="TL259" fromID="E51" fromText="cholangitis" toID="E22" toText="cholangitis" type="OVERLAP" />
<TLINK id="TL260" fromID="E51" fromText="cholangitis" toID="E52" toText="Acute cholangitis" type="OVERLAP" />
<TLINK id="TL261" fromID="E51" fromText="cholangitis" toID="E106" toText="acute cholangitis" type="OVERLAP" />
<TLINK id="TL262" fromID="E52" fromText="Acute cholangitis" toID="E22" toText="cholangitis" type="OVERLAP" />
<TLINK id="TL263" fromID="E52" fromText="Acute cholangitis" toID="E51" toText="cholangitis" type="OVERLAP" />
<TLINK id="TL264" fromID="E52" fromText="Acute cholangitis" toID="E106" toText="acute cholangitis" type="OVERLAP" />
<TLINK id="TL265" fromID="E56" fromText="ERCP" toID="E27" toText="ERCP procedure" type="OVERLAP" />
<TLINK id="TL266" fromID="E56" fromText="ERCP" toID="E34" toText="ERCP" type="OVERLAP" />
<TLINK id="TL267" fromID="E56" fromText="ERCP" toID="E35" toText="ERCP" type="OVERLAP" />
<TLINK id="TL268" fromID="E56" fromText="ERCP" toID="E72" toText="ERCP" type="OVERLAP" />
<TLINK id="TL269" fromID="E56" fromText="ERCP" toID="E120" toText="ERCP procedure" type="OVERLAP" />
<TLINK id="TL270" fromID="E58" fromText="Stent" toID="E40" toText="A biliary stent" type="OVERLAP" />
<TLINK id="TL271" fromID="E58" fromText="Stent" toID="E64" toText="stent" type="OVERLAP" />
<TLINK id="TL272" fromID="E60" fromText="Zosyn" toID="E29" toText="zosyn" type="OVERLAP" />
<TLINK id="TL273" fromID="E61" fromText="Ciprofloxacin" toID="E69" toText="ciprofloxacin" type="OVERLAP" />
<TLINK id="TL274" fromID="E64" fromText="stent" toID="E40" toText="A biliary stent" type="OVERLAP" />
<TLINK id="TL275" fromID="E64" fromText="stent" toID="E58" toText="Stent" type="OVERLAP" />
<TLINK id="TL276" fromID="E65" fromText="stone" toID="E38" toText="a stone" type="OVERLAP" />
<TLINK id="TL277" fromID="E65" fromText="stone" toID="E42" toText="the stone" type="OVERLAP" />
<TLINK id="TL278" fromID="E69" fromText="ciprofloxacin" toID="E61" toText="Ciprofloxacin" type="OVERLAP" />
<TLINK id="TL279" fromID="E72" fromText="ERCP" toID="E27" toText="ERCP procedure" type="OVERLAP" />
<TLINK id="TL280" fromID="E72" fromText="ERCP" toID="E34" toText="ERCP" type="OVERLAP" />
<TLINK id="TL281" fromID="E72" fromText="ERCP" toID="E35" toText="ERCP" type="OVERLAP" />
<TLINK id="TL282" fromID="E72" fromText="ERCP" toID="E56" toText="ERCP" type="OVERLAP" />
<TLINK id="TL283" fromID="E72" fromText="ERCP" toID="E120" toText="ERCP procedure" type="OVERLAP" />
<TLINK id="TL284" fromID="E80" fromText="Atrial fibrillation" toID="E2" toText="A fib" type="OVERLAP" />
<TLINK id="TL285" fromID="E80" fromText="Atrial fibrillation" toID="E45" toText="atrial fibrillation" type="OVERLAP" />
<TLINK id="TL286" fromID="E80" fromText="Atrial fibrillation" toID="E111" toText="a fib" type="OVERLAP" />
<TLINK id="TL287" fromID="E81" fromText="warfarin" toID="E32" toText="home coumadin" type="OVERLAP" />
<TLINK id="TL288" fromID="E84" fromText="His digoxin" toID="E88" toText="the digoxin" type="OVERLAP" />
<TLINK id="TL289" fromID="E85" fromText="his metoprolol" toID="E89" toText="metoprolol" type="OVERLAP" />
<TLINK id="TL290" fromID="E87" fromText="his home dose" toID="E90" toText="home dose" type="OVERLAP" />
<TLINK id="TL291" fromID="E88" fromText="the digoxin" toID="E84" toText="His digoxin" type="OVERLAP" />
<TLINK id="TL292" fromID="E89" fromText="metoprolol" toID="E85" toText="his metoprolol" type="OVERLAP" />
<TLINK id="TL293" fromID="E90" fromText="home dose" toID="E87" toText="his home dose" type="OVERLAP" />
<TLINK id="TL294" fromID="E92" fromText="oxygen dependent" toID="E116" toText="oxygen requirements" type="OVERLAP" />
<TLINK id="TL295" fromID="E95" fromText="pulmonary edema" toID="E113" toText="pulmonary edema" type="OVERLAP" />
<TLINK id="TL296" fromID="E97" fromText="lasix" toID="E102" toText="lasix" type="OVERLAP" />
<TLINK id="TL297" fromID="E102" fromText="lasix" toID="E97" toText="lasix" type="OVERLAP" />
<TLINK id="TL298" fromID="E105" fromText="sepsis" toID="E23" toText="sepsis" type="OVERLAP" />
<TLINK id="TL299" fromID="E106" fromText="acute cholangitis" toID="E22" toText="cholangitis" type="OVERLAP" />
<TLINK id="TL300" fromID="E106" fromText="acute cholangitis" toID="E51" toText="cholangitis" type="OVERLAP" />
<TLINK id="TL301" fromID="E106" fromText="acute cholangitis" toID="E52" toText="Acute cholangitis" type="OVERLAP" />
<TLINK id="TL302" fromID="E108" fromText="intubation" toID="E109" toText="Intubation" type="OVERLAP" />
<TLINK id="TL303" fromID="E109" fromText="Intubation" toID="E108" toText="intubation" type="OVERLAP" />
<TLINK id="TL304" fromID="E111" fromText="a fib" toID="E2" toText="A fib" type="OVERLAP" />
<TLINK id="TL305" fromID="E111" fromText="a fib" toID="E45" toText="atrial fibrillation" type="OVERLAP" />
<TLINK id="TL306" fromID="E111" fromText="a fib" toID="E80" toText="Atrial fibrillation" type="OVERLAP" />
<TLINK id="TL307" fromID="E113" fromText="pulmonary edema" toID="E95" toText="pulmonary edema" type="OVERLAP" />
<TLINK id="TL308" fromID="E116" fromText="oxygen requirements" toID="E92" toText="oxygen dependent" type="OVERLAP" />
<TLINK id="TL309" fromID="E120" fromText="ERCP procedure" toID="E27" toText="ERCP procedure" type="OVERLAP" />
<TLINK id="TL310" fromID="E120" fromText="ERCP procedure" toID="E34" toText="ERCP" type="OVERLAP" />
<TLINK id="TL311" fromID="E120" fromText="ERCP procedure" toID="E35" toText="ERCP" type="OVERLAP" />
<TLINK id="TL312" fromID="E120" fromText="ERCP procedure" toID="E56" toText="ERCP" type="OVERLAP" />
<TLINK id="TL313" fromID="E120" fromText="ERCP procedure" toID="E72" toText="ERCP" type="OVERLAP" />
</TAGS>
</ClinicalNarrativeTemporalAnnotation>
