<?xml version="1.0" encoding="UTF-8" ?>
<ClinicalNarrativeTemporalAnnotation>
<TEXT><![CDATA[
Admission Date :
2016-03-18
Discharge Date :
2016-04-01
Service : 
SURGERY
History of Present Illness :
_Mr. Morton is a 86 yo male transferred from Kindred Park View Specialty Hospital of Springfield-Sample .
He developed right foot pain the Sunday prior to admission and was seen by his Podiatrist , who diagnosed him with gout .
He was given colchicine and prednisone .
Mr. Morton then developed more pain and warmth to his right foot later in the week and presented to the Youville Hospital - Woody Monica .
At this hospital he underwent an I&D ( 03-17 ) of a right foot infection and subsequently underwent 
re-exploration ( 03-18 ) for developing necrotizing fascitis .
He was transferred to Hallmark Health System for further care .
Brief Hospital Course :
Mr. Morton was admitted to the TSICU .
He was placed on Penicillin G , Clindamycin , for empiric coverage of his wound , with Group A strep growth from the New England Baptist Hospital-Bryce cultures .
He was transferred to the floor on HD#2 .
He continued to undergo BID dressing changes .
Plastic surgery was asked to evaluate the patient .
Per their recommendations , silvadine was applied to the tendons to prevent dessication .
Vascular surgery was also asked to evaluate the patient 's right lower extremity blood flow .
An angiogram on HD#4 showed severe tibial disease and moderate SFA disease , no DP artery was seen .
The vascular team recommended a femoral-peroneal bypass for revascularization and performed this operation on HD#5 .
He tolerated the procedure well , please see Dr. Allgood Operative Note for detail .
On POD#1 , Mr. Morton received 2 units of pRBCs for post-op anemia ( Hct 25 ).
Mr. Morton continued to be followed by Infectious Disease , whose recommendations were to complete a 01-28 week course of Penicillin G and Clindamycin after the foot was completely debrided and the skin flaps completed .
His wound continued to heal well and by POD #6 a VAC dressing was placed .
He received a PICC on POD#7 for his long-term antibiotic therapy .
At the time of discharge , Mr. Morton had good pain control , was tolerating a regular diet , had a well-healing wound treated with a VAC dressing , and was to continue his IV PCN G and Clindamycin .
He was discharged to a rehab facility in fair condition .
]]></TEXT>
<TAGS>
<EVENT id="E0" start="1" end="10" text="Admission" modality="FACTUAL" polarity="POS" type="OCCURRENCE" />
<EVENT id="E1" start="29" end="38" text="Discharge" modality="FACTUAL" polarity="POS" type="OCCURRENCE" />
<EVENT id="E2" start="133" end="144" text="transferred" modality="FACTUAL" polarity="POS" type="OCCURRENCE" />
<EVENT id="E3" start="150" end="208" text="Kindred Park View Specialty Hospital of Springfield-Sample" modality="FACTUAL" polarity="POS" type="CLINICAL_DEPT" />
<EVENT id="E4" start="224" end="239" text="right foot pain" modality="FACTUAL" polarity="POS" type="PROBLEM" />
<EVENT id="E5" start="260" end="269" text="admission" modality="FACTUAL" polarity="POS" type="OCCURRENCE" />
<EVENT id="E6" start="326" end="330" text="gout" modality="FACTUAL" polarity="POS" type="PROBLEM" />
<EVENT id="E7" start="346" end="356" text="colchicine" modality="FACTUAL" polarity="POS" type="TREATMENT" />
<EVENT id="E8" start="361" end="371" text="prednisone" modality="FACTUAL" polarity="POS" type="TREATMENT" />
<EVENT id="E9" start="400" end="409" text="more pain" modality="FACTUAL" polarity="POS" type="PROBLEM" />
<EVENT id="E10" start="414" end="438" text="warmth to his right foot" modality="FACTUAL" polarity="POS" type="PROBLEM" />
<EVENT id="E11" start="461" end="470" text="presented" modality="FACTUAL" polarity="POS" type="OCCURRENCE" />
<EVENT id="E12" start="474" end="495" text="the Youville Hospital" modality="FACTUAL" polarity="POS" type="CLINICAL_DEPT" />
<EVENT id="E13" start="516" end="529" text="this hospital" modality="FACTUAL" polarity="POS" type="CLINICAL_DEPT" />
<EVENT id="E14" start="543" end="549" text="an I&D" modality="FACTUAL" polarity="POS" type="TREATMENT" />
<EVENT id="E15" start="563" end="585" text="a right foot infection" modality="FACTUAL" polarity="POS" type="PROBLEM" />
<EVENT id="E16" start="614" end="628" text="re-exploration" modality="FACTUAL" polarity="POS" type="TEST" />
<EVENT id="E17" start="643" end="674" text="developing necrotizing fascitis" modality="FACTUAL" polarity="POS" type="PROBLEM" />
<EVENT id="E18" start="684" end="695" text="transferred" modality="FACTUAL" polarity="POS" type="OCCURRENCE" />
<EVENT id="E19" start="699" end="721" text="Hallmark Health System" modality="FACTUAL" polarity="POS" type="CLINICAL_DEPT" />
<EVENT id="E20" start="726" end="738" text="further care" modality="FACTUAL" polarity="POS" type="TREATMENT" />
<EVENT id="E21" start="780" end="788" text="admitted" modality="FACTUAL" polarity="POS" type="OCCURRENCE" />
<EVENT id="E22" start="792" end="801" text="the TSICU" modality="FACTUAL" polarity="POS" type="CLINICAL_DEPT" />
<EVENT id="E23" start="821" end="833" text="Penicillin G" modality="FACTUAL" polarity="POS" type="TREATMENT" />
<EVENT id="E24" start="836" end="847" text="Clindamycin" modality="FACTUAL" polarity="POS" type="TREATMENT" />
<EVENT id="E25" start="854" end="870" text="empiric coverage" modality="FACTUAL" polarity="POS" type="TREATMENT" />
<EVENT id="E26" start="874" end="883" text="his wound" modality="FACTUAL" polarity="POS" type="PROBLEM" />
<EVENT id="E27" start="891" end="911" text="Group A strep growth" modality="FACTUAL" polarity="POS" type="PROBLEM" />
<EVENT id="E28" start="917" end="964" text="the New England Baptist Hospital-Bryce cultures" modality="FACTUAL" polarity="POS" type="TEST" />
<EVENT id="E29" start="974" end="985" text="transferred" modality="FACTUAL" polarity="POS" type="OCCURRENCE" />
<EVENT id="E30" start="989" end="998" text="the floor" modality="FACTUAL" polarity="POS" type="CLINICAL_DEPT" />
<EVENT id="E31" start="1033" end="1053" text="BID dressing changes" modality="FACTUAL" polarity="POS" type="TREATMENT" />
<EVENT id="E32" start="1056" end="1071" text="Plastic surgery" modality="FACTUAL" polarity="POS" type="OCCURRENCE" />
<EVENT id="E33" start="1136" end="1145" text="silvadine" modality="PROPOSED" polarity="POS" type="TREATMENT" />
<EVENT id="E34" start="1184" end="1195" text="dessication" modality="CONDITIONAL" polarity="POS" type="PROBLEM" />
<EVENT id="E35" start="1198" end="1214" text="Vascular surgery" modality="FACTUAL" polarity="POS" type="TEST" />
<EVENT id="E36" start="1279" end="1289" text="blood flow" modality="FACTUAL" polarity="POS" type="PROBLEM" />
<EVENT id="E37" start="1292" end="1304" text="An angiogram" modality="FACTUAL" polarity="POS" type="TEST" />
<EVENT id="E38" start="1313" end="1319" text="showed" modality="FACTUAL" polarity="POS" type="EVIDENTIAL" />
<EVENT id="E39" start="1320" end="1341" text="severe tibial disease" modality="FACTUAL" polarity="POS" type="PROBLEM" />
<EVENT id="E40" start="1346" end="1366" text="moderate SFA disease" modality="FACTUAL" polarity="POS" type="PROBLEM" />
<EVENT id="E41" start="1423" end="1448" text="a femoral-peroneal bypass" modality="PROPOSED" polarity="POS" type="TREATMENT" />
<EVENT id="E42" start="1453" end="1470" text="revascularization" modality="FACTUAL" polarity="POS" type="TREATMENT" />
<EVENT id="E43" start="1485" end="1499" text="this operation" modality="FACTUAL" polarity="POS" type="TREATMENT" />
<EVENT id="E44" start="1523" end="1536" text="the procedure" modality="FACTUAL" polarity="POS" type="TREATMENT" />
<EVENT id="E45" start="1537" end="1541" text="well" modality="FACTUAL" polarity="POS" type="OCCURRENCE" />
<EVENT id="E46" start="1637" end="1642" text="pRBCs" modality="FACTUAL" polarity="POS" type="TREATMENT" />
<EVENT id="E47" start="1647" end="1661" text="post-op anemia" modality="FACTUAL" polarity="POS" type="PROBLEM" />
<EVENT id="E48" start="1664" end="1667" text="Hct" modality="FACTUAL" polarity="POS" type="TEST" />
<EVENT id="E49" start="1701" end="1709" text="followed" modality="FACTUAL" polarity="POS" type="OCCURRENCE" />
<EVENT id="E50" start="1713" end="1731" text="Infectious Disease" modality="FACTUAL" polarity="POS" type="CLINICAL_DEPT" />
<EVENT id="E51" start="1796" end="1808" text="Penicillin G" modality="FACTUAL" polarity="POS" type="TREATMENT" />
<EVENT id="E52" start="1813" end="1824" text="Clindamycin" modality="FACTUAL" polarity="POS" type="TREATMENT" />
<EVENT id="E53" start="1868" end="1882" text="the skin flaps" modality="FACTUAL" polarity="POS" type="TREATMENT" />
<EVENT id="E54" start="1895" end="1904" text="His wound" modality="FACTUAL" polarity="POS" type="PROBLEM" />
<EVENT id="E55" start="1918" end="1927" text="heal well" modality="FACTUAL" polarity="POS" type="OCCURRENCE" />
<EVENT id="E56" start="1942" end="1956" text="a VAC dressing" modality="FACTUAL" polarity="POS" type="TREATMENT" />
<EVENT id="E57" start="1982" end="1988" text="a PICC" modality="FACTUAL" polarity="POS" type="TREATMENT" />
<EVENT id="E58" start="2002" end="2034" text="his long-term antibiotic therapy" modality="FACTUAL" polarity="POS" type="TREATMENT" />
<EVENT id="E59" start="2079" end="2096" text="good pain control" modality="FACTUAL" polarity="POS" type="OCCURRENCE" />
<EVENT id="E60" start="2114" end="2128" text="a regular diet" modality="FACTUAL" polarity="POS" type="OCCURRENCE" />
<EVENT id="E61" start="2135" end="2155" text="a well-healing wound" modality="FACTUAL" polarity="POS" type="PROBLEM" />
<EVENT id="E62" start="2169" end="2183" text="a VAC dressing" modality="FACTUAL" polarity="POS" type="TREATMENT" />
<EVENT id="E63" start="2206" end="2218" text="his IV PCN G" modality="FACTUAL" polarity="POS" type="TREATMENT" />
<EVENT id="E64" start="2223" end="2234" text="Clindamycin" modality="FACTUAL" polarity="POS" type="TREATMENT" />
<EVENT id="E65" start="2244" end="2254" text="discharged" modality="FACTUAL" polarity="POS" type="OCCURRENCE" />
<EVENT id="E66" start="2258" end="2274" text="a rehab facility" modality="FACTUAL" polarity="POS" type="OCCURRENCE" />
<TIMEX3 id="T0" start="18" end="28" text="2016-03-18" type="DATE" val="2016-03-18" mod="NA" />
<TIMEX3 id="T1" start="46" end="56" text="2016-04-01" type="DATE" val="2016-04-01" mod="NA" />
<TIMEX3 id="T2" start="240" end="250" text="the Sunday" type="DATE" val="2016" mod="NA" />
<TIMEX3 id="T3" start="448" end="456" text="the week" type="DURATION" val="P1W" mod="APPROX" />
<TIMEX3 id="T4" start="552" end="557" text="03-17" type="DATE" val="2016-03-17" mod="NA" />
<TIMEX3 id="T5" start="631" end="636" text="03-18" type="DATE" val="2016-03-18" mod="NA" />
<TIMEX3 id="T6" start="1002" end="1006" text="HD#2" type="DATE" val="2016-03-19" mod="NA" />
<TIMEX3 id="T7" start="1033" end="1036" text="BID" type="FREQUENCY" val="RPT12H" mod="NA" />
<TIMEX3 id="T8" start="1308" end="1312" text="HD#4" type="DATE" val="2016-03-21" mod="NA" />
<TIMEX3 id="T9" start="1503" end="1507" text="HD#5" type="DATE" val="2016-03-22" mod="NA" />
<TIMEX3 id="T10" start="1598" end="1603" text="POD#1" type="DATE" val="2016-03-22" mod="NA" />
<TIMEX3 id="T11" start="1773" end="1792" text="a 01-28 week course" type="DURATION" val="P14.5W" mod="APPROX" />
<TIMEX3 id="T12" start="1935" end="1941" text="POD #6" type="DATE" val="2016-03-27" mod="NA" />
<TIMEX3 id="T13" start="1992" end="1997" text="POD#7" type="DATE" val="2016-03-28" mod="NA" />
<TIMEX3 id="T14" start="2040" end="2048" text="the time" type="DATE" val="2016-04-01" mod="NA" />
<TLINK id="TL0" fromID="E2" fromText="transferred" toID="E3" toText="Kindred Park View Specialty Hospital of Springfield-Sample" type="AFTER" />
<TLINK id="TL1" fromID="E3" fromText="Kindred Park View Specialty Hospital of Springfield-Sample" toID="E2" toText="transferred" type="BEFORE" />
<TLINK id="TL2" fromID="E7" fromText="colchicine" toID="E8" toText="prednisone" type="OVERLAP" />
<TLINK id="TL3" fromID="E8" fromText="prednisone" toID="E7" toText="colchicine" type="OVERLAP" />
<TLINK id="TL4" fromID="E9" fromText="more pain" toID="E10" toText="warmth to his right foot" type="OVERLAP" />
<TLINK id="TL5" fromID="E10" fromText="warmth to his right foot" toID="E9" toText="more pain" type="OVERLAP" />
<TLINK id="TL6" fromID="E11" fromText="presented" toID="E12" toText="the Youville Hospital" type="BEFORE" />
<TLINK id="TL7" fromID="E12" fromText="the Youville Hospital" toID="E11" toText="presented" type="AFTER" />
<TLINK id="TL8" fromID="E13" fromText="this hospital" toID="E14" toText="an I&D" type="OVERLAP" />
<TLINK id="TL9" fromID="E14" fromText="an I&D" toID="E13" toText="this hospital" type="OVERLAP" />
<TLINK id="TL10" fromID="E18" fromText="transferred" toID="E19" toText="Hallmark Health System" type="BEFORE" />
<TLINK id="TL11" fromID="E19" fromText="Hallmark Health System" toID="E18" toText="transferred" type="AFTER" />
<TLINK id="TL12" fromID="E19" fromText="Hallmark Health System" toID="E20" toText="further care" type="OVERLAP" />
<TLINK id="TL13" fromID="E20" fromText="further care" toID="E19" toText="Hallmark Health System" type="OVERLAP" />
<TLINK id="TL14" fromID="E21" fromText="admitted" toID="E22" toText="the TSICU" type="BEFORE" />
<TLINK id="TL15" fromID="E22" fromText="the TSICU" toID="E21" toText="admitted" type="AFTER" />
<TLINK id="TL16" fromID="E23" fromText="Penicillin G" toID="E24" toText="Clindamycin" type="OVERLAP" />
<TLINK id="TL17" fromID="E24" fromText="Clindamycin" toID="E23" toText="Penicillin G" type="OVERLAP" />
<TLINK id="TL18" fromID="E24" fromText="Clindamycin" toID="E25" toText="empiric coverage" type="OVERLAP" />
<TLINK id="TL19" fromID="E25" fromText="empiric coverage" toID="E24" toText="Clindamycin" type="OVERLAP" />
<TLINK id="TL20" fromID="E25" fromText="empiric coverage" toID="E26" toText="his wound" type="AFTER" />
<TLINK id="TL21" fromID="E26" fromText="his wound" toID="E25" toText="empiric coverage" type="BEFORE" />
<TLINK id="TL22" fromID="E27" fromText="Group A strep growth" toID="E28" toText="the New England Baptist Hospital-Bryce cultures" type="AFTER" />
<TLINK id="TL23" fromID="E28" fromText="the New England Baptist Hospital-Bryce cultures" toID="E27" toText="Group A strep growth" type="BEFORE" />
<TLINK id="TL24" fromID="E29" fromText="transferred" toID="E30" toText="the floor" type="BEFORE" />
<TLINK id="TL25" fromID="E30" fromText="the floor" toID="E29" toText="transferred" type="AFTER" />
<TLINK id="TL26" fromID="E33" fromText="silvadine" toID="E34" toText="dessication" type="BEFORE" />
<TLINK id="TL27" fromID="E34" fromText="dessication" toID="E33" toText="silvadine" type="AFTER" />
<TLINK id="TL28" fromID="E35" fromText="Vascular surgery" toID="E36" toText="blood flow" type="OVERLAP" />
<TLINK id="TL29" fromID="E36" fromText="blood flow" toID="E35" toText="Vascular surgery" type="OVERLAP" />
<TLINK id="TL30" fromID="E37" fromText="An angiogram" toID="E38" toText="showed" type="OVERLAP" />
<TLINK id="TL31" fromID="E38" fromText="showed" toID="E37" toText="An angiogram" type="OVERLAP" />
<TLINK id="TL32" fromID="E38" fromText="showed" toID="E39" toText="severe tibial disease" type="AFTER" />
<TLINK id="TL33" fromID="E39" fromText="severe tibial disease" toID="E38" toText="showed" type="BEFORE" />
<TLINK id="TL34" fromID="E39" fromText="severe tibial disease" toID="E40" toText="moderate SFA disease" type="OVERLAP" />
<TLINK id="TL35" fromID="E40" fromText="moderate SFA disease" toID="E39" toText="severe tibial disease" type="OVERLAP" />
<TLINK id="TL36" fromID="E41" fromText="a femoral-peroneal bypass" toID="E42" toText="revascularization" type="OVERLAP" />
<TLINK id="TL37" fromID="E42" fromText="revascularization" toID="E41" toText="a femoral-peroneal bypass" type="OVERLAP" />
<TLINK id="TL38" fromID="E44" fromText="the procedure" toID="E45" toText="well" type="OVERLAP" />
<TLINK id="TL39" fromID="E45" fromText="well" toID="E44" toText="the procedure" type="OVERLAP" />
<TLINK id="TL40" fromID="E46" fromText="pRBCs" toID="E47" toText="post-op anemia" type="AFTER" />
<TLINK id="TL41" fromID="E47" fromText="post-op anemia" toID="E46" toText="pRBCs" type="BEFORE" />
<TLINK id="TL42" fromID="E49" fromText="followed" toID="E50" toText="Infectious Disease" type="OVERLAP" />
<TLINK id="TL43" fromID="E50" fromText="Infectious Disease" toID="E49" toText="followed" type="OVERLAP" />
<TLINK id="TL44" fromID="E51" fromText="Penicillin G" toID="E52" toText="Clindamycin" type="OVERLAP" />
<TLINK id="TL45" fromID="E52" fromText="Clindamycin" toID="E51" toText="Penicillin G" type="OVERLAP" />
<TLINK id="TL46" fromID="E54" fromText="His wound" toID="E55" toText="heal well" type="OVERLAP" />
<TLINK id="TL47" fromID="E55" fromText="heal well" toID="E54" toText="His wound" type="OVERLAP" />
<TLINK id="TL48" fromID="E59" fromText="good pain control" toID="E60" toText="a regular diet" type="OVERLAP" />
<TLINK id="TL49" fromID="E60" fromText="a regular diet" toID="E59" toText="good pain control" type="OVERLAP" />
<TLINK id="TL50" fromID="E61" fromText="a well-healing wound" toID="E62" toText="a VAC dressing" type="OVERLAP" />
<TLINK id="TL51" fromID="E62" fromText="a VAC dressing" toID="E61" toText="a well-healing wound" type="OVERLAP" />
<TLINK id="TL52" fromID="E63" fromText="his IV PCN G" toID="E64" toText="Clindamycin" type="OVERLAP" />
<TLINK id="TL53" fromID="E64" fromText="Clindamycin" toID="E63" toText="his IV PCN G" type="OVERLAP" />
<TLINK id="TL54" fromID="E65" fromText="discharged" toID="E66" toText="a rehab facility" type="BEFORE" />
<TLINK id="TL55" fromID="E66" fromText="a rehab facility" toID="E65" toText="discharged" type="AFTER" />
<TLINK id="TL56" fromID="E4" fromText="right foot pain" toID="T2" toText="the Sunday" type="OVERLAP" />
<TLINK id="TL57" fromID="T2" fromText="the Sunday" toID="E4" toText="right foot pain" type="OVERLAP" />
<TLINK id="TL58" fromID="T2" fromText="the Sunday" toID="E5" toText="admission" type="BEFORE" />
<TLINK id="TL59" fromID="E5" fromText="admission" toID="T2" toText="the Sunday" type="AFTER" />
<TLINK id="TL60" fromID="E10" fromText="warmth to his right foot" toID="T3" toText="the week" type="OVERLAP" />
<TLINK id="TL61" fromID="T3" fromText="the week" toID="E10" toText="warmth to his right foot" type="OVERLAP" />
<TLINK id="TL62" fromID="E14" fromText="an I&D" toID="T4" toText="03-17" type="OVERLAP" />
<TLINK id="TL63" fromID="T4" fromText="03-17" toID="E14" toText="an I&D" type="OVERLAP" />
<TLINK id="TL64" fromID="E16" fromText="re-exploration" toID="T5" toText="03-18" type="OVERLAP" />
<TLINK id="TL65" fromID="T5" fromText="03-18" toID="E16" toText="re-exploration" type="OVERLAP" />
<TLINK id="TL66" fromID="E29" fromText="transferred" toID="T6" toText="HD#2" type="OVERLAP" />
<TLINK id="TL67" fromID="T6" fromText="HD#2" toID="E29" toText="transferred" type="OVERLAP" />
<TLINK id="TL68" fromID="E37" fromText="An angiogram" toID="T8" toText="HD#4" type="OVERLAP" />
<TLINK id="TL69" fromID="T8" fromText="HD#4" toID="E37" toText="An angiogram" type="OVERLAP" />
<TLINK id="TL70" fromID="E43" fromText="this operation" toID="T9" toText="HD#5" type="OVERLAP" />
<TLINK id="TL71" fromID="T9" fromText="HD#5" toID="E43" toText="this operation" type="OVERLAP" />
<TLINK id="TL72" fromID="T10" fromText="POD#1" toID="E46" toText="pRBCs" type="OVERLAP" />
<TLINK id="TL73" fromID="E46" fromText="pRBCs" toID="T10" toText="POD#1" type="OVERLAP" />
<TLINK id="TL74" fromID="T11" fromText="a 01-28 week course" toID="E51" toText="Penicillin G" type="OVERLAP" />
<TLINK id="TL75" fromID="T11" fromText="a 01-28 week course" toID="E52" toText="Clindamycin" type="OVERLAP" />
<TLINK id="TL76" fromID="E51" fromText="Penicillin G" toID="T11" toText="a 01-28 week course" type="OVERLAP" />
<TLINK id="TL77" fromID="E52" fromText="Clindamycin" toID="T11" toText="a 01-28 week course" type="OVERLAP" />
<TLINK id="TL78" fromID="T12" fromText="POD #6" toID="E56" toText="a VAC dressing" type="OVERLAP" />
<TLINK id="TL79" fromID="E56" fromText="a VAC dressing" toID="T12" toText="POD #6" type="OVERLAP" />
<TLINK id="TL80" fromID="E57" fromText="a PICC" toID="T13" toText="POD#7" type="OVERLAP" />
<TLINK id="TL81" fromID="T13" fromText="POD#7" toID="E57" toText="a PICC" type="OVERLAP" />
<TLINK id="TL82" fromID="T14" fromText="the time" toID="E59" toText="good pain control" type="OVERLAP" />
<TLINK id="TL83" fromID="E59" fromText="good pain control" toID="T14" toText="the time" type="OVERLAP" />
<TLINK id="SECTIME0" fromID="T0" fromText="2016-03-18" toID="E2" toText="transferred" type="AFTER" />
<TLINK id="SECTIME1" fromID="T0" fromText="2016-03-18" toID="E3" toText="Kindred Park View Specialty Hospital of Springfield-Sample" type="AFTER" />
<TLINK id="SECTIME2" fromID="T0" fromText="2016-03-18" toID="E4" toText="right foot pain" type="AFTER" />
<TLINK id="TL84" fromID="T0" fromText="2016-03-18" toID="T2" toText="the Sunday" type="OVERLAP" />
<TLINK id="SECTIME3" fromID="T0" fromText="2016-03-18" toID="E5" toText="admission" type="OVERLAP" />
<TLINK id="SECTIME4" fromID="T0" fromText="2016-03-18" toID="E6" toText="gout" type="AFTER" />
<TLINK id="SECTIME5" fromID="T0" fromText="2016-03-18" toID="E7" toText="colchicine" type="AFTER" />
<TLINK id="SECTIME6" fromID="T0" fromText="2016-03-18" toID="E8" toText="prednisone" type="AFTER" />
<TLINK id="SECTIME7" fromID="T0" fromText="2016-03-18" toID="E9" toText="more pain" type="AFTER" />
<TLINK id="SECTIME8" fromID="T0" fromText="2016-03-18" toID="E10" toText="warmth to his right foot" type="AFTER" />
<TLINK id="SECTIME9" fromID="T0" fromText="2016-03-18" toID="E11" toText="presented" type="OVERLAP" />
<TLINK id="SECTIME10" fromID="T0" fromText="2016-03-18" toID="E12" toText="the Youville Hospital" type="AFTER" />
<TLINK id="SECTIME11" fromID="T0" fromText="2016-03-18" toID="E13" toText="this hospital" type="AFTER" />
<TLINK id="SECTIME12" fromID="T0" fromText="2016-03-18" toID="E14" toText="an I&D" type="AFTER" />
<TLINK id="TL85" fromID="T0" fromText="2016-03-18" toID="T4" toText="03-17" type="AFTER" />
<TLINK id="SECTIME13" fromID="T0" fromText="2016-03-18" toID="E15" toText="a right foot infection" type="AFTER" />
<TLINK id="SECTIME14" fromID="T0" fromText="2016-03-18" toID="E16" toText="re-exploration" type="AFTER" />
<TLINK id="TL86" fromID="T0" fromText="2016-03-18" toID="T5" toText="03-18" type="OVERLAP" />
<TLINK id="SECTIME15" fromID="T0" fromText="2016-03-18" toID="E17" toText="developing necrotizing fascitis" type="AFTER" />
<TLINK id="SECTIME16" fromID="T0" fromText="2016-03-18" toID="E18" toText="transferred" type="OVERLAP" />
<TLINK id="SECTIME17" fromID="T0" fromText="2016-03-18" toID="E19" toText="Hallmark Health System" type="OVERLAP" />
<TLINK id="SECTIME18" fromID="T0" fromText="2016-03-18" toID="E20" toText="further care" type="OVERLAP" />
<TLINK id="TL87" fromID="T0" fromText="2016-03-18" toID="T6" toText="HD#2" type="BEFORE" />
<TLINK id="TL88" fromID="T0" fromText="2016-03-18" toID="T8" toText="HD#4" type="BEFORE" />
<TLINK id="TL89" fromID="T0" fromText="2016-03-18" toID="T9" toText="HD#5" type="BEFORE" />
<TLINK id="TL90" fromID="T0" fromText="2016-03-18" toID="T10" toText="POD#1" type="BEFORE" />
<TLINK id="TL91" fromID="T0" fromText="2016-03-18" toID="T12" toText="POD #6" type="BEFORE" />
<TLINK id="TL92" fromID="T0" fromText="2016-03-18" toID="T13" toText="POD#7" type="BEFORE" />
<TLINK id="TL93" fromID="T0" fromText="2016-03-18" toID="T14" toText="the time" type="BEFORE" />
<TLINK id="TL94" fromID="T1" fromText="2016-04-01" toID="T2" toText="the Sunday" type="OVERLAP" />
<TLINK id="TL95" fromID="T1" fromText="2016-04-01" toID="T4" toText="03-17" type="AFTER" />
<TLINK id="TL96" fromID="T1" fromText="2016-04-01" toID="T5" toText="03-18" type="AFTER" />
<TLINK id="SECTIME19" fromID="T1" fromText="2016-04-01" toID="E21" toText="admitted" type="AFTER" />
<TLINK id="SECTIME20" fromID="T1" fromText="2016-04-01" toID="E22" toText="the TSICU" type="AFTER" />
<TLINK id="SECTIME21" fromID="T1" fromText="2016-04-01" toID="E23" toText="Penicillin G" type="AFTER" />
<TLINK id="SECTIME22" fromID="T1" fromText="2016-04-01" toID="E24" toText="Clindamycin" type="AFTER" />
<TLINK id="SECTIME23" fromID="T1" fromText="2016-04-01" toID="E25" toText="empiric coverage" type="AFTER" />
<TLINK id="SECTIME24" fromID="T1" fromText="2016-04-01" toID="E26" toText="his wound" type="AFTER" />
<TLINK id="SECTIME25" fromID="T1" fromText="2016-04-01" toID="E27" toText="Group A strep growth" type="AFTER" />
<TLINK id="SECTIME26" fromID="T1" fromText="2016-04-01" toID="E28" toText="the New England Baptist Hospital-Bryce cultures" type="AFTER" />
<TLINK id="SECTIME27" fromID="T1" fromText="2016-04-01" toID="E29" toText="transferred" type="AFTER" />
<TLINK id="SECTIME28" fromID="T1" fromText="2016-04-01" toID="E30" toText="the floor" type="AFTER" />
<TLINK id="TL97" fromID="T1" fromText="2016-04-01" toID="T6" toText="HD#2" type="AFTER" />
<TLINK id="SECTIME29" fromID="T1" fromText="2016-04-01" toID="E31" toText="BID dressing changes" type="AFTER" />
<TLINK id="SECTIME30" fromID="T1" fromText="2016-04-01" toID="E32" toText="Plastic surgery" type="AFTER" />
<TLINK id="SECTIME31" fromID="T1" fromText="2016-04-01" toID="E33" toText="silvadine" type="AFTER" />
<TLINK id="SECTIME32" fromID="T1" fromText="2016-04-01" toID="E34" toText="dessication" type="AFTER" />
<TLINK id="SECTIME33" fromID="T1" fromText="2016-04-01" toID="E35" toText="Vascular surgery" type="AFTER" />
<TLINK id="SECTIME34" fromID="T1" fromText="2016-04-01" toID="E36" toText="blood flow" type="AFTER" />
<TLINK id="SECTIME35" fromID="T1" fromText="2016-04-01" toID="E37" toText="An angiogram" type="AFTER" />
<TLINK id="TL98" fromID="T1" fromText="2016-04-01" toID="T8" toText="HD#4" type="AFTER" />
<TLINK id="SECTIME36" fromID="T1" fromText="2016-04-01" toID="E38" toText="showed" type="AFTER" />
<TLINK id="SECTIME37" fromID="T1" fromText="2016-04-01" toID="E39" toText="severe tibial disease" type="AFTER" />
<TLINK id="SECTIME38" fromID="T1" fromText="2016-04-01" toID="E40" toText="moderate SFA disease" type="AFTER" />
<TLINK id="SECTIME39" fromID="T1" fromText="2016-04-01" toID="E41" toText="a femoral-peroneal bypass" type="AFTER" />
<TLINK id="SECTIME40" fromID="T1" fromText="2016-04-01" toID="E42" toText="revascularization" type="AFTER" />
<TLINK id="SECTIME41" fromID="T1" fromText="2016-04-01" toID="E43" toText="this operation" type="AFTER" />
<TLINK id="TL99" fromID="T1" fromText="2016-04-01" toID="T9" toText="HD#5" type="AFTER" />
<TLINK id="SECTIME42" fromID="T1" fromText="2016-04-01" toID="E44" toText="the procedure" type="AFTER" />
<TLINK id="SECTIME43" fromID="T1" fromText="2016-04-01" toID="E45" toText="well" type="AFTER" />
<TLINK id="TL100" fromID="T1" fromText="2016-04-01" toID="T10" toText="POD#1" type="AFTER" />
<TLINK id="SECTIME44" fromID="T1" fromText="2016-04-01" toID="E46" toText="pRBCs" type="AFTER" />
<TLINK id="SECTIME45" fromID="T1" fromText="2016-04-01" toID="E47" toText="post-op anemia" type="AFTER" />
<TLINK id="SECTIME46" fromID="T1" fromText="2016-04-01" toID="E48" toText="Hct" type="AFTER" />
<TLINK id="SECTIME47" fromID="T1" fromText="2016-04-01" toID="E49" toText="followed" type="AFTER" />
<TLINK id="SECTIME48" fromID="T1" fromText="2016-04-01" toID="E50" toText="Infectious Disease" type="AFTER" />
<TLINK id="SECTIME49" fromID="T1" fromText="2016-04-01" toID="E51" toText="Penicillin G" type="AFTER" />
<TLINK id="SECTIME50" fromID="T1" fromText="2016-04-01" toID="E52" toText="Clindamycin" type="AFTER" />
<TLINK id="SECTIME51" fromID="T1" fromText="2016-04-01" toID="E53" toText="the skin flaps" type="AFTER" />
<TLINK id="SECTIME52" fromID="T1" fromText="2016-04-01" toID="E54" toText="His wound" type="AFTER" />
<TLINK id="SECTIME53" fromID="T1" fromText="2016-04-01" toID="E55" toText="heal well" type="AFTER" />
<TLINK id="TL101" fromID="T1" fromText="2016-04-01" toID="T12" toText="POD #6" type="AFTER" />
<TLINK id="SECTIME54" fromID="T1" fromText="2016-04-01" toID="E56" toText="a VAC dressing" type="AFTER" />
<TLINK id="SECTIME55" fromID="T1" fromText="2016-04-01" toID="E57" toText="a PICC" type="AFTER" />
<TLINK id="TL102" fromID="T1" fromText="2016-04-01" toID="T13" toText="POD#7" type="AFTER" />
<TLINK id="SECTIME56" fromID="T1" fromText="2016-04-01" toID="E58" toText="his long-term antibiotic therapy" type="AFTER" />
<TLINK id="TL103" fromID="T1" fromText="2016-04-01" toID="T14" toText="the time" type="OVERLAP" />
<TLINK id="SECTIME57" fromID="T1" fromText="2016-04-01" toID="E59" toText="good pain control" type="AFTER" />
<TLINK id="SECTIME58" fromID="T1" fromText="2016-04-01" toID="E60" toText="a regular diet" type="AFTER" />
<TLINK id="SECTIME59" fromID="T1" fromText="2016-04-01" toID="E61" toText="a well-healing wound" type="AFTER" />
<TLINK id="SECTIME60" fromID="T1" fromText="2016-04-01" toID="E62" toText="a VAC dressing" type="AFTER" />
<TLINK id="SECTIME61" fromID="T1" fromText="2016-04-01" toID="E63" toText="his IV PCN G" type="AFTER" />
<TLINK id="SECTIME62" fromID="T1" fromText="2016-04-01" toID="E64" toText="Clindamycin" type="AFTER" />
<TLINK id="SECTIME63" fromID="T1" fromText="2016-04-01" toID="E65" toText="discharged" type="OVERLAP" />
<TLINK id="SECTIME64" fromID="T1" fromText="2016-04-01" toID="E66" toText="a rehab facility" type="AFTER" />
<TLINK id="TL104" fromID="E22" fromText="the TSICU" toID="E28" toText="the New England Baptist Hospital-Bryce cultures" type="OVERLAP" />
<TLINK id="TL105" fromID="E31" fromText="BID dressing changes" toID="E32" toText="Plastic surgery" type="OVERLAP" />
<TLINK id="TL106" fromID="E32" fromText="Plastic surgery" toID="E31" toText="BID dressing changes" type="OVERLAP" />
<TLINK id="TL107" fromID="E41" fromText="a femoral-peroneal bypass" toID="E44" toText="the procedure" type="OVERLAP" />
<TLINK id="TL108" fromID="E43" fromText="this operation" toID="E44" toText="the procedure" type="OVERLAP" />
<TLINK id="TL109" fromID="E44" fromText="the procedure" toID="E41" toText="a femoral-peroneal bypass" type="OVERLAP" />
<TLINK id="TL110" fromID="E44" fromText="the procedure" toID="E43" toText="this operation" type="OVERLAP" />
<TLINK id="TL111" fromID="E59" fromText="good pain control" toID="E65" toText="discharged" type="BEFORE" />
<TLINK id="TL112" fromID="E59" fromText="good pain control" toID="E66" toText="a rehab facility" type="BEFORE" />
<TLINK id="TL113" fromID="E60" fromText="a regular diet" toID="E66" toText="a rehab facility" type="BEFORE" />
<TLINK id="SECTIME65" fromID="E0" fromText="Admission" toID="T0" toText="2016-03-18" type="OVERLAP" />
<TLINK id="SECTIME66" fromID="T0" fromText="2016-03-18" toID="E0" toText="Admission" type="OVERLAP" />
<TLINK id="SECTIME67" fromID="T0" fromText="2016-03-18" toID="E1" toText="Discharge" type="BEFORE" />
<TLINK id="SECTIME68" fromID="E1" fromText="Discharge" toID="T0" toText="2016-03-18" type="AFTER" />
<TLINK id="SECTIME69" fromID="E1" fromText="Discharge" toID="T1" toText="2016-04-01" type="OVERLAP" />
<TLINK id="SECTIME70" fromID="T1" fromText="2016-04-01" toID="E1" toText="Discharge" type="OVERLAP" />
<TLINK id="TL114" fromID="E23" fromText="Penicillin G" toID="E51" toText="Penicillin G" type="OVERLAP" />
<TLINK id="TL115" fromID="E23" fromText="Penicillin G" toID="E63" toText="his IV PCN G" type="OVERLAP" />
<TLINK id="TL116" fromID="E24" fromText="Clindamycin" toID="E52" toText="Clindamycin" type="OVERLAP" />
<TLINK id="TL117" fromID="E24" fromText="Clindamycin" toID="E64" toText="Clindamycin" type="OVERLAP" />
<TLINK id="TL118" fromID="E26" fromText="his wound" toID="E54" toText="His wound" type="OVERLAP" />
<TLINK id="TL119" fromID="E26" fromText="his wound" toID="E61" toText="a well-healing wound" type="OVERLAP" />
<TLINK id="TL120" fromID="E41" fromText="a femoral-peroneal bypass" toID="E43" toText="this operation" type="OVERLAP" />
<TLINK id="TL121" fromID="E41" fromText="a femoral-peroneal bypass" toID="E44" toText="the procedure" type="OVERLAP" />
<TLINK id="TL122" fromID="E43" fromText="this operation" toID="E41" toText="a femoral-peroneal bypass" type="OVERLAP" />
<TLINK id="TL123" fromID="E43" fromText="this operation" toID="E44" toText="the procedure" type="OVERLAP" />
<TLINK id="TL124" fromID="E44" fromText="the procedure" toID="E41" toText="a femoral-peroneal bypass" type="OVERLAP" />
<TLINK id="TL125" fromID="E44" fromText="the procedure" toID="E43" toText="this operation" type="OVERLAP" />
<TLINK id="TL126" fromID="E51" fromText="Penicillin G" toID="E23" toText="Penicillin G" type="OVERLAP" />
<TLINK id="TL127" fromID="E51" fromText="Penicillin G" toID="E63" toText="his IV PCN G" type="OVERLAP" />
<TLINK id="TL128" fromID="E52" fromText="Clindamycin" toID="E24" toText="Clindamycin" type="OVERLAP" />
<TLINK id="TL129" fromID="E52" fromText="Clindamycin" toID="E64" toText="Clindamycin" type="OVERLAP" />
<TLINK id="TL130" fromID="E54" fromText="His wound" toID="E26" toText="his wound" type="OVERLAP" />
<TLINK id="TL131" fromID="E54" fromText="His wound" toID="E61" toText="a well-healing wound" type="OVERLAP" />
<TLINK id="TL132" fromID="E56" fromText="a VAC dressing" toID="E62" toText="a VAC dressing" type="OVERLAP" />
<TLINK id="TL133" fromID="E61" fromText="a well-healing wound" toID="E26" toText="his wound" type="OVERLAP" />
<TLINK id="TL134" fromID="E61" fromText="a well-healing wound" toID="E54" toText="His wound" type="OVERLAP" />
<TLINK id="TL135" fromID="E62" fromText="a VAC dressing" toID="E56" toText="a VAC dressing" type="OVERLAP" />
<TLINK id="TL136" fromID="E63" fromText="his IV PCN G" toID="E23" toText="Penicillin G" type="OVERLAP" />
<TLINK id="TL137" fromID="E63" fromText="his IV PCN G" toID="E51" toText="Penicillin G" type="OVERLAP" />
<TLINK id="TL138" fromID="E64" fromText="Clindamycin" toID="E24" toText="Clindamycin" type="OVERLAP" />
<TLINK id="TL139" fromID="E64" fromText="Clindamycin" toID="E52" toText="Clindamycin" type="OVERLAP" />
<TLINK id="TL140" fromID="T2" fromText="the Sunday" toID="E6" toText="gout" type="BEFORE" />
<TLINK id="TL141" fromID="E4" fromText="right foot pain" toID="E5" toText="admission" type="BEFORE" />
<TLINK id="TL142" fromID="E4" fromText="right foot pain" toID="E6" toText="gout" type="BEFORE" />
<TLINK id="TL143" fromID="E5" fromText="admission" toID="E4" toText="right foot pain" type="AFTER" />
<TLINK id="TL144" fromID="E6" fromText="gout" toID="T2" toText="the Sunday" type="AFTER" />
<TLINK id="TL145" fromID="E6" fromText="gout" toID="E4" toText="right foot pain" type="AFTER" />
<TLINK id="TL146" fromID="T3" fromText="the week" toID="E9" toText="more pain" type="OVERLAP" />
<TLINK id="TL147" fromID="T3" fromText="the week" toID="E11" toText="presented" type="BEFORE" />
<TLINK id="TL148" fromID="T3" fromText="the week" toID="E12" toText="the Youville Hospital" type="BEFORE" />
<TLINK id="TL149" fromID="E9" fromText="more pain" toID="T3" toText="the week" type="OVERLAP" />
<TLINK id="TL150" fromID="E11" fromText="presented" toID="T3" toText="the week" type="AFTER" />
<TLINK id="TL151" fromID="E12" fromText="the Youville Hospital" toID="T3" toText="the week" type="AFTER" />
<TLINK id="TL152" fromID="T5" fromText="03-18" toID="E17" toText="developing necrotizing fascitis" type="BEFORE" />
<TLINK id="TL153" fromID="E17" fromText="developing necrotizing fascitis" toID="T5" toText="03-18" type="AFTER" />
<TLINK id="TL154" fromID="E26" fromText="his wound" toID="E27" toText="Group A strep growth" type="OVERLAP" />
<TLINK id="TL155" fromID="E26" fromText="his wound" toID="E28" toText="the New England Baptist Hospital-Bryce cultures" type="OVERLAP" />
<TLINK id="TL156" fromID="E27" fromText="Group A strep growth" toID="E26" toText="his wound" type="OVERLAP" />
<TLINK id="TL157" fromID="E28" fromText="the New England Baptist Hospital-Bryce cultures" toID="E26" toText="his wound" type="OVERLAP" />
<TLINK id="TL158" fromID="T6" fromText="HD#2" toID="E30" toText="the floor" type="BEFORE" />
<TLINK id="TL159" fromID="E30" fromText="the floor" toID="T6" toText="HD#2" type="AFTER" />
<TLINK id="TL160" fromID="T8" fromText="HD#4" toID="E38" toText="showed" type="AFTER" />
<TLINK id="TL161" fromID="T8" fromText="HD#4" toID="E39" toText="severe tibial disease" type="AFTER" />
<TLINK id="TL162" fromID="T8" fromText="HD#4" toID="E40" toText="moderate SFA disease" type="AFTER" />
<TLINK id="TL163" fromID="E38" fromText="showed" toID="T8" toText="HD#4" type="BEFORE" />
<TLINK id="TL164" fromID="E38" fromText="showed" toID="E40" toText="moderate SFA disease" type="AFTER" />
<TLINK id="TL165" fromID="E39" fromText="severe tibial disease" toID="T8" toText="HD#4" type="BEFORE" />
<TLINK id="TL166" fromID="E40" fromText="moderate SFA disease" toID="T8" toText="HD#4" type="BEFORE" />
<TLINK id="TL167" fromID="E40" fromText="moderate SFA disease" toID="E38" toText="showed" type="BEFORE" />
<TLINK id="TL168" fromID="T11" fromText="a 01-28 week course" toID="E49" toText="followed" type="AFTER" />
<TLINK id="TL169" fromID="T11" fromText="a 01-28 week course" toID="E50" toText="Infectious Disease" type="AFTER" />
<TLINK id="TL170" fromID="T11" fromText="a 01-28 week course" toID="E53" toText="the skin flaps" type="AFTER" />
<TLINK id="TL171" fromID="E49" fromText="followed" toID="T11" toText="a 01-28 week course" type="BEFORE" />
<TLINK id="TL172" fromID="E49" fromText="followed" toID="E51" toText="Penicillin G" type="BEFORE" />
<TLINK id="TL173" fromID="E49" fromText="followed" toID="E53" toText="the skin flaps" type="OVERLAP" />
<TLINK id="TL174" fromID="E50" fromText="Infectious Disease" toID="T11" toText="a 01-28 week course" type="BEFORE" />
<TLINK id="TL175" fromID="E50" fromText="Infectious Disease" toID="E51" toText="Penicillin G" type="BEFORE" />
<TLINK id="TL176" fromID="E50" fromText="Infectious Disease" toID="E52" toText="Clindamycin" type="BEFORE" />
<TLINK id="TL177" fromID="E50" fromText="Infectious Disease" toID="E53" toText="the skin flaps" type="OVERLAP" />
<TLINK id="TL178" fromID="E51" fromText="Penicillin G" toID="E49" toText="followed" type="AFTER" />
<TLINK id="TL179" fromID="E51" fromText="Penicillin G" toID="E50" toText="Infectious Disease" type="AFTER" />
<TLINK id="TL180" fromID="E52" fromText="Clindamycin" toID="E50" toText="Infectious Disease" type="AFTER" />
<TLINK id="TL181" fromID="E53" fromText="the skin flaps" toID="T11" toText="a 01-28 week course" type="BEFORE" />
<TLINK id="TL182" fromID="E53" fromText="the skin flaps" toID="E49" toText="followed" type="OVERLAP" />
<TLINK id="TL183" fromID="E53" fromText="the skin flaps" toID="E50" toText="Infectious Disease" type="OVERLAP" />
<TLINK id="TL184" fromID="T12" fromText="POD #6" toID="E54" toText="His wound" type="AFTER" />
<TLINK id="TL185" fromID="T12" fromText="POD #6" toID="E55" toText="heal well" type="OVERLAP" />
<TLINK id="TL186" fromID="E54" fromText="His wound" toID="T12" toText="POD #6" type="BEFORE" />
<TLINK id="TL187" fromID="E54" fromText="His wound" toID="E56" toText="a VAC dressing" type="BEFORE" />
<TLINK id="TL188" fromID="E55" fromText="heal well" toID="T12" toText="POD #6" type="OVERLAP" />
<TLINK id="TL189" fromID="E55" fromText="heal well" toID="E56" toText="a VAC dressing" type="OVERLAP" />
<TLINK id="TL190" fromID="E56" fromText="a VAC dressing" toID="E54" toText="His wound" type="AFTER" />
<TLINK id="TL191" fromID="E56" fromText="a VAC dressing" toID="E55" toText="heal well" type="OVERLAP" />
<TLINK id="TL192" fromID="T14" fromText="the time" toID="E62" toText="a VAC dressing" type="OVERLAP" />
<TLINK id="TL193" fromID="T14" fromText="the time" toID="E63" toText="his IV PCN G" type="OVERLAP" />
<TLINK id="TL194" fromID="T14" fromText="the time" toID="E64" toText="Clindamycin" type="OVERLAP" />
<TLINK id="TL195" fromID="E59" fromText="good pain control" toID="E61" toText="a well-healing wound" type="OVERLAP" />
<TLINK id="TL196" fromID="E59" fromText="good pain control" toID="E62" toText="a VAC dressing" type="OVERLAP" />
<TLINK id="TL197" fromID="E59" fromText="good pain control" toID="E64" toText="Clindamycin" type="BEFORE" />
<TLINK id="TL198" fromID="E60" fromText="a regular diet" toID="E61" toText="a well-healing wound" type="OVERLAP" />
<TLINK id="TL199" fromID="E60" fromText="a regular diet" toID="E62" toText="a VAC dressing" type="OVERLAP" />
<TLINK id="TL200" fromID="E61" fromText="a well-healing wound" toID="E59" toText="good pain control" type="OVERLAP" />
<TLINK id="TL201" fromID="E61" fromText="a well-healing wound" toID="E60" toText="a regular diet" type="OVERLAP" />
<TLINK id="TL202" fromID="E62" fromText="a VAC dressing" toID="T14" toText="the time" type="OVERLAP" />
<TLINK id="TL203" fromID="E62" fromText="a VAC dressing" toID="E59" toText="good pain control" type="OVERLAP" />
<TLINK id="TL204" fromID="E62" fromText="a VAC dressing" toID="E60" toText="a regular diet" type="OVERLAP" />
<TLINK id="TL205" fromID="E63" fromText="his IV PCN G" toID="T14" toText="the time" type="OVERLAP" />
<TLINK id="TL206" fromID="E64" fromText="Clindamycin" toID="T14" toText="the time" type="OVERLAP" />
<TLINK id="TL207" fromID="E64" fromText="Clindamycin" toID="E59" toText="good pain control" type="AFTER" />
</TAGS>
</ClinicalNarrativeTemporalAnnotation>
