<?xml version="1.0" encoding="UTF-8" ?>
<ClinicalNarrativeTemporalAnnotation>
<TEXT><![CDATA[
Admission Date :
2009-08-17
Discharge Date :
2009-09-10
Service :
BLUE GENERAL SURGERY
HISTORY OF PRESENT ILLNESS :
Mr. Cordano is a 58-year-old gentlemen with a past medical history significant for primary sclerosing cholangitis who presented with a chief complaint of endoscopic retrograde cholangiopancreatography endoscopic retrograde cholangiopancreatography and percutaneous transhepatic cholangiogram .
The most recent percutaneous transluminal coronary angioplasty was done in 2009-07-25 .
At the time an 8 Caucasian catheter was placed in the common hepatic/bioduct for external drainage .
The endoscopic retrograde cholangiopancreatography also showed the presence proximal common bile duct .
Nodularities in the common bile duct visualized by endoscopic retrograde cholangiopancreatography was also worrisome for cholangiocarcinoma and the patient was admitted to the Blue General Surgery Service for possible surgical interventions .
HOSPITAL COURSE :
Mr. Cordano was admitted on 2009-08-17 for a replacement of transhepatic biliary drainage catheter .
At that time , cholangiogram confirmed that there was a distal stricture of the common bile duct .
An endoscopic retrograde cholangiopancreatography also demonstrated similar findings
and it is noted there was nodularity in the common bile duct which is worrisome for cholangiocarcinoma .
Therefore , the patient was taken to the Operating Room on 2009-08-24 for a Whipple procedure versus hepaticojejunostomy .
On exploration of the abdomen revealed significant nodularity of the liver indicating of advanced cirrhosis .
Intraoperative frozen section of the distal and proximal common bile duct in the
region nodularity , which is identified previously by endoscopic retrograde cholangiopancreatography , and regional lymph nodes were all sent to pathology .
They were all negative for malignancy and therefore a hepaticojejunostomy
was performed .
Cholangiogram on postoperative day number two showed no evidence of leakage at the anastomosis site .
The patient tolerated the procedure well and he was sent to the floor in stable condition .
The patient 's postoperative course was notable for an elevation in white blood cell count peaking at 30.0 on postoperative day number two .
He was given Unasyn for empiric antibiotic treatment .
At the time , blood , urine and bile was sent for culture , which were all negative .
A chest x-ray was also negative for any pneumonia .
Postoperatively , Mr. Cordano also suffered from low urine output ranges between 25 to 30 cc per hour .
Fractional excretion of sodium was less than 1% suggesting a prerenal etiology .
The sodium creatinine peaked at 2.0 and the patient was treated with boluses of intravenous fluid and intravenous albumin infusion was also administered .
He responded well to this regimen and made adequate urine output .
At the same time , the patient also developed distentions of the abdomen consistent with accumulation of ascitic fluid .
He also had significant lower extremity and scrotum edema .
On postoperative day number eight , the patient 's oxygen saturation dropped to 85% on room air and he was transferred to the Surgical Intensive Care Unit for fluid management .
Chest x-ray and sputum culture obtained at the time were negative and the patient was treated with 100% nonrebreather which improved his oxygenation .
While he is in the Surgical Intensive Care Unit , paracentesis was performed and it
revealed greater than 24,000 white blood cell count in the ascites which is consistent with SVT .
He was given Zosyn for empiric treatment .
Gram stain and culture of the ascites failed to identify any organism .
He was weaned from oxygen requirement and was continued on normal saline boluses and
intravenous albumin for treatment of prerenal azotemia .
Somatostatin and midodrine were also given for this condition and he also received packed red blood cells .
On postoperative day number ten , the patient returned to the floor with improved renal function and without oxygen requirement .
The somatostatin and the midodrine were discontinued and the regimen of Lasix and spironolactone was started for diuresis .
His creatinine levels trended toward normal and the fractional excretion of sodium also increased indicating a resolution of the prerenal kidney failure .
On postoperative day number 17 , the patient was discharged .
At the time he took good po .
He has a PICC line in place for continued treatment with Rocephin and he will have a visiting nurse to help him to administer these medications .
While in the hospital , the patient received initial work-up including echocardiogram , electrocardiogram and serology studies to be listed for liver transplant .
]]></TEXT>
<TAGS>
<EVENT id="E0" start="1" end="10" text="Admission" modality="FACTUAL" polarity="POS" type="OCCURRENCE" />
<EVENT id="E1" start="29" end="38" text="Discharge" modality="FACTUAL" polarity="POS" type="OCCURRENCE" />
<EVENT id="E2" start="200" end="230" text="primary sclerosing cholangitis" modality="FACTUAL" polarity="POS" type="PROBLEM" />
<EVENT id="E3" start="235" end="244" text="presented" modality="FACTUAL" polarity="POS" type="OCCURRENCE" />
<EVENT id="E4" start="271" end="364" text="endoscopic retrograde cholangiopancreatography endoscopic retrograde cholangiopancreatography" modality="FACTUAL" polarity="POS" type="TEST" />
<EVENT id="E5" start="369" end="408" text="percutaneous transhepatic cholangiogram" modality="FACTUAL" polarity="POS" type="TEST" />
<EVENT id="E6" start="411" end="473" text="The most recent percutaneous transluminal coronary angioplasty" modality="FACTUAL" polarity="POS" type="TREATMENT" />
<EVENT id="E7" start="511" end="534" text="an 8 Caucasian catheter" modality="FACTUAL" polarity="POS" type="TREATMENT" />
<EVENT id="E8" start="580" end="597" text="external drainage" modality="FACTUAL" polarity="POS" type="TREATMENT" />
<EVENT id="E9" start="600" end="650" text="The endoscopic retrograde cholangiopancreatography" modality="FACTUAL" polarity="POS" type="TEST" />
<EVENT id="E10" start="656" end="662" text="showed" modality="FACTUAL" polarity="POS" type="EVIDENTIAL" />
<EVENT id="E11" start="704" end="740" text="Nodularities in the common bile duct" modality="FACTUAL" polarity="POS" type="PROBLEM" />
<EVENT id="E12" start="755" end="801" text="endoscopic retrograde cholangiopancreatography" modality="FACTUAL" polarity="POS" type="TEST" />
<EVENT id="E13" start="825" end="843" text="cholangiocarcinoma" modality="POSSIBLE" polarity="POS" type="PROBLEM" />
<EVENT id="E14" start="864" end="872" text="admitted" modality="FACTUAL" polarity="POS" type="OCCURRENCE" />
<EVENT id="E15" start="876" end="908" text="the Blue General Surgery Service" modality="FACTUAL" polarity="POS" type="CLINICAL_DEPT" />
<EVENT id="E16" start="922" end="944" text="surgical interventions" modality="POSSIBLE" polarity="POS" type="TREATMENT" />
<EVENT id="E17" start="981" end="989" text="admitted" modality="FACTUAL" polarity="POS" type="OCCURRENCE" />
<EVENT id="E18" start="1008" end="1063" text="a replacement of transhepatic biliary drainage catheter" modality="FACTUAL" polarity="POS" type="TREATMENT" />
<EVENT id="E19" start="1081" end="1094" text="cholangiogram" modality="FACTUAL" polarity="POS" type="TEST" />
<EVENT id="E20" start="1120" end="1162" text="a distal stricture of the common bile duct" modality="FACTUAL" polarity="POS" type="PROBLEM" />
<EVENT id="E21" start="1165" end="1214" text="An endoscopic retrograde cholangiopancreatography" modality="FACTUAL" polarity="POS" type="TEST" />
<EVENT id="E22" start="1220" end="1232" text="demonstrated" modality="FACTUAL" polarity="POS" type="EVIDENTIAL" />
<EVENT id="E23" start="1276" end="1310" text="nodularity in the common bile duct" modality="FACTUAL" polarity="POS" type="PROBLEM" />
<EVENT id="E24" start="1334" end="1352" text="cholangiocarcinoma" modality="POSSIBLE" polarity="POS" type="PROBLEM" />
<EVENT id="E25" start="1392" end="1410" text="the Operating Room" modality="FACTUAL" polarity="POS" type="CLINICAL_DEPT" />
<EVENT id="E26" start="1429" end="1448" text="a Whipple procedure" modality="FACTUAL" polarity="POS" type="TREATMENT" />
<EVENT id="E27" start="1456" end="1475" text="hepaticojejunostomy" modality="FACTUAL" polarity="POS" type="TREATMENT" />
<EVENT id="E28" start="1481" end="1507" text="exploration of the abdomen" modality="FACTUAL" polarity="POS" type="TEST" />
<EVENT id="E29" start="1508" end="1516" text="revealed" modality="FACTUAL" polarity="POS" type="EVIDENTIAL" />
<EVENT id="E30" start="1517" end="1552" text="significant nodularity of the liver" modality="FACTUAL" polarity="POS" type="PROBLEM" />
<EVENT id="E31" start="1567" end="1585" text="advanced cirrhosis" modality="POSSIBLE" polarity="POS" type="PROBLEM" />
<EVENT id="E32" start="1603" end="1617" text="frozen section" modality="FACTUAL" polarity="POS" type="TEST" />
<EVENT id="E33" start="1669" end="1686" text="region nodularity" modality="FACTUAL" polarity="POS" type="PROBLEM" />
<EVENT id="E34" start="1723" end="1769" text="endoscopic retrograde cholangiopancreatography" modality="FACTUAL" polarity="POS" type="TEST" />
<EVENT id="E35" start="1785" end="1796" text="lymph nodes" modality="FACTUAL" polarity="POS" type="TEST" />
<EVENT id="E36" start="1853" end="1863" text="malignancy" modality="FACTUAL" polarity="NEG" type="PROBLEM" />
<EVENT id="E37" start="1878" end="1899" text="a hepaticojejunostomy" modality="FACTUAL" polarity="POS" type="TREATMENT" />
<EVENT id="E38" start="1916" end="1929" text="Cholangiogram" modality="FACTUAL" polarity="POS" type="TEST" />
<EVENT id="E39" start="1962" end="1968" text="showed" modality="FACTUAL" polarity="POS" type="EVIDENTIAL" />
<EVENT id="E40" start="1984" end="2015" text="leakage at the anastomosis site" modality="FACTUAL" polarity="NEG" type="PROBLEM" />
<EVENT id="E41" start="2030" end="2039" text="tolerated" modality="FACTUAL" polarity="POS" type="OCCURRENCE" />
<EVENT id="E42" start="2040" end="2053" text="the procedure" modality="FACTUAL" polarity="POS" type="TREATMENT" />
<EVENT id="E43" start="2078" end="2087" text="the floor" modality="FACTUAL" polarity="POS" type="CLINICAL_DEPT" />
<EVENT id="E44" start="2091" end="2107" text="stable condition" modality="FACTUAL" polarity="POS" type="OCCURRENCE" />
<EVENT id="E45" start="2125" end="2145" text="postoperative course" modality="FACTUAL" polarity="POS" type="OCCURRENCE" />
<EVENT id="E46" start="2162" end="2174" text="an elevation" modality="FACTUAL" polarity="POS" type="PROBLEM" />
<EVENT id="E47" start="2178" end="2200" text="white blood cell count" modality="FACTUAL" polarity="POS" type="TEST" />
<EVENT id="E48" start="2264" end="2270" text="Unasyn" modality="FACTUAL" polarity="POS" type="TREATMENT" />
<EVENT id="E49" start="2275" end="2303" text="empiric antibiotic treatment" modality="FACTUAL" polarity="POS" type="TREATMENT" />
<EVENT id="E50" start="2320" end="2325" text="blood" modality="FACTUAL" polarity="NEG" type="PROBLEM" />
<EVENT id="E51" start="2328" end="2333" text="urine" modality="FACTUAL" polarity="POS" type="TEST" />
<EVENT id="E52" start="2356" end="2363" text="culture" modality="FACTUAL" polarity="POS" type="TEST" />
<EVENT id="E53" start="2377" end="2389" text="all negative" modality="FACTUAL" polarity="NEG" type="OCCURRENCE" />
<EVENT id="E54" start="2392" end="2405" text="A chest x-ray" modality="FACTUAL" polarity="POS" type="TEST" />
<EVENT id="E55" start="2428" end="2441" text="any pneumonia" modality="FACTUAL" polarity="NEG" type="PROBLEM" />
<EVENT id="E56" start="2493" end="2516" text="low urine output ranges" modality="FACTUAL" polarity="POS" type="PROBLEM" />
<EVENT id="E57" start="2548" end="2578" text="Fractional excretion of sodium" modality="FACTUAL" polarity="POS" type="TEST" />
<EVENT id="E58" start="2607" end="2626" text="a prerenal etiology" modality="POSSIBLE" polarity="POS" type="PROBLEM" />
<EVENT id="E59" start="2629" end="2650" text="The sodium creatinine" modality="FACTUAL" polarity="POS" type="TEST" />
<EVENT id="E60" start="2698" end="2726" text="boluses of intravenous fluid" modality="FACTUAL" polarity="POS" type="TREATMENT" />
<EVENT id="E61" start="2731" end="2759" text="intravenous albumin infusion" modality="FACTUAL" polarity="POS" type="TREATMENT" />
<EVENT id="E62" start="2787" end="2801" text="responded well" modality="FACTUAL" polarity="POS" type="OCCURRENCE" />
<EVENT id="E63" start="2805" end="2817" text="this regimen" modality="FACTUAL" polarity="POS" type="TREATMENT" />
<EVENT id="E64" start="2836" end="2848" text="urine output" modality="FACTUAL" polarity="POS" type="TEST" />
<EVENT id="E65" start="2897" end="2923" text="distentions of the abdomen" modality="FACTUAL" polarity="POS" type="PROBLEM" />
<EVENT id="E66" start="2940" end="2969" text="accumulation of ascitic fluid" modality="FACTUAL" polarity="POS" type="PROBLEM" />
<EVENT id="E67" start="2984" end="3029" text="significant lower extremity and scrotum edema" modality="FACTUAL" polarity="POS" type="PROBLEM" />
<EVENT id="E68" start="3068" end="3100" text="the patient 's oxygen saturation" modality="FACTUAL" polarity="POS" type="TEST" />
<EVENT id="E69" start="3139" end="3150" text="transferred" modality="FACTUAL" polarity="POS" type="OCCURRENCE" />
<EVENT id="E70" start="3154" end="3186" text="the Surgical Intensive Care Unit" modality="FACTUAL" polarity="POS" type="CLINICAL_DEPT" />
<EVENT id="E71" start="3191" end="3207" text="fluid management" modality="FACTUAL" polarity="POS" type="TREATMENT" />
<EVENT id="E72" start="3210" end="3221" text="Chest x-ray" modality="FACTUAL" polarity="POS" type="TEST" />
<EVENT id="E73" start="3226" end="3240" text="sputum culture" modality="FACTUAL" polarity="POS" type="TEST" />
<EVENT id="E74" start="3309" end="3327" text="100% nonrebreather" modality="FACTUAL" polarity="POS" type="TREATMENT" />
<EVENT id="E75" start="3343" end="3358" text="his oxygenation" modality="FACTUAL" polarity="POS" type="TEST" />
<EVENT id="E76" start="3376" end="3408" text="the Surgical Intensive Care Unit" modality="FACTUAL" polarity="POS" type="CLINICAL_DEPT" />
<EVENT id="E77" start="3411" end="3423" text="paracentesis" modality="FACTUAL" polarity="POS" type="TEST" />
<EVENT id="E78" start="3445" end="3453" text="revealed" modality="FACTUAL" polarity="POS" type="EVIDENTIAL" />
<EVENT id="E79" start="3474" end="3496" text="white blood cell count" modality="FACTUAL" polarity="POS" type="TEST" />
<EVENT id="E80" start="3500" end="3511" text="the ascites" modality="FACTUAL" polarity="POS" type="PROBLEM" />
<EVENT id="E81" start="3537" end="3540" text="SVT" modality="FACTUAL" polarity="POS" type="PROBLEM" />
<EVENT id="E82" start="3556" end="3561" text="Zosyn" modality="FACTUAL" polarity="POS" type="TREATMENT" />
<EVENT id="E83" start="3566" end="3583" text="empiric treatment" modality="FACTUAL" polarity="POS" type="TREATMENT" />
<EVENT id="E84" start="3586" end="3596" text="Gram stain" modality="FACTUAL" polarity="POS" type="TEST" />
<EVENT id="E85" start="3601" end="3608" text="culture" modality="FACTUAL" polarity="POS" type="TEST" />
<EVENT id="E86" start="3612" end="3623" text="the ascites" modality="FACTUAL" polarity="POS" type="PROBLEM" />
<EVENT id="E87" start="3643" end="3655" text="any organism" modality="FACTUAL" polarity="NEG" type="PROBLEM" />
<EVENT id="E88" start="3665" end="3671" text="weaned" modality="FACTUAL" polarity="POS" type="OCCURRENCE" />
<EVENT id="E89" start="3677" end="3695" text="oxygen requirement" modality="FACTUAL" polarity="POS" type="PROBLEM" />
<EVENT id="E90" start="3717" end="3738" text="normal saline boluses" modality="FACTUAL" polarity="POS" type="TREATMENT" />
<EVENT id="E91" start="3743" end="3762" text="intravenous albumin" modality="FACTUAL" polarity="POS" type="TREATMENT" />
<EVENT id="E92" start="3767" end="3776" text="treatment" modality="FACTUAL" polarity="POS" type="TREATMENT" />
<EVENT id="E93" start="3780" end="3797" text="prerenal azotemia" modality="FACTUAL" polarity="POS" type="PROBLEM" />
<EVENT id="E94" start="3800" end="3812" text="Somatostatin" modality="FACTUAL" polarity="POS" type="TREATMENT" />
<EVENT id="E95" start="3817" end="3826" text="midodrine" modality="FACTUAL" polarity="POS" type="TREATMENT" />
<EVENT id="E96" start="3847" end="3861" text="this condition" modality="FACTUAL" polarity="POS" type="PROBLEM" />
<EVENT id="E97" start="3883" end="3905" text="packed red blood cells" modality="FACTUAL" polarity="POS" type="TREATMENT" />
<EVENT id="E98" start="3966" end="3975" text="the floor" modality="FACTUAL" polarity="POS" type="CLINICAL_DEPT" />
<EVENT id="E99" start="3981" end="4004" text="improved renal function" modality="FACTUAL" polarity="NEG" type="OCCURRENCE" />
<EVENT id="E100" start="4017" end="4035" text="oxygen requirement" modality="FACTUAL" polarity="NEG" type="PROBLEM" />
<EVENT id="E101" start="4038" end="4054" text="The somatostatin" modality="FACTUAL" polarity="POS" type="TREATMENT" />
<EVENT id="E102" start="4059" end="4072" text="the midodrine" modality="FACTUAL" polarity="NEG" type="TREATMENT" />
<EVENT id="E103" start="4095" end="4106" text="the regimen" modality="FACTUAL" polarity="NEG" type="TREATMENT" />
<EVENT id="E104" start="4110" end="4115" text="Lasix" modality="FACTUAL" polarity="POS" type="TREATMENT" />
<EVENT id="E105" start="4120" end="4134" text="spironolactone" modality="FACTUAL" polarity="POS" type="TREATMENT" />
<EVENT id="E106" start="4151" end="4159" text="diuresis" modality="FACTUAL" polarity="POS" type="TREATMENT" />
<EVENT id="E107" start="4162" end="4183" text="His creatinine levels" modality="FACTUAL" polarity="POS" type="TEST" />
<EVENT id="E108" start="4210" end="4244" text="the fractional excretion of sodium" modality="FACTUAL" polarity="POS" type="TEST" />
<EVENT id="E109" start="4250" end="4259" text="increased" modality="FACTUAL" polarity="POS" type="PROBLEM" />
<EVENT id="E110" start="4287" end="4314" text="the prerenal kidney failure" modality="FACTUAL" polarity="POS" type="PROBLEM" />
<EVENT id="E111" start="4366" end="4376" text="discharged" modality="FACTUAL" polarity="POS" type="OCCURRENCE" />
<EVENT id="E112" start="4399" end="4406" text="good po" modality="FACTUAL" polarity="POS" type="OCCURRENCE" />
<EVENT id="E113" start="4416" end="4427" text="a PICC line" modality="FACTUAL" polarity="POS" type="TREATMENT" />
<EVENT id="E114" start="4451" end="4460" text="treatment" modality="FACTUAL" polarity="POS" type="TREATMENT" />
<EVENT id="E115" start="4466" end="4474" text="Rocephin" modality="FACTUAL" polarity="POS" type="TREATMENT" />
<EVENT id="E116" start="4535" end="4552" text="these medications" modality="FACTUAL" polarity="POS" type="TREATMENT" />
<EVENT id="E117" start="4564" end="4576" text="the hospital" modality="FACTUAL" polarity="POS" type="CLINICAL_DEPT" />
<EVENT id="E118" start="4600" end="4615" text="initial work-up" modality="FACTUAL" polarity="POS" type="TEST" />
<EVENT id="E119" start="4626" end="4640" text="echocardiogram" modality="FACTUAL" polarity="POS" type="TEST" />
<EVENT id="E120" start="4643" end="4660" text="electrocardiogram" modality="FACTUAL" polarity="POS" type="TEST" />
<EVENT id="E121" start="4665" end="4681" text="serology studies" modality="FACTUAL" polarity="POS" type="TEST" />
<EVENT id="E122" start="4699" end="4715" text="liver transplant" modality="FACTUAL" polarity="POS" type="TREATMENT" />
<TIMEX3 id="T0" start="18" end="28" text="2009-08-17" type="DATE" val="2009-08-17" mod="NA" />
<TIMEX3 id="T1" start="46" end="56" text="2009-09-10" type="DATE" val="2009-09-10" mod="NA" />
<TIMEX3 id="T2" start="486" end="496" text="2009-07-25" type="DATE" val="2009-07-25" mod="NA" />
<TIMEX3 id="T3" start="502" end="510" text="the time" type="DATE" val="2009-07-25" mod="NA" />
<TIMEX3 id="T4" start="993" end="1003" text="2009-08-17" type="DATE" val="2009-08-17" mod="NA" />
<TIMEX3 id="T5" start="1069" end="1078" text="that time" type="DATE" val="2009-08-17" mod="NA" />
<TIMEX3 id="T6" start="1414" end="1424" text="2009-08-24" type="DATE" val="2009-08-24" mod="NA" />
<TIMEX3 id="T7" start="1933" end="1961" text="postoperative day number two" type="DATE" val="2009-08-26" mod="NA" />
<TIMEX3 id="T8" start="2220" end="2248" text="postoperative day number two" type="DATE" val="2009-08-26" mod="NA" />
<TIMEX3 id="T9" start="2309" end="2317" text="the time" type="DATE" val="2009-08-26" mod="NA" />
<TIMEX3 id="T10" start="2537" end="2545" text="per hour" type="FREQUENCY" val="RPT1H" mod="NA" />
<TIMEX3 id="T11" start="2854" end="2867" text="the same time" type="DATE" val="2009-09-01" mod="NA" />
<TIMEX3 id="T12" start="3035" end="3065" text="postoperative day number eight" type="DATE" val="2009-09-01" mod="NA" />
<TIMEX3 id="T13" start="3911" end="3939" text="postoperative day number ten" type="DATE" val="2009-09-03" mod="NA" />
<TIMEX3 id="T14" start="4320" end="4347" text="postoperative day number 17" type="DATE" val="2009-09-10" mod="NA" />
<TIMEX3 id="T15" start="4382" end="4390" text="the time" type="DATE" val="2009-09-10" mod="NA" />
<TLINK id="TL0" fromID="E3" fromText="presented" toID="E4" toText="endoscopic retrograde cholangiopancreatography endoscopic retrograde cholangiopancreatography" type="OVERLAP" />
<TLINK id="TL1" fromID="E4" fromText="endoscopic retrograde cholangiopancreatography endoscopic retrograde cholangiopancreatography" toID="E3" toText="presented" type="OVERLAP" />
<TLINK id="TL2" fromID="E4" fromText="endoscopic retrograde cholangiopancreatography endoscopic retrograde cholangiopancreatography" toID="E5" toText="percutaneous transhepatic cholangiogram" type="OVERLAP" />
<TLINK id="TL3" fromID="E5" fromText="percutaneous transhepatic cholangiogram" toID="E4" toText="endoscopic retrograde cholangiopancreatography endoscopic retrograde cholangiopancreatography" type="OVERLAP" />
<TLINK id="TL4" fromID="E7" fromText="an 8 Caucasian catheter" toID="E8" toText="external drainage" type="OVERLAP" />
<TLINK id="TL5" fromID="E8" fromText="external drainage" toID="E7" toText="an 8 Caucasian catheter" type="OVERLAP" />
<TLINK id="TL6" fromID="E9" fromText="The endoscopic retrograde cholangiopancreatography" toID="E10" toText="showed" type="OVERLAP" />
<TLINK id="TL7" fromID="E10" fromText="showed" toID="E9" toText="The endoscopic retrograde cholangiopancreatography" type="OVERLAP" />
<TLINK id="TL8" fromID="E11" fromText="Nodularities in the common bile duct" toID="E12" toText="endoscopic retrograde cholangiopancreatography" type="OVERLAP" />
<TLINK id="TL9" fromID="E12" fromText="endoscopic retrograde cholangiopancreatography" toID="E11" toText="Nodularities in the common bile duct" type="OVERLAP" />
<TLINK id="TL10" fromID="E14" fromText="admitted" toID="E15" toText="the Blue General Surgery Service" type="BEFORE" />
<TLINK id="TL11" fromID="E15" fromText="the Blue General Surgery Service" toID="E14" toText="admitted" type="AFTER" />
<TLINK id="TL12" fromID="E15" fromText="the Blue General Surgery Service" toID="E16" toText="surgical interventions" type="BEFORE" />
<TLINK id="TL13" fromID="E16" fromText="surgical interventions" toID="E15" toText="the Blue General Surgery Service" type="AFTER" />
<TLINK id="TL14" fromID="E19" fromText="cholangiogram" toID="E20" toText="a distal stricture of the common bile duct" type="AFTER" />
<TLINK id="TL15" fromID="E20" fromText="a distal stricture of the common bile duct" toID="E19" toText="cholangiogram" type="BEFORE" />
<TLINK id="TL16" fromID="E21" fromText="An endoscopic retrograde cholangiopancreatography" toID="E22" toText="demonstrated" type="OVERLAP" />
<TLINK id="TL17" fromID="E22" fromText="demonstrated" toID="E21" toText="An endoscopic retrograde cholangiopancreatography" type="OVERLAP" />
<TLINK id="TL18" fromID="E23" fromText="nodularity in the common bile duct" toID="E24" toText="cholangiocarcinoma" type="OVERLAP" />
<TLINK id="TL19" fromID="E24" fromText="cholangiocarcinoma" toID="E23" toText="nodularity in the common bile duct" type="OVERLAP" />
<TLINK id="TL20" fromID="E25" fromText="the Operating Room" toID="E26" toText="a Whipple procedure" type="OVERLAP" />
<TLINK id="TL21" fromID="E26" fromText="a Whipple procedure" toID="E25" toText="the Operating Room" type="OVERLAP" />
<TLINK id="TL22" fromID="E26" fromText="a Whipple procedure" toID="E27" toText="hepaticojejunostomy" type="OVERLAP" />
<TLINK id="TL23" fromID="E27" fromText="hepaticojejunostomy" toID="E26" toText="a Whipple procedure" type="OVERLAP" />
<TLINK id="TL24" fromID="E28" fromText="exploration of the abdomen" toID="E29" toText="revealed" type="OVERLAP" />
<TLINK id="TL25" fromID="E29" fromText="revealed" toID="E28" toText="exploration of the abdomen" type="OVERLAP" />
<TLINK id="TL26" fromID="E29" fromText="revealed" toID="E30" toText="significant nodularity of the liver" type="AFTER" />
<TLINK id="TL27" fromID="E30" fromText="significant nodularity of the liver" toID="E29" toText="revealed" type="BEFORE" />
<TLINK id="TL28" fromID="E30" fromText="significant nodularity of the liver" toID="E31" toText="advanced cirrhosis" type="OVERLAP" />
<TLINK id="TL29" fromID="E31" fromText="advanced cirrhosis" toID="E30" toText="significant nodularity of the liver" type="OVERLAP" />
<TLINK id="TL30" fromID="E33" fromText="region nodularity" toID="E34" toText="endoscopic retrograde cholangiopancreatography" type="AFTER" />
<TLINK id="TL31" fromID="E34" fromText="endoscopic retrograde cholangiopancreatography" toID="E33" toText="region nodularity" type="BEFORE" />
<TLINK id="TL32" fromID="E38" fromText="Cholangiogram" toID="E39" toText="showed" type="OVERLAP" />
<TLINK id="TL33" fromID="E39" fromText="showed" toID="E38" toText="Cholangiogram" type="OVERLAP" />
<TLINK id="TL34" fromID="E41" fromText="tolerated" toID="E42" toText="the procedure" type="OVERLAP" />
<TLINK id="TL35" fromID="E42" fromText="the procedure" toID="E41" toText="tolerated" type="OVERLAP" />
<TLINK id="TL36" fromID="E43" fromText="the floor" toID="E44" toText="stable condition" type="OVERLAP" />
<TLINK id="TL37" fromID="E44" fromText="stable condition" toID="E43" toText="the floor" type="OVERLAP" />
<TLINK id="TL38" fromID="E45" fromText="postoperative course" toID="E46" toText="an elevation" type="OVERLAP" />
<TLINK id="TL39" fromID="E46" fromText="an elevation" toID="E45" toText="postoperative course" type="OVERLAP" />
<TLINK id="TL40" fromID="E46" fromText="an elevation" toID="E47" toText="white blood cell count" type="OVERLAP" />
<TLINK id="TL41" fromID="E47" fromText="white blood cell count" toID="E46" toText="an elevation" type="OVERLAP" />
<TLINK id="TL42" fromID="E48" fromText="Unasyn" toID="E49" toText="empiric antibiotic treatment" type="OVERLAP" />
<TLINK id="TL43" fromID="E49" fromText="empiric antibiotic treatment" toID="E48" toText="Unasyn" type="OVERLAP" />
<TLINK id="TL44" fromID="E51" fromText="urine" toID="E52" toText="culture" type="OVERLAP" />
<TLINK id="TL45" fromID="E52" fromText="culture" toID="E51" toText="urine" type="OVERLAP" />
<TLINK id="TL46" fromID="E52" fromText="culture" toID="E53" toText="all negative" type="OVERLAP" />
<TLINK id="TL47" fromID="E53" fromText="all negative" toID="E52" toText="culture" type="OVERLAP" />
<TLINK id="TL48" fromID="E54" fromText="A chest x-ray" toID="E55" toText="any pneumonia" type="OVERLAP" />
<TLINK id="TL49" fromID="E55" fromText="any pneumonia" toID="E54" toText="A chest x-ray" type="OVERLAP" />
<TLINK id="TL50" fromID="E57" fromText="Fractional excretion of sodium" toID="E58" toText="a prerenal etiology" type="OVERLAP" />
<TLINK id="TL51" fromID="E58" fromText="a prerenal etiology" toID="E57" toText="Fractional excretion of sodium" type="OVERLAP" />
<TLINK id="TL52" fromID="E59" fromText="The sodium creatinine" toID="E60" toText="boluses of intravenous fluid" type="OVERLAP" />
<TLINK id="TL53" fromID="E60" fromText="boluses of intravenous fluid" toID="E59" toText="The sodium creatinine" type="OVERLAP" />
<TLINK id="TL54" fromID="E60" fromText="boluses of intravenous fluid" toID="E61" toText="intravenous albumin infusion" type="OVERLAP" />
<TLINK id="TL55" fromID="E61" fromText="intravenous albumin infusion" toID="E60" toText="boluses of intravenous fluid" type="OVERLAP" />
<TLINK id="TL56" fromID="E62" fromText="responded well" toID="E63" toText="this regimen" type="AFTER" />
<TLINK id="TL57" fromID="E63" fromText="this regimen" toID="E62" toText="responded well" type="BEFORE" />
<TLINK id="TL58" fromID="E65" fromText="distentions of the abdomen" toID="E66" toText="accumulation of ascitic fluid" type="OVERLAP" />
<TLINK id="TL59" fromID="E66" fromText="accumulation of ascitic fluid" toID="E65" toText="distentions of the abdomen" type="OVERLAP" />
<TLINK id="TL60" fromID="E69" fromText="transferred" toID="E70" toText="the Surgical Intensive Care Unit" type="BEFORE" />
<TLINK id="TL61" fromID="E70" fromText="the Surgical Intensive Care Unit" toID="E69" toText="transferred" type="AFTER" />
<TLINK id="TL62" fromID="E70" fromText="the Surgical Intensive Care Unit" toID="E71" toText="fluid management" type="OVERLAP" />
<TLINK id="TL63" fromID="E71" fromText="fluid management" toID="E70" toText="the Surgical Intensive Care Unit" type="OVERLAP" />
<TLINK id="TL64" fromID="E72" fromText="Chest x-ray" toID="E73" toText="sputum culture" type="OVERLAP" />
<TLINK id="TL65" fromID="E73" fromText="sputum culture" toID="E72" toText="Chest x-ray" type="OVERLAP" />
<TLINK id="TL66" fromID="E73" fromText="sputum culture" toID="E74" toText="100% nonrebreather" type="OVERLAP" />
<TLINK id="TL67" fromID="E74" fromText="100% nonrebreather" toID="E73" toText="sputum culture" type="OVERLAP" />
<TLINK id="TL68" fromID="E74" fromText="100% nonrebreather" toID="E75" toText="his oxygenation" type="OVERLAP" />
<TLINK id="TL69" fromID="E75" fromText="his oxygenation" toID="E74" toText="100% nonrebreather" type="OVERLAP" />
<TLINK id="TL70" fromID="E76" fromText="the Surgical Intensive Care Unit" toID="E77" toText="paracentesis" type="OVERLAP" />
<TLINK id="TL71" fromID="E77" fromText="paracentesis" toID="E76" toText="the Surgical Intensive Care Unit" type="OVERLAP" />
<TLINK id="TL72" fromID="E79" fromText="white blood cell count" toID="E80" toText="the ascites" type="OVERLAP" />
<TLINK id="TL73" fromID="E80" fromText="the ascites" toID="E79" toText="white blood cell count" type="OVERLAP" />
<TLINK id="TL74" fromID="E80" fromText="the ascites" toID="E81" toText="SVT" type="OVERLAP" />
<TLINK id="TL75" fromID="E81" fromText="SVT" toID="E80" toText="the ascites" type="OVERLAP" />
<TLINK id="TL76" fromID="E82" fromText="Zosyn" toID="E83" toText="empiric treatment" type="OVERLAP" />
<TLINK id="TL77" fromID="E83" fromText="empiric treatment" toID="E82" toText="Zosyn" type="OVERLAP" />
<TLINK id="TL78" fromID="E84" fromText="Gram stain" toID="E85" toText="culture" type="OVERLAP" />
<TLINK id="TL79" fromID="E85" fromText="culture" toID="E84" toText="Gram stain" type="OVERLAP" />
<TLINK id="TL80" fromID="E85" fromText="culture" toID="E86" toText="the ascites" type="AFTER" />
<TLINK id="TL81" fromID="E86" fromText="the ascites" toID="E85" toText="culture" type="BEFORE" />
<TLINK id="TL82" fromID="E86" fromText="the ascites" toID="E87" toText="any organism" type="OVERLAP" />
<TLINK id="TL83" fromID="E87" fromText="any organism" toID="E86" toText="the ascites" type="OVERLAP" />
<TLINK id="TL84" fromID="E88" fromText="weaned" toID="E89" toText="oxygen requirement" type="AFTER" />
<TLINK id="TL85" fromID="E89" fromText="oxygen requirement" toID="E88" toText="weaned" type="BEFORE" />
<TLINK id="TL86" fromID="E91" fromText="intravenous albumin" toID="E92" toText="treatment" type="OVERLAP" />
<TLINK id="TL87" fromID="E92" fromText="treatment" toID="E91" toText="intravenous albumin" type="OVERLAP" />
<TLINK id="TL88" fromID="E92" fromText="treatment" toID="E93" toText="prerenal azotemia" type="AFTER" />
<TLINK id="TL89" fromID="E93" fromText="prerenal azotemia" toID="E92" toText="treatment" type="BEFORE" />
<TLINK id="TL90" fromID="E94" fromText="Somatostatin" toID="E95" toText="midodrine" type="OVERLAP" />
<TLINK id="TL91" fromID="E95" fromText="midodrine" toID="E94" toText="Somatostatin" type="OVERLAP" />
<TLINK id="TL92" fromID="E95" fromText="midodrine" toID="E96" toText="this condition" type="AFTER" />
<TLINK id="TL93" fromID="E96" fromText="this condition" toID="E95" toText="midodrine" type="BEFORE" />
<TLINK id="TL94" fromID="E98" fromText="the floor" toID="E99" toText="improved renal function" type="OVERLAP" />
<TLINK id="TL95" fromID="E99" fromText="improved renal function" toID="E98" toText="the floor" type="OVERLAP" />
<TLINK id="TL96" fromID="E101" fromText="The somatostatin" toID="E102" toText="the midodrine" type="OVERLAP" />
<TLINK id="TL97" fromID="E102" fromText="the midodrine" toID="E101" toText="The somatostatin" type="OVERLAP" />
<TLINK id="TL98" fromID="E103" fromText="the regimen" toID="E104" toText="Lasix" type="OVERLAP" />
<TLINK id="TL99" fromID="E104" fromText="Lasix" toID="E103" toText="the regimen" type="OVERLAP" />
<TLINK id="TL100" fromID="E104" fromText="Lasix" toID="E105" toText="spironolactone" type="OVERLAP" />
<TLINK id="TL101" fromID="E105" fromText="spironolactone" toID="E104" toText="Lasix" type="OVERLAP" />
<TLINK id="TL102" fromID="E105" fromText="spironolactone" toID="E106" toText="diuresis" type="AFTER" />
<TLINK id="TL103" fromID="E106" fromText="diuresis" toID="E105" toText="spironolactone" type="BEFORE" />
<TLINK id="TL104" fromID="E107" fromText="His creatinine levels" toID="E108" toText="the fractional excretion of sodium" type="OVERLAP" />
<TLINK id="TL105" fromID="E108" fromText="the fractional excretion of sodium" toID="E107" toText="His creatinine levels" type="OVERLAP" />
<TLINK id="TL106" fromID="E109" fromText="increased" toID="E110" toText="the prerenal kidney failure" type="OVERLAP" />
<TLINK id="TL107" fromID="E110" fromText="the prerenal kidney failure" toID="E109" toText="increased" type="OVERLAP" />
<TLINK id="TL108" fromID="E113" fromText="a PICC line" toID="E114" toText="treatment" type="OVERLAP" />
<TLINK id="TL109" fromID="E114" fromText="treatment" toID="E113" toText="a PICC line" type="OVERLAP" />
<TLINK id="TL110" fromID="E114" fromText="treatment" toID="E115" toText="Rocephin" type="OVERLAP" />
<TLINK id="TL111" fromID="E115" fromText="Rocephin" toID="E114" toText="treatment" type="OVERLAP" />
<TLINK id="TL112" fromID="E115" fromText="Rocephin" toID="E116" toText="these medications" type="OVERLAP" />
<TLINK id="TL113" fromID="E116" fromText="these medications" toID="E115" toText="Rocephin" type="OVERLAP" />
<TLINK id="TL114" fromID="E117" fromText="the hospital" toID="E118" toText="initial work-up" type="OVERLAP" />
<TLINK id="TL115" fromID="E118" fromText="initial work-up" toID="E117" toText="the hospital" type="OVERLAP" />
<TLINK id="TL116" fromID="E118" fromText="initial work-up" toID="E119" toText="echocardiogram" type="OVERLAP" />
<TLINK id="TL117" fromID="E119" fromText="echocardiogram" toID="E118" toText="initial work-up" type="OVERLAP" />
<TLINK id="TL118" fromID="E119" fromText="echocardiogram" toID="E120" toText="electrocardiogram" type="OVERLAP" />
<TLINK id="TL119" fromID="E120" fromText="electrocardiogram" toID="E119" toText="echocardiogram" type="OVERLAP" />
<TLINK id="TL120" fromID="E120" fromText="electrocardiogram" toID="E121" toText="serology studies" type="OVERLAP" />
<TLINK id="TL121" fromID="E121" fromText="serology studies" toID="E120" toText="electrocardiogram" type="OVERLAP" />
<TLINK id="TL122" fromID="E6" fromText="The most recent percutaneous transluminal coronary angioplasty" toID="T2" toText="2009-07-25" type="OVERLAP" />
<TLINK id="TL123" fromID="T2" fromText="2009-07-25" toID="E6" toText="The most recent percutaneous transluminal coronary angioplasty" type="OVERLAP" />
<TLINK id="TL124" fromID="T3" fromText="the time" toID="E7" toText="an 8 Caucasian catheter" type="OVERLAP" />
<TLINK id="TL125" fromID="E7" fromText="an 8 Caucasian catheter" toID="T3" toText="the time" type="OVERLAP" />
<TLINK id="TL126" fromID="E17" fromText="admitted" toID="T4" toText="2009-08-17" type="OVERLAP" />
<TLINK id="TL127" fromID="T4" fromText="2009-08-17" toID="E17" toText="admitted" type="OVERLAP" />
<TLINK id="TL128" fromID="T5" fromText="that time" toID="E19" toText="cholangiogram" type="OVERLAP" />
<TLINK id="TL129" fromID="E19" fromText="cholangiogram" toID="T5" toText="that time" type="OVERLAP" />
<TLINK id="TL130" fromID="E25" fromText="the Operating Room" toID="T6" toText="2009-08-24" type="OVERLAP" />
<TLINK id="TL131" fromID="T6" fromText="2009-08-24" toID="E25" toText="the Operating Room" type="OVERLAP" />
<TLINK id="TL132" fromID="E38" fromText="Cholangiogram" toID="T7" toText="postoperative day number two" type="OVERLAP" />
<TLINK id="TL133" fromID="T7" fromText="postoperative day number two" toID="E38" toText="Cholangiogram" type="OVERLAP" />
<TLINK id="TL134" fromID="E47" fromText="white blood cell count" toID="T8" toText="postoperative day number two" type="OVERLAP" />
<TLINK id="TL135" fromID="T8" fromText="postoperative day number two" toID="E47" toText="white blood cell count" type="OVERLAP" />
<TLINK id="TL136" fromID="T9" fromText="the time" toID="E50" toText="blood" type="OVERLAP" />
<TLINK id="TL137" fromID="T9" fromText="the time" toID="E51" toText="urine" type="OVERLAP" />
<TLINK id="TL138" fromID="E50" fromText="blood" toID="T9" toText="the time" type="OVERLAP" />
<TLINK id="TL139" fromID="E51" fromText="urine" toID="T9" toText="the time" type="OVERLAP" />
<TLINK id="TL140" fromID="E56" fromText="low urine output ranges" toID="T10" toText="per hour" type="OVERLAP" />
<TLINK id="TL141" fromID="T10" fromText="per hour" toID="E56" toText="low urine output ranges" type="OVERLAP" />
<TLINK id="TL142" fromID="T11" fromText="the same time" toID="E65" toText="distentions of the abdomen" type="OVERLAP" />
<TLINK id="TL143" fromID="E65" fromText="distentions of the abdomen" toID="T11" toText="the same time" type="OVERLAP" />
<TLINK id="TL144" fromID="T12" fromText="postoperative day number eight" toID="E68" toText="the patient 's oxygen saturation" type="OVERLAP" />
<TLINK id="TL145" fromID="E68" fromText="the patient 's oxygen saturation" toID="T12" toText="postoperative day number eight" type="OVERLAP" />
<TLINK id="TL146" fromID="T13" fromText="postoperative day number ten" toID="E98" toText="the floor" type="OVERLAP" />
<TLINK id="TL147" fromID="E98" fromText="the floor" toID="T13" toText="postoperative day number ten" type="OVERLAP" />
<TLINK id="TL148" fromID="T14" fromText="postoperative day number 17" toID="E111" toText="discharged" type="OVERLAP" />
<TLINK id="TL149" fromID="E111" fromText="discharged" toID="T14" toText="postoperative day number 17" type="OVERLAP" />
<TLINK id="TL150" fromID="T15" fromText="the time" toID="E112" toText="good po" type="OVERLAP" />
<TLINK id="TL151" fromID="E112" fromText="good po" toID="T15" toText="the time" type="OVERLAP" />
<TLINK id="SECTIME0" fromID="T0" fromText="2009-08-17" toID="E2" toText="primary sclerosing cholangitis" type="AFTER" />
<TLINK id="SECTIME1" fromID="T0" fromText="2009-08-17" toID="E3" toText="presented" type="AFTER" />
<TLINK id="SECTIME2" fromID="T0" fromText="2009-08-17" toID="E4" toText="endoscopic retrograde cholangiopancreatography endoscopic retrograde cholangiopancreatography" type="AFTER" />
<TLINK id="SECTIME3" fromID="T0" fromText="2009-08-17" toID="E5" toText="percutaneous transhepatic cholangiogram" type="AFTER" />
<TLINK id="SECTIME4" fromID="T0" fromText="2009-08-17" toID="E6" toText="The most recent percutaneous transluminal coronary angioplasty" type="AFTER" />
<TLINK id="TL152" fromID="T0" fromText="2009-08-17" toID="T2" toText="2009-07-25" type="AFTER" />
<TLINK id="TL153" fromID="T0" fromText="2009-08-17" toID="T3" toText="the time" type="AFTER" />
<TLINK id="SECTIME5" fromID="T0" fromText="2009-08-17" toID="E7" toText="an 8 Caucasian catheter" type="AFTER" />
<TLINK id="SECTIME6" fromID="T0" fromText="2009-08-17" toID="E8" toText="external drainage" type="AFTER" />
<TLINK id="SECTIME7" fromID="T0" fromText="2009-08-17" toID="E9" toText="The endoscopic retrograde cholangiopancreatography" type="AFTER" />
<TLINK id="SECTIME8" fromID="T0" fromText="2009-08-17" toID="E10" toText="showed" type="AFTER" />
<TLINK id="SECTIME9" fromID="T0" fromText="2009-08-17" toID="E11" toText="Nodularities in the common bile duct" type="AFTER" />
<TLINK id="SECTIME10" fromID="T0" fromText="2009-08-17" toID="E14" toText="admitted" type="OVERLAP" />
<TLINK id="SECTIME11" fromID="T0" fromText="2009-08-17" toID="E16" toText="surgical interventions" type="BEFORE" />
<TLINK id="TL154" fromID="T0" fromText="2009-08-17" toID="T4" toText="2009-08-17" type="OVERLAP" />
<TLINK id="TL155" fromID="T0" fromText="2009-08-17" toID="T5" toText="that time" type="OVERLAP" />
<TLINK id="TL156" fromID="T0" fromText="2009-08-17" toID="T6" toText="2009-08-24" type="BEFORE" />
<TLINK id="TL157" fromID="T0" fromText="2009-08-17" toID="T7" toText="postoperative day number two" type="BEFORE" />
<TLINK id="TL158" fromID="T0" fromText="2009-08-17" toID="T8" toText="postoperative day number two" type="BEFORE" />
<TLINK id="TL159" fromID="T0" fromText="2009-08-17" toID="T9" toText="the time" type="BEFORE" />
<TLINK id="TL160" fromID="T0" fromText="2009-08-17" toID="T11" toText="the same time" type="BEFORE" />
<TLINK id="TL161" fromID="T0" fromText="2009-08-17" toID="T12" toText="postoperative day number eight" type="BEFORE" />
<TLINK id="TL162" fromID="T0" fromText="2009-08-17" toID="T13" toText="postoperative day number ten" type="BEFORE" />
<TLINK id="TL163" fromID="T0" fromText="2009-08-17" toID="T14" toText="postoperative day number 17" type="BEFORE" />
<TLINK id="TL164" fromID="T0" fromText="2009-08-17" toID="T15" toText="the time" type="BEFORE" />
<TLINK id="TL165" fromID="T1" fromText="2009-09-10" toID="T2" toText="2009-07-25" type="AFTER" />
<TLINK id="TL166" fromID="T1" fromText="2009-09-10" toID="T3" toText="the time" type="AFTER" />
<TLINK id="SECTIME12" fromID="T1" fromText="2009-09-10" toID="E17" toText="admitted" type="AFTER" />
<TLINK id="TL167" fromID="T1" fromText="2009-09-10" toID="T4" toText="2009-08-17" type="AFTER" />
<TLINK id="SECTIME13" fromID="T1" fromText="2009-09-10" toID="E18" toText="a replacement of transhepatic biliary drainage catheter" type="AFTER" />
<TLINK id="TL168" fromID="T1" fromText="2009-09-10" toID="T5" toText="that time" type="AFTER" />
<TLINK id="SECTIME14" fromID="T1" fromText="2009-09-10" toID="E19" toText="cholangiogram" type="AFTER" />
<TLINK id="SECTIME15" fromID="T1" fromText="2009-09-10" toID="E20" toText="a distal stricture of the common bile duct" type="AFTER" />
<TLINK id="SECTIME16" fromID="T1" fromText="2009-09-10" toID="E21" toText="An endoscopic retrograde cholangiopancreatography" type="AFTER" />
<TLINK id="SECTIME17" fromID="T1" fromText="2009-09-10" toID="E22" toText="demonstrated" type="AFTER" />
<TLINK id="SECTIME18" fromID="T1" fromText="2009-09-10" toID="E23" toText="nodularity in the common bile duct" type="AFTER" />
<TLINK id="SECTIME19" fromID="T1" fromText="2009-09-10" toID="E24" toText="cholangiocarcinoma" type="AFTER" />
<TLINK id="SECTIME20" fromID="T1" fromText="2009-09-10" toID="E25" toText="the Operating Room" type="AFTER" />
<TLINK id="TL169" fromID="T1" fromText="2009-09-10" toID="T6" toText="2009-08-24" type="AFTER" />
<TLINK id="SECTIME21" fromID="T1" fromText="2009-09-10" toID="E26" toText="a Whipple procedure" type="AFTER" />
<TLINK id="SECTIME22" fromID="T1" fromText="2009-09-10" toID="E27" toText="hepaticojejunostomy" type="AFTER" />
<TLINK id="SECTIME23" fromID="T1" fromText="2009-09-10" toID="E28" toText="exploration of the abdomen" type="AFTER" />
<TLINK id="SECTIME24" fromID="T1" fromText="2009-09-10" toID="E29" toText="revealed" type="AFTER" />
<TLINK id="SECTIME25" fromID="T1" fromText="2009-09-10" toID="E30" toText="significant nodularity of the liver" type="AFTER" />
<TLINK id="SECTIME26" fromID="T1" fromText="2009-09-10" toID="E31" toText="advanced cirrhosis" type="AFTER" />
<TLINK id="SECTIME27" fromID="T1" fromText="2009-09-10" toID="E32" toText="frozen section" type="AFTER" />
<TLINK id="SECTIME28" fromID="T1" fromText="2009-09-10" toID="E33" toText="region nodularity" type="AFTER" />
<TLINK id="SECTIME29" fromID="T1" fromText="2009-09-10" toID="E34" toText="endoscopic retrograde cholangiopancreatography" type="AFTER" />
<TLINK id="SECTIME30" fromID="T1" fromText="2009-09-10" toID="E35" toText="lymph nodes" type="AFTER" />
<TLINK id="SECTIME31" fromID="T1" fromText="2009-09-10" toID="E36" toText="malignancy" type="AFTER" />
<TLINK id="SECTIME32" fromID="T1" fromText="2009-09-10" toID="E37" toText="a hepaticojejunostomy" type="AFTER" />
<TLINK id="SECTIME33" fromID="T1" fromText="2009-09-10" toID="E38" toText="Cholangiogram" type="AFTER" />
<TLINK id="TL170" fromID="T1" fromText="2009-09-10" toID="T7" toText="postoperative day number two" type="AFTER" />
<TLINK id="SECTIME34" fromID="T1" fromText="2009-09-10" toID="E39" toText="showed" type="AFTER" />
<TLINK id="SECTIME35" fromID="T1" fromText="2009-09-10" toID="E40" toText="leakage at the anastomosis site" type="AFTER" />
<TLINK id="SECTIME36" fromID="T1" fromText="2009-09-10" toID="E41" toText="tolerated" type="AFTER" />
<TLINK id="SECTIME37" fromID="T1" fromText="2009-09-10" toID="E42" toText="the procedure" type="AFTER" />
<TLINK id="SECTIME38" fromID="T1" fromText="2009-09-10" toID="E43" toText="the floor" type="AFTER" />
<TLINK id="SECTIME39" fromID="T1" fromText="2009-09-10" toID="E44" toText="stable condition" type="AFTER" />
<TLINK id="SECTIME40" fromID="T1" fromText="2009-09-10" toID="E45" toText="postoperative course" type="AFTER" />
<TLINK id="SECTIME41" fromID="T1" fromText="2009-09-10" toID="E46" toText="an elevation" type="AFTER" />
<TLINK id="SECTIME42" fromID="T1" fromText="2009-09-10" toID="E47" toText="white blood cell count" type="AFTER" />
<TLINK id="TL171" fromID="T1" fromText="2009-09-10" toID="T8" toText="postoperative day number two" type="AFTER" />
<TLINK id="SECTIME43" fromID="T1" fromText="2009-09-10" toID="E48" toText="Unasyn" type="AFTER" />
<TLINK id="SECTIME44" fromID="T1" fromText="2009-09-10" toID="E49" toText="empiric antibiotic treatment" type="AFTER" />
<TLINK id="TL172" fromID="T1" fromText="2009-09-10" toID="T9" toText="the time" type="AFTER" />
<TLINK id="SECTIME45" fromID="T1" fromText="2009-09-10" toID="E50" toText="blood" type="AFTER" />
<TLINK id="SECTIME46" fromID="T1" fromText="2009-09-10" toID="E51" toText="urine" type="AFTER" />
<TLINK id="SECTIME47" fromID="T1" fromText="2009-09-10" toID="E52" toText="culture" type="AFTER" />
<TLINK id="SECTIME48" fromID="T1" fromText="2009-09-10" toID="E53" toText="all negative" type="AFTER" />
<TLINK id="SECTIME49" fromID="T1" fromText="2009-09-10" toID="E54" toText="A chest x-ray" type="AFTER" />
<TLINK id="SECTIME50" fromID="T1" fromText="2009-09-10" toID="E55" toText="any pneumonia" type="AFTER" />
<TLINK id="SECTIME51" fromID="T1" fromText="2009-09-10" toID="E56" toText="low urine output ranges" type="AFTER" />
<TLINK id="SECTIME52" fromID="T1" fromText="2009-09-10" toID="E57" toText="Fractional excretion of sodium" type="AFTER" />
<TLINK id="SECTIME53" fromID="T1" fromText="2009-09-10" toID="E58" toText="a prerenal etiology" type="AFTER" />
<TLINK id="SECTIME54" fromID="T1" fromText="2009-09-10" toID="E59" toText="The sodium creatinine" type="AFTER" />
<TLINK id="SECTIME55" fromID="T1" fromText="2009-09-10" toID="E60" toText="boluses of intravenous fluid" type="AFTER" />
<TLINK id="SECTIME56" fromID="T1" fromText="2009-09-10" toID="E61" toText="intravenous albumin infusion" type="AFTER" />
<TLINK id="SECTIME57" fromID="T1" fromText="2009-09-10" toID="E62" toText="responded well" type="AFTER" />
<TLINK id="SECTIME58" fromID="T1" fromText="2009-09-10" toID="E63" toText="this regimen" type="AFTER" />
<TLINK id="SECTIME59" fromID="T1" fromText="2009-09-10" toID="E64" toText="urine output" type="AFTER" />
<TLINK id="TL173" fromID="T1" fromText="2009-09-10" toID="T11" toText="the same time" type="AFTER" />
<TLINK id="SECTIME60" fromID="T1" fromText="2009-09-10" toID="E65" toText="distentions of the abdomen" type="AFTER" />
<TLINK id="SECTIME61" fromID="T1" fromText="2009-09-10" toID="E66" toText="accumulation of ascitic fluid" type="AFTER" />
<TLINK id="SECTIME62" fromID="T1" fromText="2009-09-10" toID="E67" toText="significant lower extremity and scrotum edema" type="AFTER" />
<TLINK id="TL174" fromID="T1" fromText="2009-09-10" toID="T12" toText="postoperative day number eight" type="AFTER" />
<TLINK id="SECTIME63" fromID="T1" fromText="2009-09-10" toID="E68" toText="the patient 's oxygen saturation" type="AFTER" />
<TLINK id="SECTIME64" fromID="T1" fromText="2009-09-10" toID="E69" toText="transferred" type="AFTER" />
<TLINK id="SECTIME65" fromID="T1" fromText="2009-09-10" toID="E70" toText="the Surgical Intensive Care Unit" type="AFTER" />
<TLINK id="SECTIME66" fromID="T1" fromText="2009-09-10" toID="E71" toText="fluid management" type="AFTER" />
<TLINK id="SECTIME67" fromID="T1" fromText="2009-09-10" toID="E72" toText="Chest x-ray" type="AFTER" />
<TLINK id="SECTIME68" fromID="T1" fromText="2009-09-10" toID="E73" toText="sputum culture" type="AFTER" />
<TLINK id="SECTIME69" fromID="T1" fromText="2009-09-10" toID="E74" toText="100% nonrebreather" type="AFTER" />
<TLINK id="SECTIME70" fromID="T1" fromText="2009-09-10" toID="E75" toText="his oxygenation" type="AFTER" />
<TLINK id="SECTIME71" fromID="T1" fromText="2009-09-10" toID="E76" toText="the Surgical Intensive Care Unit" type="AFTER" />
<TLINK id="SECTIME72" fromID="T1" fromText="2009-09-10" toID="E77" toText="paracentesis" type="AFTER" />
<TLINK id="SECTIME73" fromID="T1" fromText="2009-09-10" toID="E78" toText="revealed" type="AFTER" />
<TLINK id="SECTIME74" fromID="T1" fromText="2009-09-10" toID="E79" toText="white blood cell count" type="AFTER" />
<TLINK id="SECTIME75" fromID="T1" fromText="2009-09-10" toID="E80" toText="the ascites" type="AFTER" />
<TLINK id="SECTIME76" fromID="T1" fromText="2009-09-10" toID="E81" toText="SVT" type="AFTER" />
<TLINK id="SECTIME77" fromID="T1" fromText="2009-09-10" toID="E82" toText="Zosyn" type="AFTER" />
<TLINK id="SECTIME78" fromID="T1" fromText="2009-09-10" toID="E83" toText="empiric treatment" type="AFTER" />
<TLINK id="SECTIME79" fromID="T1" fromText="2009-09-10" toID="E84" toText="Gram stain" type="AFTER" />
<TLINK id="SECTIME80" fromID="T1" fromText="2009-09-10" toID="E85" toText="culture" type="AFTER" />
<TLINK id="SECTIME81" fromID="T1" fromText="2009-09-10" toID="E86" toText="the ascites" type="AFTER" />
<TLINK id="SECTIME82" fromID="T1" fromText="2009-09-10" toID="E87" toText="any organism" type="AFTER" />
<TLINK id="SECTIME83" fromID="T1" fromText="2009-09-10" toID="E88" toText="weaned" type="AFTER" />
<TLINK id="SECTIME84" fromID="T1" fromText="2009-09-10" toID="E89" toText="oxygen requirement" type="AFTER" />
<TLINK id="SECTIME85" fromID="T1" fromText="2009-09-10" toID="E90" toText="normal saline boluses" type="AFTER" />
<TLINK id="SECTIME86" fromID="T1" fromText="2009-09-10" toID="E91" toText="intravenous albumin" type="AFTER" />
<TLINK id="SECTIME87" fromID="T1" fromText="2009-09-10" toID="E92" toText="treatment" type="AFTER" />
<TLINK id="SECTIME88" fromID="T1" fromText="2009-09-10" toID="E93" toText="prerenal azotemia" type="AFTER" />
<TLINK id="SECTIME89" fromID="T1" fromText="2009-09-10" toID="E94" toText="Somatostatin" type="AFTER" />
<TLINK id="SECTIME90" fromID="T1" fromText="2009-09-10" toID="E95" toText="midodrine" type="AFTER" />
<TLINK id="SECTIME91" fromID="T1" fromText="2009-09-10" toID="E96" toText="this condition" type="AFTER" />
<TLINK id="SECTIME92" fromID="T1" fromText="2009-09-10" toID="E97" toText="packed red blood cells" type="AFTER" />
<TLINK id="TL175" fromID="T1" fromText="2009-09-10" toID="T13" toText="postoperative day number ten" type="AFTER" />
<TLINK id="SECTIME93" fromID="T1" fromText="2009-09-10" toID="E98" toText="the floor" type="AFTER" />
<TLINK id="SECTIME94" fromID="T1" fromText="2009-09-10" toID="E99" toText="improved renal function" type="AFTER" />
<TLINK id="SECTIME95" fromID="T1" fromText="2009-09-10" toID="E100" toText="oxygen requirement" type="AFTER" />
<TLINK id="SECTIME96" fromID="T1" fromText="2009-09-10" toID="E101" toText="The somatostatin" type="AFTER" />
<TLINK id="SECTIME97" fromID="T1" fromText="2009-09-10" toID="E102" toText="the midodrine" type="AFTER" />
<TLINK id="SECTIME98" fromID="T1" fromText="2009-09-10" toID="E103" toText="the regimen" type="AFTER" />
<TLINK id="SECTIME99" fromID="T1" fromText="2009-09-10" toID="E104" toText="Lasix" type="AFTER" />
<TLINK id="SECTIME100" fromID="T1" fromText="2009-09-10" toID="E105" toText="spironolactone" type="AFTER" />
<TLINK id="SECTIME101" fromID="T1" fromText="2009-09-10" toID="E106" toText="diuresis" type="AFTER" />
<TLINK id="SECTIME102" fromID="T1" fromText="2009-09-10" toID="E107" toText="His creatinine levels" type="AFTER" />
<TLINK id="SECTIME103" fromID="T1" fromText="2009-09-10" toID="E108" toText="the fractional excretion of sodium" type="AFTER" />
<TLINK id="SECTIME104" fromID="T1" fromText="2009-09-10" toID="E109" toText="increased" type="AFTER" />
<TLINK id="SECTIME105" fromID="T1" fromText="2009-09-10" toID="E110" toText="the prerenal kidney failure" type="AFTER" />
<TLINK id="TL176" fromID="T1" fromText="2009-09-10" toID="T14" toText="postoperative day number 17" type="OVERLAP" />
<TLINK id="SECTIME106" fromID="T1" fromText="2009-09-10" toID="E111" toText="discharged" type="OVERLAP" />
<TLINK id="TL177" fromID="T1" fromText="2009-09-10" toID="T15" toText="the time" type="OVERLAP" />
<TLINK id="SECTIME107" fromID="T1" fromText="2009-09-10" toID="E112" toText="good po" type="AFTER" />
<TLINK id="SECTIME108" fromID="T1" fromText="2009-09-10" toID="E113" toText="a PICC line" type="AFTER" />
<TLINK id="SECTIME109" fromID="T1" fromText="2009-09-10" toID="E114" toText="treatment" type="AFTER" />
<TLINK id="SECTIME110" fromID="T1" fromText="2009-09-10" toID="E115" toText="Rocephin" type="AFTER" />
<TLINK id="SECTIME111" fromID="T1" fromText="2009-09-10" toID="E116" toText="these medications" type="AFTER" />
<TLINK id="SECTIME112" fromID="T1" fromText="2009-09-10" toID="E117" toText="the hospital" type="AFTER" />
<TLINK id="SECTIME113" fromID="T1" fromText="2009-09-10" toID="E118" toText="initial work-up" type="AFTER" />
<TLINK id="SECTIME114" fromID="T1" fromText="2009-09-10" toID="E119" toText="echocardiogram" type="AFTER" />
<TLINK id="SECTIME115" fromID="T1" fromText="2009-09-10" toID="E120" toText="electrocardiogram" type="AFTER" />
<TLINK id="SECTIME116" fromID="T1" fromText="2009-09-10" toID="E121" toText="serology studies" type="AFTER" />
<TLINK id="SECTIME117" fromID="T1" fromText="2009-09-10" toID="E122" toText="liver transplant" type="AFTER" />
<TLINK id="TL178" fromID="E6" fromText="The most recent percutaneous transluminal coronary angioplasty" toID="E7" toText="an 8 Caucasian catheter" type="OVERLAP" />
<TLINK id="TL179" fromID="E6" fromText="The most recent percutaneous transluminal coronary angioplasty" toID="E8" toText="external drainage" type="OVERLAP" />
<TLINK id="TL180" fromID="E9" fromText="The endoscopic retrograde cholangiopancreatography" toID="E12" toText="endoscopic retrograde cholangiopancreatography" type="OVERLAP" />
<TLINK id="TL181" fromID="E12" fromText="endoscopic retrograde cholangiopancreatography" toID="E9" toText="The endoscopic retrograde cholangiopancreatography" type="OVERLAP" />
<TLINK id="TL182" fromID="E19" fromText="cholangiogram" toID="E21" toText="An endoscopic retrograde cholangiopancreatography" type="OVERLAP" />
<TLINK id="TL183" fromID="E21" fromText="An endoscopic retrograde cholangiopancreatography" toID="E19" toText="cholangiogram" type="OVERLAP" />
<TLINK id="TL184" fromID="E25" fromText="the Operating Room" toID="E28" toText="exploration of the abdomen" type="OVERLAP" />
<TLINK id="TL185" fromID="E28" fromText="exploration of the abdomen" toID="E32" toText="frozen section" type="OVERLAP" />
<TLINK id="TL186" fromID="E32" fromText="frozen section" toID="E28" toText="exploration of the abdomen" type="OVERLAP" />
<TLINK id="TL187" fromID="E32" fromText="frozen section" toID="E34" toText="endoscopic retrograde cholangiopancreatography" type="OVERLAP" />
<TLINK id="TL188" fromID="E32" fromText="frozen section" toID="E35" toText="lymph nodes" type="OVERLAP" />
<TLINK id="TL189" fromID="E34" fromText="endoscopic retrograde cholangiopancreatography" toID="E32" toText="frozen section" type="OVERLAP" />
<TLINK id="TL190" fromID="E35" fromText="lymph nodes" toID="E32" toText="frozen section" type="OVERLAP" />
<TLINK id="TL191" fromID="E56" fromText="low urine output ranges" toID="E57" toText="Fractional excretion of sodium" type="OVERLAP" />
<TLINK id="TL192" fromID="E57" fromText="Fractional excretion of sodium" toID="E56" toText="low urine output ranges" type="OVERLAP" />
<TLINK id="TL193" fromID="E57" fromText="Fractional excretion of sodium" toID="E59" toText="The sodium creatinine" type="OVERLAP" />
<TLINK id="TL194" fromID="E59" fromText="The sodium creatinine" toID="E57" toText="Fractional excretion of sodium" type="OVERLAP" />
<TLINK id="TL195" fromID="E59" fromText="The sodium creatinine" toID="E62" toText="responded well" type="BEFORE" />
<TLINK id="TL196" fromID="E59" fromText="The sodium creatinine" toID="E64" toText="urine output" type="OVERLAP" />
<TLINK id="TL197" fromID="E60" fromText="boluses of intravenous fluid" toID="E64" toText="urine output" type="BEFORE" />
<TLINK id="TL198" fromID="E64" fromText="urine output" toID="E59" toText="The sodium creatinine" type="OVERLAP" />
<TLINK id="TL199" fromID="E65" fromText="distentions of the abdomen" toID="E67" toText="significant lower extremity and scrotum edema" type="OVERLAP" />
<TLINK id="TL200" fromID="E66" fromText="accumulation of ascitic fluid" toID="E67" toText="significant lower extremity and scrotum edema" type="OVERLAP" />
<TLINK id="TL201" fromID="E67" fromText="significant lower extremity and scrotum edema" toID="E65" toText="distentions of the abdomen" type="OVERLAP" />
<TLINK id="TL202" fromID="E67" fromText="significant lower extremity and scrotum edema" toID="E66" toText="accumulation of ascitic fluid" type="OVERLAP" />
<TLINK id="TL203" fromID="E76" fromText="the Surgical Intensive Care Unit" toID="E79" toText="white blood cell count" type="OVERLAP" />
<TLINK id="TL204" fromID="E77" fromText="paracentesis" toID="E72" toText="Chest x-ray" type="OVERLAP" />
<TLINK id="TL205" fromID="E77" fromText="paracentesis" toID="E73" toText="sputum culture" type="OVERLAP" />
<TLINK id="TL206" fromID="E77" fromText="paracentesis" toID="E75" toText="his oxygenation" type="OVERLAP" />
<TLINK id="TL207" fromID="E77" fromText="paracentesis" toID="E79" toText="white blood cell count" type="OVERLAP" />
<TLINK id="TL208" fromID="E79" fromText="white blood cell count" toID="E77" toText="paracentesis" type="OVERLAP" />
<TLINK id="TL209" fromID="E91" fromText="intravenous albumin" toID="E94" toText="Somatostatin" type="OVERLAP" />
<TLINK id="TL210" fromID="E91" fromText="intravenous albumin" toID="E95" toText="midodrine" type="OVERLAP" />
<TLINK id="TL211" fromID="E91" fromText="intravenous albumin" toID="E97" toText="packed red blood cells" type="OVERLAP" />
<TLINK id="TL212" fromID="E92" fromText="treatment" toID="E94" toText="Somatostatin" type="OVERLAP" />
<TLINK id="TL213" fromID="E92" fromText="treatment" toID="E95" toText="midodrine" type="OVERLAP" />
<TLINK id="TL214" fromID="E92" fromText="treatment" toID="E97" toText="packed red blood cells" type="OVERLAP" />
<TLINK id="TL215" fromID="E93" fromText="prerenal azotemia" toID="E96" toText="this condition" type="OVERLAP" />
<TLINK id="TL216" fromID="E96" fromText="this condition" toID="E93" toText="prerenal azotemia" type="OVERLAP" />
<TLINK id="TL217" fromID="E111" fromText="discharged" toID="E112" toText="good po" type="BEFORE" />
<TLINK id="SECTIME118" fromID="E0" fromText="Admission" toID="T0" toText="2009-08-17" type="OVERLAP" />
<TLINK id="SECTIME119" fromID="T0" fromText="2009-08-17" toID="E0" toText="Admission" type="OVERLAP" />
<TLINK id="SECTIME120" fromID="T0" fromText="2009-08-17" toID="E1" toText="Discharge" type="BEFORE" />
<TLINK id="SECTIME121" fromID="E1" fromText="Discharge" toID="T0" toText="2009-08-17" type="AFTER" />
<TLINK id="SECTIME122" fromID="E1" fromText="Discharge" toID="T1" toText="2009-09-10" type="OVERLAP" />
<TLINK id="SECTIME123" fromID="T1" fromText="2009-09-10" toID="E1" toText="Discharge" type="OVERLAP" />
<TLINK id="TL218" fromID="E5" fromText="percutaneous transhepatic cholangiogram" toID="E19" toText="cholangiogram" type="OVERLAP" />
<TLINK id="TL219" fromID="E9" fromText="The endoscopic retrograde cholangiopancreatography" toID="E12" toText="endoscopic retrograde cholangiopancreatography" type="OVERLAP" />
<TLINK id="TL220" fromID="E9" fromText="The endoscopic retrograde cholangiopancreatography" toID="E21" toText="An endoscopic retrograde cholangiopancreatography" type="OVERLAP" />
<TLINK id="TL221" fromID="E9" fromText="The endoscopic retrograde cholangiopancreatography" toID="E34" toText="endoscopic retrograde cholangiopancreatography" type="OVERLAP" />
<TLINK id="TL222" fromID="E11" fromText="Nodularities in the common bile duct" toID="E23" toText="nodularity in the common bile duct" type="OVERLAP" />
<TLINK id="TL223" fromID="E11" fromText="Nodularities in the common bile duct" toID="E33" toText="region nodularity" type="OVERLAP" />
<TLINK id="TL224" fromID="E12" fromText="endoscopic retrograde cholangiopancreatography" toID="E9" toText="The endoscopic retrograde cholangiopancreatography" type="OVERLAP" />
<TLINK id="TL225" fromID="E12" fromText="endoscopic retrograde cholangiopancreatography" toID="E21" toText="An endoscopic retrograde cholangiopancreatography" type="OVERLAP" />
<TLINK id="TL226" fromID="E12" fromText="endoscopic retrograde cholangiopancreatography" toID="E34" toText="endoscopic retrograde cholangiopancreatography" type="OVERLAP" />
<TLINK id="TL227" fromID="E13" fromText="cholangiocarcinoma" toID="E24" toText="cholangiocarcinoma" type="OVERLAP" />
<TLINK id="TL228" fromID="E13" fromText="cholangiocarcinoma" toID="E36" toText="malignancy" type="OVERLAP" />
<TLINK id="TL229" fromID="E19" fromText="cholangiogram" toID="E5" toText="percutaneous transhepatic cholangiogram" type="OVERLAP" />
<TLINK id="TL230" fromID="E21" fromText="An endoscopic retrograde cholangiopancreatography" toID="E9" toText="The endoscopic retrograde cholangiopancreatography" type="OVERLAP" />
<TLINK id="TL231" fromID="E21" fromText="An endoscopic retrograde cholangiopancreatography" toID="E12" toText="endoscopic retrograde cholangiopancreatography" type="OVERLAP" />
<TLINK id="TL232" fromID="E21" fromText="An endoscopic retrograde cholangiopancreatography" toID="E34" toText="endoscopic retrograde cholangiopancreatography" type="OVERLAP" />
<TLINK id="TL233" fromID="E23" fromText="nodularity in the common bile duct" toID="E11" toText="Nodularities in the common bile duct" type="OVERLAP" />
<TLINK id="TL234" fromID="E23" fromText="nodularity in the common bile duct" toID="E33" toText="region nodularity" type="OVERLAP" />
<TLINK id="TL235" fromID="E24" fromText="cholangiocarcinoma" toID="E13" toText="cholangiocarcinoma" type="OVERLAP" />
<TLINK id="TL236" fromID="E24" fromText="cholangiocarcinoma" toID="E36" toText="malignancy" type="OVERLAP" />
<TLINK id="TL237" fromID="E27" fromText="hepaticojejunostomy" toID="E37" toText="a hepaticojejunostomy" type="OVERLAP" />
<TLINK id="TL238" fromID="E27" fromText="hepaticojejunostomy" toID="E42" toText="the procedure" type="OVERLAP" />
<TLINK id="TL239" fromID="E33" fromText="region nodularity" toID="E11" toText="Nodularities in the common bile duct" type="OVERLAP" />
<TLINK id="TL240" fromID="E33" fromText="region nodularity" toID="E23" toText="nodularity in the common bile duct" type="OVERLAP" />
<TLINK id="TL241" fromID="E34" fromText="endoscopic retrograde cholangiopancreatography" toID="E9" toText="The endoscopic retrograde cholangiopancreatography" type="OVERLAP" />
<TLINK id="TL242" fromID="E34" fromText="endoscopic retrograde cholangiopancreatography" toID="E12" toText="endoscopic retrograde cholangiopancreatography" type="OVERLAP" />
<TLINK id="TL243" fromID="E34" fromText="endoscopic retrograde cholangiopancreatography" toID="E21" toText="An endoscopic retrograde cholangiopancreatography" type="OVERLAP" />
<TLINK id="TL244" fromID="E36" fromText="malignancy" toID="E13" toText="cholangiocarcinoma" type="OVERLAP" />
<TLINK id="TL245" fromID="E36" fromText="malignancy" toID="E24" toText="cholangiocarcinoma" type="OVERLAP" />
<TLINK id="TL246" fromID="E37" fromText="a hepaticojejunostomy" toID="E27" toText="hepaticojejunostomy" type="OVERLAP" />
<TLINK id="TL247" fromID="E37" fromText="a hepaticojejunostomy" toID="E42" toText="the procedure" type="OVERLAP" />
<TLINK id="TL248" fromID="E42" fromText="the procedure" toID="E27" toText="hepaticojejunostomy" type="OVERLAP" />
<TLINK id="TL249" fromID="E42" fromText="the procedure" toID="E37" toText="a hepaticojejunostomy" type="OVERLAP" />
<TLINK id="TL250" fromID="E48" fromText="Unasyn" toID="E49" toText="empiric antibiotic treatment" type="OVERLAP" />
<TLINK id="TL251" fromID="E49" fromText="empiric antibiotic treatment" toID="E48" toText="Unasyn" type="OVERLAP" />
<TLINK id="TL252" fromID="E58" fromText="a prerenal etiology" toID="E110" toText="the prerenal kidney failure" type="OVERLAP" />
<TLINK id="TL253" fromID="E60" fromText="boluses of intravenous fluid" toID="E90" toText="normal saline boluses" type="OVERLAP" />
<TLINK id="TL254" fromID="E61" fromText="intravenous albumin infusion" toID="E91" toText="intravenous albumin" type="OVERLAP" />
<TLINK id="TL255" fromID="E66" fromText="accumulation of ascitic fluid" toID="E80" toText="the ascites" type="OVERLAP" />
<TLINK id="TL256" fromID="E66" fromText="accumulation of ascitic fluid" toID="E86" toText="the ascites" type="OVERLAP" />
<TLINK id="TL257" fromID="E80" fromText="the ascites" toID="E66" toText="accumulation of ascitic fluid" type="OVERLAP" />
<TLINK id="TL258" fromID="E80" fromText="the ascites" toID="E86" toText="the ascites" type="OVERLAP" />
<TLINK id="TL259" fromID="E82" fromText="Zosyn" toID="E83" toText="empiric treatment" type="OVERLAP" />
<TLINK id="TL260" fromID="E83" fromText="empiric treatment" toID="E82" toText="Zosyn" type="OVERLAP" />
<TLINK id="TL261" fromID="E86" fromText="the ascites" toID="E66" toText="accumulation of ascitic fluid" type="OVERLAP" />
<TLINK id="TL262" fromID="E86" fromText="the ascites" toID="E80" toText="the ascites" type="OVERLAP" />
<TLINK id="TL263" fromID="E89" fromText="oxygen requirement" toID="E100" toText="oxygen requirement" type="OVERLAP" />
<TLINK id="TL264" fromID="E90" fromText="normal saline boluses" toID="E60" toText="boluses of intravenous fluid" type="OVERLAP" />
<TLINK id="TL265" fromID="E91" fromText="intravenous albumin" toID="E61" toText="intravenous albumin infusion" type="OVERLAP" />
<TLINK id="TL266" fromID="E93" fromText="prerenal azotemia" toID="E96" toText="this condition" type="OVERLAP" />
<TLINK id="TL267" fromID="E94" fromText="Somatostatin" toID="E101" toText="The somatostatin" type="OVERLAP" />
<TLINK id="TL268" fromID="E95" fromText="midodrine" toID="E102" toText="the midodrine" type="OVERLAP" />
<TLINK id="TL269" fromID="E96" fromText="this condition" toID="E93" toText="prerenal azotemia" type="OVERLAP" />
<TLINK id="TL270" fromID="E100" fromText="oxygen requirement" toID="E89" toText="oxygen requirement" type="OVERLAP" />
<TLINK id="TL271" fromID="E101" fromText="The somatostatin" toID="E94" toText="Somatostatin" type="OVERLAP" />
<TLINK id="TL272" fromID="E102" fromText="the midodrine" toID="E95" toText="midodrine" type="OVERLAP" />
<TLINK id="TL273" fromID="E110" fromText="the prerenal kidney failure" toID="E58" toText="a prerenal etiology" type="OVERLAP" />
<TLINK id="TL274" fromID="T7" fromText="postoperative day number two" toID="E40" toText="leakage at the anastomosis site" type="AFTER" />
<TLINK id="TL275" fromID="E39" fromText="showed" toID="E40" toText="leakage at the anastomosis site" type="AFTER" />
<TLINK id="TL276" fromID="E40" fromText="leakage at the anastomosis site" toID="T7" toText="postoperative day number two" type="BEFORE" />
<TLINK id="TL277" fromID="E40" fromText="leakage at the anastomosis site" toID="E39" toText="showed" type="BEFORE" />
<TLINK id="TL278" fromID="E59" fromText="The sodium creatinine" toID="E61" toText="intravenous albumin infusion" type="OVERLAP" />
<TLINK id="TL279" fromID="E61" fromText="intravenous albumin infusion" toID="E59" toText="The sodium creatinine" type="OVERLAP" />
<TLINK id="TL280" fromID="T12" fromText="postoperative day number eight" toID="E70" toText="the Surgical Intensive Care Unit" type="OVERLAP" />
<TLINK id="TL281" fromID="T12" fromText="postoperative day number eight" toID="E71" toText="fluid management" type="BEFORE" />
<TLINK id="TL282" fromID="E70" fromText="the Surgical Intensive Care Unit" toID="T12" toText="postoperative day number eight" type="OVERLAP" />
<TLINK id="TL283" fromID="E71" fromText="fluid management" toID="T12" toText="postoperative day number eight" type="AFTER" />
<TLINK id="TL284" fromID="E72" fromText="Chest x-ray" toID="E75" toText="his oxygenation" type="OVERLAP" />
<TLINK id="TL285" fromID="E73" fromText="sputum culture" toID="E75" toText="his oxygenation" type="OVERLAP" />
<TLINK id="TL286" fromID="E75" fromText="his oxygenation" toID="E72" toText="Chest x-ray" type="OVERLAP" />
<TLINK id="TL287" fromID="E75" fromText="his oxygenation" toID="E73" toText="sputum culture" type="OVERLAP" />
<TLINK id="TL288" fromID="E84" fromText="Gram stain" toID="E86" toText="the ascites" type="OVERLAP" />
<TLINK id="TL289" fromID="E86" fromText="the ascites" toID="E84" toText="Gram stain" type="OVERLAP" />
<TLINK id="TL290" fromID="E89" fromText="oxygen requirement" toID="E90" toText="normal saline boluses" type="OVERLAP" />
<TLINK id="TL291" fromID="E90" fromText="normal saline boluses" toID="E89" toText="oxygen requirement" type="OVERLAP" />
<TLINK id="TL292" fromID="E94" fromText="Somatostatin" toID="E97" toText="packed red blood cells" type="OVERLAP" />
<TLINK id="TL293" fromID="E95" fromText="midodrine" toID="E97" toText="packed red blood cells" type="OVERLAP" />
<TLINK id="TL294" fromID="E97" fromText="packed red blood cells" toID="E94" toText="Somatostatin" type="OVERLAP" />
<TLINK id="TL295" fromID="E97" fromText="packed red blood cells" toID="E95" toText="midodrine" type="OVERLAP" />
<TLINK id="TL296" fromID="E99" fromText="improved renal function" toID="E100" toText="oxygen requirement" type="OVERLAP" />
<TLINK id="TL297" fromID="E100" fromText="oxygen requirement" toID="E99" toText="improved renal function" type="OVERLAP" />
<TLINK id="TL298" fromID="E101" fromText="The somatostatin" toID="E106" toText="diuresis" type="AFTER" />
<TLINK id="TL299" fromID="E102" fromText="the midodrine" toID="E106" toText="diuresis" type="AFTER" />
<TLINK id="TL300" fromID="E103" fromText="the regimen" toID="E106" toText="diuresis" type="AFTER" />
<TLINK id="TL301" fromID="E104" fromText="Lasix" toID="E106" toText="diuresis" type="AFTER" />
<TLINK id="TL302" fromID="E106" fromText="diuresis" toID="E101" toText="The somatostatin" type="BEFORE" />
<TLINK id="TL303" fromID="E106" fromText="diuresis" toID="E102" toText="the midodrine" type="BEFORE" />
<TLINK id="TL304" fromID="E106" fromText="diuresis" toID="E103" toText="the regimen" type="BEFORE" />
<TLINK id="TL305" fromID="E106" fromText="diuresis" toID="E104" toText="Lasix" type="BEFORE" />
<TLINK id="TL306" fromID="E107" fromText="His creatinine levels" toID="E109" toText="increased" type="OVERLAP" />
<TLINK id="TL307" fromID="E109" fromText="increased" toID="E107" toText="His creatinine levels" type="OVERLAP" />
<TLINK id="TL308" fromID="E113" fromText="a PICC line" toID="E116" toText="these medications" type="OVERLAP" />
<TLINK id="TL309" fromID="E116" fromText="these medications" toID="E113" toText="a PICC line" type="OVERLAP" />
</TAGS>
</ClinicalNarrativeTemporalAnnotation>
