<?xml version="1.0" encoding="UTF-8" ?>
<ClinicalNarrativeTemporalAnnotation>
<TEXT><![CDATA[
Admission Date :
01/05/1994
Discharge Date :
01/25/1994
HISTORY OF PRESENT ILLNESS :
The patient is a 49 year old woman with a metastatic adenocarcinoma of the breast who is status post high dose chemotherapy with PBSE and CCSS support ending June 1994 .
She was admitted on 1-5-94 for fever , chest wall ulceration , cellulitis and pain control .
The patient first presented in October 1991 with a tender right axillary mass .
A mammogram done in November 1990 was negative .
However , mammography repeated in October 1991 showed bilateral breast masses , suspicious for carcinoma .
Fine needle aspiration on October 23 , 1991 demonstrated atypical cells which occurred singly and in clusters .
Staging evaluation included normal liver function tests , normal blood counts and normal chest x-ray .
Bone scan showed degenerative joint disease in the shoulders and lumbar spine as well as increased radio chaser uptake in the breast bilaterally .
Dr. Berca Gachfrum performed a right modified mastectomy and left simple mastectomy on November 4 , 1991 .
The right modified radical mastectomy contained a 5.5 cm poorly differentiated , Grade III out of III infiltrating ductal carcinoma .
The margins were free of tumor , but 10 out of 21 lymph nodes were positive for metastatic carcinoma .
Furthermore there was a mass on the right pectoralis muscle which is supposed to be metastatic cancer .
The left simple mastectomy also contained 5.5 cm poorly differentiated infiltrating ductal and intraductal carcinoma with extensive lymphatic vessel invasion .
Estrogen receptor was 0% by ERICA .
The patient developed a large hematoma requiring surgical drainage .
Therefore she had a Stage III-A adenocarcinoma of the breast .
Since she was at high risk for both local and metastatic recurrence of her tumor , she received both systemic chemotherapy and radiation therapy .
The patient was treated with CMSAP , which is Cytoxan , Methotrexate , Leukovoranrescue , 5-FU , Adriamycin and Prednisone for four cycles .
There were no dose reductions for mucositis or myelosuppression .
However , following cycle 4 , she developed a flu-like illness , followed by fever , nonproductive cough and dyspnea on exertion .
ABGs showed a pO2 of 79 , pH 7.44 , pO2 33 .
Chest x-ray showed diffuse interstitial infiltrates .
The differential diagnosis included viral pneumonitis , Mycoplasma , Chlamydia .
Basically in December 1993 , she returned to the Hem / Onc Clinic with chest wall nodules which turned out to be tumor recurrences and biopsied .
Although she had mediastinal recurrence , bone scan , head and liver CT were negative for metastatic disease .
She was thus started on a Protocol of high dose chemotherapy with GCSF and peripheral stem cell support .
Complications has mainly included myelosuppression and mucositis .
She also developed Klebsiella UTI after the second cycle of high dose chemotherapy .
It was treated with gent and Cipro .
Re-staging done in April 1993 showed a decrease in the pretracheal nodes with question of some lymphangitic spread versus some pneumonitis .
In May 1994 she received her first course of thiotepa and Velban and Methotrexate , which required some red cell transfusions .
In mid May she was admitted for fever and neutropenia and at that time had a UTI with blood clots in the urine .
The patient presents today with complaints of fever and a temperature of 100 .
She has also been having diarrhea since November and her other complaints of admission include confusion , nausea and vomiting .
We will include a very thorough HPI with this dictation that was done by Dr. Wedleung .
]]></TEXT>
<TAGS>
<EVENT id="E0" start="1" end="10" text="Admission" modality="FACTUAL" polarity="POS" type="OCCURRENCE" />
<EVENT id="E20" start="1008" end="1030" text="left simple mastectomy" modality="FACTUAL" polarity="POS" type="TREATMENT" />
<EVENT id="E21" start="1054" end="1091" text="The right modified radical mastectomy" modality="FACTUAL" polarity="POS" type="TREATMENT" />
<EVENT id="E22" start="1102" end="1185" text="a 5.5 cm poorly differentiated , Grade III out of III infiltrating ductal carcinoma" modality="FACTUAL" polarity="POS" type="PROBLEM" />
<EVENT id="E23" start="1213" end="1218" text="tumor" modality="FACTUAL" polarity="NEG" type="PROBLEM" />
<EVENT id="E1" start="126" end="167" text="a metastatic adenocarcinoma of the breast" modality="FACTUAL" polarity="POS" type="PROBLEM" />
<EVENT id="E24" start="1268" end="1288" text="metastatic carcinoma" modality="FACTUAL" polarity="POS" type="PROBLEM" />
<EVENT id="E104" start="1313" end="1319" text="a mass" modality="FACTUAL" polarity="POS" type="PROBLEM" />
<EVENT id="E105" start="1375" end="1392" text="metastatic cancer" modality="POSSIBLE" polarity="POS" type="PROBLEM" />
<EVENT id="E26" start="1395" end="1421" text="The left simple mastectomy" modality="FACTUAL" polarity="POS" type="TREATMENT" />
<EVENT id="E27" start="1437" end="1511" text="5.5 cm poorly differentiated infiltrating ductal and intraductal carcinoma" modality="FACTUAL" polarity="POS" type="PROBLEM" />
<EVENT id="E28" start="1517" end="1552" text="extensive lymphatic vessel invasion" modality="FACTUAL" polarity="POS" type="PROBLEM" />
<EVENT id="E29" start="1555" end="1572" text="Estrogen receptor" modality="FACTUAL" polarity="POS" type="TEST" />
<EVENT id="E30" start="1613" end="1629" text="a large hematoma" modality="FACTUAL" polarity="POS" type="PROBLEM" />
<EVENT id="E31" start="1640" end="1657" text="surgical drainage" modality="FACTUAL" polarity="POS" type="TREATMENT" />
<EVENT id="E32" start="1678" end="1720" text="a Stage III-A adenocarcinoma of the breast" modality="FACTUAL" polarity="POS" type="PROBLEM" />
<EVENT id="E106" start="1759" end="1790" text="local and metastatic recurrence" modality="CONDITIONAL" polarity="POS" type="PROBLEM" />
<EVENT id="E33" start="1794" end="1803" text="her tumor" modality="FACTUAL" polarity="POS" type="PROBLEM" />
<EVENT id="E34" start="1824" end="1845" text="systemic chemotherapy" modality="FACTUAL" polarity="POS" type="TREATMENT" />
<EVENT id="E35" start="1850" end="1867" text="radiation therapy" modality="FACTUAL" polarity="POS" type="TREATMENT" />
<EVENT id="E2" start="187" end="209" text="high dose chemotherapy" modality="FACTUAL" polarity="POS" type="TREATMENT" />
<EVENT id="E36" start="1899" end="1904" text="CMSAP" modality="FACTUAL" polarity="POS" type="TREATMENT" />
<EVENT id="E37" start="1916" end="1923" text="Cytoxan" modality="FACTUAL" polarity="POS" type="TREATMENT" />
<EVENT id="E38" start="1926" end="1938" text="Methotrexate" modality="FACTUAL" polarity="POS" type="TREATMENT" />
<EVENT id="E39" start="1941" end="1957" text="Leukovoranrescue" modality="FACTUAL" polarity="POS" type="TREATMENT" />
<EVENT id="E40" start="1960" end="1964" text="5-FU" modality="FACTUAL" polarity="POS" type="TREATMENT" />
<EVENT id="E41" start="1967" end="1977" text="Adriamycin" modality="FACTUAL" polarity="POS" type="TREATMENT" />
<EVENT id="E42" start="1982" end="1992" text="Prednisone" modality="FACTUAL" polarity="POS" type="TREATMENT" />
<EVENT id="E107" start="2025" end="2040" text="dose reductions" modality="FACTUAL" polarity="NEG" type="TREATMENT" />
<EVENT id="E43" start="2045" end="2054" text="mucositis" modality="FACTUAL" polarity="POS" type="PROBLEM" />
<EVENT id="E44" start="2058" end="2074" text="myelosuppression" modality="FACTUAL" polarity="POS" type="PROBLEM" />
<EVENT id="E108" start="2097" end="2104" text="cycle 4" modality="FACTUAL" polarity="POS" type="TREATMENT" />
<EVENT id="E45" start="2121" end="2139" text="a flu-like illness" modality="FACTUAL" polarity="POS" type="PROBLEM" />
<EVENT id="E3" start="215" end="219" text="PBSE" modality="FACTUAL" polarity="POS" type="TREATMENT" />
<EVENT id="E46" start="2154" end="2159" text="fever" modality="FACTUAL" polarity="POS" type="PROBLEM" />
<EVENT id="E47" start="2162" end="2181" text="nonproductive cough" modality="FACTUAL" polarity="POS" type="PROBLEM" />
<EVENT id="E48" start="2186" end="2193" text="dyspnea" modality="FACTUAL" polarity="POS" type="PROBLEM" />
<EVENT id="E49" start="2208" end="2212" text="ABGs" modality="FACTUAL" polarity="POS" type="TEST" />
<EVENT id="E109" start="2213" end="2219" text="showed" modality="FACTUAL" polarity="POS" type="EVIDENTIAL" />
<EVENT id="E50" start="2220" end="2225" text="a pO2" modality="FACTUAL" polarity="POS" type="TEST" />
<EVENT id="E4" start="224" end="236" text="CCSS support" modality="FACTUAL" polarity="POS" type="TREATMENT" />
<EVENT id="E51" start="2234" end="2236" text="pH" modality="FACTUAL" polarity="POS" type="TEST" />
<EVENT id="E110" start="2244" end="2247" text="pO2" modality="FACTUAL" polarity="POS" type="TEST" />
<EVENT id="E52" start="2253" end="2264" text="Chest x-ray" modality="FACTUAL" polarity="POS" type="TEST" />
<EVENT id="E111" start="2265" end="2271" text="showed" modality="FACTUAL" polarity="POS" type="EVIDENTIAL" />
<EVENT id="E53" start="2272" end="2304" text="diffuse interstitial infiltrates" modality="FACTUAL" polarity="POS" type="PROBLEM" />
<EVENT id="E91" start="2307" end="2333" text="The differential diagnosis" modality="FACTUAL" polarity="POS" type="OCCURRENCE" />
<EVENT id="E112" start="2343" end="2360" text="viral pneumonitis" modality="POSSIBLE" polarity="POS" type="PROBLEM" />
<EVENT id="E113" start="2363" end="2373" text="Mycoplasma" modality="POSSIBLE" polarity="POS" type="PROBLEM" />
<EVENT id="E114" start="2376" end="2385" text="Chlamydia" modality="POSSIBLE" polarity="POS" type="PROBLEM" />
<EVENT id="E92" start="2433" end="2453" text="the Hem / Onc Clinic" modality="FACTUAL" polarity="POS" type="CLINICAL_DEPT" />
<EVENT id="E54" start="2459" end="2477" text="chest wall nodules" modality="FACTUAL" polarity="POS" type="PROBLEM" />
<EVENT id="E55" start="2501" end="2518" text="tumor recurrences" modality="FACTUAL" polarity="POS" type="PROBLEM" />
<EVENT id="E115" start="2523" end="2531" text="biopsied" modality="FACTUAL" polarity="POS" type="TEST" />
<EVENT id="E56" start="2551" end="2573" text="mediastinal recurrence" modality="FACTUAL" polarity="POS" type="PROBLEM" />
<EVENT id="E57" start="2576" end="2585" text="bone scan" modality="FACTUAL" polarity="POS" type="TEST" />
<EVENT id="E58" start="2588" end="2605" text="head and liver CT" modality="FACTUAL" polarity="POS" type="TEST" />
<EVENT id="E116" start="2611" end="2619" text="negative" modality="FACTUAL" polarity="POS" type="TEST" />
<EVENT id="E59" start="2624" end="2642" text="metastatic disease" modality="FACTUAL" polarity="NEG" type="PROBLEM" />
<EVENT id="E88" start="264" end="272" text="admitted" modality="FACTUAL" polarity="POS" type="OCCURRENCE" />
<EVENT id="E60" start="2683" end="2705" text="high dose chemotherapy" modality="FACTUAL" polarity="POS" type="TREATMENT" />
<EVENT id="E61" start="2711" end="2715" text="GCSF" modality="FACTUAL" polarity="POS" type="TREATMENT" />
<EVENT id="E62" start="2720" end="2748" text="peripheral stem cell support" modality="FACTUAL" polarity="POS" type="TREATMENT" />
<EVENT id="E63" start="2751" end="2764" text="Complications" modality="FACTUAL" polarity="POS" type="PROBLEM" />
<EVENT id="E64" start="2785" end="2801" text="myelosuppression" modality="FACTUAL" polarity="POS" type="PROBLEM" />
<EVENT id="E65" start="2806" end="2815" text="mucositis" modality="FACTUAL" polarity="POS" type="PROBLEM" />
<EVENT id="E66" start="2837" end="2851" text="Klebsiella UTI" modality="FACTUAL" polarity="POS" type="PROBLEM" />
<EVENT id="E5" start="287" end="292" text="fever" modality="FACTUAL" polarity="POS" type="PROBLEM" />
<EVENT id="E117" start="2858" end="2874" text="the second cycle" modality="FACTUAL" polarity="POS" type="TREATMENT" />
<EVENT id="E67" start="2878" end="2900" text="high dose chemotherapy" modality="FACTUAL" polarity="POS" type="TREATMENT" />
<EVENT id="E87" start="29" end="38" text="Discharge" modality="FACTUAL" polarity="POS" type="OCCURRENCE" />
<EVENT id="E68" start="2923" end="2927" text="gent" modality="FACTUAL" polarity="POS" type="TREATMENT" />
<EVENT id="E69" start="2932" end="2937" text="Cipro" modality="FACTUAL" polarity="POS" type="TREATMENT" />
<EVENT id="E70" start="2940" end="2950" text="Re-staging" modality="FACTUAL" polarity="POS" type="TEST" />
<EVENT id="E6" start="295" end="316" text="chest wall ulceration" modality="FACTUAL" polarity="POS" type="PROBLEM" />
<EVENT id="E118" start="2970" end="2976" text="showed" modality="FACTUAL" polarity="POS" type="EVIDENTIAL" />
<EVENT id="E119" start="2977" end="3012" text="a decrease in the pretracheal nodes" modality="FACTUAL" polarity="POS" type="OCCURRENCE" />
<EVENT id="E71" start="3030" end="3054" text="some lymphangitic spread" modality="POSSIBLE" polarity="POS" type="PROBLEM" />
<EVENT id="E72" start="3062" end="3078" text="some pneumonitis" modality="POSSIBLE" polarity="POS" type="PROBLEM" />
<EVENT id="E120" start="3106" end="3122" text="her first course" modality="FACTUAL" polarity="POS" type="OCCURRENCE" />
<EVENT id="E73" start="3126" end="3134" text="thiotepa" modality="FACTUAL" polarity="POS" type="TREATMENT" />
<EVENT id="E74" start="3139" end="3145" text="Velban" modality="FACTUAL" polarity="POS" type="TREATMENT" />
<EVENT id="E75" start="3150" end="3162" text="Methotrexate" modality="FACTUAL" polarity="POS" type="TREATMENT" />
<EVENT id="E76" start="3180" end="3206" text="some red cell transfusions" modality="FACTUAL" polarity="POS" type="TREATMENT" />
<EVENT id="E7" start="319" end="329" text="cellulitis" modality="FACTUAL" polarity="POS" type="PROBLEM" />
<EVENT id="E121" start="3228" end="3236" text="admitted" modality="FACTUAL" polarity="POS" type="OCCURRENCE" />
<EVENT id="E77" start="3241" end="3246" text="fever" modality="FACTUAL" polarity="POS" type="PROBLEM" />
<EVENT id="E78" start="3251" end="3262" text="neutropenia" modality="FACTUAL" polarity="POS" type="PROBLEM" />
<EVENT id="E79" start="3284" end="3289" text="a UTI" modality="FACTUAL" polarity="POS" type="PROBLEM" />
<EVENT id="E80" start="3295" end="3319" text="blood clots in the urine" modality="FACTUAL" polarity="POS" type="PROBLEM" />
<EVENT id="E8" start="334" end="346" text="pain control" modality="FACTUAL" polarity="POS" type="TREATMENT" />
<EVENT id="E122" start="3334" end="3342" text="presents" modality="FACTUAL" polarity="POS" type="OCCURRENCE" />
<EVENT id="E123" start="3354" end="3364" text="complaints" modality="FACTUAL" polarity="POS" type="EVIDENTIAL" />
<EVENT id="E81" start="3368" end="3373" text="fever" modality="FACTUAL" polarity="POS" type="PROBLEM" />
<EVENT id="E82" start="3378" end="3391" text="a temperature" modality="FACTUAL" polarity="POS" type="TEST" />
<EVENT id="E83" start="3426" end="3434" text="diarrhea" modality="FACTUAL" polarity="POS" type="PROBLEM" />
<EVENT id="E124" start="3464" end="3474" text="complaints" modality="FACTUAL" polarity="POS" type="EVIDENTIAL" />
<EVENT id="E93" start="3478" end="3487" text="admission" modality="FACTUAL" polarity="POS" type="OCCURRENCE" />
<EVENT id="E84" start="3496" end="3505" text="confusion" modality="FACTUAL" polarity="POS" type="PROBLEM" />
<EVENT id="E85" start="3508" end="3514" text="nausea" modality="FACTUAL" polarity="POS" type="PROBLEM" />
<EVENT id="E86" start="3519" end="3527" text="vomiting" modality="FACTUAL" polarity="POS" type="PROBLEM" />
<EVENT id="E94" start="367" end="376" text="presented" modality="FACTUAL" polarity="POS" type="OCCURRENCE" />
<EVENT id="E9" start="398" end="426" text="a tender right axillary mass" modality="FACTUAL" polarity="POS" type="PROBLEM" />
<EVENT id="E95" start="429" end="440" text="A mammogram" modality="FACTUAL" polarity="POS" type="TEST" />
<EVENT id="E96" start="467" end="475" text="negative" modality="FACTUAL" polarity="POS" type="TEST" />
<EVENT id="E10" start="488" end="499" text="mammography" modality="FACTUAL" polarity="POS" type="TEST" />
<EVENT id="E97" start="525" end="531" text="showed" modality="FACTUAL" polarity="POS" type="EVIDENTIAL" />
<EVENT id="E11" start="532" end="555" text="bilateral breast masses" modality="FACTUAL" polarity="POS" type="PROBLEM" />
<EVENT id="E12" start="573" end="582" text="carcinoma" modality="POSSIBLE" polarity="POS" type="PROBLEM" />
<EVENT id="E13" start="585" end="607" text="Fine needle aspiration" modality="FACTUAL" polarity="POS" type="TEST" />
<EVENT id="E98" start="629" end="641" text="demonstrated" modality="FACTUAL" polarity="POS" type="EVIDENTIAL" />
<EVENT id="E14" start="642" end="656" text="atypical cells" modality="FACTUAL" polarity="POS" type="PROBLEM" />
<EVENT id="E15" start="697" end="715" text="Staging evaluation" modality="FACTUAL" polarity="POS" type="TEST" />
<EVENT id="E89" start="725" end="752" text="normal liver function tests" modality="FACTUAL" polarity="POS" type="TEST" />
<EVENT id="E90" start="755" end="774" text="normal blood counts" modality="FACTUAL" polarity="POS" type="TEST" />
<EVENT id="E99" start="779" end="797" text="normal chest x-ray" modality="FACTUAL" polarity="POS" type="TEST" />
<EVENT id="E16" start="800" end="809" text="Bone scan" modality="FACTUAL" polarity="POS" type="TEST" />
<EVENT id="E100" start="810" end="816" text="showed" modality="FACTUAL" polarity="POS" type="EVIDENTIAL" />
<EVENT id="E101" start="817" end="843" text="degenerative joint disease" modality="FACTUAL" polarity="POS" type="PROBLEM" />
<EVENT id="E103" start="889" end="918" text="increased radio chaser uptake" modality="FACTUAL" polarity="POS" type="PROBLEM" />
<EVENT id="E19" start="976" end="1003" text="a right modified mastectomy" modality="FACTUAL" polarity="POS" type="TREATMENT" />
<TIMEX3 id="T7" start="1034" end="1051" text="November 4 , 1991" type="DATE" val="1991-11-04" mod="NA" />
<TIMEX3 id="T1" start="18" end="28" text="01/05/1994" type="DATE" val="1994-01-05" mod="NA" />
<TIMEX3 id="T11" start="1997" end="2008" text="four cycles" type="FREQUENCY" val="R4" mod="NA" />
<TIMEX3 id="T8" start="2401" end="2414" text="December 1993" type="DATE" val="1993-12" mod="NA" />
<TIMEX3 id="T3" start="244" end="253" text="June 1994" type="DATE" val="1994-06" mod="NA" />
<TIMEX3 id="T9" start="276" end="282" text="1-5-94" type="DATE" val="1994-01-05" mod="NA" />
<TIMEX3 id="T12" start="2959" end="2969" text="April 1993" type="DATE" val="1993-04" mod="NA" />
<TIMEX3 id="T0" start="3084" end="3092" text="May 1994" type="DATE" val="1993-05" mod="NA" />
<TIMEX3 id="T13" start="3212" end="3219" text="mid May" type="DATE" val="1994-05" mod="MORE" />
<TIMEX3 id="T16" start="3270" end="3279" text="that time" type="DATE" val="1003-05-15" mod="APPROX" />
<TIMEX3 id="T14" start="3343" end="3348" text="today" type="DATE" val="1994-01-05" mod="NA" />
<TIMEX3 id="T15" start="3441" end="3449" text="November" type="DATE" val="1993-11" mod="NA" />
<TIMEX3 id="T4" start="380" end="392" text="October 1991" type="DATE" val="1991-10" mod="NA" />
<TIMEX3 id="T5" start="449" end="462" text="November 1990" type="DATE" val="1990-11" mod="NA" />
<TIMEX3 id="T2" start="46" end="56" text="01/25/1994" type="DATE" val="1994-01-25" mod="NA" />
<TIMEX3 id="T6" start="512" end="524" text="October 1991" type="DATE" val="1991-10" mod="NA" />
<TIMEX3 id="T10" start="611" end="628" text="October 23 , 1991" type="DATE" val="1991-10-23" mod="NA" />
<SECTIME id="S0" start="18" end="28" text="01/05/1994" type="ADMISSION" dvalue="1994-01-05" />
<SECTIME id="S1" start="46" end="56" text="01/25/1994" type="DISCHARGE" dvalue="1994-01-25" />
<TLINK id="TL91" fromID="E57" fromText="bone scan" toID="T1" toText="01/05/1994" type="BEFORE" />
<TLINK id="TL96" fromID="E80" fromText="blood clots in the urine" toID="T1" toText="01/05/1994" type="BEFORE" />
<TLINK id="TL192" fromID="E120" fromText="her first course" toID="T1" toText="01/05/1994" type="BEFORE" />
<TLINK id="TL253" fromID="E56" fromText="mediastinal recurrence" toID="E57" toText="bone scan" type="OVERLAP" />
<TLINK id="TL320" fromID="E74" fromText="Velban" toID="E75" toText="Methotrexate" type="OVERLAP" />
<TLINK id="TL352" fromID="E33" fromText="her tumor" toID="T1" toText="01/05/1994" type="BEFORE" />
<TLINK id="TL442" fromID="E14" fromText="atypical cells" toID="T1" toText="01/05/1994" type="BEFORE" />
<TLINK id="TL512" fromID="E100" fromText="showed" toID="T1" toText="01/05/1994" type="BEFORE" />
<TLINK id="TL713" fromID="E105" fromText="metastatic cancer" toID="T1" toText="01/05/1994" type="BEFORE" />
<TLINK id="TL753" fromID="E59" fromText="metastatic disease" toID="T1" toText="01/05/1994" type="BEFORE" />
<TLINK id="TL850" fromID="E74" fromText="Velban" toID="T1" toText="01/05/1994" type="BEFORE" />
<TLINK id="TL977" fromID="E49" fromText="ABGs" toID="E50" toText="a pO2" type="OVERLAP" />
<TLINK id="TL1111" fromID="E37" fromText="Cytoxan" toID="T1" toText="01/05/1994" type="BEFORE" />
<TLINK id="TL1170" fromID="E98" fromText="demonstrated" toID="E14" toText="atypical cells" type="AFTER" />
<TLINK id="TL1199" fromID="E52" fromText="Chest x-ray" toID="E53" toText="diffuse interstitial infiltrates" type="AFTER" />
<TLINK id="TL1248" fromID="E54" fromText="chest wall nodules" toID="T1" toText="01/05/1994" type="BEFORE" />
<TLINK id="TL1288" fromID="E9" fromText="a tender right axillary mass" toID="T1" toText="01/05/1994" type="BEFORE" />
<TLINK id="TL1324" fromID="E123" fromText="complaints" toID="T1" toText="01/05/1994" type="BEFORE" />
<TLINK id="TL1510" fromID="E117" fromText="the second cycle" toID="E67" toText="high dose chemotherapy" type="OVERLAP" />
<TLINK id="TL1613" fromID="E75" fromText="Methotrexate" toID="T1" toText="01/05/1994" type="BEFORE" />
<TLINK id="TL1777" fromID="E6" fromText="chest wall ulceration" toID="E8" toText="pain control" type="BEFORE" />
<TLINK id="TL1840" fromID="E40" fromText="5-FU" toID="T1" toText="01/05/1994" type="BEFORE" />
<TLINK id="TL2128" fromID="E88" fromText="admitted" toID="E8" toText="pain control" type="BEFORE" />
<TLINK id="TL2150" fromID="E41" fromText="Adriamycin" toID="T1" toText="01/05/1994" type="BEFORE" />
<TLINK id="TL2224" fromID="E106" fromText="local and metastatic recurrence" toID="E33" toText="her tumor" type="OVERLAP" />
<TLINK id="TL2333" fromID="E97" fromText="showed" toID="T1" toText="01/05/1994" type="BEFORE" />
<TLINK id="TL2388" fromID="E42" fromText="Prednisone" toID="T1" toText="01/05/1994" type="BEFORE" />
<TLINK id="TL2503" fromID="E38" fromText="Methotrexate" toID="E42" toText="Prednisone" type="OVERLAP" />
<TLINK id="TL2642" fromID="E42" fromText="Prednisone" toID="T11" toText="four cycles" type="OVERLAP" />
<TLINK id="TL2666" fromID="E10" fromText="mammography" toID="T6" toText="October 1991" type="OVERLAP" />
<TLINK id="TL2755" fromID="E52" fromText="Chest x-ray" toID="T1" toText="01/05/1994" type="BEFORE" />
<TLINK id="TL2756" fromID="E53" fromText="diffuse interstitial infiltrates" toID="T1" toText="01/05/1994" type="BEFORE" />
<TLINK id="TL2761" fromID="E71" fromText="some lymphangitic spread" toID="T1" toText="01/05/1994" type="BEFORE" />
<TLINK id="TL2768" fromID="E46" fromText="fever" toID="T1" toText="01/05/1994" type="BEFORE" />
<TLINK id="TL2787" fromID="E30" fromText="a large hematoma" toID="T1" toText="01/05/1994" type="BEFORE" />
<TLINK id="TL2862" fromID="E94" fromText="presented" toID="T4" toText="October 1991" type="OVERLAP" />
<TLINK id="TL2937" fromID="E13" fromText="Fine needle aspiration" toID="E14" toText="atypical cells" type="AFTER" />
<TLINK id="TL3047" fromID="E5" fromText="fever" toID="E6" toText="chest wall ulceration" type="OVERLAP" />
<TLINK id="TL3133" fromID="E89" fromText="normal liver function tests" toID="E99" toText="normal chest x-ray" type="OVERLAP" />
<TLINK id="TL3249" fromID="E84" fromText="confusion" toID="E86" toText="vomiting" type="OVERLAP" />
<TLINK id="TL3351" fromID="E3" fromText="PBSE" toID="T1" toText="01/05/1994" type="BEFORE" />
<TLINK id="TL3381" fromID="T10" fromText="October 23 , 1991" toID="E14" toText="atypical cells" type="AFTER" />
<TLINK id="TL3396" fromID="E108" fromText="cycle 4" toID="T1" toText="01/05/1994" type="BEFORE" />
<TLINK id="TL3523" fromID="E45" fromText="a flu-like illness" toID="E46" toText="fever" type="OVERLAP" />
<TLINK id="TL3527" fromID="E26" fromText="The left simple mastectomy" toID="T1" toText="01/05/1994" type="BEFORE" />
<TLINK id="TL3870" fromID="E69" fromText="Cipro" toID="T1" toText="01/05/1994" type="BEFORE" />
<TLINK id="TL4040" fromID="E21" fromText="The right modified radical mastectomy" toID="E22" toText="a 5.5 cm poorly differentiated , Grade III out of III infiltrating ductal carcinoma" type="OVERLAP" />
<TLINK id="TL4093" fromID="T4" fromText="October 1991" toID="E9" toText="a tender right axillary mass" type="BEFORE" />
<TLINK id="TL4099" fromID="E117" fromText="the second cycle" toID="T1" toText="01/05/1994" type="BEFORE" />
<TLINK id="TL4437" fromID="T8" fromText="December 1993" toID="E54" toText="chest wall nodules" type="BEFORE" />
<TLINK id="TL4573" fromID="E113" fromText="Mycoplasma" toID="E114" toText="Chlamydia" type="OVERLAP" />
<TLINK id="TL4577" fromID="E97" fromText="showed" toID="E11" toText="bilateral breast masses" type="AFTER" />
<TLINK id="TL4612" fromID="E36" fromText="CMSAP" toID="T1" toText="01/05/1994" type="BEFORE" />
<TLINK id="TL4613" fromID="E88" fromText="admitted" toID="E6" toText="chest wall ulceration" type="AFTER" />
<TLINK id="TL4745" fromID="E94" fromText="presented" toID="E9" toText="a tender right axillary mass" type="AFTER" />
<TLINK id="TL5118" fromID="E1" fromText="a metastatic adenocarcinoma of the breast" toID="T1" toText="01/05/1994" type="BEFORE" />
<TLINK id="TL5445" fromID="T9" fromText="1-5-94" toID="E7" toText="cellulitis" type="AFTER" />
<TLINK id="TL5477" fromID="E122" fromText="presents" toID="T14" toText="today" type="OVERLAP" />
<TLINK id="TL5506" fromID="E38" fromText="Methotrexate" toID="T1" toText="01/05/1994" type="BEFORE" />
<TLINK id="TL5530" fromID="E78" fromText="neutropenia" toID="T1" toText="01/05/1994" type="BEFORE" />
<TLINK id="TL5724" fromID="E64" fromText="myelosuppression" toID="E65" toText="mucositis" type="OVERLAP" />
<TLINK id="TL6291" fromID="E11" fromText="bilateral breast masses" toID="T1" toText="01/05/1994" type="BEFORE" />
<TLINK id="TL6315" fromID="E79" fromText="a UTI" toID="E80" toText="blood clots in the urine" type="OVERLAP" />
<TLINK id="TL6645" fromID="E100" fromText="showed" toID="E101" toText="degenerative joint disease" type="AFTER" />
<TLINK id="TL6691" fromID="T9" fromText="1-5-94" toID="E8" toText="pain control" type="BEFORE" />
<TLINK id="TL6863" fromID="E38" fromText="Methotrexate" toID="E75" toText="Methotrexate" type="OVERLAP" />
<TLINK id="TL6933" fromID="E61" fromText="GCSF" toID="T1" toText="01/05/1994" type="BEFORE" />
<TLINK id="TL6955" fromID="E37" fromText="Cytoxan" toID="E38" toText="Methotrexate" type="OVERLAP" />
<TLINK id="TL7068" fromID="E87" fromText="Discharge" toID="T2" toText="01/25/1994" type="OVERLAP" />
<TLINK id="TL7075" fromID="E66" fromText="Klebsiella UTI" toID="E117" toText="the second cycle" type="AFTER" />
<TLINK id="TL7141" fromID="E89" fromText="normal liver function tests" toID="T1" toText="01/05/1994" type="BEFORE" />
<TLINK id="TL7229" fromID="E41" fromText="Adriamycin" toID="E42" toText="Prednisone" type="OVERLAP" />
<TLINK id="TL7417" fromID="E91" fromText="The differential diagnosis" toID="E112" toText="viral pneumonitis" type="OVERLAP" />
<TLINK id="TL7611" fromID="E91" fromText="The differential diagnosis" toID="T1" toText="01/05/1994" type="BEFORE" />
<TLINK id="TL7714" fromID="E88" fromText="admitted" toID="T9" toText="1-5-94" type="OVERLAP" />
<TLINK id="TL7812" fromID="T10" fromText="October 23 , 1991" toID="E98" toText="demonstrated" type="OVERLAP" />
<TLINK id="TL7815" fromID="E108" fromText="cycle 4" toID="E45" toText="a flu-like illness" type="OVERLAP" />
<TLINK id="TL8015" fromID="E19" fromText="a right modified mastectomy" toID="T7" toText="November 4 , 1991" type="OVERLAP" />
<TLINK id="TL8172" fromID="T12" fromText="April 1993" toID="E118" toText="showed" type="OVERLAP" />
<TLINK id="TL8396" fromID="E13" fromText="Fine needle aspiration" toID="T10" toText="October 23 , 1991" type="OVERLAP" />
<TLINK id="TL8428" fromID="E109" fromText="showed" toID="E50" toText="a pO2" type="OVERLAP" />
<TLINK id="TL8466" fromID="E15" fromText="Staging evaluation" toID="T1" toText="01/05/1994" type="BEFORE" />
<TLINK id="TL8598" fromID="E98" fromText="demonstrated" toID="T1" toText="01/05/1994" type="BEFORE" />
<TLINK id="TL8795" fromID="T9" fromText="1-5-94" toID="E5" toText="fever" type="AFTER" />
<TLINK id="TL8797" fromID="E116" fromText="negative" toID="T1" toText="01/05/1994" type="BEFORE" />
<TLINK id="TL8854" fromID="E49" fromText="ABGs" toID="E109" toText="showed" type="OVERLAP" />
<TLINK id="TL8954" fromID="E121" fromText="admitted" toID="E77" toText="fever" type="AFTER" />
<TLINK id="TL9073" fromID="E90" fromText="normal blood counts" toID="T1" toText="01/05/1994" type="BEFORE" />
<TLINK id="TL9196" fromID="E43" fromText="mucositis" toID="E44" toText="myelosuppression" type="OVERLAP" />
<TLINK id="TL9334" fromID="E94" fromText="presented" toID="T1" toText="01/05/1994" type="BEFORE" />
<TLINK id="TL9417" fromID="E106" fromText="local and metastatic recurrence" toID="T1" toText="01/05/1994" type="AFTER" />
<TLINK id="TL9481" fromID="E57" fromText="bone scan" toID="E116" toText="negative" type="OVERLAP" />
<TLINK id="TL9537" fromID="E95" fromText="A mammogram" toID="T1" toText="01/05/1994" type="BEFORE" />
<TLINK id="TL9551" fromID="E114" fromText="Chlamydia" toID="T1" toText="01/05/1994" type="BEFORE" />
<TLINK id="TL9590" fromID="E70" fromText="Re-staging" toID="T1" toText="01/05/1994" type="BEFORE" />
<TLINK id="TL9877" fromID="E81" fromText="fever" toID="T1" toText="01/05/1994" type="BEFORE" />
<TLINK id="TL10021" fromID="E88" fromText="admitted" toID="E7" toText="cellulitis" type="AFTER" />
<TLINK id="TL10072" fromID="E56" fromText="mediastinal recurrence" toID="T1" toText="01/05/1994" type="BEFORE" />
<TLINK id="TL10084" fromID="E60" fromText="high dose chemotherapy" toID="E67" toText="high dose chemotherapy" type="OVERLAP" />
<TLINK id="TL10139" fromID="E39" fromText="Leukovoranrescue" toID="T1" toText="01/05/1994" type="BEFORE" />
<TLINK id="TL10285" fromID="E85" fromText="nausea" toID="E86" toText="vomiting" type="OVERLAP" />
<TLINK id="TL10345" fromID="E92" fromText="the Hem / Onc Clinic" toID="E54" toText="chest wall nodules" type="OVERLAP" />
<TLINK id="TL10411" fromID="E104" fromText="a mass" toID="E105" toText="metastatic cancer" type="OVERLAP" />
<TLINK id="TL10432" fromID="E8" fromText="pain control" toID="T1" toText="01/05/1994" type="BEFORE" />
<TLINK id="TL10486" fromID="E55" fromText="tumor recurrences" toID="E115" toText="biopsied" type="OVERLAP" />
<TLINK id="TL10654" fromID="T0" fromText="May 1994" toID="E120" toText="her first course" type="OVERLAP" />
<TLINK id="TL10891" fromID="E40" fromText="5-FU" toID="E41" toText="Adriamycin" type="OVERLAP" />
<TLINK id="TL10916" fromID="E40" fromText="5-FU" toID="E42" toText="Prednisone" type="OVERLAP" />
<TLINK id="TL10973" fromID="E16" fromText="Bone scan" toID="E100" toText="showed" type="OVERLAP" />
<TLINK id="TL11042" fromID="E107" fromText="dose reductions" toID="E43" toText="mucositis" type="AFTER" />
<TLINK id="TL11380" fromID="E38" fromText="Methotrexate" toID="E39" toText="Leukovoranrescue" type="OVERLAP" />
<TLINK id="TL11424" fromID="E21" fromText="The right modified radical mastectomy" toID="T1" toText="01/05/1994" type="BEFORE" />
<TLINK id="TL11544" fromID="E50" fromText="a pO2" toID="E51" toText="pH" type="OVERLAP" />
<TLINK id="TL11958" fromID="E6" fromText="chest wall ulceration" toID="T1" toText="01/05/1994" type="BEFORE" />
<TLINK id="TL12064" fromID="E66" fromText="Klebsiella UTI" toID="T1" toText="01/05/1994" type="BEFORE" />
<TLINK id="TL12239" fromID="E7" fromText="cellulitis" toID="T1" toText="01/05/1994" type="BEFORE" />
<TLINK id="TL12275" fromID="E20" fromText="left simple mastectomy" toID="T1" toText="01/05/1994" type="BEFORE" />
<TLINK id="TL12357" fromID="E24" fromText="metastatic carcinoma" toID="T1" toText="01/05/1994" type="BEFORE" />
<TLINK id="TL12370" fromID="E79" fromText="a UTI" toID="T1" toText="01/05/1994" type="BEFORE" />
<TLINK id="TL12373" fromID="E46" fromText="fever" toID="E47" toText="nonproductive cough" type="OVERLAP" />
<TLINK id="TL12420" fromID="E16" fromText="Bone scan" toID="E103" toText="increased radio chaser uptake" type="AFTER" />
<TLINK id="TL12491" fromID="E20" fromText="left simple mastectomy" toID="T7" toText="November 4 , 1991" type="OVERLAP" />
<TLINK id="TL12577" fromID="E122" fromText="presents" toID="T1" toText="01/05/1994" type="OVERLAP" />
<TLINK id="TL12643" fromID="E19" fromText="a right modified mastectomy" toID="T1" toText="01/05/1994" type="BEFORE" />
<TLINK id="TL12756" fromID="E16" fromText="Bone scan" toID="E101" toText="degenerative joint disease" type="AFTER" />
<TLINK id="TL12819" fromID="E77" fromText="fever" toID="T1" toText="01/05/1994" type="BEFORE" />
<TLINK id="TL12869" fromID="E104" fromText="a mass" toID="T1" toText="01/05/1994" type="BEFORE" />
<TLINK id="TL13202" fromID="E96" fromText="negative" toID="T1" toText="01/05/1994" type="BEFORE" />
<TLINK id="TL13359" fromID="E76" fromText="some red cell transfusions" toID="T1" toText="01/05/1994" type="BEFORE" />
<TLINK id="TL13374" fromID="E92" fromText="the Hem / Onc Clinic" toID="T1" toText="01/05/1994" type="BEFORE" />
<TLINK id="TL13434" fromID="E2" fromText="high dose chemotherapy" toID="T1" toText="01/05/1994" type="BEFORE" />
<TLINK id="TL13440" fromID="E39" fromText="Leukovoranrescue" toID="E40" toText="5-FU" type="OVERLAP" />
<TLINK id="TL13458" fromID="E5" fromText="fever" toID="T1" toText="01/05/1994" type="BEFORE" />
<TLINK id="TL13484" fromID="E119" fromText="a decrease in the pretracheal nodes" toID="T1" toText="01/05/1994" type="BEFORE" />
<TLINK id="TL13495" fromID="E84" fromText="confusion" toID="T1" toText="01/05/1994" type="BEFORE" />
<TLINK id="TL13597" fromID="E19" fromText="a right modified mastectomy" toID="E20" toText="left simple mastectomy" type="OVERLAP" />
<TLINK id="TL13791" fromID="E60" fromText="high dose chemotherapy" toID="E61" toText="GCSF" type="OVERLAP" />
<TLINK id="TL14071" fromID="E13" fromText="Fine needle aspiration" toID="T1" toText="01/05/1994" type="BEFORE" />
<TLINK id="TL14077" fromID="E4" fromText="CCSS support" toID="T3" toText="June 1994" type="OVERLAP" />
<TLINK id="TL14237" fromID="E115" fromText="biopsied" toID="T1" toText="01/05/1994" type="BEFORE" />
<TLINK id="TL14319" fromID="E15" fromText="Staging evaluation" toID="E90" toText="normal blood counts" type="OVERLAP" />
<TLINK id="TL14535" fromID="E50" fromText="a pO2" toID="T1" toText="01/05/1994" type="BEFORE" />
<TLINK id="TL14659" fromID="E95" fromText="A mammogram" toID="T5" toText="November 1990" type="OVERLAP" />
<TLINK id="TL14667" fromID="E27" fromText="5.5 cm poorly differentiated infiltrating ductal and intraductal carcinoma" toID="E28" toText="extensive lymphatic vessel invasion" type="OVERLAP" />
<TLINK id="TL14748" fromID="E54" fromText="chest wall nodules" toID="E55" toText="tumor recurrences" type="OVERLAP" />
<TLINK id="TL14760" fromID="E3" fromText="PBSE" toID="E4" toText="CCSS support" type="OVERLAP" />
<TLINK id="TL14959" fromID="T0" fromText="May 1994" toID="E73" toText="thiotepa" type="OVERLAP" />
<TLINK id="TL14961" fromID="E110" fromText="pO2" toID="T1" toText="01/05/1994" type="BEFORE" />
<TLINK id="TL15021" fromID="E101" fromText="degenerative joint disease" toID="T1" toText="01/05/1994" type="BEFORE" />
<TLINK id="TL15031" fromID="E73" fromText="thiotepa" toID="E74" toText="Velban" type="OVERLAP" />
<TLINK id="TL15093" fromID="T8" fromText="December 1993" toID="E92" toText="the Hem / Onc Clinic" type="OVERLAP" />
<TLINK id="TL15112" fromID="E93" fromText="admission" toID="T1" toText="01/05/1994" type="BEFORE" />
<TLINK id="TL15311" fromID="E15" fromText="Staging evaluation" toID="E89" toText="normal liver function tests" type="OVERLAP" />
<TLINK id="TL15346" fromID="E111" fromText="showed" toID="T1" toText="01/05/1994" type="BEFORE" />
<TLINK id="TL15453" fromID="E10" fromText="mammography" toID="T1" toText="01/05/1994" type="BEFORE" />
<TLINK id="TL15581" fromID="E99" fromText="normal chest x-ray" toID="T1" toText="01/05/1994" type="BEFORE" />
<TLINK id="TL15624" fromID="E13" fromText="Fine needle aspiration" toID="E98" toText="demonstrated" type="OVERLAP" />
<TLINK id="TL15787" fromID="E64" fromText="myelosuppression" toID="T1" toText="01/05/1994" type="BEFORE" />
<TLINK id="TL15855" fromID="E67" fromText="high dose chemotherapy" toID="T1" toText="01/05/1994" type="BEFORE" />
<TLINK id="TL16066" fromID="E32" fromText="a Stage III-A adenocarcinoma of the breast" toID="T1" toText="01/05/1994" type="BEFORE" />
<TLINK id="TL16152" fromID="E30" fromText="a large hematoma" toID="E31" toText="surgical drainage" type="BEFORE" />
<TLINK id="TL16221" fromID="E62" fromText="peripheral stem cell support" toID="T1" toText="01/05/1994" type="BEFORE" />
<TLINK id="TL16246" fromID="E48" fromText="dyspnea" toID="T1" toText="01/05/1994" type="BEFORE" />
<TLINK id="TL16351" fromID="E55" fromText="tumor recurrences" toID="T1" toText="01/05/1994" type="BEFORE" />
<TLINK id="TL16364" fromID="E60" fromText="high dose chemotherapy" toID="T1" toText="01/05/1994" type="BEFORE" />
<TLINK id="TL16393" fromID="E31" fromText="surgical drainage" toID="T1" toText="01/05/1994" type="BEFORE" />
<TLINK id="TL16438" fromID="E58" fromText="head and liver CT" toID="T1" toText="01/05/1994" type="BEFORE" />
<TLINK id="TL16661" fromID="E2" fromText="high dose chemotherapy" toID="E3" toText="PBSE" type="OVERLAP" />
<TLINK id="TL16733" fromID="E88" fromText="admitted" toID="E5" toText="fever" type="AFTER" />
<TLINK id="TL16842" fromID="E61" fromText="GCSF" toID="E62" toText="peripheral stem cell support" type="OVERLAP" />
<TLINK id="TL16862" fromID="E109" fromText="showed" toID="T1" toText="01/05/1994" type="BEFORE" />
<TLINK id="TL16989" fromID="E68" fromText="gent" toID="T1" toText="01/05/1994" type="BEFORE" />
<TLINK id="TL17436" fromID="E84" fromText="confusion" toID="E85" toText="nausea" type="OVERLAP" />
<TLINK id="TL17613" fromID="E28" fromText="extensive lymphatic vessel invasion" toID="T1" toText="01/05/1994" type="BEFORE" />
<TLINK id="TL17631" fromID="E7" fromText="cellulitis" toID="E8" toText="pain control" type="BEFORE" />
<TLINK id="TL17794" fromID="T9" fromText="1-5-94" toID="E6" toText="chest wall ulceration" type="AFTER" />
<TLINK id="TL17832" fromID="E82" fromText="a temperature" toID="T1" toText="01/05/1994" type="BEFORE" />
<TLINK id="TL17856" fromID="E121" fromText="admitted" toID="E78" toText="neutropenia" type="AFTER" />
<TLINK id="TL17863" fromID="E16" fromText="Bone scan" toID="T1" toText="01/05/1994" type="BEFORE" />
<TLINK id="TL17942" fromID="E22" fromText="a 5.5 cm poorly differentiated , Grade III out of III infiltrating ductal carcinoma" toID="T1" toText="01/05/1994" type="BEFORE" />
<TLINK id="TL18061" fromID="E34" fromText="systemic chemotherapy" toID="E35" toText="radiation therapy" type="OVERLAP" />
<TLINK id="TL18089" fromID="E112" fromText="viral pneumonitis" toID="T1" toText="01/05/1994" type="BEFORE" />
<TLINK id="TL18290" fromID="E63" fromText="Complications" toID="T1" toText="01/05/1994" type="BEFORE" />
<TLINK id="TL18292" fromID="E43" fromText="mucositis" toID="T1" toText="01/05/1994" type="BEFORE" />
<TLINK id="TL18536" fromID="E27" fromText="5.5 cm poorly differentiated infiltrating ductal and intraductal carcinoma" toID="T1" toText="01/05/1994" type="BEFORE" />
<TLINK id="TL18616" fromID="E35" fromText="radiation therapy" toID="T1" toText="01/05/1994" type="BEFORE" />
<TLINK id="TL18772" fromID="E10" fromText="mammography" toID="E11" toText="bilateral breast masses" type="AFTER" />
<TLINK id="TL18800" fromID="E83" fromText="diarrhea" toID="T1" toText="01/05/1994" type="BEFORE" />
<TLINK id="TL18926" fromID="E103" fromText="increased radio chaser uptake" toID="T1" toText="01/05/1994" type="BEFORE" />
<TLINK id="TL18981" fromID="E0" fromText="Admission" toID="T1" toText="01/05/1994" type="OVERLAP" />
<TLINK id="TL19218" fromID="E51" fromText="pH" toID="E110" toText="pO2" type="OVERLAP" />
<TLINK id="TL19299" fromID="E45" fromText="a flu-like illness" toID="T1" toText="01/05/1994" type="BEFORE" />
<TLINK id="TL19402" fromID="T13" fromText="mid May" toID="E78" toText="neutropenia" type="AFTER" />
<TLINK id="TL19460" fromID="E63" fromText="Complications" toID="E64" toText="myelosuppression" type="OVERLAP" />
<TLINK id="TL19570" fromID="E12" fromText="carcinoma" toID="T1" toText="01/05/1994" type="BEFORE" />
<TLINK id="TL19604" fromID="E47" fromText="nonproductive cough" toID="T1" toText="01/05/1994" type="BEFORE" />
<TLINK id="TL19663" fromID="E107" fromText="dose reductions" toID="T1" toText="01/05/1994" type="BEFORE" />
<TLINK id="TL19710" fromID="E72" fromText="some pneumonitis" toID="T1" toText="01/05/1994" type="BEFORE" />
<TLINK id="TL19768" fromID="E111" fromText="showed" toID="E53" toText="diffuse interstitial infiltrates" type="AFTER" />
<TLINK id="TL19859" fromID="E116" fromText="negative" toID="E59" toText="metastatic disease" type="AFTER" />
<TLINK id="TL20085" fromID="E34" fromText="systemic chemotherapy" toID="T1" toText="01/05/1994" type="BEFORE" />
<TLINK id="TL20268" fromID="E73" fromText="thiotepa" toID="T1" toText="01/05/1994" type="BEFORE" />
<TLINK id="TL20303" fromID="E44" fromText="myelosuppression" toID="T1" toText="01/05/1994" type="BEFORE" />
<TLINK id="TL20340" fromID="E47" fromText="nonproductive cough" toID="E48" toText="dyspnea" type="OVERLAP" />
<TLINK id="TL20383" fromID="E70" fromText="Re-staging" toID="E118" toText="showed" type="OVERLAP" />
<TLINK id="TL20499" fromID="E26" fromText="The left simple mastectomy" toID="E27" toText="5.5 cm poorly differentiated infiltrating ductal and intraductal carcinoma" type="OVERLAP" />
<TLINK id="TL20588" fromID="T6" fromText="October 1991" toID="E97" toText="showed" type="OVERLAP" />
<TLINK id="TL20748" fromID="E4" fromText="CCSS support" toID="T1" toText="01/05/1994" type="BEFORE" />
<TLINK id="TL20789" fromID="E100" fromText="showed" toID="E103" toText="increased radio chaser uptake" type="AFTER" />
<TLINK id="TL20985" fromID="E118" fromText="showed" toID="T1" toText="01/05/1994" type="BEFORE" />
<TLINK id="TL21146" fromID="E46" fromText="fever" toID="E48" toText="dyspnea" type="OVERLAP" />
<TLINK id="TL21379" fromID="E121" fromText="admitted" toID="T1" toText="01/05/1994" type="AFTER" />
<TLINK id="TL21589" fromID="E68" fromText="gent" toID="E69" toText="Cipro" type="OVERLAP" />
<TLINK id="TL21619" fromID="T13" fromText="mid May" toID="E77" toText="fever" type="AFTER" />
<TLINK id="TL21659" fromID="E107" fromText="dose reductions" toID="E44" toText="myelosuppression" type="AFTER" />
<TLINK id="TL21688" fromID="E10" fromText="mammography" toID="E97" toText="showed" type="OVERLAP" />
<TLINK id="TL21897" fromID="T13" fromText="mid May" toID="E121" toText="admitted" type="OVERLAP" />
<TLINK id="TL21935" fromID="E29" fromText="Estrogen receptor" toID="T1" toText="01/05/1994" type="BEFORE" />
<TLINK id="TL22004" fromID="E57" fromText="bone scan" toID="E58" toText="head and liver CT" type="OVERLAP" />
<TLINK id="TL22171" fromID="E58" fromText="head and liver CT" toID="E59" toText="metastatic disease" type="OVERLAP" />
<TLINK id="TL22181" fromID="E52" fromText="Chest x-ray" toID="E111" toText="showed" type="OVERLAP" />
<TLINK id="TL22299" fromID="E95" fromText="A mammogram" toID="E96" toText="negative" type="OVERLAP" />
<TLINK id="TL22359" fromID="E88" fromText="admitted" toID="T1" toText="01/05/1994" type="OVERLAP" />
<TLINK id="TL22592" fromID="E6" fromText="chest wall ulceration" toID="E7" toText="cellulitis" type="OVERLAP" />
<TLINK id="TL22612" fromID="E51" fromText="pH" toID="T1" toText="01/05/1994" type="BEFORE" />
<TLINK id="TL22949" fromID="E65" fromText="mucositis" toID="T1" toText="01/05/1994" type="BEFORE" />
<TLINK id="TL23266" fromID="E71" fromText="some lymphangitic spread" toID="E72" toText="some pneumonitis" type="OVERLAP" />
<TLINK id="TL23559" fromID="E5" fromText="fever" toID="E8" toText="pain control" type="BEFORE" />
<TLINK id="TL23584" fromID="E70" fromText="Re-staging" toID="T12" toText="April 1993" type="OVERLAP" />
<TLINK id="TL23704" fromID="E89" fromText="normal liver function tests" toID="E90" toText="normal blood counts" type="OVERLAP" />
<TLINK id="TL23903" fromID="E124" fromText="complaints" toID="T1" toText="01/05/1994" type="BEFORE" />
<TLINK id="TL24008" fromID="E58" fromText="head and liver CT" toID="E116" toText="negative" type="OVERLAP" />
<TLINK id="TL24109" fromID="E23" fromText="tumor" toID="T1" toText="01/05/1994" type="BEFORE" />
<TLINK id="TL24112" fromID="E90" fromText="normal blood counts" toID="E99" toText="normal chest x-ray" type="OVERLAP" />
<TLINK id="TL24127" fromID="E113" fromText="Mycoplasma" toID="T1" toText="01/05/1994" type="BEFORE" />
<TLINK id="TL24183" fromID="T5" fromText="November 1990" toID="E96" toText="negative" type="OVERLAP" />
<TLINK id="TL24184" fromID="E85" fromText="nausea" toID="T1" toText="01/05/1994" type="BEFORE" />
<TLINK id="TL24190" fromID="E49" fromText="ABGs" toID="T1" toText="01/05/1994" type="BEFORE" />
<TLINK id="TL24447" fromID="E77" fromText="fever" toID="E78" toText="neutropenia" type="OVERLAP" />
<TLINK id="TL24546" fromID="E86" fromText="vomiting" toID="T1" toText="01/05/1994" type="BEFORE" />
<TLINK id="TL24581" fromID="T16" fromText="that time" toID="E79" toText="a UTI" type="OVERLAP" />
<TLINK id="TL24755" fromID="E83" fromText="diarrhea" toID="T15" toText="November" type="AFTER" />
<TLINK id="TL24815" fromID="E120" fromText="her first course" toID="E73" toText="thiotepa" type="OVERLAP" />
<TLINK id="TL24858" fromID="E92" fromText="the Hem / Onc Clinic" toID="E55" toText="tumor recurrences" type="OVERLAP" />
<TLINK id="TL25026" fromID="E75" fromText="Methotrexate" toID="E76" toText="some red cell transfusions" type="BEFORE" />
</TAGS>
</ClinicalNarrativeTemporalAnnotation>
