<?xml version="1.0" encoding="UTF-8" ?>
<ClinicalNarrativeTemporalAnnotation>
<TEXT><![CDATA[
Admission Date :
2011-10-28
Discharge Date :
2011-12-01
Service :
Bone marrow transplant service
HOSPITAL COURSE OVER THESE PREVIOUS DAYS :
1. Liver lesions :
The patient went for a repeat MRI which showed no change in the previously noted enumerable hepatic cyst in her liver .
A Hepatology consult was obtained who felt that the most likely etiology of these cysts were from hepatic candidiasis , although one could not rule out lymphoma involving from Burkitt's .
She will be discharged on AmBisome 300 mg IV q.d. for treatment of her hepatic candidiasis .
This regimen , that being AmBisome , was recommended by the Infectious Disease physicians , who felt that AmBisome was a better drug of choice as compared to fluconazole .
2. Heme :
The patient 's platelets , white count , and hematocrit have all been stable .
Her white count remained elevated despite discontinuing her G-CSF .
However , the patient is not febrile and her white count should be continued to be watched .
3. On the morning of 12-01 , the patient had some transient episodes of hypotension with SBP s in the 70 s.
Her captopril was discontinued , and she was given two IV fluid boluses with appropriate response .
Her blood pressures and all of her vital signs are stable .
4. FEN :
The patient was continued on TPN over the past couple days .
She is also started on marinol 2.5 mg p.o. b.i.d. and encouraged p.o. intake .
]]></TEXT>
<TAGS>
<EVENT id="E0" start="1" end="10" text="Admission" modality="FACTUAL" polarity="POS" type="OCCURRENCE" />
<EVENT id="E27" start="1055" end="1066" text="hypotension" modality="FACTUAL" polarity="POS" type="PROBLEM" />
<EVENT id="E28" start="1072" end="1077" text="SBP s" modality="FACTUAL" polarity="POS" type="TEST" />
<EVENT id="E29" start="1091" end="1104" text="Her captopril" modality="FACTUAL" polarity="NEG" type="TREATMENT" />
<EVENT id="E30" start="1142" end="1162" text="two IV fluid boluses" modality="FACTUAL" polarity="POS" type="TREATMENT" />
<EVENT id="E31" start="1191" end="1210" text="Her blood pressures" modality="FACTUAL" polarity="POS" type="TEST" />
<EVENT id="E32" start="1222" end="1237" text="her vital signs" modality="FACTUAL" polarity="POS" type="TEST" />
<EVENT id="E33" start="1242" end="1248" text="stable" modality="FACTUAL" polarity="POS" type="OCCURRENCE" />
<EVENT id="E34" start="1289" end="1292" text="TPN" modality="FACTUAL" polarity="POS" type="TREATMENT" />
<EVENT id="E35" start="1344" end="1351" text="marinol" modality="FACTUAL" polarity="POS" type="TREATMENT" />
<EVENT id="E1" start="144" end="157" text="Liver lesions" modality="FACTUAL" polarity="POS" type="PROBLEM" />
<EVENT id="E2" start="181" end="193" text="a repeat MRI" modality="FACTUAL" polarity="POS" type="TEST" />
<EVENT id="E7" start="200" end="206" text="showed" modality="FACTUAL" polarity="POS" type="EVIDENTIAL" />
<EVENT id="E8" start="210" end="216" text="change" modality="FACTUAL" polarity="NEG" type="OCCURRENCE" />
<EVENT id="E3" start="220" end="277" text="the previously noted enumerable hepatic cyst in her liver" modality="FACTUAL" polarity="POS" type="PROBLEM" />
<EVENT id="E6" start="29" end="38" text="Discharge" modality="FACTUAL" polarity="POS" type="OCCURRENCE" />
<EVENT id="E9" start="356" end="367" text="these cysts" modality="FACTUAL" polarity="POS" type="PROBLEM" />
<EVENT id="E10" start="378" end="397" text="hepatic candidiasis" modality="FACTUAL" polarity="POS" type="PROBLEM" />
<EVENT id="E11" start="432" end="440" text="lymphoma" modality="POSSIBLE" polarity="POS" type="PROBLEM" />
<EVENT id="E4" start="456" end="465" text="Burkitt's" modality="POSSIBLE" polarity="POS" type="PROBLEM" />
<EVENT id="E12" start="480" end="490" text="discharged" modality="FACTUAL" polarity="POS" type="OCCURRENCE" />
<EVENT id="E13" start="494" end="502" text="AmBisome" modality="FACTUAL" polarity="POS" type="TREATMENT" />
<EVENT id="E14" start="535" end="558" text="her hepatic candidiasis" modality="FACTUAL" polarity="POS" type="PROBLEM" />
<EVENT id="E15" start="561" end="573" text="This regimen" modality="FACTUAL" polarity="POS" type="TREATMENT" />
<EVENT id="E16" start="587" end="595" text="AmBisome" modality="FACTUAL" polarity="POS" type="TREATMENT" />
<EVENT id="E17" start="667" end="675" text="AmBisome" modality="FACTUAL" polarity="POS" type="TREATMENT" />
<EVENT id="E18" start="719" end="730" text="fluconazole" modality="FACTUAL" polarity="NEG" type="TREATMENT" />
<EVENT id="E19" start="743" end="767" text="The patient 's platelets" modality="FACTUAL" polarity="POS" type="TEST" />
<EVENT id="E20" start="770" end="781" text="white count" modality="FACTUAL" polarity="POS" type="TEST" />
<EVENT id="E21" start="788" end="798" text="hematocrit" modality="FACTUAL" polarity="POS" type="TEST" />
<EVENT id="E24" start="813" end="819" text="stable" modality="FACTUAL" polarity="POS" type="OCCURRENCE" />
<EVENT id="E22" start="822" end="837" text="Her white count" modality="FACTUAL" polarity="POS" type="TEST" />
<EVENT id="E23" start="847" end="855" text="elevated" modality="FACTUAL" polarity="POS" type="PROBLEM" />
<EVENT id="E5" start="878" end="887" text="her G-CSF" modality="FACTUAL" polarity="NEG" type="TREATMENT" />
<EVENT id="E25" start="919" end="926" text="febrile" modality="FACTUAL" polarity="NEG" type="PROBLEM" />
<EVENT id="E26" start="931" end="946" text="her white count" modality="FACTUAL" polarity="POS" type="TEST" />
<TIMEX3 id="T3" start="1298" end="1318" text="the past couple days" type="DURATION" val="P2D" mod="APPROX" />
<TIMEX3 id="T4" start="1364" end="1370" text="b.i.d." type="FREQUENCY" val="RPT12H" mod="NA" />
<TIMEX3 id="T1" start="18" end="28" text="2011-10-28" type="DATE" val="2011-10-28" mod="NA" />
<TIMEX3 id="T2" start="46" end="56" text="2011-12-01" type="DATE" val="2011-12-01" mod="NA" />
<TIMEX3 id="T5" start="513" end="517" text="q.d." type="FREQUENCY" val="RPT24H" mod="NA" />
<TIMEX3 id="T0" start="989" end="1009" text="the morning of 12-01" type="DATE" val="2011-12-01" mod="START" />
<SECTIME id="S0" start="18" end="28" text="2011-10-28" type="ADMISSION" dvalue="2011-10-28" />
<SECTIME id="S1" start="46" end="56" text="2011-12-01" type="DISCHARGE" dvalue="2011-12-01" />
<TLINK id="TL637" fromID="E2" fromText="a repeat MRI" toID="E7" toText="showed" type="OVERLAP" />
<TLINK id="TL990" fromID="E32" fromText="her vital signs" toID="E33" toText="stable" type="OVERLAP" />
<TLINK id="TL1219" fromID="E4" fromText="Burkitt's" toID="T2" toText="2011-12-01" type="BEFORE" />
<TLINK id="TL1723" fromID="E27" fromText="hypotension" toID="E28" toText="SBP s" type="OVERLAP" />
<TLINK id="TL2105" fromID="E1" fromText="Liver lesions" toID="T2" toText="2011-12-01" type="BEFORE" />
<TLINK id="TL2512" fromID="E7" fromText="showed" toID="E3" toText="the previously noted enumerable hepatic cyst in her liver" type="AFTER" />
<TLINK id="TL3382" fromID="E22" fromText="Her white count" toID="E23" toText="elevated" type="OVERLAP" />
<TLINK id="TL4614" fromID="E12" fromText="discharged" toID="T2" toText="2011-12-01" type="OVERLAP" />
<TLINK id="TL4754" fromID="E21" fromText="hematocrit" toID="E24" toText="stable" type="OVERLAP" />
<TLINK id="TL5191" fromID="E25" fromText="febrile" toID="T2" toText="2011-12-01" type="BEFORE" />
<TLINK id="TL5224" fromID="E29" fromText="Her captopril" toID="T2" toText="2011-12-01" type="BEFORE" />
<TLINK id="TL5347" fromID="E23" fromText="elevated" toID="E5" toText="her G-CSF" type="OVERLAP" />
<TLINK id="TL5609" fromID="E6" fromText="Discharge" toID="T2" toText="2011-12-01" type="OVERLAP" />
<TLINK id="TL8083" fromID="E17" fromText="AmBisome" toID="E18" toText="fluconazole" type="OVERLAP" />
<TLINK id="TL8186" fromID="E13" fromText="AmBisome" toID="E16" toText="AmBisome" type="OVERLAP" />
<TLINK id="TL9418" fromID="E27" fromText="hypotension" toID="T2" toText="2011-12-01" type="BEFORE" />
<TLINK id="TL9682" fromID="E8" fromText="change" toID="T2" toText="2011-12-01" type="BEFORE" />
<TLINK id="TL10100" fromID="E2" fromText="a repeat MRI" toID="T2" toText="2011-12-01" type="BEFORE" />
<TLINK id="TL10258" fromID="E33" fromText="stable" toID="T2" toText="2011-12-01" type="BEFORE" />
<TLINK id="TL10332" fromID="E28" fromText="SBP s" toID="T2" toText="2011-12-01" type="BEFORE" />
<TLINK id="TL11049" fromID="E2" fromText="a repeat MRI" toID="E3" toText="the previously noted enumerable hepatic cyst in her liver" type="AFTER" />
<TLINK id="TL11619" fromID="E31" fromText="Her blood pressures" toID="E32" toText="her vital signs" type="OVERLAP" />
<TLINK id="TL12011" fromID="T0" fromText="the morning of 12-01" toID="E27" toText="hypotension" type="OVERLAP" />
<TLINK id="TL12909" fromID="E21" fromText="hematocrit" toID="T2" toText="2011-12-01" type="BEFORE" />
<TLINK id="TL13464" fromID="E24" fromText="stable" toID="T2" toText="2011-12-01" type="BEFORE" />
<TLINK id="TL15447" fromID="E34" fromText="TPN" toID="T2" toText="2011-12-01" type="BEFORE" />
<TLINK id="TL16005" fromID="E23" fromText="elevated" toID="T2" toText="2011-12-01" type="BEFORE" />
<TLINK id="TL16036" fromID="E22" fromText="Her white count" toID="E5" toText="her G-CSF" type="OVERLAP" />
<TLINK id="TL16091" fromID="E12" fromText="discharged" toID="T5" toText="q.d." type="OVERLAP" />
<TLINK id="TL16909" fromID="E35" fromText="marinol" toID="T2" toText="2011-12-01" type="BEFORE" />
<TLINK id="TL17500" fromID="E18" fromText="fluconazole" toID="T2" toText="2011-12-01" type="BEFORE" />
<TLINK id="TL17577" fromID="E14" fromText="her hepatic candidiasis" toID="T2" toText="2011-12-01" type="BEFORE" />
<TLINK id="TL17725" fromID="E11" fromText="lymphoma" toID="T2" toText="2011-12-01" type="BEFORE" />
<TLINK id="TL18045" fromID="E7" fromText="showed" toID="T2" toText="2011-12-01" type="BEFORE" />
<TLINK id="TL18444" fromID="E20" fromText="white count" toID="E21" toText="hematocrit" type="OVERLAP" />
<TLINK id="TL18604" fromID="E13" fromText="AmBisome" toID="T2" toText="2011-12-01" type="BEFORE" />
<TLINK id="TL18623" fromID="E32" fromText="her vital signs" toID="T2" toText="2011-12-01" type="BEFORE" />
<TLINK id="TL18746" fromID="E10" fromText="hepatic candidiasis" toID="T2" toText="2011-12-01" type="BEFORE" />
<TLINK id="TL19101" fromID="E13" fromText="AmBisome" toID="T5" toText="q.d." type="OVERLAP" />
<TLINK id="TL19634" fromID="E30" fromText="two IV fluid boluses" toID="T2" toText="2011-12-01" type="BEFORE" />
<TLINK id="TL19728" fromID="E17" fromText="AmBisome" toID="T2" toText="2011-12-01" type="BEFORE" />
<TLINK id="TL19974" fromID="E31" fromText="Her blood pressures" toID="T2" toText="2011-12-01" type="BEFORE" />
<TLINK id="TL20018" fromID="E3" fromText="the previously noted enumerable hepatic cyst in her liver" toID="T2" toText="2011-12-01" type="BEFORE" />
<TLINK id="TL20177" fromID="E15" fromText="This regimen" toID="E16" toText="AmBisome" type="OVERLAP" />
<TLINK id="TL20292" fromID="E20" fromText="white count" toID="T2" toText="2011-12-01" type="BEFORE" />
<TLINK id="TL20557" fromID="E5" fromText="her G-CSF" toID="T2" toText="2011-12-01" type="BEFORE" />
<TLINK id="TL21116" fromID="E16" fromText="AmBisome" toID="T2" toText="2011-12-01" type="BEFORE" />
<TLINK id="TL21145" fromID="E19" fromText="The patient 's platelets" toID="E20" toText="white count" type="OVERLAP" />
<TLINK id="TL21169" fromID="E12" fromText="discharged" toID="E13" toText="AmBisome" type="OVERLAP" />
<TLINK id="TL21361" fromID="T0" fromText="the morning of 12-01" toID="E28" toText="SBP s" type="OVERLAP" />
<TLINK id="TL22262" fromID="E2" fromText="a repeat MRI" toID="E8" toText="change" type="OVERLAP" />
<TLINK id="TL22337" fromID="E15" fromText="This regimen" toID="T2" toText="2011-12-01" type="BEFORE" />
<TLINK id="TL22540" fromID="E13" fromText="AmBisome" toID="E17" toText="AmBisome" type="OVERLAP" />
<TLINK id="TL23233" fromID="E19" fromText="The patient 's platelets" toID="T2" toText="2011-12-01" type="BEFORE" />
<TLINK id="TL23353" fromID="E26" fromText="her white count" toID="T2" toText="2011-12-01" type="BEFORE" />
<TLINK id="TL23818" fromID="E0" fromText="Admission" toID="T1" toText="2011-10-28" type="OVERLAP" />
<TLINK id="TL24780" fromID="E9" fromText="these cysts" toID="T2" toText="2011-12-01" type="BEFORE" />
<TLINK id="TL24883" fromID="E22" fromText="Her white count" toID="T2" toText="2011-12-01" type="BEFORE" />
</TAGS>
</ClinicalNarrativeTemporalAnnotation>
