<?xml version="1.0" encoding="UTF-8" ?>
<ClinicalNarrativeTemporalAnnotation>
<TEXT><![CDATA[
Admission Date :
2014-04-14
Discharge Date :
2014-04-19
Service :
CMED
HISTORY OF PRESENT ILLNESS :
Baby boy Liles is the 2.985 kg product of a 34 week gestation born to a 30-year-old G3 , P0 , now 1 mother .
Prenatal screens - A positive , antibody negative , hepatitis surface antigen negative , RPR nonreactive , rubella immune , GBS unknown .
PAST OBSTETRICAL HISTORY :
Remarkable for an intrauterine fetal demise at 30 weeks gestation . 
This pregnancy complicated by hydramnios also .
The baby 's autopsy was reported to be normal .
Dates are by first trimester ultrasound .
Pregnancy was complicated by severe polyhydramnios with an AFI of 45 just prior to delivery .
Mother has had multiple ultrasounds and fetal surveys at 17 and 21 weeks that had been unremarkable .
Mother was transferred to the Debbie-Monaco from Western Mass. Hospital Hospital in the middle of January with increasing polyhydramnios and preterm labor .
She received a full course of betamethasone on 03-28 and was treated with magnesium sulfate until 04-12 .
She was given 1 dose of nifedipine 2 days ago as a tocolytic without effect .
Delivery by cesarean section was prompted by ongoing labor .
Preterm labor with new onset of late decelerations and breech presentation .
Nuchal cord was noted at delivery .
The infant cried after bulb suctioning and stimulation .
Apgars were 8 and 8 .
SUMMARY OF HOSPITAL COURSE BY SYSTEMS :
RESPIRATORY :
Jacqueline has been admitted to the newborn intensive care unit and has been stable in room air since admission .
CARDIOVASCULAR :
Infant has an audible murmur .
Cardiology consult of the infant on 04-18 .
Echocardiogram results were within normal limits revealing a PPS murmur .
FLUIDS , ELECTROLYTES AND NUTRITION :
Birth weight was 2.985 kg .
Discharge weight ..
The infant was initially started on 60 cc per kg per day of D10W .
Enteral feedings were initiated on day of life No.1 .
The infant is currently on a 120 cc per kg per day of premature Enfamil 20 calorie or breast milk , tolerating feeds well .
Electrolytes on day of life 1 showed a sodium of 142 , potassium of 5.1 , chloride of 108 , and total CO2 of 23 .
GASTROINTESTINAL :
Bilirubin on 04-17 was 8.2/0.3 .
Surgery was consulted to rule out a TE fistula as the infant had an incidental pass of a gavage tube into his right bronchus .
TEF was primarily ruled out as Baker was passed easily to stomach and x-ray revealed good position .
HEMATOLOGY :
Hematocrit on admission was 38.2 .
The infant has not required any blood transfusions .
INFECTIOUS DISEASE :
CBC and blood cultures were obtained on admission .
CBC was benign and blood cultures remained negative at 48 hours at which time ampicillin and gentamicin were discontinued .
Initial CBC had a white count of 16 , platelet count of 204 , 53 polys and 0 bands .
NEUROLOGY :
Appropriate for gestational age .
MUSCULOSKELETAL :
Of note incidental finding on x-ray , the infant has a hemivertebra at T11 .
AUDIOLOGY :
Hearing screen has not been done but should be done prior to discharge .
]]></TEXT>
<TAGS>
<EVENT id="E0" start="1" end="10" text="Admission" modality="FACTUAL" polarity="POS" type="OCCURRENCE" />
<EVENT id="E14" start="1009" end="1026" text="magnesium sulfate" modality="FACTUAL" polarity="POS" type="TREATMENT" />
<EVENT id="E15" start="1065" end="1075" text="nifedipine" modality="FACTUAL" polarity="POS" type="TREATMENT" />
<EVENT id="E16" start="1090" end="1101" text="a tocolytic" modality="FACTUAL" polarity="POS" type="TREATMENT" />
<EVENT id="E71" start="1119" end="1127" text="Delivery" modality="FACTUAL" polarity="POS" type="OCCURRENCE" />
<EVENT id="E17" start="1131" end="1147" text="cesarean section" modality="FACTUAL" polarity="POS" type="TREATMENT" />
<EVENT id="E18" start="1164" end="1177" text="ongoing labor" modality="FACTUAL" polarity="POS" type="PROBLEM" />
<EVENT id="E19" start="1180" end="1193" text="Preterm labor" modality="FACTUAL" polarity="POS" type="PROBLEM" />
<EVENT id="E20" start="1212" end="1230" text="late decelerations" modality="FACTUAL" polarity="POS" type="PROBLEM" />
<EVENT id="E21" start="1235" end="1254" text="breech presentation" modality="FACTUAL" polarity="POS" type="PROBLEM" />
<EVENT id="E22" start="1257" end="1268" text="Nuchal cord" modality="FACTUAL" polarity="POS" type="PROBLEM" />
<EVENT id="E72" start="1273" end="1278" text="noted" modality="FACTUAL" polarity="POS" type="EVIDENTIAL" />
<EVENT id="E73" start="1282" end="1290" text="delivery" modality="FACTUAL" polarity="POS" type="OCCURRENCE" />
<EVENT id="E74" start="1304" end="1309" text="cried" modality="FACTUAL" polarity="POS" type="OCCURRENCE" />
<EVENT id="E23" start="1316" end="1331" text="bulb suctioning" modality="FACTUAL" polarity="POS" type="TREATMENT" />
<EVENT id="E24" start="1336" end="1347" text="stimulation" modality="FACTUAL" polarity="POS" type="TREATMENT" />
<EVENT id="E25" start="1350" end="1356" text="Apgars" modality="FACTUAL" polarity="POS" type="TEST" />
<EVENT id="E58" start="1446" end="1454" text="admitted" modality="FACTUAL" polarity="POS" type="OCCURRENCE" />
<EVENT id="E75" start="1458" end="1489" text="the newborn intensive care unit" modality="FACTUAL" polarity="POS" type="CLINICAL_DEPT" />
<EVENT id="E76" start="1503" end="1509" text="stable" modality="FACTUAL" polarity="POS" type="OCCURRENCE" />
<EVENT id="E77" start="1528" end="1537" text="admission" modality="FACTUAL" polarity="POS" type="OCCURRENCE" />
<EVENT id="E26" start="1568" end="1585" text="an audible murmur" modality="FACTUAL" polarity="POS" type="PROBLEM" />
<EVENT id="E85" start="1588" end="1598" text="Cardiology" modality="FACTUAL" polarity="POS" type="CLINICAL_DEPT" />
<EVENT id="E78" start="1599" end="1606" text="consult" modality="FACTUAL" polarity="POS" type="OCCURRENCE" />
<EVENT id="E27" start="1632" end="1654" text="Echocardiogram results" modality="FACTUAL" polarity="POS" type="TEST" />
<EVENT id="E79" start="1681" end="1690" text="revealing" modality="FACTUAL" polarity="POS" type="EVIDENTIAL" />
<EVENT id="E28" start="1691" end="1703" text="a PPS murmur" modality="FACTUAL" polarity="POS" type="PROBLEM" />
<EVENT id="E29" start="1744" end="1756" text="Birth weight" modality="FACTUAL" polarity="POS" type="TEST" />
<EVENT id="E30" start="1772" end="1788" text="Discharge weight" modality="FACTUAL" polarity="POS" type="TEST" />
<EVENT id="E31" start="1852" end="1856" text="D10W" modality="FACTUAL" polarity="POS" type="TREATMENT" />
<EVENT id="E32" start="1859" end="1875" text="Enteral feedings" modality="FACTUAL" polarity="POS" type="TREATMENT" />
<EVENT id="E33" start="1967" end="1984" text="premature Enfamil" modality="FACTUAL" polarity="POS" type="TREATMENT" />
<EVENT id="E81" start="2013" end="2034" text="tolerating feeds well" modality="FACTUAL" polarity="POS" type="OCCURRENCE" />
<EVENT id="E34" start="2037" end="2049" text="Electrolytes" modality="FACTUAL" polarity="POS" type="TEST" />
<EVENT id="E82" start="2067" end="2073" text="showed" modality="FACTUAL" polarity="POS" type="EVIDENTIAL" />
<EVENT id="E35" start="2074" end="2082" text="a sodium" modality="FACTUAL" polarity="POS" type="TEST" />
<EVENT id="E1" start="210" end="226" text="Prenatal screens" modality="FACTUAL" polarity="POS" type="TEST" />
<EVENT id="E36" start="2092" end="2101" text="potassium" modality="FACTUAL" polarity="POS" type="TEST" />
<EVENT id="E37" start="2111" end="2119" text="chloride" modality="FACTUAL" polarity="POS" type="TEST" />
<EVENT id="E38" start="2133" end="2142" text="total CO2" modality="FACTUAL" polarity="POS" type="TEST" />
<EVENT id="E39" start="2170" end="2179" text="Bilirubin" modality="FACTUAL" polarity="POS" type="TEST" />
<EVENT id="E84" start="2203" end="2210" text="Surgery" modality="FACTUAL" polarity="POS" type="CLINICAL_DEPT" />
<EVENT id="E83" start="2215" end="2224" text="consulted" modality="FACTUAL" polarity="POS" type="OCCURRENCE" />
<EVENT id="E86" start="2237" end="2249" text="a TE fistula" modality="FACTUAL" polarity="POS" type="PROBLEM" />
<EVENT id="E40" start="2268" end="2286" text="an incidental pass" modality="FACTUAL" polarity="POS" type="PROBLEM" />
<EVENT id="E41" start="2290" end="2303" text="a gavage tube" modality="FACTUAL" polarity="POS" type="TREATMENT" />
<EVENT id="E42" start="2330" end="2333" text="TEF" modality="FACTUAL" polarity="NEG" type="PROBLEM" />
<EVENT id="E43" start="2400" end="2405" text="x-ray" modality="FACTUAL" polarity="POS" type="TEST" />
<EVENT id="E87" start="2406" end="2414" text="revealed" modality="FACTUAL" polarity="POS" type="EVIDENTIAL" />
<EVENT id="E61" start="242" end="250" text="antibody" modality="FACTUAL" polarity="POS" type="TEST" />
<EVENT id="E88" start="2415" end="2428" text="good position" modality="FACTUAL" polarity="POS" type="OCCURRENCE" />
<EVENT id="E89" start="2444" end="2454" text="Hematocrit" modality="FACTUAL" polarity="POS" type="TEST" />
<EVENT id="E90" start="2458" end="2467" text="admission" modality="FACTUAL" polarity="POS" type="OCCURRENCE" />
<EVENT id="E44" start="2507" end="2529" text="any blood transfusions" modality="FACTUAL" polarity="NEG" type="TREATMENT" />
<EVENT id="E45" start="2553" end="2556" text="CBC" modality="FACTUAL" polarity="POS" type="TEST" />
<EVENT id="E46" start="2561" end="2575" text="blood cultures" modality="FACTUAL" polarity="POS" type="TEST" />
<EVENT id="E59" start="2593" end="2602" text="admission" modality="FACTUAL" polarity="POS" type="OCCURRENCE" />
<EVENT id="E47" start="2605" end="2608" text="CBC" modality="FACTUAL" polarity="POS" type="TEST" />
<EVENT id="E62" start="262" end="287" text="hepatitis surface antigen" modality="FACTUAL" polarity="POS" type="TEST" />
<EVENT id="E91" start="2624" end="2638" text="blood cultures" modality="FACTUAL" polarity="POS" type="TEST" />
<EVENT id="E48" start="2683" end="2693" text="ampicillin" modality="FACTUAL" polarity="POS" type="TREATMENT" />
<EVENT id="E49" start="2698" end="2708" text="gentamicin" modality="FACTUAL" polarity="POS" type="TREATMENT" />
<EVENT id="E50" start="2729" end="2740" text="Initial CBC" modality="FACTUAL" polarity="POS" type="TEST" />
<EVENT id="E51" start="2745" end="2758" text="a white count" modality="FACTUAL" polarity="POS" type="TEST" />
<EVENT id="E52" start="2767" end="2781" text="platelet count" modality="FACTUAL" polarity="POS" type="TEST" />
<EVENT id="E53" start="2794" end="2799" text="polys" modality="FACTUAL" polarity="POS" type="TEST" />
<EVENT id="E54" start="2806" end="2811" text="bands" modality="FACTUAL" polarity="POS" type="TEST" />
<EVENT id="E60" start="29" end="38" text="Discharge" modality="FACTUAL" polarity="POS" type="OCCURRENCE" />
<EVENT id="E55" start="2908" end="2913" text="x-ray" modality="FACTUAL" polarity="POS" type="TEST" />
<EVENT id="E56" start="2931" end="2952" text="a hemivertebra at T11" modality="FACTUAL" polarity="POS" type="PROBLEM" />
<EVENT id="E92" start="2967" end="2981" text="Hearing screen" modality="PROPOSED" polarity="POS" type="TEST" />
<EVENT id="E63" start="299" end="302" text="RPR" modality="FACTUAL" polarity="POS" type="TEST" />
<EVENT id="E93" start="3028" end="3037" text="discharge" modality="FACTUAL" polarity="POS" type="OCCURRENCE" />
<EVENT id="E2" start="317" end="324" text="rubella" modality="FACTUAL" polarity="POS" type="TEST" />
<EVENT id="E3" start="334" end="337" text="GBS" modality="FACTUAL" polarity="POS" type="TEST" />
<EVENT id="E4" start="390" end="418" text="an intrauterine fetal demise" modality="FACTUAL" polarity="POS" type="PROBLEM" />
<EVENT id="E94" start="444" end="458" text="This pregnancy" modality="FACTUAL" polarity="POS" type="OCCURRENCE" />
<EVENT id="E5" start="474" end="484" text="hydramnios" modality="FACTUAL" polarity="POS" type="PROBLEM" />
<EVENT id="E6" start="492" end="511" text="The baby 's autopsy" modality="FACTUAL" polarity="POS" type="TEST" />
<EVENT id="E64" start="516" end="524" text="reported" modality="FACTUAL" polarity="POS" type="EVIDENTIAL" />
<EVENT id="E65" start="531" end="537" text="normal" modality="FACTUAL" polarity="POS" type="OCCURRENCE" />
<EVENT id="E7" start="553" end="579" text="first trimester ultrasound" modality="FACTUAL" polarity="POS" type="TEST" />
<EVENT id="E66" start="582" end="591" text="Pregnancy" modality="FACTUAL" polarity="POS" type="OCCURRENCE" />
<EVENT id="E8" start="611" end="632" text="severe polyhydramnios" modality="FACTUAL" polarity="POS" type="PROBLEM" />
<EVENT id="E9" start="638" end="644" text="an AFI" modality="FACTUAL" polarity="POS" type="TEST" />
<EVENT id="E67" start="665" end="673" text="delivery" modality="FACTUAL" polarity="POS" type="OCCURRENCE" />
<EVENT id="E10" start="691" end="711" text="multiple ultrasounds" modality="FACTUAL" polarity="POS" type="TEST" />
<EVENT id="E11" start="716" end="729" text="fetal surveys" modality="FACTUAL" polarity="POS" type="TEST" />
<EVENT id="E57" start="789" end="800" text="transferred" modality="FACTUAL" polarity="POS" type="OCCURRENCE" />
<EVENT id="E68" start="804" end="821" text="the Debbie-Monaco" modality="FACTUAL" polarity="POS" type="CLINICAL_DEPT" />
<EVENT id="E69" start="827" end="858" text="Western Mass. Hospital Hospital" modality="FACTUAL" polarity="POS" type="CLINICAL_DEPT" />
<EVENT id="E70" start="889" end="914" text="increasing polyhydramnios" modality="FACTUAL" polarity="POS" type="PROBLEM" />
<EVENT id="E12" start="919" end="932" text="preterm labor" modality="FACTUAL" polarity="POS" type="PROBLEM" />
<EVENT id="E13" start="948" end="978" text="a full course of betamethasone" modality="FACTUAL" polarity="POS" type="TREATMENT" />
<TIMEX3 id="T9" start="1033" end="1038" text="04-12" type="DATE" val="2014-04-12" mod="NA" />
<TIMEX3 id="T10" start="1076" end="1086" text="2 days ago" type="DATE" val="2014-04-12" mod="NA" />
<TIMEX3 id="T0" start="145" end="152" text="34 week" type="DURATION" val="P34W" mod="NA" />
<TIMEX3 id="T4" start="1624" end="1629" text="04-18" type="DATE" val="2014-04-18" mod="NA" />
<TIMEX3 id="T1" start="18" end="28" text="2014-04-14" type="DATE" val="2014-04-14" mod="NA" />
<TIMEX3 id="T11" start="1841" end="1848" text="per day" type="FREQUENCY" val="RP1D" mod="NA" />
<TIMEX3 id="T12" start="1894" end="1910" text="day of life No.1" type="DATE" val="2014-04-15" mod="NA" />
<TIMEX3 id="T13" start="1927" end="1936" text="currently" type="DATE" val="2014-04-19" mod="NA" />
<TIMEX3 id="T14" start="1956" end="1963" text="per day" type="FREQUENCY" val="RP1D" mod="NA" />
<TIMEX3 id="T15" start="2053" end="2066" text="day of life 1" type="DATE" val="2014-04-15" mod="NA" />
<TIMEX3 id="T16" start="2183" end="2188" text="04-17" type="DATE" val="2014-04-17" mod="NA" />
<TIMEX3 id="T17" start="2660" end="2668" text="48 hours" type="DATE" val="2014-04-16" mod="NA" />
<TIMEX3 id="T5" start="422" end="430" text="30 weeks" type="DURATION" val="P30W" mod="NA" />
<TIMEX3 id="T2" start="46" end="56" text="2014-04-19" type="DATE" val="2014-04-19" mod="NA" />
<TIMEX3 id="T6" start="733" end="735" text="17" type="DURATION" val="P17W" mod="NA" />
<TIMEX3 id="T7" start="740" end="748" text="21 weeks" type="DURATION" val="P21W" mod="NA" />
<TIMEX3 id="T8" start="862" end="883" text="the middle of January" type="DATE" val="2014-01" mod="MIDDLE" />
<TIMEX3 id="T3" start="982" end="987" text="03-28" type="DATE" val="2014-03-28" mod="NA" />
<SECTIME id="S0" start="18" end="28" text="2014-04-14" type="ADMISSION" dvalue="2014-04-14" />
<SECTIME id="S1" start="46" end="56" text="2014-04-19" type="DISCHARGE" dvalue="2014-04-19" />
<TLINK id="TL73" fromID="E13" fromText="a full course of betamethasone" toID="T3" toText="03-28" type="OVERLAP" />
<TLINK id="TL139" fromID="E79" fromText="revealing" toID="T2" toText="2014-04-19" type="BEFORE" />
<TLINK id="TL236" fromID="E8" fromText="severe polyhydramnios" toID="T1" toText="2014-04-14" type="BEFORE" />
<TLINK id="TL268" fromID="E17" fromText="cesarean section" toID="T1" toText="2014-04-14" type="BEFORE" />
<TLINK id="TL340" fromID="E26" fromText="an audible murmur" toID="T2" toText="2014-04-19" type="BEFORE" />
<TLINK id="TL413" fromID="E27" fromText="Echocardiogram results" toID="E28" toText="a PPS murmur" type="OVERLAP" />
<TLINK id="TL577" fromID="E59" fromText="admission" toID="T2" toText="2014-04-19" type="BEFORE" />
<TLINK id="TL606" fromID="E7" fromText="first trimester ultrasound" toID="T1" toText="2014-04-14" type="BEFORE" />
<TLINK id="TL621" fromID="E38" fromText="total CO2" toID="T2" toText="2014-04-19" type="BEFORE" />
<TLINK id="TL649" fromID="E10" fromText="multiple ultrasounds" toID="T1" toText="2014-04-14" type="BEFORE" />
<TLINK id="TL676" fromID="E91" fromText="blood cultures" toID="T2" toText="2014-04-19" type="BEFORE" />
<TLINK id="TL687" fromID="E40" fromText="an incidental pass" toID="E41" toText="a gavage tube" type="OVERLAP" />
<TLINK id="TL869" fromID="E84" fromText="Surgery" toID="T2" toText="2014-04-19" type="BEFORE" />
<TLINK id="TL1009" fromID="E69" fromText="Western Mass. Hospital Hospital" toID="T1" toText="2014-04-14" type="BEFORE" />
<TLINK id="TL1062" fromID="E91" fromText="blood cultures" toID="E48" toText="ampicillin" type="OVERLAP" />
<TLINK id="TL1349" fromID="E72" fromText="noted" toID="E73" toText="delivery" type="OVERLAP" />
<TLINK id="TL2027" fromID="E47" fromText="CBC" toID="T2" toText="2014-04-19" type="BEFORE" />
<TLINK id="TL2119" fromID="T15" fromText="day of life 1" toID="E37" toText="chloride" type="OVERLAP" />
<TLINK id="TL2254" fromID="E10" fromText="multiple ultrasounds" toID="T6" toText="17" type="OVERLAP" />
<TLINK id="TL2447" fromID="E76" fromText="stable" toID="E77" toText="admission" type="OVERLAP" />
<TLINK id="TL2602" fromID="E53" fromText="polys" toID="T2" toText="2014-04-19" type="BEFORE" />
<TLINK id="TL2667" fromID="E13" fromText="a full course of betamethasone" toID="T1" toText="2014-04-14" type="BEFORE" />
<TLINK id="TL2971" fromID="E34" fromText="Electrolytes" toID="T2" toText="2014-04-19" type="BEFORE" />
<TLINK id="TL3159" fromID="E69" fromText="Western Mass. Hospital Hospital" toID="T8" toText="the middle of January" type="OVERLAP" />
<TLINK id="TL3193" fromID="E83" fromText="consulted" toID="E86" toText="a TE fistula" type="AFTER" />
<TLINK id="TL3321" fromID="E34" fromText="Electrolytes" toID="E37" toText="chloride" type="OVERLAP" />
<TLINK id="TL3402" fromID="E60" fromText="Discharge" toID="E93" toText="discharge" type="OVERLAP" />
<TLINK id="TL3489" fromID="E50" fromText="Initial CBC" toID="E51" toText="a white count" type="OVERLAP" />
<TLINK id="TL3497" fromID="T15" fromText="day of life 1" toID="E35" toText="a sodium" type="OVERLAP" />
<TLINK id="TL3894" fromID="E6" fromText="The baby 's autopsy" toID="E65" toText="normal" type="OVERLAP" />
<TLINK id="TL3898" fromID="E6" fromText="The baby 's autopsy" toID="T1" toText="2014-04-14" type="BEFORE" />
<TLINK id="TL3923" fromID="E41" fromText="a gavage tube" toID="T2" toText="2014-04-19" type="BEFORE" />
<TLINK id="TL4171" fromID="E32" fromText="Enteral feedings" toID="T2" toText="2014-04-19" type="BEFORE" />
<TLINK id="TL4553" fromID="E89" fromText="Hematocrit" toID="T2" toText="2014-04-19" type="BEFORE" />
<TLINK id="TL4831" fromID="E16" fromText="a tocolytic" toID="T1" toText="2014-04-14" type="BEFORE" />
<TLINK id="TL4980" fromID="E77" fromText="admission" toID="T2" toText="2014-04-19" type="BEFORE" />
<TLINK id="TL4997" fromID="E58" fromText="admitted" toID="T2" toText="2014-04-19" type="BEFORE" />
<TLINK id="TL5059" fromID="E77" fromText="admission" toID="E59" toText="admission" type="OVERLAP" />
<TLINK id="TL5089" fromID="E77" fromText="admission" toID="E90" toText="admission" type="OVERLAP" />
<TLINK id="TL5113" fromID="T15" fromText="day of life 1" toID="E36" toText="potassium" type="OVERLAP" />
<TLINK id="TL5261" fromID="E33" fromText="premature Enfamil" toID="T2" toText="2014-04-19" type="BEFORE" />
<TLINK id="TL5354" fromID="E71" fromText="Delivery" toID="E73" toText="delivery" type="OVERLAP" />
<TLINK id="TL5369" fromID="E36" fromText="potassium" toID="E38" toText="total CO2" type="OVERLAP" />
<TLINK id="TL5631" fromID="E35" fromText="a sodium" toID="E38" toText="total CO2" type="OVERLAP" />
<TLINK id="TL5642" fromID="E89" fromText="Hematocrit" toID="E90" toText="admission" type="OVERLAP" />
<TLINK id="TL5798" fromID="E47" fromText="CBC" toID="E91" toText="blood cultures" type="OVERLAP" />
<TLINK id="TL5998" fromID="E64" fromText="reported" toID="T1" toText="2014-04-14" type="BEFORE" />
<TLINK id="TL6073" fromID="E63" fromText="RPR" toID="T1" toText="2014-04-14" type="BEFORE" />
<TLINK id="TL6272" fromID="E40" fromText="an incidental pass" toID="T2" toText="2014-04-19" type="BEFORE" />
<TLINK id="TL6288" fromID="E88" fromText="good position" toID="T2" toText="2014-04-19" type="BEFORE" />
<TLINK id="TL6311" fromID="E15" fromText="nifedipine" toID="T10" toText="2 days ago" type="OVERLAP" />
<TLINK id="TL6327" fromID="E23" fromText="bulb suctioning" toID="E24" toText="stimulation" type="OVERLAP" />
<TLINK id="TL6363" fromID="E55" fromText="x-ray" toID="T2" toText="2014-04-19" type="BEFORE" />
<TLINK id="TL6377" fromID="T15" fromText="day of life 1" toID="E38" toText="total CO2" type="OVERLAP" />
<TLINK id="TL6667" fromID="E82" fromText="showed" toID="T2" toText="2014-04-19" type="BEFORE" />
<TLINK id="TL6860" fromID="E92" fromText="Hearing screen" toID="E93" toText="discharge" type="BEFORE" />
<TLINK id="TL6974" fromID="E34" fromText="Electrolytes" toID="E38" toText="total CO2" type="OVERLAP" />
<TLINK id="TL7114" fromID="E20" fromText="late decelerations" toID="T1" toText="2014-04-14" type="BEFORE" />
<TLINK id="TL7118" fromID="E55" fromText="x-ray" toID="E56" toText="a hemivertebra at T11" type="OVERLAP" />
<TLINK id="TL7134" fromID="E14" fromText="magnesium sulfate" toID="T1" toText="2014-04-14" type="BEFORE" />
<TLINK id="TL7152" fromID="E11" fromText="fetal surveys" toID="T7" toText="21 weeks" type="OVERLAP" />
<TLINK id="TL7281" fromID="E9" fromText="an AFI" toID="T1" toText="2014-04-14" type="BEFORE" />
<TLINK id="TL7519" fromID="E43" fromText="x-ray" toID="E88" toText="good position" type="OVERLAP" />
<TLINK id="TL7534" fromID="E91" fromText="blood cultures" toID="T17" toText="48 hours" type="OVERLAP" />
<TLINK id="TL7701" fromID="E15" fromText="nifedipine" toID="T1" toText="2014-04-14" type="BEFORE" />
<TLINK id="TL7796" fromID="E1" fromText="Prenatal screens" toID="T1" toText="2014-04-14" type="BEFORE" />
<TLINK id="TL8079" fromID="E34" fromText="Electrolytes" toID="E35" toText="a sodium" type="OVERLAP" />
<TLINK id="TL8118" fromID="E85" fromText="Cardiology" toID="T4" toText="04-18" type="OVERLAP" />
<TLINK id="TL8250" fromID="E62" fromText="hepatitis surface antigen" toID="T1" toText="2014-04-14" type="BEFORE" />
<TLINK id="TL8299" fromID="E58" fromText="admitted" toID="E75" toText="the newborn intensive care unit" type="BEFORE" />
<TLINK id="TL8557" fromID="E48" fromText="ampicillin" toID="T2" toText="2014-04-19" type="BEFORE" />
<TLINK id="TL8615" fromID="E49" fromText="gentamicin" toID="T2" toText="2014-04-19" type="BEFORE" />
<TLINK id="TL8648" fromID="E71" fromText="Delivery" toID="E17" toText="cesarean section" type="OVERLAP" />
<TLINK id="TL8678" fromID="E67" fromText="delivery" toID="T1" toText="2014-04-14" type="BEFORE" />
<TLINK id="TL9078" fromID="E82" fromText="showed" toID="E35" toText="a sodium" type="OVERLAP" />
<TLINK id="TL9127" fromID="E72" fromText="noted" toID="T1" toText="2014-04-14" type="BEFORE" />
<TLINK id="TL9292" fromID="E4" fromText="an intrauterine fetal demise" toID="T1" toText="2014-04-14" type="BEFORE" />
<TLINK id="TL9485" fromID="E85" fromText="Cardiology" toID="E78" toText="consult" type="OVERLAP" />
<TLINK id="TL9490" fromID="E70" fromText="increasing polyhydramnios" toID="E12" toText="preterm labor" type="OVERLAP" />
<TLINK id="TL9606" fromID="E93" fromText="discharge" toID="T2" toText="2014-04-19" type="OVERLAP" />
<TLINK id="TL9997" fromID="E66" fromText="Pregnancy" toID="T1" toText="2014-04-14" type="BEFORE" />
<TLINK id="TL10341" fromID="E31" fromText="D10W" toID="T2" toText="2014-04-19" type="BEFORE" />
<TLINK id="TL10618" fromID="E0" fromText="Admission" toID="E90" toText="admission" type="OVERLAP" />
<TLINK id="TL10808" fromID="T17" fromText="48 hours" toID="E48" toText="ampicillin" type="OVERLAP" />
<TLINK id="TL10906" fromID="E29" fromText="Birth weight" toID="T2" toText="2014-04-19" type="BEFORE" />
<TLINK id="TL11072" fromID="E18" fromText="ongoing labor" toID="T1" toText="2014-04-14" type="BEFORE" />
<TLINK id="TL11234" fromID="E74" fromText="cried" toID="E23" toText="bulb suctioning" type="AFTER" />
<TLINK id="TL11290" fromID="E52" fromText="platelet count" toID="E53" toText="polys" type="OVERLAP" />
<TLINK id="TL11557" fromID="E57" fromText="transferred" toID="E68" toText="the Debbie-Monaco" type="BEFORE" />
<TLINK id="TL11611" fromID="E12" fromText="preterm labor" toID="T1" toText="2014-04-14" type="BEFORE" />
<TLINK id="TL11770" fromID="E14" fromText="magnesium sulfate" toID="T9" toText="04-12" type="BEFORE" />
<TLINK id="TL11797" fromID="E68" fromText="the Debbie-Monaco" toID="T8" toText="the middle of January" type="AFTER" />
<TLINK id="TL12083" fromID="E57" fromText="transferred" toID="T8" toText="the middle of January" type="AFTER" />
<TLINK id="TL12149" fromID="E27" fromText="Echocardiogram results" toID="E79" toText="revealing" type="OVERLAP" />
<TLINK id="TL12243" fromID="E57" fromText="transferred" toID="E69" toText="Western Mass. Hospital Hospital" type="AFTER" />
<TLINK id="TL12291" fromID="E19" fromText="Preterm labor" toID="T1" toText="2014-04-14" type="BEFORE" />
<TLINK id="TL12363" fromID="E11" fromText="fetal surveys" toID="T6" toText="17" type="OVERLAP" />
<TLINK id="TL12405" fromID="T14" fromText="per day" toID="E33" toText="premature Enfamil" type="OVERLAP" />
<TLINK id="TL12542" fromID="E94" fromText="This pregnancy" toID="E5" toText="hydramnios" type="OVERLAP" />
<TLINK id="TL12672" fromID="E35" fromText="a sodium" toID="E36" toText="potassium" type="OVERLAP" />
<TLINK id="TL12742" fromID="E90" fromText="admission" toID="E59" toText="admission" type="OVERLAP" />
<TLINK id="TL12743" fromID="E27" fromText="Echocardiogram results" toID="T2" toText="2014-04-19" type="BEFORE" />
<TLINK id="TL12854" fromID="E3" fromText="GBS" toID="T1" toText="2014-04-14" type="BEFORE" />
<TLINK id="TL12911" fromID="E56" fromText="a hemivertebra at T11" toID="T2" toText="2014-04-19" type="BEFORE" />
<TLINK id="TL12922" fromID="E21" fromText="breech presentation" toID="T1" toText="2014-04-14" type="BEFORE" />
<TLINK id="TL12930" fromID="E2" fromText="rubella" toID="T1" toText="2014-04-14" type="BEFORE" />
<TLINK id="TL12955" fromID="E48" fromText="ampicillin" toID="E49" toText="gentamicin" type="OVERLAP" />
<TLINK id="TL13045" fromID="E90" fromText="admission" toID="T2" toText="2014-04-19" type="BEFORE" />
<TLINK id="TL13122" fromID="E66" fromText="Pregnancy" toID="E8" toText="severe polyhydramnios" type="OVERLAP" />
<TLINK id="TL13150" fromID="E20" fromText="late decelerations" toID="E21" toText="breech presentation" type="OVERLAP" />
<TLINK id="TL13237" fromID="E50" fromText="Initial CBC" toID="T2" toText="2014-04-19" type="BEFORE" />
<TLINK id="TL13334" fromID="E22" fromText="Nuchal cord" toID="E72" toText="noted" type="OVERLAP" />
<TLINK id="TL13383" fromID="E47" fromText="CBC" toID="T17" toText="48 hours" type="OVERLAP" />
<TLINK id="TL13409" fromID="E35" fromText="a sodium" toID="T2" toText="2014-04-19" type="BEFORE" />
<TLINK id="TL13561" fromID="E78" fromText="consult" toID="T4" toText="04-18" type="OVERLAP" />
<TLINK id="TL13716" fromID="E54" fromText="bands" toID="T2" toText="2014-04-19" type="BEFORE" />
<TLINK id="TL13750" fromID="E60" fromText="Discharge" toID="T2" toText="2014-04-19" type="OVERLAP" />
<TLINK id="TL13862" fromID="E62" fromText="hepatitis surface antigen" toID="E63" toText="RPR" type="OVERLAP" />
<TLINK id="TL14174" fromID="E78" fromText="consult" toID="T2" toText="2014-04-19" type="BEFORE" />
<TLINK id="TL14352" fromID="E46" fromText="blood cultures" toID="T2" toText="2014-04-19" type="BEFORE" />
<TLINK id="TL14409" fromID="E68" fromText="the Debbie-Monaco" toID="E69" toText="Western Mass. Hospital Hospital" type="OVERLAP" />
<TLINK id="TL14566" fromID="E9" fromText="an AFI" toID="E67" toText="delivery" type="OVERLAP" />
<TLINK id="TL14579" fromID="E63" fromText="RPR" toID="E2" toText="rubella" type="OVERLAP" />
<TLINK id="TL14843" fromID="E34" fromText="Electrolytes" toID="T15" toText="day of life 1" type="OVERLAP" />
<TLINK id="TL14882" fromID="E39" fromText="Bilirubin" toID="T2" toText="2014-04-19" type="BEFORE" />
<TLINK id="TL15254" fromID="E94" fromText="This pregnancy" toID="T1" toText="2014-04-14" type="BEFORE" />
<TLINK id="TL15297" fromID="E82" fromText="showed" toID="E36" toText="potassium" type="OVERLAP" />
<TLINK id="TL15353" fromID="E35" fromText="a sodium" toID="E37" toText="chloride" type="OVERLAP" />
<TLINK id="TL15361" fromID="E10" fromText="multiple ultrasounds" toID="E11" toText="fetal surveys" type="OVERLAP" />
<TLINK id="TL15491" fromID="E28" fromText="a PPS murmur" toID="T2" toText="2014-04-19" type="BEFORE" />
<TLINK id="TL15644" fromID="E11" fromText="fetal surveys" toID="T1" toText="2014-04-14" type="BEFORE" />
<TLINK id="TL15677" fromID="E52" fromText="platelet count" toID="T2" toText="2014-04-19" type="BEFORE" />
<TLINK id="TL15694" fromID="E87" fromText="revealed" toID="T2" toText="2014-04-19" type="BEFORE" />
<TLINK id="TL15713" fromID="E73" fromText="delivery" toID="T1" toText="2014-04-14" type="BEFORE" />
<TLINK id="TL15719" fromID="E82" fromText="showed" toID="E37" toText="chloride" type="OVERLAP" />
<TLINK id="TL15971" fromID="T15" fromText="day of life 1" toID="E82" toText="showed" type="OVERLAP" />
<TLINK id="TL15972" fromID="E44" fromText="any blood transfusions" toID="T2" toText="2014-04-19" type="BEFORE" />
<TLINK id="TL16034" fromID="E57" fromText="transferred" toID="T1" toText="2014-04-14" type="BEFORE" />
<TLINK id="TL16350" fromID="E23" fromText="bulb suctioning" toID="T1" toText="2014-04-14" type="BEFORE" />
<TLINK id="TL17005" fromID="E0" fromText="Admission" toID="E77" toText="admission" type="OVERLAP" />
<TLINK id="TL17157" fromID="E83" fromText="consulted" toID="T2" toText="2014-04-19" type="BEFORE" />
<TLINK id="TL17355" fromID="E32" fromText="Enteral feedings" toID="T12" toText="day of life No.1" type="AFTER" />
<TLINK id="TL17522" fromID="E6" fromText="The baby 's autopsy" toID="E64" toText="reported" type="OVERLAP" />
<TLINK id="TL17565" fromID="E22" fromText="Nuchal cord" toID="T1" toText="2014-04-14" type="BEFORE" />
<TLINK id="TL17628" fromID="E51" fromText="a white count" toID="T2" toText="2014-04-19" type="BEFORE" />
<TLINK id="TL17918" fromID="E61" fromText="antibody" toID="E62" toText="hepatitis surface antigen" type="OVERLAP" />
<TLINK id="TL17929" fromID="E34" fromText="Electrolytes" toID="E36" toText="potassium" type="OVERLAP" />
<TLINK id="TL17956" fromID="E30" fromText="Discharge weight" toID="T2" toText="2014-04-19" type="BEFORE" />
<TLINK id="TL17958" fromID="E45" fromText="CBC" toID="E46" toText="blood cultures" type="OVERLAP" />
<TLINK id="TL17981" fromID="E22" fromText="Nuchal cord" toID="E73" toText="delivery" type="OVERLAP" />
<TLINK id="TL18047" fromID="E84" fromText="Surgery" toID="E83" toText="consulted" type="OVERLAP" />
<TLINK id="TL18510" fromID="E29" fromText="Birth weight" toID="E30" toText="Discharge weight" type="OVERLAP" />
<TLINK id="TL18771" fromID="E37" fromText="chloride" toID="E38" toText="total CO2" type="OVERLAP" />
<TLINK id="TL18876" fromID="E8" fromText="severe polyhydramnios" toID="E9" toText="an AFI" type="OVERLAP" />
<TLINK id="TL19292" fromID="E85" fromText="Cardiology" toID="T2" toText="2014-04-19" type="BEFORE" />
<TLINK id="TL19420" fromID="E75" fromText="the newborn intensive care unit" toID="T2" toText="2014-04-19" type="BEFORE" />
<TLINK id="TL19580" fromID="E4" fromText="an intrauterine fetal demise" toID="T5" toText="30 weeks" type="OVERLAP" />
<TLINK id="TL19956" fromID="E74" fromText="cried" toID="E24" toText="stimulation" type="AFTER" />
<TLINK id="TL20021" fromID="E36" fromText="potassium" toID="E37" toText="chloride" type="OVERLAP" />
<TLINK id="TL20046" fromID="E0" fromText="Admission" toID="E59" toText="admission" type="OVERLAP" />
<TLINK id="TL20296" fromID="E45" fromText="CBC" toID="T2" toText="2014-04-19" type="BEFORE" />
<TLINK id="TL20396" fromID="E0" fromText="Admission" toID="T1" toText="2014-04-14" type="OVERLAP" />
<TLINK id="TL20413" fromID="E61" fromText="antibody" toID="T1" toText="2014-04-14" type="BEFORE" />
<TLINK id="TL21028" fromID="E76" fromText="stable" toID="T2" toText="2014-04-19" type="BEFORE" />
<TLINK id="TL21102" fromID="E68" fromText="the Debbie-Monaco" toID="T1" toText="2014-04-14" type="BEFORE" />
<TLINK id="TL21196" fromID="E42" fromText="TEF" toID="T2" toText="2014-04-19" type="BEFORE" />
<TLINK id="TL21575" fromID="E65" fromText="normal" toID="T1" toText="2014-04-14" type="BEFORE" />
<TLINK id="TL21730" fromID="E92" fromText="Hearing screen" toID="T2" toText="2014-04-19" type="AFTER" />
<TLINK id="TL21789" fromID="E39" fromText="Bilirubin" toID="T16" toText="04-17" type="OVERLAP" />
<TLINK id="TL21932" fromID="E45" fromText="CBC" toID="E59" toText="admission" type="OVERLAP" />
<TLINK id="TL21967" fromID="E70" fromText="increasing polyhydramnios" toID="T1" toText="2014-04-14" type="BEFORE" />
<TLINK id="TL22178" fromID="E19" fromText="Preterm labor" toID="E20" toText="late decelerations" type="OVERLAP" />
<TLINK id="TL22201" fromID="E43" fromText="x-ray" toID="E87" toText="revealed" type="OVERLAP" />
<TLINK id="TL22236" fromID="E86" fromText="a TE fistula" toID="T2" toText="2014-04-19" type="BEFORE" />
<TLINK id="TL22310" fromID="E51" fromText="a white count" toID="E52" toText="platelet count" type="OVERLAP" />
<TLINK id="TL22589" fromID="E51" fromText="a white count" toID="E53" toText="polys" type="OVERLAP" />
<TLINK id="TL23274" fromID="E36" fromText="potassium" toID="T2" toText="2014-04-19" type="BEFORE" />
<TLINK id="TL23295" fromID="E5" fromText="hydramnios" toID="T1" toText="2014-04-14" type="BEFORE" />
<TLINK id="TL23381" fromID="E71" fromText="Delivery" toID="T1" toText="2014-04-14" type="BEFORE" />
<TLINK id="TL23416" fromID="E34" fromText="Electrolytes" toID="E82" toText="showed" type="OVERLAP" />
<TLINK id="TL23447" fromID="E25" fromText="Apgars" toID="T1" toText="2014-04-14" type="BEFORE" />
<TLINK id="TL23549" fromID="E74" fromText="cried" toID="T1" toText="2014-04-14" type="BEFORE" />
<TLINK id="TL23695" fromID="E24" fromText="stimulation" toID="T1" toText="2014-04-14" type="BEFORE" />
<TLINK id="TL23791" fromID="E46" fromText="blood cultures" toID="E59" toText="admission" type="OVERLAP" />
<TLINK id="TL24259" fromID="E2" fromText="rubella" toID="E3" toText="GBS" type="OVERLAP" />
<TLINK id="TL24342" fromID="E81" fromText="tolerating feeds well" toID="T2" toText="2014-04-19" type="BEFORE" />
<TLINK id="TL24640" fromID="E37" fromText="chloride" toID="T2" toText="2014-04-19" type="BEFORE" />
<TLINK id="TL24761" fromID="E43" fromText="x-ray" toID="T2" toText="2014-04-19" type="BEFORE" />
<TLINK id="TL24864" fromID="E82" fromText="showed" toID="E38" toText="total CO2" type="OVERLAP" />
</TAGS>
</ClinicalNarrativeTemporalAnnotation>
