<?xml version="1.0" encoding="UTF-8" ?>
<ClinicalNarrativeTemporalAnnotation>
<TEXT><![CDATA[
ADMISSION DATE :
6-30-92
DISCHARGE DATE :
7-1-92 ( SOUTHOBASSKING&apos;S VILLEMARG HOSPITAL )
DISCHARGE DATE :
7-1-92 ( SOUTHOBASSKING&apos;S VILLEMARG HOSPITAL )
HISTORY OF PRESENT ILLNESS :
The history of this 49 year old male is provided in detail in the typed admission note dated June 30 , 1992 .
HOSPITAL COURSE :
The patient worsened rapidly following admission and it was clear to his family and to his physician that he was pre-terminal .
All efforts were directed to his comfort and he died on July 1 , 1992 .
Autopsy permission was declined by the family .
]]></TEXT>
<TAGS>
<EVENT id="E0" start="1" end="10" text="ADMISSION" modality="FACTUAL" polarity="POS" type="OCCURRENCE" />
<EVENT id="E3" start="255" end="279" text="the typed admission note" modality="FACTUAL" polarity="POS" type="OCCURRENCE" />
<EVENT id="E1" start="26" end="35" text="DISCHARGE" modality="FACTUAL" polarity="POS" type="OCCURRENCE" />
<EVENT id="E4" start="333" end="341" text="worsened" modality="FACTUAL" polarity="POS" type="PROBLEM" />
<EVENT id="E5" start="360" end="369" text="admission" modality="FACTUAL" polarity="POS" type="OCCURRENCE" />
<EVENT id="E6" start="434" end="446" text="pre-terminal" modality="FACTUAL" polarity="POS" type="PROBLEM" />
<EVENT id="E7" start="449" end="460" text="All efforts" modality="FACTUAL" polarity="POS" type="OCCURRENCE" />
<EVENT id="E8" start="478" end="489" text="his comfort" modality="FACTUAL" polarity="POS" type="OCCURRENCE" />
<EVENT id="E9" start="497" end="501" text="died" modality="FACTUAL" polarity="POS" type="OCCURRENCE" />
<EVENT id="E10" start="521" end="528" text="Autopsy" modality="PROPOSED" polarity="NEG" type="TEST" />
<EVENT id="E11" start="544" end="552" text="declined" modality="FACTUAL" polarity="POS" type="OCCURRENCE" />
<EVENT id="E2" start="95" end="104" text="DISCHARGE" modality="FACTUAL" polarity="POS" type="OCCURRENCE" />
<TIMEX3 id="T2" start="112" end="118" text="7-1-92" type="DATE" val="1992-07-01" mod="NA" />
<TIMEX3 id="T0" start="18" end="25" text="6-30-92" type="DATE" val="1992-06-30" mod="NA" />
<TIMEX3 id="T3" start="286" end="300" text="June 30 , 1992" type="DATE" val="1992-06-30" mod="NA" />
<TIMEX3 id="T1" start="43" end="49" text="7-1-92" type="DATE" val="1992-07-01" mod="NA" />
<TIMEX3 id="T4" start="505" end="518" text="July 1 , 1992" type="DATE" val="1992-07-01" mod="NA" />
<SECTIME id="S0" start="18" end="25" text="6-30-92" type="ADMISSION" dvalue="1992-06-30" />
<SECTIME id="S1" start="43" end="49" text="7-1-92" type="DISCHARGE" dvalue="1992-07-01" />
<TLINK id="TL124" fromID="E0" fromText="ADMISSION" toID="T0" toText="6-30-92" type="OVERLAP" />
<TLINK id="TL2071" fromID="E9" fromText="died" toID="T4" toText="July 1 , 1992" type="OVERLAP" />
<TLINK id="TL3409" fromID="E7" fromText="All efforts" toID="T1" toText="7-1-92" type="BEFORE" />
<TLINK id="TL7130" fromID="E10" fromText="Autopsy" toID="T1" toText="7-1-92" type="BEFORE" />
<TLINK id="TL7310" fromID="E5" fromText="admission" toID="T1" toText="7-1-92" type="BEFORE" />
<TLINK id="TL9185" fromID="E6" fromText="pre-terminal" toID="T1" toText="7-1-92" type="BEFORE" />
<TLINK id="TL15418" fromID="E3" fromText="the typed admission note" toID="T0" toText="6-30-92" type="BEFORE" />
<TLINK id="TL15817" fromID="E8" fromText="his comfort" toID="T1" toText="7-1-92" type="BEFORE" />
<TLINK id="TL18133" fromID="E7" fromText="All efforts" toID="E8" toText="his comfort" type="BEFORE" />
<TLINK id="TL18802" fromID="E10" fromText="Autopsy" toID="E11" toText="declined" type="OVERLAP" />
<TLINK id="TL19778" fromID="E9" fromText="died" toID="T1" toText="7-1-92" type="OVERLAP" />
<TLINK id="TL21100" fromID="E4" fromText="worsened" toID="E5" toText="admission" type="OVERLAP" />
<TLINK id="TL21481" fromID="E1" fromText="DISCHARGE" toID="T1" toText="7-1-92" type="OVERLAP" />
<TLINK id="TL22223" fromID="E11" fromText="declined" toID="T1" toText="7-1-92" type="BEFORE" />
<TLINK id="TL23662" fromID="E4" fromText="worsened" toID="T1" toText="7-1-92" type="BEFORE" />
<TLINK id="TL24502" fromID="E0" fromText="ADMISSION" toID="E5" toText="admission" type="OVERLAP" />
</TAGS>
</ClinicalNarrativeTemporalAnnotation>
