<?xml version="1.0" encoding="UTF-8" ?>
<ClinicalNarrativeTemporalAnnotation>
<TEXT><![CDATA[
Admission Date :
2011-02-06
Discharge Date :
2011-02-08
Service :
HISTORY OF PRESENT ILLNESS :
HISTORY OF PRESENT ILLNESS :
Mr. Pohl is a 53 - year-old male with history of alcohol use and hypertension .
He was found in his apartment lobby " shouting " and very agitated .
The patient states that he recalls going out alone to a cafe the evening prior to admission .
There he recalls having pizza and two glasses of red wine .
The patient told other staff that he had a few cocktails and drinking a few more glasses of wine when he ran into some friends at a bar .
He denies any other drug or toxin ingestion .
He does not recall walking home , but he states that the way is well known to him .
He has no further recollection , until he presented to the emergency room .
He by emergency room report , was found in his apartment lobby agitated .
EMS was called and the patient was taken to the emergency room .
Blood alcohol level was 383 .
Agitated in emergency room requiring 4 leather restraints , received 5 mg of Haldol , 2 mg of Ativan .
He became hypotensive in the emergency room with a systolic blood pressure in the 80 's and had decreased respiratory rate .
He received a normal saline bolus of 2 liters of good blood pressure response .
The patient was then admitted to the medical Intensive Care Unit for observation of his blood pressure and then transferred to our service on medicine when the blood pressures remained stable overnight .
The patient denies any chest pain , shortness of breath , dysuria , diarrhea , bright red blood per rectum .
He does complain of cold symptoms times one week .
The patient states in the past that he has participated in several alcohol treatment programs , most recently Star which is similar Alcoholics Anonymous .
The patient admits that he has had many stressors in his life lately .
His job as a computer programmer is unstable .
His brother is mentally handicapped and might be sent away from his instate institution .
He is also concerned about the threat of war and is ready to " move to Madagascar ".
He states that he primarily relies on friends .
In the past , he has been very depressed and has seen a counselor at Greenfield Community College Community Health .
HOSPITAL COURSE :
The patient was transferred to medicine service on hospital day #2 after remaining hemodynamically stable in the CMED CCU overnight .
1. Blood pressure :
The patient 's blood pressure remained stable on hospital day #2 through hospital day #3 status post IV hydration with systolic blood pressures in the 120 's to 130 's.
We continued to hold the patient 's home blood pressure medications .
The patient was asymptomatic without chest pain , shortness of breath and no mental status changes .
2. Substance abuse :
On Hospital day #2 through hospital day #3 , the patient had mild tremor on hands , but improved over hospital course .
The patient became notably less anxious throughout hospital stay .
CIWA scale over night was 1 for tremor and the patient did not require any Valium for alcohol withdrawal .
We believe that the patient is able to be discharged and to follow up with Dr. Sandra Rose , addiction services as an outpatient .
Call for further referral .
3. FEN :
Calcium carbonate 500 mg p.o. t.i.d. , Mag oxide 400 mg p.o. times one dose , potassium chloride repleted 40 mEq times one dose .
]]></TEXT>
<TAGS>
<EVENT id="E0" start="1" end="10" text="Admission" modality="FACTUAL" polarity="POS" type="OCCURRENCE" />
<EVENT id="E31" start="1018" end="1024" text="Haldol" modality="FACTUAL" polarity="POS" type="TREATMENT" />
<EVENT id="E32" start="1035" end="1041" text="Ativan" modality="FACTUAL" polarity="POS" type="TREATMENT" />
<EVENT id="E33" start="1054" end="1065" text="hypotensive" modality="FACTUAL" polarity="POS" type="PROBLEM" />
<EVENT id="E34" start="1069" end="1087" text="the emergency room" modality="FACTUAL" polarity="POS" type="CLINICAL_DEPT" />
<EVENT id="E35" start="1093" end="1118" text="a systolic blood pressure" modality="FACTUAL" polarity="POS" type="TEST" />
<EVENT id="E36" start="1140" end="1166" text="decreased respiratory rate" modality="FACTUAL" polarity="POS" type="PROBLEM" />
<EVENT id="E37" start="1181" end="1202" text="a normal saline bolus" modality="FACTUAL" polarity="POS" type="TREATMENT" />
<EVENT id="E38" start="1218" end="1246" text="good blood pressure response" modality="FACTUAL" polarity="POS" type="OCCURRENCE" />
<EVENT id="E39" start="1270" end="1278" text="admitted" modality="FACTUAL" polarity="POS" type="OCCURRENCE" />
<EVENT id="E40" start="1282" end="1313" text="the medical Intensive Care Unit" modality="FACTUAL" polarity="POS" type="CLINICAL_DEPT" />
<EVENT id="E41" start="1318" end="1329" text="observation" modality="FACTUAL" polarity="POS" type="TEST" />
<EVENT id="E42" start="1333" end="1351" text="his blood pressure" modality="FACTUAL" polarity="POS" type="TEST" />
<EVENT id="E43" start="1361" end="1372" text="transferred" modality="FACTUAL" polarity="POS" type="OCCURRENCE" />
<EVENT id="E44" start="1380" end="1399" text="service on medicine" modality="FACTUAL" polarity="POS" type="CLINICAL_DEPT" />
<EVENT id="E45" start="1405" end="1424" text="the blood pressures" modality="FACTUAL" polarity="POS" type="TEST" />
<EVENT id="E46" start="1434" end="1440" text="stable" modality="FACTUAL" polarity="POS" type="OCCURRENCE" />
<EVENT id="E47" start="1465" end="1471" text="denies" modality="FACTUAL" polarity="POS" type="EVIDENTIAL" />
<EVENT id="E48" start="1472" end="1486" text="any chest pain" modality="FACTUAL" polarity="NEG" type="PROBLEM" />
<EVENT id="E49" start="1489" end="1508" text="shortness of breath" modality="FACTUAL" polarity="NEG" type="PROBLEM" />
<EVENT id="E50" start="1511" end="1518" text="dysuria" modality="FACTUAL" polarity="NEG" type="PROBLEM" />
<EVENT id="E51" start="1521" end="1529" text="diarrhea" modality="FACTUAL" polarity="NEG" type="PROBLEM" />
<EVENT id="E52" start="1532" end="1559" text="bright red blood per rectum" modality="FACTUAL" polarity="NEG" type="PROBLEM" />
<EVENT id="E53" start="1570" end="1578" text="complain" modality="FACTUAL" polarity="POS" type="EVIDENTIAL" />
<EVENT id="E54" start="1582" end="1595" text="cold symptoms" modality="FACTUAL" polarity="POS" type="PROBLEM" />
<EVENT id="E55" start="1625" end="1631" text="states" modality="FACTUAL" polarity="POS" type="EVIDENTIAL" />
<EVENT id="E56" start="1680" end="1706" text="alcohol treatment programs" modality="FACTUAL" polarity="POS" type="TREATMENT" />
<EVENT id="E57" start="1723" end="1727" text="Star" modality="FACTUAL" polarity="POS" type="TREATMENT" />
<EVENT id="E2" start="174" end="185" text="alcohol use" modality="FACTUAL" polarity="POS" type="PROBLEM" />
<EVENT id="E58" start="1780" end="1786" text="admits" modality="FACTUAL" polarity="POS" type="EVIDENTIAL" />
<EVENT id="E59" start="1808" end="1817" text="stressors" modality="FACTUAL" polarity="POS" type="PROBLEM" />
<EVENT id="E60" start="1875" end="1883" text="unstable" modality="FACTUAL" polarity="POS" type="PROBLEM" />
<EVENT id="E3" start="190" end="202" text="hypertension" modality="FACTUAL" polarity="POS" type="PROBLEM" />
<EVENT id="E61" start="1901" end="1921" text="mentally handicapped" modality="FACTUAL" polarity="POS" type="PROBLEM" />
<EVENT id="E62" start="1935" end="1944" text="sent away" modality="POSSIBLE" polarity="POS" type="OCCURRENCE" />
<EVENT id="E63" start="2003" end="2020" text="the threat of war" modality="FACTUAL" polarity="POS" type="OCCURRENCE" />
<EVENT id="E64" start="2064" end="2070" text="states" modality="FACTUAL" polarity="POS" type="EVIDENTIAL" />
<EVENT id="E65" start="2089" end="2106" text="relies on friends" modality="FACTUAL" polarity="POS" type="OCCURRENCE" />
<EVENT id="E66" start="2135" end="2149" text="very depressed" modality="FACTUAL" polarity="POS" type="PROBLEM" />
<EVENT id="E67" start="2163" end="2174" text="a counselor" modality="FACTUAL" polarity="POS" type="TREATMENT" />
<EVENT id="E68" start="2178" end="2223" text="Greenfield Community College Community Health" modality="FACTUAL" polarity="POS" type="CLINICAL_DEPT" />
<EVENT id="E69" start="2260" end="2271" text="transferred" modality="FACTUAL" polarity="POS" type="OCCURRENCE" />
<EVENT id="E70" start="2275" end="2291" text="medicine service" modality="FACTUAL" polarity="POS" type="CLINICAL_DEPT" />
<EVENT id="E71" start="2327" end="2349" text="hemodynamically stable" modality="FACTUAL" polarity="POS" type="OCCURRENCE" />
<EVENT id="E72" start="2353" end="2365" text="the CMED CCU" modality="FACTUAL" polarity="POS" type="CLINICAL_DEPT" />
<EVENT id="E73" start="2381" end="2395" text="Blood pressure" modality="FACTUAL" polarity="POS" type="TEST" />
<EVENT id="E74" start="2398" end="2427" text="The patient 's blood pressure" modality="FACTUAL" polarity="POS" type="TEST" />
<EVENT id="E4" start="243" end="251" text="shouting" modality="FACTUAL" polarity="POS" type="OCCURRENCE" />
<EVENT id="E75" start="2437" end="2443" text="stable" modality="FACTUAL" polarity="POS" type="OCCURRENCE" />
<EVENT id="E76" start="2499" end="2511" text="IV hydration" modality="FACTUAL" polarity="POS" type="TREATMENT" />
<EVENT id="E77" start="2517" end="2541" text="systolic blood pressures" modality="FACTUAL" polarity="POS" type="TEST" />
<EVENT id="E5" start="258" end="271" text="very agitated" modality="FACTUAL" polarity="POS" type="PROBLEM" />
<EVENT id="E78" start="2603" end="2634" text="home blood pressure medications" modality="FACTUAL" polarity="POS" type="TREATMENT" />
<EVENT id="E79" start="2653" end="2665" text="asymptomatic" modality="FACTUAL" polarity="POS" type="PROBLEM" />
<EVENT id="E80" start="2674" end="2684" text="chest pain" modality="FACTUAL" polarity="NEG" type="PROBLEM" />
<EVENT id="E81" start="2687" end="2706" text="shortness of breath" modality="FACTUAL" polarity="NEG" type="PROBLEM" />
<EVENT id="E82" start="2714" end="2735" text="mental status changes" modality="FACTUAL" polarity="NEG" type="PROBLEM" />
<EVENT id="E83" start="2741" end="2756" text="Substance abuse" modality="FACTUAL" polarity="POS" type="PROBLEM" />
<EVENT id="E84" start="2820" end="2840" text="mild tremor on hands" modality="FACTUAL" polarity="POS" type="PROBLEM" />
<EVENT id="E6" start="286" end="292" text="states" modality="FACTUAL" polarity="POS" type="EVIDENTIAL" />
<EVENT id="E99" start="2861" end="2876" text="hospital course" modality="FACTUAL" polarity="POS" type="OCCURRENCE" />
<EVENT id="E85" start="2898" end="2918" text="notably less anxious" modality="FACTUAL" polarity="POS" type="PROBLEM" />
<EVENT id="E1" start="29" end="38" text="Discharge" modality="FACTUAL" polarity="POS" type="OCCURRENCE" />
<EVENT id="E86" start="2930" end="2943" text="hospital stay" modality="FACTUAL" polarity="POS" type="OCCURRENCE" />
<EVENT id="E87" start="2946" end="2956" text="CIWA scale" modality="FACTUAL" polarity="POS" type="TEST" />
<EVENT id="E88" start="2978" end="2984" text="tremor" modality="FACTUAL" polarity="POS" type="PROBLEM" />
<EVENT id="E89" start="3021" end="3027" text="Valium" modality="FACTUAL" polarity="NEG" type="TREATMENT" />
<EVENT id="E90" start="3032" end="3050" text="alcohol withdrawal" modality="FACTUAL" polarity="POS" type="PROBLEM" />
<EVENT id="E7" start="309" end="324" text="going out alone" modality="FACTUAL" polarity="POS" type="OCCURRENCE" />
<EVENT id="E91" start="3095" end="3105" text="discharged" modality="FACTUAL" polarity="POS" type="OCCURRENCE" />
<EVENT id="E92" start="3113" end="3122" text="follow up" modality="PROPOSED" polarity="POS" type="OCCURRENCE" />
<EVENT id="E93" start="3184" end="3188" text="Call" modality="PROPOSED" polarity="POS" type="OCCURRENCE" />
<EVENT id="E94" start="3221" end="3238" text="Calcium carbonate" modality="FACTUAL" polarity="POS" type="TREATMENT" />
<EVENT id="E95" start="3260" end="3269" text="Mag oxide" modality="FACTUAL" polarity="POS" type="TREATMENT" />
<EVENT id="E96" start="3299" end="3317" text="potassium chloride" modality="FACTUAL" polarity="POS" type="TREATMENT" />
<EVENT id="E8" start="335" end="346" text="the evening" modality="FACTUAL" polarity="POS" type="OCCURRENCE" />
<EVENT id="E9" start="356" end="365" text="admission" modality="FACTUAL" polarity="POS" type="OCCURRENCE" />
<EVENT id="E10" start="402" end="425" text="two glasses of red wine" modality="FACTUAL" polarity="POS" type="OCCURRENCE" />
<EVENT id="E11" start="440" end="444" text="told" modality="FACTUAL" polarity="POS" type="EVIDENTIAL" />
<EVENT id="E12" start="469" end="484" text="a few cocktails" modality="FACTUAL" polarity="POS" type="OCCURRENCE" />
<EVENT id="E13" start="498" end="524" text="a few more glasses of wine" modality="FACTUAL" polarity="POS" type="OCCURRENCE" />
<EVENT id="E14" start="533" end="554" text="ran into some friends" modality="FACTUAL" polarity="POS" type="OCCURRENCE" />
<EVENT id="E97" start="569" end="575" text="denies" modality="FACTUAL" polarity="POS" type="EVIDENTIAL" />
<EVENT id="E15" start="580" end="590" text="other drug" modality="FACTUAL" polarity="NEG" type="PROBLEM" />
<EVENT id="E16" start="594" end="609" text="toxin ingestion" modality="FACTUAL" polarity="NEG" type="PROBLEM" />
<EVENT id="E17" start="615" end="643" text="does not recall walking home" modality="FACTUAL" polarity="POS" type="PROBLEM" />
<EVENT id="E18" start="653" end="659" text="states" modality="FACTUAL" polarity="POS" type="EVIDENTIAL" />
<EVENT id="E98" start="706" end="726" text="further recollection" modality="FACTUAL" polarity="POS" type="PROBLEM" />
<EVENT id="E20" start="738" end="747" text="presented" modality="FACTUAL" polarity="POS" type="OCCURRENCE" />
<EVENT id="E21" start="751" end="769" text="the emergency room" modality="FACTUAL" polarity="POS" type="CLINICAL_DEPT" />
<EVENT id="E22" start="778" end="792" text="emergency room" modality="FACTUAL" polarity="POS" type="CLINICAL_DEPT" />
<EVENT id="E23" start="806" end="811" text="found" modality="FACTUAL" polarity="POS" type="OCCURRENCE" />
<EVENT id="E24" start="835" end="843" text="agitated" modality="FACTUAL" polarity="POS" type="PROBLEM" />
<EVENT id="E25" start="846" end="860" text="EMS was called" modality="FACTUAL" polarity="POS" type="OCCURRENCE" />
<EVENT id="E26" start="890" end="908" text="the emergency room" modality="FACTUAL" polarity="POS" type="CLINICAL_DEPT" />
<EVENT id="E27" start="911" end="930" text="Blood alcohol level" modality="FACTUAL" polarity="POS" type="TEST" />
<EVENT id="E28" start="941" end="949" text="Agitated" modality="FACTUAL" polarity="POS" type="PROBLEM" />
<EVENT id="E29" start="953" end="967" text="emergency room" modality="FACTUAL" polarity="POS" type="CLINICAL_DEPT" />
<EVENT id="E30" start="978" end="998" text="4 leather restraints" modality="FACTUAL" polarity="POS" type="TREATMENT" />
<TIMEX3 id="T3" start="1441" end="1450" text="overnight" type="DURATION" val="PT12H" mod="APPROX" />
<TIMEX3 id="T4" start="1602" end="1610" text="one week" type="DURATION" val="P1W" mod="NA" />
<TIMEX3 id="T0" start="18" end="28" text="2011-02-06" type="DATE" val="2011-02-06" mod="NA" />
<TIMEX3 id="T5" start="2295" end="2310" text="hospital day #2" type="DATE" val="2011-02-07" mod="NA" />
<TIMEX3 id="T6" start="2366" end="2375" text="overnight" type="DURATION" val="PT12H" mod="APPROX" />
<TIMEX3 id="T7" start="2447" end="2462" text="hospital day #2" type="DATE" val="2011-02-07" mod="NA" />
<TIMEX3 id="T8" start="2471" end="2486" text="hospital day #3" type="DATE" val="2011-02-08" mod="NA" />
<TIMEX3 id="T9" start="2762" end="2777" text="Hospital day #2" type="DATE" val="2011-02-07" mod="NA" />
<TIMEX3 id="T10" start="2786" end="2801" text="hospital day #3" type="DATE" val="2001-02-08" mod="NA" />
<TIMEX3 id="T11" start="2957" end="2967" text="over night" type="DURATION" val="PT12H" mod="APPROX" />
<TIMEX3 id="T12" start="3251" end="3257" text="t.i.d." type="FREQUENCY" val="RPT8H" mod="NA" />
<TIMEX3 id="T13" start="3282" end="3296" text="times one dose" type="FREQUENCY" val="R1" mod="NA" />
<TIMEX3 id="T14" start="3334" end="3348" text="times one dose" type="FREQUENCY" val="R1" mod="NA" />
<TIMEX3 id="T2" start="335" end="346" text="the evening" type="DATE" val="2011-02-06" mod="END" />
<TIMEX3 id="T1" start="46" end="56" text="2011-02-08" type="DATE" val="2011-02-08" mod="NA" />
<SECTIME id="S0" start="18" end="28" text="2011-02-06" type="ADMISSION" dvalue="2011-02-06" />
<SECTIME id="S1" start="46" end="56" text="2011-02-08" type="DISCHARGE" dvalue="2011-02-08" />
<TLINK id="TL22" fromID="E50" fromText="dysuria" toID="E52" toText="bright red blood per rectum" type="OVERLAP" />
<TLINK id="TL119" fromID="E45" fromText="the blood pressures" toID="T3" toText="overnight" type="OVERLAP" />
<TLINK id="TL285" fromID="E56" fromText="alcohol treatment programs" toID="T0" toText="2011-02-06" type="BEFORE" />
<TLINK id="TL386" fromID="E23" fromText="found" toID="T0" toText="2011-02-06" type="BEFORE" />
<TLINK id="TL641" fromID="E33" fromText="hypotensive" toID="E35" toText="a systolic blood pressure" type="OVERLAP" />
<TLINK id="TL832" fromID="E73" fromText="Blood pressure" toID="T1" toText="2011-02-08" type="BEFORE" />
<TLINK id="TL835" fromID="E41" fromText="observation" toID="E42" toText="his blood pressure" type="OVERLAP" />
<TLINK id="TL872" fromID="E67" fromText="a counselor" toID="E68" toText="Greenfield Community College Community Health" type="OVERLAP" />
<TLINK id="TL1468" fromID="E47" fromText="denies" toID="E49" toText="shortness of breath" type="AFTER" />
<TLINK id="TL1587" fromID="E2" fromText="alcohol use" toID="T0" toText="2011-02-06" type="BEFORE" />
<TLINK id="TL1588" fromID="E29" fromText="emergency room" toID="E31" toText="Haldol" type="OVERLAP" />
<TLINK id="TL1756" fromID="E59" fromText="stressors" toID="T0" toText="2011-02-06" type="BEFORE" />
<TLINK id="TL1786" fromID="E35" fromText="a systolic blood pressure" toID="T0" toText="2011-02-06" type="BEFORE" />
<TLINK id="TL1895" fromID="E53" fromText="complain" toID="T4" toText="one week" type="OVERLAP" />
<TLINK id="TL1900" fromID="E39" fromText="admitted" toID="T0" toText="2011-02-06" type="BEFORE" />
<TLINK id="TL2084" fromID="E69" fromText="transferred" toID="E70" toText="medicine service" type="BEFORE" />
<TLINK id="TL2404" fromID="E88" fromText="tremor" toID="T1" toText="2011-02-08" type="BEFORE" />
<TLINK id="TL2538" fromID="E23" fromText="found" toID="E24" toText="agitated" type="AFTER" />
<TLINK id="TL2587" fromID="E49" fromText="shortness of breath" toID="E50" toText="dysuria" type="OVERLAP" />
<TLINK id="TL3325" fromID="E30" fromText="4 leather restraints" toID="T0" toText="2011-02-06" type="BEFORE" />
<TLINK id="TL3387" fromID="E74" fromText="The patient 's blood pressure" toID="E75" toText="stable" type="OVERLAP" />
<TLINK id="TL3780" fromID="E54" fromText="cold symptoms" toID="T0" toText="2011-02-06" type="BEFORE" />
<TLINK id="TL3813" fromID="E70" fromText="medicine service" toID="T1" toText="2011-02-08" type="BEFORE" />
<TLINK id="TL4053" fromID="E55" fromText="states" toID="E56" toText="alcohol treatment programs" type="OVERLAP" />
<TLINK id="TL4095" fromID="E28" fromText="Agitated" toID="T0" toText="2011-02-06" type="BEFORE" />
<TLINK id="TL4185" fromID="E79" fromText="asymptomatic" toID="E81" toText="shortness of breath" type="OVERLAP" />
<TLINK id="TL4495" fromID="E40" fromText="the medical Intensive Care Unit" toID="E41" toText="observation" type="OVERLAP" />
<TLINK id="TL4655" fromID="E70" fromText="medicine service" toID="T6" toText="overnight" type="AFTER" />
<TLINK id="TL4682" fromID="E43" fromText="transferred" toID="E44" toText="service on medicine" type="BEFORE" />
<TLINK id="TL4929" fromID="E85" fromText="notably less anxious" toID="E86" toText="hospital stay" type="OVERLAP" />
<TLINK id="TL5022" fromID="E33" fromText="hypotensive" toID="T0" toText="2011-02-06" type="BEFORE" />
<TLINK id="TL5106" fromID="E90" fromText="alcohol withdrawal" toID="T1" toText="2011-02-08" type="BEFORE" />
<TLINK id="TL5318" fromID="E91" fromText="discharged" toID="T1" toText="2011-02-08" type="OVERLAP" />
<TLINK id="TL5419" fromID="E92" fromText="follow up" toID="T1" toText="2011-02-08" type="AFTER" />
<TLINK id="TL5491" fromID="E61" fromText="mentally handicapped" toID="T0" toText="2011-02-06" type="BEFORE" />
<TLINK id="TL5510" fromID="E66" fromText="very depressed" toID="T0" toText="2011-02-06" type="BEFORE" />
<TLINK id="TL5729" fromID="E89" fromText="Valium" toID="E90" toText="alcohol withdrawal" type="AFTER" />
<TLINK id="TL5735" fromID="E98" fromText="further recollection" toID="T0" toText="2011-02-06" type="BEFORE" />
<TLINK id="TL5761" fromID="E34" fromText="the emergency room" toID="E35" toText="a systolic blood pressure" type="OVERLAP" />
<TLINK id="TL5895" fromID="E71" fromText="hemodynamically stable" toID="T1" toText="2011-02-08" type="BEFORE" />
<TLINK id="TL6087" fromID="E44" fromText="service on medicine" toID="E46" toText="stable" type="AFTER" />
<TLINK id="TL6094" fromID="E33" fromText="hypotensive" toID="E34" toText="the emergency room" type="OVERLAP" />
<TLINK id="TL6107" fromID="E48" fromText="any chest pain" toID="E49" toText="shortness of breath" type="OVERLAP" />
<TLINK id="TL6152" fromID="E99" fromText="hospital course" toID="T1" toText="2011-02-08" type="BEFORE" />
<TLINK id="TL6171" fromID="T5" fromText="hospital day #2" toID="T9" toText="Hospital day #2" type="OVERLAP" />
<TLINK id="TL6214" fromID="E7" fromText="going out alone" toID="T0" toText="2011-02-06" type="BEFORE" />
<TLINK id="TL6495" fromID="E57" fromText="Star" toID="T0" toText="2011-02-06" type="BEFORE" />
<TLINK id="TL6600" fromID="E89" fromText="Valium" toID="T1" toText="2011-02-08" type="BEFORE" />
<TLINK id="TL6671" fromID="E51" fromText="diarrhea" toID="T0" toText="2011-02-06" type="BEFORE" />
<TLINK id="TL6819" fromID="E21" fromText="the emergency room" toID="E26" toText="the emergency room" type="OVERLAP" />
<TLINK id="TL6844" fromID="E48" fromText="any chest pain" toID="E50" toText="dysuria" type="OVERLAP" />
<TLINK id="TL6850" fromID="E50" fromText="dysuria" toID="T0" toText="2011-02-06" type="BEFORE" />
<TLINK id="TL7042" fromID="E69" fromText="transferred" toID="T1" toText="2011-02-08" type="BEFORE" />
<TLINK id="TL7158" fromID="E58" fromText="admits" toID="T0" toText="2011-02-06" type="OVERLAP" />
<TLINK id="TL7192" fromID="E74" fromText="The patient 's blood pressure" toID="T1" toText="2011-02-08" type="BEFORE" />
<TLINK id="TL7324" fromID="E84" fromText="mild tremor on hands" toID="T1" toText="2011-02-08" type="BEFORE" />
<TLINK id="TL7816" fromID="E17" fromText="does not recall walking home" toID="E18" toText="states" type="OVERLAP" />
<TLINK id="TL8146" fromID="E4" fromText="shouting" toID="T0" toText="2011-02-06" type="BEFORE" />
<TLINK id="TL8206" fromID="E95" fromText="Mag oxide" toID="T13" toText="times one dose" type="OVERLAP" />
<TLINK id="TL8294" fromID="E8" fromText="the evening" toID="T0" toText="2011-02-06" type="BEFORE" />
<TLINK id="TL8335" fromID="E44" fromText="service on medicine" toID="T3" toText="overnight" type="AFTER" />
<TLINK id="TL8391" fromID="E2" fromText="alcohol use" toID="E3" toText="hypertension" type="OVERLAP" />
<TLINK id="TL8622" fromID="E52" fromText="bright red blood per rectum" toID="T0" toText="2011-02-06" type="BEFORE" />
<TLINK id="TL8710" fromID="E26" fromText="the emergency room" toID="E34" toText="the emergency room" type="OVERLAP" />
<TLINK id="TL8892" fromID="E31" fromText="Haldol" toID="T0" toText="2011-02-06" type="BEFORE" />
<TLINK id="TL9042" fromID="E54" fromText="cold symptoms" toID="T4" toText="one week" type="OVERLAP" />
<TLINK id="TL9135" fromID="E25" fromText="EMS was called" toID="T0" toText="2011-02-06" type="BEFORE" />
<TLINK id="TL9515" fromID="E63" fromText="the threat of war" toID="T0" toText="2011-02-06" type="BEFORE" />
<TLINK id="TL9665" fromID="E42" fromText="his blood pressure" toID="T0" toText="2011-02-06" type="BEFORE" />
<TLINK id="TL9904" fromID="E81" fromText="shortness of breath" toID="T1" toText="2011-02-08" type="BEFORE" />
<TLINK id="TL10082" fromID="E41" fromText="observation" toID="T0" toText="2011-02-06" type="BEFORE" />
<TLINK id="TL10111" fromID="E46" fromText="stable" toID="T3" toText="overnight" type="OVERLAP" />
<TLINK id="TL10119" fromID="E71" fromText="hemodynamically stable" toID="E72" toText="the CMED CCU" type="OVERLAP" />
<TLINK id="TL10120" fromID="E38" fromText="good blood pressure response" toID="T0" toText="2011-02-06" type="BEFORE" />
<TLINK id="TL10489" fromID="E0" fromText="Admission" toID="T0" toText="2011-02-06" type="OVERLAP" />
<TLINK id="TL10744" fromID="E21" fromText="the emergency room" toID="T0" toText="2011-02-06" type="BEFORE" />
<TLINK id="TL10818" fromID="T2" fromText="the evening" toID="E9" toText="admission" type="BEFORE" />
<TLINK id="TL10928" fromID="T9" fromText="Hospital day #2" toID="E84" toText="mild tremor on hands" type="OVERLAP" />
<TLINK id="TL11000" fromID="E45" fromText="the blood pressures" toID="E46" toText="stable" type="OVERLAP" />
<TLINK id="TL11096" fromID="E47" fromText="denies" toID="E48" toText="any chest pain" type="AFTER" />
<TLINK id="TL11134" fromID="T7" fromText="hospital day #2" toID="T9" toText="Hospital day #2" type="OVERLAP" />
<TLINK id="TL11135" fromID="E4" fromText="shouting" toID="E5" toText="very agitated" type="AFTER" />
<TLINK id="TL11165" fromID="E28" fromText="Agitated" toID="E29" toText="emergency room" type="OVERLAP" />
<TLINK id="TL11324" fromID="E37" fromText="a normal saline bolus" toID="E38" toText="good blood pressure response" type="OVERLAP" />
<TLINK id="TL11929" fromID="E40" fromText="the medical Intensive Care Unit" toID="T0" toText="2011-02-06" type="BEFORE" />
<TLINK id="TL12269" fromID="E20" fromText="presented" toID="E21" toText="the emergency room" type="BEFORE" />
<TLINK id="TL12439" fromID="E83" fromText="Substance abuse" toID="T1" toText="2011-02-08" type="BEFORE" />
<TLINK id="TL12503" fromID="E45" fromText="the blood pressures" toID="T0" toText="2011-02-06" type="BEFORE" />
<TLINK id="TL12513" fromID="E12" fromText="a few cocktails" toID="T0" toText="2011-02-06" type="BEFORE" />
<TLINK id="TL12527" fromID="E22" fromText="emergency room" toID="T0" toText="2011-02-06" type="BEFORE" />
<TLINK id="TL12529" fromID="E27" fromText="Blood alcohol level" toID="T0" toText="2011-02-06" type="BEFORE" />
<TLINK id="TL12665" fromID="E64" fromText="states" toID="T0" toText="2011-02-06" type="OVERLAP" />
<TLINK id="TL12749" fromID="E80" fromText="chest pain" toID="E81" toText="shortness of breath" type="OVERLAP" />
<TLINK id="TL12908" fromID="E36" fromText="decreased respiratory rate" toID="T0" toText="2011-02-06" type="BEFORE" />
<TLINK id="TL13670" fromID="T11" fromText="over night" toID="E88" toText="tremor" type="OVERLAP" />
<TLINK id="TL13824" fromID="E29" fromText="emergency room" toID="E30" toText="4 leather restraints" type="OVERLAP" />
<TLINK id="TL13887" fromID="E10" fromText="two glasses of red wine" toID="T0" toText="2011-02-06" type="BEFORE" />
<TLINK id="TL13976" fromID="E97" fromText="denies" toID="E15" toText="other drug" type="AFTER" />
<TLINK id="TL14034" fromID="E95" fromText="Mag oxide" toID="T1" toText="2011-02-08" type="BEFORE" />
<TLINK id="TL14049" fromID="T2" fromText="the evening" toID="E8" toText="the evening" type="OVERLAP" />
<TLINK id="TL14200" fromID="E79" fromText="asymptomatic" toID="T1" toText="2011-02-08" type="BEFORE" />
<TLINK id="TL14331" fromID="E49" fromText="shortness of breath" toID="E52" toText="bright red blood per rectum" type="OVERLAP" />
<TLINK id="TL14350" fromID="E53" fromText="complain" toID="T0" toText="2011-02-06" type="BEFORE" />
<TLINK id="TL14584" fromID="E37" fromText="a normal saline bolus" toID="T0" toText="2011-02-06" type="BEFORE" />
<TLINK id="TL14597" fromID="E16" fromText="toxin ingestion" toID="T0" toText="2011-02-06" type="BEFORE" />
<TLINK id="TL14618" fromID="E93" fromText="Call" toID="T1" toText="2011-02-08" type="AFTER" />
<TLINK id="TL14666" fromID="E78" fromText="home blood pressure medications" toID="T1" toText="2011-02-08" type="BEFORE" />
<TLINK id="TL14700" fromID="E49" fromText="shortness of breath" toID="E51" toText="diarrhea" type="OVERLAP" />
<TLINK id="TL14745" fromID="E72" fromText="the CMED CCU" toID="E73" toText="Blood pressure" type="OVERLAP" />
<TLINK id="TL14926" fromID="E43" fromText="transferred" toID="T0" toText="2011-02-06" type="BEFORE" />
<TLINK id="TL15186" fromID="E39" fromText="admitted" toID="E40" toText="the medical Intensive Care Unit" type="BEFORE" />
<TLINK id="TL15229" fromID="E56" fromText="alcohol treatment programs" toID="E57" toText="Star" type="OVERLAP" />
<TLINK id="TL15366" fromID="E67" fromText="a counselor" toID="T0" toText="2011-02-06" type="BEFORE" />
<TLINK id="TL15389" fromID="E51" fromText="diarrhea" toID="E52" toText="bright red blood per rectum" type="OVERLAP" />
<TLINK id="TL15872" fromID="E66" fromText="very depressed" toID="E67" toText="a counselor" type="OVERLAP" />
<TLINK id="TL15997" fromID="E77" fromText="systolic blood pressures" toID="T1" toText="2011-02-08" type="BEFORE" />
<TLINK id="TL16018" fromID="E15" fromText="other drug" toID="T0" toText="2011-02-06" type="BEFORE" />
<TLINK id="TL16031" fromID="E47" fromText="denies" toID="E50" toText="dysuria" type="AFTER" />
<TLINK id="TL16431" fromID="E69" fromText="transferred" toID="T5" toText="hospital day #2" type="BEFORE" />
<TLINK id="TL16465" fromID="E14" fromText="ran into some friends" toID="T0" toText="2011-02-06" type="BEFORE" />
<TLINK id="TL16594" fromID="E85" fromText="notably less anxious" toID="T1" toText="2011-02-08" type="BEFORE" />
<TLINK id="TL16777" fromID="E29" fromText="emergency room" toID="T0" toText="2011-02-06" type="BEFORE" />
<TLINK id="TL16844" fromID="E60" fromText="unstable" toID="T0" toText="2011-02-06" type="BEFORE" />
<TLINK id="TL17056" fromID="E75" fromText="stable" toID="T7" toText="hospital day #2" type="OVERLAP" />
<TLINK id="TL17185" fromID="E50" fromText="dysuria" toID="E51" toText="diarrhea" type="OVERLAP" />
<TLINK id="TL17195" fromID="T5" fromText="hospital day #2" toID="T7" toText="hospital day #2" type="OVERLAP" />
<TLINK id="TL17207" fromID="E48" fromText="any chest pain" toID="T0" toText="2011-02-06" type="BEFORE" />
<TLINK id="TL17459" fromID="E82" fromText="mental status changes" toID="T1" toText="2011-02-08" type="BEFORE" />
<TLINK id="TL17760" fromID="E94" fromText="Calcium carbonate" toID="T1" toText="2011-02-08" type="BEFORE" />
<TLINK id="TL17915" fromID="E62" fromText="sent away" toID="T0" toText="2011-02-06" type="BEFORE" />
<TLINK id="TL17932" fromID="E72" fromText="the CMED CCU" toID="T1" toText="2011-02-08" type="BEFORE" />
<TLINK id="TL17938" fromID="E68" fromText="Greenfield Community College Community Health" toID="T0" toText="2011-02-06" type="BEFORE" />
<TLINK id="TL17993" fromID="E7" fromText="going out alone" toID="T2" toText="the evening" type="OVERLAP" />
<TLINK id="TL18100" fromID="E18" fromText="states" toID="T0" toText="2011-02-06" type="OVERLAP" />
<TLINK id="TL18284" fromID="E72" fromText="the CMED CCU" toID="T6" toText="overnight" type="OVERLAP" />
<TLINK id="TL18390" fromID="E21" fromText="the emergency room" toID="E34" toText="the emergency room" type="OVERLAP" />
<TLINK id="TL18535" fromID="E44" fromText="service on medicine" toID="T0" toText="2011-02-06" type="BEFORE" />
<TLINK id="TL18600" fromID="E71" fromText="hemodynamically stable" toID="T6" toText="overnight" type="OVERLAP" />
<TLINK id="TL18670" fromID="E79" fromText="asymptomatic" toID="E80" toText="chest pain" type="OVERLAP" />
<TLINK id="TL18796" fromID="E43" fromText="transferred" toID="E45" toText="the blood pressures" type="OVERLAP" />
<TLINK id="TL18893" fromID="E11" fromText="told" toID="T0" toText="2011-02-06" type="BEFORE" />
<TLINK id="TL18910" fromID="E13" fromText="a few more glasses of wine" toID="T0" toText="2011-02-06" type="BEFORE" />
<TLINK id="TL18929" fromID="E87" fromText="CIWA scale" toID="T1" toText="2011-02-08" type="BEFORE" />
<TLINK id="TL19464" fromID="E48" fromText="any chest pain" toID="E51" toText="diarrhea" type="OVERLAP" />
<TLINK id="TL19484" fromID="T10" fromText="hospital day #3" toID="E84" toText="mild tremor on hands" type="OVERLAP" />
<TLINK id="TL19675" fromID="E96" fromText="potassium chloride" toID="T1" toText="2011-02-08" type="BEFORE" />
<TLINK id="TL19734" fromID="E48" fromText="any chest pain" toID="E52" toText="bright red blood per rectum" type="OVERLAP" />
<TLINK id="TL19858" fromID="E44" fromText="service on medicine" toID="E45" toText="the blood pressures" type="AFTER" />
<TLINK id="TL20202" fromID="E17" fromText="does not recall walking home" toID="T0" toText="2011-02-06" type="BEFORE" />
<TLINK id="TL20471" fromID="E76" fromText="IV hydration" toID="E77" toText="systolic blood pressures" type="OVERLAP" />
<TLINK id="TL20525" fromID="E47" fromText="denies" toID="T0" toText="2011-02-06" type="OVERLAP" />
<TLINK id="TL20633" fromID="E6" fromText="states" toID="T0" toText="2011-02-06" type="OVERLAP" />
<TLINK id="TL20694" fromID="E75" fromText="stable" toID="T1" toText="2011-02-08" type="BEFORE" />
<TLINK id="TL20914" fromID="E55" fromText="states" toID="T0" toText="2011-02-06" type="OVERLAP" />
<TLINK id="TL20915" fromID="T8" fromText="hospital day #3" toID="T10" toText="hospital day #3" type="OVERLAP" />
<TLINK id="TL21099" fromID="E49" fromText="shortness of breath" toID="T0" toText="2011-02-06" type="BEFORE" />
<TLINK id="TL21228" fromID="E30" fromText="4 leather restraints" toID="E31" toText="Haldol" type="OVERLAP" />
<TLINK id="TL21238" fromID="E1" fromText="Discharge" toID="T1" toText="2011-02-08" type="OVERLAP" />
<TLINK id="TL21275" fromID="E97" fromText="denies" toID="T0" toText="2011-02-06" type="OVERLAP" />
<TLINK id="TL21339" fromID="E25" fromText="EMS was called" toID="E26" toText="the emergency room" type="BEFORE" />
<TLINK id="TL21477" fromID="E43" fromText="transferred" toID="T3" toText="overnight" type="OVERLAP" />
<TLINK id="TL21761" fromID="E46" fromText="stable" toID="T0" toText="2011-02-06" type="BEFORE" />
<TLINK id="TL21791" fromID="E74" fromText="The patient 's blood pressure" toID="T7" toText="hospital day #2" type="OVERLAP" />
<TLINK id="TL21874" fromID="E80" fromText="chest pain" toID="T1" toText="2011-02-08" type="BEFORE" />
<TLINK id="TL22023" fromID="E76" fromText="IV hydration" toID="T1" toText="2011-02-08" type="BEFORE" />
<TLINK id="TL22079" fromID="E24" fromText="agitated" toID="T0" toText="2011-02-06" type="BEFORE" />
<TLINK id="TL22442" fromID="E94" fromText="Calcium carbonate" toID="T12" toText="t.i.d." type="OVERLAP" />
<TLINK id="TL22453" fromID="E87" fromText="CIWA scale" toID="T11" toText="over night" type="OVERLAP" />
<TLINK id="TL22496" fromID="E70" fromText="medicine service" toID="T5" toText="hospital day #2" type="OVERLAP" />
<TLINK id="TL22600" fromID="E86" fromText="hospital stay" toID="T1" toText="2011-02-08" type="BEFORE" />
<TLINK id="TL22645" fromID="E5" fromText="very agitated" toID="T0" toText="2011-02-06" type="BEFORE" />
<TLINK id="TL22716" fromID="E9" fromText="admission" toID="T0" toText="2011-02-06" type="BEFORE" />
<TLINK id="TL22794" fromID="E13" fromText="a few more glasses of wine" toID="E14" toText="ran into some friends" type="OVERLAP" />
<TLINK id="TL22870" fromID="E65" fromText="relies on friends" toID="T0" toText="2011-02-06" type="BEFORE" />
<TLINK id="TL22880" fromID="E35" fromText="a systolic blood pressure" toID="E36" toText="decreased respiratory rate" type="OVERLAP" />
<TLINK id="TL22906" fromID="E96" fromText="potassium chloride" toID="T14" toText="times one dose" type="OVERLAP" />
<TLINK id="TL23298" fromID="E34" fromText="the emergency room" toID="T0" toText="2011-02-06" type="BEFORE" />
<TLINK id="TL23648" fromID="E20" fromText="presented" toID="T0" toText="2011-02-06" type="BEFORE" />
<TLINK id="TL23809" fromID="E15" fromText="other drug" toID="E16" toText="toxin ingestion" type="OVERLAP" />
<TLINK id="TL24175" fromID="E32" fromText="Ativan" toID="T0" toText="2011-02-06" type="BEFORE" />
<TLINK id="TL24340" fromID="E26" fromText="the emergency room" toID="T0" toText="2011-02-06" type="BEFORE" />
<TLINK id="TL24415" fromID="T7" fromText="hospital day #2" toID="E76" toText="IV hydration" type="OVERLAP" />
<TLINK id="TL24738" fromID="E3" fromText="hypertension" toID="T0" toText="2011-02-06" type="BEFORE" />
</TAGS>
</ClinicalNarrativeTemporalAnnotation>
