<?xml version="1.0" encoding="UTF-8" ?>
<ClinicalNarrativeTemporalAnnotation>
<TEXT><![CDATA[
ADMISSION DATE :
04/27/1998
DISCHARGE DATE :
05/02/1998
HISTORY OF PRESENT ILLNESS :
The patient is a 72 year old white male with a history of coronary artery disease , status post a four vessel coronary artery bypass graft in 1983 , pulmonary hypertension , hepatitis C positive cirrhosis history with history of portal hypertension and status post an upper gastrointestinal bleed on 4-10-98 , who presents from Sondi Memorial for work up of pulmonary infiltrates , acute renal failure and pulmonary hypertension .
The patient presented to Sondi Memorial on 4-10-98 with fatigue and fall , found to have a hematocrit of 29 , baseline 37 .
The patient was transfused two units and an esophagogastroduodenoscopy done where it showed gastritis , candidal esophagitis and portal hypertensive gastropathy without varices .
A colonoscopy showed anteriordysplasia , no bleeding was seen .
The patient was discharged after one week on iron sulfate .
On 4-24 , the patient was seen again at Sondi Memorial when he experienced at home a fall , no loss of consciousness , positive substernal chest pain , pleuritic pain , shortness of breath and cough .
He went to Sondi Memorial where he ruled out for myocardial infarction and was found to have a left lower lobe infiltrate / pneumonia , started on cefuroxime .
His respiratory condition continued to deteriorate despite aggressive chest physical therapy for possible blood , given Lasix for congestive heart failure , became hypotensive , hypoxic and intubated .
The patient was found to have expanding pulmonary infiltrates on chest x-ray , developed acute renal insufficiency with minimal urine output , less than 10 cc an hour , started on dopamine for hemodynamic instability .
An echocardiogram was obtained on 4-26 which showed concentric left ventricular hypertrophy with normal _____ left ventricular function , severe right ventricular dilatation with septal hypokinesis and flattening with a question of right ventricular apical clot raised with mild aortic stenosis , severe tricuspid regurgitation and increased pulmonary artery pressure of approximately 70 millimeters , consistent with fairly severe pulmonary hypertension .
Blood cultures x two sent off with no growth .
The patient ruled out for myocardial infarction with flat creatine kinases and he was sent to Oaksgekesser/ Memorial Hospital for further work up .
HOSPITAL COURSE AND TREATMENT :
At the Oaksgekesser/ Memorial Hospital he was quite hypotensive , requiring dopamine at 1,000 , Levo at 12 .
His chest x-ray showed diffuse patchy infiltrates on left lung with left upper lung patchy infiltrates and right hemidiaphragm elevated , consistent with adult respiratory distress syndrome from possible pneumonia .
A urinalysis was obtained which showed blood , urine sediment was active with positive dysmorphic cells , red cell casts , and 1+ albumin with mild protein uria .
The patient had ANCA , anti-GBM , anti-streptolycin , ANA , UPEP , SPEP , renal ultrasound , hepatitis C cryoglobulin sent out .
He had a bronchoscopy immediately done which showed no fresh blood , just old clot and a pulmonary arterial line placed in the right internal jugular vein .
Question of pulmonary-renal syndrome was raised .
The patient subsequently deteriorated over time , was started on CVVH and suffered significant complications without improvement of his pulmonary / renal situation .
A family meeting was held on 5-2-98 and it was decided that the patient should be made comfort care only .
All CVVH and the ventilator was removed and the patient spontaneously passed away on 5-2-98 , at 4:55 p.m.
Family and primary carephysician informed .
]]></TEXT>
<TAGS>
<EVENT id="E0" start="1" end="10" text="ADMISSION" modality="FACTUAL" polarity="POS" type="OCCURRENCE" />
<EVENT id="E97" start="1027" end="1033" text="a fall" modality="FACTUAL" polarity="POS" type="PROBLEM" />
<EVENT id="E98" start="1039" end="1060" text="loss of consciousness" modality="FACTUAL" polarity="NEG" type="PROBLEM" />
<EVENT id="E17" start="1072" end="1093" text="substernal chest pain" modality="FACTUAL" polarity="POS" type="PROBLEM" />
<EVENT id="E18" start="1096" end="1110" text="pleuritic pain" modality="FACTUAL" polarity="POS" type="PROBLEM" />
<EVENT id="E19" start="1113" end="1132" text="shortness of breath" modality="FACTUAL" polarity="POS" type="PROBLEM" />
<EVENT id="E20" start="1137" end="1142" text="cough" modality="FACTUAL" polarity="POS" type="PROBLEM" />
<EVENT id="E99" start="1156" end="1170" text="Sondi Memorial" modality="FACTUAL" polarity="POS" type="CLINICAL_DEPT" />
<EVENT id="E21" start="1194" end="1215" text="myocardial infarction" modality="FACTUAL" polarity="NEG" type="PROBLEM" />
<EVENT id="E100" start="1238" end="1266" text="a left lower lobe infiltrate" modality="FACTUAL" polarity="POS" type="PROBLEM" />
<EVENT id="E22" start="1269" end="1278" text="pneumonia" modality="FACTUAL" polarity="POS" type="PROBLEM" />
<EVENT id="E23" start="1292" end="1302" text="cefuroxime" modality="FACTUAL" polarity="POS" type="TREATMENT" />
<EVENT id="E101" start="1344" end="1355" text="deteriorate" modality="FACTUAL" polarity="POS" type="PROBLEM" />
<EVENT id="E24" start="1364" end="1397" text="aggressive chest physical therapy" modality="FACTUAL" polarity="POS" type="TREATMENT" />
<EVENT id="E77" start="1411" end="1416" text="blood" modality="POSSIBLE" polarity="POS" type="PROBLEM" />
<EVENT id="E25" start="1425" end="1430" text="Lasix" modality="FACTUAL" polarity="POS" type="TREATMENT" />
<EVENT id="E80" start="144" end="167" text="coronary artery disease" modality="FACTUAL" polarity="POS" type="PROBLEM" />
<EVENT id="E26" start="1435" end="1459" text="congestive heart failure" modality="FACTUAL" polarity="POS" type="PROBLEM" />
<EVENT id="E27" start="1469" end="1480" text="hypotensive" modality="FACTUAL" polarity="POS" type="PROBLEM" />
<EVENT id="E28" start="1483" end="1490" text="hypoxic" modality="FACTUAL" polarity="POS" type="PROBLEM" />
<EVENT id="E29" start="1495" end="1504" text="intubated" modality="FACTUAL" polarity="POS" type="TREATMENT" />
<EVENT id="E102" start="1537" end="1568" text="expanding pulmonary infiltrates" modality="FACTUAL" polarity="POS" type="PROBLEM" />
<EVENT id="E30" start="1572" end="1583" text="chest x-ray" modality="FACTUAL" polarity="POS" type="TEST" />
<EVENT id="E31" start="1596" end="1621" text="acute renal insufficiency" modality="FACTUAL" polarity="POS" type="PROBLEM" />
<EVENT id="E32" start="1627" end="1647" text="minimal urine output" modality="FACTUAL" polarity="POS" type="PROBLEM" />
<EVENT id="E33" start="1687" end="1695" text="dopamine" modality="FACTUAL" polarity="POS" type="TREATMENT" />
<EVENT id="E34" start="1700" end="1723" text="hemodynamic instability" modality="FACTUAL" polarity="POS" type="PROBLEM" />
<EVENT id="E35" start="1726" end="1743" text="An echocardiogram" modality="FACTUAL" polarity="POS" type="TEST" />
<EVENT id="E103" start="1771" end="1777" text="showed" modality="FACTUAL" polarity="POS" type="EVIDENTIAL" />
<EVENT id="E104" start="1778" end="1817" text="concentric left ventricular hypertrophy" modality="FACTUAL" polarity="POS" type="PROBLEM" />
<EVENT id="E1" start="182" end="224" text="a four vessel coronary artery bypass graft" modality="FACTUAL" polarity="POS" type="TREATMENT" />
<EVENT id="E105" start="1823" end="1861" text="normal _____ left ventricular function" modality="FACTUAL" polarity="POS" type="OCCURRENCE" />
<EVENT id="E106" start="1864" end="1899" text="severe right ventricular dilatation" modality="FACTUAL" polarity="POS" type="PROBLEM" />
<EVENT id="E107" start="1905" end="1938" text="septal hypokinesis and flattening" modality="FACTUAL" polarity="POS" type="PROBLEM" />
<EVENT id="E36" start="1958" end="1987" text="right ventricular apical clot" modality="POSSIBLE" polarity="POS" type="PROBLEM" />
<EVENT id="E108" start="2000" end="2020" text="mild aortic stenosis" modality="FACTUAL" polarity="POS" type="PROBLEM" />
<EVENT id="E109" start="2023" end="2053" text="severe tricuspid regurgitation" modality="FACTUAL" polarity="POS" type="PROBLEM" />
<EVENT id="E110" start="2058" end="2093" text="increased pulmonary artery pressure" modality="FACTUAL" polarity="POS" type="PROBLEM" />
<EVENT id="E111" start="2144" end="2180" text="fairly severe pulmonary hypertension" modality="FACTUAL" polarity="POS" type="PROBLEM" />
<EVENT id="E37" start="2183" end="2197" text="Blood cultures" modality="FACTUAL" polarity="POS" type="TEST" />
<EVENT id="E38" start="2221" end="2227" text="growth" modality="FACTUAL" polarity="NEG" type="PROBLEM" />
<EVENT id="E39" start="2256" end="2277" text="myocardial infarction" modality="FACTUAL" polarity="NEG" type="PROBLEM" />
<EVENT id="E40" start="2288" end="2304" text="creatine kinases" modality="FACTUAL" polarity="POS" type="TEST" />
<EVENT id="E112" start="2324" end="2355" text="Oaksgekesser/ Memorial Hospital" modality="FACTUAL" polarity="POS" type="CLINICAL_DEPT" />
<EVENT id="E81" start="235" end="257" text="pulmonary hypertension" modality="FACTUAL" polarity="POS" type="PROBLEM" />
<EVENT id="E41" start="2360" end="2375" text="further work up" modality="FACTUAL" polarity="POS" type="TEST" />
<EVENT id="E113" start="2413" end="2448" text="the Oaksgekesser/ Memorial Hospital" modality="FACTUAL" polarity="POS" type="CLINICAL_DEPT" />
<EVENT id="E42" start="2456" end="2473" text="quite hypotensive" modality="FACTUAL" polarity="POS" type="PROBLEM" />
<EVENT id="E43" start="2486" end="2494" text="dopamine" modality="FACTUAL" polarity="POS" type="TREATMENT" />
<EVENT id="E44" start="2506" end="2510" text="Levo" modality="FACTUAL" polarity="POS" type="TREATMENT" />
<EVENT id="E45" start="2519" end="2534" text="His chest x-ray" modality="FACTUAL" polarity="POS" type="TEST" />
<EVENT id="E114" start="2535" end="2541" text="showed" modality="FACTUAL" polarity="POS" type="EVIDENTIAL" />
<EVENT id="E46" start="2542" end="2581" text="diffuse patchy infiltrates on left lung" modality="FACTUAL" polarity="POS" type="PROBLEM" />
<EVENT id="E47" start="2587" end="2621" text="left upper lung patchy infiltrates" modality="FACTUAL" polarity="POS" type="PROBLEM" />
<EVENT id="E82" start="260" end="271" text="hepatitis C" modality="FACTUAL" polarity="POS" type="PROBLEM" />
<EVENT id="E48" start="2626" end="2654" text="right hemidiaphragm elevated" modality="FACTUAL" polarity="POS" type="PROBLEM" />
<EVENT id="E49" start="2673" end="2708" text="adult respiratory distress syndrome" modality="FACTUAL" polarity="POS" type="PROBLEM" />
<EVENT id="E115" start="2723" end="2732" text="pneumonia" modality="POSSIBLE" polarity="POS" type="PROBLEM" />
<EVENT id="E50" start="2735" end="2747" text="A urinalysis" modality="FACTUAL" polarity="POS" type="TEST" />
<EVENT id="E116" start="2767" end="2773" text="showed" modality="FACTUAL" polarity="POS" type="EVIDENTIAL" />
<EVENT id="E51" start="2774" end="2779" text="blood" modality="FACTUAL" polarity="POS" type="PROBLEM" />
<EVENT id="E52" start="2782" end="2796" text="urine sediment" modality="FACTUAL" polarity="POS" type="PROBLEM" />
<EVENT id="E83" start="281" end="290" text="cirrhosis" modality="FACTUAL" polarity="POS" type="PROBLEM" />
<EVENT id="E53" start="2801" end="2807" text="active" modality="FACTUAL" polarity="POS" type="PROBLEM" />
<EVENT id="E54" start="2822" end="2838" text="dysmorphic cells" modality="FACTUAL" polarity="POS" type="PROBLEM" />
<EVENT id="E55" start="2841" end="2855" text="red cell casts" modality="FACTUAL" polarity="POS" type="PROBLEM" />
<EVENT id="E56" start="2862" end="2872" text="1+ albumin" modality="FACTUAL" polarity="POS" type="PROBLEM" />
<EVENT id="E57" start="2878" end="2895" text="mild protein uria" modality="FACTUAL" polarity="POS" type="PROBLEM" />
<EVENT id="E79" start="29" end="38" text="DISCHARGE" modality="FACTUAL" polarity="POS" type="OCCURRENCE" />
<EVENT id="E58" start="2914" end="2918" text="ANCA" modality="FACTUAL" polarity="POS" type="TEST" />
<EVENT id="E59" start="2921" end="2929" text="anti-GBM" modality="FACTUAL" polarity="POS" type="TEST" />
<EVENT id="E60" start="2932" end="2949" text="anti-streptolycin" modality="FACTUAL" polarity="POS" type="TEST" />
<EVENT id="E61" start="2952" end="2955" text="ANA" modality="FACTUAL" polarity="POS" type="TEST" />
<EVENT id="E62" start="2958" end="2962" text="UPEP" modality="FACTUAL" polarity="POS" type="TEST" />
<EVENT id="E63" start="2965" end="2969" text="SPEP" modality="FACTUAL" polarity="POS" type="TEST" />
<EVENT id="E64" start="2972" end="2988" text="renal ultrasound" modality="FACTUAL" polarity="POS" type="TEST" />
<EVENT id="E65" start="2991" end="3015" text="hepatitis C cryoglobulin" modality="FACTUAL" polarity="POS" type="TEST" />
<EVENT id="E66" start="3034" end="3048" text="a bronchoscopy" modality="FACTUAL" polarity="POS" type="TEST" />
<EVENT id="E117" start="3072" end="3078" text="showed" modality="FACTUAL" polarity="POS" type="EVIDENTIAL" />
<EVENT id="E67" start="3082" end="3093" text="fresh blood" modality="FACTUAL" polarity="NEG" type="PROBLEM" />
<EVENT id="E68" start="3101" end="3109" text="old clot" modality="FACTUAL" polarity="POS" type="PROBLEM" />
<EVENT id="E69" start="3114" end="3139" text="a pulmonary arterial line" modality="FACTUAL" polarity="POS" type="TREATMENT" />
<EVENT id="E2" start="315" end="334" text="portal hypertension" modality="FACTUAL" polarity="POS" type="PROBLEM" />
<EVENT id="E70" start="3196" end="3220" text="pulmonary-renal syndrome" modality="POSSIBLE" polarity="POS" type="PROBLEM" />
<EVENT id="E118" start="3259" end="3271" text="deteriorated" modality="FACTUAL" polarity="POS" type="PROBLEM" />
<EVENT id="E71" start="3299" end="3303" text="CVVH" modality="FACTUAL" polarity="POS" type="TREATMENT" />
<EVENT id="E72" start="3317" end="3342" text="significant complications" modality="FACTUAL" polarity="POS" type="PROBLEM" />
<EVENT id="E122" start="3351" end="3362" text="improvement" modality="FACTUAL" polarity="NEG" type="OCCURRENCE" />
<EVENT id="E119" start="3400" end="3416" text="A family meeting" modality="FACTUAL" polarity="POS" type="OCCURRENCE" />
<EVENT id="E120" start="3487" end="3504" text="comfort care only" modality="FACTUAL" polarity="POS" type="TREATMENT" />
<EVENT id="E3" start="351" end="382" text="an upper gastrointestinal bleed" modality="FACTUAL" polarity="POS" type="PROBLEM" />
<EVENT id="E74" start="3511" end="3515" text="CVVH" modality="FACTUAL" polarity="POS" type="TREATMENT" />
<EVENT id="E75" start="3520" end="3534" text="the ventilator" modality="FACTUAL" polarity="POS" type="TREATMENT" />
<EVENT id="E78" start="3577" end="3588" text="passed away" modality="FACTUAL" polarity="POS" type="OCCURRENCE" />
<EVENT id="E121" start="3647" end="3655" text="informed" modality="FACTUAL" polarity="POS" type="OCCURRENCE" />
<EVENT id="E84" start="400" end="408" text="presents" modality="FACTUAL" polarity="POS" type="EVIDENTIAL" />
<EVENT id="E85" start="414" end="428" text="Sondi Memorial" modality="FACTUAL" polarity="POS" type="CLINICAL_DEPT" />
<EVENT id="E4" start="433" end="440" text="work up" modality="FACTUAL" polarity="POS" type="TEST" />
<EVENT id="E5" start="444" end="465" text="pulmonary infiltrates" modality="FACTUAL" polarity="POS" type="PROBLEM" />
<EVENT id="E86" start="468" end="487" text="acute renal failure" modality="FACTUAL" polarity="POS" type="PROBLEM" />
<EVENT id="E87" start="492" end="514" text="pulmonary hypertension" modality="FACTUAL" polarity="POS" type="PROBLEM" />
<EVENT id="E88" start="529" end="538" text="presented" modality="FACTUAL" polarity="POS" type="EVIDENTIAL" />
<EVENT id="E89" start="542" end="556" text="Sondi Memorial" modality="FACTUAL" polarity="POS" type="CLINICAL_DEPT" />
<EVENT id="E6" start="573" end="580" text="fatigue" modality="FACTUAL" polarity="POS" type="PROBLEM" />
<EVENT id="E90" start="585" end="589" text="fall" modality="FACTUAL" polarity="POS" type="PROBLEM" />
<EVENT id="E7" start="606" end="618" text="a hematocrit" modality="FACTUAL" polarity="POS" type="TEST" />
<EVENT id="E91" start="627" end="635" text="baseline" modality="FACTUAL" polarity="POS" type="OCCURRENCE" />
<EVENT id="E8" start="668" end="677" text="two units" modality="FACTUAL" polarity="POS" type="TREATMENT" />
<EVENT id="E9" start="682" end="711" text="an esophagogastroduodenoscopy" modality="FACTUAL" polarity="POS" type="TEST" />
<EVENT id="E92" start="726" end="732" text="showed" modality="FACTUAL" polarity="POS" type="EVIDENTIAL" />
<EVENT id="E10" start="733" end="742" text="gastritis" modality="FACTUAL" polarity="POS" type="PROBLEM" />
<EVENT id="E11" start="745" end="765" text="candidal esophagitis" modality="FACTUAL" polarity="POS" type="PROBLEM" />
<EVENT id="E12" start="770" end="801" text="portal hypertensive gastropathy" modality="FACTUAL" polarity="POS" type="PROBLEM" />
<EVENT id="E93" start="810" end="817" text="varices" modality="FACTUAL" polarity="NEG" type="PROBLEM" />
<EVENT id="E13" start="820" end="833" text="A colonoscopy" modality="FACTUAL" polarity="POS" type="TEST" />
<EVENT id="E94" start="834" end="840" text="showed" modality="FACTUAL" polarity="POS" type="EVIDENTIAL" />
<EVENT id="E14" start="841" end="858" text="anteriordysplasia" modality="FACTUAL" polarity="POS" type="PROBLEM" />
<EVENT id="E15" start="864" end="872" text="bleeding" modality="FACTUAL" polarity="NEG" type="PROBLEM" />
<EVENT id="E76" start="900" end="910" text="discharged" modality="FACTUAL" polarity="POS" type="OCCURRENCE" />
<EVENT id="E16" start="929" end="941" text="iron sulfate" modality="FACTUAL" polarity="POS" type="TREATMENT" />
<EVENT id="E95" start="970" end="974" text="seen" modality="FACTUAL" polarity="POS" type="OCCURRENCE" />
<EVENT id="E96" start="984" end="998" text="Sondi Memorial" modality="FACTUAL" polarity="POS" type="CLINICAL_DEPT" />
<TIMEX3 id="T7" start="1760" end="1764" text="4-26" type="DATE" val="1998-04-26" mod="NA" />
<TIMEX3 id="T1" start="18" end="28" text="04/27/1998" type="DATE" val="1998-04-27" mod="NA" />
<TIMEX3 id="T8" start="2198" end="2203" text="x two" type="FREQUENCY" val="R2" mod="NA" />
<TIMEX3 id="T3" start="228" end="232" text="1983" type="DATE" val="1983" mod="NA" />
<TIMEX3 id="T9" start="3429" end="3435" text="5-2-98" type="DATE" val="1998-05-02" mod="NA" />
<TIMEX3 id="T10" start="3592" end="3613" text="5-2-98 , at 4:55 p.m." type="TIME" val="1998-05-02T16:55" mod="NA" />
<TIMEX3 id="T4" start="386" end="393" text="4-10-98" type="DATE" val="1998-04-10" mod="NA" />
<TIMEX3 id="T2" start="46" end="56" text="05/02/1998" type="DATE" val="1998-05-02" mod="NA" />
<TIMEX3 id="T5" start="560" end="567" text="4-10-98" type="DATE" val="1998-04-10" mod="NA" />
<TIMEX3 id="T0" start="917" end="925" text="one week" type="DURATION" val="P1W" mod="NA" />
<TIMEX3 id="T6" start="947" end="951" text="4-24" type="DATE" val="1998-04-24" mod="NA" />
<SECTIME id="S0" start="18" end="28" text="04/27/1998" type="ADMISSION" dvalue="1998-04-27" />
<SECTIME id="S1" start="46" end="56" text="05/02/1998" type="DISCHARGE" dvalue="1998-05-02" />
<TLINK id="TL146" fromID="T5" fromText="4-10-98" toID="E6" toText="fatigue" type="BEFORE" />
<TLINK id="TL158" fromID="E47" fromText="left upper lung patchy infiltrates" toID="E48" toText="right hemidiaphragm elevated" type="OVERLAP" />
<TLINK id="TL183" fromID="T4" fromText="4-10-98" toID="E5" toText="pulmonary infiltrates" type="BEFORE" />
<TLINK id="TL302" fromID="E109" fromText="severe tricuspid regurgitation" toID="E110" toText="increased pulmonary artery pressure" type="OVERLAP" />
<TLINK id="TL313" fromID="E72" fromText="significant complications" toID="T2" toText="05/02/1998" type="BEFORE" />
<TLINK id="TL450" fromID="E100" fromText="a left lower lobe infiltrate" toID="E22" toText="pneumonia" type="OVERLAP" />
<TLINK id="TL560" fromID="E37" fromText="Blood cultures" toID="T8" toText="x two" type="OVERLAP" />
<TLINK id="TL756" fromID="E52" fromText="urine sediment" toID="E53" toText="active" type="OVERLAP" />
<TLINK id="TL807" fromID="E7" fromText="a hematocrit" toID="T1" toText="04/27/1998" type="BEFORE" />
<TLINK id="TL858" fromID="E45" fromText="His chest x-ray" toID="E47" toText="left upper lung patchy infiltrates" type="AFTER" />
<TLINK id="TL1061" fromID="E0" fromText="ADMISSION" toID="T1" toText="04/27/1998" type="OVERLAP" />
<TLINK id="TL1103" fromID="E93" fromText="varices" toID="T1" toText="04/27/1998" type="BEFORE" />
<TLINK id="TL1156" fromID="E59" fromText="anti-GBM" toID="E64" toText="renal ultrasound" type="OVERLAP" />
<TLINK id="TL1196" fromID="E119" fromText="A family meeting" toID="T2" toText="05/02/1998" type="BEFORE" />
<TLINK id="TL1289" fromID="E96" fromText="Sondi Memorial" toID="T1" toText="04/27/1998" type="BEFORE" />
<TLINK id="TL1335" fromID="E10" fromText="gastritis" toID="E11" toText="candidal esophagitis" type="OVERLAP" />
<TLINK id="TL1343" fromID="E58" fromText="ANCA" toID="E64" toText="renal ultrasound" type="OVERLAP" />
<TLINK id="TL1356" fromID="E114" fromText="showed" toID="E48" toText="right hemidiaphragm elevated" type="AFTER" />
<TLINK id="TL1376" fromID="E66" fromText="a bronchoscopy" toID="T2" toText="05/02/1998" type="BEFORE" />
<TLINK id="TL1377" fromID="E18" fromText="pleuritic pain" toID="E19" toText="shortness of breath" type="OVERLAP" />
<TLINK id="TL1495" fromID="E9" fromText="an esophagogastroduodenoscopy" toID="E92" toText="showed" type="OVERLAP" />
<TLINK id="TL1560" fromID="E111" fromText="fairly severe pulmonary hypertension" toID="T1" toText="04/27/1998" type="BEFORE" />
<TLINK id="TL1662" fromID="E45" fromText="His chest x-ray" toID="E48" toText="right hemidiaphragm elevated" type="AFTER" />
<TLINK id="TL1755" fromID="E115" fromText="pneumonia" toID="T2" toText="05/02/1998" type="BEFORE" />
<TLINK id="TL1818" fromID="E86" fromText="acute renal failure" toID="E87" toText="pulmonary hypertension" type="OVERLAP" />
<TLINK id="TL1956" fromID="T6" fromText="4-24" toID="E95" toText="seen" type="OVERLAP" />
<TLINK id="TL1968" fromID="E4" fromText="work up" toID="E5" toText="pulmonary infiltrates" type="AFTER" />
<TLINK id="TL2072" fromID="E12" fromText="portal hypertensive gastropathy" toID="E93" toText="varices" type="OVERLAP" />
<TLINK id="TL2332" fromID="E102" fromText="expanding pulmonary infiltrates" toID="T1" toText="04/27/1998" type="BEFORE" />
<TLINK id="TL2441" fromID="E9" fromText="an esophagogastroduodenoscopy" toID="E93" toText="varices" type="AFTER" />
<TLINK id="TL2524" fromID="E35" fromText="An echocardiogram" toID="T7" toText="4-26" type="OVERLAP" />
<TLINK id="TL2696" fromID="T6" fromText="4-24" toID="E96" toText="Sondi Memorial" type="OVERLAP" />
<TLINK id="TL2751" fromID="E76" fromText="discharged" toID="T1" toText="04/27/1998" type="OVERLAP" />
<TLINK id="TL2809" fromID="E96" fromText="Sondi Memorial" toID="E99" toText="Sondi Memorial" type="OVERLAP" />
<TLINK id="TL2831" fromID="E60" fromText="anti-streptolycin" toID="E63" toText="SPEP" type="OVERLAP" />
<TLINK id="TL2839" fromID="E77" fromText="blood" toID="T1" toText="04/27/1998" type="BEFORE" />
<TLINK id="TL2910" fromID="E114" fromText="showed" toID="T2" toText="05/02/1998" type="BEFORE" />
<TLINK id="TL2941" fromID="E107" fromText="septal hypokinesis and flattening" toID="T1" toText="04/27/1998" type="BEFORE" />
<TLINK id="TL3015" fromID="E106" fromText="severe right ventricular dilatation" toID="T1" toText="04/27/1998" type="BEFORE" />
<TLINK id="TL3030" fromID="E112" fromText="Oaksgekesser/ Memorial Hospital" toID="T1" toText="04/27/1998" type="BEFORE" />
<TLINK id="TL3090" fromID="E9" fromText="an esophagogastroduodenoscopy" toID="T1" toText="04/27/1998" type="BEFORE" />
<TLINK id="TL3152" fromID="E71" fromText="CVVH" toID="T2" toText="05/02/1998" type="BEFORE" />
<TLINK id="TL3167" fromID="E89" fromText="Sondi Memorial" toID="E99" toText="Sondi Memorial" type="OVERLAP" />
<TLINK id="TL3197" fromID="E58" fromText="ANCA" toID="E63" toText="SPEP" type="OVERLAP" />
<TLINK id="TL3328" fromID="E8" fromText="two units" toID="T1" toText="04/27/1998" type="BEFORE" />
<TLINK id="TL3367" fromID="E68" fromText="old clot" toID="T2" toText="05/02/1998" type="BEFORE" />
<TLINK id="TL3486" fromID="E105" fromText="normal _____ left ventricular function" toID="T1" toText="04/27/1998" type="BEFORE" />
<TLINK id="TL3495" fromID="E89" fromText="Sondi Memorial" toID="E6" toText="fatigue" type="OVERLAP" />
<TLINK id="TL3568" fromID="E11" fromText="candidal esophagitis" toID="T1" toText="04/27/1998" type="BEFORE" />
<TLINK id="TL3587" fromID="E59" fromText="anti-GBM" toID="T2" toText="05/02/1998" type="BEFORE" />
<TLINK id="TL3656" fromID="E50" fromText="A urinalysis" toID="E51" toText="blood" type="OVERLAP" />
<TLINK id="TL3700" fromID="E65" fromText="hepatitis C cryoglobulin" toID="T2" toText="05/02/1998" type="BEFORE" />
<TLINK id="TL4216" fromID="E19" fromText="shortness of breath" toID="E20" toText="cough" type="OVERLAP" />
<TLINK id="TL4245" fromID="E96" fromText="Sondi Memorial" toID="E97" toText="a fall" type="OVERLAP" />
<TLINK id="TL4316" fromID="E17" fromText="substernal chest pain" toID="T1" toText="04/27/1998" type="BEFORE" />
<TLINK id="TL4325" fromID="E15" fromText="bleeding" toID="T1" toText="04/27/1998" type="BEFORE" />
<TLINK id="TL4387" fromID="E53" fromText="active" toID="T2" toText="05/02/1998" type="BEFORE" />
<TLINK id="TL4483" fromID="E11" fromText="candidal esophagitis" toID="E12" toText="portal hypertensive gastropathy" type="OVERLAP" />
<TLINK id="TL4601" fromID="E52" fromText="urine sediment" toID="T2" toText="05/02/1998" type="BEFORE" />
<TLINK id="TL4616" fromID="E13" fromText="A colonoscopy" toID="E14" toText="anteriordysplasia" type="AFTER" />
<TLINK id="TL4675" fromID="E102" fromText="expanding pulmonary infiltrates" toID="E30" toText="chest x-ray" type="OVERLAP" />
<TLINK id="TL4769" fromID="E59" fromText="anti-GBM" toID="E61" toText="ANA" type="OVERLAP" />
<TLINK id="TL4773" fromID="E19" fromText="shortness of breath" toID="T1" toText="04/27/1998" type="BEFORE" />
<TLINK id="TL4807" fromID="E30" fromText="chest x-ray" toID="E31" toText="acute renal insufficiency" type="OVERLAP" />
<TLINK id="TL5037" fromID="E17" fromText="substernal chest pain" toID="E19" toText="shortness of breath" type="OVERLAP" />
<TLINK id="TL5069" fromID="E78" fromText="passed away" toID="T10" toText="5-2-98 , at 4:55 p.m." type="OVERLAP" />
<TLINK id="TL5158" fromID="E122" fromText="improvement" toID="T2" toText="05/02/1998" type="BEFORE" />
<TLINK id="TL5336" fromID="E9" fromText="an esophagogastroduodenoscopy" toID="E12" toText="portal hypertensive gastropathy" type="AFTER" />
<TLINK id="TL5351" fromID="E108" fromText="mild aortic stenosis" toID="T1" toText="04/27/1998" type="BEFORE" />
<TLINK id="TL5679" fromID="E113" fromText="the Oaksgekesser/ Memorial Hospital" toID="E42" toText="quite hypotensive" type="OVERLAP" />
<TLINK id="TL5747" fromID="E3" fromText="an upper gastrointestinal bleed" toID="T1" toText="04/27/1998" type="BEFORE" />
<TLINK id="TL5869" fromID="E61" fromText="ANA" toID="T2" toText="05/02/1998" type="BEFORE" />
<TLINK id="TL6236" fromID="E12" fromText="portal hypertensive gastropathy" toID="T1" toText="04/27/1998" type="BEFORE" />
<TLINK id="TL6245" fromID="E30" fromText="chest x-ray" toID="E32" toText="minimal urine output" type="OVERLAP" />
<TLINK id="TL6314" fromID="E46" fromText="diffuse patchy infiltrates on left lung" toID="T2" toText="05/02/1998" type="BEFORE" />
<TLINK id="TL6422" fromID="E1" fromText="a four vessel coronary artery bypass graft" toID="T1" toText="04/27/1998" type="BEFORE" />
<TLINK id="TL6490" fromID="E69" fromText="a pulmonary arterial line" toID="T2" toText="05/02/1998" type="BEFORE" />
<TLINK id="TL6615" fromID="E45" fromText="His chest x-ray" toID="T2" toText="05/02/1998" type="BEFORE" />
<TLINK id="TL6697" fromID="E9" fromText="an esophagogastroduodenoscopy" toID="E11" toText="candidal esophagitis" type="AFTER" />
<TLINK id="TL6849" fromID="E81" fromText="pulmonary hypertension" toID="E82" toText="hepatitis C" type="OVERLAP" />
<TLINK id="TL6865" fromID="E37" fromText="Blood cultures" toID="T1" toText="04/27/1998" type="BEFORE" />
<TLINK id="TL6962" fromID="E62" fromText="UPEP" toID="E65" toText="hepatitis C cryoglobulin" type="OVERLAP" />
<TLINK id="TL7156" fromID="E79" fromText="DISCHARGE" toID="T2" toText="05/02/1998" type="OVERLAP" />
<TLINK id="TL7272" fromID="E22" fromText="pneumonia" toID="T1" toText="04/27/1998" type="BEFORE" />
<TLINK id="TL7336" fromID="E95" fromText="seen" toID="E97" toText="a fall" type="OVERLAP" />
<TLINK id="TL7420" fromID="E33" fromText="dopamine" toID="E34" toText="hemodynamic instability" type="AFTER" />
<TLINK id="TL7760" fromID="T5" fromText="4-10-98" toID="E90" toText="fall" type="BEFORE" />
<TLINK id="TL7793" fromID="E25" fromText="Lasix" toID="T1" toText="04/27/1998" type="BEFORE" />
<TLINK id="TL7822" fromID="E67" fromText="fresh blood" toID="T2" toText="05/02/1998" type="BEFORE" />
<TLINK id="TL7892" fromID="E66" fromText="a bronchoscopy" toID="E117" toText="showed" type="OVERLAP" />
<TLINK id="TL7954" fromID="E61" fromText="ANA" toID="E62" toText="UPEP" type="OVERLAP" />
<TLINK id="TL8060" fromID="E9" fromText="an esophagogastroduodenoscopy" toID="E10" toText="gastritis" type="AFTER" />
<TLINK id="TL8073" fromID="E74" fromText="CVVH" toID="E75" toText="the ventilator" type="OVERLAP" />
<TLINK id="TL8170" fromID="E103" fromText="showed" toID="T1" toText="04/27/1998" type="BEFORE" />
<TLINK id="TL8259" fromID="E16" fromText="iron sulfate" toID="T1" toText="04/27/1998" type="BEFORE" />
<TLINK id="TL8289" fromID="E59" fromText="anti-GBM" toID="E60" toText="anti-streptolycin" type="OVERLAP" />
<TLINK id="TL8387" fromID="E44" fromText="Levo" toID="T2" toText="05/02/1998" type="BEFORE" />
<TLINK id="TL8520" fromID="E88" fromText="presented" toID="T1" toText="04/27/1998" type="BEFORE" />
<TLINK id="TL8610" fromID="E71" fromText="CVVH" toID="E72" toText="significant complications" type="OVERLAP" />
<TLINK id="TL8628" fromID="E5" fromText="pulmonary infiltrates" toID="T1" toText="04/27/1998" type="BEFORE" />
<TLINK id="TL8701" fromID="E45" fromText="His chest x-ray" toID="E114" toText="showed" type="OVERLAP" />
<TLINK id="TL8709" fromID="E62" fromText="UPEP" toID="T2" toText="05/02/1998" type="BEFORE" />
<TLINK id="TL8764" fromID="E85" fromText="Sondi Memorial" toID="T1" toText="04/27/1998" type="BEFORE" />
<TLINK id="TL8923" fromID="E113" fromText="the Oaksgekesser/ Memorial Hospital" toID="T2" toText="05/02/1998" type="BEFORE" />
<TLINK id="TL8994" fromID="E58" fromText="ANCA" toID="E62" toText="UPEP" type="OVERLAP" />
<TLINK id="TL8999" fromID="E116" fromText="showed" toID="E51" toText="blood" type="AFTER" />
<TLINK id="TL9076" fromID="E120" fromText="comfort care only" toID="T2" toText="05/02/1998" type="BEFORE" />
<TLINK id="TL9343" fromID="E18" fromText="pleuritic pain" toID="T1" toText="04/27/1998" type="BEFORE" />
<TLINK id="TL9381" fromID="E118" fromText="deteriorated" toID="T2" toText="05/02/1998" type="BEFORE" />
<TLINK id="TL9387" fromID="E72" fromText="significant complications" toID="E122" toText="improvement" type="OVERLAP" />
<TLINK id="TL9394" fromID="E100" fromText="a left lower lobe infiltrate" toID="T1" toText="04/27/1998" type="BEFORE" />
<TLINK id="TL9433" fromID="E61" fromText="ANA" toID="E64" toText="renal ultrasound" type="OVERLAP" />
<TLINK id="TL9463" fromID="E33" fromText="dopamine" toID="T1" toText="04/27/1998" type="BEFORE" />
<TLINK id="TL9488" fromID="E27" fromText="hypotensive" toID="E28" toText="hypoxic" type="OVERLAP" />
<TLINK id="TL9550" fromID="E27" fromText="hypotensive" toID="T1" toText="04/27/1998" type="BEFORE" />
<TLINK id="TL9796" fromID="E83" fromText="cirrhosis" toID="T1" toText="04/27/1998" type="BEFORE" />
<TLINK id="TL9810" fromID="E38" fromText="growth" toID="T1" toText="04/27/1998" type="BEFORE" />
<TLINK id="TL9944" fromID="E114" fromText="showed" toID="E115" toText="pneumonia" type="AFTER" />
<TLINK id="TL10062" fromID="E62" fromText="UPEP" toID="E63" toText="SPEP" type="OVERLAP" />
<TLINK id="TL10383" fromID="E60" fromText="anti-streptolycin" toID="T2" toText="05/02/1998" type="BEFORE" />
<TLINK id="TL10569" fromID="E31" fromText="acute renal insufficiency" toID="T1" toText="04/27/1998" type="BEFORE" />
<TLINK id="TL10586" fromID="E71" fromText="CVVH" toID="E74" toText="CVVH" type="OVERLAP" />
<TLINK id="TL10617" fromID="E88" fromText="presented" toID="T5" toText="4-10-98" type="OVERLAP" />
<TLINK id="TL10621" fromID="E60" fromText="anti-streptolycin" toID="E65" toText="hepatitis C cryoglobulin" type="OVERLAP" />
<TLINK id="TL10646" fromID="E45" fromText="His chest x-ray" toID="E115" toText="pneumonia" type="AFTER" />
<TLINK id="TL10832" fromID="E92" fromText="showed" toID="E10" toText="gastritis" type="AFTER" />
<TLINK id="TL10853" fromID="E63" fromText="SPEP" toID="T2" toText="05/02/1998" type="BEFORE" />
<TLINK id="TL10867" fromID="E88" fromText="presented" toID="E89" toText="Sondi Memorial" type="BEFORE" />
<TLINK id="TL10968" fromID="E1" fromText="a four vessel coronary artery bypass graft" toID="T3" toText="1983" type="OVERLAP" />
<TLINK id="TL10974" fromID="E21" fromText="myocardial infarction" toID="T1" toText="04/27/1998" type="BEFORE" />
<TLINK id="TL11127" fromID="T3" fromText="1983" toID="E81" toText="pulmonary hypertension" type="OVERLAP" />
<TLINK id="TL11259" fromID="E24" fromText="aggressive chest physical therapy" toID="E77" toText="blood" type="AFTER" />
<TLINK id="TL11318" fromID="E58" fromText="ANCA" toID="E65" toText="hepatitis C cryoglobulin" type="OVERLAP" />
<TLINK id="TL11378" fromID="E95" fromText="seen" toID="T1" toText="04/27/1998" type="BEFORE" />
<TLINK id="TL11427" fromID="E74" fromText="CVVH" toID="T2" toText="05/02/1998" type="BEFORE" />
<TLINK id="TL11470" fromID="E58" fromText="ANCA" toID="E60" toText="anti-streptolycin" type="OVERLAP" />
<TLINK id="TL11476" fromID="E114" fromText="showed" toID="E46" toText="diffuse patchy infiltrates on left lung" type="AFTER" />
<TLINK id="TL11579" fromID="T4" fromText="4-10-98" toID="E86" toText="acute renal failure" type="BEFORE" />
<TLINK id="TL11586" fromID="E4" fromText="work up" toID="E86" toText="acute renal failure" type="AFTER" />
<TLINK id="TL11597" fromID="E108" fromText="mild aortic stenosis" toID="E110" toText="increased pulmonary artery pressure" type="OVERLAP" />
<TLINK id="TL11742" fromID="E13" fromText="A colonoscopy" toID="T1" toText="04/27/1998" type="BEFORE" />
<TLINK id="TL11746" fromID="E62" fromText="UPEP" toID="E64" toText="renal ultrasound" type="OVERLAP" />
<TLINK id="TL11950" fromID="E50" fromText="A urinalysis" toID="E116" toText="showed" type="OVERLAP" />
<TLINK id="TL12135" fromID="E5" fromText="pulmonary infiltrates" toID="E87" toText="pulmonary hypertension" type="OVERLAP" />
<TLINK id="TL12459" fromID="E36" fromText="right ventricular apical clot" toID="T1" toText="04/27/1998" type="BEFORE" />
<TLINK id="TL12785" fromID="E54" fromText="dysmorphic cells" toID="T2" toText="05/02/1998" type="BEFORE" />
<TLINK id="TL12885" fromID="E104" fromText="concentric left ventricular hypertrophy" toID="E105" toText="normal _____ left ventricular function" type="OVERLAP" />
<TLINK id="TL12940" fromID="E60" fromText="anti-streptolycin" toID="E64" toText="renal ultrasound" type="OVERLAP" />
<TLINK id="TL13039" fromID="E57" fromText="mild protein uria" toID="T2" toText="05/02/1998" type="BEFORE" />
<TLINK id="TL13078" fromID="E51" fromText="blood" toID="E52" toText="urine sediment" type="OVERLAP" />
<TLINK id="TL13272" fromID="E45" fromText="His chest x-ray" toID="E46" toText="diffuse patchy infiltrates on left lung" type="AFTER" />
<TLINK id="TL13420" fromID="E84" fromText="presents" toID="T1" toText="04/27/1998" type="OVERLAP" />
<TLINK id="TL13601" fromID="E10" fromText="gastritis" toID="E12" toText="portal hypertensive gastropathy" type="OVERLAP" />
<TLINK id="TL13819" fromID="E75" fromText="the ventilator" toID="T2" toText="05/02/1998" type="BEFORE" />
<TLINK id="TL13948" fromID="E24" fromText="aggressive chest physical therapy" toID="T1" toText="04/27/1998" type="BEFORE" />
<TLINK id="TL14074" fromID="E5" fromText="pulmonary infiltrates" toID="E86" toText="acute renal failure" type="OVERLAP" />
<TLINK id="TL14087" fromID="E64" fromText="renal ultrasound" toID="T2" toText="05/02/1998" type="BEFORE" />
<TLINK id="TL14131" fromID="E101" fromText="deteriorate" toID="T1" toText="04/27/1998" type="BEFORE" />
<TLINK id="TL14247" fromID="E109" fromText="severe tricuspid regurgitation" toID="T1" toText="04/27/1998" type="BEFORE" />
<TLINK id="TL14679" fromID="E94" fromText="showed" toID="E14" toText="anteriordysplasia" type="AFTER" />
<TLINK id="TL14714" fromID="E92" fromText="showed" toID="T1" toText="04/27/1998" type="BEFORE" />
<TLINK id="TL14995" fromID="E101" fromText="deteriorate" toID="E24" toText="aggressive chest physical therapy" type="OVERLAP" />
<TLINK id="TL15009" fromID="E4" fromText="work up" toID="T1" toText="04/27/1998" type="BEFORE" />
<TLINK id="TL15040" fromID="E64" fromText="renal ultrasound" toID="E65" toText="hepatitis C cryoglobulin" type="OVERLAP" />
<TLINK id="TL15173" fromID="E121" fromText="informed" toID="T2" toText="05/02/1998" type="BEFORE" />
<TLINK id="TL15287" fromID="E55" fromText="red cell casts" toID="E56" toText="1+ albumin" type="OVERLAP" />
<TLINK id="TL15312" fromID="E42" fromText="quite hypotensive" toID="T2" toText="05/02/1998" type="BEFORE" />
<TLINK id="TL15342" fromID="E37" fromText="Blood cultures" toID="E38" toText="growth" type="OVERLAP" />
<TLINK id="TL15638" fromID="E54" fromText="dysmorphic cells" toID="E55" toText="red cell casts" type="OVERLAP" />
<TLINK id="TL15664" fromID="E6" fromText="fatigue" toID="T1" toText="04/27/1998" type="BEFORE" />
<TLINK id="TL15780" fromID="E61" fromText="ANA" toID="E63" toText="SPEP" type="OVERLAP" />
<TLINK id="TL15842" fromID="T4" fromText="4-10-98" toID="E87" toText="pulmonary hypertension" type="BEFORE" />
<TLINK id="TL15982" fromID="E59" fromText="anti-GBM" toID="E63" toText="SPEP" type="OVERLAP" />
<TLINK id="TL16415" fromID="E56" fromText="1+ albumin" toID="T2" toText="05/02/1998" type="BEFORE" />
<TLINK id="TL16501" fromID="E106" fromText="severe right ventricular dilatation" toID="E107" toText="septal hypokinesis and flattening" type="OVERLAP" />
<TLINK id="TL16511" fromID="E3" fromText="an upper gastrointestinal bleed" toID="T4" toText="4-10-98" type="OVERLAP" />
<TLINK id="TL16588" fromID="E49" fromText="adult respiratory distress syndrome" toID="T2" toText="05/02/1998" type="BEFORE" />
<TLINK id="TL16623" fromID="E50" fromText="A urinalysis" toID="T2" toText="05/02/1998" type="BEFORE" />
<TLINK id="TL16650" fromID="E94" fromText="showed" toID="T1" toText="04/27/1998" type="BEFORE" />
<TLINK id="TL16720" fromID="E59" fromText="anti-GBM" toID="E62" toText="UPEP" type="OVERLAP" />
<TLINK id="TL16804" fromID="E40" fromText="creatine kinases" toID="T1" toText="04/27/1998" type="BEFORE" />
<TLINK id="TL16867" fromID="E112" fromText="Oaksgekesser/ Memorial Hospital" toID="E41" toText="further work up" type="OVERLAP" />
<TLINK id="TL16899" fromID="E29" fromText="intubated" toID="T1" toText="04/27/1998" type="BEFORE" />
<TLINK id="TL17016" fromID="E55" fromText="red cell casts" toID="T2" toText="05/02/1998" type="BEFORE" />
<TLINK id="TL17059" fromID="E117" fromText="showed" toID="T2" toText="05/02/1998" type="BEFORE" />
<TLINK id="TL17077" fromID="T0" fromText="one week" toID="E16" toText="iron sulfate" type="OVERLAP" />
<TLINK id="TL17098" fromID="E51" fromText="blood" toID="T2" toText="05/02/1998" type="BEFORE" />
<TLINK id="TL17107" fromID="E58" fromText="ANCA" toID="T2" toText="05/02/1998" type="BEFORE" />
<TLINK id="TL17244" fromID="E85" fromText="Sondi Memorial" toID="E4" toText="work up" type="OVERLAP" />
<TLINK id="TL17268" fromID="E35" fromText="An echocardiogram" toID="E103" toText="showed" type="OVERLAP" />
<TLINK id="TL17333" fromID="E117" fromText="showed" toID="E67" toText="fresh blood" type="AFTER" />
<TLINK id="TL17384" fromID="E48" fromText="right hemidiaphragm elevated" toID="T2" toText="05/02/1998" type="BEFORE" />
<TLINK id="TL17710" fromID="E32" fromText="minimal urine output" toID="T1" toText="04/27/1998" type="BEFORE" />
<TLINK id="TL17783" fromID="E81" fromText="pulmonary hypertension" toID="T1" toText="04/27/1998" type="BEFORE" />
<TLINK id="TL17904" fromID="E47" fromText="left upper lung patchy infiltrates" toID="T2" toText="05/02/1998" type="BEFORE" />
<TLINK id="TL17944" fromID="E90" fromText="fall" toID="T1" toText="04/27/1998" type="BEFORE" />
<TLINK id="TL17996" fromID="E14" fromText="anteriordysplasia" toID="T1" toText="04/27/1998" type="BEFORE" />
<TLINK id="TL18125" fromID="E46" fromText="diffuse patchy infiltrates on left lung" toID="E47" toText="left upper lung patchy infiltrates" type="OVERLAP" />
<TLINK id="TL18257" fromID="E6" fromText="fatigue" toID="E90" toText="fall" type="OVERLAP" />
<TLINK id="TL18278" fromID="E35" fromText="An echocardiogram" toID="T1" toText="04/27/1998" type="BEFORE" />
<TLINK id="TL18526" fromID="E80" fromText="coronary artery disease" toID="T1" toText="04/27/1998" type="BEFORE" />
<TLINK id="TL18572" fromID="E41" fromText="further work up" toID="T1" toText="04/27/1998" type="BEFORE" />
<TLINK id="TL18627" fromID="E59" fromText="anti-GBM" toID="E65" toText="hepatitis C cryoglobulin" type="OVERLAP" />
<TLINK id="TL18804" fromID="E13" fromText="A colonoscopy" toID="E94" toText="showed" type="OVERLAP" />
<TLINK id="TL18845" fromID="E95" fromText="seen" toID="E96" toText="Sondi Memorial" type="OVERLAP" />
<TLINK id="TL19161" fromID="E92" fromText="showed" toID="E11" toText="candidal esophagitis" type="AFTER" />
<TLINK id="TL19310" fromID="E17" fromText="substernal chest pain" toID="E18" toText="pleuritic pain" type="OVERLAP" />
<TLINK id="TL19408" fromID="E116" fromText="showed" toID="E52" toText="urine sediment" type="AFTER" />
<TLINK id="TL19418" fromID="E2" fromText="portal hypertension" toID="T1" toText="04/27/1998" type="BEFORE" />
<TLINK id="TL19508" fromID="E78" fromText="passed away" toID="T2" toText="05/02/1998" type="BEFORE" />
<TLINK id="TL19816" fromID="E104" fromText="concentric left ventricular hypertrophy" toID="T1" toText="04/27/1998" type="BEFORE" />
<TLINK id="TL19977" fromID="E119" fromText="A family meeting" toID="T9" toText="5-2-98" type="OVERLAP" />
<TLINK id="TL20244" fromID="E25" fromText="Lasix" toID="E26" toText="congestive heart failure" type="AFTER" />
<TLINK id="TL20281" fromID="E30" fromText="chest x-ray" toID="T1" toText="04/27/1998" type="BEFORE" />
<TLINK id="TL20441" fromID="E97" fromText="a fall" toID="T1" toText="04/27/1998" type="BEFORE" />
<TLINK id="TL20463" fromID="E23" fromText="cefuroxime" toID="T1" toText="04/27/1998" type="BEFORE" />
<TLINK id="TL20582" fromID="E76" fromText="discharged" toID="T0" toText="one week" type="AFTER" />
<TLINK id="TL20602" fromID="E92" fromText="showed" toID="E12" toText="portal hypertensive gastropathy" type="AFTER" />
<TLINK id="TL20738" fromID="E60" fromText="anti-streptolycin" toID="E62" toText="UPEP" type="OVERLAP" />
<TLINK id="TL20963" fromID="E108" fromText="mild aortic stenosis" toID="E109" toText="severe tricuspid regurgitation" type="OVERLAP" />
<TLINK id="TL21170" fromID="E34" fromText="hemodynamic instability" toID="T1" toText="04/27/1998" type="BEFORE" />
<TLINK id="TL21173" fromID="E26" fromText="congestive heart failure" toID="T1" toText="04/27/1998" type="BEFORE" />
<TLINK id="TL21295" fromID="E89" fromText="Sondi Memorial" toID="T1" toText="04/27/1998" type="BEFORE" />
<TLINK id="TL21345" fromID="E35" fromText="An echocardiogram" toID="E104" toText="concentric left ventricular hypertrophy" type="AFTER" />
<TLINK id="TL21369" fromID="E58" fromText="ANCA" toID="E59" toText="anti-GBM" type="OVERLAP" />
<TLINK id="TL21785" fromID="E53" fromText="active" toID="E54" toText="dysmorphic cells" type="OVERLAP" />
<TLINK id="TL21794" fromID="E110" fromText="increased pulmonary artery pressure" toID="T1" toText="04/27/1998" type="BEFORE" />
<TLINK id="TL22342" fromID="E18" fromText="pleuritic pain" toID="E20" toText="cough" type="OVERLAP" />
<TLINK id="TL22558" fromID="E61" fromText="ANA" toID="E65" toText="hepatitis C cryoglobulin" type="OVERLAP" />
<TLINK id="TL22607" fromID="E98" fromText="loss of consciousness" toID="T1" toText="04/27/1998" type="BEFORE" />
<TLINK id="TL22634" fromID="E99" fromText="Sondi Memorial" toID="E21" toText="myocardial infarction" type="OVERLAP" />
<TLINK id="TL22769" fromID="E91" fromText="baseline" toID="T1" toText="04/27/1998" type="BEFORE" />
<TLINK id="TL22836" fromID="E28" fromText="hypoxic" toID="T1" toText="04/27/1998" type="BEFORE" />
<TLINK id="TL23087" fromID="E99" fromText="Sondi Memorial" toID="T1" toText="04/27/1998" type="BEFORE" />
<TLINK id="TL23090" fromID="E63" fromText="SPEP" toID="E64" toText="renal ultrasound" type="OVERLAP" />
<TLINK id="TL23155" fromID="E39" fromText="myocardial infarction" toID="T1" toText="04/27/1998" type="BEFORE" />
<TLINK id="TL23175" fromID="E76" fromText="discharged" toID="E16" toText="iron sulfate" type="AFTER" />
<TLINK id="TL23267" fromID="E103" fromText="showed" toID="E104" toText="concentric left ventricular hypertrophy" type="AFTER" />
<TLINK id="TL23431" fromID="E43" fromText="dopamine" toID="T2" toText="05/02/1998" type="BEFORE" />
<TLINK id="TL23610" fromID="E43" fromText="dopamine" toID="E44" toText="Levo" type="OVERLAP" />
<TLINK id="TL23711" fromID="E20" fromText="cough" toID="T1" toText="04/27/1998" type="BEFORE" />
<TLINK id="TL23802" fromID="E89" fromText="Sondi Memorial" toID="T5" toText="4-10-98" type="OVERLAP" />
<TLINK id="TL23944" fromID="E116" fromText="showed" toID="T2" toText="05/02/1998" type="BEFORE" />
<TLINK id="TL23985" fromID="E85" fromText="Sondi Memorial" toID="E89" toText="Sondi Memorial" type="OVERLAP" />
<TLINK id="TL24091" fromID="E10" fromText="gastritis" toID="T1" toText="04/27/1998" type="BEFORE" />
<TLINK id="TL24100" fromID="E58" fromText="ANCA" toID="E61" toText="ANA" type="OVERLAP" />
<TLINK id="TL24137" fromID="E114" fromText="showed" toID="E47" toText="left upper lung patchy infiltrates" type="AFTER" />
<TLINK id="TL24207" fromID="E86" fromText="acute renal failure" toID="T1" toText="04/27/1998" type="BEFORE" />
<TLINK id="TL24283" fromID="E60" fromText="anti-streptolycin" toID="E61" toText="ANA" type="OVERLAP" />
<TLINK id="TL24426" fromID="E31" fromText="acute renal insufficiency" toID="E32" toText="minimal urine output" type="OVERLAP" />
<TLINK id="TL24544" fromID="E66" fromText="a bronchoscopy" toID="E67" toText="fresh blood" type="AFTER" />
<TLINK id="TL24563" fromID="E70" fromText="pulmonary-renal syndrome" toID="T2" toText="05/02/1998" type="BEFORE" />
<TLINK id="TL24656" fromID="E85" fromText="Sondi Memorial" toID="E99" toText="Sondi Memorial" type="OVERLAP" />
<TLINK id="TL24710" fromID="E54" fromText="dysmorphic cells" toID="E56" toText="1+ albumin" type="OVERLAP" />
<TLINK id="TL24730" fromID="T7" fromText="4-26" toID="E104" toText="concentric left ventricular hypertrophy" type="AFTER" />
<TLINK id="TL24749" fromID="E56" fromText="1+ albumin" toID="E57" toText="mild protein uria" type="OVERLAP" />
<TLINK id="TL24863" fromID="E92" fromText="showed" toID="E93" toText="varices" type="AFTER" />
<TLINK id="TL24890" fromID="E63" fromText="SPEP" toID="E65" toText="hepatitis C cryoglobulin" type="OVERLAP" />
<TLINK id="TL24995" fromID="E82" fromText="hepatitis C" toID="T1" toText="04/27/1998" type="BEFORE" />
<TLINK id="TL25028" fromID="E87" fromText="pulmonary hypertension" toID="T1" toText="04/27/1998" type="BEFORE" />
</TAGS>
</ClinicalNarrativeTemporalAnnotation>
