<?xml version="1.0" encoding="UTF-8" ?>
<ClinicalNarrativeTemporalAnnotation>
<TEXT><![CDATA[
Admission Date :
2019-01-09
Discharge Date :
2019-01-15
Service :
MEDICINE
History of Present Illness :
45M w/no PMH presented to Chelseahospital after a syncopal episode on the morning of admission .
Pt was preparing lunch when suddenly felt lightheaded / faint and immediately fell to the kitchen floor face first .
He denies LOC .
Immediately there after he was very short of breath , felt lightheaded again and called 911 .
At Springfield , CT chest was positive for saddle PE .
VS were with stable BPs , tachy to 110-120 , sat 98% RA .
He received Lovenox 91 mg SC prior to transport and was transferred to Arbour Hospital for further care .
Mr. Anders states that 2 weeks prior to his presentation he hurt his left knee .
He was sitting on the floor legs crossed and stood up when he heard his knee CMED CCU .
Then again on Sunday , 3 days PTA , again from sitting to standing heard his knee CMED CCU .
He was essentially bed bound for 3 days prior to admission , unable to ambulate .
He started to notice inflammation of his L calf / leg worse 2 days prior to presentation .
In this 2 week interval he denied having CP / chest discomfort or difficulty breathing , no cough or hemoptysis .
No f/c/ sweats .
Pt denied any bleeding or clotting disorders and has never had a clot in the past .
Brief Hospital Course :
Mr. Anders was admitted for anticoagulation and hemodynamic monitoring in the setting of saddle pulmonary embolus and left knee injury .
#. PE :
Given no other risk factors or likely causes , the most likely etiology for his embolus is DVT from the left leg .
He has no known clotting disorder but did have trauma to leg prompting immobility and stasis .
He remained hemodynmically stable throughout his hospitalization and did not have an oxygen requirement upon discharge .
Given no evidence of hemodynamic instability , lysis was not required .
He was anticoagulated with heparin and coumadin .
He will need to follow up with hematology for an outpatient thrombophilia work-up ( not done as inpatient as results would not change acute management of PE ).
He will also require close follow up with his primary care provider for coumadin management .
Duration of his coumadin therapy to be determined by hematology , but likely to be at least 6 months in duration .
#. Syncope :
In setting of PE .
Remainder of his cardiac workup was negative .
He did have a small troponin leak , felt to be related to right heart strain in the setting of P-pulmonale related to clot burden .
His tronponin quickly trended down and he did not have EKG evidence of ischemia .
An ECHO did not reveal any wall motion abnormalities related to ischemia .
#. Hematocrit :
Dropped from 42.7 to 36 in setting of anticoagulation for saddle PE and IV fluids .
No active bleeding noted .
Pt asymptomatic .
#. L knee injury :
Given his history and physical exam , Mr. Anders presented with an injury most consistent with meniscal tear .
In order to facilitate therapy and to promote mobility , an MRI of the knee was done .
He was seen by physical therapy and will need to follow up with orthopaedics upon discharge for repeat evaluation .
#. CODE :
FULL CODE .
]]></TEXT>
<TAGS>
<EVENT id="E0" start="1" end="10" text="Admission" modality="FACTUAL" polarity="POS" type="OCCURRENCE" />
<EVENT id="E38" start="1013" end="1045" text="inflammation of his L calf / leg" modality="FACTUAL" polarity="POS" type="PROBLEM" />
<EVENT id="E39" start="1068" end="1080" text="presentation" modality="FACTUAL" polarity="POS" type="EVIDENTIAL" />
<EVENT id="E40" start="1110" end="1116" text="denied" modality="FACTUAL" polarity="POS" type="EVIDENTIAL" />
<EVENT id="E41" start="1124" end="1126" text="CP" modality="FACTUAL" polarity="NEG" type="PROBLEM" />
<EVENT id="E42" start="1129" end="1145" text="chest discomfort" modality="FACTUAL" polarity="NEG" type="PROBLEM" />
<EVENT id="E43" start="1149" end="1169" text="difficulty breathing" modality="FACTUAL" polarity="NEG" type="PROBLEM" />
<EVENT id="E44" start="1175" end="1180" text="cough" modality="FACTUAL" polarity="NEG" type="PROBLEM" />
<EVENT id="E2" start="118" end="127" text="presented" modality="FACTUAL" polarity="POS" type="EVIDENTIAL" />
<EVENT id="E45" start="1184" end="1194" text="hemoptysis" modality="FACTUAL" polarity="NEG" type="PROBLEM" />
<EVENT id="E46" start="1200" end="1204" text="f/c/" modality="FACTUAL" polarity="NEG" type="PROBLEM" />
<EVENT id="E47" start="1205" end="1211" text="sweats" modality="FACTUAL" polarity="NEG" type="PROBLEM" />
<EVENT id="E48" start="1217" end="1223" text="denied" modality="FACTUAL" polarity="POS" type="EVIDENTIAL" />
<EVENT id="E49" start="1224" end="1258" text="any bleeding or clotting disorders" modality="FACTUAL" polarity="NEG" type="PROBLEM" />
<EVENT id="E50" start="1277" end="1283" text="a clot" modality="FACTUAL" polarity="NEG" type="PROBLEM" />
<EVENT id="E3" start="131" end="146" text="Chelseahospital" modality="FACTUAL" polarity="POS" type="CLINICAL_DEPT" />
<EVENT id="E54" start="1337" end="1345" text="admitted" modality="FACTUAL" polarity="POS" type="OCCURRENCE" />
<EVENT id="E55" start="1350" end="1365" text="anticoagulation" modality="FACTUAL" polarity="POS" type="TREATMENT" />
<EVENT id="E56" start="1370" end="1392" text="hemodynamic monitoring" modality="FACTUAL" polarity="POS" type="TEST" />
<EVENT id="E57" start="1411" end="1435" text="saddle pulmonary embolus" modality="FACTUAL" polarity="POS" type="PROBLEM" />
<EVENT id="E58" start="1440" end="1456" text="left knee injury" modality="FACTUAL" polarity="POS" type="PROBLEM" />
<EVENT id="E59" start="1462" end="1464" text="PE" modality="FACTUAL" polarity="POS" type="PROBLEM" />
<EVENT id="E60" start="1476" end="1494" text="other risk factors" modality="FACTUAL" polarity="NEG" type="PROBLEM" />
<EVENT id="E61" start="1498" end="1511" text="likely causes" modality="FACTUAL" polarity="NEG" type="OCCURRENCE" />
<EVENT id="E4" start="153" end="171" text="a syncopal episode" modality="FACTUAL" polarity="POS" type="PROBLEM" />
<EVENT id="E62" start="1543" end="1554" text="his embolus" modality="FACTUAL" polarity="POS" type="PROBLEM" />
<EVENT id="E63" start="1558" end="1579" text="DVT from the left leg" modality="POSSIBLE" polarity="POS" type="PROBLEM" />
<EVENT id="E64" start="1592" end="1615" text="known clotting disorder" modality="FACTUAL" polarity="NEG" type="PROBLEM" />
<EVENT id="E65" start="1629" end="1642" text="trauma to leg" modality="FACTUAL" polarity="POS" type="PROBLEM" />
<EVENT id="E66" start="1653" end="1663" text="immobility" modality="FACTUAL" polarity="POS" type="PROBLEM" />
<EVENT id="E67" start="1668" end="1674" text="stasis" modality="FACTUAL" polarity="POS" type="PROBLEM" />
<EVENT id="E68" start="1689" end="1710" text="hemodynmically stable" modality="FACTUAL" polarity="POS" type="OCCURRENCE" />
<EVENT id="E69" start="1722" end="1741" text="his hospitalization" modality="FACTUAL" polarity="POS" type="OCCURRENCE" />
<EVENT id="E70" start="1759" end="1780" text="an oxygen requirement" modality="FACTUAL" polarity="NEG" type="PROBLEM" />
<EVENT id="E71" start="1786" end="1795" text="discharge" modality="FACTUAL" polarity="POS" type="OCCURRENCE" />
<EVENT id="E72" start="1819" end="1842" text="hemodynamic instability" modality="FACTUAL" polarity="NEG" type="PROBLEM" />
<EVENT id="E73" start="1845" end="1850" text="lysis" modality="FACTUAL" polarity="NEG" type="TREATMENT" />
<EVENT id="E74" start="1877" end="1891" text="anticoagulated" modality="FACTUAL" polarity="POS" type="TREATMENT" />
<EVENT id="E75" start="1897" end="1904" text="heparin" modality="FACTUAL" polarity="POS" type="TREATMENT" />
<EVENT id="E5" start="190" end="199" text="admission" modality="FACTUAL" polarity="POS" type="OCCURRENCE" />
<EVENT id="E76" start="1909" end="1917" text="coumadin" modality="FACTUAL" polarity="POS" type="TREATMENT" />
<EVENT id="E77" start="1936" end="1945" text="follow up" modality="FACTUAL" polarity="POS" type="OCCURRENCE" />
<EVENT id="E78" start="1951" end="1961" text="hematology" modality="FACTUAL" polarity="POS" type="OCCURRENCE" />
<EVENT id="E79" start="1966" end="2001" text="an outpatient thrombophilia work-up" modality="PROPOSED" polarity="POS" type="TEST" />
<EVENT id="E80" start="2054" end="2070" text="acute management" modality="FACTUAL" polarity="POS" type="TREATMENT" />
<EVENT id="E81" start="2074" end="2076" text="PE" modality="FACTUAL" polarity="POS" type="PROBLEM" />
<EVENT id="E82" start="2107" end="2116" text="follow up" modality="PROPOSED" polarity="POS" type="OCCURRENCE" />
<EVENT id="E83" start="2122" end="2147" text="his primary care provider" modality="PROPOSED" polarity="POS" type="OCCURRENCE" />
<EVENT id="E84" start="2152" end="2171" text="coumadin management" modality="FACTUAL" polarity="POS" type="TREATMENT" />
<EVENT id="E85" start="2186" end="2206" text="his coumadin therapy" modality="FACTUAL" polarity="POS" type="TREATMENT" />
<EVENT id="E86" start="2227" end="2237" text="hematology" modality="FACTUAL" polarity="POS" type="OCCURRENCE" />
<EVENT id="E87" start="2292" end="2299" text="Syncope" modality="FACTUAL" polarity="POS" type="PROBLEM" />
<EVENT id="E88" start="2316" end="2318" text="PE" modality="FACTUAL" polarity="POS" type="PROBLEM" />
<EVENT id="E89" start="2334" end="2352" text="his cardiac workup" modality="FACTUAL" polarity="POS" type="TEST" />
<EVENT id="E90" start="2357" end="2365" text="negative" modality="FACTUAL" polarity="POS" type="OCCURRENCE" />
<EVENT id="E91" start="2380" end="2401" text="a small troponin leak" modality="FACTUAL" polarity="POS" type="PROBLEM" />
<EVENT id="E92" start="2426" end="2444" text="right heart strain" modality="FACTUAL" polarity="POS" type="PROBLEM" />
<EVENT id="E6" start="244" end="255" text="lightheaded" modality="FACTUAL" polarity="POS" type="PROBLEM" />
<EVENT id="E93" start="2463" end="2474" text="P-pulmonale" modality="FACTUAL" polarity="POS" type="PROBLEM" />
<EVENT id="E94" start="2486" end="2497" text="clot burden" modality="FACTUAL" polarity="POS" type="PROBLEM" />
<EVENT id="E95" start="2500" end="2513" text="His tronponin" modality="FACTUAL" polarity="POS" type="TEST" />
<EVENT id="E96" start="2522" end="2534" text="trended down" modality="FACTUAL" polarity="POS" type="OCCURRENCE" />
<EVENT id="E97" start="2555" end="2558" text="EKG" modality="FACTUAL" polarity="POS" type="TEST" />
<EVENT id="E98" start="2559" end="2567" text="evidence" modality="FACTUAL" polarity="NEG" type="EVIDENTIAL" />
<EVENT id="E7" start="258" end="263" text="faint" modality="FACTUAL" polarity="POS" type="PROBLEM" />
<EVENT id="E99" start="2571" end="2579" text="ischemia" modality="FACTUAL" polarity="NEG" type="PROBLEM" />
<EVENT id="E100" start="2582" end="2589" text="An ECHO" modality="FACTUAL" polarity="POS" type="TEST" />
<EVENT id="E101" start="2598" end="2604" text="reveal" modality="FACTUAL" polarity="POS" type="EVIDENTIAL" />
<EVENT id="E102" start="2605" end="2634" text="any wall motion abnormalities" modality="FACTUAL" polarity="NEG" type="PROBLEM" />
<EVENT id="E103" start="2646" end="2654" text="ischemia" modality="FACTUAL" polarity="NEG" type="PROBLEM" />
<EVENT id="E104" start="2660" end="2670" text="Hematocrit" modality="FACTUAL" polarity="POS" type="TEST" />
<EVENT id="E105" start="2673" end="2680" text="Dropped" modality="FACTUAL" polarity="POS" type="OCCURRENCE" />
<EVENT id="E8" start="268" end="305" text="immediately fell to the kitchen floor" modality="FACTUAL" polarity="POS" type="OCCURRENCE" />
<EVENT id="E106" start="2711" end="2726" text="anticoagulation" modality="FACTUAL" polarity="POS" type="TREATMENT" />
<EVENT id="E107" start="2731" end="2740" text="saddle PE" modality="FACTUAL" polarity="POS" type="PROBLEM" />
<EVENT id="E108" start="2745" end="2754" text="IV fluids" modality="FACTUAL" polarity="POS" type="TREATMENT" />
<EVENT id="E109" start="2760" end="2775" text="active bleeding" modality="FACTUAL" polarity="NEG" type="PROBLEM" />
<EVENT id="E110" start="2776" end="2781" text="noted" modality="FACTUAL" polarity="POS" type="EVIDENTIAL" />
<EVENT id="E111" start="2787" end="2799" text="asymptomatic" modality="FACTUAL" polarity="POS" type="OCCURRENCE" />
<EVENT id="E112" start="2805" end="2818" text="L knee injury" modality="FACTUAL" polarity="POS" type="PROBLEM" />
<EVENT id="E113" start="2843" end="2856" text="physical exam" modality="FACTUAL" polarity="POS" type="TEST" />
<EVENT id="E114" start="2870" end="2879" text="presented" modality="FACTUAL" polarity="POS" type="EVIDENTIAL" />
<EVENT id="E115" start="2885" end="2894" text="an injury" modality="FACTUAL" polarity="POS" type="OCCURRENCE" />
<EVENT id="E1" start="29" end="38" text="Discharge" modality="FACTUAL" polarity="POS" type="OCCURRENCE" />
<EVENT id="E116" start="2916" end="2929" text="meniscal tear" modality="POSSIBLE" polarity="POS" type="PROBLEM" />
<EVENT id="E117" start="2955" end="2962" text="therapy" modality="FACTUAL" polarity="POS" type="TREATMENT" />
<EVENT id="E118" start="2970" end="2986" text="promote mobility" modality="FACTUAL" polarity="POS" type="TREATMENT" />
<EVENT id="E119" start="2989" end="3007" text="an MRI of the knee" modality="FACTUAL" polarity="POS" type="TEST" />
<EVENT id="E120" start="3026" end="3050" text="seen by physical therapy" modality="FACTUAL" polarity="POS" type="OCCURRENCE" />
<EVENT id="E121" start="3068" end="3077" text="follow up" modality="FACTUAL" polarity="POS" type="OCCURRENCE" />
<EVENT id="E122" start="3083" end="3095" text="orthopaedics" modality="PROPOSED" polarity="POS" type="OCCURRENCE" />
<EVENT id="E123" start="3101" end="3110" text="discharge" modality="FACTUAL" polarity="POS" type="OCCURRENCE" />
<EVENT id="E124" start="3115" end="3132" text="repeat evaluation" modality="FACTUAL" polarity="POS" type="TEST" />
<EVENT id="E125" start="3145" end="3154" text="FULL CODE" modality="CONDITIONAL" polarity="POS" type="TREATMENT" />
<EVENT id="E52" start="322" end="328" text="denies" modality="FACTUAL" polarity="POS" type="EVIDENTIAL" />
<EVENT id="E53" start="329" end="332" text="LOC" modality="FACTUAL" polarity="NEG" type="PROBLEM" />
<EVENT id="E10" start="366" end="386" text="very short of breath" modality="FACTUAL" polarity="POS" type="PROBLEM" />
<EVENT id="E11" start="394" end="405" text="lightheaded" modality="FACTUAL" polarity="POS" type="PROBLEM" />
<EVENT id="E12" start="416" end="426" text="called 911" modality="FACTUAL" polarity="POS" type="OCCURRENCE" />
<EVENT id="E13" start="432" end="443" text="Springfield" modality="FACTUAL" polarity="POS" type="CLINICAL_DEPT" />
<EVENT id="E14" start="446" end="454" text="CT chest" modality="FACTUAL" polarity="POS" type="TEST" />
<EVENT id="E15" start="472" end="481" text="saddle PE" modality="FACTUAL" polarity="POS" type="PROBLEM" />
<EVENT id="E16" start="484" end="486" text="VS" modality="FACTUAL" polarity="POS" type="TEST" />
<EVENT id="E17" start="497" end="507" text="stable BPs" modality="FACTUAL" polarity="POS" type="TEST" />
<EVENT id="E18" start="510" end="515" text="tachy" modality="FACTUAL" polarity="POS" type="PROBLEM" />
<EVENT id="E19" start="529" end="532" text="sat" modality="FACTUAL" polarity="POS" type="TEST" />
<EVENT id="E20" start="554" end="561" text="Lovenox" modality="FACTUAL" polarity="POS" type="TREATMENT" />
<EVENT id="E21" start="580" end="589" text="transport" modality="FACTUAL" polarity="POS" type="OCCURRENCE" />
<EVENT id="E22" start="598" end="609" text="transferred" modality="FACTUAL" polarity="POS" type="OCCURRENCE" />
<EVENT id="E23" start="613" end="628" text="Arbour Hospital" modality="FACTUAL" polarity="POS" type="CLINICAL_DEPT" />
<EVENT id="E24" start="633" end="645" text="further care" modality="FACTUAL" polarity="POS" type="TREATMENT" />
<EVENT id="E25" start="659" end="665" text="states" modality="FACTUAL" polarity="POS" type="EVIDENTIAL" />
<EVENT id="E26" start="692" end="704" text="presentation" modality="FACTUAL" polarity="POS" type="EVIDENTIAL" />
<EVENT id="E27" start="708" end="726" text="hurt his left knee" modality="FACTUAL" polarity="POS" type="PROBLEM" />
<EVENT id="E28" start="774" end="782" text="stood up" modality="FACTUAL" polarity="POS" type="OCCURRENCE" />
<EVENT id="E30" start="791" end="805" text="heard his knee" modality="FACTUAL" polarity="POS" type="OCCURRENCE" />
<EVENT id="E31" start="806" end="814" text="CMED CCU" modality="FACTUAL" polarity="POS" type="CLINICAL_DEPT" />
<EVENT id="E32" start="859" end="883" text="from sitting to standing" modality="FACTUAL" polarity="POS" type="OCCURRENCE" />
<EVENT id="E33" start="884" end="898" text="heard his knee" modality="FACTUAL" polarity="POS" type="OCCURRENCE" />
<EVENT id="E34" start="899" end="907" text="CMED CCU" modality="FACTUAL" polarity="POS" type="CLINICAL_DEPT" />
<EVENT id="E35" start="917" end="938" text="essentially bed bound" modality="FACTUAL" polarity="POS" type="PROBLEM" />
<EVENT id="E36" start="959" end="968" text="admission" modality="FACTUAL" polarity="POS" type="OCCURRENCE" />
<EVENT id="E37" start="971" end="989" text="unable to ambulate" modality="FACTUAL" polarity="NEG" type="PROBLEM" />
<TIMEX3 id="T7" start="1052" end="1058" text="2 days" type="DURATION" val="P2D" mod="NA" />
<TIMEX3 id="T8" start="1086" end="1106" text="this 2 week interval" type="DURATION" val="P2W" mod="NA" />
<TIMEX3 id="T2" start="175" end="199" text="the morning of admission" type="TIME" val="2019-01-09T08:00" mod="APPROX" />
<TIMEX3 id="T0" start="18" end="28" text="2019-01-09" type="DATE" val="2019-01-09" mod="NA" />
<TIMEX3 id="T9" start="2266" end="2274" text="6 months" type="DURATION" val="P6M" mod="APPROX" />
<TIMEX3 id="T1" start="46" end="56" text="2019-01-15" type="DATE" val="2019-01-15" mod="NA" />
<TIMEX3 id="T3" start="671" end="678" text="2 weeks" type="DURATION" val="P2W" mod="NA" />
<TIMEX3 id="T4" start="831" end="837" text="Sunday" type="DATE" val="2019-01-06" mod="APPROX" />
<TIMEX3 id="T5" start="840" end="846" text="3 days" type="DURATION" val="P3D" mod="NA" />
<TIMEX3 id="T6" start="943" end="949" text="3 days" type="DURATION" val="P3D" mod="NA" />
<SECTIME id="S0" start="18" end="28" text="2019-01-09" type="ADMISSION" dvalue="2019-01-09" />
<SECTIME id="S1" start="46" end="56" text="2019-01-15" type="DISCHARGE" dvalue="2019-01-15" />
<TLINK id="TL3" fromID="E86" fromText="hematology" toID="T1" toText="2019-01-15" type="BEFORE" />
<TLINK id="TL140" fromID="E42" fromText="chest discomfort" toID="T0" toText="2019-01-09" type="BEFORE" />
<TLINK id="TL212" fromID="E44" fromText="cough" toID="T0" toText="2019-01-09" type="BEFORE" />
<TLINK id="TL240" fromID="E38" fromText="inflammation of his L calf / leg" toID="T7" toText="2 days" type="OVERLAP" />
<TLINK id="TL356" fromID="E61" fromText="likely causes" toID="T1" toText="2019-01-15" type="BEFORE" />
<TLINK id="TL456" fromID="E20" fromText="Lovenox" toID="E21" toText="transport" type="BEFORE" />
<TLINK id="TL507" fromID="E80" fromText="acute management" toID="T1" toText="2019-01-15" type="BEFORE" />
<TLINK id="TL573" fromID="E68" fromText="hemodynmically stable" toID="T1" toText="2019-01-15" type="BEFORE" />
<TLINK id="TL837" fromID="E85" fromText="his coumadin therapy" toID="T1" toText="2019-01-15" type="BEFORE" />
<TLINK id="TL1052" fromID="E89" fromText="his cardiac workup" toID="E90" toText="negative" type="OVERLAP" />
<TLINK id="TL1188" fromID="E42" fromText="chest discomfort" toID="E43" toText="difficulty breathing" type="OVERLAP" />
<TLINK id="TL1276" fromID="E85" fromText="his coumadin therapy" toID="E86" toText="hematology" type="OVERLAP" />
<TLINK id="TL1357" fromID="E36" fromText="admission" toID="T0" toText="2019-01-09" type="BEFORE" />
<TLINK id="TL1369" fromID="E16" fromText="VS" toID="E18" toText="tachy" type="OVERLAP" />
<TLINK id="TL1402" fromID="E14" fromText="CT chest" toID="E15" toText="saddle PE" type="OVERLAP" />
<TLINK id="TL1680" fromID="E114" fromText="presented" toID="T1" toText="2019-01-15" type="BEFORE" />
<TLINK id="TL1736" fromID="E105" fromText="Dropped" toID="E106" toText="anticoagulation" type="AFTER" />
<TLINK id="TL2005" fromID="E93" fromText="P-pulmonale" toID="E94" toText="clot burden" type="OVERLAP" />
<TLINK id="TL2038" fromID="E78" fromText="hematology" toID="T1" toText="2019-01-15" type="BEFORE" />
<TLINK id="TL2157" fromID="E21" fromText="transport" toID="T0" toText="2019-01-09" type="BEFORE" />
<TLINK id="TL2273" fromID="E32" fromText="from sitting to standing" toID="E33" toText="heard his knee" type="OVERLAP" />
<TLINK id="TL2483" fromID="E16" fromText="VS" toID="T0" toText="2019-01-09" type="BEFORE" />
<TLINK id="TL2664" fromID="E78" fromText="hematology" toID="E79" toText="an outpatient thrombophilia work-up" type="OVERLAP" />
<TLINK id="TL2712" fromID="E5" fromText="admission" toID="T0" toText="2019-01-09" type="OVERLAP" />
<TLINK id="TL2767" fromID="E60" fromText="other risk factors" toID="E61" toText="likely causes" type="OVERLAP" />
<TLINK id="TL2908" fromID="E73" fromText="lysis" toID="T1" toText="2019-01-15" type="BEFORE" />
<TLINK id="TL2928" fromID="E0" fromText="Admission" toID="T0" toText="2019-01-09" type="OVERLAP" />
<TLINK id="TL2943" fromID="E65" fromText="trauma to leg" toID="E66" toText="immobility" type="OVERLAP" />
<TLINK id="TL2978" fromID="E24" fromText="further care" toID="T0" toText="2019-01-09" type="BEFORE" />
<TLINK id="TL2993" fromID="E65" fromText="trauma to leg" toID="T1" toText="2019-01-15" type="BEFORE" />
<TLINK id="TL3177" fromID="E44" fromText="cough" toID="E45" toText="hemoptysis" type="OVERLAP" />
<TLINK id="TL3221" fromID="E46" fromText="f/c/" toID="E47" toText="sweats" type="OVERLAP" />
<TLINK id="TL3317" fromID="E98" fromText="evidence" toID="T1" toText="2019-01-15" type="BEFORE" />
<TLINK id="TL3437" fromID="E23" fromText="Arbour Hospital" toID="E24" toText="further care" type="OVERLAP" />
<TLINK id="TL3590" fromID="E54" fromText="admitted" toID="E55" toText="anticoagulation" type="BEFORE" />
<TLINK id="TL3733" fromID="E86" fromText="hematology" toID="T9" toText="6 months" type="OVERLAP" />
<TLINK id="TL3774" fromID="E68" fromText="hemodynmically stable" toID="E69" toText="his hospitalization" type="OVERLAP" />
<TLINK id="TL3828" fromID="E48" fromText="denied" toID="E49" toText="any bleeding or clotting disorders" type="AFTER" />
<TLINK id="TL3958" fromID="E72" fromText="hemodynamic instability" toID="T1" toText="2019-01-15" type="BEFORE" />
<TLINK id="TL4008" fromID="E52" fromText="denies" toID="E53" toText="LOC" type="AFTER" />
<TLINK id="TL4100" fromID="E75" fromText="heparin" toID="E76" toText="coumadin" type="OVERLAP" />
<TLINK id="TL4424" fromID="E90" fromText="negative" toID="T1" toText="2019-01-15" type="BEFORE" />
<TLINK id="TL5150" fromID="E48" fromText="denied" toID="T0" toText="2019-01-09" type="BEFORE" />
<TLINK id="TL5209" fromID="E82" fromText="follow up" toID="E83" toText="his primary care provider" type="OVERLAP" />
<TLINK id="TL5313" fromID="E25" fromText="states" toID="T0" toText="2019-01-09" type="OVERLAP" />
<TLINK id="TL5344" fromID="E1" fromText="Discharge" toID="T1" toText="2019-01-15" type="OVERLAP" />
<TLINK id="TL5467" fromID="E50" fromText="a clot" toID="T0" toText="2019-01-09" type="BEFORE" />
<TLINK id="TL5952" fromID="E37" fromText="unable to ambulate" toID="T0" toText="2019-01-09" type="BEFORE" />
<TLINK id="TL6044" fromID="E30" fromText="heard his knee" toID="E31" toText="CMED CCU" type="BEFORE" />
<TLINK id="TL6140" fromID="E10" fromText="very short of breath" toID="T0" toText="2019-01-09" type="BEFORE" />
<TLINK id="TL6413" fromID="E56" fromText="hemodynamic monitoring" toID="E57" toText="saddle pulmonary embolus" type="AFTER" />
<TLINK id="TL6624" fromID="E57" fromText="saddle pulmonary embolus" toID="T1" toText="2019-01-15" type="BEFORE" />
<TLINK id="TL6629" fromID="E76" fromText="coumadin" toID="T1" toText="2019-01-15" type="BEFORE" />
<TLINK id="TL6732" fromID="E5" fromText="admission" toID="E36" toText="admission" type="OVERLAP" />
<TLINK id="TL6740" fromID="E64" fromText="known clotting disorder" toID="T1" toText="2019-01-15" type="BEFORE" />
<TLINK id="TL6799" fromID="E74" fromText="anticoagulated" toID="E75" toText="heparin" type="OVERLAP" />
<TLINK id="TL6875" fromID="E120" fromText="seen by physical therapy" toID="T1" toText="2019-01-15" type="BEFORE" />
<TLINK id="TL6941" fromID="E1" fromText="Discharge" toID="E71" toText="discharge" type="OVERLAP" />
<TLINK id="TL6954" fromID="E70" fromText="an oxygen requirement" toID="E71" toText="discharge" type="OVERLAP" />
<TLINK id="TL7021" fromID="E58" fromText="left knee injury" toID="T1" toText="2019-01-15" type="BEFORE" />
<TLINK id="TL7538" fromID="E123" fromText="discharge" toID="E124" toText="repeat evaluation" type="OVERLAP" />
<TLINK id="TL7590" fromID="E107" fromText="saddle PE" toID="T1" toText="2019-01-15" type="BEFORE" />
<TLINK id="TL7592" fromID="E71" fromText="discharge" toID="E123" toText="discharge" type="OVERLAP" />
<TLINK id="TL7703" fromID="E28" fromText="stood up" toID="E30" toText="heard his knee" type="OVERLAP" />
<TLINK id="TL7802" fromID="E30" fromText="heard his knee" toID="T0" toText="2019-01-09" type="BEFORE" />
<TLINK id="TL7847" fromID="E105" fromText="Dropped" toID="E107" toText="saddle PE" type="AFTER" />
<TLINK id="TL7880" fromID="E70" fromText="an oxygen requirement" toID="T1" toText="2019-01-15" type="BEFORE" />
<TLINK id="TL8106" fromID="E17" fromText="stable BPs" toID="E18" toText="tachy" type="OVERLAP" />
<TLINK id="TL8194" fromID="E56" fromText="hemodynamic monitoring" toID="T1" toText="2019-01-15" type="BEFORE" />
<TLINK id="TL8201" fromID="E93" fromText="P-pulmonale" toID="T1" toText="2019-01-15" type="BEFORE" />
<TLINK id="TL8522" fromID="E83" fromText="his primary care provider" toID="T1" toText="2019-01-15" type="AFTER" />
<TLINK id="TL8597" fromID="E101" fromText="reveal" toID="T1" toText="2019-01-15" type="BEFORE" />
<TLINK id="TL8876" fromID="E35" fromText="essentially bed bound" toID="T6" toText="3 days" type="OVERLAP" />
<TLINK id="TL8972" fromID="E4" fromText="a syncopal episode" toID="E5" toText="admission" type="BEFORE" />
<TLINK id="TL9010" fromID="E22" fromText="transferred" toID="E24" toText="further care" type="BEFORE" />
<TLINK id="TL9083" fromID="E8" fromText="immediately fell to the kitchen floor" toID="T0" toText="2019-01-09" type="BEFORE" />
<TLINK id="TL9085" fromID="E32" fromText="from sitting to standing" toID="T0" toText="2019-01-09" type="BEFORE" />
<TLINK id="TL9184" fromID="E57" fromText="saddle pulmonary embolus" toID="E58" toText="left knee injury" type="OVERLAP" />
<TLINK id="TL9202" fromID="E106" fromText="anticoagulation" toID="E107" toText="saddle PE" type="AFTER" />
<TLINK id="TL9436" fromID="E115" fromText="an injury" toID="T1" toText="2019-01-15" type="BEFORE" />
<TLINK id="TL9520" fromID="E22" fromText="transferred" toID="T0" toText="2019-01-09" type="BEFORE" />
<TLINK id="TL9794" fromID="E74" fromText="anticoagulated" toID="T1" toText="2019-01-15" type="BEFORE" />
<TLINK id="TL9809" fromID="E92" fromText="right heart strain" toID="E93" toText="P-pulmonale" type="OVERLAP" />
<TLINK id="TL10252" fromID="E113" fromText="physical exam" toID="E114" toText="presented" type="OVERLAP" />
<TLINK id="TL10401" fromID="E2" fromText="presented" toID="T0" toText="2019-01-09" type="OVERLAP" />
<TLINK id="TL10441" fromID="E49" fromText="any bleeding or clotting disorders" toID="T0" toText="2019-01-09" type="BEFORE" />
<TLINK id="TL10519" fromID="E88" fromText="PE" toID="T1" toText="2019-01-15" type="BEFORE" />
<TLINK id="TL10736" fromID="E111" fromText="asymptomatic" toID="T1" toText="2019-01-15" type="BEFORE" />
<TLINK id="TL10905" fromID="E79" fromText="an outpatient thrombophilia work-up" toID="E80" toText="acute management" type="OVERLAP" />
<TLINK id="TL10955" fromID="E6" fromText="lightheaded" toID="T0" toText="2019-01-09" type="BEFORE" />
<TLINK id="TL11066" fromID="E12" fromText="called 911" toID="T0" toText="2019-01-09" type="BEFORE" />
<TLINK id="TL11138" fromID="E110" fromText="noted" toID="T1" toText="2019-01-15" type="BEFORE" />
<TLINK id="TL11163" fromID="E92" fromText="right heart strain" toID="T1" toText="2019-01-15" type="BEFORE" />
<TLINK id="TL11240" fromID="E89" fromText="his cardiac workup" toID="T1" toText="2019-01-15" type="BEFORE" />
<TLINK id="TL11269" fromID="E27" fromText="hurt his left knee" toID="T0" toText="2019-01-09" type="BEFORE" />
<TLINK id="TL11417" fromID="E81" fromText="PE" toID="T1" toText="2019-01-15" type="BEFORE" />
<TLINK id="TL11429" fromID="E6" fromText="lightheaded" toID="E7" toText="faint" type="OVERLAP" />
<TLINK id="TL11561" fromID="T6" fromText="3 days" toID="E36" toText="admission" type="BEFORE" />
<TLINK id="TL11577" fromID="E124" fromText="repeat evaluation" toID="T1" toText="2019-01-15" type="BEFORE" />
<TLINK id="TL11670" fromID="E46" fromText="f/c/" toID="T0" toText="2019-01-09" type="BEFORE" />
<TLINK id="TL11765" fromID="E109" fromText="active bleeding" toID="T1" toText="2019-01-15" type="BEFORE" />
<TLINK id="TL12043" fromID="E109" fromText="active bleeding" toID="E110" toText="noted" type="OVERLAP" />
<TLINK id="TL12130" fromID="E100" fromText="An ECHO" toID="E101" toText="reveal" type="OVERLAP" />
<TLINK id="TL12225" fromID="E34" fromText="CMED CCU" toID="T0" toText="2019-01-09" type="BEFORE" />
<TLINK id="TL12316" fromID="E16" fromText="VS" toID="E17" toText="stable BPs" type="OVERLAP" />
<TLINK id="TL12365" fromID="E82" fromText="follow up" toID="T1" toText="2019-01-15" type="AFTER" />
<TLINK id="TL12474" fromID="E4" fromText="a syncopal episode" toID="T2" toText="the morning of admission" type="BEFORE" />
<TLINK id="TL12986" fromID="E113" fromText="physical exam" toID="T1" toText="2019-01-15" type="BEFORE" />
<TLINK id="TL13053" fromID="E40" fromText="denied" toID="E41" toText="CP" type="AFTER" />
<TLINK id="TL13093" fromID="E77" fromText="follow up" toID="T1" toText="2019-01-15" type="AFTER" />
<TLINK id="TL13180" fromID="E95" fromText="His tronponin" toID="E96" toText="trended down" type="OVERLAP" />
<TLINK id="TL13295" fromID="E4" fromText="a syncopal episode" toID="T0" toText="2019-01-09" type="OVERLAP" />
<TLINK id="TL13347" fromID="E14" fromText="CT chest" toID="T0" toText="2019-01-09" type="BEFORE" />
<TLINK id="TL13385" fromID="E66" fromText="immobility" toID="T1" toText="2019-01-15" type="BEFORE" />
<TLINK id="TL13456" fromID="E79" fromText="an outpatient thrombophilia work-up" toID="E81" toText="PE" type="OVERLAP" />
<TLINK id="TL13700" fromID="T5" fromText="3 days" toID="E32" toText="from sitting to standing" type="OVERLAP" />
<TLINK id="TL13775" fromID="E40" fromText="denied" toID="T0" toText="2019-01-09" type="BEFORE" />
<TLINK id="TL13864" fromID="T3" fromText="2 weeks" toID="E26" toText="presentation" type="BEFORE" />
<TLINK id="TL13903" fromID="E101" fromText="reveal" toID="E102" toText="any wall motion abnormalities" type="AFTER" />
<TLINK id="TL14101" fromID="E104" fromText="Hematocrit" toID="T1" toText="2019-01-15" type="BEFORE" />
<TLINK id="TL14107" fromID="E103" fromText="ischemia" toID="T1" toText="2019-01-15" type="BEFORE" />
<TLINK id="TL14121" fromID="E43" fromText="difficulty breathing" toID="T0" toText="2019-01-09" type="BEFORE" />
<TLINK id="TL15114" fromID="E33" fromText="heard his knee" toID="T0" toText="2019-01-09" type="BEFORE" />
<TLINK id="TL15179" fromID="E80" fromText="acute management" toID="E81" toText="PE" type="OVERLAP" />
<TLINK id="TL15232" fromID="E28" fromText="stood up" toID="T0" toText="2019-01-09" type="BEFORE" />
<TLINK id="TL15248" fromID="E125" fromText="FULL CODE" toID="T1" toText="2019-01-15" type="AFTER" />
<TLINK id="TL15551" fromID="E91" fromText="a small troponin leak" toID="E92" toText="right heart strain" type="OVERLAP" />
<TLINK id="TL15625" fromID="E59" fromText="PE" toID="E88" toText="PE" type="OVERLAP" />
<TLINK id="TL15725" fromID="E77" fromText="follow up" toID="E78" toText="hematology" type="OVERLAP" />
<TLINK id="TL15904" fromID="E13" fromText="Springfield" toID="T0" toText="2019-01-09" type="BEFORE" />
<TLINK id="TL16139" fromID="E17" fromText="stable BPs" toID="T0" toText="2019-01-09" type="BEFORE" />
<TLINK id="TL16200" fromID="E45" fromText="hemoptysis" toID="T0" toText="2019-01-09" type="BEFORE" />
<TLINK id="TL16516" fromID="E60" fromText="other risk factors" toID="T1" toText="2019-01-15" type="BEFORE" />
<TLINK id="TL16547" fromID="E112" fromText="L knee injury" toID="T1" toText="2019-01-15" type="BEFORE" />
<TLINK id="TL16557" fromID="E121" fromText="follow up" toID="T1" toText="2019-01-15" type="AFTER" />
<TLINK id="TL16559" fromID="E2" fromText="presented" toID="E5" toText="admission" type="OVERLAP" />
<TLINK id="TL16609" fromID="E2" fromText="presented" toID="E3" toText="Chelseahospital" type="BEFORE" />
<TLINK id="TL16805" fromID="E85" fromText="his coumadin therapy" toID="T9" toText="6 months" type="OVERLAP" />
<TLINK id="TL16956" fromID="E69" fromText="his hospitalization" toID="T1" toText="2019-01-15" type="BEFORE" />
<TLINK id="TL17118" fromID="E66" fromText="immobility" toID="E67" toText="stasis" type="OVERLAP" />
<TLINK id="TL17119" fromID="E105" fromText="Dropped" toID="T1" toText="2019-01-15" type="BEFORE" />
<TLINK id="TL17138" fromID="E81" fromText="PE" toID="E88" toText="PE" type="OVERLAP" />
<TLINK id="TL17174" fromID="E31" fromText="CMED CCU" toID="T0" toText="2019-01-09" type="BEFORE" />
<TLINK id="TL17179" fromID="E2" fromText="presented" toID="T2" toText="the morning of admission" type="OVERLAP" />
<TLINK id="TL17304" fromID="E97" fromText="EKG" toID="T1" toText="2019-01-15" type="BEFORE" />
<TLINK id="TL17489" fromID="E117" fromText="therapy" toID="T1" toText="2019-01-15" type="BEFORE" />
<TLINK id="TL17514" fromID="E75" fromText="heparin" toID="T1" toText="2019-01-15" type="BEFORE" />
<TLINK id="TL17533" fromID="E100" fromText="An ECHO" toID="E102" toText="any wall motion abnormalities" type="OVERLAP" />
<TLINK id="TL17717" fromID="T8" fromText="this 2 week interval" toID="E40" toText="denied" type="OVERLAP" />
<TLINK id="TL17848" fromID="E54" fromText="admitted" toID="T1" toText="2019-01-15" type="BEFORE" />
<TLINK id="TL17943" fromID="E79" fromText="an outpatient thrombophilia work-up" toID="T1" toText="2019-01-15" type="AFTER" />
<TLINK id="TL18347" fromID="E99" fromText="ischemia" toID="T1" toText="2019-01-15" type="BEFORE" />
<TLINK id="TL18381" fromID="E11" fromText="lightheaded" toID="T0" toText="2019-01-09" type="BEFORE" />
<TLINK id="TL18595" fromID="E83" fromText="his primary care provider" toID="E84" toText="coumadin management" type="BEFORE" />
<TLINK id="TL18671" fromID="E32" fromText="from sitting to standing" toID="E34" toText="CMED CCU" type="BEFORE" />
<TLINK id="TL18694" fromID="E119" fromText="an MRI of the knee" toID="T1" toText="2019-01-15" type="BEFORE" />
<TLINK id="TL18742" fromID="E39" fromText="presentation" toID="T0" toText="2019-01-09" type="BEFORE" />
<TLINK id="TL18852" fromID="E118" fromText="promote mobility" toID="T1" toText="2019-01-15" type="BEFORE" />
<TLINK id="TL18953" fromID="E55" fromText="anticoagulation" toID="T1" toText="2019-01-15" type="BEFORE" />
<TLINK id="TL19041" fromID="E13" fromText="Springfield" toID="E14" toText="CT chest" type="OVERLAP" />
<TLINK id="TL19060" fromID="E53" fromText="LOC" toID="T0" toText="2019-01-09" type="BEFORE" />
<TLINK id="TL19463" fromID="E100" fromText="An ECHO" toID="T1" toText="2019-01-15" type="BEFORE" />
<TLINK id="TL19564" fromID="E22" fromText="transferred" toID="E23" toText="Arbour Hospital" type="BEFORE" />
<TLINK id="TL19674" fromID="E41" fromText="CP" toID="E42" toText="chest discomfort" type="OVERLAP" />
<TLINK id="TL19910" fromID="E62" fromText="his embolus" toID="T1" toText="2019-01-15" type="BEFORE" />
<TLINK id="TL19920" fromID="E35" fromText="essentially bed bound" toID="T0" toText="2019-01-09" type="BEFORE" />
<TLINK id="TL19931" fromID="E87" fromText="Syncope" toID="T1" toText="2019-01-15" type="BEFORE" />
<TLINK id="TL20216" fromID="E97" fromText="EKG" toID="E98" toText="evidence" type="OVERLAP" />
<TLINK id="TL20319" fromID="E91" fromText="a small troponin leak" toID="T1" toText="2019-01-15" type="BEFORE" />
<TLINK id="TL20723" fromID="E100" fromText="An ECHO" toID="E104" toText="Hematocrit" type="OVERLAP" />
<TLINK id="TL20792" fromID="E33" fromText="heard his knee" toID="E34" toText="CMED CCU" type="BEFORE" />
<TLINK id="TL20854" fromID="E123" fromText="discharge" toID="T1" toText="2019-01-15" type="OVERLAP" />
<TLINK id="TL21091" fromID="E52" fromText="denies" toID="T0" toText="2019-01-09" type="OVERLAP" />
<TLINK id="TL21200" fromID="E122" fromText="orthopaedics" toID="T1" toText="2019-01-15" type="AFTER" />
<TLINK id="TL21264" fromID="T3" fromText="2 weeks" toID="E27" toText="hurt his left knee" type="OVERLAP" />
<TLINK id="TL21290" fromID="E35" fromText="essentially bed bound" toID="E36" toText="admission" type="BEFORE" />
<TLINK id="TL21515" fromID="E107" fromText="saddle PE" toID="E108" toText="IV fluids" type="BEFORE" />
<TLINK id="TL21641" fromID="T5" fromText="3 days" toID="E33" toText="heard his knee" type="OVERLAP" />
<TLINK id="TL21719" fromID="E59" fromText="PE" toID="T1" toText="2019-01-15" type="BEFORE" />
<TLINK id="TL21939" fromID="E94" fromText="clot burden" toID="T1" toText="2019-01-15" type="BEFORE" />
<TLINK id="TL21942" fromID="E116" fromText="meniscal tear" toID="T1" toText="2019-01-15" type="BEFORE" />
<TLINK id="TL22077" fromID="E63" fromText="DVT from the left leg" toID="T1" toText="2019-01-15" type="BEFORE" />
<TLINK id="TL22187" fromID="E67" fromText="stasis" toID="T1" toText="2019-01-15" type="BEFORE" />
<TLINK id="TL22286" fromID="E23" fromText="Arbour Hospital" toID="T0" toText="2019-01-09" type="BEFORE" />
<TLINK id="TL22447" fromID="E122" fromText="orthopaedics" toID="E123" toText="discharge" type="OVERLAP" />
<TLINK id="TL22506" fromID="E97" fromText="EKG" toID="E99" toText="ischemia" type="AFTER" />
<TLINK id="TL22886" fromID="E108" fromText="IV fluids" toID="T1" toText="2019-01-15" type="BEFORE" />
<TLINK id="TL22910" fromID="E7" fromText="faint" toID="T0" toText="2019-01-09" type="BEFORE" />
<TLINK id="TL23003" fromID="E106" fromText="anticoagulation" toID="T1" toText="2019-01-15" type="BEFORE" />
<TLINK id="TL23018" fromID="E41" fromText="CP" toID="T0" toText="2019-01-09" type="BEFORE" />
<TLINK id="TL23073" fromID="E105" fromText="Dropped" toID="E108" toText="IV fluids" type="BEFORE" />
<TLINK id="TL23086" fromID="E59" fromText="PE" toID="E81" toText="PE" type="OVERLAP" />
<TLINK id="TL23210" fromID="E2" fromText="presented" toID="E4" toText="a syncopal episode" type="AFTER" />
<TLINK id="TL23340" fromID="T7" fromText="2 days" toID="E39" toText="presentation" type="BEFORE" />
<TLINK id="TL23388" fromID="E38" fromText="inflammation of his L calf / leg" toID="T0" toText="2019-01-09" type="BEFORE" />
<TLINK id="TL23503" fromID="E121" fromText="follow up" toID="E122" toText="orthopaedics" type="OVERLAP" />
<TLINK id="TL23506" fromID="E84" fromText="coumadin management" toID="T1" toText="2019-01-15" type="BEFORE" />
<TLINK id="TL23544" fromID="E26" fromText="presentation" toID="T0" toText="2019-01-09" type="BEFORE" />
<TLINK id="TL23838" fromID="E18" fromText="tachy" toID="T0" toText="2019-01-09" type="BEFORE" />
<TLINK id="TL23858" fromID="E47" fromText="sweats" toID="T0" toText="2019-01-09" type="BEFORE" />
<TLINK id="TL23859" fromID="T2" fromText="the morning of admission" toID="E5" toText="admission" type="OVERLAP" />
<TLINK id="TL23893" fromID="E20" fromText="Lovenox" toID="T0" toText="2019-01-09" type="BEFORE" />
<TLINK id="TL24219" fromID="E19" fromText="sat" toID="T0" toText="2019-01-09" type="BEFORE" />
<TLINK id="TL24320" fromID="E15" fromText="saddle PE" toID="T0" toText="2019-01-09" type="BEFORE" />
<TLINK id="TL24357" fromID="E82" fromText="follow up" toID="E84" toText="coumadin management" type="OVERLAP" />
<TLINK id="TL24440" fromID="E95" fromText="His tronponin" toID="T1" toText="2019-01-15" type="BEFORE" />
<TLINK id="TL24483" fromID="E1" fromText="Discharge" toID="E123" toText="discharge" type="OVERLAP" />
<TLINK id="TL24577" fromID="E71" fromText="discharge" toID="T1" toText="2019-01-15" type="OVERLAP" />
<TLINK id="TL24684" fromID="E96" fromText="trended down" toID="T1" toText="2019-01-15" type="BEFORE" />
<TLINK id="TL24726" fromID="E3" fromText="Chelseahospital" toID="T0" toText="2019-01-09" type="OVERLAP" />
<TLINK id="TL25059" fromID="E102" fromText="any wall motion abnormalities" toID="T1" toText="2019-01-15" type="BEFORE" />
</TAGS>
</ClinicalNarrativeTemporalAnnotation>
