<?xml version="1.0" encoding="UTF-8" ?>
<ClinicalNarrativeTemporalAnnotation>
<TEXT><![CDATA[
ADMISSION DATE :
07-30-93
DISCHARGE DATE :
08-10-93
HISTORY OF PRESENT ILLNESS :
The patient is a 47 year old patient of Dr. Laymie Fournier and Dr. Leebjescobe in Co In Saorlirv Frea , West Virginia who was well until a bout of double pneumonia in May 1992 , at which time he was hospitalized at Centdick Naco Hospital Medical Center .
He also has a history of hypertension and diabetes mellitus .
He had a transient episode of headache and disorientation at that time .
A CT and MRI scan corroborated multiple cerebral infarcts .
He was started on aspirin .
He has a family history of hypertension as well .
He was also placed on Vasotec .
A Holter monitor showed ventricular ectopy .
A thallium stress test showed tachycardia and severe dyspnea as well as a fall in blood pressure with low level exercise .
An echocardiogram showed global hypokinesis .
Accordingly he was referred for further evaluation .
HOSPITAL COURSE :
The patient was taken to the cardiac catheterization laboratory , where he was noted initially to have a pulmonary wedge pressure of 45 with a pulmonary artery pressure of 82/40 .
This lowered with IV nitroglycerin .
Selective coronary angiography showed an occluded right coronary artery in its midportion .
He had an 80% distal left main , a 90% proximal circumflex , and multiple significant lesions in the LAD .
His left ventricle ejection showed diffuse hypokinesis .
The situation was reviewed with his wife , Sligh .
She noted that he was actively working full time and was a sales representative at the Leigh and lives at home with her and his daughter , age 18 .
It was felt that , because of the evidence of congestive heart failure and the critical left main lesion , he should be admitted for further evaluation .
Indeed , he was treated with diuretics and nitrates along with cessation of his aspirin , and he was put on IV Heparin .
He stabilized over the weekend .
He was noted to have some ventricular ectopy on Holter monitor .
He developed epigastric pain on 07/31 which previously had been ignored but in retrospect was probably his anginal equivalent .
He also had multifocal ventricular ectopy at that time .
He had some further anterolateral ST segment changes .
Therefore , he did have unstable angina with his critical coronary anatomy .
The patient was seen in consultation by the Electrophysiology service , Dr. Slusslashgodle , who said that he had no indication for patch placement at the time of surgery .
On 08/02/93 , an intra-aortic balloon pump was placed ; then , Dr. Thorebreutz took him to the operating room , where he had quadruple coronary artery bypass grafting .
He had a left internal mammary artery graft of the LAD , a single saphenous vein to the right coronary artery with 280 cc per minute flow , and a saphenous vein snake graft to the diagonal and circumflex with 150 cc per minute flow .
A paraphimosis was noted and treated by Dr. Ryna Jescdrig .
After surgery he had a ongoing sinus tachycardia .
He was able to be rapidly weaned and extubated .
He had good hemodynamics .
He had occasional atrial and ventricular premature beats .
His intra-aortic balloon pump was weaned the following day and he was transferred out of the Surgical Intensive Care Unit .
He was seen in consultation by the Nutrition Service , who followed him for dietary management of his diabetes mellitus .
On 08/05 it was noted that his platelet count had fallen from 171,000 to 54,000 ; this was thought to be associated with intravenous Heparin and indeed , when Heparin was discontinued , since it had been restarted after surgery , his platelet count rebounded to normal .
Therefore , he does have a thrombocytopenic reaction to Heparin .
He remained in normal sinus rhythm .
He did have runs of nonsustained ventricular tachycardia , which were clinically stable .
He had a right bundle branch block .
He is at increased risk for future events because of his low left ventricular ejection fraction , but he is clinically stable on ACE inhibitors , Digoxin , Coumadin , and aspirin .
Therefore he was able to be discharged home .
He understands that he does have significant left ventricle dysfunction and requires monitoring of his prothrombin times and his arrhythmias ; these will be done in Grovea Co Terburgperv Portnew .
]]></TEXT>
<TAGS>
<EVENT id="E0" start="1" end="10" text="ADMISSION" modality="FACTUAL" polarity="POS" type="OCCURRENCE" />
<EVENT id="E13" start="1031" end="1057" text="a pulmonary wedge pressure" modality="FACTUAL" polarity="POS" type="TEST" />
<EVENT id="E14" start="1069" end="1096" text="a pulmonary artery pressure" modality="FACTUAL" polarity="POS" type="TEST" />
<EVENT id="E69" start="1113" end="1120" text="lowered" modality="FACTUAL" polarity="POS" type="OCCURRENCE" />
<EVENT id="E15" start="1126" end="1142" text="IV nitroglycerin" modality="FACTUAL" polarity="POS" type="TREATMENT" />
<EVENT id="E16" start="1145" end="1175" text="Selective coronary angiography" modality="FACTUAL" polarity="POS" type="TEST" />
<EVENT id="E70" start="1176" end="1182" text="showed" modality="FACTUAL" polarity="POS" type="EVIDENTIAL" />
<EVENT id="E17" start="1183" end="1234" text="an occluded right coronary artery in its midportion" modality="FACTUAL" polarity="POS" type="PROBLEM" />
<EVENT id="E71" start="1251" end="1267" text="distal left main" modality="FACTUAL" polarity="POS" type="TEST" />
<EVENT id="E72" start="1276" end="1295" text="proximal circumflex" modality="FACTUAL" polarity="POS" type="TEST" />
<EVENT id="E18" start="1302" end="1341" text="multiple significant lesions in the LAD" modality="FACTUAL" polarity="POS" type="PROBLEM" />
<EVENT id="E73" start="1344" end="1371" text="His left ventricle ejection" modality="FACTUAL" polarity="POS" type="TEST" />
<EVENT id="E74" start="1372" end="1378" text="showed" modality="FACTUAL" polarity="POS" type="EVIDENTIAL" />
<EVENT id="E19" start="1379" end="1398" text="diffuse hypokinesis" modality="FACTUAL" polarity="POS" type="PROBLEM" />
<EVENT id="E107" start="1419" end="1441" text="reviewed with his wife" modality="FACTUAL" polarity="POS" type="OCCURRENCE" />
<EVENT id="E20" start="1646" end="1670" text="congestive heart failure" modality="FACTUAL" polarity="POS" type="PROBLEM" />
<EVENT id="E21" start="1675" end="1704" text="the critical left main lesion" modality="FACTUAL" polarity="POS" type="PROBLEM" />
<EVENT id="E75" start="1720" end="1728" text="admitted" modality="FACTUAL" polarity="POS" type="OCCURRENCE" />
<EVENT id="E22" start="1733" end="1751" text="further evaluation" modality="FACTUAL" polarity="POS" type="TEST" />
<EVENT id="E23" start="1783" end="1792" text="diuretics" modality="FACTUAL" polarity="POS" type="TREATMENT" />
<EVENT id="E24" start="1797" end="1805" text="nitrates" modality="FACTUAL" polarity="POS" type="TREATMENT" />
<EVENT id="E25" start="1830" end="1841" text="his aspirin" modality="FACTUAL" polarity="POS" type="TREATMENT" />
<EVENT id="E26" start="1862" end="1872" text="IV Heparin" modality="FACTUAL" polarity="POS" type="TREATMENT" />
<EVENT id="E76" start="1878" end="1888" text="stabilized" modality="FACTUAL" polarity="POS" type="OCCURRENCE" />
<EVENT id="E27" start="1929" end="1952" text="some ventricular ectopy" modality="FACTUAL" polarity="POS" type="PROBLEM" />
<EVENT id="E28" start="1956" end="1970" text="Holter monitor" modality="FACTUAL" polarity="POS" type="TEST" />
<EVENT id="E29" start="1986" end="2001" text="epigastric pain" modality="FACTUAL" polarity="POS" type="PROBLEM" />
<EVENT id="E77" start="2076" end="2098" text="his anginal equivalent" modality="POSSIBLE" polarity="POS" type="PROBLEM" />
<EVENT id="E54" start="209" end="213" text="well" modality="FACTUAL" polarity="POS" type="OCCURRENCE" />
<EVENT id="E30" start="2113" end="2142" text="multifocal ventricular ectopy" modality="FACTUAL" polarity="POS" type="PROBLEM" />
<EVENT id="E31" start="2165" end="2210" text="some further anterolateral ST segment changes" modality="FACTUAL" polarity="POS" type="PROBLEM" />
<EVENT id="E32" start="2237" end="2252" text="unstable angina" modality="FACTUAL" polarity="POS" type="PROBLEM" />
<EVENT id="E33" start="2258" end="2287" text="his critical coronary anatomy" modality="FACTUAL" polarity="POS" type="PROBLEM" />
<EVENT id="E1" start="230" end="246" text="double pneumonia" modality="FACTUAL" polarity="POS" type="PROBLEM" />
<EVENT id="E78" start="2314" end="2326" text="consultation" modality="FACTUAL" polarity="POS" type="OCCURRENCE" />
<EVENT id="E34" start="2422" end="2437" text="patch placement" modality="FACTUAL" polarity="NEG" type="TREATMENT" />
<EVENT id="E35" start="2453" end="2460" text="surgery" modality="FACTUAL" polarity="POS" type="TREATMENT" />
<EVENT id="E36" start="2477" end="2505" text="an intra-aortic balloon pump" modality="FACTUAL" polarity="POS" type="TREATMENT" />
<EVENT id="E79" start="2554" end="2572" text="the operating room" modality="FACTUAL" polarity="POS" type="CLINICAL_DEPT" />
<EVENT id="E37" start="2588" end="2629" text="quadruple coronary artery bypass grafting" modality="FACTUAL" polarity="POS" type="TREATMENT" />
<EVENT id="E38" start="2639" end="2686" text="a left internal mammary artery graft of the LAD" modality="FACTUAL" polarity="POS" type="TREATMENT" />
<EVENT id="E80" start="2689" end="2741" text="a single saphenous vein to the right coronary artery" modality="FACTUAL" polarity="POS" type="TREATMENT" />
<EVENT id="E53" start="27" end="36" text="DISCHARGE" modality="FACTUAL" polarity="POS" type="OCCURRENCE" />
<EVENT id="E39" start="2776" end="2820" text="a saphenous vein snake graft to the diagonal" modality="FACTUAL" polarity="POS" type="TREATMENT" />
<EVENT id="E52" start="282" end="294" text="hospitalized" modality="FACTUAL" polarity="POS" type="OCCURRENCE" />
<EVENT id="E40" start="2866" end="2880" text="A paraphimosis" modality="FACTUAL" polarity="POS" type="PROBLEM" />
<EVENT id="E81" start="2895" end="2902" text="treated" modality="FACTUAL" polarity="POS" type="TREATMENT" />
<EVENT id="E41" start="2932" end="2939" text="surgery" modality="FACTUAL" polarity="POS" type="TREATMENT" />
<EVENT id="E42" start="2947" end="2974" text="a ongoing sinus tachycardia" modality="FACTUAL" polarity="POS" type="PROBLEM" />
<EVENT id="E55" start="298" end="335" text="Centdick Naco Hospital Medical Center" modality="FACTUAL" polarity="POS" type="CLINICAL_DEPT" />
<EVENT id="E82" start="3003" end="3009" text="weaned" modality="FACTUAL" polarity="POS" type="TREATMENT" />
<EVENT id="E83" start="3014" end="3023" text="extubated" modality="FACTUAL" polarity="POS" type="TREATMENT" />
<EVENT id="E84" start="3033" end="3050" text="good hemodynamics" modality="FACTUAL" polarity="POS" type="OCCURRENCE" />
<EVENT id="E43" start="3060" end="3109" text="occasional atrial and ventricular premature beats" modality="FACTUAL" polarity="POS" type="PROBLEM" />
<EVENT id="E44" start="3112" end="3141" text="His intra-aortic balloon pump" modality="FACTUAL" polarity="POS" type="TREATMENT" />
<EVENT id="E85" start="3146" end="3152" text="weaned" modality="FACTUAL" polarity="POS" type="TREATMENT" />
<EVENT id="E86" start="3182" end="3193" text="transferred" modality="FACTUAL" polarity="POS" type="OCCURRENCE" />
<EVENT id="E87" start="3201" end="3233" text="the Surgical Intensive Care Unit" modality="FACTUAL" polarity="POS" type="CLINICAL_DEPT" />
<EVENT id="E88" start="3251" end="3263" text="consultation" modality="FACTUAL" polarity="POS" type="OCCURRENCE" />
<EVENT id="E89" start="3312" end="3330" text="dietary management" modality="FACTUAL" polarity="POS" type="TREATMENT" />
<EVENT id="E45" start="3334" end="3355" text="his diabetes mellitus" modality="FACTUAL" polarity="POS" type="PROBLEM" />
<EVENT id="E46" start="3385" end="3403" text="his platelet count" modality="FACTUAL" polarity="POS" type="TEST" />
<EVENT id="E90" start="3408" end="3414" text="fallen" modality="FACTUAL" polarity="POS" type="PROBLEM" />
<EVENT id="E47" start="3479" end="3498" text="intravenous Heparin" modality="FACTUAL" polarity="POS" type="TREATMENT" />
<EVENT id="E91" start="3517" end="3524" text="Heparin" modality="FACTUAL" polarity="POS" type="TREATMENT" />
<EVENT id="E92" start="3578" end="3585" text="surgery" modality="FACTUAL" polarity="POS" type="TREATMENT" />
<EVENT id="E93" start="3588" end="3606" text="his platelet count" modality="FACTUAL" polarity="POS" type="TEST" />
<EVENT id="E94" start="3607" end="3616" text="rebounded" modality="FACTUAL" polarity="POS" type="OCCURRENCE" />
<EVENT id="E56" start="363" end="375" text="hypertension" modality="FACTUAL" polarity="POS" type="PROBLEM" />
<EVENT id="E48" start="3654" end="3681" text="a thrombocytopenic reaction" modality="FACTUAL" polarity="POS" type="PROBLEM" />
<EVENT id="E49" start="3685" end="3692" text="Heparin" modality="FACTUAL" polarity="POS" type="TREATMENT" />
<EVENT id="E50" start="3752" end="3788" text="nonsustained ventricular tachycardia" modality="FACTUAL" polarity="POS" type="PROBLEM" />
<EVENT id="E57" start="380" end="397" text="diabetes mellitus" modality="FACTUAL" polarity="POS" type="PROBLEM" />
<EVENT id="E95" start="3802" end="3819" text="clinically stable" modality="FACTUAL" polarity="POS" type="OCCURRENCE" />
<EVENT id="E51" start="3829" end="3856" text="a right bundle branch block" modality="FACTUAL" polarity="POS" type="PROBLEM" />
<EVENT id="E96" start="3912" end="3954" text="his low left ventricular ejection fraction" modality="FACTUAL" polarity="POS" type="PROBLEM" />
<EVENT id="E97" start="3967" end="3984" text="clinically stable" modality="FACTUAL" polarity="POS" type="OCCURRENCE" />
<EVENT id="E98" start="3988" end="4002" text="ACE inhibitors" modality="FACTUAL" polarity="POS" type="TREATMENT" />
<EVENT id="E99" start="4005" end="4012" text="Digoxin" modality="FACTUAL" polarity="POS" type="TREATMENT" />
<EVENT id="E100" start="4015" end="4023" text="Coumadin" modality="FACTUAL" polarity="POS" type="TREATMENT" />
<EVENT id="E101" start="4030" end="4037" text="aspirin" modality="FACTUAL" polarity="POS" type="TREATMENT" />
<EVENT id="E102" start="4068" end="4078" text="discharged" modality="FACTUAL" polarity="POS" type="OCCURRENCE" />
<EVENT id="E103" start="4119" end="4157" text="significant left ventricle dysfunction" modality="FACTUAL" polarity="POS" type="PROBLEM" />
<EVENT id="E105" start="4171" end="4206" text="monitoring of his prothrombin times" modality="FACTUAL" polarity="POS" type="TEST" />
<EVENT id="E106" start="4211" end="4226" text="his arrhythmias" modality="FACTUAL" polarity="POS" type="PROBLEM" />
<EVENT id="E2" start="430" end="438" text="headache" modality="FACTUAL" polarity="POS" type="PROBLEM" />
<EVENT id="E3" start="443" end="457" text="disorientation" modality="FACTUAL" polarity="POS" type="PROBLEM" />
<EVENT id="E4" start="473" end="477" text="A CT" modality="FACTUAL" polarity="POS" type="TEST" />
<EVENT id="E5" start="482" end="490" text="MRI scan" modality="FACTUAL" polarity="POS" type="TEST" />
<EVENT id="E6" start="504" end="530" text="multiple cerebral infarcts" modality="FACTUAL" polarity="POS" type="PROBLEM" />
<EVENT id="E7" start="551" end="558" text="aspirin" modality="FACTUAL" polarity="POS" type="TREATMENT" />
<EVENT id="E58" start="588" end="600" text="hypertension" modality="FACTUAL" polarity="POS" type="PROBLEM" />
<EVENT id="E8" start="633" end="640" text="Vasotec" modality="FACTUAL" polarity="POS" type="TREATMENT" />
<EVENT id="E9" start="643" end="659" text="A Holter monitor" modality="FACTUAL" polarity="POS" type="TEST" />
<EVENT id="E59" start="660" end="666" text="showed" modality="FACTUAL" polarity="POS" type="EVIDENTIAL" />
<EVENT id="E60" start="667" end="685" text="ventricular ectopy" modality="FACTUAL" polarity="POS" type="PROBLEM" />
<EVENT id="E10" start="688" end="710" text="A thallium stress test" modality="FACTUAL" polarity="POS" type="TEST" />
<EVENT id="E61" start="711" end="717" text="showed" modality="FACTUAL" polarity="POS" type="EVIDENTIAL" />
<EVENT id="E62" start="718" end="729" text="tachycardia" modality="FACTUAL" polarity="POS" type="PROBLEM" />
<EVENT id="E63" start="734" end="748" text="severe dyspnea" modality="FACTUAL" polarity="POS" type="PROBLEM" />
<EVENT id="E11" start="760" end="784" text="a fall in blood pressure" modality="FACTUAL" polarity="POS" type="PROBLEM" />
<EVENT id="E64" start="790" end="808" text="low level exercise" modality="FACTUAL" polarity="POS" type="OCCURRENCE" />
<EVENT id="E12" start="811" end="828" text="An echocardiogram" modality="FACTUAL" polarity="POS" type="TEST" />
<EVENT id="E65" start="829" end="835" text="showed" modality="FACTUAL" polarity="POS" type="EVIDENTIAL" />
<EVENT id="E66" start="836" end="854" text="global hypokinesis" modality="FACTUAL" polarity="POS" type="PROBLEM" />
<EVENT id="E67" start="889" end="907" text="further evaluation" modality="FACTUAL" polarity="POS" type="TEST" />
<EVENT id="E68" start="953" end="991" text="the cardiac catheterization laboratory" modality="FACTUAL" polarity="POS" type="CLINICAL_DEPT" />
<TIMEX3 id="T1" start="18" end="26" text="07-30-93" type="DATE" val="1993-07-30" mod="NA" />
<TIMEX3 id="T6" start="1894" end="1905" text="the weekend" type="DURATION" val="P2D" mod="NA" />
<TIMEX3 id="T3" start="2005" end="2010" text="07/31" type="DATE" val="1993-07-31" mod="NA" />
<TIMEX3 id="T4" start="2466" end="2474" text="08/02/93" type="DATE" val="1993-08-02" mod="NA" />
<TIMEX3 id="T0" start="250" end="258" text="May 1992" type="DATE" val="1992-05" mod="NA" />
<TIMEX3 id="T7" start="3153" end="3170" text="the following day" type="DATE" val="1993-08-03" mod="NA" />
<TIMEX3 id="T5" start="3361" end="3366" text="08/05" type="DATE" val="1993-08-05" mod="NA" />
<TIMEX3 id="T2" start="44" end="52" text="08-10-93" type="DATE" val="1993-08-10" mod="NA" />
<SECTIME id="S0" start="18" end="26" text="07-30-93" type="ADMISSION" dvalue="1993-07-30" />
<SECTIME id="S1" start="44" end="52" text="08-10-93" type="DISCHARGE" dvalue="1993-08-10" />
<TLINK id="TL84" fromID="E69" fromText="lowered" toID="E15" toText="IV nitroglycerin" type="OVERLAP" />
<TLINK id="TL121" fromID="E60" fromText="ventricular ectopy" toID="T1" toText="07-30-93" type="BEFORE" />
<TLINK id="TL385" fromID="E46" fromText="his platelet count" toID="T2" toText="08-10-93" type="BEFORE" />
<TLINK id="TL927" fromID="E46" fromText="his platelet count" toID="E90" toText="fallen" type="OVERLAP" />
<TLINK id="TL1030" fromID="E79" fromText="the operating room" toID="E37" toText="quadruple coronary artery bypass grafting" type="OVERLAP" />
<TLINK id="TL1161" fromID="E68" fromText="the cardiac catheterization laboratory" toID="T2" toText="08-10-93" type="BEFORE" />
<TLINK id="TL1177" fromID="E54" fromText="well" toID="T1" toText="07-30-93" type="BEFORE" />
<TLINK id="TL1246" fromID="E7" fromText="aspirin" toID="T1" toText="07-30-93" type="BEFORE" />
<TLINK id="TL1393" fromID="E45" fromText="his diabetes mellitus" toID="T2" toText="08-10-93" type="BEFORE" />
<TLINK id="TL1519" fromID="E24" fromText="nitrates" toID="T2" toText="08-10-93" type="BEFORE" />
<TLINK id="TL1600" fromID="E56" fromText="hypertension" toID="T1" toText="07-30-93" type="BEFORE" />
<TLINK id="TL1698" fromID="E83" fromText="extubated" toID="T2" toText="08-10-93" type="BEFORE" />
<TLINK id="TL1872" fromID="E57" fromText="diabetes mellitus" toID="T1" toText="07-30-93" type="BEFORE" />
<TLINK id="TL1915" fromID="E99" fromText="Digoxin" toID="E101" toText="aspirin" type="OVERLAP" />
<TLINK id="TL1963" fromID="E100" fromText="Coumadin" toID="E101" toText="aspirin" type="OVERLAP" />
<TLINK id="TL2111" fromID="E74" fromText="showed" toID="E19" toText="diffuse hypokinesis" type="AFTER" />
<TLINK id="TL2153" fromID="E0" fromText="ADMISSION" toID="T1" toText="07-30-93" type="OVERLAP" />
<TLINK id="TL2227" fromID="E41" fromText="surgery" toID="T2" toText="08-10-93" type="BEFORE" />
<TLINK id="TL2350" fromID="E92" fromText="surgery" toID="T2" toText="08-10-93" type="BEFORE" />
<TLINK id="TL2821" fromID="E70" fromText="showed" toID="E17" toText="an occluded right coronary artery in its midportion" type="AFTER" />
<TLINK id="TL2902" fromID="E90" fromText="fallen" toID="T2" toText="08-10-93" type="BEFORE" />
<TLINK id="TL2970" fromID="E61" fromText="showed" toID="E11" toText="a fall in blood pressure" type="AFTER" />
<TLINK id="TL3336" fromID="E42" fromText="a ongoing sinus tachycardia" toID="T2" toText="08-10-93" type="BEFORE" />
<TLINK id="TL3542" fromID="E93" fromText="his platelet count" toID="T2" toText="08-10-93" type="BEFORE" />
<TLINK id="TL3675" fromID="E107" fromText="reviewed with his wife" toID="T2" toText="08-10-93" type="BEFORE" />
<TLINK id="TL3740" fromID="E74" fromText="showed" toID="T2" toText="08-10-93" type="BEFORE" />
<TLINK id="TL3771" fromID="E38" fromText="a left internal mammary artery graft of the LAD" toID="T2" toText="08-10-93" type="BEFORE" />
<TLINK id="TL3797" fromID="E1" fromText="double pneumonia" toID="T0" toText="May 1992" type="OVERLAP" />
<TLINK id="TL4034" fromID="E84" fromText="good hemodynamics" toID="T2" toText="08-10-93" type="BEFORE" />
<TLINK id="TL4604" fromID="E98" fromText="ACE inhibitors" toID="E99" toText="Digoxin" type="OVERLAP" />
<TLINK id="TL4687" fromID="E27" fromText="some ventricular ectopy" toID="E28" toText="Holter monitor" type="OVERLAP" />
<TLINK id="TL5084" fromID="E10" fromText="A thallium stress test" toID="T1" toText="07-30-93" type="BEFORE" />
<TLINK id="TL5293" fromID="E82" fromText="weaned" toID="E83" toText="extubated" type="OVERLAP" />
<TLINK id="TL5368" fromID="E61" fromText="showed" toID="T1" toText="07-30-93" type="BEFORE" />
<TLINK id="TL5424" fromID="E10" fromText="A thallium stress test" toID="E11" toText="a fall in blood pressure" type="AFTER" />
<TLINK id="TL5493" fromID="E4" fromText="A CT" toID="E5" toText="MRI scan" type="OVERLAP" />
<TLINK id="TL5536" fromID="E20" fromText="congestive heart failure" toID="T2" toText="08-10-93" type="BEFORE" />
<TLINK id="TL5902" fromID="E23" fromText="diuretics" toID="E24" toText="nitrates" type="OVERLAP" />
<TLINK id="TL5994" fromID="E32" fromText="unstable angina" toID="E33" toText="his critical coronary anatomy" type="OVERLAP" />
<TLINK id="TL6076" fromID="E77" fromText="his anginal equivalent" toID="T2" toText="08-10-93" type="BEFORE" />
<TLINK id="TL6659" fromID="E92" fromText="surgery" toID="E94" toText="rebounded" type="BEFORE" />
<TLINK id="TL6713" fromID="E69" fromText="lowered" toID="T2" toText="08-10-93" type="BEFORE" />
<TLINK id="TL6746" fromID="E99" fromText="Digoxin" toID="E100" toText="Coumadin" type="OVERLAP" />
<TLINK id="TL7066" fromID="E55" fromText="Centdick Naco Hospital Medical Center" toID="T1" toText="07-30-93" type="BEFORE" />
<TLINK id="TL7200" fromID="E72" fromText="proximal circumflex" toID="T2" toText="08-10-93" type="BEFORE" />
<TLINK id="TL7287" fromID="E10" fromText="A thallium stress test" toID="E61" toText="showed" type="OVERLAP" />
<TLINK id="TL7402" fromID="E73" fromText="His left ventricle ejection" toID="E19" toText="diffuse hypokinesis" type="AFTER" />
<TLINK id="TL7461" fromID="E34" fromText="patch placement" toID="E35" toText="surgery" type="OVERLAP" />
<TLINK id="TL8098" fromID="E82" fromText="weaned" toID="T2" toText="08-10-93" type="BEFORE" />
<TLINK id="TL8481" fromID="E80" fromText="a single saphenous vein to the right coronary artery" toID="T2" toText="08-10-93" type="BEFORE" />
<TLINK id="TL8513" fromID="E33" fromText="his critical coronary anatomy" toID="T2" toText="08-10-93" type="BEFORE" />
<TLINK id="TL8783" fromID="E23" fromText="diuretics" toID="T2" toText="08-10-93" type="BEFORE" />
<TLINK id="TL9055" fromID="E54" fromText="well" toID="T0" toText="May 1992" type="OVERLAP" />
<TLINK id="TL9117" fromID="E63" fromText="severe dyspnea" toID="T1" toText="07-30-93" type="BEFORE" />
<TLINK id="TL9540" fromID="E100" fromText="Coumadin" toID="T2" toText="08-10-93" type="BEFORE" />
<TLINK id="TL9626" fromID="E52" fromText="hospitalized" toID="E55" toText="Centdick Naco Hospital Medical Center" type="OVERLAP" />
<TLINK id="TL9681" fromID="E49" fromText="Heparin" toID="T2" toText="08-10-93" type="BEFORE" />
<TLINK id="TL9763" fromID="E94" fromText="rebounded" toID="T2" toText="08-10-93" type="BEFORE" />
<TLINK id="TL10075" fromID="E91" fromText="Heparin" toID="E49" toText="Heparin" type="OVERLAP" />
<TLINK id="TL10242" fromID="E101" fromText="aspirin" toID="T2" toText="08-10-93" type="BEFORE" />
<TLINK id="TL10348" fromID="E58" fromText="hypertension" toID="T1" toText="07-30-93" type="BEFORE" />
<TLINK id="TL10388" fromID="E56" fromText="hypertension" toID="E57" toText="diabetes mellitus" type="OVERLAP" />
<TLINK id="TL10866" fromID="E102" fromText="discharged" toID="T2" toText="08-10-93" type="OVERLAP" />
<TLINK id="TL10936" fromID="E68" fromText="the cardiac catheterization laboratory" toID="E13" toText="a pulmonary wedge pressure" type="OVERLAP" />
<TLINK id="TL11012" fromID="E73" fromText="His left ventricle ejection" toID="E74" toText="showed" type="OVERLAP" />
<TLINK id="TL11068" fromID="E41" fromText="surgery" toID="E42" toText="a ongoing sinus tachycardia" type="OVERLAP" />
<TLINK id="TL11093" fromID="E43" fromText="occasional atrial and ventricular premature beats" toID="T2" toText="08-10-93" type="BEFORE" />
<TLINK id="TL11119" fromID="E75" fromText="admitted" toID="T2" toText="08-10-93" type="BEFORE" />
<TLINK id="TL11718" fromID="E44" fromText="His intra-aortic balloon pump" toID="E85" toText="weaned" type="BEFORE" />
<TLINK id="TL11787" fromID="E85" fromText="weaned" toID="T2" toText="08-10-93" type="BEFORE" />
<TLINK id="TL12087" fromID="E96" fromText="his low left ventricular ejection fraction" toID="T2" toText="08-10-93" type="BEFORE" />
<TLINK id="TL12270" fromID="E24" fromText="nitrates" toID="E25" toText="his aspirin" type="OVERLAP" />
<TLINK id="TL12327" fromID="E29" fromText="epigastric pain" toID="T3" toText="07/31" type="OVERLAP" />
<TLINK id="TL12539" fromID="E62" fromText="tachycardia" toID="T1" toText="07-30-93" type="BEFORE" />
<TLINK id="TL12662" fromID="E9" fromText="A Holter monitor" toID="T1" toText="07-30-93" type="BEFORE" />
<TLINK id="TL12748" fromID="E61" fromText="showed" toID="E62" toText="tachycardia" type="AFTER" />
<TLINK id="TL12780" fromID="E46" fromText="his platelet count" toID="E47" toText="intravenous Heparin" type="OVERLAP" />
<TLINK id="TL12886" fromID="E66" fromText="global hypokinesis" toID="T1" toText="07-30-93" type="BEFORE" />
<TLINK id="TL12952" fromID="E17" fromText="an occluded right coronary artery in its midportion" toID="T2" toText="08-10-93" type="BEFORE" />
<TLINK id="TL12960" fromID="E10" fromText="A thallium stress test" toID="E63" toText="severe dyspnea" type="AFTER" />
<TLINK id="TL13062" fromID="E78" fromText="consultation" toID="T2" toText="08-10-93" type="BEFORE" />
<TLINK id="TL13212" fromID="E44" fromText="His intra-aortic balloon pump" toID="T7" toText="the following day" type="AFTER" />
<TLINK id="TL13451" fromID="E28" fromText="Holter monitor" toID="T2" toText="08-10-93" type="BEFORE" />
<TLINK id="TL13847" fromID="E47" fromText="intravenous Heparin" toID="T2" toText="08-10-93" type="BEFORE" />
<TLINK id="TL13925" fromID="E32" fromText="unstable angina" toID="T2" toText="08-10-93" type="BEFORE" />
<TLINK id="TL14135" fromID="E5" fromText="MRI scan" toID="E6" toText="multiple cerebral infarcts" type="OVERLAP" />
<TLINK id="TL14275" fromID="E6" fromText="multiple cerebral infarcts" toID="T1" toText="07-30-93" type="BEFORE" />
<TLINK id="TL14334" fromID="E10" fromText="A thallium stress test" toID="E62" toText="tachycardia" type="AFTER" />
<TLINK id="TL14343" fromID="E16" fromText="Selective coronary angiography" toID="E17" toText="an occluded right coronary artery in its midportion" type="AFTER" />
<TLINK id="TL14346" fromID="E12" fromText="An echocardiogram" toID="E66" toText="global hypokinesis" type="AFTER" />
<TLINK id="TL14399" fromID="E86" fromText="transferred" toID="T2" toText="08-10-93" type="BEFORE" />
<TLINK id="TL14502" fromID="T4" fromText="08/02/93" toID="E37" toText="quadruple coronary artery bypass grafting" type="OVERLAP" />
<TLINK id="TL14593" fromID="E76" fromText="stabilized" toID="T2" toText="08-10-93" type="BEFORE" />
<TLINK id="TL14934" fromID="E89" fromText="dietary management" toID="T2" toText="08-10-93" type="BEFORE" />
<TLINK id="TL15263" fromID="E59" fromText="showed" toID="E60" toText="ventricular ectopy" type="AFTER" />
<TLINK id="TL15427" fromID="E14" fromText="a pulmonary artery pressure" toID="T2" toText="08-10-93" type="BEFORE" />
<TLINK id="TL15546" fromID="E39" fromText="a saphenous vein snake graft to the diagonal" toID="T2" toText="08-10-93" type="BEFORE" />
<TLINK id="TL15577" fromID="E65" fromText="showed" toID="E66" toText="global hypokinesis" type="AFTER" />
<TLINK id="TL15657" fromID="E3" fromText="disorientation" toID="T1" toText="07-30-93" type="BEFORE" />
<TLINK id="TL15692" fromID="E71" fromText="distal left main" toID="T2" toText="08-10-93" type="BEFORE" />
<TLINK id="TL15834" fromID="E31" fromText="some further anterolateral ST segment changes" toID="T2" toText="08-10-93" type="BEFORE" />
<TLINK id="TL15957" fromID="E9" fromText="A Holter monitor" toID="E60" toText="ventricular ectopy" type="AFTER" />
<TLINK id="TL15977" fromID="E29" fromText="epigastric pain" toID="T2" toText="08-10-93" type="BEFORE" />
<TLINK id="TL16400" fromID="E98" fromText="ACE inhibitors" toID="T2" toText="08-10-93" type="BEFORE" />
<TLINK id="TL16403" fromID="E75" fromText="admitted" toID="E22" toText="further evaluation" type="BEFORE" />
<TLINK id="TL16421" fromID="E27" fromText="some ventricular ectopy" toID="T2" toText="08-10-93" type="BEFORE" />
<TLINK id="TL16826" fromID="E106" fromText="his arrhythmias" toID="T2" toText="08-10-93" type="BEFORE" />
<TLINK id="TL16827" fromID="E98" fromText="ACE inhibitors" toID="E100" toText="Coumadin" type="OVERLAP" />
<TLINK id="TL16961" fromID="E34" fromText="patch placement" toID="T2" toText="08-10-93" type="BEFORE" />
<TLINK id="TL16967" fromID="E35" fromText="surgery" toID="T2" toText="08-10-93" type="BEFORE" />
<TLINK id="TL17048" fromID="E93" fromText="his platelet count" toID="E94" toText="rebounded" type="OVERLAP" />
<TLINK id="TL17055" fromID="E64" fromText="low level exercise" toID="T1" toText="07-30-93" type="BEFORE" />
<TLINK id="TL17124" fromID="E50" fromText="nonsustained ventricular tachycardia" toID="T2" toText="08-10-93" type="BEFORE" />
<TLINK id="TL17161" fromID="E13" fromText="a pulmonary wedge pressure" toID="E14" toText="a pulmonary artery pressure" type="OVERLAP" />
<TLINK id="TL17223" fromID="E38" fromText="a left internal mammary artery graft of the LAD" toID="E80" toText="a single saphenous vein to the right coronary artery" type="OVERLAP" />
<TLINK id="TL17252" fromID="E15" fromText="IV nitroglycerin" toID="T2" toText="08-10-93" type="BEFORE" />
<TLINK id="TL17390" fromID="T5" fromText="08/05" toID="E46" toText="his platelet count" type="OVERLAP" />
<TLINK id="TL17498" fromID="T4" fromText="08/02/93" toID="E36" toText="an intra-aortic balloon pump" type="OVERLAP" />
<TLINK id="TL17502" fromID="E12" fromText="An echocardiogram" toID="E65" toText="showed" type="OVERLAP" />
<TLINK id="TL17571" fromID="E16" fromText="Selective coronary angiography" toID="T2" toText="08-10-93" type="BEFORE" />
<TLINK id="TL17586" fromID="E13" fromText="a pulmonary wedge pressure" toID="T2" toText="08-10-93" type="BEFORE" />
<TLINK id="TL17798" fromID="E65" fromText="showed" toID="T1" toText="07-30-93" type="BEFORE" />
<TLINK id="TL17800" fromID="E71" fromText="distal left main" toID="E72" toText="proximal circumflex" type="OVERLAP" />
<TLINK id="TL17804" fromID="E87" fromText="the Surgical Intensive Care Unit" toID="T2" toText="08-10-93" type="BEFORE" />
<TLINK id="TL17806" fromID="E62" fromText="tachycardia" toID="E63" toText="severe dyspnea" type="OVERLAP" />
<TLINK id="TL18430" fromID="E12" fromText="An echocardiogram" toID="T1" toText="07-30-93" type="BEFORE" />
<TLINK id="TL18442" fromID="E20" fromText="congestive heart failure" toID="E21" toText="the critical left main lesion" type="OVERLAP" />
<TLINK id="TL18552" fromID="E52" fromText="hospitalized" toID="T1" toText="07-30-93" type="BEFORE" />
<TLINK id="TL18683" fromID="E11" fromText="a fall in blood pressure" toID="E64" toText="low level exercise" type="OVERLAP" />
<TLINK id="TL18939" fromID="E48" fromText="a thrombocytopenic reaction" toID="T2" toText="08-10-93" type="BEFORE" />
<TLINK id="TL18972" fromID="E21" fromText="the critical left main lesion" toID="T2" toText="08-10-93" type="BEFORE" />
<TLINK id="TL19039" fromID="E85" fromText="weaned" toID="T7" toText="the following day" type="OVERLAP" />
<TLINK id="TL19094" fromID="E59" fromText="showed" toID="T1" toText="07-30-93" type="BEFORE" />
<TLINK id="TL19156" fromID="E37" fromText="quadruple coronary artery bypass grafting" toID="T2" toText="08-10-93" type="BEFORE" />
<TLINK id="TL19238" fromID="E44" fromText="His intra-aortic balloon pump" toID="T2" toText="08-10-93" type="BEFORE" />
<TLINK id="TL19293" fromID="E89" fromText="dietary management" toID="E45" toText="his diabetes mellitus" type="OVERLAP" />
<TLINK id="TL19532" fromID="E19" fromText="diffuse hypokinesis" toID="T2" toText="08-10-93" type="BEFORE" />
<TLINK id="TL19616" fromID="E22" fromText="further evaluation" toID="T2" toText="08-10-93" type="BEFORE" />
<TLINK id="TL19697" fromID="E99" fromText="Digoxin" toID="T2" toText="08-10-93" type="BEFORE" />
<TLINK id="TL20143" fromID="E67" fromText="further evaluation" toID="T1" toText="07-30-93" type="BEFORE" />
<TLINK id="TL20198" fromID="E73" fromText="His left ventricle ejection" toID="T2" toText="08-10-93" type="BEFORE" />
<TLINK id="TL20254" fromID="E16" fromText="Selective coronary angiography" toID="E70" toText="showed" type="OVERLAP" />
<TLINK id="TL20368" fromID="E51" fromText="a right bundle branch block" toID="T2" toText="08-10-93" type="BEFORE" />
<TLINK id="TL20677" fromID="E53" fromText="DISCHARGE" toID="T2" toText="08-10-93" type="OVERLAP" />
<TLINK id="TL20680" fromID="E86" fromText="transferred" toID="E87" toText="the Surgical Intensive Care Unit" type="AFTER" />
<TLINK id="TL20692" fromID="E4" fromText="A CT" toID="T1" toText="07-30-93" type="BEFORE" />
<TLINK id="TL21027" fromID="E36" fromText="an intra-aortic balloon pump" toID="T2" toText="08-10-93" type="BEFORE" />
<TLINK id="TL21039" fromID="E103" fromText="significant left ventricle dysfunction" toID="T2" toText="08-10-93" type="BEFORE" />
<TLINK id="TL21070" fromID="E97" fromText="clinically stable" toID="E98" toText="ACE inhibitors" type="OVERLAP" />
<TLINK id="TL21230" fromID="E97" fromText="clinically stable" toID="T2" toText="08-10-93" type="BEFORE" />
<TLINK id="TL21348" fromID="E9" fromText="A Holter monitor" toID="E59" toText="showed" type="OVERLAP" />
<TLINK id="TL21414" fromID="E11" fromText="a fall in blood pressure" toID="T1" toText="07-30-93" type="BEFORE" />
<TLINK id="TL21444" fromID="E63" fromText="severe dyspnea" toID="E11" toText="a fall in blood pressure" type="OVERLAP" />
<TLINK id="TL21623" fromID="T0" fromText="May 1992" toID="E52" toText="hospitalized" type="OVERLAP" />
<TLINK id="TL21625" fromID="E79" fromText="the operating room" toID="T2" toText="08-10-93" type="BEFORE" />
<TLINK id="TL21647" fromID="E2" fromText="headache" toID="T1" toText="07-30-93" type="BEFORE" />
<TLINK id="TL21933" fromID="E48" fromText="a thrombocytopenic reaction" toID="E49" toText="Heparin" type="OVERLAP" />
<TLINK id="TL22037" fromID="E81" fromText="treated" toID="T2" toText="08-10-93" type="BEFORE" />
<TLINK id="TL22219" fromID="E30" fromText="multifocal ventricular ectopy" toID="T2" toText="08-10-93" type="BEFORE" />
<TLINK id="TL22308" fromID="E1" fromText="double pneumonia" toID="T1" toText="07-30-93" type="BEFORE" />
<TLINK id="TL22561" fromID="E61" fromText="showed" toID="E63" toText="severe dyspnea" type="AFTER" />
<TLINK id="TL22687" fromID="E8" fromText="Vasotec" toID="T1" toText="07-30-93" type="BEFORE" />
<TLINK id="TL22734" fromID="E105" fromText="monitoring of his prothrombin times" toID="T2" toText="08-10-93" type="BEFORE" />
<TLINK id="TL23093" fromID="E26" fromText="IV Heparin" toID="T2" toText="08-10-93" type="BEFORE" />
<TLINK id="TL23179" fromID="E95" fromText="clinically stable" toID="T2" toText="08-10-93" type="BEFORE" />
<TLINK id="TL23311" fromID="E50" fromText="nonsustained ventricular tachycardia" toID="E95" toText="clinically stable" type="OVERLAP" />
<TLINK id="TL23538" fromID="T4" fromText="08/02/93" toID="E79" toText="the operating room" type="OVERLAP" />
<TLINK id="TL23588" fromID="E5" fromText="MRI scan" toID="T1" toText="07-30-93" type="BEFORE" />
<TLINK id="TL23633" fromID="E70" fromText="showed" toID="T2" toText="08-10-93" type="BEFORE" />
<TLINK id="TL23646" fromID="E40" fromText="A paraphimosis" toID="E81" toText="treated" type="OVERLAP" />
<TLINK id="TL23824" fromID="E25" fromText="his aspirin" toID="T2" toText="08-10-93" type="BEFORE" />
<TLINK id="TL24039" fromID="E18" fromText="multiple significant lesions in the LAD" toID="T2" toText="08-10-93" type="BEFORE" />
<TLINK id="TL24321" fromID="E91" fromText="Heparin" toID="T2" toText="08-10-93" type="BEFORE" />
<TLINK id="TL24713" fromID="E88" fromText="consultation" toID="T2" toText="08-10-93" type="BEFORE" />
<TLINK id="TL24752" fromID="E2" fromText="headache" toID="E3" toText="disorientation" type="OVERLAP" />
<TLINK id="TL24903" fromID="E40" fromText="A paraphimosis" toID="T2" toText="08-10-93" type="BEFORE" />
</TAGS>
</ClinicalNarrativeTemporalAnnotation>
