<?xml version="1.0" encoding="UTF-8" ?>
<ClinicalNarrativeTemporalAnnotation>
<TEXT><![CDATA[
Admission Date:
2014-03-31
Discharge Date :
2014-04-01
Service :
CMED
HISTORY :
Baby Alfonso Carroll is a full term infant born at 3.325 kg to a 35-year-old G2 , P1 , now 2 mother .
Prenatal screens - blood type O positive , antibody screen negative , hepatitis B surface antigen negative , RPR nonreactive , rubella immune .
GBS negative .
Maternal history notable for hypothyroidism on Levoxyl .
Primary cesarean section with previous pregnancy for arrest of descent .
Other meds : Paxil .
This pregnancy is complicated by a cyst noted on the umbilical cord on fetal ultrasound study at 18 weeks gestation .
Mother presented in spontaneous labor .
No perineal sepsis risk factors .
No maternal fever .
No prolonged rupture of membranes .
Clear amniotic fluid .
Anesthesia by epidural .
Vaginal delivery .
Apgars were 8 and 9 .
SUMMARY OF HOSPITAL COURSE BY SYSTEMS :
RESPIRATORY : He has been stable in room air throughout hospital course .
CARDIOVASCULAR : No cardiovascular issues .
FLUIDS , ELECTROLYTES AND NUTRITION : Infant initiated on 60 cc per kg per day of D10W .
D-sticks have been stable . Infant is allowed to ad lib breast feed which he is doing vigorously .
GASTROINTESTINAL : Infant is ad lib feeding .
An abdominal ultrasound was performed .
Initial impression included omphalocele with further imaging of the bowel to be done .
Surgery was consulted and Dr. Boston took patient to OR for exploration of cord on 04-01 .
Urachal duct remnanr found , removed and bladder repaired .
Post op course unremrakable .
PAtient began feeding first post op day and has done well .
HEMATOLOGY : Hematocrit on admission was 52.8 .
The infant does not require a new blood transfusion .
INFECTIOUS DISEASE : CBC and blood culture obtained on admission .
Initial CBC had a white count of 20 , platelet count of 386 , 63 polys , 2 bands , 23 lymphs .
Blood cultures remained negative at this time .
Infant has not received any antibiotics .
NEUROLOGIC : Infant has been appropriate for gestational age .
SENSORY : Hearing screen has not yet been performed but should be done prior to discharge .
]]></TEXT>
<TAGS>
<EVENT id="E0" start="1" end="10" text="Admission" modality="FACTUAL" polarity="POS" type="OCCURRENCE" />
<EVENT id="E33" start="1070" end="1074" text="D10W" modality="FACTUAL" polarity="POS" type="TREATMENT" />
<EVENT id="E34" start="1077" end="1085" text="D-sticks" modality="FACTUAL" polarity="POS" type="TEST" />
<EVENT id="E35" start="1096" end="1102" text="stable" modality="FACTUAL" polarity="POS" type="OCCURRENCE" />
<EVENT id="E36" start="1133" end="1144" text="breast feed" modality="FACTUAL" polarity="POS" type="OCCURRENCE" />
<EVENT id="E37" start="1212" end="1219" text="feeding" modality="FACTUAL" polarity="POS" type="OCCURRENCE" />
<EVENT id="E38" start="1222" end="1245" text="An abdominal ultrasound" modality="FACTUAL" polarity="POS" type="TEST" />
<EVENT id="E2" start="124" end="128" text="born" modality="FACTUAL" polarity="POS" type="OCCURRENCE" />
<EVENT id="E39" start="1290" end="1301" text="omphalocele" modality="FACTUAL" polarity="POS" type="PROBLEM" />
<EVENT id="E40" start="1307" end="1335" text="further imaging of the bowel" modality="FACTUAL" polarity="POS" type="TEST" />
<EVENT id="E41" start="1402" end="1404" text="OR" modality="FACTUAL" polarity="POS" type="CLINICAL_DEPT" />
<EVENT id="E42" start="1409" end="1428" text="exploration of cord" modality="FACTUAL" polarity="POS" type="TEST" />
<EVENT id="E43" start="1440" end="1460" text="Urachal duct remnanr" modality="FACTUAL" polarity="POS" type="PROBLEM" />
<EVENT id="E44" start="1469" end="1476" text="removed" modality="FACTUAL" polarity="POS" type="TREATMENT" />
<EVENT id="E45" start="1481" end="1497" text="bladder repaired" modality="FACTUAL" polarity="POS" type="TREATMENT" />
<EVENT id="E46" start="1500" end="1514" text="Post op course" modality="FACTUAL" polarity="POS" type="OCCURRENCE" />
<EVENT id="E47" start="1515" end="1527" text="unremrakable" modality="FACTUAL" polarity="POS" type="OCCURRENCE" />
<EVENT id="E48" start="1544" end="1551" text="feeding" modality="FACTUAL" polarity="POS" type="OCCURRENCE" />
<EVENT id="E49" start="1578" end="1587" text="done well" modality="FACTUAL" polarity="POS" type="OCCURRENCE" />
<EVENT id="E50" start="1603" end="1613" text="Hematocrit" modality="FACTUAL" polarity="POS" type="TEST" />
<EVENT id="E51" start="1617" end="1626" text="admission" modality="FACTUAL" polarity="POS" type="OCCURRENCE" />
<EVENT id="E52" start="1666" end="1689" text="a new blood transfusion" modality="FACTUAL" polarity="NEG" type="TREATMENT" />
<EVENT id="E53" start="1713" end="1716" text="CBC" modality="FACTUAL" polarity="POS" type="TEST" />
<EVENT id="E54" start="1721" end="1734" text="blood culture" modality="FACTUAL" polarity="POS" type="TEST" />
<EVENT id="E55" start="1747" end="1756" text="admission" modality="FACTUAL" polarity="POS" type="OCCURRENCE" />
<EVENT id="E56" start="1759" end="1770" text="Initial CBC" modality="FACTUAL" polarity="POS" type="TEST" />
<EVENT id="E57" start="1775" end="1788" text="a white count" modality="FACTUAL" polarity="POS" type="TEST" />
<EVENT id="E58" start="1797" end="1811" text="platelet count" modality="FACTUAL" polarity="POS" type="TEST" />
<EVENT id="E3" start="183" end="199" text="Prenatal screens" modality="FACTUAL" polarity="POS" type="TEST" />
<EVENT id="E59" start="1824" end="1829" text="polys" modality="FACTUAL" polarity="POS" type="TEST" />
<EVENT id="E60" start="1834" end="1839" text="bands" modality="FACTUAL" polarity="POS" type="TEST" />
<EVENT id="E61" start="1845" end="1851" text="lymphs" modality="FACTUAL" polarity="POS" type="TEST" />
<EVENT id="E62" start="1854" end="1868" text="Blood cultures" modality="FACTUAL" polarity="POS" type="TEST" />
<EVENT id="E63" start="1926" end="1941" text="any antibiotics" modality="FACTUAL" polarity="NEG" type="TREATMENT" />
<EVENT id="E64" start="1973" end="2004" text="appropriate for gestational age" modality="FACTUAL" polarity="POS" type="OCCURRENCE" />
<EVENT id="E4" start="202" end="212" text="blood type" modality="FACTUAL" polarity="POS" type="TEST" />
<EVENT id="E65" start="2017" end="2031" text="Hearing screen" modality="PROPOSED" polarity="POS" type="TEST" />
<EVENT id="E66" start="2087" end="2096" text="discharge" modality="FACTUAL" polarity="POS" type="OCCURRENCE" />
<EVENT id="E5" start="226" end="241" text="antibody screen" modality="FACTUAL" polarity="POS" type="TEST" />
<EVENT id="E6" start="253" end="280" text="hepatitis B surface antigen" modality="FACTUAL" polarity="POS" type="TEST" />
<EVENT id="E1" start="28" end="37" text="Discharge" modality="FACTUAL" polarity="POS" type="OCCURRENCE" />
<EVENT id="E7" start="292" end="295" text="RPR" modality="FACTUAL" polarity="POS" type="TEST" />
<EVENT id="E8" start="310" end="317" text="rubella" modality="FACTUAL" polarity="POS" type="TEST" />
<EVENT id="E9" start="327" end="330" text="GBS" modality="FACTUAL" polarity="NEG" type="PROBLEM" />
<EVENT id="E10" start="371" end="385" text="hypothyroidism" modality="FACTUAL" polarity="POS" type="PROBLEM" />
<EVENT id="E11" start="389" end="396" text="Levoxyl" modality="FACTUAL" polarity="POS" type="TREATMENT" />
<EVENT id="E12" start="399" end="423" text="Primary cesarean section" modality="FACTUAL" polarity="POS" type="TREATMENT" />
<EVENT id="E13" start="429" end="447" text="previous pregnancy" modality="FACTUAL" polarity="POS" type="OCCURRENCE" />
<EVENT id="E14" start="452" end="469" text="arrest of descent" modality="FACTUAL" polarity="POS" type="PROBLEM" />
<EVENT id="E15" start="472" end="482" text="Other meds" modality="FACTUAL" polarity="POS" type="TREATMENT" />
<EVENT id="E16" start="485" end="490" text="Paxil" modality="FACTUAL" polarity="POS" type="TREATMENT" />
<EVENT id="E17" start="493" end="507" text="This pregnancy" modality="FACTUAL" polarity="POS" type="OCCURRENCE" />
<EVENT id="E18" start="526" end="532" text="a cyst" modality="FACTUAL" polarity="POS" type="PROBLEM" />
<EVENT id="E19" start="564" end="586" text="fetal ultrasound study" modality="FACTUAL" polarity="POS" type="TEST" />
<EVENT id="E20" start="618" end="627" text="presented" modality="FACTUAL" polarity="POS" type="OCCURRENCE" />
<EVENT id="E21" start="631" end="650" text="spontaneous labor ." modality="FACTUAL" polarity="POS" type="OCCURRENCE" />
<EVENT id="E22" start="654" end="682" text="perineal sepsis risk factors" modality="FACTUAL" polarity="NEG" type="PROBLEM" />
<EVENT id="E23" start="688" end="702" text="maternal fever" modality="FACTUAL" polarity="NEG" type="PROBLEM" />
<EVENT id="E24" start="708" end="738" text="prolonged rupture of membranes" modality="FACTUAL" polarity="NEG" type="PROBLEM" />
<EVENT id="E25" start="741" end="761" text="Clear amniotic fluid" modality="FACTUAL" polarity="POS" type="OCCURRENCE" />
<EVENT id="E26" start="764" end="774" text="Anesthesia" modality="FACTUAL" polarity="POS" type="TREATMENT" />
<EVENT id="E27" start="778" end="786" text="epidural" modality="FACTUAL" polarity="POS" type="TREATMENT" />
<EVENT id="E28" start="789" end="805" text="Vaginal delivery" modality="FACTUAL" polarity="POS" type="OCCURRENCE" />
<EVENT id="E29" start="808" end="814" text="Apgars" modality="FACTUAL" polarity="POS" type="TEST" />
<EVENT id="E30" start="896" end="902" text="stable" modality="FACTUAL" polarity="POS" type="OCCURRENCE" />
<EVENT id="E31" start="926" end="941" text="hospital course" modality="FACTUAL" polarity="POS" type="OCCURRENCE" />
<EVENT id="E32" start="964" end="985" text="cardiovascular issues" modality="FACTUAL" polarity="NEG" type="PROBLEM" />
<TIMEX3 id="T3" start="1126" end="1132" text="ad lib" type="FREQUENCY" val="R" mod="NA" />
<TIMEX3 id="T4" start="1205" end="1211" text="ad lib" type="FREQUENCY" val="R" mod="NA" />
<TIMEX3 id="T5" start="1432" end="1437" text="04-01" type="DATE" val="2014-04-01" mod="NA" />
<TIMEX3 id="T6" start="1552" end="1569" text="first post op day" type="DATE" val="2014-04-01" mod="NA" />
<TIMEX3 id="T0" start="17" end="27" text="2014-03-31" type="DATE" val="2014-03-31" mod="NA" />
<TIMEX3 id="T1" start="45" end="55" text="2014-04-01" type="DATE" val="2014-04-01" mod="NA" />
<TIMEX3 id="T2" start="590" end="598" text="18 weeks" type="DATE" val="2013-10-29" mod="APPROX" />
<SECTIME id="S0" start="18" end="28" text="2014-03-31" type="ADMISSION" dvalue="2014-03-31" />
<SECTIME id="S1" start="46" end="56" text="2014-04-01" type="DISCHARGE" dvalue="2014-04-01" />
<TLINK id="TL234" fromID="E59" fromText="polys" toID="E60" toText="bands" type="OVERLAP" />
<TLINK id="TL387" fromID="E55" fromText="admission" toID="T1" toText="2014-04-01" type="BEFORE" />
<TLINK id="TL417" fromID="E61" fromText="lymphs" toID="E62" toText="Blood cultures" type="OVERLAP" />
<TLINK id="TL462" fromID="E18" fromText="a cyst" toID="E19" toText="fetal ultrasound study" type="OVERLAP" />
<TLINK id="TL749" fromID="E46" fromText="Post op course" toID="E47" toText="unremrakable" type="OVERLAP" />
<TLINK id="TL762" fromID="E17" fromText="This pregnancy" toID="E19" toText="fetal ultrasound study" type="OVERLAP" />
<TLINK id="TL838" fromID="E48" fromText="feeding" toID="T1" toText="2014-04-01" type="BEFORE" />
<TLINK id="TL1119" fromID="E26" fromText="Anesthesia" toID="T0" toText="2014-03-31" type="BEFORE" />
<TLINK id="TL1152" fromID="E49" fromText="done well" toID="T1" toText="2014-04-01" type="BEFORE" />
<TLINK id="TL1239" fromID="E65" fromText="Hearing screen" toID="E66" toText="discharge" type="BEFORE" />
<TLINK id="TL1424" fromID="E54" fromText="blood culture" toID="T1" toText="2014-04-01" type="BEFORE" />
<TLINK id="TL1666" fromID="E57" fromText="a white count" toID="T1" toText="2014-04-01" type="BEFORE" />
<TLINK id="TL1675" fromID="E19" fromText="fetal ultrasound study" toID="T2" toText="18 weeks" type="OVERLAP" />
<TLINK id="TL1749" fromID="E56" fromText="Initial CBC" toID="T1" toText="2014-04-01" type="BEFORE" />
<TLINK id="TL1993" fromID="E44" fromText="removed" toID="E45" toText="bladder repaired" type="OVERLAP" />
<TLINK id="TL2586" fromID="E19" fromText="fetal ultrasound study" toID="T0" toText="2014-03-31" type="BEFORE" />
<TLINK id="TL2720" fromID="E9" fromText="GBS" toID="T0" toText="2014-03-31" type="BEFORE" />
<TLINK id="TL2938" fromID="E30" fromText="stable" toID="E31" toText="hospital course" type="OVERLAP" />
<TLINK id="TL3003" fromID="E35" fromText="stable" toID="T1" toText="2014-04-01" type="BEFORE" />
<TLINK id="TL3017" fromID="E8" fromText="rubella" toID="T0" toText="2014-03-31" type="BEFORE" />
<TLINK id="TL3053" fromID="E64" fromText="appropriate for gestational age" toID="T1" toText="2014-04-01" type="BEFORE" />
<TLINK id="TL3170" fromID="E31" fromText="hospital course" toID="T1" toText="2014-04-01" type="BEFORE" />
<TLINK id="TL3179" fromID="E12" fromText="Primary cesarean section" toID="E13" toText="previous pregnancy" type="OVERLAP" />
<TLINK id="TL3623" fromID="E3" fromText="Prenatal screens" toID="E4" toText="blood type" type="OVERLAP" />
<TLINK id="TL3690" fromID="E1" fromText="Discharge" toID="T1" toText="2014-04-01" type="OVERLAP" />
<TLINK id="TL3726" fromID="E32" fromText="cardiovascular issues" toID="T1" toText="2014-04-01" type="BEFORE" />
<TLINK id="TL3859" fromID="E60" fromText="bands" toID="T1" toText="2014-04-01" type="BEFORE" />
<TLINK id="TL4155" fromID="E61" fromText="lymphs" toID="T1" toText="2014-04-01" type="BEFORE" />
<TLINK id="TL4295" fromID="E18" fromText="a cyst" toID="T2" toText="18 weeks" type="OVERLAP" />
<TLINK id="TL4324" fromID="E7" fromText="RPR" toID="T0" toText="2014-03-31" type="BEFORE" />
<TLINK id="TL4496" fromID="E5" fromText="antibody screen" toID="T0" toText="2014-03-31" type="BEFORE" />
<TLINK id="TL4610" fromID="E0" fromText="Admission" toID="E51" toText="admission" type="OVERLAP" />
<TLINK id="TL5194" fromID="E18" fromText="a cyst" toID="T0" toText="2014-03-31" type="BEFORE" />
<TLINK id="TL5262" fromID="E53" fromText="CBC" toID="E54" toText="blood culture" type="OVERLAP" />
<TLINK id="TL5828" fromID="E17" fromText="This pregnancy" toID="T0" toText="2014-03-31" type="BEFORE" />
<TLINK id="TL5839" fromID="E28" fromText="Vaginal delivery" toID="T0" toText="2014-03-31" type="BEFORE" />
<TLINK id="TL6298" fromID="E25" fromText="Clear amniotic fluid" toID="T0" toText="2014-03-31" type="BEFORE" />
<TLINK id="TL6414" fromID="E47" fromText="unremrakable" toID="T1" toText="2014-04-01" type="BEFORE" />
<TLINK id="TL6421" fromID="E37" fromText="feeding" toID="T1" toText="2014-04-01" type="BEFORE" />
<TLINK id="TL6496" fromID="E6" fromText="hepatitis B surface antigen" toID="T0" toText="2014-03-31" type="BEFORE" />
<TLINK id="TL7101" fromID="E14" fromText="arrest of descent" toID="T0" toText="2014-03-31" type="BEFORE" />
<TLINK id="TL7466" fromID="E12" fromText="Primary cesarean section" toID="T0" toText="2014-03-31" type="BEFORE" />
<TLINK id="TL7945" fromID="E27" fromText="epidural" toID="T0" toText="2014-03-31" type="BEFORE" />
<TLINK id="TL8112" fromID="E43" fromText="Urachal duct remnanr" toID="T1" toText="2014-04-01" type="BEFORE" />
<TLINK id="TL8608" fromID="E43" fromText="Urachal duct remnanr" toID="E44" toText="removed" type="OVERLAP" />
<TLINK id="TL8614" fromID="E4" fromText="blood type" toID="T0" toText="2014-03-31" type="BEFORE" />
<TLINK id="TL9689" fromID="E5" fromText="antibody screen" toID="E6" toText="hepatitis B surface antigen" type="OVERLAP" />
<TLINK id="TL9899" fromID="E51" fromText="admission" toID="E55" toText="admission" type="OVERLAP" />
<TLINK id="TL9955" fromID="E7" fromText="RPR" toID="E8" toText="rubella" type="OVERLAP" />
<TLINK id="TL9998" fromID="E57" fromText="a white count" toID="E59" toText="polys" type="OVERLAP" />
<TLINK id="TL10283" fromID="E13" fromText="previous pregnancy" toID="T0" toText="2014-03-31" type="BEFORE" />
<TLINK id="TL10598" fromID="E41" fromText="OR" toID="T5" toText="04-01" type="OVERLAP" />
<TLINK id="TL10768" fromID="E6" fromText="hepatitis B surface antigen" toID="E7" toText="RPR" type="OVERLAP" />
<TLINK id="TL10786" fromID="E60" fromText="bands" toID="E61" toText="lymphs" type="OVERLAP" />
<TLINK id="TL10962" fromID="E57" fromText="a white count" toID="E58" toText="platelet count" type="OVERLAP" />
<TLINK id="TL11053" fromID="E3" fromText="Prenatal screens" toID="T0" toText="2014-03-31" type="BEFORE" />
<TLINK id="TL11142" fromID="E22" fromText="perineal sepsis risk factors" toID="T0" toText="2014-03-31" type="BEFORE" />
<TLINK id="TL11250" fromID="E56" fromText="Initial CBC" toID="E57" toText="a white count" type="OVERLAP" />
<TLINK id="TL11578" fromID="E42" fromText="exploration of cord" toID="T5" toText="04-01" type="OVERLAP" />
<TLINK id="TL11914" fromID="E0" fromText="Admission" toID="E55" toText="admission" type="OVERLAP" />
<TLINK id="TL12232" fromID="E1" fromText="Discharge" toID="E66" toText="discharge" type="OVERLAP" />
<TLINK id="TL12416" fromID="E16" fromText="Paxil" toID="T0" toText="2014-03-31" type="BEFORE" />
<TLINK id="TL13262" fromID="E34" fromText="D-sticks" toID="E35" toText="stable" type="OVERLAP" />
<TLINK id="TL13336" fromID="T3" fromText="ad lib" toID="E36" toText="breast feed" type="OVERLAP" />
<TLINK id="TL13343" fromID="E63" fromText="any antibiotics" toID="T1" toText="2014-04-01" type="BEFORE" />
<TLINK id="TL13527" fromID="E36" fromText="breast feed" toID="T1" toText="2014-04-01" type="BEFORE" />
<TLINK id="TL13852" fromID="E23" fromText="maternal fever" toID="T0" toText="2014-03-31" type="BEFORE" />
<TLINK id="TL13886" fromID="E11" fromText="Levoxyl" toID="T0" toText="2014-03-31" type="BEFORE" />
<TLINK id="TL13927" fromID="E58" fromText="platelet count" toID="E59" toText="polys" type="OVERLAP" />
<TLINK id="TL13978" fromID="E44" fromText="removed" toID="T1" toText="2014-04-01" type="BEFORE" />
<TLINK id="TL14321" fromID="E15" fromText="Other meds" toID="E16" toText="Paxil" type="OVERLAP" />
<TLINK id="TL14544" fromID="E15" fromText="Other meds" toID="T0" toText="2014-03-31" type="BEFORE" />
<TLINK id="TL14710" fromID="E51" fromText="admission" toID="T1" toText="2014-04-01" type="BEFORE" />
<TLINK id="TL15752" fromID="E50" fromText="Hematocrit" toID="E51" toText="admission" type="OVERLAP" />
<TLINK id="TL15949" fromID="E53" fromText="CBC" toID="T1" toText="2014-04-01" type="BEFORE" />
<TLINK id="TL16411" fromID="E42" fromText="exploration of cord" toID="T1" toText="2014-04-01" type="OVERLAP" />
<TLINK id="TL16551" fromID="E10" fromText="hypothyroidism" toID="T0" toText="2014-03-31" type="BEFORE" />
<TLINK id="TL16671" fromID="E4" fromText="blood type" toID="E5" toText="antibody screen" type="OVERLAP" />
<TLINK id="TL16809" fromID="E59" fromText="polys" toID="T1" toText="2014-04-01" type="BEFORE" />
<TLINK id="TL17284" fromID="E20" fromText="presented" toID="E21" toText="spontaneous labor ." type="OVERLAP" />
<TLINK id="TL17424" fromID="E20" fromText="presented" toID="T0" toText="2014-03-31" type="BEFORE" />
<TLINK id="TL17446" fromID="E45" fromText="bladder repaired" toID="T1" toText="2014-04-01" type="BEFORE" />
<TLINK id="TL17548" fromID="E54" fromText="blood culture" toID="E55" toText="admission" type="OVERLAP" />
<TLINK id="TL17598" fromID="E40" fromText="further imaging of the bowel" toID="T1" toText="2014-04-01" type="BEFORE" />
<TLINK id="TL18092" fromID="E41" fromText="OR" toID="T1" toText="2014-04-01" type="BEFORE" />
<TLINK id="TL18110" fromID="E62" fromText="Blood cultures" toID="T1" toText="2014-04-01" type="BEFORE" />
<TLINK id="TL18228" fromID="E39" fromText="omphalocele" toID="T1" toText="2014-04-01" type="BEFORE" />
<TLINK id="TL18322" fromID="E34" fromText="D-sticks" toID="T1" toText="2014-04-01" type="BEFORE" />
<TLINK id="TL19259" fromID="E24" fromText="prolonged rupture of membranes" toID="T0" toText="2014-03-31" type="BEFORE" />
<TLINK id="TL19294" fromID="E35" fromText="stable" toID="T3" toText="ad lib" type="OVERLAP" />
<TLINK id="TL19349" fromID="E39" fromText="omphalocele" toID="E40" toText="further imaging of the bowel" type="OVERLAP" />
<TLINK id="TL20188" fromID="E58" fromText="platelet count" toID="T1" toText="2014-04-01" type="BEFORE" />
<TLINK id="TL20541" fromID="E52" fromText="a new blood transfusion" toID="T1" toText="2014-04-01" type="BEFORE" />
<TLINK id="TL20568" fromID="E65" fromText="Hearing screen" toID="T1" toText="2014-04-01" type="AFTER" />
<TLINK id="TL20632" fromID="E48" fromText="feeding" toID="T6" toText="first post op day" type="OVERLAP" />
<TLINK id="TL20688" fromID="E33" fromText="D10W" toID="T1" toText="2014-04-01" type="BEFORE" />
<TLINK id="TL20799" fromID="E41" fromText="OR" toID="E42" toText="exploration of cord" type="OVERLAP" />
<TLINK id="TL20851" fromID="E26" fromText="Anesthesia" toID="E27" toText="epidural" type="OVERLAP" />
<TLINK id="TL21259" fromID="E29" fromText="Apgars" toID="T0" toText="2014-03-31" type="BEFORE" />
<TLINK id="TL21280" fromID="E38" fromText="An abdominal ultrasound" toID="T1" toText="2014-04-01" type="BEFORE" />
<TLINK id="TL21322" fromID="E46" fromText="Post op course" toID="T1" toText="2014-04-01" type="BEFORE" />
<TLINK id="TL21783" fromID="E30" fromText="stable" toID="T1" toText="2014-04-01" type="BEFORE" />
<TLINK id="TL22129" fromID="E17" fromText="This pregnancy" toID="E18" toText="a cyst" type="OVERLAP" />
<TLINK id="TL22268" fromID="E12" fromText="Primary cesarean section" toID="E14" toText="arrest of descent" type="AFTER" />
<TLINK id="TL23577" fromID="E10" fromText="hypothyroidism" toID="E11" toText="Levoxyl" type="OVERLAP" />
<TLINK id="TL23741" fromID="E21" fromText="spontaneous labor ." toID="T0" toText="2014-03-31" type="BEFORE" />
<TLINK id="TL24111" fromID="E50" fromText="Hematocrit" toID="T1" toText="2014-04-01" type="BEFORE" />
<TLINK id="TL24705" fromID="E2" fromText="born" toID="T0" toText="2014-03-31" type="BEFORE" />
<TLINK id="TL24768" fromID="E56" fromText="Initial CBC" toID="E58" toText="platelet count" type="OVERLAP" />
<TLINK id="TL24873" fromID="E66" fromText="discharge" toID="T1" toText="2014-04-01" type="OVERLAP" />
</TAGS>
</ClinicalNarrativeTemporalAnnotation>
