<?xml version="1.0" encoding="UTF-8" ?>
<ClinicalNarrativeTemporalAnnotation>
<TEXT><![CDATA[
Admission Date :
2009-08-17
Discharge Date :
2009-09-10
Service :
BLUE GENERAL SURGERY
HISTORY OF PRESENT ILLNESS :
Mr. Cordano is a 58-year-old gentlemen with a past medical history significant for primary sclerosing cholangitis who presented with a chief complaint of endoscopic retrograde cholangiopancreatography endoscopic retrograde cholangiopancreatography and percutaneous transhepatic cholangiogram .
The most recent percutaneous transluminal coronary angioplasty was done in 2009-07-25 .
At the time an 8 Caucasian catheter was placed in the common hepatic/bioduct for external drainage .
The endoscopic retrograde cholangiopancreatography also showed the presence proximal common bile duct .
Nodularities in the common bile duct visualized by endoscopic retrograde cholangiopancreatography was also worrisome for cholangiocarcinoma and the patient was admitted to the Blue General Surgery Service for possible surgical interventions .
HOSPITAL COURSE :
Mr. Cordano was admitted on 2009-08-17 for a replacement of transhepatic biliary drainage catheter .
At that time , cholangiogram confirmed that there was a distal stricture of the common bile duct .
An endoscopic retrograde cholangiopancreatography also demonstrated similar findings
and it is noted there was nodularity in the common bile duct which is worrisome for cholangiocarcinoma .
Therefore , the patient was taken to the Operating Room on 2009-08-24 for a Whipple procedure versus hepaticojejunostomy .
On exploration of the abdomen revealed significant nodularity of the liver indicating of advanced cirrhosis .
Intraoperative frozen section of the distal and proximal common bile duct in the
region nodularity , which is identified previously by endoscopic retrograde cholangiopancreatography , and regional lymph nodes were all sent to pathology .
They were all negative for malignancy and therefore a hepaticojejunostomy
was performed .
Cholangiogram on postoperative day number two showed no evidence of leakage at the anastomosis site .
The patient tolerated the procedure well and he was sent to the floor in stable condition .
The patient 's postoperative course was notable for an elevation in white blood cell count peaking at 30.0 on postoperative day number two .
He was given Unasyn for empiric antibiotic treatment .
At the time , blood , urine and bile was sent for culture , which were all negative .
A chest x-ray was also negative for any pneumonia .
Postoperatively , Mr. Cordano also suffered from low urine output ranges between 25 to 30 cc per hour .
Fractional excretion of sodium was less than 1% suggesting a prerenal etiology .
The sodium creatinine peaked at 2.0 and the patient was treated with boluses of intravenous fluid and intravenous albumin infusion was also administered .
He responded well to this regimen and made adequate urine output .
At the same time , the patient also developed distentions of the abdomen consistent with accumulation of ascitic fluid .
He also had significant lower extremity and scrotum edema .
On postoperative day number eight , the patient 's oxygen saturation dropped to 85% on room air and he was transferred to the Surgical Intensive Care Unit for fluid management .
Chest x-ray and sputum culture obtained at the time were negative and the patient was treated with 100% nonrebreather which improved his oxygenation .
While he is in the Surgical Intensive Care Unit , paracentesis was performed and it
revealed greater than 24,000 white blood cell count in the ascites which is consistent with SVT .
He was given Zosyn for empiric treatment .
Gram stain and culture of the ascites failed to identify any organism .
He was weaned from oxygen requirement and was continued on normal saline boluses and
intravenous albumin for treatment of prerenal azotemia .
Somatostatin and midodrine were also given for this condition and he also received packed red blood cells .
On postoperative day number ten , the patient returned to the floor with improved renal function and without oxygen requirement .
The somatostatin and the midodrine were discontinued and the regimen of Lasix and spironolactone was started for diuresis .
His creatinine levels trended toward normal and the fractional excretion of sodium also increased indicating a resolution of the prerenal kidney failure .
On postoperative day number 17 , the patient was discharged .
At the time he took good po .
He has a PICC line in place for continued treatment with Rocephin and he will have a visiting nurse to help him to administer these medications .
While in the hospital , the patient received initial work-up including echocardiogram , electrocardiogram and serology studies to be listed for liver transplant .
]]></TEXT>
<TAGS>
<EVENT id="E0" start="1" end="10" text="Admission" modality="FACTUAL" polarity="POS" type="OCCURRENCE" />
<EVENT id="E9" start="1008" end="1063" text="a replacement of transhepatic biliary drainage catheter" modality="FACTUAL" polarity="POS" type="TREATMENT" />
<EVENT id="E10" start="1081" end="1094" text="cholangiogram" modality="FACTUAL" polarity="POS" type="TEST" />
<EVENT id="E11" start="1120" end="1162" text="a distal stricture of the common bile duct" modality="FACTUAL" polarity="POS" type="PROBLEM" />
<EVENT id="E12" start="1165" end="1214" text="An endoscopic retrograde cholangiopancreatography" modality="FACTUAL" polarity="POS" type="TEST" />
<EVENT id="E81" start="1220" end="1232" text="demonstrated" modality="FACTUAL" polarity="POS" type="EVIDENTIAL" />
<EVENT id="E89" start="1233" end="1249" text="similar findings" modality="FACTUAL" polarity="POS" type="PROBLEM" />
<EVENT id="E13" start="1276" end="1310" text="nodularity in the common bile duct" modality="FACTUAL" polarity="POS" type="PROBLEM" />
<EVENT id="E14" start="1334" end="1352" text="cholangiocarcinoma" modality="POSSIBLE" polarity="POS" type="PROBLEM" />
<EVENT id="E72" start="1392" end="1410" text="the Operating Room" modality="FACTUAL" polarity="POS" type="CLINICAL_DEPT" />
<EVENT id="E90" start="1429" end="1448" text="a Whipple procedure" modality="POSSIBLE" polarity="POS" type="TREATMENT" />
<EVENT id="E91" start="1456" end="1475" text="hepaticojejunostomy" modality="POSSIBLE" polarity="POS" type="TREATMENT" />
<EVENT id="E15" start="1481" end="1507" text="exploration of the abdomen" modality="FACTUAL" polarity="POS" type="TEST" />
<EVENT id="E73" start="1508" end="1516" text="revealed" modality="FACTUAL" polarity="POS" type="EVIDENTIAL" />
<EVENT id="E16" start="1517" end="1552" text="significant nodularity of the liver" modality="FACTUAL" polarity="POS" type="PROBLEM" />
<EVENT id="E128" start="1567" end="1585" text="advanced cirrhosis" modality="FACTUAL" polarity="POS" type="PROBLEM" />
<EVENT id="E92" start="1621" end="1661" text="the distal and proximal common bile duct" modality="FACTUAL" polarity="POS" type="TEST" />
<EVENT id="E18" start="1723" end="1769" text="endoscopic retrograde cholangiopancreatography" modality="FACTUAL" polarity="POS" type="TEST" />
<EVENT id="E93" start="1776" end="1796" text="regional lymph nodes" modality="FACTUAL" polarity="POS" type="TEST" />
<EVENT id="E94" start="1814" end="1823" text="pathology" modality="FACTUAL" polarity="POS" type="CLINICAL_DEPT" />
<EVENT id="E19" start="1853" end="1863" text="malignancy" modality="FACTUAL" polarity="NEG" type="PROBLEM" />
<EVENT id="E20" start="1878" end="1899" text="a hepaticojejunostomy" modality="FACTUAL" polarity="POS" type="TREATMENT" />
<EVENT id="E21" start="1916" end="1929" text="Cholangiogram" modality="FACTUAL" polarity="POS" type="TEST" />
<EVENT id="E82" start="1962" end="1968" text="showed" modality="FACTUAL" polarity="POS" type="EVIDENTIAL" />
<EVENT id="E95" start="1984" end="2015" text="leakage at the anastomosis site" modality="FACTUAL" polarity="NEG" type="PROBLEM" />
<EVENT id="E1" start="200" end="230" text="primary sclerosing cholangitis" modality="FACTUAL" polarity="POS" type="PROBLEM" />
<EVENT id="E22" start="2040" end="2053" text="the procedure" modality="FACTUAL" polarity="POS" type="TREATMENT" />
<EVENT id="E74" start="2078" end="2087" text="the floor" modality="FACTUAL" polarity="POS" type="CLINICAL_DEPT" />
<EVENT id="E75" start="2091" end="2107" text="stable condition" modality="FACTUAL" polarity="POS" type="OCCURRENCE" />
<EVENT id="E96" start="2125" end="2145" text="postoperative course" modality="FACTUAL" polarity="POS" type="OCCURRENCE" />
<EVENT id="E97" start="2178" end="2200" text="white blood cell count" modality="FACTUAL" polarity="POS" type="TEST" />
<EVENT id="E23" start="2264" end="2270" text="Unasyn" modality="FACTUAL" polarity="POS" type="TREATMENT" />
<EVENT id="E24" start="2275" end="2303" text="empiric antibiotic treatment" modality="FACTUAL" polarity="POS" type="TREATMENT" />
<EVENT id="E98" start="2320" end="2325" text="blood" modality="FACTUAL" polarity="POS" type="TEST" />
<EVENT id="E99" start="2328" end="2333" text="urine" modality="FACTUAL" polarity="POS" type="TEST" />
<EVENT id="E100" start="2338" end="2342" text="bile" modality="FACTUAL" polarity="POS" type="TEST" />
<EVENT id="E67" start="235" end="244" text="presented" modality="FACTUAL" polarity="POS" type="OCCURRENCE" />
<EVENT id="E101" start="2356" end="2363" text="culture" modality="FACTUAL" polarity="NEG" type="TEST" />
<EVENT id="E102" start="2377" end="2389" text="all negative" modality="FACTUAL" polarity="POS" type="EVIDENTIAL" />
<EVENT id="E25" start="2392" end="2405" text="A chest x-ray" modality="FACTUAL" polarity="POS" type="TEST" />
<EVENT id="E26" start="2428" end="2441" text="any pneumonia" modality="FACTUAL" polarity="NEG" type="PROBLEM" />
<EVENT id="E27" start="2493" end="2509" text="low urine output" modality="FACTUAL" polarity="POS" type="PROBLEM" />
<EVENT id="E85" start="252" end="267" text="chief complaint" modality="FACTUAL" polarity="POS" type="EVIDENTIAL" />
<EVENT id="E28" start="2548" end="2578" text="Fractional excretion of sodium" modality="FACTUAL" polarity="POS" type="TEST" />
<EVENT id="E103" start="2607" end="2626" text="a prerenal etiology" modality="POSSIBLE" polarity="POS" type="PROBLEM" />
<EVENT id="E29" start="2629" end="2650" text="The sodium creatinine" modality="FACTUAL" polarity="POS" type="TEST" />
<EVENT id="E30" start="2698" end="2726" text="boluses of intravenous fluid" modality="FACTUAL" polarity="POS" type="TREATMENT" />
<EVENT id="E86" start="271" end="317" text="endoscopic retrograde cholangiopancreatography" modality="FACTUAL" polarity="POS" type="TEST" />
<EVENT id="E31" start="2731" end="2759" text="intravenous albumin infusion" modality="FACTUAL" polarity="POS" type="TREATMENT" />
<EVENT id="E83" start="2787" end="2801" text="responded well" modality="FACTUAL" polarity="POS" type="OCCURRENCE" />
<EVENT id="E32" start="2805" end="2817" text="this regimen" modality="FACTUAL" polarity="POS" type="TREATMENT" />
<EVENT id="E104" start="2827" end="2848" text="adequate urine output" modality="FACTUAL" polarity="POS" type="OCCURRENCE" />
<EVENT id="E33" start="2897" end="2923" text="distentions of the abdomen" modality="FACTUAL" polarity="POS" type="PROBLEM" />
<EVENT id="E84" start="29" end="38" text="Discharge" modality="FACTUAL" polarity="POS" type="OCCURRENCE" />
<EVENT id="E34" start="2940" end="2969" text="accumulation of ascitic fluid" modality="FACTUAL" polarity="POS" type="PROBLEM" />
<EVENT id="E35" start="2984" end="3029" text="significant lower extremity and scrotum edema" modality="FACTUAL" polarity="POS" type="PROBLEM" />
<EVENT id="E36" start="3068" end="3100" text="the patient 's oxygen saturation" modality="FACTUAL" polarity="POS" type="TEST" />
<EVENT id="E76" start="3139" end="3150" text="transferred" modality="FACTUAL" polarity="POS" type="OCCURRENCE" />
<EVENT id="E77" start="3154" end="3186" text="the Surgical Intensive Care Unit" modality="FACTUAL" polarity="POS" type="CLINICAL_DEPT" />
<EVENT id="E37" start="3191" end="3207" text="fluid management" modality="FACTUAL" polarity="POS" type="TREATMENT" />
<EVENT id="E38" start="3210" end="3221" text="Chest x-ray" modality="FACTUAL" polarity="POS" type="TEST" />
<EVENT id="E39" start="3226" end="3240" text="sputum culture" modality="FACTUAL" polarity="POS" type="TEST" />
<EVENT id="E40" start="3309" end="3327" text="100% nonrebreather" modality="FACTUAL" polarity="POS" type="TREATMENT" />
<EVENT id="E41" start="3343" end="3358" text="his oxygenation" modality="FACTUAL" polarity="POS" type="TEST" />
<EVENT id="E78" start="3376" end="3408" text="the Surgical Intensive Care Unit" modality="FACTUAL" polarity="POS" type="CLINICAL_DEPT" />
<EVENT id="E42" start="3411" end="3423" text="paracentesis" modality="FACTUAL" polarity="POS" type="TEST" />
<EVENT id="E79" start="3445" end="3453" text="revealed" modality="FACTUAL" polarity="POS" type="EVIDENTIAL" />
<EVENT id="E43" start="3474" end="3496" text="white blood cell count" modality="FACTUAL" polarity="POS" type="TEST" />
<EVENT id="E44" start="3500" end="3511" text="the ascites" modality="FACTUAL" polarity="POS" type="PROBLEM" />
<EVENT id="E45" start="3537" end="3540" text="SVT" modality="FACTUAL" polarity="POS" type="PROBLEM" />
<EVENT id="E46" start="3556" end="3561" text="Zosyn" modality="FACTUAL" polarity="POS" type="TREATMENT" />
<EVENT id="E47" start="3566" end="3583" text="empiric treatment" modality="FACTUAL" polarity="POS" type="TREATMENT" />
<EVENT id="E48" start="3586" end="3596" text="Gram stain" modality="FACTUAL" polarity="POS" type="TEST" />
<EVENT id="E49" start="3601" end="3608" text="culture" modality="FACTUAL" polarity="POS" type="TEST" />
<EVENT id="E50" start="3612" end="3623" text="the ascites" modality="FACTUAL" polarity="POS" type="PROBLEM" />
<EVENT id="E51" start="3643" end="3655" text="any organism" modality="FACTUAL" polarity="NEG" type="PROBLEM" />
<EVENT id="E105" start="3665" end="3671" text="weaned" modality="FACTUAL" polarity="POS" type="OCCURRENCE" />
<EVENT id="E52" start="3677" end="3695" text="oxygen requirement" modality="FACTUAL" polarity="POS" type="PROBLEM" />
<EVENT id="E87" start="369" end="408" text="percutaneous transhepatic cholangiogram" modality="FACTUAL" polarity="POS" type="TEST" />
<EVENT id="E53" start="3717" end="3738" text="normal saline boluses" modality="FACTUAL" polarity="POS" type="TREATMENT" />
<EVENT id="E54" start="3743" end="3762" text="intravenous albumin" modality="FACTUAL" polarity="POS" type="TREATMENT" />
<EVENT id="E55" start="3780" end="3797" text="prerenal azotemia" modality="FACTUAL" polarity="POS" type="PROBLEM" />
<EVENT id="E106" start="3800" end="3812" text="Somatostatin" modality="FACTUAL" polarity="POS" type="TREATMENT" />
<EVENT id="E107" start="3817" end="3826" text="midodrine" modality="FACTUAL" polarity="POS" type="TREATMENT" />
<EVENT id="E108" start="3847" end="3861" text="this condition" modality="FACTUAL" polarity="POS" type="PROBLEM" />
<EVENT id="E109" start="3883" end="3905" text="packed red blood cells" modality="FACTUAL" polarity="POS" type="TREATMENT" />
<EVENT id="E80" start="3966" end="3975" text="the floor" modality="FACTUAL" polarity="POS" type="CLINICAL_DEPT" />
<EVENT id="E110" start="3981" end="4004" text="improved renal function" modality="FACTUAL" polarity="POS" type="OCCURRENCE" />
<EVENT id="E111" start="4017" end="4035" text="oxygen requirement" modality="FACTUAL" polarity="NEG" type="PROBLEM" />
<EVENT id="E112" start="4038" end="4054" text="The somatostatin" modality="FACTUAL" polarity="POS" type="TREATMENT" />
<EVENT id="E113" start="4059" end="4072" text="the midodrine" modality="FACTUAL" polarity="POS" type="TREATMENT" />
<EVENT id="E114" start="4078" end="4090" text="discontinued" modality="FACTUAL" polarity="POS" type="OCCURRENCE" />
<EVENT id="E2" start="411" end="473" text="The most recent percutaneous transluminal coronary angioplasty" modality="FACTUAL" polarity="POS" type="TREATMENT" />
<EVENT id="E56" start="4110" end="4115" text="Lasix" modality="FACTUAL" polarity="POS" type="TREATMENT" />
<EVENT id="E57" start="4120" end="4134" text="spironolactone" modality="FACTUAL" polarity="POS" type="TREATMENT" />
<EVENT id="E115" start="4139" end="4146" text="started" modality="FACTUAL" polarity="POS" type="OCCURRENCE" />
<EVENT id="E116" start="4151" end="4159" text="diuresis" modality="FACTUAL" polarity="POS" type="TREATMENT" />
<EVENT id="E58" start="4162" end="4183" text="His creatinine levels" modality="FACTUAL" polarity="POS" type="TEST" />
<EVENT id="E117" start="4184" end="4205" text="trended toward normal" modality="FACTUAL" polarity="POS" type="OCCURRENCE" />
<EVENT id="E59" start="4210" end="4244" text="the fractional excretion of sodium" modality="FACTUAL" polarity="POS" type="TEST" />
<EVENT id="E118" start="4250" end="4270" text="increased indicating" modality="FACTUAL" polarity="POS" type="EVIDENTIAL" />
<EVENT id="E119" start="4287" end="4314" text="the prerenal kidney failure" modality="FACTUAL" polarity="POS" type="PROBLEM" />
<EVENT id="E120" start="4366" end="4376" text="discharged" modality="FACTUAL" polarity="POS" type="OCCURRENCE" />
<EVENT id="E121" start="4399" end="4406" text="good po" modality="FACTUAL" polarity="POS" type="OCCURRENCE" />
<EVENT id="E60" start="4416" end="4427" text="a PICC line" modality="FACTUAL" polarity="POS" type="TREATMENT" />
<EVENT id="E61" start="4466" end="4474" text="Rocephin" modality="FACTUAL" polarity="POS" type="TREATMENT" />
<EVENT id="E122" start="4512" end="4534" text="help him to administer" modality="FACTUAL" polarity="POS" type="TREATMENT" />
<EVENT id="E62" start="4535" end="4552" text="these medications" modality="FACTUAL" polarity="POS" type="TREATMENT" />
<EVENT id="E123" start="4564" end="4576" text="the hospital" modality="FACTUAL" polarity="POS" type="CLINICAL_DEPT" />
<EVENT id="E63" start="4600" end="4615" text="initial work-up" modality="FACTUAL" polarity="POS" type="TEST" />
<EVENT id="E64" start="4626" end="4640" text="echocardiogram" modality="FACTUAL" polarity="POS" type="TEST" />
<EVENT id="E65" start="4643" end="4660" text="electrocardiogram" modality="FACTUAL" polarity="POS" type="TEST" />
<EVENT id="E66" start="4665" end="4681" text="serology studies" modality="FACTUAL" polarity="POS" type="TEST" />
<EVENT id="E124" start="4699" end="4715" text="liver transplant" modality="CONDITIONAL" polarity="POS" type="TREATMENT" />
<EVENT id="E3" start="511" end="534" text="an 8 Caucasian catheter" modality="FACTUAL" polarity="POS" type="TREATMENT" />
<EVENT id="E4" start="580" end="597" text="external drainage" modality="FACTUAL" polarity="POS" type="TREATMENT" />
<EVENT id="E5" start="600" end="650" text="The endoscopic retrograde cholangiopancreatography" modality="FACTUAL" polarity="POS" type="TEST" />
<EVENT id="E68" start="656" end="662" text="showed" modality="FACTUAL" polarity="POS" type="EVIDENTIAL" />
<EVENT id="E125" start="676" end="701" text="proximal common bile duct" modality="FACTUAL" polarity="POS" type="PROBLEM" />
<EVENT id="E6" start="704" end="740" text="Nodularities in the common bile duct" modality="FACTUAL" polarity="POS" type="PROBLEM" />
<EVENT id="E7" start="755" end="801" text="endoscopic retrograde cholangiopancreatography" modality="FACTUAL" polarity="POS" type="TEST" />
<EVENT id="E88" start="825" end="843" text="cholangiocarcinoma" modality="POSSIBLE" polarity="POS" type="PROBLEM" />
<EVENT id="E69" start="864" end="872" text="admitted" modality="FACTUAL" polarity="POS" type="OCCURRENCE" />
<EVENT id="E70" start="876" end="908" text="the Blue General Surgery Service" modality="FACTUAL" polarity="POS" type="CLINICAL_DEPT" />
<EVENT id="E8" start="922" end="944" text="surgical interventions" modality="POSSIBLE" polarity="POS" type="TREATMENT" />
<EVENT id="E71" start="981" end="989" text="admitted" modality="FACTUAL" polarity="POS" type="OCCURRENCE" />
<TIMEX3 id="T10" start="1069" end="1078" text="that time" type="DATE" val="2009-08-17" mod="NA" />
<TIMEX3 id="T5" start="1414" end="1424" text="2009-08-24" type="DATE" val="2009-08-24" mod="NA" />
<TIMEX3 id="T1" start="18" end="28" text="2009-08-17" type="DATE" val="2009-08-17" mod="NA" />
<TIMEX3 id="T6" start="1933" end="1961" text="postoperative day number two" type="DATE" val="2009-08-26" mod="NA" />
<TIMEX3 id="T7" start="2220" end="2248" text="postoperative day number two" type="DATE" val="2009-08-26" mod="NA" />
<TIMEX3 id="T11" start="2309" end="2317" text="the time" type="DATE" val="2009-08-26" mod="NA" />
<TIMEX3 id="T12" start="2854" end="2867" text="the same time" type="DATE" val="2009-08-26" mod="NA" />
<TIMEX3 id="T8" start="3035" end="3065" text="postoperative day number eight" type="DATE" val="2009-09-01" mod="NA" />
<TIMEX3 id="T13" start="3253" end="3261" text="the time" type="DATE" val="2009-09-01" mod="NA" />
<TIMEX3 id="T9" start="3911" end="3939" text="postoperative day number ten" type="DATE" val="2009-09-03" mod="NA" />
<TIMEX3 id="T14" start="4320" end="4347" text="postoperative day number 17" type="DATE" val="2009-09-10" mod="NA" />
<TIMEX3 id="T15" start="4382" end="4390" text="the time" type="DATE" val="2009-09-10" mod="NA" />
<TIMEX3 id="T2" start="46" end="56" text="2009-09-10" type="DATE" val="2009-09-10" mod="NA" />
<TIMEX3 id="T3" start="486" end="496" text="2009-07-25" type="DATE" val="2009-07-25" mod="NA" />
<TIMEX3 id="T0" start="502" end="510" text="the time" type="DATE" val="2009-07-25" mod="NA" />
<TIMEX3 id="T4" start="993" end="1003" text="2009-08-17" type="DATE" val="2009-08-17" mod="NA" />
<SECTIME id="S0" start="18" end="28" text="2009-08-17" type="ADMISSION" dvalue="2009-08-17" />
<SECTIME id="S1" start="46" end="56" text="2009-09-10" type="DISCHARGE" dvalue="2009-09-10" />
<TLINK id="TL38" fromID="E74" fromText="the floor" toID="T2" toText="2009-09-10" type="BEFORE" />
<TLINK id="TL218" fromID="E21" fromText="Cholangiogram" toID="T6" toText="postoperative day number two" type="OVERLAP" />
<TLINK id="TL298" fromID="E122" fromText="help him to administer" toID="T2" toText="2009-09-10" type="BEFORE" />
<TLINK id="TL571" fromID="E125" fromText="proximal common bile duct" toID="T1" toText="2009-08-17" type="BEFORE" />
<TLINK id="TL669" fromID="T4" fromText="2009-08-17" toID="E9" toText="a replacement of transhepatic biliary drainage catheter" type="BEFORE" />
<TLINK id="TL740" fromID="E96" fromText="postoperative course" toID="T7" toText="postoperative day number two" type="OVERLAP" />
<TLINK id="TL791" fromID="E38" fromText="Chest x-ray" toID="T2" toText="2009-09-10" type="BEFORE" />
<TLINK id="TL938" fromID="E55" fromText="prerenal azotemia" toID="T2" toText="2009-09-10" type="BEFORE" />
<TLINK id="TL1011" fromID="E36" fromText="the patient 's oxygen saturation" toID="T2" toText="2009-09-10" type="BEFORE" />
<TLINK id="TL1122" fromID="E101" fromText="culture" toID="E102" toText="all negative" type="OVERLAP" />
<TLINK id="TL1143" fromID="E15" fromText="exploration of the abdomen" toID="E16" toText="significant nodularity of the liver" type="AFTER" />
<TLINK id="TL1295" fromID="E56" fromText="Lasix" toID="E57" toText="spironolactone" type="OVERLAP" />
<TLINK id="TL1354" fromID="E128" fromText="advanced cirrhosis" toID="T2" toText="2009-09-10" type="BEFORE" />
<TLINK id="TL1475" fromID="E97" fromText="white blood cell count" toID="T2" toText="2009-09-10" type="BEFORE" />
<TLINK id="TL1678" fromID="E62" fromText="these medications" toID="T2" toText="2009-09-10" type="BEFORE" />
<TLINK id="TL1694" fromID="E22" fromText="the procedure" toID="T2" toText="2009-09-10" type="BEFORE" />
<TLINK id="TL1731" fromID="E45" fromText="SVT" toID="T2" toText="2009-09-10" type="BEFORE" />
<TLINK id="TL2141" fromID="E72" fromText="the Operating Room" toID="T2" toText="2009-09-10" type="BEFORE" />
<TLINK id="TL2216" fromID="E63" fromText="initial work-up" toID="T2" toText="2009-09-10" type="BEFORE" />
<TLINK id="TL2262" fromID="E27" fromText="low urine output" toID="T2" toText="2009-09-10" type="BEFORE" />
<TLINK id="TL2420" fromID="E96" fromText="postoperative course" toID="T2" toText="2009-09-10" type="BEFORE" />
<TLINK id="TL2459" fromID="E88" fromText="cholangiocarcinoma" toID="T1" toText="2009-08-17" type="BEFORE" />
<TLINK id="TL2466" fromID="E70" fromText="the Blue General Surgery Service" toID="T1" toText="2009-08-17" type="BEFORE" />
<TLINK id="TL2518" fromID="E18" fromText="endoscopic retrograde cholangiopancreatography" toID="T2" toText="2009-09-10" type="BEFORE" />
<TLINK id="TL2547" fromID="E123" fromText="the hospital" toID="E63" toText="initial work-up" type="OVERLAP" />
<TLINK id="TL2565" fromID="E25" fromText="A chest x-ray" toID="T2" toText="2009-09-10" type="BEFORE" />
<TLINK id="TL2829" fromID="E39" fromText="sputum culture" toID="T13" toText="the time" type="OVERLAP" />
<TLINK id="TL2990" fromID="E98" fromText="blood" toID="E100" toText="bile" type="OVERLAP" />
<TLINK id="TL2991" fromID="E57" fromText="spironolactone" toID="E115" toText="started" type="BEFORE" />
<TLINK id="TL3100" fromID="E113" fromText="the midodrine" toID="T2" toText="2009-09-10" type="BEFORE" />
<TLINK id="TL3149" fromID="E22" fromText="the procedure" toID="E74" toText="the floor" type="BEFORE" />
<TLINK id="TL3290" fromID="E97" fromText="white blood cell count" toID="T7" toText="postoperative day number two" type="OVERLAP" />
<TLINK id="TL3370" fromID="E69" fromText="admitted" toID="E70" toText="the Blue General Surgery Service" type="BEFORE" />
<TLINK id="TL3438" fromID="E66" fromText="serology studies" toID="T2" toText="2009-09-10" type="BEFORE" />
<TLINK id="TL3453" fromID="E61" fromText="Rocephin" toID="E122" toText="help him to administer" type="OVERLAP" />
<TLINK id="TL3649" fromID="E47" fromText="empiric treatment" toID="T2" toText="2009-09-10" type="BEFORE" />
<TLINK id="TL3715" fromID="E102" fromText="all negative" toID="T2" toText="2009-09-10" type="BEFORE" />
<TLINK id="TL3758" fromID="E60" fromText="a PICC line" toID="E61" toText="Rocephin" type="OVERLAP" />
<TLINK id="TL3844" fromID="E4" fromText="external drainage" toID="T1" toText="2009-08-17" type="BEFORE" />
<TLINK id="TL3889" fromID="E103" fromText="a prerenal etiology" toID="T2" toText="2009-09-10" type="BEFORE" />
<TLINK id="TL4002" fromID="E69" fromText="admitted" toID="T1" toText="2009-08-17" type="BEFORE" />
<TLINK id="TL4005" fromID="E7" fromText="endoscopic retrograde cholangiopancreatography" toID="E88" toText="cholangiocarcinoma" type="OVERLAP" />
<TLINK id="TL4230" fromID="E69" fromText="admitted" toID="E8" toText="surgical interventions" type="BEFORE" />
<TLINK id="TL4286" fromID="E108" fromText="this condition" toID="E109" toText="packed red blood cells" type="OVERLAP" />
<TLINK id="TL4351" fromID="E116" fromText="diuresis" toID="T2" toText="2009-09-10" type="BEFORE" />
<TLINK id="TL4395" fromID="E114" fromText="discontinued" toID="T2" toText="2009-09-10" type="BEFORE" />
<TLINK id="TL4396" fromID="E89" fromText="similar findings" toID="T2" toText="2009-09-10" type="BEFORE" />
<TLINK id="TL4408" fromID="E64" fromText="echocardiogram" toID="E66" toText="serology studies" type="OVERLAP" />
<TLINK id="TL4423" fromID="E53" fromText="normal saline boluses" toID="T2" toText="2009-09-10" type="BEFORE" />
<TLINK id="TL4506" fromID="E67" fromText="presented" toID="E85" toText="chief complaint" type="OVERLAP" />
<TLINK id="TL4688" fromID="E33" fromText="distentions of the abdomen" toID="T2" toText="2009-09-10" type="BEFORE" />
<TLINK id="TL4695" fromID="E50" fromText="the ascites" toID="T2" toText="2009-09-10" type="BEFORE" />
<TLINK id="TL4787" fromID="E13" fromText="nodularity in the common bile duct" toID="T2" toText="2009-09-10" type="BEFORE" />
<TLINK id="TL4818" fromID="E120" fromText="discharged" toID="T2" toText="2009-09-10" type="OVERLAP" />
<TLINK id="TL4892" fromID="E59" fromText="the fractional excretion of sodium" toID="E118" toText="increased indicating" type="OVERLAP" />
<TLINK id="TL5080" fromID="E77" fromText="the Surgical Intensive Care Unit" toID="E78" toText="the Surgical Intensive Care Unit" type="OVERLAP" />
<TLINK id="TL5126" fromID="E15" fromText="exploration of the abdomen" toID="T2" toText="2009-09-10" type="BEFORE" />
<TLINK id="TL5136" fromID="E25" fromText="A chest x-ray" toID="E26" toText="any pneumonia" type="OVERLAP" />
<TLINK id="TL5176" fromID="T5" fromText="2009-08-24" toID="E90" toText="a Whipple procedure" type="BEFORE" />
<TLINK id="TL5268" fromID="E83" fromText="responded well" toID="T2" toText="2009-09-10" type="BEFORE" />
<TLINK id="TL5448" fromID="E54" fromText="intravenous albumin" toID="E55" toText="prerenal azotemia" type="AFTER" />
<TLINK id="TL5472" fromID="E49" fromText="culture" toID="E50" toText="the ascites" type="AFTER" />
<TLINK id="TL5732" fromID="E71" fromText="admitted" toID="E9" toText="a replacement of transhepatic biliary drainage catheter" type="AFTER" />
<TLINK id="TL5970" fromID="T11" fromText="the time" toID="E98" toText="blood" type="OVERLAP" />
<TLINK id="TL6077" fromID="E109" fromText="packed red blood cells" toID="T2" toText="2009-09-10" type="BEFORE" />
<TLINK id="TL6091" fromID="E58" fromText="His creatinine levels" toID="T2" toText="2009-09-10" type="BEFORE" />
<TLINK id="TL6155" fromID="E118" fromText="increased indicating" toID="T2" toText="2009-09-10" type="BEFORE" />
<TLINK id="TL6199" fromID="E76" fromText="transferred" toID="E77" toText="the Surgical Intensive Care Unit" type="BEFORE" />
<TLINK id="TL6279" fromID="E26" fromText="any pneumonia" toID="T2" toText="2009-09-10" type="BEFORE" />
<TLINK id="TL6361" fromID="E44" fromText="the ascites" toID="E45" toText="SVT" type="OVERLAP" />
<TLINK id="TL6731" fromID="E6" fromText="Nodularities in the common bile duct" toID="E7" toText="endoscopic retrograde cholangiopancreatography" type="OVERLAP" />
<TLINK id="TL6757" fromID="E91" fromText="hepaticojejunostomy" toID="T2" toText="2009-09-10" type="BEFORE" />
<TLINK id="TL6802" fromID="E81" fromText="demonstrated" toID="E89" toText="similar findings" type="AFTER" />
<TLINK id="TL6831" fromID="E111" fromText="oxygen requirement" toID="T2" toText="2009-09-10" type="BEFORE" />
<TLINK id="TL6926" fromID="E59" fromText="the fractional excretion of sodium" toID="T2" toText="2009-09-10" type="BEFORE" />
<TLINK id="TL7011" fromID="E110" fromText="improved renal function" toID="T2" toText="2009-09-10" type="BEFORE" />
<TLINK id="TL7048" fromID="E117" fromText="trended toward normal" toID="T2" toText="2009-09-10" type="BEFORE" />
<TLINK id="TL7109" fromID="E66" fromText="serology studies" toID="E124" toText="liver transplant" type="OVERLAP" />
<TLINK id="TL7116" fromID="E78" fromText="the Surgical Intensive Care Unit" toID="T2" toText="2009-09-10" type="BEFORE" />
<TLINK id="TL7199" fromID="E105" fromText="weaned" toID="E52" toText="oxygen requirement" type="AFTER" />
<TLINK id="TL7214" fromID="E6" fromText="Nodularities in the common bile duct" toID="T1" toText="2009-08-17" type="BEFORE" />
<TLINK id="TL7251" fromID="E68" fromText="showed" toID="T1" toText="2009-08-17" type="BEFORE" />
<TLINK id="TL7716" fromID="T12" fromText="the same time" toID="E33" toText="distentions of the abdomen" type="OVERLAP" />
<TLINK id="TL7936" fromID="E98" fromText="blood" toID="E99" toText="urine" type="OVERLAP" />
<TLINK id="TL7986" fromID="E8" fromText="surgical interventions" toID="T1" toText="2009-08-17" type="BEFORE" />
<TLINK id="TL8000" fromID="E93" fromText="regional lymph nodes" toID="T2" toText="2009-09-10" type="BEFORE" />
<TLINK id="TL8068" fromID="E43" fromText="white blood cell count" toID="T2" toText="2009-09-10" type="BEFORE" />
<TLINK id="TL8084" fromID="E122" fromText="help him to administer" toID="E62" toText="these medications" type="OVERLAP" />
<TLINK id="TL8397" fromID="E81" fromText="demonstrated" toID="T2" toText="2009-09-10" type="BEFORE" />
<TLINK id="TL8547" fromID="E56" fromText="Lasix" toID="T2" toText="2009-09-10" type="BEFORE" />
<TLINK id="TL8604" fromID="E85" fromText="chief complaint" toID="T1" toText="2009-08-17" type="BEFORE" />
<TLINK id="TL8871" fromID="E74" fromText="the floor" toID="E75" toText="stable condition" type="OVERLAP" />
<TLINK id="TL8872" fromID="E49" fromText="culture" toID="T2" toText="2009-09-10" type="BEFORE" />
<TLINK id="TL8886" fromID="E7" fromText="endoscopic retrograde cholangiopancreatography" toID="T1" toText="2009-08-17" type="BEFORE" />
<TLINK id="TL8900" fromID="E30" fromText="boluses of intravenous fluid" toID="E31" toText="intravenous albumin infusion" type="OVERLAP" />
<TLINK id="TL8945" fromID="E57" fromText="spironolactone" toID="T2" toText="2009-09-10" type="BEFORE" />
<TLINK id="TL9448" fromID="E85" fromText="chief complaint" toID="E86" toText="endoscopic retrograde cholangiopancreatography" type="AFTER" />
<TLINK id="TL9518" fromID="E90" fromText="a Whipple procedure" toID="T2" toText="2009-09-10" type="BEFORE" />
<TLINK id="TL9591" fromID="E44" fromText="the ascites" toID="T2" toText="2009-09-10" type="BEFORE" />
<TLINK id="TL9666" fromID="E99" fromText="urine" toID="T2" toText="2009-09-10" type="BEFORE" />
<TLINK id="TL9758" fromID="E98" fromText="blood" toID="T2" toText="2009-09-10" type="BEFORE" />
<TLINK id="TL9837" fromID="E46" fromText="Zosyn" toID="E47" toText="empiric treatment" type="OVERLAP" />
<TLINK id="TL9847" fromID="E73" fromText="revealed" toID="E16" toText="significant nodularity of the liver" type="AFTER" />
<TLINK id="TL9873" fromID="E84" fromText="Discharge" toID="T2" toText="2009-09-10" type="OVERLAP" />
<TLINK id="TL9977" fromID="E58" fromText="His creatinine levels" toID="E117" toText="trended toward normal" type="OVERLAP" />
<TLINK id="TL10138" fromID="E90" fromText="a Whipple procedure" toID="E91" toText="hepaticojejunostomy" type="OVERLAP" />
<TLINK id="TL10216" fromID="E107" fromText="midodrine" toID="E108" toText="this condition" type="AFTER" />
<TLINK id="TL10278" fromID="E76" fromText="transferred" toID="E37" toText="fluid management" type="BEFORE" />
<TLINK id="TL10464" fromID="E15" fromText="exploration of the abdomen" toID="E92" toText="the distal and proximal common bile duct" type="OVERLAP" />
<TLINK id="TL10680" fromID="E12" fromText="An endoscopic retrograde cholangiopancreatography" toID="E81" toText="demonstrated" type="OVERLAP" />
<TLINK id="TL10794" fromID="E64" fromText="echocardiogram" toID="T2" toText="2009-09-10" type="BEFORE" />
<TLINK id="TL10978" fromID="E2" fromText="The most recent percutaneous transluminal coronary angioplasty" toID="T3" toText="2009-07-25" type="OVERLAP" />
<TLINK id="TL11076" fromID="E123" fromText="the hospital" toID="E64" toText="echocardiogram" type="OVERLAP" />
<TLINK id="TL11222" fromID="E24" fromText="empiric antibiotic treatment" toID="T2" toText="2009-09-10" type="BEFORE" />
<TLINK id="TL11241" fromID="T0" fromText="the time" toID="E4" toText="external drainage" type="BEFORE" />
<TLINK id="TL11322" fromID="E83" fromText="responded well" toID="E32" toText="this regimen" type="OVERLAP" />
<TLINK id="TL11719" fromID="E113" fromText="the midodrine" toID="E114" toText="discontinued" type="BEFORE" />
<TLINK id="TL11733" fromID="E31" fromText="intravenous albumin infusion" toID="T2" toText="2009-09-10" type="BEFORE" />
<TLINK id="TL11956" fromID="E100" fromText="bile" toID="E102" toText="all negative" type="OVERLAP" />
<TLINK id="TL11981" fromID="E101" fromText="culture" toID="T2" toText="2009-09-10" type="BEFORE" />
<TLINK id="TL12179" fromID="E64" fromText="echocardiogram" toID="E65" toText="electrocardiogram" type="OVERLAP" />
<TLINK id="TL12310" fromID="T9" fromText="postoperative day number ten" toID="E110" toText="improved renal function" type="OVERLAP" />
<TLINK id="TL12478" fromID="T9" fromText="postoperative day number ten" toID="E80" toText="the floor" type="OVERLAP" />
<TLINK id="TL12598" fromID="E37" fromText="fluid management" toID="T2" toText="2009-09-10" type="BEFORE" />
<TLINK id="TL12647" fromID="E72" fromText="the Operating Room" toID="T5" toText="2009-08-24" type="OVERLAP" />
<TLINK id="TL12656" fromID="E80" fromText="the floor" toID="T2" toText="2009-09-10" type="BEFORE" />
<TLINK id="TL12716" fromID="E94" fromText="pathology" toID="T2" toText="2009-09-10" type="BEFORE" />
<TLINK id="TL12893" fromID="E92" fromText="the distal and proximal common bile duct" toID="T2" toText="2009-09-10" type="BEFORE" />
<TLINK id="TL12919" fromID="E29" fromText="The sodium creatinine" toID="E31" toText="intravenous albumin infusion" type="OVERLAP" />
<TLINK id="TL13143" fromID="E63" fromText="initial work-up" toID="E65" toText="electrocardiogram" type="OVERLAP" />
<TLINK id="TL13253" fromID="E73" fromText="revealed" toID="T2" toText="2009-09-10" type="BEFORE" />
<TLINK id="TL13271" fromID="E100" fromText="bile" toID="T2" toText="2009-09-10" type="BEFORE" />
<TLINK id="TL13291" fromID="E123" fromText="the hospital" toID="T2" toText="2009-09-10" type="BEFORE" />
<TLINK id="TL13345" fromID="E106" fromText="Somatostatin" toID="T2" toText="2009-09-10" type="BEFORE" />
<TLINK id="TL13361" fromID="E33" fromText="distentions of the abdomen" toID="E34" toText="accumulation of ascitic fluid" type="OVERLAP" />
<TLINK id="TL13591" fromID="E23" fromText="Unasyn" toID="T2" toText="2009-09-10" type="BEFORE" />
<TLINK id="TL13719" fromID="T8" fromText="postoperative day number eight" toID="E36" toText="the patient 's oxygen saturation" type="OVERLAP" />
<TLINK id="TL13743" fromID="E79" fromText="revealed" toID="E43" toText="white blood cell count" type="OVERLAP" />
<TLINK id="TL13770" fromID="E60" fromText="a PICC line" toID="T2" toText="2009-09-10" type="BEFORE" />
<TLINK id="TL13840" fromID="E16" fromText="significant nodularity of the liver" toID="T2" toText="2009-09-10" type="BEFORE" />
<TLINK id="TL13849" fromID="E108" fromText="this condition" toID="T2" toText="2009-09-10" type="BEFORE" />
<TLINK id="TL14100" fromID="E88" fromText="cholangiocarcinoma" toID="E69" toText="admitted" type="BEFORE" />
<TLINK id="TL14510" fromID="E65" fromText="electrocardiogram" toID="E66" toText="serology studies" type="OVERLAP" />
<TLINK id="TL14805" fromID="E63" fromText="initial work-up" toID="E64" toText="echocardiogram" type="OVERLAP" />
<TLINK id="TL14850" fromID="E43" fromText="white blood cell count" toID="E44" toText="the ascites" type="AFTER" />
<TLINK id="TL14949" fromID="E0" fromText="Admission" toID="T1" toText="2009-08-17" type="OVERLAP" />
<TLINK id="TL15007" fromID="E1" fromText="primary sclerosing cholangitis" toID="T1" toText="2009-08-17" type="BEFORE" />
<TLINK id="TL15061" fromID="E46" fromText="Zosyn" toID="T2" toText="2009-09-10" type="BEFORE" />
<TLINK id="TL15135" fromID="E15" fromText="exploration of the abdomen" toID="E73" toText="revealed" type="OVERLAP" />
<TLINK id="TL15175" fromID="E72" fromText="the Operating Room" toID="E90" toText="a Whipple procedure" type="OVERLAP" />
<TLINK id="TL15217" fromID="E82" fromText="showed" toID="T2" toText="2009-09-10" type="BEFORE" />
<TLINK id="TL15412" fromID="E51" fromText="any organism" toID="T2" toText="2009-09-10" type="BEFORE" />
<TLINK id="TL15456" fromID="E105" fromText="weaned" toID="T2" toText="2009-09-10" type="BEFORE" />
<TLINK id="TL15740" fromID="E52" fromText="oxygen requirement" toID="T2" toText="2009-09-10" type="BEFORE" />
<TLINK id="TL15754" fromID="E76" fromText="transferred" toID="T2" toText="2009-09-10" type="BEFORE" />
<TLINK id="TL15950" fromID="E79" fromText="revealed" toID="T2" toText="2009-09-10" type="BEFORE" />
<TLINK id="TL16026" fromID="E12" fromText="An endoscopic retrograde cholangiopancreatography" toID="T2" toText="2009-09-10" type="BEFORE" />
<TLINK id="TL16149" fromID="E112" fromText="The somatostatin" toID="E113" toText="the midodrine" type="OVERLAP" />
<TLINK id="TL16240" fromID="E14" fromText="cholangiocarcinoma" toID="T2" toText="2009-09-10" type="BEFORE" />
<TLINK id="TL16255" fromID="E93" fromText="regional lymph nodes" toID="E94" toText="pathology" type="OVERLAP" />
<TLINK id="TL16258" fromID="E3" fromText="an 8 Caucasian catheter" toID="T1" toText="2009-08-17" type="BEFORE" />
<TLINK id="TL16273" fromID="E65" fromText="electrocardiogram" toID="T2" toText="2009-09-10" type="BEFORE" />
<TLINK id="TL16420" fromID="E78" fromText="the Surgical Intensive Care Unit" toID="E42" toText="paracentesis" type="OVERLAP" />
<TLINK id="TL16486" fromID="E42" fromText="paracentesis" toID="T2" toText="2009-09-10" type="BEFORE" />
<TLINK id="TL16496" fromID="T10" fromText="that time" toID="E10" toText="cholangiogram" type="OVERLAP" />
<TLINK id="TL16503" fromID="E5" fromText="The endoscopic retrograde cholangiopancreatography" toID="E68" toText="showed" type="OVERLAP" />
<TLINK id="TL16643" fromID="E21" fromText="Cholangiogram" toID="E82" toText="showed" type="OVERLAP" />
<TLINK id="TL17038" fromID="E106" fromText="Somatostatin" toID="E108" toText="this condition" type="AFTER" />
<TLINK id="TL17248" fromID="E115" fromText="started" toID="E116" toText="diuresis" type="BEFORE" />
<TLINK id="TL17426" fromID="E12" fromText="An endoscopic retrograde cholangiopancreatography" toID="E89" toText="similar findings" type="AFTER" />
<TLINK id="TL17575" fromID="E68" fromText="showed" toID="E125" toText="proximal common bile duct" type="AFTER" />
<TLINK id="TL17596" fromID="E29" fromText="The sodium creatinine" toID="T2" toText="2009-09-10" type="BEFORE" />
<TLINK id="TL17749" fromID="E5" fromText="The endoscopic retrograde cholangiopancreatography" toID="E125" toText="proximal common bile duct" type="AFTER" />
<TLINK id="TL17770" fromID="E35" fromText="significant lower extremity and scrotum edema" toID="T2" toText="2009-09-10" type="BEFORE" />
<TLINK id="TL17883" fromID="E39" fromText="sputum culture" toID="T2" toText="2009-09-10" type="BEFORE" />
<TLINK id="TL18013" fromID="T12" fromText="the same time" toID="E34" toText="accumulation of ascitic fluid" type="OVERLAP" />
<TLINK id="TL18032" fromID="E30" fromText="boluses of intravenous fluid" toID="T2" toText="2009-09-10" type="BEFORE" />
<TLINK id="TL18128" fromID="E112" fromText="The somatostatin" toID="T2" toText="2009-09-10" type="BEFORE" />
<TLINK id="TL18166" fromID="E80" fromText="the floor" toID="E110" toText="improved renal function" type="OVERLAP" />
<TLINK id="TL18239" fromID="E38" fromText="Chest x-ray" toID="E39" toText="sputum culture" type="OVERLAP" />
<TLINK id="TL18505" fromID="E13" fromText="nodularity in the common bile duct" toID="E14" toText="cholangiocarcinoma" type="OVERLAP" />
<TLINK id="TL18625" fromID="E75" fromText="stable condition" toID="T2" toText="2009-09-10" type="BEFORE" />
<TLINK id="TL18950" fromID="E77" fromText="the Surgical Intensive Care Unit" toID="T2" toText="2009-09-10" type="BEFORE" />
<TLINK id="TL18961" fromID="T6" fromText="postoperative day number two" toID="T7" toText="postoperative day number two" type="OVERLAP" />
<TLINK id="TL18988" fromID="E99" fromText="urine" toID="E100" toText="bile" type="OVERLAP" />
<TLINK id="TL19216" fromID="E107" fromText="midodrine" toID="T2" toText="2009-09-10" type="BEFORE" />
<TLINK id="TL19424" fromID="E106" fromText="Somatostatin" toID="E107" toText="midodrine" type="OVERLAP" />
<TLINK id="TL19509" fromID="T9" fromText="postoperative day number ten" toID="E111" toText="oxygen requirement" type="BEFORE" />
<TLINK id="TL19689" fromID="E11" fromText="a distal stricture of the common bile duct" toID="T2" toText="2009-09-10" type="BEFORE" />
<TLINK id="TL19711" fromID="E121" fromText="good po" toID="T2" toText="2009-09-10" type="BEFORE" />
<TLINK id="TL19833" fromID="E19" fromText="malignancy" toID="T2" toText="2009-09-10" type="BEFORE" />
<TLINK id="TL19873" fromID="E77" fromText="the Surgical Intensive Care Unit" toID="E37" toText="fluid management" type="OVERLAP" />
<TLINK id="TL19904" fromID="E48" fromText="Gram stain" toID="T2" toText="2009-09-10" type="BEFORE" />
<TLINK id="TL19967" fromID="E119" fromText="the prerenal kidney failure" toID="T2" toText="2009-09-10" type="BEFORE" />
<TLINK id="TL20058" fromID="E6" fromText="Nodularities in the common bile duct" toID="E88" toText="cholangiocarcinoma" type="OVERLAP" />
<TLINK id="TL20076" fromID="E10" fromText="cholangiogram" toID="T2" toText="2009-09-10" type="BEFORE" />
<TLINK id="TL20120" fromID="E124" fromText="liver transplant" toID="T2" toText="2009-09-10" type="AFTER" />
<TLINK id="TL20128" fromID="E71" fromText="admitted" toID="T2" toText="2009-09-10" type="BEFORE" />
<TLINK id="TL20235" fromID="E71" fromText="admitted" toID="T4" toText="2009-08-17" type="OVERLAP" />
<TLINK id="TL20404" fromID="E104" fromText="adequate urine output" toID="T2" toText="2009-09-10" type="BEFORE" />
<TLINK id="TL20467" fromID="E2" fromText="The most recent percutaneous transluminal coronary angioplasty" toID="T1" toText="2009-08-17" type="BEFORE" />
<TLINK id="TL20629" fromID="E20" fromText="a hepaticojejunostomy" toID="T2" toText="2009-09-10" type="BEFORE" />
<TLINK id="TL20725" fromID="E54" fromText="intravenous albumin" toID="T2" toText="2009-09-10" type="BEFORE" />
<TLINK id="TL20752" fromID="E29" fromText="The sodium creatinine" toID="E30" toText="boluses of intravenous fluid" type="OVERLAP" />
<TLINK id="TL20966" fromID="E41" fromText="his oxygenation" toID="T2" toText="2009-09-10" type="BEFORE" />
<TLINK id="TL21152" fromID="E28" fromText="Fractional excretion of sodium" toID="E103" toText="a prerenal etiology" type="OVERLAP" />
<TLINK id="TL21184" fromID="E23" fromText="Unasyn" toID="E24" toText="empiric antibiotic treatment" type="OVERLAP" />
<TLINK id="TL21229" fromID="E40" fromText="100% nonrebreather" toID="T2" toText="2009-09-10" type="BEFORE" />
<TLINK id="TL21315" fromID="E48" fromText="Gram stain" toID="E49" toText="culture" type="OVERLAP" />
<TLINK id="TL21507" fromID="E21" fromText="Cholangiogram" toID="T2" toText="2009-09-10" type="BEFORE" />
<TLINK id="TL21842" fromID="E115" fromText="started" toID="T2" toText="2009-09-10" type="BEFORE" />
<TLINK id="TL21856" fromID="E79" fromText="revealed" toID="E44" toText="the ascites" type="AFTER" />
<TLINK id="TL21904" fromID="E28" fromText="Fractional excretion of sodium" toID="T2" toText="2009-09-10" type="BEFORE" />
<TLINK id="TL22211" fromID="E87" fromText="percutaneous transhepatic cholangiogram" toID="T1" toText="2009-08-17" type="BEFORE" />
<TLINK id="TL22284" fromID="T0" fromText="the time" toID="E3" toText="an 8 Caucasian catheter" type="OVERLAP" />
<TLINK id="TL22296" fromID="E32" fromText="this regimen" toID="T2" toText="2009-09-10" type="BEFORE" />
<TLINK id="TL22345" fromID="E67" fromText="presented" toID="T1" toText="2009-08-17" type="BEFORE" />
<TLINK id="TL22494" fromID="E86" fromText="endoscopic retrograde cholangiopancreatography" toID="T1" toText="2009-08-17" type="BEFORE" />
<TLINK id="TL22544" fromID="T6" fromText="postoperative day number two" toID="E82" toText="showed" type="OVERLAP" />
<TLINK id="TL22618" fromID="E95" fromText="leakage at the anastomosis site" toID="T2" toText="2009-09-10" type="BEFORE" />
<TLINK id="TL22669" fromID="E100" fromText="bile" toID="E101" toText="culture" type="OVERLAP" />
<TLINK id="TL23620" fromID="E61" fromText="Rocephin" toID="T2" toText="2009-09-10" type="BEFORE" />
<TLINK id="TL24296" fromID="T11" fromText="the time" toID="E99" toText="urine" type="OVERLAP" />
<TLINK id="TL24313" fromID="E9" fromText="a replacement of transhepatic biliary drainage catheter" toID="T2" toText="2009-09-10" type="BEFORE" />
<TLINK id="TL24329" fromID="E5" fromText="The endoscopic retrograde cholangiopancreatography" toID="T1" toText="2009-08-17" type="BEFORE" />
<TLINK id="TL25078" fromID="E34" fromText="accumulation of ascitic fluid" toID="T2" toText="2009-09-10" type="BEFORE" />
</TAGS>
</ClinicalNarrativeTemporalAnnotation>
