<?xml version="1.0" encoding="UTF-8" ?>
<ClinicalNarrativeTemporalAnnotation>
<TEXT><![CDATA[
Admission Date :
2008-12-24
Discharge Date :
2009-02-06
Service :
Neonatology
HISTORY OF PRESENT ILLNESS :
Gerardo is the 1400 gm product of a 32 05-03 week twin gestation born to a 37 year old gravida 1 , para 0 mother .
SUMMARY OF HOSPITAL COURSE :
1. Respiratory - Gerardo was initially placed in nasal cannula oxygen to maintain oxygen saturation greater than 94 .
On day of life #1 , caffeine was started .
Gerardo weaned to room air on day of life #6 .
Caffeine was discontinued on day of life #19 .
Breath sounds , clear and equal , without retractions , respiratory rate 30 s to 60 s.
2. Cardiovascular - The patient has been cardiovascularly stable without murmur .
3. Fluids , electrolytes and nutrition - Birthweight was 1400 gm , 25th percentile .
The patient was initially started on D10 / W at 80 cc / kg / day .
She began enteral feeds on day of life #2 advancing to mother 's breastmilk 30 with ProMod at 150 cc / kg / day .
Baby received parenteral nutrition and lipids for four days .
No hypoglycemia issues noted .
Baby is presently tolerating mother 's breastmilk with Enfamil powder to make 24 cal / oz at 130 cc / kg / day .
The baby is breastfeeding well .
The plan is for alternating feeds .
4. Gastrointestinal , genitourinary - Peak bilirubin 8.5 , phototherapy times 24 hours .
Rebound bilirubin 6.4 .
5. Hematology - Most recent hematocrit was 42.8 on 50-05-25 .
The baby received no blood products .
6. Infectious disease - No sepsis risk factors .
Initial complete blood count with white blood cell count 14 , hemoglobin 21.6 , hematocrit 62.9 , 65 neutrophils , no bands , 28 lymphocytes .
Blood cultures negative .
7. Neurology - Normal head ultrasound on 2009-01-08 .
8. Sensory - Audiology , hearing screening was performed with automated auditory brain stem responses .
Baby passed hearing test on 2009-01-21 .
Follow up recommended in eight months .
Ophthalmology :: eyes were examined most recently on 2009-01-14 , revealing mature retinal vessels .
A follow up examination is recommended in six to eight months .
9. Psychosocial - Bridgewater State Hospital Center 's social work involved with family .
The contact social worker is Barbara Cole and she can be reached at ( 972 ) 433-8086 .
]]></TEXT>
<TAGS>
<EVENT id="E0" start="1" end="10" text="Admission" modality="FACTUAL" polarity="POS" type="OCCURRENCE" />
<EVENT id="E1" start="29" end="38" text="Discharge" modality="FACTUAL" polarity="POS" type="OCCURRENCE" />
<EVENT id="E2" start="158" end="172" text="twin gestation" modality="FACTUAL" polarity="POS" type="PROBLEM" />
<EVENT id="E3" start="173" end="177" text="born" modality="FACTUAL" polarity="POS" type="OCCURRENCE" />
<EVENT id="E4" start="301" end="321" text="nasal cannula oxygen" modality="FACTUAL" polarity="POS" type="TREATMENT" />
<EVENT id="E5" start="334" end="351" text="oxygen saturation" modality="FACTUAL" polarity="POS" type="TEST" />
<EVENT id="E6" start="390" end="398" text="caffeine" modality="FACTUAL" polarity="POS" type="TREATMENT" />
<EVENT id="E7" start="431" end="439" text="room air" modality="FACTUAL" polarity="POS" type="TREATMENT" />
<EVENT id="E8" start="460" end="468" text="Caffeine" modality="FACTUAL" polarity="NEG" type="TREATMENT" />
<EVENT id="E9" start="507" end="520" text="Breath sounds" modality="FACTUAL" polarity="POS" type="TEST" />
<EVENT id="E10" start="523" end="528" text="clear" modality="FACTUAL" polarity="POS" type="OCCURRENCE" />
<EVENT id="E11" start="549" end="560" text="retractions" modality="FACTUAL" polarity="NEG" type="PROBLEM" />
<EVENT id="E12" start="563" end="579" text="respiratory rate" modality="FACTUAL" polarity="NEG" type="TEST" />
<EVENT id="E13" start="635" end="658" text="cardiovascularly stable" modality="FACTUAL" polarity="NEG" type="OCCURRENCE" />
<EVENT id="E14" start="667" end="673" text="murmur" modality="FACTUAL" polarity="NEG" type="PROBLEM" />
<EVENT id="E15" start="717" end="728" text="Birthweight" modality="FACTUAL" polarity="POS" type="TEST" />
<EVENT id="E16" start="798" end="805" text="D10 / W" modality="FACTUAL" polarity="POS" type="TREATMENT" />
<EVENT id="E17" start="838" end="851" text="enteral feeds" modality="FACTUAL" polarity="POS" type="TREATMENT" />
<EVENT id="E18" start="912" end="918" text="ProMod" modality="FACTUAL" polarity="POS" type="TREATMENT" />
<EVENT id="E19" start="956" end="976" text="parenteral nutrition" modality="FACTUAL" polarity="POS" type="TREATMENT" />
<EVENT id="E20" start="981" end="987" text="lipids" modality="FACTUAL" polarity="POS" type="TREATMENT" />
<EVENT id="E21" start="1007" end="1026" text="hypoglycemia issues" modality="FACTUAL" polarity="NEG" type="PROBLEM" />
<EVENT id="E22" start="1090" end="1104" text="Enfamil powder" modality="FACTUAL" polarity="POS" type="TREATMENT" />
<EVENT id="E23" start="1160" end="1178" text="breastfeeding well" modality="FACTUAL" polarity="POS" type="OCCURRENCE" />
<EVENT id="E24" start="1197" end="1214" text="alternating feeds" modality="FACTUAL" polarity="POS" type="TREATMENT" />
<EVENT id="E25" start="1255" end="1269" text="Peak bilirubin" modality="FACTUAL" polarity="POS" type="TEST" />
<EVENT id="E26" start="1276" end="1288" text="phototherapy" modality="FACTUAL" polarity="POS" type="TREATMENT" />
<EVENT id="E27" start="1306" end="1323" text="Rebound bilirubin" modality="FACTUAL" polarity="POS" type="TEST" />
<EVENT id="E28" start="1358" end="1368" text="hematocrit" modality="FACTUAL" polarity="POS" type="TEST" />
<EVENT id="E29" start="1413" end="1427" text="blood products" modality="FACTUAL" polarity="NEG" type="TREATMENT" />
<EVENT id="E30" start="1457" end="1476" text="sepsis risk factors" modality="FACTUAL" polarity="NEG" type="PROBLEM" />
<EVENT id="E31" start="1479" end="1507" text="Initial complete blood count" modality="FACTUAL" polarity="POS" type="TEST" />
<EVENT id="E32" start="1513" end="1535" text="white blood cell count" modality="FACTUAL" polarity="POS" type="TEST" />
<EVENT id="E33" start="1541" end="1551" text="hemoglobin" modality="FACTUAL" polarity="POS" type="TEST" />
<EVENT id="E34" start="1559" end="1569" text="hematocrit" modality="FACTUAL" polarity="POS" type="TEST" />
<EVENT id="E35" start="1580" end="1591" text="neutrophils" modality="FACTUAL" polarity="NEG" type="TEST" />
<EVENT id="E36" start="1597" end="1602" text="bands" modality="FACTUAL" polarity="NEG" type="TEST" />
<EVENT id="E37" start="1608" end="1619" text="lymphocytes" modality="FACTUAL" polarity="POS" type="TEST" />
<EVENT id="E38" start="1622" end="1636" text="Blood cultures" modality="FACTUAL" polarity="POS" type="TEST" />
<EVENT id="E39" start="1663" end="1685" text="Normal head ultrasound" modality="FACTUAL" polarity="POS" type="TEST" />
<EVENT id="E40" start="1727" end="1744" text="hearing screening" modality="FACTUAL" polarity="POS" type="TEST" />
<EVENT id="E41" start="1764" end="1803" text="automated auditory brain stem responses" modality="FACTUAL" polarity="POS" type="OCCURRENCE" />
<EVENT id="E42" start="1818" end="1830" text="hearing test" modality="FACTUAL" polarity="POS" type="TEST" />
<EVENT id="E43" start="1988" end="2011" text="A follow up examination" modality="PROPOSED" polarity="POS" type="TEST" />
<EVENT id="E44" start="2082" end="2103" text="State Hospital Center" modality="FACTUAL" polarity="POS" type="CLINICAL_DEPT" />
<TIMEX3 id="T0" start="18" end="28" text="2008-12-24" type="DATE" val="2008-12-24" mod="NA" />
<TIMEX3 id="T1" start="46" end="56" text="2009-02-06" type="DATE" val="2009-02-06" mod="NA" />
<TIMEX3 id="T2" start="144" end="157" text="32 05-03 week" type="DURATION" val="P4W" mod="APPROX" />
<TIMEX3 id="T3" start="373" end="387" text="day of life #1" type="DATE" val="2008-12-24" mod="NA" />
<TIMEX3 id="T4" start="443" end="457" text="day of life #6" type="DATE" val="2008-12-24" mod="NA" />
<TIMEX3 id="T5" start="489" end="504" text="day of life #19" type="DATE" val="2008-12-24" mod="NA" />
<TIMEX3 id="T6" start="855" end="869" text="day of life #2" type="DATE" val="2008-12-24" mod="NA" />
<TIMEX3 id="T7" start="992" end="1001" text="four days" type="DURATION" val="P4D" mod="NA" />
<TIMEX3 id="T8" start="1295" end="1303" text="24 hours" type="DURATION" val="PT24H" mod="NA" />
<TIMEX3 id="T9" start="1381" end="1389" text="50-05-25" type="DATE" val="1950-05-25" mod="NA" />
<TIMEX3 id="T10" start="1689" end="1699" text="2009-01-08" type="DATE" val="2009-01-08" mod="NA" />
<TIMEX3 id="T11" start="1834" end="1844" text="2009-01-21" type="DATE" val="2009-01-21" mod="NA" />
<TIMEX3 id="T12" start="1872" end="1884" text="eight months" type="DURATION" val="P8M" mod="NA" />
<TIMEX3 id="T13" start="1940" end="1950" text="2009-01-14" type="DATE" val="2009-01-14" mod="NA" />
<TIMEX3 id="T14" start="2030" end="2049" text="six to eight months" type="DURATION" val="P7M" mod="APPROX" />
</TAGS>
</ClinicalNarrativeTemporalAnnotation>
