<?xml version="1.0" encoding="UTF-8" ?>
<ClinicalNarrativeTemporalAnnotation>
<TEXT><![CDATA[
Admission Date :
01/05/1994
Discharge Date :
01/25/1994
HISTORY OF PRESENT ILLNESS :
The patient is a 49 year old woman with a metastatic adenocarcinoma of the breast who is status post high dose chemotherapy with PBSE and CCSS support ending June 1994 .
She was admitted on 1-5-94 for fever , chest wall ulceration , cellulitis and pain control .
The patient first presented in October 1991 with a tender right axillary mass .
A mammogram done in November 1990 was negative .
However , mammography repeated in October 1991 showed bilateral breast masses , suspicious for carcinoma .
Fine needle aspiration on October 23 , 1991 demonstrated atypical cells which occurred singly and in clusters .
Staging evaluation included normal liver function tests , normal blood counts and normal chest x-ray .
Bone scan showed degenerative joint disease in the shoulders and lumbar spine as well as increased radio chaser uptake in the breast bilaterally .
Dr. Berca Gachfrum performed a right modified mastectomy and left simple mastectomy on November 4 , 1991 .
The right modified radical mastectomy contained a 5.5 cm poorly differentiated , Grade III out of III infiltrating ductal carcinoma .
The margins were free of tumor , but 10 out of 21 lymph nodes were positive for metastatic carcinoma .
Furthermore there was a mass on the right pectoralis muscle which is supposed to be metastatic cancer .
The left simple mastectomy also contained 5.5 cm poorly differentiated infiltrating ductal and intraductal carcinoma with extensive lymphatic vessel invasion .
Estrogen receptor was 0% by ERICA .
The patient developed a large hematoma requiring surgical drainage .
Therefore she had a Stage III-A adenocarcinoma of the breast .
Since she was at high risk for both local and metastatic recurrence of her tumor , she received both systemic chemotherapy and radiation therapy .
The patient was treated with CMSAP , which is Cytoxan , Methotrexate , Leukovoranrescue , 5-FU , Adriamycin and Prednisone for four cycles .
There were no dose reductions for mucositis or myelosuppression .
However , following cycle 4 , she developed a flu-like illness , followed by fever , nonproductive cough and dyspnea on exertion .
ABGs showed a pO2 of 79 , pH 7.44 , pO2 33 .
Chest x-ray showed diffuse interstitial infiltrates .
The differential diagnosis included viral pneumonitis , Mycoplasma , Chlamydia .
Basically in December 1993 , she returned to the Hem / Onc Clinic with chest wall nodules which turned out to be tumor recurrences and biopsied .
Although she had mediastinal recurrence , bone scan , head and liver CT were negative for metastatic disease .
She was thus started on a Protocol of high dose chemotherapy with GCSF and peripheral stem cell support .
Complications has mainly included myelosuppression and mucositis .
She also developed Klebsiella UTI after the second cycle of high dose chemotherapy .
It was treated with gent and Cipro .
Re-staging done in April 1993 showed a decrease in the pretracheal nodes with question of some lymphangitic spread versus some pneumonitis .
In May 1994 she received her first course of thiotepa and Velban and Methotrexate , which required some red cell transfusions .
In mid May she was admitted for fever and neutropenia and at that time had a UTI with blood clots in the urine .
The patient presents today with complaints of fever and a temperature of 100 .
She has also been having diarrhea since November and her other complaints of admission include confusion , nausea and vomiting .
We will include a very thorough HPI with this dictation that was done by Dr. Wedleung .
]]></TEXT>
<TAGS>
<EVENT id="E0" start="1" end="10" text="Admission" modality="FACTUAL" polarity="POS" type="OCCURRENCE" />
<EVENT id="E1" start="29" end="38" text="Discharge" modality="FACTUAL" polarity="POS" type="OCCURRENCE" />
<EVENT id="E2" start="126" end="167" text="a metastatic adenocarcinoma of the breast" modality="FACTUAL" polarity="POS" type="PROBLEM" />
<EVENT id="E3" start="187" end="209" text="high dose chemotherapy" modality="FACTUAL" polarity="POS" type="TREATMENT" />
<EVENT id="E4" start="215" end="219" text="PBSE" modality="FACTUAL" polarity="POS" type="TREATMENT" />
<EVENT id="E5" start="224" end="236" text="CCSS support" modality="FACTUAL" polarity="POS" type="TREATMENT" />
<EVENT id="E6" start="264" end="272" text="admitted" modality="FACTUAL" polarity="POS" type="OCCURRENCE" />
<EVENT id="E7" start="287" end="292" text="fever" modality="FACTUAL" polarity="POS" type="PROBLEM" />
<EVENT id="E8" start="295" end="316" text="chest wall ulceration" modality="FACTUAL" polarity="POS" type="PROBLEM" />
<EVENT id="E9" start="319" end="329" text="cellulitis" modality="FACTUAL" polarity="POS" type="PROBLEM" />
<EVENT id="E10" start="334" end="346" text="pain control" modality="FACTUAL" polarity="POS" type="TREATMENT" />
<EVENT id="E11" start="367" end="376" text="presented" modality="FACTUAL" polarity="POS" type="OCCURRENCE" />
<EVENT id="E12" start="398" end="426" text="a tender right axillary mass" modality="FACTUAL" polarity="POS" type="PROBLEM" />
<EVENT id="E13" start="429" end="440" text="A mammogram" modality="FACTUAL" polarity="POS" type="TEST" />
<EVENT id="E14" start="488" end="499" text="mammography" modality="FACTUAL" polarity="POS" type="TEST" />
<EVENT id="E15" start="525" end="531" text="showed" modality="FACTUAL" polarity="POS" type="EVIDENTIAL" />
<EVENT id="E16" start="532" end="555" text="bilateral breast masses" modality="FACTUAL" polarity="POS" type="PROBLEM" />
<EVENT id="E17" start="573" end="582" text="carcinoma" modality="POSSIBLE" polarity="POS" type="PROBLEM" />
<EVENT id="E18" start="585" end="607" text="Fine needle aspiration" modality="PROPOSED" polarity="POS" type="TEST" />
<EVENT id="E19" start="642" end="656" text="atypical cells" modality="FACTUAL" polarity="POS" type="PROBLEM" />
<EVENT id="E20" start="697" end="715" text="Staging evaluation" modality="FACTUAL" polarity="POS" type="TEST" />
<EVENT id="E21" start="732" end="752" text="liver function tests" modality="FACTUAL" polarity="POS" type="TEST" />
<EVENT id="E22" start="786" end="797" text="chest x-ray" modality="FACTUAL" polarity="POS" type="TEST" />
<EVENT id="E23" start="800" end="809" text="Bone scan" modality="FACTUAL" polarity="POS" type="TEST" />
<EVENT id="E24" start="810" end="816" text="showed" modality="FACTUAL" polarity="POS" type="EVIDENTIAL" />
<EVENT id="E25" start="817" end="877" text="degenerative joint disease in the shoulders and lumbar spine" modality="FACTUAL" polarity="POS" type="PROBLEM" />
<EVENT id="E26" start="889" end="944" text="increased radio chaser uptake in the breast bilaterally" modality="FACTUAL" polarity="POS" type="PROBLEM" />
<EVENT id="E27" start="976" end="1003" text="a right modified mastectomy" modality="FACTUAL" polarity="POS" type="TREATMENT" />
<EVENT id="E28" start="1008" end="1030" text="left simple mastectomy" modality="FACTUAL" polarity="POS" type="TREATMENT" />
<EVENT id="E29" start="1054" end="1091" text="The right modified radical mastectomy" modality="FACTUAL" polarity="POS" type="TREATMENT" />
<EVENT id="E30" start="1102" end="1185" text="a 5.5 cm poorly differentiated , Grade III out of III infiltrating ductal carcinoma" modality="FACTUAL" polarity="POS" type="PROBLEM" />
<EVENT id="E31" start="1213" end="1218" text="tumor" modality="FACTUAL" polarity="NEG" type="PROBLEM" />
<EVENT id="E32" start="1268" end="1288" text="metastatic carcinoma" modality="FACTUAL" polarity="POS" type="PROBLEM" />
<EVENT id="E33" start="1313" end="1350" text="a mass on the right pectoralis muscle" modality="FACTUAL" polarity="POS" type="PROBLEM" />
<EVENT id="E34" start="1375" end="1392" text="metastatic cancer" modality="POSSIBLE" polarity="POS" type="PROBLEM" />
<EVENT id="E35" start="1395" end="1421" text="The left simple mastectomy" modality="FACTUAL" polarity="POS" type="TREATMENT" />
<EVENT id="E36" start="1437" end="1511" text="5.5 cm poorly differentiated infiltrating ductal and intraductal carcinoma" modality="FACTUAL" polarity="POS" type="PROBLEM" />
<EVENT id="E37" start="1517" end="1552" text="extensive lymphatic vessel invasion" modality="FACTUAL" polarity="POS" type="PROBLEM" />
<EVENT id="E38" start="1555" end="1572" text="Estrogen receptor" modality="FACTUAL" polarity="POS" type="TEST" />
<EVENT id="E39" start="1613" end="1629" text="a large hematoma" modality="FACTUAL" polarity="POS" type="PROBLEM" />
<EVENT id="E40" start="1640" end="1657" text="surgical drainage" modality="FACTUAL" polarity="POS" type="TREATMENT" />
<EVENT id="E41" start="1678" end="1720" text="a Stage III-A adenocarcinoma of the breast" modality="FACTUAL" polarity="POS" type="PROBLEM" />
<EVENT id="E42" start="1740" end="1749" text="high risk" modality="FACTUAL" polarity="POS" type="PROBLEM" />
<EVENT id="E43" start="1759" end="1790" text="local and metastatic recurrence" modality="CONDITIONAL" polarity="POS" type="PROBLEM" />
<EVENT id="E44" start="1794" end="1803" text="her tumor" modality="FACTUAL" polarity="POS" type="PROBLEM" />
<EVENT id="E45" start="1824" end="1845" text="systemic chemotherapy" modality="FACTUAL" polarity="POS" type="TREATMENT" />
<EVENT id="E46" start="1850" end="1867" text="radiation therapy" modality="FACTUAL" polarity="POS" type="TREATMENT" />
<EVENT id="E47" start="1899" end="1904" text="CMSAP" modality="FACTUAL" polarity="POS" type="TREATMENT" />
<EVENT id="E48" start="1916" end="1923" text="Cytoxan" modality="FACTUAL" polarity="POS" type="TREATMENT" />
<EVENT id="E49" start="1926" end="1938" text="Methotrexate" modality="FACTUAL" polarity="POS" type="TREATMENT" />
<EVENT id="E50" start="1941" end="1957" text="Leukovoranrescue" modality="FACTUAL" polarity="POS" type="TREATMENT" />
<EVENT id="E51" start="1960" end="1964" text="5-FU" modality="FACTUAL" polarity="POS" type="TREATMENT" />
<EVENT id="E52" start="1967" end="1977" text="Adriamycin" modality="FACTUAL" polarity="POS" type="TREATMENT" />
<EVENT id="E53" start="1982" end="1992" text="Prednisone" modality="FACTUAL" polarity="POS" type="TREATMENT" />
<EVENT id="E54" start="2045" end="2054" text="mucositis" modality="FACTUAL" polarity="POS" type="PROBLEM" />
<EVENT id="E55" start="2058" end="2074" text="myelosuppression" modality="FACTUAL" polarity="POS" type="PROBLEM" />
<EVENT id="E56" start="2121" end="2139" text="a flu-like illness" modality="FACTUAL" polarity="POS" type="PROBLEM" />
<EVENT id="E57" start="2154" end="2159" text="fever" modality="FACTUAL" polarity="POS" type="PROBLEM" />
<EVENT id="E58" start="2162" end="2181" text="nonproductive cough" modality="FACTUAL" polarity="POS" type="PROBLEM" />
<EVENT id="E59" start="2186" end="2193" text="dyspnea" modality="FACTUAL" polarity="POS" type="PROBLEM" />
<EVENT id="E60" start="2208" end="2212" text="ABGs" modality="FACTUAL" polarity="POS" type="TEST" />
<EVENT id="E61" start="2213" end="2219" text="showed" modality="FACTUAL" polarity="POS" type="EVIDENTIAL" />
<EVENT id="E62" start="2220" end="2225" text="a pO2" modality="FACTUAL" polarity="POS" type="TEST" />
<EVENT id="E63" start="2234" end="2236" text="pH" modality="FACTUAL" polarity="POS" type="TEST" />
<EVENT id="E64" start="2244" end="2247" text="pO2" modality="FACTUAL" polarity="POS" type="TEST" />
<EVENT id="E65" start="2253" end="2264" text="Chest x-ray" modality="FACTUAL" polarity="POS" type="TEST" />
<EVENT id="E66" start="2265" end="2271" text="showed" modality="FACTUAL" polarity="POS" type="EVIDENTIAL" />
<EVENT id="E67" start="2272" end="2304" text="diffuse interstitial infiltrates" modality="FACTUAL" polarity="POS" type="PROBLEM" />
<EVENT id="E68" start="2343" end="2360" text="viral pneumonitis" modality="POSSIBLE" polarity="POS" type="PROBLEM" />
<EVENT id="E69" start="2363" end="2373" text="Mycoplasma" modality="POSSIBLE" polarity="POS" type="PROBLEM" />
<EVENT id="E70" start="2376" end="2385" text="Chlamydia" modality="POSSIBLE" polarity="POS" type="PROBLEM" />
<EVENT id="E71" start="2433" end="2453" text="the Hem / Onc Clinic" modality="FACTUAL" polarity="POS" type="CLINICAL_DEPT" />
<EVENT id="E72" start="2459" end="2477" text="chest wall nodules" modality="FACTUAL" polarity="POS" type="PROBLEM" />
<EVENT id="E73" start="2501" end="2518" text="tumor recurrences" modality="FACTUAL" polarity="POS" type="PROBLEM" />
<EVENT id="E74" start="2523" end="2531" text="biopsied" modality="FACTUAL" polarity="POS" type="TEST" />
<EVENT id="E75" start="2551" end="2573" text="mediastinal recurrence" modality="FACTUAL" polarity="POS" type="PROBLEM" />
<EVENT id="E76" start="2576" end="2585" text="bone scan" modality="FACTUAL" polarity="POS" type="TEST" />
<EVENT id="E77" start="2588" end="2605" text="head and liver CT" modality="FACTUAL" polarity="POS" type="TEST" />
<EVENT id="E78" start="2624" end="2642" text="metastatic disease" modality="FACTUAL" polarity="NEG" type="PROBLEM" />
<EVENT id="E79" start="2683" end="2705" text="high dose chemotherapy" modality="FACTUAL" polarity="POS" type="TREATMENT" />
<EVENT id="E80" start="2711" end="2715" text="GCSF" modality="FACTUAL" polarity="POS" type="TREATMENT" />
<EVENT id="E81" start="2720" end="2748" text="peripheral stem cell support" modality="FACTUAL" polarity="POS" type="TREATMENT" />
<EVENT id="E82" start="2751" end="2764" text="Complications" modality="FACTUAL" polarity="POS" type="PROBLEM" />
<EVENT id="E83" start="2785" end="2801" text="myelosuppression" modality="FACTUAL" polarity="POS" type="PROBLEM" />
<EVENT id="E84" start="2806" end="2815" text="mucositis" modality="FACTUAL" polarity="POS" type="PROBLEM" />
<EVENT id="E85" start="2837" end="2851" text="Klebsiella UTI" modality="FACTUAL" polarity="POS" type="PROBLEM" />
<EVENT id="E86" start="2878" end="2900" text="high dose chemotherapy" modality="FACTUAL" polarity="POS" type="TREATMENT" />
<EVENT id="E87" start="2923" end="2927" text="gent" modality="FACTUAL" polarity="POS" type="TREATMENT" />
<EVENT id="E88" start="2932" end="2937" text="Cipro" modality="FACTUAL" polarity="POS" type="TREATMENT" />
<EVENT id="E89" start="2940" end="2950" text="Re-staging" modality="FACTUAL" polarity="POS" type="TEST" />
<EVENT id="E90" start="2970" end="2976" text="showed" modality="FACTUAL" polarity="POS" type="EVIDENTIAL" />
<EVENT id="E91" start="2977" end="3012" text="a decrease in the pretracheal nodes" modality="FACTUAL" polarity="POS" type="PROBLEM" />
<EVENT id="E92" start="3030" end="3054" text="some lymphangitic spread" modality="POSSIBLE" polarity="POS" type="PROBLEM" />
<EVENT id="E93" start="3062" end="3078" text="some pneumonitis" modality="POSSIBLE" polarity="POS" type="PROBLEM" />
<EVENT id="E94" start="3126" end="3134" text="thiotepa" modality="FACTUAL" polarity="POS" type="TREATMENT" />
<EVENT id="E95" start="3139" end="3145" text="Velban" modality="FACTUAL" polarity="POS" type="TREATMENT" />
<EVENT id="E96" start="3150" end="3162" text="Methotrexate" modality="FACTUAL" polarity="POS" type="TREATMENT" />
<EVENT id="E97" start="3180" end="3206" text="some red cell transfusions" modality="FACTUAL" polarity="POS" type="TREATMENT" />
<EVENT id="E98" start="3228" end="3236" text="admitted" modality="FACTUAL" polarity="POS" type="OCCURRENCE" />
<EVENT id="E99" start="3241" end="3246" text="fever" modality="FACTUAL" polarity="POS" type="PROBLEM" />
<EVENT id="E100" start="3251" end="3262" text="neutropenia" modality="FACTUAL" polarity="POS" type="PROBLEM" />
<EVENT id="E101" start="3284" end="3289" text="a UTI" modality="FACTUAL" polarity="POS" type="PROBLEM" />
<EVENT id="E102" start="3295" end="3319" text="blood clots in the urine" modality="FACTUAL" polarity="POS" type="PROBLEM" />
<EVENT id="E103" start="3334" end="3342" text="presents" modality="FACTUAL" polarity="POS" type="EVIDENTIAL" />
<EVENT id="E104" start="3354" end="3364" text="complaints" modality="FACTUAL" polarity="NEG" type="PROBLEM" />
<EVENT id="E105" start="3368" end="3373" text="fever" modality="FACTUAL" polarity="POS" type="PROBLEM" />
<EVENT id="E106" start="3378" end="3391" text="a temperature" modality="FACTUAL" polarity="POS" type="TEST" />
<EVENT id="E107" start="3426" end="3434" text="diarrhea" modality="FACTUAL" polarity="POS" type="PROBLEM" />
<EVENT id="E108" start="3478" end="3487" text="admission" modality="FACTUAL" polarity="POS" type="OCCURRENCE" />
<EVENT id="E109" start="3496" end="3505" text="confusion" modality="FACTUAL" polarity="POS" type="PROBLEM" />
<EVENT id="E110" start="3508" end="3514" text="nausea" modality="FACTUAL" polarity="POS" type="PROBLEM" />
<EVENT id="E111" start="3519" end="3527" text="vomiting" modality="FACTUAL" polarity="POS" type="PROBLEM" />
<TIMEX3 id="T0" start="18" end="28" text="01/05/1994" type="DATE" val="1994-01-05" mod="NA" />
<TIMEX3 id="T1" start="46" end="56" text="01/25/1994" type="DATE" val="1994-01-25" mod="NA" />
<TIMEX3 id="T2" start="244" end="253" text="June 1994" type="DATE" val="1994-06" mod="NA" />
<TIMEX3 id="T3" start="276" end="282" text="1-5-94" type="DATE" val="1994-01-05" mod="NA" />
<TIMEX3 id="T4" start="380" end="392" text="October 1991" type="DATE" val="1991-10" mod="NA" />
<TIMEX3 id="T5" start="449" end="462" text="November 1990" type="DATE" val="1990-11" mod="NA" />
<TIMEX3 id="T6" start="512" end="524" text="October 1991" type="DATE" val="1991-10" mod="NA" />
<TIMEX3 id="T7" start="611" end="628" text="October 23 , 1991" type="DATE" val="1991-10-23" mod="NA" />
<TIMEX3 id="T8" start="1034" end="1051" text="November 4 , 1991" type="DATE" val="1991-11-04" mod="NA" />
<TIMEX3 id="T9" start="2401" end="2414" text="December 1993" type="DATE" val="1993-12" mod="NA" />
<TIMEX3 id="T10" start="2959" end="2969" text="April 1993" type="DATE" val="1993-04" mod="NA" />
<TIMEX3 id="T11" start="3084" end="3092" text="May 1994" type="DATE" val="1994-05" mod="NA" />
<TIMEX3 id="T12" start="3212" end="3219" text="mid May" type="DATE" val="1994-05" mod="MIDDLE" />
<TIMEX3 id="T13" start="3270" end="3279" text="that time" type="DATE" val="1994-01-05" mod="NA" />
<TIMEX3 id="T14" start="3343" end="3348" text="today" type="DATE" val="1994-01-05" mod="NA" />
<TIMEX3 id="T15" start="3441" end="3449" text="November" type="DATE" val="1994-11" mod="NA" />
</TAGS>
</ClinicalNarrativeTemporalAnnotation>
