<?xml version="1.0" encoding="UTF-8" ?>
<ClinicalNarrativeTemporalAnnotation>
<TEXT><![CDATA[
Admission Date :
2015-06-10
Discharge Date :
2015-06-11
Service :
HISTORY OF PRESENT ILLNESS :
HISTORY OF PRESENT ILLNESS :
This is a 44 - year-old male with a history of coronary artery disease , status post myocardial infarction in 9/02 , status post stent proximal and mid-RCA lesion and OM lesion .
He had a Myoview on 05-04 which showed fixed inferior wall defect but no evidence of ischemia .
He has been getting short of breath with exertion times one month and also has occasional chest tightness .
He denies orthopnea , edema , paroxysmal nocturnal dyspnea , diaphoresis , claudication .
He also has history of hypertension , high cholesterol and noninsulin dependent diabetes mellitus .
He underwent cardiac catheterization today which revealed OM , no obstructive disease , left anterior descending minimal disease , left circumflex 40% mid-stenosis .
Right coronary artery 100% mid-stenosis .
Echo in 9/02 showed LVF of 75% with moderate dilatation of the descending aorta .
He is now preop for a coronary artery bypass graft .
]]></TEXT>
<TAGS>
<EVENT id="E0" start="1" end="10" text="Admission" modality="FACTUAL" polarity="POS" type="OCCURRENCE" />
<EVENT id="E1" start="29" end="38" text="Discharge" modality="FACTUAL" polarity="POS" type="OCCURRENCE" />
<EVENT id="E2" start="172" end="195" text="coronary artery disease" modality="FACTUAL" polarity="POS" type="PROBLEM" />
<EVENT id="E3" start="210" end="231" text="myocardial infarction" modality="FACTUAL" polarity="POS" type="PROBLEM" />
<EVENT id="E4" start="254" end="259" text="stent" modality="FACTUAL" polarity="POS" type="TREATMENT" />
<EVENT id="E5" start="260" end="287" text="proximal and mid-RCA lesion" modality="FACTUAL" polarity="POS" type="PROBLEM" />
<EVENT id="E6" start="292" end="301" text="OM lesion" modality="FACTUAL" polarity="POS" type="PROBLEM" />
<EVENT id="E7" start="311" end="320" text="a Myoview" modality="FACTUAL" polarity="POS" type="TEST" />
<EVENT id="E8" start="336" end="342" text="showed" modality="FACTUAL" polarity="POS" type="EVIDENTIAL" />
<EVENT id="E9" start="343" end="369" text="fixed inferior wall defect" modality="FACTUAL" polarity="POS" type="PROBLEM" />
<EVENT id="E10" start="389" end="397" text="ischemia" modality="FACTUAL" polarity="NEG" type="PROBLEM" />
<EVENT id="E11" start="420" end="435" text="short of breath" modality="FACTUAL" polarity="POS" type="PROBLEM" />
<EVENT id="E12" start="479" end="505" text="occasional chest tightness" modality="FACTUAL" polarity="POS" type="PROBLEM" />
<EVENT id="E13" start="511" end="517" text="denies" modality="FACTUAL" polarity="POS" type="EVIDENTIAL" />
<EVENT id="E14" start="518" end="527" text="orthopnea" modality="FACTUAL" polarity="NEG" type="PROBLEM" />
<EVENT id="E15" start="530" end="535" text="edema" modality="FACTUAL" polarity="NEG" type="PROBLEM" />
<EVENT id="E16" start="538" end="566" text="paroxysmal nocturnal dyspnea" modality="FACTUAL" polarity="NEG" type="PROBLEM" />
<EVENT id="E17" start="569" end="580" text="diaphoresis" modality="FACTUAL" polarity="NEG" type="PROBLEM" />
<EVENT id="E18" start="583" end="595" text="claudication" modality="FACTUAL" polarity="NEG" type="PROBLEM" />
<EVENT id="E19" start="621" end="633" text="hypertension" modality="FACTUAL" polarity="POS" type="PROBLEM" />
<EVENT id="E20" start="636" end="652" text="high cholesterol" modality="FACTUAL" polarity="POS" type="PROBLEM" />
<EVENT id="E21" start="657" end="695" text="noninsulin dependent diabetes mellitus" modality="FACTUAL" polarity="POS" type="PROBLEM" />
<EVENT id="E22" start="711" end="734" text="cardiac catheterization" modality="FACTUAL" polarity="POS" type="TEST" />
<EVENT id="E23" start="747" end="755" text="revealed" modality="FACTUAL" polarity="POS" type="EVIDENTIAL" />
<EVENT id="E24" start="764" end="783" text="obstructive disease" modality="FACTUAL" polarity="NEG" type="PROBLEM" />
<EVENT id="E25" start="786" end="826" text="left anterior descending minimal disease" modality="FACTUAL" polarity="POS" type="PROBLEM" />
<EVENT id="E26" start="829" end="861" text="left circumflex 40% mid-stenosis" modality="FACTUAL" polarity="POS" type="PROBLEM" />
<EVENT id="E27" start="864" end="903" text="Right coronary artery 100% mid-stenosis" modality="FACTUAL" polarity="POS" type="PROBLEM" />
<EVENT id="E28" start="906" end="910" text="Echo" modality="FACTUAL" polarity="POS" type="TEST" />
<EVENT id="E29" start="919" end="925" text="showed" modality="FACTUAL" polarity="POS" type="EVIDENTIAL" />
<EVENT id="E30" start="926" end="929" text="LVF" modality="FACTUAL" polarity="POS" type="TEST" />
<EVENT id="E31" start="942" end="985" text="moderate dilatation of the descending aorta" modality="FACTUAL" polarity="POS" type="PROBLEM" />
<EVENT id="E32" start="1008" end="1038" text="a coronary artery bypass graft" modality="FACTUAL" polarity="POS" type="TREATMENT" />
<TIMEX3 id="T0" start="18" end="28" text="2015-06-10" type="DATE" val="2015-06-10" mod="NA" />
<TIMEX3 id="T1" start="46" end="56" text="2015-06-11" type="DATE" val="2015-06-11" mod="NA" />
<TIMEX3 id="T2" start="235" end="239" text="9/02" type="DATE" val="2015-09-02" mod="NA" />
<TIMEX3 id="T3" start="324" end="329" text="05-04" type="DATE" val="2015-05-04" mod="NA" />
<TIMEX3 id="T4" start="450" end="465" text="times one month" type="DURATION" val="P1M" mod="NA" />
<TIMEX3 id="T5" start="735" end="740" text="today" type="DATE" val="2015-09-02" mod="NA" />
<TIMEX3 id="T6" start="914" end="918" text="9/02" type="DATE" val="2015-09-02" mod="NA" />
</TAGS>
</ClinicalNarrativeTemporalAnnotation>
