<?xml version='1.0' encoding='ASCII'?>
<ClinicalNarrativeTemporalAnnotation>
<TEXT>
Admission Date :
2013-05-18
Discharge Date :
2013-05-24
Service :
MEDICINE
History of Present Illness :
90 yo F with MMP ( see below ) who sustained a mechanical fall down stairs resulting in a hip and arm fracture .
Fall was witnessed by daughter .
Nicholas seizures , no LOC , no head or neck trauma .
Patient denies CP , SOB , light headedness , or dizziness prior to of after the fall .
She fell on her R side and had a great deal of pain in her R arm and hip .
Presented to Taunton and found to have R humerus and R hip fx .
Ct of head and neck neg for fx , bleed , and dislocation .
Brief Hospital Course :
95 yo F with MMP who sustained a mechanical fall down stairs resulting in a hip and arm fracture .
1) s/p Fall - unlikely to be mechanical in nature .
Patient has injuries to her shoulder and hip .
2) CV - Patient has CAD and CHF with a low hct and major trauma .
She also has new changes on EKG .
On pressor to hold mean 60 .
3) Anemia - patient transfusion dependant with a baseline of 28 .
- transfuse 2 units today , with lasix
4) GERD - PPI
5) DM - glipizide , ISS
6) PMR - cont prednisone
7) GI : Ms. Pimental is an unfortunate 95 year old woman , status post a recent fall necessitating right ORIF of the hip and right wrist fracture ORIF , who was in the hospital for this event , when it was noted that she had abdominal pain , distention and coffee ground emesis with worsening mental status and renal failure .
CT scan was obtained and this revealed free air and massive ascites .
Pt underwent surgery on 05-23
1. Exploratory laparotomy with drainage of intra-abdominal abscess and peritonitis with gross soilage with bile and gastric contents .
2. Exposure and wide drainage of perforated posterior duodenal ulcer with internal and external drainage .
3. Feeding jejunostomy .
4. Tube gastrostomy .
Continue to deteriorate spiking fevers with ventilatory support on pressors to hold the bp. with no improvement in mental staus was made CMO 5/20/5 .
Expired at 5 pm
</TEXT>
<TAGS>
<EVENT id="E53" start="1" end="10" text="Admission" modality="FACTUAL" polarity="POS" type="OCCURRENCE" />
<EVENT id="E77" start="1009" end="1018" text="transfuse" modality="FACTUAL" polarity="POS" type="TREATMENT" />
<EVENT id="E21" start="1040" end="1045" text="lasix" modality="FACTUAL" polarity="POS" type="TREATMENT" />
<EVENT id="E22" start="1049" end="1053" text="GERD" modality="FACTUAL" polarity="POS" type="PROBLEM" />
<EVENT id="E23" start="1056" end="1059" text="PPI" modality="FACTUAL" polarity="POS" type="TREATMENT" />
<EVENT id="E24" start="1063" end="1065" text="DM" modality="FACTUAL" polarity="POS" type="PROBLEM" />
<EVENT id="E25" start="1068" end="1077" text="glipizide" modality="FACTUAL" polarity="POS" type="TREATMENT" />
<EVENT id="E26" start="1080" end="1083" text="ISS" modality="FACTUAL" polarity="POS" type="TREATMENT" />
<EVENT id="E27" start="1087" end="1090" text="PMR" modality="FACTUAL" polarity="POS" type="PROBLEM" />
<EVENT id="E28" start="1098" end="1108" text="prednisone" modality="FACTUAL" polarity="POS" type="TREATMENT" />
<EVENT id="E59" start="118" end="121" text="MMP" modality="FACTUAL" polarity="POS" type="PROBLEM" />
<EVENT id="E29" start="1180" end="1193" text="a recent fall" modality="FACTUAL" polarity="POS" type="PROBLEM" />
<EVENT id="E78" start="1208" end="1229" text="right ORIF of the hip" modality="FACTUAL" polarity="POS" type="TREATMENT" />
<EVENT id="E55" start="1234" end="1259" text="right wrist fracture ORIF" modality="FACTUAL" polarity="POS" type="TREATMENT" />
<EVENT id="E79" start="1273" end="1285" text="the hospital" modality="FACTUAL" polarity="POS" type="CLINICAL_DEPT" />
<EVENT id="E80" start="1290" end="1300" text="this event" modality="FACTUAL" polarity="POS" type="PROBLEM" />
<EVENT id="E56" start="1315" end="1320" text="noted" modality="FACTUAL" polarity="POS" type="EVIDENTIAL" />
<EVENT id="E30" start="1334" end="1348" text="abdominal pain" modality="FACTUAL" polarity="POS" type="PROBLEM" />
<EVENT id="E31" start="1351" end="1361" text="distention" modality="FACTUAL" polarity="POS" type="PROBLEM" />
<EVENT id="E32" start="1366" end="1386" text="coffee ground emesis" modality="FACTUAL" polarity="POS" type="PROBLEM" />
<EVENT id="E33" start="1392" end="1415" text="worsening mental status" modality="FACTUAL" polarity="POS" type="PROBLEM" />
<EVENT id="E34" start="1420" end="1433" text="renal failure" modality="FACTUAL" polarity="POS" type="PROBLEM" />
<EVENT id="E35" start="1436" end="1443" text="CT scan" modality="FACTUAL" polarity="POS" type="TEST" />
<EVENT id="E57" start="1466" end="1474" text="revealed" modality="FACTUAL" polarity="POS" type="EVIDENTIAL" />
<EVENT id="E36" start="1475" end="1483" text="free air" modality="FACTUAL" polarity="POS" type="PROBLEM" />
<EVENT id="E37" start="1488" end="1503" text="massive ascites" modality="FACTUAL" polarity="POS" type="PROBLEM" />
<EVENT id="E1" start="150" end="167" text="a mechanical fall" modality="FACTUAL" polarity="POS" type="PROBLEM" />
<EVENT id="E38" start="1519" end="1526" text="surgery" modality="FACTUAL" polarity="POS" type="TREATMENT" />
<EVENT id="E39" start="1539" end="1561" text="Exploratory laparotomy" modality="FACTUAL" polarity="POS" type="TEST" />
<EVENT id="E40" start="1567" end="1575" text="drainage" modality="FACTUAL" polarity="POS" type="TREATMENT" />
<EVENT id="E41" start="1579" end="1602" text="intra-abdominal abscess" modality="FACTUAL" polarity="POS" type="PROBLEM" />
<EVENT id="E42" start="1607" end="1618" text="peritonitis" modality="FACTUAL" polarity="POS" type="PROBLEM" />
<EVENT id="E43" start="1624" end="1668" text="gross soilage with bile and gastric contents" modality="FACTUAL" polarity="POS" type="PROBLEM" />
<EVENT id="E44" start="1674" end="1682" text="Exposure" modality="FACTUAL" polarity="POS" type="TREATMENT" />
<EVENT id="E45" start="1687" end="1700" text="wide drainage" modality="FACTUAL" polarity="POS" type="TREATMENT" />
<EVENT id="E46" start="1704" end="1739" text="perforated posterior duodenal ulcer" modality="FACTUAL" polarity="POS" type="PROBLEM" />
<EVENT id="E47" start="1745" end="1775" text="internal and external drainage" modality="FACTUAL" polarity="POS" type="TREATMENT" />
<EVENT id="E48" start="1781" end="1800" text="Feeding jejunostomy" modality="FACTUAL" polarity="POS" type="TREATMENT" />
<EVENT id="E49" start="1806" end="1822" text="Tube gastrostomy" modality="FACTUAL" polarity="POS" type="TREATMENT" />
<EVENT id="E81" start="1849" end="1863" text="spiking fevers" modality="FACTUAL" polarity="POS" type="PROBLEM" />
<EVENT id="E50" start="1869" end="1888" text="ventilatory support" modality="FACTUAL" polarity="POS" type="TREATMENT" />
<EVENT id="E51" start="1892" end="1900" text="pressors" modality="FACTUAL" polarity="POS" type="TREATMENT" />
<EVENT id="E52" start="1909" end="1916" text="the bp." modality="FACTUAL" polarity="POS" type="TEST" />
<EVENT id="E2" start="193" end="215" text="a hip and arm fracture" modality="FACTUAL" polarity="POS" type="PROBLEM" />
<EVENT id="E82" start="1925" end="1936" text="improvement" modality="FACTUAL" polarity="NEG" type="OCCURRENCE" />
<EVENT id="E83" start="1940" end="1952" text="mental staus" modality="FACTUAL" polarity="POS" type="TEST" />
<EVENT id="E84" start="1962" end="1965" text="CMO" modality="FACTUAL" polarity="POS" type="TREATMENT" />
<EVENT id="E58" start="1975" end="1982" text="Expired" modality="FACTUAL" polarity="POS" type="OCCURRENCE" />
<EVENT id="E3" start="218" end="222" text="Fall" modality="FACTUAL" polarity="POS" type="PROBLEM" />
<EVENT id="E60" start="227" end="236" text="witnessed" modality="FACTUAL" polarity="POS" type="EVIDENTIAL" />
<EVENT id="E4" start="251" end="268" text="Nicholas seizures" modality="FACTUAL" polarity="POS" type="PROBLEM" />
<EVENT id="E5" start="274" end="277" text="LOC" modality="FACTUAL" polarity="NEG" type="PROBLEM" />
<EVENT id="E6" start="283" end="302" text="head or neck trauma" modality="FACTUAL" polarity="NEG" type="PROBLEM" />
<EVENT id="E0" start="29" end="38" text="Discharge" modality="FACTUAL" polarity="POS" type="OCCURRENCE" />
<EVENT id="E61" start="313" end="319" text="denies" modality="FACTUAL" polarity="POS" type="EVIDENTIAL" />
<EVENT id="E62" start="320" end="322" text="CP" modality="FACTUAL" polarity="NEG" type="PROBLEM" />
<EVENT id="E63" start="325" end="328" text="SOB" modality="FACTUAL" polarity="NEG" type="PROBLEM" />
<EVENT id="E64" start="331" end="347" text="light headedness" modality="FACTUAL" polarity="NEG" type="PROBLEM" />
<EVENT id="E65" start="353" end="362" text="dizziness" modality="FACTUAL" polarity="NEG" type="PROBLEM" />
<EVENT id="E7" start="381" end="389" text="the fall" modality="FACTUAL" polarity="POS" type="PROBLEM" />
<EVENT id="E66" start="396" end="400" text="fell" modality="FACTUAL" polarity="POS" type="OCCURRENCE" />
<EVENT id="E8" start="439" end="464" text="pain in her R arm and hip" modality="FACTUAL" polarity="POS" type="PROBLEM" />
<EVENT id="E54" start="467" end="476" text="Presented" modality="FACTUAL" polarity="POS" type="EVIDENTIAL" />
<EVENT id="E67" start="480" end="487" text="Taunton" modality="FACTUAL" polarity="POS" type="CLINICAL_DEPT" />
<EVENT id="E68" start="492" end="497" text="found" modality="FACTUAL" polarity="POS" type="EVIDENTIAL" />
<EVENT id="E9" start="506" end="528" text="R humerus and R hip fx" modality="FACTUAL" polarity="POS" type="PROBLEM" />
<EVENT id="E69" start="531" end="533" text="Ct" modality="FACTUAL" polarity="POS" type="TEST" />
<EVENT id="E70" start="559" end="561" text="fx" modality="FACTUAL" polarity="NEG" type="PROBLEM" />
<EVENT id="E71" start="564" end="569" text="bleed" modality="FACTUAL" polarity="NEG" type="PROBLEM" />
<EVENT id="E72" start="576" end="587" text="dislocation" modality="FACTUAL" polarity="NEG" type="PROBLEM" />
<EVENT id="E73" start="627" end="630" text="MMP" modality="FACTUAL" polarity="POS" type="PROBLEM" />
<EVENT id="E10" start="645" end="662" text="a mechanical fall" modality="FACTUAL" polarity="POS" type="PROBLEM" />
<EVENT id="E11" start="688" end="710" text="a hip and arm fracture" modality="FACTUAL" polarity="POS" type="PROBLEM" />
<EVENT id="E12" start="720" end="724" text="Fall" modality="FACTUAL" polarity="POS" type="PROBLEM" />
<EVENT id="E74" start="742" end="762" text="mechanical in nature" modality="POSSIBLE" polarity="POS" type="PROBLEM" />
<EVENT id="E13" start="777" end="809" text="injuries to her shoulder and hip" modality="FACTUAL" polarity="POS" type="PROBLEM" />
<EVENT id="E14" start="832" end="835" text="CAD" modality="FACTUAL" polarity="POS" type="PROBLEM" />
<EVENT id="E15" start="840" end="843" text="CHF" modality="FACTUAL" polarity="POS" type="PROBLEM" />
<EVENT id="E16" start="849" end="858" text="a low hct" modality="FACTUAL" polarity="POS" type="PROBLEM" />
<EVENT id="E17" start="863" end="875" text="major trauma" modality="FACTUAL" polarity="POS" type="PROBLEM" />
<EVENT id="E75" start="895" end="902" text="changes" modality="FACTUAL" polarity="POS" type="OCCURRENCE" />
<EVENT id="E76" start="906" end="909" text="EKG" modality="FACTUAL" polarity="POS" type="PROBLEM" />
<EVENT id="E18" start="915" end="922" text="pressor" modality="FACTUAL" polarity="POS" type="TREATMENT" />
<EVENT id="E19" start="944" end="950" text="Anemia" modality="FACTUAL" polarity="POS" type="PROBLEM" />
<EVENT id="E20" start="961" end="982" text="transfusion dependant" modality="FACTUAL" polarity="POS" type="PROBLEM" />
<TIMEX3 id="T0" start="1027" end="1032" text="today" type="DATE" val="2013-05-24" mod="APPROX" />
<TIMEX3 id="T3" start="1530" end="1535" text="05-23" type="DATE" val="2013-05-23" mod="NA" />
<TIMEX3 id="T1" start="18" end="28" text="2013-05-18" type="DATE" val="2013-05-18" mod="NA" />
<TIMEX3 id="T5" start="1966" end="1972" text="5/20/5" type="DATE" val="2013-05-20" mod="NA" />
<TIMEX3 id="T4" start="1986" end="1990" text="5 pm" type="TIME" val="" mod="NA" />
<TIMEX3 id="T2" start="46" end="56" text="2013-05-24" type="DATE" val="2013-05-24" mod="NA" />
<SECTIME id="S0" start="18" end="28" text="2013-05-18" type="ADMISSION" dvalue="2013-05-18" />
<SECTIME id="S1" start="46" end="56" text="2013-05-24" type="DISCHARGE" dvalue="2013-05-24" />
<TLINK id="TL0" fromID="E59" fromText="MMP" toID="E1" toText="a mechanical fall" type="OVERLAP" />
<TLINK id="TL1" fromID="E3" fromText="Fall" toID="E60" toText="witnessed" type="BEFORE" />
<TLINK id="TL2" fromID="E4" fromText="Nicholas seizures" toID="E5" toText="LOC" type="OVERLAP" />
<TLINK id="TL3" fromID="E4" fromText="Nicholas seizures" toID="E6" toText="head or neck trauma" type="OVERLAP" />
<TLINK id="TL4" fromID="E5" fromText="LOC" toID="E6" toText="head or neck trauma" type="OVERLAP" />
<TLINK id="TL5" fromID="E61" fromText="denies" toID="E62" toText="CP" type="AFTER" />
<TLINK id="TL6" fromID="E61" fromText="denies" toID="E63" toText="SOB" type="AFTER" />
<TLINK id="TL7" fromID="E61" fromText="denies" toID="E64" toText="light headedness" type="AFTER" />
<TLINK id="TL8" fromID="E61" fromText="denies" toID="E65" toText="dizziness" type="AFTER" />
<TLINK id="TL9" fromID="E61" fromText="denies" toID="E7" toText="the fall" type="AFTER" />
<TLINK id="TL10" fromID="E62" fromText="CP" toID="E63" toText="SOB" type="OVERLAP" />
<TLINK id="TL11" fromID="E62" fromText="CP" toID="E64" toText="light headedness" type="OVERLAP" />
<TLINK id="TL12" fromID="E62" fromText="CP" toID="E65" toText="dizziness" type="OVERLAP" />
<TLINK id="TL13" fromID="E63" fromText="SOB" toID="E64" toText="light headedness" type="OVERLAP" />
<TLINK id="TL14" fromID="E63" fromText="SOB" toID="E65" toText="dizziness" type="OVERLAP" />
<TLINK id="TL15" fromID="E63" fromText="SOB" toID="E7" toText="the fall" type="AFTER" />
<TLINK id="TL16" fromID="E64" fromText="light headedness" toID="E65" toText="dizziness" type="OVERLAP" />
<TLINK id="TL17" fromID="E64" fromText="light headedness" toID="E7" toText="the fall" type="AFTER" />
<TLINK id="TL18" fromID="E65" fromText="dizziness" toID="E7" toText="the fall" type="AFTER" />
<TLINK id="TL19" fromID="E66" fromText="fell" toID="E8" toText="pain in her R arm and hip" type="AFTER" />
<TLINK id="TL20" fromID="E54" fromText="Presented" toID="E67" toText="Taunton" type="BEFORE" />
<TLINK id="TL21" fromID="E54" fromText="Presented" toID="E68" toText="found" type="BEFORE" />
<TLINK id="TL22" fromID="E54" fromText="Presented" toID="E9" toText="R humerus and R hip fx" type="AFTER" />
<TLINK id="TL23" fromID="E67" fromText="Taunton" toID="E68" toText="found" type="OVERLAP" />
<TLINK id="TL24" fromID="E67" fromText="Taunton" toID="E9" toText="R humerus and R hip fx" type="AFTER" />
<TLINK id="TL25" fromID="E68" fromText="found" toID="E9" toText="R humerus and R hip fx" type="AFTER" />
<TLINK id="TL26" fromID="E69" fromText="Ct" toID="E70" toText="fx" type="OVERLAP" />
<TLINK id="TL27" fromID="E69" fromText="Ct" toID="E71" toText="bleed" type="OVERLAP" />
<TLINK id="TL28" fromID="E69" fromText="Ct" toID="E72" toText="dislocation" type="OVERLAP" />
<TLINK id="TL29" fromID="E70" fromText="fx" toID="E71" toText="bleed" type="OVERLAP" />
<TLINK id="TL30" fromID="E70" fromText="fx" toID="E72" toText="dislocation" type="OVERLAP" />
<TLINK id="TL31" fromID="E71" fromText="bleed" toID="E72" toText="dislocation" type="OVERLAP" />
<TLINK id="TL32" fromID="E73" fromText="MMP" toID="E10" toText="a mechanical fall" type="OVERLAP" />
<TLINK id="TL33" fromID="E12" fromText="Fall" toID="E74" toText="mechanical in nature" type="OVERLAP" />
<TLINK id="TL34" fromID="E14" fromText="CAD" toID="E15" toText="CHF" type="OVERLAP" />
<TLINK id="TL35" fromID="E14" fromText="CAD" toID="E16" toText="a low hct" type="OVERLAP" />
<TLINK id="TL36" fromID="E14" fromText="CAD" toID="E17" toText="major trauma" type="AFTER" />
<TLINK id="TL37" fromID="E15" fromText="CHF" toID="E16" toText="a low hct" type="OVERLAP" />
<TLINK id="TL38" fromID="E15" fromText="CHF" toID="E17" toText="major trauma" type="AFTER" />
<TLINK id="TL39" fromID="E16" fromText="a low hct" toID="E17" toText="major trauma" type="OVERLAP" />
<TLINK id="TL40" fromID="E75" fromText="changes" toID="E76" toText="EKG" type="AFTER" />
<TLINK id="TL41" fromID="E19" fromText="Anemia" toID="E20" toText="transfusion dependant" type="OVERLAP" />
<TLINK id="TL42" fromID="E77" fromText="transfuse" toID="E21" toText="lasix" type="OVERLAP" />
<TLINK id="TL43" fromID="E77" fromText="transfuse" toID="T0" toText="today" type="OVERLAP" />
<TLINK id="TL44" fromID="T0" fromText="today" toID="E21" toText="lasix" type="OVERLAP" />
<TLINK id="TL45" fromID="E22" fromText="GERD" toID="E23" toText="PPI" type="OVERLAP" />
<TLINK id="TL46" fromID="E24" fromText="DM" toID="E25" toText="glipizide" type="BEFORE" />
<TLINK id="TL47" fromID="E24" fromText="DM" toID="E26" toText="ISS" type="BEFORE" />
<TLINK id="TL48" fromID="E25" fromText="glipizide" toID="E26" toText="ISS" type="OVERLAP" />
<TLINK id="TL49" fromID="E27" fromText="PMR" toID="E28" toText="prednisone" type="OVERLAP" />
<TLINK id="TL50" fromID="E29" fromText="a recent fall" toID="E78" toText="right ORIF of the hip" type="OVERLAP" />
<TLINK id="TL51" fromID="E29" fromText="a recent fall" toID="E55" toText="right wrist fracture ORIF" type="OVERLAP" />
<TLINK id="TL52" fromID="E29" fromText="a recent fall" toID="E79" toText="the hospital" type="BEFORE" />
<TLINK id="TL53" fromID="E29" fromText="a recent fall" toID="E80" toText="this event" type="OVERLAP" />
<TLINK id="TL54" fromID="E29" fromText="a recent fall" toID="E56" toText="noted" type="BEFORE" />
<TLINK id="TL55" fromID="E78" fromText="right ORIF of the hip" toID="E55" toText="right wrist fracture ORIF" type="OVERLAP" />
<TLINK id="TL56" fromID="E78" fromText="right ORIF of the hip" toID="E79" toText="the hospital" type="OVERLAP" />
<TLINK id="TL57" fromID="E78" fromText="right ORIF of the hip" toID="E80" toText="this event" type="AFTER" />
<TLINK id="TL58" fromID="E55" fromText="right wrist fracture ORIF" toID="E79" toText="the hospital" type="OVERLAP" />
<TLINK id="TL59" fromID="E55" fromText="right wrist fracture ORIF" toID="E80" toText="this event" type="AFTER" />
<TLINK id="TL60" fromID="E79" fromText="the hospital" toID="E80" toText="this event" type="AFTER" />
<TLINK id="TL61" fromID="E56" fromText="noted" toID="E30" toText="abdominal pain" type="AFTER" />
<TLINK id="TL62" fromID="E56" fromText="noted" toID="E31" toText="distention" type="AFTER" />
<TLINK id="TL63" fromID="E56" fromText="noted" toID="E32" toText="coffee ground emesis" type="AFTER" />
<TLINK id="TL64" fromID="E56" fromText="noted" toID="E33" toText="worsening mental status" type="AFTER" />
<TLINK id="TL65" fromID="E30" fromText="abdominal pain" toID="E31" toText="distention" type="OVERLAP" />
<TLINK id="TL66" fromID="E30" fromText="abdominal pain" toID="E32" toText="coffee ground emesis" type="OVERLAP" />
<TLINK id="TL67" fromID="E31" fromText="distention" toID="E32" toText="coffee ground emesis" type="OVERLAP" />
<TLINK id="TL68" fromID="E33" fromText="worsening mental status" toID="E34" toText="renal failure" type="OVERLAP" />
<TLINK id="TL69" fromID="E35" fromText="CT scan" toID="E57" toText="revealed" type="OVERLAP" />
<TLINK id="TL70" fromID="E35" fromText="CT scan" toID="E36" toText="free air" type="AFTER" />
<TLINK id="TL71" fromID="E57" fromText="revealed" toID="E36" toText="free air" type="AFTER" />
<TLINK id="TL72" fromID="E38" fromText="surgery" toID="T3" toText="05-23" type="OVERLAP" />
<TLINK id="TL73" fromID="E39" fromText="Exploratory laparotomy" toID="E40" toText="drainage" type="OVERLAP" />
<TLINK id="TL74" fromID="E39" fromText="Exploratory laparotomy" toID="E41" toText="intra-abdominal abscess" type="OVERLAP" />
<TLINK id="TL75" fromID="E39" fromText="Exploratory laparotomy" toID="E42" toText="peritonitis" type="OVERLAP" />
<TLINK id="TL76" fromID="E39" fromText="Exploratory laparotomy" toID="E43" toText="gross soilage with bile and gastric contents" type="OVERLAP" />
<TLINK id="TL77" fromID="E40" fromText="drainage" toID="E41" toText="intra-abdominal abscess" type="AFTER" />
<TLINK id="TL78" fromID="E40" fromText="drainage" toID="E42" toText="peritonitis" type="OVERLAP" />
<TLINK id="TL79" fromID="E40" fromText="drainage" toID="E43" toText="gross soilage with bile and gastric contents" type="OVERLAP" />
<TLINK id="TL80" fromID="E41" fromText="intra-abdominal abscess" toID="E42" toText="peritonitis" type="OVERLAP" />
<TLINK id="TL81" fromID="E41" fromText="intra-abdominal abscess" toID="E43" toText="gross soilage with bile and gastric contents" type="OVERLAP" />
<TLINK id="TL82" fromID="E42" fromText="peritonitis" toID="E43" toText="gross soilage with bile and gastric contents" type="OVERLAP" />
<TLINK id="TL83" fromID="E44" fromText="Exposure" toID="E45" toText="wide drainage" type="OVERLAP" />
<TLINK id="TL84" fromID="E44" fromText="Exposure" toID="E46" toText="perforated posterior duodenal ulcer" type="OVERLAP" />
<TLINK id="TL85" fromID="E44" fromText="Exposure" toID="E47" toText="internal and external drainage" type="OVERLAP" />
<TLINK id="TL86" fromID="E45" fromText="wide drainage" toID="E46" toText="perforated posterior duodenal ulcer" type="AFTER" />
<TLINK id="TL87" fromID="E45" fromText="wide drainage" toID="E47" toText="internal and external drainage" type="OVERLAP" />
<TLINK id="TL88" fromID="E46" fromText="perforated posterior duodenal ulcer" toID="E47" toText="internal and external drainage" type="OVERLAP" />
<TLINK id="TL89" fromID="E81" fromText="spiking fevers" toID="E50" toText="ventilatory support" type="OVERLAP" />
<TLINK id="TL90" fromID="E81" fromText="spiking fevers" toID="E51" toText="pressors" type="BEFORE" />
<TLINK id="TL91" fromID="E81" fromText="spiking fevers" toID="E52" toText="the bp." type="BEFORE" />
<TLINK id="TL92" fromID="E81" fromText="spiking fevers" toID="E82" toText="improvement" type="BEFORE" />
<TLINK id="TL93" fromID="E81" fromText="spiking fevers" toID="E83" toText="mental staus" type="BEFORE" />
<TLINK id="TL94" fromID="E81" fromText="spiking fevers" toID="E84" toText="CMO" type="BEFORE" />
<TLINK id="TL95" fromID="E81" fromText="spiking fevers" toID="T5" toText="5/20/5" type="BEFORE" />
<TLINK id="TL96" fromID="E50" fromText="ventilatory support" toID="E51" toText="pressors" type="OVERLAP" />
<TLINK id="TL97" fromID="E50" fromText="ventilatory support" toID="E52" toText="the bp." type="BEFORE" />
<TLINK id="TL98" fromID="E50" fromText="ventilatory support" toID="E82" toText="improvement" type="BEFORE" />
<TLINK id="TL99" fromID="E50" fromText="ventilatory support" toID="E83" toText="mental staus" type="BEFORE" />
<TLINK id="TL100" fromID="E50" fromText="ventilatory support" toID="E84" toText="CMO" type="BEFORE" />
<TLINK id="TL101" fromID="E50" fromText="ventilatory support" toID="T5" toText="5/20/5" type="BEFORE" />
<TLINK id="TL102" fromID="E51" fromText="pressors" toID="E52" toText="the bp." type="BEFORE" />
<TLINK id="TL103" fromID="E51" fromText="pressors" toID="E82" toText="improvement" type="BEFORE" />
<TLINK id="TL104" fromID="E51" fromText="pressors" toID="E83" toText="mental staus" type="BEFORE" />
<TLINK id="TL105" fromID="E51" fromText="pressors" toID="E84" toText="CMO" type="BEFORE" />
<TLINK id="TL106" fromID="E51" fromText="pressors" toID="T5" toText="5/20/5" type="BEFORE" />
<TLINK id="TL107" fromID="E52" fromText="the bp." toID="E82" toText="improvement" type="OVERLAP" />
<TLINK id="TL108" fromID="E52" fromText="the bp." toID="E83" toText="mental staus" type="OVERLAP" />
<TLINK id="TL109" fromID="E52" fromText="the bp." toID="E84" toText="CMO" type="OVERLAP" />
<TLINK id="TL110" fromID="E52" fromText="the bp." toID="T5" toText="5/20/5" type="OVERLAP" />
<TLINK id="TL111" fromID="E82" fromText="improvement" toID="E83" toText="mental staus" type="OVERLAP" />
<TLINK id="TL112" fromID="E82" fromText="improvement" toID="E84" toText="CMO" type="OVERLAP" />
<TLINK id="TL113" fromID="E82" fromText="improvement" toID="T5" toText="5/20/5" type="OVERLAP" />
<TLINK id="TL114" fromID="E83" fromText="mental staus" toID="E84" toText="CMO" type="OVERLAP" />
<TLINK id="TL115" fromID="E83" fromText="mental staus" toID="T5" toText="5/20/5" type="OVERLAP" />
<TLINK id="TL116" fromID="E84" fromText="CMO" toID="T5" toText="5/20/5" type="OVERLAP" />
<TLINK id="TL117" fromID="E58" fromText="Expired" toID="T4" toText="5 pm" type="OVERLAP" />
<TLINK id="TL118" fromID="E53" fromText="Admission" toID="T1" toText="2013-05-18" type="BEFORE" />
<TLINK id="TL119" fromID="E53" fromText="Admission" toID="E0" toText="Discharge" type="AFTER" />
<TLINK id="TL120" fromID="E53" fromText="Admission" toID="T2" toText="2013-05-24" type="BEFORE" />
<TLINK id="TL121" fromID="E53" fromText="Admission" toID="E59" toText="MMP" type="AFTER" />
<TLINK id="TL122" fromID="E53" fromText="Admission" toID="E1" toText="a mechanical fall" type="AFTER" />
<TLINK id="TL123" fromID="E53" fromText="Admission" toID="E2" toText="a hip and arm fracture" type="AFTER" />
<TLINK id="TL124" fromID="E53" fromText="Admission" toID="E3" toText="Fall" type="AFTER" />
<TLINK id="TL125" fromID="E53" fromText="Admission" toID="E60" toText="witnessed" type="AFTER" />
<TLINK id="TL126" fromID="E53" fromText="Admission" toID="E4" toText="Nicholas seizures" type="AFTER" />
<TLINK id="TL127" fromID="E53" fromText="Admission" toID="E5" toText="LOC" type="AFTER" />
<TLINK id="TL128" fromID="E53" fromText="Admission" toID="E6" toText="head or neck trauma" type="AFTER" />
<TLINK id="TL129" fromID="E53" fromText="Admission" toID="E61" toText="denies" type="AFTER" />
<TLINK id="TL130" fromID="E53" fromText="Admission" toID="E62" toText="CP" type="AFTER" />
<TLINK id="TL131" fromID="E53" fromText="Admission" toID="E63" toText="SOB" type="AFTER" />
<TLINK id="TL132" fromID="E53" fromText="Admission" toID="E64" toText="light headedness" type="AFTER" />
<TLINK id="TL133" fromID="E53" fromText="Admission" toID="E65" toText="dizziness" type="AFTER" />
<TLINK id="TL134" fromID="E53" fromText="Admission" toID="E7" toText="the fall" type="AFTER" />
<TLINK id="TL135" fromID="E53" fromText="Admission" toID="E66" toText="fell" type="AFTER" />
<TLINK id="TL136" fromID="E53" fromText="Admission" toID="E8" toText="pain in her R arm and hip" type="AFTER" />
<TLINK id="TL137" fromID="E53" fromText="Admission" toID="E54" toText="Presented" type="AFTER" />
<TLINK id="TL138" fromID="E53" fromText="Admission" toID="E67" toText="Taunton" type="AFTER" />
<TLINK id="TL139" fromID="E53" fromText="Admission" toID="E68" toText="found" type="AFTER" />
<TLINK id="TL140" fromID="E53" fromText="Admission" toID="E9" toText="R humerus and R hip fx" type="AFTER" />
<TLINK id="TL141" fromID="E53" fromText="Admission" toID="E69" toText="Ct" type="AFTER" />
<TLINK id="TL142" fromID="E53" fromText="Admission" toID="E70" toText="fx" type="AFTER" />
<TLINK id="TL143" fromID="E53" fromText="Admission" toID="E71" toText="bleed" type="AFTER" />
<TLINK id="TL144" fromID="E53" fromText="Admission" toID="E72" toText="dislocation" type="AFTER" />
<TLINK id="TL145" fromID="E53" fromText="Admission" toID="E10" toText="a mechanical fall" type="AFTER" />
<TLINK id="TL146" fromID="E53" fromText="Admission" toID="E12" toText="Fall" type="AFTER" />
<TLINK id="TL147" fromID="E53" fromText="Admission" toID="E17" toText="major trauma" type="AFTER" />
<TLINK id="TL148" fromID="E53" fromText="Admission" toID="E20" toText="transfusion dependant" type="AFTER" />
<TLINK id="TL149" fromID="E53" fromText="Admission" toID="T0" toText="today" type="BEFORE" />
<TLINK id="TL150" fromID="E53" fromText="Admission" toID="E24" toText="DM" type="AFTER" />
<TLINK id="TL151" fromID="E53" fromText="Admission" toID="E79" toText="the hospital" type="BEFORE" />
<TLINK id="TL152" fromID="E53" fromText="Admission" toID="E40" toText="drainage" type="BEFORE" />
<TLINK id="TL153" fromID="E53" fromText="Admission" toID="E45" toText="wide drainage" type="BEFORE" />
<TLINK id="TL154" fromID="E53" fromText="Admission" toID="E47" toText="internal and external drainage" type="BEFORE" />
<TLINK id="TL155" fromID="E53" fromText="Admission" toID="E58" toText="Expired" type="BEFORE" />
<TLINK id="TL156" fromID="T1" fromText="2013-05-18" toID="E0" toText="Discharge" type="BEFORE" />
<TLINK id="TL157" fromID="T1" fromText="2013-05-18" toID="T2" toText="2013-05-24" type="BEFORE" />
<TLINK id="TL158" fromID="T1" fromText="2013-05-18" toID="E59" toText="MMP" type="AFTER" />
<TLINK id="TL159" fromID="T1" fromText="2013-05-18" toID="E1" toText="a mechanical fall" type="AFTER" />
<TLINK id="TL160" fromID="T1" fromText="2013-05-18" toID="E2" toText="a hip and arm fracture" type="AFTER" />
<TLINK id="TL161" fromID="T1" fromText="2013-05-18" toID="E3" toText="Fall" type="AFTER" />
<TLINK id="TL162" fromID="T1" fromText="2013-05-18" toID="E60" toText="witnessed" type="AFTER" />
<TLINK id="TL163" fromID="T1" fromText="2013-05-18" toID="E4" toText="Nicholas seizures" type="AFTER" />
<TLINK id="TL164" fromID="T1" fromText="2013-05-18" toID="E5" toText="LOC" type="AFTER" />
<TLINK id="TL165" fromID="T1" fromText="2013-05-18" toID="E6" toText="head or neck trauma" type="AFTER" />
<TLINK id="TL166" fromID="T1" fromText="2013-05-18" toID="E61" toText="denies" type="AFTER" />
<TLINK id="TL167" fromID="T1" fromText="2013-05-18" toID="E62" toText="CP" type="AFTER" />
<TLINK id="TL168" fromID="T1" fromText="2013-05-18" toID="E63" toText="SOB" type="AFTER" />
<TLINK id="TL169" fromID="T1" fromText="2013-05-18" toID="E64" toText="light headedness" type="AFTER" />
<TLINK id="TL170" fromID="T1" fromText="2013-05-18" toID="E65" toText="dizziness" type="AFTER" />
<TLINK id="TL171" fromID="T1" fromText="2013-05-18" toID="E7" toText="the fall" type="AFTER" />
<TLINK id="TL172" fromID="T1" fromText="2013-05-18" toID="E66" toText="fell" type="AFTER" />
<TLINK id="TL173" fromID="T1" fromText="2013-05-18" toID="E8" toText="pain in her R arm and hip" type="AFTER" />
<TLINK id="TL174" fromID="T1" fromText="2013-05-18" toID="E54" toText="Presented" type="AFTER" />
<TLINK id="TL175" fromID="T1" fromText="2013-05-18" toID="E67" toText="Taunton" type="AFTER" />
<TLINK id="TL176" fromID="T1" fromText="2013-05-18" toID="E68" toText="found" type="AFTER" />
<TLINK id="TL177" fromID="T1" fromText="2013-05-18" toID="E9" toText="R humerus and R hip fx" type="AFTER" />
<TLINK id="TL178" fromID="T1" fromText="2013-05-18" toID="E69" toText="Ct" type="AFTER" />
<TLINK id="TL179" fromID="T1" fromText="2013-05-18" toID="E70" toText="fx" type="AFTER" />
<TLINK id="TL180" fromID="T1" fromText="2013-05-18" toID="E71" toText="bleed" type="AFTER" />
<TLINK id="TL181" fromID="T1" fromText="2013-05-18" toID="E72" toText="dislocation" type="AFTER" />
<TLINK id="TL182" fromID="T1" fromText="2013-05-18" toID="E73" toText="MMP" type="AFTER" />
<TLINK id="TL183" fromID="T1" fromText="2013-05-18" toID="E10" toText="a mechanical fall" type="AFTER" />
<TLINK id="TL184" fromID="T1" fromText="2013-05-18" toID="E11" toText="a hip and arm fracture" type="AFTER" />
<TLINK id="TL185" fromID="T1" fromText="2013-05-18" toID="E12" toText="Fall" type="AFTER" />
<TLINK id="TL186" fromID="T1" fromText="2013-05-18" toID="E74" toText="mechanical in nature" type="AFTER" />
<TLINK id="TL187" fromID="T1" fromText="2013-05-18" toID="E13" toText="injuries to her shoulder and hip" type="AFTER" />
<TLINK id="TL188" fromID="T1" fromText="2013-05-18" toID="E14" toText="CAD" type="AFTER" />
<TLINK id="TL189" fromID="T1" fromText="2013-05-18" toID="E16" toText="a low hct" type="AFTER" />
<TLINK id="TL190" fromID="T1" fromText="2013-05-18" toID="E17" toText="major trauma" type="AFTER" />
<TLINK id="TL191" fromID="T1" fromText="2013-05-18" toID="E76" toText="EKG" type="AFTER" />
<TLINK id="TL192" fromID="T1" fromText="2013-05-18" toID="E18" toText="pressor" type="AFTER" />
<TLINK id="TL193" fromID="T1" fromText="2013-05-18" toID="E19" toText="Anemia" type="AFTER" />
<TLINK id="TL194" fromID="T1" fromText="2013-05-18" toID="E20" toText="transfusion dependant" type="AFTER" />
<TLINK id="TL195" fromID="T1" fromText="2013-05-18" toID="E77" toText="transfuse" type="AFTER" />
<TLINK id="TL196" fromID="T1" fromText="2013-05-18" toID="E21" toText="lasix" type="AFTER" />
<TLINK id="TL197" fromID="T1" fromText="2013-05-18" toID="T0" toText="today" type="BEFORE" />
<TLINK id="TL198" fromID="T1" fromText="2013-05-18" toID="E22" toText="GERD" type="AFTER" />
<TLINK id="TL199" fromID="T1" fromText="2013-05-18" toID="E23" toText="PPI" type="AFTER" />
<TLINK id="TL200" fromID="T1" fromText="2013-05-18" toID="E24" toText="DM" type="AFTER" />
<TLINK id="TL201" fromID="T1" fromText="2013-05-18" toID="E25" toText="glipizide" type="AFTER" />
<TLINK id="TL202" fromID="T1" fromText="2013-05-18" toID="E26" toText="ISS" type="AFTER" />
<TLINK id="TL203" fromID="T1" fromText="2013-05-18" toID="E27" toText="PMR" type="AFTER" />
<TLINK id="TL204" fromID="T1" fromText="2013-05-18" toID="E29" toText="a recent fall" type="AFTER" />
<TLINK id="TL205" fromID="T1" fromText="2013-05-18" toID="E79" toText="the hospital" type="AFTER" />
<TLINK id="TL206" fromID="T1" fromText="2013-05-18" toID="E80" toText="this event" type="AFTER" />
<TLINK id="TL207" fromID="T1" fromText="2013-05-18" toID="E30" toText="abdominal pain" type="AFTER" />
<TLINK id="TL208" fromID="T1" fromText="2013-05-18" toID="E32" toText="coffee ground emesis" type="AFTER" />
<TLINK id="TL209" fromID="T1" fromText="2013-05-18" toID="E33" toText="worsening mental status" type="AFTER" />
<TLINK id="TL210" fromID="T1" fromText="2013-05-18" toID="E34" toText="renal failure" type="AFTER" />
<TLINK id="TL211" fromID="T1" fromText="2013-05-18" toID="E35" toText="CT scan" type="AFTER" />
<TLINK id="TL212" fromID="T1" fromText="2013-05-18" toID="E57" toText="revealed" type="AFTER" />
<TLINK id="TL213" fromID="T1" fromText="2013-05-18" toID="E36" toText="free air" type="AFTER" />
<TLINK id="TL214" fromID="T1" fromText="2013-05-18" toID="E37" toText="massive ascites" type="AFTER" />
<TLINK id="TL215" fromID="T1" fromText="2013-05-18" toID="E39" toText="Exploratory laparotomy" type="AFTER" />
<TLINK id="TL216" fromID="T1" fromText="2013-05-18" toID="E42" toText="peritonitis" type="AFTER" />
<TLINK id="TL217" fromID="T1" fromText="2013-05-18" toID="E43" toText="gross soilage with bile and gastric contents" type="AFTER" />
<TLINK id="TL218" fromID="T1" fromText="2013-05-18" toID="E81" toText="spiking fevers" type="AFTER" />
<TLINK id="TL219" fromID="T1" fromText="2013-05-18" toID="E50" toText="ventilatory support" type="AFTER" />
<TLINK id="TL220" fromID="T1" fromText="2013-05-18" toID="E58" toText="Expired" type="BEFORE" />
<TLINK id="TL221" fromID="E0" fromText="Discharge" toID="T2" toText="2013-05-24" type="OVERLAP" />
<TLINK id="TL222" fromID="E0" fromText="Discharge" toID="E59" toText="MMP" type="BEFORE" />
<TLINK id="TL223" fromID="E0" fromText="Discharge" toID="E1" toText="a mechanical fall" type="BEFORE" />
<TLINK id="TL224" fromID="E0" fromText="Discharge" toID="E2" toText="a hip and arm fracture" type="BEFORE" />
<TLINK id="TL225" fromID="E0" fromText="Discharge" toID="E3" toText="Fall" type="BEFORE" />
<TLINK id="TL226" fromID="E0" fromText="Discharge" toID="E60" toText="witnessed" type="AFTER" />
<TLINK id="TL227" fromID="E0" fromText="Discharge" toID="E4" toText="Nicholas seizures" type="AFTER" />
<TLINK id="TL228" fromID="E0" fromText="Discharge" toID="E5" toText="LOC" type="AFTER" />
<TLINK id="TL229" fromID="E0" fromText="Discharge" toID="E6" toText="head or neck trauma" type="BEFORE" />
<TLINK id="TL230" fromID="E0" fromText="Discharge" toID="E61" toText="denies" type="AFTER" />
<TLINK id="TL231" fromID="E0" fromText="Discharge" toID="E62" toText="CP" type="BEFORE" />
<TLINK id="TL232" fromID="E0" fromText="Discharge" toID="E63" toText="SOB" type="BEFORE" />
<TLINK id="TL233" fromID="E0" fromText="Discharge" toID="E64" toText="light headedness" type="BEFORE" />
<TLINK id="TL234" fromID="E0" fromText="Discharge" toID="E65" toText="dizziness" type="BEFORE" />
<TLINK id="TL235" fromID="E0" fromText="Discharge" toID="E7" toText="the fall" type="BEFORE" />
<TLINK id="TL236" fromID="E0" fromText="Discharge" toID="E66" toText="fell" type="AFTER" />
<TLINK id="TL237" fromID="E0" fromText="Discharge" toID="E8" toText="pain in her R arm and hip" type="AFTER" />
<TLINK id="TL238" fromID="E0" fromText="Discharge" toID="E54" toText="Presented" type="AFTER" />
<TLINK id="TL239" fromID="E0" fromText="Discharge" toID="E67" toText="Taunton" type="AFTER" />
<TLINK id="TL240" fromID="E0" fromText="Discharge" toID="E68" toText="found" type="AFTER" />
<TLINK id="TL241" fromID="E0" fromText="Discharge" toID="E9" toText="R humerus and R hip fx" type="BEFORE" />
<TLINK id="TL242" fromID="E0" fromText="Discharge" toID="E69" toText="Ct" type="AFTER" />
<TLINK id="TL243" fromID="E0" fromText="Discharge" toID="E70" toText="fx" type="BEFORE" />
<TLINK id="TL244" fromID="E0" fromText="Discharge" toID="E71" toText="bleed" type="BEFORE" />
<TLINK id="TL245" fromID="E0" fromText="Discharge" toID="E72" toText="dislocation" type="BEFORE" />
<TLINK id="TL246" fromID="E0" fromText="Discharge" toID="E73" toText="MMP" type="AFTER" />
<TLINK id="TL247" fromID="E0" fromText="Discharge" toID="E10" toText="a mechanical fall" type="AFTER" />
<TLINK id="TL248" fromID="E0" fromText="Discharge" toID="E11" toText="a hip and arm fracture" type="AFTER" />
<TLINK id="TL249" fromID="E0" fromText="Discharge" toID="E12" toText="Fall" type="AFTER" />
<TLINK id="TL250" fromID="E0" fromText="Discharge" toID="E74" toText="mechanical in nature" type="AFTER" />
<TLINK id="TL251" fromID="E0" fromText="Discharge" toID="E13" toText="injuries to her shoulder and hip" type="AFTER" />
<TLINK id="TL252" fromID="E0" fromText="Discharge" toID="E14" toText="CAD" type="AFTER" />
<TLINK id="TL253" fromID="E0" fromText="Discharge" toID="E15" toText="CHF" type="AFTER" />
<TLINK id="TL254" fromID="E0" fromText="Discharge" toID="E16" toText="a low hct" type="AFTER" />
<TLINK id="TL255" fromID="E0" fromText="Discharge" toID="E17" toText="major trauma" type="AFTER" />
<TLINK id="TL256" fromID="E0" fromText="Discharge" toID="E75" toText="changes" type="AFTER" />
<TLINK id="TL257" fromID="E0" fromText="Discharge" toID="E76" toText="EKG" type="AFTER" />
<TLINK id="TL258" fromID="E0" fromText="Discharge" toID="E18" toText="pressor" type="AFTER" />
<TLINK id="TL259" fromID="E0" fromText="Discharge" toID="E19" toText="Anemia" type="AFTER" />
<TLINK id="TL260" fromID="E0" fromText="Discharge" toID="E20" toText="transfusion dependant" type="AFTER" />
<TLINK id="TL261" fromID="E0" fromText="Discharge" toID="E77" toText="transfuse" type="AFTER" />
<TLINK id="TL262" fromID="E0" fromText="Discharge" toID="E21" toText="lasix" type="AFTER" />
<TLINK id="TL263" fromID="E0" fromText="Discharge" toID="T0" toText="today" type="AFTER" />
<TLINK id="TL264" fromID="E0" fromText="Discharge" toID="E22" toText="GERD" type="AFTER" />
<TLINK id="TL265" fromID="E0" fromText="Discharge" toID="E23" toText="PPI" type="AFTER" />
<TLINK id="TL266" fromID="E0" fromText="Discharge" toID="E24" toText="DM" type="AFTER" />
<TLINK id="TL267" fromID="E0" fromText="Discharge" toID="E25" toText="glipizide" type="AFTER" />
<TLINK id="TL268" fromID="E0" fromText="Discharge" toID="E26" toText="ISS" type="AFTER" />
<TLINK id="TL269" fromID="E0" fromText="Discharge" toID="E27" toText="PMR" type="AFTER" />
<TLINK id="TL270" fromID="E0" fromText="Discharge" toID="E28" toText="prednisone" type="AFTER" />
<TLINK id="TL271" fromID="E0" fromText="Discharge" toID="E29" toText="a recent fall" type="AFTER" />
<TLINK id="TL272" fromID="E0" fromText="Discharge" toID="E78" toText="right ORIF of the hip" type="AFTER" />
<TLINK id="TL273" fromID="E0" fromText="Discharge" toID="E55" toText="right wrist fracture ORIF" type="AFTER" />
<TLINK id="TL274" fromID="E0" fromText="Discharge" toID="E79" toText="the hospital" type="AFTER" />
<TLINK id="TL275" fromID="E0" fromText="Discharge" toID="E80" toText="this event" type="AFTER" />
<TLINK id="TL276" fromID="E0" fromText="Discharge" toID="E56" toText="noted" type="AFTER" />
<TLINK id="TL277" fromID="E0" fromText="Discharge" toID="E30" toText="abdominal pain" type="AFTER" />
<TLINK id="TL278" fromID="E0" fromText="Discharge" toID="E31" toText="distention" type="AFTER" />
<TLINK id="TL279" fromID="E0" fromText="Discharge" toID="E32" toText="coffee ground emesis" type="AFTER" />
<TLINK id="TL280" fromID="E0" fromText="Discharge" toID="E33" toText="worsening mental status" type="AFTER" />
<TLINK id="TL281" fromID="E0" fromText="Discharge" toID="E34" toText="renal failure" type="AFTER" />
<TLINK id="TL282" fromID="E0" fromText="Discharge" toID="E35" toText="CT scan" type="AFTER" />
<TLINK id="TL283" fromID="E0" fromText="Discharge" toID="E57" toText="revealed" type="AFTER" />
<TLINK id="TL284" fromID="E0" fromText="Discharge" toID="E36" toText="free air" type="AFTER" />
<TLINK id="TL285" fromID="E0" fromText="Discharge" toID="E37" toText="massive ascites" type="AFTER" />
<TLINK id="TL286" fromID="E0" fromText="Discharge" toID="E38" toText="surgery" type="AFTER" />
<TLINK id="TL287" fromID="E0" fromText="Discharge" toID="T3" toText="05-23" type="AFTER" />
<TLINK id="TL288" fromID="E0" fromText="Discharge" toID="E39" toText="Exploratory laparotomy" type="AFTER" />
<TLINK id="TL289" fromID="E0" fromText="Discharge" toID="E40" toText="drainage" type="AFTER" />
<TLINK id="TL290" fromID="E0" fromText="Discharge" toID="E41" toText="intra-abdominal abscess" type="AFTER" />
<TLINK id="TL291" fromID="E0" fromText="Discharge" toID="E42" toText="peritonitis" type="AFTER" />
<TLINK id="TL292" fromID="E0" fromText="Discharge" toID="E43" toText="gross soilage with bile and gastric contents" type="AFTER" />
<TLINK id="TL293" fromID="E0" fromText="Discharge" toID="E44" toText="Exposure" type="AFTER" />
<TLINK id="TL294" fromID="E0" fromText="Discharge" toID="E45" toText="wide drainage" type="AFTER" />
<TLINK id="TL295" fromID="E0" fromText="Discharge" toID="E46" toText="perforated posterior duodenal ulcer" type="AFTER" />
<TLINK id="TL296" fromID="E0" fromText="Discharge" toID="E47" toText="internal and external drainage" type="AFTER" />
<TLINK id="TL297" fromID="E0" fromText="Discharge" toID="E48" toText="Feeding jejunostomy" type="AFTER" />
<TLINK id="TL298" fromID="E0" fromText="Discharge" toID="E49" toText="Tube gastrostomy" type="AFTER" />
<TLINK id="TL299" fromID="E0" fromText="Discharge" toID="E81" toText="spiking fevers" type="AFTER" />
<TLINK id="TL300" fromID="E0" fromText="Discharge" toID="E50" toText="ventilatory support" type="AFTER" />
<TLINK id="TL301" fromID="E0" fromText="Discharge" toID="E51" toText="pressors" type="AFTER" />
<TLINK id="TL302" fromID="E0" fromText="Discharge" toID="E52" toText="the bp." type="AFTER" />
<TLINK id="TL303" fromID="E0" fromText="Discharge" toID="E82" toText="improvement" type="AFTER" />
<TLINK id="TL304" fromID="E0" fromText="Discharge" toID="E83" toText="mental staus" type="AFTER" />
<TLINK id="TL305" fromID="E0" fromText="Discharge" toID="E84" toText="CMO" type="AFTER" />
<TLINK id="TL306" fromID="E0" fromText="Discharge" toID="T5" toText="5/20/5" type="AFTER" />
<TLINK id="TL307" fromID="E0" fromText="Discharge" toID="E58" toText="Expired" type="AFTER" />
<TLINK id="TL308" fromID="E0" fromText="Discharge" toID="T4" toText="5 pm" type="AFTER" />
<TLINK id="TL309" fromID="T2" fromText="2013-05-24" toID="E59" toText="MMP" type="AFTER" />
<TLINK id="TL310" fromID="T2" fromText="2013-05-24" toID="E1" toText="a mechanical fall" type="AFTER" />
<TLINK id="TL311" fromID="T2" fromText="2013-05-24" toID="E2" toText="a hip and arm fracture" type="AFTER" />
<TLINK id="TL312" fromID="T2" fromText="2013-05-24" toID="E3" toText="Fall" type="AFTER" />
<TLINK id="TL313" fromID="T2" fromText="2013-05-24" toID="E60" toText="witnessed" type="AFTER" />
<TLINK id="TL314" fromID="T2" fromText="2013-05-24" toID="E4" toText="Nicholas seizures" type="AFTER" />
<TLINK id="TL315" fromID="T2" fromText="2013-05-24" toID="E5" toText="LOC" type="AFTER" />
<TLINK id="TL316" fromID="T2" fromText="2013-05-24" toID="E6" toText="head or neck trauma" type="AFTER" />
<TLINK id="TL317" fromID="T2" fromText="2013-05-24" toID="E61" toText="denies" type="AFTER" />
<TLINK id="TL318" fromID="T2" fromText="2013-05-24" toID="E62" toText="CP" type="AFTER" />
<TLINK id="TL319" fromID="T2" fromText="2013-05-24" toID="E63" toText="SOB" type="AFTER" />
<TLINK id="TL320" fromID="T2" fromText="2013-05-24" toID="E64" toText="light headedness" type="AFTER" />
<TLINK id="TL321" fromID="T2" fromText="2013-05-24" toID="E65" toText="dizziness" type="AFTER" />
<TLINK id="TL322" fromID="T2" fromText="2013-05-24" toID="E7" toText="the fall" type="AFTER" />
<TLINK id="TL323" fromID="T2" fromText="2013-05-24" toID="E66" toText="fell" type="AFTER" />
<TLINK id="TL324" fromID="T2" fromText="2013-05-24" toID="E8" toText="pain in her R arm and hip" type="AFTER" />
<TLINK id="TL325" fromID="T2" fromText="2013-05-24" toID="E54" toText="Presented" type="AFTER" />
<TLINK id="TL326" fromID="T2" fromText="2013-05-24" toID="E67" toText="Taunton" type="AFTER" />
<TLINK id="TL327" fromID="T2" fromText="2013-05-24" toID="E68" toText="found" type="AFTER" />
<TLINK id="TL328" fromID="T2" fromText="2013-05-24" toID="E9" toText="R humerus and R hip fx" type="AFTER" />
<TLINK id="TL329" fromID="T2" fromText="2013-05-24" toID="E69" toText="Ct" type="AFTER" />
<TLINK id="TL330" fromID="T2" fromText="2013-05-24" toID="E70" toText="fx" type="AFTER" />
<TLINK id="TL331" fromID="T2" fromText="2013-05-24" toID="E71" toText="bleed" type="AFTER" />
<TLINK id="TL332" fromID="T2" fromText="2013-05-24" toID="E72" toText="dislocation" type="AFTER" />
<TLINK id="TL333" fromID="T2" fromText="2013-05-24" toID="E73" toText="MMP" type="AFTER" />
<TLINK id="TL334" fromID="T2" fromText="2013-05-24" toID="E10" toText="a mechanical fall" type="AFTER" />
<TLINK id="TL335" fromID="T2" fromText="2013-05-24" toID="E11" toText="a hip and arm fracture" type="AFTER" />
<TLINK id="TL336" fromID="T2" fromText="2013-05-24" toID="E12" toText="Fall" type="AFTER" />
<TLINK id="TL337" fromID="T2" fromText="2013-05-24" toID="E74" toText="mechanical in nature" type="AFTER" />
<TLINK id="TL338" fromID="T2" fromText="2013-05-24" toID="E13" toText="injuries to her shoulder and hip" type="AFTER" />
<TLINK id="TL339" fromID="T2" fromText="2013-05-24" toID="E14" toText="CAD" type="AFTER" />
<TLINK id="TL340" fromID="T2" fromText="2013-05-24" toID="E16" toText="a low hct" type="AFTER" />
<TLINK id="TL341" fromID="T2" fromText="2013-05-24" toID="E17" toText="major trauma" type="AFTER" />
<TLINK id="TL342" fromID="T2" fromText="2013-05-24" toID="E76" toText="EKG" type="AFTER" />
<TLINK id="TL343" fromID="T2" fromText="2013-05-24" toID="E18" toText="pressor" type="AFTER" />
<TLINK id="TL344" fromID="T2" fromText="2013-05-24" toID="E19" toText="Anemia" type="AFTER" />
<TLINK id="TL345" fromID="T2" fromText="2013-05-24" toID="E20" toText="transfusion dependant" type="AFTER" />
<TLINK id="TL346" fromID="T2" fromText="2013-05-24" toID="E77" toText="transfuse" type="AFTER" />
<TLINK id="TL347" fromID="T2" fromText="2013-05-24" toID="E21" toText="lasix" type="AFTER" />
<TLINK id="TL348" fromID="T2" fromText="2013-05-24" toID="T0" toText="today" type="BEFORE" />
<TLINK id="TL349" fromID="T2" fromText="2013-05-24" toID="E22" toText="GERD" type="AFTER" />
<TLINK id="TL350" fromID="T2" fromText="2013-05-24" toID="E23" toText="PPI" type="AFTER" />
<TLINK id="TL351" fromID="T2" fromText="2013-05-24" toID="E24" toText="DM" type="AFTER" />
<TLINK id="TL352" fromID="T2" fromText="2013-05-24" toID="E25" toText="glipizide" type="AFTER" />
<TLINK id="TL353" fromID="T2" fromText="2013-05-24" toID="E26" toText="ISS" type="AFTER" />
<TLINK id="TL354" fromID="T2" fromText="2013-05-24" toID="E27" toText="PMR" type="AFTER" />
<TLINK id="TL355" fromID="T2" fromText="2013-05-24" toID="E29" toText="a recent fall" type="AFTER" />
<TLINK id="TL356" fromID="T2" fromText="2013-05-24" toID="E78" toText="right ORIF of the hip" type="AFTER" />
<TLINK id="TL357" fromID="T2" fromText="2013-05-24" toID="E55" toText="right wrist fracture ORIF" type="AFTER" />
<TLINK id="TL358" fromID="T2" fromText="2013-05-24" toID="E79" toText="the hospital" type="AFTER" />
<TLINK id="TL359" fromID="T2" fromText="2013-05-24" toID="E80" toText="this event" type="AFTER" />
<TLINK id="TL360" fromID="T2" fromText="2013-05-24" toID="E56" toText="noted" type="AFTER" />
<TLINK id="TL361" fromID="T2" fromText="2013-05-24" toID="E30" toText="abdominal pain" type="AFTER" />
<TLINK id="TL362" fromID="T2" fromText="2013-05-24" toID="E32" toText="coffee ground emesis" type="AFTER" />
<TLINK id="TL363" fromID="T2" fromText="2013-05-24" toID="E33" toText="worsening mental status" type="AFTER" />
<TLINK id="TL364" fromID="T2" fromText="2013-05-24" toID="E34" toText="renal failure" type="AFTER" />
<TLINK id="TL365" fromID="T2" fromText="2013-05-24" toID="E37" toText="massive ascites" type="AFTER" />
<TLINK id="TL366" fromID="T2" fromText="2013-05-24" toID="E39" toText="Exploratory laparotomy" type="AFTER" />
<TLINK id="TL367" fromID="T2" fromText="2013-05-24" toID="E42" toText="peritonitis" type="AFTER" />
<TLINK id="TL368" fromID="T2" fromText="2013-05-24" toID="E43" toText="gross soilage with bile and gastric contents" type="AFTER" />
<TLINK id="TL369" fromID="T2" fromText="2013-05-24" toID="E44" toText="Exposure" type="AFTER" />
<TLINK id="TL370" fromID="T2" fromText="2013-05-24" toID="E46" toText="perforated posterior duodenal ulcer" type="AFTER" />
<TLINK id="TL371" fromID="T2" fromText="2013-05-24" toID="E81" toText="spiking fevers" type="AFTER" />
<TLINK id="TL372" fromID="T2" fromText="2013-05-24" toID="E50" toText="ventilatory support" type="AFTER" />
<TLINK id="TL373" fromID="T2" fromText="2013-05-24" toID="E58" toText="Expired" type="BEFORE" />
<TLINK id="TL374" fromID="E59" fromText="MMP" toID="E3" toText="Fall" type="OVERLAP" />
<TLINK id="TL375" fromID="E1" fromText="a mechanical fall" toID="E3" toText="Fall" type="OVERLAP" />
<TLINK id="TL376" fromID="E2" fromText="a hip and arm fracture" toID="E3" toText="Fall" type="OVERLAP" />
<TLINK id="TL377" fromID="E59" fromText="MMP" toID="E5" toText="LOC" type="BEFORE" />
<TLINK id="TL378" fromID="E1" fromText="a mechanical fall" toID="E5" toText="LOC" type="BEFORE" />
<TLINK id="TL379" fromID="E2" fromText="a hip and arm fracture" toID="E5" toText="LOC" type="BEFORE" />
<TLINK id="TL380" fromID="E59" fromText="MMP" toID="E61" toText="denies" type="BEFORE" />
<TLINK id="TL381" fromID="E1" fromText="a mechanical fall" toID="E61" toText="denies" type="BEFORE" />
<TLINK id="TL382" fromID="E1" fromText="a mechanical fall" toID="E7" toText="the fall" type="OVERLAP" />
<TLINK id="TL383" fromID="E2" fromText="a hip and arm fracture" toID="E61" toText="denies" type="BEFORE" />
<TLINK id="TL384" fromID="E1" fromText="a mechanical fall" toID="E71" toText="bleed" type="AFTER" />
<TLINK id="TL385" fromID="E59" fromText="MMP" toID="T0" toText="today" type="BEFORE" />
<TLINK id="TL386" fromID="E1" fromText="a mechanical fall" toID="T0" toText="today" type="BEFORE" />
<TLINK id="TL387" fromID="E2" fromText="a hip and arm fracture" toID="T0" toText="today" type="BEFORE" />
<TLINK id="TL388" fromID="E59" fromText="MMP" toID="E79" toText="the hospital" type="BEFORE" />
<TLINK id="TL389" fromID="E1" fromText="a mechanical fall" toID="E79" toText="the hospital" type="BEFORE" />
<TLINK id="TL390" fromID="E2" fromText="a hip and arm fracture" toID="E79" toText="the hospital" type="BEFORE" />
<TLINK id="TL391" fromID="E59" fromText="MMP" toID="E58" toText="Expired" type="BEFORE" />
<TLINK id="TL392" fromID="E1" fromText="a mechanical fall" toID="E58" toText="Expired" type="BEFORE" />
<TLINK id="TL393" fromID="E2" fromText="a hip and arm fracture" toID="E58" toText="Expired" type="BEFORE" />
<TLINK id="TL394" fromID="E3" fromText="Fall" toID="E5" toText="LOC" type="OVERLAP" />
<TLINK id="TL395" fromID="E60" fromText="witnessed" toID="E5" toText="LOC" type="AFTER" />
<TLINK id="TL396" fromID="E60" fromText="witnessed" toID="E6" toText="head or neck trauma" type="AFTER" />
<TLINK id="TL397" fromID="E3" fromText="Fall" toID="E61" toText="denies" type="BEFORE" />
<TLINK id="TL398" fromID="E3" fromText="Fall" toID="E7" toText="the fall" type="OVERLAP" />
<TLINK id="TL399" fromID="E60" fromText="witnessed" toID="E61" toText="denies" type="BEFORE" />
<TLINK id="TL400" fromID="E60" fromText="witnessed" toID="E7" toText="the fall" type="AFTER" />
<TLINK id="TL401" fromID="E3" fromText="Fall" toID="E71" toText="bleed" type="AFTER" />
<TLINK id="TL402" fromID="E60" fromText="witnessed" toID="E71" toText="bleed" type="AFTER" />
<TLINK id="TL403" fromID="E3" fromText="Fall" toID="T0" toText="today" type="BEFORE" />
<TLINK id="TL404" fromID="E60" fromText="witnessed" toID="T0" toText="today" type="BEFORE" />
<TLINK id="TL405" fromID="E3" fromText="Fall" toID="E79" toText="the hospital" type="BEFORE" />
<TLINK id="TL406" fromID="E3" fromText="Fall" toID="E58" toText="Expired" type="BEFORE" />
<TLINK id="TL407" fromID="E60" fromText="witnessed" toID="E58" toText="Expired" type="BEFORE" />
<TLINK id="TL408" fromID="E4" fromText="Nicholas seizures" toID="E61" toText="denies" type="BEFORE" />
<TLINK id="TL409" fromID="E5" fromText="LOC" toID="E61" toText="denies" type="OVERLAP" />
<TLINK id="TL410" fromID="E5" fromText="LOC" toID="E62" toText="CP" type="AFTER" />
<TLINK id="TL411" fromID="E5" fromText="LOC" toID="E63" toText="SOB" type="AFTER" />
<TLINK id="TL412" fromID="E5" fromText="LOC" toID="E64" toText="light headedness" type="AFTER" />
<TLINK id="TL413" fromID="E5" fromText="LOC" toID="E65" toText="dizziness" type="AFTER" />
<TLINK id="TL414" fromID="E5" fromText="LOC" toID="E7" toText="the fall" type="AFTER" />
<TLINK id="TL415" fromID="E6" fromText="head or neck trauma" toID="E61" toText="denies" type="BEFORE" />
<TLINK id="TL416" fromID="E5" fromText="LOC" toID="E66" toText="fell" type="AFTER" />
<TLINK id="TL417" fromID="E5" fromText="LOC" toID="E8" toText="pain in her R arm and hip" type="AFTER" />
<TLINK id="TL418" fromID="E5" fromText="LOC" toID="E54" toText="Presented" type="OVERLAP" />
<TLINK id="TL419" fromID="E5" fromText="LOC" toID="E68" toText="found" type="AFTER" />
<TLINK id="TL420" fromID="E5" fromText="LOC" toID="E9" toText="R humerus and R hip fx" type="AFTER" />
<TLINK id="TL421" fromID="E5" fromText="LOC" toID="E70" toText="fx" type="AFTER" />
<TLINK id="TL422" fromID="E5" fromText="LOC" toID="E71" toText="bleed" type="AFTER" />
<TLINK id="TL423" fromID="E5" fromText="LOC" toID="E72" toText="dislocation" type="AFTER" />
<TLINK id="TL424" fromID="E5" fromText="LOC" toID="E10" toText="a mechanical fall" type="AFTER" />
<TLINK id="TL425" fromID="E5" fromText="LOC" toID="E12" toText="Fall" type="AFTER" />
<TLINK id="TL426" fromID="E5" fromText="LOC" toID="E13" toText="injuries to her shoulder and hip" type="AFTER" />
<TLINK id="TL427" fromID="E5" fromText="LOC" toID="E16" toText="a low hct" type="AFTER" />
<TLINK id="TL428" fromID="E5" fromText="LOC" toID="E17" toText="major trauma" type="AFTER" />
<TLINK id="TL429" fromID="E5" fromText="LOC" toID="E20" toText="transfusion dependant" type="AFTER" />
<TLINK id="TL430" fromID="E4" fromText="Nicholas seizures" toID="T0" toText="today" type="BEFORE" />
<TLINK id="TL431" fromID="E5" fromText="LOC" toID="T0" toText="today" type="BEFORE" />
<TLINK id="TL432" fromID="E6" fromText="head or neck trauma" toID="T0" toText="today" type="BEFORE" />
<TLINK id="TL433" fromID="E5" fromText="LOC" toID="E24" toText="DM" type="AFTER" />
<TLINK id="TL434" fromID="E5" fromText="LOC" toID="E79" toText="the hospital" type="BEFORE" />
<TLINK id="TL435" fromID="E5" fromText="LOC" toID="E58" toText="Expired" type="BEFORE" />
<TLINK id="TL436" fromID="E61" fromText="denies" toID="E66" toText="fell" type="AFTER" />
<TLINK id="TL437" fromID="E61" fromText="denies" toID="E8" toText="pain in her R arm and hip" type="AFTER" />
<TLINK id="TL438" fromID="E62" fromText="CP" toID="E8" toText="pain in her R arm and hip" type="BEFORE" />
<TLINK id="TL439" fromID="E65" fromText="dizziness" toID="E8" toText="pain in her R arm and hip" type="BEFORE" />
<TLINK id="TL440" fromID="E7" fromText="the fall" toID="E8" toText="pain in her R arm and hip" type="AFTER" />
<TLINK id="TL441" fromID="E61" fromText="denies" toID="E54" toText="Presented" type="AFTER" />
<TLINK id="TL442" fromID="E61" fromText="denies" toID="E67" toText="Taunton" type="BEFORE" />
<TLINK id="TL443" fromID="E61" fromText="denies" toID="E68" toText="found" type="AFTER" />
<TLINK id="TL444" fromID="E61" fromText="denies" toID="E9" toText="R humerus and R hip fx" type="AFTER" />
<TLINK id="TL445" fromID="E62" fromText="CP" toID="E54" toText="Presented" type="BEFORE" />
<TLINK id="TL446" fromID="E62" fromText="CP" toID="E67" toText="Taunton" type="BEFORE" />
<TLINK id="TL447" fromID="E62" fromText="CP" toID="E68" toText="found" type="BEFORE" />
<TLINK id="TL448" fromID="E65" fromText="dizziness" toID="E54" toText="Presented" type="BEFORE" />
<TLINK id="TL449" fromID="E65" fromText="dizziness" toID="E67" toText="Taunton" type="BEFORE" />
<TLINK id="TL450" fromID="E65" fromText="dizziness" toID="E68" toText="found" type="BEFORE" />
<TLINK id="TL451" fromID="E7" fromText="the fall" toID="E54" toText="Presented" type="OVERLAP" />
<TLINK id="TL452" fromID="E61" fromText="denies" toID="E69" toText="Ct" type="BEFORE" />
<TLINK id="TL453" fromID="E61" fromText="denies" toID="E70" toText="fx" type="AFTER" />
<TLINK id="TL454" fromID="E61" fromText="denies" toID="E71" toText="bleed" type="AFTER" />
<TLINK id="TL455" fromID="E61" fromText="denies" toID="E72" toText="dislocation" type="AFTER" />
<TLINK id="TL456" fromID="E65" fromText="dizziness" toID="E69" toText="Ct" type="BEFORE" />
<TLINK id="TL457" fromID="E7" fromText="the fall" toID="E71" toText="bleed" type="AFTER" />
<TLINK id="TL458" fromID="E61" fromText="denies" toID="E73" toText="MMP" type="AFTER" />
<TLINK id="TL459" fromID="E61" fromText="denies" toID="E10" toText="a mechanical fall" type="AFTER" />
<TLINK id="TL460" fromID="E61" fromText="denies" toID="E11" toText="a hip and arm fracture" type="AFTER" />
<TLINK id="TL461" fromID="E61" fromText="denies" toID="E12" toText="Fall" type="AFTER" />
<TLINK id="TL462" fromID="E61" fromText="denies" toID="E16" toText="a low hct" type="AFTER" />
<TLINK id="TL463" fromID="E61" fromText="denies" toID="E17" toText="major trauma" type="AFTER" />
<TLINK id="TL464" fromID="E61" fromText="denies" toID="E76" toText="EKG" type="AFTER" />
<TLINK id="TL465" fromID="E61" fromText="denies" toID="E20" toText="transfusion dependant" type="AFTER" />
<TLINK id="TL466" fromID="E61" fromText="denies" toID="T0" toText="today" type="BEFORE" />
<TLINK id="TL467" fromID="E62" fromText="CP" toID="T0" toText="today" type="BEFORE" />
<TLINK id="TL468" fromID="E63" fromText="SOB" toID="T0" toText="today" type="BEFORE" />
<TLINK id="TL469" fromID="E64" fromText="light headedness" toID="T0" toText="today" type="BEFORE" />
<TLINK id="TL470" fromID="E65" fromText="dizziness" toID="T0" toText="today" type="BEFORE" />
<TLINK id="TL471" fromID="E7" fromText="the fall" toID="T0" toText="today" type="BEFORE" />
<TLINK id="TL472" fromID="E61" fromText="denies" toID="E24" toText="DM" type="AFTER" />
<TLINK id="TL473" fromID="E61" fromText="denies" toID="E79" toText="the hospital" type="BEFORE" />
<TLINK id="TL474" fromID="E62" fromText="CP" toID="E79" toText="the hospital" type="BEFORE" />
<TLINK id="TL475" fromID="E64" fromText="light headedness" toID="E79" toText="the hospital" type="BEFORE" />
<TLINK id="TL476" fromID="E65" fromText="dizziness" toID="E55" toText="right wrist fracture ORIF" type="BEFORE" />
<TLINK id="TL477" fromID="E65" fromText="dizziness" toID="E79" toText="the hospital" type="BEFORE" />
<TLINK id="TL478" fromID="E7" fromText="the fall" toID="E79" toText="the hospital" type="BEFORE" />
<TLINK id="TL479" fromID="E65" fromText="dizziness" toID="E57" toText="revealed" type="BEFORE" />
<TLINK id="TL480" fromID="E61" fromText="denies" toID="E40" toText="drainage" type="BEFORE" />
<TLINK id="TL481" fromID="E65" fromText="dizziness" toID="E39" toText="Exploratory laparotomy" type="BEFORE" />
<TLINK id="TL482" fromID="E65" fromText="dizziness" toID="E40" toText="drainage" type="BEFORE" />
<TLINK id="TL483" fromID="E61" fromText="denies" toID="E45" toText="wide drainage" type="BEFORE" />
<TLINK id="TL484" fromID="E61" fromText="denies" toID="E47" toText="internal and external drainage" type="BEFORE" />
<TLINK id="TL485" fromID="E65" fromText="dizziness" toID="E45" toText="wide drainage" type="BEFORE" />
<TLINK id="TL486" fromID="E65" fromText="dizziness" toID="E47" toText="internal and external drainage" type="BEFORE" />
<TLINK id="TL487" fromID="E65" fromText="dizziness" toID="E51" toText="pressors" type="BEFORE" />
<TLINK id="TL488" fromID="E65" fromText="dizziness" toID="E82" toText="improvement" type="BEFORE" />
<TLINK id="TL489" fromID="E65" fromText="dizziness" toID="E84" toText="CMO" type="BEFORE" />
<TLINK id="TL490" fromID="E61" fromText="denies" toID="E58" toText="Expired" type="BEFORE" />
<TLINK id="TL491" fromID="E62" fromText="CP" toID="E58" toText="Expired" type="BEFORE" />
<TLINK id="TL492" fromID="E63" fromText="SOB" toID="E58" toText="Expired" type="BEFORE" />
<TLINK id="TL493" fromID="E64" fromText="light headedness" toID="E58" toText="Expired" type="BEFORE" />
<TLINK id="TL494" fromID="E65" fromText="dizziness" toID="E58" toText="Expired" type="BEFORE" />
<TLINK id="TL495" fromID="E7" fromText="the fall" toID="E58" toText="Expired" type="BEFORE" />
<TLINK id="TL496" fromID="E66" fromText="fell" toID="E54" toText="Presented" type="BEFORE" />
<TLINK id="TL497" fromID="E66" fromText="fell" toID="E67" toText="Taunton" type="BEFORE" />
<TLINK id="TL498" fromID="E66" fromText="fell" toID="E68" toText="found" type="BEFORE" />
<TLINK id="TL499" fromID="E8" fromText="pain in her R arm and hip" toID="E54" toText="Presented" type="BEFORE" />
<TLINK id="TL500" fromID="E8" fromText="pain in her R arm and hip" toID="E67" toText="Taunton" type="BEFORE" />
<TLINK id="TL501" fromID="E8" fromText="pain in her R arm and hip" toID="E68" toText="found" type="BEFORE" />
<TLINK id="TL502" fromID="E66" fromText="fell" toID="E69" toText="Ct" type="BEFORE" />
<TLINK id="TL503" fromID="E8" fromText="pain in her R arm and hip" toID="E69" toText="Ct" type="BEFORE" />
<TLINK id="TL504" fromID="E66" fromText="fell" toID="T0" toText="today" type="BEFORE" />
<TLINK id="TL505" fromID="E8" fromText="pain in her R arm and hip" toID="T0" toText="today" type="BEFORE" />
<TLINK id="TL506" fromID="E66" fromText="fell" toID="E79" toText="the hospital" type="BEFORE" />
<TLINK id="TL507" fromID="E8" fromText="pain in her R arm and hip" toID="E55" toText="right wrist fracture ORIF" type="BEFORE" />
<TLINK id="TL508" fromID="E8" fromText="pain in her R arm and hip" toID="E79" toText="the hospital" type="BEFORE" />
<TLINK id="TL509" fromID="E8" fromText="pain in her R arm and hip" toID="E57" toText="revealed" type="BEFORE" />
<TLINK id="TL510" fromID="E66" fromText="fell" toID="E40" toText="drainage" type="BEFORE" />
<TLINK id="TL511" fromID="E8" fromText="pain in her R arm and hip" toID="E39" toText="Exploratory laparotomy" type="BEFORE" />
<TLINK id="TL512" fromID="E8" fromText="pain in her R arm and hip" toID="E40" toText="drainage" type="BEFORE" />
<TLINK id="TL513" fromID="E66" fromText="fell" toID="E45" toText="wide drainage" type="BEFORE" />
<TLINK id="TL514" fromID="E66" fromText="fell" toID="E47" toText="internal and external drainage" type="BEFORE" />
<TLINK id="TL515" fromID="E8" fromText="pain in her R arm and hip" toID="E45" toText="wide drainage" type="BEFORE" />
<TLINK id="TL516" fromID="E8" fromText="pain in her R arm and hip" toID="E47" toText="internal and external drainage" type="BEFORE" />
<TLINK id="TL517" fromID="E8" fromText="pain in her R arm and hip" toID="E82" toText="improvement" type="BEFORE" />
<TLINK id="TL518" fromID="E8" fromText="pain in her R arm and hip" toID="E84" toText="CMO" type="BEFORE" />
<TLINK id="TL519" fromID="E66" fromText="fell" toID="E58" toText="Expired" type="BEFORE" />
<TLINK id="TL520" fromID="E8" fromText="pain in her R arm and hip" toID="E58" toText="Expired" type="BEFORE" />
<TLINK id="TL521" fromID="E54" fromText="Presented" toID="E69" toText="Ct" type="BEFORE" />
<TLINK id="TL522" fromID="E54" fromText="Presented" toID="E70" toText="fx" type="AFTER" />
<TLINK id="TL523" fromID="E54" fromText="Presented" toID="E71" toText="bleed" type="AFTER" />
<TLINK id="TL524" fromID="E54" fromText="Presented" toID="E72" toText="dislocation" type="AFTER" />
<TLINK id="TL525" fromID="E67" fromText="Taunton" toID="E71" toText="bleed" type="AFTER" />
<TLINK id="TL526" fromID="E68" fromText="found" toID="E69" toText="Ct" type="BEFORE" />
<TLINK id="TL527" fromID="E68" fromText="found" toID="E71" toText="bleed" type="AFTER" />
<TLINK id="TL528" fromID="E54" fromText="Presented" toID="E10" toText="a mechanical fall" type="OVERLAP" />
<TLINK id="TL529" fromID="E54" fromText="Presented" toID="E12" toText="Fall" type="AFTER" />
<TLINK id="TL530" fromID="E54" fromText="Presented" toID="E17" toText="major trauma" type="AFTER" />
<TLINK id="TL531" fromID="E54" fromText="Presented" toID="E20" toText="transfusion dependant" type="AFTER" />
<TLINK id="TL532" fromID="E54" fromText="Presented" toID="T0" toText="today" type="BEFORE" />
<TLINK id="TL533" fromID="E67" fromText="Taunton" toID="T0" toText="today" type="BEFORE" />
<TLINK id="TL534" fromID="E68" fromText="found" toID="T0" toText="today" type="BEFORE" />
<TLINK id="TL535" fromID="E9" fromText="R humerus and R hip fx" toID="T0" toText="today" type="BEFORE" />
<TLINK id="TL536" fromID="E54" fromText="Presented" toID="E55" toText="right wrist fracture ORIF" type="BEFORE" />
<TLINK id="TL537" fromID="E54" fromText="Presented" toID="E79" toText="the hospital" type="BEFORE" />
<TLINK id="TL538" fromID="E67" fromText="Taunton" toID="E79" toText="the hospital" type="BEFORE" />
<TLINK id="TL539" fromID="E68" fromText="found" toID="E79" toText="the hospital" type="BEFORE" />
<TLINK id="TL540" fromID="E9" fromText="R humerus and R hip fx" toID="E79" toText="the hospital" type="BEFORE" />
<TLINK id="TL541" fromID="E54" fromText="Presented" toID="E57" toText="revealed" type="BEFORE" />
<TLINK id="TL542" fromID="E54" fromText="Presented" toID="E40" toText="drainage" type="BEFORE" />
<TLINK id="TL543" fromID="E68" fromText="found" toID="E40" toText="drainage" type="BEFORE" />
<TLINK id="TL544" fromID="E54" fromText="Presented" toID="E45" toText="wide drainage" type="BEFORE" />
<TLINK id="TL545" fromID="E54" fromText="Presented" toID="E47" toText="internal and external drainage" type="BEFORE" />
<TLINK id="TL546" fromID="E68" fromText="found" toID="E45" toText="wide drainage" type="BEFORE" />
<TLINK id="TL547" fromID="E68" fromText="found" toID="E47" toText="internal and external drainage" type="BEFORE" />
<TLINK id="TL548" fromID="E54" fromText="Presented" toID="E82" toText="improvement" type="BEFORE" />
<TLINK id="TL549" fromID="E54" fromText="Presented" toID="E84" toText="CMO" type="BEFORE" />
<TLINK id="TL550" fromID="E54" fromText="Presented" toID="E58" toText="Expired" type="BEFORE" />
<TLINK id="TL551" fromID="E67" fromText="Taunton" toID="E58" toText="Expired" type="BEFORE" />
<TLINK id="TL552" fromID="E68" fromText="found" toID="E58" toText="Expired" type="BEFORE" />
<TLINK id="TL553" fromID="E9" fromText="R humerus and R hip fx" toID="E58" toText="Expired" type="BEFORE" />
<TLINK id="TL554" fromID="E69" fromText="Ct" toID="T0" toText="today" type="BEFORE" />
<TLINK id="TL555" fromID="E70" fromText="fx" toID="T0" toText="today" type="BEFORE" />
<TLINK id="TL556" fromID="E71" fromText="bleed" toID="T0" toText="today" type="BEFORE" />
<TLINK id="TL557" fromID="E72" fromText="dislocation" toID="T0" toText="today" type="BEFORE" />
<TLINK id="TL558" fromID="E69" fromText="Ct" toID="E79" toText="the hospital" type="BEFORE" />
<TLINK id="TL559" fromID="E70" fromText="fx" toID="E79" toText="the hospital" type="BEFORE" />
<TLINK id="TL560" fromID="E71" fromText="bleed" toID="E79" toText="the hospital" type="BEFORE" />
<TLINK id="TL561" fromID="E72" fromText="dislocation" toID="E79" toText="the hospital" type="BEFORE" />
<TLINK id="TL562" fromID="E69" fromText="Ct" toID="E58" toText="Expired" type="BEFORE" />
<TLINK id="TL563" fromID="E70" fromText="fx" toID="E58" toText="Expired" type="BEFORE" />
<TLINK id="TL564" fromID="E71" fromText="bleed" toID="E58" toText="Expired" type="BEFORE" />
<TLINK id="TL565" fromID="E72" fromText="dislocation" toID="E58" toText="Expired" type="BEFORE" />
<TLINK id="TL566" fromID="E73" fromText="MMP" toID="E12" toText="Fall" type="OVERLAP" />
<TLINK id="TL567" fromID="E10" fromText="a mechanical fall" toID="E12" toText="Fall" type="OVERLAP" />
<TLINK id="TL568" fromID="E10" fromText="a mechanical fall" toID="E17" toText="major trauma" type="OVERLAP" />
<TLINK id="TL569" fromID="E73" fromText="MMP" toID="T0" toText="today" type="BEFORE" />
<TLINK id="TL570" fromID="E10" fromText="a mechanical fall" toID="T0" toText="today" type="BEFORE" />
<TLINK id="TL571" fromID="E11" fromText="a hip and arm fracture" toID="T0" toText="today" type="BEFORE" />
<TLINK id="TL572" fromID="E10" fromText="a mechanical fall" toID="E58" toText="Expired" type="BEFORE" />
<TLINK id="TL573" fromID="E11" fromText="a hip and arm fracture" toID="E58" toText="Expired" type="BEFORE" />
<TLINK id="TL574" fromID="E12" fromText="Fall" toID="E13" toText="injuries to her shoulder and hip" type="OVERLAP" />
<TLINK id="TL575" fromID="E12" fromText="Fall" toID="E17" toText="major trauma" type="OVERLAP" />
<TLINK id="TL576" fromID="E12" fromText="Fall" toID="T0" toText="today" type="BEFORE" />
<TLINK id="TL577" fromID="E74" fromText="mechanical in nature" toID="T0" toText="today" type="BEFORE" />
<TLINK id="TL578" fromID="E74" fromText="mechanical in nature" toID="E79" toText="the hospital" type="BEFORE" />
<TLINK id="TL579" fromID="E74" fromText="mechanical in nature" toID="E58" toText="Expired" type="BEFORE" />
<TLINK id="TL580" fromID="E13" fromText="injuries to her shoulder and hip" toID="E17" toText="major trauma" type="OVERLAP" />
<TLINK id="TL581" fromID="E13" fromText="injuries to her shoulder and hip" toID="T0" toText="today" type="BEFORE" />
<TLINK id="TL582" fromID="E13" fromText="injuries to her shoulder and hip" toID="E58" toText="Expired" type="BEFORE" />
<TLINK id="TL583" fromID="E17" fromText="major trauma" toID="E20" toText="transfusion dependant" type="OVERLAP" />
<TLINK id="TL584" fromID="E14" fromText="CAD" toID="T0" toText="today" type="BEFORE" />
<TLINK id="TL585" fromID="E15" fromText="CHF" toID="T0" toText="today" type="BEFORE" />
<TLINK id="TL586" fromID="E16" fromText="a low hct" toID="T0" toText="today" type="BEFORE" />
<TLINK id="TL587" fromID="E17" fromText="major trauma" toID="T0" toText="today" type="BEFORE" />
<TLINK id="TL588" fromID="E17" fromText="major trauma" toID="E79" toText="the hospital" type="BEFORE" />
<TLINK id="TL589" fromID="E14" fromText="CAD" toID="E58" toText="Expired" type="BEFORE" />
<TLINK id="TL590" fromID="E16" fromText="a low hct" toID="E58" toText="Expired" type="BEFORE" />
<TLINK id="TL591" fromID="E17" fromText="major trauma" toID="E58" toText="Expired" type="BEFORE" />
<TLINK id="TL592" fromID="E75" fromText="changes" toID="T0" toText="today" type="BEFORE" />
<TLINK id="TL593" fromID="E76" fromText="EKG" toID="T0" toText="today" type="BEFORE" />
<TLINK id="TL594" fromID="E76" fromText="EKG" toID="E58" toText="Expired" type="BEFORE" />
<TLINK id="TL595" fromID="E18" fromText="pressor" toID="E20" toText="transfusion dependant" type="OVERLAP" />
<TLINK id="TL596" fromID="E18" fromText="pressor" toID="T0" toText="today" type="BEFORE" />
<TLINK id="TL597" fromID="E18" fromText="pressor" toID="E58" toText="Expired" type="BEFORE" />
<TLINK id="TL598" fromID="E19" fromText="Anemia" toID="T0" toText="today" type="BEFORE" />
<TLINK id="TL599" fromID="E20" fromText="transfusion dependant" toID="T0" toText="today" type="BEFORE" />
<TLINK id="TL600" fromID="E20" fromText="transfusion dependant" toID="E79" toText="the hospital" type="BEFORE" />
<TLINK id="TL601" fromID="E19" fromText="Anemia" toID="E58" toText="Expired" type="BEFORE" />
<TLINK id="TL602" fromID="E20" fromText="transfusion dependant" toID="E58" toText="Expired" type="BEFORE" />
<TLINK id="TL603" fromID="T0" fromText="today" toID="E24" toText="DM" type="AFTER" />
<TLINK id="TL604" fromID="E77" fromText="transfuse" toID="E58" toText="Expired" type="BEFORE" />
<TLINK id="TL605" fromID="E21" fromText="lasix" toID="E58" toText="Expired" type="BEFORE" />
<TLINK id="TL606" fromID="T0" fromText="today" toID="E58" toText="Expired" type="BEFORE" />
<TLINK id="TL607" fromID="E24" fromText="DM" toID="E79" toText="the hospital" type="BEFORE" />
<TLINK id="TL608" fromID="E24" fromText="DM" toID="E58" toText="Expired" type="BEFORE" />
<TLINK id="TL609" fromID="E25" fromText="glipizide" toID="E58" toText="Expired" type="BEFORE" />
<TLINK id="TL610" fromID="E28" fromText="prednisone" toID="E29" toText="a recent fall" type="OVERLAP" />
<TLINK id="TL611" fromID="E28" fromText="prednisone" toID="E79" toText="the hospital" type="BEFORE" />
<TLINK id="TL612" fromID="E28" fromText="prednisone" toID="E58" toText="Expired" type="BEFORE" />
<TLINK id="TL613" fromID="E29" fromText="a recent fall" toID="E37" toText="massive ascites" type="OVERLAP" />
<TLINK id="TL614" fromID="E80" fromText="this event" toID="E57" toText="revealed" type="BEFORE" />
<TLINK id="TL615" fromID="E80" fromText="this event" toID="E37" toText="massive ascites" type="OVERLAP" />
<TLINK id="TL616" fromID="E56" fromText="noted" toID="E37" toText="massive ascites" type="OVERLAP" />
<TLINK id="TL617" fromID="E30" fromText="abdominal pain" toID="E37" toText="massive ascites" type="OVERLAP" />
<TLINK id="TL618" fromID="E80" fromText="this event" toID="E40" toText="drainage" type="BEFORE" />
<TLINK id="TL619" fromID="E80" fromText="this event" toID="E45" toText="wide drainage" type="BEFORE" />
<TLINK id="TL620" fromID="E80" fromText="this event" toID="E47" toText="internal and external drainage" type="BEFORE" />
<TLINK id="TL621" fromID="E29" fromText="a recent fall" toID="E58" toText="Expired" type="BEFORE" />
<TLINK id="TL622" fromID="E78" fromText="right ORIF of the hip" toID="E58" toText="Expired" type="BEFORE" />
<TLINK id="TL623" fromID="E55" fromText="right wrist fracture ORIF" toID="E58" toText="Expired" type="BEFORE" />
<TLINK id="TL624" fromID="E80" fromText="this event" toID="E58" toText="Expired" type="BEFORE" />
<TLINK id="TL625" fromID="E56" fromText="noted" toID="E58" toText="Expired" type="BEFORE" />
<TLINK id="TL626" fromID="E30" fromText="abdominal pain" toID="E58" toText="Expired" type="BEFORE" />
<TLINK id="TL627" fromID="E32" fromText="coffee ground emesis" toID="E58" toText="Expired" type="BEFORE" />
<TLINK id="TL628" fromID="E33" fromText="worsening mental status" toID="E58" toText="Expired" type="BEFORE" />
<TLINK id="TL629" fromID="E34" fromText="renal failure" toID="E58" toText="Expired" type="BEFORE" />
<TLINK id="TL630" fromID="E35" fromText="CT scan" toID="E58" toText="Expired" type="BEFORE" />
<TLINK id="TL631" fromID="E57" fromText="revealed" toID="E58" toText="Expired" type="BEFORE" />
<TLINK id="TL632" fromID="E38" fromText="surgery" toID="E58" toText="Expired" type="BEFORE" />
<TLINK id="TL633" fromID="T3" fromText="05-23" toID="E58" toText="Expired" type="BEFORE" />
<TLINK id="TL634" fromID="E43" fromText="gross soilage with bile and gastric contents" toID="E45" toText="wide drainage" type="BEFORE" />
<TLINK id="TL635" fromID="E43" fromText="gross soilage with bile and gastric contents" toID="E47" toText="internal and external drainage" type="BEFORE" />
<TLINK id="TL636" fromID="E39" fromText="Exploratory laparotomy" toID="E58" toText="Expired" type="BEFORE" />
<TLINK id="TL637" fromID="E41" fromText="intra-abdominal abscess" toID="E58" toText="Expired" type="BEFORE" />
<TLINK id="TL638" fromID="E42" fromText="peritonitis" toID="E58" toText="Expired" type="BEFORE" />
<TLINK id="TL639" fromID="E43" fromText="gross soilage with bile and gastric contents" toID="E58" toText="Expired" type="BEFORE" />
<TLINK id="TL640" fromID="E45" fromText="wide drainage" toID="E58" toText="Expired" type="BEFORE" />
<TLINK id="TL641" fromID="E46" fromText="perforated posterior duodenal ulcer" toID="E58" toText="Expired" type="BEFORE" />
<TLINK id="TL642" fromID="E47" fromText="internal and external drainage" toID="E58" toText="Expired" type="BEFORE" />
<TLINK id="TL643" fromID="E49" fromText="Tube gastrostomy" toID="E58" toText="Expired" type="BEFORE" />
<TLINK id="TL644" fromID="E81" fromText="spiking fevers" toID="E58" toText="Expired" type="BEFORE" />
<TLINK id="TL645" fromID="E50" fromText="ventilatory support" toID="E58" toText="Expired" type="BEFORE" />
<TLINK id="TL646" fromID="E52" fromText="the bp." toID="E58" toText="Expired" type="BEFORE" />
<TLINK id="TL647" fromID="E83" fromText="mental staus" toID="E58" toText="Expired" type="BEFORE" />
<TLINK id="TL648" fromID="E84" fromText="CMO" toID="E58" toText="Expired" type="BEFORE" />
<TLINK id="TL649" fromID="T5" fromText="5/20/5" toID="E58" toText="Expired" type="BEFORE" />
</TAGS>
</ClinicalNarrativeTemporalAnnotation>