<?xml version='1.0' encoding='ASCII'?>
<ClinicalNarrativeTemporalAnnotation>
<TEXT>
ADMISSION DATE :
12/07/96
DISCHARGE DATE :
12/14/96
DISCHARGE DATE :
12/14/96
HISTORY OF PRESENT ILLNESS :
76-year-old male with right hip pain X five years .
The pain is often severely and increasing at night especially when he is lying on the right side .
HOSPITAL COURSE AND TREATMENT :
The patient was admitted to the hospital as a postoperative admit on December 7 for total hip replacement .
For further details of this procedure see operative note .
Postoperatively he did well initially in the first 12 hours .
However he had a report of emesis of coffee grounds on postoperative night #1 .
This with no electrocardiogram changes .
Due to this GI was consulted and felt that he would be a candidate for esophagogastroduodenoscopy .
He was placed nothing by mouth and the esophagogastroduodenoscopy was done by the GI Service .
Findings showed a Mallory Weiss tear , nonspecific duodenitis .
He was placed on Zantac 150 mg. PO b.i.d. and H Pylori serology was sent .
Post EGD his diet was advanced slowly and he did exceptionally well .
At the time of discharge he was tolerating a full diet , out of bed with pain , tolerated on po. medications .
His wound was intact with no evidence of infection .
Distal neurovascular status was intact .
There was no calf tenderness and lower extremity arterial non-invasive studies were negative .
He was generally well in all regards .
The physical examination was unremarkable and he had no recurrent symptoms of coffee ground emesis .
He was doing exceptionally well at discharge with plans to follow up with Dr. Rhalttland .
Discharge instructions have been given .
ROYNEO WALLA , M.D.
</TEXT>
<TAGS>
<EVENT id="E0" start="1" end="10" text="ADMISSION" modality="FACTUAL" polarity="POS" type="OCCURRENCE" />
<EVENT id="E26" start="1017" end="1042" text="he did exceptionally well" modality="FACTUAL" polarity="POS" type="OCCURRENCE" />
<EVENT id="E27" start="1060" end="1069" text="discharge" modality="FACTUAL" polarity="POS" type="OCCURRENCE" />
<EVENT id="E29" start="1077" end="1087" text="tolerating" modality="FACTUAL" polarity="POS" type="OCCURRENCE" />
<EVENT id="E28" start="1088" end="1099" text="a full diet" modality="FACTUAL" polarity="POS" type="TREATMENT" />
<EVENT id="E30" start="1102" end="1112" text="out of bed" modality="FACTUAL" polarity="POS" type="TREATMENT" />
<EVENT id="E31" start="1118" end="1122" text="pain" modality="FACTUAL" polarity="POS" type="PROBLEM" />
<EVENT id="E32" start="1125" end="1134" text="tolerated" modality="FACTUAL" polarity="POS" type="OCCURRENCE" />
<EVENT id="E33" start="1138" end="1153" text="po. medications" modality="FACTUAL" polarity="POS" type="TREATMENT" />
<EVENT id="E34" start="1156" end="1165" text="His wound" modality="FACTUAL" polarity="POS" type="PROBLEM" />
<EVENT id="E35" start="1197" end="1206" text="infection" modality="FACTUAL" polarity="NEG" type="PROBLEM" />
<EVENT id="E36" start="1263" end="1278" text="calf tenderness" modality="FACTUAL" polarity="NEG" type="PROBLEM" />
<EVENT id="E37" start="1283" end="1328" text="lower extremity arterial non-invasive studies" modality="FACTUAL" polarity="POS" type="TEST" />
<EVENT id="E3" start="130" end="144" text="right hip pain" modality="FACTUAL" polarity="POS" type="PROBLEM" />
<EVENT id="E38" start="1352" end="1366" text="generally well" modality="FACTUAL" polarity="POS" type="OCCURRENCE" />
<EVENT id="E39" start="1384" end="1408" text="The physical examination" modality="FACTUAL" polarity="POS" type="TEST" />
<EVENT id="E40" start="1440" end="1458" text="recurrent symptoms" modality="FACTUAL" polarity="NEG" type="PROBLEM" />
<EVENT id="E41" start="1462" end="1482" text="coffee ground emesis" modality="FACTUAL" polarity="NEG" type="PROBLEM" />
<EVENT id="E42" start="1498" end="1516" text="exceptionally well" modality="FACTUAL" polarity="POS" type="OCCURRENCE" />
<EVENT id="E43" start="1520" end="1529" text="discharge" modality="FACTUAL" polarity="POS" type="OCCURRENCE" />
<EVENT id="E44" start="1544" end="1553" text="follow up" modality="PROPOSED" polarity="POS" type="OCCURRENCE" />
<EVENT id="E45" start="1576" end="1598" text="Discharge instructions" modality="FACTUAL" polarity="POS" type="OCCURRENCE" />
<EVENT id="E4" start="160" end="168" text="The pain" modality="FACTUAL" polarity="POS" type="PROBLEM" />
<EVENT id="E5" start="191" end="210" text="increasing at night" modality="FACTUAL" polarity="POS" type="OCCURRENCE" />
<EVENT id="E6" start="233" end="256" text="lying on the right side" modality="FACTUAL" polarity="POS" type="OCCURRENCE" />
<EVENT id="E1" start="27" end="36" text="DISCHARGE" modality="FACTUAL" polarity="POS" type="OCCURRENCE" />
<EVENT id="E7" start="307" end="315" text="admitted" modality="FACTUAL" polarity="POS" type="OCCURRENCE" />
<EVENT id="E8" start="319" end="331" text="the hospital" modality="FACTUAL" polarity="POS" type="CLINICAL_DEPT" />
<EVENT id="E9" start="351" end="356" text="admit" modality="FACTUAL" polarity="POS" type="OCCURRENCE" />
<EVENT id="E10" start="375" end="396" text="total hip replacement" modality="FACTUAL" polarity="POS" type="TREATMENT" />
<EVENT id="E11" start="422" end="436" text="this procedure" modality="FACTUAL" polarity="POS" type="TREATMENT" />
<EVENT id="E12" start="477" end="485" text="did well" modality="FACTUAL" polarity="POS" type="OCCURRENCE" />
<EVENT id="E2" start="53" end="62" text="DISCHARGE" modality="FACTUAL" polarity="POS" type="OCCURRENCE" />
<EVENT id="E13" start="547" end="571" text="emesis of coffee grounds" modality="FACTUAL" polarity="POS" type="PROBLEM" />
<EVENT id="E14" start="613" end="638" text="electrocardiogram changes" modality="FACTUAL" polarity="NEG" type="PROBLEM" />
<EVENT id="E15" start="648" end="669" text="this GI was consulted" modality="FACTUAL" polarity="POS" type="OCCURRENCE" />
<EVENT id="E16" start="712" end="738" text="esophagogastroduodenoscopy" modality="FACTUAL" polarity="POS" type="TEST" />
<EVENT id="E17" start="755" end="771" text="nothing by mouth" modality="FACTUAL" polarity="POS" type="TREATMENT" />
<EVENT id="E18" start="776" end="806" text="the esophagogastroduodenoscopy" modality="FACTUAL" polarity="POS" type="TEST" />
<EVENT id="E19" start="845" end="851" text="showed" modality="FACTUAL" polarity="POS" type="EVIDENTIAL" />
<EVENT id="E20" start="852" end="872" text="a Mallory Weiss tear" modality="FACTUAL" polarity="POS" type="PROBLEM" />
<EVENT id="E21" start="875" end="897" text="nonspecific duodenitis" modality="FACTUAL" polarity="POS" type="PROBLEM" />
<EVENT id="E22" start="917" end="923" text="Zantac" modality="FACTUAL" polarity="POS" type="TREATMENT" />
<EVENT id="E23" start="946" end="963" text="H Pylori serology" modality="FACTUAL" polarity="POS" type="TEST" />
<EVENT id="E24" start="980" end="983" text="EGD" modality="FACTUAL" polarity="POS" type="TEST" />
<EVENT id="E25" start="997" end="1012" text="advanced slowly" modality="FACTUAL" polarity="POS" type="TREATMENT" />
<TIMEX3 id="T3" start="147" end="157" text="five years" type="DURATION" val="P5Y" mod="NA" />
<TIMEX3 id="T0" start="18" end="26" text="12/07/96" type="DATE" val="1996-12-07" mod="NA" />
<TIMEX3 id="T4" start="360" end="370" text="December 7" type="DATE" val="1996-12-07" mod="NA" />
<TIMEX3 id="T1" start="44" end="52" text="12/14/96" type="DATE" val="1996-12-14" mod="NA" />
<TIMEX3 id="T5" start="499" end="517" text="the first 12 hours" type="DURATION" val="PT12H" mod="NA" />
<TIMEX3 id="T6" start="575" end="597" text="postoperative night #1" type="DATE" val="1996-12-07" mod="NA" />
<TIMEX3 id="T2" start="70" end="78" text="12/14/96" type="DATE" val="1996-12-14" mod="NA" />
<SECTIME id="S0" start="18" end="26" text="12/07/96" type="ADMISSION" dvalue="1996-12-07" />
<SECTIME id="S1" start="44" end="52" text="12/14/96" type="DISCHARGE" dvalue="1996-12-14" />
<TLINK id="TL0" fromID="E3" fromText="right hip pain" toID="T3" toText="five years" type="OVERLAP" />
<TLINK id="TL1" fromID="E4" fromText="The pain" toID="E5" toText="increasing at night" type="BEFORE" />
<TLINK id="TL2" fromID="E7" fromText="admitted" toID="E8" toText="the hospital" type="BEFORE" />
<TLINK id="TL3" fromID="E7" fromText="admitted" toID="E9" toText="admit" type="BEFORE" />
<TLINK id="TL4" fromID="E7" fromText="admitted" toID="E10" toText="total hip replacement" type="BEFORE" />
<TLINK id="TL5" fromID="E7" fromText="admitted" toID="T4" toText="December 7" type="BEFORE" />
<TLINK id="TL6" fromID="E8" fromText="the hospital" toID="E9" toText="admit" type="AFTER" />
<TLINK id="TL7" fromID="E8" fromText="the hospital" toID="E10" toText="total hip replacement" type="AFTER" />
<TLINK id="TL8" fromID="E8" fromText="the hospital" toID="T4" toText="December 7" type="OVERLAP" />
<TLINK id="TL9" fromID="E9" fromText="admit" toID="E10" toText="total hip replacement" type="OVERLAP" />
<TLINK id="TL10" fromID="E9" fromText="admit" toID="T4" toText="December 7" type="OVERLAP" />
<TLINK id="TL11" fromID="T4" fromText="December 7" toID="E10" toText="total hip replacement" type="OVERLAP" />
<TLINK id="TL12" fromID="E13" fromText="emesis of coffee grounds" toID="T6" toText="postoperative night #1" type="OVERLAP" />
<TLINK id="TL13" fromID="E15" fromText="this GI was consulted" toID="E16" toText="esophagogastroduodenoscopy" type="OVERLAP" />
<TLINK id="TL14" fromID="E17" fromText="nothing by mouth" toID="E18" toText="the esophagogastroduodenoscopy" type="OVERLAP" />
<TLINK id="TL15" fromID="E19" fromText="showed" toID="E20" toText="a Mallory Weiss tear" type="AFTER" />
<TLINK id="TL16" fromID="E19" fromText="showed" toID="E21" toText="nonspecific duodenitis" type="AFTER" />
<TLINK id="TL17" fromID="E20" fromText="a Mallory Weiss tear" toID="E21" toText="nonspecific duodenitis" type="OVERLAP" />
<TLINK id="TL18" fromID="E22" fromText="Zantac" toID="E23" toText="H Pylori serology" type="OVERLAP" />
<TLINK id="TL19" fromID="E24" fromText="EGD" toID="E26" toText="he did exceptionally well" type="OVERLAP" />
<TLINK id="TL20" fromID="E25" fromText="advanced slowly" toID="E26" toText="he did exceptionally well" type="OVERLAP" />
<TLINK id="TL21" fromID="E24" fromText="EGD" toID="E25" toText="advanced slowly" type="OVERLAP" />
<TLINK id="TL22" fromID="E27" fromText="discharge" toID="E29" toText="tolerating" type="OVERLAP" />
<TLINK id="TL23" fromID="E27" fromText="discharge" toID="E28" toText="a full diet" type="OVERLAP" />
<TLINK id="TL24" fromID="E27" fromText="discharge" toID="E30" toText="out of bed" type="OVERLAP" />
<TLINK id="TL25" fromID="E27" fromText="discharge" toID="E31" toText="pain" type="AFTER" />
<TLINK id="TL26" fromID="E27" fromText="discharge" toID="E32" toText="tolerated" type="AFTER" />
<TLINK id="TL27" fromID="E27" fromText="discharge" toID="E33" toText="po. medications" type="AFTER" />
<TLINK id="TL28" fromID="E29" fromText="tolerating" toID="E28" toText="a full diet" type="OVERLAP" />
<TLINK id="TL29" fromID="E29" fromText="tolerating" toID="E30" toText="out of bed" type="OVERLAP" />
<TLINK id="TL30" fromID="E29" fromText="tolerating" toID="E31" toText="pain" type="OVERLAP" />
<TLINK id="TL31" fromID="E29" fromText="tolerating" toID="E32" toText="tolerated" type="OVERLAP" />
<TLINK id="TL32" fromID="E29" fromText="tolerating" toID="E33" toText="po. medications" type="OVERLAP" />
<TLINK id="TL33" fromID="E28" fromText="a full diet" toID="E30" toText="out of bed" type="OVERLAP" />
<TLINK id="TL34" fromID="E28" fromText="a full diet" toID="E31" toText="pain" type="AFTER" />
<TLINK id="TL35" fromID="E28" fromText="a full diet" toID="E32" toText="tolerated" type="OVERLAP" />
<TLINK id="TL36" fromID="E28" fromText="a full diet" toID="E33" toText="po. medications" type="OVERLAP" />
<TLINK id="TL37" fromID="E30" fromText="out of bed" toID="E31" toText="pain" type="OVERLAP" />
<TLINK id="TL38" fromID="E30" fromText="out of bed" toID="E32" toText="tolerated" type="BEFORE" />
<TLINK id="TL39" fromID="E30" fromText="out of bed" toID="E33" toText="po. medications" type="BEFORE" />
<TLINK id="TL40" fromID="E31" fromText="pain" toID="E32" toText="tolerated" type="BEFORE" />
<TLINK id="TL41" fromID="E31" fromText="pain" toID="E33" toText="po. medications" type="BEFORE" />
<TLINK id="TL42" fromID="E32" fromText="tolerated" toID="E33" toText="po. medications" type="OVERLAP" />
<TLINK id="TL43" fromID="E34" fromText="His wound" toID="E35" toText="infection" type="OVERLAP" />
<TLINK id="TL44" fromID="E36" fromText="calf tenderness" toID="E37" toText="lower extremity arterial non-invasive studies" type="OVERLAP" />
<TLINK id="TL45" fromID="E39" fromText="The physical examination" toID="E40" toText="recurrent symptoms" type="OVERLAP" />
<TLINK id="TL46" fromID="E39" fromText="The physical examination" toID="E41" toText="coffee ground emesis" type="OVERLAP" />
<TLINK id="TL47" fromID="E40" fromText="recurrent symptoms" toID="E41" toText="coffee ground emesis" type="OVERLAP" />
<TLINK id="TL48" fromID="E42" fromText="exceptionally well" toID="E43" toText="discharge" type="OVERLAP" />
<TLINK id="TL49" fromID="E42" fromText="exceptionally well" toID="E44" toText="follow up" type="OVERLAP" />
<TLINK id="TL50" fromID="E43" fromText="discharge" toID="E44" toText="follow up" type="BEFORE" />
<TLINK id="TL51" fromID="E0" fromText="ADMISSION" toID="T0" toText="12/07/96" type="BEFORE" />
<TLINK id="TL52" fromID="E0" fromText="ADMISSION" toID="E1" toText="DISCHARGE" type="AFTER" />
<TLINK id="TL53" fromID="E0" fromText="ADMISSION" toID="T1" toText="12/14/96" type="BEFORE" />
<TLINK id="TL54" fromID="E0" fromText="ADMISSION" toID="E2" toText="DISCHARGE" type="AFTER" />
<TLINK id="TL55" fromID="E0" fromText="ADMISSION" toID="T2" toText="12/14/96" type="BEFORE" />
<TLINK id="TL56" fromID="E0" fromText="ADMISSION" toID="E3" toText="right hip pain" type="AFTER" />
<TLINK id="TL57" fromID="E0" fromText="ADMISSION" toID="T3" toText="five years" type="AFTER" />
<TLINK id="TL58" fromID="E0" fromText="ADMISSION" toID="E4" toText="The pain" type="AFTER" />
<TLINK id="TL59" fromID="E0" fromText="ADMISSION" toID="E5" toText="increasing at night" type="AFTER" />
<TLINK id="TL60" fromID="E0" fromText="ADMISSION" toID="E6" toText="lying on the right side" type="AFTER" />
<TLINK id="TL61" fromID="E0" fromText="ADMISSION" toID="E7" toText="admitted" type="BEFORE" />
<TLINK id="TL62" fromID="E0" fromText="ADMISSION" toID="E8" toText="the hospital" type="BEFORE" />
<TLINK id="TL63" fromID="E0" fromText="ADMISSION" toID="E10" toText="total hip replacement" type="BEFORE" />
<TLINK id="TL64" fromID="E0" fromText="ADMISSION" toID="E12" toText="did well" type="BEFORE" />
<TLINK id="TL65" fromID="E0" fromText="ADMISSION" toID="T5" toText="the first 12 hours" type="BEFORE" />
<TLINK id="TL66" fromID="E0" fromText="ADMISSION" toID="E15" toText="this GI was consulted" type="BEFORE" />
<TLINK id="TL67" fromID="E0" fromText="ADMISSION" toID="E26" toText="he did exceptionally well" type="BEFORE" />
<TLINK id="TL68" fromID="E0" fromText="ADMISSION" toID="E27" toText="discharge" type="BEFORE" />
<TLINK id="TL69" fromID="E0" fromText="ADMISSION" toID="E28" toText="a full diet" type="BEFORE" />
<TLINK id="TL70" fromID="E0" fromText="ADMISSION" toID="E36" toText="calf tenderness" type="AFTER" />
<TLINK id="TL71" fromID="E0" fromText="ADMISSION" toID="E42" toText="exceptionally well" type="BEFORE" />
<TLINK id="TL72" fromID="E0" fromText="ADMISSION" toID="E43" toText="discharge" type="BEFORE" />
<TLINK id="TL73" fromID="E0" fromText="ADMISSION" toID="E44" toText="follow up" type="BEFORE" />
<TLINK id="TL74" fromID="T0" fromText="12/07/96" toID="E1" toText="DISCHARGE" type="BEFORE" />
<TLINK id="TL75" fromID="T0" fromText="12/07/96" toID="T1" toText="12/14/96" type="BEFORE" />
<TLINK id="TL76" fromID="T0" fromText="12/07/96" toID="E2" toText="DISCHARGE" type="BEFORE" />
<TLINK id="TL77" fromID="T0" fromText="12/07/96" toID="T2" toText="12/14/96" type="BEFORE" />
<TLINK id="TL78" fromID="T0" fromText="12/07/96" toID="E3" toText="right hip pain" type="AFTER" />
<TLINK id="TL79" fromID="T0" fromText="12/07/96" toID="T3" toText="five years" type="AFTER" />
<TLINK id="TL80" fromID="T0" fromText="12/07/96" toID="E4" toText="The pain" type="AFTER" />
<TLINK id="TL81" fromID="T0" fromText="12/07/96" toID="E5" toText="increasing at night" type="AFTER" />
<TLINK id="TL82" fromID="T0" fromText="12/07/96" toID="E6" toText="lying on the right side" type="AFTER" />
<TLINK id="TL83" fromID="T0" fromText="12/07/96" toID="E7" toText="admitted" type="AFTER" />
<TLINK id="TL84" fromID="T0" fromText="12/07/96" toID="E8" toText="the hospital" type="AFTER" />
<TLINK id="TL85" fromID="T0" fromText="12/07/96" toID="E9" toText="admit" type="AFTER" />
<TLINK id="TL86" fromID="T0" fromText="12/07/96" toID="E10" toText="total hip replacement" type="AFTER" />
<TLINK id="TL87" fromID="T0" fromText="12/07/96" toID="E11" toText="this procedure" type="AFTER" />
<TLINK id="TL88" fromID="T0" fromText="12/07/96" toID="E12" toText="did well" type="AFTER" />
<TLINK id="TL89" fromID="T0" fromText="12/07/96" toID="T5" toText="the first 12 hours" type="BEFORE" />
<TLINK id="TL90" fromID="T0" fromText="12/07/96" toID="E13" toText="emesis of coffee grounds" type="AFTER" />
<TLINK id="TL91" fromID="T0" fromText="12/07/96" toID="E14" toText="electrocardiogram changes" type="AFTER" />
<TLINK id="TL92" fromID="T0" fromText="12/07/96" toID="E15" toText="this GI was consulted" type="AFTER" />
<TLINK id="TL93" fromID="T0" fromText="12/07/96" toID="E16" toText="esophagogastroduodenoscopy" type="AFTER" />
<TLINK id="TL94" fromID="T0" fromText="12/07/96" toID="E18" toText="the esophagogastroduodenoscopy" type="AFTER" />
<TLINK id="TL95" fromID="T0" fromText="12/07/96" toID="E19" toText="showed" type="AFTER" />
<TLINK id="TL96" fromID="T0" fromText="12/07/96" toID="E20" toText="a Mallory Weiss tear" type="AFTER" />
<TLINK id="TL97" fromID="T0" fromText="12/07/96" toID="E21" toText="nonspecific duodenitis" type="AFTER" />
<TLINK id="TL98" fromID="T0" fromText="12/07/96" toID="E22" toText="Zantac" type="AFTER" />
<TLINK id="TL99" fromID="T0" fromText="12/07/96" toID="E24" toText="EGD" type="AFTER" />
<TLINK id="TL100" fromID="T0" fromText="12/07/96" toID="E27" toText="discharge" type="BEFORE" />
<TLINK id="TL101" fromID="T0" fromText="12/07/96" toID="E29" toText="tolerating" type="AFTER" />
<TLINK id="TL102" fromID="T0" fromText="12/07/96" toID="E28" toText="a full diet" type="AFTER" />
<TLINK id="TL103" fromID="T0" fromText="12/07/96" toID="E30" toText="out of bed" type="AFTER" />
<TLINK id="TL104" fromID="T0" fromText="12/07/96" toID="E31" toText="pain" type="AFTER" />
<TLINK id="TL105" fromID="T0" fromText="12/07/96" toID="E33" toText="po. medications" type="AFTER" />
<TLINK id="TL106" fromID="T0" fromText="12/07/96" toID="E34" toText="His wound" type="AFTER" />
<TLINK id="TL107" fromID="T0" fromText="12/07/96" toID="E35" toText="infection" type="AFTER" />
<TLINK id="TL108" fromID="T0" fromText="12/07/96" toID="E36" toText="calf tenderness" type="AFTER" />
<TLINK id="TL109" fromID="T0" fromText="12/07/96" toID="E37" toText="lower extremity arterial non-invasive studies" type="AFTER" />
<TLINK id="TL110" fromID="T0" fromText="12/07/96" toID="E38" toText="generally well" type="AFTER" />
<TLINK id="TL111" fromID="T0" fromText="12/07/96" toID="E39" toText="The physical examination" type="AFTER" />
<TLINK id="TL112" fromID="T0" fromText="12/07/96" toID="E42" toText="exceptionally well" type="AFTER" />
<TLINK id="TL113" fromID="T0" fromText="12/07/96" toID="E43" toText="discharge" type="BEFORE" />
<TLINK id="TL114" fromID="T0" fromText="12/07/96" toID="E44" toText="follow up" type="BEFORE" />
<TLINK id="TL115" fromID="T0" fromText="12/07/96" toID="E45" toText="Discharge instructions" type="AFTER" />
<TLINK id="TL116" fromID="E1" fromText="DISCHARGE" toID="T1" toText="12/14/96" type="OVERLAP" />
<TLINK id="TL117" fromID="E1" fromText="DISCHARGE" toID="E2" toText="DISCHARGE" type="BEFORE" />
<TLINK id="TL118" fromID="E1" fromText="DISCHARGE" toID="T2" toText="12/14/96" type="OVERLAP" />
<TLINK id="TL119" fromID="E1" fromText="DISCHARGE" toID="E3" toText="right hip pain" type="BEFORE" />
<TLINK id="TL120" fromID="E1" fromText="DISCHARGE" toID="T3" toText="five years" type="BEFORE" />
<TLINK id="TL121" fromID="E1" fromText="DISCHARGE" toID="E4" toText="The pain" type="BEFORE" />
<TLINK id="TL122" fromID="E1" fromText="DISCHARGE" toID="E5" toText="increasing at night" type="AFTER" />
<TLINK id="TL123" fromID="E1" fromText="DISCHARGE" toID="E6" toText="lying on the right side" type="AFTER" />
<TLINK id="TL124" fromID="E1" fromText="DISCHARGE" toID="E7" toText="admitted" type="AFTER" />
<TLINK id="TL125" fromID="E1" fromText="DISCHARGE" toID="E8" toText="the hospital" type="AFTER" />
<TLINK id="TL126" fromID="E1" fromText="DISCHARGE" toID="E9" toText="admit" type="AFTER" />
<TLINK id="TL127" fromID="E1" fromText="DISCHARGE" toID="E10" toText="total hip replacement" type="AFTER" />
<TLINK id="TL128" fromID="E1" fromText="DISCHARGE" toID="T4" toText="December 7" type="AFTER" />
<TLINK id="TL129" fromID="E1" fromText="DISCHARGE" toID="E11" toText="this procedure" type="AFTER" />
<TLINK id="TL130" fromID="E1" fromText="DISCHARGE" toID="E12" toText="did well" type="AFTER" />
<TLINK id="TL131" fromID="E1" fromText="DISCHARGE" toID="T5" toText="the first 12 hours" type="AFTER" />
<TLINK id="TL132" fromID="E1" fromText="DISCHARGE" toID="E13" toText="emesis of coffee grounds" type="AFTER" />
<TLINK id="TL133" fromID="E1" fromText="DISCHARGE" toID="T6" toText="postoperative night #1" type="AFTER" />
<TLINK id="TL134" fromID="E1" fromText="DISCHARGE" toID="E14" toText="electrocardiogram changes" type="AFTER" />
<TLINK id="TL135" fromID="E1" fromText="DISCHARGE" toID="E15" toText="this GI was consulted" type="AFTER" />
<TLINK id="TL136" fromID="E1" fromText="DISCHARGE" toID="E16" toText="esophagogastroduodenoscopy" type="AFTER" />
<TLINK id="TL137" fromID="E1" fromText="DISCHARGE" toID="E17" toText="nothing by mouth" type="AFTER" />
<TLINK id="TL138" fromID="E1" fromText="DISCHARGE" toID="E18" toText="the esophagogastroduodenoscopy" type="AFTER" />
<TLINK id="TL139" fromID="E1" fromText="DISCHARGE" toID="E19" toText="showed" type="AFTER" />
<TLINK id="TL140" fromID="E1" fromText="DISCHARGE" toID="E20" toText="a Mallory Weiss tear" type="AFTER" />
<TLINK id="TL141" fromID="E1" fromText="DISCHARGE" toID="E21" toText="nonspecific duodenitis" type="AFTER" />
<TLINK id="TL142" fromID="E1" fromText="DISCHARGE" toID="E22" toText="Zantac" type="AFTER" />
<TLINK id="TL143" fromID="E1" fromText="DISCHARGE" toID="E23" toText="H Pylori serology" type="AFTER" />
<TLINK id="TL144" fromID="E1" fromText="DISCHARGE" toID="E26" toText="he did exceptionally well" type="AFTER" />
<TLINK id="TL145" fromID="E1" fromText="DISCHARGE" toID="E24" toText="EGD" type="AFTER" />
<TLINK id="TL146" fromID="E1" fromText="DISCHARGE" toID="E25" toText="advanced slowly" type="AFTER" />
<TLINK id="TL147" fromID="E1" fromText="DISCHARGE" toID="E27" toText="discharge" type="AFTER" />
<TLINK id="TL148" fromID="E1" fromText="DISCHARGE" toID="E29" toText="tolerating" type="AFTER" />
<TLINK id="TL149" fromID="E1" fromText="DISCHARGE" toID="E28" toText="a full diet" type="AFTER" />
<TLINK id="TL150" fromID="E1" fromText="DISCHARGE" toID="E30" toText="out of bed" type="AFTER" />
<TLINK id="TL151" fromID="E1" fromText="DISCHARGE" toID="E31" toText="pain" type="AFTER" />
<TLINK id="TL152" fromID="E1" fromText="DISCHARGE" toID="E32" toText="tolerated" type="AFTER" />
<TLINK id="TL153" fromID="E1" fromText="DISCHARGE" toID="E33" toText="po. medications" type="AFTER" />
<TLINK id="TL154" fromID="E1" fromText="DISCHARGE" toID="E34" toText="His wound" type="AFTER" />
<TLINK id="TL155" fromID="E1" fromText="DISCHARGE" toID="E35" toText="infection" type="AFTER" />
<TLINK id="TL156" fromID="E1" fromText="DISCHARGE" toID="E36" toText="calf tenderness" type="AFTER" />
<TLINK id="TL157" fromID="E1" fromText="DISCHARGE" toID="E37" toText="lower extremity arterial non-invasive studies" type="AFTER" />
<TLINK id="TL158" fromID="E1" fromText="DISCHARGE" toID="E38" toText="generally well" type="AFTER" />
<TLINK id="TL159" fromID="E1" fromText="DISCHARGE" toID="E39" toText="The physical examination" type="AFTER" />
<TLINK id="TL160" fromID="E1" fromText="DISCHARGE" toID="E40" toText="recurrent symptoms" type="AFTER" />
<TLINK id="TL161" fromID="E1" fromText="DISCHARGE" toID="E41" toText="coffee ground emesis" type="AFTER" />
<TLINK id="TL162" fromID="E1" fromText="DISCHARGE" toID="E42" toText="exceptionally well" type="AFTER" />
<TLINK id="TL163" fromID="E1" fromText="DISCHARGE" toID="E43" toText="discharge" type="AFTER" />
<TLINK id="TL164" fromID="E1" fromText="DISCHARGE" toID="E44" toText="follow up" type="BEFORE" />
<TLINK id="TL165" fromID="E1" fromText="DISCHARGE" toID="E45" toText="Discharge instructions" type="AFTER" />
<TLINK id="TL166" fromID="T1" fromText="12/14/96" toID="E2" toText="DISCHARGE" type="BEFORE" />
<TLINK id="TL167" fromID="T1" fromText="12/14/96" toID="T2" toText="12/14/96" type="BEFORE" />
<TLINK id="TL168" fromID="T1" fromText="12/14/96" toID="E3" toText="right hip pain" type="AFTER" />
<TLINK id="TL169" fromID="T1" fromText="12/14/96" toID="T3" toText="five years" type="AFTER" />
<TLINK id="TL170" fromID="T1" fromText="12/14/96" toID="E4" toText="The pain" type="AFTER" />
<TLINK id="TL171" fromID="T1" fromText="12/14/96" toID="E5" toText="increasing at night" type="AFTER" />
<TLINK id="TL172" fromID="T1" fromText="12/14/96" toID="E6" toText="lying on the right side" type="AFTER" />
<TLINK id="TL173" fromID="T1" fromText="12/14/96" toID="E7" toText="admitted" type="AFTER" />
<TLINK id="TL174" fromID="T1" fromText="12/14/96" toID="E8" toText="the hospital" type="AFTER" />
<TLINK id="TL175" fromID="T1" fromText="12/14/96" toID="E9" toText="admit" type="AFTER" />
<TLINK id="TL176" fromID="T1" fromText="12/14/96" toID="E10" toText="total hip replacement" type="AFTER" />
<TLINK id="TL177" fromID="T1" fromText="12/14/96" toID="E11" toText="this procedure" type="AFTER" />
<TLINK id="TL178" fromID="T1" fromText="12/14/96" toID="E12" toText="did well" type="AFTER" />
<TLINK id="TL179" fromID="T1" fromText="12/14/96" toID="T5" toText="the first 12 hours" type="BEFORE" />
<TLINK id="TL180" fromID="T1" fromText="12/14/96" toID="E13" toText="emesis of coffee grounds" type="AFTER" />
<TLINK id="TL181" fromID="T1" fromText="12/14/96" toID="E14" toText="electrocardiogram changes" type="AFTER" />
<TLINK id="TL182" fromID="T1" fromText="12/14/96" toID="E15" toText="this GI was consulted" type="AFTER" />
<TLINK id="TL183" fromID="T1" fromText="12/14/96" toID="E16" toText="esophagogastroduodenoscopy" type="AFTER" />
<TLINK id="TL184" fromID="T1" fromText="12/14/96" toID="E17" toText="nothing by mouth" type="AFTER" />
<TLINK id="TL185" fromID="T1" fromText="12/14/96" toID="E18" toText="the esophagogastroduodenoscopy" type="AFTER" />
<TLINK id="TL186" fromID="T1" fromText="12/14/96" toID="E19" toText="showed" type="AFTER" />
<TLINK id="TL187" fromID="T1" fromText="12/14/96" toID="E20" toText="a Mallory Weiss tear" type="AFTER" />
<TLINK id="TL188" fromID="T1" fromText="12/14/96" toID="E21" toText="nonspecific duodenitis" type="AFTER" />
<TLINK id="TL189" fromID="T1" fromText="12/14/96" toID="E22" toText="Zantac" type="AFTER" />
<TLINK id="TL190" fromID="T1" fromText="12/14/96" toID="E26" toText="he did exceptionally well" type="AFTER" />
<TLINK id="TL191" fromID="T1" fromText="12/14/96" toID="E24" toText="EGD" type="AFTER" />
<TLINK id="TL192" fromID="T1" fromText="12/14/96" toID="E27" toText="discharge" type="BEFORE" />
<TLINK id="TL193" fromID="T1" fromText="12/14/96" toID="E29" toText="tolerating" type="AFTER" />
<TLINK id="TL194" fromID="T1" fromText="12/14/96" toID="E28" toText="a full diet" type="AFTER" />
<TLINK id="TL195" fromID="T1" fromText="12/14/96" toID="E30" toText="out of bed" type="AFTER" />
<TLINK id="TL196" fromID="T1" fromText="12/14/96" toID="E31" toText="pain" type="AFTER" />
<TLINK id="TL197" fromID="T1" fromText="12/14/96" toID="E33" toText="po. medications" type="AFTER" />
<TLINK id="TL198" fromID="T1" fromText="12/14/96" toID="E34" toText="His wound" type="AFTER" />
<TLINK id="TL199" fromID="T1" fromText="12/14/96" toID="E35" toText="infection" type="AFTER" />
<TLINK id="TL200" fromID="T1" fromText="12/14/96" toID="E36" toText="calf tenderness" type="AFTER" />
<TLINK id="TL201" fromID="T1" fromText="12/14/96" toID="E37" toText="lower extremity arterial non-invasive studies" type="AFTER" />
<TLINK id="TL202" fromID="T1" fromText="12/14/96" toID="E38" toText="generally well" type="AFTER" />
<TLINK id="TL203" fromID="T1" fromText="12/14/96" toID="E39" toText="The physical examination" type="AFTER" />
<TLINK id="TL204" fromID="T1" fromText="12/14/96" toID="E40" toText="recurrent symptoms" type="AFTER" />
<TLINK id="TL205" fromID="T1" fromText="12/14/96" toID="E41" toText="coffee ground emesis" type="AFTER" />
<TLINK id="TL206" fromID="T1" fromText="12/14/96" toID="E42" toText="exceptionally well" type="AFTER" />
<TLINK id="TL207" fromID="T1" fromText="12/14/96" toID="E43" toText="discharge" type="BEFORE" />
<TLINK id="TL208" fromID="T1" fromText="12/14/96" toID="E44" toText="follow up" type="BEFORE" />
<TLINK id="TL209" fromID="T1" fromText="12/14/96" toID="E45" toText="Discharge instructions" type="AFTER" />
<TLINK id="TL210" fromID="E2" fromText="DISCHARGE" toID="T2" toText="12/14/96" type="OVERLAP" />
<TLINK id="TL211" fromID="E2" fromText="DISCHARGE" toID="E3" toText="right hip pain" type="BEFORE" />
<TLINK id="TL212" fromID="E2" fromText="DISCHARGE" toID="T3" toText="five years" type="BEFORE" />
<TLINK id="TL213" fromID="E2" fromText="DISCHARGE" toID="E4" toText="The pain" type="BEFORE" />
<TLINK id="TL214" fromID="E2" fromText="DISCHARGE" toID="E5" toText="increasing at night" type="AFTER" />
<TLINK id="TL215" fromID="E2" fromText="DISCHARGE" toID="E6" toText="lying on the right side" type="AFTER" />
<TLINK id="TL216" fromID="E2" fromText="DISCHARGE" toID="E7" toText="admitted" type="AFTER" />
<TLINK id="TL217" fromID="E2" fromText="DISCHARGE" toID="E8" toText="the hospital" type="AFTER" />
<TLINK id="TL218" fromID="E2" fromText="DISCHARGE" toID="E9" toText="admit" type="AFTER" />
<TLINK id="TL219" fromID="E2" fromText="DISCHARGE" toID="E10" toText="total hip replacement" type="AFTER" />
<TLINK id="TL220" fromID="E2" fromText="DISCHARGE" toID="T4" toText="December 7" type="AFTER" />
<TLINK id="TL221" fromID="E2" fromText="DISCHARGE" toID="E11" toText="this procedure" type="AFTER" />
<TLINK id="TL222" fromID="E2" fromText="DISCHARGE" toID="E12" toText="did well" type="AFTER" />
<TLINK id="TL223" fromID="E2" fromText="DISCHARGE" toID="T5" toText="the first 12 hours" type="AFTER" />
<TLINK id="TL224" fromID="E2" fromText="DISCHARGE" toID="E13" toText="emesis of coffee grounds" type="AFTER" />
<TLINK id="TL225" fromID="E2" fromText="DISCHARGE" toID="T6" toText="postoperative night #1" type="AFTER" />
<TLINK id="TL226" fromID="E2" fromText="DISCHARGE" toID="E14" toText="electrocardiogram changes" type="AFTER" />
<TLINK id="TL227" fromID="E2" fromText="DISCHARGE" toID="E15" toText="this GI was consulted" type="AFTER" />
<TLINK id="TL228" fromID="E2" fromText="DISCHARGE" toID="E16" toText="esophagogastroduodenoscopy" type="AFTER" />
<TLINK id="TL229" fromID="E2" fromText="DISCHARGE" toID="E17" toText="nothing by mouth" type="AFTER" />
<TLINK id="TL230" fromID="E2" fromText="DISCHARGE" toID="E18" toText="the esophagogastroduodenoscopy" type="AFTER" />
<TLINK id="TL231" fromID="E2" fromText="DISCHARGE" toID="E19" toText="showed" type="AFTER" />
<TLINK id="TL232" fromID="E2" fromText="DISCHARGE" toID="E20" toText="a Mallory Weiss tear" type="AFTER" />
<TLINK id="TL233" fromID="E2" fromText="DISCHARGE" toID="E21" toText="nonspecific duodenitis" type="AFTER" />
<TLINK id="TL234" fromID="E2" fromText="DISCHARGE" toID="E22" toText="Zantac" type="AFTER" />
<TLINK id="TL235" fromID="E2" fromText="DISCHARGE" toID="E23" toText="H Pylori serology" type="AFTER" />
<TLINK id="TL236" fromID="E2" fromText="DISCHARGE" toID="E26" toText="he did exceptionally well" type="AFTER" />
<TLINK id="TL237" fromID="E2" fromText="DISCHARGE" toID="E24" toText="EGD" type="AFTER" />
<TLINK id="TL238" fromID="E2" fromText="DISCHARGE" toID="E25" toText="advanced slowly" type="AFTER" />
<TLINK id="TL239" fromID="E2" fromText="DISCHARGE" toID="E27" toText="discharge" type="AFTER" />
<TLINK id="TL240" fromID="E2" fromText="DISCHARGE" toID="E29" toText="tolerating" type="AFTER" />
<TLINK id="TL241" fromID="E2" fromText="DISCHARGE" toID="E28" toText="a full diet" type="AFTER" />
<TLINK id="TL242" fromID="E2" fromText="DISCHARGE" toID="E30" toText="out of bed" type="AFTER" />
<TLINK id="TL243" fromID="E2" fromText="DISCHARGE" toID="E31" toText="pain" type="AFTER" />
<TLINK id="TL244" fromID="E2" fromText="DISCHARGE" toID="E32" toText="tolerated" type="AFTER" />
<TLINK id="TL245" fromID="E2" fromText="DISCHARGE" toID="E33" toText="po. medications" type="AFTER" />
<TLINK id="TL246" fromID="E2" fromText="DISCHARGE" toID="E34" toText="His wound" type="AFTER" />
<TLINK id="TL247" fromID="E2" fromText="DISCHARGE" toID="E35" toText="infection" type="AFTER" />
<TLINK id="TL248" fromID="E2" fromText="DISCHARGE" toID="E36" toText="calf tenderness" type="AFTER" />
<TLINK id="TL249" fromID="E2" fromText="DISCHARGE" toID="E37" toText="lower extremity arterial non-invasive studies" type="AFTER" />
<TLINK id="TL250" fromID="E2" fromText="DISCHARGE" toID="E38" toText="generally well" type="AFTER" />
<TLINK id="TL251" fromID="E2" fromText="DISCHARGE" toID="E39" toText="The physical examination" type="AFTER" />
<TLINK id="TL252" fromID="E2" fromText="DISCHARGE" toID="E40" toText="recurrent symptoms" type="AFTER" />
<TLINK id="TL253" fromID="E2" fromText="DISCHARGE" toID="E41" toText="coffee ground emesis" type="AFTER" />
<TLINK id="TL254" fromID="E2" fromText="DISCHARGE" toID="E42" toText="exceptionally well" type="AFTER" />
<TLINK id="TL255" fromID="E2" fromText="DISCHARGE" toID="E43" toText="discharge" type="AFTER" />
<TLINK id="TL256" fromID="E2" fromText="DISCHARGE" toID="E44" toText="follow up" type="BEFORE" />
<TLINK id="TL257" fromID="E2" fromText="DISCHARGE" toID="E45" toText="Discharge instructions" type="AFTER" />
<TLINK id="TL258" fromID="T2" fromText="12/14/96" toID="E3" toText="right hip pain" type="AFTER" />
<TLINK id="TL259" fromID="T2" fromText="12/14/96" toID="T3" toText="five years" type="AFTER" />
<TLINK id="TL260" fromID="T2" fromText="12/14/96" toID="E4" toText="The pain" type="AFTER" />
<TLINK id="TL261" fromID="T2" fromText="12/14/96" toID="E5" toText="increasing at night" type="AFTER" />
<TLINK id="TL262" fromID="T2" fromText="12/14/96" toID="E6" toText="lying on the right side" type="AFTER" />
<TLINK id="TL263" fromID="T2" fromText="12/14/96" toID="E7" toText="admitted" type="AFTER" />
<TLINK id="TL264" fromID="T2" fromText="12/14/96" toID="E8" toText="the hospital" type="AFTER" />
<TLINK id="TL265" fromID="T2" fromText="12/14/96" toID="E9" toText="admit" type="AFTER" />
<TLINK id="TL266" fromID="T2" fromText="12/14/96" toID="E10" toText="total hip replacement" type="AFTER" />
<TLINK id="TL267" fromID="T2" fromText="12/14/96" toID="E11" toText="this procedure" type="AFTER" />
<TLINK id="TL268" fromID="T2" fromText="12/14/96" toID="E12" toText="did well" type="AFTER" />
<TLINK id="TL269" fromID="T2" fromText="12/14/96" toID="T5" toText="the first 12 hours" type="BEFORE" />
<TLINK id="TL270" fromID="T2" fromText="12/14/96" toID="E13" toText="emesis of coffee grounds" type="AFTER" />
<TLINK id="TL271" fromID="T2" fromText="12/14/96" toID="E14" toText="electrocardiogram changes" type="AFTER" />
<TLINK id="TL272" fromID="T2" fromText="12/14/96" toID="E15" toText="this GI was consulted" type="AFTER" />
<TLINK id="TL273" fromID="T2" fromText="12/14/96" toID="E16" toText="esophagogastroduodenoscopy" type="AFTER" />
<TLINK id="TL274" fromID="T2" fromText="12/14/96" toID="E17" toText="nothing by mouth" type="AFTER" />
<TLINK id="TL275" fromID="T2" fromText="12/14/96" toID="E18" toText="the esophagogastroduodenoscopy" type="AFTER" />
<TLINK id="TL276" fromID="T2" fromText="12/14/96" toID="E19" toText="showed" type="AFTER" />
<TLINK id="TL277" fromID="T2" fromText="12/14/96" toID="E20" toText="a Mallory Weiss tear" type="AFTER" />
<TLINK id="TL278" fromID="T2" fromText="12/14/96" toID="E21" toText="nonspecific duodenitis" type="AFTER" />
<TLINK id="TL279" fromID="T2" fromText="12/14/96" toID="E22" toText="Zantac" type="AFTER" />
<TLINK id="TL280" fromID="T2" fromText="12/14/96" toID="E26" toText="he did exceptionally well" type="AFTER" />
<TLINK id="TL281" fromID="T2" fromText="12/14/96" toID="E24" toText="EGD" type="AFTER" />
<TLINK id="TL282" fromID="T2" fromText="12/14/96" toID="E25" toText="advanced slowly" type="AFTER" />
<TLINK id="TL283" fromID="T2" fromText="12/14/96" toID="E27" toText="discharge" type="BEFORE" />
<TLINK id="TL284" fromID="T2" fromText="12/14/96" toID="E29" toText="tolerating" type="AFTER" />
<TLINK id="TL285" fromID="T2" fromText="12/14/96" toID="E28" toText="a full diet" type="AFTER" />
<TLINK id="TL286" fromID="T2" fromText="12/14/96" toID="E30" toText="out of bed" type="AFTER" />
<TLINK id="TL287" fromID="T2" fromText="12/14/96" toID="E31" toText="pain" type="AFTER" />
<TLINK id="TL288" fromID="T2" fromText="12/14/96" toID="E33" toText="po. medications" type="AFTER" />
<TLINK id="TL289" fromID="T2" fromText="12/14/96" toID="E34" toText="His wound" type="AFTER" />
<TLINK id="TL290" fromID="T2" fromText="12/14/96" toID="E35" toText="infection" type="AFTER" />
<TLINK id="TL291" fromID="T2" fromText="12/14/96" toID="E36" toText="calf tenderness" type="AFTER" />
<TLINK id="TL292" fromID="T2" fromText="12/14/96" toID="E37" toText="lower extremity arterial non-invasive studies" type="AFTER" />
<TLINK id="TL293" fromID="T2" fromText="12/14/96" toID="E38" toText="generally well" type="AFTER" />
<TLINK id="TL294" fromID="T2" fromText="12/14/96" toID="E39" toText="The physical examination" type="AFTER" />
<TLINK id="TL295" fromID="T2" fromText="12/14/96" toID="E40" toText="recurrent symptoms" type="AFTER" />
<TLINK id="TL296" fromID="T2" fromText="12/14/96" toID="E41" toText="coffee ground emesis" type="AFTER" />
<TLINK id="TL297" fromID="T2" fromText="12/14/96" toID="E42" toText="exceptionally well" type="AFTER" />
<TLINK id="TL298" fromID="T2" fromText="12/14/96" toID="E43" toText="discharge" type="BEFORE" />
<TLINK id="TL299" fromID="T2" fromText="12/14/96" toID="E44" toText="follow up" type="BEFORE" />
<TLINK id="TL300" fromID="T2" fromText="12/14/96" toID="E45" toText="Discharge instructions" type="AFTER" />
<TLINK id="TL301" fromID="E3" fromText="right hip pain" toID="E5" toText="increasing at night" type="BEFORE" />
<TLINK id="TL302" fromID="T3" fromText="five years" toID="E5" toText="increasing at night" type="BEFORE" />
<TLINK id="TL303" fromID="E3" fromText="right hip pain" toID="E7" toText="admitted" type="BEFORE" />
<TLINK id="TL304" fromID="E3" fromText="right hip pain" toID="E8" toText="the hospital" type="BEFORE" />
<TLINK id="TL305" fromID="T3" fromText="five years" toID="E7" toText="admitted" type="BEFORE" />
<TLINK id="TL306" fromID="T3" fromText="five years" toID="E8" toText="the hospital" type="BEFORE" />
<TLINK id="TL307" fromID="T3" fromText="five years" toID="E10" toText="total hip replacement" type="BEFORE" />
<TLINK id="TL308" fromID="T3" fromText="five years" toID="E11" toText="this procedure" type="BEFORE" />
<TLINK id="TL309" fromID="E3" fromText="right hip pain" toID="T5" toText="the first 12 hours" type="BEFORE" />
<TLINK id="TL310" fromID="T3" fromText="five years" toID="E12" toText="did well" type="BEFORE" />
<TLINK id="TL311" fromID="T3" fromText="five years" toID="T5" toText="the first 12 hours" type="BEFORE" />
<TLINK id="TL312" fromID="T3" fromText="five years" toID="E15" toText="this GI was consulted" type="BEFORE" />
<TLINK id="TL313" fromID="T3" fromText="five years" toID="E22" toText="Zantac" type="BEFORE" />
<TLINK id="TL314" fromID="T3" fromText="five years" toID="E26" toText="he did exceptionally well" type="BEFORE" />
<TLINK id="TL315" fromID="T3" fromText="five years" toID="E24" toText="EGD" type="BEFORE" />
<TLINK id="TL316" fromID="T3" fromText="five years" toID="E25" toText="advanced slowly" type="BEFORE" />
<TLINK id="TL317" fromID="E3" fromText="right hip pain" toID="E27" toText="discharge" type="BEFORE" />
<TLINK id="TL318" fromID="T3" fromText="five years" toID="E27" toText="discharge" type="BEFORE" />
<TLINK id="TL319" fromID="T3" fromText="five years" toID="E28" toText="a full diet" type="BEFORE" />
<TLINK id="TL320" fromID="T3" fromText="five years" toID="E38" toText="generally well" type="BEFORE" />
<TLINK id="TL321" fromID="T3" fromText="five years" toID="E39" toText="The physical examination" type="BEFORE" />
<TLINK id="TL322" fromID="E3" fromText="right hip pain" toID="E43" toText="discharge" type="BEFORE" />
<TLINK id="TL323" fromID="E3" fromText="right hip pain" toID="E44" toText="follow up" type="OVERLAP" />
<TLINK id="TL324" fromID="T3" fromText="five years" toID="E42" toText="exceptionally well" type="BEFORE" />
<TLINK id="TL325" fromID="T3" fromText="five years" toID="E43" toText="discharge" type="BEFORE" />
<TLINK id="TL326" fromID="T3" fromText="five years" toID="E44" toText="follow up" type="OVERLAP" />
<TLINK id="TL327" fromID="E4" fromText="The pain" toID="E7" toText="admitted" type="BEFORE" />
<TLINK id="TL328" fromID="E4" fromText="The pain" toID="E8" toText="the hospital" type="BEFORE" />
<TLINK id="TL329" fromID="E4" fromText="The pain" toID="E10" toText="total hip replacement" type="BEFORE" />
<TLINK id="TL330" fromID="E5" fromText="increasing at night" toID="E7" toText="admitted" type="BEFORE" />
<TLINK id="TL331" fromID="E5" fromText="increasing at night" toID="E8" toText="the hospital" type="BEFORE" />
<TLINK id="TL332" fromID="E5" fromText="increasing at night" toID="E10" toText="total hip replacement" type="BEFORE" />
<TLINK id="TL333" fromID="E6" fromText="lying on the right side" toID="E7" toText="admitted" type="BEFORE" />
<TLINK id="TL334" fromID="E6" fromText="lying on the right side" toID="E8" toText="the hospital" type="BEFORE" />
<TLINK id="TL335" fromID="E4" fromText="The pain" toID="E12" toText="did well" type="BEFORE" />
<TLINK id="TL336" fromID="E4" fromText="The pain" toID="T5" toText="the first 12 hours" type="BEFORE" />
<TLINK id="TL337" fromID="E5" fromText="increasing at night" toID="T5" toText="the first 12 hours" type="BEFORE" />
<TLINK id="TL338" fromID="E6" fromText="lying on the right side" toID="T5" toText="the first 12 hours" type="BEFORE" />
<TLINK id="TL339" fromID="E4" fromText="The pain" toID="E15" toText="this GI was consulted" type="BEFORE" />
<TLINK id="TL340" fromID="E4" fromText="The pain" toID="E27" toText="discharge" type="BEFORE" />
<TLINK id="TL341" fromID="E4" fromText="The pain" toID="E28" toText="a full diet" type="BEFORE" />
<TLINK id="TL342" fromID="E5" fromText="increasing at night" toID="E27" toText="discharge" type="BEFORE" />
<TLINK id="TL343" fromID="E6" fromText="lying on the right side" toID="E27" toText="discharge" type="BEFORE" />
<TLINK id="TL344" fromID="E4" fromText="The pain" toID="E42" toText="exceptionally well" type="BEFORE" />
<TLINK id="TL345" fromID="E4" fromText="The pain" toID="E43" toText="discharge" type="BEFORE" />
<TLINK id="TL346" fromID="E4" fromText="The pain" toID="E44" toText="follow up" type="OVERLAP" />
<TLINK id="TL347" fromID="E5" fromText="increasing at night" toID="E43" toText="discharge" type="BEFORE" />
<TLINK id="TL348" fromID="E5" fromText="increasing at night" toID="E44" toText="follow up" type="OVERLAP" />
<TLINK id="TL349" fromID="E6" fromText="lying on the right side" toID="E43" toText="discharge" type="BEFORE" />
<TLINK id="TL350" fromID="E6" fromText="lying on the right side" toID="E44" toText="follow up" type="OVERLAP" />
<TLINK id="TL351" fromID="E10" fromText="total hip replacement" toID="E11" toText="this procedure" type="OVERLAP" />
<TLINK id="TL352" fromID="E7" fromText="admitted" toID="T5" toText="the first 12 hours" type="BEFORE" />
<TLINK id="TL353" fromID="E9" fromText="admit" toID="E12" toText="did well" type="BEFORE" />
<TLINK id="TL354" fromID="E9" fromText="admit" toID="T5" toText="the first 12 hours" type="BEFORE" />
<TLINK id="TL355" fromID="E10" fromText="total hip replacement" toID="T5" toText="the first 12 hours" type="BEFORE" />
<TLINK id="TL356" fromID="E9" fromText="admit" toID="E15" toText="this GI was consulted" type="BEFORE" />
<TLINK id="TL357" fromID="E7" fromText="admitted" toID="E27" toText="discharge" type="BEFORE" />
<TLINK id="TL358" fromID="E8" fromText="the hospital" toID="E27" toText="discharge" type="BEFORE" />
<TLINK id="TL359" fromID="E9" fromText="admit" toID="E27" toText="discharge" type="BEFORE" />
<TLINK id="TL360" fromID="E9" fromText="admit" toID="E28" toText="a full diet" type="BEFORE" />
<TLINK id="TL361" fromID="E10" fromText="total hip replacement" toID="E27" toText="discharge" type="BEFORE" />
<TLINK id="TL362" fromID="T4" fromText="December 7" toID="E27" toText="discharge" type="BEFORE" />
<TLINK id="TL363" fromID="E7" fromText="admitted" toID="E43" toText="discharge" type="BEFORE" />
<TLINK id="TL364" fromID="E7" fromText="admitted" toID="E44" toText="follow up" type="OVERLAP" />
<TLINK id="TL365" fromID="E8" fromText="the hospital" toID="E43" toText="discharge" type="BEFORE" />
<TLINK id="TL366" fromID="E8" fromText="the hospital" toID="E44" toText="follow up" type="BEFORE" />
<TLINK id="TL367" fromID="E9" fromText="admit" toID="E42" toText="exceptionally well" type="BEFORE" />
<TLINK id="TL368" fromID="E9" fromText="admit" toID="E43" toText="discharge" type="BEFORE" />
<TLINK id="TL369" fromID="E9" fromText="admit" toID="E44" toText="follow up" type="OVERLAP" />
<TLINK id="TL370" fromID="E10" fromText="total hip replacement" toID="E42" toText="exceptionally well" type="BEFORE" />
<TLINK id="TL371" fromID="E10" fromText="total hip replacement" toID="E43" toText="discharge" type="BEFORE" />
<TLINK id="TL372" fromID="E10" fromText="total hip replacement" toID="E44" toText="follow up" type="BEFORE" />
<TLINK id="TL373" fromID="T4" fromText="December 7" toID="E43" toText="discharge" type="BEFORE" />
<TLINK id="TL374" fromID="T4" fromText="December 7" toID="E44" toText="follow up" type="OVERLAP" />
<TLINK id="TL375" fromID="E11" fromText="this procedure" toID="E12" toText="did well" type="BEFORE" />
<TLINK id="TL376" fromID="E11" fromText="this procedure" toID="T5" toText="the first 12 hours" type="BEFORE" />
<TLINK id="TL377" fromID="E11" fromText="this procedure" toID="E15" toText="this GI was consulted" type="BEFORE" />
<TLINK id="TL378" fromID="E11" fromText="this procedure" toID="E22" toText="Zantac" type="BEFORE" />
<TLINK id="TL379" fromID="E11" fromText="this procedure" toID="E27" toText="discharge" type="BEFORE" />
<TLINK id="TL380" fromID="E11" fromText="this procedure" toID="E28" toText="a full diet" type="BEFORE" />
<TLINK id="TL381" fromID="E11" fromText="this procedure" toID="E38" toText="generally well" type="BEFORE" />
<TLINK id="TL382" fromID="E11" fromText="this procedure" toID="E39" toText="The physical examination" type="BEFORE" />
<TLINK id="TL383" fromID="E11" fromText="this procedure" toID="E42" toText="exceptionally well" type="BEFORE" />
<TLINK id="TL384" fromID="E11" fromText="this procedure" toID="E43" toText="discharge" type="BEFORE" />
<TLINK id="TL385" fromID="E11" fromText="this procedure" toID="E44" toText="follow up" type="AFTER" />
<TLINK id="TL386" fromID="E12" fromText="did well" toID="E27" toText="discharge" type="BEFORE" />
<TLINK id="TL387" fromID="T5" fromText="the first 12 hours" toID="E27" toText="discharge" type="BEFORE" />
<TLINK id="TL388" fromID="E12" fromText="did well" toID="E43" toText="discharge" type="BEFORE" />
<TLINK id="TL389" fromID="E12" fromText="did well" toID="E44" toText="follow up" type="BEFORE" />
<TLINK id="TL390" fromID="T5" fromText="the first 12 hours" toID="E43" toText="discharge" type="BEFORE" />
<TLINK id="TL391" fromID="T5" fromText="the first 12 hours" toID="E44" toText="follow up" type="OVERLAP" />
<TLINK id="TL392" fromID="E13" fromText="emesis of coffee grounds" toID="E27" toText="discharge" type="BEFORE" />
<TLINK id="TL393" fromID="T6" fromText="postoperative night #1" toID="E27" toText="discharge" type="BEFORE" />
<TLINK id="TL394" fromID="E13" fromText="emesis of coffee grounds" toID="E43" toText="discharge" type="BEFORE" />
<TLINK id="TL395" fromID="E13" fromText="emesis of coffee grounds" toID="E44" toText="follow up" type="AFTER" />
<TLINK id="TL396" fromID="T6" fromText="postoperative night #1" toID="E43" toText="discharge" type="BEFORE" />
<TLINK id="TL397" fromID="T6" fromText="postoperative night #1" toID="E44" toText="follow up" type="OVERLAP" />
<TLINK id="TL398" fromID="E14" fromText="electrocardiogram changes" toID="E27" toText="discharge" type="BEFORE" />
<TLINK id="TL399" fromID="E14" fromText="electrocardiogram changes" toID="E43" toText="discharge" type="BEFORE" />
<TLINK id="TL400" fromID="E14" fromText="electrocardiogram changes" toID="E44" toText="follow up" type="OVERLAP" />
<TLINK id="TL401" fromID="E15" fromText="this GI was consulted" toID="E27" toText="discharge" type="BEFORE" />
<TLINK id="TL402" fromID="E16" fromText="esophagogastroduodenoscopy" toID="E27" toText="discharge" type="BEFORE" />
<TLINK id="TL403" fromID="E15" fromText="this GI was consulted" toID="E43" toText="discharge" type="BEFORE" />
<TLINK id="TL404" fromID="E15" fromText="this GI was consulted" toID="E44" toText="follow up" type="BEFORE" />
<TLINK id="TL405" fromID="E16" fromText="esophagogastroduodenoscopy" toID="E43" toText="discharge" type="BEFORE" />
<TLINK id="TL406" fromID="E16" fromText="esophagogastroduodenoscopy" toID="E44" toText="follow up" type="BEFORE" />
<TLINK id="TL407" fromID="E17" fromText="nothing by mouth" toID="E27" toText="discharge" type="BEFORE" />
<TLINK id="TL408" fromID="E18" fromText="the esophagogastroduodenoscopy" toID="E27" toText="discharge" type="BEFORE" />
<TLINK id="TL409" fromID="E17" fromText="nothing by mouth" toID="E43" toText="discharge" type="BEFORE" />
<TLINK id="TL410" fromID="E17" fromText="nothing by mouth" toID="E44" toText="follow up" type="BEFORE" />
<TLINK id="TL411" fromID="E18" fromText="the esophagogastroduodenoscopy" toID="E43" toText="discharge" type="BEFORE" />
<TLINK id="TL412" fromID="E18" fromText="the esophagogastroduodenoscopy" toID="E44" toText="follow up" type="BEFORE" />
<TLINK id="TL413" fromID="E19" fromText="showed" toID="E27" toText="discharge" type="BEFORE" />
<TLINK id="TL414" fromID="E20" fromText="a Mallory Weiss tear" toID="E27" toText="discharge" type="BEFORE" />
<TLINK id="TL415" fromID="E21" fromText="nonspecific duodenitis" toID="E27" toText="discharge" type="BEFORE" />
<TLINK id="TL416" fromID="E19" fromText="showed" toID="E43" toText="discharge" type="BEFORE" />
<TLINK id="TL417" fromID="E19" fromText="showed" toID="E44" toText="follow up" type="BEFORE" />
<TLINK id="TL418" fromID="E20" fromText="a Mallory Weiss tear" toID="E43" toText="discharge" type="BEFORE" />
<TLINK id="TL419" fromID="E20" fromText="a Mallory Weiss tear" toID="E44" toText="follow up" type="BEFORE" />
<TLINK id="TL420" fromID="E21" fromText="nonspecific duodenitis" toID="E43" toText="discharge" type="BEFORE" />
<TLINK id="TL421" fromID="E21" fromText="nonspecific duodenitis" toID="E44" toText="follow up" type="BEFORE" />
<TLINK id="TL422" fromID="E22" fromText="Zantac" toID="E27" toText="discharge" type="BEFORE" />
<TLINK id="TL423" fromID="E23" fromText="H Pylori serology" toID="E27" toText="discharge" type="BEFORE" />
<TLINK id="TL424" fromID="E22" fromText="Zantac" toID="E43" toText="discharge" type="BEFORE" />
<TLINK id="TL425" fromID="E22" fromText="Zantac" toID="E44" toText="follow up" type="BEFORE" />
<TLINK id="TL426" fromID="E23" fromText="H Pylori serology" toID="E43" toText="discharge" type="BEFORE" />
<TLINK id="TL427" fromID="E23" fromText="H Pylori serology" toID="E44" toText="follow up" type="BEFORE" />
<TLINK id="TL428" fromID="E26" fromText="he did exceptionally well" toID="E27" toText="discharge" type="BEFORE" />
<TLINK id="TL429" fromID="E24" fromText="EGD" toID="E27" toText="discharge" type="BEFORE" />
<TLINK id="TL430" fromID="E25" fromText="advanced slowly" toID="E27" toText="discharge" type="BEFORE" />
<TLINK id="TL431" fromID="E26" fromText="he did exceptionally well" toID="E43" toText="discharge" type="BEFORE" />
<TLINK id="TL432" fromID="E26" fromText="he did exceptionally well" toID="E44" toText="follow up" type="BEFORE" />
<TLINK id="TL433" fromID="E24" fromText="EGD" toID="E43" toText="discharge" type="BEFORE" />
<TLINK id="TL434" fromID="E24" fromText="EGD" toID="E44" toText="follow up" type="BEFORE" />
<TLINK id="TL435" fromID="E25" fromText="advanced slowly" toID="E43" toText="discharge" type="BEFORE" />
<TLINK id="TL436" fromID="E25" fromText="advanced slowly" toID="E44" toText="follow up" type="BEFORE" />
<TLINK id="TL437" fromID="E27" fromText="discharge" toID="E34" toText="His wound" type="AFTER" />
<TLINK id="TL438" fromID="E27" fromText="discharge" toID="E35" toText="infection" type="AFTER" />
<TLINK id="TL439" fromID="E27" fromText="discharge" toID="E36" toText="calf tenderness" type="AFTER" />
<TLINK id="TL440" fromID="E27" fromText="discharge" toID="E37" toText="lower extremity arterial non-invasive studies" type="AFTER" />
<TLINK id="TL441" fromID="E27" fromText="discharge" toID="E38" toText="generally well" type="AFTER" />
<TLINK id="TL442" fromID="E27" fromText="discharge" toID="E39" toText="The physical examination" type="AFTER" />
<TLINK id="TL443" fromID="E27" fromText="discharge" toID="E40" toText="recurrent symptoms" type="AFTER" />
<TLINK id="TL444" fromID="E27" fromText="discharge" toID="E41" toText="coffee ground emesis" type="AFTER" />
<TLINK id="TL445" fromID="E27" fromText="discharge" toID="E42" toText="exceptionally well" type="AFTER" />
<TLINK id="TL446" fromID="E27" fromText="discharge" toID="E43" toText="discharge" type="BEFORE" />
<TLINK id="TL447" fromID="E27" fromText="discharge" toID="E44" toText="follow up" type="BEFORE" />
<TLINK id="TL448" fromID="E29" fromText="tolerating" toID="E42" toText="exceptionally well" type="BEFORE" />
<TLINK id="TL449" fromID="E29" fromText="tolerating" toID="E43" toText="discharge" type="BEFORE" />
<TLINK id="TL450" fromID="E29" fromText="tolerating" toID="E44" toText="follow up" type="BEFORE" />
<TLINK id="TL451" fromID="E28" fromText="a full diet" toID="E43" toText="discharge" type="BEFORE" />
<TLINK id="TL452" fromID="E28" fromText="a full diet" toID="E44" toText="follow up" type="BEFORE" />
<TLINK id="TL453" fromID="E30" fromText="out of bed" toID="E42" toText="exceptionally well" type="BEFORE" />
<TLINK id="TL454" fromID="E30" fromText="out of bed" toID="E43" toText="discharge" type="BEFORE" />
<TLINK id="TL455" fromID="E30" fromText="out of bed" toID="E44" toText="follow up" type="BEFORE" />
<TLINK id="TL456" fromID="E31" fromText="pain" toID="E43" toText="discharge" type="BEFORE" />
<TLINK id="TL457" fromID="E31" fromText="pain" toID="E44" toText="follow up" type="BEFORE" />
<TLINK id="TL458" fromID="E32" fromText="tolerated" toID="E43" toText="discharge" type="BEFORE" />
<TLINK id="TL459" fromID="E32" fromText="tolerated" toID="E44" toText="follow up" type="OVERLAP" />
<TLINK id="TL460" fromID="E33" fromText="po. medications" toID="E43" toText="discharge" type="BEFORE" />
<TLINK id="TL461" fromID="E33" fromText="po. medications" toID="E44" toText="follow up" type="BEFORE" />
<TLINK id="TL462" fromID="E27" fromText="discharge" toID="E45" toText="Discharge instructions" type="AFTER" />
<TLINK id="TL463" fromID="E34" fromText="His wound" toID="E43" toText="discharge" type="BEFORE" />
<TLINK id="TL464" fromID="E34" fromText="His wound" toID="E44" toText="follow up" type="BEFORE" />
<TLINK id="TL465" fromID="E35" fromText="infection" toID="E43" toText="discharge" type="BEFORE" />
<TLINK id="TL466" fromID="E35" fromText="infection" toID="E44" toText="follow up" type="AFTER" />
<TLINK id="TL467" fromID="E36" fromText="calf tenderness" toID="E38" toText="generally well" type="BEFORE" />
<TLINK id="TL468" fromID="E36" fromText="calf tenderness" toID="E39" toText="The physical examination" type="BEFORE" />
<TLINK id="TL469" fromID="E36" fromText="calf tenderness" toID="E42" toText="exceptionally well" type="BEFORE" />
<TLINK id="TL470" fromID="E36" fromText="calf tenderness" toID="E43" toText="discharge" type="BEFORE" />
<TLINK id="TL471" fromID="E36" fromText="calf tenderness" toID="E44" toText="follow up" type="BEFORE" />
<TLINK id="TL472" fromID="E37" fromText="lower extremity arterial non-invasive studies" toID="E43" toText="discharge" type="BEFORE" />
<TLINK id="TL473" fromID="E37" fromText="lower extremity arterial non-invasive studies" toID="E44" toText="follow up" type="BEFORE" />
<TLINK id="TL474" fromID="E38" fromText="generally well" toID="E43" toText="discharge" type="BEFORE" />
<TLINK id="TL475" fromID="E38" fromText="generally well" toID="E44" toText="follow up" type="BEFORE" />
<TLINK id="TL476" fromID="E39" fromText="The physical examination" toID="E43" toText="discharge" type="BEFORE" />
<TLINK id="TL477" fromID="E39" fromText="The physical examination" toID="E44" toText="follow up" type="BEFORE" />
<TLINK id="TL478" fromID="E40" fromText="recurrent symptoms" toID="E43" toText="discharge" type="BEFORE" />
<TLINK id="TL479" fromID="E40" fromText="recurrent symptoms" toID="E44" toText="follow up" type="BEFORE" />
<TLINK id="TL480" fromID="E41" fromText="coffee ground emesis" toID="E43" toText="discharge" type="BEFORE" />
<TLINK id="TL481" fromID="E41" fromText="coffee ground emesis" toID="E44" toText="follow up" type="BEFORE" />
<TLINK id="TL482" fromID="E43" fromText="discharge" toID="E45" toText="Discharge instructions" type="AFTER" />
</TAGS>
</ClinicalNarrativeTemporalAnnotation>