<?xml version='1.0' encoding='ASCII'?>
<ClinicalNarrativeTemporalAnnotation>
<TEXT>
Admission Date :
02/17/2000
Report Status :
Signed
HISTORY OF PRESENT ILLNESS :
Ri Strength is a 40 year old man with a history of GERD , who presents with abdominal pain of seven days duration .
The patient was in general good health until seven days ago ( 2/11/00 ) , when he had a sudden onset of sharp left flank pain with radiation to the lower abdomen and then to the epigastrium .
The patient described the pain as &amp;quot; knife-like &amp;quot; with a severity of 1/25 at its worse .
The patient was exacerbated when eating and when lying flat .
The patient also reports blood-streaked diarrhea for two days .
He denies nausea and vomiting .
He has had no fevers or chills .
He has had no recent weight loss , no light-headedness or dizziness .
He denies increased urinary frequent or urgency .
The patient presented to the Sloan- Center Emergency Department , where he was resuscitated with normal saline and received morphine for pain .
He was then transferred to the general medicine service for further management .
HOSPITAL COURSE :
On admission , the patient was diagnosed with acute pancreatitis .
He was made NPO and was resuscitated with IV fluids .
Pain control was initiated with morphine but was then changed to Demerol , which gave the patient better relief of his epigastric pain .
From 2/17/00 to 2/21/00 , the patient complained of persistent and occasionally severe epigastric pain .
His pain medication was then changed to Dilaudid IV in an attempt to better alleviate his symptoms .
Dilaudid IV was continued for the remainder of the patient &amp;apos;s hospitalization .
The does was titrated to the patient &amp;apos;s need for comfort and was eventually tapered .
The severity and persistent of the patient &amp;apos;s epigastric pain was concerning for a pancreatic complication such as necrosis or abscess .
The patient had a CT scan , which revealed a mass in the gallbladder neck , but no biliary dilatation .
There was stranding along the pancreas , but no necrosis , abscess , or pseudocyst .
On 2/22/00 , the patient had fevers to 103.5 .
Blood and urine cultures were sent .
A chest x-ray was done , which revealed no infiltrate or effusion .
The patient was started on cefotaxime 1 gm IV for empiric antibiotic treatment .
All cultures were negative .
On 2/23/00 , the high grade fever persisted .
An ultrasound was done to R / O cholestasis or cholangitis .
The ultrasound showed biliary sludge and swelling of the body and tail of the pancreas .
No other abnormalities were noted .
On 2/24/00 , the patient had an episode of exacerbation of epigastric pain with radiation to the left upper quadrant .
The pain was subsequently relieved with high dose Dilaudid .
The patient had a follow-up chest x-ray , which was essentially unchanged from previously , showing a normal heart and lungs without infiltrate .
From 2/25 - 2/27/00 , the patient &amp;apos;s fever defervesced and his abdominal pain gradually subsided .
The cefotaxime was discontinued since no infection was identified .
On 2/28/00 , the patient &amp;apos;s diet was advanced to a low fat solids ( per pancreatitis study ) , which the patient tolerated well .
The patient was discharged home on 2/29/00 , with much improvement of his symptoms .
</TEXT>
<TAGS>
<EVENT id="E0" start="1" end="10" text="Admission" modality="FACTUAL" polarity="POS" type="OCCURRENCE" />
<EVENT id="E85" start="1002" end="1020" text="further management" modality="FACTUAL" polarity="POS" type="TREATMENT" />
<EVENT id="E54" start="1044" end="1053" text="admission" modality="FACTUAL" polarity="POS" type="OCCURRENCE" />
<EVENT id="E55" start="1072" end="1081" text="diagnosed" modality="FACTUAL" polarity="POS" type="OCCURRENCE" />
<EVENT id="E6" start="1087" end="1105" text="acute pancreatitis" modality="FACTUAL" polarity="POS" type="PROBLEM" />
<EVENT id="E7" start="1120" end="1123" text="NPO" modality="FACTUAL" polarity="POS" type="TREATMENT" />
<EVENT id="E86" start="1132" end="1144" text="resuscitated" modality="FACTUAL" polarity="POS" type="TREATMENT" />
<EVENT id="E8" start="1150" end="1159" text="IV fluids" modality="FACTUAL" polarity="POS" type="TREATMENT" />
<EVENT id="E9" start="1162" end="1174" text="Pain control" modality="FACTUAL" polarity="POS" type="TREATMENT" />
<EVENT id="E10" start="1194" end="1202" text="morphine" modality="FACTUAL" polarity="POS" type="TREATMENT" />
<EVENT id="E11" start="1227" end="1234" text="Demerol" modality="FACTUAL" polarity="POS" type="TREATMENT" />
<EVENT id="E12" start="1277" end="1296" text="his epigastric pain" modality="FACTUAL" polarity="POS" type="PROBLEM" />
<EVENT id="E59" start="132" end="136" text="GERD" modality="FACTUAL" polarity="POS" type="PROBLEM" />
<EVENT id="E56" start="1337" end="1347" text="complained" modality="FACTUAL" polarity="POS" type="EVIDENTIAL" />
<EVENT id="E87" start="1351" end="1401" text="persistent and occasionally severe epigastric pain" modality="FACTUAL" polarity="POS" type="PROBLEM" />
<EVENT id="E13" start="1404" end="1423" text="His pain medication" modality="FACTUAL" polarity="POS" type="TREATMENT" />
<EVENT id="E52" start="143" end="151" text="presents" modality="FACTUAL" polarity="POS" type="EVIDENTIAL" />
<EVENT id="E14" start="1444" end="1455" text="Dilaudid IV" modality="FACTUAL" polarity="POS" type="TREATMENT" />
<EVENT id="E15" start="1490" end="1502" text="his symptoms" modality="FACTUAL" polarity="POS" type="PROBLEM" />
<EVENT id="E16" start="1505" end="1516" text="Dilaudid IV" modality="FACTUAL" polarity="POS" type="TREATMENT" />
<EVENT id="E1" start="157" end="171" text="abdominal pain" modality="FACTUAL" polarity="POS" type="PROBLEM" />
<EVENT id="E88" start="1572" end="1587" text="hospitalization" modality="FACTUAL" polarity="POS" type="OCCURRENCE" />
<EVENT id="E89" start="1603" end="1611" text="titrated" modality="FACTUAL" polarity="POS" type="TREATMENT" />
<EVENT id="E90" start="1671" end="1678" text="tapered" modality="FACTUAL" polarity="POS" type="TREATMENT" />
<EVENT id="E17" start="1712" end="1747" text="the patient 's epigastric pain" modality="FACTUAL" polarity="POS" type="PROBLEM" />
<EVENT id="E18" start="1767" end="1792" text="a pancreatic complication" modality="POSSIBLE" polarity="POS" type="PROBLEM" />
<EVENT id="E19" start="1801" end="1809" text="necrosis" modality="POSSIBLE" polarity="POS" type="PROBLEM" />
<EVENT id="E20" start="1813" end="1820" text="abscess" modality="POSSIBLE" polarity="POS" type="PROBLEM" />
<EVENT id="E21" start="1839" end="1848" text="a CT scan" modality="FACTUAL" polarity="POS" type="TEST" />
<EVENT id="E91" start="1857" end="1865" text="revealed" modality="FACTUAL" polarity="POS" type="EVIDENTIAL" />
<EVENT id="E22" start="1866" end="1896" text="a mass in the gallbladder neck" modality="FACTUAL" polarity="POS" type="PROBLEM" />
<EVENT id="E23" start="1906" end="1924" text="biliary dilatation" modality="FACTUAL" polarity="NEG" type="PROBLEM" />
<EVENT id="E24" start="1937" end="1965" text="stranding along the pancreas" modality="FACTUAL" polarity="POS" type="PROBLEM" />
<EVENT id="E25" start="1975" end="1983" text="necrosis" modality="FACTUAL" polarity="NEG" type="PROBLEM" />
<EVENT id="E26" start="1986" end="1993" text="abscess" modality="FACTUAL" polarity="NEG" type="PROBLEM" />
<EVENT id="E27" start="1999" end="2009" text="pseudocyst" modality="FACTUAL" polarity="NEG" type="PROBLEM" />
<EVENT id="E28" start="2041" end="2047" text="fevers" modality="FACTUAL" polarity="POS" type="PROBLEM" />
<EVENT id="E29" start="2059" end="2083" text="Blood and urine cultures" modality="FACTUAL" polarity="POS" type="TEST" />
<EVENT id="E30" start="2096" end="2109" text="A chest x-ray" modality="FACTUAL" polarity="POS" type="TEST" />
<EVENT id="E92" start="2127" end="2135" text="revealed" modality="FACTUAL" polarity="POS" type="EVIDENTIAL" />
<EVENT id="E31" start="2139" end="2149" text="infiltrate" modality="FACTUAL" polarity="NEG" type="PROBLEM" />
<EVENT id="E32" start="2153" end="2161" text="effusion" modality="FACTUAL" polarity="NEG" type="PROBLEM" />
<EVENT id="E53" start="216" end="235" text="general good health" modality="FACTUAL" polarity="POS" type="OCCURRENCE" />
<EVENT id="E33" start="2191" end="2201" text="cefotaxime" modality="FACTUAL" polarity="POS" type="TREATMENT" />
<EVENT id="E34" start="2214" end="2242" text="empiric antibiotic treatment" modality="FACTUAL" polarity="POS" type="TREATMENT" />
<EVENT id="E93" start="2245" end="2257" text="All cultures" modality="FACTUAL" polarity="POS" type="TEST" />
<EVENT id="E35" start="2287" end="2307" text="the high grade fever" modality="FACTUAL" polarity="POS" type="PROBLEM" />
<EVENT id="E36" start="2320" end="2333" text="An ultrasound" modality="FACTUAL" polarity="POS" type="TEST" />
<EVENT id="E94" start="2352" end="2363" text="cholestasis" modality="POSSIBLE" polarity="POS" type="PROBLEM" />
<EVENT id="E95" start="2367" end="2378" text="cholangitis" modality="POSSIBLE" polarity="POS" type="PROBLEM" />
<EVENT id="E37" start="2381" end="2395" text="The ultrasound" modality="FACTUAL" polarity="POS" type="TEST" />
<EVENT id="E96" start="2396" end="2402" text="showed" modality="FACTUAL" polarity="POS" type="EVIDENTIAL" />
<EVENT id="E38" start="2403" end="2417" text="biliary sludge" modality="FACTUAL" polarity="POS" type="PROBLEM" />
<EVENT id="E39" start="2422" end="2442" text="swelling of the body" modality="FACTUAL" polarity="POS" type="PROBLEM" />
<EVENT id="E40" start="2473" end="2492" text="other abnormalities" modality="FACTUAL" polarity="NEG" type="PROBLEM" />
<EVENT id="E97" start="2498" end="2503" text="noted" modality="FACTUAL" polarity="POS" type="EVIDENTIAL" />
<EVENT id="E98" start="2565" end="2580" text="epigastric pain" modality="FACTUAL" polarity="POS" type="PROBLEM" />
<EVENT id="E41" start="2586" end="2622" text="radiation to the left upper quadrant" modality="FACTUAL" polarity="POS" type="PROBLEM" />
<EVENT id="E42" start="2625" end="2633" text="The pain" modality="FACTUAL" polarity="POS" type="PROBLEM" />
<EVENT id="E43" start="2665" end="2683" text="high dose Dilaudid" modality="FACTUAL" polarity="POS" type="TREATMENT" />
<EVENT id="E44" start="2702" end="2725" text="a follow-up chest x-ray" modality="FACTUAL" polarity="POS" type="TEST" />
<EVENT id="E99" start="2778" end="2785" text="showing" modality="FACTUAL" polarity="POS" type="EVIDENTIAL" />
<EVENT id="E45" start="2819" end="2829" text="infiltrate" modality="FACTUAL" polarity="NEG" type="PROBLEM" />
<EVENT id="E46" start="2854" end="2879" text="the patient 's fever" modality="FACTUAL" polarity="POS" type="PROBLEM" />
<EVENT id="E47" start="2896" end="2914" text="his abdominal pain" modality="FACTUAL" polarity="POS" type="PROBLEM" />
<EVENT id="E48" start="2936" end="2950" text="The cefotaxime" modality="FACTUAL" polarity="POS" type="TREATMENT" />
<EVENT id="E57" start="2955" end="2967" text="discontinued" modality="FACTUAL" polarity="POS" type="OCCURRENCE" />
<EVENT id="E49" start="2977" end="2986" text="infection" modality="FACTUAL" polarity="NEG" type="PROBLEM" />
<EVENT id="E60" start="301" end="322" text="sharp left flank pain" modality="FACTUAL" polarity="POS" type="PROBLEM" />
<EVENT id="E50" start="3058" end="3074" text="a low fat solids" modality="FACTUAL" polarity="POS" type="TREATMENT" />
<EVENT id="E51" start="3081" end="3099" text="pancreatitis study" modality="FACTUAL" polarity="POS" type="TEST" />
<EVENT id="E100" start="3122" end="3131" text="tolerated" modality="FACTUAL" polarity="POS" type="OCCURRENCE" />
<EVENT id="E58" start="3155" end="3165" text="discharged" modality="FACTUAL" polarity="POS" type="OCCURRENCE" />
<EVENT id="E101" start="3194" end="3205" text="improvement" modality="FACTUAL" polarity="POS" type="OCCURRENCE" />
<EVENT id="E61" start="328" end="358" text="radiation to the lower abdomen" modality="FACTUAL" polarity="POS" type="PROBLEM" />
<EVENT id="E62" start="401" end="410" text="described" modality="FACTUAL" polarity="POS" type="EVIDENTIAL" />
<EVENT id="E63" start="411" end="419" text="the pain" modality="FACTUAL" polarity="POS" type="PROBLEM" />
<EVENT id="E64" start="430" end="440" text="knife-like" modality="FACTUAL" polarity="POS" type="PROBLEM" />
<EVENT id="E65" start="503" end="514" text="exacerbated" modality="CONDITIONAL" polarity="POS" type="PROBLEM" />
<EVENT id="E66" start="520" end="526" text="eating" modality="CONDITIONAL" polarity="POS" type="OCCURRENCE" />
<EVENT id="E67" start="536" end="546" text="lying flat" modality="CONDITIONAL" polarity="POS" type="OCCURRENCE" />
<EVENT id="E68" start="566" end="573" text="reports" modality="FACTUAL" polarity="POS" type="EVIDENTIAL" />
<EVENT id="E2" start="574" end="597" text="blood-streaked diarrhea" modality="FACTUAL" polarity="POS" type="PROBLEM" />
<EVENT id="E69" start="616" end="622" text="denies" modality="FACTUAL" polarity="POS" type="EVIDENTIAL" />
<EVENT id="E71" start="623" end="629" text="nausea" modality="FACTUAL" polarity="NEG" type="PROBLEM" />
<EVENT id="E72" start="634" end="642" text="vomiting" modality="FACTUAL" polarity="NEG" type="PROBLEM" />
<EVENT id="E73" start="659" end="665" text="fevers" modality="FACTUAL" polarity="NEG" type="PROBLEM" />
<EVENT id="E74" start="669" end="675" text="chills" modality="FACTUAL" polarity="NEG" type="PROBLEM" />
<EVENT id="E3" start="692" end="710" text="recent weight loss" modality="FACTUAL" polarity="NEG" type="PROBLEM" />
<EVENT id="E4" start="716" end="732" text="light-headedness" modality="FACTUAL" polarity="NEG" type="PROBLEM" />
<EVENT id="E5" start="736" end="745" text="dizziness" modality="FACTUAL" polarity="NEG" type="PROBLEM" />
<EVENT id="E70" start="751" end="757" text="denies" modality="FACTUAL" polarity="POS" type="EVIDENTIAL" />
<EVENT id="E75" start="758" end="784" text="increased urinary frequent" modality="FACTUAL" polarity="NEG" type="PROBLEM" />
<EVENT id="E76" start="788" end="795" text="urgency" modality="FACTUAL" polarity="NEG" type="PROBLEM" />
<EVENT id="E78" start="823" end="861" text="the Sloan- Center Emergency Department" modality="FACTUAL" polarity="POS" type="CLINICAL_DEPT" />
<EVENT id="E79" start="877" end="889" text="resuscitated" modality="FACTUAL" polarity="POS" type="TREATMENT" />
<EVENT id="E80" start="895" end="908" text="normal saline" modality="FACTUAL" polarity="POS" type="TREATMENT" />
<EVENT id="E81" start="922" end="930" text="morphine" modality="FACTUAL" polarity="POS" type="TREATMENT" />
<EVENT id="E82" start="935" end="939" text="pain" modality="FACTUAL" polarity="POS" type="PROBLEM" />
<EVENT id="E83" start="954" end="965" text="transferred" modality="FACTUAL" polarity="POS" type="OCCURRENCE" />
<EVENT id="E84" start="969" end="997" text="the general medicine service" modality="FACTUAL" polarity="POS" type="OCCURRENCE" />
<TIMEX3 id="T9" start="1304" end="1311" text="2/17/00" type="DATE" val="2000-02-17" mod="NA" />
<TIMEX3 id="T10" start="1315" end="1322" text="2/21/00" type="DATE" val="2000-02-21" mod="NA" />
<TIMEX3 id="T7" start="175" end="185" text="seven days" type="DURATION" val="P7D" mod="NA" />
<TIMEX3 id="T1" start="18" end="28" text="02/17/2000" type="DATE" val="2000-02-17" mod="NA" />
<TIMEX3 id="T2" start="2015" end="2022" text="2/22/00" type="DATE" val="2000-02-22" mod="NA" />
<TIMEX3 id="T3" start="2277" end="2284" text="2/23/00" type="DATE" val="2000-02-23" mod="NA" />
<TIMEX3 id="T0" start="242" end="252" text="seven days" type="DURATION" val="P7D" mod="NA" />
<TIMEX3 id="T4" start="2509" end="2516" text="2/24/00" type="DATE" val="2000-02-24" mod="NA" />
<TIMEX3 id="T6" start="259" end="266" text="2/11/00" type="DATE" val="2000-02-11" mod="NA" />
<TIMEX3 id="T11" start="2837" end="2841" text="2/25" type="DATE" val="2000-02-25" mod="NA" />
<TIMEX3 id="T12" start="2844" end="2851" text="2/27/00" type="DATE" val="2000-02-27" mod="NA" />
<TIMEX3 id="T5" start="3007" end="3014" text="2/28/00" type="DATE" val="2000-02-28" mod="NA" />
<TIMEX3 id="T13" start="3174" end="3181" text="2/29/00" type="DATE" val="2000-02-29" mod="NA" />
<TIMEX3 id="T8" start="602" end="610" text="two days" type="DURATION" val="P2D" mod="NA" />
<SECTIME id="S0" start="18" end="28" text="02/17/2000" type="ADMISSION" dvalue="2000-02-17" />
<TLINK id="TL0" fromID="E59" fromText="GERD" toID="E52" toText="presents" type="BEFORE" />
<TLINK id="TL1" fromID="E59" fromText="GERD" toID="T7" toText="seven days" type="BEFORE" />
<TLINK id="TL2" fromID="E52" fromText="presents" toID="E1" toText="abdominal pain" type="AFTER" />
<TLINK id="TL3" fromID="E52" fromText="presents" toID="T7" toText="seven days" type="AFTER" />
<TLINK id="TL4" fromID="E1" fromText="abdominal pain" toID="T7" toText="seven days" type="OVERLAP" />
<TLINK id="TL5" fromID="E53" fromText="general good health" toID="E60" toText="sharp left flank pain" type="BEFORE" />
<TLINK id="TL6" fromID="E53" fromText="general good health" toID="T0" toText="seven days" type="BEFORE" />
<TLINK id="TL7" fromID="E53" fromText="general good health" toID="T6" toText="2/11/00" type="BEFORE" />
<TLINK id="TL8" fromID="E60" fromText="sharp left flank pain" toID="E61" toText="radiation to the lower abdomen" type="OVERLAP" />
<TLINK id="TL9" fromID="T0" fromText="seven days" toID="E60" toText="sharp left flank pain" type="BEFORE" />
<TLINK id="TL10" fromID="T6" fromText="2/11/00" toID="E60" toText="sharp left flank pain" type="AFTER" />
<TLINK id="TL11" fromID="T0" fromText="seven days" toID="E61" toText="radiation to the lower abdomen" type="BEFORE" />
<TLINK id="TL12" fromID="T6" fromText="2/11/00" toID="E61" toText="radiation to the lower abdomen" type="AFTER" />
<TLINK id="TL13" fromID="T0" fromText="seven days" toID="T6" toText="2/11/00" type="BEFORE" />
<TLINK id="TL14" fromID="E62" fromText="described" toID="E63" toText="the pain" type="AFTER" />
<TLINK id="TL15" fromID="E62" fromText="described" toID="E64" toText="knife-like" type="AFTER" />
<TLINK id="TL16" fromID="E63" fromText="the pain" toID="E64" toText="knife-like" type="OVERLAP" />
<TLINK id="TL17" fromID="E65" fromText="exacerbated" toID="E66" toText="eating" type="OVERLAP" />
<TLINK id="TL18" fromID="E65" fromText="exacerbated" toID="E67" toText="lying flat" type="OVERLAP" />
<TLINK id="TL19" fromID="E66" fromText="eating" toID="E67" toText="lying flat" type="OVERLAP" />
<TLINK id="TL20" fromID="E68" fromText="reports" toID="E2" toText="blood-streaked diarrhea" type="AFTER" />
<TLINK id="TL21" fromID="E68" fromText="reports" toID="T8" toText="two days" type="AFTER" />
<TLINK id="TL22" fromID="E2" fromText="blood-streaked diarrhea" toID="T8" toText="two days" type="OVERLAP" />
<TLINK id="TL23" fromID="E69" fromText="denies" toID="E71" toText="nausea" type="AFTER" />
<TLINK id="TL24" fromID="E69" fromText="denies" toID="E72" toText="vomiting" type="AFTER" />
<TLINK id="TL25" fromID="E71" fromText="nausea" toID="E72" toText="vomiting" type="OVERLAP" />
<TLINK id="TL26" fromID="E73" fromText="fevers" toID="E74" toText="chills" type="OVERLAP" />
<TLINK id="TL27" fromID="E3" fromText="recent weight loss" toID="E4" toText="light-headedness" type="OVERLAP" />
<TLINK id="TL28" fromID="E3" fromText="recent weight loss" toID="E5" toText="dizziness" type="OVERLAP" />
<TLINK id="TL29" fromID="E4" fromText="light-headedness" toID="E5" toText="dizziness" type="OVERLAP" />
<TLINK id="TL30" fromID="E70" fromText="denies" toID="E75" toText="increased urinary frequent" type="AFTER" />
<TLINK id="TL31" fromID="E70" fromText="denies" toID="E76" toText="urgency" type="AFTER" />
<TLINK id="TL32" fromID="E75" fromText="increased urinary frequent" toID="E76" toText="urgency" type="OVERLAP" />
<TLINK id="TL33" fromID="E78" fromText="the Sloan- Center Emergency Department" toID="E79" toText="resuscitated" type="OVERLAP" />
<TLINK id="TL34" fromID="E78" fromText="the Sloan- Center Emergency Department" toID="E80" toText="normal saline" type="OVERLAP" />
<TLINK id="TL35" fromID="E78" fromText="the Sloan- Center Emergency Department" toID="E81" toText="morphine" type="OVERLAP" />
<TLINK id="TL36" fromID="E78" fromText="the Sloan- Center Emergency Department" toID="E82" toText="pain" type="AFTER" />
<TLINK id="TL37" fromID="E79" fromText="resuscitated" toID="E80" toText="normal saline" type="OVERLAP" />
<TLINK id="TL38" fromID="E79" fromText="resuscitated" toID="E81" toText="morphine" type="OVERLAP" />
<TLINK id="TL39" fromID="E79" fromText="resuscitated" toID="E82" toText="pain" type="AFTER" />
<TLINK id="TL40" fromID="E80" fromText="normal saline" toID="E81" toText="morphine" type="OVERLAP" />
<TLINK id="TL41" fromID="E80" fromText="normal saline" toID="E82" toText="pain" type="AFTER" />
<TLINK id="TL42" fromID="E81" fromText="morphine" toID="E82" toText="pain" type="AFTER" />
<TLINK id="TL43" fromID="E83" fromText="transferred" toID="E85" toText="further management" type="BEFORE" />
<TLINK id="TL44" fromID="E84" fromText="the general medicine service" toID="E85" toText="further management" type="BEFORE" />
<TLINK id="TL45" fromID="E83" fromText="transferred" toID="E84" toText="the general medicine service" type="BEFORE" />
<TLINK id="TL46" fromID="E54" fromText="admission" toID="E55" toText="diagnosed" type="OVERLAP" />
<TLINK id="TL47" fromID="E54" fromText="admission" toID="E6" toText="acute pancreatitis" type="AFTER" />
<TLINK id="TL48" fromID="E55" fromText="diagnosed" toID="E6" toText="acute pancreatitis" type="OVERLAP" />
<TLINK id="TL49" fromID="E7" fromText="NPO" toID="E86" toText="resuscitated" type="BEFORE" />
<TLINK id="TL50" fromID="E7" fromText="NPO" toID="E8" toText="IV fluids" type="OVERLAP" />
<TLINK id="TL51" fromID="E86" fromText="resuscitated" toID="E8" toText="IV fluids" type="OVERLAP" />
<TLINK id="TL52" fromID="E9" fromText="Pain control" toID="E10" toText="morphine" type="OVERLAP" />
<TLINK id="TL53" fromID="E9" fromText="Pain control" toID="E11" toText="Demerol" type="BEFORE" />
<TLINK id="TL54" fromID="E9" fromText="Pain control" toID="E12" toText="his epigastric pain" type="BEFORE" />
<TLINK id="TL55" fromID="E10" fromText="morphine" toID="E11" toText="Demerol" type="BEFORE" />
<TLINK id="TL56" fromID="E11" fromText="Demerol" toID="E12" toText="his epigastric pain" type="AFTER" />
<TLINK id="TL57" fromID="E56" fromText="complained" toID="E87" toText="persistent and occasionally severe epigastric pain" type="AFTER" />
<TLINK id="TL58" fromID="T9" fromText="2/17/00" toID="E56" toText="complained" type="OVERLAP" />
<TLINK id="TL59" fromID="T10" fromText="2/21/00" toID="E56" toText="complained" type="OVERLAP" />
<TLINK id="TL60" fromID="T9" fromText="2/17/00" toID="E87" toText="persistent and occasionally severe epigastric pain" type="AFTER" />
<TLINK id="TL61" fromID="T10" fromText="2/21/00" toID="E87" toText="persistent and occasionally severe epigastric pain" type="AFTER" />
<TLINK id="TL62" fromID="T9" fromText="2/17/00" toID="T10" toText="2/21/00" type="BEFORE" />
<TLINK id="TL63" fromID="E13" fromText="His pain medication" toID="E14" toText="Dilaudid IV" type="BEFORE" />
<TLINK id="TL64" fromID="E13" fromText="His pain medication" toID="E15" toText="his symptoms" type="AFTER" />
<TLINK id="TL65" fromID="E14" fromText="Dilaudid IV" toID="E15" toText="his symptoms" type="AFTER" />
<TLINK id="TL66" fromID="E16" fromText="Dilaudid IV" toID="E88" toText="hospitalization" type="AFTER" />
<TLINK id="TL67" fromID="E89" fromText="titrated" toID="E90" toText="tapered" type="BEFORE" />
<TLINK id="TL68" fromID="E17" fromText="the patient &amp;apos;s epigastric pain" toID="E18" toText="a pancreatic complication" type="OVERLAP" />
<TLINK id="TL69" fromID="E17" fromText="the patient &amp;apos;s epigastric pain" toID="E19" toText="necrosis" type="OVERLAP" />
<TLINK id="TL70" fromID="E17" fromText="the patient &amp;apos;s epigastric pain" toID="E20" toText="abscess" type="OVERLAP" />
<TLINK id="TL71" fromID="E18" fromText="a pancreatic complication" toID="E19" toText="necrosis" type="OVERLAP" />
<TLINK id="TL72" fromID="E18" fromText="a pancreatic complication" toID="E20" toText="abscess" type="OVERLAP" />
<TLINK id="TL73" fromID="E19" fromText="necrosis" toID="E20" toText="abscess" type="OVERLAP" />
<TLINK id="TL74" fromID="E21" fromText="a CT scan" toID="E91" toText="revealed" type="OVERLAP" />
<TLINK id="TL75" fromID="E21" fromText="a CT scan" toID="E22" toText="a mass in the gallbladder neck" type="AFTER" />
<TLINK id="TL76" fromID="E21" fromText="a CT scan" toID="E23" toText="biliary dilatation" type="OVERLAP" />
<TLINK id="TL77" fromID="E91" fromText="revealed" toID="E22" toText="a mass in the gallbladder neck" type="AFTER" />
<TLINK id="TL78" fromID="E91" fromText="revealed" toID="E23" toText="biliary dilatation" type="AFTER" />
<TLINK id="TL79" fromID="E22" fromText="a mass in the gallbladder neck" toID="E23" toText="biliary dilatation" type="OVERLAP" />
<TLINK id="TL80" fromID="E24" fromText="stranding along the pancreas" toID="E25" toText="necrosis" type="OVERLAP" />
<TLINK id="TL81" fromID="E24" fromText="stranding along the pancreas" toID="E26" toText="abscess" type="OVERLAP" />
<TLINK id="TL82" fromID="E24" fromText="stranding along the pancreas" toID="E27" toText="pseudocyst" type="OVERLAP" />
<TLINK id="TL83" fromID="E25" fromText="necrosis" toID="E26" toText="abscess" type="OVERLAP" />
<TLINK id="TL84" fromID="E25" fromText="necrosis" toID="E27" toText="pseudocyst" type="OVERLAP" />
<TLINK id="TL85" fromID="E26" fromText="abscess" toID="E27" toText="pseudocyst" type="OVERLAP" />
<TLINK id="TL86" fromID="T2" fromText="2/22/00" toID="E28" toText="fevers" type="OVERLAP" />
<TLINK id="TL87" fromID="E30" fromText="A chest x-ray" toID="E92" toText="revealed" type="OVERLAP" />
<TLINK id="TL88" fromID="E30" fromText="A chest x-ray" toID="E31" toText="infiltrate" type="OVERLAP" />
<TLINK id="TL89" fromID="E30" fromText="A chest x-ray" toID="E32" toText="effusion" type="OVERLAP" />
<TLINK id="TL90" fromID="E92" fromText="revealed" toID="E31" toText="infiltrate" type="AFTER" />
<TLINK id="TL91" fromID="E92" fromText="revealed" toID="E32" toText="effusion" type="AFTER" />
<TLINK id="TL92" fromID="E31" fromText="infiltrate" toID="E32" toText="effusion" type="OVERLAP" />
<TLINK id="TL93" fromID="E33" fromText="cefotaxime" toID="E34" toText="empiric antibiotic treatment" type="OVERLAP" />
<TLINK id="TL94" fromID="T3" fromText="2/23/00" toID="E35" toText="the high grade fever" type="OVERLAP" />
<TLINK id="TL95" fromID="E36" fromText="An ultrasound" toID="E94" toText="cholestasis" type="OVERLAP" />
<TLINK id="TL96" fromID="E36" fromText="An ultrasound" toID="E95" toText="cholangitis" type="OVERLAP" />
<TLINK id="TL97" fromID="E94" fromText="cholestasis" toID="E95" toText="cholangitis" type="OVERLAP" />
<TLINK id="TL98" fromID="E37" fromText="The ultrasound" toID="E96" toText="showed" type="OVERLAP" />
<TLINK id="TL99" fromID="E37" fromText="The ultrasound" toID="E38" toText="biliary sludge" type="AFTER" />
<TLINK id="TL100" fromID="E37" fromText="The ultrasound" toID="E39" toText="swelling of the body" type="AFTER" />
<TLINK id="TL101" fromID="E96" fromText="showed" toID="E38" toText="biliary sludge" type="AFTER" />
<TLINK id="TL102" fromID="E96" fromText="showed" toID="E39" toText="swelling of the body" type="AFTER" />
<TLINK id="TL103" fromID="E38" fromText="biliary sludge" toID="E39" toText="swelling of the body" type="OVERLAP" />
<TLINK id="TL104" fromID="E40" fromText="other abnormalities" toID="E97" toText="noted" type="OVERLAP" />
<TLINK id="TL105" fromID="E98" fromText="epigastric pain" toID="E41" toText="radiation to the left upper quadrant" type="OVERLAP" />
<TLINK id="TL106" fromID="T4" fromText="2/24/00" toID="E98" toText="epigastric pain" type="AFTER" />
<TLINK id="TL107" fromID="T4" fromText="2/24/00" toID="E41" toText="radiation to the left upper quadrant" type="OVERLAP" />
<TLINK id="TL108" fromID="E42" fromText="The pain" toID="E43" toText="high dose Dilaudid" type="BEFORE" />
<TLINK id="TL109" fromID="E44" fromText="a follow-up chest x-ray" toID="E99" toText="showing" type="OVERLAP" />
<TLINK id="TL110" fromID="E44" fromText="a follow-up chest x-ray" toID="E45" toText="infiltrate" type="OVERLAP" />
<TLINK id="TL111" fromID="E99" fromText="showing" toID="E45" toText="infiltrate" type="AFTER" />
<TLINK id="TL112" fromID="E46" fromText="the patient &amp;apos;s fever" toID="E47" toText="his abdominal pain" type="OVERLAP" />
<TLINK id="TL113" fromID="T12" fromText="2/27/00" toID="E46" toText="the patient &amp;apos;s fever" type="OVERLAP" />
<TLINK id="TL114" fromID="T12" fromText="2/27/00" toID="E47" toText="his abdominal pain" type="OVERLAP" />
<TLINK id="TL115" fromID="T11" fromText="2/25" toID="T12" toText="2/27/00" type="OVERLAP" />
<TLINK id="TL116" fromID="E48" fromText="The cefotaxime" toID="E57" toText="discontinued" type="OVERLAP" />
<TLINK id="TL117" fromID="E48" fromText="The cefotaxime" toID="E49" toText="infection" type="AFTER" />
<TLINK id="TL118" fromID="E57" fromText="discontinued" toID="E49" toText="infection" type="AFTER" />
<TLINK id="TL119" fromID="E50" fromText="a low fat solids" toID="E51" toText="pancreatitis study" type="OVERLAP" />
<TLINK id="TL120" fromID="E50" fromText="a low fat solids" toID="E100" toText="tolerated" type="OVERLAP" />
<TLINK id="TL121" fromID="T5" fromText="2/28/00" toID="E50" toText="a low fat solids" type="OVERLAP" />
<TLINK id="TL122" fromID="E51" fromText="pancreatitis study" toID="E100" toText="tolerated" type="OVERLAP" />
<TLINK id="TL123" fromID="T5" fromText="2/28/00" toID="E51" toText="pancreatitis study" type="OVERLAP" />
<TLINK id="TL124" fromID="T5" fromText="2/28/00" toID="E100" toText="tolerated" type="OVERLAP" />
<TLINK id="TL125" fromID="E58" fromText="discharged" toID="E101" toText="improvement" type="OVERLAP" />
<TLINK id="TL126" fromID="E58" fromText="discharged" toID="T13" toText="2/29/00" type="OVERLAP" />
<TLINK id="TL127" fromID="T13" fromText="2/29/00" toID="E101" toText="improvement" type="OVERLAP" />
<TLINK id="TL128" fromID="E0" fromText="Admission" toID="T1" toText="02/17/2000" type="BEFORE" />
<TLINK id="TL129" fromID="E0" fromText="Admission" toID="E59" toText="GERD" type="AFTER" />
<TLINK id="TL130" fromID="E0" fromText="Admission" toID="E52" toText="presents" type="AFTER" />
<TLINK id="TL131" fromID="E0" fromText="Admission" toID="E1" toText="abdominal pain" type="AFTER" />
<TLINK id="TL132" fromID="E0" fromText="Admission" toID="T7" toText="seven days" type="AFTER" />
<TLINK id="TL133" fromID="E0" fromText="Admission" toID="E53" toText="general good health" type="AFTER" />
<TLINK id="TL134" fromID="E0" fromText="Admission" toID="E60" toText="sharp left flank pain" type="AFTER" />
<TLINK id="TL135" fromID="E0" fromText="Admission" toID="E61" toText="radiation to the lower abdomen" type="AFTER" />
<TLINK id="TL136" fromID="E0" fromText="Admission" toID="T0" toText="seven days" type="AFTER" />
<TLINK id="TL137" fromID="E0" fromText="Admission" toID="T6" toText="2/11/00" type="AFTER" />
<TLINK id="TL138" fromID="E0" fromText="Admission" toID="E62" toText="described" type="AFTER" />
<TLINK id="TL139" fromID="E0" fromText="Admission" toID="E63" toText="the pain" type="AFTER" />
<TLINK id="TL140" fromID="E0" fromText="Admission" toID="E64" toText="knife-like" type="AFTER" />
<TLINK id="TL141" fromID="E0" fromText="Admission" toID="E65" toText="exacerbated" type="AFTER" />
<TLINK id="TL142" fromID="E0" fromText="Admission" toID="E66" toText="eating" type="BEFORE" />
<TLINK id="TL143" fromID="E0" fromText="Admission" toID="E67" toText="lying flat" type="AFTER" />
<TLINK id="TL144" fromID="E0" fromText="Admission" toID="E68" toText="reports" type="OVERLAP" />
<TLINK id="TL145" fromID="E0" fromText="Admission" toID="E2" toText="blood-streaked diarrhea" type="AFTER" />
<TLINK id="TL146" fromID="E0" fromText="Admission" toID="T8" toText="two days" type="AFTER" />
<TLINK id="TL147" fromID="E0" fromText="Admission" toID="E69" toText="denies" type="AFTER" />
<TLINK id="TL148" fromID="E0" fromText="Admission" toID="E71" toText="nausea" type="AFTER" />
<TLINK id="TL149" fromID="E0" fromText="Admission" toID="E72" toText="vomiting" type="AFTER" />
<TLINK id="TL150" fromID="E0" fromText="Admission" toID="E73" toText="fevers" type="AFTER" />
<TLINK id="TL151" fromID="E0" fromText="Admission" toID="E74" toText="chills" type="AFTER" />
<TLINK id="TL152" fromID="E0" fromText="Admission" toID="E3" toText="recent weight loss" type="AFTER" />
<TLINK id="TL153" fromID="E0" fromText="Admission" toID="E4" toText="light-headedness" type="AFTER" />
<TLINK id="TL154" fromID="E0" fromText="Admission" toID="E5" toText="dizziness" type="AFTER" />
<TLINK id="TL155" fromID="E0" fromText="Admission" toID="E70" toText="denies" type="AFTER" />
<TLINK id="TL156" fromID="E0" fromText="Admission" toID="E75" toText="increased urinary frequent" type="AFTER" />
<TLINK id="TL157" fromID="E0" fromText="Admission" toID="E76" toText="urgency" type="AFTER" />
<TLINK id="TL158" fromID="E0" fromText="Admission" toID="E78" toText="the Sloan- Center Emergency Department" type="BEFORE" />
<TLINK id="TL159" fromID="E0" fromText="Admission" toID="E80" toText="normal saline" type="AFTER" />
<TLINK id="TL160" fromID="E0" fromText="Admission" toID="E81" toText="morphine" type="AFTER" />
<TLINK id="TL161" fromID="E0" fromText="Admission" toID="E82" toText="pain" type="AFTER" />
<TLINK id="TL162" fromID="E0" fromText="Admission" toID="E85" toText="further management" type="BEFORE" />
<TLINK id="TL163" fromID="E0" fromText="Admission" toID="E83" toText="transferred" type="BEFORE" />
<TLINK id="TL164" fromID="E0" fromText="Admission" toID="E84" toText="the general medicine service" type="AFTER" />
<TLINK id="TL165" fromID="E0" fromText="Admission" toID="E54" toText="admission" type="BEFORE" />
<TLINK id="TL166" fromID="E0" fromText="Admission" toID="E56" toText="complained" type="BEFORE" />
<TLINK id="TL167" fromID="E0" fromText="Admission" toID="E88" toText="hospitalization" type="BEFORE" />
<TLINK id="TL168" fromID="E0" fromText="Admission" toID="E58" toText="discharged" type="BEFORE" />
<TLINK id="TL169" fromID="T1" fromText="02/17/2000" toID="E59" toText="GERD" type="AFTER" />
<TLINK id="TL170" fromID="T1" fromText="02/17/2000" toID="E52" toText="presents" type="AFTER" />
<TLINK id="TL171" fromID="T1" fromText="02/17/2000" toID="E1" toText="abdominal pain" type="AFTER" />
<TLINK id="TL172" fromID="T1" fromText="02/17/2000" toID="T7" toText="seven days" type="AFTER" />
<TLINK id="TL173" fromID="T1" fromText="02/17/2000" toID="E53" toText="general good health" type="AFTER" />
<TLINK id="TL174" fromID="T1" fromText="02/17/2000" toID="E60" toText="sharp left flank pain" type="AFTER" />
<TLINK id="TL175" fromID="T1" fromText="02/17/2000" toID="E61" toText="radiation to the lower abdomen" type="AFTER" />
<TLINK id="TL176" fromID="T1" fromText="02/17/2000" toID="T0" toText="seven days" type="AFTER" />
<TLINK id="TL177" fromID="T1" fromText="02/17/2000" toID="T6" toText="2/11/00" type="AFTER" />
<TLINK id="TL178" fromID="T1" fromText="02/17/2000" toID="E62" toText="described" type="AFTER" />
<TLINK id="TL179" fromID="T1" fromText="02/17/2000" toID="E63" toText="the pain" type="AFTER" />
<TLINK id="TL180" fromID="T1" fromText="02/17/2000" toID="E64" toText="knife-like" type="AFTER" />
<TLINK id="TL181" fromID="T1" fromText="02/17/2000" toID="E65" toText="exacerbated" type="AFTER" />
<TLINK id="TL182" fromID="T1" fromText="02/17/2000" toID="E66" toText="eating" type="AFTER" />
<TLINK id="TL183" fromID="T1" fromText="02/17/2000" toID="E67" toText="lying flat" type="AFTER" />
<TLINK id="TL184" fromID="T1" fromText="02/17/2000" toID="E68" toText="reports" type="AFTER" />
<TLINK id="TL185" fromID="T1" fromText="02/17/2000" toID="E2" toText="blood-streaked diarrhea" type="AFTER" />
<TLINK id="TL186" fromID="T1" fromText="02/17/2000" toID="T8" toText="two days" type="AFTER" />
<TLINK id="TL187" fromID="T1" fromText="02/17/2000" toID="E69" toText="denies" type="AFTER" />
<TLINK id="TL188" fromID="T1" fromText="02/17/2000" toID="E71" toText="nausea" type="AFTER" />
<TLINK id="TL189" fromID="T1" fromText="02/17/2000" toID="E72" toText="vomiting" type="AFTER" />
<TLINK id="TL190" fromID="T1" fromText="02/17/2000" toID="E73" toText="fevers" type="AFTER" />
<TLINK id="TL191" fromID="T1" fromText="02/17/2000" toID="E74" toText="chills" type="AFTER" />
<TLINK id="TL192" fromID="T1" fromText="02/17/2000" toID="E3" toText="recent weight loss" type="AFTER" />
<TLINK id="TL193" fromID="T1" fromText="02/17/2000" toID="E4" toText="light-headedness" type="AFTER" />
<TLINK id="TL194" fromID="T1" fromText="02/17/2000" toID="E5" toText="dizziness" type="AFTER" />
<TLINK id="TL195" fromID="T1" fromText="02/17/2000" toID="E70" toText="denies" type="AFTER" />
<TLINK id="TL196" fromID="T1" fromText="02/17/2000" toID="E75" toText="increased urinary frequent" type="AFTER" />
<TLINK id="TL197" fromID="T1" fromText="02/17/2000" toID="E76" toText="urgency" type="BEFORE" />
<TLINK id="TL198" fromID="T1" fromText="02/17/2000" toID="E78" toText="the Sloan- Center Emergency Department" type="AFTER" />
<TLINK id="TL199" fromID="T1" fromText="02/17/2000" toID="E79" toText="resuscitated" type="AFTER" />
<TLINK id="TL200" fromID="T1" fromText="02/17/2000" toID="E80" toText="normal saline" type="AFTER" />
<TLINK id="TL201" fromID="T1" fromText="02/17/2000" toID="E81" toText="morphine" type="AFTER" />
<TLINK id="TL202" fromID="T1" fromText="02/17/2000" toID="E82" toText="pain" type="AFTER" />
<TLINK id="TL203" fromID="T1" fromText="02/17/2000" toID="E85" toText="further management" type="AFTER" />
<TLINK id="TL204" fromID="T1" fromText="02/17/2000" toID="E83" toText="transferred" type="AFTER" />
<TLINK id="TL205" fromID="T1" fromText="02/17/2000" toID="E84" toText="the general medicine service" type="AFTER" />
<TLINK id="TL206" fromID="T1" fromText="02/17/2000" toID="E54" toText="admission" type="AFTER" />
<TLINK id="TL207" fromID="T1" fromText="02/17/2000" toID="E55" toText="diagnosed" type="AFTER" />
<TLINK id="TL208" fromID="T1" fromText="02/17/2000" toID="E6" toText="acute pancreatitis" type="AFTER" />
<TLINK id="TL209" fromID="T1" fromText="02/17/2000" toID="E10" toText="morphine" type="AFTER" />
<TLINK id="TL210" fromID="T1" fromText="02/17/2000" toID="E12" toText="his epigastric pain" type="AFTER" />
<TLINK id="TL211" fromID="T1" fromText="02/17/2000" toID="E56" toText="complained" type="AFTER" />
<TLINK id="TL212" fromID="T1" fromText="02/17/2000" toID="E87" toText="persistent and occasionally severe epigastric pain" type="AFTER" />
<TLINK id="TL213" fromID="T1" fromText="02/17/2000" toID="E13" toText="His pain medication" type="AFTER" />
<TLINK id="TL214" fromID="T1" fromText="02/17/2000" toID="E14" toText="Dilaudid IV" type="AFTER" />
<TLINK id="TL215" fromID="T1" fromText="02/17/2000" toID="E15" toText="his symptoms" type="AFTER" />
<TLINK id="TL216" fromID="T1" fromText="02/17/2000" toID="E16" toText="Dilaudid IV" type="AFTER" />
<TLINK id="TL217" fromID="T1" fromText="02/17/2000" toID="E88" toText="hospitalization" type="AFTER" />
<TLINK id="TL218" fromID="T1" fromText="02/17/2000" toID="E17" toText="the patient &amp;apos;s epigastric pain" type="AFTER" />
<TLINK id="TL219" fromID="T1" fromText="02/17/2000" toID="E18" toText="a pancreatic complication" type="AFTER" />
<TLINK id="TL220" fromID="T1" fromText="02/17/2000" toID="E19" toText="necrosis" type="AFTER" />
<TLINK id="TL221" fromID="T1" fromText="02/17/2000" toID="E22" toText="a mass in the gallbladder neck" type="AFTER" />
<TLINK id="TL222" fromID="T1" fromText="02/17/2000" toID="E24" toText="stranding along the pancreas" type="AFTER" />
<TLINK id="TL223" fromID="T1" fromText="02/17/2000" toID="E27" toText="pseudocyst" type="AFTER" />
<TLINK id="TL224" fromID="T1" fromText="02/17/2000" toID="E28" toText="fevers" type="AFTER" />
<TLINK id="TL225" fromID="T1" fromText="02/17/2000" toID="E31" toText="infiltrate" type="AFTER" />
<TLINK id="TL226" fromID="T1" fromText="02/17/2000" toID="E32" toText="effusion" type="AFTER" />
<TLINK id="TL227" fromID="T1" fromText="02/17/2000" toID="E35" toText="the high grade fever" type="AFTER" />
<TLINK id="TL228" fromID="T1" fromText="02/17/2000" toID="E94" toText="cholestasis" type="AFTER" />
<TLINK id="TL229" fromID="T1" fromText="02/17/2000" toID="E95" toText="cholangitis" type="AFTER" />
<TLINK id="TL230" fromID="T1" fromText="02/17/2000" toID="E38" toText="biliary sludge" type="AFTER" />
<TLINK id="TL231" fromID="T1" fromText="02/17/2000" toID="E39" toText="swelling of the body" type="AFTER" />
<TLINK id="TL232" fromID="T1" fromText="02/17/2000" toID="E98" toText="epigastric pain" type="AFTER" />
<TLINK id="TL233" fromID="T1" fromText="02/17/2000" toID="E41" toText="radiation to the left upper quadrant" type="AFTER" />
<TLINK id="TL234" fromID="T1" fromText="02/17/2000" toID="E42" toText="The pain" type="AFTER" />
<TLINK id="TL235" fromID="T1" fromText="02/17/2000" toID="E99" toText="showing" type="AFTER" />
<TLINK id="TL236" fromID="T1" fromText="02/17/2000" toID="E45" toText="infiltrate" type="AFTER" />
<TLINK id="TL237" fromID="T1" fromText="02/17/2000" toID="E46" toText="the patient &amp;apos;s fever" type="AFTER" />
<TLINK id="TL238" fromID="T1" fromText="02/17/2000" toID="E47" toText="his abdominal pain" type="AFTER" />
<TLINK id="TL239" fromID="T1" fromText="02/17/2000" toID="E49" toText="infection" type="AFTER" />
<TLINK id="TL240" fromID="T1" fromText="02/17/2000" toID="E58" toText="discharged" type="BEFORE" />
<TLINK id="TL241" fromID="E52" fromText="presents" toID="E53" toText="general good health" type="AFTER" />
<TLINK id="TL242" fromID="E52" fromText="presents" toID="E60" toText="sharp left flank pain" type="AFTER" />
<TLINK id="TL243" fromID="E52" fromText="presents" toID="E61" toText="radiation to the lower abdomen" type="AFTER" />
<TLINK id="TL244" fromID="E52" fromText="presents" toID="T0" toText="seven days" type="AFTER" />
<TLINK id="TL245" fromID="E52" fromText="presents" toID="T6" toText="2/11/00" type="AFTER" />
<TLINK id="TL246" fromID="E1" fromText="abdominal pain" toID="T0" toText="seven days" type="BEFORE" />
<TLINK id="TL247" fromID="E52" fromText="presents" toID="E62" toText="described" type="OVERLAP" />
<TLINK id="TL248" fromID="E52" fromText="presents" toID="E63" toText="the pain" type="AFTER" />
<TLINK id="TL249" fromID="E52" fromText="presents" toID="E64" toText="knife-like" type="AFTER" />
<TLINK id="TL250" fromID="E59" fromText="GERD" toID="E66" toText="eating" type="BEFORE" />
<TLINK id="TL251" fromID="E59" fromText="GERD" toID="E67" toText="lying flat" type="BEFORE" />
<TLINK id="TL252" fromID="E52" fromText="presents" toID="E65" toText="exacerbated" type="AFTER" />
<TLINK id="TL253" fromID="E52" fromText="presents" toID="E66" toText="eating" type="BEFORE" />
<TLINK id="TL254" fromID="E52" fromText="presents" toID="E67" toText="lying flat" type="BEFORE" />
<TLINK id="TL255" fromID="E1" fromText="abdominal pain" toID="E65" toText="exacerbated" type="BEFORE" />
<TLINK id="TL256" fromID="E1" fromText="abdominal pain" toID="E66" toText="eating" type="BEFORE" />
<TLINK id="TL257" fromID="E1" fromText="abdominal pain" toID="E67" toText="lying flat" type="BEFORE" />
<TLINK id="TL258" fromID="T7" fromText="seven days" toID="E65" toText="exacerbated" type="BEFORE" />
<TLINK id="TL259" fromID="T7" fromText="seven days" toID="E66" toText="eating" type="BEFORE" />
<TLINK id="TL260" fromID="T7" fromText="seven days" toID="E67" toText="lying flat" type="BEFORE" />
<TLINK id="TL261" fromID="E59" fromText="GERD" toID="E68" toText="reports" type="BEFORE" />
<TLINK id="TL262" fromID="E52" fromText="presents" toID="E68" toText="reports" type="OVERLAP" />
<TLINK id="TL263" fromID="E52" fromText="presents" toID="E2" toText="blood-streaked diarrhea" type="AFTER" />
<TLINK id="TL264" fromID="E52" fromText="presents" toID="T8" toText="two days" type="AFTER" />
<TLINK id="TL265" fromID="E1" fromText="abdominal pain" toID="E68" toText="reports" type="BEFORE" />
<TLINK id="TL266" fromID="E1" fromText="abdominal pain" toID="T8" toText="two days" type="BEFORE" />
<TLINK id="TL267" fromID="T7" fromText="seven days" toID="E68" toText="reports" type="BEFORE" />
<TLINK id="TL268" fromID="T7" fromText="seven days" toID="T8" toText="two days" type="BEFORE" />
<TLINK id="TL269" fromID="E52" fromText="presents" toID="E69" toText="denies" type="AFTER" />
<TLINK id="TL270" fromID="E52" fromText="presents" toID="E71" toText="nausea" type="AFTER" />
<TLINK id="TL271" fromID="E52" fromText="presents" toID="E72" toText="vomiting" type="AFTER" />
<TLINK id="TL272" fromID="E1" fromText="abdominal pain" toID="E69" toText="denies" type="BEFORE" />
<TLINK id="TL273" fromID="T7" fromText="seven days" toID="E69" toText="denies" type="BEFORE" />
<TLINK id="TL274" fromID="E52" fromText="presents" toID="E73" toText="fevers" type="AFTER" />
<TLINK id="TL275" fromID="E52" fromText="presents" toID="E74" toText="chills" type="AFTER" />
<TLINK id="TL276" fromID="E52" fromText="presents" toID="E3" toText="recent weight loss" type="AFTER" />
<TLINK id="TL277" fromID="E52" fromText="presents" toID="E4" toText="light-headedness" type="AFTER" />
<TLINK id="TL278" fromID="E52" fromText="presents" toID="E5" toText="dizziness" type="AFTER" />
<TLINK id="TL279" fromID="E52" fromText="presents" toID="E70" toText="denies" type="AFTER" />
<TLINK id="TL280" fromID="E52" fromText="presents" toID="E75" toText="increased urinary frequent" type="AFTER" />
<TLINK id="TL281" fromID="E52" fromText="presents" toID="E76" toText="urgency" type="AFTER" />
<TLINK id="TL282" fromID="E1" fromText="abdominal pain" toID="E70" toText="denies" type="BEFORE" />
<TLINK id="TL283" fromID="T7" fromText="seven days" toID="E70" toText="denies" type="BEFORE" />
<TLINK id="TL284" fromID="E52" fromText="presents" toID="E78" toText="the Sloan- Center Emergency Department" type="BEFORE" />
<TLINK id="TL285" fromID="E52" fromText="presents" toID="E79" toText="resuscitated" type="AFTER" />
<TLINK id="TL286" fromID="E52" fromText="presents" toID="E80" toText="normal saline" type="BEFORE" />
<TLINK id="TL287" fromID="E52" fromText="presents" toID="E81" toText="morphine" type="AFTER" />
<TLINK id="TL288" fromID="E52" fromText="presents" toID="E82" toText="pain" type="AFTER" />
<TLINK id="TL289" fromID="E1" fromText="abdominal pain" toID="E78" toText="the Sloan- Center Emergency Department" type="BEFORE" />
<TLINK id="TL290" fromID="E1" fromText="abdominal pain" toID="E80" toText="normal saline" type="BEFORE" />
<TLINK id="TL291" fromID="T7" fromText="seven days" toID="E78" toText="the Sloan- Center Emergency Department" type="BEFORE" />
<TLINK id="TL292" fromID="E52" fromText="presents" toID="E85" toText="further management" type="BEFORE" />
<TLINK id="TL293" fromID="E52" fromText="presents" toID="E83" toText="transferred" type="BEFORE" />
<TLINK id="TL294" fromID="E52" fromText="presents" toID="E84" toText="the general medicine service" type="AFTER" />
<TLINK id="TL295" fromID="E1" fromText="abdominal pain" toID="E85" toText="further management" type="BEFORE" />
<TLINK id="TL296" fromID="E1" fromText="abdominal pain" toID="E83" toText="transferred" type="BEFORE" />
<TLINK id="TL297" fromID="T7" fromText="seven days" toID="E83" toText="transferred" type="BEFORE" />
<TLINK id="TL298" fromID="E52" fromText="presents" toID="E54" toText="admission" type="BEFORE" />
<TLINK id="TL299" fromID="E1" fromText="abdominal pain" toID="E54" toText="admission" type="BEFORE" />
<TLINK id="TL300" fromID="E52" fromText="presents" toID="E12" toText="his epigastric pain" type="AFTER" />
<TLINK id="TL301" fromID="E52" fromText="presents" toID="E56" toText="complained" type="BEFORE" />
<TLINK id="TL302" fromID="E1" fromText="abdominal pain" toID="E56" toText="complained" type="BEFORE" />
<TLINK id="TL303" fromID="E52" fromText="presents" toID="E88" toText="hospitalization" type="BEFORE" />
<TLINK id="TL304" fromID="E52" fromText="presents" toID="E17" toText="the patient &amp;apos;s epigastric pain" type="AFTER" />
<TLINK id="TL305" fromID="E52" fromText="presents" toID="E22" toText="a mass in the gallbladder neck" type="AFTER" />
<TLINK id="TL306" fromID="E52" fromText="presents" toID="E28" toText="fevers" type="AFTER" />
<TLINK id="TL307" fromID="T7" fromText="seven days" toID="T2" toText="2/22/00" type="AFTER" />
<TLINK id="TL308" fromID="E52" fromText="presents" toID="E31" toText="infiltrate" type="AFTER" />
<TLINK id="TL309" fromID="T7" fromText="seven days" toID="T3" toText="2/23/00" type="AFTER" />
<TLINK id="TL310" fromID="E59" fromText="GERD" toID="E37" toText="The ultrasound" type="AFTER" />
<TLINK id="TL311" fromID="E59" fromText="GERD" toID="E40" toText="other abnormalities" type="OVERLAP" />
<TLINK id="TL312" fromID="T7" fromText="seven days" toID="T4" toText="2/24/00" type="AFTER" />
<TLINK id="TL313" fromID="E52" fromText="presents" toID="E45" toText="infiltrate" type="AFTER" />
<TLINK id="TL314" fromID="T7" fromText="seven days" toID="T11" toText="2/25" type="AFTER" />
<TLINK id="TL315" fromID="T7" fromText="seven days" toID="T12" toText="2/27/00" type="AFTER" />
<TLINK id="TL316" fromID="E59" fromText="GERD" toID="E100" toText="tolerated" type="AFTER" />
<TLINK id="TL317" fromID="T7" fromText="seven days" toID="T5" toText="2/28/00" type="AFTER" />
<TLINK id="TL318" fromID="E59" fromText="GERD" toID="E58" toText="discharged" type="BEFORE" />
<TLINK id="TL319" fromID="E52" fromText="presents" toID="E58" toText="discharged" type="BEFORE" />
<TLINK id="TL320" fromID="E1" fromText="abdominal pain" toID="E58" toText="discharged" type="AFTER" />
<TLINK id="TL321" fromID="T7" fromText="seven days" toID="E58" toText="discharged" type="AFTER" />
<TLINK id="TL322" fromID="T7" fromText="seven days" toID="T13" toText="2/29/00" type="AFTER" />
<TLINK id="TL323" fromID="E53" fromText="general good health" toID="E65" toText="exacerbated" type="BEFORE" />
<TLINK id="TL324" fromID="E53" fromText="general good health" toID="E66" toText="eating" type="BEFORE" />
<TLINK id="TL325" fromID="E53" fromText="general good health" toID="E67" toText="lying flat" type="BEFORE" />
<TLINK id="TL326" fromID="E60" fromText="sharp left flank pain" toID="E65" toText="exacerbated" type="BEFORE" />
<TLINK id="TL327" fromID="E60" fromText="sharp left flank pain" toID="E66" toText="eating" type="BEFORE" />
<TLINK id="TL328" fromID="E60" fromText="sharp left flank pain" toID="E67" toText="lying flat" type="BEFORE" />
<TLINK id="TL329" fromID="E61" fromText="radiation to the lower abdomen" toID="E65" toText="exacerbated" type="BEFORE" />
<TLINK id="TL330" fromID="E61" fromText="radiation to the lower abdomen" toID="E66" toText="eating" type="BEFORE" />
<TLINK id="TL331" fromID="E61" fromText="radiation to the lower abdomen" toID="E67" toText="lying flat" type="BEFORE" />
<TLINK id="TL332" fromID="T0" fromText="seven days" toID="E65" toText="exacerbated" type="BEFORE" />
<TLINK id="TL333" fromID="T0" fromText="seven days" toID="E66" toText="eating" type="BEFORE" />
<TLINK id="TL334" fromID="T0" fromText="seven days" toID="E67" toText="lying flat" type="BEFORE" />
<TLINK id="TL335" fromID="T6" fromText="2/11/00" toID="E65" toText="exacerbated" type="BEFORE" />
<TLINK id="TL336" fromID="T6" fromText="2/11/00" toID="E66" toText="eating" type="BEFORE" />
<TLINK id="TL337" fromID="T6" fromText="2/11/00" toID="E67" toText="lying flat" type="BEFORE" />
<TLINK id="TL338" fromID="E53" fromText="general good health" toID="E68" toText="reports" type="BEFORE" />
<TLINK id="TL339" fromID="E53" fromText="general good health" toID="T8" toText="two days" type="BEFORE" />
<TLINK id="TL340" fromID="E60" fromText="sharp left flank pain" toID="E68" toText="reports" type="BEFORE" />
<TLINK id="TL341" fromID="E60" fromText="sharp left flank pain" toID="T8" toText="two days" type="BEFORE" />
<TLINK id="TL342" fromID="E61" fromText="radiation to the lower abdomen" toID="E68" toText="reports" type="BEFORE" />
<TLINK id="TL343" fromID="E61" fromText="radiation to the lower abdomen" toID="T8" toText="two days" type="BEFORE" />
<TLINK id="TL344" fromID="T0" fromText="seven days" toID="E68" toText="reports" type="BEFORE" />
<TLINK id="TL345" fromID="T0" fromText="seven days" toID="T8" toText="two days" type="BEFORE" />
<TLINK id="TL346" fromID="T6" fromText="2/11/00" toID="E68" toText="reports" type="BEFORE" />
<TLINK id="TL347" fromID="T6" fromText="2/11/00" toID="T8" toText="two days" type="BEFORE" />
<TLINK id="TL348" fromID="E53" fromText="general good health" toID="E69" toText="denies" type="BEFORE" />
<TLINK id="TL349" fromID="E60" fromText="sharp left flank pain" toID="E69" toText="denies" type="BEFORE" />
<TLINK id="TL350" fromID="E61" fromText="radiation to the lower abdomen" toID="E69" toText="denies" type="BEFORE" />
<TLINK id="TL351" fromID="T0" fromText="seven days" toID="E69" toText="denies" type="BEFORE" />
<TLINK id="TL352" fromID="T6" fromText="2/11/00" toID="E69" toText="denies" type="BEFORE" />
<TLINK id="TL353" fromID="E53" fromText="general good health" toID="E70" toText="denies" type="BEFORE" />
<TLINK id="TL354" fromID="E60" fromText="sharp left flank pain" toID="E70" toText="denies" type="BEFORE" />
<TLINK id="TL355" fromID="E61" fromText="radiation to the lower abdomen" toID="E70" toText="denies" type="BEFORE" />
<TLINK id="TL356" fromID="T0" fromText="seven days" toID="E70" toText="denies" type="BEFORE" />
<TLINK id="TL357" fromID="T6" fromText="2/11/00" toID="E70" toText="denies" type="BEFORE" />
<TLINK id="TL358" fromID="E53" fromText="general good health" toID="E78" toText="the Sloan- Center Emergency Department" type="BEFORE" />
<TLINK id="TL359" fromID="E53" fromText="general good health" toID="E80" toText="normal saline" type="BEFORE" />
<TLINK id="TL360" fromID="E60" fromText="sharp left flank pain" toID="E78" toText="the Sloan- Center Emergency Department" type="BEFORE" />
<TLINK id="TL361" fromID="E60" fromText="sharp left flank pain" toID="E80" toText="normal saline" type="BEFORE" />
<TLINK id="TL362" fromID="E61" fromText="radiation to the lower abdomen" toID="E78" toText="the Sloan- Center Emergency Department" type="BEFORE" />
<TLINK id="TL363" fromID="E61" fromText="radiation to the lower abdomen" toID="E80" toText="normal saline" type="BEFORE" />
<TLINK id="TL364" fromID="T0" fromText="seven days" toID="E78" toText="the Sloan- Center Emergency Department" type="BEFORE" />
<TLINK id="TL365" fromID="T6" fromText="2/11/00" toID="E78" toText="the Sloan- Center Emergency Department" type="BEFORE" />
<TLINK id="TL366" fromID="T6" fromText="2/11/00" toID="E80" toText="normal saline" type="BEFORE" />
<TLINK id="TL367" fromID="E53" fromText="general good health" toID="E85" toText="further management" type="BEFORE" />
<TLINK id="TL368" fromID="E53" fromText="general good health" toID="E83" toText="transferred" type="BEFORE" />
<TLINK id="TL369" fromID="E60" fromText="sharp left flank pain" toID="E85" toText="further management" type="BEFORE" />
<TLINK id="TL370" fromID="E60" fromText="sharp left flank pain" toID="E83" toText="transferred" type="BEFORE" />
<TLINK id="TL371" fromID="E61" fromText="radiation to the lower abdomen" toID="E85" toText="further management" type="BEFORE" />
<TLINK id="TL372" fromID="E61" fromText="radiation to the lower abdomen" toID="E83" toText="transferred" type="BEFORE" />
<TLINK id="TL373" fromID="T0" fromText="seven days" toID="E83" toText="transferred" type="BEFORE" />
<TLINK id="TL374" fromID="T6" fromText="2/11/00" toID="E85" toText="further management" type="BEFORE" />
<TLINK id="TL375" fromID="T6" fromText="2/11/00" toID="E83" toText="transferred" type="BEFORE" />
<TLINK id="TL376" fromID="E53" fromText="general good health" toID="E54" toText="admission" type="BEFORE" />
<TLINK id="TL377" fromID="E60" fromText="sharp left flank pain" toID="E54" toText="admission" type="BEFORE" />
<TLINK id="TL378" fromID="E61" fromText="radiation to the lower abdomen" toID="E54" toText="admission" type="BEFORE" />
<TLINK id="TL379" fromID="T6" fromText="2/11/00" toID="E54" toText="admission" type="BEFORE" />
<TLINK id="TL380" fromID="E53" fromText="general good health" toID="E56" toText="complained" type="BEFORE" />
<TLINK id="TL381" fromID="E60" fromText="sharp left flank pain" toID="E56" toText="complained" type="BEFORE" />
<TLINK id="TL382" fromID="E61" fromText="radiation to the lower abdomen" toID="E56" toText="complained" type="BEFORE" />
<TLINK id="TL383" fromID="T6" fromText="2/11/00" toID="E56" toText="complained" type="BEFORE" />
<TLINK id="TL384" fromID="T0" fromText="seven days" toID="T2" toText="2/22/00" type="AFTER" />
<TLINK id="TL385" fromID="T0" fromText="seven days" toID="T3" toText="2/23/00" type="AFTER" />
<TLINK id="TL386" fromID="T0" fromText="seven days" toID="T4" toText="2/24/00" type="AFTER" />
<TLINK id="TL387" fromID="T0" fromText="seven days" toID="T11" toText="2/25" type="AFTER" />
<TLINK id="TL388" fromID="T0" fromText="seven days" toID="T12" toText="2/27/00" type="AFTER" />
<TLINK id="TL389" fromID="T0" fromText="seven days" toID="T5" toText="2/28/00" type="AFTER" />
<TLINK id="TL390" fromID="E53" fromText="general good health" toID="E58" toText="discharged" type="BEFORE" />
<TLINK id="TL391" fromID="E60" fromText="sharp left flank pain" toID="E58" toText="discharged" type="AFTER" />
<TLINK id="TL392" fromID="E61" fromText="radiation to the lower abdomen" toID="E58" toText="discharged" type="AFTER" />
<TLINK id="TL393" fromID="T0" fromText="seven days" toID="E58" toText="discharged" type="AFTER" />
<TLINK id="TL394" fromID="T0" fromText="seven days" toID="T13" toText="2/29/00" type="AFTER" />
<TLINK id="TL395" fromID="T6" fromText="2/11/00" toID="E58" toText="discharged" type="BEFORE" />
<TLINK id="TL396" fromID="E62" fromText="described" toID="E65" toText="exacerbated" type="BEFORE" />
<TLINK id="TL397" fromID="E62" fromText="described" toID="E66" toText="eating" type="BEFORE" />
<TLINK id="TL398" fromID="E62" fromText="described" toID="E67" toText="lying flat" type="BEFORE" />
<TLINK id="TL399" fromID="E63" fromText="the pain" toID="E65" toText="exacerbated" type="BEFORE" />
<TLINK id="TL400" fromID="E63" fromText="the pain" toID="E66" toText="eating" type="BEFORE" />
<TLINK id="TL401" fromID="E63" fromText="the pain" toID="E67" toText="lying flat" type="BEFORE" />
<TLINK id="TL402" fromID="E64" fromText="knife-like" toID="E65" toText="exacerbated" type="BEFORE" />
<TLINK id="TL403" fromID="E64" fromText="knife-like" toID="E66" toText="eating" type="BEFORE" />
<TLINK id="TL404" fromID="E64" fromText="knife-like" toID="E67" toText="lying flat" type="BEFORE" />
<TLINK id="TL405" fromID="E62" fromText="described" toID="E68" toText="reports" type="BEFORE" />
<TLINK id="TL406" fromID="E62" fromText="described" toID="E2" toText="blood-streaked diarrhea" type="AFTER" />
<TLINK id="TL407" fromID="E62" fromText="described" toID="T8" toText="two days" type="AFTER" />
<TLINK id="TL408" fromID="E63" fromText="the pain" toID="E68" toText="reports" type="BEFORE" />
<TLINK id="TL409" fromID="E63" fromText="the pain" toID="T8" toText="two days" type="BEFORE" />
<TLINK id="TL410" fromID="E64" fromText="knife-like" toID="E68" toText="reports" type="BEFORE" />
<TLINK id="TL411" fromID="E64" fromText="knife-like" toID="T8" toText="two days" type="BEFORE" />
<TLINK id="TL412" fromID="E62" fromText="described" toID="E69" toText="denies" type="OVERLAP" />
<TLINK id="TL413" fromID="E62" fromText="described" toID="E72" toText="vomiting" type="AFTER" />
<TLINK id="TL414" fromID="E63" fromText="the pain" toID="E69" toText="denies" type="BEFORE" />
<TLINK id="TL415" fromID="E64" fromText="knife-like" toID="E69" toText="denies" type="BEFORE" />
<TLINK id="TL416" fromID="E62" fromText="described" toID="E73" toText="fevers" type="AFTER" />
<TLINK id="TL417" fromID="E62" fromText="described" toID="E74" toText="chills" type="AFTER" />
<TLINK id="TL418" fromID="E62" fromText="described" toID="E3" toText="recent weight loss" type="AFTER" />
<TLINK id="TL419" fromID="E62" fromText="described" toID="E4" toText="light-headedness" type="AFTER" />
<TLINK id="TL420" fromID="E62" fromText="described" toID="E5" toText="dizziness" type="AFTER" />
<TLINK id="TL421" fromID="E62" fromText="described" toID="E70" toText="denies" type="BEFORE" />
<TLINK id="TL422" fromID="E62" fromText="described" toID="E76" toText="urgency" type="AFTER" />
<TLINK id="TL423" fromID="E63" fromText="the pain" toID="E70" toText="denies" type="BEFORE" />
<TLINK id="TL424" fromID="E64" fromText="knife-like" toID="E70" toText="denies" type="BEFORE" />
<TLINK id="TL425" fromID="E62" fromText="described" toID="E78" toText="the Sloan- Center Emergency Department" type="BEFORE" />
<TLINK id="TL426" fromID="E62" fromText="described" toID="E80" toText="normal saline" type="BEFORE" />
<TLINK id="TL427" fromID="E62" fromText="described" toID="E82" toText="pain" type="AFTER" />
<TLINK id="TL428" fromID="E63" fromText="the pain" toID="E78" toText="the Sloan- Center Emergency Department" type="BEFORE" />
<TLINK id="TL429" fromID="E63" fromText="the pain" toID="E80" toText="normal saline" type="BEFORE" />
<TLINK id="TL430" fromID="E64" fromText="knife-like" toID="E78" toText="the Sloan- Center Emergency Department" type="BEFORE" />
<TLINK id="TL431" fromID="E64" fromText="knife-like" toID="E80" toText="normal saline" type="BEFORE" />
<TLINK id="TL432" fromID="E62" fromText="described" toID="E85" toText="further management" type="BEFORE" />
<TLINK id="TL433" fromID="E62" fromText="described" toID="E83" toText="transferred" type="BEFORE" />
<TLINK id="TL434" fromID="E63" fromText="the pain" toID="E85" toText="further management" type="BEFORE" />
<TLINK id="TL435" fromID="E63" fromText="the pain" toID="E83" toText="transferred" type="BEFORE" />
<TLINK id="TL436" fromID="E64" fromText="knife-like" toID="E85" toText="further management" type="BEFORE" />
<TLINK id="TL437" fromID="E64" fromText="knife-like" toID="E83" toText="transferred" type="BEFORE" />
<TLINK id="TL438" fromID="E63" fromText="the pain" toID="E54" toText="admission" type="BEFORE" />
<TLINK id="TL439" fromID="E64" fromText="knife-like" toID="E54" toText="admission" type="BEFORE" />
<TLINK id="TL440" fromID="E63" fromText="the pain" toID="E56" toText="complained" type="BEFORE" />
<TLINK id="TL441" fromID="E64" fromText="knife-like" toID="E56" toText="complained" type="BEFORE" />
<TLINK id="TL442" fromID="E63" fromText="the pain" toID="E88" toText="hospitalization" type="BEFORE" />
<TLINK id="TL443" fromID="E64" fromText="knife-like" toID="E88" toText="hospitalization" type="BEFORE" />
<TLINK id="TL444" fromID="E62" fromText="described" toID="E58" toText="discharged" type="BEFORE" />
<TLINK id="TL445" fromID="E63" fromText="the pain" toID="E58" toText="discharged" type="AFTER" />
<TLINK id="TL446" fromID="E64" fromText="knife-like" toID="E58" toText="discharged" type="AFTER" />
<TLINK id="TL447" fromID="E65" fromText="exacerbated" toID="E68" toText="reports" type="BEFORE" />
<TLINK id="TL448" fromID="E65" fromText="exacerbated" toID="E2" toText="blood-streaked diarrhea" type="AFTER" />
<TLINK id="TL449" fromID="E65" fromText="exacerbated" toID="T8" toText="two days" type="BEFORE" />
<TLINK id="TL450" fromID="E66" fromText="eating" toID="E68" toText="reports" type="BEFORE" />
<TLINK id="TL451" fromID="E66" fromText="eating" toID="E2" toText="blood-streaked diarrhea" type="AFTER" />
<TLINK id="TL452" fromID="E66" fromText="eating" toID="T8" toText="two days" type="AFTER" />
<TLINK id="TL453" fromID="E67" fromText="lying flat" toID="E68" toText="reports" type="BEFORE" />
<TLINK id="TL454" fromID="E67" fromText="lying flat" toID="E2" toText="blood-streaked diarrhea" type="AFTER" />
<TLINK id="TL455" fromID="E67" fromText="lying flat" toID="T8" toText="two days" type="AFTER" />
<TLINK id="TL456" fromID="E65" fromText="exacerbated" toID="E69" toText="denies" type="BEFORE" />
<TLINK id="TL457" fromID="E66" fromText="eating" toID="E69" toText="denies" type="AFTER" />
<TLINK id="TL458" fromID="E66" fromText="eating" toID="E71" toText="nausea" type="AFTER" />
<TLINK id="TL459" fromID="E66" fromText="eating" toID="E72" toText="vomiting" type="AFTER" />
<TLINK id="TL460" fromID="E67" fromText="lying flat" toID="E69" toText="denies" type="AFTER" />
<TLINK id="TL461" fromID="E67" fromText="lying flat" toID="E71" toText="nausea" type="AFTER" />
<TLINK id="TL462" fromID="E67" fromText="lying flat" toID="E72" toText="vomiting" type="AFTER" />
<TLINK id="TL463" fromID="E66" fromText="eating" toID="E73" toText="fevers" type="AFTER" />
<TLINK id="TL464" fromID="E67" fromText="lying flat" toID="E73" toText="fevers" type="AFTER" />
<TLINK id="TL465" fromID="E67" fromText="lying flat" toID="E74" toText="chills" type="AFTER" />
<TLINK id="TL466" fromID="E67" fromText="lying flat" toID="E3" toText="recent weight loss" type="AFTER" />
<TLINK id="TL467" fromID="E67" fromText="lying flat" toID="E4" toText="light-headedness" type="AFTER" />
<TLINK id="TL468" fromID="E67" fromText="lying flat" toID="E5" toText="dizziness" type="AFTER" />
<TLINK id="TL469" fromID="E65" fromText="exacerbated" toID="E70" toText="denies" type="BEFORE" />
<TLINK id="TL470" fromID="E65" fromText="exacerbated" toID="E76" toText="urgency" type="AFTER" />
<TLINK id="TL471" fromID="E66" fromText="eating" toID="E70" toText="denies" type="AFTER" />
<TLINK id="TL472" fromID="E66" fromText="eating" toID="E75" toText="increased urinary frequent" type="AFTER" />
<TLINK id="TL473" fromID="E66" fromText="eating" toID="E76" toText="urgency" type="AFTER" />
<TLINK id="TL474" fromID="E67" fromText="lying flat" toID="E70" toText="denies" type="AFTER" />
<TLINK id="TL475" fromID="E67" fromText="lying flat" toID="E75" toText="increased urinary frequent" type="AFTER" />
<TLINK id="TL476" fromID="E67" fromText="lying flat" toID="E76" toText="urgency" type="AFTER" />
<TLINK id="TL477" fromID="E65" fromText="exacerbated" toID="E78" toText="the Sloan- Center Emergency Department" type="BEFORE" />
<TLINK id="TL478" fromID="E65" fromText="exacerbated" toID="E80" toText="normal saline" type="BEFORE" />
<TLINK id="TL479" fromID="E66" fromText="eating" toID="E78" toText="the Sloan- Center Emergency Department" type="BEFORE" />
<TLINK id="TL480" fromID="E66" fromText="eating" toID="E80" toText="normal saline" type="BEFORE" />
<TLINK id="TL481" fromID="E67" fromText="lying flat" toID="E78" toText="the Sloan- Center Emergency Department" type="BEFORE" />
<TLINK id="TL482" fromID="E67" fromText="lying flat" toID="E80" toText="normal saline" type="AFTER" />
<TLINK id="TL483" fromID="E67" fromText="lying flat" toID="E81" toText="morphine" type="AFTER" />
<TLINK id="TL484" fromID="E67" fromText="lying flat" toID="E82" toText="pain" type="AFTER" />
<TLINK id="TL485" fromID="E65" fromText="exacerbated" toID="E85" toText="further management" type="BEFORE" />
<TLINK id="TL486" fromID="E65" fromText="exacerbated" toID="E83" toText="transferred" type="BEFORE" />
<TLINK id="TL487" fromID="E66" fromText="eating" toID="E85" toText="further management" type="BEFORE" />
<TLINK id="TL488" fromID="E66" fromText="eating" toID="E83" toText="transferred" type="BEFORE" />
<TLINK id="TL489" fromID="E67" fromText="lying flat" toID="E85" toText="further management" type="BEFORE" />
<TLINK id="TL490" fromID="E67" fromText="lying flat" toID="E83" toText="transferred" type="BEFORE" />
<TLINK id="TL491" fromID="E67" fromText="lying flat" toID="E84" toText="the general medicine service" type="AFTER" />
<TLINK id="TL492" fromID="E65" fromText="exacerbated" toID="E54" toText="admission" type="BEFORE" />
<TLINK id="TL493" fromID="E67" fromText="lying flat" toID="E54" toText="admission" type="AFTER" />
<TLINK id="TL494" fromID="E65" fromText="exacerbated" toID="E58" toText="discharged" type="BEFORE" />
<TLINK id="TL495" fromID="E66" fromText="eating" toID="E58" toText="discharged" type="BEFORE" />
<TLINK id="TL496" fromID="E67" fromText="lying flat" toID="E58" toText="discharged" type="BEFORE" />
<TLINK id="TL497" fromID="E68" fromText="reports" toID="E69" toText="denies" type="OVERLAP" />
<TLINK id="TL498" fromID="E68" fromText="reports" toID="E71" toText="nausea" type="AFTER" />
<TLINK id="TL499" fromID="E68" fromText="reports" toID="E72" toText="vomiting" type="AFTER" />
<TLINK id="TL500" fromID="E2" fromText="blood-streaked diarrhea" toID="E69" toText="denies" type="BEFORE" />
<TLINK id="TL501" fromID="T8" fromText="two days" toID="E69" toText="denies" type="BEFORE" />
<TLINK id="TL502" fromID="E68" fromText="reports" toID="E73" toText="fevers" type="AFTER" />
<TLINK id="TL503" fromID="E68" fromText="reports" toID="E74" toText="chills" type="AFTER" />
<TLINK id="TL504" fromID="E68" fromText="reports" toID="E3" toText="recent weight loss" type="AFTER" />
<TLINK id="TL505" fromID="E68" fromText="reports" toID="E4" toText="light-headedness" type="AFTER" />
<TLINK id="TL506" fromID="E68" fromText="reports" toID="E5" toText="dizziness" type="AFTER" />
<TLINK id="TL507" fromID="E68" fromText="reports" toID="E70" toText="denies" type="OVERLAP" />
<TLINK id="TL508" fromID="E68" fromText="reports" toID="E75" toText="increased urinary frequent" type="AFTER" />
<TLINK id="TL509" fromID="E68" fromText="reports" toID="E76" toText="urgency" type="AFTER" />
<TLINK id="TL510" fromID="E2" fromText="blood-streaked diarrhea" toID="E70" toText="denies" type="BEFORE" />
<TLINK id="TL511" fromID="T8" fromText="two days" toID="E70" toText="denies" type="BEFORE" />
<TLINK id="TL512" fromID="E68" fromText="reports" toID="E78" toText="the Sloan- Center Emergency Department" type="BEFORE" />
<TLINK id="TL513" fromID="E68" fromText="reports" toID="E80" toText="normal saline" type="AFTER" />
<TLINK id="TL514" fromID="E68" fromText="reports" toID="E81" toText="morphine" type="AFTER" />
<TLINK id="TL515" fromID="E68" fromText="reports" toID="E82" toText="pain" type="AFTER" />
<TLINK id="TL516" fromID="E2" fromText="blood-streaked diarrhea" toID="E78" toText="the Sloan- Center Emergency Department" type="BEFORE" />
<TLINK id="TL517" fromID="E2" fromText="blood-streaked diarrhea" toID="E80" toText="normal saline" type="BEFORE" />
<TLINK id="TL518" fromID="T8" fromText="two days" toID="E78" toText="the Sloan- Center Emergency Department" type="BEFORE" />
<TLINK id="TL519" fromID="T8" fromText="two days" toID="E80" toText="normal saline" type="BEFORE" />
<TLINK id="TL520" fromID="E68" fromText="reports" toID="E85" toText="further management" type="BEFORE" />
<TLINK id="TL521" fromID="E68" fromText="reports" toID="E83" toText="transferred" type="BEFORE" />
<TLINK id="TL522" fromID="E68" fromText="reports" toID="E84" toText="the general medicine service" type="AFTER" />
<TLINK id="TL523" fromID="E2" fromText="blood-streaked diarrhea" toID="E85" toText="further management" type="BEFORE" />
<TLINK id="TL524" fromID="E2" fromText="blood-streaked diarrhea" toID="E83" toText="transferred" type="BEFORE" />
<TLINK id="TL525" fromID="E2" fromText="blood-streaked diarrhea" toID="E84" toText="the general medicine service" type="BEFORE" />
<TLINK id="TL526" fromID="T8" fromText="two days" toID="E85" toText="further management" type="BEFORE" />
<TLINK id="TL527" fromID="T8" fromText="two days" toID="E83" toText="transferred" type="BEFORE" />
<TLINK id="TL528" fromID="E68" fromText="reports" toID="E54" toText="admission" type="AFTER" />
<TLINK id="TL529" fromID="E2" fromText="blood-streaked diarrhea" toID="E54" toText="admission" type="BEFORE" />
<TLINK id="TL530" fromID="T8" fromText="two days" toID="E54" toText="admission" type="BEFORE" />
<TLINK id="TL531" fromID="E2" fromText="blood-streaked diarrhea" toID="E56" toText="complained" type="BEFORE" />
<TLINK id="TL532" fromID="E2" fromText="blood-streaked diarrhea" toID="E88" toText="hospitalization" type="BEFORE" />
<TLINK id="TL533" fromID="E68" fromText="reports" toID="E58" toText="discharged" type="BEFORE" />
<TLINK id="TL534" fromID="E2" fromText="blood-streaked diarrhea" toID="E58" toText="discharged" type="AFTER" />
<TLINK id="TL535" fromID="T8" fromText="two days" toID="E58" toText="discharged" type="BEFORE" />
<TLINK id="TL536" fromID="E69" fromText="denies" toID="E73" toText="fevers" type="AFTER" />
<TLINK id="TL537" fromID="E69" fromText="denies" toID="E74" toText="chills" type="AFTER" />
<TLINK id="TL538" fromID="E69" fromText="denies" toID="E3" toText="recent weight loss" type="AFTER" />
<TLINK id="TL539" fromID="E69" fromText="denies" toID="E4" toText="light-headedness" type="AFTER" />
<TLINK id="TL540" fromID="E69" fromText="denies" toID="E5" toText="dizziness" type="AFTER" />
<TLINK id="TL541" fromID="E69" fromText="denies" toID="E70" toText="denies" type="OVERLAP" />
<TLINK id="TL542" fromID="E69" fromText="denies" toID="E75" toText="increased urinary frequent" type="AFTER" />
<TLINK id="TL543" fromID="E69" fromText="denies" toID="E76" toText="urgency" type="AFTER" />
<TLINK id="TL544" fromID="E71" fromText="nausea" toID="E70" toText="denies" type="BEFORE" />
<TLINK id="TL545" fromID="E72" fromText="vomiting" toID="E70" toText="denies" type="BEFORE" />
<TLINK id="TL546" fromID="E69" fromText="denies" toID="E78" toText="the Sloan- Center Emergency Department" type="BEFORE" />
<TLINK id="TL547" fromID="E69" fromText="denies" toID="E80" toText="normal saline" type="BEFORE" />
<TLINK id="TL548" fromID="E69" fromText="denies" toID="E81" toText="morphine" type="AFTER" />
<TLINK id="TL549" fromID="E69" fromText="denies" toID="E82" toText="pain" type="AFTER" />
<TLINK id="TL550" fromID="E71" fromText="nausea" toID="E78" toText="the Sloan- Center Emergency Department" type="BEFORE" />
<TLINK id="TL551" fromID="E71" fromText="nausea" toID="E80" toText="normal saline" type="BEFORE" />
<TLINK id="TL552" fromID="E72" fromText="vomiting" toID="E78" toText="the Sloan- Center Emergency Department" type="BEFORE" />
<TLINK id="TL553" fromID="E72" fromText="vomiting" toID="E80" toText="normal saline" type="BEFORE" />
<TLINK id="TL554" fromID="E69" fromText="denies" toID="E85" toText="further management" type="BEFORE" />
<TLINK id="TL555" fromID="E69" fromText="denies" toID="E83" toText="transferred" type="BEFORE" />
<TLINK id="TL556" fromID="E69" fromText="denies" toID="E84" toText="the general medicine service" type="AFTER" />
<TLINK id="TL557" fromID="E71" fromText="nausea" toID="E85" toText="further management" type="BEFORE" />
<TLINK id="TL558" fromID="E71" fromText="nausea" toID="E83" toText="transferred" type="BEFORE" />
<TLINK id="TL559" fromID="E71" fromText="nausea" toID="E84" toText="the general medicine service" type="BEFORE" />
<TLINK id="TL560" fromID="E72" fromText="vomiting" toID="E85" toText="further management" type="BEFORE" />
<TLINK id="TL561" fromID="E72" fromText="vomiting" toID="E83" toText="transferred" type="BEFORE" />
<TLINK id="TL562" fromID="E69" fromText="denies" toID="E54" toText="admission" type="BEFORE" />
<TLINK id="TL563" fromID="E71" fromText="nausea" toID="E54" toText="admission" type="BEFORE" />
<TLINK id="TL564" fromID="E72" fromText="vomiting" toID="E54" toText="admission" type="BEFORE" />
<TLINK id="TL565" fromID="E69" fromText="denies" toID="E56" toText="complained" type="BEFORE" />
<TLINK id="TL566" fromID="E71" fromText="nausea" toID="E56" toText="complained" type="BEFORE" />
<TLINK id="TL567" fromID="E69" fromText="denies" toID="E88" toText="hospitalization" type="BEFORE" />
<TLINK id="TL568" fromID="E71" fromText="nausea" toID="E88" toText="hospitalization" type="BEFORE" />
<TLINK id="TL569" fromID="E69" fromText="denies" toID="E58" toText="discharged" type="BEFORE" />
<TLINK id="TL570" fromID="E71" fromText="nausea" toID="E58" toText="discharged" type="BEFORE" />
<TLINK id="TL571" fromID="E72" fromText="vomiting" toID="E58" toText="discharged" type="AFTER" />
<TLINK id="TL572" fromID="E74" fromText="chills" toID="E3" toText="recent weight loss" type="OVERLAP" />
<TLINK id="TL573" fromID="E73" fromText="fevers" toID="E70" toText="denies" type="BEFORE" />
<TLINK id="TL574" fromID="E74" fromText="chills" toID="E70" toText="denies" type="BEFORE" />
<TLINK id="TL575" fromID="E74" fromText="chills" toID="E76" toText="urgency" type="AFTER" />
<TLINK id="TL576" fromID="E73" fromText="fevers" toID="E78" toText="the Sloan- Center Emergency Department" type="BEFORE" />
<TLINK id="TL577" fromID="E73" fromText="fevers" toID="E80" toText="normal saline" type="BEFORE" />
<TLINK id="TL578" fromID="E74" fromText="chills" toID="E78" toText="the Sloan- Center Emergency Department" type="BEFORE" />
<TLINK id="TL579" fromID="E74" fromText="chills" toID="E80" toText="normal saline" type="BEFORE" />
<TLINK id="TL580" fromID="E73" fromText="fevers" toID="E85" toText="further management" type="BEFORE" />
<TLINK id="TL581" fromID="E73" fromText="fevers" toID="E83" toText="transferred" type="BEFORE" />
<TLINK id="TL582" fromID="E74" fromText="chills" toID="E85" toText="further management" type="BEFORE" />
<TLINK id="TL583" fromID="E74" fromText="chills" toID="E83" toText="transferred" type="BEFORE" />
<TLINK id="TL584" fromID="E74" fromText="chills" toID="E84" toText="the general medicine service" type="BEFORE" />
<TLINK id="TL585" fromID="E73" fromText="fevers" toID="E54" toText="admission" type="BEFORE" />
<TLINK id="TL586" fromID="E74" fromText="chills" toID="E54" toText="admission" type="BEFORE" />
<TLINK id="TL587" fromID="E74" fromText="chills" toID="E56" toText="complained" type="BEFORE" />
<TLINK id="TL588" fromID="E74" fromText="chills" toID="E88" toText="hospitalization" type="BEFORE" />
<TLINK id="TL589" fromID="E73" fromText="fevers" toID="E58" toText="discharged" type="BEFORE" />
<TLINK id="TL590" fromID="E74" fromText="chills" toID="E58" toText="discharged" type="BEFORE" />
<TLINK id="TL591" fromID="E3" fromText="recent weight loss" toID="E70" toText="denies" type="BEFORE" />
<TLINK id="TL592" fromID="E4" fromText="light-headedness" toID="E70" toText="denies" type="BEFORE" />
<TLINK id="TL593" fromID="E5" fromText="dizziness" toID="E70" toText="denies" type="BEFORE" />
<TLINK id="TL594" fromID="E3" fromText="recent weight loss" toID="E78" toText="the Sloan- Center Emergency Department" type="BEFORE" />
<TLINK id="TL595" fromID="E3" fromText="recent weight loss" toID="E80" toText="normal saline" type="BEFORE" />
<TLINK id="TL596" fromID="E4" fromText="light-headedness" toID="E78" toText="the Sloan- Center Emergency Department" type="BEFORE" />
<TLINK id="TL597" fromID="E4" fromText="light-headedness" toID="E80" toText="normal saline" type="BEFORE" />
<TLINK id="TL598" fromID="E5" fromText="dizziness" toID="E78" toText="the Sloan- Center Emergency Department" type="BEFORE" />
<TLINK id="TL599" fromID="E5" fromText="dizziness" toID="E80" toText="normal saline" type="BEFORE" />
<TLINK id="TL600" fromID="E3" fromText="recent weight loss" toID="E85" toText="further management" type="BEFORE" />
<TLINK id="TL601" fromID="E3" fromText="recent weight loss" toID="E83" toText="transferred" type="BEFORE" />
<TLINK id="TL602" fromID="E3" fromText="recent weight loss" toID="E84" toText="the general medicine service" type="BEFORE" />
<TLINK id="TL603" fromID="E4" fromText="light-headedness" toID="E85" toText="further management" type="BEFORE" />
<TLINK id="TL604" fromID="E4" fromText="light-headedness" toID="E83" toText="transferred" type="BEFORE" />
<TLINK id="TL605" fromID="E4" fromText="light-headedness" toID="E84" toText="the general medicine service" type="BEFORE" />
<TLINK id="TL606" fromID="E5" fromText="dizziness" toID="E85" toText="further management" type="BEFORE" />
<TLINK id="TL607" fromID="E5" fromText="dizziness" toID="E83" toText="transferred" type="BEFORE" />
<TLINK id="TL608" fromID="E5" fromText="dizziness" toID="E84" toText="the general medicine service" type="BEFORE" />
<TLINK id="TL609" fromID="E3" fromText="recent weight loss" toID="E54" toText="admission" type="BEFORE" />
<TLINK id="TL610" fromID="E4" fromText="light-headedness" toID="E54" toText="admission" type="BEFORE" />
<TLINK id="TL611" fromID="E5" fromText="dizziness" toID="E54" toText="admission" type="BEFORE" />
<TLINK id="TL612" fromID="E5" fromText="dizziness" toID="E55" toText="diagnosed" type="BEFORE" />
<TLINK id="TL613" fromID="E5" fromText="dizziness" toID="E8" toText="IV fluids" type="BEFORE" />
<TLINK id="TL614" fromID="E3" fromText="recent weight loss" toID="E56" toText="complained" type="BEFORE" />
<TLINK id="TL615" fromID="E4" fromText="light-headedness" toID="E56" toText="complained" type="BEFORE" />
<TLINK id="TL616" fromID="E5" fromText="dizziness" toID="E56" toText="complained" type="BEFORE" />
<TLINK id="TL617" fromID="E5" fromText="dizziness" toID="E13" toText="His pain medication" type="BEFORE" />
<TLINK id="TL618" fromID="E5" fromText="dizziness" toID="E14" toText="Dilaudid IV" type="BEFORE" />
<TLINK id="TL619" fromID="E3" fromText="recent weight loss" toID="E88" toText="hospitalization" type="BEFORE" />
<TLINK id="TL620" fromID="E5" fromText="dizziness" toID="E16" toText="Dilaudid IV" type="BEFORE" />
<TLINK id="TL621" fromID="E5" fromText="dizziness" toID="E88" toText="hospitalization" type="BEFORE" />
<TLINK id="TL622" fromID="E5" fromText="dizziness" toID="E21" toText="a CT scan" type="BEFORE" />
<TLINK id="TL623" fromID="E5" fromText="dizziness" toID="E91" toText="revealed" type="BEFORE" />
<TLINK id="TL624" fromID="E5" fromText="dizziness" toID="E29" toText="Blood and urine cultures" type="BEFORE" />
<TLINK id="TL625" fromID="E5" fromText="dizziness" toID="E92" toText="revealed" type="BEFORE" />
<TLINK id="TL626" fromID="E5" fromText="dizziness" toID="E34" toText="empiric antibiotic treatment" type="BEFORE" />
<TLINK id="TL627" fromID="E5" fromText="dizziness" toID="E93" toText="All cultures" type="BEFORE" />
<TLINK id="TL628" fromID="E5" fromText="dizziness" toID="E36" toText="An ultrasound" type="BEFORE" />
<TLINK id="TL629" fromID="E5" fromText="dizziness" toID="E37" toText="The ultrasound" type="BEFORE" />
<TLINK id="TL630" fromID="E3" fromText="recent weight loss" toID="E58" toText="discharged" type="AFTER" />
<TLINK id="TL631" fromID="E4" fromText="light-headedness" toID="E58" toText="discharged" type="AFTER" />
<TLINK id="TL632" fromID="E5" fromText="dizziness" toID="E58" toText="discharged" type="AFTER" />
<TLINK id="TL633" fromID="E5" fromText="dizziness" toID="E101" toText="improvement" type="BEFORE" />
<TLINK id="TL634" fromID="E70" fromText="denies" toID="E78" toText="the Sloan- Center Emergency Department" type="BEFORE" />
<TLINK id="TL635" fromID="E70" fromText="denies" toID="E79" toText="resuscitated" type="AFTER" />
<TLINK id="TL636" fromID="E70" fromText="denies" toID="E80" toText="normal saline" type="BEFORE" />
<TLINK id="TL637" fromID="E70" fromText="denies" toID="E81" toText="morphine" type="AFTER" />
<TLINK id="TL638" fromID="E70" fromText="denies" toID="E82" toText="pain" type="AFTER" />
<TLINK id="TL639" fromID="E75" fromText="increased urinary frequent" toID="E78" toText="the Sloan- Center Emergency Department" type="BEFORE" />
<TLINK id="TL640" fromID="E75" fromText="increased urinary frequent" toID="E80" toText="normal saline" type="BEFORE" />
<TLINK id="TL641" fromID="E76" fromText="urgency" toID="E78" toText="the Sloan- Center Emergency Department" type="BEFORE" />
<TLINK id="TL642" fromID="E76" fromText="urgency" toID="E80" toText="normal saline" type="BEFORE" />
<TLINK id="TL643" fromID="E76" fromText="urgency" toID="E81" toText="morphine" type="AFTER" />
<TLINK id="TL644" fromID="E76" fromText="urgency" toID="E82" toText="pain" type="AFTER" />
<TLINK id="TL645" fromID="E70" fromText="denies" toID="E85" toText="further management" type="BEFORE" />
<TLINK id="TL646" fromID="E70" fromText="denies" toID="E83" toText="transferred" type="BEFORE" />
<TLINK id="TL647" fromID="E70" fromText="denies" toID="E84" toText="the general medicine service" type="AFTER" />
<TLINK id="TL648" fromID="E75" fromText="increased urinary frequent" toID="E85" toText="further management" type="BEFORE" />
<TLINK id="TL649" fromID="E75" fromText="increased urinary frequent" toID="E83" toText="transferred" type="BEFORE" />
<TLINK id="TL650" fromID="E76" fromText="urgency" toID="E85" toText="further management" type="BEFORE" />
<TLINK id="TL651" fromID="E76" fromText="urgency" toID="E83" toText="transferred" type="BEFORE" />
<TLINK id="TL652" fromID="E76" fromText="urgency" toID="E84" toText="the general medicine service" type="BEFORE" />
<TLINK id="TL653" fromID="E70" fromText="denies" toID="E54" toText="admission" type="BEFORE" />
<TLINK id="TL654" fromID="E75" fromText="increased urinary frequent" toID="E54" toText="admission" type="BEFORE" />
<TLINK id="TL655" fromID="E76" fromText="urgency" toID="E54" toText="admission" type="BEFORE" />
<TLINK id="TL656" fromID="E76" fromText="urgency" toID="E55" toText="diagnosed" type="BEFORE" />
<TLINK id="TL657" fromID="E70" fromText="denies" toID="E56" toText="complained" type="BEFORE" />
<TLINK id="TL658" fromID="E76" fromText="urgency" toID="E56" toText="complained" type="BEFORE" />
<TLINK id="TL659" fromID="E76" fromText="urgency" toID="E13" toText="His pain medication" type="BEFORE" />
<TLINK id="TL660" fromID="E76" fromText="urgency" toID="E14" toText="Dilaudid IV" type="BEFORE" />
<TLINK id="TL661" fromID="E70" fromText="denies" toID="E88" toText="hospitalization" type="BEFORE" />
<TLINK id="TL662" fromID="E76" fromText="urgency" toID="E88" toText="hospitalization" type="BEFORE" />
<TLINK id="TL663" fromID="E70" fromText="denies" toID="E17" toText="the patient &amp;apos;s epigastric pain" type="AFTER" />
<TLINK id="TL664" fromID="E76" fromText="urgency" toID="E91" toText="revealed" type="BEFORE" />
<TLINK id="TL665" fromID="E70" fromText="denies" toID="E58" toText="discharged" type="BEFORE" />
<TLINK id="TL666" fromID="E75" fromText="increased urinary frequent" toID="E58" toText="discharged" type="AFTER" />
<TLINK id="TL667" fromID="E76" fromText="urgency" toID="E58" toText="discharged" type="BEFORE" />
<TLINK id="TL668" fromID="E78" fromText="the Sloan- Center Emergency Department" toID="E85" toText="further management" type="BEFORE" />
<TLINK id="TL669" fromID="E78" fromText="the Sloan- Center Emergency Department" toID="E83" toText="transferred" type="BEFORE" />
<TLINK id="TL670" fromID="E78" fromText="the Sloan- Center Emergency Department" toID="E84" toText="the general medicine service" type="OVERLAP" />
<TLINK id="TL671" fromID="E79" fromText="resuscitated" toID="E85" toText="further management" type="BEFORE" />
<TLINK id="TL672" fromID="E79" fromText="resuscitated" toID="E83" toText="transferred" type="BEFORE" />
<TLINK id="TL673" fromID="E81" fromText="morphine" toID="E85" toText="further management" type="BEFORE" />
<TLINK id="TL674" fromID="E81" fromText="morphine" toID="E83" toText="transferred" type="BEFORE" />
<TLINK id="TL675" fromID="E82" fromText="pain" toID="E85" toText="further management" type="BEFORE" />
<TLINK id="TL676" fromID="E82" fromText="pain" toID="E83" toText="transferred" type="BEFORE" />
<TLINK id="TL677" fromID="E82" fromText="pain" toID="E84" toText="the general medicine service" type="BEFORE" />
<TLINK id="TL678" fromID="E78" fromText="the Sloan- Center Emergency Department" toID="E54" toText="admission" type="OVERLAP" />
<TLINK id="TL679" fromID="E79" fromText="resuscitated" toID="E54" toText="admission" type="BEFORE" />
<TLINK id="TL680" fromID="E81" fromText="morphine" toID="E54" toText="admission" type="BEFORE" />
<TLINK id="TL681" fromID="E82" fromText="pain" toID="E54" toText="admission" type="BEFORE" />
<TLINK id="TL682" fromID="E81" fromText="morphine" toID="E56" toText="complained" type="BEFORE" />
<TLINK id="TL683" fromID="E82" fromText="pain" toID="E56" toText="complained" type="BEFORE" />
<TLINK id="TL684" fromID="E82" fromText="pain" toID="E88" toText="hospitalization" type="BEFORE" />
<TLINK id="TL685" fromID="E78" fromText="the Sloan- Center Emergency Department" toID="E58" toText="discharged" type="BEFORE" />
<TLINK id="TL686" fromID="E79" fromText="resuscitated" toID="E58" toText="discharged" type="BEFORE" />
<TLINK id="TL687" fromID="E80" fromText="normal saline" toID="E58" toText="discharged" type="BEFORE" />
<TLINK id="TL688" fromID="E81" fromText="morphine" toID="E58" toText="discharged" type="BEFORE" />
<TLINK id="TL689" fromID="E82" fromText="pain" toID="E58" toText="discharged" type="AFTER" />
<TLINK id="TL690" fromID="E83" fromText="transferred" toID="E54" toText="admission" type="BEFORE" />
<TLINK id="TL691" fromID="E84" fromText="the general medicine service" toID="E54" toText="admission" type="BEFORE" />
<TLINK id="TL692" fromID="E83" fromText="transferred" toID="E56" toText="complained" type="BEFORE" />
<TLINK id="TL693" fromID="E85" fromText="further management" toID="E58" toText="discharged" type="BEFORE" />
<TLINK id="TL694" fromID="E83" fromText="transferred" toID="E58" toText="discharged" type="BEFORE" />
<TLINK id="TL695" fromID="E84" fromText="the general medicine service" toID="E58" toText="discharged" type="BEFORE" />
<TLINK id="TL696" fromID="E54" fromText="admission" toID="E56" toText="complained" type="BEFORE" />
<TLINK id="TL697" fromID="E54" fromText="admission" toID="E88" toText="hospitalization" type="BEFORE" />
<TLINK id="TL698" fromID="E54" fromText="admission" toID="E17" toText="the patient &amp;apos;s epigastric pain" type="AFTER" />
<TLINK id="TL699" fromID="E54" fromText="admission" toID="E58" toText="discharged" type="BEFORE" />
<TLINK id="TL700" fromID="E55" fromText="diagnosed" toID="E58" toText="discharged" type="BEFORE" />
<TLINK id="TL701" fromID="E6" fromText="acute pancreatitis" toID="E58" toText="discharged" type="BEFORE" />
<TLINK id="TL702" fromID="E7" fromText="NPO" toID="E58" toText="discharged" type="BEFORE" />
<TLINK id="TL703" fromID="E86" fromText="resuscitated" toID="E58" toText="discharged" type="BEFORE" />
<TLINK id="TL704" fromID="E8" fromText="IV fluids" toID="E58" toText="discharged" type="BEFORE" />
<TLINK id="TL705" fromID="E9" fromText="Pain control" toID="E58" toText="discharged" type="BEFORE" />
<TLINK id="TL706" fromID="E10" fromText="morphine" toID="E58" toText="discharged" type="BEFORE" />
<TLINK id="TL707" fromID="E11" fromText="Demerol" toID="E58" toText="discharged" type="BEFORE" />
<TLINK id="TL708" fromID="E12" fromText="his epigastric pain" toID="E58" toText="discharged" type="BEFORE" />
<TLINK id="TL709" fromID="E56" fromText="complained" toID="E13" toText="His pain medication" type="AFTER" />
<TLINK id="TL710" fromID="E56" fromText="complained" toID="E17" toText="the patient &amp;apos;s epigastric pain" type="AFTER" />
<TLINK id="TL711" fromID="E56" fromText="complained" toID="E22" toText="a mass in the gallbladder neck" type="AFTER" />
<TLINK id="TL712" fromID="E56" fromText="complained" toID="E31" toText="infiltrate" type="AFTER" />
<TLINK id="TL713" fromID="E56" fromText="complained" toID="E58" toText="discharged" type="BEFORE" />
<TLINK id="TL714" fromID="E87" fromText="persistent and occasionally severe epigastric pain" toID="E58" toText="discharged" type="BEFORE" />
<TLINK id="TL715" fromID="T9" fromText="2/17/00" toID="E58" toText="discharged" type="BEFORE" />
<TLINK id="TL716" fromID="T10" fromText="2/21/00" toID="E58" toText="discharged" type="BEFORE" />
<TLINK id="TL717" fromID="E13" fromText="His pain medication" toID="E58" toText="discharged" type="BEFORE" />
<TLINK id="TL718" fromID="E14" fromText="Dilaudid IV" toID="E58" toText="discharged" type="BEFORE" />
<TLINK id="TL719" fromID="E15" fromText="his symptoms" toID="E58" toText="discharged" type="BEFORE" />
<TLINK id="TL720" fromID="E16" fromText="Dilaudid IV" toID="E58" toText="discharged" type="BEFORE" />
<TLINK id="TL721" fromID="E88" fromText="hospitalization" toID="E58" toText="discharged" type="BEFORE" />
<TLINK id="TL722" fromID="E89" fromText="titrated" toID="E58" toText="discharged" type="BEFORE" />
<TLINK id="TL723" fromID="E90" fromText="tapered" toID="E58" toText="discharged" type="BEFORE" />
<TLINK id="TL724" fromID="E17" fromText="the patient &amp;apos;s epigastric pain" toID="E58" toText="discharged" type="BEFORE" />
<TLINK id="TL725" fromID="E18" fromText="a pancreatic complication" toID="E58" toText="discharged" type="BEFORE" />
<TLINK id="TL726" fromID="E19" fromText="necrosis" toID="E58" toText="discharged" type="BEFORE" />
<TLINK id="TL727" fromID="E20" fromText="abscess" toID="E58" toText="discharged" type="BEFORE" />
<TLINK id="TL728" fromID="E21" fromText="a CT scan" toID="E58" toText="discharged" type="BEFORE" />
<TLINK id="TL729" fromID="E91" fromText="revealed" toID="E58" toText="discharged" type="BEFORE" />
<TLINK id="TL730" fromID="E22" fromText="a mass in the gallbladder neck" toID="E58" toText="discharged" type="BEFORE" />
<TLINK id="TL731" fromID="E23" fromText="biliary dilatation" toID="E58" toText="discharged" type="BEFORE" />
<TLINK id="TL732" fromID="E24" fromText="stranding along the pancreas" toID="E58" toText="discharged" type="BEFORE" />
<TLINK id="TL733" fromID="E25" fromText="necrosis" toID="E58" toText="discharged" type="BEFORE" />
<TLINK id="TL734" fromID="E26" fromText="abscess" toID="E58" toText="discharged" type="BEFORE" />
<TLINK id="TL735" fromID="E27" fromText="pseudocyst" toID="E58" toText="discharged" type="BEFORE" />
<TLINK id="TL736" fromID="E28" fromText="fevers" toID="E58" toText="discharged" type="BEFORE" />
<TLINK id="TL737" fromID="T2" fromText="2/22/00" toID="E58" toText="discharged" type="BEFORE" />
<TLINK id="TL738" fromID="E29" fromText="Blood and urine cultures" toID="E32" toText="effusion" type="OVERLAP" />
<TLINK id="TL739" fromID="E29" fromText="Blood and urine cultures" toID="E58" toText="discharged" type="BEFORE" />
<TLINK id="TL740" fromID="E32" fromText="effusion" toID="E33" toText="cefotaxime" type="OVERLAP" />
<TLINK id="TL741" fromID="E30" fromText="A chest x-ray" toID="E58" toText="discharged" type="BEFORE" />
<TLINK id="TL742" fromID="E92" fromText="revealed" toID="E58" toText="discharged" type="BEFORE" />
<TLINK id="TL743" fromID="E31" fromText="infiltrate" toID="E58" toText="discharged" type="BEFORE" />
<TLINK id="TL744" fromID="E32" fromText="effusion" toID="E58" toText="discharged" type="BEFORE" />
<TLINK id="TL745" fromID="E33" fromText="cefotaxime" toID="E58" toText="discharged" type="BEFORE" />
<TLINK id="TL746" fromID="E34" fromText="empiric antibiotic treatment" toID="E58" toText="discharged" type="BEFORE" />
<TLINK id="TL747" fromID="E93" fromText="All cultures" toID="E58" toText="discharged" type="BEFORE" />
<TLINK id="TL748" fromID="E35" fromText="the high grade fever" toID="E58" toText="discharged" type="BEFORE" />
<TLINK id="TL749" fromID="T3" fromText="2/23/00" toID="E58" toText="discharged" type="BEFORE" />
<TLINK id="TL750" fromID="E36" fromText="An ultrasound" toID="E58" toText="discharged" type="BEFORE" />
<TLINK id="TL751" fromID="E94" fromText="cholestasis" toID="E58" toText="discharged" type="BEFORE" />
<TLINK id="TL752" fromID="E95" fromText="cholangitis" toID="E58" toText="discharged" type="BEFORE" />
<TLINK id="TL753" fromID="E37" fromText="The ultrasound" toID="E58" toText="discharged" type="BEFORE" />
<TLINK id="TL754" fromID="E96" fromText="showed" toID="E58" toText="discharged" type="BEFORE" />
<TLINK id="TL755" fromID="E38" fromText="biliary sludge" toID="E58" toText="discharged" type="BEFORE" />
<TLINK id="TL756" fromID="E39" fromText="swelling of the body" toID="E58" toText="discharged" type="BEFORE" />
<TLINK id="TL757" fromID="E40" fromText="other abnormalities" toID="E58" toText="discharged" type="BEFORE" />
<TLINK id="TL758" fromID="E97" fromText="noted" toID="E58" toText="discharged" type="BEFORE" />
<TLINK id="TL759" fromID="E98" fromText="epigastric pain" toID="E58" toText="discharged" type="BEFORE" />
<TLINK id="TL760" fromID="E41" fromText="radiation to the left upper quadrant" toID="E58" toText="discharged" type="BEFORE" />
<TLINK id="TL761" fromID="T4" fromText="2/24/00" toID="E58" toText="discharged" type="BEFORE" />
<TLINK id="TL762" fromID="E42" fromText="The pain" toID="E58" toText="discharged" type="BEFORE" />
<TLINK id="TL763" fromID="E43" fromText="high dose Dilaudid" toID="E58" toText="discharged" type="BEFORE" />
<TLINK id="TL764" fromID="E44" fromText="a follow-up chest x-ray" toID="E58" toText="discharged" type="BEFORE" />
<TLINK id="TL765" fromID="E99" fromText="showing" toID="E58" toText="discharged" type="BEFORE" />
<TLINK id="TL766" fromID="E45" fromText="infiltrate" toID="E58" toText="discharged" type="BEFORE" />
<TLINK id="TL767" fromID="E46" fromText="the patient &amp;apos;s fever" toID="E58" toText="discharged" type="BEFORE" />
<TLINK id="TL768" fromID="E47" fromText="his abdominal pain" toID="E58" toText="discharged" type="BEFORE" />
<TLINK id="TL769" fromID="T11" fromText="2/25" toID="E58" toText="discharged" type="BEFORE" />
<TLINK id="TL770" fromID="T12" fromText="2/27/00" toID="E58" toText="discharged" type="BEFORE" />
<TLINK id="TL771" fromID="E48" fromText="The cefotaxime" toID="E58" toText="discharged" type="BEFORE" />
<TLINK id="TL772" fromID="E57" fromText="discontinued" toID="E58" toText="discharged" type="BEFORE" />
<TLINK id="TL773" fromID="E49" fromText="infection" toID="E58" toText="discharged" type="BEFORE" />
<TLINK id="TL774" fromID="E50" fromText="a low fat solids" toID="E58" toText="discharged" type="BEFORE" />
<TLINK id="TL775" fromID="E51" fromText="pancreatitis study" toID="E58" toText="discharged" type="BEFORE" />
<TLINK id="TL776" fromID="E100" fromText="tolerated" toID="E58" toText="discharged" type="BEFORE" />
<TLINK id="TL777" fromID="T5" fromText="2/28/00" toID="E58" toText="discharged" type="BEFORE" />
</TAGS>
</ClinicalNarrativeTemporalAnnotation>