<?xml version='1.0' encoding='ASCII'?>
<ClinicalNarrativeTemporalAnnotation>
<TEXT>
Admission Date :
07/03/1998
Discharge Date :
07/10/1998
HISTORY OF PRESENT ILLNESS :
This is a 50 year old man in his usual state of health until two weeks prior to admission when the patient developed epigastric pain after meals .
The next morning , the patient felt dizzy and went to his private medical doctor at Eifro Medical Center , and was found to have elevated bilirubins , alkaline phosphatase , and transaminases .
The patient reported fatigue and nausea , as well as noted coca cola colored urine .
The patient has been constipated with hard stool , but no bright red blood per rectum .
The patient also reported an 18 lb weight loss over the last 4-5 months .
HOSPITAL COURSE :
The patient was admitted preoperatively for surgery on 7/4/98 .
The patient &amp;apos;s workup up until that time included a diagnosis of periampullary adenocarcinoma , which was proven by EGD directed biopsy , and a left renal mass , which was biopsied and found to be an oncocytoma .
On 7/4/98 , the patient underwent a Whipple procedure , which proceeded without complications .
Postoperatively , the patient did extremely well and was extubated the following morning .
The NG tube was D/C&amp;apos;d on postoperative day #2 .
The patient was to be transferred to the floor on postoperative day #2 , however , due to the lack of beds , he remained in the ICU until postoperative day #3 .
On postoperative day #4 , the patient began tolerating clear liquids and his diet was advanced as tolerated by postoperative day #6 and 7 .
The patient was out of bed , doing fine , and tolerating a regular diet on 7/10/98 .
The patient is to be discharged to home with services and in stable condition .
</TEXT>
<TAGS>
<EVENT id="E0" start="1" end="10" text="Admission" modality="FACTUAL" polarity="POS" type="OCCURRENCE" />
<EVENT id="E17" start="1008" end="1027" text="a Whipple procedure" modality="FACTUAL" polarity="POS" type="TREATMENT" />
<EVENT id="E18" start="1054" end="1067" text="complications" modality="FACTUAL" polarity="NEG" type="PROBLEM" />
<EVENT id="E34" start="1104" end="1118" text="extremely well" modality="FACTUAL" polarity="POS" type="OCCURRENCE" />
<EVENT id="E21" start="1127" end="1136" text="extubated" modality="FACTUAL" polarity="POS" type="TREATMENT" />
<EVENT id="E25" start="115" end="140" text="his usual state of health" modality="FACTUAL" polarity="POS" type="OCCURRENCE" />
<EVENT id="E19" start="1161" end="1172" text="The NG tube" modality="FACTUAL" polarity="POS" type="TREATMENT" />
<EVENT id="E35" start="1236" end="1247" text="transferred" modality="FACTUAL" polarity="POS" type="OCCURRENCE" />
<EVENT id="E36" start="1251" end="1260" text="the floor" modality="FACTUAL" polarity="POS" type="CLINICAL_DEPT" />
<EVENT id="E22" start="1326" end="1334" text="remained" modality="FACTUAL" polarity="POS" type="OCCURRENCE" />
<EVENT id="E37" start="1338" end="1345" text="the ICU" modality="FACTUAL" polarity="POS" type="CLINICAL_DEPT" />
<EVENT id="E20" start="1430" end="1443" text="clear liquids" modality="FACTUAL" polarity="POS" type="TREATMENT" />
<EVENT id="E39" start="1461" end="1469" text="advanced" modality="FACTUAL" polarity="POS" type="OCCURRENCE" />
<EVENT id="E40" start="1473" end="1482" text="tolerated" modality="FACTUAL" polarity="POS" type="OCCURRENCE" />
<EVENT id="E41" start="1531" end="1541" text="out of bed" modality="FACTUAL" polarity="POS" type="OCCURRENCE" />
<EVENT id="E42" start="1544" end="1554" text="doing fine" modality="FACTUAL" polarity="POS" type="OCCURRENCE" />
<EVENT id="E43" start="1572" end="1586" text="a regular diet" modality="FACTUAL" polarity="POS" type="OCCURRENCE" />
<EVENT id="E23" start="1621" end="1631" text="discharged" modality="FACTUAL" polarity="POS" type="OCCURRENCE" />
<EVENT id="E44" start="1645" end="1653" text="services" modality="FACTUAL" polarity="POS" type="TREATMENT" />
<EVENT id="E26" start="166" end="175" text="admission" modality="FACTUAL" polarity="POS" type="OCCURRENCE" />
<EVENT id="E45" start="1661" end="1677" text="stable condition" modality="FACTUAL" polarity="POS" type="OCCURRENCE" />
<EVENT id="E1" start="203" end="218" text="epigastric pain" modality="FACTUAL" polarity="POS" type="PROBLEM" />
<EVENT id="E2" start="269" end="274" text="dizzy" modality="FACTUAL" polarity="POS" type="PROBLEM" />
<EVENT id="E24" start="29" end="38" text="Discharge" modality="FACTUAL" polarity="POS" type="OCCURRENCE" />
<EVENT id="E27" start="317" end="337" text="Eifro Medical Center" modality="FACTUAL" polarity="POS" type="CLINICAL_DEPT" />
<EVENT id="E3" start="362" end="424" text="elevated bilirubins , alkaline phosphatase , and transaminases" modality="FACTUAL" polarity="POS" type="PROBLEM" />
<EVENT id="E28" start="439" end="447" text="reported" modality="FACTUAL" polarity="POS" type="EVIDENTIAL" />
<EVENT id="E4" start="448" end="455" text="fatigue" modality="FACTUAL" polarity="POS" type="PROBLEM" />
<EVENT id="E5" start="460" end="466" text="nausea" modality="FACTUAL" polarity="POS" type="PROBLEM" />
<EVENT id="E6" start="486" end="509" text="coca cola colored urine" modality="FACTUAL" polarity="POS" type="PROBLEM" />
<EVENT id="E7" start="533" end="544" text="constipated" modality="FACTUAL" polarity="POS" type="PROBLEM" />
<EVENT id="E8" start="550" end="560" text="hard stool" modality="FACTUAL" polarity="POS" type="PROBLEM" />
<EVENT id="E9" start="570" end="597" text="bright red blood per rectum" modality="FACTUAL" polarity="NEG" type="PROBLEM" />
<EVENT id="E38" start="617" end="625" text="reported" modality="FACTUAL" polarity="POS" type="EVIDENTIAL" />
<EVENT id="E10" start="626" end="646" text="an 18 lb weight loss" modality="FACTUAL" polarity="POS" type="PROBLEM" />
<EVENT id="E30" start="708" end="716" text="admitted" modality="FACTUAL" polarity="POS" type="OCCURRENCE" />
<EVENT id="E11" start="736" end="743" text="surgery" modality="FACTUAL" polarity="POS" type="TREATMENT" />
<EVENT id="E12" start="756" end="785" text="The patient 's workup up" modality="FACTUAL" polarity="POS" type="TEST" />
<EVENT id="E31" start="813" end="822" text="diagnosis" modality="FACTUAL" polarity="POS" type="EVIDENTIAL" />
<EVENT id="E13" start="826" end="854" text="periampullary adenocarcinoma" modality="FACTUAL" polarity="POS" type="PROBLEM" />
<EVENT id="E32" start="867" end="873" text="proven" modality="FACTUAL" polarity="POS" type="EVIDENTIAL" />
<EVENT id="E14" start="877" end="896" text="EGD directed biopsy" modality="FACTUAL" polarity="POS" type="TEST" />
<EVENT id="E15" start="903" end="920" text="a left renal mass" modality="FACTUAL" polarity="POS" type="PROBLEM" />
<EVENT id="E33" start="933" end="941" text="biopsied" modality="FACTUAL" polarity="POS" type="TEST" />
<EVENT id="E16" start="958" end="971" text="an oncocytoma" modality="FACTUAL" polarity="POS" type="PROBLEM" />
<TIMEX3 id="T8" start="1137" end="1158" text="the following morning" type="DATE" val="1998-07-05" mod="START" />
<TIMEX3 id="T9" start="1191" end="1211" text="postoperative day #2" type="DATE" val="1998-07-06" mod="NA" />
<TIMEX3 id="T10" start="1264" end="1284" text="postoperative day #2" type="DATE" val="1998-07-06" mod="NA" />
<TIMEX3 id="T11" start="1352" end="1372" text="postoperative day #3" type="DATE" val="1998-07-07" mod="NA" />
<TIMEX3 id="T12" start="1378" end="1398" text="postoperative day #4" type="DATE" val="1998-07-08" mod="NA" />
<TIMEX3 id="T0" start="147" end="156" text="two weeks" type="DATE" val="1998-06-19" mod="NA" />
<TIMEX3 id="T13" start="1486" end="1506" text="postoperative day #6" type="DATE" val="1998-07-10" mod="NA" />
<TIMEX3 id="T14" start="1511" end="1512" text="7" type="DATE" val="1998-07-11" mod="NA" />
<TIMEX3 id="T15" start="1590" end="1597" text="7/10/98" type="DATE" val="1998-07-10" mod="NA" />
<TIMEX3 id="T1" start="18" end="28" text="07/03/1998" type="DATE" val="1998-07-03" mod="NA" />
<TIMEX3 id="T3" start="233" end="249" text="The next morning" type="DATE" val="1998-06-20" mod="START" />
<TIMEX3 id="T2" start="46" end="56" text="07/10/1998" type="DATE" val="1998-07-10" mod="NA" />
<TIMEX3 id="T4" start="661" end="671" text="4-5 months" type="DURATION" val="P4.5M" mod="APPROX" />
<TIMEX3 id="T5" start="747" end="753" text="7/4/98" type="DATE" val="1998-07-04" mod="NA" />
<TIMEX3 id="T6" start="792" end="801" text="that time" type="DATE" val="1998-07-04" mod="NA" />
<TIMEX3 id="T7" start="977" end="983" text="7/4/98" type="DATE" val="1998-07-04" mod="NA" />
<SECTIME id="S0" start="18" end="28" text="07/03/1998" type="ADMISSION" dvalue="1998-07-03" />
<SECTIME id="S1" start="46" end="56" text="07/10/1998" type="DISCHARGE" dvalue="1998-07-10" />
<TLINK id="TL0" fromID="E25" fromText="his usual state of health" toID="E26" toText="admission" type="BEFORE" />
<TLINK id="TL1" fromID="E25" fromText="his usual state of health" toID="E1" toText="epigastric pain" type="BEFORE" />
<TLINK id="TL2" fromID="E25" fromText="his usual state of health" toID="T0" toText="two weeks" type="BEFORE" />
<TLINK id="TL3" fromID="E26" fromText="admission" toID="E1" toText="epigastric pain" type="AFTER" />
<TLINK id="TL4" fromID="T0" fromText="two weeks" toID="E26" toText="admission" type="BEFORE" />
<TLINK id="TL5" fromID="T0" fromText="two weeks" toID="E1" toText="epigastric pain" type="BEFORE" />
<TLINK id="TL6" fromID="T3" fromText="The next morning" toID="E2" toText="dizzy" type="AFTER" />
<TLINK id="TL7" fromID="E27" fromText="Eifro Medical Center" toID="E3" toText="elevated bilirubins , alkaline phosphatase , and transaminases" type="AFTER" />
<TLINK id="TL8" fromID="T3" fromText="The next morning" toID="E27" toText="Eifro Medical Center" type="BEFORE" />
<TLINK id="TL9" fromID="T3" fromText="The next morning" toID="E3" toText="elevated bilirubins , alkaline phosphatase , and transaminases" type="AFTER" />
<TLINK id="TL10" fromID="E28" fromText="reported" toID="E4" toText="fatigue" type="AFTER" />
<TLINK id="TL11" fromID="E28" fromText="reported" toID="E5" toText="nausea" type="AFTER" />
<TLINK id="TL12" fromID="E28" fromText="reported" toID="E6" toText="coca cola colored urine" type="AFTER" />
<TLINK id="TL13" fromID="E4" fromText="fatigue" toID="E5" toText="nausea" type="OVERLAP" />
<TLINK id="TL14" fromID="E4" fromText="fatigue" toID="E6" toText="coca cola colored urine" type="AFTER" />
<TLINK id="TL15" fromID="E5" fromText="nausea" toID="E6" toText="coca cola colored urine" type="AFTER" />
<TLINK id="TL16" fromID="E7" fromText="constipated" toID="E8" toText="hard stool" type="OVERLAP" />
<TLINK id="TL17" fromID="E7" fromText="constipated" toID="E9" toText="bright red blood per rectum" type="OVERLAP" />
<TLINK id="TL18" fromID="E8" fromText="hard stool" toID="E9" toText="bright red blood per rectum" type="OVERLAP" />
<TLINK id="TL19" fromID="E38" fromText="reported" toID="E10" toText="an 18 lb weight loss" type="AFTER" />
<TLINK id="TL20" fromID="E38" fromText="reported" toID="T4" toText="4-5 months" type="AFTER" />
<TLINK id="TL21" fromID="E10" fromText="an 18 lb weight loss" toID="T4" toText="4-5 months" type="OVERLAP" />
<TLINK id="TL22" fromID="E30" fromText="admitted" toID="E11" toText="surgery" type="BEFORE" />
<TLINK id="TL23" fromID="E30" fromText="admitted" toID="T5" toText="7/4/98" type="OVERLAP" />
<TLINK id="TL24" fromID="E11" fromText="surgery" toID="T5" toText="7/4/98" type="OVERLAP" />
<TLINK id="TL25" fromID="E12" fromText="The patient &amp;apos;s workup up" toID="E31" toText="diagnosis" type="BEFORE" />
<TLINK id="TL26" fromID="E12" fromText="The patient &amp;apos;s workup up" toID="E32" toText="proven" type="BEFORE" />
<TLINK id="TL27" fromID="E12" fromText="The patient &amp;apos;s workup up" toID="E14" toText="EGD directed biopsy" type="BEFORE" />
<TLINK id="TL28" fromID="E12" fromText="The patient &amp;apos;s workup up" toID="E33" toText="biopsied" type="BEFORE" />
<TLINK id="TL29" fromID="E12" fromText="The patient &amp;apos;s workup up" toID="E16" toText="an oncocytoma" type="BEFORE" />
<TLINK id="TL30" fromID="E12" fromText="The patient &amp;apos;s workup up" toID="T6" toText="that time" type="BEFORE" />
<TLINK id="TL31" fromID="E31" fromText="diagnosis" toID="E13" toText="periampullary adenocarcinoma" type="AFTER" />
<TLINK id="TL32" fromID="E31" fromText="diagnosis" toID="E32" toText="proven" type="OVERLAP" />
<TLINK id="TL33" fromID="E31" fromText="diagnosis" toID="E14" toText="EGD directed biopsy" type="OVERLAP" />
<TLINK id="TL34" fromID="E31" fromText="diagnosis" toID="E15" toText="a left renal mass" type="AFTER" />
<TLINK id="TL35" fromID="E31" fromText="diagnosis" toID="E33" toText="biopsied" type="OVERLAP" />
<TLINK id="TL36" fromID="E31" fromText="diagnosis" toID="E16" toText="an oncocytoma" type="AFTER" />
<TLINK id="TL37" fromID="T6" fromText="that time" toID="E31" toText="diagnosis" type="OVERLAP" />
<TLINK id="TL38" fromID="E13" fromText="periampullary adenocarcinoma" toID="E32" toText="proven" type="BEFORE" />
<TLINK id="TL39" fromID="E13" fromText="periampullary adenocarcinoma" toID="E14" toText="EGD directed biopsy" type="BEFORE" />
<TLINK id="TL40" fromID="E13" fromText="periampullary adenocarcinoma" toID="E15" toText="a left renal mass" type="AFTER" />
<TLINK id="TL41" fromID="E13" fromText="periampullary adenocarcinoma" toID="E33" toText="biopsied" type="OVERLAP" />
<TLINK id="TL42" fromID="E13" fromText="periampullary adenocarcinoma" toID="E16" toText="an oncocytoma" type="AFTER" />
<TLINK id="TL43" fromID="E32" fromText="proven" toID="E14" toText="EGD directed biopsy" type="OVERLAP" />
<TLINK id="TL44" fromID="E32" fromText="proven" toID="E15" toText="a left renal mass" type="AFTER" />
<TLINK id="TL45" fromID="E32" fromText="proven" toID="E33" toText="biopsied" type="AFTER" />
<TLINK id="TL46" fromID="E32" fromText="proven" toID="E16" toText="an oncocytoma" type="AFTER" />
<TLINK id="TL47" fromID="T6" fromText="that time" toID="E32" toText="proven" type="BEFORE" />
<TLINK id="TL48" fromID="E14" fromText="EGD directed biopsy" toID="E15" toText="a left renal mass" type="AFTER" />
<TLINK id="TL49" fromID="E14" fromText="EGD directed biopsy" toID="E33" toText="biopsied" type="OVERLAP" />
<TLINK id="TL50" fromID="E14" fromText="EGD directed biopsy" toID="E16" toText="an oncocytoma" type="AFTER" />
<TLINK id="TL51" fromID="T6" fromText="that time" toID="E14" toText="EGD directed biopsy" type="BEFORE" />
<TLINK id="TL52" fromID="E15" fromText="a left renal mass" toID="E33" toText="biopsied" type="OVERLAP" />
<TLINK id="TL53" fromID="E15" fromText="a left renal mass" toID="E16" toText="an oncocytoma" type="OVERLAP" />
<TLINK id="TL54" fromID="T6" fromText="that time" toID="E15" toText="a left renal mass" type="AFTER" />
<TLINK id="TL55" fromID="E33" fromText="biopsied" toID="E16" toText="an oncocytoma" type="AFTER" />
<TLINK id="TL56" fromID="T6" fromText="that time" toID="E33" toText="biopsied" type="BEFORE" />
<TLINK id="TL57" fromID="T6" fromText="that time" toID="E16" toText="an oncocytoma" type="BEFORE" />
<TLINK id="TL58" fromID="E17" fromText="a Whipple procedure" toID="E18" toText="complications" type="OVERLAP" />
<TLINK id="TL59" fromID="T7" fromText="7/4/98" toID="E17" toText="a Whipple procedure" type="OVERLAP" />
<TLINK id="TL60" fromID="T7" fromText="7/4/98" toID="E18" toText="complications" type="OVERLAP" />
<TLINK id="TL61" fromID="E34" fromText="extremely well" toID="E21" toText="extubated" type="OVERLAP" />
<TLINK id="TL62" fromID="E34" fromText="extremely well" toID="T8" toText="the following morning" type="BEFORE" />
<TLINK id="TL63" fromID="E21" fromText="extubated" toID="T8" toText="the following morning" type="OVERLAP" />
<TLINK id="TL64" fromID="E19" fromText="The NG tube" toID="T9" toText="postoperative day #2" type="OVERLAP" />
<TLINK id="TL65" fromID="E35" fromText="transferred" toID="E36" toText="the floor" type="BEFORE" />
<TLINK id="TL66" fromID="E35" fromText="transferred" toID="E22" toText="remained" type="AFTER" />
<TLINK id="TL67" fromID="E35" fromText="transferred" toID="E37" toText="the ICU" type="AFTER" />
<TLINK id="TL68" fromID="E35" fromText="transferred" toID="T10" toText="postoperative day #2" type="BEFORE" />
<TLINK id="TL69" fromID="E35" fromText="transferred" toID="T11" toText="postoperative day #3" type="BEFORE" />
<TLINK id="TL70" fromID="E36" fromText="the floor" toID="E22" toText="remained" type="AFTER" />
<TLINK id="TL71" fromID="E36" fromText="the floor" toID="E37" toText="the ICU" type="AFTER" />
<TLINK id="TL72" fromID="E36" fromText="the floor" toID="T10" toText="postoperative day #2" type="OVERLAP" />
<TLINK id="TL73" fromID="E36" fromText="the floor" toID="T11" toText="postoperative day #3" type="BEFORE" />
<TLINK id="TL74" fromID="E22" fromText="remained" toID="E37" toText="the ICU" type="OVERLAP" />
<TLINK id="TL75" fromID="T10" fromText="postoperative day #2" toID="E22" toText="remained" type="AFTER" />
<TLINK id="TL76" fromID="E22" fromText="remained" toID="T11" toText="postoperative day #3" type="BEFORE" />
<TLINK id="TL77" fromID="T10" fromText="postoperative day #2" toID="E37" toText="the ICU" type="AFTER" />
<TLINK id="TL78" fromID="E37" fromText="the ICU" toID="T11" toText="postoperative day #3" type="BEFORE" />
<TLINK id="TL79" fromID="T10" fromText="postoperative day #2" toID="T11" toText="postoperative day #3" type="BEFORE" />
<TLINK id="TL80" fromID="E20" fromText="clear liquids" toID="E39" toText="advanced" type="BEFORE" />
<TLINK id="TL81" fromID="E20" fromText="clear liquids" toID="E40" toText="tolerated" type="OVERLAP" />
<TLINK id="TL82" fromID="T12" fromText="postoperative day #4" toID="E20" toText="clear liquids" type="OVERLAP" />
<TLINK id="TL83" fromID="E20" fromText="clear liquids" toID="T13" toText="postoperative day #6" type="OVERLAP" />
<TLINK id="TL84" fromID="E20" fromText="clear liquids" toID="T14" toText="7" type="OVERLAP" />
<TLINK id="TL85" fromID="E39" fromText="advanced" toID="E40" toText="tolerated" type="OVERLAP" />
<TLINK id="TL86" fromID="T12" fromText="postoperative day #4" toID="E39" toText="advanced" type="BEFORE" />
<TLINK id="TL87" fromID="E39" fromText="advanced" toID="T13" toText="postoperative day #6" type="OVERLAP" />
<TLINK id="TL88" fromID="E39" fromText="advanced" toID="T14" toText="7" type="OVERLAP" />
<TLINK id="TL89" fromID="T12" fromText="postoperative day #4" toID="E40" toText="tolerated" type="BEFORE" />
<TLINK id="TL90" fromID="E40" fromText="tolerated" toID="T13" toText="postoperative day #6" type="OVERLAP" />
<TLINK id="TL91" fromID="E40" fromText="tolerated" toID="T14" toText="7" type="OVERLAP" />
<TLINK id="TL92" fromID="T12" fromText="postoperative day #4" toID="T13" toText="postoperative day #6" type="BEFORE" />
<TLINK id="TL93" fromID="T12" fromText="postoperative day #4" toID="T14" toText="7" type="BEFORE" />
<TLINK id="TL94" fromID="T13" fromText="postoperative day #6" toID="T14" toText="7" type="OVERLAP" />
<TLINK id="TL95" fromID="E41" fromText="out of bed" toID="E42" toText="doing fine" type="OVERLAP" />
<TLINK id="TL96" fromID="E41" fromText="out of bed" toID="E43" toText="a regular diet" type="OVERLAP" />
<TLINK id="TL97" fromID="E41" fromText="out of bed" toID="T15" toText="7/10/98" type="OVERLAP" />
<TLINK id="TL98" fromID="E42" fromText="doing fine" toID="E43" toText="a regular diet" type="OVERLAP" />
<TLINK id="TL99" fromID="E42" fromText="doing fine" toID="T15" toText="7/10/98" type="OVERLAP" />
<TLINK id="TL100" fromID="E43" fromText="a regular diet" toID="T15" toText="7/10/98" type="OVERLAP" />
<TLINK id="TL101" fromID="E23" fromText="discharged" toID="E44" toText="services" type="BEFORE" />
<TLINK id="TL102" fromID="E23" fromText="discharged" toID="E45" toText="stable condition" type="AFTER" />
<TLINK id="TL103" fromID="E44" fromText="services" toID="E45" toText="stable condition" type="AFTER" />
<TLINK id="TL104" fromID="E0" fromText="Admission" toID="T1" toText="07/03/1998" type="BEFORE" />
<TLINK id="TL105" fromID="E0" fromText="Admission" toID="E24" toText="Discharge" type="AFTER" />
<TLINK id="TL106" fromID="E0" fromText="Admission" toID="T2" toText="07/10/1998" type="BEFORE" />
<TLINK id="TL107" fromID="E0" fromText="Admission" toID="E25" toText="his usual state of health" type="AFTER" />
<TLINK id="TL108" fromID="E0" fromText="Admission" toID="E26" toText="admission" type="AFTER" />
<TLINK id="TL109" fromID="E0" fromText="Admission" toID="E1" toText="epigastric pain" type="AFTER" />
<TLINK id="TL110" fromID="E0" fromText="Admission" toID="T0" toText="two weeks" type="AFTER" />
<TLINK id="TL111" fromID="E0" fromText="Admission" toID="E2" toText="dizzy" type="AFTER" />
<TLINK id="TL112" fromID="E0" fromText="Admission" toID="E27" toText="Eifro Medical Center" type="AFTER" />
<TLINK id="TL113" fromID="E0" fromText="Admission" toID="E3" toText="elevated bilirubins , alkaline phosphatase , and transaminases" type="AFTER" />
<TLINK id="TL114" fromID="E0" fromText="Admission" toID="T3" toText="The next morning" type="AFTER" />
<TLINK id="TL115" fromID="E0" fromText="Admission" toID="E28" toText="reported" type="AFTER" />
<TLINK id="TL116" fromID="E0" fromText="Admission" toID="E4" toText="fatigue" type="AFTER" />
<TLINK id="TL117" fromID="E0" fromText="Admission" toID="E5" toText="nausea" type="AFTER" />
<TLINK id="TL118" fromID="E0" fromText="Admission" toID="E6" toText="coca cola colored urine" type="AFTER" />
<TLINK id="TL119" fromID="E0" fromText="Admission" toID="E7" toText="constipated" type="AFTER" />
<TLINK id="TL120" fromID="E0" fromText="Admission" toID="E8" toText="hard stool" type="AFTER" />
<TLINK id="TL121" fromID="E0" fromText="Admission" toID="E9" toText="bright red blood per rectum" type="AFTER" />
<TLINK id="TL122" fromID="E0" fromText="Admission" toID="E38" toText="reported" type="AFTER" />
<TLINK id="TL123" fromID="E0" fromText="Admission" toID="E10" toText="an 18 lb weight loss" type="AFTER" />
<TLINK id="TL124" fromID="E0" fromText="Admission" toID="T4" toText="4-5 months" type="AFTER" />
<TLINK id="TL125" fromID="E0" fromText="Admission" toID="E30" toText="admitted" type="AFTER" />
<TLINK id="TL126" fromID="E0" fromText="Admission" toID="E12" toText="The patient &amp;apos;s workup up" type="BEFORE" />
<TLINK id="TL127" fromID="E0" fromText="Admission" toID="E31" toText="diagnosis" type="AFTER" />
<TLINK id="TL128" fromID="E0" fromText="Admission" toID="E13" toText="periampullary adenocarcinoma" type="AFTER" />
<TLINK id="TL129" fromID="E0" fromText="Admission" toID="E14" toText="EGD directed biopsy" type="BEFORE" />
<TLINK id="TL130" fromID="E0" fromText="Admission" toID="E15" toText="a left renal mass" type="AFTER" />
<TLINK id="TL131" fromID="E0" fromText="Admission" toID="T6" toText="that time" type="BEFORE" />
<TLINK id="TL132" fromID="E0" fromText="Admission" toID="E18" toText="complications" type="BEFORE" />
<TLINK id="TL133" fromID="E0" fromText="Admission" toID="E34" toText="extremely well" type="BEFORE" />
<TLINK id="TL134" fromID="E0" fromText="Admission" toID="E35" toText="transferred" type="BEFORE" />
<TLINK id="TL135" fromID="E0" fromText="Admission" toID="T11" toText="postoperative day #3" type="BEFORE" />
<TLINK id="TL136" fromID="E0" fromText="Admission" toID="E41" toText="out of bed" type="BEFORE" />
<TLINK id="TL137" fromID="E0" fromText="Admission" toID="E42" toText="doing fine" type="BEFORE" />
<TLINK id="TL138" fromID="E0" fromText="Admission" toID="E43" toText="a regular diet" type="BEFORE" />
<TLINK id="TL139" fromID="E0" fromText="Admission" toID="E23" toText="discharged" type="BEFORE" />
<TLINK id="TL140" fromID="E0" fromText="Admission" toID="E44" toText="services" type="BEFORE" />
<TLINK id="TL141" fromID="T1" fromText="07/03/1998" toID="E24" toText="Discharge" type="BEFORE" />
<TLINK id="TL142" fromID="T1" fromText="07/03/1998" toID="T2" toText="07/10/1998" type="BEFORE" />
<TLINK id="TL143" fromID="T1" fromText="07/03/1998" toID="E25" toText="his usual state of health" type="AFTER" />
<TLINK id="TL144" fromID="T1" fromText="07/03/1998" toID="E26" toText="admission" type="AFTER" />
<TLINK id="TL145" fromID="T1" fromText="07/03/1998" toID="E1" toText="epigastric pain" type="AFTER" />
<TLINK id="TL146" fromID="T1" fromText="07/03/1998" toID="T0" toText="two weeks" type="AFTER" />
<TLINK id="TL147" fromID="T1" fromText="07/03/1998" toID="E2" toText="dizzy" type="AFTER" />
<TLINK id="TL148" fromID="T1" fromText="07/03/1998" toID="E27" toText="Eifro Medical Center" type="AFTER" />
<TLINK id="TL149" fromID="T1" fromText="07/03/1998" toID="E3" toText="elevated bilirubins , alkaline phosphatase , and transaminases" type="AFTER" />
<TLINK id="TL150" fromID="T1" fromText="07/03/1998" toID="T3" toText="The next morning" type="AFTER" />
<TLINK id="TL151" fromID="T1" fromText="07/03/1998" toID="E28" toText="reported" type="AFTER" />
<TLINK id="TL152" fromID="T1" fromText="07/03/1998" toID="E4" toText="fatigue" type="AFTER" />
<TLINK id="TL153" fromID="T1" fromText="07/03/1998" toID="E5" toText="nausea" type="AFTER" />
<TLINK id="TL154" fromID="T1" fromText="07/03/1998" toID="E6" toText="coca cola colored urine" type="AFTER" />
<TLINK id="TL155" fromID="T1" fromText="07/03/1998" toID="E7" toText="constipated" type="AFTER" />
<TLINK id="TL156" fromID="T1" fromText="07/03/1998" toID="E8" toText="hard stool" type="AFTER" />
<TLINK id="TL157" fromID="T1" fromText="07/03/1998" toID="E9" toText="bright red blood per rectum" type="AFTER" />
<TLINK id="TL158" fromID="T1" fromText="07/03/1998" toID="E38" toText="reported" type="AFTER" />
<TLINK id="TL159" fromID="T1" fromText="07/03/1998" toID="E10" toText="an 18 lb weight loss" type="AFTER" />
<TLINK id="TL160" fromID="T1" fromText="07/03/1998" toID="T4" toText="4-5 months" type="AFTER" />
<TLINK id="TL161" fromID="T1" fromText="07/03/1998" toID="E30" toText="admitted" type="AFTER" />
<TLINK id="TL162" fromID="T1" fromText="07/03/1998" toID="E11" toText="surgery" type="AFTER" />
<TLINK id="TL163" fromID="T1" fromText="07/03/1998" toID="E12" toText="The patient &amp;apos;s workup up" type="AFTER" />
<TLINK id="TL164" fromID="T1" fromText="07/03/1998" toID="E31" toText="diagnosis" type="AFTER" />
<TLINK id="TL165" fromID="T1" fromText="07/03/1998" toID="E13" toText="periampullary adenocarcinoma" type="AFTER" />
<TLINK id="TL166" fromID="T1" fromText="07/03/1998" toID="E32" toText="proven" type="AFTER" />
<TLINK id="TL167" fromID="T1" fromText="07/03/1998" toID="E14" toText="EGD directed biopsy" type="AFTER" />
<TLINK id="TL168" fromID="T1" fromText="07/03/1998" toID="E15" toText="a left renal mass" type="AFTER" />
<TLINK id="TL169" fromID="T1" fromText="07/03/1998" toID="E33" toText="biopsied" type="AFTER" />
<TLINK id="TL170" fromID="T1" fromText="07/03/1998" toID="E16" toText="an oncocytoma" type="AFTER" />
<TLINK id="TL171" fromID="T1" fromText="07/03/1998" toID="T6" toText="that time" type="BEFORE" />
<TLINK id="TL172" fromID="T1" fromText="07/03/1998" toID="E17" toText="a Whipple procedure" type="AFTER" />
<TLINK id="TL173" fromID="T1" fromText="07/03/1998" toID="E18" toText="complications" type="AFTER" />
<TLINK id="TL174" fromID="T1" fromText="07/03/1998" toID="E34" toText="extremely well" type="AFTER" />
<TLINK id="TL175" fromID="T1" fromText="07/03/1998" toID="E19" toText="The NG tube" type="AFTER" />
<TLINK id="TL176" fromID="T1" fromText="07/03/1998" toID="E35" toText="transferred" type="BEFORE" />
<TLINK id="TL177" fromID="T1" fromText="07/03/1998" toID="E36" toText="the floor" type="AFTER" />
<TLINK id="TL178" fromID="T1" fromText="07/03/1998" toID="E37" toText="the ICU" type="AFTER" />
<TLINK id="TL179" fromID="T1" fromText="07/03/1998" toID="T11" toText="postoperative day #3" type="BEFORE" />
<TLINK id="TL180" fromID="T1" fromText="07/03/1998" toID="E41" toText="out of bed" type="AFTER" />
<TLINK id="TL181" fromID="T1" fromText="07/03/1998" toID="E42" toText="doing fine" type="AFTER" />
<TLINK id="TL182" fromID="T1" fromText="07/03/1998" toID="E43" toText="a regular diet" type="AFTER" />
<TLINK id="TL183" fromID="T1" fromText="07/03/1998" toID="E23" toText="discharged" type="BEFORE" />
<TLINK id="TL184" fromID="T1" fromText="07/03/1998" toID="E44" toText="services" type="BEFORE" />
<TLINK id="TL185" fromID="E24" fromText="Discharge" toID="T2" toText="07/10/1998" type="OVERLAP" />
<TLINK id="TL186" fromID="E24" fromText="Discharge" toID="E25" toText="his usual state of health" type="AFTER" />
<TLINK id="TL187" fromID="E24" fromText="Discharge" toID="E26" toText="admission" type="AFTER" />
<TLINK id="TL188" fromID="E24" fromText="Discharge" toID="E1" toText="epigastric pain" type="BEFORE" />
<TLINK id="TL189" fromID="E24" fromText="Discharge" toID="T0" toText="two weeks" type="AFTER" />
<TLINK id="TL190" fromID="E24" fromText="Discharge" toID="E2" toText="dizzy" type="BEFORE" />
<TLINK id="TL191" fromID="E24" fromText="Discharge" toID="E27" toText="Eifro Medical Center" type="AFTER" />
<TLINK id="TL192" fromID="E24" fromText="Discharge" toID="E3" toText="elevated bilirubins , alkaline phosphatase , and transaminases" type="BEFORE" />
<TLINK id="TL193" fromID="E24" fromText="Discharge" toID="T3" toText="The next morning" type="AFTER" />
<TLINK id="TL194" fromID="E24" fromText="Discharge" toID="E28" toText="reported" type="AFTER" />
<TLINK id="TL195" fromID="E24" fromText="Discharge" toID="E4" toText="fatigue" type="BEFORE" />
<TLINK id="TL196" fromID="E24" fromText="Discharge" toID="E5" toText="nausea" type="BEFORE" />
<TLINK id="TL197" fromID="E24" fromText="Discharge" toID="E6" toText="coca cola colored urine" type="BEFORE" />
<TLINK id="TL198" fromID="E24" fromText="Discharge" toID="E7" toText="constipated" type="AFTER" />
<TLINK id="TL199" fromID="E24" fromText="Discharge" toID="E8" toText="hard stool" type="BEFORE" />
<TLINK id="TL200" fromID="E24" fromText="Discharge" toID="E9" toText="bright red blood per rectum" type="BEFORE" />
<TLINK id="TL201" fromID="E24" fromText="Discharge" toID="E38" toText="reported" type="AFTER" />
<TLINK id="TL202" fromID="E24" fromText="Discharge" toID="E10" toText="an 18 lb weight loss" type="AFTER" />
<TLINK id="TL203" fromID="E24" fromText="Discharge" toID="T4" toText="4-5 months" type="AFTER" />
<TLINK id="TL204" fromID="E24" fromText="Discharge" toID="E30" toText="admitted" type="AFTER" />
<TLINK id="TL205" fromID="E24" fromText="Discharge" toID="E11" toText="surgery" type="AFTER" />
<TLINK id="TL206" fromID="E24" fromText="Discharge" toID="T5" toText="7/4/98" type="AFTER" />
<TLINK id="TL207" fromID="E24" fromText="Discharge" toID="E12" toText="The patient &amp;apos;s workup up" type="AFTER" />
<TLINK id="TL208" fromID="E24" fromText="Discharge" toID="E31" toText="diagnosis" type="AFTER" />
<TLINK id="TL209" fromID="E24" fromText="Discharge" toID="E13" toText="periampullary adenocarcinoma" type="BEFORE" />
<TLINK id="TL210" fromID="E24" fromText="Discharge" toID="E32" toText="proven" type="AFTER" />
<TLINK id="TL211" fromID="E24" fromText="Discharge" toID="E14" toText="EGD directed biopsy" type="AFTER" />
<TLINK id="TL212" fromID="E24" fromText="Discharge" toID="E15" toText="a left renal mass" type="AFTER" />
<TLINK id="TL213" fromID="E24" fromText="Discharge" toID="E33" toText="biopsied" type="AFTER" />
<TLINK id="TL214" fromID="E24" fromText="Discharge" toID="E16" toText="an oncocytoma" type="AFTER" />
<TLINK id="TL215" fromID="E24" fromText="Discharge" toID="T6" toText="that time" type="AFTER" />
<TLINK id="TL216" fromID="E24" fromText="Discharge" toID="E17" toText="a Whipple procedure" type="AFTER" />
<TLINK id="TL217" fromID="E24" fromText="Discharge" toID="E18" toText="complications" type="AFTER" />
<TLINK id="TL218" fromID="E24" fromText="Discharge" toID="T7" toText="7/4/98" type="AFTER" />
<TLINK id="TL219" fromID="E24" fromText="Discharge" toID="E34" toText="extremely well" type="AFTER" />
<TLINK id="TL220" fromID="E24" fromText="Discharge" toID="E21" toText="extubated" type="AFTER" />
<TLINK id="TL221" fromID="E24" fromText="Discharge" toID="T8" toText="the following morning" type="AFTER" />
<TLINK id="TL222" fromID="E24" fromText="Discharge" toID="E19" toText="The NG tube" type="AFTER" />
<TLINK id="TL223" fromID="E24" fromText="Discharge" toID="T9" toText="postoperative day #2" type="AFTER" />
<TLINK id="TL224" fromID="E24" fromText="Discharge" toID="E35" toText="transferred" type="AFTER" />
<TLINK id="TL225" fromID="E24" fromText="Discharge" toID="E36" toText="the floor" type="AFTER" />
<TLINK id="TL226" fromID="E24" fromText="Discharge" toID="E22" toText="remained" type="AFTER" />
<TLINK id="TL227" fromID="E24" fromText="Discharge" toID="E37" toText="the ICU" type="AFTER" />
<TLINK id="TL228" fromID="E24" fromText="Discharge" toID="T10" toText="postoperative day #2" type="AFTER" />
<TLINK id="TL229" fromID="E24" fromText="Discharge" toID="T11" toText="postoperative day #3" type="AFTER" />
<TLINK id="TL230" fromID="E24" fromText="Discharge" toID="E20" toText="clear liquids" type="AFTER" />
<TLINK id="TL231" fromID="E24" fromText="Discharge" toID="E39" toText="advanced" type="AFTER" />
<TLINK id="TL232" fromID="E24" fromText="Discharge" toID="E40" toText="tolerated" type="AFTER" />
<TLINK id="TL233" fromID="E24" fromText="Discharge" toID="T12" toText="postoperative day #4" type="AFTER" />
<TLINK id="TL234" fromID="E24" fromText="Discharge" toID="T13" toText="postoperative day #6" type="AFTER" />
<TLINK id="TL235" fromID="E24" fromText="Discharge" toID="T14" toText="7" type="AFTER" />
<TLINK id="TL236" fromID="E24" fromText="Discharge" toID="E41" toText="out of bed" type="AFTER" />
<TLINK id="TL237" fromID="E24" fromText="Discharge" toID="E42" toText="doing fine" type="AFTER" />
<TLINK id="TL238" fromID="E24" fromText="Discharge" toID="E43" toText="a regular diet" type="AFTER" />
<TLINK id="TL239" fromID="E24" fromText="Discharge" toID="T15" toText="7/10/98" type="AFTER" />
<TLINK id="TL240" fromID="E24" fromText="Discharge" toID="E23" toText="discharged" type="AFTER" />
<TLINK id="TL241" fromID="E24" fromText="Discharge" toID="E44" toText="services" type="AFTER" />
<TLINK id="TL242" fromID="E24" fromText="Discharge" toID="E45" toText="stable condition" type="AFTER" />
<TLINK id="TL243" fromID="T2" fromText="07/10/1998" toID="E25" toText="his usual state of health" type="AFTER" />
<TLINK id="TL244" fromID="T2" fromText="07/10/1998" toID="E26" toText="admission" type="AFTER" />
<TLINK id="TL245" fromID="T2" fromText="07/10/1998" toID="E1" toText="epigastric pain" type="AFTER" />
<TLINK id="TL246" fromID="T2" fromText="07/10/1998" toID="T0" toText="two weeks" type="AFTER" />
<TLINK id="TL247" fromID="T2" fromText="07/10/1998" toID="E2" toText="dizzy" type="AFTER" />
<TLINK id="TL248" fromID="T2" fromText="07/10/1998" toID="E27" toText="Eifro Medical Center" type="AFTER" />
<TLINK id="TL249" fromID="T2" fromText="07/10/1998" toID="E3" toText="elevated bilirubins , alkaline phosphatase , and transaminases" type="AFTER" />
<TLINK id="TL250" fromID="T2" fromText="07/10/1998" toID="T3" toText="The next morning" type="AFTER" />
<TLINK id="TL251" fromID="T2" fromText="07/10/1998" toID="E28" toText="reported" type="AFTER" />
<TLINK id="TL252" fromID="T2" fromText="07/10/1998" toID="E4" toText="fatigue" type="AFTER" />
<TLINK id="TL253" fromID="T2" fromText="07/10/1998" toID="E5" toText="nausea" type="AFTER" />
<TLINK id="TL254" fromID="T2" fromText="07/10/1998" toID="E6" toText="coca cola colored urine" type="AFTER" />
<TLINK id="TL255" fromID="T2" fromText="07/10/1998" toID="E7" toText="constipated" type="AFTER" />
<TLINK id="TL256" fromID="T2" fromText="07/10/1998" toID="E8" toText="hard stool" type="AFTER" />
<TLINK id="TL257" fromID="T2" fromText="07/10/1998" toID="E9" toText="bright red blood per rectum" type="AFTER" />
<TLINK id="TL258" fromID="T2" fromText="07/10/1998" toID="E38" toText="reported" type="AFTER" />
<TLINK id="TL259" fromID="T2" fromText="07/10/1998" toID="E10" toText="an 18 lb weight loss" type="AFTER" />
<TLINK id="TL260" fromID="T2" fromText="07/10/1998" toID="T4" toText="4-5 months" type="AFTER" />
<TLINK id="TL261" fromID="T2" fromText="07/10/1998" toID="E30" toText="admitted" type="AFTER" />
<TLINK id="TL262" fromID="T2" fromText="07/10/1998" toID="E11" toText="surgery" type="AFTER" />
<TLINK id="TL263" fromID="T2" fromText="07/10/1998" toID="E12" toText="The patient &amp;apos;s workup up" type="AFTER" />
<TLINK id="TL264" fromID="T2" fromText="07/10/1998" toID="E31" toText="diagnosis" type="AFTER" />
<TLINK id="TL265" fromID="T2" fromText="07/10/1998" toID="E13" toText="periampullary adenocarcinoma" type="AFTER" />
<TLINK id="TL266" fromID="T2" fromText="07/10/1998" toID="E32" toText="proven" type="AFTER" />
<TLINK id="TL267" fromID="T2" fromText="07/10/1998" toID="E14" toText="EGD directed biopsy" type="AFTER" />
<TLINK id="TL268" fromID="T2" fromText="07/10/1998" toID="E15" toText="a left renal mass" type="AFTER" />
<TLINK id="TL269" fromID="T2" fromText="07/10/1998" toID="E33" toText="biopsied" type="AFTER" />
<TLINK id="TL270" fromID="T2" fromText="07/10/1998" toID="E16" toText="an oncocytoma" type="AFTER" />
<TLINK id="TL271" fromID="T2" fromText="07/10/1998" toID="T6" toText="that time" type="BEFORE" />
<TLINK id="TL272" fromID="T2" fromText="07/10/1998" toID="E17" toText="a Whipple procedure" type="AFTER" />
<TLINK id="TL273" fromID="T2" fromText="07/10/1998" toID="E18" toText="complications" type="AFTER" />
<TLINK id="TL274" fromID="T2" fromText="07/10/1998" toID="E34" toText="extremely well" type="AFTER" />
<TLINK id="TL275" fromID="T2" fromText="07/10/1998" toID="E21" toText="extubated" type="AFTER" />
<TLINK id="TL276" fromID="T2" fromText="07/10/1998" toID="E19" toText="The NG tube" type="AFTER" />
<TLINK id="TL277" fromID="T2" fromText="07/10/1998" toID="E35" toText="transferred" type="BEFORE" />
<TLINK id="TL278" fromID="T2" fromText="07/10/1998" toID="E36" toText="the floor" type="AFTER" />
<TLINK id="TL279" fromID="T2" fromText="07/10/1998" toID="E22" toText="remained" type="AFTER" />
<TLINK id="TL280" fromID="T2" fromText="07/10/1998" toID="E37" toText="the ICU" type="AFTER" />
<TLINK id="TL281" fromID="T2" fromText="07/10/1998" toID="T11" toText="postoperative day #3" type="BEFORE" />
<TLINK id="TL282" fromID="T2" fromText="07/10/1998" toID="E41" toText="out of bed" type="AFTER" />
<TLINK id="TL283" fromID="T2" fromText="07/10/1998" toID="E42" toText="doing fine" type="AFTER" />
<TLINK id="TL284" fromID="T2" fromText="07/10/1998" toID="E43" toText="a regular diet" type="AFTER" />
<TLINK id="TL285" fromID="T2" fromText="07/10/1998" toID="E23" toText="discharged" type="BEFORE" />
<TLINK id="TL286" fromID="T2" fromText="07/10/1998" toID="E44" toText="services" type="AFTER" />
<TLINK id="TL287" fromID="E25" fromText="his usual state of health" toID="E27" toText="Eifro Medical Center" type="BEFORE" />
<TLINK id="TL288" fromID="E26" fromText="admission" toID="E2" toText="dizzy" type="AFTER" />
<TLINK id="TL289" fromID="E26" fromText="admission" toID="E27" toText="Eifro Medical Center" type="BEFORE" />
<TLINK id="TL290" fromID="E26" fromText="admission" toID="T3" toText="The next morning" type="BEFORE" />
<TLINK id="TL291" fromID="E1" fromText="epigastric pain" toID="E27" toText="Eifro Medical Center" type="BEFORE" />
<TLINK id="TL292" fromID="E1" fromText="epigastric pain" toID="T3" toText="The next morning" type="BEFORE" />
<TLINK id="TL293" fromID="T0" fromText="two weeks" toID="E27" toText="Eifro Medical Center" type="BEFORE" />
<TLINK id="TL294" fromID="T0" fromText="two weeks" toID="T3" toText="The next morning" type="BEFORE" />
<TLINK id="TL295" fromID="E25" fromText="his usual state of health" toID="E28" toText="reported" type="BEFORE" />
<TLINK id="TL296" fromID="E26" fromText="admission" toID="E28" toText="reported" type="BEFORE" />
<TLINK id="TL297" fromID="E26" fromText="admission" toID="E4" toText="fatigue" type="AFTER" />
<TLINK id="TL298" fromID="E26" fromText="admission" toID="E5" toText="nausea" type="AFTER" />
<TLINK id="TL299" fromID="E1" fromText="epigastric pain" toID="E28" toText="reported" type="BEFORE" />
<TLINK id="TL300" fromID="T0" fromText="two weeks" toID="E28" toText="reported" type="BEFORE" />
<TLINK id="TL301" fromID="E25" fromText="his usual state of health" toID="E7" toText="constipated" type="BEFORE" />
<TLINK id="TL302" fromID="E26" fromText="admission" toID="E7" toText="constipated" type="BEFORE" />
<TLINK id="TL303" fromID="E1" fromText="epigastric pain" toID="E7" toText="constipated" type="BEFORE" />
<TLINK id="TL304" fromID="T0" fromText="two weeks" toID="E7" toText="constipated" type="BEFORE" />
<TLINK id="TL305" fromID="E25" fromText="his usual state of health" toID="E38" toText="reported" type="BEFORE" />
<TLINK id="TL306" fromID="E26" fromText="admission" toID="E38" toText="reported" type="BEFORE" />
<TLINK id="TL307" fromID="E26" fromText="admission" toID="E10" toText="an 18 lb weight loss" type="AFTER" />
<TLINK id="TL308" fromID="E26" fromText="admission" toID="T4" toText="4-5 months" type="AFTER" />
<TLINK id="TL309" fromID="E1" fromText="epigastric pain" toID="E38" toText="reported" type="BEFORE" />
<TLINK id="TL310" fromID="T0" fromText="two weeks" toID="E38" toText="reported" type="BEFORE" />
<TLINK id="TL311" fromID="E25" fromText="his usual state of health" toID="E30" toText="admitted" type="BEFORE" />
<TLINK id="TL312" fromID="E26" fromText="admission" toID="E30" toText="admitted" type="BEFORE" />
<TLINK id="TL313" fromID="E1" fromText="epigastric pain" toID="E30" toText="admitted" type="BEFORE" />
<TLINK id="TL314" fromID="T0" fromText="two weeks" toID="E30" toText="admitted" type="BEFORE" />
<TLINK id="TL315" fromID="E25" fromText="his usual state of health" toID="T6" toText="that time" type="BEFORE" />
<TLINK id="TL316" fromID="E26" fromText="admission" toID="E12" toText="The patient &amp;apos;s workup up" type="BEFORE" />
<TLINK id="TL317" fromID="E26" fromText="admission" toID="E31" toText="diagnosis" type="BEFORE" />
<TLINK id="TL318" fromID="E26" fromText="admission" toID="E13" toText="periampullary adenocarcinoma" type="AFTER" />
<TLINK id="TL319" fromID="E26" fromText="admission" toID="E32" toText="proven" type="BEFORE" />
<TLINK id="TL320" fromID="E26" fromText="admission" toID="E14" toText="EGD directed biopsy" type="BEFORE" />
<TLINK id="TL321" fromID="E26" fromText="admission" toID="T6" toText="that time" type="BEFORE" />
<TLINK id="TL322" fromID="E1" fromText="epigastric pain" toID="E12" toText="The patient &amp;apos;s workup up" type="BEFORE" />
<TLINK id="TL323" fromID="E1" fromText="epigastric pain" toID="E14" toText="EGD directed biopsy" type="BEFORE" />
<TLINK id="TL324" fromID="E1" fromText="epigastric pain" toID="T6" toText="that time" type="BEFORE" />
<TLINK id="TL325" fromID="T0" fromText="two weeks" toID="T6" toText="that time" type="BEFORE" />
<TLINK id="TL326" fromID="E26" fromText="admission" toID="E18" toText="complications" type="BEFORE" />
<TLINK id="TL327" fromID="E25" fromText="his usual state of health" toID="E34" toText="extremely well" type="BEFORE" />
<TLINK id="TL328" fromID="E26" fromText="admission" toID="E34" toText="extremely well" type="BEFORE" />
<TLINK id="TL329" fromID="E1" fromText="epigastric pain" toID="E34" toText="extremely well" type="BEFORE" />
<TLINK id="TL330" fromID="T0" fromText="two weeks" toID="E34" toText="extremely well" type="BEFORE" />
<TLINK id="TL331" fromID="E25" fromText="his usual state of health" toID="E35" toText="transferred" type="BEFORE" />
<TLINK id="TL332" fromID="E26" fromText="admission" toID="E35" toText="transferred" type="BEFORE" />
<TLINK id="TL333" fromID="E26" fromText="admission" toID="T11" toText="postoperative day #3" type="BEFORE" />
<TLINK id="TL334" fromID="E1" fromText="epigastric pain" toID="E35" toText="transferred" type="BEFORE" />
<TLINK id="TL335" fromID="E1" fromText="epigastric pain" toID="T11" toText="postoperative day #3" type="BEFORE" />
<TLINK id="TL336" fromID="T0" fromText="two weeks" toID="E35" toText="transferred" type="BEFORE" />
<TLINK id="TL337" fromID="T0" fromText="two weeks" toID="T11" toText="postoperative day #3" type="BEFORE" />
<TLINK id="TL338" fromID="E26" fromText="admission" toID="E39" toText="advanced" type="BEFORE" />
<TLINK id="TL339" fromID="E26" fromText="admission" toID="E41" toText="out of bed" type="BEFORE" />
<TLINK id="TL340" fromID="E26" fromText="admission" toID="E42" toText="doing fine" type="BEFORE" />
<TLINK id="TL341" fromID="E26" fromText="admission" toID="E43" toText="a regular diet" type="BEFORE" />
<TLINK id="TL342" fromID="E1" fromText="epigastric pain" toID="E43" toText="a regular diet" type="BEFORE" />
<TLINK id="TL343" fromID="E25" fromText="his usual state of health" toID="E23" toText="discharged" type="BEFORE" />
<TLINK id="TL344" fromID="E25" fromText="his usual state of health" toID="E44" toText="services" type="BEFORE" />
<TLINK id="TL345" fromID="E26" fromText="admission" toID="E23" toText="discharged" type="BEFORE" />
<TLINK id="TL346" fromID="E26" fromText="admission" toID="E44" toText="services" type="BEFORE" />
<TLINK id="TL347" fromID="E1" fromText="epigastric pain" toID="E23" toText="discharged" type="BEFORE" />
<TLINK id="TL348" fromID="E1" fromText="epigastric pain" toID="E44" toText="services" type="BEFORE" />
<TLINK id="TL349" fromID="T0" fromText="two weeks" toID="E23" toText="discharged" type="BEFORE" />
<TLINK id="TL350" fromID="T0" fromText="two weeks" toID="E44" toText="services" type="BEFORE" />
<TLINK id="TL351" fromID="E2" fromText="dizzy" toID="E28" toText="reported" type="BEFORE" />
<TLINK id="TL352" fromID="E27" fromText="Eifro Medical Center" toID="E28" toText="reported" type="BEFORE" />
<TLINK id="TL353" fromID="T3" fromText="The next morning" toID="E28" toText="reported" type="BEFORE" />
<TLINK id="TL354" fromID="E2" fromText="dizzy" toID="E7" toText="constipated" type="BEFORE" />
<TLINK id="TL355" fromID="E27" fromText="Eifro Medical Center" toID="E7" toText="constipated" type="BEFORE" />
<TLINK id="TL356" fromID="T3" fromText="The next morning" toID="E7" toText="constipated" type="BEFORE" />
<TLINK id="TL357" fromID="E2" fromText="dizzy" toID="E38" toText="reported" type="BEFORE" />
<TLINK id="TL358" fromID="E27" fromText="Eifro Medical Center" toID="E38" toText="reported" type="BEFORE" />
<TLINK id="TL359" fromID="T3" fromText="The next morning" toID="E38" toText="reported" type="BEFORE" />
<TLINK id="TL360" fromID="E2" fromText="dizzy" toID="E30" toText="admitted" type="BEFORE" />
<TLINK id="TL361" fromID="E27" fromText="Eifro Medical Center" toID="E30" toText="admitted" type="BEFORE" />
<TLINK id="TL362" fromID="T3" fromText="The next morning" toID="E30" toText="admitted" type="BEFORE" />
<TLINK id="TL363" fromID="E2" fromText="dizzy" toID="E12" toText="The patient &amp;apos;s workup up" type="BEFORE" />
<TLINK id="TL364" fromID="E2" fromText="dizzy" toID="E31" toText="diagnosis" type="BEFORE" />
<TLINK id="TL365" fromID="E2" fromText="dizzy" toID="E14" toText="EGD directed biopsy" type="BEFORE" />
<TLINK id="TL366" fromID="E2" fromText="dizzy" toID="T6" toText="that time" type="BEFORE" />
<TLINK id="TL367" fromID="E27" fromText="Eifro Medical Center" toID="E14" toText="EGD directed biopsy" type="BEFORE" />
<TLINK id="TL368" fromID="E27" fromText="Eifro Medical Center" toID="T6" toText="that time" type="BEFORE" />
<TLINK id="TL369" fromID="T3" fromText="The next morning" toID="T6" toText="that time" type="BEFORE" />
<TLINK id="TL370" fromID="E2" fromText="dizzy" toID="E18" toText="complications" type="BEFORE" />
<TLINK id="TL371" fromID="E2" fromText="dizzy" toID="E34" toText="extremely well" type="BEFORE" />
<TLINK id="TL372" fromID="E27" fromText="Eifro Medical Center" toID="E34" toText="extremely well" type="BEFORE" />
<TLINK id="TL373" fromID="T3" fromText="The next morning" toID="E34" toText="extremely well" type="BEFORE" />
<TLINK id="TL374" fromID="E2" fromText="dizzy" toID="E35" toText="transferred" type="BEFORE" />
<TLINK id="TL375" fromID="E2" fromText="dizzy" toID="T11" toText="postoperative day #3" type="BEFORE" />
<TLINK id="TL376" fromID="E27" fromText="Eifro Medical Center" toID="E35" toText="transferred" type="BEFORE" />
<TLINK id="TL377" fromID="E27" fromText="Eifro Medical Center" toID="T11" toText="postoperative day #3" type="BEFORE" />
<TLINK id="TL378" fromID="T3" fromText="The next morning" toID="E35" toText="transferred" type="BEFORE" />
<TLINK id="TL379" fromID="T3" fromText="The next morning" toID="T11" toText="postoperative day #3" type="BEFORE" />
<TLINK id="TL380" fromID="E2" fromText="dizzy" toID="E41" toText="out of bed" type="BEFORE" />
<TLINK id="TL381" fromID="E2" fromText="dizzy" toID="E42" toText="doing fine" type="BEFORE" />
<TLINK id="TL382" fromID="E2" fromText="dizzy" toID="E43" toText="a regular diet" type="BEFORE" />
<TLINK id="TL383" fromID="E27" fromText="Eifro Medical Center" toID="E43" toText="a regular diet" type="BEFORE" />
<TLINK id="TL384" fromID="E2" fromText="dizzy" toID="E23" toText="discharged" type="AFTER" />
<TLINK id="TL385" fromID="E2" fromText="dizzy" toID="E44" toText="services" type="BEFORE" />
<TLINK id="TL386" fromID="E27" fromText="Eifro Medical Center" toID="E23" toText="discharged" type="BEFORE" />
<TLINK id="TL387" fromID="E27" fromText="Eifro Medical Center" toID="E44" toText="services" type="BEFORE" />
<TLINK id="TL388" fromID="E3" fromText="elevated bilirubins , alkaline phosphatase , and transaminases" toID="E23" toText="discharged" type="AFTER" />
<TLINK id="TL389" fromID="T3" fromText="The next morning" toID="E23" toText="discharged" type="BEFORE" />
<TLINK id="TL390" fromID="T3" fromText="The next morning" toID="E44" toText="services" type="BEFORE" />
<TLINK id="TL391" fromID="E28" fromText="reported" toID="E7" toText="constipated" type="AFTER" />
<TLINK id="TL392" fromID="E28" fromText="reported" toID="E8" toText="hard stool" type="AFTER" />
<TLINK id="TL393" fromID="E28" fromText="reported" toID="E9" toText="bright red blood per rectum" type="AFTER" />
<TLINK id="TL394" fromID="E4" fromText="fatigue" toID="E7" toText="constipated" type="BEFORE" />
<TLINK id="TL395" fromID="E5" fromText="nausea" toID="E7" toText="constipated" type="BEFORE" />
<TLINK id="TL396" fromID="E6" fromText="coca cola colored urine" toID="E7" toText="constipated" type="BEFORE" />
<TLINK id="TL397" fromID="E28" fromText="reported" toID="E38" toText="reported" type="BEFORE" />
<TLINK id="TL398" fromID="E28" fromText="reported" toID="E10" toText="an 18 lb weight loss" type="AFTER" />
<TLINK id="TL399" fromID="E28" fromText="reported" toID="T4" toText="4-5 months" type="AFTER" />
<TLINK id="TL400" fromID="E4" fromText="fatigue" toID="E38" toText="reported" type="BEFORE" />
<TLINK id="TL401" fromID="E5" fromText="nausea" toID="E38" toText="reported" type="BEFORE" />
<TLINK id="TL402" fromID="E6" fromText="coca cola colored urine" toID="E38" toText="reported" type="BEFORE" />
<TLINK id="TL403" fromID="E28" fromText="reported" toID="E30" toText="admitted" type="BEFORE" />
<TLINK id="TL404" fromID="E4" fromText="fatigue" toID="E30" toText="admitted" type="BEFORE" />
<TLINK id="TL405" fromID="E5" fromText="nausea" toID="E30" toText="admitted" type="BEFORE" />
<TLINK id="TL406" fromID="E6" fromText="coca cola colored urine" toID="E30" toText="admitted" type="BEFORE" />
<TLINK id="TL407" fromID="E28" fromText="reported" toID="E31" toText="diagnosis" type="AFTER" />
<TLINK id="TL408" fromID="E28" fromText="reported" toID="E13" toText="periampullary adenocarcinoma" type="AFTER" />
<TLINK id="TL409" fromID="E28" fromText="reported" toID="E15" toText="a left renal mass" type="AFTER" />
<TLINK id="TL410" fromID="E28" fromText="reported" toID="T6" toText="that time" type="BEFORE" />
<TLINK id="TL411" fromID="E4" fromText="fatigue" toID="E14" toText="EGD directed biopsy" type="BEFORE" />
<TLINK id="TL412" fromID="E4" fromText="fatigue" toID="T6" toText="that time" type="BEFORE" />
<TLINK id="TL413" fromID="E5" fromText="nausea" toID="E14" toText="EGD directed biopsy" type="BEFORE" />
<TLINK id="TL414" fromID="E5" fromText="nausea" toID="T6" toText="that time" type="BEFORE" />
<TLINK id="TL415" fromID="E6" fromText="coca cola colored urine" toID="T6" toText="that time" type="BEFORE" />
<TLINK id="TL416" fromID="E28" fromText="reported" toID="E34" toText="extremely well" type="BEFORE" />
<TLINK id="TL417" fromID="E4" fromText="fatigue" toID="E34" toText="extremely well" type="BEFORE" />
<TLINK id="TL418" fromID="E5" fromText="nausea" toID="E34" toText="extremely well" type="BEFORE" />
<TLINK id="TL419" fromID="E6" fromText="coca cola colored urine" toID="E34" toText="extremely well" type="BEFORE" />
<TLINK id="TL420" fromID="E28" fromText="reported" toID="E35" toText="transferred" type="BEFORE" />
<TLINK id="TL421" fromID="E4" fromText="fatigue" toID="E35" toText="transferred" type="BEFORE" />
<TLINK id="TL422" fromID="E4" fromText="fatigue" toID="T11" toText="postoperative day #3" type="BEFORE" />
<TLINK id="TL423" fromID="E5" fromText="nausea" toID="E35" toText="transferred" type="BEFORE" />
<TLINK id="TL424" fromID="E5" fromText="nausea" toID="T11" toText="postoperative day #3" type="BEFORE" />
<TLINK id="TL425" fromID="E6" fromText="coca cola colored urine" toID="E35" toText="transferred" type="BEFORE" />
<TLINK id="TL426" fromID="E6" fromText="coca cola colored urine" toID="T11" toText="postoperative day #3" type="BEFORE" />
<TLINK id="TL427" fromID="E28" fromText="reported" toID="E23" toText="discharged" type="BEFORE" />
<TLINK id="TL428" fromID="E28" fromText="reported" toID="E44" toText="services" type="BEFORE" />
<TLINK id="TL429" fromID="E4" fromText="fatigue" toID="E23" toText="discharged" type="AFTER" />
<TLINK id="TL430" fromID="E4" fromText="fatigue" toID="E44" toText="services" type="BEFORE" />
<TLINK id="TL431" fromID="E5" fromText="nausea" toID="E23" toText="discharged" type="BEFORE" />
<TLINK id="TL432" fromID="E5" fromText="nausea" toID="E44" toText="services" type="BEFORE" />
<TLINK id="TL433" fromID="E6" fromText="coca cola colored urine" toID="E23" toText="discharged" type="AFTER" />
<TLINK id="TL434" fromID="E6" fromText="coca cola colored urine" toID="E44" toText="services" type="BEFORE" />
<TLINK id="TL435" fromID="E7" fromText="constipated" toID="E38" toText="reported" type="BEFORE" />
<TLINK id="TL436" fromID="E8" fromText="hard stool" toID="E38" toText="reported" type="BEFORE" />
<TLINK id="TL437" fromID="E9" fromText="bright red blood per rectum" toID="E38" toText="reported" type="BEFORE" />
<TLINK id="TL438" fromID="E7" fromText="constipated" toID="E30" toText="admitted" type="BEFORE" />
<TLINK id="TL439" fromID="E8" fromText="hard stool" toID="E30" toText="admitted" type="BEFORE" />
<TLINK id="TL440" fromID="E9" fromText="bright red blood per rectum" toID="E30" toText="admitted" type="BEFORE" />
<TLINK id="TL441" fromID="E7" fromText="constipated" toID="T6" toText="that time" type="BEFORE" />
<TLINK id="TL442" fromID="E8" fromText="hard stool" toID="E12" toText="The patient &amp;apos;s workup up" type="BEFORE" />
<TLINK id="TL443" fromID="E8" fromText="hard stool" toID="E31" toText="diagnosis" type="BEFORE" />
<TLINK id="TL444" fromID="E8" fromText="hard stool" toID="E14" toText="EGD directed biopsy" type="BEFORE" />
<TLINK id="TL445" fromID="E8" fromText="hard stool" toID="T6" toText="that time" type="BEFORE" />
<TLINK id="TL446" fromID="E9" fromText="bright red blood per rectum" toID="E12" toText="The patient &amp;apos;s workup up" type="BEFORE" />
<TLINK id="TL447" fromID="E9" fromText="bright red blood per rectum" toID="E31" toText="diagnosis" type="BEFORE" />
<TLINK id="TL448" fromID="E9" fromText="bright red blood per rectum" toID="E14" toText="EGD directed biopsy" type="BEFORE" />
<TLINK id="TL449" fromID="E9" fromText="bright red blood per rectum" toID="T6" toText="that time" type="BEFORE" />
<TLINK id="TL450" fromID="E8" fromText="hard stool" toID="E18" toText="complications" type="BEFORE" />
<TLINK id="TL451" fromID="E7" fromText="constipated" toID="E34" toText="extremely well" type="BEFORE" />
<TLINK id="TL452" fromID="E8" fromText="hard stool" toID="E34" toText="extremely well" type="BEFORE" />
<TLINK id="TL453" fromID="E9" fromText="bright red blood per rectum" toID="E34" toText="extremely well" type="BEFORE" />
<TLINK id="TL454" fromID="E7" fromText="constipated" toID="E35" toText="transferred" type="BEFORE" />
<TLINK id="TL455" fromID="E7" fromText="constipated" toID="T11" toText="postoperative day #3" type="BEFORE" />
<TLINK id="TL456" fromID="E8" fromText="hard stool" toID="E35" toText="transferred" type="BEFORE" />
<TLINK id="TL457" fromID="E8" fromText="hard stool" toID="T11" toText="postoperative day #3" type="BEFORE" />
<TLINK id="TL458" fromID="E9" fromText="bright red blood per rectum" toID="E35" toText="transferred" type="BEFORE" />
<TLINK id="TL459" fromID="E9" fromText="bright red blood per rectum" toID="T11" toText="postoperative day #3" type="BEFORE" />
<TLINK id="TL460" fromID="E8" fromText="hard stool" toID="E43" toText="a regular diet" type="BEFORE" />
<TLINK id="TL461" fromID="E9" fromText="bright red blood per rectum" toID="E43" toText="a regular diet" type="BEFORE" />
<TLINK id="TL462" fromID="E7" fromText="constipated" toID="E23" toText="discharged" type="BEFORE" />
<TLINK id="TL463" fromID="E7" fromText="constipated" toID="E44" toText="services" type="BEFORE" />
<TLINK id="TL464" fromID="E8" fromText="hard stool" toID="E23" toText="discharged" type="BEFORE" />
<TLINK id="TL465" fromID="E8" fromText="hard stool" toID="E44" toText="services" type="BEFORE" />
<TLINK id="TL466" fromID="E9" fromText="bright red blood per rectum" toID="E23" toText="discharged" type="BEFORE" />
<TLINK id="TL467" fromID="E9" fromText="bright red blood per rectum" toID="E44" toText="services" type="BEFORE" />
<TLINK id="TL468" fromID="E38" fromText="reported" toID="E30" toText="admitted" type="OVERLAP" />
<TLINK id="TL469" fromID="E10" fromText="an 18 lb weight loss" toID="E30" toText="admitted" type="BEFORE" />
<TLINK id="TL470" fromID="T4" fromText="4-5 months" toID="E30" toText="admitted" type="BEFORE" />
<TLINK id="TL471" fromID="E38" fromText="reported" toID="E31" toText="diagnosis" type="OVERLAP" />
<TLINK id="TL472" fromID="E38" fromText="reported" toID="E13" toText="periampullary adenocarcinoma" type="AFTER" />
<TLINK id="TL473" fromID="E38" fromText="reported" toID="E15" toText="a left renal mass" type="AFTER" />
<TLINK id="TL474" fromID="E38" fromText="reported" toID="T6" toText="that time" type="BEFORE" />
<TLINK id="TL475" fromID="E10" fromText="an 18 lb weight loss" toID="E31" toText="diagnosis" type="OVERLAP" />
<TLINK id="TL476" fromID="E10" fromText="an 18 lb weight loss" toID="E14" toText="EGD directed biopsy" type="BEFORE" />
<TLINK id="TL477" fromID="E10" fromText="an 18 lb weight loss" toID="T6" toText="that time" type="BEFORE" />
<TLINK id="TL478" fromID="T4" fromText="4-5 months" toID="E12" toText="The patient &amp;apos;s workup up" type="BEFORE" />
<TLINK id="TL479" fromID="T4" fromText="4-5 months" toID="E31" toText="diagnosis" type="BEFORE" />
<TLINK id="TL480" fromID="T4" fromText="4-5 months" toID="E14" toText="EGD directed biopsy" type="BEFORE" />
<TLINK id="TL481" fromID="T4" fromText="4-5 months" toID="T6" toText="that time" type="BEFORE" />
<TLINK id="TL482" fromID="T4" fromText="4-5 months" toID="E18" toText="complications" type="BEFORE" />
<TLINK id="TL483" fromID="E38" fromText="reported" toID="E34" toText="extremely well" type="BEFORE" />
<TLINK id="TL484" fromID="E10" fromText="an 18 lb weight loss" toID="E34" toText="extremely well" type="BEFORE" />
<TLINK id="TL485" fromID="T4" fromText="4-5 months" toID="E34" toText="extremely well" type="BEFORE" />
<TLINK id="TL486" fromID="T4" fromText="4-5 months" toID="T8" toText="the following morning" type="BEFORE" />
<TLINK id="TL487" fromID="E38" fromText="reported" toID="E35" toText="transferred" type="BEFORE" />
<TLINK id="TL488" fromID="E38" fromText="reported" toID="T11" toText="postoperative day #3" type="BEFORE" />
<TLINK id="TL489" fromID="E10" fromText="an 18 lb weight loss" toID="E35" toText="transferred" type="BEFORE" />
<TLINK id="TL490" fromID="E10" fromText="an 18 lb weight loss" toID="T11" toText="postoperative day #3" type="BEFORE" />
<TLINK id="TL491" fromID="T4" fromText="4-5 months" toID="E35" toText="transferred" type="BEFORE" />
<TLINK id="TL492" fromID="T4" fromText="4-5 months" toID="T11" toText="postoperative day #3" type="BEFORE" />
<TLINK id="TL493" fromID="T4" fromText="4-5 months" toID="E43" toText="a regular diet" type="BEFORE" />
<TLINK id="TL494" fromID="E38" fromText="reported" toID="E23" toText="discharged" type="BEFORE" />
<TLINK id="TL495" fromID="E38" fromText="reported" toID="E44" toText="services" type="BEFORE" />
<TLINK id="TL496" fromID="E10" fromText="an 18 lb weight loss" toID="E23" toText="discharged" type="BEFORE" />
<TLINK id="TL497" fromID="E10" fromText="an 18 lb weight loss" toID="E44" toText="services" type="BEFORE" />
<TLINK id="TL498" fromID="T4" fromText="4-5 months" toID="E23" toText="discharged" type="BEFORE" />
<TLINK id="TL499" fromID="T4" fromText="4-5 months" toID="E44" toText="services" type="BEFORE" />
<TLINK id="TL500" fromID="E30" fromText="admitted" toID="E31" toText="diagnosis" type="OVERLAP" />
<TLINK id="TL501" fromID="E30" fromText="admitted" toID="E13" toText="periampullary adenocarcinoma" type="AFTER" />
<TLINK id="TL502" fromID="E30" fromText="admitted" toID="T6" toText="that time" type="BEFORE" />
<TLINK id="TL503" fromID="E11" fromText="surgery" toID="E31" toText="diagnosis" type="OVERLAP" />
<TLINK id="TL504" fromID="E11" fromText="surgery" toID="T6" toText="that time" type="BEFORE" />
<TLINK id="TL505" fromID="T5" fromText="7/4/98" toID="E31" toText="diagnosis" type="OVERLAP" />
<TLINK id="TL506" fromID="T5" fromText="7/4/98" toID="E13" toText="periampullary adenocarcinoma" type="AFTER" />
<TLINK id="TL507" fromID="T5" fromText="7/4/98" toID="T6" toText="that time" type="BEFORE" />
<TLINK id="TL508" fromID="E30" fromText="admitted" toID="E34" toText="extremely well" type="BEFORE" />
<TLINK id="TL509" fromID="E11" fromText="surgery" toID="E34" toText="extremely well" type="BEFORE" />
<TLINK id="TL510" fromID="T5" fromText="7/4/98" toID="E34" toText="extremely well" type="BEFORE" />
<TLINK id="TL511" fromID="E30" fromText="admitted" toID="E35" toText="transferred" type="BEFORE" />
<TLINK id="TL512" fromID="E11" fromText="surgery" toID="E35" toText="transferred" type="BEFORE" />
<TLINK id="TL513" fromID="T5" fromText="7/4/98" toID="E35" toText="transferred" type="BEFORE" />
<TLINK id="TL514" fromID="E30" fromText="admitted" toID="E23" toText="discharged" type="BEFORE" />
<TLINK id="TL515" fromID="E30" fromText="admitted" toID="E44" toText="services" type="BEFORE" />
<TLINK id="TL516" fromID="E11" fromText="surgery" toID="E23" toText="discharged" type="BEFORE" />
<TLINK id="TL517" fromID="T5" fromText="7/4/98" toID="E23" toText="discharged" type="BEFORE" />
<TLINK id="TL518" fromID="E31" fromText="diagnosis" toID="E17" toText="a Whipple procedure" type="OVERLAP" />
<TLINK id="TL519" fromID="E13" fromText="periampullary adenocarcinoma" toID="E18" toText="complications" type="BEFORE" />
<TLINK id="TL520" fromID="E12" fromText="The patient &amp;apos;s workup up" toID="E34" toText="extremely well" type="BEFORE" />
<TLINK id="TL521" fromID="E31" fromText="diagnosis" toID="E34" toText="extremely well" type="BEFORE" />
<TLINK id="TL522" fromID="E13" fromText="periampullary adenocarcinoma" toID="E34" toText="extremely well" type="BEFORE" />
<TLINK id="TL523" fromID="E32" fromText="proven" toID="E34" toText="extremely well" type="BEFORE" />
<TLINK id="TL524" fromID="E14" fromText="EGD directed biopsy" toID="E34" toText="extremely well" type="BEFORE" />
<TLINK id="TL525" fromID="E15" fromText="a left renal mass" toID="E34" toText="extremely well" type="BEFORE" />
<TLINK id="TL526" fromID="E16" fromText="an oncocytoma" toID="E34" toText="extremely well" type="BEFORE" />
<TLINK id="TL527" fromID="T6" fromText="that time" toID="E34" toText="extremely well" type="BEFORE" />
<TLINK id="TL528" fromID="E12" fromText="The patient &amp;apos;s workup up" toID="E35" toText="transferred" type="BEFORE" />
<TLINK id="TL529" fromID="E31" fromText="diagnosis" toID="E35" toText="transferred" type="BEFORE" />
<TLINK id="TL530" fromID="E31" fromText="diagnosis" toID="T11" toText="postoperative day #3" type="BEFORE" />
<TLINK id="TL531" fromID="E13" fromText="periampullary adenocarcinoma" toID="E35" toText="transferred" type="BEFORE" />
<TLINK id="TL532" fromID="E13" fromText="periampullary adenocarcinoma" toID="T11" toText="postoperative day #3" type="BEFORE" />
<TLINK id="TL533" fromID="E15" fromText="a left renal mass" toID="E35" toText="transferred" type="BEFORE" />
<TLINK id="TL534" fromID="E15" fromText="a left renal mass" toID="T11" toText="postoperative day #3" type="BEFORE" />
<TLINK id="TL535" fromID="E16" fromText="an oncocytoma" toID="E35" toText="transferred" type="BEFORE" />
<TLINK id="TL536" fromID="T6" fromText="that time" toID="E35" toText="transferred" type="BEFORE" />
<TLINK id="TL537" fromID="E13" fromText="periampullary adenocarcinoma" toID="E43" toText="a regular diet" type="BEFORE" />
<TLINK id="TL538" fromID="E12" fromText="The patient &amp;apos;s workup up" toID="E23" toText="discharged" type="BEFORE" />
<TLINK id="TL539" fromID="E12" fromText="The patient &amp;apos;s workup up" toID="E44" toText="services" type="BEFORE" />
<TLINK id="TL540" fromID="E31" fromText="diagnosis" toID="E23" toText="discharged" type="BEFORE" />
<TLINK id="TL541" fromID="E31" fromText="diagnosis" toID="E44" toText="services" type="BEFORE" />
<TLINK id="TL542" fromID="E13" fromText="periampullary adenocarcinoma" toID="E23" toText="discharged" type="BEFORE" />
<TLINK id="TL543" fromID="E13" fromText="periampullary adenocarcinoma" toID="E44" toText="services" type="BEFORE" />
<TLINK id="TL544" fromID="E32" fromText="proven" toID="E23" toText="discharged" type="BEFORE" />
<TLINK id="TL545" fromID="E14" fromText="EGD directed biopsy" toID="E23" toText="discharged" type="BEFORE" />
<TLINK id="TL546" fromID="E15" fromText="a left renal mass" toID="E23" toText="discharged" type="BEFORE" />
<TLINK id="TL547" fromID="E15" fromText="a left renal mass" toID="E44" toText="services" type="BEFORE" />
<TLINK id="TL548" fromID="E33" fromText="biopsied" toID="E23" toText="discharged" type="BEFORE" />
<TLINK id="TL549" fromID="E16" fromText="an oncocytoma" toID="E23" toText="discharged" type="BEFORE" />
<TLINK id="TL550" fromID="E16" fromText="an oncocytoma" toID="E44" toText="services" type="BEFORE" />
<TLINK id="TL551" fromID="T6" fromText="that time" toID="E23" toText="discharged" type="BEFORE" />
<TLINK id="TL552" fromID="E17" fromText="a Whipple procedure" toID="E34" toText="extremely well" type="BEFORE" />
<TLINK id="TL553" fromID="E17" fromText="a Whipple procedure" toID="T8" toText="the following morning" type="BEFORE" />
<TLINK id="TL554" fromID="E18" fromText="complications" toID="E34" toText="extremely well" type="BEFORE" />
<TLINK id="TL555" fromID="T7" fromText="7/4/98" toID="E34" toText="extremely well" type="BEFORE" />
<TLINK id="TL556" fromID="E17" fromText="a Whipple procedure" toID="E19" toText="The NG tube" type="BEFORE" />
<TLINK id="TL557" fromID="E17" fromText="a Whipple procedure" toID="E35" toText="transferred" type="BEFORE" />
<TLINK id="TL558" fromID="E17" fromText="a Whipple procedure" toID="T11" toText="postoperative day #3" type="BEFORE" />
<TLINK id="TL559" fromID="E18" fromText="complications" toID="E35" toText="transferred" type="BEFORE" />
<TLINK id="TL560" fromID="E18" fromText="complications" toID="T11" toText="postoperative day #3" type="BEFORE" />
<TLINK id="TL561" fromID="T7" fromText="7/4/98" toID="E35" toText="transferred" type="BEFORE" />
<TLINK id="TL562" fromID="E17" fromText="a Whipple procedure" toID="E39" toText="advanced" type="BEFORE" />
<TLINK id="TL563" fromID="E17" fromText="a Whipple procedure" toID="E41" toText="out of bed" type="BEFORE" />
<TLINK id="TL564" fromID="E17" fromText="a Whipple procedure" toID="E42" toText="doing fine" type="BEFORE" />
<TLINK id="TL565" fromID="E17" fromText="a Whipple procedure" toID="E43" toText="a regular diet" type="BEFORE" />
<TLINK id="TL566" fromID="E17" fromText="a Whipple procedure" toID="E23" toText="discharged" type="BEFORE" />
<TLINK id="TL567" fromID="E17" fromText="a Whipple procedure" toID="E44" toText="services" type="BEFORE" />
<TLINK id="TL568" fromID="E18" fromText="complications" toID="E23" toText="discharged" type="BEFORE" />
<TLINK id="TL569" fromID="E18" fromText="complications" toID="E44" toText="services" type="BEFORE" />
<TLINK id="TL570" fromID="T7" fromText="7/4/98" toID="E23" toText="discharged" type="BEFORE" />
<TLINK id="TL571" fromID="E34" fromText="extremely well" toID="E35" toText="transferred" type="BEFORE" />
<TLINK id="TL572" fromID="T8" fromText="the following morning" toID="E35" toText="transferred" type="BEFORE" />
<TLINK id="TL573" fromID="E34" fromText="extremely well" toID="E23" toText="discharged" type="BEFORE" />
<TLINK id="TL574" fromID="E34" fromText="extremely well" toID="E44" toText="services" type="BEFORE" />
<TLINK id="TL575" fromID="E21" fromText="extubated" toID="E23" toText="discharged" type="BEFORE" />
<TLINK id="TL576" fromID="T8" fromText="the following morning" toID="E23" toText="discharged" type="BEFORE" />
<TLINK id="TL577" fromID="E19" fromText="The NG tube" toID="E35" toText="transferred" type="BEFORE" />
<TLINK id="TL578" fromID="E19" fromText="The NG tube" toID="E23" toText="discharged" type="BEFORE" />
<TLINK id="TL579" fromID="E19" fromText="The NG tube" toID="E44" toText="services" type="BEFORE" />
<TLINK id="TL580" fromID="T9" fromText="postoperative day #2" toID="E23" toText="discharged" type="BEFORE" />
<TLINK id="TL581" fromID="E35" fromText="transferred" toID="E23" toText="discharged" type="BEFORE" />
<TLINK id="TL582" fromID="E36" fromText="the floor" toID="E23" toText="discharged" type="BEFORE" />
<TLINK id="TL583" fromID="E36" fromText="the floor" toID="E44" toText="services" type="BEFORE" />
<TLINK id="TL584" fromID="E22" fromText="remained" toID="E23" toText="discharged" type="BEFORE" />
<TLINK id="TL585" fromID="E37" fromText="the ICU" toID="E23" toText="discharged" type="BEFORE" />
<TLINK id="TL586" fromID="E37" fromText="the ICU" toID="E44" toText="services" type="BEFORE" />
<TLINK id="TL587" fromID="T10" fromText="postoperative day #2" toID="E23" toText="discharged" type="BEFORE" />
<TLINK id="TL588" fromID="T11" fromText="postoperative day #3" toID="E23" toText="discharged" type="BEFORE" />
<TLINK id="TL589" fromID="E20" fromText="clear liquids" toID="E23" toText="discharged" type="BEFORE" />
<TLINK id="TL590" fromID="E39" fromText="advanced" toID="E23" toText="discharged" type="BEFORE" />
<TLINK id="TL591" fromID="E40" fromText="tolerated" toID="E23" toText="discharged" type="BEFORE" />
<TLINK id="TL592" fromID="T12" fromText="postoperative day #4" toID="E23" toText="discharged" type="BEFORE" />
<TLINK id="TL593" fromID="T13" fromText="postoperative day #6" toID="E23" toText="discharged" type="BEFORE" />
<TLINK id="TL594" fromID="T13" fromText="postoperative day #6" toID="E44" toText="services" type="BEFORE" />
<TLINK id="TL595" fromID="T14" fromText="7" toID="E23" toText="discharged" type="BEFORE" />
<TLINK id="TL596" fromID="E41" fromText="out of bed" toID="E23" toText="discharged" type="BEFORE" />
<TLINK id="TL597" fromID="E42" fromText="doing fine" toID="E23" toText="discharged" type="BEFORE" />
<TLINK id="TL598" fromID="E43" fromText="a regular diet" toID="E23" toText="discharged" type="BEFORE" />
<TLINK id="TL599" fromID="E43" fromText="a regular diet" toID="E44" toText="services" type="BEFORE" />
<TLINK id="TL600" fromID="T15" fromText="7/10/98" toID="E23" toText="discharged" type="BEFORE" />
<TLINK id="TL601" fromID="T15" fromText="7/10/98" toID="E44" toText="services" type="BEFORE" />
</TAGS>
</ClinicalNarrativeTemporalAnnotation>