<?xml version="1.0" encoding="UTF-8" ?>
<ClinicalNarrativeTemporalAnnotation>
<TEXT><![CDATA[
Admission Date :
2016-05-05
Discharge Date :
2016-06-15
Service :
NEONATOLOGY
HISTORY OF PRESENT ILLNESS :
The patient is a 30 and 08-01 week gestation female , triplet number two , delivered by cesarean section due to progressive preterm labor and triplet gestation .
PERINATAL HISTORY :
Mother is a 29 year-old gravida 4 , para 1 mother , Marian Jane conception , EDC 2016-07-08 .
Prenatal screen , O positive , antibody negative , RPR nonreactive , hepatitis B surface antigen negative , reportedly GBS negative , Rubella immune .
Pregnancy complicated by gestational diabetes mellitus , then possible preterm labor .
Mother presented with abdominal discomfort and vaginal pressure at 23 and 1/7 weeks .
At that time she was admitted and received a full course of betamethasone at 24 weeks and remained in house until delivery .
Mother presented on day of delivery with preterm labor , cervical dilation , therefore delivered by repeat cesarean section .
This triplet required only blow by oxygen and routine care in delivery room .
Apgars were 8 at one minute and 9 at five minutes .
Infant demonstrated mild increased work of breathing in the delivery room .
Infant transported to Neonatal Intensive Care Unit on facial CPAP .
HOSPITAL COURSE :
1. Pulmonary :
On admission the infant required CPAP 6 cm of water , 30% oxygen .
Initial capillary blood gas was pH 7.29 , CO2 47 .
Infant was intubated on day of life two for increased respiratory distress and received one dose of surfactant .
Infant was extubated on day of life four to CPAP and transitioned to room air on day of life six .
The infant has remained in room air throughout the hospitalization .
Caffeine citrate was started on day of life six and was discontinued on 05-23 ( day of life 18 ).
The last apnea and bradycardia was on 06-10 .
2. Cardiovascular :
The infant has remained hemodynamically stable throughout this hospitalization , no murmur .
Heart rate 150 to 160 , mean blood pressure 40 to 54 .
3. Fluid , electrolytes and nutrition :
Infant was initially nothing by mouth receiving 80 cc per kilogram per day of D10W intravenously .
Infant was started on enteral feedings on day of life four and advanced to full volume feedings of 150 cc per kilogram per day by day of life seven .
During feeding advancement infant was given parenteral nutrition and intralipids .
The infant tolerated feeding advancement without difficulty .
Infant was advanced to maximum caloric density of breast milk or premature Enfamil 26 calories per ounce with ProMod by day of life 11 .
Infant is currently on breast milk or Enfamil 24 calories per ounce po minimum 140 cc per kilogram per day .
The most recent weight is 2525 g.
Head circumference 24.5 cm , length 45.5 cm .
The most recent electrolytes on day of life five were sodium 145 , chloride 115 , potassium 4 , TCO2 of 21 .
On day of life 25 , calcium 10.1 , phosphorus 6.9 , alkaline phosphatase 341 .
4. Gastrointestinal :
Infant was started on double phototherapy on day of life two for a maximum bilirubin level of 8.1 with a direct of 0.3 .
Infant decreased to single phototherapy and phototherapy was discontinued on day of life six .
Rebound bilirubin level on day of life seven was 5.3 with a direct of 0.3 .
5. Hematology :
The infant did not receive any blood transfusions this hospitalization .
The most recent hematocrit on day of life two was 47% .
CBC on admission white blood cell count 8.9 , hematocrit 47% , platelets 243,000 , 6% neutrophils , 0 bands .
Repeat CBC on day of life two showed a white blood cell count of 8.4 , platelets 95 , 41% neutrophils , 0 bands .
Repeat platelet count on day of life three was 229 .
6. Infectious disease :
The infant received 48 hours of ampicillin and gentamicin for rule out sepsis .
Blood cultures remained negative to date .
Infant has not had any issues with sepsis this hospitalization .
7. Neurology :
Head ultrasound on day of life seven showed no intraventricular hemorrhage .
A repeat head ultrasound on day of life 33 06-07 showed a slight increase of echogenicity in the caudothalamic groove , which may represent tiny bilateral germinal matrix hemorrhages , no periventricular leukomalacia .
A repeat head ultrasound is recommended in one month .
Normal neurological examination .
Sensory , hearing screening was performed with automated auditory brain stem responses .
Infant passed both ears .
Ophthalmology , eyes examined most recently on 05-30 revealing immaturity of the retinal vessels , but no ROP as of yet .
A follow up examination should be scheduled for the week of 06-20 .
Ophthalmologist is Dr. Cruea Franklin .
8. Psycho / social :
Parents involved .
Triplet number one is still in the Neonatal Intensive Care Unit and triplet number three is home with family and there is also a 2 year-old sibling .
]]></TEXT>
<TAGS>
<EVENT id="E1" start="1" end="10" text="Admission" modality="FACTUAL" polarity="POS" type="OCCURRENCE" />
<EVENT id="E2" start="29" end="38" text="Discharge" modality="FACTUAL" polarity="POS" type="OCCURRENCE" />
<EVENT id="E3" start="196" end="212" text="cesarean section" modality="FACTUAL" polarity="POS" type="TREATMENT" />
<EVENT id="E4" start="220" end="245" text="progressive preterm labor" modality="FACTUAL" polarity="POS" type="PROBLEM" />
<EVENT id="E5" start="342" end="364" text="Marian Jane conception" modality="FACTUAL" polarity="POS" type="OCCURRENCE" />
<EVENT id="E6" start="384" end="399" text="Prenatal screen" modality="FACTUAL" polarity="POS" type="TEST" />
<EVENT id="E7" start="402" end="412" text="O positive" modality="FACTUAL" polarity="POS" type="OCCURRENCE" />
<EVENT id="E8" start="415" end="423" text="antibody" modality="FACTUAL" polarity="POS" type="TEST" />
<EVENT id="E9" start="435" end="438" text="RPR" modality="FACTUAL" polarity="POS" type="TEST" />
<EVENT id="E10" start="453" end="480" text="hepatitis B surface antigen" modality="FACTUAL" polarity="POS" type="TEST" />
<EVENT id="E11" start="503" end="506" text="GBS" modality="FACTUAL" polarity="POS" type="TEST" />
<EVENT id="E12" start="518" end="525" text="Rubella" modality="FACTUAL" polarity="NEG" type="TEST" />
<EVENT id="E13" start="560" end="589" text="gestational diabetes mellitus" modality="FACTUAL" polarity="POS" type="PROBLEM" />
<EVENT id="E14" start="606" end="619" text="preterm labor" modality="POSSIBLE" polarity="POS" type="PROBLEM" />
<EVENT id="E15" start="629" end="638" text="presented" modality="FACTUAL" polarity="POS" type="OCCURRENCE" />
<EVENT id="E16" start="644" end="664" text="abdominal discomfort" modality="FACTUAL" polarity="POS" type="PROBLEM" />
<EVENT id="E17" start="669" end="685" text="vaginal pressure" modality="FACTUAL" polarity="POS" type="TEST" />
<EVENT id="E18" start="729" end="737" text="admitted" modality="FACTUAL" polarity="POS" type="OCCURRENCE" />
<EVENT id="E19" start="768" end="781" text="betamethasone" modality="FACTUAL" polarity="POS" type="TREATMENT" />
<EVENT id="E20" start="822" end="830" text="delivery" modality="FACTUAL" polarity="POS" type="OCCURRENCE" />
<EVENT id="E21" start="840" end="849" text="presented" modality="FACTUAL" polarity="POS" type="OCCURRENCE" />
<EVENT id="E22" start="860" end="868" text="delivery" modality="FACTUAL" polarity="POS" type="OCCURRENCE" />
<EVENT id="E23" start="874" end="887" text="preterm labor" modality="FACTUAL" polarity="POS" type="PROBLEM" />
<EVENT id="E24" start="890" end="907" text="cervical dilation" modality="FACTUAL" polarity="POS" type="PROBLEM" />
<EVENT id="E25" start="920" end="929" text="delivered" modality="FACTUAL" polarity="POS" type="OCCURRENCE" />
<EVENT id="E26" start="933" end="956" text="repeat cesarean section" modality="FACTUAL" polarity="POS" type="TREATMENT" />
<EVENT id="E27" start="986" end="990" text="blow" modality="FACTUAL" polarity="POS" type="TREATMENT" />
<EVENT id="E28" start="994" end="1000" text="oxygen" modality="FACTUAL" polarity="POS" type="TREATMENT" />
<EVENT id="E29" start="1005" end="1034" text="routine care in delivery room" modality="FACTUAL" polarity="POS" type="CLINICAL_DEPT" />
<EVENT id="E30" start="1037" end="1043" text="Apgars" modality="FACTUAL" polarity="POS" type="TEST" />
<EVENT id="E31" start="1096" end="1108" text="demonstrated" modality="FACTUAL" polarity="POS" type="EVIDENTIAL" />
<EVENT id="E32" start="1109" end="1162" text="mild increased work of breathing in the delivery room" modality="FACTUAL" polarity="POS" type="PROBLEM" />
<EVENT id="E33" start="1172" end="1215" text="transported to Neonatal Intensive Care Unit" modality="FACTUAL" polarity="POS" type="CLINICAL_DEPT" />
<EVENT id="E34" start="1219" end="1230" text="facial CPAP" modality="FACTUAL" polarity="POS" type="TREATMENT" />
<EVENT id="E35" start="1269" end="1278" text="admission" modality="FACTUAL" polarity="POS" type="OCCURRENCE" />
<EVENT id="E36" start="1299" end="1303" text="CPAP" modality="FACTUAL" polarity="POS" type="TREATMENT" />
<EVENT id="E37" start="1320" end="1330" text="30% oxygen" modality="FACTUAL" polarity="POS" type="TREATMENT" />
<EVENT id="E38" start="1333" end="1360" text="Initial capillary blood gas" modality="FACTUAL" polarity="POS" type="TEST" />
<EVENT id="E39" start="1365" end="1367" text="pH" modality="FACTUAL" polarity="POS" type="TEST" />
<EVENT id="E40" start="1375" end="1378" text="CO2" modality="FACTUAL" polarity="POS" type="TEST" />
<EVENT id="E41" start="1395" end="1404" text="intubated" modality="FACTUAL" polarity="POS" type="TREATMENT" />
<EVENT id="E42" start="1428" end="1458" text="increased respiratory distress" modality="FACTUAL" polarity="POS" type="PROBLEM" />
<EVENT id="E43" start="1508" end="1517" text="extubated" modality="FACTUAL" polarity="POS" type="TREATMENT" />
<EVENT id="E44" start="1541" end="1545" text="CPAP" modality="FACTUAL" polarity="POS" type="TREATMENT" />
<EVENT id="E45" start="1566" end="1574" text="room air" modality="FACTUAL" polarity="POS" type="TREATMENT" />
<EVENT id="E46" start="1623" end="1631" text="room air" modality="FACTUAL" polarity="POS" type="OCCURRENCE" />
<EVENT id="E47" start="1643" end="1662" text="the hospitalization" modality="FACTUAL" polarity="POS" type="OCCURRENCE" />
<EVENT id="E48" start="1665" end="1681" text="Caffeine citrate" modality="FACTUAL" polarity="POS" type="TREATMENT" />
<EVENT id="E49" start="1772" end="1777" text="apnea" modality="FACTUAL" polarity="POS" type="PROBLEM" />
<EVENT id="E50" start="1782" end="1793" text="bradycardia" modality="FACTUAL" polarity="POS" type="PROBLEM" />
<EVENT id="E51" start="1853" end="1875" text="hemodynamically stable" modality="FACTUAL" polarity="POS" type="OCCURRENCE" />
<EVENT id="E52" start="1887" end="1907" text="this hospitalization" modality="FACTUAL" polarity="POS" type="OCCURRENCE" />
<EVENT id="E53" start="1913" end="1919" text="murmur" modality="FACTUAL" polarity="NEG" type="PROBLEM" />
<EVENT id="E54" start="1922" end="1932" text="Heart rate" modality="FACTUAL" polarity="POS" type="TEST" />
<EVENT id="E55" start="1946" end="1965" text="mean blood pressure" modality="FACTUAL" polarity="POS" type="TEST" />
<EVENT id="E56" start="2138" end="2154" text="enteral feedings" modality="FACTUAL" polarity="POS" type="TREATMENT" />
<EVENT id="E57" start="2179" end="2187" text="advanced" modality="FACTUAL" polarity="POS" type="OCCURRENCE" />
<EVENT id="E58" start="2191" end="2211" text="full volume feedings" modality="FACTUAL" polarity="POS" type="TREATMENT" />
<EVENT id="E59" start="2273" end="2299" text="feeding advancement infant" modality="FACTUAL" polarity="POS" type="OCCURRENCE" />
<EVENT id="E60" start="2310" end="2346" text="parenteral nutrition and intralipids" modality="FACTUAL" polarity="POS" type="TREATMENT" />
<EVENT id="E61" start="2360" end="2369" text="tolerated" modality="FACTUAL" polarity="POS" type="OCCURRENCE" />
<EVENT id="E62" start="2370" end="2389" text="feeding advancement" modality="FACTUAL" polarity="POS" type="OCCURRENCE" />
<EVENT id="E63" start="2398" end="2408" text="difficulty" modality="FACTUAL" polarity="NEG" type="PROBLEM" />
<EVENT id="E64" start="2434" end="2457" text="maximum caloric density" modality="FACTUAL" polarity="POS" type="TREATMENT" />
<EVENT id="E65" start="2461" end="2472" text="breast milk" modality="FACTUAL" polarity="POS" type="TREATMENT" />
<EVENT id="E66" start="2476" end="2493" text="premature Enfamil" modality="FACTUAL" polarity="POS" type="TREATMENT" />
<EVENT id="E67" start="2521" end="2527" text="ProMod" modality="FACTUAL" polarity="POS" type="TREATMENT" />
<EVENT id="E68" start="2571" end="2582" text="breast milk" modality="FACTUAL" polarity="POS" type="TREATMENT" />
<EVENT id="E69" start="2586" end="2593" text="Enfamil" modality="FACTUAL" polarity="POS" type="TREATMENT" />
<EVENT id="E70" start="2657" end="2679" text="The most recent weight" modality="FACTUAL" polarity="POS" type="TEST" />
<EVENT id="E71" start="2691" end="2709" text="Head circumference" modality="FACTUAL" polarity="NEG" type="TEST" />
<EVENT id="E72" start="2720" end="2726" text="length" modality="FACTUAL" polarity="POS" type="TEST" />
<EVENT id="E73" start="2737" end="2765" text="The most recent electrolytes" modality="FACTUAL" polarity="POS" type="TEST" />
<EVENT id="E74" start="2791" end="2797" text="sodium" modality="FACTUAL" polarity="POS" type="TEST" />
<EVENT id="E75" start="2804" end="2812" text="chloride" modality="FACTUAL" polarity="POS" type="TEST" />
<EVENT id="E76" start="2819" end="2828" text="potassium" modality="FACTUAL" polarity="POS" type="TEST" />
<EVENT id="E77" start="2833" end="2837" text="TCO2" modality="FACTUAL" polarity="POS" type="TEST" />
<EVENT id="E78" start="2866" end="2873" text="calcium" modality="FACTUAL" polarity="POS" type="TEST" />
<EVENT id="E79" start="2881" end="2891" text="phosphorus" modality="FACTUAL" polarity="POS" type="TEST" />
<EVENT id="E80" start="2898" end="2918" text="alkaline phosphatase" modality="FACTUAL" polarity="POS" type="TEST" />
<EVENT id="E81" start="2969" end="2988" text="double phototherapy" modality="FACTUAL" polarity="POS" type="TREATMENT" />
<EVENT id="E82" start="3012" end="3037" text="a maximum bilirubin level" modality="FACTUAL" polarity="POS" type="TEST" />
<EVENT id="E83" start="3050" end="3058" text="a direct" modality="FACTUAL" polarity="POS" type="TEST" />
<EVENT id="E84" start="3075" end="3084" text="decreased" modality="FACTUAL" polarity="POS" type="OCCURRENCE" />
<EVENT id="E85" start="3088" end="3107" text="single phototherapy" modality="FACTUAL" polarity="POS" type="TREATMENT" />
<EVENT id="E86" start="3112" end="3124" text="phototherapy" modality="FACTUAL" polarity="POS" type="TREATMENT" />
<EVENT id="E87" start="3163" end="3186" text="Rebound bilirubin level" modality="FACTUAL" polarity="POS" type="TEST" />
<EVENT id="E88" start="3221" end="3229" text="a direct" modality="FACTUAL" polarity="POS" type="TEST" />
<EVENT id="E89" start="3282" end="3304" text="any blood transfusions" modality="FACTUAL" polarity="NEG" type="TREATMENT" />
<EVENT id="E90" start="3305" end="3325" text="this hospitalization" modality="FACTUAL" polarity="POS" type="OCCURRENCE" />
<EVENT id="E91" start="3328" end="3354" text="The most recent hematocrit" modality="FACTUAL" polarity="POS" type="TEST" />
<EVENT id="E92" start="3384" end="3387" text="CBC" modality="FACTUAL" polarity="POS" type="TEST" />
<EVENT id="E93" start="3391" end="3423" text="admission white blood cell count" modality="FACTUAL" polarity="POS" type="TEST" />
<EVENT id="E94" start="3430" end="3440" text="hematocrit" modality="FACTUAL" polarity="POS" type="TEST" />
<EVENT id="E95" start="3447" end="3456" text="platelets" modality="FACTUAL" polarity="POS" type="TEST" />
<EVENT id="E96" start="3467" end="3481" text="6% neutrophils" modality="FACTUAL" polarity="POS" type="TEST" />
<EVENT id="E97" start="3486" end="3491" text="bands" modality="FACTUAL" polarity="POS" type="TEST" />
<EVENT id="E98" start="3494" end="3504" text="Repeat CBC" modality="FACTUAL" polarity="POS" type="TEST" />
<EVENT id="E99" start="3524" end="3530" text="showed" modality="FACTUAL" polarity="POS" type="EVIDENTIAL" />
<EVENT id="E100" start="3531" end="3555" text="a white blood cell count" modality="FACTUAL" polarity="POS" type="TEST" />
<EVENT id="E101" start="3565" end="3574" text="platelets" modality="FACTUAL" polarity="POS" type="TEST" />
<EVENT id="E102" start="3580" end="3595" text="41% neutrophils" modality="FACTUAL" polarity="POS" type="TEST" />
<EVENT id="E103" start="3600" end="3605" text="bands" modality="FACTUAL" polarity="POS" type="TEST" />
<EVENT id="E104" start="3608" end="3629" text="Repeat platelet count" modality="FACTUAL" polarity="POS" type="TEST" />
<EVENT id="E105" start="3717" end="3727" text="ampicillin" modality="FACTUAL" polarity="POS" type="TREATMENT" />
<EVENT id="E106" start="3732" end="3742" text="gentamicin" modality="FACTUAL" polarity="POS" type="TREATMENT" />
<EVENT id="E107" start="3747" end="3755" text="rule out" modality="FACTUAL" polarity="POS" type="TEST" />
<EVENT id="E108" start="3756" end="3762" text="sepsis" modality="POSSIBLE" polarity="POS" type="PROBLEM" />
<EVENT id="E109" start="3765" end="3779" text="Blood cultures" modality="FACTUAL" polarity="POS" type="TEST" />
<EVENT id="E110" start="3827" end="3837" text="any issues" modality="FACTUAL" polarity="NEG" type="PROBLEM" />
<EVENT id="E111" start="3843" end="3870" text="sepsis this hospitalization" modality="FACTUAL" polarity="POS" type="OCCURRENCE" />
<EVENT id="E112" start="3888" end="3903" text="Head ultrasound" modality="FACTUAL" polarity="POS" type="TEST" />
<EVENT id="E113" start="3925" end="3931" text="showed" modality="FACTUAL" polarity="POS" type="EVIDENTIAL" />
<EVENT id="E114" start="3935" end="3962" text="intraventricular hemorrhage" modality="FACTUAL" polarity="NEG" type="PROBLEM" />
<EVENT id="E115" start="3965" end="3989" text="A repeat head ultrasound" modality="FACTUAL" polarity="POS" type="TEST" />
<EVENT id="E116" start="4014" end="4020" text="showed" modality="FACTUAL" polarity="POS" type="EVIDENTIAL" />
<EVENT id="E117" start="4021" end="4082" text="a slight increase of echogenicity in the caudothalamic groove" modality="FACTUAL" polarity="POS" type="PROBLEM" />
<EVENT id="E118" start="4110" end="4147" text="bilateral germinal matrix hemorrhages" modality="FACTUAL" polarity="POS" type="PROBLEM" />
<EVENT id="E119" start="4153" end="4181" text="periventricular leukomalacia" modality="FACTUAL" polarity="NEG" type="PROBLEM" />
<EVENT id="E120" start="4184" end="4208" text="A repeat head ultrasound" modality="FACTUAL" polarity="POS" type="TEST" />
<EVENT id="E121" start="4239" end="4270" text="Normal neurological examination" modality="FACTUAL" polarity="POS" type="TEST" />
<EVENT id="E122" start="4283" end="4300" text="hearing screening" modality="FACTUAL" polarity="POS" type="TEST" />
<EVENT id="E123" start="4320" end="4359" text="automated auditory brain stem responses" modality="FACTUAL" polarity="POS" type="OCCURRENCE" />
<EVENT id="E124" start="4369" end="4385" text="passed both ears" modality="FACTUAL" polarity="POS" type="OCCURRENCE" />
<EVENT id="E125" start="4409" end="4422" text="examined most" modality="FACTUAL" polarity="POS" type="PROBLEM" />
<EVENT id="E126" start="4465" end="4484" text="the retinal vessels" modality="FACTUAL" polarity="POS" type="PROBLEM" />
<EVENT id="E127" start="4494" end="4497" text="ROP" modality="FACTUAL" polarity="NEG" type="PROBLEM" />
<EVENT id="E128" start="4510" end="4533" text="A follow up examination" modality="FACTUAL" polarity="POS" type="TEST" />
<EVENT id="E129" start="4639" end="4646" text="Parents" modality="FACTUAL" polarity="POS" type="OCCURRENCE" />
<EVENT id="E130" start="4689" end="4721" text="the Neonatal Intensive Care Unit" modality="FACTUAL" polarity="POS" type="CLINICAL_DEPT" />
<TIMEX3 id="T1" start="18" end="28" text="2016-05-05" type="DATE" val="2016-05-05" mod="NA" />
<TIMEX3 id="T2" start="46" end="56" text="2016-06-15" type="DATE" val="2016-06-15" mod="NA" />
<TIMEX3 id="T3" start="125" end="142" text="30 and 08-01 week" type="DURATION" val="P4.5W" mod="NA" />
<TIMEX3 id="T4" start="371" end="381" text="2016-07-08" type="DATE" val="2016-07-08" mod="NA" />
<TIMEX3 id="T5" start="696" end="705" text="1/7 weeks" type="DATE" val="P0.14285714285714285W" mod="APPROX" />
<TIMEX3 id="T6" start="785" end="793" text="24 weeks" type="DURATION" val="P24W" mod="NA" />
<TIMEX3 id="T7" start="1054" end="1064" text="one minute" type="DURATION" val="PT1M" mod="NA" />
<TIMEX3 id="T8" start="1074" end="1086" text="five minutes" type="DURATION" val="PT5M" mod="NA" />
<TIMEX3 id="T9" start="1408" end="1423" text="day of life two" type="DATE" val="2002" mod="NA" />
<TIMEX3 id="T10" start="1521" end="1537" text="day of life four" type="DATE" val="2004" mod="NA" />
<TIMEX3 id="T11" start="1578" end="1593" text="day of life six" type="DATE" val="2006" mod="NA" />
<TIMEX3 id="T12" start="1697" end="1712" text="day of life six" type="DATE" val="2006" mod="NA" />
<TIMEX3 id="T13" start="1737" end="1748" text="05-23 ( day" type="DATE" val="P1D" mod="NA" />
<TIMEX3 id="T14" start="1801" end="1806" text="06-10" type="DATE" val="2016-06-10" mod="NA" />
<TIMEX3 id="T15" start="2158" end="2174" text="day of life four" type="DATE" val="2004" mod="NA" />
<TIMEX3 id="T16" start="2246" end="2263" text="day of life seven" type="DATE" val="2007" mod="NA" />
<TIMEX3 id="T17" start="2531" end="2545" text="day of life 11" type="DATE" val="2011" mod="NA" />
<TIMEX3 id="T18" start="2769" end="2785" text="day of life five" type="DATE" val="2005" mod="NA" />
<TIMEX3 id="T19" start="2849" end="2863" text="day of life 25" type="DATE" val="1925" mod="NA" />
<TIMEX3 id="T20" start="2992" end="3007" text="day of life two" type="DATE" val="2002" mod="NA" />
<TIMEX3 id="T21" start="3145" end="3160" text="day of life six" type="DATE" val="2006" mod="NA" />
<TIMEX3 id="T22" start="3190" end="3207" text="day of life seven" type="DATE" val="2007" mod="NA" />
<TIMEX3 id="T23" start="3358" end="3373" text="day of life two" type="DATE" val="2002" mod="NA" />
<TIMEX3 id="T24" start="3508" end="3523" text="day of life two" type="DATE" val="2002" mod="NA" />
<TIMEX3 id="T25" start="3633" end="3650" text="day of life three" type="DATE" val="2003" mod="NA" />
<TIMEX3 id="T26" start="3705" end="3713" text="48 hours" type="DURATION" val="PT48H" mod="NA" />
<TIMEX3 id="T27" start="3907" end="3924" text="day of life seven" type="DATE" val="2007" mod="NA" />
<TIMEX3 id="T28" start="3993" end="4013" text="day of life 33 06-07" type="DATE" val="2016-05-05" mod="NA" />
<TIMEX3 id="T29" start="4227" end="4236" text="one month" type="DURATION" val="P1M" mod="NA" />
<TIMEX3 id="T30" start="4435" end="4440" text="05-30" type="DATE" val="2016-05-30" mod="NA" />
<TIMEX3 id="T31" start="4558" end="4575" text="the week of 06-20" type="DURATION" val="2016-05-05" mod="NA" />
<TLINK id="TL1" fromID="E1" fromText="Admission" toID="T1" toText="2016-05-05" type="OVERLAP" />
<TLINK id="TL3" fromID="E2" fromText="Discharge" toID="T2" toText="2016-06-15" type="OVERLAP" />
<TLINK id="TL4" fromID="T3" fromText="30 and 08-01 week" toID="E3" toText="cesarean section" type="OVERLAP" />
<TLINK id="TL5" fromID="E4" fromText="progressive preterm labor" toID="E3" toText="cesarean section" type="BEFORE" />
<TLINK id="TL6" fromID="E5" fromText="Marian Jane conception" toID="T4" toText="2016-07-08" type="OVERLAP" />
<TLINK id="TL7" fromID="E6" fromText="Prenatal screen" toID="T4" toText="2016-07-08" type="OVERLAP" />
<TLINK id="TL8" fromID="E7" fromText="O positive" toID="E6" toText="Prenatal screen" type="OVERLAP" />
<TLINK id="TL9" fromID="E8" fromText="antibody" toID="E7" toText="O positive" type="OVERLAP" />
<TLINK id="TL10" fromID="E8" fromText="antibody" toID="E9" toText="RPR" type="OVERLAP" />
<TLINK id="TL11" fromID="E10" fromText="hepatitis B surface antigen" toID="E9" toText="RPR" type="OVERLAP" />
<TLINK id="TL12" fromID="E10" fromText="hepatitis B surface antigen" toID="E11" toText="GBS" type="OVERLAP" />
<TLINK id="TL13" fromID="E12" fromText="Rubella" toID="E11" toText="GBS" type="OVERLAP" />
<TLINK id="TL14" fromID="E13" fromText="gestational diabetes mellitus" toID="E12" toText="Rubella" type="BEFORE" />
<TLINK id="TL15" fromID="E14" fromText="preterm labor" toID="E13" toText="gestational diabetes mellitus" type="OVERLAP" />
<TLINK id="TL16" fromID="E14" fromText="preterm labor" toID="E15" toText="presented" type="OVERLAP" />
<TLINK id="TL17" fromID="E16" fromText="abdominal discomfort" toID="E15" toText="presented" type="BEFORE" />
<TLINK id="TL18" fromID="E17" fromText="vaginal pressure" toID="E15" toText="presented" type="OVERLAP" />
<TLINK id="TL19" fromID="E17" fromText="vaginal pressure" toID="T5" toText="1/7 weeks" type="OVERLAP" />
<TLINK id="TL20" fromID="E18" fromText="admitted" toID="T5" toText="1/7 weeks" type="OVERLAP" />
<TLINK id="TL21" fromID="E19" fromText="betamethasone" toID="E18" toText="admitted" type="AFTER" />
<TLINK id="TL22" fromID="E19" fromText="betamethasone" toID="T6" toText="24 weeks" type="OVERLAP" />
<TLINK id="TL23" fromID="E20" fromText="delivery" toID="T6" toText="24 weeks" type="OVERLAP" />
<TLINK id="TL24" fromID="E20" fromText="delivery" toID="E21" toText="presented" type="OVERLAP" />
<TLINK id="TL25" fromID="E22" fromText="delivery" toID="E21" toText="presented" type="OVERLAP" />
<TLINK id="TL26" fromID="E23" fromText="preterm labor" toID="E22" toText="delivery" type="BEFORE" />
<TLINK id="TL27" fromID="E24" fromText="cervical dilation" toID="E23" toText="preterm labor" type="OVERLAP" />
<TLINK id="TL28" fromID="E24" fromText="cervical dilation" toID="E25" toText="delivered" type="OVERLAP" />
<TLINK id="TL29" fromID="E25" fromText="delivered" toID="E26" toText="repeat cesarean section" type="OVERLAP" />
<TLINK id="TL30" fromID="E27" fromText="blow" toID="E26" toText="repeat cesarean section" type="OVERLAP" />
<TLINK id="TL31" fromID="E28" fromText="oxygen" toID="E27" toText="blow" type="OVERLAP" />
<TLINK id="TL32" fromID="E28" fromText="oxygen" toID="E29" toText="routine care in delivery room" type="OVERLAP" />
<TLINK id="TL33" fromID="E30" fromText="Apgars" toID="E29" toText="routine care in delivery room" type="OVERLAP" />
<TLINK id="TL34" fromID="E30" fromText="Apgars" toID="T7" toText="one minute" type="OVERLAP" />
<TLINK id="TL35" fromID="E30" fromText="Apgars" toID="T8" toText="five minutes" type="OVERLAP" />
<TLINK id="TL36" fromID="E30" fromText="Apgars" toID="E31" toText="demonstrated" type="OVERLAP" />
<TLINK id="TL37" fromID="E32" fromText="mild increased work of breathing in the delivery room" toID="E31" toText="demonstrated" type="BEFORE" />
<TLINK id="TL38" fromID="E32" fromText="mild increased work of breathing in the delivery room" toID="E33" toText="transported to Neonatal Intensive Care Unit" type="BEFORE" />
<TLINK id="TL39" fromID="E34" fromText="facial CPAP" toID="E33" toText="transported to Neonatal Intensive Care Unit" type="OVERLAP" />
<TLINK id="TL40" fromID="E36" fromText="CPAP" toID="E35" toText="admission" type="BEFORE" />
<TLINK id="TL41" fromID="E37" fromText="30% oxygen" toID="E36" toText="CPAP" type="OVERLAP" />
<TLINK id="TL42" fromID="E38" fromText="Initial capillary blood gas" toID="E37" toText="30% oxygen" type="OVERLAP" />
<TLINK id="TL43" fromID="E39" fromText="pH" toID="E38" toText="Initial capillary blood gas" type="OVERLAP" />
<TLINK id="TL44" fromID="E40" fromText="CO2" toID="E39" toText="pH" type="OVERLAP" />
<TLINK id="TL45" fromID="E40" fromText="CO2" toID="E41" toText="intubated" type="OVERLAP" />
<TLINK id="TL46" fromID="E41" fromText="intubated" toID="T9" toText="day of life two" type="AFTER" />
<TLINK id="TL47" fromID="E41" fromText="intubated" toID="E42" toText="increased respiratory distress" type="OVERLAP" />
<TLINK id="TL48" fromID="E42" fromText="increased respiratory distress" toID="E43" toText="extubated" type="BEFORE" />
<TLINK id="TL49" fromID="E43" fromText="extubated" toID="T10" toText="day of life four" type="OVERLAP" />
<TLINK id="TL50" fromID="E44" fromText="CPAP" toID="E43" toText="extubated" type="OVERLAP" />
<TLINK id="TL51" fromID="E44" fromText="CPAP" toID="E45" toText="room air" type="BEFORE" />
<TLINK id="TL52" fromID="E45" fromText="room air" toID="T11" toText="day of life six" type="OVERLAP" />
<TLINK id="TL53" fromID="E46" fromText="room air" toID="T11" toText="day of life six" type="OVERLAP" />
<TLINK id="TL54" fromID="E46" fromText="room air" toID="E47" toText="the hospitalization" type="OVERLAP" />
<TLINK id="TL55" fromID="E48" fromText="Caffeine citrate" toID="E47" toText="the hospitalization" type="OVERLAP" />
<TLINK id="TL56" fromID="E48" fromText="Caffeine citrate" toID="T12" toText="day of life six" type="OVERLAP" />
<TLINK id="TL57" fromID="E48" fromText="Caffeine citrate" toID="T13" toText="05-23 ( day" type="BEFORE" />
<TLINK id="TL58" fromID="E49" fromText="apnea" toID="E48" toText="Caffeine citrate" type="BEFORE" />
<TLINK id="TL59" fromID="E50" fromText="bradycardia" toID="E49" toText="apnea" type="OVERLAP" />
<TLINK id="TL60" fromID="E50" fromText="bradycardia" toID="T14" toText="06-10" type="AFTER" />
<TLINK id="TL61" fromID="E51" fromText="hemodynamically stable" toID="E52" toText="this hospitalization" type="OVERLAP" />
<TLINK id="TL62" fromID="E53" fromText="murmur" toID="E52" toText="this hospitalization" type="OVERLAP" />
<TLINK id="TL63" fromID="E53" fromText="murmur" toID="E54" toText="Heart rate" type="OVERLAP" />
<TLINK id="TL64" fromID="E54" fromText="Heart rate" toID="E55" toText="mean blood pressure" type="OVERLAP" />
<TLINK id="TL65" fromID="E56" fromText="enteral feedings" toID="T15" toText="day of life four" type="AFTER" />
<TLINK id="TL66" fromID="E57" fromText="advanced" toID="T15" toText="day of life four" type="OVERLAP" />
<TLINK id="TL67" fromID="E58" fromText="full volume feedings" toID="E57" toText="advanced" type="AFTER" />
<TLINK id="TL68" fromID="E58" fromText="full volume feedings" toID="T16" toText="day of life seven" type="OVERLAP" />
<TLINK id="TL69" fromID="E59" fromText="feeding advancement infant" toID="T16" toText="day of life seven" type="OVERLAP" />
<TLINK id="TL70" fromID="E60" fromText="parenteral nutrition and intralipids" toID="E59" toText="feeding advancement infant" type="OVERLAP" />
<TLINK id="TL71" fromID="E61" fromText="tolerated" toID="E59" toText="feeding advancement infant" type="OVERLAP" />
<TLINK id="TL72" fromID="E62" fromText="feeding advancement" toID="E61" toText="tolerated" type="OVERLAP" />
<TLINK id="TL73" fromID="E63" fromText="difficulty" toID="E62" toText="feeding advancement" type="OVERLAP" />
<TLINK id="TL74" fromID="E63" fromText="difficulty" toID="E64" toText="maximum caloric density" type="OVERLAP" />
<TLINK id="TL75" fromID="E65" fromText="breast milk" toID="E64" toText="maximum caloric density" type="OVERLAP" />
<TLINK id="TL76" fromID="E65" fromText="breast milk" toID="E66" toText="premature Enfamil" type="OVERLAP" />
<TLINK id="TL77" fromID="E67" fromText="ProMod" toID="E66" toText="premature Enfamil" type="OVERLAP" />
<TLINK id="TL78" fromID="E67" fromText="ProMod" toID="T17" toText="day of life 11" type="OVERLAP" />
<TLINK id="TL79" fromID="E68" fromText="breast milk" toID="T17" toText="day of life 11" type="OVERLAP" />
<TLINK id="TL80" fromID="E68" fromText="breast milk" toID="E69" toText="Enfamil" type="OVERLAP" />
<TLINK id="TL81" fromID="E70" fromText="The most recent weight" toID="E69" toText="Enfamil" type="OVERLAP" />
<TLINK id="TL82" fromID="E71" fromText="Head circumference" toID="E70" toText="The most recent weight" type="OVERLAP" />
<TLINK id="TL83" fromID="E71" fromText="Head circumference" toID="E72" toText="length" type="OVERLAP" />
<TLINK id="TL84" fromID="E73" fromText="The most recent electrolytes" toID="E72" toText="length" type="OVERLAP" />
<TLINK id="TL85" fromID="E73" fromText="The most recent electrolytes" toID="T18" toText="day of life five" type="OVERLAP" />
<TLINK id="TL86" fromID="E73" fromText="The most recent electrolytes" toID="E74" toText="sodium" type="OVERLAP" />
<TLINK id="TL87" fromID="E73" fromText="The most recent electrolytes" toID="E75" toText="chloride" type="OVERLAP" />
<TLINK id="TL88" fromID="E73" fromText="The most recent electrolytes" toID="E76" toText="potassium" type="OVERLAP" />
<TLINK id="TL89" fromID="E77" fromText="TCO2" toID="E76" toText="potassium" type="OVERLAP" />
<TLINK id="TL90" fromID="E73" fromText="The most recent electrolytes" toID="T19" toText="day of life 25" type="OVERLAP" />
<TLINK id="TL91" fromID="E78" fromText="calcium" toID="T19" toText="day of life 25" type="OVERLAP" />
<TLINK id="TL92" fromID="E78" fromText="calcium" toID="E79" toText="phosphorus" type="OVERLAP" />
<TLINK id="TL93" fromID="E80" fromText="alkaline phosphatase" toID="E79" toText="phosphorus" type="OVERLAP" />
<TLINK id="TL94" fromID="E81" fromText="double phototherapy" toID="T20" toText="day of life two" type="AFTER" />
<TLINK id="TL95" fromID="E82" fromText="a maximum bilirubin level" toID="T20" toText="day of life two" type="OVERLAP" />
<TLINK id="TL96" fromID="E82" fromText="a maximum bilirubin level" toID="E83" toText="a direct" type="OVERLAP" />
<TLINK id="TL97" fromID="E83" fromText="a direct" toID="E84" toText="decreased" type="OVERLAP" />
<TLINK id="TL98" fromID="E85" fromText="single phototherapy" toID="E84" toText="decreased" type="AFTER" />
<TLINK id="TL99" fromID="E85" fromText="single phototherapy" toID="E86" toText="phototherapy" type="OVERLAP" />
<TLINK id="TL100" fromID="E86" fromText="phototherapy" toID="T21" toText="day of life six" type="BEFORE" />
<TLINK id="TL101" fromID="E87" fromText="Rebound bilirubin level" toID="T21" toText="day of life six" type="OVERLAP" />
<TLINK id="TL102" fromID="E87" fromText="Rebound bilirubin level" toID="T22" toText="day of life seven" type="OVERLAP" />
<TLINK id="TL103" fromID="E88" fromText="a direct" toID="T22" toText="day of life seven" type="OVERLAP" />
<TLINK id="TL104" fromID="E89" fromText="any blood transfusions" toID="E90" toText="this hospitalization" type="OVERLAP" />
<TLINK id="TL105" fromID="E91" fromText="The most recent hematocrit" toID="E90" toText="this hospitalization" type="OVERLAP" />
<TLINK id="TL106" fromID="E91" fromText="The most recent hematocrit" toID="T23" toText="day of life two" type="OVERLAP" />
<TLINK id="TL107" fromID="E91" fromText="The most recent hematocrit" toID="E92" toText="CBC" type="OVERLAP" />
<TLINK id="TL108" fromID="E93" fromText="admission white blood cell count" toID="E92" toText="CBC" type="OVERLAP" />
<TLINK id="TL109" fromID="E94" fromText="hematocrit" toID="E93" toText="admission white blood cell count" type="OVERLAP" />
<TLINK id="TL110" fromID="E94" fromText="hematocrit" toID="E95" toText="platelets" type="OVERLAP" />
<TLINK id="TL111" fromID="E95" fromText="platelets" toID="E96" toText="6% neutrophils" type="OVERLAP" />
<TLINK id="TL112" fromID="E97" fromText="bands" toID="E96" toText="6% neutrophils" type="OVERLAP" />
<TLINK id="TL113" fromID="E98" fromText="Repeat CBC" toID="E92" toText="CBC" type="OVERLAP" />
<TLINK id="TL114" fromID="E98" fromText="Repeat CBC" toID="T24" toText="day of life two" type="OVERLAP" />
<TLINK id="TL115" fromID="E98" fromText="Repeat CBC" toID="E99" toText="showed" type="OVERLAP" />
<TLINK id="TL116" fromID="E100" fromText="a white blood cell count" toID="E99" toText="showed" type="OVERLAP" />
<TLINK id="TL117" fromID="E101" fromText="platelets" toID="E100" toText="a white blood cell count" type="OVERLAP" />
<TLINK id="TL118" fromID="E101" fromText="platelets" toID="E102" toText="41% neutrophils" type="OVERLAP" />
<TLINK id="TL119" fromID="E103" fromText="bands" toID="E102" toText="41% neutrophils" type="OVERLAP" />
<TLINK id="TL120" fromID="E103" fromText="bands" toID="E104" toText="Repeat platelet count" type="OVERLAP" />
<TLINK id="TL121" fromID="E104" fromText="Repeat platelet count" toID="T25" toText="day of life three" type="OVERLAP" />
<TLINK id="TL122" fromID="E105" fromText="ampicillin" toID="T26" toText="48 hours" type="OVERLAP" />
<TLINK id="TL123" fromID="E106" fromText="gentamicin" toID="T26" toText="48 hours" type="OVERLAP" />
<TLINK id="TL124" fromID="E106" fromText="gentamicin" toID="E107" toText="rule out" type="OVERLAP" />
<TLINK id="TL125" fromID="E108" fromText="sepsis" toID="E107" toText="rule out" type="BEFORE" />
<TLINK id="TL126" fromID="E108" fromText="sepsis" toID="E109" toText="Blood cultures" type="OVERLAP" />
<TLINK id="TL127" fromID="E110" fromText="any issues" toID="E109" toText="Blood cultures" type="BEFORE" />
<TLINK id="TL128" fromID="E110" fromText="any issues" toID="E111" toText="sepsis this hospitalization" type="OVERLAP" />
<TLINK id="TL129" fromID="E112" fromText="Head ultrasound" toID="T27" toText="day of life seven" type="OVERLAP" />
<TLINK id="TL130" fromID="E112" fromText="Head ultrasound" toID="E113" toText="showed" type="OVERLAP" />
<TLINK id="TL131" fromID="E114" fromText="intraventricular hemorrhage" toID="E113" toText="showed" type="BEFORE" />
<TLINK id="TL132" fromID="E114" fromText="intraventricular hemorrhage" toID="E115" toText="A repeat head ultrasound" type="OVERLAP" />
<TLINK id="TL133" fromID="E115" fromText="A repeat head ultrasound" toID="T28" toText="day of life 33 06-07" type="OVERLAP" />
<TLINK id="TL134" fromID="E115" fromText="A repeat head ultrasound" toID="E116" toText="showed" type="OVERLAP" />
<TLINK id="TL135" fromID="E117" fromText="a slight increase of echogenicity in the caudothalamic groove" toID="E116" toText="showed" type="BEFORE" />
<TLINK id="TL136" fromID="E118" fromText="bilateral germinal matrix hemorrhages" toID="E117" toText="a slight increase of echogenicity in the caudothalamic groove" type="OVERLAP" />
<TLINK id="TL137" fromID="E119" fromText="periventricular leukomalacia" toID="E118" toText="bilateral germinal matrix hemorrhages" type="OVERLAP" />
<TLINK id="TL138" fromID="E119" fromText="periventricular leukomalacia" toID="E120" toText="A repeat head ultrasound" type="OVERLAP" />
<TLINK id="TL139" fromID="T29" fromText="one month" toID="E120" toText="A repeat head ultrasound" type="AFTER" />
<TLINK id="TL140" fromID="E121" fromText="Normal neurological examination" toID="E120" toText="A repeat head ultrasound" type="OVERLAP" />
<TLINK id="TL141" fromID="E121" fromText="Normal neurological examination" toID="E122" toText="hearing screening" type="OVERLAP" />
<TLINK id="TL142" fromID="E122" fromText="hearing screening" toID="E123" toText="automated auditory brain stem responses" type="OVERLAP" />
<TLINK id="TL143" fromID="E124" fromText="passed both ears" toID="E123" toText="automated auditory brain stem responses" type="OVERLAP" />
<TLINK id="TL144" fromID="E125" fromText="examined most" toID="E124" toText="passed both ears" type="OVERLAP" />
<TLINK id="TL145" fromID="E125" fromText="examined most" toID="T30" toText="05-30" type="OVERLAP" />
<TLINK id="TL146" fromID="E126" fromText="the retinal vessels" toID="E125" toText="examined most" type="OVERLAP" />
<TLINK id="TL147" fromID="E127" fromText="ROP" toID="E126" toText="the retinal vessels" type="OVERLAP" />
<TLINK id="TL148" fromID="E128" fromText="A follow up examination" toID="T30" toText="05-30" type="OVERLAP" />
<TLINK id="TL149" fromID="E128" fromText="A follow up examination" toID="T31" toText="the week of 06-20" type="OVERLAP" />
<TLINK id="TL150" fromID="E130" fromText="the Neonatal Intensive Care Unit" toID="E129" toText="Parents" type="AFTER" />
<TLINK id="SECTIME0" fromID="E1" fromText="Admission" toID="T1" toText="2016-05-05" type="BEFORE" />
<TLINK id="SECTIME1" fromID="E2" fromText="Discharge" toID="T1" toText="2016-05-05" type="BEFORE" />
<TLINK id="SECTIME2" fromID="E3" fromText="cesarean section" toID="T1" toText="2016-05-05" type="BEFORE" />
<TLINK id="SECTIME3" fromID="E4" fromText="progressive preterm labor" toID="T1" toText="2016-05-05" type="BEFORE" />
<TLINK id="SECTIME4" fromID="E5" fromText="Marian Jane conception" toID="T1" toText="2016-05-05" type="BEFORE" />
<TLINK id="SECTIME5" fromID="E6" fromText="Prenatal screen" toID="T1" toText="2016-05-05" type="BEFORE" />
<TLINK id="SECTIME6" fromID="E7" fromText="O positive" toID="T1" toText="2016-05-05" type="BEFORE" />
<TLINK id="SECTIME7" fromID="E8" fromText="antibody" toID="T1" toText="2016-05-05" type="BEFORE" />
<TLINK id="SECTIME8" fromID="E9" fromText="RPR" toID="T1" toText="2016-05-05" type="BEFORE" />
<TLINK id="SECTIME9" fromID="E10" fromText="hepatitis B surface antigen" toID="T1" toText="2016-05-05" type="BEFORE" />
<TLINK id="SECTIME10" fromID="E11" fromText="GBS" toID="T1" toText="2016-05-05" type="BEFORE" />
<TLINK id="SECTIME11" fromID="E12" fromText="Rubella" toID="T1" toText="2016-05-05" type="BEFORE" />
<TLINK id="SECTIME12" fromID="E13" fromText="gestational diabetes mellitus" toID="T1" toText="2016-05-05" type="BEFORE" />
<TLINK id="SECTIME13" fromID="E14" fromText="preterm labor" toID="T1" toText="2016-05-05" type="BEFORE" />
<TLINK id="SECTIME14" fromID="E15" fromText="presented" toID="T1" toText="2016-05-05" type="BEFORE" />
<TLINK id="SECTIME15" fromID="E16" fromText="abdominal discomfort" toID="T1" toText="2016-05-05" type="BEFORE" />
<TLINK id="SECTIME16" fromID="E17" fromText="vaginal pressure" toID="T1" toText="2016-05-05" type="BEFORE" />
<TLINK id="SECTIME17" fromID="E18" fromText="admitted" toID="T1" toText="2016-05-05" type="BEFORE" />
<TLINK id="SECTIME18" fromID="E19" fromText="betamethasone" toID="T1" toText="2016-05-05" type="BEFORE" />
<TLINK id="SECTIME19" fromID="E20" fromText="delivery" toID="T1" toText="2016-05-05" type="BEFORE" />
<TLINK id="SECTIME20" fromID="E21" fromText="presented" toID="T1" toText="2016-05-05" type="BEFORE" />
<TLINK id="SECTIME21" fromID="E22" fromText="delivery" toID="T1" toText="2016-05-05" type="BEFORE" />
<TLINK id="SECTIME22" fromID="E23" fromText="preterm labor" toID="T1" toText="2016-05-05" type="BEFORE" />
<TLINK id="SECTIME23" fromID="E24" fromText="cervical dilation" toID="T1" toText="2016-05-05" type="BEFORE" />
<TLINK id="SECTIME24" fromID="E25" fromText="delivered" toID="T1" toText="2016-05-05" type="OVERLAP" />
<TLINK id="SECTIME25" fromID="E26" fromText="repeat cesarean section" toID="T1" toText="2016-05-05" type="BEFORE" />
<TLINK id="SECTIME26" fromID="E27" fromText="blow" toID="T1" toText="2016-05-05" type="BEFORE" />
<TLINK id="SECTIME27" fromID="E28" fromText="oxygen" toID="T1" toText="2016-05-05" type="BEFORE" />
<TLINK id="SECTIME28" fromID="E29" fromText="routine care in delivery room" toID="T1" toText="2016-05-05" type="BEFORE" />
<TLINK id="SECTIME29" fromID="E30" fromText="Apgars" toID="T1" toText="2016-05-05" type="BEFORE" />
<TLINK id="SECTIME30" fromID="E31" fromText="demonstrated" toID="T1" toText="2016-05-05" type="BEFORE" />
<TLINK id="SECTIME31" fromID="E32" fromText="mild increased work of breathing in the delivery room" toID="T1" toText="2016-05-05" type="OVERLAP" />
<TLINK id="SECTIME32" fromID="E33" fromText="transported to Neonatal Intensive Care Unit" toID="T1" toText="2016-05-05" type="BEFORE" />
<TLINK id="SECTIME33" fromID="E34" fromText="facial CPAP" toID="T1" toText="2016-05-05" type="BEFORE" />
<TLINK id="SECTIME34" fromID="E35" fromText="admission" toID="T2" toText="2016-06-15" type="BEFORE" />
<TLINK id="SECTIME35" fromID="E36" fromText="CPAP" toID="T2" toText="2016-06-15" type="BEFORE" />
<TLINK id="SECTIME36" fromID="E37" fromText="30% oxygen" toID="T2" toText="2016-06-15" type="BEFORE" />
<TLINK id="SECTIME37" fromID="E38" fromText="Initial capillary blood gas" toID="T2" toText="2016-06-15" type="BEFORE" />
<TLINK id="SECTIME38" fromID="E39" fromText="pH" toID="T2" toText="2016-06-15" type="BEFORE" />
<TLINK id="SECTIME39" fromID="E40" fromText="CO2" toID="T2" toText="2016-06-15" type="BEFORE" />
<TLINK id="SECTIME40" fromID="E41" fromText="intubated" toID="T2" toText="2016-06-15" type="BEFORE" />
<TLINK id="SECTIME41" fromID="E42" fromText="increased respiratory distress" toID="T2" toText="2016-06-15" type="BEFORE" />
<TLINK id="SECTIME42" fromID="E43" fromText="extubated" toID="T2" toText="2016-06-15" type="BEFORE" />
<TLINK id="SECTIME43" fromID="E44" fromText="CPAP" toID="T2" toText="2016-06-15" type="BEFORE" />
<TLINK id="SECTIME44" fromID="E45" fromText="room air" toID="T2" toText="2016-06-15" type="BEFORE" />
<TLINK id="SECTIME45" fromID="E46" fromText="room air" toID="T2" toText="2016-06-15" type="BEFORE" />
<TLINK id="SECTIME46" fromID="E47" fromText="the hospitalization" toID="T2" toText="2016-06-15" type="BEFORE" />
<TLINK id="SECTIME47" fromID="E48" fromText="Caffeine citrate" toID="T2" toText="2016-06-15" type="BEFORE" />
<TLINK id="SECTIME48" fromID="E49" fromText="apnea" toID="T2" toText="2016-06-15" type="BEFORE" />
<TLINK id="SECTIME49" fromID="E50" fromText="bradycardia" toID="T2" toText="2016-06-15" type="BEFORE" />
<TLINK id="SECTIME50" fromID="E51" fromText="hemodynamically stable" toID="T2" toText="2016-06-15" type="BEFORE" />
<TLINK id="SECTIME51" fromID="E52" fromText="this hospitalization" toID="T2" toText="2016-06-15" type="BEFORE" />
<TLINK id="SECTIME52" fromID="E53" fromText="murmur" toID="T2" toText="2016-06-15" type="BEFORE" />
<TLINK id="SECTIME53" fromID="E54" fromText="Heart rate" toID="T2" toText="2016-06-15" type="BEFORE" />
<TLINK id="SECTIME54" fromID="E55" fromText="mean blood pressure" toID="T2" toText="2016-06-15" type="BEFORE" />
<TLINK id="SECTIME55" fromID="E56" fromText="enteral feedings" toID="T2" toText="2016-06-15" type="BEFORE" />
<TLINK id="SECTIME56" fromID="E57" fromText="advanced" toID="T2" toText="2016-06-15" type="BEFORE" />
<TLINK id="SECTIME57" fromID="E58" fromText="full volume feedings" toID="T2" toText="2016-06-15" type="BEFORE" />
<TLINK id="SECTIME58" fromID="E59" fromText="feeding advancement infant" toID="T2" toText="2016-06-15" type="BEFORE" />
<TLINK id="SECTIME59" fromID="E60" fromText="parenteral nutrition and intralipids" toID="T2" toText="2016-06-15" type="BEFORE" />
<TLINK id="SECTIME60" fromID="E61" fromText="tolerated" toID="T2" toText="2016-06-15" type="BEFORE" />
<TLINK id="SECTIME61" fromID="E62" fromText="feeding advancement" toID="T2" toText="2016-06-15" type="BEFORE" />
<TLINK id="SECTIME62" fromID="E63" fromText="difficulty" toID="T2" toText="2016-06-15" type="BEFORE" />
<TLINK id="SECTIME63" fromID="E64" fromText="maximum caloric density" toID="T2" toText="2016-06-15" type="BEFORE" />
<TLINK id="SECTIME64" fromID="E65" fromText="breast milk" toID="T2" toText="2016-06-15" type="BEFORE" />
<TLINK id="SECTIME65" fromID="E66" fromText="premature Enfamil" toID="T2" toText="2016-06-15" type="BEFORE" />
<TLINK id="SECTIME66" fromID="E67" fromText="ProMod" toID="T2" toText="2016-06-15" type="BEFORE" />
<TLINK id="SECTIME67" fromID="E68" fromText="breast milk" toID="T2" toText="2016-06-15" type="BEFORE" />
<TLINK id="SECTIME68" fromID="E69" fromText="Enfamil" toID="T2" toText="2016-06-15" type="BEFORE" />
<TLINK id="SECTIME69" fromID="E70" fromText="The most recent weight" toID="T2" toText="2016-06-15" type="BEFORE" />
<TLINK id="SECTIME70" fromID="E71" fromText="Head circumference" toID="T2" toText="2016-06-15" type="BEFORE" />
<TLINK id="SECTIME71" fromID="E72" fromText="length" toID="T2" toText="2016-06-15" type="BEFORE" />
<TLINK id="SECTIME72" fromID="E73" fromText="The most recent electrolytes" toID="T2" toText="2016-06-15" type="BEFORE" />
<TLINK id="SECTIME73" fromID="E74" fromText="sodium" toID="T2" toText="2016-06-15" type="BEFORE" />
<TLINK id="SECTIME74" fromID="E75" fromText="chloride" toID="T2" toText="2016-06-15" type="BEFORE" />
<TLINK id="SECTIME75" fromID="E76" fromText="potassium" toID="T2" toText="2016-06-15" type="BEFORE" />
<TLINK id="SECTIME76" fromID="E77" fromText="TCO2" toID="T2" toText="2016-06-15" type="BEFORE" />
<TLINK id="SECTIME77" fromID="E78" fromText="calcium" toID="T2" toText="2016-06-15" type="BEFORE" />
<TLINK id="SECTIME78" fromID="E79" fromText="phosphorus" toID="T2" toText="2016-06-15" type="BEFORE" />
<TLINK id="SECTIME79" fromID="E80" fromText="alkaline phosphatase" toID="T2" toText="2016-06-15" type="AFTER" />
<TLINK id="SECTIME80" fromID="E81" fromText="double phototherapy" toID="T2" toText="2016-06-15" type="BEFORE" />
<TLINK id="SECTIME81" fromID="E82" fromText="a maximum bilirubin level" toID="T2" toText="2016-06-15" type="BEFORE" />
<TLINK id="SECTIME82" fromID="E83" fromText="a direct" toID="T2" toText="2016-06-15" type="BEFORE" />
<TLINK id="SECTIME83" fromID="E84" fromText="decreased" toID="T2" toText="2016-06-15" type="BEFORE" />
<TLINK id="SECTIME84" fromID="E85" fromText="single phototherapy" toID="T2" toText="2016-06-15" type="BEFORE" />
<TLINK id="SECTIME85" fromID="E86" fromText="phototherapy" toID="T2" toText="2016-06-15" type="BEFORE" />
<TLINK id="SECTIME86" fromID="E87" fromText="Rebound bilirubin level" toID="T2" toText="2016-06-15" type="BEFORE" />
<TLINK id="SECTIME87" fromID="E88" fromText="a direct" toID="T2" toText="2016-06-15" type="BEFORE" />
<TLINK id="SECTIME88" fromID="E89" fromText="any blood transfusions" toID="T2" toText="2016-06-15" type="BEFORE" />
<TLINK id="SECTIME89" fromID="E90" fromText="this hospitalization" toID="T2" toText="2016-06-15" type="BEFORE" />
<TLINK id="SECTIME90" fromID="E91" fromText="The most recent hematocrit" toID="T2" toText="2016-06-15" type="BEFORE" />
<TLINK id="SECTIME91" fromID="E92" fromText="CBC" toID="T2" toText="2016-06-15" type="BEFORE" />
<TLINK id="SECTIME92" fromID="E93" fromText="admission white blood cell count" toID="T2" toText="2016-06-15" type="BEFORE" />
<TLINK id="SECTIME93" fromID="E94" fromText="hematocrit" toID="T2" toText="2016-06-15" type="BEFORE" />
<TLINK id="SECTIME94" fromID="E95" fromText="platelets" toID="T2" toText="2016-06-15" type="BEFORE" />
<TLINK id="SECTIME95" fromID="E96" fromText="6% neutrophils" toID="T2" toText="2016-06-15" type="BEFORE" />
<TLINK id="SECTIME96" fromID="E97" fromText="bands" toID="T2" toText="2016-06-15" type="BEFORE" />
<TLINK id="SECTIME97" fromID="E98" fromText="Repeat CBC" toID="T2" toText="2016-06-15" type="BEFORE" />
<TLINK id="SECTIME98" fromID="E99" fromText="showed" toID="T2" toText="2016-06-15" type="BEFORE" />
<TLINK id="SECTIME99" fromID="E100" fromText="a white blood cell count" toID="T2" toText="2016-06-15" type="BEFORE" />
<TLINK id="SECTIME100" fromID="E101" fromText="platelets" toID="T2" toText="2016-06-15" type="BEFORE" />
<TLINK id="SECTIME101" fromID="E102" fromText="41% neutrophils" toID="T2" toText="2016-06-15" type="BEFORE" />
<TLINK id="SECTIME102" fromID="E103" fromText="bands" toID="T2" toText="2016-06-15" type="BEFORE" />
<TLINK id="SECTIME103" fromID="E104" fromText="Repeat platelet count" toID="T2" toText="2016-06-15" type="BEFORE" />
<TLINK id="SECTIME104" fromID="E105" fromText="ampicillin" toID="T2" toText="2016-06-15" type="BEFORE" />
<TLINK id="SECTIME105" fromID="E106" fromText="gentamicin" toID="T2" toText="2016-06-15" type="BEFORE" />
<TLINK id="SECTIME106" fromID="E107" fromText="rule out" toID="T2" toText="2016-06-15" type="BEFORE" />
<TLINK id="SECTIME107" fromID="E108" fromText="sepsis" toID="T2" toText="2016-06-15" type="BEFORE" />
<TLINK id="SECTIME108" fromID="E109" fromText="Blood cultures" toID="T2" toText="2016-06-15" type="BEFORE" />
<TLINK id="SECTIME109" fromID="E110" fromText="any issues" toID="T2" toText="2016-06-15" type="BEFORE" />
<TLINK id="SECTIME110" fromID="E111" fromText="sepsis this hospitalization" toID="T2" toText="2016-06-15" type="BEFORE" />
<TLINK id="SECTIME111" fromID="E112" fromText="Head ultrasound" toID="T2" toText="2016-06-15" type="BEFORE" />
<TLINK id="SECTIME112" fromID="E113" fromText="showed" toID="T2" toText="2016-06-15" type="BEFORE" />
<TLINK id="SECTIME113" fromID="E114" fromText="intraventricular hemorrhage" toID="T2" toText="2016-06-15" type="BEFORE" />
<TLINK id="SECTIME114" fromID="E115" fromText="A repeat head ultrasound" toID="T2" toText="2016-06-15" type="BEFORE" />
<TLINK id="SECTIME115" fromID="E116" fromText="showed" toID="T2" toText="2016-06-15" type="BEFORE" />
<TLINK id="SECTIME116" fromID="E117" fromText="a slight increase of echogenicity in the caudothalamic groove" toID="T2" toText="2016-06-15" type="BEFORE" />
<TLINK id="SECTIME117" fromID="E118" fromText="bilateral germinal matrix hemorrhages" toID="T2" toText="2016-06-15" type="BEFORE" />
<TLINK id="SECTIME118" fromID="E119" fromText="periventricular leukomalacia" toID="T2" toText="2016-06-15" type="BEFORE" />
<TLINK id="SECTIME119" fromID="E120" fromText="A repeat head ultrasound" toID="T2" toText="2016-06-15" type="BEFORE" />
<TLINK id="SECTIME120" fromID="E121" fromText="Normal neurological examination" toID="T2" toText="2016-06-15" type="BEFORE" />
<TLINK id="SECTIME121" fromID="E122" fromText="hearing screening" toID="T2" toText="2016-06-15" type="BEFORE" />
<TLINK id="SECTIME122" fromID="E123" fromText="automated auditory brain stem responses" toID="T2" toText="2016-06-15" type="BEFORE" />
<TLINK id="SECTIME123" fromID="E124" fromText="passed both ears" toID="T2" toText="2016-06-15" type="BEFORE" />
<TLINK id="SECTIME124" fromID="E125" fromText="examined most" toID="T2" toText="2016-06-15" type="OVERLAP" />
<TLINK id="SECTIME125" fromID="E126" fromText="the retinal vessels" toID="T2" toText="2016-06-15" type="BEFORE" />
<TLINK id="SECTIME126" fromID="E127" fromText="ROP" toID="T2" toText="2016-06-15" type="BEFORE" />
<TLINK id="SECTIME127" fromID="E128" fromText="A follow up examination" toID="T2" toText="2016-06-15" type="AFTER" />
<TLINK id="SECTIME128" fromID="E129" fromText="Parents" toID="T2" toText="2016-06-15" type="BEFORE" />
<TLINK id="SECTIME129" fromID="E130" fromText="the Neonatal Intensive Care Unit" toID="T2" toText="2016-06-15" type="BEFORE" />
<SECTIME id="S0" start="18" end="28" text="2016-05-05" type="ADMISSION" dvalue="2016-05-05" />
<SECTIME id="S1" start="46" end="56" text="2016-06-15" type="DISCHARGE" dvalue="2016-06-15" />
</TAGS>
</ClinicalNarrativeTemporalAnnotation>

