<?xml version="1.0" encoding="UTF-8" ?>
<ClinicalNarrativeTemporalAnnotation>
<TEXT><![CDATA[
ADMISSION DATE :
12/4/95
DISCHARGE DATE :
12/8/95
COURSE IN HOSPITAL :
The patient was hydrated well and given Adriamycin 27 mg and DTIC 450 mg daily for four days .
He also got ifosfamide 3.6 grams a day with mesna .
He tolerated treatment well and was discharged in good condition .
FOLLOWUP :
by private physician .
]]></TEXT>
<TAGS>
<EVENT id="E1" start="1" end="10" text="ADMISSION" modality="FACTUAL" polarity="POS" type="OCCURRENCE" />
<EVENT id="E2" start="26" end="35" text="DISCHARGE" modality="FACTUAL" polarity="POS" type="OCCURRENCE" />
<EVENT id="E3" start="88" end="101" text="hydrated well" modality="FACTUAL" polarity="POS" type="OCCURRENCE" />
<EVENT id="E4" start="112" end="122" text="Adriamycin" modality="FACTUAL" polarity="POS" type="TREATMENT" />
<EVENT id="E5" start="133" end="137" text="DTIC" modality="FACTUAL" polarity="POS" type="TREATMENT" />
<EVENT id="E6" start="179" end="189" text="ifosfamide" modality="FACTUAL" polarity="POS" type="TREATMENT" />
<EVENT id="E7" start="211" end="216" text="mesna" modality="FACTUAL" polarity="POS" type="TREATMENT" />
<EVENT id="E8" start="222" end="246" text="tolerated treatment well" modality="FACTUAL" polarity="POS" type="OCCURRENCE" />
<EVENT id="E9" start="255" end="265" text="discharged" modality="FACTUAL" polarity="POS" type="OCCURRENCE" />
<EVENT id="E10" start="269" end="283" text="good condition" modality="FACTUAL" polarity="POS" type="OCCURRENCE" />
<TIMEX3 id="T1" start="18" end="25" text="12/4/95" type="DATE" val="1995-12-04" mod="NA" />
<TIMEX3 id="T2" start="43" end="50" text="12/8/95" type="DATE" val="1995-12-08" mod="NA" />
<TIMEX3 id="T3" start="145" end="150" text="daily" type="FREQUENCY" val="RP1D" mod="NA" />
<TIMEX3 id="T4" start="155" end="164" text="four days" type="DURATION" val="P4D" mod="NA" />
<TIMEX3 id="T5" start="200" end="205" text="a day" type="FREQUENCY" val="P1D" mod="NA" />
<TLINK id="TL1" fromID="E1" fromText="ADMISSION" toID="T1" toText="12/4/95" type="OVERLAP" />
<TLINK id="TL3" fromID="E2" fromText="DISCHARGE" toID="T2" toText="12/8/95" type="OVERLAP" />
<TLINK id="TL4" fromID="E3" fromText="hydrated well" toID="E4" toText="Adriamycin" type="OVERLAP" />
<TLINK id="TL5" fromID="E5" fromText="DTIC" toID="E4" toText="Adriamycin" type="OVERLAP" />
<TLINK id="TL6" fromID="E5" fromText="DTIC" toID="T3" toText="daily" type="OVERLAP" />
<TLINK id="TL7" fromID="E5" fromText="DTIC" toID="T4" toText="four days" type="OVERLAP" />
<TLINK id="TL8" fromID="E6" fromText="ifosfamide" toID="T4" toText="four days" type="OVERLAP" />
<TLINK id="TL9" fromID="E6" fromText="ifosfamide" toID="T5" toText="a day" type="OVERLAP" />
<TLINK id="TL10" fromID="E6" fromText="ifosfamide" toID="E7" toText="mesna" type="OVERLAP" />
<TLINK id="TL11" fromID="E8" fromText="tolerated treatment well" toID="E7" toText="mesna" type="OVERLAP" />
<TLINK id="TL12" fromID="E8" fromText="tolerated treatment well" toID="E9" toText="discharged" type="OVERLAP" />
<TLINK id="TL13" fromID="E10" fromText="good condition" toID="E9" toText="discharged" type="BEFORE" />
<TLINK id="SECTIME0" fromID="E1" fromText="ADMISSION" toID="T1" toText="12/4/95" type="BEFORE" />
<TLINK id="SECTIME1" fromID="E2" fromText="DISCHARGE" toID="T1" toText="12/4/95" type="BEFORE" />
<TLINK id="SECTIME2" fromID="E3" fromText="hydrated well" toID="T1" toText="12/4/95" type="BEFORE" />
<TLINK id="SECTIME3" fromID="E4" fromText="Adriamycin" toID="T1" toText="12/4/95" type="BEFORE" />
<TLINK id="SECTIME4" fromID="E5" fromText="DTIC" toID="T1" toText="12/4/95" type="BEFORE" />
<TLINK id="SECTIME5" fromID="E6" fromText="ifosfamide" toID="T1" toText="12/4/95" type="BEFORE" />
<TLINK id="SECTIME6" fromID="E7" fromText="mesna" toID="T1" toText="12/4/95" type="BEFORE" />
<TLINK id="SECTIME7" fromID="E8" fromText="tolerated treatment well" toID="T1" toText="12/4/95" type="BEFORE" />
<TLINK id="SECTIME8" fromID="E9" fromText="discharged" toID="T1" toText="12/4/95" type="OVERLAP" />
<TLINK id="SECTIME9" fromID="E10" fromText="good condition" toID="T1" toText="12/4/95" type="BEFORE" />
<SECTIME id="S0" start="18" end="25" text="12/4/95" type="ADMISSION" dvalue="1995-12-04" />
<SECTIME id="S1" start="43" end="50" text="12/8/95" type="DISCHARGE" dvalue="1995-12-08" />
</TAGS>
</ClinicalNarrativeTemporalAnnotation>

