<?xml version="1.0" encoding="UTF-8" ?>
<ClinicalNarrativeTemporalAnnotation>
<TEXT><![CDATA[
ADMISSION DATE :
10/17/95
DISCHARGE DATE :
10/20/95
HISTORY OF PRESENT ILLNESS :
This is a 73-year-old man with squamous cell carcinoma of the lung , status post lobectomy and resection of left cervical recurrence , admitted here with fever and neutropenia .
Recently he had been receiving a combination of outpatient chemotherapy with the CAMP Program .
Other medical problems include hypothyroidism , hypercholesterolemia , hypertension and neuropathy from Taxol .
HOSPITAL COURSE :
He was started on Neupogen , 400 mcg. subq. q.d.
He was initially treated with antibiotic therapy .
Chest x-ray showed questionable nodule in the right lower lobe , reasonably stable .
Calcium 8.7 , bilirubin 0.3/1.3 , creatinine 1.1 , glucose 128 .
Hematocrit 24.6 .
WBC rose to 1.7 on 10/19 .
The patient had some diarrhea .
There was no diarrhea on 10/20 .
He was feeling well and afebrile .
The neutropenia resolved and he was felt to be in satisfactory condition on discharge on 10/20/95 .
He was discharged home on Neupogen .
]]></TEXT>
<TAGS>
<EVENT id="E1" start="1" end="10" text="ADMISSION" modality="FACTUAL" polarity="POS" type="OCCURRENCE" />
<EVENT id="E2" start="27" end="36" text="DISCHARGE" modality="FACTUAL" polarity="POS" type="OCCURRENCE" />
<EVENT id="E3" start="113" end="148" text="squamous cell carcinoma of the lung" modality="FACTUAL" polarity="POS" type="PROBLEM" />
<EVENT id="E4" start="163" end="172" text="lobectomy" modality="FACTUAL" polarity="POS" type="TREATMENT" />
<EVENT id="E5" start="177" end="214" text="resection of left cervical recurrence" modality="FACTUAL" polarity="POS" type="TREATMENT" />
<EVENT id="E6" start="217" end="225" text="admitted" modality="FACTUAL" polarity="POS" type="OCCURRENCE" />
<EVENT id="E7" start="236" end="241" text="fever" modality="FACTUAL" polarity="POS" type="PROBLEM" />
<EVENT id="E8" start="246" end="257" text="neutropenia" modality="FACTUAL" polarity="POS" type="PROBLEM" />
<EVENT id="E9" start="308" end="331" text="outpatient chemotherapy" modality="FACTUAL" polarity="POS" type="TREATMENT" />
<EVENT id="E10" start="337" end="353" text="the CAMP Program" modality="FACTUAL" polarity="POS" type="TREATMENT" />
<EVENT id="E11" start="387" end="401" text="hypothyroidism" modality="FACTUAL" polarity="POS" type="PROBLEM" />
<EVENT id="E12" start="404" end="424" text="hypercholesterolemia" modality="FACTUAL" polarity="POS" type="PROBLEM" />
<EVENT id="E13" start="427" end="439" text="hypertension" modality="FACTUAL" polarity="POS" type="PROBLEM" />
<EVENT id="E14" start="444" end="454" text="neuropathy" modality="FACTUAL" polarity="POS" type="PROBLEM" />
<EVENT id="E15" start="460" end="465" text="Taxol" modality="FACTUAL" polarity="POS" type="TREATMENT" />
<EVENT id="E16" start="504" end="512" text="Neupogen" modality="FACTUAL" polarity="POS" type="TREATMENT" />
<EVENT id="E17" start="565" end="583" text="antibiotic therapy" modality="FACTUAL" polarity="POS" type="TREATMENT" />
<EVENT id="E18" start="586" end="597" text="Chest x-ray" modality="FACTUAL" polarity="POS" type="TEST" />
<EVENT id="E19" start="598" end="604" text="showed" modality="FACTUAL" polarity="POS" type="EVIDENTIAL" />
<EVENT id="E20" start="605" end="648" text="questionable nodule in the right lower lobe" modality="FACTUAL" polarity="POS" type="PROBLEM" />
<EVENT id="E21" start="651" end="668" text="reasonably stable" modality="FACTUAL" polarity="POS" type="OCCURRENCE" />
<EVENT id="E22" start="671" end="678" text="Calcium" modality="FACTUAL" polarity="POS" type="TEST" />
<EVENT id="E23" start="685" end="694" text="bilirubin" modality="FACTUAL" polarity="POS" type="TEST" />
<EVENT id="E24" start="705" end="715" text="creatinine" modality="FACTUAL" polarity="POS" type="TEST" />
<EVENT id="E25" start="722" end="729" text="glucose" modality="FACTUAL" polarity="POS" type="TEST" />
<EVENT id="E26" start="736" end="746" text="Hematocrit" modality="FACTUAL" polarity="POS" type="TEST" />
<EVENT id="E27" start="754" end="757" text="WBC" modality="FACTUAL" polarity="POS" type="TEST" />
<EVENT id="E28" start="797" end="810" text="some diarrhea" modality="FACTUAL" polarity="POS" type="PROBLEM" />
<EVENT id="E29" start="826" end="834" text="diarrhea" modality="FACTUAL" polarity="NEG" type="PROBLEM" />
<EVENT id="E30" start="853" end="865" text="feeling well" modality="FACTUAL" polarity="POS" type="OCCURRENCE" />
<EVENT id="E31" start="870" end="878" text="afebrile" modality="FACTUAL" polarity="POS" type="PROBLEM" />
<EVENT id="E32" start="881" end="896" text="The neutropenia" modality="FACTUAL" polarity="POS" type="PROBLEM" />
<EVENT id="E33" start="931" end="953" text="satisfactory condition" modality="FACTUAL" polarity="POS" type="OCCURRENCE" />
<EVENT id="E34" start="957" end="966" text="discharge" modality="FACTUAL" polarity="POS" type="OCCURRENCE" />
<EVENT id="E35" start="988" end="998" text="discharged" modality="FACTUAL" polarity="POS" type="OCCURRENCE" />
<EVENT id="E36" start="1007" end="1015" text="Neupogen" modality="FACTUAL" polarity="POS" type="TREATMENT" />
<TIMEX3 id="T1" start="18" end="26" text="10/17/95" type="DATE" val="1995-10-17" mod="NA" />
<TIMEX3 id="T2" start="44" end="52" text="10/20/95" type="DATE" val="1995-10-20" mod="NA" />
<TIMEX3 id="T3" start="530" end="534" text="q.d." type="FREQUENCY" val="RP1D" mod="NA" />
<TIMEX3 id="T4" start="773" end="778" text="10/19" type="DATE" val="1995-10-19" mod="NA" />
<TIMEX3 id="T5" start="838" end="843" text="10/20" type="DATE" val="1995-10-20" mod="NA" />
<TIMEX3 id="T6" start="970" end="978" text="10/20/95" type="DATE" val="1995-10-20" mod="NA" />
<TLINK id="TL1" fromID="E1" fromText="ADMISSION" toID="T1" toText="10/17/95" type="OVERLAP" />
<TLINK id="TL3" fromID="E2" fromText="DISCHARGE" toID="T2" toText="10/20/95" type="OVERLAP" />
<TLINK id="TL4" fromID="E3" fromText="squamous cell carcinoma of the lung" toID="E4" toText="lobectomy" type="OVERLAP" />
<TLINK id="TL5" fromID="E5" fromText="resection of left cervical recurrence" toID="E4" toText="lobectomy" type="OVERLAP" />
<TLINK id="TL6" fromID="E5" fromText="resection of left cervical recurrence" toID="E6" toText="admitted" type="OVERLAP" />
<TLINK id="TL7" fromID="E7" fromText="fever" toID="E6" toText="admitted" type="BEFORE" />
<TLINK id="TL8" fromID="E8" fromText="neutropenia" toID="E6" toText="admitted" type="BEFORE" />
<TLINK id="TL9" fromID="E8" fromText="neutropenia" toID="E9" toText="outpatient chemotherapy" type="BEFORE" />
<TLINK id="TL10" fromID="E10" fromText="the CAMP Program" toID="E9" toText="outpatient chemotherapy" type="OVERLAP" />
<TLINK id="TL11" fromID="E10" fromText="the CAMP Program" toID="E11" toText="hypothyroidism" type="OVERLAP" />
<TLINK id="TL12" fromID="E12" fromText="hypercholesterolemia" toID="E11" toText="hypothyroidism" type="OVERLAP" />
<TLINK id="TL13" fromID="E13" fromText="hypertension" toID="E12" toText="hypercholesterolemia" type="OVERLAP" />
<TLINK id="TL14" fromID="E14" fromText="neuropathy" toID="E13" toText="hypertension" type="OVERLAP" />
<TLINK id="TL15" fromID="E14" fromText="neuropathy" toID="E15" toText="Taxol" type="BEFORE" />
<TLINK id="TL16" fromID="E16" fromText="Neupogen" toID="T3" toText="q.d." type="OVERLAP" />
<TLINK id="TL17" fromID="E17" fromText="antibiotic therapy" toID="E16" toText="Neupogen" type="OVERLAP" />
<TLINK id="TL18" fromID="E18" fromText="Chest x-ray" toID="E17" toText="antibiotic therapy" type="OVERLAP" />
<TLINK id="TL19" fromID="E18" fromText="Chest x-ray" toID="E19" toText="showed" type="OVERLAP" />
<TLINK id="TL20" fromID="E20" fromText="questionable nodule in the right lower lobe" toID="E19" toText="showed" type="BEFORE" />
<TLINK id="TL21" fromID="E20" fromText="questionable nodule in the right lower lobe" toID="E21" toText="reasonably stable" type="OVERLAP" />
<TLINK id="TL22" fromID="E22" fromText="Calcium" toID="E21" toText="reasonably stable" type="OVERLAP" />
<TLINK id="TL23" fromID="E23" fromText="bilirubin" toID="E22" toText="Calcium" type="OVERLAP" />
<TLINK id="TL24" fromID="E24" fromText="creatinine" toID="E23" toText="bilirubin" type="OVERLAP" />
<TLINK id="TL25" fromID="E25" fromText="glucose" toID="E24" toText="creatinine" type="OVERLAP" />
<TLINK id="TL26" fromID="E26" fromText="Hematocrit" toID="E25" toText="glucose" type="OVERLAP" />
<TLINK id="TL27" fromID="E27" fromText="WBC" toID="E26" toText="Hematocrit" type="OVERLAP" />
<TLINK id="TL28" fromID="E27" fromText="WBC" toID="T4" toText="10/19" type="OVERLAP" />
<TLINK id="TL29" fromID="E28" fromText="some diarrhea" toID="T4" toText="10/19" type="OVERLAP" />
<TLINK id="TL30" fromID="E29" fromText="diarrhea" toID="E28" toText="some diarrhea" type="OVERLAP" />
<TLINK id="TL31" fromID="E29" fromText="diarrhea" toID="T5" toText="10/20" type="AFTER" />
<TLINK id="TL32" fromID="E30" fromText="feeling well" toID="T5" toText="10/20" type="OVERLAP" />
<TLINK id="TL33" fromID="E31" fromText="afebrile" toID="E30" toText="feeling well" type="OVERLAP" />
<TLINK id="TL34" fromID="E32" fromText="The neutropenia" toID="E31" toText="afebrile" type="OVERLAP" />
<TLINK id="TL35" fromID="E33" fromText="satisfactory condition" toID="E32" toText="The neutropenia" type="BEFORE" />
<TLINK id="TL36" fromID="E33" fromText="satisfactory condition" toID="E34" toText="discharge" type="OVERLAP" />
<TLINK id="TL37" fromID="E34" fromText="discharge" toID="T6" toText="10/20/95" type="OVERLAP" />
<TLINK id="TL38" fromID="E35" fromText="discharged" toID="E34" toText="discharge" type="OVERLAP" />
<TLINK id="TL39" fromID="E36" fromText="Neupogen" toID="E35" toText="discharged" type="BEFORE" />
<TLINK id="SECTIME0" fromID="E1" fromText="ADMISSION" toID="T1" toText="10/17/95" type="BEFORE" />
<TLINK id="SECTIME1" fromID="E2" fromText="DISCHARGE" toID="T1" toText="10/17/95" type="BEFORE" />
<TLINK id="SECTIME2" fromID="E3" fromText="squamous cell carcinoma of the lung" toID="T1" toText="10/17/95" type="BEFORE" />
<TLINK id="SECTIME3" fromID="E4" fromText="lobectomy" toID="T1" toText="10/17/95" type="BEFORE" />
<TLINK id="SECTIME4" fromID="E5" fromText="resection of left cervical recurrence" toID="T1" toText="10/17/95" type="BEFORE" />
<TLINK id="SECTIME5" fromID="E6" fromText="admitted" toID="T1" toText="10/17/95" type="BEFORE" />
<TLINK id="SECTIME6" fromID="E7" fromText="fever" toID="T1" toText="10/17/95" type="BEFORE" />
<TLINK id="SECTIME7" fromID="E8" fromText="neutropenia" toID="T1" toText="10/17/95" type="BEFORE" />
<TLINK id="SECTIME8" fromID="E9" fromText="outpatient chemotherapy" toID="T1" toText="10/17/95" type="AFTER" />
<TLINK id="SECTIME9" fromID="E10" fromText="the CAMP Program" toID="T1" toText="10/17/95" type="BEFORE" />
<TLINK id="SECTIME10" fromID="E11" fromText="hypothyroidism" toID="T1" toText="10/17/95" type="BEFORE" />
<TLINK id="SECTIME11" fromID="E12" fromText="hypercholesterolemia" toID="T1" toText="10/17/95" type="BEFORE" />
<TLINK id="SECTIME12" fromID="E13" fromText="hypertension" toID="T1" toText="10/17/95" type="BEFORE" />
<TLINK id="SECTIME13" fromID="E14" fromText="neuropathy" toID="T1" toText="10/17/95" type="BEFORE" />
<TLINK id="SECTIME14" fromID="E15" fromText="Taxol" toID="T1" toText="10/17/95" type="BEFORE" />
<TLINK id="SECTIME15" fromID="E16" fromText="Neupogen" toID="T2" toText="10/20/95" type="BEFORE" />
<TLINK id="SECTIME16" fromID="E17" fromText="antibiotic therapy" toID="T2" toText="10/20/95" type="BEFORE" />
<TLINK id="SECTIME17" fromID="E18" fromText="Chest x-ray" toID="T2" toText="10/20/95" type="BEFORE" />
<TLINK id="SECTIME18" fromID="E19" fromText="showed" toID="T2" toText="10/20/95" type="BEFORE" />
<TLINK id="SECTIME19" fromID="E20" fromText="questionable nodule in the right lower lobe" toID="T2" toText="10/20/95" type="BEFORE" />
<TLINK id="SECTIME20" fromID="E21" fromText="reasonably stable" toID="T2" toText="10/20/95" type="BEFORE" />
<TLINK id="SECTIME21" fromID="E22" fromText="Calcium" toID="T2" toText="10/20/95" type="BEFORE" />
<TLINK id="SECTIME22" fromID="E23" fromText="bilirubin" toID="T2" toText="10/20/95" type="BEFORE" />
<TLINK id="SECTIME23" fromID="E24" fromText="creatinine" toID="T2" toText="10/20/95" type="BEFORE" />
<TLINK id="SECTIME24" fromID="E25" fromText="glucose" toID="T2" toText="10/20/95" type="BEFORE" />
<TLINK id="SECTIME25" fromID="E26" fromText="Hematocrit" toID="T2" toText="10/20/95" type="BEFORE" />
<TLINK id="SECTIME26" fromID="E27" fromText="WBC" toID="T2" toText="10/20/95" type="BEFORE" />
<TLINK id="SECTIME27" fromID="E28" fromText="some diarrhea" toID="T2" toText="10/20/95" type="BEFORE" />
<TLINK id="SECTIME28" fromID="E29" fromText="diarrhea" toID="T2" toText="10/20/95" type="BEFORE" />
<TLINK id="SECTIME29" fromID="E30" fromText="feeling well" toID="T2" toText="10/20/95" type="BEFORE" />
<TLINK id="SECTIME30" fromID="E31" fromText="afebrile" toID="T2" toText="10/20/95" type="BEFORE" />
<TLINK id="SECTIME31" fromID="E32" fromText="The neutropenia" toID="T2" toText="10/20/95" type="BEFORE" />
<TLINK id="SECTIME32" fromID="E33" fromText="satisfactory condition" toID="T2" toText="10/20/95" type="BEFORE" />
<TLINK id="SECTIME33" fromID="E34" fromText="discharge" toID="T2" toText="10/20/95" type="BEFORE" />
<TLINK id="SECTIME34" fromID="E35" fromText="discharged" toID="T2" toText="10/20/95" type="OVERLAP" />
<TLINK id="SECTIME35" fromID="E36" fromText="Neupogen" toID="T2" toText="10/20/95" type="BEFORE" />
<SECTIME id="S0" start="18" end="26" text="10/17/95" type="ADMISSION" dvalue="1995-10-17" />
<SECTIME id="S1" start="44" end="52" text="10/20/95" type="DISCHARGE" dvalue="1995-10-20" />
</TAGS>
</ClinicalNarrativeTemporalAnnotation>

