<?xml version="1.0" encoding="UTF-8" ?>
<ClinicalNarrativeTemporalAnnotation>
<TEXT><![CDATA[
Admission Date :
2015-06-04
Discharge Date :
2015-06-08
Service :
CCU
HISTORY OF THE PRESENT ILLNESS :
The patient is a 57 - year-old female with a history of hypertension and hypercholesterolemia but no prior coronary artery disease history who presented with chest pain .
The patient reports the pain began at 4:00 p.m. on the day of admission .
She reports that it had essentially started earlier in the day with some GERD-like symptoms .
She had taken Maalox but had no relief with this .
The pain was intermittent through the day and then at 4:00 p.m. increased and was also associated with nausea and diaphoresis .
She reports that the pain shot through her back .
The patient has never had these symptoms in the past .
She arrived in the Emergency Room at 8:00 p.m.
At that time , the pain was unremitting .
In the Emergency Room , the patient was given Lopressor , nitroglycerin , and aspirin .
A TP3A inhibitor was not given for concern for dissection .
The patient was found to have 5057 E. Sixth Blvd. elevations in I , aVL , and V1 through V2 and ST depressions in II , III , and aVF .
The patient was taken emergently to the Cardiac Catheterization Laboratory .
HOSPITAL COURSE :
1. CORONARY ARTERY DISEASE : The patient was taken to Cardiac Catheterization where she was found to have two vessel disease .
The proximal LAD was found to have a 90% lesion with a septal branch with a 95% stenosis and a diagonal branch with 99% stenosis .
The patient had twin LAD stents to the LAD diagonal and LAD septal branches with Taxus stents .
This restored flow appropriately .
The patient also had proximal RCA lesion of 80% and a mid RCA lesion of 80-90% which were not intervened upon .
The patient was given an aspirin and Plavix and in addition started on a beta Elmore , Maxine ACE inhibitor , and these were titrated up as her blood pressure tolerated .
Given the fact that the patient had issues with muscle cramping with Atorvastatin in the past , she was started on Pravastatin which should give less of these side effects .
The patient will follow-up with Cardiology in one months time for further management of her coronary artery disease and further evaluation of her remaining RCA lesions .
2. PUMP : The patient had an echocardiogram to assess her LV function .
She was found to have an ejection fraction of 30-35% as well as an akinetic apex and apical mid and septal akinesis .
Given the fact that the patient had significant apical akinesis , she was started on heparin with a transition to Coumadin for anticoagulation for stroke prevention in the setting of apical akinesis .
On discharge , the patient was given Lovenox injections which should be continued until the patient reaches a therapeutic dose of Coumadin .
3. RHYTHM : The patient was monitored on telemetry throughout her hospitalization with no significant events .
The patient had an EP evaluation and will be followed-up by Dr. Welch .
14-087 , the patient had a signal-averaged EKG .
She will follow-up with Dr. Welch with an echocardiogram on 2015-07-24 in a meeting to discuss risk stratification for sudden cardiac death and possible ICD placement .
4. NEUROLOGY : The patient complained of left lower extremity weakness with ambulation two days after her cardiac catheterization .
The patient had no evidence for weakness on examination with good proximal and distal strength in the lower extremities as well as intact sensation .
The patient worked with Physical Therapy and was able to ambulate without difficulty .
She was also able to ascend stairs without difficulty .
The patient was already on an aspirin and Plavix should this represent a small stroke .
However , there was no evidence for neurologic deficit on examination and this will be followed-up by her primary care physician .
5. HEMATOLOGY : The patient was discharged on Coumadin for apical akinesis and stroke risk .
This will be further monitored by her primary care physician , Dr. Banks , who will adjust her Coumadin dose .
]]></TEXT>
<TAGS>
<EVENT id="E1" start="1" end="10" text="Admission" modality="FACTUAL" polarity="POS" type="OCCURRENCE" />
<EVENT id="E2" start="29" end="38" text="Discharge" modality="FACTUAL" polarity="POS" type="OCCURRENCE" />
<EVENT id="E3" start="160" end="172" text="hypertension" modality="FACTUAL" polarity="POS" type="PROBLEM" />
<EVENT id="E4" start="177" end="197" text="hypercholesterolemia" modality="FACTUAL" polarity="POS" type="PROBLEM" />
<EVENT id="E5" start="205" end="242" text="prior coronary artery disease history" modality="FACTUAL" polarity="NEG" type="PROBLEM" />
<EVENT id="E6" start="247" end="256" text="presented" modality="FACTUAL" polarity="POS" type="OCCURRENCE" />
<EVENT id="E7" start="262" end="272" text="chest pain" modality="FACTUAL" polarity="POS" type="PROBLEM" />
<EVENT id="E8" start="287" end="294" text="reports" modality="FACTUAL" polarity="POS" type="EVIDENTIAL" />
<EVENT id="E9" start="295" end="303" text="the pain" modality="FACTUAL" polarity="POS" type="PROBLEM" />
<EVENT id="E10" start="337" end="346" text="admission" modality="FACTUAL" polarity="POS" type="OCCURRENCE" />
<EVENT id="E11" start="353" end="360" text="reports" modality="FACTUAL" polarity="POS" type="EVIDENTIAL" />
<EVENT id="E12" start="417" end="440" text="some GERD-like symptoms" modality="FACTUAL" polarity="POS" type="PROBLEM" />
<EVENT id="E13" start="457" end="463" text="Maalox" modality="FACTUAL" polarity="POS" type="TREATMENT" />
<EVENT id="E14" start="475" end="481" text="relief" modality="FACTUAL" polarity="NEG" type="OCCURRENCE" />
<EVENT id="E15" start="494" end="502" text="The pain" modality="FACTUAL" polarity="POS" type="PROBLEM" />
<EVENT id="E16" start="597" end="603" text="nausea" modality="FACTUAL" polarity="POS" type="PROBLEM" />
<EVENT id="E17" start="608" end="619" text="diaphoresis" modality="FACTUAL" polarity="POS" type="PROBLEM" />
<EVENT id="E18" start="626" end="633" text="reports" modality="FACTUAL" polarity="POS" type="EVIDENTIAL" />
<EVENT id="E19" start="639" end="647" text="the pain" modality="FACTUAL" polarity="POS" type="PROBLEM" />
<EVENT id="E20" start="698" end="712" text="these symptoms" modality="FACTUAL" polarity="POS" type="PROBLEM" />
<EVENT id="E21" start="731" end="738" text="arrived" modality="FACTUAL" polarity="POS" type="OCCURRENCE" />
<EVENT id="E22" start="742" end="760" text="the Emergency Room" modality="FACTUAL" polarity="POS" type="CLINICAL_DEPT" />
<EVENT id="E23" start="789" end="797" text="the pain" modality="FACTUAL" polarity="POS" type="PROBLEM" />
<EVENT id="E24" start="802" end="813" text="unremitting" modality="FACTUAL" polarity="POS" type="OCCURRENCE" />
<EVENT id="E25" start="819" end="837" text="the Emergency Room" modality="FACTUAL" polarity="POS" type="CLINICAL_DEPT" />
<EVENT id="E26" start="862" end="871" text="Lopressor" modality="FACTUAL" polarity="POS" type="TREATMENT" />
<EVENT id="E27" start="874" end="887" text="nitroglycerin" modality="FACTUAL" polarity="POS" type="TREATMENT" />
<EVENT id="E28" start="894" end="901" text="aspirin" modality="FACTUAL" polarity="POS" type="TREATMENT" />
<EVENT id="E29" start="904" end="920" text="A TP3A inhibitor" modality="FACTUAL" polarity="POS" type="TREATMENT" />
<EVENT id="E30" start="951" end="961" text="dissection" modality="POSSIBLE" polarity="POS" type="TREATMENT" />
<EVENT id="E31" start="994" end="998" text="5057" modality="FACTUAL" polarity="POS" type="TEST" />
<EVENT id="E32" start="1042" end="1096" text="V1 through V2 and ST depressions in II , III , and aVF" modality="FACTUAL" polarity="POS" type="PROBLEM" />
<EVENT id="E33" start="1115" end="1120" text="taken" modality="FACTUAL" polarity="POS" type="OCCURRENCE" />
<EVENT id="E34" start="1135" end="1173" text="the Cardiac Catheterization Laboratory" modality="FACTUAL" polarity="POS" type="CLINICAL_DEPT" />
<EVENT id="E35" start="1197" end="1220" text="CORONARY ARTERY DISEASE" modality="FACTUAL" polarity="POS" type="PROBLEM" />
<EVENT id="E36" start="1248" end="1271" text="Cardiac Catheterization" modality="FACTUAL" polarity="POS" type="TEST" />
<EVENT id="E37" start="1300" end="1318" text="two vessel disease" modality="FACTUAL" polarity="POS" type="PROBLEM" />
<EVENT id="E38" start="1356" end="1368" text="a 90% lesion" modality="FACTUAL" polarity="POS" type="PROBLEM" />
<EVENT id="E39" start="1374" end="1389" text="a septal branch" modality="FACTUAL" polarity="POS" type="PROBLEM" />
<EVENT id="E40" start="1395" end="1409" text="a 95% stenosis" modality="FACTUAL" polarity="POS" type="PROBLEM" />
<EVENT id="E41" start="1414" end="1431" text="a diagonal branch" modality="FACTUAL" polarity="POS" type="TEST" />
<EVENT id="E42" start="1437" end="1449" text="99% stenosis" modality="FACTUAL" polarity="POS" type="PROBLEM" />
<EVENT id="E43" start="1468" end="1527" text="twin LAD stents to the LAD diagonal and LAD septal branches" modality="FACTUAL" polarity="POS" type="TREATMENT" />
<EVENT id="E44" start="1533" end="1545" text="Taxus stents" modality="FACTUAL" polarity="POS" type="TREATMENT" />
<EVENT id="E45" start="1548" end="1580" text="This restored flow appropriately" modality="FACTUAL" polarity="POS" type="OCCURRENCE" />
<EVENT id="E46" start="1635" end="1651" text="a mid RCA lesion" modality="FACTUAL" polarity="POS" type="PROBLEM" />
<EVENT id="E47" start="1677" end="1687" text="intervened" modality="FACTUAL" polarity="NEG" type="TREATMENT" />
<EVENT id="E48" start="1717" end="1727" text="an aspirin" modality="FACTUAL" polarity="POS" type="TREATMENT" />
<EVENT id="E49" start="1732" end="1738" text="Plavix" modality="FACTUAL" polarity="POS" type="TREATMENT" />
<EVENT id="E50" start="1766" end="1779" text="a beta Elmore" modality="FACTUAL" polarity="POS" type="TREATMENT" />
<EVENT id="E51" start="1782" end="1802" text="Maxine ACE inhibitor" modality="FACTUAL" polarity="POS" type="TREATMENT" />
<EVENT id="E52" start="1820" end="1831" text="titrated up" modality="FACTUAL" polarity="POS" type="OCCURRENCE" />
<EVENT id="E53" start="1835" end="1863" text="her blood pressure tolerated" modality="FACTUAL" polarity="POS" type="OCCURRENCE" />
<EVENT id="E54" start="1902" end="1908" text="issues" modality="FACTUAL" polarity="POS" type="PROBLEM" />
<EVENT id="E55" start="1914" end="1929" text="muscle cramping" modality="FACTUAL" polarity="POS" type="PROBLEM" />
<EVENT id="E56" start="1935" end="1947" text="Atorvastatin" modality="FACTUAL" polarity="POS" type="TREATMENT" />
<EVENT id="E57" start="1981" end="1992" text="Pravastatin" modality="FACTUAL" polarity="POS" type="TREATMENT" />
<EVENT id="E58" start="2019" end="2037" text="these side effects" modality="FACTUAL" polarity="POS" type="PROBLEM" />
<EVENT id="E59" start="2057" end="2066" text="follow-up" modality="FACTUAL" polarity="POS" type="OCCURRENCE" />
<EVENT id="E60" start="2072" end="2082" text="Cardiology" modality="FACTUAL" polarity="POS" type="CLINICAL_DEPT" />
<EVENT id="E61" start="2106" end="2124" text="further management" modality="FACTUAL" polarity="POS" type="TREATMENT" />
<EVENT id="E62" start="2128" end="2155" text="her coronary artery disease" modality="FACTUAL" polarity="POS" type="PROBLEM" />
<EVENT id="E63" start="2168" end="2178" text="evaluation" modality="FACTUAL" polarity="POS" type="TEST" />
<EVENT id="E64" start="2182" end="2207" text="her remaining RCA lesions" modality="FACTUAL" polarity="POS" type="PROBLEM" />
<EVENT id="E65" start="2236" end="2253" text="an echocardiogram" modality="FACTUAL" polarity="POS" type="TEST" />
<EVENT id="E66" start="2264" end="2279" text="her LV function" modality="FACTUAL" polarity="POS" type="TEST" />
<EVENT id="E67" start="2304" end="2324" text="an ejection fraction" modality="FACTUAL" polarity="POS" type="TEST" />
<EVENT id="E68" start="2346" end="2397" text="an akinetic apex and apical mid and septal akinesis" modality="FACTUAL" polarity="POS" type="PROBLEM" />
<EVENT id="E69" start="2436" end="2463" text="significant apical akinesis" modality="FACTUAL" polarity="POS" type="PROBLEM" />
<EVENT id="E70" start="2485" end="2492" text="heparin" modality="FACTUAL" polarity="POS" type="TREATMENT" />
<EVENT id="E71" start="2498" end="2510" text="a transition" modality="FACTUAL" polarity="POS" type="OCCURRENCE" />
<EVENT id="E72" start="2514" end="2522" text="Coumadin" modality="FACTUAL" polarity="POS" type="TREATMENT" />
<EVENT id="E73" start="2527" end="2542" text="anticoagulation" modality="FACTUAL" polarity="POS" type="TREATMENT" />
<EVENT id="E74" start="2547" end="2564" text="stroke prevention" modality="FACTUAL" polarity="NEG" type="TREATMENT" />
<EVENT id="E75" start="2583" end="2598" text="apical akinesis" modality="FACTUAL" polarity="POS" type="PROBLEM" />
<EVENT id="E76" start="2604" end="2613" text="discharge" modality="FACTUAL" polarity="POS" type="OCCURRENCE" />
<EVENT id="E77" start="2638" end="2656" text="Lovenox injections" modality="FACTUAL" polarity="POS" type="TREATMENT" />
<EVENT id="E78" start="2731" end="2739" text="Coumadin" modality="FACTUAL" polarity="POS" type="TREATMENT" />
<EVENT id="E79" start="2770" end="2779" text="monitored" modality="FACTUAL" polarity="POS" type="TEST" />
<EVENT id="E80" start="2783" end="2792" text="telemetry" modality="FACTUAL" polarity="POS" type="TEST" />
<EVENT id="E81" start="2804" end="2823" text="her hospitalization" modality="FACTUAL" polarity="POS" type="OCCURRENCE" />
<EVENT id="E82" start="2832" end="2850" text="significant events" modality="FACTUAL" polarity="NEG" type="PROBLEM" />
<EVENT id="E83" start="2869" end="2885" text="an EP evaluation" modality="FACTUAL" polarity="POS" type="TEST" />
<EVENT id="E84" start="2898" end="2909" text="followed-up" modality="FACTUAL" polarity="POS" type="OCCURRENCE" />
<EVENT id="E85" start="2950" end="2971" text="a signal-averaged EKG" modality="FACTUAL" polarity="POS" type="TEST" />
<EVENT id="E86" start="2983" end="2992" text="follow-up" modality="FACTUAL" polarity="POS" type="OCCURRENCE" />
<EVENT id="E87" start="3013" end="3030" text="an echocardiogram" modality="FACTUAL" polarity="POS" type="TEST" />
<EVENT id="E88" start="3048" end="3088" text="a meeting to discuss risk stratification" modality="FACTUAL" polarity="POS" type="OCCURRENCE" />
<EVENT id="E89" start="3093" end="3113" text="sudden cardiac death" modality="FACTUAL" polarity="POS" type="PROBLEM" />
<EVENT id="E90" start="3127" end="3140" text="ICD placement" modality="POSSIBLE" polarity="POS" type="TREATMENT" />
<EVENT id="E91" start="3170" end="3213" text="complained of left lower extremity weakness" modality="FACTUAL" polarity="POS" type="PROBLEM" />
<EVENT id="E92" start="3219" end="3229" text="ambulation" modality="FACTUAL" polarity="POS" type="OCCURRENCE" />
<EVENT id="E93" start="3245" end="3272" text="her cardiac catheterization" modality="FACTUAL" polarity="POS" type="TEST" />
<EVENT id="E94" start="3307" end="3315" text="weakness" modality="FACTUAL" polarity="NEG" type="PROBLEM" />
<EVENT id="E95" start="3319" end="3330" text="examination" modality="FACTUAL" polarity="POS" type="TEST" />
<EVENT id="E96" start="3354" end="3394" text="distal strength in the lower extremities" modality="FACTUAL" polarity="POS" type="PROBLEM" />
<EVENT id="E97" start="3449" end="3465" text="Physical Therapy" modality="FACTUAL" polarity="POS" type="TREATMENT" />
<EVENT id="E98" start="3482" end="3490" text="ambulate" modality="FACTUAL" polarity="POS" type="OCCURRENCE" />
<EVENT id="E99" start="3499" end="3509" text="difficulty" modality="FACTUAL" polarity="NEG" type="PROBLEM" />
<EVENT id="E100" start="3555" end="3565" text="difficulty" modality="FACTUAL" polarity="NEG" type="PROBLEM" />
<EVENT id="E101" start="3595" end="3605" text="an aspirin" modality="FACTUAL" polarity="POS" type="TREATMENT" />
<EVENT id="E102" start="3610" end="3616" text="Plavix" modality="FACTUAL" polarity="POS" type="TREATMENT" />
<EVENT id="E103" start="3639" end="3653" text="a small stroke" modality="FACTUAL" polarity="POS" type="PROBLEM" />
<EVENT id="E104" start="3692" end="3710" text="neurologic deficit" modality="FACTUAL" polarity="NEG" type="PROBLEM" />
<EVENT id="E105" start="3714" end="3725" text="examination" modality="FACTUAL" polarity="POS" type="TEST" />
<EVENT id="E106" start="3743" end="3754" text="followed-up" modality="FACTUAL" polarity="POS" type="OCCURRENCE" />
<EVENT id="E107" start="3819" end="3829" text="discharged" modality="FACTUAL" polarity="POS" type="OCCURRENCE" />
<EVENT id="E108" start="3833" end="3841" text="Coumadin" modality="FACTUAL" polarity="POS" type="TREATMENT" />
<EVENT id="E109" start="3846" end="3861" text="apical akinesis" modality="FACTUAL" polarity="POS" type="PROBLEM" />
<EVENT id="E110" start="3866" end="3877" text="stroke risk" modality="FACTUAL" polarity="POS" type="PROBLEM" />
<EVENT id="E111" start="3893" end="3910" text="further monitored" modality="FACTUAL" polarity="POS" type="OCCURRENCE" />
<EVENT id="E112" start="3971" end="3988" text="her Coumadin dose" modality="FACTUAL" polarity="POS" type="TREATMENT" />
<TIMEX3 id="T1" start="18" end="28" text="2015-06-04" type="DATE" val="2015-06-04" mod="NA" />
<TIMEX3 id="T2" start="46" end="56" text="2015-06-08" type="DATE" val="2015-06-08" mod="NA" />
<TIMEX3 id="T3" start="313" end="333" text="4:00 p.m. on the day" type="TIME" val="2015-06-04T16:00" mod="NA" />
<TIMEX3 id="T4" start="404" end="411" text="the day" type="DATE" val="2015-06-04" mod="NA" />
<TIMEX3 id="T5" start="528" end="535" text="the day" type="DATE" val="2015-06-04" mod="NA" />
<TIMEX3 id="T6" start="548" end="557" text="4:00 p.m." type="TIME" val="2015-06-04" mod="NA" />
<TIMEX3 id="T7" start="764" end="773" text="8:00 p.m." type="TIME" val="2015-06-04" mod="NA" />
<TIMEX3 id="T8" start="777" end="786" text="that time" type="DATE" val="2015-06-04" mod="NA" />
<TIMEX3 id="T9" start="2086" end="2096" text="one months" type="DURATION" val="P1M" mod="APPROX" />
<TIMEX3 id="T10" start="3034" end="3044" text="2015-07-24" type="DATE" val="2015-07-24" mod="NA" />
<TIMEX3 id="T11" start="3230" end="3238" text="two days" type="DURATION" val="P2D" mod="NA" />
<TLINK id="TL1" fromID="E1" fromText="Admission" toID="T1" toText="2015-06-04" type="OVERLAP" />
<TLINK id="TL3" fromID="E2" fromText="Discharge" toID="T2" toText="2015-06-08" type="OVERLAP" />
<TLINK id="TL4" fromID="E4" fromText="hypercholesterolemia" toID="E3" toText="hypertension" type="OVERLAP" />
<TLINK id="TL5" fromID="E5" fromText="prior coronary artery disease history" toID="E4" toText="hypercholesterolemia" type="OVERLAP" />
<TLINK id="TL6" fromID="E5" fromText="prior coronary artery disease history" toID="E6" toText="presented" type="BEFORE" />
<TLINK id="TL7" fromID="E7" fromText="chest pain" toID="E6" toText="presented" type="BEFORE" />
<TLINK id="TL8" fromID="E7" fromText="chest pain" toID="E8" toText="reports" type="OVERLAP" />
<TLINK id="TL9" fromID="E9" fromText="the pain" toID="E8" toText="reports" type="BEFORE" />
<TLINK id="TL10" fromID="E9" fromText="the pain" toID="T3" toText="4:00 p.m. on the day" type="AFTER" />
<TLINK id="TL11" fromID="E10" fromText="admission" toID="T3" toText="4:00 p.m. on the day" type="OVERLAP" />
<TLINK id="TL12" fromID="E11" fromText="reports" toID="E10" toText="admission" type="OVERLAP" />
<TLINK id="TL13" fromID="T4" fromText="the day" toID="E11" toText="reports" type="OVERLAP" />
<TLINK id="TL14" fromID="E12" fromText="some GERD-like symptoms" toID="T4" toText="the day" type="OVERLAP" />
<TLINK id="TL15" fromID="E13" fromText="Maalox" toID="T4" toText="the day" type="AFTER" />
<TLINK id="TL16" fromID="E13" fromText="Maalox" toID="E14" toText="relief" type="BEFORE" />
<TLINK id="TL17" fromID="E15" fromText="The pain" toID="E14" toText="relief" type="OVERLAP" />
<TLINK id="TL18" fromID="E15" fromText="The pain" toID="T5" toText="the day" type="OVERLAP" />
<TLINK id="TL19" fromID="E15" fromText="The pain" toID="T6" toText="4:00 p.m." type="AFTER" />
<TLINK id="TL20" fromID="E16" fromText="nausea" toID="T6" toText="4:00 p.m." type="OVERLAP" />
<TLINK id="TL21" fromID="E16" fromText="nausea" toID="E17" toText="diaphoresis" type="OVERLAP" />
<TLINK id="TL22" fromID="E17" fromText="diaphoresis" toID="E18" toText="reports" type="OVERLAP" />
<TLINK id="TL23" fromID="E19" fromText="the pain" toID="E18" toText="reports" type="BEFORE" />
<TLINK id="TL24" fromID="E20" fromText="these symptoms" toID="E19" toText="the pain" type="OVERLAP" />
<TLINK id="TL25" fromID="E20" fromText="these symptoms" toID="E21" toText="arrived" type="BEFORE" />
<TLINK id="TL26" fromID="E22" fromText="the Emergency Room" toID="E21" toText="arrived" type="AFTER" />
<TLINK id="TL27" fromID="E22" fromText="the Emergency Room" toID="T7" toText="8:00 p.m." type="OVERLAP" />
<TLINK id="TL28" fromID="E22" fromText="the Emergency Room" toID="T8" toText="that time" type="OVERLAP" />
<TLINK id="TL29" fromID="E23" fromText="the pain" toID="T8" toText="that time" type="OVERLAP" />
<TLINK id="TL30" fromID="E23" fromText="the pain" toID="E24" toText="unremitting" type="BEFORE" />
<TLINK id="TL31" fromID="E25" fromText="the Emergency Room" toID="E24" toText="unremitting" type="OVERLAP" />
<TLINK id="TL32" fromID="E26" fromText="Lopressor" toID="E25" toText="the Emergency Room" type="OVERLAP" />
<TLINK id="TL33" fromID="E27" fromText="nitroglycerin" toID="E26" toText="Lopressor" type="OVERLAP" />
<TLINK id="TL34" fromID="E28" fromText="aspirin" toID="E27" toText="nitroglycerin" type="OVERLAP" />
<TLINK id="TL35" fromID="E28" fromText="aspirin" toID="E29" toText="A TP3A inhibitor" type="OVERLAP" />
<TLINK id="TL36" fromID="E30" fromText="dissection" toID="E29" toText="A TP3A inhibitor" type="OVERLAP" />
<TLINK id="TL37" fromID="E31" fromText="5057" toID="E30" toText="dissection" type="OVERLAP" />
<TLINK id="TL38" fromID="E32" fromText="V1 through V2 and ST depressions in II , III , and aVF" toID="E31" toText="5057" type="OVERLAP" />
<TLINK id="TL39" fromID="E32" fromText="V1 through V2 and ST depressions in II , III , and aVF" toID="E33" toText="taken" type="AFTER" />
<TLINK id="TL40" fromID="E34" fromText="the Cardiac Catheterization Laboratory" toID="E33" toText="taken" type="AFTER" />
<TLINK id="TL41" fromID="E35" fromText="CORONARY ARTERY DISEASE" toID="E36" toText="Cardiac Catheterization" type="BEFORE" />
<TLINK id="TL42" fromID="E37" fromText="two vessel disease" toID="E36" toText="Cardiac Catheterization" type="BEFORE" />
<TLINK id="TL43" fromID="E38" fromText="a 90% lesion" toID="E37" toText="two vessel disease" type="OVERLAP" />
<TLINK id="TL44" fromID="E39" fromText="a septal branch" toID="E38" toText="a 90% lesion" type="OVERLAP" />
<TLINK id="TL45" fromID="E40" fromText="a 95% stenosis" toID="E39" toText="a septal branch" type="OVERLAP" />
<TLINK id="TL46" fromID="E40" fromText="a 95% stenosis" toID="E41" toText="a diagonal branch" type="OVERLAP" />
<TLINK id="TL47" fromID="E42" fromText="99% stenosis" toID="E41" toText="a diagonal branch" type="OVERLAP" />
<TLINK id="TL48" fromID="E42" fromText="99% stenosis" toID="E43" toText="twin LAD stents to the LAD diagonal and LAD septal branches" type="BEFORE" />
<TLINK id="TL49" fromID="E44" fromText="Taxus stents" toID="E43" toText="twin LAD stents to the LAD diagonal and LAD septal branches" type="OVERLAP" />
<TLINK id="TL50" fromID="E44" fromText="Taxus stents" toID="E45" toText="This restored flow appropriately" type="OVERLAP" />
<TLINK id="TL51" fromID="E46" fromText="a mid RCA lesion" toID="E45" toText="This restored flow appropriately" type="OVERLAP" />
<TLINK id="TL52" fromID="E47" fromText="intervened" toID="E46" toText="a mid RCA lesion" type="OVERLAP" />
<TLINK id="TL53" fromID="E47" fromText="intervened" toID="E48" toText="an aspirin" type="OVERLAP" />
<TLINK id="TL54" fromID="E49" fromText="Plavix" toID="E48" toText="an aspirin" type="OVERLAP" />
<TLINK id="TL55" fromID="E50" fromText="a beta Elmore" toID="E48" toText="an aspirin" type="OVERLAP" />
<TLINK id="TL56" fromID="E51" fromText="Maxine ACE inhibitor" toID="E50" toText="a beta Elmore" type="OVERLAP" />
<TLINK id="TL57" fromID="E51" fromText="Maxine ACE inhibitor" toID="E52" toText="titrated up" type="BEFORE" />
<TLINK id="TL58" fromID="E53" fromText="her blood pressure tolerated" toID="E52" toText="titrated up" type="OVERLAP" />
<TLINK id="TL59" fromID="E54" fromText="issues" toID="E53" toText="her blood pressure tolerated" type="OVERLAP" />
<TLINK id="TL60" fromID="E55" fromText="muscle cramping" toID="E54" toText="issues" type="OVERLAP" />
<TLINK id="TL61" fromID="E55" fromText="muscle cramping" toID="E56" toText="Atorvastatin" type="BEFORE" />
<TLINK id="TL62" fromID="E57" fromText="Pravastatin" toID="E56" toText="Atorvastatin" type="OVERLAP" />
<TLINK id="TL63" fromID="E58" fromText="these side effects" toID="E57" toText="Pravastatin" type="OVERLAP" />
<TLINK id="TL64" fromID="E58" fromText="these side effects" toID="E59" toText="follow-up" type="AFTER" />
<TLINK id="TL65" fromID="E60" fromText="Cardiology" toID="E59" toText="follow-up" type="OVERLAP" />
<TLINK id="TL66" fromID="E60" fromText="Cardiology" toID="T9" toText="one months" type="OVERLAP" />
<TLINK id="TL67" fromID="E61" fromText="further management" toID="T9" toText="one months" type="OVERLAP" />
<TLINK id="TL68" fromID="E62" fromText="her coronary artery disease" toID="E61" toText="further management" type="BEFORE" />
<TLINK id="TL69" fromID="E62" fromText="her coronary artery disease" toID="E63" toText="evaluation" type="BEFORE" />
<TLINK id="TL70" fromID="E64" fromText="her remaining RCA lesions" toID="E63" toText="evaluation" type="BEFORE" />
<TLINK id="TL71" fromID="E64" fromText="her remaining RCA lesions" toID="E65" toText="an echocardiogram" type="OVERLAP" />
<TLINK id="TL72" fromID="E66" fromText="her LV function" toID="E65" toText="an echocardiogram" type="OVERLAP" />
<TLINK id="TL73" fromID="E67" fromText="an ejection fraction" toID="E66" toText="her LV function" type="OVERLAP" />
<TLINK id="TL74" fromID="E68" fromText="an akinetic apex and apical mid and septal akinesis" toID="E67" toText="an ejection fraction" type="OVERLAP" />
<TLINK id="TL75" fromID="E69" fromText="significant apical akinesis" toID="E68" toText="an akinetic apex and apical mid and septal akinesis" type="OVERLAP" />
<TLINK id="TL76" fromID="E70" fromText="heparin" toID="E69" toText="significant apical akinesis" type="AFTER" />
<TLINK id="TL77" fromID="E70" fromText="heparin" toID="E71" toText="a transition" type="OVERLAP" />
<TLINK id="TL78" fromID="E72" fromText="Coumadin" toID="E71" toText="a transition" type="BEFORE" />
<TLINK id="TL79" fromID="E73" fromText="anticoagulation" toID="E72" toText="Coumadin" type="OVERLAP" />
<TLINK id="TL80" fromID="E73" fromText="anticoagulation" toID="E74" toText="stroke prevention" type="OVERLAP" />
<TLINK id="TL81" fromID="E75" fromText="apical akinesis" toID="E74" toText="stroke prevention" type="BEFORE" />
<TLINK id="TL82" fromID="E75" fromText="apical akinesis" toID="E76" toText="discharge" type="OVERLAP" />
<TLINK id="TL83" fromID="E77" fromText="Lovenox injections" toID="E76" toText="discharge" type="BEFORE" />
<TLINK id="TL84" fromID="E77" fromText="Lovenox injections" toID="E78" toText="Coumadin" type="AFTER" />
<TLINK id="TL85" fromID="E78" fromText="Coumadin" toID="E79" toText="monitored" type="OVERLAP" />
<TLINK id="TL86" fromID="E80" fromText="telemetry" toID="E79" toText="monitored" type="OVERLAP" />
<TLINK id="TL87" fromID="E81" fromText="her hospitalization" toID="E80" toText="telemetry" type="OVERLAP" />
<TLINK id="TL88" fromID="E82" fromText="significant events" toID="E81" toText="her hospitalization" type="OVERLAP" />
<TLINK id="TL89" fromID="E83" fromText="an EP evaluation" toID="E82" toText="significant events" type="OVERLAP" />
<TLINK id="TL90" fromID="E83" fromText="an EP evaluation" toID="E84" toText="followed-up" type="OVERLAP" />
<TLINK id="TL91" fromID="E85" fromText="a signal-averaged EKG" toID="E84" toText="followed-up" type="OVERLAP" />
<TLINK id="TL92" fromID="E85" fromText="a signal-averaged EKG" toID="E86" toText="follow-up" type="AFTER" />
<TLINK id="TL93" fromID="E87" fromText="an echocardiogram" toID="E86" toText="follow-up" type="OVERLAP" />
<TLINK id="TL94" fromID="E87" fromText="an echocardiogram" toID="T10" toText="2015-07-24" type="OVERLAP" />
<TLINK id="TL95" fromID="E88" fromText="a meeting to discuss risk stratification" toID="T10" toText="2015-07-24" type="OVERLAP" />
<TLINK id="TL96" fromID="E89" fromText="sudden cardiac death" toID="E88" toText="a meeting to discuss risk stratification" type="BEFORE" />
<TLINK id="TL97" fromID="E89" fromText="sudden cardiac death" toID="E90" toText="ICD placement" type="OVERLAP" />
<TLINK id="TL98" fromID="E91" fromText="complained of left lower extremity weakness" toID="E90" toText="ICD placement" type="OVERLAP" />
<TLINK id="TL99" fromID="E91" fromText="complained of left lower extremity weakness" toID="E92" toText="ambulation" type="OVERLAP" />
<TLINK id="TL100" fromID="E92" fromText="ambulation" toID="T11" toText="two days" type="BEFORE" />
<TLINK id="TL101" fromID="E93" fromText="her cardiac catheterization" toID="T11" toText="two days" type="AFTER" />
<TLINK id="TL102" fromID="E94" fromText="weakness" toID="E93" toText="her cardiac catheterization" type="BEFORE" />
<TLINK id="TL103" fromID="E94" fromText="weakness" toID="E95" toText="examination" type="OVERLAP" />
<TLINK id="TL104" fromID="E96" fromText="distal strength in the lower extremities" toID="E95" toText="examination" type="OVERLAP" />
<TLINK id="TL105" fromID="E96" fromText="distal strength in the lower extremities" toID="E97" toText="Physical Therapy" type="BEFORE" />
<TLINK id="TL106" fromID="E98" fromText="ambulate" toID="E97" toText="Physical Therapy" type="OVERLAP" />
<TLINK id="TL107" fromID="E99" fromText="difficulty" toID="E98" toText="ambulate" type="OVERLAP" />
<TLINK id="TL108" fromID="E100" fromText="difficulty" toID="E99" toText="difficulty" type="OVERLAP" />
<TLINK id="TL109" fromID="E100" fromText="difficulty" toID="E101" toText="an aspirin" type="OVERLAP" />
<TLINK id="TL110" fromID="E102" fromText="Plavix" toID="E101" toText="an aspirin" type="OVERLAP" />
<TLINK id="TL111" fromID="E103" fromText="a small stroke" toID="E102" toText="Plavix" type="OVERLAP" />
<TLINK id="TL112" fromID="E104" fromText="neurologic deficit" toID="E103" toText="a small stroke" type="OVERLAP" />
<TLINK id="TL113" fromID="E104" fromText="neurologic deficit" toID="E105" toText="examination" type="BEFORE" />
<TLINK id="TL114" fromID="E106" fromText="followed-up" toID="E105" toText="examination" type="OVERLAP" />
<TLINK id="TL115" fromID="E106" fromText="followed-up" toID="E107" toText="discharged" type="OVERLAP" />
<TLINK id="TL116" fromID="E108" fromText="Coumadin" toID="E107" toText="discharged" type="BEFORE" />
<TLINK id="TL117" fromID="E109" fromText="apical akinesis" toID="E108" toText="Coumadin" type="OVERLAP" />
<TLINK id="TL118" fromID="E110" fromText="stroke risk" toID="E109" toText="apical akinesis" type="OVERLAP" />
<TLINK id="TL119" fromID="E111" fromText="further monitored" toID="E107" toText="discharged" type="OVERLAP" />
<TLINK id="TL120" fromID="E112" fromText="her Coumadin dose" toID="E111" toText="further monitored" type="AFTER" />
<TLINK id="SECTIME0" fromID="E1" fromText="Admission" toID="T1" toText="2015-06-04" type="BEFORE" />
<TLINK id="SECTIME1" fromID="E2" fromText="Discharge" toID="T1" toText="2015-06-04" type="BEFORE" />
<TLINK id="SECTIME2" fromID="E3" fromText="hypertension" toID="T1" toText="2015-06-04" type="BEFORE" />
<TLINK id="SECTIME3" fromID="E4" fromText="hypercholesterolemia" toID="T1" toText="2015-06-04" type="BEFORE" />
<TLINK id="SECTIME4" fromID="E5" fromText="prior coronary artery disease history" toID="T1" toText="2015-06-04" type="BEFORE" />
<TLINK id="SECTIME5" fromID="E6" fromText="presented" toID="T1" toText="2015-06-04" type="OVERLAP" />
<TLINK id="SECTIME6" fromID="E7" fromText="chest pain" toID="T1" toText="2015-06-04" type="BEFORE" />
<TLINK id="SECTIME7" fromID="E8" fromText="reports" toID="T1" toText="2015-06-04" type="OVERLAP" />
<TLINK id="SECTIME8" fromID="E9" fromText="the pain" toID="T1" toText="2015-06-04" type="BEFORE" />
<TLINK id="SECTIME9" fromID="E10" fromText="admission" toID="T1" toText="2015-06-04" type="BEFORE" />
<TLINK id="SECTIME10" fromID="E11" fromText="reports" toID="T1" toText="2015-06-04" type="OVERLAP" />
<TLINK id="SECTIME11" fromID="E12" fromText="some GERD-like symptoms" toID="T1" toText="2015-06-04" type="BEFORE" />
<TLINK id="SECTIME12" fromID="E13" fromText="Maalox" toID="T1" toText="2015-06-04" type="BEFORE" />
<TLINK id="SECTIME13" fromID="E14" fromText="relief" toID="T1" toText="2015-06-04" type="BEFORE" />
<TLINK id="SECTIME14" fromID="E15" fromText="The pain" toID="T1" toText="2015-06-04" type="BEFORE" />
<TLINK id="SECTIME15" fromID="E16" fromText="nausea" toID="T1" toText="2015-06-04" type="BEFORE" />
<TLINK id="SECTIME16" fromID="E17" fromText="diaphoresis" toID="T1" toText="2015-06-04" type="BEFORE" />
<TLINK id="SECTIME17" fromID="E18" fromText="reports" toID="T1" toText="2015-06-04" type="OVERLAP" />
<TLINK id="SECTIME18" fromID="E19" fromText="the pain" toID="T1" toText="2015-06-04" type="BEFORE" />
<TLINK id="SECTIME19" fromID="E20" fromText="these symptoms" toID="T1" toText="2015-06-04" type="BEFORE" />
<TLINK id="SECTIME20" fromID="E21" fromText="arrived" toID="T1" toText="2015-06-04" type="BEFORE" />
<TLINK id="SECTIME21" fromID="E22" fromText="the Emergency Room" toID="T1" toText="2015-06-04" type="BEFORE" />
<TLINK id="SECTIME22" fromID="E23" fromText="the pain" toID="T1" toText="2015-06-04" type="BEFORE" />
<TLINK id="SECTIME23" fromID="E24" fromText="unremitting" toID="T1" toText="2015-06-04" type="BEFORE" />
<TLINK id="SECTIME24" fromID="E25" fromText="the Emergency Room" toID="T1" toText="2015-06-04" type="BEFORE" />
<TLINK id="SECTIME25" fromID="E26" fromText="Lopressor" toID="T1" toText="2015-06-04" type="BEFORE" />
<TLINK id="SECTIME26" fromID="E27" fromText="nitroglycerin" toID="T1" toText="2015-06-04" type="BEFORE" />
<TLINK id="SECTIME27" fromID="E28" fromText="aspirin" toID="T1" toText="2015-06-04" type="BEFORE" />
<TLINK id="SECTIME28" fromID="E29" fromText="A TP3A inhibitor" toID="T1" toText="2015-06-04" type="BEFORE" />
<TLINK id="SECTIME29" fromID="E30" fromText="dissection" toID="T1" toText="2015-06-04" type="BEFORE" />
<TLINK id="SECTIME30" fromID="E31" fromText="5057" toID="T1" toText="2015-06-04" type="BEFORE" />
<TLINK id="SECTIME31" fromID="E32" fromText="V1 through V2 and ST depressions in II , III , and aVF" toID="T1" toText="2015-06-04" type="BEFORE" />
<TLINK id="SECTIME32" fromID="E33" fromText="taken" toID="T1" toText="2015-06-04" type="BEFORE" />
<TLINK id="SECTIME33" fromID="E34" fromText="the Cardiac Catheterization Laboratory" toID="T1" toText="2015-06-04" type="BEFORE" />
<TLINK id="SECTIME34" fromID="E35" fromText="CORONARY ARTERY DISEASE" toID="T2" toText="2015-06-08" type="BEFORE" />
<TLINK id="SECTIME35" fromID="E36" fromText="Cardiac Catheterization" toID="T2" toText="2015-06-08" type="BEFORE" />
<TLINK id="SECTIME36" fromID="E37" fromText="two vessel disease" toID="T2" toText="2015-06-08" type="BEFORE" />
<TLINK id="SECTIME37" fromID="E38" fromText="a 90% lesion" toID="T2" toText="2015-06-08" type="BEFORE" />
<TLINK id="SECTIME38" fromID="E39" fromText="a septal branch" toID="T2" toText="2015-06-08" type="BEFORE" />
<TLINK id="SECTIME39" fromID="E40" fromText="a 95% stenosis" toID="T2" toText="2015-06-08" type="BEFORE" />
<TLINK id="SECTIME40" fromID="E41" fromText="a diagonal branch" toID="T2" toText="2015-06-08" type="BEFORE" />
<TLINK id="SECTIME41" fromID="E42" fromText="99% stenosis" toID="T2" toText="2015-06-08" type="BEFORE" />
<TLINK id="SECTIME42" fromID="E43" fromText="twin LAD stents to the LAD diagonal and LAD septal branches" toID="T2" toText="2015-06-08" type="BEFORE" />
<TLINK id="SECTIME43" fromID="E44" fromText="Taxus stents" toID="T2" toText="2015-06-08" type="BEFORE" />
<TLINK id="SECTIME44" fromID="E45" fromText="This restored flow appropriately" toID="T2" toText="2015-06-08" type="BEFORE" />
<TLINK id="SECTIME45" fromID="E46" fromText="a mid RCA lesion" toID="T2" toText="2015-06-08" type="BEFORE" />
<TLINK id="SECTIME46" fromID="E47" fromText="intervened" toID="T2" toText="2015-06-08" type="BEFORE" />
<TLINK id="SECTIME47" fromID="E48" fromText="an aspirin" toID="T2" toText="2015-06-08" type="BEFORE" />
<TLINK id="SECTIME48" fromID="E49" fromText="Plavix" toID="T2" toText="2015-06-08" type="BEFORE" />
<TLINK id="SECTIME49" fromID="E50" fromText="a beta Elmore" toID="T2" toText="2015-06-08" type="BEFORE" />
<TLINK id="SECTIME50" fromID="E51" fromText="Maxine ACE inhibitor" toID="T2" toText="2015-06-08" type="BEFORE" />
<TLINK id="SECTIME51" fromID="E52" fromText="titrated up" toID="T2" toText="2015-06-08" type="BEFORE" />
<TLINK id="SECTIME52" fromID="E53" fromText="her blood pressure tolerated" toID="T2" toText="2015-06-08" type="BEFORE" />
<TLINK id="SECTIME53" fromID="E54" fromText="issues" toID="T2" toText="2015-06-08" type="BEFORE" />
<TLINK id="SECTIME54" fromID="E55" fromText="muscle cramping" toID="T2" toText="2015-06-08" type="BEFORE" />
<TLINK id="SECTIME55" fromID="E56" fromText="Atorvastatin" toID="T2" toText="2015-06-08" type="BEFORE" />
<TLINK id="SECTIME56" fromID="E57" fromText="Pravastatin" toID="T2" toText="2015-06-08" type="BEFORE" />
<TLINK id="SECTIME57" fromID="E58" fromText="these side effects" toID="T2" toText="2015-06-08" type="BEFORE" />
<TLINK id="SECTIME58" fromID="E59" fromText="follow-up" toID="T2" toText="2015-06-08" type="AFTER" />
<TLINK id="SECTIME59" fromID="E60" fromText="Cardiology" toID="T2" toText="2015-06-08" type="BEFORE" />
<TLINK id="SECTIME60" fromID="E61" fromText="further management" toID="T2" toText="2015-06-08" type="BEFORE" />
<TLINK id="SECTIME61" fromID="E62" fromText="her coronary artery disease" toID="T2" toText="2015-06-08" type="BEFORE" />
<TLINK id="SECTIME62" fromID="E63" fromText="evaluation" toID="T2" toText="2015-06-08" type="BEFORE" />
<TLINK id="SECTIME63" fromID="E64" fromText="her remaining RCA lesions" toID="T2" toText="2015-06-08" type="BEFORE" />
<TLINK id="SECTIME64" fromID="E65" fromText="an echocardiogram" toID="T2" toText="2015-06-08" type="BEFORE" />
<TLINK id="SECTIME65" fromID="E66" fromText="her LV function" toID="T2" toText="2015-06-08" type="BEFORE" />
<TLINK id="SECTIME66" fromID="E67" fromText="an ejection fraction" toID="T2" toText="2015-06-08" type="BEFORE" />
<TLINK id="SECTIME67" fromID="E68" fromText="an akinetic apex and apical mid and septal akinesis" toID="T2" toText="2015-06-08" type="BEFORE" />
<TLINK id="SECTIME68" fromID="E69" fromText="significant apical akinesis" toID="T2" toText="2015-06-08" type="BEFORE" />
<TLINK id="SECTIME69" fromID="E70" fromText="heparin" toID="T2" toText="2015-06-08" type="BEFORE" />
<TLINK id="SECTIME70" fromID="E71" fromText="a transition" toID="T2" toText="2015-06-08" type="BEFORE" />
<TLINK id="SECTIME71" fromID="E72" fromText="Coumadin" toID="T2" toText="2015-06-08" type="BEFORE" />
<TLINK id="SECTIME72" fromID="E73" fromText="anticoagulation" toID="T2" toText="2015-06-08" type="BEFORE" />
<TLINK id="SECTIME73" fromID="E74" fromText="stroke prevention" toID="T2" toText="2015-06-08" type="BEFORE" />
<TLINK id="SECTIME74" fromID="E75" fromText="apical akinesis" toID="T2" toText="2015-06-08" type="BEFORE" />
<TLINK id="SECTIME75" fromID="E76" fromText="discharge" toID="T2" toText="2015-06-08" type="BEFORE" />
<TLINK id="SECTIME76" fromID="E77" fromText="Lovenox injections" toID="T2" toText="2015-06-08" type="BEFORE" />
<TLINK id="SECTIME77" fromID="E78" fromText="Coumadin" toID="T2" toText="2015-06-08" type="BEFORE" />
<TLINK id="SECTIME78" fromID="E79" fromText="monitored" toID="T2" toText="2015-06-08" type="BEFORE" />
<TLINK id="SECTIME79" fromID="E80" fromText="telemetry" toID="T2" toText="2015-06-08" type="BEFORE" />
<TLINK id="SECTIME80" fromID="E81" fromText="her hospitalization" toID="T2" toText="2015-06-08" type="BEFORE" />
<TLINK id="SECTIME81" fromID="E82" fromText="significant events" toID="T2" toText="2015-06-08" type="BEFORE" />
<TLINK id="SECTIME82" fromID="E83" fromText="an EP evaluation" toID="T2" toText="2015-06-08" type="BEFORE" />
<TLINK id="SECTIME83" fromID="E84" fromText="followed-up" toID="T2" toText="2015-06-08" type="AFTER" />
<TLINK id="SECTIME84" fromID="E85" fromText="a signal-averaged EKG" toID="T2" toText="2015-06-08" type="BEFORE" />
<TLINK id="SECTIME85" fromID="E86" fromText="follow-up" toID="T2" toText="2015-06-08" type="AFTER" />
<TLINK id="SECTIME86" fromID="E87" fromText="an echocardiogram" toID="T2" toText="2015-06-08" type="BEFORE" />
<TLINK id="SECTIME87" fromID="E88" fromText="a meeting to discuss risk stratification" toID="T2" toText="2015-06-08" type="BEFORE" />
<TLINK id="SECTIME88" fromID="E89" fromText="sudden cardiac death" toID="T2" toText="2015-06-08" type="OVERLAP" />
<TLINK id="SECTIME89" fromID="E90" fromText="ICD placement" toID="T2" toText="2015-06-08" type="BEFORE" />
<TLINK id="SECTIME90" fromID="E91" fromText="complained of left lower extremity weakness" toID="T2" toText="2015-06-08" type="BEFORE" />
<TLINK id="SECTIME91" fromID="E92" fromText="ambulation" toID="T2" toText="2015-06-08" type="BEFORE" />
<TLINK id="SECTIME92" fromID="E93" fromText="her cardiac catheterization" toID="T2" toText="2015-06-08" type="BEFORE" />
<TLINK id="SECTIME93" fromID="E94" fromText="weakness" toID="T2" toText="2015-06-08" type="BEFORE" />
<TLINK id="SECTIME94" fromID="E95" fromText="examination" toID="T2" toText="2015-06-08" type="BEFORE" />
<TLINK id="SECTIME95" fromID="E96" fromText="distal strength in the lower extremities" toID="T2" toText="2015-06-08" type="BEFORE" />
<TLINK id="SECTIME96" fromID="E97" fromText="Physical Therapy" toID="T2" toText="2015-06-08" type="BEFORE" />
<TLINK id="SECTIME97" fromID="E98" fromText="ambulate" toID="T2" toText="2015-06-08" type="BEFORE" />
<TLINK id="SECTIME98" fromID="E99" fromText="difficulty" toID="T2" toText="2015-06-08" type="BEFORE" />
<TLINK id="SECTIME99" fromID="E100" fromText="difficulty" toID="T2" toText="2015-06-08" type="BEFORE" />
<TLINK id="SECTIME100" fromID="E101" fromText="an aspirin" toID="T2" toText="2015-06-08" type="BEFORE" />
<TLINK id="SECTIME101" fromID="E102" fromText="Plavix" toID="T2" toText="2015-06-08" type="BEFORE" />
<TLINK id="SECTIME102" fromID="E103" fromText="a small stroke" toID="T2" toText="2015-06-08" type="BEFORE" />
<TLINK id="SECTIME103" fromID="E104" fromText="neurologic deficit" toID="T2" toText="2015-06-08" type="BEFORE" />
<TLINK id="SECTIME104" fromID="E105" fromText="examination" toID="T2" toText="2015-06-08" type="BEFORE" />
<TLINK id="SECTIME105" fromID="E106" fromText="followed-up" toID="T2" toText="2015-06-08" type="AFTER" />
<TLINK id="SECTIME106" fromID="E107" fromText="discharged" toID="T2" toText="2015-06-08" type="OVERLAP" />
<TLINK id="SECTIME107" fromID="E108" fromText="Coumadin" toID="T2" toText="2015-06-08" type="BEFORE" />
<TLINK id="SECTIME108" fromID="E109" fromText="apical akinesis" toID="T2" toText="2015-06-08" type="BEFORE" />
<TLINK id="SECTIME109" fromID="E110" fromText="stroke risk" toID="T2" toText="2015-06-08" type="BEFORE" />
<TLINK id="SECTIME110" fromID="E111" fromText="further monitored" toID="T2" toText="2015-06-08" type="AFTER" />
<TLINK id="SECTIME111" fromID="E112" fromText="her Coumadin dose" toID="T2" toText="2015-06-08" type="BEFORE" />
<SECTIME id="S0" start="18" end="28" text="2015-06-04" type="ADMISSION" dvalue="2015-06-04" />
<SECTIME id="S1" start="46" end="56" text="2015-06-08" type="DISCHARGE" dvalue="2015-06-08" />
</TAGS>
</ClinicalNarrativeTemporalAnnotation>

