<?xml version="1.0" encoding="UTF-8" ?>
<ClinicalNarrativeTemporalAnnotation>
<TEXT><![CDATA[
Admission Date :
2018-08-02
Discharge Date :
2018-08-08
Service :
MEDICINE
History of Present Illness :
Patient is a 77 year old female with a past medical history significant for GI bleeding secondary to arteriovenous malformations , who presents with maroon stool and a hematocrit drop .
Three days ago began to develop black stools .
There was no clear blood in the toilet bowl .
In addition , she developed nausea and decreased PO intake .
She had a cough productive of white sputum and felt warm , although she did not record her temperature .
At dialysis on day of admission , she related these symptoms for the first time and had a bloody bowel movement .
Concerned , the staff sent her directly to the Nantucket Cottage Hospital .
In the Deanna , her temperature was 96.5 , HR 51 , BP 112/60 , RR 18 , and oxygen saturation was 98% on ambient air .
Her hematocrit was measured at 23.5 , while her baseline hematocrit is in the low 30 s.
An NG lavage was performed and there was bilious return .
Rectal examination was notable for guiaiac positive maroon stool .
She was type and crossed and transfused two units of packed red blood cells .
IV PPI was given and the GI team was consulted and she was scheduled for colonoscopy and EGD on the morning of 6/8 .
She was transferred to the CMED CCU for observation .
Brief Hospital Course :
Blood loss anemia from GI bleeding - the bleeding was likely from an AVM .
EGD , colonoscopy and tagged scan results as above .
eventhough uptake was noted in the rt LQ , no clear site of bleeding was noticed on colonoscopy .
hence , no intervention was performed .
she was transfused with 5 units of PRBC in the ICU andsent to the Lahey Clinic - North Shore .
Her hematocrit remained stable for 4 days prior to discharge .
No further bleeding noted .
GI consult team followed pt in hospital .
On discussion with Dr Leigh and Dr White from GI - they recommended that she follow with Dr. Taylor for consideration of argon photocoagulation as out-patient .
Given the innumerable number of AVM 's , it is diffcult to assess which the culprit lesion is and GI may start APL from the fundus of stomach .
Patient to get CBC checked with PCP this week as below .
ASA was held and may be restarted if Hct stable in clinic at the PCP 's discretion .
Chronic thrombocytopenia was noted , however the patient did not require platelet transfusions .
Has a h/o HIT .
The metoprolol was held during acute bleeding phase and restarted prior to discharge as her BP stabilized .
Other medical problems stable .
Dialysis was continued 3 / week .
I personally talked with Dr Pannell at the time of discharge to update him with the hospital events .
]]></TEXT>
<TAGS>
<EVENT id="E1" start="1" end="10" text="Admission" modality="FACTUAL" polarity="POS" type="OCCURRENCE" />
<EVENT id="E2" start="29" end="38" text="Discharge" modality="FACTUAL" polarity="POS" type="OCCURRENCE" />
<EVENT id="E3" start="181" end="192" text="GI bleeding" modality="FACTUAL" polarity="POS" type="PROBLEM" />
<EVENT id="E4" start="206" end="233" text="arteriovenous malformations" modality="FACTUAL" polarity="POS" type="PROBLEM" />
<EVENT id="E5" start="240" end="248" text="presents" modality="FACTUAL" polarity="POS" type="OCCURRENCE" />
<EVENT id="E6" start="254" end="266" text="maroon stool" modality="FACTUAL" polarity="POS" type="PROBLEM" />
<EVENT id="E7" start="271" end="288" text="a hematocrit drop" modality="FACTUAL" polarity="POS" type="PROBLEM" />
<EVENT id="E8" start="323" end="335" text="black stools" modality="FACTUAL" polarity="POS" type="PROBLEM" />
<EVENT id="E9" start="351" end="381" text="clear blood in the toilet bowl" modality="FACTUAL" polarity="NEG" type="PROBLEM" />
<EVENT id="E10" start="412" end="418" text="nausea" modality="FACTUAL" polarity="POS" type="PROBLEM" />
<EVENT id="E11" start="423" end="442" text="decreased PO intake" modality="FACTUAL" polarity="POS" type="PROBLEM" />
<EVENT id="E12" start="453" end="487" text="a cough productive of white sputum" modality="FACTUAL" polarity="POS" type="PROBLEM" />
<EVENT id="E13" start="497" end="501" text="warm" modality="FACTUAL" polarity="POS" type="PROBLEM" />
<EVENT id="E14" start="532" end="547" text="her temperature" modality="FACTUAL" polarity="POS" type="TEST" />
<EVENT id="E15" start="553" end="561" text="dialysis" modality="FACTUAL" polarity="POS" type="TREATMENT" />
<EVENT id="E16" start="572" end="581" text="admission" modality="FACTUAL" polarity="POS" type="OCCURRENCE" />
<EVENT id="E17" start="596" end="610" text="these symptoms" modality="FACTUAL" polarity="POS" type="PROBLEM" />
<EVENT id="E18" start="638" end="661" text="a bloody bowel movement" modality="FACTUAL" polarity="POS" type="PROBLEM" />
<EVENT id="E19" start="707" end="737" text="the Nantucket Cottage Hospital" modality="FACTUAL" polarity="POS" type="CLINICAL_DEPT" />
<EVENT id="E20" start="743" end="753" text="the Deanna" modality="FACTUAL" polarity="POS" type="CLINICAL_DEPT" />
<EVENT id="E21" start="756" end="771" text="her temperature" modality="FACTUAL" polarity="POS" type="TEST" />
<EVENT id="E22" start="783" end="785" text="HR" modality="FACTUAL" polarity="POS" type="TEST" />
<EVENT id="E23" start="791" end="793" text="BP" modality="FACTUAL" polarity="POS" type="TEST" />
<EVENT id="E24" start="803" end="805" text="RR" modality="FACTUAL" polarity="POS" type="TEST" />
<EVENT id="E25" start="815" end="832" text="oxygen saturation" modality="FACTUAL" polarity="POS" type="TEST" />
<EVENT id="E26" start="844" end="855" text="ambient air" modality="FACTUAL" polarity="POS" type="TREATMENT" />
<EVENT id="E27" start="858" end="872" text="Her hematocrit" modality="FACTUAL" polarity="POS" type="TEST" />
<EVENT id="E28" start="902" end="925" text="her baseline hematocrit" modality="FACTUAL" polarity="POS" type="TEST" />
<EVENT id="E29" start="946" end="958" text="An NG lavage" modality="FACTUAL" polarity="POS" type="TREATMENT" />
<EVENT id="E30" start="987" end="1001" text="bilious return" modality="FACTUAL" polarity="POS" type="OCCURRENCE" />
<EVENT id="E31" start="1004" end="1022" text="Rectal examination" modality="FACTUAL" polarity="POS" type="TEST" />
<EVENT id="E32" start="1039" end="1068" text="guiaiac positive maroon stool" modality="FACTUAL" polarity="POS" type="PROBLEM" />
<EVENT id="E33" start="1100" end="1110" text="transfused" modality="FACTUAL" polarity="POS" type="TREATMENT" />
<EVENT id="E34" start="1124" end="1146" text="packed red blood cells" modality="FACTUAL" polarity="POS" type="TREATMENT" />
<EVENT id="E35" start="1149" end="1155" text="IV PPI" modality="FACTUAL" polarity="POS" type="TREATMENT" />
<EVENT id="E36" start="1222" end="1233" text="colonoscopy" modality="FACTUAL" polarity="POS" type="TEST" />
<EVENT id="E37" start="1238" end="1241" text="EGD" modality="FACTUAL" polarity="POS" type="TEST" />
<EVENT id="E38" start="1274" end="1285" text="transferred" modality="FACTUAL" polarity="POS" type="OCCURRENCE" />
<EVENT id="E39" start="1289" end="1301" text="the CMED CCU" modality="FACTUAL" polarity="POS" type="CLINICAL_DEPT" />
<EVENT id="E40" start="1306" end="1317" text="observation" modality="FACTUAL" polarity="POS" type="TEST" />
<EVENT id="E41" start="1344" end="1361" text="Blood loss anemia" modality="FACTUAL" polarity="POS" type="PROBLEM" />
<EVENT id="E42" start="1367" end="1378" text="GI bleeding" modality="FACTUAL" polarity="POS" type="PROBLEM" />
<EVENT id="E43" start="1381" end="1393" text="the bleeding" modality="FACTUAL" polarity="POS" type="PROBLEM" />
<EVENT id="E44" start="1410" end="1416" text="an AVM" modality="POSSIBLE" polarity="POS" type="PROBLEM" />
<EVENT id="E45" start="1419" end="1422" text="EGD" modality="FACTUAL" polarity="POS" type="TEST" />
<EVENT id="E46" start="1425" end="1436" text="colonoscopy" modality="FACTUAL" polarity="POS" type="TEST" />
<EVENT id="E47" start="1441" end="1460" text="tagged scan results" modality="FACTUAL" polarity="POS" type="TEST" />
<EVENT id="E48" start="1503" end="1512" text="the rt LQ" modality="FACTUAL" polarity="POS" type="PROBLEM" />
<EVENT id="E49" start="1532" end="1540" text="bleeding" modality="FACTUAL" polarity="POS" type="PROBLEM" />
<EVENT id="E50" start="1556" end="1567" text="colonoscopy" modality="FACTUAL" polarity="POS" type="TEST" />
<EVENT id="E51" start="1581" end="1593" text="intervention" modality="FACTUAL" polarity="NEG" type="TREATMENT" />
<EVENT id="E52" start="1618" end="1628" text="transfused" modality="FACTUAL" polarity="POS" type="TREATMENT" />
<EVENT id="E53" start="1645" end="1649" text="PRBC" modality="FACTUAL" polarity="POS" type="TREATMENT" />
<EVENT id="E54" start="1653" end="1660" text="the ICU" modality="FACTUAL" polarity="POS" type="CLINICAL_DEPT" />
<EVENT id="E55" start="1672" end="1702" text="the Lahey Clinic - North Shore" modality="FACTUAL" polarity="POS" type="CLINICAL_DEPT" />
<EVENT id="E56" start="1705" end="1719" text="Her hematocrit" modality="FACTUAL" polarity="POS" type="TEST" />
<EVENT id="E57" start="1729" end="1735" text="stable" modality="FACTUAL" polarity="POS" type="OCCURRENCE" />
<EVENT id="E58" start="1756" end="1765" text="discharge" modality="FACTUAL" polarity="POS" type="OCCURRENCE" />
<EVENT id="E59" start="1771" end="1787" text="further bleeding" modality="FACTUAL" polarity="NEG" type="PROBLEM" />
<EVENT id="E60" start="1796" end="1835" text="GI consult team followed pt in hospital" modality="FACTUAL" polarity="POS" type="CLINICAL_DEPT" />
<EVENT id="E61" start="1857" end="1865" text="Dr Leigh" modality="FACTUAL" polarity="POS" type="CLINICAL_DEPT" />
<EVENT id="E62" start="1959" end="1981" text="argon photocoagulation" modality="POSSIBLE" polarity="POS" type="TREATMENT" />
<EVENT id="E63" start="2031" end="2037" text="AVM 's" modality="FACTUAL" polarity="POS" type="PROBLEM" />
<EVENT id="E64" start="2071" end="2089" text="the culprit lesion" modality="FACTUAL" polarity="POS" type="PROBLEM" />
<EVENT id="E65" start="2158" end="2161" text="CBC" modality="FACTUAL" polarity="POS" type="TEST" />
<EVENT id="E66" start="2175" end="2178" text="PCP" modality="FACTUAL" polarity="POS" type="CLINICAL_DEPT" />
<EVENT id="E67" start="2200" end="2203" text="ASA" modality="FACTUAL" polarity="POS" type="TREATMENT" />
<EVENT id="E68" start="2237" end="2247" text="Hct stable" modality="FACTUAL" polarity="POS" type="OCCURRENCE" />
<EVENT id="E69" start="2261" end="2282" text="the PCP 's discretion" modality="FACTUAL" polarity="POS" type="CLINICAL_DEPT" />
<EVENT id="E70" start="2285" end="2309" text="Chronic thrombocytopenia" modality="FACTUAL" polarity="POS" type="PROBLEM" />
<EVENT id="E71" start="2314" end="2319" text="noted" modality="FACTUAL" polarity="POS" type="EVIDENTIAL" />
<EVENT id="E72" start="2358" end="2379" text="platelet transfusions" modality="FACTUAL" polarity="NEG" type="TREATMENT" />
<EVENT id="E73" start="2398" end="2412" text="The metoprolol" modality="FACTUAL" polarity="POS" type="TREATMENT" />
<EVENT id="E74" start="2429" end="2449" text="acute bleeding phase" modality="FACTUAL" polarity="POS" type="PROBLEM" />
<EVENT id="E75" start="2454" end="2463" text="restarted" modality="FACTUAL" polarity="POS" type="OCCURRENCE" />
<EVENT id="E76" start="2473" end="2482" text="discharge" modality="FACTUAL" polarity="POS" type="OCCURRENCE" />
<EVENT id="E77" start="2486" end="2492" text="her BP" modality="FACTUAL" polarity="POS" type="TEST" />
<EVENT id="E78" start="2512" end="2535" text="medical problems stable" modality="FACTUAL" polarity="POS" type="PROBLEM" />
<EVENT id="E79" start="2538" end="2546" text="Dialysis" modality="FACTUAL" polarity="POS" type="TREATMENT" />
<EVENT id="E80" start="2623" end="2632" text="discharge" modality="FACTUAL" polarity="POS" type="OCCURRENCE" />
<EVENT id="E81" start="2652" end="2671" text="the hospital events" modality="FACTUAL" polarity="POS" type="OCCURRENCE" />
<TIMEX3 id="T1" start="18" end="28" text="2018-08-02" type="DATE" val="2018-08-02" mod="NA" />
<TIMEX3 id="T2" start="46" end="56" text="2018-08-08" type="DATE" val="2018-08-08" mod="NA" />
<TIMEX3 id="T3" start="291" end="301" text="Three days" type="DURATION" val="P3D" mod="NA" />
<TIMEX3 id="T4" start="565" end="581" text="day of admission" type="DATE" val="2018-08-02" mod="NA" />
<TIMEX3 id="T5" start="1245" end="1263" text="the morning of 6/8" type="DATE" val="2018-08-02" mod="START" />
<TIMEX3 id="T6" start="1740" end="1746" text="4 days" type="DURATION" val="P4D" mod="NA" />
<TIMEX3 id="T7" start="2179" end="2188" text="this week" type="DATE" val="2018-W32" mod="NA" />
<TIMEX3 id="T8" start="2561" end="2569" text="3 / week" type="DURATION" val="P1W" mod="NA" />
<TIMEX3 id="T9" start="2611" end="2619" text="the time" type="DATE" val="2018-08-02" mod="NA" />
<TLINK id="TL1" fromID="E1" fromText="Admission" toID="T1" toText="2018-08-02" type="OVERLAP" />
<TLINK id="TL3" fromID="E2" fromText="Discharge" toID="T2" toText="2018-08-08" type="OVERLAP" />
<TLINK id="TL4" fromID="E4" fromText="arteriovenous malformations" toID="E3" toText="GI bleeding" type="OVERLAP" />
<TLINK id="TL5" fromID="E4" fromText="arteriovenous malformations" toID="E5" toText="presents" type="OVERLAP" />
<TLINK id="TL6" fromID="E6" fromText="maroon stool" toID="E5" toText="presents" type="BEFORE" />
<TLINK id="TL7" fromID="E7" fromText="a hematocrit drop" toID="E5" toText="presents" type="BEFORE" />
<TLINK id="TL8" fromID="T3" fromText="Three days" toID="E5" toText="presents" type="BEFORE" />
<TLINK id="TL9" fromID="E8" fromText="black stools" toID="T3" toText="Three days" type="OVERLAP" />
<TLINK id="TL10" fromID="E9" fromText="clear blood in the toilet bowl" toID="E8" toText="black stools" type="OVERLAP" />
<TLINK id="TL11" fromID="E10" fromText="nausea" toID="E9" toText="clear blood in the toilet bowl" type="OVERLAP" />
<TLINK id="TL12" fromID="E11" fromText="decreased PO intake" toID="E10" toText="nausea" type="OVERLAP" />
<TLINK id="TL13" fromID="E11" fromText="decreased PO intake" toID="E12" toText="a cough productive of white sputum" type="OVERLAP" />
<TLINK id="TL14" fromID="E12" fromText="a cough productive of white sputum" toID="E13" toText="warm" type="OVERLAP" />
<TLINK id="TL15" fromID="E13" fromText="warm" toID="E14" toText="her temperature" type="OVERLAP" />
<TLINK id="TL16" fromID="E15" fromText="dialysis" toID="E14" toText="her temperature" type="OVERLAP" />
<TLINK id="TL17" fromID="E15" fromText="dialysis" toID="T4" toText="day of admission" type="OVERLAP" />
<TLINK id="TL18" fromID="E15" fromText="dialysis" toID="E16" toText="admission" type="OVERLAP" />
<TLINK id="TL19" fromID="E17" fromText="these symptoms" toID="E16" toText="admission" type="OVERLAP" />
<TLINK id="TL20" fromID="E17" fromText="these symptoms" toID="E18" toText="a bloody bowel movement" type="OVERLAP" />
<TLINK id="TL21" fromID="E17" fromText="these symptoms" toID="E19" toText="the Nantucket Cottage Hospital" type="BEFORE" />
<TLINK id="TL22" fromID="E19" fromText="the Nantucket Cottage Hospital" toID="E20" toText="the Deanna" type="OVERLAP" />
<TLINK id="TL23" fromID="E21" fromText="her temperature" toID="E20" toText="the Deanna" type="OVERLAP" />
<TLINK id="TL24" fromID="E22" fromText="HR" toID="E21" toText="her temperature" type="OVERLAP" />
<TLINK id="TL25" fromID="E23" fromText="BP" toID="E22" toText="HR" type="OVERLAP" />
<TLINK id="TL26" fromID="E24" fromText="RR" toID="E23" toText="BP" type="OVERLAP" />
<TLINK id="TL27" fromID="E24" fromText="RR" toID="E25" toText="oxygen saturation" type="OVERLAP" />
<TLINK id="TL28" fromID="E26" fromText="ambient air" toID="E25" toText="oxygen saturation" type="OVERLAP" />
<TLINK id="TL29" fromID="E27" fromText="Her hematocrit" toID="E25" toText="oxygen saturation" type="OVERLAP" />
<TLINK id="TL30" fromID="E28" fromText="her baseline hematocrit" toID="E27" toText="Her hematocrit" type="OVERLAP" />
<TLINK id="TL31" fromID="E28" fromText="her baseline hematocrit" toID="E29" toText="An NG lavage" type="OVERLAP" />
<TLINK id="TL32" fromID="E29" fromText="An NG lavage" toID="E30" toText="bilious return" type="OVERLAP" />
<TLINK id="TL33" fromID="E30" fromText="bilious return" toID="E31" toText="Rectal examination" type="OVERLAP" />
<TLINK id="TL34" fromID="E32" fromText="guiaiac positive maroon stool" toID="E31" toText="Rectal examination" type="BEFORE" />
<TLINK id="TL35" fromID="E32" fromText="guiaiac positive maroon stool" toID="E33" toText="transfused" type="BEFORE" />
<TLINK id="TL36" fromID="E34" fromText="packed red blood cells" toID="E33" toText="transfused" type="OVERLAP" />
<TLINK id="TL37" fromID="E35" fromText="IV PPI" toID="E34" toText="packed red blood cells" type="OVERLAP" />
<TLINK id="TL38" fromID="E35" fromText="IV PPI" toID="E36" toText="colonoscopy" type="OVERLAP" />
<TLINK id="TL39" fromID="E36" fromText="colonoscopy" toID="E37" toText="EGD" type="OVERLAP" />
<TLINK id="TL40" fromID="E37" fromText="EGD" toID="T5" toText="the morning of 6/8" type="OVERLAP" />
<TLINK id="TL41" fromID="E38" fromText="transferred" toID="T5" toText="the morning of 6/8" type="OVERLAP" />
<TLINK id="TL42" fromID="E39" fromText="the CMED CCU" toID="E38" toText="transferred" type="AFTER" />
<TLINK id="TL43" fromID="E40" fromText="observation" toID="E39" toText="the CMED CCU" type="OVERLAP" />
<TLINK id="TL44" fromID="E42" fromText="GI bleeding" toID="E41" toText="Blood loss anemia" type="OVERLAP" />
<TLINK id="TL45" fromID="E42" fromText="GI bleeding" toID="E43" toText="the bleeding" type="OVERLAP" />
<TLINK id="TL46" fromID="E44" fromText="an AVM" toID="E43" toText="the bleeding" type="OVERLAP" />
<TLINK id="TL47" fromID="E44" fromText="an AVM" toID="E45" toText="EGD" type="OVERLAP" />
<TLINK id="TL48" fromID="E46" fromText="colonoscopy" toID="E45" toText="EGD" type="OVERLAP" />
<TLINK id="TL49" fromID="E47" fromText="tagged scan results" toID="E45" toText="EGD" type="OVERLAP" />
<TLINK id="TL50" fromID="E48" fromText="the rt LQ" toID="E45" toText="EGD" type="BEFORE" />
<TLINK id="TL51" fromID="E48" fromText="the rt LQ" toID="E49" toText="bleeding" type="OVERLAP" />
<TLINK id="TL52" fromID="E50" fromText="colonoscopy" toID="E45" toText="EGD" type="OVERLAP" />
<TLINK id="TL53" fromID="E51" fromText="intervention" toID="E50" toText="colonoscopy" type="AFTER" />
<TLINK id="TL54" fromID="E51" fromText="intervention" toID="E52" toText="transfused" type="OVERLAP" />
<TLINK id="TL55" fromID="E53" fromText="PRBC" toID="E52" toText="transfused" type="OVERLAP" />
<TLINK id="TL56" fromID="E53" fromText="PRBC" toID="E54" toText="the ICU" type="OVERLAP" />
<TLINK id="TL57" fromID="E55" fromText="the Lahey Clinic - North Shore" toID="E54" toText="the ICU" type="OVERLAP" />
<TLINK id="TL58" fromID="E56" fromText="Her hematocrit" toID="E55" toText="the Lahey Clinic - North Shore" type="OVERLAP" />
<TLINK id="TL59" fromID="E56" fromText="Her hematocrit" toID="E57" toText="stable" type="OVERLAP" />
<TLINK id="TL60" fromID="E57" fromText="stable" toID="T6" toText="4 days" type="OVERLAP" />
<TLINK id="TL61" fromID="E57" fromText="stable" toID="E58" toText="discharge" type="OVERLAP" />
<TLINK id="TL62" fromID="E59" fromText="further bleeding" toID="E58" toText="discharge" type="OVERLAP" />
<TLINK id="TL63" fromID="E59" fromText="further bleeding" toID="E60" toText="GI consult team followed pt in hospital" type="OVERLAP" />
<TLINK id="TL64" fromID="E61" fromText="Dr Leigh" toID="E60" toText="GI consult team followed pt in hospital" type="BEFORE" />
<TLINK id="TL65" fromID="E62" fromText="argon photocoagulation" toID="E61" toText="Dr Leigh" type="OVERLAP" />
<TLINK id="TL66" fromID="E63" fromText="AVM 's" toID="E62" toText="argon photocoagulation" type="AFTER" />
<TLINK id="TL67" fromID="E64" fromText="the culprit lesion" toID="E63" toText="AVM 's" type="OVERLAP" />
<TLINK id="TL68" fromID="E64" fromText="the culprit lesion" toID="E65" toText="CBC" type="OVERLAP" />
<TLINK id="TL69" fromID="E65" fromText="CBC" toID="E66" toText="PCP" type="OVERLAP" />
<TLINK id="TL70" fromID="E66" fromText="PCP" toID="T7" toText="this week" type="OVERLAP" />
<TLINK id="TL71" fromID="E67" fromText="ASA" toID="E66" toText="PCP" type="OVERLAP" />
<TLINK id="TL72" fromID="E67" fromText="ASA" toID="E68" toText="Hct stable" type="OVERLAP" />
<TLINK id="TL73" fromID="E68" fromText="Hct stable" toID="E69" toText="the PCP 's discretion" type="OVERLAP" />
<TLINK id="TL74" fromID="E70" fromText="Chronic thrombocytopenia" toID="E69" toText="the PCP 's discretion" type="OVERLAP" />
<TLINK id="TL75" fromID="E70" fromText="Chronic thrombocytopenia" toID="E71" toText="noted" type="OVERLAP" />
<TLINK id="TL76" fromID="E72" fromText="platelet transfusions" toID="E71" toText="noted" type="AFTER" />
<TLINK id="TL77" fromID="E74" fromText="acute bleeding phase" toID="E73" toText="The metoprolol" type="BEFORE" />
<TLINK id="TL78" fromID="E74" fromText="acute bleeding phase" toID="E75" toText="restarted" type="AFTER" />
<TLINK id="TL79" fromID="E76" fromText="discharge" toID="E75" toText="restarted" type="OVERLAP" />
<TLINK id="TL80" fromID="E77" fromText="her BP" toID="E76" toText="discharge" type="AFTER" />
<TLINK id="TL81" fromID="E78" fromText="medical problems stable" toID="E77" toText="her BP" type="AFTER" />
<TLINK id="TL82" fromID="E78" fromText="medical problems stable" toID="E79" toText="Dialysis" type="OVERLAP" />
<TLINK id="TL83" fromID="E79" fromText="Dialysis" toID="T8" toText="3 / week" type="OVERLAP" />
<TLINK id="TL84" fromID="E79" fromText="Dialysis" toID="T9" toText="the time" type="BEFORE" />
<TLINK id="TL85" fromID="T9" fromText="the time" toID="E80" toText="discharge" type="OVERLAP" />
<TLINK id="TL86" fromID="E81" fromText="the hospital events" toID="E80" toText="discharge" type="BEFORE" />
<TLINK id="SECTIME0" fromID="E1" fromText="Admission" toID="T1" toText="2018-08-02" type="BEFORE" />
<TLINK id="SECTIME1" fromID="E2" fromText="Discharge" toID="T1" toText="2018-08-02" type="BEFORE" />
<TLINK id="SECTIME2" fromID="E3" fromText="GI bleeding" toID="T1" toText="2018-08-02" type="BEFORE" />
<TLINK id="SECTIME3" fromID="E4" fromText="arteriovenous malformations" toID="T1" toText="2018-08-02" type="BEFORE" />
<TLINK id="SECTIME4" fromID="E5" fromText="presents" toID="T1" toText="2018-08-02" type="OVERLAP" />
<TLINK id="SECTIME5" fromID="E6" fromText="maroon stool" toID="T1" toText="2018-08-02" type="BEFORE" />
<TLINK id="SECTIME6" fromID="E7" fromText="a hematocrit drop" toID="T1" toText="2018-08-02" type="BEFORE" />
<TLINK id="SECTIME7" fromID="E8" fromText="black stools" toID="T1" toText="2018-08-02" type="BEFORE" />
<TLINK id="SECTIME8" fromID="E9" fromText="clear blood in the toilet bowl" toID="T1" toText="2018-08-02" type="BEFORE" />
<TLINK id="SECTIME9" fromID="E10" fromText="nausea" toID="T1" toText="2018-08-02" type="BEFORE" />
<TLINK id="SECTIME10" fromID="E11" fromText="decreased PO intake" toID="T1" toText="2018-08-02" type="BEFORE" />
<TLINK id="SECTIME11" fromID="E12" fromText="a cough productive of white sputum" toID="T1" toText="2018-08-02" type="BEFORE" />
<TLINK id="SECTIME12" fromID="E13" fromText="warm" toID="T1" toText="2018-08-02" type="BEFORE" />
<TLINK id="SECTIME13" fromID="E14" fromText="her temperature" toID="T1" toText="2018-08-02" type="BEFORE" />
<TLINK id="SECTIME14" fromID="E15" fromText="dialysis" toID="T1" toText="2018-08-02" type="BEFORE" />
<TLINK id="SECTIME15" fromID="E16" fromText="admission" toID="T1" toText="2018-08-02" type="BEFORE" />
<TLINK id="SECTIME16" fromID="E17" fromText="these symptoms" toID="T1" toText="2018-08-02" type="BEFORE" />
<TLINK id="SECTIME17" fromID="E18" fromText="a bloody bowel movement" toID="T1" toText="2018-08-02" type="BEFORE" />
<TLINK id="SECTIME18" fromID="E19" fromText="the Nantucket Cottage Hospital" toID="T1" toText="2018-08-02" type="BEFORE" />
<TLINK id="SECTIME19" fromID="E20" fromText="the Deanna" toID="T1" toText="2018-08-02" type="BEFORE" />
<TLINK id="SECTIME20" fromID="E21" fromText="her temperature" toID="T1" toText="2018-08-02" type="BEFORE" />
<TLINK id="SECTIME21" fromID="E22" fromText="HR" toID="T1" toText="2018-08-02" type="BEFORE" />
<TLINK id="SECTIME22" fromID="E23" fromText="BP" toID="T1" toText="2018-08-02" type="BEFORE" />
<TLINK id="SECTIME23" fromID="E24" fromText="RR" toID="T1" toText="2018-08-02" type="BEFORE" />
<TLINK id="SECTIME24" fromID="E25" fromText="oxygen saturation" toID="T1" toText="2018-08-02" type="BEFORE" />
<TLINK id="SECTIME25" fromID="E26" fromText="ambient air" toID="T1" toText="2018-08-02" type="BEFORE" />
<TLINK id="SECTIME26" fromID="E27" fromText="Her hematocrit" toID="T1" toText="2018-08-02" type="BEFORE" />
<TLINK id="SECTIME27" fromID="E28" fromText="her baseline hematocrit" toID="T1" toText="2018-08-02" type="BEFORE" />
<TLINK id="SECTIME28" fromID="E29" fromText="An NG lavage" toID="T1" toText="2018-08-02" type="BEFORE" />
<TLINK id="SECTIME29" fromID="E30" fromText="bilious return" toID="T1" toText="2018-08-02" type="BEFORE" />
<TLINK id="SECTIME30" fromID="E31" fromText="Rectal examination" toID="T1" toText="2018-08-02" type="BEFORE" />
<TLINK id="SECTIME31" fromID="E32" fromText="guiaiac positive maroon stool" toID="T1" toText="2018-08-02" type="BEFORE" />
<TLINK id="SECTIME32" fromID="E33" fromText="transfused" toID="T1" toText="2018-08-02" type="BEFORE" />
<TLINK id="SECTIME33" fromID="E34" fromText="packed red blood cells" toID="T1" toText="2018-08-02" type="BEFORE" />
<TLINK id="SECTIME34" fromID="E35" fromText="IV PPI" toID="T1" toText="2018-08-02" type="BEFORE" />
<TLINK id="SECTIME35" fromID="E36" fromText="colonoscopy" toID="T1" toText="2018-08-02" type="BEFORE" />
<TLINK id="SECTIME36" fromID="E37" fromText="EGD" toID="T1" toText="2018-08-02" type="BEFORE" />
<TLINK id="SECTIME37" fromID="E38" fromText="transferred" toID="T1" toText="2018-08-02" type="BEFORE" />
<TLINK id="SECTIME38" fromID="E39" fromText="the CMED CCU" toID="T1" toText="2018-08-02" type="BEFORE" />
<TLINK id="SECTIME39" fromID="E40" fromText="observation" toID="T1" toText="2018-08-02" type="BEFORE" />
<TLINK id="SECTIME40" fromID="E41" fromText="Blood loss anemia" toID="T2" toText="2018-08-08" type="BEFORE" />
<TLINK id="SECTIME41" fromID="E42" fromText="GI bleeding" toID="T2" toText="2018-08-08" type="BEFORE" />
<TLINK id="SECTIME42" fromID="E43" fromText="the bleeding" toID="T2" toText="2018-08-08" type="BEFORE" />
<TLINK id="SECTIME43" fromID="E44" fromText="an AVM" toID="T2" toText="2018-08-08" type="BEFORE" />
<TLINK id="SECTIME44" fromID="E45" fromText="EGD" toID="T2" toText="2018-08-08" type="BEFORE" />
<TLINK id="SECTIME45" fromID="E46" fromText="colonoscopy" toID="T2" toText="2018-08-08" type="BEFORE" />
<TLINK id="SECTIME46" fromID="E47" fromText="tagged scan results" toID="T2" toText="2018-08-08" type="BEFORE" />
<TLINK id="SECTIME47" fromID="E48" fromText="the rt LQ" toID="T2" toText="2018-08-08" type="BEFORE" />
<TLINK id="SECTIME48" fromID="E49" fromText="bleeding" toID="T2" toText="2018-08-08" type="BEFORE" />
<TLINK id="SECTIME49" fromID="E50" fromText="colonoscopy" toID="T2" toText="2018-08-08" type="BEFORE" />
<TLINK id="SECTIME50" fromID="E51" fromText="intervention" toID="T2" toText="2018-08-08" type="BEFORE" />
<TLINK id="SECTIME51" fromID="E52" fromText="transfused" toID="T2" toText="2018-08-08" type="BEFORE" />
<TLINK id="SECTIME52" fromID="E53" fromText="PRBC" toID="T2" toText="2018-08-08" type="BEFORE" />
<TLINK id="SECTIME53" fromID="E54" fromText="the ICU" toID="T2" toText="2018-08-08" type="BEFORE" />
<TLINK id="SECTIME54" fromID="E55" fromText="the Lahey Clinic - North Shore" toID="T2" toText="2018-08-08" type="AFTER" />
<TLINK id="SECTIME55" fromID="E56" fromText="Her hematocrit" toID="T2" toText="2018-08-08" type="BEFORE" />
<TLINK id="SECTIME56" fromID="E57" fromText="stable" toID="T2" toText="2018-08-08" type="BEFORE" />
<TLINK id="SECTIME57" fromID="E58" fromText="discharge" toID="T2" toText="2018-08-08" type="BEFORE" />
<TLINK id="SECTIME58" fromID="E59" fromText="further bleeding" toID="T2" toText="2018-08-08" type="BEFORE" />
<TLINK id="SECTIME59" fromID="E60" fromText="GI consult team followed pt in hospital" toID="T2" toText="2018-08-08" type="OVERLAP" />
<TLINK id="SECTIME60" fromID="E61" fromText="Dr Leigh" toID="T2" toText="2018-08-08" type="BEFORE" />
<TLINK id="SECTIME61" fromID="E62" fromText="argon photocoagulation" toID="T2" toText="2018-08-08" type="BEFORE" />
<TLINK id="SECTIME62" fromID="E63" fromText="AVM 's" toID="T2" toText="2018-08-08" type="BEFORE" />
<TLINK id="SECTIME63" fromID="E64" fromText="the culprit lesion" toID="T2" toText="2018-08-08" type="BEFORE" />
<TLINK id="SECTIME64" fromID="E65" fromText="CBC" toID="T2" toText="2018-08-08" type="BEFORE" />
<TLINK id="SECTIME65" fromID="E66" fromText="PCP" toID="T2" toText="2018-08-08" type="BEFORE" />
<TLINK id="SECTIME66" fromID="E67" fromText="ASA" toID="T2" toText="2018-08-08" type="BEFORE" />
<TLINK id="SECTIME67" fromID="E68" fromText="Hct stable" toID="T2" toText="2018-08-08" type="BEFORE" />
<TLINK id="SECTIME68" fromID="E69" fromText="the PCP 's discretion" toID="T2" toText="2018-08-08" type="BEFORE" />
<TLINK id="SECTIME69" fromID="E70" fromText="Chronic thrombocytopenia" toID="T2" toText="2018-08-08" type="BEFORE" />
<TLINK id="SECTIME70" fromID="E71" fromText="noted" toID="T2" toText="2018-08-08" type="BEFORE" />
<TLINK id="SECTIME71" fromID="E72" fromText="platelet transfusions" toID="T2" toText="2018-08-08" type="BEFORE" />
<TLINK id="SECTIME72" fromID="E73" fromText="The metoprolol" toID="T2" toText="2018-08-08" type="BEFORE" />
<TLINK id="SECTIME73" fromID="E74" fromText="acute bleeding phase" toID="T2" toText="2018-08-08" type="BEFORE" />
<TLINK id="SECTIME74" fromID="E75" fromText="restarted" toID="T2" toText="2018-08-08" type="BEFORE" />
<TLINK id="SECTIME75" fromID="E76" fromText="discharge" toID="T2" toText="2018-08-08" type="OVERLAP" />
<TLINK id="SECTIME76" fromID="E77" fromText="her BP" toID="T2" toText="2018-08-08" type="BEFORE" />
<TLINK id="SECTIME77" fromID="E78" fromText="medical problems stable" toID="T2" toText="2018-08-08" type="BEFORE" />
<TLINK id="SECTIME78" fromID="E79" fromText="Dialysis" toID="T2" toText="2018-08-08" type="BEFORE" />
<TLINK id="SECTIME79" fromID="E80" fromText="discharge" toID="T2" toText="2018-08-08" type="BEFORE" />
<TLINK id="SECTIME80" fromID="E81" fromText="the hospital events" toID="T2" toText="2018-08-08" type="BEFORE" />
<SECTIME id="S0" start="18" end="28" text="2018-08-02" type="ADMISSION" dvalue="2018-08-02" />
<SECTIME id="S1" start="46" end="56" text="2018-08-08" type="DISCHARGE" dvalue="2018-08-08" />
</TAGS>
</ClinicalNarrativeTemporalAnnotation>

