<?xml version="1.0" encoding="UTF-8" ?>
<ClinicalNarrativeTemporalAnnotation>
<TEXT><![CDATA[
ADMISSION DATE :
11/17/2004
DISCHARGE DATE :
11/26/2004
OPERATIONS / PROCEDURES :
Dobutamine stress test , cardiac ultrasound , EGD , chest x-ray , PICC placement .
The patient is a 62-year-old female with a history of diabetes mellitus , hypertension , COPD , hypercholesterolemia , depression and CHF who was lying in bed on the night prior to admission when she developed left-sided chest pain located in the mid-breast region with some fluttering her chest .
The patient radiated down her left arm associated with some nausea , no shortness of breath , cough , vomiting , diarrhea .
She slept through the night , woke with persistent pain .
She went with her sister &apos;s husband to La Community Hospital where she was given sublingual nitroglycerin with complete relief of pain .
She refused ambulance to the Emergency Room and was driven to Well General Hospital Emergency Room by her sister .
She arrived pain free .
She was given Aspirin , Lopressor and Insulin for hyperglycemia .
EKG was unchanged compared to the prior EKG several months ago .
HOSPITAL COURSE :
The patient was admitted to Team Four for cardiac monitoring and ruling out for MI .
Hospital course by system :
1. Cardiovascular :
The patient ruled out for MI by cardiac markers .
The patient was set to go for a dobutamine stress test on 11/16/04 given her history of COPD , but the stress portion was canceled when she was down there due to fever and hypotension .
The next day , she underwent a cardiac echo ( transthoracic echocardiogram ) .
This echo showed LV ejection fraction of 50% with no wall motion abnormality .
However , the right ventricular was diffusely hypokinetic .
It was suboptimally imaged , so there was no RVSP given .
The patient also suffered a hypotensive episode while in the endoscopy suite for her EGD on 11/17/04 .
This responded to fluid bolus .
The patient was then transferred to Medicine Team D given her tenuous hemodynamic status .
The patient , several days later 11/23 , underwent another dobutamine stress test .
This stress test , although complicated by hypotension again , to the 60 &apos;s or 70 &apos;s was completed and there was some mild anterior septal thinning , but no evidence of ischemia and an EF from this test was 76% .
Clearly , the patient &apos;s hemodynamic vascular status was very sensitive to dobutamine .
2. Infectious Disease :
On hospital day #2 , the patient was noted to have increased dyspnea on exertion .
The next day she developed a fever and she was started on levofloxacin for a potential UTI .
She continued to have low-grade fevers and on the next day , 11/17/04 , her chest x-ray showed possible new right upper lobe infiltrates .
She was then started on ceftriaxone and azithromycin .
Her urine legionella antigen was negative .
On 11/22/04 , she was noted to have gram-positive cocci in her sputum .
She was started on vancomycin for this .
These bacteria turned out to be MRSA and she was continued on her vancomycin .
She had PICC line placed on the day prior to discharge for home vancomycin administration .
3. GI :
The patient had an episode of nausea on the morning of 11/16/04 associated with some cough , apparent emesis .
GI was consulted for an EGD , however , while she was in the Endoscopy Suite , as mentioned above , she had a hypotensive episode , which responded to some fluid boluses .
Finally , on the day prior to discharge , she was stabilized to the point that she could have her EGD .
The EGD did show three esophageal ulcers that were localized and apparent suggestion of pill esophagitis .
Her stomach and duodenum were normal and it was suggested that she change her Nexium doses to daily and that she also drink plenty of fluids and water with meals , sit upright when she would eat her meals to decrease the chance of pills eroding her esophagus .
4. Shortness of breath :
As mentioned above , the patient did develop MRSA pneumonia that was started to be treated with vancomycin and she did also develop an oxygen requirement the day prior to discharge .
At most , her oxygen requirement was 4-5 liters and on the day prior to discharge , she was satting well on two liters of nasal cannula .
This was thought to be due to her pneumonia ; however , with her right ventricular hypokinesis , it is also possible that she may have an element of pulmonary hypertension and may warrant further investigation as an outpatient , for example , with chest CT .
5. Derm :
Several days prior to discharge , the patient developed some erythematous rash under her left breast and left side that was thought to be due to yeast .
She was started on some Miconazole Cream .
The rash was always localized to her left side , sometimes extending down to her leg , but never on the right side .
The rash appeared to be resolving by the time of discharge .
]]></TEXT>
<TAGS>
<EVENT id="E1" start="1" end="10" text="ADMISSION" modality="FACTUAL" polarity="POS" type="OCCURRENCE" />
<EVENT id="E2" start="29" end="38" text="DISCHARGE" modality="FACTUAL" polarity="POS" type="OCCURRENCE" />
<EVENT id="E3" start="83" end="105" text="Dobutamine stress test" modality="FACTUAL" polarity="POS" type="TEST" />
<EVENT id="E4" start="108" end="126" text="cardiac ultrasound" modality="FACTUAL" polarity="POS" type="TEST" />
<EVENT id="E5" start="129" end="132" text="EGD" modality="FACTUAL" polarity="POS" type="TEST" />
<EVENT id="E6" start="135" end="146" text="chest x-ray" modality="FACTUAL" polarity="POS" type="TEST" />
<EVENT id="E7" start="149" end="163" text="PICC placement" modality="FACTUAL" polarity="POS" type="TREATMENT" />
<EVENT id="E8" start="220" end="237" text="diabetes mellitus" modality="FACTUAL" polarity="POS" type="PROBLEM" />
<EVENT id="E9" start="240" end="252" text="hypertension" modality="FACTUAL" polarity="POS" type="PROBLEM" />
<EVENT id="E10" start="255" end="259" text="COPD" modality="FACTUAL" polarity="POS" type="PROBLEM" />
<EVENT id="E11" start="262" end="282" text="hypercholesterolemia" modality="FACTUAL" polarity="POS" type="PROBLEM" />
<EVENT id="E12" start="285" end="295" text="depression" modality="FACTUAL" polarity="POS" type="PROBLEM" />
<EVENT id="E13" start="300" end="303" text="CHF" modality="FACTUAL" polarity="POS" type="PROBLEM" />
<EVENT id="E14" start="347" end="356" text="admission" modality="FACTUAL" polarity="POS" type="OCCURRENCE" />
<EVENT id="E15" start="376" end="397" text="left-sided chest pain" modality="FACTUAL" polarity="POS" type="PROBLEM" />
<EVENT id="E16" start="409" end="430" text="the mid-breast region" modality="FACTUAL" polarity="POS" type="PROBLEM" />
<EVENT id="E17" start="436" end="461" text="some fluttering her chest" modality="FACTUAL" polarity="POS" type="PROBLEM" />
<EVENT id="E18" start="476" end="502" text="radiated down her left arm" modality="FACTUAL" polarity="POS" type="PROBLEM" />
<EVENT id="E19" start="519" end="530" text="some nausea" modality="FACTUAL" polarity="POS" type="PROBLEM" />
<EVENT id="E20" start="536" end="555" text="shortness of breath" modality="FACTUAL" polarity="NEG" type="PROBLEM" />
<EVENT id="E21" start="558" end="563" text="cough" modality="FACTUAL" polarity="NEG" type="PROBLEM" />
<EVENT id="E22" start="566" end="574" text="vomiting" modality="FACTUAL" polarity="NEG" type="PROBLEM" />
<EVENT id="E23" start="577" end="585" text="diarrhea" modality="FACTUAL" polarity="NEG" type="PROBLEM" />
<EVENT id="E24" start="628" end="643" text="persistent pain" modality="FACTUAL" polarity="POS" type="PROBLEM" />
<EVENT id="E25" start="690" end="711" text="La Community Hospital" modality="FACTUAL" polarity="POS" type="CLINICAL_DEPT" />
<EVENT id="E26" start="732" end="756" text="sublingual nitroglycerin" modality="FACTUAL" polarity="POS" type="TREATMENT" />
<EVENT id="E27" start="781" end="785" text="pain" modality="FACTUAL" polarity="POS" type="PROBLEM" />
<EVENT id="E28" start="813" end="831" text="the Emergency Room" modality="FACTUAL" polarity="POS" type="CLINICAL_DEPT" />
<EVENT id="E29" start="850" end="886" text="Well General Hospital Emergency Room" modality="FACTUAL" polarity="POS" type="CLINICAL_DEPT" />
<EVENT id="E30" start="907" end="924" text="arrived pain free" modality="FACTUAL" polarity="POS" type="OCCURRENCE" />
<EVENT id="E31" start="941" end="948" text="Aspirin" modality="FACTUAL" polarity="POS" type="TREATMENT" />
<EVENT id="E32" start="951" end="960" text="Lopressor" modality="FACTUAL" polarity="POS" type="TREATMENT" />
<EVENT id="E33" start="965" end="972" text="Insulin" modality="FACTUAL" polarity="POS" type="TREATMENT" />
<EVENT id="E34" start="977" end="990" text="hyperglycemia" modality="FACTUAL" polarity="POS" type="PROBLEM" />
<EVENT id="E35" start="993" end="996" text="EKG" modality="FACTUAL" polarity="POS" type="TEST" />
<EVENT id="E36" start="1001" end="1010" text="unchanged" modality="FACTUAL" polarity="POS" type="OCCURRENCE" />
<EVENT id="E37" start="1033" end="1036" text="EKG" modality="FACTUAL" polarity="POS" type="TEST" />
<EVENT id="E38" start="1092" end="1100" text="admitted" modality="FACTUAL" polarity="POS" type="OCCURRENCE" />
<EVENT id="E39" start="1118" end="1136" text="cardiac monitoring" modality="FACTUAL" polarity="POS" type="TEST" />
<EVENT id="E40" start="1141" end="1151" text="ruling out" modality="FACTUAL" polarity="POS" type="TEST" />
<EVENT id="E41" start="1156" end="1158" text="MI" modality="FACTUAL" polarity="NEG" type="PROBLEM" />
<EVENT id="E42" start="1221" end="1230" text="ruled out" modality="FACTUAL" polarity="POS" type="OCCURRENCE" />
<EVENT id="E43" start="1235" end="1237" text="MI" modality="FACTUAL" polarity="NEG" type="PROBLEM" />
<EVENT id="E44" start="1241" end="1256" text="cardiac markers" modality="FACTUAL" polarity="POS" type="TEST" />
<EVENT id="E45" start="1289" end="1313" text="a dobutamine stress test" modality="FACTUAL" polarity="POS" type="TEST" />
<EVENT id="E46" start="1347" end="1351" text="COPD" modality="FACTUAL" polarity="POS" type="PROBLEM" />
<EVENT id="E47" start="1358" end="1376" text="the stress portion" modality="FACTUAL" polarity="POS" type="PROBLEM" />
<EVENT id="E48" start="1421" end="1426" text="fever" modality="FACTUAL" polarity="POS" type="PROBLEM" />
<EVENT id="E49" start="1431" end="1442" text="hypotension" modality="FACTUAL" polarity="POS" type="PROBLEM" />
<EVENT id="E50" start="1474" end="1488" text="a cardiac echo" modality="FACTUAL" polarity="POS" type="TEST" />
<EVENT id="E51" start="1491" end="1519" text="transthoracic echocardiogram" modality="FACTUAL" polarity="POS" type="TEST" />
<EVENT id="E52" start="1524" end="1533" text="This echo" modality="FACTUAL" polarity="POS" type="TEST" />
<EVENT id="E53" start="1534" end="1540" text="showed" modality="FACTUAL" polarity="POS" type="OCCURRENCE" />
<EVENT id="E54" start="1541" end="1561" text="LV ejection fraction" modality="FACTUAL" polarity="POS" type="TEST" />
<EVENT id="E55" start="1577" end="1600" text="wall motion abnormality" modality="FACTUAL" polarity="NEG" type="PROBLEM" />
<EVENT id="E56" start="1639" end="1660" text="diffusely hypokinetic" modality="FACTUAL" polarity="POS" type="PROBLEM" />
<EVENT id="E57" start="1670" end="1682" text="suboptimally" modality="FACTUAL" polarity="POS" type="TREATMENT" />
<EVENT id="E58" start="1708" end="1712" text="RVSP" modality="FACTUAL" polarity="NEG" type="PROBLEM" />
<EVENT id="E59" start="1747" end="1768" text="a hypotensive episode" modality="FACTUAL" polarity="POS" type="PROBLEM" />
<EVENT id="E60" start="1778" end="1797" text="the endoscopy suite" modality="FACTUAL" polarity="POS" type="TEST" />
<EVENT id="E61" start="1802" end="1809" text="her EGD" modality="FACTUAL" polarity="POS" type="TEST" />
<EVENT id="E62" start="1824" end="1838" text="This responded" modality="FACTUAL" polarity="POS" type="OCCURRENCE" />
<EVENT id="E63" start="1842" end="1853" text="fluid bolus" modality="FACTUAL" polarity="POS" type="TREATMENT" />
<EVENT id="E64" start="1877" end="1888" text="transferred" modality="FACTUAL" polarity="POS" type="OCCURRENCE" />
<EVENT id="E65" start="1914" end="1944" text="her tenuous hemodynamic status" modality="FACTUAL" polarity="POS" type="PROBLEM" />
<EVENT id="E66" start="1998" end="2028" text="another dobutamine stress test" modality="FACTUAL" polarity="POS" type="TEST" />
<EVENT id="E67" start="2031" end="2047" text="This stress test" modality="FACTUAL" polarity="POS" type="TEST" />
<EVENT id="E68" start="2074" end="2085" text="hypotension" modality="FACTUAL" polarity="POS" type="PROBLEM" />
<EVENT id="E69" start="2154" end="2188" text="some mild anterior septal thinning" modality="FACTUAL" polarity="POS" type="PROBLEM" />
<EVENT id="E70" start="2210" end="2218" text="ischemia" modality="FACTUAL" polarity="NEG" type="PROBLEM" />
<EVENT id="E71" start="2223" end="2228" text="an EF" modality="FACTUAL" polarity="POS" type="TEST" />
<EVENT id="E72" start="2234" end="2243" text="this test" modality="FACTUAL" polarity="POS" type="TEST" />
<EVENT id="E73" start="2264" end="2311" text="the patient &apos;s hemodynamic vascular status" modality="FACTUAL" polarity="POS" type="OCCURRENCE" />
<EVENT id="E74" start="2334" end="2344" text="dobutamine" modality="FACTUAL" polarity="POS" type="TREATMENT" />
<EVENT id="E75" start="2422" end="2439" text="increased dyspnea" modality="FACTUAL" polarity="POS" type="PROBLEM" />
<EVENT id="E76" start="2481" end="2488" text="a fever" modality="FACTUAL" polarity="POS" type="PROBLEM" />
<EVENT id="E77" start="2512" end="2524" text="levofloxacin" modality="FACTUAL" polarity="POS" type="TREATMENT" />
<EVENT id="E78" start="2529" end="2544" text="a potential UTI" modality="FACTUAL" polarity="POS" type="PROBLEM" />
<EVENT id="E79" start="2569" end="2585" text="low-grade fevers" modality="FACTUAL" polarity="POS" type="PROBLEM" />
<EVENT id="E80" start="2619" end="2634" text="her chest x-ray" modality="FACTUAL" polarity="POS" type="TEST" />
<EVENT id="E81" start="2635" end="2641" text="showed" modality="FACTUAL" polarity="POS" type="EVIDENTIAL" />
<EVENT id="E82" start="2642" end="2683" text="possible new right upper lobe infiltrates" modality="FACTUAL" polarity="POS" type="PROBLEM" />
<EVENT id="E83" start="2710" end="2721" text="ceftriaxone" modality="FACTUAL" polarity="POS" type="TREATMENT" />
<EVENT id="E84" start="2726" end="2738" text="azithromycin" modality="FACTUAL" polarity="POS" type="TREATMENT" />
<EVENT id="E85" start="2741" end="2769" text="Her urine legionella antigen" modality="FACTUAL" polarity="POS" type="TEST" />
<EVENT id="E86" start="2821" end="2854" text="gram-positive cocci in her sputum" modality="FACTUAL" polarity="POS" type="PROBLEM" />
<EVENT id="E87" start="2876" end="2886" text="vancomycin" modality="FACTUAL" polarity="POS" type="TREATMENT" />
<EVENT id="E88" start="2898" end="2912" text="These bacteria" modality="FACTUAL" polarity="POS" type="PROBLEM" />
<EVENT id="E89" start="2930" end="2934" text="MRSA" modality="FACTUAL" polarity="POS" type="PROBLEM" />
<EVENT id="E90" start="2960" end="2974" text="her vancomycin" modality="FACTUAL" polarity="POS" type="TREATMENT" />
<EVENT id="E91" start="2985" end="2994" text="PICC line" modality="FACTUAL" polarity="POS" type="TREATMENT" />
<EVENT id="E92" start="3022" end="3031" text="discharge" modality="FACTUAL" polarity="POS" type="OCCURRENCE" />
<EVENT id="E93" start="3036" end="3066" text="home vancomycin administration" modality="FACTUAL" polarity="POS" type="TREATMENT" />
<EVENT id="E94" start="3107" end="3113" text="nausea" modality="FACTUAL" polarity="POS" type="PROBLEM" />
<EVENT id="E95" start="3157" end="3167" text="some cough" modality="FACTUAL" polarity="POS" type="PROBLEM" />
<EVENT id="E96" start="3170" end="3185" text="apparent emesis" modality="FACTUAL" polarity="POS" type="PROBLEM" />
<EVENT id="E97" start="3209" end="3215" text="an EGD" modality="FACTUAL" polarity="POS" type="TEST" />
<EVENT id="E98" start="3245" end="3264" text="the Endoscopy Suite" modality="FACTUAL" polarity="POS" type="TEST" />
<EVENT id="E99" start="3296" end="3317" text="a hypotensive episode" modality="FACTUAL" polarity="POS" type="PROBLEM" />
<EVENT id="E100" start="3339" end="3357" text="some fluid boluses" modality="FACTUAL" polarity="POS" type="TREATMENT" />
<EVENT id="E101" start="3390" end="3399" text="discharge" modality="FACTUAL" polarity="POS" type="OCCURRENCE" />
<EVENT id="E102" start="3454" end="3461" text="her EGD" modality="FACTUAL" polarity="POS" type="TEST" />
<EVENT id="E103" start="3464" end="3471" text="The EGD" modality="FACTUAL" polarity="POS" type="TEST" />
<EVENT id="E104" start="3476" end="3480" text="show" modality="FACTUAL" polarity="POS" type="EVIDENTIAL" />
<EVENT id="E105" start="3481" end="3504" text="three esophageal ulcers" modality="FACTUAL" polarity="POS" type="PROBLEM" />
<EVENT id="E106" start="3552" end="3568" text="pill esophagitis" modality="FACTUAL" polarity="POS" type="PROBLEM" />
<EVENT id="E107" start="3571" end="3595" text="Her stomach and duodenum" modality="FACTUAL" polarity="POS" type="OCCURRENCE" />
<EVENT id="E108" start="3645" end="3661" text="her Nexium doses" modality="FACTUAL" polarity="POS" type="TREATMENT" />
<EVENT id="E109" start="3705" end="3711" text="fluids" modality="FACTUAL" polarity="POS" type="TREATMENT" />
<EVENT id="E110" start="3727" end="3732" text="meals" modality="FACTUAL" polarity="POS" type="OCCURRENCE" />
<EVENT id="E111" start="3762" end="3775" text="eat her meals" modality="FACTUAL" polarity="POS" type="OCCURRENCE" />
<EVENT id="E112" start="3802" end="3829" text="pills eroding her esophagus" modality="FACTUAL" polarity="POS" type="PROBLEM" />
<EVENT id="E113" start="3902" end="3916" text="MRSA pneumonia" modality="FACTUAL" polarity="POS" type="PROBLEM" />
<EVENT id="E114" start="3953" end="3963" text="vancomycin" modality="FACTUAL" polarity="POS" type="TREATMENT" />
<EVENT id="E115" start="3989" end="4010" text="an oxygen requirement" modality="FACTUAL" polarity="POS" type="PROBLEM" />
<EVENT id="E116" start="4028" end="4037" text="discharge" modality="FACTUAL" polarity="POS" type="OCCURRENCE" />
<EVENT id="E117" start="4050" end="4072" text="her oxygen requirement" modality="FACTUAL" polarity="POS" type="PROBLEM" />
<EVENT id="E118" start="4112" end="4121" text="discharge" modality="FACTUAL" polarity="POS" type="OCCURRENCE" />
<EVENT id="E119" start="4132" end="4144" text="satting well" modality="FACTUAL" polarity="POS" type="OCCURRENCE" />
<EVENT id="E120" start="4162" end="4175" text="nasal cannula" modality="FACTUAL" polarity="POS" type="TREATMENT" />
<EVENT id="E121" start="4208" end="4221" text="her pneumonia" modality="FACTUAL" polarity="POS" type="PROBLEM" />
<EVENT id="E122" start="4239" end="4272" text="her right ventricular hypokinesis" modality="FACTUAL" polarity="POS" type="PROBLEM" />
<EVENT id="E123" start="4327" end="4349" text="pulmonary hypertension" modality="POSSIBLE" polarity="POS" type="PROBLEM" />
<EVENT id="E124" start="4366" end="4387" text="further investigation" modality="POSSIBLE" polarity="POS" type="TEST" />
<EVENT id="E125" start="4426" end="4434" text="chest CT" modality="FACTUAL" polarity="POS" type="TEST" />
<EVENT id="E126" start="4469" end="4478" text="discharge" modality="FACTUAL" polarity="POS" type="OCCURRENCE" />
<EVENT id="E127" start="4503" end="4547" text="some erythematous rash under her left breast" modality="FACTUAL" polarity="POS" type="PROBLEM" />
<EVENT id="E128" start="4552" end="4561" text="left side" modality="FACTUAL" polarity="POS" type="PROBLEM" />
<EVENT id="E129" start="4592" end="4597" text="yeast" modality="FACTUAL" polarity="POS" type="PROBLEM" />
<EVENT id="E130" start="4619" end="4640" text="some Miconazole Cream" modality="FACTUAL" polarity="POS" type="TREATMENT" />
<EVENT id="E131" start="4643" end="4651" text="The rash" modality="FACTUAL" polarity="POS" type="PROBLEM" />
<EVENT id="E132" start="4676" end="4689" text="her left side" modality="FACTUAL" polarity="POS" type="PROBLEM" />
<EVENT id="E133" start="4720" end="4727" text="her leg" modality="FACTUAL" polarity="POS" type="PROBLEM" />
<EVENT id="E134" start="4760" end="4768" text="The rash" modality="FACTUAL" polarity="POS" type="PROBLEM" />
<EVENT id="E135" start="4809" end="4818" text="discharge" modality="FACTUAL" polarity="POS" type="OCCURRENCE" />
<TIMEX3 id="T1" start="18" end="28" text="11/17/2004" type="DATE" val="2004-11-17" mod="NA" />
<TIMEX3 id="T2" start="46" end="56" text="11/26/2004" type="DATE" val="2004-11-26" mod="NA" />
<TIMEX3 id="T3" start="328" end="337" text="the night" type="DATE" val="2004-11-17" mod="END" />
<TIMEX3 id="T4" start="606" end="615" text="the night" type="DURATION" val="2004-11-17" mod="END" />
<TIMEX3 id="T5" start="1037" end="1055" text="several months ago" type="DATE" val="2004-11-17" mod="APPROX" />
<TIMEX3 id="T6" start="1317" end="1325" text="11/16/04" type="DATE" val="2004-11-16" mod="NA" />
<TIMEX3 id="T7" start="1445" end="1457" text="The next day" type="DATE" val="2004-07-13" mod="NA" />
<TIMEX3 id="T8" start="1813" end="1821" text="11/17/04" type="DATE" val="2004-11-17" mod="NA" />
<TIMEX3 id="T9" start="1961" end="1973" text="several days" type="DURATION" val="P3D" mod="APPROX" />
<TIMEX3 id="T10" start="1980" end="1985" text="11/23" type="DATE" val="2004-11-23" mod="NA" />
<TIMEX3 id="T11" start="2374" end="2389" text="hospital day #2" type="DATE" val="2004-11-18" mod="NA" />
<TIMEX3 id="T12" start="2454" end="2466" text="The next day" type="DATE" val="2004-07-13" mod="NA" />
<TIMEX3 id="T13" start="2593" end="2616" text="the next day , 11/17/04" type="DATE" val="2004-11-17" mod="NA" />
<TIMEX3 id="T14" start="2788" end="2796" text="11/22/04" type="DATE" val="2004-11-22" mod="NA" />
<TIMEX3 id="T15" start="3005" end="3012" text="the day" type="DATE" val="2004-11-17" mod="NA" />
<TIMEX3 id="T16" start="3117" end="3140" text="the morning of 11/16/04" type="DATE" val="2004-11-16" mod="START" />
<TIMEX3 id="T17" start="3373" end="3399" text="the day prior to discharge" type="DATE" val="2004-11-25" mod="NA" />
<TIMEX3 id="T18" start="4011" end="4018" text="the day" type="DATE" val="2004-11-17" mod="NA" />
<TIMEX3 id="T19" start="4095" end="4121" text="the day prior to discharge" type="DATE" val="2004-11-25" mod="NA" />
<TIMEX3 id="T20" start="4447" end="4459" text="Several days" type="DURATION" val="P3D" mod="APPROX" />
<TIMEX3 id="T21" start="4797" end="4805" text="the time" type="DATE" val="2004-11-25" mod="NA" />
<TLINK id="TL1" fromID="E1" fromText="ADMISSION" toID="T1" toText="11/17/2004" type="OVERLAP" />
<TLINK id="TL3" fromID="E2" fromText="DISCHARGE" toID="T2" toText="11/26/2004" type="OVERLAP" />
<TLINK id="TL4" fromID="E4" fromText="cardiac ultrasound" toID="E3" toText="Dobutamine stress test" type="OVERLAP" />
<TLINK id="TL5" fromID="E4" fromText="cardiac ultrasound" toID="E5" toText="EGD" type="OVERLAP" />
<TLINK id="TL6" fromID="E6" fromText="chest x-ray" toID="E5" toText="EGD" type="OVERLAP" />
<TLINK id="TL7" fromID="E6" fromText="chest x-ray" toID="E7" toText="PICC placement" type="OVERLAP" />
<TLINK id="TL8" fromID="E8" fromText="diabetes mellitus" toID="E5" toText="EGD" type="BEFORE" />
<TLINK id="TL9" fromID="E8" fromText="diabetes mellitus" toID="E9" toText="hypertension" type="OVERLAP" />
<TLINK id="TL10" fromID="E9" fromText="hypertension" toID="E10" toText="COPD" type="OVERLAP" />
<TLINK id="TL11" fromID="E11" fromText="hypercholesterolemia" toID="E10" toText="COPD" type="OVERLAP" />
<TLINK id="TL12" fromID="E12" fromText="depression" toID="E11" toText="hypercholesterolemia" type="OVERLAP" />
<TLINK id="TL13" fromID="E13" fromText="CHF" toID="E12" toText="depression" type="OVERLAP" />
<TLINK id="TL14" fromID="E13" fromText="CHF" toID="T3" toText="the night" type="OVERLAP" />
<TLINK id="TL15" fromID="E14" fromText="admission" toID="T3" toText="the night" type="OVERLAP" />
<TLINK id="TL16" fromID="E15" fromText="left-sided chest pain" toID="E14" toText="admission" type="BEFORE" />
<TLINK id="TL17" fromID="E15" fromText="left-sided chest pain" toID="E16" toText="the mid-breast region" type="OVERLAP" />
<TLINK id="TL18" fromID="E17" fromText="some fluttering her chest" toID="E16" toText="the mid-breast region" type="OVERLAP" />
<TLINK id="TL19" fromID="E18" fromText="radiated down her left arm" toID="E17" toText="some fluttering her chest" type="OVERLAP" />
<TLINK id="TL20" fromID="E19" fromText="some nausea" toID="E18" toText="radiated down her left arm" type="OVERLAP" />
<TLINK id="TL21" fromID="E19" fromText="some nausea" toID="E20" toText="shortness of breath" type="OVERLAP" />
<TLINK id="TL22" fromID="E21" fromText="cough" toID="E20" toText="shortness of breath" type="OVERLAP" />
<TLINK id="TL23" fromID="E22" fromText="vomiting" toID="E21" toText="cough" type="OVERLAP" />
<TLINK id="TL24" fromID="E23" fromText="diarrhea" toID="E22" toText="vomiting" type="OVERLAP" />
<TLINK id="TL25" fromID="E23" fromText="diarrhea" toID="T4" toText="the night" type="OVERLAP" />
<TLINK id="TL26" fromID="E24" fromText="persistent pain" toID="T4" toText="the night" type="OVERLAP" />
<TLINK id="TL27" fromID="E25" fromText="La Community Hospital" toID="T4" toText="the night" type="OVERLAP" />
<TLINK id="TL28" fromID="E25" fromText="La Community Hospital" toID="E26" toText="sublingual nitroglycerin" type="OVERLAP" />
<TLINK id="TL29" fromID="E27" fromText="pain" toID="E26" toText="sublingual nitroglycerin" type="OVERLAP" />
<TLINK id="TL30" fromID="E28" fromText="the Emergency Room" toID="E25" toText="La Community Hospital" type="OVERLAP" />
<TLINK id="TL31" fromID="E29" fromText="Well General Hospital Emergency Room" toID="E28" toText="the Emergency Room" type="OVERLAP" />
<TLINK id="TL32" fromID="E29" fromText="Well General Hospital Emergency Room" toID="E30" toText="arrived pain free" type="OVERLAP" />
<TLINK id="TL33" fromID="E31" fromText="Aspirin" toID="E30" toText="arrived pain free" type="AFTER" />
<TLINK id="TL34" fromID="E31" fromText="Aspirin" toID="E32" toText="Lopressor" type="OVERLAP" />
<TLINK id="TL35" fromID="E32" fromText="Lopressor" toID="E33" toText="Insulin" type="OVERLAP" />
<TLINK id="TL36" fromID="E34" fromText="hyperglycemia" toID="E33" toText="Insulin" type="BEFORE" />
<TLINK id="TL37" fromID="E34" fromText="hyperglycemia" toID="E35" toText="EKG" type="OVERLAP" />
<TLINK id="TL38" fromID="E35" fromText="EKG" toID="E36" toText="unchanged" type="OVERLAP" />
<TLINK id="TL39" fromID="E36" fromText="unchanged" toID="E37" toText="EKG" type="AFTER" />
<TLINK id="TL40" fromID="E37" fromText="EKG" toID="T5" toText="several months ago" type="OVERLAP" />
<TLINK id="TL41" fromID="E39" fromText="cardiac monitoring" toID="E38" toText="admitted" type="AFTER" />
<TLINK id="TL42" fromID="E39" fromText="cardiac monitoring" toID="E40" toText="ruling out" type="OVERLAP" />
<TLINK id="TL43" fromID="E41" fromText="MI" toID="E40" toText="ruling out" type="BEFORE" />
<TLINK id="TL44" fromID="E43" fromText="MI" toID="E42" toText="ruled out" type="AFTER" />
<TLINK id="TL45" fromID="E44" fromText="cardiac markers" toID="E42" toText="ruled out" type="OVERLAP" />
<TLINK id="TL46" fromID="E45" fromText="a dobutamine stress test" toID="E44" toText="cardiac markers" type="OVERLAP" />
<TLINK id="TL47" fromID="E45" fromText="a dobutamine stress test" toID="T6" toText="11/16/04" type="OVERLAP" />
<TLINK id="TL48" fromID="E46" fromText="COPD" toID="E45" toText="a dobutamine stress test" type="BEFORE" />
<TLINK id="TL49" fromID="E47" fromText="the stress portion" toID="E46" toText="COPD" type="OVERLAP" />
<TLINK id="TL50" fromID="E48" fromText="fever" toID="E47" toText="the stress portion" type="OVERLAP" />
<TLINK id="TL51" fromID="E48" fromText="fever" toID="E49" toText="hypotension" type="OVERLAP" />
<TLINK id="TL52" fromID="E49" fromText="hypotension" toID="T7" toText="The next day" type="OVERLAP" />
<TLINK id="TL53" fromID="E50" fromText="a cardiac echo" toID="T7" toText="The next day" type="OVERLAP" />
<TLINK id="TL54" fromID="E51" fromText="transthoracic echocardiogram" toID="E50" toText="a cardiac echo" type="OVERLAP" />
<TLINK id="TL55" fromID="E52" fromText="This echo" toID="E51" toText="transthoracic echocardiogram" type="OVERLAP" />
<TLINK id="TL56" fromID="E52" fromText="This echo" toID="E53" toText="showed" type="OVERLAP" />
<TLINK id="TL57" fromID="E54" fromText="LV ejection fraction" toID="E53" toText="showed" type="OVERLAP" />
<TLINK id="TL58" fromID="E55" fromText="wall motion abnormality" toID="E54" toText="LV ejection fraction" type="OVERLAP" />
<TLINK id="TL59" fromID="E56" fromText="diffusely hypokinetic" toID="E55" toText="wall motion abnormality" type="OVERLAP" />
<TLINK id="TL60" fromID="E56" fromText="diffusely hypokinetic" toID="E57" toText="suboptimally" type="OVERLAP" />
<TLINK id="TL61" fromID="E58" fromText="RVSP" toID="E57" toText="suboptimally" type="BEFORE" />
<TLINK id="TL62" fromID="E59" fromText="a hypotensive episode" toID="E58" toText="RVSP" type="OVERLAP" />
<TLINK id="TL63" fromID="E59" fromText="a hypotensive episode" toID="E60" toText="the endoscopy suite" type="OVERLAP" />
<TLINK id="TL64" fromID="E61" fromText="her EGD" toID="E60" toText="the endoscopy suite" type="OVERLAP" />
<TLINK id="TL65" fromID="E61" fromText="her EGD" toID="T8" toText="11/17/04" type="OVERLAP" />
<TLINK id="TL66" fromID="E62" fromText="This responded" toID="T8" toText="11/17/04" type="OVERLAP" />
<TLINK id="TL67" fromID="E63" fromText="fluid bolus" toID="E62" toText="This responded" type="OVERLAP" />
<TLINK id="TL68" fromID="E62" fromText="This responded" toID="E64" toText="transferred" type="OVERLAP" />
<TLINK id="TL69" fromID="E65" fromText="her tenuous hemodynamic status" toID="E64" toText="transferred" type="BEFORE" />
<TLINK id="TL70" fromID="E65" fromText="her tenuous hemodynamic status" toID="T9" toText="several days" type="OVERLAP" />
<TLINK id="TL71" fromID="T9" fromText="several days" toID="T10" toText="11/23" type="OVERLAP" />
<TLINK id="TL72" fromID="E66" fromText="another dobutamine stress test" toID="T10" toText="11/23" type="OVERLAP" />
<TLINK id="TL73" fromID="E67" fromText="This stress test" toID="E66" toText="another dobutamine stress test" type="OVERLAP" />
<TLINK id="TL74" fromID="E68" fromText="hypotension" toID="E67" toText="This stress test" type="BEFORE" />
<TLINK id="TL75" fromID="E69" fromText="some mild anterior septal thinning" toID="E68" toText="hypotension" type="OVERLAP" />
<TLINK id="TL76" fromID="E70" fromText="ischemia" toID="E69" toText="some mild anterior septal thinning" type="OVERLAP" />
<TLINK id="TL77" fromID="E67" fromText="This stress test" toID="E71" toText="an EF" type="OVERLAP" />
<TLINK id="TL78" fromID="E72" fromText="this test" toID="E71" toText="an EF" type="OVERLAP" />
<TLINK id="TL79" fromID="E72" fromText="this test" toID="E73" toText="the patient &apos;s hemodynamic vascular status" type="OVERLAP" />
<TLINK id="TL80" fromID="E73" fromText="the patient &apos;s hemodynamic vascular status" toID="E74" toText="dobutamine" type="OVERLAP" />
<TLINK id="TL81" fromID="E75" fromText="increased dyspnea" toID="T11" toText="hospital day #2" type="OVERLAP" />
<TLINK id="TL82" fromID="E75" fromText="increased dyspnea" toID="T12" toText="The next day" type="AFTER" />
<TLINK id="TL83" fromID="E76" fromText="a fever" toID="E75" toText="increased dyspnea" type="OVERLAP" />
<TLINK id="TL84" fromID="E76" fromText="a fever" toID="E77" toText="levofloxacin" type="OVERLAP" />
<TLINK id="TL85" fromID="E78" fromText="a potential UTI" toID="E77" toText="levofloxacin" type="BEFORE" />
<TLINK id="TL86" fromID="E79" fromText="low-grade fevers" toID="E78" toText="a potential UTI" type="OVERLAP" />
<TLINK id="TL87" fromID="E79" fromText="low-grade fevers" toID="T13" toText="the next day , 11/17/04" type="OVERLAP" />
<TLINK id="TL88" fromID="E80" fromText="her chest x-ray" toID="T13" toText="the next day , 11/17/04" type="OVERLAP" />
<TLINK id="TL89" fromID="E80" fromText="her chest x-ray" toID="E81" toText="showed" type="OVERLAP" />
<TLINK id="TL90" fromID="E82" fromText="possible new right upper lobe infiltrates" toID="E81" toText="showed" type="BEFORE" />
<TLINK id="TL91" fromID="E83" fromText="ceftriaxone" toID="E82" toText="possible new right upper lobe infiltrates" type="AFTER" />
<TLINK id="TL92" fromID="E83" fromText="ceftriaxone" toID="E84" toText="azithromycin" type="OVERLAP" />
<TLINK id="TL93" fromID="E85" fromText="Her urine legionella antigen" toID="E84" toText="azithromycin" type="AFTER" />
<TLINK id="TL94" fromID="E85" fromText="Her urine legionella antigen" toID="T14" toText="11/22/04" type="OVERLAP" />
<TLINK id="TL95" fromID="E86" fromText="gram-positive cocci in her sputum" toID="T14" toText="11/22/04" type="OVERLAP" />
<TLINK id="TL96" fromID="E87" fromText="vancomycin" toID="T14" toText="11/22/04" type="OVERLAP" />
<TLINK id="TL97" fromID="E88" fromText="These bacteria" toID="E87" toText="vancomycin" type="OVERLAP" />
<TLINK id="TL98" fromID="E88" fromText="These bacteria" toID="E89" toText="MRSA" type="OVERLAP" />
<TLINK id="TL99" fromID="E90" fromText="her vancomycin" toID="E89" toText="MRSA" type="AFTER" />
<TLINK id="TL100" fromID="E90" fromText="her vancomycin" toID="E91" toText="PICC line" type="OVERLAP" />
<TLINK id="TL101" fromID="E91" fromText="PICC line" toID="T15" toText="the day" type="OVERLAP" />
<TLINK id="TL102" fromID="T15" fromText="the day" toID="E92" toText="discharge" type="OVERLAP" />
<TLINK id="TL103" fromID="E93" fromText="home vancomycin administration" toID="E92" toText="discharge" type="BEFORE" />
<TLINK id="TL104" fromID="E94" fromText="nausea" toID="T16" toText="the morning of 11/16/04" type="OVERLAP" />
<TLINK id="TL105" fromID="E95" fromText="some cough" toID="T16" toText="the morning of 11/16/04" type="OVERLAP" />
<TLINK id="TL106" fromID="E96" fromText="apparent emesis" toID="E95" toText="some cough" type="OVERLAP" />
<TLINK id="TL107" fromID="E96" fromText="apparent emesis" toID="E97" toText="an EGD" type="OVERLAP" />
<TLINK id="TL108" fromID="E98" fromText="the Endoscopy Suite" toID="E97" toText="an EGD" type="OVERLAP" />
<TLINK id="TL109" fromID="E99" fromText="a hypotensive episode" toID="E98" toText="the Endoscopy Suite" type="OVERLAP" />
<TLINK id="TL110" fromID="E99" fromText="a hypotensive episode" toID="E100" toText="some fluid boluses" type="OVERLAP" />
<TLINK id="TL111" fromID="E100" fromText="some fluid boluses" toID="T17" toText="the day prior to discharge" type="AFTER" />
<TLINK id="TL112" fromID="E99" fromText="a hypotensive episode" toID="E101" toText="discharge" type="OVERLAP" />
<TLINK id="TL113" fromID="E102" fromText="her EGD" toID="T17" toText="the day prior to discharge" type="OVERLAP" />
<TLINK id="TL114" fromID="E103" fromText="The EGD" toID="E102" toText="her EGD" type="OVERLAP" />
<TLINK id="TL115" fromID="E103" fromText="The EGD" toID="E104" toText="show" type="OVERLAP" />
<TLINK id="TL116" fromID="E105" fromText="three esophageal ulcers" toID="E104" toText="show" type="BEFORE" />
<TLINK id="TL117" fromID="E106" fromText="pill esophagitis" toID="E105" toText="three esophageal ulcers" type="OVERLAP" />
<TLINK id="TL118" fromID="E106" fromText="pill esophagitis" toID="E107" toText="Her stomach and duodenum" type="OVERLAP" />
<TLINK id="TL119" fromID="E108" fromText="her Nexium doses" toID="E107" toText="Her stomach and duodenum" type="OVERLAP" />
<TLINK id="TL120" fromID="E109" fromText="fluids" toID="E108" toText="her Nexium doses" type="OVERLAP" />
<TLINK id="TL121" fromID="E109" fromText="fluids" toID="E110" toText="meals" type="OVERLAP" />
<TLINK id="TL122" fromID="E111" fromText="eat her meals" toID="E110" toText="meals" type="OVERLAP" />
<TLINK id="TL123" fromID="E112" fromText="pills eroding her esophagus" toID="E111" toText="eat her meals" type="BEFORE" />
<TLINK id="TL124" fromID="E113" fromText="MRSA pneumonia" toID="E114" toText="vancomycin" type="BEFORE" />
<TLINK id="TL125" fromID="E115" fromText="an oxygen requirement" toID="E114" toText="vancomycin" type="BEFORE" />
<TLINK id="TL126" fromID="E115" fromText="an oxygen requirement" toID="T18" toText="the day" type="OVERLAP" />
<TLINK id="TL127" fromID="T18" fromText="the day" toID="E116" toText="discharge" type="OVERLAP" />
<TLINK id="TL128" fromID="E117" fromText="her oxygen requirement" toID="E116" toText="discharge" type="BEFORE" />
<TLINK id="TL129" fromID="E117" fromText="her oxygen requirement" toID="T19" toText="the day prior to discharge" type="AFTER" />
<TLINK id="TL130" fromID="E117" fromText="her oxygen requirement" toID="E118" toText="discharge" type="OVERLAP" />
<TLINK id="TL131" fromID="E119" fromText="satting well" toID="T19" toText="the day prior to discharge" type="OVERLAP" />
<TLINK id="TL132" fromID="E120" fromText="nasal cannula" toID="E119" toText="satting well" type="OVERLAP" />
<TLINK id="TL133" fromID="E120" fromText="nasal cannula" toID="E121" toText="her pneumonia" type="BEFORE" />
<TLINK id="TL134" fromID="E122" fromText="her right ventricular hypokinesis" toID="E121" toText="her pneumonia" type="OVERLAP" />
<TLINK id="TL135" fromID="E122" fromText="her right ventricular hypokinesis" toID="E123" toText="pulmonary hypertension" type="OVERLAP" />
<TLINK id="TL136" fromID="E123" fromText="pulmonary hypertension" toID="E124" toText="further investigation" type="BEFORE" />
<TLINK id="TL137" fromID="E124" fromText="further investigation" toID="E125" toText="chest CT" type="OVERLAP" />
<TLINK id="TL138" fromID="T20" fromText="Several days" toID="E126" toText="discharge" type="OVERLAP" />
<TLINK id="TL139" fromID="E127" fromText="some erythematous rash under her left breast" toID="E126" toText="discharge" type="BEFORE" />
<TLINK id="TL140" fromID="E128" fromText="left side" toID="E127" toText="some erythematous rash under her left breast" type="OVERLAP" />
<TLINK id="TL141" fromID="E128" fromText="left side" toID="E129" toText="yeast" type="OVERLAP" />
<TLINK id="TL142" fromID="E130" fromText="some Miconazole Cream" toID="E129" toText="yeast" type="BEFORE" />
<TLINK id="TL143" fromID="E131" fromText="The rash" toID="E130" toText="some Miconazole Cream" type="OVERLAP" />
<TLINK id="TL144" fromID="E132" fromText="her left side" toID="E131" toText="The rash" type="OVERLAP" />
<TLINK id="TL145" fromID="E133" fromText="her leg" toID="E132" toText="her left side" type="OVERLAP" />
<TLINK id="TL146" fromID="E134" fromText="The rash" toID="E133" toText="her leg" type="OVERLAP" />
<TLINK id="TL147" fromID="E134" fromText="The rash" toID="T21" toText="the time" type="OVERLAP" />
<TLINK id="TL148" fromID="T21" fromText="the time" toID="E135" toText="discharge" type="OVERLAP" />
<TLINK id="SECTIME0" fromID="E1" fromText="ADMISSION" toID="T1" toText="11/17/2004" type="BEFORE" />
<TLINK id="SECTIME1" fromID="E2" fromText="DISCHARGE" toID="T1" toText="11/17/2004" type="BEFORE" />
<TLINK id="SECTIME2" fromID="E3" fromText="Dobutamine stress test" toID="T1" toText="11/17/2004" type="BEFORE" />
<TLINK id="SECTIME3" fromID="E4" fromText="cardiac ultrasound" toID="T1" toText="11/17/2004" type="BEFORE" />
<TLINK id="SECTIME4" fromID="E5" fromText="EGD" toID="T1" toText="11/17/2004" type="BEFORE" />
<TLINK id="SECTIME5" fromID="E6" fromText="chest x-ray" toID="T1" toText="11/17/2004" type="BEFORE" />
<TLINK id="SECTIME6" fromID="E7" fromText="PICC placement" toID="T1" toText="11/17/2004" type="BEFORE" />
<TLINK id="SECTIME7" fromID="E8" fromText="diabetes mellitus" toID="T1" toText="11/17/2004" type="BEFORE" />
<TLINK id="SECTIME8" fromID="E9" fromText="hypertension" toID="T1" toText="11/17/2004" type="BEFORE" />
<TLINK id="SECTIME9" fromID="E10" fromText="COPD" toID="T1" toText="11/17/2004" type="BEFORE" />
<TLINK id="SECTIME10" fromID="E11" fromText="hypercholesterolemia" toID="T1" toText="11/17/2004" type="BEFORE" />
<TLINK id="SECTIME11" fromID="E12" fromText="depression" toID="T1" toText="11/17/2004" type="BEFORE" />
<TLINK id="SECTIME12" fromID="E13" fromText="CHF" toID="T1" toText="11/17/2004" type="BEFORE" />
<TLINK id="SECTIME13" fromID="E14" fromText="admission" toID="T1" toText="11/17/2004" type="BEFORE" />
<TLINK id="SECTIME14" fromID="E15" fromText="left-sided chest pain" toID="T1" toText="11/17/2004" type="BEFORE" />
<TLINK id="SECTIME15" fromID="E16" fromText="the mid-breast region" toID="T1" toText="11/17/2004" type="BEFORE" />
<TLINK id="SECTIME16" fromID="E17" fromText="some fluttering her chest" toID="T1" toText="11/17/2004" type="BEFORE" />
<TLINK id="SECTIME17" fromID="E18" fromText="radiated down her left arm" toID="T1" toText="11/17/2004" type="BEFORE" />
<TLINK id="SECTIME18" fromID="E19" fromText="some nausea" toID="T1" toText="11/17/2004" type="BEFORE" />
<TLINK id="SECTIME19" fromID="E20" fromText="shortness of breath" toID="T1" toText="11/17/2004" type="BEFORE" />
<TLINK id="SECTIME20" fromID="E21" fromText="cough" toID="T1" toText="11/17/2004" type="BEFORE" />
<TLINK id="SECTIME21" fromID="E22" fromText="vomiting" toID="T1" toText="11/17/2004" type="BEFORE" />
<TLINK id="SECTIME22" fromID="E23" fromText="diarrhea" toID="T1" toText="11/17/2004" type="BEFORE" />
<TLINK id="SECTIME23" fromID="E24" fromText="persistent pain" toID="T1" toText="11/17/2004" type="BEFORE" />
<TLINK id="SECTIME24" fromID="E25" fromText="La Community Hospital" toID="T1" toText="11/17/2004" type="BEFORE" />
<TLINK id="SECTIME25" fromID="E26" fromText="sublingual nitroglycerin" toID="T1" toText="11/17/2004" type="BEFORE" />
<TLINK id="SECTIME26" fromID="E27" fromText="pain" toID="T1" toText="11/17/2004" type="BEFORE" />
<TLINK id="SECTIME27" fromID="E28" fromText="the Emergency Room" toID="T1" toText="11/17/2004" type="BEFORE" />
<TLINK id="SECTIME28" fromID="E29" fromText="Well General Hospital Emergency Room" toID="T1" toText="11/17/2004" type="BEFORE" />
<TLINK id="SECTIME29" fromID="E30" fromText="arrived pain free" toID="T1" toText="11/17/2004" type="BEFORE" />
<TLINK id="SECTIME30" fromID="E31" fromText="Aspirin" toID="T1" toText="11/17/2004" type="BEFORE" />
<TLINK id="SECTIME31" fromID="E32" fromText="Lopressor" toID="T1" toText="11/17/2004" type="BEFORE" />
<TLINK id="SECTIME32" fromID="E33" fromText="Insulin" toID="T1" toText="11/17/2004" type="BEFORE" />
<TLINK id="SECTIME33" fromID="E34" fromText="hyperglycemia" toID="T1" toText="11/17/2004" type="BEFORE" />
<TLINK id="SECTIME34" fromID="E35" fromText="EKG" toID="T1" toText="11/17/2004" type="BEFORE" />
<TLINK id="SECTIME35" fromID="E36" fromText="unchanged" toID="T1" toText="11/17/2004" type="BEFORE" />
<TLINK id="SECTIME36" fromID="E37" fromText="EKG" toID="T1" toText="11/17/2004" type="BEFORE" />
<TLINK id="SECTIME37" fromID="E38" fromText="admitted" toID="T2" toText="11/26/2004" type="BEFORE" />
<TLINK id="SECTIME38" fromID="E39" fromText="cardiac monitoring" toID="T2" toText="11/26/2004" type="BEFORE" />
<TLINK id="SECTIME39" fromID="E40" fromText="ruling out" toID="T2" toText="11/26/2004" type="BEFORE" />
<TLINK id="SECTIME40" fromID="E41" fromText="MI" toID="T2" toText="11/26/2004" type="BEFORE" />
<TLINK id="SECTIME41" fromID="E42" fromText="ruled out" toID="T2" toText="11/26/2004" type="BEFORE" />
<TLINK id="SECTIME42" fromID="E43" fromText="MI" toID="T2" toText="11/26/2004" type="BEFORE" />
<TLINK id="SECTIME43" fromID="E44" fromText="cardiac markers" toID="T2" toText="11/26/2004" type="BEFORE" />
<TLINK id="SECTIME44" fromID="E45" fromText="a dobutamine stress test" toID="T2" toText="11/26/2004" type="BEFORE" />
<TLINK id="SECTIME45" fromID="E46" fromText="COPD" toID="T2" toText="11/26/2004" type="BEFORE" />
<TLINK id="SECTIME46" fromID="E47" fromText="the stress portion" toID="T2" toText="11/26/2004" type="BEFORE" />
<TLINK id="SECTIME47" fromID="E48" fromText="fever" toID="T2" toText="11/26/2004" type="BEFORE" />
<TLINK id="SECTIME48" fromID="E49" fromText="hypotension" toID="T2" toText="11/26/2004" type="BEFORE" />
<TLINK id="SECTIME49" fromID="E50" fromText="a cardiac echo" toID="T2" toText="11/26/2004" type="BEFORE" />
<TLINK id="SECTIME50" fromID="E51" fromText="transthoracic echocardiogram" toID="T2" toText="11/26/2004" type="BEFORE" />
<TLINK id="SECTIME51" fromID="E52" fromText="This echo" toID="T2" toText="11/26/2004" type="BEFORE" />
<TLINK id="SECTIME52" fromID="E53" fromText="showed" toID="T2" toText="11/26/2004" type="BEFORE" />
<TLINK id="SECTIME53" fromID="E54" fromText="LV ejection fraction" toID="T2" toText="11/26/2004" type="BEFORE" />
<TLINK id="SECTIME54" fromID="E55" fromText="wall motion abnormality" toID="T2" toText="11/26/2004" type="BEFORE" />
<TLINK id="SECTIME55" fromID="E56" fromText="diffusely hypokinetic" toID="T2" toText="11/26/2004" type="BEFORE" />
<TLINK id="SECTIME56" fromID="E57" fromText="suboptimally" toID="T2" toText="11/26/2004" type="BEFORE" />
<TLINK id="SECTIME57" fromID="E58" fromText="RVSP" toID="T2" toText="11/26/2004" type="BEFORE" />
<TLINK id="SECTIME58" fromID="E59" fromText="a hypotensive episode" toID="T2" toText="11/26/2004" type="BEFORE" />
<TLINK id="SECTIME59" fromID="E60" fromText="the endoscopy suite" toID="T2" toText="11/26/2004" type="BEFORE" />
<TLINK id="SECTIME60" fromID="E61" fromText="her EGD" toID="T2" toText="11/26/2004" type="BEFORE" />
<TLINK id="SECTIME61" fromID="E62" fromText="This responded" toID="T2" toText="11/26/2004" type="BEFORE" />
<TLINK id="SECTIME62" fromID="E63" fromText="fluid bolus" toID="T2" toText="11/26/2004" type="BEFORE" />
<TLINK id="SECTIME63" fromID="E64" fromText="transferred" toID="T2" toText="11/26/2004" type="BEFORE" />
<TLINK id="SECTIME64" fromID="E65" fromText="her tenuous hemodynamic status" toID="T2" toText="11/26/2004" type="BEFORE" />
<TLINK id="SECTIME65" fromID="E66" fromText="another dobutamine stress test" toID="T2" toText="11/26/2004" type="BEFORE" />
<TLINK id="SECTIME66" fromID="E67" fromText="This stress test" toID="T2" toText="11/26/2004" type="BEFORE" />
<TLINK id="SECTIME67" fromID="E68" fromText="hypotension" toID="T2" toText="11/26/2004" type="BEFORE" />
<TLINK id="SECTIME68" fromID="E69" fromText="some mild anterior septal thinning" toID="T2" toText="11/26/2004" type="BEFORE" />
<TLINK id="SECTIME69" fromID="E70" fromText="ischemia" toID="T2" toText="11/26/2004" type="BEFORE" />
<TLINK id="SECTIME70" fromID="E71" fromText="an EF" toID="T2" toText="11/26/2004" type="BEFORE" />
<TLINK id="SECTIME71" fromID="E72" fromText="this test" toID="T2" toText="11/26/2004" type="BEFORE" />
<TLINK id="SECTIME72" fromID="E73" fromText="the patient &apos;s hemodynamic vascular status" toID="T2" toText="11/26/2004" type="BEFORE" />
<TLINK id="SECTIME73" fromID="E74" fromText="dobutamine" toID="T2" toText="11/26/2004" type="BEFORE" />
<TLINK id="SECTIME74" fromID="E75" fromText="increased dyspnea" toID="T2" toText="11/26/2004" type="BEFORE" />
<TLINK id="SECTIME75" fromID="E76" fromText="a fever" toID="T2" toText="11/26/2004" type="BEFORE" />
<TLINK id="SECTIME76" fromID="E77" fromText="levofloxacin" toID="T2" toText="11/26/2004" type="BEFORE" />
<TLINK id="SECTIME77" fromID="E78" fromText="a potential UTI" toID="T2" toText="11/26/2004" type="BEFORE" />
<TLINK id="SECTIME78" fromID="E79" fromText="low-grade fevers" toID="T2" toText="11/26/2004" type="BEFORE" />
<TLINK id="SECTIME79" fromID="E80" fromText="her chest x-ray" toID="T2" toText="11/26/2004" type="BEFORE" />
<TLINK id="SECTIME80" fromID="E81" fromText="showed" toID="T2" toText="11/26/2004" type="BEFORE" />
<TLINK id="SECTIME81" fromID="E82" fromText="possible new right upper lobe infiltrates" toID="T2" toText="11/26/2004" type="BEFORE" />
<TLINK id="SECTIME82" fromID="E83" fromText="ceftriaxone" toID="T2" toText="11/26/2004" type="BEFORE" />
<TLINK id="SECTIME83" fromID="E84" fromText="azithromycin" toID="T2" toText="11/26/2004" type="BEFORE" />
<TLINK id="SECTIME84" fromID="E85" fromText="Her urine legionella antigen" toID="T2" toText="11/26/2004" type="BEFORE" />
<TLINK id="SECTIME85" fromID="E86" fromText="gram-positive cocci in her sputum" toID="T2" toText="11/26/2004" type="BEFORE" />
<TLINK id="SECTIME86" fromID="E87" fromText="vancomycin" toID="T2" toText="11/26/2004" type="BEFORE" />
<TLINK id="SECTIME87" fromID="E88" fromText="These bacteria" toID="T2" toText="11/26/2004" type="BEFORE" />
<TLINK id="SECTIME88" fromID="E89" fromText="MRSA" toID="T2" toText="11/26/2004" type="BEFORE" />
<TLINK id="SECTIME89" fromID="E90" fromText="her vancomycin" toID="T2" toText="11/26/2004" type="BEFORE" />
<TLINK id="SECTIME90" fromID="E91" fromText="PICC line" toID="T2" toText="11/26/2004" type="BEFORE" />
<TLINK id="SECTIME91" fromID="E92" fromText="discharge" toID="T2" toText="11/26/2004" type="OVERLAP" />
<TLINK id="SECTIME92" fromID="E93" fromText="home vancomycin administration" toID="T2" toText="11/26/2004" type="AFTER" />
<TLINK id="SECTIME93" fromID="E94" fromText="nausea" toID="T2" toText="11/26/2004" type="BEFORE" />
<TLINK id="SECTIME94" fromID="E95" fromText="some cough" toID="T2" toText="11/26/2004" type="BEFORE" />
<TLINK id="SECTIME95" fromID="E96" fromText="apparent emesis" toID="T2" toText="11/26/2004" type="BEFORE" />
<TLINK id="SECTIME96" fromID="E97" fromText="an EGD" toID="T2" toText="11/26/2004" type="BEFORE" />
<TLINK id="SECTIME97" fromID="E98" fromText="the Endoscopy Suite" toID="T2" toText="11/26/2004" type="BEFORE" />
<TLINK id="SECTIME98" fromID="E99" fromText="a hypotensive episode" toID="T2" toText="11/26/2004" type="BEFORE" />
<TLINK id="SECTIME99" fromID="E100" fromText="some fluid boluses" toID="T2" toText="11/26/2004" type="BEFORE" />
<TLINK id="SECTIME100" fromID="E101" fromText="discharge" toID="T2" toText="11/26/2004" type="BEFORE" />
<TLINK id="SECTIME101" fromID="E102" fromText="her EGD" toID="T2" toText="11/26/2004" type="BEFORE" />
<TLINK id="SECTIME102" fromID="E103" fromText="The EGD" toID="T2" toText="11/26/2004" type="BEFORE" />
<TLINK id="SECTIME103" fromID="E104" fromText="show" toID="T2" toText="11/26/2004" type="BEFORE" />
<TLINK id="SECTIME104" fromID="E105" fromText="three esophageal ulcers" toID="T2" toText="11/26/2004" type="BEFORE" />
<TLINK id="SECTIME105" fromID="E106" fromText="pill esophagitis" toID="T2" toText="11/26/2004" type="BEFORE" />
<TLINK id="SECTIME106" fromID="E107" fromText="Her stomach and duodenum" toID="T2" toText="11/26/2004" type="BEFORE" />
<TLINK id="SECTIME107" fromID="E108" fromText="her Nexium doses" toID="T2" toText="11/26/2004" type="BEFORE" />
<TLINK id="SECTIME108" fromID="E109" fromText="fluids" toID="T2" toText="11/26/2004" type="BEFORE" />
<TLINK id="SECTIME109" fromID="E110" fromText="meals" toID="T2" toText="11/26/2004" type="OVERLAP" />
<TLINK id="SECTIME110" fromID="E111" fromText="eat her meals" toID="T2" toText="11/26/2004" type="OVERLAP" />
<TLINK id="SECTIME111" fromID="E112" fromText="pills eroding her esophagus" toID="T2" toText="11/26/2004" type="BEFORE" />
<TLINK id="SECTIME112" fromID="E113" fromText="MRSA pneumonia" toID="T2" toText="11/26/2004" type="BEFORE" />
<TLINK id="SECTIME113" fromID="E114" fromText="vancomycin" toID="T2" toText="11/26/2004" type="BEFORE" />
<TLINK id="SECTIME114" fromID="E115" fromText="an oxygen requirement" toID="T2" toText="11/26/2004" type="BEFORE" />
<TLINK id="SECTIME115" fromID="E116" fromText="discharge" toID="T2" toText="11/26/2004" type="OVERLAP" />
<TLINK id="SECTIME116" fromID="E117" fromText="her oxygen requirement" toID="T2" toText="11/26/2004" type="BEFORE" />
<TLINK id="SECTIME117" fromID="E118" fromText="discharge" toID="T2" toText="11/26/2004" type="BEFORE" />
<TLINK id="SECTIME118" fromID="E119" fromText="satting well" toID="T2" toText="11/26/2004" type="BEFORE" />
<TLINK id="SECTIME119" fromID="E120" fromText="nasal cannula" toID="T2" toText="11/26/2004" type="BEFORE" />
<TLINK id="SECTIME120" fromID="E121" fromText="her pneumonia" toID="T2" toText="11/26/2004" type="BEFORE" />
<TLINK id="SECTIME121" fromID="E122" fromText="her right ventricular hypokinesis" toID="T2" toText="11/26/2004" type="BEFORE" />
<TLINK id="SECTIME122" fromID="E123" fromText="pulmonary hypertension" toID="T2" toText="11/26/2004" type="BEFORE" />
<TLINK id="SECTIME123" fromID="E124" fromText="further investigation" toID="T2" toText="11/26/2004" type="BEFORE" />
<TLINK id="SECTIME124" fromID="E125" fromText="chest CT" toID="T2" toText="11/26/2004" type="BEFORE" />
<TLINK id="SECTIME125" fromID="E126" fromText="discharge" toID="T2" toText="11/26/2004" type="BEFORE" />
<TLINK id="SECTIME126" fromID="E127" fromText="some erythematous rash under her left breast" toID="T2" toText="11/26/2004" type="BEFORE" />
<TLINK id="SECTIME127" fromID="E128" fromText="left side" toID="T2" toText="11/26/2004" type="BEFORE" />
<TLINK id="SECTIME128" fromID="E129" fromText="yeast" toID="T2" toText="11/26/2004" type="BEFORE" />
<TLINK id="SECTIME129" fromID="E130" fromText="some Miconazole Cream" toID="T2" toText="11/26/2004" type="BEFORE" />
<TLINK id="SECTIME130" fromID="E131" fromText="The rash" toID="T2" toText="11/26/2004" type="BEFORE" />
<TLINK id="SECTIME131" fromID="E132" fromText="her left side" toID="T2" toText="11/26/2004" type="BEFORE" />
<TLINK id="SECTIME132" fromID="E133" fromText="her leg" toID="T2" toText="11/26/2004" type="BEFORE" />
<TLINK id="SECTIME133" fromID="E134" fromText="The rash" toID="T2" toText="11/26/2004" type="BEFORE" />
<TLINK id="SECTIME134" fromID="E135" fromText="discharge" toID="T2" toText="11/26/2004" type="BEFORE" />
<SECTIME id="S0" start="18" end="28" text="11/17/2004" type="ADMISSION" dvalue="2004-11-17" />
<SECTIME id="S1" start="46" end="56" text="11/26/2004" type="DISCHARGE" dvalue="2004-11-26" />
</TAGS>
</ClinicalNarrativeTemporalAnnotation>

