<?xml version="1.0" encoding="UTF-8" ?>
<ClinicalNarrativeTemporalAnnotation>
<TEXT><![CDATA[
Admission Date :
02/17/2000
Report Status :
Signed
HISTORY OF PRESENT ILLNESS :
Ri Strength is a 40 year old man with a history of GERD , who presents with abdominal pain of seven days duration .
The patient was in general good health until seven days ago ( 2/11/00 ) , when he had a sudden onset of sharp left flank pain with radiation to the lower abdomen and then to the epigastrium .
The patient described the pain as &quot; knife-like &quot; with a severity of 1/25 at its worse .
The patient was exacerbated when eating and when lying flat .
The patient also reports blood-streaked diarrhea for two days .
He denies nausea and vomiting .
He has had no fevers or chills .
He has had no recent weight loss , no light-headedness or dizziness .
He denies increased urinary frequent or urgency .
The patient presented to the Sloan- Center Emergency Department , where he was resuscitated with normal saline and received morphine for pain .
He was then transferred to the general medicine service for further management .
HOSPITAL COURSE :
On admission , the patient was diagnosed with acute pancreatitis .
He was made NPO and was resuscitated with IV fluids .
Pain control was initiated with morphine but was then changed to Demerol , which gave the patient better relief of his epigastric pain .
From 2/17/00 to 2/21/00 , the patient complained of persistent and occasionally severe epigastric pain .
His pain medication was then changed to Dilaudid IV in an attempt to better alleviate his symptoms .
Dilaudid IV was continued for the remainder of the patient &apos;s hospitalization .
The does was titrated to the patient &apos;s need for comfort and was eventually tapered .
The severity and persistent of the patient &apos;s epigastric pain was concerning for a pancreatic complication such as necrosis or abscess .
The patient had a CT scan , which revealed a mass in the gallbladder neck , but no biliary dilatation .
There was stranding along the pancreas , but no necrosis , abscess , or pseudocyst .
On 2/22/00 , the patient had fevers to 103.5 .
Blood and urine cultures were sent .
A chest x-ray was done , which revealed no infiltrate or effusion .
The patient was started on cefotaxime 1 gm IV for empiric antibiotic treatment .
All cultures were negative .
On 2/23/00 , the high grade fever persisted .
An ultrasound was done to R / O cholestasis or cholangitis .
The ultrasound showed biliary sludge and swelling of the body and tail of the pancreas .
No other abnormalities were noted .
On 2/24/00 , the patient had an episode of exacerbation of epigastric pain with radiation to the left upper quadrant .
The pain was subsequently relieved with high dose Dilaudid .
The patient had a follow-up chest x-ray , which was essentially unchanged from previously , showing a normal heart and lungs without infiltrate .
From 2/25 - 2/27/00 , the patient &apos;s fever defervesced and his abdominal pain gradually subsided .
The cefotaxime was discontinued since no infection was identified .
On 2/28/00 , the patient &apos;s diet was advanced to a low fat solids ( per pancreatitis study ) , which the patient tolerated well .
The patient was discharged home on 2/29/00 , with much improvement of his symptoms .
]]></TEXT>
<TAGS>
<EVENT id="E1" start="1" end="10" text="Admission" modality="FACTUAL" polarity="POS" type="OCCURRENCE" />
<EVENT id="E2" start="132" end="136" text="GERD" modality="FACTUAL" polarity="POS" type="PROBLEM" />
<EVENT id="E3" start="143" end="151" text="presents" modality="FACTUAL" polarity="POS" type="OCCURRENCE" />
<EVENT id="E4" start="157" end="171" text="abdominal pain" modality="FACTUAL" polarity="POS" type="PROBLEM" />
<EVENT id="E5" start="216" end="235" text="general good health" modality="FACTUAL" polarity="POS" type="OCCURRENCE" />
<EVENT id="E6" start="301" end="322" text="sharp left flank pain" modality="FACTUAL" polarity="POS" type="PROBLEM" />
<EVENT id="E7" start="328" end="358" text="radiation to the lower abdomen" modality="FACTUAL" polarity="POS" type="PROBLEM" />
<EVENT id="E8" start="401" end="410" text="described" modality="FACTUAL" polarity="POS" type="EVIDENTIAL" />
<EVENT id="E9" start="411" end="419" text="the pain" modality="FACTUAL" polarity="POS" type="PROBLEM" />
<EVENT id="E10" start="430" end="447" text="knife-like &quot;" modality="FACTUAL" polarity="POS" type="PROBLEM" />
<EVENT id="E11" start="520" end="526" text="eating" modality="FACTUAL" polarity="POS" type="OCCURRENCE" />
<EVENT id="E12" start="536" end="546" text="lying flat" modality="FACTUAL" polarity="POS" type="OCCURRENCE" />
<EVENT id="E13" start="566" end="597" text="reports blood-streaked diarrhea" modality="FACTUAL" polarity="POS" type="PROBLEM" />
<EVENT id="E14" start="616" end="622" text="denies" modality="FACTUAL" polarity="POS" type="EVIDENTIAL" />
<EVENT id="E15" start="623" end="629" text="nausea" modality="FACTUAL" polarity="NEG" type="PROBLEM" />
<EVENT id="E16" start="634" end="642" text="vomiting" modality="FACTUAL" polarity="NEG" type="PROBLEM" />
<EVENT id="E17" start="659" end="665" text="fevers" modality="FACTUAL" polarity="NEG" type="PROBLEM" />
<EVENT id="E18" start="669" end="675" text="chills" modality="FACTUAL" polarity="NEG" type="PROBLEM" />
<EVENT id="E19" start="692" end="710" text="recent weight loss" modality="FACTUAL" polarity="NEG" type="PROBLEM" />
<EVENT id="E20" start="716" end="732" text="light-headedness" modality="FACTUAL" polarity="NEG" type="PROBLEM" />
<EVENT id="E21" start="736" end="745" text="dizziness" modality="FACTUAL" polarity="NEG" type="PROBLEM" />
<EVENT id="E22" start="751" end="757" text="denies" modality="FACTUAL" polarity="POS" type="EVIDENTIAL" />
<EVENT id="E23" start="758" end="795" text="increased urinary frequent or urgency" modality="FACTUAL" polarity="NEG" type="PROBLEM" />
<EVENT id="E24" start="810" end="819" text="presented" modality="FACTUAL" polarity="POS" type="OCCURRENCE" />
<EVENT id="E25" start="834" end="861" text="Center Emergency Department" modality="FACTUAL" polarity="POS" type="CLINICAL_DEPT" />
<EVENT id="E26" start="895" end="908" text="normal saline" modality="FACTUAL" polarity="POS" type="TREATMENT" />
<EVENT id="E27" start="922" end="930" text="morphine" modality="FACTUAL" polarity="POS" type="TREATMENT" />
<EVENT id="E28" start="935" end="939" text="pain" modality="FACTUAL" polarity="POS" type="PROBLEM" />
<EVENT id="E29" start="954" end="965" text="transferred" modality="FACTUAL" polarity="POS" type="OCCURRENCE" />
<EVENT id="E30" start="969" end="997" text="the general medicine service" modality="FACTUAL" polarity="POS" type="CLINICAL_DEPT" />
<EVENT id="E31" start="1002" end="1020" text="further management" modality="FACTUAL" polarity="POS" type="TREATMENT" />
<EVENT id="E32" start="1044" end="1053" text="admission" modality="FACTUAL" polarity="POS" type="OCCURRENCE" />
<EVENT id="E33" start="1087" end="1105" text="acute pancreatitis" modality="FACTUAL" polarity="POS" type="PROBLEM" />
<EVENT id="E34" start="1120" end="1123" text="NPO" modality="FACTUAL" polarity="POS" type="TREATMENT" />
<EVENT id="E35" start="1150" end="1159" text="IV fluids" modality="FACTUAL" polarity="POS" type="TREATMENT" />
<EVENT id="E36" start="1162" end="1174" text="Pain control" modality="FACTUAL" polarity="POS" type="TREATMENT" />
<EVENT id="E37" start="1194" end="1202" text="morphine" modality="FACTUAL" polarity="POS" type="TREATMENT" />
<EVENT id="E38" start="1227" end="1234" text="Demerol" modality="FACTUAL" polarity="POS" type="TREATMENT" />
<EVENT id="E39" start="1277" end="1296" text="his epigastric pain" modality="FACTUAL" polarity="POS" type="PROBLEM" />
<EVENT id="E40" start="1337" end="1347" text="complained" modality="FACTUAL" polarity="POS" type="EVIDENTIAL" />
<EVENT id="E41" start="1351" end="1361" text="persistent" modality="FACTUAL" polarity="POS" type="PROBLEM" />
<EVENT id="E42" start="1379" end="1401" text="severe epigastric pain" modality="FACTUAL" polarity="POS" type="PROBLEM" />
<EVENT id="E43" start="1404" end="1423" text="His pain medication" modality="FACTUAL" polarity="POS" type="TREATMENT" />
<EVENT id="E44" start="1444" end="1455" text="Dilaudid IV" modality="FACTUAL" polarity="POS" type="TREATMENT" />
<EVENT id="E45" start="1490" end="1502" text="his symptoms" modality="FACTUAL" polarity="POS" type="PROBLEM" />
<EVENT id="E46" start="1505" end="1516" text="Dilaudid IV" modality="FACTUAL" polarity="POS" type="TREATMENT" />
<EVENT id="E47" start="1552" end="1587" text="the patient &apos;s hospitalization" modality="FACTUAL" polarity="POS" type="OCCURRENCE" />
<EVENT id="E48" start="1644" end="1651" text="comfort" modality="FACTUAL" polarity="POS" type="TREATMENT" />
<EVENT id="E49" start="1698" end="1747" text="persistent of the patient &apos;s epigastric pain" modality="FACTUAL" polarity="POS" type="PROBLEM" />
<EVENT id="E50" start="1767" end="1792" text="a pancreatic complication" modality="POSSIBLE" polarity="POS" type="PROBLEM" />
<EVENT id="E51" start="1801" end="1809" text="necrosis" modality="FACTUAL" polarity="POS" type="PROBLEM" />
<EVENT id="E52" start="1813" end="1820" text="abscess" modality="FACTUAL" polarity="POS" type="PROBLEM" />
<EVENT id="E53" start="1839" end="1848" text="a CT scan" modality="FACTUAL" polarity="POS" type="TEST" />
<EVENT id="E54" start="1857" end="1865" text="revealed" modality="FACTUAL" polarity="POS" type="EVIDENTIAL" />
<EVENT id="E55" start="1866" end="1896" text="a mass in the gallbladder neck" modality="FACTUAL" polarity="POS" type="PROBLEM" />
<EVENT id="E56" start="1906" end="1924" text="biliary dilatation" modality="FACTUAL" polarity="NEG" type="TREATMENT" />
<EVENT id="E57" start="1937" end="1965" text="stranding along the pancreas" modality="FACTUAL" polarity="POS" type="PROBLEM" />
<EVENT id="E58" start="1975" end="1983" text="necrosis" modality="FACTUAL" polarity="NEG" type="PROBLEM" />
<EVENT id="E59" start="1986" end="1993" text="abscess" modality="FACTUAL" polarity="NEG" type="PROBLEM" />
<EVENT id="E60" start="1999" end="2009" text="pseudocyst" modality="FACTUAL" polarity="NEG" type="PROBLEM" />
<EVENT id="E61" start="2041" end="2047" text="fevers" modality="FACTUAL" polarity="POS" type="PROBLEM" />
<EVENT id="E62" start="2059" end="2064" text="Blood" modality="FACTUAL" polarity="POS" type="TEST" />
<EVENT id="E63" start="2069" end="2083" text="urine cultures" modality="FACTUAL" polarity="POS" type="TEST" />
<EVENT id="E64" start="2096" end="2109" text="A chest x-ray" modality="FACTUAL" polarity="POS" type="TEST" />
<EVENT id="E65" start="2127" end="2135" text="revealed" modality="FACTUAL" polarity="POS" type="EVIDENTIAL" />
<EVENT id="E66" start="2139" end="2161" text="infiltrate or effusion" modality="FACTUAL" polarity="NEG" type="PROBLEM" />
<EVENT id="E67" start="2191" end="2201" text="cefotaxime" modality="FACTUAL" polarity="POS" type="TREATMENT" />
<EVENT id="E68" start="2214" end="2242" text="empiric antibiotic treatment" modality="FACTUAL" polarity="POS" type="TREATMENT" />
<EVENT id="E69" start="2245" end="2257" text="All cultures" modality="FACTUAL" polarity="POS" type="TEST" />
<EVENT id="E70" start="2287" end="2307" text="the high grade fever" modality="FACTUAL" polarity="POS" type="PROBLEM" />
<EVENT id="E71" start="2320" end="2333" text="An ultrasound" modality="FACTUAL" polarity="POS" type="TEST" />
<EVENT id="E72" start="2352" end="2363" text="cholestasis" modality="FACTUAL" polarity="POS" type="PROBLEM" />
<EVENT id="E73" start="2367" end="2378" text="cholangitis" modality="FACTUAL" polarity="POS" type="PROBLEM" />
<EVENT id="E74" start="2381" end="2395" text="The ultrasound" modality="FACTUAL" polarity="POS" type="TEST" />
<EVENT id="E75" start="2396" end="2402" text="showed" modality="FACTUAL" polarity="POS" type="EVIDENTIAL" />
<EVENT id="E76" start="2403" end="2417" text="biliary sludge" modality="FACTUAL" polarity="POS" type="PROBLEM" />
<EVENT id="E77" start="2422" end="2430" text="swelling" modality="FACTUAL" polarity="POS" type="PROBLEM" />
<EVENT id="E78" start="2473" end="2492" text="other abnormalities" modality="FACTUAL" polarity="NEG" type="PROBLEM" />
<EVENT id="E79" start="2565" end="2580" text="epigastric pain" modality="FACTUAL" polarity="POS" type="PROBLEM" />
<EVENT id="E80" start="2586" end="2622" text="radiation to the left upper quadrant" modality="FACTUAL" polarity="POS" type="PROBLEM" />
<EVENT id="E81" start="2625" end="2633" text="The pain" modality="FACTUAL" polarity="POS" type="PROBLEM" />
<EVENT id="E82" start="2665" end="2683" text="high dose Dilaudid" modality="FACTUAL" polarity="POS" type="TREATMENT" />
<EVENT id="E83" start="2702" end="2725" text="a follow-up chest x-ray" modality="FACTUAL" polarity="POS" type="TEST" />
<EVENT id="E84" start="2778" end="2785" text="showing" modality="FACTUAL" polarity="POS" type="EVIDENTIAL" />
<EVENT id="E85" start="2786" end="2800" text="a normal heart" modality="FACTUAL" polarity="POS" type="OCCURRENCE" />
<EVENT id="E86" start="2819" end="2829" text="infiltrate" modality="FACTUAL" polarity="NEG" type="PROBLEM" />
<EVENT id="E87" start="2854" end="2891" text="the patient &apos;s fever defervesced" modality="FACTUAL" polarity="POS" type="PROBLEM" />
<EVENT id="E88" start="2896" end="2914" text="his abdominal pain" modality="FACTUAL" polarity="POS" type="PROBLEM" />
<EVENT id="E89" start="2936" end="2950" text="The cefotaxime" modality="FACTUAL" polarity="POS" type="TREATMENT" />
<EVENT id="E90" start="2977" end="2986" text="infection" modality="FACTUAL" polarity="NEG" type="PROBLEM" />
<EVENT id="E91" start="3017" end="3041" text="the patient &apos;s diet" modality="FACTUAL" polarity="POS" type="TREATMENT" />
<EVENT id="E92" start="3058" end="3074" text="a low fat solids" modality="FACTUAL" polarity="POS" type="TREATMENT" />
<EVENT id="E93" start="3081" end="3099" text="pancreatitis study" modality="FACTUAL" polarity="POS" type="TEST" />
<EVENT id="E94" start="3122" end="3136" text="tolerated well" modality="FACTUAL" polarity="POS" type="OCCURRENCE" />
<EVENT id="E95" start="3155" end="3165" text="discharged" modality="FACTUAL" polarity="POS" type="OCCURRENCE" />
<EVENT id="E96" start="3209" end="3221" text="his symptoms" modality="FACTUAL" polarity="POS" type="PROBLEM" />
<TIMEX3 id="T1" start="18" end="28" text="02/17/2000" type="DATE" val="2000-02-17" mod="NA" />
<TIMEX3 id="T2" start="175" end="185" text="seven days" type="DURATION" val="P7D" mod="NA" />
<TIMEX3 id="T3" start="242" end="256" text="seven days ago" type="DATE" val="2000-07-31" mod="NA" />
<TIMEX3 id="T4" start="259" end="266" text="2/11/00" type="DATE" val="2000-02-11" mod="NA" />
<TIMEX3 id="T5" start="602" end="610" text="two days" type="DURATION" val="P2D" mod="NA" />
<TIMEX3 id="T6" start="1304" end="1311" text="2/17/00" type="DATE" val="2000-02-17" mod="NA" />
<TIMEX3 id="T7" start="1315" end="1322" text="2/21/00" type="DATE" val="2000-02-21" mod="NA" />
<TIMEX3 id="T8" start="2015" end="2022" text="2/22/00" type="DATE" val="2000-02-22" mod="NA" />
<TIMEX3 id="T9" start="2277" end="2284" text="2/23/00" type="DATE" val="2000-02-23" mod="NA" />
<TIMEX3 id="T10" start="2509" end="2516" text="2/24/00" type="DATE" val="2000-02-24" mod="NA" />
<TIMEX3 id="T11" start="2837" end="2851" text="2/25 - 2/27/00" type="DATE" val="2000-02-17" mod="NA" />
<TIMEX3 id="T12" start="3007" end="3014" text="2/28/00" type="DATE" val="2000-02-28" mod="NA" />
<TIMEX3 id="T13" start="3174" end="3181" text="2/29/00" type="DATE" val="2000-02-29" mod="NA" />
<TLINK id="TL1" fromID="E1" fromText="Admission" toID="T1" toText="02/17/2000" type="OVERLAP" />
<TLINK id="TL2" fromID="E2" fromText="GERD" toID="E3" toText="presents" type="OVERLAP" />
<TLINK id="TL3" fromID="E4" fromText="abdominal pain" toID="E3" toText="presents" type="BEFORE" />
<TLINK id="TL4" fromID="E4" fromText="abdominal pain" toID="T2" toText="seven days" type="OVERLAP" />
<TLINK id="TL5" fromID="E5" fromText="general good health" toID="T2" toText="seven days" type="AFTER" />
<TLINK id="TL6" fromID="E5" fromText="general good health" toID="T3" toText="seven days ago" type="OVERLAP" />
<TLINK id="TL7" fromID="E5" fromText="general good health" toID="T4" toText="2/11/00" type="OVERLAP" />
<TLINK id="TL8" fromID="E6" fromText="sharp left flank pain" toID="T4" toText="2/11/00" type="OVERLAP" />
<TLINK id="TL9" fromID="E7" fromText="radiation to the lower abdomen" toID="E6" toText="sharp left flank pain" type="OVERLAP" />
<TLINK id="TL10" fromID="E6" fromText="sharp left flank pain" toID="E8" toText="described" type="OVERLAP" />
<TLINK id="TL11" fromID="E9" fromText="the pain" toID="E8" toText="described" type="BEFORE" />
<TLINK id="TL12" fromID="E10" fromText="knife-like &quot;" toID="E9" toText="the pain" type="OVERLAP" />
<TLINK id="TL13" fromID="E10" fromText="knife-like &quot;" toID="E11" toText="eating" type="BEFORE" />
<TLINK id="TL14" fromID="E12" fromText="lying flat" toID="E11" toText="eating" type="OVERLAP" />
<TLINK id="TL15" fromID="E13" fromText="reports blood-streaked diarrhea" toID="E12" toText="lying flat" type="BEFORE" />
<TLINK id="TL16" fromID="E13" fromText="reports blood-streaked diarrhea" toID="T5" toText="two days" type="OVERLAP" />
<TLINK id="TL17" fromID="E13" fromText="reports blood-streaked diarrhea" toID="E14" toText="denies" type="OVERLAP" />
<TLINK id="TL18" fromID="E15" fromText="nausea" toID="E14" toText="denies" type="BEFORE" />
<TLINK id="TL19" fromID="E16" fromText="vomiting" toID="E15" toText="nausea" type="OVERLAP" />
<TLINK id="TL20" fromID="E17" fromText="fevers" toID="E16" toText="vomiting" type="OVERLAP" />
<TLINK id="TL21" fromID="E18" fromText="chills" toID="E17" toText="fevers" type="OVERLAP" />
<TLINK id="TL22" fromID="E19" fromText="recent weight loss" toID="E18" toText="chills" type="OVERLAP" />
<TLINK id="TL23" fromID="E20" fromText="light-headedness" toID="E19" toText="recent weight loss" type="OVERLAP" />
<TLINK id="TL24" fromID="E21" fromText="dizziness" toID="E20" toText="light-headedness" type="OVERLAP" />
<TLINK id="TL25" fromID="E20" fromText="light-headedness" toID="E22" toText="denies" type="OVERLAP" />
<TLINK id="TL26" fromID="E23" fromText="increased urinary frequent or urgency" toID="E22" toText="denies" type="BEFORE" />
<TLINK id="TL27" fromID="E23" fromText="increased urinary frequent or urgency" toID="E24" toText="presented" type="OVERLAP" />
<TLINK id="TL28" fromID="E25" fromText="Center Emergency Department" toID="E24" toText="presented" type="AFTER" />
<TLINK id="TL29" fromID="E25" fromText="Center Emergency Department" toID="E26" toText="normal saline" type="OVERLAP" />
<TLINK id="TL30" fromID="E27" fromText="morphine" toID="E26" toText="normal saline" type="OVERLAP" />
<TLINK id="TL31" fromID="E28" fromText="pain" toID="E27" toText="morphine" type="OVERLAP" />
<TLINK id="TL32" fromID="E28" fromText="pain" toID="E29" toText="transferred" type="BEFORE" />
<TLINK id="TL33" fromID="E30" fromText="the general medicine service" toID="E29" toText="transferred" type="AFTER" />
<TLINK id="TL34" fromID="E31" fromText="further management" toID="E30" toText="the general medicine service" type="OVERLAP" />
<TLINK id="TL35" fromID="E33" fromText="acute pancreatitis" toID="E32" toText="admission" type="BEFORE" />
<TLINK id="TL36" fromID="E34" fromText="NPO" toID="E33" toText="acute pancreatitis" type="BEFORE" />
<TLINK id="TL37" fromID="E34" fromText="NPO" toID="E35" toText="IV fluids" type="OVERLAP" />
<TLINK id="TL38" fromID="E36" fromText="Pain control" toID="E35" toText="IV fluids" type="OVERLAP" />
<TLINK id="TL39" fromID="E37" fromText="morphine" toID="E36" toText="Pain control" type="OVERLAP" />
<TLINK id="TL40" fromID="E38" fromText="Demerol" toID="E37" toText="morphine" type="OVERLAP" />
<TLINK id="TL41" fromID="E39" fromText="his epigastric pain" toID="E38" toText="Demerol" type="OVERLAP" />
<TLINK id="TL42" fromID="E39" fromText="his epigastric pain" toID="T6" toText="2/17/00" type="OVERLAP" />
<TLINK id="TL43" fromID="T7" fromText="2/21/00" toID="T6" toText="2/17/00" type="OVERLAP" />
<TLINK id="TL44" fromID="E40" fromText="complained" toID="T7" toText="2/21/00" type="OVERLAP" />
<TLINK id="TL45" fromID="E41" fromText="persistent" toID="E40" toText="complained" type="BEFORE" />
<TLINK id="TL46" fromID="E42" fromText="severe epigastric pain" toID="E41" toText="persistent" type="OVERLAP" />
<TLINK id="TL47" fromID="E42" fromText="severe epigastric pain" toID="E43" toText="His pain medication" type="OVERLAP" />
<TLINK id="TL48" fromID="E44" fromText="Dilaudid IV" toID="E43" toText="His pain medication" type="OVERLAP" />
<TLINK id="TL49" fromID="E45" fromText="his symptoms" toID="E44" toText="Dilaudid IV" type="AFTER" />
<TLINK id="TL50" fromID="E45" fromText="his symptoms" toID="E46" toText="Dilaudid IV" type="OVERLAP" />
<TLINK id="TL51" fromID="E46" fromText="Dilaudid IV" toID="E47" toText="the patient &apos;s hospitalization" type="OVERLAP" />
<TLINK id="TL52" fromID="E48" fromText="comfort" toID="E47" toText="the patient &apos;s hospitalization" type="AFTER" />
<TLINK id="TL53" fromID="E49" fromText="persistent of the patient &apos;s epigastric pain" toID="E48" toText="comfort" type="BEFORE" />
<TLINK id="TL54" fromID="E50" fromText="a pancreatic complication" toID="E49" toText="persistent of the patient &apos;s epigastric pain" type="OVERLAP" />
<TLINK id="TL55" fromID="E51" fromText="necrosis" toID="E50" toText="a pancreatic complication" type="OVERLAP" />
<TLINK id="TL56" fromID="E52" fromText="abscess" toID="E51" toText="necrosis" type="OVERLAP" />
<TLINK id="TL57" fromID="E52" fromText="abscess" toID="E53" toText="a CT scan" type="OVERLAP" />
<TLINK id="TL58" fromID="E54" fromText="revealed" toID="E53" toText="a CT scan" type="OVERLAP" />
<TLINK id="TL59" fromID="E55" fromText="a mass in the gallbladder neck" toID="E54" toText="revealed" type="BEFORE" />
<TLINK id="TL60" fromID="E55" fromText="a mass in the gallbladder neck" toID="E56" toText="biliary dilatation" type="BEFORE" />
<TLINK id="TL61" fromID="E57" fromText="stranding along the pancreas" toID="E56" toText="biliary dilatation" type="BEFORE" />
<TLINK id="TL62" fromID="E58" fromText="necrosis" toID="E57" toText="stranding along the pancreas" type="OVERLAP" />
<TLINK id="TL63" fromID="E59" fromText="abscess" toID="E58" toText="necrosis" type="OVERLAP" />
<TLINK id="TL64" fromID="E60" fromText="pseudocyst" toID="E59" toText="abscess" type="OVERLAP" />
<TLINK id="TL65" fromID="E60" fromText="pseudocyst" toID="T8" toText="2/22/00" type="OVERLAP" />
<TLINK id="TL66" fromID="E61" fromText="fevers" toID="T8" toText="2/22/00" type="OVERLAP" />
<TLINK id="TL67" fromID="E62" fromText="Blood" toID="T8" toText="2/22/00" type="OVERLAP" />
<TLINK id="TL68" fromID="E62" fromText="Blood" toID="E63" toText="urine cultures" type="OVERLAP" />
<TLINK id="TL69" fromID="E63" fromText="urine cultures" toID="E64" toText="A chest x-ray" type="OVERLAP" />
<TLINK id="TL70" fromID="E65" fromText="revealed" toID="E64" toText="A chest x-ray" type="OVERLAP" />
<TLINK id="TL71" fromID="E66" fromText="infiltrate or effusion" toID="E65" toText="revealed" type="BEFORE" />
<TLINK id="TL72" fromID="E66" fromText="infiltrate or effusion" toID="E67" toText="cefotaxime" type="BEFORE" />
<TLINK id="TL73" fromID="E68" fromText="empiric antibiotic treatment" toID="E67" toText="cefotaxime" type="OVERLAP" />
<TLINK id="TL74" fromID="E69" fromText="All cultures" toID="E68" toText="empiric antibiotic treatment" type="OVERLAP" />
<TLINK id="TL75" fromID="E69" fromText="All cultures" toID="T9" toText="2/23/00" type="OVERLAP" />
<TLINK id="TL76" fromID="E70" fromText="the high grade fever" toID="T9" toText="2/23/00" type="OVERLAP" />
<TLINK id="TL77" fromID="E70" fromText="the high grade fever" toID="E71" toText="An ultrasound" type="OVERLAP" />
<TLINK id="TL78" fromID="E72" fromText="cholestasis" toID="E71" toText="An ultrasound" type="BEFORE" />
<TLINK id="TL79" fromID="E73" fromText="cholangitis" toID="E71" toText="An ultrasound" type="BEFORE" />
<TLINK id="TL80" fromID="E74" fromText="The ultrasound" toID="E71" toText="An ultrasound" type="OVERLAP" />
<TLINK id="TL81" fromID="E74" fromText="The ultrasound" toID="E75" toText="showed" type="OVERLAP" />
<TLINK id="TL82" fromID="E76" fromText="biliary sludge" toID="E75" toText="showed" type="BEFORE" />
<TLINK id="TL83" fromID="E76" fromText="biliary sludge" toID="E77" toText="swelling" type="OVERLAP" />
<TLINK id="TL84" fromID="E78" fromText="other abnormalities" toID="E77" toText="swelling" type="OVERLAP" />
<TLINK id="TL85" fromID="E78" fromText="other abnormalities" toID="T10" toText="2/24/00" type="OVERLAP" />
<TLINK id="TL86" fromID="E79" fromText="epigastric pain" toID="T10" toText="2/24/00" type="OVERLAP" />
<TLINK id="TL87" fromID="E80" fromText="radiation to the left upper quadrant" toID="E79" toText="epigastric pain" type="OVERLAP" />
<TLINK id="TL88" fromID="E81" fromText="The pain" toID="E80" toText="radiation to the left upper quadrant" type="OVERLAP" />
<TLINK id="TL89" fromID="E81" fromText="The pain" toID="E82" toText="high dose Dilaudid" type="BEFORE" />
<TLINK id="TL90" fromID="E83" fromText="a follow-up chest x-ray" toID="E82" toText="high dose Dilaudid" type="OVERLAP" />
<TLINK id="TL91" fromID="E83" fromText="a follow-up chest x-ray" toID="E84" toText="showing" type="OVERLAP" />
<TLINK id="TL92" fromID="E85" fromText="a normal heart" toID="E84" toText="showing" type="OVERLAP" />
<TLINK id="TL93" fromID="E86" fromText="infiltrate" toID="E85" toText="a normal heart" type="BEFORE" />
<TLINK id="TL94" fromID="E86" fromText="infiltrate" toID="T11" toText="2/25 - 2/27/00" type="OVERLAP" />
<TLINK id="TL95" fromID="E87" fromText="the patient &apos;s fever defervesced" toID="T11" toText="2/25 - 2/27/00" type="OVERLAP" />
<TLINK id="TL96" fromID="E88" fromText="his abdominal pain" toID="E87" toText="the patient &apos;s fever defervesced" type="OVERLAP" />
<TLINK id="TL97" fromID="E88" fromText="his abdominal pain" toID="E89" toText="The cefotaxime" type="OVERLAP" />
<TLINK id="TL98" fromID="E89" fromText="The cefotaxime" toID="E90" toText="infection" type="OVERLAP" />
<TLINK id="TL99" fromID="E90" fromText="infection" toID="T12" toText="2/28/00" type="OVERLAP" />
<TLINK id="TL100" fromID="E91" fromText="the patient &apos;s diet" toID="T12" toText="2/28/00" type="OVERLAP" />
<TLINK id="TL101" fromID="E92" fromText="a low fat solids" toID="E91" toText="the patient &apos;s diet" type="OVERLAP" />
<TLINK id="TL102" fromID="E92" fromText="a low fat solids" toID="E93" toText="pancreatitis study" type="BEFORE" />
<TLINK id="TL103" fromID="E94" fromText="tolerated well" toID="T12" toText="2/28/00" type="OVERLAP" />
<TLINK id="TL104" fromID="E94" fromText="tolerated well" toID="E95" toText="discharged" type="OVERLAP" />
<TLINK id="TL105" fromID="E95" fromText="discharged" toID="T13" toText="2/29/00" type="OVERLAP" />
<TLINK id="TL106" fromID="E96" fromText="his symptoms" toID="E95" toText="discharged" type="BEFORE" />
<TLINK id="SECTIME0" fromID="E1" fromText="Admission" toID="T1" toText="02/17/2000" type="BEFORE" />
<TLINK id="SECTIME1" fromID="E2" fromText="GERD" toID="T1" toText="02/17/2000" type="BEFORE" />
<TLINK id="SECTIME2" fromID="E3" fromText="presents" toID="T1" toText="02/17/2000" type="OVERLAP" />
<TLINK id="SECTIME3" fromID="E4" fromText="abdominal pain" toID="T1" toText="02/17/2000" type="BEFORE" />
<TLINK id="SECTIME4" fromID="E5" fromText="general good health" toID="T1" toText="02/17/2000" type="BEFORE" />
<TLINK id="SECTIME5" fromID="E6" fromText="sharp left flank pain" toID="T1" toText="02/17/2000" type="BEFORE" />
<TLINK id="SECTIME6" fromID="E7" fromText="radiation to the lower abdomen" toID="T1" toText="02/17/2000" type="BEFORE" />
<TLINK id="SECTIME7" fromID="E8" fromText="described" toID="T1" toText="02/17/2000" type="BEFORE" />
<TLINK id="SECTIME8" fromID="E9" fromText="the pain" toID="T1" toText="02/17/2000" type="BEFORE" />
<TLINK id="SECTIME9" fromID="E10" fromText="knife-like &quot;" toID="T1" toText="02/17/2000" type="BEFORE" />
<TLINK id="SECTIME10" fromID="E11" fromText="eating" toID="T1" toText="02/17/2000" type="BEFORE" />
<TLINK id="SECTIME11" fromID="E12" fromText="lying flat" toID="T1" toText="02/17/2000" type="BEFORE" />
<TLINK id="SECTIME12" fromID="E13" fromText="reports blood-streaked diarrhea" toID="T1" toText="02/17/2000" type="OVERLAP" />
<TLINK id="SECTIME13" fromID="E14" fromText="denies" toID="T1" toText="02/17/2000" type="OVERLAP" />
<TLINK id="SECTIME14" fromID="E15" fromText="nausea" toID="T1" toText="02/17/2000" type="BEFORE" />
<TLINK id="SECTIME15" fromID="E16" fromText="vomiting" toID="T1" toText="02/17/2000" type="BEFORE" />
<TLINK id="SECTIME16" fromID="E17" fromText="fevers" toID="T1" toText="02/17/2000" type="BEFORE" />
<TLINK id="SECTIME17" fromID="E18" fromText="chills" toID="T1" toText="02/17/2000" type="BEFORE" />
<TLINK id="SECTIME18" fromID="E19" fromText="recent weight loss" toID="T1" toText="02/17/2000" type="BEFORE" />
<TLINK id="SECTIME19" fromID="E20" fromText="light-headedness" toID="T1" toText="02/17/2000" type="BEFORE" />
<TLINK id="SECTIME20" fromID="E21" fromText="dizziness" toID="T1" toText="02/17/2000" type="BEFORE" />
<TLINK id="SECTIME21" fromID="E22" fromText="denies" toID="T1" toText="02/17/2000" type="OVERLAP" />
<TLINK id="SECTIME22" fromID="E23" fromText="increased urinary frequent or urgency" toID="T1" toText="02/17/2000" type="BEFORE" />
<TLINK id="SECTIME23" fromID="E24" fromText="presented" toID="T1" toText="02/17/2000" type="BEFORE" />
<TLINK id="SECTIME24" fromID="E25" fromText="Center Emergency Department" toID="T1" toText="02/17/2000" type="BEFORE" />
<TLINK id="SECTIME25" fromID="E26" fromText="normal saline" toID="T1" toText="02/17/2000" type="OVERLAP" />
<TLINK id="SECTIME26" fromID="E27" fromText="morphine" toID="T1" toText="02/17/2000" type="BEFORE" />
<TLINK id="SECTIME27" fromID="E28" fromText="pain" toID="T1" toText="02/17/2000" type="BEFORE" />
<TLINK id="SECTIME28" fromID="E29" fromText="transferred" toID="T1" toText="02/17/2000" type="BEFORE" />
<TLINK id="SECTIME29" fromID="E30" fromText="the general medicine service" toID="T1" toText="02/17/2000" type="BEFORE" />
<TLINK id="SECTIME30" fromID="E31" fromText="further management" toID="T1" toText="02/17/2000" type="BEFORE" />
<TLINK id="SECTIME31" fromID="E32" fromText="admission" toID="Discharge" toText="Discharge" type="BEFORE" />
<TLINK id="SECTIME32" fromID="E33" fromText="acute pancreatitis" toID="Discharge" toText="Discharge" type="BEFORE" />
<TLINK id="SECTIME33" fromID="E34" fromText="NPO" toID="Discharge" toText="Discharge" type="BEFORE" />
<TLINK id="SECTIME34" fromID="E35" fromText="IV fluids" toID="Discharge" toText="Discharge" type="BEFORE" />
<TLINK id="SECTIME35" fromID="E36" fromText="Pain control" toID="Discharge" toText="Discharge" type="BEFORE" />
<TLINK id="SECTIME36" fromID="E37" fromText="morphine" toID="Discharge" toText="Discharge" type="BEFORE" />
<TLINK id="SECTIME37" fromID="E38" fromText="Demerol" toID="Discharge" toText="Discharge" type="BEFORE" />
<TLINK id="SECTIME38" fromID="E39" fromText="his epigastric pain" toID="Discharge" toText="Discharge" type="BEFORE" />
<TLINK id="SECTIME39" fromID="E40" fromText="complained" toID="Discharge" toText="Discharge" type="BEFORE" />
<TLINK id="SECTIME40" fromID="E41" fromText="persistent" toID="Discharge" toText="Discharge" type="BEFORE" />
<TLINK id="SECTIME41" fromID="E42" fromText="severe epigastric pain" toID="Discharge" toText="Discharge" type="BEFORE" />
<TLINK id="SECTIME42" fromID="E43" fromText="His pain medication" toID="Discharge" toText="Discharge" type="BEFORE" />
<TLINK id="SECTIME43" fromID="E44" fromText="Dilaudid IV" toID="Discharge" toText="Discharge" type="BEFORE" />
<TLINK id="SECTIME44" fromID="E45" fromText="his symptoms" toID="Discharge" toText="Discharge" type="BEFORE" />
<TLINK id="SECTIME45" fromID="E46" fromText="Dilaudid IV" toID="Discharge" toText="Discharge" type="BEFORE" />
<TLINK id="SECTIME46" fromID="E47" fromText="the patient &apos;s hospitalization" toID="Discharge" toText="Discharge" type="BEFORE" />
<TLINK id="SECTIME47" fromID="E48" fromText="comfort" toID="Discharge" toText="Discharge" type="BEFORE" />
<TLINK id="SECTIME48" fromID="E49" fromText="persistent of the patient &apos;s epigastric pain" toID="Discharge" toText="Discharge" type="BEFORE" />
<TLINK id="SECTIME49" fromID="E50" fromText="a pancreatic complication" toID="Discharge" toText="Discharge" type="BEFORE" />
<TLINK id="SECTIME50" fromID="E51" fromText="necrosis" toID="Discharge" toText="Discharge" type="BEFORE" />
<TLINK id="SECTIME51" fromID="E52" fromText="abscess" toID="Discharge" toText="Discharge" type="BEFORE" />
<TLINK id="SECTIME52" fromID="E53" fromText="a CT scan" toID="Discharge" toText="Discharge" type="BEFORE" />
<TLINK id="SECTIME53" fromID="E54" fromText="revealed" toID="Discharge" toText="Discharge" type="BEFORE" />
<TLINK id="SECTIME54" fromID="E55" fromText="a mass in the gallbladder neck" toID="Discharge" toText="Discharge" type="BEFORE" />
<TLINK id="SECTIME55" fromID="E56" fromText="biliary dilatation" toID="Discharge" toText="Discharge" type="BEFORE" />
<TLINK id="SECTIME56" fromID="E57" fromText="stranding along the pancreas" toID="Discharge" toText="Discharge" type="BEFORE" />
<TLINK id="SECTIME57" fromID="E58" fromText="necrosis" toID="Discharge" toText="Discharge" type="BEFORE" />
<TLINK id="SECTIME58" fromID="E59" fromText="abscess" toID="Discharge" toText="Discharge" type="BEFORE" />
<TLINK id="SECTIME59" fromID="E60" fromText="pseudocyst" toID="Discharge" toText="Discharge" type="BEFORE" />
<TLINK id="SECTIME60" fromID="E61" fromText="fevers" toID="Discharge" toText="Discharge" type="BEFORE" />
<TLINK id="SECTIME61" fromID="E62" fromText="Blood" toID="Discharge" toText="Discharge" type="BEFORE" />
<TLINK id="SECTIME62" fromID="E63" fromText="urine cultures" toID="Discharge" toText="Discharge" type="BEFORE" />
<TLINK id="SECTIME63" fromID="E64" fromText="A chest x-ray" toID="Discharge" toText="Discharge" type="BEFORE" />
<TLINK id="SECTIME64" fromID="E65" fromText="revealed" toID="Discharge" toText="Discharge" type="BEFORE" />
<TLINK id="SECTIME65" fromID="E66" fromText="infiltrate or effusion" toID="Discharge" toText="Discharge" type="BEFORE" />
<TLINK id="SECTIME66" fromID="E67" fromText="cefotaxime" toID="Discharge" toText="Discharge" type="BEFORE" />
<TLINK id="SECTIME67" fromID="E68" fromText="empiric antibiotic treatment" toID="Discharge" toText="Discharge" type="BEFORE" />
<TLINK id="SECTIME68" fromID="E69" fromText="All cultures" toID="Discharge" toText="Discharge" type="BEFORE" />
<TLINK id="SECTIME69" fromID="E70" fromText="the high grade fever" toID="Discharge" toText="Discharge" type="BEFORE" />
<TLINK id="SECTIME70" fromID="E71" fromText="An ultrasound" toID="Discharge" toText="Discharge" type="BEFORE" />
<TLINK id="SECTIME71" fromID="E72" fromText="cholestasis" toID="Discharge" toText="Discharge" type="BEFORE" />
<TLINK id="SECTIME72" fromID="E73" fromText="cholangitis" toID="Discharge" toText="Discharge" type="BEFORE" />
<TLINK id="SECTIME73" fromID="E74" fromText="The ultrasound" toID="Discharge" toText="Discharge" type="BEFORE" />
<TLINK id="SECTIME74" fromID="E75" fromText="showed" toID="Discharge" toText="Discharge" type="BEFORE" />
<TLINK id="SECTIME75" fromID="E76" fromText="biliary sludge" toID="Discharge" toText="Discharge" type="BEFORE" />
<TLINK id="SECTIME76" fromID="E77" fromText="swelling" toID="Discharge" toText="Discharge" type="BEFORE" />
<TLINK id="SECTIME77" fromID="E78" fromText="other abnormalities" toID="Discharge" toText="Discharge" type="BEFORE" />
<TLINK id="SECTIME78" fromID="E79" fromText="epigastric pain" toID="Discharge" toText="Discharge" type="BEFORE" />
<TLINK id="SECTIME79" fromID="E80" fromText="radiation to the left upper quadrant" toID="Discharge" toText="Discharge" type="BEFORE" />
<TLINK id="SECTIME80" fromID="E81" fromText="The pain" toID="Discharge" toText="Discharge" type="BEFORE" />
<TLINK id="SECTIME81" fromID="E82" fromText="high dose Dilaudid" toID="Discharge" toText="Discharge" type="BEFORE" />
<TLINK id="SECTIME82" fromID="E83" fromText="a follow-up chest x-ray" toID="Discharge" toText="Discharge" type="BEFORE" />
<TLINK id="SECTIME83" fromID="E84" fromText="showing" toID="Discharge" toText="Discharge" type="BEFORE" />
<TLINK id="SECTIME84" fromID="E85" fromText="a normal heart" toID="Discharge" toText="Discharge" type="BEFORE" />
<TLINK id="SECTIME85" fromID="E86" fromText="infiltrate" toID="Discharge" toText="Discharge" type="BEFORE" />
<TLINK id="SECTIME86" fromID="E87" fromText="the patient &apos;s fever defervesced" toID="Discharge" toText="Discharge" type="BEFORE" />
<TLINK id="SECTIME87" fromID="E88" fromText="his abdominal pain" toID="Discharge" toText="Discharge" type="BEFORE" />
<TLINK id="SECTIME88" fromID="E89" fromText="The cefotaxime" toID="Discharge" toText="Discharge" type="BEFORE" />
<TLINK id="SECTIME89" fromID="E90" fromText="infection" toID="Discharge" toText="Discharge" type="BEFORE" />
<TLINK id="SECTIME90" fromID="E91" fromText="the patient &apos;s diet" toID="Discharge" toText="Discharge" type="BEFORE" />
<TLINK id="SECTIME91" fromID="E92" fromText="a low fat solids" toID="Discharge" toText="Discharge" type="BEFORE" />
<TLINK id="SECTIME92" fromID="E93" fromText="pancreatitis study" toID="Discharge" toText="Discharge" type="BEFORE" />
<TLINK id="SECTIME93" fromID="E94" fromText="tolerated well" toID="Discharge" toText="Discharge" type="BEFORE" />
<TLINK id="SECTIME94" fromID="E95" fromText="discharged" toID="Discharge" toText="Discharge" type="OVERLAP" />
<TLINK id="SECTIME95" fromID="E96" fromText="his symptoms" toID="Discharge" toText="Discharge" type="BEFORE" />
<SECTIME id="S0" start="18" end="28" text="02/17/2000" type="ADMISSION" dvalue="2000-02-17" />
</TAGS>
</ClinicalNarrativeTemporalAnnotation>

