<?xml version="1.0" encoding="UTF-8" ?>
<ClinicalNarrativeTemporalAnnotation>
<TEXT><![CDATA[
ADMISSION DATE :
7-9-93
DISCHARGE DATE :
7-15-93
HISTORY OF PRESENT ILLNESS :
The patient is a 52 year old female with gravida 3 para 3 who presents with complains of abdominal pain and enlarged ovary by ultrasound .
The patient is also complaining of several years urinary incontinence .
The patient &apos;s recent history is also notable for a Papanicolaou smear which revealed somomabodies .
The patient also had vaginal bleeding in April 1992 following radiation therapy .
The patient initially presented with hypercalcemia and underwent a parathyroidectomy on June 22 , 1993 .
It was at that time that her abnormal Papanicolaou smear was obtained .
The patient is now admitted for exploratory laparotomy .
HOSPITAL COURSE :
The patient was judged to be at risk secondary to her history of somomabodies and vaginal bleeding .
Her differential diagnosis included ovarian cancer .
The patient was admitted on July 9 to the operating room .
She underwent an open laparoscopy , total abdominal hysterectomy , bilateral salpingo-oophorectomy , lysis of adhesions , Birch procedure , and suprapubic Foley catheter placement and Jackson-Pratt drain placement .
The estimated blood loss was 300 cc .
There were no complications during the procedure and the patient returned to the recovery room in stable condition .
Postoperatively , the patient did well .
Her calcium was followed daily and repleted as needed .
Her Jackson-Pratt drain was removed on postoperative day number two .
The patient had a temperature of 101.6 on postoperative day two .
Her lungs revealed coarse breath sounds .
She was encouraged to ambulate and deep breath .
The patient was started on nebulizer treatment .
The patient did well and her suprapubic tube was clamped starting on postoperative day four .
The patient voided spontaneously .
Clamping continued until postoperative day six .
At this time , her post-void residuals range from 2 cc to 25 cc .
The suprapubic tube was therefore discontinued .
By postoperative day six , the patient was also tolerating a regular diet and passing flatus .
A chest X-ray was performed secondary to the patient &apos;s coarse breath sounds , however , the chest X-ray was clear except for a small amount of atelectasis .
The patient was discharged home .
final pathology revealed right Fallopian tube and ovary with benign paratubal cysts and adhesions .
The cervix revealed squamous metaplasia .
The patient was discharged home on admission medications .
In addition , she will take Ciprofloxacin for nine more days .
She will also take Percocet .
]]></TEXT>
<TAGS>
<EVENT id="E1" start="1" end="10" text="ADMISSION" modality="FACTUAL" polarity="POS" type="OCCURRENCE" />
<EVENT id="E2" start="25" end="34" text="DISCHARGE" modality="FACTUAL" polarity="POS" type="OCCURRENCE" />
<EVENT id="E3" start="120" end="127" text="gravida" modality="FACTUAL" polarity="POS" type="OCCURRENCE" />
<EVENT id="E4" start="141" end="149" text="presents" modality="FACTUAL" polarity="POS" type="OCCURRENCE" />
<EVENT id="E5" start="168" end="182" text="abdominal pain" modality="FACTUAL" polarity="POS" type="PROBLEM" />
<EVENT id="E6" start="187" end="201" text="enlarged ovary" modality="FACTUAL" polarity="POS" type="PROBLEM" />
<EVENT id="E7" start="205" end="215" text="ultrasound" modality="FACTUAL" polarity="POS" type="TEST" />
<EVENT id="E8" start="238" end="249" text="complaining" modality="FACTUAL" polarity="POS" type="EVIDENTIAL" />
<EVENT id="E9" start="267" end="287" text="urinary incontinence" modality="FACTUAL" polarity="POS" type="PROBLEM" />
<EVENT id="E10" start="345" end="365" text="a Papanicolaou smear" modality="FACTUAL" polarity="POS" type="TEST" />
<EVENT id="E11" start="372" end="380" text="revealed" modality="FACTUAL" polarity="POS" type="EVIDENTIAL" />
<EVENT id="E12" start="381" end="393" text="somomabodies" modality="FACTUAL" polarity="POS" type="PROBLEM" />
<EVENT id="E13" start="417" end="433" text="vaginal bleeding" modality="FACTUAL" polarity="POS" type="PROBLEM" />
<EVENT id="E14" start="458" end="475" text="radiation therapy" modality="FACTUAL" polarity="POS" type="TREATMENT" />
<EVENT id="E15" start="500" end="509" text="presented" modality="FACTUAL" polarity="POS" type="OCCURRENCE" />
<EVENT id="E16" start="515" end="528" text="hypercalcemia" modality="FACTUAL" polarity="POS" type="PROBLEM" />
<EVENT id="E17" start="543" end="562" text="a parathyroidectomy" modality="FACTUAL" polarity="POS" type="TREATMENT" />
<EVENT id="E18" start="608" end="639" text="her abnormal Papanicolaou smear" modality="FACTUAL" polarity="POS" type="TEST" />
<EVENT id="E19" start="674" end="682" text="admitted" modality="FACTUAL" polarity="POS" type="OCCURRENCE" />
<EVENT id="E20" start="687" end="709" text="exploratory laparotomy" modality="FACTUAL" polarity="POS" type="TEST" />
<EVENT id="E21" start="795" end="807" text="somomabodies" modality="FACTUAL" polarity="POS" type="PROBLEM" />
<EVENT id="E22" start="812" end="828" text="vaginal bleeding" modality="FACTUAL" polarity="POS" type="PROBLEM" />
<EVENT id="E23" start="867" end="881" text="ovarian cancer" modality="FACTUAL" polarity="POS" type="PROBLEM" />
<EVENT id="E24" start="900" end="908" text="admitted" modality="FACTUAL" polarity="POS" type="OCCURRENCE" />
<EVENT id="E25" start="922" end="940" text="the operating room" modality="FACTUAL" polarity="POS" type="CLINICAL_DEPT" />
<EVENT id="E26" start="957" end="976" text="an open laparoscopy" modality="FACTUAL" polarity="POS" type="TEST" />
<EVENT id="E27" start="979" end="1007" text="total abdominal hysterectomy" modality="FACTUAL" polarity="POS" type="TREATMENT" />
<EVENT id="E28" start="1010" end="1041" text="bilateral salpingo-oophorectomy" modality="FACTUAL" polarity="POS" type="TREATMENT" />
<EVENT id="E29" start="1044" end="1062" text="lysis of adhesions" modality="FACTUAL" polarity="POS" type="TREATMENT" />
<EVENT id="E30" start="1065" end="1080" text="Birch procedure" modality="FACTUAL" polarity="POS" type="TREATMENT" />
<EVENT id="E31" start="1087" end="1122" text="suprapubic Foley catheter placement" modality="FACTUAL" polarity="POS" type="TREATMENT" />
<EVENT id="E32" start="1127" end="1156" text="Jackson-Pratt drain placement" modality="FACTUAL" polarity="POS" type="TREATMENT" />
<EVENT id="E33" start="1159" end="1183" text="The estimated blood loss" modality="FACTUAL" polarity="POS" type="PROBLEM" />
<EVENT id="E34" start="1211" end="1224" text="complications" modality="FACTUAL" polarity="NEG" type="PROBLEM" />
<EVENT id="E35" start="1232" end="1245" text="the procedure" modality="FACTUAL" polarity="POS" type="TREATMENT" />
<EVENT id="E36" start="1274" end="1291" text="the recovery room" modality="FACTUAL" polarity="POS" type="CLINICAL_DEPT" />
<EVENT id="E37" start="1295" end="1311" text="stable condition" modality="FACTUAL" polarity="POS" type="OCCURRENCE" />
<EVENT id="E38" start="1348" end="1352" text="well" modality="FACTUAL" polarity="POS" type="OCCURRENCE" />
<EVENT id="E39" start="1355" end="1366" text="Her calcium" modality="FACTUAL" polarity="POS" type="TEST" />
<EVENT id="E40" start="1390" end="1398" text="repleted" modality="FACTUAL" polarity="POS" type="TREATMENT" />
<EVENT id="E41" start="1411" end="1434" text="Her Jackson-Pratt drain" modality="FACTUAL" polarity="POS" type="TREATMENT" />
<EVENT id="E42" start="1497" end="1510" text="a temperature" modality="FACTUAL" polarity="POS" type="TEST" />
<EVENT id="E43" start="1547" end="1556" text="Her lungs" modality="FACTUAL" polarity="POS" type="PROBLEM" />
<EVENT id="E44" start="1557" end="1565" text="revealed" modality="FACTUAL" polarity="POS" type="EVIDENTIAL" />
<EVENT id="E45" start="1566" end="1586" text="coarse breath sounds" modality="FACTUAL" polarity="POS" type="PROBLEM" />
<EVENT id="E46" start="1611" end="1619" text="ambulate" modality="FACTUAL" polarity="POS" type="OCCURRENCE" />
<EVENT id="E47" start="1624" end="1635" text="deep breath" modality="FACTUAL" polarity="POS" type="PROBLEM" />
<EVENT id="E48" start="1665" end="1684" text="nebulizer treatment" modality="FACTUAL" polarity="POS" type="TREATMENT" />
<EVENT id="E49" start="1703" end="1707" text="well" modality="FACTUAL" polarity="POS" type="OCCURRENCE" />
<EVENT id="E50" start="1712" end="1731" text="her suprapubic tube" modality="FACTUAL" polarity="POS" type="TREATMENT" />
<EVENT id="E51" start="1736" end="1743" text="clamped" modality="FACTUAL" polarity="POS" type="TREATMENT" />
<EVENT id="E52" start="1793" end="1813" text="voided spontaneously" modality="FACTUAL" polarity="POS" type="OCCURRENCE" />
<EVENT id="E53" start="1880" end="1909" text="her post-void residuals range" modality="FACTUAL" polarity="POS" type="TEST" />
<EVENT id="E54" start="1931" end="1950" text="The suprapubic tube" modality="FACTUAL" polarity="POS" type="TREATMENT" />
<EVENT id="E55" start="2039" end="2053" text="a regular diet" modality="FACTUAL" polarity="POS" type="OCCURRENCE" />
<EVENT id="E56" start="2066" end="2072" text="flatus" modality="FACTUAL" polarity="POS" type="OCCURRENCE" />
<EVENT id="E57" start="2075" end="2088" text="A chest X-ray" modality="FACTUAL" polarity="POS" type="TEST" />
<EVENT id="E58" start="2116" end="2156" text="the patient &apos;s coarse breath sounds" modality="FACTUAL" polarity="POS" type="TEST" />
<EVENT id="E59" start="2169" end="2184" text="the chest X-ray" modality="FACTUAL" polarity="POS" type="TEST" />
<EVENT id="E60" start="2224" end="2235" text="atelectasis" modality="FACTUAL" polarity="POS" type="PROBLEM" />
<EVENT id="E61" start="2254" end="2264" text="discharged" modality="FACTUAL" polarity="POS" type="OCCURRENCE" />
<EVENT id="E62" start="2272" end="2287" text="final pathology" modality="FACTUAL" polarity="POS" type="TEST" />
<EVENT id="E63" start="2288" end="2296" text="revealed" modality="FACTUAL" polarity="POS" type="EVIDENTIAL" />
<EVENT id="E64" start="2297" end="2317" text="right Fallopian tube" modality="FACTUAL" polarity="POS" type="TREATMENT" />
<EVENT id="E65" start="2333" end="2355" text="benign paratubal cysts" modality="FACTUAL" polarity="POS" type="PROBLEM" />
<EVENT id="E66" start="2360" end="2369" text="adhesions" modality="FACTUAL" polarity="POS" type="PROBLEM" />
<EVENT id="E67" start="2383" end="2391" text="revealed" modality="FACTUAL" polarity="POS" type="EVIDENTIAL" />
<EVENT id="E68" start="2392" end="2411" text="squamous metaplasia" modality="FACTUAL" polarity="POS" type="PROBLEM" />
<EVENT id="E69" start="2430" end="2440" text="discharged" modality="FACTUAL" polarity="POS" type="OCCURRENCE" />
<EVENT id="E70" start="2449" end="2470" text="admission medications" modality="FACTUAL" polarity="POS" type="TREATMENT" />
<EVENT id="E71" start="2496" end="2514" text="take Ciprofloxacin" modality="FACTUAL" polarity="POS" type="TREATMENT" />
<EVENT id="E72" start="2555" end="2563" text="Percocet" modality="FACTUAL" polarity="POS" type="TREATMENT" />
<TIMEX3 id="T1" start="18" end="24" text="7-9-93" type="DATE" val="1993-07-09" mod="NA" />
<TIMEX3 id="T2" start="42" end="49" text="7-15-93" type="DATE" val="1993-07-15" mod="NA" />
<TIMEX3 id="T3" start="253" end="266" text="several years" type="DURATION" val="P3Y" mod="APPROX" />
<TIMEX3 id="T4" start="437" end="447" text="April 1992" type="DATE" val="1992-04" mod="NA" />
<TIMEX3 id="T5" start="566" end="580" text="June 22 , 1993" type="DATE" val="1993-06-22" mod="NA" />
<TIMEX3 id="T6" start="912" end="918" text="July 9" type="DATE" val="1993-07-09" mod="NA" />
<TIMEX3 id="T7" start="1380" end="1385" text="daily" type="FREQUENCY" val="RP1D" mod="NA" />
<TIMEX3 id="T8" start="1450" end="1478" text="postoperative day number two" type="DATE" val="1993-07-11" mod="NA" />
<TIMEX3 id="T9" start="1523" end="1544" text="postoperative day two" type="DATE" val="1993-07-11" mod="NA" />
<TIMEX3 id="T10" start="1756" end="1778" text="postoperative day four" type="DATE" val="1993-07-13" mod="NA" />
<TIMEX3 id="T11" start="1841" end="1862" text="postoperative day six" type="DATE" val="1993-07-15" mod="NA" />
<TIMEX3 id="T12" start="1983" end="2004" text="postoperative day six" type="DATE" val="1993-07-15" mod="NA" />
<TIMEX3 id="T13" start="2519" end="2533" text="nine more days" type="DURATION" val="P1D" mod="NA" />
<TLINK id="TL1" fromID="E1" fromText="ADMISSION" toID="T1" toText="7-9-93" type="OVERLAP" />
<TLINK id="TL3" fromID="E2" fromText="DISCHARGE" toID="T2" toText="7-15-93" type="OVERLAP" />
<TLINK id="TL4" fromID="E3" fromText="gravida" toID="E4" toText="presents" type="OVERLAP" />
<TLINK id="TL5" fromID="E5" fromText="abdominal pain" toID="E4" toText="presents" type="BEFORE" />
<TLINK id="TL6" fromID="E6" fromText="enlarged ovary" toID="E5" toText="abdominal pain" type="OVERLAP" />
<TLINK id="TL7" fromID="E6" fromText="enlarged ovary" toID="E7" toText="ultrasound" type="BEFORE" />
<TLINK id="TL8" fromID="E8" fromText="complaining" toID="E7" toText="ultrasound" type="OVERLAP" />
<TLINK id="TL9" fromID="E8" fromText="complaining" toID="T3" toText="several years" type="OVERLAP" />
<TLINK id="TL10" fromID="E9" fromText="urinary incontinence" toID="T3" toText="several years" type="OVERLAP" />
<TLINK id="TL11" fromID="E10" fromText="a Papanicolaou smear" toID="E9" toText="urinary incontinence" type="OVERLAP" />
<TLINK id="TL12" fromID="E10" fromText="a Papanicolaou smear" toID="E11" toText="revealed" type="OVERLAP" />
<TLINK id="TL13" fromID="E12" fromText="somomabodies" toID="E11" toText="revealed" type="BEFORE" />
<TLINK id="TL14" fromID="E13" fromText="vaginal bleeding" toID="E12" toText="somomabodies" type="OVERLAP" />
<TLINK id="TL15" fromID="E13" fromText="vaginal bleeding" toID="T4" toText="April 1992" type="OVERLAP" />
<TLINK id="TL16" fromID="E14" fromText="radiation therapy" toID="T4" toText="April 1992" type="AFTER" />
<TLINK id="TL17" fromID="E14" fromText="radiation therapy" toID="E15" toText="presented" type="OVERLAP" />
<TLINK id="TL18" fromID="E16" fromText="hypercalcemia" toID="E15" toText="presented" type="BEFORE" />
<TLINK id="TL19" fromID="E16" fromText="hypercalcemia" toID="E17" toText="a parathyroidectomy" type="BEFORE" />
<TLINK id="TL20" fromID="E17" fromText="a parathyroidectomy" toID="T5" toText="June 22 , 1993" type="OVERLAP" />
<TLINK id="TL21" fromID="E18" fromText="her abnormal Papanicolaou smear" toID="T5" toText="June 22 , 1993" type="OVERLAP" />
<TLINK id="TL22" fromID="E18" fromText="her abnormal Papanicolaou smear" toID="E19" toText="admitted" type="OVERLAP" />
<TLINK id="TL23" fromID="E20" fromText="exploratory laparotomy" toID="E19" toText="admitted" type="AFTER" />
<TLINK id="TL24" fromID="E22" fromText="vaginal bleeding" toID="E21" toText="somomabodies" type="OVERLAP" />
<TLINK id="TL25" fromID="E23" fromText="ovarian cancer" toID="E22" toText="vaginal bleeding" type="OVERLAP" />
<TLINK id="TL26" fromID="E23" fromText="ovarian cancer" toID="E24" toText="admitted" type="OVERLAP" />
<TLINK id="TL27" fromID="E24" fromText="admitted" toID="T6" toText="July 9" type="OVERLAP" />
<TLINK id="TL28" fromID="E25" fromText="the operating room" toID="E24" toText="admitted" type="AFTER" />
<TLINK id="TL29" fromID="E26" fromText="an open laparoscopy" toID="E25" toText="the operating room" type="OVERLAP" />
<TLINK id="TL30" fromID="E27" fromText="total abdominal hysterectomy" toID="E26" toText="an open laparoscopy" type="OVERLAP" />
<TLINK id="TL31" fromID="E27" fromText="total abdominal hysterectomy" toID="E28" toText="bilateral salpingo-oophorectomy" type="OVERLAP" />
<TLINK id="TL32" fromID="E29" fromText="lysis of adhesions" toID="E28" toText="bilateral salpingo-oophorectomy" type="OVERLAP" />
<TLINK id="TL33" fromID="E30" fromText="Birch procedure" toID="E29" toText="lysis of adhesions" type="OVERLAP" />
<TLINK id="TL34" fromID="E31" fromText="suprapubic Foley catheter placement" toID="E30" toText="Birch procedure" type="OVERLAP" />
<TLINK id="TL35" fromID="E32" fromText="Jackson-Pratt drain placement" toID="E31" toText="suprapubic Foley catheter placement" type="OVERLAP" />
<TLINK id="TL36" fromID="E33" fromText="The estimated blood loss" toID="E32" toText="Jackson-Pratt drain placement" type="OVERLAP" />
<TLINK id="TL37" fromID="E34" fromText="complications" toID="E33" toText="The estimated blood loss" type="OVERLAP" />
<TLINK id="TL38" fromID="E34" fromText="complications" toID="E35" toText="the procedure" type="OVERLAP" />
<TLINK id="TL39" fromID="E36" fromText="the recovery room" toID="E35" toText="the procedure" type="AFTER" />
<TLINK id="TL40" fromID="E37" fromText="stable condition" toID="E36" toText="the recovery room" type="BEFORE" />
<TLINK id="TL41" fromID="E37" fromText="stable condition" toID="E38" toText="well" type="OVERLAP" />
<TLINK id="TL42" fromID="E39" fromText="Her calcium" toID="E38" toText="well" type="OVERLAP" />
<TLINK id="TL43" fromID="E39" fromText="Her calcium" toID="T7" toText="daily" type="OVERLAP" />
<TLINK id="TL44" fromID="E39" fromText="Her calcium" toID="E40" toText="repleted" type="OVERLAP" />
<TLINK id="TL45" fromID="E41" fromText="Her Jackson-Pratt drain" toID="E40" toText="repleted" type="OVERLAP" />
<TLINK id="TL46" fromID="E41" fromText="Her Jackson-Pratt drain" toID="T8" toText="postoperative day number two" type="BEFORE" />
<TLINK id="TL47" fromID="E42" fromText="a temperature" toID="T8" toText="postoperative day number two" type="OVERLAP" />
<TLINK id="TL48" fromID="E42" fromText="a temperature" toID="T9" toText="postoperative day two" type="OVERLAP" />
<TLINK id="TL49" fromID="E43" fromText="Her lungs" toID="E42" toText="a temperature" type="BEFORE" />
<TLINK id="TL50" fromID="E43" fromText="Her lungs" toID="E44" toText="revealed" type="OVERLAP" />
<TLINK id="TL51" fromID="E45" fromText="coarse breath sounds" toID="E44" toText="revealed" type="BEFORE" />
<TLINK id="TL52" fromID="E45" fromText="coarse breath sounds" toID="E46" toText="ambulate" type="OVERLAP" />
<TLINK id="TL53" fromID="E46" fromText="ambulate" toID="E47" toText="deep breath" type="OVERLAP" />
<TLINK id="TL54" fromID="E47" fromText="deep breath" toID="E48" toText="nebulizer treatment" type="OVERLAP" />
<TLINK id="TL55" fromID="E49" fromText="well" toID="E48" toText="nebulizer treatment" type="AFTER" />
<TLINK id="TL56" fromID="E50" fromText="her suprapubic tube" toID="E49" toText="well" type="OVERLAP" />
<TLINK id="TL57" fromID="E51" fromText="clamped" toID="E50" toText="her suprapubic tube" type="OVERLAP" />
<TLINK id="TL58" fromID="E51" fromText="clamped" toID="T10" toText="postoperative day four" type="BEFORE" />
<TLINK id="TL59" fromID="T10" fromText="postoperative day four" toID="E52" toText="voided spontaneously" type="OVERLAP" />
<TLINK id="TL60" fromID="E52" fromText="voided spontaneously" toID="T11" toText="postoperative day six" type="OVERLAP" />
<TLINK id="TL61" fromID="E53" fromText="her post-void residuals range" toID="T11" toText="postoperative day six" type="OVERLAP" />
<TLINK id="TL62" fromID="E54" fromText="The suprapubic tube" toID="E53" toText="her post-void residuals range" type="OVERLAP" />
<TLINK id="TL63" fromID="E54" fromText="The suprapubic tube" toID="T12" toText="postoperative day six" type="AFTER" />
<TLINK id="TL64" fromID="E55" fromText="a regular diet" toID="T12" toText="postoperative day six" type="BEFORE" />
<TLINK id="TL65" fromID="E56" fromText="flatus" toID="E55" toText="a regular diet" type="OVERLAP" />
<TLINK id="TL66" fromID="E57" fromText="A chest X-ray" toID="E56" toText="flatus" type="OVERLAP" />
<TLINK id="TL67" fromID="E58" fromText="the patient &apos;s coarse breath sounds" toID="E57" toText="A chest X-ray" type="OVERLAP" />
<TLINK id="TL68" fromID="E58" fromText="the patient &apos;s coarse breath sounds" toID="E59" toText="the chest X-ray" type="OVERLAP" />
<TLINK id="TL69" fromID="E60" fromText="atelectasis" toID="E59" toText="the chest X-ray" type="BEFORE" />
<TLINK id="TL70" fromID="E60" fromText="atelectasis" toID="E61" toText="discharged" type="OVERLAP" />
<TLINK id="TL71" fromID="E62" fromText="final pathology" toID="E61" toText="discharged" type="OVERLAP" />
<TLINK id="TL72" fromID="E62" fromText="final pathology" toID="E63" toText="revealed" type="OVERLAP" />
<TLINK id="TL73" fromID="E64" fromText="right Fallopian tube" toID="E63" toText="revealed" type="BEFORE" />
<TLINK id="TL74" fromID="E65" fromText="benign paratubal cysts" toID="E64" toText="right Fallopian tube" type="BEFORE" />
<TLINK id="TL75" fromID="E65" fromText="benign paratubal cysts" toID="E66" toText="adhesions" type="OVERLAP" />
<TLINK id="TL76" fromID="E65" fromText="benign paratubal cysts" toID="E67" toText="revealed" type="OVERLAP" />
<TLINK id="TL77" fromID="E68" fromText="squamous metaplasia" toID="E67" toText="revealed" type="BEFORE" />
<TLINK id="TL78" fromID="E68" fromText="squamous metaplasia" toID="E69" toText="discharged" type="OVERLAP" />
<TLINK id="TL79" fromID="E70" fromText="admission medications" toID="E69" toText="discharged" type="BEFORE" />
<TLINK id="TL80" fromID="E71" fromText="take Ciprofloxacin" toID="E70" toText="admission medications" type="OVERLAP" />
<TLINK id="TL81" fromID="E71" fromText="take Ciprofloxacin" toID="T13" toText="nine more days" type="OVERLAP" />
<TLINK id="TL82" fromID="E72" fromText="Percocet" toID="T13" toText="nine more days" type="OVERLAP" />
<TLINK id="SECTIME0" fromID="E1" fromText="ADMISSION" toID="T1" toText="7-9-93" type="BEFORE" />
<TLINK id="SECTIME1" fromID="E2" fromText="DISCHARGE" toID="T1" toText="7-9-93" type="BEFORE" />
<TLINK id="SECTIME2" fromID="E3" fromText="gravida" toID="T1" toText="7-9-93" type="BEFORE" />
<TLINK id="SECTIME3" fromID="E4" fromText="presents" toID="T1" toText="7-9-93" type="OVERLAP" />
<TLINK id="SECTIME4" fromID="E5" fromText="abdominal pain" toID="T1" toText="7-9-93" type="BEFORE" />
<TLINK id="SECTIME5" fromID="E6" fromText="enlarged ovary" toID="T1" toText="7-9-93" type="BEFORE" />
<TLINK id="SECTIME6" fromID="E7" fromText="ultrasound" toID="T1" toText="7-9-93" type="BEFORE" />
<TLINK id="SECTIME7" fromID="E8" fromText="complaining" toID="T1" toText="7-9-93" type="OVERLAP" />
<TLINK id="SECTIME8" fromID="E9" fromText="urinary incontinence" toID="T1" toText="7-9-93" type="BEFORE" />
<TLINK id="SECTIME9" fromID="E10" fromText="a Papanicolaou smear" toID="T1" toText="7-9-93" type="BEFORE" />
<TLINK id="SECTIME10" fromID="E11" fromText="revealed" toID="T1" toText="7-9-93" type="BEFORE" />
<TLINK id="SECTIME11" fromID="E12" fromText="somomabodies" toID="T1" toText="7-9-93" type="BEFORE" />
<TLINK id="SECTIME12" fromID="E13" fromText="vaginal bleeding" toID="T1" toText="7-9-93" type="BEFORE" />
<TLINK id="SECTIME13" fromID="E14" fromText="radiation therapy" toID="T1" toText="7-9-93" type="BEFORE" />
<TLINK id="SECTIME14" fromID="E15" fromText="presented" toID="T1" toText="7-9-93" type="BEFORE" />
<TLINK id="SECTIME15" fromID="E16" fromText="hypercalcemia" toID="T1" toText="7-9-93" type="OVERLAP" />
<TLINK id="SECTIME16" fromID="E17" fromText="a parathyroidectomy" toID="T1" toText="7-9-93" type="BEFORE" />
<TLINK id="SECTIME17" fromID="E18" fromText="her abnormal Papanicolaou smear" toID="T1" toText="7-9-93" type="BEFORE" />
<TLINK id="SECTIME18" fromID="E19" fromText="admitted" toID="T1" toText="7-9-93" type="BEFORE" />
<TLINK id="SECTIME19" fromID="E20" fromText="exploratory laparotomy" toID="T1" toText="7-9-93" type="BEFORE" />
<TLINK id="SECTIME20" fromID="E21" fromText="somomabodies" toID="T2" toText="7-15-93" type="BEFORE" />
<TLINK id="SECTIME21" fromID="E22" fromText="vaginal bleeding" toID="T2" toText="7-15-93" type="BEFORE" />
<TLINK id="SECTIME22" fromID="E23" fromText="ovarian cancer" toID="T2" toText="7-15-93" type="BEFORE" />
<TLINK id="SECTIME23" fromID="E24" fromText="admitted" toID="T2" toText="7-15-93" type="BEFORE" />
<TLINK id="SECTIME24" fromID="E25" fromText="the operating room" toID="T2" toText="7-15-93" type="BEFORE" />
<TLINK id="SECTIME25" fromID="E26" fromText="an open laparoscopy" toID="T2" toText="7-15-93" type="BEFORE" />
<TLINK id="SECTIME26" fromID="E27" fromText="total abdominal hysterectomy" toID="T2" toText="7-15-93" type="BEFORE" />
<TLINK id="SECTIME27" fromID="E28" fromText="bilateral salpingo-oophorectomy" toID="T2" toText="7-15-93" type="BEFORE" />
<TLINK id="SECTIME28" fromID="E29" fromText="lysis of adhesions" toID="T2" toText="7-15-93" type="BEFORE" />
<TLINK id="SECTIME29" fromID="E30" fromText="Birch procedure" toID="T2" toText="7-15-93" type="BEFORE" />
<TLINK id="SECTIME30" fromID="E31" fromText="suprapubic Foley catheter placement" toID="T2" toText="7-15-93" type="BEFORE" />
<TLINK id="SECTIME31" fromID="E32" fromText="Jackson-Pratt drain placement" toID="T2" toText="7-15-93" type="BEFORE" />
<TLINK id="SECTIME32" fromID="E33" fromText="The estimated blood loss" toID="T2" toText="7-15-93" type="BEFORE" />
<TLINK id="SECTIME33" fromID="E34" fromText="complications" toID="T2" toText="7-15-93" type="BEFORE" />
<TLINK id="SECTIME34" fromID="E35" fromText="the procedure" toID="T2" toText="7-15-93" type="BEFORE" />
<TLINK id="SECTIME35" fromID="E36" fromText="the recovery room" toID="T2" toText="7-15-93" type="BEFORE" />
<TLINK id="SECTIME36" fromID="E37" fromText="stable condition" toID="T2" toText="7-15-93" type="BEFORE" />
<TLINK id="SECTIME37" fromID="E38" fromText="well" toID="T2" toText="7-15-93" type="BEFORE" />
<TLINK id="SECTIME38" fromID="E39" fromText="Her calcium" toID="T2" toText="7-15-93" type="BEFORE" />
<TLINK id="SECTIME39" fromID="E40" fromText="repleted" toID="T2" toText="7-15-93" type="BEFORE" />
<TLINK id="SECTIME40" fromID="E41" fromText="Her Jackson-Pratt drain" toID="T2" toText="7-15-93" type="BEFORE" />
<TLINK id="SECTIME41" fromID="E42" fromText="a temperature" toID="T2" toText="7-15-93" type="BEFORE" />
<TLINK id="SECTIME42" fromID="E43" fromText="Her lungs" toID="T2" toText="7-15-93" type="BEFORE" />
<TLINK id="SECTIME43" fromID="E44" fromText="revealed" toID="T2" toText="7-15-93" type="BEFORE" />
<TLINK id="SECTIME44" fromID="E45" fromText="coarse breath sounds" toID="T2" toText="7-15-93" type="BEFORE" />
<TLINK id="SECTIME45" fromID="E46" fromText="ambulate" toID="T2" toText="7-15-93" type="BEFORE" />
<TLINK id="SECTIME46" fromID="E47" fromText="deep breath" toID="T2" toText="7-15-93" type="BEFORE" />
<TLINK id="SECTIME47" fromID="E48" fromText="nebulizer treatment" toID="T2" toText="7-15-93" type="BEFORE" />
<TLINK id="SECTIME48" fromID="E49" fromText="well" toID="T2" toText="7-15-93" type="BEFORE" />
<TLINK id="SECTIME49" fromID="E50" fromText="her suprapubic tube" toID="T2" toText="7-15-93" type="BEFORE" />
<TLINK id="SECTIME50" fromID="E51" fromText="clamped" toID="T2" toText="7-15-93" type="BEFORE" />
<TLINK id="SECTIME51" fromID="E52" fromText="voided spontaneously" toID="T2" toText="7-15-93" type="BEFORE" />
<TLINK id="SECTIME52" fromID="E53" fromText="her post-void residuals range" toID="T2" toText="7-15-93" type="BEFORE" />
<TLINK id="SECTIME53" fromID="E54" fromText="The suprapubic tube" toID="T2" toText="7-15-93" type="BEFORE" />
<TLINK id="SECTIME54" fromID="E55" fromText="a regular diet" toID="T2" toText="7-15-93" type="BEFORE" />
<TLINK id="SECTIME55" fromID="E56" fromText="flatus" toID="T2" toText="7-15-93" type="BEFORE" />
<TLINK id="SECTIME56" fromID="E57" fromText="A chest X-ray" toID="T2" toText="7-15-93" type="BEFORE" />
<TLINK id="SECTIME57" fromID="E58" fromText="the patient &apos;s coarse breath sounds" toID="T2" toText="7-15-93" type="BEFORE" />
<TLINK id="SECTIME58" fromID="E59" fromText="the chest X-ray" toID="T2" toText="7-15-93" type="BEFORE" />
<TLINK id="SECTIME59" fromID="E60" fromText="atelectasis" toID="T2" toText="7-15-93" type="BEFORE" />
<TLINK id="SECTIME60" fromID="E61" fromText="discharged" toID="T2" toText="7-15-93" type="OVERLAP" />
<TLINK id="SECTIME61" fromID="E62" fromText="final pathology" toID="T2" toText="7-15-93" type="BEFORE" />
<TLINK id="SECTIME62" fromID="E63" fromText="revealed" toID="T2" toText="7-15-93" type="BEFORE" />
<TLINK id="SECTIME63" fromID="E64" fromText="right Fallopian tube" toID="T2" toText="7-15-93" type="BEFORE" />
<TLINK id="SECTIME64" fromID="E65" fromText="benign paratubal cysts" toID="T2" toText="7-15-93" type="BEFORE" />
<TLINK id="SECTIME65" fromID="E66" fromText="adhesions" toID="T2" toText="7-15-93" type="BEFORE" />
<TLINK id="SECTIME66" fromID="E67" fromText="revealed" toID="T2" toText="7-15-93" type="BEFORE" />
<TLINK id="SECTIME67" fromID="E68" fromText="squamous metaplasia" toID="T2" toText="7-15-93" type="BEFORE" />
<TLINK id="SECTIME68" fromID="E69" fromText="discharged" toID="T2" toText="7-15-93" type="OVERLAP" />
<TLINK id="SECTIME69" fromID="E70" fromText="admission medications" toID="T2" toText="7-15-93" type="BEFORE" />
<TLINK id="SECTIME70" fromID="E71" fromText="take Ciprofloxacin" toID="T2" toText="7-15-93" type="AFTER" />
<TLINK id="SECTIME71" fromID="E72" fromText="Percocet" toID="T2" toText="7-15-93" type="BEFORE" />
<SECTIME id="S0" start="18" end="24" text="7-9-93" type="ADMISSION" dvalue="1993-07-09" />
<SECTIME id="S1" start="42" end="49" text="7-15-93" type="DISCHARGE" dvalue="1993-07-15" />
</TAGS>
</ClinicalNarrativeTemporalAnnotation>

