<?xml version="1.0" encoding="UTF-8" ?>
<ClinicalNarrativeTemporalAnnotation>
<TEXT><![CDATA[
ADMISSION DATE :
01-11-92
DISCHARGE DATE :
01-22-92
HISTORY OF PRESENT ILLNESS :
Ms. Tikrhalt is an 86 year old female , previously healthy , who presents with a 3 month history of dysphagia .
A subsequent workup including upper gastrointestinal series and abdominal computerized tomography scan suggested the presence of a gastric mass .
Endoscopy with biopsy revealed gastric carcinoma , poorly differentiated , within the body of the stomach along the greater curvature .
She was subsequently referred to Dr. Ko for a possible resection of this carcinoma .
She reports a 10 pound weight loss over the past several months .
She denies any abdominal pain .
HOSPITAL COURSE :
The patient was admitted to the Service of Dr. Fede A. Duhenile .
On 1/12/92 she was taken to the operating room where she underwent a neart total gastrectomy with a retrocolic Bill-Roth II gastrojejunostomy reconstruction .
In addition a small ventral hernia was noted upon abdominal exploration within a previous surgical incision .
This was repaired .
A needle jejunostomy catheter was placed at the time of her operation to facilitate postoperative nutrition .
With regards to the cancer , there was a large mass along the greater curvature in the body of the stomach , and several perigastric lymph nodes which were taken with the specimen .
In addition , there were at least two lymph nodes within the porta hepatis which were dissected free and taken en bloc with the specimen .
The remainder of her abdomen was unremarkable without evidence of metastatic spread elsewhere , including the liver .
The patient tolerated the procedure well and was taken to the recovery room in good condition .
The patient 's postoperative course was for the most part unremarkable .
Her wounds healed well without incident and the needle jejunostomy tube was utilized on the first postoperative day right up until the time of discharge , infusing Vivonex T.E.N.
The patient tolerated this without difficulty .
The patient 's nasogastric tube was removed on the 3rd postoperative day , and with the passage of flatus and good bowel sounds noted , she was started on a liquid diet which was advanced slowly .
She was seen by the dietician and was advised with regard to needing numerous small meals during the day rather than 3 larger meals as she previously was used to .
Her ambulation and mobilization increased gradually and by the time of discharge she was walking in the halls without assistance .
As mentioned , her wounds healed well without incident and the staples were removed on the 10th postoperative day just prior to discharge .
She had some difficulties with confusion in the early postoperative period which were attributable to her advanced age and a sundowning effect .
These problems resolved by the 4th or 5th postoperative day and she remained lucid and alert for the remainder of her hospital stay .
Surgical pathology report was completed prior to discharge which revealed poorly differentiated adenocarcinoma ulcerating and extending through the wall into the serosa of the stomach .
Metastatic carcinoma was present in 3 of 3 lymph nodes .
The gastric resection margins were free of carcinoma .
The patient was set for discharge on the 11th postoperative day doing well .
On the day prior to discharge she complained of some dysuria , a urine specimen was obtained , which showed numerous white cells consistent with a urinary tract infection .
She was started empirically on Bactrim , while culture and sensitivity results were pending and remained pending at the time of this dictation .
She will be discharged to home and will be seen in follow-up by her regular physicians as well as Dr. Ko .
]]></TEXT>
<TAGS>
<EVENT id="E1" start="1" end="10" text="ADMISSION" modality="FACTUAL" polarity="POS" type="OCCURRENCE" />
<EVENT id="E2" start="27" end="36" text="DISCHARGE" modality="FACTUAL" polarity="POS" type="OCCURRENCE" />
<EVENT id="E3" start="147" end="155" text="presents" modality="FACTUAL" polarity="POS" type="OCCURRENCE" />
<EVENT id="E4" start="182" end="191" text="dysphagia" modality="FACTUAL" polarity="POS" type="PROBLEM" />
<EVENT id="E5" start="194" end="213" text="A subsequent workup" modality="FACTUAL" polarity="POS" type="TEST" />
<EVENT id="E6" start="224" end="253" text="upper gastrointestinal series" modality="FACTUAL" polarity="POS" type="TEST" />
<EVENT id="E7" start="258" end="296" text="abdominal computerized tomography scan" modality="FACTUAL" polarity="POS" type="TEST" />
<EVENT id="E8" start="323" end="337" text="a gastric mass" modality="FACTUAL" polarity="POS" type="PROBLEM" />
<EVENT id="E9" start="340" end="349" text="Endoscopy" modality="FACTUAL" polarity="POS" type="TEST" />
<EVENT id="E10" start="355" end="361" text="biopsy" modality="FACTUAL" polarity="POS" type="TEST" />
<EVENT id="E11" start="362" end="370" text="revealed" modality="FACTUAL" polarity="POS" type="EVIDENTIAL" />
<EVENT id="E12" start="371" end="388" text="gastric carcinoma" modality="FACTUAL" polarity="POS" type="PROBLEM" />
<EVENT id="E13" start="422" end="445" text="the body of the stomach" modality="FACTUAL" polarity="POS" type="PROBLEM" />
<EVENT id="E14" start="531" end="540" text="resection" modality="POSSIBLE" polarity="POS" type="TREATMENT" />
<EVENT id="E15" start="544" end="558" text="this carcinoma" modality="FACTUAL" polarity="POS" type="PROBLEM" />
<EVENT id="E16" start="565" end="572" text="reports" modality="FACTUAL" polarity="POS" type="EVIDENTIAL" />
<EVENT id="E17" start="573" end="595" text="a 10 pound weight loss" modality="FACTUAL" polarity="POS" type="PROBLEM" />
<EVENT id="E18" start="631" end="637" text="denies" modality="FACTUAL" polarity="POS" type="EVIDENTIAL" />
<EVENT id="E19" start="638" end="656" text="any abdominal pain" modality="FACTUAL" polarity="NEG" type="PROBLEM" />
<EVENT id="E20" start="693" end="701" text="admitted" modality="FACTUAL" polarity="POS" type="OCCURRENCE" />
<EVENT id="E21" start="771" end="789" text="the operating room" modality="FACTUAL" polarity="POS" type="CLINICAL_DEPT" />
<EVENT id="E22" start="810" end="835" text="a neart total gastrectomy" modality="FACTUAL" polarity="POS" type="TREATMENT" />
<EVENT id="E23" start="841" end="899" text="a retrocolic Bill-Roth II gastrojejunostomy reconstruction" modality="FACTUAL" polarity="POS" type="TREATMENT" />
<EVENT id="E24" start="914" end="936" text="a small ventral hernia" modality="FACTUAL" polarity="POS" type="PROBLEM" />
<EVENT id="E25" start="941" end="946" text="noted" modality="FACTUAL" polarity="POS" type="EVIDENTIAL" />
<EVENT id="E26" start="952" end="973" text="abdominal exploration" modality="FACTUAL" polarity="POS" type="TEST" />
<EVENT id="E27" start="992" end="1009" text="surgical incision" modality="FACTUAL" polarity="POS" type="PROBLEM" />
<EVENT id="E28" start="1021" end="1029" text="repaired" modality="FACTUAL" polarity="POS" type="TREATMENT" />
<EVENT id="E29" start="1032" end="1061" text="A needle jejunostomy catheter" modality="FACTUAL" polarity="POS" type="TREATMENT" />
<EVENT id="E30" start="1088" end="1101" text="her operation" modality="FACTUAL" polarity="POS" type="TREATMENT" />
<EVENT id="E31" start="1158" end="1168" text="the cancer" modality="FACTUAL" polarity="POS" type="PROBLEM" />
<EVENT id="E32" start="1181" end="1193" text="a large mass" modality="FACTUAL" polarity="POS" type="PROBLEM" />
<EVENT id="E33" start="1255" end="1286" text="several perigastric lymph nodes" modality="FACTUAL" polarity="POS" type="PROBLEM" />
<EVENT id="E34" start="1529" end="1546" text="metastatic spread" modality="FACTUAL" polarity="POS" type="PROBLEM" />
<EVENT id="E35" start="1569" end="1578" text="the liver" modality="FACTUAL" polarity="POS" type="TEST" />
<EVENT id="E36" start="1593" end="1602" text="tolerated" modality="FACTUAL" polarity="POS" type="OCCURRENCE" />
<EVENT id="E37" start="1603" end="1616" text="the procedure" modality="FACTUAL" polarity="POS" type="TREATMENT" />
<EVENT id="E38" start="1639" end="1656" text="the recovery room" modality="FACTUAL" polarity="POS" type="CLINICAL_DEPT" />
<EVENT id="E39" start="1660" end="1674" text="good condition" modality="FACTUAL" polarity="POS" type="OCCURRENCE" />
<EVENT id="E40" start="1721" end="1747" text="the most part unremarkable" modality="FACTUAL" polarity="POS" type="EVIDENTIAL" />
<EVENT id="E41" start="1750" end="1760" text="Her wounds" modality="FACTUAL" polarity="POS" type="PROBLEM" />
<EVENT id="E42" start="1781" end="1789" text="incident" modality="FACTUAL" polarity="NEG" type="PROBLEM" />
<EVENT id="E43" start="1794" end="1821" text="the needle jejunostomy tube" modality="FACTUAL" polarity="POS" type="TREATMENT" />
<EVENT id="E44" start="1893" end="1902" text="discharge" modality="FACTUAL" polarity="POS" type="OCCURRENCE" />
<EVENT id="E45" start="1941" end="1950" text="tolerated" modality="FACTUAL" polarity="POS" type="OCCURRENCE" />
<EVENT id="E46" start="1964" end="1974" text="difficulty" modality="FACTUAL" polarity="NEG" type="PROBLEM" />
<EVENT id="E47" start="1977" end="2008" text="The patient 's nasogastric tube" modality="FACTUAL" polarity="POS" type="TREATMENT" />
<EVENT id="E48" start="2076" end="2082" text="flatus" modality="FACTUAL" polarity="POS" type="OCCURRENCE" />
<EVENT id="E49" start="2092" end="2104" text="bowel sounds" modality="FACTUAL" polarity="POS" type="OCCURRENCE" />
<EVENT id="E50" start="2132" end="2145" text="a liquid diet" modality="FACTUAL" polarity="POS" type="TREATMENT" />
<EVENT id="E51" start="2156" end="2164" text="advanced" modality="FACTUAL" polarity="POS" type="OCCURRENCE" />
<EVENT id="E52" start="2243" end="2263" text="numerous small meals" modality="FACTUAL" polarity="POS" type="OCCURRENCE" />
<EVENT id="E53" start="2338" end="2352" text="Her ambulation" modality="FACTUAL" polarity="POS" type="OCCURRENCE" />
<EVENT id="E54" start="2357" end="2379" text="mobilization increased" modality="FACTUAL" polarity="POS" type="OCCURRENCE" />
<EVENT id="E55" start="2409" end="2418" text="discharge" modality="FACTUAL" polarity="POS" type="OCCURRENCE" />
<EVENT id="E56" start="2427" end="2434" text="walking" modality="FACTUAL" polarity="POS" type="OCCURRENCE" />
<EVENT id="E57" start="2456" end="2466" text="assistance" modality="FACTUAL" polarity="POS" type="TREATMENT" />
<EVENT id="E58" start="2484" end="2494" text="her wounds" modality="FACTUAL" polarity="POS" type="PROBLEM" />
<EVENT id="E59" start="2515" end="2523" text="incident" modality="FACTUAL" polarity="NEG" type="PROBLEM" />
<EVENT id="E60" start="2528" end="2539" text="the staples" modality="FACTUAL" polarity="POS" type="TREATMENT" />
<EVENT id="E61" start="2597" end="2606" text="discharge" modality="FACTUAL" polarity="POS" type="OCCURRENCE" />
<EVENT id="E62" start="2617" end="2634" text="some difficulties" modality="FACTUAL" polarity="POS" type="PROBLEM" />
<EVENT id="E63" start="2640" end="2649" text="confusion" modality="FACTUAL" polarity="POS" type="PROBLEM" />
<EVENT id="E64" start="2732" end="2751" text="a sundowning effect" modality="FACTUAL" polarity="POS" type="PROBLEM" />
<EVENT id="E65" start="2754" end="2768" text="These problems" modality="FACTUAL" polarity="POS" type="PROBLEM" />
<EVENT id="E66" start="2831" end="2836" text="lucid" modality="FACTUAL" polarity="POS" type="PROBLEM" />
<EVENT id="E67" start="2841" end="2846" text="alert" modality="FACTUAL" polarity="POS" type="OCCURRENCE" />
<EVENT id="E68" start="2868" end="2885" text="her hospital stay" modality="FACTUAL" polarity="POS" type="OCCURRENCE" />
<EVENT id="E69" start="2897" end="2913" text="pathology report" modality="FACTUAL" polarity="POS" type="TEST" />
<EVENT id="E70" start="2937" end="2946" text="discharge" modality="FACTUAL" polarity="POS" type="OCCURRENCE" />
<EVENT id="E71" start="2953" end="2961" text="revealed" modality="FACTUAL" polarity="POS" type="EVIDENTIAL" />
<EVENT id="E72" start="2962" end="3009" text="poorly differentiated adenocarcinoma ulcerating" modality="FACTUAL" polarity="POS" type="PROBLEM" />
<EVENT id="E73" start="3032" end="3071" text="the wall into the serosa of the stomach" modality="FACTUAL" polarity="POS" type="PROBLEM" />
<EVENT id="E74" start="3074" end="3094" text="Metastatic carcinoma" modality="FACTUAL" polarity="POS" type="PROBLEM" />
<EVENT id="E75" start="3131" end="3160" text="The gastric resection margins" modality="FACTUAL" polarity="POS" type="TREATMENT" />
<EVENT id="E76" start="3174" end="3183" text="carcinoma" modality="FACTUAL" polarity="POS" type="PROBLEM" />
<EVENT id="E77" start="3210" end="3219" text="discharge" modality="FACTUAL" polarity="POS" type="OCCURRENCE" />
<EVENT id="E78" start="3256" end="3260" text="well" modality="FACTUAL" polarity="POS" type="OCCURRENCE" />
<EVENT id="E79" start="3283" end="3292" text="discharge" modality="FACTUAL" polarity="POS" type="OCCURRENCE" />
<EVENT id="E80" start="3297" end="3307" text="complained" modality="FACTUAL" polarity="POS" type="EVIDENTIAL" />
<EVENT id="E81" start="3311" end="3323" text="some dysuria" modality="FACTUAL" polarity="POS" type="PROBLEM" />
<EVENT id="E82" start="3326" end="3342" text="a urine specimen" modality="FACTUAL" polarity="POS" type="PROBLEM" />
<EVENT id="E83" start="3364" end="3370" text="showed" modality="FACTUAL" polarity="POS" type="EVIDENTIAL" />
<EVENT id="E84" start="3371" end="3391" text="numerous white cells" modality="FACTUAL" polarity="POS" type="PROBLEM" />
<EVENT id="E85" start="3408" end="3433" text="a urinary tract infection" modality="FACTUAL" polarity="POS" type="PROBLEM" />
<EVENT id="E86" start="3467" end="3474" text="Bactrim" modality="FACTUAL" polarity="POS" type="TREATMENT" />
<EVENT id="E87" start="3483" end="3490" text="culture" modality="FACTUAL" polarity="POS" type="TEST" />
<EVENT id="E88" start="3593" end="3603" text="discharged" modality="FACTUAL" polarity="POS" type="OCCURRENCE" />
<EVENT id="E89" start="3632" end="3641" text="follow-up" modality="FACTUAL" polarity="POS" type="OCCURRENCE" />
<EVENT id="E90" start="3645" end="3667" text="her regular physicians" modality="FACTUAL" polarity="POS" type="OCCURRENCE" />
<TIMEX3 id="T1" start="18" end="26" text="01-11-92" type="DATE" val="1992-01-11" mod="NA" />
<TIMEX3 id="T2" start="44" end="52" text="01-22-92" type="DATE" val="1992-01-22" mod="NA" />
<TIMEX3 id="T3" start="163" end="170" text="3 month" type="DURATION" val="P3M" mod="NA" />
<TIMEX3 id="T4" start="601" end="624" text="the past several months" type="DURATION" val="P3M" mod="APPROX" />
<TIMEX3 id="T5" start="746" end="753" text="1/12/92" type="DATE" val="1992-01-12" mod="NA" />
<TIMEX3 id="T6" start="1838" end="1865" text="the first postoperative day" type="DATE" val="1992-01-13" mod="NA" />
<TIMEX3 id="T7" start="1881" end="1889" text="the time" type="DATE" val="1992-01-12" mod="NA" />
<TIMEX3 id="T8" start="2024" end="2049" text="the 3rd postoperative day" type="DATE" val="1992-01-15" mod="NA" />
<TIMEX3 id="T9" start="2271" end="2278" text="the day" type="DATE" val="1992-01-11" mod="NA" />
<TIMEX3 id="T10" start="2397" end="2405" text="the time" type="DATE" val="1992-01-11" mod="NA" />
<TIMEX3 id="T11" start="2556" end="2582" text="the 10th postoperative day" type="DATE" val="1992-01-22" mod="NA" />
<TIMEX3 id="T12" start="2796" end="2813" text="postoperative day" type="DATE" val="1992-01-13" mod="NA" />
<TIMEX3 id="T13" start="3223" end="3249" text="the 11th postoperative day" type="DATE" val="1992-01-23" mod="NA" />
<TIMEX3 id="T14" start="3266" end="3273" text="the day" type="DATE" val="1992-01-11" mod="NA" />
<TLINK id="TL1" fromID="E1" fromText="ADMISSION" toID="T1" toText="01-11-92" type="OVERLAP" />
<TLINK id="TL3" fromID="E2" fromText="DISCHARGE" toID="T2" toText="01-22-92" type="OVERLAP" />
<TLINK id="TL4" fromID="T3" fromText="3 month" toID="E3" toText="presents" type="BEFORE" />
<TLINK id="TL5" fromID="E4" fromText="dysphagia" toID="T3" toText="3 month" type="OVERLAP" />
<TLINK id="TL6" fromID="E5" fromText="A subsequent workup" toID="E4" toText="dysphagia" type="OVERLAP" />
<TLINK id="TL7" fromID="E6" fromText="upper gastrointestinal series" toID="E5" toText="A subsequent workup" type="OVERLAP" />
<TLINK id="TL8" fromID="E7" fromText="abdominal computerized tomography scan" toID="E5" toText="A subsequent workup" type="OVERLAP" />
<TLINK id="TL9" fromID="E8" fromText="a gastric mass" toID="E7" toText="abdominal computerized tomography scan" type="BEFORE" />
<TLINK id="TL10" fromID="E8" fromText="a gastric mass" toID="E9" toText="Endoscopy" type="OVERLAP" />
<TLINK id="TL11" fromID="E9" fromText="Endoscopy" toID="E10" toText="biopsy" type="OVERLAP" />
<TLINK id="TL12" fromID="E11" fromText="revealed" toID="E10" toText="biopsy" type="OVERLAP" />
<TLINK id="TL13" fromID="E12" fromText="gastric carcinoma" toID="E11" toText="revealed" type="BEFORE" />
<TLINK id="TL14" fromID="E13" fromText="the body of the stomach" toID="E12" toText="gastric carcinoma" type="OVERLAP" />
<TLINK id="TL15" fromID="E13" fromText="the body of the stomach" toID="E14" toText="resection" type="BEFORE" />
<TLINK id="TL16" fromID="E15" fromText="this carcinoma" toID="E14" toText="resection" type="BEFORE" />
<TLINK id="TL17" fromID="E15" fromText="this carcinoma" toID="E16" toText="reports" type="OVERLAP" />
<TLINK id="TL18" fromID="E17" fromText="a 10 pound weight loss" toID="E16" toText="reports" type="BEFORE" />
<TLINK id="TL19" fromID="E17" fromText="a 10 pound weight loss" toID="T4" toText="the past several months" type="OVERLAP" />
<TLINK id="TL20" fromID="E16" fromText="reports" toID="E18" toText="denies" type="OVERLAP" />
<TLINK id="TL21" fromID="E19" fromText="any abdominal pain" toID="E18" toText="denies" type="BEFORE" />
<TLINK id="TL22" fromID="E20" fromText="admitted" toID="T5" toText="1/12/92" type="OVERLAP" />
<TLINK id="TL23" fromID="E21" fromText="the operating room" toID="T5" toText="1/12/92" type="OVERLAP" />
<TLINK id="TL24" fromID="E22" fromText="a neart total gastrectomy" toID="E21" toText="the operating room" type="OVERLAP" />
<TLINK id="TL25" fromID="E23" fromText="a retrocolic Bill-Roth II gastrojejunostomy reconstruction" toID="E22" toText="a neart total gastrectomy" type="OVERLAP" />
<TLINK id="TL26" fromID="E24" fromText="a small ventral hernia" toID="E23" toText="a retrocolic Bill-Roth II gastrojejunostomy reconstruction" type="BEFORE" />
<TLINK id="TL27" fromID="E24" fromText="a small ventral hernia" toID="E25" toText="noted" type="OVERLAP" />
<TLINK id="TL28" fromID="E26" fromText="abdominal exploration" toID="E25" toText="noted" type="OVERLAP" />
<TLINK id="TL29" fromID="E27" fromText="surgical incision" toID="E26" toText="abdominal exploration" type="BEFORE" />
<TLINK id="TL30" fromID="E27" fromText="surgical incision" toID="E28" toText="repaired" type="BEFORE" />
<TLINK id="TL31" fromID="E29" fromText="A needle jejunostomy catheter" toID="E28" toText="repaired" type="OVERLAP" />
<TLINK id="TL32" fromID="E30" fromText="her operation" toID="E29" toText="A needle jejunostomy catheter" type="OVERLAP" />
<TLINK id="TL33" fromID="E31" fromText="the cancer" toID="E30" toText="her operation" type="AFTER" />
<TLINK id="TL34" fromID="E32" fromText="a large mass" toID="E31" toText="the cancer" type="OVERLAP" />
<TLINK id="TL35" fromID="E33" fromText="several perigastric lymph nodes" toID="E32" toText="a large mass" type="OVERLAP" />
<TLINK id="TL36" fromID="E34" fromText="metastatic spread" toID="E35" toText="the liver" type="OVERLAP" />
<TLINK id="TL37" fromID="E35" fromText="the liver" toID="E36" toText="tolerated" type="OVERLAP" />
<TLINK id="TL38" fromID="E36" fromText="tolerated" toID="E37" toText="the procedure" type="OVERLAP" />
<TLINK id="TL39" fromID="E38" fromText="the recovery room" toID="E37" toText="the procedure" type="AFTER" />
<TLINK id="TL40" fromID="E39" fromText="good condition" toID="E38" toText="the recovery room" type="BEFORE" />
<TLINK id="TL41" fromID="E40" fromText="the most part unremarkable" toID="E38" toText="the recovery room" type="OVERLAP" />
<TLINK id="TL42" fromID="E41" fromText="Her wounds" toID="E40" toText="the most part unremarkable" type="OVERLAP" />
<TLINK id="TL43" fromID="E42" fromText="incident" toID="E41" toText="Her wounds" type="OVERLAP" />
<TLINK id="TL44" fromID="E42" fromText="incident" toID="E43" toText="the needle jejunostomy tube" type="OVERLAP" />
<TLINK id="TL45" fromID="E43" fromText="the needle jejunostomy tube" toID="T6" toText="the first postoperative day" type="OVERLAP" />
<TLINK id="TL46" fromID="T7" fromText="the time" toID="T6" toText="the first postoperative day" type="OVERLAP" />
<TLINK id="TL47" fromID="T7" fromText="the time" toID="E44" toText="discharge" type="OVERLAP" />
<TLINK id="TL48" fromID="E45" fromText="tolerated" toID="E44" toText="discharge" type="OVERLAP" />
<TLINK id="TL49" fromID="E46" fromText="difficulty" toID="E45" toText="tolerated" type="OVERLAP" />
<TLINK id="TL50" fromID="E47" fromText="The patient 's nasogastric tube" toID="E45" toText="tolerated" type="OVERLAP" />
<TLINK id="TL51" fromID="E47" fromText="The patient 's nasogastric tube" toID="T8" toText="the 3rd postoperative day" type="OVERLAP" />
<TLINK id="TL52" fromID="E48" fromText="flatus" toID="T8" toText="the 3rd postoperative day" type="OVERLAP" />
<TLINK id="TL53" fromID="E49" fromText="bowel sounds" toID="E48" toText="flatus" type="OVERLAP" />
<TLINK id="TL54" fromID="E50" fromText="a liquid diet" toID="E49" toText="bowel sounds" type="AFTER" />
<TLINK id="TL55" fromID="E50" fromText="a liquid diet" toID="E51" toText="advanced" type="OVERLAP" />
<TLINK id="TL56" fromID="E52" fromText="numerous small meals" toID="E51" toText="advanced" type="OVERLAP" />
<TLINK id="TL57" fromID="E52" fromText="numerous small meals" toID="T9" toText="the day" type="OVERLAP" />
<TLINK id="TL58" fromID="E53" fromText="Her ambulation" toID="T9" toText="the day" type="OVERLAP" />
<TLINK id="TL59" fromID="E54" fromText="mobilization increased" toID="E53" toText="Her ambulation" type="OVERLAP" />
<TLINK id="TL60" fromID="E54" fromText="mobilization increased" toID="T10" toText="the time" type="OVERLAP" />
<TLINK id="TL61" fromID="T10" fromText="the time" toID="E55" toText="discharge" type="OVERLAP" />
<TLINK id="TL62" fromID="E56" fromText="walking" toID="E55" toText="discharge" type="BEFORE" />
<TLINK id="TL63" fromID="E56" fromText="walking" toID="E57" toText="assistance" type="OVERLAP" />
<TLINK id="TL64" fromID="E58" fromText="her wounds" toID="E57" toText="assistance" type="OVERLAP" />
<TLINK id="TL65" fromID="E59" fromText="incident" toID="E58" toText="her wounds" type="OVERLAP" />
<TLINK id="TL66" fromID="E59" fromText="incident" toID="E60" toText="the staples" type="OVERLAP" />
<TLINK id="TL67" fromID="E60" fromText="the staples" toID="T11" toText="the 10th postoperative day" type="OVERLAP" />
<TLINK id="TL68" fromID="E61" fromText="discharge" toID="T11" toText="the 10th postoperative day" type="OVERLAP" />
<TLINK id="TL69" fromID="E62" fromText="some difficulties" toID="E61" toText="discharge" type="BEFORE" />
<TLINK id="TL70" fromID="E63" fromText="confusion" toID="E62" toText="some difficulties" type="OVERLAP" />
<TLINK id="TL71" fromID="E64" fromText="a sundowning effect" toID="E63" toText="confusion" type="OVERLAP" />
<TLINK id="TL72" fromID="E65" fromText="These problems" toID="E63" toText="confusion" type="OVERLAP" />
<TLINK id="TL73" fromID="E65" fromText="These problems" toID="T12" toText="postoperative day" type="OVERLAP" />
<TLINK id="TL74" fromID="E66" fromText="lucid" toID="T12" toText="postoperative day" type="OVERLAP" />
<TLINK id="TL75" fromID="E66" fromText="lucid" toID="E67" toText="alert" type="OVERLAP" />
<TLINK id="TL76" fromID="E67" fromText="alert" toID="E68" toText="her hospital stay" type="OVERLAP" />
<TLINK id="TL77" fromID="E69" fromText="pathology report" toID="E68" toText="her hospital stay" type="OVERLAP" />
<TLINK id="TL78" fromID="E69" fromText="pathology report" toID="E70" toText="discharge" type="OVERLAP" />
<TLINK id="TL79" fromID="E70" fromText="discharge" toID="E71" toText="revealed" type="OVERLAP" />
<TLINK id="TL80" fromID="E72" fromText="poorly differentiated adenocarcinoma ulcerating" toID="E71" toText="revealed" type="BEFORE" />
<TLINK id="TL81" fromID="E73" fromText="the wall into the serosa of the stomach" toID="E72" toText="poorly differentiated adenocarcinoma ulcerating" type="OVERLAP" />
<TLINK id="TL82" fromID="E74" fromText="Metastatic carcinoma" toID="E73" toText="the wall into the serosa of the stomach" type="OVERLAP" />
<TLINK id="TL83" fromID="E74" fromText="Metastatic carcinoma" toID="E75" toText="The gastric resection margins" type="OVERLAP" />
<TLINK id="TL84" fromID="E76" fromText="carcinoma" toID="E75" toText="The gastric resection margins" type="BEFORE" />
<TLINK id="TL85" fromID="E76" fromText="carcinoma" toID="E77" toText="discharge" type="OVERLAP" />
<TLINK id="TL86" fromID="E77" fromText="discharge" toID="T13" toText="the 11th postoperative day" type="OVERLAP" />
<TLINK id="TL87" fromID="E78" fromText="well" toID="T13" toText="the 11th postoperative day" type="OVERLAP" />
<TLINK id="TL88" fromID="E78" fromText="well" toID="T14" toText="the day" type="OVERLAP" />
<TLINK id="TL89" fromID="T14" fromText="the day" toID="E79" toText="discharge" type="OVERLAP" />
<TLINK id="TL90" fromID="E80" fromText="complained" toID="E79" toText="discharge" type="OVERLAP" />
<TLINK id="TL91" fromID="E81" fromText="some dysuria" toID="E80" toText="complained" type="BEFORE" />
<TLINK id="TL92" fromID="E82" fromText="a urine specimen" toID="E81" toText="some dysuria" type="OVERLAP" />
<TLINK id="TL93" fromID="E80" fromText="complained" toID="E83" toText="showed" type="OVERLAP" />
<TLINK id="TL94" fromID="E84" fromText="numerous white cells" toID="E83" toText="showed" type="BEFORE" />
<TLINK id="TL95" fromID="E85" fromText="a urinary tract infection" toID="E84" toText="numerous white cells" type="OVERLAP" />
<TLINK id="TL96" fromID="E85" fromText="a urinary tract infection" toID="E86" toText="Bactrim" type="BEFORE" />
<TLINK id="TL97" fromID="E86" fromText="Bactrim" toID="E87" toText="culture" type="OVERLAP" />
<TLINK id="TL98" fromID="E88" fromText="discharged" toID="E87" toText="culture" type="AFTER" />
<TLINK id="TL99" fromID="E89" fromText="follow-up" toID="E88" toText="discharged" type="AFTER" />
<TLINK id="TL100" fromID="E89" fromText="follow-up" toID="E90" toText="her regular physicians" type="OVERLAP" />
<TLINK id="SECTIME0" fromID="E1" fromText="ADMISSION" toID="T1" toText="01-11-92" type="BEFORE" />
<TLINK id="SECTIME1" fromID="E2" fromText="DISCHARGE" toID="T1" toText="01-11-92" type="BEFORE" />
<TLINK id="SECTIME2" fromID="E3" fromText="presents" toID="T1" toText="01-11-92" type="OVERLAP" />
<TLINK id="SECTIME3" fromID="E4" fromText="dysphagia" toID="T1" toText="01-11-92" type="BEFORE" />
<TLINK id="SECTIME4" fromID="E5" fromText="A subsequent workup" toID="T1" toText="01-11-92" type="BEFORE" />
<TLINK id="SECTIME5" fromID="E6" fromText="upper gastrointestinal series" toID="T1" toText="01-11-92" type="BEFORE" />
<TLINK id="SECTIME6" fromID="E7" fromText="abdominal computerized tomography scan" toID="T1" toText="01-11-92" type="BEFORE" />
<TLINK id="SECTIME7" fromID="E8" fromText="a gastric mass" toID="T1" toText="01-11-92" type="BEFORE" />
<TLINK id="SECTIME8" fromID="E9" fromText="Endoscopy" toID="T1" toText="01-11-92" type="BEFORE" />
<TLINK id="SECTIME9" fromID="E10" fromText="biopsy" toID="T1" toText="01-11-92" type="BEFORE" />
<TLINK id="SECTIME10" fromID="E11" fromText="revealed" toID="T1" toText="01-11-92" type="BEFORE" />
<TLINK id="SECTIME11" fromID="E12" fromText="gastric carcinoma" toID="T1" toText="01-11-92" type="BEFORE" />
<TLINK id="SECTIME12" fromID="E13" fromText="the body of the stomach" toID="T1" toText="01-11-92" type="BEFORE" />
<TLINK id="SECTIME13" fromID="E14" fromText="resection" toID="T1" toText="01-11-92" type="BEFORE" />
<TLINK id="SECTIME14" fromID="E15" fromText="this carcinoma" toID="T1" toText="01-11-92" type="BEFORE" />
<TLINK id="SECTIME15" fromID="E16" fromText="reports" toID="T1" toText="01-11-92" type="OVERLAP" />
<TLINK id="SECTIME16" fromID="E17" fromText="a 10 pound weight loss" toID="T1" toText="01-11-92" type="BEFORE" />
<TLINK id="SECTIME17" fromID="E18" fromText="denies" toID="T1" toText="01-11-92" type="OVERLAP" />
<TLINK id="SECTIME18" fromID="E19" fromText="any abdominal pain" toID="T1" toText="01-11-92" type="BEFORE" />
<TLINK id="SECTIME19" fromID="E20" fromText="admitted" toID="T2" toText="01-22-92" type="BEFORE" />
<TLINK id="SECTIME20" fromID="E21" fromText="the operating room" toID="T2" toText="01-22-92" type="BEFORE" />
<TLINK id="SECTIME21" fromID="E22" fromText="a neart total gastrectomy" toID="T2" toText="01-22-92" type="BEFORE" />
<TLINK id="SECTIME22" fromID="E23" fromText="a retrocolic Bill-Roth II gastrojejunostomy reconstruction" toID="T2" toText="01-22-92" type="BEFORE" />
<TLINK id="SECTIME23" fromID="E24" fromText="a small ventral hernia" toID="T2" toText="01-22-92" type="BEFORE" />
<TLINK id="SECTIME24" fromID="E25" fromText="noted" toID="T2" toText="01-22-92" type="BEFORE" />
<TLINK id="SECTIME25" fromID="E26" fromText="abdominal exploration" toID="T2" toText="01-22-92" type="BEFORE" />
<TLINK id="SECTIME26" fromID="E27" fromText="surgical incision" toID="T2" toText="01-22-92" type="BEFORE" />
<TLINK id="SECTIME27" fromID="E28" fromText="repaired" toID="T2" toText="01-22-92" type="BEFORE" />
<TLINK id="SECTIME28" fromID="E29" fromText="A needle jejunostomy catheter" toID="T2" toText="01-22-92" type="OVERLAP" />
<TLINK id="SECTIME29" fromID="E30" fromText="her operation" toID="T2" toText="01-22-92" type="BEFORE" />
<TLINK id="SECTIME30" fromID="E31" fromText="the cancer" toID="T2" toText="01-22-92" type="BEFORE" />
<TLINK id="SECTIME31" fromID="E32" fromText="a large mass" toID="T2" toText="01-22-92" type="BEFORE" />
<TLINK id="SECTIME32" fromID="E33" fromText="several perigastric lymph nodes" toID="T2" toText="01-22-92" type="BEFORE" />
<TLINK id="SECTIME33" fromID="E34" fromText="metastatic spread" toID="T2" toText="01-22-92" type="BEFORE" />
<TLINK id="SECTIME34" fromID="E35" fromText="the liver" toID="T2" toText="01-22-92" type="BEFORE" />
<TLINK id="SECTIME35" fromID="E36" fromText="tolerated" toID="T2" toText="01-22-92" type="BEFORE" />
<TLINK id="SECTIME36" fromID="E37" fromText="the procedure" toID="T2" toText="01-22-92" type="BEFORE" />
<TLINK id="SECTIME37" fromID="E38" fromText="the recovery room" toID="T2" toText="01-22-92" type="BEFORE" />
<TLINK id="SECTIME38" fromID="E39" fromText="good condition" toID="T2" toText="01-22-92" type="BEFORE" />
<TLINK id="SECTIME39" fromID="E40" fromText="the most part unremarkable" toID="T2" toText="01-22-92" type="BEFORE" />
<TLINK id="SECTIME40" fromID="E41" fromText="Her wounds" toID="T2" toText="01-22-92" type="BEFORE" />
<TLINK id="SECTIME41" fromID="E42" fromText="incident" toID="T2" toText="01-22-92" type="BEFORE" />
<TLINK id="SECTIME42" fromID="E43" fromText="the needle jejunostomy tube" toID="T2" toText="01-22-92" type="OVERLAP" />
<TLINK id="SECTIME43" fromID="E44" fromText="discharge" toID="T2" toText="01-22-92" type="BEFORE" />
<TLINK id="SECTIME44" fromID="E45" fromText="tolerated" toID="T2" toText="01-22-92" type="BEFORE" />
<TLINK id="SECTIME45" fromID="E46" fromText="difficulty" toID="T2" toText="01-22-92" type="BEFORE" />
<TLINK id="SECTIME46" fromID="E47" fromText="The patient 's nasogastric tube" toID="T2" toText="01-22-92" type="BEFORE" />
<TLINK id="SECTIME47" fromID="E48" fromText="flatus" toID="T2" toText="01-22-92" type="BEFORE" />
<TLINK id="SECTIME48" fromID="E49" fromText="bowel sounds" toID="T2" toText="01-22-92" type="BEFORE" />
<TLINK id="SECTIME49" fromID="E50" fromText="a liquid diet" toID="T2" toText="01-22-92" type="BEFORE" />
<TLINK id="SECTIME50" fromID="E51" fromText="advanced" toID="T2" toText="01-22-92" type="BEFORE" />
<TLINK id="SECTIME51" fromID="E52" fromText="numerous small meals" toID="T2" toText="01-22-92" type="BEFORE" />
<TLINK id="SECTIME52" fromID="E53" fromText="Her ambulation" toID="T2" toText="01-22-92" type="BEFORE" />
<TLINK id="SECTIME53" fromID="E54" fromText="mobilization increased" toID="T2" toText="01-22-92" type="BEFORE" />
<TLINK id="SECTIME54" fromID="E55" fromText="discharge" toID="T2" toText="01-22-92" type="BEFORE" />
<TLINK id="SECTIME55" fromID="E56" fromText="walking" toID="T2" toText="01-22-92" type="BEFORE" />
<TLINK id="SECTIME56" fromID="E57" fromText="assistance" toID="T2" toText="01-22-92" type="BEFORE" />
<TLINK id="SECTIME57" fromID="E58" fromText="her wounds" toID="T2" toText="01-22-92" type="BEFORE" />
<TLINK id="SECTIME58" fromID="E59" fromText="incident" toID="T2" toText="01-22-92" type="BEFORE" />
<TLINK id="SECTIME59" fromID="E60" fromText="the staples" toID="T2" toText="01-22-92" type="BEFORE" />
<TLINK id="SECTIME60" fromID="E61" fromText="discharge" toID="T2" toText="01-22-92" type="OVERLAP" />
<TLINK id="SECTIME61" fromID="E62" fromText="some difficulties" toID="T2" toText="01-22-92" type="BEFORE" />
<TLINK id="SECTIME62" fromID="E63" fromText="confusion" toID="T2" toText="01-22-92" type="BEFORE" />
<TLINK id="SECTIME63" fromID="E64" fromText="a sundowning effect" toID="T2" toText="01-22-92" type="BEFORE" />
<TLINK id="SECTIME64" fromID="E65" fromText="These problems" toID="T2" toText="01-22-92" type="BEFORE" />
<TLINK id="SECTIME65" fromID="E66" fromText="lucid" toID="T2" toText="01-22-92" type="BEFORE" />
<TLINK id="SECTIME66" fromID="E67" fromText="alert" toID="T2" toText="01-22-92" type="BEFORE" />
<TLINK id="SECTIME67" fromID="E68" fromText="her hospital stay" toID="T2" toText="01-22-92" type="BEFORE" />
<TLINK id="SECTIME68" fromID="E69" fromText="pathology report" toID="T2" toText="01-22-92" type="BEFORE" />
<TLINK id="SECTIME69" fromID="E70" fromText="discharge" toID="T2" toText="01-22-92" type="BEFORE" />
<TLINK id="SECTIME70" fromID="E71" fromText="revealed" toID="T2" toText="01-22-92" type="BEFORE" />
<TLINK id="SECTIME71" fromID="E72" fromText="poorly differentiated adenocarcinoma ulcerating" toID="T2" toText="01-22-92" type="BEFORE" />
<TLINK id="SECTIME72" fromID="E73" fromText="the wall into the serosa of the stomach" toID="T2" toText="01-22-92" type="BEFORE" />
<TLINK id="SECTIME73" fromID="E74" fromText="Metastatic carcinoma" toID="T2" toText="01-22-92" type="BEFORE" />
<TLINK id="SECTIME74" fromID="E75" fromText="The gastric resection margins" toID="T2" toText="01-22-92" type="BEFORE" />
<TLINK id="SECTIME75" fromID="E76" fromText="carcinoma" toID="T2" toText="01-22-92" type="BEFORE" />
<TLINK id="SECTIME76" fromID="E77" fromText="discharge" toID="T2" toText="01-22-92" type="BEFORE" />
<TLINK id="SECTIME77" fromID="E78" fromText="well" toID="T2" toText="01-22-92" type="BEFORE" />
<TLINK id="SECTIME78" fromID="E79" fromText="discharge" toID="T2" toText="01-22-92" type="OVERLAP" />
<TLINK id="SECTIME79" fromID="E80" fromText="complained" toID="T2" toText="01-22-92" type="BEFORE" />
<TLINK id="SECTIME80" fromID="E81" fromText="some dysuria" toID="T2" toText="01-22-92" type="BEFORE" />
<TLINK id="SECTIME81" fromID="E82" fromText="a urine specimen" toID="T2" toText="01-22-92" type="BEFORE" />
<TLINK id="SECTIME82" fromID="E83" fromText="showed" toID="T2" toText="01-22-92" type="BEFORE" />
<TLINK id="SECTIME83" fromID="E84" fromText="numerous white cells" toID="T2" toText="01-22-92" type="BEFORE" />
<TLINK id="SECTIME84" fromID="E85" fromText="a urinary tract infection" toID="T2" toText="01-22-92" type="BEFORE" />
<TLINK id="SECTIME85" fromID="E86" fromText="Bactrim" toID="T2" toText="01-22-92" type="BEFORE" />
<TLINK id="SECTIME86" fromID="E87" fromText="culture" toID="T2" toText="01-22-92" type="BEFORE" />
<TLINK id="SECTIME87" fromID="E88" fromText="discharged" toID="T2" toText="01-22-92" type="OVERLAP" />
<TLINK id="SECTIME88" fromID="E89" fromText="follow-up" toID="T2" toText="01-22-92" type="AFTER" />
<TLINK id="SECTIME89" fromID="E90" fromText="her regular physicians" toID="T2" toText="01-22-92" type="BEFORE" />
<SECTIME id="S0" start="18" end="26" text="01-11-92" type="ADMISSION" dvalue="1992-01-11" />
<SECTIME id="S1" start="44" end="52" text="01-22-92" type="DISCHARGE" dvalue="1992-01-22" />
</TAGS>
</ClinicalNarrativeTemporalAnnotation>

