<?xml version="1.0" encoding="UTF-8" ?>
<ClinicalNarrativeTemporalAnnotation>
<TEXT><![CDATA[
ADMISSION DATE :
12/16/97
DISCHARGE DATE :
01/16/98
HISTORY OF PRESENT ILLNESS :
The patient was a 53-year-old male with a longstanding history of renal disease with multiple complications and problems related to vascular access and hypercoagulable state .
These culminated in an attempted cadaveric kidney transplant undertaken on 12/16/97 , which was complicated by thrombosis and necrosis of the cadaveric renal vein within 24 hours .
This required a transplant nephrectomy .
HOSPITAL COURSE AND TREATMENT :
The patient &apos;s course was subsequently characterized by recurrent pneumonias , possibly due to aspiration , and by hemodynamic instability .
He was transferred to the Medical Intensive Care Unit from the Transplant Service for ventilatory management in the setting of hypotension .
On transfer , the patient was not sedated , but was unresponsive and extremely dyssynchronous with the ventilator .
The patient was found to have substantial auto PEEP with an elevated dead space .
A pulmonary arteriogram on 01/03/98 demonstrated multiple pulmonary emboli , likely less than one week old , possibly introduced at the time of the renal vein thrombosis of 12/19/97 .
An inferior vena cava filter was placed ; lower extremity noninvasive studies were negative .
The patient required high pressures to ventilate adequately , possibly related to an abdominal compartment syndrome .
The patient had undergone two abdominal procedures following explantation .
The physiology at the time of transfer to the Medical Intensive Care Unit was consistent with a septic process .
CT scan demonstrated retroperitoneal collection containing both free air and extravasated contrast material .
For the concern of a perforated viscus , the patient was taken to exploratory laparotomy on 01/06/98 , during which the bowel was run without evidence of perforation .
The patient remained unstable .
He was taken to fluoroscopy , where oral contrast was demonstrated to be extravasating through a posterior duodenum .
For this reason , he was taken again to the operating room on 01/08/98 , at which time a gastrojejunostomy was performed with stapling across the gastroduodenal junction , introduction of five Jackson-Pratt drains into the retroperitoneal mass , cholecystotomy tube , gastrostomy tube , and jejunostomy tube .
The patient had an extensive estimated blood loss requiring multiple blood products and fluid resuscitation therapy .
Accompanying this during this period were elevations in liver function studies and amylase and lipase consistent with pancreatic inflammation .
The patient was aggressively treated with fluid resuscitation and pressors for his septic physiology .
There was no evidence of cardiac tamponade or specific underlying coronary dysfunction .
He was treated with appropriate antibiotics for his Serratia pneumonia , as well as for his abdominal process .
The patient was felt to have an underlying hypercoagulable state , thought to be the source for the repeated clots .
Because of the bleeding problems , however , it was felt that full heparinization would not be prudent , and the patient was treated with pneumo-boots and subcutaneous heparin .
Attention was paid to a variety of metabolic and electrolyte abnormalities , which were corrected appropriately .
Nonetheless , Mr. Less continued to remain critically ill with only very transient mild improvement with drainage of additional retroperitoneal fluid .
He remained pressor dependent , as well as dependent upon mechanical ventilatory assistance .
His course was complicated by atrial fibrillation requiring cardioversion .
He had an ongoing requirement for high volume resuscitation and was persistently acidotic despite CV-VVH in the face of bicarbonate replenishment .
The patient also appeared to have stool from his Jackson-Pratt site and right oblique incision .
Bloody drainage from his increasingly distended abdomen was noted .
Extensive discussions were carried out with Mrs. Less condition was irretrievable .
It was felt that the patient had continued massive retroperitoneal contamination and probable multiple enteric fistulae from an ischemic bowel .
Dr. Cantsleddjesc felt that no surgical approach to this problem or further intervention or radiologic procedures would be helpful .
All physicians and the family were in agreement that the most appropriate approach was to institute comfort measures .
This was done , and the patient appeared to be comfortable at the time of death with his family at his side on 1/16/98 .
]]></TEXT>
<TAGS>
<EVENT id="E1" start="1" end="10" text="ADMISSION" modality="FACTUAL" polarity="POS" type="OCCURRENCE" />
<EVENT id="E2" start="27" end="36" text="DISCHARGE" modality="FACTUAL" polarity="POS" type="OCCURRENCE" />
<EVENT id="E3" start="148" end="161" text="renal disease" modality="FACTUAL" polarity="POS" type="PROBLEM" />
<EVENT id="E4" start="167" end="189" text="multiple complications" modality="FACTUAL" polarity="POS" type="PROBLEM" />
<EVENT id="E5" start="194" end="210" text="problems related" modality="FACTUAL" polarity="POS" type="PROBLEM" />
<EVENT id="E6" start="214" end="229" text="vascular access" modality="FACTUAL" polarity="POS" type="OCCURRENCE" />
<EVENT id="E7" start="234" end="255" text="hypercoagulable state" modality="FACTUAL" polarity="POS" type="PROBLEM" />
<EVENT id="E8" start="258" end="274" text="These culminated" modality="FACTUAL" polarity="POS" type="OCCURRENCE" />
<EVENT id="E9" start="278" end="318" text="an attempted cadaveric kidney transplant" modality="FACTUAL" polarity="POS" type="TREATMENT" />
<EVENT id="E10" start="369" end="379" text="thrombosis" modality="FACTUAL" polarity="POS" type="PROBLEM" />
<EVENT id="E11" start="384" end="392" text="necrosis" modality="FACTUAL" polarity="POS" type="PROBLEM" />
<EVENT id="E12" start="396" end="420" text="the cadaveric renal vein" modality="FACTUAL" polarity="POS" type="TREATMENT" />
<EVENT id="E13" start="453" end="477" text="a transplant nephrectomy" modality="FACTUAL" polarity="POS" type="TREATMENT" />
<EVENT id="E14" start="573" end="593" text="recurrent pneumonias" modality="FACTUAL" polarity="POS" type="PROBLEM" />
<EVENT id="E15" start="612" end="622" text="aspiration" modality="FACTUAL" polarity="POS" type="PROBLEM" />
<EVENT id="E16" start="632" end="655" text="hemodynamic instability" modality="FACTUAL" polarity="POS" type="PROBLEM" />
<EVENT id="E17" start="665" end="676" text="transferred" modality="FACTUAL" polarity="POS" type="OCCURRENCE" />
<EVENT id="E18" start="680" end="711" text="the Medical Intensive Care Unit" modality="FACTUAL" polarity="POS" type="CLINICAL_DEPT" />
<EVENT id="E19" start="744" end="766" text="ventilatory management" modality="FACTUAL" polarity="POS" type="TREATMENT" />
<EVENT id="E20" start="785" end="796" text="hypotension" modality="FACTUAL" polarity="POS" type="PROBLEM" />
<EVENT id="E21" start="802" end="810" text="transfer" modality="FACTUAL" polarity="POS" type="OCCURRENCE" />
<EVENT id="E22" start="833" end="840" text="sedated" modality="FACTUAL" polarity="NEG" type="TREATMENT" />
<EVENT id="E23" start="851" end="863" text="unresponsive" modality="FACTUAL" polarity="NEG" type="PROBLEM" />
<EVENT id="E24" start="868" end="892" text="extremely dyssynchronous" modality="FACTUAL" polarity="NEG" type="OCCURRENCE" />
<EVENT id="E25" start="898" end="912" text="the ventilator" modality="FACTUAL" polarity="POS" type="TREATMENT" />
<EVENT id="E26" start="945" end="966" text="substantial auto PEEP" modality="FACTUAL" polarity="POS" type="PROBLEM" />
<EVENT id="E27" start="972" end="994" text="an elevated dead space" modality="FACTUAL" polarity="POS" type="PROBLEM" />
<EVENT id="E28" start="997" end="1020" text="A pulmonary arteriogram" modality="FACTUAL" polarity="POS" type="TEST" />
<EVENT id="E29" start="1033" end="1045" text="demonstrated" modality="FACTUAL" polarity="POS" type="EVIDENTIAL" />
<EVENT id="E30" start="1046" end="1071" text="multiple pulmonary emboli" modality="FACTUAL" polarity="POS" type="PROBLEM" />
<EVENT id="E31" start="1141" end="1166" text="the renal vein thrombosis" modality="FACTUAL" polarity="POS" type="PROBLEM" />
<EVENT id="E32" start="1181" end="1209" text="An inferior vena cava filter" modality="FACTUAL" polarity="NEG" type="TREATMENT" />
<EVENT id="E33" start="1223" end="1258" text="lower extremity noninvasive studies" modality="FACTUAL" polarity="POS" type="TEST" />
<EVENT id="E34" start="1296" end="1310" text="high pressures" modality="FACTUAL" polarity="POS" type="TREATMENT" />
<EVENT id="E35" start="1357" end="1390" text="an abdominal compartment syndrome" modality="FACTUAL" polarity="POS" type="PROBLEM" />
<EVENT id="E36" start="1419" end="1443" text="two abdominal procedures" modality="FACTUAL" polarity="POS" type="TREATMENT" />
<EVENT id="E37" start="1454" end="1466" text="explantation" modality="FACTUAL" polarity="POS" type="TREATMENT" />
<EVENT id="E38" start="1499" end="1507" text="transfer" modality="FACTUAL" polarity="POS" type="OCCURRENCE" />
<EVENT id="E39" start="1511" end="1542" text="the Medical Intensive Care Unit" modality="FACTUAL" polarity="POS" type="CLINICAL_DEPT" />
<EVENT id="E40" start="1563" end="1579" text="a septic process" modality="FACTUAL" polarity="POS" type="PROBLEM" />
<EVENT id="E41" start="1582" end="1589" text="CT scan" modality="FACTUAL" polarity="POS" type="TEST" />
<EVENT id="E42" start="1590" end="1602" text="demonstrated" modality="FACTUAL" polarity="POS" type="EVIDENTIAL" />
<EVENT id="E43" start="1603" end="1629" text="retroperitoneal collection" modality="FACTUAL" polarity="POS" type="PROBLEM" />
<EVENT id="E44" start="1646" end="1654" text="free air" modality="FACTUAL" polarity="POS" type="PROBLEM" />
<EVENT id="E45" start="1659" end="1689" text="extravasated contrast material" modality="FACTUAL" polarity="POS" type="PROBLEM" />
<EVENT id="E46" start="1711" end="1730" text="a perforated viscus" modality="POSSIBLE" polarity="POS" type="PROBLEM" />
<EVENT id="E47" start="1758" end="1780" text="exploratory laparotomy" modality="FACTUAL" polarity="POS" type="TEST" />
<EVENT id="E48" start="1846" end="1857" text="perforation" modality="FACTUAL" polarity="POS" type="PROBLEM" />
<EVENT id="E49" start="1881" end="1889" text="unstable" modality="FACTUAL" polarity="POS" type="PROBLEM" />
<EVENT id="E50" start="1908" end="1919" text="fluoroscopy" modality="FACTUAL" polarity="POS" type="TEST" />
<EVENT id="E51" start="1928" end="1941" text="oral contrast" modality="FACTUAL" polarity="POS" type="TEST" />
<EVENT id="E52" start="1946" end="1958" text="demonstrated" modality="FACTUAL" polarity="POS" type="EVIDENTIAL" />
<EVENT id="E53" start="1965" end="1978" text="extravasating" modality="FACTUAL" polarity="POS" type="PROBLEM" />
<EVENT id="E54" start="1987" end="2007" text="a posterior duodenum" modality="FACTUAL" polarity="POS" type="OCCURRENCE" />
<EVENT id="E55" start="2050" end="2068" text="the operating room" modality="FACTUAL" polarity="POS" type="CLINICAL_DEPT" />
<EVENT id="E56" start="2097" end="2116" text="a gastrojejunostomy" modality="FACTUAL" polarity="POS" type="TREATMENT" />
<EVENT id="E57" start="2136" end="2144" text="stapling" modality="FACTUAL" polarity="POS" type="TREATMENT" />
<EVENT id="E58" start="2152" end="2179" text="the gastroduodenal junction" modality="FACTUAL" polarity="POS" type="TREATMENT" />
<EVENT id="E59" start="2182" end="2194" text="introduction" modality="FACTUAL" polarity="POS" type="TREATMENT" />
<EVENT id="E60" start="2198" end="2223" text="five Jackson-Pratt drains" modality="FACTUAL" polarity="POS" type="TREATMENT" />
<EVENT id="E61" start="2229" end="2253" text="the retroperitoneal mass" modality="FACTUAL" polarity="POS" type="PROBLEM" />
<EVENT id="E62" start="2256" end="2275" text="cholecystotomy tube" modality="FACTUAL" polarity="POS" type="TREATMENT" />
<EVENT id="E63" start="2278" end="2294" text="gastrostomy tube" modality="FACTUAL" polarity="POS" type="TREATMENT" />
<EVENT id="E64" start="2301" end="2317" text="jejunostomy tube" modality="FACTUAL" polarity="POS" type="TREATMENT" />
<EVENT id="E65" start="2336" end="2369" text="an extensive estimated blood loss" modality="FACTUAL" polarity="POS" type="PROBLEM" />
<EVENT id="E66" start="2380" end="2403" text="multiple blood products" modality="FACTUAL" polarity="POS" type="TREATMENT" />
<EVENT id="E67" start="2408" end="2435" text="fluid resuscitation therapy" modality="FACTUAL" polarity="POS" type="TREATMENT" />
<EVENT id="E68" start="2480" end="2516" text="elevations in liver function studies" modality="FACTUAL" polarity="POS" type="PROBLEM" />
<EVENT id="E69" start="2521" end="2528" text="amylase" modality="FACTUAL" polarity="POS" type="TEST" />
<EVENT id="E70" start="2533" end="2539" text="lipase" modality="FACTUAL" polarity="POS" type="TEST" />
<EVENT id="E71" start="2556" end="2579" text="pancreatic inflammation" modality="FACTUAL" polarity="POS" type="PROBLEM" />
<EVENT id="E72" start="2624" end="2643" text="fluid resuscitation" modality="FACTUAL" polarity="POS" type="TREATMENT" />
<EVENT id="E73" start="2648" end="2656" text="pressors" modality="FACTUAL" polarity="POS" type="TREATMENT" />
<EVENT id="E74" start="2661" end="2682" text="his septic physiology" modality="FACTUAL" polarity="POS" type="PROBLEM" />
<EVENT id="E75" start="2710" end="2727" text="cardiac tamponade" modality="FACTUAL" polarity="NEG" type="PROBLEM" />
<EVENT id="E76" start="2731" end="2771" text="specific underlying coronary dysfunction" modality="FACTUAL" polarity="NEG" type="PROBLEM" />
<EVENT id="E77" start="2794" end="2817" text="appropriate antibiotics" modality="FACTUAL" polarity="POS" type="TREATMENT" />
<EVENT id="E78" start="2822" end="2844" text="his Serratia pneumonia" modality="FACTUAL" polarity="POS" type="PROBLEM" />
<EVENT id="E79" start="2862" end="2883" text="his abdominal process" modality="FACTUAL" polarity="POS" type="PROBLEM" />
<EVENT id="E80" start="2915" end="2950" text="an underlying hypercoagulable state" modality="FACTUAL" polarity="POS" type="PROBLEM" />
<EVENT id="E81" start="2982" end="3000" text="the repeated clots" modality="FACTUAL" polarity="POS" type="PROBLEM" />
<EVENT id="E82" start="3014" end="3035" text="the bleeding problems" modality="FACTUAL" polarity="POS" type="PROBLEM" />
<EVENT id="E83" start="3065" end="3084" text="full heparinization" modality="FACTUAL" polarity="POS" type="TREATMENT" />
<EVENT id="E84" start="3141" end="3153" text="pneumo-boots" modality="FACTUAL" polarity="POS" type="TREATMENT" />
<EVENT id="E85" start="3158" end="3178" text="subcutaneous heparin" modality="FACTUAL" polarity="POS" type="TREATMENT" />
<EVENT id="E86" start="3216" end="3225" text="metabolic" modality="FACTUAL" polarity="POS" type="PROBLEM" />
<EVENT id="E87" start="3230" end="3255" text="electrolyte abnormalities" modality="FACTUAL" polarity="POS" type="PROBLEM" />
<EVENT id="E88" start="3269" end="3292" text="corrected appropriately" modality="FACTUAL" polarity="POS" type="OCCURRENCE" />
<EVENT id="E89" start="3363" end="3394" text="very transient mild improvement" modality="FACTUAL" polarity="POS" type="OCCURRENCE" />
<EVENT id="E90" start="3400" end="3444" text="drainage of additional retroperitoneal fluid" modality="FACTUAL" polarity="POS" type="PROBLEM" />
<EVENT id="E91" start="3459" end="3476" text="pressor dependent" modality="FACTUAL" polarity="POS" type="PROBLEM" />
<EVENT id="E92" start="3505" end="3538" text="mechanical ventilatory assistance" modality="FACTUAL" polarity="POS" type="TREATMENT" />
<EVENT id="E93" start="3571" end="3590" text="atrial fibrillation" modality="FACTUAL" polarity="POS" type="PROBLEM" />
<EVENT id="E94" start="3601" end="3614" text="cardioversion" modality="FACTUAL" polarity="POS" type="TREATMENT" />
<EVENT id="E95" start="3624" end="3646" text="an ongoing requirement" modality="FACTUAL" polarity="POS" type="PROBLEM" />
<EVENT id="E96" start="3651" end="3676" text="high volume resuscitation" modality="FACTUAL" polarity="POS" type="TREATMENT" />
<EVENT id="E97" start="3685" end="3706" text="persistently acidotic" modality="FACTUAL" polarity="POS" type="PROBLEM" />
<EVENT id="E98" start="3715" end="3762" text="CV-VVH in the face of bicarbonate replenishment" modality="FACTUAL" polarity="POS" type="TREATMENT" />
<EVENT id="E99" start="3799" end="3804" text="stool" modality="FACTUAL" polarity="POS" type="TEST" />
<EVENT id="E100" start="3810" end="3832" text="his Jackson-Pratt site" modality="FACTUAL" polarity="POS" type="PROBLEM" />
<EVENT id="E101" start="3837" end="3859" text="right oblique incision" modality="FACTUAL" polarity="POS" type="PROBLEM" />
<EVENT id="E102" start="3862" end="3877" text="Bloody drainage" modality="FACTUAL" polarity="POS" type="PROBLEM" />
<EVENT id="E103" start="3883" end="3917" text="his increasingly distended abdomen" modality="FACTUAL" polarity="POS" type="PROBLEM" />
<EVENT id="E104" start="3930" end="3951" text="Extensive discussions" modality="FACTUAL" polarity="POS" type="OCCURRENCE" />
<EVENT id="E105" start="4047" end="4094" text="continued massive retroperitoneal contamination" modality="FACTUAL" polarity="POS" type="PROBLEM" />
<EVENT id="E106" start="4108" end="4133" text="multiple enteric fistulae" modality="FACTUAL" polarity="POS" type="PROBLEM" />
<EVENT id="E107" start="4139" end="4156" text="an ischemic bowel" modality="FACTUAL" polarity="POS" type="PROBLEM" />
<EVENT id="E108" start="4190" end="4207" text="surgical approach" modality="FACTUAL" polarity="NEG" type="TREATMENT" />
<EVENT id="E109" start="4211" end="4223" text="this problem" modality="FACTUAL" polarity="POS" type="PROBLEM" />
<EVENT id="E110" start="4227" end="4247" text="further intervention" modality="FACTUAL" polarity="POS" type="TREATMENT" />
<EVENT id="E111" start="4251" end="4272" text="radiologic procedures" modality="FACTUAL" polarity="NEG" type="TREATMENT" />
<EVENT id="E112" start="4392" end="4408" text="comfort measures" modality="FACTUAL" polarity="POS" type="TREATMENT" />
<EVENT id="E113" start="4458" end="4469" text="comfortable" modality="FACTUAL" polarity="POS" type="OCCURRENCE" />
<EVENT id="E114" start="4485" end="4490" text="death" modality="FACTUAL" polarity="POS" type="PROBLEM" />
<TIMEX3 id="T1" start="18" end="26" text="12/16/97" type="DATE" val="1997-12-16" mod="NA" />
<TIMEX3 id="T2" start="44" end="52" text="01/16/98" type="DATE" val="1998-01-16" mod="NA" />
<TIMEX3 id="T3" start="333" end="341" text="12/16/97" type="DATE" val="1997-12-16" mod="NA" />
<TIMEX3 id="T4" start="428" end="436" text="24 hours" type="DURATION" val="PT24H" mod="NA" />
<TIMEX3 id="T5" start="1024" end="1032" text="01/03/98" type="DATE" val="1998-01-03" mod="NA" />
<TIMEX3 id="T6" start="1170" end="1178" text="12/19/97" type="DATE" val="1997-12-19" mod="NA" />
<TIMEX3 id="T7" start="1784" end="1792" text="01/06/98" type="DATE" val="1998-01-06" mod="NA" />
<TIMEX3 id="T8" start="2072" end="2080" text="01/08/98" type="DATE" val="1998-01-08" mod="NA" />
<TIMEX3 id="T9" start="4522" end="4529" text="1/16/98" type="DATE" val="1998-01-16" mod="NA" />
<TLINK id="TL1" fromID="E1" fromText="ADMISSION" toID="T1" toText="12/16/97" type="OVERLAP" />
<TLINK id="TL3" fromID="E2" fromText="DISCHARGE" toID="T2" toText="01/16/98" type="OVERLAP" />
<TLINK id="TL4" fromID="E4" fromText="multiple complications" toID="E3" toText="renal disease" type="OVERLAP" />
<TLINK id="TL5" fromID="E5" fromText="problems related" toID="E4" toText="multiple complications" type="OVERLAP" />
<TLINK id="TL6" fromID="E5" fromText="problems related" toID="E6" toText="vascular access" type="BEFORE" />
<TLINK id="TL7" fromID="E7" fromText="hypercoagulable state" toID="E6" toText="vascular access" type="OVERLAP" />
<TLINK id="TL8" fromID="E7" fromText="hypercoagulable state" toID="E8" toText="These culminated" type="OVERLAP" />
<TLINK id="TL9" fromID="E9" fromText="an attempted cadaveric kidney transplant" toID="E8" toText="These culminated" type="OVERLAP" />
<TLINK id="TL10" fromID="E9" fromText="an attempted cadaveric kidney transplant" toID="T3" toText="12/16/97" type="OVERLAP" />
<TLINK id="TL11" fromID="E10" fromText="thrombosis" toID="T3" toText="12/16/97" type="OVERLAP" />
<TLINK id="TL12" fromID="E11" fromText="necrosis" toID="E10" toText="thrombosis" type="OVERLAP" />
<TLINK id="TL13" fromID="E11" fromText="necrosis" toID="E12" toText="the cadaveric renal vein" type="BEFORE" />
<TLINK id="TL14" fromID="E12" fromText="the cadaveric renal vein" toID="T4" toText="24 hours" type="OVERLAP" />
<TLINK id="TL15" fromID="E13" fromText="a transplant nephrectomy" toID="T4" toText="24 hours" type="OVERLAP" />
<TLINK id="TL16" fromID="E15" fromText="aspiration" toID="E14" toText="recurrent pneumonias" type="OVERLAP" />
<TLINK id="TL17" fromID="E16" fromText="hemodynamic instability" toID="E15" toText="aspiration" type="OVERLAP" />
<TLINK id="TL18" fromID="E16" fromText="hemodynamic instability" toID="E17" toText="transferred" type="BEFORE" />
<TLINK id="TL19" fromID="E18" fromText="the Medical Intensive Care Unit" toID="E17" toText="transferred" type="AFTER" />
<TLINK id="TL20" fromID="E19" fromText="ventilatory management" toID="E18" toText="the Medical Intensive Care Unit" type="OVERLAP" />
<TLINK id="TL21" fromID="E20" fromText="hypotension" toID="E19" toText="ventilatory management" type="BEFORE" />
<TLINK id="TL22" fromID="E20" fromText="hypotension" toID="E21" toText="transfer" type="OVERLAP" />
<TLINK id="TL23" fromID="E22" fromText="sedated" toID="E21" toText="transfer" type="AFTER" />
<TLINK id="TL24" fromID="E23" fromText="unresponsive" toID="E22" toText="sedated" type="OVERLAP" />
<TLINK id="TL25" fromID="E24" fromText="extremely dyssynchronous" toID="E23" toText="unresponsive" type="OVERLAP" />
<TLINK id="TL26" fromID="E25" fromText="the ventilator" toID="E24" toText="extremely dyssynchronous" type="OVERLAP" />
<TLINK id="TL27" fromID="E26" fromText="substantial auto PEEP" toID="E25" toText="the ventilator" type="BEFORE" />
<TLINK id="TL28" fromID="E27" fromText="an elevated dead space" toID="E26" toText="substantial auto PEEP" type="OVERLAP" />
<TLINK id="TL29" fromID="E27" fromText="an elevated dead space" toID="E28" toText="A pulmonary arteriogram" type="OVERLAP" />
<TLINK id="TL30" fromID="E28" fromText="A pulmonary arteriogram" toID="T5" toText="01/03/98" type="OVERLAP" />
<TLINK id="TL31" fromID="E28" fromText="A pulmonary arteriogram" toID="E29" toText="demonstrated" type="OVERLAP" />
<TLINK id="TL32" fromID="E30" fromText="multiple pulmonary emboli" toID="E29" toText="demonstrated" type="BEFORE" />
<TLINK id="TL33" fromID="E31" fromText="the renal vein thrombosis" toID="E30" toText="multiple pulmonary emboli" type="OVERLAP" />
<TLINK id="TL34" fromID="E31" fromText="the renal vein thrombosis" toID="T6" toText="12/19/97" type="OVERLAP" />
<TLINK id="TL35" fromID="E32" fromText="An inferior vena cava filter" toID="T6" toText="12/19/97" type="OVERLAP" />
<TLINK id="TL36" fromID="E32" fromText="An inferior vena cava filter" toID="E33" toText="lower extremity noninvasive studies" type="OVERLAP" />
<TLINK id="TL37" fromID="E34" fromText="high pressures" toID="E33" toText="lower extremity noninvasive studies" type="OVERLAP" />
<TLINK id="TL38" fromID="E35" fromText="an abdominal compartment syndrome" toID="E34" toText="high pressures" type="AFTER" />
<TLINK id="TL39" fromID="E35" fromText="an abdominal compartment syndrome" toID="E36" toText="two abdominal procedures" type="BEFORE" />
<TLINK id="TL40" fromID="E37" fromText="explantation" toID="E36" toText="two abdominal procedures" type="OVERLAP" />
<TLINK id="TL41" fromID="E37" fromText="explantation" toID="E38" toText="transfer" type="BEFORE" />
<TLINK id="TL42" fromID="E39" fromText="the Medical Intensive Care Unit" toID="E38" toText="transfer" type="AFTER" />
<TLINK id="TL43" fromID="E40" fromText="a septic process" toID="E39" toText="the Medical Intensive Care Unit" type="OVERLAP" />
<TLINK id="TL44" fromID="E40" fromText="a septic process" toID="E41" toText="CT scan" type="OVERLAP" />
<TLINK id="TL45" fromID="E41" fromText="CT scan" toID="E42" toText="demonstrated" type="OVERLAP" />
<TLINK id="TL46" fromID="E43" fromText="retroperitoneal collection" toID="E42" toText="demonstrated" type="BEFORE" />
<TLINK id="TL47" fromID="E44" fromText="free air" toID="E43" toText="retroperitoneal collection" type="OVERLAP" />
<TLINK id="TL48" fromID="E45" fromText="extravasated contrast material" toID="E44" toText="free air" type="OVERLAP" />
<TLINK id="TL49" fromID="E46" fromText="a perforated viscus" toID="E45" toText="extravasated contrast material" type="OVERLAP" />
<TLINK id="TL50" fromID="E46" fromText="a perforated viscus" toID="E47" toText="exploratory laparotomy" type="OVERLAP" />
<TLINK id="TL51" fromID="E47" fromText="exploratory laparotomy" toID="T7" toText="01/06/98" type="OVERLAP" />
<TLINK id="TL52" fromID="E48" fromText="perforation" toID="E47" toText="exploratory laparotomy" type="BEFORE" />
<TLINK id="TL53" fromID="E49" fromText="unstable" toID="E48" toText="perforation" type="OVERLAP" />
<TLINK id="TL54" fromID="E49" fromText="unstable" toID="E50" toText="fluoroscopy" type="OVERLAP" />
<TLINK id="TL55" fromID="E51" fromText="oral contrast" toID="E50" toText="fluoroscopy" type="OVERLAP" />
<TLINK id="TL56" fromID="E51" fromText="oral contrast" toID="E52" toText="demonstrated" type="OVERLAP" />
<TLINK id="TL57" fromID="E53" fromText="extravasating" toID="E52" toText="demonstrated" type="BEFORE" />
<TLINK id="TL58" fromID="E54" fromText="a posterior duodenum" toID="E53" toText="extravasating" type="OVERLAP" />
<TLINK id="TL59" fromID="E55" fromText="the operating room" toID="E54" toText="a posterior duodenum" type="AFTER" />
<TLINK id="TL60" fromID="E55" fromText="the operating room" toID="T8" toText="01/08/98" type="OVERLAP" />
<TLINK id="TL61" fromID="E56" fromText="a gastrojejunostomy" toID="E55" toText="the operating room" type="OVERLAP" />
<TLINK id="TL62" fromID="E57" fromText="stapling" toID="E56" toText="a gastrojejunostomy" type="OVERLAP" />
<TLINK id="TL63" fromID="E58" fromText="the gastroduodenal junction" toID="E57" toText="stapling" type="OVERLAP" />
<TLINK id="TL64" fromID="E59" fromText="introduction" toID="E58" toText="the gastroduodenal junction" type="OVERLAP" />
<TLINK id="TL65" fromID="E60" fromText="five Jackson-Pratt drains" toID="E59" toText="introduction" type="OVERLAP" />
<TLINK id="TL66" fromID="E61" fromText="the retroperitoneal mass" toID="E60" toText="five Jackson-Pratt drains" type="BEFORE" />
<TLINK id="TL67" fromID="E62" fromText="cholecystotomy tube" toID="E60" toText="five Jackson-Pratt drains" type="OVERLAP" />
<TLINK id="TL68" fromID="E63" fromText="gastrostomy tube" toID="E62" toText="cholecystotomy tube" type="OVERLAP" />
<TLINK id="TL69" fromID="E64" fromText="jejunostomy tube" toID="E63" toText="gastrostomy tube" type="OVERLAP" />
<TLINK id="TL70" fromID="E65" fromText="an extensive estimated blood loss" toID="E64" toText="jejunostomy tube" type="BEFORE" />
<TLINK id="TL71" fromID="E65" fromText="an extensive estimated blood loss" toID="E66" toText="multiple blood products" type="BEFORE" />
<TLINK id="TL72" fromID="E67" fromText="fluid resuscitation therapy" toID="E66" toText="multiple blood products" type="OVERLAP" />
<TLINK id="TL73" fromID="E68" fromText="elevations in liver function studies" toID="E67" toText="fluid resuscitation therapy" type="OVERLAP" />
<TLINK id="TL74" fromID="E68" fromText="elevations in liver function studies" toID="E69" toText="amylase" type="OVERLAP" />
<TLINK id="TL75" fromID="E70" fromText="lipase" toID="E69" toText="amylase" type="OVERLAP" />
<TLINK id="TL76" fromID="E71" fromText="pancreatic inflammation" toID="E70" toText="lipase" type="OVERLAP" />
<TLINK id="TL77" fromID="E71" fromText="pancreatic inflammation" toID="E72" toText="fluid resuscitation" type="OVERLAP" />
<TLINK id="TL78" fromID="E73" fromText="pressors" toID="E72" toText="fluid resuscitation" type="OVERLAP" />
<TLINK id="TL79" fromID="E74" fromText="his septic physiology" toID="E73" toText="pressors" type="BEFORE" />
<TLINK id="TL80" fromID="E75" fromText="cardiac tamponade" toID="E74" toText="his septic physiology" type="OVERLAP" />
<TLINK id="TL81" fromID="E76" fromText="specific underlying coronary dysfunction" toID="E75" toText="cardiac tamponade" type="OVERLAP" />
<TLINK id="TL82" fromID="E77" fromText="appropriate antibiotics" toID="E76" toText="specific underlying coronary dysfunction" type="OVERLAP" />
<TLINK id="TL83" fromID="E77" fromText="appropriate antibiotics" toID="E78" toText="his Serratia pneumonia" type="BEFORE" />
<TLINK id="TL84" fromID="E79" fromText="his abdominal process" toID="E78" toText="his Serratia pneumonia" type="OVERLAP" />
<TLINK id="TL85" fromID="E80" fromText="an underlying hypercoagulable state" toID="E79" toText="his abdominal process" type="OVERLAP" />
<TLINK id="TL86" fromID="E81" fromText="the repeated clots" toID="E80" toText="an underlying hypercoagulable state" type="OVERLAP" />
<TLINK id="TL87" fromID="E82" fromText="the bleeding problems" toID="E81" toText="the repeated clots" type="OVERLAP" />
<TLINK id="TL88" fromID="E82" fromText="the bleeding problems" toID="E83" toText="full heparinization" type="BEFORE" />
<TLINK id="TL89" fromID="E84" fromText="pneumo-boots" toID="E83" toText="full heparinization" type="OVERLAP" />
<TLINK id="TL90" fromID="E84" fromText="pneumo-boots" toID="E85" toText="subcutaneous heparin" type="OVERLAP" />
<TLINK id="TL91" fromID="E86" fromText="metabolic" toID="E85" toText="subcutaneous heparin" type="BEFORE" />
<TLINK id="TL92" fromID="E87" fromText="electrolyte abnormalities" toID="E86" toText="metabolic" type="OVERLAP" />
<TLINK id="TL93" fromID="E87" fromText="electrolyte abnormalities" toID="E88" toText="corrected appropriately" type="BEFORE" />
<TLINK id="TL94" fromID="E89" fromText="very transient mild improvement" toID="E88" toText="corrected appropriately" type="OVERLAP" />
<TLINK id="TL95" fromID="E90" fromText="drainage of additional retroperitoneal fluid" toID="E89" toText="very transient mild improvement" type="OVERLAP" />
<TLINK id="TL96" fromID="E91" fromText="pressor dependent" toID="E90" toText="drainage of additional retroperitoneal fluid" type="OVERLAP" />
<TLINK id="TL97" fromID="E91" fromText="pressor dependent" toID="E92" toText="mechanical ventilatory assistance" type="BEFORE" />
<TLINK id="TL98" fromID="E93" fromText="atrial fibrillation" toID="E92" toText="mechanical ventilatory assistance" type="AFTER" />
<TLINK id="TL99" fromID="E93" fromText="atrial fibrillation" toID="E94" toText="cardioversion" type="OVERLAP" />
<TLINK id="TL100" fromID="E95" fromText="an ongoing requirement" toID="E94" toText="cardioversion" type="OVERLAP" />
<TLINK id="TL101" fromID="E95" fromText="an ongoing requirement" toID="E96" toText="high volume resuscitation" type="BEFORE" />
<TLINK id="TL102" fromID="E97" fromText="persistently acidotic" toID="E96" toText="high volume resuscitation" type="BEFORE" />
<TLINK id="TL103" fromID="E97" fromText="persistently acidotic" toID="E98" toText="CV-VVH in the face of bicarbonate replenishment" type="BEFORE" />
<TLINK id="TL104" fromID="E99" fromText="stool" toID="E98" toText="CV-VVH in the face of bicarbonate replenishment" type="OVERLAP" />
<TLINK id="TL105" fromID="E100" fromText="his Jackson-Pratt site" toID="E99" toText="stool" type="OVERLAP" />
<TLINK id="TL106" fromID="E101" fromText="right oblique incision" toID="E100" toText="his Jackson-Pratt site" type="OVERLAP" />
<TLINK id="TL107" fromID="E102" fromText="Bloody drainage" toID="E101" toText="right oblique incision" type="OVERLAP" />
<TLINK id="TL108" fromID="E103" fromText="his increasingly distended abdomen" toID="E102" toText="Bloody drainage" type="OVERLAP" />
<TLINK id="TL109" fromID="E103" fromText="his increasingly distended abdomen" toID="E104" toText="Extensive discussions" type="OVERLAP" />
<TLINK id="TL110" fromID="E105" fromText="continued massive retroperitoneal contamination" toID="E104" toText="Extensive discussions" type="BEFORE" />
<TLINK id="TL111" fromID="E106" fromText="multiple enteric fistulae" toID="E105" toText="continued massive retroperitoneal contamination" type="OVERLAP" />
<TLINK id="TL112" fromID="E107" fromText="an ischemic bowel" toID="E106" toText="multiple enteric fistulae" type="OVERLAP" />
<TLINK id="TL113" fromID="E107" fromText="an ischemic bowel" toID="E108" toText="surgical approach" type="BEFORE" />
<TLINK id="TL114" fromID="E108" fromText="surgical approach" toID="E109" toText="this problem" type="BEFORE" />
<TLINK id="TL115" fromID="E110" fromText="further intervention" toID="E108" toText="surgical approach" type="OVERLAP" />
<TLINK id="TL116" fromID="E110" fromText="further intervention" toID="E111" toText="radiologic procedures" type="OVERLAP" />
<TLINK id="TL117" fromID="E112" fromText="comfort measures" toID="E111" toText="radiologic procedures" type="OVERLAP" />
<TLINK id="TL118" fromID="E112" fromText="comfort measures" toID="E113" toText="comfortable" type="OVERLAP" />
<TLINK id="TL119" fromID="E114" fromText="death" toID="E113" toText="comfortable" type="OVERLAP" />
<TLINK id="TL120" fromID="E114" fromText="death" toID="T9" toText="1/16/98" type="OVERLAP" />
<TLINK id="SECTIME0" fromID="E1" fromText="ADMISSION" toID="T1" toText="12/16/97" type="BEFORE" />
<TLINK id="SECTIME1" fromID="E2" fromText="DISCHARGE" toID="T1" toText="12/16/97" type="BEFORE" />
<TLINK id="SECTIME2" fromID="E3" fromText="renal disease" toID="T1" toText="12/16/97" type="BEFORE" />
<TLINK id="SECTIME3" fromID="E4" fromText="multiple complications" toID="T1" toText="12/16/97" type="BEFORE" />
<TLINK id="SECTIME4" fromID="E5" fromText="problems related" toID="T1" toText="12/16/97" type="BEFORE" />
<TLINK id="SECTIME5" fromID="E6" fromText="vascular access" toID="T1" toText="12/16/97" type="BEFORE" />
<TLINK id="SECTIME6" fromID="E7" fromText="hypercoagulable state" toID="T1" toText="12/16/97" type="BEFORE" />
<TLINK id="SECTIME7" fromID="E8" fromText="These culminated" toID="T1" toText="12/16/97" type="BEFORE" />
<TLINK id="SECTIME8" fromID="E9" fromText="an attempted cadaveric kidney transplant" toID="T1" toText="12/16/97" type="BEFORE" />
<TLINK id="SECTIME9" fromID="E10" fromText="thrombosis" toID="T1" toText="12/16/97" type="BEFORE" />
<TLINK id="SECTIME10" fromID="E11" fromText="necrosis" toID="T1" toText="12/16/97" type="BEFORE" />
<TLINK id="SECTIME11" fromID="E12" fromText="the cadaveric renal vein" toID="T1" toText="12/16/97" type="BEFORE" />
<TLINK id="SECTIME12" fromID="E13" fromText="a transplant nephrectomy" toID="T1" toText="12/16/97" type="BEFORE" />
<TLINK id="SECTIME13" fromID="E14" fromText="recurrent pneumonias" toID="T2" toText="01/16/98" type="BEFORE" />
<TLINK id="SECTIME14" fromID="E15" fromText="aspiration" toID="T2" toText="01/16/98" type="BEFORE" />
<TLINK id="SECTIME15" fromID="E16" fromText="hemodynamic instability" toID="T2" toText="01/16/98" type="BEFORE" />
<TLINK id="SECTIME16" fromID="E17" fromText="transferred" toID="T2" toText="01/16/98" type="BEFORE" />
<TLINK id="SECTIME17" fromID="E18" fromText="the Medical Intensive Care Unit" toID="T2" toText="01/16/98" type="BEFORE" />
<TLINK id="SECTIME18" fromID="E19" fromText="ventilatory management" toID="T2" toText="01/16/98" type="BEFORE" />
<TLINK id="SECTIME19" fromID="E20" fromText="hypotension" toID="T2" toText="01/16/98" type="BEFORE" />
<TLINK id="SECTIME20" fromID="E21" fromText="transfer" toID="T2" toText="01/16/98" type="BEFORE" />
<TLINK id="SECTIME21" fromID="E22" fromText="sedated" toID="T2" toText="01/16/98" type="BEFORE" />
<TLINK id="SECTIME22" fromID="E23" fromText="unresponsive" toID="T2" toText="01/16/98" type="BEFORE" />
<TLINK id="SECTIME23" fromID="E24" fromText="extremely dyssynchronous" toID="T2" toText="01/16/98" type="BEFORE" />
<TLINK id="SECTIME24" fromID="E25" fromText="the ventilator" toID="T2" toText="01/16/98" type="BEFORE" />
<TLINK id="SECTIME25" fromID="E26" fromText="substantial auto PEEP" toID="T2" toText="01/16/98" type="OVERLAP" />
<TLINK id="SECTIME26" fromID="E27" fromText="an elevated dead space" toID="T2" toText="01/16/98" type="OVERLAP" />
<TLINK id="SECTIME27" fromID="E28" fromText="A pulmonary arteriogram" toID="T2" toText="01/16/98" type="BEFORE" />
<TLINK id="SECTIME28" fromID="E29" fromText="demonstrated" toID="T2" toText="01/16/98" type="BEFORE" />
<TLINK id="SECTIME29" fromID="E30" fromText="multiple pulmonary emboli" toID="T2" toText="01/16/98" type="BEFORE" />
<TLINK id="SECTIME30" fromID="E31" fromText="the renal vein thrombosis" toID="T2" toText="01/16/98" type="BEFORE" />
<TLINK id="SECTIME31" fromID="E32" fromText="An inferior vena cava filter" toID="T2" toText="01/16/98" type="BEFORE" />
<TLINK id="SECTIME32" fromID="E33" fromText="lower extremity noninvasive studies" toID="T2" toText="01/16/98" type="BEFORE" />
<TLINK id="SECTIME33" fromID="E34" fromText="high pressures" toID="T2" toText="01/16/98" type="BEFORE" />
<TLINK id="SECTIME34" fromID="E35" fromText="an abdominal compartment syndrome" toID="T2" toText="01/16/98" type="BEFORE" />
<TLINK id="SECTIME35" fromID="E36" fromText="two abdominal procedures" toID="T2" toText="01/16/98" type="BEFORE" />
<TLINK id="SECTIME36" fromID="E37" fromText="explantation" toID="T2" toText="01/16/98" type="BEFORE" />
<TLINK id="SECTIME37" fromID="E38" fromText="transfer" toID="T2" toText="01/16/98" type="BEFORE" />
<TLINK id="SECTIME38" fromID="E39" fromText="the Medical Intensive Care Unit" toID="T2" toText="01/16/98" type="BEFORE" />
<TLINK id="SECTIME39" fromID="E40" fromText="a septic process" toID="T2" toText="01/16/98" type="BEFORE" />
<TLINK id="SECTIME40" fromID="E41" fromText="CT scan" toID="T2" toText="01/16/98" type="BEFORE" />
<TLINK id="SECTIME41" fromID="E42" fromText="demonstrated" toID="T2" toText="01/16/98" type="BEFORE" />
<TLINK id="SECTIME42" fromID="E43" fromText="retroperitoneal collection" toID="T2" toText="01/16/98" type="BEFORE" />
<TLINK id="SECTIME43" fromID="E44" fromText="free air" toID="T2" toText="01/16/98" type="BEFORE" />
<TLINK id="SECTIME44" fromID="E45" fromText="extravasated contrast material" toID="T2" toText="01/16/98" type="BEFORE" />
<TLINK id="SECTIME45" fromID="E46" fromText="a perforated viscus" toID="T2" toText="01/16/98" type="BEFORE" />
<TLINK id="SECTIME46" fromID="E47" fromText="exploratory laparotomy" toID="T2" toText="01/16/98" type="BEFORE" />
<TLINK id="SECTIME47" fromID="E48" fromText="perforation" toID="T2" toText="01/16/98" type="BEFORE" />
<TLINK id="SECTIME48" fromID="E49" fromText="unstable" toID="T2" toText="01/16/98" type="BEFORE" />
<TLINK id="SECTIME49" fromID="E50" fromText="fluoroscopy" toID="T2" toText="01/16/98" type="BEFORE" />
<TLINK id="SECTIME50" fromID="E51" fromText="oral contrast" toID="T2" toText="01/16/98" type="BEFORE" />
<TLINK id="SECTIME51" fromID="E52" fromText="demonstrated" toID="T2" toText="01/16/98" type="BEFORE" />
<TLINK id="SECTIME52" fromID="E53" fromText="extravasating" toID="T2" toText="01/16/98" type="BEFORE" />
<TLINK id="SECTIME53" fromID="E54" fromText="a posterior duodenum" toID="T2" toText="01/16/98" type="BEFORE" />
<TLINK id="SECTIME54" fromID="E55" fromText="the operating room" toID="T2" toText="01/16/98" type="BEFORE" />
<TLINK id="SECTIME55" fromID="E56" fromText="a gastrojejunostomy" toID="T2" toText="01/16/98" type="BEFORE" />
<TLINK id="SECTIME56" fromID="E57" fromText="stapling" toID="T2" toText="01/16/98" type="BEFORE" />
<TLINK id="SECTIME57" fromID="E58" fromText="the gastroduodenal junction" toID="T2" toText="01/16/98" type="BEFORE" />
<TLINK id="SECTIME58" fromID="E59" fromText="introduction" toID="T2" toText="01/16/98" type="BEFORE" />
<TLINK id="SECTIME59" fromID="E60" fromText="five Jackson-Pratt drains" toID="T2" toText="01/16/98" type="BEFORE" />
<TLINK id="SECTIME60" fromID="E61" fromText="the retroperitoneal mass" toID="T2" toText="01/16/98" type="BEFORE" />
<TLINK id="SECTIME61" fromID="E62" fromText="cholecystotomy tube" toID="T2" toText="01/16/98" type="BEFORE" />
<TLINK id="SECTIME62" fromID="E63" fromText="gastrostomy tube" toID="T2" toText="01/16/98" type="BEFORE" />
<TLINK id="SECTIME63" fromID="E64" fromText="jejunostomy tube" toID="T2" toText="01/16/98" type="BEFORE" />
<TLINK id="SECTIME64" fromID="E65" fromText="an extensive estimated blood loss" toID="T2" toText="01/16/98" type="BEFORE" />
<TLINK id="SECTIME65" fromID="E66" fromText="multiple blood products" toID="T2" toText="01/16/98" type="BEFORE" />
<TLINK id="SECTIME66" fromID="E67" fromText="fluid resuscitation therapy" toID="T2" toText="01/16/98" type="OVERLAP" />
<TLINK id="SECTIME67" fromID="E68" fromText="elevations in liver function studies" toID="T2" toText="01/16/98" type="BEFORE" />
<TLINK id="SECTIME68" fromID="E69" fromText="amylase" toID="T2" toText="01/16/98" type="BEFORE" />
<TLINK id="SECTIME69" fromID="E70" fromText="lipase" toID="T2" toText="01/16/98" type="BEFORE" />
<TLINK id="SECTIME70" fromID="E71" fromText="pancreatic inflammation" toID="T2" toText="01/16/98" type="BEFORE" />
<TLINK id="SECTIME71" fromID="E72" fromText="fluid resuscitation" toID="T2" toText="01/16/98" type="OVERLAP" />
<TLINK id="SECTIME72" fromID="E73" fromText="pressors" toID="T2" toText="01/16/98" type="BEFORE" />
<TLINK id="SECTIME73" fromID="E74" fromText="his septic physiology" toID="T2" toText="01/16/98" type="BEFORE" />
<TLINK id="SECTIME74" fromID="E75" fromText="cardiac tamponade" toID="T2" toText="01/16/98" type="BEFORE" />
<TLINK id="SECTIME75" fromID="E76" fromText="specific underlying coronary dysfunction" toID="T2" toText="01/16/98" type="BEFORE" />
<TLINK id="SECTIME76" fromID="E77" fromText="appropriate antibiotics" toID="T2" toText="01/16/98" type="BEFORE" />
<TLINK id="SECTIME77" fromID="E78" fromText="his Serratia pneumonia" toID="T2" toText="01/16/98" type="BEFORE" />
<TLINK id="SECTIME78" fromID="E79" fromText="his abdominal process" toID="T2" toText="01/16/98" type="BEFORE" />
<TLINK id="SECTIME79" fromID="E80" fromText="an underlying hypercoagulable state" toID="T2" toText="01/16/98" type="BEFORE" />
<TLINK id="SECTIME80" fromID="E81" fromText="the repeated clots" toID="T2" toText="01/16/98" type="BEFORE" />
<TLINK id="SECTIME81" fromID="E82" fromText="the bleeding problems" toID="T2" toText="01/16/98" type="BEFORE" />
<TLINK id="SECTIME82" fromID="E83" fromText="full heparinization" toID="T2" toText="01/16/98" type="OVERLAP" />
<TLINK id="SECTIME83" fromID="E84" fromText="pneumo-boots" toID="T2" toText="01/16/98" type="BEFORE" />
<TLINK id="SECTIME84" fromID="E85" fromText="subcutaneous heparin" toID="T2" toText="01/16/98" type="BEFORE" />
<TLINK id="SECTIME85" fromID="E86" fromText="metabolic" toID="T2" toText="01/16/98" type="BEFORE" />
<TLINK id="SECTIME86" fromID="E87" fromText="electrolyte abnormalities" toID="T2" toText="01/16/98" type="BEFORE" />
<TLINK id="SECTIME87" fromID="E88" fromText="corrected appropriately" toID="T2" toText="01/16/98" type="BEFORE" />
<TLINK id="SECTIME88" fromID="E89" fromText="very transient mild improvement" toID="T2" toText="01/16/98" type="BEFORE" />
<TLINK id="SECTIME89" fromID="E90" fromText="drainage of additional retroperitoneal fluid" toID="T2" toText="01/16/98" type="BEFORE" />
<TLINK id="SECTIME90" fromID="E91" fromText="pressor dependent" toID="T2" toText="01/16/98" type="BEFORE" />
<TLINK id="SECTIME91" fromID="E92" fromText="mechanical ventilatory assistance" toID="T2" toText="01/16/98" type="BEFORE" />
<TLINK id="SECTIME92" fromID="E93" fromText="atrial fibrillation" toID="T2" toText="01/16/98" type="BEFORE" />
<TLINK id="SECTIME93" fromID="E94" fromText="cardioversion" toID="T2" toText="01/16/98" type="BEFORE" />
<TLINK id="SECTIME94" fromID="E95" fromText="an ongoing requirement" toID="T2" toText="01/16/98" type="BEFORE" />
<TLINK id="SECTIME95" fromID="E96" fromText="high volume resuscitation" toID="T2" toText="01/16/98" type="BEFORE" />
<TLINK id="SECTIME96" fromID="E97" fromText="persistently acidotic" toID="T2" toText="01/16/98" type="BEFORE" />
<TLINK id="SECTIME97" fromID="E98" fromText="CV-VVH in the face of bicarbonate replenishment" toID="T2" toText="01/16/98" type="BEFORE" />
<TLINK id="SECTIME98" fromID="E99" fromText="stool" toID="T2" toText="01/16/98" type="BEFORE" />
<TLINK id="SECTIME99" fromID="E100" fromText="his Jackson-Pratt site" toID="T2" toText="01/16/98" type="BEFORE" />
<TLINK id="SECTIME100" fromID="E101" fromText="right oblique incision" toID="T2" toText="01/16/98" type="BEFORE" />
<TLINK id="SECTIME101" fromID="E102" fromText="Bloody drainage" toID="T2" toText="01/16/98" type="OVERLAP" />
<TLINK id="SECTIME102" fromID="E103" fromText="his increasingly distended abdomen" toID="T2" toText="01/16/98" type="BEFORE" />
<TLINK id="SECTIME103" fromID="E104" fromText="Extensive discussions" toID="T2" toText="01/16/98" type="BEFORE" />
<TLINK id="SECTIME104" fromID="E105" fromText="continued massive retroperitoneal contamination" toID="T2" toText="01/16/98" type="BEFORE" />
<TLINK id="SECTIME105" fromID="E106" fromText="multiple enteric fistulae" toID="T2" toText="01/16/98" type="BEFORE" />
<TLINK id="SECTIME106" fromID="E107" fromText="an ischemic bowel" toID="T2" toText="01/16/98" type="BEFORE" />
<TLINK id="SECTIME107" fromID="E108" fromText="surgical approach" toID="T2" toText="01/16/98" type="BEFORE" />
<TLINK id="SECTIME108" fromID="E109" fromText="this problem" toID="T2" toText="01/16/98" type="BEFORE" />
<TLINK id="SECTIME109" fromID="E110" fromText="further intervention" toID="T2" toText="01/16/98" type="BEFORE" />
<TLINK id="SECTIME110" fromID="E111" fromText="radiologic procedures" toID="T2" toText="01/16/98" type="BEFORE" />
<TLINK id="SECTIME111" fromID="E112" fromText="comfort measures" toID="T2" toText="01/16/98" type="BEFORE" />
<TLINK id="SECTIME112" fromID="E113" fromText="comfortable" toID="T2" toText="01/16/98" type="BEFORE" />
<TLINK id="SECTIME113" fromID="E114" fromText="death" toID="T2" toText="01/16/98" type="OVERLAP" />
<SECTIME id="S0" start="18" end="26" text="12/16/97" type="ADMISSION" dvalue="1997-12-16" />
<SECTIME id="S1" start="44" end="52" text="01/16/98" type="DISCHARGE" dvalue="1998-01-16" />
</TAGS>
</ClinicalNarrativeTemporalAnnotation>

