<?xml version="1.0" encoding="UTF-8" ?>
<ClinicalNarrativeTemporalAnnotation>
<TEXT><![CDATA[
Admission Date :
09/07/1992
Discharge Date :
09/12/1992
HISTORY OF PRESENT ILLNESS :
The patient is a 31 year old gravida 0 with stage IV endometrial cancer and stage III-C ovarian cancer vs metastatic endometrial cancer for line 2 , cycle 1 chemotherapy .
The patient presented in 10-90 , with heavy bleeding per vagina .
D and C showed grade II-III adenocarcinoma with squamous differentiation at Wellla Uxinny : mount Medical Center in Com St. , Tton , Arkansas 32167 .
The patient underwent TAH / BSO , partial omentectomy at CTMC in 10-90 .
At that time , tumor was found to be studding on the right diaphragm , gross tumor in the omentum and large bowel , tumor through the uterine serosa .
Pathology showed grade II-III papillary adenocarcinoma of the endometrium with squamous differentiation which was focally invasive and superficial myometrium .
The ovary showed papillary serous adeno with omental involvement consistent with an endometroid adenocarcinoma .
The question was whether or not whether she had two primaries vs metastatic endometrial cancer .
The patient underwent 6 cycles of CAP in Pemrancetul Tonsst ._
However _, during the fourth cycle _, Cytoxan was dropped .
Her CA-125 on 6-27-91 , was 249 and on 8-29-91 , was 734 .
In 05-92 , the patient was admitted to Wellla Uxinny : mount Medical Center with left leg DVT and started on Heparin therapy .
She was discharged from there on Coumadin therapy .
On admission , the patient has no complaints except anxiety .
HOSPITAL COURSE :
The patient underwent chemotherapy on the following doses :
IFEX 1.2 grams per meter squared x 3 days , MESNA 1.2 grams per meter squared x 3 days continuous IV infusion .
She had VP-16 mixed with 250 cc IV fluid given over 1 hour each day for 3 days .
She also had MESNA dose of .6 grams per meter squared after her IFEX / MESNA were completed .
The patient 's urinalysis on admission was significant for red blood cells which were TNTC as well as uric acid .
Because it was felt the patient was bleeding and the patient was contaminated , she received her IFEX / MESNA .
A repeat straight cath was negative for RBC 's .
After 1 day of chemotherapy , the patient had 8-10 RBC 's in her urine but by the second day of her IFEX infusion , she had 50-80 RBC 's in her urine as well as a few transitional epithelial cells .
Because of this finding , her IFEX was stopped before completion of her second day of infusion .
Her MESNA alone was continued at that time for IV infusion .
She did receive her VP-16 without complication .
Other significant issues were the patient 's hematocrit on admission at 31.1 which dwindled down to 26.2 by 9-10 ._
The patient was counselled and received 2 units of packed RBC 's at that time  .
However , the patient 's hematocrit bumped only to 28.1 and a repeat later on 9-11 , showed hematocrit of 27.6 .
At this time , an additional 2 units of packed RBC 's were transfused .
The third issue was that her anticoagulation was grossly out of control on admission with PT of 25.6 and PTT of 42.2 .
Her repeat on 9-8 , was 36.0 / 68.2 and her Coumadin was held .
She received no Coumadin during her admission and by the time of discharge , her PT was down to 16.2 .
She was restarted on Coumadin 2.5 mg per day .
The patient 's hematocrit on the day of discharge was 35.6 showing significant bump in her count after her second two units of packed RBC 's .
Her PT on the day of discharge was 13.2 and she was started on Coumadin 2.5 mg po q d as mentioned .
The patient was discharged on 9-12-92 , with the approval of her attending physiciana , Dr. Porriede Friednantflirt .
FOLLOW UP CARE :
On 9-28-92 , the patient will return for chemotherapy and she will follow up with her primary doctor , Dr. Jescspald , for repeat PT and Coumadin dosing on Monday , 9-14-02 .
]]></TEXT>
<TAGS>
<EVENT id="E1" start="1" end="10" text="Admission" modality="FACTUAL" polarity="POS" type="OCCURRENCE" />
<EVENT id="E2" start="29" end="38" text="Discharge" modality="FACTUAL" polarity="POS" type="OCCURRENCE" />
<EVENT id="E3" start="130" end="157" text="stage IV endometrial cancer" modality="FACTUAL" polarity="POS" type="PROBLEM" />
<EVENT id="E4" start="162" end="188" text="stage III-C ovarian cancer" modality="FACTUAL" polarity="POS" type="PROBLEM" />
<EVENT id="E5" start="192" end="221" text="metastatic endometrial cancer" modality="FACTUAL" polarity="POS" type="PROBLEM" />
<EVENT id="E6" start="226" end="230" text="line" modality="FACTUAL" polarity="POS" type="TREATMENT" />
<EVENT id="E7" start="243" end="255" text="chemotherapy" modality="FACTUAL" polarity="POS" type="TREATMENT" />
<EVENT id="E8" start="270" end="279" text="presented" modality="FACTUAL" polarity="POS" type="OCCURRENCE" />
<EVENT id="E9" start="296" end="321" text="heavy bleeding per vagina" modality="FACTUAL" polarity="POS" type="PROBLEM" />
<EVENT id="E10" start="324" end="331" text="D and C" modality="FACTUAL" polarity="POS" type="OCCURRENCE" />
<EVENT id="E11" start="332" end="338" text="showed" modality="FACTUAL" polarity="POS" type="EVIDENTIAL" />
<EVENT id="E12" start="339" end="366" text="grade II-III adenocarcinoma" modality="FACTUAL" polarity="POS" type="PROBLEM" />
<EVENT id="E13" start="372" end="396" text="squamous differentiation" modality="FACTUAL" polarity="POS" type="PROBLEM" />
<EVENT id="E14" start="416" end="436" text="mount Medical Center" modality="FACTUAL" polarity="POS" type="CLINICAL_DEPT" />
<EVENT id="E15" start="496" end="505" text="TAH / BSO" modality="FACTUAL" polarity="POS" type="TREATMENT" />
<EVENT id="E16" start="508" end="527" text="partial omentectomy" modality="FACTUAL" polarity="POS" type="TREATMENT" />
<EVENT id="E17" start="562" end="567" text="tumor" modality="FACTUAL" polarity="POS" type="PROBLEM" />
<EVENT id="E18" start="584" end="615" text="studding on the right diaphragm" modality="FACTUAL" polarity="POS" type="TREATMENT" />
<EVENT id="E19" start="618" end="668" text="gross tumor in the omentum and large bowel , tumor" modality="FACTUAL" polarity="POS" type="PROBLEM" />
<EVENT id="E20" start="677" end="695" text="the uterine serosa" modality="FACTUAL" polarity="POS" type="PROBLEM" />
<EVENT id="E21" start="698" end="707" text="Pathology" modality="FACTUAL" polarity="POS" type="TEST" />
<EVENT id="E22" start="708" end="714" text="showed" modality="FACTUAL" polarity="POS" type="EVIDENTIAL" />
<EVENT id="E23" start="715" end="771" text="grade II-III papillary adenocarcinoma of the endometrium" modality="FACTUAL" polarity="POS" type="PROBLEM" />
<EVENT id="E24" start="777" end="801" text="squamous differentiation" modality="FACTUAL" polarity="POS" type="PROBLEM" />
<EVENT id="E25" start="812" end="855" text="focally invasive and superficial myometrium" modality="FACTUAL" polarity="POS" type="PROBLEM" />
<EVENT id="E26" start="858" end="867" text="The ovary" modality="FACTUAL" polarity="POS" type="TEST" />
<EVENT id="E27" start="868" end="874" text="showed" modality="FACTUAL" polarity="POS" type="EVIDENTIAL" />
<EVENT id="E28" start="875" end="897" text="papillary serous adeno" modality="FACTUAL" polarity="POS" type="PROBLEM" />
<EVENT id="E29" start="903" end="922" text="omental involvement" modality="FACTUAL" polarity="POS" type="PROBLEM" />
<EVENT id="E30" start="939" end="968" text="an endometroid adenocarcinoma" modality="FACTUAL" polarity="POS" type="PROBLEM" />
<EVENT id="E31" start="1036" end="1065" text="metastatic endometrial cancer" modality="FACTUAL" polarity="POS" type="PROBLEM" />
<EVENT id="E32" start="1109" end="1127" text="Pemrancetul Tonsst" modality="FACTUAL" polarity="POS" type="EVIDENTIAL" />
<EVENT id="E33" start="1169" end="1176" text="Cytoxan" modality="FACTUAL" polarity="POS" type="TREATMENT" />
<EVENT id="E34" start="1181" end="1188" text="dropped" modality="FACTUAL" polarity="POS" type="OCCURRENCE" />
<EVENT id="E35" start="1191" end="1201" text="Her CA-125" modality="FACTUAL" polarity="POS" type="TEST" />
<EVENT id="E36" start="1277" end="1285" text="admitted" modality="FACTUAL" polarity="POS" type="OCCURRENCE" />
<EVENT id="E37" start="1305" end="1325" text="mount Medical Center" modality="FACTUAL" polarity="POS" type="CLINICAL_DEPT" />
<EVENT id="E38" start="1331" end="1343" text="left leg DVT" modality="FACTUAL" polarity="POS" type="PROBLEM" />
<EVENT id="E39" start="1359" end="1374" text="Heparin therapy" modality="FACTUAL" polarity="POS" type="TREATMENT" />
<EVENT id="E40" start="1385" end="1395" text="discharged" modality="FACTUAL" polarity="POS" type="OCCURRENCE" />
<EVENT id="E41" start="1410" end="1426" text="Coumadin therapy" modality="FACTUAL" polarity="POS" type="TREATMENT" />
<EVENT id="E42" start="1432" end="1441" text="admission" modality="FACTUAL" polarity="POS" type="OCCURRENCE" />
<EVENT id="E43" start="1463" end="1473" text="complaints" modality="FACTUAL" polarity="NEG" type="EVIDENTIAL" />
<EVENT id="E44" start="1481" end="1488" text="anxiety" modality="FACTUAL" polarity="NEG" type="PROBLEM" />
<EVENT id="E45" start="1531" end="1543" text="chemotherapy" modality="FACTUAL" polarity="POS" type="TREATMENT" />
<EVENT id="E46" start="1613" end="1618" text="MESNA" modality="FACTUAL" polarity="POS" type="TREATMENT" />
<EVENT id="E47" start="1656" end="1678" text="continuous IV infusion" modality="FACTUAL" polarity="POS" type="TREATMENT" />
<EVENT id="E48" start="1689" end="1700" text="VP-16 mixed" modality="FACTUAL" polarity="POS" type="TREATMENT" />
<EVENT id="E49" start="1775" end="1788" text="MESNA dose of" modality="FACTUAL" polarity="POS" type="TREATMENT" />
<EVENT id="E50" start="1822" end="1838" text="her IFEX / MESNA" modality="FACTUAL" polarity="POS" type="TREATMENT" />
<EVENT id="E51" start="1856" end="1881" text="The patient 's urinalysis" modality="FACTUAL" polarity="POS" type="TEST" />
<EVENT id="E52" start="1885" end="1894" text="admission" modality="FACTUAL" polarity="POS" type="OCCURRENCE" />
<EVENT id="E53" start="1915" end="1930" text="red blood cells" modality="FACTUAL" polarity="POS" type="TEST" />
<EVENT id="E54" start="1942" end="1946" text="TNTC" modality="FACTUAL" polarity="POS" type="TEST" />
<EVENT id="E55" start="1958" end="1967" text="uric acid" modality="FACTUAL" polarity="POS" type="TEST" />
<EVENT id="E56" start="2006" end="2014" text="bleeding" modality="FACTUAL" polarity="POS" type="PROBLEM" />
<EVENT id="E57" start="2063" end="2071" text="her IFEX" modality="FACTUAL" polarity="POS" type="TREATMENT" />
<EVENT id="E58" start="2074" end="2079" text="MESNA" modality="FACTUAL" polarity="POS" type="TREATMENT" />
<EVENT id="E59" start="2082" end="2104" text="A repeat straight cath" modality="FACTUAL" polarity="POS" type="TEST" />
<EVENT id="E60" start="2122" end="2128" text="RBC 's" modality="FACTUAL" polarity="NEG" type="PROBLEM" />
<EVENT id="E61" start="2146" end="2158" text="chemotherapy" modality="FACTUAL" polarity="POS" type="TREATMENT" />
<EVENT id="E62" start="2182" end="2201" text="RBC 's in her urine" modality="FACTUAL" polarity="POS" type="PROBLEM" />
<EVENT id="E63" start="2227" end="2244" text="her IFEX infusion" modality="FACTUAL" polarity="POS" type="TREATMENT" />
<EVENT id="E64" start="2261" end="2280" text="RBC 's in her urine" modality="FACTUAL" polarity="POS" type="PROBLEM" />
<EVENT id="E65" start="2298" end="2327" text="transitional epithelial cells" modality="FACTUAL" polarity="POS" type="PROBLEM" />
<EVENT id="E66" start="2356" end="2364" text="her IFEX" modality="FACTUAL" polarity="POS" type="TREATMENT" />
<EVENT id="E67" start="2416" end="2424" text="infusion" modality="FACTUAL" polarity="POS" type="TREATMENT" />
<EVENT id="E68" start="2427" end="2442" text="Her MESNA alone" modality="FACTUAL" polarity="POS" type="TREATMENT" />
<EVENT id="E69" start="2474" end="2485" text="IV infusion" modality="FACTUAL" polarity="POS" type="TREATMENT" />
<EVENT id="E70" start="2504" end="2513" text="her VP-16" modality="FACTUAL" polarity="POS" type="TREATMENT" />
<EVENT id="E71" start="2522" end="2534" text="complication" modality="FACTUAL" polarity="NEG" type="PROBLEM" />
<EVENT id="E72" start="2543" end="2561" text="significant issues" modality="FACTUAL" polarity="POS" type="PROBLEM" />
<EVENT id="E73" start="2567" end="2592" text="the patient 's hematocrit" modality="FACTUAL" polarity="POS" type="TEST" />
<EVENT id="E74" start="2596" end="2605" text="admission" modality="FACTUAL" polarity="POS" type="OCCURRENCE" />
<EVENT id="E75" start="2669" end="2679" text="counselled" modality="FACTUAL" polarity="POS" type="OCCURRENCE" />
<EVENT id="E76" start="2693" end="2717" text="2 units of packed RBC 's" modality="FACTUAL" polarity="POS" type="TREATMENT" />
<EVENT id="E77" start="2744" end="2769" text="the patient 's hematocrit" modality="FACTUAL" polarity="POS" type="TEST" />
<EVENT id="E78" start="2819" end="2825" text="showed" modality="FACTUAL" polarity="POS" type="EVIDENTIAL" />
<EVENT id="E79" start="2826" end="2836" text="hematocrit" modality="FACTUAL" polarity="POS" type="TEST" />
<EVENT id="E80" start="2862" end="2900" text="an additional 2 units of packed RBC 's" modality="FACTUAL" polarity="POS" type="TREATMENT" />
<EVENT id="E81" start="2906" end="2916" text="transfused" modality="FACTUAL" polarity="POS" type="TREATMENT" />
<EVENT id="E82" start="2944" end="2963" text="her anticoagulation" modality="FACTUAL" polarity="POS" type="TREATMENT" />
<EVENT id="E83" start="2994" end="3003" text="admission" modality="FACTUAL" polarity="POS" type="OCCURRENCE" />
<EVENT id="E84" start="3024" end="3027" text="PTT" modality="FACTUAL" polarity="POS" type="TEST" />
<EVENT id="E85" start="3078" end="3090" text="her Coumadin" modality="FACTUAL" polarity="POS" type="TREATMENT" />
<EVENT id="E86" start="3118" end="3126" text="Coumadin" modality="FACTUAL" polarity="NEG" type="TREATMENT" />
<EVENT id="E87" start="3134" end="3147" text="her admission" modality="FACTUAL" polarity="POS" type="OCCURRENCE" />
<EVENT id="E88" start="3179" end="3185" text="her PT" modality="FACTUAL" polarity="POS" type="TEST" />
<EVENT id="E89" start="3226" end="3234" text="Coumadin" modality="FACTUAL" polarity="POS" type="TREATMENT" />
<EVENT id="E90" start="3252" end="3277" text="The patient 's hematocrit" modality="FACTUAL" polarity="POS" type="TEST" />
<EVENT id="E91" start="3292" end="3301" text="discharge" modality="FACTUAL" polarity="POS" type="OCCURRENCE" />
<EVENT id="E92" start="3311" end="3318" text="showing" modality="FACTUAL" polarity="POS" type="EVIDENTIAL" />
<EVENT id="E93" start="3319" end="3348" text="significant bump in her count" modality="FACTUAL" polarity="POS" type="PROBLEM" />
<EVENT id="E94" start="3379" end="3392" text="packed RBC 's" modality="FACTUAL" polarity="POS" type="TREATMENT" />
<EVENT id="E95" start="3395" end="3401" text="Her PT" modality="FACTUAL" polarity="POS" type="TEST" />
<EVENT id="E96" start="3416" end="3425" text="discharge" modality="FACTUAL" polarity="POS" type="OCCURRENCE" />
<EVENT id="E97" start="3458" end="3466" text="Coumadin" modality="FACTUAL" polarity="POS" type="TREATMENT" />
<EVENT id="E98" start="3512" end="3522" text="discharged" modality="FACTUAL" polarity="POS" type="OCCURRENCE" />
<EVENT id="E99" start="3672" end="3684" text="chemotherapy" modality="FACTUAL" polarity="POS" type="TREATMENT" />
<EVENT id="E100" start="3698" end="3707" text="follow up" modality="FACTUAL" polarity="POS" type="OCCURRENCE" />
<EVENT id="E101" start="3754" end="3763" text="repeat PT" modality="FACTUAL" polarity="POS" type="TEST" />
<EVENT id="E102" start="3768" end="3783" text="Coumadin dosing" modality="FACTUAL" polarity="POS" type="TREATMENT" />
<TIMEX3 id="T1" start="18" end="28" text="09/07/1992" type="DATE" val="1992-09-07" mod="NA" />
<TIMEX3 id="T2" start="46" end="56" text="09/12/1992" type="DATE" val="1992-09-12" mod="NA" />
<TIMEX3 id="T3" start="283" end="288" text="10-90" type="DATE" val="1990-10" mod="NA" />
<TIMEX3 id="T4" start="539" end="544" text="10-90" type="DATE" val="1990-10" mod="NA" />
<TIMEX3 id="T5" start="550" end="559" text="that time" type="DATE" val="1992-09-12" mod="NA" />
<TIMEX3 id="T6" start="1205" end="1212" text="6-27-91" type="DATE" val="1991-06-27" mod="NA" />
<TIMEX3 id="T7" start="1230" end="1237" text="8-29-91" type="DATE" val="1991-08-29" mod="NA" />
<TIMEX3 id="T8" start="1253" end="1258" text="05-92" type="DATE" val="1992-05" mod="NA" />
<TIMEX3 id="T9" start="1604" end="1610" text="3 days" type="DURATION" val="P3D" mod="NA" />
<TIMEX3 id="T10" start="1649" end="1655" text="3 days" type="DURATION" val="P3D" mod="NA" />
<TIMEX3 id="T11" start="1733" end="1739" text="1 hour" type="DURATION" val="PT1H" mod="NA" />
<TIMEX3 id="T12" start="1753" end="1759" text="3 days" type="DURATION" val="P3D" mod="NA" />
<TIMEX3 id="T13" start="2137" end="2142" text="1 day" type="DURATION" val="P1D" mod="NA" />
<TIMEX3 id="T14" start="2721" end="2730" text="that time" type="DATE" val="1991-08-29" mod="NA" />
<TIMEX3 id="T15" start="2812" end="2816" text="9-11" type="DATE" val="1992-09-11" mod="NA" />
<TIMEX3 id="T16" start="2850" end="2859" text="this time" type="DATE" val="1992-09-11" mod="NA" />
<TIMEX3 id="T17" start="3155" end="3163" text="the time" type="DATE" val="1992-09-11" mod="NA" />
<TIMEX3 id="T18" start="3242" end="3249" text="per day" type="FREQUENCY" val="RP1D" mod="NA" />
<TIMEX3 id="T19" start="3281" end="3288" text="the day" type="DATE" val="1992-09-07" mod="NA" />
<TIMEX3 id="T20" start="3405" end="3412" text="the day" type="DATE" val="1992-09-07" mod="NA" />
<TIMEX3 id="T21" start="3526" end="3533" text="9-12-92" type="DATE" val="1992-09-12" mod="NA" />
<TIMEX3 id="T22" start="3634" end="3641" text="9-28-92" type="DATE" val="1992-09-28" mod="NA" />
<TIMEX3 id="T23" start="3787" end="3803" text="Monday , 9-14-02" type="DATE" val="2002-09-14" mod="NA" />
<TLINK id="TL1" fromID="E1" fromText="Admission" toID="T1" toText="09/07/1992" type="OVERLAP" />
<TLINK id="TL3" fromID="E2" fromText="Discharge" toID="T2" toText="09/12/1992" type="OVERLAP" />
<TLINK id="TL4" fromID="E4" fromText="stage III-C ovarian cancer" toID="E3" toText="stage IV endometrial cancer" type="OVERLAP" />
<TLINK id="TL5" fromID="E5" fromText="metastatic endometrial cancer" toID="E4" toText="stage III-C ovarian cancer" type="OVERLAP" />
<TLINK id="TL6" fromID="E5" fromText="metastatic endometrial cancer" toID="E6" toText="line" type="BEFORE" />
<TLINK id="TL7" fromID="E7" fromText="chemotherapy" toID="E6" toText="line" type="OVERLAP" />
<TLINK id="TL8" fromID="E7" fromText="chemotherapy" toID="E8" toText="presented" type="BEFORE" />
<TLINK id="TL9" fromID="E8" fromText="presented" toID="T3" toText="10-90" type="OVERLAP" />
<TLINK id="TL10" fromID="E9" fromText="heavy bleeding per vagina" toID="T3" toText="10-90" type="OVERLAP" />
<TLINK id="TL11" fromID="E9" fromText="heavy bleeding per vagina" toID="E10" toText="D and C" type="OVERLAP" />
<TLINK id="TL12" fromID="E11" fromText="showed" toID="E10" toText="D and C" type="OVERLAP" />
<TLINK id="TL13" fromID="E12" fromText="grade II-III adenocarcinoma" toID="E11" toText="showed" type="BEFORE" />
<TLINK id="TL14" fromID="E13" fromText="squamous differentiation" toID="E12" toText="grade II-III adenocarcinoma" type="OVERLAP" />
<TLINK id="TL15" fromID="E14" fromText="mount Medical Center" toID="E13" toText="squamous differentiation" type="OVERLAP" />
<TLINK id="TL16" fromID="E15" fromText="TAH / BSO" toID="E14" toText="mount Medical Center" type="OVERLAP" />
<TLINK id="TL17" fromID="E16" fromText="partial omentectomy" toID="E15" toText="TAH / BSO" type="OVERLAP" />
<TLINK id="TL18" fromID="E16" fromText="partial omentectomy" toID="T4" toText="10-90" type="OVERLAP" />
<TLINK id="TL19" fromID="E16" fromText="partial omentectomy" toID="T5" toText="that time" type="OVERLAP" />
<TLINK id="TL20" fromID="T5" fromText="that time" toID="E17" toText="tumor" type="OVERLAP" />
<TLINK id="TL21" fromID="E17" fromText="tumor" toID="E18" toText="studding on the right diaphragm" type="BEFORE" />
<TLINK id="TL22" fromID="E19" fromText="gross tumor in the omentum and large bowel , tumor" toID="E18" toText="studding on the right diaphragm" type="OVERLAP" />
<TLINK id="TL23" fromID="E20" fromText="the uterine serosa" toID="E19" toText="gross tumor in the omentum and large bowel , tumor" type="OVERLAP" />
<TLINK id="TL24" fromID="E21" fromText="Pathology" toID="T5" toText="that time" type="OVERLAP" />
<TLINK id="TL25" fromID="E21" fromText="Pathology" toID="E22" toText="showed" type="OVERLAP" />
<TLINK id="TL26" fromID="E23" fromText="grade II-III papillary adenocarcinoma of the endometrium" toID="E22" toText="showed" type="BEFORE" />
<TLINK id="TL27" fromID="E24" fromText="squamous differentiation" toID="E23" toText="grade II-III papillary adenocarcinoma of the endometrium" type="OVERLAP" />
<TLINK id="TL28" fromID="E25" fromText="focally invasive and superficial myometrium" toID="E24" toText="squamous differentiation" type="OVERLAP" />
<TLINK id="TL29" fromID="E26" fromText="The ovary" toID="E25" toText="focally invasive and superficial myometrium" type="OVERLAP" />
<TLINK id="TL30" fromID="E26" fromText="The ovary" toID="E27" toText="showed" type="OVERLAP" />
<TLINK id="TL31" fromID="E28" fromText="papillary serous adeno" toID="E27" toText="showed" type="BEFORE" />
<TLINK id="TL32" fromID="E29" fromText="omental involvement" toID="E28" toText="papillary serous adeno" type="OVERLAP" />
<TLINK id="TL33" fromID="E30" fromText="an endometroid adenocarcinoma" toID="E29" toText="omental involvement" type="OVERLAP" />
<TLINK id="TL34" fromID="E31" fromText="metastatic endometrial cancer" toID="E30" toText="an endometroid adenocarcinoma" type="OVERLAP" />
<TLINK id="TL35" fromID="E31" fromText="metastatic endometrial cancer" toID="E32" toText="Pemrancetul Tonsst" type="AFTER" />
<TLINK id="TL36" fromID="E33" fromText="Cytoxan" toID="E32" toText="Pemrancetul Tonsst" type="OVERLAP" />
<TLINK id="TL37" fromID="E33" fromText="Cytoxan" toID="E34" toText="dropped" type="OVERLAP" />
<TLINK id="TL38" fromID="E35" fromText="Her CA-125" toID="E34" toText="dropped" type="OVERLAP" />
<TLINK id="TL39" fromID="E35" fromText="Her CA-125" toID="T6" toText="6-27-91" type="OVERLAP" />
<TLINK id="TL40" fromID="E35" fromText="Her CA-125" toID="T7" toText="8-29-91" type="OVERLAP" />
<TLINK id="TL41" fromID="E35" fromText="Her CA-125" toID="T8" toText="05-92" type="OVERLAP" />
<TLINK id="TL42" fromID="E35" fromText="Her CA-125" toID="E36" toText="admitted" type="OVERLAP" />
<TLINK id="TL43" fromID="E37" fromText="mount Medical Center" toID="E36" toText="admitted" type="AFTER" />
<TLINK id="TL44" fromID="E38" fromText="left leg DVT" toID="E37" toText="mount Medical Center" type="OVERLAP" />
<TLINK id="TL45" fromID="E39" fromText="Heparin therapy" toID="T8" toText="05-92" type="OVERLAP" />
<TLINK id="TL46" fromID="E39" fromText="Heparin therapy" toID="E40" toText="discharged" type="OVERLAP" />
<TLINK id="TL47" fromID="E41" fromText="Coumadin therapy" toID="E40" toText="discharged" type="BEFORE" />
<TLINK id="TL48" fromID="E42" fromText="admission" toID="E41" toText="Coumadin therapy" type="OVERLAP" />
<TLINK id="TL49" fromID="E43" fromText="complaints" toID="E42" toText="admission" type="OVERLAP" />
<TLINK id="TL50" fromID="E44" fromText="anxiety" toID="E43" toText="complaints" type="BEFORE" />
<TLINK id="TL51" fromID="E45" fromText="chemotherapy" toID="T9" toText="3 days" type="OVERLAP" />
<TLINK id="TL52" fromID="E46" fromText="MESNA" toID="T9" toText="3 days" type="OVERLAP" />
<TLINK id="TL53" fromID="E46" fromText="MESNA" toID="T10" toText="3 days" type="OVERLAP" />
<TLINK id="TL54" fromID="E47" fromText="continuous IV infusion" toID="E46" toText="MESNA" type="OVERLAP" />
<TLINK id="TL55" fromID="E48" fromText="VP-16 mixed" toID="E47" toText="continuous IV infusion" type="OVERLAP" />
<TLINK id="TL56" fromID="E48" fromText="VP-16 mixed" toID="T11" toText="1 hour" type="OVERLAP" />
<TLINK id="TL57" fromID="E48" fromText="VP-16 mixed" toID="T12" toText="3 days" type="OVERLAP" />
<TLINK id="TL58" fromID="E49" fromText="MESNA dose of" toID="T12" toText="3 days" type="OVERLAP" />
<TLINK id="TL59" fromID="E50" fromText="her IFEX / MESNA" toID="E49" toText="MESNA dose of" type="OVERLAP" />
<TLINK id="TL60" fromID="E50" fromText="her IFEX / MESNA" toID="E51" toText="The patient 's urinalysis" type="OVERLAP" />
<TLINK id="TL61" fromID="E51" fromText="The patient 's urinalysis" toID="E52" toText="admission" type="OVERLAP" />
<TLINK id="TL62" fromID="E53" fromText="red blood cells" toID="E52" toText="admission" type="OVERLAP" />
<TLINK id="TL63" fromID="E54" fromText="TNTC" toID="E53" toText="red blood cells" type="OVERLAP" />
<TLINK id="TL64" fromID="E55" fromText="uric acid" toID="E54" toText="TNTC" type="OVERLAP" />
<TLINK id="TL65" fromID="E56" fromText="bleeding" toID="E55" toText="uric acid" type="BEFORE" />
<TLINK id="TL66" fromID="E57" fromText="her IFEX" toID="E56" toText="bleeding" type="BEFORE" />
<TLINK id="TL67" fromID="E57" fromText="her IFEX" toID="E58" toText="MESNA" type="OVERLAP" />
<TLINK id="TL68" fromID="E59" fromText="A repeat straight cath" toID="E58" toText="MESNA" type="OVERLAP" />
<TLINK id="TL69" fromID="E60" fromText="RBC 's" toID="E59" toText="A repeat straight cath" type="BEFORE" />
<TLINK id="TL70" fromID="E60" fromText="RBC 's" toID="T13" toText="1 day" type="OVERLAP" />
<TLINK id="TL71" fromID="E61" fromText="chemotherapy" toID="T13" toText="1 day" type="OVERLAP" />
<TLINK id="TL72" fromID="E62" fromText="RBC 's in her urine" toID="E61" toText="chemotherapy" type="BEFORE" />
<TLINK id="TL73" fromID="E62" fromText="RBC 's in her urine" toID="E63" toText="her IFEX infusion" type="BEFORE" />
<TLINK id="TL74" fromID="E64" fromText="RBC 's in her urine" toID="E63" toText="her IFEX infusion" type="BEFORE" />
<TLINK id="TL75" fromID="E65" fromText="transitional epithelial cells" toID="E64" toText="RBC 's in her urine" type="OVERLAP" />
<TLINK id="TL76" fromID="E65" fromText="transitional epithelial cells" toID="E66" toText="her IFEX" type="BEFORE" />
<TLINK id="TL77" fromID="E66" fromText="her IFEX" toID="E67" toText="infusion" type="AFTER" />
<TLINK id="TL78" fromID="E68" fromText="Her MESNA alone" toID="E67" toText="infusion" type="OVERLAP" />
<TLINK id="TL79" fromID="E69" fromText="IV infusion" toID="E68" toText="Her MESNA alone" type="OVERLAP" />
<TLINK id="TL80" fromID="E70" fromText="her VP-16" toID="E69" toText="IV infusion" type="OVERLAP" />
<TLINK id="TL81" fromID="E71" fromText="complication" toID="E70" toText="her VP-16" type="OVERLAP" />
<TLINK id="TL82" fromID="E72" fromText="significant issues" toID="E71" toText="complication" type="OVERLAP" />
<TLINK id="TL83" fromID="E73" fromText="the patient 's hematocrit" toID="E72" toText="significant issues" type="OVERLAP" />
<TLINK id="TL84" fromID="E73" fromText="the patient 's hematocrit" toID="E74" toText="admission" type="OVERLAP" />
<TLINK id="TL85" fromID="E75" fromText="counselled" toID="E74" toText="admission" type="BEFORE" />
<TLINK id="TL86" fromID="E76" fromText="2 units of packed RBC 's" toID="E75" toText="counselled" type="OVERLAP" />
<TLINK id="TL87" fromID="E76" fromText="2 units of packed RBC 's" toID="T14" toText="that time" type="OVERLAP" />
<TLINK id="TL88" fromID="E77" fromText="the patient 's hematocrit" toID="T14" toText="that time" type="OVERLAP" />
<TLINK id="TL89" fromID="E77" fromText="the patient 's hematocrit" toID="T15" toText="9-11" type="OVERLAP" />
<TLINK id="TL90" fromID="E77" fromText="the patient 's hematocrit" toID="E78" toText="showed" type="OVERLAP" />
<TLINK id="TL91" fromID="E79" fromText="hematocrit" toID="E78" toText="showed" type="OVERLAP" />
<TLINK id="TL92" fromID="E79" fromText="hematocrit" toID="T16" toText="this time" type="OVERLAP" />
<TLINK id="TL93" fromID="T16" fromText="this time" toID="E80" toText="an additional 2 units of packed RBC 's" type="OVERLAP" />
<TLINK id="TL94" fromID="E80" fromText="an additional 2 units of packed RBC 's" toID="E81" toText="transfused" type="OVERLAP" />
<TLINK id="TL95" fromID="E82" fromText="her anticoagulation" toID="E81" toText="transfused" type="OVERLAP" />
<TLINK id="TL96" fromID="E83" fromText="admission" toID="E82" toText="her anticoagulation" type="OVERLAP" />
<TLINK id="TL97" fromID="E84" fromText="PTT" toID="E83" toText="admission" type="OVERLAP" />
<TLINK id="TL98" fromID="E85" fromText="her Coumadin" toID="E84" toText="PTT" type="AFTER" />
<TLINK id="TL99" fromID="E86" fromText="Coumadin" toID="E85" toText="her Coumadin" type="OVERLAP" />
<TLINK id="TL100" fromID="E86" fromText="Coumadin" toID="E87" toText="her admission" type="OVERLAP" />
<TLINK id="TL101" fromID="E87" fromText="her admission" toID="T17" toText="the time" type="OVERLAP" />
<TLINK id="TL102" fromID="E88" fromText="her PT" toID="T17" toText="the time" type="OVERLAP" />
<TLINK id="TL103" fromID="E89" fromText="Coumadin" toID="E88" toText="her PT" type="BEFORE" />
<TLINK id="TL104" fromID="E89" fromText="Coumadin" toID="T18" toText="per day" type="OVERLAP" />
<TLINK id="TL105" fromID="E90" fromText="The patient 's hematocrit" toID="E89" toText="Coumadin" type="AFTER" />
<TLINK id="TL106" fromID="E90" fromText="The patient 's hematocrit" toID="T19" toText="the day" type="OVERLAP" />
<TLINK id="TL107" fromID="T19" fromText="the day" toID="E91" toText="discharge" type="OVERLAP" />
<TLINK id="TL108" fromID="E92" fromText="showing" toID="E91" toText="discharge" type="OVERLAP" />
<TLINK id="TL109" fromID="E93" fromText="significant bump in her count" toID="E92" toText="showing" type="BEFORE" />
<TLINK id="TL110" fromID="E93" fromText="significant bump in her count" toID="E94" toText="packed RBC 's" type="BEFORE" />
<TLINK id="TL111" fromID="E95" fromText="Her PT" toID="E94" toText="packed RBC 's" type="OVERLAP" />
<TLINK id="TL112" fromID="E95" fromText="Her PT" toID="T20" toText="the day" type="OVERLAP" />
<TLINK id="TL113" fromID="T20" fromText="the day" toID="E96" toText="discharge" type="OVERLAP" />
<TLINK id="TL114" fromID="E97" fromText="Coumadin" toID="E96" toText="discharge" type="BEFORE" />
<TLINK id="TL115" fromID="E97" fromText="Coumadin" toID="E98" toText="discharged" type="OVERLAP" />
<TLINK id="TL116" fromID="E98" fromText="discharged" toID="T21" toText="9-12-92" type="OVERLAP" />
<TLINK id="TL117" fromID="E99" fromText="chemotherapy" toID="T22" toText="9-28-92" type="OVERLAP" />
<TLINK id="TL118" fromID="E100" fromText="follow up" toID="E99" toText="chemotherapy" type="AFTER" />
<TLINK id="TL119" fromID="E101" fromText="repeat PT" toID="E100" toText="follow up" type="AFTER" />
<TLINK id="TL120" fromID="E101" fromText="repeat PT" toID="E102" toText="Coumadin dosing" type="OVERLAP" />
<TLINK id="TL121" fromID="E102" fromText="Coumadin dosing" toID="T23" toText="Monday , 9-14-02" type="OVERLAP" />
<TLINK id="SECTIME0" fromID="E1" fromText="Admission" toID="T1" toText="09/07/1992" type="BEFORE" />
<TLINK id="SECTIME1" fromID="E2" fromText="Discharge" toID="T1" toText="09/07/1992" type="BEFORE" />
<TLINK id="SECTIME2" fromID="E3" fromText="stage IV endometrial cancer" toID="T1" toText="09/07/1992" type="BEFORE" />
<TLINK id="SECTIME3" fromID="E4" fromText="stage III-C ovarian cancer" toID="T1" toText="09/07/1992" type="BEFORE" />
<TLINK id="SECTIME4" fromID="E5" fromText="metastatic endometrial cancer" toID="T1" toText="09/07/1992" type="BEFORE" />
<TLINK id="SECTIME5" fromID="E6" fromText="line" toID="T1" toText="09/07/1992" type="BEFORE" />
<TLINK id="SECTIME6" fromID="E7" fromText="chemotherapy" toID="T1" toText="09/07/1992" type="BEFORE" />
<TLINK id="SECTIME7" fromID="E8" fromText="presented" toID="T1" toText="09/07/1992" type="BEFORE" />
<TLINK id="SECTIME8" fromID="E9" fromText="heavy bleeding per vagina" toID="T1" toText="09/07/1992" type="BEFORE" />
<TLINK id="SECTIME9" fromID="E10" fromText="D and C" toID="T1" toText="09/07/1992" type="BEFORE" />
<TLINK id="SECTIME10" fromID="E11" fromText="showed" toID="T1" toText="09/07/1992" type="BEFORE" />
<TLINK id="SECTIME11" fromID="E12" fromText="grade II-III adenocarcinoma" toID="T1" toText="09/07/1992" type="BEFORE" />
<TLINK id="SECTIME12" fromID="E13" fromText="squamous differentiation" toID="T1" toText="09/07/1992" type="BEFORE" />
<TLINK id="SECTIME13" fromID="E14" fromText="mount Medical Center" toID="T1" toText="09/07/1992" type="BEFORE" />
<TLINK id="SECTIME14" fromID="E15" fromText="TAH / BSO" toID="T1" toText="09/07/1992" type="BEFORE" />
<TLINK id="SECTIME15" fromID="E16" fromText="partial omentectomy" toID="T1" toText="09/07/1992" type="BEFORE" />
<TLINK id="SECTIME16" fromID="E17" fromText="tumor" toID="T1" toText="09/07/1992" type="BEFORE" />
<TLINK id="SECTIME17" fromID="E18" fromText="studding on the right diaphragm" toID="T1" toText="09/07/1992" type="BEFORE" />
<TLINK id="SECTIME18" fromID="E19" fromText="gross tumor in the omentum and large bowel , tumor" toID="T1" toText="09/07/1992" type="BEFORE" />
<TLINK id="SECTIME19" fromID="E20" fromText="the uterine serosa" toID="T1" toText="09/07/1992" type="BEFORE" />
<TLINK id="SECTIME20" fromID="E21" fromText="Pathology" toID="T1" toText="09/07/1992" type="BEFORE" />
<TLINK id="SECTIME21" fromID="E22" fromText="showed" toID="T1" toText="09/07/1992" type="BEFORE" />
<TLINK id="SECTIME22" fromID="E23" fromText="grade II-III papillary adenocarcinoma of the endometrium" toID="T1" toText="09/07/1992" type="BEFORE" />
<TLINK id="SECTIME23" fromID="E24" fromText="squamous differentiation" toID="T1" toText="09/07/1992" type="BEFORE" />
<TLINK id="SECTIME24" fromID="E25" fromText="focally invasive and superficial myometrium" toID="T1" toText="09/07/1992" type="BEFORE" />
<TLINK id="SECTIME25" fromID="E26" fromText="The ovary" toID="T1" toText="09/07/1992" type="BEFORE" />
<TLINK id="SECTIME26" fromID="E27" fromText="showed" toID="T1" toText="09/07/1992" type="BEFORE" />
<TLINK id="SECTIME27" fromID="E28" fromText="papillary serous adeno" toID="T1" toText="09/07/1992" type="BEFORE" />
<TLINK id="SECTIME28" fromID="E29" fromText="omental involvement" toID="T1" toText="09/07/1992" type="BEFORE" />
<TLINK id="SECTIME29" fromID="E30" fromText="an endometroid adenocarcinoma" toID="T1" toText="09/07/1992" type="BEFORE" />
<TLINK id="SECTIME30" fromID="E31" fromText="metastatic endometrial cancer" toID="T1" toText="09/07/1992" type="BEFORE" />
<TLINK id="SECTIME31" fromID="E32" fromText="Pemrancetul Tonsst" toID="T1" toText="09/07/1992" type="BEFORE" />
<TLINK id="SECTIME32" fromID="E33" fromText="Cytoxan" toID="T1" toText="09/07/1992" type="BEFORE" />
<TLINK id="SECTIME33" fromID="E34" fromText="dropped" toID="T1" toText="09/07/1992" type="BEFORE" />
<TLINK id="SECTIME34" fromID="E35" fromText="Her CA-125" toID="T1" toText="09/07/1992" type="BEFORE" />
<TLINK id="SECTIME35" fromID="E36" fromText="admitted" toID="T1" toText="09/07/1992" type="BEFORE" />
<TLINK id="SECTIME36" fromID="E37" fromText="mount Medical Center" toID="T1" toText="09/07/1992" type="BEFORE" />
<TLINK id="SECTIME37" fromID="E38" fromText="left leg DVT" toID="T1" toText="09/07/1992" type="BEFORE" />
<TLINK id="SECTIME38" fromID="E39" fromText="Heparin therapy" toID="T1" toText="09/07/1992" type="BEFORE" />
<TLINK id="SECTIME39" fromID="E40" fromText="discharged" toID="T1" toText="09/07/1992" type="OVERLAP" />
<TLINK id="SECTIME40" fromID="E41" fromText="Coumadin therapy" toID="T1" toText="09/07/1992" type="BEFORE" />
<TLINK id="SECTIME41" fromID="E42" fromText="admission" toID="T1" toText="09/07/1992" type="BEFORE" />
<TLINK id="SECTIME42" fromID="E43" fromText="complaints" toID="T1" toText="09/07/1992" type="BEFORE" />
<TLINK id="SECTIME43" fromID="E44" fromText="anxiety" toID="T1" toText="09/07/1992" type="BEFORE" />
<TLINK id="SECTIME44" fromID="E45" fromText="chemotherapy" toID="T2" toText="09/12/1992" type="BEFORE" />
<TLINK id="SECTIME45" fromID="E46" fromText="MESNA" toID="T2" toText="09/12/1992" type="BEFORE" />
<TLINK id="SECTIME46" fromID="E47" fromText="continuous IV infusion" toID="T2" toText="09/12/1992" type="BEFORE" />
<TLINK id="SECTIME47" fromID="E48" fromText="VP-16 mixed" toID="T2" toText="09/12/1992" type="BEFORE" />
<TLINK id="SECTIME48" fromID="E49" fromText="MESNA dose of" toID="T2" toText="09/12/1992" type="BEFORE" />
<TLINK id="SECTIME49" fromID="E50" fromText="her IFEX / MESNA" toID="T2" toText="09/12/1992" type="BEFORE" />
<TLINK id="SECTIME50" fromID="E51" fromText="The patient 's urinalysis" toID="T2" toText="09/12/1992" type="BEFORE" />
<TLINK id="SECTIME51" fromID="E52" fromText="admission" toID="T2" toText="09/12/1992" type="BEFORE" />
<TLINK id="SECTIME52" fromID="E53" fromText="red blood cells" toID="T2" toText="09/12/1992" type="BEFORE" />
<TLINK id="SECTIME53" fromID="E54" fromText="TNTC" toID="T2" toText="09/12/1992" type="BEFORE" />
<TLINK id="SECTIME54" fromID="E55" fromText="uric acid" toID="T2" toText="09/12/1992" type="BEFORE" />
<TLINK id="SECTIME55" fromID="E56" fromText="bleeding" toID="T2" toText="09/12/1992" type="BEFORE" />
<TLINK id="SECTIME56" fromID="E57" fromText="her IFEX" toID="T2" toText="09/12/1992" type="BEFORE" />
<TLINK id="SECTIME57" fromID="E58" fromText="MESNA" toID="T2" toText="09/12/1992" type="BEFORE" />
<TLINK id="SECTIME58" fromID="E59" fromText="A repeat straight cath" toID="T2" toText="09/12/1992" type="BEFORE" />
<TLINK id="SECTIME59" fromID="E60" fromText="RBC 's" toID="T2" toText="09/12/1992" type="BEFORE" />
<TLINK id="SECTIME60" fromID="E61" fromText="chemotherapy" toID="T2" toText="09/12/1992" type="BEFORE" />
<TLINK id="SECTIME61" fromID="E62" fromText="RBC 's in her urine" toID="T2" toText="09/12/1992" type="BEFORE" />
<TLINK id="SECTIME62" fromID="E63" fromText="her IFEX infusion" toID="T2" toText="09/12/1992" type="BEFORE" />
<TLINK id="SECTIME63" fromID="E64" fromText="RBC 's in her urine" toID="T2" toText="09/12/1992" type="BEFORE" />
<TLINK id="SECTIME64" fromID="E65" fromText="transitional epithelial cells" toID="T2" toText="09/12/1992" type="BEFORE" />
<TLINK id="SECTIME65" fromID="E66" fromText="her IFEX" toID="T2" toText="09/12/1992" type="BEFORE" />
<TLINK id="SECTIME66" fromID="E67" fromText="infusion" toID="T2" toText="09/12/1992" type="BEFORE" />
<TLINK id="SECTIME67" fromID="E68" fromText="Her MESNA alone" toID="T2" toText="09/12/1992" type="BEFORE" />
<TLINK id="SECTIME68" fromID="E69" fromText="IV infusion" toID="T2" toText="09/12/1992" type="BEFORE" />
<TLINK id="SECTIME69" fromID="E70" fromText="her VP-16" toID="T2" toText="09/12/1992" type="BEFORE" />
<TLINK id="SECTIME70" fromID="E71" fromText="complication" toID="T2" toText="09/12/1992" type="BEFORE" />
<TLINK id="SECTIME71" fromID="E72" fromText="significant issues" toID="T2" toText="09/12/1992" type="BEFORE" />
<TLINK id="SECTIME72" fromID="E73" fromText="the patient 's hematocrit" toID="T2" toText="09/12/1992" type="BEFORE" />
<TLINK id="SECTIME73" fromID="E74" fromText="admission" toID="T2" toText="09/12/1992" type="BEFORE" />
<TLINK id="SECTIME74" fromID="E75" fromText="counselled" toID="T2" toText="09/12/1992" type="BEFORE" />
<TLINK id="SECTIME75" fromID="E76" fromText="2 units of packed RBC 's" toID="T2" toText="09/12/1992" type="BEFORE" />
<TLINK id="SECTIME76" fromID="E77" fromText="the patient 's hematocrit" toID="T2" toText="09/12/1992" type="BEFORE" />
<TLINK id="SECTIME77" fromID="E78" fromText="showed" toID="T2" toText="09/12/1992" type="BEFORE" />
<TLINK id="SECTIME78" fromID="E79" fromText="hematocrit" toID="T2" toText="09/12/1992" type="BEFORE" />
<TLINK id="SECTIME79" fromID="E80" fromText="an additional 2 units of packed RBC 's" toID="T2" toText="09/12/1992" type="BEFORE" />
<TLINK id="SECTIME80" fromID="E81" fromText="transfused" toID="T2" toText="09/12/1992" type="BEFORE" />
<TLINK id="SECTIME81" fromID="E82" fromText="her anticoagulation" toID="T2" toText="09/12/1992" type="BEFORE" />
<TLINK id="SECTIME82" fromID="E83" fromText="admission" toID="T2" toText="09/12/1992" type="BEFORE" />
<TLINK id="SECTIME83" fromID="E84" fromText="PTT" toID="T2" toText="09/12/1992" type="BEFORE" />
<TLINK id="SECTIME84" fromID="E85" fromText="her Coumadin" toID="T2" toText="09/12/1992" type="BEFORE" />
<TLINK id="SECTIME85" fromID="E86" fromText="Coumadin" toID="T2" toText="09/12/1992" type="BEFORE" />
<TLINK id="SECTIME86" fromID="E87" fromText="her admission" toID="T2" toText="09/12/1992" type="BEFORE" />
<TLINK id="SECTIME87" fromID="E88" fromText="her PT" toID="T2" toText="09/12/1992" type="BEFORE" />
<TLINK id="SECTIME88" fromID="E89" fromText="Coumadin" toID="T2" toText="09/12/1992" type="BEFORE" />
<TLINK id="SECTIME89" fromID="E90" fromText="The patient 's hematocrit" toID="T2" toText="09/12/1992" type="BEFORE" />
<TLINK id="SECTIME90" fromID="E91" fromText="discharge" toID="T2" toText="09/12/1992" type="BEFORE" />
<TLINK id="SECTIME91" fromID="E92" fromText="showing" toID="T2" toText="09/12/1992" type="BEFORE" />
<TLINK id="SECTIME92" fromID="E93" fromText="significant bump in her count" toID="T2" toText="09/12/1992" type="BEFORE" />
<TLINK id="SECTIME93" fromID="E94" fromText="packed RBC 's" toID="T2" toText="09/12/1992" type="BEFORE" />
<TLINK id="SECTIME94" fromID="E95" fromText="Her PT" toID="T2" toText="09/12/1992" type="BEFORE" />
<TLINK id="SECTIME95" fromID="E96" fromText="discharge" toID="T2" toText="09/12/1992" type="BEFORE" />
<TLINK id="SECTIME96" fromID="E97" fromText="Coumadin" toID="T2" toText="09/12/1992" type="BEFORE" />
<TLINK id="SECTIME97" fromID="E98" fromText="discharged" toID="T2" toText="09/12/1992" type="OVERLAP" />
<TLINK id="SECTIME98" fromID="E99" fromText="chemotherapy" toID="T2" toText="09/12/1992" type="BEFORE" />
<TLINK id="SECTIME99" fromID="E100" fromText="follow up" toID="T2" toText="09/12/1992" type="AFTER" />
<TLINK id="SECTIME100" fromID="E101" fromText="repeat PT" toID="T2" toText="09/12/1992" type="BEFORE" />
<TLINK id="SECTIME101" fromID="E102" fromText="Coumadin dosing" toID="T2" toText="09/12/1992" type="BEFORE" />
<SECTIME id="S0" start="18" end="28" text="09/07/1992" type="ADMISSION" dvalue="1992-09-07" />
<SECTIME id="S1" start="46" end="56" text="09/12/1992" type="DISCHARGE" dvalue="1992-09-12" />
</TAGS>
</ClinicalNarrativeTemporalAnnotation>

