<?xml version="1.0" encoding="UTF-8" ?>
<ClinicalNarrativeTemporalAnnotation>
<TEXT><![CDATA[
ADMISSION DATE :
6-15-94
DISCHARGE DATE :
6-26-94
HISTORY OF PRESENT ILLNESS :
Ms. Tlandkotesmitskote is a patient who came complaining of feeling dizzy and bumping into objects on her left side .
She is a seventy-one year old female with a history of hypertension who is in otherwise good health .
This morning while on a cruise ship , she was eating breakfast when she suddenly noticed she could not see a roll on her plate although she knew that it was there .
She also felt dizzy and the room was spinning .
While walking , she kept bumping into object on her left side .
She also complained of a dull , right sided headache over the right eyebrow .
Symptoms lasted about five hours and then gradually resolved except for the change in vision .
She denied having any weakness , numbness , or pain .
She also denies having hoarseness , difficulties in finding words , speaking , hiccups , or diplopia .
HOSPITAL COURSE :
The patient was admitted to the hospital for further evaluation and work up .
The patient was admitted to the Intermediate Care Unit in the Neurology Intensive Care Unit .
However , she was soon moved out of there as her examination appeared to be stable .
A Neurosurgery Service consultation was obtained and they felt that no surgical intervention was required .
The patient underwent a number of tests .
She had a magnetic resonance imaging study and magnetic resonance imaging angiogram performed which showed a large hemorrhagic lesion on the occipital lobe .
There was no clear enhancing mass , but follow up was suggested .
So an magnetic resonance imaging angiogram was obtained and showed the right parietal occipital hemorrhage .
The MRA showed mild narrowing of the left ICA just distal to the bifurcation .
There was also scattered T2 hyperintense foci within the periventricular and left frontal white matter consistent with small vessel disease , gliosis or demyelination .
A Holter monitor was obtained and showed that the patient was in normal sinus rhythm .
The heart rate was 53 to 106 .
There were some very rare atrial premature contractions .
There were no ventricular premature contractions .
An echocardiogram was obtained and showed that the ejection fraction was 60% and there was no thrombus .
It was felt to be within normal limits .
Over the ensuing days , the patient had several episodes of confusion at night .
However , these gradually resolved .
She also developed what appeared to be urinary tract infection and was placed on PO Bactrim .
By 6-26-94 , the patient was felt to be ready for discharge .
At that time , she was afebrile and her vital signs were stable .
She was tolerating a regular diet .
She was awake , alert and oriented to person , place , and time .
She continued to have a dense left hemianopsia , but otherwise was neurologically intact .
The patient was discharged home with Santea Gehawhi General Hospital care and instructed to follow up .
]]></TEXT>
<TAGS>
<EVENT id="E1" start="1" end="10" text="ADMISSION" modality="FACTUAL" polarity="POS" type="OCCURRENCE" />
<EVENT id="E2" start="26" end="35" text="DISCHARGE" modality="FACTUAL" polarity="POS" type="OCCURRENCE" />
<EVENT id="E3" start="140" end="153" text="feeling dizzy" modality="FACTUAL" polarity="POS" type="PROBLEM" />
<EVENT id="E4" start="158" end="165" text="bumping" modality="FACTUAL" polarity="POS" type="EVIDENTIAL" />
<EVENT id="E5" start="253" end="265" text="hypertension" modality="FACTUAL" polarity="POS" type="PROBLEM" />
<EVENT id="E6" start="286" end="297" text="good health" modality="FACTUAL" polarity="POS" type="OCCURRENCE" />
<EVENT id="E7" start="322" end="335" text="a cruise ship" modality="FACTUAL" polarity="POS" type="TREATMENT" />
<EVENT id="E8" start="346" end="362" text="eating breakfast" modality="FACTUAL" polarity="POS" type="OCCURRENCE" />
<EVENT id="E9" start="417" end="426" text="her plate" modality="FACTUAL" polarity="POS" type="TREATMENT" />
<EVENT id="E10" start="479" end="484" text="dizzy" modality="FACTUAL" polarity="POS" type="PROBLEM" />
<EVENT id="E11" start="519" end="526" text="walking" modality="FACTUAL" polarity="POS" type="OCCURRENCE" />
<EVENT id="E12" start="538" end="545" text="bumping" modality="FACTUAL" polarity="POS" type="OCCURRENCE" />
<EVENT id="E13" start="586" end="596" text="complained" modality="FACTUAL" polarity="POS" type="EVIDENTIAL" />
<EVENT id="E14" start="600" end="606" text="a dull" modality="FACTUAL" polarity="POS" type="PROBLEM" />
<EVENT id="E15" start="609" end="629" text="right sided headache" modality="FACTUAL" polarity="POS" type="PROBLEM" />
<EVENT id="E16" start="655" end="663" text="Symptoms" modality="FACTUAL" polarity="POS" type="PROBLEM" />
<EVENT id="E17" start="727" end="747" text="the change in vision" modality="FACTUAL" polarity="POS" type="PROBLEM" />
<EVENT id="E18" start="754" end="760" text="denied" modality="FACTUAL" polarity="POS" type="EVIDENTIAL" />
<EVENT id="E19" start="768" end="780" text="any weakness" modality="FACTUAL" polarity="POS" type="PROBLEM" />
<EVENT id="E20" start="783" end="791" text="numbness" modality="FACTUAL" polarity="NEG" type="PROBLEM" />
<EVENT id="E21" start="797" end="801" text="pain" modality="FACTUAL" polarity="NEG" type="PROBLEM" />
<EVENT id="E22" start="813" end="819" text="denies" modality="FACTUAL" polarity="POS" type="EVIDENTIAL" />
<EVENT id="E23" start="827" end="837" text="hoarseness" modality="FACTUAL" polarity="POS" type="PROBLEM" />
<EVENT id="E24" start="840" end="869" text="difficulties in finding words" modality="FACTUAL" polarity="POS" type="PROBLEM" />
<EVENT id="E25" start="883" end="890" text="hiccups" modality="FACTUAL" polarity="POS" type="PROBLEM" />
<EVENT id="E26" start="896" end="904" text="diplopia" modality="FACTUAL" polarity="POS" type="PROBLEM" />
<EVENT id="E27" start="941" end="949" text="admitted" modality="FACTUAL" polarity="POS" type="OCCURRENCE" />
<EVENT id="E28" start="953" end="965" text="the hospital" modality="FACTUAL" polarity="POS" type="CLINICAL_DEPT" />
<EVENT id="E29" start="970" end="988" text="further evaluation" modality="FACTUAL" polarity="POS" type="TEST" />
<EVENT id="E30" start="993" end="1000" text="work up" modality="FACTUAL" polarity="POS" type="TEST" />
<EVENT id="E31" start="1019" end="1027" text="admitted" modality="FACTUAL" polarity="POS" type="OCCURRENCE" />
<EVENT id="E32" start="1031" end="1057" text="the Intermediate Care Unit" modality="FACTUAL" polarity="POS" type="CLINICAL_DEPT" />
<EVENT id="E33" start="1061" end="1094" text="the Neurology Intensive Care Unit" modality="FACTUAL" polarity="POS" type="CLINICAL_DEPT" />
<EVENT id="E34" start="1142" end="1157" text="her examination" modality="FACTUAL" polarity="POS" type="TEST" />
<EVENT id="E35" start="1173" end="1179" text="stable" modality="FACTUAL" polarity="POS" type="OCCURRENCE" />
<EVENT id="E36" start="1182" end="1217" text="A Neurosurgery Service consultation" modality="FACTUAL" polarity="POS" type="CLINICAL_DEPT" />
<EVENT id="E37" start="1253" end="1274" text="surgical intervention" modality="FACTUAL" polarity="NEG" type="TREATMENT" />
<EVENT id="E38" start="1340" end="1374" text="a magnetic resonance imaging study" modality="FACTUAL" polarity="POS" type="TEST" />
<EVENT id="E39" start="1379" end="1415" text="magnetic resonance imaging angiogram" modality="FACTUAL" polarity="POS" type="TEST" />
<EVENT id="E40" start="1432" end="1438" text="showed" modality="FACTUAL" polarity="POS" type="EVIDENTIAL" />
<EVENT id="E41" start="1439" end="1465" text="a large hemorrhagic lesion" modality="FACTUAL" polarity="POS" type="PROBLEM" />
<EVENT id="E42" start="1469" end="1487" text="the occipital lobe" modality="FACTUAL" polarity="POS" type="PROBLEM" />
<EVENT id="E43" start="1503" end="1523" text="clear enhancing mass" modality="FACTUAL" polarity="NEG" type="PROBLEM" />
<EVENT id="E44" start="1530" end="1539" text="follow up" modality="FACTUAL" polarity="POS" type="EVIDENTIAL" />
<EVENT id="E45" start="1559" end="1598" text="an magnetic resonance imaging angiogram" modality="FACTUAL" polarity="POS" type="TEST" />
<EVENT id="E46" start="1616" end="1622" text="showed" modality="FACTUAL" polarity="POS" type="EVIDENTIAL" />
<EVENT id="E47" start="1623" end="1662" text="the right parietal occipital hemorrhage" modality="FACTUAL" polarity="POS" type="PROBLEM" />
<EVENT id="E48" start="1665" end="1672" text="The MRA" modality="FACTUAL" polarity="POS" type="TEST" />
<EVENT id="E49" start="1673" end="1679" text="showed" modality="FACTUAL" polarity="POS" type="EVIDENTIAL" />
<EVENT id="E50" start="1680" end="1710" text="mild narrowing of the left ICA" modality="FACTUAL" polarity="POS" type="PROBLEM" />
<EVENT id="E51" start="1716" end="1741" text="distal to the bifurcation" modality="FACTUAL" polarity="POS" type="PROBLEM" />
<EVENT id="E52" start="1759" end="1846" text="scattered T2 hyperintense foci within the periventricular and left frontal white matter" modality="FACTUAL" polarity="POS" type="PROBLEM" />
<EVENT id="E53" start="1863" end="1883" text="small vessel disease" modality="FACTUAL" polarity="POS" type="PROBLEM" />
<EVENT id="E54" start="1886" end="1893" text="gliosis" modality="FACTUAL" polarity="POS" type="PROBLEM" />
<EVENT id="E55" start="1897" end="1910" text="demyelination" modality="FACTUAL" polarity="POS" type="PROBLEM" />
<EVENT id="E56" start="1913" end="1929" text="A Holter monitor" modality="FACTUAL" polarity="POS" type="TEST" />
<EVENT id="E57" start="1947" end="1953" text="showed" modality="FACTUAL" polarity="POS" type="EVIDENTIAL" />
<EVENT id="E58" start="1978" end="1997" text="normal sinus rhythm" modality="FACTUAL" polarity="POS" type="OCCURRENCE" />
<EVENT id="E59" start="2000" end="2014" text="The heart rate" modality="FACTUAL" polarity="POS" type="TEST" />
<EVENT id="E60" start="2042" end="2086" text="some very rare atrial premature contractions" modality="FACTUAL" polarity="POS" type="PROBLEM" />
<EVENT id="E61" start="2103" end="2137" text="ventricular premature contractions" modality="FACTUAL" polarity="NEG" type="PROBLEM" />
<EVENT id="E62" start="2140" end="2157" text="An echocardiogram" modality="FACTUAL" polarity="POS" type="TEST" />
<EVENT id="E63" start="2175" end="2181" text="showed" modality="FACTUAL" polarity="POS" type="EVIDENTIAL" />
<EVENT id="E64" start="2187" end="2208" text="the ejection fraction" modality="FACTUAL" polarity="POS" type="TEST" />
<EVENT id="E65" start="2234" end="2242" text="thrombus" modality="FACTUAL" polarity="NEG" type="PROBLEM" />
<EVENT id="E66" start="2346" end="2355" text="confusion" modality="FACTUAL" polarity="POS" type="PROBLEM" />
<EVENT id="E67" start="2443" end="2466" text="urinary tract infection" modality="FACTUAL" polarity="POS" type="PROBLEM" />
<EVENT id="E68" start="2485" end="2495" text="PO Bactrim" modality="FACTUAL" polarity="POS" type="TREATMENT" />
<EVENT id="E69" start="2548" end="2557" text="discharge" modality="FACTUAL" polarity="POS" type="OCCURRENCE" />
<EVENT id="E70" start="2583" end="2591" text="afebrile" modality="FACTUAL" polarity="POS" type="PROBLEM" />
<EVENT id="E71" start="2596" end="2611" text="her vital signs" modality="FACTUAL" polarity="POS" type="TEST" />
<EVENT id="E72" start="2617" end="2623" text="stable" modality="FACTUAL" polarity="POS" type="OCCURRENCE" />
<EVENT id="E73" start="2645" end="2659" text="a regular diet" modality="FACTUAL" polarity="POS" type="OCCURRENCE" />
<EVENT id="E74" start="2670" end="2675" text="awake" modality="FACTUAL" polarity="POS" type="OCCURRENCE" />
<EVENT id="E75" start="2678" end="2683" text="alert" modality="FACTUAL" polarity="POS" type="OCCURRENCE" />
<EVENT id="E76" start="2688" end="2696" text="oriented" modality="FACTUAL" polarity="POS" type="OCCURRENCE" />
<EVENT id="E77" start="2750" end="2774" text="a dense left hemianopsia" modality="FACTUAL" polarity="POS" type="PROBLEM" />
<EVENT id="E78" start="2835" end="2845" text="discharged" modality="FACTUAL" polarity="POS" type="OCCURRENCE" />
<EVENT id="E79" start="2856" end="2892" text="Santea Gehawhi General Hospital care" modality="FACTUAL" polarity="POS" type="CLINICAL_DEPT" />
<EVENT id="E80" start="2911" end="2920" text="follow up" modality="PROPOSED" polarity="POS" type="TREATMENT" />
<TIMEX3 id="T1" start="18" end="25" text="6-15-94" type="DATE" val="1994-06-15" mod="NA" />
<TIMEX3 id="T2" start="43" end="50" text="6-26-94" type="DATE" val="1994-06-26" mod="NA" />
<TIMEX3 id="T3" start="300" end="312" text="This morning" type="DATE" val="1994-06-15" mod="START" />
<TIMEX3 id="T4" start="677" end="687" text="five hours" type="DURATION" val="PT5H" mod="APPROX" />
<TIMEX3 id="T5" start="2291" end="2307" text="the ensuing days" type="DURATION" val="P1D" mod="NA" />
<TIMEX3 id="T6" start="2501" end="2508" text="6-26-94" type="DATE" val="1994-06-26" mod="NA" />
<TIMEX3 id="T7" start="2563" end="2572" text="that time" type="DATE" val="1994-06-26" mod="NA" />
<TLINK id="TL1" fromID="E1" fromText="ADMISSION" toID="T1" toText="6-15-94" type="OVERLAP" />
<TLINK id="TL3" fromID="E2" fromText="DISCHARGE" toID="T2" toText="6-26-94" type="OVERLAP" />
<TLINK id="TL4" fromID="E3" fromText="feeling dizzy" toID="E4" toText="bumping" type="OVERLAP" />
<TLINK id="TL5" fromID="E5" fromText="hypertension" toID="E4" toText="bumping" type="BEFORE" />
<TLINK id="TL6" fromID="E6" fromText="good health" toID="E5" toText="hypertension" type="OVERLAP" />
<TLINK id="TL7" fromID="E6" fromText="good health" toID="T3" toText="This morning" type="OVERLAP" />
<TLINK id="TL8" fromID="E7" fromText="a cruise ship" toID="T3" toText="This morning" type="AFTER" />
<TLINK id="TL9" fromID="E8" fromText="eating breakfast" toID="T3" toText="This morning" type="AFTER" />
<TLINK id="TL10" fromID="E9" fromText="her plate" toID="E8" toText="eating breakfast" type="OVERLAP" />
<TLINK id="TL11" fromID="E10" fromText="dizzy" toID="E9" toText="her plate" type="AFTER" />
<TLINK id="TL12" fromID="E10" fromText="dizzy" toID="E11" toText="walking" type="OVERLAP" />
<TLINK id="TL13" fromID="E12" fromText="bumping" toID="E11" toText="walking" type="OVERLAP" />
<TLINK id="TL14" fromID="E12" fromText="bumping" toID="E13" toText="complained" type="OVERLAP" />
<TLINK id="TL15" fromID="E14" fromText="a dull" toID="E13" toText="complained" type="BEFORE" />
<TLINK id="TL16" fromID="E15" fromText="right sided headache" toID="E14" toText="a dull" type="OVERLAP" />
<TLINK id="TL17" fromID="E15" fromText="right sided headache" toID="E16" toText="Symptoms" type="OVERLAP" />
<TLINK id="TL18" fromID="E16" fromText="Symptoms" toID="T4" toText="five hours" type="OVERLAP" />
<TLINK id="TL19" fromID="E17" fromText="the change in vision" toID="E16" toText="Symptoms" type="OVERLAP" />
<TLINK id="TL20" fromID="E17" fromText="the change in vision" toID="E18" toText="denied" type="OVERLAP" />
<TLINK id="TL21" fromID="E19" fromText="any weakness" toID="E18" toText="denied" type="BEFORE" />
<TLINK id="TL22" fromID="E20" fromText="numbness" toID="E19" toText="any weakness" type="OVERLAP" />
<TLINK id="TL23" fromID="E20" fromText="numbness" toID="E21" toText="pain" type="OVERLAP" />
<TLINK id="TL24" fromID="E20" fromText="numbness" toID="E22" toText="denies" type="OVERLAP" />
<TLINK id="TL25" fromID="E23" fromText="hoarseness" toID="E22" toText="denies" type="BEFORE" />
<TLINK id="TL26" fromID="E23" fromText="hoarseness" toID="E24" toText="difficulties in finding words" type="OVERLAP" />
<TLINK id="TL27" fromID="E25" fromText="hiccups" toID="E24" toText="difficulties in finding words" type="OVERLAP" />
<TLINK id="TL28" fromID="E25" fromText="hiccups" toID="E26" toText="diplopia" type="OVERLAP" />
<TLINK id="TL29" fromID="E28" fromText="the hospital" toID="E27" toText="admitted" type="AFTER" />
<TLINK id="TL30" fromID="E29" fromText="further evaluation" toID="E28" toText="the hospital" type="OVERLAP" />
<TLINK id="TL31" fromID="E29" fromText="further evaluation" toID="E30" toText="work up" type="OVERLAP" />
<TLINK id="TL32" fromID="E31" fromText="admitted" toID="E30" toText="work up" type="OVERLAP" />
<TLINK id="TL33" fromID="E32" fromText="the Intermediate Care Unit" toID="E31" toText="admitted" type="AFTER" />
<TLINK id="TL34" fromID="E33" fromText="the Neurology Intensive Care Unit" toID="E31" toText="admitted" type="AFTER" />
<TLINK id="TL35" fromID="E34" fromText="her examination" toID="E33" toText="the Neurology Intensive Care Unit" type="OVERLAP" />
<TLINK id="TL36" fromID="E35" fromText="stable" toID="E34" toText="her examination" type="OVERLAP" />
<TLINK id="TL37" fromID="E36" fromText="A Neurosurgery Service consultation" toID="E35" toText="stable" type="OVERLAP" />
<TLINK id="TL38" fromID="E37" fromText="surgical intervention" toID="E36" toText="A Neurosurgery Service consultation" type="OVERLAP" />
<TLINK id="TL39" fromID="E39" fromText="magnetic resonance imaging angiogram" toID="E38" toText="a magnetic resonance imaging study" type="OVERLAP" />
<TLINK id="TL40" fromID="E40" fromText="showed" toID="E39" toText="magnetic resonance imaging angiogram" type="OVERLAP" />
<TLINK id="TL41" fromID="E41" fromText="a large hemorrhagic lesion" toID="E40" toText="showed" type="BEFORE" />
<TLINK id="TL42" fromID="E42" fromText="the occipital lobe" toID="E41" toText="a large hemorrhagic lesion" type="OVERLAP" />
<TLINK id="TL43" fromID="E43" fromText="clear enhancing mass" toID="E42" toText="the occipital lobe" type="OVERLAP" />
<TLINK id="TL44" fromID="E43" fromText="clear enhancing mass" toID="E44" toText="follow up" type="AFTER" />
<TLINK id="TL45" fromID="E44" fromText="follow up" toID="E45" toText="an magnetic resonance imaging angiogram" type="OVERLAP" />
<TLINK id="TL46" fromID="E45" fromText="an magnetic resonance imaging angiogram" toID="E46" toText="showed" type="OVERLAP" />
<TLINK id="TL47" fromID="E47" fromText="the right parietal occipital hemorrhage" toID="E46" toText="showed" type="BEFORE" />
<TLINK id="TL48" fromID="E48" fromText="The MRA" toID="E45" toText="an magnetic resonance imaging angiogram" type="OVERLAP" />
<TLINK id="TL49" fromID="E48" fromText="The MRA" toID="E49" toText="showed" type="OVERLAP" />
<TLINK id="TL50" fromID="E50" fromText="mild narrowing of the left ICA" toID="E49" toText="showed" type="BEFORE" />
<TLINK id="TL51" fromID="E51" fromText="distal to the bifurcation" toID="E50" toText="mild narrowing of the left ICA" type="OVERLAP" />
<TLINK id="TL52" fromID="E52" fromText="scattered T2 hyperintense foci within the periventricular and left frontal white matter" toID="E51" toText="distal to the bifurcation" type="OVERLAP" />
<TLINK id="TL53" fromID="E53" fromText="small vessel disease" toID="E52" toText="scattered T2 hyperintense foci within the periventricular and left frontal white matter" type="OVERLAP" />
<TLINK id="TL54" fromID="E54" fromText="gliosis" toID="E53" toText="small vessel disease" type="OVERLAP" />
<TLINK id="TL55" fromID="E55" fromText="demyelination" toID="E54" toText="gliosis" type="OVERLAP" />
<TLINK id="TL56" fromID="E55" fromText="demyelination" toID="E56" toText="A Holter monitor" type="OVERLAP" />
<TLINK id="TL57" fromID="E57" fromText="showed" toID="E56" toText="A Holter monitor" type="OVERLAP" />
<TLINK id="TL58" fromID="E58" fromText="normal sinus rhythm" toID="E56" toText="A Holter monitor" type="AFTER" />
<TLINK id="TL59" fromID="E59" fromText="The heart rate" toID="E56" toText="A Holter monitor" type="OVERLAP" />
<TLINK id="TL60" fromID="E60" fromText="some very rare atrial premature contractions" toID="E59" toText="The heart rate" type="OVERLAP" />
<TLINK id="TL61" fromID="E61" fromText="ventricular premature contractions" toID="E60" toText="some very rare atrial premature contractions" type="OVERLAP" />
<TLINK id="TL62" fromID="E61" fromText="ventricular premature contractions" toID="E62" toText="An echocardiogram" type="OVERLAP" />
<TLINK id="TL63" fromID="E63" fromText="showed" toID="E62" toText="An echocardiogram" type="OVERLAP" />
<TLINK id="TL64" fromID="E64" fromText="the ejection fraction" toID="E62" toText="An echocardiogram" type="OVERLAP" />
<TLINK id="TL65" fromID="E65" fromText="thrombus" toID="E64" toText="the ejection fraction" type="OVERLAP" />
<TLINK id="TL66" fromID="E66" fromText="confusion" toID="T5" toText="the ensuing days" type="OVERLAP" />
<TLINK id="TL67" fromID="E67" fromText="urinary tract infection" toID="E68" toText="PO Bactrim" type="BEFORE" />
<TLINK id="TL68" fromID="E68" fromText="PO Bactrim" toID="T6" toText="6-26-94" type="OVERLAP" />
<TLINK id="TL69" fromID="E69" fromText="discharge" toID="T6" toText="6-26-94" type="OVERLAP" />
<TLINK id="TL70" fromID="E69" fromText="discharge" toID="T7" toText="that time" type="OVERLAP" />
<TLINK id="TL71" fromID="E70" fromText="afebrile" toID="T7" toText="that time" type="AFTER" />
<TLINK id="TL72" fromID="E70" fromText="afebrile" toID="E71" toText="her vital signs" type="OVERLAP" />
<TLINK id="TL73" fromID="E71" fromText="her vital signs" toID="E72" toText="stable" type="OVERLAP" />
<TLINK id="TL74" fromID="E72" fromText="stable" toID="E73" toText="a regular diet" type="OVERLAP" />
<TLINK id="TL75" fromID="E74" fromText="awake" toID="E73" toText="a regular diet" type="OVERLAP" />
<TLINK id="TL76" fromID="E74" fromText="awake" toID="E75" toText="alert" type="OVERLAP" />
<TLINK id="TL77" fromID="E75" fromText="alert" toID="E76" toText="oriented" type="OVERLAP" />
<TLINK id="TL78" fromID="E77" fromText="a dense left hemianopsia" toID="E76" toText="oriented" type="BEFORE" />
<TLINK id="TL79" fromID="E77" fromText="a dense left hemianopsia" toID="E78" toText="discharged" type="OVERLAP" />
<TLINK id="TL80" fromID="E79" fromText="Santea Gehawhi General Hospital care" toID="E78" toText="discharged" type="AFTER" />
<TLINK id="TL81" fromID="E80" fromText="follow up" toID="E79" toText="Santea Gehawhi General Hospital care" type="AFTER" />
<TLINK id="SECTIME0" fromID="E1" fromText="ADMISSION" toID="T1" toText="6-15-94" type="BEFORE" />
<TLINK id="SECTIME1" fromID="E2" fromText="DISCHARGE" toID="T1" toText="6-15-94" type="BEFORE" />
<TLINK id="SECTIME2" fromID="E3" fromText="feeling dizzy" toID="T1" toText="6-15-94" type="BEFORE" />
<TLINK id="SECTIME3" fromID="E4" fromText="bumping" toID="T1" toText="6-15-94" type="BEFORE" />
<TLINK id="SECTIME4" fromID="E5" fromText="hypertension" toID="T1" toText="6-15-94" type="BEFORE" />
<TLINK id="SECTIME5" fromID="E6" fromText="good health" toID="T1" toText="6-15-94" type="BEFORE" />
<TLINK id="SECTIME6" fromID="E7" fromText="a cruise ship" toID="T1" toText="6-15-94" type="BEFORE" />
<TLINK id="SECTIME7" fromID="E8" fromText="eating breakfast" toID="T1" toText="6-15-94" type="BEFORE" />
<TLINK id="SECTIME8" fromID="E9" fromText="her plate" toID="T1" toText="6-15-94" type="BEFORE" />
<TLINK id="SECTIME9" fromID="E10" fromText="dizzy" toID="T1" toText="6-15-94" type="BEFORE" />
<TLINK id="SECTIME10" fromID="E11" fromText="walking" toID="T1" toText="6-15-94" type="BEFORE" />
<TLINK id="SECTIME11" fromID="E12" fromText="bumping" toID="T1" toText="6-15-94" type="BEFORE" />
<TLINK id="SECTIME12" fromID="E13" fromText="complained" toID="T1" toText="6-15-94" type="BEFORE" />
<TLINK id="SECTIME13" fromID="E14" fromText="a dull" toID="T1" toText="6-15-94" type="BEFORE" />
<TLINK id="SECTIME14" fromID="E15" fromText="right sided headache" toID="T1" toText="6-15-94" type="BEFORE" />
<TLINK id="SECTIME15" fromID="E16" fromText="Symptoms" toID="T1" toText="6-15-94" type="BEFORE" />
<TLINK id="SECTIME16" fromID="E17" fromText="the change in vision" toID="T1" toText="6-15-94" type="BEFORE" />
<TLINK id="SECTIME17" fromID="E18" fromText="denied" toID="T1" toText="6-15-94" type="OVERLAP" />
<TLINK id="SECTIME18" fromID="E19" fromText="any weakness" toID="T1" toText="6-15-94" type="BEFORE" />
<TLINK id="SECTIME19" fromID="E20" fromText="numbness" toID="T1" toText="6-15-94" type="BEFORE" />
<TLINK id="SECTIME20" fromID="E21" fromText="pain" toID="T1" toText="6-15-94" type="BEFORE" />
<TLINK id="SECTIME21" fromID="E22" fromText="denies" toID="T1" toText="6-15-94" type="OVERLAP" />
<TLINK id="SECTIME22" fromID="E23" fromText="hoarseness" toID="T1" toText="6-15-94" type="BEFORE" />
<TLINK id="SECTIME23" fromID="E24" fromText="difficulties in finding words" toID="T1" toText="6-15-94" type="BEFORE" />
<TLINK id="SECTIME24" fromID="E25" fromText="hiccups" toID="T1" toText="6-15-94" type="BEFORE" />
<TLINK id="SECTIME25" fromID="E26" fromText="diplopia" toID="T1" toText="6-15-94" type="BEFORE" />
<TLINK id="SECTIME26" fromID="E27" fromText="admitted" toID="T2" toText="6-26-94" type="BEFORE" />
<TLINK id="SECTIME27" fromID="E28" fromText="the hospital" toID="T2" toText="6-26-94" type="BEFORE" />
<TLINK id="SECTIME28" fromID="E29" fromText="further evaluation" toID="T2" toText="6-26-94" type="BEFORE" />
<TLINK id="SECTIME29" fromID="E30" fromText="work up" toID="T2" toText="6-26-94" type="BEFORE" />
<TLINK id="SECTIME30" fromID="E31" fromText="admitted" toID="T2" toText="6-26-94" type="BEFORE" />
<TLINK id="SECTIME31" fromID="E32" fromText="the Intermediate Care Unit" toID="T2" toText="6-26-94" type="BEFORE" />
<TLINK id="SECTIME32" fromID="E33" fromText="the Neurology Intensive Care Unit" toID="T2" toText="6-26-94" type="BEFORE" />
<TLINK id="SECTIME33" fromID="E34" fromText="her examination" toID="T2" toText="6-26-94" type="BEFORE" />
<TLINK id="SECTIME34" fromID="E35" fromText="stable" toID="T2" toText="6-26-94" type="BEFORE" />
<TLINK id="SECTIME35" fromID="E36" fromText="A Neurosurgery Service consultation" toID="T2" toText="6-26-94" type="BEFORE" />
<TLINK id="SECTIME36" fromID="E37" fromText="surgical intervention" toID="T2" toText="6-26-94" type="BEFORE" />
<TLINK id="SECTIME37" fromID="E38" fromText="a magnetic resonance imaging study" toID="T2" toText="6-26-94" type="BEFORE" />
<TLINK id="SECTIME38" fromID="E39" fromText="magnetic resonance imaging angiogram" toID="T2" toText="6-26-94" type="BEFORE" />
<TLINK id="SECTIME39" fromID="E40" fromText="showed" toID="T2" toText="6-26-94" type="BEFORE" />
<TLINK id="SECTIME40" fromID="E41" fromText="a large hemorrhagic lesion" toID="T2" toText="6-26-94" type="BEFORE" />
<TLINK id="SECTIME41" fromID="E42" fromText="the occipital lobe" toID="T2" toText="6-26-94" type="BEFORE" />
<TLINK id="SECTIME42" fromID="E43" fromText="clear enhancing mass" toID="T2" toText="6-26-94" type="BEFORE" />
<TLINK id="SECTIME43" fromID="E44" fromText="follow up" toID="T2" toText="6-26-94" type="AFTER" />
<TLINK id="SECTIME44" fromID="E45" fromText="an magnetic resonance imaging angiogram" toID="T2" toText="6-26-94" type="BEFORE" />
<TLINK id="SECTIME45" fromID="E46" fromText="showed" toID="T2" toText="6-26-94" type="BEFORE" />
<TLINK id="SECTIME46" fromID="E47" fromText="the right parietal occipital hemorrhage" toID="T2" toText="6-26-94" type="BEFORE" />
<TLINK id="SECTIME47" fromID="E48" fromText="The MRA" toID="T2" toText="6-26-94" type="BEFORE" />
<TLINK id="SECTIME48" fromID="E49" fromText="showed" toID="T2" toText="6-26-94" type="BEFORE" />
<TLINK id="SECTIME49" fromID="E50" fromText="mild narrowing of the left ICA" toID="T2" toText="6-26-94" type="BEFORE" />
<TLINK id="SECTIME50" fromID="E51" fromText="distal to the bifurcation" toID="T2" toText="6-26-94" type="BEFORE" />
<TLINK id="SECTIME51" fromID="E52" fromText="scattered T2 hyperintense foci within the periventricular and left frontal white matter" toID="T2" toText="6-26-94" type="BEFORE" />
<TLINK id="SECTIME52" fromID="E53" fromText="small vessel disease" toID="T2" toText="6-26-94" type="BEFORE" />
<TLINK id="SECTIME53" fromID="E54" fromText="gliosis" toID="T2" toText="6-26-94" type="BEFORE" />
<TLINK id="SECTIME54" fromID="E55" fromText="demyelination" toID="T2" toText="6-26-94" type="BEFORE" />
<TLINK id="SECTIME55" fromID="E56" fromText="A Holter monitor" toID="T2" toText="6-26-94" type="BEFORE" />
<TLINK id="SECTIME56" fromID="E57" fromText="showed" toID="T2" toText="6-26-94" type="BEFORE" />
<TLINK id="SECTIME57" fromID="E58" fromText="normal sinus rhythm" toID="T2" toText="6-26-94" type="BEFORE" />
<TLINK id="SECTIME58" fromID="E59" fromText="The heart rate" toID="T2" toText="6-26-94" type="BEFORE" />
<TLINK id="SECTIME59" fromID="E60" fromText="some very rare atrial premature contractions" toID="T2" toText="6-26-94" type="BEFORE" />
<TLINK id="SECTIME60" fromID="E61" fromText="ventricular premature contractions" toID="T2" toText="6-26-94" type="BEFORE" />
<TLINK id="SECTIME61" fromID="E62" fromText="An echocardiogram" toID="T2" toText="6-26-94" type="BEFORE" />
<TLINK id="SECTIME62" fromID="E63" fromText="showed" toID="T2" toText="6-26-94" type="BEFORE" />
<TLINK id="SECTIME63" fromID="E64" fromText="the ejection fraction" toID="T2" toText="6-26-94" type="BEFORE" />
<TLINK id="SECTIME64" fromID="E65" fromText="thrombus" toID="T2" toText="6-26-94" type="BEFORE" />
<TLINK id="SECTIME65" fromID="E66" fromText="confusion" toID="T2" toText="6-26-94" type="BEFORE" />
<TLINK id="SECTIME66" fromID="E67" fromText="urinary tract infection" toID="T2" toText="6-26-94" type="BEFORE" />
<TLINK id="SECTIME67" fromID="E68" fromText="PO Bactrim" toID="T2" toText="6-26-94" type="BEFORE" />
<TLINK id="SECTIME68" fromID="E69" fromText="discharge" toID="T2" toText="6-26-94" type="BEFORE" />
<TLINK id="SECTIME69" fromID="E70" fromText="afebrile" toID="T2" toText="6-26-94" type="BEFORE" />
<TLINK id="SECTIME70" fromID="E71" fromText="her vital signs" toID="T2" toText="6-26-94" type="BEFORE" />
<TLINK id="SECTIME71" fromID="E72" fromText="stable" toID="T2" toText="6-26-94" type="BEFORE" />
<TLINK id="SECTIME72" fromID="E73" fromText="a regular diet" toID="T2" toText="6-26-94" type="BEFORE" />
<TLINK id="SECTIME73" fromID="E74" fromText="awake" toID="T2" toText="6-26-94" type="BEFORE" />
<TLINK id="SECTIME74" fromID="E75" fromText="alert" toID="T2" toText="6-26-94" type="BEFORE" />
<TLINK id="SECTIME75" fromID="E76" fromText="oriented" toID="T2" toText="6-26-94" type="BEFORE" />
<TLINK id="SECTIME76" fromID="E77" fromText="a dense left hemianopsia" toID="T2" toText="6-26-94" type="BEFORE" />
<TLINK id="SECTIME77" fromID="E78" fromText="discharged" toID="T2" toText="6-26-94" type="OVERLAP" />
<TLINK id="SECTIME78" fromID="E79" fromText="Santea Gehawhi General Hospital care" toID="T2" toText="6-26-94" type="OVERLAP" />
<TLINK id="SECTIME79" fromID="E80" fromText="follow up" toID="T2" toText="6-26-94" type="AFTER" />
<SECTIME id="S0" start="18" end="25" text="6-15-94" type="ADMISSION" dvalue="1994-06-15" />
<SECTIME id="S1" start="43" end="50" text="6-26-94" type="DISCHARGE" dvalue="1994-06-26" />
</TAGS>
</ClinicalNarrativeTemporalAnnotation>

