<?xml version="1.0" encoding="UTF-8" ?>
<ClinicalNarrativeTemporalAnnotation>
<TEXT><![CDATA[
Admission Date :
2013-01-03
Discharge Date :
2013-01-09
Service :
HISTORY OF PRESENT ILLNESS :
HISTORY OF PRESENT ILLNESS :
This is a 58 - year-old woman who was transferred from Shaugnessy-Kaplan Rehab Hospital Hospital for cardiac catheterization .
The patient had a long history of hypertension , hypercholesterolemia , tobacco abuse , and family history of coronary artery disease , who was in the usual state of health until Saturday previous to admission when she experienced bilateral arm and chest discomfort while carrying groceries .
Her symptoms resolved with rest .
The same symptoms occurred again the same evening with exertion and then were again relieved with rest .
The patient presented to the outside hospital Emergency Room where she was started on Aspirin , Lovenox and beta blocker .
She ruled out for myocardial infarction by CPK and troponin and had non diagnostic EKG changes .
She is being transferred to Arbour-Fuller Hospital for cardiac catheterization .
Results of the catheterization indicated the patient had three vessel disease and was a candidate for coronary artery bypass graft .
The patient went to the operating room , was admitted to go to the operating room on 2013-01-04 .
Her risk factors : Hypertension , tobacco abuse ( one pack per day times 45 years ), family history ( father diagnosed with coronary artery disease in his 50 's, patient 's mother had coronary artery disease , patient 's brother has coronary artery disease ).
Hypercholesterolemia ( total cholesterol on admission 300 's several years ago ).
The patient denies any history of diabetes .
]]></TEXT>
<TAGS>
<EVENT id="E1" start="1" end="10" text="Admission" modality="FACTUAL" polarity="POS" type="OCCURRENCE" />
<EVENT id="E2" start="29" end="38" text="Discharge" modality="FACTUAL" polarity="POS" type="OCCURRENCE" />
<EVENT id="E3" start="163" end="174" text="transferred" modality="FACTUAL" polarity="POS" type="OCCURRENCE" />
<EVENT id="E4" start="180" end="221" text="Shaugnessy-Kaplan Rehab Hospital Hospital" modality="FACTUAL" polarity="POS" type="CLINICAL_DEPT" />
<EVENT id="E5" start="226" end="249" text="cardiac catheterization" modality="FACTUAL" polarity="POS" type="TEST" />
<EVENT id="E6" start="286" end="298" text="hypertension" modality="FACTUAL" polarity="POS" type="PROBLEM" />
<EVENT id="E7" start="301" end="321" text="hypercholesterolemia" modality="FACTUAL" polarity="POS" type="PROBLEM" />
<EVENT id="E8" start="324" end="337" text="tobacco abuse" modality="FACTUAL" polarity="POS" type="PROBLEM" />
<EVENT id="E9" start="362" end="385" text="coronary artery disease" modality="FACTUAL" polarity="POS" type="PROBLEM" />
<EVENT id="E10" start="399" end="424" text="the usual state of health" modality="FACTUAL" polarity="POS" type="OCCURRENCE" />
<EVENT id="E11" start="452" end="461" text="admission" modality="FACTUAL" polarity="POS" type="OCCURRENCE" />
<EVENT id="E12" start="483" end="496" text="bilateral arm" modality="FACTUAL" polarity="POS" type="TREATMENT" />
<EVENT id="E13" start="501" end="517" text="chest discomfort" modality="FACTUAL" polarity="POS" type="PROBLEM" />
<EVENT id="E14" start="545" end="557" text="Her symptoms" modality="FACTUAL" polarity="POS" type="PROBLEM" />
<EVENT id="E15" start="572" end="576" text="rest" modality="FACTUAL" polarity="POS" type="OCCURRENCE" />
<EVENT id="E16" start="579" end="596" text="The same symptoms" modality="FACTUAL" polarity="POS" type="PROBLEM" />
<EVENT id="E17" start="634" end="642" text="exertion" modality="FACTUAL" polarity="POS" type="OCCURRENCE" />
<EVENT id="E18" start="677" end="681" text="rest" modality="FACTUAL" polarity="POS" type="OCCURRENCE" />
<EVENT id="E19" start="696" end="705" text="presented" modality="FACTUAL" polarity="POS" type="OCCURRENCE" />
<EVENT id="E20" start="709" end="744" text="the outside hospital Emergency Room" modality="FACTUAL" polarity="POS" type="CLINICAL_DEPT" />
<EVENT id="E21" start="770" end="777" text="Aspirin" modality="FACTUAL" polarity="POS" type="TREATMENT" />
<EVENT id="E22" start="780" end="787" text="Lovenox" modality="FACTUAL" polarity="POS" type="TREATMENT" />
<EVENT id="E23" start="792" end="804" text="beta blocker" modality="FACTUAL" polarity="POS" type="TREATMENT" />
<EVENT id="E24" start="811" end="820" text="ruled out" modality="FACTUAL" polarity="POS" type="OCCURRENCE" />
<EVENT id="E25" start="825" end="846" text="myocardial infarction" modality="FACTUAL" polarity="NEG" type="PROBLEM" />
<EVENT id="E26" start="850" end="853" text="CPK" modality="FACTUAL" polarity="POS" type="TEST" />
<EVENT id="E27" start="858" end="866" text="troponin" modality="FACTUAL" polarity="POS" type="TEST" />
<EVENT id="E28" start="875" end="901" text="non diagnostic EKG changes" modality="FACTUAL" polarity="POS" type="PROBLEM" />
<EVENT id="E29" start="917" end="928" text="transferred" modality="FACTUAL" polarity="POS" type="OCCURRENCE" />
<EVENT id="E30" start="932" end="954" text="Arbour-Fuller Hospital" modality="FACTUAL" polarity="POS" type="CLINICAL_DEPT" />
<EVENT id="E31" start="959" end="982" text="cardiac catheterization" modality="FACTUAL" polarity="POS" type="TEST" />
<EVENT id="E32" start="996" end="1015" text="the catheterization" modality="FACTUAL" polarity="POS" type="TEST" />
<EVENT id="E33" start="1042" end="1062" text="three vessel disease" modality="FACTUAL" polarity="POS" type="PROBLEM" />
<EVENT id="E34" start="1087" end="1115" text="coronary artery bypass graft" modality="FACTUAL" polarity="POS" type="TREATMENT" />
<EVENT id="E35" start="1138" end="1156" text="the operating room" modality="FACTUAL" polarity="POS" type="CLINICAL_DEPT" />
<EVENT id="E36" start="1163" end="1171" text="admitted" modality="FACTUAL" polarity="POS" type="OCCURRENCE" />
<EVENT id="E37" start="1181" end="1199" text="the operating room" modality="FACTUAL" polarity="POS" type="CLINICAL_DEPT" />
<EVENT id="E38" start="1235" end="1247" text="Hypertension" modality="FACTUAL" polarity="POS" type="PROBLEM" />
<EVENT id="E39" start="1250" end="1263" text="tobacco abuse" modality="FACTUAL" polarity="POS" type="PROBLEM" />
<EVENT id="E40" start="1340" end="1363" text="coronary artery disease" modality="FACTUAL" polarity="POS" type="PROBLEM" />
<EVENT id="E41" start="1400" end="1423" text="coronary artery disease" modality="FACTUAL" polarity="POS" type="PROBLEM" />
<EVENT id="E42" start="1449" end="1472" text="coronary artery disease" modality="FACTUAL" polarity="POS" type="PROBLEM" />
<EVENT id="E43" start="1476" end="1496" text="Hypercholesterolemia" modality="FACTUAL" polarity="POS" type="PROBLEM" />
<EVENT id="E44" start="1499" end="1516" text="total cholesterol" modality="FACTUAL" polarity="POS" type="TEST" />
<EVENT id="E45" start="1520" end="1529" text="admission" modality="FACTUAL" polarity="POS" type="OCCURRENCE" />
<EVENT id="E46" start="1570" end="1576" text="denies" modality="FACTUAL" polarity="POS" type="EVIDENTIAL" />
<EVENT id="E47" start="1592" end="1600" text="diabetes" modality="FACTUAL" polarity="POS" type="PROBLEM" />
<TIMEX3 id="T1" start="18" end="28" text="2013-01-03" type="DATE" val="2013-01-03" mod="NA" />
<TIMEX3 id="T2" start="46" end="56" text="2013-01-09" type="DATE" val="2013-01-09" mod="NA" />
<TIMEX3 id="T3" start="1203" end="1213" text="2013-01-04" type="DATE" val="2013-01-04" mod="NA" />
<TIMEX3 id="T4" start="1279" end="1297" text="day times 45 years" type="FREQUENCY" val="P45Y" mod="NA" />
<TIMEX3 id="T5" start="1537" end="1554" text="several years ago" type="DATE" val="2013-01-03" mod="APPROX" />
<TLINK id="TL1" fromID="E1" fromText="Admission" toID="T1" toText="2013-01-03" type="OVERLAP" />
<TLINK id="TL3" fromID="E2" fromText="Discharge" toID="T2" toText="2013-01-09" type="OVERLAP" />
<TLINK id="TL4" fromID="E4" fromText="Shaugnessy-Kaplan Rehab Hospital Hospital" toID="E3" toText="transferred" type="AFTER" />
<TLINK id="TL5" fromID="E5" fromText="cardiac catheterization" toID="E4" toText="Shaugnessy-Kaplan Rehab Hospital Hospital" type="OVERLAP" />
<TLINK id="TL6" fromID="E6" fromText="hypertension" toID="E5" toText="cardiac catheterization" type="BEFORE" />
<TLINK id="TL7" fromID="E7" fromText="hypercholesterolemia" toID="E6" toText="hypertension" type="OVERLAP" />
<TLINK id="TL8" fromID="E8" fromText="tobacco abuse" toID="E7" toText="hypercholesterolemia" type="BEFORE" />
<TLINK id="TL9" fromID="E8" fromText="tobacco abuse" toID="E9" toText="coronary artery disease" type="OVERLAP" />
<TLINK id="TL10" fromID="E9" fromText="coronary artery disease" toID="E10" toText="the usual state of health" type="OVERLAP" />
<TLINK id="TL11" fromID="E10" fromText="the usual state of health" toID="E11" toText="admission" type="OVERLAP" />
<TLINK id="TL12" fromID="E12" fromText="bilateral arm" toID="E11" toText="admission" type="BEFORE" />
<TLINK id="TL13" fromID="E13" fromText="chest discomfort" toID="E12" toText="bilateral arm" type="OVERLAP" />
<TLINK id="TL14" fromID="E14" fromText="Her symptoms" toID="E13" toText="chest discomfort" type="OVERLAP" />
<TLINK id="TL15" fromID="E14" fromText="Her symptoms" toID="E15" toText="rest" type="BEFORE" />
<TLINK id="TL16" fromID="E16" fromText="The same symptoms" toID="E15" toText="rest" type="OVERLAP" />
<TLINK id="TL17" fromID="E16" fromText="The same symptoms" toID="E17" toText="exertion" type="OVERLAP" />
<TLINK id="TL18" fromID="E18" fromText="rest" toID="E17" toText="exertion" type="BEFORE" />
<TLINK id="TL19" fromID="E18" fromText="rest" toID="E19" toText="presented" type="OVERLAP" />
<TLINK id="TL20" fromID="E20" fromText="the outside hospital Emergency Room" toID="E19" toText="presented" type="AFTER" />
<TLINK id="TL21" fromID="E21" fromText="Aspirin" toID="E20" toText="the outside hospital Emergency Room" type="OVERLAP" />
<TLINK id="TL22" fromID="E21" fromText="Aspirin" toID="E22" toText="Lovenox" type="OVERLAP" />
<TLINK id="TL23" fromID="E23" fromText="beta blocker" toID="E22" toText="Lovenox" type="OVERLAP" />
<TLINK id="TL24" fromID="E24" fromText="ruled out" toID="E19" toText="presented" type="OVERLAP" />
<TLINK id="TL25" fromID="E25" fromText="myocardial infarction" toID="E24" toText="ruled out" type="BEFORE" />
<TLINK id="TL26" fromID="E26" fromText="CPK" toID="E24" toText="ruled out" type="OVERLAP" />
<TLINK id="TL27" fromID="E27" fromText="troponin" toID="E26" toText="CPK" type="OVERLAP" />
<TLINK id="TL28" fromID="E27" fromText="troponin" toID="E28" toText="non diagnostic EKG changes" type="OVERLAP" />
<TLINK id="TL29" fromID="E28" fromText="non diagnostic EKG changes" toID="E29" toText="transferred" type="BEFORE" />
<TLINK id="TL30" fromID="E30" fromText="Arbour-Fuller Hospital" toID="E29" toText="transferred" type="AFTER" />
<TLINK id="TL31" fromID="E31" fromText="cardiac catheterization" toID="E30" toText="Arbour-Fuller Hospital" type="OVERLAP" />
<TLINK id="TL32" fromID="E31" fromText="cardiac catheterization" toID="E32" toText="the catheterization" type="OVERLAP" />
<TLINK id="TL33" fromID="E33" fromText="three vessel disease" toID="E32" toText="the catheterization" type="BEFORE" />
<TLINK id="TL34" fromID="E34" fromText="coronary artery bypass graft" toID="E33" toText="three vessel disease" type="BEFORE" />
<TLINK id="TL35" fromID="E34" fromText="coronary artery bypass graft" toID="E35" toText="the operating room" type="OVERLAP" />
<TLINK id="TL36" fromID="E35" fromText="the operating room" toID="E36" toText="admitted" type="OVERLAP" />
<TLINK id="TL37" fromID="E37" fromText="the operating room" toID="E36" toText="admitted" type="AFTER" />
<TLINK id="TL38" fromID="E37" fromText="the operating room" toID="T3" toText="2013-01-04" type="OVERLAP" />
<TLINK id="TL39" fromID="E38" fromText="Hypertension" toID="E37" toText="the operating room" type="OVERLAP" />
<TLINK id="TL40" fromID="E39" fromText="tobacco abuse" toID="E38" toText="Hypertension" type="BEFORE" />
<TLINK id="TL41" fromID="E39" fromText="tobacco abuse" toID="T4" toText="day times 45 years" type="OVERLAP" />
<TLINK id="TL42" fromID="E39" fromText="tobacco abuse" toID="E40" toText="coronary artery disease" type="OVERLAP" />
<TLINK id="TL43" fromID="E41" fromText="coronary artery disease" toID="E40" toText="coronary artery disease" type="OVERLAP" />
<TLINK id="TL44" fromID="E42" fromText="coronary artery disease" toID="E41" toText="coronary artery disease" type="OVERLAP" />
<TLINK id="TL45" fromID="E43" fromText="Hypercholesterolemia" toID="E42" toText="coronary artery disease" type="OVERLAP" />
<TLINK id="TL46" fromID="E43" fromText="Hypercholesterolemia" toID="E44" toText="total cholesterol" type="OVERLAP" />
<TLINK id="TL47" fromID="E44" fromText="total cholesterol" toID="E45" toText="admission" type="OVERLAP" />
<TLINK id="TL48" fromID="E45" fromText="admission" toID="T5" toText="several years ago" type="OVERLAP" />
<TLINK id="TL49" fromID="E46" fromText="denies" toID="T5" toText="several years ago" type="OVERLAP" />
<TLINK id="TL50" fromID="E47" fromText="diabetes" toID="E46" toText="denies" type="BEFORE" />
<TLINK id="SECTIME0" fromID="E1" fromText="Admission" toID="T1" toText="2013-01-03" type="BEFORE" />
<TLINK id="SECTIME1" fromID="E2" fromText="Discharge" toID="T1" toText="2013-01-03" type="BEFORE" />
<TLINK id="SECTIME2" fromID="E3" fromText="transferred" toID="T1" toText="2013-01-03" type="BEFORE" />
<TLINK id="SECTIME3" fromID="E4" fromText="Shaugnessy-Kaplan Rehab Hospital Hospital" toID="T1" toText="2013-01-03" type="BEFORE" />
<TLINK id="SECTIME4" fromID="E5" fromText="cardiac catheterization" toID="T1" toText="2013-01-03" type="BEFORE" />
<TLINK id="SECTIME5" fromID="E6" fromText="hypertension" toID="T1" toText="2013-01-03" type="BEFORE" />
<TLINK id="SECTIME6" fromID="E7" fromText="hypercholesterolemia" toID="T1" toText="2013-01-03" type="BEFORE" />
<TLINK id="SECTIME7" fromID="E8" fromText="tobacco abuse" toID="T1" toText="2013-01-03" type="BEFORE" />
<TLINK id="SECTIME8" fromID="E9" fromText="coronary artery disease" toID="T1" toText="2013-01-03" type="BEFORE" />
<TLINK id="SECTIME9" fromID="E10" fromText="the usual state of health" toID="T1" toText="2013-01-03" type="BEFORE" />
<TLINK id="SECTIME10" fromID="E11" fromText="admission" toID="T1" toText="2013-01-03" type="BEFORE" />
<TLINK id="SECTIME11" fromID="E12" fromText="bilateral arm" toID="T1" toText="2013-01-03" type="BEFORE" />
<TLINK id="SECTIME12" fromID="E13" fromText="chest discomfort" toID="T1" toText="2013-01-03" type="BEFORE" />
<TLINK id="SECTIME13" fromID="E14" fromText="Her symptoms" toID="T1" toText="2013-01-03" type="BEFORE" />
<TLINK id="SECTIME14" fromID="E15" fromText="rest" toID="T1" toText="2013-01-03" type="BEFORE" />
<TLINK id="SECTIME15" fromID="E16" fromText="The same symptoms" toID="T1" toText="2013-01-03" type="BEFORE" />
<TLINK id="SECTIME16" fromID="E17" fromText="exertion" toID="T1" toText="2013-01-03" type="BEFORE" />
<TLINK id="SECTIME17" fromID="E18" fromText="rest" toID="T1" toText="2013-01-03" type="BEFORE" />
<TLINK id="SECTIME18" fromID="E19" fromText="presented" toID="T1" toText="2013-01-03" type="BEFORE" />
<TLINK id="SECTIME19" fromID="E20" fromText="the outside hospital Emergency Room" toID="T1" toText="2013-01-03" type="BEFORE" />
<TLINK id="SECTIME20" fromID="E21" fromText="Aspirin" toID="T1" toText="2013-01-03" type="BEFORE" />
<TLINK id="SECTIME21" fromID="E22" fromText="Lovenox" toID="T1" toText="2013-01-03" type="BEFORE" />
<TLINK id="SECTIME22" fromID="E23" fromText="beta blocker" toID="T1" toText="2013-01-03" type="BEFORE" />
<TLINK id="SECTIME23" fromID="E24" fromText="ruled out" toID="T1" toText="2013-01-03" type="BEFORE" />
<TLINK id="SECTIME24" fromID="E25" fromText="myocardial infarction" toID="T1" toText="2013-01-03" type="BEFORE" />
<TLINK id="SECTIME25" fromID="E26" fromText="CPK" toID="T1" toText="2013-01-03" type="BEFORE" />
<TLINK id="SECTIME26" fromID="E27" fromText="troponin" toID="T1" toText="2013-01-03" type="BEFORE" />
<TLINK id="SECTIME27" fromID="E28" fromText="non diagnostic EKG changes" toID="T1" toText="2013-01-03" type="BEFORE" />
<TLINK id="SECTIME28" fromID="E29" fromText="transferred" toID="T1" toText="2013-01-03" type="BEFORE" />
<TLINK id="SECTIME29" fromID="E30" fromText="Arbour-Fuller Hospital" toID="T1" toText="2013-01-03" type="BEFORE" />
<TLINK id="SECTIME30" fromID="E31" fromText="cardiac catheterization" toID="T1" toText="2013-01-03" type="BEFORE" />
<TLINK id="SECTIME31" fromID="E32" fromText="the catheterization" toID="T1" toText="2013-01-03" type="BEFORE" />
<TLINK id="SECTIME32" fromID="E33" fromText="three vessel disease" toID="T1" toText="2013-01-03" type="BEFORE" />
<TLINK id="SECTIME33" fromID="E34" fromText="coronary artery bypass graft" toID="T1" toText="2013-01-03" type="BEFORE" />
<TLINK id="SECTIME34" fromID="E35" fromText="the operating room" toID="T1" toText="2013-01-03" type="BEFORE" />
<TLINK id="SECTIME35" fromID="E36" fromText="admitted" toID="T1" toText="2013-01-03" type="BEFORE" />
<TLINK id="SECTIME36" fromID="E37" fromText="the operating room" toID="T1" toText="2013-01-03" type="BEFORE" />
<TLINK id="SECTIME37" fromID="E38" fromText="Hypertension" toID="T1" toText="2013-01-03" type="BEFORE" />
<TLINK id="SECTIME38" fromID="E39" fromText="tobacco abuse" toID="T1" toText="2013-01-03" type="BEFORE" />
<TLINK id="SECTIME39" fromID="E40" fromText="coronary artery disease" toID="T1" toText="2013-01-03" type="BEFORE" />
<TLINK id="SECTIME40" fromID="E41" fromText="coronary artery disease" toID="T1" toText="2013-01-03" type="BEFORE" />
<TLINK id="SECTIME41" fromID="E42" fromText="coronary artery disease" toID="T1" toText="2013-01-03" type="BEFORE" />
<TLINK id="SECTIME42" fromID="E43" fromText="Hypercholesterolemia" toID="T1" toText="2013-01-03" type="BEFORE" />
<TLINK id="SECTIME43" fromID="E44" fromText="total cholesterol" toID="T1" toText="2013-01-03" type="BEFORE" />
<TLINK id="SECTIME44" fromID="E45" fromText="admission" toID="T1" toText="2013-01-03" type="BEFORE" />
<TLINK id="SECTIME45" fromID="E46" fromText="denies" toID="T1" toText="2013-01-03" type="OVERLAP" />
<TLINK id="SECTIME46" fromID="E47" fromText="diabetes" toID="T1" toText="2013-01-03" type="BEFORE" />
<SECTIME id="S0" start="18" end="28" text="2013-01-03" type="ADMISSION" dvalue="2013-01-03" />
<SECTIME id="S1" start="46" end="56" text="2013-01-09" type="DISCHARGE" dvalue="2013-01-09" />
</TAGS>
</ClinicalNarrativeTemporalAnnotation>

