<?xml version="1.0" encoding="UTF-8" ?>
<ClinicalNarrativeTemporalAnnotation>
<TEXT><![CDATA[
Admission Date :
2016-09-05
Discharge Date :
2016-09-14
Service :
CSU
HISTORY OF PRESENT ILLNESS :
Mr. Hohlt is a 76 - year-old man with a history of hypertension , hyperlipidemia and prior myocardial infarction with a percutaneous transluminal coronary angioplasty of the right coronary artery in 2005 at the Cambridge Health Alliance .
He states that he has experienced pain and tightness in his back radiating into both shoulders starting on 2016-09-02 .
The patient denies shortness of breath , dizziness , diaphoresis , or nausea .
The pain lasted for 30 seconds following pushing a wheelbarrow and resolved with rest .
The patient denied any prior episodes of pain or any since 2005 following the initial episode of pain .
The patient informs his primary care provider who referred him to the emergency room .
He then presented to Mass. Mental Health Center where he was ruled out for an myocardial infarction by enzymes and electrocardiograms .
The patient also underwent a negative evaluation for dissecting aortic aneurysm .
On 2016-09-03 , the patient began experiencing continuing chest pain of increasing intensity .
He was treated with nitroglycerin paste and IV Integrelin as well as Plavix .
At that time , he ruled in for an NST EMI with a peak CK of 412 and a troponin of 6.23 .
Electrocardiograms progressed to inverted T waves in V5 and V6 .
The patient is now transferred to Cambridge Health Alliance for cardiac catheterization .
]]></TEXT>
<TAGS>
<EVENT id="E1" start="1" end="10" text="Admission" modality="FACTUAL" polarity="POS" type="OCCURRENCE" />
<EVENT id="E2" start="29" end="38" text="Discharge" modality="FACTUAL" polarity="POS" type="OCCURRENCE" />
<EVENT id="E3" start="151" end="163" text="hypertension" modality="FACTUAL" polarity="POS" type="PROBLEM" />
<EVENT id="E4" start="166" end="180" text="hyperlipidemia" modality="FACTUAL" polarity="POS" type="PROBLEM" />
<EVENT id="E5" start="185" end="212" text="prior myocardial infarction" modality="FACTUAL" polarity="POS" type="PROBLEM" />
<EVENT id="E6" start="218" end="295" text="a percutaneous transluminal coronary angioplasty of the right coronary artery" modality="FACTUAL" polarity="POS" type="TREATMENT" />
<EVENT id="E7" start="307" end="336" text="the Cambridge Health Alliance" modality="FACTUAL" polarity="POS" type="CLINICAL_DEPT" />
<EVENT id="E8" start="342" end="348" text="states" modality="FACTUAL" polarity="POS" type="EVIDENTIAL" />
<EVENT id="E9" start="373" end="377" text="pain" modality="FACTUAL" polarity="POS" type="PROBLEM" />
<EVENT id="E10" start="382" end="403" text="tightness in his back" modality="FACTUAL" polarity="POS" type="PROBLEM" />
<EVENT id="E11" start="471" end="477" text="denies" modality="FACTUAL" polarity="POS" type="EVIDENTIAL" />
<EVENT id="E12" start="478" end="497" text="shortness of breath" modality="FACTUAL" polarity="NEG" type="PROBLEM" />
<EVENT id="E13" start="500" end="509" text="dizziness" modality="FACTUAL" polarity="NEG" type="PROBLEM" />
<EVENT id="E14" start="512" end="523" text="diaphoresis" modality="FACTUAL" polarity="NEG" type="PROBLEM" />
<EVENT id="E15" start="529" end="535" text="nausea" modality="FACTUAL" polarity="NEG" type="PROBLEM" />
<EVENT id="E16" start="538" end="546" text="The pain" modality="FACTUAL" polarity="POS" type="PROBLEM" />
<EVENT id="E17" start="587" end="600" text="a wheelbarrow" modality="FACTUAL" polarity="POS" type="PROBLEM" />
<EVENT id="E18" start="619" end="623" text="rest" modality="FACTUAL" polarity="POS" type="OCCURRENCE" />
<EVENT id="E19" start="638" end="644" text="denied" modality="FACTUAL" polarity="POS" type="EVIDENTIAL" />
<EVENT id="E20" start="667" end="671" text="pain" modality="FACTUAL" polarity="POS" type="PROBLEM" />
<EVENT id="E21" start="723" end="727" text="pain" modality="FACTUAL" polarity="POS" type="PROBLEM" />
<EVENT id="E22" start="780" end="788" text="referred" modality="FACTUAL" polarity="POS" type="OCCURRENCE" />
<EVENT id="E23" start="796" end="814" text="the emergency room" modality="FACTUAL" polarity="POS" type="CLINICAL_DEPT" />
<EVENT id="E24" start="825" end="834" text="presented" modality="FACTUAL" polarity="POS" type="OCCURRENCE" />
<EVENT id="E25" start="838" end="864" text="Mass. Mental Health Center" modality="FACTUAL" polarity="POS" type="CLINICAL_DEPT" />
<EVENT id="E26" start="878" end="887" text="ruled out" modality="FACTUAL" polarity="POS" type="OCCURRENCE" />
<EVENT id="E27" start="892" end="916" text="an myocardial infarction" modality="FACTUAL" polarity="NEG" type="PROBLEM" />
<EVENT id="E28" start="920" end="927" text="enzymes" modality="FACTUAL" polarity="POS" type="TEST" />
<EVENT id="E29" start="932" end="950" text="electrocardiograms" modality="FACTUAL" polarity="POS" type="TEST" />
<EVENT id="E30" start="980" end="1001" text="a negative evaluation" modality="FACTUAL" polarity="POS" type="TEST" />
<EVENT id="E31" start="1006" end="1032" text="dissecting aortic aneurysm" modality="FACTUAL" polarity="POS" type="PROBLEM" />
<EVENT id="E32" start="1093" end="1103" text="chest pain" modality="FACTUAL" polarity="POS" type="PROBLEM" />
<EVENT id="E33" start="1107" end="1127" text="increasing intensity" modality="FACTUAL" polarity="POS" type="PROBLEM" />
<EVENT id="E34" start="1150" end="1169" text="nitroglycerin paste" modality="FACTUAL" polarity="POS" type="TREATMENT" />
<EVENT id="E35" start="1174" end="1187" text="IV Integrelin" modality="FACTUAL" polarity="POS" type="TREATMENT" />
<EVENT id="E36" start="1199" end="1205" text="Plavix" modality="FACTUAL" polarity="POS" type="TREATMENT" />
<EVENT id="E37" start="1239" end="1249" text="an NST EMI" modality="FACTUAL" polarity="POS" type="TEST" />
<EVENT id="E38" start="1255" end="1264" text="a peak CK" modality="FACTUAL" polarity="POS" type="TEST" />
<EVENT id="E39" start="1276" end="1286" text="a troponin" modality="FACTUAL" polarity="POS" type="TEST" />
<EVENT id="E40" start="1297" end="1315" text="Electrocardiograms" modality="FACTUAL" polarity="POS" type="TEST" />
<EVENT id="E41" start="1330" end="1359" text="inverted T waves in V5 and V6" modality="FACTUAL" polarity="POS" type="PROBLEM" />
<EVENT id="E42" start="1381" end="1392" text="transferred" modality="FACTUAL" polarity="POS" type="OCCURRENCE" />
<EVENT id="E43" start="1396" end="1421" text="Cambridge Health Alliance" modality="FACTUAL" polarity="POS" type="CLINICAL_DEPT" />
<EVENT id="E44" start="1426" end="1449" text="cardiac catheterization" modality="FACTUAL" polarity="POS" type="TEST" />
<TIMEX3 id="T1" start="18" end="28" text="2016-09-05" type="DATE" val="2016-09-05" mod="NA" />
<TIMEX3 id="T2" start="46" end="56" text="2016-09-14" type="DATE" val="2016-09-14" mod="NA" />
<TIMEX3 id="T3" start="299" end="303" text="2005" type="DATE" val="2005" mod="NA" />
<TIMEX3 id="T4" start="446" end="456" text="2016-09-02" type="DATE" val="2016-09-02" mod="NA" />
<TIMEX3 id="T5" start="685" end="689" text="2005" type="DATE" val="2005" mod="NA" />
<TIMEX3 id="T6" start="1038" end="1048" text="2016-09-03" type="DATE" val="2016-09-03" mod="NA" />
<TIMEX3 id="T7" start="1211" end="1220" text="that time" type="DATE" val="2016-09-03" mod="NA" />
<TLINK id="TL1" fromID="E1" fromText="Admission" toID="T1" toText="2016-09-05" type="OVERLAP" />
<TLINK id="TL3" fromID="E2" fromText="Discharge" toID="T2" toText="2016-09-14" type="OVERLAP" />
<TLINK id="TL4" fromID="E4" fromText="hyperlipidemia" toID="E3" toText="hypertension" type="OVERLAP" />
<TLINK id="TL5" fromID="E4" fromText="hyperlipidemia" toID="E5" toText="prior myocardial infarction" type="OVERLAP" />
<TLINK id="TL6" fromID="E5" fromText="prior myocardial infarction" toID="E6" toText="a percutaneous transluminal coronary angioplasty of the right coronary artery" type="BEFORE" />
<TLINK id="TL7" fromID="E6" fromText="a percutaneous transluminal coronary angioplasty of the right coronary artery" toID="T3" toText="2005" type="OVERLAP" />
<TLINK id="TL8" fromID="E6" fromText="a percutaneous transluminal coronary angioplasty of the right coronary artery" toID="E7" toText="the Cambridge Health Alliance" type="OVERLAP" />
<TLINK id="TL9" fromID="E8" fromText="states" toID="E7" toText="the Cambridge Health Alliance" type="OVERLAP" />
<TLINK id="TL10" fromID="E9" fromText="pain" toID="E8" toText="states" type="BEFORE" />
<TLINK id="TL11" fromID="E10" fromText="tightness in his back" toID="E9" toText="pain" type="OVERLAP" />
<TLINK id="TL12" fromID="E10" fromText="tightness in his back" toID="T4" toText="2016-09-02" type="OVERLAP" />
<TLINK id="TL13" fromID="E11" fromText="denies" toID="T4" toText="2016-09-02" type="OVERLAP" />
<TLINK id="TL14" fromID="E12" fromText="shortness of breath" toID="E11" toText="denies" type="BEFORE" />
<TLINK id="TL15" fromID="E13" fromText="dizziness" toID="E12" toText="shortness of breath" type="OVERLAP" />
<TLINK id="TL16" fromID="E13" fromText="dizziness" toID="E14" toText="diaphoresis" type="OVERLAP" />
<TLINK id="TL17" fromID="E15" fromText="nausea" toID="E14" toText="diaphoresis" type="OVERLAP" />
<TLINK id="TL18" fromID="E16" fromText="The pain" toID="E15" toText="nausea" type="OVERLAP" />
<TLINK id="TL19" fromID="E16" fromText="The pain" toID="E17" toText="a wheelbarrow" type="OVERLAP" />
<TLINK id="TL20" fromID="E17" fromText="a wheelbarrow" toID="E18" toText="rest" type="BEFORE" />
<TLINK id="TL21" fromID="E19" fromText="denied" toID="E18" toText="rest" type="OVERLAP" />
<TLINK id="TL22" fromID="E20" fromText="pain" toID="E19" toText="denied" type="BEFORE" />
<TLINK id="TL23" fromID="E20" fromText="pain" toID="T5" toText="2005" type="OVERLAP" />
<TLINK id="TL24" fromID="E21" fromText="pain" toID="E20" toText="pain" type="OVERLAP" />
<TLINK id="TL25" fromID="E22" fromText="referred" toID="T5" toText="2005" type="AFTER" />
<TLINK id="TL26" fromID="E23" fromText="the emergency room" toID="E22" toText="referred" type="BEFORE" />
<TLINK id="TL27" fromID="E23" fromText="the emergency room" toID="E24" toText="presented" type="OVERLAP" />
<TLINK id="TL28" fromID="E25" fromText="Mass. Mental Health Center" toID="E24" toText="presented" type="AFTER" />
<TLINK id="TL29" fromID="E26" fromText="ruled out" toID="E24" toText="presented" type="AFTER" />
<TLINK id="TL30" fromID="E27" fromText="an myocardial infarction" toID="E26" toText="ruled out" type="OVERLAP" />
<TLINK id="TL31" fromID="E28" fromText="enzymes" toID="E26" toText="ruled out" type="OVERLAP" />
<TLINK id="TL32" fromID="E28" fromText="enzymes" toID="E29" toText="electrocardiograms" type="OVERLAP" />
<TLINK id="TL33" fromID="E30" fromText="a negative evaluation" toID="E29" toText="electrocardiograms" type="OVERLAP" />
<TLINK id="TL34" fromID="E31" fromText="dissecting aortic aneurysm" toID="E30" toText="a negative evaluation" type="BEFORE" />
<TLINK id="TL35" fromID="E31" fromText="dissecting aortic aneurysm" toID="T6" toText="2016-09-03" type="OVERLAP" />
<TLINK id="TL36" fromID="E32" fromText="chest pain" toID="T6" toText="2016-09-03" type="OVERLAP" />
<TLINK id="TL37" fromID="E33" fromText="increasing intensity" toID="E32" toText="chest pain" type="OVERLAP" />
<TLINK id="TL38" fromID="E33" fromText="increasing intensity" toID="E34" toText="nitroglycerin paste" type="BEFORE" />
<TLINK id="TL39" fromID="E35" fromText="IV Integrelin" toID="E34" toText="nitroglycerin paste" type="OVERLAP" />
<TLINK id="TL40" fromID="E36" fromText="Plavix" toID="E35" toText="IV Integrelin" type="OVERLAP" />
<TLINK id="TL41" fromID="E36" fromText="Plavix" toID="T7" toText="that time" type="OVERLAP" />
<TLINK id="TL42" fromID="E37" fromText="an NST EMI" toID="T7" toText="that time" type="OVERLAP" />
<TLINK id="TL43" fromID="E38" fromText="a peak CK" toID="E37" toText="an NST EMI" type="OVERLAP" />
<TLINK id="TL44" fromID="E39" fromText="a troponin" toID="E38" toText="a peak CK" type="OVERLAP" />
<TLINK id="TL45" fromID="E39" fromText="a troponin" toID="E40" toText="Electrocardiograms" type="OVERLAP" />
<TLINK id="TL46" fromID="E41" fromText="inverted T waves in V5 and V6" toID="E40" toText="Electrocardiograms" type="OVERLAP" />
<TLINK id="TL47" fromID="E41" fromText="inverted T waves in V5 and V6" toID="E42" toText="transferred" type="BEFORE" />
<TLINK id="TL48" fromID="E43" fromText="Cambridge Health Alliance" toID="E42" toText="transferred" type="AFTER" />
<TLINK id="TL49" fromID="E44" fromText="cardiac catheterization" toID="E43" toText="Cambridge Health Alliance" type="OVERLAP" />
<TLINK id="SECTIME0" fromID="E1" fromText="Admission" toID="T1" toText="2016-09-05" type="BEFORE" />
<TLINK id="SECTIME1" fromID="E2" fromText="Discharge" toID="T1" toText="2016-09-05" type="BEFORE" />
<TLINK id="SECTIME2" fromID="E3" fromText="hypertension" toID="T1" toText="2016-09-05" type="BEFORE" />
<TLINK id="SECTIME3" fromID="E4" fromText="hyperlipidemia" toID="T1" toText="2016-09-05" type="BEFORE" />
<TLINK id="SECTIME4" fromID="E5" fromText="prior myocardial infarction" toID="T1" toText="2016-09-05" type="BEFORE" />
<TLINK id="SECTIME5" fromID="E6" fromText="a percutaneous transluminal coronary angioplasty of the right coronary artery" toID="T1" toText="2016-09-05" type="BEFORE" />
<TLINK id="SECTIME6" fromID="E7" fromText="the Cambridge Health Alliance" toID="T1" toText="2016-09-05" type="BEFORE" />
<TLINK id="SECTIME7" fromID="E8" fromText="states" toID="T1" toText="2016-09-05" type="OVERLAP" />
<TLINK id="SECTIME8" fromID="E9" fromText="pain" toID="T1" toText="2016-09-05" type="BEFORE" />
<TLINK id="SECTIME9" fromID="E10" fromText="tightness in his back" toID="T1" toText="2016-09-05" type="BEFORE" />
<TLINK id="SECTIME10" fromID="E11" fromText="denies" toID="T1" toText="2016-09-05" type="OVERLAP" />
<TLINK id="SECTIME11" fromID="E12" fromText="shortness of breath" toID="T1" toText="2016-09-05" type="BEFORE" />
<TLINK id="SECTIME12" fromID="E13" fromText="dizziness" toID="T1" toText="2016-09-05" type="BEFORE" />
<TLINK id="SECTIME13" fromID="E14" fromText="diaphoresis" toID="T1" toText="2016-09-05" type="BEFORE" />
<TLINK id="SECTIME14" fromID="E15" fromText="nausea" toID="T1" toText="2016-09-05" type="BEFORE" />
<TLINK id="SECTIME15" fromID="E16" fromText="The pain" toID="T1" toText="2016-09-05" type="BEFORE" />
<TLINK id="SECTIME16" fromID="E17" fromText="a wheelbarrow" toID="T1" toText="2016-09-05" type="BEFORE" />
<TLINK id="SECTIME17" fromID="E18" fromText="rest" toID="T1" toText="2016-09-05" type="BEFORE" />
<TLINK id="SECTIME18" fromID="E19" fromText="denied" toID="T1" toText="2016-09-05" type="OVERLAP" />
<TLINK id="SECTIME19" fromID="E20" fromText="pain" toID="T1" toText="2016-09-05" type="BEFORE" />
<TLINK id="SECTIME20" fromID="E21" fromText="pain" toID="T1" toText="2016-09-05" type="BEFORE" />
<TLINK id="SECTIME21" fromID="E22" fromText="referred" toID="T1" toText="2016-09-05" type="OVERLAP" />
<TLINK id="SECTIME22" fromID="E23" fromText="the emergency room" toID="T1" toText="2016-09-05" type="BEFORE" />
<TLINK id="SECTIME23" fromID="E24" fromText="presented" toID="T1" toText="2016-09-05" type="BEFORE" />
<TLINK id="SECTIME24" fromID="E25" fromText="Mass. Mental Health Center" toID="T1" toText="2016-09-05" type="BEFORE" />
<TLINK id="SECTIME25" fromID="E26" fromText="ruled out" toID="T1" toText="2016-09-05" type="BEFORE" />
<TLINK id="SECTIME26" fromID="E27" fromText="an myocardial infarction" toID="T1" toText="2016-09-05" type="BEFORE" />
<TLINK id="SECTIME27" fromID="E28" fromText="enzymes" toID="T1" toText="2016-09-05" type="BEFORE" />
<TLINK id="SECTIME28" fromID="E29" fromText="electrocardiograms" toID="T1" toText="2016-09-05" type="BEFORE" />
<TLINK id="SECTIME29" fromID="E30" fromText="a negative evaluation" toID="T1" toText="2016-09-05" type="BEFORE" />
<TLINK id="SECTIME30" fromID="E31" fromText="dissecting aortic aneurysm" toID="T1" toText="2016-09-05" type="BEFORE" />
<TLINK id="SECTIME31" fromID="E32" fromText="chest pain" toID="T1" toText="2016-09-05" type="BEFORE" />
<TLINK id="SECTIME32" fromID="E33" fromText="increasing intensity" toID="T1" toText="2016-09-05" type="BEFORE" />
<TLINK id="SECTIME33" fromID="E34" fromText="nitroglycerin paste" toID="T1" toText="2016-09-05" type="BEFORE" />
<TLINK id="SECTIME34" fromID="E35" fromText="IV Integrelin" toID="T1" toText="2016-09-05" type="BEFORE" />
<TLINK id="SECTIME35" fromID="E36" fromText="Plavix" toID="T1" toText="2016-09-05" type="BEFORE" />
<TLINK id="SECTIME36" fromID="E37" fromText="an NST EMI" toID="T1" toText="2016-09-05" type="BEFORE" />
<TLINK id="SECTIME37" fromID="E38" fromText="a peak CK" toID="T1" toText="2016-09-05" type="BEFORE" />
<TLINK id="SECTIME38" fromID="E39" fromText="a troponin" toID="T1" toText="2016-09-05" type="BEFORE" />
<TLINK id="SECTIME39" fromID="E40" fromText="Electrocardiograms" toID="T1" toText="2016-09-05" type="BEFORE" />
<TLINK id="SECTIME40" fromID="E41" fromText="inverted T waves in V5 and V6" toID="T1" toText="2016-09-05" type="BEFORE" />
<TLINK id="SECTIME41" fromID="E42" fromText="transferred" toID="T1" toText="2016-09-05" type="BEFORE" />
<TLINK id="SECTIME42" fromID="E43" fromText="Cambridge Health Alliance" toID="T1" toText="2016-09-05" type="BEFORE" />
<TLINK id="SECTIME43" fromID="E44" fromText="cardiac catheterization" toID="T1" toText="2016-09-05" type="BEFORE" />
<SECTIME id="S0" start="18" end="28" text="2016-09-05" type="ADMISSION" dvalue="2016-09-05" />
<SECTIME id="S1" start="46" end="56" text="2016-09-14" type="DISCHARGE" dvalue="2016-09-14" />
</TAGS>
</ClinicalNarrativeTemporalAnnotation>

