<?xml version="1.0" encoding="UTF-8" ?>
<ClinicalNarrativeTemporalAnnotation>
<TEXT><![CDATA[
Admission Date :
2011-03-10
Discharge Date :
2011-03-15
Service :
Medford
HISTORY OF PRESENT ILLNESS :
This is an 83 year old woman with a history of hypertension who presents with slurred speech when dehydrated .
She has paraplegia secondary to HTLV exposure while on vacation in the Bahamas six years ago .
She presented with three days of general malaise , nausea , vomiting , shortness of breath , cough productive of white sputum .
She awoke with nausea on the day of admission and pleuritic chest pain .
She reports no sick contacts.
The patient has some difficulty talking and grasping right hand .
She came to the Emergency Department on the 2011-03-10 , with temperature of 99.0 F .; blood pressure of 97/50 ; heart rate 100 ; respirations 27 ; O2 saturation 84% on room air and 94% on two liters .
The patient had coarse rhonchi on examination .
Chest x-ray revealed mild pulmonary edema .
Chest CT scan was negative for pulmonary embolism but positive for consolidation .
She was started on Levofloxacin but the patient became hypotensive at that point with blood pressure of 70/45 and received a normal saline bolus to boost her blood pressure to 99/60 ; however the patient was admitted to the Medical Intensive Care Unit for overnight observation because of her somnolence and hypotension .
She was transferred to the Everett Firm on the 2011-03-11 and was mentating well and was stable for transfer .
HOSPITAL COURSE :
After transfer to the Floor , the patient was continued on Levofloxacin for a ten to 14 day course for presumptive pneumonia .
Due to her chronic diarrhea she was repleted with intravenous fluids .
For her depression , continued on Citalopram 10 mg daily .
For her paraplegia and associated muscle spasticity she was continued on her Zanaflex .
For deep vein thrombosis prophylaxis she was treated with subcutaneous heparin and for gastrointestinal prophylaxis she was treated with Protonix .
She was also evaluated by Physical Therapy and Speech and Swallow because of some report of dysphagia .
Physical Therapy felt that the patient was cleared for transfer home with services .
Occupational Therapy was also in agreement with the patient 's disposition home with services .
The patient was able to advance her diet well from liquids to solids , however , she was plagued with a persistent cough and some low grade fevers to 99.0 F .
Speech and Swallow evaluated the patient at bedside and recommended advancing to regular diet with regular consistency and saw no evidence of any dysphagia .
There was some question regarding restarting of the patient 's Coumadin given her positive lupus anti-coagulant status as well as the presence of her basilar artery stenosis .
The patient was discharged on the 2011-03-15 on the following medications .
]]></TEXT>
<TAGS>
<EVENT id="E1" start="1" end="10" text="Admission" modality="FACTUAL" polarity="POS" type="OCCURRENCE" />
<EVENT id="E2" start="29" end="38" text="Discharge" modality="FACTUAL" polarity="POS" type="OCCURRENCE" />
<EVENT id="E3" start="151" end="163" text="hypertension" modality="FACTUAL" polarity="POS" type="PROBLEM" />
<EVENT id="E4" start="168" end="176" text="presents" modality="FACTUAL" polarity="POS" type="OCCURRENCE" />
<EVENT id="E5" start="182" end="196" text="slurred speech" modality="FACTUAL" polarity="POS" type="PROBLEM" />
<EVENT id="E6" start="202" end="212" text="dehydrated" modality="FACTUAL" polarity="POS" type="PROBLEM" />
<EVENT id="E7" start="223" end="233" text="paraplegia" modality="FACTUAL" polarity="POS" type="PROBLEM" />
<EVENT id="E8" start="247" end="260" text="HTLV exposure" modality="FACTUAL" polarity="POS" type="PROBLEM" />
<EVENT id="E9" start="270" end="278" text="vacation" modality="FACTUAL" polarity="POS" type="TREATMENT" />
<EVENT id="E10" start="314" end="323" text="presented" modality="FACTUAL" polarity="POS" type="OCCURRENCE" />
<EVENT id="E11" start="343" end="358" text="general malaise" modality="FACTUAL" polarity="POS" type="PROBLEM" />
<EVENT id="E12" start="361" end="367" text="nausea" modality="FACTUAL" polarity="POS" type="PROBLEM" />
<EVENT id="E13" start="370" end="378" text="vomiting" modality="FACTUAL" polarity="POS" type="PROBLEM" />
<EVENT id="E14" start="381" end="400" text="shortness of breath" modality="FACTUAL" polarity="NEG" type="PROBLEM" />
<EVENT id="E15" start="403" end="435" text="cough productive of white sputum" modality="FACTUAL" polarity="NEG" type="PROBLEM" />
<EVENT id="E16" start="442" end="447" text="awoke" modality="FACTUAL" polarity="POS" type="OCCURRENCE" />
<EVENT id="E17" start="453" end="459" text="nausea" modality="FACTUAL" polarity="POS" type="PROBLEM" />
<EVENT id="E18" start="474" end="483" text="admission" modality="FACTUAL" polarity="POS" type="OCCURRENCE" />
<EVENT id="E19" start="488" end="508" text="pleuritic chest pain" modality="FACTUAL" polarity="POS" type="PROBLEM" />
<EVENT id="E20" start="515" end="522" text="reports" modality="FACTUAL" polarity="POS" type="EVIDENTIAL" />
<EVENT id="E21" start="526" end="540" text="sick contacts." modality="FACTUAL" polarity="NEG" type="PROBLEM" />
<EVENT id="E22" start="557" end="580" text="some difficulty talking" modality="FACTUAL" polarity="POS" type="PROBLEM" />
<EVENT id="E23" start="619" end="643" text="the Emergency Department" modality="FACTUAL" polarity="POS" type="CLINICAL_DEPT" />
<EVENT id="E24" start="669" end="680" text="temperature" modality="FACTUAL" polarity="POS" type="TEST" />
<EVENT id="E25" start="694" end="708" text="blood pressure" modality="FACTUAL" polarity="POS" type="TEST" />
<EVENT id="E26" start="720" end="730" text="heart rate" modality="FACTUAL" polarity="POS" type="TEST" />
<EVENT id="E27" start="737" end="749" text="respirations" modality="FACTUAL" polarity="POS" type="TEST" />
<EVENT id="E28" start="755" end="768" text="O2 saturation" modality="FACTUAL" polarity="POS" type="TEST" />
<EVENT id="E29" start="825" end="839" text="coarse rhonchi" modality="FACTUAL" polarity="POS" type="PROBLEM" />
<EVENT id="E30" start="843" end="854" text="examination" modality="FACTUAL" polarity="POS" type="TEST" />
<EVENT id="E31" start="857" end="868" text="Chest x-ray" modality="FACTUAL" polarity="POS" type="TEST" />
<EVENT id="E32" start="869" end="877" text="revealed" modality="FACTUAL" polarity="POS" type="EVIDENTIAL" />
<EVENT id="E33" start="878" end="898" text="mild pulmonary edema" modality="FACTUAL" polarity="POS" type="PROBLEM" />
<EVENT id="E34" start="901" end="914" text="Chest CT scan" modality="FACTUAL" polarity="POS" type="TEST" />
<EVENT id="E35" start="932" end="950" text="pulmonary embolism" modality="FACTUAL" polarity="NEG" type="PROBLEM" />
<EVENT id="E36" start="968" end="981" text="consolidation" modality="FACTUAL" polarity="POS" type="PROBLEM" />
<EVENT id="E37" start="1003" end="1015" text="Levofloxacin" modality="FACTUAL" polarity="POS" type="TREATMENT" />
<EVENT id="E38" start="1039" end="1050" text="hypotensive" modality="FACTUAL" polarity="POS" type="PROBLEM" />
<EVENT id="E39" start="1070" end="1084" text="blood pressure" modality="FACTUAL" polarity="POS" type="TEST" />
<EVENT id="E40" start="1107" end="1128" text="a normal saline bolus" modality="FACTUAL" polarity="POS" type="TREATMENT" />
<EVENT id="E41" start="1132" end="1156" text="boost her blood pressure" modality="FACTUAL" polarity="POS" type="TEST" />
<EVENT id="E42" start="1192" end="1200" text="admitted" modality="FACTUAL" polarity="POS" type="OCCURRENCE" />
<EVENT id="E43" start="1204" end="1235" text="the Medical Intensive Care Unit" modality="FACTUAL" polarity="POS" type="CLINICAL_DEPT" />
<EVENT id="E44" start="1240" end="1261" text="overnight observation" modality="FACTUAL" polarity="POS" type="TEST" />
<EVENT id="E45" start="1273" end="1287" text="her somnolence" modality="FACTUAL" polarity="POS" type="PROBLEM" />
<EVENT id="E46" start="1292" end="1303" text="hypotension" modality="FACTUAL" polarity="POS" type="PROBLEM" />
<EVENT id="E47" start="1314" end="1325" text="transferred" modality="FACTUAL" polarity="POS" type="OCCURRENCE" />
<EVENT id="E48" start="1329" end="1345" text="the Everett Firm" modality="FACTUAL" polarity="POS" type="CLINICAL_DEPT" />
<EVENT id="E49" start="1372" end="1386" text="mentating well" modality="FACTUAL" polarity="POS" type="OCCURRENCE" />
<EVENT id="E50" start="1395" end="1401" text="stable" modality="FACTUAL" polarity="POS" type="OCCURRENCE" />
<EVENT id="E51" start="1406" end="1414" text="transfer" modality="FACTUAL" polarity="POS" type="OCCURRENCE" />
<EVENT id="E52" start="1441" end="1449" text="transfer" modality="FACTUAL" polarity="POS" type="OCCURRENCE" />
<EVENT id="E53" start="1453" end="1462" text="the Floor" modality="FACTUAL" polarity="POS" type="CLINICAL_DEPT" />
<EVENT id="E54" start="1494" end="1506" text="Levofloxacin" modality="FACTUAL" polarity="POS" type="TREATMENT" />
<EVENT id="E55" start="1538" end="1559" text="presumptive pneumonia" modality="FACTUAL" polarity="POS" type="PROBLEM" />
<EVENT id="E56" start="1569" end="1589" text="her chronic diarrhea" modality="FACTUAL" polarity="POS" type="PROBLEM" />
<EVENT id="E57" start="1598" end="1606" text="repleted" modality="FACTUAL" polarity="POS" type="TREATMENT" />
<EVENT id="E58" start="1612" end="1630" text="intravenous fluids" modality="FACTUAL" polarity="POS" type="TREATMENT" />
<EVENT id="E59" start="1637" end="1651" text="her depression" modality="FACTUAL" polarity="POS" type="PROBLEM" />
<EVENT id="E60" start="1667" end="1677" text="Citalopram" modality="FACTUAL" polarity="POS" type="TREATMENT" />
<EVENT id="E61" start="1696" end="1710" text="her paraplegia" modality="FACTUAL" polarity="POS" type="PROBLEM" />
<EVENT id="E62" start="1715" end="1743" text="associated muscle spasticity" modality="FACTUAL" polarity="POS" type="PROBLEM" />
<EVENT id="E63" start="1765" end="1777" text="her Zanaflex" modality="FACTUAL" polarity="POS" type="TREATMENT" />
<EVENT id="E64" start="1784" end="1816" text="deep vein thrombosis prophylaxis" modality="FACTUAL" polarity="POS" type="TREATMENT" />
<EVENT id="E65" start="1838" end="1858" text="subcutaneous heparin" modality="FACTUAL" polarity="POS" type="TREATMENT" />
<EVENT id="E66" start="1867" end="1895" text="gastrointestinal prophylaxis" modality="FACTUAL" polarity="POS" type="TREATMENT" />
<EVENT id="E67" start="1917" end="1925" text="Protonix" modality="FACTUAL" polarity="POS" type="TREATMENT" />
<EVENT id="E68" start="1941" end="1950" text="evaluated" modality="FACTUAL" polarity="POS" type="TEST" />
<EVENT id="E69" start="1954" end="1970" text="Physical Therapy" modality="FACTUAL" polarity="POS" type="CLINICAL_DEPT" />
<EVENT id="E70" start="1975" end="1981" text="Speech" modality="FACTUAL" polarity="POS" type="CLINICAL_DEPT" />
<EVENT id="E71" start="1986" end="1993" text="Swallow" modality="FACTUAL" polarity="POS" type="OCCURRENCE" />
<EVENT id="E72" start="2020" end="2029" text="dysphagia" modality="FACTUAL" polarity="POS" type="PROBLEM" />
<EVENT id="E73" start="2032" end="2048" text="Physical Therapy" modality="FACTUAL" polarity="POS" type="CLINICAL_DEPT" />
<EVENT id="E74" start="2087" end="2095" text="transfer" modality="FACTUAL" polarity="POS" type="OCCURRENCE" />
<EVENT id="E75" start="2117" end="2137" text="Occupational Therapy" modality="FACTUAL" polarity="POS" type="CLINICAL_DEPT" />
<EVENT id="E76" start="2237" end="2258" text="advance her diet well" modality="FACTUAL" polarity="POS" type="OCCURRENCE" />
<EVENT id="E77" start="2275" end="2281" text="solids" modality="FACTUAL" polarity="POS" type="TREATMENT" />
<EVENT id="E78" start="2315" end="2333" text="a persistent cough" modality="FACTUAL" polarity="POS" type="PROBLEM" />
<EVENT id="E79" start="2338" end="2359" text="some low grade fevers" modality="FACTUAL" polarity="POS" type="PROBLEM" />
<EVENT id="E80" start="2440" end="2465" text="advancing to regular diet" modality="PROPOSED" polarity="POS" type="OCCURRENCE" />
<EVENT id="E81" start="2471" end="2490" text="regular consistency" modality="FACTUAL" polarity="POS" type="OCCURRENCE" />
<EVENT id="E82" start="2518" end="2527" text="dysphagia" modality="FACTUAL" polarity="NEG" type="PROBLEM" />
<EVENT id="E83" start="2593" end="2601" text="Coumadin" modality="FACTUAL" polarity="POS" type="TREATMENT" />
<EVENT id="E84" start="2608" end="2648" text="her positive lupus anti-coagulant status" modality="FACTUAL" polarity="POS" type="PROBLEM" />
<EVENT id="E85" start="2676" end="2703" text="her basilar artery stenosis" modality="FACTUAL" polarity="POS" type="PROBLEM" />
<EVENT id="E86" start="2722" end="2732" text="discharged" modality="FACTUAL" polarity="POS" type="OCCURRENCE" />
<EVENT id="E87" start="2754" end="2779" text="the following medications" modality="FACTUAL" polarity="POS" type="TREATMENT" />
<TIMEX3 id="T1" start="18" end="28" text="2011-03-10" type="DATE" val="2011-03-10" mod="NA" />
<TIMEX3 id="T2" start="46" end="56" text="2011-03-15" type="DATE" val="2011-03-15" mod="NA" />
<TIMEX3 id="T3" start="294" end="307" text="six years ago" type="DATE" val="2006" mod="NA" />
<TIMEX3 id="T4" start="329" end="339" text="three days" type="DURATION" val="P3D" mod="NA" />
<TIMEX3 id="T5" start="463" end="470" text="the day" type="DATE" val="2011-03-10" mod="NA" />
<TIMEX3 id="T6" start="651" end="661" text="2011-03-10" type="DATE" val="2011-03-10" mod="NA" />
<TIMEX3 id="T7" start="1353" end="1363" text="2011-03-11" type="DATE" val="2011-03-11" mod="NA" />
<TIMEX3 id="T8" start="1513" end="1533" text="ten to 14 day course" type="DURATION" val="2011-03-10" mod="NA" />
<TIMEX3 id="T9" start="1684" end="1689" text="daily" type="FREQUENCY" val="RP1D" mod="NA" />
<TIMEX3 id="T10" start="2740" end="2750" text="2011-03-15" type="DATE" val="2011-03-15" mod="NA" />
<TLINK id="TL1" fromID="E1" fromText="Admission" toID="T1" toText="2011-03-10" type="OVERLAP" />
<TLINK id="TL3" fromID="E2" fromText="Discharge" toID="T2" toText="2011-03-15" type="OVERLAP" />
<TLINK id="TL4" fromID="E3" fromText="hypertension" toID="E4" toText="presents" type="BEFORE" />
<TLINK id="TL5" fromID="E5" fromText="slurred speech" toID="E4" toText="presents" type="BEFORE" />
<TLINK id="TL6" fromID="E6" fromText="dehydrated" toID="E5" toText="slurred speech" type="OVERLAP" />
<TLINK id="TL7" fromID="E6" fromText="dehydrated" toID="E7" toText="paraplegia" type="OVERLAP" />
<TLINK id="TL8" fromID="E8" fromText="HTLV exposure" toID="E7" toText="paraplegia" type="OVERLAP" />
<TLINK id="TL9" fromID="E8" fromText="HTLV exposure" toID="E9" toText="vacation" type="BEFORE" />
<TLINK id="TL10" fromID="E9" fromText="vacation" toID="T3" toText="six years ago" type="BEFORE" />
<TLINK id="TL11" fromID="E9" fromText="vacation" toID="E10" toText="presented" type="OVERLAP" />
<TLINK id="TL12" fromID="T4" fromText="three days" toID="E10" toText="presented" type="AFTER" />
<TLINK id="TL13" fromID="E11" fromText="general malaise" toID="E10" toText="presented" type="BEFORE" />
<TLINK id="TL14" fromID="E12" fromText="nausea" toID="E11" toText="general malaise" type="OVERLAP" />
<TLINK id="TL15" fromID="E13" fromText="vomiting" toID="E12" toText="nausea" type="OVERLAP" />
<TLINK id="TL16" fromID="E14" fromText="shortness of breath" toID="E13" toText="vomiting" type="OVERLAP" />
<TLINK id="TL17" fromID="E15" fromText="cough productive of white sputum" toID="E14" toText="shortness of breath" type="OVERLAP" />
<TLINK id="TL18" fromID="E15" fromText="cough productive of white sputum" toID="E16" toText="awoke" type="OVERLAP" />
<TLINK id="TL19" fromID="E17" fromText="nausea" toID="E16" toText="awoke" type="BEFORE" />
<TLINK id="TL20" fromID="E17" fromText="nausea" toID="T5" toText="the day" type="OVERLAP" />
<TLINK id="TL21" fromID="T5" fromText="the day" toID="E18" toText="admission" type="OVERLAP" />
<TLINK id="TL22" fromID="E19" fromText="pleuritic chest pain" toID="E18" toText="admission" type="BEFORE" />
<TLINK id="TL23" fromID="E19" fromText="pleuritic chest pain" toID="E20" toText="reports" type="OVERLAP" />
<TLINK id="TL24" fromID="E21" fromText="sick contacts." toID="E20" toText="reports" type="BEFORE" />
<TLINK id="TL25" fromID="E22" fromText="some difficulty talking" toID="E21" toText="sick contacts." type="OVERLAP" />
<TLINK id="TL26" fromID="E22" fromText="some difficulty talking" toID="E23" toText="the Emergency Department" type="BEFORE" />
<TLINK id="TL27" fromID="E23" fromText="the Emergency Department" toID="T6" toText="2011-03-10" type="OVERLAP" />
<TLINK id="TL28" fromID="E24" fromText="temperature" toID="T6" toText="2011-03-10" type="OVERLAP" />
<TLINK id="TL29" fromID="E25" fromText="blood pressure" toID="E24" toText="temperature" type="OVERLAP" />
<TLINK id="TL30" fromID="E25" fromText="blood pressure" toID="E26" toText="heart rate" type="OVERLAP" />
<TLINK id="TL31" fromID="E27" fromText="respirations" toID="E26" toText="heart rate" type="OVERLAP" />
<TLINK id="TL32" fromID="E28" fromText="O2 saturation" toID="E27" toText="respirations" type="OVERLAP" />
<TLINK id="TL33" fromID="E29" fromText="coarse rhonchi" toID="E28" toText="O2 saturation" type="BEFORE" />
<TLINK id="TL34" fromID="E29" fromText="coarse rhonchi" toID="E30" toText="examination" type="OVERLAP" />
<TLINK id="TL35" fromID="E31" fromText="Chest x-ray" toID="E30" toText="examination" type="OVERLAP" />
<TLINK id="TL36" fromID="E31" fromText="Chest x-ray" toID="E32" toText="revealed" type="OVERLAP" />
<TLINK id="TL37" fromID="E33" fromText="mild pulmonary edema" toID="E32" toText="revealed" type="BEFORE" />
<TLINK id="TL38" fromID="E33" fromText="mild pulmonary edema" toID="E34" toText="Chest CT scan" type="OVERLAP" />
<TLINK id="TL39" fromID="E35" fromText="pulmonary embolism" toID="E34" toText="Chest CT scan" type="OVERLAP" />
<TLINK id="TL40" fromID="E36" fromText="consolidation" toID="E35" toText="pulmonary embolism" type="OVERLAP" />
<TLINK id="TL41" fromID="E36" fromText="consolidation" toID="E37" toText="Levofloxacin" type="OVERLAP" />
<TLINK id="TL42" fromID="E38" fromText="hypotensive" toID="E37" toText="Levofloxacin" type="OVERLAP" />
<TLINK id="TL43" fromID="E38" fromText="hypotensive" toID="E39" toText="blood pressure" type="OVERLAP" />
<TLINK id="TL44" fromID="E40" fromText="a normal saline bolus" toID="E39" toText="blood pressure" type="OVERLAP" />
<TLINK id="TL45" fromID="E41" fromText="boost her blood pressure" toID="E40" toText="a normal saline bolus" type="OVERLAP" />
<TLINK id="TL46" fromID="E41" fromText="boost her blood pressure" toID="E42" toText="admitted" type="OVERLAP" />
<TLINK id="TL47" fromID="E43" fromText="the Medical Intensive Care Unit" toID="E42" toText="admitted" type="AFTER" />
<TLINK id="TL48" fromID="E44" fromText="overnight observation" toID="E43" toText="the Medical Intensive Care Unit" type="OVERLAP" />
<TLINK id="TL49" fromID="E45" fromText="her somnolence" toID="E44" toText="overnight observation" type="BEFORE" />
<TLINK id="TL50" fromID="E45" fromText="her somnolence" toID="E46" toText="hypotension" type="OVERLAP" />
<TLINK id="TL51" fromID="E46" fromText="hypotension" toID="E47" toText="transferred" type="OVERLAP" />
<TLINK id="TL52" fromID="E48" fromText="the Everett Firm" toID="E47" toText="transferred" type="AFTER" />
<TLINK id="TL53" fromID="E48" fromText="the Everett Firm" toID="T7" toText="2011-03-11" type="OVERLAP" />
<TLINK id="TL54" fromID="E49" fromText="mentating well" toID="T7" toText="2011-03-11" type="OVERLAP" />
<TLINK id="TL55" fromID="E50" fromText="stable" toID="T7" toText="2011-03-11" type="OVERLAP" />
<TLINK id="TL56" fromID="E50" fromText="stable" toID="E51" toText="transfer" type="OVERLAP" />
<TLINK id="TL57" fromID="E53" fromText="the Floor" toID="E52" toText="transfer" type="AFTER" />
<TLINK id="TL58" fromID="E54" fromText="Levofloxacin" toID="E53" toText="the Floor" type="OVERLAP" />
<TLINK id="TL59" fromID="E54" fromText="Levofloxacin" toID="T8" toText="ten to 14 day course" type="OVERLAP" />
<TLINK id="TL60" fromID="E55" fromText="presumptive pneumonia" toID="T8" toText="ten to 14 day course" type="OVERLAP" />
<TLINK id="TL61" fromID="E56" fromText="her chronic diarrhea" toID="E55" toText="presumptive pneumonia" type="OVERLAP" />
<TLINK id="TL62" fromID="E56" fromText="her chronic diarrhea" toID="E57" toText="repleted" type="OVERLAP" />
<TLINK id="TL63" fromID="E58" fromText="intravenous fluids" toID="E57" toText="repleted" type="OVERLAP" />
<TLINK id="TL64" fromID="E59" fromText="her depression" toID="E58" toText="intravenous fluids" type="BEFORE" />
<TLINK id="TL65" fromID="E59" fromText="her depression" toID="E60" toText="Citalopram" type="BEFORE" />
<TLINK id="TL66" fromID="E60" fromText="Citalopram" toID="T9" toText="daily" type="OVERLAP" />
<TLINK id="TL67" fromID="E61" fromText="her paraplegia" toID="E60" toText="Citalopram" type="OVERLAP" />
<TLINK id="TL68" fromID="E62" fromText="associated muscle spasticity" toID="E61" toText="her paraplegia" type="OVERLAP" />
<TLINK id="TL69" fromID="E62" fromText="associated muscle spasticity" toID="E63" toText="her Zanaflex" type="BEFORE" />
<TLINK id="TL70" fromID="E64" fromText="deep vein thrombosis prophylaxis" toID="E63" toText="her Zanaflex" type="OVERLAP" />
<TLINK id="TL71" fromID="E64" fromText="deep vein thrombosis prophylaxis" toID="E65" toText="subcutaneous heparin" type="OVERLAP" />
<TLINK id="TL72" fromID="E66" fromText="gastrointestinal prophylaxis" toID="E65" toText="subcutaneous heparin" type="OVERLAP" />
<TLINK id="TL73" fromID="E66" fromText="gastrointestinal prophylaxis" toID="E67" toText="Protonix" type="OVERLAP" />
<TLINK id="TL74" fromID="E68" fromText="evaluated" toID="E67" toText="Protonix" type="AFTER" />
<TLINK id="TL75" fromID="E68" fromText="evaluated" toID="E69" toText="Physical Therapy" type="OVERLAP" />
<TLINK id="TL76" fromID="E70" fromText="Speech" toID="E69" toText="Physical Therapy" type="OVERLAP" />
<TLINK id="TL77" fromID="E71" fromText="Swallow" toID="E70" toText="Speech" type="BEFORE" />
<TLINK id="TL78" fromID="E71" fromText="Swallow" toID="E72" toText="dysphagia" type="OVERLAP" />
<TLINK id="TL79" fromID="E72" fromText="dysphagia" toID="E73" toText="Physical Therapy" type="OVERLAP" />
<TLINK id="TL80" fromID="E74" fromText="transfer" toID="E73" toText="Physical Therapy" type="OVERLAP" />
<TLINK id="TL81" fromID="E75" fromText="Occupational Therapy" toID="E74" toText="transfer" type="AFTER" />
<TLINK id="TL82" fromID="E76" fromText="advance her diet well" toID="E75" toText="Occupational Therapy" type="BEFORE" />
<TLINK id="TL83" fromID="E77" fromText="solids" toID="E76" toText="advance her diet well" type="OVERLAP" />
<TLINK id="TL84" fromID="E78" fromText="a persistent cough" toID="E77" toText="solids" type="BEFORE" />
<TLINK id="TL85" fromID="E78" fromText="a persistent cough" toID="E79" toText="some low grade fevers" type="OVERLAP" />
<TLINK id="TL86" fromID="E79" fromText="some low grade fevers" toID="E80" toText="advancing to regular diet" type="OVERLAP" />
<TLINK id="TL87" fromID="E81" fromText="regular consistency" toID="E80" toText="advancing to regular diet" type="OVERLAP" />
<TLINK id="TL88" fromID="E82" fromText="dysphagia" toID="E81" toText="regular consistency" type="BEFORE" />
<TLINK id="TL89" fromID="E83" fromText="Coumadin" toID="E82" toText="dysphagia" type="BEFORE" />
<TLINK id="TL90" fromID="E84" fromText="her positive lupus anti-coagulant status" toID="E83" toText="Coumadin" type="BEFORE" />
<TLINK id="TL91" fromID="E85" fromText="her basilar artery stenosis" toID="E84" toText="her positive lupus anti-coagulant status" type="OVERLAP" />
<TLINK id="TL92" fromID="E85" fromText="her basilar artery stenosis" toID="E86" toText="discharged" type="OVERLAP" />
<TLINK id="TL93" fromID="E86" fromText="discharged" toID="T10" toText="2011-03-15" type="OVERLAP" />
<TLINK id="TL94" fromID="E87" fromText="the following medications" toID="E86" toText="discharged" type="BEFORE" />
<TLINK id="SECTIME0" fromID="E1" fromText="Admission" toID="T1" toText="2011-03-10" type="BEFORE" />
<TLINK id="SECTIME1" fromID="E2" fromText="Discharge" toID="T1" toText="2011-03-10" type="BEFORE" />
<TLINK id="SECTIME2" fromID="E3" fromText="hypertension" toID="T1" toText="2011-03-10" type="BEFORE" />
<TLINK id="SECTIME3" fromID="E4" fromText="presents" toID="T1" toText="2011-03-10" type="OVERLAP" />
<TLINK id="SECTIME4" fromID="E5" fromText="slurred speech" toID="T1" toText="2011-03-10" type="BEFORE" />
<TLINK id="SECTIME5" fromID="E6" fromText="dehydrated" toID="T1" toText="2011-03-10" type="OVERLAP" />
<TLINK id="SECTIME6" fromID="E7" fromText="paraplegia" toID="T1" toText="2011-03-10" type="BEFORE" />
<TLINK id="SECTIME7" fromID="E8" fromText="HTLV exposure" toID="T1" toText="2011-03-10" type="BEFORE" />
<TLINK id="SECTIME8" fromID="E9" fromText="vacation" toID="T1" toText="2011-03-10" type="BEFORE" />
<TLINK id="SECTIME9" fromID="E10" fromText="presented" toID="T1" toText="2011-03-10" type="OVERLAP" />
<TLINK id="SECTIME10" fromID="E11" fromText="general malaise" toID="T1" toText="2011-03-10" type="BEFORE" />
<TLINK id="SECTIME11" fromID="E12" fromText="nausea" toID="T1" toText="2011-03-10" type="BEFORE" />
<TLINK id="SECTIME12" fromID="E13" fromText="vomiting" toID="T1" toText="2011-03-10" type="BEFORE" />
<TLINK id="SECTIME13" fromID="E14" fromText="shortness of breath" toID="T1" toText="2011-03-10" type="BEFORE" />
<TLINK id="SECTIME14" fromID="E15" fromText="cough productive of white sputum" toID="T1" toText="2011-03-10" type="BEFORE" />
<TLINK id="SECTIME15" fromID="E16" fromText="awoke" toID="T1" toText="2011-03-10" type="BEFORE" />
<TLINK id="SECTIME16" fromID="E17" fromText="nausea" toID="T1" toText="2011-03-10" type="BEFORE" />
<TLINK id="SECTIME17" fromID="E18" fromText="admission" toID="T1" toText="2011-03-10" type="BEFORE" />
<TLINK id="SECTIME18" fromID="E19" fromText="pleuritic chest pain" toID="T1" toText="2011-03-10" type="BEFORE" />
<TLINK id="SECTIME19" fromID="E20" fromText="reports" toID="T1" toText="2011-03-10" type="OVERLAP" />
<TLINK id="SECTIME20" fromID="E21" fromText="sick contacts." toID="T1" toText="2011-03-10" type="BEFORE" />
<TLINK id="SECTIME21" fromID="E22" fromText="some difficulty talking" toID="T1" toText="2011-03-10" type="BEFORE" />
<TLINK id="SECTIME22" fromID="E23" fromText="the Emergency Department" toID="T1" toText="2011-03-10" type="BEFORE" />
<TLINK id="SECTIME23" fromID="E24" fromText="temperature" toID="T1" toText="2011-03-10" type="BEFORE" />
<TLINK id="SECTIME24" fromID="E25" fromText="blood pressure" toID="T1" toText="2011-03-10" type="BEFORE" />
<TLINK id="SECTIME25" fromID="E26" fromText="heart rate" toID="T1" toText="2011-03-10" type="BEFORE" />
<TLINK id="SECTIME26" fromID="E27" fromText="respirations" toID="T1" toText="2011-03-10" type="BEFORE" />
<TLINK id="SECTIME27" fromID="E28" fromText="O2 saturation" toID="T1" toText="2011-03-10" type="BEFORE" />
<TLINK id="SECTIME28" fromID="E29" fromText="coarse rhonchi" toID="T1" toText="2011-03-10" type="BEFORE" />
<TLINK id="SECTIME29" fromID="E30" fromText="examination" toID="T1" toText="2011-03-10" type="BEFORE" />
<TLINK id="SECTIME30" fromID="E31" fromText="Chest x-ray" toID="T1" toText="2011-03-10" type="BEFORE" />
<TLINK id="SECTIME31" fromID="E32" fromText="revealed" toID="T1" toText="2011-03-10" type="BEFORE" />
<TLINK id="SECTIME32" fromID="E33" fromText="mild pulmonary edema" toID="T1" toText="2011-03-10" type="BEFORE" />
<TLINK id="SECTIME33" fromID="E34" fromText="Chest CT scan" toID="T1" toText="2011-03-10" type="BEFORE" />
<TLINK id="SECTIME34" fromID="E35" fromText="pulmonary embolism" toID="T1" toText="2011-03-10" type="BEFORE" />
<TLINK id="SECTIME35" fromID="E36" fromText="consolidation" toID="T1" toText="2011-03-10" type="BEFORE" />
<TLINK id="SECTIME36" fromID="E37" fromText="Levofloxacin" toID="T1" toText="2011-03-10" type="BEFORE" />
<TLINK id="SECTIME37" fromID="E38" fromText="hypotensive" toID="T1" toText="2011-03-10" type="BEFORE" />
<TLINK id="SECTIME38" fromID="E39" fromText="blood pressure" toID="T1" toText="2011-03-10" type="BEFORE" />
<TLINK id="SECTIME39" fromID="E40" fromText="a normal saline bolus" toID="T1" toText="2011-03-10" type="BEFORE" />
<TLINK id="SECTIME40" fromID="E41" fromText="boost her blood pressure" toID="T1" toText="2011-03-10" type="BEFORE" />
<TLINK id="SECTIME41" fromID="E42" fromText="admitted" toID="T1" toText="2011-03-10" type="BEFORE" />
<TLINK id="SECTIME42" fromID="E43" fromText="the Medical Intensive Care Unit" toID="T1" toText="2011-03-10" type="BEFORE" />
<TLINK id="SECTIME43" fromID="E44" fromText="overnight observation" toID="T1" toText="2011-03-10" type="BEFORE" />
<TLINK id="SECTIME44" fromID="E45" fromText="her somnolence" toID="T1" toText="2011-03-10" type="BEFORE" />
<TLINK id="SECTIME45" fromID="E46" fromText="hypotension" toID="T1" toText="2011-03-10" type="BEFORE" />
<TLINK id="SECTIME46" fromID="E47" fromText="transferred" toID="T1" toText="2011-03-10" type="BEFORE" />
<TLINK id="SECTIME47" fromID="E48" fromText="the Everett Firm" toID="T1" toText="2011-03-10" type="BEFORE" />
<TLINK id="SECTIME48" fromID="E49" fromText="mentating well" toID="T1" toText="2011-03-10" type="BEFORE" />
<TLINK id="SECTIME49" fromID="E50" fromText="stable" toID="T1" toText="2011-03-10" type="BEFORE" />
<TLINK id="SECTIME50" fromID="E51" fromText="transfer" toID="T1" toText="2011-03-10" type="BEFORE" />
<TLINK id="SECTIME51" fromID="E52" fromText="transfer" toID="T2" toText="2011-03-15" type="BEFORE" />
<TLINK id="SECTIME52" fromID="E53" fromText="the Floor" toID="T2" toText="2011-03-15" type="BEFORE" />
<TLINK id="SECTIME53" fromID="E54" fromText="Levofloxacin" toID="T2" toText="2011-03-15" type="BEFORE" />
<TLINK id="SECTIME54" fromID="E55" fromText="presumptive pneumonia" toID="T2" toText="2011-03-15" type="BEFORE" />
<TLINK id="SECTIME55" fromID="E56" fromText="her chronic diarrhea" toID="T2" toText="2011-03-15" type="BEFORE" />
<TLINK id="SECTIME56" fromID="E57" fromText="repleted" toID="T2" toText="2011-03-15" type="BEFORE" />
<TLINK id="SECTIME57" fromID="E58" fromText="intravenous fluids" toID="T2" toText="2011-03-15" type="BEFORE" />
<TLINK id="SECTIME58" fromID="E59" fromText="her depression" toID="T2" toText="2011-03-15" type="BEFORE" />
<TLINK id="SECTIME59" fromID="E60" fromText="Citalopram" toID="T2" toText="2011-03-15" type="BEFORE" />
<TLINK id="SECTIME60" fromID="E61" fromText="her paraplegia" toID="T2" toText="2011-03-15" type="BEFORE" />
<TLINK id="SECTIME61" fromID="E62" fromText="associated muscle spasticity" toID="T2" toText="2011-03-15" type="BEFORE" />
<TLINK id="SECTIME62" fromID="E63" fromText="her Zanaflex" toID="T2" toText="2011-03-15" type="BEFORE" />
<TLINK id="SECTIME63" fromID="E64" fromText="deep vein thrombosis prophylaxis" toID="T2" toText="2011-03-15" type="BEFORE" />
<TLINK id="SECTIME64" fromID="E65" fromText="subcutaneous heparin" toID="T2" toText="2011-03-15" type="BEFORE" />
<TLINK id="SECTIME65" fromID="E66" fromText="gastrointestinal prophylaxis" toID="T2" toText="2011-03-15" type="BEFORE" />
<TLINK id="SECTIME66" fromID="E67" fromText="Protonix" toID="T2" toText="2011-03-15" type="BEFORE" />
<TLINK id="SECTIME67" fromID="E68" fromText="evaluated" toID="T2" toText="2011-03-15" type="BEFORE" />
<TLINK id="SECTIME68" fromID="E69" fromText="Physical Therapy" toID="T2" toText="2011-03-15" type="BEFORE" />
<TLINK id="SECTIME69" fromID="E70" fromText="Speech" toID="T2" toText="2011-03-15" type="BEFORE" />
<TLINK id="SECTIME70" fromID="E71" fromText="Swallow" toID="T2" toText="2011-03-15" type="BEFORE" />
<TLINK id="SECTIME71" fromID="E72" fromText="dysphagia" toID="T2" toText="2011-03-15" type="BEFORE" />
<TLINK id="SECTIME72" fromID="E73" fromText="Physical Therapy" toID="T2" toText="2011-03-15" type="BEFORE" />
<TLINK id="SECTIME73" fromID="E74" fromText="transfer" toID="T2" toText="2011-03-15" type="BEFORE" />
<TLINK id="SECTIME74" fromID="E75" fromText="Occupational Therapy" toID="T2" toText="2011-03-15" type="BEFORE" />
<TLINK id="SECTIME75" fromID="E76" fromText="advance her diet well" toID="T2" toText="2011-03-15" type="BEFORE" />
<TLINK id="SECTIME76" fromID="E77" fromText="solids" toID="T2" toText="2011-03-15" type="BEFORE" />
<TLINK id="SECTIME77" fromID="E78" fromText="a persistent cough" toID="T2" toText="2011-03-15" type="BEFORE" />
<TLINK id="SECTIME78" fromID="E79" fromText="some low grade fevers" toID="T2" toText="2011-03-15" type="BEFORE" />
<TLINK id="SECTIME79" fromID="E80" fromText="advancing to regular diet" toID="T2" toText="2011-03-15" type="BEFORE" />
<TLINK id="SECTIME80" fromID="E81" fromText="regular consistency" toID="T2" toText="2011-03-15" type="BEFORE" />
<TLINK id="SECTIME81" fromID="E82" fromText="dysphagia" toID="T2" toText="2011-03-15" type="BEFORE" />
<TLINK id="SECTIME82" fromID="E83" fromText="Coumadin" toID="T2" toText="2011-03-15" type="BEFORE" />
<TLINK id="SECTIME83" fromID="E84" fromText="her positive lupus anti-coagulant status" toID="T2" toText="2011-03-15" type="BEFORE" />
<TLINK id="SECTIME84" fromID="E85" fromText="her basilar artery stenosis" toID="T2" toText="2011-03-15" type="BEFORE" />
<TLINK id="SECTIME85" fromID="E86" fromText="discharged" toID="T2" toText="2011-03-15" type="OVERLAP" />
<TLINK id="SECTIME86" fromID="E87" fromText="the following medications" toID="T2" toText="2011-03-15" type="BEFORE" />
<SECTIME id="S0" start="18" end="28" text="2011-03-10" type="ADMISSION" dvalue="2011-03-10" />
<SECTIME id="S1" start="46" end="56" text="2011-03-15" type="DISCHARGE" dvalue="2011-03-15" />
</TAGS>
</ClinicalNarrativeTemporalAnnotation>

