<?xml version="1.0" encoding="UTF-8" ?>
<ClinicalNarrativeTemporalAnnotation>
<TEXT><![CDATA[
ADMISSION DATE :
12/4/95
DISCHARGE DATE :
12/8/95
COURSE IN HOSPITAL :
The patient was hydrated well and given Adriamycin 27 mg and DTIC 450 mg daily for four days .
He also got ifosfamide 3.6 grams a day with mesna .
He tolerated treatment well and was discharged in good condition .
FOLLOWUP :
by private physician .
]]></TEXT>
<TAGS>
<EVENT id="E0" start="1" end="10" text="ADMISSION" modality="OCCURRENCE" polarity="POS" type="OCCURRENCE" />
<EVENT id="E3" start="112" end="122" text="Adriamycin" modality="TREATMENT" polarity="POS" type="TREATMENT" />
<EVENT id="E4" start="133" end="137" text="DTIC" modality="TREATMENT" polarity="POS" type="TREATMENT" />
<EVENT id="E5" start="179" end="189" text="ifosfamide" modality="TREATMENT" polarity="POS" type="PROBLEM" />
<EVENT id="E6" start="211" end="216" text="mesna" modality="PROBLEM" polarity="POS" type="PROBLEM" />
<EVENT id="E7" start="232" end="241" text="treatment" modality="OCCURRENCE" polarity="POS" type="TREATMENT" />
<EVENT id="E1" start="26" end="35" text="DISCHARGE" modality="OCCURRENCE" polarity="POS" type="OCCURRENCE" />
<EVENT id="E8" start="255" end="265" text="discharged" modality="OCCURRENCE" polarity="POS" type="OCCURRENCE" />
<EVENT id="E9" start="269" end="283" text="good condition" modality="OCCURRENCE" polarity="POS" type="OCCURRENCE" />
<EVENT id="E2" start="88" end="101" text="hydrated well" modality="OCCURRENCE" polarity="POS" type="OCCURRENCE" />
<TIMEX3 id="T2" start="145" end="150" text="daily" type="FREQUENCY" val="RP1D" mod="NA" />
<TIMEX3 id="T3" start="155" end="164" text="four days" type="DURATION" val="P4D" mod="NA" />
<TIMEX3 id="T0" start="18" end="25" text="12/4/95" type="DATE" val="1995-12-04" mod="NA" />
<TIMEX3 id="T4" start="200" end="205" text="a day" type="FREQUENCY" val="RP1D" mod="NA" />
<TIMEX3 id="T1" start="43" end="50" text="12/8/95" type="DATE" val="1995-12-08" mod="NA" />
<SECTIME id="S0" start="18" end="25" text="12/4/95" type="ADMISSION" dvalue="1995-12-04" />
<SECTIME id="S1" start="43" end="50" text="12/8/95" type="DISCHARGE" dvalue="1995-12-08" />
</TAGS>
</ClinicalNarrativeTemporalAnnotation>
