<?xml version="1.0" encoding="UTF-8" ?>
<ClinicalNarrativeTemporalAnnotation>
<TEXT><![CDATA[
ADMISSION DATE :
2/15/94
DISCHARGE DATE :
2/28/94
HISTORY OF PRESENT ILLNESS :
This 75 year old male had been noted to be anemic with an abnormal white blood count since at least November 1993 , while he was living in Aersing Rocuch Sun and his physicians there had begun to manage him with transfusions , and low dose hydroxyurea .
Apparently , a bone marrow biopsy at the time confirmed the diagnosis of chronic myelomonocytic leukemia .
He came to this country in late December 1994 to live with his son for a few months and was referred to me for follow up .
He had been noting night sweats , increasing fatigue , anorexia , and dyspnea , which were not particularly improved by increased transfusions or alterations of hydroxy urea .
He became profoundly thrombocytopenic , and ultimately was admitted to the hospital on 2/15 with headache and weakness .
HOSPITAL COURSE :
The patient was admitted to the hospital and begun on high dose Hydroxyurea , with a gradual improvement in his white blood count over the next few days .
He did spike a fever and began Ancef and Gentamicin , although cultures never revealed a source for this .
He also tried Amicar and continued on low dose Prednisone .
His headache improved , but her remained profoundly weak and intermittently febrile with dyspnea .
There was hemoptysis and intermittent gastrointestinal bleeding , while he remained profoundly thrombocytopenia .
Transfusions of platelets did not change his platelet count , presumably because of sequestration and a massive spleen .
Amicar was of uncertain value , but used intermittently .
A bone marrow biopsy revealed the transformation of his CMML to acute myelogenous leukemia , and given his other underlying medical problems , we chose chemotherapy with subcutaneous Cystosine Arabinoside and 6-Thioguanine , which he tolerated without incident and this brought his white blood count down to below 1,000 , and his spleen shrank noticeably , but he still could not maintain a bump in platelet count with platelet transfusions .
He was intermittently congested limiting our ability to give intravenous fluid , for his hydrea , although we kept him on Allopurinol .
The renal function deteriorated somewhat , hampering our ability to give him his Gentamicin .
The family maintained an extraordinary vigil over the days of his hospitalization , providing him with some food and constant attention , while we awaited the results of his chemotherapy and treatment of his infection .
He was intermittently restless and somewhat confused , and as his respiratory status deteriorated , the family agreed to a low dose Morphine drip which made him much more comfortable .
They agreed with a do not resuscitate status early on in the hospitalization and in the course of being maintain on low dose Morphine , he ultimately expired on 2/28/94 with the family present .
No autopsy was obtained .
]]></TEXT>
<TAGS>
<EVENT id="E0" start="1" end="10" text="ADMISSION" modality="OCCURRENCE" polarity="POS" type="OCCURRENCE" />
<EVENT id="E31" start="1047" end="1054" text="a fever" modality="PROBLEM" polarity="POS" type="PROBLEM" />
<EVENT id="E32" start="1065" end="1070" text="Ancef" modality="TREATMENT" polarity="POS" type="TREATMENT" />
<EVENT id="E33" start="1075" end="1085" text="Gentamicin" modality="TREATMENT" polarity="POS" type="TREATMENT" />
<EVENT id="E34" start="1121" end="1129" text="a source" modality="FACTUAL" polarity="POS" type="TEST" />
<EVENT id="E35" start="1134" end="1138" text="this" modality="PROBLEM" polarity="POS" type="PROBLEM" />
<EVENT id="E36" start="1155" end="1161" text="Amicar" modality="TREATMENT" polarity="POS" type="TREATMENT" />
<EVENT id="E37" start="1179" end="1198" text="low dose Prednisone" modality="TREATMENT" polarity="POS" type="TREATMENT" />
<EVENT id="E38" start="1201" end="1213" text="His headache" modality="PROBLEM" polarity="POS" type="PROBLEM" />
<EVENT id="E39" start="1214" end="1222" text="improved" modality="OCCURRENCE" polarity="POS" type="OCCURRENCE" />
<EVENT id="E2" start="123" end="129" text="anemic" modality="PROBLEM" polarity="POS" type="PROBLEM" />
<EVENT id="E40" start="1242" end="1257" text="profoundly weak" modality="PROBLEM" polarity="POS" type="PROBLEM" />
<EVENT id="E41" start="1262" end="1284" text="intermittently febrile" modality="PROBLEM" polarity="POS" type="PROBLEM" />
<EVENT id="E42" start="1290" end="1297" text="dyspnea" modality="PROBLEM" polarity="POS" type="PROBLEM" />
<EVENT id="E43" start="1310" end="1320" text="hemoptysis" modality="PROBLEM" polarity="POS" type="PROBLEM" />
<EVENT id="E44" start="1325" end="1363" text="intermittent gastrointestinal bleeding" modality="PROBLEM" polarity="POS" type="PROBLEM" />
<EVENT id="E3" start="135" end="164" text="an abnormal white blood count" modality="TEST" polarity="POS" type="PROBLEM" />
<EVENT id="E45" start="1384" end="1411" text="profoundly thrombocytopenia" modality="PROBLEM" polarity="POS" type="PROBLEM" />
<EVENT id="E46" start="1414" end="1426" text="Transfusions" modality="TEST" polarity="POS" type="TEST" />
<EVENT id="E47" start="1430" end="1439" text="platelets" modality="TREATMENT" polarity="POS" type="TREATMENT" />
<EVENT id="E48" start="1455" end="1473" text="his platelet count" modality="PROBLEM" polarity="POS" type="PROBLEM" />
<EVENT id="E49" start="1498" end="1511" text="sequestration" modality="PROBLEM" polarity="POS" type="PROBLEM" />
<EVENT id="E50" start="1516" end="1532" text="a massive spleen" modality="PROBLEM" polarity="POS" type="PROBLEM" />
<EVENT id="E51" start="1549" end="1564" text="uncertain value" modality="PROBLEM" polarity="POS" type="PROBLEM" />
<EVENT id="E52" start="1593" end="1613" text="A bone marrow biopsy" modality="TEST" polarity="POS" type="TEST" />
<EVENT id="E53" start="1623" end="1641" text="the transformation" modality="TREATMENT" polarity="POS" type="TEST" />
<EVENT id="E54" start="1645" end="1683" text="his CMML to acute myelogenous leukemia" modality="PROBLEM" polarity="POS" type="PROBLEM" />
<EVENT id="E55" start="1696" end="1733" text="his other underlying medical problems" modality="TREATMENT" polarity="POS" type="PROBLEM" />
<EVENT id="E56" start="1739" end="1757" text="chose chemotherapy" modality="TREATMENT" polarity="POS" type="OCCURRENCE" />
<EVENT id="E57" start="1763" end="1797" text="subcutaneous Cystosine Arabinoside" modality="TREATMENT" polarity="POS" type="CLINICAL_DEPT" />
<EVENT id="E58" start="1802" end="1815" text="6-Thioguanine" modality="TREATMENT" polarity="POS" type="TREATMENT" />
<EVENT id="E59" start="1827" end="1836" text="tolerated" modality="OCCURRENCE" polarity="POS" type="OCCURRENCE" />
<EVENT id="E60" start="1845" end="1853" text="incident" modality="PROBLEM" polarity="NEG" type="PROBLEM" />
<EVENT id="E61" start="1871" end="1892" text="his white blood count" modality="TEST" polarity="POS" type="TEST" />
<EVENT id="E62" start="1919" end="1929" text="his spleen" modality="TEST" polarity="POS" type="TEST" />
<EVENT id="E63" start="1973" end="1981" text="maintain" modality="FACTUAL" polarity="POS" type="TREATMENT" />
<EVENT id="E64" start="1982" end="2006" text="a bump in platelet count" modality="PROBLEM" polarity="POS" type="PROBLEM" />
<EVENT id="E65" start="2012" end="2033" text="platelet transfusions" modality="TREATMENT" polarity="POS" type="TREATMENT" />
<EVENT id="E66" start="2097" end="2114" text="intravenous fluid" modality="TREATMENT" polarity="POS" type="TREATMENT" />
<EVENT id="E67" start="2121" end="2131" text="his hydrea" modality="PROBLEM" polarity="POS" type="PROBLEM" />
<EVENT id="E68" start="2158" end="2169" text="Allopurinol" modality="TREATMENT" polarity="POS" type="TREATMENT" />
<EVENT id="E69" start="2172" end="2190" text="The renal function" modality="TEST" polarity="POS" type="TEST" />
<EVENT id="E4" start="219" end="237" text="Aersing Rocuch Sun" modality="CLINICAL_DEPT" polarity="POS" type="CLINICAL_DEPT" />
<EVENT id="E70" start="2249" end="2263" text="his Gentamicin" modality="TREATMENT" polarity="POS" type="TREATMENT" />
<EVENT id="E71" start="2288" end="2310" text="an extraordinary vigil" modality="OCCURRENCE" polarity="POS" type="OCCURRENCE" />
<EVENT id="E72" start="2328" end="2347" text="his hospitalization" modality="OCCURRENCE" polarity="POS" type="OCCURRENCE" />
<EVENT id="E73" start="2369" end="2378" text="some food" modality="TREATMENT" polarity="POS" type="PROBLEM" />
<EVENT id="E74" start="2383" end="2401" text="constant attention" modality="PROBLEM" polarity="POS" type="PROBLEM" />
<EVENT id="E5" start="242" end="256" text="his physicians" modality="TEST" polarity="POS" type="TREATMENT" />
<EVENT id="E75" start="2436" end="2452" text="his chemotherapy" modality="TREATMENT" polarity="POS" type="PROBLEM" />
<EVENT id="E76" start="2457" end="2466" text="treatment" modality="TREATMENT" polarity="POS" type="TREATMENT" />
<EVENT id="E77" start="2470" end="2483" text="his infection" modality="PROBLEM" polarity="POS" type="PROBLEM" />
<EVENT id="E78" start="2493" end="2516" text="intermittently restless" modality="PROBLEM" polarity="POS" type="PROBLEM" />
<EVENT id="E1" start="26" end="35" text="DISCHARGE" modality="OCCURRENCE" polarity="POS" type="OCCURRENCE" />
<EVENT id="E79" start="2530" end="2538" text="confused" modality="PROBLEM" polarity="POS" type="PROBLEM" />
<EVENT id="E80" start="2548" end="2583" text="his respiratory status deteriorated" modality="OCCURRENCE" polarity="POS" type="PROBLEM" />
<EVENT id="E81" start="2607" end="2631" text="a low dose Morphine drip" modality="TREATMENT" polarity="POS" type="TREATMENT" />
<EVENT id="E82" start="2647" end="2668" text="much more comfortable" modality="OCCURRENCE" polarity="POS" type="PROBLEM" />
<EVENT id="E83" start="2697" end="2715" text="resuscitate status" modality="OCCURRENCE" polarity="POS" type="OCCURRENCE" />
<EVENT id="E84" start="2728" end="2747" text="the hospitalization" modality="OCCURRENCE" polarity="POS" type="OCCURRENCE" />
<EVENT id="E85" start="2787" end="2804" text="low dose Morphine" modality="TREATMENT" polarity="POS" type="TREATMENT" />
<EVENT id="E86" start="2869" end="2876" text="autopsy" modality="TEST" polarity="NEG" type="TEST" />
<EVENT id="E6" start="292" end="304" text="transfusions" modality="TREATMENT" polarity="POS" type="TREATMENT" />
<EVENT id="E7" start="311" end="331" text="low dose hydroxyurea" modality="PROBLEM" polarity="POS" type="TREATMENT" />
<EVENT id="E8" start="347" end="367" text="a bone marrow biopsy" modality="TEST" polarity="POS" type="TEST" />
<EVENT id="E9" start="380" end="389" text="confirmed" modality="FACTUAL" polarity="POS" type="OCCURRENCE" />
<EVENT id="E10" start="407" end="438" text="chronic myelomonocytic leukemia" modality="PROBLEM" polarity="POS" type="PROBLEM" />
<EVENT id="E11" start="452" end="464" text="this country" modality="OCCURRENCE" polarity="POS" type="OCCURRENCE" />
<EVENT id="E12" start="552" end="561" text="follow up" modality="TREATMENT" polarity="POS" type="TREATMENT" />
<EVENT id="E13" start="583" end="595" text="night sweats" modality="PROBLEM" polarity="POS" type="PROBLEM" />
<EVENT id="E14" start="598" end="616" text="increasing fatigue" modality="PROBLEM" polarity="POS" type="PROBLEM" />
<EVENT id="E15" start="619" end="627" text="anorexia" modality="PROBLEM" polarity="POS" type="PROBLEM" />
<EVENT id="E16" start="634" end="641" text="dyspnea" modality="PROBLEM" polarity="POS" type="PROBLEM" />
<EVENT id="E17" start="672" end="680" text="improved" modality="OCCURRENCE" polarity="POS" type="OCCURRENCE" />
<EVENT id="E18" start="684" end="706" text="increased transfusions" modality="TREATMENT" polarity="POS" type="PROBLEM" />
<EVENT id="E19" start="710" end="721" text="alterations" modality="PROBLEM" polarity="NEG" type="PROBLEM" />
<EVENT id="E20" start="725" end="737" text="hydroxy urea" modality="PROBLEM" polarity="POS" type="PROBLEM" />
<EVENT id="E21" start="750" end="777" text="profoundly thrombocytopenic" modality="PROBLEM" polarity="POS" type="PROBLEM" />
<EVENT id="E22" start="799" end="807" text="admitted" modality="OCCURRENCE" polarity="POS" type="OCCURRENCE" />
<EVENT id="E23" start="811" end="823" text="the hospital" modality="CLINICAL_DEPT" polarity="POS" type="CLINICAL_DEPT" />
<EVENT id="E24" start="837" end="845" text="headache" modality="PROBLEM" polarity="POS" type="PROBLEM" />
<EVENT id="E25" start="850" end="858" text="weakness" modality="PROBLEM" polarity="POS" type="PROBLEM" />
<EVENT id="E26" start="895" end="903" text="admitted" modality="OCCURRENCE" polarity="POS" type="OCCURRENCE" />
<EVENT id="E27" start="907" end="919" text="the hospital" modality="CLINICAL_DEPT" polarity="POS" type="CLINICAL_DEPT" />
<EVENT id="E28" start="933" end="954" text="high dose Hydroxyurea" modality="TREATMENT" polarity="POS" type="TREATMENT" />
<EVENT id="E29" start="962" end="983" text="a gradual improvement" modality="OCCURRENCE" polarity="POS" type="PROBLEM" />
<EVENT id="E30" start="987" end="1008" text="his white blood count" modality="TEST" polarity="POS" type="PROBLEM" />
<TIMEX3 id="T6" start="1014" end="1031" text="the next few days" type="DURATION" val="the next few days" mod="NA" />
<TIMEX3 id="T0" start="18" end="25" text="2/15/94" type="DATE" val="1994-02-15" mod="NA" />
<TIMEX3 id="T2" start="180" end="193" text="November 1993" type="DATE" val="1993-11" mod="NA" />
<TIMEX3 id="T7" start="2316" end="2324" text="the days" type="DURATION" val="P3D" mod="NA" />
<TIMEX3 id="T8" start="2832" end="2839" text="2/28/94" type="DATE" val="1994-02-28" mod="NA" />
<TIMEX3 id="T1" start="43" end="50" text="2/28/94" type="DATE" val="1994-02-28" mod="NA" />
<TIMEX3 id="T3" start="468" end="486" text="late December 1994" type="DATE" val="December-null" mod="NA" />
<TIMEX3 id="T4" start="512" end="524" text="a few months" type="DURATION" val="P3M" mod="NA" />
<TIMEX3 id="T5" start="827" end="831" text="2/15" type="DATE" val="1994-02-15" mod="NA" />
<SECTIME id="S0" start="18" end="25" text="2/15/94" type="ADMISSION" dvalue="1994-02-15" />
<SECTIME id="S1" start="43" end="50" text="2/28/94" type="DISCHARGE" dvalue="1994-02-28" />
</TAGS>
</ClinicalNarrativeTemporalAnnotation>
