<?xml version="1.0" encoding="UTF-8" ?>
<ClinicalNarrativeTemporalAnnotation>
<TEXT><![CDATA[
ADMISSION DATE :
7-9-93
DISCHARGE DATE :
7-15-93
HISTORY OF PRESENT ILLNESS :
The patient is a 52 year old female with gravida 3 para 3 who presents with complains of abdominal pain and enlarged ovary by ultrasound .
The patient is also complaining of several years urinary incontinence .
The patient &apos;s recent history is also notable for a Papanicolaou smear which revealed somomabodies .
The patient also had vaginal bleeding in April 1992 following radiation therapy .
The patient initially presented with hypercalcemia and underwent a parathyroidectomy on June 22 , 1993 .
It was at that time that her abnormal Papanicolaou smear was obtained .
The patient is now admitted for exploratory laparotomy .
HOSPITAL COURSE :
The patient was judged to be at risk secondary to her history of somomabodies and vaginal bleeding .
Her differential diagnosis included ovarian cancer .
The patient was admitted on July 9 to the operating room .
She underwent an open laparoscopy , total abdominal hysterectomy , bilateral salpingo-oophorectomy , lysis of adhesions , Birch procedure , and suprapubic Foley catheter placement and Jackson-Pratt drain placement .
The estimated blood loss was 300 cc .
There were no complications during the procedure and the patient returned to the recovery room in stable condition .
Postoperatively , the patient did well .
Her calcium was followed daily and repleted as needed .
Her Jackson-Pratt drain was removed on postoperative day number two .
The patient had a temperature of 101.6 on postoperative day two .
Her lungs revealed coarse breath sounds .
She was encouraged to ambulate and deep breath .
The patient was started on nebulizer treatment .
The patient did well and her suprapubic tube was clamped starting on postoperative day four .
The patient voided spontaneously .
Clamping continued until postoperative day six .
At this time , her post-void residuals range from 2 cc to 25 cc .
The suprapubic tube was therefore discontinued .
By postoperative day six , the patient was also tolerating a regular diet and passing flatus .
A chest X-ray was performed secondary to the patient &apos;s coarse breath sounds , however , the chest X-ray was clear except for a small amount of atelectasis .
The patient was discharged home .
final pathology revealed right Fallopian tube and ovary with benign paratubal cysts and adhesions .
The cervix revealed squamous metaplasia .
The patient was discharged home on admission medications .
In addition , she will take Ciprofloxacin for nine more days .
She will also take Percocet .
]]></TEXT>
<TAGS>
<EVENT id="E0" start="1" end="10" text="ADMISSION" modality="OCCURRENCE" polarity="POS" type="OCCURRENCE" />
<EVENT id="E26" start="1010" end="1041" text="bilateral salpingo-oophorectomy" modality="TREATMENT" polarity="POS" type="TREATMENT" />
<EVENT id="E27" start="1044" end="1049" text="lysis" modality="TREATMENT" polarity="POS" type="TREATMENT" />
<EVENT id="E28" start="1053" end="1062" text="adhesions" modality="PROBLEM" polarity="POS" type="PROBLEM" />
<EVENT id="E29" start="1065" end="1080" text="Birch procedure" modality="TREATMENT" polarity="POS" type="PROBLEM" />
<EVENT id="E30" start="1087" end="1122" text="suprapubic Foley catheter placement" modality="TREATMENT" polarity="POS" type="PROBLEM" />
<EVENT id="E31" start="1127" end="1156" text="Jackson-Pratt drain placement" modality="TREATMENT" polarity="POS" type="TREATMENT" />
<EVENT id="E32" start="1159" end="1183" text="The estimated blood loss" modality="PROBLEM" polarity="POS" type="PROBLEM" />
<EVENT id="E2" start="120" end="127" text="gravida" modality="FACTUAL" polarity="POS" type="TREATMENT" />
<EVENT id="E33" start="1211" end="1224" text="complications" modality="PROBLEM" polarity="NEG" type="PROBLEM" />
<EVENT id="E34" start="1232" end="1245" text="the procedure" modality="TREATMENT" polarity="POS" type="TREATMENT" />
<EVENT id="E35" start="1274" end="1291" text="the recovery room" modality="CLINICAL_DEPT" polarity="POS" type="CLINICAL_DEPT" />
<EVENT id="E36" start="1295" end="1311" text="stable condition" modality="OCCURRENCE" polarity="POS" type="OCCURRENCE" />
<EVENT id="E37" start="1348" end="1352" text="well" modality="OCCURRENCE" polarity="POS" type="OCCURRENCE" />
<EVENT id="E38" start="1355" end="1366" text="Her calcium" modality="TEST" polarity="POS" type="TEST" />
<EVENT id="E39" start="1371" end="1379" text="followed" modality="OCCURRENCE" polarity="POS" type="OCCURRENCE" />
<EVENT id="E40" start="1390" end="1398" text="repleted" modality="TREATMENT" polarity="POS" type="TREATMENT" />
<EVENT id="E3" start="141" end="149" text="presents" modality="OCCURRENCE" polarity="POS" type="OCCURRENCE" />
<EVENT id="E41" start="1411" end="1434" text="Her Jackson-Pratt drain" modality="TREATMENT" polarity="POS" type="TREATMENT" />
<EVENT id="E42" start="1497" end="1510" text="a temperature" modality="TEST" polarity="POS" type="TEST" />
<EVENT id="E4" start="155" end="182" text="complains of abdominal pain" modality="OCCURRENCE" polarity="POS" type="PROBLEM" />
<EVENT id="E43" start="1547" end="1556" text="Her lungs" modality="TEST" polarity="POS" type="TEST" />
<EVENT id="E44" start="1557" end="1565" text="revealed" modality="EVIDENTIAL" polarity="POS" type="EVIDENTIAL" />
<EVENT id="E45" start="1566" end="1586" text="coarse breath sounds" modality="PROBLEM" polarity="POS" type="PROBLEM" />
<EVENT id="E46" start="1611" end="1635" text="ambulate and deep breath" modality="OCCURRENCE" polarity="POS" type="PROBLEM" />
<EVENT id="E47" start="1665" end="1684" text="nebulizer treatment" modality="TREATMENT" polarity="POS" type="TREATMENT" />
<EVENT id="E48" start="1703" end="1707" text="well" modality="OCCURRENCE" polarity="POS" type="OCCURRENCE" />
<EVENT id="E49" start="1712" end="1731" text="her suprapubic tube" modality="TREATMENT" polarity="POS" type="TREATMENT" />
<EVENT id="E50" start="1793" end="1799" text="voided" modality="OCCURRENCE" polarity="POS" type="OCCURRENCE" />
<EVENT id="E51" start="1816" end="1824" text="Clamping" modality="FACTUAL" polarity="POS" type="TEST" />
<EVENT id="E52" start="1880" end="1903" text="her post-void residuals" modality="TEST" polarity="POS" type="TEST" />
<EVENT id="E53" start="1931" end="1950" text="The suprapubic tube" modality="TREATMENT" polarity="POS" type="TREATMENT" />
<EVENT id="E54" start="2039" end="2053" text="a regular diet" modality="OCCURRENCE" polarity="POS" type="OCCURRENCE" />
<EVENT id="E5" start="205" end="215" text="ultrasound" modality="TEST" polarity="POS" type="TEST" />
<EVENT id="E55" start="2058" end="2072" text="passing flatus" modality="OCCURRENCE" polarity="POS" type="OCCURRENCE" />
<EVENT id="E56" start="2075" end="2088" text="A chest X-ray" modality="TEST" polarity="POS" type="TEST" />
<EVENT id="E57" start="2116" end="2156" text="the patient &amp;apos;s coarse breath sounds" modality="PROBLEM" polarity="POS" type="PROBLEM" />
<EVENT id="E58" start="2169" end="2184" text="the chest X-ray" modality="TEST" polarity="POS" type="TEST" />
<EVENT id="E59" start="2224" end="2235" text="atelectasis" modality="PROBLEM" polarity="POS" type="PROBLEM" />
<EVENT id="E60" start="2254" end="2264" text="discharged" modality="OCCURRENCE" polarity="POS" type="OCCURRENCE" />
<EVENT id="E61" start="2272" end="2287" text="final pathology" modality="TEST" polarity="POS" type="TEST" />
<EVENT id="E62" start="2288" end="2296" text="revealed" modality="EVIDENTIAL" polarity="POS" type="EVIDENTIAL" />
<EVENT id="E63" start="2297" end="2317" text="right Fallopian tube" modality="PROBLEM" polarity="POS" type="PROBLEM" />
<EVENT id="E64" start="2333" end="2355" text="benign paratubal cysts" modality="PROBLEM" polarity="POS" type="PROBLEM" />
<EVENT id="E65" start="2360" end="2369" text="adhesions" modality="PROBLEM" polarity="POS" type="PROBLEM" />
<EVENT id="E6" start="238" end="249" text="complaining" modality="FACTUAL" polarity="POS" type="EVIDENTIAL" />
<EVENT id="E66" start="2372" end="2382" text="The cervix" modality="TEST" polarity="POS" type="TEST" />
<EVENT id="E67" start="2383" end="2391" text="revealed" modality="EVIDENTIAL" polarity="POS" type="EVIDENTIAL" />
<EVENT id="E68" start="2392" end="2411" text="squamous metaplasia" modality="PROBLEM" polarity="POS" type="PROBLEM" />
<EVENT id="E1" start="25" end="34" text="DISCHARGE" modality="OCCURRENCE" polarity="POS" type="OCCURRENCE" />
<EVENT id="E69" start="2430" end="2440" text="discharged" modality="OCCURRENCE" polarity="POS" type="OCCURRENCE" />
<EVENT id="E70" start="2449" end="2470" text="admission medications" modality="TREATMENT" polarity="POS" type="TREATMENT" />
<EVENT id="E71" start="2501" end="2514" text="Ciprofloxacin" modality="TREATMENT" polarity="POS" type="TREATMENT" />
<EVENT id="E72" start="2555" end="2563" text="Percocet" modality="TREATMENT" polarity="POS" type="TREATMENT" />
<EVENT id="E7" start="275" end="287" text="incontinence" modality="PROBLEM" polarity="POS" type="PROBLEM" />
<EVENT id="E8" start="345" end="365" text="a Papanicolaou smear" modality="TEST" polarity="POS" type="TEST" />
<EVENT id="E9" start="381" end="393" text="somomabodies" modality="PROBLEM" polarity="POS" type="PROBLEM" />
<EVENT id="E10" start="417" end="433" text="vaginal bleeding" modality="PROBLEM" polarity="POS" type="PROBLEM" />
<EVENT id="E11" start="458" end="475" text="radiation therapy" modality="TREATMENT" polarity="POS" type="TREATMENT" />
<EVENT id="E12" start="500" end="509" text="presented" modality="OCCURRENCE" polarity="POS" type="OCCURRENCE" />
<EVENT id="E13" start="515" end="528" text="hypercalcemia" modality="PROBLEM" polarity="POS" type="PROBLEM" />
<EVENT id="E14" start="543" end="562" text="a parathyroidectomy" modality="TREATMENT" polarity="POS" type="TREATMENT" />
<EVENT id="E15" start="608" end="633" text="her abnormal Papanicolaou" modality="TEST" polarity="POS" type="PROBLEM" />
<EVENT id="E16" start="674" end="682" text="admitted" modality="OCCURRENCE" polarity="POS" type="OCCURRENCE" />
<EVENT id="E17" start="687" end="709" text="exploratory laparotomy" modality="TEST" polarity="POS" type="TEST" />
<EVENT id="E18" start="795" end="807" text="somomabodies" modality="PROBLEM" polarity="POS" type="PROBLEM" />
<EVENT id="E19" start="812" end="828" text="vaginal bleeding" modality="PROBLEM" polarity="POS" type="PROBLEM" />
<EVENT id="E20" start="831" end="847" text="Her differential" modality="FACTUAL" polarity="POS" type="TEST" />
<EVENT id="E21" start="867" end="881" text="ovarian cancer" modality="PROBLEM" polarity="POS" type="PROBLEM" />
<EVENT id="E22" start="900" end="908" text="admitted" modality="OCCURRENCE" polarity="POS" type="OCCURRENCE" />
<EVENT id="E23" start="922" end="940" text="the operating room" modality="CLINICAL_DEPT" polarity="POS" type="CLINICAL_DEPT" />
<EVENT id="E24" start="957" end="976" text="an open laparoscopy" modality="TEST" polarity="POS" type="TREATMENT" />
<EVENT id="E25" start="979" end="1007" text="total abdominal hysterectomy" modality="TREATMENT" polarity="POS" type="PROBLEM" />
<TIMEX3 id="T6" start="1380" end="1385" text="daily" type="FREQUENCY" val="RP1D" mod="NA" />
<TIMEX3 id="T7" start="1450" end="1478" text="postoperative day number two" type="DATE" val="1993-07-11" mod="NA" />
<TIMEX3 id="T8" start="1523" end="1544" text="postoperative day two" type="DATE" val="1993-07-11" mod="NA" />
<TIMEX3 id="T0" start="18" end="24" text="7-9-93" type="DATE" val="1993-07-09" mod="NA" />
<TIMEX3 id="T9" start="1756" end="1778" text="postoperative day four" type="DATE" val="1993-07-13" mod="NA" />
<TIMEX3 id="T10" start="1841" end="1862" text="postoperative day six" type="DATE" val="1993-07-15" mod="NA" />
<TIMEX3 id="T11" start="1868" end="1877" text="this time" type="DATE" val="this time" mod="NA" />
<TIMEX3 id="T12" start="1983" end="2004" text="postoperative day six" type="DATE" val="1993-07-15" mod="NA" />
<TIMEX3 id="T13" start="2519" end="2533" text="nine more days" type="DURATION" val="P9D" mod="NA" />
<TIMEX3 id="T2" start="253" end="266" text="several years" type="DURATION" val="P3Y" mod="APPROX" />
<TIMEX3 id="T1" start="42" end="49" text="7-15-93" type="DATE" val="1993-07-15" mod="NA" />
<TIMEX3 id="T3" start="437" end="447" text="April 1992" type="DATE" val="1992-04" mod="NA" />
<TIMEX3 id="T4" start="566" end="580" text="June 22 , 1993" type="DATE" val="1993-06-22" mod="NA" />
<TIMEX3 id="T5" start="912" end="918" text="July 9" type="DATE" val="1993-07-09" mod="NA" />
<SECTIME id="S0" start="18" end="24" text="7-9-93" type="ADMISSION" dvalue="1993-07-09" />
<SECTIME id="S1" start="42" end="49" text="7-15-93" type="DISCHARGE" dvalue="1993-07-15" />
</TAGS>
</ClinicalNarrativeTemporalAnnotation>
