<?xml version="1.0" encoding="UTF-8" ?>
<ClinicalNarrativeTemporalAnnotation>
<TEXT><![CDATA[
ADMISSION DATE :
07-30-93
DISCHARGE DATE :
08-10-93
HISTORY OF PRESENT ILLNESS :
The patient is a 47 year old patient of Dr. Laymie Fournier and Dr. Leebjescobe in Co In Saorlirv Frea , West Virginia who was well until a bout of double pneumonia in May 1992 , at which time he was hospitalized at Centdick Naco Hospital Medical Center .
He also has a history of hypertension and diabetes mellitus .
He had a transient episode of headache and disorientation at that time .
A CT and MRI scan corroborated multiple cerebral infarcts .
He was started on aspirin .
He has a family history of hypertension as well .
He was also placed on Vasotec .
A Holter monitor showed ventricular ectopy .
A thallium stress test showed tachycardia and severe dyspnea as well as a fall in blood pressure with low level exercise .
An echocardiogram showed global hypokinesis .
Accordingly he was referred for further evaluation .
HOSPITAL COURSE :
The patient was taken to the cardiac catheterization laboratory , where he was noted initially to have a pulmonary wedge pressure of 45 with a pulmonary artery pressure of 82/40 .
This lowered with IV nitroglycerin .
Selective coronary angiography showed an occluded right coronary artery in its midportion .
He had an 80% distal left main , a 90% proximal circumflex , and multiple significant lesions in the LAD .
His left ventricle ejection showed diffuse hypokinesis .
The situation was reviewed with his wife , Sligh .
She noted that he was actively working full time and was a sales representative at the Leigh and lives at home with her and his daughter , age 18 .
It was felt that , because of the evidence of congestive heart failure and the critical left main lesion , he should be admitted for further evaluation .
Indeed , he was treated with diuretics and nitrates along with cessation of his aspirin , and he was put on IV Heparin .
He stabilized over the weekend .
He was noted to have some ventricular ectopy on Holter monitor .
He developed epigastric pain on 07/31 which previously had been ignored but in retrospect was probably his anginal equivalent .
He also had multifocal ventricular ectopy at that time .
He had some further anterolateral ST segment changes .
Therefore , he did have unstable angina with his critical coronary anatomy .
The patient was seen in consultation by the Electrophysiology service , Dr. Slusslashgodle , who said that he had no indication for patch placement at the time of surgery .
On 08/02/93 , an intra-aortic balloon pump was placed ; then , Dr. Thorebreutz took him to the operating room , where he had quadruple coronary artery bypass grafting .
He had a left internal mammary artery graft of the LAD , a single saphenous vein to the right coronary artery with 280 cc per minute flow , and a saphenous vein snake graft to the diagonal and circumflex with 150 cc per minute flow .
A paraphimosis was noted and treated by Dr. Ryna Jescdrig .
After surgery he had a ongoing sinus tachycardia .
He was able to be rapidly weaned and extubated .
He had good hemodynamics .
He had occasional atrial and ventricular premature beats .
His intra-aortic balloon pump was weaned the following day and he was transferred out of the Surgical Intensive Care Unit .
He was seen in consultation by the Nutrition Service , who followed him for dietary management of his diabetes mellitus .
On 08/05 it was noted that his platelet count had fallen from 171,000 to 54,000 ; this was thought to be associated with intravenous Heparin and indeed , when Heparin was discontinued , since it had been restarted after surgery , his platelet count rebounded to normal .
Therefore , he does have a thrombocytopenic reaction to Heparin .
He remained in normal sinus rhythm .
He did have runs of nonsustained ventricular tachycardia , which were clinically stable .
He had a right bundle branch block .
He is at increased risk for future events because of his low left ventricular ejection fraction , but he is clinically stable on ACE inhibitors , Digoxin , Coumadin , and aspirin .
Therefore he was able to be discharged home .
He understands that he does have significant left ventricle dysfunction and requires monitoring of his prothrombin times and his arrhythmias ; these will be done in Grovea Co Terburgperv Portnew .
]]></TEXT>
<TAGS>
<EVENT id="E0" start="1" end="10" text="ADMISSION" modality="OCCURRENCE" polarity="POS" type="OCCURRENCE" />
<EVENT id="E33" start="1031" end="1057" text="a pulmonary wedge pressure" modality="TEST" polarity="POS" type="TEST" />
<EVENT id="E34" start="1069" end="1096" text="a pulmonary artery pressure" modality="TEST" polarity="POS" type="TEST" />
<EVENT id="E35" start="1126" end="1142" text="IV nitroglycerin" modality="TREATMENT" polarity="POS" type="TREATMENT" />
<EVENT id="E36" start="1145" end="1175" text="Selective coronary angiography" modality="TEST" polarity="POS" type="TEST" />
<EVENT id="E37" start="1176" end="1182" text="showed" modality="EVIDENTIAL" polarity="POS" type="EVIDENTIAL" />
<EVENT id="E38" start="1183" end="1234" text="an occluded right coronary artery in its midportion" modality="PROBLEM" polarity="POS" type="PROBLEM" />
<EVENT id="E39" start="1244" end="1267" text="an 80% distal left main" modality="PROBLEM" polarity="POS" type="PROBLEM" />
<EVENT id="E40" start="1270" end="1295" text="a 90% proximal circumflex" modality="FACTUAL" polarity="POS" type="PROBLEM" />
<EVENT id="E41" start="1302" end="1341" text="multiple significant lesions in the LAD" modality="PROBLEM" polarity="POS" type="PROBLEM" />
<EVENT id="E42" start="1344" end="1371" text="His left ventricle ejection" modality="TEST" polarity="POS" type="TEST" />
<EVENT id="E43" start="1372" end="1378" text="showed" modality="EVIDENTIAL" polarity="POS" type="EVIDENTIAL" />
<EVENT id="E44" start="1379" end="1398" text="diffuse hypokinesis" modality="PROBLEM" polarity="POS" type="PROBLEM" />
<EVENT id="E45" start="1419" end="1427" text="reviewed" modality="OCCURRENCE" polarity="POS" type="OCCURRENCE" />
<EVENT id="E46" start="1456" end="1461" text="noted" modality="EVIDENTIAL" polarity="POS" type="EVIDENTIAL" />
<EVENT id="E47" start="1509" end="1531" text="a sales representative" modality="TREATMENT" polarity="POS" type="OCCURRENCE" />
<EVENT id="E48" start="1535" end="1544" text="the Leigh" modality="CLINICAL_DEPT" polarity="POS" type="CLINICAL_DEPT" />
<EVENT id="E49" start="1646" end="1670" text="congestive heart failure" modality="PROBLEM" polarity="POS" type="PROBLEM" />
<EVENT id="E50" start="1675" end="1704" text="the critical left main lesion" modality="FACTUAL" polarity="POS" type="PROBLEM" />
<EVENT id="E51" start="1720" end="1728" text="admitted" modality="OCCURRENCE" polarity="POS" type="OCCURRENCE" />
<EVENT id="E52" start="1733" end="1751" text="further evaluation" modality="TEST" polarity="POS" type="TEST" />
<EVENT id="E53" start="1783" end="1792" text="diuretics" modality="TREATMENT" polarity="POS" type="TREATMENT" />
<EVENT id="E54" start="1797" end="1805" text="nitrates" modality="TREATMENT" polarity="POS" type="PROBLEM" />
<EVENT id="E55" start="1817" end="1841" text="cessation of his aspirin" modality="TREATMENT" polarity="POS" type="PROBLEM" />
<EVENT id="E2" start="187" end="200" text="West Virginia" modality="PROBLEM" polarity="POS" type="CLINICAL_DEPT" />
<EVENT id="E56" start="1862" end="1872" text="IV Heparin" modality="TREATMENT" polarity="POS" type="TREATMENT" />
<EVENT id="E57" start="1878" end="1888" text="stabilized" modality="OCCURRENCE" polarity="POS" type="OCCURRENCE" />
<EVENT id="E58" start="1915" end="1920" text="noted" modality="EVIDENTIAL" polarity="POS" type="EVIDENTIAL" />
<EVENT id="E59" start="1929" end="1952" text="some ventricular ectopy" modality="TEST" polarity="POS" type="PROBLEM" />
<EVENT id="E60" start="1956" end="1970" text="Holter monitor" modality="FACTUAL" polarity="POS" type="TREATMENT" />
<EVENT id="E61" start="1986" end="2001" text="epigastric pain" modality="PROBLEM" polarity="POS" type="PROBLEM" />
<EVENT id="E62" start="2076" end="2098" text="his anginal equivalent" modality="FACTUAL" polarity="POS" type="PROBLEM" />
<EVENT id="E3" start="209" end="213" text="well" modality="OCCURRENCE" polarity="POS" type="OCCURRENCE" />
<EVENT id="E63" start="2113" end="2142" text="multifocal ventricular ectopy" modality="TEST" polarity="POS" type="PROBLEM" />
<EVENT id="E64" start="2165" end="2210" text="some further anterolateral ST segment changes" modality="PROBLEM" polarity="POS" type="PROBLEM" />
<EVENT id="E65" start="2237" end="2252" text="unstable angina" modality="PROBLEM" polarity="POS" type="PROBLEM" />
<EVENT id="E66" start="2258" end="2287" text="his critical coronary anatomy" modality="TREATMENT" polarity="POS" type="PROBLEM" />
<EVENT id="E4" start="230" end="246" text="double pneumonia" modality="PROBLEM" polarity="POS" type="PROBLEM" />
<EVENT id="E67" start="2306" end="2326" text="seen in consultation" modality="OCCURRENCE" polarity="POS" type="OCCURRENCE" />
<EVENT id="E68" start="2407" end="2417" text="indication" modality="PROBLEM" polarity="NEG" type="PROBLEM" />
<EVENT id="E69" start="2422" end="2437" text="patch placement" modality="TREATMENT" polarity="POS" type="PROBLEM" />
<EVENT id="E70" start="2453" end="2460" text="surgery" modality="TREATMENT" polarity="POS" type="TREATMENT" />
<EVENT id="E71" start="2477" end="2505" text="an intra-aortic balloon pump" modality="TREATMENT" polarity="POS" type="TREATMENT" />
<EVENT id="E72" start="2554" end="2572" text="the operating room" modality="CLINICAL_DEPT" polarity="POS" type="CLINICAL_DEPT" />
<EVENT id="E73" start="2588" end="2629" text="quadruple coronary artery bypass grafting" modality="TREATMENT" polarity="POS" type="PROBLEM" />
<EVENT id="E1" start="27" end="36" text="DISCHARGE" modality="OCCURRENCE" polarity="POS" type="OCCURRENCE" />
<EVENT id="E74" start="2639" end="2686" text="a left internal mammary artery graft of the LAD" modality="TREATMENT" polarity="POS" type="PROBLEM" />
<EVENT id="E75" start="2689" end="2741" text="a single saphenous vein to the right coronary artery" modality="TREATMENT" polarity="POS" type="PROBLEM" />
<EVENT id="E76" start="2776" end="2820" text="a saphenous vein snake graft to the diagonal" modality="TREATMENT" polarity="POS" type="PROBLEM" />
<EVENT id="E5" start="282" end="294" text="hospitalized" modality="OCCURRENCE" polarity="POS" type="OCCURRENCE" />
<EVENT id="E77" start="2825" end="2835" text="circumflex" modality="FACTUAL" polarity="POS" type="TREATMENT" />
<EVENT id="E78" start="2866" end="2880" text="A paraphimosis" modality="PROBLEM" polarity="POS" type="TREATMENT" />
<EVENT id="E79" start="2895" end="2902" text="treated" modality="FACTUAL" polarity="POS" type="TREATMENT" />
<EVENT id="E80" start="2932" end="2939" text="surgery" modality="TREATMENT" polarity="POS" type="TREATMENT" />
<EVENT id="E81" start="2947" end="2974" text="a ongoing sinus tachycardia" modality="PROBLEM" polarity="POS" type="PROBLEM" />
<EVENT id="E6" start="298" end="335" text="Centdick Naco Hospital Medical Center" modality="CLINICAL_DEPT" polarity="POS" type="CLINICAL_DEPT" />
<EVENT id="E82" start="2995" end="3009" text="rapidly weaned" modality="PROBLEM" polarity="POS" type="PROBLEM" />
<EVENT id="E83" start="3014" end="3023" text="extubated" modality="TREATMENT" polarity="POS" type="TREATMENT" />
<EVENT id="E84" start="3033" end="3050" text="good hemodynamics" modality="EVIDENTIAL" polarity="POS" type="EVIDENTIAL" />
<EVENT id="E85" start="3060" end="3077" text="occasional atrial" modality="PROBLEM" polarity="POS" type="PROBLEM" />
<EVENT id="E86" start="3082" end="3109" text="ventricular premature beats" modality="PROBLEM" polarity="POS" type="PROBLEM" />
<EVENT id="E87" start="3112" end="3141" text="His intra-aortic balloon pump" modality="TREATMENT" polarity="POS" type="TREATMENT" />
<EVENT id="E88" start="3182" end="3193" text="transferred" modality="OCCURRENCE" polarity="POS" type="OCCURRENCE" />
<EVENT id="E89" start="3201" end="3233" text="the Surgical Intensive Care Unit" modality="CLINICAL_DEPT" polarity="POS" type="CLINICAL_DEPT" />
<EVENT id="E90" start="3243" end="3263" text="seen in consultation" modality="OCCURRENCE" polarity="POS" type="OCCURRENCE" />
<EVENT id="E91" start="3312" end="3330" text="dietary management" modality="TREATMENT" polarity="POS" type="TREATMENT" />
<EVENT id="E92" start="3334" end="3355" text="his diabetes mellitus" modality="PROBLEM" polarity="POS" type="PROBLEM" />
<EVENT id="E93" start="3385" end="3403" text="his platelet count" modality="TEST" polarity="POS" type="TEST" />
<EVENT id="E94" start="3408" end="3414" text="fallen" modality="FACTUAL" polarity="POS" type="PROBLEM" />
<EVENT id="E95" start="3479" end="3498" text="intravenous Heparin" modality="TREATMENT" polarity="POS" type="TREATMENT" />
<EVENT id="E96" start="3517" end="3524" text="Heparin" modality="TREATMENT" polarity="POS" type="TREATMENT" />
<EVENT id="E97" start="3578" end="3585" text="surgery" modality="TREATMENT" polarity="POS" type="TREATMENT" />
<EVENT id="E98" start="3588" end="3606" text="his platelet count" modality="TEST" polarity="POS" type="TEST" />
<EVENT id="E99" start="3620" end="3626" text="normal" modality="OCCURRENCE" polarity="POS" type="OCCURRENCE" />
<EVENT id="E7" start="363" end="375" text="hypertension" modality="PROBLEM" polarity="POS" type="PROBLEM" />
<EVENT id="E100" start="3654" end="3681" text="a thrombocytopenic reaction" modality="PROBLEM" polarity="POS" type="PROBLEM" />
<EVENT id="E101" start="3685" end="3692" text="Heparin" modality="TREATMENT" polarity="POS" type="TREATMENT" />
<EVENT id="E102" start="3710" end="3729" text="normal sinus rhythm" modality="OCCURRENCE" polarity="POS" type="OCCURRENCE" />
<EVENT id="E103" start="3752" end="3788" text="nonsustained ventricular tachycardia" modality="PROBLEM" polarity="POS" type="PROBLEM" />
<EVENT id="E8" start="380" end="397" text="diabetes mellitus" modality="PROBLEM" polarity="POS" type="PROBLEM" />
<EVENT id="E104" start="3802" end="3819" text="clinically stable" modality="OCCURRENCE" polarity="POS" type="OCCURRENCE" />
<EVENT id="E105" start="3829" end="3856" text="a right bundle branch block" modality="PROBLEM" polarity="POS" type="PROBLEM" />
<EVENT id="E106" start="3887" end="3900" text="future events" modality="FACTUAL" polarity="POS" type="PROBLEM" />
<EVENT id="E107" start="3912" end="3954" text="his low left ventricular ejection fraction" modality="PROBLEM" polarity="POS" type="PROBLEM" />
<EVENT id="E108" start="3967" end="3984" text="clinically stable" modality="OCCURRENCE" polarity="POS" type="OCCURRENCE" />
<EVENT id="E109" start="3988" end="4002" text="ACE inhibitors" modality="TREATMENT" polarity="POS" type="TREATMENT" />
<EVENT id="E110" start="4005" end="4012" text="Digoxin" modality="TREATMENT" polarity="POS" type="TREATMENT" />
<EVENT id="E111" start="4015" end="4023" text="Coumadin" modality="TREATMENT" polarity="POS" type="TREATMENT" />
<EVENT id="E112" start="4030" end="4037" text="aspirin" modality="TREATMENT" polarity="POS" type="TREATMENT" />
<EVENT id="E113" start="4068" end="4078" text="discharged" modality="OCCURRENCE" polarity="POS" type="OCCURRENCE" />
<EVENT id="E114" start="4119" end="4157" text="significant left ventricle dysfunction" modality="PROBLEM" polarity="POS" type="PROBLEM" />
<EVENT id="E115" start="4171" end="4181" text="monitoring" modality="PROBLEM" polarity="POS" type="TEST" />
<EVENT id="E116" start="4185" end="4206" text="his prothrombin times" modality="PROBLEM" polarity="POS" type="PROBLEM" />
<EVENT id="E117" start="4211" end="4226" text="his arrhythmias" modality="PROBLEM" polarity="POS" type="TREATMENT" />
<EVENT id="E9" start="430" end="438" text="headache" modality="PROBLEM" polarity="POS" type="PROBLEM" />
<EVENT id="E10" start="443" end="457" text="disorientation" modality="PROBLEM" polarity="POS" type="PROBLEM" />
<EVENT id="E11" start="473" end="477" text="A CT" modality="TEST" polarity="POS" type="TEST" />
<EVENT id="E12" start="482" end="490" text="MRI scan" modality="TEST" polarity="POS" type="TEST" />
<EVENT id="E13" start="491" end="503" text="corroborated" modality="EVIDENTIAL" polarity="POS" type="EVIDENTIAL" />
<EVENT id="E14" start="504" end="530" text="multiple cerebral infarcts" modality="PROBLEM" polarity="POS" type="PROBLEM" />
<EVENT id="E15" start="551" end="558" text="aspirin" modality="TREATMENT" polarity="POS" type="TREATMENT" />
<EVENT id="E16" start="588" end="600" text="hypertension" modality="PROBLEM" polarity="POS" type="PROBLEM" />
<EVENT id="E17" start="633" end="640" text="Vasotec" modality="TREATMENT" polarity="POS" type="TREATMENT" />
<EVENT id="E18" start="643" end="659" text="A Holter monitor" modality="TEST" polarity="POS" type="TEST" />
<EVENT id="E19" start="660" end="666" text="showed" modality="EVIDENTIAL" polarity="POS" type="EVIDENTIAL" />
<EVENT id="E20" start="667" end="685" text="ventricular ectopy" modality="PROBLEM" polarity="POS" type="PROBLEM" />
<EVENT id="E21" start="688" end="710" text="A thallium stress test" modality="TEST" polarity="POS" type="TEST" />
<EVENT id="E22" start="711" end="717" text="showed" modality="EVIDENTIAL" polarity="POS" type="EVIDENTIAL" />
<EVENT id="E23" start="718" end="729" text="tachycardia" modality="PROBLEM" polarity="POS" type="PROBLEM" />
<EVENT id="E24" start="734" end="748" text="severe dyspnea" modality="PROBLEM" polarity="POS" type="PROBLEM" />
<EVENT id="E25" start="760" end="784" text="a fall in blood pressure" modality="PROBLEM" polarity="POS" type="PROBLEM" />
<EVENT id="E26" start="790" end="808" text="low level exercise" modality="PROBLEM" polarity="POS" type="PROBLEM" />
<EVENT id="E27" start="811" end="828" text="An echocardiogram" modality="TEST" polarity="POS" type="TEST" />
<EVENT id="E28" start="829" end="835" text="showed" modality="EVIDENTIAL" polarity="POS" type="EVIDENTIAL" />
<EVENT id="E29" start="836" end="854" text="global hypokinesis" modality="PROBLEM" polarity="POS" type="PROBLEM" />
<EVENT id="E30" start="876" end="884" text="referred" modality="FACTUAL" polarity="POS" type="OCCURRENCE" />
<EVENT id="E31" start="889" end="907" text="further evaluation" modality="TEST" polarity="POS" type="TEST" />
<EVENT id="E32" start="953" end="991" text="the cardiac catheterization laboratory" modality="CLINICAL_DEPT" polarity="POS" type="CLINICAL_DEPT" />
<TIMEX3 id="T0" start="18" end="26" text="07-30-93" type="DATE" val="1993-07-30" mod="NA" />
<TIMEX3 id="T5" start="1894" end="1905" text="the weekend" type="DURATION" val="the weekend" mod="NA" />
<TIMEX3 id="T6" start="2005" end="2010" text="07/31" type="DATE" val="1993-07-31" mod="NA" />
<TIMEX3 id="T7" start="2466" end="2474" text="08/02/93" type="DATE" val="1993-08-02" mod="NA" />
<TIMEX3 id="T2" start="250" end="258" text="May 1992" type="DATE" val="1992-05" mod="NA" />
<TIMEX3 id="T3" start="264" end="274" text="which time" type="DATE" val="which time" mod="NA" />
<TIMEX3 id="T8" start="3153" end="3170" text="the following day" type="DATE" val="the following day" mod="NA" />
<TIMEX3 id="T9" start="3361" end="3366" text="08/05" type="DATE" val="1993-08-05" mod="NA" />
<TIMEX3 id="T1" start="44" end="52" text="08-10-93" type="DATE" val="1993-08-10" mod="NA" />
<TIMEX3 id="T4" start="461" end="470" text="that time" type="DATE" val="that time" mod="NA" />
<SECTIME id="S0" start="18" end="26" text="07-30-93" type="ADMISSION" dvalue="1993-07-30" />
<SECTIME id="S1" start="44" end="52" text="08-10-93" type="DISCHARGE" dvalue="1993-08-10" />
</TAGS>
</ClinicalNarrativeTemporalAnnotation>
