<?xml version="1.0" encoding="UTF-8" ?>
<ClinicalNarrativeTemporalAnnotation>
<TEXT><![CDATA[
Admission Date :
2019-10-10
Discharge Date :
2019-10-19
Service :
ORTHOPAEDICS
History of Present Illness :
Mr. Steadman is a 25 year old man who was locked out of his apartment and tried to enter by climbing up two stories to get in by a window .
He fell 15-20 feet onto concrete , denies any loss of consiousness .
Brief Hospital Course :
Mr. Steadman is a 25 year old man who presented to the The Hospital for Orthopedics on
2019-10-10 via ambulance after falling 15-20 feet onto concrete .
He was evaluated by the trauma surgery department and the orthopaedic surgery department .
He was intoxicated and tachycardic in the trauma bay .
His injuries were identified as a left elbow disloaction with was reduced and splinted .
Also a left distal radius fracture with was reduced and splinted .
Also a Left non displaced sacral wing fracture and left inferior pubic ramus fx extending the to inferior acetabulum .
He was admitted to the trauma intensive care unit due to his tachycardia which was not resolved with pain medication .
On 2019-10-11 he was started on lopressor for his tachycardia which had good effect .
He was then transfered to the floor in the care of the orthopaedic surgery service .
Also on 2019-10-11 he was taken to the operating room for an ORIF of his left distal radius fracture .
His pelvis fracture are closed treated and he can be weight bearing as tolerated on his right leg and and nonweight bearing on his left leg .
He tolerated the procedure without difficulty .
He begain to work with physical therapy to improve his strenght and mobility .
His heart rate continued to be well controlled with his lopressor .
Throught the stay his labs remained normal and his pain controlled .
He was discharged home in stable conditions .
He was instructed to follow up with Dr. Conway in 2 weeks and an appointment was made on 11-15 for him at the Louis Schubert Community Health Center to follow his heart rate and continued need for lopressor .
]]></TEXT>
<TAGS>
<EVENT id="E0" start="1" end="10" text="Admission" modality="OCCURRENCE" polarity="POS" type="OCCURRENCE" />
<EVENT id="E33" start="1003" end="1011" text="resolved" modality="OCCURRENCE" polarity="NEG" type="OCCURRENCE" />
<EVENT id="E34" start="1017" end="1032" text="pain medication" modality="TREATMENT" polarity="POS" type="TREATMENT" />
<EVENT id="E35" start="1067" end="1076" text="lopressor" modality="TREATMENT" polarity="POS" type="TREATMENT" />
<EVENT id="E36" start="1081" end="1096" text="his tachycardia" modality="PROBLEM" polarity="POS" type="PROBLEM" />
<EVENT id="E37" start="1107" end="1118" text="good effect" modality="OCCURRENCE" polarity="POS" type="OCCURRENCE" />
<EVENT id="E38" start="1133" end="1143" text="transfered" modality="OCCURRENCE" polarity="POS" type="OCCURRENCE" />
<EVENT id="E39" start="1147" end="1156" text="the floor" modality="CLINICAL_DEPT" polarity="POS" type="CLINICAL_DEPT" />
<EVENT id="E40" start="1172" end="1203" text="the orthopaedic surgery service" modality="CLINICAL_DEPT" polarity="POS" type="PROBLEM" />
<EVENT id="E41" start="1241" end="1259" text="the operating room" modality="CLINICAL_DEPT" polarity="POS" type="CLINICAL_DEPT" />
<EVENT id="E42" start="1264" end="1306" text="an ORIF of his left distal radius fracture" modality="PROBLEM" polarity="POS" type="PROBLEM" />
<EVENT id="E43" start="1309" end="1328" text="His pelvis fracture" modality="PROBLEM" polarity="POS" type="TREATMENT" />
<EVENT id="E44" start="1362" end="1406" text="weight bearing as tolerated on his right leg" modality="FACTUAL" polarity="POS" type="PROBLEM" />
<EVENT id="E45" start="1415" end="1448" text="nonweight bearing on his left leg" modality="PROBLEM" polarity="POS" type="PROBLEM" />
<EVENT id="E46" start="1464" end="1477" text="the procedure" modality="TREATMENT" polarity="POS" type="TREATMENT" />
<EVENT id="E47" start="1486" end="1496" text="difficulty" modality="PROBLEM" polarity="NEG" type="PROBLEM" />
<EVENT id="E2" start="151" end="157" text="locked" modality="OCCURRENCE" polarity="POS" type="OCCURRENCE" />
<EVENT id="E48" start="1522" end="1538" text="physical therapy" modality="TREATMENT" polarity="POS" type="TREATMENT" />
<EVENT id="E49" start="1578" end="1592" text="His heart rate" modality="TEST" polarity="POS" type="TEST" />
<EVENT id="E50" start="1609" end="1624" text="well controlled" modality="TREATMENT" polarity="POS" type="TREATMENT" />
<EVENT id="E51" start="1630" end="1643" text="his lopressor" modality="TREATMENT" polarity="POS" type="PROBLEM" />
<EVENT id="E3" start="165" end="178" text="his apartment" modality="PROBLEM" polarity="POS" type="TREATMENT" />
<EVENT id="E52" start="1664" end="1672" text="his labs" modality="TEST" polarity="POS" type="TEST" />
<EVENT id="E53" start="1693" end="1701" text="his pain" modality="PROBLEM" polarity="POS" type="PROBLEM" />
<EVENT id="E54" start="1722" end="1732" text="discharged" modality="OCCURRENCE" polarity="POS" type="OCCURRENCE" />
<EVENT id="E55" start="1741" end="1758" text="stable conditions" modality="OCCURRENCE" polarity="POS" type="OCCURRENCE" />
<EVENT id="E56" start="1768" end="1778" text="instructed" modality="FACTUAL" polarity="POS" type="OCCURRENCE" />
<EVENT id="E57" start="1782" end="1791" text="follow up" modality="OCCURRENCE" polarity="POS" type="OCCURRENCE" />
<EVENT id="E58" start="1867" end="1909" text="the Louis Schubert Community Health Center" modality="CLINICAL_DEPT" polarity="POS" type="CLINICAL_DEPT" />
<EVENT id="E59" start="1920" end="1934" text="his heart rate" modality="TEST" polarity="POS" type="PROBLEM" />
<EVENT id="E60" start="1958" end="1967" text="lopressor" modality="TREATMENT" polarity="POS" type="TREATMENT" />
<EVENT id="E4" start="273" end="281" text="concrete" modality="FACTUAL" polarity="POS" type="OCCURRENCE" />
<EVENT id="E1" start="29" end="38" text="Discharge" modality="OCCURRENCE" polarity="POS" type="OCCURRENCE" />
<EVENT id="E5" start="284" end="290" text="denies" modality="EVIDENTIAL" polarity="POS" type="EVIDENTIAL" />
<EVENT id="E6" start="295" end="315" text="loss of consiousness" modality="PROBLEM" polarity="NEG" type="PROBLEM" />
<EVENT id="E7" start="380" end="389" text="presented" modality="OCCURRENCE" polarity="POS" type="OCCURRENCE" />
<EVENT id="E8" start="393" end="409" text="the The Hospital" modality="CLINICAL_DEPT" polarity="POS" type="CLINICAL_DEPT" />
<EVENT id="E9" start="414" end="425" text="Orthopedics" modality="CLINICAL_DEPT" polarity="POS" type="TREATMENT" />
<EVENT id="E10" start="444" end="453" text="ambulance" modality="OCCURRENCE" polarity="POS" type="OCCURRENCE" />
<EVENT id="E11" start="460" end="467" text="falling" modality="FACTUAL" polarity="POS" type="PROBLEM" />
<EVENT id="E12" start="484" end="492" text="concrete" modality="FACTUAL" polarity="POS" type="OCCURRENCE" />
<EVENT id="E13" start="502" end="511" text="evaluated" modality="TEST" polarity="POS" type="TEST" />
<EVENT id="E14" start="515" end="544" text="the trauma surgery department" modality="PROBLEM" polarity="POS" type="PROBLEM" />
<EVENT id="E15" start="549" end="583" text="the orthopaedic surgery department" modality="PROBLEM" polarity="POS" type="PROBLEM" />
<EVENT id="E16" start="593" end="604" text="intoxicated" modality="OCCURRENCE" polarity="POS" type="OCCURRENCE" />
<EVENT id="E17" start="609" end="620" text="tachycardic" modality="PROBLEM" polarity="POS" type="PROBLEM" />
<EVENT id="E18" start="624" end="638" text="the trauma bay" modality="PROBLEM" polarity="POS" type="CLINICAL_DEPT" />
<EVENT id="E19" start="641" end="653" text="His injuries" modality="PROBLEM" polarity="POS" type="PROBLEM" />
<EVENT id="E20" start="673" end="697" text="a left elbow disloaction" modality="PROBLEM" polarity="POS" type="PROBLEM" />
<EVENT id="E21" start="707" end="714" text="reduced" modality="TREATMENT" polarity="POS" type="TREATMENT" />
<EVENT id="E22" start="719" end="727" text="splinted" modality="TREATMENT" polarity="POS" type="TREATMENT" />
<EVENT id="E23" start="735" end="764" text="a left distal radius fracture" modality="PROBLEM" polarity="POS" type="PROBLEM" />
<EVENT id="E24" start="774" end="781" text="reduced" modality="TREATMENT" polarity="POS" type="TREATMENT" />
<EVENT id="E25" start="786" end="794" text="splinted" modality="TREATMENT" polarity="POS" type="TREATMENT" />
<EVENT id="E26" start="813" end="822" text="displaced" modality="EVIDENTIAL" polarity="POS" type="EVIDENTIAL" />
<EVENT id="E27" start="823" end="843" text="sacral wing fracture" modality="PROBLEM" polarity="POS" type="PROBLEM" />
<EVENT id="E28" start="848" end="873" text="left inferior pubic ramus" modality="FACTUAL" polarity="POS" type="PROBLEM" />
<EVENT id="E29" start="894" end="913" text="inferior acetabulum" modality="FACTUAL" polarity="POS" type="PROBLEM" />
<EVENT id="E30" start="923" end="931" text="admitted" modality="OCCURRENCE" polarity="POS" type="OCCURRENCE" />
<EVENT id="E31" start="935" end="965" text="the trauma intensive care unit" modality="CLINICAL_DEPT" polarity="POS" type="PROBLEM" />
<EVENT id="E32" start="973" end="988" text="his tachycardia" modality="PROBLEM" polarity="POS" type="PROBLEM" />
<TIMEX3 id="T3" start="1038" end="1048" text="2019-10-11" type="DATE" val="2019-10-11" mod="NA" />
<TIMEX3 id="T4" start="1214" end="1224" text="2019-10-11" type="DATE" val="2019-10-11" mod="NA" />
<TIMEX3 id="T0" start="18" end="28" text="2019-10-10" type="DATE" val="2019-10-10" mod="NA" />
<TIMEX3 id="T5" start="1811" end="1818" text="2 weeks" type="DATE" val="2 weeks" mod="NA" />
<TIMEX3 id="T6" start="1850" end="1855" text="11-15" type="DATE" val="2019-11-15" mod="NA" />
<TIMEX3 id="T2" start="429" end="439" text="2019-10-10" type="DATE" val="2019-10-10" mod="NA" />
<TIMEX3 id="T1" start="46" end="56" text="2019-10-19" type="DATE" val="2019-10-19" mod="NA" />
<SECTIME id="S0" start="18" end="28" text="2019-10-10" type="ADMISSION" dvalue="2019-10-10" />
<SECTIME id="S1" start="46" end="56" text="2019-10-19" type="DISCHARGE" dvalue="2019-10-19" />
</TAGS>
</ClinicalNarrativeTemporalAnnotation>
