<?xml version="1.0" encoding="UTF-8" ?>
<ClinicalNarrativeTemporalAnnotation>
<TEXT><![CDATA[
Admission Date :
03/13/2006
Discharge Date :
03/19/2006
Service :
MED
HPI :
75 y / o F with DM , COPD on 2L NC and Bipap at night p / w generalized weakness and fatigue , urinary incontinence and shaking as well as increased sputum production .
Per daughter these symptoms are typical of COPD flare .
ROS otherwise negative .
Admission Status :
ED :
REc&apos;d duonebs , solumedrol 125
Vitals :
t97.5 , hr 117 , bp156/81 , rr28 , o2 sats 87% RA ; 95% 4L
Exam :
NAD , pleasant , speaking in complete sentences , poor air movement bilaterally , L &gt; R , no wheezes or rales , rrr , distant , abd benign , no edema , alert and oriented times three , no focal deficits , conversant Studies :
- EKG sinus 92 , no ST changes
- CXR no focal consolidation or edema , old biapical scarring ABG 7.34/79/74 U / A negative
Daily Status :
improving , but still poor air movement , diffusely wheezy on exam , at baseline 2L o2 requirement
A / P :
75 y / o F with h / o COPD c / b frequent exacerbations p / w typical flare symptoms .
Problem List :
CV - Ischemia ASA , lisinopril Pump no evidence of failure
Rhythm Resp - COPD
flare - steroids , cont prednisone 60 , taper slowly as tolerated , duonebs , advair , singulair , spiriva , claritin azithromycin for atypical bronchitis to complete a 5 day course , keep o2 sat 90-94 , home nocturnal CPAP not tolerated in house , does well on nc , appears ato be at baseline
Renal -
Cr 0.8 , stress incontinence by symptoms with increased cough , no evidence of uti , cont to closely monitor
GI - Bowel regimen
Heme - Chronic Fe deficiency anemia , cont iron
Endo - DM on insulin with steroids
ID - afebrile , no wbc , started on Azithromycin for COPD flare
FEN - ADA diet
PPx - Lovenox , PPI
Dispo - to rehab when resp status improved , PT consulted
Code - FC
ADDITIONAL COMMENTS :
DISCHARGE CONDITION :
Stable
TO DO / PLAN :
f / u with PCP and Dr. Pump as scheduled , return to ED with worsening sob or increased cough or sputum production
]]></TEXT>
<TAGS>
<EVENT id="E0" start="1" end="10" text="Admission" modality="OCCURRENCE" polarity="POS" type="OCCURRENCE" />
<EVENT id="E44" start="1043" end="1055" text="Ischemia ASA" modality="PROBLEM" polarity="POS" type="TREATMENT" />
<EVENT id="E45" start="1058" end="1073" text="lisinopril Pump" modality="TREATMENT" polarity="POS" type="TREATMENT" />
<EVENT id="E4" start="109" end="111" text="NC" modality="TREATMENT" polarity="POS" type="TREATMENT" />
<EVENT id="E46" start="1089" end="1096" text="failure" modality="PROBLEM" polarity="NEG" type="PROBLEM" />
<EVENT id="E47" start="1097" end="1108" text="Rhythm Resp" modality="FACTUAL" polarity="POS" type="PROBLEM" />
<EVENT id="E48" start="1124" end="1132" text="steroids" modality="TREATMENT" polarity="POS" type="TREATMENT" />
<EVENT id="E49" start="1140" end="1150" text="prednisone" modality="TREATMENT" polarity="POS" type="TREATMENT" />
<EVENT id="E5" start="116" end="121" text="Bipap" modality="TREATMENT" polarity="POS" type="TREATMENT" />
<EVENT id="E50" start="1156" end="1168" text="taper slowly" modality="TEST" polarity="POS" type="TEST" />
<EVENT id="E51" start="1172" end="1181" text="tolerated" modality="FACTUAL" polarity="POS" type="OCCURRENCE" />
<EVENT id="E52" start="1184" end="1191" text="duonebs" modality="TREATMENT" polarity="POS" type="PROBLEM" />
<EVENT id="E53" start="1194" end="1200" text="advair" modality="TREATMENT" polarity="POS" type="TREATMENT" />
<EVENT id="E54" start="1203" end="1212" text="singulair" modality="TREATMENT" polarity="POS" type="PROBLEM" />
<EVENT id="E55" start="1215" end="1222" text="spiriva" modality="PROBLEM" polarity="POS" type="PROBLEM" />
<EVENT id="E56" start="1225" end="1246" text="claritin azithromycin" modality="TREATMENT" polarity="POS" type="TREATMENT" />
<EVENT id="E57" start="1251" end="1270" text="atypical bronchitis" modality="PROBLEM" polarity="POS" type="TEST" />
<EVENT id="E58" start="1320" end="1339" text="home nocturnal CPAP" modality="TREATMENT" polarity="POS" type="TEST" />
<EVENT id="E59" start="1344" end="1362" text="tolerated in house" modality="OCCURRENCE" polarity="POS" type="OCCURRENCE" />
<EVENT id="E6" start="137" end="157" text="generalized weakness" modality="PROBLEM" polarity="POS" type="PROBLEM" />
<EVENT id="E60" start="1370" end="1374" text="well" modality="OCCURRENCE" polarity="POS" type="OCCURRENCE" />
<EVENT id="E61" start="1378" end="1380" text="nc" modality="FACTUAL" polarity="POS" type="TREATMENT" />
<EVENT id="E62" start="1418" end="1420" text="Cr" modality="TEST" polarity="POS" type="TEST" />
<EVENT id="E63" start="1427" end="1446" text="stress incontinence" modality="PROBLEM" polarity="POS" type="PROBLEM" />
<EVENT id="E64" start="1450" end="1458" text="symptoms" modality="PROBLEM" polarity="POS" type="PROBLEM" />
<EVENT id="E65" start="1464" end="1479" text="increased cough" modality="PROBLEM" polarity="POS" type="PROBLEM" />
<EVENT id="E66" start="1511" end="1526" text="closely monitor" modality="FACTUAL" polarity="POS" type="CLINICAL_DEPT" />
<EVENT id="E67" start="1564" end="1581" text="deficiency anemia" modality="PROBLEM" polarity="POS" type="PROBLEM" />
<EVENT id="E68" start="1601" end="1603" text="DM" modality="PROBLEM" polarity="POS" type="PROBLEM" />
<EVENT id="E69" start="1607" end="1614" text="insulin" modality="FACTUAL" polarity="POS" type="TREATMENT" />
<EVENT id="E7" start="162" end="169" text="fatigue" modality="PROBLEM" polarity="POS" type="PROBLEM" />
<EVENT id="E70" start="1620" end="1628" text="steroids" modality="TREATMENT" polarity="POS" type="TREATMENT" />
<EVENT id="E71" start="1634" end="1642" text="afebrile" modality="PROBLEM" polarity="POS" type="PROBLEM" />
<EVENT id="E72" start="1648" end="1651" text="wbc" modality="PROBLEM" polarity="NEG" type="PROBLEM" />
<EVENT id="E73" start="1665" end="1677" text="Azithromycin" modality="TREATMENT" polarity="POS" type="TREATMENT" />
<EVENT id="E74" start="1682" end="1692" text="COPD flare" modality="PROBLEM" polarity="POS" type="TREATMENT" />
<EVENT id="E75" start="1699" end="1707" text="ADA diet" modality="TREATMENT" polarity="POS" type="TREATMENT" />
<EVENT id="E76" start="1708" end="1711" text="PPx" modality="TREATMENT" polarity="POS" type="TREATMENT" />
<EVENT id="E8" start="172" end="192" text="urinary incontinence" modality="PROBLEM" polarity="POS" type="PROBLEM" />
<EVENT id="E77" start="1714" end="1721" text="Lovenox" modality="TREATMENT" polarity="POS" type="TREATMENT" />
<EVENT id="E78" start="1724" end="1727" text="PPI" modality="TREATMENT" polarity="POS" type="TREATMENT" />
<EVENT id="E79" start="1739" end="1744" text="rehab" modality="FACTUAL" polarity="POS" type="CLINICAL_DEPT" />
<EVENT id="E80" start="1750" end="1761" text="resp status" modality="OCCURRENCE" polarity="POS" type="OCCURRENCE" />
<EVENT id="E81" start="1773" end="1785" text="PT consulted" modality="TREATMENT" polarity="POS" type="TEST" />
<EVENT id="E82" start="1855" end="1859" text="PLAN" modality="FACTUAL" polarity="POS" type="PROBLEM" />
<EVENT id="E83" start="1873" end="1876" text="PCP" modality="CLINICAL_DEPT" polarity="POS" type="CLINICAL_DEPT" />
<EVENT id="E84" start="1905" end="1911" text="return" modality="FACTUAL" polarity="POS" type="TREATMENT" />
<EVENT id="E85" start="1915" end="1917" text="ED" modality="CLINICAL_DEPT" polarity="POS" type="CLINICAL_DEPT" />
<EVENT id="E86" start="1923" end="1936" text="worsening sob" modality="PROBLEM" polarity="POS" type="PROBLEM" />
<EVENT id="E87" start="1940" end="1955" text="increased cough" modality="PROBLEM" polarity="NEG" type="PROBLEM" />
<EVENT id="E88" start="1959" end="1976" text="sputum production" modality="PROBLEM" polarity="NEG" type="PROBLEM" />
<EVENT id="E9" start="197" end="204" text="shaking" modality="PROBLEM" polarity="POS" type="PROBLEM" />
<EVENT id="E10" start="216" end="243" text="increased sputum production" modality="PROBLEM" polarity="POS" type="PROBLEM" />
<EVENT id="E11" start="259" end="273" text="these symptoms" modality="PROBLEM" polarity="POS" type="PROBLEM" />
<EVENT id="E1" start="29" end="38" text="Discharge" modality="OCCURRENCE" polarity="POS" type="OCCURRENCE" />
<EVENT id="E12" start="289" end="299" text="COPD flare" modality="PROBLEM" polarity="POS" type="PROBLEM" />
<EVENT id="E13" start="302" end="305" text="ROS" modality="TEST" polarity="POS" type="TEST" />
<EVENT id="E14" start="316" end="324" text="negative" modality="FACTUAL" polarity="POS" type="EVIDENTIAL" />
<EVENT id="E15" start="351" end="369" text="REc&amp;apos;d duonebs" modality="PROBLEM" polarity="POS" type="TEST" />
<EVENT id="E16" start="372" end="382" text="solumedrol" modality="TREATMENT" polarity="POS" type="TREATMENT" />
<EVENT id="E17" start="413" end="421" text="bp156/81" modality="FACTUAL" polarity="POS" type="TEST" />
<EVENT id="E18" start="434" end="438" text="sats" modality="TEST" polarity="POS" type="TEST" />
<EVENT id="E19" start="462" end="465" text="NAD" modality="FACTUAL" polarity="POS" type="PROBLEM" />
<EVENT id="E20" start="468" end="476" text="pleasant" modality="PROBLEM" polarity="POS" type="TREATMENT" />
<EVENT id="E21" start="479" end="509" text="speaking in complete sentences" modality="PROBLEM" polarity="POS" type="PROBLEM" />
<EVENT id="E22" start="512" end="541" text="poor air movement bilaterally" modality="PROBLEM" polarity="POS" type="PROBLEM" />
<EVENT id="E23" start="544" end="552" text="L &amp;gt; R" modality="FACTUAL" polarity="POS" type="PROBLEM" />
<EVENT id="E24" start="558" end="565" text="wheezes" modality="PROBLEM" polarity="NEG" type="PROBLEM" />
<EVENT id="E25" start="569" end="574" text="rales" modality="PROBLEM" polarity="NEG" type="PROBLEM" />
<EVENT id="E26" start="577" end="580" text="rrr" modality="FACTUAL" polarity="POS" type="TREATMENT" />
<EVENT id="E27" start="593" end="603" text="abd benign" modality="PROBLEM" polarity="NEG" type="PROBLEM" />
<EVENT id="E28" start="609" end="614" text="edema" modality="PROBLEM" polarity="NEG" type="PROBLEM" />
<EVENT id="E29" start="617" end="622" text="alert" modality="OCCURRENCE" polarity="POS" type="OCCURRENCE" />
<EVENT id="E30" start="653" end="667" text="focal deficits" modality="PROBLEM" polarity="NEG" type="PROBLEM" />
<EVENT id="E31" start="693" end="702" text="EKG sinus" modality="TEST" polarity="POS" type="TEST" />
<EVENT id="E32" start="711" end="721" text="ST changes" modality="PROBLEM" polarity="NEG" type="PROBLEM" />
<EVENT id="E33" start="724" end="727" text="CXR" modality="TEST" polarity="POS" type="TEST" />
<EVENT id="E34" start="731" end="750" text="focal consolidation" modality="PROBLEM" polarity="NEG" type="PROBLEM" />
<EVENT id="E35" start="754" end="759" text="edema" modality="PROBLEM" polarity="NEG" type="PROBLEM" />
<EVENT id="E36" start="784" end="787" text="ABG" modality="TEST" polarity="POS" type="TEST" />
<EVENT id="E37" start="829" end="838" text="improving" modality="OCCURRENCE" polarity="POS" type="OCCURRENCE" />
<EVENT id="E38" start="851" end="868" text="poor air movement" modality="PROBLEM" polarity="POS" type="PROBLEM" />
<EVENT id="E39" start="891" end="895" text="exam" modality="TEST" polarity="POS" type="TEST" />
<EVENT id="E2" start="93" end="95" text="DM" modality="PROBLEM" polarity="POS" type="PROBLEM" />
<EVENT id="E40" start="952" end="953" text="h" modality="PROBLEM" polarity="POS" type="PROBLEM" />
<EVENT id="E41" start="958" end="962" text="COPD" modality="PROBLEM" polarity="POS" type="PROBLEM" />
<EVENT id="E42" start="967" end="991" text="b frequent exacerbations" modality="PROBLEM" polarity="POS" type="PROBLEM" />
<EVENT id="E3" start="98" end="102" text="COPD" modality="PROBLEM" polarity="POS" type="PROBLEM" />
<EVENT id="E43" start="998" end="1020" text="typical flare symptoms" modality="PROBLEM" polarity="POS" type="PROBLEM" />
<TIMEX3 id="T2" start="1285" end="1290" text="5 day" type="DURATION" val="P5D" mod="NA" />
<TIMEX3 id="T3" start="1312" end="1317" text="90-94" type="DATE" val="2006-90-94" mod="NA" />
<TIMEX3 id="T0" start="18" end="28" text="03/13/2006" type="DATE" val="2006-03-13" mod="NA" />
<TIMEX3 id="T1" start="46" end="56" text="03/19/2006" type="DATE" val="2006-03-19" mod="NA" />
<SECTIME id="S0" start="18" end="28" text="03/13/2006" type="ADMISSION" dvalue="2006-03-13" />
<SECTIME id="S1" start="46" end="56" text="03/19/2006" type="DISCHARGE" dvalue="2006-03-19" />
</TAGS>
</ClinicalNarrativeTemporalAnnotation>
