<?xml version="1.0" encoding="UTF-8" ?>
<ClinicalNarrativeTemporalAnnotation>
<TEXT><![CDATA[
Admission Date :
2014-07-30
Discharge Date :
2014-08-04
Service :
MEDICINE
History of Present Illness :
This is an 83 y/o female with moderate AS , s/p MVR 27 years ago , s/p PPM , DM , CHF , p/w dsypnea and increased work of breathing x 4-5 days .
Per family , the patient has had worsening CHF/volume overload over the last several weeks , requiring supplemental O2 at rehab .
Over the last few days , she has been noted to be more short of breath and having sats to 60% on RA .
Her lasix was increased to 60 mg bid .
Beginning today , she was noted to be in hypoxic respiratory distress , 87-91% on 2L/NC .
She was increased to 5L , with her sats going up to 97% .
She was also noted to be more confused over the last few days and especially today .
She was given lasix and 2 mg IV morphine at New England Sinai Hospital & Rehab Center Rehab , and sent to Nantucket Cottage Hospital for further evaluation .
En route , she was given additional lasix of 60 mg IV and nitro spray x 2 .
In the Deanna , her VS were Tc 97.2 , BP 146/25 , HR 70 , RR 27 , SaO2 95%/NRB .
Foley was placed in Deanna .
She was given 40 mg IV lasix and 325 mg ASA .
She was placed on BiPAP for comfort at 30% FiO2 , 5 PEEP , 12 PS .
Admitted to the CMED CSRU for further management .
Per family , besides the dyspnea and SOB , the patient has had no other symptoms , including f/c/s , CP , palpitations , abd pain , n/v/diarrhea .
She has had decreased appetite over the last few days in the context of increasing confusion .
Brief Hospital Course :
A/P - 83yo F with valvular disorder , AF , and h/o CAD a/w hypercarbic respiratory failure .
# Respiratory failure - She was admitted to the CMED CSRU for her repiratory failure which was thought to be secondary to CHF .
Pt was diuresed with iv lasix / acetazolamide and given iv morphine / prn for respiratory distress and BIPAP was tried .
However , hypercarbia ( 04-11 metabolic alkalosis ) remained in the 90s .
Pt was mentating okay , having conversations with intermittent somnolence despite hypercarbia .
TTE showed preserved EF with moderate AS and moderate MS and mod pulm HTN .
Cardiology was consulted and thought MS Harold Holcomb to her pulm edema and pulm HTN .
Cardiology recommended d/cing digoxin and starting amiodarone .
Family declined valvuloplasty .
For possible COPD , pt was started on steroids and nebs on 08-03 .
Pt is currently satting 90s on 1 L NC while sitting in a chair but needs more O2 when supine .
Pt is a mouth breather and occasionally needs a face mask .
Pt will need I/Os monitored to goal even to slightly negative as she was diursed 4.8 L during her CMED stay .
Depending on her I/O , lasix and acetazolamide can be decreased or discontinued .
If she were to decompensate at the rehab , goals of care will need to be readdressed .
# h/o CAD - There were new changes on EKG but pt was ruled out with 3 sets of negative cardiac enzymes .
Pt was continued on BB , ASA , and nitrates .
# Acid / base status - Respiratory acidosis with metabolic compensation .
Appears to be chronic in nature given degree of metabolic compensation with acute component earlier today .
Pt failed BIPAP and pCO2 remained in the 90s but maintaining mentation .
# Renal insufficiency - baseline Cr unknown , may have CRI from DM .
Creatinine stayed stable from 1.3-1.5 .
Will need to renally dose all medications .
# A fib - continued BB .
Per cardiology consult recs , discontinued digoxin and started amiodarone .
Due to elevated INR , coumadin was held .
Pt is also paced .
Pt needs to be on amiodarone 400mg BID x 7 days ( loading dose ) and then 400mg daily for maintenance .
# DM - insulin standing + HISS , FS qid
# Depression - continued home regimen
# F/E/N - NPO initially while on BIPAP and now low sodium cardiac diet .
# PPx - supratherpeutic INR
# Access - PIV
# Code - DNR/DNI .
No pressors or central line per HCP .
If she were to decompensate at the rehab , goals of care will need to be readressed .
# Communication - Evelyn Matos ( niece ) 492 - 9977 , cell ( 921 ) 815 - 7040
]]></TEXT>
<TAGS>
<EVENT id="E0" start="1" end="10" text="Admission" modality="OCCURRENCE" polarity="POS" type="OCCURRENCE" />
<EVENT id="E26" start="1004" end="1010" text="her VS" modality="TEST" polarity="POS" type="TEST" />
<EVENT id="E27" start="1016" end="1018" text="Tc" modality="FACTUAL" polarity="POS" type="TEST" />
<EVENT id="E28" start="1026" end="1028" text="BP" modality="TEST" polarity="POS" type="TEST" />
<EVENT id="E29" start="1038" end="1040" text="HR" modality="TEST" polarity="POS" type="TEST" />
<EVENT id="E30" start="1046" end="1048" text="RR" modality="TEST" polarity="POS" type="TEST" />
<EVENT id="E31" start="1054" end="1058" text="SaO2" modality="TEST" polarity="POS" type="TEST" />
<EVENT id="E32" start="1089" end="1095" text="Deanna" modality="TREATMENT" polarity="POS" type="TREATMENT" />
<EVENT id="E33" start="1121" end="1126" text="lasix" modality="TREATMENT" polarity="POS" type="TREATMENT" />
<EVENT id="E34" start="1162" end="1167" text="BiPAP" modality="TREATMENT" polarity="POS" type="TREATMENT" />
<EVENT id="E35" start="1196" end="1200" text="PEEP" modality="TREATMENT" polarity="POS" type="TEST" />
<EVENT id="E36" start="1211" end="1219" text="Admitted" modality="OCCURRENCE" polarity="POS" type="OCCURRENCE" />
<EVENT id="E37" start="1223" end="1236" text="the CMED CSRU" modality="CLINICAL_DEPT" polarity="POS" type="CLINICAL_DEPT" />
<EVENT id="E38" start="1241" end="1259" text="further management" modality="TREATMENT" polarity="POS" type="TREATMENT" />
<EVENT id="E39" start="1283" end="1294" text="the dyspnea" modality="FACTUAL" polarity="POS" type="PROBLEM" />
<EVENT id="E40" start="1299" end="1302" text="SOB" modality="PROBLEM" polarity="POS" type="PROBLEM" />
<EVENT id="E41" start="1328" end="1342" text="other symptoms" modality="PROBLEM" polarity="NEG" type="PROBLEM" />
<EVENT id="E2" start="135" end="146" text="moderate AS" modality="PROBLEM" polarity="POS" type="PROBLEM" />
<EVENT id="E42" start="1355" end="1360" text="f/c/s" modality="FACTUAL" polarity="POS" type="PROBLEM" />
<EVENT id="E43" start="1363" end="1365" text="CP" modality="PROBLEM" polarity="POS" type="PROBLEM" />
<EVENT id="E44" start="1368" end="1380" text="palpitations" modality="PROBLEM" polarity="NEG" type="PROBLEM" />
<EVENT id="E45" start="1383" end="1391" text="abd pain" modality="PROBLEM" polarity="NEG" type="PROBLEM" />
<EVENT id="E46" start="1394" end="1406" text="n/v/diarrhea" modality="PROBLEM" polarity="NEG" type="PROBLEM" />
<EVENT id="E47" start="1421" end="1439" text="decreased appetite" modality="PROBLEM" polarity="POS" type="PROBLEM" />
<EVENT id="E48" start="1481" end="1501" text="increasing confusion" modality="PROBLEM" polarity="POS" type="PROBLEM" />
<EVENT id="E3" start="153" end="156" text="MVR" modality="TREATMENT" polarity="POS" type="TREATMENT" />
<EVENT id="E49" start="1546" end="1563" text="valvular disorder" modality="PROBLEM" polarity="POS" type="PROBLEM" />
<EVENT id="E50" start="1566" end="1568" text="AF" modality="TREATMENT" polarity="POS" type="PROBLEM" />
<EVENT id="E51" start="1579" end="1582" text="CAD" modality="PROBLEM" polarity="POS" type="PROBLEM" />
<EVENT id="E52" start="1587" end="1618" text="hypercarbic respiratory failure" modality="PROBLEM" polarity="POS" type="PROBLEM" />
<EVENT id="E53" start="1623" end="1642" text="Respiratory failure" modality="PROBLEM" polarity="POS" type="PROBLEM" />
<EVENT id="E54" start="1653" end="1661" text="admitted" modality="OCCURRENCE" polarity="POS" type="OCCURRENCE" />
<EVENT id="E55" start="1665" end="1678" text="the CMED CSRU" modality="CLINICAL_DEPT" polarity="POS" type="CLINICAL_DEPT" />
<EVENT id="E56" start="1683" end="1705" text="her repiratory failure" modality="PROBLEM" polarity="POS" type="PROBLEM" />
<EVENT id="E57" start="1743" end="1746" text="CHF" modality="PROBLEM" polarity="POS" type="PROBLEM" />
<EVENT id="E4" start="176" end="179" text="PPM" modality="TREATMENT" polarity="POS" type="TREATMENT" />
<EVENT id="E58" start="1756" end="1764" text="diuresed" modality="TREATMENT" polarity="POS" type="TREATMENT" />
<EVENT id="E59" start="1773" end="1778" text="lasix" modality="TREATMENT" polarity="POS" type="TREATMENT" />
<EVENT id="E60" start="1781" end="1794" text="acetazolamide" modality="TREATMENT" polarity="POS" type="TREATMENT" />
<EVENT id="E61" start="1808" end="1816" text="morphine" modality="TREATMENT" polarity="POS" type="TREATMENT" />
<EVENT id="E5" start="182" end="184" text="DM" modality="PROBLEM" polarity="POS" type="PROBLEM" />
<EVENT id="E62" start="1827" end="1847" text="respiratory distress" modality="PROBLEM" polarity="POS" type="PROBLEM" />
<EVENT id="E63" start="1852" end="1857" text="BIPAP" modality="TREATMENT" polarity="POS" type="TREATMENT" />
<EVENT id="E6" start="187" end="190" text="CHF" modality="PROBLEM" polarity="POS" type="PROBLEM" />
<EVENT id="E64" start="1880" end="1891" text="hypercarbia" modality="PROBLEM" polarity="POS" type="PROBLEM" />
<EVENT id="E65" start="1900" end="1919" text="metabolic alkalosis" modality="PROBLEM" polarity="POS" type="PROBLEM" />
<EVENT id="E7" start="193" end="204" text="p/w dsypnea" modality="PROBLEM" polarity="POS" type="PROBLEM" />
<EVENT id="E66" start="1951" end="1965" text="mentating okay" modality="FACTUAL" polarity="POS" type="OCCURRENCE" />
<EVENT id="E67" start="1975" end="1988" text="conversations" modality="OCCURRENCE" polarity="POS" type="OCCURRENCE" />
<EVENT id="E68" start="1994" end="2017" text="intermittent somnolence" modality="FACTUAL" polarity="POS" type="PROBLEM" />
<EVENT id="E69" start="2026" end="2037" text="hypercarbia" modality="PROBLEM" polarity="POS" type="PROBLEM" />
<EVENT id="E70" start="2040" end="2043" text="TTE" modality="TEST" polarity="POS" type="TEST" />
<EVENT id="E71" start="2044" end="2050" text="showed" modality="EVIDENTIAL" polarity="POS" type="EVIDENTIAL" />
<EVENT id="E72" start="2051" end="2063" text="preserved EF" modality="OCCURRENCE" polarity="POS" type="PROBLEM" />
<EVENT id="E73" start="2069" end="2080" text="moderate AS" modality="PROBLEM" polarity="POS" type="PROBLEM" />
<EVENT id="E8" start="209" end="236" text="increased work of breathing" modality="PROBLEM" polarity="POS" type="PROBLEM" />
<EVENT id="E74" start="2085" end="2096" text="moderate MS" modality="PROBLEM" polarity="POS" type="PROBLEM" />
<EVENT id="E75" start="2101" end="2113" text="mod pulm HTN" modality="PROBLEM" polarity="POS" type="PROBLEM" />
<EVENT id="E76" start="2131" end="2140" text="consulted" modality="OCCURRENCE" polarity="POS" type="OCCURRENCE" />
<EVENT id="E77" start="2174" end="2188" text="her pulm edema" modality="PROBLEM" polarity="POS" type="PROBLEM" />
<EVENT id="E78" start="2193" end="2201" text="pulm HTN" modality="PROBLEM" polarity="POS" type="PROBLEM" />
<EVENT id="E79" start="2215" end="2226" text="recommended" modality="FACTUAL" polarity="POS" type="OCCURRENCE" />
<EVENT id="E80" start="2234" end="2241" text="digoxin" modality="TREATMENT" polarity="POS" type="TREATMENT" />
<EVENT id="E81" start="2255" end="2265" text="amiodarone" modality="TREATMENT" polarity="POS" type="TREATMENT" />
<EVENT id="E82" start="2275" end="2297" text="declined valvuloplasty" modality="OCCURRENCE" polarity="POS" type="OCCURRENCE" />
<EVENT id="E83" start="2313" end="2317" text="COPD" modality="PROBLEM" polarity="POS" type="PROBLEM" />
<EVENT id="E84" start="2338" end="2346" text="steroids" modality="TREATMENT" polarity="POS" type="TREATMENT" />
<EVENT id="E85" start="2351" end="2355" text="nebs" modality="TREATMENT" polarity="POS" type="PROBLEM" />
<EVENT id="E86" start="2398" end="2404" text="1 L NC" modality="FACTUAL" polarity="POS" type="TREATMENT" />
<EVENT id="E87" start="2422" end="2429" text="a chair" modality="TREATMENT" polarity="POS" type="PROBLEM" />
<EVENT id="E88" start="2440" end="2447" text="more O2" modality="FACTUAL" polarity="POS" type="TREATMENT" />
<EVENT id="E89" start="2468" end="2484" text="a mouth breather" modality="PROBLEM" polarity="POS" type="PROBLEM" />
<EVENT id="E90" start="2508" end="2519" text="a face mask" modality="TREATMENT" polarity="POS" type="TREATMENT" />
<EVENT id="E91" start="2535" end="2539" text="I/Os" modality="TREATMENT" polarity="POS" type="TREATMENT" />
<EVENT id="E92" start="2595" end="2602" text="diursed" modality="TREATMENT" polarity="POS" type="TREATMENT" />
<EVENT id="E93" start="2616" end="2629" text="her CMED stay" modality="OCCURRENCE" polarity="POS" type="PROBLEM" />
<EVENT id="E94" start="2632" end="2641" text="Depending" modality="FACTUAL" polarity="POS" type="OCCURRENCE" />
<EVENT id="E95" start="2645" end="2652" text="her I/O" modality="FACTUAL" polarity="POS" type="TREATMENT" />
<EVENT id="E96" start="2655" end="2660" text="lasix" modality="TREATMENT" polarity="POS" type="TREATMENT" />
<EVENT id="E97" start="2665" end="2678" text="acetazolamide" modality="TREATMENT" polarity="POS" type="TREATMENT" />
<EVENT id="E98" start="2686" end="2695" text="decreased" modality="FACTUAL" polarity="POS" type="OCCURRENCE" />
<EVENT id="E99" start="2729" end="2741" text="decompensate" modality="PROBLEM" polarity="POS" type="OCCURRENCE" />
<EVENT id="E100" start="2745" end="2754" text="the rehab" modality="PROBLEM" polarity="POS" type="CLINICAL_DEPT" />
<EVENT id="E101" start="2787" end="2798" text="readdressed" modality="FACTUAL" polarity="POS" type="OCCURRENCE" />
<EVENT id="E1" start="29" end="38" text="Discharge" modality="OCCURRENCE" polarity="POS" type="OCCURRENCE" />
<EVENT id="E102" start="2807" end="2810" text="CAD" modality="PROBLEM" polarity="POS" type="TREATMENT" />
<EVENT id="E9" start="283" end="312" text="worsening CHF/volume overload" modality="PROBLEM" polarity="POS" type="PROBLEM" />
<EVENT id="E103" start="2824" end="2835" text="new changes" modality="PROBLEM" polarity="POS" type="PROBLEM" />
<EVENT id="E104" start="2839" end="2842" text="EKG" modality="TEST" polarity="POS" type="TEST" />
<EVENT id="E105" start="2879" end="2903" text="negative cardiac enzymes" modality="TEST" polarity="POS" type="PROBLEM" />
<EVENT id="E106" start="2926" end="2928" text="BB" modality="TREATMENT" polarity="POS" type="TREATMENT" />
<EVENT id="E107" start="2931" end="2934" text="ASA" modality="TREATMENT" polarity="POS" type="TREATMENT" />
<EVENT id="E108" start="2941" end="2949" text="nitrates" modality="TREATMENT" polarity="POS" type="TREATMENT" />
<EVENT id="E109" start="2954" end="2995" text="Acid / base status - Respiratory acidosis" modality="PROBLEM" polarity="POS" type="PROBLEM" />
<EVENT id="E110" start="3001" end="3023" text="metabolic compensation" modality="PROBLEM" polarity="POS" type="PROBLEM" />
<EVENT id="E111" start="3040" end="3047" text="chronic" modality="FACTUAL" polarity="POS" type="PROBLEM" />
<EVENT id="E112" start="3074" end="3096" text="metabolic compensation" modality="PROBLEM" polarity="POS" type="PROBLEM" />
<EVENT id="E113" start="3102" end="3117" text="acute component" modality="PROBLEM" polarity="POS" type="PROBLEM" />
<EVENT id="E114" start="3144" end="3149" text="BIPAP" modality="TREATMENT" polarity="POS" type="TREATMENT" />
<EVENT id="E115" start="3154" end="3158" text="pCO2" modality="FACTUAL" polarity="POS" type="TREATMENT" />
<EVENT id="E116" start="3209" end="3228" text="Renal insufficiency" modality="PROBLEM" polarity="POS" type="PROBLEM" />
<EVENT id="E117" start="3262" end="3265" text="CRI" modality="PROBLEM" polarity="POS" type="PROBLEM" />
<EVENT id="E118" start="3271" end="3273" text="DM" modality="PROBLEM" polarity="POS" type="PROBLEM" />
<EVENT id="E119" start="3276" end="3286" text="Creatinine" modality="TEST" polarity="POS" type="TEST" />
<EVENT id="E120" start="3294" end="3300" text="stable" modality="OCCURRENCE" polarity="POS" type="OCCURRENCE" />
<EVENT id="E121" start="3346" end="3357" text="medications" modality="TREATMENT" polarity="POS" type="PROBLEM" />
<EVENT id="E122" start="3362" end="3367" text="A fib" modality="PROBLEM" polarity="POS" type="PROBLEM" />
<EVENT id="E123" start="3380" end="3382" text="BB" modality="PROBLEM" polarity="POS" type="TREATMENT" />
<EVENT id="E124" start="3385" end="3412" text="Per cardiology consult recs" modality="OCCURRENCE" polarity="POS" type="PROBLEM" />
<EVENT id="E125" start="3415" end="3435" text="discontinued digoxin" modality="PROBLEM" polarity="POS" type="TREATMENT" />
<EVENT id="E126" start="3448" end="3458" text="amiodarone" modality="TREATMENT" polarity="POS" type="TREATMENT" />
<EVENT id="E127" start="3468" end="3480" text="elevated INR" modality="PROBLEM" polarity="POS" type="PROBLEM" />
<EVENT id="E128" start="3483" end="3491" text="coumadin" modality="TREATMENT" polarity="NEG" type="TREATMENT" />
<EVENT id="E10" start="353" end="368" text="supplemental O2" modality="TREATMENT" polarity="POS" type="TREATMENT" />
<EVENT id="E129" start="3540" end="3550" text="amiodarone" modality="TREATMENT" polarity="POS" type="TREATMENT" />
<EVENT id="E130" start="3612" end="3623" text="maintenance" modality="TREATMENT" polarity="POS" type="TREATMENT" />
<EVENT id="E131" start="3628" end="3649" text="DM - insulin standing" modality="PROBLEM" polarity="POS" type="PROBLEM" />
<EVENT id="E132" start="3652" end="3656" text="HISS" modality="PROBLEM" polarity="POS" type="PROBLEM" />
<EVENT id="E133" start="3659" end="3661" text="FS" modality="FACTUAL" polarity="POS" type="TREATMENT" />
<EVENT id="E134" start="3668" end="3678" text="Depression" modality="PROBLEM" polarity="POS" type="TREATMENT" />
<EVENT id="E11" start="372" end="377" text="rehab" modality="CLINICAL_DEPT" polarity="POS" type="CLINICAL_DEPT" />
<EVENT id="E135" start="3714" end="3717" text="NPO" modality="TREATMENT" polarity="POS" type="TREATMENT" />
<EVENT id="E136" start="3737" end="3742" text="BIPAP" modality="TREATMENT" polarity="POS" type="TREATMENT" />
<EVENT id="E137" start="3751" end="3774" text="low sodium cardiac diet" modality="TREATMENT" polarity="POS" type="PROBLEM" />
<EVENT id="E138" start="3779" end="3782" text="PPx" modality="TREATMENT" polarity="POS" type="TREATMENT" />
<EVENT id="E139" start="3785" end="3804" text="supratherpeutic INR" modality="TREATMENT" polarity="POS" type="TREATMENT" />
<EVENT id="E140" start="3829" end="3836" text="DNR/DNI" modality="TREATMENT" polarity="POS" type="TREATMENT" />
<EVENT id="E141" start="3842" end="3850" text="pressors" modality="FACTUAL" polarity="NEG" type="PROBLEM" />
<EVENT id="E142" start="3854" end="3874" text="central line per HCP" modality="TREATMENT" polarity="POS" type="PROBLEM" />
<EVENT id="E143" start="3892" end="3904" text="decompensate" modality="PROBLEM" polarity="POS" type="OCCURRENCE" />
<EVENT id="E144" start="3908" end="3917" text="the rehab" modality="PROBLEM" polarity="POS" type="CLINICAL_DEPT" />
<EVENT id="E145" start="3950" end="3960" text="readressed" modality="FACTUAL" polarity="POS" type="TREATMENT" />
<EVENT id="E146" start="4017" end="4021" text="cell" modality="TEST" polarity="POS" type="TEST" />
<EVENT id="E12" start="430" end="450" text="more short of breath" modality="PROBLEM" polarity="POS" type="PROBLEM" />
<EVENT id="E13" start="455" end="466" text="having sats" modality="PROBLEM" polarity="POS" type="PROBLEM" />
<EVENT id="E14" start="482" end="491" text="Her lasix" modality="TREATMENT" polarity="POS" type="TREATMENT" />
<EVENT id="E15" start="496" end="505" text="increased" modality="OCCURRENCE" polarity="POS" type="OCCURRENCE" />
<EVENT id="E16" start="547" end="552" text="noted" modality="EVIDENTIAL" polarity="POS" type="EVIDENTIAL" />
<EVENT id="E17" start="562" end="590" text="hypoxic respiratory distress" modality="PROBLEM" polarity="POS" type="PROBLEM" />
<EVENT id="E18" start="642" end="650" text="her sats" modality="TEST" polarity="POS" type="TEST" />
<EVENT id="E19" start="768" end="773" text="lasix" modality="TREATMENT" polarity="POS" type="TREATMENT" />
<EVENT id="E20" start="798" end="845" text="New England Sinai Hospital &amp; Rehab Center Rehab" modality="CLINICAL_DEPT" polarity="POS" type="CLINICAL_DEPT" />
<EVENT id="E21" start="860" end="886" text="Nantucket Cottage Hospital" modality="CLINICAL_DEPT" polarity="POS" type="CLINICAL_DEPT" />
<EVENT id="E22" start="891" end="909" text="further evaluation" modality="TEST" polarity="POS" type="TEST" />
<EVENT id="E23" start="937" end="953" text="additional lasix" modality="TREATMENT" polarity="POS" type="TREATMENT" />
<EVENT id="E24" start="970" end="981" text="nitro spray" modality="TREATMENT" polarity="POS" type="TREATMENT" />
<EVENT id="E25" start="991" end="1001" text="the Deanna" modality="CLINICAL_DEPT" polarity="POS" type="CLINICAL_DEPT" />
<TIMEX3 id="T12" start="1454" end="1462" text="few days" type="DURATION" val="P3D" mod="APPROX" />
<TIMEX3 id="T2" start="157" end="165" text="27 years" type="DURATION" val="P27Y" mod="NA" />
<TIMEX3 id="T0" start="18" end="28" text="2014-07-30" type="DATE" val="2014-07-30" mod="NA" />
<TIMEX3 id="T13" start="2359" end="2364" text="08-03" type="DATE" val="2014-08-03" mod="NA" />
<TIMEX3 id="T3" start="239" end="247" text="4-5 days" type="DURATION" val="P4.5D" mod="APPROX" />
<TIMEX3 id="T14" start="3126" end="3131" text="today" type="DATE" val="2014-08-04" mod="NA" />
<TIMEX3 id="T4" start="327" end="340" text="several weeks" type="DURATION" val="P3W" mod="APPROX" />
<TIMEX3 id="T15" start="3306" end="3313" text="1.3-1.5" type="DATE" val="1.3-1.5" mod="NA" />
<TIMEX3 id="T16" start="3563" end="3569" text="7 days" type="DURATION" val="P7D" mod="NA" />
<TIMEX3 id="T17" start="3602" end="3607" text="daily" type="FREQUENCY" val="RP1D" mod="NA" />
<TIMEX3 id="T5" start="385" end="402" text="the last few days" type="DURATION" val="the last few days" mod="APPROX" />
<TIMEX3 id="T1" start="46" end="56" text="2014-08-04" type="DATE" val="2014-08-04" mod="NA" />
<TIMEX3 id="T6" start="515" end="518" text="bid" type="FREQUENCY" val="RPT12H" mod="NA" />
<TIMEX3 id="T7" start="531" end="536" text="today" type="DATE" val="2014-08-04" mod="NA" />
<TIMEX3 id="T8" start="603" end="608" text="2L/NC" type="DATE" val="2L/NC" mod="NA" />
<TIMEX3 id="T9" start="713" end="730" text="the last few days" type="DURATION" val="the last few days" mod="APPROX" />
<TIMEX3 id="T10" start="746" end="751" text="today" type="DATE" val="2014-08-04" mod="NA" />
<TIMEX3 id="T11" start="982" end="985" text="x 2" type="FREQUENCY" val="R2" mod="NA" />
<SECTIME id="S0" start="18" end="28" text="2014-07-30" type="ADMISSION" dvalue="2014-07-30" />
<SECTIME id="S1" start="46" end="56" text="2014-08-04" type="DISCHARGE" dvalue="2014-08-04" />
</TAGS>
</ClinicalNarrativeTemporalAnnotation>
