<?xml version="1.0" encoding="UTF-8" ?>
<ClinicalNarrativeTemporalAnnotation>
<TEXT><![CDATA[
Admission Date :
2009-08-17
Discharge Date :
2009-09-10
Service :
BLUE GENERAL SURGERY
HISTORY OF PRESENT ILLNESS :
Mr. Cordano is a 58-year-old gentlemen with a past medical history significant for primary sclerosing cholangitis who presented with a chief complaint of endoscopic retrograde cholangiopancreatography endoscopic retrograde cholangiopancreatography and percutaneous transhepatic cholangiogram .
The most recent percutaneous transluminal coronary angioplasty was done in 2009-07-25 .
At the time an 8 Caucasian catheter was placed in the common hepatic/bioduct for external drainage .
The endoscopic retrograde cholangiopancreatography also showed the presence proximal common bile duct .
Nodularities in the common bile duct visualized by endoscopic retrograde cholangiopancreatography was also worrisome for cholangiocarcinoma and the patient was admitted to the Blue General Surgery Service for possible surgical interventions .
HOSPITAL COURSE :
Mr. Cordano was admitted on 2009-08-17 for a replacement of transhepatic biliary drainage catheter .
At that time , cholangiogram confirmed that there was a distal stricture of the common bile duct .
An endoscopic retrograde cholangiopancreatography also demonstrated similar findings
and it is noted there was nodularity in the common bile duct which is worrisome for cholangiocarcinoma .
Therefore , the patient was taken to the Operating Room on 2009-08-24 for a Whipple procedure versus hepaticojejunostomy .
On exploration of the abdomen revealed significant nodularity of the liver indicating of advanced cirrhosis .
Intraoperative frozen section of the distal and proximal common bile duct in the
region nodularity , which is identified previously by endoscopic retrograde cholangiopancreatography , and regional lymph nodes were all sent to pathology .
They were all negative for malignancy and therefore a hepaticojejunostomy
was performed .
Cholangiogram on postoperative day number two showed no evidence of leakage at the anastomosis site .
The patient tolerated the procedure well and he was sent to the floor in stable condition .
The patient 's postoperative course was notable for an elevation in white blood cell count peaking at 30.0 on postoperative day number two .
He was given Unasyn for empiric antibiotic treatment .
At the time , blood , urine and bile was sent for culture , which were all negative .
A chest x-ray was also negative for any pneumonia .
Postoperatively , Mr. Cordano also suffered from low urine output ranges between 25 to 30 cc per hour .
Fractional excretion of sodium was less than 1% suggesting a prerenal etiology .
The sodium creatinine peaked at 2.0 and the patient was treated with boluses of intravenous fluid and intravenous albumin infusion was also administered .
He responded well to this regimen and made adequate urine output .
At the same time , the patient also developed distentions of the abdomen consistent with accumulation of ascitic fluid .
He also had significant lower extremity and scrotum edema .
On postoperative day number eight , the patient 's oxygen saturation dropped to 85% on room air and he was transferred to the Surgical Intensive Care Unit for fluid management .
Chest x-ray and sputum culture obtained at the time were negative and the patient was treated with 100% nonrebreather which improved his oxygenation .
While he is in the Surgical Intensive Care Unit , paracentesis was performed and it
revealed greater than 24,000 white blood cell count in the ascites which is consistent with SVT .
He was given Zosyn for empiric treatment .
Gram stain and culture of the ascites failed to identify any organism .
He was weaned from oxygen requirement and was continued on normal saline boluses and
intravenous albumin for treatment of prerenal azotemia .
Somatostatin and midodrine were also given for this condition and he also received packed red blood cells .
On postoperative day number ten , the patient returned to the floor with improved renal function and without oxygen requirement .
The somatostatin and the midodrine were discontinued and the regimen of Lasix and spironolactone was started for diuresis .
His creatinine levels trended toward normal and the fractional excretion of sodium also increased indicating a resolution of the prerenal kidney failure .
On postoperative day number 17 , the patient was discharged .
At the time he took good po .
He has a PICC line in place for continued treatment with Rocephin and he will have a visiting nurse to help him to administer these medications .
While in the hospital , the patient received initial work-up including echocardiogram , electrocardiogram and serology studies to be listed for liver transplant .
]]></TEXT>
<TAGS>
<EVENT id="E0" start="1" end="10" text="Admission" modality="FACTUAL" polarity="POS" type="OCCURRENCE" />
<EVENT id="E9" start="1008" end="1063" text="a replacement of transhepatic biliary drainage catheter" modality="FACTUAL" polarity="POS" type="TREATMENT" />
<EVENT id="E10" start="1081" end="1094" text="cholangiogram" modality="FACTUAL" polarity="POS" type="TEST" />
<EVENT id="E11" start="1120" end="1162" text="a distal stricture of the common bile duct" modality="FACTUAL" polarity="POS" type="PROBLEM" />
<EVENT id="E12" start="1165" end="1214" text="An endoscopic retrograde cholangiopancreatography" modality="FACTUAL" polarity="POS" type="TEST" />
<EVENT id="E81" start="1220" end="1232" text="demonstrated" modality="FACTUAL" polarity="POS" type="EVIDENTIAL" />
<EVENT id="E89" start="1233" end="1249" text="similar findings" modality="FACTUAL" polarity="POS" type="PROBLEM" />
<EVENT id="E13" start="1276" end="1310" text="nodularity in the common bile duct" modality="FACTUAL" polarity="POS" type="PROBLEM" />
<EVENT id="E14" start="1334" end="1352" text="cholangiocarcinoma" modality="POSSIBLE" polarity="POS" type="PROBLEM" />
<EVENT id="E72" start="1392" end="1410" text="the Operating Room" modality="FACTUAL" polarity="POS" type="CLINICAL_DEPT" />
<EVENT id="E90" start="1429" end="1448" text="a Whipple procedure" modality="POSSIBLE" polarity="POS" type="TREATMENT" />
<EVENT id="E91" start="1456" end="1475" text="hepaticojejunostomy" modality="POSSIBLE" polarity="POS" type="TREATMENT" />
<EVENT id="E15" start="1481" end="1507" text="exploration of the abdomen" modality="FACTUAL" polarity="POS" type="TEST" />
<EVENT id="E73" start="1508" end="1516" text="revealed" modality="FACTUAL" polarity="POS" type="EVIDENTIAL" />
<EVENT id="E16" start="1517" end="1552" text="significant nodularity of the liver" modality="FACTUAL" polarity="POS" type="PROBLEM" />
<EVENT id="E128" start="1567" end="1585" text="advanced cirrhosis" modality="FACTUAL" polarity="POS" type="PROBLEM" />
<EVENT id="E92" start="1621" end="1661" text="the distal and proximal common bile duct" modality="FACTUAL" polarity="POS" type="TEST" />
<EVENT id="E18" start="1723" end="1769" text="endoscopic retrograde cholangiopancreatography" modality="FACTUAL" polarity="POS" type="TEST" />
<EVENT id="E93" start="1776" end="1796" text="regional lymph nodes" modality="FACTUAL" polarity="POS" type="TEST" />
<EVENT id="E94" start="1814" end="1823" text="pathology" modality="FACTUAL" polarity="POS" type="CLINICAL_DEPT" />
<EVENT id="E19" start="1853" end="1863" text="malignancy" modality="FACTUAL" polarity="NEG" type="PROBLEM" />
<EVENT id="E20" start="1878" end="1899" text="a hepaticojejunostomy" modality="FACTUAL" polarity="POS" type="TREATMENT" />
<EVENT id="E21" start="1916" end="1929" text="Cholangiogram" modality="FACTUAL" polarity="POS" type="TEST" />
<EVENT id="E82" start="1962" end="1968" text="showed" modality="FACTUAL" polarity="POS" type="EVIDENTIAL" />
<EVENT id="E95" start="1984" end="2015" text="leakage at the anastomosis site" modality="FACTUAL" polarity="NEG" type="PROBLEM" />
<EVENT id="E1" start="200" end="230" text="primary sclerosing cholangitis" modality="FACTUAL" polarity="POS" type="PROBLEM" />
<EVENT id="E22" start="2040" end="2053" text="the procedure" modality="FACTUAL" polarity="POS" type="TREATMENT" />
<EVENT id="E74" start="2078" end="2087" text="the floor" modality="FACTUAL" polarity="POS" type="CLINICAL_DEPT" />
<EVENT id="E75" start="2091" end="2107" text="stable condition" modality="FACTUAL" polarity="POS" type="OCCURRENCE" />
<EVENT id="E96" start="2125" end="2145" text="postoperative course" modality="FACTUAL" polarity="POS" type="OCCURRENCE" />
<EVENT id="E97" start="2178" end="2200" text="white blood cell count" modality="FACTUAL" polarity="POS" type="TEST" />
<EVENT id="E23" start="2264" end="2270" text="Unasyn" modality="FACTUAL" polarity="POS" type="TREATMENT" />
<EVENT id="E24" start="2275" end="2303" text="empiric antibiotic treatment" modality="FACTUAL" polarity="POS" type="TREATMENT" />
<EVENT id="E98" start="2320" end="2325" text="blood" modality="FACTUAL" polarity="POS" type="TEST" />
<EVENT id="E99" start="2328" end="2333" text="urine" modality="FACTUAL" polarity="POS" type="TEST" />
<EVENT id="E100" start="2338" end="2342" text="bile" modality="FACTUAL" polarity="POS" type="TEST" />
<EVENT id="E67" start="235" end="244" text="presented" modality="FACTUAL" polarity="POS" type="OCCURRENCE" />
<EVENT id="E101" start="2356" end="2363" text="culture" modality="FACTUAL" polarity="NEG" type="TEST" />
<EVENT id="E102" start="2377" end="2389" text="all negative" modality="FACTUAL" polarity="POS" type="EVIDENTIAL" />
<EVENT id="E25" start="2392" end="2405" text="A chest x-ray" modality="FACTUAL" polarity="POS" type="TEST" />
<EVENT id="E26" start="2428" end="2441" text="any pneumonia" modality="FACTUAL" polarity="NEG" type="PROBLEM" />
<EVENT id="E27" start="2493" end="2509" text="low urine output" modality="FACTUAL" polarity="POS" type="PROBLEM" />
<EVENT id="E85" start="252" end="267" text="chief complaint" modality="FACTUAL" polarity="POS" type="EVIDENTIAL" />
<EVENT id="E28" start="2548" end="2578" text="Fractional excretion of sodium" modality="FACTUAL" polarity="POS" type="TEST" />
<EVENT id="E103" start="2607" end="2626" text="a prerenal etiology" modality="POSSIBLE" polarity="POS" type="PROBLEM" />
<EVENT id="E29" start="2629" end="2650" text="The sodium creatinine" modality="FACTUAL" polarity="POS" type="TEST" />
<EVENT id="E30" start="2698" end="2726" text="boluses of intravenous fluid" modality="FACTUAL" polarity="POS" type="TREATMENT" />
<EVENT id="E86" start="271" end="317" text="endoscopic retrograde cholangiopancreatography" modality="FACTUAL" polarity="POS" type="TEST" />
<EVENT id="E31" start="2731" end="2759" text="intravenous albumin infusion" modality="FACTUAL" polarity="POS" type="TREATMENT" />
<EVENT id="E83" start="2787" end="2801" text="responded well" modality="FACTUAL" polarity="POS" type="OCCURRENCE" />
<EVENT id="E32" start="2805" end="2817" text="this regimen" modality="FACTUAL" polarity="POS" type="TREATMENT" />
<EVENT id="E104" start="2827" end="2848" text="adequate urine output" modality="FACTUAL" polarity="POS" type="OCCURRENCE" />
<EVENT id="E33" start="2897" end="2923" text="distentions of the abdomen" modality="FACTUAL" polarity="POS" type="PROBLEM" />
<EVENT id="E84" start="29" end="38" text="Discharge" modality="FACTUAL" polarity="POS" type="OCCURRENCE" />
<EVENT id="E34" start="2940" end="2969" text="accumulation of ascitic fluid" modality="FACTUAL" polarity="POS" type="PROBLEM" />
<EVENT id="E35" start="2984" end="3029" text="significant lower extremity and scrotum edema" modality="FACTUAL" polarity="POS" type="PROBLEM" />
<EVENT id="E36" start="3068" end="3100" text="the patient 's oxygen saturation" modality="FACTUAL" polarity="POS" type="TEST" />
<EVENT id="E76" start="3139" end="3150" text="transferred" modality="FACTUAL" polarity="POS" type="OCCURRENCE" />
<EVENT id="E77" start="3154" end="3186" text="the Surgical Intensive Care Unit" modality="FACTUAL" polarity="POS" type="CLINICAL_DEPT" />
<EVENT id="E37" start="3191" end="3207" text="fluid management" modality="FACTUAL" polarity="POS" type="TREATMENT" />
<EVENT id="E38" start="3210" end="3221" text="Chest x-ray" modality="FACTUAL" polarity="POS" type="TEST" />
<EVENT id="E39" start="3226" end="3240" text="sputum culture" modality="FACTUAL" polarity="POS" type="TEST" />
<EVENT id="E40" start="3309" end="3327" text="100% nonrebreather" modality="FACTUAL" polarity="POS" type="TREATMENT" />
<EVENT id="E41" start="3343" end="3358" text="his oxygenation" modality="FACTUAL" polarity="POS" type="TEST" />
<EVENT id="E78" start="3376" end="3408" text="the Surgical Intensive Care Unit" modality="FACTUAL" polarity="POS" type="CLINICAL_DEPT" />
<EVENT id="E42" start="3411" end="3423" text="paracentesis" modality="FACTUAL" polarity="POS" type="TEST" />
<EVENT id="E79" start="3445" end="3453" text="revealed" modality="FACTUAL" polarity="POS" type="EVIDENTIAL" />
<EVENT id="E43" start="3474" end="3496" text="white blood cell count" modality="FACTUAL" polarity="POS" type="TEST" />
<EVENT id="E44" start="3500" end="3511" text="the ascites" modality="FACTUAL" polarity="POS" type="PROBLEM" />
<EVENT id="E45" start="3537" end="3540" text="SVT" modality="FACTUAL" polarity="POS" type="PROBLEM" />
<EVENT id="E46" start="3556" end="3561" text="Zosyn" modality="FACTUAL" polarity="POS" type="TREATMENT" />
<EVENT id="E47" start="3566" end="3583" text="empiric treatment" modality="FACTUAL" polarity="POS" type="TREATMENT" />
<EVENT id="E48" start="3586" end="3596" text="Gram stain" modality="FACTUAL" polarity="POS" type="TEST" />
<EVENT id="E49" start="3601" end="3608" text="culture" modality="FACTUAL" polarity="POS" type="TEST" />
<EVENT id="E50" start="3612" end="3623" text="the ascites" modality="FACTUAL" polarity="POS" type="PROBLEM" />
<EVENT id="E51" start="3643" end="3655" text="any organism" modality="FACTUAL" polarity="NEG" type="PROBLEM" />
<EVENT id="E105" start="3665" end="3671" text="weaned" modality="FACTUAL" polarity="POS" type="OCCURRENCE" />
<EVENT id="E52" start="3677" end="3695" text="oxygen requirement" modality="FACTUAL" polarity="POS" type="PROBLEM" />
<EVENT id="E87" start="369" end="408" text="percutaneous transhepatic cholangiogram" modality="FACTUAL" polarity="POS" type="TEST" />
<EVENT id="E53" start="3717" end="3738" text="normal saline boluses" modality="FACTUAL" polarity="POS" type="TREATMENT" />
<EVENT id="E54" start="3743" end="3762" text="intravenous albumin" modality="FACTUAL" polarity="POS" type="TREATMENT" />
<EVENT id="E55" start="3780" end="3797" text="prerenal azotemia" modality="FACTUAL" polarity="POS" type="PROBLEM" />
<EVENT id="E106" start="3800" end="3812" text="Somatostatin" modality="FACTUAL" polarity="POS" type="TREATMENT" />
<EVENT id="E107" start="3817" end="3826" text="midodrine" modality="FACTUAL" polarity="POS" type="TREATMENT" />
<EVENT id="E108" start="3847" end="3861" text="this condition" modality="FACTUAL" polarity="POS" type="PROBLEM" />
<EVENT id="E109" start="3883" end="3905" text="packed red blood cells" modality="FACTUAL" polarity="POS" type="TREATMENT" />
<EVENT id="E80" start="3966" end="3975" text="the floor" modality="FACTUAL" polarity="POS" type="CLINICAL_DEPT" />
<EVENT id="E110" start="3981" end="4004" text="improved renal function" modality="FACTUAL" polarity="POS" type="OCCURRENCE" />
<EVENT id="E111" start="4017" end="4035" text="oxygen requirement" modality="FACTUAL" polarity="NEG" type="PROBLEM" />
<EVENT id="E112" start="4038" end="4054" text="The somatostatin" modality="FACTUAL" polarity="POS" type="TREATMENT" />
<EVENT id="E113" start="4059" end="4072" text="the midodrine" modality="FACTUAL" polarity="POS" type="TREATMENT" />
<EVENT id="E114" start="4078" end="4090" text="discontinued" modality="FACTUAL" polarity="POS" type="OCCURRENCE" />
<EVENT id="E2" start="411" end="473" text="The most recent percutaneous transluminal coronary angioplasty" modality="FACTUAL" polarity="POS" type="TREATMENT" />
<EVENT id="E56" start="4110" end="4115" text="Lasix" modality="FACTUAL" polarity="POS" type="TREATMENT" />
<EVENT id="E57" start="4120" end="4134" text="spironolactone" modality="FACTUAL" polarity="POS" type="TREATMENT" />
<EVENT id="E115" start="4139" end="4146" text="started" modality="FACTUAL" polarity="POS" type="OCCURRENCE" />
<EVENT id="E116" start="4151" end="4159" text="diuresis" modality="FACTUAL" polarity="POS" type="TREATMENT" />
<EVENT id="E58" start="4162" end="4183" text="His creatinine levels" modality="FACTUAL" polarity="POS" type="TEST" />
<EVENT id="E117" start="4184" end="4205" text="trended toward normal" modality="FACTUAL" polarity="POS" type="OCCURRENCE" />
<EVENT id="E59" start="4210" end="4244" text="the fractional excretion of sodium" modality="FACTUAL" polarity="POS" type="TEST" />
<EVENT id="E118" start="4250" end="4270" text="increased indicating" modality="FACTUAL" polarity="POS" type="EVIDENTIAL" />
<EVENT id="E119" start="4287" end="4314" text="the prerenal kidney failure" modality="FACTUAL" polarity="POS" type="PROBLEM" />
<EVENT id="E120" start="4366" end="4376" text="discharged" modality="FACTUAL" polarity="POS" type="OCCURRENCE" />
<EVENT id="E121" start="4399" end="4406" text="good po" modality="FACTUAL" polarity="POS" type="OCCURRENCE" />
<EVENT id="E60" start="4416" end="4427" text="a PICC line" modality="FACTUAL" polarity="POS" type="TREATMENT" />
<EVENT id="E61" start="4466" end="4474" text="Rocephin" modality="FACTUAL" polarity="POS" type="TREATMENT" />
<EVENT id="E122" start="4512" end="4534" text="help him to administer" modality="FACTUAL" polarity="POS" type="TREATMENT" />
<EVENT id="E62" start="4535" end="4552" text="these medications" modality="FACTUAL" polarity="POS" type="TREATMENT" />
<EVENT id="E123" start="4564" end="4576" text="the hospital" modality="FACTUAL" polarity="POS" type="CLINICAL_DEPT" />
<EVENT id="E63" start="4600" end="4615" text="initial work-up" modality="FACTUAL" polarity="POS" type="TEST" />
<EVENT id="E64" start="4626" end="4640" text="echocardiogram" modality="FACTUAL" polarity="POS" type="TEST" />
<EVENT id="E65" start="4643" end="4660" text="electrocardiogram" modality="FACTUAL" polarity="POS" type="TEST" />
<EVENT id="E66" start="4665" end="4681" text="serology studies" modality="FACTUAL" polarity="POS" type="TEST" />
<EVENT id="E124" start="4699" end="4715" text="liver transplant" modality="CONDITIONAL" polarity="POS" type="TREATMENT" />
<EVENT id="E3" start="511" end="534" text="an 8 Caucasian catheter" modality="FACTUAL" polarity="POS" type="TREATMENT" />
<EVENT id="E4" start="580" end="597" text="external drainage" modality="FACTUAL" polarity="POS" type="TREATMENT" />
<EVENT id="E5" start="600" end="650" text="The endoscopic retrograde cholangiopancreatography" modality="FACTUAL" polarity="POS" type="TEST" />
<EVENT id="E68" start="656" end="662" text="showed" modality="FACTUAL" polarity="POS" type="EVIDENTIAL" />
<EVENT id="E125" start="676" end="701" text="proximal common bile duct" modality="FACTUAL" polarity="POS" type="PROBLEM" />
<EVENT id="E6" start="704" end="740" text="Nodularities in the common bile duct" modality="FACTUAL" polarity="POS" type="PROBLEM" />
<EVENT id="E7" start="755" end="801" text="endoscopic retrograde cholangiopancreatography" modality="FACTUAL" polarity="POS" type="TEST" />
<EVENT id="E88" start="825" end="843" text="cholangiocarcinoma" modality="POSSIBLE" polarity="POS" type="PROBLEM" />
<EVENT id="E69" start="864" end="872" text="admitted" modality="FACTUAL" polarity="POS" type="OCCURRENCE" />
<EVENT id="E70" start="876" end="908" text="the Blue General Surgery Service" modality="FACTUAL" polarity="POS" type="CLINICAL_DEPT" />
<EVENT id="E8" start="922" end="944" text="surgical interventions" modality="POSSIBLE" polarity="POS" type="TREATMENT" />
<EVENT id="E71" start="981" end="989" text="admitted" modality="FACTUAL" polarity="POS" type="OCCURRENCE" />
<TIMEX3 id="T10" start="1069" end="1078" text="that time" type="DATE" val="2009-08-17" mod="NA" />
<TIMEX3 id="T5" start="1414" end="1424" text="2009-08-24" type="DATE" val="2009-08-24" mod="NA" />
<TIMEX3 id="T1" start="18" end="28" text="2009-08-17" type="DATE" val="2009-08-17" mod="NA" />
<TIMEX3 id="T6" start="1933" end="1961" text="postoperative day number two" type="DATE" val="2009-08-26" mod="NA" />
<TIMEX3 id="T7" start="2220" end="2248" text="postoperative day number two" type="DATE" val="2009-08-26" mod="NA" />
<TIMEX3 id="T11" start="2309" end="2317" text="the time" type="DATE" val="2009-08-26" mod="NA" />
<TIMEX3 id="T12" start="2854" end="2867" text="the same time" type="DATE" val="2009-08-26" mod="NA" />
<TIMEX3 id="T8" start="3035" end="3065" text="postoperative day number eight" type="DATE" val="2009-09-01" mod="NA" />
<TIMEX3 id="T13" start="3253" end="3261" text="the time" type="DATE" val="2009-09-01" mod="NA" />
<TIMEX3 id="T9" start="3911" end="3939" text="postoperative day number ten" type="DATE" val="2009-09-03" mod="NA" />
<TIMEX3 id="T14" start="4320" end="4347" text="postoperative day number 17" type="DATE" val="2009-09-10" mod="NA" />
<TIMEX3 id="T15" start="4382" end="4390" text="the time" type="DATE" val="2009-09-10" mod="NA" />
<TIMEX3 id="T2" start="46" end="56" text="2009-09-10" type="DATE" val="2009-09-10" mod="NA" />
<TIMEX3 id="T3" start="486" end="496" text="2009-07-25" type="DATE" val="2009-07-25" mod="NA" />
<TIMEX3 id="T0" start="502" end="510" text="the time" type="DATE" val="2009-07-25" mod="NA" />
<TIMEX3 id="T4" start="993" end="1003" text="2009-08-17" type="DATE" val="2009-08-17" mod="NA" />
<TLINK id="TL0" fromID="E0" fromText="Admission" toID="T1" toText="2009-08-17" type="OVERLAP" />
<TLINK id="TL1" fromID="E1" fromText="primary sclerosing cholangitis" toID="E67" toText="presented" type="BEFORE" />
<TLINK id="TL10" fromID="E3" fromText="an 8 Caucasian catheter" toID="T3" toText="2009-07-25" type="OVERLAP" />
<TLINK id="TL100" fromID="E25" fromText="A chest x-ray" toID="E102" toText="all negative" type="OVERLAP" />
<TLINK id="TL101" fromID="E99" fromText="urine" toID="E27" toText="low urine output" type="OVERLAP" />
<TLINK id="TL102" fromID="E27" fromText="low urine output" toID="E104" toText="adequate urine output" type="OVERLAP" />
<TLINK id="TL103" fromID="E28" fromText="Fractional excretion of sodium" toID="E29" toText="The sodium creatinine" type="OVERLAP" />
<TLINK id="TL104" fromID="E28" fromText="Fractional excretion of sodium" toID="E59" toText="the fractional excretion of sodium" type="OVERLAP" />
<TLINK id="TL105" fromID="E29" fromText="The sodium creatinine" toID="E58" toText="His creatinine levels" type="OVERLAP" />
<TLINK id="TL106" fromID="E29" fromText="The sodium creatinine" toID="E59" toText="the fractional excretion of sodium" type="OVERLAP" />
<TLINK id="TL107" fromID="E29" fromText="The sodium creatinine" toID="E103" toText="a prerenal etiology" type="OVERLAP" />
<TLINK id="TL108" fromID="E103" fromText="a prerenal etiology" toID="E29" toText="The sodium creatinine" type="OVERLAP" />
<TLINK id="TL109" fromID="E30" fromText="boluses of intravenous fluid" toID="E31" toText="intravenous albumin infusion" type="OVERLAP" />
<TLINK id="TL11" fromID="E3" fromText="an 8 Caucasian catheter" toID="T0" toText="the time" type="OVERLAP" />
<TLINK id="TL110" fromID="E30" fromText="boluses of intravenous fluid" toID="E34" toText="accumulation of ascitic fluid" type="OVERLAP" />
<TLINK id="TL111" fromID="E30" fromText="boluses of intravenous fluid" toID="E37" toText="fluid management" type="OVERLAP" />
<TLINK id="TL112" fromID="E30" fromText="boluses of intravenous fluid" toID="E53" toText="normal saline boluses" type="OVERLAP" />
<TLINK id="TL113" fromID="E30" fromText="boluses of intravenous fluid" toID="E54" toText="intravenous albumin" type="OVERLAP" />
<TLINK id="TL114" fromID="E31" fromText="intravenous albumin infusion" toID="E30" toText="boluses of intravenous fluid" type="OVERLAP" />
<TLINK id="TL115" fromID="E31" fromText="intravenous albumin infusion" toID="E54" toText="intravenous albumin" type="OVERLAP" />
<TLINK id="TL116" fromID="E83" fromText="responded well" toID="E32" toText="this regimen" type="OVERLAP" />
<TLINK id="TL117" fromID="E32" fromText="this regimen" toID="E83" toText="responded well" type="OVERLAP" />
<TLINK id="TL118" fromID="E32" fromText="this regimen" toID="E104" toText="adequate urine output" type="OVERLAP" />
<TLINK id="TL119" fromID="E104" fromText="adequate urine output" toID="E32" toText="this regimen" type="OVERLAP" />
<TLINK id="TL12" fromID="E9" fromText="a replacement of transhepatic biliary drainage catheter" toID="E4" toText="external drainage" type="OVERLAP" />
<TLINK id="TL120" fromID="E33" fromText="distentions of the abdomen" toID="E34" toText="accumulation of ascitic fluid" type="OVERLAP" />
<TLINK id="TL121" fromID="E34" fromText="accumulation of ascitic fluid" toID="E33" toText="distentions of the abdomen" type="OVERLAP" />
<TLINK id="TL122" fromID="E34" fromText="accumulation of ascitic fluid" toID="E37" toText="fluid management" type="OVERLAP" />
<TLINK id="TL123" fromID="E35" fromText="significant lower extremity and scrotum edema" toID="E34" toText="accumulation of ascitic fluid" type="OVERLAP" />
<TLINK id="TL124" fromID="E34" fromText="accumulation of ascitic fluid" toID="E35" toText="significant lower extremity and scrotum edema" type="OVERLAP" />
<TLINK id="TL125" fromID="E35" fromText="significant lower extremity and scrotum edema" toID="T8" toText="postoperative day number eight" type="OVERLAP" />
<TLINK id="TL126" fromID="E36" fromText="the patient 's oxygen saturation" toID="E41" toText="his oxygenation" type="OVERLAP" />
<TLINK id="TL127" fromID="E36" fromText="the patient 's oxygen saturation" toID="E52" toText="oxygen requirement" type="OVERLAP" />
<TLINK id="TL128" fromID="E36" fromText="the patient 's oxygen saturation" toID="E111" toText="oxygen requirement" type="OVERLAP" />
<TLINK id="TL129" fromID="E36" fromText="the patient 's oxygen saturation" toID="T8" toText="postoperative day number eight" type="OVERLAP" />
<TLINK id="TL13" fromID="E4" fromText="external drainage" toID="E5" toText="The endoscopic retrograde cholangiopancreatography" type="OVERLAP" />
<TLINK id="TL130" fromID="E77" fromText="the Surgical Intensive Care Unit" toID="E37" toText="fluid management" type="OVERLAP" />
<TLINK id="TL131" fromID="E37" fromText="fluid management" toID="E76" toText="transferred" type="AFTER" />
<TLINK id="TL132" fromID="E37" fromText="fluid management" toID="E77" toText="the Surgical Intensive Care Unit" type="OVERLAP" />
<TLINK id="TL133" fromID="E37" fromText="fluid management" toID="E38" toText="Chest x-ray" type="OVERLAP" />
<TLINK id="TL134" fromID="E38" fromText="Chest x-ray" toID="E37" toText="fluid management" type="OVERLAP" />
<TLINK id="TL135" fromID="E39" fromText="sputum culture" toID="E37" toText="fluid management" type="OVERLAP" />
<TLINK id="TL136" fromID="E38" fromText="Chest x-ray" toID="E77" toText="the Surgical Intensive Care Unit" type="OVERLAP" />
<TLINK id="TL137" fromID="E38" fromText="Chest x-ray" toID="E39" toText="sputum culture" type="OVERLAP" />
<TLINK id="TL138" fromID="E38" fromText="Chest x-ray" toID="T13" toText="the time" type="OVERLAP" />
<TLINK id="TL139" fromID="E39" fromText="sputum culture" toID="E38" toText="Chest x-ray" type="OVERLAP" />
<TLINK id="TL14" fromID="E5" fromText="The endoscopic retrograde cholangiopancreatography" toID="E4" toText="external drainage" type="OVERLAP" />
<TLINK id="TL140" fromID="E101" fromText="culture" toID="E39" toText="sputum culture" type="OVERLAP" />
<TLINK id="TL141" fromID="E39" fromText="sputum culture" toID="E49" toText="culture" type="OVERLAP" />
<TLINK id="TL142" fromID="E39" fromText="sputum culture" toID="T13" toText="the time" type="OVERLAP" />
<TLINK id="TL143" fromID="E40" fromText="100% nonrebreather" toID="E41" toText="his oxygenation" type="OVERLAP" />
<TLINK id="TL144" fromID="E41" fromText="his oxygenation" toID="E40" toText="100% nonrebreather" type="OVERLAP" />
<TLINK id="TL145" fromID="E41" fromText="his oxygenation" toID="E52" toText="oxygen requirement" type="OVERLAP" />
<TLINK id="TL146" fromID="E41" fromText="his oxygenation" toID="E111" toText="oxygen requirement" type="OVERLAP" />
<TLINK id="TL147" fromID="E41" fromText="his oxygenation" toID="E77" toText="the Surgical Intensive Care Unit" type="OVERLAP" />
<TLINK id="TL148" fromID="E41" fromText="his oxygenation" toID="E78" toText="the Surgical Intensive Care Unit" type="OVERLAP" />
<TLINK id="TL149" fromID="E79" fromText="revealed" toID="E42" toText="paracentesis" type="OVERLAP" />
<TLINK id="TL15" fromID="E12" fromText="An endoscopic retrograde cholangiopancreatography" toID="E5" toText="The endoscopic retrograde cholangiopancreatography" type="OVERLAP" />
<TLINK id="TL150" fromID="E78" fromText="the Surgical Intensive Care Unit" toID="E42" toText="paracentesis" type="OVERLAP" />
<TLINK id="TL151" fromID="E42" fromText="paracentesis" toID="E79" toText="revealed" type="OVERLAP" />
<TLINK id="TL152" fromID="E42" fromText="paracentesis" toID="E78" toText="the Surgical Intensive Care Unit" type="OVERLAP" />
<TLINK id="TL153" fromID="E97" fromText="white blood cell count" toID="E43" toText="white blood cell count" type="OVERLAP" />
<TLINK id="TL154" fromID="E98" fromText="blood" toID="E43" toText="white blood cell count" type="OVERLAP" />
<TLINK id="TL155" fromID="E43" fromText="white blood cell count" toID="E109" toText="packed red blood cells" type="OVERLAP" />
<TLINK id="TL156" fromID="E79" fromText="revealed" toID="E43" toText="white blood cell count" type="OVERLAP" />
<TLINK id="TL157" fromID="E43" fromText="white blood cell count" toID="E79" toText="revealed" type="OVERLAP" />
<TLINK id="TL158" fromID="E43" fromText="white blood cell count" toID="E44" toText="the ascites" type="OVERLAP" />
<TLINK id="TL159" fromID="E44" fromText="the ascites" toID="E43" toText="white blood cell count" type="OVERLAP" />
<TLINK id="TL16" fromID="E18" fromText="endoscopic retrograde cholangiopancreatography" toID="E5" toText="The endoscopic retrograde cholangiopancreatography" type="OVERLAP" />
<TLINK id="TL160" fromID="E44" fromText="the ascites" toID="E50" toText="the ascites" type="OVERLAP" />
<TLINK id="TL161" fromID="E46" fromText="Zosyn" toID="E47" toText="empiric treatment" type="OVERLAP" />
<TLINK id="TL162" fromID="E47" fromText="empiric treatment" toID="E46" toText="Zosyn" type="OVERLAP" />
<TLINK id="TL163" fromID="E47" fromText="empiric treatment" toID="E48" toText="Gram stain" type="OVERLAP" />
<TLINK id="TL164" fromID="E48" fromText="Gram stain" toID="E47" toText="empiric treatment" type="OVERLAP" />
<TLINK id="TL165" fromID="E48" fromText="Gram stain" toID="E87" toText="percutaneous transhepatic cholangiogram" type="OVERLAP" />
<TLINK id="TL166" fromID="E48" fromText="Gram stain" toID="E64" toText="echocardiogram" type="OVERLAP" />
<TLINK id="TL167" fromID="E48" fromText="Gram stain" toID="E65" toText="electrocardiogram" type="OVERLAP" />
<TLINK id="TL168" fromID="E48" fromText="Gram stain" toID="E49" toText="culture" type="OVERLAP" />
<TLINK id="TL169" fromID="E48" fromText="Gram stain" toID="E50" toText="the ascites" type="OVERLAP" />
<TLINK id="TL17" fromID="E86" fromText="endoscopic retrograde cholangiopancreatography" toID="E5" toText="The endoscopic retrograde cholangiopancreatography" type="OVERLAP" />
<TLINK id="TL170" fromID="E49" fromText="culture" toID="E48" toText="Gram stain" type="OVERLAP" />
<TLINK id="TL171" fromID="E50" fromText="the ascites" toID="E48" toText="Gram stain" type="BEFORE" />
<TLINK id="TL172" fromID="E101" fromText="culture" toID="E49" toText="culture" type="OVERLAP" />
<TLINK id="TL173" fromID="E49" fromText="culture" toID="E50" toText="the ascites" type="OVERLAP" />
<TLINK id="TL174" fromID="E50" fromText="the ascites" toID="E49" toText="culture" type="OVERLAP" />
<TLINK id="TL175" fromID="E50" fromText="the ascites" toID="E51" toText="any organism" type="OVERLAP" />
<TLINK id="TL176" fromID="E51" fromText="any organism" toID="E50" toText="the ascites" type="OVERLAP" />
<TLINK id="TL177" fromID="E51" fromText="any organism" toID="E105" toText="weaned" type="BEFORE" />
<TLINK id="TL178" fromID="E51" fromText="any organism" toID="E52" toText="oxygen requirement" type="OVERLAP" />
<TLINK id="TL179" fromID="E105" fromText="weaned" toID="E51" toText="any organism" type="OVERLAP" />
<TLINK id="TL18" fromID="E5" fromText="The endoscopic retrograde cholangiopancreatography" toID="E7" toText="endoscopic retrograde cholangiopancreatography" type="OVERLAP" />
<TLINK id="TL180" fromID="E52" fromText="oxygen requirement" toID="E111" toText="oxygen requirement" type="OVERLAP" />
<TLINK id="TL181" fromID="E105" fromText="weaned" toID="E52" toText="oxygen requirement" type="OVERLAP" />
<TLINK id="TL182" fromID="E52" fromText="oxygen requirement" toID="E105" toText="weaned" type="BEFORE" />
<TLINK id="TL183" fromID="E52" fromText="oxygen requirement" toID="E53" toText="normal saline boluses" type="BEFORE" />
<TLINK id="TL184" fromID="E53" fromText="normal saline boluses" toID="E52" toText="oxygen requirement" type="OVERLAP" />
<TLINK id="TL185" fromID="E53" fromText="normal saline boluses" toID="E117" toText="trended toward normal" type="OVERLAP" />
<TLINK id="TL186" fromID="E53" fromText="normal saline boluses" toID="E60" toText="a PICC line" type="OVERLAP" />
<TLINK id="TL187" fromID="E54" fromText="intravenous albumin" toID="E53" toText="normal saline boluses" type="OVERLAP" />
<TLINK id="TL188" fromID="E105" fromText="weaned" toID="E53" toText="normal saline boluses" type="OVERLAP" />
<TLINK id="TL189" fromID="E53" fromText="normal saline boluses" toID="E54" toText="intravenous albumin" type="OVERLAP" />
<TLINK id="TL19" fromID="E5" fromText="The endoscopic retrograde cholangiopancreatography" toID="E68" toText="showed" type="OVERLAP" />
<TLINK id="TL190" fromID="E53" fromText="normal saline boluses" toID="E105" toText="weaned" type="BEFORE" />
<TLINK id="TL191" fromID="E54" fromText="intravenous albumin" toID="E55" toText="prerenal azotemia" type="OVERLAP" />
<TLINK id="TL192" fromID="E54" fromText="intravenous albumin" toID="E106" toText="Somatostatin" type="OVERLAP" />
<TLINK id="TL193" fromID="E55" fromText="prerenal azotemia" toID="E54" toText="intravenous albumin" type="BEFORE" />
<TLINK id="TL194" fromID="E106" fromText="Somatostatin" toID="E54" toText="intravenous albumin" type="OVERLAP" />
<TLINK id="TL195" fromID="E103" fromText="a prerenal etiology" toID="E55" toText="prerenal azotemia" type="OVERLAP" />
<TLINK id="TL196" fromID="E55" fromText="prerenal azotemia" toID="E110" toText="improved renal function" type="OVERLAP" />
<TLINK id="TL197" fromID="E55" fromText="prerenal azotemia" toID="E119" toText="the prerenal kidney failure" type="OVERLAP" />
<TLINK id="TL198" fromID="E55" fromText="prerenal azotemia" toID="E106" toText="Somatostatin" type="OVERLAP" />
<TLINK id="TL199" fromID="E106" fromText="Somatostatin" toID="E55" toText="prerenal azotemia" type="OVERLAP" />
<TLINK id="TL2" fromID="E1" fromText="primary sclerosing cholangitis" toID="E85" toText="chief complaint" type="BEFORE" />
<TLINK id="TL20" fromID="E68" fromText="showed" toID="E5" toText="The endoscopic retrograde cholangiopancreatography" type="OVERLAP" />
<TLINK id="TL200" fromID="E107" fromText="midodrine" toID="E55" toText="prerenal azotemia" type="OVERLAP" />
<TLINK id="TL201" fromID="E113" fromText="the midodrine" toID="E56" toText="Lasix" type="OVERLAP" />
<TLINK id="TL202" fromID="E56" fromText="Lasix" toID="E114" toText="discontinued" type="BEFORE" />
<TLINK id="TL203" fromID="E56" fromText="Lasix" toID="E57" toText="spironolactone" type="OVERLAP" />
<TLINK id="TL204" fromID="E57" fromText="spironolactone" toID="E56" toText="Lasix" type="OVERLAP" />
<TLINK id="TL205" fromID="E115" fromText="started" toID="E56" toText="Lasix" type="OVERLAP" />
<TLINK id="TL206" fromID="E57" fromText="spironolactone" toID="E116" toText="diuresis" type="OVERLAP" />
<TLINK id="TL207" fromID="E115" fromText="started" toID="E57" toText="spironolactone" type="OVERLAP" />
<TLINK id="TL208" fromID="E116" fromText="diuresis" toID="E57" toText="spironolactone" type="OVERLAP" />
<TLINK id="TL209" fromID="E58" fromText="His creatinine levels" toID="E117" toText="trended toward normal" type="OVERLAP" />
<TLINK id="TL21" fromID="E11" fromText="a distal stricture of the common bile duct" toID="E6" toText="Nodularities in the common bile duct" type="OVERLAP" />
<TLINK id="TL210" fromID="E58" fromText="His creatinine levels" toID="E59" toText="the fractional excretion of sodium" type="OVERLAP" />
<TLINK id="TL211" fromID="E58" fromText="His creatinine levels" toID="E115" toText="started" type="OVERLAP" />
<TLINK id="TL212" fromID="E58" fromText="His creatinine levels" toID="E116" toText="diuresis" type="OVERLAP" />
<TLINK id="TL213" fromID="E117" fromText="trended toward normal" toID="E58" toText="His creatinine levels" type="OVERLAP" />
<TLINK id="TL214" fromID="E118" fromText="increased indicating" toID="E58" toText="His creatinine levels" type="OVERLAP" />
<TLINK id="TL215" fromID="E115" fromText="started" toID="E58" toText="His creatinine levels" type="OVERLAP" />
<TLINK id="TL216" fromID="E116" fromText="diuresis" toID="E58" toText="His creatinine levels" type="OVERLAP" />
<TLINK id="TL217" fromID="E117" fromText="trended toward normal" toID="E59" toText="the fractional excretion of sodium" type="OVERLAP" />
<TLINK id="TL218" fromID="E59" fromText="the fractional excretion of sodium" toID="E117" toText="trended toward normal" type="OVERLAP" />
<TLINK id="TL219" fromID="E59" fromText="the fractional excretion of sodium" toID="E118" toText="increased indicating" type="OVERLAP" />
<TLINK id="TL22" fromID="E13" fromText="nodularity in the common bile duct" toID="E6" toText="Nodularities in the common bile duct" type="OVERLAP" />
<TLINK id="TL220" fromID="E118" fromText="increased indicating" toID="E59" toText="the fractional excretion of sodium" type="OVERLAP" />
<TLINK id="TL221" fromID="E60" fromText="a PICC line" toID="E61" toText="Rocephin" type="OVERLAP" />
<TLINK id="TL222" fromID="E61" fromText="Rocephin" toID="E60" toText="a PICC line" type="OVERLAP" />
<TLINK id="TL223" fromID="E122" fromText="help him to administer" toID="E62" toText="these medications" type="OVERLAP" />
<TLINK id="TL224" fromID="E62" fromText="these medications" toID="E123" toText="the hospital" type="OVERLAP" />
<TLINK id="TL225" fromID="E62" fromText="these medications" toID="E122" toText="help him to administer" type="OVERLAP" />
<TLINK id="TL226" fromID="E63" fromText="initial work-up" toID="E123" toText="the hospital" type="OVERLAP" />
<TLINK id="TL227" fromID="E63" fromText="initial work-up" toID="E64" toText="echocardiogram" type="OVERLAP" />
<TLINK id="TL228" fromID="E63" fromText="initial work-up" toID="E65" toText="electrocardiogram" type="OVERLAP" />
<TLINK id="TL229" fromID="E63" fromText="initial work-up" toID="E66" toText="serology studies" type="OVERLAP" />
<TLINK id="TL23" fromID="E92" fromText="the distal and proximal common bile duct" toID="E6" toText="Nodularities in the common bile duct" type="OVERLAP" />
<TLINK id="TL230" fromID="E64" fromText="echocardiogram" toID="E63" toText="initial work-up" type="OVERLAP" />
<TLINK id="TL231" fromID="E65" fromText="electrocardiogram" toID="E63" toText="initial work-up" type="OVERLAP" />
<TLINK id="TL232" fromID="E66" fromText="serology studies" toID="E63" toText="initial work-up" type="OVERLAP" />
<TLINK id="TL233" fromID="E64" fromText="echocardiogram" toID="E123" toText="the hospital" type="OVERLAP" />
<TLINK id="TL234" fromID="E64" fromText="echocardiogram" toID="E65" toText="electrocardiogram" type="OVERLAP" />
<TLINK id="TL235" fromID="E64" fromText="echocardiogram" toID="E66" toText="serology studies" type="OVERLAP" />
<TLINK id="TL236" fromID="E65" fromText="electrocardiogram" toID="E64" toText="echocardiogram" type="OVERLAP" />
<TLINK id="TL237" fromID="E66" fromText="serology studies" toID="E64" toText="echocardiogram" type="OVERLAP" />
<TLINK id="TL238" fromID="E65" fromText="electrocardiogram" toID="E66" toText="serology studies" type="OVERLAP" />
<TLINK id="TL239" fromID="E65" fromText="electrocardiogram" toID="E124" toText="liver transplant" type="OVERLAP" />
<TLINK id="TL24" fromID="E100" fromText="bile" toID="E6" toText="Nodularities in the common bile duct" type="OVERLAP" />
<TLINK id="TL240" fromID="E66" fromText="serology studies" toID="E65" toText="electrocardiogram" type="OVERLAP" />
<TLINK id="TL241" fromID="E66" fromText="serology studies" toID="E124" toText="liver transplant" type="OVERLAP" />
<TLINK id="TL242" fromID="E124" fromText="liver transplant" toID="E66" toText="serology studies" type="OVERLAP" />
<TLINK id="TL243" fromID="E67" fromText="presented" toID="E85" toText="chief complaint" type="OVERLAP" />
<TLINK id="TL244" fromID="E67" fromText="presented" toID="E86" toText="endoscopic retrograde cholangiopancreatography" type="OVERLAP" />
<TLINK id="TL245" fromID="E85" fromText="chief complaint" toID="E67" toText="presented" type="AFTER" />
<TLINK id="TL246" fromID="E86" fromText="endoscopic retrograde cholangiopancreatography" toID="E67" toText="presented" type="BEFORE" />
<TLINK id="TL247" fromID="E125" fromText="proximal common bile duct" toID="E68" toText="showed" type="BEFORE" />
<TLINK id="TL248" fromID="E69" fromText="admitted" toID="E71" toText="admitted" type="OVERLAP" />
<TLINK id="TL249" fromID="E69" fromText="admitted" toID="E70" toText="the Blue General Surgery Service" type="OVERLAP" />
<TLINK id="TL25" fromID="E125" fromText="proximal common bile duct" toID="E6" toText="Nodularities in the common bile duct" type="OVERLAP" />
<TLINK id="TL250" fromID="E70" fromText="the Blue General Surgery Service" toID="E69" toText="admitted" type="AFTER" />
<TLINK id="TL251" fromID="E71" fromText="admitted" toID="T4" toText="2009-08-17" type="OVERLAP" />
<TLINK id="TL252" fromID="E72" fromText="the Operating Room" toID="E90" toText="a Whipple procedure" type="OVERLAP" />
<TLINK id="TL253" fromID="E72" fromText="the Operating Room" toID="T5" toText="2009-08-24" type="OVERLAP" />
<TLINK id="TL254" fromID="E90" fromText="a Whipple procedure" toID="E72" toText="the Operating Room" type="OVERLAP" />
<TLINK id="TL255" fromID="E91" fromText="hepaticojejunostomy" toID="E72" toText="the Operating Room" type="OVERLAP" />
<TLINK id="TL256" fromID="E73" fromText="revealed" toID="E79" toText="revealed" type="OVERLAP" />
<TLINK id="TL257" fromID="E74" fromText="the floor" toID="E80" toText="the floor" type="OVERLAP" />
<TLINK id="TL258" fromID="E74" fromText="the floor" toID="E75" toText="stable condition" type="OVERLAP" />
<TLINK id="TL259" fromID="E75" fromText="stable condition" toID="E74" toText="the floor" type="OVERLAP" />
<TLINK id="TL26" fromID="E6" fromText="Nodularities in the common bile duct" toID="E125" toText="proximal common bile duct" type="OVERLAP" />
<TLINK id="TL260" fromID="E75" fromText="stable condition" toID="E108" toText="this condition" type="OVERLAP" />
<TLINK id="TL261" fromID="E96" fromText="postoperative course" toID="E75" toText="stable condition" type="OVERLAP" />
<TLINK id="TL262" fromID="E75" fromText="stable condition" toID="E96" toText="postoperative course" type="OVERLAP" />
<TLINK id="TL263" fromID="E76" fromText="transferred" toID="E77" toText="the Surgical Intensive Care Unit" type="OVERLAP" />
<TLINK id="TL264" fromID="E77" fromText="the Surgical Intensive Care Unit" toID="E76" toText="transferred" type="AFTER" />
<TLINK id="TL265" fromID="E77" fromText="the Surgical Intensive Care Unit" toID="E78" toText="the Surgical Intensive Care Unit" type="OVERLAP" />
<TLINK id="TL266" fromID="E80" fromText="the floor" toID="E110" toText="improved renal function" type="AFTER" />
<TLINK id="TL267" fromID="E110" fromText="improved renal function" toID="E80" toText="the floor" type="OVERLAP" />
<TLINK id="TL268" fromID="E81" fromText="demonstrated" toID="E89" toText="similar findings" type="OVERLAP" />
<TLINK id="TL269" fromID="E89" fromText="similar findings" toID="E81" toText="demonstrated" type="BEFORE" />
<TLINK id="TL27" fromID="E6" fromText="Nodularities in the common bile duct" toID="E7" toText="endoscopic retrograde cholangiopancreatography" type="OVERLAP" />
<TLINK id="TL270" fromID="E82" fromText="showed" toID="T6" toText="postoperative day number two" type="OVERLAP" />
<TLINK id="TL271" fromID="E95" fromText="leakage at the anastomosis site" toID="E82" toText="showed" type="BEFORE" />
<TLINK id="TL272" fromID="E83" fromText="responded well" toID="E104" toText="adequate urine output" type="OVERLAP" />
<TLINK id="TL273" fromID="E104" fromText="adequate urine output" toID="E83" toText="responded well" type="OVERLAP" />
<TLINK id="TL274" fromID="E84" fromText="Discharge" toID="E120" toText="discharged" type="OVERLAP" />
<TLINK id="TL275" fromID="E84" fromText="Discharge" toID="T1" toText="2009-08-17" type="OVERLAP" />
<TLINK id="TL276" fromID="E84" fromText="Discharge" toID="T2" toText="2009-09-10" type="OVERLAP" />
<TLINK id="TL277" fromID="E85" fromText="chief complaint" toID="E86" toText="endoscopic retrograde cholangiopancreatography" type="OVERLAP" />
<TLINK id="TL278" fromID="E86" fromText="endoscopic retrograde cholangiopancreatography" toID="E85" toText="chief complaint" type="OVERLAP" />
<TLINK id="TL279" fromID="E86" fromText="endoscopic retrograde cholangiopancreatography" toID="E87" toText="percutaneous transhepatic cholangiogram" type="OVERLAP" />
<TLINK id="TL28" fromID="E7" fromText="endoscopic retrograde cholangiopancreatography" toID="E6" toText="Nodularities in the common bile duct" type="OVERLAP" />
<TLINK id="TL280" fromID="E87" fromText="percutaneous transhepatic cholangiogram" toID="E86" toText="endoscopic retrograde cholangiopancreatography" type="OVERLAP" />
<TLINK id="TL281" fromID="E87" fromText="percutaneous transhepatic cholangiogram" toID="T3" toText="2009-07-25" type="OVERLAP" />
<TLINK id="TL282" fromID="E90" fromText="a Whipple procedure" toID="E91" toText="hepaticojejunostomy" type="OVERLAP" />
<TLINK id="TL283" fromID="E90" fromText="a Whipple procedure" toID="T5" toText="2009-08-24" type="OVERLAP" />
<TLINK id="TL284" fromID="E91" fromText="hepaticojejunostomy" toID="E90" toText="a Whipple procedure" type="OVERLAP" />
<TLINK id="TL285" fromID="E91" fromText="hepaticojejunostomy" toID="T5" toText="2009-08-24" type="OVERLAP" />
<TLINK id="TL286" fromID="E92" fromText="the distal and proximal common bile duct" toID="E100" toText="bile" type="OVERLAP" />
<TLINK id="TL287" fromID="E92" fromText="the distal and proximal common bile duct" toID="E125" toText="proximal common bile duct" type="OVERLAP" />
<TLINK id="TL288" fromID="E93" fromText="regional lymph nodes" toID="E94" toText="pathology" type="OVERLAP" />
<TLINK id="TL289" fromID="E97" fromText="white blood cell count" toID="E98" toText="blood" type="OVERLAP" />
<TLINK id="TL29" fromID="E12" fromText="An endoscopic retrograde cholangiopancreatography" toID="E7" toText="endoscopic retrograde cholangiopancreatography" type="OVERLAP" />
<TLINK id="TL290" fromID="E97" fromText="white blood cell count" toID="E109" toText="packed red blood cells" type="OVERLAP" />
<TLINK id="TL291" fromID="E97" fromText="white blood cell count" toID="T7" toText="postoperative day number two" type="OVERLAP" />
<TLINK id="TL292" fromID="E98" fromText="blood" toID="E109" toText="packed red blood cells" type="OVERLAP" />
<TLINK id="TL293" fromID="E98" fromText="blood" toID="E99" toText="urine" type="OVERLAP" />
<TLINK id="TL294" fromID="E98" fromText="blood" toID="E100" toText="bile" type="OVERLAP" />
<TLINK id="TL295" fromID="E98" fromText="blood" toID="T11" toText="the time" type="OVERLAP" />
<TLINK id="TL296" fromID="E99" fromText="urine" toID="E98" toText="blood" type="OVERLAP" />
<TLINK id="TL297" fromID="E100" fromText="bile" toID="E98" toText="blood" type="OVERLAP" />
<TLINK id="TL298" fromID="E101" fromText="culture" toID="E98" toText="blood" type="OVERLAP" />
<TLINK id="TL299" fromID="E99" fromText="urine" toID="E104" toText="adequate urine output" type="OVERLAP" />
<TLINK id="TL3" fromID="E67" fromText="presented" toID="E1" toText="primary sclerosing cholangitis" type="OVERLAP" />
<TLINK id="TL30" fromID="E18" fromText="endoscopic retrograde cholangiopancreatography" toID="E7" toText="endoscopic retrograde cholangiopancreatography" type="OVERLAP" />
<TLINK id="TL300" fromID="E99" fromText="urine" toID="E100" toText="bile" type="OVERLAP" />
<TLINK id="TL301" fromID="E99" fromText="urine" toID="E101" toText="culture" type="OVERLAP" />
<TLINK id="TL302" fromID="E99" fromText="urine" toID="T11" toText="the time" type="OVERLAP" />
<TLINK id="TL303" fromID="E100" fromText="bile" toID="E99" toText="urine" type="OVERLAP" />
<TLINK id="TL304" fromID="E101" fromText="culture" toID="E99" toText="urine" type="OVERLAP" />
<TLINK id="TL305" fromID="E100" fromText="bile" toID="E125" toText="proximal common bile duct" type="OVERLAP" />
<TLINK id="TL306" fromID="E100" fromText="bile" toID="E101" toText="culture" type="OVERLAP" />
<TLINK id="TL307" fromID="E100" fromText="bile" toID="E102" toText="all negative" type="OVERLAP" />
<TLINK id="TL308" fromID="E100" fromText="bile" toID="T11" toText="the time" type="OVERLAP" />
<TLINK id="TL309" fromID="E101" fromText="culture" toID="E100" toText="bile" type="OVERLAP" />
<TLINK id="TL31" fromID="E86" fromText="endoscopic retrograde cholangiopancreatography" toID="E7" toText="endoscopic retrograde cholangiopancreatography" type="OVERLAP" />
<TLINK id="TL310" fromID="E102" fromText="all negative" toID="E100" toText="bile" type="OVERLAP" />
<TLINK id="TL311" fromID="E101" fromText="culture" toID="E102" toText="all negative" type="OVERLAP" />
<TLINK id="TL312" fromID="E102" fromText="all negative" toID="E101" toText="culture" type="OVERLAP" />
<TLINK id="TL313" fromID="E103" fromText="a prerenal etiology" toID="E110" toText="improved renal function" type="OVERLAP" />
<TLINK id="TL314" fromID="E103" fromText="a prerenal etiology" toID="E119" toText="the prerenal kidney failure" type="OVERLAP" />
<TLINK id="TL315" fromID="E104" fromText="adequate urine output" toID="T12" toText="the same time" type="OVERLAP" />
<TLINK id="TL316" fromID="E106" fromText="Somatostatin" toID="E112" toText="The somatostatin" type="OVERLAP" />
<TLINK id="TL317" fromID="E106" fromText="Somatostatin" toID="E107" toText="midodrine" type="OVERLAP" />
<TLINK id="TL318" fromID="E107" fromText="midodrine" toID="E106" toText="Somatostatin" type="OVERLAP" />
<TLINK id="TL319" fromID="E107" fromText="midodrine" toID="E113" toText="the midodrine" type="OVERLAP" />
<TLINK id="TL32" fromID="E77" fromText="the Surgical Intensive Care Unit" toID="E8" toText="surgical interventions" type="OVERLAP" />
<TLINK id="TL320" fromID="E108" fromText="this condition" toID="E109" toText="packed red blood cells" type="BEFORE" />
<TLINK id="TL321" fromID="E109" fromText="packed red blood cells" toID="E108" toText="this condition" type="OVERLAP" />
<TLINK id="TL322" fromID="E109" fromText="packed red blood cells" toID="T9" toText="postoperative day number ten" type="OVERLAP" />
<TLINK id="TL323" fromID="E110" fromText="improved renal function" toID="E119" toText="the prerenal kidney failure" type="OVERLAP" />
<TLINK id="TL324" fromID="E111" fromText="oxygen requirement" toID="E110" toText="improved renal function" type="OVERLAP" />
<TLINK id="TL325" fromID="E111" fromText="oxygen requirement" toID="E112" toText="The somatostatin" type="OVERLAP" />
<TLINK id="TL326" fromID="E112" fromText="The somatostatin" toID="E111" toText="oxygen requirement" type="OVERLAP" />
<TLINK id="TL327" fromID="E112" fromText="The somatostatin" toID="E113" toText="the midodrine" type="OVERLAP" />
<TLINK id="TL328" fromID="E112" fromText="The somatostatin" toID="E114" toText="discontinued" type="BEFORE" />
<TLINK id="TL329" fromID="E113" fromText="the midodrine" toID="E112" toText="The somatostatin" type="OVERLAP" />
<TLINK id="TL33" fromID="E78" fromText="the Surgical Intensive Care Unit" toID="E8" toText="surgical interventions" type="OVERLAP" />
<TLINK id="TL330" fromID="E113" fromText="the midodrine" toID="E114" toText="discontinued" type="OVERLAP" />
<TLINK id="TL331" fromID="E114" fromText="discontinued" toID="E113" toText="the midodrine" type="OVERLAP" />
<TLINK id="TL332" fromID="E115" fromText="started" toID="E116" toText="diuresis" type="OVERLAP" />
<TLINK id="TL333" fromID="E116" fromText="diuresis" toID="E115" toText="started" type="AFTER" />
<TLINK id="TL334" fromID="E118" fromText="increased indicating" toID="E119" toText="the prerenal kidney failure" type="OVERLAP" />
<TLINK id="TL335" fromID="E119" fromText="the prerenal kidney failure" toID="E118" toText="increased indicating" type="BEFORE" />
<TLINK id="TL336" fromID="E119" fromText="the prerenal kidney failure" toID="T14" toText="postoperative day number 17" type="OVERLAP" />
<TLINK id="TL337" fromID="E120" fromText="discharged" toID="T14" toText="postoperative day number 17" type="OVERLAP" />
<TLINK id="TL338" fromID="E120" fromText="discharged" toID="T15" toText="the time" type="OVERLAP" />
<TLINK id="TL339" fromID="E121" fromText="good po" toID="T15" toText="the time" type="OVERLAP" />
<TLINK id="TL34" fromID="E70" fromText="the Blue General Surgery Service" toID="E8" toText="surgical interventions" type="OVERLAP" />
<TLINK id="TL340" fromID="E122" fromText="help him to administer" toID="E123" toText="the hospital" type="OVERLAP" />
<TLINK id="TL35" fromID="E8" fromText="surgical interventions" toID="E70" toText="the Blue General Surgery Service" type="OVERLAP" />
<TLINK id="TL36" fromID="E9" fromText="a replacement of transhepatic biliary drainage catheter" toID="E87" toText="percutaneous transhepatic cholangiogram" type="OVERLAP" />
<TLINK id="TL37" fromID="E9" fromText="a replacement of transhepatic biliary drainage catheter" toID="E71" toText="admitted" type="AFTER" />
<TLINK id="TL38" fromID="E9" fromText="a replacement of transhepatic biliary drainage catheter" toID="T4" toText="2009-08-17" type="OVERLAP" />
<TLINK id="TL39" fromID="E9" fromText="a replacement of transhepatic biliary drainage catheter" toID="T10" toText="that time" type="OVERLAP" />
<TLINK id="TL4" fromID="E87" fromText="percutaneous transhepatic cholangiogram" toID="E2" toText="The most recent percutaneous transluminal coronary angioplasty" type="OVERLAP" />
<TLINK id="TL40" fromID="E71" fromText="admitted" toID="E9" toText="a replacement of transhepatic biliary drainage catheter" type="OVERLAP" />
<TLINK id="TL41" fromID="E10" fromText="cholangiogram" toID="E21" toText="Cholangiogram" type="OVERLAP" />
<TLINK id="TL42" fromID="E10" fromText="cholangiogram" toID="E48" toText="Gram stain" type="OVERLAP" />
<TLINK id="TL43" fromID="E10" fromText="cholangiogram" toID="E87" toText="percutaneous transhepatic cholangiogram" type="OVERLAP" />
<TLINK id="TL44" fromID="E10" fromText="cholangiogram" toID="T10" toText="that time" type="OVERLAP" />
<TLINK id="TL45" fromID="E11" fromText="a distal stricture of the common bile duct" toID="E13" toText="nodularity in the common bile duct" type="OVERLAP" />
<TLINK id="TL46" fromID="E11" fromText="a distal stricture of the common bile duct" toID="E92" toText="the distal and proximal common bile duct" type="OVERLAP" />
<TLINK id="TL47" fromID="E11" fromText="a distal stricture of the common bile duct" toID="E100" toText="bile" type="OVERLAP" />
<TLINK id="TL48" fromID="E11" fromText="a distal stricture of the common bile duct" toID="E125" toText="proximal common bile duct" type="OVERLAP" />
<TLINK id="TL49" fromID="E11" fromText="a distal stricture of the common bile duct" toID="E12" toText="An endoscopic retrograde cholangiopancreatography" type="OVERLAP" />
<TLINK id="TL5" fromID="E2" fromText="The most recent percutaneous transluminal coronary angioplasty" toID="E87" toText="percutaneous transhepatic cholangiogram" type="OVERLAP" />
<TLINK id="TL50" fromID="E11" fromText="a distal stricture of the common bile duct" toID="E81" toText="demonstrated" type="BEFORE" />
<TLINK id="TL51" fromID="E12" fromText="An endoscopic retrograde cholangiopancreatography" toID="E11" toText="a distal stricture of the common bile duct" type="OVERLAP" />
<TLINK id="TL52" fromID="E12" fromText="An endoscopic retrograde cholangiopancreatography" toID="E18" toText="endoscopic retrograde cholangiopancreatography" type="OVERLAP" />
<TLINK id="TL53" fromID="E12" fromText="An endoscopic retrograde cholangiopancreatography" toID="E86" toText="endoscopic retrograde cholangiopancreatography" type="OVERLAP" />
<TLINK id="TL54" fromID="E12" fromText="An endoscopic retrograde cholangiopancreatography" toID="E81" toText="demonstrated" type="OVERLAP" />
<TLINK id="TL55" fromID="E12" fromText="An endoscopic retrograde cholangiopancreatography" toID="E89" toText="similar findings" type="OVERLAP" />
<TLINK id="TL56" fromID="E81" fromText="demonstrated" toID="E12" toText="An endoscopic retrograde cholangiopancreatography" type="OVERLAP" />
<TLINK id="TL57" fromID="E89" fromText="similar findings" toID="E12" toText="An endoscopic retrograde cholangiopancreatography" type="OVERLAP" />
<TLINK id="TL58" fromID="E13" fromText="nodularity in the common bile duct" toID="E16" toText="significant nodularity of the liver" type="OVERLAP" />
<TLINK id="TL59" fromID="E13" fromText="nodularity in the common bile duct" toID="E92" toText="the distal and proximal common bile duct" type="OVERLAP" />
<TLINK id="TL6" fromID="E2" fromText="The most recent percutaneous transluminal coronary angioplasty" toID="T3" toText="2009-07-25" type="OVERLAP" />
<TLINK id="TL60" fromID="E13" fromText="nodularity in the common bile duct" toID="E100" toText="bile" type="OVERLAP" />
<TLINK id="TL61" fromID="E13" fromText="nodularity in the common bile duct" toID="E125" toText="proximal common bile duct" type="OVERLAP" />
<TLINK id="TL62" fromID="E13" fromText="nodularity in the common bile duct" toID="E89" toText="similar findings" type="OVERLAP" />
<TLINK id="TL63" fromID="E13" fromText="nodularity in the common bile duct" toID="E14" toText="cholangiocarcinoma" type="OVERLAP" />
<TLINK id="TL64" fromID="E14" fromText="cholangiocarcinoma" toID="E88" toText="cholangiocarcinoma" type="OVERLAP" />
<TLINK id="TL65" fromID="E15" fromText="exploration of the abdomen" toID="E33" toText="distentions of the abdomen" type="OVERLAP" />
<TLINK id="TL66" fromID="E90" fromText="a Whipple procedure" toID="E15" toText="exploration of the abdomen" type="OVERLAP" />
<TLINK id="TL67" fromID="E91" fromText="hepaticojejunostomy" toID="E15" toText="exploration of the abdomen" type="OVERLAP" />
<TLINK id="TL68" fromID="E15" fromText="exploration of the abdomen" toID="E90" toText="a Whipple procedure" type="OVERLAP" />
<TLINK id="TL69" fromID="E15" fromText="exploration of the abdomen" toID="E91" toText="hepaticojejunostomy" type="OVERLAP" />
<TLINK id="TL7" fromID="E2" fromText="The most recent percutaneous transluminal coronary angioplasty" toID="T0" toText="the time" type="OVERLAP" />
<TLINK id="TL70" fromID="E15" fromText="exploration of the abdomen" toID="E73" toText="revealed" type="OVERLAP" />
<TLINK id="TL71" fromID="E15" fromText="exploration of the abdomen" toID="E16" toText="significant nodularity of the liver" type="OVERLAP" />
<TLINK id="TL72" fromID="E73" fromText="revealed" toID="E15" toText="exploration of the abdomen" type="OVERLAP" />
<TLINK id="TL73" fromID="E16" fromText="significant nodularity of the liver" toID="E15" toText="exploration of the abdomen" type="OVERLAP" />
<TLINK id="TL74" fromID="E16" fromText="significant nodularity of the liver" toID="E35" toText="significant lower extremity and scrotum edema" type="OVERLAP" />
<TLINK id="TL75" fromID="E16" fromText="significant nodularity of the liver" toID="E124" toText="liver transplant" type="OVERLAP" />
<TLINK id="TL76" fromID="E16" fromText="significant nodularity of the liver" toID="E73" toText="revealed" type="BEFORE" />
<TLINK id="TL77" fromID="E16" fromText="significant nodularity of the liver" toID="E128" toText="advanced cirrhosis" type="OVERLAP" />
<TLINK id="TL78" fromID="E128" fromText="advanced cirrhosis" toID="E16" toText="significant nodularity of the liver" type="OVERLAP" />
<TLINK id="TL79" fromID="E18" fromText="endoscopic retrograde cholangiopancreatography" toID="E86" toText="endoscopic retrograde cholangiopancreatography" type="OVERLAP" />
<TLINK id="TL8" fromID="E9" fromText="a replacement of transhepatic biliary drainage catheter" toID="E3" toText="an 8 Caucasian catheter" type="OVERLAP" />
<TLINK id="TL80" fromID="E18" fromText="endoscopic retrograde cholangiopancreatography" toID="E93" toText="regional lymph nodes" type="OVERLAP" />
<TLINK id="TL81" fromID="E93" fromText="regional lymph nodes" toID="E18" toText="endoscopic retrograde cholangiopancreatography" type="OVERLAP" />
<TLINK id="TL82" fromID="E91" fromText="hepaticojejunostomy" toID="E20" toText="a hepaticojejunostomy" type="OVERLAP" />
<TLINK id="TL83" fromID="E21" fromText="Cholangiogram" toID="E48" toText="Gram stain" type="OVERLAP" />
<TLINK id="TL84" fromID="E21" fromText="Cholangiogram" toID="E87" toText="percutaneous transhepatic cholangiogram" type="OVERLAP" />
<TLINK id="TL85" fromID="E21" fromText="Cholangiogram" toID="E82" toText="showed" type="OVERLAP" />
<TLINK id="TL86" fromID="E21" fromText="Cholangiogram" toID="T6" toText="postoperative day number two" type="OVERLAP" />
<TLINK id="TL87" fromID="E82" fromText="showed" toID="E21" toText="Cholangiogram" type="OVERLAP" />
<TLINK id="TL88" fromID="E90" fromText="a Whipple procedure" toID="E22" toText="the procedure" type="OVERLAP" />
<TLINK id="TL89" fromID="E22" fromText="the procedure" toID="E74" toText="the floor" type="OVERLAP" />
<TLINK id="TL9" fromID="E4" fromText="external drainage" toID="E3" toText="an 8 Caucasian catheter" type="OVERLAP" />
<TLINK id="TL90" fromID="E23" fromText="Unasyn" toID="E24" toText="empiric antibiotic treatment" type="OVERLAP" />
<TLINK id="TL91" fromID="E23" fromText="Unasyn" toID="T7" toText="postoperative day number two" type="OVERLAP" />
<TLINK id="TL92" fromID="E24" fromText="empiric antibiotic treatment" toID="E23" toText="Unasyn" type="OVERLAP" />
<TLINK id="TL93" fromID="E24" fromText="empiric antibiotic treatment" toID="E47" toText="empiric treatment" type="OVERLAP" />
<TLINK id="TL94" fromID="E24" fromText="empiric antibiotic treatment" toID="T7" toText="postoperative day number two" type="OVERLAP" />
<TLINK id="TL95" fromID="E24" fromText="empiric antibiotic treatment" toID="T11" toText="the time" type="OVERLAP" />
<TLINK id="TL96" fromID="E25" fromText="A chest x-ray" toID="E38" toText="Chest x-ray" type="OVERLAP" />
<TLINK id="TL97" fromID="E101" fromText="culture" toID="E25" toText="A chest x-ray" type="OVERLAP" />
<TLINK id="TL98" fromID="E102" fromText="all negative" toID="E25" toText="A chest x-ray" type="OVERLAP" />
<TLINK id="TL99" fromID="E25" fromText="A chest x-ray" toID="E101" toText="culture" type="OVERLAP" />
<TLINK id="SECTIME0" fromID="E9" fromText="a replacement of transhepatic biliary drainage catheter" toID="T2" toText="2009-09-10" type="BEFORE" />
<TLINK id="SECTIME1" fromID="E10" fromText="cholangiogram" toID="T2" toText="2009-09-10" type="BEFORE" />
<TLINK id="SECTIME2" fromID="E11" fromText="a distal stricture of the common bile duct" toID="T2" toText="2009-09-10" type="BEFORE" />
<TLINK id="SECTIME3" fromID="E12" fromText="An endoscopic retrograde cholangiopancreatography" toID="T2" toText="2009-09-10" type="BEFORE" />
<TLINK id="SECTIME4" fromID="E81" fromText="demonstrated" toID="T2" toText="2009-09-10" type="BEFORE" />
<TLINK id="SECTIME5" fromID="E89" fromText="similar findings" toID="T2" toText="2009-09-10" type="BEFORE" />
<TLINK id="SECTIME6" fromID="E13" fromText="nodularity in the common bile duct" toID="T2" toText="2009-09-10" type="BEFORE" />
<TLINK id="SECTIME7" fromID="E14" fromText="cholangiocarcinoma" toID="T2" toText="2009-09-10" type="BEFORE" />
<TLINK id="SECTIME8" fromID="E72" fromText="the Operating Room" toID="T2" toText="2009-09-10" type="BEFORE" />
<TLINK id="SECTIME9" fromID="E90" fromText="a Whipple procedure" toID="T2" toText="2009-09-10" type="BEFORE" />
<TLINK id="SECTIME10" fromID="E91" fromText="hepaticojejunostomy" toID="T2" toText="2009-09-10" type="BEFORE" />
<TLINK id="SECTIME11" fromID="E15" fromText="exploration of the abdomen" toID="T2" toText="2009-09-10" type="BEFORE" />
<TLINK id="SECTIME12" fromID="E73" fromText="revealed" toID="T2" toText="2009-09-10" type="BEFORE" />
<TLINK id="SECTIME13" fromID="E16" fromText="significant nodularity of the liver" toID="T2" toText="2009-09-10" type="BEFORE" />
<TLINK id="SECTIME14" fromID="E128" fromText="advanced cirrhosis" toID="T2" toText="2009-09-10" type="BEFORE" />
<TLINK id="SECTIME15" fromID="E92" fromText="the distal and proximal common bile duct" toID="T2" toText="2009-09-10" type="BEFORE" />
<TLINK id="SECTIME16" fromID="E18" fromText="endoscopic retrograde cholangiopancreatography" toID="T2" toText="2009-09-10" type="BEFORE" />
<TLINK id="SECTIME17" fromID="E93" fromText="regional lymph nodes" toID="T2" toText="2009-09-10" type="BEFORE" />
<TLINK id="SECTIME18" fromID="E94" fromText="pathology" toID="T2" toText="2009-09-10" type="BEFORE" />
<TLINK id="SECTIME19" fromID="E19" fromText="malignancy" toID="T2" toText="2009-09-10" type="BEFORE" />
<TLINK id="SECTIME20" fromID="E20" fromText="a hepaticojejunostomy" toID="T2" toText="2009-09-10" type="BEFORE" />
<TLINK id="SECTIME21" fromID="E21" fromText="Cholangiogram" toID="T2" toText="2009-09-10" type="BEFORE" />
<TLINK id="SECTIME22" fromID="E82" fromText="showed" toID="T2" toText="2009-09-10" type="BEFORE" />
<TLINK id="SECTIME23" fromID="E95" fromText="leakage at the anastomosis site" toID="T2" toText="2009-09-10" type="BEFORE" />
<TLINK id="SECTIME24" fromID="E22" fromText="the procedure" toID="T2" toText="2009-09-10" type="BEFORE" />
<TLINK id="SECTIME25" fromID="E74" fromText="the floor" toID="T2" toText="2009-09-10" type="BEFORE" />
<TLINK id="SECTIME26" fromID="E75" fromText="stable condition" toID="T2" toText="2009-09-10" type="BEFORE" />
<TLINK id="SECTIME27" fromID="E96" fromText="postoperative course" toID="T2" toText="2009-09-10" type="BEFORE" />
<TLINK id="SECTIME28" fromID="E97" fromText="white blood cell count" toID="T2" toText="2009-09-10" type="BEFORE" />
<TLINK id="SECTIME29" fromID="E23" fromText="Unasyn" toID="T2" toText="2009-09-10" type="BEFORE" />
<TLINK id="SECTIME30" fromID="E24" fromText="empiric antibiotic treatment" toID="T2" toText="2009-09-10" type="BEFORE" />
<TLINK id="SECTIME31" fromID="E98" fromText="blood" toID="T2" toText="2009-09-10" type="BEFORE" />
<TLINK id="SECTIME32" fromID="E99" fromText="urine" toID="T2" toText="2009-09-10" type="BEFORE" />
<TLINK id="SECTIME33" fromID="E100" fromText="bile" toID="T2" toText="2009-09-10" type="BEFORE" />
<TLINK id="SECTIME34" fromID="E67" fromText="presented" toID="T1" toText="2009-08-17" type="OVERLAP" />
<TLINK id="SECTIME35" fromID="E101" fromText="culture" toID="T2" toText="2009-09-10" type="BEFORE" />
<TLINK id="SECTIME36" fromID="E102" fromText="all negative" toID="T2" toText="2009-09-10" type="BEFORE" />
<TLINK id="SECTIME37" fromID="E25" fromText="A chest x-ray" toID="T2" toText="2009-09-10" type="BEFORE" />
<TLINK id="SECTIME38" fromID="E26" fromText="any pneumonia" toID="T2" toText="2009-09-10" type="BEFORE" />
<TLINK id="SECTIME39" fromID="E27" fromText="low urine output" toID="T2" toText="2009-09-10" type="BEFORE" />
<TLINK id="SECTIME40" fromID="E85" fromText="chief complaint" toID="T1" toText="2009-08-17" type="BEFORE" />
<TLINK id="SECTIME41" fromID="E28" fromText="Fractional excretion of sodium" toID="T2" toText="2009-09-10" type="BEFORE" />
<TLINK id="SECTIME42" fromID="E103" fromText="a prerenal etiology" toID="T2" toText="2009-09-10" type="BEFORE" />
<TLINK id="SECTIME43" fromID="E29" fromText="The sodium creatinine" toID="T2" toText="2009-09-10" type="BEFORE" />
<TLINK id="SECTIME44" fromID="E30" fromText="boluses of intravenous fluid" toID="T2" toText="2009-09-10" type="BEFORE" />
<TLINK id="SECTIME45" fromID="E86" fromText="endoscopic retrograde cholangiopancreatography" toID="T1" toText="2009-08-17" type="BEFORE" />
<TLINK id="SECTIME46" fromID="E31" fromText="intravenous albumin infusion" toID="T2" toText="2009-09-10" type="BEFORE" />
<TLINK id="SECTIME47" fromID="E83" fromText="responded well" toID="T2" toText="2009-09-10" type="BEFORE" />
<TLINK id="SECTIME49" fromID="E32" fromText="this regimen" toID="T2" toText="2009-09-10" type="BEFORE" />
<TLINK id="SECTIME50" fromID="E104" fromText="adequate urine output" toID="T2" toText="2009-09-10" type="BEFORE" />
<TLINK id="SECTIME51" fromID="E33" fromText="distentions of the abdomen" toID="T2" toText="2009-09-10" type="BEFORE" />
<TLINK id="SECTIME52" fromID="E34" fromText="accumulation of ascitic fluid" toID="T2" toText="2009-09-10" type="BEFORE" />
<TLINK id="SECTIME53" fromID="E35" fromText="significant lower extremity and scrotum edema" toID="T2" toText="2009-09-10" type="BEFORE" />
<TLINK id="SECTIME54" fromID="E36" fromText="the patient 's oxygen saturation" toID="T2" toText="2009-09-10" type="BEFORE" />
<TLINK id="SECTIME55" fromID="E76" fromText="transferred" toID="T2" toText="2009-09-10" type="BEFORE" />
<TLINK id="SECTIME56" fromID="E77" fromText="the Surgical Intensive Care Unit" toID="T2" toText="2009-09-10" type="BEFORE" />
<TLINK id="SECTIME57" fromID="E37" fromText="fluid management" toID="T2" toText="2009-09-10" type="BEFORE" />
<TLINK id="SECTIME58" fromID="E38" fromText="Chest x-ray" toID="T2" toText="2009-09-10" type="BEFORE" />
<TLINK id="SECTIME59" fromID="E39" fromText="sputum culture" toID="T2" toText="2009-09-10" type="BEFORE" />
<TLINK id="SECTIME60" fromID="E40" fromText="100% nonrebreather" toID="T2" toText="2009-09-10" type="BEFORE" />
<TLINK id="SECTIME61" fromID="E41" fromText="his oxygenation" toID="T2" toText="2009-09-10" type="BEFORE" />
<TLINK id="SECTIME62" fromID="E78" fromText="the Surgical Intensive Care Unit" toID="T2" toText="2009-09-10" type="BEFORE" />
<TLINK id="SECTIME63" fromID="E42" fromText="paracentesis" toID="T2" toText="2009-09-10" type="BEFORE" />
<TLINK id="SECTIME64" fromID="E79" fromText="revealed" toID="T2" toText="2009-09-10" type="BEFORE" />
<TLINK id="SECTIME65" fromID="E43" fromText="white blood cell count" toID="T2" toText="2009-09-10" type="BEFORE" />
<TLINK id="SECTIME66" fromID="E44" fromText="the ascites" toID="T2" toText="2009-09-10" type="BEFORE" />
<TLINK id="SECTIME67" fromID="E45" fromText="SVT" toID="T2" toText="2009-09-10" type="BEFORE" />
<TLINK id="SECTIME68" fromID="E46" fromText="Zosyn" toID="T2" toText="2009-09-10" type="BEFORE" />
<TLINK id="SECTIME69" fromID="E47" fromText="empiric treatment" toID="T2" toText="2009-09-10" type="BEFORE" />
<TLINK id="SECTIME70" fromID="E48" fromText="Gram stain" toID="T2" toText="2009-09-10" type="BEFORE" />
<TLINK id="SECTIME71" fromID="E49" fromText="culture" toID="T2" toText="2009-09-10" type="BEFORE" />
<TLINK id="SECTIME72" fromID="E50" fromText="the ascites" toID="T2" toText="2009-09-10" type="BEFORE" />
<TLINK id="SECTIME73" fromID="E51" fromText="any organism" toID="T2" toText="2009-09-10" type="BEFORE" />
<TLINK id="SECTIME74" fromID="E105" fromText="weaned" toID="T2" toText="2009-09-10" type="BEFORE" />
<TLINK id="SECTIME75" fromID="E52" fromText="oxygen requirement" toID="T2" toText="2009-09-10" type="BEFORE" />
<TLINK id="SECTIME76" fromID="E87" fromText="percutaneous transhepatic cholangiogram" toID="T1" toText="2009-08-17" type="BEFORE" />
<TLINK id="SECTIME77" fromID="E53" fromText="normal saline boluses" toID="T2" toText="2009-09-10" type="BEFORE" />
<TLINK id="SECTIME78" fromID="E54" fromText="intravenous albumin" toID="T2" toText="2009-09-10" type="BEFORE" />
<TLINK id="SECTIME79" fromID="E55" fromText="prerenal azotemia" toID="T2" toText="2009-09-10" type="BEFORE" />
<TLINK id="SECTIME80" fromID="E106" fromText="Somatostatin" toID="T2" toText="2009-09-10" type="BEFORE" />
<TLINK id="SECTIME81" fromID="E107" fromText="midodrine" toID="T2" toText="2009-09-10" type="BEFORE" />
<TLINK id="SECTIME82" fromID="E108" fromText="this condition" toID="T2" toText="2009-09-10" type="BEFORE" />
<TLINK id="SECTIME83" fromID="E109" fromText="packed red blood cells" toID="T2" toText="2009-09-10" type="BEFORE" />
<TLINK id="SECTIME84" fromID="E80" fromText="the floor" toID="T2" toText="2009-09-10" type="BEFORE" />
<TLINK id="SECTIME85" fromID="E110" fromText="improved renal function" toID="T2" toText="2009-09-10" type="BEFORE" />
<TLINK id="SECTIME86" fromID="E111" fromText="oxygen requirement" toID="T2" toText="2009-09-10" type="BEFORE" />
<TLINK id="SECTIME87" fromID="E112" fromText="The somatostatin" toID="T2" toText="2009-09-10" type="BEFORE" />
<TLINK id="SECTIME88" fromID="E113" fromText="the midodrine" toID="T2" toText="2009-09-10" type="BEFORE" />
<TLINK id="SECTIME89" fromID="E114" fromText="discontinued" toID="T2" toText="2009-09-10" type="BEFORE" />
<TLINK id="SECTIME90" fromID="E2" fromText="The most recent percutaneous transluminal coronary angioplasty" toID="T1" toText="2009-08-17" type="BEFORE" />
<TLINK id="SECTIME91" fromID="E56" fromText="Lasix" toID="T2" toText="2009-09-10" type="BEFORE" />
<TLINK id="SECTIME92" fromID="E57" fromText="spironolactone" toID="T2" toText="2009-09-10" type="BEFORE" />
<TLINK id="SECTIME93" fromID="E115" fromText="started" toID="T2" toText="2009-09-10" type="BEFORE" />
<TLINK id="SECTIME94" fromID="E116" fromText="diuresis" toID="T2" toText="2009-09-10" type="BEFORE" />
<TLINK id="SECTIME95" fromID="E58" fromText="His creatinine levels" toID="T2" toText="2009-09-10" type="BEFORE" />
<TLINK id="SECTIME96" fromID="E117" fromText="trended toward normal" toID="T2" toText="2009-09-10" type="BEFORE" />
<TLINK id="SECTIME97" fromID="E59" fromText="the fractional excretion of sodium" toID="T2" toText="2009-09-10" type="BEFORE" />
<TLINK id="SECTIME98" fromID="E118" fromText="increased indicating" toID="T2" toText="2009-09-10" type="BEFORE" />
<TLINK id="SECTIME99" fromID="E119" fromText="the prerenal kidney failure" toID="T2" toText="2009-09-10" type="BEFORE" />
<TLINK id="SECTIME100" fromID="E120" fromText="discharged" toID="T2" toText="2009-09-10" type="OVERLAP" />
<TLINK id="SECTIME101" fromID="E121" fromText="good po" toID="T2" toText="2009-09-10" type="BEFORE" />
<TLINK id="SECTIME102" fromID="E60" fromText="a PICC line" toID="T2" toText="2009-09-10" type="BEFORE" />
<TLINK id="SECTIME103" fromID="E61" fromText="Rocephin" toID="T2" toText="2009-09-10" type="BEFORE" />
<TLINK id="SECTIME104" fromID="E122" fromText="help him to administer" toID="T2" toText="2009-09-10" type="BEFORE" />
<TLINK id="SECTIME105" fromID="E62" fromText="these medications" toID="T2" toText="2009-09-10" type="BEFORE" />
<TLINK id="SECTIME106" fromID="E123" fromText="the hospital" toID="T2" toText="2009-09-10" type="BEFORE" />
<TLINK id="SECTIME107" fromID="E63" fromText="initial work-up" toID="T2" toText="2009-09-10" type="BEFORE" />
<TLINK id="SECTIME108" fromID="E64" fromText="echocardiogram" toID="T2" toText="2009-09-10" type="BEFORE" />
<TLINK id="SECTIME109" fromID="E65" fromText="electrocardiogram" toID="T2" toText="2009-09-10" type="BEFORE" />
<TLINK id="SECTIME110" fromID="E66" fromText="serology studies" toID="T2" toText="2009-09-10" type="BEFORE" />
<TLINK id="SECTIME111" fromID="E124" fromText="liver transplant" toID="T2" toText="2009-09-10" type="AFTER" />
<TLINK id="SECTIME112" fromID="E3" fromText="an 8 Caucasian catheter" toID="T1" toText="2009-08-17" type="BEFORE" />
<TLINK id="SECTIME113" fromID="E4" fromText="external drainage" toID="T1" toText="2009-08-17" type="BEFORE" />
<TLINK id="SECTIME114" fromID="E5" fromText="The endoscopic retrograde cholangiopancreatography" toID="T1" toText="2009-08-17" type="BEFORE" />
<TLINK id="SECTIME115" fromID="E68" fromText="showed" toID="T1" toText="2009-08-17" type="BEFORE" />
<TLINK id="SECTIME116" fromID="E125" fromText="proximal common bile duct" toID="T1" toText="2009-08-17" type="BEFORE" />
<TLINK id="SECTIME117" fromID="E6" fromText="Nodularities in the common bile duct" toID="T1" toText="2009-08-17" type="BEFORE" />
<TLINK id="SECTIME118" fromID="E7" fromText="endoscopic retrograde cholangiopancreatography" toID="T1" toText="2009-08-17" type="BEFORE" />
<TLINK id="SECTIME119" fromID="E88" fromText="cholangiocarcinoma" toID="T1" toText="2009-08-17" type="BEFORE" />
<TLINK id="SECTIME120" fromID="E69" fromText="admitted" toID="T1" toText="2009-08-17" type="BEFORE" />
<TLINK id="SECTIME121" fromID="E70" fromText="the Blue General Surgery Service" toID="T1" toText="2009-08-17" type="BEFORE" />
<TLINK id="SECTIME122" fromID="E8" fromText="surgical interventions" toID="T1" toText="2009-08-17" type="BEFORE" />
<TLINK id="SECTIME123" fromID="E71" fromText="admitted" toID="T2" toText="2009-09-10" type="BEFORE" />
<SECTIME id="S0" start="18" end="28" text="2009-08-17" type="ADMISSION" dvalue="2009-08-17" />
<SECTIME id="S1" start="46" end="56" text="2009-09-10" type="DISCHARGE" dvalue="2009-09-10" />
</TAGS>
</ClinicalNarrativeTemporalAnnotation>
